Frame,Time,EMG_1,EMG_2,EMG_3,EMG_4,EMG_5,EMG_6
0,0,-0.0008,-0.0002,-0.0031,0.0036,-0.7628,0.3369
1,0.001,-0.0065,-0.0084,-0.0048,0.0029,0.0916,0.3989
2,0.002,-0.0102,-0.0073,-0.0111,0.005,0.8602,0.4534
3,0.003,-0.0053,-0.0061,-0.0052,0.0008,1.141,0.5013
4,0.004,-0.0048,-0.0052,-0.0015,-0.0079,1.2048,0.4389
5,0.005,-0.002,-0.0043,0.002,-0.0215,1.2594,0.6675
6,0.006,-0.0026,-0.0006,0.0036,-0.0268,0.9989,1.1323
7,0.007,0.0016,-0.0012,0.0064,-0.0114,1.4583,0.5459
8,0.008,0.0044,-0.0042,0.0111,-0.0092,2.2505,-0.0029
9,0.009,-0.0035,-0.0001,0.0115,0.0001,1.4248,-0.2186
10,0.01,-0.0045,-0.0016,0.005,0.0052,0.4717,-0.1592
11,0.011,-0.0098,-0.0012,0.0042,0.0067,0.0759,-0.2208
12,0.012,-0.0034,-0.0008,0.0111,0.0081,-0.0571,-0.1717
13,0.013,0.0008,-0.0065,0.0119,-0.0082,-0.178,-0.223
14,0.014,-0,-0.0192,0.0127,-0.0282,-0.1028,-0.8758
15,0.015,0.0006,-0.0172,0.0148,-0.0143,-0.2048,-0.5949
16,0.016,0.0022,-0.0053,0.0154,-0.0019,-1.3726,-0.0023
17,0.017,0.0026,0.0023,0.0136,0.0047,-0.8858,0.3783
18,0.018,0.003,0.0037,0.0107,-0.0013,0.1533,0.3021
19,0.019,0.0032,-0.0001,0.0102,0.0044,0.5455,0.3591
20,0.02,0.007,0.0031,0.0033,0.0061,0.6495,0.4097
21,0.021,0.0073,0.0021,0.0023,0.0046,0.7407,0.2453
22,0.022,0.0003,0.0029,-0.006,0.0086,0.8216,0.8592
23,0.023,0.0012,0.0037,-0.0049,0.0097,0.7071,0.9333
24,0.024,-0.0016,0,-0.0038,0.0042,1.447,0.384
25,0.025,0.0061,0.0007,-0.001,0.0052,1.728,-0.1123
26,0.026,0.003,0.0064,0.0085,0.0025,0.8631,-0.1793
27,0.027,-0.0055,0.007,0.0024,0.0034,-0.1712,-0.2389
28,0.028,-0.0111,0.009,0.0102,-0.0003,-0.3207,-0.2926
29,0.029,-0.0081,0.0084,0.0072,-0.0038,-0.455,-0.2455
30,0.03,-0.0036,0.0044,0.0027,-0.0106,-0.3512,-0.4631
31,0.031,0.0006,0.0038,-0.0031,-0.0003,-0.2576,-1.0534
32,0.032,-0.0002,0.0041,-0.0051,0.0011,-0.731,-0.6249
33,0.033,0.0018,-0.0006,-0.0069,0.0023,-1.6654,0.0706
34,0.034,0.0022,-0.0001,-0.0125,-0.0033,-0.7959,0.3484
35,0.035,0.0038,-0.0006,-0.0206,0.002,-0.0089,0.2603
36,0.036,0.0042,-0.0011,-0.0148,0.0012,0.4964,0.3339
37,0.037,0.0053,-0.0023,-0.0136,0.0054,0.5791,0.2605
38,0.038,0.0024,-0.0019,-0.0142,-0.0061,0.6528,0.3208
39,0.039,0.0026,-0.0016,-0.0098,-0.0077,0.565,0.9524
40,0.04,0.0064,0.0001,-0.0117,-0.0031,0.6249,0.6911
41,0.041,0.0028,0.0031,-0.0009,0.0038,1.5678,0.1462
42,0.042,0.003,-0.0026,0.0008,0.005,1.1436,-0.2061
43,0.043,0.0042,-0.0034,-0.0004,-0.0028,0.2628,-0.2696
44,0.044,0.0066,-0.0027,0.0009,-0.0018,-0.3077,-0.3262
45,0.045,0.0013,0.0008,0.0113,0.0009,-0.4125,-0.272
46,0.046,0.0019,-0.0034,0.0128,0.0018,-0.506,-0.2227
47,0.047,0.0012,-0.0017,0.0092,-0.0004,-0.5897,-0.7854
48,0.048,0.0017,-0.0012,0.0061,0.0059,-0.3573,-1.0109
49,0.049,0.0045,-0,0.0052,0.0084,-1.4046,-0.3742
50,0.05,0.003,-0.0056,0.0062,0.0032,-1.5465,0.222
51,0.051,-0.0021,-0.0003,0.0071,0.0039,-0.582,0.2992
52,0.052,0.0014,0.0032,0.0066,-0.0003,0.2917,0.3682
53,0.053,-0.0016,0.0002,-0.0039,0.0014,0.4052,0.3032
54,0.054,0,-0.0051,-0.0083,-0.0054,0.5067,0.2442
55,0.055,0.0005,-0.0043,-0.0094,-0.0062,0.598,0.5055
56,0.056,-0.0006,0.0026,-0.008,-0.0036,0.3416,1.0282
57,0.057,0.0022,0.0017,-0.0068,0.0048,0.8783,0.5329
58,0.058,-0.0028,0.0043,-0.0057,0.0016,1.6428,-0.044
59,0.059,-0.0047,0.0006,-0.0119,0.0006,0.9168,-0.2762
60,0.06,0.0022,0.0012,-0.0109,-0.0058,0.0713,-0.3455
61,0.061,0.0049,-0.0018,-0.0085,-0.01,-0.2696,-0.2806
62,0.062,-0.0009,-0.0001,-0.0007,-0.0062,-0.3722,-0.337
63,0.063,-0.0046,0.0025,0.0024,-0.0025,-0.4642,-0.2827
64,0.064,0.0019,0.0013,0.0016,-0.002,-0.547,-0.9976
65,0.065,-0.0023,0.0052,0.0042,-0.0107,-0.4673,-0.6851
66,0.066,-0,0.0037,0.0049,-0.0094,-1.5136,-0.2144
67,0.067,-0.002,0.0049,0.0084,-0.0016,-1.3557,0.2119
68,0.068,-0.0002,0.0047,0.0053,0.0015,-0.3914,0.2891
69,0.069,-0.0007,-0.001,0.0105,0.0061,0.4815,0.3582
70,0.07,-0.0001,-0.0018,0.0084,0.007,0.3686,0.2933
71,0.071,0.0003,-0.0011,0.0042,0.0063,0.4706,0.2345
72,0.072,-0.0025,-0.003,0.0036,0.0028,0.5624,0.8112
73,0.073,-0.0028,-0.0013,-0,0.0023,0.4758,0.884
74,0.074,-0.0051,-0.0029,-0.0004,-0.0017,1.3203,0.3891
75,0.075,-0.0033,-0.0013,0.0024,0.003,1.4269,-0.1872
76,0.076,-0.0014,-0.0016,-0.0034,0.0072,0.7018,-0.2647
77,0.077,0.0015,-0.0012,-0.0009,0.0032,-0.1428,-0.3341
78,0.078,0.0026,0.003,-0.0078,0.0017,-0.4824,-0.2696
79,0.079,-0.0019,0.0002,-0.0105,0.0059,-0.5837,-0.2111
80,0.08,0.0023,0.0017,-0.0047,0.0042,-0.4884,-0.578
81,0.081,-0.0005,-0.0013,-0.0025,0.0016,-0.4015,-1.0055
82,0.082,0.0043,-0.0016,-0.0046,-0.0014,-0.9383,-0.596
83,0.083,0.0013,-0.0019,-0.0017,-0.0017,-1.8434,-0.0134
84,0.084,0.0018,0.0005,-0.0001,-0.0013,-0.9661,0.2193
85,0.085,0.0004,0.0035,0.0013,0.0011,0.0564,0.289
86,0.086,0.0007,-0.0022,-0.0018,0.0001,0.4682,0.3517
87,0.087,-0.0004,-0.0047,-0.0008,0.0043,0.5919,0.2924
88,0.088,0.0053,-0.0024,-0.0044,0.0013,0.4778,0.3436
89,0.089,0.0011,-0.0004,-0.0095,0.003,0.5789,0.9632
90,0.09,0.0018,0.0026,-0.0088,-0.0018,0.4835,0.7044
91,0.091,0.0039,0.0021,-0.0106,0.0013,1.5827,0.1604
92,0.092,0.0008,0.0006,-0.0089,-0.0004,1.1255,-0.1922
93,0.093,-0.0008,0.003,-0.0052,-0.0019,0.2993,-0.2485
94,0.094,-0.0025,0.0033,-0.0025,0.0059,-0.387,-0.3121
95,0.095,-0.0009,0.0021,-0.0028,0.0114,-0.5111,-0.3694
96,0.096,-0.0021,0.0047,-0.0078,-0.0001,-0.3971,-0.2107
97,0.097,0.0008,-0.0006,-0.0121,-0.0107,-0.4986,-0.8317
98,0.098,-0.0011,-0.0043,-0.0102,-0.0176,-0.4039,-0.9133
99,0.099,-0.0014,-0.0036,0.003,-0.0062,-1.3339,-0.3697
100,0.1,-0.0011,-0.0018,0.004,-0.0107,-1.7002,0.1233
101,0.101,0.0008,-0.0013,0.003,-0.0011,-0.6764,0.1877
102,0.102,0.0001,0.0055,0.006,0.0026,0.2851,0.3609
103,0.103,-0.0006,-0.003,-0.0041,-0.0006,0.4107,0.307
104,0.104,-0.0038,-0.0019,-0.0001,0.0004,0.5231,0.2579
105,0.105,-0.0049,0.0033,0.0045,0.0049,0.6241,0.5608
106,0.106,-0.0052,-0.0012,0.0074,0.004,0.3427,0.9927
107,0.107,-0.011,-0.0004,0.0059,0.0018,0.9345,0.583
108,0.108,-0.0101,0.0003,0.01,-0.0003,1.624,-0.0001
109,0.109,-0.0048,-0.0032,0.0098,-0.002,0.9641,-0.2333
110,0.11,-0.0083,0.0025,0.01,-0.0095,0.0248,-0.3036
111,0.111,-0.0026,-0.0044,0.0075,-0.0147,-0.3503,-0.367
112,0.112,0.0026,0.0002,0.0058,-0.0174,-0.4634,-0.3083
113,0.113,-0.0009,-0.0057,0.0108,-0.0045,-0.565,-0.3602
114,0.114,-0.0026,-0.0126,0.0133,-0.0027,-0.4703,-0.9807
115,0.115,-0.0032,-0.0189,0.0148,-0.001,-0.5538,-0.7229
116,0.116,0.0046,-0.013,0.0148,0.0005,-1.7074,-0.1794
117,0.117,0.0055,-0.0045,0.0101,0.0018,-1.2055,0.1728
118,0.118,0.0024,0.0033,0.0068,0.0029,-0.1474,0.2369
119,0.119,0.0032,0.0043,0.0051,0.0061,0.2652,0.2943
120,0.12,-0.001,0.0034,0.0031,0.0071,0.3904,0.346
121,0.121,-0.0047,0.0059,0.0031,0.0025,0.5023,0.2967
122,0.122,-0.0012,0.0006,0.0022,-0.0001,0.6031,0.7737
123,0.123,0.0004,0.0026,-0.004,0.0099,0.3215,0.9617
124,0.124,0.0009,0.0083,-0.0014,0.0058,1.2524,0.3201
125,0.125,0.0024,0.0061,-0.0033,0.0046,1.6196,-0.107
126,0.126,0.0027,0.0067,-0.0026,0.0013,0.5961,-0.1854
127,0.127,-0.0002,0.0083,0.0037,0.0023,-0.0923,-0.2556
128,0.128,0.0048,0.0066,-0.0007,0.0014,-0.4672,-0.319
129,0.129,0.0041,-0.0002,0.0046,0.0005,-0.5801,-0.2604
130,0.13,0.0024,0.0025,0.0026,0.0027,-0.4771,-0.5224
131,0.131,0.0028,-0.0017,0.002,-0.008,-0.3833,-1.047
132,0.132,0.0043,0.0051,0.0021,-0.0186,-0.8064,-0.5528
133,0.133,0.0054,-0.0033,0.0027,0.0022,-1.8061,0.0243
134,0.134,0.0042,-0.0023,0.0013,0.005,-0.8434,0.257
135,0.135,0.0016,-0.0033,-0.0057,0.0076,0.0312,0.327
136,0.136,0.0061,-0.0006,-0.0099,0.0099,0.3721,0.2628
137,0.137,0.0019,0.0052,-0.0088,0.0033,0.4746,0.3201
138,0.138,0.0035,0.0045,-0.009,-0.0028,0.5668,0.3716
139,0.139,0.003,0.0052,-0.008,0.0028,0.4801,0.9923
140,0.14,-0.0031,0.0034,-0.0056,-0.0023,0.5554,0.7346
141,0.141,0.0011,0.0005,-0.0034,0.0022,1.6099,0.1918
142,0.142,-0.0011,-0.003,0.0032,0.0036,1.1579,-0.1615
143,0.143,-0.0018,0.0039,0.005,-0.0002,0.1957,-0.2268
144,0.144,-0.0002,-0.0077,0.0009,-0.0012,-0.4304,-0.2856
145,0.145,-0.0019,-0.0001,0.0013,-0.0002,-0.3198,-0.339
146,0.146,-0.0024,-0.0042,0.0044,0.0063,-0.4243,-0.1952
147,0.147,-0.0002,-0.0005,0.0064,-0.0015,-0.519,-0.7629
148,0.148,-0.0031,-0.0061,-0.0018,-0.0025,-0.4347,-0.9954
149,0.149,0.0019,-0.0031,-0.0072,0.0059,-1.2865,-0.3616
150,0.15,-0.003,-0.0077,-0.007,0.0004,-1.6273,0.0661
151,0.151,-0.0013,-0.0035,-0.0072,0.0014,-0.6997,0.3
152,0.152,-0.0008,-0.0042,-0.0052,0.0022,0.1755,0.2308
153,0.153,-0.0044,-0.0063,-0.001,-0.002,0.518,0.2957
154,0.154,-0.0056,-0.0032,-0.0002,-0.0013,0.4165,0.2381
155,0.155,0,-0.0037,-0.0002,-0.0006,0.5111,0.5026
156,0.156,-0.0022,-0.0002,0.0028,-0.0023,0.4267,1.0316
157,0.157,-0.0029,0.0041,0.0005,-0.0027,0.9687,0.5396
158,0.158,-0.0071,0.0081,0.0018,-0.0095,1.7429,-0.0373
159,0.159,-0.0007,0.0076,0.0002,-0.0068,1.022,-0.271
160,0.16,0.0019,0.0015,-0.0059,-0.0025,-0.0105,-0.3422
161,0.161,0.0012,0.0074,-0.0048,0.009,-0.4244,-0.2788
162,0.162,0.0005,-0.0026,-0.0056,0.0141,-0.5508,-0.3371
163,0.163,0.0075,0.0014,-0.0011,0.0065,-0.439,-0.2845
164,0.164,0.0048,0.0002,0.0023,-0.0004,-0.5429,-1.0052
165,0.165,0.004,0.0034,0.0022,-0.0016,-0.4499,-0.6968
166,0.166,0.0003,-0.0019,0.0051,-0.0048,-1.7271,-0.2273
167,0.167,-0.0004,-0.0046,0.0023,-0.0017,-1.1807,0.2002
168,0.168,0.0027,-0.0037,0.006,-0.0025,-0.3496,0.2791
169,0.169,-0.0014,0.0015,0.0036,-0.0067,0.4075,0.3503
170,0.17,0.0002,-0.0005,0.0036,-0.0014,0.5466,0.2871
171,0.171,-0.0001,0.0012,0.0027,-0.0062,0.4235,0.2295
172,0.172,0.0011,0.0007,0.0039,-0.0045,0.5377,0.8109
173,0.173,0.0037,0.0002,0.0014,-0.0003,0.4355,0.8887
174,0.174,-0.0009,0.0005,-0.0018,0.0033,1.2784,0.396
175,0.175,-0.0003,-0.0059,0.0039,0.0055,1.6189,-0.1812
176,0.176,-0.0008,-0.0032,0.0045,0.0026,0.6911,-0.2601
177,0.177,-0.0023,0.0046,-0.0062,0.003,-0.184,-0.3312
178,0.178,0.0028,0.0036,0.0001,0.0047,-0.2998,-0.3957
179,0.179,0.0009,0.0044,-0.0052,0.0037,-0.4044,-0.2219
180,0.18,0.0004,0.0036,-0.0047,0.0044,-0.4994,-0.4861
181,0.181,-0.0001,-0.0001,-0.0014,0.0021,-0.4149,-1.111
182,0.182,-0.0025,0.0005,0.0036,0.0011,-0.957,-0.5151
183,0.183,-0.0028,0.0022,-0.0015,0.0041,-1.8718,0.0284
184,0.184,0.0001,-0.0042,0.0037,0.0045,-0.9997,0.2411
185,0.185,0.002,-0.0033,0.003,-0.0013,0.0229,0.3062
186,0.186,-0.0004,-0.004,0.0057,-0.009,0.437,0.3651
187,0.187,-0.002,0.0024,0.0063,-0.0142,0.5635,0.3129
188,0.188,-0.0013,0.005,0.002,-0.0078,0.4517,0.2652
189,0.189,-0.003,-0.0034,-0.0043,0.0016,0.5556,0.9207
190,0.19,0.0008,0.0022,-0.0111,0.0005,0.4626,0.8275
191,0.191,-0.0007,0.0012,-0.0131,0.006,1.5696,0.2305
192,0.192,0.0015,0.0058,-0.0139,-0.0035,1.118,-0.1581
193,0.193,0.0054,0.0033,-0.0095,-0.0097,0.1564,-0.2297
194,0.194,-0.0002,0.0038,-0.011,-0.0059,-0.3202,-0.3193
195,0.195,0.0034,0.0045,-0.0073,-0.0069,-0.4467,-0.3839
196,0.196,0.0012,0.0026,-0.0084,0.0003,-0.5611,-0.2101
197,0.197,-0.0008,0.0009,-0.0136,0.0012,-0.4592,-0.7912
198,0.198,0.0011,0.0038,-0.0257,0.0037,-0.3663,-1.0238
199,0.199,-0.0006,0.0024,-0.0173,0.0015,-1.3028,-0.3902
200,0.2,0.0038,-0.0018,0.0026,0.0022,-1.677,0.2076
201,0.201,0.0033,0.0035,0.0052,0.0038,-0.6561,0.2865
202,0.202,0.0018,-0.0029,0.0075,0.0033,0.3068,0.3576
203,0.203,-0.0051,-0.0156,0.014,0.0058,0.4344,0.2943
204,0.204,-0.0021,-0.0249,0.0038,-0.0012,0.5494,0.2369
205,0.205,0.0025,-0.0028,0.002,0.0019,0.4479,0.5012
206,0.206,0.0051,0.0001,0.0104,0.0045,0.3552,1.0301
207,0.207,0.0014,-0.0025,0.0088,-0.0033,0.9517,0.5381
208,0.208,0.0021,0.0049,0.01,-0.0086,1.6491,-0.039
209,0.209,-0.001,0.0071,0.0111,0.0036,0.8069,-0.2727
210,0.21,-0.0005,0.0011,0.0078,0.0018,0.0115,-0.344
211,0.211,-0.003,0.0105,0.0067,0.0033,-0.2999,-0.2806
212,0.212,0.0001,0.0055,0.0058,0.0019,-0.3954,-0.2228
213,0.213,-0.0011,0.0132,0.01,-0.0018,-0.4815,-0.2758
214,0.214,-0.0001,0.0092,0.0092,-0.0008,-0.4048,-0.9964
215,0.215,-0.0004,-0.002,0.0141,-0.0019,-0.4751,-0.6878
216,0.216,-0.0015,0.0026,0.0145,0.0007,-1.4342,-0.2181
217,0.217,-0.0033,-0.0014,0.0139,-0.0019,-1.2975,0.2095
218,0.218,-0.0046,-0.0002,0.0061,-0.0135,-0.1737,0.2885
219,0.219,-0.0019,0.0031,-0.0042,-0.0186,0.2822,0.3597
220,0.22,-0.0016,0.0001,-0.0028,-0.014,0.422,0.2967
221,0.221,-0.0046,0.001,-0.0016,-0.0044,0.5481,0.2393
222,0.222,-0.0036,-0.0067,-0.0006,0.0018,0.4363,0.8207
223,0.223,-0.002,-0.0036,0.0004,0.0074,0.3345,0.8988
224,0.224,-0.0064,-0.0044,-0.0023,0.0043,1.3649,0.4064
225,0.225,-0.0105,0.0068,0.0003,0.007,1.5029,-0.1707
226,0.226,-0.008,0.0053,-0.0004,0.0011,0.63,-0.2494
227,0.227,-0.0092,0.0067,-0.0081,0.0004,-0.1654,-0.3205
228,0.228,-0.0036,-0.002,-0.005,0.0039,-0.2708,-0.3848
229,0.229,-0.003,-0.001,-0.0023,-0.0019,-0.553,-0.2109
230,0.23,-0.001,0,-0.0048,0.005,-0.469,-0.5804
231,0.231,0.002,-0.0008,-0.001,0.0023,-0.3922,-1.109
232,0.232,0.0049,0.0001,0.0026,-0.0002,-0.8846,-0.6167
233,0.233,0.0033,-0.0068,0.0084,0.005,-1.8443,0.0886
234,0.234,0.0055,-0.0004,0.009,0.0043,-0.8845,0.1841
235,0.235,0.0035,-0.0063,0.007,-0.0015,-0.0094,0.2706
236,0.236,0.0024,0.0006,0.0013,0.0037,0.3335,0.3488
237,0.237,0.0014,-0.004,-0.0024,0.0086,0.4385,0.2792
238,0.238,0.001,-0.0032,-0.0058,0.0055,0.5335,0.3437
239,0.239,0.0024,-0.0069,-0.0075,0.006,0.4492,0.9831
240,0.24,0.004,-0.0049,0.0013,0.0055,0.5273,0.7284
241,0.241,0.0057,-0.0066,-0.0023,0.0105,1.5823,0.1857
242,0.242,0.0062,-0.0026,0.0055,0.0041,1.1308,-0.1674
243,0.243,0.0031,-0.0021,0.0108,-0.0037,0.1691,-0.2328
244,0.244,0.0034,-0.0044,0.01,-0.0027,-0.2073,-0.2915
245,0.245,0.0009,-0.0024,0.0023,-0.0054,-0.3224,-0.3449
246,0.246,0.0032,-0.0043,0.0055,-0.0079,-0.4267,-0.2011
247,0.247,-0.0012,-0.0012,-0.0047,-0.0101,-0.5212,-0.769
248,0.248,0.0005,-0.0077,-0.0033,0.0006,-0.4366,-1.0014
249,0.249,-0.0001,-0.0069,-0.0095,0.0021,-1.4428,-0.3678
250,0.25,-0.0004,-0.0044,-0.0172,-0.0019,-1.5807,0.2299
251,0.251,-0.0025,0.0007,-0.0181,-0.0056,-0.7073,0.3091
252,0.252,-0.0044,-0.0029,-0.0172,-0.0045,0.3153,0.24
253,0.253,0.0002,0.0001,-0.0196,0.0028,0.4552,0.3048
254,0.254,-0.0003,0.0004,-0.008,-0.0018,0.5813,0.2474
255,0.255,-0.002,0.0008,0.0006,0.0025,0.4694,0.5117
256,0.256,0.0005,-0.0023,0.0113,0.0003,0.3673,1.0405
257,0.257,-0.0007,-0.0044,0.0128,0.0039,0.8356,0.5485
258,0.258,0.0032,-0.0055,0.0117,0.007,1.7726,-0.0285
259,0.259,0.0027,-0.001,0.0107,0.0054,0.9004,-0.2623
260,0.26,0.0015,0.0046,0.0055,0.0039,0.1048,-0.3334
261,0.261,0.0026,0.0039,0.001,0.007,-0.4128,-0.2699
262,0.262,0.0016,0.0017,-0.0015,0.005,-0.5084,-0.3283
263,0.263,0.0033,-0.0014,-0.0052,0.0108,-0.5949,-0.3811
264,0.264,0.0036,-0.0032,-0.0031,0.01,-0.5188,-1.0056
265,0.265,0.0043,0.0045,0.0051,0.0031,-0.5897,-0.7506
266,0.266,0.0037,0.0012,0.0042,0.0023,-1.5494,-0.2074
267,0.267,0.0038,0.0021,0.0052,-0.0072,-1.4131,0.2867
268,0.268,0.004,0.0011,0.0006,-0.0185,-0.2898,0.2243
269,0.269,0.0027,0.0053,0.0014,-0.02,0.467,0.2833
270,0.27,0.0004,-0.0018,-0.0023,-0.013,0.3319,0.3368
271,0.271,-0.0027,0.0008,-0.0059,-0.0067,0.4573,0.1931
272,0.272,0.0016,-0.0001,-0.0042,0.0036,0.5711,0.7612
273,0.273,-0.0013,0.0051,0.0045,-0.006,0.4684,0.9938
274,0.274,-0.006,0.0058,-0.0043,-0.0071,1.3108,0.3602
275,0.275,-0.0029,0.0027,-0.0012,0.0032,1.4244,-0.067
276,0.276,-0.0058,0.0043,0.0059,0.0046,0.7021,-0.3007
277,0.277,-0.0053,0.0048,0.0032,0.0058,-0.1439,-0.2314
278,0.278,-0.003,0.0035,-0.0081,-0.0019,-0.2603,-0.2961
279,0.279,-0.0018,0.0031,-0.0036,0.0012,-0.5712,-0.2386
280,0.28,-0.0075,-0.0005,-0.005,0.0004,-0.4794,-0.5028
281,0.281,-0.0016,-0.0002,0.0011,0.0046,-0.3955,-1.0316
282,0.282,-0.0053,0.0019,0.0043,0.0053,-0.9381,-0.5395
283,0.283,-0.0004,0.0022,0.0052,0.006,-1.7129,0.0378
284,0.284,0.0027,0.0039,0.0024,0.0043,-0.9927,0.2719
285,0.285,0.0011,0.0022,0.0066,0.0096,0.0395,0.3433
286,0.286,-0.0004,-0.0003,0.0058,-0.001,0.453,0.2802
287,0.287,0.0008,0.005,0.0077,-0.0056,0.5789,0.3387
288,0.288,0.0047,0.0043,0.0093,0.0013,0.4665,0.2863
289,0.289,-0,0.0008,0.0004,0.0076,0.5697,1.0073
290,0.29,0.0005,0.0013,-0.0086,-0.0027,0.4761,0.6991
291,0.291,-0.0012,-0.0004,-0.0165,-0.0014,1.5825,0.2298
292,0.292,0.0024,0.0022,-0.0219,-0.0127,1.1303,-0.1974
293,0.293,-0.0019,0.0065,-0.0193,-0.0081,0.168,-0.2762
294,0.294,0.001,0.0071,-0.0116,-0.0095,-0.2091,-0.3471
295,0.295,-0.0003,0.0025,-0.0082,-0.0033,-0.4052,-0.3137
296,0.296,0.0012,0.0011,0.0032,0.0004,-0.5199,-0.2502
297,0.297,0.0008,0.0015,0.0015,0.0036,-0.4186,-0.7733
298,0.298,0.0047,0.0036,-0.0027,-0.0059,-0.3259,-0.9845
299,0.299,-0,0.0055,0.0034,-0.0047,-1.4332,-0.4083
300,0.3,-0.0017,0.0003,-0.0023,0.0008,-1.5851,0.1351
301,0.301,-0.0012,0.0011,-0.0076,0.0039,-0.6245,0.2069
302,0.302,0.0013,0.0076,-0.0181,0.003,0.2505,0.272
303,0.303,-0.0017,0.0034,-0.0141,0.0089,0.3665,0.3305
304,0.304,-0.0006,-0.0017,-0.0105,-0.0026,0.4707,0.2781
305,0.305,-0.0024,0.0033,-0.0002,-0.0144,0.5652,0.5184
306,0.306,-0.0001,-0.0024,0.0067,-0.016,0.3103,0.9991
307,0.307,-0.0025,-0.0016,0.0054,-0.0146,0.8522,0.5514
308,0.308,0.0017,-0.0009,0.0086,-0.0059,1.6263,-0.0896
309,0.309,0.0012,-0.0013,0.0075,0.0066,0.9054,-0.3466
310,0.31,0.0041,0.0029,0.012,0.0083,0.06,-0.2706
311,0.311,-0.0037,0.0035,0.0094,0.0067,-0.2825,-0.3417
312,0.312,-0.0005,0.0005,0.0163,0.0054,-0.3876,-0.2783
313,0.313,0.0005,-0.0015,0.0097,0.0016,-0.4827,-0.3366
314,0.314,-0.0041,0.0022,-0.0015,0.0006,-0.3988,-1.0237
315,0.315,-0.01,0.0011,-0.0031,0.0016,-0.6316,-0.7433
316,0.316,-0.0094,-0.0028,0.0009,0.0043,-1.6868,-0.1465
317,0.317,-0.0058,-0.0022,0.0046,0.0017,-1.235,0.2422
318,0.318,-0.0028,0.0001,-0.0032,0.0101,-0.2733,0.3138
319,0.319,0.0012,-0.0046,-0.0022,0.0069,0.3528,0.3784
320,0.32,0.006,-0.014,0.0062,0.0079,0.4685,0.321
321,0.321,0.0042,-0.0265,0.0187,0.0032,0.5726,0.2687
322,0.322,0.0025,-0.0146,0.0204,0.0075,0.4801,0.7972
323,0.323,0.001,-0.0039,0.028,-0.001,0.3957,0.8678
324,0.324,0.0021,0.0002,0.024,-0.0043,1.4021,0.4194
325,0.325,0.0001,0.0014,0.0075,-0.0033,1.5399,-0.1055
326,0.326,-0.0003,0.0025,-0.0036,0.0013,0.6665,-0.1775
327,0.327,0,0.0015,-0.0056,-0.0013,-0.1292,-0.2426
328,0.328,0.0031,-0.0012,-0.0075,-0.0065,-0.4407,-0.3014
329,0.329,0.0027,-0.002,-0.0058,-0.0086,-0.5359,-0.2492
330,0.33,0.0024,-0.012,-0.0104,-0.0003,-0.452,-0.5858
331,0.331,0.0033,-0.0216,-0.0034,0.0029,-0.3754,-1.0668
332,0.332,0.0032,-0.0129,0.0003,0.0039,-1.0085,-0.6193
333,0.333,0.0003,-0.0026,0.0059,-0.0006,-1.7753,0.0216
334,0.334,0.0013,0.0044,0.0029,0.0019,-0.8484,0.2786
335,0.335,-0.004,0.0031,0.0003,0.0041,0.0268,0.357
336,0.336,-0.0033,0.0041,0.0063,0.0034,0.3694,0.2875
337,0.337,0.0045,0.0051,0.0026,0.0017,0.4744,0.2239
338,0.338,-0.0008,0.0005,0.0076,-0.0035,0.5695,0.2821
339,0.339,0.0019,0.003,0.0035,-0.0029,0.4854,0.9689
340,0.34,0.001,0.0052,0.0052,0.0013,0.5633,0.6883
341,0.341,0.0017,0.0031,-0.0025,0.003,1.6186,0.2613
342,0.342,-0.0003,-0.0012,0.0008,0.0066,1.167,-0.2822
343,0.343,0.0027,0.0076,0.0019,0.0023,0.2054,-0.2135
344,0.344,0.001,0.0038,-0.0008,-0.003,-0.4203,-0.2785
345,0.345,0.0036,0.0005,-0.0032,0.0006,-0.309,-0.3373
346,0.346,-0.0006,0.0014,-0.0038,-0.0036,-0.619,-0.285
347,0.347,0.0022,0.0041,-0.0031,-0.0008,-0.5264,-0.8136
348,0.348,0.0027,-0.0002,-0.0047,0.0007,-0.4417,-0.8843
349,0.349,-0.0015,0.0004,-0.0075,-0.0062,-1.4478,-0.3083
350,0.35,-0.0043,0.0038,-0.0142,-0.0156,-1.5838,0.0805
351,0.351,-0.0038,-0.0005,-0.0186,-0.0043,-0.7095,0.293
352,0.352,0.0023,-0.0023,-0.0177,0.0002,0.3119,0.3579
353,0.353,-0.0002,-0.0049,-0.0061,0.0016,0.4505,0.3007
354,0.354,0.0035,-0.0038,-0.0043,-0.0021,0.5763,0.2485
355,0.355,-0.0014,-0.001,0.0003,0.0057,0.464,0.5851
356,0.356,-0.0019,-0.0014,-0.0009,0.0004,0.3616,0.9786
357,0.357,0.0022,-0.006,0.0029,0.0031,1.0173,0.5033
358,0.358,-0.0036,0.0022,-0.0003,0.0073,1.6125,0.0544
359,0.359,-0.0013,0.0011,0.0028,0.0036,0.9145,-0.2377
360,0.36,-0.002,0.002,0.002,-0.0041,0.0699,-0.2917
361,0.361,0.0011,0.0028,0.0063,-0.0072,-0.2715,-0.3404
362,0.362,-0.0018,0.0036,0.0057,-0.0044,-0.3759,-0.2972
363,0.363,-0.0002,0.0057,0.0064,-0.0103,-0.4706,-0.3369
364,0.364,-0.0024,0.0064,-0.0005,0.0012,-0.5566,-0.8781
365,0.365,-0.002,-0.0006,-0.005,-0.0038,-0.6346,-0.8012
366,0.366,-0.0009,0.0002,-0.0008,0.0038,-1.6898,-0.1669
367,0.367,-0.0012,-0.0007,0.003,0.0052,-1.2363,0.2609
368,0.368,0.0018,0.0015,-0.0019,0.0041,-0.2749,0.185
369,0.369,0.0029,-0.0034,-0.0089,0.0073,0.3498,0.2561
370,0.37,0.0012,-0.0003,-0.0174,0,0.4642,0.3207
371,0.371,-0.0011,-0.0008,-0.0119,-0.0008,0.5679,0.2629
372,0.372,0.0008,-0.0003,0.0018,0.0051,0.4748,0.844
373,0.373,0.0002,-0.0025,-0.0002,0.0045,0.3899,0.9217
374,0.374,0.0009,0.0023,0.0014,0.0052,1.3959,0.4288
375,0.375,-0.0014,0.0018,-0.0033,0.0035,1.5316,-0.1486
376,0.376,0.0003,0.0047,0.0118,0.0007,0.6572,-0.2277
377,0.377,0.0034,0.0033,0.0177,-0.0029,-0.1381,-0.299
378,0.378,-0.0022,0.0002,0.012,-0.008,-0.4489,-0.3638
379,0.379,0.0001,0.0015,0.0102,-0.0031,-0.5442,-0.1902
380,0.38,0.0021,0.0073,0.0024,0.0012,-0.6306,-0.5602
381,0.381,0.0038,0.0064,0.0009,-0.0029,-0.3993,-1.0891
382,0.382,0.0044,0.0027,-0.0081,0.0007,-0.8922,-0.5972
383,0.383,0.0018,0.0063,-0.0115,-0.0062,-1.8513,-0.0201
384,0.384,0.003,-0.0031,-0.0147,-0.0092,-0.8902,0.2137
385,0.385,0.0042,0.0039,-0.014,-0.0028,-0.0163,0.285
386,0.386,0,-0.0023,-0.0151,-0.0002,0.3248,0.3497
387,0.387,0.0017,0.0033,-0.013,0.005,0.4287,0.2921
388,0.388,0.0013,0.0044,-0.0039,0.0086,0.5231,0.3449
389,0.389,-0.0038,0.0036,-0.0028,0.0056,0.4384,0.9695
390,0.39,-0.0018,-0.0006,0.0002,0.0028,0.5158,0.7144
391,0.391,-0.0023,0.0016,0.001,0.0076,1.5705,0.1714
392,0.392,-0.0028,0.0024,0.0016,0.0007,1.1167,-0.1819
393,0.393,-0.0012,0.0041,0.0056,0.0016,0.1549,-0.2475
394,0.394,-0.0009,0.0025,0.0032,-0.0009,-0.2207,-0.3064
395,0.395,-0.0037,0.003,0.005,0.0028,-0.3353,-0.3599
396,0.396,-0.0005,0.0037,0.0055,0.0042,-0.5485,-0.2503
397,0.397,0.0005,0.0016,-0.0042,-0.0051,-0.4467,-0.779
398,0.398,-0.0034,0.0019,-0.0085,-0.0062,-1.477,-0.9904
399,0.399,-0.0039,-0.0023,-0.0075,0.0063,-1.6143,-0.4143
400,0.4,-0.0009,0.0007,-0.0155,0.0148,-0.4917,0.1292
401,0.401,-0.0006,-0.004,-0.0105,0.0041,0.2643,0.201
402,0.402,-0.0031,-0.0023,-0.0098,0.0001,0.4036,0.2658
403,0.403,0.0001,0.0018,-0.0005,-0.0087,0.5299,0.3244
404,0.404,-0.0038,0.0003,0.0056,-0.0055,0.6445,0.2718
405,0.405,0.004,0.0015,0.0133,-0.0002,0.3369,0.416
406,0.406,0.0007,-0.0024,0.0101,0.0007,0.9931,0.8967
407,0.407,0.0017,-0.0071,0.0054,0.0015,1.5895,0.5767
408,0.408,0.0026,-0.0029,-0.0025,0.0022,0.8929,0.0518
409,0.409,-0,-0.0057,-0.0036,0.0016,0.0489,-0.1608
410,0.41,-0.0022,-0.0042,-0.0102,-0.0042,-0.2925,-0.226
411,0.411,-0.0087,0.0001,-0.0025,-0.0127,-0.3965,-0.2849
412,0.412,-0.0112,-0.004,-0.0141,-0.0159,-0.4911,-0.2328
413,0.413,-0.006,-0.0055,-0.0127,-0.0086,-0.4069,-0.2813
414,0.414,-0.0067,-0.0124,-0.0087,-0.0059,-0.6394,-0.9368
415,0.415,0.0015,-0.0261,0.0025,-0.0017,-1.6947,-0.8436
416,0.416,0.0025,-0.0205,0.004,-0.0054,-1.2422,-0.0764
417,0.417,0.0035,-0.0087,0.0136,0.0024,-0.2808,0.234
418,0.418,-0.0011,-0.0011,0.0223,0.0076,0.3445,0.3289
419,0.419,0.0014,-0.0024,0.0212,0.0012,0.4601,0.4147
420,0.42,0.0007,-0.0113,0.0222,0.0021,0.5647,0.338
421,0.421,0,-0.0216,0.023,-0.0064,0.4726,0.2681
422,0.422,0.0005,-0.0091,0.0152,-0.0054,0.3885,0.8436
423,0.423,0.0034,0.0027,0.0182,0.004,1.3952,0.9214
424,0.424,-0.0002,0.0073,0.0228,0.0052,1.5328,0.4287
425,0.425,0.0001,0.0032,0.015,0.0129,0.6599,-0.1485
426,0.426,0.0048,0.012,-0.0007,0.0099,-0.1348,-0.2275
427,0.427,0.0031,0.0109,-0.0119,0.0053,-0.445,-0.2988
428,0.428,0.0047,0.0079,-0.0017,0.0061,-0.5397,-0.3634
429,0.429,0.0011,0.0087,0.0002,0.0039,-0.6258,-0.3059
430,0.43,0.0041,0.0129,0.0054,0.0018,-0.3943,-0.57
431,0.431,0.0012,0.0135,0.0131,-0.0077,-1.0278,-1.0989
432,0.432,0.003,0.0114,0.0062,-0.0063,-1.7941,-0.6067
433,0.433,-0.0009,0.0044,0.0026,-0.0001,-0.8664,-0.0295
434,0.434,-0.0014,0.0052,-0.0076,-0.0011,0.0078,0.2045
435,0.435,-0.0003,0.006,-0.0227,-0.0001,0.3497,0.2759
436,0.436,0.0017,0.0038,-0.0247,-0.0066,0.4545,0.3408
437,0.437,-0.0002,-0.0012,-0.0115,-0.0125,0.5496,0.2836
438,0.438,-0.0019,-0.0043,0.0038,-0.0162,0.4658,0.3367
439,0.439,0.0011,-0.0026,0.0182,-0.0212,0.544,0.9617
440,0.44,-0.0047,0.0009,0.0164,-0.0154,1.5995,0.7069
441,0.441,-0.0038,0.0005,0.0183,-0.004,1.1474,0.1642
442,0.442,0.0014,0.0007,0.0046,0.0045,0.1865,-0.1889
443,0.443,-0.0035,0.0025,-0.0045,0.012,-0.4382,-0.2541
444,0.444,0.0034,0.0001,-0.0026,0.0051,-0.3266,-0.3127
445,0.445,-0.0012,0.0004,0.0021,0.0088,-0.4304,-0.366
446,0.446,0.003,0.0017,-0.0018,0.0077,-0.525,-0.2221
447,0.447,0.0052,0.0018,-0.0005,0.0046,-0.4404,-0.7898
448,0.448,0.0059,-0.002,0.0007,0.0092,-1.4467,-1.0222
449,0.449,0.0001,0.0005,-0.0043,0.01,-1.5846,-0.3883
450,0.45,0.0038,-0.0008,-0.0106,0.0078,-0.711,0.2096
451,0.451,0.0018,-0.0028,-0.0026,0.0029,0.3119,0.2888
452,0.452,-0.0025,-0.0039,-0.0119,-0.0002,0.452,0.3601
453,0.453,-0.0008,0.0013,-0.018,-0.0066,0.5783,0.297
454,0.454,-0.0043,-0.004,-0.021,0.0028,0.4666,0.2397
455,0.455,-0.0001,-0.0005,-0.0178,0.0065,0.3649,0.6099
456,0.456,0.0028,-0.0022,-0.0035,-0.0013,1.0207,1.0427
457,0.457,-0.003,-0.0017,0.0069,-0.0003,1.6173,0.5199
458,0.458,0.0039,0.003,0.0014,0.0061,0.9208,0.0264
459,0.459,-0.0006,0.0013,0.0033,0.0019,-0.1118,-0.2947
460,0.46,0.0036,0.0007,-0.0011,0.0056,-0.2513,-0.2375
461,0.461,0.0014,0.0032,0.0087,0.0062,-0.3774,-0.2907
462,0.462,-0.0021,0.001,0.0101,0.002,-0.4916,-0.2429
463,0.463,0.0009,-0.0029,-0.0023,-0.0033,-0.3894,-0.3737
464,0.464,-0.0019,-0.0055,-0.0038,-0.0069,-0.4831,-0.9691
465,0.465,-0.0034,-0.0067,0.0009,-0.0052,-1.76,-0.7141
466,0.466,-0.0037,-0.0028,-0.003,-0.0023,-1.2132,-0.1711
467,0.467,-0.0016,-0.0013,0.0034,-0.0008,-0.3815,0.1824
468,0.468,-0.0067,0.0018,-0.002,-0.0004,0.3757,0.2477
469,0.469,-0.0002,0.0022,-0.0049,0.0061,0.5153,0.3066
470,0.47,0.0007,0.0003,-0.0002,0.0052,0.6414,0.3601
471,0.471,0.0014,0.002,0.0077,0.0112,0.5294,0.2162
472,0.472,0.0021,-0.0023,0.0048,0.0027,0.4273,0.7842
473,0.473,0.0005,-0.004,0.0171,-0.005,1.4576,0.862
474,0.474,0.001,-0.0034,0.0121,-0.0019,1.5956,0.3691
475,0.475,0.0078,0.0009,0.0076,-0.0027,0.473,-0.0804
476,0.476,0.0052,0.0014,-0.0049,-0.0122,-0.2838,-0.2565
477,0.477,0.0044,0.003,-0.0133,-0.0085,-0.4235,-0.3103
478,0.478,0.0007,0.0091,-0.0208,-0.0095,-0.5494,-0.3593
479,0.479,0.0028,0.0014,-0.0194,0,-0.4373,-0.229
480,0.48,-0.0013,0.0024,-0.0156,0.0012,-0.3349,-0.5865
481,0.481,-0.0089,0.0033,-0.0211,-0.002,-0.9905,-1.0195
482,0.482,-0.0016,0.0025,-0.0116,-0.003,-1.7572,-0.6129
483,0.483,0.0012,0.0033,-0.0002,-0.0057,-0.8299,0.0755
484,0.484,0.0038,0.0013,0.0045,0.0002,0.0455,0.1708
485,0.485,0.0017,-0.0003,0.0086,0.0024,0.3883,0.2568
486,0.486,-0.0018,-0.0019,0.0074,0.0031,0.4934,0.3348
487,0.487,-0.0035,-0.0034,0.0085,0,0.5885,0.2651
488,0.488,-0.0005,-0.0003,0.0055,0.0064,0.5047,0.3292
489,0.489,-0.001,0.0036,-0.0085,0.009,0.5827,0.9685
490,0.49,-0.0021,0.0062,-0.0105,0.0053,1.6382,0.7135
491,0.491,-0.0001,0.0032,-0.0012,0.0046,1.1867,0.1704
492,0.492,-0.0004,0.0012,0.0073,0.0029,0.2252,-0.1831
493,0.493,-0.0013,0.0023,0.0088,-0.0058,-0.4004,-0.2486
494,0.494,-0.0017,0.002,0.0157,-0.0046,-0.2892,-0.3077
495,0.495,0.0026,0.0031,0.0069,-0.0014,-0.5987,-0.3614
496,0.496,-0.0004,0.0018,-0.0034,-0.0086,-0.5059,-0.2179
497,0.497,0.0032,-0.0031,0.0027,-0.0022,-0.375,-0.8314
498,0.498,0.0037,0.0003,-0.0042,0.0005,-1.4817,-0.9631
499,0.499,0.0052,0.0001,-0.0005,-0.0054,-1.6329,-0.3672
500,0.5,0.0056,0.0004,-0.0037,-0.0002,-0.6716,0.2303
501,0.501,0.0036,-0.0037,-0.0007,0.0034,0.2039,0.3091
502,0.502,0.0032,-0.0054,-0.0015,-0.0049,0.3205,0.2396
503,0.503,0.0049,-0.0048,0.001,-0.0017,0.4252,0.304
504,0.504,0.0032,-0.0017,-0.0059,0.0078,0.5203,0.2461
505,0.505,0.0025,0.0003,-0.0013,0.0066,0.4361,0.5101
506,0.506,-0.0003,-0.0021,0.0099,0.0055,0.9785,1.0388
507,0.507,-0.0022,0.0031,0.0084,0.0003,1.7531,0.5463
508,0.508,-0.0032,0.0025,0.0044,-0.0025,0.8262,-0.0311
509,0.509,-0.0022,0.0032,-0.0069,0.0018,-0.0483,-0.2653
510,0.51,-0.0065,0.0028,-0.0054,0.007,-0.3907,-0.337
511,0.511,-0.0035,0.0045,0.0016,0.0021,-0.4953,-0.4018
512,0.512,-0.0076,0.002,-0.0021,0.0051,-0.59,-0.2284
513,0.513,-0.0081,0.0024,-0.001,-0.0014,-0.5059,-0.2817
514,0.514,-0.0051,-0.004,0.0043,-0.0022,-0.5836,-1.0029
515,0.515,-0.0012,-0.0013,0.0051,-0.003,-1.639,-0.6949
516,0.516,-0.0008,-0.0071,0.0094,-0.0136,-1.1873,-0.0386
517,0.517,0.0004,0.0014,0.0042,-0.0182,-0.2255,0.2181
518,0.518,-0.0044,-0.0018,0.0022,-0.0086,0.4004,0.2964
519,0.519,-0.0087,-0.0028,0.0116,-0.0075,0.5159,0.367
520,0.52,-0.0023,-0.0019,0.0103,0.0003,0.6201,0.3034
521,0.521,-0.0049,-0.0045,0.0015,-0.0112,0.5275,0.2456
522,0.522,-0.0012,-0.0022,0.0026,-0.0066,0.4427,0.8264
523,0.523,-0.0006,0.0042,-0.0004,0.0059,1.4488,0.904
524,0.524,-0.0037,0.0051,-0.005,0.0076,1.5864,0.4109
525,0.525,0.0003,-0.0018,-0.0092,0.0091,0.7127,-0.1665
526,0.526,-0.0075,-0.0027,-0.0161,0.005,-0.3103,-0.2456
527,0.527,-0.0179,0.0016,-0.0076,0.0087,-0.4505,-0.317
528,0.528,-0.0083,-0.0006,-0.0066,0.0031,-0.5768,-0.3819
529,0.529,-0.0046,-0.0026,-0.0036,-0.0022,-0.465,-0.2084
530,0.53,0.0009,-0.0084,-0.0044,0.0042,-0.363,-0.5784
531,0.531,-0.0064,-0.0199,-0.0035,0.0137,-1.0189,-1.1074
532,0.532,-0.0038,-0.0216,-0.0087,0.0149,-1.7861,-0.6154
533,0.533,0.004,-0.0077,-0.0066,-0,-0.8596,0.0896
534,0.534,0.0029,-0.0021,-0.0035,-0.0021,0.0153,0.185
535,0.535,0.0074,0.0029,0.0007,-0.0002,0.3577,0.271
536,0.536,0.0031,0.0044,0.0055,0.0083,0.462,0.3491
537,0.537,0.0083,0.0057,0.0125,-0.0087,0.5563,0.2794
538,0.538,0.0018,0.0069,0.008,-0.0153,0.4719,0.3435
539,0.539,0.006,-0.0009,0.0055,-0.0092,0.5494,0.9829
540,0.54,0.0081,0.0063,0.0077,0.0001,1.6043,0.728
541,0.541,0.006,0.0055,0.0142,0.0018,1.1521,0.185
542,0.542,0.009,0.0046,0.0185,0.0064,0.1899,-0.1683
543,0.543,0.0061,0.0008,0.007,-0.0006,-0.4365,-0.2337
544,0.544,0.0065,0.0043,0.0054,0.0006,-0.326,-0.2926
545,0.545,0.0053,0.0048,-0.0022,0.0062,-0.4307,-0.346
546,0.546,0.0055,0.0043,-0.0062,-0.0011,-0.5259,-0.2024
547,0.547,-0.0003,0.0027,-0.0049,-0.0002,-0.442,-0.8576
548,0.548,0.0005,0.0038,0.0029,-0.0028,-1.4486,-0.9516
549,0.549,0.0012,-0.0026,0.0019,-0.0021,-1.5869,-0.355
550,0.55,-0.0009,0,-0.0026,-0.0014,-0.7139,0.1886
551,0.551,0.0021,0.0008,-0.0104,-0.0044,0.3086,0.2607
552,0.552,0.0026,-0.003,-0.0031,0.0044,0.4479,0.3256
553,0.553,0.0021,-0.0024,-0.0094,0.0007,0.5735,0.2682
554,0.554,0.0051,0.0006,-0.0119,0.0017,0.4611,0.2161
555,0.555,-0.0013,0.0035,-0.0067,0.009,0.3586,0.5527
556,0.556,0.0014,0.0029,-0.0017,0.0045,1.014,1.0336
557,0.557,0.0005,-0.0002,0,-0.0032,1.6102,0.5861
558,0.558,0.0012,0.001,0.0018,-0.0002,0.9135,-0.0547
559,0.559,-0.0024,-0.0016,0.0013,0.0026,0.0677,-0.3116
560,0.56,0.0018,-0.0062,-0.0018,0.0017,-0.2753,-0.2352
561,0.561,-0.001,-0.0021,-0.0056,-0.0004,-0.3804,-0.3061
562,0.562,-0.0005,0.0032,-0.0041,-0.0024,-0.4756,-0.2426
563,0.563,0.0007,-0.0017,0.0002,0.0006,-0.3917,-0.3007
564,0.564,-0.0013,-0.0048,0.003,0.0002,-0.6245,-0.9875
565,0.565,0.0044,-0.0008,0.0109,0.0017,-1.6799,-0.7069
566,0.566,0.0019,0.0007,0.0141,0.0048,-1.2284,-0.1096
567,0.567,-0.0002,0.0038,0.0111,-0.0016,-0.2667,0.2793
568,0.568,-0.0037,-0.0002,0.0008,-0.0061,0.3592,0.2106
569,0.569,0.0006,-0.0007,-0.0061,-0.0069,0.4745,0.2754
570,0.57,0.0011,-0.0029,0.0002,-0.0047,0.5782,0.3342
571,0.571,-0.0024,0.0018,0.0034,-0.0082,0.4856,0.1764
572,0.572,-0.0011,0.0023,0.0044,-0.0024,0.4008,0.8012
573,0.573,-0.0031,0.0017,0.009,-0.003,1.4066,0.8868
574,0.574,-0.0011,-0.0018,0.0082,0.0048,1.5443,0.3446
575,0.575,-0.0007,-0.0031,0.0029,0.0018,0.6706,-0.1491
576,0.576,-0.0023,-0.0019,0.0009,0.0045,-0.3524,-0.2145
577,0.577,-0.0021,0.0016,-0.0034,0.0054,-0.4926,-0.2734
578,0.578,-0.0027,0.0004,-0.0075,0.0002,-0.6191,-0.3267
579,0.579,-0.0028,0.0016,-0.0142,-0.0004,-0.5075,-0.2789
580,0.58,-0.0055,0.0058,-0.0188,0.0013,-0.4058,-0.5846
581,0.581,-0.0019,-0.0018,-0.0128,0.0042,-0.8744,-1.1008
582,0.582,0.0012,0.0012,-0.0076,0.0017,-1.8119,-0.6085
583,0.583,-0.0007,-0.0015,-0.0012,-0.0005,-0.9398,0.0969
584,0.584,-0.0003,0.0044,-0.0003,-0.0001,0.0826,0.1924
585,0.585,0.0002,0.0006,0.0019,-0.0005,0.4964,0.2788
586,0.586,0.0047,0.0013,0.0068,0.0034,0.3734,0.3571
587,0.587,0.0064,0.0044,0.0026,0.0029,0.4874,0.2877
588,0.588,0.008,-0.0032,0.0067,0.0007,0.3854,0.352
589,0.589,0.0111,0.002,0.0082,0.0072,0.6665,0.9916
590,0.59,0.0048,-0.0026,0.0112,0.0045,1.603,0.7369
591,0.591,0.0057,0.0033,0.0064,-0.0014,1.2297,0.194
592,0.592,0.0049,0.0071,-0.003,-0.0036,0.2077,-0.1591
593,0.593,-0.0002,-0.0036,-0.0044,-0.0043,-0.2068,-0.2243
594,0.594,0.0034,0.001,-0.0107,-0.0086,-0.3336,-0.283
595,0.595,0.0029,0.0023,-0.0075,-0.0021,-0.4481,-0.3361
596,0.596,0.0001,0.0011,-0.0045,0.0107,-0.552,-0.2882
597,0.597,-0.0034,-0.0021,0.0057,-0.0023,-0.459,-0.856
598,0.598,-0.0027,0.0018,0.0055,-0.0051,-1.4249,-0.9547
599,0.599,-0.0088,0.0048,0.0096,-0,-1.6812,-0.412
600,0.6,-0.0062,0.0056,0.0058,0.0015,-0.5191,0.2231
601,0.601,-0.004,0.0031,-0.002,-0.0082,0.3131,0.31
602,0.602,-0.006,0.0008,-0.005,-0.0094,0.4668,0.2337
603,0.603,-0.0043,-0.0012,-0.0042,-0.0083,0.6054,0.3048
604,0.604,-0.0072,-0.007,-0.0051,-0.0053,0.482,0.2413
605,0.605,-0.0037,-0.0001,0.0033,-0.0045,0.3694,0.5319
606,0.606,-0.0006,-0.0009,0.0065,-0.0037,0.8845,1.0079
607,0.607,-0.0003,-0.0035,0.0117,0.0047,1.7278,0.5603
608,0.608,-0.0013,0.0017,0.0053,0.0037,0.9346,-0.0804
609,0.609,0.0003,-0.0047,-0.0007,-0.0037,0.0051,-0.1672
610,0.61,-0.0027,-0.0142,0.0063,0.0027,-0.3713,-0.2457
611,0.611,-0.0002,-0.0255,-0.0002,-0.0032,-0.4863,-0.3167
612,0.612,0.0001,-0.0149,0.0007,0.002,-0.5905,-0.2532
613,0.613,-0.0016,-0.0024,-0.0001,0.004,-0.498,-0.3115
614,0.614,-0.0015,-0.0041,-0.0036,-0.0002,-0.5837,-0.9985
615,0.615,-0.0022,0.0035,-0.0131,-0.0091,-1.745,-0.7182
616,0.616,0.001,0.0048,-0.0062,-0.0128,-1.2482,-0.1212
617,0.617,-0.0038,0.0036,-0.0074,-0.0096,-0.1907,0.2674
618,0.618,0.0004,0.0026,0.0003,-0.0002,0.4976,0.1984
619,0.619,0.0009,0.0056,0.0033,0.0009,0.3753,0.2628
620,0.62,-0.007,0.0048,0.0006,0.0134,0.4899,0.3213
621,0.621,-0.0148,0.0039,-0.0054,0.0116,0.5939,0.2687
622,0.622,-0.0076,0.0076,-0.0032,0.007,0.3136,0.797
623,0.623,-0.0031,0.0056,0.0045,0,1.4204,0.8676
624,0.624,0.0011,0.0026,0.0076,-0.0037,1.572,0.2911
625,0.625,-0.0011,-0.0003,0.014,0.0066,0.6111,-0.0978
626,0.626,-0.0061,0.0022,0.0062,-0.0004,-0.2641,-0.3104
627,0.627,-0.0045,0.001,0.001,-0.0016,-0.3801,-0.3755
628,0.628,-0.004,-0.001,-0.0074,0.0016,-0.4846,-0.3185
629,0.629,-0.0005,0.0015,-0.0042,-0.0057,-0.5793,-0.2666
630,0.63,0.0006,-0.0002,-0.0032,-0.0012,-0.3247,-0.6034
631,0.631,0.0034,0.0002,0.0014,0.0047,-1.0213,-1.0845
632,0.632,0.0037,0.0027,-0.0011,0.004,-1.8644,-0.5093
633,0.633,0.0089,0.0004,-0.0095,0.0089,-0.8448,0.0338
634,0.634,0.0066,0.0014,-0.0039,0.0071,0.1179,0.2462
635,0.635,0.003,0.0007,0.0056,0.0007,0.4948,0.311
636,0.636,0.0047,-0.0032,0.0119,0.0015,0.3837,0.3696
637,0.637,0.0029,-0.0003,0.0087,-0.0007,0.4877,0.3171
638,0.638,0.0004,0.0033,0.0118,-0.0114,0.3953,0.3651
639,0.639,0.0007,0.0011,0.011,-0.0068,0.6512,1.0201
640,0.64,0.0027,0.0015,-0.0018,0.0028,1.658,0.7393
641,0.641,0.0001,0.0005,-0.0223,0.0116,1.2474,0.142
642,0.642,0.0017,-0.0012,0.0024,0.0083,0.124,-0.247
643,0.643,0.0034,-0.0001,0.0188,0.0052,-0.3312,-0.3189
644,0.644,0.0032,-0.0031,0.0159,-0.0012,-0.4701,-0.3841
645,0.645,0.0048,-0.0019,0.0133,-0.0038,-0.5959,-0.327
646,0.646,0.0036,0.0017,0.0009,0.0031,-0.4837,-0.275
647,0.647,0.0059,0.002,-0.0102,0.0023,-0.3815,-0.9001
648,0.648,0.0008,0.0041,-0.0203,-0.002,-1.4114,-0.9861
649,0.649,0.0014,0.0052,-0.0221,-0.0026,-1.5491,-0.2892
650,0.65,0.0019,0.0055,-0.0103,-0.0091,-0.6756,0.1804
651,0.651,0.0047,0.0039,0.0067,-0.0032,0.3474,0.2669
652,0.652,0.0032,-0.0003,0.0089,0.0021,0.4872,0.3448
653,0.653,0.0043,-0.006,0.011,0.007,0.6135,0.4154
654,0.654,0.0046,0.0025,0.0129,0.0039,0.5017,0.2239
655,0.655,-0.0011,-0.0053,0.0112,0.0056,0.3996,0.5143
656,0.656,0.0014,0,-0.0056,0.0031,1.0555,0.9899
657,0.657,-0.0008,-0.0008,-0.0122,0.0001,1.6522,0.5421
658,0.658,-0.0001,0.0035,-0.0061,0.0013,0.801,0.0172
659,0.659,-0.0018,-0.0001,-0.0004,-0.0045,0.0054,-0.1956
660,0.66,-0.0023,0.0048,-0.0021,-0.0139,-0.3059,-0.2608
661,0.661,0.0013,0.0006,0.0118,-0.0102,-0.4012,-0.3197
662,0.662,-0.0017,0.0035,-0.0086,-0.0112,-0.4874,-0.2676
663,0.663,-0.0014,0.0011,-0.0059,-0.0102,-0.4108,-0.3159
664,0.664,-0.001,0.0015,0.0114,0.0002,-0.6218,-0.9712
665,0.665,0.0007,-0.0023,0.027,0.0015,-1.581,-0.6908
666,0.666,0.0045,0.0003,0.0209,0.0103,-1.1702,-0.0937
667,0.667,0.0015,-0.0038,0.0116,0.0093,-0.2956,0.2951
668,0.668,-0.0032,-0.0009,-0.0036,0.0063,0.2741,0.2261
669,0.669,-0.0001,-0.0023,-0.0015,0.0072,0.3795,0.2908
670,0.67,-0.0006,-0.0026,0.0041,0.0065,0.4745,0.3494
671,0.671,-0.0031,-0.0013,-0.0043,-0.0004,0.5606,0.1913
672,0.672,-0.0027,-0.0016,-0.0119,-0.0031,0.3292,0.816
673,0.673,-0.0014,0.0017,-0.0215,0.0029,1.3843,0.9015
674,0.674,0.0029,0.0014,-0.0203,-0.0055,1.5359,0.3592
675,0.675,0.0012,0.0011,-0.0234,-0.0066,0.575,-0.1346
676,0.676,0.0018,0.0008,-0.0119,-0.0076,-0.3003,-0.2001
677,0.677,-0.0012,-0.0009,-0.0073,-0.0067,-0.416,-0.259
678,0.678,0.0036,-0.0016,-0.0087,-0.0008,-0.5204,-0.3125
679,0.679,-0.0021,-0.0009,-0.0024,0.0014,-0.615,-0.2649
680,0.68,-0.0027,0.0018,-0.0014,0.0092,-0.3605,-0.5706
681,0.681,-0.0033,0.0001,0.0016,0.0062,-0.9025,-1.0869
682,0.682,0.001,-0.0029,0.0025,0.0108,-1.8176,-0.5946
683,0.683,-0.0065,-0.0019,0.0033,-0.002,-0.9454,-0.0169
684,0.684,-0.0012,-0.0043,0.0026,-0.0076,0.0771,0.2174
685,0.685,0.0016,-0.0032,-0.0053,-0.0092,0.4913,0.289
686,0.686,-0.0078,-0.0007,-0.0084,-0.0016,0.3687,0.354
687,0.687,-0.0041,0.0003,0.0056,-0.003,0.483,0.2968
688,0.688,0.0038,-0.0015,0.024,0.0007,0.381,0.3499
689,0.689,0.0048,-0.0008,0.0264,0.0039,0.6621,0.9748
690,0.69,0.0003,-0.0047,0.0242,0.0029,1.5987,0.72
691,0.691,0.0012,-0.0042,0.01,0.0021,1.2255,0.1772
692,0.692,-0.0057,-0.0018,0.0044,-0.0004,0.2038,-0.176
693,0.693,0.0007,-0.0015,-0.0007,0.0065,-0.2106,-0.2411
694,0.694,0.0033,-0.0012,0.0009,0,-0.3374,-0.2997
695,0.695,0.0086,0.0006,-0.0032,-0.0008,-0.4519,-0.3529
696,0.696,0.005,-0.0026,-0.0069,0.0029,-0.5561,-0.209
697,0.697,0.0033,0.0012,-0.0058,-0.002,-0.4631,-0.864
698,0.698,-0.0007,-0.0014,0.0038,-0.0038,-1.3997,-0.9579
699,0.699,-0.0016,-0.0026,0.0023,-0.0033,-1.5996,-0.3479
700,0.7,0.002,0.0015,-0.0039,0.0008,-0.4768,0.2502
701,0.701,0.0008,-0.0002,-0.0094,0.0043,0.2802,0.1749
702,0.702,0.0004,-0.0018,-0.0166,0.0065,0.4198,0.2463
703,0.703,-0.0021,0.0012,-0.0062,0.0001,0.5458,0.3113
704,0.704,-0.0025,0.0023,-0.0021,-0.0102,0.4338,0.254
705,0.705,-0.0015,-0.0036,0.0043,-0.0061,0.3314,0.5184
706,0.706,-0.0029,-0.0045,0.0033,-0.0024,0.9871,1.0474
707,0.707,-0.0022,-0.0039,0.0043,0.0031,1.7539,0.5555
708,0.708,-0.0039,0.001,-0.0002,0.0021,0.8266,-0.0214
709,0.709,-0.0072,0.0014,-0.0044,0.0048,-0.0484,-0.2551
710,0.71,-0.0042,0.0042,-0.0113,0.0005,-0.3911,-0.3262
711,0.711,-0.0013,-0.0036,0.0027,0.0012,-0.4957,-0.3905
712,0.712,-0.0003,-0.0208,0.0089,-0.0024,-0.5908,-0.3329
713,0.713,-0.0056,-0.0233,0.0033,0.0018,-0.5068,-0.3857
714,0.714,-0.005,-0.0078,0.0084,-0.0058,-0.5848,-1.0103
715,0.715,-0.003,0.0063,0.013,-0.0069,-1.6403,-0.7553
716,0.716,-0.0025,0.0007,0.0034,-0.0096,-1.1889,-0.0574
717,0.717,0.0003,-0.0011,-0.0003,-0.0173,-0.227,0.2254
718,0.718,-0.0023,0.0034,0.01,-0.0143,0.3988,0.3119
719,0.719,-0.0035,0.002,0.0031,-0.0079,0.5138,0.39
720,0.72,-0.0015,0.0081,-0.0057,-0.0001,0.6177,0.3205
721,0.721,-0.0006,0.0049,-0.0112,0.0051,0.5248,0.2571
722,0.722,0.0026,0.0078,-0.004,0.006,0.4403,0.7803
723,0.723,0.0029,0.0051,-0.0013,0.0118,1.4463,0.851
724,0.724,0.0064,0.0076,0.0012,0.0096,1.5839,0.4027
725,0.725,0.0033,0.0068,0.0096,0.0089,0.4609,-0.122
726,0.726,-0.0006,0.0146,0.0086,0.0072,-0.2964,-0.1937
727,0.727,-0.0002,0.0115,0.0096,0.0019,-0.4362,-0.2585
728,0.728,-0.0071,0.005,0.0105,0.0012,-0.5624,-0.3171
729,0.729,-0.0102,0.0041,0.0114,-0.0046,-0.4505,-0.2646
730,0.73,-0.0057,-0.0012,0.0077,-0.0068,-0.3485,-0.601
731,0.731,-0.0066,-0.0019,0.0184,0.001,-1.0043,-1.1692
732,0.732,-0.0045,0.0023,0.0354,-0.0021,-1.7713,-0.6273
733,0.733,0.0019,0.0018,0.0333,0.0025,-0.8444,0.0075
734,0.734,0.0027,0.0066,0.0108,0.0016,0.0305,0.2646
735,0.735,0.0033,-0.0004,0.002,0.0069,0.373,0.3432
736,0.736,0.0082,0.0023,-0.0007,0.0104,0.4778,0.4142
737,0.737,0.0065,-0.0002,-0.013,0.0047,0.5724,0.3509
738,0.738,0.0047,0.002,-0.0241,-0.0068,0.4881,0.4093
739,0.739,-0,-0,-0.0302,-0.0119,0.5657,0.9906
740,0.74,-0.0031,0.003,-0.0171,0.005,1.6209,0.7588
741,0.741,0.0021,-0.001,-0.0154,0.0116,1.1691,0.1245
742,0.742,0.0099,0.0015,-0.023,0.0096,0.2073,-0.3029
743,0.743,0.0108,0.0019,-0.0022,0.0077,-0.4188,-0.2269
744,0.744,0.01,-0.0028,-0.0171,0.0026,-0.3078,-0.2978
745,0.745,0.004,0.003,-0.0472,0.0011,-0.6177,-0.3623
746,0.746,0.0062,-0.0022,-0.0434,-0.0003,-0.5254,-0.1883
747,0.747,0.0013,-0.0001,-0.018,-0.0065,-0.4409,-0.8751
748,0.748,0.0017,-0.0043,-0.0148,-0.001,-1.4472,-0.9691
749,0.749,0.0012,0.0045,-0.0236,-0.0125,-1.585,-0.3724
750,0.75,0.0037,-0.0017,-0.01,-0.0201,-0.4622,0.1712
751,0.751,0.0025,-0.0006,-0.0028,-0.0104,0.295,0.2432
752,0.752,-0.0004,-0.0058,0.0037,-0.0067,0.4349,0.308
753,0.753,0.0021,0.0007,0.0138,0.0036,0.5609,0.3668
754,0.754,-0.0025,-0.0001,0.0193,0.0076,0.449,0.2089
755,0.755,-0.002,-0.0053,0.0176,0.0064,0.3468,0.5455
756,0.756,-0.0048,-0.0059,0.0191,0.0075,1.0023,1.0264
757,0.757,-0.0013,-0.0001,0.0151,0.0105,1.5989,0.5789
758,0.758,-0.0017,-0.0038,0.0188,0.0041,0.9024,-0.062
759,0.759,-0.0013,0.0041,0.0199,0.0015,-0.1302,-0.319
760,0.76,-0.0024,0.0011,0.0147,-0.0099,-0.2698,-0.2428
761,0.761,-0.0013,0.0039,0.0194,-0.0048,-0.3959,-0.3137
762,0.762,-0.0017,0.0031,0.0117,-0.0003,-0.5101,-0.2502
763,0.763,-0.0042,0.0054,0.0044,0.0038,-0.4078,-0.3084
764,0.764,-0.0003,0.0061,0.0053,0.0001,-0.5016,-0.9952
765,0.765,-0.0018,0.0019,0.0131,-0.0054,-1.7784,-0.7145
766,0.766,-0.0006,0.0003,0.0058,-0.0064,-1.2313,-0.1173
767,0.767,0.0023,0.0009,0.005,-0.0072,-0.0677,0.2717
768,0.768,-0.0012,-0.0002,0.0024,-0.0047,0.388,0.2031
769,0.769,0.0018,-0.0021,0.0046,0.0054,0.5278,0.268
770,0.77,0.0022,-0.0045,0.0052,0.0067,0.4051,0.3268
771,0.771,0.0019,-0.0027,0.0147,0.0105,0.5197,0.2746
772,0.772,-0.0013,-0.0023,0.016,0.0073,0.4177,0.8034
773,0.773,-0.0068,-0.0036,0.0097,0.0001,1.4482,0.8743
774,0.774,-0.0016,0.0004,0.0019,0.0029,1.5864,0.2981
775,0.775,-0.0035,-0.0024,-0.0034,0.0055,0.464,-0.0904
776,0.776,-0.004,0.0012,-0.0118,0.0062,-0.2928,-0.3026
777,0.777,0.0001,0,-0.0086,0.0042,-0.4324,-0.3673
778,0.778,-0.0014,-0.0064,-0.0244,-0.0041,-0.5584,-0.3097
779,0.779,-0.0026,-0.0055,-0.0133,-0.0072,-0.4461,-0.2572
780,0.78,0.0039,-0.0029,-0.0113,-0.0061,-0.3435,-0.5936
781,0.781,-0.0006,-0.0051,-0.0095,-0.0053,-0.999,-1.0743
782,0.782,0.002,-0.0031,0.0124,0.0007,-1.7655,-0.4987
783,0.783,0.0042,0.0012,0.0095,-0.0092,-0.8382,0.0448
784,0.784,-0.0006,-0.0005,0.0014,-0.0105,0.0372,0.2574
785,0.785,-0,-0.004,-0.0109,-0.0068,0.3801,0.3227
786,0.786,0.0005,-0.0028,-0.0131,-0.0057,0.4852,0.3816
787,0.787,0.0001,-0.004,-0.011,0.0016,0.5803,0.3294
788,0.788,0.0005,0.0017,-0.0054,0.0025,0.4965,0.3779
789,0.789,0.0009,-0.0008,-0.0003,0.0033,0.5745,1.0334
790,0.79,0.0028,0.0044,0.0042,0.0027,1.6299,0.753
791,0.791,0.0032,0.0024,0.0056,0.0007,1.1785,0.1558
792,0.792,-0.0019,0.0041,0.0068,0.0049,0.2169,-0.2329
793,0.793,0.0018,0.0012,0.0078,0.0078,-0.4088,-0.3046
794,0.794,0.0001,0.0017,0.0048,0.0073,-0.2976,-0.3693
795,0.795,0.0007,-0.0014,0.0056,0.0031,-0.6072,-0.3119
796,0.796,0.0043,0.0006,0.0065,0.0026,-0.5146,-0.2594
797,0.797,-0.0026,-0.0019,0.0087,0.0001,-0.43,-0.884
798,0.798,0.0027,-0.0009,0.0136,-0.0011,-1.4361,-0.9696
799,0.799,-0,-0.0047,0.0231,0.0044,-1.5737,-0.2724
800,0.8,-0.0007,0.0022,0.0397,0.0061,-0.5587,0.1853
801,0.801,-0.0015,0.0044,0.0328,0.0039,0.317,0.2804
802,0.802,0.0023,0.0032,0.0138,0.0088,0.4329,0.3664
803,0.803,-0.0013,0.0006,-0.0218,0.0045,0.5374,0.2897
804,0.804,-0.0017,0.0058,-0.0362,0.0017,0.6322,0.2199
805,0.805,0.0059,0.0021,-0.0405,0.0022,0.3776,0.5397
806,0.806,0.0029,-0.0044,-0.0523,0,0.9197,1.0631
807,0.807,0.002,-0.0019,-0.0488,-0.0064,1.6941,0.5709
808,0.808,-0.0005,0.0018,-0.0389,-0.0091,0.767,-0.0062
809,0.809,0.0032,0.0011,-0.036,-0.0099,-0.1078,-0.2402
810,0.81,-0.0003,0.0016,-0.0168,-0.0047,-0.4505,-0.3115
811,0.811,0.0002,-0.0037,0.0055,-0.0068,-0.555,-0.3763
812,0.812,0.0019,-0.0017,0.0084,-0.011,-0.4628,-0.319
813,0.813,0.0014,-0.0023,0.0166,-0.0069,-0.549,-0.3721
814,0.814,-0.0028,0.0017,0.0189,-0.0022,-0.6269,-0.9969
815,0.815,-0.0033,-0.0018,0.0211,-0.0039,-1.6823,-0.7422
816,0.816,-0.0038,-0.008,0.0271,-0.001,-1.2307,-0.1993
817,0.817,-0.0007,-0.0192,0.0326,-0.0088,-0.2689,0.2945
818,0.818,-0.0054,-0.0207,0.0274,0.0037,0.3574,0.2318
819,0.819,-0.0012,-0.0056,0.0228,0.002,0.4725,0.2903
820,0.82,-0.0029,0.0045,0.0157,0.0035,0.5765,0.238
821,0.821,0.0007,0.0026,0.0043,-0.0006,0.4834,0.1901
822,0.822,0.0003,0.0009,0.0027,-0.0018,0.3988,0.8452
823,0.823,-0.0025,0.0054,-0.007,0.0014,1.4047,0.9389
824,0.824,-0.0022,0.0095,-0.0034,0.0003,1.5423,0.3422
825,0.825,-0.0012,0.0106,0.0043,0.003,0.6686,-0.2015
826,0.826,0.0025,0.0096,0.0159,-0.0099,-0.1277,-0.2734
827,0.827,-0.0017,0.0065,0.0204,-0.0192,-0.4393,-0.3386
828,0.828,0.0011,0.0092,0.0052,-0.0108,-0.5347,-0.2814
829,0.829,0.0006,0.0013,0.0153,-0.0001,-0.4512,-0.2291
830,0.83,-0.0036,0.0044,0.0098,-0.0015,-0.375,-0.5658
831,0.831,-0.0077,-0.0021,0.0081,0.0047,-1.0085,-1.0467
832,0.832,-0.0145,0.0038,-0.015,0.0057,-1.7755,-0.4713
833,0.833,-0.0081,0.0016,-0.0447,0.0047,-0.8486,0.0721
834,0.834,-0.0022,0.0023,-0.0486,0.0001,0.0263,0.2844
835,0.835,0.0031,-0.0047,-0.0522,0.0026,0.3687,0.3494
836,0.836,0.001,0.0017,-0.049,0.0111,0.4732,0.292
837,0.837,0.0005,-0.0025,-0.016,0.0055,0.5676,0.2396
838,0.838,0.001,-0.0003,0.006,0.0107,0.4834,0.3837
839,0.839,-0.0006,0.0032,0.0099,0.0043,0.561,1.039
840,0.84,-0.0003,-0.0025,0.0135,0,1.6161,0.7583
841,0.841,-0.0006,-0.0003,0.0167,0.0038,1.164,0.161
842,0.842,0.0004,0.0032,0.0138,0.0044,0.202,-0.2279
843,0.843,-0.002,-0.001,0.0111,0.0039,-0.4243,-0.2997
844,0.844,0.003,0.0007,0.0183,0.001,-0.3136,-0.3647
845,0.845,0.005,0.0032,0.0205,0.0088,-0.4176,-0.3074
846,0.846,0.0007,-0.001,0.0143,0.012,-0.5125,-0.255
847,0.847,0.0002,0.0007,0.0125,0.0109,-0.4282,-0.8798
848,0.848,0.0037,0.0032,0.0175,0.0118,-1.4345,-0.9655
849,0.849,0.0049,0.0036,0.01,0.0006,-1.5724,-0.2682
850,0.85,0.0009,-0.002,0.0141,-0.004,-0.4496,0.2018
851,0.851,0.0024,-0.0027,0.0104,-0.0109,0.3074,0.2885
852,0.852,0.0012,-0.0091,0.0002,-0.0098,0.4471,0.3667
853,0.853,0.004,-0.0048,-0.0012,-0.0065,0.5732,0.2972
854,0.854,0.003,-0.0011,-0.0049,-0.0035,0.4612,0.2336
855,0.855,0.0012,-0.0004,-0.0082,-0.0081,0.3591,0.5241
856,0.856,0.0022,0.0027,-0.0155,0.003,1.0144,1
857,0.857,0.0064,-0.0014,-0.0182,0.0015,1.6108,0.5522
858,0.858,0.0034,0.0012,-0.0123,-0.0026,0.9141,-0.0888
859,0.859,-0.0031,-0.0039,-0.0071,-0.0063,-0.1185,-0.1756
860,0.86,0.0011,0.0026,-0.0163,-0.0007,-0.2585,-0.254
861,0.861,-0.0027,0.0035,-0.0126,-0.0038,-0.3848,-0.3248
862,0.862,-0.002,0.0028,0.0023,0.0008,-0.4994,-0.2613
863,0.863,-0.0004,0.0008,0.0207,-0.0017,-0.3974,-0.3196
864,0.864,0.0037,0.0066,0.0329,-0.0054,-0.6788,-1.0066
865,0.865,-0.0031,-0.0049,0.0351,-0.0018,-1.7858,-0.726
866,0.866,-0.0023,-0.0065,0.0249,0.0052,-1.3339,-0.1287
867,0.867,-0.0015,0.0011,0.0194,0.0007,-0.0975,0.2602
868,0.868,-0.0008,-0.0002,0.0178,0.0066,0.4033,0.1916
869,0.869,-0.0015,0.001,0.0104,0.0044,0.5563,0.3844
870,0.87,-0.001,-0,0.0065,0.0065,0.4207,0.3271
871,0.871,0.0019,-0.001,0.0154,0.0023,0.5462,0.2747
872,0.872,-0.0016,-0.0018,-0.0015,0.0087,0.4339,0.8035
873,0.873,0.0014,0.0025,-0.0387,-0.0024,1.361,0.8744
874,0.874,0.0018,0.0004,-0.0546,-0.01,1.4864,0.2983
875,0.875,0.0014,0.0024,-0.0402,-0.0086,0.4657,-0.0903
876,0.876,0.0053,0.002,-0.0359,-0.0074,-0.2226,-0.3025
877,0.877,-0.0024,0.0061,-0.032,-0.0042,-0.3495,-0.3671
878,0.878,0.0009,0.0026,-0.0066,-0.0032,-0.4643,-0.3096
879,0.879,0.0019,-0.0016,-0.0034,-0.0023,-0.5684,-0.2569
880,0.88,-0.0007,-0.0033,-0.0005,-0.0014,-0.4755,-0.5931
881,0.881,0.0001,-0.008,0.0077,-0.0036,-1.0715,-1.0737
882,0.882,0.0024,-0.0049,0.0102,-0.0015,-1.7688,-0.4978
883,0.883,0.0004,-0.0043,0.0081,-0.002,-0.926,0.046
884,0.884,-0.0038,0.0015,0.002,0.0009,0.0966,0.2588
885,0.885,-0.0066,-0.0007,0.0039,0.0034,0.5109,0.3242
886,0.886,-0.0061,0.0029,0.0057,0.0037,0.3883,0.3833
887,0.887,0.0009,0.0046,0.0133,0.0058,0.5026,0.2257
888,0.888,0.002,0.0041,0.0064,0.0061,0.4008,0.3703
889,0.889,0.0066,0.0016,-0.0023,0.0037,0.6822,1.0259
890,0.89,0.0024,-0.0014,0.0149,-0.0014,1.619,0.7456
891,0.891,0.0031,-0.0034,0.0273,0.0035,1.2459,0.1487
892,0.892,-0.0017,0.0023,0.0339,0.0065,0.224,-0.2399
893,0.893,0,0.0049,0.0278,0.0013,-0.4642,-0.3113
894,0.894,0.0053,0.0086,0.011,0.0048,-0.3421,-0.3761
895,0.895,0.0033,0.0051,-0.0002,-0.0035,-0.4565,-0.3187
896,0.896,0.0016,-0.0019,-0.0144,-0.0025,-0.5603,-0.2662
897,0.897,-0,-0.001,-0.0275,0.0006,-0.4674,-0.8907
898,0.898,0.0025,-0.0035,-0.036,-0.0059,-1.4038,-0.9762
899,0.899,0.0014,-0.0057,-0.0222,-0,-1.5292,-0.2789
900,0.9,0.0026,-0.0037,-0.0167,0.0022,-0.5082,0.1913
901,0.901,-0.0004,-0.0037,-0.0065,0.0023,0.283,0.2492
902,0.902,0.0053,-0.0043,-0.0014,0.0043,0.423,0.3354
903,0.903,0.0028,0.0022,0.0155,0.0037,0.5491,0.4136
904,0.904,-0.0009,0.0013,0.0134,-0.0039,0.6634,0.2034
905,0.905,-0.0016,-0.0057,0.0115,-0.0029,0.3553,0.6512
906,0.906,-0.0033,-0.0011,0.0096,0.0035,1.011,1.0582
907,0.907,-0.0016,0.0014,0.0113,-0.0008,1.6076,0.4771
908,0.908,0.002,-0.0008,0.0159,-0.006,0.9109,-0.066
909,0.909,0.0032,-0.0029,0.0199,-0.0068,-0.1216,-0.2786
910,0.91,0.002,0.004,0.0389,-0.0137,-0.2615,-0.3436
911,0.911,-0.0016,0.0032,0.0689,-0.0202,-0.3878,-0.2862
912,0.912,0.0015,-0.0028,0.0571,-0.0177,-0.5023,-0.2339
913,0.913,-0.0014,0.0009,0.0317,-0.0108,-0.4005,-0.3781
914,0.914,-0.004,0.0002,0.0019,0.0014,-0.6819,-1.0334
915,0.915,-0.003,-0.0015,-0.0421,-0.0003,-1.789,-0.7528
916,0.916,-0.004,-0.0032,-0.0832,0.0042,-1.3374,-0.1556
917,0.917,-0.0066,-0.0018,-0.0885,0.0112,-0.1016,0.2332
918,0.918,-0.0062,0.0012,-0.0933,0.0149,0.3989,0.3047
919,0.919,-0.0073,-0.0008,-0.0803,0.0116,0.5519,0.3694
920,0.92,-0.0031,-0.0034,-0.0443,0.0043,0.4163,0.312
921,0.921,-0.0048,0.0004,0.0089,0.0016,0.5418,0.2594
922,0.922,-0.0032,0.0019,0.0443,-0.0043,0.4292,0.884
923,0.923,-0.0068,-0.0024,0.0507,-0.0096,1.3561,0.9695
924,0.924,0.0001,0.0005,0.045,-0.0003,1.4814,0.2723
925,0.925,-0.0072,0.002,0.0397,0.0034,0.4604,-0.1976
926,0.926,-0.0099,-0.0011,0.0155,0.0044,-0.2283,-0.2842
927,0.927,-0.0108,-0.0008,-0.0065,-0.0009,-0.3556,-0.3626
928,0.928,-0.0087,0.0033,-0.0184,-0.0036,-0.4704,-0.2933
929,0.929,-0.0038,-0.0055,-0.0292,0.0023,-0.5745,-0.23
930,0.93,-0.0096,-0.022,-0.039,0.0029,-0.2946,-0.6369
931,0.931,0.0004,-0.0198,-0.0302,0.0036,-1.0611,-1.1129
932,0.932,0.0017,-0.0057,-0.022,0.0066,-1.7826,-0.5374
933,0.933,0.0079,-0.0039,-0.0097,0.0037,-0.9399,0.006
934,0.934,0.0047,0.0012,0.0196,0.0115,0.0824,0.2184
935,0.935,0.0056,0.0026,0.0236,0.0082,0.4967,0.2833
936,0.936,0.0064,0.0067,0.0201,0.0113,0.3742,0.342
937,0.937,0.0056,0.0078,0.0169,0.0086,0.4885,0.2896
938,0.938,0.0049,0.0067,0.0198,-0.0009,0.3865,0.4337
939,0.939,-0.0001,0.0098,0.0279,-0.0021,0.6676,1.0016
940,0.94,0.0082,0.0106,0.0255,0.0011,1.7745,0.7697
941,0.941,0.0004,0.0063,0.0366,-0.0062,1.021,0.1352
942,0.942,0.0034,0.0041,0.0426,-0.0071,0.3332,-0.1222
943,0.943,0.008,0.0047,0.0407,-0.0182,-0.2931,-0.2011
944,0.944,0.0054,-0.0011,0.0321,-0.0044,-0.4087,-0.2724
945,0.945,0.0047,-0.0018,0.0244,0.0012,-0.5132,-0.3371
946,0.946,0.0011,0.0002,0.0174,0.0063,-0.608,-0.2795
947,0.947,-0.0006,0.0007,0.0085,-0.0013,-0.3537,-0.8609
948,0.948,0.0022,0.0071,-0.0086,0.0027,-1.5149,-0.9389
949,0.949,0.0027,0.0062,-0.0409,0.0039,-1.6817,-0.3052
950,0.95,0.0069,0.0055,-0.0452,0.0007,-0.625,0.1223
951,0.951,0.0086,-0.0009,-0.0651,-0.0066,0.3376,0.2011
952,0.952,0.005,-0.0001,-0.0758,-0.0074,0.4645,0.272
953,0.953,-0.002,0.0021,-0.0527,-0.0066,0.5792,0.3365
954,0.954,-0.001,0.0028,-0.0197,-0.0088,0.4773,0.2789
955,0.955,-0.0037,-0.0042,0.0023,0.0019,0.3844,0.5428
956,0.956,-0.0012,0.0004,0.0062,0.0065,0.98,0.9755
957,0.957,-0.0064,0.0029,0.0097,0.0051,1.6769,0.5685
958,0.958,-0.0029,0.0007,0.0261,0.0063,0.8338,-0.0145
959,0.959,0.0028,0.0014,0.0349,0.0031,0.0378,-0.2486
960,0.96,-0.0009,-0.0043,0.0212,0.0042,-0.2741,-0.3202
961,0.961,-0.0002,0.0009,0.0236,-0.0004,-0.3697,-0.3851
962,0.962,0.0003,0.0016,0.0125,-0.0132,-0.4562,-0.3276
963,0.963,0.0032,0.0011,0.0185,-0.0151,-0.5347,-0.3807
964,0.964,0.0026,-0.0053,0.0464,-0.0032,-0.6054,-1.0055
965,0.965,0.0057,-0.0044,0.0345,-0.0017,-1.5652,-0.7506
966,0.966,-0.0007,-0.0006,0.0235,0.0024,-1.1549,-0.0529
967,0.967,0.002,0.0001,0.0202,0.0013,-0.2808,0.2297
968,0.968,0.0045,-0.0003,0.0052,0.0046,0.2885,0.316
969,0.969,0.0052,0.0014,-0.003,0.0057,0.3935,0.3941
970,0.97,0.0032,0.003,-0.0302,0.0031,0.4883,0.3244
971,0.971,-0.001,0.0008,-0.0483,0.0006,0.574,0.2606
972,0.972,0.0019,-0.0039,-0.058,-0.0063,0.3421,0.7837
973,0.973,0.0015,0.0004,-0.0607,-0.0017,1.397,0.8543
974,0.974,0.0003,0.0022,-0.0304,0.0008,1.5482,0.2778
975,0.975,-0.0008,-0.0025,0.0057,-0.0013,0.5869,-0.1109
976,0.976,-0.0018,0.0018,0.0105,0.0023,-0.2887,-0.1827
977,0.977,-0.0021,0.0023,0.0062,0.0081,-0.4047,-0.2476
978,0.978,-0.0051,0.0009,0.0101,0.0059,-0.5092,-0.3065
979,0.979,-0.0047,-0.0021,0.0066,0.0039,-0.604,-0.2541
980,0.98,-0.007,0.0035,-0.0032,0.0035,-0.3496,-0.5907
981,0.981,-0.0072,0.0014,-0.0061,0.0076,-1.0466,-1.0715
982,0.982,-0.0079,0.0007,-0.0088,0.0009,-1.7029,-0.4958
983,0.983,-0.0066,-0.0009,-0.0211,0.0001,-0.9368,0.0479
984,0.984,-0.0028,0.0044,-0.0099,0.001,-0.0072,0.2605
985,0.985,-0.0075,-0.0019,0.0126,0.0063,0.3693,0.3257
986,0.986,-0.0032,0.0007,0.0155,0.0014,0.4843,0.3845
987,0.987,-0.0026,-0.0015,0.0181,-0.0068,0.5883,0.2267
988,0.988,-0,-0.0034,0.0253,-0.0036,0.4955,0.3712
989,0.989,-0.0012,-0.0003,0.0231,0.0017,0.5808,1.0268
990,0.99,0.0009,-0.0019,0.0373,0.0063,1.7419,0.7463
991,0.991,0.002,-0.0043,0.054,0.0021,1.245,0.1492
992,0.992,0.0052,0.0027,0.0429,-0.0001,0.1871,-0.2395
993,0.993,0.0049,0.0017,0.0287,-0.005,-0.2271,-0.3109
994,0.994,0.0039,-0.0009,0.0008,-0.0067,-0.3539,-0.3756
995,0.995,0.0042,-0.0051,-0.0353,-0.0083,-0.4683,-0.3182
996,0.996,0.0026,0.0018,-0.0496,-0.0016,-0.5724,-0.2657
997,0.997,0.0007,0.0027,-0.054,0.003,-0.4794,-0.8904
998,0.998,0.0024,-0.0032,-0.0659,0.0005,-1.4159,-0.976
999,0.999,0.0022,0.0038,-0.0478,-0.0032,-1.5412,-0.2787
1000,1,0.0024,0.0011,-0.0314,-0.0012,-0.5204,0.1914
1001,1.001,-0.0006,0.0003,-0.0044,0.0046,0.1683,0.278
1002,1.002,0.0049,-0.002,0.0315,0.0015,0.3907,0.3094
1003,1.003,0.0038,0.0017,0.0206,-0.0007,0.5168,0.3873
1004,1.004,0.0019,0.0053,0.0238,-0.0042,0.6313,0.1769
1005,1.005,0.0022,0.0022,0.0209,-0.0047,0.3233,0.6248
1006,1.006,-0.0008,0.0039,0.0128,-0.0018,0.9791,1.0318
1007,1.007,0.0002,0.0014,0.0151,0.0007,1.7461,0.5562
1008,1.008,0.0005,0.0011,0.0173,-0.0015,0.8191,-0.0209
1009,1.009,0.0036,-0.001,0.0113,0.0005,-0.0556,-0.2547
1010,1.01,0.001,0,0.002,0.0041,-0.398,-0.326
1011,1.011,-0.0036,-0.0032,0.0139,0.0037,-0.5024,-0.3908
1012,1.012,-0.0019,0.0007,0.0094,0.0008,-0.5971,-0.3335
1013,1.013,-0.0024,-0.0051,0.0135,0.0033,-0.5129,-0.3865
1014,1.014,-0.0029,-0.0166,0.0098,-0.0019,-0.5907,-1.0113
1015,1.015,-0.0032,-0.0251,0.013,-0.0135,-1.646,-0.7565
1016,1.016,-0.0029,-0.0145,0.0077,-0.0253,-1.1939,-0.0588
1017,1.017,-0.0026,-0.002,-0.0008,-0.0084,-0.2317,0.2239
1018,1.018,-0.0009,-0.0003,-0.0111,-0.0019,0.3946,0.3103
1019,1.019,-0.0006,0.0073,-0.0208,0.0042,0.51,0.3882
1020,1.02,-0.0013,0.0032,-0.0246,0.006,0.6143,0.3187
1021,1.021,-0.0002,0.002,-0.0417,0.0077,0.5217,0.2551
1022,1.022,-0.0039,-0.0013,-0.0345,0,0.4376,0.8943
1023,1.023,-0.0065,0.0039,-0.0143,0.0014,1.4439,0.8095
1024,1.024,-0.0126,0.0011,-0.0007,0.0076,1.5819,0.2668
1025,1.025,-0.0118,0.007,0.0016,-0.005,0.4594,-0.2272
1026,1.026,-0.0049,0.0033,-0.0006,-0.0067,-0.2974,-0.1648
1027,1.027,-0.0004,0.0025,0.0014,-0.0083,-0.4368,-0.34
1028,1.028,-0.0047,0.003,0.0033,-0.0124,-0.5627,-0.2879
1029,1.029,0.0005,0.0013,0.0083,-0.0112,-0.4505,-0.2403
1030,1.03,0.0012,0.0017,0.0128,-0.0035,-0.3483,-0.7211
1031,1.031,0.0016,0.0047,0.0168,-0.0005,-1.0036,-1.1691
1032,1.032,-0.0001,0.005,0.0205,-0.0033,-1.7704,-0.5299
1033,1.033,0.0046,-0.0008,0.0283,0.0078,-0.843,0.0676
1034,1.034,0.0004,-0.0017,0.0441,0.0184,0.0323,0.3014
1035,1.035,0.002,-0.007,0.0598,0.0032,0.3753,0.3726
1036,1.036,-0.0016,-0.0035,0.0333,0.0092,0.4803,0.3094
1037,1.037,0.0045,-0.013,0.008,0.0035,0.5752,0.2518
1038,1.038,0.0019,-0.0171,-0.0017,0.0052,0.4915,0.4101
1039,1.039,0.0012,-0.0109,-0.0286,0.0067,0.5696,1.0347
1040,1.04,0.0019,-0.0007,-0.025,-0.0003,1.6253,0.7796
1041,1.041,0.0076,0.0062,-0.0281,-0.004,1.1738,0.0817
1042,1.042,0.0145,0.005,-0.0309,-0.0051,0.2123,-0.2012
1043,1.043,0.019,0.0039,-0.0336,-0.0041,-0.4136,-0.2877
1044,1.044,0.0096,0.0069,-0.036,0.0043,-0.3023,-0.366
1045,1.045,0.0058,0.0077,-0.0249,0.0099,-0.6123,-0.2965
1046,1.046,0.0002,0.0034,-0.0189,0.0088,-0.5198,-0.2329
1047,1.047,-0.0008,-0.0004,-0.0171,0.0172,-0.4354,-0.8723
1048,1.048,-0.0017,0.0032,-0.0121,0.0047,-1.4415,-0.958
1049,1.049,-0.0025,0.0026,-0.0197,-0.0038,-1.5791,-0.2607
1050,1.05,0.0012,0.0042,-0.0128,-0.0114,-0.4559,0.2093
1051,1.051,-0.0024,0.0047,0.0061,-0.0074,0.3017,0.296
1052,1.052,-0.0041,0.0025,0.0363,-0.0062,0.4415,0.3742
1053,1.053,-0.0046,0.0004,0.0402,-0.0052,0.5676,0.3047
1054,1.054,-0.0051,0.0007,0.0438,0,0.4557,0.2412
1055,1.055,-0.0039,0.0024,0.0274,0.0046,0.3538,0.5317
1056,1.056,-0.0095,0.0033,0.0125,0.0037,1.0094,1.0076
1057,1.057,-0.0058,0.0026,0.0044,0.0074,1.6062,0.5599
1058,1.058,-0.0051,0.0033,-0.0028,0.0054,0.9095,-0.081
1059,1.059,-0.0021,0.0059,-0.0139,0.0071,-0.1229,-0.1678
1060,1.06,-0.0062,0.0006,-0.0158,-0.0005,-0.2628,-0.2462
1061,1.061,0.0016,0.0013,-0.0213,-0.0077,-0.3891,-0.3171
1062,1.062,-0.0016,-0.0023,-0.0059,-0.0069,-0.5035,-0.2537
1063,1.063,0.0014,-0.0029,0.0207,-0.006,-0.4014,-0.312
1064,1.064,0.006,0.0023,0.0173,0.001,-0.6824,-0.999
1065,1.065,0.0068,0.0043,0.0141,0.0019,-1.7892,-0.7184
1066,1.066,0.0016,-0.0015,0.0054,0.0078,-1.3373,-0.1211
1067,1.067,0.0065,-0.0052,0.0027,0.0057,-0.1009,0.2679
1068,1.068,0.0035,-0.0032,0.01,0.0092,0.3999,0.1991
1069,1.069,0.0006,-0.0015,0.0079,-0.0002,0.5531,0.264
1070,1.07,0.0012,0.0025,0.0058,-0.0098,0.4174,0.3227
1071,1.071,0.0016,-0.0022,0.004,-0.0061,0.5432,0.2703
1072,1.072,0.0004,0.0036,0.0091,-0.0028,0.4308,0.895
1073,1.073,0.0062,-0.0034,0.0167,-0.0037,1.3579,0.8105
1074,1.074,-0.0015,-0.0025,0.0264,-0.001,1.4831,0.268
1075,1.075,0.0015,-0.0017,0.0228,0.005,0.4623,-0.226
1076,1.076,-0.0011,-0.0054,0.0125,-0.0002,-0.2264,-0.2915
1077,1.077,-0.0002,-0.0034,0.025,0.0092,-0.3536,-0.3502
1078,1.078,-0.0024,-0.0029,0.0098,0.0029,-0.4685,-0.298
1079,1.079,-0.0003,-0.0034,-0.0127,0.002,-0.5728,-0.2502
1080,1.08,0.0014,-0.0008,-0.0156,0.003,-0.293,-0.5559
1081,1.081,0.0032,-0.002,-0.0237,0.0058,-1.0595,-1.0724
1082,1.082,0.0007,0.0019,-0.0509,-0.002,-1.781,-0.5801
1083,1.083,0.0004,0.0066,-0.069,-0.0009,-0.9384,0.1254
1084,1.084,0.0016,0.0024,-0.0459,0.0019,0.0841,0.2209
1085,1.085,-0.0002,0.0007,-0.0251,0.0011,0.4981,0.3075
1086,1.086,0.0051,-0.0008,-0.0332,-0.0104,0.3752,0.3859
1087,1.087,0.0073,-0.0038,-0.0259,-0.0154,0.4893,0.3164
1088,1.088,-0.002,0.0018,-0.0146,-0.0109,0.3873,0.3807
1089,1.089,-0.0031,-0.0004,-0.0004,-0.0012,0.6685,1.0204
1090,1.09,0.0001,0.0016,0.0089,0.0026,1.6051,0.7657
1091,1.091,0.0032,-0.0053,0.0308,-0.0006,1.2317,0.0682
1092,1.092,-0.0014,0.0012,0.0457,0.0025,0.2097,-0.2143
1093,1.093,-0.0039,0.0005,0.0484,0.0071,-0.2048,-0.3006
1094,1.094,-0.0076,0.0012,0.036,0.0012,-0.3317,-0.3784
1095,1.095,-0.0082,0.0033,0.0204,0.0018,-0.4463,-0.3088
1096,1.096,-0.0052,0.0003,0.0103,0.0025,-0.5504,-0.2451
1097,1.097,-0.0023,-0.0002,0.0047,0.0043,-0.4575,-0.8843
1098,1.098,-0.0081,-0.0027,0.0267,0.0026,-1.5646,-0.9697
1099,1.099,-0.0029,0.0034,0.0179,-0.0051,-1.7163,-0.2722
1100,1.1,-0.0008,-0.0025,-0.0012,-0.0107,-0.4813,0.1981
1101,1.101,-0.0014,0.0013,-0.0184,-0.0034,0.351,0.2853
1102,1.102,-0.0031,0.0006,0.0063,0.0088,0.5041,0.364
1103,1.103,0.0006,-0.0058,0.0261,0.0076,0.5108,0.3303
1104,1.104,-0.0009,0.0012,0.0163,0.0093,0.6487,0.2608
1105,1.105,0.006,0.0004,-0.0045,-0.0014,0.2754,0.5809
1106,1.106,0.009,0.0047,-0.0292,-0.0055,1.0683,0.9882
1107,1.107,0.0063,0.0069,-0.0457,-0.0092,1.5835,0.5128
1108,1.108,0.002,0.0049,-0.0545,-0.0102,0.9276,-0.0642
1109,1.109,-0.0002,0.0044,-0.0409,-0.003,-0.0116,-0.2978
1110,1.11,0.0018,0.0062,-0.0337,-0.0115,-0.3883,-0.2284
1111,1.111,0.0087,-0.0006,-0.0226,-0.0125,-0.5035,-0.2929
1112,1.112,0.0042,0.0003,-0.0166,-0.0073,-0.6079,-0.2351
1113,1.113,0.0033,0.0045,-0.0074,-0.01,-0.5156,-0.3935
1114,1.114,0.0011,0.0098,0.0077,-0.0005,-0.6014,-1.018
1115,1.115,-0.0054,0.0006,0.0178,0.0032,-1.7629,-0.7629
1116,1.116,-0.0183,-0.0031,0.0196,0.0109,-1.2663,-0.0649
1117,1.117,-0.0127,-0.0041,0.0247,0.014,-0.2089,0.218
1118,1.118,-0.011,-0.0051,0.017,0.0112,0.4794,0.3047
1119,1.119,-0.0065,-0.0023,0.013,0.0104,0.3568,0.3829
1120,1.12,-0.0025,-0.0031,0.0042,-0.0012,0.471,0.3134
1121,1.121,-0.0037,-0.0009,0.0073,-0.0266,0.5743,0.2498
1122,1.122,-0.0047,-0.0015,0.0083,-0.0086,0.4808,0.8893
1123,1.123,0.0025,-0.0019,0.0222,0.0012,1.4169,0.975
1124,1.124,-0.004,0.0022,0.0241,0.01,1.5418,0.2777
1125,1.125,-0.0015,0.0007,0.0296,0.0018,0.5204,-0.192
1126,1.126,0.0037,-0.0043,0.0279,-0.0006,-0.1683,-0.2786
1127,1.127,0.003,0.0006,0.014,-0.0028,-0.2957,-0.3566
1128,1.128,0.0047,0.0049,0.0047,-0.0008,-0.4105,-0.2869
1129,1.129,-0.003,-0.0003,-0.0004,0.0085,-0.5148,-0.2232
1130,1.13,0,-0.0009,-0.005,0.0101,-0.4222,-0.6299
1131,1.131,-0.0027,-0.0026,0.0074,0.0086,-1.0184,-1.1056
1132,1.132,0.0015,0.0015,0.0022,0.0045,-1.8706,-0.5298
1133,1.133,0.0021,0.0041,-0.0056,0.0033,-0.851,0.0138
1134,1.134,0.0056,-0,-0.0238,0.0022,0.1114,0.2266
1135,1.135,0.0051,-0.0029,-0.0411,0.0052,0.4879,0.2919
1136,1.136,0.0055,-0.0013,-0.0523,0.0006,0.3767,0.3509
1137,1.137,0.002,0.0057,-0.0297,-0.002,0.4807,0.2988
1138,1.138,0.0031,0.0005,-0.0088,-0.0028,0.388,0.3472
1139,1.139,0.0034,-0.0135,0.0104,-0.0077,0.6436,1.0027
1140,1.14,0.0053,-0.0236,0.0081,-0.0061,1.65,0.7223
1141,1.141,0.0029,-0.0143,0.0059,-0.0008,1.2393,0.1253
1142,1.142,-0.0009,-0.0024,0.0038,-0.0002,0.1158,-0.2634
1143,1.143,-0.0021,0.0052,0.0094,0.0029,-0.3395,-0.1945
1144,1.144,0.0026,0.0039,0.0077,-0.0001,-0.4785,-0.2591
1145,1.145,0.0043,0.0077,0.0093,-0.0078,-0.604,-0.3178
1146,1.146,0.0026,0.0021,0.008,-0.0134,-0.4919,-0.2654
1147,1.147,0.0021,0.0052,0.0093,-0.0124,-0.3898,-0.89
1148,1.148,0.0024,0.0025,0.0061,-0.0097,-1.4198,-0.9756
1149,1.149,0.0053,0.0051,0.0072,0.0031,-1.5576,-0.4331
1150,1.15,-0.0005,-0.0002,0.0046,0.0086,-0.4346,0.0611
1151,1.151,0.0021,0.0034,0.0106,0.0069,0.3228,0.2546
1152,1.152,-0.0001,0.0039,0.0128,0.0084,0.4628,0.3135
1153,1.153,0.0019,-0.0037,0.0064,0.007,0.5891,0.367
1154,1.154,0.0003,-0.0006,-0.0013,0.0107,0.4773,0.2233
1155,1.155,0.0067,0.0058,-0.0002,0.003,0.3754,0.6166
1156,1.156,-0.0028,-0.0001,0.0006,-0.0001,1.0311,1.0925
1157,1.157,-0.0016,0.0021,-0.0002,0.0121,1.6278,0.5168
1158,1.158,-0.0005,0.007,0.002,0.0036,0.7766,-0.0265
1159,1.159,-0.0058,0.0065,0.0127,-0.004,-0.0186,-0.239
1160,1.16,-0.0049,0.0059,0.0265,-0.011,-0.3299,-0.304
1161,1.161,0.0046,-0.0019,0.0284,-0.0098,-0.425,-0.2468
1162,1.162,-0.0017,-0.0029,0.02,-0.002,-0.5109,-0.3002
1163,1.163,-0.0027,0.0001,0.0061,0.001,-0.4343,-0.3485
1164,1.164,-0.0057,-0.0045,-0.018,0.0019,-0.6453,-1.004
1165,1.165,-0.0049,-0.0037,-0.0344,-0.0023,-1.6043,-0.7236
1166,1.166,-0.0057,-0.0015,-0.0315,-0.0016,-1.1932,-0.1265
1167,1.167,-0.002,-0.0051,-0.0397,0.0005,-0.0688,0.2623
1168,1.168,0.0073,-0.0082,-0.0273,0.0022,0.3873,0.334
1169,1.169,0.0085,-0.0065,0.0064,0.0087,0.5272,0.399
1170,1.17,0.0029,-0.003,0.0209,0.0095,0.6534,0.3418
1171,1.171,-0.0001,-0.0034,0.0342,0.0058,0.5416,0.2893
1172,1.172,0.0027,-0.0006,0.0304,-0.0006,0.4396,0.914
1173,1.173,-0.0032,-0.0064,0.0052,-0.0117,1.47,0.8294
1174,1.174,-0.0025,-0.0021,-0.0112,-0.004,1.3341,0.2869
1175,1.175,-0.0031,-0.0044,-0.0199,-0.008,0.4609,-0.207
1176,1.176,-0.0014,0.0006,-0.028,-0.0043,-0.3348,-0.2726
1177,1.177,-0.0031,0.0036,-0.0303,-0.0032,-0.4399,-0.3316
1178,1.178,-0.0035,0.0052,-0.0236,-0.0001,-0.5348,-0.2796
1179,1.179,0.0016,0.0037,0.007,0.0026,-0.621,-0.2321
1180,1.18,-0.0004,0.0006,0.0467,0.0053,-0.3897,-0.6253
1181,1.181,0.008,-0.0015,0.052,0.0031,-1.023,-1.1013
1182,1.182,0.0024,-0.0012,0.0278,0.0052,-1.7898,-0.5257
1183,1.183,-0.0028,-0.0036,-0.003,0.0057,-0.8627,0.0177
1184,1.184,0.0018,0.0008,-0.023,0.0075,0.0124,0.2302
1185,1.185,-0.004,0.0024,-0.0339,0.01,0.3551,0.2954
1186,1.186,-0.0047,-0.0033,-0.0504,0.007,0.4598,0.3542
1187,1.187,0.0003,-0.0012,-0.0296,0.0006,0.5547,0.3019
1188,1.188,-0.0039,0.0008,0.0114,-0.0134,0.4705,0.3503
1189,1.189,-0.001,0.0003,0.0406,-0.0155,0.5482,1.0056
1190,1.19,-0.0045,0.0007,0.0565,-0.0024,1.6036,0.7251
1191,1.191,-0.0014,0.0054,0.0323,0.0026,1.1519,0.1279
1192,1.192,0.0006,-0.0029,0.0015,0.0072,0.1901,-0.2608
1193,1.193,-0.0012,0.0002,-0.0185,-0.0053,-0.436,-0.1922
1194,1.194,-0.0008,0.0012,-0.0293,-0.0104,-0.3251,-0.2571
1195,1.195,-0.0039,0.0039,-0.0391,-0.0028,-0.4292,-0.3158
1196,1.196,0.0019,0.003,-0.0363,-0.0014,-0.5241,-0.2636
1197,1.197,0.0011,0.0052,-0.0336,0.0023,-0.4395,-0.8885
1198,1.198,0.0048,0.0002,-0.0213,0.0079,-1.4457,-0.9742
1199,1.199,0.0012,-0.0003,-0.0101,0.0069,-1.5836,-0.2772
1200,1.2,0.0017,-0.002,-0.0041,0.0061,-0.4608,0.1926
1201,1.201,0.0012,-0.0016,0.0014,0.007,0.2964,0.279
1202,1.202,-0.0013,0.0006,0.0097,-0.003,0.4359,0.3572
1203,1.203,0.0009,0.0017,0.0172,-0.0043,0.5618,0.2877
1204,1.204,0.0026,0.0013,0.0109,-0.0063,0.5432,0.2404
1205,1.205,0.0014,0.0064,0.0122,-0.0051,0.4304,0.56
1206,1.206,0.0017,0.0057,0.0133,-0.0019,0.9454,0.9671
1207,1.207,0.0041,0.0014,0.0144,-0.003,1.6012,0.4912
1208,1.208,0.0037,0.0042,0.0197,0.0074,0.8346,-0.0861
1209,1.209,-0.0005,0.0006,0.0243,0.0033,-0.0952,-0.1652
1210,1.21,0.0052,0.0048,0.0303,-0.0004,-0.4718,-0.2367
1211,1.211,0.003,0.0019,0.0341,-0.0036,-0.3606,-0.3016
1212,1.212,0.0065,0.0033,0.0263,-0.0047,-0.4649,-0.2442
1213,1.213,0.0035,-0.0037,0.0336,-0.0055,-0.5596,-0.403
1214,1.214,-0.0018,0.0036,0.0327,-0.0098,-0.6453,-1.0279
1215,1.215,-0.0024,-0.0049,0.0215,0.0017,-1.8067,-0.7732
1216,1.216,0.0006,0.0028,-0.0016,0.0101,-1.3098,-0.2305
1217,1.217,-0.0035,-0.0045,-0.0315,-0.0006,-0.2523,0.1226
1218,1.218,-0.004,-0.0054,-0.0434,-0.0102,0.4361,0.1877
1219,1.219,-0.0036,-0.0062,-0.0542,-0.0115,0.5625,0.3626
1220,1.22,-0.0039,0.0052,-0.064,-0.0083,0.6768,0.3102
1221,1.221,0.0003,0.0035,-0.037,-0.003,0.5746,0.2622
1222,1.222,-0.0026,-0.0104,-0.0116,-0.0039,0.4812,0.9172
1223,1.223,-0.0031,-0.0197,-0.0018,-0.0031,1.4173,0.8239
1224,1.224,-0.0053,-0.0214,0.001,0.0006,1.5423,0.3971
1225,1.225,-0.0025,-0.0075,-0.0018,0.0012,0.5208,-0.1469
1226,1.226,-0.005,0.0018,0.0005,-0.0046,-0.1678,-0.2192
1227,1.227,-0.0082,0.0034,0.0071,-0.0161,-0.2951,-0.2844
1228,1.228,-0.0027,0.0111,0.009,-0.0178,-0.4098,-0.3435
1229,1.229,-0.0049,0.0041,0.0109,-0.004,-0.5139,-0.1859
1230,1.23,0,0.0029,0.0092,0.009,-0.4212,-0.6188
1231,1.231,-0.0017,0.0039,0.0139,0.0107,-1.0174,-1.0263
1232,1.232,-0.0046,-0.0033,0.0154,0.0092,-1.7145,-0.5509
1233,1.233,-0.0081,0.0031,0.0193,0.0106,-0.8717,0.026
1234,1.234,-0.0012,0.0006,0.0249,0.0068,0.1509,0.2596
1235,1.235,-0.0023,0.0013,0.028,0.0078,0.2909,0.3307
1236,1.236,0.0004,-0.0007,0.0345,0.0131,0.4174,0.2672
1237,1.237,0.0063,-0.0012,0.0216,0.0103,0.5321,0.3255
1238,1.238,0.0011,0.0005,0.0049,0.0077,0.4304,0.3782
1239,1.239,0.0031,0.0073,0.0028,0.0099,0.5245,1.0025
1240,1.24,-0.0012,0.0027,-0.0073,0.0119,1.6317,0.7473
1241,1.241,0.0052,0.007,-0.0017,0.0124,1.18,0.204
1242,1.242,0.0061,0.0033,-0.0169,0.0036,0.2182,-0.1498
1243,1.243,0.0083,0.0069,-0.019,-0.0052,-0.4074,-0.2153
1244,1.244,0.0062,0.0027,-0.0135,-0.0109,-0.2964,-0.2743
1245,1.245,0.0045,0.0032,-0.0086,-0.0078,-0.6061,-0.3279
1246,1.246,0.0074,-0.0045,-0.001,-0.0014,-0.5133,-0.2804
1247,1.247,0.0058,0.0011,-0.0051,0.0028,-0.4285,-0.8486
1248,1.248,0.0007,0.0001,0.0139,0.0034,-1.4346,-0.9266
1249,1.249,0.0027,0.0028,0.0277,-0.0072,-1.5723,-0.293
1250,1.25,0.0032,0.0003,0.0351,-0.0211,-0.4491,0.1345
1251,1.251,0.0004,0.001,0.033,-0.0081,0.3086,0.2133
1252,1.252,0.0008,0.0004,0.0147,0.0071,0.4488,0.2842
1253,1.253,-0.0004,0.0047,-0.0225,0.0051,0.5752,0.3488
1254,1.254,0.0035,-0.0029,-0.0596,0.0032,0.4635,0.1747
1255,1.255,0.003,0.0024,-0.0739,0.0015,0.3616,0.6504
1256,1.256,0.0026,-0.0021,-0.0606,-0.0001,1.0176,0.9704
1257,1.257,0.0038,0.0038,-0.0487,-0.0041,1.6144,0.4471
1258,1.258,-0.0004,0.0046,-0.0379,-0.0079,0.763,-0.0468
1259,1.259,-0.0033,0.0053,-0.0015,-0.0134,-0.0323,-0.2405
1260,1.26,-0.0049,0.007,-0.0062,-0.0019,-0.3434,-0.2996
1261,1.261,-0.0045,0.0018,0.0158,0.0026,-0.4386,-0.353
1262,1.262,-0.0057,-0.0002,0.0277,0.0096,-0.5246,-0.3054
1263,1.263,-0.0076,-0.0043,0.0312,0.0084,-0.4479,-0.3493
1264,1.264,-0.0053,-0.0084,0.0214,0.0074,-0.659,-0.9451
1265,1.265,-0.0036,-0.0015,0.0242,0.0126,-1.6183,-0.6901
1266,1.266,-0.0078,-0.0023,0.0269,0.0023,-1.2075,-0.147
1267,1.267,-0.0095,-0.0014,0.0195,0.001,-0.0836,0.2064
1268,1.268,-0.0054,-0.0036,0.0083,-0.0027,0.3721,0.2716
1269,1.269,-0.0019,-0.0015,0.0103,0.0005,0.5118,0.3305
1270,1.27,0.0003,0.0002,0.0158,0.0016,0.6378,0.2785
1271,1.271,0.0015,-0.0038,0.0107,-0.0069,0.5261,0.2308
1272,1.272,-0.001,-0.0002,0.0245,-0.0012,0.424,0.8862
1273,1.273,0.0042,-0.0023,0.0301,-0.0022,1.4542,0.9804
1274,1.274,0.0064,0.0016,0.0182,-0.003,1.3182,0.3838
1275,1.275,0.0044,0.0001,0.0136,-0.0004,0.4448,-0.1594
1276,1.276,0.0002,-0.0002,0.0121,-0.0073,-0.3512,-0.231
1277,1.277,-0.0003,0.0019,-0.0069,-0.0064,-0.4567,-0.2956
1278,1.278,-0.0018,0.0045,-0.037,-0.0005,-0.5517,-0.3541
1279,1.279,0.0012,-0.0007,-0.073,-0.0026,-0.4677,-0.196
1280,1.28,0.0041,-0.0059,-0.0683,-0.0132,-0.3913,-0.6284
1281,1.281,0.0092,-0.0052,-0.0462,-0.0147,-1.0246,-1.0353
1282,1.282,0.0028,-0.0021,-0.0183,-0.0077,-1.7915,-0.5595
1283,1.283,0.0037,-0.0037,-0.0074,-0.0039,-0.8645,0.0179
1284,1.284,0.0043,-0.0022,-0.0042,0.0086,0.0105,0.2521
1285,1.285,0.005,-0.0052,0.0108,0.0138,0.3529,0.3237
1286,1.286,-0.0032,0.0013,0.0189,0.0153,0.4574,0.3887
1287,1.287,-0.0042,0.0004,0.0213,0.0084,0.5519,0.3313
1288,1.288,-0.0012,-0.0004,0.0147,-0.0029,0.4674,0.3846
1289,1.289,-0.002,-0.001,0.0207,-0.0075,0.6995,1.0095
1290,1.29,0.0023,-0.0003,0.0486,-0.0034,1.7546,0.7547
1291,1.291,-0.0015,0.0014,0.0603,0.0028,1.001,0.057
1292,1.292,0.0006,-0.0015,0.0567,0.0154,0.313,-0.2255
1293,1.293,0.0023,0,0.0402,0.0069,-0.3133,-0.3118
1294,1.294,-0.0006,0.0012,0.0072,0.0084,-0.4291,-0.3899
1295,1.295,-0.0001,0.0051,-0.0149,-0.0013,-0.5334,-0.3203
1296,1.296,0.003,0.0056,-0.0349,-0.0001,-0.4412,-0.2567
1297,1.297,-0.0009,-0.0013,-0.0603,-0.0033,-0.3569,-0.8961
1298,1.298,0.0006,-0.0003,-0.0572,-0.0043,-1.5183,-0.9815
1299,1.299,-0.0024,-0.003,-0.0424,-0.0069,-1.6852,-0.2842
1300,1.3,0.0005,-0.0022,-0.0233,0.0025,-0.6284,0.1859
1301,1.301,0.0015,0.0015,0.0038,0.0037,0.334,0.2727
1302,1.302,-0.0009,0.0008,0.0002,0.0093,0.4612,0.3511
1303,1.303,-0.0005,-0.0035,-0.0098,0.0062,0.5755,0.2818
1304,1.304,0.002,-0.0052,-0.0011,0.0017,0.4736,0.2185
1305,1.305,0.0022,0.0005,0.0174,0.0003,0.3894,0.6038
1306,1.306,-0.0031,-0.0021,0.02,-0.0022,1.0448,1.011
1307,1.307,-0.0053,0,0.0176,-0.0044,1.641,0.5354
1308,1.308,-0.0018,0.002,0.011,0.0004,0.7893,-0.0417
1309,1.309,0.0025,0.0001,0.009,-0.0026,-0.0067,-0.2753
1310,1.31,0.0019,-0.0052,0.0034,0.0026,-0.3184,-0.3464
1311,1.311,0.0004,-0,0.0017,-0.001,-0.4142,-0.2831
1312,1.312,-0.0008,0.0006,0.0124,0.0007,-0.5009,-0.2256
1313,1.313,0.0003,-0.0025,0.0111,0.0024,-0.4249,-0.3841
1314,1.314,-0.0022,-0.0009,0.0074,-0.0054,-0.6365,-1.0088
1315,1.315,-0.0068,-0.0005,0.0019,-0.011,-1.5965,-0.7536
1316,1.316,-0.0125,-0.0018,-0.0076,-0.0079,-1.1861,-0.0556
1317,1.317,-0.0041,-0.0007,-0.0114,-0.0106,-0.3122,0.2272
1318,1.318,-0.0051,0.0018,-0.0239,-0.0012,0.4834,0.3137
1319,1.319,-0.002,0,0.0014,-0.0049,0.3825,0.3919
1320,1.32,-0.0029,-0.0017,0.0267,-0.0198,0.4772,0.3224
1321,1.321,-0.0003,0.0025,0.0235,-0.0178,0.5631,0.2588
1322,1.322,0.0019,-0.0018,0.0147,-0.0086,0.3313,0.8982
1323,1.323,0.0054,0.0057,0.0338,-0.0069,1.3859,0.8137
1324,1.324,-0.0015,-0.0038,0.0315,0.007,1.5373,0.2713
1325,1.325,0.0012,-0.0002,0.0112,0.0125,0.5758,-0.2227
1326,1.326,0.0021,0.0075,-0.0136,0.0074,-0.2999,-0.2882
1327,1.327,-0.0001,0.0022,-0.0235,-0.0032,-0.4161,-0.3471
1328,1.328,-0.0051,-0.0043,-0.0264,-0.0046,-0.5207,-0.2949
1329,1.329,0.0044,-0.0018,-0.0347,-0.0009,-0.6157,-0.2473
1330,1.33,0.0085,0.0034,-0.0225,0.0094,-0.3613,-0.5531
1331,1.331,0.0047,-0.0016,-0.0429,0.0081,-1.0581,-1.0697
1332,1.332,0.0037,-0.0033,-0.0457,0.0069,-1.7141,-0.5774
1333,1.333,0.0027,-0.0017,-0.0234,0.0059,-0.7776,-0
1334,1.334,-0,0.0018,-0.0027,0.0049,0.0977,0.2339
1335,1.335,0.0008,-0.0025,0.0054,-0.0015,0.4403,0.3054
1336,1.336,0.0001,0.0027,0.003,0.0063,0.5449,0.3702
1337,1.337,-0.0006,0.0007,0.0096,0.0094,0.6397,0.3129
1338,1.338,-0.0011,0.0001,0.0077,0.0102,0.3854,0.366
1339,1.339,-0.0016,0.0006,0.0208,0.0144,0.6178,1.0869
1340,1.34,0.0019,0.0001,0.0159,0.0107,1.6731,0.7786
1341,1.341,-0.0003,-0.0022,0.0175,0.0029,1.2213,0.122
1342,1.342,0.0036,-0.0018,0.0079,-0.0001,0.2593,-0.1351
1343,1.343,-0.0012,-0.0015,0.0091,-0.0086,-0.3667,-0.2136
1344,1.344,-0.0007,-0.0068,0.0102,-0.0189,-0.482,-0.2845
1345,1.345,-0.0002,-0.0153,0.0196,-0.0119,-0.5862,-0.3491
1346,1.346,-0.0027,-0.0027,0.0232,-0.0082,-0.4936,-0.2914
1347,1.347,-0.0015,0.0057,0.0287,-0.005,-0.4088,-0.8724
1348,1.348,-0.0012,0.0103,0.0172,0.0002,-1.5697,-0.9501
1349,1.349,-0.0037,0.0033,0.0156,-0.0025,-1.4048,-0.3161
1350,1.35,-0.0014,0.0096,0.0253,0.0035,-0.6493,0.1117
1351,1.351,0.0037,0.0064,0.0216,0.0104,0.3135,0.1908
1352,1.352,0.0057,0.0074,0.009,0.0077,0.4407,0.2622
1353,1.353,0.0015,0.0066,-0.0164,0.0069,0.5556,0.327
1354,1.354,0.0032,0.0108,-0.0273,0.0062,0.454,0.2695
1355,1.355,0.0006,0.0024,-0.0372,0.0013,0.3612,0.6395
1356,1.356,-0.0006,0.0014,-0.0401,0.003,0.9576,0.9764
1357,1.357,0.0014,0.0045,-0.0154,0.0013,1.6549,0.496
1358,1.358,0.004,-0.0019,-0.0121,0.0008,0.8121,-0.081
1359,1.359,0.0036,0.0041,-0.0033,0.0059,0.0166,-0.1599
1360,1.36,0.0013,0.0019,-0.0169,0.0039,-0.2946,-0.2311
1361,1.361,0.0006,0.004,-0.0045,0.0023,-0.3899,-0.2956
1362,1.362,-0.0033,0.0035,0.0021,-0.003,-0.4761,-0.2378
1363,1.363,-0.0038,0.0041,0.0042,-0.0136,-0.3997,-0.3963
1364,1.364,-0.0074,0.0026,0.0135,-0.006,-0.6108,-1.021
1365,1.365,-0.0043,0.0004,0.0185,0.0037,-1.5703,-0.7659
1366,1.366,-0.0039,0.0002,0.014,0.0025,-1.1595,-0.068
1367,1.367,-0.0021,-0.0033,0.0209,-0.0052,-0.2851,0.2149
1368,1.368,-0.0044,-0.0054,0.0046,-0.0062,0.2843,0.3014
1369,1.369,-0.0027,-0.0015,-0.0201,0.0002,0.3897,0.3796
1370,1.37,-0.002,-0.0039,-0.0299,0.0028,0.4848,0.3101
1371,1.371,0.0004,-0.0027,-0.0269,0.0021,0.5711,0.2464
1372,1.372,0.0055,0.0003,-0.0187,0.0015,0.3399,0.8857
1373,1.373,0.0035,0.0029,-0.0062,0.0045,1.395,0.9715
1374,1.374,0.003,-0.0016,0.0095,-0.0007,1.5466,0.2743
1375,1.375,0.0059,-0.0032,0.0197,-0.0084,0.5856,-0.1956
1376,1.376,0.0002,-0.0026,0.0253,-0.0114,-0.2893,-0.2823
1377,1.377,0.0024,-0.0031,0.027,-0.0068,-0.4049,-0.3604
1378,1.378,0.0004,-0.0026,0.0316,-0.0009,-0.5092,-0.2909
1379,1.379,0.0009,0.0022,0.0164,-0.003,-0.6039,-0.2273
1380,1.38,0.0004,0.0018,0.0265,-0.0093,-0.5196,-0.6341
1381,1.381,-0.0001,0.0002,0.0321,-0.0034,-1.0614,-1.11
1382,1.382,-0.0031,0.0028,0.0304,0.0004,-1.8355,-0.5343
1383,1.383,0.0025,0.0017,0.0135,-0.0073,-0.9083,0.0091
1384,1.384,0.0032,-0.0038,-0.0112,-0,0.2163,0.2217
1385,1.385,0.0012,-0.003,-0.0341,0.0027,0.3701,0.2868
1386,1.386,0.0007,-0.0009,-0.0489,0.0087,0.5091,0.3456
1387,1.387,0.0013,-0.0039,-0.0626,0.0081,0.635,0.2933
1388,1.388,-0.0013,-0.0009,-0.0649,0.0046,0.5229,0.3416
1389,1.389,-0.0016,0.0039,-0.0401,0.0029,0.626,0.9968
1390,1.39,-0.0019,-0.003,-0.017,0.0001,1.6562,0.7163
1391,1.391,-0.0023,-0.0021,0.0161,0.0006,1.2456,0.1191
1392,1.392,-0.0026,0.0022,0.0205,0.0057,0.1219,-0.2699
1393,1.393,-0.0056,0.0045,0.0244,0.0077,-0.3334,-0.2012
1394,1.394,0.0002,0.001,0.0209,0.0072,-0.4727,-0.2661
1395,1.395,-0.0058,-0.0006,0.0044,0.0043,-0.5985,-0.3248
1396,1.396,-0.0005,-0.0011,0.0015,-0.0015,-0.4863,-0.2725
1397,1.397,-0.0012,-0.0025,-0.0012,-0.01,-0.3841,-0.8974
1398,1.398,0.0071,-0.0036,0.0061,-0.0132,-1.6014,-0.9832
1399,1.399,0.0061,0.0012,0.0126,-0.0037,-1.4365,-0.2861
1400,1.4,0.003,-0.0004,0.0351,-0,-0.3794,0.1838
1401,1.401,0.0022,-0.0009,0.05,0.0055,0.3092,0.2703
1402,1.402,0.0013,-0.0013,0.0473,0.0066,0.4364,0.3483
1403,1.403,0.0006,-0.0055,0.0399,0.0093,0.5512,0.2786
1404,1.404,0.0071,-0.0038,0.0151,-0.0002,0.4495,0.2149
1405,1.405,0.0011,0.002,-0.0014,0.001,0.3565,0.6216
1406,1.406,0.0037,-0.0004,-0.0238,-0.011,1.0436,1.023
1407,1.407,-0.0016,0.0033,-0.0509,-0.0078,1.6401,0.5471
1408,1.408,-0.0023,0.0069,-0.0474,0.0017,0.7887,-0.0303
1409,1.409,-0.0053,0.0026,-0.0244,-0.0021,-0.0069,-0.2642
1410,1.41,-0.0013,-0.0003,-0.0035,-0.0032,-0.3182,-0.3357
1411,1.411,-0.0018,-0.0008,0.0156,-0.0001,-0.4134,-0.2726
1412,1.412,-0.0006,-0.0039,0.0084,0.0025,-0.4997,-0.2153
1413,1.413,-0.0071,-0.0051,-0.0027,0.0034,-0.4233,-0.3741
1414,1.414,-0.0079,0.0006,0.0033,0.0055,-0.6344,-0.9991
1415,1.415,-0.002,-0.0054,-0.021,0.0034,-1.5939,-0.7444
1416,1.416,0.0002,0.0015,-0.0243,0.0004,-1.1831,-0.047
1417,1.417,-0.0063,-0.0012,-0.0095,0.0032,-0.3087,0.2354
1418,1.418,-0.0122,-0.0021,-0.0177,0.0016,0.2606,0.3216
1419,1.419,-0.01,0.0047,-0.0201,-0.0054,0.3655,0.3994
1420,1.42,-0.0022,-0.0018,-0.0314,-0.0024,0.4604,0.3296
1421,1.421,0.0009,-0.0061,-0.0294,0.006,0.5463,0.1378
1422,1.422,0.0093,-0.0009,-0.0164,0.0116,0.4695,0.7769
1423,1.423,0.0061,0.004,-0.0012,0.0021,1.5245,0.8621
1424,1.424,0.0031,-0.0003,0.0049,-0.0017,1.3745,0.3195
1425,1.425,0.0058,-0.0033,0.0217,-0.0007,0.4134,-0.1748
1426,1.426,0.0049,-0.0111,0.0241,-0.0102,-0.2124,-0.2406
1427,1.427,-0.0003,-0.019,0.0182,-0.0241,-0.3281,-0.2998
1428,1.428,0.0017,-0.0118,0.0203,-0.026,-0.4323,-0.3536
1429,1.429,0.0021,0.0022,0.0221,-0.0074,-0.5269,-0.2101
1430,1.43,-0.0031,0.0042,0.0236,-0.0051,-0.4425,-0.6036
1431,1.431,-0.0096,0.0022,0.014,0.0015,-0.9845,-1.0798
1432,1.432,-0.0054,0.0038,0.0129,0.0075,-1.7586,-0.5045
1433,1.433,0.0015,0.0053,0.0073,0.0057,-0.8314,0.0389
1434,1.434,0.0007,0.0039,0.0021,-0.0164,0.0439,0.2511
1435,1.435,0.0032,0.005,0.0029,-0.0193,0.3869,0.3159
1436,1.436,0.0054,0.0039,0.0037,-0.0056,0.4919,0.3745
1437,1.437,0.006,0.0028,-0.0079,0.0016,0.587,0.3222
1438,1.438,-0.0023,0.0073,-0.0198,0.0082,0.5032,0.3703
1439,1.439,0.0009,0.0013,-0.0091,0.0062,0.5812,1.0255
1440,1.44,-0.0022,-0.001,-0.0022,0.0117,1.6366,0.7449
1441,1.441,0.0024,-0.0004,0.0118,0.0168,1.1849,0.1476
1442,1.442,-0.0018,-0.0035,0.0398,0.0152,0.2231,-0.2412
1443,1.443,0.0051,0.0041,0.0359,0.0139,-0.4026,-0.313
1444,1.444,0.0024,-0.0117,0.0252,0.0101,-0.518,-0.3779
1445,1.445,0.0032,-0.0184,0.0022,0.0133,-0.4164,-0.3206
1446,1.446,0.001,-0.0124,-0.0006,0.0123,-0.5108,-0.2683
1447,1.447,0.0074,-0.0031,-0.0142,0.0001,-0.4261,-0.8931
1448,1.448,0.0032,-0.0015,-0.0069,-0.0017,-1.4322,-0.9789
1449,1.449,0.0054,0.006,-0.0046,0.0029,-1.5701,-0.2817
1450,1.45,0.0004,0.0073,-0.0025,-0.0124,-0.4468,0.1883
1451,1.451,0.0035,0.0036,0.0031,-0.0225,0.3109,0.275
1452,1.452,0.0029,0.0113,0.0083,0.0017,0.451,0.3532
1453,1.453,0.0014,0.0102,0.0129,-0.0082,0.5772,0.2837
1454,1.454,-0.0047,0.0038,0.0033,-0.011,0.4654,0.2202
1455,1.455,-0.0005,0.0046,-0.0055,-0.0029,0.3633,0.6269
1456,1.456,-0.0011,0.0067,-0.0133,0.0094,1.0192,0.9969
1457,1.457,-0.0005,0.0103,-0.0144,0.016,1.616,0.4682
1458,1.458,-0.0088,0.0045,-0.0285,0.0139,0.7647,-0.0256
1459,1.459,-0.0055,0.0066,-0.0345,0.0046,-0.0308,-0.2192
1460,1.46,-0.0066,0.006,-0.029,-0.0073,-0.342,-0.2783
1461,1.461,-0.002,0.0042,-0.0036,-0.0058,-0.4373,-0.332
1462,1.462,0.0006,0.0025,0.051,0.0012,-0.5236,-0.2845
1463,1.463,-0.0016,-0.001,0.0588,0.0024,-0.4471,-0.3285
1464,1.464,-0.0037,0.005,0.0374,0.0014,-0.6583,-0.9242
1465,1.465,-0.0079,0.0008,0.031,0.0066,-1.6179,-0.6693
1466,1.466,-0.0084,0.0001,0.0252,0.0058,-1.2071,-0.1263
1467,1.467,-0.0016,-0.0034,0.0093,0.0117,-0.0835,0.2272
1468,1.468,-0.0061,0.0008,-0.0051,0.0048,0.3718,0.2924
1469,1.469,-0.0035,0.0026,-0.0094,-0.0015,0.5111,0.3512
1470,1.47,0.0002,0.0031,-0.0211,-0.0023,0.637,0.299
1471,1.471,0.0067,-0.0038,-0.0246,-0.0123,0.5249,0.2512
1472,1.472,0.0042,-0.0047,-0.0343,-0.0053,0.4228,0.819
1473,1.473,0.002,-0.0019,-0.0793,-0.0115,1.4529,0.8967
1474,1.474,0.0014,-0.0027,-0.0986,-0.0192,1.3168,0.2628
1475,1.475,0.0071,-0.0033,-0.0927,-0.0119,0.4432,-0.1645
1476,1.476,0.0094,-0.0012,-0.0554,-0.0015,-0.3529,-0.2433
1477,1.477,0.0074,-0.0007,0.0077,-0.0002,-0.4584,-0.3145
1478,1.478,0.0031,0.001,0.0163,0.0086,-0.5535,-0.3791
1479,1.479,0.0072,0.0036,0.0241,0.0054,-0.4696,-0.2052
1480,1.48,0.0037,0.0025,0.017,0.0024,-0.3931,-0.5749
1481,1.481,0.0025,-0.0039,0.0362,0.0033,-1.0264,-1.1037
1482,1.482,0.0037,-0.0047,0.0419,0.0043,-1.7934,-0.4704
1483,1.483,0.0012,-0.0038,0.0366,-0.0009,-0.8664,0.1272
1484,1.484,-0.004,0.0015,0.0317,0.0098,0.0086,0.2063
1485,1.485,-0.0018,0.0022,0.036,0.0023,0.3512,0.2778
1486,1.486,-0.0038,-0.0019,0.008,0.001,0.4556,0.3426
1487,1.487,-0.0008,-0.0048,0.0114,-0.0002,0.5503,0.2853
1488,1.488,-0.0024,-0.0022,0.0081,-0.0034,0.466,0.3385
1489,1.489,-0.005,-0.001,0.005,-0.0106,0.6982,0.9634
1490,1.49,-0.0046,0.0019,0.013,-0.0021,1.7531,0.7087
1491,1.491,-0.0049,-0.0006,0.0152,-0.0011,0.9994,0.166
1492,1.492,0.0008,-0.0029,-0.0053,-0,0.3115,-0.1871
1493,1.493,0.0034,0.0002,-0.0026,0.0008,-0.3149,-0.2522
1494,1.494,-0.0003,0.0044,-0.0049,0.0034,-0.4304,-0.3108
1495,1.495,0.0017,0.0049,-0.0027,-0.0003,-0.5349,-0.3641
1496,1.496,0.0047,0.0002,-0.0169,0.0017,-0.4425,-0.2203
1497,1.497,0.01,0.0071,-0.0113,0.0023,-0.3581,-0.8754
1498,1.498,0.0022,-0.005,-0.0063,0.0039,-1.5193,-0.9692
1499,1.499,0.0052,0.0001,-0.0018,0.0004,-1.6862,-0.3725
1500,1.5,-0.0032,-0.0014,0.0051,0.0001,-0.6295,0.1712
1501,1.501,0.0045,-0.0001,0.0062,-0.0028,0.3332,0.2432
1502,1.502,-0.007,0.0037,0.0006,-0.001,0.46,0.3083
1503,1.503,-0.0024,0.0004,0.01,-0.0013,0.5744,0.3672
1504,1.504,-0.0065,0.0035,0.0037,0.0038,0.4725,0.2094
1505,1.505,-0.0077,-0.003,0.0068,0.0073,0.3792,0.642
1506,1.506,-0.0067,0.003,-0.0048,0.0156,0.9751,1.0493
1507,1.507,-0.0031,-0.0021,-0.015,0.0103,1.671,0.5001
1508,1.508,-0.0021,-0.0015,0.0018,0.0071,0.8191,-0.0826
1509,1.509,0.0006,0.0005,0.0129,-0.0044,0.0232,-0.1614
1510,1.51,0.0015,-0.0012,0.0393,-0.0029,-0.2884,-0.2326
1511,1.511,-0.0022,-0.0008,0.0356,-0.0043,-0.384,-0.2972
1512,1.512,-0.0058,-0.0013,0.0257,-0.0032,-0.4706,-0.2397
1513,1.513,-0.0063,-0.0036,0.0048,-0.0042,-0.3944,-0.3982
1514,1.514,-0.0046,-0.0048,-0.0144,-0.0095,-0.6059,-1.0228
1515,1.515,0.0001,-0.0084,-0.0169,-0.0087,-1.5657,-0.7677
1516,1.516,-0.0068,-0.0154,-0.0417,-0.0199,-1.1551,-0.0698
1517,1.517,-0.0077,-0.0249,-0.0449,-0.0245,-0.2809,0.2129
1518,1.518,-0.0034,-0.0086,-0.0599,-0.0148,0.2884,0.2992
1519,1.519,0.0003,-0.002,-0.0462,-0.016,0.3931,0.3773
1520,1.52,0.0039,-0.0163,-0.009,-0.0105,0.4878,0.3076
1521,1.521,0.0056,-0.0182,0.0175,-0.0053,0.5736,0.244
1522,1.522,0.0039,-0.0098,0.0222,-0.0008,0.3416,0.8834
1523,1.523,0.0054,0.0008,-0.0086,0.0121,1.3964,0.7987
1524,1.524,0.0084,0.0104,-0.0048,0.0102,1.5476,0.2561
1525,1.525,0.0045,0.0066,0.006,0.0118,0.5861,-0.0973
1526,1.526,0.002,0.0097,0.0158,0.0133,-0.2893,-0.2907
1527,1.527,0.0008,0.0107,0.0246,0.0119,-0.4052,-0.3496
1528,1.528,0.0037,0.0115,0.0274,0.0006,-0.5096,-0.2975
1529,1.529,0.0047,0.0055,0.0298,-0.0101,-0.6044,-0.2499
1530,1.53,0.0008,0.0076,0.0321,-0.0142,-0.3498,-0.6432
1531,1.531,0.0033,0.0083,0.026,-0.013,-1.0467,-1.0132
1532,1.532,0.0002,0.004,0.0168,-0.0005,-1.7028,-0.4846
1533,1.533,0.0005,0.0068,0.005,0.0113,-0.9364,0.0092
1534,1.534,-0.002,0.0052,0.0035,0.0067,0.1993,0.2028
1535,1.535,-0.0023,0.0064,0.0244,0.008,0.353,0.2619
1536,1.536,0.0007,-0.0001,0.0095,0.0117,0.492,0.3154
1537,1.537,0.001,-0.0029,0.0286,0.0149,0.618,0.2679
1538,1.538,0.002,0.0049,0.0359,0.0139,0.5059,0.3118
1539,1.539,-0.0024,-0.0004,0.0247,0.0112,0.6093,0.9074
1540,1.54,0.0017,0.0023,-0.0059,0.012,1.6397,0.6523
1541,1.541,-0.0019,-0.0003,-0.0545,0.0067,1.2291,0.1093
1542,1.542,-0.0016,0.0019,-0.0737,0.0047,0.1051,-0.2441
1543,1.543,0.0049,0.0068,-0.0912,-0.0048,-0.3498,-0.1814
1544,1.544,0.0076,0.0051,-0.086,-0.0089,-0.489,-0.2403
1545,1.545,0.005,0.0034,-0.0327,-0.0052,-0.6148,-0.2936
1546,1.546,0.0013,-0.0002,0.0028,0.0004,-0.5026,-0.2461
1547,1.547,0.0034,0.001,0.0092,-0.0069,-0.4001,-0.8141
1548,1.548,-0.0009,-0.0002,-0.0083,-0.0172,-1.4302,-0.8919
1549,1.549,-0.0004,0.0001,-0.0031,-0.0159,-1.5681,-0.2581
1550,1.55,-0.0029,-0.0038,0.0112,-0.002,-0.4451,0.1695
1551,1.551,-0.0017,0.002,0.0068,0.0073,0.3123,0.2484
1552,1.552,-0.0021,0.0027,0.0186,0.009,0.4525,0.3195
1553,1.553,0.0021,-0.0022,0.0223,0.0044,0.5787,0.3842
1554,1.554,-0.0067,-0.0038,0.0256,0.0057,0.4669,0.2104
1555,1.555,-0.0104,0.005,0.0229,0.007,0.3649,0.5802
1556,1.556,-0.0114,0.0038,0.0203,0.006,1.0208,1.013
1557,1.557,-0.0062,0.0007,0.018,-0.0013,1.6175,0.4898
1558,1.558,-0.0035,-0.0046,0.0336,-0.0004,0.7662,-0.0039
1559,1.559,-0.0026,0.0019,0.0397,-0.0013,-0.0293,-0.1975
1560,1.56,-0.0004,0.0045,0.0305,-0.0006,-0.3405,-0.2565
1561,1.561,0.0016,0.0008,0.039,0.0014,-0.4357,-0.31
1562,1.562,0.0033,0.0002,0.0252,0.0044,-0.5218,-0.2624
1563,1.563,0.0038,0.0019,0.0085,0.0027,-0.4452,-0.3934
1564,1.564,0.0023,0.0014,-0.0026,-0.003,-0.6562,-0.9891
1565,1.565,0.002,-0.0001,-0.0291,-0.0037,-1.6155,-0.7342
1566,1.566,-0.0009,-0.0042,-0.0472,-0.0086,-1.2045,-0.0364
1567,1.567,0.0009,-0.0059,-0.0374,-0.0044,-0.0804,0.2464
1568,1.568,-0.003,-0.0043,-0.0285,-0.0061,0.3754,0.333
1569,1.569,0.0048,-0.002,-0.0148,-0.0035,0.5146,0.2565
1570,1.57,0.0016,-0.0058,-0.0471,-0.0023,0.6405,0.3273
1571,1.571,0.0047,-0.0022,-0.0249,0.0024,0.5283,0.2637
1572,1.572,0.002,0.0048,-0.0048,-0.0045,0.4264,0.903
1573,1.573,0.0062,0.0079,0.0135,-0.0036,1.4565,0.8184
1574,1.574,0.004,-0.0023,0.0038,0.0007,1.3204,0.2758
1575,1.575,0.002,0.0018,0.0068,0.0001,0.4471,-0.218
1576,1.576,0.0014,0.0007,0.0151,-0.0019,-0.3486,-0.2834
1577,1.577,0.0009,0.0018,0.0177,-0.0049,-0.454,-0.3422
1578,1.578,-0.0016,-0.0011,0.02,0.0028,-0.549,-0.29
1579,1.579,0.0014,-0.0019,0.014,-0.0003,-0.4651,-0.2422
1580,1.58,0.0002,0.0024,0.0085,-0.0011,-0.3886,-0.6355
1581,1.581,-0.004,-0.0013,0.0204,0.0014,-1.0218,-1.0052
1582,1.582,-0.0081,0.0008,0.0066,0.0114,-1.7885,-0.4762
1583,1.583,-0.0076,0.004,-0.0102,0.0101,-0.8612,0.018
1584,1.584,-0.0025,0.0012,-0.0036,0.0064,0.014,0.2117
1585,1.585,-0.0018,-0.0003,0.0025,-0.0038,0.3569,0.2709
1586,1.586,-0.0001,-0.0014,0.0082,-0.0051,0.4616,0.3245
1587,1.587,-0.0006,-0.0061,-0.0003,-0.0063,0.5563,0.2772
1588,1.588,-0.0032,-0.003,0.0043,-0.0052,0.4723,0.4085
1589,1.589,-0.0009,-0.0025,-0.0053,0.0001,0.7049,1.0043
1590,1.59,-0.003,-0.005,-0.0064,0.0047,1.7602,0.7495
1591,1.591,-0.0019,0.002,0.0106,0.0005,1.0066,0.0518
1592,1.592,-0.0009,-0.001,0.0129,-0.0016,0.319,-0.2307
1593,1.593,0.0035,-0.0001,-0.0118,0.002,-0.3069,-0.317
1594,1.594,0.0007,-0.0009,-0.015,0.0051,-0.4223,-0.2403
1595,1.595,0.0032,-0.0002,0.0241,0.0023,-0.5265,-0.311
1596,1.596,0.0036,0.0047,0.0401,-0.0035,-0.4341,-0.2473
1597,1.597,0.0039,-0.0036,0.0451,-0.0087,-0.3496,-0.8865
1598,1.598,0.0021,-0.0004,0.0408,0.002,-1.5106,-0.972
1599,1.599,0.0004,-0.0014,0.0048,0.0035,-1.6773,-0.2746
1600,1.6,0.0008,-0.0078,-0.0388,0.0049,-0.6206,0.1955
1601,1.601,-0.0018,-0.0053,-0.068,0.0038,0.3421,0.2821
1602,1.602,-0.0014,-0.009,-0.0838,-0.0087,0.4693,0.3605
1603,1.603,0.0016,-0.0025,-0.079,-0.0138,0.584,0.2911
1604,1.604,-0.0002,-0,-0.0304,-0.0031,0.4824,0.2278
1605,1.605,0.0022,-0.0007,0.0148,0.001,0.3893,0.6346
1606,1.606,0.0045,-0.0013,0.0323,0.0022,0.9852,1.0045
1607,1.607,0.0003,0.0004,0.0271,0.0054,1.6822,0.4759
1608,1.608,0.0003,0.0067,0.002,0.0073,0.8278,-0.0348
1609,1.609,0.0034,0.0038,0.0095,0.0042,-0.0179,-0.2474
1610,1.61,0.0029,0.0053,0.0091,0.0051,-0.3605,-0.3124
1611,1.611,-0.0029,0.0104,0.0101,0.0059,-0.4651,-0.3712
1612,1.612,-0.0006,-0.0003,0.0047,0.0066,-0.5601,-0.2133
1613,1.613,0,0.0012,-0.0088,0.0087,-0.4761,-0.3578
1614,1.614,0.0017,-0.0029,-0.0062,0.0092,-0.7087,-1.0133
1615,1.615,0.0046,0.0008,0.002,0.0028,-1.7642,-0.7329
1616,1.616,0.0041,-0.0024,0.0145,0.0019,-1.3126,-0.1358
1617,1.617,0.0053,-0.0014,0.0064,-0.0096,-0.0763,0.253
1618,1.618,-0.0012,-0.0023,-0.002,-0.0045,0.4244,0.3244
1619,1.619,-0.0003,-0.0015,-0.0128,0.0001,0.5771,0.389
1620,1.62,0.0005,-0.0022,-0.0277,-0.004,0.4414,0.3314
1621,1.621,0.0012,0.0042,-0.0159,-0.0103,0.5668,0.2787
1622,1.622,0.0005,0.0033,-0.013,-0.0093,0.454,0.9032
1623,1.623,0.0047,-0.0004,-0.005,0.0002,1.3809,0.8184
1624,1.624,-0.0029,0.0016,-0.0272,0.0039,1.5061,0.2756
1625,1.625,-0.004,0.0085,-0.0109,0.0028,0.4849,-0.2185
1626,1.626,-0.0013,0.0021,0.0023,0.0038,-0.2038,-0.2841
1627,1.627,-0.0004,-0.0005,0.0268,0.0046,-0.331,-0.3431
1628,1.628,-0.0011,0.0001,0.028,0.0004,-0.4456,-0.2911
1629,1.629,0.0009,0.0021,0.0404,0.001,-0.5495,-0.3396
1630,1.63,-0.0048,-0.0074,0.0459,0.0003,-0.4564,-0.7331
1631,1.631,-0.0027,-0.0199,0.0347,-0.0055,-1.0525,-1.1032
1632,1.632,-0.0047,-0.0149,0.0173,-0.0062,-1.7496,-0.4785
1633,1.633,-0.0005,-0.0043,0.0134,-0.0013,-0.9066,0.119
1634,1.634,-0.0022,-0.0002,0.001,-0.0108,0.1161,0.3527
1635,1.635,-0.0079,0.0035,-0.01,-0.0148,0.5305,0.2835
1636,1.636,-0.0116,0.0024,-0.0096,-0.0086,0.4082,0.3482
1637,1.637,-0.0096,0.0054,-0.013,-0.0031,0.523,0.2907
1638,1.638,-0.0066,0.0027,-0.0047,-0.0104,0.4214,0.3437
1639,1.639,-0.0049,0.0069,0.0218,-0.0208,0.703,1.0645
1640,1.64,-0.0034,0.009,0.0069,-0.0221,1.64,0.756
1641,1.641,-0.0022,0.0012,-0.0032,-0.0083,1.0178,0.0993
1642,1.642,-0.0025,0.0022,-0.0368,-0.0028,0.2228,-0.1579
1643,1.643,-0.0015,0.0013,-0.0396,0.0023,-0.2943,-0.2368
1644,1.644,0.0002,0.0056,-0.0534,0.0129,-0.3899,-0.3078
1645,1.645,-0.0015,0.0077,-0.044,0.0032,-0.476,-0.3724
1646,1.646,-0.0009,0.0028,0.0053,0.0043,-0.554,-0.1986
1647,1.647,0.0008,-0.0014,0.0279,0.0098,-0.3434,-0.8855
1648,1.648,-0.0014,-0.001,0.022,0.0088,-1.3025,-0.9797
1649,1.649,0.0028,0.0058,0.016,0.0133,-1.4401,-0.2129
1650,1.65,0.0058,-0.0046,0.001,0.0054,-0.5662,0.0978
1651,1.651,0.0063,-0.0005,-0.0021,0.0084,0.2299,0.193
1652,1.652,0.0078,-0.0068,-0.002,0.0092,0.336,0.279
1653,1.653,0.0089,-0.0146,0.0055,0.0134,0.6186,0.3569
1654,1.654,0.0025,-0.0219,0.0017,0.0081,0.535,0.2871
1655,1.655,-0.0003,-0.0078,0.0063,0.0087,0.4586,0.6068
1656,1.656,0.0056,0.0023,0.0136,0.0045,1.0922,1.0138
1657,1.657,0.005,0.0079,0.016,-0.0044,1.689,0.538
1658,1.658,0.0043,0.0096,0.0137,0.0019,0.8378,-0.0394
1659,1.659,0.0012,0.005,0.0169,0.0008,-0.1843,-0.2733
1660,1.66,0.0017,0.0037,0.0287,-0.0065,-0.3239,-0.3447
1661,1.661,0.0042,0.0025,0.0241,-0.011,-0.4499,-0.2816
1662,1.662,0.0045,0.0035,0.0221,-0.0136,-0.564,-0.2242
1663,1.663,0.0016,0.0065,0.0153,-0.0066,-0.4617,-0.3827
1664,1.664,0.0051,0.0057,0.0071,-0.0002,-0.5556,-1.0075
1665,1.665,0.0063,0.0065,-0.0162,0.0023,-1.8326,-0.7526
1666,1.666,0.0007,-0.0035,-0.0266,0.006,-1.2857,-0.0548
1667,1.667,0.0029,0.0034,-0.0223,0.0024,-0.1223,0.2279
1668,1.668,0.0078,-0.0003,-0.0167,0.0081,0.3335,0.3144
1669,1.669,0.0061,-0.0059,-0.0007,0.0044,0.4731,0.3924
1670,1.67,0.0032,-0.0028,0.0208,0.0023,0.5992,0.3228
1671,1.671,0.0016,-0.0019,-0.0019,0.0066,0.4871,0.2592
1672,1.672,-0.0026,-0.0011,0.0036,0.0071,0.3848,0.8984
1673,1.673,-0.0021,0.0011,0.0006,0.0086,1.415,0.8139
1674,1.674,-0.0068,-0.0009,0.0064,0.0036,1.5528,0.2714
1675,1.675,-0.0163,0.0033,-0.0045,-0.0013,0.43,-0.2223
1676,1.676,-0.015,0.0017,-0.0136,0.0029,-0.3268,-0.2877
1677,1.677,-0.0062,-0.003,-0.0236,-0.0035,-0.4662,-0.3467
1678,1.678,-0.0052,0.0027,-0.0263,-0.0026,-0.592,-0.2946
1679,1.679,-0.0021,0.0021,-0.0163,-0.0064,-0.4798,-0.2469
1680,1.68,-0.0049,0,-0.0055,-0.0084,-0.3775,-0.6402
1681,1.681,-0.0074,0.0043,0.0049,-0.0079,-1.0332,-1.0103
1682,1.682,-0.0037,-0.0021,0.0105,-0.0026,-1.8,-0.4816
1683,1.683,-0.0044,0.0021,0.0023,-0.0019,-0.8728,0.0124
1684,1.684,-0.0013,-0.0031,0.0014,-0.0061,0.0025,0.2062
1685,1.685,-0.0018,0.0005,-0.0001,-0.0008,0.3453,0.2654
1686,1.686,-0.0033,0.0023,0.01,-0.0001,0.4499,0.3191
1687,1.687,-0.0002,-0.0017,0.0093,0.0016,0.5447,0.2716
1688,1.688,0.0018,-0.0001,0.0037,-0.0001,0.4603,0.4028
1689,1.689,0.0037,-0.0012,0.0161,0.0025,0.6926,0.9984
1690,1.69,0.0021,-0.0009,0.0086,-0.0017,1.7477,0.7436
1691,1.691,0.0018,0.0002,0.0026,0.0035,0.9941,0.2005
1692,1.692,0.002,-0.0036,0.0008,0.01,0.3061,-0.2935
1693,1.693,0.006,0.0011,-0.004,0.0075,-0.3198,-0.231
1694,1.694,0.0044,0.0017,-0.019,0.0038,-0.4351,-0.2899
1695,1.695,0.0059,-0.0012,-0.0153,0.0045,-0.5392,-0.3433
1696,1.696,0.0072,-0.0047,0.0161,-0.0024,-0.4469,-0.1996
1697,1.697,0.0052,0.0022,0.0386,0.0022,-0.3627,-0.8549
1698,1.698,0.0078,0.0012,0.0487,0.003,-1.5238,-0.9491
1699,1.699,0.0076,-0.0052,0.0398,0.0083,-1.3589,-0.3526
1700,1.7,0.0066,0.0026,0.0121,0.0063,-0.6036,0.1911
1701,1.701,0.0029,0.0036,-0.0028,-0.0006,0.3592,0.2627
1702,1.702,-0.0006,0.0045,-0.0267,-0.007,0.486,0.3274
1703,1.703,-0.0009,-0.0014,-0.0499,-0.0112,0.6003,0.3859
1704,1.704,-0.0047,-0.0021,-0.0473,-0.009,0.4982,0.2279
1705,1.705,-0.0042,-0.0028,-0.0313,-0.0042,0.4053,0.6603
1706,1.706,-0.0019,-0.0033,-0.0198,0.0001,1.0012,1.0673
1707,1.707,0.001,0.0055,0.0079,-0.0088,1.698,0.4858
1708,1.708,0.0029,0.0067,0.0066,-0.0151,0.8545,-0.0577
1709,1.709,-0,0.003,0.0092,-0.0174,-0.0709,-0.2239
1710,1.71,-0.0045,0.0086,0.0064,-0.0143,-0.4139,-0.2954
1711,1.711,-0.0015,0.0013,-0.0017,-0.0006,-0.5189,-0.3604
1712,1.712,-0.001,-0.0051,-0.019,0.0086,-0.4268,-0.3032
1713,1.713,-0.0025,-0.0009,-0.0257,0.0035,-0.513,-0.3564
1714,1.714,-0.0003,-0.0016,-0.0399,0.0081,-0.5911,-1.0775
1715,1.715,0.0045,-0.0037,-0.0195,0.0067,-1.6468,-0.7693
1716,1.716,0.004,0.0046,0.0161,0.0079,-1.1955,-0.1129
1717,1.717,-0.0025,-0.0058,0.0498,0,-0.2337,0.3144
1718,1.718,0.0017,-0.0045,0.063,-0.0095,0.3923,0.238
1719,1.719,-0.0005,-0.0057,0.043,-0.0157,0.5076,0.3087
1720,1.72,-0.004,-0.0001,0.0249,-0.0167,0.6114,0.3729
1721,1.721,-0.0036,-0.0012,-0.0181,-0.0115,0.5189,0.1987
1722,1.722,0.0017,0.0015,-0.0356,0.0025,0.4342,0.7796
1723,1.723,-0.0019,-0.0028,-0.041,0.0085,1.4402,0.7024
1724,1.724,-0.0002,-0.0021,-0.0268,0.0103,1.3037,0.209
1725,1.725,0.0038,-0.0002,-0.0401,0.0052,0.43,-0.1129
1726,1.726,0.0002,0.0028,-0.0202,0.0036,-0.3663,-0.1728
1727,1.727,0.0032,-0.006,0.005,0.0105,-0.472,-0.3323
1728,1.728,0.0029,0.0002,0.028,0.0092,-0.5674,-0.2852
1729,1.729,0.0026,-0.0076,0.0367,0.0036,-0.4839,-0.2422
1730,1.73,-0.0026,-0.0067,0.0559,-0.0037,-0.4076,-0.5999
1731,1.731,0.0011,-0.0022,0.0486,-0.0046,-1.0411,-1.0329
1732,1.732,-0.0009,-0.0047,0.0332,-0.0037,-1.8081,-0.5099
1733,1.733,-0.0078,-0.0133,0.019,-0.0031,-0.8812,0.1248
1734,1.734,-0.0087,-0.0165,0.0022,-0.0038,0.243,0.2115
1735,1.735,-0.0078,-0.0113,-0.0089,-0.0043,0.3965,0.2898
1736,1.736,-0.0041,-0.0029,-0.0273,-0.0002,0.5351,0.3606
1737,1.737,-0.0035,0.0002,-0.0446,0.0076,0.6609,0.2971
1738,1.738,-0.0052,0.0032,-0.0468,0.0043,0.5487,0.3553
1739,1.739,-0.0128,0.0059,-0.0326,0.0053,0.6519,1.0422
1740,1.74,-0.0201,0.005,-0.0047,0.008,1.6822,0.7617
1741,1.741,-0.0155,0.0056,-0.0009,0.0071,0.9971,0.1645
1742,1.742,-0.0027,0.0049,-0.0117,0.0065,0.1225,-0.2243
1743,1.743,-0.0046,0.0118,-0.0086,0.0058,-0.4466,-0.296
1744,1.744,0.0005,0.0053,0.0002,0.0028,-0.346,-0.3606
1745,1.745,-0.001,0.0027,-0.0025,-0.0013,-0.441,-0.3033
1746,1.746,0.0003,0.008,-0.0001,0.0022,-0.5273,-0.251
1747,1.747,0.0015,0.0044,0.0336,0.0034,-0.4506,-0.8757
1748,1.748,0.0025,0.0086,0.048,-0.0005,-1.5057,-0.9613
1749,1.749,0.0077,-0.0003,0.0436,-0.0083,-1.6575,-0.264
1750,1.75,0.0085,0.006,0.0318,-0.0186,-0.4224,0.2061
1751,1.751,0.0127,0.0049,-0.0012,-0.0033,0.4096,0.2929
1752,1.752,0.0058,0.0039,-0.0232,0.0068,0.563,0.3711
1753,1.753,0.0103,0.0012,-0.0195,0.0087,0.4275,0.3017
1754,1.754,0.0008,0.0037,-0.0161,0.007,0.5533,0.2383
1755,1.755,0.0045,-0.0063,-0.0194,0.0024,0.4405,0.6452
1756,1.756,0.0077,0.0006,-0.0166,-0.0016,1.1613,1.0154
1757,1.757,0.0107,-0.0005,0.0026,0.0021,1.6299,0.4869
1758,1.758,0.0022,0.0005,0.0099,0.0054,0.8632,-0.0068
1759,1.759,0.0032,0.0015,0.0077,0.0064,-0.0666,-0.2002
1760,1.76,0.0042,0.0024,0.0098,0.0019,-0.4433,-0.2592
1761,1.761,0.0069,-0.0019,0.0154,-0.0059,-0.5583,-0.3126
1762,1.762,0.0077,0.0019,0.0138,-0.0028,-0.4569,-0.2649
1763,1.763,0.007,-0.0017,0.0153,-0.0054,-0.3642,-0.3959
1764,1.764,0.0034,0.0078,0.0084,0.0024,-0.6199,-0.9913
1765,1.765,0.0003,0.0091,-0.0029,0.0055,-1.7809,-0.7362
1766,1.766,0.0032,0.0004,-0.0167,-0.0047,-1.284,-0.0382
1767,1.767,0.0017,0.0014,-0.0185,-0.0172,-0.2259,0.2447
1768,1.768,0.0067,0.0024,0.0003,-0.0121,0.4629,0.3315
1769,1.769,0.006,-0.006,0.0028,0.0018,0.3409,0.2552
1770,1.77,0.0018,-0.005,0.0185,0.0038,0.4555,0.3264
1771,1.771,-0.0011,-0.006,0.0452,0.0089,0.5594,0.2632
1772,1.772,-0.0016,0.0044,0.0488,0.0136,0.4667,0.9028
1773,1.773,-0.0028,0.0031,0.0259,0.0124,1.4034,0.8184
1774,1.774,-0.0076,-0.0031,0.011,0.0136,1.5288,0.276
1775,1.775,-0.0118,0.0001,-0.0026,0.0034,0.5077,-0.2175
1776,1.776,-0.0206,0.0054,-0.0199,0.0021,-0.1806,-0.2825
1777,1.777,-0.0168,-0.003,-0.0402,-0.0066,-0.3075,-0.3409
1778,1.778,-0.0178,0.0027,-0.0483,-0.0143,-0.422,-0.2884
1779,1.779,-0.0083,0.0038,-0.0606,-0.0173,-0.526,-0.2402
1780,1.78,-0.0046,0.0011,-0.0583,-0.0164,-0.433,-0.633
1781,1.781,0.001,0.0021,-0.0277,-0.0104,-1.029,-1.1084
1782,1.782,-0,-0.0016,0.0031,-0.0034,-1.7258,-0.5324
1783,1.783,0.0027,-0.0035,-0.0008,-0.0061,-0.8826,0.0114
1784,1.784,0.0105,-0.004,0.0027,-0.0018,0.1402,0.2243
1785,1.785,0.0095,-0.001,0.0124,-0.007,0.2806,0.2896
1786,1.786,0.0104,-0.0035,0.0153,0.0037,0.4072,0.3487
1787,1.787,0.0044,0.0017,0.0126,0.0145,0.522,0.2967
1788,1.788,0.0051,-0.0018,0.0198,0.0132,0.4204,0.3452
1789,1.789,0.0045,-0.0022,0.0176,0.007,0.7019,1.0007
1790,1.79,0.0028,0.0067,0.0155,0.0039,1.6387,0.7205
1791,1.791,0.0011,-0.002,0.0099,-0.0033,1.0162,0.1234
1792,1.792,-0.0024,-0.0009,0.0014,-0.0024,0.2211,-0.2652
1793,1.793,-0.0054,-0.0018,-0.0032,-0.0016,-0.2963,-0.1964
1794,1.794,-0.0057,-0.0063,-0.0102,0.0069,-0.392,-0.2612
1795,1.795,-0.0038,-0.002,-0.0216,0.0079,-0.4782,-0.3198
1796,1.796,-0.0062,-0.0026,-0.0141,-0.0015,-0.5563,-0.2673
1797,1.797,-0.0011,-0.0019,0.0011,-0.0027,-0.3461,-0.8921
1798,1.798,-0.0031,0.0012,0.0316,0.0005,-1.3052,-0.9777
1799,1.799,-0.0014,-0.0004,0.0535,-0.0047,-1.4431,-0.2806
1800,1.8,-0.0008,0.0011,0.0255,-0.002,-0.5697,0.1894
1801,1.801,-0.0023,-0.0019,0.0289,0.0005,0.2263,0.2759
1802,1.802,0.0028,-0.0047,0.0385,0.0027,0.3321,0.3539
1803,1.803,0.0035,0.001,0.0234,0.0063,0.6147,0.2842
1804,1.804,0.0004,0.0002,-0.0125,0.0058,0.5308,0.2205
1805,1.805,-0.0001,-0.0005,-0.027,0.0017,0.4541,0.6271
1806,1.806,0.0077,0.0002,-0.0315,-0.0019,1.0874,0.9969
1807,1.807,0.0021,-0.0015,-0.0435,0.0032,1.6841,0.4679
1808,1.808,0.0051,-0.001,-0.0182,-0.0004,0.8324,-0.0263
1809,1.809,0.0043,0.0016,-0.0085,-0.0061,-0.1899,-0.2202
1810,1.81,0.0078,0.0056,-0.0151,-0.0026,-0.3517,-0.2861
1811,1.811,0.0036,0.0026,-0.024,-0.0019,-0.4907,-0.3452
1812,1.812,0.0029,0.0037,0.0006,-0.0026,-0.6166,-0.2933
1813,1.813,0.0022,0.0056,-0.0027,-0.0022,-0.5044,-0.3419
1814,1.814,-0.0036,0.0032,-0.0178,-0.0051,-0.6076,-0.9976
1815,1.815,0.0001,0.0014,-0.0261,-0.0004,-1.8252,-0.7175
1816,1.816,-0.0006,0.0007,-0.0387,-0.0035,-1.3283,-0.1207
1817,1.817,-0.0011,-0.001,-0.0143,0.0029,-0.2707,0.2679
1818,1.818,-0.0028,0.0001,-0.0114,-0.0083,0.4179,0.1988
1819,1.819,-0.0023,-0.0031,-0.0387,-0.0222,0.5445,0.2632
1820,1.82,-0.002,-0.001,-0.0354,-0.0241,0.4325,0.3214
1821,1.821,-0.0017,-0.0031,-0.0193,-0.0123,0.5362,0.2686
1822,1.822,-0.0043,-0.0035,0.0076,-0.0016,0.443,0.8929
1823,1.823,-0.0089,-0.0059,0.0327,-0.0003,1.5498,0.808
1824,1.824,-0.0106,-0.0035,0.0423,0.0034,1.3997,0.2651
1825,1.825,-0.009,-0.0038,0.0393,0.0066,0.4385,-0.2293
1826,1.826,-0.0043,-0.0037,0.031,0.0118,-0.1874,-0.2951
1827,1.827,-0.0012,-0.0054,0.0235,0.009,-0.3032,-0.3542
1828,1.828,0.0016,-0.0087,0.0167,0.0149,-0.4074,-0.4079
1829,1.829,-0.0019,-0.0157,0.0226,0.0064,-0.5024,-0.2645
1830,1.83,-0.0042,-0.0147,0.0243,0.0073,-0.4182,-0.5707
1831,1.831,-0.0038,-0.0026,0.0225,0.0083,-1.1152,-1.0079
1832,1.832,0.0019,0.0024,0.0085,0.0018,-1.7714,-0.4849
1833,1.833,0.0011,0.0008,-0.012,-0.0077,-0.835,0.1496
1834,1.834,0.0064,0.0048,-0.0257,-0.014,0.0401,0.2362
1835,1.835,0.0099,0.001,-0.0381,-0.0085,0.3826,0.3145
1836,1.836,0.0069,0.0087,-0.027,-0.0055,0.4872,0.3854
1837,1.837,0.0052,-0.0029,-0.0045,-0.0119,0.582,0.322
1838,1.838,-0.0026,-0.0168,0.0103,-0.0128,0.4978,0.3802
1839,1.839,-0.0016,-0.0113,0.0129,-0.0044,0.7303,1.0671
1840,1.84,-0.0005,0.0005,0.0105,0.0059,1.645,0.7865
1841,1.841,-0.0014,0.002,0.0216,0.0128,1.0223,0.1893
1842,1.842,-0.0039,0.006,0.0235,0.0215,0.2269,-0.1995
1843,1.843,0.0013,0.0071,0.0141,0.0159,-0.2906,-0.271
1844,1.844,0.0062,0.0103,0.0157,0.0086,-0.3865,-0.3356
1845,1.845,-0.0033,0.0112,0.0141,-0.0017,-0.473,-0.2781
1846,1.846,0.0008,0.0085,0.0181,-0.0004,-0.5513,-0.2257
1847,1.847,-0.0004,0.0059,0.0092,0.0008,-0.3412,-0.8504
1848,1.848,0.0028,0.0036,0.0036,-0.0003,-1.3006,-0.9359
1849,1.849,0.0038,0.0056,0.0066,0.005,-1.4386,-0.2386
1850,1.85,0.0011,0.0039,0.0093,0.0076,-0.5649,0.2316
1851,1.851,0.0036,0.001,0.0152,-0.0002,0.2312,0.3184
1852,1.852,0.0043,0.0025,0.0067,0.0028,0.3368,0.2422
1853,1.853,0.0036,0.0036,-0.0104,0.0092,0.619,0.3132
1854,1.854,-0.0006,0.0007,-0.0277,0.01,0.5352,0.2498
1855,1.855,0.0023,0.0049,-0.0389,0.0015,0.3037,0.6568
1856,1.856,0.0101,0.0044,-0.0409,-0.0156,1.0777,1.027
1857,1.857,-0.0002,0.0039,-0.0428,-0.0133,1.5932,0.4985
1858,1.858,0.0011,0.0017,-0.0309,-0.0067,0.7501,-0.136
1859,1.859,-0,0.0013,-0.0293,0.0034,-0.0457,-0.2225
1860,1.86,-0.0011,0.0032,-0.0112,0.0089,-0.3574,-0.3008
1861,1.861,-0.0021,0.0048,0.0012,0.0106,-0.4525,-0.3715
1862,1.862,-0.0048,0.0031,0.0168,0.006,-0.5389,-0.3079
1863,1.863,0.0011,-0.0011,0.0474,-0.0036,-0.4625,-0.3659
1864,1.864,-0.0011,-0.0006,0.0607,0.0026,-0.6736,-1.0527
1865,1.865,-0.0017,-0.0011,0.0568,0.0016,-1.6329,-0.7719
1866,1.866,-0.0034,0.0014,0.0604,-0.0099,-1.2223,-0.1744
1867,1.867,0.0018,0.0036,0.0507,-0.0176,-0.0983,0.2148
1868,1.868,-0.0017,-0.0011,0.0237,-0.0051,0.3575,0.2865
1869,1.869,-0.0022,-0.0006,0.0129,-0.0068,0.4972,0.3514
1870,1.87,0.0067,-0.0023,-0.0035,-0.0053,0.6232,0.2943
1871,1.871,0.0055,-0.0038,-0.0064,-0.0039,0.5114,0.2423
1872,1.872,-0.0023,-0.0041,-0.0309,-0.0002,0.4096,0.8672
1873,1.873,-0.0012,-0.0061,-0.0406,-0.0034,1.4399,0.953
1874,1.874,-0.0115,-0.0003,-0.0491,-0.0064,1.304,0.2559
1875,1.875,-0.0019,-0.0011,-0.0516,-0.0018,0.4307,-0.2138
1876,1.876,-0.0056,0.0042,-0.019,-0.0009,-0.3651,-0.3003
1877,1.877,-0.0023,-0.0022,-0.0055,-0.0016,-0.2645,-0.2237
1878,1.878,-0.0013,0.0038,-0.0172,0.0034,-0.5466,-0.2945
1879,1.879,-0.0021,0.0001,-0.0279,0.0064,-0.4626,-0.2309
1880,1.88,0.0004,0.0008,-0.031,0.0047,-0.386,-0.6375
1881,1.881,-0.0002,-0.0022,-0.0221,0.0095,-1.0191,-1.0072
1882,1.882,0.0034,-0.0026,-0.0139,0.0053,-1.7858,-0.4782
1883,1.883,-0.0008,-0.0031,-0.0162,0.0024,-0.8586,0.0159
1884,1.884,-0.0003,-0.0008,0.0042,-0.0011,0.0168,0.2097
1885,1.885,-0.0038,-0.0072,0.0125,-0.0023,0.3596,0.2691
1886,1.886,-0.0041,-0.0044,0.015,0.0024,0.4644,0.3228
1887,1.887,-0.002,0.0035,0.0263,0.0041,0.5592,0.2754
1888,1.888,-0.0001,-0.006,0.0163,0.0047,0.4752,0.4067
1889,1.889,-0.0011,0.0029,0.0183,0.0022,0.7079,1.0024
1890,1.89,-0.0014,-0.0003,0.0202,-0.0048,1.7634,0.7476
1891,1.891,-0.0007,0.005,0.0249,-0.01,1.0099,0.0499
1892,1.892,0.0032,0.0042,0.018,-0.0053,0.3221,-0.2327
1893,1.893,0.0097,-0.0052,0.0119,-0.0095,-0.3036,-0.3193
1894,1.894,0.0088,-0.004,0.0087,-0.0072,-0.4189,-0.243
1895,1.895,0.0067,-0.0007,-0.0049,-0.0036,-0.523,-0.314
1896,1.896,0.006,0.0046,0.0082,-0.0005,-0.4305,-0.2503
1897,1.897,-0.0009,0.0019,0.0066,0.0013,-0.3462,-0.8897
1898,1.898,-0.0001,0.0028,0.0021,0.0091,-1.5071,-0.9752
1899,1.899,0.0008,-0.0009,0.0034,0.0059,-1.6735,-0.2781
1900,1.9,0.0015,-0.0044,0.0097,0.0029,-0.6166,0.192
1901,1.901,0.0008,-0.0061,0.0018,0.0093,0.3462,0.2787
1902,1.902,-0.0034,0.0004,-0.0034,0.0085,0.4732,0.3567
1903,1.903,-0.0051,0.0012,-0.0155,0.0093,0.5877,0.2871
1904,1.904,-0.0016,-0.001,-0.0273,0.0171,0.486,0.2235
1905,1.905,-0.0028,-0.0003,-0.0317,0.0056,0.393,0.6302
1906,1.906,0.0037,0.0067,-0.0247,0.0071,1.1594,1.0001
1907,1.907,0.0082,-0.0018,-0.0056,0.0084,1.6749,0.4713
1908,1.908,0.004,0.006,0.0191,0.0096,0.8319,-0.0226
1909,1.909,0.0061,0.003,0.0094,-0.0074,-0.1905,-0.2163
1910,1.91,-0.0017,0.0094,0.0123,-0.0298,-0.3303,-0.2755
1911,1.911,-0,0.0082,0.0262,-0.0225,-0.4531,-0.3216
1912,1.912,-0.001,-0.0012,0.0236,-0.0076,-0.5789,-0.2696
1913,1.913,-0.0019,-0.0001,0.0113,0.0061,-0.4667,-0.4142
1914,1.914,-0.0078,0.0009,0.0048,0.0134,-0.57,-1.0697
1915,1.915,-0.0072,-0.0021,-0.0053,0.0023,-1.7876,-0.7894
1916,1.916,-0.0136,-0.0086,0.0078,-0.0038,-1.2906,-0.022
1917,1.917,-0.0128,-0.0027,0.0332,-0.0019,-0.2329,0.2885
1918,1.918,-0.0043,-0.0005,0.0514,0.0032,0.4557,0.1962
1919,1.919,0.0012,-0.0025,0.0216,-0.0013,0.3332,0.282
1920,1.92,-0.0018,-0.0068,-0.0224,-0.0026,0.4477,0.3598
1921,1.921,-0.001,-0.0051,-0.0517,-0.0089,0.5514,0.2898
1922,1.922,0.0016,-0.0036,-0.057,-0.0056,0.4581,0.8652
1923,1.923,0.0053,-0.0106,-0.0715,0.0017,1.3944,0.9429
1924,1.924,0.0046,-0.0221,-0.0671,0.0082,1.5196,0.3089
1925,1.925,0.0062,-0.0083,-0.0393,0.0004,0.4983,-0.1186
1926,1.926,0.0045,-0.0027,-0.0139,0.0014,-0.1902,-0.1975
1927,1.927,0.003,0.0057,0.0091,0.0023,-0.3173,-0.2687
1928,1.928,0.0008,-0.0049,0.0361,0.0049,-0.4318,-0.3332
1929,1.929,0.0011,0.0047,0.0469,-0.0004,-0.5358,-0.2756
1930,1.93,-0.0032,0.0084,0.0239,-0.0024,-0.4428,-0.6454
1931,1.931,0.0032,0.0028,0.0151,-0.0041,-1.039,-1.0782
1932,1.932,-0.001,0.01,-0.0149,-0.0013,-1.7361,-0.4387
1933,1.933,-0.0033,0.0054,-0.0266,-0.0008,-0.8933,-0.0114
1934,1.934,-0.004,-0.0005,-0.0301,-0.002,0.1293,0.2224
1935,1.935,-0.0109,-0.0028,-0.0202,0.0044,0.5435,0.2938
1936,1.936,-0.0118,0.0021,-0.0052,-0.0041,0.4211,0.3586
1937,1.937,-0.0059,0.0004,0.0087,-0.0097,0.5357,0.3012
1938,1.938,-0.0053,-0.0013,0.0111,-0.0024,0.434,0.3543
1939,1.939,-0.0004,0.0064,0.0178,-0.0015,0.7154,0.9792
1940,1.94,0.0026,0.0096,0.028,-0.0093,1.6523,0.7243
1941,1.941,0.0043,0.0066,0.0224,-0.0208,1.0299,0.1814
1942,1.942,0.0068,0.0057,0.0207,-0.0224,0.2346,-0.1719
1943,1.943,0.0037,-0.0021,0.0101,-0.0127,-0.2827,-0.2373
1944,1.944,0.0033,0.0009,-0.0052,-0.0065,-0.3785,-0.4124
1945,1.945,0.0043,0.0036,0.0131,0.0038,-0.4648,-0.3601
1946,1.946,0.0033,-0.0006,0.0402,0.0079,-0.5431,-0.3124
1947,1.947,0.0063,0,0.0366,0.0116,-0.4733,-0.8803
1948,1.948,0.0027,-0.0049,0.0397,0.0148,-1.4326,-0.958
1949,1.949,0.0015,0.0008,0.0309,-0.0009,-1.5705,-0.3241
1950,1.95,-0.0006,-0.0045,0.0008,-0.0075,-0.4475,0.2737
1951,1.951,0.0036,0.0004,-0.0351,0.0066,0.3094,0.1981
1952,1.952,0.0053,0.0046,-0.0493,0.0159,0.4494,0.2694
1953,1.953,0.0027,-0.0042,-0.0713,0.0142,0.5755,0.3343
1954,1.954,0.0023,-0.0005,-0.0513,0.0096,0.4635,0.2769
1955,1.955,0.002,-0.0037,-0.0259,0.011,0.3612,0.6468
1956,1.956,0.0077,0.0015,0.0038,0.0072,1.017,0.9838
1957,1.957,0.0069,-0.0012,0.0238,0.0016,1.6135,0.5033
1958,1.958,-0.0001,-0.0021,0.0273,0.0046,0.762,-0.0737
1959,1.959,-0.0028,-0.0043,0.0241,0.0091,-0.0337,-0.1525
1960,1.96,-0.0037,-0.0008,0.0213,0.0049,-0.3455,-0.2235
1961,1.961,-0.0106,0.0049,0.0133,0.0026,-0.4406,-0.288
1962,1.962,-0.0042,0.0042,0.0062,-0.0038,-0.5271,-0.2302
1963,1.963,-0.0034,0.0022,-0.0003,-0.003,-0.4508,-0.3885
1964,1.964,0.0003,-0.0021,-0.0022,-0.0052,-0.662,-1.0131
1965,1.965,-0.0046,0.002,-0.0002,-0.0145,-1.6216,-0.7579
1966,1.966,-0.0052,-0.0038,-0.0018,-0.0183,-1.2109,-0.0597
1967,1.967,-0.0057,-0.0031,0.0028,-0.0151,-0.0871,0.2235
1968,1.968,-0.0052,0.0004,0.0098,-0.0099,0.3681,0.3101
1969,1.969,-0.003,0.0009,0.0036,-0.0072,0.5074,0.3884
1970,1.97,-0.0009,0.0038,0.0046,-0.003,0.6331,0.3191
1971,1.971,-0.002,0.0033,0.0036,0.0006,0.5207,0.256
1972,1.972,-0.0016,0.0044,-0.0049,0.0026,0.4183,0.8956
1973,1.973,-0.0006,-0.002,-0.0059,0.0056,1.4483,0.8112
1974,1.974,0.0013,-0.0028,0.0078,0.0061,1.3119,0.269
1975,1.975,0.0015,-0.0003,0.0134,0.0036,0.4382,-0.2245
1976,1.976,0.0053,-0.0025,0.0152,0.0105,-0.3577,-0.2895
1977,1.977,0.0069,-0.006,0.0228,0.0157,-0.463,-0.3479
1978,1.978,0.0027,-0.003,0.0021,0.0149,-0.5582,-0.2955
1979,1.979,0.0032,0.0023,-0.037,0.0107,-0.4745,-0.2477
1980,1.98,0.008,0.0043,-0.0528,0.0144,-0.3981,-0.6407
1981,1.981,0.0049,-0.0014,-0.048,0.0095,-1.0316,-1.0105
1982,1.982,0.0055,0.0008,-0.026,0.0038,-1.7988,-0.4816
1983,1.983,0.0007,0.0029,-0.0142,-0.0046,-0.8719,0.0125
1984,1.984,-0.0035,0.0012,-0.0106,-0.0036,0.0028,0.2062
1985,1.985,-0.0006,-0.0028,-0.0137,-0.013,0.3453,0.2656
1986,1.986,0.002,0.002,0.0013,-0.0118,0.45,0.3193
1987,1.987,0.0008,-0.001,0.015,-0.0128,0.5445,0.272
1988,1.988,0.0021,-0.0051,0.0174,-0.0118,0.4599,0.4034
1989,1.989,-0.0005,-0.0035,0.024,-0.0014,0.692,0.9991
1990,1.99,0.0048,-0.0005,0.0301,-0.0028,1.7469,0.7443
1991,1.991,0.0086,-0.0016,0.0319,-0.004,0.9931,0.2015
1992,1.992,0.0022,0.0042,0.0504,-0.0007,0.305,-0.1516
1993,1.993,-0.0019,0.0033,0.0576,-0.0038,-0.3213,-0.2168
1994,1.994,-0.0026,-0.0004,0.0464,-0.0083,-0.4368,-0.2756
1995,1.995,-0.0005,0.0045,0.0361,-0.0041,-0.5413,-0.329
1996,1.996,-0.0047,0.0015,0.0082,-0.0019,-0.4489,-0.2813
1997,1.997,-0.0076,0.0032,-0.0358,0.0016,-0.3646,-0.8493
1998,1.998,-0.004,-0.0015,-0.0651,0.0033,-1.5258,-0.9271
1999,1.999,0.0011,0.0002,-0.0917,0.0062,-1.3611,-0.2933
2000,2,-0.0009,0.0043,-0.0676,0.0047,-0.606,0.1343
2001,2.001,-0.004,0.0007,-0.037,-0.0013,0.3567,0.2134
2002,2.002,-0.0023,-0.0015,-0.0092,0.0013,0.4837,0.2845
2003,2.003,0.0013,0.0033,0.0307,0.002,0.5982,0.3492
2004,2.004,-0.0038,0.0028,0.0253,0.0041,0.4963,0.1754
2005,2.005,-0.0017,-0.0013,0.0298,0.0084,0.4032,0.651
2006,2.006,-0.0034,-0.0018,0.0165,0.0043,0.9992,0.9711
2007,2.007,0.0006,0.0004,0.0126,-0.0034,1.6962,0.4477
2008,2.008,-0.0029,0.0033,-0.0129,-0.0066,0.8532,-0.0462
2009,2.009,-0.0026,0.0023,-0.0359,-0.0014,-0.1692,-0.2399
2010,2.01,0.0039,0.0013,-0.0449,-0.0005,-0.3089,-0.299
2011,2.011,0.0066,-0.0024,-0.0531,-0.0013,-0.4352,-0.3525
2012,2.012,0.0077,0.0015,-0.042,-0.002,-0.5138,-0.2634
2013,2.013,0.0035,0.0019,-0.0098,0.0032,-0.4015,-0.408
2014,2.014,0.0028,-0.002,0.0033,0.0039,-0.7106,-1.0636
2015,2.015,0.0035,-0.0035,0.0071,0.0044,-1.7408,-0.7833
2016,2.016,-0.0007,-0.0023,0.0251,0.0096,-1.0557,-0.016
2017,2.017,-0.0012,-0.0035,0.0282,0.0132,-0.1812,0.2945
2018,2.018,-0.0027,-0.0017,0.0253,0.0149,0.3884,0.2022
2019,2.019,-0.003,-0.0027,0.0279,0.0108,0.4935,0.2879
2020,2.02,-0.001,-0.001,0.0105,0.0133,0.5885,0.3657
2021,2.021,-0.0067,0.0004,0.017,0.0064,0.5045,0.2955
2022,2.022,-0.0145,-0.0013,0.0067,-0.0094,0.4277,0.8709
2023,2.023,-0.0155,-0.0006,-0.0065,-0.0072,1.4828,0.7939
2024,2.024,-0.0033,-0.001,0.0018,-0.0052,1.333,0.1597
2025,2.025,-0.0084,0.0003,0.0247,-0.0145,0.3718,-0.2679
2026,2.026,0.0023,0.0024,0.0344,-0.0196,-0.2539,-0.1923
2027,2.027,0.0009,-0.0015,0.0255,-0.0181,-0.3694,-0.2637
2028,2.028,-0.0002,-0.001,0.0173,-0.0084,-0.4734,-0.3285
2029,2.029,0.003,0.0048,0,-0.0173,-0.5677,-0.1549
2030,2.03,0.0082,0.0011,0.0021,-0.0183,-0.3127,-0.6308
2031,2.031,-0.0003,0.0031,-0.0164,-0.0131,-1.0091,-0.9511
2032,2.032,0.0029,-0.0064,-0.0437,-0.0123,-1.6647,-0.428
2033,2.033,0.0019,-0.016,-0.0402,-0.0028,-0.898,0.0657
2034,2.034,0.001,-0.0222,-0.0304,-0.0017,0.0324,0.259
2035,2.035,0.0035,-0.0074,0.0025,0.006,0.4094,0.3178
2036,2.036,0.0013,0.0028,0.0157,0.009,0.5247,0.3712
2037,2.037,-0.0008,0.0047,0.0196,0.0135,0.6292,0.3234
2038,2.038,-0.0039,0.003,0.0304,0.011,0.537,0.367
2039,2.039,-0.0068,0.0045,0.0336,0.0072,0.6227,0.9624
2040,2.04,-0.0063,0.0059,0.0307,0.0092,1.6294,0.7072
2041,2.041,-0.0022,0.0071,0.028,0.0097,1.2191,0.1641
2042,2.042,0.0031,0.0061,0.0108,0.0113,0.0954,-0.1895
2043,2.043,0.001,0.0008,-0.0095,0.0138,-0.3593,-0.255
2044,2.044,0.0104,0.0054,-0.0286,0.0169,-0.498,-0.3141
2045,2.045,0.009,0.0029,-0.0263,0.018,-0.6237,-0.2623
2046,2.046,0.0102,0.0035,-0.0285,0.0122,-0.5115,-0.215
2047,2.047,0.0069,-0.0014,-0.0061,-0.0006,-0.4091,-0.8705
2048,2.048,0.0121,-0.0019,0.0026,-0.0248,-1.4389,-0.9649
2049,2.049,0.0037,0.0021,0.0163,-0.0281,-1.5766,-0.3685
2050,2.05,0.0026,0.0069,0.0089,-0.0132,-0.4534,0.1749
2051,2.051,-0.0004,0.0011,0.0067,-0.0159,0.304,0.2463
2052,2.052,-0.0032,0.0048,0.0128,-0.0183,0.4438,0.311
2053,2.053,0.0027,0.0028,0.011,-0.0117,0.5697,0.3695
2054,2.054,-0.0057,0.0011,-0.0007,-0.0016,0.458,0.2115
2055,2.055,-0.0002,-0.003,-0.0052,-0.0035,0.356,0.6438
2056,2.056,-0.0032,-0.0025,-0.012,-0.0018,1.0117,1.0506
2057,2.057,-0.0005,0.0006,-0.0057,0.0058,1.6081,0.4692
2058,2.058,-0.0065,-0.0014,0.0114,0.0071,0.7564,-0.0744
2059,2.059,-0.0027,0.0021,0.0287,0.0033,-0.0393,-0.2871
2060,2.06,-0.0021,-0.0001,0.0221,0.0023,-0.351,-0.3523
2061,2.061,-0.0026,0.0063,-0.0004,0.0033,-0.4464,-0.2952
2062,2.062,-0.0043,0.0017,-0.0152,0.0041,-0.5327,-0.243
2063,2.063,-0.0048,-0.0042,-0.0231,0.0033,-0.4562,-0.3875
2064,2.064,-0.0052,-0.0005,-0.0353,-0.002,-0.6676,-1.0431
2065,2.065,-0.0055,-0.004,-0.0372,0.0058,-1.6273,-0.7628
2066,2.066,-0.0059,0.0017,-0.0186,0.0048,-1.2166,-0.1656
2067,2.067,-0.0013,-0.0035,-0.0061,0.0056,-0.0925,0.2232
2068,2.068,-0.0018,-0.0042,0.0144,0.0065,0.3627,0.2949
2069,2.069,-0.0024,-0.0047,0.0283,0.0149,0.5017,0.3596
2070,2.07,-0.0039,-0.0052,0.0112,0.0117,0.6276,0.3021
2071,2.071,-0.0016,-0.0068,0.0091,0.0023,0.5155,0.2497
2072,2.072,-0.0013,-0.0037,0.0152,0.006,0.4132,0.8745
2073,2.073,-0.0016,-0.0026,0.0209,-0.0018,1.443,0.7899
2074,2.074,0.0017,-0,0.0125,0.0077,1.3066,0.2473
2075,2.075,0.0073,-0.0024,-0.0105,0.0065,0.4326,-0.1062
2076,2.076,0.0036,0.0027,-0.0269,0.0009,-0.3634,-0.2995
2077,2.077,0.0072,-0.0009,-0.0298,-0.0021,-0.4689,-0.2421
2078,2.078,0.0042,0.0033,-0.0325,-0.003,-0.564,-0.2954
2079,2.079,0.0071,0.0016,-0.0201,-0.0072,-0.4801,-0.2477
2080,2.08,0.0077,0.0042,-0.0045,-0.0019,-0.4037,-0.6409
2081,2.081,0.0047,-0.0019,0.0057,-0.0012,-1.0369,-1.0108
2082,2.082,0.0112,-0.0028,0.0113,-0.0069,-1.8038,-0.4819
2083,2.083,0.0048,0.001,0.0163,-0.009,-0.8765,0.153
2084,2.084,0.0007,0.0045,0.0149,0.0017,0.2477,0.2399
2085,2.085,0.0044,-0.005,0.0275,0.0094,0.4012,0.3183
2086,2.086,0.0052,-0.0036,0.0225,-0.0002,0.5399,0.3893
2087,2.087,0.001,-0.0024,0.0057,-0.0014,0.6656,0.326
2088,2.088,0.0028,0.0032,-0.0146,-0.0023,0.5533,0.3842
2089,2.089,0.0044,0.0002,-0.0172,-0.0033,0.6565,0.9655
2090,2.09,0.0022,0.0048,0.0001,0.0013,1.6865,0.7337
2091,2.091,-0.0016,0.004,0.0113,-0.0045,1.0012,0.0992
2092,2.092,-0.0051,0.0018,0.0093,-0.0038,0.1265,-0.158
2093,2.093,-0.0028,0.0039,0.0037,-0.0058,-0.2163,-0.2367
2094,2.094,-0.0024,0.0096,0.0088,-0.0027,-0.3217,-0.3078
2095,2.095,-0.002,0.0044,0.0134,0.0026,-0.417,-0.3724
2096,2.096,-0.0052,0.0051,0.0064,-0.0051,-0.5036,-0.1985
2097,2.097,-0.0116,0.0021,0.0052,-0.0081,-0.427,-0.8855
2098,2.098,-0.0031,0.0037,0.002,-0.0016,-1.4822,-0.9797
2099,2.099,0.0002,-0.004,0.0031,0.0026,-1.6339,-0.2128
2100,2.1,-0.0028,-0.0073,-0.0033,0.002,-0.399,0.0977
2101,2.101,-0.002,-0.0042,-0.0162,-0,0.4333,0.193
2102,2.102,0.0006,0.0003,-0.0293,0.0031,0.2849,0.2791
2103,2.103,0.0013,-0.0005,-0.0276,0.006,0.4232,0.3571
2104,2.104,0.0033,-0.0027,-0.0137,0.0138,0.5485,0.2873
2105,2.105,-0.0009,-0.002,0.0104,0.0083,0.4356,0.607
2106,2.106,-0.0026,-0.0037,0.0402,0.0031,1.1562,1.0141
2107,2.107,-0,0.0015,0.0364,0.004,1.6246,0.5383
2108,2.108,0.0003,-0.0034,0.011,-0.0002,0.8578,-0.039
2109,2.109,0.0032,-0.0003,-0.0119,-0.0071,-0.0722,-0.2729
2110,2.11,0.005,0.0049,-0.0328,-0.0062,-0.4489,-0.3444
2111,2.111,0.0054,0.0043,-0.0576,-0.0054,-0.5643,-0.2813
2112,2.112,0.0091,-0.0026,-0.0544,-0.0075,-0.4631,-0.2239
2113,2.113,0.012,0.0006,-0.0457,-0.0097,-0.4483,-0.3775
2114,2.114,0.0069,0.0014,-0.0066,-0.0019,-0.73,-1.0646
2115,2.115,0.0005,-0.0028,-0.0014,0.0118,-1.8375,-0.7842
2116,2.116,-0.0004,0.0024,-0.0061,0.0099,-1.0844,-0.1872
2117,2.117,-0.0026,0.0004,0.0071,-0.0019,-0.123,0.2014
2118,2.118,-0.0119,-0.0013,0.011,-0.0034,0.2533,0.2728
2119,2.119,-0.0207,0.0063,0.0291,-0.0021,0.3681,0.3374
2120,2.12,-0.0175,-0.0032,0.0323,-0.0109,0.4717,0.2798
2121,2.121,-0.0145,0.0031,0.0175,-0.0053,0.5656,0.2273
2122,2.122,-0.0118,0.0063,0.0256,-0.0084,0.4807,0.8518
2123,2.123,0.0011,0.0033,0.0529,-0.0039,1.4863,0.9372
2124,2.124,-0.0008,0.0006,0.0494,0.002,1.3495,0.2397
2125,2.125,0.0042,-0.002,0.0396,0.0057,0.4752,-0.2303
2126,2.126,0.0027,0.0002,0.0188,0.0063,-0.3211,-0.317
2127,2.127,0.0013,-0.0018,0.0051,-0.0007,-0.4271,-0.2407
2128,2.128,-0.0024,-0.006,-0.0122,-0.0072,-0.5225,-0.3116
2129,2.129,-0.0081,0.0016,-0.0233,-0.0081,-0.6091,-0.2481
2130,2.13,-0.0112,-0.0057,-0.0172,0.0019,-0.378,-0.6551
2131,2.131,-0.0085,-0.003,-0.0227,0.0059,-1.1523,-1.0253
2132,2.132,-0.0026,-0.0005,-0.0311,0.0021,-1.6681,-0.4967
2133,2.133,-0.0034,-0.0042,-0.0296,-0.0057,-0.8256,0.1379
2134,2.134,-0.0028,-0.0022,-0.0171,0.0038,0.1966,0.2247
2135,2.135,-0.0023,-0.008,-0.0052,0.01,0.3364,0.3028
2136,2.136,-0.0007,-0.0028,0.0055,0.011,0.4626,0.3736
2137,2.137,-0.0023,0.0008,0.0069,0.0015,0.5768,0.31
2138,2.138,-0.002,-0.0035,0.0058,-0.0074,0.4747,0.368
2139,2.139,0.0008,-0.0123,0.0049,-0.0018,0.7557,1.0547
2140,2.14,0.0065,-0.0086,0.0019,0.0012,1.6921,0.7738
2141,2.141,0.009,-0.0008,-0.0026,-0.0129,1.0692,0.1765
2142,2.142,0.0096,0.0002,-0.0068,-0.0069,0.2735,-0.2125
2143,2.143,0.006,0.0029,0.0002,0.0024,-0.2444,-0.2842
2144,2.144,0.0042,0.0037,0.0087,-0.0062,-0.34,-0.3493
2145,2.145,0.0025,0.0089,0.0031,-0.0169,-0.5967,-0.2922
2146,2.146,0.003,0.0082,0.0021,-0.0044,-0.5205,-0.2401
2147,2.147,0.0059,0.0087,0.0029,0.0006,-0.4509,-0.8649
2148,2.148,0.0106,0.0104,0.0107,0.0051,-1.4105,-0.9508
2149,2.149,0.0089,0.0046,0.0221,-0.013,-1.5486,-0.4086
2150,2.15,0.0083,0.0039,0.0205,-0.0057,-0.4257,0.0853
2151,2.151,0.0036,0.0003,0.0108,0.0055,0.3313,0.2784
2152,2.152,0.0093,-0.0067,0.007,0.0075,0.4712,0.3372
2153,2.153,0.0008,-0.004,-0.0102,0.0093,0.597,0.3906
2154,2.154,-0.0003,0.0002,-0.0275,0.0076,0.4849,0.2468
2155,2.155,-0.0013,-0.0004,-0.034,0.003,0.3827,0.64
2156,2.156,-0.004,-0.004,-0.0278,0.0044,1.0385,1.0098
2157,2.157,0.0019,-0.0083,0.0002,0.0032,1.6351,0.481
2158,2.158,0.0041,-0.0042,0.0443,-0.0001,0.7834,-0.0129
2159,2.159,0.0005,-0.0027,0.0388,0.0029,-0.0123,-0.2066
2160,2.16,-0.0038,-0.0024,0.023,0.0021,-0.3238,-0.2659
2161,2.161,-0.0021,0.0032,-0.0011,0.0098,-0.419,-0.3195
2162,2.162,-0.0057,-0.0038,-0.0143,0.0088,-0.5053,-0.272
2163,2.163,-0.0026,0.0026,-0.0181,0.0042,-0.4287,-0.4032
2164,2.164,-0.0006,0.0001,-0.0145,0.0016,-0.6396,-0.9991
2165,2.165,0.0004,0.0022,-0.0046,0.0054,-1.599,-0.7442
2166,2.166,0,0.0042,-0.0016,0.0034,-1.1881,-0.0464
2167,2.167,-0.0024,0.0085,0.0066,0.0064,-0.0635,0.2362
2168,2.168,0.0007,-0.0004,0.0042,-0.0024,0.3921,0.3226
2169,2.169,0.0045,0.0034,-0.0024,-0.0036,0.5318,0.2461
2170,2.17,-0.0002,0.0001,-0.0165,0.002,0.4089,0.3169
2171,2.171,0.0003,0.0011,-0.0147,0.003,0.5233,0.2532
2172,2.172,-0.0049,-0.0016,-0.0197,0.0075,0.4213,0.8926
2173,2.173,0.0001,0.001,-0.009,0.005,1.4517,0.808
2174,2.174,-0.0016,0.0016,-0.013,0.0043,1.3159,0.2655
2175,2.175,0.0037,0.0037,0.0061,0.0008,0.4423,-0.2283
2176,2.176,0.0018,0.0007,0.0143,-0.0009,-0.3532,-0.2938
2177,2.177,0.0049,0.0036,-0.0029,-0.0025,-0.4583,-0.3526
2178,2.178,0.0021,0.002,-0.0095,-0.002,-0.5531,-0.3002
2179,2.179,0.0057,0.0017,0.0047,-0.0088,-0.469,-0.2524
2180,2.18,0.0054,0.0021,0.0252,-0.0161,-0.3924,-0.6455
2181,2.181,0.0051,0.0002,0.0333,-0.0114,-1.0254,-1.0154
2182,2.182,-0.0006,-0.0008,0.026,-0.0089,-1.792,-0.4865
2183,2.183,-0.0031,0.0036,0.0058,-0.0019,-0.8644,0.1486
2184,2.184,-0.0023,0.0008,-0.0079,-0.0027,0.0111,0.2359
2185,2.185,-0.0043,0.0023,-0.0252,-0.0017,0.354,0.3146
2186,2.186,-0.0047,-0.0037,-0.0363,0.0005,0.459,0.3856
2187,2.187,-0.0018,0.0005,-0.0343,0.0013,0.5541,0.3225
2188,2.188,-0.0012,-0.0001,-0.0215,0.0018,0.4701,0.381
2189,2.189,-0.0053,-0.0021,-0.003,0.0083,0.7028,0.9625
2190,2.19,-0.0047,-0.0026,0.0092,0.0126,1.7583,0.7309
2191,2.191,-0.0061,-0.0043,0.0068,0.009,1.0048,0.0966
2192,2.192,-0.0009,-0.0017,0.0128,0.007,0.0429,-0.1602
2193,2.193,-0.0015,0.0006,0.0184,0.0053,-0.3335,-0.2385
2194,2.194,-0.001,-0.0033,0.0304,0.0013,-0.4488,-0.3094
2195,2.195,0.0031,0.0015,0.0504,0.0019,-0.553,-0.3737
2196,2.196,0.0006,0.0011,0.0424,-0.005,-0.4606,-0.1996
2197,2.197,0.0037,-0.0018,0.0252,-0.0207,-0.3762,-0.8863
2198,2.198,-0.001,-0.0032,0.0319,-0.0141,-1.5373,-0.9801
2199,2.199,-0.004,0.0029,0.038,-0.0039,-1.3723,-0.213
2200,2.2,0.0013,-0.0012,0.0325,0.0017,-0.617,0.0979
2201,2.201,0.0049,-0.0034,0.0173,0.0068,0.3459,0.1931
2202,2.202,0.0032,0.0002,-0.0133,0.0023,0.4729,0.2794
2203,2.203,-0.002,-0.0056,-0.0441,-0.0128,0.5875,0.3576
2204,2.204,-0.0027,0.0029,-0.056,-0.0067,0.4857,0.2879
2205,2.205,-0.0022,-0.0003,-0.0668,-0.001,0.3926,0.608
2206,2.206,0.0031,0.0028,-0.07,0.0041,1.1589,1.0153
2207,2.207,0.0051,0.0001,-0.0788,0.0026,1.6743,0.5396
2208,2.208,0.0046,0.0044,-0.0541,0.0096,0.8312,-0.0375
2209,2.209,0.0063,0.0038,-0.0111,0.0084,-0.1913,-0.2712
2210,2.21,0.0068,0.0087,0.0063,0.0029,-0.3311,-0.3424
2211,2.211,0.008,0.0057,0.0115,-0.0044,-0.4576,-0.2792
2212,2.212,0.0092,0.0062,0.0067,-0.0017,-0.5722,-0.2218
2213,2.213,0.0034,0.0027,0.0199,-0.0076,-0.4704,-0.3804
2214,2.214,-0.0022,0.0016,0.028,0.0007,-0.6613,-1.0565
2215,2.215,0.0003,-0.0005,0.0318,0.0076,-1.879,-0.7205
2216,2.216,-0.0049,-0.0002,0.0499,0.0103,-1.0503,-0.064
2217,2.217,-0.0099,-0.0038,0.0467,0.0077,-0.2943,0.2187
2218,2.218,-0.0129,-0.0034,0.0379,0.0055,0.3942,0.3049
2219,2.219,-0.0135,-0.0014,0.0187,0.0061,0.5206,0.3829
2220,2.22,-0.0171,-0.0018,0.0063,0.0155,0.635,0.313
2221,2.221,-0.0102,-0.0001,-0.005,0.003,0.5327,0.2493
2222,2.222,0.0035,-0.0038,-0.0316,0.0012,0.4394,0.8885
2223,2.223,-0.0022,-0.0108,-0.0497,-0.0095,1.546,0.8037
2224,2.224,-0.0039,-0.0181,-0.0399,-0.022,1.3959,0.2609
2225,2.225,-0.0055,-0.0117,-0.0128,-0.017,0.4345,-0.2332
2226,2.226,-0.0042,0.0011,-0.002,-0.0094,-0.1915,-0.2989
2227,2.227,0.002,-0.0008,0.0012,-0.0191,-0.3073,-0.358
2228,2.228,-0.0012,0.0009,-0.0076,-0.0129,-0.4116,-0.3061
2229,2.229,0.0018,0.0023,-0.0103,-0.0026,-0.5062,-0.2586
2230,2.23,0.0026,0.0036,0.0019,0.007,-0.4217,-0.6521
2231,2.231,0.0033,0.0024,0.0041,0.0032,-1.1184,-1.1283
2232,2.232,0.0011,-0.0032,0.0101,-0.0046,-1.7743,-0.5527
2233,2.233,-0.001,-0.0023,0.0119,-0.0119,-0.8376,-0.0094
2234,2.234,-0.0027,0.0023,0.0238,-0.0074,0.0378,0.3438
2235,2.235,-0.0056,-0.0003,0.0468,-0.0015,0.3806,0.2808
2236,2.236,-0.0135,0.0033,0.0964,-0.0037,0.4852,0.3394
2237,2.237,-0.0125,0.0039,0.0893,-0.0031,0.5802,0.287
2238,2.238,-0.0095,0.0108,0.07,-0.0089,0.4961,0.4312
2239,2.239,-0.0031,-0.0033,0.0407,0.0026,0.7286,1.0863
2240,2.24,-0.0023,-0.0054,-0.0074,0.0144,1.6433,0.6183
2241,2.241,0.0029,-0.0147,-0.0658,0.0098,1.0209,0.0209
2242,2.242,0.0135,-0.0097,-0.1049,0.0056,0.2257,-0.2133
2243,2.243,0.015,-0.0052,-0.0978,0.0118,-0.2918,-0.2851
2244,2.244,0.0135,0.0044,-0.0784,0.0085,-0.3873,-0.35
2245,2.245,0.0123,0.0006,-0.0491,0.0012,-0.4733,-0.2929
2246,2.246,0.0132,-0.0072,-0.0225,0.0096,-0.5516,-0.2409
2247,2.247,0.0101,-0.0103,-0.0177,0.0085,-0.4818,-0.8658
2248,2.248,0.0092,-0.0019,-0.0045,0.0074,-1.441,-0.9516
2249,2.249,0.0014,0.0036,0.0074,-0.0011,-1.5787,-0.2546
2250,2.25,0.0003,0.0067,0.0182,-0.0067,-0.4553,0.2154
2251,2.251,-0.0006,0.0058,0.0214,-0.0162,0.3021,0.3018
2252,2.252,-0.0049,0.0049,0.0005,-0.015,0.442,0.3797
2253,2.253,-0.0027,0.0041,-0.0077,-0.0182,0.568,0.31
2254,2.254,-0.0007,0.0061,-0.0102,-0.0067,0.4565,0.2463
2255,2.255,0.0035,-0.0034,0.01,0.0009,0.3547,0.6531
2256,2.256,-0.0053,-0.0103,0.029,0.0105,1.0105,1.0229
2257,2.257,-0.0016,-0.0092,0.0313,0.0093,1.6073,0.4941
2258,2.258,-0.0026,-0.0014,0.029,0.0103,0.7557,0.0002
2259,2.259,0.0005,0.0038,0.0189,0.0113,-0.0397,-0.1934
2260,2.26,-0.0022,0.0102,0.0096,0.0086,-0.3512,-0.2527
2261,2.261,0.002,0.0093,0.0012,0.0077,-0.4464,-0.3064
2262,2.262,0.0057,0.01,0.0028,0.004,-0.5324,-0.259
2263,2.263,-0.0007,0.0079,-0.0012,0.0046,-0.4556,-0.3902
2264,2.264,0.0018,0.0062,-0.0049,0.0051,-0.6667,-0.986
2265,2.265,0.004,0.0057,0.0055,0.0068,-1.6261,-0.7311
2266,2.266,-0.0009,0.0031,0.0181,0.0033,-1.2153,-0.0333
2267,2.267,0.0048,0.0028,0.0301,0.0055,-0.091,0.2494
2268,2.268,0.007,0.0048,0.0226,0.0058,0.3647,0.3358
2269,2.269,0.0091,0.0006,0.0131,0.0033,0.5043,0.2592
2270,2.27,0.0021,0.0011,-0.0033,0.0085,0.6307,0.3301
2271,2.271,0.0013,0.0036,-0.0144,0.0063,0.519,0.2666
2272,2.272,0.0038,0.0048,-0.0124,0.0027,0.417,0.9059
2273,2.273,-0.0014,0.0009,-0.0142,-0.0056,1.4475,0.8213
2274,2.274,-0.0007,0.0004,-0.0159,-0.0159,1.3115,0.2786
2275,2.275,-0.0037,0.0035,-0.0113,-0.02,0.4378,-0.2152
2276,2.276,-0.0042,0.0032,0.004,-0.0212,-0.3578,-0.2807
2277,2.277,-0.0057,0.0035,0.0183,-0.0133,-0.4631,-0.3395
2278,2.278,-0.0045,0.0012,0.0276,0.0004,-0.5579,-0.2872
2279,2.279,-0.0048,-0.0025,0.0293,0.0023,-0.4739,-0.2394
2280,2.28,-0.0098,-0.0028,0.0155,-0.0027,-0.3972,-0.6326
2281,2.281,-0.0105,0.0001,-0.0012,-0.0011,-1.0305,-1.1083
2282,2.282,-0.0062,0.0012,-0.0258,0.003,-1.7974,-0.5325
2283,2.283,-0.0056,-0.004,-0.0422,0.0068,-0.8701,0.0111
2284,2.284,-0.003,-0.0047,-0.0629,0.0037,0.2546,0.2237
2285,2.285,-0.0026,0.0003,-0.0437,0.0007,0.4082,0.2892
2286,2.286,0.0022,-0.0027,-0.0064,0.0016,0.547,0.3482
2287,2.287,0.0005,-0.0055,0.0309,0.0042,0.673,0.2963
2288,2.288,-0.0035,-0.0008,0.0358,-0.001,0.5609,0.3448
2289,2.289,0.0023,-0.0024,0.0314,0.004,0.6643,1.0005
2290,2.29,0.0045,-0.004,0.0196,0.0083,1.6947,0.7202
2291,2.291,0.0095,-0.0024,-0.0059,0.0148,1.0097,0.1231
2292,2.292,0.0112,-0.0027,-0.0224,0.014,0.135,-0.2655
2293,2.293,0.0118,-0.0006,-0.0313,0.0103,-0.434,-0.1963
2294,2.294,0.0133,-0.0031,-0.0177,-0.0003,-0.3332,-0.2608
2295,2.295,0.0122,-0.0048,-0.0105,-0.0109,-0.4279,-0.3192
2296,2.296,0.0125,-0.0017,-0.0127,-0.0122,-0.5138,-0.2666
2297,2.297,0.0068,0.0002,-0.0107,-0.0184,-0.4371,-0.8911
2298,2.298,0.0009,-0.0021,0.0172,-0.0105,-1.4922,-0.9765
2299,2.299,0.0003,0.0004,0.0211,-0.0115,-1.6436,-0.279
2300,2.3,-0.0062,0.0035,0.0175,-0.005,-0.4083,0.1913
2301,2.301,-0.0087,0.0024,0.0274,-0.0144,0.424,0.2782
2302,2.302,-0.0186,-0.0011,0.0362,-0.0081,0.2758,0.3566
2303,2.303,-0.0146,-0.0014,0.0114,0.0022,0.4144,0.2872
2304,2.304,-0.0134,-0.001,0.0081,0.0092,0.5403,0.2237
2305,2.305,-0.0144,0.0026,0.0168,0.003,0.4278,0.6307
2306,2.306,-0.0154,-0.0005,0.0141,0.0062,1.1487,1.0009
2307,2.307,-0.0145,-0.0033,-0.0131,0.0115,1.6174,0.4722
2308,2.308,-0.0033,0.0002,-0.0022,0.0089,0.8507,-0.0215
2309,2.309,-0.0018,-0.0001,0.0077,0.0047,-0.079,-0.215
2310,2.31,-0.0004,0.002,-0.0072,0.001,-0.4556,-0.2741
2311,2.311,0.0059,0.003,-0.0099,0.006,-0.5707,-0.3276
2312,2.312,0.0091,0.002,0.0024,0.0029,-0.469,-0.2801
2313,2.313,0.0039,-0.0031,-0.0133,-0.0047,-0.3763,-0.4113
2314,2.314,0.0031,0.0004,-0.0194,-0.0016,-0.6321,-1.0071
2315,2.315,0.0046,-0.0055,-0.0331,0.0001,-1.7811,-0.7027
2316,2.316,0.0071,-0.0025,-0.0425,-0.0026,-1.2399,-0.1056
2317,2.317,0.0049,-0.003,-0.0408,0.0017,-0.1826,0.2832
2318,2.318,0.0098,-0.0005,-0.0179,0.0069,0.2731,0.2142
2319,2.319,0.0056,-0.0016,0.0185,0.0133,0.4124,0.2789
2320,2.32,0.0051,0.0022,0.004,0.0124,0.5382,0.3373
2321,2.321,0.0036,0.0038,0.0082,0.0072,0.4263,0.2846
2322,2.322,0.0066,0.0016,0.0041,-0.0006,0.5298,0.9091
2323,2.323,0.0027,-0.0031,-0.0142,-0.0016,1.5599,0.8243
2324,2.324,0.0022,-0.0001,-0.0176,-0.0119,1.4236,0.2815
2325,2.325,0.001,0.0028,0.0031,-0.0245,0.5497,-0.2125
2326,2.326,-0.0046,0.0003,0.0167,-0.0229,-0.2462,-0.2782
2327,2.327,-0.0039,0.0033,0.0339,-0.0214,-0.3516,-0.3372
2328,2.328,-0.0046,0.0004,0.0227,-0.0062,-0.4468,-0.2852
2329,2.329,-0.003,0.0007,0.0084,-0.0001,-0.5332,-0.2376
2330,2.33,-0.0106,0.0004,-0.0158,0.0055,-0.3019,-0.6311
2331,2.331,-0.0137,-0.0006,-0.0061,0.0004,-1.0759,-1.0012
2332,2.332,-0.0091,0.0007,-0.0091,-0.0042,-1.7972,-0.4727
2333,2.333,-0.0049,0.0005,-0.0011,0.0028,-0.767,0.021
2334,2.334,0.0003,0.0012,0.0012,0.0166,0.1956,0.2144
2335,2.335,0.0081,-0.002,-0.01,-0.0038,0.3232,0.2735
2336,2.336,0.005,-0.0032,-0.0162,-0.0012,0.4382,0.327
2337,2.337,0.0042,-0.0053,-0.0031,0.0012,0.5424,0.2795
2338,2.338,0.0016,-0.011,0.002,0.0033,0.4497,0.4107
2339,2.339,0.001,-0.0169,0.0035,0.0013,0.7053,1.0063
2340,2.34,0.0088,-0.0054,0.0023,0.0068,1.7115,0.7512
2341,2.341,0.0098,0.003,0.0212,0.0085,1.0262,0.0533
2342,2.342,0.0052,0.0076,0.0349,0.0039,0.1514,-0.2294
2343,2.343,0.0061,0.0062,0.0325,-0.0058,-0.4179,-0.3159
2344,2.344,0.0009,0.0074,0.0258,-0.0096,-0.5233,-0.2393
2345,2.345,-0.0027,0.0042,0.0237,-0.0086,-0.4312,-0.3101
2346,2.346,-0.0021,-0.0052,0.0181,0.0008,-0.5175,-0.2464
2347,2.347,-0.0027,-0.0089,0.0063,-0.0055,-0.4411,-0.8858
2348,2.348,0.0041,-0.0079,0.0109,-0.0023,-1.4964,-0.9714
2349,2.349,-0.0005,0.0016,0.004,-0.0034,-1.3466,-0.2741
2350,2.35,-0.0117,0.0054,0.0078,-0.0026,-0.3859,0.1958
2351,2.351,-0.0011,0.0022,0.0227,-0.0052,0.2403,0.2825
2352,2.352,0.0002,0.0117,0.0167,0.0063,0.356,0.3607
2353,2.353,-0.0035,0.0154,0.0148,0.0079,0.46,0.2912
2354,2.354,-0.0003,0.0145,-0.0072,0.0094,0.5543,0.2276
2355,2.355,-0.0034,0.0092,-0.0464,-0.0003,0.4697,0.6344
2356,2.356,-0.0061,0.0084,-0.0624,-0.004,1.1664,1.0044
2357,2.357,-0.0053,0.0042,-0.0578,-0.0051,1.6351,0.4757
2358,2.358,-0.0046,0.0065,-0.0447,0.0106,0.8684,-0.0181
2359,2.359,-0.0053,0.0029,-0.0087,0.004,-0.0614,-0.2116
2360,2.36,-0.0058,0.0087,0.0155,0.0141,-0.4381,-0.2707
2361,2.361,-0.0063,0.0081,0.0199,0.0122,-0.5533,-0.3243
2362,2.362,-0.0015,0.0032,0.0082,-0.0098,-0.452,-0.2768
2363,2.363,0.0068,0.0016,0.0192,-0.0127,-0.5466,-0.408
2364,2.364,0.0036,-0.0001,0.0225,0.001,-0.6323,-1.0037
2365,2.365,0.0046,-0.0006,0.0018,0.0033,-1.7936,-0.7487
2366,2.366,0.0019,-0.0002,-0.0172,0.0099,-1.2969,-0.0509
2367,2.367,0.0044,-0.0066,-0.0048,0.0078,-0.2393,0.2319
2368,2.368,-0.0009,-0.015,0.0064,-0.0052,0.449,0.3183
2369,2.369,0.0069,-0.0228,0.0371,-0.0137,0.3266,0.3963
2370,2.37,0.0059,-0.007,0.068,-0.0031,0.4408,0.3267
2371,2.371,0.0067,-0.0092,0.0482,0.001,0.5444,0.2631
2372,2.372,0.0042,-0.0112,0.0229,0.0047,0.4513,0.9025
2373,2.373,-0.0011,-0.013,-0.0068,0.0057,1.5581,0.818
2374,2.374,0.001,-0.0079,-0.0428,0.0067,1.4081,0.2755
2375,2.375,0.0052,0.0028,-0.0284,0.0021,0.4468,-0.2185
2376,2.376,0.0023,0.0068,-0.024,-0.0005,-0.1792,-0.2839
2377,2.377,0.0058,0.0031,-0.0279,-0.0027,-0.2951,-0.3427
2378,2.378,0.0046,0.0041,-0.0171,-0.0047,-0.3994,-0.2904
2379,2.379,0.0017,0.0011,0.006,-0.0042,-0.4941,-0.2427
2380,2.38,0.0014,0.0038,0.0031,-0.0025,-0.4098,-0.6359
2381,2.381,-0.001,0.0013,-0.0106,-0.0072,-1.1067,-1.0058
2382,2.382,-0.0007,0.0035,-0.0378,-0.0067,-1.7628,-0.4769
2383,2.383,-0.0032,0.0042,-0.0196,-0.0026,-0.8262,0.0172
2384,2.384,-0.0064,0.0047,-0.0032,0.0042,0.0489,0.2107
2385,2.385,-0.0017,-0.0018,-0.006,0.0033,0.3916,0.2698
2386,2.386,0,-0.0026,-0.0087,0.0093,0.496,0.3233
2387,2.387,-0.0052,0.0043,-0.0259,0.004,0.5909,0.2758
2388,2.388,-0.0101,0.0016,-0.0237,0.002,0.5067,0.407
2389,2.389,-0.0084,0.0007,-0.0051,0.0037,0.7392,1.0026
2390,2.39,-0.0055,-0.0015,0.0273,0.0042,1.654,0.7476
2391,2.391,-0.0102,-0.0009,0.023,-0.0025,1.0313,0.0498
2392,2.392,-0.0119,-0.0051,0.0269,-0.0034,0.236,-0.233
2393,2.393,-0.0078,-0.0056,0.0089,-0.0008,-0.2816,-0.3193
2394,2.394,0,-0.0021,0.0122,0.0029,-0.3775,-0.3975
2395,2.395,0.0056,-0.0017,0.0094,-0.0006,-0.464,-0.3278
2396,2.396,0.0087,-0.0014,-0.0042,-0.0063,-0.5423,-0.2641
2397,2.397,0.0132,-0.005,-0.0019,0.0052,-0.4728,-0.9035
2398,2.398,0.0073,-0.0072,0.0003,0.007,-1.4322,-0.8189
2399,2.399,0.0021,-0.0034,-0.0059,0.0025,-1.57,-0.2764
2400,2.4,0.0041,0.0013,-0.0079,0.0012,-0.447,0.2178
2401,2.401,0.0011,-0.0018,0.0173,0.0024,0.3103,0.2833
2402,2.402,0.0052,0.0034,0.0425,0.0014,0.4498,0.3423
2403,2.403,0.0004,-0.003,0.0588,-0.0038,0.5756,0.2902
2404,2.404,0.0021,0.0029,0.0616,0.0008,0.4635,0.2425
2405,2.405,0.0016,-0.0024,0.0478,-0,0.3612,0.6358
2406,2.406,-0.0009,-0.0005,0.0255,0.0038,1.0169,1.0059
2407,2.407,-0.0013,0.0025,-0.0075,0.0074,1.6134,0.4771
2408,2.408,0.0035,-0.0028,-0.0472,-0.002,0.7617,-0.0167
2409,2.409,0.003,-0.0009,-0.0631,-0.006,-0.034,-0.2102
2410,2.41,0.0035,0.0021,-0.0872,-0.0071,-0.3457,-0.2693
2411,2.411,-0.0033,0.0003,-0.0738,-0.0148,-0.4413,-0.3229
2412,2.412,-0.0025,0.005,-0.0458,-0.0117,-0.5279,-0.2754
2413,2.413,0.0035,0.0032,-0.0203,-0.0052,-0.4516,-0.4067
2414,2.414,0.0041,-0.0033,-0.0104,0.006,-0.663,-1.0024
2415,2.415,0.0062,0.0009,-0.0016,0.0045,-1.6227,-0.7474
2416,2.416,0.0023,-0.0013,0.0093,0.0059,-1.1699,-0.0783
2417,2.417,-0.002,0.0039,0.0174,0.0045,-0.2083,0.3105
2418,2.418,-0.0048,0.0031,0.015,0.0034,0.4177,0.2416
2419,2.419,-0.0033,-0.0027,0.0085,-0.0069,0.5329,0.3063
2420,2.42,-0.0037,-0.005,0.0186,-0.0029,0.4311,0.3649
2421,2.421,-0.0048,-0.0001,0.0243,-0.0017,0.5253,0.207
2422,2.422,-0.0045,-0.0044,0.0259,0.0016,0.4408,0.8316
2423,2.423,-0.0013,0.0043,0.0458,-0.0014,1.4469,0.9172
2424,2.424,-0.0016,0.008,0.0538,-0.0078,1.3106,0.2198
2425,2.425,0.0002,0.0002,0.0414,-0.0019,0.4367,-0.25
2426,2.426,0.0048,0.0054,0.0258,-0.0012,-0.3592,-0.3366
2427,2.427,0.0031,0.0026,0.0156,0.0038,-0.4647,-0.2603
2428,2.428,-0.0009,-0.0017,-0.0012,0.008,-0.5597,-0.3311
2429,2.429,0.0016,0.0035,-0.0216,0.0063,-0.4758,-0.2674
2430,2.43,-0.0035,0.0055,-0.0243,0.0078,-0.3993,-0.6742
2431,2.431,0.0029,0.0013,-0.0219,0.0009,-1.1734,-1.0441
2432,2.432,-0.0013,-0.0005,-0.0063,0.0062,-1.6891,-0.4192
2433,2.433,-0.005,-0.002,-0.0124,0.0034,-0.8462,0.1784
2434,2.434,-0.0057,-0.0009,-0.0068,0.0043,0.1762,0.2575
2435,2.435,-0.004,0.002,-0.0152,-0.0026,0.316,0.329
2436,2.436,-0.0035,-0.0006,-0.0258,0.0038,0.4421,0.3939
2437,2.437,-0.004,0.0033,-0.0271,0.003,0.5566,0.3366
2438,2.438,-0.0101,0.0027,-0.0258,0.0052,0.4546,0.3898
2439,2.439,-0.0126,0.0005,-0.029,0.0087,0.7358,1.0148
2440,2.44,-0.0026,0.0053,-0.0194,0.0018,1.6724,0.7599
2441,2.441,0.007,-0.0005,-0.0106,-0.0086,1.0496,0.0623
2442,2.442,-0.0018,-0.0075,-0.0028,-0.0073,0.2542,-0.2202
2443,2.443,-0.0028,-0.0178,0.0024,-0.0036,-0.2634,-0.3064
2444,2.444,0.0002,-0.0108,0.0051,-0.0068,-0.3593,-0.3843
2445,2.445,0.0011,0.0005,0.018,-0.0183,-0.446,-0.3144
2446,2.446,-0.0015,0.0051,0.0384,-0.026,-0.5245,-0.2507
2447,2.447,0.0023,0.0037,0.0575,-0.0052,-0.4552,-0.8898
2448,2.448,0.0043,0.0049,0.0648,0.0036,-1.4148,-0.9752
2449,2.449,0.0026,-0.0006,0.0805,0.0063,-1.5527,-0.2775
2450,2.45,0.0031,0.0024,0.0663,0.0038,-0.43,0.1929
2451,2.451,0.0088,0.0033,0.0384,0.006,0.327,0.2798
2452,2.452,0.011,-0.0009,-0.0055,0.008,0.4665,0.3583
2453,2.453,0.0061,0.0076,-0.0584,0.0061,0.5923,0.289
2454,2.454,0.003,0.0044,-0.0655,0.001,0.4801,0.2257
2455,2.455,0.0071,0.0014,-0.0718,-0.0159,0.3776,0.6328
2456,2.456,0.0035,0.0042,-0.066,-0.0226,1.0331,1.0031
2457,2.457,0.0065,0.0068,-0.0394,-0.0287,1.6295,0.4746
2458,2.458,0.0009,0.0046,-0.0347,-0.0119,0.7777,-0.0189
2459,2.459,0.0061,0.0011,-0.0479,-0.0054,-0.0181,-0.2122
2460,2.46,0.0041,-0.0046,-0.044,0.0048,-0.3296,-0.2711
2461,2.461,0.0058,0.0024,-0.004,0.0066,-0.4252,-0.3244
2462,2.462,0.0017,0.0033,0.0119,0.0048,-0.5117,-0.2767
2463,2.463,-0.0008,0.0008,0.0262,0.0154,-0.4354,-0.4077
2464,2.464,-0.0004,0.0015,0.0219,0.0141,-0.6468,-1.0032
2465,2.465,0.0016,-0.0004,0.018,0.0103,-1.6065,-0.748
2466,2.466,-0.0009,0.0013,0.0216,0.0093,-1.1959,-0.0499
2467,2.467,0.0001,-0.0015,0.0249,0.0123,-0.0723,0.233
2468,2.468,-0.005,-0.002,0.0277,0.0114,0.383,0.3197
2469,2.469,-0.0099,-0.008,0.025,0.0002,0.5221,0.2433
2470,2.47,-0.0104,-0.0002,0.0323,0.0017,0.3986,0.3141
2471,2.471,-0.0028,-0.0053,0.0345,-0.0024,0.5126,0.2508
2472,2.472,-0.0058,-0.0007,0.0284,0.0038,0.4103,0.8903
2473,2.473,-0.0012,-0.0015,0.0116,-0.0065,1.4402,0.8058
2474,2.474,-0.0124,0.0055,0.0005,-0.0052,1.3037,0.2636
2475,2.475,-0.0048,0.0047,0.0107,-0.0041,0.4297,-0.0898
2476,2.476,-0.0007,0.0022,0.0051,-0.0031,-0.3662,-0.283
2477,2.477,0.0005,0.0001,-0.0067,-0,-0.4718,-0.3419
2478,2.478,0.0037,0.0022,-0.0022,0.0064,-0.5669,-0.2896
2479,2.479,-0.0035,-0.002,-0.0146,0.0056,-0.483,-0.2419
2480,2.48,-0.0044,-0.0003,-0.0162,0.0049,-0.4064,-0.6349
2481,2.481,-0.0086,0.0023,-0.0146,0.0084,-1.1801,-1.0047
2482,2.482,-0.0033,-0.0027,-0.0131,0.0015,-1.6957,-0.4758
2483,2.483,-0.0054,-0.0047,-0.0167,-0.0031,-0.8525,0.0183
2484,2.484,0.0004,-0.0016,-0.027,-0.0073,0.1703,0.212
2485,2.485,-0.0003,0.0026,-0.02,-0.0066,0.3105,0.2712
2486,2.486,0.0017,-0.0021,-0.0137,0.0027,0.4368,0.3247
2487,2.487,0.0034,-0.0016,-0.0169,0.0015,0.5512,0.2772
2488,2.488,0.0018,-0.0032,-0.0011,0.007,0.4495,0.4084
2489,2.489,0.0003,0.0004,0.0325,0.004,0.731,1.004
2490,2.49,0.0033,-0.0026,0.0469,0.0067,1.668,0.749
2491,2.491,0.0098,-0.0037,0.0425,0.0024,1.0457,0.051
2492,2.492,0.0106,-0.0018,0.0225,-0.0075,0.2506,-0.2316
2493,2.493,0.0098,-0.0034,0.0045,-0.0062,-0.2666,-0.3182
2494,2.494,0.0061,0.0003,0.0078,0.0026,-0.3619,-0.2418
2495,2.495,0.0082,0.0015,-0.0009,0.0037,-0.4482,-0.3127
2496,2.496,0.0087,-0.0005,-0.0255,0.0027,-0.5264,-0.2491
2497,2.497,0.0058,-0.0056,-0.0286,0.0036,-0.4568,-0.8886
2498,2.498,0.0033,-0.0035,-0.0197,0.0045,-1.416,-0.9743
2499,2.499,0.0022,-0.0018,-0.0115,0.0038,-1.5536,-0.2771
2500,2.5,-0.0042,0.0011,-0.0187,0.0059,-0.4304,0.1928
2501,2.501,-0.0015,-0.0025,-0.0031,-0.0035,0.3272,0.2794
2502,2.502,-0.0006,0.0018,-0.0051,-0.0187,0.467,0.3575
2503,2.503,-0.0027,-0.0011,-0.0182,-0.0166,0.5931,0.2879
2504,2.504,0.0009,0.0067,-0.0167,-0.0184,0.4811,0.2241
2505,2.505,0.0026,0.0011,-0.0123,-0.0032,0.3792,0.6307
2506,2.506,-0.0003,0.0063,-0.0111,-0.0052,1.035,1.0006
2507,2.507,0.0002,0.0036,0.0052,-0.0033,1.6315,0.4717
2508,2.508,-0.0067,0.0027,0.003,0.0051,0.7799,-0.0223
2509,2.509,-0.014,-0.0058,0.0172,0.0097,-0.0157,-0.216
2510,2.51,-0.0094,-0.0048,0.0265,0.0084,-0.3271,-0.2754
2511,2.511,-0.0069,-0.0018,0.0316,0.0073,-0.4223,-0.3292
2512,2.512,-0.0153,-0.001,0.0241,0.0041,-0.5084,-0.282
2513,2.513,-0.0098,-0.0002,0.009,0.0031,-0.4317,-0.4135
2514,2.514,-0.0003,0.002,0.0071,-0.0014,-0.6429,-1.0095
2515,2.515,0.0008,-0.0001,0.035,-0.0022,-1.6025,-0.7548
2516,2.516,0.0064,-0.0007,0.039,0.0048,-1.1916,-0.0573
2517,2.517,0.0026,-0.0031,0.0382,0.0051,-0.1503,0.2374
2518,2.518,0.0056,-0.0027,0.0274,0.0097,0.4762,0.3319
2519,2.519,0.001,0.0008,0.0044,0.0123,0.3654,0.2473
2520,2.52,0.0018,-0.0014,0.0073,0.0053,0.4696,0.3247
2521,2.521,-0.0004,-0.0018,-0.0064,-0.0031,0.5643,0.2546
2522,2.522,-0.004,-0.0015,-0.0237,0.0001,0.4801,0.8299
2523,2.523,-0.0035,0.0016,-0.0303,-0.0072,1.4864,0.9074
2524,2.524,-0.0019,0.0036,-0.0365,-0.0027,1.3502,0.2731
2525,2.525,0.0017,-0.0007,-0.0087,-0.0086,0.4767,-0.1546
2526,2.526,0.0047,0.0033,-0.0207,-0.0139,-0.3192,-0.2337
2527,2.527,0.0008,0.0007,-0.0755,-0.0119,-0.4245,-0.305
2528,2.528,0.0076,0.0019,-0.0678,-0.0024,-0.5196,-0.3699
2529,2.529,0.0067,-0.0046,-0.0607,0.0017,-0.6059,-0.3124
2530,2.53,0.0059,-0.0038,-0.0415,0.0054,-0.3744,-0.6825
2531,2.531,0.008,-0.003,-0.0241,0.0022,-1.1482,-1.0194
2532,2.532,0.0087,-0.0053,0.0023,-0.0051,-1.8695,-0.4515
2533,2.533,0.0044,-0.0047,0.007,-0.0043,-0.8391,0.0917
2534,2.534,-0.0044,-0.0017,0.0201,-0.0035,0.1236,0.3039
2535,2.535,-0.0107,-0.0013,0.0319,0.0034,0.5004,0.3688
2536,2.536,-0.0097,-0.0029,0.05,0.0006,0.389,0.3114
2537,2.537,-0.0067,-0.0099,0.0598,0.0049,0.4934,0.259
2538,2.538,-0.0021,-0.0194,0.045,0.0101,0.401,0.4033
2539,2.539,0.0021,-0.0081,0.0313,0.0023,0.6568,1.0586
2540,2.54,-0.0001,-0.0006,0.0241,0.0032,1.6635,0.5907
2541,2.541,-0.0008,0.009,-0.0005,-0.0053,0.9785,0.1636
2542,2.542,0.0062,0.0127,-0.017,-0.0131,0.1041,-0.2253
2543,2.543,-0.0023,0.0116,-0.02,-0.0183,-0.2383,-0.2969
2544,2.544,-0.0055,0.0085,-0.0119,-0.0099,-0.3432,-0.3617
2545,2.545,-0.0045,0.0076,-0.0097,-0.0131,-0.4381,-0.3042
2546,2.546,-0.0054,-0.0002,-0.0031,-0.0122,-0.5242,-0.2519
2547,2.547,-0.0096,0.007,0.011,-0.0019,-0.4475,-0.8766
2548,2.548,-0.0103,0.0061,-0.0058,-0.006,-1.5026,-0.9622
2549,2.549,-0.011,0.0053,-0.008,0.0002,-1.6541,-0.2649
2550,2.55,-0.0153,-0,-0.002,0.008,-0.4188,0.2052
2551,2.551,-0.0101,0.0078,0.0259,0.0132,0.4137,0.2919
2552,2.552,-0.0038,0.0025,0.0618,0.0067,0.5671,0.3702
2553,2.553,0.0091,0.0033,0.0474,0.0092,0.4316,0.3007
2554,2.554,0.0109,-0.0009,0.0253,0.0161,0.5572,0.2372
2555,2.555,0.0091,-0.0002,0.0053,0.0169,0.4446,0.6441
2556,2.556,0.0045,0.0018,-0.0128,0.0091,1.1656,1.0142
2557,2.557,0.0086,0.0023,-0.0095,0.0038,1.6344,0.4856
2558,2.558,0.0048,0.0028,-0.0182,0.0011,0.8679,-0.0081
2559,2.559,0.008,0.0053,-0.0319,-0.0084,-0.0617,-0.2015
2560,2.56,0.007,0.0041,-0.0391,-0.0072,-0.438,-0.2605
2561,2.561,0.0097,-0.0006,-0.0368,-0.0016,-0.553,-0.3139
2562,2.562,0.0122,-0.0023,-0.0143,-0.0047,-0.4514,-0.2663
2563,2.563,0.01,-0.0017,-0.0055,-0.0038,-0.3587,-0.3974
2564,2.564,0.0051,-0.0012,-0.0028,0.0021,-0.6143,-0.9929
2565,2.565,0.0069,-0,-0.0052,0.0042,-1.7755,-0.7378
2566,2.566,0.0074,-0.0029,-0.003,0.0007,-1.2783,-0.0398
2567,2.567,0.0089,-0.001,-0.001,0.0049,-0.2205,0.2432
2568,2.568,0.0059,0.0014,0.0083,0.0078,0.4682,0.3297
2569,2.569,0.0004,-0.0029,0.0133,0.003,0.3459,0.2534
2570,2.57,0.0011,-0.0058,0.0118,0.0013,0.4603,0.3243
2571,2.571,-0.0009,-0.0042,0.0243,0.0008,0.564,0.2609
2572,2.572,-0.0067,-0.0038,0.0293,0.0055,0.4709,0.9005
2573,2.573,-0.0073,0.0018,0.0399,0.0097,1.4074,0.8161
2574,2.574,-0.0122,-0.0018,0.0439,0.0021,1.5327,0.2738
2575,2.575,-0.0092,0.0003,0.0249,-0.0053,0.5114,-0.2199
2576,2.576,-0.0109,-0.0027,-0.0163,-0.0117,-0.1771,-0.2851
2577,2.577,-0.0031,0.0002,-0.0338,-0.0126,-0.3042,-0.3438
2578,2.578,0.0001,-0.0013,-0.0392,-0.0088,-0.4191,-0.2914
2579,2.579,0.0011,0.0019,-0.0053,0.0018,-0.5234,-0.2436
2580,2.58,0.002,0.0023,0.0167,0.0064,-0.4305,-0.6367
2581,2.581,0.0029,0.002,-0.0032,0.0024,-1.0266,-1.0065
2582,2.582,0.0036,0.0073,-0.0213,0.0061,-1.7238,-0.4775
2583,2.583,0.0002,0.0037,-0.018,0.0051,-0.8809,0.0167
2584,2.584,0.0033,0.0031,-0.0207,0.0021,0.1418,0.2105
2585,2.585,-0.0054,0.0037,-0.0343,-0.0042,0.2819,0.2699
2586,2.586,-0.0066,0.0021,-0.0365,-0.0033,0.4085,0.3236
2587,2.587,-0.0055,0.0037,-0.0385,0.0052,0.5229,0.2761
2588,2.588,-0.0065,0.0007,-0.0159,0.0062,0.421,0.4075
2589,2.589,-0.0037,-0.0031,0.0112,-0.001,0.7023,1.0034
2590,2.59,-0.0028,0.0037,0.0586,-0.0094,1.639,0.7486
2591,2.591,-0.0021,0.0084,0.0521,-0.0126,1.0165,0.0508
2592,2.592,-0.0041,0.0007,0.0346,-0.0052,0.2213,-0.2315
2593,2.593,-0.0024,-0.0003,0.0186,-0.0025,-0.2962,-0.3176
2594,2.594,-0.0052,0.0025,-0.0056,0.007,-0.3918,-0.2408
2595,2.595,-0.0036,-0.0052,-0.0099,0.0082,-0.4781,-0.3116
2596,2.596,0.0015,0.0001,-0.0217,0.0027,-0.5564,-0.2479
2597,2.597,0.0122,-0.0083,-0.0036,0.0079,-0.4869,-0.8872
2598,2.598,0.0167,-0.0005,0.0262,0.0016,-1.4462,-0.9726
2599,2.599,0.0154,-0.0078,0.03,-0.0009,-1.5839,-0.2752
2600,2.6,0.0143,-0.005,0.0334,-0.0002,-0.4611,0.1948
2601,2.601,0.0065,-0.0041,0.0103,0.0018,0.2963,0.2815
2602,2.602,0.0076,-0.0019,-0.0045,-0.0039,0.4361,0.3597
2603,2.603,0.0068,-0.0026,0.0037,-0.006,0.5622,0.2902
2604,2.604,0.0009,-0.0031,-0.0185,-0.0025,0.4501,0.2265
2605,2.605,0.0003,-0.0002,-0.0392,-0.003,0.3479,0.6333
2606,2.606,-0.0046,0.0023,-0.0638,-0.0034,1.0036,1.0032
2607,2.607,-0.0028,0.0045,-0.034,-0.0029,1.6002,0.4744
2608,2.608,-0.008,-0.001,0.002,-0.004,0.7486,-0.0196
2609,2.609,-0.0115,0.0011,-0.0028,0.0024,-0.047,-0.2132
2610,2.61,-0.0184,-0.0038,0.0104,-0.004,-0.3585,-0.2726
2611,2.611,-0.0138,-0.0033,0.0065,0.0003,-0.4539,-0.3264
2612,2.612,-0.0112,-0.0004,0.0101,-0.0004,-0.5404,-0.2792
2613,2.613,-0.0012,-0.002,0.0133,0.006,-0.4639,-0.4107
2614,2.614,0.0002,0.0002,0.0221,-0.0017,-0.675,-1.0067
2615,2.615,-0.0035,0.0022,0.014,0.0035,-1.6345,-0.752
2616,2.616,-0.0003,-0.0004,0.0067,0.0027,-1.2238,-0.0546
2617,2.617,0.0007,-0.0028,0.0179,0.0001,-0.1001,0.2278
2618,2.618,0.0027,-0.0044,-0.0042,0.001,0.3758,0.267
2619,2.619,0.0073,-0,-0.0184,0.0062,0.5288,0.3524
2620,2.62,0.0064,-0.0041,-0.0054,0.0111,0.6671,0.2751
2621,2.621,0.0027,-0.0057,0.0098,0.0115,0.5435,0.2049
2622,2.622,0.012,-0.0036,0.024,0.0051,0.4309,0.908
2623,2.623,0.0157,-0.0016,0.0408,0.0059,1.5638,0.8145
2624,2.624,0.0124,-0.0006,0.0386,0.0006,1.4139,0.2172
2625,2.625,0.0176,-0.0003,0.0161,-0.0072,0.4529,-0.1719
2626,2.626,0.0092,0.002,-0.0047,-0.0062,-0.1729,-0.2442
2627,2.627,-0.0034,-0.0023,-0.0129,-0.0054,-0.2885,-0.3094
2628,2.628,-0.0085,-0.0018,-0.0453,-0.0046,-0.5985,-0.3685
2629,2.629,-0.0192,-0.006,-0.0146,-0.0083,-0.5059,-0.2109
2630,2.63,-0.0261,-0.0003,-0.0028,-0.0006,-0.4214,-0.6439
2631,2.631,-0.0274,-0.0103,-0.0135,-0.0143,-1.1181,-1.0514
2632,2.632,-0.0264,-0.0144,-0.0233,-0.0199,-1.774,-0.4705
2633,2.633,-0.0191,-0.0107,-0.0321,-0.0216,-0.8373,0.0724
2634,2.634,-0.0107,-0.0005,-0.0512,-0.0078,0.0381,0.2845
2635,2.635,0.0063,0.0035,-0.024,-0.0023,0.381,0.3492
2636,2.636,0.0087,0.0046,0.0087,0.0027,0.4855,0.2915
2637,2.637,0.0153,0.0036,0.0307,0.0012,0.5805,0.2389
2638,2.638,0.0092,0.0045,0.0425,-0.0085,0.4964,0.3829
2639,2.639,0.0073,0.0053,0.0461,-0.0098,0.7288,1.038
2640,2.64,0.0023,0.0061,0.0362,-0.0066,1.6436,0.5698
2641,2.641,0.0038,0.0053,0.0092,0.0028,1.0211,-0.0277
2642,2.642,0.0052,0.006,-0.0089,0.009,0.226,-0.2621
2643,2.643,0.004,0.0042,-0.032,0.0145,-0.2914,-0.1935
2644,2.644,0.0072,0.0059,-0.0351,0.0155,-0.3868,-0.2586
2645,2.645,0.0166,0.0073,-0.0219,0.0109,-0.4728,-0.3174
2646,2.646,0.0104,0.0103,0.0149,0.0066,-0.5511,-0.2651
2647,2.647,0.0047,0.0038,0.0839,0.0059,-0.4814,-0.89
2648,2.648,0.0057,-0.0008,0.0553,0.0079,-1.4407,-0.8056
2649,2.649,0.003,0,0.0122,0.0083,-1.5783,-0.2633
2650,2.65,-0.0012,0.0037,-0.0268,0.0007,-0.4551,0.2307
2651,2.651,-0.0049,-0.0041,-0.0621,0.0079,0.302,0.2961
2652,2.652,-0.007,0.0053,-0.068,0.0087,0.4417,0.3549
2653,2.653,-0.004,0.0016,-0.0734,0.0095,0.5679,0.3028
2654,2.654,-0.0129,0.0048,-0.0571,-0.0021,0.4562,0.255
2655,2.655,-0.0141,0.0017,-0.0132,-0.0275,0.3542,0.6482
2656,2.656,-0.0132,-0.001,0.0161,-0.024,1.0099,1.0183
2657,2.657,-0.0038,0.0015,0.0321,-0.0142,1.6064,0.4896
2658,2.658,-0.005,0.0022,0.0179,0.0006,0.7547,-0.0042
2659,2.659,0.0027,0.0029,0.0224,-0.0021,-0.0409,-0.1977
2660,2.66,0.0016,0.0046,0.0107,-0.0045,-0.3524,-0.2568
2661,2.661,0.008,0.0029,0.0143,0.0021,-0.4477,-0.3103
2662,2.662,0.0037,-0.0019,0.0111,0.0041,-0.5338,-0.2627
2663,2.663,-0,-0.0036,0.0199,0.0059,-0.4572,-0.3938
2664,2.664,0.0006,-0.0019,0.028,0.0076,-0.6684,-0.9894
2665,2.665,0.0037,-0.0013,0.0304,0.0091,-1.6281,-0.7342
2666,2.666,-0.0004,-0.0001,0.0326,0.016,-1.2173,-0.0362
2667,2.667,0.0032,0.0028,0.0346,0.0047,-0.0934,0.2468
2668,2.668,0.0062,0.0002,0.029,0.0092,0.3623,0.3334
2669,2.669,0.0091,-0.003,0.0104,0.0078,0.5016,0.2571
2670,2.67,0.0066,-0.0009,-0.0068,0.0066,0.6274,0.3281
2671,2.671,0.0062,0.001,-0.0179,-0.0011,0.5153,0.2647
2672,2.672,0.0012,-0.0007,-0.0199,0.002,0.4128,0.9044
2673,2.673,-0.0009,-0.0023,-0.0141,-0.0007,1.4428,0.82
2674,2.674,-0.0003,-0.0004,-0.0088,-0.0066,1.3067,0.2777
2675,2.675,0.0085,-0.0005,-0.0011,-0.0104,0.4329,-0.2159
2676,2.676,0.0047,-0.0017,0.0031,-0.0168,-0.3633,-0.2812
2677,2.677,-0.0009,-0.003,-0.0007,-0.0056,-0.4687,-0.3398
2678,2.678,0.0044,-0.0043,-0.0156,-0.0041,-0.5637,-0.2873
2679,2.679,0.0089,-0.0015,-0.0299,-0.0054,-0.4799,-0.2393
2680,2.68,0.0097,0.0027,-0.028,0.0008,-0.4032,-0.6323
2681,2.681,-0.0003,-0.0025,-0.0263,0.0041,-1.0367,-1.0019
2682,2.682,0.0011,-0.0004,-0.0032,0.0093,-1.8036,-0.4729
2683,2.683,-0.0052,0.0002,0.0332,0.0029,-0.8765,0.0214
2684,2.684,-0.0084,0.0031,0.0381,0.0072,0.2481,0.2155
2685,2.685,-0.0179,-0.0025,0.0338,0.005,0.4018,0.275
2686,2.686,-0.0292,0.0013,0.006,0.0044,0.5405,0.329
2687,2.687,-0.0277,0.002,0.0025,0.0003,0.6663,0.2818
2688,2.688,-0.0263,0.0038,0.0324,0.0056,0.5539,0.4133
2689,2.689,-0.0149,-0.0002,0.0124,-0.0022,0.657,1.0094
2690,2.69,0.0051,-0.0049,-0.0057,-0.0011,1.6872,0.7549
2691,2.691,0.0078,0.0009,0.0439,-0.0038,1.0021,0.0573
2692,2.692,0.0102,0.0002,0.1506,-0.0029,0.1274,-0.2252
2693,2.693,0.0124,0.0023,0.1964,0.0056,-0.4418,-0.3113
2694,2.694,0.0104,0.0029,0.1546,0.0025,-0.341,-0.3889
2695,2.695,0.0123,0.0024,0.0662,-0.0027,-0.436,-0.3188
2696,2.696,0.0072,-0.0043,-0.0375,-0.0054,-0.522,-0.2548
2697,2.697,-0.0004,-0.0016,-0.135,-0.0062,-0.4455,-0.8938
2698,2.698,-0.01,-0.0007,-0.1728,-0.0009,-1.5006,-0.979
2699,2.699,-0.0012,-0,-0.2535,0.0012,-1.3507,-0.2813
2700,2.7,0.0113,-0.0036,-0.3266,-0.0018,-0.3895,0.1892
2701,2.701,0.0197,-0.0066,-0.2604,-0.0059,0.2365,0.2762
2702,2.702,0.0182,-0.0061,-0.1484,0.002,0.3521,0.3547
2703,2.703,0.0085,-0.0026,-0.0413,0.0098,0.4566,0.2854
2704,2.704,0.0097,0.0025,0.0559,0.0003,0.5514,0.2221
2705,2.705,0.0107,-0.001,0.0433,-0.0033,0.4671,0.629
2706,2.706,0.0076,-0.0005,0.0548,-0.0001,1.1638,0.9992
2707,2.707,0.0012,0.0059,0.0651,-0.0053,1.6325,0.4706
2708,2.708,0.0037,0.0033,0.0556,0.0012,0.8658,-0.0231
2709,2.709,0.0015,0.0026,0.0815,-0.003,-0.0638,-0.2165
2710,2.71,-0.0021,0.0033,0.1048,0.0024,-0.4404,-0.2756
2711,2.711,-0.0063,0.0016,0.0977,-0.004,-0.5553,-0.3291
2712,2.712,-0.0151,-0.0001,0.0912,-0.0065,-0.4536,-0.2816
2713,2.713,-0.0162,-0.0017,0.0618,-0.0012,-0.3607,-0.4128
2714,2.714,-0.0194,-0.0039,0.0564,0.0096,-0.6165,-1.0085
2715,2.715,-0.0121,0.0025,0.061,0.0111,-1.7778,-0.7536
2716,2.716,-0.0057,0.0033,0.021,0.0071,-1.2807,-0.0558
2717,2.717,-0.0048,0.0008,-0.0057,0.0109,-0.2227,0.2269
2718,2.718,-0.0085,-0.0045,-0.0302,-0.004,0.4661,0.3132
2719,2.719,-0.0051,-0.0051,-0.0259,-0.0207,0.4617,0.332
2720,2.72,-0.0044,-0.0058,-0.0305,-0.0187,0.5875,0.255
2721,2.721,-0.0049,0.0025,-0.0748,-0.002,0.4757,0.3253
2722,2.722,-0.0032,-0.0053,-0.0807,-0.0042,0.3736,0.9007
2723,2.723,0.0035,-0.0001,-0.0436,-0.0021,1.4036,0.8236
2724,2.724,0.0008,-0.001,-0,-0.0076,1.5415,0.3303
2725,2.725,0.0086,-0.0002,0.0409,0.0008,0.4182,-0.1193
2726,2.726,0.0033,-0.0072,0.0567,0.0024,-0.3387,-0.2954
2727,2.727,0.006,-0.0008,0.0325,0.0093,-0.4782,-0.3492
2728,2.728,0.0018,0.0034,0.0192,0.0082,-0.6043,-0.3021
2729,2.729,0.0024,0.0027,0.0073,0.0138,-0.4924,-0.259
2730,2.73,-0.0011,0.002,-0.0257,0.0043,-0.39,-0.6167
2731,2.731,0.0046,-0.005,-0.0302,-0.0019,-1.0456,-1.0497
2732,2.732,0.0083,-0.0135,-0.0422,-0.0052,-1.8123,-0.5266
2733,2.733,0.0089,-0.0191,-0.0387,-0.0104,-0.885,0.1079
2734,2.734,0.0031,-0.0054,-0.0224,-0.0077,0.2397,0.1945
2735,2.735,0.0024,0.0001,0.0166,-0.0018,0.3936,0.2727
2736,2.736,-0.0041,0.0051,0.0217,-0.0011,0.5327,0.3434
2737,2.737,-0.0083,0.0066,0.036,0.0052,0.6586,0.2798
2738,2.738,-0.0121,0.008,0.0403,0.0077,0.5465,0.3379
2739,2.739,-0.0072,0.0067,0.0285,0.0084,0.6498,1.0247
2740,2.74,-0.0002,0.0057,0.0249,0.0063,1.68,0.744
2741,2.741,0.0025,0.0026,0.0216,0.0046,0.9949,0.1466
2742,2.742,-0.0001,0.0017,0.0365,-0.0018,0.1203,-0.2425
2743,2.743,0.0006,-0.0009,0.0448,0.0007,-0.2222,-0.3142
2744,2.744,0.0042,0.0028,0.0522,0.0028,-0.5332,-0.3792
2745,2.745,0.0059,0.0063,0.05,-0.0007,-0.4409,-0.3219
2746,2.746,0.0007,0.0046,0.0357,0.0062,-0.527,-0.2695
2747,2.747,-0.0028,-0.0042,0.0263,-0.0041,-0.4504,-0.8943
2748,2.748,0.0029,0.002,0.0007,-0.0028,-1.5055,-0.98
2749,2.749,0.0036,0.0076,-0.0541,-0.004,-1.3556,-0.2828
2750,2.75,0.0029,0.0023,-0.0776,-0.0008,-0.3944,0.1873
2751,2.751,0.0071,0.0014,-0.0849,-0.0018,0.2319,0.2739
2752,2.752,0.0076,-0.0011,-0.0656,-0.001,0.3476,0.3521
2753,2.753,0.0071,0.001,-0.048,-0.0053,0.4518,0.423
2754,2.754,0.0083,0.0059,-0.0105,-0.009,0.5464,0.2314
2755,2.755,0.0086,-0.0035,0.0042,-0.0084,0.4619,0.6383
2756,2.756,0.0029,0.0061,-0.0087,-0.0179,1.1588,1.0084
2757,2.757,-0.0014,0.0049,-0.0203,-0.0249,1.6277,0.4797
2758,2.758,-0.0007,0.0017,-0.0309,-0.011,0.8611,-0.0141
2759,2.759,-0.0085,-0.0036,-0.0144,-0.0018,-0.0685,-0.2075
2760,2.76,-0.0075,-0.0027,0.0065,0.0033,-0.445,-0.2666
2761,2.761,-0.0179,0.0015,0.0368,0.0017,-0.5601,-0.3201
2762,2.762,-0.0192,-0.0037,0.033,0.0057,-0.4586,-0.2725
2763,2.763,-0.0105,-0.0002,0.0367,0.0069,-0.3659,-0.4036
2764,2.764,-0.0049,0.0003,0.0533,0.0124,-0.6215,-0.9992
2765,2.765,-0.0019,-0.0014,0.0564,0.0134,-1.7827,-0.7441
2766,2.766,-0.001,-0.0009,0.0539,0.0142,-1.2858,-0.0462
2767,2.767,-0.0036,-0.0012,0.0417,0.0151,-0.2281,0.2368
2768,2.768,0.0017,-0.0041,0.0215,0.0098,0.4605,0.3233
2769,2.769,0.0037,-0.0015,-0.0086,0.0019,0.3382,0.4016
2770,2.77,0.0054,-0.0032,-0.0446,0.0049,0.4527,0.3321
2771,2.771,0.0037,0.0019,-0.059,-0.0092,0.5565,0.2685
2772,2.772,0.0002,-0.0001,-0.0634,-0.0234,0.4634,0.9081
2773,2.773,0.0014,0.0016,-0.0833,-0.0141,1.5704,0.8237
2774,2.774,0.0078,-0.0025,-0.0578,-0.0057,1.4203,0.2811
2775,2.775,0.007,0.0011,-0.0279,-0.0042,0.4593,-0.2126
2776,2.776,0.0011,0.0008,0.0001,-0.0002,-0.1667,-0.2779
2777,2.777,0.0018,0.0011,0.0257,0.001,-0.2826,-0.3368
2778,2.778,0.0053,-0.0007,0.0291,0.0066,-0.593,-0.2846
2779,2.779,0.0111,0.0045,0.032,0.0096,-0.5008,-0.2369
2780,2.78,0.0089,-0.0024,0.024,0.0069,-0.4164,-0.6301
2781,2.781,0.0039,-0.0032,0.0264,0.0128,-1.1132,-0.9999
2782,2.782,0.0082,0.0011,0.042,0.0075,-1.7692,-0.4711
2783,2.783,0.0018,-0.001,0.0399,0.0039,-0.8326,0.023
2784,2.784,-0.0008,-0.0017,0.0269,0.0134,0.0426,0.2169
2785,2.785,-0.0045,0.0014,0.0048,0.0147,0.3854,0.2762
2786,2.786,-0.0122,-0.0026,-0.0159,0.0135,0.4901,0.33
2787,2.787,-0.0092,0.0043,-0.024,0.0057,0.585,0.2827
2788,2.788,-0.0046,0.0052,-0.0263,-0.01,0.5008,0.414
2789,2.789,0.0033,0.0044,-0.0239,-0.0166,0.7332,1.0098
2790,2.79,0.0003,-0.0025,-0.0219,-0.0065,1.6478,0.7549
2791,2.791,-0.0024,-0.0016,-0.02,-0.0009,1.0249,0.0573
2792,2.792,-0.0015,0.0027,-0.0217,-0.0026,0.2295,-0.2251
2793,2.793,-0.0021,-0.0025,-0.0264,-0.0165,-0.2882,-0.3115
2794,2.794,-0.0113,-0.0018,-0.0056,-0.0109,-0.3841,-0.3895
2795,2.795,-0.0125,-0.0023,0.0092,-0.0126,-0.4708,-0.3199
2796,2.796,-0.0046,-0.0051,0.0119,-0.0141,-0.5493,-0.2562
2797,2.797,0.0027,0.0027,0.0094,-0.0128,-0.48,-0.8954
2798,2.798,0.0036,-0.0005,-0.011,0.0011,-1.4395,-0.981
2799,2.799,0.0028,-0.0057,-0.0029,0.0104,-1.5775,-0.2837
2800,2.8,0.0035,0.0028,0.0093,0.0019,-0.4546,0.1863
2801,2.801,0.0041,0.0018,0.0157,0.0096,0.3024,0.273
2802,2.802,0.0036,-0.0012,0.0135,0.0082,0.4418,0.3511
2803,2.803,0.0041,-0.0003,0.0115,0.0045,0.5675,0.2817
2804,2.804,0.0016,0.0022,0.0165,0.0055,0.4551,0.2183
2805,2.805,0.0004,-0.003,0.0178,0.0045,0.3527,0.625
2806,2.806,-0.0016,0.0048,0.0385,-0.0058,1.0082,0.9949
2807,2.807,0.0009,-0.0024,0.0834,-0.0017,1.6046,0.466
2808,2.808,-0.0037,-0.0015,0.064,-0.0005,0.7528,-0.028
2809,2.809,-0.0007,0.0011,0.023,0.0005,-0.0431,-0.2217
2810,2.81,-0.0012,0.0033,-0.0142,0.0058,-0.3548,-0.2809
2811,2.811,0.0003,0.0013,-0.0479,0.0032,-0.4505,-0.3347
2812,2.812,-0,0.003,-0.061,0.0092,-0.5372,-0.2874
2813,2.813,0.0029,0.0059,-0.0968,-0.0022,-0.461,-0.4187
2814,2.814,0.0004,0.0044,-0.092,-0.0004,-0.6723,-1.0146
2815,2.815,0.0028,0.0014,-0.0613,-0.0019,-1.6321,-0.76
2816,2.816,0.0066,0.0017,-0.0094,-0.0005,-1.2217,-0.0624
2817,2.817,0.0088,-0.0008,0.0258,0.0008,-0.0982,0.2202
2818,2.818,0.006,-0.0031,0.0192,0.0019,0.357,0.3064
2819,2.819,0.0003,-0.0028,0.0247,0.0029,0.496,0.3843
2820,2.82,0.0001,-0.0005,0.0144,0.0004,0.529,0.3067
2821,2.821,-0.0024,0.0014,-0.0016,0.0031,0.4052,0.2365
2822,2.822,0.0061,0.0037,-0.0064,0.0023,0.5186,0.9396
2823,2.823,0.0005,0.0014,-0.0019,-0.0046,1.4454,0.8463
2824,2.824,0.0058,0.0001,-0.0056,-0.0073,1.3215,0.2492
2825,2.825,-0.0007,0.0008,-0.0236,-0.0013,0.5269,-0.1397
2826,2.826,0.0035,0.0045,-0.0006,0.0009,-0.1969,-0.2118
2827,2.827,0.0072,-0.0033,0.0083,-0.001,-0.2931,-0.2768
2828,2.828,0.0023,-0.0043,0.011,-0.0005,-0.5499,-0.3357
2829,2.829,-0.0008,-0.0115,0.0086,0.0001,-0.4739,-0.2836
2830,2.83,-0.0025,-0.0219,0.0289,0.0058,-0.4046,-0.6203
2831,2.831,-0.0031,-0.0066,0.0425,0.0037,-1.1085,-1.1014
2832,2.832,-0.0082,-0.0005,0.0449,0.0057,-1.7647,-0.5258
2833,2.833,-0.0147,-0.0024,0.0383,0.004,-0.8283,0.0174
2834,2.834,-0.0139,-0.0041,0.0118,-0.0048,0.0469,0.2297
2835,2.835,-0.0117,0.0004,-0.0136,-0.001,0.3894,0.2946
2836,2.836,-0.0167,-0.0009,-0.0234,-0.002,0.4938,0.3533
2837,2.837,-0.0151,0.0053,-0.0384,-0.001,0.5885,0.3009
2838,2.838,-0.0146,0.0043,-0.0137,-0.0037,0.5042,0.4452
2839,2.839,-0.0142,0.0012,0.0026,-0.0011,0.7368,1.0133
2840,2.84,-0.0111,0.0076,0.0356,-0.0064,1.6514,0.6266
2841,2.841,-0.0056,0.0051,0.04,0,1.0287,0.1331
2842,2.842,-0.0049,0.0057,0.0121,-0.0025,0.2333,-0.1886
2843,2.843,-0.0042,0.0063,0.0086,-0.0018,-0.2842,-0.248
2844,2.844,-0.0084,-0.0032,0.0118,0.0017,-0.3798,-0.3016
2845,2.845,0.0004,0.0008,0.003,0.0047,-0.4663,-0.3502
2846,2.846,0.0142,0.0045,-0.0216,0.0042,-0.5448,-0.2196
2847,2.847,0.0235,0.0013,-0.0184,-0.0036,-0.4754,-0.8151
2848,2.848,0.0218,-0.0018,-0.0096,-0.0026,-1.4349,-0.9006
2849,2.849,0.0233,-0.0064,0.0151,0.0047,-1.5728,-0.2033
2850,2.85,0.0192,-0.004,-0.0014,0.0093,-0.4498,0.267
2851,2.851,0.018,-0.0062,-0.0043,0.0068,0.3075,0.1837
2852,2.852,0.0148,0.0002,0.0367,0.0045,0.4471,0.262
2853,2.853,0.0053,0.001,0.0659,-0.0061,0.573,0.3331
2854,2.854,0.0064,0.0016,0.0285,-0.0107,0.4612,0.2697
2855,2.855,0.0054,-0.0033,0.0141,-0.0038,0.3593,0.6768
2856,2.856,0.0084,-0.0051,-0.008,-0.0177,1.0149,1.047
2857,2.857,-0.0001,0.0001,-0.0359,-0.0121,1.6114,0.5186
2858,2.858,-0.0079,0.0007,-0.0688,-0.0003,0.7597,-0.1159
2859,2.859,-0.009,-0.0036,-0.0907,-0.0079,-0.0358,-0.2024
2860,2.86,-0.0136,-0.0008,-0.0947,-0.0149,-0.3473,-0.2806
2861,2.861,-0.0145,0.0027,-0.0767,-0.016,-0.4425,-0.3513
2862,2.862,-0.0167,0.003,-0.0338,-0.0128,-0.5286,-0.2876
2863,2.863,-0.0132,-0.0026,0.0542,-0.0034,-0.4519,-0.3456
2864,2.864,-0.0201,-0.0049,0.1678,-0.0022,-0.663,-1.0324
2865,2.865,-0.0117,-0.0014,0.122,0.0033,-1.6225,-0.7515
2866,2.866,-0.0127,0.0002,0.0805,0.0148,-1.2116,-0.1541
2867,2.867,-0.0032,-0.0039,0.043,0.0163,-0.0874,0.2351
2868,2.868,-0.002,-0.0034,-0.0374,0.0122,0.3684,0.3069
2869,2.869,0.0012,-0.0013,-0.0683,0.0109,0.508,0.372
2870,2.87,0.0107,-0.001,-0.1156,0.0099,0.634,0.3149
2871,2.871,0.0145,0.0015,-0.1414,-0.0017,0.5222,0.2626
2872,2.872,0.0113,-0.0038,-0.118,-0.0063,0.4203,0.8875
2873,2.873,0.0143,-0.0016,-0.0539,-0.0104,1.4507,0.8032
2874,2.874,0.0098,0.0032,0.0065,-0.0016,1.3148,0.2609
2875,2.875,0.0157,0.0001,0.0298,-0.0027,0.4414,-0.2329
2876,2.876,0.012,0.0041,0.0511,0.0046,-0.3539,-0.2981
2877,2.877,0.014,0.0005,0.0576,0.0054,-0.4589,-0.2407
2878,2.878,0.0123,0.0047,0.0634,0.0096,-0.5533,-0.294
2879,2.879,0.0048,0.0018,0.0476,0.0148,-0.4689,-0.2462
2880,2.88,0.01,0.0042,0.0333,0.0041,-0.3918,-0.6393
2881,2.881,0.0055,0.003,0.0026,0.0087,-1.0247,-1.0092
2882,2.882,0.0046,0.0018,-0.0173,0.0046,-1.7911,-0.4803
2883,2.883,0.0025,0.0008,-0.0136,-0.0016,-0.8636,0.0136
2884,2.884,0.0031,0.0031,-0.0104,-0.0027,0.2615,0.2073
2885,2.885,-0.0051,0.0001,0.0044,-0.0079,0.4157,0.2667
2886,2.886,-0.0019,0.0026,0.0179,-0.0015,0.5549,0.3204
2887,2.887,-0.0071,-0.0026,0.0154,0.0043,0.4321,0.2731
2888,2.888,-0.0155,0.0027,-0.005,0.0036,0.5466,0.4044
2889,2.889,-0.0258,0.0076,-0.0187,-0.0042,0.6505,1.0002
2890,2.89,-0.0327,0.0081,-0.0063,-0.0031,1.6812,0.7453
2891,2.891,-0.0238,0.0053,0.0004,-0.0077,0.9966,0.0475
2892,2.892,-0.0088,0.0006,0.0066,0.0018,0.1225,-0.2349
2893,2.893,-0.0068,0.0011,0.0123,0.0029,-0.2195,-0.3211
2894,2.894,-0.0011,0.0028,0.0141,0.0039,-0.3239,-0.2446
2895,2.895,0.004,-0.005,0.0187,0.005,-0.4184,-0.3152
2896,2.896,0.0056,0.0007,0.0228,-0.0035,-0.5042,-0.2514
2897,2.897,0.0097,-0.0003,0.0191,0.0043,-0.4273,-0.8906
2898,2.898,0.0061,0.0024,0.0316,0.0033,-1.4821,-0.9761
2899,2.899,0.0072,-0.0001,0.0434,0.0006,-1.6333,-0.2787
2900,2.9,0.0125,-0.0023,0.0418,0.0066,-0.3976,0.1912
2901,2.901,0.0118,-0.0016,0.0514,0.0073,0.4349,0.2778
2902,2.902,0.011,-0.0058,0.04,0.0024,0.287,0.3558
2903,2.903,0.0026,0.0007,0.017,-0.0018,0.4259,0.2862
2904,2.904,0.0082,-0.0001,-0.0059,-0.0082,0.5519,0.2225
2905,2.905,0.0052,0.0052,-0.0267,-0.0108,0.4397,0.6292
2906,2.906,0.0025,0.0032,-0.0239,-0.0055,1.1608,0.9991
2907,2.907,0.0034,-0.001,-0.0511,-0.0119,1.6297,0.4702
2908,2.908,0.0072,-0.0004,-0.033,-0.011,0.8631,-0.0237
2909,2.909,0.0037,0.0012,-0.0167,-0.0088,-0.0664,-0.2175
2910,2.91,-0.0005,0,-0.008,-0.001,-0.4429,-0.2767
2911,2.911,0,0.0013,-0.0108,0.0021,-0.5578,-0.3305
2912,2.912,-0.0035,0.001,-0.0432,0.0049,-0.456,-0.2833
2913,2.913,-0.0077,0.0027,-0.0652,0.0058,-0.3631,-0.4147
2914,2.914,-0.0035,-0.0009,-0.093,0.0066,-0.6189,-1.0106
2915,2.915,-0.0103,-0.0005,-0.0673,0.0087,-1.7803,-0.7559
2916,2.916,-0.0148,-0.0044,-0.0373,0.0045,-1.2833,-0.0583
2917,2.917,-0.0173,-0.0068,-0.0171,0.0041,-0.2254,0.2242
2918,2.918,-0.0225,-0.0025,0.0084,0.0046,0.4633,0.3105
2919,2.919,-0.0147,0.0016,0.0315,0.005,0.341,0.3884
2920,2.92,-0.0031,0.0042,0.0343,-0.0014,0.4553,0.3186
2921,2.921,0.0032,0.0022,0.0298,-0.0072,0.5292,0.2581
2922,2.922,0.0017,0.0053,0.0434,0.0031,0.4268,0.8335
2923,2.923,0.0114,0.0051,0.0558,0.0017,1.4567,0.9111
2924,2.924,0.0126,0.0026,0.0493,0.0006,1.3202,0.2769
2925,2.925,0.0094,-0.0019,0.0228,0.0038,0.4463,-0.1506
2926,2.926,0.0042,0.0039,-0.0244,-0.0014,-0.3495,-0.2296
2927,2.927,0.0033,0.0032,-0.0306,-0.0059,-0.4552,-0.301
2928,2.928,-0.0009,0.004,-0.013,-0.0034,-0.5504,-0.3657
2929,2.929,-0.0002,-0.0029,-0.0181,-0.007,-0.4668,-0.1919
2930,2.93,0.0033,-0.002,-0.0133,-0.005,-0.3905,-0.6677
2931,2.931,0.009,-0.0028,-0.0001,-0.0044,-1.024,-0.9879
2932,2.932,0.0053,-0.0035,0.0359,-0.0027,-1.791,-0.4647
2933,2.933,0.0102,-0.007,0.0696,0.005,-0.8639,0.029
2934,2.934,0.0071,-0.0112,0.0562,0.0106,0.2605,0.2225
2935,2.935,0.0006,-0.02,0.0523,0.0076,0.4141,0.2814
2936,2.936,-0.0037,-0.0137,0.0194,0.003,0.5529,0.3348
2937,2.937,-0.0031,-0.0033,-0.0114,0.0005,0.4295,0.2872
2938,2.938,-0.0096,-0.002,-0.0474,-0.0048,0.5433,0.4183
2939,2.939,-0.0072,0.0018,-0.0617,-0.0028,0.6464,1.0138
2940,2.94,-0.0066,0.0008,-0.0572,-0.0045,1.6764,0.5884
2941,2.941,0.004,0.0038,-0.0533,0.0007,0.9911,0.0452
2942,2.942,0.0085,-0.0026,-0.0351,0.0014,0.116,-0.1673
2943,2.943,0.0015,0.0017,-0.0122,-0.0069,-0.2267,-0.3607
2944,2.944,0.0003,0.0038,-0.0151,-0.0037,-0.3317,-0.4196
2945,2.945,-0.0008,0.0032,0.0095,-0.0007,-0.4267,-0.3674
2946,2.946,-0.0038,0.0048,0.0459,0.0001,-0.513,-0.2235
2947,2.947,-0.0103,0.0065,0.0507,0.0009,-0.4365,-0.8789
2948,2.948,-0.0078,-0.0003,0.0552,0.0015,-1.4919,-0.7858
2949,2.949,0.0006,0.0043,0.0514,-0.0005,-1.3424,-0.1893
2950,2.95,-0.0027,-0.0016,0.0334,0.0011,-0.3815,0.1996
2951,2.951,-0.0058,-0.0023,0.0037,-0.0065,0.2443,0.2714
2952,2.952,-0.0123,-0.003,-0.0162,-0.0076,0.3601,0.3363
2953,2.953,-0.0046,-0.0036,-0.049,0.0027,0.4641,0.395
2954,2.954,0.0005,0.0028,-0.0447,0.0096,0.5584,0.2369
2955,2.955,0.0012,0.0054,-0.0409,0.0008,0.4736,0.6695
2956,2.956,-0.0048,0.0001,0.0064,-0.0096,1.1702,0.9603
2957,2.957,-0.0118,-0.002,0.0515,-0.0166,1.6388,0.4846
2958,2.958,-0.0128,0.0022,0.0457,-0.0078,0.8718,-0.0927
2959,2.959,-0.007,-0.0019,0.0405,-0.0046,-0.0582,-0.1717
2960,2.96,-0.0049,0.0016,0.0357,-0.0077,-0.4351,-0.2431
2961,2.961,-0.0014,0.0028,0.0137,-0.0104,-0.5503,-0.3078
2962,2.962,-0.0045,-0.0001,-0.0143,-0.0045,-0.4491,-0.2504
2963,2.963,-0.0029,-0.0027,-0.0397,0.0007,-0.3567,-0.409
2964,2.964,0.0048,0.0004,-0.0894,0.0027,-0.6125,-1.0339
2965,2.965,0.0125,-0.006,-0.0966,0.0097,-1.774,-0.7789
2966,2.966,0.0155,-0.0034,-0.0775,0.0088,-1.2772,-0.0812
2967,2.967,0.009,-0.0009,-0.0248,0.0062,-0.2193,0.2015
2968,2.968,0.0098,-0.0016,0.0248,0.0055,0.4689,0.2878
2969,2.969,0.009,-0.0037,0.0441,0.0118,0.3465,0.3659
2970,2.97,0.0012,0.002,0.0383,0.0143,0.4606,0.2962
2971,2.971,0.0002,-0.005,0.0225,0.0091,0.5643,0.2326
2972,2.972,-0.0006,-0.0004,0.0083,0.0097,0.4713,0.8719
2973,2.973,-0.0031,0.0021,0.0129,0.0027,1.4076,0.7871
2974,2.974,0.0006,0.0105,-0.0068,-0.0113,1.2838,0.2445
2975,2.975,0.0013,0.0027,-0.0173,-0.0134,0.4891,-0.1089
2976,2.976,0.0018,0.0057,-0.0139,-0.0041,-0.2347,-0.3023
2977,2.977,0.0023,0.0029,0.0011,-0.0058,-0.3309,-0.3613
2978,2.978,0.0018,-0.0049,0.0203,-0.0044,-0.4177,-0.3094
2979,2.979,0.006,-0.0019,0.0527,-0.0057,-0.4964,-0.2619
2980,2.98,0.0032,-0.0011,0.0747,0.0056,-0.4272,-0.6553
2981,2.981,0.0057,-0.0003,0.0786,0.004,-1.131,-1.0255
2982,2.982,0.0118,-0.001,0.0605,0.0026,-1.7872,-0.4969
2983,2.983,0.0093,0.001,0.0241,0.0038,-0.8506,0.1377
2984,2.984,0.0071,0.0015,0.0098,-0.0017,0.0245,0.2245
2985,2.985,0.0036,0.0019,-0.0299,0.0055,0.3671,0.3028
2986,2.986,0.0031,-0.0016,-0.0779,0.0064,0.4718,0.3736
2987,2.987,0.0036,-0.0013,-0.0714,0.0056,0.5665,0.3101
2988,2.988,0.0001,0.0051,-0.0656,0.0062,0.4821,0.3683
2989,2.989,0.0013,0.0005,-0.0176,0.0042,0.7145,1.0554
2990,2.99,-0.0016,-0.0054,-0.0112,0.0059,1.7696,0.5877
2991,2.991,-0.0041,-0.0032,0.0418,-0.0017,1.0158,0.1606
2992,2.992,-0.0051,0.0017,0.0489,0.0036,0.0535,-0.2282
2993,2.993,-0.0027,0,0.0296,0.0027,-0.3231,-0.2998
2994,2.994,0.0004,-0.0005,-0.0113,0.0053,-0.4386,-0.3647
2995,2.995,-0.0008,0.0021,-0.0484,0.0075,-0.5429,-0.3073
2996,2.996,-0.0017,0.0032,-0.0725,-0.0002,-0.4506,-0.2548
2997,2.997,0.0022,0.0029,-0.0592,-0.0012,-0.3664,-0.8794
2998,2.998,0.0007,-0.0006,-0.0472,-0.002,-1.5276,-0.9649
2999,2.999,0.0077,-0.0003,-0.007,-0.0028,-1.363,-0.2675
3000,3,0.0087,-0.0015,0.009,-0.0005,-0.608,0.2025
3001,3.001,0.0096,-0.0004,0.0233,-0.0054,0.3545,0.2891
3002,3.002,0.0122,0.0048,0.0364,-0.0012,0.4814,0.3674
3003,3.003,0.0101,-0.0004,0.0244,-0.0028,0.5958,0.2979
3004,3.004,0.0094,0.0003,0.0207,0.0008,0.4939,0.2344
3005,3.005,0,-0.0001,0.0174,-0.0013,0.4007,0.6411
3006,3.006,-0.004,0.004,0.0024,-0.0077,1.1669,1.0111
3007,3.007,-0.0027,0.0056,-0.0058,-0.0199,1.6823,0.4823
3008,3.008,-0.0059,0.0005,0.0015,-0.0114,0.839,-0.0116
3009,3.009,-0.0131,0.0026,0.0307,-0.0099,-0.1835,-0.2052
3010,3.01,-0.0195,0.0069,0.0586,-0.0029,-0.3236,-0.2643
3011,3.011,-0.0117,0.0029,0.0477,-0.0017,-0.4502,-0.3179
3012,3.012,-0.0044,0.0024,0.0311,0.0015,-0.5649,-0.2704
3013,3.013,-0.0071,0.0036,0.0518,0.0045,-0.4631,-0.4016
3014,3.014,-0.008,0.0025,0.0927,0.011,-0.7445,-0.9974
3015,3.015,-0.0058,0.0029,0.0983,0.0136,-1.8517,-0.7424
3016,3.016,-0.0037,-0.0017,0.0609,0.0114,-1.0984,-0.0447
3017,3.017,-0.0068,-0.0059,0.0075,0.005,-0.1367,0.2381
3018,3.018,-0.0156,-0.0006,-0.0423,0.0025,0.4893,0.3244
3019,3.019,-0.0193,-0.0025,-0.0616,0.0048,0.3782,0.2479
3020,3.02,-0.0137,-0.0042,-0.1145,-0.0016,0.4823,0.3187
3021,3.021,-0.0065,-0.0013,-0.15,-0.0025,0.5766,0.255
3022,3.022,-0.0038,-0.0023,-0.1674,-0.0046,0.4321,0.8823
3023,3.023,0.0008,0.0003,-0.1483,-0.004,1.5389,0.8247
3024,3.024,0.0051,0,-0.0603,0.0025,1.3889,0.2426
3025,3.025,-0.0002,-0.0011,-0.0227,-0.0018,0.4276,-0.1461
3026,3.026,-0.0008,-0,0.0116,0.0004,-0.1982,-0.2177
3027,3.027,-0.0013,-0.001,0.0426,0.0039,-0.3138,-0.2825
3028,3.028,-0.003,0.0007,0.0519,0.0034,-0.4178,-0.3412
3029,3.029,0.0028,0.0009,0.0432,0.0038,-0.5122,-0.1831
3030,3.03,0.0021,-0.003,0.0509,-0.0029,-0.4276,-0.6156
3031,3.031,0.0028,-0.0058,0.0438,-0.017,-1.1243,-1.0226
3032,3.032,0.001,-0,0.0245,-0.0069,-1.7802,-0.5468
3033,3.033,0.0062,0.0022,0.0185,-0.0088,-0.8434,0.0305
3034,3.034,0.0013,0.0002,-0.0082,-0.0003,0.0322,0.2645
3035,3.035,0.0054,0.0007,-0.0227,-0.008,0.3751,0.3357
3036,3.036,0.0071,0.0002,-0.0273,-0.0039,0.4799,0.2726
3037,3.037,0.0095,-0.0023,-0.0076,-0.0028,0.575,0.2151
3038,3.038,0.0098,-0.0011,0.0104,0.0027,0.4911,0.268
3039,3.039,0.0109,0.0018,0.0135,0.0037,0.7237,0.9888
3040,3.04,0.0073,0.006,0.0107,0.001,1.6386,0.6804
3041,3.041,0.0069,0.0031,0.0188,0.0018,1.0163,0.2106
3042,3.042,0.0012,0.0006,0.0116,-0.002,0.2213,-0.2166
3043,3.043,0.0005,-0.0025,-0.004,-0.0056,-0.2961,-0.2955
3044,3.044,-0.0102,-0.0005,-0.0183,-0.0151,-0.3914,-0.3666
3045,3.045,0.0004,0.0005,-0.0277,-0.0165,-0.4777,-0.3033
3046,3.046,-0.001,-0.0027,-0.0261,-0.0052,-0.556,-0.2456
3047,3.047,0.0027,0.0037,-0.0032,0.0023,-0.3456,-0.8269
3048,3.048,-0.0005,-0.0027,0.0266,0.0064,-1.3047,-0.9047
3049,3.049,0.0005,-0.0053,0.0546,0.0051,-1.4424,-0.271
3050,3.05,-0.0059,-0.0105,0.0728,0.0061,-0.5684,0.1566
3051,3.051,-0.0051,-0.0041,0.0631,-0.0096,0.2279,0.2354
3052,3.052,-0.0014,-0.005,0.0303,-0.0119,0.3335,0.3064
3053,3.053,-0.005,-0.0135,0.0084,0.0065,0.6159,0.3709
3054,3.054,-0.008,-0.0145,-0.0034,0.0088,0.5323,0.1968
3055,3.055,-0.0016,-0.0073,0.0147,0.0154,0.3012,0.6724
3056,3.056,0.0026,-0.0027,0.005,0.0173,1.0753,0.9923
3057,3.057,0.0032,0.0031,0.0021,0.008,1.5909,0.4688
3058,3.058,0.0081,0.0053,-0.0061,0.0063,0.7479,-0.0252
3059,3.059,0.0086,-0.0025,0.0011,0.0139,-0.0477,-0.2189
3060,3.06,0.015,0.0089,0.0077,0.0152,-0.3593,-0.2781
3061,3.061,0.0142,-0.005,0.0137,0.0039,-0.4546,-0.3318
3062,3.062,0.0164,0.008,-0.003,0.0024,-0.5407,-0.2845
3063,3.063,0.0157,-0.0005,-0.0096,-0.0102,-0.4641,-0.4158
3064,3.064,0.0127,0.001,-0.0035,-0.0085,-0.6753,-1.0116
3065,3.065,0.011,0.0023,0.0022,-0.01,-1.635,-0.7568
3066,3.066,0.0032,-0.0015,-0.0028,-0.006,-1.2243,-0.059
3067,3.067,-0.0071,0.004,-0.0257,-0.0097,-0.1001,0.2236
3068,3.068,-0.0085,0.005,-0.0556,-0.0065,0.3556,0.3098
3069,3.069,-0.0147,0.0058,-0.0517,-0.0056,0.4952,0.3877
3070,3.07,-0.0179,0.0015,-0.0043,0.0029,0.6209,0.3179
3071,3.071,-0.0189,0.0008,0.028,0.0039,0.5086,0.2542
3072,3.072,-0.018,-0.0028,0.0338,0.0049,0.4065,0.8934
3073,3.073,-0.0309,-0.0012,0.0497,0.0076,1.4365,0.8085
3074,3.074,-0.029,0.0028,0.0353,0.0051,1.3003,0.2658
3075,3.075,-0.0137,0.0023,0.0046,0.0073,0.4264,-0.2283
3076,3.076,-0.0035,0.0011,0.0008,0.0037,-0.3695,-0.294
3077,3.077,0.0021,0.0014,-0.0171,0.0042,-0.4748,-0.353
3078,3.078,0.0105,0.0071,-0.0334,0.0026,-0.5698,-0.3011
3079,3.079,0.0151,0.0045,-0.0482,0.0073,-0.4858,-0.2536
3080,3.08,0.0138,0.0007,-0.007,0.0031,-0.4093,-0.6469
3081,3.081,0.0176,0,0.034,-0.0022,-1.0428,-1.0171
3082,3.082,0.0144,-0.0017,0.0074,-0.0086,-1.8099,-0.4886
3083,3.083,0.0154,0.0011,-0.007,-0.0061,-0.8828,0.146
3084,3.084,0.0127,-0.0004,-0.0114,-0.0008,0.2418,0.2328
3085,3.085,0.0102,0.0046,-0.0153,0.007,0.3953,0.3112
3086,3.086,0.0109,0.0039,-0.0333,0.004,0.5339,0.3821
3087,3.087,0.0061,0.0056,-0.043,-0.0006,0.6598,0.3185
3088,3.088,0.0056,-0.0009,-0.0457,0.002,0.5476,0.3767
3089,3.089,0.0052,0.0033,-0.0375,-0.0017,0.6509,1.0638
3090,3.09,0.0005,-0.0019,-0.0002,-0.001,1.6812,0.5961
3091,3.091,0.0011,-0.0013,0.037,0.0033,0.9961,0.1691
3092,3.092,-0.0077,-0.0043,0.0324,-0.0019,0.1215,-0.2195
3093,3.093,-0.0139,-0.0003,0.0105,-0.0068,-0.221,-0.291
3094,3.094,-0.0171,-0.0018,0.0068,-0.0136,-0.3259,-0.3557
3095,3.095,-0.0286,0.0043,-0.004,-0.0144,-0.4205,-0.2981
3096,3.096,-0.024,0.0018,-0.0337,-0.0049,-0.5067,-0.2456
3097,3.097,-0.017,-0.0004,-0.0376,-0.0086,-0.4301,-0.8702
3098,3.098,-0.0082,0.0016,-0.0267,-0.0075,-1.4852,-0.9556
3099,3.099,0.0022,-0.0026,-0.0235,-0.0022,-1.6366,-0.2581
3100,3.1,0.0062,-0.0067,0.0036,0.0064,-0.4012,0.2118
3101,3.101,0.0025,-0.0031,0.0217,0.0096,0.4308,0.2986
3102,3.102,0.0057,-0.0019,0.0185,0.0127,0.2825,0.3768
3103,3.103,0.0068,-0.0047,0.0156,0.0155,0.421,0.3073
3104,3.104,-0.0017,-0.0004,0.0074,0.0027,0.5468,0.2439
3105,3.105,-0.0027,0.0025,0.0445,-0.0066,0.4344,0.6508
3106,3.106,-0.0017,-0.001,0.071,-0.0184,1.1552,1.0211
3107,3.107,-0.0044,-0.0006,0.0663,-0.0168,1.6239,0.4926
3108,3.108,-0.0019,0.0024,0.0619,-0.0015,0.8574,-0.1418
3109,3.109,0.0003,0.005,0.0339,0.0046,-0.0723,-0.2284
3110,3.11,0.0039,0.006,0.0085,0.0065,-0.4485,-0.3067
3111,3.111,0.0057,0.001,-0.0146,0.0082,-0.5633,-0.3774
3112,3.112,0.0063,0.0046,-0.0477,0.0067,-0.4617,-0.3138
3113,3.113,0.0111,0.003,-0.0434,0.0054,-0.3691,-0.3719
3114,3.114,0.0106,-0.0022,-0.0397,0.0091,-0.6248,-1.0587
3115,3.115,0.0124,-0.0002,-0.0217,0.0058,-1.786,-0.778
3116,3.116,0.0056,-0.0018,-0.0055,0.0111,-1.2889,-0.0103
3117,3.117,0.0029,0.0047,-0.0205,0.0102,-0.231,0.3006
3118,3.118,-0.0013,-0.0048,-0.0507,-0.0026,0.4577,0.2087
3119,3.119,0.0024,-0.0035,-0.0626,-0.0045,0.5847,0.2948
3120,3.12,0.0044,-0.0045,-0.0298,-0.0129,0.473,0.3729
3121,3.121,0.0039,-0.0014,0.0187,-0.0145,0.577,0.3031
3122,3.122,-0.0002,-0.0022,0.0381,-0.0131,0.484,0.8789
3123,3.123,0.002,-0.0003,0.0538,-0.0034,1.4964,0.8614
3124,3.124,0.0055,0.0022,0.0364,0.0003,1.4122,0.3189
3125,3.125,0.0067,0.0029,0.0311,0.0013,0.4045,-0.1748
3126,3.126,0.007,0.0023,0.0455,0.0066,-0.2838,-0.2401
3127,3.127,0.0045,0.0018,0.0322,0.0057,-0.4106,-0.2988
3128,3.128,-0.0001,0.0083,0.0361,0.0032,-0.525,-0.352
3129,3.129,-0.0032,0.0024,0.0688,0.0069,-0.423,-0.208
3130,3.13,0.0021,0.0046,0.0555,0.0049,-0.3297,-0.6011
3131,3.131,0,0.0026,0.0194,0.0018,-1.0959,-1.0768
3132,3.132,-0.003,0.0009,-0.0048,-0.0011,-1.8169,-0.5008
3133,3.133,-0.0095,0.0004,-0.0445,-0.0046,-0.7863,0.0428
3134,3.134,-0.0189,-0.0021,-0.071,0.0023,0.1766,0.2556
3135,3.135,-0.0178,0.0001,-0.0854,0.0013,0.3045,0.3209
3136,3.136,-0.0145,-0.0038,-0.0634,-0.0052,0.4197,0.2639
3137,3.137,-0.0135,-0.0032,-0.0194,-0.0026,0.5243,0.2119
3138,3.138,-0.0162,0.001,-0.0137,-0.0049,0.4321,0.3565
3139,3.139,-0.017,-0.003,0.0022,-0.0098,0.6881,1.0121
3140,3.14,-0.0086,0.0017,-0.0222,-0.0056,1.6947,0.7318
3141,3.141,-0.0008,0.0012,-0.0621,-0.0097,1.0098,0.1347
3142,3.142,0.0022,-0.0028,-0.057,-0.0133,0.1354,-0.2539
3143,3.143,0.003,-0.0044,-0.0233,-0.0082,-0.4336,-0.3252
3144,3.144,0.0072,-0.0055,0.0074,-0.0018,-0.3328,-0.2619
3145,3.145,0.0124,-0.0016,0.0273,-0.001,-0.4275,-0.3203
3146,3.146,0.0074,-0.0052,0.0382,-0.0033,-0.5135,-0.2678
3147,3.147,0.0057,-0.0049,0.0351,-0.004,-0.4369,-0.8923
3148,3.148,0.0052,-0.006,0.0203,0.0002,-1.492,-0.8076
3149,3.149,0.0109,-0.0025,0.0342,0.0043,-1.342,-0.2649
3150,3.15,0.0057,-0.0094,0.0071,0.0058,-0.381,0.2294
3151,3.151,0.0164,-0.0231,0.0108,0.01,0.2453,0.2951
3152,3.152,0.0148,-0.0138,0.0274,0.0083,0.3612,0.3542
3153,3.153,0.0108,-0.002,0.0246,0.0036,0.4653,0.3022
3154,3.154,0.012,0.0026,0.0001,-0.0006,0.5598,0.1585
3155,3.155,0.0016,0.0039,-0.0296,-0.0047,0.4753,0.5519
3156,3.156,-0.0024,0.0027,-0.0414,0,1.0173,0.9221
3157,3.157,-0.0137,0.0059,-0.0161,-0.0017,1.651,0.4896
3158,3.158,-0.0244,0.0049,0.0137,0.0011,0.7142,-0.0351
3159,3.159,-0.0341,0.0076,0.0337,0.0037,-0.1609,-0.2476
3160,3.16,-0.0329,0.0085,0.0157,0.0106,-0.2771,-0.3126
3161,3.161,-0.0181,0.0063,0.0256,0.0053,-0.382,-0.2553
3162,3.162,-0.0039,0.0056,0.0528,0.008,-0.4772,-0.3086
3163,3.163,-0.002,-0.0002,0.0421,0.0123,-0.3932,-0.3568
3164,3.164,0.003,0.0035,0.0258,0.0086,-0.6259,-1.0121
3165,3.165,0.0106,0.0055,0.005,-0.0021,-1.6815,-0.7315
3166,3.166,0.0066,0.0038,-0.0197,-0.0006,-1.23,-0.1343
3167,3.167,0.0077,0.0021,-0.023,0.0063,-0.2685,0.2547
3168,3.168,0.0021,0.0068,-0.0379,0.0051,0.3573,0.3263
3169,3.169,0.0116,0.0026,-0.0406,-0.0053,0.4723,0.3911
3170,3.17,0.0178,-0.0027,-0.0382,-0.0067,0.5762,0.3336
3171,3.171,0.0188,0.0022,-0.0133,-0.0004,0.483,0.2811
3172,3.172,0.0136,0.0052,0.0033,-0.006,0.3979,0.9058
3173,3.173,0.0144,-0,0.0065,-0.0091,1.5584,0.8212
3174,3.174,0.0153,0.002,0.004,-0.0006,1.3928,0.2785
3175,3.175,0.01,0.0015,-0.0031,0.0004,0.3351,-0.2153
3176,3.176,0.0136,0.0031,0.0082,-0.0091,-0.354,-0.2809
3177,3.177,0.0078,-0.0037,0.0267,-0.0003,-0.4816,-0.34
3178,3.178,0.0071,0.0027,0.034,-0.0036,-0.597,-0.2881
3179,3.179,0.0022,-0.0032,0.023,-0.0005,-0.4961,-0.2406
3180,3.18,0.0026,0.002,-0.0075,-0.0051,-0.4037,-0.634
3181,3.181,-0.0062,-0.0016,-0.0382,-0.0093,-1.1708,-1.0041
3182,3.182,-0.0125,-0.0021,-0.0499,-0.0024,-1.6869,-0.4756
3183,3.183,-0.0181,0.0008,-0.0318,0.004,-0.8446,0.0182
3184,3.184,-0.0234,-0.005,-0.0088,0.0066,0.1774,0.2116
3185,3.185,-0.028,-0.0073,0.006,-0.0004,0.3168,0.2707
3186,3.186,-0.0221,-0.0024,0.0307,0.0042,0.4426,0.3241
3187,3.187,-0.0169,-0.0029,0.0537,0.0067,0.5564,0.2765
3188,3.188,-0.0063,-0.0024,0.0987,0.0089,0.4539,0.4077
3189,3.189,0.0106,-0.0019,0.1181,0.004,0.7345,1.0034
3190,3.19,0.0128,-0.0031,0.0889,0.0035,1.6707,0.7483
3191,3.191,0.0108,0.0033,0.0624,0.003,1.0475,0.0504
3192,3.192,0.0052,0.0041,0.0188,0.0035,0.2517,-0.2324
3193,3.193,0.0002,-0.0037,-0.0342,0.0013,-0.2664,-0.319
3194,3.194,0.0018,0.0036,-0.0982,-0.0034,-0.3627,-0.2425
3195,3.195,0.0032,0.0009,-0.124,0.0049,-0.4496,-0.3135
3196,3.196,0.0044,-0.0034,-0.1006,0.0017,-0.5283,-0.2501
3197,3.197,0.0035,-0.0027,-0.1077,-0.0035,-0.4593,-0.8895
3198,3.198,0.0005,-0.0007,-0.0753,0.0051,-1.419,-0.9752
3199,3.199,-0.0041,0.0024,-0.0224,-0.012,-1.5573,-0.278
3200,3.2,-0.0015,-0.0005,-0.0011,-0.0143,-0.4346,0.192
3201,3.201,-0.0052,-0.0031,-0.0076,-0.0208,0.3223,0.2786
3202,3.202,-0.0031,-0,-0.0134,-0.0106,0.4615,0.3568
3203,3.203,-0.0026,-0.0012,0.0345,0.0024,0.5871,0.2873
3204,3.204,-0.009,-0.0001,0.0667,0.0075,0.4747,0.2237
3205,3.205,-0.0012,0.0023,0.0723,0.006,0.3722,0.6304
3206,3.206,0.0061,-0.0027,0.0562,-0.0037,1.0277,1.0002
3207,3.207,0.0107,-0.0007,0.0124,-0.0025,1.624,0.4714
3208,3.208,0.0133,-0.0002,-0.0407,0.0054,0.7722,-0.0224
3209,3.209,0.0048,-0.003,-0.0763,0.0044,-0.0236,-0.216
3210,3.21,-0.0007,-0.0025,-0.0828,-0.0002,-0.3352,-0.2751
3211,3.211,0.0046,0.0026,-0.077,-0.0061,-0.4306,-0.3286
3212,3.212,0.0019,0.0046,-0.0183,-0.0008,-0.5169,-0.2811
3213,3.213,-0.0023,-0.0023,0.0523,-0.0001,-0.4405,-0.4123
3214,3.214,-0.0016,0.0041,0.0997,0.0057,-0.6517,-1.008
3215,3.215,-0.0022,0.0016,0.0911,0.005,-1.6112,-0.753
3216,3.216,-0.0038,-0.0021,0.052,0.0086,-1.2004,-0.0552
3217,3.217,-0.0033,0.0028,0.0163,0.0155,-0.0766,0.2276
3218,3.218,-0.0068,0.0058,-0.0162,0.0033,0.3789,0.3141
3219,3.219,-0.0016,-0.003,-0.0456,-0.0017,0.5182,0.3923
3220,3.22,-0.0065,0.0008,-0.0616,-0.0063,0.6442,0.3227
3221,3.221,-0.0022,0.004,-0.0569,-0.005,0.5322,0.259
3222,3.222,-0.0075,0.0009,-0.0351,-0.0038,0.4299,0.8985
3223,3.223,-0.0025,0.0037,-0.0073,0.004,1.4602,0.8139
3224,3.224,0.0069,-0.0024,0.0275,0.0092,1.4018,0.2911
3225,3.225,0.0053,0.0035,0.0382,0.0102,0.4409,-0.0975
3226,3.226,0.0058,0.0057,0.0348,0.0037,-0.1848,-0.1692
3227,3.227,0.0083,0.0064,0.0138,0.0028,-0.3002,-0.3617
3228,3.228,0.0095,0.0047,-0.0164,-0.0087,-0.6099,-0.3044
3229,3.229,0.0106,0.0018,-0.0283,-0.007,-0.517,-0.2518
3230,3.23,0.0149,0.0003,-0.0247,0.0006,-0.4319,-0.5882
3231,3.231,0.0073,-0,0.005,-0.0063,-1.1281,-1.0689
3232,3.232,0.0062,-0.0039,0.0249,-0.0026,-1.7837,-0.493
3233,3.233,0.0035,0.0009,0.0357,-0.0015,-0.8463,0.0506
3234,3.234,0.0027,-0.0022,0.0258,-0.0067,0.0296,0.2632
3235,3.235,0.002,0.0007,0.017,-0.0002,0.373,0.2004
3236,3.236,0.0056,-0.0028,0.0089,0.0057,0.4781,0.2593
3237,3.237,0.0014,0.0014,0.0017,0.0064,0.5735,0.2072
3238,3.238,-0.0039,-0.0003,0.0083,0.0057,0.4899,0.4477
3239,3.239,-0.0045,-0.0018,0.0103,0.0063,0.7228,1.0159
3240,3.24,-0.0075,0.0005,0.0123,0.001,1.6381,0.7842
3241,3.241,-0.0162,-0.0024,0.0107,-0.0067,1.016,0.1499
3242,3.242,-0.0173,-0.0005,0.0093,-0.012,0.2213,-0.2774
3243,3.243,-0.0117,-0.0044,0.0052,-0.0111,-0.2956,-0.2014
3244,3.244,-0.0169,-0.0008,0.004,-0.0086,-0.3907,-0.2723
3245,3.245,-0.0161,-0.003,0.0143,-0.0171,-0.4763,-0.3367
3246,3.246,-0.0118,-0.005,0.0129,-0.0181,-0.5542,-0.2788
3247,3.247,-0.0066,-0.0031,0.0217,-0.0129,-0.4843,-0.8599
3248,3.248,-0.0002,0.0021,0.0273,-0.0008,-1.4432,-0.9376
3249,3.249,0.0057,-0.0001,0.0116,-0.0025,-1.5805,-0.3037
3250,3.25,0.0127,-0.0078,0.0183,0.0082,-0.457,0.124
3251,3.251,0.0081,-0.0193,0.0369,0.0151,0.3008,0.203
3252,3.252,0.0038,-0.0117,0.0198,0.0162,0.4409,0.2741
3253,3.253,0.0031,-0.002,0.0043,0.0059,0.5672,0.3388
3254,3.254,0.001,0.0017,0.0105,0.0072,0.4553,0.2811
3255,3.255,-0.0085,0.0095,0.0162,0.0035,0.3536,0.651
3256,3.256,-0.0126,0.0125,-0.0091,-0.002,1.0095,0.9877
3257,3.257,-0.0163,0.0061,-0.0273,-0.001,1.6061,0.507
3258,3.258,-0.0107,0.0087,-0.0704,-0.0002,0.7546,-0.0702
3259,3.259,0.005,-0.0013,-0.0879,0.0007,-0.0409,-0.304
3260,3.26,0.0115,0.0083,-0.0614,0.0045,-0.3523,-0.235
3261,3.261,0.0135,0.0021,-0.0661,-0.0033,-0.4475,-0.2998
3262,3.262,0.0079,0.0031,-0.0703,0.0019,-0.5336,-0.2424
3263,3.263,0.0028,0.0041,-0.0422,0.0011,-0.4569,-0.4011
3264,3.264,-0.0048,-0.0005,0.0128,0.002,-0.6682,-1.026
3265,3.265,0.0048,0.0021,0.0522,-0.0017,-1.6278,-0.7712
3266,3.266,0.0085,-0.0001,0.0311,-0.0024,-1.217,-0.0735
3267,3.267,0.0007,-0.0022,0.0119,-0.0007,-0.0931,0.2091
3268,3.268,0.0037,-0.0017,-0.0055,0.0081,0.3625,0.2953
3269,3.269,0.0064,-0.0045,0.0105,0.0118,0.5019,0.3733
3270,3.27,0.0105,0.0012,0.0541,0.0061,0.6275,0.3034
3271,3.271,0.0112,-0.004,0.0483,0.0092,0.5155,0.2397
3272,3.272,0.0104,-0.0034,0.0641,0.01,0.4133,0.8788
3273,3.273,0.0062,-0.0017,0.0687,0.0092,1.4432,0.794
3274,3.274,0.0009,-0.0034,0.0466,0.0161,1.3067,0.2511
3275,3.275,0.0058,0.0044,0.0186,0.0134,0.433,-0.243
3276,3.276,-0,0.0054,-0.0142,0.0039,-0.3633,-0.1808
3277,3.277,-0.0038,0.0043,-0.045,0.0002,-0.4688,-0.3561
3278,3.278,-0.0087,-0.0042,-0.0649,-0.0147,-0.5639,-0.3044
3279,3.279,-0.0083,-0.001,-0.0612,-0.0248,-0.4802,-0.257
3280,3.28,-0.01,-0.0041,-0.0246,-0.0342,-0.4038,-0.6505
3281,3.281,-0.0136,-0.005,-0.0101,-0.0392,-1.0372,-1.0208
3282,3.282,-0.0067,-0.0008,-0.0144,-0.0192,-1.8043,-0.4924
3283,3.283,-0.0058,0.0014,-0.0343,-0.0055,-0.8771,0.1421
3284,3.284,-0.005,-0.0022,-0.0016,0.0068,0.2472,0.2287
3285,3.285,-0.011,-0.0039,0.0203,0.0002,0.4006,0.3068
3286,3.286,-0.0103,-0.0034,0.0163,0.0023,0.5392,0.3774
3287,3.287,-0.0068,-0.0009,0.0198,0.0079,0.6649,0.3136
3288,3.288,-0.0163,-0.0013,-0.0298,-0.0006,0.5526,0.3716
3289,3.289,-0.0149,0.0025,-0.0795,0.0009,0.6557,1.0585
3290,3.29,-0.0061,-0.0011,-0.0601,0.0023,1.6858,0.5905
3291,3.291,0.0042,-0.0033,-0.0309,0.006,1.0004,0.1633
3292,3.292,0.0083,0.0023,-0.015,0.0138,0.1255,-0.2257
3293,3.293,0.0196,0.0016,-0.0103,0.0148,-0.4439,-0.2977
3294,3.294,0.012,0.0009,0.0028,0.0102,-0.3432,-0.3626
3295,3.295,0.0106,0.0003,0.0227,0.0094,-0.4382,-0.3054
3296,3.296,0.0143,0.0032,0.0334,0.0116,-0.5244,-0.2532
3297,3.297,0.0133,0.0016,0.0366,0.0067,-0.4477,-0.8782
3298,3.298,0.0144,-0.0014,0.0279,0.0062,-1.503,-0.964
3299,3.299,0.008,-0.0018,0.0198,0.0034,-1.6547,-0.267
3300,3.3,0.0122,0.0024,0.0222,-0.0034,-0.4194,0.2029
3301,3.301,0.01,-0.0016,0.0424,-0.0061,0.4127,0.2893
3302,3.302,0.0008,0.0009,0.045,-0.0035,0.5658,0.3672
3303,3.303,0.002,0.0005,0.0325,-0.0087,0.4303,0.2975
3304,3.304,-0.0012,0.0045,0.0659,-0.0022,0.556,0.2337
3305,3.305,-0.0002,-0.0013,0.1094,-0.0013,0.4435,0.6404
3306,3.306,0.0007,0.001,0.0799,-0.0113,1.1643,1.0103
3307,3.307,-0.0018,0.003,0.0317,-0.0209,1.6329,0.4814
3308,3.308,-0.0087,-0.0012,-0.0268,-0.0121,0.8661,-0.0126
3309,3.309,-0.006,0.0005,-0.0816,0.0004,-0.0637,-0.2063
3310,3.31,-0.0101,0.001,-0.1031,-0.0013,-0.4403,-0.2658
3311,3.311,-0.0078,-0.0002,-0.1097,0.0002,-0.5553,-0.3194
3312,3.312,-0.007,0.001,-0.0806,-0.0011,-0.4537,-0.2721
3313,3.313,-0.0075,0.0035,-0.0542,-0.0023,-0.3609,-0.4035
3314,3.314,-0.001,0.0032,-0.0203,0.0033,-0.6167,-0.9993
3315,3.315,-0.0001,-0.0019,0.0105,0.0086,-1.7778,-0.7445
3316,3.316,0.0053,-0.004,0.0146,0.0132,-1.2807,-0.0469
3317,3.317,-0.0011,-0.0009,0.0255,0.0157,-0.2226,0.2357
3318,3.318,0.0084,-0.0014,0.0289,0.0135,0.4662,0.3219
3319,3.319,0.0073,-0.0019,0.0378,0.0029,0.3442,0.2452
3320,3.32,0.0084,0.0023,0.0679,-0.0017,0.4587,0.3158
3321,3.321,0.0054,0.0006,0.0958,-0.0086,0.5629,0.2522
3322,3.322,0.0062,-0.003,0.0849,-0.0098,0.4699,0.8914
3323,3.323,-0.0015,0.0001,0.0551,0.0006,1.4064,0.8066
3324,3.324,-0.0005,0.0065,0.0111,-0.0035,1.5317,0.2641
3325,3.325,0.0065,0.0094,-0.0407,-0.0032,0.4842,-0.1802
3326,3.326,0.0038,0.0067,-0.0816,-0.0069,-0.3117,-0.252
3327,3.327,-0.0005,0.0041,-0.1189,0.0056,-0.4171,-0.317
3328,3.328,0.0017,0.0019,-0.1334,0.0072,-0.5122,-0.3759
3329,3.329,0.0037,-0.0016,-0.0849,-0.0067,-0.5985,-0.2181
3330,3.33,-0.0005,-0.0033,-0.0266,-0.0086,-0.3671,-0.6507
3331,3.331,0.0047,0.0019,0.0594,-0.0069,-1.1409,-1.0578
3332,3.332,0.0041,0.0068,0.0709,0.0007,-1.6562,-0.4767
3333,3.333,-0.0001,-0.0026,0.0811,0.0047,-0.8132,0.0668
3334,3.334,-0.0089,0.0015,0.0527,0.0059,0.2093,0.2794
3335,3.335,-0.0202,0.0027,0.0096,0.0003,0.3496,0.3444
3336,3.336,-0.0278,0.0037,-0.0296,0.0055,0.476,0.287
3337,3.337,-0.0208,0.0027,-0.0652,0.0082,0.5907,0.2347
3338,3.338,-0.0195,-0.0057,-0.0461,-0.003,0.4891,0.3789
3339,3.339,-0.0139,-0.0025,-0.0289,-0.0015,0.7705,1.0343
3340,3.34,-0.0066,-0.0077,-0.0025,-0.0055,1.7073,0.7538
3341,3.341,0.0037,-0.005,0.0216,0.0058,1.0847,0.1564
3342,3.342,0.0134,-0.0042,0.0349,0.0012,0.0629,-0.2323
3343,3.343,0.0146,-0.0035,0.0231,-0.0029,-0.3511,-0.304
3344,3.344,0.0115,-0.0028,0.0051,-0.0018,-0.4778,-0.3688
3345,3.345,0.0105,-0.0011,-0.0311,-0.005,-0.5921,-0.3114
3346,3.346,0.002,-0.0006,-0.0551,0.0022,-0.4902,-0.2589
3347,3.347,0.0052,-0.0011,-0.0505,0.0049,-0.3972,-0.8836
3348,3.348,0.0082,-0.0022,-0.0063,0.0057,-1.5039,-0.9691
3349,3.349,0.0091,-0.0011,0.0468,0.0004,-1.3541,-0.2718
3350,3.35,0.0031,-0.0029,0.0682,-0.0032,-0.3933,0.1984
3351,3.351,0.0037,-0.0082,0.0618,-0.0115,0.233,0.2851
3352,3.352,0.0001,-0.0182,0.0562,-0.0171,0.349,0.3634
3353,3.353,0.0042,-0.0112,0.051,-0.0098,0.4536,0.294
3354,3.354,0.0001,-0.0024,0.0269,-0.009,0.5484,0.2304
3355,3.355,-0.0067,-0.0014,0.0137,0.0021,0.4639,0.6373
3356,3.356,-0.0114,0.0038,-0.0062,0.0066,1.1607,1.0075
3357,3.357,-0.0174,0.0046,-0.0316,0.0106,1.6294,0.4788
3358,3.358,-0.0259,0.0054,0.0048,0.0068,0.8628,-0.0149
3359,3.359,-0.0228,0.0076,0.0385,0.0124,-0.067,-0.2083
3360,3.36,-0.0134,0.0069,0.0339,0.0051,-0.4436,-0.2673
3361,3.361,-0.0021,0.0039,-0.0022,-0.009,-0.5586,-0.3208
3362,3.362,-0.0006,0.0055,-0.046,-0.0315,-0.4572,-0.2732
3363,3.363,-0.0047,0.006,-0.0518,-0.0167,-0.5516,-0.4043
3364,3.364,-0.001,0.0102,-0.0678,0.0134,-0.6371,-0.9999
3365,3.365,0.0068,0.0014,-0.0822,0.0095,-1.7983,-0.7448
3366,3.366,0.0098,-0.0024,-0.0602,0.0059,-1.3016,-0.0468
3367,3.367,0.0071,-0.0056,-0.0402,0.0091,-0.2436,0.2361
3368,3.368,0.0045,0.0038,0.0144,-0.0058,0.4451,0.3226
3369,3.369,0.0114,0.0026,0.0534,-0.0139,0.3229,0.2463
3370,3.37,0.0086,0.0036,0.0605,-0.0116,0.6639,0.3171
3371,3.371,0.0128,0.0006,0.028,-0.0005,0.5621,0.2535
3372,3.372,0.015,-0.0003,0.0105,0.0096,0.4691,0.7767
3373,3.373,0.01,0.0005,-0.0161,0.0114,1.4058,0.8476
3374,3.374,0.0169,-0.0002,-0.0115,0.0063,1.5312,0.2712
3375,3.375,0.0141,-0.0009,-0.0159,0.0048,0.5104,-0.1173
3376,3.376,0.0063,-0.0026,-0.004,0.0088,-0.1781,-0.1889
3377,3.377,0.0093,-0.0021,0.0069,-0.0025,-0.3051,-0.2534
3378,3.378,0.0065,-0.0007,0.0102,-0.0041,-0.4197,-0.312
3379,3.379,0.0006,-0.0004,0.0311,-0.0027,-0.5237,-0.2595
3380,3.38,-0.0095,-0.0016,0.0285,0.001,-0.4307,-0.5956
3381,3.381,-0.0136,0.0002,0.0163,-0,-1.0268,-1.0763
3382,3.382,-0.0148,-0.0051,-0.0128,0.0137,-1.7241,-0.5004
3383,3.383,-0.0138,-0.0103,0.0153,0.0118,-0.881,0.0433
3384,3.384,-0.0169,-0.0068,0.0483,0.0102,0.1415,0.256
3385,3.385,-0.0178,-0.0011,0.0704,0.0147,0.2815,0.3213
3386,3.386,-0.0152,-0.0049,0.0823,0.0051,0.4078,0.3802
3387,3.387,-0.0068,-0.0014,0.0423,-0.0062,0.5221,0.2227
3388,3.388,-0.0013,-0.0031,0.0051,-0.0016,0.42,0.3673
3389,3.389,-0.0003,0.0021,-0.0191,0.0024,0.7013,1.023
3390,3.39,-0.0011,0.0014,-0.0676,-0.0012,1.6382,0.7429
3391,3.391,0.0048,0.0056,-0.0612,-0.0002,1.0157,0.1461
3392,3.392,0.0027,-0.0009,-0.0785,0.0009,0.2204,-0.2422
3393,3.393,0.0047,0.0017,-0.0837,0.0055,-0.2976,-0.3134
3394,3.394,0.0142,-0.0006,-0.0789,-0.0004,-0.3936,-0.3779
3395,3.395,0.0156,-0.0026,-0.0744,-0.0056,-0.4801,-0.3203
3396,3.396,0.012,0.0043,-0.0465,-0.0104,-0.5584,-0.2676
3397,3.397,0.0088,-0.0003,-0.0064,-0.012,-0.3481,-0.8921
3398,3.398,0.0118,-0.0028,0.0095,-0.0124,-1.3075,-0.9775
3399,3.399,0.0092,0.0024,0.0047,-0.0129,-1.4454,-0.2799
3400,3.4,0.0118,0.0073,0.009,-0.014,-0.5715,0.1903
3401,3.401,0.0188,0.0031,0.0128,-0.0075,0.2244,0.2773
3402,3.402,0.0103,0.006,0.0235,0.0066,0.3295,0.3557
3403,3.403,0.0072,-0.0008,0.0201,0.0046,0.6116,0.2863
3404,3.404,0.0062,0.0077,0.0289,0.0102,0.5274,0.223
3405,3.405,0.0035,0.0045,0.0262,0.0086,0.4506,0.63
3406,3.406,-0.0007,0.0077,0.0287,0.0071,1.0839,1.0002
3407,3.407,-0.0076,0.0013,0.0266,0.0031,1.6803,0.4717
3408,3.408,-0.0179,-0.0012,0.0248,0.0019,0.8283,-0.0219
3409,3.409,-0.0192,-0.0004,0.0231,-0.0012,-0.1943,-0.2153
3410,3.41,-0.018,-0.0011,0.0183,0.0019,-0.3344,-0.2742
3411,3.411,-0.019,-0.0015,0.0414,0.0028,-0.4609,-0.3277
3412,3.412,-0.0284,0.0026,0.0382,0.002,-0.5756,-0.2802
3413,3.413,-0.0119,0.0032,0.0294,0.0027,-0.4738,-0.4113
3414,3.414,-0.0053,-0.0037,0.0266,0.0048,-0.568,-1.0068
3415,3.415,-0.0113,-0.0067,0.0193,-0.0009,-1.8454,-0.7515
3416,3.416,0.0018,-0.0039,0.017,0.0029,-1.299,-0.0535
3417,3.417,0.0103,-0.003,0.0272,0.0009,-0.1357,0.2293
3418,3.418,0.0088,-0.0052,0.0551,-0.0008,0.3198,0.3159
3419,3.419,0.0129,-0.0016,0.0591,0.0021,0.459,0.3941
3420,3.42,0.0067,0.0002,0.0338,0.0057,0.5847,0.3244
3421,3.421,0.0057,-0.0003,0.0109,0.0069,0.4726,0.2607
3422,3.422,0.0026,0.0013,-0.0341,0.0021,0.3702,0.9
3423,3.423,0.0072,0.0036,-0.0924,-0.0021,1.4003,0.8153
3424,3.424,0.003,0.0065,-0.1315,0.002,1.5381,0.2727
3425,3.425,0.0036,0.0076,-0.1243,0.0015,0.4152,-0.2212
3426,3.426,0.0075,0.009,-0.1184,-0.0044,-0.2644,-0.239
3427,3.427,0.0039,0.0045,-0.0732,-0.0095,-0.4176,-0.3038
3428,3.428,0.007,-0.0012,-0.0322,-0.013,-0.556,-0.3625
3429,3.429,0.0017,0.0042,0.005,-0.0125,-0.4326,-0.2046
3430,3.43,-0.006,0.0022,0.0098,-0.0037,-0.3201,-0.6371
3431,3.431,-0.003,0.0065,0.0054,-0.0026,-1.0411,-1.0442
3432,3.432,-0.0022,-0.001,0.0093,0.0052,-1.6971,-0.463
3433,3.433,-0.003,0.0021,0.0129,-0,-0.7605,0.0803
3434,3.434,-0.0037,-0.0006,0.0097,0.0008,0.1148,0.2927
3435,3.435,-0.0016,0.0037,0.0126,-0.0018,0.4576,0.2299
3436,3.436,-0.0032,-0.0031,0.0207,0.0035,0.562,0.2886
3437,3.437,-0.0027,-0.0057,0.0379,-0.0059,0.4698,0.2364
3438,3.438,-0.0001,0.0038,0.049,-0.0071,0.3856,0.2845
3439,3.439,-0.0012,0.0027,0.0427,-0.0242,0.618,0.9398
3440,3.44,0.0008,-0.0005,0.0258,-0.017,1.6733,0.6592
3441,3.441,-0.0034,0.0006,0.0053,-0.0059,1.2215,0.062
3442,3.442,-0.0039,0.0015,0.0025,0.0125,0.2595,-0.1721
3443,3.443,-0.0116,-0.0026,0.0001,0.0001,-0.3661,-0.2438
3444,3.444,-0.0084,-0.0033,0.0155,-0.0202,-0.4812,-0.3086
3445,3.445,-0.0032,0.0032,0.0216,-0.0284,-0.5854,-0.2513
3446,3.446,-0.0023,-0.0027,0.0382,-0.0111,-0.4929,-0.1988
3447,3.447,-0.0049,-0.0004,0.0717,0.0091,-0.4085,-0.9196
3448,3.448,-0.0055,0.0003,0.0669,0.0172,-1.5694,-0.8173
3449,3.449,-0.0105,-0.0027,0.0713,0.0147,-1.4043,-0.3484
3450,3.45,-0.0062,-0.0044,0.0831,0.0035,-0.3471,0.2494
3451,3.451,0.0014,-0.0038,0.0504,0.0055,0.3416,0.3283
3452,3.452,0.0066,-0.0099,-0.0156,0.0073,0.4687,0.259
3453,3.453,0.0039,-0.0227,-0.1008,0.009,0.5832,0.3237
3454,3.454,0.0064,-0.0209,-0.1581,0.0135,0.4819,0.266
3455,3.455,0.0101,-0.009,-0.1476,0.0149,0.3893,0.6358
3456,3.456,0.0065,-0.0044,-0.1379,0.0111,1.1558,0.9726
3457,3.457,0.006,-0.0004,-0.1119,0.0033,1.6714,0.4919
3458,3.458,0.0007,-0.0041,-0.0728,0.0002,0.8283,-0.0853
3459,3.459,0.0027,0.0015,-0.0086,-0.0121,-0.1939,-0.1642
3460,3.46,0.0009,0.0045,0.0346,-0.0138,-0.3339,-0.2355
3461,3.461,0.0026,0.0036,0.0423,-0.0093,-0.4601,-0.3002
3462,3.462,0.002,0.0027,0.0493,-0.008,-0.5743,-0.3587
3463,3.463,0.0062,0.0049,0.0556,0.0007,-0.4721,-0.5173
3464,3.464,-0.0003,0.0042,0.0611,0.0085,-0.5661,-1.0459
3465,3.465,0.0005,0.0011,0.0451,0.0137,-1.8433,-0.6946
3466,3.466,0.0057,-0.0006,0.0208,0.0145,-1.2966,-0.1177
3467,3.467,0.0092,0.0019,0.0164,0.017,-0.1331,0.2713
3468,3.468,0.0109,0.0049,0.0126,0.0085,0.3227,0.3428
3469,3.469,0.0137,-0.0016,0.0163,0.0095,0.4622,0.4077
3470,3.47,0.0079,-0.0025,0.0132,0.0105,0.5882,0.3503
3471,3.471,0.0057,-0,-0.0017,-0.0036,0.476,0.2978
3472,3.472,0.0134,0.0006,0.001,-0.0138,0.3739,0.9225
3473,3.473,0.0123,0.0026,-0.0114,0.0067,1.404,0.8379
3474,3.474,0.0058,0.0008,-0.0049,-0.0015,1.5419,0.2953
3475,3.475,-0.0055,0.0003,0.0051,-0.0038,0.4191,-0.1985
3476,3.476,-0.0131,0.0027,0.0032,-0.006,-0.338,-0.264
3477,3.477,-0.0173,0.0023,0.0083,-0.0121,-0.4776,-0.3227
3478,3.478,-0.0185,0.0011,0.0038,-0.0066,-0.6037,-0.376
3479,3.479,-0.0153,-0.0015,0.0026,0.0018,-0.4918,-0.2322
3480,3.48,-0.0163,-0.0055,0.0015,-0.0058,-0.3896,-0.6253
3481,3.481,-0.0154,-0.002,0.0026,-0.0017,-1.045,-0.9952
3482,3.482,-0.018,-0.0009,-0.0004,-0.0029,-1.812,-0.4664
3483,3.483,-0.0264,-0.0039,-0.0089,0.0003,-0.8847,0.0276
3484,3.484,-0.0274,-0.0004,0.0083,-0.005,0.2397,0.2213
3485,3.485,-0.0137,-0.0027,0.0356,-0.0023,0.3933,0.2806
3486,3.486,-0.0043,0.0011,0.0393,0.0003,0.5321,0.3341
3487,3.487,0.0075,0.0026,0.0493,0.001,0.6577,0.2866
3488,3.488,0.009,0.0047,0.0346,-0.004,0.5451,0.4179
3489,3.489,0.0104,0.0035,-0.0064,0.0003,0.648,1.0137
3490,3.49,0.0192,0.0024,-0.0355,0.0044,1.6782,0.7588
3491,3.491,0.0182,-0.0022,-0.0196,-0.0002,0.9931,0.0611
3492,3.492,0.0172,0.0047,-0.0148,-0.0019,0.1185,-0.2215
3493,3.493,0.0087,0.0038,-0.0192,-0.0047,-0.2244,-0.3079
3494,3.494,0.0055,0.0012,0.0409,-0.0021,-0.3299,-0.3859
3495,3.495,0.0025,-0.001,0.0841,0.0001,-0.425,-0.3161
3496,3.496,-0.002,-0.0004,0.045,0.0066,-0.5113,-0.2523
3497,3.497,-0.0029,0.0038,0.0237,0.0021,-0.4346,-0.8916
3498,3.498,-0.0007,-0.0015,-0.0215,-0.0004,-1.4899,-0.9772
3499,3.499,0.0014,-0.0009,-0.0863,-0.0025,-1.6418,-0.2798
3500,3.5,-0.0003,-0.0026,-0.0951,0.0024,-0.4064,0.1903
3501,3.501,-0.0055,0.0014,-0.1345,0.003,0.4258,0.277
3502,3.502,-0.0035,0.0019,-0.1134,0.0059,0.2774,0.3552
3503,3.503,-0.0018,0.0049,-0.0686,0.0034,0.4156,0.2856
3504,3.504,0.0011,0.0001,-0.0396,0.0012,0.5409,0.2219
3505,3.505,0.0026,0.0018,0.0083,0.0024,0.428,0.6287
3506,3.506,0.0039,-0.0023,0.0275,0.0043,1.1487,0.9987
3507,3.507,0.0019,0.0034,0.0217,0.0053,1.6173,0.4699
3508,3.508,0.0001,0.0041,0.0165,0.0084,0.8503,-0.024
3509,3.509,0.0054,0.0006,0.0602,0.0142,-0.0797,-0.2177
3510,3.51,0.0092,0.0036,0.1131,0.0117,-0.4566,-0.277
3511,3.511,0.017,-0.0004,0.106,0.0002,-0.5721,-0.3307
3512,3.512,0.0161,0.0011,0.0995,-0.0218,-0.4709,-0.2833
3513,3.513,0.017,-0.0011,0.0466,-0.0188,-0.3788,-0.4148
3514,3.514,0.0092,0.0028,-0.0031,-0.0215,-0.635,-1.0108
3515,3.515,0.0103,0.0063,-0.0613,0.0009,-1.7966,-0.756
3516,3.516,0.0076,0.006,-0.1158,0.0097,-1.3001,-0.0583
3517,3.517,0.0052,-0.0004,-0.1229,-0.004,-0.2429,0.2242
3518,3.518,0.0121,-0.0012,-0.0644,-0.0016,0.4453,0.3104
3519,3.519,0.0186,-0.0038,0.0061,-0.0038,0.5713,0.3884
3520,3.52,0.0144,-0.0016,-0.0035,-0.0017,0.459,0.3185
3521,3.521,0.0059,-0.0022,0.0051,0.0001,0.5623,0.2547
3522,3.522,0.0027,0.002,0.0283,-0.005,0.4689,0.8938
3523,3.523,-0.0026,0.0026,0.0211,-0.0035,1.4049,0.8089
3524,3.524,-0.0072,0.0021,0.0274,-0.0075,1.5297,0.266
3525,3.525,-0.0097,0.0033,0.0099,0.0038,0.5082,-0.2281
3526,3.526,-0.0213,0.0053,-0.0167,0.0114,-0.1806,-0.2939
3527,3.527,-0.0291,-0.0058,-0.0029,0.0093,-0.3851,-0.3096
3528,3.528,-0.0343,-0,0.0213,0.0052,-0.5115,-0.3685
3529,3.529,-0.045,0.0025,0.0521,0.0015,-0.6262,-0.2109
3530,3.53,-0.0325,0.0003,0.056,0.0025,-0.3185,-0.6436
3531,3.531,-0.0274,-0.0045,0.0451,0.0035,-1.1615,-1.0509
3532,3.532,-0.0199,-0.0028,0.0087,0.0027,-1.7288,-0.4698
3533,3.533,-0.0102,-0.0023,-0.0252,0.0052,-0.8021,0.0734
3534,3.534,-0.0065,-0.0048,-0.0297,0.0059,0.0729,0.2857
3535,3.535,0.0039,-0.0026,-0.0417,0.0094,0.4155,0.3506
3536,3.536,0.0052,-0.009,-0.0527,-0,0.5201,0.2932
3537,3.537,0.009,-0.0154,-0.043,-0.0209,0.6148,0.2408
3538,3.538,0.0122,-0.0111,-0.0102,-0.0417,0.3603,0.3851
3539,3.539,0.0196,-0.0042,0.0205,-0.017,0.5927,1.0404
3540,3.54,0.0112,0.0004,0.0165,0.006,1.6478,0.7597
3541,3.541,0.0009,0.0013,0.0129,0.0031,1.1956,0.1624
3542,3.542,-0.006,0.0051,0.003,0.0004,0.2334,-0.2265
3543,3.543,0.0029,0.0015,-0.0119,-0.0069,-0.3925,-0.2981
3544,3.544,0.0061,0.0058,0.0072,-0.0091,-0.5079,-0.3629
3545,3.545,0.0072,0.0041,0.0195,0.0011,-0.6121,-0.3055
3546,3.546,0.0117,0.0046,0.0487,0.0066,-0.5196,-0.2532
3547,3.547,0.0126,0.0058,0.1007,0.0083,-0.4353,-0.8779
3548,3.548,0.0132,0.0062,0.1076,0.0159,-1.5963,-0.9635
3549,3.549,0.0181,0.0026,0.0882,0.0118,-1.4315,-0.2662
3550,3.55,0.0139,-0.0016,0.0587,0.0081,-0.3748,0.204
3551,3.551,0.0074,-0.0021,0.0214,0.007,0.3138,0.2907
3552,3.552,0.0015,-0.0056,-0.032,0.008,0.4412,0.369
3553,3.553,-0.007,-0.0005,-0.0818,0.0034,0.5559,0.2996
3554,3.554,-0.0038,0.0015,-0.1011,0.0059,0.4544,0.2361
3555,3.555,-0.0069,0.0045,-0.0953,-0.001,0.3616,0.643
3556,3.556,-0.021,0.0017,-0.0901,-0.0038,1.1282,1.0132
3557,3.557,-0.0271,-0.0019,-0.0173,-0.008,1.6438,0.4846
3558,3.558,-0.0253,0.0012,0.0555,-0.0117,0.8009,-0.0091
3559,3.559,-0.0134,0.0008,0.0649,-0.0097,0.0054,-0.2024
3560,3.56,-0.0059,0.0034,0.0563,-0.014,-0.306,-0.2614
3561,3.561,-0.0018,0.0037,-0.0143,-0.018,-0.4014,-0.3148
3562,3.562,0.0044,0.0027,-0.0617,-0.0103,-0.4878,-0.2672
3563,3.563,-0.0034,-0.0016,-0.0876,0.0022,-0.4113,-0.3982
3564,3.564,-0.0045,-0.0021,-0.08,0.0106,-0.6223,-0.9937
3565,3.565,0.0019,-0.0038,-0.0589,0.0091,-1.5818,-0.7385
3566,3.566,0.013,-0.0003,-0.0399,0.005,-1.1711,-0.0405
3567,3.567,0.0206,-0.0033,0.0128,0.0039,-0.0474,0.2425
3568,3.568,0.0136,0.0014,0.0339,0.0071,0.4081,0.329
3569,3.569,0.0198,-0.0044,0.0532,0.0061,0.5478,0.2528
3570,3.57,0.0166,-0.0081,0.0476,0.0088,0.425,0.3237
3571,3.571,0.0195,-0.0033,0.0212,0.0062,0.5394,0.2602
3572,3.572,0.0131,0.005,-0.0028,-0.0022,0.4374,0.8997
3573,3.573,0.0138,0.006,-0.0158,0.001,1.4676,0.8153
3574,3.574,0.0175,-0.0013,-0.0117,-0.0063,1.3315,0.2728
3575,3.575,0.0154,0.0014,-0.0443,-0.0108,0.4581,-0.2209
3576,3.576,0.0171,-0.0029,-0.0485,-0.0013,-0.3378,-0.2863
3577,3.577,0.0094,-0.0022,-0.0124,0.0024,-0.4431,-0.345
3578,3.578,0.0021,-0.0015,-0.0076,-0.0054,-0.5382,-0.2926
3579,3.579,-0.0064,-0.0032,0.0057,-0.0002,-0.6246,-0.2447
3580,3.58,-0.0121,0.002,0.0177,0.0025,-0.3933,-0.6377
3581,3.581,-0.0151,0.004,0.0142,0.0034,-1.0263,-1.0075
3582,3.582,-0.0255,-0.0018,0.0573,0.004,-1.7934,-0.4786
3583,3.583,-0.0295,0.0004,0.0747,0.002,-0.866,0.0156
3584,3.584,-0.0131,-0.0045,0.0799,0.0025,0.0092,0.2095
3585,3.585,-0.0019,-0.0015,0.0655,0.0101,0.3517,0.2689
3586,3.586,-0.016,-0.001,0.0257,0.0132,0.4565,0.3227
3587,3.587,-0.0253,-0.0067,0.0098,-0.0009,0.5513,0.2754
3588,3.588,-0.0202,-0.0045,-0.0339,-0.011,0.467,0.4067
3589,3.589,-0.0063,0.0004,-0.0514,-0.0092,0.6995,1.0025
3590,3.59,-0.0156,0.0034,-0.0567,0.0027,1.6144,0.7477
3591,3.591,-0.0105,-0.0006,-0.0423,0.0012,0.9919,0.0501
3592,3.592,-0.0089,-0.0021,-0.0115,-0.0029,0.1968,-0.2325
3593,3.593,-0.0049,0.0048,0.0085,-0.004,-0.3209,-0.3189
3594,3.594,0.0014,-0.0004,0.0415,0.0038,-0.4168,-0.2423
3595,3.595,0.0117,0.0024,0.046,0.0007,-0.5033,-0.3129
3596,3.596,0.0131,0.0066,0.0343,-0.002,-0.5815,-0.2491
3597,3.597,0.0143,0.0044,0.0164,-0.0028,-0.3711,-0.8884
3598,3.598,0.0111,0.0051,0.0001,0.0025,-1.3304,-0.9738
3599,3.599,0.0102,0.0021,-0.0147,0.0103,-1.4683,-0.2764
3600,3.6,0.0094,0.0026,-0.0338,0.0093,-0.5943,0.1938
3601,3.601,0.0136,-0.0031,-0.0215,0.0084,0.2018,0.2807
3602,3.602,0.0115,0.0038,-0.0237,0.0042,0.3072,0.359
3603,3.603,0.0008,0.0011,0.0027,-0.0027,0.5895,0.2896
3604,3.604,0.0024,-0.0014,0.05,-0.0054,0.5056,0.2261
3605,3.605,-0.0017,-0.0007,0.0563,-0.0114,0.4289,0.633
3606,3.606,-0.0005,-0.0014,0.0504,-0.0151,1.0622,1.0032
3607,3.607,0.0027,0.0004,0.0451,-0.0044,1.6588,0.4745
3608,3.608,0.0037,0.0009,0.021,-0.0029,0.8071,-0.0192
3609,3.609,0.0064,0.0014,-0.0097,-0.0042,0.0113,-0.2127
3610,3.61,0.0056,-0.0016,0.0103,-0.0054,-0.3002,-0.2718
3611,3.611,0.0063,0.0023,0.0069,0.0002,-0.3957,-0.3251
3612,3.612,0.0043,0.0038,-0.0029,0.0012,-0.4822,-0.2773
3613,3.613,0.0001,0.0008,0.0119,-0.0014,-0.406,-0.4083
3614,3.614,-0.0063,0.0028,0.0366,-0.0125,-0.6174,-1.004
3615,3.615,-0.0071,0.0071,0.0201,-0.0049,-1.5773,-0.7489
3616,3.616,-0.0049,0.0066,-0.0249,-0.0035,-1.1667,-0.051
3617,3.617,0,0.0009,-0.1092,0.0028,-0.2926,0.2319
3618,3.618,0.0018,0.0031,-0.1207,0.0018,0.2766,0.3184
3619,3.619,0.0047,-0.0018,-0.1103,0.0008,0.3816,0.3967
3620,3.62,0.0021,0.0013,-0.0627,0.0054,0.4764,0.3271
3621,3.621,0.0033,-0.0016,-0.0712,-0.0023,0.5623,0.2635
3622,3.622,-0.0006,-0.0011,-0.0944,-0.0033,0.4854,0.903
3623,3.623,-0.0084,-0.0022,-0.073,0.0071,1.3997,0.8185
3624,3.624,-0.0073,-0.0018,-0.0407,0.0058,1.5247,0.2759
3625,3.625,0.0021,-0.0037,0.0357,0.007,0.5035,-0.2181
3626,3.626,0.0009,-0.0033,0.0459,0.0103,-0.1853,-0.2836
3627,3.627,-0.0001,-0.003,0.0363,0.0134,-0.3126,-0.3424
3628,3.628,-0.0024,0.0018,0.029,0.009,-0.5007,-0.3118
3629,3.629,-0.0054,0.0005,0.0031,0.0063,-0.6153,-0.2592
3630,3.63,0.0009,0.0012,0.0422,0.0038,-0.3077,-0.5956
3631,3.631,-0.0033,-0.0015,0.0494,0.0032,-1.1507,-1.0764
3632,3.632,-0.0086,-0.0054,0.0431,0.0012,-1.7178,-0.5005
3633,3.633,-0.0037,-0.0028,0.0375,-0.0083,-0.7909,0.043
3634,3.634,0.0032,-0.004,0.0217,-0.0152,0.0842,0.2556
3635,3.635,0.0077,-0.0019,0.0363,-0.0114,0.4267,0.3208
3636,3.636,0.0069,-0.0023,0.0671,-0.0036,0.5313,0.3797
3637,3.637,-0.0016,-0.0006,0.079,-0.0006,0.4392,0.3276
3638,3.638,-0.0048,-0.0036,0.0537,0.004,0.3551,0.3761
3639,3.639,0.0004,-0.0026,0.0173,-0.0019,0.5877,1.0316
3640,3.64,0.0089,-0.0009,-0.0069,0.0018,1.6432,0.7512
3641,3.641,0.0145,-0.0059,-0.0377,0.0025,1.1913,0.1542
3642,3.642,0.005,-0.0124,-0.0656,-0.0005,0.2293,-0.2346
3643,3.643,0.0013,-0.0115,-0.0691,0.0071,-0.3963,-0.3059
3644,3.644,-0.0065,-0,-0.0461,0.0123,-0.5116,-0.3706
3645,3.645,-0.0096,0.0016,-0.0252,0.0059,-0.6157,-0.3129
3646,3.646,-0.0236,0.0062,0.0049,0.0034,-0.523,-0.2605
3647,3.647,-0.0338,0.0048,0.0089,-0.0004,-0.4385,-0.885
3648,3.648,-0.0245,0.0036,0.0197,0.0074,-1.5992,-0.9706
3649,3.649,-0.0093,0.0004,0.0229,0.0001,-1.4341,-0.2732
3650,3.65,-0.0073,0.0034,0.0199,-0.0007,-0.3772,0.197
3651,3.651,0.002,0.0061,0.017,-0.0067,0.3112,0.2838
3652,3.652,0.0002,0.0035,0.0097,0.0018,0.4385,0.3621
3653,3.653,0.0047,0.0028,0.0252,0.0007,0.5534,0.2926
3654,3.654,0.0087,-0.0008,0.0273,-0.0045,0.4521,0.2291
3655,3.655,0.0099,-0.0013,0.0144,-0.0054,0.3593,0.636
3656,3.656,0.0154,0.0015,-0.0041,-0.0079,1.1259,1.0061
3657,3.657,0.0102,-0,-0.0112,-0.0058,1.6415,0.4774
3658,3.658,0.0056,0.005,0.0001,-0.0051,0.7986,-0.0163
3659,3.659,0.0099,0.0001,-0.0019,-0.0046,0.003,-0.3377
3660,3.66,0.0047,0.0017,-0.0186,-0.0064,-0.3084,-0.3968
3661,3.661,0.0041,-0,-0.0119,-0.0142,-0.4034,-0.3448
3662,3.662,0.0024,0.0025,0.0024,-0.0152,-0.4897,-0.2013
3663,3.663,0.0018,-0.0006,0.0303,0.0005,-0.4131,-0.4199
3664,3.664,-0.0007,0.0005,0.0664,0.007,-0.6242,-1.0156
3665,3.665,0.0015,0.0001,0.0423,0.0049,-1.5836,-0.7606
3666,3.666,0.0003,0.0011,0.0115,-0.0007,-1.1728,-0.0629
3667,3.667,0.0013,-0.0034,-0.0324,-0.0057,-0.2979,0.2199
3668,3.668,0.0017,-0.0029,-0.0616,0.0049,0.2717,0.3062
3669,3.669,0.0067,-0.0055,-0.0668,0.0063,0.3769,0.3843
3670,3.67,0.0074,-0.0034,-0.0426,-0.0076,0.472,0.3146
3671,3.671,-0.0021,0.0013,-0.0206,-0.0169,0.5583,0.2508
3672,3.672,0.002,-0.0005,-0.0006,-0.0254,0.4818,0.89
3673,3.673,0.0032,-0.0058,0.054,-0.0148,1.3967,0.9754
3674,3.674,-0.0001,-0.0038,0.0774,0.0004,1.5223,0.2779
3675,3.675,-0.0031,-0.0022,0.0705,0.0065,0.5017,-0.1921
3676,3.676,-0.004,-0.0005,0.0257,0.0083,-0.1866,-0.2789
3677,3.677,-0.0014,0.003,-0.0148,0.01,-0.3133,-0.3572
3678,3.678,0.0023,-0.004,-0.0305,0.0115,-0.4275,-0.2878
3679,3.679,-0.0055,0.0012,-0.0544,0.0074,-0.5312,-0.2243
3680,3.68,-0.0025,0.0003,-0.0586,0.0062,-0.4379,-0.6312
3681,3.681,-0.0017,0.0011,-0.0546,0.0071,-1.0336,-1.0013
3682,3.682,0.0009,-0.0012,-0.0437,0.0081,-1.7304,-0.4727
3683,3.683,-0.0013,-0.0048,-0.0405,-0.006,-0.8869,0.0211
3684,3.684,-0.0049,0.0035,-0.0197,0,0.1362,0.2146
3685,3.685,-0.0032,-0.0021,-0.0279,0.0093,0.2766,0.2737
3686,3.686,0.0009,-0.0011,-0.0156,0.0109,0.4036,0.3272
3687,3.687,-0.0026,-0.0003,-0.009,0.0032,0.5186,0.2795
3688,3.688,-0.0038,0.0022,0.0053,0.0045,0.4171,0.4106
3689,3.689,-0.0018,0.0044,0.011,0.0057,0.6987,1.0062
3690,3.69,0.0033,0.0038,0.0094,0.0001,1.636,0.7511
3691,3.691,0.0054,0.0033,0.0326,0.0011,1.0139,0.0531
3692,3.692,0.0085,0.0038,0.0425,0.0003,0.2194,-0.2297
3693,3.693,0.0068,0.0053,0.0276,-0.0006,-0.2975,-0.3164
3694,3.694,0.0094,0.0023,0.0303,0.0016,-0.3928,-0.2401
3695,3.695,0.0091,0.0043,0.008,0.0081,-0.4787,-0.3111
3696,3.696,0.013,0.0069,0.0108,-0.0014,-0.5565,-0.2475
3697,3.697,0.0156,0.0016,0.0519,-0.0026,-0.3458,-0.887
3698,3.698,0.0105,0.001,0.0812,-0.0016,-1.3044,-0.9727
3699,3.699,0.0126,-0.0039,0.0653,0.0078,-1.4419,-0.2755
3700,3.7,0.0096,-0.0055,0.0216,0.0066,-0.5678,0.1945
3701,3.701,0.0008,-0.0003,-0.0077,-0.0059,0.2288,0.2811
3702,3.702,-0.0054,-0.0023,-0.0238,-0.0076,0.3349,0.3592
3703,3.703,-0.0109,0.0035,-0.0482,-0.0061,0.6179,0.2896
3704,3.704,-0.0139,-0.0017,-0.0704,-0.0074,0.5346,0.2259
3705,3.705,-0.0242,-0.001,-0.0824,-0.0037,0.4583,0.6327
3706,3.706,-0.0423,0.0008,-0.0279,0.0066,1.0921,1.0027
3707,3.707,-0.0546,0.0025,-0.0046,0.0079,1.6891,0.4739
3708,3.708,-0.0298,0.0061,-0.0402,0.0091,0.8378,-0.02
3709,3.709,-0.0067,0.0019,-0.0079,0.0036,-0.1842,-0.2136
3710,3.71,0.0082,0.0003,0.0095,0.0006,-0.3237,-0.273
3711,3.711,0.0055,0.0051,0.0146,0.0071,-0.4494,-0.3267
3712,3.712,0.0032,0.0021,0.0191,0.0029,-0.5635,-0.2792
3713,3.713,0.0098,0.0074,0.0233,0.0036,-0.4613,-0.4104
3714,3.714,0.0038,0.0054,-0.0049,-0.007,-0.5549,-1.0061
3715,3.715,0.0019,0.0012,-0.0379,-0.0299,-1.8318,-0.751
3716,3.716,0.0036,-0.0028,-0.0249,-0.02,-1.2849,-0.0531
3717,3.717,0.0021,-0.0012,0.0109,-0.0112,-0.1212,0.2296
3718,3.718,0.0062,-0.0024,0.025,-0.003,0.3345,0.3161
3719,3.719,0.0099,0.0016,0.0557,-0.0006,0.4739,0.3942
3720,3.72,0.0089,0.0031,0.0675,0.0061,0.6,0.3246
3721,3.721,0.0142,0.001,0.0711,0.0081,0.4881,0.261
3722,3.722,0.0134,-0.001,0.0282,0.0026,0.386,0.9004
3723,3.723,0.0039,-0.006,-0.0364,0.0043,1.4164,0.8158
3724,3.724,0.0077,-0.001,-0.0968,0.0059,1.5545,0.2732
3725,3.725,0.0133,0.006,-0.1046,0.0019,0.4318,-0.2207
3726,3.726,0.0103,-0.0004,-0.0263,0.0031,-0.3251,-0.2864
3727,3.727,0.0112,0.0039,-0.0162,0.0042,-0.4644,-0.3454
3728,3.728,0.0069,0.0017,-0.0069,0.0053,-0.5901,-0.2935
3729,3.729,0.0051,-0.0029,0.029,0.009,-0.5067,-0.23
3730,3.73,-0.0001,-0.0009,0.072,0.0099,-0.394,-0.6626
3731,3.731,0.0005,0.0022,0.0952,0.0005,-1.1149,-1.0698
3732,3.732,0.0001,-0.0065,0.0879,-0.0007,-1.7708,-0.4885
3733,3.733,-0.004,-0.0077,0.0555,0.0096,-0.834,0.0548
3734,3.734,-0.0035,-0.0044,0.0262,0.0056,0.0414,0.2674
3735,3.735,-0.0057,-0.0054,-0.0111,0.0067,0.3843,0.3324
3736,3.736,-0.0054,-0.0008,-0.0646,-0.0036,0.4888,0.3911
3737,3.737,-0.0019,-0.0016,-0.1003,-0.0076,0.5837,0.2332
3738,3.738,-0.0061,-0.0115,-0.1197,-0.0064,0.4996,0.3774
3739,3.739,-0.0067,-0.0156,-0.1023,-0.012,0.732,1.0327
3740,3.74,-0.0082,-0.0042,-0.0865,-0.0235,1.6467,0.7521
3741,3.741,-0.0071,0.0034,-0.0234,-0.0189,1.0242,0.1548
3742,3.742,-0.011,-0.0006,0.0198,-0.012,0.2289,-0.2341
3743,3.743,-0.0085,0.0056,0.0276,-0.0007,-0.289,-0.3057
3744,3.744,-0.0097,0.0046,0.0488,0.0039,-0.3846,-0.3706
3745,3.745,-0.0041,0.0036,0.0422,0.0109,-0.4711,-0.3132
3746,3.746,0.0028,-0.001,0.0247,0.0097,-0.5494,-0.261
3747,3.747,-0.0018,-0.0052,0.0299,0.0064,-0.3393,-0.8858
3748,3.748,0.0041,-0.0031,0.0347,0.0074,-1.2987,-0.9715
3749,3.749,0.0033,0.0018,0.0569,-0.0029,-1.4367,-0.2744
3750,3.75,0.0069,0.0013,0.0931,-0.0015,-0.563,0.1955
3751,3.751,0.0052,-0.0028,0.0884,0.0047,0.2326,0.2821
3752,3.752,0.0035,-0.0033,0.0577,0.0079,0.3377,0.3602
3753,3.753,0.0113,-0.003,0.0056,0.0006,0.6197,0.2905
3754,3.754,0.0009,-0.0002,-0.03,0.0014,0.5355,0.2267
3755,3.755,-0.0087,-0.0044,-0.0624,-0.0011,0.4586,0.6334
3756,3.756,-0.01,-0.0028,-0.0799,-0.0096,1.0917,1.0032
3757,3.757,-0.009,0.0007,-0.0534,-0.0129,1.6879,0.4743
3758,3.758,-0.006,-0.0005,-0.0293,-0.0056,0.8358,-0.0197
3759,3.759,-0.0051,-0.0002,0.028,-0.0065,-0.1869,-0.2134
3760,3.76,-0.0043,0.0016,0.0513,-0.0194,-0.3272,-0.2727
3761,3.761,-0.0005,0.0026,0.0584,-0.0176,-0.4541,-0.3265
3762,3.762,0.0073,0.0049,0.0519,-0.0024,-0.569,-0.2792
3763,3.763,0.0103,0.0006,0.0462,0.0037,-0.4677,-0.4981
3764,3.764,0.0076,0,0.0303,-0.002,-0.5623,-1.094
3765,3.765,0.005,0.0052,0.0062,0.0031,-1.84,-0.6689
3766,3.766,-0.0019,0.0016,-0.0246,0.0045,-1.294,-0.1261
3767,3.767,-0.0011,-0.0002,-0.0845,0.0058,-0.1315,0.2271
3768,3.768,-0.002,-0.0019,-0.1275,0.007,0.3233,0.2921
3769,3.769,-0.0058,-0.0035,-0.135,0.0102,0.4617,0.3507
3770,3.77,-0.0022,-0.0032,-0.0565,0.0049,0.5869,0.2983
3771,3.771,-0.004,-0.0012,-0.0252,0.0057,0.4739,0.2505
3772,3.772,-0.0081,0.0023,-0.0156,0.0048,0.371,0.9055
3773,3.773,-0.0159,0,0.0103,0.0011,1.4003,0.8122
3774,3.774,-0.0104,-0.0012,0.0336,0.0004,1.5374,0.3854
3775,3.775,-0.001,0.0023,0.069,0.0021,0.4137,-0.1583
3776,3.776,0.0077,0.0026,0.0625,-0.0056,-0.3439,-0.2302
3777,3.777,0.0087,0.0022,0.0217,-0.0025,-0.4843,-0.2952
3778,3.778,0.0013,-0.0004,-0.0047,0.0096,-0.6109,-0.354
3779,3.779,0.0021,-0.005,0.0197,0.0079,-0.4996,-0.1961
3780,3.78,-0.0022,-0.002,0.0155,0.0094,-0.398,-0.6287
3781,3.781,0.0062,0.0008,0.0119,0.0107,-1.0544,-1.0359
3782,3.782,0.0094,0.0003,0.0086,0.0144,-1.8219,-0.5603
3783,3.783,0.0083,0.0045,0.0317,0.0111,-0.8954,0.0169
3784,3.784,0.0147,0.0016,0.0525,0.0038,0.2286,0.2508
3785,3.785,0.0225,0.0021,0.0716,-0.0046,0.3816,0.3221
3786,3.786,0.013,0.0017,0.0344,-0.0057,0.5199,0.3868
3787,3.787,0.0142,0.0029,-0.0029,-0.011,0.6451,0.3292
3788,3.788,0.0086,0.0055,-0.0174,-0.0064,0.5323,0.3822
3789,3.789,0.0014,0.0009,-0.0219,-0.0089,0.6349,1.0071
3790,3.79,-0.0051,0.0014,-0.0419,-0.0096,1.6648,0.7521
3791,3.791,0.0027,-0.0003,-0.0238,0.001,1.2536,0.0543
3792,3.792,-0.0003,0.0023,0.0259,-0.0097,0.1291,-0.2284
3793,3.793,-0.003,0.0035,0.0332,-0.0193,-0.3267,-0.3148
3794,3.794,-0.0073,0.0055,0.0142,-0.0029,-0.4664,-0.2383
3795,3.795,-0.0003,0.0059,-0.0386,0.0037,-0.5927,-0.309
3796,3.796,0.0024,0.0007,-0.0881,0.0058,-0.4808,-0.2452
3797,3.797,-0.0035,-0.0045,-0.1074,-0.0035,-0.3792,-0.8845
3798,3.798,-0.015,0.0019,-0.0899,-0.0018,-1.5969,-0.9698
3799,3.799,-0.0302,-0.0023,-0.074,0.0028,-1.4323,-0.2723
3800,3.8,-0.0322,-0.0029,-0.05,0.0041,-0.3755,0.1978
3801,3.801,-0.0229,0.0035,-0.0016,0.0004,0.3125,0.2846
3802,3.802,-0.011,-0.0007,0.0567,-0.0052,0.439,0.3629
3803,3.803,-0.0064,0.0031,0.0644,0.0001,0.5531,0.2936
3804,3.804,-0.0023,-0.0004,0.0572,0.0065,0.4511,0.2303
3805,3.805,0.0014,0.0027,0.0635,0.0057,0.3578,0.6373
3806,3.806,0.0025,0.0022,0.0693,0.011,1.124,1.0074
3807,3.807,0.0036,0.0008,0.0641,0.0018,1.6392,0.4789
3808,3.808,0.0009,0.0069,0.0498,0.0006,0.7961,-0.0147
3809,3.809,0.0069,-0.0008,0.0366,0.0063,0.0001,-0.2082
3810,3.81,0.0122,0.0023,0.0248,0.0054,-0.3118,-0.2671
3811,3.811,0.0143,0.0015,0.0066,0.0063,-0.4075,-0.3204
3812,3.812,0.0174,-0.001,-0.0232,0.0071,-0.4942,-0.2727
3813,3.813,0.0158,0.0028,-0.0193,0.0079,-0.4182,-0.4037
3814,3.814,0.0133,-0.0021,-0.0448,-0.0027,-0.6297,-0.9994
3815,3.815,0.0104,-0.0037,-0.0613,-0.0103,-1.5895,-0.7443
3816,3.816,0.0076,-0.0008,-0.0885,0.0023,-1.1792,-0.0463
3817,3.817,0.0134,-0.0054,-0.0779,-0.0027,-0.0558,0.2366
3818,3.818,0.0109,-0.0011,-0.0484,-0.0012,0.3995,0.3232
3819,3.819,0.0088,-0.0039,-0.0047,0.0002,0.5387,0.2468
3820,3.82,0.0109,-0.0013,0.0245,0.0065,0.4155,0.3177
3821,3.821,0.0079,0.003,0.0403,-0.006,0.5298,0.2541
3822,3.822,0.0074,-0.001,0.0646,-0.0077,0.4274,0.8936
3823,3.823,0.0049,-0.0014,0.0338,-0.0031,1.4573,0.8091
3824,3.824,0.0027,0.0038,0.0221,-0.0071,1.321,0.2665
3825,3.825,0.0024,0.0003,-0.0106,-0.0059,0.4474,-0.2272
3826,3.826,-0.0001,-0.0054,-0.0325,-0.0027,-0.3487,-0.2926
3827,3.827,-0.0046,0.0016,-0.0525,0.0004,-0.4543,-0.3514
3828,3.828,-0.014,0.0025,-0.0706,0.0068,-0.5496,-0.2992
3829,3.829,-0.0153,-0.0034,-0.0409,0.0077,-0.4659,-0.2516
3830,3.83,-0.0098,-0.0049,-0.0031,0.0037,-0.4076,-0.6127
3831,3.831,-0.0135,-0.0011,0.0408,0.003,-1.1044,-1.0062
3832,3.832,-0.0167,-0.0031,0.0581,0.0051,-1.7605,-0.5304
3833,3.833,-0.024,-0.0014,0.0315,-0.0007,-0.824,0.0468
3834,3.834,-0.0231,-0.0042,0.0169,0.0015,0.0511,0.2806
3835,3.835,-0.0206,-0.0057,0.0475,-0.0092,0.3938,0.352
3836,3.836,-0.0136,0.0012,0.0513,-0.0107,0.4984,0.2889
3837,3.837,-0.0052,0.0023,0.0331,-0.0148,0.5933,0.2315
3838,3.838,0.0004,-0.0004,0.0099,-0.0111,0.3391,0.3901
3839,3.839,0.0119,-0.0012,-0.0172,-0.0008,0.5716,1.0149
3840,3.84,0.0042,0.001,-0.0207,0.0061,1.6269,0.7598
3841,3.841,0.0082,0.0017,-0.0372,0.0073,1.1749,0.062
3842,3.842,0.0019,-0.0041,-0.0579,-0.0005,0.2129,-0.2208
3843,3.843,0.0075,0.0028,-0.0442,0.0025,-0.413,-0.3072
3844,3.844,0.0001,0.0037,-0.017,0.0034,-0.5285,-0.3854
3845,3.845,0.0104,0.0028,0.0376,0.0009,-0.4272,-0.3157
3846,3.846,0.009,0.0021,0.0297,0.0093,-0.5219,-0.3801
3847,3.847,0.0027,-0.0057,0.065,0.0125,-0.4376,-0.9033
3848,3.848,0.0016,-0.0005,0.1101,-0.0012,-1.5986,-0.8337
3849,3.849,0.0026,-0.0014,0.0808,0.0081,-1.4337,-0.2574
3850,3.85,0.0071,0.0028,0.0436,-0.0004,-0.3767,0.2862
3851,3.851,0.0011,-0.0057,0.0001,-0.0019,0.3121,0.2176
3852,3.852,-0.0041,-0.0002,-0.0407,-0.0089,0.4391,0.2824
3853,3.853,-0.0077,0.0008,-0.0778,-0.0152,0.5537,0.3411
3854,3.854,-0.0108,0.0035,-0.1214,-0.0184,0.4519,0.2885
3855,3.855,-0.0137,-0.0008,-0.104,-0.0257,0.3589,0.625
3856,3.856,-0.009,-0.0031,-0.088,-0.0212,0.955,1.0185
3857,3.857,-0.0008,0.0033,-0.0152,-0.0187,1.6522,0.5427
3858,3.858,-0.0018,0.0007,0.037,-0.0072,0.8092,-0.0346
3859,3.859,-0.0049,0.0029,0.0466,0.0012,0.0136,-0.2684
3860,3.86,-0.0077,-0.0007,0.0381,0.0057,-0.2978,-0.3398
3861,3.861,-0.0103,-0.0003,0.0303,0.0153,-0.3932,-0.2767
3862,3.862,-0.0125,-0.0008,0.0089,0.009,-0.4795,-0.2193
3863,3.863,-0.0077,-0.0014,0.0152,0.008,-0.4031,-0.378
3864,3.864,-0.0035,-0.0037,0.056,0.0132,-0.6143,-1.0028
3865,3.865,-0.003,-0.0101,0.0506,0.0086,-1.5738,-0.7479
3866,3.866,0.0017,-0.0187,0.0458,0.011,-1.163,-0.0501
3867,3.867,0.0047,-0.0132,0.0237,0.0073,-0.2886,0.2326
3868,3.868,0.0087,-0.0037,-0.0284,0.0093,0.281,0.319
3869,3.869,0.0081,-0.005,-0.0355,0.0097,0.386,0.397
3870,3.87,0.0102,0.0006,-0.0419,0.0114,0.4809,0.3273
3871,3.871,0.0149,-0.0068,-0.0592,0.0056,0.5668,0.2635
3872,3.872,0.0179,-0.0041,-0.0539,-0.0044,0.4899,0.9028
3873,3.873,0.0126,-0.0033,-0.0199,-0.0141,1.4044,0.8181
3874,3.874,0.0032,0.0066,0.0022,-0.0028,1.5298,0.2754
3875,3.875,0.0043,0.0079,0.0142,0.0078,0.5087,-0.2185
3876,3.876,0.0053,0.0142,0.0178,0.0091,-0.1795,-0.2841
3877,3.877,0.0083,0.0131,0.0147,-0.0048,-0.3065,-0.343
3878,3.878,0.011,0.01,0.0236,-0.0067,-0.4209,-0.2908
3879,3.879,0.0118,0.0054,0.021,-0.0185,-0.5246,-0.2431
3880,3.88,0.008,0.0113,0.0335,-0.0047,-0.4313,-0.6364
3881,3.881,0.006,0.0028,0.0182,0.0046,-1.0272,-1.0063
3882,3.882,0.0017,-0.0005,0.049,0.0096,-1.724,-0.4777
3883,3.883,-0.006,0.0048,0.0624,0.0081,-0.8808,0.0162
3884,3.884,-0.0029,0.0002,0.0104,0.0067,0.1422,0.2099
3885,3.885,-0.0021,-0.0077,0.0176,0.0029,0.2827,0.269
3886,3.886,-0.0047,-0.0004,-0.0276,0.0019,0.4097,0.3227
3887,3.887,-0.001,-0.0013,-0.0921,-0.0034,0.5247,0.2753
3888,3.888,-0.0059,-0.0021,-0.0835,-0.0007,0.4234,0.4064
3889,3.889,-0.0042,0.0031,-0.0602,-0.0032,0.7052,1.0022
3890,3.89,-0.0013,0.0051,-0.0532,-0.0054,1.6424,0.7473
3891,3.891,0.0023,0.0056,-0.0468,-0.0132,1.0204,0.0496
3892,3.892,0.0011,0.0051,0.0413,-0.0184,0.2261,-0.2331
3893,3.893,0.0008,0.0004,0.0539,-0.0062,-0.2911,-0.3195
3894,3.894,-0.0049,0.0073,0.0425,0.0023,-0.3863,-0.243
3895,3.895,-0.0006,0.0065,0.0529,0.0068,-0.4723,-0.3137
3896,3.896,-0.0106,0.0107,0.0056,0.0109,-0.5501,-0.2501
3897,3.897,-0.0119,-0.0008,-0.0202,0.0147,-0.48,-0.8896
3898,3.898,-0.003,0.0009,-0.0435,0.0092,-1.4387,-0.9751
3899,3.899,0.0003,0.0055,-0.0506,-0.0065,-1.576,-0.2774
3900,3.9,-0.0049,0.0015,-0.0054,-0.0087,-0.4524,0.1929
3901,3.901,0.0055,-0.0048,0.0355,0.0055,0.3054,0.2798
3902,3.902,0.0069,-0.0058,0.0621,0.0074,0.4457,0.3578
3903,3.903,0.0033,-0.0047,0.0476,0.0057,0.5725,0.2884
3904,3.904,0.0066,-0.0038,0.0168,0.0011,0.4613,0.2249
3905,3.905,-0.0006,-0.0046,-0.0194,-0.003,0.3595,0.6317
3906,3.906,0.004,-0.0052,-0.0437,0.0007,1.0156,1.0018
3907,3.907,0.0067,-0.0003,-0.0481,-0.0025,1.6125,0.4731
3908,3.908,0.0046,0.0003,-0.0281,-0.0055,0.7615,-0.0206
3909,3.909,0.0026,-0.0049,0.0266,-0.0009,-0.0336,-0.2141
3910,3.91,-0.0003,0.0029,0.0344,-0.005,-0.3445,-0.2733
3911,3.911,0.0002,0.0019,0.07,0.0003,-0.4393,-0.3269
3912,3.912,-0.0054,-0.0045,0.0635,0.0068,-0.5249,-0.2794
3913,3.913,-0.0106,0.0033,0.0342,-0.0009,-0.4481,-0.4105
3914,3.914,-0.0126,0.0023,0.0075,-0.0061,-0.6589,-1.0062
3915,3.915,-0.012,0.0015,-0.007,-0.0106,-1.6182,-0.7514
3916,3.916,-0.0043,-0.001,-0.0028,-0.0028,-1.207,-0.0538
3917,3.917,0.0052,-0.0079,-0.0147,0.0067,-0.0826,0.2288
3918,3.918,0.009,-0.0015,-0.0113,0.0056,0.3732,0.3151
3919,3.919,0.0081,-0.004,-0.0083,-0.0022,0.5129,0.3931
3920,3.92,0.0051,0.0013,-0.0292,-0.0012,0.639,0.3234
3921,3.921,0.0025,-0.0064,-0.0321,0.0073,0.527,0.2596
3922,3.922,-0.0052,-0.0033,-0.0346,0.0041,0.4253,0.8989
3923,3.923,-0.0062,-0.0006,-0.046,0.001,1.4557,0.8141
3924,3.924,-0.0034,0.002,-0.032,0.0019,1.3197,0.2714
3925,3.925,-0.0025,-0.0017,-0.0266,-0.0006,0.4464,-0.2227
3926,3.926,-0.0124,-0.001,-0.0419,-0.0013,-0.3493,-0.2884
3927,3.927,-0.0137,0.0021,-0.04,-0.0006,-0.4545,-0.3475
3928,3.928,0.0028,0.005,-0.0344,0.0036,-0.5495,-0.2955
3929,3.929,0.005,0.0035,-0.0327,0.0007,-0.4656,-0.248
3930,3.93,0.0071,0.0013,-0.022,-0.0018,-0.3891,-0.5539
3931,3.931,0.0116,0.0047,0.0307,0.0038,-1.0341,-1.0448
3932,3.932,0.0098,0.0027,0.0433,0.0108,-1.8083,-0.5287
3933,3.933,0.0081,-0.0016,0.0349,-0.0007,-0.8812,0.1059
3934,3.934,0.0066,0.0037,0.0455,-0.0083,-0.0061,0.1926
3935,3.935,0.0106,0.0001,0.0495,-0.0014,0.3366,0.2709
3936,3.936,0.0118,-0.003,0.0432,0.0074,0.4411,0.3418
3937,3.937,0.0085,-0.0058,0.044,-0.0004,0.536,0.2784
3938,3.938,0.0096,-0.0023,0.0281,-0.0076,0.4519,0.3366
3939,3.939,0.0031,0.0027,0.0125,-0.0141,0.6844,1.0236
3940,3.94,-0.0064,-0.0022,-0.0142,-0.0081,1.5993,0.743
3941,3.941,-0.0001,-0.0039,-0.0397,-0.0088,1.226,0.1458
3942,3.942,-0.0034,0.0001,-0.0561,-0.0024,0.2041,-0.2431
3943,3.943,-0.0044,0.0016,-0.0411,-0.0016,-0.2103,-0.3149
3944,3.944,-0.0128,-0.0006,-0,-0.0068,-0.3371,-0.252
3945,3.945,-0.0139,-0.0027,0.0292,-0.0133,-0.4515,-0.3108
3946,3.946,-0.0254,0.0008,0.0238,-0.0141,-0.5556,-0.2585
3947,3.947,-0.0147,-0.0061,0.019,-0.0026,-0.4629,-0.9794
3948,3.948,-0.0078,-0.0052,0.0058,0.0025,-1.3996,-1.0828
3949,3.949,-0.009,-0.0044,0.0018,0.001,-1.525,-0.2396
3950,3.95,-0.0059,-0.0035,-0.0236,0.0106,-0.5041,0.3286
3951,3.951,-0.0132,-0.0014,-0.0334,0.0168,0.1843,0.2273
3952,3.952,-0.0068,-0.0064,-0.0245,0.02,0.3112,0.3217
3953,3.953,-0.0076,-0.0147,0.0167,0.0211,0.6525,0.4075
3954,3.954,-0.0099,-0.0137,0.0341,0.0147,0.5505,0.1758
3955,3.955,-0.0135,-0.0023,0.0181,0.0087,0.4576,0.6679
3956,3.956,-0.0041,0.0023,0.0036,-0.0028,1.0535,0.9879
3957,3.957,0.0028,0.0091,0.008,-0.0282,1.5956,0.4647
3958,3.958,0.0115,0.0103,0.004,-0.0246,0.8216,-0.0291
3959,3.959,0.0147,0.0025,0.0005,-0.0149,-0.1081,-0.2227
3960,3.96,0.0136,0.0034,0.0103,-0.0061,-0.4847,-0.2818
3961,3.961,0.0199,0.0061,0.031,-0.0034,-0.3734,-0.3354
3962,3.962,0.0156,0.0069,0.0501,0.0039,-0.4774,-0.2879
3963,3.963,0.0056,0.0031,0.0574,0.0061,-0.385,-0.3318
3964,3.964,0.0015,0.0051,0.0418,0.0081,-0.641,-0.9274
3965,3.965,0.0078,0.0056,0.0193,0.0062,-1.8024,-0.6725
3966,3.966,0.0022,0.0015,0.0044,0.0045,-1.3056,-0.1296
3967,3.967,0.0032,0.004,-0.0146,0.006,-0.2477,0.2237
3968,3.968,0.004,-0.0002,-0.047,0.0101,0.4409,0.289
3969,3.969,-0.0019,0.0026,-0.0339,0.0013,0.5677,0.3479
3970,3.97,-0.0025,-0.001,0.002,0.0045,0.4556,0.2957
3971,3.971,-0.0005,-0.0007,0.0261,0.0035,0.5596,0.2479
3972,3.972,-0.0088,-0.0036,0.0393,-0.0049,0.4667,0.8159
3973,3.973,-0.0191,-0.0001,0.0355,-0.0017,1.403,0.8937
3974,3.974,-0.0205,-0.0023,0.0028,0.012,1.5282,0.2599
3975,3.975,-0.0041,0.0024,-0.0632,-0.0011,0.5071,-0.1676
3976,3.976,0.0071,0.0041,-0.0914,0.0006,-0.1815,-0.2464
3977,3.977,0.0091,0,-0.0653,-0.0009,-0.3087,-0.3175
3978,3.978,0.0109,-0.0025,-0.0418,-0.0106,-0.4236,-0.3821
3979,3.979,0.0126,0.0005,-0.0344,-0.0043,-0.5278,-0.2081
3980,3.98,0.005,0.0034,-0.0535,-0.0053,-0.4351,-0.5777
3981,3.981,0.0119,-0.0017,-0.0477,-0.0043,-1.0312,-1.0104
3982,3.982,0.0082,0.0003,-0.0316,-0.0016,-1.7283,-0.4871
3983,3.983,0.005,0.002,0.0122,0.0026,-0.8854,0.0068
3984,3.984,0.0059,-0.0021,0.0297,0.0063,0.1371,0.2006
3985,3.985,0.0013,0.0015,0.0246,-0.0043,0.2772,0.2599
3986,3.986,-0.0029,0.0003,0.02,0.0002,0.4036,0.3135
3987,3.987,0.0023,-0.0026,0.0157,-0.0011,0.518,0.2662
3988,3.988,0.0002,0.001,0.0197,-0.0074,0.4163,0.3975
3989,3.989,-0.0004,0.0021,0.0306,0.0051,0.6977,0.9932
3990,3.99,-0.0045,0.0033,0.0009,0.0068,1.6347,0.7385
3991,3.991,-0.0071,0.0008,-0.003,-0.0008,1.2615,0.1957
3992,3.992,-0.0075,0.0032,0.0297,0.0061,0.24,-0.1575
3993,3.993,-0.0072,0.0022,0.0604,0.0098,-0.4484,-0.2227
3994,3.994,-0.0047,0.0041,0.0565,0.0021,-0.326,-0.2814
3995,3.995,-0.003,0.0002,0.0237,0.0011,-0.4406,-0.3347
3996,3.996,0.002,-0.0074,-0.0335,-0.0016,-0.5446,-0.2869
3997,3.997,0.0041,-0.0001,-0.0411,0.001,-0.4519,-0.8548
3998,3.998,0.0036,-0.0009,-0.0196,0.0003,-1.5588,-0.9325
3999,3.999,-0.0005,-0.0017,-0.013,-0.0032,-1.4089,-0.2986
4000,4,0.0063,-0.001,-0.0071,-0.0126,-0.4478,0.1292
4001,4.001,0.0128,-0.0074,-0.0018,-0.0139,0.1787,0.2084
4002,4.002,0.0136,-0.0014,0.0321,-0.0077,0.5209,0.2797
4003,4.003,0.013,0.0023,0.0278,-0.002,0.4194,0.3444
4004,4.004,0.0094,0.0003,0.016,0.001,0.5142,0.287
4005,4.005,0.0037,0.0009,-0.0094,0.0019,0.4296,0.5513
4006,4.006,0.0031,0.005,0.0004,0.0078,0.9715,0.9843
4007,4.007,0.0038,0.0015,0.0092,0.0115,1.605,0.4611
4008,4.008,0.0043,-0.0006,0.0283,0.0066,0.8385,-0.0326
4009,4.009,-0.0044,-0.0009,0.0307,0.0023,-0.0914,-0.226
4010,4.01,-0.0107,0.0042,0.024,-0.0017,-0.468,-0.285
4011,4.011,-0.0138,-0.0035,0.0097,-0.0032,-0.357,-0.3385
4012,4.012,-0.0275,0.0018,-0.0034,0.0018,-0.4613,-0.2909
4013,4.013,-0.0294,-0.0027,-0.0289,-0.0046,-0.3688,-0.3347
4014,4.014,-0.0209,-0.0035,-0.0544,-0.0105,-0.6247,-0.93
4015,4.015,-0.0133,-0.0012,-0.0447,-0.0084,-1.7861,-0.6748
4016,4.016,-0.0092,-0.0032,-0.0057,-0.0006,-1.2894,-0.1317
4017,4.017,-0.0204,0.0038,0.053,0.0024,-0.2315,0.2219
4018,4.018,-0.0158,0.0046,0.0606,0.0051,0.4572,0.2872
4019,4.019,-0.0032,-0.0048,0.0392,-0.0027,0.3351,0.3461
4020,4.02,0.0053,0.0015,-0.0322,-0.0037,0.4496,0.294
4021,4.021,0.0068,0.0005,-0.0796,0.0027,0.5532,0.2463
4022,4.022,0.0082,0.0036,-0.0711,0.0086,0.46,0.8143
4023,4.023,-0.0006,-0.0009,-0.0476,0.0079,1.3965,0.8921
4024,4.024,0.0005,-0.0034,-0.0546,0.0029,1.5216,0.2583
4025,4.025,0.0057,0.0003,-0.0608,-0.0013,0.5003,-0.1693
4026,4.026,0.0085,0.001,-0.0549,-0.009,-0.1882,-0.2481
4027,4.027,0.006,0.0016,-0.0283,-0.008,-0.3154,-0.3192
4028,4.028,0.0053,-0.0025,0.0155,-0.0035,-0.4303,-0.3837
4029,4.029,0.016,0.0053,0.0449,0.0007,-0.5347,-0.2098
4030,4.03,0.0115,0.0021,0.0609,0.0029,-0.4423,-0.5796
4031,4.031,0.0212,0.0012,0.0466,0.0021,-1.0387,-1.0123
4032,4.032,0.0212,0.0081,0.0318,0.0013,-1.7842,-0.5093
4033,4.033,0.0201,-0.0022,0.0187,0.0054,-0.933,0.0155
4034,4.034,0.0123,-0.0008,0.0227,0.0094,0.0891,0.2281
4035,4.035,0.0176,-0.0045,0.012,0.0089,0.503,0.2932
4036,4.036,0.0112,0.0011,-0.0043,0.0019,0.38,0.3518
4037,4.037,0.007,0.0021,0.0107,-0.0138,0.4941,0.2997
4038,4.038,0.0048,-0.0063,0.0189,0.0017,0.3918,0.348
4039,4.039,-0.0016,-0.0007,0.0362,0.0037,0.6727,1.0034
4040,4.04,-0.0041,0.0024,0.0655,-0.0055,1.6091,0.723
4041,4.041,-0.0048,-0.0003,0.0537,-0.0106,1.2357,0.1259
4042,4.042,-0.0013,-0.0081,0.0135,-0.0091,0.2137,-0.2627
4043,4.043,-0.0043,-0.0028,-0.0237,-0.0105,-0.2008,-0.1938
4044,4.044,-0.0107,-0.0055,-0.0479,-0.0068,-0.328,-0.2585
4045,4.045,-0.0185,-0.0029,-0.0786,-0.0124,-0.4427,-0.3173
4046,4.046,-0.0175,0.0008,-0.0748,-0.0071,-0.5467,-0.265
4047,4.047,-0.0166,0.0028,-0.0639,-0.0007,-0.4542,-0.8898
4048,4.048,-0.0123,-0.0029,-0.0341,0.007,-1.5615,-0.9754
4049,4.049,-0.0008,0.0023,0.0019,0.0018,-1.7134,-0.2782
4050,4.05,0.0043,-0.0013,0.0163,0.0044,-0.4784,0.1919
4051,4.051,-0.0003,0.0004,0.0206,0.0019,0.3538,0.2784
4052,4.052,0.0038,0.0033,0.0405,-0.0066,0.5067,0.3566
4053,4.053,0.0001,-0.0035,0.0585,0.0037,0.645,0.287
4054,4.054,0.0033,0.0011,0.0486,0.0077,0.5212,0.2234
4055,4.055,0.0002,-0.0032,0.0338,0.0089,0.4084,0.6303
4056,4.056,-0.0063,0.0021,0.0147,0.0099,0.9232,1.0002
4057,4.057,-0.0021,0.0027,0.0172,-0.0038,1.7662,0.4715
4058,4.058,0.0016,-0.0068,0.042,-0.0094,0.7461,-0.0224
4059,4.059,0.0093,-0.0164,0.0453,-0.0043,0.0576,-0.2159
4060,4.06,0.0122,-0.0026,0.0541,0.0095,-0.3191,-0.2751
4061,4.061,0.0057,-0.0007,0.0459,0.0151,-0.4344,-0.3287
4062,4.062,-0.0072,0.0043,0.0086,0.0134,-0.5386,-0.3774
4063,4.063,-0.0092,0.0027,0.0033,0.0149,-0.4462,-0.4213
4064,4.064,-0.0211,0.004,-0.0501,0.008,-0.7021,-1.017
4065,4.065,-0.0197,0.0052,-0.0289,0.0017,-1.8635,-0.7621
4066,4.066,-0.0184,0.0019,-0.0225,0.0027,-1.3668,-0.0645
4067,4.067,-0.0196,0.0049,-0.0284,-0.0003,-0.3094,0.2179
4068,4.068,-0.0093,0.0041,0.0197,0.0024,0.379,0.3042
4069,4.069,0.0003,-0.0002,0.0133,-0.0018,0.5054,0.3822
4070,4.07,0.004,-0.0024,-0.0276,-0.0087,0.6196,0.3124
4071,4.071,0.003,-0.0005,-0.0863,-0.0133,0.5174,0.2485
4072,4.072,0.0083,-0.0022,-0.1095,-0.0055,0.4241,0.8877
4073,4.073,0.0092,0.0006,-0.145,-0.0002,1.5307,0.973
4074,4.074,0.0034,0.0021,-0.1125,0.0063,1.3805,0.2756
4075,4.075,0.015,0.0051,-0.0478,0.0021,0.4192,-0.1945
4076,4.076,0.0099,0.0022,-0.0391,0.0058,-0.2069,-0.2813
4077,4.077,-0.0007,0.0012,-0.0157,0.0009,-0.3227,-0.3597
4078,4.078,0.0006,0.0064,0.0342,0.0051,-0.4271,-0.2904
4079,4.079,-0.0006,-0.0006,0.0409,0.0011,-0.5219,-0.2271
4080,4.08,-0.0084,-0.0071,0.0354,0.0027,-0.4377,-0.6339
4081,4.081,-0.0075,0.0007,0.0515,0.0057,-0.9799,-1.0041
4082,4.082,-0.0084,-0.0004,0.066,0.0061,-1.7544,-0.5718
4083,4.083,0.0027,-0.0012,0.0529,0.0019,-0.8275,0.0692
4084,4.084,0.0042,-0.0004,0.033,-0.0022,0.0476,0.326
4085,4.085,0.0055,-0.0057,0.015,-0.0099,0.3902,0.2496
4086,4.086,0.0042,-0.0037,-0.008,-0.0202,0.495,0.3205
4087,4.087,0.0073,-0.002,0.0369,-0.0298,0.5896,0.2571
4088,4.088,0.0042,-0.0004,0.0433,-0.0261,0.5052,0.3153
4089,4.089,0.0087,-0.0082,0.049,-0.009,0.583,1.0023
4090,4.09,0.0045,-0.016,0.0648,0.0033,1.6383,0.7217
4091,4.091,0.0037,-0.0023,0.0404,0.0011,1.1864,0.1245
4092,4.092,0.0017,-0.0005,0.0095,0.0072,0.2246,-0.2644
4093,4.093,-0.0078,0.0012,-0.0107,0.0017,-0.4015,-0.1957
4094,4.094,-0.0037,0.0088,-0.0144,0.0068,-0.5166,-0.2603
4095,4.095,-0.01,0.0019,-0.0309,0.0053,-0.415,-0.3191
4096,4.096,0.0004,0.0056,-0.0517,0.0012,-0.5094,-0.2665
4097,4.097,-0.001,0.0046,-0.0326,0,-0.4247,-0.8912
4098,4.098,-0.0073,-0.0007,0.0047,0.0033,-1.4309,-0.9767
4099,4.099,0.0005,0.0002,0.0742,0.0023,-1.5688,-0.2795
4100,4.1,0.0036,0.0027,0.0647,0.0015,-0.4459,0.1906
4101,4.101,0.0082,0.0065,0.0389,0.0057,0.3116,0.2774
4102,4.102,0.009,0.0029,0.0155,0.0157,0.4515,0.3559
4103,4.103,0.0127,0.006,-0.0486,0.0032,0.5777,0.2864
4104,4.104,0.0234,0.0019,-0.0746,0.0049,0.466,0.2229
4105,4.105,0.0219,0.0015,-0.0669,0.0065,0.3639,0.6297
4106,4.106,0.0178,0.0019,-0.074,-0.0004,1.0198,0.9998
4107,4.107,0.0167,-0.0028,-0.0289,-0.0041,1.6165,0.4712
4108,4.108,0.0157,0.003,0.024,-0.0008,0.7652,-0.0226
4109,4.109,0.0104,0.0052,0.0453,0.0022,-0.0302,-0.216
4110,4.11,0.0059,0.0088,0.0516,-0.0118,-0.3416,-0.2748
4111,4.111,0.0034,0.0072,0.0458,-0.0057,-0.4366,-0.3281
4112,4.112,0.0027,-0.0004,0.0192,0.0036,-0.5229,-0.2804
4113,4.113,-0.0009,0.0027,-0.0245,0.0019,-0.4464,-0.3243
4114,4.114,-0.0051,0.0019,0.0285,0.0035,-0.6575,-0.92
4115,4.115,-0.0115,-0.0006,0.0356,-0.009,-1.617,-0.6649
4116,4.116,-0.0123,0.0001,0.0032,-0.0209,-1.2061,-0.1218
4117,4.117,-0.0223,-0.0005,-0.0143,-0.004,-0.082,0.2318
4118,4.118,-0.0292,0,-0.0409,0.0072,0.3739,0.2971
4119,4.119,-0.0303,0.0065,-0.0748,0.0092,0.5135,0.3561
4120,4.12,-0.0335,-0.0013,-0.0969,0.0073,0.6397,0.304
4121,4.121,-0.0429,-0.0043,-0.0692,-0.0045,0.5278,0.2564
4122,4.122,-0.0491,0.0003,-0.044,-0.006,0.426,0.8245
4123,4.123,-0.032,-0.0022,-0.0144,-0.0074,1.4563,0.9023
4124,4.124,0.0004,0.0015,0.0055,-0.0011,1.3205,0.2685
4125,4.125,0.0136,-0.0063,-0.0053,0.0021,0.4472,-0.1589
4126,4.126,0.0255,0.001,-0.002,0.0051,-0.3485,-0.2377
4127,4.127,0.0364,0.0002,-0.0348,-0.0013,-0.4535,-0.3087
4128,4.128,0.0266,0.0027,-0.0213,-0.0004,-0.5483,-0.3733
4129,4.129,0.0295,-0.0042,0.015,0.0049,-0.4641,-0.1993
4130,4.13,0.0268,-0.0069,0.0199,0.0069,-0.3874,-0.5691
4131,4.131,0.0195,-0.001,0.0333,0.0074,-1.0204,-1.0979
4132,4.132,0.013,-0.0032,0.0374,0.0022,-1.7871,-0.4646
4133,4.133,0.0142,0.0012,0.0311,-0.0071,-0.872,0.0669
4134,4.134,0.0081,-0.0052,0.042,-0.0036,0.0581,0.1539
4135,4.135,0.0063,-0.0027,0.0518,0.0047,0.435,0.2325
4136,4.136,0.0013,-0.0005,0.0607,0.0015,0.5502,0.3035
4137,4.137,-0.0063,-0.0026,0.0743,0.0045,0.4487,0.2402
4138,4.138,-0.0243,-0.0009,0.0816,0.0037,0.5435,0.4147
4139,4.139,-0.017,-0.0026,0.075,-0.0006,0.6293,0.9959
4140,4.14,-0.0281,0.0021,0.0565,-0.0013,1.636,0.7643
4141,4.141,-0.0261,-0.0022,0.0392,-0.0019,1.2253,0.13
4142,4.142,-0.0205,-0.0027,0.0054,0.0039,0.1018,-0.2974
4143,4.143,-0.0222,-0.0012,-0.0675,0.0046,-0.3534,-0.2215
4144,4.144,-0.0115,-0.0035,-0.0989,0.0039,-0.4926,-0.4329
4145,4.145,0.0037,0.0029,-0.1086,-0.0003,-0.6186,-0.3694
4146,4.146,0.0098,0.0002,-0.1001,-0.0008,-0.5064,-0.3117
4147,4.147,0.0079,-0.0007,-0.0456,-0.0014,-0.4043,-0.7873
4148,4.148,0.0097,-0.0014,0.0041,0.0028,-1.4343,-0.9796
4149,4.149,0.0081,-0.0079,0.0234,-0,-1.5721,-0.3395
4150,4.15,0.0068,-0.0037,0.0409,0.0014,-0.4493,0.0882
4151,4.151,0.0156,-0.003,0.0462,-0.0055,0.3079,0.322
4152,4.152,0.0124,-0.0024,0.0414,-0.0025,0.4475,0.3932
4153,4.153,0.0071,-0.0066,0.0281,-0.011,0.5736,0.33
4154,4.154,0.0135,-0.0155,0.008,-0.0166,0.4618,0.2724
4155,4.155,0.0057,-0.0218,-0.0174,-0.0114,0.3597,0.6422
4156,4.156,0.0026,-0.0069,-0.0338,-0.0087,1.0152,1.0751
4157,4.157,0.0071,-0.0049,-0.013,-0.0045,1.6116,0.4357
4158,4.158,0.0028,0.0006,0.0172,0.0007,0.9147,-0.1618
4159,4.159,-0.001,0.009,-0.0027,0.0101,-0.1182,-0.2408
4160,4.16,0.0038,0.0075,-0.028,0.0063,-0.2582,-0.3121
4161,4.161,0.0068,0.0034,-0.0378,0.0031,-0.3845,-0.2489
4162,4.162,0.0027,0.0021,-0.0526,0.0001,-0.4992,-0.1915
4163,4.163,-0.0051,0.0053,-0.0663,0.0028,-0.3975,-0.3501
4164,4.164,-0.0107,0.0083,-0.029,0.0003,-0.679,-0.9749
4165,4.165,-0.0077,0.0056,0.0298,0.0055,-1.7863,-0.72
4166,4.166,-0.0031,0.0013,0.0067,0.009,-1.3346,-0.0223
4167,4.167,-0.0023,0.0035,0.0423,-0.0005,-0.0985,0.2603
4168,4.168,-0.0016,0.0055,0.0875,-0.013,0.4022,0.3467
4169,4.169,0.0004,0.0071,0.0817,-0.0079,0.5549,0.27
4170,4.17,-0.0013,0.0076,0.0552,-0.0003,0.419,0.3408
4171,4.171,0.0016,0.0041,-0.0079,0.001,0.5442,0.2772
4172,4.172,0.0084,0.0044,-0.0337,0.0122,0.4315,0.9165
4173,4.173,-0.0038,0.0048,-0.0414,0.0046,1.3582,0.8318
4174,4.174,-0.0089,0.0038,-0.0199,-0.008,1.4833,0.2893
4175,4.175,-0.0043,0.0048,-0.0649,-0.0131,0.4621,-0.2047
4176,4.176,-0.0001,0.0031,-0.0939,-0.0116,-0.2267,-0.2703
4177,4.177,0.0011,0.0038,-0.0565,-0.0046,-0.354,-0.3293
4178,4.178,0.0021,0.0021,-0.0226,-0.0008,-0.4689,-0.2772
4179,4.179,-0.0052,0.0058,-0.0005,0.0003,-0.5732,-0.2298
4180,4.18,-0.006,0.0023,0.0035,0.0118,-0.2932,-0.6231
4181,4.181,-0.0103,0.0053,0.0145,0.0103,-1.0597,-1.099
4182,4.182,-0.0097,0.0025,0.0375,0.0063,-1.7814,-0.5235
4183,4.183,-0.0048,0.0067,0.0404,0.0074,-0.9386,0.02
4184,4.184,-0.0066,0.0015,0.0377,-0.0029,0.0838,0.2325
4185,4.185,-0.0072,0.0022,0.0306,-0.007,0.498,0.2974
4186,4.186,-0.0067,0.0039,0.0373,0.0018,0.3753,0.3561
4187,4.187,-0.0071,-0.0013,0.0435,0.005,0.4897,0.3038
4188,4.188,-0.0016,-0.0048,0.053,0.006,0.3875,0.352
4189,4.189,0.002,0.0035,0.0277,-0.0043,0.6688,1.0074
4190,4.19,0.0098,-0.002,0.0386,-0.0056,1.6053,0.7268
4191,4.191,0.0087,0.0011,0.0683,0.0032,1.2321,0.1297
4192,4.192,0.0151,0.0039,0.0564,0.0042,0.2103,-0.2592
4193,4.193,0.0056,0.0047,0.031,0.0073,-0.2042,-0.331
4194,4.194,-0.0006,-0.0021,0.0011,0.0119,-0.3311,-0.268
4195,4.195,-0.0016,-0.0012,-0.027,0.0041,-0.4457,-0.3269
4196,4.196,-0.013,-0.002,-0.0525,0.0136,-0.5495,-0.2747
4197,4.197,-0.0054,-0.0056,-0.0625,0.0074,-0.4564,-0.8995
4198,4.198,0.0016,-0.0049,-0.0714,0.0063,-1.3929,-0.9851
4199,4.199,0.0129,-0.0106,-0.0304,0.0054,-1.5182,-0.288
4200,4.2,0.0175,-0.0068,0.0105,-0.0011,-0.4973,0.1818
4201,4.201,0.0135,-0.0018,0.0156,0.0015,0.1914,0.2683
4202,4.202,0.0123,-0.0048,0.0203,0.0022,0.3186,0.3466
4203,4.203,0.0249,-0.0019,-0.0282,0.0042,0.4333,0.2771
4204,4.204,0.0198,-0.0033,-0.0474,0.0047,0.5373,0.2135
4205,4.205,0.0153,-0.0011,-0.0532,-0.0041,0.4443,0.6202
4206,4.206,0.0112,-0.0039,-0.0373,-0.023,1.0405,0.99
4207,4.207,0.005,0.0012,-0.0035,-0.0367,1.7376,0.5574
4208,4.208,0.0018,0.0006,0.0097,-0.0243,0.8947,-0.0838
4209,4.209,-0.0077,0.0024,0.0297,-0.0177,-0.1275,-0.171
4210,4.21,-0.0165,0.0065,0.0189,-0.0034,-0.2675,-0.2496
4211,4.211,-0.0198,0.0008,-0.0175,-0.0052,-0.3936,-0.3208
4212,4.212,-0.0271,0.003,-0.0223,0.0033,-0.5082,-0.2575
4213,4.213,-0.0225,0.001,-0.0621,0.008,-0.4064,-0.3158
4214,4.214,-0.0285,-0.0047,-0.0569,0.0067,-0.6878,-1.0029
4215,4.215,-0.0338,-0.0054,-0.0328,0.0104,-1.7951,-0.7226
4216,4.216,-0.0245,-0.006,0.0245,0.0095,-1.3434,-0.1257
4217,4.217,-0.0106,-0.0055,0.0478,0.0064,-0.1073,0.2629
4218,4.218,-0.0125,-0.0096,0.0264,0.0129,0.3936,0.194
4219,4.219,0.0027,-0.0101,0.007,0.0188,0.5464,0.2587
4220,4.22,0.0047,-0.0059,0.0011,0.0303,0.4107,0.317
4221,4.221,0.0103,-0.0076,-0.0151,0.0219,0.5358,0.2644
4222,4.222,0.012,-0.0071,-0.0011,0.0112,0.4233,0.7927
4223,4.223,0.0166,-0.0002,-0.0059,-0.0096,1.3502,0.8633
4224,4.224,0.0096,0.005,-0.0262,-0.0303,1.4753,0.2867
4225,4.225,0.0184,0.0042,-0.0083,-0.044,0.4544,-0.1023
4226,4.226,0.0194,0.0083,0.0146,-0.0464,-0.2342,-0.315
4227,4.227,0.0225,0.0076,0.0354,-0.0217,-0.3614,-0.2521
4228,4.228,0.0198,0.0083,0.0382,-0.0052,-0.4762,-0.311
4229,4.229,0.0173,0.0024,0.0407,0.0036,-0.5804,-0.2587
4230,4.23,0.0195,0.0031,0.0701,0.0118,-0.3006,-0.5954
4231,4.231,0.0188,0.001,0.0501,0.0142,-1.0671,-1.0765
4232,4.232,0.0145,-0.0033,0.0173,0.0164,-1.7885,-0.5011
4233,4.233,0.0057,0.0019,-0.0312,0.0143,-0.9457,0.0421
4234,4.234,-0.0007,0.0011,-0.0496,0.0091,0.0875,0.2398
4235,4.235,-0.0019,-0.0053,-0.0561,0.0035,0.4301,0.311
4236,4.236,-0.003,0.0058,-0.0504,0.0017,0.5348,0.3755
4237,4.237,-0.0061,-0.0019,-0.0134,-0.0028,0.4422,0.318
4238,4.238,-0.0088,-0.0006,0.0008,-0.0069,0.5282,0.371
4239,4.239,-0.0217,-0.0044,0.0138,-0.0081,0.6058,0.9957
4240,4.24,-0.031,-0.0035,0.0253,-0.0025,1.6612,0.7408
4241,4.241,-0.026,0.0037,0.0216,-0.0015,1.2092,0.1977
4242,4.242,-0.0184,-0.0027,0.005,0.0012,0.2473,-0.1556
4243,4.243,-0.0197,-0.0123,0.0197,0.002,-0.3789,-0.221
4244,4.244,-0.0286,-0.0186,0.0114,0.0042,-0.4943,-0.2798
4245,4.245,-0.0115,-0.0061,0.0285,0.0078,-0.5983,-0.3332
4246,4.246,0.0008,0.0023,0.062,0.0035,-0.5061,-0.2855
4247,4.247,0.003,0.0007,0.0571,-0.0017,-0.4219,-0.8535
4248,4.248,0.005,0.0047,0.0438,0.0047,-1.4282,-0.9312
4249,4.249,-0.0042,0.0058,0.0158,0.0038,-1.5661,-0.2975
4250,4.25,0.0009,0.0026,-0.0171,0.0031,-0.4434,0.13
4251,4.251,-0.0066,0.0015,-0.0479,0.001,0.3136,0.209
4252,4.252,-0.0052,0.0006,-0.0758,0.0027,0.4531,0.2801
4253,4.253,-0.0015,0.0031,-0.0722,0.0044,0.5791,0.3447
4254,4.254,0.0041,0.0024,-0.0558,-0.0035,0.4671,0.2872
4255,4.255,0.0011,0.0031,-0.0287,-0.0025,0.3652,0.5514
4256,4.256,0.0075,-0.0039,-0.0179,-0.0056,1.0209,0.9842
4257,4.257,0.0134,-0.0012,-0.0277,-0.0048,1.6173,0.5774
4258,4.258,0.0156,0.0083,-0.0248,-0.0127,0.9206,-0.0052
4259,4.259,0.012,0.012,-0.0111,-0.0264,-0.1121,-0.2391
4260,4.26,0.0136,0.0109,0.0212,-0.0171,-0.2522,-0.3102
4261,4.261,0.0107,0.0079,0.0167,-0.0087,-0.3784,-0.3747
4262,4.262,0.0091,0.0052,0.0127,0.0019,-0.4929,-0.3173
4263,4.263,0.0078,-0.0026,0.0307,0.0006,-0.3911,-0.3703
4264,4.264,0.0049,0.0027,0.0338,0.0093,-0.6725,-0.9951
4265,4.265,0.0091,0.0054,0.031,0.0125,-1.7797,-0.7401
4266,4.266,0.005,0.0012,0.0557,0.0135,-1.328,-0.197
4267,4.267,0.0035,-0.001,0.0656,0.007,-0.0918,0.1564
4268,4.268,-0.0016,-0.0004,0.0448,0.0045,0.4092,0.3496
4269,4.269,-0.0037,-0.0009,0.0859,0.0082,0.5622,0.2923
4270,4.27,-0.0119,0.0032,0.1033,0.0102,0.4266,0.3457
4271,4.271,-0.0129,-0.0025,0.0766,0.0032,0.5519,0.2018
4272,4.272,-0.016,0.009,0.0135,-0.0032,0.4395,0.8571
4273,4.273,-0.0095,0.0107,-0.0641,-0.0041,1.3667,0.9511
4274,4.274,0.0017,0.0001,-0.1161,-0.0078,1.492,0.3545
4275,4.275,0.0001,-0.0012,-0.1633,-0.0143,0.4713,-0.1892
4276,4.276,-0.0039,0,-0.1373,-0.0169,-0.2171,-0.2609
4277,4.277,0.0024,0.0033,-0.0981,-0.0085,-0.3439,-0.3258
4278,4.278,0.0013,0.0003,-0.091,-0.0007,-0.4585,-0.2683
4279,4.279,0.0086,-0.0024,-0.0198,0.0108,-0.5624,-0.2159
4280,4.28,0.004,-0.0015,0.0086,0.0215,-0.4695,-0.5524
4281,4.281,0.0032,-0.0084,0.0346,0.0145,-1.0653,-1.0333
4282,4.282,0.0054,-0.0019,0.0425,0.0183,-1.7621,-0.5855
4283,4.283,0.0074,-0.0078,0.0356,0.015,-0.919,0.0555
4284,4.284,0.0116,0.0007,0.0422,0.0013,0.1037,0.3126
4285,4.285,0.0144,-0.007,0.0717,-0.0042,0.5184,0.2364
4286,4.286,0.0128,-0.0017,0.0876,-0.0093,0.3961,0.3072
4287,4.287,0.0085,0.0011,0.0733,-0.0109,0.5109,0.2438
4288,4.288,0.009,-0.0014,0.0601,-0.0069,0.4091,0.302
4289,4.289,0.0054,-0.002,0.0323,-0.0032,0.6905,0.9889
4290,4.29,-0.0016,0.0016,0.007,-0.0064,1.6273,0.7084
4291,4.291,-0.0089,-0.0067,-0.0292,-0.0137,1.2543,0.1112
4292,4.292,-0.0044,-0.0034,-0.0436,0.0003,0.2327,-0.2776
4293,4.293,-0.0002,-0.0003,-0.0392,0.0024,-0.4557,-0.209
4294,4.294,-0.0087,0.0025,-0.051,-0.0032,-0.3332,-0.2738
4295,4.295,-0.0236,-0.0017,-0.0329,-0.0048,-0.4476,-0.3326
4296,4.296,-0.0337,0.0054,-0.0298,0.009,-0.5514,-0.2804
4297,4.297,-0.0393,0.0009,-0.0269,0.0035,-0.4581,-0.8092
4298,4.298,-0.0375,0.0019,-0.0188,0.0018,-1.3945,-0.8801
4299,4.299,-0.036,-0.0018,-0.0361,-0.0058,-1.5198,-0.304
4300,4.3,-0.0151,-0.0037,-0.0115,-0.0017,-0.4988,0.2395
4301,4.301,0.0058,-0.0053,-0.028,-0.0029,0.19,0.3112
4302,4.302,0.0085,-0.0023,-0.0251,0.0049,0.3175,0.2479
4303,4.303,0.011,-0.0008,-0.0114,0.006,0.4322,0.3065
4304,4.304,0.0089,0.0024,0.0109,0.0033,0.5362,0.254
4305,4.305,0.015,-0.0015,0.0138,0.0076,0.4432,0.5905
4306,4.306,0.017,0.0044,0.0277,0.0069,1.0393,0.9839
4307,4.307,0.0188,0.0007,0.0303,0.0021,1.7363,0.5082
4308,4.308,0.0204,0.0028,0.0551,-0.001,0.8932,-0.069
4309,4.309,0.0165,-0.0014,0.0782,-0.0004,-0.1291,-0.3029
4310,4.31,0.0103,0.0016,0.0695,-0.0009,-0.2691,-0.2338
4311,4.311,0.0114,0.0001,0.0449,0.006,-0.3956,-0.2984
4312,4.312,0.0062,-0.001,0.0152,0.0091,-0.5103,-0.2411
4313,4.313,0.0036,-0.0065,-0.0208,0.0083,-0.4087,-0.3998
4314,4.314,0.0096,0.002,-0.0448,0.0058,-0.6903,-1.0246
4315,4.315,0.0103,0.0031,-0.005,0.0005,-1.7975,-0.7696
4316,4.316,0.001,0.0084,0.0323,-0.0015,-1.3461,-0.0718
4317,4.317,0.0022,0.0076,0.0277,-0.0083,-0.1105,0.2109
4318,4.318,0.0033,0.0034,0.0497,-0.0075,0.3898,0.2975
4319,4.319,0.0023,0.0028,0.0218,0.0003,0.5426,0.3757
4320,4.32,-0.0004,0.0048,-0.0183,-0.0027,0.4068,0.3062
4321,4.321,-0.0063,0.0018,-0.0342,-0.0167,0.532,0.2428
4322,4.322,-0.0056,0.0035,-0.0876,-0.0268,0.4192,0.8825
4323,4.323,-0.0006,0.002,-0.0948,-0.0063,1.3459,0.9683
4324,4.324,-0.0048,0.0008,-0.0366,-0.0036,1.4709,0.2713
4325,4.325,-0.0077,-0.0012,0.0179,-0.006,0.4498,-0.1985
4326,4.326,-0.0051,-0.0023,0.0533,0.0052,-0.2392,-0.2852
4327,4.327,-0.002,0.003,0.0339,0.0073,-0.3667,-0.3634
4328,4.328,-0.0048,-0.0008,0.0164,0.0092,-0.4816,-0.2939
4329,4.329,-0.0023,-0.0086,-0.0423,0.0109,-0.5859,-0.2302
4330,4.33,-0.0054,-0.0013,-0.0657,0.0034,-0.4935,-0.637
4331,4.331,0.0011,-0.0022,-0.1012,0.0075,-1.0898,-1.0069
4332,4.332,0.0096,0.0003,-0.1075,0.0063,-1.7873,-0.5744
4333,4.333,0.0128,-0.0067,-0.0545,-0.004,-0.9447,0.0667
4334,4.334,0.0139,-0.0041,0.0239,0.0001,0.0774,0.3239
4335,4.335,0.0112,0.002,0.0284,0.0075,0.3905,0.2846
4336,4.336,0.0048,-0.0059,0.0389,0.0163,0.5295,0.3628
4337,4.337,0.0023,-0.0007,0.0295,0.0218,0.655,0.2932
4338,4.338,-0.0029,0.0039,0.0382,0.0061,0.5426,0.3574
4339,4.339,-0.0049,-0.0021,0.0304,-0.0095,0.6456,0.9968
4340,4.34,0.0009,-0.0044,0.0375,-0.0075,1.6758,0.742
4341,4.341,0.0032,-0.0051,0.0567,-0.0168,1.265,0.1991
4342,4.342,0.0053,0.0031,0.0623,-0.0253,0.141,-0.2948
4343,4.343,0.0011,-0.0073,0.0356,-0.0114,-0.3146,-0.2323
4344,4.344,0.0006,-0.0114,0.0401,-0.0059,-0.454,-0.2911
4345,4.345,-0.0009,-0.0228,0.0355,-0.0008,-0.5801,-0.3445
4346,4.346,-0.0078,-0.0183,0.0391,-0.0054,-0.4681,-0.2009
4347,4.347,-0.0193,-0.0032,0.0208,0.0042,-0.3662,-0.8562
4348,4.348,-0.0178,0.0069,0.0108,0.0054,-1.3963,-0.9501
4349,4.349,-0.0165,0.005,-0.0285,-0.005,-1.5342,-0.3535
4350,4.35,-0.0153,-0.0002,-0.0766,-0.0091,-0.6607,0.19
4351,4.351,-0.0164,0.0074,-0.0444,-0.0103,0.3619,0.2618
4352,4.352,-0.0174,0.0032,-0.0387,-0.0135,0.5015,0.3267
4353,4.353,-0.0165,0.0019,-0.044,-0.0105,0.6276,0.2693
4354,4.354,-0.0157,0.0051,-0.0682,-0.0002,0.5158,0.2169
4355,4.355,-0.0135,0.004,-0.0813,0.0039,0.414,0.5532
4356,4.356,-0.0087,0.003,-0.029,0.0001,1.0699,1.0341
4357,4.357,-0.0092,0.0021,0.0068,0.0011,1.6666,0.4584
4358,4.358,-0.0098,0.0013,0.0394,0.0125,0.8153,-0.0849
4359,4.359,-0.002,-0.0023,0.0338,0.014,0.0198,-0.2976
4360,4.36,0.0128,-0.0007,0.0286,0.0126,-0.2917,-0.2349
4361,4.361,0.0148,-0.0096,0.0144,0.0114,-0.3867,-0.2937
4362,4.362,0.0128,-0.0211,-0.0164,0.0192,-0.4729,-0.2414
4363,4.363,0.0179,-0.0105,-0.0126,0.0119,-0.5509,-0.3857
4364,4.364,0.0194,-0.0037,-0.0092,-0.0022,-0.6213,-1.0411
4365,4.365,0.0207,-0,0.0005,-0.0164,-1.5807,-0.7606
4366,4.366,0.017,0.0055,0.0397,0.0003,-1.1701,-0.1636
4367,4.367,0.0045,0.0044,0.0345,0.0068,-0.2952,0.2252
4368,4.368,-0.0006,0.0107,0.0299,0.0007,0.2747,0.2967
4369,4.369,0.004,0.0081,0.0257,-0.0012,0.38,0.2335
4370,4.37,0.0054,0.0102,0.0219,-0.0131,0.4753,0.176
4371,4.371,0.0116,0.0066,0.0111,-0.0055,0.5615,0.2292
4372,4.372,0.0084,0.0107,-0.0053,-0.0042,0.3301,0.8538
4373,4.373,0.0031,0.003,-0.0142,-0.0054,1.3855,0.9393
4374,4.374,0.0004,0.004,-0.0279,-0.0065,1.5373,0.3969
4375,4.375,-0.0005,0.0066,-0.0008,-0.0117,0.5765,-0.097
4376,4.376,0.0001,0.0057,0.032,-0.0091,-0.2986,-0.1627
4377,4.377,-0.0048,0.0034,0.0276,-0.0065,-0.414,-0.338
4378,4.378,-0.0143,0.0013,0.0238,-0.0013,-0.5181,-0.2861
4379,4.379,-0.0075,0.0043,0.0202,0.0093,-0.6124,-0.2386
4380,4.38,0.0063,0.0095,0.0037,0.0078,-0.3575,-0.5444
4381,4.381,0.0044,0.0046,-0.0112,0.0008,-1.0542,-1.061
4382,4.382,0.0027,0.0028,-0.0249,0.0046,-1.71,-0.5687
4383,4.383,0.0011,-0.0013,-0.0572,0.0123,-0.9433,0.0085
4384,4.384,-0.003,0.0022,-0.0702,0.0051,-0.0132,0.2424
4385,4.385,-0.0019,-0.0008,-0.0179,0.0096,0.3637,0.3138
4386,4.386,-0.0123,-0.0005,0.0036,0.0054,0.4792,0.3785
4387,4.387,-0.0194,-0.0031,0.0104,0.0032,0.5837,0.321
4388,4.388,-0.0283,-0.0014,0.0049,0.0053,0.4914,0.374
4389,4.389,-0.0228,-0.0037,0.0103,-0.0042,0.5772,0.9988
4390,4.39,-0.0156,0.0005,0.0152,-0.0029,1.7385,0.7439
4391,4.391,-0.0072,-0.0026,0.0374,-0.0041,1.2418,0.2009
4392,4.392,-0.0041,0.0003,0.0736,0.0062,0.1841,-0.1524
4393,4.393,0.0074,-0.0075,0.0881,0.0075,-0.2302,-0.2177
4394,4.394,0.0119,0.0003,0.0663,0.0038,-0.3568,-0.2766
4395,4.395,0.0215,-0.0007,0.0545,0.0007,-0.4715,-0.3299
4396,4.396,0.0227,-0.0015,0.0652,-0.0003,-0.5755,-0.2822
4397,4.397,0.0237,-0.0023,0.0287,0.0042,-0.4826,-0.85
4398,4.398,0.0267,-0.0001,-0.0248,0.0018,-1.4191,-0.9278
4399,4.399,0.024,-0.0021,-0.0463,-0.0051,-1.5443,-0.294
4400,4.4,0.0181,-0.0003,-0.0402,-0.0078,-0.5235,0.1334
4401,4.401,0.0144,-0.0032,-0.0462,-0.0018,0.1649,0.2126
4402,4.402,0.0165,-0.0046,-0.0515,0.0004,0.2921,0.2837
4403,4.403,0.017,-0.0042,-0.0853,0.0012,0.407,0.3485
4404,4.404,0.0082,0.0023,-0.1338,0.0007,0.5112,0.1747
4405,4.405,0.0094,0.0015,-0.1401,-0.0009,0.4181,0.5446
4406,4.406,0.0038,0.0041,-0.1107,0.0007,1.0141,0.9775
4407,4.407,0.0048,0.0049,-0.0305,-0.0043,1.711,0.5708
4408,4.408,-0.0073,0.0056,0.0272,-0.0036,0.8679,-0.0119
4409,4.409,-0.0056,0.0074,0.017,0.0007,-0.1548,-0.2456
4410,4.41,-0.0071,0.0069,0.0455,0.0002,-0.2949,-0.3168
4411,4.411,-0.0223,0.0002,0.0714,-0.0044,-0.4213,-0.3814
4412,4.412,-0.0406,0.003,0.0636,-0.0049,-0.5361,-0.3238
4413,4.413,-0.0382,0.0021,0.0281,-0.0043,-0.4345,-0.3765
4414,4.414,-0.0493,-0.003,-0.0171,-0.0038,-0.529,-1.001
4415,4.415,-0.0513,-0.0023,-0.0345,-0.0007,-1.8066,-0.7459
4416,4.416,-0.0308,-0.0017,-0.0396,0.0023,-1.2604,-0.0479
4417,4.417,-0.0226,0,-0.0443,0.0059,-0.0974,0.235
4418,4.418,-0.0103,-0.0024,-0.0222,0.0017,0.3577,0.3215
4419,4.419,-0.0081,-0.0066,-0.0022,-0.0023,0.4963,0.2452
4420,4.42,0.0021,-0.0013,0.0451,0.0013,0.6217,0.316
4421,4.421,0.0114,-0.0005,0.0644,0.0025,0.509,0.2524
4422,4.422,0.0063,-0.001,0.0585,0.0065,0.4067,0.7757
4423,4.423,0.017,-0.005,0.0849,0.006,1.4363,0.8465
4424,4.424,0.0239,-0.0002,0.0799,0.0057,1.5738,0.3984
4425,4.425,0.0202,-0.0018,0.0578,0.0029,0.4506,-0.1262
4426,4.426,0.0234,-0.0001,0.0297,0.0072,-0.3068,-0.1978
4427,4.427,0.0204,0.0025,0.0188,0.0032,-0.4468,-0.2626
4428,4.428,0.0195,-0.0025,0.0154,0.0058,-0.5731,-0.3214
4429,4.429,0.0169,0.0011,0.0182,-0.0011,-0.4613,-0.2691
4430,4.43,0.0176,-0.0006,-0.0176,-0.0041,-0.3595,-0.6056
4431,4.431,0.0183,0.0012,-0.0515,-0.0068,-1.0154,-1.0864
4432,4.432,0.0213,0.0048,-0.0648,-0.011,-1.7826,-0.5109
4433,4.433,0.0184,-0.0003,-0.061,-0.0073,-0.8558,0.0325
4434,4.434,0.0178,-0.0038,-0.043,-0.0037,0.0191,0.2449
4435,4.435,0.0156,-0.0068,-0.073,-0.0054,0.3615,0.3099
4436,4.436,0.012,-0.0029,-0.0525,-0.0014,0.4738,0.3248
4437,4.437,0.0056,-0.0012,-0.0247,0.0074,0.5779,0.2672
4438,4.438,0.0028,0.0035,-0.014,0.0137,0.4851,0.3202
4439,4.439,-0.0031,0.0031,0.009,0.0081,0.5705,1.0409
4440,4.44,-0.0084,-0.0033,-0.0059,-0.0056,1.7314,0.7323
4441,4.441,-0.0148,-0.0008,-0.0085,-0.0112,1.2345,0.0755
4442,4.442,-0.0172,0.0045,-0.0012,-0.0163,0.1767,-0.1818
4443,4.443,-0.0224,0.0009,0.0325,-0.0024,-0.2377,-0.2607
4444,4.444,-0.0216,0.0052,0.1052,0.0106,-0.3644,-0.3319
4445,4.445,-0.0232,0.0011,0.1363,0.0021,-0.4789,-0.3966
4446,4.446,-0.0248,-0.0024,0.1078,-0.0056,-0.583,-0.2229
4447,4.447,-0.0304,0.0018,0.0818,-0.0152,-0.4904,-0.8044
4448,4.448,-0.0251,0.0013,0.0739,-0.009,-1.4271,-0.8824
4449,4.449,-0.0144,-0.0065,0.0239,-0.0013,-1.5525,-0.3898
4450,4.45,-0.0037,-0.0142,-0.0215,-0.0044,-0.5317,0.1874
4451,4.451,0.006,-0.0195,-0.0981,-0.0017,0.157,0.2661
4452,4.452,0.0097,-0.0054,-0.1505,0.0008,0.2839,0.337
4453,4.453,0.0175,0.0047,-0.1224,-0.0045,0.625,0.2735
4454,4.454,0.0122,0.0028,-0.0969,0.0004,0.5232,0.2157
4455,4.455,0.0095,0.0011,-0.0739,0.0061,0.4304,0.5853
4456,4.456,0.0086,0.0026,-0.0387,0.0068,1.0266,1.018
4457,4.457,0.0064,0.004,0.0063,0.0088,1.7239,0.4946
4458,4.458,-0.0043,0.0077,0.0473,0.0018,0.8811,0.0007
4459,4.459,-0.0059,0.0044,0.0527,-0.0028,-0.141,-0.193
4460,4.46,-0.01,0.0074,0.0386,0.0013,-0.281,-0.2522
4461,4.461,-0.0089,0.0029,0.0082,0.002,-0.4071,-0.4115
4462,4.462,-0.0033,0.0054,-0.0034,0.0012,-0.5216,-0.3642
4463,4.463,-0.0064,0.0046,-0.0212,-0.0083,-0.4197,-0.4083
4464,4.464,0.002,-0.0003,-0.0178,-0.018,-0.5137,-1.004
4465,4.465,0.0075,-0.0061,-0.0148,-0.0042,-1.7909,-0.7493
4466,4.466,0.0105,-0.0009,-0.0229,0.0051,-1.2442,-0.0516
4467,4.467,0.0097,-0.0003,-0.0056,0.0033,-0.0808,0.2311
4468,4.468,0.0072,-0.0061,0.0192,-0.0013,0.375,0.3174
4469,4.469,0.0065,-0.0039,0.049,-0.0138,0.5142,0.3954
4470,4.47,0.0101,0.001,0.0609,-0.0088,0.3911,0.3258
4471,4.471,0.0059,-0.0033,0.0718,-0.0013,0.5053,0.2623
4472,4.472,0.0007,-0.0017,0.0554,0.0028,0.4032,0.7854
4473,4.473,-0.0042,-0.0064,0.0405,0.0016,1.4332,0.856
4474,4.474,-0.0025,-0.0022,0.0104,-0.0063,1.5711,0.2798
4475,4.475,0.0028,-0.0018,0.0065,0.0031,0.4484,-0.1088
4476,4.476,0.0093,0.0017,0.0029,0.0119,-0.3087,-0.1805
4477,4.477,0.0067,0.0029,-0.0201,0.0151,-0.4482,-0.2453
4478,4.478,0.0104,0.0008,-0.0053,0.014,-0.5743,-0.3041
4479,4.479,0.0098,-0.0028,-0.03,0.0075,-0.4624,-0.2519
4480,4.48,0.0154,-0.004,-0.0465,0.0169,-0.3602,-0.5884
4481,4.481,0.0101,-0.0011,-0.0318,0.0205,-1.0157,-1.0692
4482,4.482,0.0051,0.0007,-0.0073,0.0102,-1.7823,-0.4936
4483,4.483,0.0056,-0.0032,0.0156,0.0032,-0.8551,0.0499
4484,4.484,0.0026,0.0045,0.0305,0.0095,0.0202,0.2624
4485,4.485,-0.0023,0.0055,0.0334,0.0017,0.3631,0.3275
4486,4.486,-0.0054,-0.004,-0.0037,-0.0097,0.4679,0.2703
4487,4.487,-0.0026,-0.0053,-0.0195,-0.0143,0.5627,0.3236
4488,4.488,-0.0105,0.0025,-0.0629,-0.0073,0.4788,0.372
4489,4.489,-0.0277,0.0015,-0.0684,-0.011,0.5567,1.0274
4490,4.49,-0.0301,0.0041,-0.0523,-0.0142,1.6122,0.747
4491,4.491,-0.0414,-0.0018,-0.028,-0.0027,1.1608,0.1501
4492,4.492,-0.0475,0.0067,0.0117,0.0112,0.199,-0.2386
4493,4.493,-0.0345,-0.0011,0.0277,0.0056,-0.427,-0.3101
4494,4.494,-0.0261,-0.0022,0.023,0.0039,-0.3158,-0.3748
4495,4.495,-0.0184,-0.0013,0.0187,-0.0007,-0.42,-0.3173
4496,4.496,-0.0087,-0.0055,0.0227,-0.002,-0.5146,-0.2648
4497,4.497,0.0078,-0.0003,0.0336,-0.0008,-0.4302,-0.7932
4498,4.498,0.019,0.0033,0.0305,-0.0018,-1.4364,-1.0044
4499,4.499,0.0252,0.0029,0.0334,0.0034,-1.5741,-0.3
4500,4.5,0.0234,0,0.0691,0.0008,-0.4511,0.1701
4501,4.501,0.0218,0.0058,0.1125,-0.0051,0.3061,0.2571
4502,4.502,0.0173,0.0036,0.1065,-0.0045,0.4459,0.3355
4503,4.503,0.0214,0.0057,0.0798,-0.0093,0.5721,0.2662
4504,4.504,0.0127,0.0041,0.0458,-0.0099,0.4606,0.2028
4505,4.505,0.0117,0.007,-0.0203,-0.0011,0.3589,0.6097
4506,4.506,0.0086,0.0055,-0.1057,0.0002,1.0149,0.98
4507,4.507,0.0113,0.0025,-0.1401,0.0012,1.6116,0.5477
4508,4.508,0.0071,-0.0003,-0.1711,0.0127,0.9151,-0.0931
4509,4.509,0.0093,0.0001,-0.1426,0.0082,-0.1173,-0.1798
4510,4.51,0.0072,-0.0002,-0.1166,0.0013,-0.2571,-0.258
4511,4.511,0.0089,0.0043,-0.0618,-0.01,-0.383,-0.3289
4512,4.512,0.0025,0.0026,-0.0546,-0.0023,-0.4973,-0.2655
4513,4.513,0.005,-0.0031,-0.0094,0.0046,-0.3952,-0.3237
4514,4.514,-0.0001,0.0023,0.0317,0.0035,-0.6763,-1.0107
4515,4.515,-0.0036,0.0003,0.0477,0.0138,-1.7831,-0.7302
4516,4.516,-0.0105,0.0046,0.043,0.0097,-1.3314,-0.133
4517,4.517,-0.002,-0.003,0.0387,0.001,-0.095,0.2558
4518,4.518,-0.0051,0.0001,0.0506,-0,0.406,0.187
4519,4.519,0.0002,-0.0007,0.0687,-0.0052,0.559,0.2517
4520,4.52,-0.0006,0.0002,0.0589,-0.0155,0.4235,0.3105
4521,4.521,-0.003,-0.0004,0.044,-0.0059,0.5489,0.2581
4522,4.522,-0.0007,0.0017,0.0521,0.0055,0.4363,0.7867
4523,4.523,0,-0.0024,0.0349,0.0131,1.3634,0.8574
4524,4.524,-0.0016,-0.0029,0.0193,0.0006,1.4889,0.2811
4525,4.525,0.0002,-0.0003,-0.0074,-0.0011,0.4681,-0.1076
4526,4.526,-0.0003,0.0028,-0.011,0.0096,-0.2206,-0.1794
4527,4.527,0.0067,0.0041,-0.0013,0.0082,-0.3476,-0.2442
4528,4.528,0.0205,-0.0001,0.0316,0.0095,-0.4623,-0.303
4529,4.529,0.0224,0.0005,0.0447,0.0063,-0.5662,-0.2508
4530,4.53,0.0207,0.0041,0.0167,-0.0094,-0.4731,-0.5872
4531,4.531,0.0223,0.0011,-0.0236,-0.016,-1.0692,-1.068
4532,4.532,0.0154,0.005,-0.0609,-0.0302,-1.7664,-0.4925
4533,4.533,0.0091,0.0036,-0.0948,-0.0358,-0.9235,0.0509
4534,4.534,0.0036,0.0006,-0.0817,-0.0307,0.0991,0.2633
4535,4.535,-0.0017,0.0018,-0.0779,-0.0261,0.5132,0.3282
4536,4.536,-0.0062,0.0015,-0.0672,-0.0136,0.3907,0.2709
4537,4.537,-0.0064,-0.0011,-0.0412,0.0039,0.5327,0.2848
4538,4.538,-0.0193,-0.0035,0.0081,0.0124,0.4205,0.3377
4539,4.539,-0.0249,-0.0058,0.0434,0.0109,0.5238,0.9623
4540,4.54,-0.0232,-0.0016,0.0755,0.0205,1.7412,0.7073
4541,4.541,-0.0339,-0.0073,0.0695,0.0193,1.2443,0.1641
4542,4.542,-0.038,-0.0035,0.0536,0.0161,0.1866,-0.1895
4543,4.543,-0.0544,-0.0084,0.0197,0.0088,-0.2275,-0.2551
4544,4.544,-0.0479,-0.0067,0.0152,0.0024,-0.3543,-0.3142
4545,4.545,-0.0458,-0.0072,0.0033,0.0033,-0.4685,-0.3677
4546,4.546,-0.0365,-0.015,-0.0223,0.0085,-0.5725,-0.2241
4547,4.547,-0.0145,-0.0182,-0.0322,0.0008,-0.4794,-0.8795
4548,4.548,0.0004,-0.0067,-0.0052,-0.0022,-1.4159,-0.9737
4549,4.549,0.0141,-0.0052,0.0493,0.0043,-1.5411,-0.3773
4550,4.55,0.0265,-0.0039,0.0726,0.0102,-0.5202,0.1662
4551,4.551,0.0332,0.0049,0.0228,0.0124,0.1685,0.2378
4552,4.552,0.0352,-0.0007,-0.0095,0.016,0.2957,0.3025
4553,4.553,0.0408,0.0045,-0.0153,0.0065,0.4104,0.361
4554,4.554,0.0391,0.0018,-0.0527,0.0025,0.5144,0.2028
4555,4.555,0.0376,0.0026,-0.0386,-0.0063,0.4214,0.5391
4556,4.556,0.028,0.0063,-0.0081,-0.0095,1.0176,1.0197
4557,4.557,0.0191,-0.0002,-0.0047,-0.0126,1.7148,0.5719
4558,4.558,0.0181,-0.0011,-0.0305,-0.0098,0.8719,-0.0692
4559,4.559,0.0108,-0.0005,-0.0342,-0.009,-0.1503,-0.1563
4560,4.56,-0.0033,0.0014,-0.0197,-0.0096,-0.2902,-0.2348
4561,4.561,-0.0176,-0.0017,-0.0171,-0.0019,-0.4164,-0.3059
4562,4.562,-0.0232,-0.0012,-0.0195,0.0118,-0.5309,-0.2428
4563,4.563,-0.025,0.0044,-0.035,0.0025,-0.4291,-0.3012
4564,4.564,-0.0175,-0.0009,-0.0369,0.0076,-0.5231,-0.9884
4565,4.565,-0.005,0.0026,-0.0089,0.0061,-1.8005,-0.7082
4566,4.566,-0.0101,0.0008,0.0352,0.002,-1.2542,-0.1113
4567,4.567,-0.0209,-0.0033,0.0527,-0.0043,-0.091,0.2772
4568,4.568,-0.0223,0.0033,0.0581,0.0035,0.3646,0.2082
4569,4.569,-0.0186,0.0006,0.0341,0.0045,0.5036,0.2726
4570,4.57,-0.0109,0.0013,0.0035,0.0036,0.6294,0.3311
4571,4.571,-0.0099,-0.001,-0.0164,0.0061,0.5169,0.173
4572,4.572,-0.0073,-0.0004,-0.0127,0.0082,0.4143,0.7975
4573,4.573,0.0021,0,0.0103,0.0047,1.4442,0.8829
4574,4.574,-0.0017,0.0005,0.0132,-0.0022,1.5818,0.3404
4575,4.575,0.0107,0.0019,-0.0006,-0.0144,0.4586,-0.1536
4576,4.576,0.0122,0.004,-0.013,-0.0161,-0.2989,-0.2191
4577,4.577,0.0167,0.0043,0.0025,-0.0085,-0.4387,-0.2782
4578,4.578,0.0125,0.0016,0.0046,0.0012,-0.5649,-0.4372
4579,4.579,0.0062,0.0039,0.0213,0.0023,-0.4532,-0.2937
4580,4.58,0.0117,-0.0012,0.0147,-0.0033,-0.3513,-0.5997
4581,4.581,0.0106,-0.0033,0.0005,-0.0064,-1.0074,-1.0368
4582,4.582,0.0079,-0.0017,-0.0274,-0.0037,-1.7747,-0.5137
4583,4.583,0.0087,-0.0013,0.0165,-0.0166,-0.8479,0.121
4584,4.584,0.0064,0.0022,0.0695,-0.0222,0.0269,0.208
4585,4.585,0.0099,0.001,0.0623,-0.0205,0.3692,0.2864
4586,4.586,0.0082,0.0048,0.043,-0.0036,0.4738,0.3574
4587,4.587,0.0087,0.0022,0.0256,0.0075,0.5682,0.2938
4588,4.588,0.0103,-0.0029,0.0098,0.0137,0.4837,0.3521
4589,4.589,0.0092,-0.005,-0.0142,0.0118,0.561,1.0392
4590,4.59,0.0037,-0.0034,-0.0447,0.0135,1.6159,0.7588
4591,4.591,0.009,0.0007,-0.0482,0.012,1.164,0.1617
4592,4.592,0.0125,-0.0019,-0.0151,-0.0005,0.2018,-0.2269
4593,4.593,0.0031,-0.0008,0.0071,-0.0022,-0.4247,-0.2984
4594,4.594,-0.001,0.0056,0.0273,-0.0099,-0.3139,-0.3632
4595,4.595,-0.0021,0.0048,0.002,-0.0251,-0.6244,-0.3057
4596,4.596,-0.0053,0.009,-0.021,-0.0191,-0.5323,-0.2533
4597,4.597,-0.0105,0.0021,-0.0181,-0.0061,-0.4483,-0.8778
4598,4.598,-0.0189,0.0029,-0.0372,0.0023,-1.4549,-0.9633
4599,4.599,-0.0178,-0.0013,-0.0544,0.0068,-1.5932,-0.266
4600,4.6,-0.0124,0.0009,-0.0432,0.0109,-0.4707,0.2041
4601,4.601,-0.0096,0.0058,-0.0124,0.0046,0.2861,0.2911
4602,4.602,-0.0104,0.0028,0.0274,0.0101,0.4256,0.3695
4603,4.603,-0.0096,-0.0012,0.0541,0.0091,0.5513,0.3002
4604,4.604,-0.0102,0.0004,0.0589,0.0083,0.4391,0.2369
4605,4.605,-0.0071,0.0008,0.0809,0.0091,0.3368,0.5276
4606,4.606,-0.003,0.0047,0.0928,0.0097,0.9923,1.0037
4607,4.607,-0.0015,-0.002,0.0821,0.0032,1.5887,0.5563
4608,4.608,0.0046,0.0045,0.0392,0.0006,0.8919,-0.0845
4609,4.609,0.0124,0.0003,-0.0489,-0.0001,-0.1409,-0.1712
4610,4.61,0.0154,0.0042,-0.0865,0.0019,-0.281,-0.2493
4611,4.611,0.0145,0.0036,-0.121,0.0036,-0.4075,-0.3199
4612,4.612,0.0051,0.0006,-0.069,0.0076,-0.5219,-0.2564
4613,4.613,-0.0037,0.0023,-0.0217,0.0092,-0.42,-0.3145
4614,4.614,-0.014,-0.0001,-0.0304,0.0041,-0.5139,-1.0011
4615,4.615,-0.0071,-0.0031,-0.0382,0.0034,-1.791,-0.7206
4616,4.616,-0.0033,-0.0002,-0.0737,0.0029,-1.2444,-0.1232
4617,4.617,-0.011,0.0009,-0.0542,0.0046,-0.081,0.2656
4618,4.618,-0.0037,0.0013,-0.0365,-0.0001,0.3747,0.197
4619,4.619,0.0085,-0.0017,-0.0203,0.0069,0.5141,0.2618
4620,4.62,0.0204,-0.0041,-0.0152,0.0043,0.64,0.3207
4621,4.621,0.025,0.0005,0.0158,-0.0085,0.5282,0.2685
4622,4.622,0.032,0.0048,0.0519,-0.0104,0.4262,0.7972
4623,4.623,0.0309,0.002,0.0473,-0.0188,1.4564,0.8681
4624,4.624,0.0254,0.0005,0.043,-0.0172,1.5943,0.2922
4625,4.625,0.0139,-0.0016,0.0391,-0.0131,0.4717,-0.0961
4626,4.626,0.0033,0.0023,0.0138,-0.0043,-0.2852,-0.3082
4627,4.627,0.002,-0.0034,0.0106,0.0012,-0.4247,-0.245
4628,4.628,-0.0017,0.0019,0.0194,0.0023,-0.5507,-0.3036
4629,4.629,-0.0142,-0.0016,0.0332,0.0031,-0.4386,-0.2512
4630,4.63,-0.0159,0.0015,0.0061,0.0006,-0.3364,-0.5876
4631,4.631,-0.0266,-0.0001,-0.0192,0.0014,-0.9917,-1.0682
4632,4.632,-0.0279,-0.0016,0.0038,0.0063,-1.7583,-0.6203
4633,4.633,-0.0217,0.0035,0.0368,0.0021,-0.8309,0.021
4634,4.634,-0.0342,-0.0013,0.0324,-0.0031,0.0444,0.2784
4635,4.635,-0.0426,-0.0043,0.0045,0.0034,0.3874,0.357
4636,4.636,-0.0533,-0.0048,-0.0135,-0.0025,0.4923,0.2877
4637,4.637,-0.052,-0.0083,-0.0233,-0.0003,0.5876,0.2243
4638,4.638,-0.0222,-0.001,-0.0563,0.006,0.4579,0.3352
4639,4.639,-0.0033,-0.0007,-0.0712,0.0026,0.5438,0.9749
4640,4.64,0.0048,0.0005,-0.0575,0.0043,1.7054,0.7202
4641,4.641,0.0171,-0.0037,-0.0203,0.0061,1.209,0.1774
4642,4.642,0.0236,-0.002,-0.0044,0.0046,0.1518,-0.1758
4643,4.643,0.0215,-0.0025,0.0294,0.0024,-0.262,-0.2409
4644,4.644,0.0234,-0.0028,0.0692,0.0089,-0.3883,-0.2995
4645,4.645,0.0216,-0.0048,0.0639,0.0117,-0.502,-0.3529
4646,4.646,0.0231,-0.0012,0.0592,0.0108,-0.6056,-0.2091
4647,4.647,0.0162,-0.0009,0.046,0.0071,-0.3251,-0.8642
4648,4.648,0.0099,0.0011,0.026,0.0007,-1.4315,-0.9582
4649,4.649,0.0109,-0.0014,0.0078,-0.0121,-1.5826,-0.3617
4650,4.65,0.0118,-0.0067,-0.0087,-0.0102,-0.6211,0.1819
4651,4.651,0.0164,-0.0045,-0.0296,-0.0118,0.2549,0.2539
4652,4.652,0.0121,0.0062,-0.0269,-0.0103,0.3715,0.3189
4653,4.653,0.0143,-0.0015,-0.0096,0.0023,0.4764,0.3778
4654,4.654,0.0122,-0.0084,0.0108,0.0175,0.5716,0.2199
4655,4.655,0.0105,-0.0022,0.0027,0.0114,0.3173,0.5564
4656,4.656,0.0088,-0.0078,0.0051,-0.0016,1.0146,1.0372
4657,4.657,0.0052,-0.0109,0.0029,-0.01,1.6711,0.5895
4658,4.658,-0.0017,-0.0136,-0.0236,-0.0176,0.905,-0.0514
4659,4.659,-0.009,-0.0042,0.0309,-0.0107,-0.024,-0.3084
4660,4.66,-0.0082,0.0071,0.1012,0.0031,-0.4003,-0.2322
4661,4.661,-0.0107,0.0025,0.0725,0.0013,-0.5148,-0.3032
4662,4.662,-0.0177,0.0065,0.0636,-0.0072,-0.6187,-0.3678
4663,4.663,-0.0205,0.0028,0.0087,-0.0057,-0.5259,-0.3101
4664,4.664,-0.0247,0.006,-0.0411,0.0012,-0.6112,-0.9971
4665,4.665,-0.0241,0.0049,-0.0994,-0.0101,-1.7723,-0.7169
4666,4.666,-0.0135,0.0057,-0.1227,-0.0086,-1.2752,-0.12
4667,4.667,-0.0028,-0.0003,-0.1297,-0.0294,-0.2171,0.2687
4668,4.668,0.0068,0.0066,-0.136,-0.0323,0.4718,0.1998
4669,4.669,0.0031,0.0074,-0.0477,-0.0133,0.35,0.2644
4670,4.67,0.0063,0.0015,-0.0099,-0.006,0.4648,0.3229
4671,4.671,0.0032,-0.0008,0.0018,0.0006,0.569,0.2703
4672,4.672,0.0024,0.0028,0.0331,0.0148,0.4762,0.7028
4673,4.673,-0.0002,0.0022,0.0618,0.0129,1.4127,0.8775
4674,4.674,0.0035,0.0027,0.0533,0.0213,1.5383,0.2955
4675,4.675,0.0141,0.0042,0.0302,0.0197,0.5177,-0.0933
4676,4.676,0.0126,0.003,0.0232,0.0156,-0.1708,-0.1652
4677,4.677,0.0084,0.0026,-0.0091,0.0017,-0.2981,-0.2304
4678,4.678,0.0096,0.0015,-0.0265,0.0036,-0.4129,-0.2891
4679,4.679,0.0085,-0.0009,0,-0.0015,-0.5172,-0.2369
4680,4.68,-0.001,-0.0033,0.0142,-0,-0.4242,-0.5736
4681,4.681,-0.0022,-0.0008,0.036,0.0013,-1.0204,-1.0545
4682,4.682,-0.0033,0.0016,0.0159,0.0076,-1.7175,-0.607
4683,4.683,-0.0043,0.0032,0.0123,0.0086,-0.875,0.0339
4684,4.684,-0.0051,0.0002,0.0024,0.0116,0.1474,0.2909
4685,4.685,0.0008,0.004,-0.0063,-0.0006,0.2873,0.3694
4686,4.686,0.0045,-0.0038,0.0019,-0.0057,0.4137,0.2999
4687,4.687,0.0081,0.0018,-0.0052,-0.0103,0.5281,0.2364
4688,4.688,0.0064,0.0048,-0.0116,-0.0034,0.4261,0.2945
4689,4.689,0.0059,-0.0037,-0.0135,0.0028,0.5199,0.9813
4690,4.69,-0.0007,0.0018,-0.0153,-0.0004,1.6268,0.7008
4691,4.691,-0.011,-0.0012,0.0067,-0.0077,1.175,0.1036
4692,4.692,-0.0123,0.0015,0.0156,-0.0069,0.213,-0.2852
4693,4.693,-0.0085,-0.0011,0.013,0.0026,-0.4133,-0.2165
4694,4.694,-0.0162,-0.0033,0.0155,0.0063,-0.3026,-0.2814
4695,4.695,-0.0171,-0.0013,0.0091,0.0053,-0.4069,-0.3401
4696,4.696,-0.0068,0.0029,0.0154,0.0083,-0.5015,-0.1822
4697,4.697,-0.0027,0,0.0398,-0.0002,-0.4172,-0.807
4698,4.698,-0.0015,0.0036,0.0302,-0.0012,-1.4235,-0.8927
4699,4.699,0.0042,0.0014,0.0274,-0.0003,-1.5615,-0.3504
4700,4.7,0.0032,-0.0034,0.0194,0.0061,-0.6882,0.1435
4701,4.701,0.0023,-0.0003,-0.0029,-0.0017,0.3343,0.2091
4702,4.702,0.0049,0.0002,-0.0117,0.0035,0.4742,0.2682
4703,4.703,0.0086,-0.0075,-0.0089,0.0062,0.6001,0.3216
4704,4.704,0.0066,-0.0019,-0.0065,-0.0016,0.4879,0.2739
4705,4.705,0.0108,0.0033,0.0001,-0.0089,0.3856,0.5798
4706,4.706,0.0125,-0.0031,-0.0062,0.0052,1.0411,1.0167
4707,4.707,0.0048,-0.0005,0.0216,-0.001,1.6375,0.4936
4708,4.708,-0.0008,0.0002,0.0493,0.0083,0.941,-0.0001
4709,4.709,-0.0018,0.0009,0.0819,0.01,-0.0916,-0.1938
4710,4.71,0.0046,-0.0007,0.0687,-0.004,-0.2316,-0.2531
4711,4.711,0.0071,0.0022,0.0248,-0.0096,-0.3579,-0.3066
4712,4.712,0.0018,0.0007,-0.0281,-0.0011,-0.4726,-0.259
4713,4.713,-0.0046,-0.0023,-0.0635,-0.0026,-0.3709,-0.3029
4714,4.714,0.0013,-0.0019,-0.1086,-0.0067,-0.6522,-0.8984
4715,4.715,0.0006,0.0016,-0.0794,-0.0029,-1.7594,-0.8136
4716,4.716,-0.0029,-0.0014,-0.0847,-0.0019,-1.3079,-0.1158
4717,4.717,-0.0124,-0.0017,-0.0216,-0.0009,-0.346,0.1669
4718,4.718,-0.0137,-0.002,-0.0131,-0.0054,0.2801,0.2536
4719,4.719,0.0028,-0.0017,-0.0366,-0.0079,0.3959,0.3319
4720,4.72,0.0095,-0.0033,-0.0437,-0.0085,0.5001,0.2624
4721,4.721,0.0075,-0.0064,-0.0373,0.0022,0.5945,0.1991
4722,4.722,0.0057,-0.0008,-0.0314,0.0038,0.3398,0.8386
4723,4.723,0.0075,0.003,-0.0154,0.0052,1.346,0.9242
4724,4.724,0.006,0.0009,0.0284,0.0115,1.4838,0.3819
4725,4.725,-0.0036,0.0026,0.046,0.0038,0.6102,-0.1119
4726,4.726,-0.0073,0.0009,0.0621,0.0028,-0.186,-0.3053
4727,4.727,0.0005,0.0035,0.0864,-0.0056,-0.2915,-0.248
4728,4.728,-0.0004,0.0023,0.1263,-0.0088,-0.5738,-0.3014
4729,4.729,-0.0068,-0.0006,0.1104,-0.0057,-0.4899,-0.2537
4730,4.73,-0.0146,0.003,0.0668,-0.0084,-0.4134,-0.5595
4731,4.731,-0.0115,0.0008,0.0139,0.0011,-0.9061,-1.076
4732,4.732,-0.0069,0.0047,-0.0216,0.0048,-1.7383,-0.5838
4733,4.733,-0.0043,0.0022,-0.054,0.0126,-0.9454,-0.0065
4734,4.734,-0.0021,0.0025,-0.0949,0.0031,-0.0158,0.2275
4735,4.735,0.0029,-0.0022,-0.1322,0.0019,0.3607,0.299
4736,4.736,-0.004,0.0008,-0.137,0.0052,0.4756,0.3639
4737,4.737,-0.0067,0.0084,-0.0797,-0.0001,0.5795,0.3065
4738,4.738,-0.0058,0.0094,0.0221,-0.0065,0.4868,0.3595
4739,4.739,0.0059,-0.001,0.0335,-0.0033,0.5707,0.991
4740,4.74,0.0112,0.0017,0.0196,-0.0059,1.6775,0.7512
4741,4.741,0.0105,0.0025,0.007,-0.0006,1.2257,0.182
4742,4.742,0.0047,0.0003,-0.0046,0.0058,0.2638,-0.2066
4743,4.743,0.0084,0.0023,-0.015,0.0015,-0.3623,-0.2782
4744,4.744,0.0006,-0.0007,-0.0246,0.0037,-0.4778,-0.343
4745,4.745,0.0037,-0.0036,-0.0162,0.0016,-0.5819,-0.2855
4746,4.746,0.0064,-0.0021,-0.0398,-0.0001,-0.4895,-0.2332
4747,4.747,0.0004,-0.0025,-0.0044,0.0004,-0.4053,-0.8577
4748,4.748,0.0027,-0.0089,0.0148,0.0051,-1.4117,-0.9434
4749,4.749,0.0047,-0.0192,0.0321,-0.0018,-1.5497,-0.4011
4750,4.75,0.0016,-0.0067,0.0374,-0.0045,-0.6764,0.0929
4751,4.751,-0.0036,-0.0016,0.0326,-0.0037,0.3461,0.2864
4752,4.752,-0.0016,-0.0001,0.0369,-0.0015,0.486,0.3451
4753,4.753,-0.0012,-0.0015,0.0728,0.002,0.6119,0.2929
4754,4.754,-0.01,-0.0027,0.1164,0.0062,0.4998,0.2453
4755,4.755,0.0038,-0.0083,0.1338,0.015,0.3974,0.5512
4756,4.756,-0.0018,-0.0135,0.1072,0.0087,0.8657,0.9881
4757,4.757,-0.0035,-0.0071,0.0539,0.0077,1.6325,0.5813
4758,4.758,0.0041,0.0023,-0.0102,0.0087,0.9117,-0.0016
4759,4.759,0.0026,0.0012,-0.0534,0.0002,-0.1209,-0.2355
4760,4.76,0.0063,0.0067,-0.0767,-0.0054,-0.261,-0.3069
4761,4.761,0.0095,0.0077,-0.0981,-0.0002,-0.3875,-0.3717
4762,4.762,0.0042,0.0069,-0.0918,-0.0105,-0.5021,-0.3142
4763,4.763,-0.0043,0.006,-0.051,-0.0175,-0.4004,-0.3674
4764,4.764,-0.0054,0.0038,-0.0459,-0.0164,-0.4946,-0.9922
4765,4.765,-0.0127,0.0045,-0.0123,-0.0267,-1.7722,-0.7375
4766,4.766,-0.0081,0.005,0.0448,-0.0281,-1.226,-0.1947
4767,4.767,-0.0124,0.0009,0.068,-0.0168,-0.3951,0.1584
4768,4.768,-0.013,0.0004,0.0324,-0.003,0.3619,0.2237
4769,4.769,-0.0111,0.0016,0.0129,0.0063,0.5009,0.2824
4770,4.77,-0.008,0.0019,-0.0047,0.0181,0.6266,0.3356
4771,4.771,-0.0052,0.0037,-0.0207,0.0074,0.5142,0.2877
4772,4.772,-0.0027,0.0027,-0.0451,0.0061,0.4116,0.8555
4773,4.773,0.0042,-0.0017,-0.076,-0.0028,1.4414,0.9332
4774,4.774,0.0032,0.0024,-0.0643,0.0004,1.5791,0.4403
4775,4.775,0.0023,-0.0024,-0.0608,-0.0069,0.4561,-0.1371
4776,4.776,-0.0036,0.0019,-0.031,-0.0096,-0.3009,-0.2162
4777,4.777,-0.0015,-0.001,0.0133,0.0015,-0.4409,-0.2876
4778,4.778,-0.0035,0.0015,0.0311,0.0154,-0.5671,-0.3523
4779,4.779,-0.0078,-0.0036,0.0156,0.0135,-0.4554,-0.1786
4780,4.78,-0.0037,-0.0071,0.0302,0.0085,-0.3535,-0.5486
4781,4.781,-0.0002,0.0024,0.0261,0.0039,-1.0092,-1.0777
4782,4.782,-0.0033,-0.0017,0.0223,0.0053,-1.7763,-0.5857
4783,4.783,-0.0021,-0.0005,0.0331,-0.0035,-0.8496,-0.0085
4784,4.784,0.0037,0.0027,0.0363,0.0021,0.0253,0.2253
4785,4.785,0.0062,-0.0025,0.0155,0.0031,0.3678,0.2967
4786,4.786,0.0024,0.0039,-0.0147,0.0039,0.4723,0.3615
4787,4.787,0.0059,0.0014,-0.0028,0.0082,0.5671,0.304
4788,4.788,0.0076,-0.0008,0.0081,0.0045,0.4829,0.3571
4789,4.789,0.0105,-0.0002,0.0115,0.008,0.5605,0.9818
4790,4.79,0.013,0.0056,0.0265,0.0075,1.6156,0.7269
4791,4.791,0.0133,0.0019,0.0293,0.0011,1.1638,0.184
4792,4.792,0.0085,0.0026,0.0666,0.007,0.2019,-0.1693
4793,4.793,0.0068,-0.0032,0.0719,0.0077,-0.4242,-0.2346
4794,4.794,0.0063,0.0005,0.0478,0.0084,-0.3134,-0.2934
4795,4.795,0.0028,-0.003,0.0081,0.0026,-0.4177,-0.3467
4796,4.796,0.0024,-0.0014,-0.0292,-0.0089,-0.5123,-0.2028
4797,4.797,0.0036,-0.0009,-0.0631,-0.0139,-0.4277,-0.7707
4798,4.798,0.0062,-0.0004,-0.0764,-0.0063,-1.4339,-1.0031
4799,4.799,0.0114,0.0008,-0.0565,-0.0049,-1.5717,-0.3693
4800,4.8,0.0121,0.0029,-0.0165,-0.0061,-0.6982,0.2285
4801,4.801,0.0101,0.0025,-0.0218,-0.0051,0.3245,0.3078
4802,4.802,0.0118,-0.0027,-0.0266,-0.0061,0.4647,0.2388
4803,4.803,0.0066,-0.0049,-0.0574,-0.007,0.5908,0.3039
4804,4.804,-0.0041,0.0029,-0.0454,0.0042,0.4789,0.2466
4805,4.805,-0.0056,-0.0023,-0.0124,0.0058,0.3767,0.5112
4806,4.806,0.004,-0.0014,0.001,0.0072,0.8453,1.0403
4807,4.807,0.0103,-0.0006,0.0051,0.006,1.6121,0.5485
4808,4.808,-0.0023,0.0047,0.0088,-0.0043,0.8916,-0.0282
4809,4.809,-0.0107,0.0027,0.012,-0.0139,0.0466,-0.2617
4810,4.81,-0.0123,-0.0015,0.0148,0.0001,-0.2959,-0.3327
4811,4.811,-0.0163,-0.0009,0.0284,0.002,-0.4004,-0.2692
4812,4.812,-0.0175,0.0006,0.0506,0.0105,-0.4951,-0.3275
4813,4.813,-0.0278,0.0003,0.0476,0.006,-0.4109,-0.2744
4814,4.814,-0.0209,0.0007,0.0394,-0.0009,-0.4885,-0.9947
4815,4.815,-0.0095,-0.0018,0.0467,0.0054,-1.5437,-0.6859
4816,4.816,-0.0202,-0.007,0.0533,-0.0002,-1.3935,-0.216
4817,4.817,0.0006,-0.0017,0.0596,-0.0032,-0.1573,0.2118
4818,4.818,-0.0022,0.0047,0.0578,0.0014,0.3434,0.2909
4819,4.819,0.0059,0.0005,0.0325,-0.001,0.4967,0.3623
4820,4.82,0.0083,-0.0032,0.0361,0.006,0.6353,0.2993
4821,4.821,0.0105,0.0005,0.0393,0.0145,0.5121,0.2422
4822,4.822,0.0004,0.0022,0.0364,0.0113,0.3996,0.8238
4823,4.823,-0.0014,0.0039,-0.0048,0.0019,1.3269,0.9019
4824,4.824,-0.003,0.0014,-0.093,-0.0119,1.4524,0.4095
4825,4.825,-0.0076,0.0011,-0.1814,-0.0138,0.6585,-0.1673
4826,4.826,-0.0089,0.0023,-0.2159,-0.0154,-0.2713,-0.2459
4827,4.827,0.005,-0.0034,-0.1638,-0.0139,-0.3986,-0.3168
4828,4.828,-0.0006,-0.0009,-0.1164,-0.0153,-0.5134,-0.2532
4829,4.829,0.0011,-0.0016,-0.0733,-0.0115,-0.6173,-0.1953
4830,4.83,-0.0034,-0.0036,-0.0188,-0.0012,-0.337,-0.5648
4831,4.831,0.0006,0.0006,0.0308,0.0029,-0.933,-1.0934
4832,4.832,0.0018,-0.0022,0.0499,0.0066,-1.7849,-0.6011
4833,4.833,0.0144,0.0025,0.0324,0.001,-0.992,-0.0237
4834,4.834,0.0161,-0.0032,0.0164,-0.0085,0.1439,0.2103
4835,4.835,0.0176,0.0005,0.0405,-0.0048,0.2976,0.2819
4836,4.836,0.0106,-0.0002,0.0449,-0.0016,0.4366,0.3467
4837,4.837,0.0094,0.0015,0.041,0.0015,0.5626,0.2894
4838,4.838,0.0104,0.001,0.0519,0.0042,0.4505,0.3427
4839,4.839,0.0031,-0.0025,0.0488,0.012,0.5539,0.9676
4840,4.84,0.0043,-0.0005,0.0416,0.0057,1.6557,0.7645
4841,4.841,-0.0021,0.0046,0.0267,0.0027,1.1884,0.1677
4842,4.842,-0.0116,0.0095,0.0292,0.0091,0.25,-0.221
4843,4.843,-0.0103,0.0064,0.0365,0.0065,-0.3758,-0.2924
4844,4.844,-0.0134,0.0081,0.0568,0.0058,-0.4911,-0.3571
4845,4.845,-0.0123,0.0023,0.0979,0.0009,-0.5948,-0.2997
4846,4.846,-0.0095,-0.0029,0.0804,0.0025,-0.5022,-0.2472
4847,4.847,-0.0085,-0.0036,0.0644,0.0054,-0.4178,-0.7758
4848,4.848,-0.0032,-0.0019,0.05,0.0038,-1.4239,-0.9872
4849,4.849,-0.0038,-0.0024,0.0281,0.008,-1.5616,-0.411
4850,4.85,-0.0021,-0.006,0.0082,0.0085,-0.6879,0.1324
4851,4.851,-0.0016,-0.0056,-0.0463,0.0006,0.3348,0.2044
4852,4.852,0.0042,-0.0028,-0.1168,-0.0097,0.4751,0.2693
4853,4.853,0.0035,0.003,-0.1263,-0.0057,0.6013,0.3278
4854,4.854,0.0128,-0.0013,-0.1178,-0.0094,0.4896,0.2753
4855,4.855,0.0191,0.004,-0.0945,-0.0151,0.3875,0.5156
4856,4.856,0.0135,0.0004,-0.0875,-0.012,0.8561,0.9962
4857,4.857,0.0062,-0.0001,-0.0553,-0.0129,1.6231,0.5484
4858,4.858,0.0035,-0.0042,-0.0261,-0.0258,0.9024,0.0236
4859,4.859,0.0043,-0.0026,0.0432,-0.0203,0.0571,-0.1892
4860,4.86,0.0005,-0.0077,0.0527,-0.0051,-0.2852,-0.2545
4861,4.861,-0.0002,-0.0042,0.0442,-0.0031,-0.3897,-0.4298
4862,4.862,0.0015,-0.0025,0.0366,0.0062,-0.4844,-0.3777
4863,4.863,-0.0014,-0.003,0.0155,0.0078,-0.4001,-0.3301
4864,4.864,-0.0072,0.0005,-0.0036,0.0063,-0.6324,-0.9855
4865,4.865,-0.0079,-0.0017,-0.0209,-0.0007,-1.6875,-0.7053
4866,4.866,-0.0059,0.0021,-0.0156,0.003,-1.2356,-0.1084
4867,4.867,-0.0002,-0.0047,-0.0108,0.002,-0.2739,0.28
4868,4.868,-0.0025,-0.0187,0.0201,-0.0011,0.3522,0.3514
4869,4.869,-0.0132,-0.0207,0.032,0.0073,0.4676,0.2881
4870,4.87,-0.0117,-0.004,0.0212,0.0083,0.5718,0.3466
4871,4.871,-0.0047,-0.0018,0.0244,0.0073,0.4792,0.294
4872,4.872,-0.001,0.0124,0.0216,0.0118,0.3947,0.8223
4873,4.873,0.0067,0.0105,0.019,0.0143,1.4008,0.8928
4874,4.874,0.0057,0.0122,0.0167,0.0165,1.5385,0.3164
4875,4.875,0.0083,0.0106,0.0234,0.0115,0.6651,-0.0726
4876,4.876,0.0058,0.0066,0.0294,0.0072,-0.1306,-0.2853
4877,4.877,0.0095,0.0103,0.0425,0.002,-0.4419,-0.3507
4878,4.878,0.0088,0.0047,0.068,0.0068,-0.5372,-0.2936
4879,4.879,0.0005,0.0037,0.0789,0.0138,-0.4536,-0.2414
4880,4.88,0.0016,-0.0009,0.0561,0.0111,-0.3771,-0.482
4881,4.881,0.0026,0.005,0.0233,0.0016,-0.8695,-1.0506
4882,4.882,0.0129,0.0028,0.0016,-0.0097,-1.8294,-0.5093
4883,4.883,0.0199,0.0063,-0.026,-0.0021,-0.8698,-0.0158
4884,4.884,0.0162,0.0033,-0.0804,-0.0117,0.0053,0.3054
4885,4.885,0.0106,0.0073,-0.0881,-0.0154,0.3482,0.2482
4886,4.886,0.0011,-0.0005,-0.095,-0.021,0.4529,0.3014
4887,4.887,-0.0051,-0.0015,-0.1012,-0.022,0.5475,0.2536
4888,4.888,-0.0084,0.0015,-0.013,-0.0098,0.4632,0.2973
4889,4.889,-0.0157,0.0007,0.0503,-0.0047,0.541,0.8926
4890,4.89,-0.0298,-0.0019,0.0619,-0.0001,1.596,0.8077
4891,4.891,-0.0524,0.0018,0.0098,0.0095,1.1444,0.1098
4892,4.892,-0.0612,-0.0046,-0.0376,0.0106,0.1826,-0.1731
4893,4.893,-0.0476,-0.0038,-0.029,0.0028,-0.4435,-0.2598
4894,4.894,-0.0405,-0.0016,-0.0369,0.0038,-0.3325,-0.3381
4895,4.895,-0.0294,-0.0036,-0.0298,0.0047,-0.437,-0.2688
4896,4.896,-0.0153,0.0033,-0.0364,0.0004,-0.5317,-0.2054
4897,4.897,0.0088,-0.0032,-0.0774,0.0042,-0.4473,-0.845
4898,4.898,0.0185,-0.0057,-0.0616,-0.0022,-1.4534,-0.9306
4899,4.899,0.0273,-0.0051,-0.0277,-0.003,-1.5915,-0.3884
4900,4.9,0.0245,-0.0058,0.0385,0.004,-0.7181,0.1055
4901,4.901,0.022,-0.0041,0.067,-0.0005,0.3045,0.2988
4902,4.902,0.0198,-0.0037,0.0756,0.0004,0.4444,0.3577
4903,4.903,0.0218,-0.0011,0.0677,0.0042,0.5705,0.3056
4904,4.904,0.0199,0.001,0.1031,0.0036,0.4586,0.258
4905,4.905,0.0182,0.0014,0.1223,-0.0033,0.3564,0.5637
4906,4.906,0.0167,-0.0012,0.0813,0.0013,1.0119,1.0007
4907,4.907,0.018,0.002,0.0119,0.0005,1.7787,0.5941
4908,4.908,0.0143,-0.0009,-0.0355,-0.0002,0.8518,0.0113
4909,4.909,0.0088,0.0034,-0.0786,-0.0008,-0.0231,-0.2225
4910,4.91,0.0058,0.0039,-0.0863,0.0009,-0.3656,-0.2939
4911,4.911,0.0067,-0.0019,-0.0933,-0.0007,-0.4705,-0.3587
4912,4.912,0.0093,0.0034,-0.0609,-0.0002,-0.5655,-0.3014
4913,4.913,0.01,0.0027,-0.0317,-0.0071,-0.4816,-0.3546
4914,4.914,0.0164,0.0022,0.0163,0.0045,-0.5596,-0.9793
4915,4.915,0.0155,-0.0018,0.0098,0.0061,-1.6153,-0.7245
4916,4.916,0.0118,-0.0013,-0.0078,0.0021,-1.164,-0.1817
4917,4.917,0.0069,-0.0035,0.0293,-0.0092,-0.2027,0.1718
4918,4.918,0.0012,-0.0007,0.005,-0.0045,0.4233,0.237
4919,4.919,-0.004,-0.0032,0.0007,-0.0004,0.5383,0.2959
4920,4.92,-0.0033,0.002,-0.0192,0.0059,0.4365,0.3492
4921,4.921,-0.0063,-0.0032,-0.0299,0.0069,0.5306,0.2053
4922,4.922,-0.008,0.0003,-0.0462,-0.0003,0.4455,0.7733
4923,4.923,-0.0044,-0.0039,-0.0313,0.0006,1.2964,1.0058
4924,4.924,-0.0074,0.0002,-0.0232,0.0031,1.41,0.3721
4925,4.925,-0.0139,-0.0013,-0.0109,0.0069,0.4815,-0.0555
4926,4.926,-0.026,-0.001,0.0093,-0.0025,-0.1449,-0.2893
4927,4.927,-0.0311,0.001,0.034,-0.0087,-0.2614,-0.3606
4928,4.928,-0.0266,-0.0025,0.0371,-0.012,-0.5723,-0.2974
4929,4.929,-0.0197,-0.0014,0.0283,-0.0047,-0.4806,-0.2399
4930,4.93,-0.0209,0.0015,0.0202,-0.002,-0.3968,-0.5043
4931,4.931,-0.0153,-0.0004,0.0274,0.0005,-0.9392,-1.0332
4932,4.932,-0.0123,0.0013,0.0251,-0.0033,-1.8548,-0.5413
4933,4.933,0.0017,0.0036,0.031,-0.0026,-0.9832,0.0358
4934,4.934,0.0118,-0.0006,0.0252,-0.0056,0.0386,0.2695
4935,4.935,0.0137,0.0011,0.0199,-0.0097,0.4523,0.3407
4936,4.936,0.012,-0.0007,0.0152,-0.0039,0.5783,0.2772
4937,4.937,0.0136,0.004,0.011,0.0076,0.4659,0.3356
4938,4.938,0.0123,-0.0017,0.0073,0.0228,0.5693,0.283
4939,4.939,0.0162,0.0005,0.0245,0.0329,0.4757,1.0036
4940,4.94,0.0131,0.0011,0.047,0.0348,1.5822,0.6951
4941,4.941,0.0225,0.0025,0.0595,0.0219,1.2136,0.1739
4942,4.942,0.0237,0.0041,0.0387,0.0033,0.1553,-0.2961
4943,4.943,0.0212,0.0058,0.0304,-0.0039,-0.2593,-0.2125
4944,4.944,0.0188,0.0073,0.0376,-0.0105,-0.3864,-0.2906
4945,4.945,0.0168,0.0031,0.0129,-0.0207,-0.5013,-0.3617
4946,4.946,0.0092,0.0014,-0.0367,-0.0226,-0.6055,-0.2983
4947,4.947,0.0063,0.0061,-0.1008,-0.0311,-0.3257,-0.8216
4948,4.948,0.0073,0.0044,-0.1439,-0.048,-1.4328,-1.033
4949,4.949,-0.0004,-0.0033,-0.1047,-0.0325,-1.5849,-0.3291
4950,4.95,-0.0033,0.004,-0.0548,-0.0224,-0.6242,0.1408
4951,4.951,-0.0117,0.0013,0.0038,-0.0131,0.2508,0.2275
4952,4.952,-0.0171,-0.0013,0.0117,0.0088,0.3667,0.3058
4953,4.953,-0.0243,-0.0019,0.0047,0.0116,0.471,0.3768
4954,4.954,-0.027,-0.004,0.0112,0.0089,0.5657,0.1854
4955,4.955,-0.0311,-0.0056,0.0169,0.0162,0.3111,0.4761
4956,4.956,-0.0333,-0.004,0.0329,0.0183,0.8529,1.0575
4957,4.957,-0.0352,-0.0097,0.0186,0.0122,1.6272,0.5158
4958,4.958,-0.0382,-0.0075,0.0054,0.0103,0.9066,0.022
4959,4.959,-0.0294,-0.0096,0.0093,0.0018,0.0611,-0.1716
4960,4.96,-0.0104,-0.0153,0.0201,0.0033,-0.2815,-0.2309
4961,4.961,0.0032,-0.0084,0.0366,0.0102,-0.386,-0.2844
4962,4.962,0.0205,0.0001,0.0515,0.0039,-0.481,-0.3331
4963,4.963,0.0183,-0.0009,0.0158,-0.0065,-0.3969,-0.2898
4964,4.964,0.0162,0.0106,0.04,-0.0135,-0.4747,-0.8853
4965,4.965,0.0144,0.003,0.0357,-0.0123,-1.5299,-0.8007
4966,4.966,0.0093,0.0043,-0.0083,-0.0021,-1.3799,-0.1031
4967,4.967,0.0047,0.0055,-0.0493,0.0076,-0.1436,0.1796
4968,4.968,0.0033,0.0065,-0.0866,0.0038,0.3571,0.266
4969,4.969,0.0044,0.0055,-0.101,0.0048,0.5105,0.3441
4970,4.97,0.01,0.0009,-0.0612,0.01,0.6491,0.2746
4971,4.971,0.0214,0.0001,-0.0025,0.0109,0.5255,0.211
4972,4.972,0.0229,0.0038,0.0209,0.0151,0.4129,0.7342
4973,4.973,0.0242,-0.0026,0.0139,0.0066,1.3401,0.9455
4974,4.974,0.0304,-0,0.0334,0.0122,1.4655,0.3696
4975,4.975,0.0271,0.0022,0.0277,0.0132,0.6717,-0.1739
4976,4.976,0.03,0.0057,0.0118,0.0047,-0.2582,-0.2456
4977,4.977,0.0254,0.0027,0.007,-0.0078,-0.3852,-0.3105
4978,4.978,0.0124,-0.0013,-0.0062,-0.0028,-0.4997,-0.2531
4979,4.979,0.0067,-0.0008,-0.0024,0.011,-0.6038,-0.2007
4980,4.98,0.0117,-0.003,0.0304,0.0092,-0.3237,-0.537
4981,4.981,0.0132,-0.0018,0.0436,-0.0061,-0.9197,-1.0177
4982,4.982,0.0062,0.0033,0.0318,-0.0245,-1.7714,-0.57
4983,4.983,-0.0052,0.004,0.0137,-0.0318,-0.9783,0.0711
4984,4.984,-0.0192,0.0045,-0.0027,-0.0252,-0.0484,0.3283
4985,4.985,-0.0471,-0.0007,-0.0297,-0.0068,0.3286,0.2523
4986,4.986,-0.0912,-0.0042,-0.0551,0.0055,0.4441,0.3232
4987,4.987,-0.0738,-0.0037,-0.085,0.0121,0.5485,0.2599
4988,4.988,-0.0898,-0.0041,-0.0491,0.0061,0.456,0.3184
4989,4.989,-0.0945,-0.0036,0.0041,-0.0032,0.542,1.0054
4990,4.99,-0.0638,-0.0005,0.0396,-0.0049,1.7032,0.7252
4991,4.991,-0.036,-0.0002,0.072,-0.0034,1.2064,0.1282
4992,4.992,-0.0032,-0.0037,0.0545,-0.0047,0.1488,-0.2603
4993,4.993,0.0099,0.0033,0.0492,0.004,-0.2654,-0.1914
4994,4.994,0.0298,0.0086,0.0152,0.0143,-0.392,-0.2559
4995,4.995,0.0405,0.004,-0.0155,0.0129,-0.5062,-0.3143
4996,4.996,0.0436,-0.0019,-0.0594,0.0092,-0.6101,-0.2616
4997,4.997,0.0464,-0.0025,-0.0652,0.0102,-0.3297,-0.7901
4998,4.998,0.0381,-0.0005,-0.0386,0.0071,-1.4363,-1.0011
4999,4.999,0.0307,0,-0.0144,0.0007,-1.5877,-0.4247
5000,5,0.0284,0.0018,0.0163,-0.0018,-0.6267,0.1191
5001,5.001,0.0222,-0.003,0.0363,0.0004,0.2491,0.1913
5002,5.002,0.0239,-0.0013,0.0693,-0.0031,0.3654,0.2564
5003,5.003,0.0153,0.0004,0.0474,-0.0088,0.4701,0.3154
5004,5.004,0.0076,0.0052,0.0115,-0.0157,0.5652,0.2634
5005,5.005,-0.0022,0.001,-0.0223,-0.011,0.3111,0.5039
5006,5.006,-0.0011,0.005,-0.0442,0.0018,0.8532,1.0724
5007,5.007,0.0044,0.0045,-0.056,0,1.7682,0.5312
5008,5.008,0.0054,0.0049,-0.0524,0.0051,0.8962,0.0377
5009,5.009,0.0139,-0.0015,-0.0425,0.0036,-0.1257,-0.2836
5010,5.01,0.0106,-0.0042,0.0025,0.005,-0.2653,-0.2265
5011,5.011,0.0034,0.0017,0.0476,0.0163,-0.3915,-0.28
5012,5.012,0.0025,-0.002,0.0301,0.0118,-0.5057,-0.3284
5013,5.013,-0.0034,-0.0013,0.0352,0.0021,-0.4036,-0.285
5014,5.014,-0.0041,0.0018,0.0593,-0.0016,-0.4973,-0.8806
5015,5.015,-0.0047,0.0001,0.0723,-0.0187,-1.7743,-0.7958
5016,5.016,-0.0077,-0.0004,0.0523,-0.0114,-1.2275,-0.098
5017,5.017,-0.0048,0.0008,0.0121,-0.0092,-0.3961,0.1847
5018,5.018,-0.0083,-0.0012,-0.0038,-0.0112,0.3611,0.2713
5019,5.019,-0.004,-0.007,-0.0182,-0.013,0.5009,0.3495
5020,5.02,0.0001,-0.0027,-0.0579,-0.0045,0.6268,0.28
5021,5.021,-0.0004,-0.008,-0.0738,0.0001,0.5149,0.2163
5022,5.022,0.0027,-0.0044,-0.0784,0.0014,0.4128,0.7396
5023,5.023,0.0056,-0.0014,-0.0122,0.0052,1.2556,0.951
5024,5.024,0.0082,-0.0031,0.0733,0.002,1.5963,0.3752
5025,5.025,0.0079,-0.0016,0.0849,0.0051,0.6686,-0.1682
5026,5.026,0.0096,0.0014,0.0538,0.006,-0.2066,-0.2401
5027,5.027,0.011,0.0034,0.0444,0.0069,-0.3224,-0.3049
5028,5.028,0.0082,0.0015,0.0013,0.0062,-0.4265,-0.3635
5029,5.029,0.0031,-0.0009,-0.0064,0.0055,-0.5209,-0.2055
5030,5.03,0.0012,-0.0039,-0.0135,0.0038,-0.4366,-0.5419
5031,5.031,-0.0018,-0.0043,-0.0458,-0.0026,-0.9784,-1.1101
5032,5.032,-0.0013,0.001,-0.0632,-0.0017,-1.7525,-0.5686
5033,5.033,-0.0038,0.0016,-0.0366,0.0019,-1.0319,0.0662
5034,5.034,-0.0089,-0.0004,0.0361,0.0026,0.0011,0.3231
5035,5.035,-0.0138,0.0001,0.0464,-0.0016,0.4153,0.2469
5036,5.036,-0.0143,-0.0075,0.0178,-0.0069,0.5419,0.3177
5037,5.037,-0.0138,-0.0002,-0.0082,-0.0048,0.4303,0.2541
5038,5.038,-0.0112,-0.0067,-0.0475,0.0022,0.5343,0.3122
5039,5.039,-0.0051,-0.0024,-0.0263,0.0013,0.6285,0.9989
5040,5.04,-0.0025,-0.0018,0.006,0.0039,1.7357,0.7184
5041,5.041,-0.0002,0.0031,0.0116,0.0061,1.2843,0.1213
5042,5.042,-0.0014,0.0016,-0.0098,0.0052,0.2868,-0.2149
5043,5.043,0.0094,0.001,-0.0579,0.0088,-0.4014,-0.294
5044,5.044,0.0081,0.0051,-0.0903,-0.0007,-0.2787,-0.3653
5045,5.045,0.0069,0.0003,-0.0729,-0.0103,-0.6197,-0.3023
5046,5.046,0.0034,0.0008,-0.057,-0.0065,-0.5179,-0.245
5047,5.047,0.0068,0.0025,-0.0231,-0.0032,-0.4247,-0.8265
5048,5.048,0.0017,-0.0043,0.0256,-0.0147,-1.3609,-0.9045
5049,5.049,0.0083,0.0021,0.0194,-0.007,-1.7352,-0.4121
5050,5.05,0.0179,0.0064,0.0021,-0.0084,-0.7144,0.165
5051,5.051,0.0117,0.0041,0.0181,0.0004,0.2487,0.2436
5052,5.052,0.004,0.0021,0.0229,0.0082,0.3764,0.3144
5053,5.053,-0.0054,0.0051,0.0274,0.0113,0.4915,0.3787
5054,5.054,-0.0141,0.001,0.0236,0.014,0.596,0.2046
5055,5.055,-0.0197,0.0026,0.0272,0.0114,0.5035,0.4685
5056,5.056,-0.0207,0.0003,0.0304,0.0045,0.9297,0.9971
5057,5.057,-0.0198,0.0051,0.0392,0.0072,1.627,0.6453
5058,5.058,-0.0103,-0.0044,0.0419,-0.0006,0.9721,0.0678
5059,5.059,0.0062,-0.0058,0.0691,0.0004,0.0333,-0.1663
5060,5.06,0.0084,-0.0021,0.0655,0.0013,-0.3429,-0.2381
5061,5.061,0.0064,0.0011,0.0557,0.0055,-0.4577,-0.303
5062,5.062,0.0082,0.0041,0.0646,0.0018,-0.5617,-0.2459
5063,5.063,-0.0002,0.0014,0.0399,-0.0003,-0.4687,-0.2994
5064,5.064,-0.0141,0.0056,0.0101,-0.0045,-0.5541,-1.0205
5065,5.065,-0.0197,0.0063,-0.026,-0.0086,-1.7149,-0.7125
5066,5.066,-0.0248,0.0043,-0.0793,-0.0019,-1.2181,-0.2437
5067,5.067,-0.0203,-0.0015,-0.0722,-0.016,-0.4623,0.1834
5068,5.068,-0.0022,0.0022,-0.0916,-0.0099,0.5005,0.2616
5069,5.069,0.0101,-0.0027,-0.0507,-0.0119,0.3782,0.3323
5070,5.07,0.0122,0.0042,-0.0242,-0.0035,0.4929,0.2686
5071,5.071,0.0142,0.0051,0.0095,-0.0141,0.5969,0.0942
5072,5.072,0.0123,0.0026,0.0139,-0.0155,0.3166,0.6751
5073,5.073,0.0071,0.0048,0.0099,-0.0118,1.2532,0.9073
5074,5.074,0.0025,0.0012,-0.0008,0.003,1.6277,0.4143
5075,5.075,0.0011,-0.0005,-0.0039,0.0091,0.6069,-0.1634
5076,5.076,-0.0078,-0.0033,-0.0187,0.0035,-0.3558,-0.2427
5077,5.077,-0.0111,0.0002,-0.0269,0.0018,-0.4832,-0.3141
5078,5.078,-0.008,-0.002,-0.0098,0.0094,-0.3718,-0.3791
5079,5.079,-0.0035,-0.0058,0.0235,0.0081,-0.4759,-0.2056
5080,5.08,0.0024,-0.0084,0.028,0.0069,-0.3832,-0.47
5081,5.081,0.0061,-0.0095,0.0146,0.0101,-0.8095,-1.0952
5082,5.082,0.0081,-0.0143,0.0026,0.0028,-1.8164,-0.4996
5083,5.083,0.0076,-0.016,0.028,0.0001,-0.857,0.0436
5084,5.084,0.0093,-0.0071,0.051,0.0078,0.0179,0.2561
5085,5.085,0.0109,-0.0008,0.0601,0.0088,0.3603,0.3211
5086,5.086,0.0048,-0.0018,0.0522,-0.0016,0.465,0.3795
5087,5.087,-0.0012,0.0012,0.0151,0.0024,0.5598,0.3272
5088,5.088,0.0057,0.0058,0.0204,0.0087,0.4754,0.2792
5089,5.089,0.0029,0.0067,0.0543,-0.0017,0.5531,0.9345
5090,5.09,0.002,0.0089,0.0324,-0.0087,1.6082,0.8413
5091,5.091,-0.0002,-0.0018,0.0125,-0.0025,1.1565,0.2442
5092,5.092,-0.0009,0.0059,-0.0275,0.0007,0.1946,-0.1446
5093,5.093,-0.0052,0.0018,-0.0755,-0.0151,-0.182,-0.2161
5094,5.094,-0.0105,0.003,-0.082,-0.0263,-0.2976,-0.2808
5095,5.095,-0.0126,-0.0025,-0.1113,-0.0162,-0.6077,-0.3394
5096,5.096,-0.0044,0.0006,-0.1272,-0.0032,-0.5154,-0.2869
5097,5.097,-0.0012,-0.0021,-0.1319,-0.0083,-0.431,-0.8153
5098,5.098,0.006,0.0038,-0.0656,-0.0038,-1.2826,-1.0265
5099,5.099,0.0051,0.0045,0.02,0.0058,-1.6233,-0.3223
5100,5.1,-0.0045,-0.0004,0.0317,0.0046,-0.6956,0.1479
5101,5.101,-0.0033,0.0002,0.0217,0.0036,0.1797,0.2349
5102,5.102,0.0022,0.0054,0.0125,0.0066,0.2958,0.3133
5103,5.103,-0.0009,0.0034,0.0214,0.0039,0.606,0.3844
5104,5.104,-0.0002,0.0018,0.0139,0.0081,0.5137,0.1934
5105,5.105,0.0006,0.0035,0.0354,0.0059,0.4294,0.4843
5106,5.106,-0.0016,0.002,0.0291,-0.0005,0.8168,1.066
5107,5.107,-0.0023,0.0017,0.035,0.0089,1.7318,0.5246
5108,5.108,0.0007,0.0037,0.0298,0.0126,0.8595,0.0313
5109,5.109,0.0036,0.0019,0.0346,0.0094,0.064,-0.2897
5110,5.11,0.0051,-0.0004,0.0391,0.0042,-0.2476,-0.2324
5111,5.111,-0.001,-0.0034,0.0352,-0.0022,-0.5304,-0.2855
5112,5.112,0.0015,-0.0044,0.0387,-0.0013,-0.4467,-0.3337
5113,5.113,-0.0023,-0.004,0.0289,0.0071,-0.525,-0.2897
5114,5.114,0.0012,-0.0023,0.02,0.0082,-0.4553,-0.885
5115,5.115,0.0042,-0.006,0.0173,0.0155,-1.4148,-0.8
5116,5.116,0.0117,-0.0025,0.0048,0.0109,-1.2786,-0.1018
5117,5.117,0.0212,0.0026,-0.0019,0.0067,-0.1548,0.1811
5118,5.118,0.0174,0.0006,0,0.009,0.3004,0.2682
5119,5.119,0.0184,0.0001,-0.0094,0.0041,0.4402,0.3468
5120,5.12,0.0154,-0.0028,-0.0248,-0.0042,0.5663,0.278
5121,5.121,0.0108,-0.0022,-0.0229,-0.0052,0.4543,0.2151
5122,5.122,0.005,0.0028,-0.0397,-0.0041,0.3523,0.7387
5123,5.123,0.0043,0.0035,-0.0285,-0.0125,1.3824,0.9503
5124,5.124,-0.0064,0.0005,0.0022,-0.018,1.5204,0.3748
5125,5.125,-0.0139,0.0022,0.0507,-0.019,0.6475,-0.1681
5126,5.126,-0.0208,0.0047,0.135,-0.0125,-0.1484,-0.2394
5127,5.127,-0.0145,-0.0014,0.1236,-0.0082,-0.4598,-0.3038
5128,5.128,-0.0248,0.0028,0.0925,-0.0088,-0.555,-0.3621
5129,5.129,-0.0316,-0.0009,0.0263,-0.0081,-0.4708,-0.2038
5130,5.13,-0.0429,0.0011,-0.0512,-0.0038,-0.3939,-0.5398
5131,5.131,-0.0383,-0.0006,-0.0823,0.0039,-0.8863,-1.1075
5132,5.132,-0.0396,-0.0035,-0.1105,0.0029,-1.8459,-0.5655
5133,5.133,-0.0206,-0.0093,-0.1536,0.0057,-0.8863,0.0696
5134,5.134,0.0041,0.0007,-0.1145,0.0049,-0.0111,0.327
5135,5.135,0.014,0.0047,-0.0503,0.0119,0.3315,0.2512
5136,5.136,0.0228,0.0059,-0.0417,0.0146,0.4363,0.3225
5137,5.137,0.0255,-0.0019,-0.0184,0.012,0.5312,0.2593
5138,5.138,0.0182,-0.0029,0.0171,0.0127,0.4471,0.3179
5139,5.139,0.0203,0.0035,0.0234,0.0021,0.5249,1.0049
5140,5.14,0.0264,-0.0024,0.0174,0.0006,1.5801,0.7247
5141,5.141,0.0208,-0.0031,0.0224,0.0047,1.1284,0.1279
5142,5.142,0.0224,0.0047,0.056,-0.004,0.1666,-0.2606
5143,5.143,0.0148,-0.0014,0.0484,-0.0033,-0.3076,-0.2347
5144,5.144,0.0132,-0.0045,0.0173,0.007,-0.4341,-0.3057
5145,5.145,0.0119,0.0019,0.0131,0.0057,-0.5484,-0.3702
5146,5.146,0.0056,-0.0007,-0.0125,0.002,-0.4468,-0.1964
5147,5.147,0.0024,-0.0014,-0.0224,-0.0058,-0.3541,-0.7777
5148,5.148,0.0014,0.0006,-0.0495,-0.0068,-1.2906,-1.0103
5149,5.149,0.0007,-0.0052,-0.0895,-0.0076,-1.6651,-0.3768
5150,5.15,-0.0018,-0.003,-0.0841,-0.0084,-0.6446,0.221
5151,5.151,0.0005,-0.0051,-0.0306,-0.0106,0.3181,0.3
5152,5.152,-0,-0.0009,-0.0091,-0.0057,0.4455,0.2306
5153,5.153,-0.0094,-0.0004,0.0233,0.0038,0.5603,0.2952
5154,5.154,-0.0246,-0.0029,0.0292,0.0078,0.4589,0.2375
5155,5.155,-0.0225,-0.0099,0.024,0.0166,0.366,0.5016
5156,5.156,-0.0206,-0.0214,0.0289,-0.0005,0.9622,1.0303
5157,5.157,-0.0087,-0.0139,0.0509,-0.0177,1.6592,0.5381
5158,5.158,-0.001,-0.007,0.0627,-0.02,1.004,-0.0392
5159,5.159,0.0087,0.0069,0.0663,-0.0139,0.0649,-0.2731
5160,5.16,0.02,0.0013,0.0432,-0.0158,-0.3115,-0.3446
5161,5.161,0.0185,0.0131,0.0344,-0.0142,-0.4266,-0.4093
5162,5.162,0.0226,0.0115,0.0206,-0.0127,-0.5307,-0.2358
5163,5.163,0.0163,0.0074,0.0082,-0.0031,-0.4382,-0.2891
5164,5.164,0.0107,0.0036,0.0059,0.0031,-0.5239,-1.01
5165,5.165,0.0077,0.0068,0.0038,0.0063,-1.685,-0.7018
5166,5.166,-0.0008,0.0015,-0.0019,0.001,-1.1882,-0.2327
5167,5.167,-0.0018,0.0023,0.0233,0.0037,-0.4327,0.1949
5168,5.168,-0.0175,-0.0036,0.0485,0.0114,0.2556,0.1189
5169,5.169,-0.0287,0.0001,0.0646,0.0061,0.3824,0.1899
5170,5.17,-0.0226,0.0007,0.0194,-0.0044,0.4966,0.3823
5171,5.171,-0.0096,0.0049,-0.0392,-0.0058,0.6002,0.3244
5172,5.172,-0.0046,0.0044,-0.0316,0.0004,0.3195,0.8
5173,5.173,-0.0153,0.0059,-0.0531,-0.0006,1.2558,0.9923
5174,5.174,-0.0334,0.0029,-0.0468,0.0066,1.63,0.3524
5175,5.175,-0.0261,0.0057,-0.041,0.0001,0.6089,-0.0753
5176,5.176,-0.024,0.0015,-0.0569,0.0043,-0.0797,-0.1543
5177,5.177,-0.022,0.002,-0.0614,0.0049,-0.4565,-0.2254
5178,5.178,-0.0053,0.0067,-0.0394,0.0013,-0.5716,-0.2901
5179,5.179,0.0103,0.0024,-0.0275,0.0017,-0.4703,-0.2324
5180,5.18,0.0123,0.0029,-0.0458,-0.0036,-0.3778,-0.4967
5181,5.181,0.0141,0.0014,-0.0096,-0.0114,-0.804,-1.0255
5182,5.182,0.0158,-0.0037,0.0241,0.0043,-1.811,-0.5334
5183,5.183,0.0203,-0.0044,0.0108,0.0154,-0.8518,0.0438
5184,5.184,0.0273,-0.0014,0.0305,0.0175,0.023,0.2777
5185,5.185,0.0236,-0.0009,0.0339,0.023,0.3654,0.3491
5186,5.186,0.0226,0.0007,0.037,0.0145,0.47,0.2859
5187,5.187,0.0216,-0.0015,0.0578,-0.0024,0.5647,0.3444
5188,5.188,0.0208,0.0049,0.0825,-0.0317,0.4803,0.292
5189,5.189,0.0165,-0.0015,0.0793,-0.0278,0.5579,1.0127
5190,5.19,0.0187,-0.0007,0.0822,-0.0098,1.6129,0.7045
5191,5.191,0.0122,-0,0.0741,0.0066,1.161,0.2352
5192,5.192,0.0044,-0.0007,0.0369,-0.0023,0.1992,-0.1921
5193,5.193,-0.0009,-0.0037,0.0103,0.0004,-0.4268,-0.2709
5194,5.194,-0.0132,0.0015,-0.0334,0.0027,-0.316,-0.3418
