Frame,Time,EMG_1,EMG_2,EMG_3,EMG_4,EMG_5,EMG_6
0,0,-0.0074,-0.0008,-0.0057,0.0059,0.0369,-0.017
1,0.001,-0.0105,-0.0029,-0.011,0.0017,0.2741,0.548
2,0.002,-0.0094,-0.0007,-0.0104,0.0012,0.2996,0.6084
3,0.003,-0.0067,-0.0023,-0.0011,-0.0013,0.2626,0.6604
4,0.004,-0.0058,-0.0039,0.0001,0.0037,0.2822,0.7054
5,0.005,-0.0035,-0.0063,-0.0063,0.0017,0.2016,0.6291
6,0.006,-0.0055,-0.002,-0.0032,0.0012,0.3059,0.6633
7,0.007,0.0003,-0.0014,-0.0004,-0.0004,0.5203,1.1689
8,0.008,0.0024,0.0034,0.0022,0.0001,0.3629,0.9372
9,0.009,0.0031,0.0004,0.0011,0.0024,0.1123,0.4715
10,0.01,0.0036,0.001,0.0046,-0.0015,0.0734,0.1655
11,0.011,0.0007,0.0016,-0.0048,-0.0081,0.0381,0.0984
12,0.012,-0.0018,0.0047,-0.0013,-0.0053,0.0059,0.037
13,0.013,-0.0029,-0.0016,0.0018,-0.001,-0.0233,-0.0192
14,0.014,-0.0026,0.003,0.0046,-0.0003,-0.0057,0.0866
15,0.015,0.0032,0.0022,0.0107,-0.001,-0.2729,-0.3915
16,0.016,0.0023,0.003,0.0182,-0.004,-0.168,-0.7178
17,0.017,0.0045,-0.0018,0.0149,-0.0034,0.0573,-0.2041
18,0.018,-0.0019,-0.0001,0.0119,-0.0018,0.1417,0.2759
19,0.019,0.0006,-0.0016,0.0005,0.0004,0.1636,0.454
20,0.02,-0.003,0.001,0.0049,-0.0008,0.1826,0.4977
21,0.021,0.0034,0.0007,-0.0022,-0.0018,0.1994,0.4313
22,0.022,0.0008,-0.0012,-0.0035,-0.0014,0.1335,0.3703
23,0.023,0.0061,-0.0021,0.0019,0.0003,0.3677,0.5744
24,0.024,0.0011,-0.0031,-0.0013,0.0028,0.3939,1.0731
25,0.025,0.0028,-0.002,0.0012,0.0018,0.18,0.567
26,0.026,0.0011,-0.0049,0.0002,-0.0018,-0.0136,0.1083
27,0.027,-0.0004,-0.0028,0.007,0.0004,-0.0415,-0.0751
28,0.028,-0,-0.0017,0.0114,-0.0006,-0.0666,-0.1357
29,0.029,0.0064,-0.0013,0.012,0.0014,-0.0894,-0.1904
30,0.03,0.0036,0.0011,0.0066,-0.0011,-0.0733,-0.1531
31,0.031,-0.0023,-0.0007,0.0113,-0.0007,-0.1923,-0.1984
32,0.032,0.003,0.0022,0.0116,-0.0031,-0.3607,-0.7411
33,0.033,0.0009,-0.002,0.0131,-0.0017,-0.1601,-0.6654
34,0.034,-0.0007,-0.0036,0.0114,-0.0045,0.0278,-0.0368
35,0.035,-0.0012,0.0012,0.0062,-0.0027,0.0993,0.2129
36,0.036,-0.0047,-0.0018,0.0067,-0.0023,0.1191,0.2837
37,0.037,-0.0059,0.0023,0.0024,-0.0073,0.1367,0.347
38,0.038,-0.0062,-0.0054,0.0017,-0.0178,0.1159,0.2769
39,0.039,-0.0004,-0.0064,-0.0041,-0.0101,0.1302,0.2134
40,0.04,0.0021,-0.0033,-0.0048,-0.006,0.356,0.6807
41,0.041,0.0014,-0.0041,-0.0126,0.0052,0.2546,0.8637
42,0.042,0.0035,0.0019,-0.0073,0.0006,0.044,0.3345
43,0.043,0.0077,-0.0003,-0.0082,0.0019,-0.0924,-0.1606
44,0.044,-0.0011,0.0017,-0.004,0.0031,-0.1173,-0.2263
45,0.045,0.0051,0.0012,0.0012,0.004,-0.1396,-0.2849
46,0.046,0.0041,-0.0075,0.0005,0.007,-0.1191,-0.2324
47,0.047,-0.0011,-0.0037,-0.0037,0.0078,-0.1005,-0.1843
48,0.048,0.0016,0.0019,-0.0032,0.0035,-0.3175,-0.401
49,0.049,-0.0009,-0.0054,-0.0027,0.0056,-0.3454,-0.9122
50,0.05,-0.0031,-0.0026,-0.0038,0.0091,-0.1006,-0.5573
51,0.051,-0.0024,0.0016,-0.0041,0.0095,0.0638,0.0197
52,0.052,-0.004,-0.0006,-0.0097,0.0042,0.0937,0.2521
53,0.053,-0.0023,-0.0041,-0.0122,0.0021,0.1205,0.182
54,0.054,-0.0007,-0.0011,-0.0021,-0.0073,0.1444,0.2452
55,0.055,0.0023,0.0006,-0.0007,-0.0113,0.0769,0.3019
56,0.056,-0.0015,0.0002,-0.0069,-0.0076,0.2179,0.2481
57,0.057,-0.003,0.0024,-0.0036,-0.0065,0.3824,0.7723
58,0.058,-0.0033,0.0052,0.0017,-0.0013,0.2243,0.6985
59,0.059,0.0015,0.001,0.0044,0.0014,-0.0002,0.1214
60,0.06,-0.0002,0.0027,0.0053,0.0038,-0.0897,-0.1116
61,0.061,-0.0053,-0.004,0.006,0.0045,-0.1165,-0.1819
62,0.062,-0.0018,-0.0032,0.0096,0.0064,-0.1405,-0.2449
63,0.063,-0.0059,-0.0023,0.0038,0.0047,-0.1178,-0.3018
64,0.064,-0.0054,0.0014,0.006,0.0041,-0.1374,-0.143
65,0.065,0.0024,0.0007,0.004,0.0056,-0.3761,-0.6678
66,0.066,0.0056,0.0012,0.0057,0.0077,-0.2763,-0.874
67,0.067,0.0066,0.0029,0.0052,0.0064,-0.0668,-0.2964
68,0.068,-0.0037,-0.0018,0.0077,0.0013,0.1229,0.0916
69,0.069,-0.005,-0.0049,0.0017,-0.0022,0.0983,0.1625
70,0.07,0.0038,0.0039,-0.0025,0.0008,0.1202,0.2263
71,0.071,0.0048,0.0076,-0.0031,-0.0056,0.1399,0.2836
72,0.072,0.0017,0.0044,-0.0066,-0.015,0.0841,0.23
73,0.073,0.0025,0.0074,-0.0035,-0.0137,0.3347,0.468
74,0.074,0.0033,0.0081,-0.0039,-0.0126,0.3689,0.857
75,0.075,0.0011,0.0056,-0.0023,-0.0073,0.1381,0.485
76,0.076,-0.0009,0.0033,-0.0011,0.003,-0.0709,0.051
77,0.077,-0.0014,-0.0016,0.0029,0.0016,-0.0981,-0.2398
78,0.078,0.0003,-0.0021,-0.0006,0.0028,-0.1224,-0.2921
79,0.079,-0.0012,0.0043,-0.0017,0.0018,-0.1443,-0.2435
80,0.08,-0.0009,-0.0016,0.0003,0.0028,-0.0832,-0.2862
81,0.081,0.0011,-0.0023,0.0061,0.0036,-0.2118,-0.2456
82,0.082,0.0021,-0.0016,0.0052,0.0045,-0.3951,-0.783
83,0.083,0.0017,-0.0011,0.003,0.0038,-0.2216,-0.7025
84,0.084,-0.0007,0.003,0.0066,0.0044,0.0254,-0.0682
85,0.085,0,-0.0006,0.0035,0.0002,0.1238,0.1879
86,0.086,-0.001,-0.0012,0.004,0.0054,0.1132,0.237
87,0.087,-0.0022,-0.0001,0.0011,0.0019,0.1424,0.3136
88,0.088,0.0015,0.0038,0.0046,-0.0023,0.1149,0.2428
89,0.089,0.0009,0.0002,0.0049,0.003,0.1388,0.1783
90,0.09,-0.0021,-0.0001,-0.0016,0.005,0.3835,0.698
91,0.091,-0.0033,-0.0021,-0.0024,0.0067,0.2837,0.7649
92,0.092,-0.0051,-0.0025,-0.0016,0.0015,0.0146,0.3154
93,0.093,-0.0034,-0.0077,-0.0038,-0.0033,-0.0938,-0.0924
94,0.094,-0.0024,-0.0055,-0.0073,-0.0037,-0.1266,-0.251
95,0.095,0.0001,-0.0005,-0.009,-0.0053,-0.1559,-0.3942
96,0.096,0.0018,-0.0011,-0.0095,0.0005,-0.1285,-0.3496
97,0.097,0,-0.0016,-0.0142,-0.0017,-0.1036,-0.2299
98,0.098,-0.0007,0.002,-0.021,-0.0009,-0.3039,-0.4085
99,0.099,-0.0046,-0.0022,-0.0201,-0.0014,-0.3296,-0.8968
100,0.1,-0.0122,-0.0006,-0.0089,-0.0009,-0.1071,-0.5429
101,0.101,-0.0111,0.002,-0.0074,-0.0043,0.0424,0.0338
102,0.102,-0.0066,-0.0041,-0.0061,-0.0001,0.1236,0.2664
103,0.103,-0.0041,-0.0083,0.0027,0.0005,0.1478,0.3362
104,0.104,-0.0019,-0.0135,0.0037,0.004,0.1252,0.2717
105,0.105,0.0045,-0.0057,0.0046,0.001,0.1046,0.3286
106,0.106,0.0053,-0.0004,0.0054,-0.0019,0.2332,0.275
107,0.107,0.0059,0.0023,0.0012,0.0032,0.4165,0.8
108,0.108,0.0023,0.0031,-0.0011,0.0025,0.1938,0.727
109,0.109,0.0018,-0.0021,0.0038,-0.0017,-0.0153,0.1498
110,0.11,0.0058,-0.0001,0.0079,-0.0011,-0.0968,-0.2377
111,0.111,0.0053,0.0016,0.0154,0.0024,-0.1213,-0.1681
112,0.112,0.0055,0.0021,0.0163,0.0013,-0.1434,-0.2318
113,0.113,0.0043,0.0006,0.0135,0.0009,-0.1632,-0.2893
114,0.114,0.0046,0.0018,0.0159,0.0006,-0.1443,-0.2359
115,0.115,0.0069,0.0073,0.0136,0.0023,-0.3951,-0.6656
116,0.116,0.0059,0.0021,0.0057,0.0026,-0.286,-0.8368
117,0.117,0.0016,0.0041,-0.0038,0.0007,-0.0556,-0.3594
118,0.118,-0.0053,-0.0001,-0.0075,-0.0031,0.0937,0.0893
119,0.119,-0.0026,0.0015,-0.0131,-0.0002,0.1207,0.2637
120,0.12,0.0085,0.002,-0.0161,0.0013,0.1449,0.3157
121,0.121,0.0069,0.0032,-0.0187,-0.0056,0.1222,0.2669
122,0.122,0,0.0028,-0.0178,-0.0046,0.1016,0.2225
123,0.123,0.0012,0.0018,-0.0125,-0.0054,0.3408,0.4192
124,0.124,-0.0066,-0.0027,-0.0076,-0.0012,0.3723,0.8847
125,0.125,-0.0013,0.003,-0.0093,-0.0034,0.103,0.5625
126,0.126,-0.0005,0.0037,-0.0029,-0.0027,-0.0778,0.0377
127,0.127,0.002,0.0001,0.003,-0.0044,-0.1109,-0.174
128,0.128,-0.0017,0.0006,0.0051,0.002,-0.1406,-0.2382
129,0.129,0.0018,-0.0035,0.0071,0.0018,-0.1134,-0.2959
130,0.13,-0.0024,-0.002,0.0112,-0.0024,-0.0889,-0.2427
131,0.131,-0.0029,-0.0008,0.0083,-0.0002,-0.2003,-0.29
132,0.132,-0.0044,0.0021,0.0088,0.0004,-0.4226,-0.8547
133,0.133,-0.0032,0.001,0.009,0.0009,-0.2133,-0.7748
134,0.134,-0.002,0,0.0154,-0.002,0.0312,-0.141
135,0.135,-0.0024,0.0024,0.0127,-0.0004,0.1302,0.1158
136,0.136,-0.002,-0.0007,0.0067,-0.0016,0.1008,0.1943
137,0.137,-0.0024,0.0013,0.0015,0.0012,0.1281,0.2651
138,0.138,-0.003,0.0023,0.0063,-0.003,0.1036,0.3294
139,0.139,-0.0018,-0.0022,-0.0007,-0.0118,0.1259,0.1553
140,0.14,-0.0006,-0.0005,-0.0015,-0.0155,0.3904,0.6306
141,0.141,0.0017,-0.0022,-0.0024,-0.0123,0.2823,0.8227
142,0.142,-0.0013,0.0035,-0.0018,-0.007,0.052,0.299
143,0.143,0.0006,0.0028,-0.0038,-0.0043,-0.0979,-0.0544
144,0.144,-0.0004,0.0021,-0.0043,0.0034,-0.1257,-0.2478
145,0.145,0.0047,0.0026,-0.0002,0.0086,-0.1016,-0.3069
146,0.146,0.004,-0.0014,0.0013,0.0077,-0.1243,-0.2551
147,0.147,0.0046,-0.0062,0.0002,0.0118,-0.1042,-0.2078
148,0.148,0.0017,0.0021,0.0041,0.0065,-0.308,-0.4265
149,0.149,0.0075,-0.0057,-0.0026,0.0058,-0.3353,-0.9431
150,0.15,0.0038,-0.0026,-0.0035,-0.0012,-0.1133,-0.5917
151,0.151,0.0018,-0.0035,-0.0026,0.0015,0.0363,-0.015
152,0.152,-0.0012,-0.0009,-0.0032,0.0006,0.064,0.2185
153,0.153,-0.004,-0.0046,-0.0011,0.0043,0.138,0.2896
154,0.154,-0.0004,0.0047,-0.0028,-0.0022,0.1159,0.2261
155,0.155,-0.0016,0.0009,0.0061,0.0037,0.0957,0.2845
156,0.156,-0.0044,-0.0001,0.0024,0.0059,0.1882,0.2318
157,0.157,-0.0047,-0.0053,0.0015,0.0038,0.407,0.8562
158,0.158,-0.0014,-0.0044,0.0088,0.0008,0.1984,0.7713
159,0.159,-0.0002,-0.0002,0.008,0.0048,0.008,0.2285
160,0.16,0.0024,0.0005,0.0002,0.0042,-0.0665,-0.125
161,0.161,0.0021,0.0012,0.0013,0.0111,-0.1342,-0.1904
162,0.162,0.0018,-0.0004,0.004,0.0141,-0.1143,-0.249
163,0.163,0.0043,-0.0009,0.0152,0.0056,-0.0961,-0.3025
164,0.164,-0.0002,-0.0044,0.0107,-0.0093,-0.113,-0.1588
165,0.165,-0.0032,0.0007,-0.0074,-0.0032,-0.3427,-0.6395
166,0.166,-0.0003,-0.0013,-0.0147,-0.0051,-0.31,-0.8318
167,0.167,0.0033,0.0005,-0.0259,-0.0067,-0.0411,-0.3086
168,0.168,-0.001,0,-0.0239,-0.0082,0.0678,0.1851
169,0.169,-0.0038,0.0048,-0.0183,-0.0013,0.1012,0.2504
170,0.17,-0.0064,0.0043,-0.02,-0.0001,0.1313,0.3093
171,0.171,-0.0033,-0.0021,-0.0094,0.0009,0.1046,0.257
172,0.172,-0.0004,0.0005,-0.0024,0.0039,0.0802,0.2094
173,0.173,0.0015,0.0058,0.0064,-0.0025,0.3268,0.4279
174,0.174,0.0005,0.0051,0.0096,-0.0034,0.3598,0.8647
175,0.175,0.0042,0.0021,0.0087,-0.0012,0.151,0.4582
176,0.176,0.003,0.0004,0.006,-0.0047,-0.0394,-0.0187
177,0.177,0.0018,0.0009,0.0069,-0.0017,-0.1138,-0.2121
178,0.178,0.0008,0.0013,0.0032,0.0059,-0.0919,-0.2712
179,0.179,0.004,0.0017,-0.0003,0.005,-0.1125,-0.3248
180,0.18,0.0001,-0.0009,0.0002,0.0023,-0.0942,-0.2773
181,0.181,0.0017,0.0015,0.0043,-0.0002,-0.212,-0.2339
182,0.182,-0.0014,0.0005,0.0038,0.002,-0.4111,-0.8296
183,0.183,-0.0002,-0.0001,0.0107,-0.0016,-0.2215,-0.745
184,0.184,0.0055,0.0027,0.0159,-0.0011,0.001,-0.2024
185,0.185,-0.0004,-0.003,0.0114,-0.0016,0.091,0.151
186,0.186,-0.0011,0.0029,0.0105,-0,0.1186,0.2163
187,0.187,-0.0029,-0.0006,0.0088,-0.0004,0.1298,0.2743
188,0.188,-0.005,0.0001,0.0035,0,0.1055,0.3331
189,0.189,-0.008,0.0021,-0,0.0019,0.1279,0.1753
190,0.19,0.0008,0.0063,-0.0095,-0.0013,0.3517,0.6078
191,0.191,0.007,-0.0013,-0.0165,-0.0016,0.3221,0.8989
192,0.192,-0.0055,-0.0003,-0.0178,-0.0051,0.0777,0.3175
193,0.193,-0.0072,0.0043,-0.0168,0.0019,-0.0871,-0.0708
194,0.194,0.0004,0.0018,-0.0138,-0.001,-0.1174,-0.1421
195,0.195,0.0017,-0.0035,-0.0166,0.0017,-0.1449,-0.2069
196,0.196,-0.0071,0.0029,-0.0107,-0.0007,-0.1206,-0.2653
197,0.197,-0.0081,-0.0013,-0.0023,0,-0.0984,-0.2127
198,0.198,-0.0029,-0.002,0.0009,0.0008,-0.3222,-0.4529
199,0.199,-0.0021,0,0.0039,0.0013,-0.3522,-0.9335
200,0.2,-0.0012,-0.0042,-0.0025,-0.0015,-0.1624,-0.4858
201,0.201,-0.0065,-0.0002,-0.0034,-0.0062,0.0601,0.0388
202,0.202,-0.0001,-0.0037,-0.0041,0.0008,0.0905,0.2515
203,0.203,0.0024,0.0023,-0.0005,-0.0037,0.1179,0.1888
204,0.204,-0.0013,-0.0002,0.0077,-0.0095,0.1426,0.2477
205,0.205,0.0036,-0.0024,0.0067,-0.001,0.0756,0.301
206,0.206,0.0005,-0.006,0.0077,0.0022,0.2179,0.2535
207,0.207,-0.0024,-0.0044,0.0069,0.0053,0.3846,0.8216
208,0.208,0.0033,0.0009,0.0044,0.0062,0.2277,0.7448
209,0.209,0.007,-0.0069,0.0022,0.0037,0.0032,0.1111
210,0.21,0.0021,-0.0122,0.0042,0.0015,-0.0868,-0.3159
211,0.211,0.0003,-0.0131,0.0099,0.0022,-0.1143,-0.2397
212,0.212,0.002,-0.002,0.0136,0.0018,-0.1392,-0.3103
213,0.213,-0.0006,-0.0066,0.0101,-0.0023,-0.1171,-0.2469
214,0.214,0.0016,-0.0079,0.0106,0.0013,-0.1376,-0.1891
215,0.215,-0.0005,-0.0117,0.0053,0.0001,-0.3784,-0.5586
216,0.216,0.0053,0.0008,0.0046,0.0048,-0.3458,-0.8953
217,0.217,0.0027,-0.0009,0.0015,-0.0009,-0.0769,-0.327
218,0.218,0.002,0.0006,-0.0038,-0.0003,0.104,0.0616
219,0.219,-0.0016,-0.0008,-0.0032,0.0017,0.0716,0.2741
220,0.22,0.0001,0.0054,-0.0126,0.0012,0.1016,0.2112
221,0.221,-0.0005,0.0086,-0.0057,0.0017,0.1288,0.2699
222,0.222,0.001,0.0055,-0.017,0.0052,0.1044,0.2175
223,0.223,-0.002,-0.0009,-0.0124,0.0103,0.306,0.3618
224,0.224,0,0.0033,-0.011,0.0038,0.3873,0.93
225,0.225,0.001,0.0054,-0.0022,-0.0022,0.1652,0.5433
226,0.226,0.0027,0.0034,-0.0012,-0.0029,-0.0441,0.0499
227,0.227,0.0017,0.0064,-0.0022,-0.0078,-0.0718,-0.1435
228,0.228,-0.0002,-0.0001,0.01,-0.0073,-0.0968,-0.2025
229,0.229,0.0004,0.0058,0.0083,0.0015,-0.1195,-0.2559
230,0.23,0.0016,0.0036,0.0068,0.006,-0.0994,-0.2082
231,0.231,0.0003,0.0029,0.0027,0.0071,-0.1921,-0.252
232,0.232,0.0033,0.0023,0.0016,0.0039,-0.411,-0.8474
233,0.233,0.003,0.0006,0.0006,0.0091,-0.2025,-0.7627
234,0.234,-0.0006,0.0063,-0.0024,0.0006,-0.0122,-0.22
235,0.235,-0.0009,-0.0006,0.004,-0.0027,0.1115,0.1332
236,0.236,-0.0013,0.0058,0.0032,-0.0142,0.0896,0.1985
237,0.237,0.0006,-0.0002,0.0054,-0.0036,0.1507,0.2573
238,0.238,0.0023,0.005,0.0019,-0.0106,0.1325,0.3108
239,0.239,-0.0001,0.003,0.0102,-0.022,0.1157,0.1672
240,0.24,-0.002,-0.0001,0.0134,-0.0236,0.3453,0.6478
241,0.241,0.0004,-0.0053,0.0144,-0.014,0.3126,0.8402
242,0.242,-0.004,-0.0018,0.0116,-0.0103,0.0436,0.3169
243,0.243,-0.0035,-0.0061,-0.0013,-0.0048,-0.0652,-0.0361
244,0.244,-0.0051,-0.002,-0.0032,0.0004,-0.0986,-0.2293
245,0.245,0.0019,-0.0005,-0.0049,-0.0023,-0.1287,-0.2882
246,0.246,0.0071,0.0025,-0.0034,-0.0032,-0.1561,-0.2361
247,0.247,0.0007,-0.0031,-0.0159,0.0052,-0.0825,-0.1886
248,0.248,-0.0018,0.0022,-0.0175,0.0084,-0.2842,-0.4072
249,0.249,-0.0025,0.0057,-0.016,-0.0074,-0.3656,-0.9237
250,0.25,-0.0045,0.0027,-0.0146,-0.0141,-0.1436,-0.5725
251,0.251,-0.0014,0.001,-0.0057,-0.004,0.0657,0.0043
252,0.252,-0.0019,0.0005,-0.0025,-0.0059,0.0935,0.2379
253,0.253,-0.0003,0.0035,-0.0055,0.0025,0.1183,0.3089
254,0.254,0.0019,0.0064,-0.0119,0.0071,0.141,0.2453
255,0.255,0.0023,0.0014,-0.0077,0.014,0.0804,0.3037
256,0.256,-0.0003,-0.0007,-0.007,0.0102,0.21,0.2511
257,0.257,0.0021,-0.0037,0.0008,0.007,0.3953,0.7794
258,0.258,0.0045,0.0004,0.0061,-0.0003,0.223,0.7094
259,0.259,0.0032,0.003,0.0015,-0.0012,-0.0241,0.1328
260,0.26,0.0039,-0.0001,0.0094,-0.0003,-0.1231,-0.2561
261,0.261,0.0028,-0.0029,0.0041,0.0111,-0.0937,-0.1876
262,0.262,-0.0001,-0.001,0.0087,0.0094,-0.121,-0.2525
263,0.263,-0.0036,-0.0049,0.0147,0.014,-0.0967,-0.3112
264,0.264,0.0015,-0.0074,0.0094,0.0099,-0.119,-0.1534
265,0.265,0.0036,-0.0022,0.0074,0.0087,-0.3835,-0.5859
266,0.266,-0.0006,-0.0015,0.0079,0.0097,-0.2755,-0.8769
267,0.267,-0.0023,-0.0032,-0.0009,0.0067,-0.0452,-0.4013
268,0.268,-0.0038,0.0009,-0.0097,0.0058,0.1046,0.0477
269,0.269,0.0005,0.0025,-0.0107,0.0084,0.0783,0.2231
270,0.27,-0.0012,-0.0017,-0.0117,0.0077,0.1032,0.2766
271,0.271,-0.0059,-0.0011,0.0023,0.0042,0.1259,0.3249
272,0.272,-0.0054,0.0015,0.0043,0.0059,0.0653,0.1941
273,0.273,0.0023,0.0027,0.0062,0.0064,0.3062,0.3925
274,0.274,-0.0007,0.0016,0.0079,-0.0014,0.3393,0.8615
275,0.275,0.0001,0.0006,0.0033,-0.0069,0.1307,0.5418
276,0.276,-0.0007,0.0038,-0.0007,-0.0039,-0.0594,0.0172
277,0.277,0.0031,-0.0017,0.0005,0.0007,-0.0845,-0.1954
278,0.278,0.0011,-0.0054,-0.0027,0.0032,-0.107,-0.2605
279,0.279,-0.002,-0.0005,-0.0037,-0.0067,-0.1275,-0.3195
280,0.28,-0.0048,-0.001,-0.001,-0.0026,-0.1092,-0.2675
281,0.281,-0.0053,-0.0004,-0.0104,0.0011,-0.1932,-0.2199
282,0.282,0.0017,0.0054,-0.0067,-0.0021,-0.4228,-0.7882
283,0.283,0.0048,0.0032,-0.0034,-0.0073,-0.193,-0.7116
284,0.284,0.0003,0.0012,-0.0024,-0.0045,0.0163,-0.2189
285,0.285,0.0012,0.0017,0.0022,-0.0054,0.0982,0.23
286,0.286,0.0019,-0.0035,-0.002,-0.0016,0.1232,0.173
287,0.287,0.0039,0,0.005,-0.0036,0.1458,0.2263
288,0.288,0.0089,-0.0015,0.0041,-0.0052,0.1137,0.2821
289,0.289,0.0047,-0.0031,0.0145,-0.0023,0.1341,0.138
290,0.29,0.0018,-0.0036,0.0131,0.0035,0.375,0.6184
291,0.291,0.0014,0.0011,0.0169,-0.0034,0.2767,0.8104
292,0.292,0.0026,-0.0019,0.0158,-0.0006,0.0677,0.4031
293,0.293,-0.0003,-0.0014,0.0043,0.0003,-0.0684,-0.0742
294,0.294,-0.0028,0.0054,0.0028,-0.0033,-0.0935,-0.1397
295,0.295,-0.0011,0.0008,-0.0069,-0.0012,-0.1161,-0.1987
296,0.296,-0.0041,-0,-0.0057,-0.0006,-0.1367,-0.2523
297,0.297,-0.0023,0.0022,-0.0136,-0.0022,-0.0813,-0.2047
298,0.298,-0.0026,-0.0014,-0.0166,-0.0015,-0.3001,-0.336
299,0.299,-0.0049,0.0028,-0.0158,0.0055,-0.3896,-0.9319
300,0.3,-0.0007,-0,-0.0116,0.0004,-0.1454,-0.5066
301,0.301,0.001,-0.0016,-0.0031,-0.0004,0.0851,0.0363
302,0.302,0.0027,-0.0004,0.0072,0.0022,0.056,0.2486
303,0.303,-0.0051,-0.0043,0.0086,-0.003,0.0834,0.1856
304,0.304,-0.0019,0.0005,0.0023,-0.0064,0.1574,0.2442
305,0.305,0.0012,-0.0038,0.0055,-0.0033,0.0904,0.2974
306,0.306,-0.0015,-0.0009,0.0025,-0.0015,0.1921,0.2496
307,0.307,-0.0024,-0.0057,-0.0039,0.0011,0.3959,0.8175
308,0.308,-0.003,-0.0074,-0.015,-0.001,0.2062,0.7405
309,0.309,-0.0024,-0.0057,-0.0104,-0.0074,-0.0162,0.2475
310,0.31,0.0034,0,-0.0063,-0.0046,-0.1062,-0.2018
311,0.311,-0.0003,-0.0007,0.0025,-0.0004,-0.0796,-0.2613
312,0.312,-0.001,0,0.0035,0.0003,-0.1537,-0.3149
313,0.313,-0.0028,-0.0031,0.0066,0.0039,-0.1316,-0.3635
314,0.314,0.0036,0.0033,0.0057,0.0034,-0.1115,-0.233
315,0.315,0.0114,0.0075,0.0049,0.0005,-0.3893,-0.5903
316,0.316,0.0041,0.0023,0.0071,-0.001,-0.2706,-0.8309
317,0.317,0.0033,0.0016,0.0035,-0.0007,-0.0899,-0.3502
318,0.318,-0.0062,-0.0015,0.0004,-0.0019,0.075,0.0991
319,0.319,-0.0051,0.0026,-0.0072,0.0017,0.1053,0.275
320,0.32,-0.0041,0.0051,-0.0082,0.0028,0.1326,0.2232
321,0.321,-0.0052,-0.0019,-0.0055,0.0025,0.1083,0.2719
322,0.322,0.0012,0.0033,-0.0064,0.0015,0.0861,0.2288
323,0.323,0.0004,-0.0013,-0.0042,0.0053,0.2693,0.348
324,0.324,-0.0019,0.0013,-0.0007,0.0078,0.3432,0.8895
325,0.325,0.0001,0.005,0.0023,0.0027,0.1413,0.503
326,0.326,0.0031,0,0.0027,0.0006,-0.0491,0.0097
327,0.327,0.0036,-0.003,0.0042,0.0036,-0.0743,-0.1835
328,0.328,-0.0011,0.0034,0.0093,0.004,-0.097,-0.2425
329,0.329,-0.0107,-0.0026,-0.0014,0.0065,-0.1176,-0.2957
330,0.33,-0.0093,0.0026,0.0001,0.0052,-0.0993,-0.2479
331,0.331,-0.0106,-0.0023,-0.0068,-0.0018,-0.1835,-0.2044
332,0.332,-0.005,-0.0006,-0.013,-0.0047,-0.3826,-0.7997
333,0.333,-0.002,-0.0035,-0.0074,-0.0066,-0.193,-0.7148
334,0.334,-0.0066,-0.001,-0.0044,-0.0027,0.0294,-0.1721
335,0.335,0.0011,0.004,-0.0052,-0.0023,0.1194,0.1812
336,0.336,0.0021,-0.0024,-0.0078,-0.0035,0.0927,0.2468
337,0.337,0.0066,0.0018,-0.0009,-0.0024,0.1175,0.3058
338,0.338,0.0024,-0.0005,0.0113,-0.006,0.0954,0.2539
339,0.339,0.0002,-0.004,0.0197,-0.003,0.1158,0.2065
340,0.34,0.0079,-0.001,0.0182,-0.0095,0.3935,0.6
341,0.341,0.0048,-0.0016,0.0168,-0.0141,0.2748,0.8648
342,0.342,0.0056,0.001,0.008,-0.0133,0.0939,0.3362
343,0.343,0.0047,-0.0033,0.0024,-0.0034,-0.071,-0.1571
344,0.344,0.001,0.0008,0.0013,-0.0048,-0.1013,-0.2222
345,0.345,0.0003,0.0023,0.0077,-0.0162,-0.1287,-0.2808
346,0.346,-0.0003,0.0035,0.0018,-0.0178,-0.1044,-0.2284
347,0.347,-0.0008,-0.0013,-0.0066,-0.0082,-0.0822,-0.1805
348,0.348,-0.0004,-0.0044,-0.0076,-0.002,-0.306,-0.3988
349,0.349,0.0027,0.0032,-0.0087,0.0057,-0.3955,-0.9148
350,0.35,0.0038,0.0002,-0.0059,0.0109,-0.1514,-0.5631
351,0.351,0.0048,-0.0025,0.0035,0.01,0.0791,0.0142
352,0.352,-0.0004,-0.0034,0.0023,0.0005,0.1096,0.2481
353,0.353,-0.0026,0.0004,-0.0033,0.0016,0.137,0.1793
354,0.354,0.0022,0.0039,-0.0105,-0.0017,0.1128,0.244
355,0.355,0.0017,-0.0003,-0.0114,0.0035,0.0908,0.3027
356,0.356,0.0022,0.0026,-0.0191,0.008,0.1926,0.2504
357,0.357,-0.0035,0.0021,-0.016,0.0054,0.3965,0.7792
358,0.358,0.0049,0.0032,-0.002,0.0032,0.207,0.7096
359,0.359,0.0039,0.0012,0.0165,0.008,-0.0153,0.2613
360,0.36,0.0029,0.0031,0.0092,0.0085,-0.1053,-0.1468
361,0.361,0.0038,-0.0015,0.007,0.0101,-0.0786,-0.2008
362,0.362,-0.004,0.0002,0.005,0.0126,-0.1034,-0.2496
363,0.363,-0.003,0.0008,0.0105,0.0177,-0.1259,-0.2938
364,0.364,-0.0021,-0.0007,0.002,0.0156,-0.1057,-0.1751
365,0.365,0.0005,-0.0029,0.0034,0.0098,-0.3834,-0.572
366,0.366,-0.0032,-0.0025,-0.0007,0.0014,-0.344,-0.9418
367,0.367,-0.0012,0.001,-0.0045,-0.0019,-0.0911,-0.4129
368,0.368,0.0031,0.0014,-0.0035,-0.0092,0.0738,0.081
369,0.369,0.0048,0.007,-0.0025,-0.0119,0.1042,0.2744
370,0.37,0.0043,0.0033,0.0079,0.0009,0.1316,0.2174
371,0.371,-0.0018,0.004,0.0149,0.0028,0.1074,0.2708
372,0.372,-0.0009,-0.0002,0.0187,0.0011,0.0852,0.2231
373,0.373,-0.0001,-0.0006,0.0221,0.0056,0.3091,0.3543
374,0.374,-0.0021,-0.0032,0.0065,-0.0013,0.3987,0.8707
375,0.375,0.001,-0.001,-0.0089,0.0024,0.1545,0.5194
376,0.376,0.0005,-0.0006,-0.0108,0.0034,-0.0758,0.0704
377,0.377,0.0021,-0.0016,-0.0125,0.0065,-0.1062,-0.2216
378,0.378,0.0025,0.0016,-0.0208,0.0038,-0.1336,-0.2755
379,0.379,0.0014,-0.0012,-0.0131,-0.0074,-0.1093,-0.2282
380,0.38,0.0017,0.0013,-0.0282,-0.0089,-0.0871,-0.2724
381,0.381,-0.0028,0.0024,-0.0261,-0.0129,-0.1889,-0.2332
382,0.382,-0.0045,0.0054,-0.0018,-0.0141,-0.3927,-0.7744
383,0.383,-0.0027,0.0019,0.0146,-0.0063,-0.2031,-0.6977
384,0.384,0.002,-0.0042,0.0176,-0.0032,0.0194,-0.2048
385,0.385,0.0016,0,0.0204,-0.0024,0.1094,0.1164
386,0.386,-0.0024,0.0007,0.0132,-0.0032,0.0828,0.1755
387,0.387,0.0034,0.0001,-0.0024,0.0005,0.1074,0.2288
388,0.388,0.0012,0.0006,0.0038,0.0026,0.1299,0.2771
389,0.389,0.0008,0.003,0.0196,-0.0004,0.1083,0.1908
390,0.39,0.0043,-0.0011,0.014,-0.0009,0.3729,0.5838
391,0.391,0.0002,-0.0026,0.009,0.0017,0.337,0.8479
392,0.392,-0.0027,-0.0004,-0.0016,0.0014,0.0411,0.415
393,0.393,-0.0001,-0.0033,-0.0197,0.0053,-0.0786,-0.11
394,0.394,-0.0013,-0.0051,-0.0173,0.0089,-0.1153,-0.182
395,0.395,-0.0009,-0.0019,-0.0108,0.0021,-0.1486,-0.2471
396,0.396,0.0001,0.002,-0.0169,0.0011,-0.1191,-0.3061
397,0.397,-0.0022,0.0005,-0.015,-0.0016,-0.0923,-0.254
398,0.398,-0.0012,-0.0056,-0.01,0.0027,-0.3142,-0.4946
399,0.399,-0.0018,-0.0082,0.013,-0.0041,-0.4038,-0.9755
400,0.4,-0.0025,-0.0029,0.0228,0.0023,-0.1599,-0.5284
401,0.401,-0.0018,0.0006,0.0199,0.0016,0.0705,-0.0043
402,0.402,0.0011,0.0001,0.0062,0.001,0.1008,0.2078
403,0.403,-0.0031,-0.0016,-0.0011,0.0003,0.074,0.2725
404,0.404,-0.0037,0.002,-0.0032,-0.0013,0.0987,0.3307
405,0.405,-0.0032,0.0008,-0.0134,0.0005,0.0764,0.2782
406,0.406,0.001,0.0028,-0.0152,0.0031,0.178,0.2302
407,0.407,-0.0006,-0.0014,0.0034,0.0028,0.4187,0.7978
408,0.408,0.0009,-0.0043,0.0158,-0,0.2545,0.7205
409,0.409,-0.0003,-0.0018,0.0092,0.0036,-0.0148,0.2272
410,0.41,-0.0032,0.0004,0.0153,-0.0033,-0.0516,-0.0943
411,0.411,-0.0051,-0.0035,0.0283,-0.0063,-0.085,-0.1541
412,0.412,-0.0041,0,0.0469,0.0022,-0.1152,-0.3135
413,0.413,0.0009,0.0022,0.0542,0.0033,-0.0884,-0.2664
414,0.414,0.0044,-0.0043,0.0338,0.0003,-0.1132,-0.2235
415,0.415,0.0061,-0.0051,0.0091,-0.0061,-0.3599,-0.5812
416,0.416,-0.0015,-0.006,-0.014,-0.0019,-0.3273,-0.9182
417,0.417,-0.0026,-0.0053,-0.0229,0.0033,-0.0586,-0.3504
418,0.418,-0.0072,0.004,-0.0476,-0.0016,0.1223,0.0378
419,0.419,-0.0029,-0.0023,-0.0641,-0.0011,0.09,0.2498
420,0.42,-0.0129,0.0009,-0.0729,0.0018,0.12,0.3145
421,0.421,-0.0143,0.0062,-0.0703,-0.0007,0.0931,0.2567
422,0.422,-0.0081,0.0088,-0.058,-0.0004,0.0685,0.2042
423,0.423,-0.0003,0.001,-0.0425,0.0044,0.315,0.3483
424,0.424,0.0049,0,-0.0283,-0.0013,0.3479,0.9162
425,0.425,0.0021,0.0046,-0.0229,-0.0051,0.139,0.5293
426,0.426,0.0046,0.002,-0.0044,-0.01,-0.0514,0.0358
427,0.427,0.0068,0.0027,0.0079,-0.0058,-0.0767,-0.1577
428,0.428,0.0075,0.002,0.0143,0.0007,-0.0995,-0.217
429,0.429,0.0079,0.0051,0.0122,-0.0071,-0.1201,-0.2705
430,0.43,0.0062,0.001,0.0176,-0.0062,-0.1019,-0.319
431,0.431,0.0047,0.0005,0.0226,0.0023,-0.1861,-0.1883
432,0.432,0.0035,0.0009,0.0301,-0.0008,-0.4159,-0.7839
433,0.433,0.0014,0.0047,0.0203,0.0002,-0.2519,-0.6991
434,0.434,-0.0005,0.0022,0.0191,0.0032,0.0172,-0.1566
435,0.435,0.0019,-0.0047,0.0201,0.0005,0.1259,0.1965
436,0.436,0.0008,0.0025,0.0273,0.0013,0.0936,0.2618
437,0.437,-0.0017,-0.0002,0.0264,0.0006,0.1236,0.3205
438,0.438,0.0014,-0.0027,0.0135,0.0055,0.0967,0.2684
439,0.439,0.0011,0.001,0.0079,0.0013,0.1213,0.2208
440,0.44,-0.0015,0.0004,0.0129,0.0008,0.3678,0.5267
441,0.441,-0.0012,-0.0039,0.0203,0.0012,0.3351,0.8845
442,0.442,0.0005,0.0026,0.0188,-0.0049,0.0663,0.3558
443,0.443,0.0035,0,0.0198,-0.0091,-0.0426,-0.1376
444,0.444,0.0006,0.0038,0.0229,-0.0054,-0.1416,-0.2028
445,0.445,0.001,-0.0011,0.0113,0.001,-0.1122,-0.2616
446,0.446,0.002,0.0031,0.0067,0.0069,-0.1395,-0.3147
447,0.447,-0.0031,0.0014,-0.003,0.0075,-0.0658,-0.2668
448,0.448,-0.0025,-0.0011,-0.0093,0.0039,-0.2675,-0.3978
449,0.449,-0.0055,-0.0014,-0.0149,-0.0056,-0.4032,-0.914
450,0.45,-0.0015,0.005,-0.0243,0.0069,-0.132,-0.5625
451,0.451,0.0063,-0.0014,-0.0231,0.0018,0.0492,0.0147
452,0.452,0.0141,0.0045,-0.0264,-0.0089,0.0827,0.2488
453,0.453,0.0111,-0.0024,-0.0295,-0.0049,0.113,0.1799
454,0.454,-0.0011,-0.0015,-0.0174,-0.0112,0.1404,0.2448
455,0.455,-0.0028,-0.0024,-0.0191,-0.0035,0.1162,0.3037
456,0.456,0.0018,-0.0017,-0.0085,-0.0025,0.1835,0.2516
457,0.457,0.0005,0.0033,-0.0015,-0.0089,0.4076,0.7804
458,0.458,-0.0032,0.0016,0.0074,-0.0031,0.1992,0.7108
459,0.459,-0.0022,0.0011,0.0065,0.0054,0.0091,0.2627
460,0.46,0.0073,0.0006,0.0096,0.0064,-0.1147,-0.1453
461,0.461,0.001,0.0037,0.0087,0.0094,-0.0927,-0.1992
462,0.462,0.0021,-0.0027,0.013,0.0085,-0.1132,-0.2478
463,0.463,-0.0032,-0.0054,0.0182,0.0076,-0.1317,-0.292
464,0.464,-0.0077,-0.0045,0.0133,0.0007,-0.1151,-0.1734
465,0.465,-0.0035,0.0008,0.0075,0.0109,-0.3446,-0.5702
466,0.466,-0.0013,-0.0027,-0.0041,0.004,-0.3119,-0.9401
467,0.467,-0.0061,-0.0044,-0.0059,0.0002,-0.1029,-0.4113
468,0.468,-0.0019,-0.0003,-0.0075,-0.003,0.0875,0.0827
469,0.469,-0.0048,0.0022,-0.0062,-0.0083,0.1127,0.2762
470,0.47,0.002,0.0011,-0,-0.011,0.1354,0.2193
471,0.471,0.0011,-0.0018,-0.0011,-0.0068,0.1154,0.2728
472,0.472,0.0003,-0.0075,0.0062,0.0001,0.0971,0.2253
473,0.473,-0.0004,-0.0033,0.0071,0.0028,0.2823,0.3565
474,0.474,-0.001,-0.0011,0.0082,0.0037,0.3563,0.8728
475,0.475,0.0032,-0.0031,0.0136,0.0074,0.1544,0.5216
476,0.476,-0.0008,-0,0.0158,0.0054,-0.0359,0.0727
477,0.477,-0.0003,0.0005,0.0177,0.0049,-0.1102,-0.2193
478,0.478,-0.0054,-0.001,0.009,0.0032,-0.1329,-0.2732
479,0.479,-0.0018,-0.004,0.0028,0.0067,-0.1128,-0.3218
480,0.48,-0.0001,-0.0011,-0.0049,0.0037,-0.0945,-0.2788
481,0.481,-0.0018,-0.0001,-0.0019,-0.0028,-0.1786,-0.2397
482,0.482,-0.0033,0.0044,-0.016,-0.0055,-0.4082,-0.7809
483,0.483,0.0028,0.0014,-0.0222,-0.0012,-0.2442,-0.7041
484,0.484,-0.0032,0.0009,-0.0241,-0.0019,-0.035,-0.2112
485,0.485,0.0038,0.0004,-0.0223,0.0017,0.1013,0.238
486,0.486,0.0046,0.0015,-0.0268,-0.0013,0.1264,0.1812
487,0.487,0.0004,-0.0005,-0.0085,0.0004,0.1044,0.2345
488,0.488,0.0041,0.0046,0.029,0.0019,0.1249,0.283
489,0.489,0.0035,0.0039,0.0451,0.0008,0.1066,0.2396
490,0.49,-0.0003,0.0007,0.0474,0.0047,0.3653,0.561
491,0.491,0.0002,-0.0024,0.0235,0.0012,0.3151,0.8389
492,0.492,-0.0015,0.0005,-0.0071,-0.003,0.0851,0.3693
493,0.493,-0.002,0.001,-0.0108,-0.0047,-0.0797,-0.0801
494,0.494,-0.0043,0.006,-0.0141,0.001,-0.11,-0.2562
495,0.495,0.0022,0.0025,-0.0304,0.0018,-0.1375,-0.3102
496,0.496,0.003,0.0008,-0.039,-0.0031,-0.1132,-0.2631
497,0.497,0.0055,0.0013,-0.0308,-0.0048,-0.091,-0.2202
498,0.498,-0.0014,0.0018,-0.0234,0.0017,-0.2742,-0.3395
499,0.499,-0.006,0.0006,0.0059,-0.0025,-0.3976,-0.8812
500,0.5,-0.012,0.0034,0.0259,0.0012,-0.1509,-0.6495
501,0.501,-0.0083,-0.0008,0.0294,-0.0008,0.014,-0.0154
502,0.502,-0.0103,-0.0003,0.0197,-0.0003,0.1039,0.2414
503,0.503,-0.0098,-0.0019,-0.0133,0.0038,0.0772,0.165
504,0.504,-0.007,-0.0022,-0.0177,0.0013,0.1021,0.2356
505,0.505,-0.0023,-0.0019,-0.0376,0.0016,0.08,0.2997
506,0.506,0.006,-0.0023,-0.0484,-0.0012,0.1817,0.2418
507,0.507,0.0028,-0.004,-0.0319,-0.0068,0.4226,0.7172
508,0.508,0.0038,-0.0091,0.0011,-0.0076,0.2585,0.7813
509,0.509,0.0102,-0.0098,0.0232,-0.0006,0.0493,0.2571
510,0.51,0.011,-0.0003,0.035,0.0004,-0.0869,-0.0963
511,0.511,0.0058,-0.0044,0.0386,0.003,-0.1119,-0.1618
512,0.512,-0.0035,-0.0032,0.0354,0.0024,-0.0898,-0.2208
513,0.513,0.0002,0.0024,0.0442,0.006,-0.1102,-0.2743
514,0.514,0.0034,-0.0007,0.047,0.0043,-0.0919,-0.2268
515,0.515,0.0044,0.0001,0.0147,0.0015,-0.3444,-0.5328
516,0.516,0.0108,0.0079,0.0015,-0.0032,-0.3085,-0.9699
517,0.517,0.0048,0.0069,-0.0023,0.001,-0.0783,-0.4468
518,0.518,-0.0021,0.0042,0.0231,-0.0007,0.0715,0.0468
519,0.519,-0.0013,0.005,0.0132,-0.0042,0.0992,0.2401
520,0.52,-0.0004,0.0043,-0.0198,-0.0039,0.124,0.2989
521,0.521,0.0018,-0.0021,-0.0596,-0.001,0.1467,0.2466
522,0.522,-0.0003,-0.0013,-0.065,-0.0067,0.086,0.2949
523,0.523,0.0014,-0.002,-0.0603,-0.0075,0.2897,0.3387
524,0.524,0.0009,-0.004,-0.0206,-0.0006,0.3712,0.9343
525,0.525,0.0034,0.0017,0.0059,0.004,0.1493,0.5088
526,0.526,0.0023,-0.0005,0.0107,0.0049,-0.0599,0.1206
527,0.527,-0.0016,0.0015,0.0504,0.0086,-0.0875,-0.2323
528,0.528,0.0051,-0.0001,0.0663,0.0079,-0.1123,-0.1695
529,0.529,0.0024,0.0051,0.1001,0.0062,-0.1349,-0.2281
530,0.53,-0.0018,0.0002,0.1133,0.0034,-0.1146,-0.2813
531,0.531,-0.004,-0.0015,0.0693,-0.0045,-0.1701,-0.2333
532,0.532,-0.0061,-0.001,0.0046,-0.0101,-0.4225,-0.8011
533,0.533,-0.0078,-0.0015,-0.0559,-0.0074,-0.2422,-0.724
534,0.534,-0.0106,0.0007,-0.0638,-0.0021,-0.0118,-0.2308
535,0.535,-0.0071,0.0027,-0.0994,0.0043,0.0784,0.2186
536,0.536,-0.0028,-0.0008,-0.1318,0.0017,0.106,0.1622
537,0.537,-0.0011,0.0022,-0.1145,-0.0036,0.1309,0.2158
538,0.538,0.0067,0.0034,-0.0987,-0.0029,0.1089,0.2646
539,0.539,0.0145,-0.0016,-0.0746,0.0054,0.1294,0.2217
540,0.54,0.0092,0.0019,-0.0438,-0.0002,0.3703,0.5794
541,0.541,-0.0011,-0.005,-0.0159,0.0028,0.3378,0.9162
542,0.542,0.0003,0.0014,-0.0196,0.0036,0.069,0.4359
543,0.543,-0.0009,0.0023,-0.0099,-0.0024,-0.0397,-0.013
544,0.544,-0.0041,-0.0015,0.0108,-0.0108,-0.1386,-0.1884
545,0.545,0.0012,0.0035,0.0463,-0.0031,-0.109,-0.2419
546,0.546,-0.0015,0.003,0.0508,0.0021,-0.1363,-0.2902
547,0.547,0.001,-0.0011,0.0551,0.0029,-0.0626,-0.2466
548,0.548,0.0032,-0.0046,0.0588,0.0123,-0.309,-0.3653
549,0.549,0.0026,0.0004,0.0552,0.0085,-0.4075,-0.9062
550,0.55,-0.0005,-0.0002,0.0453,0.014,-0.1388,-0.674
551,0.551,0.0024,-0.0033,0.0303,0.0109,0.0423,-0.0394
552,0.552,0.0019,-0.0016,0.0276,-0.0031,0.0758,0.2179
553,0.553,-0.005,0.0042,0.04,-0.0216,0.1061,0.2969
554,0.554,-0.0102,-0.0011,0.0152,-0.0289,0.1336,0.2277
555,0.555,-0.0017,0.0039,-0.0014,-0.0224,0.1094,0.2926
556,0.556,-0.0049,0.0008,0.0013,-0.0123,0.1768,0.2352
557,0.557,-0.0039,0.0013,0.0148,-0.0291,0.401,0.8169
558,0.558,-0.003,-0.0022,0.017,-0.0269,0.2522,0.7403
559,0.559,-0.0004,-0.0026,0.0147,-0.0085,0.0078,0.248
560,0.56,-0.0104,-0.0037,0.0085,0.0038,-0.0911,-0.2009
561,0.561,-0.009,-0.0027,0.0029,0.0104,-0.1212,-0.2598
562,0.562,-0.0002,0.0025,-0.0124,0.0083,-0.0944,-0.3129
563,0.563,0.0124,0.0004,-0.0265,0.0175,-0.119,-0.2651
564,0.564,0.0073,0.0024,-0.0172,0.0158,-0.0967,-0.2214
565,0.565,0.0058,-0.0059,-0.0256,0.0203,-0.3612,-0.5785
566,0.566,0.0018,-0.0002,-0.0179,0.0162,-0.3253,-0.9148
567,0.567,0.0006,-0.0032,0.0029,0.015,-0.095,-0.434
568,0.568,0.0039,0.0053,0.0237,0.0094,0.1144,0.1434
569,0.569,0.0049,-0.0025,0.0317,0.0021,0.088,0.2226
570,0.57,-0.0015,-0.0014,0.0243,-0.0043,0.113,0.294
571,0.571,0.001,0.0013,0.0087,-0.0121,0.1357,0.2311
572,0.572,-0.0027,0.0039,-0.0056,-0.0007,0.075,0.2897
573,0.573,0.0023,0.0046,-0.0187,-0.0022,0.2788,0.3429
574,0.574,0.0006,0.0039,-0.044,0.0019,0.3602,0.8717
575,0.575,0.0023,0.0009,-0.0403,0.0007,0.1384,0.5207
576,0.576,0.0059,0.0004,-0.0238,0.0017,-0.0709,0.072
577,0.577,-0.001,-0.0011,-0.0148,0.0047,-0.0986,-0.22
578,0.578,0,0.0011,-0.012,0.0111,-0.1235,-0.2738
579,0.579,0.0009,0.005,-0.0191,0.012,-0.1014,-0.3224
580,0.58,0.0035,-0.0027,0.0012,0.0083,-0.0813,-0.2792
581,0.581,-0.0002,-0.0037,0.015,-0.0024,-0.1739,-0.2399
582,0.582,-0.0023,-0.0027,0.0126,-0.0131,-0.3927,-0.7812
583,0.583,-0.0039,-0.0019,0.0148,-0.0034,-0.2437,-0.7044
584,0.584,-0.0068,-0.0044,0.0167,0.0003,0.0008,-0.2114
585,0.585,0.001,-0.0006,0.0111,0.0058,0.1,0.2377
586,0.586,0.0042,0.0029,0.0059,-0.0014,0.1303,0.1809
587,0.587,-0.001,-0.0013,0.0044,-0.0099,0.1035,0.2343
588,0.588,-0.0001,-0.003,-0.0052,-0.0067,0.1282,0.2827
589,0.589,-0.0043,0.0018,-0.0063,0.0006,0.106,0.2392
590,0.59,0.001,0.0048,0.0018,0.0015,0.3705,0.517
591,0.591,0.0037,0.0029,0.017,0.0023,0.3162,0.8805
592,0.592,-0.0027,0.0013,0.0267,0.0017,0.0634,0.4111
593,0.593,-0.0001,0.0028,0.0306,0.0037,-0.1015,-0.0382
594,0.594,-0.0008,-0.0015,0.016,0.0068,-0.0724,-0.2142
595,0.595,0.0056,-0.002,0.0102,0.0073,-0.0999,-0.268
596,0.596,0.0031,0.0005,0.0049,0.0079,-0.1248,-0.317
597,0.597,0.0009,-0.0025,-0.0033,0.0049,-0.1027,-0.2741
598,0.598,-0.0011,-0.0005,-0.0076,0.0079,-0.2451,-0.3142
599,0.599,-0.0042,0.0037,-0.0282,0.0022,-0.338,-0.8559
600,0.6,-0.0025,-0.0015,-0.0429,-0.0106,-0.1866,-0.6244
601,0.601,-0.001,-0.0036,-0.0236,-0.0087,0.0378,-0.1313
602,0.602,0.0002,0.0006,0.0038,-0.0104,0.0682,0.1899
603,0.603,0.0031,0.0023,0.0293,-0.0027,0.0955,0.2488
604,0.604,0.0041,-0.0003,0.0326,0.0013,0.0712,0.302
605,0.605,-0.0012,0.0058,0.0535,-0.0024,0.0489,0.2542
606,0.606,0.004,0.0032,0.0454,0.0009,0.1505,0.2105
607,0.607,0.0033,-0.002,0.0231,-0.0001,0.3912,0.7265
608,0.608,-0.0036,-0.0014,0.0144,-0.0085,0.2271,0.7969
609,0.609,-0.0028,0.0044,-0.0047,-0.0052,0.0177,0.2204
610,0.61,-0.0087,-0.0026,-0.0371,0.0001,-0.0643,-0.1684
611,0.611,-0.0035,-0.0018,-0.0768,0.0029,-0.0895,-0.2403
612,0.612,-0.0113,0.0007,-0.0716,0.0124,-0.1123,-0.3052
613,0.613,0.0002,-0.0077,-0.0669,0.0088,-0.0923,-0.248
614,0.614,-0.0013,-0.0068,-0.0713,0.0011,-0.1111,-0.1958
615,0.615,-0.0027,-0.0098,-0.0193,-0.0041,-0.3636,-0.5324
616,0.616,0.0061,-0.009,0.0448,-0.0144,-0.328,-0.9261
617,0.617,0.0071,-0.0082,0.0534,-0.0184,-0.098,-0.4506
618,0.618,-0.0002,-0.0045,0.0456,-0.0096,0.0516,0.1263
619,0.619,-0.0011,-0.0039,0.0242,-0.0039,0.0791,0.2051
620,0.62,-0.0053,-0.0022,0.0048,-0.0009,0.1531,0.276
621,0.621,-0.0017,0.0007,-0.0245,0.0018,0.1308,0.3404
622,0.622,-0.0037,0.0042,-0.0405,-0.0024,0.07,0.2826
623,0.623,-0.0021,0.002,-0.0453,-0.0017,0.2736,0.3354
624,0.624,-0.0073,0.0048,-0.0322,0.0047,0.4091,0.8638
625,0.625,-0.001,0.0023,-0.0284,0.009,0.1871,0.6531
626,0.626,0.0032,0.0075,-0.003,-0.0025,-0.0223,0.0762
627,0.627,-0.002,0.0022,0.0465,-0.011,-0.1043,-0.1577
628,0.628,-0.0028,-0.0014,0.0394,0.0029,-0.1294,-0.2292
629,0.629,-0.0011,-0.0009,0.033,0.0122,-0.1074,-0.294
630,0.63,0.0017,0.0031,0.0387,0.0071,-0.0873,-0.2367
631,0.631,0.0002,-0.0047,0.0335,0.0086,-0.18,-0.1843
632,0.632,-0.0029,0.0009,0.0288,0.0127,-0.3989,-0.8091
633,0.633,0.001,-0.0002,0.0156,0.0064,-0.2501,-0.7245
634,0.634,0.0004,0.0025,0.0117,0.0074,-0.0056,-0.1822
635,0.635,-0.0018,0.0067,-0.0138,0.0018,0.0934,0.1709
636,0.636,-0.0039,0.003,-0.017,0.0028,0.1237,0.236
637,0.637,0.0018,0.005,-0.0621,-0.0018,0.151,0.2946
638,0.638,0.001,-0.002,-0.0686,-0.001,0.1265,0.2422
639,0.639,0.0016,0.0044,-0.0041,-0.0032,0.1043,0.1943
640,0.64,0.0023,0.0002,0.0044,-0.0082,0.3689,0.5001
641,0.641,0.0065,0.0054,-0.0034,-0.0051,0.333,0.8575
642,0.642,0.0069,0.0019,-0.0106,-0.0069,0.1028,0.4248
643,0.643,0.0044,0.0049,-0.0172,-0.0147,-0.1065,-0.0999
644,0.644,-0.0007,0.0044,-0.0116,-0.0203,-0.0801,-0.1717
645,0.645,0.0042,-0.0004,-0.0066,-0.015,-0.1049,-0.2368
646,0.646,0.0059,0.0027,0.0075,-0.0066,-0.1275,-0.2956
647,0.647,0.0075,-0.0014,0.0117,0.0011,-0.0668,-0.2434
648,0.648,0.009,0.0022,-0.0004,0.0001,-0.2705,-0.2918
649,0.649,0.0048,0.0034,-0.0114,0.0027,-0.4062,-0.9472
650,0.65,-0.0004,-0.0005,-0.0018,0.0069,-0.1843,-0.6668
651,0.651,-0.0011,-0.003,0.0009,0.0075,0.025,-0.07
652,0.652,-0.0006,-0.0019,0.0035,0.0081,0.1069,0.1635
653,0.653,-0.0012,-0.0039,0.0106,0.0023,0.1318,0.2348
654,0.654,0.0004,-0.0003,0.004,-0.0062,0.1098,0.2993
655,0.655,-0.0047,0,0.0265,-0.0073,0.0897,0.2416
656,0.656,-0.0054,-0.0028,0.0236,-0.002,0.1824,0.1891
657,0.657,-0.0049,-0.001,0.0262,0.0006,0.4013,0.7175
658,0.658,0.0028,-0.0042,0.0285,0.0048,0.2526,0.788
659,0.659,0.0058,-0.0013,0.0263,0.0085,0.0083,0.2117
660,0.66,0.005,0.0045,0.0122,-0.0022,-0.0907,-0.177
661,0.661,-0.0009,0.002,0.0066,-0.0098,-0.1208,-0.2487
662,0.662,-0.0062,0.0013,-0.0019,-0.0057,-0.0939,-0.3135
663,0.663,-0.0012,-0.0007,-0.0094,0.0031,-0.1185,-0.2562
664,0.664,0.0005,0.0024,0.0003,0.0108,-0.0962,-0.2039
665,0.665,-0,-0.0017,0.0143,0.0139,-0.3607,-0.5405
666,0.666,0.0025,-0.0032,0.0237,0.0054,-0.3248,-0.9341
667,0.667,0.0004,-0.0009,0.029,0.0044,-0.0945,-0.4586
668,0.668,0.0007,-0.0012,0.0122,0.0096,0.0554,0.1183
669,0.669,0.0011,-0.0047,0.0011,0.005,0.0831,0.1971
670,0.67,-0.0035,0.0014,0.0031,-0.0009,0.108,0.2682
671,0.671,-0.0004,-0.0011,-0.0025,-0.0031,0.1308,0.3329
672,0.672,-0.0009,-0.0003,-0.0111,-0.0052,0.0701,0.2754
673,0.673,0.0048,-0.001,-0.0343,-0.0035,0.2739,0.3283
674,0.674,-0.0036,-0.0026,-0.0508,0.0017,0.3554,0.8569
675,0.675,-0.0004,0.0051,-0.0302,-0.0032,0.183,0.6462
676,0.676,-0.0014,0.0041,-0.0276,-0.0001,-0.0192,0.0695
677,0.677,0.0013,0.0015,-0.0253,0.0016,-0.101,-0.1644
678,0.678,-0.0012,0.0024,-0.023,0.0031,-0.1258,-0.236
679,0.679,-0.0034,0.0046,-0.029,0.0053,-0.1037,-0.3008
680,0.68,-0.0027,-0.0032,-0.0121,0.0041,-0.1241,-0.2435
681,0.681,0.0031,-0.0021,-0.0054,-0.0016,-0.1426,-0.1912
682,0.682,0.0009,-0.0029,0.0088,-0.0025,-0.395,-0.7198
683,0.683,-0.0012,-0.0021,0.007,-0.0018,-0.2147,-0.7907
684,0.684,-0.0029,0.0032,0.0054,-0.0024,-0.05,-0.2145
685,0.685,0.0024,0.0039,0.0161,-0.0007,0.0998,0.174
686,0.686,-0.0012,0.0009,0.0148,-0.0002,0.1274,0.2456
687,0.687,-0.0043,0.0026,0.0211,0.0024,0.1032,0.3102
688,0.688,-0.0002,-0.0009,0.0243,-0.0007,0.1258,0.2527
689,0.689,-0.0017,0.0003,0.013,-0.0054,0.1056,0.2001
690,0.69,0.0005,0.0015,0.0118,0.0016,0.3463,0.5364
691,0.691,-0.0016,-0.002,0.033,-0.003,0.3137,0.8424
692,0.692,-0.0005,-0.003,0.0525,0.003,0.0874,0.4139
693,0.693,0.0005,-0.0042,0.0556,-0.0007,-0.0624,-0.0242
694,0.694,-0.0041,-0.0013,0.0639,0.0029,-0.0901,-0.2
695,0.695,-0.0072,-0.0032,0.0467,0.0046,-0.1149,-0.2537
696,0.696,0.0004,0.0007,0.0174,0.0099,-0.1375,-0.3024
697,0.697,-0.0069,-0.0029,-0.0027,0.005,-0.0768,-0.2592
698,0.698,-0.0024,-0.0007,-0.021,0.0056,-0.2435,-0.299
699,0.699,0.0071,-0.0045,-0.0311,0.0016,-0.4005,-0.8402
700,0.7,0.0082,0.0032,-0.0284,0.0022,-0.1766,-0.6085
701,0.701,0.0026,0.0042,-0.0312,0.0026,0.0326,-0.1151
702,0.702,-0.0027,0.0095,-0.0685,0.0006,0.1144,0.2064
703,0.703,-0.0054,0.003,-0.0526,-0.005,0.0903,0.2656
704,0.704,-0.0046,-0.0048,0.0009,-0.0058,0.1128,0.2137
705,0.705,-0.0083,0.0004,-0.006,-0.008,0.0521,0.2624
706,0.706,-0.0019,0.0049,-0.038,-0.0086,0.1076,0.2191
707,0.707,-0.0045,-0.001,-0.0787,-0.0043,0.3601,0.7355
708,0.708,-0.0008,-0.0048,-0.0732,-0.0026,0.2521,0.8062
709,0.709,-0.0001,-0.0028,-0.0488,-0.0073,0.0217,0.2302
710,0.71,0.0015,0.0003,-0.053,-0.0103,-0.0683,-0.1582
711,0.711,-0.0049,0.0007,-0.0411,-0.0051,-0.0959,-0.2295
712,0.712,-0.0024,-0.004,-0.0374,0.0014,-0.1208,-0.2941
713,0.713,0.006,-0.001,-0.0209,-0.0045,-0.0988,-0.2364
714,0.714,0.0092,-0.0051,0.024,-0.0038,-0.0787,-0.1837
715,0.715,0.0061,-0.0036,0.0303,-0.0003,-0.3565,-0.5199
716,0.716,0.0015,-0.0067,0.0244,0.0015,-0.3171,-0.9132
717,0.717,0.0023,-0.0064,0.0508,0.0079,-0.0644,-0.4374
718,0.718,0.0001,-0.0067,0.075,0.0054,0.1003,0.012
719,0.719,-0.0019,-0.0044,0.1057,0.006,0.0711,0.0719
720,0.72,0.0023,-0.0034,0.1097,0.0054,0.1525,0.2315
721,0.721,0.0099,-0.0009,0.0917,0.0148,0.1282,0.2805
722,0.722,0.0046,-0.0062,0.0885,0.0108,0.106,0.2377
723,0.723,0.0001,-0.0069,0.0737,0.007,0.2482,0.3571
724,0.724,0.0009,0.0008,0.0379,0.0014,0.378,0.8987
725,0.725,-0.0013,0.0018,0.004,-0.0039,0.1591,0.6671
726,0.726,-0.0062,0.0082,-0.0445,-0.0066,-0.0502,0.1742
727,0.727,-0.002,0.009,-0.0639,-0.0108,-0.0779,-0.1468
728,0.728,0.0032,0.0068,-0.0697,-0.0009,-0.1029,-0.2057
729,0.729,0.0097,0.0032,-0.0432,0.0061,-0.1255,-0.2588
730,0.73,0.0088,0.0037,-0.0094,-0.0002,-0.1054,-0.3072
731,0.731,0.0066,0.0019,-0.0492,0.0029,-0.1609,-0.1764
732,0.732,0.0017,0.0004,-0.0333,-0.0086,-0.4134,-0.7717
733,0.733,0.0022,0.0026,-0.0091,-0.0225,-0.2332,-0.8569
734,0.734,0.0017,0.0037,-0.0224,-0.0095,-0.0029,-0.3143
735,0.735,-0.0018,0.0012,-0.0186,0.0059,0.0871,0.1797
736,0.736,-0.0069,-0.0034,-0.044,0.0008,0.1146,0.2453
737,0.737,-0.0062,0.0008,-0.0871,0.0023,0.1394,0.3043
738,0.738,-0.0045,0.0036,-0.1401,0.0036,0.1172,0.2523
739,0.739,-0.0027,0,-0.0904,-0.0154,0.097,0.2048
740,0.74,-0.0012,0.0069,-0.0452,-0.0181,0.3748,0.5109
741,0.741,0.0058,0.0039,-0.0159,-0.0109,0.3353,0.8688
742,0.742,0.0068,0.0011,0.0429,0.0047,0.0825,0.4364
743,0.743,0.0023,-0.0031,0.129,0.0067,-0.0823,-0.088
744,0.744,-0.0003,0.0021,0.1405,0.0085,-0.1128,-0.1595
745,0.745,0.0004,-0.0072,0.1508,0,-0.1402,-0.2242
746,0.746,-0.0002,-0.0035,0.1791,-0.0046,-0.116,-0.2826
747,0.747,-0.0007,-0.0025,0.1704,-0.0116,-0.0938,-0.23
748,0.748,-0.0001,0.0027,0.0997,-0.0003,-0.2772,-0.2782
749,0.749,-0.0048,-0.0037,0.0141,0.0043,-0.4005,-0.9332
750,0.75,-0.009,0.0022,-0.0206,-0.0026,-0.154,-0.6524
751,0.751,-0.0085,0.0044,-0.0728,-0.0039,0.0108,-0.0552
752,0.752,-0.0049,0.0122,-0.1584,0.0039,0.1007,0.1788
753,0.753,-0.0006,0.0132,-0.1701,0.0028,0.1282,0.2504
754,0.754,-0.007,0.0048,-0.16,0.0001,0.1039,0.3153
755,0.755,-0.0044,0.0016,-0.1128,-0.0008,0.0817,0.2578
756,0.756,0.0009,0.0006,-0.0698,0.0091,0.1426,0.2056
757,0.757,0.0116,-0.0021,-0.0467,0.0131,0.4204,0.7344
758,0.758,0.0131,-0.0013,-0.0255,0.0094,0.2221,0.8051
759,0.759,0.0091,-0.0065,-0.0192,0.0104,0.0412,0.2292
760,0.76,0.0029,-0.0016,-0.0019,0.0093,-0.0579,-0.1592
761,0.761,0.004,-0.0032,0.0352,0.0047,-0.0881,-0.2304
762,0.762,0.001,-0.0037,0.1078,0.0021,-0.1155,-0.2947
763,0.763,-0.0017,-0.0002,0.1389,0.0043,-0.1402,-0.2371
764,0.764,-0.0008,-0.0023,0.1106,0.0049,-0.118,-0.1844
765,0.765,-0.003,-0.0052,0.0676,-0.0046,-0.3418,-0.5207
766,0.766,-0.0064,-0.0077,0.0131,0.0023,-0.3122,-0.914
767,0.767,-0.0006,-0.0024,-0.0223,0.0011,-0.1222,-0.4382
768,0.768,-0.0058,0.0045,-0.0544,0.0001,0.1004,0.0111
769,0.769,-0.0064,0.0036,-0.0835,0.0011,0.1309,0.187
770,0.77,-0.0094,0.0028,-0.0567,-0.0034,0.1041,0.2407
771,0.771,-0.0077,0.0021,-0.0325,-0.0009,0.129,0.2896
772,0.772,0.0001,-0.0014,0.0249,0.0028,0.0619,0.2466
773,0.773,0.0058,-0.0031,0.0171,0.0064,0.2452,0.2865
774,0.774,0.0068,0.0045,0.0242,-0.0031,0.3684,0.8279
775,0.775,0.0041,0.0015,0.0177,-0.0045,0.1667,0.5962
776,0.776,0.0083,0.0024,0.035,-0.0033,-0.0237,0.1031
777,0.777,0.0062,0.0015,0.0401,-0.0001,-0.0981,-0.2181
778,0.778,-0.0016,-0.0069,0.0256,0.0072,-0.1209,-0.1611
779,0.779,-0.0006,-0.0013,0.0123,0.0045,-0.1415,-0.2146
780,0.78,-0.0052,-0.0043,0.0083,-0.0033,-0.1233,-0.2631
781,0.781,0.0026,-0.0016,0.0118,-0.0149,-0.1401,-0.2198
782,0.782,0.0057,-0.0025,0.0149,-0.0103,-0.3698,-0.736
783,0.783,0.0049,-0.0003,0.0235,0.0022,-0.2715,-0.8067
784,0.784,0.0023,0.0004,0.0261,-0.0063,-0.0025,-0.2306
785,0.785,-0.0062,0.0062,0.0283,-0.0047,0.1063,0.1578
786,0.786,-0.0094,0.0024,-0.0056,-0.0061,0.1396,0.2293
787,0.787,-0.0104,-0.0011,-0.0786,-0.0024,0.1101,0.294
788,0.788,-0.0059,0.0006,-0.0684,-0.0034,0.1373,0.2365
789,0.789,0,0.0011,-0.0591,0.0019,0.1129,0.1839
790,0.79,0.0037,-0.0025,-0.0504,0.0027,0.3594,0.5203
791,0.791,0.0086,-0.0028,-0.027,-0.0015,0.3267,0.9136
792,0.792,0.0069,-0.0008,-0.0054,0.0037,0.1177,0.4378
793,0.793,0.0035,-0.0034,0.0088,0.0031,-0.0756,-0.0311
794,0.794,0.0006,-0.0024,0.0027,0.0026,-0.1033,-0.2247
795,0.795,-0.0009,-0.0021,0.0205,-0.0015,-0.1282,-0.2839
796,0.796,-0.007,0.003,0.0048,-0.0092,-0.1061,-0.232
797,0.797,-0.0028,0.0037,0.0194,-0.0124,-0.086,-0.2807
798,0.798,-0.0036,-0.0006,0.0239,-0.0114,-0.2527,-0.3248
799,0.799,-0.0001,0.0011,0.02,-0.001,-0.4097,-0.9207
800,0.8,-0.0018,-0.0036,0.0235,0.0115,-0.1858,-0.6661
801,0.801,0.0011,-0.0031,0.0265,0.0031,0.0235,-0.1236
802,0.802,-0.0025,-0.0048,0.0533,0.0047,0.1053,0.2292
803,0.803,-0.0022,-0.0106,0.0566,0.0061,0.1303,0.2939
804,0.804,-0.0062,-0.0069,0.0466,0.0073,0.1083,0.2362
805,0.805,0.0016,-0.0049,0.0195,-0.003,0.0881,0.2893
806,0.806,-0.0017,0.0009,0.0015,-0.0016,0.1437,0.2413
807,0.807,-0.0007,-0.0029,-0.0016,-0.0004,0.3962,0.7214
808,0.808,-0.0016,0.0007,-0.0103,0.0028,0.216,0.7854
809,0.809,0.0009,-0.0036,0.0146,0.0123,0.0514,0.1452
810,0.81,0.0046,-0.0007,-0.0017,0.0211,-0.0984,-0.2825
811,0.811,0.001,0.0008,-0.0467,0.018,-0.1259,-0.2069
812,0.812,-0.002,0.002,-0.053,0.021,-0.1017,-0.2783
813,0.813,-0.0049,0.0008,-0.0939,0.007,-0.1242,-0.2153
814,0.814,-0.0097,0.0034,-0.0779,-0.0031,-0.104,-0.158
815,0.815,-0.0115,0.0086,-0.0732,-0.0124,-0.3447,-0.528
816,0.816,-0.0051,0.0156,-0.0777,-0.0209,-0.3777,-0.8651
817,0.817,-0.0077,0.011,-0.0659,-0.0224,-0.1687,-0.4722
818,0.818,-0.0084,0.0119,-0.0331,-0.0155,0.0759,0.11
819,0.819,-0.0035,0.0097,0.0243,-0.0092,0.1094,0.1884
820,0.82,0.0059,0.0033,0.0321,-0.0082,0.1396,0.2592
821,0.821,0.0073,-0.0026,0.0251,-0.0029,0.1669,0.3235
822,0.822,0.016,0.0012,0.0188,-0.0038,0.0933,0.2656
823,0.823,0.0082,-0.0009,0.0133,0.0005,0.2501,0.3182
824,0.824,-0.0033,-0.0039,0.0186,-0.0017,0.3926,0.8465
825,0.825,0.0073,0.0002,0.014,-0.0011,0.1888,0.6356
826,0.826,0.0169,0.007,0.0273,0.0059,-0.0015,0.0587
827,0.827,0.003,-0.0015,0.0234,0.0143,-0.0759,-0.1753
828,0.828,0.0012,-0.0004,0.027,0.0111,-0.0985,-0.247
829,0.829,-0.0006,-0.0057,0.0434,0.0059,-0.1191,-0.3118
830,0.83,0.0009,-0.0065,0.0522,0.0086,-0.1008,-0.2545
831,0.831,-0.0004,-0.0005,0.0713,0.0009,-0.1513,-0.2023
832,0.832,-0.0042,0.0002,0.0785,-0.0086,-0.3808,-0.7311
833,0.833,0.0061,0.0066,0.0806,-0.0023,-0.2824,-0.8019
834,0.834,0.0102,0.0007,0.0786,0.008,-0.0133,-0.226
835,0.835,-0.0012,0.0014,0.0506,0.0094,0.0956,0.1624
836,0.836,0.0003,-0.0006,-0.0015,0.0075,0.1289,0.2337
837,0.837,0.0099,-0.0036,-0.0229,0.0038,0.0995,0.2983
838,0.838,0.0011,-0.0008,-0.0423,-0.0087,0.1268,0.2406
839,0.839,-0.0021,-0.0023,-0.0834,-0.0037,0.1025,0.188
840,0.84,0.0031,-0.0011,-0.1527,0.0009,0.349,0.5243
841,0.841,-0.0054,-0.0007,-0.1053,-0.0004,0.3164,0.9177
842,0.842,-0.0086,0.0018,-0.0967,0.0008,0.1075,0.4421
843,0.843,-0.0055,0.0057,-0.0733,0.0019,-0.0828,-0.0071
844,0.844,-0.0047,-0,-0.0235,0.0009,-0.1079,-0.1829
845,0.845,0.0031,-0.0037,-0.0299,-0.0018,-0.1306,-0.2367
846,0.846,0.0084,-0.0002,-0.0006,-0.0146,-0.1105,-0.2854
847,0.847,0.0057,-0.0019,0.0474,-0.0165,-0.0922,-0.2421
848,0.848,0.0031,-0.0035,0.0538,-0.0148,-0.2436,-0.282
849,0.849,-0.0038,-0.003,0.0711,-0.0132,-0.386,-0.8232
850,0.85,-0.0011,0,0.0549,-0.0063,-0.1823,-0.5914
851,0.851,-0.0002,-0.002,0.05,0.0025,0.008,-0.0981
852,0.852,-0.0024,0.0006,0.0012,0.0058,0.0825,0.2234
853,0.853,0.004,-0.0005,-0.0313,0.0068,0.1053,0.1667
854,0.854,0.0049,0.0006,-0.014,0.0041,0.126,0.2204
855,0.855,-0.0004,-0.0001,-0.03,0.0067,0.1078,0.2693
856,0.856,-0.0039,-0.004,-0.0348,-0.0018,0.1583,0.2264
857,0.857,-0.0034,-0.0035,0.005,0.0038,0.388,0.6633
858,0.858,-0.011,-0.005,0.0316,0.0008,0.2896,0.8383
859,0.859,-0.0057,0.002,0.046,-0.0056,0.0206,0.2568
860,0.86,-0.003,-0.0033,0.0681,-0.0013,-0.0881,-0.1314
861,0.861,-0.0038,-0.0024,0.0481,0.0024,-0.1214,-0.2028
862,0.862,0.0078,-0.0049,0.0588,0.0044,-0.1515,-0.2673
863,0.863,0.0061,-0.0086,0.0289,0.0014,-0.1246,-0.3255
864,0.864,0.0016,-0.0022,0.0248,0.0019,-0.1002,-0.1671
865,0.865,-0.0025,-0.003,-0.0153,0.0054,-0.3467,-0.5031
866,0.866,-0.0062,-0.0082,-0.0634,0.0032,-0.3141,-0.8962
867,0.867,-0.0072,-0.0033,-0.0826,0.0035,-0.1052,-0.4203
868,0.868,-0.0082,-0.0003,-0.1,0.0009,0.0852,0.0292
869,0.869,-0.0036,-0.0032,-0.0626,-0.0023,0.1105,0.2055
870,0.87,0.0007,0.0016,-0.0575,0.0016,0.1333,0.2596
871,0.871,0.0015,0.001,-0.0616,0.0031,0.1132,0.3088
872,0.872,-0.0005,0.0005,-0.0092,0.0073,0.095,0.2661
873,0.873,0.0038,0.0062,-0.0018,0.0068,0.2465,0.3065
874,0.874,0.0079,0.0069,0.0178,0.0043,0.3889,0.8484
875,0.875,0.0053,0.0076,0.0355,-0.0018,0.1851,0.6169
876,0.876,-0.0016,0.0059,0.0198,-0.0009,-0.0595,0.1241
877,0.877,0.0015,0.0018,0.0343,-0.0016,-0.093,-0.1968
878,0.878,0.0007,-0.0007,0.0389,-0.0065,-0.1233,-0.2556
879,0.879,0.005,0.0035,0.0351,-0.0107,-0.0965,-0.3087
880,0.88,0.0056,0.0006,0.0461,-0.0102,-0.1213,-0.2608
881,0.881,-0.0008,0.0021,0.0297,-0.0087,-0.1438,-0.217
882,0.882,-0.0033,0.0072,0.0027,-0.0045,-0.4085,-0.7329
883,0.883,-0.0026,0.0051,-0.0082,0.0043,-0.3006,-0.8031
884,0.884,-0.0005,-0.0006,0.0016,0.0105,-0.0047,-0.2266
885,0.885,0.0065,0.0015,0.0287,0.0137,0.1149,0.1623
886,0.886,0.0057,0.008,0.0178,0.0167,0.0793,0.2343
887,0.887,0.0015,-0.0015,0.0013,0.014,0.1124,0.2993
888,0.888,-0.0007,-0.0003,-0.0379,0.0011,0.1423,0.2422
889,0.889,0,0.0029,-0.0433,-0.0268,0.1153,0.1899
890,0.89,-0.0017,0.0039,-0.0193,-0.015,0.337,0.4305
891,0.891,-0.0033,0.0047,-0.0064,-0.0042,0.3074,0.9115
892,0.892,-0.0058,-0.0012,-0.0027,-0.001,0.1174,0.4641
893,0.893,-0.0046,0.0041,0.0155,-0.0039,-0.0557,-0.0602
894,0.894,-0.0001,0.0037,0.0145,-0.0013,-0.0955,-0.2043
895,0.895,0.0003,-0.0041,0.0245,-0.0037,-0.1183,-0.2753
896,0.896,-0.0033,-0.0031,0.0455,-0.0059,-0.1389,-0.2117
897,0.897,0.001,-0.0023,0.087,0.0042,-0.0836,-0.2701
898,0.898,0.0005,-0.0031,0.1165,0.0023,-0.2351,-0.323
899,0.899,0.0053,0.0006,0.1007,-0.0027,-0.3776,-0.8516
900,0.9,0.0048,-0.0015,0.0572,-0.0043,-0.2109,-0.6411
901,0.901,0.0031,0.0002,0.0164,0.0027,0.0363,-0.0644
902,0.902,0.0016,0.0043,-0.0206,0.0015,0.0697,0.1693
903,0.903,-0.0015,-0.0004,-0.0544,0.0071,0.0998,0.1005
904,0.904,0.0014,-0.001,-0.0852,-0.0024,0.1271,0.165
905,0.905,-0.0005,-0.005,-0.1052,-0.0137,0.1027,0.3397
906,0.906,-0.0028,-0.0086,-0.1305,-0.0091,0.17,0.1816
907,0.907,-0.0005,-0.0137,-0.1008,-0.0022,0.3939,0.7101
908,0.908,-0.0035,-0.003,-0.0486,0.0016,0.2449,0.7806
909,0.909,-0.0023,-0.0015,-0.0131,0.0093,0.0547,0.3325
910,0.91,-0.0027,-0.0056,0.0321,0.0063,-0.0692,-0.0759
911,0.911,0.0019,-0.0044,0.0494,0.0054,-0.0921,-0.2358
912,0.912,0.0024,0.0012,0.0334,0.0012,-0.1128,-0.2849
913,0.913,0.0029,0.0001,0.0188,0.0034,-0.1315,-0.2421
914,0.914,0.0014,0.0028,-0.0213,0.0028,-0.0812,-0.2032
915,0.915,-0.0017,0.0003,-0.0269,0.0033,-0.3108,-0.4559
916,0.916,-0.0014,0.001,-0.0226,0.0027,-0.4095,-0.9487
917,0.917,-0.0071,0.003,-0.0449,0.0032,-0.1407,-0.4567
918,0.918,-0.0149,0.0072,-0.0972,0.0044,0.0404,-0.0078
919,0.919,-0.0119,0.0031,-0.0903,0.0023,0.1395,0.1676
920,0.92,0.0021,-0.0004,-0.0711,0.0048,0.1101,0.2211
921,0.921,0.0122,0.0018,-0.0301,-0.0004,0.1374,0.1734
922,0.922,0.0141,-0.0021,-0.0353,-0.012,0.1129,0.2172
923,0.923,0.0056,-0.0057,-0.0207,-0.0069,0.2698,0.336
924,0.924,-0.002,0.0004,0.0192,0.0007,0.4122,0.877
925,0.925,-0.0007,-0.0021,0.046,-0.0034,0.1714,0.6448
926,0.926,-0.0019,-0.0015,0.0415,0.0003,0.0066,0.1513
927,0.927,-0.0029,-0.0021,0.0373,0.0013,-0.0834,-0.1704
928,0.928,0.0001,-0.0039,0.0493,0.0043,-0.1109,-0.2299
929,0.929,-0.0007,0.0026,0.0968,0.0051,-0.1358,-0.2838
930,0.93,-0.0067,0,0.0905,0.0059,-0.1137,-0.2366
931,0.931,-0.0089,0.0007,0.0732,0.0053,-0.1341,-0.1935
932,0.932,-0.0054,0.0027,0.0575,0.0032,-0.412,-0.71
933,0.933,-0.0012,-0.0004,0.0432,0.0063,-0.2932,-0.7809
934,0.934,-0.0017,-0.0033,0.0301,0.0034,-0.0403,-0.333
935,0.935,-0.0053,-0.0058,0.0101,-0.0013,0.1246,0.1914
936,0.936,-0.0023,0.0002,0.0209,0.0004,0.0953,0.2627
937,0.937,0.0005,-0.0023,0.0177,-0.007,0.1226,0.3272
938,0.938,-0.0014,-0.0017,0.0385,-0.0065,0.0983,0.2695
939,0.939,0.0009,0.0048,0.0684,0.0012,0.0761,0.2168
940,0.94,-0.0042,0.0022,0.0162,0.0068,0.3407,0.4567
941,0.941,0.0036,0.0015,-0.0622,-0.0005,0.3049,0.8499
942,0.942,0.0108,0.0108,-0.0725,0.0003,0.1404,0.4801
943,0.943,0.0062,0.0071,-0.063,0.0028,-0.0689,-0.05
944,0.944,0.0019,0.0039,-0.1061,-0.0041,-0.0965,-0.2625
945,0.945,0.0012,0.0008,-0.1139,-0.0014,-0.1214,-0.1999
946,0.946,-0.0008,0.0017,-0.0356,-0.0109,-0.144,-0.2587
947,0.947,-0.0039,-0.0009,0.0166,-0.0122,-0.0832,-0.2066
948,0.948,0.0002,0.0013,0.026,-0.0154,-0.2498,-0.255
949,0.949,-0.0034,-0.0051,-0.0171,-0.0059,-0.4068,-0.9105
950,0.95,0.0035,0.0008,-0.0248,-0.0047,-0.1829,-0.6302
951,0.951,0.015,-0.0061,0.0106,-0.0015,0.0263,-0.2037
952,0.952,0.0134,0.0023,0.0298,-0.0025,0.1082,0.1849
953,0.953,0.0037,-0.0009,0.0239,-0.0034,0.1332,0.2562
954,0.954,-0.0051,0.0022,0.0185,-0.0025,0.1111,0.3207
955,0.955,-0.0083,-0.0024,0.0137,0.0012,0.0911,0.2631
956,0.956,0.0032,0.0054,0.0268,-0.0038,0.1467,0.2109
957,0.957,0.0016,0.0064,0.0306,0.0045,0.3992,0.6435
958,0.958,0.0057,-0,0.027,0.0035,0.2913,0.8183
959,0.959,-0.0006,0.0009,0.0634,0.0005,0.061,0.3422
960,0.96,0.0004,0.0016,0.0875,-0.0003,-0.0887,-0.1069
961,0.961,-0.0048,-0.0004,0.1007,-0.0028,-0.1163,-0.1662
962,0.962,-0.0021,0.0001,0.1124,0.0009,-0.1411,-0.2197
963,0.963,-0.003,-0.0004,0.1086,0.0073,-0.1189,-0.2683
964,0.964,0.0055,0.0044,0.0655,0.0168,-0.0987,-0.225
965,0.965,-0.0001,-0.0025,-0.0112,0.0105,-0.3394,-0.5028
966,0.966,-0.0031,-0.0033,-0.0635,0.0095,-0.3723,-0.8998
967,0.967,-0.0004,0.0009,-0.0732,0.0105,-0.1034,-0.4242
968,0.968,0.0004,0.0031,-0.0992,0.0002,0.0776,0.025
969,0.969,0.0026,-0.0017,-0.1226,-0.0039,0.1111,0.2009
970,0.97,0.002,0.0041,-0.144,-0.0002,0.1413,0.2547
971,0.971,0.0025,0.0019,-0.1376,0.0054,0.1145,0.3035
972,0.972,-0.0027,-0.0001,-0.1202,0.0064,0.0902,0.2604
973,0.973,-0.0033,-0.0031,-0.072,0.0055,0.2471,0.3004
974,0.974,-0.0028,-0.0026,-0.0909,0.0046,0.3896,0.842
975,0.975,-0.0032,-0.0051,-0.0848,-0.0006,0.1858,0.6104
976,0.976,-0.0027,-0.002,-0.0151,-0.0026,-0.0045,0.1175
977,0.977,-0.0069,-0.0059,0.0137,-0.0084,-0.0789,-0.2036
978,0.978,-0.0064,0.0019,0.0054,-0.0168,-0.1016,-0.2626
979,0.979,0.0015,0.0075,-0.0178,-0.0158,-0.1222,-0.3158
980,0.98,0.0005,0.0023,-0.0247,-0.0064,-0.104,-0.268
981,0.981,0.012,0.0031,-0.0053,-0.0026,-0.1545,-0.2244
982,0.982,0.0136,0.0023,0.0477,-0.0082,-0.3842,-0.6608
983,0.983,0.0096,-0.0029,0.0691,-0.0113,-0.2859,-0.8352
984,0.984,0.0059,-0.0035,0.0628,0.0027,-0.0168,-0.2533
985,0.985,0.0049,0.0007,0.0573,0.0048,0.092,0.1354
986,0.986,0.0019,0.0012,0.084,0.0029,0.1254,0.2072
987,0.987,-0.0044,-0.0065,0.0887,0.0046,0.0959,0.2723
988,0.988,-0.0103,-0.0097,0.0667,0.0092,0.1232,0.3312
989,0.989,-0.0081,-0.0066,0.0388,0.0051,0.0988,0.1734
990,0.99,-0.0016,0.0019,0.0207,0.0039,0.3453,0.4139
991,0.991,0.0044,0.0029,-0.0092,0.0029,0.3127,0.8948
992,0.992,0.0037,0.0039,-0.0212,0.006,0.1039,0.4474
993,0.993,-0.0011,-0.0064,0.0115,0.0087,-0.0864,0.0395
994,0.994,-0.0094,-0.0023,0.0069,0.0045,-0.1115,-0.2258
995,0.995,-0.0088,-0.004,0.0154,0.0115,-0.1248,-0.2316
996,0.996,-0.0055,-0.0003,0.0114,0.0088,-0.1475,-0.28
997,0.997,0.0018,0.003,0.0005,-0.0041,-0.0867,-0.2366
998,0.998,0.0082,0.0019,0.0037,-0.0171,-0.2163,-0.2761
999,0.999,0.0161,0.0028,0.0124,-0.0154,-0.4015,-0.8171
1000,1,0.0109,0.002,0.0095,-0.0047,-0.1797,-0.74
1001,1.001,0.0025,-0.0002,-0.0078,0.005,0.0296,-0.1058
1002,1.002,-0.0007,0.0018,-0.0235,0.0038,0.1115,0.1512
1003,1.003,-0.0037,0.0013,-0.0255,0.0007,0.0874,0.2299
1004,1.004,-0.0028,0.0007,-0.0051,-0.0002,0.1101,0.1607
1005,1.005,-0.0071,-0.005,-0.0133,-0.0028,0.09,0.2254
1006,1.006,-0.0018,0.0034,-0.006,-0.0139,0.1455,0.1678
1007,1.007,-0.0012,0.0024,0.0279,-0.0123,0.398,0.7491
1008,1.008,0.0005,-0.0006,0.0524,-0.0026,0.2901,0.8269
1009,1.009,-0.0047,-0.0034,0.0659,-0.0013,0.0598,0.3344
1010,1.01,-0.004,-0.0025,0.1102,-0.0045,-0.0899,-0.1146
1011,1.011,-0.0023,-0.0004,0.1047,0.005,-0.1176,-0.1739
1012,1.012,-0.0018,0.0045,0.0675,0.0063,-0.1425,-0.2274
1013,1.013,0.006,0.0003,0.0433,0.0031,-0.165,-0.276
1014,1.014,0.0027,-0.0026,0.0476,0.0062,-0.1448,-0.2326
1015,1.015,-0.0003,0.0009,-0.0046,0.0054,-0.3486,-0.4312
1016,1.016,-0.003,0.0031,-0.0402,0.008,-0.3217,-0.9005
1017,1.017,-0.0073,-0.0034,-0.0727,0.0133,-0.0996,-0.4529
1018,1.018,-0.008,-0.0098,-0.0435,0.0041,0.1097,0.0717
1019,1.019,-0.0087,-0.0039,-0.0701,0.003,0.0833,0.2841
1020,1.02,-0.0018,-0.0032,-0.0459,0.002,0.1574,0.2212
1021,1.021,0.001,0.0032,-0.1121,-0.0032,0.1353,0.2799
1022,1.022,0.0001,-0.0011,-0.2165,-0.0005,0.1151,0.2276
1023,1.023,-0.0021,0.0073,-0.147,0.0004,0.2447,0.2759
1024,1.024,-0.0015,0.0041,-0.1092,-0.0032,0.3962,0.8439
1025,1.025,-0.0046,0.001,-0.1206,-0.0052,0.2129,0.6121
1026,1.026,-0.0029,0.0074,-0.0684,-0.0035,-0.0095,0.1188
1027,1.027,-0.0004,0.0083,0.0361,-0.0006,-0.0995,-0.2025
1028,1.028,0.0017,0.0013,0.0501,0.0062,-0.1271,-0.2617
1029,1.029,-0.0003,0.0058,0.0376,0.007,-0.1029,-0.3154
1030,1.03,-0.0014,-0.0037,0.0262,0.0148,-0.0808,-0.268
1031,1.031,0.0038,0,0.0159,0.0053,-0.1419,-0.2248
1032,1.032,0.0016,-0.0056,-0.0125,-0.0034,-0.4198,-0.6615
1033,1.033,-0.0004,-0.0046,-0.0554,-0.0044,-0.301,-0.8363
1034,1.034,0.0013,-0.0092,-0.0318,-0.0075,-0.0482,-0.2547
1035,1.035,0.0041,0.0003,0.0466,-0.0101,0.1165,0.1337
1036,1.036,0.0056,-0.001,0.057,-0.0042,0.0872,0.2053
1037,1.037,0.0034,-0.0042,0.0855,0.0043,0.1145,0.2699
1038,1.038,0.0021,-0.0012,0.0597,0.0121,0.1391,0.3284
1039,1.039,0.0002,-0.0004,0.0675,-0.0003,0.072,0.1704
1040,1.04,-0.003,0.0004,0.0603,-0.0121,0.2957,0.4106
1041,1.041,-0.0011,0.0026,0.0666,-0.0136,0.3256,0.8912
1042,1.042,0.0024,0.0006,0.1074,-0.0067,0.1355,0.4435
1043,1.043,-0.0006,0.0022,0.0912,0.0021,-0.0871,0.0352
1044,1.044,-0.0063,-0.0018,0.0183,0.0077,-0.058,-0.2305
1045,1.045,-0.0026,0.0017,0.0283,0.0004,-0.1396,-0.2797
1046,1.046,-0.0019,-0.0005,0.0564,0.005,-0.1155,-0.324
1047,1.047,-0.0015,-0.0053,0.0647,0.0058,-0.0934,-0.2851
1048,1.048,-0.0044,-0.0083,0.0566,0.0064,-0.2358,-0.2494
1049,1.049,-0.0059,-0.0007,-0.0077,-0.0043,-0.4026,-0.7419
1050,1.05,-0.0037,0.0129,-0.0165,-0.012,-0.201,-0.6722
1051,1.051,0.0027,0.0036,-0.0401,-0.0273,0.0436,-0.0957
1052,1.052,0.0091,0.0053,-0.0047,-0.0212,0.077,0.1379
1053,1.053,0.015,0.0007,0.0015,-0.0194,0.1071,0.2091
1054,1.054,0.0127,-0.0007,-0.0752,-0.0177,0.1343,0.2735
1055,1.055,0.0063,-0.0019,-0.1483,-0.0039,0.1099,0.332
1056,1.056,-0.0049,-0.0029,-0.196,0.0017,0.1322,0.1739
1057,1.057,-0.0065,0.0044,-0.1705,0.0067,0.3968,0.7025
1058,1.058,-0.0078,0.0089,-0.1476,0.0112,0.2888,0.7732
1059,1.059,0.0009,0.0011,-0.0412,0.0072,0.0586,0.3251
1060,1.06,0.0134,0.0001,0.0657,0.0083,-0.0912,-0.0831
1061,1.061,0.0083,0.0009,0.0795,0.0093,-0.1188,-0.2429
1062,1.062,0.0038,-0.0016,0.067,0.0083,-0.1437,-0.2918
1063,1.063,0.0051,-0.0038,0.0556,0.0091,-0.1217,-0.2489
1064,1.064,0.0039,-0.0058,0.0453,0.0065,-0.1016,-0.2099
1065,1.065,0.005,-0.0028,-0.0021,-0.0035,-0.3425,-0.4626
1066,1.066,-0.0045,-0.0045,-0.011,-0.0105,-0.3756,-0.8897
1067,1.067,-0.0033,0.0013,-0.0345,-0.0043,-0.1068,-0.4832
1068,1.068,-0.0064,-0.0024,-0.0416,-0.0011,0.0743,-0.0063
1069,1.069,-0.0137,0.0025,0.0037,0.0042,0.1078,0.1869
1070,1.07,-0.0015,0.002,0.0331,-0.0023,0.1379,0.2459
1071,1.071,0.0036,-0.0009,0.028,0.0002,0.1111,0.2991
1072,1.072,0.0082,-0.0014,0.0234,0.0039,0.0866,0.2514
1073,1.073,0.0122,-0.0002,0.0101,-0.0011,0.2435,0.2951
1074,1.074,0.0034,0.0018,0.0062,-0.0016,0.3858,0.8906
1075,1.075,0.0002,-0.0039,0.0243,0.0071,0.182,0.6355
1076,1.076,-0.005,-0.0013,0.0473,0.0133,-0.0083,0.0927
1077,1.077,-0.0077,0.0009,0.0682,0.01,-0.0828,-0.1197
1078,1.078,-0.0017,0.0058,0.0494,0.009,-0.1056,-0.1849
1079,1.079,-0.001,0.0028,0.0326,0.0135,-0.1263,-0.2437
1080,1.08,-0.0088,0.0033,-0.0007,0.0093,-0.1082,-0.2972
1081,1.081,-0.0118,0.0059,-0.0732,-0.0023,-0.125,-0.1533
1082,1.082,-0.0053,-0.0011,-0.0833,-0.0074,-0.3547,-0.7213
1083,1.083,-0.0027,-0,-0.0167,0.0064,-0.2565,-0.799
1084,1.084,0.001,-0.0009,0.0095,-0.0066,-0.0475,-0.3064
1085,1.085,0.0018,0.0016,0.0021,-0.0084,0.0887,0.1429
1086,1.086,0.0001,-0.0021,-0.019,-0.016,0.1137,0.2024
1087,1.087,0.0006,-0,-0.0252,-0.0147,0.1363,0.2561
1088,1.088,0.0074,0.0069,0.0043,-0.0185,0.1162,0.3047
1089,1.089,0.0082,0.0005,0.0417,-0.006,0.0978,0.1742
1090,1.09,0.0091,0.0013,0.0563,0.0058,0.3165,0.4521
1091,1.091,0.0006,0.0007,0.0432,0.0043,0.3464,0.9215
1092,1.092,-0.0026,-0.0028,0.0633,0.0056,0.1022,0.4739
1093,1.093,-0.0036,0.0002,0.0742,0.0067,-0.0626,-0.0505
1094,1.094,0.001,-0.005,0.0907,0.0077,-0.093,-0.2627
1095,1.095,0.0001,-0.003,0.0637,0.0087,-0.1205,-0.1998
1096,1.096,0.0037,0.0013,0.0113,0.0152,-0.13,-0.2863
1097,1.097,0.0015,0.0043,-0.0214,0.0177,-0.1057,-0.2286
1098,1.098,-0.002,0.0015,-0.0522,0.0124,-0.2178,-0.2815
1099,1.099,0.0022,0.003,-0.0403,0.0131,-0.4011,-0.9059
1100,1.1,-0.0066,-0.0021,-0.0368,0.0073,-0.1793,-0.6508
1101,1.101,-0.0103,-0,-0.0271,-0.0041,0.0299,-0.1082
1102,1.102,-0.0047,-0.0017,-0.0243,-0.0126,0.1118,0.2451
1103,1.103,-0.0017,-0.0057,0.0058,-0.0172,0.0877,0.1823
1104,1.104,0.001,0.0001,0.0658,-0.0046,0.1103,0.2411
1105,1.105,0.007,-0.0021,0.1089,-0.0097,0.0902,0.189
1106,1.106,0.0063,0.0014,0.101,-0.0203,0.1087,0.1414
1107,1.107,0.0014,-0.0016,0.0511,-0.0133,0.3612,0.6219
1108,1.108,0.0031,-0.0011,-0.0332,-0.0045,0.2532,0.8143
1109,1.109,0.0047,-0.0016,-0.1139,-0.0034,0.023,0.2908
1110,1.11,-0.003,-0.0004,-0.1869,0.0018,-0.0671,-0.0621
1111,1.111,-0.0086,-0.0068,-0.1965,0.0064,-0.0947,-0.1274
1112,1.112,-0.0076,-0.0059,-0.1364,0.0142,-0.1196,-0.1861
1113,1.113,-0.0161,-0.0017,-0.0348,0.0069,-0.0975,-0.2395
1114,1.114,-0.0151,0.002,0.0066,-0.0034,-0.0773,-0.1917
1115,1.115,-0.0057,0.0041,-0.0062,-0.0074,-0.3551,-0.4101
1116,1.116,-0.0045,0.0024,-0.0868,-0.0086,-0.3949,-0.9265
1117,1.117,0.0032,-0.0017,-0.139,-0.0119,-0.1422,-0.4343
1118,1.118,0.0085,0.0019,-0.0916,-0.0109,0.0883,0.0148
1119,1.119,0.0058,0.0007,-0.0311,0.0013,0.1187,0.1907
1120,1.12,0.0032,0.0019,-0.0075,0.0064,0.1461,0.2445
1121,1.121,0.0132,-0.0017,0.0569,0.0019,0.1219,0.2931
1122,1.122,0.0035,-0.0039,0.1175,0.0005,0.0998,0.2501
1123,1.123,0.0047,-0.0103,0.1411,0.0068,0.2421,0.29
1124,1.124,0.0057,-0.0094,0.12,0.0123,0.4089,0.8314
1125,1.125,0.0004,0.0034,0.0617,0.0071,0.2072,0.5998
1126,1.126,-0.0005,0.0015,-0.04,-0.0014,-0.0374,0.1067
1127,1.127,-0.0013,-0.0001,-0.0538,0.0042,-0.0708,-0.2147
1128,1.128,-0.0007,0.0044,-0.0161,-0.0095,-0.101,-0.1578
1129,1.129,-0.0043,0.0004,0.0182,-0.0039,-0.1282,-0.3168
1130,1.13,-0.0085,0.0015,0.0078,0.0045,-0.1039,-0.2693
1131,1.131,-0.0114,0.0026,-0.0398,0.0091,-0.1263,-0.226
1132,1.132,-0.014,0.0078,-0.0487,0.0077,-0.3909,-0.6627
1133,1.133,-0.0071,0.0105,-0.0098,0.0014,-0.2829,-0.8375
1134,1.134,0.0024,0.0062,0.0398,-0.0019,-0.0526,-0.3615
1135,1.135,0.0086,-0.0007,0.0461,0.0011,0.0972,0.0877
1136,1.136,0.0164,0.0039,0.0518,0.002,0.0707,0.2633
1137,1.137,0.0174,0.0047,0.0358,0.0045,0.1449,0.3168
1138,1.138,0.0128,0.001,0.0213,-0.0008,0.1228,0.2692
1139,1.139,0.0017,-0.0039,0.0432,-0.0011,0.1027,0.2258
1140,1.14,-0.0029,-0.0045,0.0392,0.0067,0.3065,0.4243
1141,1.141,0.0012,-0.0004,0.0284,0.0036,0.3338,0.8936
1142,1.142,0.0049,-0.0009,-0.008,-0.0104,0.1118,0.446
1143,1.143,0.0016,0.0021,-0.0224,-0.0124,-0.0378,0.0377
1144,1.144,-0.0036,-0.0008,-0.0091,0.0007,-0.1196,-0.2279
1145,1.145,-0.0009,0.0017,0.0028,0.0024,-0.0953,-0.2771
1146,1.146,-0.0035,-0.0029,0.0063,-0.0052,-0.1178,-0.3215
1147,1.147,-0.0013,-0.0046,0.0029,-0.0011,-0.0975,-0.2825
1148,1.148,-0.002,-0.0029,-0.0122,-0.0074,-0.2271,-0.2468
1149,1.149,0.0022,-0.0024,-0.0043,-0.0152,-0.4122,-0.7393
1150,1.15,-0.0007,-0.0055,0.0228,-0.0121,-0.1903,-0.6697
1151,1.151,0.0029,-0.0043,0.0191,-0.0018,0.0191,-0.0933
1152,1.152,-0.0014,-0.0018,-0.0174,-0.0143,0.1011,0.1404
1153,1.153,-0.0031,0.0006,-0.0129,-0.0126,0.1262,0.2118
1154,1.154,-0.0036,-0.0025,0.0088,-0.0019,0.1043,0.2764
1155,1.155,-0.0014,-0.0022,0.0124,0.0077,0.1249,0.3348
1156,1.156,-0.0042,-0.0032,0.023,0.0065,0.1436,0.1766
1157,1.157,-0.0061,-0.0015,0.0657,0.0121,0.3962,0.609
1158,1.158,-0.0009,-0.0008,0.1301,0.0131,0.2884,0.7837
1159,1.159,-0.0002,0.0009,0.1384,0.0067,0.0583,0.3078
1160,1.16,0.0091,-0.0024,0.1618,0.0127,-0.0913,-0.1413
1161,1.161,0.0054,0.0041,0.1263,0.0134,-0.1187,-0.2007
1162,1.162,0.0022,0.0049,0.0422,0.0042,-0.1434,-0.2543
1163,1.163,-0.0008,0.004,-0.0153,0.0079,-0.1211,-0.303
1164,1.164,0.0019,0.0018,-0.0881,0.009,-0.1008,-0.1725
1165,1.165,-0.0023,0.0039,-0.1163,0.0038,-0.3044,-0.4504
1166,1.166,-0.0123,-0.003,-0.1592,0.0011,-0.3315,-0.9198
1167,1.167,-0.0192,-0.0003,-0.2135,-0.0031,-0.1094,-0.4724
1168,1.168,-0.0053,-0.0028,-0.2204,-0.0052,0.0406,0.0521
1169,1.169,0.0003,0.0009,-0.2135,-0.0101,0.0685,0.2644
1170,1.17,0.0088,0.0044,-0.1484,-0.0058,0.1428,0.2014
1171,1.171,0.0134,0.0028,-0.1049,0.003,0.121,0.2599
1172,1.172,0.0094,0.008,-0.0656,0.0068,0.1009,0.2077
1173,1.173,-0.002,0.0016,-0.0156,0.0013,0.2307,0.2559
1174,1.174,-0.0034,-0.0043,0.0039,0.0004,0.3824,0.8238
1175,1.175,0.0007,-0.0035,0.057,-0.0022,0.1993,0.7468
1176,1.176,-0.0005,0.0029,0.0927,0.0021,-0.023,0.1127
1177,1.177,0.0005,0.0021,0.1121,0.0058,-0.1129,-0.1443
1178,1.178,0.0057,-0.0001,0.0948,0.0123,-0.0861,-0.2229
1179,1.179,0.0066,-0.0036,0.0897,0.0064,-0.1108,-0.2937
1180,1.18,0.004,0.0007,0.0561,-0.002,-0.1333,-0.2304
1181,1.181,0.0047,0.0002,0.0518,0.0012,-0.113,-0.1728
1182,1.182,-0.0059,0.0028,0.0319,0.0128,-0.3908,-0.6484
1183,1.183,-0.0044,-0.0014,0.0284,-0.0041,-0.2719,-0.8406
1184,1.184,-0.0085,-0.0055,0.0121,-0.0063,-0.091,-0.317
1185,1.185,-0.0047,0.0003,-0.0149,-0.0083,0.0738,0.1767
1186,1.186,-0.0015,0.0041,0.0033,-0.0101,0.1041,0.2422
1187,1.187,-0.0005,0.0005,0.0332,-0.005,0.1315,0.3012
1188,1.188,-0.0032,-0.0011,0.0294,-0.0034,0.1073,0.2491
1189,1.189,-0.0074,0.003,-0.0108,-0.0048,0.0851,0.2014
1190,1.19,-0.0005,0.0004,-0.0376,-0.0085,0.309,0.42
1191,1.191,0.0059,0.0035,-0.0425,-0.014,0.3389,0.9364
1192,1.192,0.0067,0.0055,-0.0471,-0.0171,0.149,0.4444
1193,1.193,0.0136,-0.0002,-0.0511,-0.003,-0.0735,-0.0045
1194,1.194,0.0128,-0.001,-0.0184,0.0071,-0.1039,-0.1803
1195,1.195,0.0016,-0.0032,0.0478,0.009,-0.1314,-0.2342
1196,1.196,-0.0029,0.0032,0.0763,0.0073,-0.1071,-0.2829
1197,1.197,-0.0109,0.0039,0.0499,0.0027,-0.0813,-0.2609
1198,1.198,-0.0039,0.0047,0.0068,-0.0043,-0.1933,-0.2175
1199,1.199,-0.0002,-0.0022,-0.001,-0.008,-0.4173,-0.813
1200,1.2,-0.0057,-0.003,0.0489,-0.007,-0.2088,-0.7282
1201,1.201,-0.0047,0.0048,0.1073,0.0025,0.0358,-0.1854
1202,1.202,-0.0039,0.0038,0.1307,-0.0038,0.0693,0.1679
1203,1.203,0.0021,0.0011,0.1236,-0.0027,0.0994,0.2331
1204,1.204,0.0042,-0.0014,0.1042,0.0088,0.1268,0.2917
1205,1.205,0.0107,-0.0036,0.0631,0.0073,0.1024,0.2395
1206,1.206,0.0064,-0.0056,-0.0171,0.0114,0.1247,0.0958
1207,1.207,0.0012,-0.0039,-0.0518,0.0052,0.3893,0.5762
1208,1.208,-0.0008,0.0001,-0.1876,-0.0051,0.2813,0.7684
1209,1.209,-0.0039,0.0027,-0.2432,-0.0037,0.0509,0.3613
1210,1.21,-0.0127,-0.0004,-0.1592,-0.0025,-0.0989,-0.1159
1211,1.211,-0.0164,-0.0024,-0.0217,0.0053,-0.0725,-0.1812
1212,1.212,-0.0108,-0.0005,-0.0034,-0.0042,-0.0974,-0.2402
1213,1.213,0.0007,-0.0044,-0.054,-0.013,-0.1201,-0.2935
1214,1.214,-0.0069,-0.005,-0.0695,-0.0075,-0.1001,-0.2458
1215,1.215,-0.0029,-0.0038,-0.0838,0.002,-0.3039,-0.377
1216,1.216,0.0034,0.0009,-0.0716,0.0056,-0.3853,-0.8934
1217,1.217,0.009,-0.0008,-0.1064,0.0066,-0.1634,-0.542
1218,1.218,0.0059,0.0009,-0.0962,0.0076,0.0459,0.0349
1219,1.219,0.0014,-0.0027,0.0271,-0.0065,0.0735,0.2687
1220,1.22,0.0022,-0.0069,0.1449,-0.025,0.1475,0.1996
1221,1.221,-0.0015,-0.0098,0.1299,-0.0127,0.1254,0.264
1222,1.222,-0.0121,-0.0146,0.0885,-0.0062,0.1052,0.3224
1223,1.223,-0.0136,-0.0141,0.051,-0.0001,0.2348,0.2698
1224,1.224,0.0045,-0.0054,0.0167,-0.0021,0.3863,0.7983
1225,1.225,0.0168,0.0059,-0.0142,0.0063,0.203,0.7285
1226,1.226,0.019,0.0074,-0.0235,0.0078,-0.0195,0.152
1227,1.227,0.0088,0.0005,-0.0147,0.0091,-0.1095,-0.2366
1228,1.228,-0.0005,0.0016,-0.0067,0.0078,-0.083,-0.1676
1229,1.229,0.0013,-0.0016,0.0006,0.0068,-0.1078,-0.2324
1230,1.23,-0.0002,0.0056,0.02,0.0037,-0.1304,-0.2912
1231,1.231,0.0011,0.0029,0.0256,0.0028,-0.1103,-0.2388
1232,1.232,0.0023,0.0054,0.052,0.0105,-0.3881,-0.6713
1233,1.233,0.0079,-0.0016,0.0471,0.0135,-0.2694,-0.8462
1234,1.234,0.0048,0.0048,0.0073,0.0012,-0.0165,-0.3703
1235,1.235,0.0057,0.0039,-0.0086,-0.0073,0.0825,0.0789
1236,1.236,0.0031,0.0017,0.0156,-0.012,0.1128,0.2544
1237,1.237,0.0053,-0.0033,0.0819,-0.008,0.1402,0.308
1238,1.238,0.0074,0.0025,0.1293,0.0008,0.116,0.2606
1239,1.239,0.0057,0.0031,0.0863,0.0111,0.0938,0.2173
1240,1.24,-0.0031,0.0051,0.0785,0.012,0.3176,0.4158
1241,1.241,-0.0067,0.0067,-0.0141,0.0079,0.3476,0.885
1242,1.242,-0.0099,0.0027,-0.0773,0.0042,0.1577,0.5654
1243,1.243,-0.0109,0.0011,-0.1118,0.0009,-0.0647,0.0408
1244,1.244,-0.0118,0.0007,-0.122,0.0081,-0.0951,-0.1717
1245,1.245,-0.0092,-0.0005,-0.0935,0.0073,-0.1225,-0.2368
1246,1.246,-0.0145,0.0005,-0.0503,0.0064,-0.1473,-0.2956
1247,1.247,-0.0151,0.0022,-0.0271,0.0042,-0.0802,-0.2435
1248,1.248,-0.0121,-0.0029,-0.0771,-0.0065,-0.2225,-0.292
1249,1.249,-0.0033,-0.0036,-0.0321,-0.002,-0.3893,-0.86
1250,1.25,0.0029,-0.0006,-0.015,-0.0229,-0.2325,-0.7832
1251,1.251,0.0132,-0.0035,0.0114,-0.0258,0.0328,-0.1494
1252,1.252,0.0063,0.0012,0.055,-0.0286,0.0696,0.2778
1253,1.253,0.0051,0.0017,0.1196,-0.0113,0.1029,0.2018
1254,1.254,0.0061,-0.0023,0.111,-0.0092,0.133,0.2726
1255,1.255,0.0031,-0.0029,0.0405,-0.0194,0.1061,0.337
1256,1.256,0.0058,0.0022,0.0311,-0.0064,0.1308,0.163
1257,1.257,0.0083,0.0029,0.0569,0.0088,0.4222,0.6386
1258,1.258,0.0014,0.0034,0.0333,0.0108,0.3035,0.8307
1259,1.259,-0.0031,0.0029,-0.0025,0.0052,0.0507,0.3072
1260,1.26,-0.009,0.0024,-0.0092,0.0068,-0.114,-0.0458
1261,1.261,-0.002,0.0002,-0.0266,0.0052,-0.0847,-0.239
1262,1.262,0.0007,0.0049,-0.0316,0.0066,-0.112,-0.2979
1263,1.263,0.0085,0.0044,0.0316,0.0103,-0.1367,-0.2455
1264,1.264,0.0095,-0.0009,0.0232,0.0112,-0.1145,-0.1977
1265,1.265,-0.0026,-0.0002,-0.0627,0.0082,-0.2977,-0.4162
1266,1.266,-0.0043,-0.0007,-0.1201,-0.0003,-0.3716,-0.9326
1267,1.267,-0.0058,0.0034,-0.1097,0.0029,-0.1248,-0.5811
1268,1.268,-0.0044,-0.0001,-0.1191,0.0081,0.0402,-0.0042
1269,1.269,-0.0007,-0.0013,-0.0758,0.0017,0.0707,0.2295
1270,1.27,0.0026,0.0052,-0.0365,-0.0026,0.0982,0.3009
1271,1.271,-0.0004,0.0044,-0.0148,-0.0019,0.1231,0.2374
1272,1.272,0.0042,-0.0015,0.0047,0.0087,0.1011,0.2959
1273,1.273,0.017,0.0007,0.0695,0.0042,0.2028,0.2434
1274,1.274,0.0114,-0.0041,0.061,0.0138,0.4068,0.772
1275,1.275,-0.0038,-0.0058,0.0532,-0,0.2171,0.7023
1276,1.276,-0.0139,-0.0052,0.0319,-0.0093,-0.0053,0.1259
1277,1.277,-0.012,-0.0036,-0.0132,-0.011,-0.0953,-0.1079
1278,1.278,-0.0171,-0.0024,0.0279,-0.0004,-0.1228,-0.1794
1279,1.279,-0.0065,0.0024,0.1081,0.0092,-0.0985,-0.244
1280,1.28,0.006,0.003,0.1198,0.008,-0.1211,-0.3025
1281,1.281,0.0077,0.0036,0.0678,-0.0045,-0.1009,-0.1445
1282,1.282,0.0123,0.0011,0.0016,-0.0028,-0.3787,-0.6731
1283,1.283,0.0163,-0.0011,-0.0416,-0.0013,-0.26,-0.8843
1284,1.284,0.0126,-0.0007,-0.0808,-0.0026,-0.0792,-0.3084
1285,1.285,-0.0045,-0.0042,-0.1023,-0.0089,0.0856,0.0801
1286,1.286,-0.0168,0.0001,-0.0701,-0.0033,0.0563,0.1518
1287,1.287,-0.019,0.0006,-0.0409,-0.0128,0.1378,0.2165
1288,1.288,-0.017,0.0002,-0.0143,-0.0139,0.1134,0.2752
1289,1.289,-0.0115,0.0014,0.0391,-0.0013,0.0911,0.2227
1290,1.29,0.0003,0.0011,0.0179,0.0004,0.3149,0.3669
1291,1.291,0.0141,-0.0024,-0.0271,-0.0041,0.3448,0.935
1292,1.292,0.0122,-0.0036,-0.0564,0.0029,0.1548,0.5482
1293,1.293,0.0037,-0.0006,-0.0085,0.0017,-0.0677,0.0547
1294,1.294,0.0021,0.0004,0.0757,0.0028,-0.0982,-0.1389
1295,1.295,0.0007,0.0001,0.1331,0.0018,-0.1257,-0.198
1296,1.296,0.007,0.0052,0.1432,0.0083,-0.1016,-0.2515
1297,1.297,0.0102,-0.0012,0.0956,0.0074,-0.0795,-0.3
1298,1.298,0.0151,-0.0019,0.0908,0.0053,-0.1918,-0.2411
1299,1.299,0.0181,-0.0011,0.0478,0.0089,-0.4159,-0.8091
1300,1.3,0.0059,-0.0017,-0.0066,0.0059,-0.2074,-0.7323
1301,1.301,0.0041,0.0003,-0.0847,0.0054,-0.0173,-0.2393
1302,1.302,-0.0065,-0.0014,-0.0742,0.0007,0.1064,0.2101
1303,1.303,-0.0162,0.0003,-0.1213,0.0013,0.129,0.2695
1304,1.304,-0.015,-0.0002,-0.1297,0.0019,0.1089,0.2173
1305,1.305,-0.0141,0.002,-0.0277,0.0046,0.1274,0.2659
1306,1.306,-0.0171,0.0032,0.0418,0.0069,0.1107,0.2227
1307,1.307,-0.0199,-0.0026,0.0292,0.0006,0.3402,0.58
1308,1.308,-0.0191,0.0017,-0.0285,-0.0001,0.3074,0.8206
1309,1.309,-0.0139,0.0039,-0.0599,-0.0059,0.0383,0.3398
1310,1.31,-0.0033,0.0032,-0.0697,-0.0021,-0.0706,-0.1094
1311,1.311,0.0106,0.0027,-0.0442,-0.0013,-0.1042,-0.285
1312,1.312,0.0161,0.001,-0.0367,-0.0055,-0.1344,-0.3388
1313,1.313,0.011,-0.0006,-0.0581,-0.0013,-0.1077,-0.2913
1314,1.314,0.0065,-0.0075,-0.0127,0.0023,-0.0834,-0.1607
1315,1.315,0.0024,-0.0003,0.0642,-0.0046,-0.375,-0.3593
1316,1.316,0.0012,0.0005,0.054,-0.0076,-0.4149,-0.9007
1317,1.317,-0.002,-0.0038,0.0447,-0.0048,-0.1623,-0.514
1318,1.318,-0.0073,-0.0031,0.0188,0.0012,0.0679,-0.0204
1319,1.319,-0.0081,-0.0038,-0.0045,0.0006,0.0982,0.301
1320,1.32,-0.009,-0.0096,0.017,0.0013,0.1255,0.2441
1321,1.321,-0.0038,-0.0074,0.0107,-0.0017,0.1501,0.2976
1322,1.322,0.0068,-0.0095,0.0401,-0.0069,0.083,0.25
1323,1.323,0.0053,-0.0053,0.0562,0.0038,0.2253,0.2067
1324,1.324,0.0066,-0.0025,0.0419,0.0054,0.429,0.8022
1325,1.325,0.0129,-0.0031,-0.0154,0.0123,0.2393,0.7176
1326,1.326,0.0161,-0.0009,-0.07,0.0161,0.0168,0.1751
1327,1.327,0.0108,-0.0049,-0.1056,0.0083,-0.0733,-0.178
1328,1.328,0.0023,0.0009,-0.0344,0.0093,-0.1009,-0.2433
1329,1.329,-0.0055,0.0001,-0.006,0.0085,-0.1257,-0.302
1330,1.33,-0.0045,0.0036,0.0372,-0.0044,-0.1037,-0.2497
1331,1.331,-0.0053,0.0053,0.1235,-0.0099,-0.1242,-0.2021
1332,1.332,-0.0113,0.0024,0.135,-0.0116,-0.365,-0.5952
1333,1.333,-0.0028,0.0071,0.0828,-0.001,-0.2668,-0.8597
1334,1.334,0.0004,0.004,0.0164,0.0003,-0.0577,-0.3309
1335,1.335,0.0077,-0.0013,0.0075,-0.011,0.0784,0.1628
1336,1.336,0.0104,-0.0007,-0.0005,-0.0156,0.1035,0.2283
1337,1.337,0.0163,0.0023,-0.0792,-0.0115,0.1261,0.2871
1338,1.338,0.0126,-0.0006,-0.1317,-0.0104,0.106,0.3406
1339,1.339,0.0061,-0.0001,-0.0657,-0.0136,0.0877,0.197
1340,1.34,0.0019,-0.0032,-0.04,-0.0105,0.3065,0.4156
1341,1.341,-0.0065,0.0032,-0.0324,0.0032,0.3364,0.9319
1342,1.342,0.0039,0.0023,-0.0254,0.0077,0.1465,0.5806
1343,1.343,-0.0002,0.0048,0.0589,0.0086,-0.076,0.0038
1344,1.344,-0.0089,0.0026,0.1166,0.0049,-0.1064,-0.2298
1345,1.345,-0.0057,0.0046,0.0856,0.0028,-0.1338,-0.3011
1346,1.346,-0.0067,0.005,0.0194,-0.0002,-0.1095,-0.2378
1347,1.347,-0.0002,0.0067,-0.0755,-0.0019,-0.0873,-0.2963
1348,1.348,0.0058,0.0031,-0.1386,0.0016,-0.189,-0.2438
1349,1.349,0.0036,0.0028,-0.081,-0.0054,-0.3928,-0.8685
1350,1.35,-0.0013,-0.0012,-0.0499,-0.0085,-0.2032,-0.7839
1351,1.351,0.0029,0.0003,-0.0405,-0.017,0.0193,-0.2414
1352,1.352,0.0035,0.0033,-0.0146,-0.0341,0.1094,0.2523
1353,1.353,0.0029,-0.0031,0.0243,-0.0269,0.0828,0.1897
1354,1.354,0.0007,-0.0023,0.074,-0.0204,0.1077,0.2483
1355,1.355,-0.0013,-0.0014,0.0803,-0.0062,0.1302,0.3017
1356,1.356,0.0006,-0.0008,0.1096,0.003,0.1101,0.1579
1357,1.357,0.0016,-0.0028,0.1684,0.0148,0.3881,0.6383
1358,1.358,-0.0021,0.0002,0.1607,0.0162,0.2694,0.8306
1359,1.359,-0.0051,-0.0015,0.1109,0.0231,0.0887,0.3073
1360,1.36,-0.0079,-0.004,0.0138,0.0168,-0.076,-0.0456
1361,1.361,-0.006,-0.001,-0.1114,0.0199,-0.1061,-0.2387
1362,1.362,-0.0112,0.001,-0.229,0.0208,-0.1334,-0.2976
1363,1.363,-0.0196,0.0036,-0.2748,0.0104,-0.1091,-0.2454
1364,1.364,-0.0163,0.0046,-0.1495,-0.0049,-0.0868,-0.1978
1365,1.365,-0.009,0.0023,-0.099,0.0011,-0.3105,-0.4163
1366,1.366,-0.0026,-0.0003,0.0082,0.0029,-0.3403,-0.9326
1367,1.367,0.0103,-0.0026,0.0221,0.0011,-0.1503,-0.5812
1368,1.368,0.0122,-0.0036,-0.0157,-0.0004,0.0724,-0.0042
1369,1.369,0.0072,0.0007,0.0185,-0.0046,0.1031,0.2295
1370,1.37,0.0087,0.0049,0.0286,0.0016,0.1307,0.3009
1371,1.371,0.0074,0.0066,0.0379,-0.0016,0.1067,0.2375
1372,1.372,0.0012,0.0009,0.0636,-0.0007,0.0847,0.296
1373,1.373,0.0002,-0.0012,0.0868,0.0038,0.1866,0.2435
1374,1.374,0.0033,0.0024,0.094,0.0029,0.3906,0.7721
1375,1.375,0.0006,0.002,0.0618,0.0098,0.2011,0.7022
1376,1.376,0.0015,-0.0021,0.0327,0.0125,-0.0211,0.2537
1377,1.377,0.0022,0.0027,-0.0152,0.0116,-0.111,-0.1546
1378,1.378,-0.0013,0.0011,-0.0088,0,-0.0842,-0.2086
1379,1.379,0.0004,-0.0053,-0.038,-0.0118,-0.1089,-0.2575
1380,1.38,-0.0013,-0.001,-0.0327,0.0081,-0.1314,-0.3019
1381,1.381,-0.0038,-0.0047,0.0013,0.0162,-0.111,-0.1834
1382,1.382,0.0013,0.0018,0.0323,0.0038,-0.3887,-0.5804
1383,1.383,0.0062,-0.0024,0.0442,0.0015,-0.2699,-0.8448
1384,1.384,0.0032,-0.006,0.0915,-0.0087,-0.089,-0.4122
1385,1.385,-0.0008,-0.0024,0.1498,-0.0143,0.0759,0.1124
1386,1.386,-0.0002,0.0019,0.1263,-0.0194,0.1062,0.1841
1387,1.387,0.001,0.0048,0.0906,-0.0119,0.1337,0.2488
1388,1.388,-0.0054,0.0033,0.0579,-0.005,0.1094,0.3074
1389,1.389,-0.0081,0.0011,0.0046,-0.0013,0.0873,0.2549
1390,1.39,-0.0072,0.0009,-0.1023,-0.0116,0.3112,0.3991
1391,1.391,-0.0065,-0.0033,-0.1788,-0.013,0.4007,0.8797
1392,1.392,-0.0045,-0.0004,-0.1927,-0.0016,0.1566,0.56
1393,1.393,-0.0039,-0.0019,-0.1044,-0.0062,-0.0738,0.0355
1394,1.394,-0.0056,-0.0061,-0.0239,-0.0048,-0.1042,-0.177
1395,1.395,0.0012,0.0004,-0.0136,0.004,-0.1316,-0.2423
1396,1.396,0.0076,0.0082,-0.0423,0.0072,-0.1073,-0.3011
1397,1.397,0.0119,0.001,-0.0686,0.0062,-0.0851,-0.249
1398,1.398,0.0049,0.0037,-0.0455,0.0054,-0.1868,-0.2013
1399,1.399,-0.0023,0.0014,-0.0773,0.0029,-0.4069,-0.8149
1400,1.4,0.008,0.0023,-0.0558,0.0007,-0.2403,-0.7719
1401,1.401,0.0094,0.0001,0.0158,0.0028,0.0068,-0.1758
1402,1.402,0.0082,0.0008,0.0068,-0.0014,0.106,0.2512
1403,1.403,0.0005,-0.0009,0.0331,0.0074,0.1362,0.1752
1404,1.404,-0.0006,-0.0026,0.0257,0.0062,0.1094,0.246
1405,1.405,0.0021,0.001,0.0048,0.0053,0.085,0.3104
1406,1.406,-0.0057,0.0022,0.0114,0.0065,0.1075,0.1365
1407,1.407,-0.0088,-0.0017,0.0291,0.0057,0.3721,0.506
1408,1.408,-0.0061,0.0019,0.024,0.005,0.2642,0.7466
1409,1.409,-0.0003,0.0007,0.0097,0.0058,0.034,0.2657
1410,1.41,0.0081,0.0004,-0.0036,0.0124,-0.0561,-0.0558
1411,1.411,0.0048,-0.0054,-0,-0.0004,-0.0837,-0.2317
1412,1.412,0.0017,-0.0028,0.003,-0.0022,-0.1086,-0.18
1413,1.413,0.0025,-0.005,0.019,-0.0004,-0.1312,-0.2289
1414,1.414,-0.0018,-0.003,0.0276,-0.0049,-0.111,-0.1858
1415,1.415,-0.0055,-0.006,0.0689,-0.0062,-0.3517,-0.3845
1416,1.416,-0.0076,-0.0031,0.1221,-0.0074,-0.3847,-0.926
1417,1.417,0.0007,-0.0079,0.1721,-0.0017,-0.176,-0.5394
1418,1.418,0.004,-0.0009,0.1272,-0.0047,0.0687,-0.0461
1419,1.419,0.007,-0.0036,0.0743,0.0017,0.1021,0.2751
1420,1.42,0.0024,-0.0095,0.0245,0.0043,0.1322,0.218
1421,1.421,0.0015,-0.0148,-0.0207,0.0021,0.1595,0.2713
1422,1.422,0.0008,-0.0041,-0.097,-0.0028,0.0858,0.2236
1423,1.423,0.0002,0.0035,-0.1696,0.0042,0.1978,0.2674
1424,1.424,-0.0028,0.0104,-0.1787,-0.0061,0.4217,0.7835
1425,1.425,-0.0045,0.0041,-0.1007,-0.0021,0.2131,0.7136
1426,1.426,-0.0029,0.0051,-0.0275,-0.0008,0.0227,0.1371
1427,1.427,0.004,0.0021,-0.0179,-0.004,-0.1012,-0.0966
1428,1.428,-0.0075,0.0085,-0.0436,0.0013,-0.0794,-0.1681
1429,1.429,-0.0181,0.0026,-0.0202,-0.009,-0.1406,-0.2328
1430,1.43,-0.0195,0.0003,0.001,-0.0049,-0.1224,-0.2914
1431,1.431,-0.0106,0.001,0.0331,0.0065,-0.1059,-0.239
1432,1.432,-0.0117,-0.0007,0.0857,0.0111,-0.3355,-0.5754
1433,1.433,-0.0001,0.0045,0.0355,0.007,-0.3029,-0.8814
1434,1.434,0.0014,0.0065,0.0287,0.0082,-0.0341,-0.3649
1435,1.435,0.0054,0.0007,0.0931,0.0027,0.0746,0.1287
1436,1.436,0.0042,0,0.1188,0.0016,0.108,0.1942
1437,1.437,0.0032,-0.002,0.0954,-0.0011,0.138,0.253
1438,1.438,0.0002,-0.0015,0.0313,-0.0053,0.1111,0.3065
1439,1.439,-0.0025,0.0037,-0.0289,0.0031,0.0865,0.1628
1440,1.44,-0.0017,0.0016,-0.052,0.0064,0.2881,0.3814
1441,1.441,-0.0054,-0.0014,-0.0591,0.0012,0.3695,0.8977
1442,1.442,-0.0074,-0.0056,-0.0008,0.002,0.1474,0.5465
1443,1.443,0.0009,0.0002,0.0852,0.0047,-0.0619,0.0976
1444,1.444,0.0065,0.0008,0.1426,-0.0047,-0.0897,-0.1942
1445,1.445,0.0012,0.0014,0.1115,-0.0186,-0.1148,-0.2481
1446,1.446,0.0097,0.0009,0.0071,-0.0055,-0.1375,-0.2966
1447,1.447,0.0107,-0.0009,-0.118,-0.0039,-0.1175,-0.2535
1448,1.448,0.0034,0.0026,-0.2357,-0.0054,-0.1732,-0.2141
1449,1.449,-0.0011,0.0087,-0.2815,-0.0014,-0.3922,-0.7551
1450,1.45,-0.0036,0.0009,-0.2676,-0.0025,-0.2433,-0.6781
1451,1.451,0.0001,-0.0022,-0.1541,-0.0015,0.0012,-0.1849
1452,1.452,0.0094,0.0004,-0.078,-0.0173,0.1002,0.1366
1453,1.453,0.0207,-0.0021,-0.0089,-0.0376,0.1303,0.1962
1454,1.454,0.0192,-0.0015,0.0285,-0.0239,0.1034,0.2499
1455,1.455,0.0205,-0.0022,0.0398,-0.0066,0.0789,0.2988
1456,1.456,0.0267,-0.004,0.0711,-0.0045,0.1013,0.1684
1457,1.457,0.0323,-0.0012,0.1001,-0.0024,0.3658,0.6054
1458,1.458,0.0186,0.0023,0.1611,-0.0117,0.3298,0.8965
1459,1.459,0.013,-0.0019,0.2008,-0.0067,0.0339,0.4209
1460,1.46,0.0079,-0.0003,0.1941,0.0072,-0.0858,-0.0279
1461,1.461,0.0064,-0.0039,0.0971,0.0165,-0.1224,-0.2032
1462,1.462,-0.0062,0.0012,-0.0558,0.0249,-0.1556,-0.2564
1463,1.463,-0.018,-0.0053,-0.1167,0.0233,-0.1261,-0.3047
1464,1.464,-0.0257,-0.0044,-0.1352,0.0025,-0.0993,-0.261
1465,1.465,-0.0216,-0.0038,-0.0847,-0.0005,-0.2718,-0.3796
1466,1.466,-0.0228,-0.0058,0.0224,0.0076,-0.384,-0.9206
1467,1.467,-0.0058,-0.0001,0.0639,0.0099,-0.1192,-0.5334
1468,1.468,0.0066,0.0036,0.127,0.012,0.0618,-0.0396
1469,1.469,-0,-0.0029,0.0693,0.01,0.0952,0.2822
1470,1.47,-0.0185,-0.0054,-0.0456,0.0192,0.1254,0.2257
1471,1.471,-0.0357,0.0015,-0.1224,0.0208,0.1527,0.2794
1472,1.472,-0.0292,0.0007,-0.1088,0.0223,0.0792,0.2323
1473,1.473,-0.0231,0.0085,-0.1215,0.007,0.1912,0.1892
1474,1.474,-0.0175,0.0033,-0.0643,-0.0196,0.4151,0.7852
1475,1.475,-0.0057,0.0024,-0.0333,-0.0161,0.2066,0.7009
1476,1.476,-0.0164,-0.0001,-0.0241,-0.0063,0.0163,0.1588
1477,1.477,-0.0039,-0.0007,0.0363,-0.0092,-0.1075,-0.1939
1478,1.478,0.0113,0.0013,0.1538,-0.0065,-0.0857,-0.2587
1479,1.479,0.0011,-0.0029,0.1708,-0.0189,-0.1062,-0.3171
1480,1.48,-0.0008,-0.0024,0.2475,-0.0124,-0.1249,-0.2646
1481,1.481,0.0076,-0.0009,0.2615,-0.0023,-0.1083,-0.2166
1482,1.482,0.0182,0.0034,0.1478,0.0032,-0.3379,-0.6096
1483,1.483,0.0113,-0.0007,0.0406,0.0049,-0.3052,-0.8737
1484,1.484,0.005,0.0029,-0.0013,0.0155,-0.0962,-0.3447
1485,1.485,0.0082,0.0026,-0.0898,0.0115,0.0941,0.1493
1486,1.486,0.0009,0.0006,-0.1934,-0.0024,0.1193,0.2151
1487,1.487,0.0036,-0.0004,-0.2628,-0.0043,0.1419,0.2743
1488,1.488,0.0028,0.0048,-0.2753,-0.006,0.1219,0.328
1489,1.489,-0.0009,0.007,-0.1489,-0.0106,0.0665,0.2806
1490,1.49,-0.0073,0.0064,-0.0316,-0.0065,0.2853,0.3246
1491,1.491,-0.0048,0.0106,-0.0169,-0.0003,0.3748,0.9206
1492,1.492,0.0022,0.0054,0.0521,-0.0035,0.1306,0.4953
1493,1.493,0.0162,0.0034,0.0643,-0.0005,-0.0341,0.1073
1494,1.494,0.0101,-0.0008,0.0296,0.0059,-0.0645,-0.2456
1495,1.495,0.0083,0.0022,0.0195,0.017,-0.092,-0.1826
1496,1.496,-0.0035,0.0037,-0.0085,0.0155,-0.1167,-0.2412
1497,1.497,-0.0019,-0.0005,0.0003,0.003,-0.0945,-0.2944
1498,1.498,-0.0005,0.0024,0.055,-0.0089,-0.1962,-0.2466
1499,1.499,0.0032,-0.0043,0.1619,-0.0043,-0.3999,-0.8146
1500,1.5,0.0037,-0.0013,0.2693,-0.0056,-0.2266,-0.7417
1501,1.501,0.0115,-0.0004,0.2543,-0.0044,0.0181,-0.1991
1502,1.502,0.0188,0.0022,0.1573,-0.0076,0.1174,0.154
1503,1.503,0.0142,-0.0015,-0.0318,-0.0023,0.0882,0.2192
1504,1.504,0.0013,0.0063,-0.221,-0.0087,0.1157,0.2779
1505,1.505,-0.008,0.0073,-0.393,-0.0112,0.0914,0.2257
1506,1.506,-0.013,0.0065,-0.415,-0.0074,0.114,0.178
1507,1.507,-0.0085,0.004,-0.2725,0.0005,0.3787,0.5711
1508,1.508,0.0011,-0.0045,-0.1429,-0.0067,0.2709,0.8355
1509,1.509,0.0099,-0.0122,0.0423,-0.0021,0.0408,0.4027
1510,1.51,0.0066,-0.0152,0.116,0.0039,-0.1089,-0.1219
1511,1.511,0.0055,-0.0088,0.1384,0.0077,-0.0824,-0.1937
1512,1.512,0.0028,-0.0079,0.1182,0.0142,-0.1072,-0.2587
1513,1.513,-0.0051,-0.0009,0.0627,0.01,-0.1297,-0.3176
1514,1.514,-0.0021,-0.0036,0.0796,0.0094,-0.1094,-0.2654
1515,1.515,-0.0106,0.0042,0.0947,0.0074,-0.3131,-0.4099
1516,1.516,-0.0074,0.0011,0.1084,0.0132,-0.3944,-0.8907
1517,1.517,-0.0022,0.002,0.0958,0.0125,-0.1231,-0.5715
1518,1.518,0.0063,-0.0039,0.0611,0.0175,0.058,-0.0473
1519,1.519,0.0007,-0.0061,0.0504,0.0145,0.0915,0.3057
1520,1.52,-0.0045,-0.011,0.0026,0.0057,0.1218,0.2427
1521,1.521,-0.0037,-0.0127,-0.0237,-0.0107,0.1492,0.301
1522,1.522,0.0022,-0.0051,-0.0317,-0.0041,0.0756,0.2486
1523,1.523,-0.0001,0.0022,-0.0387,-0.0101,0.1877,0.2006
1524,1.524,0.0035,0.0014,0.0329,-0.0232,0.4116,0.7683
1525,1.525,0.0118,-0.0028,0.0052,-0.0215,0.2031,0.6911
1526,1.526,0.0086,-0.0022,-0.0891,-0.0016,0.0129,0.1979
1527,1.527,-0.0029,0.0014,-0.1769,0.0066,-0.1109,-0.1238
1528,1.528,-0.0014,0.0009,-0.1421,0.0089,-0.0891,-0.1835
1529,1.529,0.0083,0.0096,-0.0061,0.0155,-0.1096,-0.2373
1530,1.53,0.0071,0.0034,0.1237,0.0216,-0.1282,-0.2861
1531,1.531,0.0039,0.0002,0.1742,0.0011,-0.1116,-0.1557
1532,1.532,-0.0013,0.0032,0.1589,-0.0236,-0.3412,-0.5927
1533,1.533,-0.0021,0.0059,0.0893,-0.0138,-0.3085,-0.8837
1534,1.534,-0.0116,-0,0.0008,-0.005,-0.0995,-0.4082
1535,1.535,-0.0128,-0.0007,-0.0801,0.0032,0.0909,0.0409
1536,1.536,-0.0205,-0.0001,-0.0493,0.0008,0.116,0.2165
1537,1.537,-0.0195,-0.0018,-0.0024,-0.0148,0.1387,0.2698
1538,1.538,-0.0186,-0.0023,0.1263,-0.0209,0.1186,0.3182
1539,1.539,-0.0108,0.0012,0.1812,-0.0079,0.1003,0.1874
1540,1.54,0.0007,-0.003,0.1305,0.0039,0.2854,0.3859
1541,1.541,0.0023,-0.0107,0.0845,0.0145,0.3594,0.927
1542,1.542,-0.0073,-0.0012,-0.0684,0.0104,0.1576,0.5401
1543,1.543,-0.0186,-0.0024,-0.2514,0.0095,-0.0328,0.0465
1544,1.544,-0.0261,0.0053,-0.3246,0.0033,-0.1072,-0.147
1545,1.545,-0.0108,0.0043,-0.2121,0.0043,-0.1299,-0.2064
1546,1.546,-0.0006,0.0069,-0.1508,-0.0114,-0.1504,-0.26
1547,1.547,0.0012,0.001,-0.169,-0.0136,-0.0952,-0.2126
1548,1.548,0.0131,0.0062,-0.1519,-0.0156,-0.2131,-0.2566
1549,1.549,0.0207,-0.0003,-0.075,-0.0101,-0.4428,-0.7729
1550,1.55,0.0247,-0.0029,-0.0051,-0.0084,-0.2788,-0.7033
1551,1.551,0.0185,0.0023,0.0329,-0.0069,-0.0097,-0.2549
1552,1.552,0.0036,0.0058,0.0446,0.0027,0.0991,0.1532
1553,1.553,0.0015,0,0.0343,-0.0061,0.1324,0.2072
1554,1.554,-0.0003,0.0007,0.0815,-0.0164,0.1028,0.256
1555,1.555,0.0115,-0.0029,0.1588,-0.0178,0.13,0.3002
1556,1.556,0.0191,0.0001,0.1895,-0.0014,0.1056,0.1816
1557,1.557,0.015,-0.0004,0.1797,0.0052,0.3969,0.5785
1558,1.558,0.0138,0,0.1709,0.0032,0.3574,0.843
1559,1.559,0.0128,0.0012,0.0534,0.0051,0.1046,0.4103
1560,1.56,0.0118,-0.0053,-0.0306,0.0101,-0.0603,-0.1141
1561,1.561,-0.0023,-0.0026,-0.1071,0.0147,-0.0907,-0.1858
1562,1.562,-0.0125,-0.0001,-0.121,0.0216,-0.118,-0.2505
1563,1.563,-0.0069,0.0051,0.0176,0.0128,-0.0937,-0.3088
1564,1.564,-0.0052,0.0002,0.1098,0.005,-0.0716,-0.2562
1565,1.565,-0.0098,0.0007,0.0929,0.006,-0.2954,-0.3044
1566,1.566,-0.0084,0.0059,0.1692,0.0014,-0.3848,-0.8724
1567,1.567,-0.0072,0.001,0.2665,0.0022,-0.1407,-0.6404
1568,1.568,0.0006,0.0052,0.1529,0.0058,0.0241,-0.006
1569,1.569,0.0121,0.0023,0.0461,-0.0006,0.1141,0.2512
1570,1.57,0.0228,-0.0002,-0.1065,0.0002,0.1416,0.1753
1571,1.571,0.0132,0.0009,-0.2485,-0.0006,0.1174,0.2463
1572,1.572,0.0018,-0.002,-0.341,-0.0041,0.0953,0.3108
1573,1.573,-0.0121,-0.003,-0.4251,0.0053,0.197,0.2532
1574,1.574,-0.0176,-0.0026,-0.2874,0.0039,0.4008,0.8344
1575,1.575,-0.0024,0.0025,-0.1208,-0.0024,0.2112,0.7576
1576,1.576,0.0118,-0.0011,-0.009,-0.0014,-0.0112,0.2649
1577,1.577,0.0099,0.0007,0.0924,0.0058,-0.1011,-0.1843
1578,1.578,-0.002,-0.0034,0.0737,0.0067,-0.1287,-0.2435
1579,1.579,-0.0005,-0.0069,0.1912,-0.0011,-0.1044,-0.2968
1580,1.58,0.0065,0,0.176,0.0019,-0.127,-0.2493
1581,1.581,0.0002,-0.003,0.1066,0.0027,-0.1068,-0.206
1582,1.582,0.0013,0.0016,0.069,-0.0016,-0.3846,-0.5632
1583,1.583,-0.0082,0.0008,0.0806,-0.0023,-0.3452,-0.8998
1584,1.584,-0.0119,-0.0014,0.0494,0.004,-0.0924,-0.4191
1585,1.585,-0.0129,0.0006,0.1155,0.0082,0.0724,0.158
1586,1.586,-0.016,0.0012,0.2101,0.0029,0.1028,0.2369
1587,1.587,-0.0205,-0.0029,0.1467,0.0049,0.1302,0.3081
1588,1.588,-0.023,-0.0013,0.0659,0.0092,0.1059,0.2448
1589,1.589,-0.0223,-0.0001,0.0136,0.0075,0.0837,0.1873
1590,1.59,-0.0116,0.0011,-0.0718,-0.0003,0.267,0.3459
1591,1.591,-0.0101,-0.0015,-0.1985,-0.0128,0.3903,0.8746
1592,1.592,-0.0087,0.0024,-0.3166,-0.0145,0.1437,0.5234
1593,1.593,-0.0123,-0.0011,-0.3017,-0.0191,-0.0211,0.0745
1594,1.594,-0.0045,0.002,-0.2048,-0.0122,-0.1111,-0.2174
1595,1.595,0.0008,0.0023,-0.0663,-0.0085,-0.0844,-0.2714
1596,1.596,0.0149,0.0066,-0.085,-0.0117,-0.1092,-0.3202
1597,1.597,0.0374,0.0002,-0.0686,-0.0212,-0.087,-0.2771
1598,1.598,0.0225,-0.0007,-0.023,-0.0099,-0.1888,-0.2379
1599,1.599,0.0145,0.0031,0.0465,0.0007,-0.3926,-0.7793
1600,1.6,0.0169,0.0109,0.0591,0.0077,-0.2571,-0.7025
1601,1.601,0.0171,0.0046,0.0683,0.004,-0.0129,-0.217
1602,1.602,0.0105,-0.0006,0.0803,-0.0016,0.111,0.1361
1603,1.603,0.0085,-0.0033,0.0912,-0.0068,0.1339,0.2013
1604,1.604,-0.0007,-0.0008,0.0825,-0.0095,0.114,0.2599
1605,1.605,0.001,-0.0029,0.0746,-0.0069,0.1327,0.3132
1606,1.606,-0.0036,-0.0009,0.1298,0.0016,0.1161,0.1692
1607,1.607,-0.005,-0.0078,0.123,0.0049,0.3457,0.5624
1608,1.608,0.0038,0.0006,0.1038,0.0123,0.3132,0.8267
1609,1.609,0.0141,0.0038,0.1331,0.0097,0.1043,0.394
1610,1.61,0.0071,-0.0014,0.1598,0.0089,-0.086,-0.1306
1611,1.611,-0.0043,-0.0041,0.1645,0.0037,-0.1111,-0.343
1612,1.612,-0.0028,-0.005,0.0984,0.0074,-0.1338,-0.2802
1613,1.613,-0.0098,-0.0043,0.0128,0.0116,-0.1544,-0.2229
1614,1.614,-0.0136,0.0022,-0.0446,0.0076,-0.1361,-0.1708
1615,1.615,-0.0168,0.003,-0.1177,0.0112,-0.2538,-0.3153
1616,1.616,-0.0221,0.01,-0.2415,0.0101,-0.3611,-0.8835
1617,1.617,-0.0194,0.0036,-0.2922,0.0073,-0.1524,-0.6518
1618,1.618,-0.0066,-0.0006,-0.277,0.0015,0.0569,-0.0179
1619,1.619,0.0139,-0.0028,-0.2077,-0.0113,0.0845,0.2389
1620,1.62,0.022,0.0021,-0.0691,-0.0131,0.1094,0.3172
1621,1.621,0.0097,-0.0062,-0.0139,-0.0114,0.132,0.2474
1622,1.622,0.0119,-0.0072,0.0363,-0.0099,0.1118,0.3116
1623,1.623,0.0099,-0.0144,0.0514,-0.0002,0.2043,0.2537
1624,1.624,0.0155,-0.0041,0.0928,0.0035,0.3895,0.7291
1625,1.625,0.0104,-0.0027,0.1304,0.0025,0.2171,0.7933
1626,1.626,0.0058,0.001,0.0959,0.0056,0.0148,0.2692
1627,1.627,-0.0038,0.0021,0.044,0.0102,-0.0671,-0.2248
1628,1.628,-0.0101,0.0011,0.0158,0.0077,-0.0922,-0.1625
1629,1.629,-0.0157,-0.0016,0.0075,0.0114,-0.1148,-0.2215
1630,1.63,-0.0126,0.0009,-0.0312,0.015,-0.0947,-0.2752
1631,1.631,-0.0062,-0.0013,-0.0237,0.0081,-0.1134,-0.2276
1632,1.632,-0.0054,0.0008,0.009,0.009,-0.3658,-0.5338
1633,1.633,-0.0061,0.0013,0.074,0.0081,-0.33,-0.8917
1634,1.634,-0.0082,0.0018,0.083,-0.0034,-0.0999,-0.4594
1635,1.635,-0.0052,0.0014,0.06,-0.0118,0.1094,0.065
1636,1.636,-0.0105,0.0026,0.0817,-0.0133,0.0829,0.2772
1637,1.637,-0.0085,0.0014,0.0628,-0.0174,0.1077,0.2138
1638,1.638,-0.0002,0.0024,-0.0135,-0.0086,0.1303,0.2722
1639,1.639,-0.0035,-0.0028,-0.0031,-0.0054,0.0696,0.2195
1640,1.64,-0.0005,-0.0006,0.0442,0.0104,0.2733,0.3636
1641,1.641,0.0003,0.003,0.0182,0.0082,0.3546,0.8441
1642,1.642,-0.0057,0.0035,-0.0682,0.0062,0.1821,0.5244
1643,1.643,-0.0079,0.0088,-0.0801,0.0044,-0.065,0.1163
1644,1.644,0.0027,0.001,0.0553,0.001,-0.0984,-0.1496
1645,1.645,0.0103,0.0021,0.1106,0.0027,-0.1286,-0.199
1646,1.646,0.0116,-0.0043,0.0603,0.0042,-0.1018,-0.2436
1647,1.647,0.0104,-0.0001,-0.0161,0.0001,-0.0774,-0.2839
1648,1.648,0.0072,0.0022,-0.0856,-0.0062,-0.1895,-0.2482
1649,1.649,-0.0043,0.0042,-0.1233,-0.014,-0.4134,-0.7408
1650,1.65,-0.0058,0.0059,-0.2036,-0.0109,-0.2644,-0.8116
1651,1.651,-0.0017,0.0043,-0.2556,-0.0063,-0.0199,-0.2353
1652,1.652,-0.0054,0.0048,-0.284,-0.0072,0.0793,0.153
1653,1.653,0.005,-0.0021,-0.2063,-0.0187,0.1096,0.2243
1654,1.654,0.0091,-0.0011,-0.0499,-0.0373,0.137,0.2889
1655,1.655,0.0104,0.0035,0.1069,-0.0301,0.1126,0.2313
1656,1.656,0.0182,0.0044,0.1676,-0.0235,0.0904,0.1788
1657,1.657,0.0234,0.0037,0.112,-0.0051,0.355,0.5151
1658,1.658,0.0207,0.003,0.0277,0.0072,0.3191,0.821
1659,1.659,0.0079,-0.0027,0.0122,0.0094,0.089,0.3841
1660,1.66,0.0024,-0.0034,0.0258,0.0074,-0.0608,-0.0242
1661,1.661,0.0007,-0.0054,0.0634,0.0092,-0.0885,-0.1842
1662,1.662,-0.0039,-0.0059,0.0749,-0.0027,-0.1133,-0.2332
1663,1.663,-0.0135,-0.0042,0.2313,0.0049,-0.1359,-0.2773
1664,1.664,-0.0172,0.0005,0.2983,0.0062,-0.0751,-0.238
1665,1.665,-0.014,-0.0052,0.1561,0.0124,-0.2788,-0.346
1666,1.666,-0.0003,-0.003,0.0637,0.0156,-0.3601,-0.8384
1667,1.667,-0.0058,-0.005,-0.0202,0.0125,-0.1382,-0.6278
1668,1.668,-0.0109,-0.0033,-0.005,-0.0016,0.0712,-0.051
1669,1.669,-0.0216,-0.0028,-0.0746,0.0004,0.099,0.1827
1670,1.67,-0.0202,-0.0003,-0.1629,0.0097,0.1239,0.2541
1671,1.671,-0.0239,-0.0054,-0.1513,0.0113,0.1465,0.3189
1672,1.672,-0.0135,-0.0061,-0.0366,0.0097,0.0859,0.2613
1673,1.673,0.0073,0.0009,0.04,0.011,0.1787,0.2088
1674,1.674,0.0161,0.0036,0.054,0.0072,0.3977,0.7374
1675,1.675,0.0025,-0.0024,-0.0343,0.0015,0.2488,0.808
1676,1.676,0.0097,-0.0017,0.0232,-0.0122,0.0043,0.2318
1677,1.677,0.0031,0.0048,-0.0291,-0.0141,-0.0948,-0.1565
1678,1.678,0.0011,0.0056,-0.0768,-0.0091,-0.1249,-0.228
1679,1.679,0.0104,0.0019,-0.1203,0.0048,-0.0981,-0.2927
1680,1.68,0.0121,-0.0016,-0.1284,0.0029,-0.1227,-0.2352
1681,1.681,0.0106,-0.0046,-0.1357,0.0046,-0.1004,-0.1829
1682,1.682,0.0176,0.0042,-0.1164,0.0061,-0.365,-0.5193
1683,1.683,0.0188,-0.0021,-0.0988,-0.0009,-0.3291,-0.9127
1684,1.684,0.0133,0.0011,-0.0719,0.0028,-0.0989,-0.437
1685,1.685,0.0185,0.0001,0.0012,0.0037,0.1105,0.1401
1686,1.686,0.0045,0.0046,0.0324,0.0047,0.0842,0.219
1687,1.687,-0.0015,0.0021,0.042,-0.0094,0.109,0.2902
1688,1.688,0.0041,0.0058,0.0679,-0.0155,0.1317,0.2268
1689,1.689,0.0228,-0.002,0.1069,-0.0062,0.0711,0.1692
1690,1.69,0.0301,-0.0051,0.1282,-0.0248,0.2749,0.3279
1691,1.691,0.0146,-0.0059,0.1347,-0.0175,0.3564,0.8565
1692,1.692,0.0085,-0.0017,0.1289,0.0117,0.1345,0.646
1693,1.693,-0.0008,-0.004,0.0807,0.0157,-0.0151,0.0693
1694,1.694,-0.0059,-0.0047,0.0614,0.0192,-0.0969,-0.1644
1695,1.695,-0.0135,-0.0016,0.0205,0.016,-0.1217,-0.2357
1696,1.696,-0.0204,-0.0012,0.0576,0.0131,-0.1442,-0.3004
1697,1.697,-0.0241,0.0046,0.0431,0.005,-0.0833,-0.2429
1698,1.698,-0.0209,-0.0039,0.0031,-0.0123,-0.1758,-0.1904
1699,1.699,-0.0346,-0.003,0.0188,-0.0101,-0.3947,-0.8151
1700,1.7,-0.055,-0.004,0.0331,0.0041,-0.2456,-0.7306
1701,1.701,-0.0413,0.0024,0.0374,-0.0015,-0.001,-0.1881
1702,1.702,-0.0259,0.0018,0.0353,0.0002,0.0917,0.1566
1703,1.703,-0.0186,0.0043,0.0073,0.0017,0.1251,0.228
1704,1.704,-0.0164,0.0036,0.0328,0.0086,0.1553,0.2926
1705,1.705,-0.0022,-0.0029,0.0629,0.0098,0.1285,0.2351
1706,1.706,0.0109,-0.0004,0.0353,0.0088,0.1042,0.1825
1707,1.707,0.0126,0.0018,0.0103,0.0015,0.3508,0.5188
1708,1.708,0.005,0.0053,-0.0258,0.0024,0.3182,0.9122
1709,1.709,0.0063,0.0058,-0.0983,-0.0018,0.1093,0.4364
1710,1.71,0.01,0.0063,-0.1292,-0.0011,-0.081,-0.1407
1711,1.711,0.0156,0.0067,-0.1574,0.001,-0.106,-0.3744
1712,1.712,0.0165,0.0016,-0.1831,0.0016,-0.1287,-0.3051
1713,1.713,0.0024,0.0009,-0.2063,-0.0072,-0.1492,-0.3698
1714,1.714,-0.0161,0.0051,-0.2845,-0.0184,-0.0939,-0.1962
1715,1.715,0.0062,0.0115,-0.2322,-0.0106,-0.2453,-0.3548
1716,1.716,0.0332,0.002,-0.0901,-0.0065,-0.3877,-0.8836
1717,1.717,0.0297,-0.0043,0.052,-0.0052,-0.1839,-0.5326
1718,1.718,0.0132,-0.0033,0.1071,-0.0041,0.0608,-0.0838
1719,1.719,0.0044,-0.0023,0.1235,0.0096,0.0944,0.2082
1720,1.72,0.0071,0.0004,0.1382,0.0115,0.065,0.262
1721,1.721,-0.0002,-0.0056,0.0961,0.0065,0.0923,0.3106
1722,1.722,0.002,-0.0003,0.1083,0.005,0.068,0.2674
1723,1.723,0.0081,-0.0039,0.1426,0.012,0.18,0.2279
1724,1.724,0.0062,-0.0034,0.1115,0.0083,0.4039,0.769
1725,1.725,0.0046,-0.0074,0.1778,-0.0042,0.2549,0.692
1726,1.726,0.003,-0.01,0.1519,-0.0092,0.0104,0.1991
1727,1.727,-0.0066,-0.0169,0.1285,-0.0261,-0.0888,-0.1224
1728,1.728,-0.0104,-0.0139,0.0786,-0.0239,-0.1191,-0.1819
1729,1.729,-0.0048,0.0002,-0.0186,-0.0097,-0.0923,-0.2356
1730,1.73,-0.0058,0.0063,-0.1439,0.0071,-0.117,-0.2843
1731,1.731,-0.0143,0.0044,-0.2281,0.0137,-0.0949,-0.241
1732,1.732,-0.0111,0.0061,-0.2435,-0.0005,-0.3595,-0.519
1733,1.733,0.0004,0.0046,-0.1742,-0.0061,-0.3237,-0.9163
1734,1.734,0.0049,0.0059,-0.0355,-0.0011,-0.0937,-0.4408
1735,1.735,-0.0077,0.0022,-0.017,-0.0087,0.1155,0.1362
1736,1.736,-0.0162,0.0054,-0.0001,-0.0018,0.0891,0.2151
1737,1.737,-0.0117,0.0024,0.0154,-0.0006,0.1139,0.286
1738,1.738,-0.0104,0.0032,-0.026,0.0005,0.1364,0.2227
1739,1.739,0.006,0.0007,0.0119,-0.0025,0.0756,0.281
1740,1.74,0.0263,0.006,0.0466,-0.0052,0.2793,0.3338
1741,1.741,0.0236,-0.0018,0.0157,-0.0078,0.3607,0.8623
1742,1.742,0.0112,0.0012,0.0065,0.0037,0.1881,0.6516
1743,1.743,0.0089,0.0021,0.0325,0.0122,-0.0592,0.0749
1744,1.744,0.0028,0.0013,0.1031,0.0168,-0.0927,-0.1589
1745,1.745,0.0083,0.002,0.1315,0.0096,-0.123,-0.2303
1746,1.746,0.0032,0.004,0.0711,0.0055,-0.0963,-0.2951
1747,1.747,-0.0045,0.0057,0.0165,-0.0008,-0.072,-0.2377
1748,1.748,-0.0059,0.0041,-0.0332,0.0024,-0.1841,-0.1852
1749,1.749,-0.0122,0.0005,-0.0653,0.0119,-0.4081,-0.81
1750,1.75,-0.0112,0.0027,-0.0359,0.0081,-0.2592,-0.7255
1751,1.751,-0.0166,-0.0037,-0.0093,0.0113,-0.0147,-0.1832
1752,1.752,-0.0063,-0.0028,-0.0236,0.0083,0.0844,0.1699
1753,1.753,-0.0022,-0.0036,-0.0105,0.0091,0.1146,0.235
1754,1.754,-0.006,-0.0014,0.017,0.0066,0.1419,0.2937
1755,1.755,-0.005,-0.0049,-0.0307,0.0013,0.1175,0.2414
1756,1.756,-0.004,-0.0019,-0.0245,0.0034,0.0952,0.1935
1757,1.757,-0.0032,-0.0001,-0.042,0.0029,0.3597,0.4993
1758,1.758,0.008,-0.0016,-0.0262,-0.0059,0.3238,0.8569
1759,1.759,0.022,0.0006,-0.0216,-0.0097,0.0936,0.4243
1760,1.76,0.0164,0.0026,0.0003,-0.0153,-0.0563,-0.1003
1761,1.761,0.0047,0.0001,0.0362,-0.031,-0.084,-0.1721
1762,1.762,0.0003,0.0034,0.0409,-0.0514,-0.109,-0.2371
1763,1.763,0.0017,0.0046,0.0541,-0.0377,-0.1316,-0.2957
1764,1.764,-0.002,0.0027,0.0658,-0.0155,-0.0709,-0.2433
1765,1.765,-0.0052,0.0003,0.0765,-0.0067,-0.2746,-0.2914
1766,1.766,-0.0082,0.0007,0.0734,0.0069,-0.4103,-0.9466
1767,1.767,-0.0165,-0.0023,0.0825,0.0093,-0.1885,-0.6659
1768,1.768,-0.0039,-0.0088,0.1241,0.0158,0.0207,-0.0687
1769,1.769,-0.0022,-0.0096,0.0599,0.0138,0.1025,0.1652
1770,1.77,-0.0006,-0.0018,-0.0001,0.0082,0.1274,0.2368
1771,1.771,-0.002,-0.0028,-0.0544,0.0064,0.1053,0.3016
1772,1.772,-0.0057,-0.002,-0.0897,0.0049,0.0851,0.2443
1773,1.773,-0.0001,-0.0028,-0.096,0.0062,0.1776,0.1919
1774,1.774,0.003,0.0024,-0.0665,-0,0.3964,0.7207
1775,1.775,0.0076,0.0031,-0.0291,0.0032,0.2474,0.7915
1776,1.776,0.0068,-0.0026,-0.0337,-0.0021,0.0028,0.2154
1777,1.777,0.0016,-0.0033,-0.0293,0.0025,-0.0964,-0.1729
1778,1.778,-0.0019,-0.0039,-0.0332,0.0153,-0.1267,-0.2442
1779,1.779,-0.0014,0.0003,0.0214,0.0171,-0.1,-0.3086
1780,1.78,-0.0066,-0.0013,0.0759,0.0188,-0.1248,-0.2509
1781,1.781,0.0041,0.0065,0.0685,0.0173,-0.1027,-0.1981
1782,1.782,0.0241,0.0055,0.0491,0.0104,-0.3266,-0.5344
1783,1.783,0.0322,0.0025,-0.004,0.0067,-0.297,-0.9276
1784,1.784,0.015,-0.0021,-0.0822,0.0011,-0.1071,-0.4515
1785,1.785,-0.0004,-0.0029,-0.1339,-0.0146,0.066,0.1259
1786,1.786,-0.0065,0.004,-0.0673,-0.0257,0.0889,0.2052
1787,1.787,-0.0083,-0.0024,-0.0584,-0.0115,0.1095,0.2766
1788,1.788,-0.0167,0.0018,-0.0191,-0.0021,0.1281,0.3415
1789,1.789,-0.0122,-0.0019,-0.0403,-0.0072,0.0778,0.2841
1790,1.79,0.0031,-0.0025,-0.0466,-0.0147,0.2767,0.3374
1791,1.791,0.0092,-0.0031,-0.0291,-0.0051,0.4124,0.8663
1792,1.792,-0.0001,-0.0014,-0.0026,0.0088,0.1904,0.656
1793,1.793,-0.0119,0.0012,0.0023,0.0107,-0.0189,0.0796
1794,1.794,-0.0074,0.0023,0.0069,0.0124,-0.1009,-0.1539
1795,1.795,0.0078,-0.0006,-0.0047,-0.0014,-0.1258,-0.2249
1796,1.796,0.0057,0.0037,-0.0591,0.0042,-0.1038,-0.2894
1797,1.797,0.0001,0.0008,-0.0982,0.0025,-0.0837,-0.2316
1798,1.798,0.0119,0.0002,-0.0628,0.004,-0.1764,-0.1789
1799,1.799,0.0164,-0.0009,-0.0047,-0.0086,-0.4289,-0.7072
1800,1.8,0.0067,0.0002,0.034,-0.0068,-0.2487,-0.7777
1801,1.801,0.0103,0.0021,0.1403,-0.0023,-0.0184,-0.2013
1802,1.802,0.0135,0.0003,0.2163,0.0018,0.0715,0.1874
1803,1.803,0.0218,0.0012,0.2057,-0.0096,0.1153,0.2205
1804,1.804,0.0208,0.0035,0.1082,-0.0141,0.1426,0.2916
1805,1.805,0.0068,-0.0007,0.0198,-0.0101,0.1182,0.2284
1806,1.806,-0.0157,-0.0012,-0.0377,-0.0065,0.0959,0.1707
1807,1.807,-0.0305,0.0028,-0.0478,-0.0033,0.3605,0.5406
1808,1.808,-0.0386,-0.002,-0.0382,0.004,0.3246,0.8773
1809,1.809,-0.0458,-0.0015,-0.0121,0.0181,0.0944,0.3969
1810,1.81,-0.0524,0.0014,-0.0353,0.0242,-0.0554,-0.0521
1811,1.811,-0.0259,0.0008,-0.0281,0.015,-0.1373,-0.2278
1812,1.812,-0.0005,0.0039,0.0563,0.0133,-0.1622,-0.2814
1813,1.813,0.0026,-0.0017,0.0679,0.0089,-0.1848,-0.3299
1814,1.814,0.0113,0.0019,-0.0466,-0.0007,-0.0833,-0.2866
1815,1.815,-0.0024,-0.0016,-0.0617,-0.0044,-0.2501,-0.3264
1816,1.816,-0.0197,0,-0.0477,0.006,-0.3623,-0.8677
1817,1.817,-0.0042,-0.0017,-0.0353,-0.0009,-0.1384,-0.636
1818,1.818,0.0058,0.0018,-0.001,0.0003,0.0113,-0.1426
1819,1.819,0.0076,-0.0013,-0.0118,0.006,0.0931,0.1788
1820,1.82,0.0194,-0.0016,0.0539,-0.0055,0.118,0.238
1821,1.821,0.0117,0.0019,0.0273,-0.0009,0.1406,0.2914
1822,1.822,-0.0009,0.0007,0.0032,-0.0134,0.1205,0.2439
1823,1.823,-0.0027,-0.0022,-0.0187,-0.0083,0.176,0.2004
1824,1.824,-0.0073,-0.0064,0.0132,-0.0128,0.4284,0.7166
1825,1.825,-0.0086,-0.0152,0.0304,-0.0059,0.2481,0.7871
1826,1.826,0.0078,-0.0115,-0.0067,0.0105,0.0178,0.2109
1827,1.827,0.0144,-0.0038,-0.0114,-0.0007,-0.0723,-0.1778
1828,1.828,0.0084,-0.0048,0.0108,-0.0027,-0.0999,-0.2495
1829,1.829,-0.0047,0.0016,0.0072,-0.0083,-0.1248,-0.3143
1830,1.83,-0.0098,0.0041,-0.0472,-0.0167,-0.1027,-0.257
1831,1.831,-0.0022,0.0034,-0.0391,-0.0274,-0.1231,-0.2047
1832,1.832,-0.0092,0.0027,-0.103,-0.0122,-0.3639,-0.6372
1833,1.833,-0.0105,0.0069,-0.1461,-0.002,-0.3312,-0.9281
1834,1.834,-0.0138,0.0028,-0.107,-0.0076,-0.1223,-0.4526
1835,1.835,0.0019,0.0076,-0.0005,-0.006,0.068,0.1243
1836,1.836,0.0355,0.0033,0.0452,-0.0015,0.0931,0.2031
1837,1.837,0.0306,0.0004,0.0591,-0.0002,0.1158,0.2741
1838,1.838,0.0173,0.0009,0.0467,0.0086,0.1364,0.3386
1839,1.839,0.0133,-0.0013,0.0813,0.0075,0.0811,0.281
1840,1.84,0.0241,0.0043,0.0917,0.0105,0.2662,0.3338
1841,1.841,0.0142,0.0049,-0.0126,0.0077,0.3895,0.8623
1842,1.842,0.017,0,-0.0821,0.0035,0.1878,0.6516
1843,1.843,0.0141,0.0017,-0.0444,0.0104,-0.0568,0.0749
1844,1.844,0.0117,-0.0024,-0.0099,0.0149,-0.0903,-0.159
1845,1.845,0.0094,0.0012,0.0421,0.014,-0.1205,-0.2305
1846,1.846,0.0073,0.0008,0.0705,0.0194,-0.1478,-0.2953
1847,1.847,0.0165,-0.0031,0.1135,0.0093,-0.1234,-0.2379
1848,1.848,0.008,0.0005,0.1679,-0.0059,-0.1459,-0.1854
1849,1.849,-0.0027,-0.0007,0.232,0.0042,-0.4106,-0.714
1850,1.85,-0.018,-0.0011,0.1199,0.006,-0.2304,-0.7847
1851,1.851,-0.0282,-0.0021,0.0436,0.0009,-0.0001,-0.2086
1852,1.852,-0.0412,-0.0038,-0.0254,-0.0007,0.09,0.1799
1853,1.853,-0.0395,-0.0068,-0.088,0.0174,0.1176,0.2514
1854,1.854,-0.0288,-0.0011,-0.168,0.0197,0.1425,0.3161
1855,1.855,-0.0414,0.0032,-0.22,0.0041,0.1204,0.2587
1856,1.856,-0.0363,0.0025,-0.2108,-0.0266,0.1002,0.2061
1857,1.857,-0.0163,0.0032,-0.1164,-0.0398,0.3781,0.4463
1858,1.858,-0.0026,0.0037,-0.1044,-0.036,0.3387,0.8399
1859,1.859,0.0246,0.0042,-0.0474,-0.0325,0.086,0.47
1860,1.86,0.0354,0.0048,0.0045,-0.0357,-0.0788,-0.0599
1861,1.861,0.0256,0.006,-0.043,-0.0386,-0.1091,-0.2723
1862,1.862,0.0168,0.0048,-0.0515,-0.0085,-0.1364,-0.2093
1863,1.863,0.0088,0.0013,-0.0122,0.0114,-0.1122,-0.268
1864,1.864,0.0112,0.0001,0.0377,0.0149,-0.09,-0.2157
1865,1.865,0.009,-0.0046,0.0831,0.0181,-0.2731,-0.2637
1866,1.866,0.0152,-0.0041,0.1715,0.0151,-0.3962,-0.9187
1867,1.867,0.0133,-0.0012,0.3105,0.0232,-0.1943,-0.638
1868,1.868,0.0116,-0.006,0.255,0.0208,0.0505,-0.0409
1869,1.869,0.0161,-0.0065,0.2383,0.0096,0.0841,0.193
1870,1.87,0.0064,-0.0036,0.1925,-0.0046,0.1145,0.2644
1871,1.871,-0.0074,-0.001,0.0397,0.001,0.142,0.3293
1872,1.872,-0.0242,-0.0032,-0.0619,0.0027,0.1178,0.272
1873,1.873,-0.049,0.0033,-0.1543,0.0165,0.1852,0.2196
1874,1.874,-0.0459,0.0118,-0.2384,0.0147,0.4092,0.7484
1875,1.875,-0.0431,0.0128,-0.1925,0.0062,0.2603,0.8192
1876,1.876,-0.0294,0.0034,-0.234,0.0017,0.0159,0.2432
1877,1.877,-0.0022,-0.0029,-0.2465,0.0003,-0.0832,-0.1452
1878,1.878,0.0014,-0.0038,-0.1199,-0.0034,-0.1133,-0.2165
1879,1.879,0.0313,0.0014,-0.1031,-0.0001,-0.1406,-0.281
1880,1.88,0.0432,-0.0031,-0.0879,-0.0031,-0.1163,-0.3394
1881,1.881,0.0253,-0.0022,0.0648,-0.004,-0.094,-0.1812
1882,1.882,0.0156,0,0.085,-0.0065,-0.3585,-0.5174
1883,1.883,0.0187,-0.0006,0.1034,0.0051,-0.3226,-0.9108
1884,1.884,0.0162,0.0011,0.0866,0.0102,-0.0924,-0.435
1885,1.885,0.009,-0.003,0.0103,0.0057,0.0573,0.0144
1886,1.886,0.0114,0.0006,-0.0034,-0.0039,0.085,0.1904
1887,1.887,0.0136,-0.0006,0.0094,-0.0002,0.11,0.2444
1888,1.888,0.0081,-0.0009,0.0211,0.0077,0.1326,0.2934
1889,1.889,0.0099,-0.0034,0.0317,0.0067,0.072,0.2504
1890,1.89,0.0085,-0.0044,0.0983,0.0114,0.2757,0.2904
1891,1.891,0.0072,0.0007,0.0898,0.0072,0.3572,0.8318
1892,1.892,0.001,-0.0014,0.0975,-0.0028,0.1847,0.6002
1893,1.893,-0.0045,0.0029,0.1184,-0.0014,-0.0176,0.1071
1894,1.894,0.0028,-0.0023,0.0207,0.0024,-0.0994,-0.2141
1895,1.895,0.002,-0.003,0.0617,-0.0125,-0.1244,-0.2732
1896,1.896,-0.0074,0.0012,0.0738,-0.0104,-0.1023,-0.3265
1897,1.897,-0.0037,-0.0005,0.0161,0.0026,-0.0821,-0.2789
1898,1.898,-0.0026,0.0021,-0.0566,-0.0024,-0.1377,-0.2353
1899,1.899,-0.012,0.0017,-0.1036,-0.0009,-0.3902,-0.7514
1900,1.9,-0.0309,0.0029,-0.1979,-0.0022,-0.2822,-0.8219
1901,1.901,-0.039,0.0026,-0.2099,-0.0084,-0.0519,-0.2456
1902,1.902,-0.0266,-0.002,-0.1522,-0.0139,0.098,0.1431
1903,1.903,-0.0199,-0.0025,0.0042,-0.0086,0.1255,0.2147
1904,1.904,-0.0094,-0.0058,0.1943,0.0018,0.1264,0.2824
1905,1.905,-0.0196,-0.0075,0.2164,0.0059,0.1021,0.347
1906,1.906,-0.0177,-0.0049,0.2771,0.0097,0.1245,0.1731
1907,1.907,-0.0025,-0.0028,0.147,0.0153,0.3483,0.543
1908,1.908,0.0077,-0.0024,0.0288,0.0101,0.3187,0.8796
1909,1.909,0.0096,-0.0014,-0.0788,0.0056,0.0743,0.4864
1910,1.91,0.0046,0.0038,-0.1763,-0.0055,-0.0905,0.0095
1911,1.911,0.0093,0.0001,-0.1889,-0.007,-0.0613,-0.1838
1912,1.912,0.0134,0.0036,-0.1544,-0.0029,-0.1429,-0.2428
1913,1.913,0.0146,0.0031,-0.1855,0.0035,-0.1678,-0.4017
1914,1.914,0.0043,0.0048,-0.138,-0.002,-0.1457,-0.3541
1915,1.915,0.0252,0.0073,-0.0429,-0.003,-0.2475,-0.3106
1916,1.916,0.0582,0.007,0.0457,-0.0002,-0.3773,-0.8267
1917,1.917,0.0538,0.0005,0.0575,-0.0026,-0.2258,-0.6163
1918,1.918,0.0339,-0.0004,0.0475,-0.0141,-0.0014,-0.0397
1919,1.919,0.0231,-0.0012,0.0193,-0.0089,0.0886,0.1941
1920,1.92,0.0329,-0.0065,0.028,-0.0195,0.116,0.2655
1921,1.921,0.0358,-0.0129,0.0198,-0.0154,0.1408,0.3301
1922,1.922,0.022,-0.0121,0.0121,-0.0066,0.1187,0.2726
1923,1.923,0.0046,-0.0052,0.0177,-0.001,0.1796,0.22
1924,1.924,-0.0066,-0.0025,0.0342,-0.002,0.4204,0.7485
1925,1.925,-0.0168,0.0001,0.0174,0.0121,0.2564,0.819
1926,1.926,-0.0373,0.0085,-0.0268,-0.0064,0.0472,0.2428
1927,1.927,-0.0674,-0.0018,0.0139,-0.0087,-0.0891,-0.1459
1928,1.928,-0.0792,-0.0005,0.094,-0.0065,-0.0652,-0.2175
1929,1.929,-0.09,0.0032,0.1289,0.0036,-0.1327,-0.2823
1930,1.93,-0.0802,0.0042,0.0355,0.0129,-0.1127,-0.225
1931,1.931,-0.0654,0.0136,-0.0017,0.0045,-0.0944,-0.1727
1932,1.932,-0.0517,0.0048,-0.0586,-0.0062,-0.3469,-0.5093
1933,1.933,-0.0146,0.0016,-0.0891,0.0063,-0.3111,-0.9029
1934,1.934,0.0013,0.0006,-0.0413,0.0114,-0.0811,-0.4273
1935,1.935,0.0156,0.0051,-0.0151,0.0129,0.0687,0.0217
1936,1.936,0.0199,-0.0027,-0.0542,0.0004,0.0963,0.1973
1937,1.937,0.0237,0.0003,-0.0755,0.0054,0.1211,0.251
1938,1.938,0.0201,0.0012,-0.0563,0.01,0.1437,0.2996
1939,1.939,0.0298,0.0071,0.0082,0.0086,0.0829,0.2564
1940,1.94,0.0209,-0.0044,0.103,0.0024,0.2496,0.2961
1941,1.941,0.0127,-0.0095,0.2418,0.0102,0.4065,0.8373
1942,1.942,0.015,-0.0049,0.3712,0.0259,0.1826,0.6054
1943,1.943,0.0171,-0.009,0.2869,0.0056,-0.0267,0.1121
1944,1.944,0.0149,0.0024,0.1185,-0.0025,-0.1085,-0.2092
1945,1.945,0.0204,0.01,-0.0833,0.0047,-0.1335,-0.2685
1946,1.946,0.005,0.003,-0.2188,0.0112,-0.1115,-0.322
1947,1.947,-0.0052,0.0067,-0.3419,-0.0012,-0.0914,-0.2745
1948,1.948,-0.0071,0.0012,-0.409,-0.0074,-0.147,-0.2311
1949,1.949,-0.0055,0.0022,-0.3479,-0.0167,-0.3995,-0.7473
1950,1.95,-0.0009,0.003,-0.1071,-0.0422,-0.2915,-0.8179
1951,1.951,0.0115,0.0038,-0.0087,-0.0313,0.0044,-0.2417
1952,1.952,0.0198,0.0032,0.0212,-0.0083,0.124,0.1469
1953,1.953,0.0273,-0.0004,0.0484,-0.0172,0.0885,0.2185
1954,1.954,0.0286,-0.0035,0.1223,-0.0035,0.1216,0.2833
1955,1.955,0.0172,-0.0006,0.2346,0.0038,0.092,0.2259
1956,1.956,0.0248,-0.0031,0.2958,0.0015,0.1192,0.1736
1957,1.957,0.0067,-0.0082,0.2776,-0.0005,0.341,0.51
1958,1.958,-0.0056,-0.0018,0.1262,-0.0061,0.3114,0.9034
1959,1.959,-0.0078,-0.0026,0.0244,-0.0044,0.067,0.4278
1960,1.96,-0.0016,-0.0019,-0.0683,0.0032,-0.0978,-0.0213
1961,1.961,-0.0035,-0.0055,-0.1189,0.0101,-0.0687,-0.1971
1962,1.962,-0.0052,0.0015,-0.104,0.0088,-0.0961,-0.2509
1963,1.963,-0.0128,0.0042,-0.1181,0.012,-0.121,-0.2997
1964,1.964,-0.0225,0,-0.1312,0.013,-0.0989,-0.2568
1965,1.965,-0.0237,-0.0022,-0.0744,0.0045,-0.2413,-0.2967
1966,1.966,-0.0206,0.0014,-0.0645,0.0076,-0.408,-0.8381
1967,1.967,-0.0048,-0.0016,-0.0741,-0.0082,-0.2063,-0.6063
1968,1.968,0.0018,0.0048,0.021,-0.0061,0.0383,-0.1131
1969,1.969,0.0244,-0.0064,0.1857,-0.0163,0.0718,0.2083
1970,1.97,0.0332,-0.0018,0.2086,0.0078,0.102,0.2674
1971,1.971,0.0195,-0.0059,0.27,0.0242,0.1293,0.3207
1972,1.972,0.0022,0.0004,0.2521,0.0034,0.1049,0.2732
1973,1.973,-0.0044,-0.0028,0.1683,0.0061,0.1274,0.2298
1974,1.974,-0.0146,-0.0018,0.0003,0.0134,0.3921,0.7459
1975,1.975,-0.0314,0.0027,-0.2011,0.0069,0.2841,0.8165
1976,1.976,-0.0336,0.0053,-0.3365,-0.0032,0.0538,0.2403
1977,1.977,-0.0071,0.006,-0.3612,-0.0125,-0.0959,-0.1483
1978,1.978,0.0183,0.0039,-0.2494,-0.0176,-0.0694,-0.2201
1979,1.979,0.0281,0.0023,-0.2698,-0.0038,-0.1434,-0.2849
1980,1.98,0.0194,0.0028,-0.1774,0.0018,-0.1214,-0.2275
1981,1.981,0.0058,0.0013,-0.1272,0.0069,-0.1012,-0.1749
1982,1.982,0.0084,0.0001,0.0099,0.0083,-0.342,-0.5113
1983,1.983,0.002,-0.0054,0.1016,0.0042,-0.375,-0.9048
1984,1.984,0.0001,-0.0001,0.1512,0.0029,-0.1063,-0.4293
1985,1.985,-0.0016,-0.0008,0.1658,-0.0027,0.0748,0.0198
1986,1.986,-0.0031,-0.0024,0.1515,-0.0101,0.1082,0.1955
1987,1.987,-0.0014,-0.0041,0.1891,-0.0109,0.1382,0.2493
1988,1.988,0.0029,0.0027,0.1318,-0.0238,0.1114,0.2979
1989,1.989,-0.0032,-0.0037,0.0805,-0.022,0.0871,0.2546
1990,1.99,-0.004,-0.0063,0.148,-0.0068,0.244,0.2945
1991,1.991,0.0056,-0.0041,0.106,0.0074,0.3865,0.8357
1992,1.992,0.0045,0.0008,0.0208,0.013,0.1827,0.6039
1993,1.993,0.0056,0.0039,-0.0359,0.0181,-0.0077,0.1105
1994,1.994,-0.0039,-0.0037,-0.0665,0.0136,-0.0821,-0.2108
1995,1.995,-0.0126,0.0036,-0.1516,0.0261,-0.1048,-0.2702
1996,1.996,-0.0275,0.0044,-0.1171,0.0244,-0.1254,-0.3237
1997,1.997,-0.0214,0.0053,-0.1693,0.0106,-0.1071,-0.2762
1998,1.998,-0.012,0.006,-0.1222,-0.0061,-0.1577,-0.2328
1999,1.999,0.01,0.0109,-0.0446,-0.0264,-0.3873,-0.7491
2000,2,0.0188,0.0026,-0.0547,-0.0237,-0.289,-0.8197
2001,2.001,0.027,0.0058,-0.0259,-0.0013,-0.02,-0.2435
2002,2.002,0.0098,0.0006,0.0694,-0.0042,0.0888,0.1451
2003,2.003,-0.0057,-0.004,0.0823,0.004,0.1222,0.2166
2004,2.004,-0.0116,-0.0048,0.0481,-0.0032,0.1522,0.2814
2005,2.005,-0.0091,-0.0092,0.0437,-0.0098,0.1207,0.2833
2006,2.006,-0.0146,-0.0007,0.0541,-0.0199,0.0937,0.2256
2007,2.007,-0.0296,0.0025,0.0445,-0.0068,0.3648,0.4898
2008,2.008,-0.0153,-0.0006,0.0358,0.0119,0.3289,0.9226
2009,2.009,0.009,-0.0014,0.0747,0.0192,0.0987,0.516
2010,2.01,0.0254,-0.0006,0.0673,0.0126,-0.051,-0.0665
2011,2.011,0.0284,-0.0058,0.1383,0.0066,-0.0788,-0.1453
2012,2.012,0.0203,-0.0094,0.2804,0.0048,-0.1036,-0.2164
2013,2.013,0.0277,-0.0024,0.3413,-0.0003,-0.1262,-0.281
2014,2.014,0.0166,0.006,0.1749,0.0044,-0.1061,-0.2236
2015,2.015,0.0025,-0.0065,0.0183,0.0197,-0.2358,-0.2766
2016,2.016,-0.0217,-0.0014,-0.2053,0.0299,-0.3873,-0.9013
2017,2.017,-0.0315,0.0032,-0.3544,0.0206,-0.2041,-0.6464
2018,2.018,-0.0227,0.0045,-0.3816,-0.0013,0.0183,-0.1036
2019,2.019,0.0021,0.0082,-0.3078,-0.0283,0.1082,0.2495
2020,2.02,0.0119,0.0072,-0.1956,-0.0247,0.1357,0.1866
2021,2.021,0.0091,0.0082,-0.0936,-0.0278,0.1114,0.2453
2022,2.022,0.001,0.0073,-0.0376,-0.0365,0.0892,0.2985
2023,2.023,0.0034,0.0081,0.0134,-0.0228,0.1096,0.1545
2024,2.024,-0.0032,0.0012,0.0903,-0.0104,0.3874,0.7223
2025,2.025,-0.0093,-0.0015,0.2156,0.0053,0.2685,0.7999
2026,2.026,-0.0224,-0.0007,0.165,0.0114,0.0156,0.3072
2027,2.027,-0.0241,-0.0044,0.1496,0.017,-0.0835,-0.1423
2028,2.028,-0.0318,-0.0009,0.1355,0.0187,-0.1139,-0.318
2029,2.029,-0.0304,-0.0104,0.123,0.0172,-0.1413,-0.3717
2030,2.03,-0.0316,-0.0091,0.2725,0.0269,-0.1171,-0.3244
2031,2.031,-0.0145,-0.0255,0.3334,0.0332,-0.0949,-0.194
2032,2.032,0.0127,-0.0234,0.2409,0.0364,-0.3188,-0.4719
2033,2.033,0.0235,-0.0173,0.1234,0.027,-0.3489,-0.8693
2034,2.034,0.0136,-0.008,-0.014,0.0157,-0.1047,-0.4998
2035,2.035,0.0164,-0.003,-0.2174,-0.0073,0.0602,0.03
2036,2.036,0.0082,0.0109,-0.4069,-0.0041,0.0905,0.2421
2037,2.037,-0.0042,0.0164,-0.6289,-0.007,0.0637,0.3068
2038,2.038,-0.0065,0.0181,-0.7186,-0.0371,0.0886,0.2494
2039,2.039,0.0119,0.0074,-0.5296,-0.0253,0.0664,0.3026
2040,2.04,0.049,0.0005,-0.2096,-0.0218,0.2496,0.2547
2041,2.041,0.0648,-0.0007,-0.0791,-0.0316,0.422,0.9099
2042,2.042,0.0503,0.0025,0.0398,-0.0167,0.1755,0.6293
2043,2.043,0.0371,-0.0006,0.0759,-0.0085,-0.055,0.2025
2044,2.044,0.0171,0.0021,0.1089,-0.006,-0.0854,-0.186
2045,2.045,0.0135,0.0013,0.1984,-0.0215,-0.1129,-0.2574
2046,2.046,0.0102,0.0082,0.1713,-0.0276,-0.0887,-0.3221
2047,2.047,0.0013,0.0074,0.0975,-0.0071,-0.1113,-0.2646
2048,2.048,-0.0235,-0.0021,0.075,-0.014,-0.1317,-0.2121
2049,2.049,-0.0268,-0.0059,0.0953,0.0107,-0.3726,-0.7407
2050,2.05,-0.024,-0.0027,0.1138,0.0008,-0.2742,-0.8113
2051,2.051,-0.0269,-0.0058,0.1305,-0.008,-0.0053,-0.2352
2052,2.052,-0.0493,0.0007,0.1457,0.0057,0.1036,0.1534
2053,2.053,-0.0523,-0.0002,0.1873,0.013,0.137,0.225
2054,2.054,-0.0497,-0.0039,0.2504,0.0108,0.1075,0.2898
2055,2.055,-0.0522,0.0038,0.3077,0.0209,0.1348,0.2325
2056,2.056,-0.0321,0.0048,0.1718,0.019,0.1104,0.1801
2057,2.057,-0.0131,-0.0016,0.0791,0.0173,0.3569,0.4204
2058,2.058,0.0041,-0.0059,0.0286,0.0127,0.3244,0.9012
2059,2.059,0.0105,-0.0006,-0.0173,0.0031,0.1155,0.4536
2060,2.06,-0.0037,-0.0013,-0.0869,-0.0007,-0.0749,-0.0708
2061,2.061,-0.0094,0.0018,-0.1503,0.0164,-0.1,-0.1426
2062,2.062,-0.001,0.0082,-0.2542,-0.0009,-0.1226,-0.2075
2063,2.063,0.0065,0.004,-0.2407,-0.0121,-0.1026,-0.2662
2064,2.064,0.0189,-0.003,-0.0517,-0.0102,-0.0843,-0.214
2065,2.065,0.0205,0.0016,0.0831,-0.0121,-0.2357,-0.2622
2066,2.066,0.0311,0.0025,0.1069,-0.0241,-0.3781,-0.9175
2067,2.067,0.0297,0.0047,0.0391,-0.0165,-0.1743,-0.6371
2068,2.068,0.0158,0.0067,-0.0225,-0.0041,0.016,-0.0402
2069,2.069,0.0064,0.0025,-0.0784,0.011,0.0905,0.1938
2070,2.07,0.0013,0.0031,-0.1964,0.0089,0.1134,0.2653
2071,2.071,-0.0003,0.0067,-0.3034,-0.0004,0.134,0.33
2072,2.072,0.0149,0.0037,-0.2055,-0.0021,0.1159,0.2724
2073,2.073,0.0168,0.0017,-0.0154,0.0055,0.1328,0.2199
2074,2.074,0.0149,-0.0001,0.0122,0.0123,0.3625,0.6524
2075,2.075,0.0097,-0.0033,0.0373,0.006,0.2643,0.8271
2076,2.076,0.0081,0.0031,0.0599,0.005,0.0554,0.2454
2077,2.077,-0.0072,0.0023,0.0805,0.0123,-0.0807,-0.143
2078,2.078,-0.0012,0.0049,0.0991,-0.0018,-0.1055,-0.2147
2079,2.079,0.0006,-0.002,0.1159,-0.0038,-0.128,-0.2795
2080,2.08,-0.0012,0.0007,0.1007,0.0017,-0.1078,-0.3381
2081,2.081,0.0064,-0.0001,0.0869,0.0035,-0.0892,-0.1801
2082,2.082,0.005,-0.0038,0.024,0.005,-0.3415,-0.4204
2083,2.083,0.0038,-0.0031,0.0355,0.0146,-0.3776,-0.9011
2084,2.084,0.0049,-0.0026,0.0875,0.0183,-0.0817,-0.4534
2085,2.085,0.0059,-0.0054,0.2104,0.0056,0.0381,0.0712
2086,2.086,0.0087,-0.0089,0.2603,-0.0131,0.0749,0.143
2087,2.087,0.013,-0.011,0.2444,0.0041,0.1083,0.2079
2088,2.088,0.0015,-0.0081,0.0908,0.0106,0.1384,0.2665
2089,2.089,-0.0035,-0.0045,-0.0116,0.0085,0.1116,0.2142
2090,2.09,-0.014,-0.0014,-0.2156,-0.012,0.235,0.2626
2091,2.091,-0.0236,0.0042,-0.3511,-0.0311,0.3922,0.8306
2092,2.092,-0.0222,0.0036,-0.3752,-0.0335,0.1686,0.5989
2093,2.093,-0.0231,0.0043,-0.2622,-0.0133,-0.0405,0.1057
2094,2.094,-0.0072,-0.0026,-0.1596,-0.0051,-0.0681,-0.2155
2095,2.095,0.0131,0.0001,-0.0661,-0.0075,-0.0929,-0.2747
2096,2.096,-0.0006,0.006,-0.0148,-0.0052,-0.1153,-0.2226
2097,2.097,0.0019,0.0054,0.0011,0.0009,-0.0951,-0.2712
2098,2.098,0.0174,0.0089,0.0153,0.0065,-0.1506,-0.2277
2099,2.099,0.0235,0.0047,0.0531,0.0014,-0.4029,-0.6644
2100,2.1,0.0179,-0.0006,0.0648,-0.0001,-0.2949,-0.839
2101,2.101,0.0163,-0.0041,0.0545,-0.0014,-0.0645,-0.2573
2102,2.102,0.0117,-0.0036,0.0829,0.0074,0.0854,0.1314
2103,2.103,0.0021,-0.0031,0.1602,0.0064,0.1131,0.203
2104,2.104,0.001,0.0016,0.0868,-0.0031,0.138,0.2679
2105,2.105,-0.0021,-0.0014,0.0201,0.0058,0.1159,0.3266
2106,2.106,-0.0061,-0.0007,0.0022,0.0136,0.0971,0.2028
2107,2.107,-0.0007,0.0021,-0.024,0.0083,0.3209,0.467
2108,2.108,-0.0091,-0.0026,-0.0321,-0.002,0.3509,0.8998
2109,2.109,-0.008,-0.001,0.0744,0.005,0.1066,0.4934
2110,2.11,0.0059,-0.0005,0.1812,0.0112,-0.0582,0.0165
2111,2.111,0.0078,-0.0073,0.1394,0.0144,-0.0886,-0.1767
2112,2.112,-0.0107,-0.0028,0.1516,0.0197,-0.116,-0.2356
2113,2.113,-0.0278,-0.0036,0.1397,0.0189,-0.1408,-0.2888
2114,2.114,-0.0255,0.0001,0.0456,0.0267,-0.0738,-0.2412
2115,2.115,-0.0355,-0.0035,-0.0684,0.0237,-0.2162,-0.285
2116,2.116,-0.0149,0.0022,-0.1145,0.0096,-0.383,-0.8804
2117,2.117,-0.0011,-0.0031,-0.1564,-0.0129,-0.1814,-0.7957
2118,2.118,-0.0033,-0.0011,-0.1442,-0.0519,0.0089,-0.0983
2119,2.119,0.0124,-0.0053,-0.248,-0.0466,0.0833,0.1843
2120,2.12,0.0226,-0.0094,-0.3733,-0.0224,0.106,0.2706
2121,2.121,0.0097,-0.013,-0.3229,-0.0092,0.1266,0.3487
2122,2.122,0.0148,-0.0061,-0.1546,0.0026,0.0712,0.2791
2123,2.123,0.0256,0.0011,-0.0423,0.0134,0.1216,0.2155
2124,2.124,0.027,0.0038,0.1003,-0.003,0.3511,0.7387
2125,2.125,0.0131,0.0012,0.0821,-0.0117,0.2527,0.8094
2126,2.126,0.015,-0.0041,0.0989,-0.009,0.0435,0.3613
2127,2.127,0.0065,-0.0021,0.1445,0.0133,-0.0928,-0.1633
2128,2.128,0.008,0.0048,0.1026,-0.0016,-0.1179,-0.2349
2129,2.129,0.0094,0.0093,0.0392,-0.0207,-0.1406,-0.2997
2130,2.13,0.0006,0.0067,0.0045,-0.0135,-0.1207,-0.2422
2131,2.131,-0.0072,0.0059,0.0355,0.0112,-0.0655,-0.1897
2132,2.132,-0.0229,0.001,0.0639,0.0211,-0.3181,-0.43
2133,2.133,-0.0295,0.004,0.0899,0.024,-0.3544,-0.9106
2134,2.134,-0.0316,-0.0001,0.1134,0.0158,-0.1245,-0.4629
2135,2.135,-0.0298,-0.0049,0.0922,0.0086,0.0848,0.0616
2136,2.136,-0.018,-0.0019,0.1375,0.0064,0.1123,0.2741
2137,2.137,-0.0104,-0.0072,0.1319,-0.0161,0.137,0.2112
2138,2.138,-0.0229,-0.0036,0.1373,-0.0309,0.1148,0.2699
2139,2.139,-0.0281,0.0033,0.0644,-0.0062,0.0946,0.2177
2140,2.14,-0.0327,0.0059,-0.0922,0.0102,0.2241,0.266
2141,2.141,-0.0368,0.0137,-0.339,0.0074,0.4092,0.8341
2142,2.142,-0.018,0.0084,-0.3067,-0.0118,0.1872,0.6024
2143,2.143,0.023,-0.0019,-0.218,-0.0242,-0.0221,0.1093
2144,2.144,0.0172,-0.0033,-0.1372,-0.0176,-0.1041,-0.2118
2145,2.145,0.0119,0.0004,-0.0143,-0.0115,-0.0801,-0.271
2146,2.146,0.036,0.0107,0.0974,0.0053,-0.1029,-0.3245
2147,2.147,0.0403,0.0067,0.1578,0.0165,-0.0829,-0.2769
2148,2.148,0.0123,0.0004,0.139,0.0185,-0.1386,-0.2335
2149,2.149,0.0014,-0.0051,0.1218,0.0241,-0.3912,-0.6701
2150,2.15,0.0046,0.0001,0.1365,0.0222,-0.2834,-0.8447
2151,2.151,0.0017,0.0029,0.2612,0.0002,-0.0534,-0.263
2152,2.152,-0.001,0.0003,0.2778,-0.0027,0.0962,0.1255
2153,2.153,-0.0034,0.004,0.1406,0.0054,0.1237,0.1971
2154,2.154,0.0032,0.002,0.0492,0.0078,0.1484,0.2619
2155,2.155,0.0174,0.0025,-0.0676,0.0012,0.1261,0.3205
2156,2.156,0.0229,-0.0004,-0.174,-0.013,0.1058,0.1626
2157,2.157,0.0211,0.0012,-0.1596,-0.0037,0.3464,0.4029
2158,2.158,0.0195,0.0063,-0.197,0.0081,0.3136,0.8836
2159,2.159,0.0153,0.007,-0.1623,-0.0057,0.1046,0.436
2160,2.16,0.0039,-0.0025,-0.11,-0.0225,-0.0859,0.0279
2161,2.161,-0.0132,-0.0038,-0.0624,-0.0113,-0.1112,-0.2377
2162,2.162,-0.0155,-0.005,-0.0537,-0.0052,-0.134,-0.1907
2163,2.163,-0.0136,-0.006,0.0639,-0.0034,-0.1142,-0.2351
2164,2.164,-0.0119,0.0013,0.1481,-0.0085,-0.0961,-0.2752
2165,2.165,-0.0306,-0.0032,0.1329,-0.007,-0.214,-0.2394
2166,2.166,-0.0234,-0.0023,0.0357,-0.0029,-0.4132,-0.7318
2167,2.167,-0.0031,-0.0045,-0.0022,0.0083,-0.2236,-0.6621
2168,2.168,-0.0005,-0.0024,-0.1288,0.0128,-0.0012,-0.0858
2169,2.169,-0.0077,-0.0029,-0.1795,0.0141,0.0888,0.148
2170,2.17,-0.0189,0.0012,-0.1953,0.0051,0.1162,0.2195
2171,2.171,-0.0004,0.0028,-0.2097,0.0176,0.1409,0.2842
2172,2.172,0.0169,0.0025,-0.0711,0.0091,0.1186,0.2268
2173,2.173,0.0191,0.0006,-0.0156,-0.0109,0.1389,0.1743
2174,2.174,0.0212,-0.0051,0.1362,0.0028,0.3796,0.7027
2175,2.175,0.0268,0.0009,0.279,0.01,0.2812,0.7734
2176,2.176,0.0115,0.0003,0.2612,0.0122,0.0121,0.3251
2177,2.177,-0.0027,0.004,0.1442,0.0061,-0.0967,-0.083
2178,2.178,-0.012,0.0057,0.0988,-0.0069,-0.0645,-0.2427
2179,2.179,-0.0138,0.0063,0.0018,-0.0187,-0.0947,-0.2916
2180,2.18,-0.0092,0.0006,-0.1116,-0.0111,-0.122,-0.2486
2181,2.181,0.0032,-0.0015,-0.1879,-0.0042,-0.0977,-0.2093
2182,2.182,0.0184,-0.005,-0.1738,-0.0005,-0.3443,-0.462
2183,2.183,0.0123,-0.0033,-0.0854,-0.0176,-0.3773,-0.8889
2184,2.184,0.0066,-0.0003,-0.051,-0.025,-0.1086,-0.4824
2185,2.185,-0.0019,0.0002,-0.0614,-0.0138,0.0724,-0.0055
2186,2.186,-0.0004,-0.0048,-0.0709,-0.0037,0.1059,0.188
2187,2.187,-0.0017,-0.0012,-0.0105,-0.0093,0.136,0.247
2188,2.188,0.0046,0.0058,-0.0496,-0.0077,0.1091,0.3002
2189,2.189,0.0102,0.0031,0.0286,-0.0031,0.0847,0.2527
2190,2.19,0.0133,-0.0011,0.143,0.0094,0.2415,0.2966
2191,2.191,0.0012,-0.0004,0.1886,0.0179,0.3839,0.8127
2192,2.192,-0.0004,-0.0024,0.2019,0.0133,0.1802,0.6023
2193,2.193,0.0012,0.0007,0.1384,-0.0076,-0.0101,0.1536
2194,2.194,0.0083,-0.0022,0.1728,-0.0164,-0.0845,-0.1385
2195,2.195,0.0096,-0.0047,0.2877,0.0137,-0.1073,-0.1926
2196,2.196,0.0065,-0.0077,0.2116,0.0255,-0.1278,-0.2412
2197,2.197,-0.0048,-0.0106,0.1703,0.022,-0.1096,-0.2855
2198,2.198,-0.0185,-0.0055,0.2084,0.0122,-0.1264,-0.1669
2199,2.199,-0.0352,-0.0035,0.1051,0.0151,-0.3561,-0.7081
2200,2.2,-0.0463,0.0048,-0.1034,0.0125,-0.2578,-0.7857
2201,2.201,-0.0442,0.008,-0.5506,0.0052,-0.0487,-0.293
2202,2.202,-0.0422,0.0111,-0.7425,-0.0014,0.0876,0.1564
2203,2.203,-0.0202,0.0065,-0.5683,-0.0115,0.1127,0.2158
2204,2.204,0.0248,0.0023,-0.3047,-0.0171,0.1354,0.2695
2205,2.205,0.0442,0.003,-0.1612,-0.0188,0.1153,0.3182
2206,2.206,0.0268,-0.0019,-0.031,-0.0143,0.097,0.1878
2207,2.207,0.0247,-0.0023,0.0742,-0.0157,0.3306,0.4361
2208,2.208,0.0406,0.0019,0.1132,0.0007,0.3475,0.8729
2209,2.209,0.0551,0.0014,0.1487,0.0029,0.1177,0.4664
2210,2.21,0.0154,0.0049,0.1155,0.0008,-0.0472,-0.0105
2211,2.211,0.0101,-0.002,0.0855,-0.0011,-0.0775,-0.2037
2212,2.212,0.0054,-0.0031,0.0585,0.0006,-0.1048,-0.2627
2213,2.213,0.001,-0.0058,0.0341,-0.0039,-0.1296,-0.316
2214,2.214,-0.0028,0.0001,0.012,0.0114,-0.1073,-0.2683
2215,2.215,-0.0209,-0.0037,0.0734,0.0175,-0.2495,-0.2249
2216,2.216,-0.0241,-0.0073,0.0923,0.0119,-0.4533,-0.8204
2217,2.217,-0.027,-0.0043,0.1765,0.0103,-0.2635,-0.7355
2218,2.218,-0.0242,0.0009,0.3142,0.021,0.0082,-0.193
2219,2.219,-0.0218,-0.0027,0.2215,0.0058,0.1171,0.1602
2220,2.22,-0.024,-0.0057,0.1373,0.0038,0.1505,0.2252
2221,2.221,-0.022,-0.0146,-0.0004,0.0094,0.1211,0.2839
2222,2.222,-0.0202,-0.0158,-0.0931,0.0077,0.0944,0.3372
2223,2.223,-0.0083,-0.0055,-0.1773,-0.0093,0.1192,0.1933
2224,2.224,0.0056,0.0014,-0.2234,-0.0205,0.4107,0.6737
2225,2.225,0.0038,-0.0024,-0.2098,-0.0226,0.292,0.738
2226,2.226,0.0224,0.0054,-0.071,-0.043,0.0392,0.2145
2227,2.227,0.0297,0.0023,0.0213,-0.0129,-0.0599,-0.1386
2228,2.228,0.0276,0.0049,-0.0291,0.0071,-0.0901,-0.204
2229,2.229,0.0215,0.0057,-0.0135,0.018,-0.1173,-0.2629
2230,2.23,0.0085,0.002,0.0286,0.0148,-0.0929,-0.2108
2231,2.231,0.0068,0.0026,0.0415,0.0178,-0.0706,-0.1632
2232,2.232,0.0022,0.0008,0.1684,0.0206,-0.3351,-0.3817
2233,2.233,0.0091,-0.001,0.1184,0.0134,-0.3712,-0.8981
2234,2.234,0.0079,0.0025,0.0422,-0.0021,-0.1411,-0.5466
2235,2.235,-0.0025,0.0037,-0.0272,-0.0123,0.0684,0.0304
2236,2.236,-0.0177,0.01,-0.0146,-0.0327,0.0961,0.264
2237,2.237,-0.0158,0.0108,0.043,-0.03,0.1211,0.1947
2238,2.238,-0.0139,0.0065,0.0121,-0.0077,0.1438,0.2592
2239,2.239,-0.0157,0.0013,0.0028,0.0072,0.0831,0.3177
2240,2.24,-0.0141,0.0048,0.0116,0.0099,0.2128,0.2652
2241,2.241,0.004,-0.0048,0.004,0.0123,0.3981,0.7939
2242,2.242,-0.0133,-0.0061,-0.0599,0.0102,0.1763,0.724
2243,2.243,-0.0289,-0.0074,-0.1546,0.0042,-0.0329,0.1474
2244,2.244,-0.0229,0.0004,-0.1671,-0.0014,-0.1146,-0.2411
2245,2.245,-0.0211,0.0076,-0.1096,-0.0031,-0.0904,-0.1721
2246,2.246,-0.0093,0.0103,-0.0785,-0.017,-0.113,-0.2368
2247,2.247,0.0076,0.0077,-0.0125,-0.03,-0.0929,-0.2953
2248,2.248,0.0098,0.0039,0.0301,-0.0181,-0.1484,-0.2429
2249,2.249,0.0118,-0.001,0.053,-0.0074,-0.4008,-0.6754
2250,2.25,0.0136,-0.0068,0.0881,0.0056,-0.2928,-0.8502
2251,2.251,0.0153,-0.0075,0.1071,0.007,-0.0625,-0.2686
2252,2.252,0.0137,-0.0068,0.1711,0.0082,0.0872,0.1199
2253,2.253,0.015,-0.0051,0.2312,0.0071,0.1148,0.1915
2254,2.254,0.0138,-0.0056,0.1606,0.0186,0.1396,0.2561
2255,2.255,0.0061,-0.0041,0.1326,0.0261,0.1175,0.3146
2256,2.256,0.001,-0.0045,0.0383,0.0136,0.0973,0.2622
2257,2.257,0.0002,0.0019,-0.0239,0.0221,0.338,0.4064
2258,2.258,0.0028,0.0046,-0.0575,0.0021,0.371,0.887
2259,2.259,-0.001,0.0038,-0.088,-0.006,0.1022,0.4394
2260,2.26,0.0025,0.009,-0.1918,-0.0132,-0.0789,0.0313
2261,2.261,0.002,-0.0016,-0.1776,-0.0243,-0.1123,-0.2345
2262,2.262,0.0024,-0.0093,-0.1647,-0.0101,-0.1424,-0.2836
2263,2.263,0.0008,0.0004,-0.2679,-0.0045,-0.1157,-0.2407
2264,2.264,-0.0036,0.0041,-0.1705,-0.0096,-0.0913,-0.2807
2265,2.265,0.0004,0.0051,-0.0314,-0.002,-0.2034,-0.2449
2266,2.266,0.0018,0.0062,0.0242,0.0021,-0.3868,-0.7372
2267,2.267,0.0087,-0.0002,0.0746,0.0058,-0.2145,-0.6674
2268,2.268,0.0243,0.0023,0.0595,0.0025,-0.0123,-0.0909
2269,2.269,0.0309,-0.0013,0.018,0.014,0.0696,0.143
2270,2.27,0.0084,0.0036,0.1064,0.0216,0.0946,0.2146
2271,2.271,-0.0004,-0.0032,0.1868,0.0284,0.1173,0.2793
2272,2.272,-0.0086,-0.004,0.2388,0.0272,0.0972,0.3379
2273,2.273,-0.0158,0.002,0.267,0.0122,0.1528,0.1799
2274,2.274,-0.0224,-0.0016,0.2064,-0.0103,0.4052,0.6124
2275,2.275,-0.0244,-0.0022,0.1043,-0.0253,0.2973,0.7871
2276,2.276,-0.0225,-0.0004,-0.1045,-0.028,0.0671,0.3111
2277,2.277,-0.0174,0.0014,-0.373,-0.0504,-0.0826,-0.1382
2278,2.278,-0.0158,0.0092,-0.4091,-0.0356,-0.1102,-0.1976
2279,2.279,0.005,0.0125,-0.3108,-0.0328,-0.135,-0.2511
2280,2.28,0.032,0.0116,-0.2811,-0.0205,-0.1128,-0.2996
2281,2.281,0.0212,0.0052,-0.1455,-0.0093,-0.0925,-0.2561
2282,2.282,0.0047,-0.0006,0.027,0.0049,-0.3332,-0.4546
2283,2.283,0.0076,-0.0043,0.1393,0.0179,-0.3662,-0.9239
2284,2.284,0.0157,-0.0036,0.1598,0.0264,-0.0975,-0.4765
2285,2.285,0.0084,-0.0004,0.1043,0.0278,0.0836,0.0479
2286,2.286,0.0018,0.0025,0.0874,0.0264,0.1171,0.2603
2287,2.287,-0.0167,-0.0042,0.072,0.0201,0.1473,0.1974
2288,2.288,-0.019,-0.0014,0.0856,0.0233,0.1205,0.2561
2289,2.289,-0.0212,-0.0005,0.0978,0.0075,0.0962,0.2038
2290,2.29,-0.0111,-0.0042,0.0632,-0.0261,0.2083,0.2521
2291,2.291,0.0094,0.0008,0.0944,-0.0117,0.3918,0.8201
2292,2.292,0.0068,-0.0034,0.085,0.0103,0.1701,0.7431
2293,2.293,0.0044,-0.0005,0.0764,0.0143,-0.039,0.1091
2294,2.294,-0.0021,0.0021,0.084,0.0034,-0.0667,-0.1479
2295,2.295,-0.0082,0.001,0.1335,-0.0064,-0.0916,-0.2266
2296,2.296,-0.01,0.0058,0.2304,0.0024,-0.1141,-0.2974
2297,2.297,-0.015,-0.0025,0.1329,-0.0167,-0.1345,-0.2342
2298,2.298,-0.0073,-0.008,-0.0567,-0.0191,-0.1161,-0.1766
2299,2.299,0.0109,-0.0049,-0.1379,0.0012,-0.3685,-0.6524
2300,2.3,0.0133,-0.0022,-0.1624,0.0093,-0.2604,-0.8447
2301,2.301,0.0022,-0.0013,-0.2296,0.0117,-0.0301,-0.3212
2302,2.302,-0.012,-0.0006,-0.2094,0.0095,0.1197,0.1724
2303,2.303,-0.025,0.0058,-0.1541,0.0116,0.0932,0.2378
2304,2.304,-0.0267,0.0084,-0.2047,-0.0052,0.1181,0.2966
2305,2.305,-0.0221,0.0032,-0.2203,-0.0208,0.1408,0.2443
2306,2.306,-0.0013,0.0025,-0.1235,-0.0187,0.0801,0.1966
2307,2.307,0.0437,0.0068,0.0147,-0.0095,0.321,0.4152
2308,2.308,0.0509,0.0029,0.0963,-0.0247,0.356,0.8947
2309,2.309,0.0316,-0.0023,0.1142,-0.0105,0.126,0.5374
2310,2.31,0.0258,-0.0016,0.0634,-0.0012,-0.0832,0.0074
2311,2.311,0.0206,0.0026,0.0784,0.0072,-0.1108,-0.205
2312,2.312,0.0063,-0.0003,0.0923,0.0118,-0.1357,-0.2702
2313,2.313,0.0019,-0.0038,0.055,0.0187,-0.1136,-0.3291
2314,2.314,0.0137,-0.0035,0.0899,0.0099,-0.0933,-0.2769
2315,2.315,0.0029,-0.0083,0.1215,0.0132,-0.1859,-0.2292
2316,2.316,-0.0004,-0.0125,0.0554,0.0081,-0.4046,-0.8846
2317,2.317,-0.0093,-0.0166,0.064,0.0073,-0.1959,-0.7915
2318,2.318,-0.0175,-0.0202,0.0249,0.0168,-0.0056,-0.1947
2319,2.319,-0.0248,-0.0152,-0.0247,0.0232,0.0688,0.1938
2320,2.32,-0.0226,-0.0074,-0.0568,0.0154,0.0917,0.2651
2321,2.321,-0.0085,-0.0127,-0.0506,-0.0002,0.1123,0.3295
2322,2.322,-0.0178,-0.0154,-0.0448,-0.0157,0.1311,0.2719
2323,2.323,-0.0059,-0.0113,-0.0299,0.0028,0.1145,0.2193
2324,2.324,-0.0105,0.0002,0.0191,-0.0044,0.3442,0.6515
2325,2.325,-0.0092,0.0086,0.0257,0.0022,0.3116,0.826
2326,2.326,0.0098,0.007,0.0548,-0.012,0.0427,0.3499
2327,2.327,0.0234,0.0083,0.0492,-0.0251,-0.0661,-0.0995
2328,2.328,0.0161,0.0095,0.0147,-0.0133,-0.165,-0.2752
2329,2.329,0.0005,0.0104,-0.0435,-0.0148,-0.1952,-0.3288
2330,2.33,-0.0015,0.0114,-0.0989,0.0004,-0.1142,-0.2814
2331,2.331,-0.0034,0.0029,-0.1206,0.0065,-0.0898,-0.1509
2332,2.332,-0.005,0.0132,-0.0881,0.0047,-0.2915,-0.3496
2333,2.333,-0.0005,0.0034,0.0007,0.0064,-0.3729,-0.8911
2334,2.334,-0.0019,0.0046,0.0392,0.0111,-0.1017,-0.5044
2335,2.335,0.0018,0.0013,0.0514,-0.0014,0.0794,-0.0108
2336,2.336,-0.006,-0.0018,0.1248,0.0003,0.1129,0.1828
2337,2.337,-0.0091,0.0008,0.0775,-0.0042,0.143,0.2419
2338,2.338,-0.01,0.0016,-0.0349,-0.0083,0.1161,0.2953
2339,2.339,-0.0126,0.0009,-0.1422,-0.0222,0.0425,0.2476
2340,2.34,-0.009,0.0015,-0.1006,-0.0129,0.1993,0.2916
2341,2.341,-0.0196,0.0045,-0.0627,-0.0147,0.3826,0.8078
2342,2.342,-0.0058,0.0004,-0.0281,-0.0071,0.2102,0.7381
2343,2.343,-0.0039,0.0009,0.0867,0.0082,0.0078,0.1616
2344,2.344,-0.0056,-0.0004,0.1326,0.0022,-0.0742,-0.227
2345,2.345,-0.0163,-0.0016,0.0912,0.0078,-0.0992,-0.1581
2346,2.346,-0.0037,0.0034,0.079,0.0163,-0.1219,-0.2229
2347,2.347,0.0081,-0.0015,-0.0012,0.0056,-0.1019,-0.2816
2348,2.348,0.0188,0.0001,0.0091,-0.0013,-0.1206,-0.2291
2349,2.349,0.0175,-0.0016,0.0371,-0.0001,-0.3732,-0.6616
2350,2.35,0.0088,0.0019,0.0282,0.0102,-0.2653,-0.8364
2351,2.351,0.0098,0.0015,0.0672,0.0132,-0.0352,-0.3605
2352,2.352,0.0109,0.0018,0.1312,0.0119,0.1144,0.0887
2353,2.353,0.0193,0.0008,0.1052,0.0131,0.0877,0.2643
2354,2.354,0.0161,0.0053,0.0975,0.0163,0.1123,0.2122
2355,2.355,0.0131,-0.0042,0.1049,0.009,0.1348,0.2607
2356,2.356,0.0104,-0.0055,0.0729,0.0025,0.0739,0.2172
2357,2.357,0.008,-0.0044,-0.0149,-0.0017,0.3144,0.4157
2358,2.358,-0.0034,-0.0012,-0.1283,-0.0132,0.3473,0.8849
2359,2.359,-0.0253,-0.0043,-0.2046,-0.0048,0.1383,0.5651
2360,2.36,-0.0225,0.0079,-0.3297,-0.0094,-0.0522,0.0406
2361,2.361,-0.0033,0.0096,-0.3803,-0.0025,-0.0775,-0.1719
2362,2.362,-0.001,0.008,-0.335,-0.0189,-0.1452,-0.237
2363,2.363,0.0101,0.0011,-0.2108,-0.0437,-0.1253,-0.2959
2364,2.364,0.0285,0.0023,0.0408,-0.0405,-0.1071,-0.2437
2365,2.365,0.0409,0.0055,0.2926,-0.0198,-0.225,-0.2921
2366,2.366,0.0387,0.0045,0.1939,-0.0061,-0.3936,-0.8602
2367,2.367,0.0162,-0.004,0.0447,-0.0086,-0.1921,-0.7835
2368,2.368,-0.0046,0.0037,-0.0361,-0.002,-0.0019,-0.1497
2369,2.369,-0.0237,-0.0015,-0.1091,-0,0.0725,0.2775
2370,2.37,-0.036,-0.0024,-0.1306,0.0055,0.0951,0.2015
2371,2.371,-0.0337,0.0002,-0.1098,0.0038,0.1156,0.2725
2372,2.372,-0.0317,0.0008,-0.0541,-0.0008,0.0973,0.3369
2373,2.373,-0.0187,-0.0012,0.0636,0.0032,0.1477,0.1629
2374,2.374,0.0066,-0.0007,0.2012,0.0145,0.3773,0.6384
2375,2.375,0.0174,-0.0023,0.1827,0.019,0.2789,0.8305
2376,2.376,0.0076,-0.0058,0.1996,0.023,0.0699,0.3068
2377,2.377,0.0105,-0.0028,0.3682,0.0241,-0.0664,-0.187
2378,2.378,0.0024,-0.0031,0.3462,0.0319,-0.0914,-0.2525
2379,2.379,-0.0099,-0.0041,0.0818,0.0266,-0.1141,-0.3116
2380,2.38,-0.0077,-0.0008,-0.1705,0.0125,-0.1347,-0.2597
2381,2.381,-0.0056,0.0031,-0.269,-0.0181,-0.0793,-0.2123
2382,2.382,0.0074,-0.0004,-0.2988,-0.0137,-0.3317,-0.431
2383,2.383,0.0125,-0.0026,-0.2177,-0.0019,-0.368,-0.9476
2384,2.384,0.0171,-0.0054,-0.0947,0.0089,-0.138,-0.5964
2385,2.385,0.0131,-0.009,0.1516,0.0056,0.0713,-0.0196
2386,2.386,0.0095,-0.0047,0.3153,0.0144,0.0991,0.2139
2387,2.387,0.0127,-0.0042,0.1659,0.0224,0.124,0.285
2388,2.388,0.0033,0.0016,0.03,0.0151,0.1019,0.2214
2389,2.389,-0.0131,0.0053,-0.0935,-0.0096,0.0818,0.2798
2390,2.39,-0.0242,0.0005,-0.1161,-0.0195,0.2114,0.2272
2391,2.391,-0.01,0.0022,-0.0554,-0.0283,0.3966,0.8518
2392,2.392,0.0068,0.0017,-0.0369,-0.0311,0.2242,0.7669
2393,2.393,-0.0134,-0.003,-0.1545,-0.0287,-0.0229,0.2241
2394,2.394,-0.0214,0.004,-0.1391,-0.0266,-0.0564,-0.1293
2395,2.395,-0.0141,0.0032,-0.0974,-0.0165,-0.0865,-0.1948
2396,2.396,-0.0207,-0.0027,0.0415,-0.0035,-0.1138,-0.2537
2397,2.397,-0.0227,0.001,0.1342,0.0151,-0.0895,-0.3073
2398,2.398,-0.0171,0.0004,0.0503,0.0078,-0.1119,-0.1637
2399,2.399,0.0015,0.0034,-0.0567,0.0012,-0.3765,-0.6444
2400,2.4,0.0088,0.0006,-0.0151,-0.0007,-0.2686,-0.8369
2401,2.401,0.0153,-0.0009,-0.0027,0.0012,-0.0383,-0.3136
2402,2.402,0.0051,0.0003,-0.0141,0.0097,0.1114,0.1799
2403,2.403,-0.0079,0.0015,-0.1287,0.0143,0.0849,0.2451
2404,2.404,-0.0198,-0.0011,-0.1438,-0.0065,0.1098,0.3037
2405,2.405,-0.0275,-0.0001,0.0092,-0.0152,0.1323,0.2513
2406,2.406,-0.0067,0.0037,0.07,0.0095,0.0716,0.2034
2407,2.407,0.0383,0.0049,0.1623,0.0128,0.3123,0.4218
2408,2.408,0.0446,0.002,0.2123,0.004,0.3453,0.8585
2409,2.409,0.0233,-0.0004,0.2587,0.0067,0.1297,0.5096
2410,2.41,0.0175,-0.0029,0.396,0.014,-0.0795,-0.0149
2411,2.411,0.0227,-0.0061,0.5621,0.0252,-0.1072,-0.2274
2412,2.412,0.0179,-0.004,0.315,0.0231,-0.1321,-0.2925
2413,2.413,0.0047,-0.0082,0.0848,0.0176,-0.11,-0.2352
2414,2.414,-0.0072,-0.0006,-0.1241,0.0091,-0.0899,-0.2887
2415,2.415,-0.018,0.0067,-0.2595,0.0137,-0.2195,-0.2411
2416,2.416,-0.0344,0.0131,-0.5301,-0.0071,-0.4047,-0.8092
2417,2.417,-0.0373,0.0089,-0.71,-0.0158,-0.2322,-0.7324
2418,2.418,-0.0292,0.0126,-0.6111,-0.0185,0.015,-0.2393
2419,2.419,0.0079,0.0033,-0.2829,-0.0257,0.1141,0.0821
2420,2.42,0.0344,0.0022,-0.0647,-0.0323,0.0848,0.2579
2421,2.421,0.0391,0.0032,0.1335,-0.0098,0.1122,0.3112
2422,2.422,0.0522,-0.0041,0.1695,-0.0069,0.088,0.2638
2423,2.423,0.0242,-0.0014,0.1367,0.0014,0.1104,0.2207
2424,2.424,-0.0087,-0.0023,-0.0121,0.0088,0.3752,0.6574
2425,2.425,-0.0131,0.003,-0.0929,0.0023,0.2673,0.8321
2426,2.426,-0.0093,0.0009,-0.068,-0.016,0.0372,0.3563
2427,2.427,-0.0129,-0.0034,-0.0003,-0.0087,-0.1125,-0.0928
2428,2.428,-0.0031,-0.0029,0.0208,0.0026,-0.0859,-0.1521
2429,2.429,-0.006,-0.0054,0.0767,0.0129,-0.1107,-0.2057
2430,2.43,0.0021,-0.0058,0.0936,0.0037,-0.0885,-0.2542
2431,2.431,-0.0003,-0.007,0.1393,0.002,-0.0683,-0.2106
2432,2.432,-0.034,-0.006,0.1806,0.0127,-0.309,-0.409
2433,2.433,-0.0387,-0.0008,0.1927,0.0113,-0.342,-0.9502
2434,2.434,-0.0343,-0.0077,0.319,0.0227,-0.1331,-0.5632
2435,2.435,-0.0063,-0.0032,0.2349,0.0212,0.0573,-0.0695
2436,2.436,-0.0026,-0.004,0.1587,0.0004,0.1318,0.2522
2437,2.437,0.0073,-0.0018,0.0062,-0.0144,0.1099,0.1956
2438,2.438,-0.0015,-0.0039,-0.0546,-0.0063,0.1306,0.2494
2439,2.439,-0.0042,-0.0034,-0.1102,0.001,0.1123,0.202
2440,2.44,-0.0115,-0.0017,-0.1271,0.0032,0.1965,0.2463
2441,2.441,-0.0049,-0.0085,-0.1731,0.0092,0.3957,0.8422
2442,2.442,-0.0029,-0.017,-0.1314,0.0223,0.2061,0.7578
2443,2.443,-0.001,-0.0067,-0.043,0.0239,-0.0163,0.2157
2444,2.444,0.0142,0.0002,-0.0314,0.0194,-0.1062,-0.1371
2445,2.445,0.0244,0.0039,-0.1253,0.0013,-0.0796,-0.2021
2446,2.446,0.0225,0.0049,-0.1378,-0.031,-0.1043,-0.2605
2447,2.447,0.0275,0.0079,-0.0343,-0.0442,-0.1268,-0.3136
2448,2.448,0.0351,0.0124,0.0354,-0.048,-0.1065,-0.1696
2449,2.449,0.0311,0.0065,0.0228,-0.0445,-0.3843,-0.6498
2450,2.45,0.0249,0.0087,-0.0121,-0.0147,-0.2656,-0.8417
2451,2.451,0.0217,0.0107,-0.0645,-0.0029,-0.0847,-0.3181
2452,2.452,0.008,0.0089,-0.0363,-0.0015,0.0802,0.1759
2453,2.453,-0.0013,0.0001,0.0067,-0.005,0.1106,0.2416
2454,2.454,-0.0064,0.0038,0.0299,-0.0018,0.138,0.3006
2455,2.455,-0.0109,-0.004,0.1223,0.001,0.1137,0.2486
2456,2.456,-0.0096,-0.003,0.1346,0.0037,0.0915,0.201
2457,2.457,-0.0133,-0.0039,0.1231,0.0109,0.3154,0.4198
2458,2.458,-0.0165,-0.0047,0.0921,0.013,0.3454,0.8569
2459,2.459,-0.007,-0.0025,0.0828,0.015,0.1555,0.5666
2460,2.46,-0.0082,-0.0005,0.1436,0.0131,-0.0669,-0.0157
2461,2.461,-0.0072,-0.0048,0.1519,0.0114,-0.0973,-0.2493
2462,2.462,-0.0145,-0.002,0.1028,0.0068,-0.1247,-0.1801
2463,2.463,-0.019,-0.0035,0.0187,-0.0029,-0.1495,-0.2447
2464,2.464,-0.0164,-0.0039,-0.1311,-0.0092,-0.0825,-0.3031
2465,2.465,-0.0049,-0.0052,-0.2335,0.0057,-0.2248,-0.2505
2466,2.466,0.0001,0.0006,-0.2528,0.0199,-0.3915,-0.8751
2467,2.467,-0.0015,-0.002,-0.1359,0.0254,-0.1898,-0.7903
2468,2.468,0.0026,0.0049,0.0929,0.0304,0.0005,-0.2476
2469,2.469,0.0014,0.0041,0.1254,0.0165,0.0751,0.2463
2470,2.47,-0.0042,0.0032,0.0363,-0.0115,0.0979,0.1838
2471,2.471,0.0115,0.0054,-0.0444,-0.0395,0.1186,0.2428
2472,2.472,0.0318,0.0061,-0.0683,-0.036,0.1004,0.2964
2473,2.473,0.0237,-0.0022,-0.0901,-0.0392,0.1173,0.1527
2474,2.474,0.0164,0.0127,-0.1102,-0.0243,0.347,0.6334
2475,2.475,0.0007,0.0107,-0.2401,0.0003,0.3144,0.8258
2476,2.476,-0.0178,0.0051,-0.2572,-0.0095,0.0455,0.3025
2477,2.477,-0.0054,0,-0.1199,-0.0304,-0.0632,-0.0505
2478,2.478,0.0149,0.0016,-0.0276,-0.0057,-0.0964,-0.2438
2479,2.479,0.0068,-0.0025,0.0227,0.0106,-0.1264,-0.3026
2480,2.48,-0.0204,-0.0013,0.0996,0.0255,-0.0995,-0.2503
2481,2.481,-0.0311,-0.0023,0.1697,0.0174,-0.075,-0.2025
2482,2.482,-0.0473,-0.0053,0.1325,0.005,-0.3215,-0.4211
2483,2.483,-0.0561,-0.0061,0.0754,0.0116,-0.3544,-0.9374
2484,2.484,-0.0423,-0.0019,0.0237,0.0096,-0.1456,-0.5859
2485,2.485,-0.015,-0.0012,0.0148,0.0077,0.0449,-0.0088
2486,2.486,0.0177,0.0009,0.041,0.0128,0.0701,0.2249
2487,2.487,0.0221,0.0026,0.0489,0.0021,0.1377,0.2962
2488,2.488,0.0021,-0.0003,0.0559,0.009,0.1176,0.2329
2489,2.489,0.0057,0.0033,0.0234,0.0077,0.0994,0.2915
2490,2.49,0.0089,0.0003,-0.0297,0.0045,0.2172,0.2391
2491,2.491,0.0177,0.0015,-0.0511,-0.005,0.4163,0.7676
2492,2.492,0.0204,0.0072,-0.0576,0.0038,0.2267,0.6979
2493,2.493,0.0228,0.0047,0.0068,-0.0087,0.0042,0.2495
2494,2.494,0.0206,-0.0005,0.0839,-0.007,-0.0858,-0.1588
2495,2.495,0.0226,-0.0025,0.1146,0.0068,-0.1133,-0.2127
2496,2.496,0.0096,-0.0055,0.0858,0.0049,-0.138,-0.2616
2497,2.497,0.0079,-0.0049,0.0942,0.0132,-0.1159,-0.306
2498,2.498,0.0065,-0.0001,0.1804,0.0146,-0.0956,-0.1875
2499,2.499,0.0051,-0.0017,0.169,0.0076,-0.3733,-0.5845
2500,2.5,0.0089,-0.0022,0.0543,-0.0038,-0.3339,-0.849
2501,2.501,0.0034,-0.0037,-0.0224,-0.0084,-0.081,-0.3203
2502,2.502,0.0044,-0.0024,-0.0646,0.0041,0.0838,0.1734
2503,2.503,-0.0001,-0.002,-0.002,0.0092,0.1141,0.2387
2504,2.504,0.0041,-0.0039,0.0783,0.0016,0.1415,0.2975
2505,2.505,0.0079,-0.0022,-0.0569,0.0113,0.1172,0.2452
2506,2.506,0.0172,-0.0004,-0.0746,0.0176,0.095,0.1974
2507,2.507,0.0134,-0.0023,-0.1577,0.0073,0.3188,0.4158
2508,2.508,0.0143,0.0016,-0.2331,-0.0051,0.3488,0.9321
2509,2.509,0.009,0.0104,-0.2737,-0.0101,0.1588,0.5805
2510,2.51,-0.0229,0.0104,-0.2274,-0.0055,-0.058,0.0342
2511,2.511,-0.037,0.0141,-0.1133,-0.0041,-0.0832,-0.1594
2512,2.512,-0.0514,0.0109,-0.0058,-0.0179,-0.1059,-0.2186
2513,2.513,-0.0311,0.0037,0.2029,-0.0346,-0.1265,-0.272
2514,2.514,0.0045,0.0045,0.2326,-0.0368,-0.1083,-0.2246
2515,2.515,0.0187,-0.0049,0.1513,-0.0266,-0.2261,-0.2688
2516,2.516,0.0054,-0.0061,0.028,-0.0024,-0.3946,-0.8644
2517,2.517,0.0092,-0.0093,-0.0394,0.0075,-0.2379,-0.7798
2518,2.518,0.0127,-0.0062,-0.1003,0.0163,0.0274,-0.2374
2519,2.519,0.0159,-0.0035,-0.1185,0.0137,0.064,0.1156
2520,2.52,0.0187,-0.0026,-0.1015,-0.0035,0.0972,0.1808
2521,2.521,0.0106,-0.0063,0.0054,-0.0057,0.1272,0.2393
2522,2.522,0.0082,-0.0169,0.158,0.0004,0.1003,0.2925
2523,2.523,0.0061,-0.0215,0.2996,-0.0014,0.1248,0.1487
2524,2.524,-0.0123,-0.0089,0.2806,0.0105,0.3713,0.6291
2525,2.525,-0.0246,-0.0004,0.2298,0.0181,0.2729,0.8213
2526,2.526,-0.0358,-0.0019,0.1225,0.0029,0.0638,0.4142
2527,2.527,-0.0459,-0.0032,-0.0303,0.0091,-0.0725,-0.063
2528,2.528,-0.0551,0.0005,-0.2536,-0.0002,-0.0977,-0.2564
2529,2.529,-0.0635,-0.0027,-0.3423,-0.0188,-0.1205,-0.3155
2530,2.53,-0.0529,0.0046,-0.2606,-0.0114,-0.1005,-0.2634
2531,2.531,-0.0321,0.0037,-0.1371,-0.0135,-0.0824,-0.2158
2532,2.532,-0.005,0.0097,-0.1591,0.0008,-0.3012,-0.5216
2533,2.533,0.0351,0.0103,-0.1385,-0.001,-0.3909,-0.9586
2534,2.534,0.0831,0.0139,-0.0826,0.0075,-0.1469,-0.5522
2535,2.535,0.0767,0.0044,0.0016,0.006,0.0833,0.0302
2536,2.536,0.0358,0.0031,0.0476,0.0046,0.1136,0.2639
2537,2.537,0.0093,0.0094,0.0615,0.0034,0.1408,0.1948
2538,2.538,0.0141,0.0084,0.0238,-0.0091,0.1164,0.2593
2539,2.539,0.0097,0.0053,0.0354,-0.004,0.094,0.3178
2540,2.54,0.0136,0.0062,0.025,0.0066,0.1956,0.2653
2541,2.541,0.01,0.0037,0.1671,0.0107,0.3993,0.7938
2542,2.542,0.0068,-0.0016,0.35,0.0044,0.2095,0.7238
2543,2.543,-0.002,-0.0065,0.276,0.0147,-0.0131,0.1474
2544,2.544,0.0007,-0.0107,0.1637,0.0272,-0.1032,-0.0863
2545,2.545,-0.0067,-0.0135,0.0212,0.0289,-0.1309,-0.1577
2546,2.546,-0.0179,-0.0088,-0.1085,0.0274,-0.1559,-0.2226
2547,2.547,-0.02,-0.0083,-0.0582,0.0093,-0.1787,-0.2813
2548,2.548,-0.0181,-0.0042,0.0182,0.0117,-0.1181,-0.229
2549,2.549,-0.0266,-0.0037,0.1435,0.0095,-0.359,-0.5654
2550,2.55,-0.0251,0.0013,0.2947,-0.009,-0.2608,-0.8715
2551,2.551,-0.0237,0.0034,0.1925,-0.0263,-0.052,-0.3551
2552,2.552,-0.0226,0.0017,-0.0489,-0.0152,0.084,0.1386
2553,2.553,-0.017,0.0034,-0.4107,-0.0095,0.1089,0.204
2554,2.554,-0.0013,0.0081,-0.4593,-0.0321,0.1315,0.2627
2555,2.555,0.0324,0.0176,-0.5033,-0.0292,0.1113,0.3161
2556,2.556,0.0566,0.0107,-0.5432,-0.0212,0.0929,0.1723
2557,2.557,0.0168,0.0044,-0.3632,-0.0089,0.3115,0.3907
2558,2.558,-0.0097,-0.0012,-0.1342,-0.0023,0.3414,0.907
2559,2.559,0.0339,0.0061,0.0735,0.0037,0.1514,0.5556
2560,2.56,0.0748,0.0034,0.0998,-0.0243,-0.0711,-0.0213
2561,2.561,0.0799,0.0059,0.1729,-0.0283,-0.1016,-0.2551
2562,2.562,0.046,-0.0025,0.1947,0.0044,-0.1291,-0.1861
2563,2.563,0.0151,-0.0057,0.1741,0.0174,-0.1049,-0.2508
2564,2.564,0.0113,-0.0068,0.1556,-0.0026,-0.0828,-0.3094
2565,2.565,0.0078,-0.0004,0.1389,0.0081,-0.1846,-0.2571
2566,2.566,-0.0151,-0.0046,0.124,-0.0018,-0.4256,-0.7858
2567,2.567,-0.0238,-0.0009,0.0829,-0.0047,-0.1959,-0.7162
2568,2.568,-0.0265,-0.0059,0.096,-0.0074,0.0133,-0.1399
2569,2.569,-0.0389,-0.0042,0.177,-0,0.0952,0.2485
2570,2.57,-0.0411,-0.0071,0.2712,-0.0156,0.1202,0.1795
2571,2.571,-0.031,-0.0087,0.3597,-0.0095,0.1429,0.2441
2572,2.572,-0.0403,-0.0099,0.2559,-0.0002,0.1229,0.3027
2573,2.573,-0.0623,-0.012,0.0748,0.0083,0.1046,0.1447
2574,2.574,-0.0476,-0.0069,-0.0976,0.019,0.3572,0.5772
2575,2.575,-0.0396,-0.0049,-0.2543,0.0177,0.3214,0.8681
2576,2.576,-0.0273,0.0045,-0.3559,0.0265,0.0913,0.3924
2577,2.577,-0.0071,0.0032,-0.3375,0.0093,-0.0583,-0.0566
2578,2.578,0.0066,0.0094,-0.1187,-0.013,-0.0859,-0.2321
2579,2.579,0.009,0.0038,-0.0295,-0.0279,-0.1107,-0.2858
2580,2.58,0.0067,0.0069,-0.0027,-0.0033,-0.1331,-0.3345
2581,2.581,0.0047,0.0004,-0.0765,-0.0065,-0.0722,-0.2039
2582,2.582,0.003,0.0013,-0.0985,0.0024,-0.2759,-0.4025
2583,2.583,0.0082,-0.0057,-0.0371,0.0215,-0.3572,-0.9439
2584,2.584,0.016,-0.0011,0.0189,0.024,-0.1351,-0.5572
2585,2.585,0.0202,-0.0003,0.0361,0.0218,0.0743,-0.0636
2586,2.586,0.0192,0.0034,0.0213,0.0076,0.1021,0.2578
2587,2.587,0.0248,-0.0001,0.0356,0.0021,0.1272,0.201
2588,2.588,0.0238,-0.0032,0.0484,0.0106,0.1052,0.2545
2589,2.589,0.0265,-0.0015,0.0831,0.006,0.0852,0.3031
2590,2.59,0.029,0.001,0.0729,0.0101,0.178,0.2598
2591,2.591,0.0175,-0.0021,0.1014,0.0114,0.397,0.7762
2592,2.592,0.0091,-0.0009,0.1274,-0.0057,0.1885,0.7065
2593,2.593,0.026,-0.0019,0.0731,-0.0329,-0.0016,0.1302
2594,2.594,0.0149,0.0033,-0.0192,-0.0221,-0.0759,-0.1034
2595,2.595,-0.0036,-0.0004,-0.0567,-0.0122,-0.0986,-0.1747
2596,2.596,-0.0159,0.0059,-0.0909,0.0027,-0.119,-0.2392
2597,2.597,-0.0225,0.0017,-0.1011,-0.0054,-0.1375,-0.2976
2598,2.598,-0.0286,0.001,0.0034,0.0019,-0.1208,-0.245
2599,2.599,-0.0193,-0.0026,0.1009,0.0175,-0.3502,-0.5814
2600,2.6,-0.0075,-0.0009,0.1896,0.0154,-0.3174,-0.8873
2601,2.601,0.0063,-0.0038,0.2015,0.0135,-0.0482,-0.3707
2602,2.602,-0.0179,0.004,0.066,0.0085,0.0607,0.1231
2603,2.603,-0.0211,0.0072,-0.0636,0.007,0.0942,0.1886
2604,2.604,-0.0122,0.0042,-0.1143,0.0001,0.1245,0.2475
2605,2.605,0.0015,0.0069,-0.0991,0.0013,0.0978,0.301
2606,2.606,-0.0008,0.001,0.1093,-0.0043,0.0735,0.2534
2607,2.607,0.0058,-0.0012,0.1985,0.0052,0.2753,0.3845
2608,2.608,0.0201,0.0008,0.1716,0.0141,0.3568,0.901
2609,2.609,0.0368,-0.0022,0.0489,0.0312,0.1349,0.5498
2610,2.61,0.0303,-0.0005,0.0719,0.0336,-0.0742,0.101
2611,2.611,-0.0023,0.0001,0.0085,0.0271,-0.0966,-0.2058
2612,2.612,-0.0329,0.0049,-0.0518,0.0006,-0.124,-0.2649
2613,2.613,-0.0373,0.0018,-0.1438,-0.0247,-0.0997,-0.2125
2614,2.614,-0.0491,0.0023,-0.3622,-0.0214,-0.0774,-0.261
2615,2.615,-0.0238,0.0038,-0.511,-0.0125,-0.1791,-0.2176
2616,2.616,0.0258,0.0016,-0.4295,-0.0371,-0.4198,-0.8129
2617,2.617,0.047,0.0072,-0.3061,-0.0468,-0.2557,-0.7281
2618,2.618,0.0146,0.0034,-0.1492,-0.026,0.0134,-0.1853
2619,2.619,0.0203,0.0014,0.0339,-0.0068,0.0503,0.1681
2620,2.62,-0.0064,0.0056,0.3541,-0.024,0.0835,0.2336
2621,2.621,0.0178,0.0062,0.3974,-0.0261,0.1136,0.2924
2622,2.622,0.0751,0.0004,0.1985,-0.0118,0.0868,0.2403
2623,2.623,0.0517,-0.0018,0.0177,0.0014,0.1114,0.1927
2624,2.624,0.0161,-0.0096,-0.0157,0.0099,0.4027,0.4986
2625,2.625,-0.0163,-0.0023,-0.0459,0.0207,0.2839,0.7769
2626,2.626,-0.0337,0.0004,-0.1277,0.0168,0.1031,0.3077
2627,2.627,-0.0178,-0.0021,-0.0544,0.0131,-0.0617,-0.0135
2628,2.628,-0.0034,-0.0043,0.0123,0.0076,-0.0921,-0.1892
2629,2.629,-0.0254,-0.0078,0.0324,-0.0081,-0.1196,-0.2429
2630,2.63,-0.0693,-0.0083,-0.0974,-0.0236,-0.0955,-0.1955
2631,2.631,-0.0635,0.0005,-0.2154,-0.0297,-0.0734,-0.2395
2632,2.632,-0.0369,-0.0032,-0.0782,-0.0092,-0.2568,-0.3585
2633,2.633,-0.0126,-0.0022,0.0508,-0.0011,-0.3802,-0.8998
2634,2.634,0.0006,-0.0052,0.0671,0.0113,-0.1337,-0.513
2635,2.635,0.0124,-0.0025,0.1127,0.0047,0.031,-0.0195
2636,2.636,0.0305,0.0017,0.1264,0.0067,0.1208,0.174
2637,2.637,0.0207,-0.0005,0.1894,0.0123,0.094,0.2332
2638,2.638,0.0058,0.0015,0.1778,0.0038,0.1187,0.2867
2639,2.639,-0.0079,-0.0042,0.1467,-0.0008,0.0963,0.2393
2640,2.64,-0.0151,0.001,0.1369,0.0118,0.1979,0.196
2641,2.641,-0.004,-0.0096,0.0243,0.0202,0.4015,0.7917
2642,2.642,0.0101,-0.0111,0.0087,0.0095,0.2118,0.7071
2643,2.643,0.0119,-0.0015,-0.1165,0.0108,-0.0107,0.1646
2644,2.644,0.0034,0.0073,-0.1671,0.022,-0.1009,-0.1886
2645,2.645,-0.0042,0.0017,-0.1218,0.005,-0.1285,-0.2538
2646,2.646,-0.0001,0.0007,-0.0529,-0.0154,-0.1044,-0.3125
2647,2.647,0.0112,0.0016,-0.0912,0.0093,-0.1271,-0.2604
2648,2.648,0.0096,0.0024,-0.0802,0.0256,-0.1071,-0.2128
2649,2.649,0.0166,0.0061,-0.0285,0.0168,-0.385,-0.6061
2650,2.65,0.0078,-0.0003,0.0378,-0.0244,-0.2664,-0.8706
2651,2.651,0.0046,-0.0045,-0.005,-0.0302,-0.0857,-0.3419
2652,2.652,-0.0048,0.0039,-0.028,0.007,0.0791,0.1518
2653,2.653,0.0015,0.0071,-0.0347,0.0022,0.1093,0.2173
2654,2.654,0.0046,-0.0002,0.0369,0.0067,0.1365,0.2761
2655,2.655,0.0016,-0.0087,0.1224,-0.0065,0.1122,0.3296
2656,2.656,0.0008,0.0016,0.0648,-0.0105,0.0899,0.186
2657,2.657,-0.0034,0.003,0.0336,0.0148,0.273,0.3171
2658,2.658,-0.0071,-0.0033,0.0051,0.0049,0.3469,0.9128
2659,2.659,-0.0148,-0.0023,0.0136,-0.0222,0.1449,0.4874
2660,2.66,-0.0138,0.0049,-0.0258,-0.0187,-0.0455,0.0992
2661,2.661,-0.0146,0.0076,0.0093,-0.0024,-0.0708,-0.2538
2662,2.662,-0.005,0.0051,0.0541,0.0063,-0.1384,-0.191
2663,2.663,-0.0039,-0.0034,0.0363,0.0035,-0.1185,-0.2497
2664,2.664,0.0017,-0.0024,-0.0441,-0.0039,-0.1003,-0.3029
2665,2.665,0.0027,0.0006,-0.056,-0.0152,-0.1845,-0.2551
2666,2.666,0.0111,0.0033,0.0166,-0.0091,-0.4142,-0.8231
2667,2.667,0.019,-0.0062,0.0828,-0.0036,-0.2503,-0.7464
2668,2.668,0.0306,0.0001,0.1608,0.0116,0.0188,-0.2534
2669,2.669,0.0199,0.0011,0.1926,0.0054,0.1276,0.1958
2670,2.67,-0.0008,0.0041,0.1839,-0.0226,0.0951,0.255
2671,2.671,-0.0037,0.0014,0.0898,-0.0506,0.1251,0.3084
2672,2.672,0.0211,-0.0012,-0.0482,-0.0252,0.0983,0.2609
2673,2.673,0.0243,0.0026,-0.1774,-0.0154,0.123,0.2176
2674,2.674,0.0156,0.0019,-0.1606,-0.0005,0.3696,0.575
2675,2.675,0.0018,0.0024,-0.1455,0.0076,0.337,0.9116
2676,2.676,0.0041,0.0019,-0.104,0.01,0.068,0.4308
2677,2.677,-0.0026,0.0004,-0.041,0.0166,-0.0407,-0.0184
2678,2.678,-0.0169,-0.0017,-0.0064,0.0145,-0.0741,-0.194
2679,2.679,-0.0225,-0.0029,0.0251,0.0051,-0.1042,-0.2475
2680,2.68,-0.0309,-0.0003,0.1488,0.0169,-0.1315,-0.296
2681,2.681,-0.0079,0.002,0.1996,0.0244,-0.1071,-0.2526
2682,2.682,0.0085,-0.003,0.0621,0.0257,-0.2639,-0.3718
2683,2.683,0.0114,0.0019,-0.0306,0.0092,-0.3658,-0.9132
2684,2.684,0.0141,-0.0023,-0.0809,0.007,-0.162,-0.5265
2685,2.685,0.0118,0.0006,-0.1264,0.001,0.0284,-0.0331
2686,2.686,0.0006,0.0001,-0.1396,-0.0008,0.1028,0.1603
2687,2.687,-0.0095,-0.0029,-0.1262,0.0009,0.1254,0.2194
2688,2.688,-0.015,0.0027,0.0471,-0.0067,0.1054,0.2728
2689,2.689,0.0103,0.0021,0.1709,0.0029,0.0872,0.2253
2690,2.69,0.0212,-0.0014,0.0146,0.0041,0.1713,0.2693
2691,2.691,-0.0018,-0.003,-0.1274,0.0073,0.401,0.7854
2692,2.692,-0.0106,0.0011,-0.0719,0.0104,0.237,0.7156
2693,2.693,-0.0243,-0.0014,0.0796,0.0189,-0.0321,0.2672
2694,2.694,-0.0366,-0.0025,0.0999,0.0157,-0.0688,-0.1412
2695,2.695,-0.0254,-0.0021,0.0813,0.0042,-0.102,-0.1954
2696,2.696,-0.0193,-0.0011,0.0979,-0.0004,-0.1321,-0.2441
2697,2.697,-0.01,0.0029,0.021,0.001,-0.1051,-0.2885
2698,2.698,-0.0083,0.0024,-0.1884,-0.0053,-0.1297,-0.1698
2699,2.699,-0.0222,0.0086,-0.2784,-0.0063,-0.3762,-0.5668
2700,2.7,-0.024,0.0112,-0.3061,-0.0116,-0.3435,-0.9367
2701,2.701,-0.002,0.0075,-0.3309,-0.0257,-0.0745,-0.408
2702,2.702,0.031,0.0026,-0.2636,-0.0237,0.1067,0.0857
2703,2.703,0.0091,-0.0016,-0.0392,-0.0069,0.0745,0.1512
2704,2.704,-0.0186,-0.0044,0.1107,-0.0047,0.1047,0.21
2705,2.705,0.0068,0.0034,0.1927,0.0095,0.1321,0.2634
2706,2.706,0.0366,0.0066,0.2178,0.0189,0.1078,0.2158
2707,2.707,0.0167,0.0014,0.1956,0.0038,0.3096,0.3467
2708,2.708,-0.0015,0.0022,0.1752,-0.0023,0.391,0.8629
2709,2.709,-0.018,-0.0037,0.1936,0.0033,0.1692,0.5116
2710,2.71,-0.0093,0.0016,0.1769,0.005,-0.0401,0.0626
2711,2.711,0.0153,0.0023,0.1005,0.0004,-0.0677,-0.2296
2712,2.712,0.0195,0.0045,0.0555,-0.0035,-0.115,-0.2309
2713,2.713,0.0097,-0.005,0.0137,-0.0148,-0.1397,-0.2844
2714,2.714,0.0009,-0.0009,-0.0495,-0.0376,-0.1175,-0.237
2715,2.715,0.0089,-0.0047,-0.0612,-0.0078,-0.1784,-0.1938
2716,2.716,0.0016,-0.0037,-0.1341,-0.0038,-0.4191,-0.7895
2717,2.717,0.0038,-0.0006,-0.1813,0.0144,-0.255,-0.7049
2718,2.718,0.0017,-0.0015,-0.1208,0.0177,0.0142,-0.1623
2719,2.719,-0.0002,-0.0007,-0.0345,0.009,0.1231,0.1908
2720,2.72,-0.0154,-0.0076,-0.0228,-0.0046,0.0909,0.2561
2721,2.721,0.0029,-0.018,0.0712,-0.0169,0.0614,0.1988
2722,2.722,0.0152,-0.0111,0.1341,-0.0057,0.0888,0.2521
2723,2.723,0.0354,-0.0173,0.237,-0.0076,0.1135,0.2042
2724,2.724,0.0273,-0.0048,0.1664,-0.0056,0.405,0.5975
2725,2.725,0.01,-0.0065,0.077,0.0199,0.2864,0.8618
2726,2.726,0.0035,-0.002,-0.0273,0.0308,0.1058,0.3331
2727,2.727,-0.0065,-0.0006,-0.0972,0.0277,-0.0589,-0.1606
2728,2.728,-0.0157,0.0005,-0.1349,0.0249,-0.0891,-0.226
2729,2.729,-0.0343,0.0037,-0.1693,0.0277,-0.1164,-0.285
2730,2.73,-0.027,0.0067,-0.0125,0.0254,-0.1411,-0.2329
2731,2.731,0.0023,0.0039,0.2344,0.0008,-0.074,-0.1854
2732,2.732,0.0223,0.0013,0.1362,-0.0222,-0.2571,-0.3166
2733,2.733,0.0187,0.0065,-0.0724,-0.0492,-0.3804,-0.9122
2734,2.734,0.0089,0.0045,-0.2621,-0.0383,-0.1336,-0.4869
2735,2.735,0.0002,0.0061,-0.2867,-0.0153,0.0969,-0.0988
2736,2.736,0.0083,-0.0015,-0.2196,0.0055,0.0678,0.2544
2737,2.737,0.001,-0.0026,-0.1588,0.0028,0.0953,0.1915
2738,2.738,-0.0146,-0.0072,-0.0662,-0.0044,0.1202,0.2501
2739,2.739,-0.0167,-0.0098,0.0853,-0.0154,0.0981,0.3035
2740,2.74,0.0038,-0.0168,0.1057,-0.0012,0.1999,0.2558
2741,2.741,0.0065,-0.0046,0.05,0.0007,0.4037,0.7363
2742,2.742,0.0089,-0.003,0.0665,-0.0077,0.2142,0.8007
2743,2.743,-0.0158,0.0015,0.1122,0.003,-0.0081,0.2769
2744,2.744,-0.006,0.0029,0.1818,0.0126,-0.0981,-0.2167
2745,2.745,0.0028,0.0016,0.3208,0.0064,-0.1255,-0.1541
2746,2.746,0.0001,0.0048,0.4874,0.0212,-0.1012,-0.3292
2747,2.747,-0.0023,0.0058,0.3305,0.0314,-0.1236,-0.277
2748,2.748,-0.0044,0.003,0.188,0.0145,-0.1034,-0.2295
2749,2.749,-0.0228,0.0005,0.0205,0.0033,-0.3811,-0.5353
2750,2.75,-0.0451,0.0042,-0.2718,0.0012,-0.3416,-0.8929
2751,2.751,-0.0599,0.0077,-0.5503,-0.0045,-0.0888,-0.3643
2752,2.752,-0.0571,0.0119,-0.5866,0.0005,0.0762,0.1294
2753,2.753,-0.0198,0.0078,-0.4223,-0.0226,0.1067,0.1948
2754,2.754,0.0068,0.002,-0.1532,-0.0457,0.1341,0.2535
2755,2.755,0.0311,0.0026,0.1002,-0.0268,0.1099,0.3069
2756,2.756,0.071,0.0062,0.1338,-0.006,0.0879,0.2593
2757,2.757,0.087,0.0119,0.1047,0.0242,0.2712,0.3031
2758,2.758,0.0435,0.0034,0.0238,0.0281,0.3946,0.8987
2759,2.759,0.0025,0.0002,-0.0007,0.0173,0.148,0.6437
2760,2.76,-0.0028,0.0012,0.0217,-0.0191,-0.0823,0.1007
2761,2.761,0.0115,-0.0015,0.164,-0.0336,-0.1127,-0.2525
2762,2.762,0.016,0.0044,0.1084,-0.038,-0.0859,-0.1898
2763,2.763,0.0199,0.0051,0.0241,-0.0181,-0.1107,-0.2485
2764,2.764,0.0163,-0.0027,-0.0832,-0.0002,-0.0886,-0.3019
2765,2.765,-0.0001,-0.0058,-0.0695,0.0095,-0.1496,-0.2541
2766,2.766,-0.0029,-0.0031,-0.0571,0.0007,-0.3904,-0.9095
2767,2.767,0.0052,0.0064,-0.0689,0.0034,-0.2263,-0.8165
2768,2.768,0.0028,0.0076,-0.0588,0.0058,-0.0171,-0.2199
2769,2.769,0.0183,0.002,-0.0116,0.0123,0.1191,0.1684
2770,2.77,0.0162,-0.001,0.0833,-0.0143,0.0952,0.2398
2771,2.771,-0.0117,-0.0113,0.2726,-0.0108,0.1178,0.3043
2772,2.772,-0.0317,-0.0073,0.4622,-0.0077,0.1382,0.2465
2773,2.773,-0.0352,-0.011,0.3885,0.0131,0.0829,0.1939
2774,2.774,-0.0848,-0.0054,0.1422,0.0049,0.3353,0.5301
2775,2.775,-0.0919,-0.0023,-0.0873,0.0121,0.2995,0.8361
2776,2.776,-0.0596,0.0023,-0.2365,0.0098,0.0694,0.3992
2777,2.777,-0.0304,0.0032,-0.2638,0.0158,-0.0804,-0.1256
2778,2.778,-0.0038,0.0085,-0.2885,0.0064,-0.108,-0.1976
2779,2.779,0.0203,0.0135,-0.2664,-0.0055,-0.1329,-0.2626
2780,2.78,0.0247,0.0066,-0.1243,0.0113,-0.1109,-0.3215
2781,2.781,0.0208,-0.0018,-0.0318,0.0046,-0.0908,-0.2694
2782,2.782,0.0243,-0.0027,-0.015,0.0146,-0.2575,-0.3177
2783,2.783,0.0275,-0.0016,-0.0302,0.0163,-0.3698,-0.886
2784,2.784,0.0424,-0.0042,-0.0163,0.0179,-0.1459,-0.6545
2785,2.785,0.0343,-0.0016,-0.0038,-0.0052,0.0634,-0.0203
2786,2.786,0.0219,-0.0009,0.008,-0.0548,0.0911,0.2364
2787,2.787,0.0063,-0.0028,0.019,-0.0477,0.116,0.16
2788,2.788,0.0001,-0.007,0.0859,-0.0025,0.1385,0.2307
2789,2.789,0.0056,-0.0029,0.1643,0.0149,0.1183,0.2949
2790,2.79,0.0072,0.0019,0.1129,-0.0011,0.1737,0.2369
2791,2.791,0.0026,-0.0011,0.047,-0.0058,0.3925,0.7123
2792,2.792,-0.0044,-0.0051,0.0041,0.0074,0.2434,0.7764
2793,2.793,-0.0083,0.0017,-0.019,0.0113,-0.0012,0.2525
2794,2.794,0.0065,0.0044,0.031,0.0148,-0.1004,-0.1009
2795,2.795,0.0002,-0.0014,0.0377,0.018,-0.1306,-0.1665
2796,2.796,-0.0093,0.0023,0.1261,0.0268,-0.1039,-0.2255
2797,2.797,-0.0212,0.0017,0.3161,0.0131,-0.1287,-0.2791
2798,2.798,-0.0136,0.0023,0.3975,0.0303,-0.1066,-0.2315
2799,2.799,-0.0176,-0.0018,0.1265,0.0191,-0.3713,-0.5376
2800,2.8,0.0013,-0.0033,-0.1264,0.0048,-0.3356,-0.8954
2801,2.801,0.0095,-0.0002,-0.2915,0.0215,-0.1055,-0.3669
2802,2.802,-0.0177,0.0027,-0.382,0.0149,0.1037,0.1266
2803,2.803,-0.0286,0.0017,-0.4099,-0.0117,0.0772,0.192
2804,2.804,-0.045,0.007,-0.2869,-0.0297,0.1019,0.2507
2805,2.805,-0.0242,0.0063,-0.0849,-0.0527,0.1245,0.3039
2806,2.806,0.017,-0.0043,0.0514,-0.0555,0.1042,0.2561
2807,2.807,0.07,-0.0058,0.126,-0.0253,0.2708,0.3
2808,2.808,0.0346,-0.0128,0.1043,0.0026,0.3829,0.8954
2809,2.809,0.0281,-0.0065,0.0844,0.0062,0.1588,0.6402
2810,2.81,0.0106,-0.0098,0.1031,0.0095,-0.0505,0.0973
2811,2.811,0.0053,-0.0025,0.0866,0.0183,-0.0783,-0.256
2812,2.812,0.0005,0.002,0.0411,0.0264,-0.1033,-0.1934
2813,2.813,-0.011,0.0018,-0.0288,0.0191,-0.1252,-0.2941
2814,2.814,-0.0242,-0.0008,-0.0147,-0.0145,-0.1031,-0.2367
2815,2.815,-0.0043,0.0044,0.0232,-0.0387,-0.1641,-0.1843
2816,2.816,0.0136,0.0079,0.0119,-0.0079,-0.405,-0.8091
2817,2.817,0.0233,0.0074,0.0432,0.004,-0.241,-0.7247
2818,2.818,0.0203,0.0009,0.0149,0.0005,-0.0319,-0.1822
2819,2.819,0.0011,0.0017,0.11,0.0104,0.1043,0.1709
2820,2.82,-0.0163,0.0054,0.0724,0.0076,0.1292,0.2361
2821,2.821,-0.0098,-0.0024,-0.031,0.0104,0.1071,0.2949
2822,2.822,-0.016,-0.0014,-0.0724,0.0081,0.1275,0.2427
2823,2.823,-0.0069,0.0031,-0.0847,0.0016,0.1091,0.0989
2824,2.824,0.0048,-0.0029,0.0419,0.0118,0.3614,0.4922
2825,2.825,-0.0122,-0.0066,0.0249,0.0212,0.3255,0.8622
2826,2.826,-0.0326,-0.0031,-0.052,0.0161,0.0952,0.4297
2827,2.827,-0.0299,-0.0115,0.0446,0.0085,-0.0546,-0.0948
2828,2.828,-0.0174,-0.0105,-0.0192,0.0099,-0.0824,-0.1665
2829,2.829,0.0075,-0.0075,0.0146,0.0136,-0.1073,-0.2312
2830,2.83,0.011,-0.0048,0.066,0.0058,-0.13,-0.2898
2831,2.831,0.0024,-0.0107,-0.0011,0.0006,-0.0693,-0.2374
2832,2.832,0.0053,-0.0145,-0.0794,-0.0135,-0.2731,-0.2855
2833,2.833,0.0079,-0.0097,-0.1528,-0.032,-0.4088,-0.9407
2834,2.834,-0.0031,-0.0002,-0.2953,-0.0392,-0.187,-0.6601
2835,2.835,0.0071,0.0038,-0.3156,-0.0459,0.0222,-0.0629
2836,2.836,0.0203,0.0074,-0.1858,-0.0153,0.104,0.1711
2837,2.837,0.0221,0.0084,-0.1352,-0.0022,0.1288,0.2426
2838,2.838,0.0146,0.0093,0.0028,-0.0062,0.1514,0.3074
2839,2.839,0.016,0.0101,0.1325,-0.0097,0.0906,0.2501
2840,2.84,0.0223,0.0109,0.1831,-0.0065,0.1831,0.1978
2841,2.841,0.0395,0.0009,0.1676,-0.0036,0.4019,0.7266
2842,2.842,0.0519,0.0049,0.1256,0.0045,0.1933,0.7974
2843,2.843,0.0541,0.0011,0.1126,0.0068,-0.0513,0.2214
2844,2.844,0.0235,0.0001,0.1004,0.018,-0.0849,-0.1669
2845,2.845,-0.0251,0.0031,-0.0155,0.0159,-0.1153,-0.2381
2846,2.846,-0.0574,0.0004,-0.0319,0.0065,-0.0886,-0.3026
2847,2.847,-0.0748,0.0046,0.0648,0.0284,-0.1134,-0.2449
2848,2.848,-0.0696,0.0008,0.1783,0.0255,-0.0912,-0.1922
2849,2.849,-0.0453,-0.0012,0.3465,0.0117,-0.3559,-0.5285
2850,2.85,-0.0496,-0.0043,0.324,0.0043,-0.3201,-0.9218
2851,2.851,-0.0055,0.0021,0.1,-0.0204,-0.09,-0.4458
2852,2.852,0.0239,0.0029,-0.1086,-0.0502,0.1193,0.1315
2853,2.853,0.0188,0.0022,-0.2442,-0.0464,0.0928,0.2106
2854,2.854,0.0045,-0.0014,-0.3674,-0.0283,0.1176,0.2819
2855,2.855,-0.0087,-0.0009,-0.3002,-0.0119,0.1401,0.2188
2856,2.856,-0.0049,0.0031,-0.1576,0.0082,0.0793,0.2774
2857,2.857,0.0059,0.0109,-0.0277,0.023,0.2831,0.3305
2858,2.858,0.0357,0.0077,-0.0108,0.0149,0.3644,0.8592
2859,2.859,0.0238,0.0066,0.0043,0.0077,0.1424,0.6489
2860,2.86,0.0057,0.0058,0.018,0.0055,-0.0669,0.0724
2861,2.861,0.0024,0.01,0.0809,0.0115,-0.0946,-0.1612
2862,2.862,0.0052,0.0048,0.0002,0.0171,-0.1196,-0.2325
2863,2.863,0.0133,-0.003,-0.0729,0.0154,-0.1423,-0.297
2864,2.864,0.0305,-0.006,-0.0825,0.0169,-0.1222,-0.2394
2865,2.865,0.0508,-0.0015,-0.0048,0.0128,-0.1777,-0.1868
2866,2.866,0.0427,-0.0023,-0.0152,-0.0061,-0.3966,-0.8112
2867,2.867,0.0156,-0.006,-0.0058,-0.0198,-0.2476,-0.7265
2868,2.868,0.0121,-0.0039,0.0543,-0.0222,-0.0031,-0.184
2869,2.869,0.0153,-0.0034,0.1084,-0.0377,0.096,0.1692
2870,2.87,0.0241,-0.005,0.0726,-0.0235,0.1263,0.2346
2871,2.871,0.0321,-0.0045,0.0533,-0.0031,0.1536,0.2935
2872,2.872,-0.0003,-0.0033,0.0361,0.0107,0.1292,0.2415
2873,2.873,-0.0312,-0.0021,0.0314,0.0034,0.107,0.1939
2874,2.874,-0.0431,0.0005,0.0756,0.01,0.3715,0.4997
2875,2.875,-0.054,-0.0047,0.0935,0.0242,0.3356,0.8577
2876,2.876,-0.097,-0.0054,0.1095,0.0186,0.1055,0.4254
2877,2.877,-0.1028,-0.0018,0.1628,0.0135,-0.1038,-0.099
2878,2.878,-0.0763,-0.0013,0.1842,0.012,-0.0773,-0.1706
2879,2.879,-0.062,-0.0029,0.2426,0.0216,-0.1023,-0.2353
2880,2.88,-0.0313,0.0029,0.1881,0.0254,-0.1249,-0.2939
2881,2.881,-0.0195,0.0036,0.0816,0.0083,-0.1048,-0.2416
2882,2.882,-0.0014,0.0001,-0.1477,0.0011,-0.2715,-0.2897
2883,2.883,0.0284,-0.0016,-0.2459,0.0076,-0.3836,-0.945
2884,2.884,0.0084,0.0073,-0.3352,0.0218,-0.1597,-0.6645
2885,2.885,-0.0025,0.0111,-0.3081,-0.0061,0.0496,-0.0673
2886,2.886,0.0073,0.0079,-0.2343,-0.01,0.0773,0.1666
2887,2.887,0.0222,0.007,-0.1221,-0.0064,0.1022,0.238
2888,2.888,0.036,0.0044,-0.0609,-0.0227,0.1248,0.3027
2889,2.889,0.0433,-0.005,0.1061,-0.0139,0.1047,0.2452
2890,2.89,0.0321,-0.0012,0.1289,-0.0002,0.1602,0.1928
2891,2.891,0.0219,-0.0021,0.1497,0.0022,0.4127,0.7214
2892,2.892,0.035,-0.0031,0.2425,0.0001,0.2325,0.792
2893,2.893,0.0569,-0.0094,0.4952,0.0307,0.0021,0.216
2894,2.894,0.0299,-0.0119,0.3873,0.0175,-0.088,-0.1725
2895,2.895,0.0117,-0.0141,0.0266,0.0137,-0.1155,-0.244
2896,2.896,-0.0048,-0.0034,-0.2136,0.0102,-0.1403,-0.3088
2897,2.897,-0.0257,-0.0018,-0.2572,-0.0061,-0.1181,-0.2514
2898,2.898,-0.0396,-0.0004,-0.2967,0.0029,-0.0979,-0.199
2899,2.899,-0.0373,0.0135,-0.4046,-0.0272,-0.3757,-0.5354
2900,2.9,-0.0262,0.0154,-0.4373,-0.031,-0.3363,-0.9288
2901,2.901,-0.0242,0.007,-0.2884,-0.0274,-0.0836,-0.4532
2902,2.902,0.0038,0.0055,-0.1533,-0.0504,0.0812,0.1239
2903,2.903,0.0559,0.0096,-0.0803,-0.0355,0.1116,0.2028
2904,2.904,0.0772,0.0109,-0.014,-0.0054,0.1389,0.2739
2905,2.905,0.0708,0.0053,0.0057,-0.0093,0.1146,0.3384
2906,2.906,0.0299,-0.0019,0.172,-0.0274,0.0925,0.2808
2907,2.907,0.0352,-0.0065,0.2839,-0.0043,0.2758,0.3338
2908,2.908,0.0209,-0.0039,0.2229,0.0166,0.3991,0.8625
2909,2.909,0.0166,-0.0061,0.1675,0.0247,0.1524,0.6519
2910,2.91,0.0048,-0.0054,0.1508,0.0124,-0.0125,0.0752
2911,2.911,-0.006,-0.0049,0.0745,0.0103,-0.1025,-0.1586
2912,2.912,-0.0291,-0.0032,0.0052,0.0124,-0.1299,-0.23
2913,2.913,-0.0621,-0.0057,-0.0575,-0.0005,-0.1547,-0.2947
2914,2.914,-0.0678,-0.0088,0.008,-0.009,-0.1063,-0.2825
2915,2.915,-0.0545,-0.0037,0.066,0.005,-0.1736,-0.2249
2916,2.916,-0.0265,-0.0017,0.1603,-0.0006,-0.3974,-0.7006
2917,2.917,-0.0157,0.0025,0.249,0.0079,-0.2485,-0.7651
2918,2.918,0.0206,-0.0016,0.0998,0.0064,-0.004,-0.2415
2919,2.919,0.0253,-0.0031,-0.1236,0.0078,0.0952,0.1116
2920,2.92,0.0121,-0.0009,-0.2724,0.0041,0.1254,0.1768
2921,2.921,0.032,0.0055,-0.4079,0.0074,0.1528,0.2356
2922,2.922,0.0138,0.0063,-0.3342,0.0085,0.1286,0.2889
2923,2.923,-0.0027,0.0004,-0.1329,0.0058,0.1064,0.049
2924,2.924,-0.0176,-0.0018,0.1105,0.0068,0.3302,0.4422
2925,2.925,0.0014,0.006,0.1428,0.0075,0.3005,0.9179
2926,2.926,0.0237,0.0049,0.1128,-0.0031,0.1105,0.47
2927,2.927,0.0208,0.0003,0.0856,-0.0107,-0.0627,-0.0546
2928,2.928,-0.0039,0.0012,0.0119,-0.0175,-0.0857,-0.1265
2929,2.929,-0.0138,0.0005,-0.0104,-0.0087,-0.147,-0.1914
2930,2.93,-0.0166,-0.0045,-0.0306,0.0084,-0.1289,-0.25
2931,2.931,-0.0193,0.005,-0.0122,0.0061,-0.1124,-0.1977
2932,2.932,-0.0069,0.0009,0.0379,-0.0051,-0.3115,-0.3421
2933,2.933,-0.009,-0.0054,0.0527,0.001,-0.3929,-0.9102
2934,2.934,-0.015,-0.0065,0.0385,-0.0009,-0.171,-0.6786
2935,2.935,-0.0354,-0.0118,0.0507,0.0042,0.0382,-0.0444
2936,2.936,-0.038,-0.0203,0.039,0.0117,0.12,0.2125
2937,2.937,-0.0207,-0.0193,0.0492,0.0186,0.1449,0.2909
2938,2.938,-0.0094,-0.0056,0.0396,0.0047,0.1228,0.2214
2939,2.939,0.0008,-0.0075,0.0306,0.0065,0.1026,0.2858
2940,2.94,-0.0047,0.0009,0.0382,0.0149,0.1582,0.228
2941,2.941,0.0072,0.0084,0.0312,0.0133,0.4106,0.7036
2942,2.942,0.0088,0.0043,-0.0137,0.0063,0.2304,0.7679
2943,2.943,0.0074,0.0105,-0.0308,-0.0076,0,0.2441
2944,2.944,0.0111,0.0095,0.0178,-0.0206,-0.09,-0.1091
2945,2.945,0.0167,0.0064,0.0121,-0.0393,-0.1176,-0.1744
2946,2.946,0.0136,0.0055,-0.0048,-0.0321,-0.0934,-0.2332
2947,2.947,0.0144,0.0046,0.0007,-0.0074,-0.116,-0.2866
2948,2.948,0.0066,-0.007,0.0443,0.0025,-0.0959,-0.2388
2949,2.949,0.0075,-0.0053,0.1324,-0.0064,-0.3366,-0.5447
2950,2.95,0.0047,-0.0008,0.1448,0.0017,-0.304,-0.9024
2951,2.951,0.0124,-0.0021,0.1793,0.0089,-0.0951,-0.4699
2952,2.952,0.0113,-0.001,0.1483,0.0244,0.0953,0.0547
2953,2.953,-0.0009,0.0022,0.0063,0.0182,0.0714,0.2671
2954,2.954,-0.0229,0.0031,-0.1355,0.0089,0.0941,0.2041
2955,2.955,-0.0316,0.0058,-0.0794,0.0004,0.1147,0.2629
2956,2.956,-0.0343,0.0135,-0.0283,0.0174,0.0965,0.2106
2957,2.957,-0.012,0.0062,-0.1346,0.0074,0.2816,0.3549
2958,2.958,0.0086,0.0053,-0.092,-0.0081,0.405,0.8355
2959,2.959,0.0386,0.001,-0.1036,-0.0182,0.1585,0.644
2960,2.96,0.0424,-0.0028,-0.1603,-0.0386,-0.0719,0.1198
2961,2.961,0.0096,-0.0035,-0.2537,-0.0139,-0.1023,-0.2333
2962,2.962,-0.0125,0.0034,-0.2912,0.0091,-0.1297,-0.1705
2963,2.963,-0.0404,0.0061,-0.2337,0.0003,-0.1055,-0.2292
2964,2.964,-0.0151,0.0018,-0.0776,-0.0189,-0.128,-0.2825
2965,2.965,0.0213,-0.0004,-0.0557,-0.0017,-0.1483,-0.2346
2966,2.966,0.026,0.0016,-0.0357,0.0049,-0.3891,-0.7151
2967,2.967,0.0128,0.0021,0.0199,-0.0258,-0.2251,-0.7794
2968,2.968,0.0328,0.0038,0.1043,-0.0214,-0.0159,-0.2555
2969,2.969,0.022,-0.001,0.1811,0.0064,0.0661,0.0978
2970,2.97,0.0123,-0.0052,0.1952,0.0028,0.0912,0.1631
2971,2.971,0.0152,-0.0047,0.3089,-0.007,0.1139,0.2218
2972,2.972,-0.0038,-0.0062,0.3853,0.0018,0.1345,0.2753
2973,2.973,-0.011,-0.0066,0.2323,0.0046,0.1163,0.2279
2974,2.974,-0.0222,-0.0054,0.09,-0.0026,0.3687,0.5337
2975,2.975,-0.0283,0.0004,-0.0395,0.0085,0.333,0.8914
2976,2.976,-0.0041,0.0012,-0.1236,-0.0057,0.103,0.4593
2977,2.977,0.0057,0.0081,-0.1694,-0.0038,-0.0466,-0.0649
2978,2.978,0.0146,0.009,-0.1278,-0.0056,-0.0741,-0.2769
2979,2.979,0.0227,0.0048,-0.0394,0.0113,-0.0989,-0.2137
2980,2.98,0.0104,-0.0005,-0.0047,0.0225,-0.1213,-0.2721
2981,2.981,-0.0051,0.0031,0.0059,0.0285,-0.101,-0.2196
2982,2.982,-0.0111,0.0037,-0.0414,0.0117,-0.2675,-0.2676
2983,2.983,-0.0166,0.002,-0.0503,0.0051,-0.3796,-0.9228
2984,2.984,-0.0114,0.0015,-0.0274,0.0152,-0.1961,-0.6421
2985,2.985,-0.0068,-0.0027,0.0078,0.0096,0.0265,-0.0452
2986,2.986,-0.0054,-0.0078,0.1046,0.0045,0.1167,0.1888
2987,2.987,-0.0116,-0.0085,0.3131,0.0151,0.0902,0.2603
2988,2.988,-0.0171,-0.0027,0.1642,0.0055,0.1151,0.325
2989,2.989,-0.0117,0.0026,-0.0252,0.0093,0.0931,0.2675
2990,2.99,0.0025,0.0033,-0.0985,0.0148,0.1542,0.2152
2991,2.991,0.0332,-0.0061,-0.1205,0.0076,0.3951,0.7439
2992,2.992,0.0201,-0.0047,-0.2222,0.0048,0.2313,0.8145
2993,2.993,-0.0078,0.0016,-0.3151,0.0039,0.0222,0.2384
2994,2.994,-0.0258,0.0073,-0.3996,-0.0076,-0.0596,-0.15
2995,2.995,-0.0027,-0.0042,-0.201,-0.0331,-0.0845,-0.2214
2996,2.996,0.0246,-0.0087,-0.0117,-0.0366,-0.107,-0.2861
2997,2.997,0.0139,0.001,0.0618,-0.0068,-0.1274,-0.2287
2998,2.998,0.0238,0.0022,0.1289,-0.0107,-0.1089,-0.1764
2999,2.999,0.0151,0.0054,0.1086,0.0002,-0.3613,-0.5128
3000,3,0.007,0.0002,0.1272,0.0167,-0.3253,-0.9063
3001,3.001,0.0094,0.0029,0.144,0.0256,-0.0951,-0.4306
3002,3.002,-0.0199,0.0037,0.0675,0.0009,0.0548,0.0185
3003,3.003,-0.0399,0.006,-0.0022,-0.0155,0.0825,0.1943
3004,3.004,-0.0145,0.0066,-0.0401,-0.0243,0.1074,0.248
3005,3.005,0.0218,0.0036,-0.029,-0.027,0.13,0.2968
3006,3.006,0.0555,0.0053,-0.1441,-0.0146,0.0693,0.2537
3007,3.007,0.0333,-0.0005,-0.1596,-0.0212,0.236,0.2935
3008,3.008,-0.0268,0.0018,-0.1184,-0.0027,0.393,0.8349
3009,3.009,-0.0355,-0.0032,0.0199,0.0145,0.1691,0.6032
3010,3.01,-0.0277,-0.0027,0.1858,0.0256,-0.0402,0.1099
3011,3.011,-0.049,-0.0044,0.2076,0.0155,-0.0679,-0.2114
3012,3.012,-0.0554,-0.0101,0.3905,0.0173,-0.0928,-0.2705
3013,3.013,-0.0261,-0.0095,0.3658,0.0157,-0.1154,-0.3239
3014,3.014,0.0005,-0.0017,0.209,0.0142,-0.0952,-0.2763
3015,3.015,0.0175,-0.0058,-0.0317,0.0182,-0.1486,-0.1929
3016,3.016,0.013,-0.0006,-0.215,0.012,-0.3893,-0.7609
3017,3.017,0.0087,0.004,-0.24,0.0018,-0.2254,-0.8386
3018,3.018,0.0049,-0.0003,-0.2631,0.0005,-0.0162,-0.2048
3019,3.019,-0.0204,0.0019,-0.1215,-0.0185,0.0656,0.2225
3020,3.02,-0.0039,0.0097,-0.0662,-0.0485,0.0906,0.1466
3021,3.021,0.017,0.0002,0.0856,-0.0446,0.1132,0.2176
3022,3.022,0.0362,0.0039,0.1067,-0.0264,0.1337,0.2821
3023,3.023,0.0289,-0.0039,0.163,-0.0034,0.0784,0.2246
3024,3.024,0.0086,0.0013,0.1803,-0.0004,0.3308,0.3832
3025,3.025,0.0058,-0.0034,0.0734,0.0025,0.2949,0.8161
3026,3.026,-0.0066,-0.0026,0.0313,0.0098,0.0647,0.4094
3027,3.027,-0.0089,0.0027,-0.1083,0.0121,-0.0851,0.0383
3028,3.028,-0.0069,-0.008,-0.1643,0.0142,-0.1128,-0.2033
3029,3.029,-0.0126,-0.0126,-0.1813,0.0161,-0.1377,-0.2479
3030,3.03,-0.0109,-0.014,-0.0437,0.0213,-0.1604,-0.288
3031,3.031,-0.0125,-0.0078,0.1972,0.0199,-0.0998,-0.2523
3032,3.032,-0.025,-0.0134,0.2304,0.0159,-0.2296,-0.2852
3033,3.033,0.0004,-0.0124,0.1415,0.0122,-0.3812,-0.7325
3034,3.034,0.0184,-0.0152,0.0063,0.0045,-0.1574,-0.6688
3035,3.035,0.0085,-0.0074,-0.1166,-0.0112,0.0518,-0.0284
3036,3.036,-0.0003,0.004,-0.1835,-0.0268,0.1335,0.2286
3037,3.037,-0.0031,0.0116,-0.285,-0.0207,0.1093,0.3072
3038,3.038,-0.0008,0.0129,-0.3773,-0.0039,0.1318,0.2378
3039,3.039,0.0013,0.0091,-0.226,0.0027,0.1116,0.3023
3040,3.04,0.0196,0.0013,0.0384,0.0047,0.1671,0.2445
3041,3.041,0.0319,0.0003,0.2184,0.0251,0.4194,0.7201
3042,3.042,0.0162,-0.0006,0.1851,0.0277,0.2391,0.7845
3043,3.043,-0.0145,-0.0014,0.1549,0.0104,0.0087,0.2608
3044,3.044,-0.0454,0.0101,0.0731,-0.0233,-0.0814,-0.0924
3045,3.045,-0.0256,0.0084,-0.0013,-0.0377,-0.109,-0.1577
3046,3.046,-0.0003,0.0038,-0.0686,-0.0158,-0.1338,-0.2165
3047,3.047,0.0028,0.0052,-0.1296,-0.0277,-0.1118,-0.2699
3048,3.048,0.0057,0.0114,-0.1108,-0.0242,-0.0917,-0.2221
3049,3.049,0.0248,0.0104,-0.0597,-0.0078,-0.3695,-0.528
3050,3.05,0.0521,0.0074,-0.0131,0.0129,-0.3302,-0.8857
3051,3.051,0.0486,0.0065,0.0294,0.0267,-0.0775,-0.4532
3052,3.052,0.0256,0.0091,-0.0077,0.0243,0.0872,0.0713
3053,3.053,0.0404,0.0053,0.0501,0.0131,0.1175,0.143
3054,3.054,0.0703,0.0033,0.081,0.0111,0.1448,0.2079
3055,3.055,0.0502,-0.0024,0.0713,0.0055,0.1205,0.2666
3056,3.056,0.01,-0.0046,0.0796,0.0071,0.0982,0.2143
3057,3.057,-0.0166,0.0003,0.1967,0.0024,0.2814,0.2625
3058,3.058,-0.0214,-0.0014,0.2807,0.0112,0.4047,0.9178
3059,3.059,-0.0348,0.0039,0.1124,0.0071,0.1581,0.6372
3060,3.06,-0.0466,-0.001,-0.0439,0.0008,-0.0723,0.0403
3061,3.061,-0.0647,-0.0015,-0.1449,-0.0048,-0.1028,-0.1933
3062,3.062,-0.0549,-0.0044,-0.1259,0.0004,-0.1302,-0.2647
3063,3.063,-0.0879,-0.0008,-0.0414,0.0012,-0.106,-0.3294
3064,3.064,-0.0924,0.0005,0.0963,-0.0099,-0.1285,-0.2718
3065,3.065,-0.0724,-0.0024,0.3368,-0.033,-0.1489,-0.2192
3066,3.066,-0.0324,-0.0033,0.4347,-0.0166,-0.3897,-0.7477
3067,3.067,0.0048,-0.0085,0.285,0.0103,-0.2258,-0.8184
3068,3.068,0.0001,-0.0032,-0.0679,0.0067,-0.0166,-0.2422
3069,3.069,-0.0131,0.0046,-0.4045,-0.0033,0.0653,0.1465
3070,3.07,-0.0013,0.0057,-0.5353,-0.0063,0.0903,0.2182
3071,3.071,0.0169,-0.0027,-0.4955,-0.0145,0.1129,0.283
3072,3.072,0.0267,0.0051,-0.3872,-0.0368,0.0929,0.2257
3073,3.073,0.0416,0.0082,-0.1573,-0.0397,0.1114,0.1735
3074,3.074,0.0497,0.0075,0.2305,-0.0206,0.3639,0.51
3075,3.075,0.0669,0.0016,0.2834,0.0017,0.328,0.9035
3076,3.076,0.0513,-0.0005,0.1392,0.0046,0.0979,0.428
3077,3.077,0.0328,-0.0025,0.0081,0.0019,-0.0518,-0.0209
3078,3.078,0.0055,-0.0019,-0.0318,-0.0154,-0.0794,-0.1965
3079,3.079,-0.0053,-0.0014,-0.1401,0.0001,-0.1042,-0.2501
3080,3.08,-0.0218,-0.0018,-0.2387,0.0142,-0.1267,-0.2986
3081,3.081,-0.019,0.0013,-0.2089,0.0161,-0.1066,-0.2552
3082,3.082,0.0001,-0.0015,-0.0732,-0.0059,-0.2732,-0.2947
3083,3.083,0.0074,-0.0065,-0.0484,-0.003,-0.3852,-0.8357
3084,3.084,0.0052,0.0013,0.0188,0.0162,-0.1612,-0.6037
3085,3.085,0.0195,0.0004,0.1203,0.0185,0.0482,-0.1103
3086,3.086,0.0326,0.005,0.1756,0.0207,0.076,0.2112
3087,3.087,0.0412,-0.0027,0.1922,0.0227,0.1011,0.2705
3088,3.088,0.0183,0.0005,0.1461,0.0208,0.1237,0.3242
3089,3.089,0.0085,-0.0059,0.1595,0.0225,0.1037,0.2767
3090,3.09,0.0235,-0.0066,0.1968,0.027,0.1593,0.2335
3091,3.091,0.0263,-0.0059,0.1621,0.023,0.412,0.7499
3092,3.092,0.0041,-0.0023,0.2138,0.004,0.2318,0.8206
3093,3.093,0.0013,-0.0065,0.1852,0.0013,0.0017,0.2445
3094,3.094,-0.0014,-0.0116,0.0559,-0.0211,-0.0882,-0.1439
3095,3.095,-0.0186,-0.0038,0.0376,-0.0003,-0.1157,-0.2155
3096,3.096,-0.0341,-0.0047,-0.1474,0.0078,-0.1405,-0.2801
3097,3.097,-0.0606,-0.0055,-0.3195,0.0006,-0.1184,-0.2225
3098,3.098,-0.0785,0.004,-0.3862,0.0118,-0.0981,-0.17
3099,3.099,-0.0685,0.0078,-0.3652,-0.0188,-0.3388,-0.5065
3100,3.1,-0.0234,0.0088,-0.1609,-0.032,-0.3062,-0.8999
3101,3.101,0.0219,0.0099,0.0291,-0.0201,-0.0972,-0.4244
3102,3.102,0.0627,0.0107,0.2509,-0.0092,0.0933,0.0248
3103,3.103,0.0678,0.0116,0.2208,0.0007,0.1184,0.2007
3104,3.104,0.0436,0.0002,0.2474,0.0156,0.1411,0.2544
3105,3.105,0.0128,-0.0048,0.1239,0.0183,0.1211,0.3029
3106,3.106,0.001,-0.0032,0.0118,0.0207,0.0657,0.2599
3107,3.107,-0.0099,-0.0045,-0.0899,0.0096,0.2508,0.2997
3108,3.108,-0.0462,-0.0008,-0.2193,-0.0129,0.3741,0.8411
3109,3.109,-0.0704,-0.0017,-0.2359,0.0019,0.1723,0.6095
3110,3.11,-0.0396,-0.0047,-0.1593,-0.0008,-0.0181,0.1164
3111,3.111,-0.0036,-0.0039,0.0216,-0.028,-0.0926,-0.2049
3112,3.112,0.0205,-0.0047,0.1449,-0.0245,-0.1154,-0.264
3113,3.113,0.0336,-0.004,0.1672,-0.0015,-0.1361,-0.3174
3114,3.114,0.0297,-0.0033,0.1875,0.0256,-0.1179,-0.2697
3115,3.115,0.0117,-0.0038,0.132,0.0292,-0.1348,-0.139
3116,3.116,-0.0002,-0.0023,0.0318,0.0128,-0.3998,-0.7164
3117,3.117,-0.0033,-0.0018,-0.0856,0.0157,-0.2623,-0.8356
3118,3.118,-0.0181,0.0059,-0.1619,0.0078,-0.0211,-0.2938
3119,3.119,-0.0153,0.0091,-0.1485,-0.0194,0.0781,0.0949
3120,3.12,0.012,0.0039,-0.086,-0.0522,0.1083,0.1665
3121,3.121,0.0156,0.0012,-0.0059,-0.0301,0.1356,0.2314
3122,3.122,0.0058,0.0003,0.046,-0.0101,0.1112,0.2901
3123,3.123,0.0031,-0.0035,-0.0014,-0.0066,0.0888,0.2377
3124,3.124,0.0223,0.0043,0.0074,0.0033,0.3534,0.478
3125,3.125,0.0201,0.0053,0.0469,0.0122,0.3175,0.8716
3126,3.126,0.009,-0.0012,0.0684,0.0314,0.0873,0.502
3127,3.127,0.0029,-0.0004,0.0102,0.0243,-0.0625,-0.028
3128,3.128,0.0121,0.0048,-0.0444,-0.0003,-0.0902,-0.2402
3129,3.129,0.0104,0.0041,-0.0371,-0.0299,-0.1152,-0.3051
3130,3.13,0.0027,-0.0002,-0.0048,-0.0337,-0.1379,-0.3638
3131,3.131,-0.0154,-0.0008,-0.0221,-0.03,-0.1178,-0.3115
3132,3.132,-0.0378,-0.0004,0.0044,-0.0069,-0.2476,-0.2636
3133,3.133,-0.0349,0.0046,-0.0003,-0.0097,-0.3993,-0.8316
3134,3.134,-0.0322,0.0039,-0.0044,-0.0015,-0.1755,-0.5998
3135,3.135,-0.0495,-0.0019,-0.0078,0.0109,0.0337,-0.1066
3136,3.136,-0.0384,-0.0042,0.0473,0.0222,0.1155,0.2147
3137,3.137,-0.0242,-0.0063,0.1653,-0.0043,0.0913,0.2738
3138,3.138,0.0037,-0.0047,0.2162,0.0066,0.1139,0.2217
3139,3.139,-0.0003,-0.0031,0.2318,0.0165,0.0531,0.2702
3140,3.14,0.0032,0.0025,0.3015,0.0195,0.1456,0.2266
3141,3.141,-0.0002,0.0031,0.1121,0.0277,0.3644,0.7427
3142,3.142,-0.0032,0.0023,-0.1859,0.0005,0.2154,0.8132
3143,3.143,-0.006,-0.0048,-0.2255,-0.0104,0.0251,0.3649
3144,3.144,0.0012,-0.0057,-0.1896,-0.0006,-0.0493,-0.1601
3145,3.145,0.0122,-0.0033,-0.2883,-0.0215,-0.0722,-0.2318
3146,3.146,-0.0104,0.0003,-0.3781,0.0032,-0.0928,-0.2967
3147,3.147,-0.0376,-0.0018,-0.4057,-0.0001,-0.1115,-0.2395
3148,3.148,-0.0123,-0.0014,-0.234,-0.003,-0.0949,-0.1872
3149,3.149,0.0371,0.0026,0.0119,0.0052,-0.3245,-0.4277
3150,3.15,0.1438,-0.0022,0.2413,-0.0121,-0.3575,-0.9087
3151,3.151,0.0979,-0.0093,0.3902,-0.0056,-0.0887,-0.4612
3152,3.152,0.0284,-0.0178,0.4174,0.0128,0.0924,0.0632
3153,3.153,0.0159,-0.0235,0.2452,0.0151,0.1259,0.2753
3154,3.154,0.0044,-0.0246,0.0436,0.0173,0.156,0.2121
3155,3.155,-0.0268,-0.0183,-0.0377,0.0152,0.1293,0.2706
3156,3.156,-0.0552,-0.0072,-0.0626,-0.0053,0.1049,0.2181
3157,3.157,-0.0294,-0.0027,-0.0853,0.0303,0.2618,0.2662
3158,3.158,-0.0216,0.0012,-0.1871,0.0158,0.4042,0.834
3159,3.159,-0.0003,0.0099,-0.1687,-0.0084,0.2005,0.602
3160,3.16,0.0189,0.0108,-0.1854,0.0223,-0.0441,0.1085
3161,3.161,0.0131,0.0077,-0.0784,0.0183,-0.0776,-0.2129
3162,3.162,-0.0134,0.0103,0.0747,-0.0072,-0.1077,-0.2723
3163,3.163,-0.0376,0.0162,0.0544,-0.0105,-0.135,-0.2204
3164,3.164,-0.0507,0.0154,0.0359,-0.0314,-0.1106,-0.2691
3165,3.165,-0.0146,0.0174,-0.0484,-0.0506,-0.133,-0.2258
3166,3.166,0.0387,0.009,-0.0335,-0.0434,-0.3976,-0.6625
3167,3.167,0.0316,0.0058,0.1192,-0.0098,-0.2895,-0.8373
3168,3.168,0.0252,0.0027,0.058,-0.0052,-0.0591,-0.2558
3169,3.169,0.0309,-0.0001,0.0018,0.0079,0.0907,0.1326
3170,3.17,0.015,0.0024,-0.0495,0.0117,0.1183,0.2042
3171,3.171,-0.0189,0.0017,0.0264,0.015,0.1432,0.2687
3172,3.172,-0.0321,0.0037,0.04,-0.0016,0.1212,0.3272
3173,3.173,-0.0438,0.0094,0.0777,-0.0046,0.101,0.1691
3174,3.174,-0.011,-0.0022,0.1579,-0.0348,0.3418,0.5055
3175,3.175,0.0464,-0.0005,0.1056,-0.0467,0.3093,0.8989
3176,3.176,0.0386,-0.0021,0.0012,-0.014,0.1003,0.4233
3177,3.177,0.0031,-0.0035,-0.0959,-0.0097,-0.09,-0.0258
3178,3.178,-0.0163,-0.0023,-0.0579,0.0021,-0.066,-0.2014
3179,3.179,-0.022,0.0009,-0.069,0.0056,-0.1334,-0.2551
3180,3.18,-0.0167,0.0039,0.046,0.0023,-0.1134,-0.3038
3181,3.181,-0.0119,0.0066,0.0924,-0.0066,-0.0951,-0.2605
3182,3.182,-0.0075,0.004,-0.088,0.0125,-0.2465,-0.3004
3183,3.183,0.0044,0.0018,-0.1122,0.0149,-0.3889,-0.8416
3184,3.184,0.0151,0.0025,-0.0896,0.0126,-0.1851,-0.6097
3185,3.185,0.0119,0.0009,-0.1098,-0.0016,0.0053,-0.1164
3186,3.186,-0.003,0.0026,-0.0913,-0.0258,0.0798,0.205
3187,3.187,-0.0168,0.0031,-0.0745,-0.029,0.1026,0.2641
3188,3.188,0.0105,0.0101,0.0327,-0.0142,0.1231,0.3177
3189,3.189,0.0359,0.0132,0.1023,0.0104,0.1049,0.2701
3190,3.19,0.0261,0.0068,0.0644,0.0268,0.1554,0.2266
3191,3.191,0.0113,0.0009,0.0528,0.0238,0.3851,0.6634
3192,3.192,0.0033,0.0031,0.0423,0.0264,0.2211,0.838
3193,3.193,0.0011,-0.0017,0.0704,0.0336,0.012,0.2564
3194,3.194,-0.019,-0.0059,0.1303,0.0268,-0.0698,-0.1321
3195,3.195,-0.0215,0.0018,0.1067,0.0247,-0.0948,-0.2039
3196,3.196,-0.0041,-0.0055,0.0992,-0.0033,-0.1174,-0.2688
3197,3.197,-0.0017,-0.0081,0.0405,-0.0151,-0.1379,-0.3276
3198,3.198,-0.0037,-0.0072,-0.0141,-0.0187,-0.0826,-0.1696
3199,3.199,-0.0054,-0.0109,-0.0494,0.0043,-0.335,-0.5062
3200,3.2,-0.0069,-0.0015,-0.0166,0.0131,-0.3713,-0.8996
3201,3.201,0.0039,-0.0026,-0.0102,0.0157,-0.1413,-0.4242
3202,3.202,0.0193,-0.0035,-0.0044,0.0133,0.0681,0.0248
3203,3.203,-0.0032,-0.0087,0.0688,0.0111,0.0958,0.2006
3204,3.204,-0.0181,0.0016,0.1211,0.0132,0.1207,0.2544
3205,3.205,-0.01,0.0003,-0.0022,0.0039,0.1433,0.303
3206,3.206,-0.0323,-0.0033,-0.1536,-0.0012,0.0825,0.2596
3207,3.207,-0.0353,-0,-0.2553,-0.0058,0.2491,0.2992
3208,3.208,-0.0105,0.0053,-0.1628,-0.0071,0.4061,0.8404
3209,3.209,0.0258,-0.001,-0.0787,-0.0108,0.1823,0.6086
3210,3.21,0.0017,-0.0052,-0.0329,0.0017,-0.027,0.1152
3211,3.211,-0.0028,-0.0029,0.12,0.0068,-0.1089,-0.2062
3212,3.212,-0.0067,-0.0035,0.0998,0.0023,-0.0848,-0.2656
3213,3.213,-0.0031,-0.0017,0.1185,0.0064,-0.1075,-0.3192
3214,3.214,0,-0.0012,0.1691,0.0151,-0.1281,-0.2716
3215,3.215,0.0029,-0.0006,-0.0297,0.0096,-0.1466,-0.2283
3216,3.216,0.0057,-0.0017,-0.0568,-0.0062,-0.3991,-0.665
3217,3.217,0.0238,0.002,0.2085,-0.0173,-0.2626,-0.8241
3218,3.218,0.0411,-0.0044,0.2825,-0.0071,-0.0098,-0.3006
3219,3.219,0.0165,0.0021,0.1258,0.0171,0.0893,0.1931
3220,3.22,0.0001,0.003,-0.0166,0.0203,0.1196,0.2583
3221,3.221,-0.0208,0.0083,-0.1835,0.0116,0.1469,0.3171
3222,3.222,-0.0235,0.0047,-0.0269,-0.0074,0.1226,0.265
3223,3.223,0.0037,0.0031,-0.0473,-0,0.1003,0.2173
3224,3.224,0.0291,0.0036,-0.1397,-0.0065,0.3648,0.4357
3225,3.225,0.026,0.0011,-0.257,-0.0289,0.3289,0.8726
3226,3.226,0.0232,-0.004,-0.2723,-0.0259,0.0988,0.3494
3227,3.227,0.0042,0.0009,-0.2871,-0.0285,-0.051,-0.1442
3228,3.228,-0.0131,0.0079,-0.2252,-0.016,-0.0787,-0.2098
3229,3.229,-0.0379,-0.0061,-0.2606,-0.0315,-0.1036,-0.2689
3230,3.23,-0.0411,-0.0122,-0.1252,-0.0456,-0.1263,-0.2168
3231,3.231,0.0039,-0.0066,-0.0325,-0.0213,-0.1063,-0.2653
3232,3.232,0.0492,-0.0049,0.0521,-0.0113,-0.2359,-0.3093
3233,3.233,0.02,-0.0034,0.1293,-0.0024,-0.3875,-0.8255
3234,3.234,0.036,-0.0131,0.1716,0.0004,-0.2043,-0.6151
3235,3.235,0.0408,-0.0143,0.1339,0.0129,0.0182,-0.0384
3236,3.236,0.0188,-0.0018,0.1219,0.0152,0.1081,0.1952
3237,3.237,-0.0093,0.0033,0.1943,0.0254,0.1356,0.2667
3238,3.238,-0.006,0.0017,0.2037,0.0273,0.1114,0.3314
3239,3.239,-0.0093,0.0004,0.1435,0.0358,0.0892,0.2739
3240,3.24,-0.0424,-0.0008,0.0421,0.0314,0.1502,0.2213
3241,3.241,-0.0822,0.0024,0.0287,0.0328,0.391,0.6538
3242,3.242,-0.0771,0.0013,0.0669,0.0318,0.227,0.8283
3243,3.243,-0.0433,0.0097,0.0557,0.0148,0.0178,0.3523
3244,3.244,-0.0303,0.0019,0.0455,-0.0223,-0.0641,-0.097
3245,3.245,-0.0186,0.0029,0.036,-0.0274,-0.0891,-0.1565
3246,3.246,-0.0079,0.0002,-0.0762,-0.0226,-0.1118,-0.3157
3247,3.247,0.0019,-0.0007,-0.1221,-0.027,-0.1322,-0.2684
3248,3.248,0.0167,-0.0045,-0.0805,0.001,-0.0769,-0.2252
3249,3.249,0.0194,-0.0052,-0.0427,0.0118,-0.3293,-0.5031
3250,3.25,0.0267,0.0031,0.0151,0.002,-0.3655,-0.9003
3251,3.251,0.0245,0.004,0.0051,-0.0128,-0.1355,-0.5307
3252,3.252,0.0224,0.003,-0.0041,0.0009,0.0142,-0.0007
3253,3.253,0.0206,0.0057,-0.0129,-0.0015,0.096,0.2115
3254,3.254,0.0121,0.0048,-0.0208,0.0052,0.1209,0.2763
3255,3.255,0.0105,0.0011,0.0005,-0.0009,0.1435,0.335
3256,3.256,0.0009,0.0017,-0.019,-0.0101,0.0419,0.2828
3257,3.257,0.0071,0.0034,-0.0249,-0.0118,0.2086,0.235
3258,3.258,0.0196,0.0029,0.0123,-0.0163,0.3656,0.8903
3259,3.259,0.0348,0.0044,0.027,-0.0094,0.1823,0.6098
3260,3.26,0.0287,0.0056,0.0229,-0.0002,0.0093,0.1831
3261,3.261,0.0157,0.0044,0.0192,0.0111,-0.0586,-0.2053
3262,3.262,-0.0028,0.0018,0.016,0.0218,-0.1199,-0.2766
3263,3.263,-0.0151,0.0001,0.0327,0.0065,-0.1386,-0.3412
3264,3.264,-0.0173,-0.0002,0.0179,0.0045,-0.1221,-0.2836
3265,3.265,-0.0111,-0.0016,0.0372,0.0064,-0.1375,-0.1254
3266,3.266,-0.0055,-0.0055,0.0001,0.0114,-0.3461,-0.6538
3267,3.267,0.0029,-0.0038,-0.0156,0.022,-0.257,-0.8648
3268,3.268,0.0014,-0.0023,0.0575,0.018,-0.0126,-0.2886
3269,3.269,0.0027,-0.0074,0.1935,-0.001,0.0865,0.1
3270,3.27,-0.0112,-0.0053,0.1011,-0.0257,0.1167,0.1719
3271,3.271,-0.013,-0.0058,0.0169,-0.0225,0.144,0.2368
3272,3.272,-0.0317,0.0018,-0.1824,-0.0313,0.1197,0.2955
3273,3.273,-0.039,0.0048,-0.2098,-0.034,0.0975,0.2432
3274,3.274,-0.0234,0.0003,0.0117,-0.0168,0.362,0.4837
3275,3.275,-0.0091,-0.0075,0.4587,-0.0013,0.3261,0.8772
3276,3.276,0.0188,-0.0023,0.5225,0.0129,0.0959,0.5078
3277,3.277,0.0466,-0.0088,0.232,0.0146,-0.0539,-0.0221
3278,3.278,-0.0008,-0.0113,-0.1376,0.0129,-0.0817,-0.2343
3279,3.279,-0.0332,0.0002,-0.3776,0.0052,-0.1066,-0.299
3280,3.28,-0.039,0.0087,-0.5083,0.0039,-0.1292,-0.2415
3281,3.281,-0.055,0.0225,-0.6269,-0.005,-0.1091,-0.2944
3282,3.282,-0.0502,0.0169,-0.4462,-0.0039,-0.2388,-0.2464
3283,3.283,0.0071,0.0051,0.0464,0.0013,-0.4241,-0.9016
3284,3.284,0.0776,-0.0025,0.3982,0.0135,-0.2022,-0.6209
3285,3.285,0.125,-0.0066,0.3344,0.0186,0.007,-0.194
3286,3.286,0.1164,-0.0054,0.044,0.014,0.0889,0.1949
3287,3.287,0.0617,-0.0043,-0.1143,0.0071,0.1138,0.2665
3288,3.288,0.0261,-0.0053,-0.162,0.0008,0.1364,0.3314
3289,3.289,-0.0062,0.005,-0.2054,-0.0024,0.1163,0.2741
3290,3.29,-0.0237,0.012,-0.1659,-0.0181,0.1348,0.2218
3291,3.291,-0.0078,0.0032,-0.0581,-0.0293,0.3872,0.6543
3292,3.292,0.0358,0.0023,0.1055,-0.0109,0.2793,0.829
3293,3.293,0.0182,-0.0092,0.1943,-0.0085,0.049,0.3532
3294,3.294,-0.019,0.0015,0.1128,0.0026,-0.1008,-0.096
3295,3.295,-0.0432,-0.0025,0.0879,0.0005,-0.1284,-0.1553
3296,3.296,-0.0652,-0.0013,0.0654,-0.0015,-0.1041,-0.3145
3297,3.297,-0.0451,0.0043,-0.1179,0.0035,-0.1266,-0.2671
3298,3.298,-0.0341,-0.001,-0.1918,0.0111,-0.1065,-0.2238
3299,3.299,-0.0242,-0.0037,-0.1248,0.0152,-0.3472,-0.4224
3300,3.3,-0.033,0.0006,-0.0234,0.0141,-0.3146,-0.8919
3301,3.301,-0.0029,-0.0046,0.2171,0.0063,-0.1056,-0.4443
3302,3.302,-0.0068,-0.0039,0.1842,-0.001,0.0848,0.0802
3303,3.303,-0.0249,0.0045,0.0951,-0.0151,0.1099,0.1518
3304,3.304,-0.0151,-0.0011,0.1223,-0.0335,0.1326,0.2167
3305,3.305,-0.0002,-0.002,0.0484,-0.0112,0.1127,0.2754
3306,3.306,0.0079,-0.0012,-0.1086,-0.0083,0.0944,0.223
3307,3.307,0.0202,-0.0003,-0.1292,-0.0002,0.2123,0.2712
3308,3.308,-0.0045,-0.0025,-0.0739,0.0021,0.3808,0.8391
3309,3.309,-0.0275,-0.0004,0.01,0.0177,0.1791,0.6072
3310,3.31,-0.0304,0.0027,0.0254,0.0116,-0.0111,0.1139
3311,3.311,-0.0223,-0.0002,0.0396,0.0135,-0.0854,-0.2074
3312,3.312,-0.0051,0.0034,0.1029,0.0084,-0.1081,-0.2668
3313,3.313,0.0104,0.0003,0.0454,0.007,-0.1286,-0.3204
3314,3.314,0.0124,-0.0026,-0.0487,0.0111,-0.1103,-0.273
3315,3.315,0.0216,0.0025,-0.0616,-0.0002,-0.1271,-0.2297
3316,3.316,0.0332,0.0018,-0.0274,-0.0078,-0.3567,-0.6664
3317,3.317,0.0346,-0.0012,-0.0175,0.0018,-0.2583,-0.8411
3318,3.318,0.0164,-0.0071,0.0163,-0.0019,-0.0381,-0.3048
3319,3.319,-0.0018,-0.0031,0.0636,-0.0009,0.1116,0.1723
3320,3.32,-0.0091,-0.0026,0.1241,-0.0104,0.0851,0.2376
3321,3.321,-0.0114,0.0025,0.1633,0.0009,0.11,0.2964
3322,3.322,-0.0175,0.0032,0.142,0.0024,0.1325,0.2441
3323,3.323,-0.0008,0.0037,0.0448,0.0094,0.1123,0.1963
3324,3.324,0.0285,0.0089,-0.0525,0.0207,0.316,0.4148
3325,3.325,0.0406,0.0083,-0.0902,0.0284,0.3433,0.9311
3326,3.326,0.03,-0,-0.1013,0.0159,0.1211,0.439
3327,3.327,0.0204,0.001,-0.1113,-0.0094,-0.0881,-0.0102
3328,3.328,-0.0002,0.004,-0.0638,-0.0202,-0.1158,-0.186
3329,3.329,-0.0028,0.0013,-0.0036,-0.0037,-0.1406,-0.24
3330,3.33,-0.0051,-0.0046,0.0195,-0.0185,-0.1186,-0.2888
3331,3.331,0.0016,-0.0039,0.0262,0.0007,-0.0985,-0.2456
3332,3.332,-0.0005,-0.0046,0.0582,0.018,-0.2652,-0.2854
3333,3.333,-0.006,-0.0041,0.1463,-0.0022,-0.4222,-0.8267
3334,3.334,-0.0009,-0.0024,0.0835,-0.0049,-0.1984,-0.7499
3335,3.335,-0.0053,-0.0009,0.0035,0.0024,0.0109,-0.116
3336,3.336,-0.0066,-0.0021,-0.1109,0.0002,0.0928,0.1408
3337,3.337,-0.0077,-0.0018,-0.126,0.0103,0.1177,0.2192
3338,3.338,-0.0087,-0.006,0.0268,0.0085,0.1404,0.2901
3339,3.339,-0.0139,-0.0055,0.0876,-0.0135,0.1203,0.3546
3340,3.34,0.0001,-0.004,0.18,-0.0164,0.1389,0.1806
3341,3.341,0.0266,-0.0062,0.1296,-0.0027,0.3914,0.656
3342,3.342,0.023,-0.0066,0.0226,-0.0004,0.2835,0.8482
3343,3.343,0.0066,-0.0015,-0.0465,0.0062,0.0533,0.3246
3344,3.344,-0.0142,0.0034,-0.134,0.0001,-0.0964,-0.0285
3345,3.345,-0.0443,0.0103,-0.2139,-0.0129,-0.124,-0.2218
3346,3.346,-0.0562,0.0167,-0.1614,-0.018,-0.0997,-0.2807
3347,3.347,-0.0234,0.0055,-0.0379,-0.0319,-0.1223,-0.2287
3348,3.348,0.0339,-0.0084,-0.0213,-0.0337,-0.1021,-0.1811
3349,3.349,0.0417,-0.014,0.0548,-0.0083,-0.3428,-0.3997
3350,3.35,0.0487,-0.0157,-0.0707,0.0245,-0.3758,-0.916
3351,3.351,0.0164,-0.0019,-0.1884,0.0289,-0.107,-0.4239
3352,3.352,-0.001,-0.0038,-0.1423,0.0089,0.0741,0.0252
3353,3.353,0.0043,-0.0021,0.0387,-0.0092,0.1076,0.201
3354,3.354,-0.0004,0.0024,0.1126,0.0006,0.1377,0.2546
3355,3.355,-0.0136,-0.0046,0.0904,0.0155,0.1109,0.3032
3356,3.356,-0.0098,0.0016,0.0699,0.0182,0.0865,0.2601
3357,3.357,-0.0133,0.0026,0.0512,-0.0191,0.2434,0.2999
3358,3.358,0.0031,0.0079,-0.1341,-0.0032,0.3858,0.8413
3359,3.359,0.0119,0.0051,-0.2079,0.0015,0.1821,0.6097
3360,3.36,0.0038,0.006,-0.1408,-0.0117,-0.0082,0.1166
3361,3.361,-0.0185,0.0112,0.0424,-0.0162,-0.0826,-0.2045
3362,3.362,0.0024,0.0076,0.1656,-0.0123,-0.1053,-0.2636
3363,3.363,0.0435,0.0034,0.2326,-0.0015,-0.1259,-0.3168
3364,3.364,0.0845,0.0074,0.2121,0.0148,-0.1076,-0.2693
3365,3.365,0.0473,0.0038,0.1192,0.0176,-0.1244,-0.2258
3366,3.366,-0.0059,0.0007,0.0348,0.0203,-0.3539,-0.6623
3367,3.367,-0.0129,0.0004,-0.0113,0.0226,-0.2556,-0.8367
3368,3.368,-0.0321,0.0054,-0.1089,0.0069,-0.0465,-0.3605
3369,3.369,-0.0028,-0.001,-0.1471,-0.0116,0.0897,0.089
3370,3.37,-0.008,-0.0019,-0.0673,-0.014,0.1147,0.265
3371,3.371,-0.0518,0.0066,-0.099,-0.0119,0.1373,0.3188
3372,3.372,-0.0928,-0.0083,-0.109,-0.0059,0.1172,0.2716
3373,3.373,-0.1409,-0.0104,0.0198,-0.0191,0.0989,0.2286
3374,3.374,-0.1086,-0.0011,0.0376,0.0028,0.3513,0.4274
3375,3.375,-0.0439,-0.0028,-0.0132,0.0235,0.3154,0.897
3376,3.376,-0.0352,-0.0013,-0.0591,-0.0123,0.0854,0.4496
3377,3.377,-0.0274,0.0027,-0.0727,-0.0462,-0.0644,0.0417
3378,3.378,0.0082,0.0039,-0.0348,-0.0331,-0.092,-0.2237
3379,3.379,0.0532,0.0071,0.0229,-0.0133,-0.1169,-0.2726
3380,3.38,0.0589,-0.0002,0.0126,0.012,-0.1396,-0.3165
3381,3.381,0.0536,-0.0067,0.06,0.0151,-0.0788,-0.277
3382,3.382,0.0487,-0.0058,0.1377,0.0178,-0.2084,-0.2409
3383,3.383,0.0442,-0.0111,0.1065,0.0259,-0.3937,-0.733
3384,3.384,0.0322,-0.0047,0.1538,0.0186,-0.2213,-0.663
3385,3.385,0.0213,-0.0089,0.0238,0.0119,0.0259,-0.0863
3386,3.386,0.018,-0.0037,0.0417,0.0017,0.0594,0.1477
3387,3.387,0.0091,-0.0001,0.0917,0.0073,0.0897,0.2194
3388,3.388,0.0009,0.0056,0.0154,0.0023,0.1171,0.2844
3389,3.389,0.0031,0.005,0.0576,0.0038,0.0929,0.3432
3390,3.39,0.0096,0.0043,0.0207,0.0107,0.1154,0.1854
3391,3.391,0.0035,0.0001,-0.1512,0.017,0.3801,0.6181
3392,3.392,-0.0058,-0.004,-0.2741,0.0114,0.2722,0.793
3393,3.393,0.0094,-0.0004,-0.2072,-0.0002,0.0419,0.3172
3394,3.394,0.0113,-0.0006,-0.1061,-0.0048,-0.1078,-0.1319
3395,3.395,-0.0056,0.0059,0.0228,-0.0062,-0.0813,-0.1912
3396,3.396,-0.0123,0.0032,0.1736,-0.0201,-0.1061,-0.2447
3397,3.397,0.0182,0.0075,0.2344,-0.0108,-0.1287,-0.2933
3398,3.398,0.0401,0.0024,0.179,-0.0059,-0.1085,-0.2499
3399,3.399,0.0201,0.0045,0.0281,-0.0105,-0.3122,-0.4483
3400,3.4,-0.0053,0.0028,-0.0321,-0.0092,-0.3395,-0.9176
3401,3.401,-0.0086,-0.0012,-0.0501,-0.0128,-0.1174,-0.4701
3402,3.402,0.0063,0.0024,-0.1004,-0.0049,0.0919,0.0545
3403,3.403,0.0254,0.0047,-0.0543,-0.0038,0.1196,0.267
3404,3.404,0.023,0.0044,0.0434,-0.0064,0.0954,0.204
3405,3.405,0.0119,0.0009,0.0314,0.0065,0.1179,0.2627
3406,3.406,-0.0023,-0.006,-0.0028,0.0085,0.0977,0.2105
3407,3.407,-0.0078,-0.0049,-0.0335,0.0137,0.2273,0.2588
3408,3.408,-0.0332,-0.004,-0.0428,0.0152,0.4124,0.8267
3409,3.409,-0.0586,0.0003,-0.0512,0.0084,0.1906,0.595
3410,3.41,-0.0156,-0.0003,-0.012,0.0096,-0.0187,0.1017
3411,3.411,0.0019,-0.001,0.0378,0.0086,-0.1006,-0.2196
3412,3.412,-0.0034,0.0021,0.0701,0.0013,-0.1256,-0.163
3413,3.413,-0.0178,-0.0031,0.0527,0.0022,-0.1482,-0.2167
3414,3.414,-0.031,0.0019,0.0476,0.003,-0.1282,-0.2654
3415,3.415,-0.0348,0.0036,0.043,-0.0039,-0.1099,-0.2222
3416,3.416,-0.0312,0.0065,0.074,-0.003,-0.3624,-0.659
3417,3.417,-0.0147,-0.0012,0.1344,0.0082,-0.2545,-0.8339
3418,3.418,0.0125,-0.0002,0.2644,0.0036,-0.0244,-0.358
3419,3.419,0.0401,-0.0048,0.155,0.0023,0.0825,0.1412
3420,3.42,0.0294,0.0025,0.0997,0.0087,0.1127,0.2064
3421,3.421,0.013,-0.0039,0.0492,0.0191,0.14,0.2651
3422,3.422,-0.0019,0.0056,0.0032,0.0205,0.1156,0.3182
3423,3.423,-0.0267,0.0118,-0.1776,0.0294,0.0934,0.1742
3424,3.424,-0.0431,0.0086,-0.399,0.0124,0.3171,0.4798
3425,3.425,-0.0343,0.0014,-0.4878,-0.0247,0.347,0.9164
3426,3.426,0.007,-0.0032,-0.2976,-0.0299,0.1027,0.5095
3427,3.427,0.0364,-0.0024,-0.174,-0.0056,-0.0622,0.0323
3428,3.428,0.0313,0.0014,-0.0616,0.0164,-0.0927,-0.2892
3429,3.429,0.0171,0.0049,-0.0005,0.0126,-0.1202,-0.3485
3430,3.43,0.0393,0.0007,0.055,-0.0054,-0.1451,-0.2967
3431,3.431,0.0433,-0.0022,0.0382,-0.0217,-0.0782,-0.2494
3432,3.432,0.0181,-0.0027,0.176,-0.0067,-0.2206,-0.2062
3433,3.433,0.0019,-0.0024,0.3429,-0.0094,-0.3874,-0.802
3434,3.434,0.0049,-0.0044,0.2311,-0.0366,-0.2306,-0.7175
3435,3.435,0.0022,0.0013,0.0481,-0.0474,-0.0062,-0.1751
3436,3.436,0.0146,0.0005,-0.2722,-0.0442,0.0838,0.1779
3437,3.437,0.0258,-0.0048,-0.4032,-0.0293,0.0571,0.2428
3438,3.438,-0.0048,-0.0055,-0.3636,-0.0045,0.0819,0.3013
3439,3.439,-0.0356,-0.006,-0.1834,-0.0013,0.1044,0.2489
3440,3.44,-0.0157,-0.0008,0.0462,0.0076,0.1654,0.2009
3441,3.441,-0.0049,-0.0114,0.3143,0.0268,0.4061,0.6811
3442,3.442,0.0114,-0.0253,0.422,0.0341,0.3078,0.873
3443,3.443,0.0263,-0.0235,0.3887,0.0319,0.0388,0.3492
3444,3.444,0.0072,-0.0185,0.2394,0.0013,-0.07,-0.1448
3445,3.445,0.0048,-0.0078,-0.0046,0.0233,-0.1033,-0.2105
3446,3.446,0.0026,-0.0092,-0.103,0.0593,-0.1334,-0.2695
3447,3.447,0.0006,-0.018,-0.252,0.0351,-0.1066,-0.3231
3448,3.448,0.0025,-0.0009,-0.2792,-0.0047,-0.0822,-0.1796
3449,3.449,-0.0059,0.0114,-0.107,-0.0313,-0.3287,-0.3983
3450,3.45,-0.0136,0.0091,0.0495,-0.0556,-0.3617,-0.9149
3451,3.451,-0.0344,0.0111,-0.0118,-0.06,-0.0929,-0.5636
3452,3.452,-0.0553,0.0093,0.0063,-0.0401,0.0882,0.0132
3453,3.453,-0.0634,0.0075,0.0228,-0.022,0.1217,0.2469
3454,3.454,-0.041,-0.0031,0.0685,-0.0319,0.1518,0.1776
3455,3.455,-0.026,0.0038,-0.001,0.0011,0.125,0.242
3456,3.456,-0.0013,0.0176,0.062,0.0143,0.1007,0.3002
3457,3.457,0.0283,0.0045,0.0042,0.0182,0.2128,0.2476
3458,3.458,0.0082,0.0028,0.0142,0.0363,0.3962,0.8721
3459,3.459,-0.0027,0.0012,0.1563,0.0331,0.1744,0.6171
3460,3.46,0.0336,0.0081,0.2171,0.0302,-0.0348,0.229
3461,3.461,0.0287,0.0044,0.1987,0.0221,-0.1167,-0.1241
3462,3.462,0.0155,-0.0012,0.1483,0.0167,-0.0926,-0.1895
3463,3.463,-0.0045,-0.0023,0.0105,0.019,-0.1152,-0.2483
3464,3.464,-0.0299,0.0023,-0.1191,0.0211,-0.1356,-0.3017
3465,3.465,-0.0464,0.0082,-0.2706,0.019,-0.1173,-0.158
3466,3.466,-0.0552,0.0119,-0.3315,0.0097,-0.3696,-0.6386
3467,3.467,-0.0305,0.0167,-0.1277,-0.0158,-0.2616,-0.831
3468,3.468,0.0191,0.0072,-0.0462,-0.0486,-0.0313,-0.3076
3469,3.469,0.0263,0.0031,0.1266,-0.0443,0.0588,0.186
3470,3.47,0.0327,0.0019,0.1938,-0.0244,0.0865,0.2513
3471,3.471,0.0269,0.0051,0.0509,-0.0136,0.1113,0.3099
3472,3.472,0.0216,-0.0022,-0.1163,-0.0104,0.1339,0.2577
3473,3.473,0.0168,-0.0049,-0.1842,0.0044,0.0732,0.2099
3474,3.474,0.0123,0.001,-0.2051,-0.0038,0.314,0.4283
3475,3.475,0.0083,-0.0012,-0.1131,-0.0112,0.347,0.8651
3476,3.476,-0.0025,-0.0032,-0.063,-0.0001,0.1382,0.4585
3477,3.477,0.0007,-0.0001,0.0441,-0.0187,-0.0522,-0.0186
3478,3.478,0.0036,-0.0054,0.2252,-0.0015,-0.0773,-0.2119
3479,3.479,0.0063,0.001,0.201,0.0187,-0.1,-0.2712
3480,3.48,-0.001,-0.0015,0.0892,0.0213,-0.1205,-0.3248
3481,3.481,0.0011,-0.0068,-0.0124,0.0284,-0.1022,-0.2771
3482,3.482,-0.0052,-0.0019,-0.0313,0.0261,-0.2199,-0.2336
3483,3.483,0.0077,-0.0001,-0.0484,0.02,-0.4189,-0.829
3484,3.484,0.0228,0.0063,-0.0026,0.0069,-0.2292,-0.7443
3485,3.485,0.0247,0.0005,0.0113,0.0085,-0.0067,-0.2018
3486,3.486,0.0191,0.0012,0.0241,-0.0115,0.0833,0.1514
3487,3.487,0.0174,-0.0051,0.0128,-0.0306,0.1109,0.2165
3488,3.488,0.0128,-0.0025,0.0859,-0.0282,0.1358,0.2753
3489,3.489,0.0253,0.0028,0.0955,-0.0304,0.1137,0.3287
3490,3.49,0.0068,-0.0021,0.087,-0.0079,0.1342,0.1848
3491,3.491,-0.0056,-0.0015,0.0483,0.007,0.3751,0.6653
3492,3.492,-0.0033,0.0026,-0.0153,0.0097,0.277,0.8576
3493,3.493,-0.0133,-0.0031,-0.0923,0.0025,0.068,0.3342
3494,3.494,-0.03,-0.0052,-0.0398,0.0091,-0.0681,-0.1596
3495,3.495,-0.0455,-0.0016,0.0648,0.0151,-0.0929,-0.225
3496,3.496,-0.0354,-0.0011,0.079,0.0207,-0.1154,-0.284
3497,3.497,-0.0112,-0.0039,0.0415,0.0259,-0.1359,-0.3375
3498,3.498,0.0051,0.0039,0.0303,0.0245,-0.1175,-0.1939
3499,3.499,0.0078,-0.0038,-0.0217,0.0149,-0.3025,-0.4125
3500,3.5,-0.006,-0.0048,0.0068,0.0061,-0.3765,-0.9289
3501,3.501,-0.0285,-0.0055,-0.0705,-0.0063,-0.1297,-0.5777
3502,3.502,-0.0435,0.0023,-0.1432,-0.0046,0.1008,-0.0008
3503,3.503,-0.0354,0.0096,-0.1145,-0.003,0.0718,0.2328
3504,3.504,0.0018,0.0088,-0.0021,-0.0154,0.0993,0.3041
3505,3.505,0.0499,-0.0006,0.044,-0.0069,0.1241,0.2406
3506,3.506,0.0436,0.0006,0.0302,-0.0299,0.102,0.2991
3507,3.507,0.0145,0.0017,-0.0583,-0.0396,0.2038,0.2466
3508,3.508,0.0306,-0.0036,-0.0703,-0.0188,0.4076,0.8713
3509,3.509,0.026,-0.0027,-0.0809,-0.016,0.2179,0.6164
3510,3.51,0.0041,-0.0001,-0.0333,0.0063,-0.0045,0.2285
3511,3.511,-0.0075,0.0036,-0.0068,0.0152,-0.0945,-0.1246
3512,3.512,-0.0038,0.0001,0.0171,0.0179,-0.122,-0.1898
3513,3.513,-0.0004,-0.0029,-0.0179,0.0106,-0.0978,-0.2484
3514,3.514,-0.0089,0.0035,-0.0629,-0.0005,-0.1203,-0.3018
3515,3.515,-0.0278,0.0077,-0.0923,0.0016,-0.1407,-0.1581
3516,3.516,-0.0349,0.0024,-0.1725,-0.0114,-0.3815,-0.6386
3517,3.517,-0.0283,0.0045,-0.115,0.0141,-0.2832,-0.8309
3518,3.518,0.0024,0.0061,0.0416,0.0032,-0.0741,-0.3075
3519,3.519,0.0422,0.0044,0.3331,-0.0066,0.1163,0.1862
3520,3.52,0.0398,-0.0065,0.2954,0.0083,0.1004,0.2052
3521,3.521,0.0239,-0.0061,0.2561,0.022,0.1252,0.2699
3522,3.522,0.0096,-0.0064,0.0758,0.0097,0.1478,0.3286
3523,3.523,-0.0035,-0.0053,-0.0228,0.0119,0.0871,0.1707
3524,3.524,-0.0074,-0.0064,-0.1122,0.0099,0.3278,0.411
3525,3.525,-0.0255,-0.0048,-0.1394,0.0118,0.3608,0.8916
3526,3.526,-0.0222,0.0003,-0.1149,0.0068,0.1519,0.4441
3527,3.527,0.0108,0.008,-0.0478,0.0145,-0.0384,0.036
3528,3.528,0.0416,0.0049,0.054,0.027,-0.1128,-0.2296
3529,3.529,0.0615,0.004,0.1466,0.0254,-0.1355,-0.3748
3530,3.53,0.0434,-0.009,0.3652,0.0024,-0.1561,-0.3318
3531,3.531,0.0204,-0.0146,0.3348,-0.0205,-0.1008,-0.2926
3532,3.532,0.0175,-0.0163,0.1444,-0.0176,-0.2186,-0.2567
3533,3.533,-0.0126,-0.021,-0.0782,-0.0203,-0.3871,-0.7489
3534,3.534,-0.0326,-0.0279,-0.3471,-0.0427,-0.2303,-0.6791
3535,3.535,-0.0291,-0.0243,-0.3832,-0.034,-0.0059,-0.1025
3536,3.536,-0.0588,-0.0073,-0.2845,-0.0094,0.0841,0.1315
3537,3.537,-0.0706,0.005,-0.1353,0.0136,0.1116,0.2032
3538,3.538,-0.0671,-0.0017,0.0543,-0.0013,0.1364,0.268
3539,3.539,-0.0241,-0.0038,0.0296,0.0015,0.1143,0.3267
3540,3.54,-0.0415,0.0055,0.0073,0.0039,0.0941,0.1687
3541,3.541,-0.0575,0.0071,-0.0535,0.0017,0.372,0.6013
3542,3.542,-0.0043,0.0055,0.0392,0.0078,0.2532,0.8923
3543,3.543,0.0169,0.0179,-0.0111,0.0061,0.0003,0.3109
3544,3.544,0.0232,0.0331,-0.1796,-0.0193,-0.0988,-0.0775
3545,3.545,0.064,0.0228,-0.2021,-0.0301,-0.0695,-0.1491
3546,3.546,0.069,0.0097,-0.1412,-0.0465,-0.0969,-0.2138
3547,3.547,0.093,-0.0022,-0.0117,-0.0377,-0.1216,-0.2723
3548,3.548,0.0885,0.0024,0.1057,-0.024,-0.0546,-0.2199
3549,3.549,0.0523,0.001,0.0901,-0.0463,-0.2785,-0.3641
3550,3.55,-0.0011,0.0046,0.0757,-0.0315,-0.3679,-0.9322
3551,3.551,-0.0225,0.0014,0.0123,0.0096,-0.1237,-0.5453
3552,3.552,-0.029,-0.0081,0.0697,0.0269,0.0411,-0.0517
3553,3.553,-0.0465,-0.0019,0.08,0.0321,0.1311,0.2698
3554,3.554,-0.0731,0.0059,0.1461,0.0367,0.1044,0.2131
3555,3.555,-0.0587,0.0006,0.2752,0.0322,0.1292,0.2667
3556,3.556,-0.0367,-0.004,0.3301,0.036,0.107,0.2193
3557,3.557,-0.0167,-0.0082,0.1778,0.0394,0.2088,0.2634
3558,3.558,-0.0202,-0.0045,-0.1281,0.0229,0.4126,0.7797
3559,3.559,-0.0366,-0.0038,-0.3465,0.02,0.223,0.71
3560,3.56,-0.0395,-0.0008,-0.3067,0.0118,0.0006,0.1336
3561,3.561,-0.0369,-0.0037,-0.2703,0.0142,-0.0893,-0.2549
3562,3.562,-0.0593,0.0041,-0.0403,-0.0014,-0.1168,-0.1859
3563,3.563,-0.0565,0.0073,0.0489,-0.0371,-0.0926,-0.2506
3564,3.564,-0.0155,0.0125,0.0216,-0.0392,-0.1152,-0.3092
3565,3.565,0.0609,0.0117,-0.0034,-0.0187,-0.1355,-0.1513
3566,3.566,0.0918,0.0142,0.0185,0.0004,-0.3763,-0.5837
3567,3.567,0.0632,0.0105,0.0387,0.0077,-0.278,-0.8746
3568,3.568,0.0544,-0.0001,0.0942,0.0098,-0.069,-0.2931
3569,3.569,0.0465,0.0044,0.044,0.0037,0.0672,0.0954
3570,3.57,0.0252,-0.0052,0.0597,-0.0057,0.0923,0.167
3571,3.571,0.0187,-0.0089,0.0462,0.0095,0.1149,0.2316
3572,3.572,0.0128,0.006,0.0588,0.0115,0.1355,0.2901
3573,3.573,0.0286,0.004,0.0471,0.0058,0.0801,0.2376
3574,3.574,0.0141,-0.0015,0.0572,-0.0095,0.3325,0.3816
3575,3.575,0.0008,0.0002,0.0476,-0.0197,0.3687,0.8621
3576,3.576,-0.0032,-0.0043,0.039,-0.0067,0.1387,0.5423
3577,3.577,0.0003,-0.0029,0.0625,0.0085,-0.0706,0.0176
3578,3.578,0.0035,-0.0066,0.1693,0.0065,-0.0983,-0.1949
3579,3.579,0.0063,-0.0056,0.2765,0.001,-0.1232,-0.2602
3580,3.58,0.0036,-0.0108,0.2906,0.0128,-0.1459,-0.3193
3581,3.581,0.0012,-0.0043,0.1773,0.0205,-0.0852,-0.2672
3582,3.582,0.0034,-0.0068,-0.052,0.0273,-0.2148,-0.2196
3583,3.583,-0.0109,0.0017,-0.2819,0.0336,-0.3999,-0.8751
3584,3.584,-0.0315,0.005,-0.3719,0.0165,-0.2275,-0.782
3585,3.585,-0.0506,0.006,-0.2915,-0.0208,0.0196,-0.1854
3586,3.586,-0.0334,0.0053,-0.1198,-0.0474,0.1187,0.203
3587,3.587,-0.0268,0.0079,-0.0081,-0.0426,0.0894,0.2744
3588,3.588,-0.0084,0.0133,-0.1503,-0.0294,0.1168,0.3389
3589,3.589,0.024,0.0113,-0.1682,-0.0094,0.0925,0.2813
3590,3.59,0.0372,0.0019,-0.1843,-0.0275,0.1149,0.2287
3591,3.591,0.0254,-0.005,-0.1378,-0.0306,0.3795,0.6609
3592,3.592,0.029,-0.0037,0.0156,-0.0035,0.2715,0.8353
3593,3.593,0.0323,-0.0004,0.0361,0.0073,0.0413,0.3593
3594,3.594,0.0472,-0.0013,-0.0196,0.0105,-0.1085,-0.0901
3595,3.595,0.0336,-0.0039,0.0641,0.0134,-0.082,-0.2659
3596,3.596,0.0165,-0.0098,0.1402,0.0161,-0.1068,-0.2141
3597,3.597,0.0101,-0.0044,0.1818,0.0089,-0.1293,-0.263
3598,3.598,0.0002,-0.0079,0.1697,0.0068,-0.1092,-0.22
3599,3.599,-0.0163,-0.0061,0.0437,0.0129,-0.3129,-0.4189
3600,3.6,-0.0407,-0.0113,-0.1068,0.0259,-0.3402,-0.9604
3601,3.601,-0.0373,-0.0048,-0.1264,0.0277,-0.1183,-0.574
3602,3.602,-0.0521,-0.0056,0.0035,0.0202,0.0314,-0.0808
3603,3.603,-0.0492,-0.0018,0.1552,0.019,0.1132,0.2402
3604,3.604,-0.0419,-0.0053,0.2975,0.0155,0.1381,0.1831
3605,3.605,-0.044,-0.0047,0.427,0.01,0.1159,0.2363
3606,3.606,-0.0297,-0.003,0.1745,-0.0056,0.0958,0.2847
3607,3.607,-0.0203,0.0006,-0.2223,-0.0033,0.1883,0.241
3608,3.608,-0.0082,0.0075,-0.3805,-0.0012,0.4071,0.8365
3609,3.609,0.015,0.0085,-0.3325,-0.0104,0.1985,0.7517
3610,3.61,0.0382,0.004,-0.2017,-0.0087,0.0082,0.2089
3611,3.611,0.0175,0.0118,0.0762,-0.0071,-0.0664,-0.1444
3612,3.612,0.0096,0.0003,0.1846,-0.0252,-0.0892,-0.2097
3613,3.613,0.017,-0.0042,0.2179,-0.0276,-0.1504,-0.2685
3614,3.614,0.0508,0.0054,0.1291,-0.0387,-0.0952,-0.3219
3615,3.615,0.0557,0.0017,-0.0601,-0.0121,-0.1121,-0.1781
3616,3.616,0.0427,-0.0038,-0.0844,0.0207,-0.3418,-0.6587
3617,3.617,0.0311,-0.0028,-0.1065,0.0164,-0.3092,-0.8509
3618,3.618,0.0059,-0.0001,-0.086,0.0203,-0.0403,-0.3276
3619,3.619,0.0028,-0.001,-0.1043,0.0239,0.0684,0.1662
3620,3.62,-0.012,0.0027,-0.0201,0.0206,0.1017,0.2315
3621,3.621,0.0145,0.0026,0.0808,0.0235,0.1211,0.2579
3622,3.622,0.0283,-0.0024,0.0351,0.0098,0.151,0.3165
3623,3.623,0.0012,-0.0018,-0.0344,-0.0125,0.0699,0.2641
3624,3.624,-0.0241,-0.0013,-0.1232,-0.0455,0.2916,0.4085
3625,3.625,-0.0272,0.0044,-0.1585,-0.0235,0.3811,0.8892
3626,3.626,-0.0184,0.0066,-0.0027,-0.0274,0.1369,0.5696
3627,3.627,-0.0103,0.0073,0.064,-0.0165,-0.0936,0.0452
3628,3.628,-0.0127,0.0067,0.003,-0.0197,-0.0645,-0.1672
3629,3.629,-0.0105,0.0026,-0.0151,-0.0285,-0.146,-0.2321
3630,3.63,-0.0003,0.002,-0.0313,0.0127,-0.1709,-0.2906
3631,3.631,0.0053,-0.005,0.1681,0.0071,-0.1487,-0.2384
3632,3.632,-0.0066,-0.0123,0.3034,0.0019,-0.2097,-0.2867
3633,3.633,-0.0052,-0.0115,0.1799,0.0164,-0.3765,-0.8545
3634,3.634,-0.015,-0.0107,0.1568,0.0209,-0.2197,-0.7776
3635,3.635,-0.029,-0.0085,0.0546,-0.007,0.0048,-0.2844
3636,3.636,-0.0347,-0.0007,-0.1124,-0.0106,0.0948,0.1651
3637,3.637,-0.0162,0.0045,-0.2694,0.0191,0.1223,0.2247
3638,3.638,0.0061,0.0109,-0.2895,0.0071,0.1471,0.2786
3639,3.639,0.0331,0.0134,-0.234,0.0035,0.1249,0.3275
3640,3.64,0.015,0.0049,-0.0829,0.0133,0.1454,0.1972
3641,3.641,0.0248,0.0039,0.1002,0.0104,0.3861,0.6341
3642,3.642,0.0335,0.0008,0.3217,0.0076,0.2879,0.809
3643,3.643,0.0087,-0.0114,0.2912,0.0147,0.0789,0.3332
3644,3.644,-0.0078,-0.0097,0.2094,-0.0009,-0.1115,-0.1158
3645,3.645,-0.0409,-0.0204,0.0366,-0.0152,-0.0876,-0.1751
3646,3.646,-0.0541,-0.0218,-0.12,-0.017,-0.1102,-0.2286
3647,3.647,-0.074,-0.0181,-0.2211,0.0084,-0.0901,-0.277
3648,3.648,-0.0775,-0.001,-0.3131,0.0193,-0.0718,-0.2336
3649,3.649,-0.0545,0.0013,-0.2281,-0.0036,-0.2906,-0.3525
3650,3.65,-0.0395,0.0034,-0.0285,-0.0243,-0.3801,-0.8936
3651,3.651,0.0017,-0.0028,0.1073,-0.0269,-0.1359,-0.5067
3652,3.652,0.0426,-0.001,0.1812,-0.0292,0.0289,-0.013
3653,3.653,0.0476,0.0108,0.2036,-0.0045,0.1188,0.1806
3654,3.654,0.0134,0.0093,0.224,0.0054,0.0921,0.2399
3655,3.655,0.0088,0.0189,0.0575,-0.0035,0.1169,0.2934
3656,3.656,0.0047,0.0126,-0.0991,0.0046,0.0947,0.2462
3657,3.657,0.001,0.0115,-0.1603,0.0022,0.1964,0.2031
3658,3.658,0.0173,0.0105,-0.1792,0.0133,0.4002,0.7988
3659,3.659,0.0261,0.0059,-0.1965,0.0153,0.2105,0.7143
3660,3.66,0.0233,0.0034,-0.1817,0.0097,-0.0119,0.172
3661,3.661,0.016,0.004,-0.1125,0.008,-0.1019,-0.1809
3662,3.662,0.0183,-0.0009,-0.0749,-0.012,-0.1294,-0.2459
3663,3.663,0.0325,-0.0014,0.0057,-0.0094,-0.1052,-0.3043
3664,3.664,0.0345,-0.0009,0.0579,0.0005,-0.1279,-0.252
3665,3.665,0.0296,0.0027,0.1052,0.0077,-0.1077,-0.2042
3666,3.666,0.0191,-0.0034,0.0793,0.0188,-0.3856,-0.5973
3667,3.667,0.0179,-0.0077,0.087,0.0208,-0.2668,-0.8615
3668,3.668,0.0118,0.0023,0.094,0.0263,-0.0861,-0.3326
3669,3.669,-0.0007,-0.0047,0.0228,0.0178,0.0786,0.1614
3670,3.67,-0.0261,-0.0035,-0.0057,0.0193,0.1089,0.227
3671,3.671,-0.0296,-0.0091,0.1065,0.0067,0.1362,0.286
3672,3.672,-0.0394,-0.0061,0.3362,-0.0053,0.1119,0.234
3673,3.673,-0.0123,-0.0069,0.4347,-0.013,0.0898,0.1865
3674,3.674,0.0058,-0.0027,0.2856,-0.0255,0.3135,0.4052
3675,3.675,0.0288,0.0026,0.0415,-0.0171,0.3434,0.9217
3676,3.676,0.0377,0.0132,-0.1884,-0.0156,0.0992,0.5704
3677,3.677,0.0076,0.0147,-0.3374,-0.0282,-0.0656,-0.0063
3678,3.678,-0.0362,0.0188,-0.4186,-0.0333,-0.0961,-0.2399
3679,3.679,-0.0304,0.0126,-0.2954,-0.041,-0.1236,-0.1706
3680,3.68,0.0391,0.0093,-0.0041,-0.0202,-0.1484,-0.2351
3681,3.681,0.0677,-0.0022,0.0354,-0.0173,-0.0815,-0.2935
3682,3.682,0.0764,-0.0037,0.1436,-0.0199,-0.1832,-0.2408
3683,3.683,0.0375,-0.0078,0.0453,0.0124,-0.4241,-0.8653
3684,3.684,0.0164,-0.0115,0.0155,0.0343,-0.1943,-0.7803
3685,3.685,-0.0028,-0.0105,-0.0117,0.0462,0.015,-0.2376
3686,3.686,-0.0201,-0.0074,-0.0857,0.0426,0.0969,0.1157
3687,3.687,-0.0359,-0.0047,-0.1084,0.0261,0.1219,0.1813
3688,3.688,-0.0214,-0.0072,0.1557,0.0233,0.0999,0.2401
3689,3.689,-0.0169,-0.0109,0.0472,0.0314,0.1204,0.2937
3690,3.69,0.0112,-0.0044,0.1455,0.0437,0.1021,0.2463
3691,3.691,0.0222,-0.0086,0.5331,0.0592,0.3545,0.6397
3692,3.692,0.0191,-0.0123,0.269,0.0286,0.3187,0.9044
3693,3.693,-0.0138,-0.0143,0.125,-0.0199,0.0884,0.3758
3694,3.694,-0.0711,-0.0048,-0.2683,-0.0264,-0.0613,-0.1177
3695,3.695,-0.0943,0.0104,-0.4269,-0.0674,-0.0889,-0.1829
3696,3.696,-0.073,0.0166,-0.3792,-0.0834,-0.1137,-0.2415
3697,3.697,-0.0537,0.0222,-0.5104,-0.0592,-0.1363,-0.2947
3698,3.698,-0.0946,0.0205,-0.3918,-0.0461,-0.0755,-0.2469
3699,3.699,-0.0786,0.019,-0.1399,-0.0423,-0.2792,-0.3778
3700,3.7,-0.0058,0.015,0.0238,-0.0315,-0.3606,-0.8938
3701,3.701,0.1507,0.0088,0.113,-0.0086,-0.1386,-0.5422
3702,3.702,0.218,0.0056,0.14,0.0002,0.0708,0.0349
3703,3.703,0.1165,-0.0101,0.1647,0.0193,0.0985,0.2688
3704,3.704,0.0612,-0.0078,0.0977,0.0265,0.1234,0.1999
3705,3.705,0.0109,-0.0057,0.1589,0.0154,0.1013,0.2648
3706,3.706,-0.0041,-0.0038,0.1034,0.0214,0.0811,0.3236
3707,3.707,0.0099,-0.0054,0.0865,0.027,0.2108,0.2712
3708,3.708,-0.0026,-0.0039,0.0708,0.0084,0.3961,0.8
3709,3.709,-0.037,-0.0079,0.084,0.0011,0.2238,0.7305
3710,3.71,-0.0473,-0.009,0.1212,-0.0011,-0.0232,0.1545
3711,3.711,-0.0757,-0.008,0.0634,0.0254,-0.0567,-0.2337
3712,3.712,-0.0844,-0.0069,-0.0096,0.0289,-0.0869,-0.1645
3713,3.713,-0.0765,-0.0023,-0.0569,0.0322,-0.1143,-0.229
3714,3.714,-0.0694,0.0036,-0.0823,0.0351,-0.139,-0.2874
3715,3.715,-0.0887,0.0043,-0.0738,0.0104,-0.1168,-0.2347
3716,3.716,-0.024,0.0008,-0.0519,-0.006,-0.3814,-0.5709
3717,3.717,0.0362,0.0013,-0.0322,0.009,-0.2735,-0.8767
3718,3.718,0.0282,0.0008,-0.0263,0.0228,-0.1089,-0.36
3719,3.719,0.0209,0.0004,-0.0101,0.0253,0.1004,0.1339
3720,3.72,0.0271,0.0046,-0.0148,0.0142,0.0738,0.1997
3721,3.721,0.0326,-0.0006,0.0073,-0.0123,0.0987,0.2587
3722,3.722,0.0168,0.0005,0.0434,-0.0376,0.1231,0.2918
3723,3.723,-0.0099,-0.003,0.0398,-0.0474,0.1009,0.2394
3724,3.724,0.0043,0.0039,0.0507,-0.0326,0.2841,0.3839
3725,3.725,-0.0002,0.0031,0.0475,0.0084,0.3581,0.8648
3726,3.726,-0.0122,0.0006,0.0141,0.0027,0.1561,0.5454
3727,3.727,-0.0232,0.0013,0.0003,-0.0025,-0.0343,0.0212
3728,3.728,-0.0004,0.002,-0.004,-0.0072,-0.1087,-0.191
3729,3.729,0.0023,0.0063,0.0066,-0.0291,-0.1314,-0.256
3730,3.73,0.0048,-0.0025,0.01,-0.0172,-0.152,-0.3145
3731,3.731,-0.0125,0.0012,0.0075,0.0083,-0.0968,-0.3676
3732,3.732,-0.006,0.0002,0.0105,0.0182,-0.2146,-0.3197
3733,3.733,0.0244,0.0012,0.0083,0.0035,-0.4137,-0.8001
3734,3.734,0.0197,0.0003,0.0148,-0.0045,-0.2241,-0.7365
3735,3.735,0.0155,-0.0074,0.0127,-0.0019,-0.0017,-0.2125
3736,3.736,0.0188,-0.0044,0.007,0.0094,0.0883,0.2812
3737,3.737,0.0219,0.0002,0.0053,-0.0006,0.1158,0.2187
3738,3.738,0.0189,-0.0024,-0.0176,-0.0061,0.1405,0.2774
3739,3.739,0.0107,-0.0046,-0.0007,-0.0044,0.1183,0.3309
3740,3.74,0.0131,-0.0011,0.0446,-0.0059,0.1387,0.1872
3741,3.741,0.0151,0.0047,0.0513,0.0011,0.3794,0.5806
3742,3.742,0.021,0.0053,0.0928,0.0049,0.2811,0.8451
3743,3.743,0.0188,-0.0025,0.0771,0.0174,0.072,0.4125
3744,3.744,0.0067,-0.0015,0.0045,0.0157,-0.1183,-0.1122
3745,3.745,0.0141,-0.0006,-0.1311,0.0142,-0.0944,-0.1839
3746,3.746,0.007,0.0019,-0.1125,0.0182,-0.1171,-0.2489
3747,3.747,-0.0018,0.0041,0.0393,0.0218,-0.1376,-0.3076
3748,3.748,0.0037,0.002,0.0597,0.0093,-0.0824,-0.2553
3749,3.749,0.0066,-0.001,0.0412,-0.0026,-0.3011,-0.3996
3750,3.75,-0.0019,-0.0027,0.0247,-0.0102,-0.3906,-0.8804
3751,3.751,-0.0191,-0.0053,-0.0818,-0.0005,-0.1465,-0.561
3752,3.752,-0.0413,-0.0065,-0.1507,-0.0017,0.0839,-0.0367
3753,3.753,-0.0441,-0.0054,-0.1627,-0.0119,0.1143,0.1756
3754,3.754,-0.036,0.0003,-0.1049,-0.0049,0.1417,0.2406
3755,3.755,-0.0385,-0.004,-0.0109,0.0143,0.1174,0.2989
3756,3.756,-0.0138,0.0044,0.1787,0.0062,0.0503,0.2465
3757,3.757,0.029,0.0012,0.2058,-0.0061,0.152,0.1985
3758,3.758,0.0232,-0.0062,0.1813,0.0052,0.3929,0.7664
3759,3.759,0.018,-0.0035,0.0247,0.0153,0.2288,0.6892
3760,3.76,-0.0062,-0.0061,-0.0361,-0.0088,0.0196,0.196
3761,3.761,-0.0195,-0.0024,-0.1283,-0.0252,-0.0623,-0.1256
3762,3.762,-0.0157,0.0053,-0.2457,-0.0164,-0.0872,-0.1853
3763,3.763,-0.0266,0.0083,-0.3525,-0.0137,-0.1098,-0.239
3764,3.764,-0.0037,0.0018,-0.1994,-0.036,-0.0898,-0.2879
3765,3.765,0.0413,-0.0111,-0.0162,-0.0352,-0.1083,-0.1577
3766,3.766,0.0865,-0.0019,0.0577,-0.0324,-0.3608,-0.5947
3767,3.767,0.0456,-0.0002,0.0355,-0.0351,-0.3249,-0.8859
3768,3.768,0.051,-0.0018,0.0559,-0.0228,-0.029,-0.4104
3769,3.769,0.0559,-0.0005,0.0745,0.0019,0.0906,0.1665
3770,3.77,0.0163,-0.0042,0.0578,0.0182,0.1272,0.2451
3771,3.771,-0.0207,-0.0075,0.1037,0.0269,0.0948,0.3159
3772,3.772,-0.0254,0.0019,0.1176,0.0458,0.1248,0.2522
3773,3.773,-0.0297,0.003,0.0799,0.048,0.0979,0.1943
3774,3.774,-0.0017,0.0062,0.1375,0.0276,0.3198,0.3526
3775,3.775,0.0092,0.0009,0.1062,-0.0136,0.3498,0.881
3776,3.776,-0.0005,0.0017,-0.0172,-0.031,0.16,0.5293
3777,3.777,-0.0212,0.0095,-0.135,-0.0151,-0.0624,0.08
3778,3.778,-0.0401,0.0042,-0.1502,-0.0104,-0.0927,-0.2123
3779,3.779,-0.0472,0.0033,-0.1086,-0.006,-0.1201,-0.2665
3780,3.78,-0.0134,0.0058,0.0051,-0.0261,-0.0958,-0.3154
3781,3.781,0.0594,-0.0012,0.1123,-0.0225,-0.1182,-0.2726
3782,3.782,0.0492,-0.0077,0.1817,-0.0193,-0.1791,-0.2336
3783,3.783,0.021,-0.0018,0.1691,-0.0165,-0.4198,-0.7751
3784,3.784,-0.0221,-0.0025,0.0883,0.0081,-0.2557,-0.6983
3785,3.785,-0.061,-0.0005,-0.0059,0.0048,0.0135,-0.2056
3786,3.786,-0.0822,0.0012,-0.0693,0.0196,0.1224,0.2435
3787,3.787,-0.0885,0.01,-0.127,0.0277,0.0902,0.1868
3788,3.788,-0.0591,0.0163,-0.0959,0.03,0.1204,0.2401
3789,3.789,0.0211,0.013,-0.0104,0.0143,0.0938,0.2886
3790,3.79,0.1017,-0.0007,-0.0449,0.0082,0.1186,0.158
3791,3.791,0.0916,-0.0063,0.0071,0.0175,0.3653,0.5945
3792,3.792,0.0443,-0.008,-0.0593,0.0022,0.2671,0.8852
3793,3.793,-0.0161,-0.0004,-0.189,0.0043,0.0582,0.4093
3794,3.794,-0.0239,0.0149,-0.2451,0.0247,-0.078,-0.0399
3795,3.795,-0.031,0.0088,-0.229,0.0219,-0.103,-0.2157
3796,3.796,-0.0118,-0.008,-0.0001,0.0146,-0.1255,-0.2692
3797,3.797,-0.0176,-0.0014,0.2293,0.0257,-0.146,-0.3178
3798,3.798,0.0089,0.0007,0.1997,0.0031,-0.0906,-0.1875
3799,3.799,0.0525,-0.0049,0.0644,0.006,-0.2757,-0.3862
3800,3.8,0.0468,0.0002,0.0399,0.0141,-0.3989,-0.9276
3801,3.801,0.0202,-0.0044,0.0621,-0.0083,-0.1522,-0.541
3802,3.802,-0.0041,-0.0057,0.1633,-0.0353,0.0783,-0.0475
3803,3.803,-0.0175,-0.0045,0.1815,-0.0682,0.1088,0.2737
3804,3.804,-0.0375,-0.0055,0.1309,-0.0196,0.1363,0.2166
3805,3.805,-0.0195,-0.0024,0.1156,-0.0004,0.1121,0.27
3806,3.806,-0.0227,-0.0015,0.0184,-0.0061,0.09,0.2225
3807,3.807,-0.0375,-0.0007,-0.0698,-0.0009,0.1918,0.2665
3808,3.808,-0.0454,0.0093,-0.0813,0.0038,0.3956,0.7826
3809,3.809,-0.013,-0.0003,-0.1751,-0.0005,0.2061,0.7127
3810,3.81,0.0267,-0.0015,-0.1877,0.0034,-0.0163,0.2642
3811,3.811,0.0426,0.0063,-0.1761,0.0069,-0.1062,-0.1441
3812,3.812,0.0378,0.0053,-0.0822,0.0036,-0.0795,-0.1983
3813,3.813,0.0246,0.01,0.0315,0.0007,-0.1042,-0.247
3814,3.814,0.0045,0.0005,-0.0146,-0.0075,-0.1267,-0.2912
3815,3.815,-0.0063,-0.0032,-0.0286,-0.0098,-0.1065,-0.1725
3816,3.816,-0.0161,-0.0063,0.0091,-0.0121,-0.3842,-0.5695
3817,3.817,-0.019,-0.0033,-0.0025,0.0104,-0.2655,-0.9395
3818,3.818,-0.0163,0.0032,0.0496,0.0253,-0.0847,-0.4108
3819,3.819,0.001,0.0075,0.0401,0.0335,0.0801,0.0829
3820,3.82,0.0122,0.0053,0.0488,0.0359,0.1104,0.2764
3821,3.821,0.0183,-0.0011,0.0255,0.0294,0.1379,0.2192
3822,3.822,0.0164,-0.007,0.0186,-0.0011,0.1136,0.2726
3823,3.823,-0.0024,-0.0032,0.0962,-0.0317,0.0887,0.2289
3824,3.824,-0.0244,-0.001,0.0642,-0.0277,0.2903,0.3732
3825,3.825,-0.0273,0.0068,-0.0002,-0.0384,0.3717,0.9414
3826,3.826,-0.0464,0.0038,-0.0604,-0.0154,0.1497,0.5548
3827,3.827,-0.0141,-0.0007,-0.0371,-0.0065,-0.0595,0.0614
3828,3.828,0.0079,0.0001,-0.0729,-0.0037,-0.0873,-0.2597
3829,3.829,0.0039,-0.0005,-0.0667,-0.0109,-0.1121,-0.2028
3830,3.83,-0.0072,-0.0041,0.0096,-0.0043,-0.1347,-0.2562
3831,3.831,-0.004,-0.0024,0.0615,0.01,-0.1146,-0.3048
3832,3.832,0.0231,-0.0076,0.0898,0.0231,-0.1701,-0.2614
3833,3.833,0.0123,-0.0182,0.1326,0.0214,-0.389,-0.7776
3834,3.834,0.0091,-0.0106,0.0931,0.023,-0.24,-0.7078
3835,3.835,0.0003,-0.0066,-0.014,0.0078,0.0046,-0.2593
3836,3.836,-0.0244,-0.0054,-0.1213,0.0017,0.0381,0.149
3837,3.837,-0.0213,-0.0064,-0.1632,0.0074,0.0684,0.2031
3838,3.838,-0.0301,0.0009,-0.0496,-0.0043,0.0958,0.252
3839,3.839,-0.011,0.0074,-0.0342,-0.0182,0.1205,0.2962
3840,3.84,0.0263,0.0116,0.0356,-0.0424,0.143,0.1777
3841,3.841,0.053,0.0078,0.1496,-0.0126,0.3669,0.5747
3842,3.842,0.0387,0.0029,0.2877,-0.0007,0.3373,0.8393
3843,3.843,0.0431,0.0011,0.1585,0.0247,0.093,0.3106
3844,3.844,0.0549,-0.0029,0.1083,0.0279,-0.0718,-0.183
3845,3.845,0.0295,0.0048,-0.0909,0.013,-0.1022,-0.2484
3846,3.846,0.0261,0.0038,-0.2808,-0.0062,-0.0754,-0.1913
3847,3.847,0.0173,-0.0035,-0.2562,-0.0385,-0.1002,-0.2447
3848,3.848,-0.0075,-0.0027,-0.099,-0.0166,-0.0781,-0.1971
3849,3.849,0.0023,-0.0019,0.0437,-0.0048,-0.2613,-0.3281
3850,3.85,0.0231,0.0018,0.0995,-0.0083,-0.3846,-0.9238
3851,3.851,0.0312,-0.006,-0.018,-0.0052,-0.1379,-0.4984
3852,3.852,0.0239,-0.0091,-0.0333,-0.008,0.0269,0.0445
3853,3.853,-0.0055,-0.0027,-0.0472,0.0001,0.1169,0.257
3854,3.854,-0.0656,-0.0002,-0.0095,0.0024,0.0902,0.1941
3855,3.855,-0.0915,0.0051,0.025,0.0227,0.1151,0.2526
3856,3.856,-0.0838,0.0099,0.0353,-0.0074,0.093,0.3059
3857,3.857,-0.0197,0.0042,-0.031,-0.0113,0.1947,0.2581
3858,3.858,0.0063,0.0063,-0.0744,-0.0004,0.3985,0.826
3859,3.859,0.0296,0.0043,-0.1139,0.0094,0.2089,0.7492
3860,3.86,0.0225,0,-0.1356,0.0243,-0.0136,0.2563
3861,3.861,0.0032,-0.0052,-0.0646,0.0324,-0.1035,-0.1928
3862,3.862,0.009,-0.0046,0.0397,0.0301,-0.1311,-0.252
3863,3.863,0.0142,-0.0051,0.1369,0.0053,-0.1068,-0.3055
3864,3.864,-0.0003,-0.0057,0.1746,0.0021,-0.1294,-0.258
3865,3.865,0.0039,-0.0052,0.1631,0.0049,-0.1092,-0.2147
3866,3.866,-0.0082,0.0008,0.0903,-0.003,-0.35,-0.572
3867,3.867,-0.0193,-0.0018,0.1001,-0.0111,-0.3174,-0.9087
3868,3.868,-0.0493,-0.0025,-0.0289,-0.0038,-0.0485,-0.428
3869,3.869,-0.0613,0.0023,-0.0098,-0.0104,0.0602,0.149
3870,3.87,-0.0434,0.0106,-0.0932,-0.0205,0.0936,0.2279
3871,3.871,-0.0006,0.0095,-0.1999,-0.0373,0.1237,0.2992
3872,3.872,-0.0299,-0.0042,-0.1582,-0.0351,0.1509,0.2359
3873,3.873,-0.0352,-0.0061,-0.0702,-0.0209,0.0772,0.1783
3874,3.874,-0.0014,-0.0011,-0.036,-0.0117,0.2788,0.3368
3875,3.875,-0.0059,0.0004,0.0575,-0.0203,0.3602,0.8656
3876,3.876,0.014,0.0018,0.0948,-0.0128,0.1381,0.5143
3877,3.877,0.0685,0.0055,0.06,-0.0004,-0.0712,0.0655
3878,3.878,0.1076,0.0023,0.0908,0.0181,-0.099,-0.2264
3879,3.879,0.0152,-0.0072,0.1568,0.0156,-0.1239,-0.1747
3880,3.88,-0.0224,-0.0009,0.1826,0.0178,-0.1466,-0.2233
3881,3.881,-0.0107,-0.0019,0.206,0.0198,-0.0859,-0.2673
3882,3.882,-0.021,0.0033,0.185,0.0254,-0.1786,-0.2279
3883,3.883,-0.0304,0.0059,0.0882,0.0237,-0.3974,-0.769
3884,3.884,-0.0045,-0,-0.12,0.0068,-0.2485,-0.692
3885,3.885,0.0189,-0.01,-0.0899,-0.0088,-0.0039,-0.1989
3886,3.886,0.026,-0.0141,-0.1707,-0.0068,0.0952,0.1227
3887,3.887,0.0067,0.0023,-0.2443,0.021,0.1254,0.1823
3888,3.888,-0.0226,0.0089,-0.2219,0.0091,0.0986,0.2359
3889,3.889,-0.0279,0.011,-0.242,-0.009,0.1234,0.2846
3890,3.89,0.0157,0.0166,-0.1494,0.0007,0.1013,0.1541
3891,3.891,0.033,0.0116,-0.1996,0.0094,0.366,0.5909
3892,3.892,0.0065,0.004,-0.0311,0.0013,0.3301,0.8818
3893,3.893,0.0111,0.0027,0.2158,0.0136,0.1,0.4061
3894,3.894,0.0419,-0.0035,0.2487,0.0201,-0.0497,-0.043
3895,3.895,0.0301,-0.0045,0.1593,0.0181,-0.0772,-0.2188
3896,3.896,0.0048,-0.0034,0.0234,0.0087,-0.1021,-0.2724
3897,3.897,-0.0051,-0.0079,-0.0509,-0.0167,-0.1246,-0.3209
3898,3.898,0.0037,-0.0037,-0.1187,-0.0133,-0.1045,-0.1902
3899,3.899,0.0065,0.0016,-0.0173,-0.0036,-0.2711,-0.3093
3900,3.9,-0.0008,-0.0047,0.1494,-0.0307,-0.3833,-0.8506
3901,3.901,-0.0073,-0.0039,0.1274,-0.0342,-0.1593,-0.6188
3902,3.902,-0.0134,-0.006,0.1074,-0.031,0.0501,0.0156
3903,3.903,-0.0152,-0.004,0.0151,-0.0102,0.0778,0.2726
3904,3.904,-0.0135,-0.0044,-0.0689,-0.0128,0.1028,0.1965
3905,3.905,-0.0366,-0.0003,-0.0536,0.0045,0.1254,0.2673
3906,3.906,-0.0398,0.0044,0.0437,-0.0021,0.1053,0.3315
3907,3.907,-0.0068,0.0028,0.1321,0.0041,0.198,0.1576
3908,3.908,0.0065,0.0023,0.0748,0.006,0.4169,0.7387
3909,3.909,-0.0052,-0.0012,-0.0189,-0.0092,0.2084,0.6618
3910,3.91,0.0057,0.0039,-0.0567,0.0093,0.0182,0.1689
3911,3.911,0.0356,0.0146,0.0006,0.0117,-0.1056,-0.1526
3912,3.912,0.0635,0.0162,0.0526,0.0051,-0.0837,-0.212
3913,3.913,0.1037,0.0037,0.0052,0.0192,-0.1042,-0.2658
3914,3.914,0.0986,0.0089,-0.0552,-0.0013,-0.1228,-0.3147
3915,3.915,0.0745,0.0013,-0.1724,-0.0205,-0.106,-0.1843
3916,3.916,0.0349,0.0054,-0.2559,-0.0081,-0.3355,-0.5418
3917,3.917,0.0084,0.0117,-0.2705,-0.0059,-0.3028,-0.8785
3918,3.918,-0.0059,0.004,-0.2287,-0.0079,-0.0937,-0.3981
3919,3.919,-0.0103,-0.0012,-0.0391,-0.006,0.0968,0.0509
3920,3.92,-0.0221,-0.0076,0.1504,0.0058,0.122,0.2266
3921,3.921,-0.0767,-0.0135,0.3227,0.0165,0.1448,0.2802
3922,3.922,-0.0689,-0.0157,0.3447,0.0151,0.1248,0.3286
3923,3.923,-0.0333,-0.0163,0.2836,0.0316,0.0696,0.198
3924,3.924,-0.0413,-0.0136,0.192,0.0428,0.2838,0.3582
3925,3.925,-0.0348,-0.0166,0.0621,0.0408,0.3682,0.8743
3926,3.926,-0.064,-0.0101,0.0451,0.0278,0.1692,0.5229
3927,3.927,-0.0904,-0.0006,0.0299,0.0159,-0.0754,0.0738
3928,3.928,-0.095,0.0031,-0.0954,-0.007,-0.1087,-0.2182
3929,3.929,-0.0817,0.0087,-0.146,-0.0368,-0.1387,-0.2722
3930,3.93,-0.0296,0.016,-0.2225,-0.0329,-0.1118,-0.321
3931,3.931,0.0202,0.0169,-0.2087,-0.0293,-0.0873,-0.278
3932,3.932,0.0267,0.0177,-0.171,-0.0195,-0.1992,-0.2389
3933,3.933,0.0326,0.0063,-0.1363,0.0014,-0.423,-0.7804
3934,3.934,0.0168,-0.0022,-0.2302,0.0042,-0.2144,-0.8582
3935,3.935,0.0216,-0.0067,-0.1168,0.0019,-0.024,-0.2245
3936,3.936,0.0436,-0.0081,0.0207,0.0041,0.0506,0.2027
3937,3.937,0.0555,-0.0018,0.0389,-0.0142,0.0735,0.2811
3938,3.938,0.0736,-0.0028,0.0891,-0.0069,0.0942,0.3519
3939,3.939,0.0638,-0.0038,0.0432,0.0044,0.113,0.2885
3940,3.94,0.0366,-0.0102,0.057,0.0146,0.1299,0.2308
3941,3.941,0.0331,-0.0214,0.0193,0.0166,0.3596,0.6004
3942,3.942,-0.0033,-0.0168,0.0538,0.0015,0.3271,0.8409
3943,3.943,-0.0471,-0.0128,0.1478,-0.0045,0.0583,0.4475
3944,3.944,-0.0179,-0.004,0.1355,0.0012,-0.0504,-0.0298
3945,3.945,0.0192,-0.003,0.2161,0.0198,-0.0838,-0.2232
3946,3.946,-0.0245,-0.004,0.2471,0.0271,-0.1139,-0.2824
3947,3.947,-0.0654,-0.0013,0.1046,0.0068,-0.1412,-0.2304
3948,3.948,-0.0496,0.0064,-0.0789,-0.007,-0.0676,-0.183
3949,3.949,-0.0158,0.0095,-0.2023,-0.0343,-0.2693,-0.3142
3950,3.95,-0.0026,0.0103,-0.1799,-0.0235,-0.4049,-0.9099
3951,3.951,0.0174,0.0095,-0.1187,-0.0267,-0.1338,-0.655
3952,3.952,-0.0007,0.0088,-0.026,-0.0356,0.0472,-0.1122
3953,3.953,0.0025,0.0067,-0.0091,-0.0165,0.0807,0.2411
3954,3.954,0.0113,0.0037,0.0674,-0.0188,0.1108,0.306
3955,3.955,0.0031,0.0008,-0.002,-0.0254,0.1381,0.2485
3956,3.956,-0.0042,0.0075,-0.0903,-0.0152,0.1137,0.3016
3957,3.957,-0.0291,0.0029,-0.0786,-0.0171,0.1809,0.1577
3958,3.958,0.0138,0.0037,0.0782,0.0084,0.4048,0.7255
3959,3.959,0.0311,0.0015,0.1455,0.0412,0.2558,0.8031
3960,3.96,0.0151,-0.0092,0.1251,0.0457,0.0111,0.1692
3961,3.961,0.0006,-0.0077,0.1065,0.0496,-0.0881,-0.0878
3962,3.962,-0.0038,-0.0036,0.056,0.0461,-0.1184,-0.1665
3963,3.963,-0.0157,0.0001,-0.0817,0.0231,-0.1458,-0.2375
3964,3.964,-0.0193,-0.0009,-0.3224,-0.016,-0.1216,-0.3022
3965,3.965,-0.003,0.0021,-0.2897,-0.0212,-0.0995,-0.2447
3966,3.966,0.0239,-0.0007,-0.0812,-0.0356,-0.3642,-0.5089
3967,3.967,0.0272,0.0018,-0.0002,-0.0132,-0.3284,-0.9417
3968,3.968,0.004,0.0133,0.0733,-0,-0.0984,-0.4185
3969,3.969,0.0429,0.0116,0.0954,-0.0039,0.1108,0.0751
3970,3.97,0.048,0.0069,0.1157,-0.0075,0.0842,0.2683
3971,3.971,0.0142,-0,0.0976,-0.0108,0.1582,0.211
3972,3.972,-0.0078,-0.0038,0.1485,-0.002,0.136,0.2644
3973,3.973,-0.0118,-0.0029,0.2251,0.0116,0.0751,0.2168
3974,3.974,-0.0083,-0.0124,0.1556,0.0288,0.2786,0.3477
3975,3.975,-0.0051,-0.0011,-0.0086,0.0084,0.3599,0.8639
3976,3.976,-0.0139,0.0004,-0.031,0.0164,0.1378,0.5126
3977,3.977,-0.0002,0.0017,0.0705,0.0336,-0.0717,0.0635
3978,3.978,0.017,0.0005,-0.0224,0.0223,-0.0995,-0.2286
3979,3.979,-0.0166,-0.0051,-0.0395,0.008,-0.1246,-0.1771
3980,3.98,-0.0601,-0.0041,-0.1165,0.0022,-0.1474,-0.226
3981,3.981,-0.0657,-0.0014,-0.2142,-0.0233,-0.0868,-0.2703
3982,3.982,-0.0389,-0.0056,-0.1512,-0.0488,-0.1795,-0.2311
3983,3.983,-0.0049,-0.0004,-0.0706,-0.0324,-0.3985,-0.7725
3984,3.984,0.0439,0.0045,-0.0394,-0.0296,-0.2497,-0.8503
3985,3.985,0.0248,0.0027,0.0081,-0.0269,-0.0053,-0.2166
3986,3.986,0.0075,0.0022,-0.0694,-0.0197,0.0938,0.2108
3987,3.987,0.0235,-0.0026,-0.0381,-0.0174,0.1238,0.135
3988,3.988,0.0284,-0.0022,-0.0093,-0.0481,0.1511,0.2061
3989,3.989,0.0066,0.0042,-0.0002,-0.0525,0.0774,0.2707
3990,3.99,0.0266,0.0068,0.0546,-0.0165,0.0997,0.213
3991,3.991,0.0667,-0.0002,0.0617,0.0078,0.3642,0.5827
3992,3.992,0.0508,0.0007,0.0552,0.021,0.3283,0.9194
3993,3.993,0.0071,-0.0071,0.1434,0.0329,0.098,0.4387
3994,3.994,-0.0221,-0.0081,0.1559,0.0437,-0.0519,-0.0105
3995,3.995,-0.0379,-0.0073,0.0982,0.0405,-0.0796,-0.1863
3996,3.996,-0.0522,-0.0064,0.0669,0.0376,-0.1046,-0.24
3997,3.997,-0.03,-0.0012,-0.0185,0.0403,-0.1272,-0.2888
3998,3.998,-0.026,-0.0089,-0.1219,0.0279,-0.1072,-0.2457
3999,3.999,-0.0294,-0.0037,-0.1639,0.0167,-0.2738,-0.3649
4000,4,-0.0458,-0.001,-0.1013,0.0105,-0.3861,-0.9063
4001,4.001,-0.0371,0.0119,-0.0671,0.0123,-0.1623,-0.6746
4002,4.002,-0.0124,0.0138,-0.0981,0.0004,0.0469,-0.0405
4003,4.003,0.0041,0.0121,-0.0884,-0.0103,0.1287,0.2164
4004,4.004,0.0371,0.0044,-0.0452,-0.0117,0.1044,0.2949
4005,4.005,0.0593,-0.0025,-0.0528,-0.0282,0.127,0.2254
4006,4.006,0.0476,-0.0013,-0.0741,-0.0125,0.1068,0.2898
4007,4.007,0.0585,-0.0023,-0.0162,-0.0104,0.1623,0.2321
4008,4.008,0.0354,-0.0013,0.0854,-0.0271,0.4147,0.7077
4009,4.009,0.0083,-0.0005,0.0996,-0.0067,0.2343,0.7721
4010,4.01,0.0048,-0.0013,0.037,-0.0092,0.0039,0.2483
4011,4.011,0.0016,-0.0051,0.049,-0.0068,-0.0862,-0.1048
4012,4.012,0.0225,0.0013,0.0389,0.0089,-0.1138,-0.1699
4013,4.013,0.0252,0.0072,0.0296,0.0151,-0.1388,-0.2286
4014,4.014,0.0376,0.0109,0.0036,0.0021,-0.1168,-0.2818
4015,4.015,0.0219,0.0016,0.0267,0.014,-0.0967,-0.2341
4016,4.016,-0.0047,-0.0097,0.1333,0.0095,-0.3745,-0.5399
4017,4.017,-0.0155,-0.0051,0.1791,0.0135,-0.3352,-0.8974
4018,4.018,-0.0586,-0.0038,0.0818,0.0022,-0.0824,-0.3687
4019,4.019,-0.1116,0.0025,-0.057,0.0161,0.0824,0.125
4020,4.02,-0.0903,0.0057,-0.0753,0.0179,0.1127,0.1905
4021,4.021,-0.0319,0.0068,0.0764,0.0196,0.1401,0.2496
4022,4.022,0.0072,0.0022,0.0158,0.0149,0.1159,0.3031
4023,4.023,-0.014,-0.0021,-0.0763,0.0219,0.0938,0.2557
4024,4.024,0.0054,0.0001,-0.0256,0.0231,0.277,0.2996
4025,4.025,0.0162,-0.0065,0.0125,0.0062,0.3787,0.8913
4026,4.026,-0.0014,-0.0045,0.0583,-0.011,0.1567,0.614
4027,4.027,-0.0387,0.0038,0.0444,-0.0131,-0.0525,0.0718
4028,4.028,-0.0244,0.0094,0.1076,0.0012,-0.0802,-0.1618
4029,4.029,-0.02,0.0042,0.027,0.0107,-0.1051,-0.233
4030,4.03,-0.0162,-0.0023,-0.1296,-0.0146,-0.1277,-0.2974
4031,4.031,-0.0199,0.0072,-0.152,-0.0326,-0.1076,-0.2397
4032,4.032,-0.0232,0.0135,-0.0912,-0.0294,-0.163,-0.187
4033,4.033,0.0217,0.0057,-0.1097,-0.0381,-0.4155,-0.8116
4034,4.034,0.041,-0.0016,0.008,-0.0134,-0.2352,-0.8969
4035,4.035,0.0352,-0.0007,0.0232,-0.0363,-0.0048,-0.3545
4036,4.036,0.0193,0.0019,-0.1021,-0.0275,0.0853,0.1395
4037,4.037,0.0049,-0.0066,-0.0855,0.0027,0.1129,0.205
4038,4.038,0.0269,-0.0143,0.0215,-0.0011,0.1378,0.2639
4039,4.039,0.0468,-0.0216,0.1189,-0.0339,0.1158,0.3173
4040,4.04,0.0433,-0.0152,0.1315,-0.0558,0.0956,0.1737
4041,4.041,0.0202,-0.0074,0.074,-0.0117,0.3735,0.5671
4042,4.042,-0.0128,-0.0063,0.0842,0.0293,0.3342,0.9373
4043,4.043,-0.0349,-0.009,0.1313,0.0347,0.0814,0.4088
4044,4.044,-0.055,-0.0031,0.0708,0.0204,-0.0834,-0.0846
4045,4.045,-0.0658,0.0054,-0.0467,0.0249,-0.1136,-0.1498
4046,4.046,-0.0561,0.011,-0.1645,0.0131,-0.141,-0.2087
4047,4.047,-0.0111,0.01,0.0345,0.0167,-0.1657,-0.2621
4048,4.048,0.0859,-0.0003,0.0615,0.0199,-0.0986,-0.2145
4049,4.049,0.0997,-0.0017,-0.0616,0.0228,-0.2409,-0.3456
4050,4.05,0.062,0.0097,-0.1736,0.0365,-0.3706,-0.862
4051,4.051,0.0274,0.0051,-0.1533,0.0341,-0.1516,-0.6514
4052,4.052,-0.0038,0.0092,-0.0237,0.0229,0.0578,-0.0748
4053,4.053,-0.0512,0.0055,-0.0743,-0.0036,0.0855,0.159
4054,4.054,-0.0598,-0.0001,0.0326,-0.0438,0.1106,0.2303
4055,4.055,0.0107,-0.0073,0.2409,-0.049,0.1333,0.2949
4056,4.056,0.077,0.003,0.0917,-0.0153,0.1132,0.2373
4057,4.057,0.0511,0.0017,-0.1524,-0.0285,0.2059,0.1847
4058,4.058,-0.0036,-0.0096,-0.2509,-0.0247,0.3912,0.8092
4059,4.059,-0.025,-0.002,-0.2211,0.008,0.2189,0.7244
4060,4.06,-0.0314,0.0105,-0.0314,-0.014,0.0168,0.1819
4061,4.061,-0.0022,0.0088,-0.0068,-0.0023,-0.0651,-0.1714
4062,4.062,0.003,0.0043,0.0604,-0.0132,-0.0901,-0.2368
4063,4.063,0.0271,0.0029,0.0807,-0.0165,-0.1127,-0.2958
4064,4.064,0.0226,-0.0008,0.0623,-0.0017,-0.1332,-0.2437
4065,4.065,0.0344,-0.0111,0.1464,0.0339,-0.1148,-0.1962
4066,4.066,0.0163,-0.0125,0.1615,0.0292,-0.3672,-0.5022
4067,4.067,-0.0001,-0.0063,0.0918,0.0248,-0.3313,-0.86
4068,4.068,-0.009,-0.0052,0.0034,0.0438,-0.1011,-0.4277
4069,4.069,-0.0339,-0.0022,-0.1005,0.0477,0.0487,0.0968
4070,4.07,-0.0836,0.0081,-0.0869,0.0442,0.0765,0.1683
4071,4.071,-0.1051,0.004,-0.1247,0.0078,0.1014,0.2328
4072,4.072,-0.0599,0.0103,-0.0672,-0.0359,0.1241,0.2912
4073,4.073,0.0047,0.0071,0.0475,-0.0418,0.1039,0.2386
4074,4.074,0.0479,0.006,0.0321,-0.0366,0.2706,0.2866
4075,4.075,0.0402,-0.0043,-0.0375,-0.0415,0.3828,0.8543
4076,4.076,0.0188,-0.0029,0.0002,-0.0284,0.1589,0.6222
4077,4.077,0.0124,-0.0041,0.0576,-0.0323,-0.0504,0.1286
4078,4.078,0.0067,-0.0009,0.0469,-0.0215,-0.0781,-0.193
4079,4.079,0.0016,0.0001,-0.0007,-0.0184,-0.103,-0.2525
4080,4.08,0.0065,-0.0008,-0.0097,-0.0035,-0.1256,-0.3062
4081,4.081,0.0109,-0.0033,0.0131,-0.0009,-0.1055,-0.259
4082,4.082,0.0149,-0.004,0.0481,0.0113,-0.1611,-0.2158
4083,4.083,-0.0031,-0.0075,0.132,0.0135,-0.4137,-0.7323
4084,4.084,-0.0061,-0.007,0.0973,0.0154,-0.2335,-0.8032
4085,4.085,-0.0148,-0.003,0.0871,0.0098,-0.0032,-0.2273
4086,4.086,-0.0119,0.0017,0.0778,0.0115,0.0868,0.1609
4087,4.087,-0.0142,0.0022,-0.0516,0.0008,0.1142,0.2323
4088,4.088,-0.012,-0.0018,-0.0699,0.0216,0.139,0.2969
4089,4.089,-0.0059,-0.0014,0.0144,0.0129,0.1169,0.2393
4090,4.09,0.0072,-0.0036,0.1217,-0.0008,0.0967,0.1867
4091,4.091,0.0292,0.0028,0.1082,0.0115,0.3745,0.523
4092,4.092,0.0084,0.0001,0.0707,0.0094,0.3351,0.829
4093,4.093,-0.0327,-0.0024,-0.0096,0.0074,0.0823,0.3922
4094,4.094,-0.0501,0.0013,-0.1243,0.0019,-0.0826,-0.0162
4095,4.095,-0.0237,0.0049,-0.1397,0.0138,-0.113,-0.1762
4096,4.096,0.0101,0.0054,-0.1539,0.0092,-0.1406,-0.2253
4097,4.097,0.0233,0.005,-0.1666,0.0078,-0.1164,-0.2698
4098,4.098,0.0034,0.0014,-0.1319,0.0041,-0.0944,-0.2308
4099,4.099,0.0071,0.0037,-0.0587,-0.0016,-0.2777,-0.3392
4100,4.1,0.0238,0.0033,-0.0113,-0.0173,-0.4011,-0.8317
4101,4.101,0.0268,0.0023,0.0663,-0.0195,-0.1546,-0.6214
4102,4.102,0.0132,-0.0029,0.1184,-0.0174,0.0101,-0.0449
4103,4.103,0.0157,-0.0144,0.166,-0.0044,0.1,0.1889
4104,4.104,0.0179,-0.0127,0.0886,0.0108,0.1273,0.2602
4105,4.105,0.0239,-0.0082,0.0159,0.0128,0.103,0.3249
4106,4.106,0.0183,0.0014,0.0445,0.022,0.0807,0.2675
4107,4.107,-0.0037,0.0003,-0.0504,0.0236,0.1824,0.215
4108,4.108,-0.0307,0.0058,-0.0381,0.0342,0.3861,0.7434
4109,4.109,-0.0126,0.0111,-0.0725,0.019,0.2506,0.8142
4110,4.11,0.0172,0.0026,-0.1036,0.013,0.0281,0.238
4111,4.111,0.0054,-0.0052,-0.0368,0.0149,-0.062,-0.1504
4112,4.112,-0.0054,0.0085,-0.0449,0.0098,-0.0897,-0.2217
4113,4.113,-0.0022,0.0141,-0.0522,-0.0132,-0.1146,-0.2861
4114,4.114,-0.011,0.0124,0.0266,-0.0627,-0.1372,-0.3446
4115,4.115,-0.0302,0.0078,0.0998,-0.0556,-0.1172,-0.1864
4116,4.116,0.0022,0.0009,0.0906,-0.0492,-0.358,-0.5227
4117,4.117,0.0419,0.002,0.0822,-0.0434,-0.3255,-0.916
4118,4.118,0.0366,0.0052,-0.0195,-0.0061,-0.1166,-0.4401
4119,4.119,0.0221,-0.0021,-0.0889,0.0084,0.0737,0.137
4120,4.12,-0,-0.003,-0.1016,0.0128,0.0987,0.216
4121,4.121,-0.012,-0.0072,-0.0902,0.0247,0.1213,0.2873
4122,4.122,-0.0157,-0.005,-0.0384,0.021,0.1418,0.2241
4123,4.123,0.0006,-0.007,-0.0102,0.0308,0.0864,0.2826
4124,4.124,0.0214,-0.0028,-0.0015,0.0036,0.2715,0.3358
4125,4.125,0.0187,0.0013,0.0533,-0.0293,0.3948,0.8647
4126,4.126,-0.0589,-0.0016,0.1777,-0.025,0.1614,0.61
4127,4.127,-0.0861,-0.0084,0.1138,0.003,-0.041,0.1169
4128,4.128,-0.0459,-0.002,0.1399,0.0138,-0.0687,-0.2042
4129,4.129,0.0022,0.0039,0.1321,0.0041,-0.0937,-0.2633
4130,4.13,0.0088,-0.003,0.0825,0.0071,-0.1163,-0.3166
4131,4.131,-0.0321,-0.0057,0.0242,-0.0009,-0.0963,-0.269
4132,4.132,-0.0268,0.0021,-0.0616,0.0016,-0.1519,-0.2254
4133,4.133,-0.0026,0.001,-0.119,-0.0095,-0.4045,-0.7415
4134,4.134,0.0019,0.0037,-0.171,-0.0033,-0.2243,-0.812
4135,4.135,0.0219,-0.0091,-0.0855,-0.0051,0.006,-0.2357
4136,4.136,0.0328,-0.0184,-0.0968,0.0034,0.096,0.1529
4137,4.137,0.0296,0.0036,-0.0862,0.005,0.0693,0.2246
4138,4.138,0.0326,0.0007,-0.0577,-0.0102,0.0941,0.2893
4139,4.139,0.0189,0.0034,-0.0835,-0.0081,0.0719,0.232
4140,4.14,-0.0034,0.001,-0.0755,-0.0286,0.0517,0.1795
4141,4.141,-0.0184,0.0032,0.0029,-0.0095,0.3294,0.516
4142,4.142,0.0116,0.0053,0.0965,0.0128,0.3691,0.9095
4143,4.143,0.0556,-0.0003,0.1844,0.0277,0.1163,0.4338
4144,4.144,0.0262,-0.0121,0.1493,0.0304,-0.0485,-0.0153
4145,4.145,-0.011,-0.0167,0.0131,0.0281,-0.079,-0.1909
4146,4.146,-0.0352,-0.0014,-0.1168,0.0169,-0.1064,-0.2447
4147,4.147,-0.0395,-0.0034,-0.1,0.023,-0.1312,-0.2933
4148,4.148,-0.0513,0.0022,0.0074,0.0026,-0.0643,-0.2502
4149,4.149,-0.0548,0.0106,0.0214,-0.0165,-0.2476,-0.29
4150,4.15,-0.0581,0.003,0.0339,-0.0238,-0.371,-0.8314
4151,4.151,-0.0311,0.0071,-0.0465,-0.0304,-0.1692,-0.7544
4152,4.152,0.0235,0.0082,-0.0774,-0.008,0.0212,-0.1204
4153,4.153,0.078,0.0114,0.0649,0.0191,0.0955,0.1364
4154,4.154,0.0565,0.0042,0.1667,0.0371,0.1183,0.2147
4155,4.155,0.0241,-0.0043,0.1114,0.0273,0.0983,0.2854
4156,4.156,0.0066,-0.0032,0.061,-0.0178,0.08,0.3497
4157,4.157,-0.02,0.002,-0.0768,-0.0371,0.1642,0.1755
4158,4.158,-0.0153,0.0029,-0.0587,-0.0314,0.3939,0.7564
4159,4.159,-0.0198,0.0141,-0.1095,0.0059,0.2299,0.6793
4160,4.16,0.0081,0.0035,-0.1556,0.0106,0.0208,0.1862
4161,4.161,0.0409,-0.0034,-0.0863,0.0062,-0.1154,-0.2634
4162,4.162,0.0277,-0.0071,0.0019,0.0181,-0.0913,-0.207
4163,4.163,0.0158,-0.0038,0.0365,0.0146,-0.1139,-0.2608
4164,4.164,-0.0023,0.0014,0.0676,0.0179,-0.1344,-0.2137
4165,4.165,0.0074,0.0079,0.0583,-0.0212,-0.1161,-0.1707
4166,4.166,0.0161,0.0104,0.0154,-0.0265,-0.3684,-0.5283
4167,4.167,0.0518,0.0052,0.0078,-0.0312,-0.3325,-0.8652
4168,4.168,0.0471,0.0046,0.1147,-0.0092,-0.1023,-0.3849
4169,4.169,0.0163,0.0004,0.0995,0.0165,0.107,0.0639
4170,4.17,0.0202,-0.006,0.1691,0.0284,0.0807,0.2395
4171,4.171,0.0093,-0.0103,0.1313,0.0248,0.1056,0.293
4172,4.172,0.019,-0.0096,-0.0186,0.0216,0.1283,0.2454
4173,4.173,-0.0082,-0.0116,-0.0796,0.0245,0.1083,0.2019
4174,4.174,-0.0263,-0.0033,-0.061,-0.0001,0.275,0.3208
4175,4.175,-0.0493,0.0023,-0.1109,-0.0165,0.3873,0.8619
4176,4.176,-0.0943,0.0096,-0.0341,-0.0315,0.1634,0.6299
4177,4.177,-0.0752,0.0051,0.0077,-0.0562,-0.0458,0.1364
4178,4.178,-0.081,0.0025,-0.0301,-0.0398,-0.0735,-0.185
4179,4.179,-0.0331,0.0004,-0.0649,-0.0249,-0.0983,-0.2445
4180,4.18,-0.0008,-0.0016,-0.159,-0.033,-0.1208,-0.298
4181,4.181,0.0049,-0.0047,-0.02,-0.0058,-0.1006,-0.2508
4182,4.182,-0.0003,-0.0018,0.0357,0.0196,-0.1561,-0.2076
4183,4.183,-0.0146,0.004,-0.0144,0.0098,-0.4086,-0.7239
4184,4.184,-0.0278,0.0033,-0.0907,0.0069,-0.2283,-0.7946
4185,4.185,-0.008,0.0054,-0.1048,0.0095,0.0021,-0.2185
4186,4.186,-0.0261,0.0049,-0.0673,0.0167,0.0922,0.1699
4187,4.187,0.0037,-0.0004,-0.0792,0.0055,0.1198,0.2415
4188,4.188,0.0637,0.0017,-0.0275,0.024,0.1447,0.306
4189,4.189,0.1068,-0.0052,0.0767,0.0263,0.1226,0.2487
4190,4.19,0.0522,-0.0079,0.2294,0.0152,0.1024,0.1961
4191,4.191,0.0308,-0.0053,0.2902,0.0336,0.3433,0.5325
4192,4.192,0.0115,-0.009,0.2348,-0.0036,0.3108,0.8384
4193,4.193,-0.0059,-0.011,0.151,-0.0302,0.102,0.4018
4194,4.194,-0.0217,-0.0067,-0.0172,-0.0158,-0.0882,-0.0063
4195,4.195,-0.0459,-0.0015,-0.2637,-0.0026,-0.1132,-0.2719
4196,4.196,-0.0328,0.0006,-0.2966,-0.0144,-0.0911,-0.2247
4197,4.197,0.011,0.0076,-0.0882,-0.0036,-0.1116,-0.269
4198,4.198,0.0284,0.0068,0.0472,0.0061,-0.0933,-0.2298
4199,4.199,0.0335,0.006,0.0225,0.0089,-0.2783,-0.338
4200,4.2,0.0382,0.0098,0.0002,0.0225,-0.4016,-0.8303
4201,4.201,0.0513,0.0105,0.061,0.02,-0.155,-0.6195
4202,4.202,0.0632,0.001,0.0056,0.0221,0.0098,-0.0427
4203,4.203,0.0233,-0.0142,-0.0785,0.0282,0.0998,0.1912
4204,4.204,-0.0137,-0.0081,-0.0021,0.0188,0.1273,0.2626
4205,4.205,-0.028,-0.01,0.0954,-0.0066,0.103,0.3274
4206,4.206,-0.0411,-0.0049,0.1586,0.0042,0.0808,0.2701
4207,4.207,-0.045,-0.0065,0.1243,-0.0123,0.1826,0.2178
4208,4.208,-0.0342,-0.0052,0.0514,-0.0454,0.3864,0.7464
4209,4.209,-0.0245,-0.0015,0.0041,-0.0322,0.251,0.8172
4210,4.21,-0.0275,-0.0025,-0.0218,-0.0602,0.0286,0.241
4211,4.211,-0.0249,0.0069,-0.0924,-0.0348,-0.1211,-0.1474
4212,4.212,0.0024,0.0057,-0.064,-0.0316,-0.0945,-0.2189
4213,4.213,0.006,0.0024,-0.0725,-0.0108,-0.1193,-0.2834
4214,4.214,-0.0104,0.0034,-0.1115,0.0084,-0.1418,-0.3419
4215,4.215,-0.0075,0.0006,-0.1042,0.006,-0.1217,-0.1837
4216,4.216,-0.0156,-0.0089,-0.0589,0.0082,-0.3624,-0.5199
4217,4.217,-0.0132,-0.0078,-0.0058,0.0183,-0.3298,-0.9133
4218,4.218,-0.0066,0.0093,-0.0699,0.0276,-0.1209,-0.4375
4219,4.219,0.02,0.0116,0.0597,0.0293,0.0695,0.0118
4220,4.22,0.0454,0.0004,0.2262,0.0186,0.0946,0.1876
4221,4.221,0.0289,-0.0058,0.0693,0.0117,0.1172,0.2415
4222,4.222,-0.0041,0.0035,-0.1143,-0.0047,0.1377,0.2902
4223,4.223,-0.0084,0.0085,-0.238,-0.0114,0.0823,0.2471
4224,4.224,-0.0123,0.0039,-0.1266,0.0192,0.2674,0.2868
4225,4.225,0.0059,0.0052,0.0563,-0.0029,0.3907,0.8281
4226,4.226,0.0224,0.004,0.1298,-0.0069,0.1889,0.5964
4227,4.227,0.0301,-0.0027,0.3049,0.0038,-0.034,0.0989
4228,4.228,0.0154,-0.0017,0.1033,0.0069,-0.116,-0.2542
4229,4.229,-0.0145,-0.007,-0.1407,0.004,-0.0919,-0.1914
4230,4.23,-0.0262,-0.0025,-0.2392,0.0012,-0.1146,-0.2502
4231,4.231,-0.0224,0.0052,-0.2692,-0.0012,-0.0945,-0.3035
4232,4.232,0.0142,0.0104,-0.0797,0.0099,-0.1502,-0.2557
4233,4.233,0.058,0.0058,0.142,0.016,-0.4027,-0.7363
4234,4.234,0.0289,0.0015,0.1717,0.0178,-0.2226,-0.8007
4235,4.235,0.0131,-0.0037,0.2529,-0.0041,-0.058,-0.277
4236,4.236,0.0085,-0.0045,0.2286,-0.019,0.0917,0.2168
4237,4.237,-0.0047,-0.014,0.0719,-0.0216,0.1191,0.1541
4238,4.238,-0.0245,-0.0044,0.0518,-0.0191,0.1438,0.3291
4239,4.239,-0.0208,-0.0007,-0.0033,-0.0125,0.0767,0.2768
4240,4.24,-0.0108,-0.0085,-0.0534,-0.0104,0.0564,0.2289
4241,4.241,-0.0437,-0.0138,-0.099,-0.016,0.334,0.4474
4242,4.242,-0.0216,-0.0054,-0.0295,-0.0041,0.2945,0.8843
4243,4.243,0.0063,-0.0086,0.0335,0.0036,0.1136,0.4773
4244,4.244,0.0244,-0.0139,-0.0242,0.0023,-0.0513,-0.1054
4245,4.245,0.0276,-0.0185,-0.0348,0.0111,-0.0818,-0.1843
4246,4.246,0.0305,-0.0057,0.012,0.0189,-0.1093,-0.2557
4247,4.247,0.0115,-0.0038,0.0201,0.0347,-0.1342,-0.3204
4248,4.248,0.014,-0.0021,-0.0192,0.0236,-0.0673,-0.263
4249,4.249,-0.0106,0.0085,-0.0265,0.0176,-0.2506,-0.4217
4250,4.25,-0.0336,0.0155,-0.0978,0.0121,-0.3741,-0.9505
4251,4.251,-0.0544,0.0041,-0.0313,-0.0131,-0.1724,-0.5994
4252,4.252,-0.0516,0.0026,0.0123,-0.0094,0.0721,-0.0229
4253,4.253,-0.0343,0.0234,-0.0734,0.0006,0.1055,0.2106
4254,4.254,-0.0006,0.0205,-0.0848,-0.0081,0.1356,0.2818
4255,4.255,0.0137,0.0178,-0.137,-0.0107,0.1087,0.3462
4256,4.256,0.0533,0.0154,-0.0898,-0.0034,0.0843,0.2884
4257,4.257,0.0903,0.0088,-0.0123,-0.0011,0.1515,0.2358
4258,4.258,0.0661,0.0068,-0.0436,0.005,0.4161,0.7641
4259,4.259,0.0174,0.0049,0.0037,-0.0042,0.2358,0.8345
4260,4.26,-0.015,-0.0001,0.0641,-0.0295,0.0055,0.2581
4261,4.261,-0.0208,0.0014,0.025,-0.0403,-0.0846,-0.1307
4262,4.262,-0.0368,0.0001,0.032,-0.0238,-0.1121,-0.2025
4263,4.263,-0.0225,0.0013,-0.0133,-0.015,-0.137,-0.2674
4264,4.264,-0.0006,0.0003,-0.0194,0.0043,-0.1148,-0.3263
4265,4.265,-0.0045,-0.0007,0.0175,0.0117,-0.0946,-0.1685
4266,4.266,-0.0154,-0.0034,-0.007,0.0053,-0.3354,-0.505
4267,4.267,-0.0057,0.0009,0.0413,-0.0007,-0.3683,-0.8987
4268,4.268,0.003,-0.0044,0.1126,0.0088,-0.0994,-0.4232
4269,4.269,0.011,-0.0036,0.1034,0.0174,0.0816,0.0258
4270,4.27,-0.0063,-0.0053,0.2159,0.0211,0.1151,0.2014
4271,4.271,-0.0129,-0.0024,0.2315,0.0288,0.1452,0.2551
4272,4.272,-0.0436,-0.0029,0.1064,0.0358,0.1185,0.3038
4273,4.273,-0.0657,-0.0071,-0.0117,0.0245,0.0942,0.2605
4274,4.274,-0.054,-0.0087,-0.0579,0.026,0.2511,0.3003
4275,4.275,-0.0507,-0.0009,-0.0721,0.022,0.3936,0.8415
4276,4.276,-0.0606,0.0069,-0.1352,0.0107,0.1899,0.6097
4277,4.277,-0.0398,0.006,-0.1006,0.003,-0.0547,0.1165
4278,4.278,-0.0041,-0.0025,-0.0692,0.0212,-0.0881,-0.2047
4279,4.279,0.0201,-0.0014,-0.0029,0.0089,-0.1182,-0.2639
4280,4.28,0.0156,-0.0045,0.0402,0.0067,-0.1455,-0.3173
4281,4.281,0.0274,0.002,0.0635,0.0047,-0.121,-0.2696
4282,4.282,0.0239,-0.0039,-0.0147,-0.0083,-0.1434,-0.2261
4283,4.283,0.027,-0.0076,-0.1084,-0.0167,-0.4079,-0.7422
4284,4.284,0.054,0.003,-0.1711,-0.0397,-0.2277,-0.8127
4285,4.285,0.072,0.0015,-0.0903,-0.0695,0.0027,-0.2364
4286,4.286,0.0289,0.0002,-0.1212,-0.0334,0.0929,0.1522
4287,4.287,0.0115,0.0014,-0.1116,-0.0093,0.1205,0.224
4288,4.288,0.0166,-0.0041,-0.0512,-0.0137,0.1455,0.2889
4289,4.289,0.0118,-0.0072,0.066,0.0062,0.1234,0.2317
4290,4.29,0.0074,-0.0063,0.2172,-0.0046,0.1033,0.1796
4291,4.291,0.0192,0.0015,0.156,-0.0477,0.3441,0.5162
4292,4.292,0.03,0.0006,0.1001,-0.0303,0.3116,0.9098
4293,4.293,0.0136,-0.0021,0.0494,0.0068,0.1027,0.4344
4294,4.294,-0.0134,-0.0046,0.034,0.0309,-0.0875,-0.0143
4295,4.295,-0.0607,-0.0039,0.1034,0,-0.1124,-0.1897
4296,4.296,-0.0413,0.0026,0.0402,-0.0119,-0.1348,-0.243
4297,4.297,-0.0239,-0.0033,0.0517,-0.0084,-0.1146,-0.2913
4298,4.298,0.0242,0.0005,-0.0209,-0.0183,-0.0962,-0.2478
4299,4.299,0.0307,0.0012,-0.1629,-0.0156,-0.2476,-0.2873
4300,4.3,0.0015,0.0082,-0.3048,-0.0348,-0.3898,-0.8283
4301,4.301,-0.0251,0.0018,-0.2862,-0.0177,-0.1858,-0.5961
4302,4.302,-0.0107,0.0044,-0.0338,-0.0113,0.059,-0.1024
4303,4.303,0.029,0.0022,0.1461,0.0069,0.0926,0.2195
4304,4.304,0.0663,0.0043,0.1782,0.014,0.1228,0.279
4305,4.305,0.0326,-0.0051,0.2074,0.0161,0.0961,0.2273
4306,4.306,0.0019,-0.001,0.0717,0.018,0.1209,0.2761
4307,4.307,0.006,-0.0021,-0.0513,0.0123,0.1434,0.2331
4308,4.308,0.0096,0.0035,-0.0732,0.0106,0.4081,0.7496
4309,4.309,0.0196,0.0005,-0.0523,0.0213,0.228,0.8205
4310,4.31,0.0225,-0.0023,-0.0701,0.0143,-0.0022,0.2446
4311,4.311,0.0143,-0.0065,0.0483,0.023,-0.0922,-0.1436
4312,4.312,-0.0031,-0.0028,0.1251,0.0058,-0.1197,-0.215
4313,4.313,-0.0144,0.0036,0.1391,-0.0215,-0.1445,-0.2795
4314,4.314,-0.0124,0.0062,0.0761,-0.0035,-0.1223,-0.3381
4315,4.315,0.0044,0.004,0.0876,-0.0004,-0.1021,-0.1799
4316,4.316,0.0066,0.002,-0.0689,-0.0213,-0.3429,-0.5161
4317,4.317,0.0047,-0.0023,-0.2258,-0.0188,-0.3102,-0.9093
4318,4.318,-0.0119,-0.0006,-0.2055,0.0134,-0.1013,-0.4336
4319,4.319,-0.0364,-0.0031,-0.0758,0.0177,0.0892,0.0156
4320,4.32,-0.0394,0.0019,0.0422,0.0215,0.1144,0.1916
4321,4.321,0.0057,0.0013,0.1191,0.0249,0.137,0.2455
4322,4.322,0.051,-0.003,0.1609,0.0217,0.117,0.2944
4323,4.323,0.0337,-0.0118,0.1232,0.0129,0.0987,0.2513
4324,4.324,-0.0142,-0.0081,0.0196,0.0102,0.2501,0.2912
4325,4.325,-0.0464,-0.0003,0.0055,0.0274,0.3925,0.8326
4326,4.326,-0.0639,0.0092,-0.0323,-0.0018,0.1887,0.6009
4327,4.327,-0.048,0.0029,-0.0672,-0.0219,-0.0559,0.1078
4328,4.328,-0.0289,0.0129,-0.1118,-0.0112,-0.0897,-0.1936
4329,4.329,-0.0433,0.0161,-0.1434,-0.0081,-0.1229,-0.2588
4330,4.33,-0.0388,0.0109,-0.1342,-0.0231,-0.0935,-0.3174
4331,4.331,0.0212,0.0063,-0.0911,-0.0041,-0.1208,-0.2651
4332,4.332,0.0817,0.0038,-0.0363,-0.0065,-0.1454,-0.2174
4333,4.333,0.0272,-0.0032,0.0135,-0.0178,-0.392,-0.6978
4334,4.334,-0.0223,-0.0059,0.0718,-0.0076,-0.2937,-0.7622
4335,4.335,-0.0158,-0.0051,0.0487,0.0055,-0.0247,-0.2385
4336,4.336,0.0018,-0.0058,0.0419,0.0072,0.0842,0.1146
4337,4.337,-0.0036,-0.0052,0.0873,-0.0003,0.1174,0.18
4338,4.338,-0.0085,-0.0047,0.105,0.0095,0.1474,0.2388
4339,4.339,-0.0042,-0.003,0.1106,0.021,0.1205,0.2921
4340,4.34,-0.0083,-0.0056,0.0965,0.0135,0.0961,0.2444
4341,4.341,-0.0265,-0.0026,0.0661,0.0261,0.3425,0.4628
4342,4.342,-0.0431,-0.0047,0.0386,0.0346,0.3097,0.8203
4343,4.343,-0.0224,-0.0044,-0.0085,0.0271,0.0408,0.3879
4344,4.344,0.0075,-0.0021,-0.0148,0.0065,-0.1403,-0.1367
4345,4.345,0.0113,-0.0045,-0.1028,-0.0022,-0.1082,-0.2086
4346,4.346,0.0003,-0.0014,-0.1909,0.0061,-0.0788,-0.2736
4347,4.347,-0.003,-0.0003,-0.2254,-0.0062,-0.1063,-0.2162
4348,4.348,0.0058,0.0054,-0.1527,0.0095,-0.131,-0.2697
4349,4.349,0.0139,0.0063,-0.0675,0.0198,-0.288,-0.3181
4350,4.35,0.0212,-0.0052,0.0819,0.0143,-0.3898,-0.8862
4351,4.351,0.0189,-0.0103,0.3868,0.0093,-0.1491,-0.6546
4352,4.352,0.0047,-0.0057,0.4304,-0.0075,0.0812,-0.0205
4353,4.353,0.0065,-0.0098,0.2322,-0.0366,0.1116,0.2362
4354,4.354,-0.0122,-0.0135,-0.0198,-0.0086,0.139,0.3144
4355,4.355,-0.0049,-0.0058,-0.1836,-0.0266,0.1147,0.2447
4356,4.356,0.0198,0.0057,-0.2727,-0.0761,0.0925,0.3089
4357,4.357,0.01,0.0133,-0.2998,-0.0831,0.1535,0.2508
4358,4.358,0.0129,0.0119,-0.2756,-0.0246,0.3943,0.7262
4359,4.359,0.054,0.0082,-0.2534,-0.0167,0.2959,0.7903
4360,4.36,0.0949,0.0071,0.0112,0.019,0.0268,0.2664
4361,4.361,0.0683,0.0019,0.1192,0.0255,-0.082,-0.087
4362,4.362,0.015,0.001,0.1521,0.0313,-0.1154,-0.1526
4363,4.363,-0.0206,-0.0068,0.1224,0.0261,-0.0859,-0.3279
4364,4.364,-0.0399,-0.0016,0.1496,0.0405,-0.1132,-0.276
4365,4.365,-0.0457,-0.0024,0.1251,0.045,-0.0888,-0.2286
4366,4.366,-0.0616,0.0001,0.1028,0.0411,-0.3353,-0.4473
4367,4.367,-0.0663,0.0038,-0.0396,0.0011,-0.3683,-0.8845
4368,4.368,-0.0708,0.0018,-0.0952,-0.0042,-0.0995,-0.4779
4369,4.369,-0.0347,0.0001,-0.1122,-0.0088,0.0816,-0.0011
4370,4.37,-0.0106,-0.0064,-0.0358,-0.0308,0.1151,0.192
4371,4.371,-0.0415,-0.0005,0.0336,-0.0313,0.1452,0.2509
4372,4.372,-0.0136,0.0095,-0.0043,-0.0432,0.1184,0.3041
4373,4.373,0.0411,0.0136,0.03,-0.054,0.0941,0.2564
4374,4.374,0.0801,0.0022,0.04,-0.0177,0.251,0.3001
4375,4.375,0.0872,0.0038,0.1439,0.0354,0.3934,0.8162
4376,4.376,0.0808,-0.0031,0.2687,0.0424,0.1897,0.6055
4377,4.377,0.0516,-0.0094,0.1843,0.0358,-0.0549,0.1566
4378,4.378,0.0464,-0.0126,0.077,0.0182,-0.0884,-0.2517
4379,4.379,0.0322,-0.0136,-0.0483,0.0022,-0.1186,-0.2002
4380,4.38,-0.0338,0.0005,-0.1996,0.0165,-0.1459,-0.249
4381,4.381,-0.0811,0.0106,-0.1386,-0.0056,-0.1215,-0.2933
4382,4.382,-0.0724,0.0236,-0.0828,-0.0416,-0.1439,-0.1747
4383,4.383,-0.0332,0.0151,-0.2337,-0.0755,-0.4084,-0.7161
4384,4.384,-0.0119,0.0012,-0.1315,-0.0711,-0.3004,-0.7938
4385,4.385,0.0723,0.0031,-0.1495,-0.0512,-0.0045,-0.3012
4386,4.386,0.1067,0.0081,-0.0651,-0.0331,0.1152,0.1481
4387,4.387,0.0336,0.0066,-0.0192,0.0098,0.0797,0.2075
4388,4.388,0.0241,0.0107,-0.0056,0.0155,0.1129,0.261
4389,4.389,0.0154,0.0019,0.0314,0.0206,0.143,0.3097
4390,4.39,0.0076,0.0051,-0.0037,0.006,0.1162,0.1793
4391,4.391,0.0146,0.0041,-0.0142,-0.0073,0.3381,0.4574
4392,4.392,0.0082,-0.0081,0.0145,0.0043,0.3086,0.8547
4393,4.393,-0.0211,-0.0063,0.0063,0.015,0.1187,0.485
4394,4.394,-0.0475,-0.0048,0.0143,0.0246,-0.0544,-0.0448
4395,4.395,-0.0426,-0.0007,0.0786,0.0156,-0.0772,-0.2572
4396,4.396,-0.0645,-0.007,0.2081,0.0182,-0.1383,-0.1941
4397,4.397,-0.0683,-0.0102,0.1154,0.0058,-0.1199,-0.2527
4398,4.398,-0.0356,-0.0174,0.0311,0.0079,-0.1032,-0.3058
4399,4.399,-0.0225,-0.0166,0.0158,0.022,-0.2408,-0.2579
4400,4.4,-0.0186,-0.0157,-0.0537,0.0125,-0.3705,-0.9131
4401,4.401,-0.0004,-0.0042,-0.0664,0.0242,-0.1851,-0.6326
4402,4.402,-0.0103,0.0077,-0.0319,0.0165,0.0375,-0.0355
4403,4.403,-0.0253,-0.0029,-0.0422,0.0094,0.0681,0.1984
4404,4.404,-0.0226,0.0068,0.0808,0.013,0.0958,0.2698
4405,4.405,-0.0398,0.0031,0.0635,0.0052,0.1208,0.3347
4406,4.406,-0.0464,-0.0071,0.1089,-0.0107,0.0988,0.2773
4407,4.407,-0.0156,0.0055,0.0114,-0.0174,0.1599,0.2249
4408,4.408,0.0243,0.0038,-0.0262,-0.0155,0.4008,0.6574
4409,4.409,0.0192,-0.0007,-0.0144,-0.0174,0.237,0.8322
4410,4.41,0.0048,-0.002,-0.0242,-0.0089,0.028,0.2506
4411,4.411,0.0268,0.0043,0.0047,0.0142,-0.1081,-0.1379
4412,4.412,0.0148,0.0033,-0.0206,0.0174,-0.0839,-0.2095
4413,4.413,0.0038,-0.0019,-0.0592,0.0026,-0.1064,-0.2741
4414,4.414,0.0003,-0.001,-0.0374,-0.0112,-0.1268,-0.3327
4415,4.415,0.003,0.0085,-0.0435,-0.0088,-0.0712,-0.1747
4416,4.416,0.0109,0.0073,-0.0376,-0.0022,-0.3235,-0.511
4417,4.417,0.0131,-0.0004,0.0318,-0.0043,-0.3597,-0.9043
4418,4.418,0.0196,0.0027,0.0602,0.0087,-0.1296,-0.4286
4419,4.419,0.0297,-0.0019,0.1205,0.0137,0.0798,0.0206
4420,4.42,0.0316,-0.0061,0.1907,0.0182,0.1076,0.1966
4421,4.421,0.0301,-0.0082,0.124,0.0195,0.1326,0.2505
4422,4.422,0.0227,-0.0102,0.1322,0.0232,0.1107,0.2992
4423,4.423,0.0021,-0.0071,0.0928,0.031,0.0907,0.2562
4424,4.424,-0.0248,-0.0054,0.0141,0.0382,0.2574,0.2962
4425,4.425,-0.0501,-0.0039,-0.0383,0.0356,0.4145,0.8377
4426,4.426,-0.0597,0.0031,-0.1045,0.0228,0.1907,0.6061
4427,4.427,-0.0507,0.0188,-0.1301,-0.005,-0.0185,0.1129
4428,4.428,-0.0206,0.0166,-0.2473,-0.0489,-0.1004,-0.2082
4429,4.429,0.0212,0.0057,-0.1789,-0.0431,-0.112,-0.2287
4430,4.43,0.033,0.0159,-0.2629,-0.059,-0.1368,-0.2871
4431,4.431,0.0657,0.0103,-0.2478,-0.0637,-0.1146,-0.2348
4432,4.432,0.0788,0.0019,-0.1506,-0.0329,-0.135,-0.1869
4433,4.433,0.0669,0.0034,-0.0874,-0.029,-0.3756,-0.6672
4434,4.434,0.0777,0.0075,-0.0071,-0.0182,-0.2772,-0.8593
4435,4.435,0.0745,0.0012,0.1284,0.0048,-0.0081,-0.3355
4436,4.436,0.0354,-0.0066,0.3318,0.0198,0.1009,0.1584
4437,4.437,0.0089,-0.0036,0.5211,0.0446,0.0686,0.224
4438,4.438,0.0042,-0.012,0.3486,0.0545,0.0987,0.1669
4439,4.439,-0.0091,-0.013,0.0121,0.0398,0.126,0.2205
4440,4.44,-0.0291,-0.0058,-0.3244,0.0319,0.1017,0.1731
4441,4.441,-0.0545,-0.005,-0.3682,0.0296,0.3483,0.479
4442,4.442,-0.0775,0.0028,-0.1698,0.0364,0.3156,0.916
4443,4.443,-0.1046,0.0122,-0.1337,0.0059,0.1067,0.5095
4444,4.444,-0.0645,0.0085,-0.101,-0.0601,-0.0837,0.0327
4445,4.445,0.0156,-0.0019,0.1077,-0.0884,-0.1088,-0.1606
4446,4.446,0.096,-0.0089,0.1349,-0.0451,-0.1315,-0.2194
4447,4.447,0.0438,-0.0001,0.0613,0.0097,-0.1115,-0.2725
4448,4.448,-0.0226,0.0031,0.0838,0.0311,-0.0933,-0.2248
4449,4.449,-0.014,-0.0064,0.226,-0.0012,-0.2448,-0.2686
4450,4.45,0.0251,-0.0077,0.2077,0.0047,-0.3872,-0.8641
4451,4.451,0.0323,-0.0133,0.1235,0.01,-0.1835,-0.6092
4452,4.452,0,-0.0123,0.1386,-0.0335,0.0068,-0.0662
4453,4.453,-0.0529,-0.015,0.0688,-0.0276,0.0812,0.1464
4454,4.454,-0.0741,-0.0073,-0.0451,-0.0116,0.1038,0.2118
4455,4.455,-0.0934,-0.0063,-0.1828,0.0128,0.1243,0.2706
4456,4.456,-0.0876,-0.0017,-0.3121,0.0174,0.106,0.324
4457,4.457,-0.0396,0.0077,-0.2951,-0.0103,0.1564,0.1802
4458,4.458,0.0187,0.0039,-0.2797,-0.0504,0.3859,0.6608
4459,4.459,0.0734,0.0117,-0.127,-0.0237,0.2874,0.853
4460,4.46,0.0947,-0.0041,-0.0257,0.0101,0.0183,0.3295
4461,4.461,0.0882,-0.0019,-0.0446,0.0234,-0.0906,-0.1642
4462,4.462,0.0825,0.0082,0.0054,0.0352,-0.1241,-0.2295
4463,4.463,0.0559,0.0026,0.0509,0.0317,-0.1542,-0.2884
4464,4.464,0.0026,-0.0025,0.1204,0.002,-0.1275,-0.3418
4465,4.465,-0.0044,-0.0011,0.0827,0.0059,-0.054,-0.1982
4466,4.466,-0.0108,0.0003,0.0711,0.024,-0.3006,-0.504
4467,4.467,-0.0401,-0.001,0.1021,0.0208,-0.3338,-0.941
4468,4.468,-0.1095,-0.002,0.2444,0.0239,-0.125,-0.5344
4469,4.469,-0.119,-0.0031,0.2652,0.0049,0.0653,0.0481
4470,4.47,-0.1276,-0.0059,0.21,-0.0123,0.0903,0.2816
4471,4.471,-0.0571,-0.0017,0.1595,-0.0189,0.1128,0.2122
4472,4.472,0.0093,0.002,0.144,-0.0131,0.1333,0.2768
4473,4.473,0.0007,0.0097,0.0185,0.0135,0.1148,0.2192
4474,4.474,-0.0226,0.0087,-0.133,0.0028,0.2325,0.2722
4475,4.475,-0.0157,0.0132,-0.2349,-0.0202,0.4008,0.8968
4476,4.476,0.0425,0.0174,-0.2166,-0.0173,0.199,0.6418
4477,4.477,0.0657,0.0059,-0.1999,0.0018,-0.0458,0.0989
4478,4.478,0.0443,0.0008,-0.1846,0.009,-0.0794,-0.2542
4479,4.479,0.0378,-0.0038,-0.1151,0.0067,-0.1097,-0.1916
4480,4.48,0.0203,-0.0052,-0.0518,0.0087,-0.1372,-0.2503
4481,4.481,0.0255,-0.0041,-0.0402,0.0216,-0.1621,-0.3037
4482,4.482,0.0207,-0.0009,0.0747,0.0199,-0.14,-0.1599
4483,4.483,0.0164,0,0.1207,-0.0031,-0.4048,-0.7278
4484,4.484,0.0125,0.0008,0.1627,-0.0063,-0.297,-0.8056
4485,4.485,0.0159,-0.0001,0.1757,0.0025,-0.0013,-0.3131
4486,4.486,0.0257,-0.0053,0.1418,-0.0221,0.1182,0.1361
4487,4.487,0.0168,-0.0089,0.1946,-0.0252,0.0826,0.1955
4488,4.488,0.0029,-0.0047,0.0908,-0.0223,0.1155,0.249
4489,4.489,-0.0145,-0.0019,-0.0063,-0.0032,0.1454,0.2975
4490,4.49,-0.0213,0.0006,-0.0949,-0.0008,0.1183,0.2542
4491,4.491,-0.003,0.0075,-0.1069,-0.0075,0.3401,0.4528
4492,4.492,-0.0304,0.0045,-0.0341,-0.0055,0.3701,0.9224
4493,4.493,-0.0269,0.0037,-0.1003,-0.0149,0.1257,0.475
4494,4.494,0.016,0.0045,-0.0913,-0.0167,-0.1048,-0.0494
4495,4.495,0.0452,0.0008,-0.0987,0.0061,-0.0756,-0.2616
4496,4.496,0.0506,0.0028,-0.1054,0.0223,-0.1031,-0.1985
4497,4.497,0.0071,-0.0014,-0.0727,0.0073,-0.1279,-0.2572
4498,4.498,-0.0103,0.0027,-0.1018,-0.0009,-0.1057,-0.2049
4499,4.499,-0.005,-0.002,-0.0215,0.0014,-0.2481,-0.2532
4500,4.5,-0.0003,0.001,0.0364,-0.0009,-0.4149,-0.9086
4501,4.501,-0.0134,0.0006,0.1095,-0.0234,-0.1684,-0.6282
4502,4.502,-0.0252,0.0012,0.0812,-0.0443,0.062,-0.2015
4503,4.503,-0.0144,0.0009,-0.0481,-0.0526,0.0924,0.1869
4504,4.504,0.0154,0.0038,-0.1409,-0.06,0.1199,0.2582
4505,4.505,0.0433,0.0057,-0.158,-0.0265,0.1447,0.3227
4506,4.506,0.0397,0.0005,-0.082,0.0267,0.1226,0.2651
4507,4.507,0.03,-0.0047,0.1263,0.0337,0.1429,0.2125
4508,4.508,0.0152,-0.011,0.2155,0.0401,0.3837,0.6448
4509,4.509,0.0073,-0.0101,0.2425,0.0573,0.2854,0.8194
4510,4.51,0.0052,-0.0031,0.1689,0.0413,0.0164,0.3433
4511,4.511,-0.0101,0.0015,0.1021,0.0269,-0.0925,-0.1061
4512,4.512,-0.0324,0.011,-0.0807,0.0137,-0.1257,-0.1657
4513,4.513,-0.041,0.0048,-0.1541,0.0175,-0.0962,-0.2195
4514,4.514,-0.0273,0.0059,0.0029,0.0283,-0.1236,-0.2684
4515,4.515,-0.015,0.0029,0.0234,-0.0214,-0.0991,-0.2255
4516,4.516,-0.0038,0.0056,-0.0689,-0.0711,-0.3456,-0.4242
4517,4.517,0.0063,0.0015,-0.2538,-0.0519,-0.3785,-0.8937
4518,4.518,-0.003,-0.0007,-0.1304,0.001,-0.1096,-0.4463
4519,4.519,-0.0216,0,0.1611,0.0364,0.0715,0.0781
4520,4.52,-0.0588,-0.0016,0.2007,0.0298,0.105,0.1498
4521,4.521,-0.0853,-0.0068,0.1644,-0.0113,0.1352,0.2147
4522,4.522,-0.0221,-0.0019,-0.0001,-0.0273,0.1084,0.2731
4523,4.523,0.0729,-0.0013,-0.0308,-0.0227,0.0841,0.2205
4524,4.524,0.0855,0.0004,-0.0047,-0.0008,0.241,0.2687
4525,4.525,0.028,-0,-0.1288,0.0352,0.3834,0.8364
4526,4.526,-0.0029,0.0051,-0.1516,0.0206,0.1798,0.6046
4527,4.527,0.0257,0.0045,-0.1314,-0.0015,-0.0105,0.1112
4528,4.528,0.0345,-0.0049,-0.076,0.0102,-0.0849,-0.2102
4529,4.529,-0.0043,0.002,-0.0593,0.0136,-0.1076,-0.2696
4530,4.53,-0.0118,0.0041,-0.0047,0.0103,-0.1235,-0.274
4531,4.531,-0.033,0.0154,0.0413,-0.0106,-0.1034,-0.3274
4532,4.532,-0.0136,0.0078,-0.0001,-0.0132,-0.122,-0.1836
4533,4.533,0.0039,0.0037,-0.0125,-0.0108,-0.3744,-0.6641
4534,4.534,-0.0121,-0.0102,-0.0237,-0.0444,-0.2664,-0.8566
4535,4.535,0.0021,-0.0157,0.0078,-0.0396,-0.0361,-0.333
4536,4.536,0.0152,-0.0005,0.0554,0.0003,0.1138,0.1607
4537,4.537,0.0351,0.0015,0.1506,0.0162,0.0873,0.226
4538,4.538,0.017,-0.0041,0.2138,0.0209,0.1122,0.2848
4539,4.539,-0.0061,-0.0126,0.1102,0.0253,0.0901,0.2327
4540,4.54,-0.0211,-0.008,-0.071,0.0292,0.0294,0.0891
4541,4.541,-0.0295,-0.0067,-0.096,0.0257,0.3072,0.3077
4542,4.542,-0.0369,0.0047,-0.1191,0.0291,0.347,0.9034
4543,4.543,-0.0304,0.0001,-0.0995,0.0204,0.0943,0.4778
4544,4.544,-0.0283,-0.0013,-0.0077,0.0122,-0.0706,-0.0652
4545,4.545,-0.0189,-0.0025,0.0085,-0.0002,-0.101,-0.137
4546,4.546,-0.0172,-0.0057,0.0543,-0.0023,-0.1284,-0.2019
4547,4.547,-0.0032,-0.0047,0.0126,-0.0001,-0.1041,-0.2603
4548,4.548,0.0135,-0.0169,-0.0249,-0.0131,-0.0819,-0.208
4549,4.549,0.0113,-0.022,0.0099,-0.0147,-0.2243,-0.2562
4550,4.55,0.0052,-0.0114,0.0207,-0.0101,-0.3911,-0.8243
4551,4.551,0.0145,-0.0074,0.0496,0.0109,-0.1894,-0.5926
4552,4.552,0.0059,0.0014,0.1106,0.0199,0.0552,-0.0992
4553,4.553,0.0104,0.0023,0.1658,0.0063,0.0887,0.2221
4554,4.554,0.0117,0.0075,0.0878,-0.0008,0.1189,0.2815
4555,4.555,-0.0048,0.0048,-0.0267,-0.0029,0.1463,0.3351
4556,4.556,-0.0115,0.0005,-0.0723,-0.0048,0.1219,0.2877
4557,4.557,-0.0218,0.0042,-0.0582,-0.0028,0.1443,0.1571
4558,4.558,-0.0349,0.0077,-0.02,-0.0043,0.409,0.6734
4559,4.559,-0.0401,0.0093,-0.1231,-0.0272,0.3009,0.8846
4560,4.56,-0.0233,0.0064,-0.1366,-0.0239,0.005,0.3087
4561,4.561,0.0102,0.0111,-0.048,-0.015,-0.1147,-0.0797
4562,4.562,0.0732,0.0068,0.0787,0.0097,-0.0792,-0.1513
4563,4.563,0.0472,-0.002,0.0283,-0.0067,-0.1124,-0.216
4564,4.564,0.0237,0.0017,-0.0176,-0.0397,-0.1423,-0.2746
4565,4.565,0.0449,0.0027,-0.0036,-0.0089,-0.1155,-0.2223
4566,4.566,0.0126,0.0017,-0.0412,0.0029,-0.3865,-0.4626
4567,4.567,-0.0049,-0.0029,-0.0067,0.0064,-0.3507,-0.9433
4568,4.568,-0.0315,0.0013,0.1496,0.0293,-0.1207,-0.4958
4569,4.569,-0.0268,0.0019,0.1273,0.0265,0.0886,0.0288
4570,4.57,0.0129,0.0039,0.1886,0.0074,0.1163,0.2414
4571,4.571,0.0501,0.0008,0.3926,0.0051,0.1412,0.3062
4572,4.572,0.0453,-0.008,0.2573,0.0028,0.1191,0.2489
4573,4.573,0.0056,-0.0118,0.1342,0.0217,0.0989,0.3023
4574,4.574,-0.0209,-0.015,-0.202,0.0156,0.2285,0.2545
4575,4.575,-0.0255,-0.0078,-0.3461,0.0248,0.3801,0.8226
4576,4.576,-0.0387,0.0007,-0.2153,0.0265,0.1968,0.5909
4577,4.577,-0.0747,0.011,-0.1758,0.0311,-0.0257,0.0977
4578,4.578,-0.0794,0.0179,-0.2839,0.0102,-0.1156,-0.2236
4579,4.579,-0.0397,0.0167,-0.1198,-0.0349,-0.089,-0.2828
4580,4.58,0.0084,0.0156,-0.0899,-0.0672,-0.1138,-0.3362
4581,4.581,0.0667,0.0126,-0.0086,-0.0847,-0.0917,-0.2886
4582,4.582,0.09,-0.0015,-0.033,-0.0795,-0.1527,-0.1579
4583,4.583,0.0971,-0.0076,-0.1001,-0.0554,-0.3935,-0.674
4584,4.584,0.0519,-0.0058,-0.0392,-0.0335,-0.2952,-0.8852
4585,4.585,0.0226,0.0061,-0.0576,0.0024,-0.0263,-0.3092
4586,4.586,0.0067,0.0045,0.0265,0.0265,0.0825,0.0794
4587,4.587,-0.0077,0.0004,0.0725,0.0221,0.1159,0.1511
4588,4.588,0.0321,0.0092,0.1978,0.0259,0.1459,0.2158
4589,4.589,0.0693,0.0014,0.2145,0.0004,0.119,0.2744
4590,4.59,0.0257,-0.0058,0.3213,-0.036,0.0946,0.2218
4591,4.591,-0.0508,-0.0104,0.3069,-0.0023,0.3411,0.4621
4592,4.592,-0.1029,-0.0079,0.2435,0.0637,0.3741,0.8556
4593,4.593,-0.0744,-0.0072,0.0709,0.0541,0.1054,0.4862
4594,4.594,-0.0658,-0.0052,-0.1508,-0.0064,-0.0756,-0.0437
4595,4.595,-0.0423,-0.0068,-0.1804,-0.0143,-0.1091,-0.2561
4596,4.596,-0.0352,0.0008,-0.2618,-0.0074,-0.1392,-0.193
4597,4.597,-0.0416,0.0123,-0.2378,0.0118,-0.1124,-0.2515
4598,4.598,-0.0241,0.0109,-0.2162,-0.0057,-0.088,-0.1993
4599,4.599,0.0239,0.0013,-0.1964,-0.0431,-0.2448,-0.2476
4600,4.6,0.0304,0.0001,-0.1782,-0.0479,-0.3872,-0.9031
4601,4.601,0.0247,0.0012,-0.1952,-0.026,-0.1834,-0.6228
4602,4.602,0.0196,0.0043,-0.0274,-0.0222,0.0069,-0.1962
4603,4.603,0.034,-0.0003,0.0397,-0.0114,0.0814,0.1922
4604,4.604,0.0385,-0.0045,0.0196,0.0115,0.1041,0.2635
4605,4.605,0.0268,-0.0023,0.0752,0.0203,0.1247,0.328
4606,4.606,0.0014,-0.0002,0.0588,0.0229,0.1064,0.2703
4607,4.607,0.0178,-0.0032,0.0744,0.0402,0.1569,0.2176
4608,4.608,0.0266,-0.0096,0.0607,0.0335,0.3866,0.6498
4609,4.609,0.0074,-0.0071,0.0482,0.0437,0.2883,0.8243
4610,4.61,-0.0152,-0.0064,0.0364,0.0381,0.0193,0.348
4611,4.611,-0.0242,-0.0084,0.0464,0.0229,-0.0894,-0.1015
4612,4.612,-0.0106,-0.0026,0.0559,0.0209,-0.1227,-0.1612
4613,4.613,0.0018,-0.0048,0.0646,0.0117,-0.0932,-0.215
4614,4.614,-0.0185,-0.0068,0.0726,0.0235,-0.1205,-0.2638
4615,4.615,-0.0211,-0.0025,0.0659,0.0188,-0.0961,-0.2208
4616,4.616,-0.0087,0.0016,0.0599,-0.002,-0.3427,-0.4198
4617,4.617,-0.0021,0.0032,0.0307,-0.0291,-0.3757,-0.9616
4618,4.618,-0.0122,0.0036,0.0038,-0.0109,-0.1069,-0.5751
4619,4.619,-0.0252,0.0008,-0.0015,0.0055,0.0742,0.0591
4620,4.62,-0.01,0.0027,0.0111,0.0027,0.1077,0.1456
4621,4.621,-0.008,0.0079,0.0147,0.0001,0.1378,0.2237
4622,4.622,-0.0025,0.0057,0.0183,0.0174,0.111,0.2943
4623,4.623,-0.0076,-0.002,0.0283,0.0108,0.0866,0.2304
4624,4.624,-0.0092,0.001,0.0195,-0.0197,0.2435,0.2885
4625,4.625,-0.0024,0.0002,0.0274,-0.0151,0.3859,0.8693
4626,4.626,-0.0039,0.0028,0.0046,-0.0031,0.1821,0.6373
4627,4.627,0.0014,0.008,-0.0044,0.0079,-0.0082,0.1438
4628,4.628,0.0085,0.0016,-0.0017,-0.0017,-0.0826,-0.1777
4629,4.629,0.013,-0.0026,0.0008,-0.0104,-0.1053,-0.2371
4630,4.63,0.0138,0.0043,0.0035,-0.024,-0.1259,-0.2909
4631,4.631,0.0176,0.0084,0.0069,-0.0115,-0.1094,-0.3021
4632,4.632,0.0245,0.002,0.0179,-0.0049,-0.128,-0.1585
4633,4.633,0.0106,-0.0006,0.0018,-0.0108,-0.3805,-0.6391
4634,4.634,-0.0035,-0.0013,-0.0314,-0.0014,-0.2726,-0.8315
4635,4.635,-0.0127,0.0008,-0.0262,0.0073,-0.0425,-0.3082
4636,4.636,0.006,-0.0009,-0.0038,0.0121,0.1072,0.1854
4637,4.637,0.0085,-0.0026,0.0488,0.0137,0.0806,0.2507
4638,4.638,-0.007,-0.0011,0.156,0.0176,0.1054,0.3093
4639,4.639,-0.017,0.002,0.1414,0.0234,0.1279,0.2569
4640,4.64,-0.0224,0.0059,-0.039,0.0098,0.067,0.113
4641,4.641,-0.0071,0.0033,-0.1618,0.0007,0.3078,0.3315
4642,4.642,-0.0091,-0.0036,-0.2287,-0.0042,0.3407,0.9272
4643,4.643,-0.0147,-0.0066,-0.127,0.01,0.1318,0.5015
4644,4.644,0.0006,-0.0039,0.1136,0.0084,-0.0586,-0.0415
4645,4.645,0.0149,-0.0134,0.2774,-0.0168,-0.0839,-0.2539
4646,4.646,0.0429,-0.0146,0.307,-0.0275,-0.1067,-0.191
4647,4.647,0.0469,-0.0156,0.1172,-0.0175,-0.1274,-0.2496
4648,4.648,-0.0003,-0.0125,-0.1047,-0.0201,-0.1092,-0.1972
4649,4.649,-0.0195,-0.0004,-0.0154,-0.0062,-0.2271,-0.2454
4650,4.65,-0.0252,0.0115,0.0659,0.0063,-0.3957,-0.8133
4651,4.651,-0.0304,0.0221,-0.1558,-0.0182,-0.1941,-0.7365
4652,4.652,-0.0255,0.0235,-0.2449,-0.0212,0.0505,-0.1024
4653,4.653,0.0053,0.0147,-0.2717,-0.0122,0.0839,0.1546
4654,4.654,0.0333,-0.0002,-0.3451,-0.0093,0.114,0.2334
4655,4.655,0.0226,0.0018,-0.3671,-0.0114,0.1413,0.3044
4656,4.656,0.0194,0.0036,-0.1429,-0.0135,0.0676,0.2412
4657,4.657,0.0645,0.0053,0.0659,-0.0031,0.1348,0.1836
4658,4.658,0.1357,-0.0023,0.2016,-0.016,0.3586,0.6593
4659,4.659,0.0884,-0.0064,0.1772,-0.0277,0.2096,0.8516
4660,4.66,0.0107,-0.0052,0.0203,-0.0107,0.0193,0.3282
4661,4.661,-0.0204,-0.0084,0.0405,0.0186,-0.1047,-0.1654
4662,4.662,-0.0488,-0.0074,-0.0521,0.0386,-0.083,-0.2307
4663,4.663,-0.0574,-0.0101,-0.1701,0.0568,-0.0631,-0.2893
4664,4.664,-0.0807,-0.0213,-0.1552,0.0535,-0.1189,-0.237
4665,4.665,-0.0593,-0.0198,0.0531,0.0205,-0.1025,-0.1892
4666,4.666,-0.0529,-0.0157,0.3809,0.0161,-0.3322,-0.4075
4667,4.667,-0.0235,-0.0044,0.5118,0.0121,-0.3653,-0.9237
4668,4.668,-0.0075,0.0033,0.393,-0.0061,-0.0967,-0.5722
4669,4.669,0.0168,0.0129,0.141,-0.003,0.0843,0.0049
4670,4.67,0.0301,0.0166,-0.0886,-0.0002,0.1177,0.239
4671,4.671,0.0342,0.0017,-0.178,-0.0194,0.1477,0.3104
4672,4.672,0.0089,-0.0003,-0.2055,-0.0267,0.1208,0.2473
4673,4.673,0.0585,0.0127,-0.1326,-0.0379,0.0963,0.306
4674,4.674,0.1226,0.0043,-0.0215,-0.0484,0.2083,0.2538
4675,4.675,0.0621,0.0027,-0.0017,-0.0343,0.3916,0.8787
4676,4.676,-0.0085,0.0124,-0.0576,-0.0251,0.1697,0.6241
4677,4.677,-0.0369,0.0161,-0.142,-0.0168,-0.0397,0.0816
4678,4.678,-0.0455,0.0217,-0.2188,0.0061,-0.0675,-0.1305
4679,4.679,-0.0378,0.0102,-0.2053,0.0158,-0.0925,-0.1955
4680,4.68,-0.0166,-0.0068,-0.193,0.0187,-0.1151,-0.2541
4681,4.681,-0.049,-0.0134,-0.1124,0.016,-0.0951,-0.3073
4682,4.682,-0.0665,-0.0114,0.0025,0.0036,-0.1137,-0.1633
4683,4.683,-0.0613,-0.0059,0.0791,0.0013,-0.3662,-0.6435
4684,4.684,-0.0758,-0.0008,0.0931,0.0073,-0.2583,-0.8355
4685,4.685,-0.0979,-0.0085,0.0805,0.0053,-0.0282,-0.3118
4686,4.686,-0.078,-0.0098,0.069,0.0069,0.0618,0.1821
4687,4.687,-0.0379,-0.0036,0.0585,0.0298,0.0894,0.2477
4688,4.688,-0.022,-0.0026,0.0868,0.0395,0.1142,0.3067
4689,4.689,0.0021,0.0047,0.1298,0.0245,0.0921,0.2548
4690,4.69,-0.0023,-0.0017,0.1373,-0.0114,0.0719,0.2073
4691,4.691,0.0016,-0.0043,0.1295,-0.0453,0.3126,0.426
4692,4.692,0.0197,0.001,0.1096,-0.0324,0.3455,0.8631
4693,4.693,0.0229,0.0017,0.0326,-0.0126,0.1367,0.4568
4694,4.694,0.0201,-0.0014,0.0223,0.0053,-0.0536,-0.0197
4695,4.695,0.0174,-0.0043,-0.0057,-0.0113,-0.0787,-0.2129
4696,4.696,0.0298,0.0035,-0.014,-0.0385,-0.1013,-0.2719
4697,4.697,0.0546,0.0091,-0.0059,-0.0351,-0.1217,-0.3251
4698,4.698,0.0843,0.0101,-0.0131,-0.0122,-0.1034,-0.2773
4699,4.699,0.0642,-0.0002,-0.007,-0.0034,-0.2212,-0.2337
4700,4.7,0.0312,-0.0042,-0.0127,-0.0062,-0.4202,-0.8291
4701,4.701,0.0266,0.0071,-0.0178,-0.0085,-0.2305,-0.7442
4702,4.702,0.0226,-0.0004,-0.0227,-0.0019,0.0413,-0.2016
4703,4.703,0.019,0.001,-0.0448,0.0123,0.0781,0.1517
4704,4.704,0.0156,-0.0028,-0.0172,0.0216,0.1114,0.2169
4705,4.705,0.0126,0.0005,-0.0066,0.0199,0.1415,0.2756
4706,4.706,0.0097,-0.0006,-0.0034,0.0245,0.1147,0.329
4707,4.707,0.0072,-0.0033,0.0415,0.0204,0.1394,0.1852
4708,4.708,0.0094,-0.0007,0.0868,0.0166,0.3861,0.6656
4709,4.709,-0.0007,-0.0029,0.0928,0.0133,0.2878,0.8579
4710,4.71,-0.0026,-0.0022,0.0559,0.0163,0.0788,0.3344
4711,4.711,-0.0144,-0.0005,0.1094,0.0155,-0.1115,-0.1592
4712,4.712,-0.0251,0.0048,0.1025,0.0197,-0.0874,-0.2245
4713,4.713,-0.021,0.0013,0.0185,0.0311,-0.1098,-0.2834
4714,4.714,-0.0121,-0.0004,-0.062,0.0362,-0.1302,-0.3368
4715,4.715,-0.0293,0.0013,-0.1559,0.0193,-0.0748,-0.193
4716,4.716,-0.0466,-0.0001,-0.2693,0.0128,-0.3272,-0.4115
4717,4.717,-0.0488,0.0068,-0.3453,0.023,-0.3633,-0.9278
4718,4.718,-0.0262,0.0079,-0.1919,-0.005,-0.1332,-0.5764
4719,4.719,-0.0172,-0.0024,0.032,-0.025,0.0762,0.0004
4720,4.72,-0.0197,-0.0092,0.1808,-0.0214,0.104,0.2341
4721,4.721,0.0177,-0.0004,0.4244,-0.0246,0.129,0.3055
4722,4.722,0.0979,-0.0082,0.3258,-0.0218,0.107,0.2421
4723,4.723,0.0865,-0.0092,0.0574,-0.0027,0.0869,0.3006
4724,4.724,0.0345,-0.0083,-0.0504,0.0197,0.2166,0.2481
4725,4.725,0.0251,0.0045,-0.0829,0.0285,0.4019,0.8727
4726,4.726,-0.0008,0.0101,-0.0529,-0.0015,0.1801,0.6178
4727,4.727,0.0068,0.0152,-0.0258,-0.0294,-0.0291,0.2299
4728,4.728,0.0422,0.0228,-0.1491,-0.0695,-0.1109,-0.1234
4729,4.729,0.0614,0.0103,-0.2615,-0.0642,-0.0867,-0.1885
4730,4.73,0.032,0.0086,-0.2822,-0.0108,-0.1092,-0.2471
4731,4.731,-0.0267,0.0041,-0.2269,0.0106,-0.1297,-0.3006
4732,4.732,-0.0261,-0.0061,-0.085,0.017,-0.1283,-0.1988
4733,4.733,-0.0182,-0.0102,-0.0341,0.0112,-0.369,-0.6312
4734,4.734,-0.0251,-0.0039,0.0124,0.0164,-0.2707,-0.8058
4735,4.735,-0.0442,-0.0049,0.0546,0.0116,-0.0616,-0.3298
4736,4.736,-0.0382,-0.008,0.118,0.0248,0.0747,0.1194
4737,4.737,-0.0327,-0.0053,0.1297,0.0209,0.0997,0.1791
4738,4.738,-0.0372,-0.0062,0.1816,0.0317,0.1223,0.2328
4739,4.739,-0.0324,-0.0146,0.286,0.0154,0.1428,0.2815
4740,4.74,-0.036,-0.0115,0.1888,0.0303,0.0875,0.1509
4741,4.741,-0.0393,-0.0084,0.0247,0.0332,0.3062,0.3495
4742,4.742,-0.0425,0.0019,-0.1768,0.0356,0.3362,0.8189
4743,4.743,-0.0453,0.0088,-0.2038,0.0064,0.092,0.4993
4744,4.744,-0.0206,0.005,-0.1303,-0.0457,-0.0728,0.0913
4745,4.745,0.0225,0.0018,-0.0636,-0.0243,-0.1627,-0.1743
4746,4.746,0.0635,-0.0012,0.0374,-0.0435,-0.136,-0.2233
4747,4.747,0.0689,-0.0021,0.0552,-0.0492,-0.1117,-0.2676
4748,4.748,0.0642,-0.0029,-0.0628,-0.0545,-0.0896,-0.2284
4749,4.749,0.0511,-0.0022,-0.0781,-0.0401,-0.1913,-0.2646
4750,4.75,0.0313,-0.0016,-0.0084,-0.0444,-0.3951,-0.7568
4751,4.751,-0.0087,-0.0033,0.0296,-0.0405,-0.2055,-0.6869
4752,4.752,0.0286,0.0055,0.1103,-0.044,0.0169,-0.1103
4753,4.753,0.0819,0.0117,0.1,0.0057,0.1069,0.2784
4754,4.754,0.0748,0.0013,0.0524,0.0129,0.1344,0.2096
4755,4.755,-0.0094,-0.0001,0.1816,0.0323,0.1102,0.2744
4756,4.756,-0.044,0.0011,0.163,0.0381,0.0881,0.3331
4757,4.757,-0.0544,0.0001,0.0787,0.0435,0.1492,0.1753
4758,4.758,-0.0639,-0.003,-0.0288,0.0291,0.39,0.6079
4759,4.759,-0.09,-0.0171,-0.0709,0.0248,0.2917,0.7827
4760,4.76,-0.0979,-0.0273,-0.0585,0.0286,0.0827,0.3069
4761,4.761,-0.0909,-0.018,-0.0701,0.025,-0.1077,-0.1422
4762,4.762,-0.0459,0.0006,0.0029,0.0086,-0.0837,-0.2017
4763,4.763,0.0421,0.003,0.0123,-0.0123,-0.1064,-0.2552
4764,4.764,0.0296,-0.0036,0.0037,-0.0424,-0.1269,-0.3037
4765,4.765,-0.005,0.0024,-0.004,-0.0224,-0.0716,-0.2605
4766,4.766,-0.0154,0.0043,-0.0109,0.003,-0.3239,-0.3795
4767,4.767,-0.025,0.006,0.0476,0.0062,-0.3602,-0.9208
4768,4.768,-0.0509,-0.0017,0.071,-0.0027,-0.1302,-0.534
4769,4.769,-0.0276,0.008,-0.0076,-0.0054,0.0791,-0.0403
4770,4.77,-0.0063,0.0244,-0.1224,-0.0032,0.1069,0.2811
4771,4.771,0.026,0.0178,-0.2295,-0.0011,0.1319,0.2244
4772,4.772,0.0789,0.0198,-0.2433,-0.0154,0.1098,0.2779
4773,4.773,0.1003,0.0067,-0.1293,-0.0173,0.0897,0.2305
4774,4.774,0.081,0.0016,-0.022,0.0047,0.2193,0.2746
4775,4.775,0.0751,0.0062,0.0754,0.0218,0.4046,0.7909
4776,4.776,0.0698,-0.0034,0.1384,0.0247,0.1828,0.7212
4777,4.777,0.0648,0.0003,0.2418,0.011,-0.0265,0.1447
4778,4.778,0.0426,-0.0029,0.2833,-0.0062,-0.1084,-0.2438
4779,4.779,-0.0096,-0.0039,0.0935,0.0092,-0.0843,-0.1749
4780,4.78,-0.0168,0.0064,-0.0422,0.0398,-0.1069,-0.2397
4781,4.781,-0.0493,-0.0061,-0.2145,0.0617,-0.1273,-0.2983
4782,4.782,-0.1141,-0.0078,-0.2815,0.0499,-0.109,-0.246
4783,4.783,-0.1057,-0.0033,-0.0981,0.0318,-0.3614,-0.6785
4784,4.784,-0.0825,0.0008,-0.0245,0.0286,-0.3254,-0.8532
4785,4.785,-0.0472,-0.008,0.0425,0.0015,-0.0295,-0.3774
4786,4.786,-0.0409,0.0069,0.2255,-0.0239,0.0901,0.0717
4787,4.787,-0.0585,0.0171,0.1026,-0.0272,0.1267,0.2473
4788,4.788,-0.0321,0.0115,-0.0088,-0.0662,0.0943,0.3007
4789,4.789,0.0405,0.0064,-0.069,-0.0928,0.1243,0.2531
4790,4.79,0.1552,-0.0012,-0.0499,-0.0491,0.0975,0.2097
4791,4.791,0.1094,0.0002,-0.0328,-0.0198,0.3193,0.408
4792,4.792,0.0677,-0.0061,0.0744,-0.0039,0.3494,0.8772
4793,4.793,0.0299,-0.0028,0.2551,-0.0086,0.1052,0.5575
4794,4.794,0.0183,-0.008,0.2306,-0.013,-0.0596,0.0331
4795,4.795,0.0079,-0.0144,0.1636,0.0069,-0.0899,-0.1792
4796,4.796,-0.0016,-0.0084,-0.0194,0.0178,-0.1172,-0.2443
4797,4.797,-0.0103,-0.0047,-0.1915,0.0275,-0.1419,-0.3032
4798,4.798,-0.0494,-0.0011,-0.3033,0.0304,-0.1195,-0.2512
4799,4.799,-0.0564,0.002,-0.283,0.0056,-0.221,-0.2036
4800,4.8,-0.0372,0.0072,-0.1904,-0.0241,-0.3876,-0.859
4801,4.801,-0.008,0.0024,-0.0388,-0.0202,-0.1858,-0.766
4802,4.802,-0.0027,0.0093,0.1446,-0.0094,0.0046,-0.1695
4803,4.803,-0.0074,-0.0009,0.1203,0.0004,0.0792,0.2188
4804,4.804,-0.0029,-0.0049,0.0532,-0.0203,0.102,0.2902
4805,4.805,0.0332,-0.0061,0.1139,-0.0121,0.1227,0.2266
4806,4.806,0.0284,-0.0004,0.2063,0.0151,0.1046,0.2849
4807,4.807,0.0592,0.0111,0.1895,0.0116,0.1215,0.2322
4808,4.808,0.0312,-0.0058,-0.0096,0.028,0.3512,0.6644
4809,4.809,-0.0016,-0.0079,-0.091,0.0428,0.3186,0.8388
4810,4.81,-0.006,-0.0018,-0.1648,0.0401,0.0497,0.3626
4811,4.811,-0.0099,0.0038,-0.0978,0.0077,-0.059,-0.0869
4812,4.812,-0.0499,0.0022,-0.1182,-0.0143,-0.0924,-0.2629
4813,4.813,-0.0446,-0.0023,-0.1738,-0.0344,-0.1224,-0.2113
4814,4.814,-0.0007,-0.0009,-0.2243,-0.0164,-0.1496,-0.2602
4815,4.815,0.0169,-0.0046,-0.2093,0.0064,-0.076,-0.2172
4816,4.816,-0.0094,-0.0101,-0.0007,-0.0024,-0.3224,-0.416
4817,4.817,-0.0237,-0.0006,0.2678,0.0112,-0.3554,-0.9577
4818,4.818,-0.0281,-0.0043,0.2316,0.0088,-0.1466,-0.5712
4819,4.819,-0.0003,-0.0053,0.2642,0.0291,0.0439,-0.0779
4820,4.82,0.0106,0.0063,0.1747,0.0265,0.1183,0.2432
4821,4.821,-0.0191,0.0078,-0.0693,-0.0007,0.1411,0.1862
4822,4.822,-0.015,0.0065,-0.2334,-0.0334,0.1211,0.2393
4823,4.823,0.018,0.0003,-0.1445,-0.0465,0.1028,0.2877
4824,4.824,0.0401,-0.0029,0.045,-0.0105,0.2207,0.2441
4825,4.825,0.0601,0.0086,0.0696,-0.0249,0.4197,0.8396
4826,4.826,0.0201,0.0072,0.0479,-0.0206,0.2301,0.7547
4827,4.827,0.0043,0.0032,0.1092,0.0234,0.0077,0.212
4828,4.828,0.0189,-0.0031,0.0542,0.029,-0.0823,-0.1413
4829,4.829,0.0147,0.0072,-0.097,0.0236,-0.1098,-0.2066
4830,4.83,-0.013,0.0003,-0.1174,0.0188,-0.1346,-0.2653
4831,4.831,-0.0094,-0.0035,0.0486,0.0057,-0.1125,-0.3187
4832,4.832,0.0071,-0.0091,0.2499,-0.006,-0.133,-0.175
4833,4.833,0.0086,-0.0088,0.2698,0.0121,-0.3866,-0.6402
4834,4.834,-0.0003,0.0027,0.1887,0.0286,-0.2943,-0.8591
4835,4.835,0.0133,-0.0049,-0.0821,-0.0043,-0.0415,-0.3427
4836,4.836,0.006,-0.0009,-0.3342,-0.0263,0.0673,0.151
4837,4.837,-0.0276,0.0003,-0.3009,-0.0145,0.1005,0.2164
4838,4.838,-0.0615,0.0035,-0.2114,-0.0181,0.1305,0.2752
4839,4.839,-0.0483,0.0004,-0.0758,-0.0346,0.1036,0.3286
4840,4.84,-0.0043,0.0088,-0.0022,-0.0198,0.0791,0.1847
4841,4.841,0.025,0.0098,0.0199,-0.0226,0.3255,0.3158
4842,4.842,0.0303,-0.004,-0.0413,-0.0202,0.3584,0.8322
4843,4.843,0.0447,-0.0096,-0.0231,-0.0137,0.0895,0.4808
4844,4.844,0.0403,0.0022,-0.04,-0.0117,-0.0916,0.0319
4845,4.845,0.0364,0.0037,0.0057,0.0087,-0.1252,-0.144
4846,4.846,-0.0037,0.0023,0.1025,0.0167,-0.1555,-0.1977
4847,4.847,-0.0303,0.0011,0.0892,0.0191,-0.183,-0.2463
4848,4.848,-0.016,-0.0045,0.008,0.0035,-0.1096,-0.2905
4849,4.849,0.006,-0.0015,0.0387,0.0014,-0.177,-0.2511
4850,4.85,-0.0541,-0.0006,0.0103,0.0107,-0.401,-0.7922
4851,4.851,-0.0627,-0.0032,0.0022,0.009,-0.1926,-0.7153
4852,4.852,-0.0393,-0.0039,0.1044,0.0105,0.0519,-0.2222
4853,4.853,-0.0321,-0.0089,0.1742,0.0286,0.0853,0.2271
4854,4.854,-0.0255,-0.0084,0.1367,0.0359,0.1153,0.2865
4855,4.855,-0.008,-0.009,0.0332,0.0248,0.1426,0.2345
4856,4.856,-0.0028,-0.0012,0.0196,0.0147,0.1181,0.2832
4857,4.857,-0.0173,0.0019,-0.0177,0.0316,0.1403,0.1528
4858,4.858,-0.0042,0.0029,-0.1211,0.0205,0.4048,0.5896
4859,4.859,0.0075,-0.0075,-0.0239,-0.0101,0.2967,0.8805
4860,4.86,0.0108,-0.0062,-0.0116,0.0031,0.0663,0.4047
4861,4.861,0.0075,-0.0025,0.0228,0.0231,-0.0836,-0.0443
4862,4.862,-0.0015,-0.0035,0.0124,0.0339,-0.1113,-0.2199
4863,4.863,-0.0208,0.0079,0.0407,0.024,-0.1364,-0.2736
4864,4.864,-0.0186,0.0094,-0.0888,-0.0211,-0.1145,-0.3222
4865,4.865,0.015,0.0024,-0.0703,-0.0275,-0.0945,-0.1915
4866,4.866,0.0877,0.0087,0.0475,-0.0218,-0.2984,-0.39
4867,4.867,0.1187,0.0118,0.0936,-0.0484,-0.38,-0.9313
4868,4.868,0.0523,0.0108,-0.0033,-0.0726,-0.1581,-0.5445
4869,4.869,-0.0254,0.0043,-0.1167,-0.0858,0.0511,-0.051
4870,4.87,-0.0357,-0.0035,-0.1015,-0.0498,0.0786,0.2703
4871,4.871,0.0117,-0.0087,0.1069,-0.0451,0.1033,0.2136
4872,4.872,0.0202,-0.0152,0.077,0.0122,0.1258,0.2671
4873,4.873,0.028,-0.023,-0.0587,0.0512,0.1055,0.2196
4874,4.874,0.0067,-0.0282,-0.2806,0.0441,0.198,0.2635
4875,4.875,-0.0385,-0.0161,-0.1315,0.0505,0.383,0.7798
4876,4.876,-0.1149,0.0059,-0.1044,0.0751,0.2105,0.7101
4877,4.877,-0.1461,0.0267,0.0679,0.0458,0.0081,0.1338
4878,4.878,-0.0987,0.024,0.0902,-0.0236,-0.0739,-0.2546
4879,4.879,-0.0038,0.0067,0.314,-0.071,-0.099,-0.1857
4880,4.88,0.0338,0.0089,0.0453,-0.0625,-0.1217,-0.2502
4881,4.881,0.0223,0.015,-0.1352,-0.0391,-0.1018,-0.3088
4882,4.882,0.0534,0.0205,-0.1023,-0.0605,-0.1205,-0.1509
4883,4.883,0.1007,0.0087,-0.0724,-0.0413,-0.3731,-0.5834
4884,4.884,0.0921,0.001,-0.0994,-0.0004,-0.2653,-0.8742
4885,4.885,0.0374,0.0051,-0.124,0.0154,-0.0352,-0.3984
4886,4.886,0.0303,0.0039,-0.0125,0.0297,0.1145,0.1787
4887,4.887,0.0626,0.0071,0.0478,0.0253,0.0879,0.2575
4888,4.888,0.0684,-0.0024,0.1028,0.0215,0.1127,0.3285
4889,4.889,0.0203,-0.0012,0.1528,0.025,0.1352,0.2652
4890,4.89,0.0009,-0.0044,0.1983,0.0414,0.0744,0.2076
4891,4.891,0.0066,-0.0096,0.1842,0.0385,0.3151,0.3659
4892,4.892,-0.0306,-0.0105,0.096,0.0358,0.3481,0.8946
4893,4.893,-0.0548,-0.0096,0.1075,0.0582,0.1393,0.5431
4894,4.894,-0.0504,-0.0044,0.1387,0.0494,-0.0511,-0.0337
4895,4.895,-0.0303,-0.0023,0.2241,0.0247,-0.0763,-0.2671
4896,4.896,-0.0337,-0.0054,0.0517,0.0149,-0.0989,-0.1978
4897,4.897,-0.0434,-0.0094,-0.1702,0.0001,-0.1194,-0.2622
4898,4.898,-0.0346,-0.0079,-0.3197,-0.0246,-0.1012,-0.3207
4899,4.899,-0.0266,-0.0009,-0.4555,-0.0675,-0.2189,-0.2682
4900,4.9,-0.0489,0.0086,-0.1846,-0.0145,-0.4179,-0.7969
4901,4.901,-0.0578,0.0148,-0.004,-0.0074,-0.2281,-0.7271
4902,4.902,-0.0441,0.0093,-0.0364,-0.0526,-0.0056,-0.1506
4903,4.903,-0.0068,0.0083,0.0533,-0.0468,0.0845,0.238
4904,4.904,0.0733,0.0056,-0.0817,-0.052,0.1121,0.1692
4905,4.905,0.0619,-0.0022,-0.1059,-0.0375,0.137,0.234
4906,4.906,0.0931,-0.0032,0.0064,-0.0066,0.115,0.2926
4907,4.907,0.0837,0.0033,0.0674,0.0134,0.1355,0.2403
4908,4.908,0.0406,-0.0009,0.0491,0.0171,0.3765,0.5766
4909,4.909,0.0173,-0.0015,0.0322,0.0203,0.2783,0.7955
4910,4.91,0.0387,-0.0022,0.0473,0.0174,0.0694,0.3587
4911,4.911,0.0194,-0.0038,0.0612,0.0147,-0.0668,-0.0494
4912,4.912,-0.0098,-0.0043,0.0236,0.022,-0.0918,-0.2092
4913,4.913,-0.015,-0.0017,-0.0338,0.0242,-0.1144,-0.258
4914,4.914,-0.0197,-0.002,-0.0234,0.0057,-0.1348,-0.3022
4915,4.915,-0.0328,-0.004,0.0048,0.008,-0.0794,-0.263
4916,4.916,-0.0287,-0.0014,0.0475,0.0101,-0.3318,-0.3711
4917,4.917,-0.0319,-0.0059,0.0548,-0.0126,-0.3679,-0.8635
4918,4.918,-0.0349,-0.0054,0.1612,0.0022,-0.1379,-0.512
4919,4.919,-0.02,-0.0001,0.1458,0.0212,0.0715,-0.0629
4920,4.92,-0.0228,-0.0008,-0.0067,0.0087,0.0993,0.2293
4921,4.921,-0.0156,-0.0024,-0.0672,-0.0116,0.1242,0.2834
4922,4.922,-0.0091,0.0028,-0.0484,-0.0251,0.1022,0.3323
4923,4.923,-0.0069,-0.0008,-0.0314,-0.0026,0.0822,0.2893
4924,4.924,-0.0087,0.0022,0.0146,0.0125,0.2119,0.2501
4925,4.925,-0.014,0.0017,0.0561,0.0209,0.3972,0.7916
4926,4.926,-0.0159,-0.0009,0.0438,0.0284,0.2249,0.715
4927,4.927,0.0017,-0.0005,-0.0135,0.0263,-0.0222,0.2221
4928,4.928,0.0038,-0.0007,-0.0028,0.004,-0.1213,-0.227
4929,4.929,0.0059,-0.0032,-0.0122,-0.0048,-0.0918,-0.1701
4930,4.93,-0.0042,-0.0042,-0.0551,-0.0021,-0.1192,-0.2232
4931,4.931,-0.0022,0.0008,-0.0318,0.0052,-0.0948,-0.2717
4932,4.932,-0.0005,0.0029,0.0036,0.003,-0.1172,-0.2282
4933,4.933,-0.0019,-0.0001,0.0358,0.001,-0.3819,-0.5853
4934,4.934,-0.0022,0.0034,0.0933,-0.0009,-0.2988,-0.8803
4935,4.935,-0.009,0.0075,0.0523,-0.0261,-0.0458,-0.3513
4936,4.936,-0.0002,0.0039,0.0574,-0.0734,0.0534,0.1426
4937,4.937,0.0169,0.0051,0.0716,-0.041,0.0837,0.2083
4938,4.938,0.0392,0.0004,0.1376,-0,0.1111,0.2673
4939,4.939,0.0481,-0.0002,0.0523,0.0159,0.1359,0.321
4940,4.94,0.0234,0.0015,-0.0972,-0.0082,0.0689,0.1774
4941,4.941,0.0135,0.001,-0.1173,-0.0301,0.2928,0.396
4942,4.942,-0.0073,-0.0012,-0.1356,-0.0021,0.3823,0.8331
4943,4.943,-0.043,-0.0032,-0.0179,0.0161,0.1381,0.4267
4944,4.944,-0.0866,-0.0007,-0.0944,0.0194,-0.0923,-0.05
4945,4.945,-0.0457,0.0017,0.1142,0.0046,-0.1227,-0.2433
4946,4.946,0.0236,-0.0034,0.2632,0.0019,-0.096,-0.1862
4947,4.947,0.0521,-0.0054,0.0734,-0.0054,-0.1207,-0.2393
4948,4.948,0.0607,-0.0071,-0.0502,-0.0032,-0.0986,-0.1916
4949,4.949,0.0217,0.0005,-0.2971,0.0233,-0.2003,-0.2355
4950,4.95,-0.0137,0.0057,-0.3303,-0.0021,-0.4041,-0.8308
4951,4.951,-0.0202,-0.0007,-0.2411,-0.012,-0.2145,-0.7459
4952,4.952,-0.0377,-0.0032,-0.2141,-0.0091,0.0079,-0.2032
4953,4.953,-0.0111,0.0052,-0.091,-0.0503,0.0979,0.1501
4954,4.954,0.0422,-0.0004,-0.1134,-0.0329,0.1254,0.2155
4955,4.955,0.0209,-0.0014,-0.0119,-0.0063,0.1012,0.2742
4956,4.956,0.0144,0.0013,0.0064,-0.0016,0.0791,0.3277
4957,4.957,0.0087,0.0005,0.124,0.0116,0.0995,0.184
4958,4.958,0.0139,-0.0017,0.1392,0.0077,0.3774,0.5774
4959,4.959,0.0282,-0.0095,0.0975,0.0258,0.338,0.8419
4960,4.96,0.0149,-0.0023,0.0343,0.0356,0.0851,0.4093
4961,4.961,-0.0131,-0.0031,-0.0003,0.0384,-0.0796,-0.1152
4962,4.962,-0.024,-0.0057,0.0307,0.0357,-0.1099,-0.1868
4963,4.963,-0.047,0.0013,0.1728,0.0284,-0.0832,-0.2517
4964,4.964,-0.0678,0.0021,0.315,0.0396,-0.1079,-0.3102
4965,4.965,-0.0815,-0.0038,0.2965,0.0496,-0.0857,-0.2578
4966,4.966,-0.0443,-0.0016,0.2122,0.0477,-0.3095,-0.4022
4967,4.967,0.025,-0.0036,-0.0175,0.0357,-0.3394,-0.8828
4968,4.968,0.0723,0.0059,-0.4443,0.0126,-0.1495,-0.5632
4969,4.969,0.0809,0.0099,-0.2701,-0.0371,0.073,-0.0388
4970,4.97,0.0262,0.0137,-0.112,-0.087,0.1035,0.1736
4971,4.971,-0.052,0.0215,-0.0642,-0.0807,0.131,0.2386
4972,4.972,-0.0208,0.0309,-0.021,-0.0865,0.1068,0.2972
4973,4.973,0.1216,0.012,0.0184,-0.0813,0.0847,0.245
4974,4.974,0.1824,-0.0017,-0.0181,-0.0475,0.2271,0.1971
4975,4.975,0.1639,-0.0141,-0.0513,0.0011,0.394,0.8523
4976,4.976,0.046,-0.0163,0.0377,0.0076,0.2372,0.759
4977,4.977,-0.0611,-0.0061,0.1186,0.0139,-0.0279,0.1622
4978,4.978,-0.0751,-0.0043,0.1429,0.0196,-0.0646,-0.2264
4979,4.979,-0.0626,-0.0059,0.0755,0.0247,-0.0978,-0.1578
4980,4.98,-0.0741,-0.0014,0.055,0.0294,-0.1278,-0.2226
4981,4.981,-0.0429,-0.0054,0.0364,0.0336,-0.1009,-0.2814
4982,4.982,-0.0333,-0.0066,0.0197,0.0135,-0.1254,-0.2292
4983,4.983,-0.0419,-0.0056,0.0046,0.0098,-0.4167,-0.5658
4984,4.984,-0.0497,-0.0026,0.0465,0.0195,-0.2978,-0.8721
4985,4.985,-0.0425,0.0002,0.1605,0.0165,-0.0448,-0.3559
4986,4.986,-0.036,-0.0007,0.0843,0.0136,0.0544,0.1377
4987,4.987,-0.0534,0,-0.013,-0.0088,0.0848,0.2029
4988,4.988,-0.0375,-0.002,-0.051,-0.0178,0.1122,0.2617
4989,4.989,-0.0231,0.001,-0.0857,-0.0152,0.1371,0.3148
4990,4.99,-0.0098,0.0016,-0.1382,-0.008,0.0702,0.1709
4991,4.991,-0.0458,-0.0052,-0.0727,-0.0328,0.2942,0.3892
4992,4.992,-0.0411,-0.0079,-0.0647,-0.0231,0.3838,0.9054
4993,4.993,0.0075,0.0016,-0.0572,-0.0144,0.1397,0.5538
4994,4.994,0.0267,0.0053,-0.064,-0.0063,-0.0906,-0.0234
4995,4.995,0.0092,-0.0003,-0.0183,-0.0087,-0.121,-0.2573
4996,4.996,-0.0066,0.0007,-0.0117,0.0024,-0.0942,-0.1881
4997,4.997,-0.0113,0.0053,-0.0162,0.0085,-0.1189,-0.2526
4998,4.998,0.0108,0.0078,-0.0109,0.0142,-0.0967,-0.3111
4999,4.999,0.0628,0.0072,-0.0064,0.0193,-0.1983,-0.2587
5000,5,0.0839,-0.0006,0.0533,0.0118,-0.4021,-0.7874
5001,5.001,0.0254,-0.0016,0.0788,0.0021,-0.2124,-0.7177
5002,5.002,0.0331,0.0048,0.0396,-0.0143,0.0101,-0.1415
5003,5.003,0.0684,-0.0011,0.0467,-0.0077,0.1002,0.2469
5004,5.004,0.0619,-0.0018,0.0406,0.0107,0.1278,0.1779
5005,5.005,0.0325,-0.0054,0.0586,0.0279,0.1036,0.2424
5006,5.006,0.0271,-0.0024,0.0433,0.0302,0.1263,0.3009
5007,5.007,0.0127,0.0005,0.0197,0.0283,0.1061,0.143
5008,5.008,-0.0005,0.0053,-0.0104,0.0154,0.384,0.5754
5009,5.009,0.0034,-0.0005,-0.0378,0.0003,0.2654,0.8662
5010,5.01,-0.0146,-0.0027,0.0169,0.0064,0.0848,0.3903
5011,5.011,-0.0443,-0.002,-0.0222,-0.014,-0.0799,-0.0589
5012,5.012,-0.0802,-0.0078,-0.0433,-0.0059,-0.1102,-0.2347
5013,5.013,-0.0659,0.0022,-0.0754,0.0113,-0.1376,-0.2885
5014,5.014,0.0001,-0.0019,-0.0106,0.0269,-0.1132,-0.2411
5015,5.015,0.0283,-0.0056,0.05,0.0249,-0.091,-0.198
5016,5.016,0.0023,-0.0046,-0.0044,0.0119,-0.3148,-0.3967
5017,5.017,0.0101,-0.0055,0.0028,0.0137,-0.3448,-0.9382
5018,5.018,-0.0111,-0.0028,0.0221,0.0092,-0.1549,-0.5515
5019,5.019,-0.0561,0.0083,-0.019,-0.0089,0.0675,-0.0581
5020,5.02,-0.0503,0.0129,0.0505,-0.0261,0.0979,0.2631
5021,5.021,-0.013,0.0143,-0.0345,-0.0417,0.1253,0.2061
5022,5.022,0.0597,0.0106,0.0925,-0.0723,0.1011,0.2596
5023,5.023,0.07,0.0028,0.1097,-0.0678,0.0789,0.3082
5024,5.024,0.0795,-0.0045,0.0642,-0.0317,0.2212,0.2649
5025,5.025,0.0538,-0.0054,-0.005,0.0121,0.3879,0.781
5026,5.026,0.0148,-0.0046,-0.0677,0.0179,0.2311,0.7112
5027,5.027,0.0076,0.0023,-0.0559,0.0233,0.0066,0.2627
5028,5.028,-0.0117,-0.0004,-0.0453,0.0282,-0.0835,-0.1456
5029,5.029,-0.0527,0.0021,-0.0735,0.0415,-0.1111,-0.1996
5030,5.03,-0.0685,0.0014,-0.1166,0.0377,-0.1359,-0.2485
5031,5.031,-0.0248,0.0063,-0.1401,0.0124,-0.1139,-0.2927
5032,5.032,-0.0073,-0.0007,-0.1899,0.0092,-0.1344,-0.1743
5033,5.033,-0.0444,-0.011,-0.1707,0.0064,-0.3752,-0.5713
5034,5.034,-0.0201,-0.0041,-0.0827,0.0037,-0.277,-0.9413
5035,5.035,0.0084,-0.0063,0.1165,-0.0086,-0.064,-0.3743
5036,5.036,0.0041,-0.0051,0.2048,0.0117,0.0858,0.0596
5037,5.037,0.0003,-0.0062,0.1702,0.0309,0.1133,0.2353
5038,5.038,-0.0031,-0.0032,0.2222,0.0137,0.089,0.2889
5039,5.039,-0.026,-0.004,0.3644,0.0071,0.1115,0.2414
5040,5.04,-0.0109,-0.0049,0.222,0.0214,0.0913,0.1982
5041,5.041,0.0029,0.0035,-0.0559,-0.0027,0.295,0.3967
5042,5.042,0.0203,0.0067,-0.3337,-0.039,0.3763,0.9379
5043,5.043,0.0002,-0.0006,-0.3697,-0.0051,0.1543,0.5511
5044,5.044,-0.0243,0.004,-0.4024,-0.0182,-0.0551,-0.0833
5045,5.045,0.0123,0.0065,-0.1938,-0.0621,-0.0828,-0.3403
5046,5.046,0.0077,0.0027,-0.1668,-0.0678,-0.1078,-0.2643
5047,5.047,0.074,-0.0066,0.1043,-0.0729,-0.1304,-0.1948
5048,5.048,0.1405,0.0022,0.2847,-0.0195,-0.0697,-0.2593
5049,5.049,0.063,-0.001,0.252,0.0161,-0.1994,-0.2017
5050,5.05,-0.0097,0.0062,0.2223,0.0354,-0.4183,-0.783
5051,5.051,0.0188,0.0035,0.0868,0.018,-0.2098,-0.7063
5052,5.052,0.0275,0.0129,0.013,0.0127,-0.0196,-0.2135
5053,5.053,0.0354,0.0041,-0.1439,-0.0017,0.1043,0.2358
5054,5.054,0.0143,0.0009,-0.1236,-0.0325,0.0824,0.179
5055,5.055,-0.0179,-0.0064,-0.031,-0.0363,0.1435,0.2323
5056,5.056,-0.0588,-0.0038,-0.0477,-0.0255,0.0882,0.2808
5057,5.057,-0.096,-0.0063,0.0594,-0.0024,0.0715,0.1502
5058,5.058,-0.0718,-0.0057,0.2676,0.0306,0.3011,0.5867
5059,5.059,-0.0939,-0.0064,0.178,0.0438,0.334,0.8774
5060,5.06,-0.066,0.003,-0.0119,0.0639,0.0651,0.4014
5061,5.061,-0.0115,0.0044,0.0125,0.0458,-0.0437,-0.0479
5062,5.062,0.1058,0.0106,0.0793,-0.0038,-0.0771,-0.2237
5063,5.063,0.0889,-0.0065,0.0991,0.0033,-0.1072,-0.2775
5064,5.064,0.0123,-0.0138,-0.0309,-0.0032,-0.1346,-0.2302
5065,5.065,-0.0016,-0.016,-0.0815,-0.0207,-0.0609,-0.1871
5066,5.066,-0.0142,-0.0059,-0.0967,-0.0366,-0.3075,-0.3859
5067,5.067,-0.0488,0.0034,-0.1662,-0.0125,-0.3405,-0.9274
5068,5.068,-0.0177,0.0084,-0.1538,-0.0257,-0.1317,-0.541
5069,5.069,-0.0083,0.0008,-0.1886,-0.014,0.0587,-0.0477
5070,5.07,-0.0171,-0.0005,-0.1788,-0.0033,0.0839,0.1457
5071,5.071,0.0219,0.0083,-0.0557,-0.0066,0.1065,0.2047
5072,5.072,0.0432,0.0005,0.0282,-0.0154,0.1271,0.2578
5073,5.073,0.0109,-0.0025,-0.0174,0.0091,0.1089,0.3063
5074,5.074,-0.0064,0.0039,-0.0029,0.0188,0.193,0.2629
5075,5.075,-0.0329,0.0013,0.0354,0.0276,0.4228,0.779
5076,5.076,-0.0377,-0.0039,0.0699,0.0302,0.2587,0.709
5077,5.077,-0.0422,-0.0019,0.1217,0.0229,-0.0103,0.1324
5078,5.078,-0.0543,-0.0014,0.1497,0.0196,-0.1191,-0.1014
5079,5.079,-0.0512,0.0015,0.158,0.0174,-0.0866,-0.1732
5080,5.08,-0.0217,0.0062,0.0872,0.0276,-0.1166,-0.238
5081,5.081,-0.002,0.0045,0.0587,0.0294,-0.1439,-0.2968
5082,5.082,-0.0202,0.004,0.0328,0.0143,-0.1195,-0.2445
5083,5.083,0.0027,0.0045,0.0251,0.0082,-0.366,-0.581
5084,5.084,0.0354,0.0033,0.0464,-0.0047,-0.3333,-0.8872
5085,5.085,0.0308,0.0037,0.0012,0.0038,-0.0642,-0.3711
5086,5.086,0.0187,0.0056,-0.0866,-0.0101,0.1169,0.1225
5087,5.087,0.0221,0.0003,-0.0735,-0.0231,0.0848,0.1879
5088,5.088,0.0188,0.0026,-0.0615,-0.0382,0.115,0.2467
5089,5.089,0.01,0.0046,-0.0508,-0.0444,0.1423,0.3001
5090,5.09,0.0071,0.0041,-0.0412,-0.0239,0.0687,0.2525
5091,5.091,0.0143,-0.0011,-0.0671,-0.0321,0.3153,0.3836
5092,5.092,-0.0013,-0.0004,-0.0752,-0.0149,0.3484,0.8999
5093,5.093,0.0008,0.0002,-0.0116,-0.0038,0.1396,0.5486
5094,5.094,0.0064,-0.0026,0.0311,0.0022,-0.0507,0.0998
5095,5.095,0.008,-0.0031,-0.0086,0.0003,-0.0758,-0.1923
5096,5.096,0.0004,-0.0042,-0.0303,0.002,-0.1433,-0.2462
5097,5.097,0.0044,-0.0038,-0.0498,0.0065,-0.1231,-0.2948
5098,5.098,0.0158,-0.0012,0.0269,0.019,-0.1047,-0.2514
5099,5.099,0.0265,-0.005,0.0377,0.0241,-0.1888,-0.2118
5100,5.1,0.0114,-0.0055,0.0667,0.0196,-0.3878,-0.7529
5101,5.101,-0.0151,-0.0012,0.0758,0.0101,-0.2523,-0.8304
5102,5.102,-0.0332,0.0005,-0.0256,0.0164,0.0194,-0.1963
5103,5.103,-0.0237,0.0073,-0.0669,0.0086,0.1282,0.2313
5104,5.104,0.0032,0.0009,-0.0543,-0.0071,0.0959,0.1556
5105,5.105,0.0066,0.0035,0.0033,-0.0182,0.126,0.2267
5106,5.106,0.0098,0.0057,0.1389,-0.0162,0.0992,0.2914
5107,5.107,0.0186,0.0093,0.1202,-0.0329,0.1239,0.2338
5108,5.108,0.0324,0.0063,0.0021,-0.0531,0.3704,0.6038
5109,5.109,0.0349,-0.0025,0.0174,-0.0174,0.2721,0.8446
5110,5.11,0.0415,-0.0036,0.1147,0.0069,0.0631,0.3641
5111,5.111,0.0231,-0.0046,0.1525,0.0202,-0.0731,-0.085
5112,5.112,0.0059,0.0007,0.0491,0.0321,-0.0981,-0.2604
5113,5.113,0.0216,0.0072,-0.0481,0.043,-0.1207,-0.2084
5114,5.114,0.0116,0.0013,-0.1364,0.0332,-0.1006,-0.2569
5115,5.115,-0.0051,-0.0008,-0.1481,0.0003,-0.0823,-0.2133
5116,5.116,-0.0028,-0.0015,-0.0543,0.0134,-0.301,-0.3322
5117,5.117,-0.017,-0.0056,0.1099,0.0173,-0.3905,-0.8735
5118,5.118,-0.0039,-0.0109,0.2217,0.0208,-0.1463,-0.6415
5119,5.119,-0.0022,-0.0088,-0.0022,0.0044,0.0842,-0.0069
5120,5.12,-0.0251,-0.0082,-0.0917,-0.0227,0.1146,0.2503
5121,5.121,-0.0414,-0.0087,-0.2272,0.0027,0.0878,0.1742
5122,5.122,-0.0561,-0.0019,-0.4488,0.0191,0.1127,0.2453
5123,5.123,-0.0586,0.0084,-0.2996,0.022,0.0906,0.3098
5124,5.124,-0.0312,0.0125,-0.0014,0.0138,0.1924,0.2524
5125,5.125,0.0236,0.0063,0.1971,-0.0085,0.3961,0.8338
5126,5.126,0.1256,0.0007,0.2331,-0.0293,0.2065,0.757
5127,5.127,0.1396,-0.0046,0.2003,-0.0267,-0.0159,0.2642
5128,5.128,0.0515,-0.0037,0.111,0.0005,-0.106,-0.1849
5129,5.129,-0.0059,-0.0029,-0.0786,-0.0324,-0.0794,-0.2441
5130,5.13,-0.0368,-0.0007,-0.0539,-0.0633,-0.1043,-0.2974
5131,5.131,-0.0272,0.0071,-0.0763,-0.0355,-0.1269,-0.2497
5132,5.132,0.0162,0.004,0.0253,-0.0391,-0.1068,-0.2062
5133,5.133,0.0554,0.0032,0.0806,-0.0359,-0.3847,-0.5635
5134,5.134,0.0485,-0.0028,-0.0037,-0.0151,-0.3453,-0.9
5135,5.135,-0.0097,-0.005,-0.1723,-0.0125,-0.0926,-0.4191
5136,5.136,-0.0773,-0.0017,-0.185,0.0098,0.0863,0.092
5137,5.137,-0.0849,0.0003,0.0163,0.0246,0.1196,0.1577
5138,5.138,0.0077,0.006,0.0973,0.0327,0.1496,0.2167
5139,5.139,-0.0299,-0.004,0.1217,0.0303,0.1227,0.2702
5140,5.14,-0.0644,-0.0166,0.0992,0.0191,0.0982,0.2227
5141,5.141,-0.0746,-0.0082,0.0788,0.0416,0.2998,0.354
5142,5.142,-0.046,-0.0068,0.0602,0.0267,0.3811,0.8706
5143,5.143,-0.0201,-0.0055,0.2114,0.0076,0.1591,0.5194
5144,5.144,-0.0123,-0.0067,0.1908,0.0052,-0.0503,0.0707
5145,5.145,0.009,-0.0146,0.1351,-0.015,-0.1322,-0.2211
5146,5.146,0.0026,-0.0094,-0.0838,0.0042,-0.1571,-0.2749
5147,5.147,-0.0267,-0.001,-0.1732,0.0066,-0.1351,-0.3234
5148,5.148,-0.0639,0.0067,-0.2006,-0.0137,-0.0744,-0.2802
5149,5.149,-0.0495,0.0181,-0.2254,-0.0164,-0.167,-0.2409
5150,5.15,0.0167,0.0135,-0.248,0.0108,-0.3859,-0.782
5151,5.151,0.1401,0.0148,-0.1464,0.0144,-0.237,-0.8596
5152,5.152,0.1233,0.0009,-0.0539,-0.0021,0.0075,-0.2257
5153,5.153,0.0468,-0.0085,-0.0036,0.0066,0.1067,0.2016
5154,5.154,-0.0504,-0.0103,0.134,-0.0016,0.1369,0.2803
5155,5.155,-0.088,-0.0027,0.2637,-0.024,0.1101,0.3512
5156,5.156,-0.0994,0.0097,0.2806,-0.0032,0.1348,0.2879
5157,5.157,-0.0472,0.0046,0.0819,0.0049,0.1125,0.2304
5158,5.158,-0,0.006,-0.0533,0.0073,0.3771,0.6002
5159,5.159,0.0257,0.0019,-0.1763,-0.0219,0.3412,0.937
5160,5.16,0.0647,-0.0095,-0.109,-0.0336,0.0453,0.3688
5161,5.161,0.0716,-0.0081,-0.0481,-0.0227,-0.0744,-0.0196
5162,5.162,0.0263,-0.0151,0.0075,-0.0129,-0.1111,-0.2318
5163,5.163,0.0203,-0.0115,0.0243,0.008,-0.1442,-0.2967
5164,5.164,0.0255,-0.0012,-0.0216,0.0218,-0.1147,-0.2393
5165,5.165,0.0012,0.0057,-0.0078,0.0243,-0.0878,-0.1869
5166,5.166,0.0142,0.0068,0.0048,0.0131,-0.3097,-0.3311
5167,5.167,0.042,-0.001,0.0162,0.0029,-0.3992,-0.8991
5168,5.168,0.009,0.002,0.0267,0.0233,-0.1551,-0.6672
5169,5.169,-0.0219,0.0046,-0.0014,0.0206,0.0753,-0.033
5170,5.17,-0.026,0.0054,-0.0097,0.0032,0.0462,0.224
5171,5.171,-0.0226,0.0047,-0.0016,-0.0035,0.0736,0.3023
5172,5.172,-0.013,0.0083,0.0198,0.0149,0.1477,0.2326
5173,5.173,-0.0218,0.0025,0.0521,0.0222,0.1255,0.2971
5174,5.174,-0.0299,-0.0027,0.0697,0.0067,0.1865,0.2394
5175,5.175,-0.0227,0.0022,0.0541,0.017,0.3903,0.8205
5176,5.176,-0.0073,-0.0009,0.0592,0.0263,0.2548,0.7435
5177,5.177,-0.0013,0.0079,0.02,0.0348,-0.0168,0.2506
5178,5.178,-0.0144,0.0067,-0.038,0.0179,-0.0535,-0.1988
5179,5.179,-0.0094,-0.0036,-0.0299,-0.014,-0.0868,-0.2584
5180,5.18,0.0104,0.0033,-0.0085,-0.0162,-0.1169,-0.312
5181,5.181,0.024,0.0071,0.0109,-0.0468,-0.0899,-0.2648
5182,5.182,0.0263,0.0039,0.0282,-0.0424,-0.1146,-0.2217
5183,5.183,0.0418,0.0029,0.0441,-0.0064,-0.3611,-0.5793
5184,5.184,0.0316,0.0056,0.0298,-0.0016,-0.3284,-0.9161
5185,5.185,0.0222,0.0031,-0.0098,-0.0236,-0.0596,-0.4357
5186,5.186,0.0204,0.0039,-0.0257,-0.0275,0.1215,0.1412
5187,5.187,0.0034,0.0019,-0.04,-0.0239,0.0893,0.2199
5188,5.188,-0.0031,0.0061,-0.0352,-0.0008,0.1194,0.2908
5189,5.189,-0.0172,0.0057,0.0015,-0.0036,0.1468,0.2273
5190,5.19,-0.0301,0.0062,0.007,-0.0172,0.0732,0.1695
5191,5.191,-0.0047,0.0019,0.0296,-0.0047,0.2749,0.328
5192,5.192,0.0498,-0.0009,0.0902,-0.0025,0.3563,0.8564
5193,5.193,0.0264,-0.0034,0.1165,-0.0209,0.1344,0.5049
5194,5.194,0.0051,-0.003,-0.0004,-0.0185,-0.0749,0.0559
5195,5.195,-0.0013,-0.0033,-0.0505,0.0062,-0.1026,-0.2362
5196,5.196,-0.0187,-0.0058,0.0874,0.0226,-0.1275,-0.1847
5197,5.197,-0.0452,-0.0054,0.1057,0.0138,-0.1501,-0.2335
5198,5.198,-0.0307,-0.0043,0.0551,0.0111,-0.0893,-0.2777
5199,5.199,-0.0087,-0.0085,-0.0521,0.0183,-0.1817,-0.2385
5200,5.2,0.0032,-0.0079,-0.0937,0.0429,-0.4004,-0.7799
5201,5.201,-0.022,-0.0002,-0.0559,0.0397,-0.2514,-0.703
5202,5.202,-0.0515,0.0009,-0.1131,0.0426,-0.0068,-0.2103
5203,5.203,-0.0712,0.0074,-0.165,0.0179,0.0925,0.2391
5204,5.204,-0.053,0.0117,-0.0984,-0.0119,0.1228,0.1824
5205,5.205,-0.0034,0.0081,-0.0896,-0.0319,0.1503,0.2359
5206,5.206,0.1033,0.0017,-0.1285,-0.0428,0.126,0.2844
5207,5.207,0.0881,-0.0008,-0.1071,-0.0792,0.1038,0.1536
5208,5.208,0.0743,-0.0014,-0.01,-0.0649,0.3684,0.5902
5209,5.209,0.0367,0.0051,0.0596,0.0012,0.3326,0.8809
5210,5.21,0.0253,0.0094,0.047,0.0295,0.1025,0.4049
5211,5.211,0.0566,-0.0021,0.0125,0.0036,-0.1068,-0.0444
5212,5.212,-0.0095,-0.0139,0.0438,-0.0198,-0.0803,-0.2203
5213,5.213,-0.0352,-0.0062,-0.0416,0.0016,-0.1051,-0.2743
5214,5.214,-0.0118,-0.0021,-0.0071,0.008,-0.1277,-0.3232
5215,5.215,-0.0046,-0.0058,0.1492,0.0489,-0.1076,-0.2801
5216,5.216,-0.0238,-0.009,0.0372,0.0542,-0.2742,-0.3201
5217,5.217,-0.0063,-0.0079,-0.0236,0.0398,-0.3864,-0.8617
5218,5.218,0.0309,-0.007,-0.1531,0.0529,-0.1624,-0.6302
5219,5.219,0.0165,-0.001,-0.1364,0.049,0.047,0.0039
5220,5.22,-0.032,-0.0079,0.0318,0.0161,0.0747,0.2607
5221,5.221,-0.0772,-0.0087,0.0091,-0.0413,0.0996,0.1844
5222,5.222,-0.0715,-0.0028,0.0287,-0.096,0.1222,0.2551
5223,5.223,0.0086,0.0072,0.1208,-0.0605,0.1022,0.3194
5224,5.224,0.0661,0.0086,0.2047,-0.0154,0.1948,0.2616
5225,5.225,0.0557,0.0023,-0.0246,-0.0447,0.4137,0.737
5226,5.226,0.0273,-0.0033,-0.1228,-0.0289,0.2051,0.8013
5227,5.227,0.0015,-0.0105,0.0262,0.0049,0.0149,0.2773
5228,5.228,-0.0375,-0.0114,0.1072,0.0268,-0.0596,-0.2166
5229,5.229,-0.0304,-0.0072,0.0822,0.023,-0.1272,-0.1542
5230,5.23,-0.0239,-0.0002,0.1493,0.0194,-0.1072,-0.213
5231,5.231,-0.0413,0.0043,0.1697,0.0161,-0.1258,-0.2666
5232,5.232,0.0068,0.0001,0.0772,0.0131,-0.1092,-0.2191
5233,5.233,0.0262,-0.0069,-0.007,0.0212,-0.3388,-0.525
5234,5.234,-0.0146,-0.0078,-0.0531,0.0285,-0.3062,-0.8827
5235,5.235,-0.0518,0.0016,-0.0119,0.0352,-0.0972,-0.4502
5236,5.236,-0.076,0.0104,-0.1262,0.0045,0.0932,0.0744
5237,5.237,-0.0787,0.0154,-0.2337,-0.0352,0.1051,0.2113
5238,5.238,-0.0479,0.0209,-0.2188,-0.03,0.1299,0.2823
5239,5.239,0.0121,0.0136,-0.1774,-0.0444,0.1078,0.219
5240,5.24,0.1242,0.009,-0.0639,-0.0046,0.0876,0.2773
5241,5.241,0.0782,-0.0039,-0.0183,0.022,0.2913,0.3302
5242,5.242,0.0366,-0.0021,-0.0048,-0.0022,0.3727,0.8588
5243,5.243,0.024,-0.0072,0.0325,-0.0241,0.1507,0.5075
5244,5.244,0.0124,-0.0027,0.0665,-0.0041,-0.0586,0.0585
5245,5.245,0.002,0.0013,0.0971,0.0213,-0.0863,-0.2336
5246,5.246,0.0113,-0.0025,0.125,0.0311,-0.1605,-0.2876
5247,5.247,0.0026,-0.0035,0.0816,0.0163,-0.1831,-0.2401
5248,5.248,-0.0052,-0.0005,0.0107,0.0082,-0.1224,-0.2843
5249,5.249,-0.0122,-0.0015,-0.0557,0.0009,-0.1779,-0.245
5250,5.25,-0.0445,-0.0144,-0.047,-0.0102,-0.3967,-0.7863
5251,5.251,-0.0388,-0.0126,0.0392,0.0123,-0.2477,-0.8639
5252,5.252,-0.0018,-0.0076,0.0506,0.0036,-0.0032,-0.23
5253,5.253,0.0222,-0.0031,0.1234,-0.0101,0.096,0.1973
5254,5.254,0.0177,0.001,0.1326,0.0023,0.1263,0.276
5255,5.255,-0.0024,0.0072,0.0721,0.0089,0.1537,0.3469
5256,5.256,0.0011,-0.0032,-0.0299,0.015,0.1293,0.2834
5257,5.257,0.0108,0.0037,-0.0716,0.0244,0.1072,0.2257
5258,5.258,0.0019,0.0025,-0.0841,0.0125,0.3718,0.5954
5259,5.259,-0.0173,0.0057,-0.0955,-0.0074,0.3359,0.836
5260,5.26,-0.0151,0.0046,-0.0642,-0.0374,0.1058,0.4426
5261,5.261,-0.0219,0.0054,0.0021,-0.0334,-0.1035,-0.0345
5262,5.262,0.0005,0.0062,0.0624,-0.0079,-0.0771,-0.2279
5263,5.263,-0.0024,-0.0023,0.0391,-0.0047,-0.1019,-0.287
5264,5.264,-0.0051,-0.0079,-0.0107,-0.0135,-0.1245,-0.2349
5265,5.265,0.0121,-0.0089,-0.056,0.0112,-0.0638,-0.1874
5266,5.266,0.0457,-0.0025,-0.0616,0.0144,-0.3046,-0.3186
5267,5.267,0.0408,-0.0017,0.0079,0.0116,-0.4033,-0.9142
5268,5.268,0.0187,0.0052,0.0365,0.0034,-0.1347,-0.6592
5269,5.269,0.0068,0.006,0.1659,-0.0038,0.0464,-0.1163
5270,5.27,0.0032,0.0052,0.3325,0.0029,0.0799,0.2368
5271,5.271,-0.0002,0.0015,0.1309,0.0131,0.1101,0.1739
5272,5.272,0.0025,-0.0005,-0.113,0.0112,0.1374,0.2326
5273,5.273,0.0104,0.0025,-0.2771,0.0061,0.1131,0.2858
5274,5.274,0.003,0.0042,-0.3068,0.0076,0.1803,0.2381
5275,5.275,-0.0125,0.0058,-0.1172,0.0007,0.4042,0.7186
5276,5.276,-0.0267,0.0046,0.055,-0.0183,0.2552,0.783
5277,5.277,-0.0136,0.0058,0.122,-0.0484,0.0106,0.2592
5278,5.278,-0.0052,0.0001,-0.1427,-0.0284,-0.0886,-0.2345
5279,5.279,-0.0191,-0.0007,-0.1789,-0.0031,-0.1188,-0.1718
5280,5.28,-0.0359,0.0045,-0.0805,0.016,-0.1462,-0.2304
5281,5.281,-0.047,0.011,0.0088,-0.0004,-0.1219,-0.2836
5282,5.282,-0.0164,0.0102,0.1442,-0.0334,-0.0996,-0.236
5283,5.283,0.0144,0.0033,0.1686,-0.0379,-0.3643,-0.5418
5284,5.284,0.0106,-0.0013,0.2356,-0.0018,-0.3284,-0.8994
5285,5.285,0.0142,-0.0055,0.1338,0.0224,-0.0983,-0.3707
5286,5.286,-0.0023,-0.0061,0.0043,0.0181,0.111,0.1229
5287,5.287,0.0006,0.0032,-0.0797,0.0063,0.0846,0.1885
5288,5.288,0.0142,-0.003,-0.0949,0.0099,0.1094,0.2475
5289,5.289,0.0265,-0.004,0.0024,0.0067,0.132,0.3009
5290,5.29,0.0199,-0.005,0.0656,0.0039,0.0712,0.2533
5291,5.291,0.0301,-0.0059,0.1002,0.0066,0.2749,0.2972
5292,5.292,0.0283,-0.005,0.1524,0.0043,0.3563,0.8928
5293,5.293,0.0131,-0.0043,0.0671,0.0109,0.1343,0.6379
5294,5.294,0.0191,-0.0078,0.0097,0.0169,-0.0154,0.0949
5295,5.295,-0.0088,-0.0036,-0.0216,0.0113,-0.0973,-0.258
5296,5.296,-0.0689,0.0041,-0.0313,0.0197,-0.1222,-0.1952
5297,5.297,-0.1293,0.0136,-0.1609,0.0121,-0.1448,-0.2538
5298,5.298,-0.0432,0.0125,-0.3646,-0.0088,-0.0841,-0.3068
5299,5.299,0.0833,0.0022,-0.2292,-0.0177,-0.1767,-0.2588
5300,5.3,0.1001,0.0009,-0.0568,0.007,-0.3955,-0.8266
5301,5.301,0.0236,0.0046,-0.0344,0.0101,-0.2465,-0.7495
5302,5.302,0.0097,-0.001,0.0674,-0.0349,-0.0019,-0.2565
5303,5.303,0.0223,-0.0082,0.0492,-0.0285,0.0973,0.193
5304,5.304,0.0339,-0.0054,0.0327,-0.0343,0.1276,0.2525
5305,5.305,0.0443,-0.0045,0.0787,-0.029,0.1008,0.3061
5306,5.306,0.0349,-0.0023,-0.0468,-0.0048,0.1256,0.2589
5307,5.307,0.009,-0.003,0.0031,-0.0181,0.1034,0.2157
5308,5.308,0.0167,-0.0024,0.0179,-0.0063,0.368,0.5732
5309,5.309,-0.0047,-0.0007,0.0871,0.0118,0.3322,0.91
5310,5.31,-0.0499,-0.0021,0.1248,0.0281,0.1022,0.4295
5311,5.311,-0.0909,-0.0018,0.0213,0.0251,-0.1072,-0.0195
5312,5.312,-0.0962,-0.0021,0.0354,0.0388,-0.0807,-0.195
5313,5.313,-0.0623,-0.0024,0.0482,0.046,-0.1055,-0.2486
5314,5.314,-0.005,-0.0034,-0.0321,0.0348,-0.1281,-0.2972
5315,5.315,0.0183,-0.003,-0.0842,0.0328,-0.0674,-0.2538
5316,5.316,0.0112,-0.0023,-0.1127,0.0087,-0.2712,-0.3728
5317,5.317,0.0046,0.0016,-0.0352,-0.0343,-0.4069,-0.914
5318,5.318,0.0219,-0.0013,0.0168,-0.04,-0.185,-0.5274
5319,5.319,0.0058,-0.0007,0.0641,-0.0348,0.0242,-0.034
5320,5.32,0.0395,-0.0028,0.0729,-0.0396,0.106,0.1595
5321,5.321,0.0526,0.0037,0.0342,-0.0088,0.1309,0.2187
5322,5.322,0.0166,-0.0047,0.0556,-0.005,0.1534,0.2721
5323,5.323,-0.0076,-0.0037,0.0747,0.0059,0.0926,0.2247
5324,5.324,-0.056,-0.0006,0.0453,0.0157,0.1852,0.1815
5325,5.325,-0.0623,0.0003,0.0292,0.0245,0.404,0.7771
5326,5.326,-0.0329,0.0012,0.0535,0.0218,0.2549,0.6924
5327,5.327,-0.0168,-0.0088,0.0493,0.0241,0.0103,0.1501
5328,5.328,-0.0215,-0.0018,0.0135,0.0352,-0.0889,-0.2031
5329,5.329,0.0006,0.007,-0.0205,0.025,-0.1192,-0.2684
5330,5.33,-0.0032,0.0148,-0.0252,0.0231,-0.1467,-0.211
5331,5.331,-0.0213,0.0012,-0.0214,-0.0024,-0.1225,-0.2644
5332,5.332,-0.018,-0.0007,-0.0758,-0.0206,-0.1003,-0.2169
5333,5.333,0.0151,0.0112,-0.1147,-0.0371,-0.365,-0.5228
5334,5.334,0.0196,0.0067,-0.1359,-0.0643,-0.3292,-0.8804
5335,5.335,0.0159,0.0026,-0.1681,-0.0608,-0.0991,-0.4479
5336,5.336,0.0561,0.0089,-0.1035,-0.051,0.1101,0.0766
5337,5.337,0.0721,0.0192,-0.0779,-0.0303,0.0836,0.2889
5338,5.338,0.0419,0.0066,-0.0119,-0.0221,0.1203,0.2559
5339,5.339,0.0373,0.0025,0.0585,0.0103,0.145,0.3203
5340,5.34,0.0154,-0.0037,0.0871,0.0148,0.078,0.2626
5341,5.341,0.0036,-0.0093,0.0269,0.0188,0.2612,0.3155
5342,5.342,0.0001,-0.004,0.0975,0.0296,0.3845,0.9401
5343,5.343,-0.0097,-0.0067,0.2209,0.0394,0.1378,0.5145
5344,5.344,-0.0125,-0.0076,0.2041,0.0246,-0.027,0.1263
5345,5.345,-0.0206,-0.0128,0.1276,0.0166,-0.117,-0.2268
5346,5.346,-0.0183,-0.0036,0.0025,0.0339,-0.1445,-0.292
5347,5.347,0.0018,-0.0024,-0.0478,0.0361,-0.1203,-0.3508
5348,5.348,-0.0011,0.0009,-0.0938,0.0137,-0.0983,-0.2986
5349,5.349,-0.0285,0.0081,-0.1078,-0.0193,-0.1593,-0.2509
5350,5.35,-0.0176,-0.0003,-0.1456,-0.0148,-0.4001,-0.7316
5351,5.351,-0.0143,-0.006,-0.134,-0.0029,-0.2362,-0.796
5352,5.352,-0.0414,-0.0007,-0.1026,-0.0282,-0.027,-0.156
5353,5.353,-0.0523,0.0057,0.0211,-0.0184,0.1091,0.2711
5354,5.354,-0.0159,0.0099,0.1729,-0.0096,0.1341,0.1951
5355,5.355,0.0568,0.0029,0.234,0.0095,0.112,0.2659
5356,5.356,0.0671,0.0021,0.1417,0.0072,0.0918,0.3304
5357,5.357,0.0576,-0.0022,-0.0097,0.0094,0.0734,0.1565
5358,5.358,0.049,-0.0091,-0.1113,0.0115,0.3258,0.5262
5359,5.359,0.0256,-0.0083,-0.1296,0.0097,0.3619,0.8627
5360,5.36,-0.0241,0.0046,-0.1463,0.008,0.0661,0.3821
5361,5.361,-0.0435,0.0064,-0.131,0.0004,-0.0537,-0.0671
5362,5.362,-0.0026,0.0013,-0.1173,-0.0204,-0.0904,-0.2429
5363,5.363,0.0346,0.0029,0.0214,-0.0292,-0.1236,-0.2968
5364,5.364,0.0393,0.0015,0.0765,-0.0265,-0.0941,-0.2495
5365,5.365,0.0525,0.0078,0.0927,-0.0193,-0.0673,-0.2064
5366,5.366,0.0805,0.0022,0.1075,0.0099,-0.2892,-0.3256
5367,5.367,0.0405,-0.0136,0.0378,0.0137,-0.3788,-0.867
5368,5.368,0.0034,-0.0292,-0.0253,0.0027,-0.1348,-0.6352
5369,5.369,-0.0206,-0.015,-0.0829,0.0124,0.0299,-0.0008
5370,5.37,-0.069,-0.0094,-0.0724,0.0096,0.1198,0.2562
5371,5.371,-0.0882,-0.001,-0.0439,-0.0096,0.1473,0.18
5372,5.372,-0.0825,-0.0025,-0.0354,-0.0119,0.123,0.2509
5373,5.373,-0.1308,0.0015,-0.0277,-0.0097,0.1008,0.3153
5374,5.374,-0.1117,0.0002,0.0078,-0.0077,0.1617,0.2576
5375,5.375,-0.071,0.0012,0.0144,0.0016,0.4025,0.7333
5376,5.376,-0.034,0.0021,0.0088,0.0134,0.2384,0.7978
5377,5.377,0.0288,0.0029,0.089,0.0364,0.0292,0.2741
5378,5.378,0.0027,0.0004,0.1927,0.0462,-0.1071,-0.2196
5379,5.379,-0.0052,-0.0004,0.0956,0.049,-0.0831,-0.1568
5380,5.38,0.0017,-0.0011,-0.0686,0.0354,-0.1506,-0.2156
5381,5.381,0.0208,-0.0016,0.0434,0.0361,-0.1306,-0.2688
5382,5.382,0.0148,-0.0033,0.0231,0.0189,-0.1124,-0.221
5383,5.383,-0.0012,0.0034,0.0415,0.0033,-0.3649,-0.5266
5384,5.384,-0.0058,-0.0012,0.0247,-0.0029,-0.3291,-0.884
5385,5.385,0.0075,-0.0004,0.0704,-0.0085,-0.099,-0.4512
5386,5.386,0.0278,0.0033,0.0564,-0.0339,0.0507,0.0736
5387,5.387,0.0172,-0.0031,-0.0321,-0.0886,0.0784,0.2862
5388,5.388,0.0076,-0.0039,-0.1358,-0.0809,0.1032,0.2234
5389,5.389,0.0348,-0.0002,-0.1497,-0.0596,0.1257,0.2822
