Frame,Time,EMG_1,EMG_2,EMG_3,EMG_4,EMG_5,EMG_6
0,0,-0.0016,0.0005,-0.003,0.001,-0.404,-0.3453
1,0.001,0.002,-0.0027,-0.0009,0.0079,-0.5182,-0.4031
2,0.002,0.0024,0.0024,0.0043,0.0033,-0.619,-0.454
3,0.003,0.0029,0.0015,0.003,0.0024,-0.7084,-0.3945
4,0.004,0.0014,-0.0027,-0.0009,0.0002,-0.6021,-0.34
5,0.005,0.0044,0.0009,-0.0043,-0.0033,-1.0117,-0.6367
6,0.006,0.0024,0.0029,-0.0031,-0.005,-1.9938,-1.14
7,0.007,0.0033,-0.0002,-0.0019,-0.0055,-1.2895,-0.6386
8,0.008,0.0023,-0.0007,-0.0008,-0.0039,-0.1564,0.0695
9,0.009,0.0026,0.0049,0.0019,-0.0009,0.3033,0.1664
10,0.01,0.002,-0.0036,-0.0048,0.0012,0.4449,0.2533
11,0.011,0.0003,0.0041,0.0038,0.0022,0.3252,0.3315
12,0.012,-0.0014,-0.0012,0.005,0.0018,0.4418,0.2625
13,0.013,0.001,0.0015,0.0104,-0.0012,0.343,0.3268
14,0.014,0.006,-0.0011,0.0169,0.0024,1.5546,0.9616
15,0.015,0.0024,-0.011,0.0248,0.0012,1.0551,0.7036
16,0.016,0.0066,-0.0234,0.0404,0.0015,0.3029,0.0084
17,0.017,0.0095,-0.0116,0.0738,0.0005,-0.3762,-0.2691
18,0.018,0.0069,0.0022,0.0688,0.0037,-0.4923,-0.3497
19,0.019,0.0038,0.0003,0.0467,-0.0002,-0.596,-0.4217
20,0.02,-0,0.0053,0.0108,-0.0079,-0.6886,-0.3467
21,0.021,0.0057,0.0067,-0.0131,-0.0203,-0.3996,-0.2784
22,0.022,0.0079,0.0026,-0.0346,-0.0117,-1.321,-0.9087
23,0.023,0.0058,0.0037,-0.0459,-0.0071,-1.6775,-0.9845
24,0.024,-0.0011,0.0005,-0.0562,-0.0057,-0.6469,-0.2828
25,0.025,-0.0113,-0.0068,-0.0654,-0.0044,0.3179,0.1875
26,0.026,-0.0072,-0.0076,-0.05,-0.0012,0.4454,0.2734
27,0.027,-0.0134,0.0001,-0.0359,0.0018,0.5593,0.3503
28,0.028,-0.0143,0.0073,-0.0427,-0.0008,0.4572,0.28
29,0.029,-0.0132,0.0064,-0.0401,0,0.3645,0.216
30,0.03,-0.0047,0.0055,-0.0214,0.0069,0.7878,0.6197
31,0.031,-0.0015,0.0061,-0.0188,0.0096,1.6309,0.9837
32,0.032,0.0058,0.0095,-0.0031,0.0087,0.8343,0.4527
33,0.033,0.003,0.01,0.0194,0.0093,-0.0922,-0.0397
34,0.034,0.0022,0.0047,0.0342,0.0099,-0.4628,-0.2304
35,0.035,0.0028,0.0066,0.0368,0.0068,-0.5711,-0.2862
36,0.036,0.0035,0.0035,0.0294,0.0039,-0.4637,-0.3362
37,0.037,0.0004,0.0006,0.0138,0.0044,-0.5521,-0.2856
38,0.038,-0.0013,-0.0009,-0.0046,0.0041,-0.4624,-0.3264
39,0.039,-0.006,0.0003,-0.0117,0.0012,-1.6115,-0.9154
40,0.04,-0.009,-0.0009,-0.0005,0.0015,-1.435,-0.6552
41,0.041,-0.0153,-0.0019,-0.0106,-0.0023,-0.3738,-0.1109
42,0.042,-0.0144,-0.0002,-0.0197,0.0054,0.3131,0.2409
43,0.043,-0.0122,0.0049,-0.0111,0.0044,0.4367,0.3039
44,0.044,-0.0015,-0.0015,-0.0004,0.0054,0.547,0.36
45,0.045,0.006,-0.0024,0.0065,-0.0048,0.6464,0.3054
46,0.046,0.0129,-0.0001,0.0076,-0.0034,0.3635,0.2557
47,0.047,0.0065,0.0019,0.0108,-0.0071,1.2915,0.8183
48,0.048,0.0055,-0.0011,0.0137,-0.0015,1.6547,0.8899
49,0.049,0.0044,0.0006,0.0145,-0.0025,0.6292,0.254
50,0.05,-0.004,0.0021,0.0102,0.0021,-0.3318,-0.1723
51,0.051,-0.005,-0.0009,-0.0013,-0.0005,-0.4565,-0.2496
52,0.052,-0.002,0.0055,0.0005,-0.0011,-0.5681,-0.3189
53,0.053,-0.0011,-0.0009,-0.0011,0.0053,-0.464,-0.3813
54,0.054,-0.0003,0.0016,0.0085,0.0044,-0.3695,-0.2062
55,0.055,0.0019,-0.0005,0.0072,0.0021,-0.7912,-0.5726
56,0.056,0.0026,-0.0025,0.0081,-0.0056,-1.7878,-1.095
57,0.057,0.0009,-0.0008,0.0049,-0.0086,-1.0966,-0.5993
58,0.058,-0.002,0.0009,0.0002,-0.0113,0.0273,0.1054
59,0.059,0.0016,-0.0005,-0.0007,-0.0121,0.4799,0.1999
60,0.06,0.0004,0.0007,0.0075,-0.0006,0.6155,0.2849
61,0.061,0.0007,-0.0056,-0.0097,-0.0023,0.4894,0.3614
62,0.062,0.0004,-0.001,-0.017,-0.0038,0.6,0.2904
63,0.063,-0.0034,-0.0018,-0.0149,-0.0024,0.4949,0.3528
64,0.064,-0.0019,0.0019,-0.0211,-0.0013,1.5164,0.987
65,0.065,-0.0007,0.0055,-0.0267,0.0019,1.3725,0.7283
66,0.066,-0.0003,-0.004,-0.0082,-0.0011,0.2476,0.1845
67,0.067,0.0016,-0.0026,-0.0011,-0.0003,-0.2067,-0.1678
68,0.068,0.0006,-0.0015,0.0009,0.0006,-0.3446,-0.2317
69,0.069,0.0016,0.0017,0.0027,-0.0001,-0.4682,-0.2887
70,0.07,0.001,0.0027,-0.0031,0.0005,-0.5795,-0.3401
71,0.071,0.0049,0.0018,0.0051,0.001,-0.475,-0.2906
72,0.072,0.0032,-0.0042,0.0063,0.0004,-1.3108,-0.8539
73,0.073,-0.0003,-0.0036,0.024,0.0019,-1.6427,-0.9265
74,0.074,0.0067,-0.0057,0.026,-0.0011,-0.7113,-0.2911
75,0.075,0.0057,-0.0053,0.0145,-0.0067,0.1631,0.1361
76,0.076,0.0066,0.0034,0.0121,-0.0014,0.5031,0.2142
77,0.077,0.0024,0.0021,0.0026,-0.0021,0.6047,0.2842
78,0.078,0.0076,-0.0013,-0.0027,0.0021,0.5098,0.3473
79,0.079,0.0041,-0.0086,-0.0074,0.0016,0.4232,0.2884
80,0.08,0.0047,-0.0042,-0.0062,0.0011,0.8061,0.5502
81,0.081,0.0031,-0.0035,-0.0052,0.0023,1.7124,0.9783
82,0.082,0.0047,0.0001,0.0024,0.0043,1.0841,0.5691
83,0.083,-0.0002,-0.0008,-0.003,0.0078,0.0617,-0.0133
84,0.084,0.0048,-0.0004,0.0032,0.0048,-0.3509,-0.2456
85,0.085,0.003,-0.005,0.0206,0.0054,-0.456,-0.2874
86,0.086,0.0048,-0.0047,0.0092,0.0057,-0.5791,-0.3563
87,0.087,0.0008,-0.0043,0.0044,-0,-0.4646,-0.2913
88,0.088,0.0045,-0.0057,0.0002,-0.0059,-0.5653,-0.3476
89,0.089,0.0003,-0.0055,-0.0037,-0.0096,-1.5876,-1.0293
90,0.09,0.0033,-0.0054,-0.0188,-0.0089,-1.4443,-0.7449
91,0.091,0.0029,-0.0032,-0.029,-0.0146,-0.3193,-0.1469
92,0.092,0.0033,-0.0084,-0.0161,-0.0109,0.436,0.2409
93,0.093,-0.0005,-0.0079,0.0024,-0.0073,0.3002,0.3112
94,0.094,0.0043,-0.0038,0.0094,-0.0056,0.4244,0.3743
95,0.095,0.0049,-0.0011,0.0114,0.0032,0.5365,0.3156
96,0.096,-0.0026,0.0003,-0.0029,0.0068,0.4325,0.2622
97,0.097,-0.0098,-0.0002,-0.0197,0.0145,1.2694,0.7873
98,0.098,-0.0051,0,-0.0352,0.0154,1.6027,0.8541
99,0.099,-0.0058,-0.0036,-0.0372,0.0127,0.6723,0.2767
100,0.1,-0.002,-0.0015,-0.0316,0.0048,-0.2018,-0.1114
101,0.101,-0.0069,-0.0055,-0.0131,0.0018,-0.3165,-0.1821
102,0.102,-0.0038,-0.002,0.0041,0.0082,-0.4189,-0.2458
103,0.103,-0.0066,-0.0051,0.015,0.0073,-0.5112,-0.303
104,0.104,-0.0018,-0.0013,0.025,0.0051,-0.4248,-0.2495
105,0.105,0.0024,-0.0091,0.0377,0.0031,-0.808,-0.5832
106,0.106,0.0007,-0.0261,0.0291,-0.0012,-1.8548,-1.0592
107,0.107,-0.006,-0.0237,0.0243,0.0029,-1.096,-0.6087
108,0.108,-0.0033,-0.0081,0.0201,0.0023,-0.1329,-0.0834
109,0.109,-0.0075,0.002,0.0236,-0.0007,0.4914,0.1289
110,0.11,-0.0082,0.0001,0.0203,-0.0011,0.379,0.3206
111,0.111,-0.0075,-0.0049,0.0316,0.0008,0.4815,0.3778
112,0.112,-0.0058,0.0027,0.0239,-0.0045,0.5737,0.3242
113,0.113,-0.0075,0.0124,0.0168,-0.0096,0.4873,0.371
114,0.114,0.0002,0.0112,-0.0021,-0.0102,1.4874,1.0221
115,0.115,-0.0009,0.0168,-0.0158,-0.0085,1.3454,0.7387
116,0.116,0.0021,0.024,0.0015,0.0004,0.4696,0.1411
117,0.117,-0.0007,0.0286,0.0037,0.0041,-0.3248,-0.2463
118,0.118,-0.0067,0.026,-0.0023,0.0096,-0.428,-0.3164
119,0.119,-0.0074,0.0254,-0.0115,0.0106,-0.5205,-0.2522
120,0.12,-0.0039,0.0275,-0.0131,0.0003,-0.6039,-0.3095
121,0.121,-0.0057,0.028,-0.0084,0.0016,-0.3707,-0.2561
122,0.122,-0.0063,0.0298,-0.0096,0.0004,-1.2798,-0.7814
123,0.123,-0.0089,0.0252,-0.0058,-0.0051,-1.6473,-0.9885
124,0.124,-0.0029,0.0196,-0.0024,-0.0123,-0.6243,-0.2832
125,0.125,-0.0056,0.0204,-0.0053,-0.015,0.0642,0.1861
126,0.126,-0.0005,0.0157,-0.006,-0.0123,0.4393,0.2717
127,0.127,-0.0026,0.0154,-0.005,-0.0115,0.5522,0.3486
128,0.128,-0.0044,0.0127,0.002,-0.0036,0.6541,0.278
129,0.129,-0.0097,0.0094,0.0086,-0.0005,0.3729,0.2137
130,0.13,-0.0118,0.0046,0.0062,0.006,0.7958,0.5023
131,0.131,-0.0062,0.0127,0.0115,0.0068,1.6411,0.9743
132,0.132,-0.007,0.0057,0.0152,-0.0001,1.0709,0.5246
133,0.133,-0.0022,0.0014,0.0059,0.0027,0.1418,-0.0001
134,0.134,-0.0007,0.0026,0.0101,0.0002,-0.2347,-0.2126
135,0.135,0.002,0.0008,0.014,-0.0034,-0.3497,-0.2778
136,0.136,0.0014,-0.0053,0.0109,0.0015,-0.4536,-0.3365
137,0.137,0.0024,-0.0024,0.008,-0.0015,-0.5479,-0.2844
138,0.138,0.0034,-0.0027,0.0018,0.0038,-0.4631,-0.3327
139,0.139,0.0051,-0.0044,-0.0006,0.0002,-1.6238,-0.9881
140,0.14,0.0053,-0.0098,-0.0027,0.0045,-1.4585,-0.7078
141,0.141,0.0001,-0.0088,-0.0046,0.0062,-0.4009,-0.1107
142,0.142,0.0049,-0.0191,-0.0049,0.0077,0.2881,0.2782
143,0.143,0.0089,-0.0202,-0.01,0.0017,0.4153,0.2094
144,0.144,0.0071,-0.0185,-0.0063,0.006,0.5298,0.2742
145,0.145,0.0055,-0.0219,-0.0066,0.0067,0.6341,0.3328
146,0.146,0.0084,-0.009,-0.0116,0.0003,0.3543,0.2806
147,0.147,0.0086,-0.0137,-0.0037,-0.0005,1.1209,0.8092
148,0.148,0.0095,-0.0149,-0.0025,-0.0027,1.6366,0.8799
149,0.149,0.0077,-0.0131,-0.0015,-0.0046,0.7936,0.3037
150,0.15,0.0107,-0.0116,-0.0005,-0.0063,-0.2287,-0.0851
151,0.151,0.0081,-0.0057,-0.001,-0.0103,-0.3683,-0.2976
152,0.152,0.0104,-0.0044,-0.0014,-0.0036,-0.4943,-0.2347
153,0.153,0.0053,-0.0032,-0.0029,0.001,-0.6085,-0.2934
154,0.154,0.0059,-0.0021,-0.0009,0.0105,-0.5063,-0.241
155,0.155,0.0101,-0.0056,-0.0042,0.0117,-0.7872,-0.5776
156,0.156,0.0048,-0.0018,-0.001,0.0107,-1.7237,-1.0585
157,0.157,0.0055,-0.0047,-0.0004,0.0097,-1.1009,-0.6111
158,0.158,0.0085,-0.004,-0.0013,0.0089,-0.0787,0.0297
159,0.159,0.0044,-0.0063,-0.0028,0.0064,0.3361,0.2866
160,0.16,0.0019,-0.0039,-0.0004,-0.0005,0.4631,0.3649
161,0.161,0.0007,-0.0034,0.0004,-0.0032,0.5779,0.2953
162,0.162,-0.0021,-0.0008,-0.0029,-0.016,0.4763,0.232
163,0.163,-0.0031,-0.0023,-0.004,-0.0216,0.5707,0.2903
164,0.164,0.0022,-0.0019,-0.0043,-0.003,1.5076,0.9772
165,0.165,-0.003,-0.0017,-0.0068,-0.0007,1.3843,0.6968
166,0.166,0.0006,-0.004,-0.0016,0.0059,0.3632,0.0995
167,0.167,0.0024,-0.0016,-0.0023,0.012,-0.325,-0.1344
168,0.168,0.003,-0.0059,0.0055,0.0138,-0.4517,-0.2063
169,0.169,0.0006,-0.0076,0.0003,0.0121,-0.566,-0.2712
170,0.17,-0.0015,-0.0024,0.003,0.0137,-0.4639,-0.3299
171,0.171,0.0042,-0.0103,0.0021,0.004,-0.3707,-0.2776
172,0.172,0.0065,-0.0115,0.0027,-0.0023,-1.1368,-0.8063
173,0.173,-0.0012,-0.0108,-0.0009,-0.0194,-1.6522,-1.0177
174,0.174,-0.0042,-0.0068,-0.0027,-0.0418,-0.8086,-0.3139
175,0.175,-0.0086,-0.0017,-0.0115,-0.039,0.2143,0.1562
176,0.176,-0.0093,0.0029,-0.0153,-0.0144,0.3545,0.2429
177,0.177,-0.0085,-0.0004,-0.0122,-0.0046,0.481,0.321
178,0.178,-0.0077,-0.0024,-0.005,-0.0018,0.5958,0.3918
179,0.179,-0.0045,-0.0022,-0.006,0.0009,0.4942,0.2001
180,0.18,-0.0003,-0.0037,-0.012,-0.0015,0.7755,0.4907
181,0.181,-0.0049,-0.0011,-0.0021,-0.0038,1.7125,1.072
182,0.182,0.0035,-0.0005,0.0075,-0.0018,1.0898,0.5303
183,0.183,0.0047,-0.0054,0.0137,0,0.068,0.0364
184,0.184,0.0018,-0.0016,0.0105,0.0051,-0.3461,-0.285
185,0.185,0.0028,0.0044,0.0075,0.0157,-0.4723,-0.2283
186,0.186,0.0063,-0.0032,0.0026,0.0135,-0.4955,-0.3255
187,0.187,0.0022,-0.0011,0.0071,0.0121,-0.6094,-0.2733
188,0.188,0.0076,0.0007,0.0113,0.0057,-0.507,-0.3217
189,0.189,-0.0001,-0.0047,0.009,0.0046,-1.537,-0.9772
190,0.19,-0.003,-0.0047,-0.0017,-0.0007,-1.4008,-0.8841
191,0.191,-0.002,-0.0023,-0.0002,-0.0035,-0.2775,-0.117
192,0.192,-0.0044,-0.0075,0.0011,-0.001,0.4796,0.1936
193,0.193,-0.0021,-0.0075,-0.0051,-0.0004,0.3451,0.2884
194,0.194,-0.0041,-0.0062,-0.0061,0.0015,0.4713,0.2039
195,0.195,-0.0009,-0.0019,-0.0008,-0.0028,0.5858,0.2817
196,0.196,0.0032,-0.0118,0.0039,-0.0024,0.484,0.2118
197,0.197,-0.0045,-0.0248,-0.0002,0.0023,1.1396,0.7873
198,0.198,-0.0076,-0.0099,-0.0099,0.0039,1.5659,1.0199
199,0.199,-0.0128,-0.0002,-0.0138,-0.0025,0.7141,0.3862
200,0.2,-0.0042,0.0088,-0.025,0.0069,-0.0816,-0.0415
201,0.201,-0.0031,0.0067,-0.0202,0.0031,-0.393,-0.2752
202,0.202,-0.0021,0.0079,-0.016,0.0041,-0.4881,-0.3466
203,0.203,0.0025,0.0116,-0.002,0.001,-0.5745,-0.2832
204,0.204,-0,0.0124,0,-0.0131,-0.4982,-0.2258
205,0.205,-0.0037,0.0089,0.0019,-0.0274,-0.7094,-0.4902
206,0.206,0.0012,0.0096,0.0096,-0.0181,-1.669,-1.0191
207,0.207,-0.0005,0.0047,0.0223,-0.0096,-1.2582,-0.5271
208,0.208,-0,0.0019,0.0309,-0.0051,-0.1342,0.05
209,0.209,0.0015,0.0053,0.0234,0.0045,0.3215,0.2838
210,0.21,0.0011,0.0058,0.0249,0.0082,0.4605,0.2148
211,0.211,0.0023,0.0086,0.0188,0.0114,0.5861,0.2795
212,0.212,-0.0036,0.0088,0.0157,0.0083,0.4741,0.3379
213,0.213,-0.0131,0.0091,0.0106,0.0074,0.3719,0.2853
214,0.214,-0.0169,0.0092,0.0152,0.01,1.5891,1.006
215,0.215,-0.0114,0.0087,0.0232,0.0078,1.424,0.6977
216,0.216,-0.002,0.0136,0.0222,0.0042,0.3668,0.2285
217,0.217,-0.0058,0.0099,0.0083,0.0038,-0.3221,-0.199
218,0.218,-0.0026,0.0092,0.0105,0.0043,-0.4494,-0.2778
219,0.219,0.0003,0.0062,0.0162,0.0048,-0.5645,-0.3488
220,0.22,0.0048,0.0108,0.018,0.0099,-0.4632,-0.2854
221,0.221,0.0022,0.0113,0.0166,0.0064,-0.3707,-0.2278
222,0.222,0.0027,0.0024,0.0237,0.0022,-1.1374,-0.809
223,0.223,0.0033,-0.0065,0.025,0.0098,-1.6532,-1.0416
224,0.224,0.0015,0.0038,0.0173,0.0046,-0.8103,-0.408
225,0.225,-0.0003,0.0107,0.0121,0.0038,0.2119,0.1898
226,0.226,0.0001,0.0144,0.0149,0.0046,0.3517,0.2689
227,0.227,-0.0012,-0.0004,0.0125,-0.0023,0.4776,0.3401
228,0.228,0.0026,-0.0105,0.0041,0.0063,0.5918,0.2769
229,0.229,0.004,0.0026,-0.0129,0.0031,0.4897,0.2194
230,0.23,-0.0031,0.0077,-0.0104,0.0002,0.7706,0.4837
231,0.231,-0.0022,0.0093,-0.0306,-0.0082,1.7071,1.0126
232,0.232,-0.0069,0.0135,-0.0442,-0.0137,1.0841,0.5207
233,0.233,-0.0044,0.0148,-0.0614,-0.0126,0.0618,0.0716
234,0.234,-0.0008,0.016,-0.0501,-0.004,-0.3527,-0.2207
235,0.235,0.0084,0.0089,-0.0194,-0.0007,-0.4798,-0.2747
236,0.236,0.0071,0.0137,0.0115,0.0066,-0.5948,-0.3233
237,0.237,0.006,0.0097,0.0154,0.0171,-0.4934,-0.2802
238,0.238,0.0028,0.0046,0.019,0.0158,-0.401,-0.32
239,0.239,-0.0057,0.0055,-0.0107,0.017,-1.5083,-0.8613
240,0.24,-0.0048,0.0088,-0.0225,0.0022,-1.3588,-0.7845
241,0.241,0.0003,0.0027,-0.0332,0.0043,-0.3979,-0.1504
242,0.242,0.0029,-0.0013,-0.03,0.0025,0.2284,0.2773
243,0.243,0.0019,-0.0062,-0.0388,-0.0026,0.3438,0.2015
244,0.244,0.0041,-0.0166,-0.0469,-0.0041,0.4475,0.2728
245,0.245,0.0033,-0.0147,-0.0792,-0.011,0.542,0.3374
246,0.246,-0.0025,-0.0213,-0.0836,-0.0121,0.4574,0.1637
247,0.247,-0.0126,-0.0198,-0.0475,-0.0153,1.1539,0.7449
248,0.248,-0.0057,-0.0162,-0.0137,-0.0101,1.6223,0.9777
249,0.249,-0.007,-0.0128,0.0082,-0.0092,0.6853,0.3444
250,0.25,-0.0015,-0.002,0.0121,-0.0066,-0.19,-0.0828
251,0.251,0.01,-0.0002,0.0228,-0.0029,-0.3063,-0.3164
252,0.252,0.0054,-0.001,0.0259,-0.0048,-0.4112,-0.2472
253,0.253,0.0067,-0.0016,0.023,-0.0017,-0.5061,-0.3118
254,0.254,0.0079,-0.0042,0.0256,-0.0012,-0.4222,-0.2541
255,0.255,0.0023,0.0026,0.0328,-0.0047,-0.6551,-0.5181
256,0.256,0.0033,-0.0012,0.0261,-0.0017,-1.7107,-1.0469
257,0.257,0.006,0.0045,0.024,0.0003,-1.259,-0.5548
258,0.258,0.0085,-0.0015,0.0257,-0.0032,-0.0229,0.0225
259,0.259,0.0064,-0.002,0.0306,-0.0044,0.4779,0.2566
260,0.26,0.0044,0.0006,0.032,-0.0024,0.3294,0.3282
261,0.261,0.0039,0.0103,0.0304,-0.0049,0.4676,0.2651
262,0.262,0.0056,0.0119,0.0189,-0.0073,0.5933,0.3238
263,0.263,0.0009,0.0067,0.0202,-0.0056,0.4809,0.2715
264,0.264,0.004,0.0019,0.0213,-0.0026,1.4079,0.8964
265,0.265,0,0.0087,0.0122,-0.0014,1.5333,0.8118
266,0.266,0.0026,0.0031,0.0129,0.0004,0.5125,0.2691
267,0.267,-0.0004,0.0028,0.0074,0.0007,-0.1761,-0.2248
268,0.268,-0.0006,0.008,0.0063,0.003,-0.3032,-0.2901
269,0.269,0.003,0.0088,0.0034,-0.0012,-0.4179,-0.349
270,0.27,0.0009,0.0027,0.0009,-0.003,-0.522,-0.2968
271,0.271,0.0013,-0.0029,0.0027,0.001,-0.4291,-0.2491
272,0.272,0.0018,0.0089,-0.0018,0.0015,-1.1954,-0.7295
273,0.273,0.0002,0.0007,-0.0038,0.001,-1.7108,-1.0498
274,0.274,0.004,-0.0006,-0.0026,0.0049,-0.8677,-0.4101
275,0.275,0.001,-0.0017,-0.0051,0.0063,0.1549,0.1876
276,0.276,-0,-0.0003,-0.0015,0.0051,0.2952,0.2669
277,0.277,0.0004,-0.0033,-0.0066,-0.0006,0.4215,0.3382
278,0.278,-0.0012,-0,-0.0064,-0.0059,0.5358,0.275
279,0.279,-0.0001,-0.0026,-0.0096,-0.008,0.4341,0.2174
280,0.28,0.0031,-0.0016,-0.0115,-0.0076,0.7154,0.4817
281,0.281,0.0003,-0.0083,-0.0067,-0.006,1.6523,1.0105
282,0.282,-0.0015,-0.0074,-0.0135,-0.0066,1.0297,0.6591
283,0.283,-0.0038,-0.0064,-0.013,-0.0078,0.2345,0.0819
284,0.284,0.0014,-0.001,-0.014,-0.0015,-0.2831,-0.3068
285,0.285,-0.002,-0.0074,-0.0178,0.0049,-0.3788,-0.2379
286,0.286,0.0011,-0.0031,-0.0138,0.0107,-0.4653,-0.3026
287,0.287,-0.0025,-0.0087,-0.0172,0.0076,-0.5097,-0.2932
288,0.288,0.0005,-0.0049,-0.0145,0.0083,-0.433,-0.2355
289,0.289,-0.0009,-0.0085,-0.0122,0.0062,-1.488,-0.9225
290,0.29,0.0014,-0.0068,-0.0128,0.0119,-1.6395,-0.8294
291,0.291,0.0011,-0.0085,-0.0169,0.0112,-0.404,-0.2326
292,0.292,-0.003,-0.0081,-0.0104,0.0076,0.4285,0.1561
293,0.293,-0.0046,-0.0078,-0.0042,0.007,0.2804,0.2278
294,0.294,-0.004,-0.0059,0.0015,0.0111,0.4188,0.2925
295,0.295,-0.0036,-0.0095,-0.0025,0.0095,0.5444,0.3511
296,0.296,-0.0006,-0.0166,0.0037,0.0064,0.4319,0.1932
297,0.297,-0.0031,-0.0324,0.0044,0.0035,0.9471,0.7216
298,0.298,-0.0007,-0.0214,0.002,-0.0022,1.6032,0.9329
299,0.299,-0.0009,-0.0074,0.0055,-0.0117,0.8367,0.3569
300,0.3,-0.0022,-0.0056,0.0084,-0.0205,-0.093,-0.0318
301,0.301,-0.0045,-0.0007,0.01,-0.0261,-0.4698,-0.2444
302,0.302,-0.0014,-0.0024,0.0084,-0.0124,-0.3583,-0.3095
303,0.303,-0.0049,-0.0012,0.0053,0.0007,-0.4626,-0.3682
304,0.304,-0.0018,-0.0026,0.0056,0.0024,-0.3701,-0.2104
305,0.305,-0.0082,0.0004,0.0097,0.01,-0.626,-0.4507
306,0.306,-0.009,-0.0029,0.016,0.0114,-1.7874,-1.1063
307,0.307,-0.0099,-0.0058,0.0185,0.0103,-1.2905,-0.6384
308,0.308,-0.0046,-0.0001,0.0177,0.0071,-0.2327,-0.041
309,0.309,-0.0066,0.0003,0.0183,0.0124,0.4561,0.193
310,0.31,-0.0024,-0.0007,0.0187,0.0116,0.3337,0.2644
311,0.311,-0.0019,0.0033,0.0181,0.0022,0.4478,0.3291
312,0.312,-0.0044,0.0047,0.0205,-0.0015,0.5513,0.2715
313,0.313,-0.0022,0.0029,0.0273,-0.0046,0.4584,0.3246
314,0.314,0.0033,-0.0016,0.0157,0.0007,1.3947,0.9492
315,0.315,0.0011,0.0069,0.0017,-0.0001,1.5198,0.8646
316,0.316,0.0017,0.0054,-0.0114,-0.0009,0.4988,0.167
317,0.317,0.0022,0.0061,-0.0098,0.0029,-0.1899,-0.1156
318,0.318,0.0004,0.0088,-0.0084,0.0023,-0.3171,-0.2023
319,0.319,-0.0012,0.0077,-0.0125,0.0029,-0.432,-0.2806
320,0.32,0.001,0.0014,-0.0063,0.0047,-0.5363,-0.3516
321,0.321,0.0029,0.0004,-0.0032,-0.001,-0.4439,-0.1603
322,0.322,0.0032,0.0007,-0.0063,-0.0002,-1.0402,-0.6835
323,0.323,0.0041,0.0035,-0.0055,0.0005,-1.7376,-1.0355
324,0.324,-0.001,0.006,0.0004,-0.0011,-0.8948,-0.4596
325,0.325,0.0009,0.0031,0.0026,-0.0005,0.1275,0.0839
326,0.326,0.0066,0.0006,-0.0039,0.0011,0.5417,0.2964
327,0.327,0.0028,0.0014,-0.0047,-0.0031,0.4189,0.3613
328,0.328,0.0047,0.0021,-0.001,-0.0025,0.533,0.3041
329,0.329,0.0051,0.0041,-0.0059,0.0033,0.4311,0.2518
330,0.33,-0.0038,0.0089,-0.0064,-0.0066,0.7123,0.4922
331,0.331,-0.0001,0.0037,-0.0058,-0.0025,1.6491,1.0604
332,0.332,0.0008,-0.0009,-0.001,-0.0037,1.0264,0.6737
333,0.333,-0.0004,0.0017,-0.0079,0.0019,0.2313,0.0391
334,0.334,-0.005,0.0082,-0.0069,-0.0011,-0.2866,-0.2179
335,0.335,-0.0043,0.0071,-0.0026,-0.0056,-0.3824,-0.2964
336,0.336,-0.0007,0.0093,-0.0047,-0.0013,-0.469,-0.3673
337,0.337,-0.0014,0.0038,-0.0081,-0.0065,-0.5476,-0.3038
338,0.338,-0.0046,0.0043,0.0015,-0.0045,-0.4783,-0.246
339,0.339,-0.0042,-0.0042,0.0113,-0.0039,-1.4377,-0.9328
340,0.34,-0.0038,-0.0013,0.0178,-0.0079,-1.5758,-0.8397
341,0.341,-0.0027,0.0016,0.019,-0.0044,-0.4531,-0.2428
342,0.342,0.0001,-0.0013,0.0181,-0.0047,0.3041,0.1461
343,0.343,-0.0026,-0.0041,0.021,-0.0059,0.4437,0.2179
344,0.344,-0.003,-0.0005,0.01,-0.0033,0.5694,0.2829
345,0.345,-0,0,0.0057,-0.003,0.4572,0.3419
346,0.346,-0.0027,0.0056,0.0018,-0.0007,0.3549,0.1842
347,0.347,0.0018,-0.0029,-0.0018,-0.0026,1.0105,0.713
348,0.348,0.0034,0.0025,-0.0026,-0.0014,1.6069,0.9246
349,0.349,0.0017,0.0014,-0.0015,0.0002,0.91,0.4768
350,0.35,0.0022,0.0005,-0.0041,-0.0018,-0.1227,-0.048
351,0.351,-0.0001,-0.0021,-0.0031,0.0005,-0.2627,-0.2602
352,0.352,0.0019,0.0031,-0.0008,-0.0033,-0.3891,-0.325
353,0.353,0.0008,0.0067,-0.0014,0.0018,-0.5037,-0.3834
354,0.354,0.0011,0.0024,-0.003,0.0011,-0.4019,-0.2253
355,0.355,0.0055,0.003,-0.0046,-0.0007,-0.6833,-0.4654
356,0.356,0.006,0.0045,0.0003,0.0022,-1.7906,-1.0334
357,0.357,0.0012,0.0057,-0.0013,0.0046,-1.339,-0.6466
358,0.358,-0.0019,0.0029,0.0005,-0.0005,-0.1029,-0.0118
359,0.359,-0.0036,-0.0006,-0.001,-0.0012,0.3977,0.2458
360,0.36,0.0012,0.0026,-0.0021,0.0018,0.551,0.3245
361,0.361,0.0042,0.003,-0.0032,0,0.4154,0.2552
362,0.362,0.0025,0.0013,-0.005,-0.0036,0.5411,0.3201
363,0.363,0.002,0.0004,-0.0045,-0.0087,0.4287,0.2627
364,0.364,0.0024,0.0008,-0.0047,-0.001,1.3558,0.9498
365,0.365,0.0028,0.0047,-0.0027,0.0062,1.4814,0.8568
366,0.366,0.0064,-0.0009,-0.0038,-0.008,0.4608,0.2603
367,0.367,0.0042,0.0014,-0.0039,-0.0101,-0.2276,-0.1283
368,0.368,0.0062,0.0051,-0.0006,-0.0008,-0.3546,-0.1999
369,0.369,0.0044,0.0058,-0.0036,0.0109,-0.4692,-0.2646
370,0.37,0.0041,0.003,-0.0023,0.0032,-0.5732,-0.3233
371,0.371,0.0025,-0.0003,-0.0019,0.0072,-0.4806,-0.271
372,0.372,-0.0017,0.0049,-0.0036,-0.0016,-1.0767,-0.7035
373,0.373,0.0025,0.0086,-0.0006,-0.0095,-1.7738,-0.9944
374,0.374,-0.0003,0.0071,-0.0032,-0.0042,-0.9311,-0.413
375,0.375,0.0012,0.009,-0.0056,0.0042,0.0914,0.1303
376,0.376,0.0016,0.0034,-0.0012,0.0074,0.5058,0.2023
377,0.377,-0.0004,0.0043,-0.0008,0.0084,0.3835,0.2673
378,0.378,0.0032,0.0038,-0.0055,0.0092,0.498,0.3259
379,0.379,0.0011,0.0024,-0.0039,0.0083,0.3961,0.2736
380,0.38,0.0008,-0.0014,-0.0091,0.0076,0.6774,0.4179
381,0.381,0.0033,-0.0037,-0.0054,0.004,1.6142,1.0733
382,0.382,-0.0005,-0.0032,-0.0084,0.0056,1.2411,0.6053
383,0.383,-0.004,-0.0009,-0.0111,0.0027,0.2192,0.0079
384,0.384,-0.0009,-0.001,-0.0188,-0.0009,-0.195,-0.2261
385,0.385,0.0012,0.0016,-0.0131,-0.006,-0.3216,-0.2977
386,0.386,-0.003,0.0014,-0.014,0.0004,-0.4362,-0.3625
387,0.387,-0.0024,-0.0009,-0.0093,-0.0038,-0.5401,-0.3053
388,0.388,0.0034,0.0073,-0.0056,-0.0062,-0.4007,-0.2619
389,0.389,0.001,0.0022,-0.003,0.0007,-1.4308,-0.9489
390,0.39,0.0041,-0.0045,-0.0007,-0.0001,-1.5685,-0.856
391,0.391,0.0002,0.0003,0.0071,0.0041,-0.4456,-0.2593
392,0.392,-0.0023,-0.0021,0.0062,0.0078,0.3117,0.1293
393,0.393,-0.0034,-0.0056,0.0108,0.0043,0.4515,0.2009
394,0.394,-0.0013,-0.0018,0.0117,0.0026,0.5778,0.2656
395,0.395,-0.0002,-0.0047,0.0155,-0.0002,0.4661,0.3242
396,0.396,-0.0025,-0.0028,0.0262,0.0003,0.3643,0.1663
397,0.397,-0.0075,-0.0041,0.0368,-0.0019,1.0201,0.6947
398,0.398,-0.0152,-0.0043,0.0355,-0.0057,1.6167,1.0466
399,0.399,-0.0141,0.0023,0.0367,-0.0062,0.9202,0.4707
400,0.4,-0,-0.0021,0.0311,-0.0011,-0.1123,-0.0728
401,0.401,-0.002,-0.0027,0.0217,-0.0018,-0.252,-0.2854
402,0.402,-0.0038,-0.0019,0.0053,0.0052,-0.3783,-0.3504
403,0.403,-0.0021,-0.0082,-0.015,0.0098,-0.4924,-0.2933
404,0.404,-0.0036,-0.0055,-0.0177,0.0056,-0.3905,-0.2412
405,0.405,-0.0022,-0.0123,-0.0053,0.0141,-0.6717,-0.3856
406,0.406,0.0016,-0.0057,0.0103,0.0016,-1.7786,-1.0412
407,0.407,0.0049,-0.0064,0.0083,-0.0034,-1.3268,-0.7607
408,0.408,-0.0024,-0.0069,0.0027,-0.0049,-0.3651,0.0069
409,0.409,-0.0069,-0.0117,0.0011,-0.0035,0.2616,0.3176
410,0.41,-0.001,-0.0111,-0.0158,0.0003,0.3774,0.2252
411,0.411,0.0013,-0.0022,-0.0313,0.0013,0.4816,0.3109
412,0.412,-0.0023,0.0017,-0.0333,0.0024,0.5764,0.3888
413,0.413,-0.0028,0.0008,-0.0313,0.0033,0.3221,0.3189
414,0.414,0.0001,0.0061,-0.0228,0.0025,1.3284,0.8944
415,0.415,-0.0003,0.0016,-0.0181,-0.0027,1.4663,0.8174
416,0.416,0,0.0009,-0.0167,0.0009,0.5931,0.3243
417,0.417,0.0029,0.0062,-0.0178,0.0052,-0.2025,-0.1251
418,0.418,0.0025,0.0056,-0.0052,-0.0036,-0.3077,-0.1848
419,0.419,0.0036,0.0026,0.0101,-0.0024,-0.4027,-0.2386
420,0.42,0.0059,0.0032,0.0368,-0.0079,-0.4886,-0.2874
421,0.421,0.0061,0.0017,0.0697,-0.0151,-0.4118,-0.2444
422,0.422,0.0095,0.0029,0.0653,-0.0273,-0.9041,-0.6814
423,0.423,0.0072,0.0026,0.0536,-0.0222,-1.7358,-0.9724
424,0.424,0.0069,-0.0024,0.0356,-0.0115,-0.9426,-0.4967
425,0.425,0.0018,0.004,0.0258,-0.0046,-0.0125,0.0806
426,0.426,0.0011,-0.0088,0.011,0.0093,0.3647,0.3144
427,0.427,0.0006,-0.0219,-0.0136,0.0112,0.4802,0.2451
428,0.428,0.0011,-0.0168,-0.0365,0.0062,0.5844,0.3098
429,0.429,-0.0005,-0.0062,-0.0573,0.0078,0.4919,0.2523
430,0.43,-0.0066,0.0034,-0.0599,0.0037,0.5778,0.4108
431,0.431,-0.0126,0.0071,-0.0622,0.0025,1.7391,1.0355
432,0.432,-0.0074,0.0039,-0.0466,-0.0007,1.2426,0.6103
433,0.433,-0.0067,0.0008,-0.0445,0.0024,0.1852,0.0671
434,0.434,-0.0037,0.0053,-0.0315,0.0051,-0.2287,-0.2864
435,0.435,-0.0021,0.013,-0.0196,0.0025,-0.3549,-0.2239
436,0.436,0.0004,0.0077,-0.0056,0.0019,-0.4694,-0.2827
437,0.437,-0.0008,0.0085,0.0075,-0.0001,-0.5732,-0.336
438,0.438,0.0048,0.0092,0.0195,-0.0006,-0.4803,-0.2882
439,0.439,0.0025,0.0022,0.0212,-0.0012,-1.4168,-0.9434
440,0.44,0.0018,0.0013,0.02,0.0004,-1.542,-0.8503
441,0.441,-0.004,-0.003,0.0164,-0.0018,-0.5212,-0.2535
442,0.442,-0.0033,0.0021,0.0198,-0.0022,0.1676,0.1355
443,0.443,-0.0041,-0.0044,0.017,-0.0047,0.2949,0.2073
444,0.444,0.0001,-0.0003,0.018,0.0005,0.4097,0.2722
445,0.445,-0.0016,0.0002,0.014,0.0042,0.5139,0.331
446,0.446,0.0031,-0.0034,0.0148,0.0007,0.4211,0.2787
447,0.447,0.0013,0.0007,0.0199,0.0002,1.0171,0.6153
448,0.448,0.0042,0,0.017,0.003,1.714,1.009
449,0.449,-0.0006,-0.0006,0.0142,-0.0006,0.8711,0.4279
450,0.45,-0.0012,0.0023,0.0096,0.0055,0.0754,-0.1154
451,0.451,0.0005,0.0002,0.0101,0.0047,-0.4423,-0.1872
452,0.452,0.002,-0.0035,0.0061,0.0025,-0.3505,-0.2522
453,0.453,-0.0003,0.0025,0.0035,0.0019,-0.4368,-0.3109
454,0.454,-0.0032,-0.0019,0.0023,-0.0012,-0.515,-0.2586
455,0.455,-0.0006,-0.0013,0.0087,-0.0088,-0.5856,-0.4028
456,0.456,0.0046,-0.0021,0.0002,-0.0035,-1.5451,-1.0581
457,0.457,-0.0007,-0.008,-0.0076,0.001,-1.4088,-0.7774
458,0.458,-0.0042,-0.0088,-0.0107,0.0018,-0.2852,-0.0099
459,0.459,0.0027,-0.0109,-0.0115,-0.0034,0.4717,0.301
460,0.46,-0,-0.0053,-0.0089,-0.0128,0.337,0.2089
461,0.461,-0.0026,-0.0091,-0.0189,-0.004,0.4628,0.2951
462,0.462,-0.0033,-0.0057,-0.0149,0.0016,0.5769,0.3733
463,0.463,-0.0013,-0.0028,-0.0112,0.0046,0.4746,0.3036
464,0.464,0.003,-0.0024,-0.008,0.0019,1.3174,0.8794
465,0.465,0.0024,0.0022,-0.0007,0.0061,1.4313,0.8028
466,0.466,0.004,0.0004,-0.0016,0.0008,0.5033,0.3099
467,0.467,-0.0003,0.0055,0.0043,-0.0041,-0.1229,-0.1395
468,0.468,0.0014,0.0005,0.0065,0.0001,-0.4654,-0.1989
469,0.469,0.0019,-0.0013,0.0044,0.0018,-0.57,-0.2524
470,0.47,0.0031,0.0002,0.0102,0.0096,-0.4779,-0.3009
471,0.471,-0.0024,0.0048,0.0032,0.0018,-0.3939,-0.2577
472,0.472,-0.0002,0.003,0.0005,0.007,-0.9363,-0.6151
473,0.473,-0.0009,-0.0024,-0.0003,0.0042,-1.8515,-1.0479
474,0.474,-0.0013,0.0052,0.0033,-0.0017,-0.9795,-0.5244
475,0.475,0.0004,0.002,0.0111,-0.0039,0.0425,0.1104
476,0.476,-0.0001,0.0045,0.0079,-0.006,0.4565,0.1973
477,0.477,0.003,0.0018,0.0124,-0.0002,0.5827,0.2759
478,0.478,0.0059,-0.0005,0.0181,0.002,0.4704,0.3469
479,0.479,0.0034,0.0042,0.0065,-0.0016,0.5737,0.2836
480,0.48,0.001,0.001,0.0012,0.0042,0.4804,0.342
481,0.481,0.0014,0.0004,0.0086,0.0035,1.5869,1.0292
482,0.482,0.0007,0.0028,0.0126,0.0041,1.135,0.7489
483,0.483,-0.0009,0.0015,0.0036,-0.0001,0.173,0.1519
484,0.484,-0.0031,0.0042,-0.0136,-0.009,-0.204,-0.2366
485,0.485,-0.0049,-0.0017,-0.0309,-0.0078,-0.32,-0.3079
486,0.486,-0.001,0.0041,-0.0376,-0.0089,-0.4248,-0.3724
487,0.487,0.0019,0.0062,-0.0437,0.0048,-0.52,-0.3147
488,0.488,0.0055,0.0068,-0.0382,0.0029,-0.4363,-0.2619
489,0.489,0.0013,0.0011,-0.0386,0.0039,-1.3572,-0.8782
490,0.49,0.0026,-0.0008,-0.0371,0.0056,-1.5906,-0.9265
491,0.491,0.0055,0.0032,-0.0296,-0.002,-0.5351,-0.2702
492,0.492,0.0045,0.0066,-0.0201,-0.0034,0.2215,0.2
493,0.493,0.0021,0.0043,-0.0215,-0.0023,0.3609,0.2869
494,0.494,0.0025,0.0046,-0.0161,-0.0013,0.4866,0.3654
495,0.495,0.0019,-0.0013,-0.0005,-0.0066,0.6006,0.2962
496,0.496,0.0031,-0.0022,0.015,-0.0002,0.4984,0.233
497,0.497,0.0009,-0.0016,0.0169,-0.0011,0.9666,0.64
498,0.498,0.0052,-0.0024,0.0261,-0.0096,1.7331,1.0104
499,0.499,0.0035,-0.0008,0.0311,-0.0174,0.8061,0.4821
500,0.5,-0.0041,-0.0013,0.0479,-0.0121,-0.0692,-0.0115
501,0.501,-0.0071,-0.0019,0.0456,-0.0037,-0.4118,-0.2048
502,0.502,-0.0043,-0.0089,0.0354,0.0019,-0.5169,-0.2636
503,0.503,-0.0068,-0.0184,0.0298,0.0049,-0.612,-0.3169
504,0.504,-0.0075,-0.0147,0.0246,0.0057,-0.5282,-0.2691
505,0.505,-0.0039,-0.0022,0.0138,0.0082,-0.6065,-0.4001
506,0.506,-0.0034,-0.0006,-0.0072,0.0075,-1.6619,-0.9955
507,0.507,-0.0004,0.001,-0.0161,0.004,-1.2106,-0.7405
508,0.508,0.0011,0.005,-0.008,0.0023,-0.2496,-0.0426
509,0.509,0.0023,0.0087,-0.0154,0.0017,0.3762,0.0529
510,0.51,0.0043,0.0055,-0.0132,0.0002,0.4917,0.1396
511,0.511,0.0008,-0.0017,0.0009,0.0013,0.5955,0.3725
512,0.512,0.0011,0.0047,0.0065,0.0042,0.5026,0.3029
513,0.513,0.0008,0.0022,-0.0019,-0,0.4178,0.2394
514,0.514,-0.0049,-0.0047,-0.0004,0.0017,1.2691,0.8789
515,0.515,-0.0041,0.0018,0.0093,-0.0031,1.6092,0.9644
516,0.516,-0.0003,0.0044,0.0232,0.0039,0.6811,0.2671
517,0.517,0.0004,0.0066,0.0176,-0.0007,-0.1943,-0.2028
518,0.518,0.0009,0.006,0.0092,-0.0033,-0.3104,-0.2894
519,0.519,-0.0008,0.0092,0.0108,0.0005,-0.4152,-0.2131
520,0.52,-0.0065,0.0075,-0.0016,0.0025,-0.5102,-0.284
521,0.521,-0.0165,0.0019,-0.0032,-0.0005,-0.4259,-0.2206
522,0.522,-0.0178,0.0072,-0.0046,0.0023,-0.9682,-0.6274
523,0.523,-0.0116,0.0093,-0.0058,0.0008,-1.7426,-0.9976
524,0.524,-0.0013,0.0089,0.0006,0.0012,-1.0223,-0.4692
525,0.525,0,0.0014,-0.0003,0.0032,0.0104,0.0244
526,0.526,0.0012,0.0045,0.0051,0.0036,0.4249,0.2178
527,0.527,0.0002,0.0038,0.0079,0.0026,0.5514,0.2768
528,0.528,-0.0009,0.0048,0.0089,0.0049,0.4395,0.3302
529,0.529,0.0037,0.0012,0.0084,0.008,0.543,0.2825
530,0.53,0.0028,0.0049,0.0021,0.0024,0.4501,0.3262
531,0.531,0.0035,0.0045,0.0014,0.0047,1.5568,0.9217
532,0.532,-0.0001,0.0006,0.0053,0.0027,1.1051,0.6666
533,0.533,0.0041,-0.0008,-0.0039,0.001,0.4174,0.1236
534,0.534,0.0035,-0.0038,0,0.0005,-0.2086,-0.2299
535,0.535,0.002,-0.0024,-0.0031,-0.0062,-0.3242,-0.2954
536,0.536,0.0042,-0.0004,0.0065,-0.0071,-0.4285,-0.3544
537,0.537,0.0021,-0.0013,0.0205,-0.0028,-0.5231,-0.3023
538,0.538,0.0046,-0.0029,0.0225,-0.0034,-0.4388,-0.2547
539,0.539,0.0029,-0.0041,0.0277,-0.0027,-1.2902,-0.8229
540,0.54,0.0059,-0.0028,0.0417,0.0043,-1.6309,-0.9008
541,0.541,0.0084,-0.0058,0.0288,0.0016,-0.7032,-0.2671
542,0.542,0.0031,-0.0054,0.0137,-0.0009,0.1722,0.1603
543,0.543,0.0053,-0.0017,-0.0087,0.0061,0.2885,0.2393
544,0.544,0.0017,0.0027,-0.0173,0.0053,0.393,0.3103
545,0.545,0.0047,-0,-0.0253,0.0079,0.4879,0.3747
546,0.546,-0.0029,-0.0024,-0.0275,-0.0021,0.4038,0.2008
547,0.547,-0.002,-0.0054,-0.0428,-0.0061,0.791,0.5705
548,0.548,-0.0047,0.0012,-0.0407,-0.0097,1.7059,1.0032
549,0.549,-0.0056,-0.0014,-0.0386,-0.0065,0.834,0.48
550,0.55,-0.0034,-0.0021,-0.0368,0.0008,0.0384,-0.014
551,0.551,-0.0055,-0.0013,-0.0168,0.0036,-0.2734,-0.2077
552,0.552,0.0039,-0.0032,0.0134,-0.0075,-0.3689,-0.2668
553,0.553,-0.0002,-0.0014,0.0413,-0.009,-0.4553,-0.3206
554,0.554,0.001,0.0005,0.0305,-0.0075,-0.5334,-0.2732
555,0.555,-0.0001,-0.003,0.0075,0.0013,-0.4634,-0.3173
556,0.556,-0.0011,0.0002,-0.0197,0.0004,-1.4227,-0.9131
557,0.557,0.0053,0.0007,-0.0162,0.0034,-1.2864,-0.6582
558,0.558,0.0027,-0.0002,-0.0132,0.0062,-0.4118,-0.1152
559,0.559,0.0005,-0.0033,-0.0045,0.0054,0.3847,0.2384
560,0.56,0.0025,-0.0028,-0.0184,0.0002,0.4903,0.3035
561,0.561,-0.0005,-0.0017,-0.0359,0.0023,0.5854,0.3622
562,0.562,-0.0034,-0.0012,-0.0295,0.0006,0.5015,0.3099
563,0.563,-0.007,0.0027,0.0009,-0.0022,0.4251,0.2623
564,0.564,-0.0066,0.0031,0.0138,-0.0016,1.199,0.8303
565,0.565,-0.0087,0.0004,0.0097,-0.0019,1.5086,0.9081
566,0.566,-0.0051,0.0008,-0.0015,0.002,0.6653,0.2744
567,0.567,-0.0055,-0.003,-0.005,0.0025,-0.1305,-0.1531
568,0.568,-0.0007,-0.0044,-0.0141,0.0022,-0.442,-0.232
569,0.569,-0.0012,0.0026,-0.0226,-0.0042,-0.5371,-0.3032
570,0.57,0.0052,0.0057,-0.0206,-0.0034,-0.4532,-0.3678
571,0.571,0.006,-0.0006,-0.0099,-0.0059,-0.3769,-0.194
572,0.572,0.0067,0.002,-0.0042,-0.0006,-0.8694,-0.5637
573,0.573,0.0116,0.0014,-0.0102,-0.0012,-1.8293,-0.9966
574,0.574,0.0059,-0.005,0.0046,-0.0017,-1.144,-0.4735
575,0.575,0.0022,-0.0058,-0.0019,0.0036,-0.0197,0.0204
576,0.576,0.0015,-0.0036,-0.0042,0.0016,0.4359,0.2141
577,0.577,-0.0015,-0.0042,-0.0029,0.0033,0.5752,0.2733
578,0.578,0.0002,-0.0037,-0.0018,0.0029,0.4519,0.3269
579,0.579,-0.0012,-0.0042,-0.0035,0.0003,0.5661,0.2794
580,0.58,0.0019,-0.0037,-0.0002,-0.0008,0.4639,0.3233
581,0.581,-0.001,0.0032,-0.0063,0.0031,1.6811,0.9189
582,0.582,-0.0019,0.0042,0.0006,0.0016,1.1844,0.6639
583,0.583,0.0013,0.0015,-0.0007,-0.0045,0.4285,0.1209
584,0.584,-0.0015,0.0024,0.0066,-0.002,-0.2599,-0.2324
585,0.585,0.0011,0.003,0.0134,0.0002,-0.3865,-0.2977
586,0.586,0.0014,0.0009,0.0121,0.0037,-0.5011,-0.3566
587,0.587,0.0025,-0.0033,0.0142,-0.002,-0.6051,-0.3045
588,0.588,0.0007,0.0019,0.0175,-0.0058,-0.3251,-0.2569
589,0.589,0.0009,0.0025,0.0064,-0.0065,-1.2616,-0.8248
590,0.59,-0.0065,0.0011,-0.0005,-0.0028,-1.697,-0.9424
591,0.591,-0.0028,0.0053,-0.0025,0.0015,-0.8239,-0.4001
592,0.592,0.002,-0.0012,-0.0098,-0.0003,0.1988,0.2349
593,0.593,-0.0022,-0.0004,-0.0091,0.0002,0.3385,0.3216
594,0.594,-0.0017,-0.0012,-0.0106,0.0014,0.4647,0.2451
595,0.595,0.0009,-0.0033,-0.0141,-0.0034,0.5792,0.3158
596,0.596,-0.0013,-0.0028,-0.0099,0.0008,0.4774,0.2523
597,0.597,0.0007,0.0012,-0.0078,-0.0021,0.7587,0.5429
598,0.598,0.0017,0.0026,-0.0013,0.0026,1.6957,1.0187
599,0.599,-0.0021,-0.0005,0.001,0.003,1.0731,0.571
600,0.6,0.0056,-0.0003,0.0049,0.0035,0.0511,-0.0701
601,0.601,0.0024,-0.0029,0.0099,-0.0033,-0.3629,-0.1571
602,0.602,0.0035,0.0016,0.0103,0.0031,-0.4891,-0.2356
603,0.603,0.0008,0.0032,0.0107,0.0005,-0.6032,-0.3066
604,0.604,-0.0017,-0.0045,0.0146,0.0012,-0.5009,-0.2432
605,0.605,-0.001,-0.0016,0.015,0.0032,-0.4079,-0.4178
606,0.606,0.0039,-0.0008,0.021,0.0037,-1.6847,-1.1048
607,0.607,-0.0003,-0.0001,0.0251,-0.0052,-1.5029,-0.8245
608,0.608,-0.0008,-0.0054,0.0243,-0.004,-0.3397,-0.0572
609,0.609,-0.0013,-0.0049,0.0206,-0.003,0.4178,0.2532
610,0.61,-0.0001,-0.0144,0.02,-0,0.5576,0.3481
611,0.611,-0.0005,-0.0186,0.0204,-0.0085,0.4347,0.2637
612,0.612,-0.0023,-0.0099,0.0126,-0.0075,0.549,0.3414
613,0.613,-0.0027,-0.0044,0.0181,0.0039,0.4472,0.2713
614,0.614,-0.001,0.0027,0.0276,0.0054,1.2902,0.8468
615,0.615,-0.0029,0.0053,0.0214,0.015,1.6308,0.9244
616,0.616,-0.0012,0.0044,0.0183,0.0112,0.7032,0.2905
617,0.617,-0.0029,0.0021,0.0027,0.0034,-0.1717,-0.1371
618,0.618,-0.0009,-0.0016,0.005,0.0024,-0.2874,-0.2163
619,0.619,-0.0016,0.0052,0.0031,0.0051,-0.3917,-0.2875
620,0.62,-0.0028,0.0042,0.0052,-0.0078,-0.4864,-0.3523
621,0.621,-0.0014,0.0033,-0.0064,-0.0246,-0.402,-0.1787
622,0.622,0.0013,0.0038,-0.0046,-0.0268,-0.789,-0.5486
623,0.623,0.0023,0.0044,-0.0003,-0.0127,-1.8443,-1.0776
624,0.624,0.0012,0.0001,-0.0088,0.0003,-1.0904,-0.5856
625,0.625,-0.003,0.0028,-0.0163,0.002,-0.1277,-0.0083
626,0.626,-0.0125,0.0042,-0.0255,0.0004,0.4988,0.2255
627,0.627,-0.0139,0.0053,-0.0264,-0.001,0.3883,0.2967
628,0.628,-0.0001,0.0013,-0.0183,-0.0022,0.4927,0.3613
629,0.629,-0.002,0.0048,-0.0043,-0.0012,0.5876,0.3038
630,0.63,-0.0037,-0.0014,0.0016,0.0018,0.5035,0.3568
631,0.631,-0.0052,-0.0006,0.0104,0.0082,1.51,0.9814
632,0.632,-0.0039,0.003,0.0092,0.0108,1.3742,0.7265
633,0.633,0.0023,0.0079,-0.003,0.016,0.2511,0.1835
634,0.634,0.0033,-0.0017,-0.0077,0.0125,-0.2038,-0.1699
635,0.635,0.0022,-0.0004,0.0002,0.0042,-0.3431,-0.2352
636,0.636,0.003,0.0007,0.0131,0.0052,-0.4687,-0.2941
637,0.637,0.0021,0.0016,0.0219,-0.0001,-0.5827,-0.3476
638,0.638,0.0014,0.0026,0.0146,0.0008,-0.2743,-0.2038
639,0.639,0.0034,0.0017,0.0025,0.0016,-1.3039,-0.7717
640,0.64,0.0003,0.0058,-0.0023,0.0086,-1.7157,-1.0043
641,0.641,0.0019,0.0065,0.0026,0.0094,-0.5932,-0.3707
642,0.642,0.0014,0.0071,-0.0067,0.0086,0.1641,0.2271
643,0.643,0.0044,0.0001,0.005,0.0033,0.3044,0.3062
644,0.644,0.0064,-0.0008,0.016,0.0013,0.431,0.237
645,0.645,0.0045,-0.0017,0.0067,-0.0082,0.5457,0.3018
646,0.646,0.0041,-0.0055,0.0133,-0.0068,0.444,0.2443
647,0.647,0.0003,-0.0035,0.0126,-0.0056,0.7257,0.5087
648,0.648,0.0033,-0.0018,-0.0028,0.0022,1.663,1.0375
649,0.649,0.0004,-0.0001,-0.0318,-0.0051,1.0405,0.5456
650,0.65,-0.0047,0.0034,-0.0434,-0.0024,0.0189,-0.0314
651,0.651,-0.0027,0.0012,-0.0395,-0.0049,-0.395,-0.2652
652,0.652,-0.0032,0.0051,-0.0361,-0.0055,-0.5212,-0.3365
653,0.653,-0.0037,0.0025,-0.027,-0.0034,-0.409,-0.2732
654,0.654,-0.0002,-0.0017,-0.0021,0.0035,-0.5124,-0.3316
655,0.655,-0.0025,-0.0012,0.0013,0.0027,-0.4192,-0.279
656,0.656,-0.0037,0.0024,0.0043,0.0053,-1.6959,-0.9997
657,0.657,0.002,-0.0007,0.0126,0.0046,-1.5142,-0.6912
658,0.658,0.0045,-0.0054,0.015,-0.0018,-0.3514,-0.2217
659,0.659,0.0039,0.0004,0.0085,-0.006,0.406,0.2059
660,0.66,0.0018,-0.0003,0.0106,-0.0022,0.5459,0.2847
661,0.661,0.006,0.0018,0.0088,0.0042,0.4233,0.356
662,0.662,0.0031,0.0013,-0.0031,0,0.5379,0.2928
663,0.663,0.0016,-0.0003,-0.0138,-0.0006,0.4361,0.2353
664,0.664,-0.0014,0.0002,-0.0125,0.0001,1.2792,0.8165
665,0.665,0.0033,0.0033,-0.0114,-0.0016,1.6198,0.8945
666,0.666,0.0003,0.0031,-0.0193,-0.0057,0.6925,0.4018
667,0.667,0.0044,0.0057,-0.029,-0.0031,-0.1825,-0.1753
668,0.668,0.0008,0.0034,-0.0354,-0.0028,-0.2983,-0.2542
669,0.669,-0.0022,0.0038,-0.0254,0.0001,-0.4026,-0.3253
670,0.67,-0.0019,-0.0004,-0.027,0.0011,-0.4973,-0.262
671,0.671,-0.0054,-0.006,-0.0185,-0.0013,-0.4131,-0.2043
672,0.672,-0.0032,-0.0066,-0.0086,0.0038,-0.8004,-0.5739
673,0.673,-0.0011,0.0013,0.0036,0.0058,-1.8558,-1.1027
674,0.674,-0.0001,0.0024,0.0082,0.0063,-1.1024,-0.6106
675,0.675,0.0023,0.0033,0.0063,0.0058,-0.1403,0.0945
676,0.676,0.0013,-0.0008,0.0045,0.0083,0.4855,0.1898
677,0.677,-0.0005,-0.0014,0.0052,0.0013,0.3743,0.2762
678,0.678,0.0034,-0.002,0.0058,-0.006,0.4783,0.3542
679,0.679,0.0017,-0.0036,0.0044,-0.0124,0.5726,0.2846
680,0.68,0.0033,-0.0052,0.0048,-0.0099,0.4878,0.3489
681,0.681,-0.0009,-0.0036,0.0052,-0.0062,1.4939,0.9884
682,0.682,-0.0037,0.0026,0.0026,-0.0041,1.3574,0.7336
683,0.683,-0.0012,0.0035,-0.0015,-0.0046,0.4832,0.1908
684,0.684,0.0019,-0.0002,0.0011,0.0041,-0.3132,-0.1626
685,0.685,-0.0009,0.0048,-0.0011,-0.0022,-0.4187,-0.2281
686,0.686,0.001,0.0006,-0.0011,-0.0054,-0.5139,-0.2869
687,0.687,0.0034,0.0048,-0.0037,-0.0065,-0.6003,-0.3403
688,0.688,-0.0016,0.0033,-0.0098,-0.0073,-0.3691,-0.1966
689,0.689,-0.0009,0.0004,-0.0125,0.0004,-1.1432,-0.7646
690,0.69,0.0008,0.0016,-0.0223,0.0056,-1.6592,-0.9973
691,0.691,-0.0022,-0.0015,-0.0226,0.0041,-0.7377,-0.3515
692,0.692,0.0007,0.0043,-0.0193,0.0049,0.1077,0.1426
693,0.693,0.0033,-0.0016,-0.0188,0.004,0.45,0.2083
694,0.694,-0.0009,-0.0022,-0.0141,-0.003,0.5541,0.2672
695,0.695,0.0044,-0.0028,-0.0154,-0.0003,0.4615,0.3205
696,0.696,-0.002,0.0015,-0.003,0.0004,0.377,0.2727
697,0.697,0.0005,-0.0013,0.0021,-0.0003,0.7638,0.4913
698,0.698,-0.0047,-0.0028,-0.0001,0.0003,1.6782,1.0077
699,0.699,0.0017,0.0015,-0.0021,-0.0015,1.0551,0.5156
700,0.7,-0.0025,-0.0002,0.0043,-0.0103,0.0327,0.0663
701,0.701,-0.0031,0.0056,0.0027,-0.0192,-0.382,-0.2259
702,0.702,0.0075,0.005,0.0078,-0.0089,-0.5089,-0.28
703,0.703,0.006,0.003,0.0043,0.0007,-0.3974,-0.3289
704,0.704,-0.0009,-0.0011,0.0048,0.0018,-0.5013,-0.3731
705,0.705,-0.002,-0.004,0.0103,0.005,-0.4085,-0.4131
706,0.706,-0.0052,-0.0055,0.0122,0.0059,-1.5157,-0.9544
707,0.707,-0.0083,-0.0004,0.007,0.0032,-1.3663,-0.7228
708,0.708,-0.0055,-0.0039,0.005,0.0023,-0.4053,-0.0888
709,0.709,-0.0013,-0.0069,0.0088,-0.0029,0.2206,0.1682
710,0.71,0.0009,-0.0041,0.0101,-0.0023,0.3361,0.2468
711,0.711,-0.0097,0.0037,0.0149,0.0035,0.4403,0.3176
712,0.712,-0.0112,0.0048,0.0111,0.0028,0.5347,0.3822
713,0.713,-0.0072,0.0018,0.0126,0.0064,0.4502,0.2082
714,0.714,-0.0034,-0.0028,0.0095,0.0095,1.1467,0.7893
715,0.715,0.0022,-0.0036,0.0171,0.0031,1.6153,0.8669
716,0.716,0.0032,0.0001,0.0295,0.0073,0.6781,0.374
717,0.717,0.0023,0.0008,0.0277,0.0052,-0.1974,-0.0755
718,0.718,0.0032,-0.0075,0.026,0.0045,-0.3135,-0.2517
719,0.719,-0.0005,-0.0178,0.0273,0.005,-0.4182,-0.3057
720,0.72,-0.0012,-0.0219,0.0335,0.0079,-0.5132,-0.3546
721,0.721,0.0018,-0.0106,0.0345,0.0002,-0.4293,-0.2243
722,0.722,-0.0022,0.0001,0.0335,0.0105,-0.662,-0.5023
723,0.723,0.0035,0.0041,0.0233,0.0146,-1.7177,-1.044
724,0.724,0.0013,0.0053,0.0025,0.0084,-0.9646,-0.5027
725,0.725,0.002,0.0063,-0.0062,0.0052,-0.0026,-0.0092
726,0.726,0.0015,0.0053,-0.0142,0.0022,0.3742,0.3123
727,0.727,0.0031,0.0025,-0.0213,-0.0023,0.4893,0.2554
728,0.728,0.0057,0.0051,-0.0145,-0.0065,0.5931,0.3087
729,0.729,0.0014,-0.0002,-0.0001,-0.0118,0.5005,0.261
730,0.73,0.0009,-0.0009,0.0094,-0.0124,0.416,0.3049
731,0.731,0.0035,0.006,0.0113,-0.0055,1.5768,0.9003
732,0.732,-0.0008,0.0033,-0.0024,0.003,1.4117,0.8155
733,0.733,-0.0049,0.0041,-0.0189,0.002,0.3545,0.2724
734,0.734,-0.0001,0.0063,-0.0164,0.0031,-0.3338,-0.2218
735,0.735,-0.0018,0.0027,-0.0222,-0.0033,-0.461,-0.2874
736,0.736,0.001,-0.0004,-0.0201,-0.0058,-0.5758,-0.3466
737,0.737,0.0005,0.0012,-0.0079,-0.0051,-0.4742,-0.2948
738,0.738,0.0017,0.0007,-0.0122,-0.0001,-0.3816,-0.2475
739,0.739,0.0046,-0.0024,-0.0214,-0.0043,-1.1481,-0.7282
740,0.74,0.002,0.0004,-0.0123,-0.006,-1.6636,-1.0486
741,0.741,0.003,0.0007,-0.0016,-0.0012,-0.8205,-0.4092
742,0.742,-0.0007,0.0039,0.0029,0.0005,0.2022,0.1883
743,0.743,-0.0011,-0.0026,0.0021,0.0034,0.3422,0.2671
744,0.744,0.0018,-0.0018,0.0035,0.007,0.4685,0.338
745,0.745,0.0021,-0.001,0.007,0.01,0.5828,0.2746
746,0.746,-0.0031,-0.0048,0.0028,0.0147,0.4809,0.2169
747,0.747,-0.0009,0.003,0.0041,0.0129,0.7622,0.4809
748,0.748,0.0011,-0.0001,0.0052,0.0076,1.6992,1.0094
749,0.749,-0.0031,0.0007,0.0036,0.004,1.0766,0.5172
750,0.75,0.0021,-0.0002,0.001,-0.0003,0.0548,0.0677
751,0.751,-0.0028,0.0004,-0.0038,-0.0056,-0.3592,-0.2247
752,0.752,0.0014,-0.0003,-0.0041,-0.005,-0.4856,-0.2788
753,0.753,-0.0027,0.0054,0.002,-0.0067,-0.6001,-0.3279
754,0.754,-0.0001,0.0001,0.0031,-0.0026,-0.4981,-0.2851
755,0.755,0.0002,0.005,-0.003,-0.0103,-0.4048,-0.3252
756,0.756,-0.001,0.0044,-0.0018,-0.0158,-1.5115,-0.8667
757,0.757,-0.0046,0.0027,-0.0053,-0.0064,-1.3614,-0.7899
758,0.758,0.0005,0.0032,-0.0029,-0.0075,-0.3999,-0.1558
759,0.759,0.0012,-0.0029,-0.0032,-0.0225,0.2269,0.2718
760,0.76,0.0017,-0.0038,-0.0025,-0.0205,0.3428,0.1958
761,0.761,-0.0012,-0.0031,-0.007,-0.0188,0.4472,0.2666
762,0.762,-0.006,-0.0038,-0.011,-0.024,0.5418,0.3311
763,0.763,-0.0002,0.0004,-0.0021,-0.0134,0.4578,0.2735
764,0.764,0.0035,-0.0001,0.0017,-0.0066,1.1548,0.7489
765,0.765,-0.003,-0.0049,-0.0038,0.0046,1.6238,0.9412
766,0.766,-0.0005,-0.0007,-0.0027,0.0029,0.6871,0.4176
767,0.767,-0.0011,-0.0012,-0.0035,0.0042,-0.1878,-0.0763
768,0.768,-0.0018,-0.0018,-0.006,0.0079,-0.3038,-0.2699
769,0.769,-0.0014,0.0051,-0.0023,0.0048,-0.4082,-0.329
770,0.77,0.0014,-0.0002,-0.0017,-0.0065,-0.5026,-0.3827
771,0.771,-0.0001,0.0007,-0.0048,0.0014,-0.4181,-0.2391
772,0.772,0.004,-0.0002,-0.0045,0.0057,-0.6504,-0.4577
773,0.773,-0.0013,0.0005,-0.0124,0.0048,-1.7057,-1.0536
774,0.774,-0.002,0.0011,-0.0116,0.0039,-1.2538,-0.6282
775,0.775,-0.0003,-0.0071,-0.0149,0.005,-0.0171,-0.0849
776,0.776,0.0037,-0.0039,-0.0143,0.0095,0.4839,0.2684
777,0.777,-0.0021,0.0013,-0.0154,0.0137,0.3356,0.3336
778,0.778,0.0016,-0.0014,-0.0104,0.0084,0.474,0.2762
779,0.779,-0.0033,0.0011,-0.0001,0.0078,0.5998,0.3294
780,0.78,-0.0017,0.0016,-0.0019,0.0073,0.4874,0.2815
781,0.781,0.0012,0.0009,-0.0062,0.0045,1.4146,0.9367
782,0.782,-0.0004,0.0013,-0.0154,-0.0032,1.291,0.8435
783,0.783,-0.0002,0.0041,-0.0168,-0.0021,0.4968,0.2465
784,0.784,0.0061,0.0055,-0.0182,-0.0009,-0.2269,-0.1423
785,0.785,-0.0004,0.0041,-0.0213,0.0019,-0.323,-0.2142
786,0.786,-0.0083,-0.0016,-0.0244,0.003,-0.4097,-0.2793
787,0.787,-0.0094,0.002,-0.0285,0.0038,-0.4882,-0.3382
788,0.788,0.0027,0.0054,-0.0254,0.0047,-0.4187,-0.286
789,0.789,-0.0024,0.0057,-0.019,0.0031,-1.1223,-0.7187
790,0.79,-0.0009,0.0003,-0.0186,0.0038,-1.7783,-1.0098
791,0.791,0.0032,-0.0063,-0.0165,0.0117,-0.8415,-0.4285
792,0.792,-0.0021,-0.0075,-0.0145,0.0254,0.1344,0.1245
793,0.793,-0.0033,-0.0052,-0.0156,0.0311,0.5112,0.2034
794,0.794,-0.0043,-0.0032,-0.0083,0.0302,0.3998,0.2745
795,0.795,-0.0072,-0.0027,-0.0098,0.0276,0.5042,0.339
796,0.796,-0.0025,-0.0012,-0.0094,0.0217,0.4118,0.2813
797,0.797,-0.0015,-0.0009,-0.004,0.0225,0.6676,0.4397
798,0.798,-0.0021,-0.0006,-0.0008,0.0205,1.6743,1.0643
799,0.799,0.0001,-0.0038,0.0051,0.0111,0.9894,0.6387
800,0.8,0.0044,-0.002,0.0038,-0.0014,0.1149,-0.0594
801,0.801,0.0017,-0.0033,0.0055,-0.0267,-0.2279,-0.1548
802,0.802,-0.0008,0.0011,0.0057,-0.0448,-0.333,-0.2414
803,0.803,-0.0011,0.0026,0.0057,-0.0613,-0.6149,-0.3197
804,0.804,0.0054,-0.0064,0.0117,-0.0222,-0.531,-0.3906
805,0.805,0.0028,-0.0256,0.012,0.0044,-0.4543,-0.3271
806,0.806,0.0071,-0.023,0.0153,-0.0004,-1.5092,-0.9667
807,0.807,0.002,-0.0109,0.0128,0.0303,-1.6607,-0.8821
808,0.808,0.0027,-0.0132,0.0129,0.0341,-0.425,-0.1847
809,0.809,0.0011,-0.0114,0.0177,0.0376,0.4073,0.2851
810,0.81,-0.0005,-0.006,0.0153,0.0343,0.5606,0.2015
811,0.811,0.0054,0.0023,0.0207,0.0312,0.4253,0.2794
812,0.812,0.0062,-0.0024,0.0196,0.0392,0.5508,0.3501
813,0.813,0.0069,0.0016,0.0228,0.0317,0.4382,0.1585
814,0.814,0.0065,0.0077,0.0208,0.0068,1.1592,0.6816
815,0.815,0.0038,0.0044,0.0176,-0.0232,1.6279,0.8927
816,0.816,0.0117,0.0116,0.0095,-0.0513,0.8614,0.4445
817,0.817,0.0196,0.003,-0.0032,-0.099,-0.0683,-0.0805
818,0.818,0.0207,-0.0141,0.0016,-0.1577,-0.445,-0.1525
819,0.819,0.0067,-0.0165,0.0152,-0.1814,-0.5599,-0.3456
820,0.82,0.0129,-0.01,0.0206,-0.1322,-0.4582,-0.2884
821,0.821,0.0075,-0.0039,0.0153,-0.1004,-0.3653,-0.2362
822,0.822,0.0025,-0.0095,0.0013,-0.0127,-0.6211,-0.4768
823,0.823,-0.0019,-0.0044,-0.0044,0.0752,-1.7825,-1.0451
824,0.824,-0.0059,-0.0029,-0.0028,0.0863,-1.2855,-0.6584
825,0.825,-0.0095,0.0012,-0.0044,0.0754,-0.2276,-0.0238
826,0.826,-0.0084,0.0024,-0.0058,0.0655,0.4612,0.2333
827,0.827,-0.0011,0.0128,-0.0121,0.0392,0.3391,0.3118
828,0.828,0.0017,0.028,-0.0131,0.0156,0.4534,0.3827
829,0.829,0.0095,0.026,-0.01,-0.02,0.5574,0.3194
830,0.83,0.021,0.0279,0.0004,-0.0392,0.4647,0.2617
831,0.831,0.0256,0.0262,0.0101,-0.0215,1.4012,0.9486
832,0.832,0.0326,0.0217,0.0165,-0.016,1.5265,0.8555
833,0.833,0.0238,0.0205,0.0245,-0.03,0.5055,0.2586
834,0.834,0.0113,0.0217,0.0277,-0.0341,-0.183,-0.1302
835,0.835,-0.0039,0.0186,0.0139,-0.0378,-0.31,-0.202
836,0.836,-0.0181,0.0135,0.0039,-0.0269,-0.4247,-0.2668
837,0.837,-0.0237,0.0109,-0.0014,0.0095,-0.5288,-0.3255
838,0.838,-0.022,0.017,0.0006,0.0239,-0.4361,-0.2732
839,0.839,-0.0205,0.0178,-0.0006,0.0107,-1.0323,-0.7057
840,0.84,-0.0218,0.016,-0.0017,0.0068,-1.7295,-0.9967
841,0.841,-0.023,0.0167,-0.0076,0.0177,-0.8866,-0.4152
842,0.842,-0.0401,0.0081,-0.0062,0.021,0.1359,0.1283
843,0.843,-0.0625,0.0072,-0.0027,0.0299,0.276,0.2004
844,0.844,-0.0597,-0.0003,-0.0032,0.0381,0.4024,0.2653
845,0.845,-0.057,-0.003,-0.007,0.0309,0.5167,0.3241
846,0.846,-0.0447,-0.0018,-0.0028,0.0288,0.4146,0.2719
847,0.847,-0.0336,-0.004,-0.0003,0.0269,0.696,0.4164
848,0.848,-0.0112,0.0016,-0.0029,0.0214,1.6326,0.9846
849,0.849,0.0096,0.0027,0.0004,0.0199,1.2594,0.5981
850,0.85,0.0232,0,-0.0069,0.0215,0.2375,0.1046
851,0.851,0.0304,0.0021,-0.0055,0.023,-0.4512,-0.2168
852,0.852,0.0238,-0.0052,-0.004,0.0219,-0.3287,-0.2759
853,0.853,0.0176,-0.008,-0.0063,0.0117,-0.4431,-0.3294
854,0.854,0.0194,-0.0128,-0.0034,0.0158,-0.5471,-0.2819
855,0.855,0.0108,-0.0039,-0.0036,0.0222,-0.454,-0.3259
856,0.856,0.0184,-0.009,-0.0039,0.0234,-1.5609,-0.9214
857,0.857,0.0087,-0.0076,-0.004,0.035,-1.4111,-0.8365
858,0.858,0.0097,-0.0098,-0.0065,0.0367,-0.4499,-0.2934
859,0.859,0.0107,-0.0136,-0.0027,0.0383,0.1762,0.201
860,0.86,0.0033,-0.0153,-0.0035,0.0498,0.519,0.2667
861,0.861,-0.0014,-0.0129,-0.0036,0.0424,0.6235,0.3259
862,0.862,-0.0007,-0.0154,0.0003,0.0385,0.5311,0.2741
863,0.863,0.0029,-0.0097,-0.0056,0.0349,0.4468,0.2268
864,0.864,0.0048,-0.0057,-0.0079,0.0361,0.9886,0.7074
865,0.865,0.0052,-0.0083,-0.0025,0.0519,1.6224,1.028
866,0.866,0.0056,-0.0096,0.0041,0.0724,0.856,0.3884
867,0.867,0.0019,-0.0117,-0.0036,0.0862,-0.0736,-0.0387
868,0.868,0.0029,-0.0135,0.0018,0.1235,-0.4502,-0.2722
869,0.869,-0.002,-0.012,-0.0008,0.0755,-0.5654,-0.3432
870,0.87,-0.0052,-0.0074,-0.0119,-0.0086,-0.464,-0.2799
871,0.871,-0.0094,0.0017,-0.0072,0.0031,-0.3714,-0.2222
872,0.872,-0.0018,0.0058,-0.0002,0.0136,-0.6272,-0.4863
873,0.873,0.0012,0.0052,-0.0089,0.0234,-1.7886,-1.1111
874,0.874,0.0105,0.015,-0.0145,-0.0021,-1.2918,-0.6856
875,0.875,0.0165,0.0241,-0.0135,-0.0564,-0.2343,0.0125
876,0.876,0.0195,0.0234,-0.0108,-0.1344,0.454,0.2952
877,0.877,0.0246,0.0227,-0.0099,-0.2071,0.3318,0.2115
878,0.878,0.027,0.0221,-0.0137,-0.2732,0.4463,0.2896
879,0.879,0.014,0.0248,-0.0186,-0.3333,0.5501,0.3605
880,0.88,0.0007,0.0135,-0.0145,-0.3099,0.4572,0.297
881,0.881,-0.0113,0.012,-0.0186,-0.26,1.3936,0.9363
882,0.882,-0.013,0.0076,-0.0202,-0.1627,1.5187,0.8516
883,0.883,-0.0036,0.0064,-0.0191,-0.0374,0.4977,0.309
884,0.884,0.0025,0.0002,-0.0188,0.0468,-0.191,-0.1849
885,0.885,-0.0009,-0.0008,-0.0207,0.0927,-0.3182,-0.2504
886,0.886,0.0019,0.0045,-0.0156,0.1067,-0.4332,-0.3094
887,0.887,0.0009,-0.004,-0.0088,0.1193,-0.5375,-0.363
888,0.888,0.0016,-0.0095,-0.0081,0.0618,-0.4451,-0.2196
889,0.889,-0.0038,-0.019,-0.0091,0.0308,-1.0416,-0.7003
890,0.89,-0.0117,-0.0228,-0.0162,0.0403,-1.739,-1.0206
891,0.891,-0.0066,-0.0261,-0.0118,0.0317,-0.8964,-0.4974
892,0.892,0.0018,-0.0334,-0.0077,0.0395,0.1257,0.1373
893,0.893,-0.0065,-0.0335,-0.0125,0.0412,0.4049,0.2378
894,0.894,-0.0075,-0.0309,-0.0074,0.0483,0.5433,0.3237
895,0.895,-0.0045,-0.0302,-0.004,0.0418,0.4199,0.2471
896,0.896,-0.0036,-0.0326,-0.0073,0.0125,0.5339,0.3177
897,0.897,-0.0077,-0.0263,-0.0046,-0.0035,0.637,0.3818
898,0.898,-0.0054,-0.0239,0.003,0.0108,1.6671,1.0211
899,0.899,-0.0089,-0.0188,0.0085,0.0151,1.2564,0.5955
900,0.9,-0.0082,-0.017,0.0136,0.0429,0.1326,0.0522
901,0.901,-0.0076,-0.0129,0.0049,0.0536,-0.3228,-0.1604
902,0.902,-0.0059,-0.0066,0.0173,0.0436,-0.4623,-0.2259
903,0.903,-0.01,-0.0043,0.0189,0.0347,-0.5881,-0.285
904,0.904,-0.0128,-0.0007,0.0111,0.0372,-0.4762,-0.3386
905,0.905,-0.0069,0.004,0.0014,0.0347,-0.3743,-0.3872
906,0.906,-0.0016,0.0021,0.0126,0.0323,-1.5918,-1.0426
907,0.907,-0.0021,0.0014,0.0171,0.026,-1.4271,-0.9497
908,0.908,-0.0037,0.009,0.0156,0.0128,-0.6718,-0.1828
909,0.909,0.0005,0.0079,0.0144,0.0109,0.291,0.1278
910,0.91,0.0063,0.0067,0.0175,0.0122,0.4182,0.2228
911,0.911,0.0027,0.0111,0.0248,0.0023,0.5329,0.3087
912,0.912,0.0077,0.0118,0.0275,0.0058,0.6369,0.3865
913,0.913,0.0062,0.0153,0.0352,0.0046,0.3566,0.1759
914,0.914,0.0068,0.0172,0.0342,-0.003,0.9526,0.7515
915,0.915,0.0085,0.0201,0.0239,-0.0041,1.6497,0.9839
916,0.916,0.0137,0.0124,0.0059,-0.0052,0.8066,0.4915
917,0.917,0.0132,0.0133,-0.0064,-0.0076,0.011,-0.086
918,0.918,0.0138,0.014,-0.0042,-0.0058,-0.3008,-0.1651
919,0.919,0.0145,0.0198,-0.0101,-0.0077,-0.3963,-0.2366
920,0.92,0.0151,0.0082,-0.0082,-0.0063,-0.4829,-0.3014
921,0.921,0.0141,-0.0105,-0.0064,-0.0041,-0.4067,-0.244
922,0.922,0.0162,-0.013,-0.0047,-0.0114,-0.618,-0.4026
923,0.923,0.0167,0.0116,-0.0005,-0.0106,-1.5777,-1.0276
924,0.924,0.0179,0.0083,-0.0015,-0.0082,-1.1675,-0.6024
925,0.925,0.0171,0.0171,-0.0024,-0.011,-0.2931,-0.0593
926,0.926,0.0214,0.0143,-0.0012,-0.0229,0.2762,0.2942
927,0.927,0.0221,0.0216,0.0017,-0.0249,0.3816,0.2315
928,0.928,0.0251,0.0193,-0.004,-0.0176,0.4764,0.2902
929,0.929,0.0175,0.0213,0,-0.0165,0.5623,0.3434
930,0.93,0.0073,0.0194,-0.0018,-0.0079,0.4857,0.2958
931,0.931,0.0033,0.0177,-0.0032,-0.009,1.4003,0.8638
932,0.932,-0.0054,0.0192,-0.0081,-0.0059,1.5256,0.787
933,0.933,-0.0064,0.0122,-0.0029,-0.003,0.5047,0.294
934,0.934,-0.0093,0.0084,-0.0068,-0.0018,-0.184,-0.1554
935,0.935,-0.0119,0.0116,-0.0036,-0.0008,-0.3114,-0.2149
936,0.936,-0.0144,0.0086,-0.0027,0.0031,-0.4261,-0.2685
937,0.937,-0.0196,0.004,-0.0012,0.0029,-0.5301,-0.3171
938,0.938,-0.023,-0.0002,-0.0055,0.0037,-0.4373,-0.2737
939,0.939,-0.0287,-0.0039,-0.0046,0.0045,-1.0336,-0.631
940,0.94,-0.0324,-0.0003,-0.0037,0.005,-1.7309,-1.0637
941,0.941,-0.0372,0.0014,0.0045,-0.0013,-0.8882,-0.5402
942,0.942,-0.0388,-0.0014,0.0039,0.0015,0.1342,0.0947
943,0.943,-0.0335,-0.0008,0.0033,0.0058,0.2742,0.1818
944,0.944,-0.0314,-0.0029,0.0029,0.0037,0.4006,0.2603
945,0.945,-0.023,-0.0032,0.0042,-0.0027,0.515,0.3315
946,0.946,-0.0152,-0.0072,0.0025,-0.0052,0.4129,0.2682
947,0.947,-0.0014,-0.0088,-0.0006,-0.0091,0.5069,0.4429
948,0.948,0.0043,-0.0038,-0.0032,-0.01,1.6138,1.0243
949,0.949,0.0061,-0.0094,-0.0011,-0.0085,1.162,0.638
950,0.95,0.0077,-0.0098,-0.0032,-0.0059,0.2002,0.1446
951,0.951,0.0064,-0.009,-0.0039,-0.0139,-0.4259,-0.1768
952,0.952,0.0102,-0.0118,-0.0032,-0.0109,-0.3151,-0.2357
953,0.953,0.0071,-0.0098,-0.0038,-0.0017,-0.4195,-0.289
954,0.954,0.0102,-0.0061,-0.0066,0.0019,-0.5143,-0.3373
955,0.955,0.0039,-0.0055,-0.0051,0.0049,-0.4299,-0.2939
956,0.956,0.0048,-0.0092,-0.0044,0.0039,-1.4361,-0.8893
957,0.957,0.0055,-0.0055,-0.0024,0.0067,-1.5743,-0.9747
958,0.958,0.0048,0.0008,-0.0024,0.0027,-0.7009,-0.2771
959,0.959,0.0018,-0.0068,-0.0035,0.0022,0.3216,0.1935
960,0.96,0.0047,-0.0036,-0.0061,0.0073,0.4614,0.2804
961,0.961,0.0032,-0.0099,-0.0062,0.0006,0.5873,0.359
962,0.962,0.0002,0.0031,-0.0014,0.0035,0.4753,0.2898
963,0.963,0.0031,-0.0024,-0.0096,0.0044,0.3731,0.2266
964,0.964,-0.0027,-0.0006,-0.0038,0.0097,1.0285,0.6337
965,0.965,-0.0035,0.0041,-0.0066,-0.0009,1.6248,1.0042
966,0.966,0.0002,0.0056,-0.0073,-0.0054,0.9282,0.4758
967,0.967,0.0023,0.0044,-0.0081,0.0042,-0.1046,-0.0178
968,0.968,0.0006,-0.0034,-0.0042,0.013,-0.2447,-0.211
969,0.969,-0.001,-0.0024,-0.0021,0.014,-0.371,-0.2699
970,0.97,-0.0015,0.0002,0.001,0.013,-0.4853,-0.3231
971,0.971,0.0007,0.001,0.0039,0.0122,-0.3836,-0.2754
972,0.972,0.0027,-0.0013,0.0014,0.0044,-0.4778,-0.4063
973,0.973,0.0037,0.0006,-0.0016,0.0075,-1.7553,-1.0018
974,0.974,0.002,0.0009,-0.0004,0.0067,-1.209,-0.7466
975,0.975,0.0071,0.0025,-0.0046,0.0024,-0.3776,-0.0485
976,0.976,0.0106,0.0038,-0.0017,0.0003,0.3791,0.2344
977,0.977,0.0123,-0.0007,-0.0043,-0.0075,0.5184,0.321
978,0.978,0.014,-0.0038,-0.0039,-0.0232,0.3951,0.2445
979,0.979,0.0134,-0.0026,-0.006,-0.0254,0.509,0.3154
980,0.98,0.0123,-0.008,-0.0111,-0.0233,0.4065,0.2518
981,0.981,0.0119,0.001,-0.0105,-0.0289,1.4364,0.8912
982,0.982,0.0115,-0.0006,-0.01,-0.0204,1.574,0.8066
983,0.983,0.0062,0.0001,-0.0072,-0.0004,0.7005,0.264
984,0.984,0.0025,-0.0076,-0.0109,0.0134,-0.3225,-0.2298
985,0.985,0.006,-0.0017,-0.0059,0.0111,-0.4626,-0.2952
986,0.986,0.0017,-0.0013,-0.0066,0.0133,-0.5889,-0.354
987,0.987,0.0012,0.0004,-0.0062,0.0073,-0.4773,-0.3017
988,0.988,0.0017,-0.005,-0.0092,0.0092,-0.3758,-0.254
989,0.989,-0.0006,-0.0051,-0.0058,0.0109,-1.0319,-0.6473
990,0.99,0.0014,-0.0109,-0.0071,0.0155,-1.799,-1.0173
991,0.991,-0.0043,-0.0094,-0.0128,0.0115,-0.8724,-0.4886
992,0.992,-0.0138,-0.0158,-0.0166,0.0152,0.0026,0.1462
993,0.993,-0.005,-0.0201,-0.0188,0.0301,0.3452,0.2331
994,0.994,-0.0103,-0.0237,-0.0077,0.0546,0.4667,0.2915
995,0.995,-0.0135,-0.025,-0.0084,0.0811,0.5705,0.3696
996,0.996,-0.0145,-0.0273,-0.009,0.0846,0.4775,0.3001
997,0.997,-0.0172,-0.0274,-0.0014,0.0943,0.5629,0.3644
998,0.998,-0.013,-0.0202,-0.0025,0.0855,1.5689,1.004
999,0.999,-0.0152,-0.0131,0.0068,0.0606,1.1583,0.7491
1000,1,-0.0102,-0.0126,0.0154,0.0441,0.2839,0.0513
1001,1.001,-0.0145,-0.016,0.0121,0.017,-0.2854,-0.2313
1002,1.002,-0.0057,-0.0071,0.0109,-0.0304,-0.3909,-0.3179
1003,1.003,0.0056,0.0011,0.0135,-0.0756,-0.486,-0.2412
1004,1.004,0.0101,0.0037,0.0142,-0.1286,-0.5724,-0.3121
1005,1.005,0.0114,0.0104,0.0026,-0.1927,-0.3413,-0.2485
1006,1.006,0.015,0.0053,0.0042,-0.2185,-1.3966,-0.8879
1007,1.007,0.0117,0.0106,0.0117,-0.1794,-1.5484,-0.9736
1008,1.008,0.0147,0.0032,0.0157,-0.1297,-0.5879,-0.2764
1009,1.009,0.0138,-0.0001,0.0193,-0.1232,0.2872,0.1936
1010,1.01,0.0112,0.0037,0.0317,-0.0702,0.4033,0.2804
1011,1.011,-0.0004,-0.0005,0.0232,-0.006,0.5077,0.3586
1012,1.012,-0.0021,-0.0117,0.0062,0.0199,0.6026,0.2891
1013,1.013,-0.0068,-0.0106,-0.005,0.0433,0.3478,0.2256
1014,1.014,-0.0109,0.0042,-0.007,0.0505,0.8897,0.6324
1015,1.015,-0.0147,0.0099,-0.0015,0.0569,1.6639,1.0025
1016,1.016,-0.0138,0.0189,0.0002,0.0626,0.9432,0.4739
1017,1.017,-0.0129,0.0236,-0.0013,0.0574,-0.0895,-0.0199
1018,1.018,-0.0103,0.0279,0,0.0526,-0.5036,-0.2134
1019,1.019,-0.0096,0.0206,0.0012,0.0393,-0.3811,-0.2724
1020,1.02,-0.0045,0.0216,0.0044,0.0353,-0.4953,-0.3258
1021,1.021,-0.0026,0.0042,0.0055,0.0316,-0.3936,-0.2783
1022,1.022,-0.0032,0.0064,0.0047,0.0347,-0.4877,-0.4095
1023,1.023,-0.005,0.0084,0.0005,0.0317,-1.7648,-1.0053
1024,1.024,-0.0026,0.0184,-0.0001,0.0289,-1.2186,-0.7503
1025,1.025,-0.0024,0.0239,0.0006,0.0216,-0.3877,-0.0524
1026,1.026,-0.0064,0.0221,0.0012,0.0237,0.3692,0.2304
1027,1.027,-0.0101,0.0266,0.0008,0.0095,0.5087,0.317
1028,1.028,-0.0106,0.0252,-0.0017,0.0076,0.6345,0.3952
1029,1.029,-0.0086,0.0215,0.0005,0.0093,0.5221,0.3256
1030,1.03,-0.003,0.016,0.0003,0.0077,0.4197,0.262
1031,1.031,-0.0023,0.0191,-0,0.0063,1.2624,0.9014
1032,1.032,-0.0002,0.0147,-0.0023,0.0073,1.6029,0.8169
1033,1.033,-0.0009,0.0174,0.0001,0.0016,0.6748,0.2743
1034,1.034,0.0047,0.0169,-0.0029,-0.0017,-0.2003,-0.2197
1035,1.035,0.0068,0.0135,-0.0048,-0.0084,-0.3165,-0.2852
1036,1.036,0.0046,0.0143,-0.0012,-0.0045,-0.421,-0.344
1037,1.037,0.0061,0.0117,0.0001,0.0005,-0.5159,-0.2918
1038,1.038,0.0043,0.0104,-0.0009,0.0039,-0.4316,-0.2439
1039,1.039,0.0046,0.0104,-0.0005,0.0021,-0.9735,-0.6371
1040,1.04,0.0033,0.0087,0.0013,0.0085,-1.8887,-1.007
1041,1.041,0.0052,0.0081,-0.0002,0.0145,-1.0165,-0.4782
1042,1.042,0.0069,0.0039,0.0025,0.0094,0.006,0.0158
1043,1.043,0.0064,0.0013,0.003,0.0204,0.4203,0.2095
1044,1.044,0.0079,-0,0.0021,0.0285,0.5469,0.2688
1045,1.045,0.0108,0.0019,0.0025,0.0277,0.4352,0.3225
1046,1.046,0.0155,-0.0037,0.0014,0.0219,0.5392,0.2752
1047,1.047,0.0123,-0.0006,-0.0021,0.0233,0.4462,0.4065
1048,1.048,0.0105,-0.0023,-0.0004,0.0163,1.5534,1.0023
1049,1.049,0.0152,-0.001,-0.0024,0.0025,1.1019,0.7475
1050,1.05,0.0168,-0.0035,-0.0087,-0.028,0.4145,0.2047
1051,1.051,0.0139,-0.0024,-0.0094,-0.0499,-0.2113,-0.2892
1052,1.052,0.0124,0.0039,-0.0033,-0.038,-0.3264,-0.2265
1053,1.053,0.0146,0.0008,-0.001,-0.0272,-0.4302,-0.2851
1054,1.054,0.0091,-0.0034,-0.0057,-0.0502,-0.5248,-0.3383
1055,1.055,-0.0023,0.0003,-0.0073,-0.0531,-0.44,-0.1945
1056,1.056,-0.004,-0.0043,-0.009,-0.034,-1.2911,-0.8496
1057,1.057,-0.0115,-0.0072,-0.0104,-0.0267,-1.6313,-0.9435
1058,1.058,-0.0154,-0.0096,-0.0082,-0.0333,-0.7032,-0.3468
1059,1.059,-0.0165,-0.0142,-0.0078,-0.027,0.1725,0.1968
1060,1.06,-0.0132,-0.01,-0.0096,-0.0287,0.2889,0.2688
1061,1.061,-0.0184,-0.0111,-0.0086,-0.0335,0.5996,0.3339
1062,1.062,-0.0119,-0.0076,-0.0049,-0.0102,0.5078,0.2767
1063,1.063,-0.0092,-0.0075,-0.0046,-0,0.4237,0.2244
1064,1.064,0.0024,-0.0081,-0.0027,0.0333,0.8113,0.5609
1065,1.065,0.0109,-0.0071,-0.0038,0.0292,1.7265,1.0418
1066,1.066,0.0156,-0.0116,0.0006,0.0495,0.8547,0.4663
1067,1.067,0.0143,-0.013,-0.0037,0.0678,0.0595,-0.077
1068,1.068,0.0107,-0.0142,-0.0022,0.0648,-0.4577,-0.2894
1069,1.069,0.0098,-0.006,-0.0039,0.0621,-0.3659,-0.2264
1070,1.07,0.0027,-0.0045,-0.0053,0.0375,-0.4516,-0.2849
1071,1.071,0.0001,-0.0032,0.0009,0.0212,-0.5292,-0.2324
1072,1.072,0.0028,-0.007,-0.0002,0.0005,-0.459,-0.3767
1073,1.073,-0.0055,-0.0073,-0.003,-0.0295,-1.4179,-1.032
1074,1.074,-0.0064,-0.0049,-0.0027,-0.0334,-1.2813,-0.7514
1075,1.075,-0.0115,-0.0063,0.0005,-0.0369,-0.4069,-0.1542
1076,1.076,-0.0067,-0.0065,0.0096,-0.0139,0.3894,0.2348
1077,1.077,-0.0091,-0.0047,0.0107,-0.0227,0.4952,0.3064
1078,1.078,-0.0068,-0.0114,0.0066,0.0019,0.5906,0.3713
1079,1.079,-0.0087,-0.0164,0.014,0.0249,0.507,0.314
1080,1.08,-0.018,-0.0189,0.0106,0.0578,0.4305,0.2616
1081,1.081,-0.0193,-0.0128,0.0075,0.0885,1.3455,0.8864
1082,1.082,-0.0078,-0.009,0.0046,0.1163,1.471,0.9721
1083,1.083,0.0062,-0.0011,-0.0043,0.1127,0.6776,0.2749
1084,1.084,0.0157,-0.0001,-0.0037,0.0828,-0.2518,-0.195
1085,1.085,0.0276,-0.0009,-0.0156,0.0547,-0.3787,-0.2817
1086,1.086,0.0262,-0.0018,-0.0206,-0.0001,-0.4933,-0.3599
1087,1.087,0.0167,0.0004,-0.0141,-0.0548,-0.597,-0.2903
1088,1.088,0.0131,-0.0032,-0.0182,-0.0621,-0.3166,-0.2266
1089,1.089,0.0142,0.0024,-0.0219,-0.1206,-0.9126,-0.6334
1090,1.09,0.0154,0.0075,-0.0253,-0.1753,-1.7644,-1.0033
1091,1.091,0.0219,0.0038,-0.0249,-0.2396,-0.9716,-0.4746
1092,1.092,0.0177,0.0079,-0.0195,-0.2656,-0.042,0.0193
1093,1.093,0.0093,0.0024,-0.0177,-0.2267,0.335,0.2129
1094,1.094,0.0038,-0.0071,-0.0202,-0.1627,0.4506,0.2722
1095,1.095,-0.0054,-0.0111,-0.022,-0.0644,0.5409,0.34
1096,1.096,-0.0084,-0.0051,-0.0129,0.0304,0.439,0.2879
1097,1.097,-0.0111,-0.0043,-0.012,0.0679,0.5333,0.3362
1098,1.098,-0.0136,-0.0076,-0.0136,0.0793,1.6403,0.9917
1099,1.099,-0.0251,-0.0052,-0.015,0.0894,1.1889,0.7114
1100,1.1,-0.0268,-0.0098,0.0003,0.0798,0.2274,0.1144
1101,1.101,-0.0313,-0.0079,0.0021,0.0882,-0.3985,-0.2743
1102,1.102,-0.0327,-0.0103,-0.0004,0.0646,-0.2876,-0.2055
1103,1.103,-0.034,-0.0112,0.0049,0.0573,-0.5977,-0.2703
1104,1.104,-0.0308,-0.0156,0.0062,0.0507,-0.5053,-0.329
1105,1.105,-0.0299,-0.0113,0.0013,0.0563,-0.4211,-0.2766
1106,1.106,-0.0196,-0.01,0.0079,0.0614,-1.2726,-0.8052
1107,1.107,-0.0101,-0.0051,0.0088,0.0469,-1.6131,-0.8761
1108,1.108,-0.0014,-0.0062,0.0095,0.0424,-0.6854,-0.2999
1109,1.109,-0.0004,0.0017,0.0122,0.0223,0.1898,0.0887
1110,1.11,-0.0015,0.0003,0.0128,0.0114,0.3058,0.3011
1111,1.111,0.0029,-0.0096,0.01,0.008,0.6162,0.366
1112,1.112,0.0037,-0.0239,0.0151,0.0108,0.5237,0.3087
1113,1.113,0.0073,-0.0224,0.0198,0.0135,0.4392,0.2562
1114,1.114,0.0052,-0.0008,0.0153,0.011,0.8263,0.5926
1115,1.115,0.0093,0.0076,0.0192,0.0132,1.741,0.986
1116,1.116,0.0052,0.0045,0.0186,0.007,0.8688,0.5104
1117,1.117,0.0087,0.0114,0.0215,0.0125,0.0731,-0.0669
1118,1.118,0.0035,0.0133,0.0243,0.0141,-0.445,-0.301
1119,1.119,0.0014,0.0149,0.0238,0.0033,-0.5409,-0.3725
1120,1.12,0.007,0.0127,0.0214,-0.0064,-0.4573,-0.3094
1121,1.121,0.0063,0.0209,0.0264,-0.0054,-0.5357,-0.252
1122,1.122,0.0068,0.0099,0.0342,0.0021,-0.4663,-0.305
1123,1.123,0.0025,0.0082,0.0352,0.001,-1.426,-1.026
1124,1.124,0.0052,0.0117,0.0212,0.0036,-1.2897,-0.7178
1125,1.125,0.0098,0.0104,0.0028,-0.0043,-0.4158,-0.0613
1126,1.126,0.0028,0.0153,-0.0044,-0.0013,0.3801,0.1957
1127,1.127,0.0054,0.0086,-0.0065,-0.0077,0.4851,0.2743
1128,1.128,0.0112,0.0058,-0.0043,-0.0085,0.58,0.3453
1129,1.129,0.0088,0.0125,-0.006,-0.0062,0.4959,0.282
1130,1.13,0.0038,0.0096,-0.0075,-0.0068,0.419,0.2242
1131,1.131,0.0054,0.0069,-0.0088,-0.0083,1.1925,0.8052
1132,1.132,0.0025,0.0119,-0.0016,-0.0064,1.502,0.883
1133,1.133,-0.0024,0.0138,-0.0002,-0.0037,0.6582,0.3901
1134,1.134,-0.0007,0.0079,-0.0032,-0.0058,-0.1378,-0.1873
1135,1.135,-0.0024,0.0071,-0.006,-0.0113,-0.4498,-0.2664
1136,1.136,-0.002,0.0091,-0.003,-0.0061,-0.5453,-0.3377
1137,1.137,0.0011,0.0073,-0.0036,-0.0083,-0.4619,-0.2746
1138,1.138,0.0022,0.0078,-0.0027,-0.0103,-0.3859,-0.2171
1139,1.139,0.0003,0.0042,-0.003,-0.004,-0.738,-0.5869
1140,1.14,-0.0007,0.0072,-0.001,-0.0085,-1.6981,-1.0198
1141,1.141,-0.0025,0.0044,-0.0023,-0.008,-1.0131,-0.4967
1142,1.142,-0.0044,-0.0014,-0.0055,-0.0117,-0.1384,-0.0029
1143,1.143,-0.001,-0.0005,-0.0073,-0.0149,0.431,0.3184
1144,1.144,-0.0023,0.0033,-0.0049,-0.0085,0.5356,0.2615
1145,1.145,0.0041,-0.006,-0.007,-0.0161,0.443,0.3149
1146,1.146,0.0049,0.0003,-0.0013,-0.0127,0.5287,0.2674
1147,1.147,0.0091,0.006,-0.0002,-0.013,0.4517,0.3113
1148,1.148,0.0069,0.0051,0.001,-0.0066,1.5068,0.9069
1149,1.149,0.0117,0.0044,-0.0043,0.0024,1.3568,0.8221
1150,1.15,0.0075,0.002,-0.0032,0.0085,0.3952,0.1243
1151,1.151,0.008,0.0043,-0.0047,0.0016,-0.2312,-0.1583
1152,1.152,0.0064,0.0051,-0.0085,-0.0007,-0.347,-0.2448
1153,1.153,0.0068,0.0011,-0.0109,0.0039,-0.4513,-0.3227
1154,1.154,0.0004,0.0018,-0.0057,0.0048,-0.5463,-0.2532
1155,1.155,0.0013,0.0015,-0.0022,0.0072,-0.4621,-0.1897
1156,1.156,-0.0012,-0.0052,-0.0023,0.0044,-1.3136,-0.829
1157,1.157,-0.0033,0.0003,-0.0024,0.0064,-1.6541,-0.9145
1158,1.158,0.0004,-0.0022,-0.0008,0.0102,-0.7267,-0.3721
1159,1.159,0,-0.0011,-0.0016,0.0126,0.1485,0.122
1160,1.16,-0.0063,-0.0001,-0.0022,0.0071,0.4909,0.1876
1161,1.161,-0.0036,0.0051,-0.0029,0.0065,0.5952,0.3628
1162,1.162,-0.0012,-0.0004,0.0004,0.0159,0.5031,0.3108
1163,1.163,0.001,-0.0038,0.0011,0.0222,0.4188,0.2633
1164,1.164,-0.0031,-0.0042,0.0003,0.0191,0.8061,0.569
1165,1.165,-0.0046,0.0019,-0.0046,0.0244,1.7209,1.0061
1166,1.166,-0.0029,-0.0015,-0.0008,0.0309,1.0981,0.5995
1167,1.167,-0.0006,0.0024,0.0063,0.0181,0.0757,0.0167
1168,1.168,-0.0001,-0.0041,0.0018,0.0236,-0.3386,-0.2171
1169,1.169,0.0025,-0.0046,0.0028,0.0388,-0.4653,-0.2886
1170,1.17,-0.0026,-0.0052,-0.0056,0.0203,-0.5799,-0.3532
1171,1.171,0.0012,-0.0026,-0.0045,-0.012,-0.4779,-0.2955
1172,1.172,0.0006,-0.0003,-0.0075,-0.034,-0.572,-0.3484
1173,1.173,0.0049,0.0069,-0.016,-0.0539,-1.6789,-0.9731
1174,1.174,0.0009,0.0045,-0.0193,-0.0647,-1.529,-0.7182
1175,1.175,0.0005,0.0039,-0.0163,-0.0482,-0.2932,-0.1754
1176,1.176,0.0056,0.002,-0.0173,-0.0452,0.2075,0.1782
1177,1.177,0.0022,0.0002,-0.0182,-0.0479,0.3606,0.2434
1178,1.178,0.0006,0.001,-0.0162,-0.0602,0.4989,0.3023
1179,1.179,-0.0022,-0.0041,-0.0212,-0.058,0.6246,0.3558
1180,1.18,-0.0056,-0.0003,-0.0119,-0.0274,0.2856,0.2119
1181,1.181,-0.0077,-0.0058,-0.008,-0.0054,1.2126,0.7799
1182,1.182,-0.0087,-0.0063,-0.0071,0.0145,1.5869,0.858
1183,1.183,-0.0144,-0.0068,-0.004,0.0399,0.7933,0.3653
1184,1.184,-0.0083,-0.0083,-0.0053,0.0628,-0.1364,-0.0841
1185,1.185,-0.0089,-0.0076,0.003,0.0898,-0.2635,-0.2601
1186,1.186,-0.0081,-0.0049,-0.0005,0.1006,-0.3785,-0.3139
1187,1.187,-0.0086,-0.0026,-0.006,0.0841,-0.4825,-0.3627
1188,1.188,-0.0056,-0.0045,-0.0017,0.0569,-0.3895,-0.2322
1189,1.189,-0.002,-0.008,-0.0097,0.0387,-0.8155,-0.5103
1190,1.19,0.0041,-0.0075,-0.009,0.0354,-1.8221,-1.0519
1191,1.191,0.0067,-0.001,-0.0138,0.0265,-1.1369,-0.5103
1192,1.192,0.0061,-0.0037,-0.0116,0.0073,-0.0128,-0.0166
1193,1.193,0.0068,0.0023,-0.0112,-0.03,0.4424,0.3047
1194,1.194,0.0073,0.003,-0.015,-0.0782,0.5816,0.2478
1195,1.195,0.0114,-0.0019,-0.0159,-0.1107,0.4583,0.3011
1196,1.196,0.0094,-0.0005,-0.0131,-0.0939,0.4886,0.29
1197,1.197,0.0046,0.0012,-0.0117,-0.0883,0.376,0.3382
1198,1.198,0.0041,-0.0017,-0.0135,-0.0618,1.5088,0.9933
1199,1.199,0.0058,-0.0002,-0.0096,-0.0378,1.3588,0.7127
1200,1.2,0.0022,0.0039,-0.0116,-0.0246,0.3973,0.1155
1201,1.201,0.0034,0.0034,-0.0041,-0.0048,-0.2288,-0.2734
1202,1.202,0.0014,-0.0035,0.0012,-0.0014,-0.3445,-0.2049
1203,1.203,-0.0044,-0.0062,-0.0043,-0.0179,-0.449,-0.2699
1204,1.204,-0.0087,-0.0021,0.0058,-0.0209,-0.544,-0.3288
1205,1.205,-0.0125,-0.0059,0.0069,-0.0073,-0.4599,-0.2765
1206,1.206,-0.0161,-0.004,0.0055,-0.0002,-1.1568,-0.8053
1207,1.207,-0.0191,-0.0084,0.0084,0.0108,-1.6259,-1.0169
1208,1.208,-0.0163,-0.0045,0.0135,0.0291,-0.6891,-0.3131
1209,1.209,-0.0189,-0.0071,0.0178,0.0412,0.1862,0.1567
1210,1.21,-0.0178,-0.0085,0.0218,0.0387,0.3023,0.2432
1211,1.211,-0.0115,-0.003,0.0223,0.0242,0.4067,0.3211
1212,1.212,-0.0051,-0.0039,0.0201,0.0109,0.5014,0.3918
1213,1.213,-0.0026,-0.0118,0.0229,0.0157,0.4168,0.2002
1214,1.214,0.0025,-0.0257,0.0223,0.0293,0.8041,0.4906
1215,1.215,0.0131,-0.0315,0.0217,0.0347,1.719,1.0719
1216,1.216,0.0206,-0.0131,0.0146,0.0432,1.0963,0.5301
1217,1.217,0.0219,-0.006,0.0051,0.0385,0.0743,0.0362
1218,1.218,0.023,0.0003,0.0163,0.0202,-0.3399,-0.2854
1219,1.219,0.0173,0.0103,0.0209,-0.0022,-0.4666,-0.3449
1220,1.22,0.0203,0.0045,0.0222,-0.0052,-0.5813,-0.2932
1221,1.221,0.0175,0.0161,0.0259,-0.0353,-0.4797,-0.2459
1222,1.222,0.0183,0.0143,0.0269,-0.0392,-0.3869,-0.29
1223,1.223,0.0113,0.01,0.0112,-0.0427,-1.6641,-0.8859
1224,1.224,0.0009,0.011,-0.0091,-0.0459,-1.4828,-0.8014
1225,1.225,-0.0144,0.0075,-0.0117,-0.0252,-0.3203,-0.104
1226,1.226,-0.0246,0.0021,-0.0044,-0.0115,0.4368,0.1785
1227,1.227,-0.0303,0.0064,-0.0021,0.0107,0.3022,0.2648
1228,1.228,-0.032,0.0003,-0.004,0.0135,0.4282,0.3426
1229,1.229,-0.0305,0.0038,-0.002,0.0215,0.5426,0.2729
1230,1.23,-0.021,0.0028,-0.0002,0.0239,0.4406,0.0814
1231,1.231,-0.0147,-0.0004,-0.0015,0.0262,1.0961,0.7206
1232,1.232,-0.007,-0.0001,0,0.0203,1.5227,0.9762
1233,1.233,-0.006,0.0044,-0.0035,0.0149,0.6709,0.4337
1234,1.234,0.0004,-0.0016,-0.0042,0.02,-0.1249,-0.0603
1235,1.235,0.0098,0.0004,-0.003,0.0126,-0.4365,-0.2539
1236,1.236,0.0135,-0.0004,0,0.014,-0.5317,-0.3132
1237,1.237,0.0078,0.0063,-0.0005,0.0204,-0.4478,-0.2612
1238,1.238,0.013,0.007,0.0004,0.0056,-0.3712,-0.2137
1239,1.239,0.0157,0.0009,-0.0042,-0.0045,-0.7233,-0.5198
1240,1.24,0.0114,0.0044,-0.0081,0.0086,-1.6832,-1.0363
1241,1.241,0.0061,0.0023,-0.0025,0.0138,-0.9982,-0.5444
1242,1.242,0.0081,0.0004,-0.0001,0.0155,-0.1234,0.0327
1243,1.243,0.0112,0.0067,-0.0003,0.0115,0.446,0.2665
1244,1.244,0.0164,0.0041,-0.0016,0.0027,0.551,0.3378
1245,1.245,0.0099,0.0034,-0.008,-0.0077,0.4589,0.2744
1246,1.246,0.0057,0.0097,-0.0068,0.0019,0.545,0.3328
1247,1.247,0.0063,0.0054,-0.0039,-0.017,0.4682,0.2803
1248,1.248,0.007,0.0031,-0.0028,-0.0251,1.5231,1.001
1249,1.249,0.0012,0.0024,0.0025,-0.0027,1.3732,0.6926
1250,1.25,0.0005,0.0007,-0.0029,-0.0174,0.4118,0.2232
1251,1.251,-0.0001,0.0035,-0.0031,-0.0146,-0.2142,-0.2043
1252,1.252,-0.0032,-0.0012,-0.0047,0.0028,-0.3299,-0.2833
1253,1.253,-0.0027,0.0018,-0.006,0.0096,-0.4343,-0.3542
1254,1.254,-0.0012,0.007,-0.0097,-0.0088,-0.5292,-0.291
1255,1.255,-0.0024,0.0006,-0.0046,-0.0013,-0.4451,-0.2335
1256,1.256,0.0015,-0.0019,0.0027,0.0191,-1.142,-0.8148
1257,1.257,-0.001,-0.0041,0.0058,0.0494,-1.7982,-1.0474
1258,1.258,0.002,-0.0048,0.0087,0.0695,-0.8614,-0.4138
1259,1.259,-0.0019,-0.0005,0.0053,0.0732,0.2633,0.1839
1260,1.26,-0.0013,0.0013,0.005,0.0436,0.4169,0.263
1261,1.261,0.0048,0.0039,0.0011,0.0158,0.5557,0.3342
1262,1.262,0.0057,0.007,-0.0074,-0.0094,0.4324,0.2711
1263,1.263,0.0035,0.0083,-0.0108,-0.0589,0.3201,0.2138
1264,1.264,0.0015,0.0048,-0.0137,-0.1229,0.6291,0.4781
1265,1.265,-0.0014,0.0052,-0.0104,-0.0451,1.6594,1.0069
1266,1.266,0.0003,0.0057,-0.0055,-0.0139,0.9743,0.515
1267,1.267,0.0009,0.0068,-0.0078,-0.0233,0.0997,0.0658
1268,1.268,-0.0012,0.0046,-0.0039,-0.0318,-0.2429,-0.2265
1269,1.269,-0.0076,0.0044,-0.0101,-0.0864,-0.348,-0.2805
1270,1.27,-0.0103,0.0048,-0.009,-0.122,-0.443,-0.3293
1271,1.271,-0.006,0.0025,-0.0095,-0.0897,-0.5292,-0.2861
1272,1.272,-0.0053,0.001,-0.0058,-0.0368,-0.4526,-0.3258
1273,1.273,-0.0059,-0.0018,0.0013,0.0129,-1.5076,-0.867
1274,1.274,-0.0064,0.0004,0.0023,0.058,-1.3578,-0.7901
1275,1.275,-0.0093,-0.0005,0.0066,0.0754,-0.3967,-0.1559
1276,1.276,-0.0108,-0.0042,0.0088,0.0701,0.2298,0.2717
1277,1.277,-0.0066,0.0007,0.004,0.0459,0.3456,0.196
1278,1.278,-0.0071,0.0014,0.0009,-0.0115,0.4499,0.2672
1279,1.279,-0.0097,-0.0037,-0.0019,-0.0349,0.5445,0.3319
1280,1.28,-0.01,0,-0.0055,-0.0279,0.2899,0.2744
1281,1.281,-0.0044,-0.0055,-0.0067,0.0044,1.1415,0.75
1282,1.282,-0.0007,0.0031,-0.0106,0.0217,1.7087,0.9425
1283,1.283,0.0057,-0.0023,-0.0038,0.0268,0.7814,0.4192
1284,1.284,0.0083,0.0009,-0.0084,0.0314,-0.0935,-0.0744
1285,1.285,0.012,0.0056,-0.0006,0.0182,-0.4359,-0.2676
1286,1.286,0.0085,0.0016,-0.0059,0.0142,-0.5405,-0.3266
1287,1.287,0.0127,0.0024,-0.0105,-0.0186,-0.4481,-0.2743
1288,1.288,0.0087,-0.0023,-0.0046,-0.0406,-0.3637,-0.2265
1289,1.289,0.0134,-0.0004,-0.0053,-0.0288,-0.7508,-0.5321
1290,1.29,0.0051,-0.0079,-0.0033,-0.0253,-1.806,-1.0484
1291,1.291,0.002,-0.0067,-0.0017,-0.0023,-1.0524,-0.5562
1292,1.292,0.001,-0.0074,-0.0034,0.0184,-0.0902,0.0211
1293,1.293,-0.0017,-0.0132,-0.007,0.0321,0.2867,0.2552
1294,1.294,0.0009,-0.0046,-0.002,0.0344,0.4021,0.3268
1295,1.295,-0.0043,-0.0013,-0.007,0.0277,0.5064,0.2638
1296,1.296,-0.0049,-0.0084,-0.0065,0.0174,0.6009,0.3224
1297,1.297,-0.0084,-0.0046,-0.0069,0.0065,0.4372,0.2981
1298,1.298,-0.0042,-0.0053,-0.0041,0.0231,1.5441,0.9852
1299,1.299,-0.0025,-0.001,-0.0057,0.0163,1.3942,0.705
1300,1.3,-0.004,-0.0046,-0.0062,0.0141,0.433,0.2784
1301,1.301,-0.0028,0.0033,-0.0042,0.0121,-0.1929,-0.2647
1302,1.302,0.0001,0.0003,0.0014,0.0102,-0.3084,-0.1956
1303,1.303,-0.0025,0.0012,0.0142,0.0024,-0.4125,-0.2602
1304,1.304,0.0021,0.0021,0.0197,-0.0018,-0.507,-0.3187
1305,1.305,0.0016,0.0044,0.0213,0.0017,-0.4225,-0.2661
1306,1.306,0.0021,-0.002,0.0074,-0.0087,-1.1192,-0.7946
1307,1.307,-0.0005,-0.0011,-0.0057,-0.0158,-1.7751,-1.0057
1308,1.308,0.0025,0.0011,-0.0041,-0.0096,-0.8384,-0.4296
1309,1.309,-0.0014,0.0005,-0.0026,-0.0064,0.0371,0.114
1310,1.31,0.0012,-0.0026,-0.004,-0.0054,0.3801,0.186
1311,1.311,-0.0058,0.0015,-0.0052,-0.0194,0.4852,0.251
1312,1.312,-0.0089,-0.0021,-0.0043,-0.0296,0.5804,0.3099
1313,1.313,-0.0062,0.0022,-0.0053,-0.0204,0.4965,0.2576
1314,1.314,-0.0037,0.0005,-0.0026,-0.0053,0.7292,0.4981
1315,1.315,-0.0044,-0.0053,0.0033,-0.0075,1.6443,1.0665
1316,1.316,0.0005,-0.0016,-0.0052,-0.0094,1.022,0.6798
1317,1.317,-0.0013,0.0048,0.0003,-0.0043,0.227,0.0452
1318,1.318,0.0016,0.0005,-0.0007,0.0096,-0.2902,-0.2118
1319,1.319,0,-0.0017,-0.0015,0.0115,-0.3856,-0.2902
1320,1.32,0.0003,-0.0025,-0.0023,0.0132,-0.4716,-0.3611
1321,1.321,0.0042,0.0005,0.0092,0.0117,-0.5495,-0.2976
1322,1.322,0.0037,-0.0013,0.0143,0.0158,-0.4795,-0.2399
1323,1.323,0.0067,-0.0029,0.0219,0.0096,-1.4386,-0.9268
1324,1.324,0.007,-0.0051,0.0234,0.0107,-1.5762,-0.8337
1325,1.325,0.008,-0.004,0.0322,0.0099,-0.4527,-0.2367
1326,1.326,0.0103,0.0001,0.0291,0.0223,0.3046,0.1521
1327,1.327,0.0073,-0.0016,0.0177,0.0275,0.4446,0.2238
1328,1.328,0.0108,-0.0042,0.0162,0.0046,0.5708,0.2884
1329,1.329,0.0096,-0.0065,0.0123,-0.0051,0.4589,0.347
1330,1.33,0.0099,-0.0019,0.0061,0.0279,0.3569,0.1891
1331,1.331,0.0089,0.0075,-0.0015,0.0237,1.0128,0.7176
1332,1.332,0.0072,-0.0022,-0.0045,0.0039,1.6096,0.9289
1333,1.333,0.0062,-0.0161,-0.0089,-0.0361,0.7583,0.3528
1334,1.334,0.0064,-0.0106,-0.013,-0.0412,-0.0372,-0.0358
1335,1.335,0.0071,-0.0022,-0.0091,-0.0364,-0.3487,-0.2485
1336,1.336,0.0034,0.0023,-0.0139,-0.0583,-0.4437,-0.3136
1337,1.337,-0.0034,0.0036,-0.0132,-0.0544,-0.53,-0.3725
1338,1.338,-0.0119,0.0047,-0.0054,-0.0508,-0.4534,-0.2147
1339,1.339,-0.0289,0.0036,-0.0043,-0.0144,-0.6644,-0.4553
1340,1.34,-0.0313,0.0025,-0.0032,0,-1.6239,-1.0237
1341,1.341,-0.0291,0.0033,-0.0022,0.0045,-1.2133,-0.6372
1342,1.342,-0.0312,0.0024,-0.0042,0.0084,-0.089,-0.0027
1343,1.343,-0.0293,0.0076,-0.002,0.0049,0.3668,0.2543
1344,1.344,-0.0141,0.004,0.0024,0.0017,0.5059,0.3326
1345,1.345,-0.004,0.0045,0.001,0.0166,0.6319,0.263
1346,1.346,-0.0022,0.0027,0.0017,0.0414,0.5197,0.3271
1347,1.347,0.0029,0.0022,0.0022,0.0512,0.4174,0.2693
1348,1.348,0.0074,0.0018,0.0063,0.06,1.4475,0.956
1349,1.349,0.0088,0.0014,0.0061,0.052,1.3114,0.6755
1350,1.35,0.0025,0.0057,0.0032,0.0447,0.4377,0.0783
1351,1.351,0.0057,0.0073,0.0014,0.0336,-0.3585,-0.1559
1352,1.352,0.0066,-0.0005,-0.0026,0.0235,-0.4641,-0.2279
1353,1.353,0.0075,-0.0015,0.0005,0.0217,-0.5592,-0.2928
1354,1.354,0.0083,0.0058,0.0055,0.0133,-0.4754,-0.2356
1355,1.355,0.0105,0.003,-0.0025,-0.0066,-0.3991,-0.1835
1356,1.356,0.0069,0.0039,-0.0079,-0.0258,-1.0325,-0.7124
1357,1.357,0.0086,0.0061,-0.0025,-0.0381,-1.7997,-0.9239
1358,1.358,0.0091,0.0025,-0.0069,-0.0674,-0.8728,-0.3482
1359,1.359,0.0096,0.0083,-0.0059,-0.0713,0.0021,0.1951
1360,1.36,0.0074,0.0061,-0.0079,-0.0385,0.3446,0.2669
1361,1.361,0.0062,0.0068,-0.0057,-0.0165,0.4493,0.3316
1362,1.362,0.0119,0.0099,-0.0038,-0.0047,0.5439,0.2741
1363,1.363,0.0094,0.0058,-0.0008,-0.0082,0.4596,0.2219
1364,1.364,0.0041,-0.0009,0.0029,-0.005,0.6918,0.4624
1365,1.365,0.0006,0.0018,0,0.0098,1.7469,1.0305
1366,1.366,-0.0037,0.0027,-0.001,-0.0039,0.9932,0.6438
1367,1.367,0.0004,0.0005,0.0049,-0.0212,0.305,0.0092
1368,1.368,0.0019,-0.0001,0.0042,-0.0146,-0.3214,-0.248
1369,1.369,-0.0032,-0.0006,0.0006,-0.0125,-0.437,-0.3266
1370,1.37,-0.0012,0.0023,0.0015,0.0155,-0.5417,-0.2573
1371,1.371,-0.0017,0.0008,-0.0015,0.0274,-0.4497,-0.3218
1372,1.372,-0.0093,-0.0014,-0.003,0.0093,-0.3657,-0.264
1373,1.373,-0.0063,-0.0078,-0.0014,-0.0071,-1.5271,-0.9509
1374,1.374,-0.0035,-0.0013,-0.0025,0.0017,-1.3624,-0.8579
1375,1.375,-0.0043,-0.0055,-0.002,0.0098,-0.6073,-0.261
1376,1.376,-0.0021,-0.0048,-0.007,0.0025,0.3551,0.2826
1377,1.377,0.0015,-0.0012,-0.0076,0.0047,0.4819,0.214
1378,1.378,0.0033,-0.0029,-0.0033,-0.0261,0.596,0.2789
1379,1.379,-0.0031,-0.0012,-0.0074,-0.0306,0.4938,0.3378
1380,1.38,-0.0039,-0.0016,-0.0016,-0.0189,0.4006,0.1801
1381,1.381,-0.0017,-0.0047,0.0006,0.0063,0.9962,0.7088
1382,1.382,-0.0052,-0.0075,0.0027,0.0158,1.6929,0.9202
1383,1.383,-0.0057,-0.0056,-0.0004,0.0185,0.8496,0.4723
1384,1.384,-0.0028,-0.0004,0.0013,0.0156,-0.1731,-0.0525
1385,1.385,-0.0075,0.0003,-0.0023,0.0082,-0.3132,-0.2647
1386,1.386,-0.0005,-0.0033,-0.0001,0.0147,-0.4398,-0.3294
1387,1.387,-0.0013,-0.0063,0.002,0.0127,-0.5544,-0.2719
1388,1.388,-0.0005,-0.0034,-0.0016,0.0109,-0.4529,-0.2195
1389,1.389,-0.0011,-0.0049,0.0006,0.0161,-0.5473,-0.4597
1390,1.39,0.0038,-0.0038,0.0027,0.0238,-1.825,-1.0277
1391,1.391,0.0007,-0.005,-0.0009,0.017,-1.2786,-0.6408
1392,1.392,0.0013,-0.0025,0.0003,0.0184,-0.1156,-0.006
1393,1.393,0.0018,-0.0008,-0.0044,0.0131,0.3398,0.2513
1394,1.394,0.003,0.0009,-0.0039,0.0039,0.4789,0.33
1395,1.395,0.0042,0.0022,-0.0022,0.0003,0.6043,0.2608
1396,1.396,0.0046,0.0061,-0.0047,-0.0144,0.4922,0.3253
1397,1.397,0.0044,0.0008,-0.0044,-0.0245,0.3898,0.2677
1398,1.398,0.0104,0.0013,-0.0027,-0.0118,1.4263,0.9213
1399,1.399,0.0067,0.0019,-0.0015,-0.0099,1.5204,0.8691
1400,1.4,0.0056,0.0024,-0.0034,-0.0318,0.5824,0.2436
1401,1.401,0.0068,0.004,-0.001,-0.023,-0.2931,-0.1838
1402,1.402,0.0011,-0.0038,-0.0061,-0.0367,-0.4091,-0.2624
1403,1.403,-0.0048,-0.0007,0.0032,-0.0144,-0.5137,-0.3332
1404,1.404,-0.0054,-0.008,0.0145,0.0126,-0.6087,-0.2696
1405,1.405,-0.0033,0.0022,0.0191,0.0234,-0.3543,-0.2118
1406,1.406,-0.0002,0.0008,0.0205,0.0003,-1.0512,-0.6874
1407,1.407,-0.0006,-0.003,0.0091,0.0031,-1.7072,-1.0074
1408,1.408,-0.0001,-0.0041,0.0015,0.0168,-0.9409,-0.4839
1409,1.409,-0.0022,-0.0031,-0.0025,0.0095,-0.0111,0.1511
1410,1.41,-0.0002,-0.0078,0.0012,0.0072,0.3655,0.2381
1411,1.411,0.0009,-0.002,0.0002,0.0093,0.4804,0.1618
1412,1.412,0.0026,-0.0014,0.0012,0.0186,0.5848,0.2328
1413,1.413,0.005,0.0021,-0.0015,0.017,0.4923,0.2971
1414,1.414,0.0037,-0.0038,0.0028,0.0124,0.578,0.4715
1415,1.415,0.0075,0.0031,0.0021,0.0028,1.7395,1.0527
1416,1.416,0.0081,0.0038,-0.0071,-0.0034,1.2429,0.6661
1417,1.417,0.0086,0.0046,-0.0034,-0.0112,0.1852,0.0314
1418,1.418,0.0035,-0.0025,0.0023,-0.0269,-0.2287,-0.2257
1419,1.419,-0.003,-0.0034,0.0033,-0.0246,-0.3552,-0.3042
1420,1.42,-0.0108,-0.001,0.0007,0.002,-0.4693,-0.3753
1421,1.421,-0.0118,-0.0033,0.0033,-0.0088,-0.5731,-0.3118
1422,1.422,-0.0203,0.003,-0.0004,-0.0055,-0.48,-0.2541
1423,1.423,-0.0193,-0.0013,0.0046,0.0154,-1.5867,-0.941
1424,1.424,-0.0183,0.0008,0.0063,0.0073,-1.4366,-0.848
1425,1.425,-0.0138,0.0071,0.0069,0.0246,-0.4752,-0.2512
1426,1.426,-0.0096,0.0028,0.0105,0.0494,0.4003,0.1374
1427,1.427,-0.0103,0.0034,0.0084,0.0462,0.5164,0.2092
1428,1.428,-0.0026,0.004,0.0064,0.0611,0.4153,0.2738
1429,1.429,-0.0036,0.0009,0.0107,0.0637,0.5102,0.3323
1430,1.43,-0.0045,0.0025,0.002,0.0661,0.4259,0.2798
1431,1.431,-0.002,0.0103,0.0009,0.0458,0.9682,0.7122
1432,1.432,0.0032,0.0046,0.002,0.0047,1.6021,1.0029
1433,1.433,0.0039,0.0098,-0.0094,-0.06,0.8359,0.4214
1434,1.434,0.0069,0.0013,-0.0017,-0.0686,-0.0935,-0.1222
1435,1.435,0.0109,0.0003,-0.003,-0.0764,-0.47,-0.1943
1436,1.436,0.0093,-0.005,-0.0041,-0.0977,-0.3583,-0.2594
1437,1.437,0.0023,0.0034,-0.005,-0.0913,-0.4623,-0.3183
1438,1.438,0.0053,0.0066,-0.0039,-0.0855,-0.3696,-0.2662
1439,1.439,0.0045,0.0076,-0.0065,-0.0589,-0.6252,-0.4105
1440,1.44,0.0069,0.0103,0.0014,-0.0831,-1.7862,-1.0661
1441,1.441,0.0076,-0.0026,0.0025,-0.0964,-1.2895,-0.5984
1442,1.442,0.0124,-0.0119,0.0018,-0.0443,-0.2314,-0.0013
1443,1.443,0.0066,-0.0102,0.0011,-0.0088,0.4574,0.2324
1444,1.444,-0.0019,-0.0056,0.0034,0.0363,0.3356,0.3036
1445,1.445,-0.0051,0.0014,-0.0014,0.042,0.4503,0.3682
1446,1.446,0.0021,0.0026,-0.0008,0.0471,0.5543,0.3104
1447,1.447,0.0067,-0.003,0.001,0.0518,0.4613,0.2576
1448,1.448,0.0024,0.0023,0.0036,0.0473,1.3979,0.882
1449,1.449,-0.0014,-0.0041,0.0007,0.0353,1.5234,0.7971
1450,1.45,-0.0049,0.0037,0.0011,0.0461,0.5025,0.2542
1451,1.451,-0.0045,0.0048,-0.003,0.0492,-0.1859,-0.24
1452,1.452,-0.0074,0.0003,0.0035,0.0403,-0.313,-0.3058
1453,1.453,-0.011,0.0045,-0.0006,0.0266,-0.4276,-0.249
1454,1.454,-0.006,0.0024,-0.0042,0.0192,-0.5315,-0.3029
1455,1.455,-0.0011,0.0018,0.0008,0.0036,-0.4386,-0.2556
1456,1.456,-0.0042,0.0035,-0.0008,0.0097,-1.0346,-0.6492
1457,1.457,-0.0048,-0.0052,-0.0024,-0.0071,-1.7317,-1.0195
1458,1.458,-0.0064,-0.0014,0.0012,-0.0049,-0.8889,-0.491
1459,1.459,-0.0033,-0.0003,0.0024,0.0052,0.1337,0.1434
1460,1.46,0.0005,0.005,-0.0005,0.0107,0.2739,0.2301
1461,1.461,0.001,0.0024,0.0021,0.0022,0.4004,0.3082
1462,1.462,0.0014,0.0034,0.0024,0.0098,0.5148,0.3787
1463,1.463,0.0034,0.0028,0.0041,0.0138,0.4128,0.3151
1464,1.464,0.0038,0.0009,0.0023,0.0051,0.507,0.3732
1465,1.465,0.0055,-0.0007,-0.0016,0.0061,1.6142,1.0602
1466,1.466,0.0025,0.0035,-0.0046,-0.0076,1.1628,0.5923
1467,1.467,0.0035,0.0031,-0.0031,-0.0132,0.2012,-0.0051
1468,1.468,0.0059,0.0044,-0.002,-0.0115,-0.4247,-0.2391
1469,1.469,0.0056,0.0084,-0.0049,-0.016,-0.3135,-0.3107
1470,1.47,0.0098,0.0038,-0.004,-0.0201,-0.4177,-0.3756
1471,1.471,0.0081,-0.0019,-0.0025,-0.0163,-0.5124,-0.3184
1472,1.472,0.0122,0.0004,-0.0002,-0.0086,-0.4281,-0.266
1473,1.473,0.0107,0.0025,0.0021,-0.0014,-1.4343,-0.8907
1474,1.474,0.0046,-0.0016,0.0003,0.0071,-1.5722,-0.8061
1475,1.475,-0.0013,-0.0056,0.0031,0.0038,-0.4492,-0.2634
1476,1.476,0.0009,-0.003,0.0039,0.0091,0.3081,0.2305
1477,1.477,-0.0026,-0.0041,-0.0015,0.01,0.4482,0.296
1478,1.478,-0.0042,-0.0028,-0.0025,0.0125,0.5744,0.3547
1479,1.479,-0.0047,-0.0053,-0.0063,0.0025,0.4623,0.3027
1480,1.48,0.0001,-0.0035,-0.0024,0.004,0.3601,0.2552
1481,1.481,-0.0016,-0.0018,-0.0044,0.0052,1.016,0.6485
1482,1.482,-0.002,-0.0024,-0.0073,-0.0003,1.6125,1.0186
1483,1.483,-0.0004,-0.0007,-0.0065,-0.0033,0.9158,0.4899
1484,1.484,0.0057,0.0026,-0.0065,-0.0079,-0.1166,-0.1449
1485,1.485,-0.002,-0.0038,-0.0088,-0.0208,-0.2565,-0.2318
1486,1.486,0.0033,0.0047,-0.0054,-0.0227,-0.383,-0.3102
1487,1.487,0.0025,-0.0009,-0.0033,-0.0075,-0.4974,-0.381
1488,1.488,0.0017,0.0022,-0.0069,-0.0014,-0.3955,-0.3175
1489,1.489,-0.0005,-0.0042,-0.0071,-0.0033,-0.4895,-0.3757
1490,1.49,-0.0011,-0.0016,-0.0051,0.0052,-1.7666,-1.0628
1491,1.491,-0.0028,-0.0053,-0.0109,0.0037,-1.2203,-0.595
1492,1.492,-0.0056,-0.0017,-0.0078,0.0077,-0.3891,0.0023
1493,1.493,-0.0008,0.0025,-0.0063,0.009,0.3681,0.2365
1494,1.494,-0.0024,-0.0051,-0.0064,0.0058,0.5079,0.308
1495,1.495,-0.0065,-0.0041,-0.0087,0.007,0.6335,0.3727
1496,1.496,-0.006,0.0005,-0.0108,0.0099,0.5216,0.3153
1497,1.497,-0.0038,0.003,-0.0102,0.0041,0.4196,0.2627
1498,1.498,-0.0085,0.0008,-0.0128,0.0022,1.4497,0.8873
1499,1.499,0.0025,0.0022,-0.0097,0.0053,1.4944,0.8548
1500,1.5,-0.0033,-0.0014,-0.0139,0.0061,0.5336,0.258
1501,1.501,0.0004,-0.0009,-0.0133,-0.002,-0.3414,-0.1307
1502,1.502,0.004,-0.0038,-0.0179,0.0037,-0.4574,-0.2025
1503,1.503,0.007,-0.0033,-0.0128,0.009,-0.5618,-0.2672
1504,1.504,0.0086,-0.0037,-0.0034,0.0082,-0.4697,-0.3258
1505,1.505,0.0101,-0.0017,0,-0.0046,-0.3853,-0.2733
1506,1.506,0.0032,-0.0059,0.0031,-0.0325,-0.9275,-0.7058
1507,1.507,0.0001,0.0017,0.0057,-0.0125,-1.8426,-0.9966
1508,1.508,-0.0027,-0.0141,-0.0002,0.0128,-0.9703,-0.5207
1509,1.509,-0.0156,-0.0253,-0.0017,0.003,0.0522,0.0566
1510,1.51,-0.025,-0.0068,-0.0118,-0.0058,0.4666,0.2906
1511,1.511,-0.0233,-0.0045,-0.0086,-0.0139,0.5929,0.2216
1512,1.512,-0.0158,-0.0067,-0.0082,-0.0312,0.4808,0.2864
1513,1.513,-0.009,-0.0169,-0.0035,-0.0247,0.3787,0.2291
1514,1.514,-0.0103,-0.0076,0.0023,-0.0105,0.4727,0.3878
1515,1.515,-0,0.011,0.0009,-0.0198,1.5794,1.0127
1516,1.516,0.004,0.0086,-0.0003,-0.0249,1.1278,0.5874
1517,1.517,-0.0023,0.0107,0.007,-0.0173,0.1661,0.0444
1518,1.518,-0.0013,0.0127,0.0075,-0.0048,-0.2105,-0.1683
1519,1.519,-0.0003,0.0146,0.0134,0.0137,-0.3259,-0.2334
1520,1.52,0.0005,0.0061,0.0137,0.036,-0.4301,-0.292
1521,1.521,0.0083,0.0107,0.008,0.0388,-0.5248,-0.3452
1522,1.522,0.0093,0.0037,0.0039,0.0305,-0.4406,-0.2972
1523,1.523,0.0008,0.0074,0.0065,0.0328,-1.4469,-0.9522
1524,1.524,0.0086,0.0042,0.0112,0.0125,-1.5849,-0.8589
1525,1.525,0.0095,0.0072,0.0087,0.0043,-0.7115,-0.2619
1526,1.526,0.0067,0.0099,0.01,0.0019,0.3112,0.282
1527,1.527,0.0092,0.0073,0.0079,-0.0093,0.4511,0.2137
1528,1.528,0.0022,0.011,0.0153,-0.0278,0.5771,0.2788
1529,1.529,-0.0006,0.0061,0.0182,-0.0451,0.4649,0.3378
1530,1.53,-0.0033,0.0018,0.0148,-0.0564,0.3625,0.2856
1531,1.531,-0.0071,0.0059,0.0118,-0.0339,1.0181,0.6224
1532,1.532,-0.0023,0.0001,0.0157,-0.0132,1.6144,1.0162
1533,1.533,-0.0019,0.0008,0.0239,0.0114,0.9178,0.5407
1534,1.534,0.0057,0.0028,0.0204,0.0145,0.0723,-0.0362
1535,1.535,0.0066,0.0033,0.0192,0.0232,-0.2705,-0.2698
1536,1.536,-0.0019,-0.0032,0.0235,0.0259,-0.3755,-0.3408
1537,1.537,-0.0075,-0.004,0.0259,0.033,-0.4704,-0.2774
1538,1.538,-0.0106,-0.0047,0.0373,0.0396,-0.5565,-0.2196
1539,1.539,-0.0079,-0.0068,0.0321,0.0416,-0.4797,-0.3779
1540,1.54,-0.0087,-0.001,0.0089,0.0322,-1.535,-1.0023
1541,1.541,-0.005,-0.0003,-0.0076,0.0271,-1.3852,-0.7471
1542,1.542,-0.0014,0.0003,-0.0105,0.0316,-0.4237,-0.049
1543,1.543,0.0029,0.002,-0.0132,0.0108,0.4516,0.234
1544,1.544,0.0118,0.0015,-0.0109,-0.0342,0.3407,0.3207
1545,1.545,0.0107,-0.0011,-0.0087,-0.0407,0.4447,0.3991
1546,1.546,0.0097,-0.0041,-0.0107,-0.0582,0.5395,0.3297
1547,1.547,0.0045,-0.0012,-0.0088,-0.021,0.455,0.2663
1548,1.548,0.0092,-0.0037,-0.0036,-0.0066,1.3062,0.9059
1549,1.549,0.0084,0.0001,-0.0081,-0.0375,1.42,0.8215
1550,1.55,0.0078,0.0027,-0.0066,-0.0256,0.6981,0.2792
1551,1.551,0.0085,0.003,-0.0077,0.0071,-0.1475,-0.2145
1552,1.552,0.0116,0.0001,-0.0107,-0.0326,-0.2636,-0.2798
1553,1.553,0.004,0.0011,-0.0116,-0.0168,-0.5739,-0.3385
1554,1.554,0.005,-0.0041,-0.001,0.0171,-0.4815,-0.2862
1555,1.555,0.0059,-0.0019,-0.0022,0.0127,-0.397,-0.2385
1556,1.556,0.0119,-0.0097,-0.0057,0.0165,-0.9391,-0.6316
1557,1.557,0.0126,-0.0066,-0.0087,0.0129,-1.8541,-1.0015
1558,1.558,0.0162,-0.0002,-0.0115,0.016,-0.9818,-0.4727
1559,1.559,0.0167,-0.0062,-0.0158,-0.0049,0.0407,0.0214
1560,1.56,0.0184,-0.004,-0.0182,0.0087,0.4552,0.2152
1561,1.561,0.0137,-0.0019,-0.0186,0.011,0.582,0.2746
1562,1.562,0.0095,-0.0025,-0.0107,0.0044,0.4705,0.3282
1563,1.563,0.0008,-0.0019,-0.0094,-0.014,0.5745,0.2808
1564,1.564,-0.0181,0.0058,-0.0177,-0.0164,0.4815,0.4123
1565,1.565,-0.0262,-0.0045,-0.0119,-0.0007,1.5888,1.0083
1566,1.566,-0.0285,-0.0031,-0.0087,0.0137,1.1374,0.7536
1567,1.567,-0.035,-0.0019,0.0055,0.0233,0.1759,0.0559
1568,1.568,-0.0329,-0.003,0.0158,0.0184,-0.2004,-0.2266
1569,1.569,-0.0347,-0.004,0.0179,0.017,-0.3157,-0.3128
1570,1.57,-0.0194,0.0006,0.0231,0.0185,-0.4196,-0.3906
1571,1.571,-0.0091,-0.002,0.0278,0.0099,-0.5139,-0.3209
1572,1.572,-0.0109,-0.0042,0.0238,0.0044,-0.4292,-0.2573
1573,1.573,0.0078,0.0022,0.0125,0.0097,-1.4351,-0.8965
1574,1.574,0.0152,-0.002,0.0019,-0.0042,-1.5728,-0.982
1575,1.575,0.0131,0.0032,-0.0078,-0.0021,-0.6993,-0.2847
1576,1.576,0.0193,0.0038,-0.0115,-0.0002,0.3237,0.1853
1577,1.577,0.0212,-0.0004,-0.0083,-0.0121,0.4639,0.2721
1578,1.578,0.0263,0.0024,-0.0093,0.0048,0.5902,0.3505
1579,1.579,0.0157,0.0039,-0.012,0.007,0.4784,0.2809
1580,1.58,0.0227,0.0009,-0.0061,0.005,0.3764,0.2173
1581,1.581,0.0139,0.0012,-0.0054,-0.0081,0.845,0.6241
1582,1.582,0.0061,0.0015,-0.0075,0.0004,1.7823,0.994
1583,1.583,-0.0034,0.0068,-0.0106,0.002,0.9103,0.4653
1584,1.584,-0.0046,0.009,-0.0124,0.0034,0.115,-0.0286
1585,1.585,-0.0123,0.0025,-0.0182,-0.0027,-0.4023,-0.2224
1586,1.586,-0.0238,0.0016,-0.0099,-0.0175,-0.4974,-0.2817
1587,1.587,-0.0284,0.0038,-0.0068,-0.0112,-0.5834,-0.3353
1588,1.588,-0.0271,0.0002,-0.0038,-0.0055,-0.5066,-0.288
1589,1.589,-0.0308,0.0007,-0.0085,-0.0104,-0.5772,-0.3321
1590,1.59,-0.034,0.0035,-0.0112,0.0036,-1.5363,-0.9281
1591,1.591,-0.033,0.001,-0.0121,-0.002,-1.3999,-0.6734
1592,1.592,-0.0246,0.0032,-0.0074,-0.0104,-0.2762,-0.1306
1593,1.593,-0.0142,-0.0033,-0.017,0.0004,0.4812,0.2226
1594,1.594,-0.0102,-0.0078,-0.0159,-0.001,0.347,0.2875
1595,1.595,-0.004,-0.0019,-0.0173,-0.0149,0.4732,0.3461
1596,1.596,0.0016,0.0033,-0.0164,-0.0056,0.5877,0.2936
1597,1.597,0.0068,-0.0016,-0.0136,0.0096,0.4858,0.2454
1598,1.598,0.0132,-0.0033,-0.0146,0.0035,1.3287,0.813
1599,1.599,0.0157,0.0031,-0.0156,0.0016,1.443,0.8904
1600,1.6,0.0255,0.0082,-0.017,-0.0097,0.6365,0.3184
1601,1.601,0.0339,0.0023,-0.0135,-0.0047,-0.2932,-0.1759
1602,1.602,0.0307,0.003,-0.013,-0.0092,-0.4203,-0.2417
1603,1.603,0.0234,0.001,-0.0089,0.0116,-0.5346,-0.3011
1604,1.604,0.0188,-0.0033,-0.0143,0.0145,-0.4328,-0.3551
1605,1.605,0.0075,-0.0016,-0.0038,0.0228,-0.3398,-0.2119
1606,1.606,0.012,0.0032,-0.0024,0.0401,-0.9359,-0.6056
1607,1.607,0.0106,0.0049,-0.0012,0.0335,-1.7877,-1.0819
1608,1.608,0.0143,0.002,0.0049,0.0315,-0.995,-0.5066
1609,1.609,0.0039,0.0015,0.0125,0.0223,-0.0652,0.0365
1610,1.61,-0.0058,0.0018,0.0072,-0.003,0.3119,0.2486
1611,1.611,-0.0147,-0.0002,0.0098,-0.0431,0.4272,0.3132
1612,1.612,-0.007,-0.0012,0.0139,-0.0378,0.5313,0.2555
1613,1.613,-0.006,0.0012,0.0161,-0.062,0.4389,0.2029
1614,1.614,-0.007,0.0016,0.0111,-0.1194,0.5248,0.3468
1615,1.615,-0.0045,0.003,0.0205,-0.0961,1.6857,1.0019
1616,1.616,-0.0009,0.0032,0.0135,-0.0321,1.189,0.721
1617,1.617,-0.0045,0.0025,0.0147,-0.0062,0.4332,0.1235
1618,1.618,-0.0063,0.0024,0.0157,0.0171,-0.2554,-0.2657
1619,1.619,-0.0151,0.0002,0.023,0.0099,-0.382,-0.1972
1620,1.62,-0.0189,0.0045,0.0276,0.0291,-0.4965,-0.2623
1621,1.621,-0.0157,-0.0012,0.0319,0.0348,-0.6005,-0.3213
1622,1.622,-0.0168,-0.0005,0.0403,0.0294,-0.3204,-0.2692
1623,1.623,-0.0122,-0.0054,0.0301,0.0245,-1.257,-0.7981
1624,1.624,-0.0045,-0.0023,0.0093,0.0376,-1.6318,-0.8691
1625,1.625,0.005,-0.004,0.0006,0.0493,-0.6113,-0.2931
1626,1.626,0.0138,-0.0024,-0.0075,0.0457,0.3515,0.0956
1627,1.627,0.0147,-0.0066,-0.005,0.0292,0.4788,0.3077
1628,1.628,0.0157,-0.0154,-0.0071,0.0263,0.5937,0.3724
1629,1.629,0.0111,-0.0242,-0.009,0.029,0.4922,0.3148
1630,1.63,0.0153,-0.0093,-0.0033,0.0118,0.3995,0.2621
1631,1.631,0.0145,0.0008,-0.0014,-0.0129,0.8254,0.5984
1632,1.632,0.0124,-0.0047,-0.0058,-0.0227,1.6771,0.9918
1633,1.633,0.0066,0.0071,-0.0015,-0.0138,0.8846,0.516
1634,1.634,0.0028,0.0026,-0.0025,-0.0275,-0.0449,-0.0613
1635,1.635,-0.0037,0.0066,-0.0079,-0.0599,-0.4215,-0.2953
1636,1.636,-0.0063,0.0054,-0.0066,-0.0467,-0.5367,-0.2264
1637,1.637,-0.0057,0.0064,-0.0056,-0.0189,-0.4351,-0.2913
1638,1.638,-0.0037,0.0034,-0.0028,-0.0009,-0.5295,-0.234
1639,1.639,-0.0043,0.0042,-0.0031,0.0023,-0.4451,-0.3927
1640,1.64,-0.0071,0.0034,-0.0035,0.0051,-1.6061,-1.0176
1641,1.641,-0.0035,0.0027,-0.0037,0.0078,-1.4411,-0.7628
1642,1.642,0.0016,-0.0008,-0.0051,0.015,-0.3834,-0.0652
1643,1.643,-0.0032,0.0049,-0.0043,0.0038,0.3055,0.2172
1644,1.644,-0.0026,0.0027,-0.0009,0.0058,0.4328,0.3034
1645,1.645,-0.0008,-0.0051,-0.007,0.0151,0.5473,0.3815
1646,1.646,-0.0022,-0.0082,-0.0021,0.0269,0.6511,0.3119
1647,1.647,-0.0009,-0.0017,0.0008,0.0284,0.3713,0.2482
1648,1.648,-0.0072,0.0008,0.0005,0.0242,1.308,0.7712
1649,1.649,-0.0006,0.0001,-0.004,0.0204,1.6825,0.8419
1650,1.65,-0.0047,0.0008,-0.0019,0.0055,0.662,0.2656
1651,1.651,-0.0024,0.0024,-0.0056,-0.0131,-0.3006,-0.1231
1652,1.652,-0.0017,0.0029,-0.0036,-0.0305,-0.4279,-0.195
1653,1.653,0.0015,0.0014,-0.001,-0.0328,-0.5427,-0.2599
1654,1.654,0.0033,0.0001,-0.0003,-0.0187,-0.4412,-0.3186
1655,1.655,0.0018,0.0065,-0.0024,-0.0132,-0.3484,-0.2663
1656,1.656,0.0079,0.0038,0.0026,-0.0014,-0.7744,-0.6027
1657,1.657,0.002,0.0062,-0.0039,-0.0119,-1.781,-1.0836
1658,1.658,-0.0002,0.004,-0.0081,-0.0244,-1.0957,-0.5081
1659,1.659,-0.0037,-0.0053,-0.0034,-0.0091,0.0287,0.0355
1660,1.66,-0.0006,-0.0066,-0.0068,0.0094,0.4843,0.2481
1661,1.661,-0.0034,-0.0034,-0.0071,0.0117,0.3494,0.3132
1662,1.662,-0.0009,-0.0087,-0.0025,0.0183,0.4752,0.3722
1663,1.663,0.0003,-0.0042,-0.0027,0.0245,0.5893,0.2145
1664,1.664,-0.0035,-0.0051,-0.0009,0.0115,0.4872,0.359
1665,1.665,0.0033,-0.003,0.0006,0.0098,1.5174,1.0145
1666,1.666,-0.0012,-0.005,0.0005,0.0114,1.3813,0.7343
1667,1.667,-0.002,-0.0046,0.0033,0.0211,0.258,0.1374
1668,1.668,0.0002,-0.0018,0.0018,0.0325,-0.1972,-0.2511
1669,1.669,0.0051,0.0007,-0.0011,0.0281,-0.3367,-0.3225
1670,1.67,0.0057,-0.0005,0.0009,0.0186,-0.4625,-0.259
1671,1.671,0.0086,0.0015,-0.0042,0.0224,-0.5768,-0.3174
1672,1.672,0.0061,0.0018,-0.0062,0.0099,-0.2687,-0.2649
1673,1.673,0.0092,0.007,-0.0139,-0.0154,-1.2989,-0.8894
1674,1.674,0.0131,0.0033,-0.0128,-0.0263,-1.7109,-0.9747
1675,1.675,0.0179,0.0039,-0.0154,-0.056,-0.5885,-0.2771
1676,1.676,0.0149,0.0121,-0.0095,-0.052,0.1686,0.1932
1677,1.677,0.0154,0.0043,-0.0057,-0.0339,0.3084,0.28
1678,1.678,0.0119,-0.0009,-0.0077,-0.0568,0.4344,0.3585
1679,1.679,0.0078,-0.0018,-0.006,-0.0539,0.5486,0.2892
1680,1.68,0.0107,0.0042,-0.0065,-0.0238,0.4462,0.2258
1681,1.681,0.0072,0.0005,-0.006,-0.0276,0.7272,0.5167
1682,1.682,0.0041,-0.0015,-0.0048,-0.0023,1.664,0.9928
1683,1.683,0.0002,-0.001,-0.0001,0.0275,1.0409,0.5454
1684,1.684,-0.0033,0.0007,0.0003,0.0313,0.0186,0.0208
1685,1.685,-0.0103,0.0003,0.0008,0.0277,-0.3959,-0.1916
1686,1.686,-0.0134,-0.0008,-0.005,0.0309,-0.5228,-0.2566
1687,1.687,-0.0256,-0.0011,-0.0057,0.022,-0.411,-0.3151
1688,1.688,-0.0307,-0.0046,-0.0037,0.0248,-0.515,-0.2628
1689,1.689,-0.0353,-0.0015,-0.0055,0.0176,-0.4222,-0.3108
1690,1.69,-0.0394,-0.0044,-0.0027,0.0199,-1.6994,-0.966
1691,1.691,-0.0332,0.0014,-0.0085,0.0015,-1.518,-0.6855
1692,1.692,-0.0254,-0.0045,-0.0064,-0.0257,-0.3553,-0.0884
1693,1.693,-0.0224,-0.0023,-0.01,-0.0003,0.4017,0.1458
1694,1.694,-0.014,-0.0016,-0.0096,0.0228,0.5412,0.2174
1695,1.695,-0.0084,0.0001,-0.008,0.02,0.4181,0.2823
1696,1.696,-0.0095,-0.0003,-0.0076,0.0228,0.5324,0.3411
1697,1.697,-0.005,-0.0008,-0.0064,0.0352,0.4302,0.1831
1698,1.698,0.0045,0.0062,-0.0085,0.0419,1.2728,0.8079
1699,1.699,0.0082,0.0072,-0.0068,0.0359,1.6132,0.8935
1700,1.7,0.0137,0.0045,-0.0029,0.0342,0.6854,0.3512
1701,1.701,0.0083,0.0063,-0.0062,0.0283,-0.1574,-0.1553
1702,1.702,0.0113,0.0072,-0.0089,0.0131,-0.2849,-0.227
1703,1.703,0.0177,0.0079,-0.012,-0.0054,-0.4001,-0.2918
1704,1.704,0.0185,0.0086,-0.0133,-0.0426,-0.5043,-0.3505
1705,1.705,0.0237,0.0128,-0.013,-0.0692,-0.4116,-0.1926
1706,1.706,0.013,0.0041,-0.0078,-0.0836,-0.8378,-0.529
1707,1.707,0.0053,0.0029,0.0036,-0.0528,-1.8446,-1.0973
1708,1.708,0.0012,0.004,0.0086,-0.0248,-1.1597,-0.5556
1709,1.709,0.0024,0.001,0.0161,-0.014,-0.0356,0.0792
1710,1.71,0.0079,0.0019,0.0174,-0.0438,0.4197,0.1662
1711,1.711,-0.0037,0.0028,0.0162,-0.0399,0.5586,0.2446
1712,1.712,-0.0052,-0.0009,0.0151,-0.029,0.4349,0.3154
1713,1.713,-0.0012,0.0055,0.0078,-0.0126,0.549,0.2521
1714,1.714,0.0101,0.0081,0.0142,0.0082,0.4467,0.3103
1715,1.715,0.0115,0.0029,0.0254,0.0219,1.4765,0.9973
1716,1.716,0.0101,-0.0035,0.036,0.0147,1.34,0.7168
1717,1.717,0.0013,-0.0077,0.0319,0.0035,0.4659,0.1197
1718,1.718,-0.0065,-0.0146,0.013,0.0219,-0.3303,-0.2691
1719,1.719,-0.0013,-0.0043,0.0103,0.0442,-0.4359,-0.2003
1720,1.72,-0.0005,-0.0056,0.0079,0.0471,-0.531,-0.2651
1721,1.721,0.0003,-0.0067,0.0057,0.0443,-0.4473,-0.3238
1722,1.722,0.0025,0.0011,0.0037,0.0319,-0.3709,-0.2716
1723,1.723,0.0018,0.0021,0.0056,0.0116,-1.2855,-0.8963
1724,1.724,0.0034,-0.0006,-0.0062,-0.0022,-1.6604,-0.982
1725,1.725,0.0017,0.0003,-0.0077,-0.0096,-0.6405,-0.285
1726,1.726,-0.0061,-0.005,-0.0117,-0.0209,0.3221,0.1851
1727,1.727,-0.0094,-0.0156,-0.0053,-0.0189,0.4493,0.2719
1728,1.728,-0.0041,-0.0263,0.0003,-0.0245,0.5639,0.3502
1729,1.729,-0.0015,-0.0166,0.0014,-0.0161,0.4621,0.2808
1730,1.73,0.0044,-0.0079,0.0007,0.0068,0.3692,0.2174
1731,1.731,0.0022,-0.0001,0.0017,0.0166,0.7949,0.508
1732,1.732,0.007,-0.0116,-0.0004,0.0078,1.6463,1.0894
1733,1.733,0.0087,-0.0162,0.0018,0.0269,1.08,0.5478
1734,1.734,0.0092,-0.0176,-0.005,0.0246,0.1504,0.0541
1735,1.735,0.0056,-0.0062,-0.0094,0.0134,-0.4759,-0.2672
1736,1.736,-0.0013,0.0044,-0.0067,-0.0173,-0.365,-0.2103
1737,1.737,0.0017,0.0057,-0.0028,-0.0306,-0.4694,-0.3694
1738,1.738,0.0008,0.012,-0.0033,-0.0268,-0.5639,-0.3219
1739,1.739,0.0051,0.0129,-0.0001,-0.0161,-0.4795,-0.2784
1740,1.74,-0.0018,0.0182,0.0042,0.0068,-1.6407,-0.874
1741,1.741,0.0028,0.0117,0.0008,0.0154,-1.4761,-0.7893
1742,1.742,-0.0031,0.0091,-0.0059,-0.0094,-0.4188,-0.0915
1743,1.743,-0.01,0.0006,-0.0088,-0.0394,0.2698,0.1914
1744,1.744,-0.0072,0.0062,-0.0094,-0.0276,0.3968,0.2779
1745,1.745,-0.0029,0.0031,-0.0117,-0.0241,0.5112,0.3561
1746,1.746,-0.0007,0.0022,-0.0108,-0.0143,0.6151,0.2865
1747,1.747,-0.0042,-0.002,-0.0056,-0.023,0.335,0.223
1748,1.748,-0.0072,0.0017,-0.0059,-0.0203,1.2715,0.7462
1749,1.749,-0.0066,0.001,0.002,0.007,1.6458,0.9576
1750,1.75,-0.005,0.0026,-0.0008,0.0251,0.6256,0.3816
1751,1.751,-0.0018,0.0043,-0.0033,0.0218,-0.0631,-0.1617
1752,1.752,0.0011,0.0037,-0.0005,0.0187,-0.4396,-0.2335
1753,1.753,-0.0014,0.0059,0.0035,0.0267,-0.5548,-0.2983
1754,1.754,-0.001,0.0019,0.0031,0.0141,-0.4533,-0.3569
1755,1.755,-0.0006,-0.0059,0.0064,0.0073,-0.3607,-0.1989
1756,1.756,0.0002,-0.0027,0.0026,0.0092,-0.7868,-0.5352
1757,1.757,-0.0015,-0.0058,0.0013,0.0072,-1.7934,-1.1033
1758,1.758,0.0022,0.0006,0.0028,0.0088,-1.1084,-0.5616
1759,1.759,0.0017,-0.002,-0.0025,0.0072,0.0156,0.0732
1760,1.76,0.0021,-0.0027,-0.0016,0.0058,0.471,0.3304
1761,1.761,0.0049,-0.0007,-0.0006,-0.0006,0.3361,0.2543
1762,1.762,0.0031,0.0023,0.0001,-0.0039,0.462,0.3253
1763,1.763,-0.0001,0.0018,-0.0037,-0.001,0.5761,0.262
1764,1.764,0.0003,0.0044,0.0043,-0.0002,0.4737,0.3204
1765,1.765,-0.0039,0.0013,0.0055,-0.0027,1.5038,1.0074
1766,1.766,-0.0034,0.0001,0.0046,-0.0006,1.3676,0.7272
1767,1.767,-0.0018,-0.0024,-0.0017,-0,0.4938,0.1302
1768,1.768,0.0024,0.0014,0.001,-0.0006,-0.3019,-0.2583
1769,1.769,0.0019,0.0029,0.0018,-0.0022,-0.4072,-0.1895
1770,1.77,0.0024,0.0041,0.0013,-0.0047,-0.5022,-0.2542
1771,1.771,0.0012,0.0029,-0.0044,0.0004,-0.5884,-0.3126
1772,1.772,0.0032,0.0054,0.0027,0.0025,-0.3569,-0.2601
1773,1.773,-0.0011,0.0037,-0.0018,0.0009,-1.1306,-0.7887
1774,1.774,-0.0028,-0.0013,-0.0061,-0.008,-1.6463,-0.9999
1775,1.775,0.0008,0.0022,-0.0008,-0.0169,-0.803,-0.4237
1776,1.776,0.003,0.0006,-0.0029,-0.0044,0.2198,0.1202
1777,1.777,0.0009,0.0022,-0.0024,0.0007,0.36,0.1922
1778,1.778,0.0006,-0.0025,-0.0029,0.0023,0.4865,0.2572
1779,1.779,-0.0004,-0.0008,-0.0024,0.001,0.601,0.316
1780,1.78,-0.0014,-0.0003,-0.0036,-0.0001,0.499,0.2637
1781,1.781,-0.004,0.0023,-0.0007,0.0033,0.7801,0.504
1782,1.782,-0.0023,-0.0027,-0.0043,0.0107,1.7171,0.9848
1783,1.783,-0.0074,-0.0006,-0.0033,0.0116,1.0944,0.5373
1784,1.784,-0.0081,0.0025,-0.0046,0.023,0.0726,0.0126
1785,1.785,-0.0098,-0.0016,0.001,0.0247,-0.3414,-0.2
1786,1.786,-0.0081,0.002,-0.0016,0.0318,-0.4679,-0.2654
1787,1.787,-0.0106,-0.0021,-0.0024,0.0357,-0.582,-0.3243
1788,1.788,-0.0076,-0.0015,-0.0033,0.0279,-0.4798,-0.2724
1789,1.789,-0.0072,0.0043,-0.0029,0.0165,-0.3868,-0.321
1790,1.79,-0.0014,-0.0055,-0.0072,0.0026,-1.6637,-0.9764
1791,1.791,0.0029,0.0042,-0.0121,-0.0105,-1.4821,-0.8834
1792,1.792,0.0051,0.0031,-0.0154,-0.0291,-0.3192,-0.1162
1793,1.793,0.0072,0.0041,-0.0197,-0.0563,0.438,0.1944
1794,1.794,0.013,0.0011,-0.0121,-0.0744,0.3038,0.2893
1795,1.795,0.0108,0.0003,-0.0114,-0.0712,0.4301,0.3751
1796,1.796,0.0102,-0.0022,-0.0064,-0.074,0.5449,0.2983
1797,1.797,0.0033,-0.0028,-0.0002,-0.0382,0.4429,0.2282
1798,1.798,-0.0031,0.0036,0.0004,0.0057,1.0987,0.8037
1799,1.799,-0.0022,-0.0006,-0.0068,0.0352,1.6954,0.8813
1800,1.8,0.0016,0.0016,-0.0062,0.0514,0.689,0.3886
1801,1.801,0.0065,0.0093,-0.0039,0.0565,0.0007,-0.0608
1802,1.802,0.0052,0.0002,-0.0062,0.0494,-0.363,-0.2445
1803,1.803,0.0022,-0.0008,-0.0148,0.0278,-0.4893,-0.3036
1804,1.804,0.0052,-0.0054,-0.0161,-0.008,-0.6035,-0.3572
1805,1.805,0.0087,0.0005,-0.0194,-0.0125,-0.5012,-0.2137
1806,1.806,0.0138,-0.0032,-0.0093,0.0098,-0.7823,-0.5197
1807,1.807,0.0203,-0.0053,-0.0109,0.0219,-1.7191,-1.0362
1808,1.808,0.0075,-0.0083,-0.0075,0.0329,-1.0966,-0.5443
1809,1.809,-0.0018,-0.0043,-0.0088,0.0299,-0.0744,0.0329
1810,1.81,-0.0068,-0.01,-0.006,0.0152,0.3404,0.2669
1811,1.811,-0.0113,-0.0153,0.0001,0.0234,0.4674,0.3383
1812,1.812,-0.0126,-0.0188,0.0076,0.0163,0.5817,0.2749
1813,1.813,-0.0163,-0.0106,0.0146,0.0098,0.4801,0.3335
1814,1.814,-0.0153,-0.0003,0.0228,0.0283,0.3874,0.2809
1815,1.815,-0.01,0.0038,0.0216,0.0407,1.4943,1.0018
1816,1.816,-0.0015,0.0151,0.0076,0.0072,1.3445,0.6935
1817,1.817,-0.0025,0.0135,-0.0094,-0.0655,0.3832,0.2242
1818,1.818,0.0113,0.0149,-0.0119,-0.0758,-0.2428,-0.2034
1819,1.819,0.0318,0.0086,-0.006,-0.0284,-0.3586,-0.2822
1820,1.82,0.0291,-0.0018,-0.0044,-0.0369,-0.4631,-0.3533
1821,1.821,0.0218,-0.0032,0.014,-0.0135,-0.558,-0.29
1822,1.822,0.0063,-0.0044,0.0261,0.022,-0.3034,-0.2325
1823,1.823,-0.0079,-0.0012,0.0281,0.0156,-1.155,-0.8136
1824,1.824,-0.0135,0.004,0.0178,-0.0018,-1.7221,-1.0464
1825,1.825,-0.0186,0.0104,-0.0029,-0.0177,-0.7948,-0.4128
1826,1.826,-0.017,0.0078,-0.0112,-0.0419,0.0804,0.185
1827,1.827,-0.0045,0.0056,-0.0041,-0.0376,0.4231,0.264
1828,1.828,0.004,-0.0051,0.0024,-0.0494,0.5277,0.3352
1829,1.829,0.0146,-0.019,0.0043,-0.0386,0.6225,0.4
1830,1.83,0.0216,-0.0172,0.0172,-0.0156,0.3681,0.2263
1831,1.831,0.0102,-0.0054,0.0323,0.0051,0.7553,0.4907
1832,1.832,-0.0005,0.0022,0.0261,-0.0306,1.6699,1.0195
1833,1.833,-0.0157,0.0062,0.0093,-0.026,1.047,0.6682
1834,1.834,-0.0137,-0.0052,-0.0019,-0.0393,0.025,0.0912
1835,1.835,-0.0193,-0.0098,0.0042,0.0128,-0.3893,-0.1427
1836,1.836,-0.0176,-0.0139,0.0097,0.0482,-0.5162,-0.214
1837,1.837,-0.0192,-0.0152,0.008,0.0804,-0.4047,-0.2786
1838,1.838,-0.0233,-0.0097,0.0126,0.086,-0.5088,-0.337
1839,1.839,-0.0245,-0.0087,0.0167,0.091,-0.4161,-0.2845
1840,1.84,-0.0142,0.0016,0.013,0.057,-1.523,-1.0052
1841,1.841,-0.0073,0.0111,0.012,0.0347,-1.3734,-0.9028
1842,1.842,-0.0085,0.0023,0.0026,0.0305,-0.4124,-0.2464
1843,1.843,-0.0095,0.0101,0.0015,0.0337,0.2139,0.1813
1844,1.844,-0.0022,0.0153,0.0071,-0.0031,0.3296,0.2603
1845,1.845,0.0042,0.0179,-0.0023,-0.0472,0.6395,0.3313
1846,1.846,0.0084,0.0153,-0.0211,-0.1123,0.5469,0.2681
1847,1.847,-0.0001,0.0131,-0.0237,-0.104,0.4623,0.2105
1848,1.848,0.0055,0.0179,-0.0112,-0.0652,1.159,0.6862
1849,1.849,0.0044,0.0148,-0.0132,-0.0725,1.6277,0.8786
1850,1.85,0.007,0.0059,-0.0191,-0.0918,0.8611,0.355
1851,1.851,0.006,0.0021,-0.0207,-0.0625,-0.0687,-0.1388
1852,1.852,0.0111,-0.0012,-0.012,-0.0253,-0.4452,-0.2044
1853,1.853,0.0174,-0.0003,-0.0041,0.0087,-0.5603,-0.2634
1854,1.854,0.0165,-0.003,-0.0052,-0.0044,-0.4589,-0.3169
1855,1.855,0.0049,-0.0039,-0.0012,-0.0082,-0.3664,-0.2693
1856,1.856,0.0031,-0.0046,0.0046,0.0245,-0.6222,-0.4878
1857,1.857,-0.0016,-0.0067,-0.0004,0.0113,-1.7835,-1.0835
1858,1.858,0.0053,-0.0062,0.0045,0.0391,-1.2864,-0.6579
1859,1.859,0.004,-0.0022,0.0073,0.0498,-0.2283,0.0402
1860,1.86,-0.0039,-0.0017,0.0054,0.0464,0.4606,0.323
1861,1.861,-0.005,-0.0059,0.0063,0.0374,0.3382,0.2392
1862,1.862,-0.0024,-0.0042,0.0024,0.0345,0.4526,0.3173
1863,1.863,-0.0033,0.0035,0.0043,0.027,0.5563,0.2477
1864,1.864,0.0003,0.0004,0.002,0.0246,0.4634,0.312
1865,1.865,0.0023,-0.0069,0.0044,0.0224,1.5702,0.9515
1866,1.866,0.0039,-0.0023,0.0094,0.0241,1.4202,0.867
1867,1.867,0.0067,0.002,0.0039,0.012,0.4591,0.1694
1868,1.868,0.002,0.0014,0.0004,0.0042,-0.1671,-0.113
1869,1.869,0.0036,-0.0022,-0.0043,0.0026,-0.2828,-0.1993
1870,1.87,0.0018,-0.0027,-0.001,0.0063,-0.5931,-0.2772
1871,1.871,-0.0008,-0.001,0.0021,0.0073,-0.5008,-0.3481
1872,1.872,0.0003,-0.0088,-0.0011,0.0104,-0.4166,-0.1566
1873,1.873,-0.0002,-0.0031,-0.0021,0.0114,-1.1133,-0.7959
1874,1.874,-0.0021,-0.002,-0.0083,0.0124,-1.7694,-1.0516
1875,1.875,-0.0046,-0.0027,-0.0035,0.0009,-0.8328,-0.3546
1876,1.876,-0.0022,-0.0068,-0.0008,-0.0111,0.0424,0.1155
1877,1.877,-0.0016,0.0004,-0.0029,-0.0008,0.3851,0.2025
1878,1.878,0.0002,0.0014,-0.0064,0.0002,0.4897,0.2808
1879,1.879,0.0019,0.0006,-0.0069,0.0034,0.5843,0.3518
1880,1.88,0.0022,0.0044,-0.0074,-0.0003,0.5002,0.2884
1881,1.881,0.0001,0.0065,-0.0038,-0.0038,0.7326,0.463
1882,1.882,0.0033,0.0049,-0.0068,-0.0033,1.6474,1.0445
1883,1.883,0.0037,0.0078,-0.0028,-0.001,1.0247,0.6577
1884,1.884,0.0041,0.0042,-0.0063,-0.0004,0.2294,0.0233
1885,1.885,-0.0012,0.0045,-0.0113,0.0033,-0.2884,-0.2338
1886,1.886,0.001,0.0084,-0.0033,0.0033,-0.3842,-0.3124
1887,1.887,0.0015,0.0059,-0.0062,0.0067,-0.4708,-0.2428
1888,1.888,0.0009,0.0056,-0.0014,0.0141,-0.5491,-0.3074
1889,1.889,-0.0008,0.0009,0.003,0.0288,-0.4796,-0.2499
1890,1.89,-0.0024,-0.0047,0.0069,0.0558,-1.4389,-0.9368
1891,1.891,-0.0093,-0.0097,0.0091,0.0671,-1.577,-0.8438
1892,1.892,-0.0165,-0.0016,0.0135,0.0772,-0.4542,-0.247
1893,1.893,-0.0138,0.0017,0.0132,0.0747,0.3027,0.2965
1894,1.894,-0.0111,0.0046,0.0055,0.0395,0.4422,0.2279
1895,1.895,-0.0073,0.0126,-0.0092,0.006,0.5681,0.2927
1896,1.896,0.0034,0.0158,-0.0152,-0.0245,0.4562,0.3514
1897,1.897,0.0174,0.0245,-0.0207,-0.0603,0.354,0.1934
1898,1.898,0.0343,0.0257,-0.029,-0.1037,1.0096,0.7221
1899,1.899,0.041,0.0186,-0.0334,-0.1444,1.606,0.9333
1900,1.9,0.0309,0.0085,-0.0237,-0.1494,0.7541,0.4852
1901,1.901,0.0143,0.0046,-0.0224,-0.1735,-0.0418,-0.1559
1902,1.902,0.0078,-0.0116,-0.0191,-0.1426,-0.3535,-0.2426
1903,1.903,-0.0063,-0.0126,-0.0117,-0.0734,-0.4613,-0.2873
1904,1.904,-0.0082,-0.019,-0.0021,-0.0211,-0.5566,-0.3652
1905,1.905,-0.0063,-0.0087,0.0017,0.0287,-0.4727,-0.2954
1906,1.906,-0.0045,-0.003,0.005,0.0482,-0.7055,-0.4874
1907,1.907,-0.0059,-0.0011,0.0041,0.0658,-1.7612,-1.0108
1908,1.908,-0.0099,-0.0056,0.0146,0.0609,-1.3098,-0.6595
1909,1.909,-0.0036,-0.0041,0.0244,0.066,-0.0742,-0.0825
1910,1.91,-0.0068,-0.0002,0.0359,0.0707,0.4259,0.3064
1911,1.911,-0.014,0.0009,0.0437,0.075,0.5788,0.2376
1912,1.912,-0.0132,-0.0126,0.0342,0.0572,0.4428,0.3021
1913,1.913,-0.0123,-0.0181,0.018,0.0477,0.5681,0.2447
1914,1.914,-0.0085,-0.0061,0.0069,0.0331,0.4553,0.2978
1915,1.915,-0.0078,0.0016,0.0051,0.0253,1.3821,0.9224
1916,1.916,0.0017,0.0114,-0.0041,0.0083,1.5073,0.6675
1917,1.917,0.0143,0.0152,-0.0022,0.0063,0.4861,0.1247
1918,1.918,0.0228,0.0231,-0.0096,-0.0241,-0.2028,-0.2288
1919,1.919,0.0244,0.0138,-0.0164,-0.0813,-0.3303,-0.1665
1920,1.92,0.0175,0,-0.0125,-0.0734,-0.4452,-0.2255
1921,1.921,0.0138,-0.0092,-0.0021,-0.0521,-0.5496,-0.279
1922,1.922,0.0035,-0.0277,0.0022,-0.0456,-0.4571,-0.2316
1923,1.923,-0.0173,-0.05,0.0187,0.0309,-1.0534,-0.7121
1924,1.924,-0.0321,-0.0707,0.0344,0.1248,-1.751,-1.0325
1925,1.925,-0.0348,-0.0569,0.0488,0.1879,-0.9083,-0.393
1926,1.926,-0.0372,-0.0196,0.0545,0.2223,0.1139,0.2046
1927,1.927,-0.0438,0.0177,0.0665,0.2326,0.5279,0.2836
1928,1.928,-0.0499,0.0321,0.0652,0.223,0.4052,0.3546
1929,1.929,-0.0554,0.0366,0.0445,0.1452,0.5195,0.2913
1930,1.93,-0.0469,0.0566,0.0117,0.0511,0.4175,0.2337
1931,1.931,-0.0239,0.0674,-0.0102,-0.0374,0.6985,0.4979
1932,1.932,0.0191,0.0706,-0.038,-0.0952,1.6351,1.0264
1933,1.933,0.06,0.0678,-0.056,-0.2519,1.0124,0.6749
1934,1.934,0.076,0.043,-0.0722,-0.3642,0.2169,0.0977
1935,1.935,0.1001,0.0132,-0.0929,-0.3441,-0.3011,-0.2912
1936,1.936,0.0781,-0.0148,-0.0736,-0.2888,-0.397,-0.2224
1937,1.937,0.0341,-0.0257,-0.0511,-0.2048,-0.4837,-0.2873
1938,1.938,0.0283,-0.0488,-0.0301,-0.1284,-0.5624,-0.346
1939,1.939,0.0017,-0.082,-0.0272,-0.0589,-0.3525,-0.2936
1940,1.94,-0.0225,-0.0953,-0.0147,0.0042,-1.3121,-0.9184
1941,1.941,-0.027,-0.0675,-0.0033,-0.0534,-1.45,-0.8339
1942,1.942,-0.0309,-0.0203,-0.0011,-0.0432,-0.5767,-0.2914
1943,1.943,-0.0274,-0.0012,-0.0028,0.023,0.2193,0.2025
1944,1.944,-0.0242,0.0043,0.0024,0.0314,0.3247,0.2679
1945,1.945,-0.0214,-0.0011,0.0071,0.0544,0.4199,0.3267
1946,1.946,-0.0133,-0.006,0.0086,0.0612,0.5063,0.2746
1947,1.947,-0.006,-0.0107,0.0124,0.0802,0.4298,0.2269
1948,1.948,-0.0083,-0.0148,0.0158,0.1207,1.0631,0.7074
1949,1.949,-0.0103,-0.0186,0.0169,0.1469,1.6596,1.0276
1950,1.95,-0.0084,-0.0221,0.0255,0.1513,0.8081,0.3878
1951,1.951,-0.0068,0.0047,0.0266,0.1377,0.0124,-0.0394
1952,1.952,-0.0083,0.0152,0.032,0.1255,-0.2992,-0.2733
1953,1.953,-0.0043,0.018,0.0257,0.0923,-0.3943,-0.3446
1954,1.954,-0.0032,0.0206,0.0216,0.0523,-0.4806,-0.2813
1955,1.955,0.0024,0.0229,0.0102,0.0041,-0.4042,-0.2238
1956,1.956,0.0096,0.0249,-0.0049,-0.0413,-0.6153,-0.488
1957,1.957,0.0087,0.0133,-0.0273,-0.0707,-1.5748,-1.0167
1958,1.958,0.0146,0.0068,-0.0243,-0.0761,-1.1642,-0.6653
1959,1.959,0.0245,0.0083,-0.0161,-0.0617,-0.2895,-0.0882
1960,1.96,0.0231,-0.0006,-0.0087,-0.0662,0.2803,0.3006
1961,1.961,0.0117,0.0005,-0.0063,-0.0623,0.3856,0.2318
1962,1.962,0.004,0.0014,-0.0042,-0.066,0.4805,0.2965
1963,1.963,-0.003,-0.0002,-0.0023,-0.0563,0.5668,0.3553
1964,1.964,-0.0019,-0.0016,-0.0039,-0.0114,0.3355,0.303
1965,1.965,-0.0052,-0.0051,-0.0054,-0.0051,1.3906,0.9279
1966,1.966,-0.0062,-0.0082,0.0015,0.0121,1.5424,0.8434
1967,1.967,-0.0071,-0.0061,-0.0023,0.0279,0.5815,0.3007
1968,1.968,-0.0079,-0.0058,0.0033,0.0229,-0.2938,-0.1932
1969,1.969,-0.0058,-0.0042,0.0042,0.0447,-0.4096,-0.2584
1970,1.97,0.0006,-0.0051,0.005,0.0326,-0.5139,-0.3168
1971,1.971,0.0031,-0.0073,0.0041,0.0288,-0.6086,-0.37
1972,1.972,0.0068,-0.0072,0.0062,0.032,-0.3541,-0.2261
1973,1.973,0.0003,-0.0146,0.0055,0.0407,-1.0508,-0.7066
1974,1.974,0.0027,-0.0077,0.0049,0.038,-1.7069,-1.0267
1975,1.975,0.0064,-0.0073,0.002,0.0308,-0.9405,-0.5033
1976,1.976,-0.0015,-0.0085,0.0035,0.0375,-0.0105,0.1317
1977,1.977,-0.0026,-0.011,0.0104,0.0478,0.3662,0.2187
1978,1.978,-0.0091,-0.0064,0.0113,0.0499,0.4813,0.2972
1979,1.979,-0.0082,-0.0024,0.0139,0.055,0.5852,0.3681
1980,1.98,-0.0135,0.0038,0.0146,0.0503,0.4927,0.3047
1981,1.981,-0.0086,0.001,0.0092,0.032,0.5783,0.4792
1982,1.982,-0.0017,0.0045,0.0025,0.0145,1.7397,1.0607
1983,1.983,0.0011,0.0136,-0.0106,-0.0105,1.2426,0.6741
1984,1.984,0.0071,0.0197,-0.0164,-0.0539,0.1847,0.0396
1985,1.985,0.0141,0.0139,-0.0183,-0.0835,-0.2295,-0.2174
1986,1.986,0.0133,0.0146,-0.0171,-0.121,-0.3561,-0.2962
1987,1.987,0.0125,0.0136,-0.0186,-0.1164,-0.4705,-0.3671
1988,1.988,0.0131,0.0056,-0.01,-0.0943,-0.5743,-0.3037
1989,1.989,0.0052,0.0025,-0.0023,-0.0501,-0.4812,-0.246
1990,1.99,0.0021,0.0015,-0.0055,-0.0089,-1.4177,-0.9329
1991,1.991,-0.0064,0.0005,-0.0029,0.0181,-1.5429,-0.8399
1992,1.992,-0.0009,0.0042,-0.0005,0.0328,-0.522,-0.2431
1993,1.993,-0.002,0.0036,0.0016,0.0376,0.1665,0.1455
1994,1.994,-0.0048,0.0042,-0.0021,0.0262,0.2939,0.2172
1995,1.995,-0.004,0.0119,-0.0017,0.0231,0.4085,0.2819
1996,1.996,-0.0063,0.009,-0.0106,0.0138,0.5124,0.3404
1997,1.997,-0.007,0.0119,-0.0069,0.0171,0.4195,0.1823
1998,1.998,-0.004,0.0079,-0.0015,0.0148,1.0157,0.7108
1999,1.999,-0.0104,0.0075,0.0015,0.0324,1.7129,0.9218
2000,2,-0.0095,0.0098,0.0098,0.0483,0.8702,0.4738
2001,2.001,-0.0165,0.0059,0.0065,0.0507,-0.1521,-0.0513
2002,2.002,-0.0156,0.0079,0.0012,0.0528,-0.2919,-0.264
2003,2.003,-0.0165,0.0161,0.0002,0.0344,-0.4181,-0.3291
2004,2.004,-0.0122,0.0209,0.0012,0.0257,-0.5355,-0.3184
2005,2.005,-0.0007,0.0224,-0.0031,0.0135,-0.4233,-0.261
2006,2.006,0.0044,0.0198,-0.0055,-0.0202,-0.5267,-0.4197
2007,2.007,-0.0002,0.0248,-0.0105,-0.0639,-1.7444,-1.0447
2008,2.008,-0.0015,0.0194,-0.019,-0.0697,-1.2477,-0.6195
2009,2.009,0.0175,0.0236,-0.0135,-0.0749,-0.1898,-0.0765
2010,2.01,0.0366,0.0163,-0.0022,-0.0411,0.4985,0.2768
2011,2.011,0.039,0.0054,-0.0099,-0.0103,0.3764,0.214
2012,2.012,0.0144,-0.0017,-0.0004,-0.0543,0.4909,0.2724
2013,2.013,-0.0086,0.0029,0.0158,-0.0134,0.5946,0.3257
2014,2.014,-0.0115,0.0098,0.0223,0.0025,0.3142,0.2778
2015,2.015,-0.0087,0.0114,0.0079,-0.012,1.421,0.9329
2016,2.016,-0.0014,0.011,0.0133,0.0278,1.5724,0.8395
2017,2.017,0.0053,0.0052,0.0148,0.0225,0.6117,0.2425
2018,2.018,0.0033,0.0118,0.0162,0.0271,-0.2633,-0.3011
2019,2.019,0.0016,0.0177,0.012,-0.0038,-0.3794,-0.2328
2020,2.02,0.0101,0.0077,0.013,-0.0317,-0.4839,-0.2979
2021,2.021,0.0056,0.0038,0.0026,-0.0211,-0.5788,-0.2409
2022,2.022,0.0017,0.003,-0.0072,-0.031,-0.3245,-0.189
2023,2.023,0.0029,-0.0077,-0.0111,-0.0103,-1.0213,-0.6218
2024,2.024,0.004,-0.0055,-0.0034,-0.0076,-1.8646,-1.0292
2025,2.025,0.0071,-0.0063,-0.0025,-0.0448,-0.8449,-0.4482
2026,2.026,-0.0013,-0.0094,0.002,-0.0606,0.1175,0.095
2027,2.027,-0.009,-0.0098,0.0131,0.0027,0.4943,0.3074
2028,2.028,-0.0078,-0.0081,0.0115,0.0289,0.3831,0.2443
2029,2.029,-0.0051,-0.0067,0.0075,0.0368,0.4872,0.3029
2030,2.03,-0.0025,-0.0086,0.0087,0.0156,0.3945,0.2504
2031,2.031,-0.0032,-0.0058,0.012,0.048,0.6504,0.3946
2032,2.032,-0.0025,-0.0102,0.011,0.0539,1.6567,1.0498
2033,2.033,-0.0042,-0.0013,0.0102,0.0489,1.246,0.5818
2034,2.034,0.0034,-0.004,0.0128,0.0537,0.1224,0.1545
2035,2.035,0.013,-0.013,0.0076,0.0317,-0.3331,-0.2346
2036,2.036,0.0068,-0.0289,-0.0001,-0.0122,-0.4722,-0.3064
2037,2.037,0.0013,-0.0307,-0.0031,-0.0065,-0.5982,-0.3714
2038,2.038,-0.0039,-0.0161,-0.0003,-0.0012,-0.4863,-0.3142
2039,2.039,-0.0047,0.0011,0.0006,-0.006,-0.3842,-0.262
2040,2.04,0.0065,-0.0052,-0.0015,-0.0103,-1.4144,-0.8869
2041,2.041,0.0081,-0.0029,-0.0007,-0.0302,-1.5522,-0.8026
2042,2.042,0.0041,-0.0007,-0.0048,-0.0482,-0.6787,-0.2602
2043,2.043,0.003,-0.0157,-0.0052,-0.0579,0.344,0.2338
2044,2.044,-0.0002,-0.0135,-0.0108,-0.0429,0.4836,0.2991
2045,2.045,-0.0032,-0.0152,-0.0144,-0.0017,0.6097,0.3578
2046,2.046,-0.004,-0.0201,-0.0094,0.0157,0.4979,0.3055
2047,2.047,-0.0099,-0.0185,-0.0098,-0.0001,0.3961,0.2576
2048,2.048,-0.0092,-0.0225,-0.0033,0.0046,0.8648,0.6508
2049,2.049,-0.0043,-0.0112,-0.0075,0.009,1.6317,1.0207
2050,2.05,-0,-0.0066,-0.0067,-0.0029,0.9113,0.4918
2051,2.051,0.0005,-0.0081,-0.0017,0.0079,-0.1211,-0.1431
2052,2.052,0.002,-0.0119,-0.0011,0.0177,-0.2609,-0.23
2053,2.053,0.0031,-0.0088,-0.0039,0.0148,-0.387,-0.3086
2054,2.054,0.0051,-0.01,-0.0023,0.0175,-0.5011,-0.3797
2055,2.055,0,-0.011,-0.0026,0.0247,-0.3989,-0.3164
2056,2.056,-0.0007,-0.0104,-0.0081,0.0224,-0.4928,-0.3748
2057,2.057,-0.0012,-0.0145,-0.0042,0.0162,-1.7697,-1.0619
2058,2.058,-0.0065,-0.0197,0.0009,0.0179,-1.2229,-0.7814
2059,2.059,-0.0072,-0.0231,0.0094,0.0127,-0.3913,-0.0138
2060,2.06,-0.0068,-0.0147,0.02,0.0264,0.366,0.2969
2061,2.061,-0.0074,-0.0115,0.0243,0.0468,0.5057,0.2046
2062,2.062,-0.0027,-0.0109,0.0308,0.0605,0.6317,0.2904
2063,2.063,-0.0111,-0.0167,0.0279,0.058,0.5198,0.3683
2064,2.064,-0.0189,-0.0164,0.0251,0.0377,0.4177,0.2986
2065,2.065,-0.0262,-0.0092,0.0245,0.0568,1.2607,0.8742
2066,2.066,-0.0288,-0.0025,0.0222,0.0591,1.3749,0.7974
2067,2.067,-0.0279,-0.0022,0.0108,0.0298,0.6535,0.3044
2068,2.068,-0.0178,0.0014,0.0025,0.0099,-0.192,-0.1452
2069,2.069,-0.0025,0.0077,0.0071,0.0279,-0.3078,-0.2048
2070,2.07,-0.0003,0.0098,0.0113,0.0115,-0.4121,-0.2582
2071,2.071,0.0128,0.0133,0.0102,-0.0216,-0.5068,-0.3066
2072,2.072,0.0247,0.0148,-0.0047,-0.0879,-0.4226,-0.2632
2073,2.073,0.0141,0.0219,-0.0067,-0.0785,-0.9644,-0.6206
2074,2.074,0.0101,0.0097,-0.0048,-0.1562,-1.7385,-1.0533
2075,2.075,-0.0088,-0.0017,-0.0268,-0.2292,-1.0177,-0.5301
2076,2.076,-0.0279,-0.0037,-0.0356,-0.1629,0.0152,0.1047
2077,2.077,0.0093,0.0043,-0.0438,-0.0681,0.4298,0.1916
2078,2.078,0.0465,-0.0135,-0.0461,-0.0305,0.5566,0.2702
2079,2.079,0.0609,-0.0118,-0.0574,-0.042,0.4447,0.3412
2080,2.08,0.0477,-0.0059,-0.0473,-0.0942,0.5485,0.2778
2081,2.081,0.0198,0.0076,-0.0343,-0.0848,0.6427,0.3362
2082,2.082,0.0018,0.0088,-0.0192,-0.0245,1.5795,1.0233
2083,2.083,-0.008,0.0031,-0.0051,0.0144,1.2065,0.7429
2084,2.084,-0.0051,0.004,0.004,0.0355,0.1851,0.1457
2085,2.085,-0.0078,0.002,0.0056,0.0546,-0.2291,-0.243
2086,2.086,-0.0101,0.0051,0.0069,0.0368,-0.3559,-0.3144
2087,2.087,-0.0122,0.0123,0.0027,0.0631,-0.4704,-0.2512
2088,2.088,-0.0061,0.0045,0.0062,0.0771,-0.5742,-0.3096
2089,2.089,-0.0154,0.0067,0.005,0.0636,-0.4812,-0.2569
2090,2.09,-0.0104,0.007,0.0017,0.0434,-1.4175,-0.8814
2091,2.091,-0.0058,0.0103,0.0007,0.0397,-1.5427,-0.9668
2092,2.092,-0.0018,0.0134,0.0064,0.0363,-0.5219,-0.2692
2093,2.093,-0.0007,0.0124,0.0146,0.0391,0.1669,0.2011
2094,2.094,-0.0018,0.0079,0.0222,0.0364,0.2945,0.2879
2095,2.095,-0.0009,0.007,0.0315,0.0388,0.4097,0.3663
2096,2.096,0.0036,0.0109,0.0301,0.0325,0.5137,0.297
2097,2.097,0.0061,0.0111,0.0221,0.0307,0.4212,0.2335
2098,2.098,0.0097,0.0072,0.0229,0.0216,0.8472,0.6406
2099,2.099,0.0203,0.0139,0.02,0.0167,1.6991,1.0108
2100,2.1,0.0309,0.0064,0.0189,0.0122,0.9063,0.4823
2101,2.101,0.0238,0.0071,0.0208,0.0163,-0.0231,-0.0114
2102,2.102,0.02,0.0044,0.0113,0.0025,-0.3997,-0.2048
2103,2.103,0.0121,0.0049,-0.0079,-0.0143,-0.5145,-0.2638
2104,2.104,0.0151,0.0126,-0.0162,0.0013,-0.4129,-0.3172
2105,2.105,0.0129,0.0156,-0.0378,0.0044,-0.4727,-0.2828
2106,2.106,0.0101,0.0165,-0.0503,0.0105,-0.5667,-0.427
2107,2.107,0.0177,0.023,-0.0661,0.0011,-1.6735,-1.0821
2108,2.108,0.0229,0.0171,-0.0644,-0.0008,-1.2221,-0.8015
2109,2.109,0.0143,0.0102,-0.0627,-0.0057,-0.2602,-0.034
2110,2.11,0.0065,0.013,-0.0613,-0.0047,0.3657,0.2767
2111,2.111,-0.0092,0.0123,-0.0446,-0.0039,0.4815,0.1848
2112,2.112,-0.0384,0.0103,-0.0246,-0.0011,0.5857,0.2707
2113,2.113,-0.0583,0.0069,-0.0111,-0.0131,0.4931,0.3487
2114,2.114,-0.0763,0.0054,0.0109,-0.0151,0.4088,0.2789
2115,2.115,-0.0794,0.0015,0.0256,-0.0196,1.2602,0.8547
2116,2.116,-0.0765,0.0033,0.0445,-0.0161,1.6006,0.9326
2117,2.117,-0.0739,0.0023,0.0466,-0.013,0.6726,0.2988
2118,2.118,-0.0516,-0.0003,0.0309,-0.0096,-0.2026,-0.2988
2119,2.119,-0.031,0.0004,0.0288,-0.0044,-0.3186,-0.3775
2120,2.12,-0.0064,0.006,0.038,-0.0031,-0.423,-0.3081
2121,2.121,0.0099,0.0071,0.0431,-0.0035,-0.5179,-0.2448
2122,2.122,0.0187,0.004,0.0415,0.0003,-0.4338,-0.1871
2123,2.123,0.0268,0.0028,0.0233,-0.0064,-0.976,-0.5568
2124,2.124,0.0244,0.0061,0.0109,0.0003,-1.7503,-0.9896
2125,2.125,0.0221,0.007,0.0131,0.0013,-1.0299,-0.4664
2126,2.126,0.02,0.0044,0.011,-0.0023,0.0026,0.0274
2127,2.127,0.0144,0.0009,0.0166,-0.0014,0.417,0.221
2128,2.128,0.0161,-0.0022,0.0216,0.0072,0.5436,0.2802
2129,2.129,0.0145,0.0013,0.0171,0.0178,0.4318,0.3337
2130,2.13,0.0076,-0.0031,0.0102,0.025,0.5356,0.2863
2131,2.131,0.0064,-0.0109,0.014,0.0415,0.6296,0.4175
2132,2.132,-0.004,-0.016,0.0173,0.0528,1.5663,1.0132
2133,2.133,-0.0055,-0.0083,0.0144,0.0591,1.1932,0.7584
2134,2.134,-0.0044,-0.0013,0.0137,0.0536,0.3981,0.0608
2135,2.135,-0.0055,-0.0101,0.0113,0.0419,-0.3255,-0.2216
2136,2.136,0.0082,-0.0182,0.0062,0.0344,-0.4212,-0.308
2137,2.137,0.025,-0.0097,-0.0043,0.0137,-0.5076,-0.386
2138,2.138,0.0316,0.0026,-0.0056,-0.0311,-0.5858,-0.3162
2139,2.139,0.0337,0.0019,-0.0095,-0.0761,-0.3755,-0.2524
2140,2.14,0.0319,0.0067,-0.0081,-0.0817,-1.3348,-0.8917
2141,2.141,0.0438,-0.004,-0.0068,-0.0974,-1.7468,-0.9772
2142,2.142,0.0332,0.0012,-0.0095,-0.1214,-0.624,-0.2799
2143,2.143,0.0263,0.0088,-0.0137,-0.1079,0.1333,0.1903
2144,2.144,0.0176,0.0082,-0.0211,-0.1677,0.5475,0.2771
2145,2.145,0.005,0.001,-0.0112,-0.176,0.4248,0.3555
2146,2.146,0.0067,-0.0037,-0.0045,-0.0736,0.5395,0.2862
2147,2.147,0.0113,-0.0171,-0.0031,-0.0037,0.4379,0.2228
2148,2.148,0.01,-0.0105,0.0025,0.0343,0.9067,0.6297
2149,2.149,0.0112,-0.0006,0.0074,0.0459,1.6738,0.9999
2150,2.15,0.0081,0.0016,0.0019,0.0771,0.9537,0.4715
2151,2.151,0.0071,0.0067,0.0029,0.0677,-0.0785,-0.0222
2152,2.152,0.008,0.0031,0.004,0.0591,-0.2179,-0.2155
2153,2.153,0.014,-0.0002,0.006,0.0669,-0.344,-0.2745
2154,2.154,0.0133,-0.0007,0.0023,0.0598,-0.4582,-0.3278
2155,2.155,0.0027,-0.0076,0.0042,0.0791,-0.5616,-0.2802
2156,2.156,-0.0142,-0.0118,0.0115,0.1555,-0.4683,-0.3239
2157,2.157,-0.0345,-0.0002,0.0191,0.1867,-1.7451,-0.9195
2158,2.158,-0.0535,-0.0014,0.0202,0.1582,-1.1983,-0.6644
2159,2.159,-0.0658,-0.0107,0.0248,0.1668,-0.3667,-0.1213
2160,2.16,-0.0905,0.0009,0.023,0.1745,0.3908,0.2324
2161,2.161,-0.0937,0.0026,0.0198,0.1531,0.5308,0.2979
2162,2.162,-0.0666,0.0125,0.0197,0.1208,0.408,0.3568
2163,2.163,-0.0412,0.024,0.0114,0.0326,0.5228,0.3049
2164,2.164,0.0017,0.0287,-0.0021,-0.0558,0.421,0.2576
2165,2.165,0.031,0.0248,-0.0296,-0.1824,1.2642,0.8258
2166,2.166,0.079,0.0084,-0.0571,-0.4349,1.605,0.9038
2167,2.167,0.0855,0.0019,-0.0676,-0.471,0.6775,0.2703
2168,2.168,0.0798,-0.0206,-0.0508,-0.307,-0.1974,-0.1569
2169,2.169,0.0427,-0.0477,-0.0416,-0.158,-0.3132,-0.2356
2170,2.17,-0.0008,-0.0512,-0.0332,-0.0769,-0.4174,-0.3067
2171,2.171,-0.0065,-0.0348,-0.0256,-0.0525,-0.512,-0.3712
2172,2.172,-0.0011,0.0101,-0.005,-0.0302,-0.4277,-0.1972
2173,2.173,-0.0057,0.0292,0.0033,-0.01,-0.8149,-0.5668
2174,2.174,-0.0099,0.0233,0.0059,0.0453,-1.7298,-0.9993
2175,2.175,-0.0059,0.0284,0.0126,0.062,-1.1069,-0.476
2176,2.176,-0.0093,0.0234,0.0107,0.0771,-0.0844,0.0181
2177,2.177,-0.006,0.01,0.009,0.1186,0.3301,0.2117
2178,2.178,-0.003,0.0136,0.0074,0.1309,0.457,0.2709
2179,2.179,0.0052,0.0241,0.0121,0.1423,0.5715,0.3245
2180,2.18,0.0029,0.0073,0.0218,0.1109,0.4697,0.2769
2181,2.181,0.0008,-0.0202,0.023,0.1202,0.564,0.321
2182,2.182,-0.0052,-0.046,0.0262,0.1286,1.6712,0.9168
2183,2.183,-0.0107,-0.0694,0.0232,0.1206,1.2197,0.6619
2184,2.184,-0.0191,-0.109,0.0186,0.0848,0.2581,0.1189
2185,2.185,-0.0421,-0.136,0.0177,0.0261,-0.3676,-0.2346
2186,2.186,-0.0518,-0.1318,0.0154,0.0025,-0.4832,-0.3
2187,2.187,-0.0547,-0.1016,0.0047,-0.0332,-0.5874,-0.3588
2188,2.188,-0.03,-0.0421,-0.006,-0.0527,-0.4948,-0.3067
2189,2.189,-0.0136,0.0349,-0.0186,-0.0471,-0.4103,-0.2589
2190,2.19,-0.0048,0.0446,-0.044,-0.1059,-1.2618,-0.8267
2191,2.191,0.0143,0.0345,-0.0622,-0.1138,-1.6024,-0.9044
2192,2.192,0.0315,0.0252,-0.0524,-0.1069,-0.6747,-0.2705
2193,2.193,0.038,0.0168,-0.0496,-0.1654,0.2007,0.1572
2194,2.194,0.0318,0.0233,-0.0416,-0.2202,0.3166,0.2362
2195,2.195,0.0225,0.0162,-0.0294,-0.1136,0.4211,0.3074
2196,2.196,0.0105,0.0097,-0.0002,-0.0067,0.5157,0.3721
2197,2.197,0.0089,0.0143,0.0035,0.0627,0.4312,0.1982
2198,2.198,0.0075,0.0089,0.007,0.0751,0.8184,0.5681
2199,2.199,0.0011,0.0126,0.01,0.0635,1.7333,1.0009
2200,2.2,0.0067,0.0081,0.007,0.0531,0.8611,0.4777
2201,2.201,0.0076,0.0039,0.0095,0.0434,0.0656,-0.0161
2202,2.202,0.003,0.0065,0.0117,0.0517,-0.2464,-0.2097
2203,2.203,0.0021,0.0146,0.0093,0.0437,-0.3422,-0.269
2204,2.204,0.0027,0.0167,0.0071,0.0365,-0.429,-0.3226
2205,2.205,0.0019,0.0088,0.0089,0.0299,-0.5077,-0.2752
2206,2.206,-0.0003,0.0119,0.0059,0.0245,-0.4907,-0.3408
2207,2.207,0.0026,0.0091,0.0041,0.019,-1.5461,-0.9962
2208,2.208,-0.0016,0.0146,0.0086,0.014,-1.3968,-0.7159
2209,2.209,0.0008,0.0121,0.0072,0.0189,-0.4355,-0.119
2210,2.21,0.0004,0.0065,0.0034,0.0059,0.4396,0.2694
2211,2.211,0.0015,0.0074,0.0089,0.0022,0.3285,0.2002
2212,2.212,0.0065,0.0138,0.0161,0.0131,0.4325,0.2649
2213,2.213,0,0.0122,0.0224,0.0099,0.5266,0.3233
2214,2.214,0.0129,0.0085,0.0249,0.0011,0.4418,0.2707
2215,2.215,0.0073,0.0112,0.0133,-0.0017,1.293,0.7989
2216,2.216,-0.0011,0.0062,-0.002,-0.0043,1.6331,0.8694
2217,2.217,0.0036,0.0016,-0.0001,-0.0025,0.7049,0.293
2218,2.218,-0.0004,-0.0102,0.0016,0.0033,-0.1708,-0.096
2219,2.219,0.0033,-0.0089,0.0066,-0.0024,-0.2871,-0.1681
2220,2.22,-0.0022,0.0015,0.0111,0.0062,-0.3922,-0.2333
2221,2.221,-0.0053,0.0081,0.0125,0.008,-0.4873,-0.2923
2222,2.222,-0.0062,0.0091,0.0137,0.0069,-0.4034,-0.2404
2223,2.223,-0.0122,0.0168,0.0147,-0.0042,-0.7913,-0.5771
2224,2.224,-0.0101,0.0157,0.0117,-0.0023,-1.8473,-1.0582
2225,2.225,-0.0066,0.0202,0.0091,-0.006,-1.0941,-0.4828
2226,2.226,-0.0083,0.0177,0.0032,0.0056,-0.1323,0.0602
2227,2.227,-0.0136,0.0155,0.007,0.0229,0.4934,0.2726
2228,2.228,-0.0172,0.0176,0.012,0.0298,0.3817,0.3375
2229,2.229,-0.0167,0.0219,0.0103,0.024,0.4852,0.28
2230,2.23,-0.0115,0.0133,0.0099,0.0261,0.3924,0.2275
2231,2.231,-0.0121,0.0123,0.0105,0.0246,0.4777,0.3716
2232,2.232,-0.0091,0.0135,0.0157,0.0448,1.6383,1.0267
2233,2.233,-0.0015,0.0147,0.0065,0.0422,1.1412,0.746
2234,2.234,0.0015,0.029,0.0003,0.0051,0.385,0.1487
2235,2.235,0.0136,0.0354,-0.0074,-0.0642,-0.304,-0.2402
2236,2.236,0.0255,0.0228,-0.0167,-0.0736,-0.4311,-0.312
2237,2.237,0.0209,0.0147,-0.0305,-0.1168,-0.5462,-0.377
2238,2.238,0.0168,0.0168,-0.0211,-0.0934,-0.445,-0.4358
2239,2.239,0.0206,0.0215,-0.0058,-0.0437,-0.3524,-0.278
2240,2.24,0.0262,0.0134,0.0004,-0.0113,-1.2892,-0.9028
2241,2.241,0.0126,0.0086,-0.0125,-0.0171,-1.6638,-0.9885
2242,2.242,0.007,0.002,-0.004,-0.0118,-0.6434,-0.2915
2243,2.243,0.002,0.0073,0.0068,0.032,0.3191,0.1785
2244,2.244,0.0036,-0.0014,0.011,0.0613,0.4464,0.2651
2245,2.245,-0.006,-0.0094,0.0149,0.0561,0.5612,0.3432
2246,2.246,-0.0173,-0.0118,0.0141,0.0805,0.4593,0.2735
2247,2.247,-0.0279,-0.0121,0.0196,0.1028,0.3663,0.2098
2248,2.248,-0.0154,-0.0253,0.0171,0.0913,0.7923,0.6165
2249,2.249,-0.0171,-0.0266,0.0251,0.1317,1.644,0.9863
2250,2.25,-0.0216,-0.0053,0.0326,0.1161,1.0778,0.5538
2251,2.251,-0.0147,0.0036,0.0188,0.0436,0.1482,0.0289
2252,2.252,0.0043,0.0117,-0.0116,-0.0291,-0.2286,-0.1837
2253,2.253,0.0344,0.0059,-0.0334,-0.0763,-0.3437,-0.2489
2254,2.254,0.0383,0.0005,-0.0293,-0.1193,-0.4479,-0.3077
2255,2.255,0.0201,0.0144,-0.0472,-0.2053,-0.5423,-0.2555
2256,2.256,-0.0029,0.01,-0.0306,-0.1937,-0.4577,-0.3039
2257,2.257,-0.0117,0.0062,-0.0217,-0.1415,-1.6189,-0.9593
2258,2.258,-0.0198,0.011,-0.0242,-0.113,-1.454,-0.679
2259,2.259,-0.0175,0.0106,-0.0168,-0.1043,-0.3966,-0.0819
2260,2.26,-0.0019,0.0035,-0.0055,-0.0809,0.2919,0.152
2261,2.261,0.0123,-0.0074,0.0007,-0.0312,0.419,0.2235
2262,2.262,0.0029,-0.0052,-0.001,-0.0119,0.5335,0.2882
2263,2.263,0.0012,-0.0115,0.0008,-0.0062,0.4317,0.3468
2264,2.264,0.0028,-0.0121,0.0085,0.0419,0.3388,0.1888
2265,2.265,-0.0042,-0.0083,0.0099,0.0611,1.2755,0.8135
2266,2.266,-0.003,-0.0068,0.0112,0.0903,1.6501,0.8991
2267,2.267,-0.004,-0.009,0.0102,0.0849,0.63,0.3569
2268,2.268,-0.0009,-0.006,0.0049,0.0799,-0.0584,-0.1371
2269,2.269,-0.0036,-0.0078,0.0076,0.0665,-0.4347,-0.2026
2270,2.27,-0.0027,-0.0123,0.0033,0.0543,-0.5496,-0.2614
2271,2.271,-0.0005,-0.0137,0.0054,0.0505,-0.4478,-0.3148
2272,2.272,0.0015,-0.0105,0.0074,0.0405,-0.3549,-0.2671
2273,2.273,0.0033,-0.0128,0.0069,0.0316,-0.7809,-0.5728
2274,2.274,0.0004,-0.0114,0.0052,0.0289,-1.7875,-1.0098
2275,2.275,-0.0031,-0.0074,0.0037,0.0167,-1.1023,-0.603
2276,2.276,-0.0009,-0.014,0.0025,0.0189,0.022,-0.0201
2277,2.277,-0.002,-0.0185,0.0036,0.0088,0.4775,0.214
2278,2.278,0.003,-0.0243,0.0032,0.0143,0.3427,0.2854
2279,2.279,-0.0019,-0.0158,0.0015,0.0092,0.4684,0.3501
2280,2.28,0.0012,-0.0214,-0.0037,0.0046,0.5828,0.2927
2281,2.281,0.0065,-0.0224,-0.0002,0.0031,0.4807,0.3461
2282,2.282,0.0046,-0.0252,-0.0008,-0.0007,1.5109,0.9711
2283,2.283,-0.0023,-0.0211,-0.0061,-0.0112,1.3749,0.7165
2284,2.284,-0.0032,-0.0282,-0.0055,-0.0154,0.2516,0.1738
2285,2.285,-0.0057,-0.022,-0.0014,-0.0218,-0.2035,-0.1793
2286,2.286,-0.0035,-0.0181,-0.0067,-0.0228,-0.343,-0.2446
2287,2.287,-0.0028,-0.0206,0.0026,-0.0321,-0.4687,-0.3034
2288,2.288,0.0015,-0.0174,-0.0063,-0.0258,-0.5829,-0.3568
2289,2.289,-0.0002,-0.0161,-0.0075,-0.0247,-0.4805,-0.213
2290,2.29,0.0004,-0.0183,-0.0086,-0.0216,-1.323,-0.7808
2291,2.291,0.0046,-0.0182,-0.0022,-0.0112,-1.6634,-1.0131
2292,2.292,0.0006,-0.0127,-0.0049,-0.0098,-0.7355,-0.3793
2293,2.293,-0.0009,-0.0141,-0.0072,-0.0061,0.1399,0.2188
2294,2.294,-0.0013,-0.0109,0.0005,0.0043,0.483,0.2982
2295,2.295,0.0052,-0.0108,-0.0006,0.0056,0.5879,0.3697
2296,2.296,0.006,-0.0084,-0.0035,-0.0108,0.4957,0.3069
2297,2.297,0.0018,-0.0062,-0.0027,-0.0175,0.4114,0.2496
2298,2.298,0.0025,-0.0022,-0.0021,-0.0032,0.7989,0.5142
2299,2.299,0.0018,-0.0024,-0.0043,-0.0013,1.714,1.0434
2300,2.3,0.006,-0.0036,-0.0013,0.0038,1.0913,0.5516
2301,2.301,-0.0004,0.0035,0.0026,0.0022,0.0696,-0.0253
2302,2.302,0.0038,0.006,-0,0.0062,-0.3445,-0.2588
2303,2.303,0.0032,0,0.0011,0.0049,-0.4709,-0.3299
2304,2.304,0.0039,0.0001,-0.0003,0.0015,-0.5854,-0.2664
2305,2.305,0.0081,0.0089,0.0053,0.0044,-0.4837,-0.3247
2306,2.306,0.0041,0.0044,0.0094,-0.0004,-0.3909,-0.272
2307,2.307,0.0026,0.0025,0.0112,0.0016,-1.6241,-0.9998
2308,2.308,0.0061,0.0028,0.0148,0.0024,-1.3698,-0.7599
2309,2.309,0.0018,0.0135,0.0112,0.0076,-0.362,-0.1034
2310,2.31,0.0035,0.0143,0.0069,0.0056,0.3266,0.1794
2311,2.311,-0.0032,0.0149,0.004,0.004,0.4536,0.2658
2312,2.312,-0.0078,0.0105,0.0075,0.0105,0.5683,0.344
2313,2.313,-0.0086,0.0108,0.0045,0.0165,0.4666,0.2744
2314,2.314,-0.0108,0.0131,0.0073,0.0281,0.3736,0.2109
2315,2.315,-0.0101,0.0097,0.013,0.0536,1.1401,0.7341
2316,2.316,-0.0132,0.0099,0.0259,0.1011,1.6558,0.9454
2317,2.317,-0.0161,0.0192,0.0538,0.1077,0.6254,0.3693
2318,2.318,-0.0186,0.0173,0.0419,0.102,-0.063,-0.1742
2319,2.319,-0.0144,0.023,0.0238,0.0433,-0.4395,-0.246
2320,2.32,-0.0079,0.0373,0.0074,-0.0113,-0.5542,-0.3108
2321,2.321,-0.0104,0.0388,-0.0197,-0.0897,-0.4526,-0.3696
2322,2.322,-0.0157,0.0253,-0.0378,-0.1627,-0.3598,-0.2117
2323,2.323,-0.005,0.0096,-0.041,-0.1343,-0.7855,-0.5482
2324,2.324,0.018,-0.001,-0.0262,-0.0913,-1.7918,-1.0291
2325,2.325,0.0278,0.0042,-0.0125,-0.0681,-1.1066,-0.5816
2326,2.326,0.019,-0.0012,0.0099,-0.0185,0.0177,0.0593
2327,2.327,0.0053,-0.0122,0.0011,0.0136,0.4733,0.3162
2328,2.328,-0.007,-0.025,-0.0017,-0.004,0.3386,0.2401
2329,2.329,-0.0136,-0.0202,-0.004,0.0224,0.4645,0.1705
2330,2.33,-0.0034,-0.0189,0.0116,0.0465,0.5788,0.235
2331,2.331,0.0022,0.0017,0.0014,0.0595,0.4766,0.2932
2332,2.332,0.0242,0.0224,-0.0153,0.0072,1.5069,0.9802
2333,2.333,0.033,0.0304,-0.0309,-0.0285,1.371,0.6997
2334,2.334,0.0303,0.0231,-0.0288,-0.0999,0.4973,0.2728
2335,2.335,0.008,0.0165,-0.012,-0.1475,-0.2984,-0.1158
2336,2.336,-0.0068,0.0105,0.0083,-0.0874,-0.4034,-0.1876
2337,2.337,-0.0096,0.0124,0.0056,-0.033,-0.4981,-0.2526
2338,2.338,-0.0119,0.0108,0.0129,0.0024,-0.5841,-0.3114
2339,2.339,-0.0054,0.0155,0.0152,0.0346,-0.3526,-0.2592
2340,2.34,-0.0075,0.0116,0.0132,0.0519,-1.267,-0.7879
2341,2.341,-0.0056,0.0056,0.0188,0.0571,-1.6414,-0.9994
2342,2.342,-0.0141,0.0002,0.0172,0.0524,-0.8476,-0.4235
2343,2.343,-0.0126,0.0058,0.0158,0.0832,0.0827,0.1198
2344,2.344,-0.0086,0.0145,0.0173,0.0795,0.4596,0.1915
2345,2.345,-0.0024,0.0117,0.0035,0.0395,0.5751,0.2562
2346,2.346,0.0032,0.0151,-0.0057,0.0024,0.4738,0.3148
2347,2.347,0.0063,0.0147,-0.0004,-0.0022,0.3814,0.2623
2348,2.348,0.0108,0.004,-0.0049,-0.0067,0.8075,0.5025
2349,2.349,0.0065,0.009,-0.0034,-0.0028,1.6597,1.0705
2350,2.35,0.0118,0.0136,-0.007,-0.0135,1.0939,0.5287
2351,2.351,0.0082,0.0053,-0.0036,-0.0233,0.165,0.0347
2352,2.352,-0.0013,0.0068,0.0038,-0.0024,-0.2114,-0.2869
2353,2.353,0,0.0084,0.0048,-0.0105,-0.3265,-0.2304
2354,2.354,0.0012,0.0044,0.0092,0.0119,-0.4306,-0.2841
2355,2.355,0.0001,-0.001,0.0009,0.0208,-0.5251,-0.2368
2356,2.356,0.0031,-0.0027,-0.0022,0.0183,-0.4404,-0.2809
2357,2.357,-0.0016,0.0043,-0.001,0.021,-1.6011,-0.8767
2358,2.358,0.001,-0.001,-0.0035,0.0235,-1.436,-0.7922
2359,2.359,-0.0043,-0.0011,-0.0025,0.0135,-0.3787,-0.0949
2360,2.36,0.0006,-0.0025,-0.003,0.0156,0.3101,0.1877
2361,2.361,-0.0025,-0.0025,0.0021,0.0174,0.4374,0.2739
2362,2.362,-0.0042,-0.0047,0.0017,0.0099,0.5521,0.3519
2363,2.363,-0.0078,0.0006,0.0035,0.017,0.4504,0.2821
2364,2.364,-0.0048,-0.0071,0.0062,-0.0018,0.3575,0.2183
2365,2.365,-0.002,-0.0097,0.0075,-0.0098,1.1239,0.7414
2366,2.366,-0.0077,-0.0061,0.0012,-0.0025,1.6394,0.9525
2367,2.367,-0.0035,-0.0047,0.0005,0.0043,0.7963,0.3763
2368,2.368,-0.0029,-0.0083,-0.0002,0.0064,-0.2261,-0.1672
2369,2.369,-0.0009,-0.004,0.0005,0.0084,-0.366,-0.2392
2370,2.37,-0.0014,-0.007,0.0042,0.0067,-0.4923,-0.3041
2371,2.371,0.0003,-0.0082,0.0037,-0.0009,-0.607,-0.3629
2372,2.372,-0.0012,-0.0153,0.0042,0.0061,-0.5048,-0.2048
2373,2.373,-0.0024,-0.0118,0.0068,0.0098,-0.7861,-0.5411
2374,2.374,-0.0021,-0.0086,0.009,0.013,-1.7231,-1.0219
2375,2.375,0.0022,-0.0074,0.0051,0.0037,-1.1008,-0.5743
2376,2.376,-0.0018,-0.0092,0.0046,-0.0024,-0.0787,-0.0495
2377,2.377,-0.0096,-0.0039,-0.0023,-0.0148,0.3353,0.304
2378,2.378,-0.0086,-0.0018,-0.0013,-0.023,0.462,0.2415
2379,2.379,-0.0034,-0.0043,0.0033,0.0001,0.576,0.3003
2380,2.38,-0.0061,-0.0075,0.0057,0.0233,0.4741,0.248
2381,2.381,-0.0069,-0.0102,0.0064,0.0263,0.3811,0.2964
2382,2.382,-0.0169,-0.0128,-0.0001,0.0074,1.4877,0.9518
2383,2.383,-0.01,-0.0067,0.0076,0.0051,1.3375,0.6714
2384,2.384,0.0065,-0.0056,0.0002,0.0298,0.3758,0.2447
2385,2.385,0.0176,0.0031,0.0029,0.0397,-0.2505,-0.1437
2386,2.386,0.0237,-0.0092,-0.0015,0.0006,-0.3666,-0.2152
2387,2.387,0.0292,-0.0074,-0.0009,-0.0474,-0.4715,-0.2798
2388,2.388,0.0275,0.0034,0.0055,-0.0409,-0.5668,-0.3384
2389,2.389,0.0199,-0.0005,-0.0058,-0.07,-0.3126,-0.1803
2390,2.39,-0.001,-0.0016,-0.0105,-0.0539,-1.1645,-0.805
2391,2.391,0.0078,-0.0071,-0.0146,-0.0681,-1.7321,-0.8905
2392,2.392,-0.0004,-0.0081,-0.0236,-0.0988,-0.8051,-0.3482
2393,2.393,-0.0077,-0.0145,-0.0182,-0.0787,0.0698,0.1458
2394,2.394,-0.0143,-0.0119,-0.0193,-0.0533,0.412,0.2115
2395,2.395,-0.0001,-0.0082,-0.0222,-0.0037,0.5165,0.2706
2396,2.396,0.0018,-0.0118,-0.0096,0.0746,0.611,0.3242
2397,2.397,-0.0033,-0.0102,-0.008,0.0435,0.3562,0.2768
2398,2.398,-0.0079,-0.0131,-0.0099,-0.004,0.743,0.4955
2399,2.399,-0.0092,-0.0085,-0.0025,0.0218,1.6574,1.0119
2400,2.4,-0.0055,-0.0028,0.0013,0.0139,1.0342,0.5201
2401,2.401,0.0116,0.0008,-0.0103,0.0208,0.2386,0.071
2402,2.402,0.014,-0.0029,-0.0121,0.0014,-0.2794,-0.2212
2403,2.403,0.0117,0.0052,-0.011,-0.0163,-0.3755,-0.2751
2404,2.404,0.0178,0.004,-0.0051,-0.0646,-0.4624,-0.3237
2405,2.405,0.0011,0.0047,-0.0086,-0.0971,-0.5412,-0.2803
2406,2.406,-0.0144,-0.0001,-0.012,-0.0682,-0.4722,-0.3201
2407,2.407,-0.0124,0.0039,-0.0077,0.0009,-1.432,-0.8613
2408,2.408,-0.0099,-0.006,-0.0064,0.0277,-1.472,-0.8076
2409,2.409,-0.0154,-0.0011,-0.0058,0.0369,-0.5113,-0.11
2410,2.41,-0.007,0.0006,-0.0039,0.0453,0.3638,0.1729
2411,2.411,-0.0024,-0.0014,-0.0006,0.0373,0.4792,0.2596
2412,2.412,-0.0011,-0.0082,0.0022,0.0442,0.5831,0.3378
2413,2.413,-0.0023,-0.0111,0.006,0.0504,0.4903,0.2684
2414,2.414,-0.0055,-0.0152,0.0136,0.0446,0.4054,0.205
2415,2.415,-0.0025,-0.0135,0.0056,0.0285,1.1018,0.7282
2416,2.416,0.0002,-0.0045,0.0127,0.033,1.5704,0.9395
2417,2.417,-0.0007,-0.0008,0.0097,0.0285,0.8036,0.3636
2418,2.418,-0.0029,0.0051,0.0069,0.0166,-0.1263,-0.1799
2419,2.419,-0.0022,0.0058,0.0074,-0.0236,-0.2539,-0.2517
2420,2.42,-0.0027,0.0149,0.0007,-0.0397,-0.5956,-0.4444
2421,2.421,-0.001,0.0057,0.003,-0.0256,-0.4943,-0.3871
2422,2.422,0.0016,0.0063,0.0112,-0.0214,-0.4018,-0.2292
2423,2.423,0.002,0.0029,0.012,-0.0176,-0.6577,-0.4695
2424,2.424,-0.0019,0.0017,0.0213,0.0004,-1.819,-1.0376
2425,2.425,-0.0014,0.0021,0.0175,0.0168,-0.9903,-0.6508
2426,2.426,-0.0025,0.0011,0.0205,0.0196,-0.234,-0.0161
2427,2.427,0.0003,0.0013,0.0193,0.0222,0.4546,0.241
2428,2.428,0.0038,0.004,0.0296,0.0149,0.3322,0.3196
2429,2.429,0.0026,0.0053,0.0254,0.0083,0.4467,0.3906
2430,2.43,-0.0013,0.0085,0.0089,0.0145,0.5505,0.3273
2431,2.431,-0.0008,0.007,0.0023,0.009,0.4573,0.3855
2432,2.432,0.0013,0.0131,0.0002,0.0107,1.5641,0.9668
2433,2.433,0.0042,0.0082,-0.0018,0.0062,1.4142,0.7352
2434,2.434,-0.0016,0.0157,-0.0001,0.0022,0.453,0.2419
2435,2.435,-0.0024,0.0059,0.0044,0.0011,-0.1728,-0.2076
2436,2.436,0.006,0.0044,0.0031,-0.002,-0.2884,-0.267
2437,2.437,0.0071,0.0074,-0.0007,-0.0114,-0.5983,-0.3206
2438,2.438,0.0101,0.0081,0.0071,-0.015,-0.5056,-0.2731
2439,2.439,0.0056,0.0052,-0.0001,-0.0117,-0.421,-0.2298
2440,2.44,0.0013,0.0024,0.0063,-0.0022,-1.1175,-0.7461
2441,2.441,0.002,-0.0093,0.0005,-0.0058,-1.7734,-0.9574
2442,2.442,-0.0016,-0.018,0.0012,-0.0002,-0.8365,-0.3814
2443,2.443,0.0001,-0.0167,0.0033,0.0009,0.0391,0.1622
2444,2.444,-0.0017,-0.0016,0.0051,0.0002,0.382,0.2341
2445,2.445,-0.0064,0.0043,0.0011,-0.0005,0.4872,0.2988
2446,2.446,0.0018,-0.0014,0.0038,0.0067,0.5825,0.3574
2447,2.447,0.0028,-0.01,0.0028,0.0061,0.4987,0.305
2448,2.448,-0.0025,-0.0116,0.0085,0.0158,0.7315,0.4493
2449,2.449,-0.0016,-0.0048,0.0049,0.0247,1.6467,1.0175
2450,2.45,-0.0059,0.0014,0.0116,0.0259,1.0245,0.6306
2451,2.451,-0.0037,0.0046,0.0177,0.0398,0.2295,-0.0041
2452,2.452,-0.013,0.0076,0.0279,0.0641,-0.2876,-0.2613
2453,2.453,-0.0118,0.0049,0.024,0.0544,-0.3826,-0.34
2454,2.454,-0.0062,0.0058,0.018,0.0457,-0.4686,-0.2706
2455,2.455,-0.0052,0.0095,0.0104,0.0431,-0.5464,-0.3353
2456,2.456,-0.0043,0.0173,0.0011,0.0358,-0.4763,-0.2777
2457,2.457,-0.0035,0.0226,-0.0074,0.0022,-1.4353,-0.9648
2458,2.458,0.0065,0.0181,-0.0175,-0.0413,-1.5727,-0.8717
2459,2.459,0.0161,0.0173,-0.0325,-0.0469,-0.4491,-0.275
2460,2.46,0.0224,0.0059,-0.0302,-0.0415,0.3083,0.2686
2461,2.461,0.0053,0.0009,-0.0356,-0.0752,0.4485,0.1997
2462,2.462,-0.002,0.0116,-0.0336,-0.0794,0.575,0.2644
2463,2.463,0.0046,0.0187,-0.0134,-0.0273,0.4635,0.323
2464,2.464,0.0108,0.01,-0.0051,-0.0485,0.3618,0.2705
2465,2.465,-0.0023,-0.0048,-0.0024,-0.0549,1.0176,0.7028
2466,2.466,-0.0073,-0.0107,0.0044,-0.0606,1.6146,0.9936
2467,2.467,-0.0058,-0.0012,0.0148,-0.0126,0.7634,0.4119
2468,2.468,0.0068,0.004,0.0168,0.0586,-0.0318,-0.1316
2469,2.469,-0.0084,-0.0034,0.0153,0.068,-0.3428,-0.2035
2470,2.47,-0.0145,-0.0073,0.0078,0.0075,-0.4377,-0.2684
2471,2.471,-0.02,0.0069,0.0039,-0.016,-0.5237,-0.327
2472,2.472,-0.0082,0.0127,-0.0073,-0.0658,-0.4468,-0.2746
2473,2.473,-0.0005,0.0011,-0.0056,-0.0466,-0.6575,-0.4189
2474,2.474,-0.0074,0.0119,-0.0069,-0.0174,-1.6166,-1.0743
2475,2.475,0.0116,0.0135,-0.008,-0.0015,-1.2055,-0.6063
2476,2.476,0.0307,0.005,-0.0204,-0.016,-0.0811,-0.0089
2477,2.477,0.0331,0.0062,-0.0288,-0.0468,0.3748,0.2252
2478,2.478,0.0176,-0.0008,-0.0149,-0.0429,0.5144,0.2967
2479,2.479,0.0115,-0.0051,-0.0019,-0.0321,0.6406,0.3615
2480,2.48,0.0059,-0.0091,-0.0001,0.0174,0.5287,0.304
2481,2.481,0.0043,-0.0036,-0.0016,-0.0039,0.4266,0.2515
2482,2.482,-0.0033,0.0015,0.0024,-0.0105,1.4571,0.9723
2483,2.483,-0.0019,-0.0013,0.0036,0.0187,1.3213,0.8698
2484,2.484,-0.0131,-0.004,0.0025,0.0134,0.4479,0.2133
2485,2.485,-0.0085,-0.0105,0.0014,-0.011,-0.3479,-0.2143
2486,2.486,-0.0125,-0.0076,-0.0013,-0.0067,-0.453,-0.2933
2487,2.487,-0.0113,-0.0015,-0.0022,0.0211,-0.5477,-0.3646
2488,2.488,-0.0009,-0.0019,0.0029,0.0245,-0.4636,-0.3016
2489,2.489,-0.0049,-0.0095,0.0035,0.0211,-0.3867,-0.2441
2490,2.49,-0.0061,-0.0146,-0.0035,0.0239,-1.0199,-0.72
2491,2.491,-0.0051,-0.008,-0.0028,0.0265,-1.7866,-1.0403
2492,2.492,0.0002,-0,0.003,0.0337,-0.8594,-0.4008
2493,2.493,0.0048,-0.0051,0.0081,0.0181,0.0161,0.1966
2494,2.494,0.004,-0.0041,-0.0027,0.012,0.3589,0.2754
2495,2.495,-0.0012,-0.0082,-0.0013,0.0249,0.4639,0.3463
2496,2.496,-0.0048,-0.0073,0.0026,0.0365,0.5589,0.2829
2497,2.497,-0.0053,-0.0036,-0.0012,0.0224,0.475,0.2251
2498,2.498,-0.0105,-0.003,-0.0046,0.0129,0.7077,0.4891
2499,2.499,-0.0011,-0.0093,-0.0058,0.0246,1.7632,1.0176
2500,2.5,0.0001,-0.0066,0.0004,0.0199,1.0097,0.6659
2501,2.501,0.0033,-0.0072,-0.0023,0.0157,0.0475,0.0887
2502,2.502,-0.0039,-0.0021,0.0013,0.0119,-0.3288,-0.3003
2503,2.503,-0.0048,0.0022,-0.001,0.0086,-0.4443,-0.2318
2504,2.504,-0.0005,0.0039,-0.0017,0.0075,-0.5485,-0.2969
2505,2.505,0.0001,0.0025,-0.0036,0.0084,-0.456,-0.3557
2506,2.506,-0.0006,0.0029,0.0009,0.0043,-0.3716,-0.3036
2507,2.507,0.0036,0.0009,-0.001,0.0007,-1.5329,-0.9286
2508,2.508,0.0019,0.0013,-0.0053,-0.0042,-1.3681,-0.8444
2509,2.509,0.0024,-0.0014,-0.0045,-0.0064,-0.4795,-0.2288
2510,2.51,-0.0002,0.001,-0.0022,-0.0022,0.2778,0.1597
2511,2.511,0.002,0.0034,-0.0085,-0.0039,0.4176,0.2311
2512,2.512,0.0039,-0.0008,-0.0045,-0.0055,0.5435,0.2954
2513,2.513,0.0036,0.0008,-0.004,-0.0025,0.6577,0.3539
2514,2.514,-0.0004,-0.0032,-0.0063,-0.0012,0.3494,0.1957
2515,2.515,-0.0039,-0.0057,0.003,0.0046,1.0049,0.724
2516,2.516,-0.0009,-0.0027,0.0069,0.0124,1.6012,0.9349
2517,2.517,0.0038,-0.0024,0.0104,0.0072,0.7495,0.3587
2518,2.518,-0.0045,-0.0082,0.0158,-0.003,-0.0464,-0.1849
2519,2.519,-0.0078,-0.0211,0.0104,-0.0042,-0.358,-0.3977
2520,2.52,0.0017,-0.0118,0.0111,-0.0205,-0.4537,-0.335
2521,2.521,0.0005,-0.0034,0.0117,-0.0138,-0.5404,-0.2779
2522,2.522,0.0015,-0.0019,0.0138,-0.0159,-0.4644,-0.2258
2523,2.523,0.0004,-0.0006,0.0171,-0.0251,-0.6761,-0.4666
2524,2.524,0.0012,-0.0069,0.0228,-0.003,-1.6361,-1.035
2525,2.525,0.0071,-0.0059,0.0174,-0.0237,-1.2258,-0.6486
2526,2.526,0.0093,-0.0007,0.0066,-0.0372,-0.1026,-0.0142
2527,2.527,-0,0.0077,-0.0074,-0.0298,0.3524,0.2427
2528,2.528,0.0011,0.0086,-0.0131,-0.0276,0.4913,0.3211
2529,2.529,-0.0021,0.0055,-0.0048,-0.0009,0.6167,0.3918
2530,2.53,-0.0159,0.0082,-0.0034,0.0027,0.5042,0.3284
2531,2.531,-0.0141,0.0056,-0.0048,0.0061,0.4014,0.2706
2532,2.532,-0.0158,0.0048,-0.006,0.0091,1.4309,0.9573
2533,2.533,-0.0144,0.0054,-0.0051,0.0173,1.5682,0.8642
2534,2.534,-0.0075,0.0122,0.0021,0.0151,0.4446,0.2672
2535,2.535,0.0038,0.0057,0.0085,0.0217,-0.3131,-0.1216
2536,2.536,-0.0008,0.0031,0.0025,0.0157,-0.4535,-0.1935
2537,2.537,0.0061,0.0007,0.0031,0.0065,-0.5801,-0.2584
2538,2.538,0.0049,-0.0029,0.0066,0.0082,-0.4687,-0.3173
2539,2.539,0.0059,0.0039,0.0024,-0.0148,-0.367,-0.265
2540,2.54,0.0006,0.0046,0.0076,-0.0378,-1.0231,-0.6975
2541,2.541,-0.0021,0.007,-0.0031,-0.0407,-1.7906,-0.9885
2542,2.542,0.0074,0.0047,-0.017,-0.016,-0.864,-0.407
2543,2.543,0.0062,0.0053,-0.0077,0.0336,0.0105,0.1366
2544,2.544,0.0052,-0.0031,-0.0026,0.0834,0.3526,0.2088
2545,2.545,-0.0043,-0.0043,-0.0071,0.0641,0.4569,0.2739
2546,2.546,-0.0031,0.0008,0.0025,0.0467,0.5513,0.3328
2547,2.547,-0.0087,0.0016,0.0063,0.0201,0.4666,0.2805
2548,2.548,-0.0097,0.0074,0.0167,0.0057,0.6986,0.425
2549,2.549,-0.0012,0.0051,0.0098,0.0012,1.7533,0.9935
2550,2.55,0.0044,0.0127,-0.0041,-0.0108,0.9995,0.6071
2551,2.551,0.0096,0.0096,-0.0021,-0.0289,0.3112,0.1137
2552,2.552,0.0105,0.014,0.003,-0.0454,-0.3154,-0.2074
2553,2.553,0.0147,0.0114,0.0107,-0.0905,-0.4314,-0.2666
2554,2.554,0.02,-0.0002,0.0067,-0.1229,-0.5363,-0.3197
2555,2.555,0.0151,-0.002,0.0005,-0.1173,-0.4444,-0.2721
2556,2.556,0.0168,-0.0067,-0.005,-0.0481,-0.3605,-0.2286
2557,2.557,0.0233,-0.0081,-0.0101,-0.0009,-1.5219,-0.8239
2558,2.558,0.0225,-0.0045,-0.0073,0.0076,-1.6891,-0.9091
2559,2.559,0.0172,-0.0036,-0.003,0.0307,-0.6324,-0.2113
2560,2.56,0.0066,-0.0027,0.0041,0.0377,0.3302,0.2589
2561,2.561,-0.0163,-0.0055,0.0069,0.0052,0.4568,0.1757
2562,2.562,-0.0131,-0.0184,0.0148,-0.0008,0.5711,0.2542
2563,2.563,-0.0159,-0.0203,0.0139,0.0255,0.4689,0.3254
2564,2.564,-0.0131,-0.0119,0.0075,0.0396,0.3756,0.2623
2565,2.565,-0.0106,-0.0044,0.0102,0.0437,0.9713,0.6695
2566,2.566,-0.0128,-0.0031,0.014,0.0317,1.6681,0.9344
2567,2.567,-0.0147,-0.012,0.0035,0.0207,0.8249,0.406
2568,2.568,-0.0128,-0.0292,-0.004,0.0305,0.029,-0.0875
2569,2.569,-0.0145,-0.012,0.0031,0.0334,-0.2828,-0.2807
2570,2.57,-0.013,0.0034,0.0021,0.0308,-0.3784,-0.3394
2571,2.571,-0.0005,0.0094,-0.0102,-0.0013,-0.465,-0.2869
2572,2.572,0.008,-0.0074,-0.0219,-0.0142,-0.3889,-0.2389
2573,2.573,0.0156,-0.014,-0.0172,-0.0339,-0.6004,-0.457
2574,2.574,0.0116,0.0002,-0.0075,-0.0302,-1.5602,-1.0523
2575,2.575,0.0053,0.0021,0.0014,0.0062,-1.1496,-0.6265
2576,2.576,0.0064,-0.003,0.0047,0.0206,-0.2754,-0.0829
2577,2.577,-0.003,-0.0075,-0.0006,0.025,0.294,0.2708
2578,2.578,-0.0018,-0.0034,-0.0014,-0.0028,0.3991,0.2086
2579,2.579,-0.0008,0.0054,-0.0006,0.0008,0.4938,0.2679
2580,2.58,-0.0017,0.0086,-0.0013,0.0041,0.58,0.3216
2581,2.581,-0.0063,0.0223,0.0051,0.013,0.3485,0.2741
2582,2.582,-0.0038,0.0094,-0.0008,0.0105,1.4034,0.9297
2583,2.583,-0.0137,0.0077,0.0044,0.013,1.5549,0.8368
2584,2.584,-0.0068,0.0154,-0.0006,-0.0025,0.5939,0.2402
2585,2.585,-0.003,0.0168,0.001,0.0037,-0.2815,-0.1483
2586,2.586,0.0073,0.0156,0.0026,0.0317,-0.3973,-0.2199
2587,2.587,0.0033,0.0101,0.004,0.0356,-0.5018,-0.2846
2588,2.588,0.007,0.0071,0.0042,0.0249,-0.5967,-0.3433
2589,2.589,-0.0055,0.0156,0.0012,0.0086,-0.3422,-0.1854
2590,2.59,-0.0038,0.0146,-0.0047,-0.0121,-1.0389,-0.714
2591,2.591,-0.0053,0.0116,-0.009,-0.0477,-1.6948,-1.0661
2592,2.592,-0.0093,0.0108,-0.0129,-0.0524,-0.9284,-0.4904
2593,2.593,-0.003,0.0031,-0.0124,-0.0215,0.0015,0.0531
2594,2.594,-0.002,0.0041,-0.0084,-0.0013,0.3782,0.2655
2595,2.595,-0.003,0.005,-0.0045,0.0024,0.4933,0.3303
2596,2.596,0.0034,0.0025,-0.0052,0.0123,0.5978,0.2729
2597,2.597,0.0042,0.0033,-0.0042,0.0153,0.5055,0.2206
2598,2.598,0.002,0.0027,-0.0024,0.0072,0.5913,0.3649
2599,2.599,0.0041,0.001,-0.0036,-0,1.5981,1.0202
2600,2.6,0.0046,0.004,-0.0078,-0.0066,1.188,0.5522
2601,2.601,-0.0019,-0.0007,-0.0106,-0.0208,0.3138,0.1249
2602,2.602,-0.0027,-0.0049,-0.0086,-0.0115,-0.2551,-0.2638
2603,2.603,0.001,0.0005,-0.0069,0.0139,-0.3598,-0.1952
2604,2.604,0.0017,-0.0044,-0.0046,0.032,-0.4542,-0.2601
2605,2.605,0.0034,-0.0038,-0.0003,0.0287,-0.5401,-0.3188
2606,2.606,0.0038,-0.0032,-0.0089,0.02,-0.4631,-0.2665
2607,2.607,0.0023,-0.0047,-0.0082,0.0063,-1.5179,-0.8913
2608,2.608,-0.0046,-0.0043,-0.0012,-0.0008,-1.6691,-0.8069
2609,2.609,-0.0057,-0.0054,-0.0061,0.0286,-0.4337,-0.2645
2610,2.61,-0.0091,-0.0133,-0.0038,0.0606,0.2685,0.1959
2611,2.611,-0.0195,-0.019,0.0018,0.0726,0.4374,0.2675
2612,2.612,-0.0209,-0.0061,0.0008,0.0473,0.5901,0.3321
2613,2.613,-0.0198,-0.0005,-0.0043,0.0375,0.4546,0.2744
2614,2.614,-0.0143,0.0114,-0.0063,0.0046,0.3311,0.2218
2615,2.615,0.0013,0.01,-0.013,-0.0527,0.8982,0.6542
2616,2.616,0.0079,0.017,-0.0245,-0.076,1.62,0.9449
2617,2.617,0.0344,0.0133,-0.0387,-0.1258,0.7775,0.4689
2618,2.618,0.0452,0.0056,-0.0371,-0.171,-0.0179,-0.1086
2619,2.619,0.0419,0.0026,-0.0222,-0.1768,-0.3291,-0.1878
2620,2.62,0.0211,-0.0019,-0.004,-0.1716,-0.4241,-0.2594
2621,2.621,0.0019,-0.013,0.003,-0.0989,-0.5102,-0.3243
2622,2.622,-0.0054,-0.0329,0.0139,-0.0051,-0.4334,-0.2669
2623,2.623,-0.0076,-0.0301,0.0197,0.0579,-0.6443,-0.4256
2624,2.624,-0.0096,-0.0177,0.025,0.0693,-1.6036,-1.0506
2625,2.625,-0.0115,-0.0155,0.0231,0.0381,-1.1927,-0.6254
2626,2.626,-0.0166,-0.0053,0.0305,0.0285,-0.3181,-0.0825
2627,2.627,-0.009,-0.0034,0.0262,0.0543,0.4778,0.1301
2628,2.628,-0.0021,-0.0016,0.0198,0.0309,0.3773,0.3231
2629,2.629,0.0067,-0.0061,0.0118,0.0379,0.4722,0.3817
2630,2.63,0.0056,-0.0074,0.0086,0.0185,0.5582,0.3293
2631,2.631,0.0004,-0.0137,0.013,0.0241,0.4817,0.2816
2632,2.632,-0.0005,-0.0146,0.024,0.0399,1.3963,0.9368
2633,2.633,-0.0117,0.0011,0.0254,0.0351,1.5216,0.8437
2634,2.634,-0.0011,0.0078,0.0294,0.0305,0.501,0.2469
2635,2.635,0.0058,0.0098,0.0256,0.0186,-0.1873,-0.1418
2636,2.636,0.0021,0.008,0.0223,-0.0069,-0.3147,-0.2136
2637,2.637,0.0031,0.0063,0.0065,0.0028,-0.4296,-0.2783
2638,2.638,0.004,0.0047,-0.0047,0.0115,-0.5339,-0.337
2639,2.639,-0.0044,0.0088,-0.0027,0.0032,-0.4411,-0.179
2640,2.64,-0.0035,0.005,-0.0008,0.0007,-1.0373,-0.6115
2641,2.641,-0.0065,0.006,-0.0025,-0.0106,-1.7346,-1.0186
2642,2.642,-0.0057,0.0112,-0.001,-0.0088,-0.8919,-0.4372
2643,2.643,-0.0049,0.0027,0.006,0.0041,0.1303,0.1063
2644,2.644,-0.0042,0.0017,-0.0027,0.0125,0.2703,0.1784
2645,2.645,0.0007,0.0047,0.0029,0.0139,0.3966,0.2434
2646,2.646,0.0024,0.0001,0.004,0.0125,0.5109,0.3023
2647,2.647,-0.0005,0.0078,0.0014,0.0162,0.4086,0.2501
2648,2.648,0.0001,-0.0017,0.0024,0.0105,0.5026,0.3944
2649,2.649,-0.0041,0.0045,0.0019,0.0115,1.6092,1.0498
2650,2.65,-0.0024,0.0013,-0.0015,0.0069,1.1574,0.5821
2651,2.651,0.0013,-0.006,0.0029,0.0043,0.1955,0.1552
2652,2.652,0.0001,0.0003,-0.0034,0.0049,-0.4306,-0.2334
2653,2.653,-0.0045,-0.0006,-0.0006,0.0028,-0.3197,-0.3048
2654,2.654,-0.0003,0.0001,-0.0011,0.0023,-0.4242,-0.3694
2655,2.655,-0.0055,0.0049,-0.0029,0.0006,-0.5192,-0.3119
2656,2.656,0.0024,0.0066,0.0016,0.0011,-0.4351,-0.2593
2657,2.657,0.0014,0.0013,-0.0046,0.0023,-1.4417,-0.884
2658,2.658,0.0099,0.0019,-0.0001,0.0011,-1.5799,-0.9696
2659,2.659,0.0089,0.0024,-0.002,-0.004,-0.4573,-0.2722
2660,2.66,0.0079,0.0029,0.0018,-0.0004,0.2997,0.198
2661,2.661,0.0034,0.0043,-0.0048,-0.0021,0.4395,0.2848
2662,2.662,0.0043,0.0031,-0.0036,-0.0049,0.5653,0.3632
2663,2.663,0.0021,0.0043,-0.0025,-0.0055,0.4533,0.2938
2664,2.664,0.0028,0.0017,-0.0015,-0.0004,0.3509,0.2303
2665,2.665,-0.0002,0.0063,-0.0032,-0.0025,1.0061,0.6371
2666,2.666,0.0015,0.0032,0.0013,-0.0042,1.7728,1.0072
2667,2.667,-0.001,0.0015,0.0021,-0.006,0.8458,0.4787
2668,2.668,-0.0031,-0.0021,0.0009,-0.0035,-0.0293,-0.0151
2669,2.669,-0.0003,-0.001,-0.0039,-0.0086,-0.3719,-0.2086
2670,2.67,-0.0021,-0.0049,0.0013,-0.0022,-0.4767,-0.2676
2671,2.671,0.0002,-0.0024,0.0022,-0.0047,-0.5714,-0.3211
2672,2.672,0.0038,-0.0021,0.003,-0.0039,-0.4871,-0.2735
2673,2.673,0.0026,-0.0018,-0.0035,-0.0057,-0.565,-0.4047
2674,2.674,-0.0004,-0.0008,-0.0024,-0.0071,-1.6202,-1.0003
2675,2.675,-0.0047,-0.0005,-0.0012,-0.0016,-1.1684,-0.7452
2676,2.676,-0.0077,-0.0029,-0.0032,0.0035,-0.2063,-0.0471
2677,2.677,-0.0042,-0.0047,-0.005,-0.0058,0.4199,0.2359
2678,2.678,-0.0001,-0.004,-0.0006,-0.0042,0.5356,0.3224
2679,2.679,-0.0018,-0.0072,-0.0034,-0.0003,0.4339,0.2459
2680,2.68,-0.0025,-0.0024,-0.0068,0.0008,0.5287,0.3169
2681,2.681,0.0005,0.0018,-0.008,-0,0.4445,0.2534
2682,2.682,0.0042,0.0013,-0.004,-0.0007,1.2961,0.893
2683,2.683,0.0076,-0.0022,-0.0108,0.0019,1.4101,0.8086
2684,2.684,0.0116,0.0009,-0.0081,0.0013,0.6883,0.2662
2685,2.685,0.0062,0.0029,-0.0074,0.0007,-0.1573,-0.2278
2686,2.686,0.0053,0.0004,-0.0053,0.0003,-0.2729,-0.2933
2687,2.687,0.0034,0.0022,-0.0104,-0.0026,-0.583,-0.3523
2688,2.688,-0.0009,-0.0015,-0.0023,0.0053,-0.4907,-0.3
2689,2.689,-0.0048,-0.0012,-0.0015,-0.005,-0.4064,-0.2525
2690,2.69,-0.0048,0.0009,-0.0027,-0.0037,-0.9484,-0.6457
2691,2.691,-0.0063,-0.0016,-0.0057,-0.0074,-1.7225,-1.0157
2692,2.692,-0.0056,-0.0026,-0.0034,-0.0063,-1.0018,-0.487
2693,2.693,-0.0112,-0.0035,-0.0075,-0.0033,0.0312,0.1478
2694,2.694,-0.0138,-0.0016,-0.0071,-0.0025,0.4456,0.2347
2695,2.695,-0.0206,0.0001,-0.0091,-0.0016,0.5721,0.3131
2696,2.696,-0.0167,-0.0031,-0.0088,0.0053,0.4605,0.3841
2697,2.697,-0.0256,-0.0028,-0.0085,-0.0011,0.5646,0.3208
2698,2.698,-0.0338,-0.0085,-0.0074,-0.0003,0.4717,0.3792
2699,2.699,-0.0289,-0.0026,-0.0054,0.0004,1.579,0.9606
2700,2.7,-0.0228,-0.0048,-0.0058,-0.0032,1.1277,0.7289
2701,2.701,-0.0222,0.0045,-0.0068,-0.0015,0.1663,0.0945
2702,2.702,-0.0153,0.0008,-0.0105,-0.0032,-0.2099,-0.1625
2703,2.703,-0.0066,0.0134,-0.0117,-0.0068,-0.3253,-0.2413
2704,2.704,-0.003,0.0083,-0.013,-0.0008,-0.4292,-0.3123
2705,2.705,0.0007,0.0038,-0.0073,0.0017,-0.5236,-0.2491
2706,2.706,0.0042,-0.0031,-0.0083,0.0024,-0.439,-0.1914
2707,2.707,0.0077,0.0006,-0.0077,0.0003,-1.4451,-0.8782
2708,2.708,0.005,0.0039,-0.0085,-0.0015,-1.5827,-0.9724
2709,2.709,0.0068,0.003,-0.0129,0.0002,-0.7093,-0.3758
2710,2.71,0.0084,0.0057,-0.0102,-0.0014,0.3137,0.1679
2711,2.711,0.0078,0.0026,-0.0107,0.0053,0.3991,0.2433
2712,2.712,0.0104,0.0052,-0.0103,0.0056,0.538,0.3145
2713,2.713,0.0147,0.0031,-0.0109,0.0027,0.6641,0.3791
2714,2.714,0.0184,0.0068,-0.0114,0.0016,0.3252,0.2052
2715,2.715,0.0186,0.0085,-0.0073,-0.0002,0.8404,0.5749
2716,2.716,0.0249,0.0069,0.0013,-0.0005,1.6839,1.0076
2717,2.717,0.0331,0.0065,0.0048,0.0031,0.8913,0.4844
2718,2.718,0.0325,0.0036,0.0079,-0.0004,-0.0383,-0.0096
2719,2.719,0.0245,0.0084,0.0088,-0.0001,-0.4146,-0.2032
2720,2.72,0.0305,0.0002,0.0094,0.0063,-0.5297,-0.2623
2721,2.721,0.0279,-0.0029,0.0084,-0.0002,-0.4279,-0.3158
2722,2.722,0.0328,0.0045,0.0104,0.0023,-0.5224,-0.2685
2723,2.723,0.0221,-0.0039,0.0138,-0.003,-0.608,-0.4873
2724,2.724,0.0118,-0.0141,0.0167,-0.0023,-1.769,-1.0832
2725,2.725,0.0081,-0.018,0.0218,-0.0019,-1.272,-0.8284
2726,2.726,0.0173,0.0011,0.0323,0.0022,-0.2143,-0.1308
2727,2.727,0.0098,-0.0015,0.0367,-0.0026,0.4745,0.3391
2728,2.728,0.0259,0.0059,0.0325,-0.0044,0.3525,0.2553
2729,2.729,0.0373,-0.0006,0.021,-0.0109,0.467,0.3333
2730,2.73,0.0477,0.0057,0.0255,-0.005,0.5709,0.2634
2731,2.731,0.0387,0.0002,0.0461,0.0001,0.4781,0.1995
2732,2.732,0.0406,0.0054,0.0668,-0.0006,1.4146,0.8387
2733,2.733,0.0423,0.0009,0.0476,0.0063,1.5398,0.9241
2734,2.734,0.0384,-0.0003,0.0499,0.0072,0.519,0.3812
2735,2.735,0.0422,-0.0039,0.0565,0.0047,-0.1696,-0.1128
2736,2.736,0.0548,-0.0006,0.0422,0.0053,-0.297,-0.3064
2737,2.737,0.0701,0.0068,0.0143,0.0018,-0.412,-0.2493
2738,2.738,0.0681,0.0096,0.0024,0.0035,-0.5165,-0.3029
2739,2.739,0.0402,-0.0032,0.0205,0.0053,-0.4238,-0.2553
2740,2.74,0.0283,-0.0125,0.0369,0.0068,-0.85,-0.6487
2741,2.741,0.0756,-0.0141,0.0161,0.0099,-1.8569,-1.0188
2742,2.742,0.0432,-0.0065,0.008,0.0103,-0.8977,-0.4903
2743,2.743,0.0256,0.0061,-0.0042,0.0052,-0.0228,0.0035
2744,2.744,0.0307,0.0112,-0.0378,0.0017,0.3199,0.1972
2745,2.745,0.0448,0.0128,-0.091,-0.0039,0.4248,0.2564
2746,2.746,0.0313,0.0087,-0.1265,-0.0032,0.5193,0.3099
2747,2.747,0.0111,0.0099,-0.1328,-0.0024,0.435,0.2624
2748,2.748,-0.0293,0.011,-0.1269,0.0008,0.5128,0.3934
2749,2.749,-0.0776,0.0182,-0.1109,-0.0079,1.5679,0.989
2750,2.75,-0.175,0.0079,-0.1155,-0.0091,1.1161,0.7339
2751,2.751,-0.2727,0.0038,-0.0757,-0.008,0.4284,0.1909
2752,2.752,-0.3613,0.0001,-0.0169,-0.0007,-0.1976,-0.1626
2753,2.753,-0.3962,-0.0032,0.0065,0.0039,-0.3132,-0.228
2754,2.754,-0.4069,-0.0063,-0.0005,-0.0003,-0.4175,-0.287
2755,2.755,-0.3978,-0.0128,0.0188,0.0034,-0.5121,-0.3405
2756,2.756,-0.3551,-0.0188,0.0247,0.0054,-0.4277,-0.1968
2757,2.757,-0.3165,-0.0226,0.0406,-0.0003,-1.2794,-0.8521
2758,2.758,-0.2102,-0.0277,0.0455,-0.001,-1.6202,-0.9464
2759,2.759,-0.0729,-0.0195,0.0412,-0.0003,-0.6924,-0.35
2760,2.76,0.0191,-0.0119,0.0374,0.0002,0.1828,0.1935
2761,2.761,0.1027,-0.013,0.0339,0.0019,0.2988,0.2653
2762,2.762,0.1786,-0.0086,0.0308,0.0024,0.6089,0.3301
2763,2.763,0.2476,-0.001,0.0338,0.0036,0.5165,0.3888
2764,2.764,0.2345,-0.0042,0.0258,-0.0028,0.4322,0.2309
2765,2.765,0.2225,-0.0089,0.0187,-0.0093,0.8191,0.5672
2766,2.766,0.2117,-0.0048,0.0122,-0.0067,1.7336,1.048
2767,2.767,0.1827,-0.0013,0.0184,-0.0089,0.8614,0.4724
2768,2.768,0.1563,0.0021,0.0204,-0.0054,0.0656,-0.0709
2769,2.769,0.1325,-0.0051,0.0188,0.0015,-0.4521,-0.2834
2770,2.77,0.1106,-0.0061,0.0143,-0.0012,-0.3607,-0.2205
2771,2.771,0.0909,-0.0054,0.0157,0.0046,-0.4474,-0.2793
2772,2.772,0.0846,-0.0063,0.0145,0.0024,-0.5255,-0.2271
2773,2.773,0.0682,-0.0045,0.0135,0.0101,-0.5965,-0.3715
2774,2.774,0.063,-0.0089,0.0146,0.0091,-1.5561,-1.0269
2775,2.775,0.0581,-0.0074,0.0081,0.0082,-1.4201,-0.7466
2776,2.776,0.0538,-0.0082,0.0123,0.021,-0.2969,-0.1496
2777,2.777,0.0498,-0.0072,0.007,0.0228,0.46,0.2394
2778,2.778,0.0396,-0.0009,-0.0008,0.0244,0.3254,0.3111
2779,2.779,0.0364,0.0074,-0.0019,0.0105,0.4509,0.376
2780,2.78,0.0334,0.0017,-0.0048,0.0011,0.5648,0.3188
2781,2.781,0.0207,0.0046,-0.0108,-0.0175,0.4626,0.2664
2782,2.782,0.0183,0.0053,-0.0163,-0.03,1.3053,0.8912
2783,2.783,0.0119,0.0043,-0.0229,-0.0322,1.6456,0.8069
2784,2.784,0.0173,0.0156,-0.0153,-0.0262,0.7174,0.2646
2785,2.785,0.012,0.0104,-0.0103,-0.017,-0.158,-0.2291
2786,2.786,-0.0051,0.0057,-0.0133,-0.0153,-0.2742,-0.2943
2787,2.787,-0.0074,0.007,-0.0196,-0.0354,-0.5846,-0.353
2788,2.788,-0.0055,0.0157,-0.0147,-0.0163,-0.4924,-0.3007
2789,2.789,0,0.0123,-0.0258,0.0008,-0.4084,-0.253
2790,2.79,0.0118,0.0133,-0.0277,-0.0058,-0.7957,-0.5587
2791,2.791,0.0132,0.001,-0.035,-0.012,-1.8516,-1.0751
2792,2.792,0.0146,0.006,-0.0343,-0.014,-1.0982,-0.5827
2793,2.793,0.0109,0.0105,-0.0269,-0.009,-0.1359,-0.0053
2794,2.794,0.0031,0.0119,-0.0201,-0.0136,0.49,0.2288
2795,2.795,-0.0125,0.0031,-0.0253,-0.0345,0.3785,0.3003
2796,2.796,-0.0236,-0.0001,-0.013,-0.0258,0.4822,0.365
2797,2.797,-0.0296,0.0072,-0.0043,0.0042,0.3895,0.3078
2798,2.798,-0.0276,0.0064,0.007,0.016,0.4749,0.361
2799,2.799,-0.0223,0.009,0.0141,0.0267,1.6357,0.986
2800,2.8,-0.0206,0.0053,0.0149,0.0299,1.1387,0.7314
2801,2.801,-0.0164,0.0089,0.0133,0.0269,0.3826,0.1886
2802,2.802,-0.02,0.0095,0.0097,0.0296,-0.3061,-0.1645
2803,2.803,-0.0231,0.0125,-0.0002,0.0272,-0.433,-0.2295
2804,2.804,-0.0258,0.0131,0.0032,0.0205,-0.5479,-0.2881
2805,2.805,-0.019,0.0136,0.0018,0.0225,-0.4465,-0.3414
2806,2.806,-0.0211,0.0167,-0.0058,0.0206,-0.354,-0.1976
2807,2.807,-0.0152,0.0133,-0.0071,0.0155,-1.2908,-0.8526
2808,2.808,-0.011,0.0131,-0.01,0.0016,-1.6654,-0.9465
2809,2.809,-0.0084,0.0086,-0.0174,-0.0003,-0.6452,-0.3499
2810,2.81,-0.0046,0.0071,-0.0151,0.0014,0.3173,0.1939
2811,2.811,-0.0104,-0.0003,-0.0147,-0.0001,0.4445,0.2659
2812,2.812,-0.0104,-0.0053,-0.024,-0.0054,0.4968,0.314
2813,2.813,-0.0234,-0.0041,-0.0297,-0.015,0.611,0.3788
2814,2.814,-0.0245,-0.003,-0.0196,-0.0011,0.5086,0.2051
2815,2.815,-0.0218,-0.0002,-0.0216,0.0008,0.7896,0.5751
2816,2.816,-0.0194,0.0007,-0.0181,0.0025,1.7263,1.0081
2817,2.817,-0.0172,0.0074,-0.0047,0.0041,0.854,0.485
2818,2.818,-0.0181,-0.0018,0.004,0.0111,0.0583,-0.0086
2819,2.819,-0.0189,-0.0003,0.012,0.0049,-0.2537,-0.2021
2820,2.82,-0.0108,0.0031,0.013,0.0039,-0.5368,-0.2612
2821,2.821,-0.0116,-0.0039,0.0055,0.003,-0.4532,-0.3146
2822,2.822,-0.016,-0.001,-0.0063,0.0022,-0.5316,-0.2669
2823,2.823,-0.0134,-0.0033,-0.0022,0.0049,-0.462,-0.3107
2824,2.824,-0.0081,-0.0024,0.0042,-0.0002,-1.4217,-0.9063
2825,2.825,-0.013,-0.0001,0.01,-0.0094,-1.2854,-0.8216
2826,2.826,-0.0136,-0.0094,0.0106,-0.0105,-0.4114,-0.1238
2827,2.827,-0.0097,-0.0132,0.0132,-0.0093,0.3848,0.1588
2828,2.828,-0.0114,-0.0043,0.0136,0.0003,0.4901,0.2452
2829,2.829,-0.0129,-0.0031,0.0123,0.0067,0.3981,0.3233
2830,2.83,-0.0068,-0.0082,0.0172,0.0058,0.4843,0.2538
2831,2.831,-0.0008,-0.0016,0.0162,0.0028,0.4078,0.1902
2832,2.832,-0.0004,-0.0023,0.0116,-0.0035,1.3223,0.8295
2833,2.833,0.0013,-0.0029,0.0096,-0.0009,1.4478,0.9151
2834,2.834,-0.0027,-0.0049,0.0118,-0.0015,0.6542,0.2178
2835,2.835,-0.0036,-0.0054,0.0127,0.0022,-0.2755,-0.2522
2836,2.836,-0.0035,-0.0025,0.0189,0.0006,-0.4029,-0.1689
2837,2.837,-0.0034,-0.0031,0.016,0.0013,-0.5177,-0.2472
2838,2.838,-0.0007,-0.0054,0.02,0.0019,-0.6221,-0.3183
2839,2.839,0.001,-0.0067,0.0084,0.0051,-0.3423,-0.2549
2840,2.84,-0.0029,-0.0051,-0.0002,0.0056,-0.7684,-0.5456
2841,2.841,-0.0003,-0.0098,0.0073,-0,-1.775,-1.0215
2842,2.842,-0.0035,-0.0059,0.0198,-0.0093,-1.0899,-0.5739
2843,2.843,-0.0003,-0.0138,0.0282,-0.0054,0.0343,0.067
2844,2.844,0.0006,-0.0214,0.0297,-0.0043,0.4898,0.3241
2845,2.845,-0.0008,-0.0153,0.0311,0.0011,0.3549,0.2477
2846,2.846,-0.0034,-0.0166,0.0198,-0.0033,0.4806,0.3187
2847,2.847,-0.001,-0.01,-0.0031,0.0011,0.5945,0.2552
2848,2.848,-0.006,-0.0132,-0.0063,-0.0025,0.4922,0.3134
2849,2.849,0.0005,-0.0077,-0.009,-0.0003,1.5223,1.0002
2850,2.85,0.003,-0.0119,-0.0061,0.0029,1.3861,0.7196
2851,2.851,0.0052,-0.0173,-0.0083,0.0048,0.2627,0.1223
2852,2.852,0.0072,-0.0161,-0.0059,0.0034,-0.1926,-0.2665
2853,2.853,0.0141,-0.0255,-0.0037,0.0077,-0.3318,-0.198
2854,2.854,0.0167,-0.0348,-0.0053,-0.0011,-0.4578,-0.263
2855,2.855,0.0191,-0.0229,-0.0033,-0.02,-0.5722,-0.322
2856,2.856,0.0227,-0.015,-0.0016,-0.0118,-0.4699,-0.27
2857,2.857,0.0219,-0.011,-0.0054,0.0005,-1.3126,-0.7988
2858,2.858,0.0236,-0.002,-0.0039,0.0027,-1.6533,-1.0105
2859,2.859,0.0299,-0.0089,-0.0026,-0.0075,-0.7256,-0.3067
2860,2.86,0.024,-0.0017,0.0008,-0.0094,0.1499,0.1629
2861,2.861,0.0233,-0.0033,-0.0016,0.0023,0.4928,0.2493
2862,2.862,0.0212,-0.0031,-0.0004,0.0038,0.5974,0.3272
2863,2.863,0.0154,-0.0063,-0.0023,-0.0089,0.5053,0.2573
2864,2.864,0.0147,-0.0031,-0.0083,-0.0208,0.4212,0.1934
2865,2.865,0.0083,-0.0017,-0.0105,-0.0194,0.8086,0.5998
2866,2.866,0.0058,-0.0028,-0.0063,-0.007,1.7234,0.9694
2867,2.867,0.0065,-0.005,-0.0039,-0.002,1.1008,0.5365
2868,2.868,0.0059,0.0012,-0.0077,-0.0006,0.0785,0.0115
2869,2.869,0.0002,-0.0002,-0.0101,0.0063,-0.3357,-0.2014
2870,2.87,0.0025,-0.0015,-0.0081,-0.0077,-0.462,-0.2669
2871,2.871,0.0046,0.0017,-0.0073,-0.0133,-0.5762,-0.326
2872,2.872,0.0116,-0.0023,-0.0021,-0.0218,-0.4743,-0.274
2873,2.873,0.0144,-0.0022,-0.0034,-0.0111,-0.5683,-0.3227
2874,2.874,0.0102,-0.0021,-0.0024,-0.0097,-1.6749,-0.9784
2875,2.875,0.0218,0.0043,-0.0098,-0.006,-1.5247,-0.6981
2876,2.876,0.0473,0.0031,-0.0104,0.0065,-0.2886,-0.1014
2877,2.877,0.0655,0.007,-0.0153,0.0082,0.2125,0.287
2878,2.878,0.0688,0.009,-0.0104,0.0067,0.3662,0.2179
2879,2.879,0.054,0.0067,-0.0058,0.0026,0.5047,0.2825
2880,2.88,0.0569,0.0107,-0.0032,0.0063,0.6306,0.3411
2881,2.881,0.0497,0.0182,-0.0008,0.0095,0.292,0.1829
2882,2.882,0.0162,0.0191,-0.001,0.0147,1.2193,0.8074
2883,2.883,-0.0273,0.0254,-0.0012,0.0082,1.5941,0.893
2884,2.884,-0.0446,0.0296,0.0039,0.0056,0.8005,0.3508
2885,2.885,-0.0604,0.0348,-0,0.0048,-0.1289,-0.1432
2886,2.886,-0.065,0.0355,-0.0038,0.014,-0.2559,-0.2087
2887,2.887,-0.0517,0.0425,-0.0082,0.0026,-0.3705,-0.2675
2888,2.888,-0.0397,0.0418,-0.0074,-0.0052,-0.4742,-0.3209
2889,2.889,-0.0142,0.0427,-0.0055,-0.0012,-0.3811,-0.2732
2890,2.89,-0.0043,0.0407,-0.0067,-0.005,-0.8065,-0.579
2891,2.891,-0.0373,0.0402,-0.0014,-0.0083,-1.8125,-1.0954
2892,2.892,-0.0857,0.0362,0.0037,-0.0095,-1.127,-0.6032
2893,2.893,-0.1308,0.036,0.0034,-0.0032,-0.0025,0.102
2894,2.894,-0.1601,0.0285,0.0031,-0.0024,0.4533,0.1974
2895,2.895,-0.1653,0.0233,-0.0002,0.0044,0.5929,0.2838
2896,2.896,-0.1509,0.0143,0.0011,0.0016,0.4699,0.3619
2897,2.897,-0.1201,0.0085,-0.0007,0.0007,0.5842,0.2922
2898,2.898,-0.06,0.0057,0.0004,0.0058,0.4824,0.3566
2899,2.899,-0.0168,0.0135,-0.0026,0.0037,1.5127,0.996
2900,2.9,0.0379,0.0132,-0.0045,0.0131,1.3768,0.7413
2901,2.901,0.0734,0.0096,-0.0095,0.0199,0.2538,0.1985
2902,2.902,0.0927,0.0065,-0.0114,0.0187,-0.2015,-0.1547
2903,2.903,0.087,0.0035,-0.0118,0.0154,-0.3406,-0.2201
2904,2.904,0.0712,-0.0015,-0.0088,0.0143,-0.4665,-0.2788
2905,2.905,0.0665,0.0029,-0.0029,0.015,-0.5807,-0.332
2906,2.906,0.0622,-0.0013,-0.0065,0.0107,-0.2727,-0.1881
2907,2.907,0.0504,-0.0036,-0.0015,0.0128,-1.3028,-0.8433
2908,2.908,0.0396,-0.0104,0.0003,0.0221,-1.7147,-0.9372
2909,2.909,0.0364,-0.0085,-0.0001,0.0258,-0.8418,-0.3407
2910,2.91,0.0335,-0.0104,-0.0026,0.0247,0.1811,0.2031
2911,2.911,0.0307,-0.0121,-0.0036,0.0236,0.321,0.2752
2912,2.912,0.0234,-0.0119,-0.01,0.0095,0.4475,0.3402
2913,2.913,0.0235,-0.015,-0.016,-0.0093,0.5492,0.3256
2914,2.914,0.0168,-0.0121,-0.0056,-0.0114,0.4367,0.268
2915,2.915,0.0147,-0.0107,-0.0068,-0.0021,0.7458,0.5324
2916,2.916,0.0128,-0.0139,-0.0079,-0.0072,1.7762,0.9653
2917,2.917,0.0009,-0.0125,-0.0227,-0.0272,1.091,0.5588
2918,2.918,0.0024,-0.0128,-0.0043,-0.0353,-0.0329,-0.0238
2919,2.919,0.0093,-0.008,0.003,-0.023,-0.4882,-0.2575
2920,2.92,0.0104,-0.0139,0.0009,-0.0522,-0.3532,-0.3286
2921,2.921,0.0094,-0.0177,0.003,-0.0802,-0.4789,-0.2652
2922,2.922,0.0104,-0.021,0.0124,-0.0693,-0.5933,-0.3235
2923,2.923,0.0112,-0.0165,0.0142,-0.0463,-0.4912,-0.3765
2924,2.924,0.0069,-0.0221,0.022,-0.0193,-1.7087,-1.0009
2925,2.925,0.0062,-0.0187,0.029,-0.0157,-1.5439,-0.746
2926,2.926,0.0013,-0.0173,0.0303,-0.0189,-0.4868,-0.2028
2927,2.927,-0.0044,-0.0145,0.0155,-0.004,0.4761,0.1509
2928,2.928,-0.0081,-0.012,0.0055,0.0042,0.354,0.2167
2929,2.929,-0.0032,-0.0072,-0.0074,0.0115,0.4683,0.2757
2930,2.93,-0.0062,-0.003,-0.0056,0.0271,0.5723,0.3293
2931,2.931,-0.0091,0.0028,-0.007,0.021,0.4796,0.1857
2932,2.932,-0.0086,-0.0015,-0.0056,0.0303,1.2459,0.6665
2933,2.933,-0.0099,0.0022,-0.0042,0.0422,1.5552,0.8591
2934,2.934,-0.0052,0.0056,-0.0031,0.0316,0.7119,0.3356
2935,2.935,-0.0036,0.0066,0.0024,0.0302,-0.0839,-0.158
2936,2.936,-0.0066,0.0029,-0.0002,0.0265,-0.3955,-0.2233
2937,2.937,-0.0018,0.0086,-0.0008,0.0187,-0.4907,-0.2821
2938,2.938,0.0024,0.007,0.003,0.005,-0.5772,-0.3353
2939,2.939,0.0089,0.0104,-0.0032,0.0144,-0.501,-0.1914
2940,2.94,0.0065,0.003,0.0029,0.0127,-0.7123,-0.497
2941,2.941,0.0088,-0.0062,-0.0007,0.0081,-1.6722,-1.0133
2942,2.942,0.0137,-0.0199,-0.004,0.0095,-0.9875,-0.521
2943,2.943,0.0068,-0.018,-0.0044,0.0032,-0.113,0.0563
2944,2.944,0.0003,-0.0027,-0.0025,0.0065,0.4566,0.2907
2945,2.945,-0.0056,-0.0088,-0.0048,0.0035,0.5613,0.3624
2946,2.946,-0.0078,-0.0033,-0.0016,-0.005,0.4688,0.2995
2947,2.947,-0.0098,-0.0017,0.0042,0.0006,0.5548,0.3583
2948,2.948,-0.0067,-0.0004,-0.0026,0.0017,0.478,0.3059
2949,2.949,-0.013,0.0008,-0.0033,0.0044,1.5329,1.027
2950,2.95,-0.0206,-0.0007,-0.0022,-0.0068,1.3827,0.7189
2951,2.951,-0.0277,-0.0042,-0.0014,-0.0052,0.4211,0.2499
2952,2.952,-0.0358,-0.0076,0.0008,-0.0011,-0.2054,-0.1775
2953,2.953,-0.0345,-0.0108,-0.0007,-0.0023,-0.3214,-0.2561
2954,2.954,-0.0351,-0.0138,0.0012,-0.0033,-0.4257,-0.3271
2955,2.955,-0.0283,-0.0149,0.0019,-0.0085,-0.5207,-0.2638
2956,2.956,-0.0152,-0.019,-0.0001,-0.0058,-0.4365,-0.2062
2957,2.957,0.013,-0.0139,-0.0038,-0.0083,-1.1334,-0.7873
2958,2.958,0.0331,-0.0152,-0.0031,-0.0061,-1.7897,-1.0199
2959,2.959,0.0367,-0.0194,0.0002,-0.0054,-0.6827,-0.3862
2960,2.96,0.0269,-0.0197,0,-0.0012,0.0742,0.2116
2961,2.961,0.024,-0.0128,0.0021,-0.0017,0.4883,0.2908
2962,2.962,0.0103,-0.0126,-0.003,-0.0042,0.6146,0.362
2963,2.963,-0.007,-0.0107,-0.0035,-0.0031,0.5027,0.2987
2964,2.964,-0.0182,-0.0141,0.0016,-0.0034,0.4007,0.2413
2965,2.965,-0.0243,-0.0049,0.0113,-0.0025,0.6819,0.5055
2966,2.966,-0.0188,-0.0045,0.0323,-0.0077,1.6187,1.0343
2967,2.967,-0.0172,0.0008,0.0354,-0.007,0.9962,0.5422
2968,2.968,-0.0096,-0.0057,0.0165,-0.0034,-0.0258,-0.035
2969,2.969,0.0028,-0.0077,-0.0205,-0.0029,-0.44,-0.2688
2970,2.97,0.0044,-0.0114,-0.0256,-0.0012,-0.3176,-0.3402
2971,2.971,0.0059,-0.0133,-0.0301,-0.0048,-0.4317,-0.277
2972,2.972,0.0045,-0.0121,-0.0167,-0.0018,-0.5356,-0.3354
2973,2.973,-0.0018,-0.0167,-0.0047,0.0038,-0.4427,-0.283
2974,2.974,-0.0075,-0.0095,-0.0011,0.0017,-1.5494,-1.0038
2975,2.975,-0.0129,-0.0162,-0.0107,-0.0059,-1.3995,-0.9014
2976,2.976,-0.0103,-0.0162,-0.0018,-0.0028,-0.4382,-0.2448
2977,2.977,-0.0027,-0.0182,0.0065,-0.0035,0.4372,0.1828
2978,2.978,0.0002,-0.0167,0.0139,0.0025,0.3268,0.2617
2979,2.979,0.0046,-0.0078,0.0074,0.0019,0.4313,0.3328
2980,2.98,0.0122,-0.0075,-0.0067,0.0014,0.5263,0.2695
2981,2.981,0.0109,-0.0097,-0.0085,0.0045,0.4422,0.2119
2982,2.982,0.0134,-0.0051,-0.0168,0.0017,1.1391,0.7932
2983,2.983,0.014,0.0011,-0.0213,0.0024,1.6083,0.871
2984,2.984,0.0022,-0.0063,-0.0116,0.0028,0.6714,0.3785
2985,2.985,-0.0166,-0.0031,-0.0127,0.0049,-0.2037,-0.0707
2986,2.986,-0.0192,-0.0003,-0.007,-0.0008,-0.3196,-0.2464
2987,2.987,-0.0172,0.0052,-0.0039,0.0018,-0.4242,-0.3
2988,2.988,-0.0073,0.0068,-0.0011,-0.0004,-0.5188,-0.3487
2989,2.989,0.0055,0.0144,-0.0019,-0.0039,-0.4344,-0.2182
2990,2.99,0.0307,0.0145,0.0034,0.0056,-0.667,-0.496
2991,2.991,0.0341,0.0167,0.007,-0.0012,-1.7224,-1.0374
2992,2.992,0.0372,0.0151,0.0014,-0.0075,-1.2703,-0.6506
2993,2.993,0.04,0.0185,0.0083,-0.0042,-0.0337,-0.0158
2994,2.994,0.048,0.0171,0.0038,-0.0011,0.4668,0.2414
2995,2.995,0.0456,0.0172,0.0013,0.0016,0.3182,0.3199
2996,2.996,0.0433,0.0183,0.005,0.0076,0.4567,0.391
2997,2.997,0.0248,0.0173,0.003,0.0129,0.5822,0.3276
2998,2.998,0.0176,0.0215,0.0046,0.0022,0.4696,0.27
2999,2.999,-0.0117,0.0207,0.004,0.0038,1.6026,0.957
3000,3,-0.0477,0.022,-0.0007,0.0079,1.4526,0.8639
3001,3.001,-0.0719,0.0213,-0.0025,-0.0009,0.4912,0.2668
3002,3.002,-0.1027,0.0214,0.0027,-0.0065,-0.3841,-0.122
3003,3.003,-0.0989,0.0201,0.002,-0.0012,-0.2736,-0.1936
3004,3.004,-0.0661,0.019,0.0062,0.0015,-0.5839,-0.2586
3005,3.005,-0.0442,0.0236,-0.0026,-0.001,-0.4916,-0.3175
3006,3.006,-0.0003,0.0232,0.0036,0.0042,-0.4074,-0.2652
3007,3.007,0.029,0.025,0.0025,-0.0007,-1.1042,-0.7938
3008,3.008,0.0449,0.0237,-0.0006,-0.0012,-1.7605,-1.0051
3009,3.009,0.0402,0.0252,0.002,0.004,-0.8239,-0.4293
3010,3.01,0.027,0.0192,-0.0005,0.0105,0.0515,0.1142
3011,3.011,0.0309,0.0223,-0.0043,0.0096,0.394,0.3269
3012,3.012,0.02,0.0186,-0.0093,0.0089,0.4986,0.264
3013,3.013,0.0036,0.023,-0.0099,0.0011,0.5936,0.3229
3014,3.014,-0.0069,0.0216,-0.0109,-0.0246,0.4312,0.2614
3015,3.015,-0.004,0.0272,-0.0115,-0.0151,0.6869,0.5257
3016,3.016,-0.0012,0.025,-0.0151,-0.0037,1.6934,1.0544
3017,3.017,-0.0084,0.0218,-0.0082,0.007,1.0084,0.5625
3018,3.018,-0.0149,0.0222,-0.0072,0.003,0.1338,-0.0146
3019,3.019,-0.021,0.0235,0.0031,0.0042,-0.4354,-0.2485
3020,3.02,-0.019,0.0197,0.0182,0.0053,-0.3345,-0.3199
3021,3.021,-0.0071,0.0277,0.0242,-0.0042,-0.4292,-0.2567
3022,3.022,0.0099,0.0224,0.0186,-0.0155,-0.5152,-0.315
3023,3.023,0.021,0.0244,0.0067,-0.0079,-0.4385,-0.2626
3024,3.024,0.0231,0.0293,-0.004,-0.0009,-1.4935,-0.9832
3025,3.025,0.025,0.0242,-0.0081,0.0028,-1.3436,-0.8808
3026,3.026,0.0266,0.0126,-0.007,0.0039,-0.3822,-0.2242
3027,3.027,0.0342,0.0046,0.0008,0.0008,0.2444,0.2034
3028,3.028,0.0382,0.0009,0.0018,0.0016,0.3604,0.2825
3029,3.029,0.0369,0.0068,-0.0046,0.0008,0.4646,0.3536
3030,3.03,0.0471,0.0151,-0.0089,0.006,0.5591,0.2906
3031,3.031,0.0401,0.0154,-0.0082,-0.0018,0.3048,0.2332
3032,3.032,0.0235,0.0019,-0.0004,0.0035,1.1564,0.709
3033,3.033,0.0122,-0.0027,-0.0014,0.0062,1.7235,0.9014
3034,3.034,0.006,-0.0031,-0.0022,0.0019,0.7961,0.378
3035,3.035,-0.0071,0.0068,0.0038,0.0026,-0.079,-0.1158
3036,3.036,-0.0054,0.0128,-0.0031,-0.0081,-0.4216,-0.1812
3037,3.037,-0.0099,0.0018,-0.0039,-0.0188,-0.5262,-0.2401
3038,3.038,-0.0195,0.0015,-0.0097,-0.0228,-0.4338,-0.2936
3039,3.039,-0.0331,-0.0016,-0.0044,-0.0115,-0.3494,-0.246
3040,3.04,-0.0422,0.0012,-0.0064,-0.0039,-0.7368,-0.4644
3041,3.041,-0.0437,-0.0012,-0.0021,-0.008,-1.7922,-1.0601
3042,3.042,-0.045,-0.0101,0.0068,-0.0118,-1.0389,-0.6345
3043,3.043,-0.0407,-0.0101,0.0182,-0.0174,-0.0768,0.0636
3044,3.044,-0.0519,-0.0176,0.0259,-0.0018,0.3002,0.1592
3045,3.045,-0.0593,-0.0267,0.0274,0.0094,0.4158,0.2457
3046,3.046,-0.0633,-0.0296,0.0337,0.0073,0.5197,0.3239
3047,3.047,-0.0519,-0.0296,0.0261,0.0017,0.4272,0.2544
3048,3.048,-0.0288,-0.0275,0.0147,0.0067,0.5131,0.3186
3049,3.049,-0.0058,-0.0295,0.0041,0.0082,1.5192,0.9581
3050,3.05,0.0149,-0.0312,0.0029,0.0122,1.383,0.8736
3051,3.051,0.0286,-0.0243,0.0018,0.0059,0.5094,0.1761
3052,3.052,0.0309,-0.0335,0.0009,0.0026,-0.2868,-0.1066
3053,3.053,0.0419,-0.0313,0.0001,0.0015,-0.3924,-0.1931
3054,3.054,0.0398,-0.0343,0.001,0.0041,-0.4877,-0.2714
3055,3.055,0.0268,-0.0304,-0.0031,0.0152,-0.5743,-0.3423
3056,3.056,0.0217,-0.0308,-0.0036,0.0167,-0.3433,-0.2789
3057,3.057,0.0202,-0.033,-0.0028,0.0152,-1.1174,-0.6858
3058,3.058,0.0217,-0.0334,-0.0044,0.0115,-1.8389,-1.0561
3059,3.059,0.0205,-0.0278,-0.0037,0.0104,-0.809,-0.5273
3060,3.06,0.0081,-0.0269,-0.0031,0.0113,0.1533,0.1073
3061,3.061,-0.0003,-0.0261,-0.0033,0.0048,0.2806,0.1938
3062,3.062,-0.0142,-0.0208,-0.0071,-0.0081,0.3953,0.2719
3063,3.063,-0.0272,-0.0144,-0.0054,-0.0138,0.4994,0.3426
3064,3.064,-0.0288,-0.0138,-0.0002,-0.019,0.4066,0.2789
3065,3.065,-0.0242,-0.0134,-0.002,-0.0267,0.6621,0.453
3066,3.066,-0.0145,-0.0117,-0.0076,-0.0254,1.6684,1.0342
3067,3.067,-0.0031,-0.0152,-0.0068,-0.0142,0.9832,0.6472
3068,3.068,0.0046,-0.021,0.0012,-0.0097,0.1083,0.0124
3069,3.069,0.006,-0.0152,-0.0017,-0.0028,-0.2344,-0.245
3070,3.07,0.0174,-0.015,-0.006,0.0009,-0.3395,-0.3238
3071,3.071,0.0281,-0.0089,0.0001,0.004,-0.4343,-0.2547
3072,3.072,0.024,-0.0143,0.0103,0.007,-0.5206,-0.3195
3073,3.073,0.0252,-0.0128,0.0008,0.0042,-0.4442,-0.2621
3074,3.074,0.0423,-0.0145,0.0047,0.005,-1.4995,-0.9494
3075,3.075,0.0446,-0.012,-0.003,0.0102,-1.6513,-0.8567
3076,3.076,0.0512,-0.0126,-0.0059,0.018,-0.416,-0.2601
3077,3.077,0.0613,-0.0167,-0.0031,0.0086,0.4166,0.2831
3078,3.078,0.0668,-0.0175,-0.0108,0.0074,0.5696,0.214
3079,3.079,0.0617,-0.0146,-0.0097,-0.0051,0.4336,0.2786
3080,3.08,0.0541,-0.0131,-0.0104,-0.0068,0.5593,0.3371
3081,3.081,0.0359,-0.0087,-0.0112,0.0008,0.4469,0.2844
3082,3.082,-0.0013,-0.008,-0.0134,-0.0033,1.1677,0.7165
3083,3.083,-0.0386,-0.0088,-0.0084,-0.007,1.6364,1.007
3084,3.084,-0.0725,-0.0145,-0.0001,-0.006,0.8696,0.4251
3085,3.085,-0.1033,-0.0144,0.0031,-0.007,-0.0601,-0.1187
3086,3.086,-0.1152,-0.0174,0.0061,0.0014,-0.4368,-0.1909
3087,3.087,-0.126,-0.012,0.0107,0.0046,-0.5519,-0.2562
3088,3.088,-0.1162,-0.0105,0.0081,-0.0049,-0.4503,-0.3153
3089,3.089,-0.0954,-0.0148,0.0058,0.0014,-0.3579,-0.2633
3090,3.09,-0.0707,-0.0172,0.0022,0.0092,-0.6137,-0.5042
3091,3.091,-0.0477,-0.0119,0.0026,0.0122,-1.7753,-1.0729
3092,3.092,-0.0206,-0.0012,-0.004,0.0038,-1.2785,-0.6866
3093,3.093,0.0048,0.0023,-0.0016,-0.0111,-0.2205,-0.0525
3094,3.094,0.0214,-0.0008,-0.0024,0.0032,0.4682,0.2042
3095,3.095,0.0364,-0.0063,-0.0062,0.0126,0.3458,0.2823
3096,3.096,0.0447,0.0036,-0.0022,0.0076,0.4601,0.3527
3097,3.097,0.0472,0.0006,-0.0088,-0.0063,0.564,0.289
3098,3.098,0.0452,0.0006,-0.0032,-0.0155,0.4711,0.2309
3099,3.099,0.0474,0.0055,-0.0014,-0.0003,1.4076,0.9174
3100,3.1,0.0532,0.0075,-0.0024,0.0059,1.5329,0.8238
3101,3.101,0.0415,0.0052,-0.0034,0.0078,0.5119,0.2266
3102,3.102,0.0462,0.0049,-0.0033,0.0061,-0.1767,-0.1627
3103,3.103,0.0394,0.0029,-0.0043,0.0016,-0.3038,-0.2348
3104,3.104,0.0358,0.0055,-0.0006,0.0086,-0.4187,-0.3002
3105,3.105,0.0255,0.008,-0.0027,0.0074,-0.5229,-0.3594
3106,3.106,0.0186,0.0113,0.0045,0.0019,-0.4303,-0.2021
3107,3.107,0.0099,0.0099,0.0008,0.001,-1.0264,-0.7313
3108,3.108,0.0088,0.0043,0.0013,0.0019,-1.7236,-0.9429
3109,3.109,-0.0007,0.013,-0.0056,0.0061,-0.8809,-0.3676
3110,3.11,-0.0095,0.0331,-0.0156,0.004,0.1416,0.1754
3111,3.111,-0.0221,0.0775,-0.0199,0.0033,0.2816,0.2468
3112,3.112,-0.0307,0.0834,-0.0214,0.0003,0.4078,0.3113
3113,3.113,-0.0354,0.0772,-0.023,0.0055,0.5223,0.3696
3114,3.114,-0.0286,0.0716,-0.0209,0.0006,0.4205,0.2115
3115,3.115,-0.0199,0.0765,-0.0226,0.002,0.661,0.4425
3116,3.116,-0.0163,0.0618,-0.0154,-0.0022,1.6914,0.9709
3117,3.117,-0.0196,0.0573,-0.019,0.0007,1.0065,0.6192
3118,3.118,-0.0124,0.0533,-0.0205,-0.0071,0.132,0.0419
3119,3.119,0.0016,0.0496,-0.0288,-0.0038,-0.4371,-0.1923
3120,3.12,0.02,0.0464,-0.0157,-0.0048,-0.3362,-0.2642
3121,3.121,0.0324,0.0377,-0.0069,-0.0039,-0.431,-0.3293
3122,3.122,0.0302,0.0352,0.0009,-0.0047,-0.517,-0.2721
3123,3.123,0.0322,0.0281,-0.0072,-0.0099,-0.4403,-0.3255
3124,3.124,0.0266,0.0218,0.0019,-0.0205,-1.4954,-0.9505
3125,3.125,0.0249,0.016,0.0025,-0.0281,-1.6468,-0.8662
3126,3.126,0.0143,0.0071,0.0052,-0.024,-0.4116,-0.1692
3127,3.127,0.0102,0.0025,0.0141,-0.0127,0.4211,0.1134
3128,3.128,-0.0012,0.0045,0.0074,0.0043,0.2732,0.1998
3129,3.129,-0.0118,0.0092,-0.0034,0.0021,0.4119,0.2775
3130,3.13,-0.0215,-0.0015,-0.0026,0.0042,0.5375,0.3483
3131,3.131,-0.0178,0.0007,0.0032,0.006,0.425,0.2847
3132,3.132,-0.0189,-0.0027,0.0105,0.0077,1.1461,0.6913
3133,3.133,-0.0263,-0.0056,0.0153,0.0123,1.6151,0.9556
3134,3.134,-0.031,-0.0104,0.0103,0.0053,0.8486,0.4267
3135,3.135,-0.032,-0.0065,0.0074,0.0065,-0.0809,-0.0674
3136,3.136,-0.0269,-0.0084,0.0018,0.0009,-0.4576,-0.2611
3137,3.137,-0.0207,-0.01,0.0021,0.004,-0.3462,-0.3203
3138,3.138,-0.0166,-0.0128,0.0023,0.0013,-0.4505,-0.2684
3139,3.139,-0.016,-0.0099,0.0108,0.0021,-0.3579,-0.2209
3140,3.14,-0.0254,-0.0094,0.0142,0.0015,-0.6136,-0.4397
3141,3.141,-0.0419,-0.0125,0.0129,-0.0079,-1.7749,-1.0355
3142,3.142,-0.0531,-0.0193,0.0221,-0.0116,-1.2779,-0.6101
3143,3.143,-0.0511,-0.0172,0.0207,-0.0013,-0.22,-0.0668
3144,3.144,-0.0381,-0.0319,0.0215,-0.0082,0.4688,0.2867
3145,3.145,-0.016,-0.0375,0.0223,0.0031,0.3466,0.2239
3146,3.146,-0.0011,-0.0263,0.0267,0.0076,0.4611,0.2827
3147,3.147,0.0127,-0.0234,0.0274,0.0035,0.5648,0.3362
3148,3.148,0.0351,-0.0105,0.0326,0.0072,0.4721,0.2886
3149,3.149,0.044,-0.0141,0.0289,0.004,1.4087,0.9441
3150,3.15,0.0414,-0.0061,0.032,0.0029,1.5341,0.8511
3151,3.151,0.0391,-0.0088,0.0348,0.0056,0.5134,0.2545
3152,3.152,0.0413,-0.0046,0.027,-0.0003,-0.175,-0.1341
3153,3.153,0.0393,-0.0047,0.0099,-0.0119,-0.3019,-0.2057
3154,3.154,0.0337,-0.0083,-0.0073,-0.0102,-0.4165,-0.2704
3155,3.155,0.032,-0.0065,-0.005,-0.0026,-0.5205,-0.3289
3156,3.156,0.0366,-0.0125,-0.0069,0.0014,-0.4277,-0.2763
3157,3.157,0.0436,-0.0108,-0.0049,0.0025,-1.0237,-0.7085
3158,3.158,0.0425,-0.0092,-0.0098,0.0057,-1.7206,-0.9992
3159,3.159,0.0393,-0.0136,-0.0051,0.0026,-0.8776,-0.4175
3160,3.16,0.0362,-0.0135,-0.0089,-0.0002,0.1451,0.1263
3161,3.161,0.0222,-0.0145,-0.0024,0.004,0.2854,0.1986
3162,3.162,0.012,-0.012,-0.0012,0.0018,0.4118,0.2638
3163,3.163,0.0063,-0.0088,-0.0039,0.0024,0.5262,0.3229
3164,3.164,0.0114,-0.0094,-0.0064,0.0007,0.4246,0.2709
3165,3.165,0.0037,-0.0076,-0.0035,0.0001,0.7062,0.4153
3166,3.166,-0.0088,-0.0128,-0.0054,-0.0035,1.6433,0.9837
3167,3.167,-0.0273,-0.0082,-0.003,0.0025,1.021,0.5973
3168,3.168,-0.0397,-0.0084,-0.0069,-0.0001,0.226,0.104
3169,3.169,-0.0508,-0.006,-0.0036,0.002,-0.2916,-0.2172
3170,3.17,-0.0487,-0.0074,-0.0007,0.0026,-0.3871,-0.2762
3171,3.171,-0.0319,-0.0043,-0.0072,0.0009,-0.4734,-0.3295
3172,3.172,-0.0252,-0.0035,-0.0057,0.0013,-0.5516,-0.2817
3173,3.173,-0.0231,-0.0056,-0.0098,0.0018,-0.4819,-0.2379
3174,3.174,-0.0249,-0.0075,-0.0069,0.0048,-1.4411,-0.8332
3175,3.175,-0.013,-0.0077,-0.0071,-0.0016,-1.5788,-0.9185
3176,3.176,-0.0145,-0.0073,-0.0102,-0.0138,-0.4559,-0.2207
3177,3.177,-0.0241,-0.0063,-0.0068,-0.0053,0.3015,0.2497
3178,3.178,-0.0329,-0.0088,0.0001,-0.0007,0.4414,0.1663
3179,3.179,-0.0252,-0.0079,-0.002,0.0035,0.5675,0.2449
3180,3.18,-0.0137,-0.0076,-0.0009,0.0048,0.4557,0.3161
3181,3.181,0.0032,-0.0035,-0.004,0.0038,0.3539,0.253
3182,3.182,0.0144,-0.0031,-0.0053,0.0008,1.0097,0.6602
3183,3.183,0.0246,-0.0015,-0.0019,-0.0055,1.6064,1.0307
3184,3.184,0.0228,0.003,0,-0.003,0.9096,0.4061
3185,3.185,0.0313,0.0045,0.0026,-0.0036,-0.1228,-0.021
3186,3.186,0.0298,0.006,-0.0009,-0.0042,-0.2626,-0.2544
3187,3.187,0.0257,0.0042,-0.003,-0.0012,-0.3888,-0.3254
3188,3.188,0.0246,0.0051,-0.0004,0.0006,-0.5033,-0.2617
3189,3.189,0.0417,0.0113,0.0011,0.0084,-0.401,-0.32
3190,3.19,0.0442,-0.0012,0.0011,-0.0064,-0.6823,-0.4782
3191,3.191,0.0464,-0.0032,-0.0038,-0.0003,-1.7894,-1.1028
3192,3.192,0.0322,-0.0051,-0.0056,0.0016,-1.3377,-0.6771
3193,3.193,0.0118,-0.0041,-0.006,-0,-0.1015,0.0214
3194,3.194,-0.0183,-0.0032,-0.0027,0.0076,0.3993,0.3043
3195,3.195,-0.0382,0.002,-0.0076,0.0036,0.5525,0.2208
3196,3.196,-0.0489,-0.0014,-0.018,0.0049,0.4166,0.299
3197,3.197,-0.0456,0.0028,-0.0131,0.006,0.5423,0.2297
3198,3.198,-0.0306,0.0016,-0.0115,0.0008,0.43,0.2942
3199,3.199,-0.0114,-0.0025,-0.0025,-0.0056,1.3572,0.9338
3200,3.2,-0.0089,-0.0064,0.0034,-0.003,1.4825,0.8493
3201,3.201,-0.02,-0.0037,0.0088,0.004,0.4617,0.3068
3202,3.202,-0.022,-0.0024,-0.0031,0.0049,-0.2268,-0.1871
3203,3.203,-0.0239,-0.0012,-0.0013,0.0041,-0.3538,-0.2525
3204,3.204,-0.0289,0.0015,-0.0087,0.0035,-0.4686,-0.3113
3205,3.205,-0.0305,0.0067,-0.0045,0.0028,-0.5727,-0.3647
3206,3.206,-0.0265,0.007,-0.0132,-0.0014,-0.4801,-0.2209
3207,3.207,-0.0229,0.006,-0.0027,0.0015,-1.0763,-0.7015
3208,3.208,-0.0059,0.0051,-0.0067,0.0031,-1.7735,-1.0216
3209,3.209,0.0212,0.0019,-0.0077,0.0043,-0.9306,-0.4982
3210,3.21,0.0319,0.003,-0.0066,-0.0021,0.0917,0.1367
3211,3.211,0.035,0.0049,-0.0055,-0.0012,0.506,0.2236
3212,3.212,0.0199,0.0006,-0.0062,0.0031,0.3831,0.3018
3213,3.213,0.0116,0.0008,-0.0035,0.0009,0.4977,0.3727
3214,3.214,0.0091,0.0016,0.0018,0.0116,0.3959,0.3093
3215,3.215,0.0067,0.0016,-0.003,0.0131,0.6772,0.3674
3216,3.216,0.0087,-0.0021,0.0008,0.0185,1.6627,1.0158
3217,3.217,-0.0058,-0.006,0.0026,0.0116,1.2375,0.6463
3218,3.218,0.0033,-0.0032,-0.0013,0.0154,0.2293,0.1164
3219,3.219,-0.002,-0.0064,-0.0018,0.0121,-0.1849,-0.2371
3220,3.22,0.0023,-0.0064,-0.0039,0.0006,-0.3115,-0.3024
3221,3.221,0.0062,-0.0043,0.0026,-0.01,-0.4262,-0.3614
3222,3.222,0.0073,0.0006,0.0149,-0.0252,-0.5302,-0.3093
3223,3.223,0.004,0.0039,0.0234,-0.0273,-0.4375,-0.2617
3224,3.224,0.0051,0.0041,0.022,-0.0291,-1.3741,-0.9172
3225,3.225,0.0096,0.0068,0.0151,-0.0309,-1.4994,-0.8242
3226,3.226,0.0105,0.004,0.0014,-0.0385,-0.4787,-0.2277
3227,3.227,0.0068,0.0042,-0.0041,-0.0316,0.2099,0.1608
3228,3.228,0.0019,-0.0007,-0.0023,-0.0228,0.337,0.2323
3229,3.229,-0.0039,0.0033,-0.0037,-0.0103,0.4517,0.2967
3230,3.23,-0.0033,0.0096,-0.0022,-0.0019,0.5559,0.355
3231,3.231,-0.0098,0.0086,-0.0033,0.0088,0.4631,0.1969
3232,3.232,-0.0141,0.0154,0,0.0157,1.0591,0.6292
3233,3.233,-0.0058,0.0125,-0.0009,0.0144,1.6013,1.0359
3234,3.234,-0.0026,0.0082,0.0038,0.0134,0.8273,0.4544
3235,3.235,0.0004,0.0074,-0.0003,0.0144,-0.1025,-0.0893
3236,3.236,-0.0022,0.0151,0.002,0.0116,-0.2301,-0.3021
3237,3.237,0.0004,0.0098,0.007,-0.0013,-0.5715,-0.2395
3238,3.238,0.0012,0.0089,0.0076,-0.0144,-0.4702,-0.2987
3239,3.239,0.0049,0.0063,0.0094,0.0008,-0.3778,-0.2467
3240,3.24,0.002,0.01,0.006,0.0028,-0.6337,-0.4876
3241,3.241,-0.0007,0.0064,0.0057,0.0009,-1.7953,-1.1434
3242,3.242,-0.0021,0.0034,0.0087,0.0025,-1.2989,-0.6759
3243,3.243,-0.0063,0.0005,0.0045,-0.0051,-0.2413,-0.0789
3244,3.244,-0.0079,0.002,-0.003,0.0073,0.4472,0.3097
3245,3.245,-0.0043,0.0051,-0.006,-0.0012,0.325,0.2406
3246,3.246,-0.0104,0.0031,-0.0087,0.0034,0.4394,0.3051
3247,3.247,-0.0078,0.0013,-0.0078,0.002,0.5429,0.3634
3248,3.248,0.0037,-0.0011,-0.0114,-0.0094,0.4496,0.3105
3249,3.249,0.0088,-0.0061,-0.0078,0.0012,1.3858,0.935
3250,3.25,0.0104,-0.0167,-0.0061,0.0081,1.5108,0.8502
3251,3.251,0.0091,-0.0242,-0.0043,0.0117,0.4896,0.3074
3252,3.252,0.0103,-0.0034,-0.0007,0.0085,-0.1994,-0.1867
3253,3.253,0.0182,0.0055,-0.0003,0.0115,-0.3267,-0.2523
3254,3.254,0.0236,0.0029,-0.0049,0.0106,-0.4417,-0.3113
3255,3.255,0.021,0.0054,-0.0032,-0.0023,-0.5459,-0.3651
3256,3.256,0.017,0.0033,-0.0002,-0.0005,-0.4534,-0.2215
3257,3.257,0.0119,0.0014,0.0046,0.0045,-1.05,-0.7022
3258,3.258,0.0141,0.0033,0.0063,0.009,-1.7475,-1.0224
3259,3.259,0.0085,0.0052,0.0023,0.002,-0.905,-0.4992
3260,3.26,0.0049,0.0007,0.0009,-0.0119,0.1172,0.1355
3261,3.261,0.0099,0.0049,-0.0002,-0.0027,0.2569,0.2224
3262,3.262,0.0058,0.0062,0.001,-0.001,0.3831,0.3006
3263,3.263,0.01,0.0073,-0.0047,0.0005,0.4972,0.3715
3264,3.264,0.0179,0.0022,-0.0072,0.0045,0.395,0.3081
3265,3.265,0.0189,0.0015,-0.0019,0.0008,0.6759,0.3663
3266,3.266,0.0159,0.0041,0.0089,-0.0024,1.6123,0.9474
3267,3.267,0.0114,-0.001,0.0105,0.0028,1.239,0.7156
3268,3.268,-0.0014,-0.0073,0.0146,0.0001,0.217,0.0811
3269,3.269,-0.0181,-0.003,0.0033,0.001,-0.1975,-0.176
3270,3.27,-0.0336,-0.0051,-0.0012,0.0017,-0.3244,-0.2545
3271,3.271,-0.0602,-0.0014,-0.0052,-0.0019,-0.4392,-0.3255
3272,3.272,-0.0637,-0.0043,-0.0089,0.0023,-0.5435,-0.262
3273,3.273,-0.0604,-0.0071,-0.0166,0.0018,-0.4509,-0.3204
3274,3.274,-0.0333,-0.0054,-0.0135,0.0053,-1.3877,-0.9015
3275,3.275,-0.0225,-0.0075,-0.0126,0.0002,-1.5135,-0.8246
3276,3.276,0.0006,-0.0018,-0.0135,0.0009,-0.4929,-0.1904
3277,3.277,0.0213,-0.0054,-0.0142,0.0014,0.1954,0.2373
3278,3.278,0.0404,-0.0018,-0.0107,-0.005,0.3224,0.3162
3279,3.279,0.0476,-0.0022,-0.0112,-0.0092,0.4368,0.2471
3280,3.28,0.0587,0.0008,-0.0025,-0.0006,0.5407,0.312
3281,3.281,0.0444,0.0044,-0.0063,0.0006,0.4478,0.2547
3282,3.282,0.0201,0.0023,-0.0031,0.0017,1.0437,0.6248
3283,3.283,-0.003,-0.004,0.0041,0.001,1.7409,0.9619
3284,3.284,-0.0301,-0.0066,0.0143,0.0036,0.8981,0.4816
3285,3.285,-0.0556,0.0012,0.0073,0,-0.1242,-0.0953
3286,3.286,-0.0854,-0.004,-0.0016,-0.0019,-0.2642,-0.1741
3287,3.287,-0.0816,-0.0048,-0.0028,0.0024,-0.3903,-0.2451
3288,3.288,-0.0708,-0.0022,-0.0019,0.0008,-0.505,-0.3093
3289,3.289,-0.0479,-0.0043,0.0063,0.0055,-0.4031,-0.2515
3290,3.29,-0.0271,-0.0036,0.0094,0.0061,-0.497,-0.4098
3291,3.291,-0.0135,-0.0041,0.0144,-0.0026,-1.7743,-1.0344
3292,3.292,-0.0012,-0.0024,0.0244,-0.0088,-1.2279,-0.7792
3293,3.293,0.0191,-0.0028,0.0201,-0.0032,-0.3963,-0.0809
3294,3.294,0.0272,-0.0032,0.011,0.0021,0.3609,0.2022
3295,3.295,0.0345,-0.0019,0.0051,0.0013,0.5007,0.289
3296,3.296,0.0366,0.0017,0.0099,-0.0046,0.6267,0.3674
3297,3.297,0.0386,0.0006,0.0087,-0.0067,0.5147,0.298
3298,3.298,0.0442,0.0018,-0.0029,0.0011,0.4125,0.2349
3299,3.299,0.0255,0.0021,-0.0048,0.0041,1.4429,0.8747
3300,3.3,0.0082,-0.0031,-0.0121,0.005,1.581,0.7905
3301,3.301,-0.0074,-0.0009,-0.0137,-0.0009,0.4586,0.2482
3302,3.302,-0.0136,0.0026,-0.013,0.0014,-0.2983,-0.2453
3303,3.303,-0.0192,-0.0004,-0.0124,0.0034,-0.4378,-0.1826
3304,3.304,-0.0109,-0.0044,-0.0083,0.0052,-0.5637,-0.3573
3305,3.305,-0.0033,0.0013,-0.0095,0.014,-0.4516,-0.3051
3306,3.306,0.0035,0.0051,-0.0077,0.0103,-0.3494,-0.2571
3307,3.307,0.0147,0.0002,-0.0102,-0.0067,-1.0049,-0.6501
3308,3.308,0.0191,0.0032,-0.0089,0.0006,-1.7715,-1.0199
3309,3.309,0.023,0.0037,-0.0158,0.0072,-0.8443,-0.4908
3310,3.31,0.024,0.0043,-0.0137,-0.007,0.031,0.1442
3311,3.311,0.0183,0.0031,-0.0089,-0.0126,0.3742,0.2314
3312,3.312,0.0212,0.0059,-0.0073,-0.0143,0.4792,0.3099
3313,3.313,0.0165,0.0085,-0.0094,-0.0128,0.5742,0.3811
3314,3.314,0.0155,0.0046,-0.0151,-0.0088,0.4902,0.3179
3315,3.315,0.016,-0.0032,-0.022,-0.015,0.568,0.3762
3316,3.316,0.0094,-0,-0.0182,-0.0183,1.6235,1.0633
3317,3.317,-0.0019,0.0015,-0.018,-0.0125,1.2094,0.6776
3318,3.318,-0.0116,0.0025,-0.0115,-0.0011,0.152,0.0211
3319,3.319,-0.0105,0.0051,-0.0146,0.0096,-0.2621,-0.236
3320,3.32,-0.0096,0.0009,-0.021,0.0136,-0.3885,-0.3145
3321,3.321,-0.0148,0.0046,-0.0161,0.0098,-0.503,-0.2451
3322,3.322,-0.0101,-0.0003,-0.0073,0.0108,-0.6068,-0.3097
3323,3.323,-0.0075,0.0013,-0.0014,0.0077,-0.3267,-0.252
3324,3.324,0.0042,0.0054,0.0014,0.005,-1.4335,-0.9391
3325,3.325,0.023,-0.0014,0.004,0.0041,-1.5853,-0.846
3326,3.326,0.0255,-0.0023,0.0101,-0.0012,-0.6243,-0.2493
3327,3.327,0.0235,-0.0031,0.0105,-0.0119,0.251,0.1396
3328,3.328,0.0175,0.0006,0.0064,-0.0349,0.3668,0.2114
3329,3.329,0.0121,-0.0058,0.0012,-0.0382,0.4711,0.2763
3330,3.33,0.0037,-0.0033,-0.0009,-0.0174,0.5657,0.2189
3331,3.331,-0.0038,0.0036,0.0041,0.0016,0.3112,0.1666
3332,3.332,-0.0163,-0.0028,0.0031,0.0139,0.853,0.5991
3333,3.333,-0.018,0.0014,-0.0029,0.0072,1.6273,1.0061
3334,3.334,-0.0225,0.0067,0.0069,-0.003,0.9065,0.5303
3335,3.335,-0.0129,0.0018,0.0163,0.0062,-0.1262,-0.0471
3336,3.336,-0.0118,-0.004,0.0124,0.0146,-0.2664,-0.2811
3337,3.337,-0.0128,0.0012,0.0178,0.0161,-0.3928,-0.212
3338,3.338,-0.0098,0.0061,0.0271,0.0147,-0.5076,-0.2768
3339,3.339,-0.0162,0.0004,0.0358,0.0084,-0.406,-0.2195
3340,3.34,-0.0273,-0.0034,0.0324,0.0094,-0.5004,-0.3781
3341,3.341,-0.0348,-0.0041,0.0229,0.0063,-1.7776,-1.0031
3342,3.342,-0.0278,-0.0058,0.0265,0.0071,-1.2315,-0.7484
3343,3.343,-0.0265,-0.0146,0.0297,0.0011,-0.4003,-0.0507
3344,3.344,-0.0208,-0.0285,0.0348,0.0033,0.3563,0.2319
3345,3.345,-0.0049,-0.0154,0.0394,0.0039,0.4956,0.3182
3346,3.346,0.0109,-0.0036,0.0334,0.0034,0.6213,0.2416
3347,3.347,0.0131,0.004,0.0219,0.0028,0.5089,0.3122
3348,3.348,0.0114,0.0081,-0.0034,0.0013,0.4062,0.2485
3349,3.349,0.0099,0.0092,-0.007,0.0035,1.2486,0.8878
3350,3.35,0.0147,0.0082,-0.0101,0.0023,1.5888,0.803
3351,3.351,0.0135,0.0072,-0.0072,-0.0013,0.6606,0.2603
3352,3.352,0.0198,-0.0013,-0.0044,-0.0082,-0.2152,-0.2337
3353,3.353,0.0209,0.0019,-0.0066,-0.0155,-0.3316,-0.1714
3354,3.354,0.0179,0.0049,-0.0043,-0.0219,-0.4365,-0.3464
3355,3.355,0.0283,-0.0015,-0.0062,-0.0125,-0.5317,-0.2943
3356,3.356,0.0243,-0.0007,-0.0042,-0.0062,-0.4479,-0.2466
3357,3.357,0.0357,0.0015,-0.0023,0.0016,-0.9902,-0.6399
3358,3.358,0.0312,0.0021,-0.0066,0.0046,-1.7649,-1.0099
3359,3.359,0.0243,0.0016,-0.0104,0.0092,-1.0448,-0.4813
3360,3.36,0.013,0.0032,-0.009,0.0049,-0.0122,0.1536
3361,3.361,0.0085,-0.0015,-0.0009,0.0102,0.4019,0.2404
3362,3.362,0.0126,0.0001,-0.0016,0.0037,0.5279,0.319
3363,3.363,0.0114,0.0065,-0.0004,0.0046,0.6422,0.39
3364,3.364,0.0169,0.004,-0.0043,0.0039,0.5401,0.3267
3365,3.365,0.0178,0.0061,-0.0032,0.0075,0.6337,0.385
3366,3.366,0.0037,0.004,-0.0049,0.0033,1.5701,0.9663
3367,3.367,-0.027,0.0045,-0.005,0.0028,1.1968,0.7346
3368,3.368,-0.0669,0.0016,-0.0029,0.0013,0.1748,0.1003
3369,3.369,-0.0935,0.001,-0.003,0.0035,-0.2398,-0.1568
3370,3.37,-0.108,-0.0012,-0.0023,0.0047,-0.3669,-0.2354
3371,3.371,-0.1036,-0.0052,-0.0015,0.0022,-0.4815,-0.3063
3372,3.372,-0.0837,-0.0037,-0,-0.003,-0.5855,-0.2428
3373,3.373,-0.051,-0.0026,-0.0013,-0.0099,-0.3057,-0.3012
3374,3.374,-0.0291,-0.003,0.0043,-0.0035,-1.4127,-0.8823
3375,3.375,-0.0013,-0.0005,0.0054,-0.0009,-1.5644,-0.96
3376,3.376,0.0388,-0.0058,0.0075,0.0013,-0.6038,-0.326
3377,3.377,0.044,-0.0037,0.0062,-0.0051,0.2717,0.1018
3378,3.378,0.0487,0.0012,-0.0012,0.0008,0.3878,0.1808
3379,3.379,0.0442,-0.0046,-0.0086,0.0015,0.4922,0.252
3380,3.38,0.0481,-0.0009,-0.0113,0.0093,0.587,0.3167
3381,3.381,0.0446,-0.003,-0.0136,0.0083,0.3327,0.2592
3382,3.382,0.0414,-0.0061,-0.0125,0.0129,0.8746,0.6292
3383,3.383,0.0325,0.0003,-0.0115,0.0121,1.649,1.0622
3384,3.384,0.0298,-0.0023,-0.0106,0.0099,0.9284,0.5391
3385,3.385,0.0274,0.0062,-0.0119,-0.0007,-0.1038,-0.0954
3386,3.386,0.0162,-0.0016,-0.0052,-0.0113,-0.2436,-0.1819
3387,3.387,0.0101,0.0036,-0.0058,-0.0153,-0.3697,-0.2602
3388,3.388,0.0119,0.0045,-0.0018,-0.0241,-0.4839,-0.3309
3389,3.389,0.0136,0.0053,-0.0036,-0.007,-0.5874,-0.2673
3390,3.39,0.009,0.0016,0.0009,-0.0046,-0.4939,-0.3253
3391,3.391,0.005,0.0022,-0.0041,-0.0023,-1.7707,-1.0122
3392,3.392,-0.0012,-0.0035,-0.0019,-0.0043,-1.224,-0.7316
3393,3.393,-0.0182,0.0002,-0.0048,-0.0062,-0.3921,-0.1345
3394,3.394,-0.0405,-0.0005,-0.0052,-0.0112,0.3651,0.2543
3395,3.395,-0.0492,-0.0036,-0.0026,-0.0097,0.5047,0.3259
3396,3.396,-0.0518,-0.0076,-0.0013,-0.0166,0.6312,0.2629
3397,3.397,-0.0493,0.0002,-0,-0.0078,0.5197,0.3214
3398,3.398,-0.0381,0.0035,-0.001,0.0025,0.4179,0.269
3399,3.399,-0.0238,0.0066,0,0.0066,1.261,0.8937
3400,3.4,-0.007,0.0039,-0.0023,0.0003,1.602,0.8091
3401,3.401,0.0086,0.0048,0.0002,0.0059,0.6747,0.2666
3402,3.402,0.0228,-0.0004,-0.0051,0.0048,-0.2001,-0.2274
3403,3.403,0.021,0.0045,0.0019,0.0021,-0.3155,-0.2928
3404,3.404,0.0227,0.0051,0.0064,0.0046,-0.4197,-0.3517
3405,3.405,0.0182,-0.0001,-0.0031,0.0039,-0.5139,-0.2996
3406,3.406,0.0141,0.0048,-0.0043,0.0004,-0.4291,-0.252
3407,3.407,0.0079,0.0007,-0.0099,-0.0002,-0.8159,-0.5577
3408,3.408,0.0111,-0.001,-0.013,0.0028,-1.8711,-1.0743
3409,3.409,0.0184,0.0006,-0.0176,0.0013,-1.1169,-0.4412
3410,3.41,0.0175,0.0018,-0.0202,0.0035,0.1203,-0.0139
3411,3.411,0.0286,-0.0037,-0.015,-0.0029,0.2898,0.22
3412,3.412,0.0332,0.0064,-0.013,-0.0002,0.4431,0.2913
3413,3.413,0.0372,0.0078,-0.0147,0.0023,0.5819,0.3559
3414,3.414,0.0283,0.0016,-0.0131,0.0029,0.4587,0.2984
3415,3.415,0.0158,-0.0016,-0.0096,0.005,0.573,0.3516
3416,3.416,0.0039,0.0037,-0.0066,0.0033,1.7063,0.9763
3417,3.417,-0.0007,0.001,-0.0046,0.0027,1.2551,0.7212
3418,3.418,-0.0117,0.0048,-0.006,0.0049,0.3028,0.125
3419,3.419,-0.0131,0.0057,-0.0057,0.0044,-0.3853,-0.2638
3420,3.42,-0.0195,0.002,-0.0054,0.0047,-0.5119,-0.1951
3421,3.421,-0.0047,0.0069,-0.0078,-0.0001,-0.3999,-0.2601
3422,3.422,0.0094,0.0027,-0.0036,0.0041,-0.5036,-0.3189
3423,3.423,0.0074,0.0032,0.0058,0.0057,-0.4105,-0.2666
3424,3.424,0.0057,-0.0003,0.0154,-0.0011,-1.3466,-0.8915
3425,3.425,-0.0112,-0.0025,0.0216,-0.0019,-1.7211,-0.9773
3426,3.426,-0.0315,-0.0037,0.0226,-0.0011,-0.7003,-0.2803
3427,3.427,-0.0397,-0.0001,0.0195,0.0011,0.2626,0.1895
3428,3.428,-0.0469,0.0011,0.0204,-0.001,0.3901,0.2761
3429,3.429,-0.0447,-0.0028,0.0281,0.0021,0.5048,0.3541
3430,3.43,-0.0304,-0.0033,0.0312,-0.0008,0.6088,0.2845
3431,3.431,-0.0211,-0.0029,0.0285,0.0018,0.3286,0.2209
3432,3.432,-0.0057,-0.0041,0.0156,-0.0004,0.9247,0.6277
3433,3.433,0.0045,0.0001,-0.0049,-0.0043,1.6217,0.9977
3434,3.434,0.0138,-0.0039,-0.0075,-0.0018,0.9664,0.4691
3435,3.435,0.0088,-0.0096,-0.0052,-0.0022,0.0274,-0.0248
3436,3.436,-0.0018,-0.0196,-0.0029,-0.0019,-0.3493,-0.2186
3437,3.437,-0.0115,-0.01,0.0032,-0.0016,-0.4643,-0.2778
3438,3.438,-0.0127,-0.0062,-0.0023,-0.0055,-0.5683,-0.3313
3439,3.439,-0.0184,0.0063,0.0028,-0.0071,-0.4756,-0.284
3440,3.44,-0.0195,0.0046,0.0075,-0.014,-0.5616,-0.328
3441,3.441,-0.0169,0.0031,0.0116,-0.0213,-1.7226,-0.9238
3442,3.442,-0.0145,-0.0039,0.0129,-0.0091,-1.2262,-0.6691
3443,3.443,-0.0125,-0.0027,0.0074,-0.0006,-0.1687,-0.1263
3444,3.444,-0.002,0.0005,0.0002,0.004,0.2456,0.2269
3445,3.445,0.0117,-0.0068,0.0049,0.0081,0.3725,0.2921
3446,3.446,0.0171,-0.0209,0.0025,0.0069,0.4871,0.3507
3447,3.447,0.0152,-0.0107,0.0019,0.0079,0.591,0.2984
3448,3.448,0.0227,-0.0015,-0.0057,0.0089,0.3106,0.2507
3449,3.449,0.0156,0.007,-0.0003,0.0081,1.2471,0.8185
3450,3.45,0.0118,0.0085,-0.0029,0.0107,1.6215,0.8962
3451,3.451,0.015,0.0044,-0.0019,0.0085,0.6008,0.2622
3452,3.452,0.0119,0.0081,-0.0039,0.005,-0.088,-0.1654
3453,3.453,0.0093,0.0003,-0.0044,-0.0008,-0.4646,-0.2444
3454,3.454,0.0085,-0.0092,-0.0038,0.0014,-0.5794,-0.3157
3455,3.455,0.0049,-0.003,-0.0041,-0.0063,-0.4778,-0.3804
3456,3.456,0.0099,0.0002,-0.0014,-0.0178,-0.3852,-0.2066
3457,3.457,0.0141,0.0032,-0.0055,-0.0133,-0.8114,-0.5764
3458,3.458,0.0125,-0.0072,-0.0024,-0.0007,-1.8183,-1.0092
3459,3.459,0.0099,-0.0197,-0.008,-0.0024,-1.1333,-0.486
3460,3.46,0.0057,-0.0079,-0.0025,0.0021,-0.0092,0.0079
3461,3.461,0.004,0.0027,0.0012,0.0062,0.4463,0.2014
3462,3.462,0.0035,0.0067,-0.0056,0.0099,0.5851,0.2605
3463,3.463,0.0032,0.0155,-0.0045,-0.0004,0.4616,0.2084
3464,3.464,0.0035,0.0077,-0.0052,0.001,0.5759,0.2569
3465,3.465,0.0045,0.0067,-0.0043,0.0047,0.4735,0.3882
3466,3.466,0.0055,0.0075,-0.0047,0.0125,1.6908,0.9837
3467,3.467,0.0045,0.0066,-0.0003,0.0072,1.1941,0.7287
3468,3.468,0.0087,0.0059,0.0028,0.0064,0.4383,0.1857
3469,3.469,0.0171,0.0066,-0.0017,0.0089,-0.2504,-0.1678
3470,3.47,0.0203,0.0082,-0.001,0.002,-0.3772,-0.2332
3471,3.471,0.0214,0.0077,-0.0003,-0.0084,-0.4918,-0.292
3472,3.472,0.0187,0.0062,0.0057,-0.0014,-0.5955,-0.3454
3473,3.473,0.0214,0.004,0.0007,0.0023,-0.3151,-0.2016
3474,3.474,0.0208,0.0087,-0.0011,-0.0103,-1.2517,-0.8569
3475,3.475,0.0159,0.0056,-0.0078,-0.0119,-1.6261,-0.9511
3476,3.476,0.0065,0.0051,-0.0031,-0.0104,-0.6056,-0.3546
3477,3.477,-0.0142,0.0026,-0.002,-0.0118,0.3574,0.1889
3478,3.478,-0.0413,-0.0044,-0.0056,-0.0155,0.4849,0.2607
3479,3.479,-0.0666,-0.0074,-0.0048,-0.0052,0.5998,0.3255
3480,3.48,-0.0698,-0.001,-0.0052,0.0017,0.4982,0.2682
3481,3.481,-0.061,0.0032,0.0002,0.0054,0.4056,0.2157
3482,3.482,-0.0528,-0.002,0.0023,0.0086,0.8318,0.5521
3483,3.483,-0.0403,-0.0013,0.0041,0.0034,1.6839,1.0329
3484,3.484,-0.0155,-0.0043,0.0047,0.0061,0.8914,0.5851
3485,3.485,0.001,0.0021,-0.002,0.0103,-0.0378,-0.0559
3486,3.486,0.016,-0.0021,-0.0011,0.0066,-0.4143,-0.3129
3487,3.487,0.0299,-0.0058,0.0049,0.0046,-0.5294,-0.2368
3488,3.488,0.0324,0.0035,0.0118,0.0051,-0.4279,-0.3078
3489,3.489,0.0481,0.0024,0.0015,-0.0025,-0.5225,-0.2444
3490,3.49,0.0422,0.0014,0.0028,-0.0162,-0.4379,-0.3028
3491,3.491,0.0442,-0.0016,-0.0035,-0.0218,-1.5988,-0.9898
3492,3.492,0.0393,-0.0007,-0.0025,-0.0168,-1.4338,-0.7094
3493,3.493,0.0348,-0.0032,-0.0078,-0.0091,-0.3761,-0.1125
3494,3.494,0.028,0.0005,-0.0052,0.0034,0.3129,0.2763
3495,3.495,0.0218,-0.0015,-0.0027,0.0085,0.4399,0.2074
3496,3.496,0.0094,0.0028,-0.0021,0.004,0.5546,0.2722
3497,3.497,0.0044,-0.0036,-0.0071,0.0054,0.453,0.3308
3498,3.498,-0.0032,-0.0078,-0.0055,0.0042,0.3603,0.2783
3499,3.499,-0.0239,0.0038,-0.0073,0.001,1.297,0.807
3500,3.5,-0.0447,0.0022,-0.0027,-0.002,1.6717,0.8777
3501,3.501,-0.0584,0.0037,0.0014,0.0007,0.6514,0.3017
3502,3.502,-0.0608,-0.0003,0.0077,0.0085,-0.3112,-0.0871
3503,3.503,-0.0497,0.001,0.0017,0.0138,-0.4383,-0.2994
3504,3.504,-0.0355,0.0042,-0.0054,0.0054,-0.5533,-0.3644
3505,3.505,-0.0262,0.0012,-0.0028,0.0043,-0.4516,-0.307
3506,3.506,-0.0076,-0.0073,-0.0038,0.0033,-0.3586,-0.2546
3507,3.507,0.0097,-0.0016,-0.0046,0.0025,-0.7846,-0.591
3508,3.508,0.0208,-0.0047,-0.0027,0.0033,-1.7912,-1.0718
3509,3.509,0.0228,-0.0019,0.0002,0.0011,-1.1061,-0.4962
3510,3.51,0.0172,-0.0011,-0.0017,-0.0066,0.0181,0.0473
3511,3.511,0.0086,0.0011,-0.0003,-0.0076,0.4736,0.26
3512,3.512,0.01,-0.0024,0.0017,-0.0067,0.3386,0.3251
3513,3.513,0.0085,-0.0007,-0.0013,0.0045,0.4643,0.2677
3514,3.514,-0.0004,-0.0012,-0.0056,0.0031,0.5785,0.3211
3515,3.515,-0.0131,-0.0006,-0.0075,0.0045,0.4763,0.3696
3516,3.516,-0.0216,-0.0037,-0.0102,0.0084,1.5061,1.0251
3517,3.517,-0.0261,-0.0025,-0.0091,-0.0019,1.3699,0.7449
3518,3.518,-0.0192,-0.0006,-0.0096,-0.0005,0.2463,0.148
3519,3.519,-0.0052,-0.0055,-0.0082,0.0008,-0.3022,-0.2153
3520,3.52,-0.004,-0.0052,-0.0119,0.0045,-0.4553,-0.2938
3521,3.521,-0.0071,-0.0002,-0.0117,0.0014,-0.5941,-0.3645
3522,3.522,-0.0041,0.0005,-0.0054,-0.0039,-0.471,-0.3011
3523,3.523,0.0005,-0.0012,-0.0028,-0.0066,-0.3588,-0.2434
3524,3.524,0.0082,0.0028,0.0065,-0.0006,-1.286,-0.8244
3525,3.525,0.0154,-0.0008,0.0152,0.0001,-1.6609,-0.9021
3526,3.526,0.0256,-0.002,0.0228,0.0065,-0.6407,-0.2682
3527,3.527,0.0295,-0.0009,0.0175,0.0023,0.322,0.1596
3528,3.528,0.0231,0.0042,0.0034,-0.0014,0.449,0.2387
3529,3.529,0.0261,0.0021,-0.0152,-0.002,0.5636,0.31
3530,3.53,0.0249,0.0078,-0.0129,-0.0003,0.4619,0.3748
3531,3.531,0.0183,-0.0037,-0.0063,-0.0019,0.3689,0.2012
3532,3.532,0.0087,-0.0055,-0.0084,-0.0014,0.7946,0.571
3533,3.533,-0.0104,-0.004,-0.0029,-0.0056,1.6461,1.004
3534,3.534,-0.0241,-0,0.0056,0.0009,1.0797,0.4811
3535,3.535,-0.0314,-0.0038,0.0194,0.0018,0.15,-0.0125
3536,3.536,-0.0292,0.0039,0.025,0.004,-0.2269,-0.2059
3537,3.537,-0.0271,-0.0013,0.0267,-0.0067,-0.3422,-0.2651
3538,3.538,-0.0214,0.0089,0.0312,-0.0051,-0.4464,-0.3183
3539,3.539,-0.0129,0.0075,0.016,0.0045,-0.5408,-0.2708
3540,3.54,0.0071,0.0063,0.018,0.0057,-0.4565,-0.3146
3541,3.541,0.0153,-0.0015,0.0124,0.0001,-1.6176,-0.91
3542,3.542,0.013,-0.0046,0.0073,-0.0114,-1.4527,-0.8253
3543,3.543,0.0197,0.0038,0.0058,-0.0099,-0.3955,-0.1276
3544,3.544,0.0257,-0.004,0.0045,0.0026,0.293,0.1552
3545,3.545,0.0201,-0.0155,0.0008,0.0077,0.4201,0.2417
3546,3.546,0.0184,-0.0141,0.004,0.0062,0.5345,0.3198
3547,3.547,0.0229,-0.0044,0.0031,0.0075,0.4329,0.2502
3548,3.548,0.0297,0.0043,0.0004,-0.0013,0.3401,0.1866
3549,3.549,0.0234,0.0053,0.0014,-0.0046,1.2766,0.7098
3550,3.55,0.0155,0.0083,-0.0007,-0.0099,1.6511,0.9211
3551,3.551,0.0082,0.0037,0,-0.0035,0.6309,0.345
3552,3.552,-0.0059,0.0029,-0.0015,-0.001,-0.0575,-0.0437
3553,3.553,-0.0162,0.005,0.0015,0.0042,-0.434,-0.2561
3554,3.554,-0.0106,0.0057,0.0011,0.0035,-0.5488,-0.321
3555,3.555,-0.0123,0.0026,-0.0018,0.004,-0.4472,-0.2638
3556,3.556,-0.0137,0.0066,0.0012,0.0023,-0.3544,-0.2114
3557,3.557,-0.0067,0.0008,-0.0029,0.01,-0.7803,-0.5478
3558,3.558,0.0123,0.0045,-0.0033,-0.0049,-1.7868,-1.0287
3559,3.559,0.0315,0.0038,0.0004,-0.011,-1.1015,-0.5811
3560,3.56,0.0293,-0.0031,-0.0064,-0.0166,0.0229,0.0599
3561,3.561,0.0227,-0.0004,-0.0073,-0.0149,0.4786,0.317
3562,3.562,0.0126,-0.0013,-0.0063,-0.0196,0.344,0.2407
3563,3.563,-0.0116,-0.0006,-0.0053,-0.0377,0.4697,0.3118
3564,3.564,-0.0413,-0.0026,-0.0029,-0.0254,0.5841,0.2484
3565,3.565,-0.0692,0.0004,-0.0034,-0.0052,0.4822,0.3068
3566,3.566,-0.08,0.0009,-0.0015,0.0029,1.5124,0.9938
3567,3.567,-0.0832,0.0035,0.0016,0.0102,1.3763,0.7135
3568,3.568,-0.0623,0.0047,0.0003,0.0123,0.2533,0.1164
3569,3.569,-0.0431,0.0018,0.0035,0.0183,-0.202,-0.2722
3570,3.57,-0.0158,0.0008,0.0049,0.0127,-0.3413,-0.2034
3571,3.571,0.0096,0.0025,0.0077,0.0144,-0.4671,-0.2683
3572,3.572,0.0327,0.0029,0.0062,0.0098,-0.5812,-0.327
3573,3.573,0.0415,-0.0002,0.0013,0.0056,-0.2729,-0.2745
3574,3.574,0.0497,0.0037,-0.0077,0.0093,-1.3026,-0.8032
3575,3.575,0.0521,-0.002,-0.0038,0.006,-1.7146,-1.0145
3576,3.576,0.0543,-0.0057,-0.0092,0.0008,-0.5921,-0.3105
3577,3.577,0.0442,-0.0008,-0.012,0.0034,0.1653,0.1596
3578,3.578,0.0348,0.001,-0.0091,0.0076,0.3057,0.2464
3579,3.579,0.0297,-0.0007,-0.0064,0.0039,0.432,0.3245
3580,3.58,0.0158,0.0019,-0.0055,0.0003,0.5466,0.3953
3581,3.581,-0.001,0.008,-0.0147,-0.004,0.4444,0.2038
3582,3.582,-0.0077,0.0002,-0.0083,-0.0023,0.7258,0.4944
3583,3.583,-0.018,0.0033,-0.0004,0.0003,1.6629,1.0757
3584,3.584,-0.0312,-0.0051,0.0049,0.0072,1.0401,0.534
3585,3.585,-0.0398,-0.0061,0.0005,0.0042,0.0181,0.0401
3586,3.586,-0.0384,-0.0008,0.0048,0.0087,-0.3961,-0.2814
3587,3.587,-0.0344,0.0001,0.0102,0.0079,-0.5224,-0.2245
3588,3.588,-0.0308,-0.0058,0.0123,-0.0036,-0.4103,-0.278
3589,3.589,-0.0318,-0.0035,0.0129,-0.012,-0.5143,-0.3265
3590,3.59,-0.0181,-0.0054,0.0089,-0.0044,-0.4216,-0.2832
3591,3.591,-0.0012,0.0015,0.0032,0.0025,-1.5285,-0.8788
3592,3.592,0.0192,0.0008,0.0011,0.0063,-1.3787,-0.794
3593,3.593,0.022,-0.0034,-0.0025,0.0095,-0.4172,-0.0961
3594,3.594,0.0245,-0.0012,-0.003,0.0125,0.4582,0.1867
3595,3.595,0.0268,-0.0061,-0.0047,0.008,0.3477,0.2732
3596,3.596,0.0207,-0.003,-0.0042,0.0105,0.4521,0.3512
3597,3.597,0.0152,0.0046,-0.0103,0.0068,0.5469,0.2816
3598,3.598,0.0068,0.0016,-0.0026,0.0075,0.4625,0.218
3599,3.599,0.0053,0.0008,-0.0016,-0.002,1.1592,0.7411
3600,3.6,0.0067,0.0067,-0.0008,-0.006,1.6283,0.9523
3601,3.601,0.0079,0.0046,-0.0034,-0.0098,0.6912,0.3762
3602,3.602,0.0001,-0.0003,-0.0013,-0.013,-0.184,-0.1673
3603,3.603,-0.0072,0.0054,-0.0007,-0.0035,-0.3,-0.2392
3604,3.604,-0.0176,0.0047,-0.0012,-0.0072,-0.4047,-0.304
3605,3.605,-0.019,0.0068,-0.0018,-0.0128,-0.4998,-0.3627
3606,3.606,-0.0154,-0.0015,0.0058,-0.02,-0.4154,-0.2047
3607,3.607,-0.0123,-0.0025,0.009,-0.0116,-0.8028,-0.5412
3608,3.608,-0.0051,-0.0015,0.0058,-0.0038,-1.8584,-1.022
3609,3.609,0.0014,0.0011,0.003,-0.0007,-1.1048,-0.5745
3610,3.61,0.0143,-0.0031,-0.0065,0.0078,-0.1426,0.0665
3611,3.611,0.0199,-0.0009,-0.0054,0.0067,0.4835,0.1534
3612,3.612,0.015,-0.003,-0.0111,0.0015,0.3723,0.2318
3613,3.613,0.0074,-0.0072,-0.0142,0.0042,0.4761,0.3027
3614,3.614,-0.0077,-0.002,-0.0116,0.0017,0.5702,0.2393
3615,3.615,-0.0178,0.0015,-0.0126,-0.0005,0.4856,0.2976
3616,3.616,-0.016,-0.0016,-0.0149,0.0044,1.4915,0.9846
3617,3.617,-0.0143,0.0001,-0.0072,0.0039,1.355,0.7042
3618,3.618,-0.0067,-0.0005,-0.002,-0.0001,0.4809,0.107
3619,3.619,-0.0026,0.0007,-0.0106,-0.0079,-0.3154,-0.1269
3620,3.62,0.0017,0.0032,-0.0089,-0.0032,-0.3906,-0.2496
3621,3.621,0.0081,0.0011,-0.0035,0.0024,-0.4952,-0.3204
3622,3.622,0.016,0,-0.0025,0.0035,-0.5901,-0.2572
3623,3.623,0.0151,-0.001,-0.0053,0.008,-0.336,-0.1996
3624,3.624,0.0236,-0.0055,-0.0028,0.0003,-1.1876,-0.7808
3625,3.625,0.0341,0.0021,0.004,-0.005,-1.7552,-1.0134
3626,3.626,0.0301,0.001,0.0031,-0.0004,-0.8282,-0.3798
3627,3.627,0.0339,0.0037,0.0108,0.0038,0.2961,0.218
3628,3.628,0.0307,-0.0006,0.0118,0.0017,0.4494,0.2971
3629,3.629,0.0212,-0.0013,0.0144,-0.009,0.5876,0.3683
3630,3.63,0.02,-0.0034,0.0221,-0.0166,0.464,0.305
3631,3.631,0.019,-0.0004,0.0252,-0.0179,0.3514,0.2476
3632,3.632,0.022,-0.0093,0.0205,-0.0142,0.8661,0.5118
3633,3.633,0.0211,-0.0181,0.0077,-0.0064,1.7086,1.0406
3634,3.634,0.0081,-0.0126,-0.0054,-0.0054,1.1421,0.5485
3635,3.635,-0.0124,-0.0011,-0.0037,-0.01,0.0064,-0.0285
3636,3.636,-0.0316,-0.0057,-0.0021,-0.0041,-0.4494,-0.2623
3637,3.637,-0.054,-0.0098,0.0019,0.0028,-0.3149,-0.3338
3638,3.638,-0.0748,-0.0161,0.0057,0.0073,-0.4412,-0.2706
3639,3.639,-0.083,-0.0037,0.0047,0.0048,-0.5556,-0.3292
3640,3.64,-0.0607,-0.002,0.0057,0.0084,-0.4536,-0.3823
3641,3.641,-0.0519,0.0055,0.0066,0.0091,-1.6713,-1.1031
3642,3.642,-0.0382,0.0096,0.0109,0.0086,-1.5069,-0.7948
3643,3.643,-0.0258,0.0084,0.0146,0.0091,-0.4501,-0.1383
3644,3.644,-0.0102,0.0051,0.0083,0.0106,0.2379,0.2893
3645,3.645,-0.0042,0.0124,0.0041,0.0045,0.3646,0.3679
3646,3.646,-0.006,0.0115,0.0079,0.007,0.4788,0.2985
3647,3.647,-0.001,0.0072,0.0015,0.0063,0.5823,0.363
3648,3.648,0.0097,0.0094,0.0024,0.0027,0.3019,0.3051
3649,3.649,0.0222,0.0114,0.0062,-0.0004,1.2381,0.7807
3650,3.65,0.0272,0.0084,0.0056,0.0048,1.6122,0.9729
3651,3.651,0.0317,0.0079,0.0015,-0.0001,0.8183,0.4491
3652,3.652,0.0386,0.0073,0.0045,0.0015,-0.112,-0.1857
3653,3.653,0.0448,0.0031,0.0081,0.002,-0.2399,-0.2725
3654,3.654,0.0525,-0.0022,0.0052,0.0045,-0.5817,-0.3508
3655,3.655,0.0409,0.0014,0.0042,-0.0025,-0.4804,-0.2813
3656,3.656,0.0208,0.0009,-0.0008,-0.0056,-0.388,-0.2179
3657,3.657,-0.0094,0.0049,-0.0099,0.0008,-0.8146,-0.5086
3658,3.658,-0.0374,0.0064,-0.0135,-0.0017,-1.8214,-1.0901
3659,3.659,-0.0483,-0.0005,-0.0056,-0.004,-1.1367,-0.5486
3660,3.66,-0.0516,0.0025,0.0019,0.001,-0.0128,0.0861
3661,3.661,-0.0487,-0.0039,-0.0007,0.0027,0.4423,0.1732
3662,3.662,-0.0297,-0.0013,0.0003,0.0011,0.5812,0.2515
3663,3.663,-0.0174,0.0009,-0.0002,0.0069,0.4579,0.3223
3664,3.664,0.0073,-0.0012,0.002,0.0106,0.5719,0.259
3665,3.665,0.017,-0.0017,-0.0048,0.0127,0.4696,0.3173
3666,3.666,0.0257,-0.0045,-0.0038,0.0032,1.4994,1.0044
3667,3.667,0.0229,-0.004,-0.0045,-0.0037,1.3629,0.7241
3668,3.668,0.0205,-0.0009,-0.0021,0.005,0.4888,0.1271
3669,3.669,0.0093,0.0055,0.0045,-0.0053,-0.3071,-0.2617
3670,3.67,0.0112,-0.0029,-0.0013,-0.0067,-0.4128,-0.1928
3671,3.671,0.0131,0.0003,-0.0048,-0.0029,-0.5079,-0.2576
3672,3.672,0.0113,0.0014,-0.0026,-0.0107,-0.5943,-0.3163
3673,3.673,0.0098,-0.0031,-0.0007,0.0008,-0.3631,-0.2639
3674,3.674,0.0084,-0.0006,0.0023,-0.0161,-1.1369,-0.7926
3675,3.675,0.0072,0.0032,-0.0033,-0.0226,-1.6526,-1.004
3676,3.676,0.0082,0.0026,-0.0024,-0.0165,-0.8094,-0.4281
3677,3.677,0.0092,-0.0016,-0.0043,-0.0072,0.2132,0.1153
3678,3.678,0.0046,-0.0033,-0.0011,-0.0055,0.3534,0.3277
3679,3.679,0.0071,-0.0047,0.0019,-0.007,0.4799,0.2647
3680,3.68,0.0107,-0.0043,-0.0015,-0.003,0.5945,0.3233
3681,3.681,0.0014,-0.004,-0.0002,0.0007,0.4926,0.2709
3682,3.682,0.0025,-0.0042,-0.003,0.0039,0.7737,0.5114
3683,3.683,0.0014,0.0011,-0.0018,0.007,1.7106,0.9922
3684,3.684,0.0024,-0.0026,-0.0008,0.0098,1.088,0.5446
3685,3.685,-0.0004,-0.0005,0.0003,0.0158,0.0663,0.0199
3686,3.686,0.0004,0.0013,0.0034,0.0122,-0.3478,-0.1929
3687,3.687,-0.0034,0.0031,-0.0022,0.0059,-0.4741,-0.2581
3688,3.688,-0.0041,0.0006,-0.0044,0.0001,-0.5882,-0.3171
3689,3.689,-0.0046,-0.0004,-0.0023,0.0009,-0.4859,-0.265
3690,3.69,-0.0042,0,-0.0019,-0.0083,-0.3928,-0.3136
3691,3.691,-0.0067,0.0044,-0.0036,-0.0144,-1.4994,-0.9692
3692,3.692,-0.0055,-0.0031,-0.0032,0.0005,-1.3493,-0.8763
3693,3.693,-0.0033,0,-0.0002,0.0148,-0.3877,-0.1092
3694,3.694,-0.0083,-0.0063,0.0044,0.013,0.2388,0.2014
3695,3.695,-0.0131,-0.0037,0.0073,0.008,0.3549,0.2963
3696,3.696,-0.0072,-0.0013,0.003,0.0065,0.4593,0.3823
3697,3.697,-0.0064,0.0036,0.0013,0.008,0.5545,0.3055
3698,3.698,-0.0056,0.0032,-0.005,-0.0008,0.3006,0.2355
3699,3.699,-0.0013,0.0038,-0.0061,0.0003,1.1524,0.8109
3700,3.7,0.003,0.0024,0.0036,-0.0007,1.7199,0.8886
3701,3.701,0.0006,0.0028,-0.0064,0.0021,0.7929,0.3958
3702,3.702,0.0068,0.004,-0.0155,0.0029,-0.0817,-0.1816
3703,3.703,0.0112,0.0015,-0.008,0.0067,-0.424,-0.2607
3704,3.704,0.012,-0.0008,-0.0031,0.0145,-0.5282,-0.3322
3705,3.705,0.0057,0.0029,-0.0062,0.0093,-0.4356,-0.2692
3706,3.706,0.0015,-0.0013,-0.0074,0.0048,-0.521,-0.2117
3707,3.707,-0.0037,-0.0008,-0.0009,-0.0046,-0.7532,-0.4762
3708,3.708,-0.003,0.005,-0.0078,-0.0108,-1.8084,-1.1013
3709,3.709,-0.0024,0.0044,-0.0074,-0.0233,-1.0547,-0.6761
3710,3.71,-0.0007,-0.0021,-0.0115,-0.0283,-0.0922,0.0218
3711,3.711,-0.0012,0.0022,-0.01,-0.0237,0.2853,0.3043
3712,3.712,0.0001,0.0028,-0.0021,-0.014,0.4012,0.2202
3713,3.713,-0.0037,0.0008,-0.0058,0.0024,0.5057,0.298
3714,3.714,0.0021,-0.0009,-0.0032,0.0136,0.6003,0.2281
3715,3.715,0.0016,0.0044,-0.0046,0.0197,0.5162,0.2922
3716,3.716,-0.0019,-0.0006,-0.0059,0.0253,1.5226,0.9314
3717,3.717,-0.0035,0.0025,-0.0027,0.0169,1.3865,0.8467
3718,3.718,-0.0017,0.0041,-0.0052,0.003,0.5128,0.1488
3719,3.719,-0.0021,-0.0006,-0.0088,-0.0026,-0.283,-0.1342
3720,3.72,-0.0032,0.001,-0.011,-0.0044,-0.3883,-0.221
3721,3.721,-0.0037,0.0003,-0.0102,-0.0002,-0.494,-0.3181
3722,3.722,-0.0033,-0.0049,-0.0102,-0.0109,-0.5888,-0.2417
3723,3.723,-0.0007,-0.0029,-0.0077,-0.0122,-0.3343,-0.1721
3724,3.724,0.001,-0.0013,-0.0086,0.0041,-1.1858,-0.7479
3725,3.725,0.0001,-0.0042,-0.0088,0.0107,-1.7528,-0.9808
3726,3.726,-0.0029,-0.0017,-0.0041,0.0045,-0.8255,-0.3476
3727,3.727,-0,-0.0006,0.0006,0.0212,0.0498,0.0798
3728,3.728,0.0003,-0.0054,-0.0006,0.0233,0.3925,0.3135
3729,3.729,0.0056,0.0003,-0.0028,0.0172,0.4973,0.2443
3730,3.73,0.0062,-0.0067,-0.0109,-0.0034,0.5921,0.1809
3731,3.731,0.0055,0.0017,-0.0104,-0.0225,0.5079,0.1232
3732,3.732,0.0038,0.0007,-0.0045,-0.0449,0.7403,0.4929
3733,3.733,0.001,-0.0067,0.0027,-0.0599,1.6549,1.0216
3734,3.734,-0.0068,-0.0189,-0.0073,-0.0462,1.0321,0.6701
3735,3.735,-0.0059,-0.024,-0.0066,-0.0291,0.0101,-0.035
3736,3.736,-0.0049,-0.0135,-0.0062,-0.0088,-0.4043,-0.1305
3737,3.737,-0.0076,-0.0066,0.0006,-0.0008,-0.5312,-0.2169
3738,3.738,-0.0017,-0.0129,0.0066,-0.0033,-0.4196,-0.2951
3739,3.739,0.0005,-0.0162,0.0103,0.0032,-0.5238,-0.2255
3740,3.74,-0.0016,-0.0068,0.0151,0.0092,-0.4311,-0.2897
3741,3.741,-0.0058,0.0045,0.0182,0.011,-1.5382,-0.9291
3742,3.742,-0.0006,0.0059,0.0183,0.0125,-1.3884,-0.8446
3743,3.743,0,0.0018,0.0207,0.014,-0.4275,-0.1471
3744,3.744,-0.0005,0.0029,0.0229,0.0125,0.4478,0.1357
3745,3.745,-0.007,0.0039,0.0275,0.0036,0.3368,0.2223
3746,3.746,-0.0028,0.0028,0.0208,0.0025,0.4408,0.3004
3747,3.747,-0.0035,0.0091,0.0229,0.0076,0.5352,0.3714
3748,3.748,-0.0071,0.0049,0.0189,0.0048,0.4504,0.1799
3749,3.749,-0.0029,0.01,0.025,0.0055,1.1469,0.7031
3750,3.75,-0.0035,0.0093,0.0118,0.0106,1.6155,0.9145
3751,3.751,-0.001,0.0135,-0.0052,0.0098,0.8488,0.3385
3752,3.752,0.0041,0.0081,0.0057,0.0092,-0.0812,-0.05
3753,3.753,0.0047,0.0074,0.0156,0.0003,-0.4579,-0.2626
3754,3.754,0.0077,0.0043,0.0135,-0.0187,-0.5733,-0.3275
3755,3.755,0.0024,0.0047,0.0149,-0.0216,-0.472,-0.2701
3756,3.756,0.003,0.0094,0.0009,-0.024,-0.3796,-0.2176
3757,3.757,-0.0001,0.001,-0.0086,-0.013,-0.6356,-0.4578
3758,3.758,0.0039,0.0066,-0.007,-0.0029,-1.7972,-1.0259
3759,3.759,-0.0039,0.0013,-0.0056,0.0025,-1.3005,-0.639
3760,3.76,-0.0007,0.0021,-0.0043,0.0109,-0.2428,-0.0043
3761,3.761,-0.0038,0.0012,-0.0032,0.0154,0.4456,0.253
3762,3.762,-0.0012,0.0033,-0.0065,0.0112,0.5719,0.3318
3763,3.763,-0.0055,0.0053,-0.0076,0.0074,0.4598,0.2625
3764,3.764,0.0014,0.0011,-0.0067,0.0064,0.5633,0.3271
3765,3.765,0.0041,0.0039,-0.0059,0.0033,0.4699,0.2694
3766,3.766,0.0032,-0.0019,-0.0051,0.0097,1.5766,0.9565
3767,3.767,0.0068,0.0018,-0.0015,0.0122,1.4264,0.8636
3768,3.768,0.0032,0.0025,-0.0019,0.0115,0.4649,0.2669
3769,3.769,0.0001,-0.0033,-0.0035,0.0095,-0.4104,-0.2766
3770,3.77,0.0018,-0.0011,0.0033,-0,-0.3001,-0.2077
3771,3.771,-0.0018,0.0024,0.0008,-0.0041,-0.4045,-0.2725
3772,3.772,0.0042,0.0041,-0.0016,0.0047,-0.4993,-0.3311
3773,3.773,-0.0001,0.0012,-0.0008,0.0103,-0.4151,-0.1732
3774,3.774,-0.0023,-0.0036,-0.0026,0.0133,-1.1119,-0.7017
3775,3.775,-0.0003,-0.0005,-0.0082,-0.0007,-1.7681,-1.0536
3776,3.776,-0.002,0.0035,-0.0073,0.0014,-0.8314,-0.4775
3777,3.777,0.0068,-0.0032,-0.0135,0.0107,0.0439,0.0662
3778,3.778,0.0079,-0.0024,-0.0073,0.0091,0.3866,0.2787
3779,3.779,0.0023,-0.0066,0.0044,0.0015,0.4915,0.3437
3780,3.78,0.0033,-0.0013,0.0097,-0.0025,0.5865,0.2863
3781,3.781,-0.0013,-0.0034,0.0145,0.0013,0.5026,0.2339
3782,3.782,0.0013,-0.0038,0.0217,-0.0019,0.7353,0.4742
3783,3.783,0.0006,-0.0021,0.0256,-0.0029,1.6502,1.0425
3784,3.784,-0.0015,0.0026,0.0156,-0.002,1.0277,0.6559
3785,3.785,-0.0032,-0.0016,0.0006,-0.0062,0.2327,0.0214
3786,3.786,-0.0003,0.0037,-0.0052,-0.0023,-0.2847,-0.2355
3787,3.787,-0.005,0.0002,-0.003,-0.0042,-0.3802,-0.3137
3788,3.788,-0.0067,-0.004,-0.0078,0.0002,-0.4664,-0.3844
3789,3.789,-0.0003,0.0025,-0.006,-0.0014,-0.5443,-0.321
3790,3.79,-0.0028,0,-0.0017,0.0003,-0.4743,-0.2632
3791,3.791,0.0009,-0.0006,-0.0026,-0.0038,-1.4332,-0.9502
3792,3.792,0.0003,-0.004,-0.0079,-0.0042,-1.5708,-0.857
3793,3.793,0.0033,-0.0022,-0.0024,-0.0035,-0.4475,-0.2602
3794,3.794,0.0039,-0.0027,-0.0085,-0.0003,0.31,0.2834
3795,3.795,0.0014,-0.0021,-0.0005,0.0027,0.4503,0.2148
3796,3.796,0.0026,-0.0042,-0.0033,0.0025,0.5767,0.2796
3797,3.797,0.0023,0.0023,-0.0022,0.005,0.4648,0.3383
3798,3.798,0.0013,0.0032,-0.0045,0.0054,0.363,0.1804
3799,3.799,-0.0004,0.0025,-0.0021,0.0013,1.019,0.7088
3800,3.8,-0.0014,0.0095,0.0017,-0.008,1.6158,0.9201
3801,3.801,0.0029,0.0032,0.0062,-0.0039,0.7644,0.472
3802,3.802,-0.0013,0.0024,0.0011,-0.0026,-0.0311,-0.053
3803,3.803,0.0064,-0.0012,-0.0007,-0.0014,-0.3424,-0.2654
3804,3.804,0.0012,-0.0019,-0.0036,-0.0023,-0.4377,-0.3305
3805,3.805,0.0004,0.0024,-0.0062,0.0023,-0.5241,-0.3893
3806,3.806,0.0013,0.0007,-0.0035,-0.0034,-0.4475,-0.2313
3807,3.807,-0.0024,0.0012,-0.0103,0.0004,-0.6586,-0.4719
3808,3.808,-0.003,-0.0018,-0.0154,-0.0015,-1.6181,-1.0402
3809,3.809,0.0013,-0.0006,-0.003,-0.0008,-1.2075,-0.6535
3810,3.81,0.0018,-0.0048,0.0022,-0.0001,-0.0839,-0.0189
3811,3.811,0.0014,0.0004,0.0009,-0.0015,0.3715,0.2382
3812,3.812,0.0045,-0.006,-0.0114,0.0008,0.511,0.3166
3813,3.813,-0.0002,-0.0001,-0.013,-0.003,0.6371,0.3875
3814,3.814,-0.0007,-0.0008,-0.0143,-0.0014,0.5249,0.324
3815,3.815,0.0023,-0.0028,-0.0072,-0.0009,0.4227,0.2662
3816,3.816,-0.0013,0.0014,-0.0082,0.003,1.4527,0.9532
3817,3.817,-0,0.0031,-0.0071,-0.0047,1.3166,0.86
3818,3.818,0.0012,0.0016,-0.0079,-0.0123,0.4429,0.2631
3819,3.819,-0.0045,-0.0006,-0.0032,-0.007,-0.3533,-0.1257
3820,3.82,-0.0003,0.0006,-0.0038,-0.0005,-0.4592,-0.1977
3821,3.821,-0.0025,0.0042,-0.0044,-0.0013,-0.5543,-0.2626
3822,3.822,-0.0035,-0.0001,0.0017,-0.0054,-0.5301,-0.3321
3823,3.823,-0.0028,0.0003,-0.0059,-0.0031,-0.446,-0.2746
3824,3.824,0.003,-0,-0.0027,0.0004,-1.1429,-0.7502
3825,3.825,-0.0023,0.0018,-0.0017,-0,-1.7994,-1.0706
3826,3.826,-0.0002,0.0015,-0.0075,0.0052,-0.8631,-0.4311
3827,3.827,-0.0019,0.0019,-0.0021,0.0031,0.0117,0.1665
3828,3.828,-0.006,-0.0007,0.0087,0.0036,0.3541,0.2453
3829,3.829,-0.0035,0.0017,0.0227,0.0053,0.4587,0.3166
3830,3.83,-0.0023,0.0001,0.0248,-0.0025,0.5532,0.3811
3831,3.831,-0.0011,-0.0006,0.0131,0.0006,0.4688,0.2072
3832,3.832,0.0007,-0.0044,-0.0037,0.0036,0.7009,0.4714
3833,3.833,-0.001,-0.0061,-0.0057,-0.0105,1.6153,1.0002
3834,3.834,-0,-0.0045,0.0005,-0.0126,0.9924,0.5083
3835,3.835,-0.0002,-0.0014,-0.0012,-0.0071,0.1969,-0.0687
3836,3.836,-0.0036,0.0025,0.004,0.0013,-0.3213,-0.3026
3837,3.837,-0.0033,-0.0042,-0.0004,-0.0003,-0.4175,-0.2337
3838,3.838,0.0006,-0.0014,0.0067,0.0037,-0.5045,-0.2985
3839,3.839,-0.002,-0.0005,0.0031,0.0048,-0.5834,-0.2412
3840,3.84,-0.0008,-0.0056,0.0042,0.0057,-0.3738,-0.2943
3841,3.841,-0.0012,-0.0076,0.0054,-0.0017,-1.3337,-0.9189
3842,3.842,-0.0031,-0.0058,0.0046,0.0009,-1.472,-0.8342
3843,3.843,-0.0008,-0.0052,0.0039,0.0068,-0.5988,-0.2915
3844,3.844,-0.0025,-0.0003,0.0004,0.0073,0.1971,0.2026
3845,3.845,-0.0006,0.0003,-0.0002,0.0008,0.508,0.2683
3846,3.846,0.001,0.0056,0.003,0.0015,0.6024,0.3273
3847,3.847,0.0003,0.0051,0.0003,-0.0023,0.5179,0.3809
3848,3.848,-0.0026,-0.0017,-0.0011,0.0011,0.4409,0.2375
3849,3.849,-0.0036,-0.0101,0.0013,0.0015,1.0737,0.7181
3850,3.85,-0.002,-0.011,0.0026,0.0054,1.6697,1.0384
3851,3.851,0.0017,0.0048,-0.003,-0.0025,0.8178,0.3989
3852,3.852,0.0013,0.0161,-0.002,-0.0152,0.0218,-0.0283
3853,3.853,0.0009,0.0182,-0.0011,-0.0136,-0.2901,-0.2618
3854,3.854,-0.0009,0.0201,-0.0003,-0.0214,-0.3857,-0.3328
3855,3.855,-0.0055,0.0151,0.0041,-0.0256,-0.4721,-0.2695
3856,3.856,-0.0051,0.0197,-0.0021,-0.022,-0.3962,-0.2119
3857,3.857,-0.0034,0.0157,-0.0062,-0.0096,-0.6077,-0.4759
3858,3.858,-0.0039,0.0095,-0.0067,-0.0047,-1.5677,-1.1005
3859,3.859,-0.0018,0.0105,-0.003,0.0029,-1.1572,-0.6749
3860,3.86,-0.0014,0.0054,-0.0011,0.0097,-0.2829,0.0234
3861,3.861,0.0004,0.0027,0.002,0.0133,0.2866,0.3062
3862,3.862,0.0028,0.0086,0.0007,0.0054,0.3916,0.2225
3863,3.863,0.0017,0.0002,-0.0034,0.0084,0.4862,0.3009
3864,3.864,0.0048,-0.0008,-0.0027,0.0091,0.5724,0.2315
3865,3.865,0.0059,0.0003,0.0022,-0.0038,0.3409,0.2958
3866,3.866,0.0056,-0.0005,-0.0045,-0.0095,1.3959,0.9354
3867,3.867,0.0073,-0.0031,0.0003,-0.0045,1.5473,0.851
3868,3.868,0.0076,-0.0083,-0.0004,0.003,0.5862,0.3085
3869,3.869,0.009,-0.0019,0.0005,0.0043,-0.2892,-0.1852
3870,3.87,0.0066,-0.0078,0,0.0105,-0.405,-0.2505
3871,3.871,0.0042,-0.0025,0.0045,0.0072,-0.5094,-0.3091
3872,3.872,0.0061,-0.0032,0.0006,0.0082,-0.6042,-0.3623
3873,3.873,0.0022,-0.0038,-0.0007,0.0054,-0.3496,-0.2183
3874,3.874,-0.003,-0.0066,-0.0027,0.0113,-1.0462,-0.6988
3875,3.875,0.0019,-0.0072,-0.0028,0.0119,-1.7022,-1.0188
3876,3.876,0.0061,-0.006,0.0016,0.0099,-0.9355,-0.379
3877,3.877,0.0044,-0.0049,0.0013,0.0082,-0.0054,0.0486
3878,3.878,0.0049,-0.0039,0.004,0.0041,0.3716,0.2827
3879,3.879,0.0007,-0.0092,-0,0.0026,0.4871,0.3541
3880,3.88,0.0013,-0.0115,-0.0015,0.0056,0.5918,0.291
3881,3.881,-0.0023,-0.008,0.0034,0.0027,0.4997,0.2337
3882,3.882,0.0008,-0.0097,-0.0023,0.007,0.5857,0.3924
3883,3.883,-0.0031,-0.0093,-0.0015,0.0041,1.5927,1.0174
3884,3.884,-0.0005,-0.0141,-0.0034,0.0046,1.1824,0.5922
3885,3.885,-0.0017,-0.0112,-0.0063,0.0016,0.3082,0.049
3886,3.886,-0.0005,-0.0118,-0.001,-0.0012,-0.2608,-0.1634
3887,3.887,-0.0023,-0.0083,0.0027,-0.0022,-0.3656,-0.2285
3888,3.888,0.0023,-0.0135,-0.0002,-0.0004,-0.4601,-0.287
3889,3.889,0.0006,-0.0087,0.0027,-0.0048,-0.5457,-0.3402
3890,3.89,-0.001,-0.0105,0.0013,0.0018,-0.4686,-0.2923
3891,3.891,-0.0025,-0.0101,-0.0016,-0.0024,-1.5234,-0.9474
3892,3.892,-0.0055,-0.0087,0.0032,0.003,-1.6745,-0.8542
3893,3.893,-0.0043,-0.011,-0.001,0.0051,-0.4388,-0.2572
3894,3.894,-0.0046,-0.0115,-0.0004,0.0021,0.3942,0.1316
3895,3.895,-0.0007,-0.0119,-0.0008,0.0027,0.5481,0.2035
3896,3.896,-0.0022,-0.0067,-0.0011,0.0033,0.4131,0.2685
3897,3.897,-0.001,0.0047,-0.0039,0.0056,0.5392,0.3274
3898,3.898,0.001,0.0164,0.0019,0.0069,0.427,0.2752
3899,3.899,0.0001,0.0117,-0.0023,0.0035,0.9426,0.7078
3900,3.9,0.0004,0.0157,0.0015,0.0039,1.599,0.9989
3901,3.901,0.0001,0.0193,-0.0034,0.0037,0.833,0.4175
3902,3.902,-0.0018,0.0159,-0.0017,0.0063,-0.0964,-0.1258
3903,3.903,-0.0056,0.0128,-0.0034,0.0012,-0.4725,-0.1976
3904,3.904,-0.0039,0.0154,0.0002,-0.004,-0.361,-0.2627
3905,3.905,-0.0054,0.011,-0.0029,-0.0018,-0.465,-0.3214
3906,3.906,-0.0023,0.0116,-0.0057,-0.006,-0.372,-0.2688
3907,3.907,-0.0003,0.0094,-0.0006,-0.0147,-0.6272,-0.4129
3908,3.908,-0.0028,0.005,-0.0042,-0.0259,-1.7883,-1.0683
3909,3.909,-0.0031,0.0089,-0.0059,-0.0089,-1.2911,-0.6005
3910,3.91,-0.0034,0.001,0.0017,-0.0021,-0.2332,-0.0031
3911,3.911,0.0003,0.0064,-0.0056,-0.0081,0.4553,0.2308
3912,3.912,-0.0033,0.0032,0.0008,0.0013,0.3332,0.3022
3913,3.913,-0.0021,0.0039,-0.0017,0.0031,0.448,0.3668
3914,3.914,-0.0041,-0.0022,-0.0024,0.0047,0.5522,0.3092
3915,3.915,0.001,0.0029,-0.0017,0.0035,0.4595,0.2565
3916,3.916,0.0003,0.0007,-0.0035,-0.0002,1.3961,0.8811
3917,3.917,-0.0002,0.0023,-0.003,-0.0011,1.5215,0.7964
3918,3.918,0.0003,0.0016,-0.0045,-0.0041,0.5009,0.2536
3919,3.919,-0.0055,0.0019,-0.0023,-0.0048,-0.1874,-0.2404
3920,3.92,0.0029,0.004,-0.0012,-0.0005,-0.3144,-0.3061
3921,3.921,0.0019,0.0035,-0.0002,-0.0012,-0.4291,-0.3651
3922,3.922,0.0008,-0.0017,-0.0012,-0.0004,-0.5332,-0.3132
3923,3.923,0.003,-0.0003,-0.0024,-0.0029,-0.3991,-0.2325
3924,3.924,0.0003,0.0016,-0.0048,0.0013,-1.0546,-0.6653
3925,3.925,0.0061,-0.0027,-0.0006,0.003,-1.8214,-0.9563
3926,3.926,0.0008,-0.0033,0.0011,0.0015,-0.8942,-0.4808
3927,3.927,-0.0012,0.0001,0.0005,0.0019,-0.0191,0.0964
3928,3.928,0.0018,-0.0012,0.0073,-0.002,0.3236,0.33
3929,3.929,0.0022,-0.0041,0.0213,-0.0005,0.4283,0.2605
3930,3.93,0.0006,-0.0032,0.0193,-0.0066,0.5234,0.325
3931,3.931,0.0017,0.002,0.0249,-0.0041,0.4395,0.2671
3932,3.932,-0.0022,-0.0003,0.0096,-0.0079,0.6721,0.4254
3933,3.933,-0.0008,0.0003,-0.0046,-0.0044,1.7276,1.0501
3934,3.934,-0.003,0.002,-0.0027,-0.0014,1.2757,0.6245
3935,3.935,-0.0028,0.0037,-0.001,-0.0009,0.3139,0.0811
3936,3.936,0.0007,-0.0041,-0.0025,-0.0057,-0.3121,-0.2724
3937,3.937,0.0018,-0.001,-0.0012,-0.0152,-0.4274,-0.21
3938,3.938,-0.0003,-0.002,-0.0023,-0.0166,-0.5314,-0.269
3939,3.939,0.0032,0.0026,0.0009,-0.0079,-0.439,-0.3226
3940,3.94,-0.0019,-0.0069,-0.0001,-0.0024,-0.3547,-0.2751
3941,3.941,0.0016,-0.0057,0.0008,0.0006,-1.5158,-0.9306
3942,3.942,0.0032,-0.0025,-0,0.0014,-1.6824,-0.8378
3943,3.943,-0.0033,-0.0119,-0.0007,0.0004,-0.6256,-0.2413
3944,3.944,0.0045,-0.0207,-0.0013,0.0026,0.3372,0.1474
3945,3.945,0.0034,-0.0174,-0.0008,0.0018,0.4645,0.219
3946,3.946,0.0025,-0.0017,0.0034,0.0075,0.5794,0.2836
3947,3.947,0.0016,0.0006,0.0039,0.0067,0.4778,0.342
3948,3.948,0.0009,-0.0014,0.0062,0.0059,0.3851,0.1839
3949,3.949,0.0029,0.0006,0.0051,-0.0036,0.9813,0.7124
3950,3.95,-0.0041,0.0023,0.0077,-0.0078,1.6783,0.9234
3951,3.951,-0.0106,0.007,0.0038,-0.0016,0.8353,0.4754
3952,3.952,-0.0081,0.0084,0.0024,-0.0007,0.0399,-0.0497
3953,3.953,-0.0074,0.0073,0.0036,0.0087,-0.2716,-0.2624
3954,3.954,-0.0054,0.0064,-0.001,0.0074,-0.5541,-0.4555
3955,3.955,0.0003,0.0095,-0.0004,0.0063,-0.6404,-0.3984
3956,3.956,-0.002,0.005,0.0025,0.0051,-0.4093,-0.2409
3957,3.957,-0.0013,0.0008,0.0041,0.0005,-0.6205,-0.3854
3958,3.958,-0.0018,0.0031,0.0039,0.0029,-1.5798,-1.0411
3959,3.959,0.001,0.0052,0.0036,0.0006,-1.1691,-0.5735
3960,3.96,0.0046,0.0083,-0.002,-0.0015,-0.2944,0.0236
3961,3.961,0.0015,-0.0004,-0.0011,0.0027,0.2753,0.2575
3962,3.962,0.0035,-0.0015,0.0043,0.0031,0.3808,0.3287
3963,3.963,0.0045,0.0089,0.0024,0.0025,0.4757,0.3932
3964,3.964,0.0049,-0.0035,0.0042,0.0036,0.5617,0.3355
3965,3.965,0.0025,0.0016,-0.0022,0.0056,0.4854,0.2829
3966,3.966,-0.0017,0.0063,0.0022,-0.0002,1.4001,0.9073
3967,3.967,0.0078,0.0077,-0.0014,-0.0097,1.5255,0.8225
3968,3.968,-0.0019,0.009,0.0007,0.0016,0.5048,0.2797
3969,3.969,0.0019,0.0081,-0.0034,0.0061,-0.1836,-0.2144
3970,3.97,-0.0014,0.0052,0.002,0.0047,-0.3105,-0.2801
3971,3.971,-0.0003,0.0008,0.0041,0.0009,-0.4251,-0.3391
3972,3.972,0.0043,0.0017,-0.0015,0.0041,-0.5292,-0.2871
3973,3.973,0.0034,0.0056,-0.0051,0.0071,-0.4365,-0.2394
3974,3.974,0.0012,-0.0021,-0.0043,0.0006,-1.0326,-0.6328
3975,3.975,-0.0008,-0.0009,0.0016,0.0014,-1.7296,-1.0029
3976,3.976,-0.0002,0,0.0024,0.0007,-0.8868,-0.4741
3977,3.977,0.0062,0.0027,-0.0053,0.0027,0.1357,0.1608
3978,3.978,0.0003,-0.0024,-0.0041,0.001,0.2756,0.2476
3979,3.979,0.0056,-0.0043,0.0006,0.0005,0.402,0.3261
3980,3.98,0.0021,-0.0011,-0.0001,0.0009,0.5165,0.2566
3981,3.981,-0.0009,-0.0026,-0.0022,-0.0003,0.4147,0.1931
3982,3.982,0.0008,-0.004,-0.0041,0.0009,0.6959,0.3676
3983,3.983,0.0003,-0.0027,0.0002,-0.0048,1.6326,1.0548
3984,3.984,0.0016,-0.0037,0.0031,-0.0023,1.2596,0.5871
3985,3.985,0.0028,0.0022,0.0007,-0.0045,0.238,0.16
3986,3.986,0.0003,-0.0002,-0.0005,-0.008,-0.4504,-0.2287
3987,3.987,-0.002,0.0021,-0.0007,-0.0022,-0.3282,-0.3003
3988,3.988,-0.0016,0.0016,-0.0032,0.0048,-0.4427,-0.3649
3989,3.989,-0.0029,0.0023,0.0007,0.0003,-0.5465,-0.3074
3990,3.99,-0.0035,-0.0052,-0.0018,-0.0005,-0.4534,-0.2548
3991,3.991,-0.0028,0.0002,0.0004,0.0002,-1.3898,-0.8794
3992,3.992,0.0005,-0.0042,0.0015,0.0023,-1.5152,-0.9649
3993,3.993,-0.0025,-0.0015,-0.001,0.0007,-0.4944,-0.2673
3994,3.994,-0.0036,-0.0036,0.0006,0.0025,0.1943,0.2026
3995,3.995,0.0001,-0.0014,-0.0011,0.001,0.3216,0.2893
3996,3.996,0.0023,0.003,-0.0011,0.0007,0.4364,0.3675
3997,3.997,-0.0032,-0.0009,0.0001,0.0005,0.5405,0.298
3998,3.998,0.0007,-0.0043,0.0017,0.0015,0.4476,0.2345
3999,3.999,-0.0013,-0.003,0.0036,-0.0016,1.0438,0.6414
4000,4,0.0031,0.0019,-0.0003,-0.0027,1.5863,1.0115
4001,4.001,0.0037,-0.0009,-0.0009,0.0009,0.8126,0.4828
4002,4.002,0.0002,-0.0036,-0.0015,-0.0021,-0.1169,-0.011
4003,4.003,-0.0027,-0.004,0.0014,0.0044,-0.2441,-0.2045
4004,4.004,0.0021,-0.0016,-0.0007,-0.0001,-0.3592,-0.2636
4005,4.005,-0.0021,0.0032,0.0001,-0.0009,-0.4635,-0.3173
4006,4.006,-0.0024,0.0028,-0.0017,0.0029,-0.5581,-0.2698
4007,4.007,-0.0028,-0.0012,-0.0008,-0.0048,-0.6437,-0.4009
4008,4.008,0.0023,0.0005,-0.0003,0.0006,-1.805,-0.9966
4009,4.009,0.0018,0.0017,0.0024,0.0015,-1.3079,-0.7416
4010,4.01,-0.0012,0.0046,-0.002,-0.0027,-0.2501,-0.0436
4011,4.011,0.0006,-0.0011,-0.0062,-0.0004,0.4384,0.2392
4012,4.012,-0.0018,0.0015,-0.0059,-0.0024,0.5652,0.3254
4013,4.013,0.0013,-0.0037,-0.001,-0.0018,0.4533,0.2489
4014,4.014,0.0011,-0.0044,-0.0018,-0.0012,0.5572,0.3195
4015,4.015,0.0022,-0.0039,-0.0037,0.0024,0.4642,0.2558
4016,4.016,0.0054,-0.0056,-0.0034,0.0028,1.4009,0.8951
4017,4.017,0.0026,-0.003,-0.0051,0.0026,1.5263,0.8103
4018,4.018,0.0002,0.0012,-0.0056,0.0017,0.5055,0.2675
4019,4.019,0.0048,-0.0018,-0.0055,-0.0028,-0.1831,-0.2266
4020,4.02,0.0043,-0.0013,-0.0082,0.0031,-0.3105,-0.2923
4021,4.021,-0.0021,-0.0017,-0.008,0.0054,-0.4254,-0.3513
4022,4.022,0.0005,-0.0047,-0.0099,0.0048,-0.5294,-0.2993
4023,4.023,0.0028,-0.0029,-0.007,0.0043,-0.4367,-0.2517
4024,4.024,0.0006,-0.0015,-0.0025,0.0054,-0.9881,-0.6739
4025,4.025,-0.0014,0.0008,-0.0091,0.0072,-1.7551,-1.0676
4026,4.026,-0.0031,0.0024,-0.0139,0.0015,-0.8281,-0.4864
4027,4.027,0.001,-0.002,-0.0063,0.0022,0.0469,0.0569
4028,4.028,0.0005,-0.0016,-0.0012,0.0058,0.3894,0.2693
4029,4.029,-0.0046,-0.0046,0.0051,0.0017,0.494,0.3343
4030,4.03,-0.001,-0.0032,0.0058,0,0.5887,0.2769
4031,4.031,-0.0005,-0.0003,-0.0013,-0.0067,0.5045,0.2245
4032,4.032,-0,0.0007,-0.0023,-0.0094,0.5821,0.3687
4033,4.033,-0.0026,-0.0045,0,-0.0051,1.6373,1.024
4034,4.034,-0.0023,0.0046,0.0051,-0.0166,1.1855,0.7434
4035,4.035,-0.0035,0.0056,0.0099,-0.0216,0.2237,0.1461
4036,4.036,-0.0054,-0.0001,0.0067,-0.011,-0.4023,-0.2428
4037,4.037,-0.0064,0.0028,0.0071,-0.004,-0.5178,-0.3143
4038,4.038,-0.0048,-0.0001,0.0138,-0.0028,-0.6218,-0.3791
4039,4.039,-0.0041,-0.0028,0.0164,-0.0018,-0.5295,-0.3217
4040,4.04,-0.0018,-0.0145,0.0172,0.0013,-0.4452,-0.2691
4041,4.041,0.0032,-0.0231,0.0223,0.0077,-1.4516,-0.8937
4042,4.042,-0.0033,-0.0187,0.0315,0.0018,-1.5894,-0.8091
4043,4.043,-0.0042,-0.0036,0.0278,0.0055,-0.4666,-0.2665
4044,4.044,-0.0021,-0.0018,0.0245,0.0062,0.2905,0.2275
4045,4.045,-0.0099,-0.0001,0.0087,0.0031,0.4304,0.2931
4046,4.046,-0.0152,-0.0053,0.0021,0.0048,0.5563,0.352
4047,4.047,-0.0068,0.0052,-0.0081,0.0022,0.4442,0.2999
4048,4.048,-0.0059,-0.0019,0.0012,0.0052,0.3421,0.2523
4049,4.049,-0.007,-0.0134,-0.0039,-0.0013,0.9979,0.6456
4050,4.05,-0.0025,-0.0212,-0.0054,0.0014,1.5944,1.0157
4051,4.051,-0.0017,-0.0088,0.0015,0.0039,0.898,0.487
4052,4.052,0.0034,0.0062,0.0003,0.0032,0.0528,-0.0067
4053,4.053,-0.0031,0.0081,0.0059,-0.0075,-0.2897,-0.2002
4054,4.054,-0.004,0.0098,0.007,-0.0091,-0.3943,-0.2593
4055,4.055,-0.0063,0.008,0.0024,0.0004,-0.4891,-0.3128
4056,4.056,-0.0015,0.0063,-0.0001,-0.0033,-0.4049,-0.2653
4057,4.057,0.0001,0.0103,-0.0007,-0.0024,-0.6376,-0.3965
4058,4.058,0.0029,0.0113,-0.0042,-0.0015,-1.6929,-0.9921
4059,4.059,-0.0007,0.0144,0.0017,0.0012,-1.2414,-0.7371
4060,4.06,0.0062,0.0071,0.0039,-0.0031,-0.2797,-0.0392
4061,4.061,0.0051,0.0134,0.0047,-0.0039,0.3467,0.2436
4062,4.062,0.0077,0.0073,-0.001,0.0024,0.4622,0.33
4063,4.063,0.0068,0.0094,-0.0046,-0.0019,0.5666,0.2536
4064,4.064,0.0045,0.0073,-0.0038,-0.0057,0.4739,0.3243
4065,4.065,0.0051,0.0089,0.0006,-0.0135,0.3893,0.2609
4066,4.066,0.0067,0.0072,0.0002,-0.0251,1.3956,0.9003
4067,4.067,0.0038,0.0106,-0.0075,-0.0206,1.5334,0.8158
4068,4.068,0.0042,0.0055,-0.0017,-0.0082,0.66,0.2733
4069,4.069,0.0038,0.0132,-0.0026,0.0001,-0.1359,-0.2205
4070,4.07,0.0017,0.0079,0.0003,0.0046,-0.4474,-0.2858
4071,4.071,0.0027,0.0052,-0.0021,0.0086,-0.5425,-0.3445
4072,4.072,0.0009,0.0043,0.005,-0.0003,-0.4586,-0.2922
4073,4.073,0.0039,0.0065,0.0006,0.0074,-0.3821,-0.2443
4074,4.074,0.0057,-0.0013,-0.0001,0.0042,-1.0154,-0.6374
4075,4.075,0.0004,-0.0023,-0.0036,0.005,-1.7824,-1.0072
4076,4.076,0.0041,0.0004,-0.0014,0.0074,-0.8555,-0.4782
4077,4.077,0.0034,0.0013,-0.0042,0.0036,0.0196,0.0159
4078,4.078,0.0051,-0.0009,0.0012,0.0028,0.3623,0.2097
4079,4.079,0.0055,0.0012,-0.0006,0.0022,0.4669,0.2691
4080,4.08,0.004,0.0029,0.0026,0.0074,0.5615,0.3228
4081,4.081,-0.0003,-0.0023,-0.0001,0.0053,0.4775,0.2756
4082,4.082,0.0014,-0.0015,0.0027,0.0035,0.5553,0.407
4083,4.083,0.0029,-0.001,-0.0002,0.0039,1.6106,1.003
4084,4.084,-0.0013,-0.0004,-0.0012,0.0043,1.1589,0.7483
4085,4.085,-0.0008,-0.005,-0.0029,0.0046,0.1972,0.0507
4086,4.086,0.0007,-0.0007,-0.0004,0.0049,-0.4287,-0.2317
4087,4.087,-0.0005,-0.0083,-0.0033,0.0023,-0.3177,-0.3181
4088,4.088,0.0016,-0.0051,-0.0006,0.0013,-0.4217,-0.396
4089,4.089,-0.001,-0.0059,-0.0002,0.0003,-0.5163,-0.3262
4090,4.09,-0.002,0.002,0.0016,0.0016,-0.4318,-0.2623
4091,4.091,0.0004,0.001,-0.002,0.0023,-1.4378,-0.9015
4092,4.092,-0.0002,-0.0016,-0.0004,0.0034,-1.5754,-0.8167
4093,4.093,0.0037,-0.004,-0.0026,0.0039,-0.7017,-0.2739
4094,4.094,-0.0027,-0.0046,0.0003,0.0009,0.3214,0.2204
4095,4.095,-0.0018,-0.0009,-0.0015,-0.0003,0.4617,0.2861
4096,4.096,0.0004,-0.0025,-0.0033,0.0007,0.588,0.3452
4097,4.097,0.0025,-0.0019,0.0017,-0.0045,0.4763,0.2932
4098,4.098,0.0031,-0.0002,0.001,0.0024,0.3743,0.2455
4099,4.099,-0.0033,0.0011,-0.0008,0.0032,0.8431,0.639
4100,4.1,-0.0024,0,0.002,0.0024,1.6103,1.0091
4101,4.101,0.0029,-0.0009,0.0013,0.0046,0.89,0.4806
4102,4.102,-0.0006,-0.0032,-0,0.001,0.0449,-0.013
4103,4.103,-0.001,-0.002,-0.0031,0.0027,-0.2972,-0.2065
4104,4.104,-0.0004,-0.0012,0.0025,-0.0002,-0.4017,-0.2656
4105,4.105,-0.0082,-0.0004,-0.002,-0.0017,-0.4961,-0.319
4106,4.106,-0.0003,0.0019,-0.0029,-0.0013,-0.4115,-0.2714
4107,4.107,-0.0013,0.0001,-0.0025,-0.0052,-0.4891,-0.4027
4108,4.108,-0.0021,0.0001,-0.0058,0.0026,-1.544,-0.9983
4109,4.109,-0.0046,0.0008,-0.0032,0.0059,-1.3937,-0.7434
4110,4.11,0.0007,0.0041,-0.005,0.0069,-0.1575,-0.0456
4111,4.111,-0.0012,0.0012,-0.0041,-0.0015,0.3436,0.2371
4112,4.112,-0.0007,0.0016,-0.0073,-0.007,0.497,0.3234
4113,4.113,-0.0047,0.002,-0.0051,-0.0039,0.6356,0.2469
4114,4.114,0.0011,-0.0003,-0.0064,0.0007,0.5126,0.3174
4115,4.115,-0.0011,0.0008,-0.0118,-0.0002,0.4004,0.2538
4116,4.116,0.001,0.001,-0.0073,0.0021,1.3277,0.8931
4117,4.117,-0.0032,-0.0013,-0.0071,0.0028,1.4532,0.8084
4118,4.118,0.002,-0.0037,-0.008,0.0012,0.6595,0.2657
4119,4.119,-0.0057,-0.0023,-0.0131,0.0018,-0.2698,-0.2283
4120,4.12,-0.0005,-0.003,-0.0129,-0.0007,-0.3969,-0.2939
4121,4.121,-0.005,-0.0047,-0.0116,0.0045,-0.5117,-0.3528
4122,4.122,-0.0008,-0.0033,-0.0095,0.0026,-0.6158,-0.3008
4123,4.123,-0.003,-0.002,-0.011,0.001,-0.3355,-0.2531
4124,4.124,0.0006,-0.0008,-0.0075,-0.0042,-0.9316,-0.6465
4125,4.125,-0.0003,-0.0029,-0.0106,-0.005,-1.7751,-1.0376
4126,4.126,0.0003,-0.0054,-0.0146,-0.0013,-0.9238,-0.4563
4127,4.127,-0.0003,-0.0002,-0.0099,0.0005,0.0989,0.0871
4128,4.128,0.0023,0.002,-0.0096,0.0022,0.5132,0.2996
4129,4.129,-0.0008,-0.0045,-0.0169,-0.0013,0.3907,0.2367
4130,4.13,-0.0011,-0.0037,-0.007,-0.0054,0.5051,0.2953
4131,4.131,0.0007,-0.003,-0.0033,-0.0037,0.403,0.2431
4132,4.132,0.0017,-0.0051,-0.0048,-0.0021,0.4971,0.3874
4133,4.133,-0.002,0.0006,-0.002,-0.0063,1.6039,1.0428
4134,4.134,-0.0009,0.0028,0.0049,-0.015,1.1522,0.7624
4135,4.135,0.0011,0.0008,0.0054,-0.0238,0.1904,0.1652
4136,4.136,-0.004,0.005,0.0093,-0.0088,-0.4356,-0.2236
4137,4.137,0.0009,0.0033,0.0097,0.0014,-0.3247,-0.2952
4138,4.138,-0.0008,-0.0025,0.0058,-0.0005,-0.4291,-0.3599
4139,4.139,0.0008,0.0044,0.0112,0.0047,-0.5239,-0.3027
4140,4.14,0.0033,0.0017,0.0103,0.0032,-0.4397,-0.2504
4141,4.141,-0.0009,-0.0026,0.0135,0.0018,-1.4462,-0.875
4142,4.142,0.0019,-0.0019,0.0063,-0.0018,-1.5843,-0.9606
4143,4.143,-0.0007,-0.0055,0.0106,-0.0008,-0.7113,-0.2633
4144,4.144,-0.0076,-0.0025,0.0129,0.0087,0.311,0.2068
4145,4.145,-0.0107,-0.003,0.0164,0.0125,0.4508,0.2935
4146,4.146,-0.0062,0.0005,0.0142,0.0093,0.5768,0.3717
4147,4.147,-0.0071,-0.0017,0.011,0.0063,0.4648,0.3021
4148,4.148,-0.0019,0.0039,0.0172,0.0036,0.3622,0.2384
4149,4.149,0.003,0.0032,0.0179,0.0027,0.8303,0.529
4150,4.15,0.0046,-0.0004,0.023,0.0021,1.7669,0.899
4151,4.151,-0.0007,0.0038,0.0236,0.0028,0.8944,0.5625
4152,4.152,0.0042,0.0021,0.0304,0.0045,0.0984,-0.0072
4153,4.153,0.0072,0.0016,0.0331,0.005,-0.4194,-0.241
4154,4.154,0.0031,-0.0006,0.0271,-0.0028,-0.5152,-0.3124
4155,4.155,0.0016,0.0022,0.0155,-0.0106,-0.4316,-0.2493
4156,4.156,0.0066,0.0004,0.0037,-0.0033,-0.5103,-0.3079
4157,4.157,0.0016,0.0027,-0.0039,-0.0006,-0.5815,-0.361
4158,4.158,-0.0001,0.0037,-0.0026,-0.0015,-1.5413,-0.9859
4159,4.159,0.0051,0.0019,-0.0037,0.0022,-1.4053,-0.7311
4160,4.16,0.003,-0.002,-0.0027,0.0029,-0.2823,-0.0335
4161,4.161,0.0013,-0.0108,-0.0036,0.0024,0.4746,0.249
4162,4.162,0.0018,-0.002,-0.0062,0.0052,0.3395,0.3353
4163,4.163,0.0023,0.0083,-0.0019,0.0026,0.4648,0.2587
4164,4.164,0.0019,0.007,-0.0055,-0.0035,0.5787,0.3293
4165,4.165,0.0007,0.0132,-0.0047,-0.0147,0.4761,0.2655
4166,4.166,0.0049,0.01,-0.004,-0.0132,1.3184,0.9047
4167,4.167,0.002,0.0111,-0.0021,-0.0063,1.4318,0.82
4168,4.168,-0.0006,0.0065,-0.0014,-0.0051,0.7095,0.2773
4169,4.169,-0.0028,0.004,0.003,-0.0042,-0.1363,-0.2168
4170,4.17,-0.0008,-0.0013,0.0027,-0.0012,-0.2528,-0.2824
4171,4.171,-0.0034,0.0065,-0.0028,-0.0004,-0.5637,-0.3415
4172,4.172,-0.0037,0.0013,0.0012,0.0021,-0.4716,-0.2895
4173,4.173,-0.0048,0.004,0.0022,-0.0049,-0.3879,-0.242
4174,4.174,-0.0017,-0.0002,-0.0006,-0.0022,-0.9303,-0.6353
4175,4.175,-0.0046,0.0005,-0.0032,0.0019,-1.8457,-1.0055
4176,4.176,0.0011,-0.003,-0.0034,0.0041,-0.9739,-0.573
4177,4.177,0.002,-0.0035,0.0011,0.0047,0.0483,0.0679
4178,4.178,-0.0002,-0.0051,0.0032,0.0016,0.4624,0.3249
4179,4.179,-0.0009,-0.0036,-0.0043,-0.0001,0.5889,0.2488
4180,4.18,0.0033,-0.0078,-0.0072,0.0023,0.4766,0.3196
4181,4.181,-0.0031,-0.0013,-0.0038,0.0035,0.58,0.2562
4182,4.182,0.0011,-0.0038,-0.0007,-0.0005,0.4865,0.3144
4183,4.183,-0.0041,-0.0031,-0.0029,-0.0053,1.5931,1.0013
4184,4.184,0.0008,-0.008,-0.0019,-0.0011,1.1413,0.7209
4185,4.185,0.0025,-0.0037,0.0005,-0.0016,0.1795,0.1238
4186,4.186,-0.0004,-0.0032,0.0013,0.0041,-0.1976,-0.2649
4187,4.187,-0.0061,0.0016,-0.0048,-0.0012,-0.3135,-0.1961
4188,4.188,0.0009,-0.0026,-0.0053,0.0037,-0.418,-0.2608
4189,4.189,-0.0018,-0.0009,-0.0058,0.0019,-0.5129,-0.3195
4190,4.19,0.0025,0.0007,-0.0035,-0.0057,-0.4288,-0.2671
4191,4.191,-0.0027,-0.0024,0.001,-0.0088,-1.2805,-0.8917
4192,4.192,-0.002,0.0005,-0.0016,-0.0024,-1.6212,-0.9773
4193,4.193,0.0038,-0.0005,-0.005,0.0001,-0.6935,-0.2801
4194,4.194,0.0001,-0.0015,-0.0036,0.0038,0.1817,0.1899
4195,4.195,0.0021,-0.0005,-0.0045,0.0018,0.2977,0.2767
4196,4.196,-0.0009,-0.0023,-0.0062,0.0012,0.6081,0.3549
4197,4.197,0.0056,0.0016,-0.0036,-0.0052,0.5155,0.2853
4198,4.198,0.0048,-0.0025,-0.0038,-0.0027,0.4312,0.2216
4199,4.199,0.0011,0.0053,-0.0023,-0.0006,0.8183,0.6284
4200,4.2,0.0005,0.0043,-0.0014,0.0058,1.7331,0.9985
4201,4.201,0.0022,-0.0009,-0.002,0.0016,0.861,0.47
4202,4.202,-0.003,0.0018,-0.0023,0.0022,0.0654,-0.0236
4203,4.203,0.002,-0.0007,-0.0049,0.0015,-0.4521,-0.2171
4204,4.204,0.0037,-0.0001,-0.0038,0.0085,-0.3606,-0.2762
4205,4.205,0.0021,0.0006,-0.0081,-0,-0.4469,-0.3297
4206,4.206,-0.0014,0.0011,-0.0028,0.0009,-0.5251,-0.2821
4207,4.207,0.0008,-0.0006,-0.0008,0.004,-0.596,-0.3259
4208,4.208,-0.0003,-0.0042,-0.0025,0.0032,-1.5554,-0.9215
4209,4.209,0.0007,0.0027,-0.0019,0.0024,-1.419,-0.6665
4210,4.21,0.0011,-0.0004,-0.0045,0.0031,-0.2959,-0.1235
4211,4.211,0.0001,0.0004,-0.0048,-0.0018,0.4611,0.23
4212,4.212,0.0027,0.0012,-0.0045,-0.0012,0.3267,0.2954
4213,4.213,0.0031,-0.0025,-0.007,0.0005,0.4525,0.3542
4214,4.214,0.0001,-0.0005,-0.0031,0.0031,0.5665,0.3019
4215,4.215,0.0026,-0.0036,-0.0079,0.0043,0.4642,0.2543
4216,4.216,-0.0019,-0.0042,-0.0037,0.0056,1.3071,0.8222
4217,4.217,0.0024,-0.0007,-0.002,-0.0002,1.4209,0.9
4218,4.218,-0.0064,-0.0019,-0.0005,0.0041,0.699,0.2661
4219,4.219,-0.0027,0.0001,-0.0056,0.0035,-0.1464,-0.1613
4220,4.22,-0.0037,0.0042,-0.0007,0.0042,-0.4889,-0.2403
4221,4.221,0.0016,0.0001,-0.005,0.0026,-0.3876,-0.3115
4222,4.222,-0.003,-0.0035,-0.001,0.0043,-0.4825,-0.3761
4223,4.223,0.0013,0.0007,-0.0046,0.0069,-0.3983,-0.2022
4224,4.224,0.002,0.0035,-0.0043,0,-0.9403,-0.572
4225,4.225,-0.0015,-0.0002,-0.0056,-0.0114,-1.8554,-1.0048
4226,4.226,0.0024,-0.0004,-0.0086,-0.0014,-1.0175,-0.5345
4227,4.227,0.0007,-0.0047,-0.0077,0.0063,-0.1426,-0.0097
4228,4.228,0.0002,-0.0007,-0.0068,0.0023,0.4269,0.203
4229,4.229,0.0007,-0.0043,-0.0045,-0.0014,0.5317,0.2683
4230,4.23,-0.0004,-0.0032,-0.0048,-0.0003,0.6263,0.327
4231,4.231,-0.0008,-0.0029,-0.001,-0.0055,0.5421,0.2746
4232,4.232,-0.0026,-0.0055,0.0041,-0.0082,0.4653,0.323
4233,4.233,-0.0036,-0.0003,0.0089,-0.0056,1.5201,0.9784
4234,4.234,0.0008,0.0004,0.0093,-0.0003,1.37,0.6981
4235,4.235,-0.008,0.0039,0.018,-0.0022,0.4082,0.1011
4236,4.236,-0.0092,0.0043,0.0191,-0.0005,-0.2182,-0.2875
4237,4.237,-0.0148,0.006,0.0222,-0.001,-0.3337,-0.2186
4238,4.238,-0.0053,0.0075,0.0294,0.0059,-0.4382,-0.2834
4239,4.239,-0.0041,0.0086,0.019,-0.0026,-0.5331,-0.342
4240,4.24,-0.0009,0.0047,0.012,0.0007,-0.4489,-0.2896
4241,4.241,0.0001,0.0082,0.0031,0.0038,-1.3006,-0.8182
4242,4.242,0.0009,0.004,-0.0026,-0.0007,-1.6412,-0.8889
4243,4.243,0,0.0034,-0.0016,0.0035,-0.7136,-0.3127
4244,4.244,0.0037,-0.0044,-0.0026,0.0014,0.1616,0.2311
4245,4.245,0.0002,-0.0169,-0.0018,0.0021,0.504,0.3029
4246,4.246,-0.0029,-0.0118,-0.0056,0.0038,0.4027,0.3679
4247,4.247,0.0035,-0.0042,-0.0007,-0.0002,0.4973,0.3106
4248,4.248,0.0009,-0.0029,-0.0025,0.0076,0.4127,0.1527
4249,4.249,0.0002,0.0034,-0.0008,0.002,0.7998,0.489
4250,4.25,0.0009,0.0024,-0.0034,-0.0117,1.7145,0.9699
4251,4.251,0.0013,0.0054,0.0008,-0.0061,0.8423,0.5222
4252,4.252,0.0008,0.0081,-0.0057,-0.001,0.0466,-0.0026
4253,4.253,-0.0008,0.009,0.0002,0.0036,-0.4714,-0.2151
4254,4.254,0.0034,0.0005,0.0009,0.005,-0.3802,-0.2803
4255,4.255,0.0017,0.0037,0.0002,-0.014,-0.4667,-0.3391
4256,4.256,0.0021,0.0007,0.0007,-0.0221,-0.5451,-0.287
4257,4.257,0.0009,-0.002,-0.0057,-0.0148,-0.4756,-0.3353
4258,4.258,-0.0003,0.0023,-0.0031,-0.0214,-1.4353,-0.9908
4259,4.259,-0.0007,0.0045,-0.0053,-0.0194,-1.299,-0.7104
4260,4.26,0.0003,0.0038,-0.0033,-0.0139,-0.425,-0.1134
4261,4.261,-0.0008,0.0081,-0.0075,-0.0054,0.3712,0.2751
4262,4.262,0.001,0.004,-0.0034,-0.0009,0.4765,0.3465
4263,4.263,-0.0019,0.0015,-0.0059,0.0087,0.5714,0.2831
4264,4.264,-0.0001,-0.0015,-0.0055,0.0075,0.4875,0.3416
4265,4.265,0.0031,0.0041,-0.0075,0.0085,0.4109,0.289
4266,4.266,0.001,0.0063,-0.0016,0.0054,1.3253,0.8173
4267,4.267,0.0029,-0.0001,-0.0024,0.0062,1.4508,0.8878
4268,4.268,0.0011,-0.0009,-0.0016,0.0087,0.657,0.3114
4269,4.269,0.0034,-0.0002,-0.008,0.008,-0.2728,-0.0775
4270,4.27,-0.0008,0.0005,-0.002,0.0073,-0.3998,-0.2902
4271,4.271,-0.0004,-0.0025,0.0096,0.0089,-0.5148,-0.3553
4272,4.272,-0.0033,-0.0019,0.0148,0.0072,-0.6185,-0.2982
4273,4.273,-0.0008,-0.0034,0.0195,0.0014,-0.3386,-0.2462
4274,4.274,-0.003,-0.0003,0.021,0.0021,-0.7645,-0.5829
4275,4.275,-0.001,-0.005,0.0199,-0,-1.7712,-1.0639
4276,4.276,0.0008,-0.0019,0.0168,-0.0043,-1.0859,-0.6164
4277,4.277,-0.0002,-0.0048,0.0117,-0.0061,0.0386,0.0244
4278,4.278,0.0015,-0.0032,0.0073,-0.0014,0.4942,0.2813
4279,4.279,-0.0023,-0.0054,-0.0021,0.0081,0.3595,0.3596
4280,4.28,-0.0028,-0.0024,0.0043,0.0067,0.4857,0.29
4281,4.281,0.0022,0.0001,-0.0033,-0.0022,0.6002,0.2264
4282,4.282,0.0002,-0.0015,-0.0021,0.001,0.4981,0.2845
4283,4.283,0.0007,-0.0005,-0.0028,-0.0001,1.5285,0.9714
4284,4.284,0.0035,0.0038,-0.0052,-0.001,1.3923,0.6908
4285,4.285,0.001,0.0022,-0.0013,-0.0002,0.2692,0.0937
4286,4.286,0.0006,-0.003,-0.0019,-0.0024,-0.186,-0.1403
4287,4.287,-0.0023,0.0019,-0.0012,0.004,-0.325,-0.212
4288,4.288,0.002,-0.0023,-0.0052,-0.002,-0.4509,-0.2767
4289,4.289,0.0025,0.0018,-0.0045,-0.0027,-0.5651,-0.3353
4290,4.29,0.002,0.0034,0.0006,-0.002,-0.463,-0.2829
4291,4.291,0.0017,-0.0017,0,0.001,-1.3057,-0.8113
4292,4.292,0.0021,-0.0023,0.0006,0.0014,-1.646,-1.0224
4293,4.293,0.0011,0.0019,-0.0023,0.0009,-0.7181,-0.3181
4294,4.294,0.0014,-0.0068,-0.0007,0.0031,0.1574,0.1519
4295,4.295,0.0005,0.002,-0.0049,0.0019,0.5001,0.2388
4296,4.296,0.0018,-0.0036,-0.0009,-0.0006,0.605,0.3173
4297,4.297,0.0007,-0.0026,-0.0014,0.0019,0.5126,0.3882
4298,4.298,-0.002,-0.0053,-0.0037,-0.0011,0.4286,0.1968
4299,4.299,-0.0003,0.0025,-0.0034,0.0031,0.8161,0.6036
4300,4.3,-0.0006,0.0016,-0.0045,0.0003,1.7312,0.9736
4301,4.301,0.0013,0.0025,-0.0014,0.0018,1.1086,0.5412
4302,4.302,0.0026,0.0017,-0.0011,-0.0003,0.0866,0.0166
4303,4.303,-0.0011,-0.0035,-0.0022,0.0017,-0.3275,-0.1959
4304,4.304,-0.0016,0.0014,-0.0033,-0.0025,-0.4539,-0.2609
4305,4.305,0.0015,-0.0028,-0.0023,0.0004,-0.5681,-0.3196
4306,4.306,0.0019,0.0002,-0.0067,0.003,-0.466,-0.2673
4307,4.307,0.0016,0.0017,0.0002,-0.0013,-0.5598,-0.3154
4308,4.308,-0.0016,0.0029,-0.0064,0.004,-1.6665,-0.9706
4309,4.309,-0.0028,0.0033,-0.0023,0.0033,-1.5161,-0.6901
4310,4.31,0.0008,-0.0009,-0.0046,0.0064,-0.28,-0.0927
4311,4.311,-0.0042,-0.0004,-0.0027,0.0047,0.221,0.2962
4312,4.312,-0.0006,-0.0019,-0.0059,0.0043,0.3743,0.2275
4313,4.313,-0.0048,0.0023,0.0004,0.0013,0.5132,0.2925
4314,4.314,0.0017,-0.0018,-0.0057,0.0001,0.6392,0.3513
4315,4.315,0.0008,0.005,-0.008,-0.0002,0.3004,0.1935
4316,4.316,0.0031,0.0058,-0.0033,-0.0004,1.2276,0.8182
4317,4.317,0.0011,-0.002,-0.0077,-0.0055,1.6025,0.904
4318,4.318,-0.0006,0.0011,-0.0062,-0.0103,0.5823,0.3617
4319,4.319,-0.0022,0.0075,-0.0089,-0.0098,-0.1059,-0.132
4320,4.32,-0.0017,0.0032,-0.0069,-0.0045,-0.4824,-0.1974
4321,4.321,-0.0028,-0.002,-0.0126,-0.001,-0.3707,-0.2563
4322,4.322,0.0011,-0.0027,-0.0059,-0.0026,-0.4748,-0.3097
4323,4.323,0.0006,-0.0011,-0.0069,0.0026,-0.3822,-0.2619
4324,4.324,0.0067,-0.0006,-0.0079,0.0046,-0.808,-0.5675
4325,4.325,-0.0011,-0.0021,-0.0074,0.0016,-1.8145,-1.0839
4326,4.326,0.0042,-0.0025,-0.0083,0.0021,-1.1292,-0.5917
4327,4.327,0.0022,0.001,-0.0107,0.0026,-0.0482,0.0298
4328,4.328,0.0049,0.0014,-0.0114,0.0011,0.3288,0.2235
4329,4.329,0.0007,0.0003,-0.0064,0.0033,0.4442,0.283
4330,4.33,0.0014,0.0027,-0.0059,0.0012,0.5481,0.3368
4331,4.331,-0.0035,-0.0024,-0.0156,-0.0045,0.4553,0.2895
4332,4.332,-0.0018,-0.0018,-0.0032,0.0014,0.5411,0.3336
4333,4.333,0.0035,-0.0001,0.0016,0.0066,1.5472,0.9295
4334,4.334,-0.0014,0.0039,-0.0001,0.0073,1.4108,0.6749
4335,4.335,-0.0009,0.0003,0.0011,0.003,0.2875,0.1324
4336,4.336,-0.0097,0.0006,0.0072,0.0035,-0.1681,-0.2208
4337,4.337,-0.0134,0.0018,0.006,-0.0013,-0.3078,-0.2858
4338,4.338,-0.0079,0.0036,0.0132,0.0018,-0.4338,-0.3444
4339,4.339,-0.0089,0.0012,0.0139,0.0034,-0.5483,-0.3975
4340,4.34,-0.008,0.0029,0.0112,-0.0002,-0.4464,-0.3495
4341,4.341,-0.0002,0.001,0.0104,-0.0053,-1.2895,-0.8299
4342,4.342,0.0028,-0.002,0.0181,-0.0131,-1.6302,-0.8942
4343,4.343,0.0001,-0.0045,0.017,-0.0162,-0.7027,-0.3702
4344,4.344,0.0009,-0.0042,0.0233,-0.0302,0.1723,0.124
4345,4.345,-0.0013,-0.0026,0.0241,-0.0487,0.5148,0.3178
4346,4.346,0.0036,-0.0001,0.0293,-0.0264,0.4134,0.3771
4347,4.347,0.0019,-0.0012,0.0385,-0.0056,0.508,0.3252
4348,4.348,-0.001,-0.0063,0.0322,0.0025,0.4234,0.2778
4349,4.349,0.0015,-0.017,0.0151,0.0001,0.8105,0.5838
4350,4.35,0.0003,-0.0155,-0.0021,0.0066,1.7252,1.021
4351,4.351,0.0006,-0.003,-0.0043,0.0086,1.1021,0.6144
4352,4.352,0.0003,0.0021,-0.0063,0.0142,0.0797,0.0318
4353,4.353,-0.0008,-0.0118,-0.0044,0.0091,-0.3349,-0.2019
4354,4.354,-0.0004,-0.0175,0.0007,0.0075,-0.4616,-0.2731
4355,4.355,-0.0011,-0.0023,-0.0007,0.0115,-0.5763,-0.3377
4356,4.356,-0.004,0.0078,0.0034,0.0078,-0.4749,-0.2802
4357,4.357,0.0017,0.006,-0.0002,0.0133,-0.5694,-0.333
4358,4.358,0.0042,0.011,0.0009,0.0103,-1.6765,-1.0537
4359,4.359,0.002,0.0125,0.004,0.0075,-1.527,-0.7453
4360,4.36,-0.0001,0.0028,0.0015,0.01,-0.2914,-0.0886
4361,4.361,-0.0006,0.0065,0.0008,0.0078,0.2093,0.1686
4362,4.362,-0.0001,0.0055,-0.0043,0.0028,0.3625,0.2475
4363,4.363,0.0024,0.0044,-0.0035,-0.0067,0.501,0.3185
4364,4.364,0.0002,0.0071,0.0024,-0.0108,0.6267,0.3831
4365,4.365,0.0022,0.0012,-0.0026,0.0005,0.2879,0.2094
4366,4.366,0.0058,0.0034,-0.0017,0.002,1.2148,0.7905
4367,4.367,-0.0003,0.0054,-0.002,0.0061,1.5895,0.8684
4368,4.368,-0.0012,0.0059,-0.0013,0.0023,0.7958,0.3757
4369,4.369,-0.0019,0.0053,0.0047,0.0013,-0.134,-0.0736
4370,4.37,0.0016,0.0006,-0.0051,0.0043,-0.2613,-0.2494
4371,4.371,0.0021,-0.0025,0.0021,0.0034,-0.3762,-0.3031
4372,4.372,0.0026,0.0016,0.0011,0.0008,-0.48,-0.3518
4373,4.373,0.0001,0.001,-0.0042,-0.0014,-0.3873,-0.2212
4374,4.374,0.0004,-0.002,-0.0029,0.0022,-0.8133,-0.4991
4375,4.375,0.0007,-0,0.0001,0.0038,-1.8198,-1.0406
4376,4.376,-0.0035,0.0003,-0.0075,0.0021,-1.1346,-0.4989
4377,4.377,0.0017,-0.0007,-0.002,0.0016,-0.0103,-0.005
4378,4.378,-0.0018,-0.001,-0.0025,0.0013,0.4454,0.1886
4379,4.379,0.0024,-0.0029,0.0003,-0.0052,0.5846,0.2479
4380,4.38,0.0041,-0.0017,-0.0047,-0.0043,0.4615,0.3015
4381,4.381,0.0035,0.002,-0.0037,-0.0018,0.5758,0.2541
4382,4.382,0.0013,0.0035,-0.004,0.0019,0.4733,0.298
4383,4.383,0.0001,0.0024,-0.002,-0.0001,1.5035,0.8936
4384,4.384,0.0052,0.0012,-0.0032,0.0041,1.3674,0.8089
4385,4.385,0.0003,0.0031,-0.006,-0.0047,0.4935,0.1112
4386,4.386,-0.0002,0.0021,0.0007,0.0016,-0.3025,-0.1713
4387,4.387,-0.0043,0.0058,0.0001,0.0006,-0.4078,-0.2578
4388,4.388,-0.0028,-0.0003,0.0046,0.0037,-0.5025,-0.3358
4389,4.389,-0.0016,0.0006,-0.0067,-0.0009,-0.5888,-0.2661
4390,4.39,0.0013,-0.0001,-0.0014,-0.0017,-0.3572,-0.2024
4391,4.391,0.0003,0.002,-0.0027,-0.0055,-1.2719,-0.8417
4392,4.392,0.0014,0.0037,0.0016,-0.009,-1.6463,-0.9271
4393,4.393,-0.0009,-0.0027,0.0006,-0.002,-0.8527,-0.3846
4394,4.394,-0.0007,-0.0002,-0.0024,0.0007,0.2833,0.1096
4395,4.395,-0.0024,-0.0023,0.0009,-0.0105,0.4372,0.3033
4396,4.396,-0.0001,-0.0043,0.0019,-0.0029,0.5759,0.3626
4397,4.397,-0.0014,-0.006,-0.0039,0.0012,0.4526,0.3108
4398,4.398,0.0015,-0.0031,-0.0059,0.005,0.3402,0.2635
4399,4.399,-0.001,-0.0005,-0.0022,0.0041,0.8556,0.5695
4400,4.4,-0.002,-0.0017,-0.0004,-0.0031,1.6989,1.0066
4401,4.401,0.0004,0.0004,-0.0021,-0.0003,1.1332,0.6001
4402,4.402,0.0006,0.0029,-0.0015,0.004,-0.0018,0.0176
4403,4.403,0.0008,0.0006,-0.0002,-0.0059,-0.4569,-0.2161
4404,4.404,-0.0014,-0.0031,-0.004,-0.0127,-0.3218,-0.2873
4405,4.405,-0,-0.0042,-0.0025,-0.0013,-0.4473,-0.352
4406,4.406,-0.0007,-0.0053,-0.0021,0.0003,-0.5615,-0.2945
4407,4.407,-0.0013,-0.0042,-0.0032,0.0017,-0.4591,-0.3474
4408,4.408,-0.0045,-0.0009,-0.0013,0.0029,-1.6763,-0.9721
4409,4.409,-0.0048,0.0056,-0.0036,0.0062,-1.5112,-0.7173
4410,4.41,0.0016,0.0011,0.0002,0.0052,-0.4538,-0.1743
4411,4.411,-0.0011,-0.0014,-0.0028,0.0044,0.235,0.1794
4412,4.412,0.0015,-0.0007,-0.0032,0.007,0.3622,0.245
4413,4.413,0.0008,0,-0.005,-0.003,0.4772,0.3042
4414,4.414,0.0015,0.0031,-0.0018,-0.0043,0.5816,0.3577
4415,4.415,-0.0002,0.0003,-0.0056,-0.0031,0.3016,0.214
4416,4.416,-0.0007,-0.0002,-0.0021,-0.0021,1.2383,0.782
4417,4.417,0.0029,0.001,0.001,0.0009,1.6132,0.8599
4418,4.418,0.0051,-0.0002,0.0038,0.0037,0.8199,0.3671
4419,4.419,-0.0005,0.0024,0.0035,0.0062,-0.1094,-0.0823
4420,4.42,0.0017,-0.0008,0.0059,0.001,-0.4857,-0.2582
4421,4.421,-0.0004,0.0021,0.0028,0.0003,-0.374,-0.312
4422,4.422,0.0054,0.0047,-0.0014,-0.0002,-0.4778,-0.3609
4423,4.423,0.0001,0.0037,-0.0009,0.0027,-0.3848,-0.2306
4424,4.424,-0.0006,-0.0014,0.0016,0.0042,-0.8108,-0.5086
4425,4.425,0.0025,-0.0007,0.0013,0.002,-1.8174,-1.0501
4426,4.426,-0.0016,0.001,-0.0008,0.0008,-1.1322,-0.5087
4427,4.427,-0.0001,-0.0019,-0.0005,0.0012,-0.008,-0.0149
4428,4.428,-0.0004,-0.001,-0.004,-0.0009,0.3915,0.2502
4429,4.429,-0.0035,0.0015,-0.0017,0.0008,0.5445,0.3153
4430,4.43,0.0029,-0.0007,-0.0034,-0.0036,0.6831,0.374
4431,4.431,-0.0017,0.0005,-0.0027,-0.0007,0.5596,0.3216
4432,4.432,0.0008,-0.0013,-0.0066,-0.0002,0.4471,0.3697
4433,4.433,-0.0014,-0.0017,-0.0013,0.0001,1.5802,0.9376
4434,4.434,-0.0021,-0.0013,0.0093,0.0048,1.4302,0.7059
4435,4.435,0.0009,0.0012,0.02,-0.0047,0.4689,0.2125
4436,4.436,0.0038,0.0016,0.0213,-0.0087,-0.4062,-0.2372
4437,4.437,-0.004,-0.0001,0.0075,0,-0.2957,-0.2969
4438,4.438,-0.0096,0.0024,0.0019,0.001,-0.6059,-0.3507
4439,4.439,-0.0127,0.0048,-0.0031,-0.002,-0.5136,-0.3036
4440,4.44,-0.0043,-0.0003,0.0045,-0.0012,-0.4293,-0.2606
4441,4.441,-0.0099,0.0004,0.0005,-0.0021,-1.126,-0.777
4442,4.442,-0.013,0.0046,-0.0007,-0.0014,-1.7822,-0.9887
4443,4.443,-0.0103,-0.003,-0.0017,0.0006,-0.8454,-0.4128
4444,4.444,-0.0044,0,0.0014,0.0022,0.279,0.1305
4445,4.445,-0.0022,0.0027,0.0006,-0.0007,0.4327,0.2021
4446,4.446,0.0013,-0.0015,-0.0002,-0.0042,0.5713,0.2668
4447,4.447,0.0008,-0.0037,0.0035,-0.0112,0.448,0.3254
4448,4.448,0.0048,-0.0031,0.0043,-0.0207,0.3354,0.2729
4449,4.449,0.0063,-0,0.0026,-0.0245,0.6442,0.513
4450,4.45,0.0066,-0.0029,0.001,-0.0096,1.6744,0.9934
4451,4.451,0.0054,-0.0024,0.0046,0.0005,0.9889,0.5456
4452,4.452,0.0057,-0.0002,0.0016,-0.0051,0.114,0.0207
4453,4.453,0.0033,-0.0006,0.002,0.0033,-0.4558,-0.1923
4454,4.454,0.0029,-0.0063,0.0031,0.0018,-0.3553,-0.2578
4455,4.455,0.0015,-0.0192,-0.0021,0.0004,-0.4504,-0.3169
4456,4.456,-0.0002,-0.0099,0.0017,0.0066,-0.5367,-0.2649
4457,4.457,0.003,-0.0015,0.0011,0.0098,-0.4602,-0.3135
4458,4.458,0.005,0.0031,0.0007,0.0067,-1.5157,-0.969
4459,4.459,0.0014,0.0017,0.0003,0.004,-1.3664,-0.8762
4460,4.46,0.0018,0.0054,0.0039,0.0066,-0.4052,-0.2795
4461,4.461,0.0038,0.0022,0.001,0.0072,0.2207,0.1092
4462,4.462,0.0002,0.0011,0.0023,0.0065,0.336,0.3213
4463,4.463,0.0014,0.0075,0.0042,0.0107,0.6456,0.3857
4464,4.464,0.0017,0.005,0.0089,0.0124,0.553,0.3282
4465,4.465,0.0052,0.0072,0.0021,0.0046,0.2984,0.2758
4466,4.466,0.0083,-0.0022,0.0014,0.0035,1.1495,0.8042
4467,4.467,0.0035,0.0016,0.0006,0.0025,1.4896,1.0154
4468,4.468,0.0018,0.0047,-0.0014,-0.0002,0.7681,0.4392
4469,4.469,0.0002,0.0017,-0.002,0.0076,-0.0776,-0.1042
4470,4.47,-0.0003,-0.001,-0.0002,0.0066,-0.4205,-0.176
4471,4.471,-0.0007,-0.0002,0.0004,-0.0075,-0.5254,-0.2411
4472,4.472,0.0005,0.0005,0.002,-0.0136,-0.4334,-0.2998
4473,4.473,-0.002,0.0082,-0.003,-0.0043,-0.3495,-0.2475
4474,4.474,0.0012,0.0092,0.002,-0.0026,-0.7371,-0.4877
4475,4.475,-0.0027,0.0028,0.0051,-0.0011,-1.7928,-1.0559
4476,4.476,0.0008,-0.0032,0.0046,0.0002,-1.0396,-0.6691
4477,4.477,0.002,0.0005,0.0011,-0.001,-0.0775,-0.0343
4478,4.478,-0.0027,-0.003,-0.0057,-0.002,0.2991,0.2229
4479,4.479,-0.0022,-0.0026,-0.0047,-0.001,0.4142,0.3016
4480,4.48,-0.0017,-0.0009,-0.0073,-0.0001,0.518,0.3727
4481,4.481,-0.0022,-0.0034,-0.003,0.0058,0.4253,0.3095
4482,4.482,-0.0082,-0.0038,-0.0008,0.0036,0.5106,0.2518
4483,4.483,-0.0004,0.0009,0.0013,0,1.5165,0.939
4484,4.484,-0.0057,-0.0033,0.0044,0.0042,1.3801,0.8459
4485,4.485,0.0008,0.0007,-0.0019,0.0014,0.506,0.2489
4486,4.486,-0.0001,-0.0008,-0.001,-0.0022,-0.29,-0.1396
4487,4.487,-0.0022,-0.0039,-0.0017,0.0029,-0.3957,-0.2111
4488,4.488,-0.0029,-0.0027,-0.0037,0.0009,-0.4908,-0.2758
4489,4.489,0.0014,0.003,-0.0068,-0.0022,-0.5774,-0.3344
4490,4.49,-0.0003,0.0039,-0.0004,-0.0027,-0.3463,-0.1762
4491,4.491,0.0002,0.0017,0.0004,-0.0052,-1.1202,-0.8007
4492,4.492,-0.0001,0.001,-0.0003,-0.0021,-1.636,-1.0564
4493,4.493,-0.0029,-0.0021,0.0003,-0.0001,-0.793,-0.359
4494,4.494,0.0013,0.0043,-0.0002,-0.0004,0.2295,0.1114
4495,4.495,0.0019,0.0018,0.0038,0.0042,0.3695,0.1987
4496,4.496,0.0035,0.004,-0.004,-0.0041,0.4959,0.2772
4497,4.497,0.0014,-0.001,-0.0051,0.0063,0.6104,0.3484
4498,4.498,0.0035,-0.004,-0.0041,-0.0007,0.5083,0.2853
4499,4.499,0.0032,0,0.0043,0.0056,0.7893,0.4601
4500,4.5,0.0016,-0.0014,0.0032,0.0046,1.7262,1.042
4501,4.501,-0.0008,-0.0002,0.0021,0.0036,1.1036,0.6555
4502,4.502,-0.0014,0.0001,-0.0006,-0.0009,0.0817,0.0212
4503,4.503,0.0026,-0.0009,-0.0049,-0,-0.3323,-0.2357
4504,4.504,-0.0003,-0.0019,-0.0057,0.0038,-0.4589,-0.314
4505,4.505,0.0023,0.0032,-0.0065,-0.0068,-0.5733,-0.3846
4506,4.506,0.0027,0.0039,-0.0035,-0.0174,-0.4713,-0.3211
4507,4.507,-0.002,0.0022,0.0004,-0.016,-0.3783,-0.2632
4508,4.508,-0.0037,0.0039,-0.0002,-0.0071,-1.6552,-0.9499
4509,4.509,-0.0008,0.0014,-0.0033,0.0007,-1.4735,-0.8567
4510,4.51,0.004,-0.0016,-0.0063,0.006,-0.3109,-0.2595
4511,4.511,-0.0002,-0.0012,-0.0067,0.0068,0.4466,0.2843
4512,4.512,0.0016,0.0014,-0.0065,0.0026,0.3122,0.2158
4513,4.513,-0.0031,-0.0031,-0.0056,0.0005,0.4383,0.2809
4514,4.514,-0.0036,0.0027,-0.0076,0.0041,0.5528,0.3399
4515,4.515,-0.0031,0.0005,-0.0089,-0.0028,0.4507,0.1821
4516,4.516,-0.0015,-0.0014,-0.0052,-0.0055,1.1065,0.7109
4517,4.517,-0.0057,-0.0031,0.0024,-0.003,1.5331,0.9224
4518,4.518,-0.0062,-0.0002,0.0101,-0.0082,0.8363,0.3467
4519,4.519,0.0006,-0.0016,0.009,-0.0004,-0.1962,-0.042
4520,4.52,0.0015,-0.0013,0.021,0.0026,-0.3358,-0.2543
4521,4.521,0.0023,-0.0001,0.0192,0.0018,-0.462,-0.3192
4522,4.522,0.003,0.005,0.0115,0.0077,-0.5763,-0.3778
4523,4.523,0.0037,0.003,0.0073,0.0024,-0.4741,-0.2199
4524,4.524,0.0006,0.0047,0.006,0.0017,-0.7551,-0.4603
4525,4.525,0.0023,-0.0005,0.0049,0,-1.8621,-1.0286
4526,4.526,-0.0002,-0.0012,-0.0024,-0.0005,-1.1086,-0.6418
4527,4.527,0.0028,0.0005,0.0002,0.002,-0.1465,-0.0073
4528,4.528,-0.001,-0.0035,-0.0024,0.0071,0.4798,0.2499
4529,4.529,0.0008,-0.0017,-0.0047,0.0024,0.4572,0.2889
4530,4.53,0.0023,0.0009,-0.0026,0.0044,0.5717,0.3668
4531,4.531,-0.0007,0.006,-0.0034,0.0039,0.4698,0.2972
4532,4.532,-0.0004,0.0024,-0.0004,0.0022,0.3766,0.3614
4533,4.533,0.0015,0.0007,-0.008,-0.0036,1.4835,1.0008
4534,4.534,0.0018,0.0002,0.0034,0.0033,1.3336,0.7459
4535,4.535,-0.0019,0.0007,0.014,-0.0031,0.3723,0.2031
4536,4.536,-0.0016,0.0076,0.018,0.0011,-0.2536,-0.1504
4537,4.537,-0.0013,0.0046,0.0192,0.0048,-0.3694,-0.2158
4538,4.538,-0.0009,0.0054,0.0088,-0.0059,-0.4737,-0.2749
4539,4.539,0.0001,0.0012,0.0019,-0.0105,-0.5684,-0.3285
4540,4.54,0.0004,-0.0011,0.003,-0.0035,-0.3138,-0.185
4541,4.541,0.0005,-0.0004,0.004,-0.0024,-1.1654,-0.8404
4542,4.542,-0.0034,0.0038,-0.0032,0.0032,-1.7326,-1.122
4543,4.543,-0.011,-0.0002,-0.0005,-0.0041,-0.8052,-0.5261
4544,4.544,-0.01,-0.0008,0.002,0.0005,0.0698,0.1721
4545,4.545,-0.0073,0.0022,-0.0017,-0.0021,0.4125,0.2673
4546,4.546,-0.0014,-0.0042,0.0004,0.0001,0.5169,0.3532
4547,4.547,-0.0021,-0.0127,-0.0026,0.0021,0.6117,0.2764
4548,4.548,-0.0029,-0.023,0.005,0.0016,0.3573,0.2065
4549,4.549,0.0002,-0.0161,0.002,0.0011,0.7444,0.5263
4550,4.55,0.0018,-0.0048,-0.0007,-0.0004,1.6591,1.0495
4551,4.551,0.0023,-0.0003,0.0002,-0.0016,1.0362,0.6979
4552,4.552,0.0034,0.001,-0.0004,-0.008,0.2408,0.1207
4553,4.553,0.0038,0.0022,0.0017,-0.0221,-0.2772,-0.2683
4554,4.554,0.0047,0.0012,0.0001,-0.016,-0.3732,-0.1995
4555,4.555,-0.0006,0.0021,0.0042,-0.003,-0.46,-0.2645
4556,4.556,0.0016,0.0048,0.0018,0.0021,-0.5387,-0.3232
4557,4.557,0.0036,0.0006,-0.0003,0.0036,-0.4692,-0.2708
4558,4.558,-0.0022,-0.011,-0.0006,0.005,-1.4287,-0.9917
4559,4.559,-0.0075,-0.0127,0.0014,0.0062,-1.5668,-0.8895
4560,4.56,-0.0082,-0.0081,-0.0009,0.0072,-0.444,-0.2332
4561,4.561,-0.0087,-0.0012,0.0043,0.002,0.3131,0.1942
4562,4.562,0,-0.0001,0.008,0.0028,0.4526,0.273
4563,4.563,-0.0012,0.0031,0.0012,0.002,0.5783,0.3438
4564,4.564,0.002,-0.0126,0.0021,0.0057,0.4659,0.2804
4565,4.565,0.005,-0.0105,0.0031,0.0022,0.3635,0.2227
4566,4.566,0.0022,0.0037,0.001,0.0064,1.019,0.6982
4567,4.567,0.0013,0.0056,0.0018,-0,1.6154,1.0184
4568,4.568,0.005,0.0072,-0.0011,0.0042,0.7635,0.3786
4569,4.569,0.0001,0.0088,0.0055,0.0035,-0.0323,-0.0489
4570,4.57,0.0043,0.0128,-0.0038,0.0056,-0.3441,-0.2827
4571,4.571,0.0048,0.0065,-0.0025,0.0061,-0.4396,-0.3539
4572,4.572,0.0052,0.0075,0.0009,0.0021,-0.5261,-0.2907
4573,4.573,0.0049,0.0085,0,0.0016,-0.4499,-0.2331
4574,4.574,0.002,0.0058,0.0047,0.0012,-0.6613,-0.4974
4575,4.575,0.003,0.0016,-0.0046,0.0001,-1.6211,-1.0263
4576,4.576,0.0012,0.01,0.0018,0.0026,-1.2105,-0.6749
4577,4.577,-0.0039,0.0022,0.0029,-0.0006,-0.0868,0.03
4578,4.578,-0.0003,0.0053,-0.0022,-0.0002,0.3686,0.3128
4579,4.579,0.0013,0.0044,-0.0012,-0.0028,0.5077,0.229
4580,4.58,-0.0004,0.0036,-0.002,0.0025,0.6334,0.3071
