Frame,Time,EMG_1,EMG_2,EMG_3,EMG_4,EMG_5,EMG_6
0,0,-0.0029,0.0033,-0.0022,0.002,-0.1343,-0.2613
1,0.001,-0.0008,-0.0019,0.019,0.003,-0.1586,-0.4282
2,0.002,0.001,0.0046,0.03,-0.0037,-0.18,-0.3678
3,0.003,0.0025,0.0037,0.0469,-0.0027,-0.199,-0.4078
4,0.004,0.0051,-0.0062,0.0488,-0.0067,-0.1352,-0.3562
5,0.005,0.0125,0.0008,0.0504,-0.0072,-0.2978,-0.5456
6,0.006,0.0153,-0.0004,0.0411,-0.0134,-0.4497,-1.0743
7,0.007,0.0097,-0.0035,0.0471,-0.0191,-0.2625,-0.6773
8,0.008,0.0139,-0.0044,0.0437,-0.0119,-0.0379,-0.1773
9,0.009,0.0094,-0.0017,0.0445,-0.0033,0.0536,0.148
10,0.01,0.0069,-0.0008,0.0342,-0.0021,0.0823,0.2106
11,0.011,0.0086,-0,0.0348,-0.005,0.1081,0.1622
12,0.012,0.0113,0.0007,0.0263,-0.004,0.0871,0.214
13,0.013,0.0093,-0.0034,0.0267,-0.0064,0.1085,0.1742
14,0.014,0.0095,-0.005,0.0294,-0.0056,0.3856,0.7697
15,0.015,0.0089,0.0008,0.0275,0.001,0.2667,0.6852
16,0.016,0.0107,0.0016,0.0236,0.0019,0.0152,0.1462
17,0.017,0.0069,0.0023,0.0236,-0.0002,-0.147,-0.2009
18,0.018,0.007,-0.0033,0.022,0.0077,-0.1152,-0.2596
19,0.019,0.003,0.0052,0.016,-0.0017,-0.14,-0.3118
20,0.02,0.0023,-0.0003,0.0077,-0.0053,-0.1621,-0.3584
21,0.021,0.0033,0.0028,0.0041,-0.0041,-0.1375,-0.2091
22,0.022,0.002,0.002,-0.0009,-0.001,-0.3579,-0.6816
23,0.023,0.0029,0.0029,-0.0071,0.0018,-0.3841,-0.9917
24,0.024,0.0024,0.0023,-0.0068,0.001,-0.1377,-0.4616
25,0.025,0.0007,0.0017,0.0034,0.0033,0.0934,0.0353
26,0.026,0.0036,0.0059,0.0045,0.0014,0.0648,0.2301
27,0.027,0.0038,-0.0004,0,-0.0028,0.1464,0.2898
28,0.028,0.0062,-0.0012,-0.0015,0.0002,0.1222,0.2387
29,0.029,0.0064,0.0058,-0.0009,-0.0012,0.1003,0.1923
30,0.03,0.0032,0.0013,0.0018,-0.0053,0.2421,0.411
31,0.031,0.0006,0.0005,0.0059,-0.0092,0.4072,0.9244
32,0.032,-0.0018,-0.0001,0.0183,-0.0106,0.2049,0.5717
33,0.033,-0.0055,-0.0021,0.0453,-0.0126,-0.0388,-0.0031
34,0.034,-0.0024,-0.0015,0.088,-0.0137,-0.1363,-0.2331
35,0.035,0.0004,-0.0055,0.1156,-0.0093,-0.1055,-0.3003
36,0.036,0.0046,0.0013,0.1931,-0.0004,-0.1314,-0.3609
37,0.037,0.0005,-0.0032,0.1793,0.0034,-0.1058,-0.2998
38,0.038,-0.001,0.0011,0.0843,0.0112,-0.1269,-0.2441
39,0.039,-0.0014,-0.0011,-0.0293,0.006,-0.389,-0.8626
40,0.04,-0.0069,-0.0046,-0.1352,0.0068,-0.2789,-0.772
41,0.041,-0.0105,-0.0062,-0.2302,0.0043,-0.048,-0.2269
42,0.042,-0.0027,0.0003,-0.2653,0.0113,0.1014,0.2661
43,0.043,-0.0037,0.0028,-0.2741,0.0121,0.1283,0.2025
44,0.044,-0.01,0.005,-0.2612,0.0129,0.1524,0.26
45,0.045,-0.0022,0.0015,-0.193,0.0092,0.1295,0.3116
46,0.046,0.0008,-0.0042,-0.0802,-0.0014,0.1087,0.1668
47,0.047,0.0111,-0.0035,0.0265,-0.0243,0.3477,0.644
48,0.048,0.0123,-0.0042,0.095,-0.0209,0.3134,0.8316
49,0.049,0.001,-0.0011,0.0566,-0.006,0.1038,0.422
50,0.05,-0.0017,0.0055,0.0247,-0.0006,-0.0708,-0.0929
51,0.051,-0.0002,0.0083,0.0358,0.0075,-0.0979,-0.2515
52,0.052,-0.0015,0.0035,0.0456,0.0052,-0.1221,-0.2991
53,0.053,-0.0051,0.0018,0.0545,0.0073,-0.1439,-0.2549
54,0.054,-0.0019,0.0001,0.0454,0.0013,-0.0827,-0.2148
55,0.055,-0.0009,-0.0025,0.0526,0.0105,-0.2481,-0.3935
56,0.056,-0.0017,-0.0013,0.0451,0.0054,-0.4031,-0.8818
57,0.057,-0.0008,-0.0042,0.0382,0.0069,-0.2186,-0.5281
58,0.058,-0.0015,-0.0053,0.0435,0.0055,0.0039,-0.0789
59,0.059,-0.0079,-0.0105,0.0378,-0.0008,0.0936,0.212
60,0.06,-0.0036,-0.0158,0.0326,0.0048,0.1206,0.2644
61,0.061,-0.0014,-0.0094,0.0453,0.0058,0.1449,0.3114
62,0.062,-0.005,-0.0085,0.0487,-0.0006,0.1224,0.2669
63,0.063,-0.0107,-0.0064,0.0302,0.0105,0.1422,0.2264
64,0.064,-0.0099,0.0028,0.007,0.0029,0.4183,0.7638
65,0.065,-0.0079,-0.0009,0.004,0.0069,0.2982,0.6835
66,0.066,-0.0037,-0.0042,0.0065,0.0057,0.0452,0.1893
67,0.067,0.0051,-0.0012,0.004,-0.0046,-0.1189,-0.1317
68,0.068,0.0013,0.0051,0.0017,-0.0059,-0.1485,-0.1906
69,0.069,0.0002,0.0025,-0.0004,-0.0047,-0.121,-0.2435
70,0.07,0.0054,0.0002,0.0087,-0.0037,-0.0962,-0.2913
71,0.071,-0.0031,0.0008,0.0035,-0.0026,-0.0736,-0.2472
72,0.072,-0.0042,-0.0062,0.011,-0.0035,-0.3367,-0.6023
73,0.073,-0.0072,-0.0071,0.0012,-0.0009,-0.3711,-0.9352
74,0.074,-0.0008,0.0006,0.0022,-0.0093,-0.1403,-0.3658
75,0.075,0.0016,0.0035,0.0031,-0.0103,0.0688,0.1763
76,0.076,0.0067,-0.003,0,-0.0133,0.0963,0.2466
77,0.077,0.006,0.0047,0.0026,-0.0141,0.1207,0.3097
78,0.078,0.0042,0.0036,0.0017,-0.0132,0.1428,0.251
79,0.079,-0.0011,-0.0011,0.0023,-0.008,0.1223,0.1975
80,0.08,0.0023,0.003,0.0002,-0.0059,0.2509,0.34
81,0.081,-0.0034,0.0022,-0.0003,-0.0076,0.4009,0.9039
82,0.082,0.0034,0.0028,-0.009,-0.0104,0.2168,0.5147
83,0.083,0.0006,0.0032,-0.0052,-0.0119,-0.0545,0.0209
84,0.084,-0.0019,0.0002,-0.0061,-0.005,-0.0909,-0.1722
85,0.085,0.0002,-0.0014,-0.0112,0.0023,-0.1235,-0.2308
86,0.086,0.0022,0.0036,-0.0026,0.0049,-0.1529,-0.3885
87,0.087,0.0051,0.0041,0.0078,0.0091,-0.1255,-0.3399
88,0.088,0.0055,0.0035,0.0119,0.0069,-0.1495,-0.2956
89,0.089,0.0049,-0.0006,0.0155,0.0033,-0.3943,-0.8087
90,0.09,0.0037,-0.0002,0.0005,0.0038,-0.2948,-0.7362
91,0.091,0.0048,-0.0045,-0.0058,0.0066,-0.0256,-0.1595
92,0.092,0.0066,0.0006,-0.0114,0.007,0.0829,0.228
93,0.093,0.0013,0.0012,-0.0131,0.0019,0.1159,0.2982
94,0.094,-0.0024,0.0007,-0.0146,0.0068,0.1455,0.3612
95,0.095,-0.0018,0.0082,-0.0185,0.0025,0.1182,0.3022
96,0.096,0.0024,0.0071,-0.0195,-0.0016,0.0934,0.2486
97,0.097,0.0029,-0.0015,-0.0159,0.0019,0.3386,0.5825
98,0.098,0.0004,-0.0047,-0.0082,0.0007,0.3716,0.8884
99,0.099,-0.0008,-0.0018,-0.005,0.0027,0.1028,0.3717
100,0.1,-0.0037,0.0028,0.0012,0.0008,-0.0783,-0.122
101,0.101,-0.0001,0.0019,-0.0006,0.006,-0.1118,-0.1877
102,0.102,0.006,0.0056,0.0032,0.0022,-0.1419,-0.2468
103,0.103,0.0017,0.0035,0.0118,0.0029,-0.1151,-0.3003
104,0.104,0.0086,0.0018,0.0043,0.0059,-0.0908,-0.2527
105,0.105,0.0022,0.0023,0.0015,0.0076,-0.2476,-0.384
106,0.106,-0.002,0.0027,0.0026,0.005,-0.3901,-0.9004
107,0.107,0.0064,0.0088,0.0106,0.0019,-0.2234,-0.5492
108,0.108,0.0074,0.0114,0.0035,0.0048,0.0238,0.0276
109,0.109,0.0022,0.0092,0.0009,0.0066,0.123,0.2612
110,0.11,0.0031,0.0043,-0.0015,0.0013,0.0936,0.192
111,0.111,0.0006,-0.0027,-0.0083,-0.0102,0.121,0.2567
112,0.112,-0.0046,-0.0054,-0.0073,-0.0119,0.0967,0.3153
113,0.113,-0.0038,-0.0078,-0.0097,-0.0013,0.1639,0.2628
114,0.114,0.0004,-0.0085,-0.0059,0.0001,0.3877,0.7912
115,0.115,-0.0036,-0.0049,-0.0051,0.0038,0.2985,0.7214
116,0.116,-0.0092,0.0021,-0.0055,0.0094,0.054,0.2729
117,0.117,-0.0039,0.0049,-0.0082,-0.0001,-0.1108,-0.1354
118,0.118,-0.0045,0.0024,-0.0096,-0.0064,-0.0816,-0.1895
119,0.119,0.0013,0.0031,-0.0053,-0.012,-0.1091,-0.3344
120,0.12,0.0051,-0.0017,0.0035,-0.0047,-0.1338,-0.2913
121,0.121,0.0058,-0.0033,0.0197,-0.0001,-0.1116,-0.2522
122,0.122,0.0028,0.0008,0.0217,0.0042,-0.3354,-0.6491
123,0.123,0.0011,-0.0027,0.0155,0.002,-0.3654,-0.9135
124,0.124,-0.0035,-0.0096,0.006,-0,-0.1212,-0.3847
125,0.125,-0.0004,-0.0085,0.0109,0.0017,0.1093,0.109
126,0.126,-0.002,-0.0075,0.0093,0.0046,0.0801,0.1747
127,0.127,0.0016,-0.0032,0.0023,-0.0022,0.1075,0.2337
128,0.128,0.0004,0.0068,-0.0091,-0.003,0.1323,0.2873
129,0.129,-0.0024,0.0029,-0.0106,-0.0055,0.0653,0.2398
130,0.13,-0.0026,-0.0008,-0.0202,-0.0077,0.2486,0.371
131,0.131,-0.0049,-0.0039,-0.0089,0.0001,0.4212,0.8875
132,0.132,-0.0025,0.0034,-0.0074,0.0012,0.2194,0.5363
133,0.133,-0.0018,0.0062,-0.0006,0.0021,-0.0252,0.0874
134,0.134,0.0011,0.0054,-0.0069,0.0013,-0.0587,-0.2045
135,0.135,0.0002,0.0033,-0.0101,0.005,-0.0889,-0.2582
136,0.136,-0.0015,0.0054,-0.0112,0.0044,-0.1163,-0.3067
137,0.137,-0.0011,0.0024,-0.0105,0.004,-0.1411,-0.2635
138,0.138,-0.0053,0.0054,-0.0047,0.0069,-0.1188,-0.2241
139,0.139,-0.0047,0.0029,-0.0085,0.0022,-0.424,-0.7651
140,0.14,-0.0006,-0.0012,-0.0136,0.0039,-0.2931,-0.8425
141,0.141,0.001,-0.004,-0.0069,0.0056,-0.0941,-0.2084
142,0.142,-0.0002,0.0028,0.0049,-0.0001,0.087,0.2193
143,0.143,0.0018,-0.0017,0.0198,-0.0038,0.1204,0.2984
144,0.144,-0.0007,0.0008,0.0254,-0.0045,0.1505,0.2294
145,0.145,0.0003,0.0002,0.0194,-0.004,0.1237,0.294
146,0.146,-0.0034,-0.0004,0.0106,0.0001,0.0993,0.2366
147,0.147,-0.0022,0.0039,0.0026,0.0036,0.3458,0.6065
148,0.148,0.0041,0.0068,-0.0185,0.0006,0.3788,0.8472
149,0.149,0.0014,0.0021,-0.01,0.0034,0.11,0.4539
150,0.15,-0.0045,-0.0008,-0.0129,-0.0001,-0.0711,-0.1286
151,0.151,-0.0075,0.0002,-0.03,-0.0041,-0.0954,-0.2104
152,0.152,-0.0053,-0.0085,-0.0279,-0.0011,-0.1286,-0.2884
153,0.153,-0.0033,-0.0073,-0.017,-0.0023,-0.1587,-0.2187
154,0.154,0.0009,-0.0016,-0.0072,0.002,-0.0777,-0.283
155,0.155,0.0037,-0.0046,-0.0056,-0.0009,-0.2502,-0.3411
156,0.156,-0.001,-0.0091,0.0192,0.0016,-0.4072,-0.9223
157,0.157,-0.0041,-0.0065,0.0222,0.0019,-0.2239,-0.5355
158,0.158,0.0035,-0.0071,0.0185,0.0048,0.0477,-0.0419
159,0.159,-0.0018,0.0007,0.0031,0.0005,0.0844,0.1517
160,0.16,-0.0045,-0.0045,-0,-0.0047,0.1176,0.2108
161,0.161,-0.002,-0.013,0.0118,-0.014,0.1477,0.2643
162,0.162,0.0017,-0.0074,-0.009,-0.0152,0.1208,0.3128
163,0.163,0.0036,-0.0044,-0.0283,-0.0096,0.1454,0.2696
164,0.164,0.0019,-0.0016,-0.0309,-0.0024,0.392,0.7858
165,0.165,0.0035,0.0009,-0.029,-0.0032,0.2936,0.716
166,0.166,0.0039,0.0046,-0.0271,-0.0057,0.0246,0.2675
167,0.167,-0.0003,0.0082,-0.0144,-0.002,-0.0842,-0.1407
168,0.168,0.0001,0.0012,0.0105,-0.0013,-0.1177,-0.1948
169,0.169,0.0006,0.0021,0.0353,-0.0108,-0.1477,-0.2436
170,0.17,0.0009,-0.0004,0.0315,-0.0039,-0.1209,-0.2878
171,0.171,-0.0004,0.0002,0.0338,-0.0002,-0.0966,-0.2485
172,0.172,-0.0029,-0.0018,0.0358,-0.0034,-0.3432,-0.5734
173,0.173,-0.0013,-0.0023,0.013,-0.0024,-0.3762,-0.8794
174,0.174,0.0017,0.0005,-0.0264,0.006,-0.1075,-0.4424
175,0.175,0.0042,0.0052,-0.0215,0.005,0.0736,0.0823
176,0.176,-0.0011,-0.0017,-0.017,-0.0003,0.107,0.1542
177,0.177,0.0041,0.0029,-0.0217,0.0043,0.137,0.2191
178,0.178,-0.0024,0.0037,-0.018,0.0051,0.1102,0.2778
179,0.179,-0.0049,0.0074,-0.0217,0.0073,0.0858,0.2256
180,0.18,-0.0043,0.0039,-0.0186,0.0023,0.2426,0.3699
181,0.181,-0.0007,-0.0019,-0.0275,0.0018,0.4259,0.9379
182,0.182,0.0034,0.0018,-0.0195,0.0022,0.1548,0.5513
183,0.183,0.0039,-0.0018,-0.0074,-0.0003,-0.0263,0.0578
184,0.184,0.0024,0.0025,0.0035,0.0039,-0.0598,-0.2634
185,0.185,-0.0007,-0.0016,0.0053,0.0079,-0.0901,-0.2063
186,0.186,-0.0028,-0.0001,0.0143,0.0053,-0.1717,-0.2597
187,0.187,-0.0018,-0.0005,0.0325,0.0075,-0.1474,-0.3082
188,0.188,-0.0021,0.0024,0.0444,0.0063,-0.17,-0.2647
189,0.189,0.0009,0.0059,0.0418,0.006,-0.3939,-0.7807
190,0.19,0.0027,0.0062,0.0353,0.0042,-0.3048,-0.8512
191,0.191,0.0037,0.0041,0.0294,0.0066,-0.0604,-0.2748
192,0.192,0.0027,0.0066,0.0241,0.0079,0.1043,0.1138
193,0.193,0.0069,0.0049,0.0224,0.004,0.1345,0.3261
194,0.194,0.0085,0.0032,0.0097,0.0034,0.1618,0.263
195,0.195,0.0101,-0.001,0.0147,0.0069,0.1374,0.3215
196,0.196,0.0116,-0.0105,0.0131,0.0038,0.1152,0.2691
197,0.197,0.0046,-0.0147,-0.0022,-0.0026,0.339,0.6056
198,0.198,-0.0111,-0.011,-0.0083,-0.0167,0.3688,0.9116
199,0.199,-0.0045,-0.0142,0.0048,-0.0147,0.1245,0.3952
200,0.2,0.0016,-0.0006,-0.0036,-0.0054,-0.0405,-0.0985
201,0.201,-0.0003,0.0013,-0.0049,-0.0072,-0.0709,-0.1641
202,0.202,-0.0087,-0.0106,-0.0061,0.0004,-0.0985,-0.223
203,0.203,-0.0011,-0.0152,-0.0072,0.0017,-0.1233,-0.2764
204,0.204,-0.0024,-0.0056,0.0101,0.0054,-0.1013,-0.2288
205,0.205,0.0013,-0.0018,0.0275,0.0086,-0.2436,-0.3599
206,0.206,-0.0018,0.0037,0.0299,-0.0009,-0.4105,-0.9554
207,0.207,0.0013,0.0089,0.016,-0.0097,-0.2089,-0.5301
208,0.208,0.0005,0.0062,0.0145,-0.0153,0.0356,0.0129
209,0.209,-0.0037,0.0087,0.0165,-0.0184,0.0692,0.2255
210,0.21,-0.0015,0.0109,-0.0062,-0.0099,0.0993,0.2905
211,0.211,-0.0034,0.0089,-0.0423,-0.0044,0.1266,0.2332
212,0.212,0.0008,0.002,-0.0468,-0.0013,0.1023,0.2864
213,0.213,-0.0008,0.0028,-0.051,-0.0005,0.1247,0.2389
214,0.214,0.0008,0.0037,-0.0389,-0.0014,0.3894,0.8069
215,0.215,-0.0014,0.0059,-0.0057,-0.0066,0.2814,0.73
216,0.216,0.0051,0.0024,0.0079,-0.0059,0.0512,0.2371
217,0.217,-0.0013,0.0007,0.0043,0.001,-0.0985,-0.2121
218,0.218,0.0013,-0.001,0.0153,0.0019,-0.126,-0.2714
219,0.219,-0.0008,0.0016,0.0519,0.0061,-0.1018,-0.3249
220,0.22,-0.0001,0.0038,0.0665,0.0068,-0.1244,-0.2773
221,0.221,0.003,0.0034,0.0448,0.0061,-0.1042,-0.2341
222,0.222,0.0014,-0.0017,0.0011,0.0067,-0.3449,-0.5915
223,0.223,0.001,0.0003,-0.0044,0.0062,-0.3779,-0.9281
224,0.224,-0.0002,-0.0014,-0.0201,0.0027,-0.109,-0.4474
225,0.225,0.0037,-0.0078,-0.0441,-0.0015,0.0721,0.1298
226,0.226,0.0023,-0.0019,-0.0571,0.0025,0.1057,0.2087
227,0.227,-0.0046,-0.0089,-0.0609,0.0083,0.1359,0.2798
228,0.228,-0.0036,-0.0025,-0.0716,0.0061,0.1092,0.3444
229,0.229,-0.0044,0.0018,-0.0551,0.0068,0.085,0.2871
230,0.23,-0.0035,0.0011,-0.0221,0.0038,0.2419,0.3403
231,0.231,-0.0057,-0.001,0.0177,0.0055,0.4253,0.9651
232,0.232,-0.0008,0.0021,0.0229,0.002,0.2036,0.5398
233,0.233,0.005,0.0004,0.0276,-0.0022,-0.0056,-0.0032
234,0.234,0.0057,-0.0001,0.0144,-0.0017,-0.0875,-0.2155
235,0.235,0.0022,0.0029,0.0104,-0.0094,-0.1123,-0.2805
236,0.236,0.0005,0.0032,0.0504,-0.0038,-0.1348,-0.3391
237,0.237,0.0034,0.0042,0.0556,0.0035,-0.1147,-0.2867
238,0.238,-0.0024,-0.001,0.0313,0.0009,-0.1331,-0.2388
239,0.239,-0.0002,-0.0033,0.018,0.0034,-0.3855,-0.8067
240,0.24,0.0005,-0.0082,0.006,-0.0003,-0.2774,-0.7297
241,0.241,0.0047,-0.0087,-0.0123,0.0004,-0.047,-0.2366
242,0.242,0.0076,-0.0011,-0.029,-0,0.1029,0.2128
243,0.243,0.0123,0.0019,-0.0321,0.0017,0.1307,0.2723
244,0.244,0.0066,0.0065,-0.0077,0.0012,0.1066,0.3262
245,0.245,0.0044,0.0143,-0.0178,-0.0018,0.1294,0.279
246,0.246,-0.0049,0.0069,-0.033,0.0022,0.1093,0.2359
247,0.247,0.0014,0.0078,-0.0306,0.0057,0.3502,0.5935
248,0.248,-0.0018,-0.0034,-0.0534,0.008,0.3833,0.9302
249,0.249,0.0013,0.0011,-0.0509,0.0076,0.1146,0.4497
250,0.25,-0.0014,-0.0059,-0.0431,0.0019,-0.0664,-0.1274
251,0.251,-0.0091,-0.0198,-0.0212,-0.0039,-0.0997,-0.2061
252,0.252,-0.0123,-0.0221,0.0005,-0.0023,-0.1208,-0.2601
253,0.253,-0.0133,-0.0129,-0.0148,-0.0045,-0.1508,-0.3309
254,0.254,-0.0197,0.0023,-0.0289,-0.0009,-0.0698,-0.2674
255,0.255,-0.0155,0.0125,-0.0466,-0.0004,-0.2422,-0.3256
256,0.256,-0.0086,0.0069,-0.0536,-0.0008,-0.3992,-0.9069
257,0.257,-0.0059,0.0018,-0.0398,-0.0043,-0.2159,-0.675
258,0.258,0.0019,-0.0058,-0.0124,-0.004,0.0065,-0.0406
259,0.259,-0.0012,0.0012,0.0232,-0.0043,0.0966,0.2163
260,0.26,-0.0021,-0.0051,0.047,-0.0093,0.1241,0.2946
261,0.261,0.0037,-0.0083,0.0157,0,0.0999,0.2251
262,0.262,0.0014,-0.0135,-0.0287,0.0012,0.0778,0.2894
263,0.263,0.0063,-0.0127,-0.0821,-0.002,0.1388,0.2316
264,0.264,-0.0033,-0.0067,-0.0329,0.0011,0.3795,0.8127
265,0.265,-0.0047,0.0017,0.0119,0.0003,0.2156,0.7358
266,0.266,-0.001,0.0027,0.0644,0.0028,0.0065,0.2427
267,0.267,0,0.01,0.0712,-0.0024,-0.0755,-0.2066
268,0.268,-0.003,0.0092,0.0385,-0.0073,-0.0516,-0.2661
269,0.269,-0.0075,0.0117,0.0089,-0.0003,-0.119,-0.2141
270,0.27,-0.0032,0.0187,-0.0073,-0.0012,-0.1396,-0.2627
271,0.271,0.0037,0.016,-0.0029,0.0014,-0.0843,-0.2194
272,0.272,0.014,0.01,0.0012,-0.0009,-0.3368,-0.5768
273,0.273,0.0154,0.0093,-0.003,0.0027,-0.3731,-0.9135
274,0.274,0.0066,0.0073,0.022,-0.0004,-0.1431,-0.4328
275,0.275,0.0034,0.0078,0.0249,0.0025,0.0662,0.1443
276,0.276,0.0107,0.0002,0.0157,0.0039,0.0938,0.2233
277,0.277,0.0099,-0.007,0.0346,-0.0012,0.1187,0.154
278,0.278,0.0057,-0.0097,0.0319,-0.0005,0.1413,0.2186
279,0.279,0.002,-0.0054,0.0429,-0.0022,0.1211,0.2771
280,0.28,0.0028,-0.0076,0.0407,0.0018,0.2507,0.4356
281,0.281,0.0058,0.0002,0.0424,0.0022,0.4021,0.9641
282,0.282,0.0087,0.0013,0.0474,-0,0.2189,0.6129
283,0.283,0.0062,0.0022,0.0367,-0.0021,-0.0037,0.036
284,0.284,0.0105,-0.0037,0.0157,-0.0079,-0.0938,-0.1979
285,0.285,0.0088,-0.0015,0.0007,-0.0208,-0.1213,-0.2693
286,0.286,0.0073,-0.0035,0.0034,-0.0079,-0.1463,-0.3341
287,0.287,0.007,0.0008,-0.0038,0.0039,-0.1242,-0.2767
288,0.288,0.0032,-0.0033,-0.0015,0.0024,-0.1447,-0.2243
289,0.289,-0.0026,-0.0017,-0.0034,-0.0046,-0.4226,-0.8491
290,0.29,-0.0095,-0.0005,-0.0014,-0.0084,-0.3039,-0.7646
291,0.291,-0.003,0.0024,-0.0097,-0.0095,-0.051,-0.2221
292,0.292,-0.0108,0.005,-0.005,-0.0023,0.1137,0.1309
293,0.293,-0.0138,0.0004,-0.0061,-0.0032,0.0844,0.1961
294,0.294,-0.0092,0.0074,-0.0048,0.001,0.1117,0.2547
295,0.295,-0.0151,0.0029,-0.0036,0.0125,0.1364,0.3079
296,0.296,-0.0188,0.002,-0.0044,0.0073,0.1141,0.26
297,0.297,-0.0224,0.0014,-0.0069,-0.0034,0.3378,0.5655
298,0.298,-0.0266,0.0035,-0.0058,-0.013,0.3677,0.9229
299,0.299,-0.0179,0.003,-0.0107,-0.0068,0.1234,0.394
300,0.3,-0.0015,0.0013,-0.0027,-0.0078,-0.0416,-0.0999
301,0.301,0.0007,-0.0002,-0.0054,0.0058,-0.0721,-0.1657
302,0.302,0.0109,0.0001,-0.0059,0.0039,-0.0996,-0.2249
303,0.303,0.0164,-0.0063,-0.0081,0.009,-0.1244,-0.2787
304,0.304,0.0181,0.0002,-0.0084,0.0074,-0.1024,-0.2315
305,0.305,0.0195,-0.0039,-0.006,0.0005,-0.2041,-0.3629
306,0.306,0.0235,-0.0061,-0.0087,0.0016,-0.408,-0.9589
307,0.307,0.0247,-0.0025,-0.0124,0.0006,-0.2184,-0.5337
308,0.308,0.0278,-0.003,-0.0063,0.0016,0.0041,0.0089
309,0.309,0.0308,-0.0046,-0.0111,0.0043,0.0941,0.221
310,0.31,0.0316,-0.0031,-0.0142,0.0085,0.1216,0.2857
311,0.311,0.0238,-0.0042,-0.0043,0.0122,0.1464,0.228
312,0.312,0.0164,-0.0013,-0.0025,0.0045,0.1243,0.2811
313,0.313,0.0023,-0.0023,-0.0008,0.0035,0.1447,0.2331
314,0.314,-0.0284,-0.0013,-0.0036,0.0044,0.3855,0.8007
315,0.315,-0.0329,-0.0036,-0.0041,0.0036,0.2873,0.7235
316,0.316,-0.053,-0.0037,0.001,0.0073,0.0782,0.2303
317,0.317,-0.064,-0.002,0.0041,0.0067,-0.1121,-0.2192
318,0.318,-0.0344,0.0017,-0.0054,0.0072,-0.0881,-0.2789
319,0.319,-0.0067,0.0043,-0.0062,0.0078,-0.1106,-0.3328
320,0.32,0.0039,0.0094,0.0055,0.0093,-0.1311,-0.2856
321,0.321,0.007,0.0074,0.0044,0.0082,-0.1128,-0.2426
322,0.322,-0.0019,0.0005,0.0117,0.0044,-0.3314,-0.6003
323,0.323,-0.0047,-0.0003,0.0084,-0.0003,-0.3614,-0.9372
324,0.324,-0.022,-0.0012,-0.0084,-0.0019,-0.1171,-0.4569
325,0.325,-0.0243,-0.0081,-0.0104,-0.0036,0.0479,0.12
326,0.326,-0.0222,-0.0108,-0.0035,-0.003,0.0784,0.1987
327,0.327,-0.0241,-0.0168,-0.0094,0.0022,0.1059,0.2696
328,0.328,-0.0055,-0.0146,-0.0036,0.0002,0.1308,0.3338
329,0.329,0.0068,-0.0039,-0.0017,0.0008,0.1087,0.2758
330,0.33,0.0002,0.0006,0.0124,-0.0008,0.2105,0.3286
331,0.331,0.0063,0.0047,0.0218,-0.0065,0.4144,0.8572
332,0.332,0.0082,0.0084,0.0474,-0.0042,0.2249,0.6464
333,0.333,0.0101,0.0116,0.0367,0.0023,-0.0467,0.0695
334,0.334,0.0117,0.0064,-0.0128,-0.0002,-0.0834,-0.1646
335,0.335,0.0078,0.0055,-0.0482,0.0021,-0.1166,-0.2362
336,0.336,0.0043,-0.0004,-0.0547,-0.0027,-0.1466,-0.3012
337,0.337,0.0034,-0.0011,-0.072,0.0004,-0.1197,-0.244
338,0.338,0.0025,0.0009,-0.0561,0.0021,-0.1442,-0.1917
339,0.339,0.0034,0.0051,-0.0514,0.0007,-0.3906,-0.8164
340,0.34,0.006,0.0034,-0.0558,-0.0023,-0.2922,-0.7319
341,0.341,0.0097,0.007,-0.0198,-0.0043,-0.0231,-0.1895
342,0.342,0.0078,0.012,-0.0054,-0.0038,0.0859,0.1636
343,0.343,0.011,0.0056,0.0077,-0.0061,0.1194,0.2286
344,0.344,0.0117,0.0081,0.0196,-0.0071,0.1496,0.2872
345,0.345,0.0124,0.0028,0.0088,-0.0077,0.123,0.3404
346,0.346,0.0128,0.0008,0.012,-0.0088,0.0987,0.1964
347,0.347,0.0141,-0.001,0.0149,-0.005,0.3453,0.5895
348,0.348,0.01,-0.0039,0.023,-0.0035,0.3784,0.8537
349,0.349,0.0013,0.0028,0.0158,-0.0065,0.1097,0.4209
350,0.35,0.0052,-0.0036,0.018,-0.0026,-0.0713,-0.1039
351,0.351,0.0109,-0.0149,0.02,0.0009,-0.1047,-0.1759
352,0.352,0.0162,-0.0134,0.0032,0.0013,-0.1348,-0.2408
353,0.353,0.0133,-0.0111,0.013,0.001,-0.1284,-0.2964
354,0.354,0.0143,-0.0042,0.0286,-0.0002,-0.1015,-0.2391
355,0.355,0.0186,0.0045,0.0224,0.0034,-0.2247,-0.3978
356,0.356,0.0135,0.0013,0.0205,0.0022,-0.4265,-0.9267
357,0.357,0.0156,-0.0018,0.0051,0.0018,-0.2369,-0.5757
358,0.358,0.0115,-0.0027,0.0029,-0.0039,0.0348,0.001
359,0.359,0.0192,0.0032,-0.0065,0.002,0.0715,0.2345
360,0.36,0.0119,0.0024,-0.0319,-0.0018,0.1048,0.1652
361,0.361,0.0093,0.0017,-0.0356,-0.0039,0.1348,0.2296
362,0.362,0.0067,-0.0026,-0.0454,-0.0134,0.108,0.2879
363,0.363,0.0183,-0.0067,-0.0366,-0.0066,0.1325,0.2352
364,0.364,0.0335,0.0011,-0.0286,-0.0029,0.379,0.7635
365,0.365,0.0477,0.0042,-0.0359,-0.002,0.2807,0.6935
366,0.366,0.042,0.0052,-0.0204,-0.0031,0.0715,0.2448
367,0.367,0.0403,0.0024,-0.0102,-0.0005,-0.0648,-0.1637
368,0.368,0.0173,-0.0001,0.0066,-0.0031,-0.09,-0.2181
369,0.369,-0.0191,-0.0024,0.0313,-0.0039,-0.1127,-0.2672
370,0.37,-0.0335,-0.0017,-0.0051,0.0009,-0.1333,-0.3116
371,0.371,-0.0378,-0.0001,-0.0003,0.0065,-0.0781,-0.1933
372,0.372,-0.0417,-0.003,0.0129,-0.0005,-0.3306,-0.5904
373,0.373,-0.0598,-0.0015,0.0248,-0.0015,-0.3669,-0.9605
374,0.374,-0.0697,-0.0004,0.0428,-0.0025,-0.137,-0.432
375,0.375,-0.0426,-0.0025,0.0526,-0.0019,0.0723,0.0617
376,0.376,-0.0462,-0.005,0.0376,-0.0013,0.0999,0.255
377,0.377,-0.0364,0.0002,0.0349,0.0002,0.1247,0.314
378,0.378,-0.0336,-0.0021,0.0126,0.0006,0.1471,0.2618
379,0.379,-0.0417,-0.0042,0.0097,-0.0053,0.0864,0.2142
380,0.38,-0.049,0.0015,0.0072,-0.0048,0.216,0.3454
381,0.381,-0.0646,-0.0022,0.0145,-0.0014,0.4011,0.8616
382,0.382,-0.0585,-0.0058,-0.0009,-0.0073,0.2286,0.651
383,0.383,-0.0529,-0.0053,-0.0069,-0.0021,-0.0186,0.0743
384,0.384,-0.0648,-0.0049,0.0099,0.0042,-0.1178,-0.1596
385,0.385,-0.0418,-0.0054,-0.0013,0.0082,-0.0885,-0.2308
386,0.386,0.0077,-0.0004,-0.0075,0.0059,-0.1701,-0.2954
387,0.387,0.0574,0.0103,0.0091,0.0093,-0.1459,-0.3539
388,0.388,0.0638,0.0087,-0.0065,0.0074,-0.1684,-0.3014
389,0.389,0.0463,0.0017,-0.0045,-0.0015,-0.3924,-0.8299
390,0.39,0.009,-0.0021,0.0012,-0.0155,-0.3033,-0.7601
391,0.391,-0.0054,0.0011,-0.0139,-0.0026,-0.0589,-0.1836
392,0.392,-0.0363,0.0021,-0.0198,-0.0009,0.0402,0.205
393,0.393,-0.0245,0.0048,-0.0215,0.0006,0.0705,0.2767
394,0.394,0.0301,0.0126,-0.04,0.002,0.1519,0.3415
395,0.395,0.0378,0.0095,-0.0326,0.0057,0.1766,0.2841
396,0.396,0.0305,0.0049,-0.0213,0.0089,0.1094,0.2318
397,0.397,0.0369,0.0041,-0.0313,0.0119,0.3332,0.5683
398,0.398,0.031,0.0078,-0.0145,0.0073,0.3631,0.8745
399,0.399,0.0361,0.0071,0.0011,0.0082,0.1731,0.4377
400,0.4,0.0313,0.0028,-0.0047,0.0134,-0.0496,-0.0868
401,0.401,0.0267,0.0023,-0.0063,0.0028,-0.0801,-0.1585
402,0.402,0.0227,0.0018,0.0024,-0.0201,-0.1076,-0.2233
403,0.403,0.019,-0.0043,0.0165,-0.0103,-0.1325,-0.2818
404,0.404,0.0157,-0.0069,0.0445,0.0046,-0.0656,-0.2294
405,0.405,0.0127,-0.0017,0.0566,0.0074,-0.208,-0.3736
406,0.406,0.0206,-0.0023,0.0314,0.0002,-0.4119,-0.9415
407,0.407,0.0181,-0.0006,0.0151,0.0068,-0.2223,-0.5547
408,0.408,0.0245,-0.0001,0.0123,0.0048,0.0001,-0.061
409,0.409,0.0183,-0.0016,-0.0067,0.0067,0.0901,0.2608
410,0.41,0.0125,-0.0013,-0.0289,0.0119,0.1175,0.2041
411,0.411,0.0038,-0.0033,-0.02,0.0073,0.1424,0.2576
412,0.412,0.0052,-0.0036,0.0047,0.0034,0.1202,0.3065
413,0.413,-0.002,-0.0059,-0.0051,0.0097,0.1406,0.2634
414,0.414,-0.001,-0.0008,-0.0138,0.0042,0.4184,0.7798
415,0.415,-0.0044,0.0041,-0.0166,0.0053,0.2997,0.7102
416,0.416,-0.0077,-0.0042,-0.0489,0.0009,0.0469,0.262
417,0.417,-0.0016,0.0014,-0.0444,0.0018,-0.1179,-0.146
418,0.418,-0.001,0.0045,-0.0083,0.0042,-0.0886,-0.1999
419,0.419,-0.0006,-0.0019,-0.013,0.0022,-0.116,-0.2485
420,0.42,-0.0015,-0.001,-0.0173,-0.0034,-0.1407,-0.2925
421,0.421,-0.0023,-0.0047,0.0106,-0.0085,-0.1185,-0.2529
422,0.422,-0.0008,-0.0011,0.0433,-0.0064,-0.3017,-0.5776
423,0.423,-0.0026,0.0006,0.0476,-0.0021,-0.3755,-0.9707
424,0.424,-0.0097,-0.0058,0.0275,-0.0048,-0.1287,-0.3892
425,0.425,-0.0088,0.0002,0.002,0.003,0.0362,-0.0003
426,0.426,-0.0082,0.0024,-0.0014,0.0109,0.1262,0.2123
427,0.427,-0.0126,0.0044,-0.0286,0.0141,0.0996,0.2774
428,0.428,-0.0179,0.0061,-0.0615,0.0096,0.0755,0.2203
429,0.429,-0.023,0.0033,-0.0396,0.0071,0.0981,0.2737
430,0.43,-0.0215,0.0008,-0.028,-0.0043,0.2405,0.3223
431,0.431,-0.014,0.003,-0.0173,-0.0126,0.4073,0.8907
432,0.432,-0.0151,0.001,0.0254,0.0013,0.2056,0.6592
433,0.433,-0.0178,0,0.0544,0.0145,-0.0389,0.0252
434,0.434,-0.0203,-0.0045,0.0807,0.0231,-0.0724,-0.2315
435,0.435,-0.0255,0.0025,0.0661,0.0247,-0.1026,-0.3096
436,0.436,-0.0275,0.0034,0.026,0.0152,-0.1299,-0.2398
437,0.437,-0.0205,0.0076,-0.0009,0.0014,-0.1056,-0.3039
438,0.438,-0.0101,0.0025,-0.0352,-0.019,-0.128,-0.2461
439,0.439,-0.0057,-0.0039,-0.0488,-0.038,-0.3926,-0.827
440,0.44,-0.0064,-0.015,-0.0611,-0.0452,-0.2846,-0.7499
441,0.441,-0.0112,-0.0104,-0.0067,-0.0474,-0.0543,-0.2566
442,0.442,-0.0073,-0.0117,0.0164,-0.0371,0.0956,0.1932
443,0.443,0.0075,-0.0003,0.0233,-0.0166,0.1232,0.253
444,0.444,0.0223,0.0012,-0.0092,-0.0139,0.1482,0.3069
445,0.445,0.0136,-0.0001,-0.0151,-0.0066,0.1262,0.2598
446,0.446,0.0056,-0.0013,0.0219,-0.0087,0.1061,0.2167
447,0.447,0.0075,-0.0023,-0.0025,-0.0066,0.3099,0.5742
448,0.448,0.0039,0.003,-0.0689,-0.0047,0.3913,0.9111
449,0.449,0.003,0.0057,-0.0976,-0.003,0.1201,0.4306
450,0.45,0.0002,0.0032,-0.0719,-0.0015,-0.0608,-0.0184
451,0.451,0.0162,0.0025,-0.0488,0.0054,-0.0943,-0.194
452,0.452,0.0187,0.006,-0.0136,0.0066,-0.1244,-0.2476
453,0.453,0.0089,0.003,-0.0074,0.0075,-0.1517,-0.2962
454,0.454,0.0185,-0.0016,-0.0148,0.0117,-0.095,-0.2378
455,0.455,0.0207,0.0013,-0.0093,0.0107,-0.2183,-0.3688
456,0.456,0.0228,-0.0002,0.0275,0.0152,-0.42,-0.9644
457,0.457,0.0277,0.0002,0.0223,0.0126,-0.2303,-0.7093
458,0.458,0.032,-0.0001,-0.0267,0.004,0.0414,-0.0114
459,0.459,0.0286,0.0009,-0.0079,0.005,0.0782,0.2713
460,0.46,0.0256,-0.0043,0.021,-0.0046,0.1114,0.1875
461,0.461,0.0288,-0.008,0.0472,-0.0109,0.1415,0.2656
462,0.462,0.0336,-0.0073,0.0423,-0.0032,0.1147,0.3363
463,0.463,0.0295,-0.0056,0.0466,-0.0023,0.0903,0.2727
464,0.464,0.0381,0.0032,0.0347,-0.0032,0.3369,0.7959
465,0.465,0.0508,0.002,-0.0055,0.001,0.3043,0.7261
466,0.466,0.0492,0.0053,-0.0003,0.0016,0.0354,0.2776
467,0.467,0.0263,0.0043,0.0042,0.0035,-0.0734,-0.1306
468,0.468,0.0034,-0.0042,0.0085,0.0064,-0.1068,-0.1847
469,0.469,-0.0114,-0.0073,0.0123,0.0068,-0.1369,-0.3295
470,0.47,-0.014,0.0022,0.0231,0.0102,-0.11,-0.2864
471,0.471,-0.0116,0.0034,0.0528,0.007,-0.1347,-0.2471
472,0.472,-0.0227,0.0002,0.0567,0.0072,-0.3364,-0.572
473,0.473,0.0079,0.0033,0.0531,0.0027,-0.3636,-0.9654
474,0.474,0.0211,0.0025,0.0366,0.0008,-0.1416,-0.3841
475,0.475,0.0172,0.0137,-0.0026,0.0074,0.0678,0.1593
476,0.476,0.0208,0.0092,-0.04,0.0046,0.0956,0.2311
477,0.477,0.0306,0.0023,-0.0546,0.0036,0.1205,0.2959
478,0.478,0.0277,0.0012,-0.024,0.0012,0.1431,0.2386
479,0.479,0.0085,0.0002,-0.0124,-0.0053,0.1229,0.1863
480,0.48,0.0109,-0.0028,-0.0017,-0.0047,0.2526,0.3308
481,0.481,-0.0139,-0.0092,-0.0049,-0.0164,0.4379,0.8989
482,0.482,-0.0635,-0.0032,0.0101,-0.0182,0.2161,0.6671
483,0.483,-0.0423,-0.0025,0.013,-0.0168,0.0069,0.033
484,0.484,-0.0102,0.001,0.0157,-0.0072,-0.075,-0.224
485,0.485,0.0189,-0.0032,0.0496,-0.0036,-0.0999,-0.3024
486,0.486,-0.0186,-0.0084,0.074,-0.0004,-0.1225,-0.233
487,0.487,-0.0916,-0.0048,0.0609,-0.0035,-0.1023,-0.2974
488,0.488,-0.2483,-0.0078,0.0169,0.0009,-0.1208,-0.2396
489,0.489,-0.3605,-0.0073,-0.0477,0.0017,-0.3732,-0.8209
490,0.49,-0.381,0.0005,-0.0908,0.0022,-0.3373,-0.8987
491,0.491,-0.2146,0.0037,-0.0984,0.0042,-0.0414,-0.2648
492,0.492,-0.058,0.0132,-0.091,0.0047,0.0783,0.1627
493,0.493,0.0027,0.0145,-0.0713,0.0019,0.1149,0.2414
494,0.494,0.058,0.0155,-0.0416,-0.0038,0.1481,0.3125
495,0.495,0.1082,0.004,-0.0039,-0.003,0.1186,0.3772
496,0.496,0.0927,0.0056,0.0012,-0.001,0.0917,0.2034
497,0.497,0.1063,-0.0013,0.0148,0.0033,0.3135,0.5731
498,0.498,0.0934,0.0024,0.0189,0.0051,0.3435,0.9097
499,0.499,0.0815,0.0057,0.03,0.0026,0.1536,0.4291
500,0.5,0.0915,0.0005,0.0335,0.0078,-0.0689,-0.0201
501,0.501,0.0627,-0.0022,0.0367,0.0127,-0.0993,-0.1958
502,0.502,0.0192,-0.0099,0.0397,0.0098,-0.1267,-0.2495
503,0.503,0.011,-0.0089,0.0377,0.0176,-0.1024,-0.2982
504,0.504,0.0036,-0.0043,0.0717,0.0147,-0.1249,-0.2551
505,0.505,0.0355,-0.0018,0.1158,0.0065,-0.2266,-0.3743
506,0.506,0.0294,-0.001,0.0869,0.0057,-0.4304,-0.9157
507,0.507,0.045,-0.0031,0.0393,0.0089,-0.2407,-0.684
508,0.508,0.0494,-0.0035,-0.0054,-0.005,0.031,-0.0497
509,0.509,0.0534,0.0017,-0.0342,-0.0028,0.0678,0.2074
510,0.51,0.0412,0.0024,-0.1138,-0.0008,0.1011,0.2859
511,0.511,0.03,0.0019,-0.1247,-0.0125,0.1312,0.3568
512,0.512,0.0329,-0.0009,-0.0931,-0.0264,0.1045,0.2933
513,0.513,0.0355,-0.0024,-0.102,-0.0133,0.1291,0.2356
514,0.514,0.0324,-0.0027,-0.0411,-0.0115,0.3757,0.8167
515,0.515,0.0297,0.0029,0.0139,0.0087,0.2774,0.7398
516,0.516,0.0183,0.0023,-0.0214,0.0116,0.0684,0.247
517,0.517,0.0119,-0.0055,-0.0018,0.0141,-0.0678,-0.2022
518,0.518,0.0097,-0.0065,0.0041,0.0209,-0.0928,-0.2616
519,0.519,0.0111,-0.0092,-0.0009,0.0313,-0.1154,-0.3152
520,0.52,0.0062,-0.0083,0.0236,0.0333,-0.1359,-0.2679
521,0.521,-0.001,-0.0061,0.0282,0.0386,-0.0805,-0.2247
522,0.522,-0,-0.004,0.0724,0.0312,-0.2992,-0.5822
523,0.523,-0.0012,-0.0045,0.0898,0.0105,-0.3887,-0.9188
524,0.524,-0.0004,-0.0016,0.0739,0.0018,-0.1444,-0.4383
525,0.525,-0.0109,-0.0041,0.0786,-0.0008,0.0862,0.1388
526,0.526,-0.0179,0.0001,0.0653,-0.008,0.1167,0.2178
527,0.527,-0.0218,0.003,0.0533,0.0032,0.1442,0.289
528,0.528,-0.0322,0.0056,0.0131,0.0053,0.1201,0.2257
529,0.529,-0.0282,0.0044,-0.0456,0.0147,0.098,0.284
530,0.53,-0.0169,0.0108,-0.1001,-0.0039,0.1998,0.3369
531,0.531,0.0061,0.0153,-0.1354,-0.0261,0.4037,0.8656
532,0.532,0.0425,0.0161,-0.0901,-0.0348,0.214,0.655
533,0.533,0.0378,0.0077,-0.0725,-0.0374,-0.0084,0.0782
534,0.534,0.0334,0.0044,-0.0352,-0.025,-0.0984,-0.1554
535,0.535,0.0217,-0.005,0.0375,-0.0184,-0.126,-0.2268
536,0.536,0.011,-0.0013,0.0896,-0.0041,-0.1017,-0.2913
537,0.537,-0.0053,-0.0069,0.0423,0.0015,-0.1243,-0.2338
538,0.538,-0.014,-0.0016,-0.0181,0.01,-0.1447,-0.1813
539,0.539,-0.0167,-0.0008,-0.0416,-0.013,-0.3855,-0.8059
540,0.54,-0.0239,-0.0034,-0.0773,-0.0494,-0.2872,-0.8913
541,0.541,-0.0393,0.0019,-0.0969,-0.0541,-0.0782,-0.194
542,0.542,-0.0408,0.0096,-0.0915,-0.0497,0.1122,0.0887
543,0.543,-0.0271,0.0002,-0.0653,-0.0137,0.0882,0.1754
544,0.544,-0.018,-0.0061,-0.0219,0.0104,0.1556,0.2538
545,0.545,0.0058,-0.0029,-0.0047,0.006,0.1355,0.3249
546,0.546,0.023,0.0001,0.0539,0.0177,0.0802,0.2616
547,0.547,0.0266,-0.0008,0.0616,0.0141,0.3325,0.5524
548,0.548,0.0192,0.0051,0.026,0.0107,0.3687,0.9225
549,0.549,0.0126,-0.0019,-0.0064,0.0255,0.1387,0.3939
550,0.55,-0.0024,-0.0011,0.0344,0.0062,-0.0707,-0.0996
551,0.551,-0.008,-0.0003,0.0501,-0.0312,-0.0984,-0.1649
552,0.552,-0.0131,0.0033,0.0355,-0.0686,-0.1234,-0.2237
553,0.553,-0.0075,0.0013,0.0045,-0.0446,-0.146,-0.2771
554,0.554,-0.0056,-0.0046,0.0081,-0.0051,-0.0853,-0.2295
555,0.555,-0.0042,-0.0036,-0.0158,0.0021,-0.2125,-0.3577
556,0.556,-0.0079,-0.003,-0.0345,-0.0141,-0.4163,-0.9257
557,0.557,-0.0038,-0.0051,-0.0451,0.0098,-0.2268,-0.6938
558,0.558,-0.0044,-0.0009,-0.0607,0.0227,-0.0044,-0.0594
559,0.559,-0.0093,-0.0014,-0.0533,0.0503,0.0856,0.1978
560,0.56,-0.0043,-0.003,-0.0465,0.0535,0.1131,0.2764
561,0.561,-0.0032,-0.0061,-0.0626,0.0499,0.1378,0.3474
562,0.562,0.0022,-0.0065,-0.0322,0.0105,0.1157,0.2841
563,0.563,0.006,-0.0056,0.0338,-0.0271,0.1361,0.2264
564,0.564,0.0057,-0.0004,0.0812,-0.0321,0.3769,0.7021
565,0.565,0.0005,-0.0027,0.0726,-0.0456,0.2786,0.7665
566,0.566,-0.0014,0.0007,0.0494,-0.0259,0.0694,0.2427
567,0.567,0.0028,0.0001,0.028,-0.008,-0.0668,-0.1104
568,0.568,-0.0036,-0.0029,0.0087,-0.0181,-0.0919,-0.1757
569,0.569,-0.0079,0.0038,0.0261,-0.0094,-0.1146,-0.2344
570,0.57,-0.0027,-0.0009,0.0527,0.0042,-0.1352,-0.2878
571,0.571,0.0022,-0.0053,0.1157,0.0066,-0.0799,-0.24
572,0.572,0.0116,-0.0032,0.0898,0.0222,-0.3324,-0.5458
573,0.573,0.0101,-0.0097,0.0508,0.0365,-0.4407,-0.9033
574,0.574,0.0088,-0.0004,0.0579,0.0384,-0.1452,-0.4706
575,0.575,0.0165,0.0058,0.0255,0.0334,0.0539,0.0541
576,0.576,0.0069,0.0089,0.008,0.032,0.0906,0.2666
577,0.577,-0.0046,0.0078,-0.072,0.0114,0.1238,0.3314
578,0.578,-0.0187,0.0123,-0.1065,-0.0156,0.1538,0.2741
579,0.579,-0.017,0.0027,-0.1376,-0.0191,0.1269,0.2217
580,0.58,-0.0121,-0.0011,-0.0902,-0.0158,0.25,0.3659
581,0.581,-0.0107,0.002,-0.0816,-0.0186,0.4069,0.9339
582,0.582,-0.0122,-0.0033,-0.0426,-0.0104,0.2236,0.5472
583,0.583,-0.001,-0.0137,0.0214,0.0069,0.0011,0.0538
584,0.584,0.0094,-0.0068,0.0128,0.0091,-0.0889,-0.2677
585,0.585,0.0023,-0.0057,-0.0106,0.0153,-0.1165,-0.2109
586,0.586,0.0083,-0.0025,-0.0033,0.0061,-0.1414,-0.2646
587,0.587,0.0112,0.0005,0.0421,0.0045,-0.1193,-0.3133
588,0.588,-0.0048,0.0031,0.0364,0.0122,-0.1397,-0.2701
589,0.589,-0.0387,0.0006,0.0737,0.0137,-0.3805,-0.7864
590,0.59,-0.0632,0.0027,0.0979,0.0025,-0.2822,-0.8573
591,0.591,-0.0503,0.0034,0.0493,0.0041,-0.0732,-0.2812
592,0.592,-0.0307,0.0076,0.0299,0.0002,0.1171,0.1074
593,0.593,-0.0345,0.0058,0.0123,0.0015,0.0931,0.1787
594,0.594,-0.0381,0.0011,-0.0142,0.012,0.1157,0.2434
595,0.595,-0.0533,0.0005,-0.0383,0.0247,0.1362,0.302
596,0.596,-0.0399,-0.0024,-0.0601,0.0333,0.0809,0.2495
597,0.597,-0.0029,-0.0039,-0.0397,0.029,0.3333,0.5858
598,0.598,0.0128,0.0031,-0.0211,0.0332,0.3695,0.8916
599,0.599,0.027,-0.0022,0.0092,0.0245,0.1395,0.4547
600,0.6,0.0136,-0.0013,0.0137,0.0076,-0.0699,-0.0701
601,0.601,0.0016,-0.0005,0.0324,0.025,-0.0976,-0.1422
602,0.602,0.0122,0.0002,0.0494,0.0407,-0.1225,-0.2072
603,0.603,0.0087,-0.0005,0.0949,0.0184,-0.1452,-0.266
604,0.604,0.0113,0.0012,0.1924,0.0036,-0.0845,-0.2138
605,0.605,0.0192,0.0007,0.2067,0.0229,-0.2141,-0.3584
606,0.606,-0.0082,0.0012,0.1439,0.0254,-0.3993,-0.9267
607,0.607,-0.0048,0.0016,0.0407,0.0234,-0.227,-0.6951
608,0.608,-0.0017,0.0046,-0.0564,0.0337,0.0202,-0.061
609,0.609,0.0191,0.0021,-0.1192,0.0246,0.1194,0.1957
610,0.61,0.0382,0.0032,-0.1995,0.0196,0.09,0.2739
611,0.611,0.0309,0.0036,-0.2513,-0.0032,0.1174,0.3446
612,0.612,0.0287,0.0079,-0.2226,-0.0395,0.0931,0.2809
613,0.613,0.0348,0.0175,-0.1618,-0.025,0.1156,0.223
614,0.614,0.0552,0.0245,-0.1068,-0.0206,0.4209,0.8039
615,0.615,0.0633,0.0234,-0.028,-0.0167,0.2901,0.7267
616,0.616,0.0409,0.011,0.0036,-0.0421,0.0912,0.2337
617,0.617,0.038,0.006,-0.0245,-0.0916,-0.0898,-0.2158
618,0.618,0.0133,0.0015,-0.0155,-0.0845,-0.1231,-0.1593
619,0.619,0.0034,0.0003,0.0553,-0.1037,-0.0937,-0.3185
620,0.62,0.0183,0.0066,0.0461,-0.1446,-0.121,-0.2714
621,0.621,0.0102,0.0058,0.0204,-0.1074,-0.0966,-0.2284
622,0.622,0.0176,0.0069,0.0129,-0.093,-0.2983,-0.5861
623,0.623,0.0155,0.0025,0.0485,-0.0797,-0.3796,-0.9229
624,0.624,0.0056,-0.0052,0.0679,-0.0836,-0.1577,-0.4425
625,0.625,-0.0036,-0.0061,0.015,-0.0508,0.0517,0.1344
626,0.626,-0.0017,-0.0068,-0.0205,-0.011,0.0795,0.2132
627,0.627,-0.0121,-0.0041,-0.0398,0.0155,0.1044,0.2842
628,0.628,-0.0189,-0.0062,-0.0573,0.0396,0.1271,0.3487
629,0.629,-0.0099,-0.0081,0.0012,0.0439,0.107,0.2909
630,0.63,-0.002,-0.011,0.0557,0.0476,0.2367,0.3438
631,0.631,-0.0007,-0.0092,0.0769,0.044,0.422,0.8724
632,0.632,0.0022,-0.0116,0.0833,0.0472,0.2002,0.6618
633,0.633,0.0032,-0.0157,0.0774,0.05,-0.009,0.0849
634,0.634,-0.0003,-0.0172,0.0294,0.0418,-0.0909,-0.149
635,0.635,-0.0021,-0.0156,-0.003,0.049,-0.1158,-0.2206
636,0.636,-0.0076,-0.0085,0.0378,0.0423,-0.1384,-0.2852
637,0.637,-0.0037,-0.0074,0.0324,0.0443,-0.1182,-0.3438
638,0.638,-0.0084,-0.0045,0.0275,0.0312,-0.1368,-0.1859
639,0.639,-0.0012,-0.0019,0.0935,0.0294,-0.3893,-0.8105
640,0.64,0.0074,0.0019,0.1217,0.0278,-0.2813,-0.896
641,0.641,0.02,0.0056,0.0956,0.029,-0.0511,-0.1988
642,0.642,0.0253,0.0088,0.0406,0.0201,0.0987,0.0839
643,0.643,0.0179,0.0012,-0.0095,0.0143,0.1263,0.1704
644,0.644,-0.0028,-0.0082,-0.0683,0.0152,0.1021,0.2486
645,0.645,-0.0234,-0.0069,-0.1392,0.0177,0.1246,0.3195
646,0.646,-0.0369,0.0009,-0.1871,0.0168,0.1044,0.256
647,0.647,-0.0491,0.0082,-0.1962,0.016,0.3081,0.5468
648,0.648,-0.0467,0.0074,-0.2044,0.0065,0.3895,0.917
649,0.649,-0.0363,0.0083,-0.1552,0.0001,0.1182,0.4845
650,0.65,-0.0119,0.0061,-0.0973,-0.0012,-0.0629,-0.04
651,0.651,0.0113,0.0168,-0.0432,-0.0045,-0.0964,-0.2522
652,0.652,0.0263,0.0214,0.006,-0.0021,-0.1266,-0.317
653,0.653,0.0128,0.0117,0.0249,0.0001,-0.1539,-0.2595
654,0.654,-0.0143,-0.0022,0.0419,-0.0009,-0.0804,-0.2071
655,0.655,-0.0323,-0.0152,0.0468,-0.0033,-0.1924,-0.3513
656,0.656,-0.0383,-0.0178,0.0722,-0.0093,-0.4203,-0.9292
657,0.657,-0.048,-0.0161,0.0764,-0.0053,-0.2371,-0.6237
658,0.658,-0.0568,-0.0146,0.045,-0.0039,0.0346,-0.0269
659,0.659,-0.0485,-0.0049,0.0243,-0.0016,0.0713,0.2303
660,0.66,-0.0161,0.009,0.0128,-0.003,0.1046,0.3089
661,0.661,0.0149,0.0033,-0.0178,-0.0012,0.1345,0.2396
662,0.662,0.0268,0.0016,-0.0223,-0.0056,0.1076,0.3042
663,0.663,0.0305,0.003,-0.0338,-0.0062,0.1322,0.2467
664,0.664,0.0273,-0.0011,-0.0375,0.0005,0.3787,0.7224
665,0.665,0.0301,0,-0.0231,-0.0058,0.2804,0.7872
666,0.666,0.022,-0.0011,-0.0153,-0.0065,0.0713,0.2636
667,0.667,0.0196,-0.0001,0.0067,-0.0086,-0.065,-0.2299
668,0.668,0.0173,-0.0048,0.0151,-0.0092,-0.0901,-0.1672
669,0.669,0.007,-0.0109,0.0174,-0.0148,-0.1129,-0.2256
670,0.67,-0.0136,-0.0088,0.0295,-0.0169,-0.1335,-0.2788
671,0.671,-0.0384,-0.004,0.0314,-0.0105,-0.1153,-0.2308
672,0.672,-0.0418,-0.0036,0.0168,-0.0078,-0.3005,-0.5364
673,0.673,-0.0331,-0.0009,0.007,-0.007,-0.3744,-0.9732
674,0.674,-0.036,0.0025,0.0117,-0.0033,-0.1726,-0.4497
675,0.675,-0.0189,-0.0007,0.0128,0.0012,0.0719,0.0442
676,0.676,0.0057,-0.0029,0.0165,-0.0003,0.1053,0.2379
677,0.677,0.0088,-0.0049,0.0174,0.0005,0.1354,0.2969
678,0.678,0.0115,-0.0054,0.0181,-0.0062,0.1085,0.245
679,0.679,0.014,-0.0106,0.0189,-0.0174,0.0841,0.1975
680,0.68,0.0115,-0.0129,0.0101,-0.0247,0.2409,0.3289
681,0.681,0.0179,-0.0073,0.0176,-0.0119,0.4242,0.9247
682,0.682,0.0198,-0.0068,0.0165,-0.0066,0.2024,0.6698
683,0.683,0.0178,0.0009,0.0156,-0.0171,-0.0669,0.1271
684,0.684,0.016,0.0017,0.0148,-0.0182,-0.1037,-0.226
685,0.685,0.0174,0.0062,0.0141,-0.0067,-0.137,-0.291
686,0.686,0.0159,0.0052,0.0091,-0.002,-0.1077,-0.2337
687,0.687,0.0169,0.0058,0.0096,0.0077,-0.0809,-0.287
688,0.688,0.0177,-0.005,0.0137,0.0116,-0.1056,-0.2392
689,0.689,0.0227,0.0025,0.0132,0.0084,-0.397,-0.8071
690,0.69,0.0252,0.0064,0.0193,0.0138,-0.2783,-0.8848
691,0.691,0.0191,0.0075,0.0134,0.0223,-0.0254,-0.2511
692,0.692,0.0152,0.0084,0.0082,0.0168,0.0737,0.1765
693,0.693,0.01,0.0072,-0.0025,0.0198,0.104,0.2551
694,0.694,0.0128,0.0079,-0.001,0.0058,0.1313,0.3263
695,0.695,0.0097,0.0052,0.0085,-0.0002,0.156,0.2631
696,0.696,0.0059,0.0088,0.0071,0.024,0.0889,0.2056
697,0.697,0.0025,0.008,0.0015,0.0272,0.3127,0.5754
698,0.698,-0.0006,0.0037,0.0173,0.048,0.3426,0.912
699,0.699,-0.0018,0.0088,0.0422,0.0616,0.1527,0.4315
700,0.7,-0.0002,0.0038,0.0128,0.0639,-0.0699,-0.0177
701,0.701,-0.0046,0.0067,-0.0228,0.0661,-0.1004,-0.1934
702,0.702,-0.0051,0.0119,-0.0659,0.064,-0.1278,-0.2471
703,0.703,0.0007,0.0098,-0.0596,0.0361,-0.1527,-0.2959
704,0.704,-0.0029,0.0002,-0.0537,-0.024,-0.0857,-0.2528
705,0.705,-0.0134,-0.0151,-0.029,-0.0154,-0.228,-0.3719
706,0.706,-0.0209,-0.0294,-0.0064,0.008,-0.4318,-0.9134
707,0.707,-0.036,-0.0239,0.0061,0.0009,-0.2422,-0.6816
708,0.708,-0.046,-0.0122,0.0175,-0.0184,0.0294,-0.0473
709,0.709,-0.0515,-0.0046,-0.0049,-0.0242,0.1382,0.2097
710,0.71,-0.0395,0.0161,-0.0193,-0.0614,0.1059,0.2881
711,0.711,-0.0164,0.0132,0.0059,-0.1051,0.1359,0.2186
712,0.712,0.0135,0.0105,0.0227,-0.0993,0.109,0.2829
713,0.713,0.0175,-0.0019,0.0202,-0.1152,0.1337,0.1088
714,0.714,0.0141,-0.0041,0.0125,-0.1296,0.3803,0.6899
715,0.715,0.0174,-0.0062,0.0352,-0.1164,0.282,0.7675
716,0.716,0.0086,0.0031,0.0444,-0.0564,0.0729,0.2746
717,0.717,0.0113,0.0115,0.0091,-0.0132,-0.0633,-0.1748
718,0.718,0.0089,0.0039,-0.0049,0.0101,-0.0883,-0.2343
719,0.719,0.0111,-0.0057,0.0263,0.0314,-0.111,-0.2879
720,0.72,0.0091,-0.002,0.0626,0.0378,-0.1315,-0.2406
721,0.721,-0.0039,0.0035,0.0486,0.0435,-0.1131,-0.1974
722,0.722,-0.0124,0.0045,0.0533,0.0382,-0.2982,-0.5548
723,0.723,-0.0137,0.0019,0.0336,0.0334,-0.3722,-0.8914
724,0.724,-0.0095,0.0044,-0.0136,0.029,-0.1254,-0.4109
725,0.725,-0.0104,0.0023,-0.0718,0.0329,0.0395,0.1662
726,0.726,-0.0092,0.003,-0.0949,0.0293,0.1295,0.245
727,0.727,0.0025,0.0073,-0.0451,0.0195,0.103,0.3161
728,0.728,0.0134,0.0162,0.0262,0.0224,0.1279,0.2528
729,0.729,0.0176,0.0074,0.0168,0.0251,0.1058,0.1952
730,0.73,0.0014,-0.0028,-0.0263,0.0127,0.2075,0.3536
731,0.731,-0.0097,-0.0068,-0.1281,0.0194,0.4114,0.8822
732,0.732,-0.0034,-0.0054,-0.1143,0.0174,0.2218,0.6717
733,0.733,0.006,-0.0109,-0.1019,0.0194,-0.0007,0.0949
734,0.734,0.0281,-0.0118,-0.0215,0.0109,-0.0907,-0.139
735,0.735,0.0194,-0.0144,-0.0322,0.0125,-0.1183,-0.2107
736,0.736,0.0222,-0.0015,-0.042,0.0112,-0.1431,-0.2755
737,0.737,0.0396,0.0042,0.0009,0.0049,-0.121,-0.334
738,0.738,0.0462,0.0027,0.0084,-0.0006,-0.1414,-0.1761
739,0.739,0.0442,0.0043,0.0153,-0.0037,-0.3822,-0.8008
740,0.74,0.0313,0.014,0.0087,0.0027,-0.2839,-0.8865
741,0.741,0.0364,0.0153,0.0144,0.0053,-0.0749,-0.1894
742,0.742,0.0288,0.0122,0.0302,0.0001,0.1155,0.0932
743,0.743,0.0274,0.0113,0.0736,0.0021,0.0915,0.1796
744,0.744,0.0336,0.0088,0.0675,0.0004,0.1141,0.2577
745,0.745,0.0258,-0.0022,0.0191,0.0021,0.1347,0.3284
746,0.746,0.0101,-0.0067,-0.0397,0.0046,0.0793,0.2648
747,0.747,-0.0236,-0.0025,-0.0636,0.0115,0.298,0.5554
748,0.748,-0.0574,-0.0061,-0.0854,0.0084,0.3874,0.9253
749,0.749,-0.0795,-0.0028,-0.0666,0.0057,0.1432,0.3966
750,0.75,-0.0757,-0.0057,-0.0612,-0.0072,-0.0874,-0.0972
751,0.751,-0.0866,-0.0083,-0.0349,-0.0165,-0.1179,-0.1627
752,0.752,-0.103,-0.0039,-0.0302,-0.0046,-0.1454,-0.2218
753,0.753,-0.0823,-0.0091,0.0005,-0.0123,-0.1212,-0.2754
754,0.754,-0.0632,-0.0026,-0.0035,-0.0192,-0.0991,-0.2279
755,0.755,-0.056,-0.0084,-0.0289,-0.0156,-0.2009,-0.3592
756,0.756,-0.0406,-0.0014,-0.0258,-0.0031,-0.4048,-0.955
757,0.757,-0.0272,-0.0022,-0.0082,-0.011,-0.2339,-0.6479
758,0.758,-0.0008,-0.0048,0.0121,-0.0127,0.0107,-0.051
759,0.759,0.0391,-0.0005,0.0365,-0.0052,0.1099,0.1828
760,0.76,0.0548,0.0048,0.046,-0.0039,0.1401,0.2541
761,0.761,0.0499,0.0056,0.037,-0.0127,0.1132,0.3187
762,0.762,0.0454,-0.0012,0.0395,-0.005,0.0889,0.261
763,0.763,0.0571,0.0016,0.0271,-0.002,0.1113,0.2085
764,0.764,0.0679,0.0025,0.0068,-0.0029,0.3759,0.7369
765,0.765,0.0646,0.0063,0.0261,0.0013,0.3399,0.8074
766,0.766,0.0616,0.0028,0.0334,0.0034,0.044,0.2313
767,0.767,0.0478,0.0046,0.0268,0.0141,-0.0757,-0.1572
768,0.768,0.0205,0.0135,0.0165,0.0065,-0.1122,-0.2288
769,0.769,0.0023,0.0048,0.0182,0.0161,-0.1454,-0.2936
770,0.77,-0.0342,0.0039,0.0266,0.0097,-0.116,-0.3524
771,0.771,-0.0876,-0.0117,0.0311,0.0085,-0.0891,-0.3
772,0.772,-0.0948,-0.0005,0.0241,0.0093,-0.3109,-0.5404
773,0.773,-0.0626,-0.0024,0.0229,0.0025,-0.4005,-0.9339
774,0.774,-0.0452,-0.0116,0.0218,-0.0072,-0.1564,-0.4583
775,0.775,-0.0399,-0.0064,0.0207,-0.0263,0.0085,0.1187
776,0.776,0.0038,-0.0018,0.0271,-0.0237,0.0984,0.1976
777,0.777,0.0096,-0.0058,0.0261,-0.0114,0.1258,0.2687
778,0.778,0.0148,-0.0095,0.0146,-0.0048,0.1506,0.3332
779,0.779,0.0196,-0.015,0.0165,-0.0271,0.1284,0.2756
780,0.78,0.0063,-0.0308,0.009,-0.0419,0.2302,0.3285
781,0.781,0.0024,-0.0152,0.03,-0.0444,0.434,0.9532
782,0.782,0.0276,0.0073,0.0752,-0.007,0.2443,0.6981
783,0.783,0.0243,0.0161,0.0948,0.0091,0.0219,0.1551
784,0.784,0.0154,0.0133,0.0894,0.014,-0.0682,-0.1983
785,0.785,0.0072,0.0009,0.0311,0.0097,-0.0957,-0.2634
786,0.786,0.0144,0.0075,-0.0232,0.0217,-0.1206,-0.3223
787,0.787,0.0165,0.0095,-0.0584,0.0253,-0.0985,-0.2701
788,0.788,0.0144,0.0039,-0.1031,0.0286,-0.119,-0.2224
789,0.789,0.0162,0.0022,-0.1437,0.0138,-0.3968,-0.7904
790,0.79,0.0246,0.0006,-0.0633,-0.0053,-0.2781,-0.8683
791,0.791,0.0199,-0.0063,-0.0053,-0.0075,-0.0972,-0.2346
792,0.792,0.0017,-0.0151,0.0262,-0.0009,0.0676,0.1929
793,0.793,-0.0007,-0.0119,-0.0018,0.0094,0.0979,0.2716
794,0.794,-0.012,-0.0004,0.0935,0.0114,0.1253,0.2021
795,0.795,-0.006,0.0042,0.1317,0.02,0.1501,0.2667
796,0.796,-0.0042,-0.0026,0.0515,0.0186,0.0832,0.209
797,0.797,0.0075,-0.0037,-0.0003,0.0148,0.307,0.5788
798,0.798,0.012,0.002,-0.0474,-0.0014,0.3966,0.9155
799,0.799,0.0105,-0.001,-0.1247,-0.026,0.1524,0.4349
800,0.8,-0.006,0.0075,-0.1973,-0.0226,-0.078,-0.0143
801,0.801,-0.0083,0.0153,-0.1875,-0.0196,-0.1084,-0.1901
802,0.802,-0.0023,0.0164,-0.144,-0.0222,-0.1358,-0.2438
803,0.803,0.0218,0.0191,-0.1204,-0.0097,-0.1114,-0.2925
804,0.804,0.0186,0.0114,-0.0133,-0.0118,-0.0892,-0.2493
805,0.805,0.0275,0.0019,0.1554,0.0068,-0.1908,-0.3685
806,0.806,0.0249,0.0008,0.1781,-0.0004,-0.4316,-0.9098
807,0.807,0.0226,0.0018,0.0768,0.0063,-0.2674,-0.6779
808,0.808,0.025,-0.0034,0.0588,0.0003,0.0017,-0.0436
809,0.809,0.0272,-0.0006,0.0088,0.006,0.1106,0.2135
810,0.81,0.0144,0.0003,-0.0366,0.0044,0.0784,0.292
811,0.811,-0.004,0.0025,-0.0501,0.0091,0.1085,0.2227
812,0.812,-0.0162,0.0032,-0.113,0.0189,0.1359,0.2873
813,0.813,-0.0273,0.0027,-0.1244,0.0278,0.1115,0.2297
814,0.814,-0.0374,-0.0025,-0.0722,0.0356,0.403,0.7053
815,0.815,-0.0243,-0.0131,0.0133,0.0515,0.2843,0.7699
816,0.816,-0.0024,-0.0115,0.0709,0.0852,0.0316,0.2463
817,0.817,-0.0113,-0.021,0.0608,0.0997,-0.0675,-0.1069
818,0.818,-0.0251,-0.0198,0.0515,0.1217,-0.0977,-0.1722
819,0.819,-0.0276,-0.0208,0.0432,0.1257,-0.1251,-0.231
820,0.82,-0.0167,-0.0155,0.0356,0.1149,-0.1498,-0.2843
821,0.821,-0.0395,-0.011,0.0287,0.1051,-0.0827,-0.2367
822,0.822,-0.0486,0.0002,0.0095,0.0601,-0.3064,-0.5425
823,0.823,-0.0681,-0.0014,0.0153,-0.037,-0.3959,-0.8999
824,0.824,-0.0807,0.0111,0.0207,-0.0786,-0.1516,-0.4673
825,0.825,-0.0606,0.0196,0.0257,-0.0911,0.079,0.0574
826,0.826,-0.0198,0.0272,0.0215,-0.1487,0.1095,0.2699
827,0.827,0.0092,0.0258,-0.0143,-0.1798,0.1371,0.207
828,0.828,0.0248,0.0296,-0.0383,-0.1514,0.113,0.2659
829,0.829,0.0293,0.0241,-0.0601,-0.1601,0.091,0.2137
830,0.83,0.0424,0.0126,-0.072,-0.1523,0.2335,0.3581
831,0.831,0.0541,0.008,-0.0755,-0.1026,0.4004,0.9264
832,0.832,0.0434,0.0177,-0.0658,-0.0443,0.2438,0.695
833,0.833,0.0273,0.0215,-0.0208,-0.0521,-0.0213,0.0612
834,0.834,0.0129,0.0138,0.0375,-0.0165,-0.0579,-0.1956
835,0.835,0.0055,0.0149,0.0452,0.0286,-0.0911,-0.2741
836,0.836,0.0085,0.0103,0.038,0.0343,-0.121,-0.345
837,0.837,0.0113,0.0078,0.0314,0.0183,-0.0942,-0.2816
838,0.838,0.0056,-0.0036,0.0138,0.0039,-0.1187,-0.2238
839,0.839,0.0003,-0.0087,0.0189,0.017,-0.41,-0.8048
840,0.84,0.0056,-0.0102,0.014,0.0288,-0.2912,-0.8826
841,0.841,0.0041,-0.0199,0.0184,0.0178,-0.0383,-0.2488
842,0.842,-0.0056,-0.0313,0.0066,0.0079,0.0611,0.1788
843,0.843,-0.002,-0.0482,0.0031,-0.0072,0.0915,0.2577
844,0.844,-0.0011,-0.0686,0.0129,-0.032,0.119,0.3289
845,0.845,0.004,-0.0767,0.0159,-0.0157,0.1438,0.2655
846,0.846,-0.0046,-0.0544,0.0132,-0.001,0.0769,0.208
847,0.847,-0.0038,-0.0154,0.0059,0.007,0.3008,0.5777
848,0.848,0.0014,0.0111,0.0037,0.0192,0.3903,0.9145
849,0.849,0.0005,0.0158,0.0137,0.0302,0.1461,0.434
850,0.85,-0.0004,0.0113,0.0302,0.0401,-0.0843,-0.015
851,0.851,-0.0075,0.0074,0.0322,0.0381,-0.1147,-0.1907
852,0.852,-0.0141,0.0181,0.0178,0.0362,-0.1422,-0.2443
853,0.853,-0.0167,0.0212,-0.0065,0.0375,-0.1179,-0.293
854,0.854,-0.0159,0.024,-0.0098,0.0387,-0.0957,-0.2498
855,0.855,-0.0108,0.0102,-0.0247,0.0348,-0.1974,-0.3689
856,0.856,-0.0087,0.0028,-0.0492,0.0269,-0.4012,-0.9103
857,0.857,-0.0169,0.0004,-0.072,0.0215,-0.2117,-0.6786
858,0.858,-0.0254,-0.0002,-0.0488,0.0218,0.0094,-0.0644
859,0.859,-0.0084,0.0139,-0.0037,0.0152,0.0838,0.1481
860,0.86,0.0125,0.0268,0.0935,0.0109,0.1067,0.2132
861,0.861,0.032,0.0013,0.1074,0.0101,0.1272,0.272
862,0.862,0.0446,-0.0096,0.0698,0.0106,0.1089,0.3253
863,0.863,0.0561,-0.0129,0.0353,0.0088,0.1258,0.1814
864,0.864,0.0706,-0.0218,0.025,0.007,0.3554,0.7494
865,0.865,0.0802,-0.0138,-0.0224,0.0084,0.3227,0.8271
866,0.866,0.0619,0.0134,-0.0999,0.007,0.0538,0.3342
867,0.867,0.0549,0.0169,-0.1102,0.0065,-0.0551,-0.115
868,0.868,0.0486,0.007,-0.0817,0.0068,-0.0884,-0.1744
869,0.869,0.0794,0.0218,-0.004,0.0015,-0.1185,-0.2279
870,0.87,0.0839,0.0298,0.0063,-0.0038,-0.1459,-0.2766
871,0.871,0.0642,0.0174,-0.0221,-0.0032,-0.0723,-0.2333
872,0.872,0.039,0.0061,-0.048,-0.005,-0.3188,-0.5112
873,0.873,0.036,0.004,-0.0872,-0.0035,-0.4174,-0.9084
874,0.874,0.0333,0.0095,-0.0801,-0.0012,-0.1488,-0.4327
875,0.875,0.0635,-0.0059,-0.0866,-0.0027,0.0322,0.0164
876,0.876,0.0598,-0.0201,-0.0575,-0.0093,0.1313,0.1922
877,0.877,0.0126,-0.0258,0.0225,-0.0235,0.1019,0.2459
878,0.878,-0.0585,-0.0106,0.0568,-0.0217,0.1292,0.2945
879,0.879,-0.1057,-0.0127,0.067,-0.0124,0.0556,0.1639
880,0.88,-0.2005,-0.0221,0.0764,-0.0108,0.1676,0.2036
881,0.881,-0.2634,-0.0273,0.0675,-0.0123,0.3915,0.7448
882,0.882,-0.3208,-0.0167,0.0752,-0.0081,0.2424,0.6678
883,0.883,-0.3937,0.0012,0.0538,0.0009,-0.0022,0.1745
884,0.884,-0.3083,0.0084,0.0087,0.0022,-0.1015,-0.1471
885,0.885,-0.1818,0.0061,-0.0086,0.0035,-0.0722,-0.2063
886,0.886,-0.0305,-0.0042,-0.0138,-0.0008,-0.0996,-0.26
887,0.887,0.071,0.0049,0.0007,-0.0014,-0.1245,-0.3088
888,0.888,0.1264,0.0065,-0.0124,0.0026,-0.1023,-0.1782
889,0.889,0.2102,0.0139,-0.0085,-0.0008,-0.4077,-0.7739
890,0.89,0.2253,0.0178,-0.012,-0.0022,-0.3643,-0.8597
891,0.891,0.2112,0.0115,-0.0088,0.0009,-0.0862,-0.3175
892,0.892,0.1734,0.0124,-0.0059,-0.0025,0.0949,0.1761
893,0.893,0.162,0.007,-0.014,-0.0019,0.1281,0.2415
894,0.894,0.1308,0.0005,-0.0068,0.003,0.1581,0.3002
895,0.895,0.1213,-0.0022,0.0044,0.0014,0.1312,0.3534
896,0.896,0.0435,0.0077,0.0145,-0.0048,0.1068,0.2094
897,0.897,0.0122,0.0146,0.0313,-0.0055,0.3532,0.515
898,0.898,0.0594,0.0058,0.0291,-0.0031,0.3862,0.8725
899,0.899,0.0678,0.0048,0.0312,0.0077,0.1773,0.4397
900,0.9,0.0285,0.0101,0.0479,0.0033,-0.0675,-0.085
901,0.901,-0.0073,0.0241,0.0413,0.0022,-0.101,-0.1571
902,0.902,-0.066,0.0221,0.031,0.0086,-0.1312,-0.2222
903,0.903,-0.1525,0.0128,0.0216,0.0009,-0.1045,-0.2811
904,0.904,-0.2564,0.001,0.0029,0.0063,-0.0801,-0.229
905,0.905,-0.2707,-0.0005,-0.0196,0.0091,-0.1922,-0.2775
906,0.906,-0.2837,-0.0157,-0.0405,-0.0003,-0.4162,-0.933
907,0.907,-0.2266,-0.0258,-0.0543,-0.0116,-0.2076,-0.6527
908,0.908,-0.0913,-0.0165,-0.0666,-0.013,-0.0173,-0.0559
909,0.909,0.0007,0.0021,-0.0821,-0.0005,0.1065,0.1778
910,0.91,0.0506,-0.0052,-0.0839,0.0113,0.1292,0.249
911,0.911,0.0349,-0.0164,-0.0557,0.0067,0.1092,0.3134
912,0.912,0.0483,-0.0306,-0.0115,-0.0003,0.1279,0.2557
913,0.913,0.0354,-0.025,0.0533,0.0059,0.1112,0.2032
914,0.914,0.0465,-0.0335,0.0448,0.0181,0.3408,0.7315
915,0.915,0.0775,-0.0196,0.0371,0.0228,0.308,0.802
916,0.916,0.0871,-0.0028,0.0442,-0.0008,0.0391,0.2256
917,0.917,0.096,-0.0006,0.0247,-0.0377,-0.0697,-0.163
918,0.918,0.0883,0.0014,0.0186,-0.0626,-0.1031,-0.2347
919,0.919,0.0669,0.0107,0.0131,-0.0588,-0.1332,-0.2997
920,0.92,0.0475,0.0191,0.0083,-0.0155,-0.1606,-0.3584
921,0.921,0.0181,0.0146,0.0038,0.0131,-0.087,-0.2007
922,0.922,0.0339,0.0107,0.0077,0.0178,-0.2887,-0.5372
923,0.923,0.0483,0.0071,0.0114,0.0127,-0.3701,-0.9309
924,0.924,0.0615,-0.0031,0.0279,-0.0095,-0.1482,-0.4554
925,0.925,0.0497,-0.0016,0.0195,-0.0213,0.0611,0.1215
926,0.926,0.0388,-0.0027,0.0007,-0.0103,0.0889,0.2001
927,0.927,0.0354,-0.0059,-0.0013,-0.0068,0.1138,0.2712
928,0.928,0.0264,0.0078,0.0146,-0.0092,0.1364,0.3358
929,0.929,0.0069,0.0022,0.025,-0.0113,0.0756,0.2781
930,0.93,-0.0007,0.0072,0.001,-0.0034,0.2052,0.331
931,0.931,0.0056,0.021,-0.0286,-0.0093,0.4241,0.8595
932,0.932,0.0195,0.0154,-0.0484,-0.0148,0.2156,0.6489
933,0.933,0.0249,0.0104,-0.0448,-0.0012,-0.0289,0.0724
934,0.934,0.0332,0.0059,-0.0415,0.0077,-0.0624,-0.1612
935,0.935,0.0287,0.01,-0.0564,0.0127,-0.0926,-0.2325
936,0.936,0.0193,0.0188,-0.0262,0.0091,-0.1199,-0.297
937,0.937,0.031,0.0133,-0.0223,0.0106,-0.0956,-0.2394
938,0.938,0.0085,0.0061,-0.0114,0.0142,-0.118,-0.1868
939,0.939,-0.0274,-0.0023,0.005,0.0115,-0.3827,-0.7152
940,0.94,-0.09,-0.01,0.0078,0.0091,-0.3468,-0.7857
941,0.941,-0.1673,-0.0047,0.0159,0.0052,-0.0511,-0.3373
942,0.942,-0.1148,-0.0131,0.0182,0.0048,0.0686,0.1875
943,0.943,-0.0482,-0.0053,0.0069,0.01,0.1052,0.2593
944,0.944,-0.0049,-0.0063,-0.0033,0.0086,0.1384,0.3242
945,0.945,0.003,0.0001,-0.0053,0.006,0.1089,0.267
946,0.946,0.0102,-0.0095,-0.0172,0.0047,0.0819,0.2149
947,0.947,0.0167,-0.0084,-0.0067,0.008,0.3037,0.5514
948,0.948,0.0341,-0.0074,0.0141,0.0062,0.3932,0.8576
949,0.949,0.0393,-0.0044,0.0411,0.0039,0.149,0.5004
950,0.95,0.0537,-0.0071,0.0518,0.0059,-0.0815,-0.0293
951,0.951,0.0581,-0.0062,0.055,0.0037,-0.1121,-0.2413
952,0.952,0.0463,-0.004,0.0401,-0.0004,-0.1396,-0.306
953,0.953,0.0497,-0.0088,0.0263,0.0003,-0.1154,-0.2484
954,0.954,0.0528,-0.0057,0.0037,0.0093,-0.0933,-0.3015
955,0.955,0.0439,0.0033,-0.0175,0.0131,-0.1951,-0.3495
956,0.956,0.041,0.0071,-0.0536,0.0122,-0.436,-0.9173
957,0.957,0.0483,0.0104,-0.0782,0.0176,-0.2064,-0.6854
958,0.958,0.0371,0.0074,-0.0829,0.0205,0.0027,-0.0512
959,0.959,0.036,-0.0025,-0.0787,0.0247,0.09,0.2131
960,0.96,0.0342,-0.0051,-0.0749,0.0378,0.1175,0.2996
961,0.961,0.0066,0.0044,-0.0496,0.0658,0.1422,0.2231
962,0.962,-0.0533,-0.012,-0.0132,0.126,0.1199,0.2941
963,0.963,-0.1654,-0.0098,0.0208,0.2037,0.1403,0.2306
964,0.964,-0.303,0.0127,0.0695,0.2141,0.3809,0.7539
965,0.965,-0.3586,0.0215,0.1279,0.2047,0.2825,0.8245
966,0.966,-0.1736,0.0189,0.1671,0.1788,0.0734,0.2486
967,0.967,-0.0506,0.0165,0.1316,0.1555,-0.063,-0.1398
968,0.968,0.0163,0.0054,0.0733,0.1199,-0.0882,-0.2113
969,0.969,-0.0043,-0.0251,0.0186,0.0615,-0.1109,-0.2758
970,0.97,-0.0231,-0.047,-0.0312,-0.0247,-0.1315,-0.3343
971,0.971,-0.0402,-0.0749,-0.0764,-0.1053,-0.1134,-0.1763
972,0.972,-0.0556,-0.0783,-0.1295,-0.1992,-0.2985,-0.5125
973,0.973,-0.0417,-0.0552,-0.1793,-0.3129,-0.3725,-0.9058
974,0.974,0.0215,-0.0102,-0.173,-0.3588,-0.1707,-0.4301
975,0.975,0.1021,0.0483,-0.0966,-0.3451,0.074,0.0192
976,0.976,0.1333,0.0561,-0.0028,-0.3829,0.1075,0.1953
977,0.977,0.1428,0.0633,0.0349,-0.3715,0.1376,0.2492
978,0.978,0.134,0.0698,0.0234,-0.2988,0.1107,0.298
979,0.979,0.0792,0.0524,0.0546,-0.2135,0.0863,0.2549
980,0.98,0.0435,0.0259,0.0641,-0.1562,0.1535,0.2948
981,0.981,0.024,0.0017,0.0554,-0.0625,0.3774,0.8361
982,0.982,0.0181,-0.0114,0.0476,0.0256,0.2284,0.6043
983,0.983,0.0234,0.0005,0.012,0.0598,-0.0162,0.1109
984,0.984,0.0093,-0.003,-0.0073,0.0699,-0.0498,-0.2106
985,0.985,-0.0034,-0.0062,-0.0131,0.1171,-0.1396,-0.2697
986,0.986,0.0011,-0.0033,0.0028,0.1082,-0.1129,-0.3232
987,0.987,-0.0022,-0.0059,0.0076,0.1157,-0.0886,-0.2757
988,0.988,0.0078,-0.0082,0.0385,0.1083,-0.111,-0.2323
989,0.989,0.0108,-0.0237,0.0505,0.1145,-0.3757,-0.7485
990,0.99,0.0081,-0.0134,0.0471,0.1084,-0.3399,-0.8191
991,0.991,0.0104,-0.0002,0.0374,0.1029,-0.0441,-0.2431
992,0.992,0.0169,0.0252,0.0348,0.0882,0.0757,0.1455
993,0.993,-0.0056,0.058,0.0323,0.0747,0.1123,0.2171
994,0.994,-0.0084,0.0448,0.0152,0.0705,0.1454,0.2818
995,0.995,-0.0056,0.041,0.0042,0.0737,0.1159,0.3403
996,0.996,-0.0032,0.0156,-0.0017,0.0701,0.0891,0.1822
997,0.997,0.0035,-0.0007,0.0004,0.0549,0.3109,0.5185
998,0.998,-0.0025,-0.0156,-0.018,0.0464,0.4004,0.8245
999,0.999,-0.0191,-0.0347,-0.0451,0.0484,0.1563,0.3877
1000,1,-0.0124,-0.0371,-0.0414,0.0503,-0.0741,-0.0205
1001,1.001,-0.0021,-0.0483,0.0018,0.0438,-0.1046,-0.1806
1002,1.002,-0.0001,-0.0625,0.0549,0.0416,-0.132,-0.2296
1003,1.003,0.0119,-0.0867,0.1333,0.0429,-0.1078,-0.2741
1004,1.004,0.0196,-0.0636,0.1231,0.0288,-0.0855,-0.2351
1005,1.005,0.0268,-0.0186,0.0758,0.0005,-0.1872,-0.2714
1006,1.006,0.0083,0.0008,-0.0191,-0.0438,-0.428,-0.7639
1007,1.007,0.0167,0.0182,-0.0822,-0.0383,-0.2639,-0.6941
1008,1.008,0.0146,0.013,-0.0936,-0.0227,0.0053,-0.1175
1009,1.009,0.0214,0.0275,-0.1247,-0.0086,0.1142,0.2711
1010,1.01,0.0522,0.0319,-0.1152,-0.0044,0.1476,0.2022
1011,1.011,0.0831,0.028,-0.0892,-0.0007,0.1182,0.2668
1012,1.012,0.0793,0.0245,-0.0812,0.0026,0.1456,0.3253
1013,1.013,0.0829,0.0213,-0.0596,-0.0007,0.1213,0.2727
1014,1.014,0.0992,0.0242,-0.04,0.002,0.3679,0.7052
1015,1.015,0.1079,0.0162,-0.0105,-0.0008,0.3354,0.7637
1016,1.016,0.0941,0.009,0.0057,-0.0034,0.0665,0.2875
1017,1.017,0.0919,0.0025,0.0204,-0.0015,-0.1145,-0.1618
1018,1.018,0.0585,0.0006,0.0426,-0.0038,-0.0822,-0.2213
1019,1.019,-0.0042,-0.0049,0.0466,-0.0023,-0.1122,-0.2749
1020,1.02,-0.1334,-0.0133,0.0503,-0.0111,-0.1395,-0.3235
1021,1.021,-0.1886,-0.0057,0.0601,-0.013,-0.115,-0.193
1022,1.022,-0.2388,0.0012,0.0452,-0.0093,-0.3167,-0.4709
1023,1.023,-0.1928,-0.0076,0.026,-0.0135,-0.3979,-0.9403
1024,1.024,-0.151,-0.0043,-0.0113,-0.0128,-0.1758,-0.4925
1025,1.025,-0.1131,-0.0115,-0.0273,-0.0121,0.0335,0.0321
1026,1.026,0.0137,-0.001,-0.032,-0.0095,0.1155,0.2444
1027,1.027,0.0307,0.0005,-0.0187,-0.0054,0.1405,0.3095
1028,1.028,0.0156,0.0094,-0.0225,-0.0031,0.1186,0.2522
1029,1.029,0.0295,0.0172,-0.0045,-0.0008,0.0985,0.3056
1030,1.03,-0.0082,0.01,0.0119,-0.0046,0.1912,0.354
1031,1.031,-0.1119,0.0072,0.0207,-0.007,0.4101,0.9222
1032,1.032,-0.2093,-0.0023,0.0233,-0.0079,0.2611,0.6905
1033,1.033,-0.3232,0.0064,0.016,-0.006,0.0167,0.0566
1034,1.034,-0.2469,-0.0014,0.0094,-0.0118,-0.0825,-0.2003
1035,1.035,-0.0386,-0.013,0.0034,-0.0175,-0.1126,-0.2787
1036,1.036,0.0505,-0.033,-0.0059,-0.0144,-0.1398,-0.3495
1037,1.037,0.0772,-0.0467,-0.0177,-0.0038,-0.1155,-0.286
1038,1.038,0.1015,-0.059,-0.0254,-0.0046,-0.0932,-0.2278
1039,1.039,0.1235,-0.0252,-0.038,-0.0078,-0.3983,-0.703
1040,1.04,0.1434,0.038,-0.0262,-0.0063,-0.3548,-0.895
1041,1.041,0.1246,0.0294,-0.0217,-0.007,-0.0765,-0.2549
1042,1.042,0.1073,0.0216,-0.0121,-0.0093,0.1046,0.1728
1043,1.043,0.0915,0.0146,-0.0059,-0.0031,0.0725,0.2517
1044,1.044,0.1048,0.0211,-0.0209,0.0023,0.1027,0.3229
1045,1.045,0.0917,0.0154,-0.0353,0.0074,0.1301,0.2597
1046,1.046,0.0566,0.0207,-0.0112,0.0093,0.1058,0.2023
1047,1.047,0.0248,0.035,0.0316,0.0099,0.3075,0.4666
1048,1.048,-0.0042,0.0305,0.0372,0.0114,0.3889,0.8995
1049,1.049,0.021,0.0265,0.0317,0.011,0.167,0.4929
1050,1.05,0.0126,0.001,0.0359,0.0071,-0.0424,-0.0895
1051,1.051,0.005,-0.0023,0.0221,-0.0008,-0.0702,-0.1682
1052,1.052,-0.0145,0.0005,0.0256,-0.0086,-0.1443,-0.2392
1053,1.053,-0.091,-0.0132,0.0217,0.0029,-0.1223,-0.3037
1054,1.054,-0.143,-0.0206,0.0182,0.0013,-0.1022,-0.246
1055,1.055,-0.0954,-0.0003,0.0092,0.0054,-0.1949,-0.2989
1056,1.056,-0.0347,-0.014,0.0062,0.0065,-0.4137,-0.9235
1057,1.057,-0.0112,-0.0212,0.0084,-0.0106,-0.2648,-0.6684
1058,1.058,0.0247,0.0036,0.0016,-0.0083,-0.0203,-0.1255
1059,1.059,0.0314,0.0069,-0.0251,-0.0061,0.0789,0.2277
1060,1.06,0.0209,-0.0078,-0.0515,-0.0097,0.1136,0.2527
1061,1.061,0.0384,-0.0049,-0.048,-0.0077,0.1437,0.3172
1062,1.062,0.0437,-0.0131,-0.0447,0.0016,0.1169,0.2596
1063,1.063,0.0389,-0.0355,-0.0358,0.0067,0.0924,0.2072
1064,1.064,0.0257,-0.0206,-0.0057,0.0021,0.3838,0.7357
1065,1.065,0.0217,-0.0398,0.0062,0.0146,0.3443,0.8061
1066,1.066,0.0109,-0.0326,-0.0119,0.0164,0.0914,0.3577
1067,1.067,0.0076,-0.0124,-0.0349,0.0118,-0.0735,-0.1671
1068,1.068,0.0163,0.0066,-0.0261,-0.0033,-0.1039,-0.2388
1069,1.069,0.0189,0.0137,-0.0014,0.0029,-0.1313,-0.3036
1070,1.07,0.0164,0.0114,0.0083,0.001,-0.1071,-0.2462
1071,1.071,0.0184,0.0091,0.0289,-0.0142,-0.1296,-0.194
1072,1.072,0.0122,0.0071,0.0425,-0.0121,-0.3129,-0.5305
1073,1.073,0.0103,-0.0016,0.0352,-0.014,-0.387,-0.924
1074,1.074,0.0052,-0.0033,0.024,-0.0055,-0.1404,-0.4486
1075,1.075,0.0007,-0.0022,0.0426,-0.0071,0.0244,0.0005
1076,1.076,-0.0006,0.0165,0.0551,-0.0168,0.1144,0.1762
1077,1.077,0.0085,0.041,0.0889,-0.0282,0.1419,0.2299
1078,1.078,0.0191,0.0311,0.0649,-0.0206,0.1176,0.2784
1079,1.079,0.0153,0.016,0.0517,0.0002,0.0954,0.235
1080,1.08,0.0068,0.0077,0.0157,0.003,0.1972,0.2748
1081,1.081,0.0081,0.0148,-0.0279,-0.0052,0.401,0.8159
1082,1.082,0.0054,0.0258,-0.0689,-0.0076,0.2655,0.7386
1083,1.083,0.0011,0.0196,-0.0847,-0.001,-0.0061,0.1043
1084,1.084,0.0107,-0.0047,-0.08,0.0051,-0.115,-0.1529
1085,1.085,0.0248,-0.0412,-0.0579,0.0032,-0.0826,-0.2315
1086,1.086,0.0085,-0.0557,-0.0217,-0.0018,-0.1127,-0.4433
1087,1.087,0.0024,-0.0867,0.0123,0.0058,-0.14,-0.3801
1088,1.088,0.0294,-0.0509,0.008,0.0099,-0.1156,-0.2064
1089,1.089,0.0699,-0.0173,-0.0118,0.0136,-0.3621,-0.6822
1090,1.09,0.0754,-0.0042,-0.0225,0.0126,-0.3295,-0.8746
1091,1.091,0.0804,-0.0004,-0.0059,0.0117,-0.1205,-0.235
1092,1.092,0.0674,-0.0114,0.0092,0.0202,0.0699,0.1921
1093,1.093,0.0636,-0.0017,-0.0043,0.028,0.0951,0.2708
1094,1.094,0.0601,0.0312,-0.0165,0.0249,0.1178,0.3416
1095,1.095,0.0502,0.0266,-0.0141,0.0334,0.1383,0.2781
1096,1.096,0.053,0.0383,0.0167,0.0505,0.1201,0.2201
1097,1.097,0.0391,0.0418,0.083,0.0481,0.3052,0.4841
1098,1.098,0.0016,0.0318,0.2066,0.0369,0.4287,0.9166
1099,1.099,-0.0787,0.0108,0.1564,0.047,0.182,0.5098
1100,1.1,-0.2284,-0.0141,0.0802,0.0191,-0.0484,-0.073
1101,1.101,-0.2894,-0.0111,0.0665,-0.041,-0.0788,-0.1521
1102,1.102,-0.345,-0.0084,0.029,-0.0497,-0.1062,-0.2234
1103,1.103,-0.2946,-0.0058,-0.0283,-0.0576,-0.131,-0.288
1104,1.104,-0.2489,0.0013,-0.0802,-0.0364,-0.1089,-0.2305
1105,1.105,-0.1795,-0.0192,-0.1274,-0.0429,-0.1698,-0.2837
1106,1.106,-0.1921,-0.0275,-0.1187,-0.0255,-0.4106,-0.9086
1107,1.107,-0.1117,-0.0253,-0.1107,-0.0097,-0.2466,-0.6538
1108,1.108,0.0238,-0.0098,-0.0751,-0.0144,0.0226,-0.1111
1109,1.109,0.0794,0.0166,-0.1072,-0.0101,0.0594,0.242
1110,1.11,0.1298,0.0273,-0.1129,-0.0062,0.0928,0.307
1111,1.111,0.1147,0.0241,-0.0863,-0.0171,0.1229,0.2495
1112,1.112,0.1287,0.0152,-0.0135,-0.0204,0.0961,0.3027
1113,1.113,0.1163,0.0072,0.0386,-0.0117,0.1208,0.2548
1114,1.114,0.1047,-0.0001,0.0481,-0.0255,0.3674,0.7353
1115,1.115,0.0942,0.0021,0.0567,-0.0279,0.3349,0.7997
1116,1.116,0.0845,0.0163,0.0644,-0.0527,0.066,0.2759
1117,1.117,0.0582,0.0182,0.0854,-0.0229,-0.115,-0.2179
1118,1.118,0.0345,0.0233,0.0916,-0.003,-0.0826,-0.2835
1119,1.119,0.0127,0.034,0.1088,0.0078,-0.1126,-0.2264
1120,1.12,0.0059,0.03,0.0715,0.0109,-0.1399,-0.28
1121,1.121,0.0228,0.0238,0.0084,0.0196,-0.0662,-0.2323
1122,1.122,0.0384,0.0249,-0.0691,0.0333,-0.2679,-0.5382
1123,1.123,0.043,0.026,-0.1211,0.0356,-0.4035,-0.9752
1124,1.124,0.0386,0.012,-0.1115,0.0377,-0.1815,-0.4521
1125,1.125,0.0427,-0.0186,-0.1027,0.0356,0.0278,0.0415
1126,1.126,0.0247,-0.0317,-0.0478,0.0299,0.1097,0.2349
1127,1.127,-0.0048,-0.0116,0.0165,0.0314,0.1347,0.2938
1128,1.128,-0.0007,-0.0295,0.0426,0.0237,0.1128,0.2418
1129,1.129,-0.0114,-0.0196,0.0817,0.0028,0.0927,0.2903
1130,1.13,-0.0477,-0.0166,0.0746,-0.0122,0.1854,0.3342
1131,1.131,-0.0524,-0.0302,0.0422,-0.0096,0.4043,0.8505
1132,1.132,0.0049,-0.0574,0.0128,-0.0121,0.2554,0.64
1133,1.133,0.0283,-0.0392,-0.0246,-0.0189,0.0108,0.0635
1134,1.134,0.0357,-0.0027,-0.0491,-0.021,-0.0883,-0.1702
1135,1.135,0.0424,0.0117,-0.0273,-0.0341,-0.1185,-0.2416
1136,1.136,0.0484,0.0248,-0.0394,-0.0189,-0.1458,-0.3063
1137,1.137,0.0539,0.0209,-0.0142,-0.0047,-0.1215,-0.249
1138,1.138,0.0588,0.0028,-0.0111,-0.0138,-0.0993,-0.1966
1139,1.139,0.0546,0.006,-0.02,-0.0153,-0.3639,-0.725
1140,1.14,0.0587,0.0033,-0.0175,-0.0166,-0.328,-0.7956
1141,1.141,0.0553,-0.0046,-0.0153,0.0045,-0.0978,-0.3474
1142,1.142,0.0524,-0.0019,-0.0088,0.0076,0.052,0.1776
1143,1.143,0.0438,0.0007,0.0054,0.0159,0.1338,0.2494
1144,1.144,0.0466,0.0071,0.0221,0.0184,0.1096,0.3142
1145,1.145,0.0491,0.0019,0.0198,0.0208,0.1323,0.2567
1146,1.146,0.0426,0.0105,0.0136,0.0148,0.0716,0.2044
1147,1.147,0.0161,0.0307,-0.0071,0.013,0.3124,0.4448
1148,1.148,-0.0312,0.0172,-0.0099,0.018,0.4111,0.9255
1149,1.149,-0.0895,0.0101,-0.0123,0.0195,0.1424,0.4779
1150,1.15,-0.1286,0.008,-0.0104,0.0264,-0.0387,-0.0466
1151,1.151,-0.1217,0.0021,-0.0007,0.0227,-0.0722,-0.259
1152,1.152,-0.1025,0.0003,0.0082,0.0149,-0.1024,-0.3239
1153,1.153,-0.0617,-0.0012,0.0026,0.0096,-0.1298,-0.2665
1154,1.154,-0.0244,0.0005,0.0098,-0.0007,-0.1056,-0.2141
1155,1.155,0.0194,0.002,-0.0087,-0.0103,-0.1729,-0.2625
1156,1.156,0.0023,0.0058,-0.0114,-0.024,-0.4377,-0.9177
1157,1.157,-0.0561,0.0049,-0.0093,-0.022,-0.2575,-0.6372
1158,1.158,-0.079,-0.0086,0.0132,-0.0067,-0.0272,-0.04
1159,1.159,-0.0855,-0.0177,0.0403,0.0036,0.1226,0.194
1160,1.16,-0.0913,-0.0361,0.0222,0.0131,0.0958,0.2655
1161,1.161,-0.0459,-0.0641,0.0348,0.0205,0.1319,0.291
1162,1.162,0.031,-0.0367,0.0712,0.0156,0.1075,0.2275
1163,1.163,0.0835,-0.0184,0.0855,0.0081,0.1298,0.1698
1164,1.164,0.1121,-0.0084,0.09,-0.007,0.3944,0.751
1165,1.165,0.1554,0.0126,0.1421,-0.0253,0.2864,0.8287
1166,1.166,0.1477,0.0209,0.1067,-0.0324,0.0562,0.336
1167,1.167,0.1264,0.0186,0.0484,-0.0168,-0.0937,-0.1134
1168,1.168,0.107,0.0121,-0.006,0.0139,-0.0673,-0.1729
1169,1.169,0.0776,0.0183,-0.0843,0.0185,-0.1415,-0.3322
1170,1.17,-0.0027,0.0165,-0.1363,0.0068,-0.1195,-0.2848
1171,1.171,-0.1065,0.0149,-0.1269,-0.004,-0.0995,-0.2417
1172,1.172,-0.2041,0.0165,-0.1355,-0.0006,-0.2663,-0.5196
1173,1.173,-0.2422,-0.0043,-0.1278,0.0144,-0.3786,-0.9168
1174,1.174,-0.185,-0.0251,-0.1492,0.0335,-0.1547,-0.5472
1175,1.175,-0.1958,-0.0113,-0.1169,0.0312,0.0545,0.0789
1176,1.176,-0.1299,-0.0041,-0.0523,0.011,0.0821,0.1656
1177,1.177,-0.0528,-0.002,-0.0263,0.0137,0.107,0.244
1178,1.178,0.0195,0.0081,0.0285,0.0309,0.1295,0.3148
1179,1.179,0.0473,0.0174,0.05,0.0375,0.1093,0.2512
1180,1.18,0.0381,0.0054,0.0437,0.0395,0.1647,0.3096
1181,1.181,0.0297,-0.0023,0.0612,0.0264,0.4171,0.8907
1182,1.182,-0.0631,0.0185,0.0772,0.0043,0.2367,0.659
1183,1.183,-0.1007,0.0575,0.0725,-0.0228,0.0062,0.1657
1184,1.184,-0.043,0.0522,0.0594,-0.063,-0.0839,-0.1557
1185,1.185,-0.0116,0.038,0.0555,-0.0896,-0.1116,-0.215
1186,1.186,0.0549,0.0249,0.0375,-0.1041,-0.1366,-0.2686
1187,1.187,0.0812,0.0211,0.0343,-0.1261,-0.1147,-0.3172
1188,1.188,0.0581,-0.0262,0.0256,-0.1462,-0.1352,-0.1865
1189,1.189,0.0369,-0.0714,0.012,-0.0989,-0.3761,-0.7027
1190,1.19,0.0176,-0.1243,-0.0251,-0.0406,-0.3436,-0.9139
1191,1.191,0.0349,-0.1456,-0.0622,-0.0329,-0.0748,-0.3377
1192,1.192,0.0401,-0.0744,-0.0379,-0.0116,0.1061,0.2055
1193,1.193,0.0543,-0.0081,-0.0245,0.0207,0.0737,0.2771
1194,1.194,0.0761,0.035,0.0118,0.0499,0.1038,0.214
1195,1.195,0.056,0.0272,0.0458,0.087,0.131,0.2727
1196,1.196,0.0449,0.0343,0.0416,0.0822,0.1066,0.2202
1197,1.197,0.0545,0.0406,0.0379,0.0865,0.3081,0.4604
1198,1.198,0.0514,0.0231,0.0854,0.0665,0.3895,0.9411
1199,1.199,0.0592,0.0282,0.1178,0.0117,0.1674,0.4934
1200,1.2,0.0517,0.0137,0.077,0.0194,-0.0421,-0.0312
1201,1.201,0.0448,0.0003,0.0506,0.0122,-0.0699,-0.2437
1202,1.202,0.0304,0.004,0.0169,-0.0072,-0.0949,-0.3088
1203,1.203,0.0135,0.0073,-0.0315,-0.0131,-0.1176,-0.2516
1204,1.204,0.0068,0.017,-0.1025,-0.0292,-0.0977,-0.3048
1205,1.205,-0.0074,-0.0161,-0.1687,-0.0246,-0.1904,-0.3531
1206,1.206,-0.0313,-0.0381,-0.16,-0.0115,-0.443,-1.0084
1207,1.207,-0.0542,-0.0263,-0.1209,-0.0078,-0.2629,-0.7279
1208,1.208,-0.0392,-0.0011,-0.0854,-0.0043,0.0331,-0.131
1209,1.209,-0.0309,-0.0044,-0.0142,-0.0013,0.0733,0.2575
1210,1.21,-0.0085,-0.0074,0.0331,0.0015,0.1098,0.329
1211,1.211,0.0246,-0.0157,0.0589,0.0151,0.1428,0.2658
1212,1.212,0.038,-0.0232,0.0355,0.0126,0.1132,0.3244
1213,1.213,0.05,-0.0078,0.0143,0.0059,0.0862,0.2718
1214,1.214,0.0757,0.0022,-0.0047,0.016,0.3572,0.7043
1215,1.215,0.053,0.0151,-0.0102,0.0252,0.3213,0.8789
1216,1.216,0.0384,0.02,-0.047,0.0133,0.0911,0.2972
1217,1.217,0.0304,0.0276,-0.0129,0.0147,-0.0588,-0.0913
1218,1.218,0.0529,0.0235,0.027,0.0187,-0.0865,-0.1629
1219,1.219,0.0617,0.0146,0.0323,0.0175,-0.1114,-0.2277
1220,1.22,0.0644,0.0113,0.0081,0.0143,-0.1339,-0.2865
1221,1.221,0.0471,0.0122,-0.0051,0.009,-0.0732,-0.2343
1222,1.222,0.0403,0.0056,-0.009,0.0136,-0.277,-0.4746
1223,1.223,0.0462,-0.0023,-0.0127,0.0144,-0.4126,-0.9552
1224,1.224,0.0479,0.009,-0.0096,0.0091,-0.1906,-0.5074
1225,1.225,0.0461,0.0289,-0.0068,0.0083,0.0187,0.0172
1226,1.226,0.0291,0.026,0.0179,0.0066,0.1006,0.2296
1227,1.227,0.0358,0.0283,0.0212,0.0025,0.1255,0.2945
1228,1.228,0.0053,0.0347,0.0422,-0.0054,0.1481,0.2371
1229,1.229,-0.0607,0.0244,0.0343,-0.0044,0.0875,0.2906
1230,1.23,-0.2027,0.0039,0.0223,-0.0055,0.1802,0.2429
1231,1.231,-0.3448,-0.0154,0.0115,-0.0029,0.4327,0.8982
1232,1.232,-0.363,-0.0428,0.0018,-0.0055,0.2525,0.6178
1233,1.233,-0.3125,-0.0975,-0.0035,-0.0077,0.0222,0.1912
1234,1.234,-0.2359,-0.0585,0.0052,0,-0.0678,-0.1974
1235,1.235,-0.2495,-0.0089,0.0128,-0.0072,-0.0952,-0.2688
1236,1.236,-0.1356,-0.0283,0.0058,-0.0099,-0.12,-0.3335
1237,1.237,-0.0283,-0.0226,0.0094,-0.0056,-0.1425,-0.2761
1238,1.238,0.0692,-0.0174,0.0059,-0.0033,-0.1222,-0.2237
1239,1.239,0.0818,-0.0128,0.0005,-0.011,-0.3629,-0.7523
1240,1.24,0.0933,-0.0086,-0.0137,-0.0203,-0.3302,-0.8231
1241,1.241,0.1035,0.0112,-0.0323,-0.0088,-0.0613,-0.247
1242,1.242,0.1128,0.0219,-0.0299,-0.004,0.0477,0.1414
1243,1.243,0.104,0.012,-0.0143,-0.0051,0.0812,0.2132
1244,1.244,0.1116,0.0091,-0.012,-0.0084,0.1113,0.278
1245,1.245,0.1042,0.0339,0.0049,-0.0048,0.1388,0.3366
1246,1.246,0.0846,0.0438,0.003,-0.0034,0.0653,0.1787
1247,1.247,0.0785,0.0289,0.0051,-0.0004,0.3119,0.5152
1248,1.248,0.0622,0.0371,-0.0004,-0.0009,0.4107,0.9085
1249,1.249,0.057,0.0394,-0.002,0.0014,0.1421,0.539
1250,1.25,0.0433,0.0329,-0.0034,0.005,-0.0389,0.009
1251,1.251,0.031,0.0228,-0.0075,0.0045,-0.0722,-0.2033
1252,1.252,0.0198,0.0023,-0.0039,-0.0043,-0.1023,-0.2682
1253,1.253,-0.03,-0.0388,0.0085,-0.0106,-0.1296,-0.3268
1254,1.254,-0.0796,-0.0917,0.0338,-0.0096,-0.1052,-0.2745
1255,1.255,-0.0341,-0.0561,0.0664,-0.0001,-0.1724,-0.3228
1256,1.256,-0.0512,-0.0109,0.0706,0.0012,-0.437,-0.8909
1257,1.257,-0.0244,-0.0052,0.0903,0.0046,-0.2568,-0.6592
1258,1.258,0.0096,0.0106,0.0866,0.0057,-0.0263,-0.1659
1259,1.259,0.0316,0.0248,0.0567,0.0104,0.1235,0.1556
1260,1.26,0.0278,0.0291,-0.0034,0.008,0.097,0.2148
1261,1.261,0.0243,0.0251,-0.081,-0.0003,0.1219,0.2684
1262,1.262,0.0166,0.0213,-0.1438,-0.0031,0.1181,0.2904
1263,1.263,0.0002,0.0034,-0.1541,-0.02,0.096,0.2426
1264,1.264,0.0032,0.0004,-0.1446,-0.0025,0.4012,0.7232
1265,1.265,0.0224,-0.0201,-0.1187,-0.0089,0.3577,0.7875
1266,1.266,0.0348,-0.0226,-0.0795,-0.0188,0.0796,0.2639
1267,1.267,0.0414,-0.0151,-0.0153,-0.0093,-0.1014,-0.0893
1268,1.268,0.0392,-0.0038,-0.0065,-0.0007,-0.1347,-0.1548
1269,1.269,0.0373,0.0024,-0.0141,0.0071,-0.1053,-0.2138
1270,1.27,0.0456,0.0081,0.0644,0.0086,-0.1327,-0.3727
1271,1.271,0.0285,0.0065,0.1166,0.02,-0.1083,-0.3251
1272,1.272,0.0218,0.0082,0.1073,0.0307,-0.31,-0.5438
1273,1.273,0.0196,0.0013,0.0987,0.0377,-0.3913,-0.9014
1274,1.274,0.0251,0.0002,0.0755,0.0314,-0.1694,-0.469
1275,1.275,0.0198,0.0014,0.0401,0.0236,0.0399,0.0554
1276,1.276,0.0058,0.0088,-0.0182,0.0205,0.1217,0.2678
1277,1.277,-0.0037,0.008,-0.0571,0.0196,0.0976,0.2048
1278,1.278,-0.0225,0.0056,-0.0784,0.0205,0.1202,0.2635
1279,1.279,-0.0499,0.005,-0.1107,0.0182,0.1001,0.3167
1280,1.28,-0.0466,0.0115,-0.0815,0.0089,0.1927,0.2689
1281,1.281,-0.0239,0.0074,-0.0442,-0.0101,0.4115,0.8368
1282,1.282,-0.0572,0.0081,0.0189,-0.0349,0.2625,0.7598
1283,1.283,-0.0882,-0.0025,0.0967,-0.0514,-0.0363,0.1256
1284,1.284,-0.0682,-0.0255,0.1488,-0.0663,-0.0766,-0.1313
1285,1.285,-0.0351,-0.0222,0.1394,-0.0473,-0.1131,-0.2099
1286,1.286,0.0226,-0.0133,0.1307,-0.0402,-0.1463,-0.281
1287,1.287,0.0464,-0.0051,0.0916,-0.0156,-0.1168,-0.2177
1288,1.288,0.0399,0.0024,0.0274,-0.006,-0.09,-0.1601
1289,1.289,0.0599,0.0003,-0.0159,0.0027,-0.361,-0.7412
1290,1.29,0.078,0.0025,-0.0864,0.0106,-0.3252,-0.819
1291,1.291,0.0733,0.0009,-0.1339,-0.0167,-0.0951,-0.3264
1292,1.292,0.0785,0.0028,-0.1598,-0.0496,0.1142,0.123
1293,1.293,0.0745,-0.0016,-0.1207,-0.0541,0.0877,0.1825
1294,1.294,0.0629,-0.0001,-0.0852,-0.0262,0.1125,0.236
1295,1.295,0.0596,0.0088,-0.0268,-0.0007,0.1351,0.2846
1296,1.296,0.0566,0.0057,0.0123,0.0157,0.0743,0.2414
1297,1.297,0.0479,0.0048,0.0195,0.0607,0.278,0.44
1298,1.298,0.0617,-0.0015,0.0389,0.093,0.4137,0.9094
1299,1.299,0.0245,-0.0092,0.0449,0.0987,0.1426,0.4618
1300,1.3,-0.0555,-0.0082,0.0398,0.0828,-0.0385,-0.0628
1301,1.301,-0.1591,-0.0145,0.0255,0.0391,-0.072,-0.2752
1302,1.302,-0.34,-0.017,0.03,0.0216,-0.1021,-0.2123
1303,1.303,-0.4139,-0.007,0.0263,0.0057,-0.1295,-0.271
1304,1.304,-0.3469,0.0082,0.0518,-0.0575,-0.1052,-0.2186
1305,1.305,-0.2048,0.0388,0.0551,-0.049,-0.1724,-0.267
1306,1.306,-0.1124,0.0873,0.0524,-0.0258,-0.437,-0.9222
1307,1.307,0.0052,0.0938,0.0606,-0.0045,-0.2567,-0.6418
1308,1.308,0.051,0.0764,0.0335,-0.0239,-0.0263,-0.0447
1309,1.309,0.0371,0.0178,0.03,-0.0415,0.1235,0.189
1310,1.31,0.0748,-0.0527,0.0202,-0.0681,0.097,0.2605
1311,1.311,0.0634,-0.1382,-0.0068,-0.044,0.1219,0.3253
1312,1.312,0.0323,-0.1268,-0.025,-0.0485,0.1445,0.2679
1313,1.313,0.0606,-0.0958,-0.0481,-0.0525,0.1244,0.2154
1314,1.314,0.0691,-0.0674,-0.0753,-0.0418,0.3653,0.648
1315,1.315,0.1081,-0.0243,-0.0861,-0.0254,0.3327,0.8228
1316,1.316,0.1151,0.0147,-0.0762,-0.0106,0.064,0.3468
1317,1.317,0.1086,0.0218,-0.0849,0.003,-0.0448,-0.1025
1318,1.318,0.1143,0.0284,-0.0436,0.0202,-0.0781,-0.2781
1319,1.319,0.0983,0.0229,-0.0141,0.0313,-0.1082,-0.3316
1320,1.32,0.074,0.0178,-0.0087,0.0454,-0.1354,-0.2841
1321,1.321,0.0519,0.0226,0.0059,0.0546,-0.1109,-0.2409
1322,1.322,0.0479,0.0095,-0.0071,0.0595,-0.2677,-0.5187
1323,1.323,0.0513,0.0056,-0.0189,0.0518,-0.4101,-0.9159
1324,1.324,0.0413,0.0092,-0.0081,0.0447,-0.1691,-0.5461
1325,1.325,0.0382,0.0124,0.0148,0.0255,0.0615,0.08
1326,1.326,0.0353,0.0153,0.0597,0.0171,0.0921,0.1669
1327,1.327,0.0328,0.0181,0.0788,0.0045,0.1197,0.2453
1328,1.328,0.0215,0.0108,0.0377,0.0021,0.1447,0.3163
1329,1.329,0.0111,0.0042,0.011,-0.0001,0.1228,0.2529
1330,1.33,-0.0096,0.0062,-0.0133,0.0127,0.1839,0.3114
1331,1.331,-0.0399,0.0081,-0.0265,0.0177,0.4249,0.8927
1332,1.332,-0.0761,0.0063,-0.0066,0.019,0.261,0.6611
1333,1.333,-0.1101,0.0048,-0.0029,0.0259,-0.008,0.168
1334,1.334,-0.0972,-0.0049,0.0402,0.0247,-0.1167,-0.1533
1335,1.335,-0.1012,-0.0087,0.0576,0.0257,-0.0843,-0.2123
1336,1.336,-0.0905,-0.0143,0.0523,0.0162,-0.1143,-0.2656
1337,1.337,-0.0874,-0.0154,0.0667,0.0226,-0.1415,-0.3142
1338,1.338,-0.0484,-0.0181,0.0093,0.0101,-0.117,-0.1835
1339,1.339,-0.0006,-0.019,0.0013,-0.0152,-0.3634,-0.6996
1340,1.34,0.0316,-0.0091,0.0083,-0.0405,-0.3307,-0.9107
1341,1.341,0.0488,0.0061,-0.0503,-0.0634,-0.1217,-0.3345
1342,1.342,0.054,0.0122,-0.0273,-0.0783,0.0688,0.209
1343,1.343,0.0586,0.0214,0.0079,-0.0863,0.094,0.2807
1344,1.344,0.0542,0.0197,-0.0117,-0.049,0.1167,0.2177
1345,1.345,0.0342,0.0121,-0.053,-0.0329,0.1373,0.2765
1346,1.346,0.0161,0.0134,-0.0797,-0.0375,0.082,0.2242
1347,1.347,0.0193,0.0096,-0.0845,-0.0154,0.2671,0.4648
1348,1.348,0.022,0.0063,-0.0361,-0.0033,0.3905,0.9457
1349,1.349,0.0245,0.001,-0.0168,0.015,0.1887,0.4983
1350,1.35,0.0266,-0.0036,-0.0227,0.0119,-0.0559,-0.026
1351,1.351,0.0197,-0.0012,-0.0176,0.0149,-0.0895,-0.2381
1352,1.352,0.0091,-0.0006,-0.0034,0.0287,-0.1196,-0.3029
1353,1.353,0.0029,0.0001,0.0007,0.0216,-0.147,-0.2452
1354,1.354,-0.006,0.0017,0.0124,0.0239,-0.1228,-0.2982
1355,1.355,-0.0077,0.0105,0.0158,0.0179,-0.19,-0.2501
1356,1.356,-0.0284,-0.0009,0.0253,0.0198,-0.414,-0.9051
1357,1.357,-0.043,0.0007,0.0042,0.0216,-0.2651,-0.6244
1358,1.358,-0.0781,0.0215,0.0065,0.0111,-0.0206,-0.1973
1359,1.359,-0.082,0.0485,-0.0162,-0.0069,0.0785,0.1915
1360,1.36,-0.0415,0.0448,0.0042,-0.0044,0.1087,0.2632
1361,1.361,-0.0143,0.0545,0.0394,-0.0021,0.136,0.328
1362,1.362,0.0104,0.0093,0.0148,0.0083,0.1116,0.2707
1363,1.363,0.002,-0.0197,0.0081,0.0024,0.1088,0.2087
1364,1.364,0.0068,-0.0262,-0.0055,-0.0067,0.3553,0.6844
1365,1.365,-0.0129,-0.0792,-0.0177,-0.0082,0.3225,0.8769
1366,1.366,-0.009,-0.129,-0.0215,-0.0004,0.1135,0.3534
1367,1.367,-0.0055,-0.1354,-0.0186,0.0094,-0.077,-0.14
1368,1.368,-0.0024,-0.0707,-0.0041,0.0286,-0.1022,-0.2052
1369,1.369,0.0005,-0.0103,0.0037,0.0315,-0.125,-0.2637
1370,1.37,0.0079,0.0288,0.0406,0.0294,-0.1051,-0.3167
1371,1.371,0.0147,0.0217,0.0668,0.0362,-0.087,-0.1727
1372,1.372,0.0127,0.0153,0.0809,0.0505,-0.2722,-0.4783
1373,1.373,0.0071,0.0095,0.0587,0.0711,-0.3957,-0.9151
1374,1.374,0.0087,0.0147,0.0305,0.0685,-0.1941,-0.5082
1375,1.375,0.001,0.0099,0.0267,0.0313,0.0505,0.0746
1376,1.376,0.0049,0.0231,-0.01,0.0155,0.0839,0.1537
1377,1.377,0.0061,0.0112,-0.0541,0.0107,0.0544,0.2251
1378,1.378,0.0071,0.0148,-0.0603,-0.0201,0.1358,0.2899
1379,1.379,0.0166,0.0246,-0.0343,-0.0561,0.1113,0.2326
1380,1.38,0.0356,0.0216,-0.0492,-0.0418,0.1785,0.2858
1381,1.381,0.0438,0.0135,-0.0893,-0.0726,0.443,0.9107
1382,1.382,0.0265,0.0111,-0.0094,-0.0765,0.2627,0.6559
1383,1.383,0.0198,0.0088,0.0251,-0.0801,0.0323,0.1134
1384,1.384,0.0259,0.0148,0.0147,-0.0704,-0.0579,-0.2397
1385,1.385,0.0352,0.0129,-0.0138,-0.0434,-0.0856,-0.1768
1386,1.386,0.0336,0.0145,-0.0399,-0.0253,-0.1105,-0.2355
1387,1.387,0.0444,0.0129,-0.0323,-0.0024,-0.1331,-0.2888
1388,1.388,0.06,0.0142,-0.0396,0.0124,-0.113,-0.241
1389,1.389,0.0297,-0.0048,-0.0076,-0.0124,-0.3539,-0.7216
1390,1.39,-0.0098,-0.0022,0.0332,0.0105,-0.3213,-0.9139
1391,1.391,-0.036,-0.0095,0.0491,0.0075,-0.1124,-0.2742
1392,1.392,-0.06,-0.0074,0.0732,-0.0338,0.0779,0.1531
1393,1.393,-0.0818,-0.0013,0.0599,-0.0282,0.103,0.2319
1394,1.394,-0.0855,0.0117,-0.0003,0.0089,0.1257,0.3029
1395,1.395,-0.038,-0.0036,-0.009,0.0135,0.1463,0.2394
1396,1.396,0.0333,0.0025,-0.0169,0.009,0.091,0.1816
1397,1.397,0.0427,0.0005,-0.0384,0.0128,0.2762,0.4458
1398,1.398,0.0686,0.0055,-0.0192,0.0235,0.3995,0.8784
1399,1.399,0.0764,0.004,-0.0019,0.0136,0.1977,0.4717
1400,1.4,0.0976,-0.0002,0.0138,-0.0073,-0.0469,-0.0055
1401,1.401,0.0783,-0.009,0.0184,-0.0322,-0.0803,-0.1992
1402,1.402,0.0608,-0.0081,-0.0125,-0.0291,-0.1104,-0.2584
1403,1.403,0.002,-0.0051,-0.0163,-0.0084,-0.1377,-0.3121
1404,1.404,-0.0842,-0.0078,0.0092,0.0106,-0.1134,-0.2646
1405,1.405,-0.1189,-0.0036,0.0589,0.0081,-0.1806,-0.3088
1406,1.406,-0.2128,-0.0043,0.0662,0.0146,-0.4044,-0.9045
1407,1.407,-0.2759,-0.0064,0.0212,0.0166,-0.2554,-0.6499
1408,1.408,-0.2183,-0.0022,0.0271,0.0034,-0.0108,-0.1073
1409,1.409,-0.0617,-0.0027,0.0221,-0.0187,0.0884,0.2458
1410,1.41,0.0055,-0.0032,0.008,-0.0159,0.1188,0.3107
1411,1.411,0.0259,-0.0002,-0.0137,-0.0133,0.0921,0.2532
1412,1.412,0.0445,0.0062,-0.0173,-0.0009,0.1169,0.3062
1413,1.413,0.0613,0.0052,-0.0424,0.0194,0.0948,0.162
1414,1.414,0.0766,0.006,-0.0586,0.0167,0.3595,0.7297
1415,1.415,0.0627,-0.0041,-0.0377,0.019,0.3237,0.807
1416,1.416,0.0501,-0.0083,0.0035,0.0078,0.0937,0.3141
1417,1.417,0.0385,-0.0021,0.0446,0.0097,-0.056,-0.2633
1418,1.418,0.0073,0.001,0.0396,0.0152,-0.0836,-0.3425
1419,1.419,0.0166,-0.0042,0.0351,0.0236,-0.1084,-0.2736
1420,1.42,0.0424,-0.0106,0.0134,0.022,-0.1309,-0.2106
1421,1.421,0.0813,-0.0063,0.0019,0.026,-0.07,-0.1534
1422,1.422,0.074,0.0008,-0.0158,0.0247,-0.2737,-0.418
1423,1.423,0.0803,-0,-0.0057,0.0214,-0.4092,-0.9471
1424,1.424,0.0743,-0.0042,0.0336,0.0183,-0.1873,-0.4554
1425,1.425,0.0154,-0.0034,0.1137,0.0156,0.0221,-0.0065
1426,1.426,-0.024,-0.0083,0.1482,0.0061,0.104,0.2855
1427,1.427,-0.074,-0.0099,0.1171,0.0022,0.129,0.2335
1428,1.428,-0.0807,-0.0046,0.0317,-0.0011,0.107,0.2819
1429,1.429,-0.04,-0.0025,-0.0947,0.0018,0.087,0.2384
1430,1.43,-0.003,0.0045,-0.1785,0.008,0.1797,0.278
1431,1.431,-0.0079,0.0038,-0.1935,0.0087,0.3986,0.8189
1432,1.432,-0.0124,0.008,-0.1238,-0.0029,0.2497,0.7418
1433,1.433,-0.0243,0.0133,-0.0605,0.0021,0.0052,0.1075
1434,1.434,-0.0134,0.0154,-0.0027,0.0006,-0.094,-0.1498
1435,1.435,-0.0629,0.006,0.0079,-0.009,-0.1242,-0.2286
1436,1.436,-0.1269,0.002,0.0553,-0.0202,-0.0974,-0.2998
1437,1.437,-0.0666,0.0032,0.0467,-0.0246,-0.122,-0.2366
1438,1.438,-0.012,0.0065,-0.0552,-0.0204,-0.0998,-0.1792
1439,1.439,0.0093,0.0096,-0.0967,-0.0012,-0.3644,-0.655
1440,1.44,0.0415,0.005,-0.0587,0.0016,-0.3286,-0.8475
1441,1.441,0.0589,0.0008,-0.0238,-0.0055,-0.0984,-0.3242
1442,1.442,0.0536,0.0002,0.0287,0.0013,0.0513,0.1694
1443,1.443,0.0391,0.0023,0.0196,0.0075,0.079,0.2346
1444,1.444,0.0433,0.0065,0.0286,0.0057,0.1038,0.2933
1445,1.445,0.0551,0.0095,0.0521,0.0211,0.1265,0.2409
1446,1.446,0.0585,0.0018,0.0309,0.0192,0.1063,0.193
1447,1.447,0.0487,-0.0059,0.076,0.0361,0.2729,0.4114
1448,1.448,0.0458,-0.0048,0.1289,0.0428,0.385,0.9276
1449,1.449,0.0321,-0.002,0.1076,0.0287,0.161,0.576
1450,1.45,0.0248,-0.0028,0.0233,0.0008,-0.0483,-0.0011
1451,1.451,0.0226,0.001,-0.0341,-0.011,-0.0762,-0.235
1452,1.452,0.0204,-0.001,-0.0653,-0.0146,-0.1011,-0.3064
1453,1.453,-0.0039,-0.0079,-0.0748,-0.0245,-0.1239,-0.2432
1454,1.454,-0.047,-0.0033,-0.0661,-0.0393,-0.1039,-0.3018
1455,1.455,-0.0765,-0.0057,-0.0426,-0.0312,-0.1596,-0.2494
1456,1.456,-0.1033,-0.0005,-0.0495,-0.0139,-0.4121,-0.8742
1457,1.457,-0.1083,0.0003,-0.0556,-0.0294,-0.232,-0.7896
1458,1.458,-0.0777,0.0046,-0.0729,-0.0395,-0.0018,-0.0922
1459,1.459,-0.0338,0.0041,-0.0357,-0.0525,0.0882,0.1904
1460,1.46,-0.0162,0.0078,-0.0309,-0.0575,0.1157,0.2766
1461,1.461,0.0001,0.0109,-0.0265,-0.059,0.1404,0.3546
1462,1.462,0.0247,0.0081,0.0336,-0.0381,0.1182,0.2847
1463,1.463,0.0472,0.0031,0.1112,-0.0109,0.0979,0.2211
1464,1.464,0.055,0.003,0.0606,0.0171,0.3668,0.6689
1465,1.465,0.0592,-0.0018,0.0293,0.0137,0.3485,0.8435
1466,1.466,0.0559,-0.0001,0.0008,0.0367,0.0956,0.3674
1467,1.467,0.0463,-0.0017,-0.0253,0.0456,-0.0855,-0.082
1468,1.468,0.0376,-0.0001,-0.0489,0.0319,-0.119,-0.2579
1469,1.469,0.0514,-0.0004,-0.0421,0.0196,-0.1492,-0.3117
1470,1.47,0.0443,-0.0024,-0.0099,0.0262,-0.1225,-0.2643
1471,1.471,0.0422,-0.0033,0.0075,0.012,-0.0982,-0.221
1472,1.472,0.0443,-0.005,0.0341,-0.0011,-0.2551,-0.4989
1473,1.473,0.0389,0.0001,0.068,-0.0265,-0.3976,-1.0403
1474,1.474,0.0271,-0.0062,0.1166,-0.0157,-0.194,-0.6535
1475,1.475,0.0378,-0.0054,0.0843,0.0272,0.0506,-0.019
1476,1.476,0.0226,-0.0106,0.0198,0.0329,0.084,0.2378
1477,1.477,0.0083,-0.0085,-0.0406,0.0381,0.1141,0.3163
1478,1.478,-0.0161,-0.0102,-0.0484,0.0236,0.1414,0.2468
1479,1.479,-0.0657,-0.0061,-0.0412,0.0103,0.117,0.3113
1480,1.48,-0.1013,-0.0086,-0.0349,-0.0016,0.1842,0.2535
1481,1.481,-0.1206,-0.0017,-0.0176,0.0018,0.408,0.8348
1482,1.482,-0.1498,0.0014,-0.0019,-0.0281,0.259,0.7579
1483,1.483,-0.1444,0.0006,0.0027,-0.0481,0.0144,0.124
1484,1.484,-0.1006,-0.0019,0.0687,-0.0517,-0.0848,-0.1331
1485,1.485,-0.024,-0.0104,0.1159,-0.042,-0.1747,-0.2117
1486,1.486,0.0071,-0.0001,0.0728,-0.0151,-0.148,-0.2825
1487,1.487,0.0166,0.0013,0.0183,-0.0043,-0.1238,-0.3471
1488,1.488,0.008,0.005,-0.0882,-0.0077,-0.1016,-0.1732
1489,1.489,-0.0309,0.0082,-0.1339,-0.0049,-0.3663,-0.6487
1490,1.49,-0.0238,-0.0013,-0.12,0.0087,-0.3304,-0.841
1491,1.491,0.0214,-0.0102,-0.1075,0.016,-0.1004,-0.3175
1492,1.492,0.0388,-0.0112,-0.0729,0.0181,0.109,0.1762
1493,1.493,0.0439,-0.0082,0,0.016,0.0825,0.2416
1494,1.494,0.0485,-0.0037,0.0664,0.0179,0.1565,0.3003
1495,1.495,0.0527,-0.0029,0.1096,0.0229,0.1345,0.2481
1496,1.496,0.0406,-0.0036,0.1023,0.0335,0.1144,0.2003
1497,1.497,0.0439,-0.003,0.0672,0.0294,0.2811,0.4188
1498,1.498,0.0404,0.0052,0.0353,0.0381,0.3933,0.9352
1499,1.499,0.0313,0.0106,0.0065,0.0413,0.1694,0.5837
1500,1.5,0.0335,0.0075,0.0332,0.036,-0.0398,0.0067
1501,1.501,0.0404,0.0082,0.0285,0.0314,-0.0675,-0.2271
1502,1.502,0.0378,0.0056,-0.0377,0.0184,-0.0924,-0.2985
1503,1.503,0.0189,0.0033,-0.085,-0.0022,-0.1149,-0.2353
1504,1.504,0.0161,0.0139,-0.1108,-0.005,-0.1354,-0.2938
1505,1.505,0.018,0.0062,-0.134,-0.0174,-0.1539,-0.2414
1506,1.506,0.0076,0.0047,-0.0271,-0.0063,-0.4064,-0.8661
1507,1.507,-0.0203,-0.0041,0.0189,-0.0206,-0.2983,-0.7815
1508,1.508,-0.0641,-0.0009,0.0051,-0.0485,-0.0023,-0.0841
1509,1.509,-0.1046,0,0.0177,-0.0524,0.1174,0.1985
1510,1.51,-0.1198,-0.0064,-0.0167,-0.0489,0.0819,0.2847
1511,1.511,-0.153,-0.009,0.0144,-0.0391,0.115,0.2081
1512,1.512,-0.1041,0.0009,0.0617,-0.0242,0.1451,0.2787
1513,1.513,-0.0194,0.0022,0.0704,-0.0269,0.1182,0.2151
1514,1.514,0.0384,-0.0042,0.0315,-0.0096,0.3401,0.6218
1515,1.515,0.049,-0.0074,0.1243,0.0017,0.3105,0.8861
1516,1.516,0.0588,-0.0065,0.1876,0.0078,0.1205,0.3571
1517,1.517,0.0504,-0.0001,0.1073,0.0023,-0.1019,-0.1367
1518,1.518,0.0429,0.0007,0.0136,-0.0027,-0.0727,-0.2022
1519,1.519,0.0359,0.0076,-0.0999,0.0111,-0.1542,-0.2613
1520,1.52,0.0296,0.0083,-0.1455,0.0205,-0.1299,-0.3149
1521,1.521,0.0239,0.0074,-0.1316,0.0188,-0.1077,-0.2673
1522,1.522,0.0187,0.0021,-0.0685,0.0143,-0.2499,-0.4858
1523,1.523,0.014,0.0014,-0.011,0.0103,-0.4166,-0.9228
1524,1.524,0.0272,0.0018,-0.0005,-0.001,-0.17,-0.5164
1525,1.525,0.031,-0.0035,-0.0098,-0.0056,0.0605,-0.0395
1526,1.526,0.0418,0.0042,-0.0182,0.0042,0.0911,0.1542
1527,1.527,0.0319,0.0031,-0.0572,0.0181,0.1186,0.2136
1528,1.528,0.0047,0.0004,-0.05,0.02,0.1435,0.2673
1529,1.529,-0.0061,-0.0022,-0.0176,0.0183,0.1215,0.2198
1530,1.53,-0.0358,-0.0015,0.0355,0.0013,0.142,0.2638
1531,1.531,-0.0636,-0.0022,0.0711,-0.019,0.42,0.8595
1532,1.532,-0.0598,-0.0026,0.1296,-0.0053,0.2217,0.7748
1533,1.533,-0.0432,-0.0055,0.1219,0.002,0.0409,0.2322
1534,1.534,-0.0039,0.0023,0.0294,0.0042,-0.0582,-0.2614
1535,1.535,0.0122,0.0013,-0.059,0.0022,-0.0884,-0.1986
1536,1.536,0.0172,0.0043,-0.0936,0.0078,-0.1157,-0.2573
1537,1.537,0.0218,0.0035,-0.0834,0.0028,-0.1404,-0.3106
1538,1.538,0.0421,-0.0007,-0.0173,0.0013,-0.1182,-0.1668
1539,1.539,0.0752,0.0015,0.0256,-0.0139,-0.3419,-0.6472
1540,1.54,0.0799,-0.0034,0.0331,-0.0077,-0.3718,-0.8393
1541,1.541,0.084,-0.0029,0.0826,-0.017,-0.1274,-0.3156
1542,1.542,0.095,0.0011,0.063,-0.0118,0.1032,0.1783
1543,1.543,0.0788,0.0026,-0.0254,0.0021,0.0741,0.2439
1544,1.544,0.0702,0.0069,-0.1898,0.0115,0.1016,0.303
1545,1.545,0.0567,0.0085,-0.2121,0.0099,0.1265,0.2509
1546,1.546,0.0545,0.0163,-0.1103,0.0024,0.1044,0.2032
1547,1.547,0.0794,0.0131,-0.0547,0.0066,0.2468,0.4219
1548,1.548,0.0765,0.0079,0.0294,-0.0123,0.3766,0.9384
1549,1.549,0.0496,0.0052,0.1058,-0.0095,0.1914,0.587
1550,1.55,0.0316,0.0077,0.0638,0.0029,-0.031,0.0102
1551,1.551,0.0019,0.0055,0.0257,0.0141,-0.121,-0.2233
1552,1.552,-0.026,0.0006,-0.0092,0.0121,-0.0943,-0.2945
1553,1.553,-0.066,-0.0077,-0.0198,0.0102,-0.119,-0.2311
1554,1.554,-0.146,-0.0155,0.0085,0.0051,-0.0968,-0.2893
1555,1.555,-0.2264,-0.0228,0.017,0.0036,-0.1577,-0.2365
1556,1.556,-0.2993,-0.0237,0.0715,-0.0061,-0.3984,-0.8609
1557,1.557,-0.3656,-0.0108,0.0785,-0.0175,-0.2344,-0.776
1558,1.558,-0.3743,-0.009,0.059,-0.0129,-0.0253,-0.0784
1559,1.559,-0.2571,-0.0006,0.0878,-0.0143,0.111,0.2044
1560,1.56,-0.0386,0.001,0.1456,0.0046,0.087,0.291
1561,1.561,-0.009,0.0023,0.0428,0.0183,0.1096,0.2148
1562,1.562,0.0719,-0.0065,-0.0554,0.011,0.1301,0.2857
1563,1.563,0.0472,-0.0098,-0.0685,-0.0001,0.1118,0.2224
1564,1.564,0.0247,-0.0046,-0.1034,0.0141,0.3642,0.6293
1565,1.565,0.0737,-0.0064,-0.084,0.0123,0.348,0.8608
1566,1.566,0.0938,-0.0019,-0.0943,0.0104,0.0952,0.3851
1567,1.567,0.1122,0.0093,-0.0846,0.0088,-0.0695,-0.0638
1568,1.568,0.0952,0.0108,-0.0238,-0.0018,-0.0999,-0.2393
1569,1.569,0.1103,0.0011,0.0472,-0.0143,-0.1273,-0.2926
1570,1.57,0.1241,0.0074,0.1139,-0.0294,-0.1521,-0.341
1571,1.571,0.0862,0.0151,0.0364,-0.0233,-0.0851,-0.2101
1572,1.572,0.0976,0.0181,-0.0156,-0.014,-0.2275,-0.4086
1573,1.573,0.0872,0.0077,-0.0439,-0.0089,-0.4313,-0.9498
1574,1.574,0.0966,-0.0049,-0.0525,-0.0164,-0.1872,-0.7175
1575,1.575,0.088,-0.01,-0.0601,0.0044,0.0432,-0.0828
1576,1.576,0.0489,-0.0115,-0.0529,0.0193,0.0737,0.1744
1577,1.577,-0.0151,-0.0075,-0.072,0.022,0.1011,0.2531
1578,1.578,-0.0583,-0.0113,-0.0191,0.0293,0.1259,0.3242
1579,1.579,-0.0818,-0.0216,-0.0405,0.009,0.1038,0.2609
1580,1.58,-0.1175,-0.0203,0.0045,-0.0157,0.1648,0.3195
1581,1.581,-0.0855,-0.0141,0.0336,-0.0125,0.4056,0.9009
1582,1.582,-0.0093,0.0008,0.0388,-0.0333,0.2416,0.6695
1583,1.583,0.0216,0.0028,0.1019,-0.0196,0.0324,0.1767
1584,1.584,0.0119,0.0046,0.1279,0.0027,-0.1039,-0.1446
1585,1.585,0.0375,0.0063,0.0886,0.0115,-0.0798,-0.2039
1586,1.586,0.014,0.0109,0.0669,0.0087,-0.1024,-0.2571
1587,1.587,-0.0076,0.0095,0.0343,-0.0037,-0.123,-0.3057
1588,1.588,0.0114,0.0007,0.0048,-0.0015,-0.1047,-0.175
1589,1.589,0.0285,-0.0004,0.0313,0.0005,-0.3571,-0.6911
1590,1.59,0.0335,0.0111,0.0652,-0.0051,-0.3214,-0.9021
1591,1.591,0.0285,0.0096,0.061,0.0034,-0.0913,-0.3261
1592,1.592,0.015,0.0082,0.0013,-0.0043,0.0584,0.0625
1593,1.593,0.0028,0.007,-0.0414,-0.0225,0.0862,0.275
1594,1.594,-0.0157,-0.0008,-0.1273,-0.0298,0.1111,0.3398
1595,1.595,-0.039,0.0044,-0.1387,-0.0186,0.1337,0.2825
1596,1.596,-0.0603,0.0071,-0.0657,-0.0002,0.1136,0.2302
1597,1.597,-0.0361,0.0096,-0.0181,0.0022,0.2802,0.4706
1598,1.598,-0.0068,0.0102,0.0943,0.0045,0.3924,0.9513
1599,1.599,0.0126,0.0038,0.1711,0.0106,0.1685,0.5037
1600,1.6,0.0012,-0.0021,0.0463,0.0161,-0.0407,-0.0207
1601,1.601,-0.0092,0.0016,-0.0375,0.0144,-0.1226,-0.2331
1602,1.602,-0.0186,0.0023,-0.0831,0.019,-0.1475,-0.2981
1603,1.603,-0.0163,-0.0035,-0.1247,0.0176,-0.1701,-0.357
1604,1.604,-0.0189,-0.0041,-0.0871,0.0113,-0.1093,-0.3047
1605,1.605,-0.0122,-0.0021,0.0161,0.0057,-0.1278,-0.257
1606,1.606,0.0188,-0.0078,0.0854,0.0087,-0.3803,-0.8251
1607,1.607,0.0414,-0.0071,0.2244,0.0023,-0.2723,-0.7482
1608,1.608,0.0618,-0.0077,0.4282,0.0048,0.0237,-0.1142
1609,1.609,0.0729,0.0018,0.3472,0.0027,0.1434,0.1429
1610,1.61,0.0634,0.0032,0.224,0.002,0.1078,0.2213
1611,1.611,0.0491,0.0021,0.0222,0.0037,0.1409,0.2923
1612,1.612,0.0415,-0.0056,-0.0592,0.0125,0.1114,0.3566
1613,1.613,0.0397,-0.0045,-0.1825,0.0113,0.0845,0.1825
1614,1.614,0.0247,-0.0018,-0.2947,0.0145,0.3555,0.658
1615,1.615,0.011,-0.0042,-0.3967,-0.0012,0.3196,0.8501
1616,1.616,-0.0015,-0.002,-0.4895,-0.0215,0.0895,0.3265
1617,1.617,-0.0263,-0.0012,-0.4391,-0.0188,-0.0603,-0.1673
1618,1.618,-0.0512,0.0083,-0.3624,-0.0016,-0.088,-0.2329
1619,1.619,-0.0539,0.0125,-0.1534,0.005,-0.1129,-0.292
1620,1.62,-0.0865,0.0188,-0.004,0.0029,-0.1355,-0.24
1621,1.621,-0.0906,0.0156,0.0235,-0.0101,-0.1153,-0.1925
1622,1.622,-0.0864,-0,0.0974,-0.0017,-0.245,-0.4112
1623,1.623,-0.1043,-0.0066,0.0751,-0.0002,-0.3965,-0.9277
1624,1.624,-0.1139,-0.0045,0.055,-0.0127,-0.1726,-0.5765
1625,1.625,-0.0807,-0.0063,0.0734,-0.0245,0.0366,0.0002
1626,1.626,-0.0319,0.0022,0.1238,-0.0015,0.1185,0.2338
1627,1.627,0.0266,-0.0053,0.2003,0.0084,0.0944,0.3051
1628,1.628,0.0345,-0.0012,0.2143,-0.0004,0.117,0.2418
1629,1.629,0.0559,0,0.2018,-0.0031,0.0969,0.3004
1630,1.63,0.0625,-0.0031,0.1213,-0.0007,0.1524,0.2479
1631,1.631,0.0568,-0.0083,0.0692,-0.003,0.405,0.8725
1632,1.632,0.0728,-0.0055,0.0028,0.0031,0.297,0.7878
1633,1.633,0.0682,-0.0063,0.1147,0.0049,0.0011,0.245
1634,1.634,0.064,-0.0025,0.1603,0.0168,-0.1185,-0.2489
1635,1.635,0.0602,-0.0073,0.0906,0.0213,-0.083,-0.1864
1636,1.636,0.0639,-0.0003,0.0273,0.0032,-0.1161,-0.2453
1637,1.637,0.0805,0.0063,-0.0304,-0.0191,-0.1461,-0.2988
1638,1.638,0.0597,0.0004,-0.0828,-0.0104,-0.065,-0.2513
1639,1.639,0.0517,0.0105,-0.1685,0.0033,-0.3361,-0.6446
1640,1.64,0.0445,0.0092,-0.1802,0.0156,-0.3724,-0.9094
1641,1.641,0.0424,0.0056,-0.1907,0.0134,-0.1423,-0.3806
1642,1.642,0.0159,0.0025,-0.1436,0.0033,0.0671,0.1129
1643,1.643,0.0195,0.0035,-0.0662,-0.0172,0.0947,0.1781
1644,1.644,0.0559,0.01,0.0066,-0.0145,0.1195,0.2368
1645,1.645,0.0606,0.0041,-0.0031,-0.0218,0.1421,0.2902
1646,1.646,0.0561,0.0035,-0.012,-0.0329,0.0814,0.2426
1647,1.647,0.0598,-0.0058,0.0111,-0.0186,0.248,0.4611
1648,1.648,0.0633,-0.002,0.0322,-0.0018,0.405,0.8978
1649,1.649,0.0534,-0.0097,0.0257,0.0095,0.181,0.4911
1650,1.65,0.0143,-0.0127,0.0431,0.0157,-0.0284,0.014
1651,1.651,-0.0658,-0.0135,0.0907,0.0213,-0.1103,-0.1797
1652,1.652,-0.1924,-0.0126,0.1872,0.0129,-0.1353,-0.2389
1653,1.653,-0.3102,-0.0178,0.2837,0.0023,-0.1133,-0.2925
1654,1.654,-0.4786,-0.0129,0.1441,-0.0017,-0.0933,-0.2452
1655,1.655,-0.5009,-0.0046,-0.0231,-0.0054,-0.1489,-0.2893
1656,1.656,-0.2364,-0.0035,-0.0906,-0.011,-0.4014,-0.885
1657,1.657,0.016,-0.0005,-0.1517,-0.0225,-0.2935,-0.8004
1658,1.658,0.0487,0.0041,0.0148,-0.0056,0.0024,-0.103
1659,1.659,0.0784,0.0033,0.0819,0.0055,0.1221,0.1795
1660,1.66,0.1053,0.0027,0.0206,0.0157,0.0866,0.2659
1661,1.661,0.0807,0.0007,-0.0356,0.0026,0.1197,0.3437
1662,1.662,0.0582,0.0065,-0.0197,-0.0025,0.1496,0.2741
1663,1.663,0.0782,-0.002,0.0559,-0.0009,0.1226,0.2105
1664,1.664,0.0596,0.0036,0.0136,0.006,0.3443,0.6172
1665,1.665,0.0426,0.0089,-0.126,0.0097,0.3742,0.8817
1666,1.666,0.0388,0.0109,-0.268,0.0146,0.0997,0.3612
1667,1.667,0.0538,0.0083,-0.2501,0.0021,-0.0907,-0.0728
1668,1.668,0.0673,0.004,-0.2,0.0004,-0.1159,-0.2488
1669,1.669,0.0795,0.0034,-0.1236,0.0051,-0.1386,-0.3024
1670,1.67,0.0447,0.0054,0.0017,0.001,-0.1185,-0.255
1671,1.671,0.0341,0.0085,0.0187,0.0099,-0.1003,-0.2116
1672,1.672,0.0433,0.0102,-0.0269,0.0043,-0.2518,-0.4103
1673,1.673,0.0343,0.0044,0.043,-0.0051,-0.3942,-0.9518
1674,1.674,0.0106,-0.0026,0.0558,-0.0114,-0.1905,-0.565
1675,1.675,-0.011,-0.0054,0.0214,-0.0011,0.0541,-0.0714
1676,1.676,-0.0177,-0.0029,-0.0097,0.0003,0.0877,0.2501
1677,1.677,-0.0122,0.0008,0.0188,0.0014,0.1178,0.1933
1678,1.678,-0.0071,-0.0012,0.0446,0.0139,0.1452,0.2469
1679,1.679,0.0072,0.0004,0.0678,0.019,0.0716,0.2954
1680,1.68,0.0203,0.0009,0.1176,0.0113,0.1389,0.2521
1681,1.681,0.0084,-0.0049,0.1887,-0.0068,0.3628,0.8477
1682,1.682,0.0192,-0.0056,0.1602,-0.0092,0.2736,0.7632
1683,1.683,0.0357,-0.0021,0.0307,0.0063,0.0292,0.2206
1684,1.684,0.021,-0.0038,0.0121,0.0165,-0.07,-0.1325
1685,1.685,0.0183,-0.0126,-0.0047,0.0184,-0.1003,-0.1978
1686,1.686,0.016,-0.0164,-0.0201,0.0065,-0.1276,-0.2565
1687,1.687,0.0095,-0.0087,-0.0341,0.008,-0.1033,-0.3099
1688,1.688,-0.0046,-0.0035,-0.0471,0.0094,-0.0812,-0.1661
1689,1.689,-0.0139,-0.0027,-0.0592,-0.0096,-0.3457,-0.6466
1690,1.69,-0.0122,0.0051,-0.0076,-0.0177,-0.3818,-0.8388
1691,1.691,-0.0016,0.0081,-0.0553,-0.0153,-0.0861,-0.3153
1692,1.692,0.0109,0.0165,-0.0987,-0.0041,0.1131,0.1785
1693,1.693,0.0294,0.0109,-0.0909,-0.0307,0.0778,0.1161
1694,1.694,0.022,0.0035,-0.0552,-0.0342,0.111,0.1749
1695,1.695,0.0198,-0.005,0.0163,-0.0374,0.1411,0.2283
1696,1.696,0.0217,-0.0018,0.0449,-0.0166,0.1143,0.2768
1697,1.697,0.0122,-0.0049,0.0192,-0.0192,0.2868,0.4079
1698,1.698,-0.0031,-0.0059,-0.0042,-0.0169,0.3989,0.9244
1699,1.699,-0.0339,-0.0085,0.1022,-0.0146,0.1751,0.573
1700,1.7,-0.0296,-0.0107,0.209,0.0038,-0.0341,-0.004
1701,1.701,-0.0098,-0.0088,0.195,0.0111,-0.1159,-0.2377
1702,1.702,-0.0282,0.0006,0.1067,0.0133,-0.0917,-0.1685
1703,1.703,-0.0383,-0.0008,0.0723,0.0194,-0.1143,-0.2331
1704,1.704,-0.0473,0.0003,-0.042,0.0175,-0.0941,-0.2916
1705,1.705,-0.0229,-0.0008,-0.0874,0.0124,-0.1496,-0.2391
1706,1.706,0.0133,-0.0019,-0.0454,0.0139,-0.402,-0.8638
1707,1.707,0.0182,0.0026,-0.0327,0.0179,-0.2939,-0.7791
1708,1.708,0.0055,0,0.0251,0.0142,-0.0636,-0.2365
1709,1.709,-0.0059,-0.007,0.0983,0.0085,0.0864,0.2575
1710,1.71,0.0054,-0.0006,0.0893,-0.0072,0.1141,0.195
1711,1.711,0.0092,-0.0015,-0.0052,-0.0006,0.1389,0.2537
1712,1.712,-0.0052,-0.0009,-0.068,0.0055,0.1169,0.3071
1713,1.713,-0.0074,0.0055,-0.1482,-0,0.0969,0.1634
1714,1.714,-0.0194,0.0046,-0.1167,-0.0119,0.3747,0.6439
1715,1.715,0.0057,0.0038,-0.1069,-0.0165,0.3355,0.8362
1716,1.716,0.0223,0.0073,-0.0981,-0.0234,0.0828,0.4291
1717,1.717,0.0138,-0.0011,-0.0901,-0.0172,-0.082,-0.1535
1718,1.718,0.0113,-0.0001,-0.0542,-0.0162,-0.1123,-0.2324
1719,1.719,0.0091,-0.0012,-0.0346,-0.0089,-0.1397,-0.3036
1720,1.72,0.0158,0.0072,-0.04,0.0051,-0.1153,-0.2402
1721,1.721,0.0425,0.0149,-0.0876,0.0152,-0.093,-0.1825
1722,1.722,0.0534,0.0179,-0.0031,0.0133,-0.2353,-0.4468
1723,1.723,0.0502,0.0057,0.0547,0.0116,-0.402,-0.9755
1724,1.724,0.0414,-0.0062,0.086,0.0161,-0.2002,-0.6241
1725,1.725,0.0222,-0.0047,0.0579,0.023,0.0445,-0.0473
1726,1.726,-0.0002,0.0022,0.1529,0.0292,0.0781,0.1864
1727,1.727,-0.0212,-0.0016,0.1152,0.0302,0.1084,0.2576
1728,1.728,-0.0405,-0.0072,-0.0113,0.0249,0.1359,0.3221
1729,1.729,-0.0579,-0.0042,-0.028,0.0184,0.1117,0.2646
1730,1.73,-0.0737,-0.0051,-0.0735,0.0055,0.1341,0.2122
1731,1.731,-0.1046,-0.001,-0.0868,-0.0112,0.3988,0.8368
1732,1.732,-0.1446,-0.0033,0.0023,-0.0316,0.2908,0.7521
1733,1.733,-0.0861,0.0016,0.0144,-0.0179,-0.005,0.2095
1734,1.734,-0.0473,0.011,-0.037,-0.0056,-0.0453,-0.1437
1735,1.735,-0.0547,0.004,-0.0081,0.01,-0.0818,-0.2089
1736,1.736,-0.0743,-0.0023,0.1216,-0.0207,-0.1149,-0.2676
1737,1.737,-0.0454,-0.0055,0.1771,-0.0251,-0.1449,-0.321
1738,1.738,0.013,-0.0045,0.093,-0.0133,-0.118,-0.1774
1739,1.739,0.0361,-0.0018,0.0165,0.0048,-0.3398,-0.6579
1740,1.74,0.0429,-0.0043,-0.053,0.0015,-0.3698,-0.8501
1741,1.741,0.0363,0.001,-0.0908,-0.0193,-0.1256,-0.3268
1742,1.742,0.0421,0.0004,-0.1254,-0.0221,0.1049,0.1669
1743,1.743,0.0581,0.0047,-0.1152,-0.0245,0.1353,0.2324
1744,1.744,0.0727,0.0042,-0.049,-0.0267,0.1085,0.2911
1745,1.745,0.0599,-0.0014,0.0112,-0.0042,0.1333,0.3444
1746,1.746,0.0565,-0.0066,0.1284,0.0046,0.111,0.2007
1747,1.747,0.0532,-0.0001,0.313,0.0073,0.2533,0.4193
1748,1.748,0.0501,0.0008,0.1893,0.0146,0.42,0.9358
1749,1.749,0.0413,-0.0029,0.0768,0.0125,0.1734,0.5845
1750,1.75,0.0332,-0.0035,-0.0251,0.0267,-0.0572,0.0077
1751,1.751,0.0209,0.0024,-0.0808,0.0212,-0.0878,-0.226
1752,1.752,0.0007,0.0046,-0.165,0.0061,-0.1154,-0.2972
1753,1.753,-0.0019,0.014,-0.272,0.0122,-0.1403,-0.2339
1754,1.754,0.0055,0.0104,-0.286,0.0066,-0.1183,-0.2925
1755,1.755,-0.0099,0.0073,-0.1727,0.0084,-0.1388,-0.24
1756,1.756,-0.0241,0.0084,-0.1275,0.0038,-0.4168,-0.8646
1757,1.757,-0.0296,0.0094,-0.0589,0.0052,-0.2981,-0.7799
1758,1.758,-0.0549,0.0053,-0.0722,-0.0112,-0.0453,-0.2373
1759,1.759,-0.0656,0.0002,-0.0383,-0.0134,0.1193,0.2564
1760,1.76,-0.0819,0.0023,0.0132,-0.0154,0.09,0.1938
1761,1.761,-0.0546,-0.0033,0.022,-0.0173,0.1172,0.2525
1762,1.762,-0.0143,-0.0025,0.0299,-0.0021,0.1419,0.3059
1763,1.763,0.0123,-0.0004,0.0368,0.0039,0.0747,0.1622
1764,1.764,0.0268,0.0067,0.0148,0.0057,0.3391,0.6427
1765,1.765,0.0225,0.006,-0.0051,-0.0027,0.3752,0.8349
1766,1.766,0.0265,-0.0034,-0.0114,-0.0012,0.0794,0.4279
1767,1.767,0.0299,-0.0055,0.0512,0.0113,-0.0732,-0.1006
1768,1.768,0.0191,-0.0042,0.0879,0.0073,-0.1135,-0.2605
1769,1.769,0.0224,-0.0097,0.1405,0.0085,-0.1501,-0.3094
1770,1.77,0.0313,-0.0002,0.1612,-0.0039,-0.1177,-0.2664
1771,1.771,0.0341,-0.0089,0.1282,-0.0055,-0.0882,-0.2273
1772,1.772,0.0269,-0.0077,0.1217,0.0052,-0.2239,-0.4077
1773,1.773,0.0335,-0.0149,0.0623,0.0093,-0.3966,-0.9002
1774,1.774,0.0397,-0.0045,0.0851,0.0156,-0.195,-0.5489
1775,1.775,0.0602,-0.0004,0.1345,0.0167,-0.0048,0.028
1776,1.776,0.0683,0.0059,0.1019,0.0095,0.0696,0.2617
1777,1.777,0.0756,0.0163,0.0135,-0.0046,0.0922,0.1926
1778,1.778,0.0689,0.026,-0.1764,-0.0066,0.1533,0.2573
1779,1.779,0.0547,0.0147,-0.2583,-0.0085,0.1349,0.3158
1780,1.78,0.0416,0.0163,-0.3328,-0.0102,0.1517,0.2632
1781,1.781,0.0364,0.0067,-0.2666,-0.0178,0.3812,0.7917
1782,1.782,0.0256,0.008,-0.2878,-0.0109,0.2828,0.7219
1783,1.783,0.0103,0.0048,-0.196,-0.0022,0.0736,0.1455
1784,1.784,0.0123,-0.0047,-0.0116,-0.0032,-0.0628,-0.243
1785,1.785,0.0141,-0.0084,0.1604,-0.0085,-0.0879,-0.1742
1786,1.786,-0.0113,-0.0051,0.1379,-0,-0.1106,-0.2388
1787,1.787,-0.0294,-0.0146,0.0771,0.0056,-0.1312,-0.2974
1788,1.788,-0.0458,-0.0158,0.0587,0.0128,-0.0759,-0.245
1789,1.789,-0.0908,-0.0213,0.0753,0.0101,-0.3284,-0.5814
1790,1.79,-0.162,-0.0161,0.09,0.0076,-0.3647,-0.8874
1791,1.791,-0.2094,-0.0207,0.0756,0.0007,-0.1347,-0.371
1792,1.792,-0.2527,-0.0182,0.0624,-0.0115,0.0747,0.1229
1793,1.793,-0.2762,-0.0204,0.0501,-0.0098,0.1024,0.1883
1794,1.794,-0.2266,-0.0098,0.1225,-0.0053,0.1273,0.2471
1795,1.795,-0.1296,-0.0052,0.2455,-0.0149,0.1498,0.3004
1796,1.796,0.051,-0.0039,0.195,-0.0186,0.0891,0.1566
1797,1.797,0.0753,0.0048,0.088,-0.0061,0.2558,0.3751
1798,1.798,0.0974,0.0058,-0.009,-0.0043,0.4128,0.8915
1799,1.799,0.0364,0.0027,-0.0719,-0.0058,0.189,0.5401
1800,1.8,0.0178,0.0035,-0.1984,-0.0098,-0.0203,-0.0368
1801,1.801,0.0011,0.0043,-0.2826,0.0093,-0.1022,-0.1158
1802,1.802,0.0164,-0.001,-0.2063,0.023,-0.0781,-0.1871
1803,1.803,0.058,-0.0046,-0.0538,0.0158,-0.1455,-0.2519
1804,1.804,0.0957,-0.0115,0.088,0.0092,-0.1254,-0.3105
1805,1.805,0.0841,-0.0013,0.2174,0.0071,-0.1439,-0.258
1806,1.806,0.0736,-0.0027,0.1334,-0.0059,-0.3963,-0.7866
1807,1.807,0.026,-0.004,0.057,-0.0008,-0.2883,-0.7168
1808,1.808,-0.0001,-0.0072,0.0433,0.0007,-0.0579,-0.1403
1809,1.809,-0.0393,0.0022,0.0311,0.0215,0.0919,0.2483
1810,1.81,-0.0039,0.0058,-0.0029,0.0302,0.1196,0.1797
1811,1.811,0.0412,0.0067,0.0079,0.0329,0.1445,0.2443
1812,1.812,0.047,0.0055,-0.0771,0.0156,0.1225,0.303
1813,1.813,0.0312,0.0046,-0.088,-0.0047,0.1024,0.2507
1814,1.814,0.017,0.0104,-0.0771,-0.0184,0.3432,0.5872
1815,1.815,0.0303,0.0096,-0.086,-0.0111,0.3763,0.8933
1816,1.816,0.0343,0.0173,-0.0251,-0.0267,0.1076,0.3768
1817,1.817,0.0237,0.0077,0.0459,-0.0409,-0.0735,-0.1168
1818,1.818,0.027,-0.0012,0.0748,-0.0316,-0.1068,-0.1822
1819,1.819,0.03,-0.0045,0.0666,-0.0266,-0.1369,-0.241
1820,1.82,0.0273,-0.0056,0.1061,-0.0096,-0.1101,-0.2944
1821,1.821,0.02,0.0008,0.071,-0.0031,-0.0856,-0.2466
1822,1.822,0.0179,0.0015,-0.0258,0.007,-0.2425,-0.3775
1823,1.823,0.0158,0.0036,-0.1508,0.0015,-0.4258,-0.9729
1824,1.824,0.0065,-0.0029,-0.1339,-0.0002,-0.2039,-0.5474
1825,1.825,-0.0087,0.0013,-0.0879,0.0074,0.0054,-0.0042
1826,1.826,-0.0026,0.0065,-0.046,0.0199,0.0874,0.2083
1827,1.827,0.0067,0.0071,0.0425,0.0249,0.1123,0.2735
1828,1.828,0.0253,0.0001,0.1232,0.0203,0.1349,0.3323
1829,1.829,0.0276,-0.0007,0.1543,0.0188,0.1149,0.2802
1830,1.83,0.0254,-0.0016,0.1258,0.0024,0.1334,0.2326
1831,1.831,0.0192,0.002,0.1172,0.0001,0.3859,0.8007
1832,1.832,0.0136,0.0084,0,-0.0019,0.2779,0.7239
1833,1.833,0.0118,0.0092,-0.1847,-0.0001,0.0477,0.2311
1834,1.834,0.0133,-0.0023,-0.2578,-0.0052,-0.1021,-0.218
1835,1.835,0.0063,0.0061,-0.2792,-0.0098,-0.1296,-0.2772
1836,1.836,-0.0025,0.0015,-0.1766,-0.0002,-0.1055,-0.3304
1837,1.837,0.0145,0.0002,-0.0462,-0.004,-0.1281,-0.2827
1838,1.838,0.0317,-0.0035,0.1058,0.0015,-0.1079,-0.2394
1839,1.839,0.0294,0.0068,0.1268,0.0045,-0.3487,-0.5967
1840,1.84,0.0314,0.0027,0.183,0.009,-0.3818,-0.9332
1841,1.841,0.0406,0.0115,0.2005,0.003,-0.1131,-0.3648
1842,1.842,0.0287,0.0105,0.0942,0.0066,0.0679,0.1786
1843,1.843,0.0088,0.0033,-0.0304,0.003,0.1013,0.2504
1844,1.844,0.0007,-0.0031,-0.1141,-0.0064,0.1313,0.3152
1845,1.845,-0.0015,-0.0056,-0.0985,-0.0133,0.1045,0.2578
1846,1.846,-0.0349,-0.0049,-0.1399,-0.0169,0.0801,0.2056
1847,1.847,-0.0684,-0.0097,-0.1524,-0.0225,0.2369,0.3498
1848,1.848,-0.1166,-0.0154,-0.0718,-0.0255,0.4201,0.918
1849,1.849,-0.1486,-0.0053,-0.0197,-0.0132,0.1982,0.5313
1850,1.85,-0.1658,-0.0012,0.0657,-0.0081,-0.0112,0.0378
1851,1.851,-0.1391,-0.0074,0.1691,-0.0004,-0.0932,-0.1557
1852,1.852,-0.0663,0.0052,0.1551,0.0093,-0.1182,-0.2146
1853,1.853,0.0067,0.0002,0.0413,0.0131,-0.141,-0.268
1854,1.854,0.0352,-0.0013,-0.0044,0.0099,-0.121,-0.3164
1855,1.855,0.0439,-0.0053,0.0095,0.0026,-0.1396,-0.2731
1856,1.856,0.0361,-0.0064,0.0221,0.0072,-0.3922,-0.8687
1857,1.857,0.0148,0.0014,-0.0355,0.015,-0.2843,-0.784
1858,1.858,-0.0305,0.013,-0.0666,0.0141,-0.0541,-0.2413
1859,1.859,-0.048,0.0176,-0.0572,0.0114,0.0955,0.2525
1860,1.86,-0.0429,0.0136,-0.0487,-0.0014,0.123,0.19
1861,1.861,-0.0478,0.0099,-0.0564,-0.0106,0.1479,0.2486
1862,1.862,-0.0435,0.0067,-0.0775,0.0013,0.1257,0.3019
1863,1.863,-0.0155,0.0015,-0.058,0.0089,0.1055,0.2543
1864,1.864,-0.0484,-0.003,0.0069,0.0076,0.3461,0.6475
1865,1.865,-0.044,-0.0089,0.033,0.0088,0.379,0.9119
1866,1.866,0.0162,-0.0066,0.0566,0.001,0.1101,0.383
1867,1.867,0.0594,-0.003,0.0783,-0.0042,-0.0711,-0.1106
1868,1.868,0.053,-0.0003,0.0505,-0.0097,-0.0957,-0.2185
1869,1.869,0.0608,-0.0045,0.0315,0.0044,-0.129,-0.2835
1870,1.87,0.0537,-0.0004,0.0846,0.0065,-0.0996,-0.3421
1871,1.871,0.0472,-0.0019,0.1061,-0.0102,-0.0728,-0.2898
1872,1.872,0.0412,-0.0023,0.0997,-0.0079,-0.2454,-0.3381
1873,1.873,0.0463,-0.0051,0.0466,-0.0017,-0.4024,-0.9063
1874,1.874,0.0414,-0.0009,-0.0322,0.0039,-0.2193,-0.5197
1875,1.875,0.0368,-0.0037,-0.0428,0.009,0.0523,-0.0262
1876,1.876,0.0327,-0.0032,-0.0146,0.0197,0.0889,0.1672
1877,1.877,0.0146,-0.0044,0.0113,0.0211,0.1221,0.2263
1878,1.878,0.0114,-0.0032,0.0193,0.0124,0.1521,0.2797
1879,1.879,0.0085,0.0026,-0.0017,-0.0047,0.1252,0.3281
1880,1.88,0.0113,0.0068,-0.0725,-0.017,0.1007,0.1973
1881,1.881,0.0136,-0.0032,-0.1007,-0.0014,0.392,0.7927
1882,1.882,0.0024,-0.0157,-0.1609,0.0088,0.2732,0.7078
1883,1.883,0.0003,-0.0208,-0.2002,0.0069,0.0202,0.1652
1884,1.884,0.0021,-0.0132,-0.1079,0.0154,-0.079,-0.188
1885,1.885,0.0036,-0.0091,-0.0198,0.0077,-0.1094,-0.2535
1886,1.886,-0.0011,-0.0054,0.0145,0.0174,-0.1368,-0.1964
1887,1.887,0.0084,-0.0022,-0.0166,0.0185,-0.1125,-0.2499
1888,1.888,0.0046,-0.0033,-0.1018,0.0129,-0.0903,-0.2023
1889,1.889,-0.0126,0.0013,-0.09,0.0202,-0.355,-0.5957
1890,1.89,-0.03,0.0004,-0.0793,0.0061,-0.3912,-0.8602
1891,1.891,-0.0279,0.001,0.0064,-0.0245,-0.0955,-0.3316
1892,1.892,-0.0178,-0.0039,0.0869,-0.0465,0.1037,0.1621
1893,1.893,-0.0086,0.0044,0.0972,-0.0744,0.0683,0.2276
1894,1.894,0.0132,0.0121,0.2205,-0.0636,0.1015,0.2866
1895,1.895,0.0279,0.0006,0.2035,-0.0273,0.1315,0.3398
1896,1.896,0.0414,0.0021,0.0962,-0.0032,0.1046,0.1959
1897,1.897,0.034,0.0034,0.0266,-0.0253,0.2278,0.4144
1898,1.898,0.0183,0.0097,0.014,-0.0293,0.4297,0.9306
1899,1.899,0.0283,0.0019,0.0256,-0.004,0.1857,0.5792
1900,1.9,0.0338,0.0071,0.0361,0.0189,-0.0446,0.0022
1901,1.901,0.0423,0.0044,0.027,0.0159,-0.075,-0.2316
1902,1.902,0.0381,0.0002,0.0532,0.0187,-0.1025,-0.3028
1903,1.903,0.0316,-0.002,0.1079,0.0163,-0.1765,-0.2396
1904,1.904,0.0207,0.0045,0.1007,0.0098,-0.1095,-0.2981
1905,1.905,0.001,0.0053,0.0551,0.0038,-0.1299,-0.2458
1906,1.906,-0.0015,0.0046,-0.0336,-0.0092,-0.4077,-0.8705
1907,1.907,-0.0038,0.0053,-0.0214,-0.0041,-0.2888,-0.7859
1908,1.908,-0.0058,0.0136,-0.0102,0.0098,-0.0358,-0.2433
1909,1.909,-0.0159,0.0192,-0.125,0.008,0.0634,0.2504
1910,1.91,-0.0399,0.0035,-0.2012,-0.0005,0.0937,0.1879
1911,1.911,-0.0827,0.0013,-0.2146,0.007,0.1212,0.2466
1912,1.912,-0.0767,0.0033,-0.1763,0.0056,0.146,0.2998
1913,1.913,-0.0816,-0.0023,-0.118,-0.0083,0.1238,0.156
1914,1.914,-0.0957,0.0028,-0.1069,-0.0102,0.3477,0.6366
1915,1.915,-0.0999,0.0012,-0.1157,0.0016,0.3777,0.8287
1916,1.916,-0.0557,-0.0001,-0.0721,-0.009,0.1334,0.4217
1917,1.917,-0.0496,-0.0038,0.0143,-0.0299,-0.0314,-0.0555
1918,1.918,-0.0334,-0.007,0.0721,-0.0029,-0.1214,-0.2489
1919,1.919,0.0396,-0.006,0.1034,0.0151,-0.0946,-0.308
1920,1.92,0.0711,-0.0014,0.0941,0.0118,-0.1194,-0.256
1921,1.921,0.0619,0.0011,0.172,0.0206,-0.0972,-0.2085
1922,1.922,0.0534,-0.001,0.2034,0.0231,-0.2395,-0.4271
1923,1.923,0.0458,-0.003,0.1753,0.0207,-0.4063,-0.9433
1924,1.924,-0.0039,-0.0072,0.0807,0.0184,-0.2045,-0.5919
1925,1.925,-0.049,-0.0067,-0.0074,0.0163,0.0401,-0.015
1926,1.926,-0.0547,-0.0041,-0.0879,0.0032,0.0737,0.2188
1927,1.927,-0.0599,0.0001,-0.1607,-0.0053,0.104,0.2901
1928,1.928,-0.0357,0.0031,-0.1512,0.0024,0.1314,0.3547
1929,1.929,-0.005,0.0026,-0.0734,0.0037,0.1071,0.2972
1930,1.93,0.0149,0.0005,-0.0004,-0.0026,0.1296,0.2448
1931,1.931,0.0256,-0.0034,0.1041,-0.0082,0.3944,0.7736
1932,1.932,0.0553,-0.0008,0.0626,0.0055,0.2865,0.7039
1933,1.933,0.0591,0.0062,0.0502,0.0074,0.0563,0.2555
1934,1.934,0.0554,0.0073,0.0159,0.0057,-0.0934,-0.1528
1935,1.935,0.0455,0.0046,0.0058,0.0072,-0.1209,-0.2068
1936,1.936,0.0305,-0.0031,-0.0223,0.0085,-0.1457,-0.2555
1937,1.937,0.033,-0,-0.0306,0.0097,-0.1236,-0.2996
1938,1.938,0.0352,0.0085,-0.0225,0.0019,-0.1033,-0.1809
1939,1.939,0.0328,0.0053,0.0132,-0.0054,-0.344,-0.5777
1940,1.94,0.0184,0.0002,0.0975,-0.0046,-0.3769,-0.9476
1941,1.941,0.0164,-0.0043,0.0631,-0.0088,-0.108,-0.4188
1942,1.942,0.0314,-0.0051,-0.0098,-0.0067,0.0732,0.0752
1943,1.943,0.0454,-0.0088,0.0566,-0.0032,0.1068,0.2687
1944,1.944,0.0433,-0.0038,0.065,0.0062,0.1371,0.3278
1945,1.945,0.0279,-0.0054,0.0257,0.0269,0.1104,0.2757
1946,1.946,-0.0029,-0.0071,-0.0241,0.0357,0.0861,0.2281
1947,1.947,-0.0163,-0.0096,-0.0693,0.033,0.2431,0.3592
1948,1.948,-0.0444,-0.0045,-0.0868,0.0207,0.3856,0.955
1949,1.949,-0.0993,-0.0038,-0.1133,-0.013,0.1821,0.5297
1950,1.95,-0.217,-0.0008,-0.0405,-0.0467,-0.0081,-0.0132
1951,1.951,-0.2005,-0.0037,0.0953,-0.0598,-0.0824,-0.2255
1952,1.952,-0.063,-0.0042,0.1137,-0.0557,-0.105,-0.2905
1953,1.953,0.0662,0.0019,0.2312,-0.052,-0.1255,-0.2331
1954,1.954,0.0827,0.0061,0.2462,-0.0354,-0.1071,-0.2862
1955,1.955,0.0671,-0.0008,0.1209,-0.0324,-0.1575,-0.2382
1956,1.956,0.0529,-0.0017,0.0031,-0.0186,-0.387,-0.8061
1957,1.957,0.0401,0.0077,-0.1348,0.0087,-0.2886,-0.7291
1958,1.958,0.0053,0.0241,-0.2646,0.0196,-0.0195,-0.236
1959,1.959,-0.0053,0.0084,-0.349,0.0165,0.0894,0.2136
1960,1.96,-0.0528,0.0023,-0.3645,0.0138,0.1229,0.2732
1961,1.961,-0.0789,0.0003,-0.3789,0.0166,0.1531,0.3269
1962,1.962,-0.0399,0.0019,-0.2909,0.0094,0.1263,0.2795
1963,1.963,0.0096,-0.0057,-0.1186,0.0072,0.1021,0.2365
1964,1.964,0.0031,-0.0045,0.0534,0.0053,0.3487,0.5941
1965,1.965,-0.0029,-0.0057,0.1203,0.0109,0.3818,0.9309
1966,1.966,0.0022,-0.0026,0.1403,0.0161,0.1132,0.3629
1967,1.967,-0.0318,-0.0017,0.1585,0.0237,-0.0679,-0.0254
1968,1.968,-0.0538,-0.0009,0.1416,0.0278,-0.1013,-0.2376
1969,1.969,-0.0123,-0.0056,0.0905,0.0302,-0.126,-0.2592
1970,1.97,0.0319,-0.0082,0.0138,0.0314,-0.156,-0.3237
1971,1.971,0.038,-0.0014,-0.0282,0.0212,-0.075,-0.2659
1972,1.972,0.0329,0.005,-0.0413,0.0116,-0.2474,-0.4242
1973,1.973,0.0283,-0.001,0.0156,-0.0023,-0.4043,-0.9527
1974,1.974,0.024,-0.0033,0.088,-0.0154,-0.2211,-0.6013
1975,1.975,0.028,-0.0083,0.0971,-0.0137,0.0015,-0.0242
1976,1.976,0.0316,-0.0079,0.0538,-0.0367,0.0915,0.2096
1977,1.977,0.0349,-0.0016,0.046,-0.027,0.119,0.281
1978,1.978,0.0262,-0.0076,0.0249,-0.0182,0.0948,0.2179
1979,1.979,0.0292,-0.0099,0.006,-0.0264,0.0727,0.1604
1980,1.98,0.0221,-0.0065,-0.0229,-0.014,0.1337,0.2134
1981,1.981,0.02,-0.0023,-0.0384,0.0016,0.4116,0.838
1982,1.982,0.0099,-0.0007,-0.0237,0.0077,0.2928,0.7533
1983,1.983,0.0044,-0.0003,0.0162,0.0058,0.0399,0.2107
1984,1.984,0.0062,0.0038,0.0004,0.0041,-0.0592,-0.1424
1985,1.985,0.0138,0.0055,-0.0141,0.0117,-0.0895,-0.2078
1986,1.986,0.0151,-0.0014,0.0078,0.0186,-0.1168,-0.2666
1987,1.987,0.0037,-0.0079,0.0356,0.0098,-0.1416,-0.3199
1988,1.988,-0.0009,-0.0088,0.0683,-0.0051,-0.1194,-0.1761
1989,1.989,0.0006,-0.0019,0.0989,-0.0072,-0.3432,-0.5694
1990,1.99,0.0022,-0.0028,0.095,0.0132,-0.3731,-0.9394
1991,1.991,0.0036,0.0014,0.1497,0.0104,-0.1289,-0.4108
1992,1.992,0.0197,0.0035,0.236,0.0227,0.0361,0.0829
1993,1.993,0.0178,-0.0001,0.1556,0.0161,0.1261,0.2762
1994,1.994,0.0119,0.004,0.0199,0.018,0.1535,0.3351
1995,1.995,-0.0009,0.008,-0.0727,0.0124,0.1294,0.283
1996,1.996,0.0077,0.0105,-0.1235,0.0005,0.1072,0.2352
1997,1.997,0.0094,0.0117,-0.2003,-0.0072,0.2089,0.3661
1998,1.998,0.0054,0.0137,-0.2144,-0.0225,0.3757,0.8823
1999,1.999,-0.0007,0.0086,-0.177,-0.0532,0.174,0.5309
2000,2,0.0049,0.0051,-0.0275,-0.0489,-0.0163,0.0818
2001,2.001,0.0207,0.0045,0.0743,-0.0452,-0.0907,-0.2106
2002,2.002,0.0319,0.0029,0.0193,-0.0489,-0.1135,-0.2647
2003,2.003,0.0097,0.0054,-0.0307,-0.0392,-0.1341,-0.3137
2004,2.004,0.0012,0.0085,-0.0759,-0.0003,-0.0788,-0.2707
2005,2.005,-0.0066,0.0141,-0.0615,0.0049,-0.1293,-0.2316
2006,2.006,-0.0236,0.0119,0.0021,0.0095,-0.3589,-0.7731
2007,2.007,-0.0571,0.0084,0.014,0.0051,-0.2606,-0.8511
2008,2.008,-0.0617,0.0101,0.0244,0.0012,-0.0515,-0.2175
2009,2.009,-0.066,0.0013,0.0718,0.012,0.0848,0.2098
2010,2.01,-0.0778,0.0051,0.0459,0.0088,0.1099,0.2882
2011,2.011,-0.0231,-0.0052,0.0069,0.0059,0.1325,0.2187
2012,2.012,0.0003,-0.0092,0.0854,0.0032,0.1124,0.2831
2013,2.013,0.0359,-0.0029,0.0753,0.0104,0.0941,0.2253
2014,2.014,0.0296,-0.0039,0.0853,0.0215,0.3465,0.5948
2015,2.015,0.0354,-0.0029,0.0773,0.0316,0.3827,0.9311
2016,2.016,-0.0017,-0.0001,-0.0081,0.0222,0.1526,0.4503
2017,2.017,-0.0355,0.0008,-0.019,0.007,-0.0568,-0.1271
2018,2.018,-0.1016,-0.0044,0.0962,-0.0032,-0.0846,-0.2062
2019,2.019,-0.1111,-0.0037,0.1425,0.0024,-0.1095,-0.2775
2020,2.02,-0.0334,-0.0019,0.2123,0.021,-0.1322,-0.3424
2021,2.021,-0.0023,-0.0071,0.2,0.0282,-0.1121,-0.2852
2022,2.022,0.0072,-0.005,0.0276,0.026,-0.2417,-0.3384
2023,2.023,0.0159,-0.0044,-0.1447,0.0157,-0.427,-0.9635
2024,2.024,0.0081,-0.0026,-0.2565,0.0063,-0.2052,-0.5383
2025,2.025,0.0009,0.0052,-0.3579,0.0112,0.004,0.0045
2026,2.026,-0.0314,0.0085,-0.413,0.0035,0.086,0.2168
2027,2.027,-0.0257,0.0116,-0.3959,-0.0148,0.1109,0.2817
2028,2.028,0.0114,0.009,-0.2885,-0.0372,0.1335,0.3402
2029,2.029,0.0646,0.0012,-0.1354,-0.0401,0.1135,0.2878
2030,2.03,0.0858,-0.004,-0.0334,-0.0264,0.132,0.2398
2031,2.031,0.0663,-0.0031,0.0592,-0.0091,0.3845,0.8076
2032,2.032,0.0719,-0.0022,0.1097,0.0066,0.2765,0.7306
2033,2.033,0.0876,-0.0043,0.1862,0.0046,0.0463,0.2376
2034,2.034,0.1017,-0.0049,0.1446,-0.0083,-0.1034,-0.2119
2035,2.035,0.0795,-0.0131,0.132,-0.0032,-0.131,-0.2714
2036,2.036,0.0192,-0.014,0.1204,-0.0016,-0.1068,-0.3252
2037,2.037,-0.0759,-0.0109,0.1306,-0.0002,-0.1294,-0.2779
2038,2.038,-0.2403,-0.0081,0.0831,0.0037,-0.1092,-0.2349
2039,2.039,-0.2183,-0.0038,0.0225,0.007,-0.313,-0.5923
2040,2.04,-0.1168,0.0078,-0.0795,0.0041,-0.3944,-0.929
2041,2.041,-0.0245,0.0061,-0.0102,0.0069,-0.1231,-0.4483
2042,2.042,-0.008,0.0016,0.0779,0.0096,0.058,0.1289
2043,2.043,0.0071,0.0057,0.0892,0.0104,0.0915,0.2077
2044,2.044,0.0485,0.007,0.2455,0.0155,0.1216,0.2787
2045,2.045,0.0358,-0.0055,0.1779,0.0113,0.149,0.3434
2046,2.046,0.024,-0.0106,0.0757,0.0062,0.1246,0.2857
2047,2.047,0.0342,-0.012,0.0936,0.0127,0.2366,0.3386
2048,2.048,0.0246,-0.0079,-0.0585,0.0068,0.42,0.8671
2049,2.049,0.033,-0.0017,-0.1609,-0.0031,0.1981,0.6566
2050,2.05,0.025,-0.0006,-0.18,0.0094,-0.0111,0.0797
2051,2.051,0.0178,-0.0036,-0.1976,0.0179,-0.093,-0.1541
2052,2.052,0.024,-0.0028,-0.1831,0.0104,-0.118,-0.2254
2053,2.053,0.0296,-0.0003,-0.17,0.0118,-0.1406,-0.29
2054,2.054,0.0347,0.002,-0.1831,0.0005,-0.1206,-0.2324
2055,2.055,0.0394,-0.0029,-0.1259,-0.004,-0.1391,-0.18
2056,2.056,0.0349,0.0053,0.0096,-0.0135,-0.3916,-0.8045
2057,2.057,0.023,0.0085,0.0653,-0.0273,-0.2836,-0.8899
2058,2.058,0.0121,0.0055,0.0823,-0.0216,-0.0533,-0.1926
2059,2.059,0.0152,0.0028,0.0671,-0.0097,0.0965,0.09
2060,2.06,0.0003,0.0019,0.0532,-0.008,0.1241,0.1766
2061,2.061,0.0084,-0.0034,0.0653,-0.001,0.1489,0.2548
2062,2.062,-0.0039,0.0059,0.0533,0.0104,0.1268,0.3256
2063,2.063,-0.0016,-0.0029,0.0425,0.0029,0.1066,0.2621
2064,2.064,0.0045,-0.0039,0.0324,-0.0067,0.3473,0.5528
2065,2.065,0.0065,-0.0029,0.0231,-0.0129,0.3803,0.9229
2066,2.066,-0.0053,-0.0021,0.0146,-0.005,0.1115,0.3943
2067,2.067,-0.0038,-0.0013,0.0492,-0.0187,-0.0696,-0.0992
2068,2.068,-0.0052,0.0057,0.0419,-0.0094,-0.1031,-0.1647
2069,2.069,-0.0015,0.0011,0.0355,-0.0044,-0.1332,-0.2236
2070,2.07,-0.0062,0.0006,0.0509,0.008,-0.1288,-0.2916
2071,2.071,-0.0139,-0.002,0.0556,0.0279,-0.102,-0.2392
2072,2.072,-0.0085,0.0002,-0.0175,0.036,-0.2252,-0.3835
2073,2.073,-0.0038,-0.0005,-0.0698,0.0336,-0.427,-0.9514
2074,2.074,-0.0081,-0,-0.0984,0.018,-0.2374,-0.5647
2075,2.075,-0.0166,0.0075,-0.1248,0.016,0.0342,-0.0711
2076,2.076,-0.0293,0.0128,-0.1019,-0.0008,0.071,0.2506
2077,2.077,-0.0175,0.0119,-0.0808,-0.0345,0.1042,0.1938
2078,2.078,0.0054,0.0076,-0.0744,-0.0202,0.1343,0.2474
2079,2.079,0.0219,0.0069,-0.0212,-0.0423,0.1074,0.296
2080,2.08,0.0248,0.0032,0.0146,-0.0463,0.132,0.2526
2081,2.081,0.0113,-0.0038,0.0341,-0.021,0.3785,0.7689
2082,2.082,-0.001,-0.003,0.0397,-0.0242,0.2801,0.8395
2083,2.083,-0.0031,-0.0089,0.0449,-0.0154,0.071,0.2631
2084,2.084,-0.005,-0.0111,0.0692,-0.0073,-0.0652,-0.1253
2085,2.085,-0.0104,-0.0118,0.0648,-0.0147,-0.0903,-0.1969
2086,2.086,-0.0051,-0.0075,0.0611,-0.0169,-0.1129,-0.2616
2087,2.087,0.0056,-0.0035,0.0504,-0.0149,-0.1334,-0.3201
2088,2.088,-0.0013,-0.0051,0.0604,-0.028,-0.078,-0.2675
2089,2.089,-0.0104,-0.0021,0.04,-0.0264,-0.3305,-0.7
2090,2.09,-0.0162,0.0043,-0.0007,-0.0188,-0.3666,-0.9907
2091,2.091,-0.0172,0.007,-0.0062,-0.0092,-0.1366,-0.4093
2092,2.092,-0.0144,0.0112,-0.0648,0.0097,0.0728,0.134
2093,2.093,-0.0032,0.0105,-0.0414,0.0178,0.1005,0.206
2094,2.094,-0.0078,0.0012,-0.0059,0.0201,0.1254,0.2709
2095,2.095,-0.0231,-0,0.0132,0.0222,0.1481,0.3296
2096,2.096,-0.0211,0.001,0.0774,0.0322,0.0874,0.2774
2097,2.097,-0.0081,-0,0.0856,0.0302,0.2171,0.3256
2098,2.098,0.0039,-0.0046,0.14,0.0251,0.4023,0.8938
2099,2.099,0.0119,-0.0004,0.2183,0.0296,0.2299,0.6619
2100,2.1,0.0084,-0.0041,0.2287,0.0281,-0.0172,0.0278
2101,2.101,-0.0024,0.0066,0.0867,0.0292,-0.1163,-0.2292
2102,2.102,-0.0094,-0.0073,-0.0145,0.0236,-0.087,-0.3076
2103,2.103,-0.0299,-0.0017,-0.2175,0.0205,-0.1143,-0.2382
2104,2.104,-0.0324,0.0068,-0.2982,0.0141,-0.09,-0.3027
2105,2.105,-0.0293,-0.0008,-0.3716,0.0062,-0.1573,-0.245
2106,2.106,-0.0165,-0.0078,-0.349,0.001,-0.4625,-0.8263
2107,2.107,-0.0182,-0.0065,-0.1653,-0.013,-0.3318,-0.7496
2108,2.108,-0.0076,0.0038,-0.0417,-0.0232,-0.0535,-0.2568
2109,2.109,0.0132,-0.0031,0.1155,-0.0176,0.1275,0.1926
2110,2.11,0.0109,-0.0093,0.1769,-0.0092,0.0952,0.2519
2111,2.111,0.0039,-0.0083,0.1958,-0.0017,0.1253,0.3055
2112,2.112,0.0198,-0.003,0.1459,-0.003,0.1526,0.2581
2113,2.113,0.0221,-0.0003,0.192,0.0033,0.1281,0.2149
2114,2.114,0.0242,-0.0029,0.2059,0.0111,0.3297,0.5723
2115,2.115,0.0294,-0.0051,0.143,0.0142,0.3569,0.9089
2116,2.116,0.0526,-0.0031,0.1545,0.0096,0.1348,0.4282
2117,2.117,0.0559,-0.0073,0.0397,0.0156,-0.0745,-0.021
2118,2.118,0.0411,-0.0078,-0.0676,0.0056,-0.1023,-0.1968
2119,2.119,0.0274,-0,0.0018,0.0043,-0.1273,-0.2505
2120,2.12,-0.0098,0.0055,-0.1625,-0.0045,-0.15,-0.2992
2121,2.121,0.0062,0.015,-0.3641,-0.0148,-0.0893,-0.2562
2122,2.122,0.079,0.0212,-0.2826,-0.0079,-0.219,-0.3754
2123,2.123,0.1313,0.0087,-0.1099,-0.0041,-0.4043,-0.9168
2124,2.124,0.0841,0.0036,-0.0871,-0.0096,-0.2319,-0.6849
2125,2.125,0.0583,0.0112,-0.1067,-0.0066,0.0152,-0.0506
2126,2.126,0.0194,0.0181,-0.1616,-0.0111,0.1144,0.2063
2127,2.127,-0.016,0.0269,-0.1107,-0.0016,0.1445,0.2848
2128,2.128,-0.0353,0.0279,-0.0646,-0.0003,0.1177,0.3555
2129,2.129,-0.0527,0.0121,0.144,-0.0128,0.1424,0.2922
2130,2.13,-0.0474,-0.0215,0.3527,-0.0178,0.1202,0.2343
2131,2.131,-0.0135,-0.0359,0.2172,-0.0071,0.3847,0.8155
2132,2.132,-0.0709,-0.0315,0.1434,0.0055,0.2768,0.7385
2133,2.133,-0.11,-0.0197,0.0763,0.0072,0.0465,0.2456
2134,2.134,-0.1029,-0.0162,-0.0253,0.0088,-0.1033,-0.2038
2135,2.135,-0.0577,-0.0064,-0.0436,0.0049,-0.1309,-0.2633
2136,2.136,-0.0048,0.0206,-0.0601,0.0087,-0.1067,-0.3167
2137,2.137,0.0593,0.0314,-0.1976,-0.0038,-0.1292,-0.2691
2138,2.138,0.1024,0.0083,-0.2161,-0.0121,-0.1091,-0.2259
2139,2.139,0.0632,0.017,-0.0984,-0.0105,-0.3128,-0.5834
2140,2.14,0.0134,0.0088,0.0392,-0.0008,-0.3942,-0.9202
2141,2.141,0.0456,-0.0085,0.1316,0.0005,-0.1229,-0.4397
2142,2.142,0.1101,-0.0107,0.1481,0.0084,0.0581,0.1374
2143,2.143,0.1013,-0.0087,0.2549,0.0115,0.0917,0.2164
2144,2.144,0.0465,-0.0106,0.324,0.0257,0.1219,0.2874
2145,2.145,0.0108,-0.0124,0.1847,0.0278,0.1492,0.352
2146,2.146,-0.0865,-0.0109,-0.0193,0,0.0757,0.1782
2147,2.147,-0.2119,-0.0123,-0.1553,-0.0117,0.2326,0.3366
2148,2.148,-0.2961,-0.0161,-0.2295,-0.0008,0.375,0.8651
2149,2.149,-0.2505,-0.0058,-0.297,0.0024,0.2084,0.6545
2150,2.15,-0.1812,0.0011,-0.277,-0.0183,0.0062,0.0777
2151,2.151,-0.0425,-0.0052,-0.296,-0.021,-0.0756,-0.1563
2152,2.152,0.0128,0.0051,-0.1451,-0.0234,-0.1006,-0.2278
2153,2.153,-0.0379,0.001,0.0781,-0.0256,-0.1231,-0.2927
2154,2.154,-0.084,-0.0027,0.1072,-0.0358,-0.103,-0.2353
2155,2.155,-0.0703,-0.006,0.0793,-0.0302,-0.1215,-0.183
2156,2.156,-0.0328,-0.009,0.103,-0.015,-0.3739,-0.8077
2157,2.157,0.0015,-0.0044,0.0801,0.0156,-0.266,-0.8935
2158,2.158,0.0324,-0.007,0.0188,0.0287,-0.0357,-0.1963
2159,2.159,0.0417,-0.0047,-0.0001,0.0247,0.1141,0.0862
2160,2.16,0.0501,0.0018,-0.0509,0.0066,0.0877,0.1725
2161,2.161,0.0732,0.0077,0.1171,0.0033,0.1618,0.2506
2162,2.162,0.0943,0.0085,0.184,-0.0116,0.1397,0.3213
2163,2.163,0.1134,0.0121,0.082,-0.0035,0.079,0.2577
2164,2.164,0.0958,0.0138,0.1372,-0.0109,0.3198,0.5481
2165,2.165,0.1115,0.0122,0.1536,-0.0043,0.3528,0.9179
2166,2.166,0.1161,0.0045,0.1684,0.0099,0.1439,0.389
2167,2.167,0.1026,0.0013,0.0985,0.0265,-0.0465,-0.1048
2168,2.168,0.0745,0.0045,0.0095,0.033,-0.1209,-0.1704
2169,2.169,0.0414,0.011,-0.0949,0.0268,-0.1436,-0.2294
2170,2.17,0.0014,0.0033,-0.2487,0.01,-0.1236,-0.2831
2171,2.171,-0.0355,0.0071,-0.2251,0.0091,-0.0974,-0.2512
2172,2.172,-0.0306,0.0083,-0.3279,-0.0022,-0.227,-0.3957
2173,2.173,-0.0165,0.002,-0.3844,-0.0125,-0.4122,-0.964
2174,2.174,-0.0212,-0.0004,-0.2675,-0.0107,-0.2399,-0.5775
2175,2.175,-0.0176,0.0096,-0.0998,-0.0159,0.0072,-0.0843
2176,2.176,0.0294,0.0057,0.0567,-0.0267,0.1063,0.2371
2177,2.177,0.0484,-0.003,0.1988,-0.0198,0.1366,0.18
2178,2.178,0.0306,-0.0106,0.1802,-0.0086,0.1098,0.3388
2179,2.179,0.025,-0.0135,0.1634,-0.0011,0.1344,0.2913
2180,2.18,0.0294,-0.0107,0.1483,-0.0026,0.1122,0.2478
2181,2.181,-0.0017,-0.0081,0.0789,-0.0017,0.4173,0.7637
2182,2.182,-0.0299,0.0035,0.041,0.0037,0.2865,0.8343
2183,2.183,-0.0555,0.0087,-0.0628,0.0065,0.0082,0.2578
2184,2.184,-0.0328,0.0195,-0.1326,0.009,-0.1007,-0.2855
2185,2.185,0.0001,0.0292,-0.07,0.0047,-0.1341,-0.3574
2186,2.186,-0.0043,0.0256,0.0101,-0.0068,-0.1047,-0.2944
2187,2.187,-0.0081,0.0248,0.0408,-0.0051,-0.1321,-0.2371
2188,2.188,-0.0042,0.0196,-0.0071,0.0027,-0.1077,-0.1847
2189,2.189,0.0059,0.0094,0.0182,0.0014,-0.3094,-0.5213
2190,2.19,0.0268,0.0055,0.041,0.0003,-0.3909,-0.9149
2191,2.191,0.0187,-0.0108,0.062,-0.0075,-0.1689,-0.4392
2192,2.192,0.0063,-0.0174,0.1069,-0.0065,0.0404,0.1379
2193,2.193,-0.0049,-0.0071,0.0773,-0.0073,0.1222,0.2168
2194,2.194,-0.0152,-0.0015,0.0614,0.0056,0.098,0.2879
2195,2.195,-0.0097,0.0002,0.1051,0.0039,0.1205,0.3524
2196,2.196,-0.0047,0.0018,0.0521,0.0024,0.1003,0.2948
2197,2.197,-0.0034,-0.0051,-0.0122,0.004,0.1929,0.3477
2198,2.198,-0.0024,-0.0013,-0.021,0.0028,0.378,0.8763
2199,2.199,0.001,-0.0022,0.0335,0.0066,0.2055,0.6658
2200,2.2,-0.0163,-0.0012,-0.0308,0.0099,0.0031,0.0891
2201,2.201,-0.0288,-0.0057,-0.074,0.0027,-0.0788,-0.1447
2202,2.202,-0.0176,-0.0048,-0.113,0.0054,-0.1039,-0.216
2203,2.203,-0.0073,-0.0132,-0.006,-0.0004,-0.1265,-0.2807
2204,2.204,-0.0239,-0.0142,0.0095,0.0049,-0.1066,-0.3393
2205,2.205,-0.0349,-0.0131,-0.0596,0.0014,-0.1252,-0.1812
2206,2.206,-0.0366,-0.0176,0.0039,-0.0068,-0.3777,-0.8059
2207,2.207,-0.0082,-0.0202,0.0389,-0.0011,-0.2698,-0.8916
2208,2.208,0.0042,-0.0239,0.0915,0.0043,-0.0397,-0.1944
2209,2.209,-0.0061,-0.0204,0.0445,0.0036,0.1101,0.0883
2210,2.21,-0.0153,-0.0109,-0.0156,0.0045,0.1376,0.1747
2211,2.211,-0.0176,-0.004,-0.07,-0.0006,0.1133,0.253
2212,2.212,-0.0251,-0.0003,-0.0912,0.0002,0.1359,0.324
2213,2.213,-0.0122,-0.0059,-0.0848,0.006,0.1156,0.2606
2214,2.214,0.0085,-0.005,-0.0792,0.0039,0.3193,0.5513
2215,2.215,0.0169,0.0014,-0.042,0.0118,0.4006,0.9214
2216,2.216,0.0148,-0.0029,0.0018,0.0191,0.1293,0.3928
2217,2.217,0.0172,-0.0052,0.0904,0.0219,-0.0519,-0.1007
2218,2.218,0.0194,-0.0018,0.1793,0.0262,-0.0854,-0.1661
2219,2.219,0.04,-0.0049,0.1226,0.0316,-0.1156,-0.2248
2220,2.22,0.0319,-0.0045,0.1338,0.0252,-0.143,-0.2781
2221,2.221,0.0247,-0.0041,0.144,0.0124,-0.1186,-0.2304
2222,2.222,0.0182,-0.0039,0.0842,-0.0043,-0.1858,-0.3614
2223,2.223,0.0287,0.0007,-0.0173,-0.0199,-0.4098,-0.957
2224,2.224,0.0272,-0.0024,-0.17,-0.0138,-0.2012,-0.7019
2225,2.225,0.0023,0.0027,-0.2306,-0.0082,-0.0109,-0.004
2226,2.226,-0.008,-0.0009,-0.1746,-0.0098,0.113,0.2787
2227,2.227,-0.0044,-0.0068,-0.1236,0.0131,0.1358,0.1949
2228,2.228,-0.007,-0.0062,-0.1382,0.0627,0.1159,0.2729
2229,2.229,0.0014,-0.0028,-0.0402,0.0698,0.0977,0.3437
2230,2.23,0.0139,0.0001,0.0742,0.0506,0.1146,0.1524
2231,2.231,0.0208,0.0028,0.029,0.0564,0.3442,0.7919
2232,2.232,-0.0056,0.0002,0.0157,0.0083,0.3116,0.7073
2233,2.233,-0.0308,0.0022,0.0287,-0.0501,0.0427,0.3198
2234,2.234,-0.0737,0.0085,0.0404,-0.1047,-0.066,-0.1738
2235,2.235,-0.1028,0.013,0.0302,-0.126,-0.0993,-0.2392
2236,2.236,-0.1185,0.0154,0.0777,-0.1197,-0.1294,-0.2981
2237,2.237,-0.0845,0.0115,0.1557,-0.0905,-0.1566,-0.2457
2238,2.238,-0.0182,0.0121,0.125,-0.0533,-0.0829,-0.1979
2239,2.239,0.0863,0.0114,0.0783,-0.0001,-0.3293,-0.591
2240,2.24,0.1004,0.0072,0.1221,0.007,-0.3622,-0.9609
2241,2.241,0.113,0.0118,0.0523,0.0133,-0.1533,-0.4321
2242,2.242,0.1015,0.0111,-0.0515,-0.016,0.0915,0.0617
2243,2.243,0.0704,0.015,-0.1483,-0.032,0.1252,0.2553
2244,2.244,0.0421,0.0133,-0.1103,-0.0464,0.0961,0.3144
2245,2.245,0.0507,0.0062,-0.1217,-0.0421,0.1236,0.2623
2246,2.246,0.0741,-0.0034,-0.1736,-0.0062,0.0994,0.2148
2247,2.247,0.0812,-0.0047,-0.0881,0.0179,0.2116,0.3459
2248,2.248,0.0877,-0.0038,-0.0766,0.0134,0.4356,0.8623
2249,2.249,0.0819,-0.0049,-0.0456,0.0172,0.2271,0.6518
2250,2.25,0.066,-0.0023,-0.0173,0.028,-0.0174,0.0751
2251,2.251,0.0029,0.0071,-0.0088,0.0443,-0.1164,-0.1588
2252,2.252,-0.0403,-0.0043,0.0617,0.0353,-0.087,-0.2302
2253,2.253,-0.0637,-0.0089,0.0142,0.0215,-0.1143,-0.2949
2254,2.254,-0.1563,-0.0049,0.0055,0.0141,-0.1389,-0.2374
2255,2.255,-0.1439,0.014,-0.0494,0.0118,-0.1166,-0.1849
2256,2.256,-0.1556,0.0112,-0.0426,0.0096,-0.3811,-0.8097
2257,2.257,-0.1454,0.0039,-0.0234,0.0113,-0.3452,-0.8953
2258,2.258,-0.136,0.0061,0.0296,0.0128,-0.0492,-0.1981
2259,2.259,-0.093,0.0121,0.108,0.0142,0.0705,0.0845
2260,2.26,-0.054,-0.0083,0.181,0.0045,0.1072,0.171
2261,2.261,-0.047,-0.0057,0.2475,0.0033,0.1404,0.249
2262,2.262,0.0112,0.0016,0.239,0.0111,0.1109,0.3198
2263,2.263,0.0815,0.0082,0.1371,0.0184,0.084,0.2564
2264,2.264,0.0908,0.0102,-0.0439,0.0139,0.3059,0.5472
2265,2.265,0.0819,0.0046,-0.2165,0.0079,0.3954,0.9174
2266,2.266,0.0584,-0.0004,-0.3285,0.0101,0.1513,0.3888
2267,2.267,0.0368,0.0011,-0.3895,0.0108,-0.0792,-0.1047
2268,2.268,0.0301,-0.003,-0.408,0.0091,-0.1096,-0.1702
2269,2.269,0.0124,-0.0066,-0.2903,0.0015,-0.137,-0.2291
2270,2.27,-0.0251,-0.0098,-0.0914,0.0025,-0.1127,-0.2824
2271,2.271,-0.0982,-0.0108,0.0981,-0.002,-0.0906,-0.2348
2272,2.272,-0.1677,-0.0184,0.1995,0.0064,-0.1999,-0.3271
2273,2.273,-0.1784,-0.0211,0.2238,0.0039,-0.4238,-0.8951
2274,2.274,-0.0933,-0.0151,0.2011,0.006,-0.2153,-0.6633
2275,2.275,-0.0131,-0.0158,0.2209,0.0081,-0.025,-0.029
2276,2.276,0.0387,-0.0093,0.1279,-0.0014,0.0988,0.2281
2277,2.277,0.0479,-0.0014,0.0434,-0.0054,0.1216,0.3067
2278,2.278,0.0562,0.0039,-0.0336,-0.0065,0.1422,0.2371
2279,2.279,0.0483,0.0048,-0.0481,-0.0032,0.1239,0.3017
2280,2.28,0.0409,0.0074,-0.0359,0.0064,0.1407,0.2442
2281,2.281,0.0472,0.0097,0.0213,0.0053,0.3702,0.7198
2282,2.282,0.0527,0.0062,0.0941,0.0021,0.2719,0.7842
2283,2.283,0.0473,0.002,0.1226,0.0094,0.0628,0.2604
2284,2.284,0.0327,0.0073,0.0625,0.0121,-0.0736,-0.0926
2285,2.285,0.0281,0.0025,0.0082,0.013,-0.0987,-0.2858
2286,2.286,0.024,-0.0005,-0.0699,0.0077,-0.1215,-0.2284
2287,2.287,0.013,-0.0009,-0.1634,-0.0016,-0.1421,-0.2817
2288,2.288,0.0226,0.0069,-0.2008,-0.0052,-0.0869,-0.2339
2289,2.289,0.0496,0.0125,-0.1891,-0.0082,-0.3056,-0.5396
2290,2.29,0.0676,0.0136,-0.0952,-0.011,-0.3952,-0.9765
2291,2.291,0.0378,0.0033,0.0185,-0.0062,-0.2054,-0.4532
2292,2.292,0.0098,-0.0007,0.095,0.0018,0.0171,0.0405
2293,2.293,-0.0012,-0.0044,0.1087,0.003,0.107,0.2341
2294,2.294,0.015,-0.0011,0.0961,0.004,0.1344,0.2932
2295,2.295,-0,-0.0041,0.0845,0.0017,0.1591,0.3467
2296,2.296,0.0025,-0.0068,0.0533,-0.0051,0.1368,0.2031
2297,2.297,0,-0.0179,0.0817,-0.0022,0.2384,0.3344
2298,2.298,-0.0023,-0.0163,0.1077,0.004,0.4051,0.9302
2299,2.299,-0.0085,-0.0122,0.0532,0.0035,0.2483,0.6752
2300,2.3,-0.0068,0.0043,-0.025,0.0016,-0.017,0.1324
2301,2.301,0.0083,0.0022,-0.0145,0.0076,-0.0539,-0.2208
2302,2.302,0.0183,0.0002,0.071,0.0147,-0.0872,-0.2858
2303,2.303,0.0199,-0.009,0.1055,0.0102,-0.1173,-0.3445
2304,2.304,0.0113,-0.0072,0.0533,0.0078,-0.1446,-0.1866
2305,2.305,0.0035,0.0035,-0.0129,0.0085,-0.1203,-0.2348
2306,2.306,-0.0063,0.0049,-0.1249,0.0022,-0.4117,-0.8027
2307,2.307,-0.0177,0.0037,-0.0788,-0.0107,-0.293,-0.8804
2308,2.308,-0.0162,0.0115,-0.148,-0.0385,-0.0403,-0.2466
2309,2.309,-0.012,0.0146,-0.2105,-0.0503,0.059,0.1809
2310,2.31,-0.0081,0.0155,-0.1525,-0.0611,0.0893,0.2597
2311,2.311,0.0091,0.0198,-0.0374,-0.0513,0.1167,0.1903
2312,2.312,0.0366,0.0129,0.0703,-0.0364,0.1415,0.2549
2313,2.313,0.0188,0.0121,0.057,-0.0228,0.0745,0.0811
2314,2.314,0.0094,-0.0006,0.0198,-0.0005,0.2983,0.5569
2315,2.315,0.0068,0.0013,0.0317,0.0024,0.3878,0.877
2316,2.316,0.0098,-0.0037,0.0422,0.0104,0.1436,0.4704
2317,2.317,0.0173,-0.0021,0.0518,0.0031,-0.0868,-0.0067
2318,2.318,0.0153,0.002,0.0261,0.0008,-0.1173,-0.2001
2319,2.319,0.0094,0.0009,0.0028,0.0027,-0.1447,-0.259
2320,2.32,0.0003,-0.0001,0.0101,0.0082,-0.1204,-0.2069
2321,2.321,0.0021,0.001,0.0042,0.0064,-0.0982,-0.2554
2322,2.322,-0.0023,-0.0035,0.0224,0.0139,-0.1999,-0.2992
2323,2.323,-0.0203,-0.006,0.0179,0.0124,-0.4037,-0.8948
2324,2.324,-0.0474,-0.0037,0.0429,-0.0016,-0.2141,-0.6399
2325,2.325,-0.0653,-0.0085,0.1097,-0.0036,0.0084,-0.097
2326,2.326,-0.0617,-0.0115,0.1577,0.008,0.0984,0.2563
2327,2.327,-0.0822,-0.0085,0.1495,0.0093,0.126,0.1935
2328,2.328,-0.0572,-0.0079,0.0951,-0.0034,0.1509,0.2524
2329,2.329,-0.0404,-0.0048,0.0312,-0.0088,0.1289,0.3058
2330,2.33,-0.0313,0.0001,-0.0635,-0.0016,0.1088,0.2581
2331,2.331,-0.0229,0.0007,-0.2022,0.002,0.3867,0.7386
2332,2.332,-0.025,0.0049,-0.2945,0.0027,0.3474,0.803
2333,2.333,-0.0136,0.0055,-0.2438,0.0054,0.0946,0.2794
2334,2.334,-0.0155,0.0034,-0.167,0.0038,-0.0702,-0.2143
2335,2.335,0.0052,-0.0003,-0.153,0.0005,-0.1005,-0.2796
2336,2.336,0.0244,-0.0008,-0.0897,-0.0008,-0.1278,-0.2225
2337,2.337,0.0418,0.0035,-0.0091,-0.008,-0.1525,-0.2757
2338,2.338,0.0485,0.0041,0.0638,-0.0073,-0.0854,-0.228
2339,2.339,0.0546,0.0067,0.0544,-0.0016,-0.3091,-0.5338
2340,2.34,0.0455,0.0037,0.0458,-0.0088,-0.3986,-0.8914
2341,2.341,0.0405,0.005,0.0538,-0.0045,-0.1543,-0.4589
2342,2.342,0.039,0.0008,0.0469,-0.0038,0.0762,0.0658
2343,2.343,0.0182,-0.008,0.0536,-0.0003,0.1068,0.2783
2344,2.344,0.0033,-0.0117,0.0712,0.0072,0.1343,0.2153
2345,2.345,-0.0048,-0.0126,0.0555,0.0059,0.1592,0.2742
2346,2.346,-0.0071,-0.0096,0.0023,0.0065,0.0924,0.222
2347,2.347,-0.0006,-0.0141,0.0379,-0.0015,0.1943,0.3663
2348,2.348,0.0015,-0.0116,0.0702,0.0035,0.3983,0.9344
2349,2.349,-0.0116,-0.0094,-0.0063,0.0025,0.2088,0.7027
2350,2.35,-0.0133,-0.0074,0.1293,0.0049,-0.0135,0.0685
2351,2.351,0.0006,0.0021,0.2217,0.0056,-0.1034,-0.1884
2352,2.352,0.0023,0.0007,0.1374,0.0035,-0.1307,-0.267
2353,2.353,-0.0062,0.0095,-0.0004,0.0066,-0.1063,-0.338
2354,2.354,0.0043,0.0243,-0.0561,0.0143,-0.1288,-0.2745
2355,2.355,-0.0083,0.0303,-0.0731,0.0093,-0.1086,-0.2166
2356,2.356,-0.0237,0.0135,-0.1499,-0.0008,-0.3864,-0.7976
2357,2.357,-0.0299,0.0069,-0.1919,-0.0157,-0.3469,-0.8752
2358,2.358,-0.0022,0.0007,-0.0786,-0.0214,-0.0939,-0.2415
2359,2.359,0.0176,-0.005,-0.0026,-0.0005,0.0711,0.1859
2360,2.36,-0.0079,-0.0067,-0.0727,0.0026,0.1015,0.2648
2361,2.361,-0.0112,-0.0114,-0.1363,0.0105,0.129,0.3358
2362,2.362,-0.0141,-0.0101,-0.1482,-0.0001,0.1539,0.2724
2363,2.363,-0.0061,-0.009,-0.0964,-0.0016,0.087,0.2147
2364,2.364,0.0111,0.0013,-0.0305,0.0082,0.3109,0.4788
2365,2.365,0.0177,-0.0029,-0.0395,0.007,0.4005,0.9116
2366,2.366,0.0076,-0.0018,0.0462,-0.0032,0.1564,0.5049
2367,2.367,0.0169,-0.0051,0.1265,-0.0014,-0.074,-0.0776
2368,2.368,0.0186,-0,0.1365,0.0002,-0.1044,-0.1565
2369,2.369,0.0048,-0.0086,0.0509,0.0039,-0.1317,-0.2277
2370,2.37,-0.0083,-0.0031,0.0161,0.0053,-0.1074,-0.2924
2371,2.371,-0.0033,-0.0002,-0.0154,0.0031,-0.0851,-0.2349
2372,2.372,0.0011,0.0024,-0.0252,0.0095,-0.1868,-0.2879
2373,2.373,-0.004,0.0014,-0.0209,0.0235,-0.4188,-0.9163
2374,2.374,-0.0111,-0.003,-0.0127,0.0309,-0.2151,-0.6765
2375,2.375,0,-0.0083,-0.0053,0.0249,0.0295,-0.1076
2376,2.376,0.0014,-0.0064,0.0297,0.0382,0.0631,0.126
2377,2.377,-0.0112,-0.0048,0.0228,0.0666,0.0933,0.1973
2378,2.378,-0.013,-0.0137,0.028,0.1031,0.1207,0.2616
2379,2.379,-0.0084,-0.0175,0.0222,0.1179,0.0964,0.32
2380,2.38,-0.0071,-0.0073,0.0168,0.1314,0.1188,0.1619
2381,2.381,-0.0033,-0.0088,0.0029,0.1278,0.3834,0.6902
2382,2.382,-0.0023,-0.0202,-0.0018,0.1245,0.3475,0.7607
2383,2.383,0.0072,-0.0126,-0.0133,0.0818,0.0517,0.3121
2384,2.384,0.011,0.0054,-0.0237,-0.0061,-0.0681,-0.0964
2385,2.385,0.0101,0.0177,-0.0211,-0.1196,-0.1048,-0.2566
2386,2.386,0.0049,0.0154,-0.0241,-0.1653,-0.138,-0.3057
2387,2.387,0.0023,0.0133,-0.012,-0.1235,-0.1086,-0.263
2388,2.388,-0.0104,0.0002,-0.0011,-0.0603,-0.0818,-0.2241
2389,2.389,-0.0084,0.0018,0.0048,-0.0487,-0.3037,-0.477
2390,2.39,0.0001,0.0032,0.01,-0.059,-0.3933,-0.9699
2391,2.391,0.0017,0.0045,0.0114,-0.0305,-0.1493,-0.4779
2392,2.392,-0.0023,0.0057,0.0035,0.0298,0.0811,0.0988
2393,2.393,-0.0034,0.0046,-0.0036,0.0064,0.1115,0.1773
2394,2.394,-0.0002,0.0056,-0.0101,-0.0009,0.0846,0.2483
2395,2.395,-0.0054,0.0028,-0.0047,-0.0075,0.1093,0.3125
2396,2.396,-0.0081,0.0036,0.0003,0.0097,0.087,0.2547
2397,2.397,-0.0038,0.0088,-0.0008,-0.0065,0.1886,0.3073
2398,2.398,-0,0.0124,-0.0018,-0.0601,0.3922,0.9318
2399,2.399,0.0107,0.0166,-0.0057,-0.0675,0.2025,0.6766
2400,2.4,0.0337,0.0148,-0.0009,-0.0614,-0.0201,0.1336
2401,2.401,0.0568,0.0226,0.0034,-0.0791,-0.1104,-0.2199
2402,2.402,0.0419,0.0194,0.0098,-0.0846,-0.0839,-0.2853
2403,2.403,0.0282,0.0204,0.0157,-0.0895,-0.1089,-0.3443
2404,2.404,0.0209,0.0101,0.0147,-0.1295,-0.0869,-0.3978
2405,2.405,0.0143,0.0087,0.0193,-0.135,-0.1075,-0.2541
2406,2.406,0.0122,0.0099,0.0284,-0.1112,-0.3855,-0.7348
2407,2.407,0.0066,0.0089,0.0406,-0.0808,-0.3462,-0.7994
2408,2.408,-0.0052,-0.0005,0.0556,-0.1013,-0.0935,-0.2758
2409,2.409,-0.0159,-0.0144,0.0697,-0.1348,0.0711,0.2179
2410,2.41,-0.0227,-0.0199,0.0753,-0.0782,0.1014,0.2831
2411,2.411,-0.0289,-0.0148,0.0533,-0.0085,0.1286,0.3419
2412,2.412,-0.0367,-0.0102,0.0326,0.038,0.1533,0.2897
2413,2.413,-0.0481,-0.0141,0.0135,0.0629,0.0862,0.242
2414,2.414,-0.0555,-0.0078,-0.0235,0.101,0.3098,0.4603
2415,2.415,-0.0594,0,-0.0713,0.0929,0.3992,0.8972
2416,2.416,-0.0529,0.0031,-0.1034,0.0982,0.155,0.4904
2417,2.417,-0.0357,0.0023,-0.1205,0.068,-0.0756,0.0134
2418,2.418,0.0017,0.0065,-0.0935,0.0512,-0.1062,-0.18
2419,2.419,0.039,0.0013,-0.0398,0.0456,-0.1338,-0.239
2420,2.42,0.0924,0.002,-0.004,0.0317,-0.1096,-0.2924
2421,2.421,0.0996,0.0024,0.0027,0.0192,-0.0875,-0.2449
2422,2.422,0.0413,-0.0064,0.0087,0.0078,-0.1894,-0.2887
2423,2.423,0.0179,-0.0076,0.0143,0.0043,-0.4303,-0.8842
2424,2.424,0.0108,-0.0045,0.0583,0.013,-0.2007,-0.6293
2425,2.425,0.0042,-0.014,0.076,0.0105,0.0084,-0.0865
2426,2.426,-0.0133,-0.0129,0.0498,0.0179,0.0903,0.2668
2427,2.427,-0.0187,-0.0119,0.0358,0.0293,0.1152,0.2042
2428,2.428,-0.014,-0.0047,0.023,0.0438,0.1377,0.263
2429,2.429,-0.0097,-0.0055,0.0115,0.0571,0.1176,0.3165
2430,2.43,-0.0137,-0.0047,0.0011,0.059,0.136,0.1728
2431,2.431,-0.0103,-0.0041,-0.0216,0.0517,0.3884,0.7409
2432,2.432,-0.0136,-0.0006,-0.0662,0.0505,0.3525,0.8187
2433,2.433,-0.0167,-0.0001,-0.0852,0.0318,0.0567,0.3262
2434,2.434,-0.0141,0.0004,-0.0557,0.0238,-0.063,-0.1228
2435,2.435,-0.0118,0.0018,-0.0074,0.0114,-0.0996,-0.1819
2436,2.436,-0.0097,-0.0004,0.0251,0.0136,-0.1328,-0.2354
2437,2.437,-0.0037,0.0042,0.0662,0.0321,-0.1628,-0.2839
2438,2.438,-0.0057,-0.0028,0.0823,0.0298,-0.0816,-0.2405
2439,2.439,-0.004,-0.0113,0.0487,0.0188,-0.3034,-0.5182
2440,2.44,-0.0026,-0.0103,0.0181,0.0374,-0.3928,-0.9151
2441,2.441,-0.004,-0.0032,-0.0017,0.0549,-0.1486,-0.4394
2442,2.442,-0.0128,-0.0041,-0.0268,0.0529,0.0819,0.01
2443,2.443,-0.0097,-0.0051,-0.0364,0.0431,0.1124,0.1861
2444,2.444,-0.0067,0.0001,-0.0275,0.049,0.14,0.2401
2445,2.445,-0.0041,0.0008,-0.0301,0.0443,0.1157,0.289
2446,2.446,-0.0171,0.0002,-0.0227,0.0278,0.0936,0.2461
2447,2.447,-0.0191,-0.0015,-0.043,0.0304,0.1954,0.2864
2448,2.448,-0.0108,0.0043,-0.0787,0.0002,0.3993,0.828
2449,2.449,0.0121,0.008,-0.0834,-0.0654,0.2639,0.5965
2450,2.45,0.0284,0.006,-0.0349,-0.1122,-0.0076,0.1035
2451,2.451,0.0312,0.003,-0.0026,-0.1203,-0.1164,-0.2176
2452,2.452,0.0393,0.0072,0.0266,-0.0651,-0.084,-0.2767
2453,2.453,0.0368,0.0068,0.053,-0.0289,-0.1139,-0.33
2454,2.454,0.0211,-0.0001,0.0771,-0.009,-0.1411,-0.2823
2455,2.455,0.0149,-0.0115,0.0283,0.0091,-0.1165,-0.2388
2456,2.456,0.0092,-0.0191,0.0086,0.0684,-0.4078,-0.7549
2457,2.457,-0.0027,-0.0231,-0.021,0.1082,-0.289,-0.8253
2458,2.458,-0.0167,-0.0219,-0.0161,0.1444,-0.1081,-0.2489
2459,2.459,-0.0225,-0.0187,-0.0021,0.1644,0.1225,0.1398
2460,2.46,-0.031,-0.0177,-0.0423,0.1708,0.0935,0.2118
2461,2.461,-0.0418,-0.0204,-0.0268,0.1556,0.121,0.2767
2462,2.462,-0.06,-0.0075,-0.0128,0.1515,0.1458,0.3354
2463,2.463,-0.0624,0.0019,-0.0089,0.1215,0.079,0.1775
2464,2.464,-0.0513,0.0171,-0.0213,0.0942,0.3029,0.514
2465,2.465,-0.0288,0.0233,-0.0184,0.0402,0.3925,0.9075
2466,2.466,-0.0139,0.0289,-0.0159,-0.0453,0.1484,0.432
2467,2.467,0.0052,0.0273,-0.0255,-0.0794,-0.082,-0.0171
2468,2.468,0.0077,0.035,-0.0236,-0.1101,-0.1124,-0.1929
2469,2.469,0.01,0.0364,-0.022,-0.1382,-0.1398,-0.2466
2470,2.47,0.0203,0.0353,-0.0293,-0.1984,-0.1156,-0.2953
2471,2.471,0.0446,0.0386,-0.0441,-0.2687,-0.0934,-0.252
2472,2.472,0.0811,0.0334,-0.0578,-0.373,-0.1951,-0.2919
2473,2.473,0.1054,0.0289,-0.0365,-0.3868,-0.3989,-0.8333
2474,2.474,0.0934,0.0188,-0.0193,-0.3128,-0.2548,-0.6885
2475,2.475,0.0449,0.006,-0.011,-0.2751,-0.0102,-0.1457
2476,2.476,0.0256,-0.0107,-0.0143,-0.2176,0.0891,0.2074
2477,2.477,0.0199,-0.0218,-0.0223,-0.1448,0.1193,0.2723
2478,2.478,0.0147,-0.0075,-0.0254,-0.0786,0.1467,0.3309
2479,2.479,0.0099,0.0019,-0.012,-0.0356,0.1224,0.2784
2480,2.48,0.032,0.0071,-0.0036,0.0033,0.1002,0.2304
2481,2.481,0.0359,0.0087,0.0006,0.0244,0.3648,0.7106
2482,2.482,-0.0041,-0.0008,0.0104,0.0953,0.3289,0.7748
2483,2.483,-0.0093,0.0183,0.0248,0.1044,0.0988,0.251
2484,2.484,-0.014,0.0157,0.0423,0.0954,-0.1106,-0.1024
2485,2.485,-0.036,0.0085,0.0487,0.1028,-0.1383,-0.168
2486,2.486,-0.0477,-0.007,0.0412,0.1095,-0.1632,-0.2271
2487,2.487,-0.0512,-0.021,0.0219,0.1283,-0.1412,-0.2807
2488,2.488,-0.0478,-0.0042,-0.0061,0.1221,-0.1212,-0.2333
2489,2.489,-0.0389,0.0115,-0.0249,0.1375,-0.2879,-0.4521
2490,2.49,-0.025,0.0217,-0.0288,0.1225,-0.4002,-0.9687
2491,2.491,-0.0076,-0.0023,-0.0265,0.1,-0.1355,-0.4767
2492,2.492,-0.0052,-0.0187,-0.008,0.0794,0.0455,-0.0278
2493,2.493,0.0174,-0.0334,0.0037,0.0607,0.1446,0.2641
2494,2.494,0.0262,-0.0252,0.0052,0.0569,0.1151,0.212
2495,2.495,0.0072,-0.0523,0.0105,0.0292,0.1424,0.1645
2496,2.496,0.0097,-0.0487,0.0117,0.0177,0.1179,0.2085
2497,2.497,0.0032,-0.0388,0.0128,-0.0193,0.185,0.3274
2498,2.498,-0.0068,-0.0358,0.0015,-0.0246,0.4088,0.8685
2499,2.499,-0.0048,-0.0494,-0.0087,-0.0208,0.2597,0.6365
2500,2.5,0.0005,-0.0517,0.0046,-0.0254,0.0151,0.1431
2501,2.501,-0.0009,-0.0494,0.0135,-0.0225,-0.0842,-0.1784
2502,2.502,-0.0076,-0.0268,0.0114,-0.0263,-0.1146,-0.2379
2503,2.503,-0.0137,-0.0119,0.034,-0.012,-0.1421,-0.2916
2504,2.504,-0.0146,0.0073,0.0832,0.0177,-0.1179,-0.2444
2505,2.505,-0.005,0.0246,0.0759,0.0133,-0.0958,-0.2012
2506,2.506,0.009,0.0313,0.0304,0.0093,-0.4012,-0.7175
2507,2.507,0.011,0.0212,0.0126,0.0253,-0.3579,-0.7883
2508,2.508,-0.0075,0.0156,-0.0142,0.0278,-0.0798,-0.3402
2509,2.509,-0.0148,0.0174,-0.0387,0.0247,0.1012,0.1846
2510,2.51,-0.0213,0.022,-0.0433,0.022,0.1345,0.2562
2511,2.511,-0.0233,0.0234,-0.0316,0.0239,0.1048,0.3207
2512,2.512,-0.0102,0.0197,0.0011,0.0217,0.132,0.2631
2513,2.513,-0.0018,0.0142,0.0142,0.0195,0.1076,0.2108
2514,2.514,-0.0124,0.009,0.0181,0.0208,0.3091,0.451
2515,2.515,-0.0193,0.0117,0.0434,0.025,0.3904,0.9317
2516,2.516,-0.023,0.011,0.0599,0.0205,0.1682,0.4839
2517,2.517,-0.0081,0.0026,0.0329,0.0138,-0.0412,-0.0408
2518,2.518,0.0021,0.0058,0.0149,0.0031,-0.0691,-0.2532
2519,2.519,0.0002,0.0048,-0.0279,0.0014,-0.1434,-0.3183
2520,2.52,0.0053,0.017,-0.0335,0.0024,-0.1215,-0.2609
2521,2.521,0.0159,0.0321,0.0039,0.0078,-0.1016,-0.2086
2522,2.522,0.0034,0.0219,-0.0686,0.0046,-0.1943,-0.257
2523,2.523,0.0051,0.0126,-0.0994,-0.0019,-0.4133,-0.9123
2524,2.524,0.019,-0.0027,-0.0517,-0.0027,-0.2644,-0.6319
2525,2.525,0.0209,-0.0008,0.0263,-0.0048,-0.02,-0.035
2526,2.526,0.0192,0.0009,0.0788,-0.0037,0.0791,0.1986
2527,2.527,0.0206,0.0025,0.0319,-0.0063,0.1093,0.27
2528,2.528,0.0135,-0.0083,0.0237,-0.0111,0.1365,0.3347
2529,2.529,0.0122,-0.0044,0.0008,-0.0085,0.1122,0.2773
2530,2.53,0.0175,-0.0057,-0.0058,-0.0084,0.0898,0.2249
2531,2.531,0.0059,-0.0048,-0.0117,-0.0142,0.3543,0.6572
2532,2.532,0.0042,0.0004,0.0181,-0.0143,0.3184,0.8319
2533,2.533,0.0221,-0.0025,0.0774,-0.0173,0.0882,0.2503
2534,2.534,0.0146,-0.0068,0.0545,-0.0144,-0.0616,-0.1382
2535,2.535,-0.0148,-0.0106,0.0338,-0.0153,-0.0894,-0.2098
2536,2.536,-0.0187,-0.0057,-0.0109,-0.0162,-0.1143,-0.2744
2537,2.537,-0.0369,-0.0053,-0.0513,-0.0077,-0.137,-0.333
2538,2.538,-0.0271,-0.0025,-0.0988,-0.0013,-0.0762,-0.2805
2539,2.539,-0.03,-0.0021,-0.1176,0.0066,-0.2799,-0.5208
2540,2.54,-0.0053,0.0001,-0.0879,0.01,-0.4156,-0.9142
2541,2.541,0.0178,-0.0028,-0.0288,0.008,-0.1936,-0.5446
2542,2.542,0.0327,-0.0047,0.0262,0.0001,0.0756,0.0816
2543,2.543,0.0246,-0.0045,0.0337,0.0015,0.1124,0.1682
2544,2.544,0.0173,-0.0035,0.0148,-0.0011,0.1457,0.2467
2545,2.545,0.0017,-0.0034,0.0094,-0.011,0.1162,0.3177
2546,2.546,-0.0208,-0.0048,0.0044,-0.0259,0.0894,0.2543
2547,2.547,-0.0297,-0.0032,-0.0002,-0.0398,0.1632,0.3127
2548,2.548,-0.0216,-0.0052,0.0044,-0.0265,0.4098,0.8941
2549,2.549,-0.0239,-0.0051,0.0007,-0.0144,0.2459,0.6626
2550,2.55,-0.0127,-0.004,0.0044,-0.0035,-0.0232,0.1696
2551,2.551,-0.0107,-0.0045,0.0014,0.0064,-0.0599,-0.1516
2552,2.552,-0.0199,-0.0032,-0.0011,0.0154,-0.0932,-0.2107
2553,2.553,-0.0047,-0.0024,-0.0089,0.0188,-0.1232,-0.2641
2554,2.554,-0.0026,-0.0005,-0.0062,0.02,-0.0963,-0.3125
2555,2.555,-0.0008,-0.0042,-0.0037,0.0287,-0.1208,-0.1816
2556,2.556,0.0078,0.0027,-0.0096,0.0344,-0.3672,-0.6978
2557,2.557,0.0124,-0.0056,-0.0152,0.0188,-0.3345,-0.9089
2558,2.558,0.0112,0.0002,-0.0169,0.0078,-0.0656,-0.3327
2559,2.559,0.0075,-0.0026,-0.0216,-0.0228,0.1156,0.2107
2560,2.56,0.0178,-0.0016,-0.0148,-0.08,0.0835,0.2826
2561,2.561,0.0248,0.0011,-0.0162,-0.0253,0.1137,0.2195
2562,2.562,0.0185,-0.001,-0.0154,0.0102,0.1411,0.2783
2563,2.563,0.0263,0.0027,-0.0186,0.0295,0.0676,0.2259
2564,2.564,0.0336,-0.0029,-0.0143,0.0002,0.3142,0.4664
2565,2.565,0.0328,-0.0022,-0.0204,-0.0157,0.4129,0.9472
2566,2.566,0.0287,0.0028,-0.0228,0.018,0.1444,0.4998
2567,2.567,0.0172,0.0111,-0.0294,0.0046,-0.0366,-0.0247
2568,2.568,0.019,0.0143,-0.0272,-0.0316,-0.07,-0.2369
2569,2.569,0.0206,0.0195,-0.0253,-0.0461,-0.1001,-0.3018
2570,2.57,0.0137,0.0168,-0.022,-0.0419,-0.1273,-0.2444
2571,2.571,-0.0054,0.0126,-0.0182,-0.0221,-0.1029,-0.2975
2572,2.572,-0.0301,0.0147,-0.0226,0.0032,-0.17,-0.2496
2573,2.573,-0.0268,0.0183,-0.0204,0.0062,-0.4346,-0.9048
2574,2.574,-0.024,0.0099,-0.023,-0.0089,-0.2543,-0.6243
2575,2.575,-0.0112,0.0069,-0.0231,0.0166,-0.0164,-0.127
2576,2.576,0.0079,0.0078,-0.0214,0.03,0.0828,0.1301
2577,2.577,0.0204,0.0047,-0.0259,0.057,0.1131,0.2087
2578,2.578,0.0226,0.0055,-0.0351,0.0675,0.1405,0.2798
2579,2.579,0.0085,-0.0024,-0.0343,0.0509,0.1163,0.3444
2580,2.58,0.014,0.0007,-0.0176,0.0056,0.0941,0.1704
2581,2.581,-0.0013,-0.0001,0.0043,-0.0529,0.3588,0.6462
2582,2.582,-0.0198,-0.0078,0.0009,-0.0454,0.323,0.8385
2583,2.583,-0.0323,-0.013,0.0032,-0.067,0.0929,0.315
2584,2.584,-0.0617,-0.0215,-0.0045,-0.0738,-0.1164,-0.1787
2585,2.585,-0.0818,-0.0182,-0.0115,-0.0683,-0.0899,-0.244
2586,2.586,-0.0564,-0.0088,-0.006,-0.0633,-0.164,-0.3027
2587,2.587,-0.0399,-0.015,-0.0009,-0.0297,-0.1419,-0.2504
2588,2.588,-0.031,-0.0094,0.0069,-0.0079,-0.0811,-0.2026
2589,2.589,-0.0281,-0.0146,0.0108,-0.0043,-0.2848,-0.4211
2590,2.59,-0.0107,-0.0081,0.0171,-0.0009,-0.4204,-0.9375
2591,2.591,0.0186,-0.0038,0.0279,0.0087,-0.1493,-0.4453
2592,2.592,0.0386,0.0077,0.0413,0.0057,0.0319,0.0039
2593,2.593,0.042,0.0229,0.0576,0.0136,0.0654,0.1801
2594,2.594,0.0386,0.0331,0.0684,0.0257,0.1551,0.2341
2595,2.595,0.0354,0.02,0.078,0.0099,0.1283,0.2829
2596,2.596,-0.0006,0.0116,0.0532,-0.0045,0.1039,0.2399
2597,2.597,-0.0152,0.01,0.0295,0.0195,0.1711,0.2798
2598,2.598,-0.0111,0.0086,-0.0041,0.0225,0.4357,0.8211
2599,2.599,-0.0231,0.0074,-0.0533,0.0251,0.2555,0.7443
2600,2.6,-0.0124,0.0222,-0.0988,0.0276,0.025,0.1103
2601,2.601,-0.0027,0.0283,-0.0933,0.0251,-0.1248,-0.1464
2602,2.602,0.018,0.0115,-0.0986,0.0315,-0.1524,-0.225
2603,2.603,0.0041,-0.0223,-0.0551,0.0375,-0.1773,-0.2957
2604,2.604,-0.0132,-0.0562,-0.0022,0.0355,-0.1104,-0.2323
2605,2.605,-0.0198,-0.087,0.0333,0.0303,-0.0903,-0.1746
2606,2.606,-0.0219,-0.0989,0.0398,0.0317,-0.3683,-0.6501
2607,2.607,0.006,-0.0809,0.0454,0.0221,-0.3289,-0.8424
2608,2.608,0.0339,-0.0314,0.0612,0.0032,-0.0762,-0.3187
2609,2.609,0.0303,-0.0101,0.0658,-0.0106,0.0885,0.175
2610,2.61,0.0206,-0.0038,0.0525,0.0017,0.1189,0.2405
2611,2.611,0.0179,0.0019,0.0324,0.0082,0.1462,0.2995
2612,2.612,0.0153,-0.0034,0.0142,0.0183,0.1218,0.2474
2613,2.613,-0.0018,0.011,0.0043,0.0201,0.0995,0.1998
2614,2.614,-0.0127,0.0329,-0.0107,0.0286,0.2827,0.4184
2615,2.615,-0.0105,0.0446,-0.0135,0.0271,0.4059,0.9348
2616,2.616,-0.0122,0.0481,-0.0258,0.0201,0.1592,0.4428
2617,2.617,0.0134,0.0448,-0.0279,0.0089,-0.0713,-0.0063
2618,2.618,0.0608,0.0418,-0.0298,-0.0141,-0.1019,-0.182
2619,2.619,0.0672,0.0336,-0.0203,-0.0438,-0.1294,-0.2358
2620,2.62,0.0262,0.0311,-0.015,-0.032,-0.1543,-0.2844
2621,2.621,-0.0006,0.0107,-0.0193,-0.0283,-0.0875,-0.2412
2622,2.622,0.004,0.0406,-0.0259,-0.0119,-0.1485,-0.281
2623,2.623,-0.0181,0.0444,-0.0168,0.0091,-0.4265,-0.8221
2624,2.624,-0.0381,0.0407,-0.0062,0.0229,-0.2282,-0.7451
2625,2.625,-0.0489,0.0176,-0.0045,0.0107,0.0248,-0.1108
2626,2.626,-0.0323,-0.0156,-0.0079,-0.0047,0.1239,0.1461
2627,2.627,-0.0112,-0.0289,-0.0065,-0.0188,0.0946,0.2248
2628,2.628,0.0082,-0.0409,-0.0071,-0.0205,0.1219,0.2958
2629,2.629,0.0407,-0.0591,-0.0074,-0.0254,0.0975,0.2325
2630,2.63,0.0542,-0.0691,-0.0027,-0.0084,0.1199,0.1748
2631,2.631,0.0582,-0.0421,-0.0074,0.0073,0.3845,0.6504
2632,2.632,0.0475,-0.0169,0.0038,0.0134,0.3486,0.8426
2633,2.633,0.0047,-0.0006,0.0213,-0.0033,0.1185,0.3191
2634,2.634,-0.0599,-0.0035,0.0152,-0.0188,-0.0908,-0.1747
2635,2.635,-0.103,-0.0174,0.0259,-0.0126,-0.1186,-0.2403
2636,2.636,-0.1421,-0.0151,0.0393,-0.0069,-0.1434,-0.2992
2637,2.637,-0.1064,-0.0129,0.0413,-0.0186,-0.1214,-0.2471
2638,2.638,-0.0478,0.0012,0.0278,-0.0291,-0.1012,-0.1995
2639,2.639,0.007,-0.0007,0.0077,-0.0276,-0.3049,-0.418
2640,2.64,0.0714,-0.0024,-0,-0.0085,-0.4404,-0.9344
2641,2.641,0.132,0.0175,0.0027,0.0108,-0.1692,-0.583
2642,2.642,0.1401,0.0148,0.0233,0.0134,0.0841,-0.0059
2643,2.643,0.1474,0.0124,0.0426,0.007,0.1177,0.2277
2644,2.644,0.1024,0.0103,0.08,0.0092,0.148,0.2987
2645,2.645,0.085,0.0164,0.1068,-0,0.1213,0.3633
2646,2.646,0.0262,0.0146,0.0926,0.0052,0.0971,0.3057
2647,2.647,-0.0285,0.0197,0.0264,0.0191,0.1645,0.2531
2648,2.648,-0.0358,0.0182,-0.0779,0.0137,0.4293,0.8777
2649,2.649,-0.0166,0.0195,-0.1751,0.0188,0.2492,0.6227
2650,2.65,-0.011,0.0183,-0.2128,-0.001,0.019,0.2348
2651,2.651,-0.006,0.0128,-0.1781,0.0018,-0.0709,-0.2592
2652,2.652,-0.0401,0.0076,-0.1467,0.0091,-0.0984,-0.1966
2653,2.653,-0.0624,0.0121,-0.118,0.0114,-0.1231,-0.2555
2654,2.654,-0.0427,0.0043,-0.0918,-0.0192,-0.1009,-0.3089
2655,2.655,-0.0466,-0.0009,0.0104,-0.0764,-0.1211,-0.165
2656,2.656,-0.0369,-0.0094,0.0245,-0.0373,-0.3617,-0.7331
2657,2.657,-0.0519,-0.0126,0.0372,-0.0159,-0.3289,-0.8108
2658,2.658,-0.0931,-0.0178,0.0717,0.0034,-0.1197,-0.3183
2659,2.659,-0.1105,-0.0168,0.0614,-0.0024,0.0708,0.1308
2660,2.66,-0.0518,-0.0107,0.0327,0.0028,0.0962,0.1903
2661,2.661,-0.0753,-0.0053,0.0409,0.0172,0.119,0.2437
2662,2.662,-0.0967,0.0013,0.0797,0.0215,0.1398,0.2921
2663,2.663,-0.0387,0.0074,0.0438,0.0097,0.0847,0.2488
2664,2.664,-0.0625,0.0129,-0.0016,-0.001,0.27,0.4472
2665,2.665,-0.0275,0.0137,-0.0426,-0.0042,0.3935,0.9164
2666,2.666,0.043,0.0097,-0.0586,-0.0014,0.1918,0.4687
2667,2.667,0.1087,0.0093,-0.073,-0.0041,-0.0527,-0.056
2668,2.668,0.1339,0.011,-0.0509,0.0031,-0.086,-0.2685
2669,2.669,0.1255,0.0069,-0.047,0.0009,-0.116,-0.2058
2670,2.67,0.0895,0.0065,-0.0362,0.0069,-0.1432,-0.2647
2671,2.671,0.0567,0.0082,-0.0132,0.0087,-0.1188,-0.3182
2672,2.672,0.0155,0.004,-0.0162,-0.0065,-0.1859,-0.2706
2673,2.673,-0.0539,0.0047,-0.0081,-0.0085,-0.4096,-0.9259
2674,2.674,-0.1202,0.0012,-0.0106,0.0083,-0.2606,-0.6456
2675,2.675,-0.1116,-0.0038,-0.0263,0.0149,-0.0159,-0.2191
2676,2.676,-0.0857,-0.0022,-0.0295,0.0126,0.1042,0.2008
2677,2.677,-0.0621,-0.0042,-0.0357,0.0065,0.1376,0.2791
2678,2.678,-0.0405,-0.0099,-0.0451,0.0084,0.1082,0.3499
2679,2.679,-0.0078,-0.0121,-0.0368,0.01,0.1355,0.2863
2680,2.68,0.0336,-0.0056,-0.0324,0.0024,0.1111,0.2283
2681,2.681,0.0499,-0.0064,-0.0366,-0.0046,0.3577,0.7038
2682,2.682,0.055,-0.01,-0.0179,0.0016,0.3251,0.8958
2683,2.683,0.0509,-0.0092,0.0231,0.0071,0.1162,0.3722
2684,2.684,0.0473,-0.0049,0.0875,0.0059,-0.0741,-0.1218
2685,2.685,0.0074,-0.0088,0.0959,0.003,-0.0992,-0.1874
2686,2.686,-0.0191,-0.0071,0.0724,-0.0031,-0.1219,-0.2464
2687,2.687,-0.0143,-0.0066,0.0367,0.0083,-0.1424,-0.3
2688,2.688,-0.0186,-0.0062,0.0172,0.0066,-0.1241,-0.2525
2689,2.689,-0.0223,-0.005,0.0111,-0.0011,-0.3092,-0.4712
2690,2.69,-0.0185,-0.0101,0.0588,-0.0052,-0.4325,-0.9876
2691,2.691,0.0182,-0.0107,0.0906,-0.009,-0.1859,-0.4957
2692,2.692,0.0622,-0.0056,0.0729,0.008,0.0446,0.0812
2693,2.693,0.1035,-0.0138,0.0354,0.0104,0.1347,0.16
2694,2.694,0.0985,-0.0127,0.0496,0.0126,0.108,0.2313
2695,2.695,0.1035,-0.0074,0.0804,0.0146,0.1329,0.2958
2696,2.696,0.0816,0.0067,0.0205,0.0054,0.1108,0.2381
2697,2.697,0.0698,0.0129,-0.0225,0.0003,0.1718,0.2911
2698,2.698,0.059,0.0185,-0.0769,-0.0166,0.4126,0.8195
2699,2.699,0.082,0.0135,-0.141,-0.01,0.2486,0.7496
2700,2.7,0.0969,0.0089,-0.1324,0.0001,0.0394,0.173
2701,2.701,0.0888,0.0076,-0.1247,-0.0018,-0.0968,-0.2156
2702,2.702,0.0566,0.0038,-0.1034,-0.0273,-0.1218,-0.2873
2703,2.703,-0.0008,0.0048,-0.071,-0.0238,-0.1445,-0.352
2704,2.704,-0.0553,0.0038,-0.0299,-0.0271,-0.1244,-0.2945
2705,2.705,-0.105,-0.0027,0.0503,-0.0184,-0.106,-0.2421
2706,2.706,-0.1113,-0.0053,0.1082,-0.0049,-0.3585,-0.6745
2707,2.707,-0.1169,-0.006,0.1188,0.0023,-0.3227,-0.8492
2708,2.708,-0.1009,-0.011,0.1855,0.0088,-0.0925,-0.3731
2709,2.709,-0.0377,-0.0169,0.2118,0.0027,0.0572,0.204
2710,2.71,-0.0117,-0.0132,0.1261,0.0047,0.0849,0.2829
2711,2.711,0.0746,-0.0026,0.0459,-0.0171,0.1098,0.2136
2712,2.712,0.1552,0.005,-0.0476,-0.0499,0.1325,0.2782
2713,2.713,0.1657,0.009,-0.1103,-0.019,0.1124,0.2206
2714,2.714,0.1754,0.0178,-0.1215,0.0172,0.2791,0.485
2715,2.715,0.1497,0.0187,-0.1733,0.0125,0.3912,0.9178
2716,2.716,0.1421,0.0029,-0.1824,-0.0006,0.1673,0.5113
2717,2.717,0.064,-0.0083,-0.1217,-0.0123,-0.042,0.0344
2718,2.718,-0.0087,-0.0145,-0.0667,-0.0087,-0.0698,-0.159
2719,2.719,-0.0749,-0.0053,-0.0308,0.0012,-0.0947,-0.2181
2720,2.72,-0.2041,-0.0037,0.0149,-0.0076,-0.1173,-0.2713
2721,2.721,-0.2966,0.0038,0.0096,-0.0156,-0.0972,-0.3197
2722,2.722,-0.2463,0.0078,0.0154,-0.0083,-0.1528,-0.2763
2723,2.723,-0.2005,-0.0037,0.0206,-0.0061,-0.4053,-0.8717
2724,2.724,-0.2703,0.0038,0.0167,-0,-0.225,-0.7869
2725,2.725,-0.258,0.0023,0.0211,0.013,0.0054,-0.0892
2726,2.726,-0.2237,0.001,0.018,0.0113,0.0954,0.1935
2727,2.727,-0.151,-0.0002,0.0349,0.0128,0.123,0.2802
2728,2.728,-0.1417,-0.0013,0.0266,0.0279,0.1479,0.3585
2729,2.729,-0.0987,0.0032,0.0244,0.034,0.1258,0.2892
2730,2.73,-0.0442,-0.0047,0.0422,0.0395,0.1056,0.2258
2731,2.731,0.0054,-0.0059,0.0362,0.0648,0.3464,0.6326
2732,2.732,0.0505,-0.0105,0.0348,0.0902,0.3138,0.8973
2733,2.733,0.0677,-0.0149,0.0298,0.0934,0.1049,0.3687
2734,2.734,0.1048,-0.0097,0.0253,0.0484,-0.0854,-0.1248
2735,2.735,0.1386,-0.0134,0.0275,-0.0487,-0.1105,-0.19
2736,2.736,0.1341,-0.004,0.0321,-0.0072,-0.1332,-0.2487
2737,2.737,0.1222,0.0028,0.0515,-0.0198,-0.1131,-0.3017
2738,2.738,0.0968,-0.001,0.0931,-0.0313,-0.0949,-0.2538
2739,2.739,0.0738,-0.0021,0.1108,-0.0002,-0.28,-0.4719
2740,2.74,0.0467,0.005,0.0418,-0.0098,-0.4032,-0.9881
2741,2.741,0.0358,0.0057,-0.0053,-0.0358,-0.2014,-0.4959
2742,2.742,0.0455,0.003,-0.0653,-0.0281,0.0434,-0.0465
2743,2.743,0.0663,0.0036,-0.1356,-0.0494,0.077,0.2459
2744,2.744,0.0743,0.0055,-0.1828,-0.0559,0.1073,0.3001
2745,2.745,0.0718,0.0084,-0.1912,-0.0268,0.1347,0.2529
2746,2.746,0.0606,0.0089,-0.1676,-0.0003,0.1105,0.2973
2747,2.747,0.0584,0.0103,-0.1034,-0.0147,0.1778,0.2583
2748,2.748,0.0563,0.0091,-0.043,0.0073,0.4017,0.8
2749,2.749,0.0544,0.0103,0.0116,0.019,0.2528,0.7233
2750,2.75,0.0466,0.0084,0.0329,0.0297,0.0082,0.2305
2751,2.751,0.0283,0.0038,0.0392,0.0198,-0.091,-0.2186
2752,2.752,0.0057,0.0044,0.0449,0.0227,-0.1212,-0.2778
2753,2.753,-0.0095,0.0015,0.0396,0.02,-0.1486,-0.3312
2754,2.754,-0.0125,0.0019,0.0252,0.0176,-0.1243,-0.2837
2755,2.755,-0.0006,0.0005,0.0209,0.0243,-0.1021,-0.2402
2756,2.756,-0.0032,0.006,0.0091,-0.0062,-0.3667,-0.6768
2757,2.757,-0.0056,0.0037,0.0056,-0.0459,-0.3309,-0.8512
2758,2.758,-0.0115,-0.0056,0.0023,-0.0829,-0.1007,-0.3751
2759,2.759,-0.0033,-0.0068,-0.0007,-0.097,0.0491,0.0744
2760,2.76,-0.0081,-0.0193,-0.0037,-0.0837,0.0768,0.2504
2761,2.761,-0.0152,-0.0142,-0.0065,-0.0636,0.1509,0.3042
2762,2.762,-0.0142,-0.0126,-0.0091,-0.0381,0.1288,0.2569
2763,2.763,-0.0088,-0.0138,-0.0035,0.005,0.1087,0.2138
2764,2.764,-0.0038,0.0052,-0.0058,0.0109,0.2753,0.4125
2765,2.765,0.0044,0.0025,-0.018,0.0058,0.4323,0.954
2766,2.766,0.0073,0.0098,-0.0168,0.0106,0.1675,0.5674
2767,2.767,0.0039,0.0076,-0.0267,0.015,-0.0136,0.0739
2768,2.768,-0.0011,0.0015,-0.0332,0.019,-0.1128,-0.2474
2769,2.769,-0.0008,0.0071,-0.0301,0.0299,-0.0836,-0.1903
2770,2.77,0.01,0.0088,-0.0188,0.0398,-0.111,-0.2436
2771,2.771,0.011,0.0073,-0.0083,0.0371,-0.1358,-0.2922
2772,2.772,0.0027,0.0033,-0.0045,0.0344,-0.1583,-0.2489
2773,2.773,0.0062,0.0096,0.0117,0.0321,-0.4231,-0.8445
2774,2.774,0.0022,0.0064,0.0002,0.0388,-0.243,-0.7598
2775,2.775,0.001,0.0074,-0.0102,0.0573,-0.0128,-0.2171
2776,2.776,0.0023,0.001,-0.0087,0.0501,0.0772,0.1363
2777,2.777,-0.0014,-0.0109,-0.0176,0.038,0.1104,0.2368
2778,2.778,0.0041,-0.0117,-0.0399,0.0403,0.1376,0.3015
2779,2.779,-0.0078,-0.0047,-0.043,0.0098,0.1132,0.3601
2780,2.78,-0.005,-0.0019,-0.0514,-0.0386,0.0908,0.2019
2781,2.781,-0.0192,-0.0061,-0.0443,-0.0322,0.3552,0.6343
2782,2.782,-0.045,-0.0023,-0.0152,-0.0029,0.3192,0.8088
2783,2.783,-0.0696,0.0013,-0.0115,0.0024,0.0889,0.3328
2784,2.784,-0.1054,0.0083,0.0063,0.0168,-0.061,-0.1166
2785,2.785,-0.129,0.0075,0.0223,0.0124,-0.0889,-0.2924
2786,2.786,-0.124,0.0033,0.0248,0.0004,-0.1139,-0.3462
2787,2.787,-0.0796,0.0027,0.0381,0.0039,-0.1366,-0.395
2788,2.788,-0.0734,0.0134,0.0254,0.0203,-0.1166,-0.1772
2789,2.789,-0.0359,0.0274,0.0272,0.0231,-0.2834,-0.3759
2790,2.79,0.0081,0.033,0.0127,-0.0071,-0.4406,-0.9175
2791,2.791,0.0257,0.0213,0.0143,-0.011,-0.2168,-0.531
2792,2.792,0.0311,-0.0017,0.0156,0.0217,0.0522,-0.0376
2793,2.793,0.0169,-0.0115,0.0107,0.0173,0.0889,0.2836
2794,2.794,0.0127,-0.0143,-0.0078,0.0053,0.122,0.2265
2795,2.795,0.0167,-0.0116,-0.0009,-0.0348,0.152,0.2798
2796,2.796,0.0277,-0.0239,0.0054,-0.019,0.1251,0.2322
2797,2.797,0.031,-0.0217,0.0237,0.0247,0.1988,0.276
2798,2.798,0.0339,-0.0197,0.0309,0.0304,0.4453,0.8714
2799,2.799,0.0259,-0.0476,0.0243,-0.0177,0.2812,0.7866
2800,2.8,0.0186,-0.0515,0.0428,-0.05,0.0121,0.2437
2801,2.801,0.0298,0.0032,0.0356,-0.0558,-0.0968,-0.1097
2802,2.802,0.0399,0.0423,0.011,-0.061,-0.1302,-0.1753
2803,2.803,0.0565,0.0636,-0.0119,-0.0563,-0.1008,-0.2342
2804,2.804,0.0453,0.0313,-0.0089,-0.0432,-0.1282,-0.2878
2805,2.805,0.0309,0.002,0.0269,-0.0472,-0.1038,-0.2404
2806,2.806,0.0326,-0.0033,0.0609,-0.0946,-0.3504,-0.6338
2807,2.807,0.041,-0.0275,0.0918,-0.0754,-0.3834,-0.8984
2808,2.808,0.0454,-0.0407,0.0959,-0.0226,-0.1146,-0.3696
2809,2.809,0.0661,-0.0526,0.0632,-0.0156,0.0664,0.124
2810,2.81,0.0867,-0.049,0.0148,0.0036,0.0997,0.1893
2811,2.811,0.0785,-0.0326,-0.0301,-0.0022,0.1298,0.2481
2812,2.812,0.076,0.0003,-0.0592,0.0349,0.1571,0.3015
2813,2.813,0.0647,0.0223,-0.0962,0.0302,0.0834,0.2538
2814,2.814,0.0544,0.0263,-0.1103,0.0434,0.2851,0.3847
2815,2.815,0.0524,0.0298,-0.1144,0.0713,0.4207,0.901
2816,2.816,0.0607,0.02,-0.0862,0.024,0.1988,0.5495
2817,2.817,0.0712,0.0112,-0.0458,0.0176,-0.0105,-0.0274
2818,2.818,0.078,0.0139,-0.0296,0.0233,-0.0924,-0.2612
2819,2.819,0.0716,0.0114,0.0144,-0.0248,-0.1174,-0.1921
2820,2.82,0.0543,0.0047,0.0441,0.0075,-0.14,-0.2567
2821,2.821,0.0169,0.0026,0.0392,0.0249,-0.1199,-0.3153
2822,2.822,-0.042,0.0043,0.0444,0.0301,-0.1384,-0.2629
2823,2.823,-0.144,0.0025,0.005,0.0157,-0.3909,-0.8876
2824,2.824,-0.2694,-0.0052,0.0003,0.0112,-0.2829,-0.8029
2825,2.825,-0.3873,-0.0093,0.0054,-0.0007,-0.0525,-0.1055
2826,2.826,-0.4333,-0.0081,0.0015,-0.0116,0.0973,0.1771
2827,2.827,-0.3639,-0.009,-0.0261,-0.0148,0.1249,0.2634
2828,2.828,-0.2504,-0.0141,-0.073,-0,0.1498,0.3415
2829,2.829,-0.1435,-0.0055,-0.0662,0.019,0.1277,0.2719
2830,2.83,-0.0184,-0.0022,-0.0484,0.0165,0.1075,0.2084
2831,2.831,0.0655,0.0032,-0.0214,0.0229,0.3484,0.6151
2832,2.832,0.1418,0.0079,0.0227,0.0248,0.3157,0.8796
2833,2.833,0.1278,0.0072,0.0407,0.0117,0.1068,0.3508
2834,2.834,0.1151,0.0021,0.0464,-0.0104,-0.0836,-0.1429
2835,2.835,0.1035,0.0071,0.0809,-0.0076,-0.1087,-0.2083
2836,2.836,0.093,0.0055,0.0595,-0.0104,-0.1313,-0.2671
2837,2.837,0.0835,0.0003,0.0161,-0.0032,-0.1113,-0.3204
2838,2.838,0.0748,0.001,-0.0007,-0.0011,-0.0929,-0.1766
2839,2.839,0.0671,0.0042,-0.016,0.009,-0.2444,-0.395
2840,2.84,0.0601,0.0095,-0.0202,0.007,-0.4277,-0.9112
2841,2.841,0.0538,0.0076,-0.0154,0.0086,-0.2059,-0.5597
2842,2.842,0.0481,0.0082,-0.0189,0.0069,0.0035,0.0174
2843,2.843,0.0324,0.0077,-0.0077,0.0028,0.0856,0.2515
2844,2.844,0.0277,0.0156,-0.0106,0.004,0.1107,0.1827
2845,2.845,0.0234,0.0259,-0.0074,0.0007,0.1334,0.2474
2846,2.846,0.0117,0.0164,-0.0044,-0.0003,0.1134,0.3059
2847,2.847,-0.0063,0.0102,-0.0018,0.0024,0.1691,0.2536
2848,2.848,-0.003,-0.0022,-0.0082,0.0067,0.4217,0.8783
2849,2.849,0.012,-0.0072,-0.0018,0.0031,0.2416,0.7937
2850,2.85,0.0148,-0.0056,-0.0109,-0.0047,0.0114,0.2511
2851,2.851,0.0272,-0.0014,-0.0057,0.0006,-0.0786,-0.2427
2852,2.852,0.0295,-0.0024,-0.0072,0.0033,-0.1062,-0.1802
2853,2.853,0.0276,0.001,-0.0085,0.0008,-0.1311,-0.2389
2854,2.854,0.0258,-0.0019,-0.0097,0.0003,-0.1089,-0.2922
2855,2.855,0.0175,-0.0063,-0.0087,-0.0046,-0.0887,-0.2447
2856,2.856,0.016,-0.0019,-0.0118,-0.0139,-0.3665,-0.6381
2857,2.857,0.0091,0.0097,-0.0145,-0.0151,-0.3271,-0.9026
2858,2.858,0.0004,0.0048,-0.0154,-0.0113,-0.0744,-0.3739
2859,2.859,0.0014,-0.012,-0.0055,-0.0055,0.0905,0.1198
2860,2.86,0.0045,-0.0053,-0.0153,-0.0063,0.1209,0.1851
2861,2.861,-0.0095,-0.0194,-0.0118,-0.0069,0.1483,0.2438
2862,2.862,-0.0075,-0.0248,-0.0154,-0.0076,0.124,0.2971
2863,2.863,-0.0019,-0.0061,-0.0167,-0.0036,0.1019,0.2494
2864,2.864,-0.0003,0.0065,-0.0163,-0.0041,0.2443,0.3803
2865,2.865,0.0011,0.0222,-0.0159,-0.0022,0.4111,0.8965
2866,2.866,0.008,0.0325,-0.0158,-0.0003,0.1645,0.5449
2867,2.867,0.0116,0.0308,-0.0098,0.0046,-0.0659,-0.0322
2868,2.868,0.0105,0.0529,-0.011,0.003,-0.0964,-0.2661
2869,2.869,0.0051,0.0619,-0.0134,0.0048,-0.1239,-0.1972
2870,2.87,-0.0015,0.0539,-0.0171,0.0044,-0.1488,-0.2618
2871,2.871,-0.0059,0.0316,-0.0104,0.0041,-0.1267,-0.3204
2872,2.872,-0.0054,-0.0074,-0.0191,0.0004,-0.1471,-0.2681
2873,2.873,-0.0077,-0.0445,-0.0139,-0,-0.4249,-0.8929
2874,2.874,-0.0174,-0.0782,0.0014,-0.0042,-0.3062,-0.8084
2875,2.875,-0.0216,-0.0914,0.0256,-0.0117,-0.0532,-0.1111
2876,2.876,-0.0255,-0.0952,0.0219,-0.0107,0.1116,0.1715
2877,2.877,-0.0222,-0.0843,0.0125,-0.0022,0.1418,0.2579
2878,2.878,-0.0146,-0.0501,-0.0119,0.0037,0.1292,0.2805
2879,2.879,-0.0045,-0.0403,-0.0261,0.0048,0.1024,0.3584
2880,2.88,-0.0177,-0.0314,-0.0289,0.0058,0.127,0.1479
2881,2.881,-0.0225,-0.0233,-0.0316,0.005,0.3734,0.5955
2882,2.882,-0.0201,0.0091,-0.0504,0.0008,0.3407,0.8862
2883,2.883,-0.0209,0.0311,-0.0631,-0.0029,0.1317,0.4102
2884,2.884,-0.019,0.035,-0.07,0.0035,-0.0587,-0.1671
2885,2.885,-0.0149,0.0386,-0.0764,0.0077,-0.084,-0.246
2886,2.886,-0.0135,0.0287,-0.0599,0.0114,-0.1515,-0.3172
2887,2.887,-0.0184,0.0258,-0.0266,0.0221,-0.1316,-0.254
2888,2.888,-0.0097,0.0176,-0.0028,0.0175,-0.0763,-0.1966
2889,2.889,-0.0085,0.0199,0.0276,0.0244,-0.2278,-0.3551
2890,2.89,-0.0113,0.0176,0.0311,0.0231,-0.4519,-0.98
2891,2.891,-0.0084,0.0155,0.0416,0.006,-0.2433,-0.7249
2892,2.892,-0.0091,0.0135,0.038,-0.0263,0.0013,-0.0271
2893,2.893,-0.0081,0.0083,0.0348,-0.022,0.1004,0.2553
2894,2.894,-0.0001,-0.0026,0.0263,-0.0339,0.1306,0.3414
2895,2.895,0.0011,-0.0041,0.0236,-0.0594,0.1038,0.2647
2896,2.896,-0.0052,0.002,0.012,-0.0297,0.0795,0.3353
2897,2.897,0.0007,0.0049,0.0137,-0.0019,0.1468,0.2715
2898,2.898,-0.0016,0.0078,0.0115,-0.0055,0.4114,0.9108
2899,2.899,0.0018,0.0029,0.0264,-0.0154,0.3034,0.8262
2900,2.9,0.0035,0.0019,0.0404,-0.0126,0.0731,0.2836
2901,2.901,0.0029,-0.0084,0.042,-0.0046,-0.0767,-0.2101
2902,2.902,0.0003,-0.0072,0.0367,-0.007,-0.1043,-0.2756
2903,2.903,0.0015,-0.0037,0.0166,0.0085,-0.1291,-0.2182
2904,2.904,0.0078,-0.0117,0.0084,0.0064,-0.1071,-0.2715
2905,2.905,0.0124,-0.015,0.0061,-0.0141,-0.087,-0.2239
2906,2.906,0.0148,-0.016,0.0039,0.0049,-0.3277,-0.6172
2907,2.907,0.0168,-0.0051,0.0101,0.0072,-0.3608,-0.8816
2908,2.908,0.0187,-0.0008,0.0157,0.0005,-0.092,-0.3528
2909,2.909,0.0254,0.003,0.0039,0.0025,0.0891,0.1411
2910,2.91,0.0297,0.0016,0.0056,0.0005,0.1226,0.2066
2911,2.911,0.0373,-0.0018,0.0265,0.0055,0.0932,0.2654
2912,2.912,0.0381,-0.0031,0.0295,0.0039,0.1205,0.3188
2913,2.913,0.0352,-0.0041,0.0598,0.0052,0.0962,0.2712
2914,2.914,0.0392,-0.0018,0.0878,0.0114,0.2531,0.4024
2915,2.915,0.0289,-0.0013,0.048,0.0103,0.3955,0.9189
2916,2.916,0.019,0.0005,-0.0105,0.0175,0.1918,0.5676
2917,2.917,0.0225,-0.0066,-0.0964,0.007,-0.0529,-0.0091
2918,2.918,0.0301,-0.0041,-0.0846,0.0139,-0.0864,-0.2427
2919,2.919,0.0308,-0.0018,-0.0532,0.0101,-0.1166,-0.314
2920,2.92,0.0314,-0.0013,-0.0245,0.0045,-0.1438,-0.2506
2921,2.921,0.0183,-0.0036,0.019,-0.0051,-0.1195,-0.309
2922,2.922,-0.0099,-0.0044,0.0271,-0.004,-0.1419,-0.2565
2923,2.923,-0.0702,-0.0052,0.0488,0.0036,-0.4065,-0.8809
2924,2.924,-0.0964,-0.0019,0.0556,0.0064,-0.2985,-0.7961
2925,2.925,-0.1357,0.0001,0.0386,0.0034,-0.0025,-0.2533
2926,2.926,-0.1715,0.0002,0.0125,0.0006,0.1172,0.2408
2927,2.927,-0.1524,-0.0058,-0.0209,-0.0019,0.0818,0.1784
2928,2.928,-0.1352,-0.0034,-0.0425,-0.0014,0.1151,0.2373
2929,2.929,-0.0767,-0.0104,-0.0459,0.0025,0.1451,0.2909
2930,2.93,-0.0064,-0.015,-0.0274,-0.0018,0.1182,0.2435
2931,2.931,0.0408,-0.0022,-0.0367,-0.0004,0.3401,0.6369
2932,2.932,0.0838,0.0107,-0.057,0.0007,0.3702,0.9014
2933,2.933,0.0758,0.0158,-0.0756,-0.0041,0.1259,0.3729
2934,2.934,0.0827,0.0173,-0.0479,0.0001,-0.1045,-0.1206
2935,2.935,0.0761,0.0159,-0.022,-0.0014,-0.0753,-0.186
2936,2.936,0.0702,0.0171,-0.0116,-0.006,-0.1027,-0.2447
2937,2.937,0.0434,0.0092,-0.0199,0.0026,-0.1275,-0.298
2938,2.938,0.0288,0.0122,-0.0275,0.0019,-0.1053,-0.2502
2939,2.939,-0.0021,0.0094,-0.0097,0.0012,-0.2476,-0.3811
2940,2.94,-0.0383,0.0153,0.002,0.0006,-0.4143,-0.9766
2941,2.941,-0.0723,0.0175,0.0127,-0,-0.2125,-0.5511
2942,2.942,-0.0944,0.0154,0.0337,0.007,0.0322,-0.0079
2943,2.943,-0.0344,0.0237,0.0369,0.0098,0.0658,0.2047
2944,2.944,0.0259,0.0293,0.0349,0.009,0.096,0.27
2945,2.945,0.0805,0.0262,0.0509,0.0053,0.1234,0.3289
2946,2.946,0.0733,0.014,0.0328,-0.001,0.0991,0.2767
2947,2.947,0.054,0.0055,0.0059,-0.0052,0.1664,0.229
2948,2.948,0.0366,-0.0083,0.0097,-0.0073,0.3904,0.7971
2949,2.949,0.0101,-0.0065,-0.013,-0.0121,0.3012,0.7204
2950,2.95,-0.0043,-0.0082,-0.004,-0.0163,0.0568,0.2275
2951,2.951,-0.0087,-0.0282,-0.0174,-0.0133,-0.108,-0.2216
2952,2.952,-0.0048,-0.0255,-0.0545,-0.02,-0.0788,-0.2811
2953,2.953,-0.0156,-0.0182,-0.0809,-0.0114,-0.1062,-0.229
2954,2.954,0.0009,-0.0117,-0.0761,-0.0035,-0.131,-0.2777
2955,2.955,0.0217,-0.0015,-0.0542,-0.0004,-0.1088,-0.2343
2956,2.956,0.0299,0.0079,-0.0102,-0.003,-0.3326,-0.5917
2957,2.957,0.0276,0.003,-0.0046,0.0014,-0.3625,-0.9284
2958,2.958,0.0211,-0.0107,-0.0206,0.0068,-0.1183,-0.3602
2959,2.959,0.0069,-0.0197,-0.0063,0.0075,0.0465,0.1832
2960,2.96,0.0089,-0.0043,0.0067,0.0119,0.0769,0.2549
2961,2.961,0.0072,-0.0061,0.0265,0.0125,0.1042,0.3196
2962,2.962,0.0027,-0.0039,0.0228,0.0068,0.1289,0.2621
2963,2.963,0.0068,-0.0121,-0.0004,0.0075,0.0618,0.2098
2964,2.964,0.008,-0.0043,0.0082,0.0097,0.245,0.3542
2965,2.965,0.0025,0.0056,-0.0002,0.014,0.4175,0.9223
2966,2.966,-0.0028,0.0121,-0.0028,0.0052,0.2157,0.5355
2967,2.967,-0.0001,0.0156,0.008,-0.0137,-0.029,0.042
2968,2.968,0.0024,0.0168,0.0015,0.0001,-0.1282,-0.1516
2969,2.969,-0.006,0.0216,-0.0082,0.0225,-0.099,-0.2108
2970,2.97,-0.007,0.0193,-0.0137,0.0433,-0.1265,-0.2645
2971,2.971,-0.01,0.008,-0.0001,0.0624,-0.1023,-0.3132
2972,2.972,-0.0054,-0.0103,-0.006,0.0796,-0.1248,-0.2699
2973,2.973,-0.0078,-0.0174,-0.0114,0.0684,-0.4302,-0.8657
2974,2.974,-0.0084,-0.0194,-0.0132,0.0623,-0.2995,-0.7811
2975,2.975,-0.0118,-0.0171,-0.0122,0.0568,-0.0213,-0.2386
2976,2.976,-0.0198,-0.0225,-0.0038,0.0415,0.0874,0.255
2977,2.977,-0.0205,-0.0273,-0.0145,0.0354,0.1206,0.1925
2978,2.978,-0.0232,-0.0072,-0.0275,0.0112,0.1506,0.2512
2979,2.979,-0.0144,0.0098,-0.0286,-0.0323,0.1212,0.3
2980,2.98,-0.0112,0.0127,-0.0375,-0.0819,0.0942,0.2475
2981,2.981,-0.0012,0.0152,-0.0394,-0.0891,0.3651,0.5839
2982,2.982,0.0005,0.0177,-0.0496,-0.0955,0.3291,0.8899
2983,2.983,0.0181,0.024,-0.0362,-0.1485,0.0989,0.3734
2984,2.984,0.0308,0.0336,-0.0087,-0.1699,-0.0511,-0.1204
2985,2.985,0.029,0.0221,0.0026,-0.1506,-0.079,-0.1861
2986,2.986,0.0151,0.0147,0.0057,-0.1681,-0.104,-0.2452
2987,2.987,0.006,0.008,0.0084,-0.1202,-0.1268,-0.2988
2988,2.988,0.0044,0.0018,0.0109,-0.049,-0.1474,-0.2514
2989,2.989,-0.0031,0.003,0.0079,-0.0017,-0.2772,-0.3826
2990,2.99,-0.01,-0.0106,0.0004,0.0413,-0.4289,-0.9784
2991,2.991,-0.0137,-0.016,0.0024,0.0646,-0.2052,-0.5532
2992,2.992,-0.0127,-0.0142,0.0125,0.0716,0.0638,-0.0103
2993,2.993,-0.0138,-0.0066,0.0031,0.0651,0.1005,0.2019
2994,2.994,-0.0202,0.0004,0.0081,0.0593,0.1336,0.2667
2995,2.995,-0.0261,0.0016,0.0157,0.0644,0.104,0.3252
2996,2.996,-0.0238,0.0072,0.0116,0.05,0.1312,0.2727
2997,2.997,-0.0145,0.0145,0.0127,0.0455,0.1557,0.2248
2998,2.998,-0.0083,0.0136,0.0137,0.0492,0.4022,0.7926
2999,2.999,-0.0073,0.0195,0.0041,0.0456,0.3038,0.7155
3000,3,-0.0104,0.0232,0.0154,0.0356,0.0347,0.2224
3001,3.001,0.0036,0.0211,0.026,0.0267,-0.0741,-0.227
3002,3.002,0.0056,0.0128,0.0299,0.0129,-0.1076,-0.1704
3003,3.003,0.0038,-0.0043,0.0386,0.0056,-0.1377,-0.3296
3004,3.004,-0.0047,-0.0416,0.0395,-0.0057,-0.1651,-0.2822
3005,3.005,-0.0092,-0.0682,0.0404,0.0004,-0.0915,-0.2389
3006,3.006,-0.0079,-0.073,0.034,0.0021,-0.3381,-0.5964
3007,3.007,0.0084,-0.0686,0.0212,0.0071,-0.3711,-0.9331
3008,3.008,0.0194,-0.0487,-0.0029,0.0116,-0.1023,-0.365
3009,3.009,0.0253,-0.038,0.0005,0.0102,0.0788,0.1784
3010,3.01,0.0157,-0.0413,0.0035,0.0164,0.1122,0.2501
3011,3.011,0.0205,-0.0206,0.0064,-0.0007,0.1423,0.1871
3012,3.012,0.0217,-0.0126,-0.0006,-0.0081,0.1155,0.2459
3013,3.013,0.0285,-0.0004,-0.0025,0.003,0.0912,0.1936
3014,3.014,0.0246,0.0151,-0.0084,0.0091,0.2481,0.434
3015,3.015,0.0302,0.0251,-0.01,-0.0115,0.3906,0.9147
3016,3.016,0.0231,0.0231,-0.0114,-0.0088,0.1869,0.5953
3017,3.017,0.0188,0.0145,-0.0065,0.0084,-0.0033,0.0709
3018,3.018,0.0061,0.0099,-0.0159,0.0149,-0.0777,-0.1414
3019,3.019,-0.0106,0.0167,-0.0167,0.0047,-0.1005,-0.2064
3020,3.02,-0.031,0.0128,-0.0087,0.0028,-0.121,-0.2651
3021,3.021,-0.0501,0.0071,0.0011,0.0045,-0.1027,-0.2127
3022,3.022,-0.0874,0.0122,-0.0048,-0.0124,-0.1531,-0.261
3023,3.023,-0.0928,0.0128,-0.0123,-0.019,-0.3826,-0.829
3024,3.024,-0.1072,0.0205,-0.015,-0.0089,-0.2842,-0.7521
3025,3.025,-0.1029,0.015,-0.0043,-0.0034,-0.0151,-0.2591
3026,3.026,-0.0751,0.0176,0.0031,-0.0051,0.0938,0.1903
3027,3.027,-0.0352,0.0132,-0.0028,-0.0067,0.1273,0.2499
3028,3.028,-0.03,0.0045,-0.0013,-0.0054,0.0979,0.3034
3029,3.029,-0.0254,0.0033,0.0149,-0.0043,0.1253,0.2561
3030,3.03,-0.0035,-0.0125,0.0357,-0.0055,0.101,0.213
3031,3.031,0.0325,-0.0374,0.0334,-0.0066,0.3477,0.5705
3032,3.032,0.0467,-0.0474,0.0266,-0.0076,0.3808,0.9073
3033,3.033,0.0598,-0.0327,0.0518,-0.0051,0.1121,0.4267
3034,3.034,0.0797,-0.0082,0.0621,-0.0014,-0.069,-0.0223
3035,3.035,0.0977,0.0146,0.0418,0.0021,-0.1023,-0.198
3036,3.036,0.0879,0.0232,0.0012,0.0016,-0.1323,-0.2516
3037,3.037,0.0729,0.0203,-0.0629,0.0022,-0.1595,-0.3002
3038,3.038,0.0701,0.0127,-0.0883,-0.0034,-0.0859,-0.257
3039,3.039,0.0577,0.0147,-0.0957,-0.0025,-0.2427,-0.3761
3040,3.04,0.0554,0.0247,-0.0881,-0.0002,-0.426,-0.9174
3041,3.041,0.0452,0.0339,-0.0813,0.0018,-0.2041,-0.5307
3042,3.042,0.0359,0.0287,-0.0984,-0.002,0.0053,-0.0371
3043,3.043,0.0478,0.0179,-0.0715,-0.0053,0.0873,0.2843
3044,3.044,0.0308,0.0109,-0.0373,-0.002,0.1124,0.2275
3045,3.045,0.0286,0.0097,-0.015,-0.0038,0.1351,0.2812
3046,3.046,0.0143,0.0019,-0.0186,0.0021,0.1151,0.2338
3047,3.047,-0.0025,0.0049,-0.0149,0.0031,0.1337,0.1904
3048,3.048,-0.0272,-0.0036,0.0149,-0.0005,0.3863,0.786
3049,3.049,-0.0436,-0.0069,0.0348,-0.001,0.2784,0.7014
3050,3.05,-0.0644,-0.0122,0.0457,-0.0039,0.0483,0.159
3051,3.051,-0.1002,-0.0114,0.0425,-0.0067,-0.1015,-0.194
3052,3.052,-0.076,-0.0089,0.0575,-0.0051,-0.0748,-0.2594
3053,3.053,-0.0452,-0.0067,0.0439,0.0001,-0.1489,-0.318
3054,3.054,0.0149,-0.0061,0.0318,0.0022,-0.1268,-0.266
3055,3.055,0.0409,0.0032,0.0164,0.0065,-0.1066,-0.2184
3056,3.056,0.0176,0.0128,-0.0141,0.0049,-0.3473,-0.6117
3057,3.057,0.039,0.0115,-0.0184,-0.0008,-0.3802,-0.9818
3058,3.058,0.0842,-0.0034,-0.0144,-0.0045,-0.1114,-0.357
3059,3.059,0.0786,-0.0095,-0.0179,0.0034,0.0698,0.0702
3060,3.06,0.0415,-0.0038,-0.0211,0.0044,0.1033,0.1491
3061,3.061,-0.0312,0.0047,-0.0241,0.0072,0.1335,0.2201
3062,3.062,-0.0832,0.0094,-0.0053,0.0047,0.1067,0.2846
3063,3.063,-0.1304,0.0025,-0.0032,0.0025,0.0824,0.227
3064,3.064,-0.2252,-0.0061,-0.0014,-0.0082,0.2393,0.3854
3065,3.065,-0.2126,-0.005,-0.012,-0.0036,0.4227,0.914
3066,3.066,-0.109,-0.0121,-0.0104,0.0034,0.2008,0.5626
3067,3.067,-0.0116,-0.0075,-0.0057,-0.0003,-0.0085,0.1135
3068,3.068,0.0262,-0.0015,0.0078,0.0008,-0.0904,-0.1787
3069,3.069,0.0378,-0.0051,0.0167,0.0018,-0.1154,-0.2327
3070,3.07,0.0481,-0.0128,0.0044,-0.0009,-0.1381,-0.2816
3071,3.071,0.0577,-0.0097,-0.0036,0.0069,-0.118,-0.2387
3072,3.072,0.0491,-0.0087,-0.0137,0.0038,-0.1366,-0.1996
3073,3.073,0.057,-0.0078,-0.0179,0.0046,-0.3891,-0.7411
3074,3.074,0.0499,-0.0023,-0.0332,0.002,-0.2812,-0.819
3075,3.075,0.0435,0.0071,-0.0398,0.0041,-0.0511,-0.1853
3076,3.076,0.0379,0.0136,-0.0459,0.0004,0.0986,0.2417
3077,3.077,0.0328,0.0082,-0.0447,-0.0014,0.1261,0.1656
3078,3.078,0.0283,0.0073,-0.0314,-0.001,0.1018,0.2364
3079,3.079,0.0329,0.0196,-0.0115,-0.0016,0.1242,0.3008
3080,3.08,0.0326,0.0171,-0.0164,-0.0014,0.0908,0.2
3081,3.081,0.029,0.0188,-0.0251,-0.0002,0.3552,0.6066
3082,3.082,0.0256,0.0174,-0.0282,-0.0059,0.3913,0.8709
3083,3.083,0.016,0.0161,-0.0132,-0.0007,0.0956,0.4381
3084,3.084,0.0074,0.0199,-0.0159,-0.0044,-0.1037,-0.0868
3085,3.085,0.0049,0.0231,0.0039,-0.0014,-0.0684,-0.1586
3086,3.086,0.0027,0.0159,0.0169,-0.0055,-0.1017,-0.2237
3087,3.087,-0.0127,0.0019,0.0089,-0.0049,-0.1318,-0.2826
3088,3.088,-0.0269,-0.0286,0.0104,0.0012,-0.105,-0.2304
3089,3.089,-0.0324,-0.0418,0.0158,0.0004,-0.2284,-0.3749
3090,3.09,-0.0308,-0.0536,0.0096,-0.0032,-0.4302,-0.9431
3091,3.091,-0.0109,-0.0355,0.0106,-0.005,-0.1864,-0.5566
3092,3.092,0.0027,-0.0322,0.0055,0.0021,0.044,-0.0632
3093,3.093,0.0049,-0.0234,-0.0076,-0.0004,0.0743,0.1303
3094,3.094,0.0114,-0.0424,0.0173,-0.0011,0.1017,0.1893
3095,3.095,0.0092,-0.0151,0.0716,-0.0061,0.1265,0.3481
3096,3.096,0.0146,-0.0043,0.0945,-0.0052,0.1043,0.3006
3097,3.097,0.016,0.0056,0.087,-0.012,0.1246,0.1698
3098,3.098,0.0111,0.0145,0.0283,-0.0163,0.4024,0.7652
3099,3.099,0.0122,0.0173,0.0046,-0.005,0.2835,0.6804
3100,3.1,0.0055,0.015,-0.0455,-0.0033,0.0305,0.2925
3101,3.101,-0.0004,0.0173,-0.0781,-0.0018,-0.0687,-0.2013
3102,3.102,-0.0081,0.0234,-0.1077,-0.0079,-0.0991,-0.1388
3103,3.103,-0.0225,0.0179,-0.1132,-0.0088,-0.1265,-0.1977
3104,3.104,-0.033,0.0196,-0.1088,-0.0057,-0.1514,-0.251
3105,3.105,-0.0389,0.012,-0.0606,-0.0048,-0.0843,-0.2032
3106,3.106,-0.0273,0.008,-0.0416,0.0031,-0.349,-0.5964
3107,3.107,-0.0138,0.0068,-0.0712,0.0062,-0.3853,-0.8609
3108,3.108,-0.0198,-0.0035,-0.0235,0.0071,-0.1552,-0.4283
3109,3.109,-0.0184,-0.016,0.0475,0.0114,0.0541,0.0966
3110,3.11,-0.0232,-0.0076,0.0946,0.0136,0.1359,0.1684
3111,3.111,-0.0304,0.0063,0.1202,0.0157,0.1117,0.2333
3112,3.112,-0.0166,0.0082,0.1123,0.0188,0.1343,0.2919
3113,3.113,-0.0072,0.0031,0.0624,0.01,0.1142,0.2398
3114,3.114,0.0013,0.0046,0.03,-0.0089,0.2438,0.3842
3115,3.115,0.009,0.0227,0.0242,-0.0062,0.4291,0.9525
3116,3.116,-0.0034,0.0154,0.0082,-0.0038,0.2072,0.566
3117,3.117,-0.0049,0.0175,-0.0062,0.0073,-0.002,0.0727
3118,3.118,-0.0093,0.0032,0.0071,0.0175,-0.0839,-0.2486
3119,3.119,-0.0216,-0.0099,0.011,0.0231,-0.1089,-0.1916
3120,3.12,-0.013,-0.0184,0.0075,0.0315,-0.1315,-0.2451
3121,3.121,0.0071,-0.0324,0.0044,0.0484,-0.1115,-0.2936
3122,3.122,0.0098,-0.0491,-0.0043,0.0372,-0.13,-0.2502
3123,3.123,0.0027,-0.038,-0.0069,0.0473,-0.3824,-0.8458
3124,3.124,-0.0039,-0.0359,0.0055,0.0491,-0.2745,-0.761
3125,3.125,-0.0099,-0.0414,0.0079,0.044,-0.0442,-0.2185
3126,3.126,-0.0042,-0.016,0.0182,0.0301,0.1056,0.135
3127,3.127,-0.0024,0.0022,0.0277,0.0058,0.1332,0.2003
3128,3.128,-0.0008,0.0054,0.0364,-0.024,0.109,0.2592
3129,3.129,0.0006,0.0142,0.0383,-0.0202,0.1316,0.3126
3130,3.13,0.0096,0.0223,0.0261,-0.0022,0.1114,0.1689
3131,3.131,0.0065,0.0199,0.0078,0.0075,0.3151,0.5621
3132,3.132,0.0076,0.0401,0.0009,-0.0014,0.3425,0.9323
3133,3.133,0.0085,0.0482,0.0035,-0.0152,0.1205,0.4036
3134,3.134,0.0044,0.0457,-0.0062,-0.0376,-0.0889,-0.0899
3135,3.135,0.0159,0.0345,-0.015,-0.0648,-0.1166,-0.1552
3136,3.136,0.0209,0.0283,-0.0297,-0.0685,-0.1415,-0.3303
3137,3.137,0.0254,0.0003,-0.0352,-0.0718,-0.1194,-0.278
3138,3.138,0.035,0.0041,-0.0328,-0.0869,-0.0993,-0.2303
3139,3.139,0.0338,0.0221,-0.034,-0.0951,-0.2289,-0.3614
3140,3.14,0.0306,0.0055,-0.035,-0.0829,-0.4141,-0.957
3141,3.141,0.0358,-0.0034,-0.0386,-0.0538,-0.1922,-0.7019
3142,3.142,0.0256,-0.0446,-0.0393,-0.05,0.0172,-0.0042
3143,3.143,0.0188,-0.0389,-0.0379,-0.0537,0.0992,0.2784
3144,3.144,0.038,-0.0124,-0.0238,-0.024,0.1242,0.1944
3145,3.145,0.0463,-0.0268,-0.014,-0.0202,0.1022,0.2726
3146,3.146,0.0489,-0.0666,-0.0052,-0.0095,0.1228,0.3437
3147,3.147,0.0379,-0.0506,0.0029,0.0002,0.1414,0.2802
3148,3.148,0.0443,-0.0459,-0.0008,0.0209,0.394,0.8035
3149,3.149,0.0538,-0.0151,0.0007,0.0399,0.2861,0.7338
3150,3.15,0.0556,0.0128,-0,0.0471,0.0559,0.2854
3151,3.151,0.0451,0.0236,-0.0029,0.0492,-0.0939,-0.1226
3152,3.152,0.0411,0.0203,-0,0.0512,-0.1214,-0.2822
3153,3.153,0.0299,0.0231,0.0061,0.0455,-0.1462,-0.3308
3154,3.154,0.0375,0.0149,0.0055,0.0437,-0.124,-0.2874
3155,3.155,0.0389,0.0172,-0.0036,0.039,-0.1037,-0.1686
3156,3.156,0.0251,0.0105,-0.0047,0.0349,-0.3443,-0.5655
3157,3.157,0.0084,0.0085,-0.0013,0.0336,-0.3773,-0.9353
3158,3.158,-0.0252,0.0104,-0.0043,0.0324,-0.1085,-0.4064
3159,3.159,-0.0978,0.002,-0.005,0.0293,0.0727,0.0874
3160,3.16,-0.2125,-0.0025,-0.0092,0.0207,0.1063,0.281
3161,3.161,-0.2276,0.0016,-0.0175,0.0174,0.1365,0.2239
3162,3.162,-0.2414,-0.002,-0.0119,0.012,0.1098,0.2775
3163,3.163,-0.1783,0.0037,-0.0109,0.0055,0.0856,0.23
3164,3.164,-0.1207,0.0194,-0.0118,0.0113,0.2425,0.3612
3165,3.165,-0.0685,0.0397,-0.0214,0.0118,0.4259,0.8776
3166,3.166,-0.0022,0.0369,-0.0204,0.0068,0.2042,0.6672
3167,3.167,0.0582,0.0246,-0.015,-0.0002,-0.005,0.0905
3168,3.168,0.0504,0.0135,-0.0182,0.0061,-0.0869,-0.1432
3169,3.169,0.0716,-0.0007,-0.0045,0.0069,-0.1118,-0.2146
3170,3.17,0.0908,-0.0249,0.0095,0.0106,-0.1344,-0.2792
3171,3.171,0.0497,-0.0217,0.0035,-0.0001,-0.1143,-0.2217
3172,3.172,0.0444,-0.0366,-0.0019,-0.0077,-0.1328,-0.2748
3173,3.173,0.0395,-0.0724,-0.0037,-0.0065,-0.3853,-0.8035
3174,3.174,-0.0179,-0.058,-0.0138,-0.0103,-0.2773,-0.8741
3175,3.175,-0.0257,-0.0182,-0.023,-0.0094,-0.047,-0.1699
3176,3.176,-0.0044,0.0084,-0.0337,-0.0022,0.1027,0.1127
3177,3.177,-0.0107,0.0229,-0.0381,-0.0014,0.0762,0.1993
3178,3.178,-0.0515,0.0187,-0.0221,-0.0005,0.1502,0.2773
3179,3.179,-0.0248,0.015,-0.0204,-0.0028,0.1281,0.3482
3180,3.18,0.0285,0.0189,-0.0147,-0.0008,0.0673,0.1568
3181,3.181,0.028,0.0201,-0.0269,-0.0054,0.3271,0.5654
3182,3.182,0.0066,0.0234,-0.0367,-0.0024,0.3827,0.8562
3183,3.183,0.0516,0.0206,-0.049,-0.0054,0.13,0.3804
3184,3.184,0.0572,0.018,-0.0541,-0.0009,-0.0511,-0.0688
3185,3.185,0.0729,0.0157,-0.0533,-0.0017,-0.0847,-0.2447
3186,3.186,0.0583,0.018,-0.0349,0.0044,-0.1149,-0.2984
3187,3.187,0.0361,0.012,-0.0107,0.0049,-0.1423,-0.2512
3188,3.188,0.008,0.0064,0.0052,-0.0007,-0.118,-0.2082
3189,3.189,-0.003,-0.002,0.0075,-0.0075,-0.23,-0.3275
3190,3.19,-0.0262,-0.0096,0.0043,-0.0207,-0.454,-0.869
3191,3.191,-0.0413,-0.0109,0.0062,-0.0415,-0.2454,-0.6373
3192,3.192,-0.0552,-0.0045,0.0169,-0.028,-0.0008,-0.0032
3193,3.193,-0.0577,-0.0101,0.0266,-0.0158,0.0983,0.0836
3194,3.194,-0.0512,-0.0174,0.0207,-0.018,0.1284,0.162
3195,3.195,-0.0247,-0.0182,0.0153,-0.0117,0.1016,0.2327
3196,3.196,-0.0354,-0.0053,0.0011,-0.0132,0.1263,0.2969
3197,3.197,-0.019,0.0226,0.0101,-0.0042,0.1487,0.239
3198,3.198,0.0259,0.0265,0.0082,-0.0205,0.4133,0.82
3199,3.199,0.0451,0.0011,0.0156,-0.0177,0.3053,0.7429
3200,3.2,0.0392,-0.0022,0.0168,-0.011,0.075,0.2497
3201,3.201,0.0231,0.0369,0.0204,-0.0048,-0.0748,-0.1997
3202,3.202,0.0373,0.0317,0.0192,0.0007,-0.1566,-0.2593
3203,3.203,0.0328,0.0173,0.0348,0.0087,-0.1815,-0.3131
3204,3.204,0.0287,-0.0047,0.0459,0.0158,-0.1594,-0.2659
3205,3.205,0.025,-0.0326,0.0316,0.0123,-0.0987,-0.2227
3206,3.206,0.0217,-0.0727,0.0333,0.018,-0.3025,-0.5803
3207,3.207,0.0187,-0.0884,0.0587,0.0191,-0.3839,-0.9171
3208,3.208,0.0104,-0.0447,0.0479,0.0128,-0.1127,-0.4367
3209,3.209,0.0079,-0.0154,0.0381,0.0155,0.0684,0.1403
3210,3.21,0.01,-0.0419,0.0294,0.0178,0.1019,0.219
3211,3.211,0.0037,-0.0274,0.0158,0.0144,0.1321,0.2899
3212,3.212,-0.002,0.0213,-0.0013,0.005,0.1594,0.3543
3213,3.213,0.0063,0.0537,-0.0214,-0.0156,0.0858,0.2965
3214,3.214,0.0232,0.0481,-0.0404,-0.0006,0.2426,0.3492
3215,3.215,0.0255,0.0216,-0.0278,0.0077,0.4259,0.8776
3216,3.216,0.0236,-0.0025,-0.021,0.0055,0.2042,0.6669
3217,3.217,0.0257,-0.0068,-0.0023,-0.028,-0.0051,0.09
3218,3.218,0.0276,0.005,0.0104,-0.0422,-0.0871,-0.144
3219,3.219,0.0385,0.0304,0.0084,-0.0201,-0.112,-0.2155
3220,3.22,0.0291,0.0206,-0.0054,0.016,-0.1347,-0.2803
3221,3.221,0.0104,0.0118,-0.0069,0.0304,-0.1147,-0.2229
3222,3.222,-0.0305,0.0091,-0.0015,0.0349,-0.1332,-0.2762
3223,3.223,-0.0833,-0.0033,-0.0026,0.031,-0.3857,-0.8049
3224,3.224,-0.0761,-0.019,-0.0035,-0.0018,-0.2778,-0.8757
3225,3.225,-0.1212,-0.0211,-0.0119,-0.0504,-0.0476,-0.2995
3226,3.226,-0.127,-0.0342,-0.0104,-0.044,0.1021,0.2437
3227,3.227,-0.0897,-0.0596,-0.0089,-0.0383,0.1297,0.1748
3228,3.228,-0.0169,-0.0777,0.0001,-0.0118,0.1054,0.2394
3229,3.229,0.056,-0.0281,-0.0072,0.0125,0.1279,0.2979
3230,3.23,0.0655,0.036,-0.0014,0.0434,0.1078,0.2454
3231,3.231,0.0569,0.0446,-0.0017,0.0714,0.3114,0.5818
3232,3.232,0.0492,0.0368,0.0031,0.0969,0.3928,0.8877
3233,3.233,0.042,0.0296,0.0074,0.1333,0.1216,0.4509
3234,3.234,0.0355,0.0232,0.0015,0.1381,-0.0595,-0.0737
3235,3.235,0.0296,0.0173,0.0046,0.1337,-0.093,-0.1454
3236,3.236,0.0243,0.0225,0.0104,0.1058,-0.1232,-0.2104
3237,3.237,-0.0001,0.008,0.0075,0.0877,-0.1506,-0.2691
3238,3.238,0.0041,0.0035,0.0012,0.0712,-0.1262,-0.2168
3239,3.239,-0.0002,-0.0166,-0.0008,0.0564,-0.1935,-0.361
3240,3.24,-0.0186,-0.0203,-0.0113,0.0153,-0.4174,-0.9291
3241,3.241,-0.0419,-0.0041,-0.0151,-0.0493,-0.2089,-0.6973
3242,3.242,-0.0694,0.0045,-0.0214,-0.1098,0.0358,-0.0631
3243,3.243,-0.0952,0.0181,-0.0295,-0.1644,0.0693,0.1941
3244,3.244,-0.1185,0.0156,-0.0299,-0.2427,0.0996,0.2726
3245,3.245,-0.0737,0.0267,-0.0282,-0.2948,0.127,0.3436
3246,3.246,-0.0155,0.0409,-0.0268,-0.2854,0.1028,0.2803
3247,3.247,-0.0077,0.0502,-0.0288,-0.225,0.1253,0.2228
3248,3.248,0.0422,0.0383,-0.0262,-0.1703,0.39,0.804
3249,3.249,0.0489,0.0153,-0.0278,-0.1205,0.2821,0.7272
3250,3.25,0.02,0.0053,-0.018,-0.0234,0.052,0.2344
3251,3.251,0.0149,0.0201,0.0032,0.0462,-0.0977,-0.2148
3252,3.252,0.0198,0.0227,0.0063,0.1093,-0.1252,-0.2743
3253,3.253,0.0244,0.0003,0.0038,0.1209,-0.101,-0.3278
3254,3.254,-0.0031,-0.0449,-0.0032,0.1106,-0.1235,-0.2802
3255,3.255,-0.0134,-0.0902,-0.0141,0.1012,-0.1033,-0.2367
3256,3.256,-0.0096,-0.0729,-0.02,0.0753,-0.307,-0.5145
3257,3.257,-0.012,-0.025,-0.018,0.0362,-0.3883,-0.9839
3258,3.258,-0.0037,-0.0059,-0.0162,0.0575,-0.1662,-0.4081
3259,3.259,-0.0012,-0.0589,-0.0269,0.051,0.0433,0.1353
3260,3.26,0.0011,-0.0802,-0.0283,0.0099,0.1252,0.2072
3261,3.261,0.0319,-0.061,-0.017,-0.0061,0.1502,0.2722
3262,3.262,0.0454,-0.0201,-0.0094,-0.0109,0.1283,0.3309
3263,3.263,0.0496,-0.0148,-0.0055,-0.0066,0.1083,0.2786
3264,3.264,0.0318,-0.0004,0.0057,-0.0029,0.201,0.327
3265,3.265,0.0222,0.004,0.004,0.0079,0.4199,0.8951
3266,3.266,0.0138,0.024,0.0134,-0.0021,0.2114,0.6633
3267,3.267,0.0005,0.0058,0.0169,0.0308,-0.0331,0.0291
3268,3.268,-0.0064,0.0156,0.0064,0.035,-0.0666,-0.2278
3269,3.269,-0.004,0.0184,-0.0008,0.0467,-0.0968,-0.3063
3270,3.27,0.0024,0.0211,-0.0073,0.0574,-0.1242,-0.2368
3271,3.271,0.012,0.0335,-0.0109,0.0343,-0.0998,-0.3014
3272,3.272,0.0139,0.0446,-0.0103,0.0314,-0.1222,-0.2437
3273,3.273,0.0218,0.0344,-0.008,0.0672,-0.3868,-0.825
3274,3.274,0.0122,0.0287,-0.0178,0.0625,-0.2788,-0.7483
3275,3.275,0.0161,0.0303,-0.0145,0.0317,-0.0486,-0.2555
3276,3.276,0.0151,0.0163,-0.0117,0.0198,0.1013,0.1939
3277,3.277,0.0205,0.003,-0.0194,-0.0204,0.129,0.2533
3278,3.278,0.027,-0.0056,-0.0094,-0.0792,0.1049,0.3069
3279,3.279,0.0298,-0.0073,-0.011,-0.0715,0.1275,0.2595
3280,3.28,0.0415,-0.0115,-0.0151,-0.0502,0.0668,0.2164
3281,3.281,0.0536,-0.0052,-0.0005,-0.0051,0.3077,0.4943
3282,3.282,0.0501,0.0027,0.0086,0.0154,0.3774,0.9004
3283,3.283,0.0609,0.0198,0.0144,0.0211,0.1475,0.4311
3284,3.284,0.0597,0.0176,-0.0063,0.0263,-0.0618,-0.0181
3285,3.285,0.051,-0.0026,-0.0313,0.0119,-0.0895,-0.194
3286,3.286,0.0614,0.0055,-0.048,-0.0014,-0.1143,-0.2478
3287,3.287,0.071,0.0327,-0.0396,-0.0215,-0.1369,-0.2964
3288,3.288,0.052,0.0218,-0.0536,-0.0182,-0.1168,-0.2532
3289,3.289,0.0382,0.025,-0.0467,-0.0086,-0.2093,-0.2931
3290,3.29,0.0553,0.0102,-0.0359,-0.0001,-0.4281,-0.8346
3291,3.291,0.0349,-0.0088,-0.0178,-0.0195,-0.2195,-0.7576
3292,3.292,-0.0062,-0.026,-0.0205,-0.0125,0.0252,-0.1234
3293,3.293,-0.0591,-0.0414,-0.0143,-0.0017,0.0588,0.1336
3294,3.294,-0.0945,-0.0514,0.0119,-0.0041,0.089,0.212
3295,3.295,-0.1529,-0.0605,0.0297,-0.0211,0.1164,0.2829
3296,3.296,-0.239,-0.035,0.0392,-0.0192,0.1412,0.3473
3297,3.297,-0.2045,0.0052,0.0361,-0.0215,0.119,0.2894
3298,3.298,-0.1733,0.0212,0.0496,-0.0233,0.3837,0.765
3299,3.299,-0.069,0.026,0.0567,-0.0215,0.2759,0.8293
3300,3.3,-0.0274,0.0217,0.0587,-0.0289,0.0457,0.3054
3301,3.301,-0.0907,0.0256,0.0361,-0.0299,-0.104,-0.1884
3302,3.302,-0.1714,0.0147,0.0152,-0.0233,-0.0774,-0.2538
3303,3.303,-0.2237,0.0115,0.007,-0.0058,-0.1022,-0.3127
3304,3.304,-0.1956,0.0027,0.0141,0.007,-0.1247,-0.2607
3305,3.305,-0.0664,-0.0111,0.0075,0.0185,-0.0638,-0.2131
3306,3.306,0.0999,-0.0087,0.0135,0.0331,-0.3045,-0.519
3307,3.307,0.1218,-0.0065,0.0266,0.0427,-0.403,-0.9559
3308,3.308,0.1012,-0.0084,0.0317,0.0445,-0.1343,-0.4328
3309,3.309,0.0824,-0.0063,0.0088,0.0308,0.0469,0.061
3310,3.31,-0.0021,-0.0079,-0.0009,0.0143,0.0805,0.2545
3311,3.311,0.0127,-0.0031,-0.0037,0.0032,0.1108,0.3134
3312,3.312,0.0262,-0.0016,-0.0008,-0.011,0.1382,0.2613
3313,3.313,0.0383,-0.0078,0.0018,0.0021,0.114,0.2137
3314,3.314,0.0035,-0.0108,-0.0002,0.0208,0.2262,0.3449
3315,3.315,-0.049,-0.0076,0.0061,0.0185,0.4096,0.8611
3316,3.316,-0.0021,0.001,0.0044,0.0119,0.2373,0.6505
3317,3.317,0.0752,0.0022,0.0131,-0.0022,0.0351,0.0738
3318,3.318,0.0437,0.0055,0.0149,-0.0115,-0.1011,-0.1602
3319,3.319,0.0339,0.003,0.0221,-0.0198,-0.126,-0.2317
3320,3.32,0.025,0.0024,0.0412,-0.0398,-0.1039,-0.2964
3321,3.321,0.0324,0.0127,0.0334,-0.0698,-0.1244,-0.2388
3322,3.322,0.0675,0.0116,0.0164,-0.0737,-0.106,-0.1863
3323,3.323,0.0864,0.0307,0.0101,-0.0409,-0.3584,-0.8109
3324,3.324,0.0802,0.0719,-0.0162,-0.0012,-0.3225,-0.8964
3325,3.325,0.0746,0.0895,-0.034,0.0253,-0.0922,-0.1992
3326,3.326,0.0695,0.0524,-0.0501,0.0299,0.0576,0.0833
3327,3.327,0.0561,0.0283,-0.0646,0.0342,0.0853,0.1698
3328,3.328,0.0439,0.0064,-0.0616,0.0222,0.1102,0.2478
3329,3.329,0.0471,-0.0376,-0.0685,0.0186,0.1329,0.3188
3330,3.33,0.0436,-0.0433,-0.0571,0.0153,0.1128,0.2553
3331,3.331,0.0284,-0.0591,-0.0507,0.0181,0.3165,0.5459
3332,3.332,-0.0077,-0.0833,-0.0486,0.0208,0.398,0.9158
3333,3.333,-0.0127,-0.0701,-0.0229,0.0184,0.1268,0.4833
3334,3.334,0.0002,-0.01,-0.0045,0.0249,-0.0542,-0.0412
3335,3.335,0.0038,0.0503,0.0189,0.0269,-0.0877,-0.2535
3336,3.336,0.0438,0.0269,0.0221,0.0287,-0.1177,-0.3183
3337,3.337,0.0597,-0.0086,0.0197,0.0236,-0.145,-0.2608
3338,3.338,0.0161,-0.041,0.0177,0.0066,-0.1206,-0.2085
3339,3.339,-0.0365,-0.0703,0.0202,0.0088,-0.1878,-0.3528
3340,3.34,-0.086,-0.0543,0.0225,0.0149,-0.4117,-0.9209
3341,3.341,-0.1311,-0.0398,0.0284,0.013,-0.2031,-0.6891
3342,3.342,-0.1252,-0.0265,0.0337,0.0181,0.0416,-0.0549
3343,3.343,-0.0665,-0.0303,0.0292,0.0135,0.0752,0.2021
3344,3.344,-0.0275,0.0099,0.0086,0.001,0.1056,0.2805
3345,3.345,0.0081,0.0151,-0.012,-0.0075,0.1331,0.3515
3346,3.346,0.0145,0.0103,-0.0254,-0.0305,0.1088,0.2881
3347,3.347,0.0202,0.0323,-0.0274,-0.0535,0.1314,0.2305
3348,3.348,0.0362,0.0363,-0.0336,-0.0506,0.3961,0.7062
3349,3.349,0.0411,0.0327,-0.0231,-0.0425,0.2882,0.7708
3350,3.35,0.0371,0.0557,0.0015,-0.0402,0.0581,0.2473
3351,3.351,0.0494,0.0645,0.005,-0.0336,-0.0917,-0.1059
3352,3.352,0.0317,0.0398,-0.0036,-0.0521,-0.1192,-0.1712
3353,3.353,0.0354,0.0233,-0.0117,-0.0694,-0.144,-0.23
3354,3.354,0.0209,0.0025,-0.019,-0.0446,-0.1219,-0.2834
3355,3.355,0.0242,-0.0223,-0.0256,-0.0148,-0.1016,-0.2357
3356,3.356,0.0273,-0.0321,-0.0317,0.0051,-0.3053,-0.5414
3357,3.357,0.0169,-0.0351,-0.0336,0.0087,-0.3867,-0.9784
3358,3.358,0.0116,-0.0433,-0.0422,0.0055,-0.1646,-0.4552
3359,3.359,0.0104,-0.0261,-0.0378,0.0204,0.0447,0.0386
3360,3.36,0.0127,0.0075,-0.0311,0.0231,0.1266,0.232
3361,3.361,-0.0007,0.0413,-0.015,0.0207,0.1025,0.2909
3362,3.362,-0.0132,0.028,-0.0041,0.0272,0.1251,0.2388
3363,3.363,-0.0212,0.024,0.0016,0.0212,0.105,0.2872
3364,3.364,-0.0314,0.0058,0.0143,0.0193,0.1975,0.3309
3365,3.365,-0.0518,-0.0174,0.0088,0.0108,0.4164,0.9265
3366,3.366,-0.0723,-0.0384,0.0037,0.0031,0.2673,0.6714
3367,3.367,-0.0638,-0.0194,-0.0008,0.0071,0.0227,0.1284
3368,3.368,-0.0361,-0.0319,0.005,0.0133,-0.0765,-0.2249
3369,3.369,-0.0104,-0.0567,-0.001,0.0188,-0.1068,-0.2902
3370,3.37,0.0329,-0.0204,0.0015,0.0218,-0.1342,-0.3492
3371,3.371,0.0389,0.0134,-0.0017,0.0209,-0.11,-0.2972
3372,3.372,0.0339,0.0178,-0.0116,0.0287,-0.1325,-0.2496
3373,3.373,0.0003,0.0139,-0.0235,0.0298,-0.3972,-0.7303
3374,3.374,-0.0303,0.0103,-0.0164,0.0235,-0.2893,-0.7948
3375,3.375,-0.0342,0.0134,-0.01,0.0108,-0.0592,-0.2713
3376,3.376,-0.0088,0.0162,-0.0069,-0.0169,0.0905,0.2224
3377,3.377,0.0275,0.0241,0.0095,-0.0528,0.0639,0.1597
3378,3.378,0.0416,0.0216,0.0261,-0.0188,0.0887,0.2184
3379,3.379,0.037,0.0148,0.0321,0.0033,0.156,0.2717
3380,3.38,0.0328,0.0044,0.0173,0.0153,0.0951,0.224
3381,3.381,0.0288,0.0172,0.0112,0.0119,0.2988,0.5296
3382,3.382,0.012,0.0288,-0.0114,0.0152,0.3801,0.887
3383,3.383,-0.03,0.0391,-0.0267,0.0181,0.1489,0.4607
3384,3.384,-0.0636,0.0313,-0.0422,0.0094,-0.0737,-0.0695
3385,3.385,-0.1127,0.0187,-0.0401,-0.0097,-0.1043,-0.2819
3386,3.386,-0.1585,0.0101,-0.0283,-0.0169,-0.1318,-0.2192
3387,3.387,-0.2473,-0.013,-0.031,-0.0057,-0.1076,-0.2781
3388,3.388,-0.1596,-0.0626,-0.0174,-0.0159,-0.0855,-0.2259
3389,3.389,-0.0338,-0.0983,0.01,-0.0215,-0.1874,-0.2742
3390,3.39,0.016,-0.092,0.0695,-0.0096,-0.4283,-0.9297
3391,3.391,0.0613,-0.0629,0.0949,-0.0112,-0.2644,-0.6494
3392,3.392,0.0471,-0.0364,0.0239,-0.0043,-0.0552,-0.0526
3393,3.393,0.0596,0.0072,-0.0239,-0.008,0.0809,0.181
3394,3.394,0.0713,0.0246,-0.0674,-0.0251,0.1058,0.2523
3395,3.395,0.0614,0.0087,-0.0912,-0.0079,0.1283,0.3168
3396,3.396,0.0525,0.023,-0.1129,0.0124,0.1488,0.2592
3397,3.397,0.0272,0.0362,-0.1198,0.0204,0.1303,0.101
3398,3.398,0.0195,0.0323,-0.1029,0.0276,0.3827,0.6294
3399,3.399,0.0124,0.0288,-0.0554,0.0209,0.3467,0.8404
3400,3.4,-0.007,0.0189,0.0024,0.0147,0.0507,0.264
3401,3.401,-0.0128,0.004,0.0566,0.0091,-0.0691,-0.1247
3402,3.402,-0.0289,-0.0041,0.0633,-0.0061,-0.1058,-0.1963
3403,3.403,-0.0338,0.0082,0.0307,-0.0081,-0.1391,-0.2611
3404,3.404,-0.012,0.0015,0.0245,0.0013,-0.1097,-0.3199
3405,3.405,-0.0084,-0.0007,0.0399,0.0064,-0.0828,-0.162
3406,3.406,0.0095,0.016,0.0443,0.0141,-0.3048,-0.4986
3407,3.407,0.0256,0.0003,0.0485,0.0045,-0.3944,-0.9796
3408,3.408,0.0341,-0.01,0.0444,-0.0017,-0.1503,-0.4041
3409,3.409,0.031,-0.0156,0.0479,-0.0006,0.08,0.139
3410,3.41,0.0234,-0.0106,0.0448,-0.0163,0.1104,0.2108
3411,3.411,0.0297,0.0124,0.0477,-0.041,0.1377,0.2757
3412,3.412,0.0274,0.0422,0.0506,-0.0112,0.1624,0.3344
3413,3.413,0.0252,0.046,0.053,0.0168,0.0953,0.2821
3414,3.414,0.0166,0.0424,0.051,0.0133,0.1969,0.3303
3415,3.415,0.0061,0.006,0.0368,0.0165,0.4377,0.8984
3416,3.416,0.0105,0.0013,0.0089,0.0253,0.2079,0.6666
3417,3.417,0.0147,-0.0032,-0.011,-0.0049,-0.0014,0.1733
3418,3.418,0.0118,-0.0311,-0.0145,-0.0088,-0.0834,-0.1481
3419,3.419,-0.0035,-0.0566,-0.0176,-0.0196,-0.1085,-0.2074
3420,3.42,-0.0144,-0.0664,-0.0262,-0.0361,-0.1312,-0.2611
3421,3.421,0.0166,-0.0576,-0.0232,-0.0632,-0.1113,-0.3097
3422,3.422,0.039,-0.0165,-0.0206,-0.0669,-0.13,-0.2664
3423,3.423,0.0432,0.0128,-0.0137,-0.044,-0.3825,-0.7826
3424,3.424,0.0616,0.0288,-0.0113,-0.0353,-0.3468,-0.8532
3425,3.425,0.0849,0.0336,0.002,-0.0163,-0.0511,-0.2771
3426,3.426,0.0824,0.0293,-0.0027,0.0059,0.0685,0.1117
3427,3.427,0.0854,0.0175,-0.0099,-0.0092,0.105,0.1835
3428,3.428,0.0833,0.0068,-0.0108,-0.0175,0.1381,0.2482
3429,3.429,0.0814,0.0102,-0.0016,-0.0104,0.1085,0.3067
3430,3.43,0.0797,0.0074,0.0066,0.0051,0.0816,0.2545
3431,3.431,0.078,0.0047,0.0185,0.0235,0.3033,0.4949
3432,3.432,0.0698,0.0024,0.0173,0.0358,0.3927,0.8885
3433,3.433,0.0685,0.0002,0.0081,0.0291,0.1485,0.413
3434,3.434,0.0699,0.0024,0.0122,0.0393,-0.0821,-0.036
3435,3.435,0.0637,-0.0031,0.0116,0.0411,-0.1126,-0.2118
3436,3.436,0.0467,-0.0014,0.0069,0.0258,-0.1401,-0.2656
3437,3.437,0.0095,0.0032,-0.0047,0.0197,-0.116,-0.3141
3438,3.438,-0.0492,-0.0093,-0.0294,0.0178,-0.0939,-0.2709
3439,3.439,-0.1351,-0.0076,-0.0396,0.0261,-0.1956,-0.3105
3440,3.44,-0.2383,-0.003,-0.0487,0.0184,-0.4365,-0.8517
3441,3.441,-0.3075,0.004,-0.0688,0.0058,-0.2069,-0.6199
3442,3.442,-0.3702,-0.0047,-0.0709,0.0007,0.0023,-0.1266
3443,3.443,-0.4275,-0.0102,-0.038,0.0053,0.0841,0.1951
3444,3.444,-0.4168,-0.0069,-0.0155,0.0094,0.1091,0.2544
3445,3.445,-0.2743,-0.0059,0.0129,0.0283,0.1317,0.3082
3446,3.446,0.0312,0.0001,0.0463,0.031,0.1116,0.2609
3447,3.447,0.1623,-0.0004,0.0689,0.0238,0.1302,0.2177
3448,3.448,0.1229,0.0004,0.0576,0.0036,0.3827,0.7338
3449,3.449,0.159,0.0048,0.0327,-0.0044,0.3469,0.8046
3450,3.45,0.1262,-0.0003,-0.0097,-0.0216,0.0511,0.2286
3451,3.451,0.1559,0.0062,-0.0035,-0.0463,-0.0686,-0.1598
3452,3.452,0.1287,0.0071,0.0556,-0.0298,-0.1051,-0.2313
3453,3.453,0.1041,0.005,0.0481,-0.0148,-0.1382,-0.2959
3454,3.454,0.1263,0.0071,-0.0013,-0.0009,-0.1088,-0.2385
3455,3.455,0.1059,0.0003,-0.0461,0.0065,-0.0819,-0.1861
3456,3.456,0.1242,-0.0042,-0.075,-0.0046,-0.3037,-0.5224
3457,3.457,0.1073,-0.0033,-0.1011,-0.0025,-0.3932,-0.9158
3458,3.458,0.0919,0.0052,-0.1345,0.0068,-0.149,-0.546
3459,3.459,0.0501,0.0085,-0.1033,0.0018,0.0815,0.0803
3460,3.46,0.0373,-0.0009,-0.0668,-0.0151,0.1119,0.1672
3461,3.461,0.0255,0.0054,-0.0228,-0.0129,0.1394,0.2457
3462,3.462,-0.0687,-0.0001,-0.005,-0.0027,0.1151,0.3166
3463,3.463,-0.1827,-0.003,0.054,-0.0045,0.093,0.2533
3464,3.464,-0.2902,-0.0021,0.0776,-0.0028,0.1948,0.3117
3465,3.465,-0.2767,0.0005,0.0707,0.0018,0.3986,0.8932
3466,3.466,-0.1635,0.0012,0.0385,0.0005,0.2632,0.6617
3467,3.467,-0.0874,0.009,0.0092,0.0018,-0.0084,0.1686
3468,3.468,-0.0182,0.01,-0.0067,0.0096,-0.1173,-0.1527
3469,3.469,-0.006,0.0073,-0.031,0.0126,-0.0848,-0.212
3470,3.47,0.0052,-0.0005,-0.053,0.0172,-0.1148,-0.2653
3471,3.471,0.0362,-0.0035,-0.0413,0.0197,-0.1421,-0.314
3472,3.472,0.0457,-0.0157,-0.0087,0.0249,-0.1176,-0.1835
3473,3.473,0.0198,-0.0139,-0.0133,0.0284,-0.3641,-0.6997
3474,3.474,0.0431,-0.0184,-0.0097,0.019,-0.3314,-0.9109
3475,3.475,0.0501,-0.0308,-0.0065,0.0065,-0.0624,-0.3347
3476,3.476,0.0564,-0.029,-0.0036,0.0048,0.0466,0.2087
3477,3.477,0.062,-0.0214,0.0169,-0.0058,0.08,0.2803
3478,3.478,0.0777,-0.0005,0.0193,-0.0155,0.1102,0.2172
3479,3.479,0.0728,0.0203,0.0117,-0.0192,0.1375,0.2759
3480,3.48,0.0594,0.0176,0.0271,-0.0341,0.1132,0.2236
3481,3.481,0.0553,-0.0048,0.017,-0.0441,0.3149,0.4639
3482,3.482,0.0659,-0.0077,0.0003,-0.0422,0.3963,0.9447
3483,3.483,0.0755,0.0003,-0.0332,-0.0236,0.1745,0.497
3484,3.484,0.0576,0.0069,-0.0738,-0.0038,-0.0571,-0.024
3485,3.485,0.0425,-0.0005,-0.0495,-0.021,-0.0875,-0.1999
3486,3.486,0.0231,-0.0027,-0.0628,-0.0055,-0.1149,-0.2537
3487,3.487,0.0056,-0.0007,-0.0667,0.0129,-0.1396,-0.3025
3488,3.488,-0.0059,0.0011,-0.0488,0.0302,-0.1173,-0.2593
3489,3.489,-0.0122,-0.0007,0.0006,0.0189,-0.1783,-0.2991
3490,3.49,-0.0069,0.0008,0.0076,0.0047,-0.419,-0.8404
3491,3.491,-0.019,-0.0007,0.0011,-0.0233,-0.2549,-0.7634
3492,3.492,-0.0299,0.0005,0.0184,-0.0273,0.0143,-0.1292
3493,3.493,-0.0231,0.006,-0.0082,-0.0021,0.1232,0.1277
3494,3.494,-0.0345,0.009,-0.0226,-0.0053,0.091,0.2063
3495,3.495,-0.036,0.0116,-0.0271,-0.0141,0.1212,0.2772
3496,3.496,-0.0261,0.0124,-0.0073,-0.0278,0.0945,0.3417
3497,3.497,-0.0066,0.0054,0.0399,-0.0155,0.0702,0.1678
3498,3.498,0.0351,-0.0011,0.0587,-0.0045,0.3616,0.7489
3499,3.499,0.0414,-0.002,0.0992,-0.0147,0.3223,0.8266
3500,3.5,0.0471,0.0002,0.1788,-0.0278,0.0695,0.3339
3501,3.501,0.0332,-0.0005,0.1441,-0.0331,-0.0953,-0.1154
3502,3.502,0.0116,-0.0063,0.0502,-0.0347,-0.066,-0.1749
3503,3.503,0.0081,0.0021,-0.0128,-0.014,-0.0934,-0.2287
3504,3.504,0.005,0.001,-0.024,0.0131,-0.1181,-0.2774
3505,3.505,0.0085,-0.0043,-0.055,0.0384,-0.0959,-0.2341
3506,3.506,0.0117,0.0001,-0.0831,0.0416,-0.279,-0.5119
3507,3.507,0.0256,0.0026,-0.1087,0.0386,-0.4023,-0.9814
3508,3.508,0.0233,-0.0075,-0.085,0.0249,-0.1556,-0.5338
3509,3.509,0.03,-0.0035,-0.0776,0.0176,0.0749,-0.0093
3510,3.51,0.0402,0.0001,-0.0449,0.0153,0.1054,0.2031
3511,3.511,0.0309,0.001,-0.0036,0.0214,0.133,0.2681
3512,3.512,0.0124,-0.0021,-0.0191,0.0157,0.1088,0.2108
3513,3.513,0.01,0.0005,0.0054,0.0174,0.0866,0.1586
3514,3.514,0.0034,-0.0021,0.0455,0.0097,0.1884,0.2069
3515,3.515,-0.0109,-0.0014,0.0618,0.0193,0.3922,0.8623
3516,3.516,-0.0388,0.0034,0.0573,0.0181,0.2568,0.7693
3517,3.517,-0.0586,0.0039,0.0355,0.017,-0.0148,0.1725
3518,3.518,-0.0985,-0.0026,0.0396,0.016,-0.1236,-0.216
3519,3.519,-0.1676,-0.0086,0.0579,0.0038,-0.0913,-0.1469
3520,3.52,-0.1958,-0.0093,0.068,0.0156,-0.1212,-0.2115
3521,3.521,-0.1524,-0.0143,0.0771,-0.0013,-0.1485,-0.27
3522,3.522,-0.0974,-0.006,0.1021,-0.0124,-0.1241,-0.2175
3523,3.523,-0.0186,-0.0139,0.1189,0.0142,-0.3706,-0.746
3524,3.524,0.013,-0.0066,0.0743,0.025,-0.3379,-0.8166
3525,3.525,0.0419,-0.004,0.0422,0.0152,-0.069,-0.2405
3526,3.526,0.0336,0.0071,0.0132,0.018,0.1121,0.1481
3527,3.527,0.0104,0.0147,-0.0345,0.0153,0.1455,0.22
3528,3.528,0.0034,0.0243,-0.0924,-0.0119,0.1161,0.2849
3529,3.529,0.0098,0.0255,-0.1624,-0.0372,0.1435,0.3435
3530,3.53,0.0156,0.0265,-0.2283,-0.0207,0.1192,0.1857
3531,3.531,0.0528,0.0192,-0.2018,-0.0119,0.2761,0.5222
3532,3.532,0.048,0.0089,-0.1622,-0.0092,0.378,0.9157
3533,3.533,0.0522,-0.0008,-0.0833,0.0032,0.1742,0.5462
3534,3.534,0.0402,-0.002,-0.01,-0.0123,-0.0704,0.0163
3535,3.535,0.0292,0.0012,0.0187,-0.0021,-0.1039,-0.196
3536,3.536,0.0191,0.0002,0.0623,-0.0188,-0.134,-0.2608
3537,3.537,0.0159,-0.0062,0.0549,-0.0075,-0.1072,-0.3194
3538,3.538,-0.009,-0.0019,0.0198,-0.0014,-0.0829,-0.2669
3539,3.539,-0.0061,-0.0013,0.0008,-0.0106,-0.1949,-0.3151
3540,3.54,-0.0034,-0.0048,0.0068,0.0013,-0.4188,-0.883
3541,3.541,-0.0226,-0.0078,0.0229,0.0029,-0.2697,-0.6511
3542,3.542,-0.0103,-0.0038,0.0184,-0.0179,-0.0251,-0.1578
3543,3.543,0.0142,-0.0032,0.0494,-0.0629,0.0741,0.1637
3544,3.544,0.0239,-0.0044,0.0858,-0.0436,0.1045,0.223
3545,3.545,0.0267,-0.0082,0.1587,-0.0025,0.1319,0.2766
3546,3.546,0.0348,-0.0067,0.2526,0.0135,0.1077,0.3255
3547,3.547,0.0371,-0.0109,0.1893,0.0088,0.1303,0.1953
3548,3.548,0.0304,-0.0104,0.1087,0.0045,0.395,0.7118
3549,3.549,0.0037,-0.0068,-0.0269,0.0165,0.3593,0.7826
3550,3.55,-0.0145,-0.0017,-0.1562,-0.0015,0.0636,0.3345
3551,3.551,-0.031,-0.0024,-0.2062,-0.0112,-0.0559,-0.0737
3552,3.552,-0.0399,0.0046,-0.2208,-0.0082,-0.0924,-0.2333
3553,3.553,-0.032,0.0092,-0.1787,-0.0055,-0.1254,-0.2821
3554,3.554,0.0051,0.0151,-0.1909,0.0069,-0.1554,-0.3264
3555,3.555,0.0422,0.0173,-0.1561,0.0048,-0.0743,-0.2079
3556,3.556,0.0566,0.0066,-0.1249,0.0029,-0.2961,-0.4605
3557,3.557,0.0433,0.0051,-0.0967,0.0123,-0.3856,-0.953
3558,3.558,0.0072,0.0065,-0.054,0.0108,-0.1414,-0.461
3559,3.559,0.0025,0.0003,0.0163,0.0063,0.0234,-0.0118
3560,3.56,-0.0283,-0.0006,0.0256,0.0161,0.1135,0.164
3561,3.561,-0.0244,-0.0036,0.0688,0.0174,0.1409,0.2178
3562,3.562,-0.028,-0.012,0.0922,0.0119,0.1167,0.2665
3563,3.563,-0.0183,-0.013,0.0993,0.0067,0.0945,0.2232
3564,3.564,0.0024,-0.0077,0.1186,0.0113,0.1962,0.263
3565,3.565,0.0104,-0.0068,0.0892,0.0122,0.4,0.8042
3566,3.566,0.0126,-0.0042,0.0731,0.0101,0.2645,0.7272
3567,3.567,0.0371,-0.0004,0.0392,-0.0005,-0.0071,0.0933
3568,3.568,0.0338,-0.0024,0.017,-0.0205,-0.116,-0.1638
3569,3.569,-0.0114,-0.0007,-0.0111,-0.0177,-0.0837,-0.2424
3570,3.57,-0.0567,-0.0071,-0.0293,-0.0105,-0.1138,-0.3134
3571,3.571,-0.1099,0.0058,-0.0326,-0.0083,-0.1411,-0.2501
3572,3.572,-0.1597,0.0002,0.0002,0.0059,-0.1168,-0.1926
3573,3.573,-0.1013,0.002,0.0661,0.0077,-0.3633,-0.6682
3574,3.574,0.0161,0.0066,0.0374,0.0026,-0.3307,-0.8607
3575,3.575,0.1003,0.008,-0.0062,-0.0112,-0.0618,-0.3373
3576,3.576,0.0851,0.0068,-0.0458,-0.0243,0.047,0.1563
3577,3.577,0.0713,0.0079,-0.0818,-0.026,0.0805,0.2215
3578,3.578,0.0589,0.007,-0.0758,-0.0214,0.1106,0.2801
3579,3.579,0.0705,0.0006,-0.0937,-0.0007,0.1379,0.3332
3580,3.58,0.0603,0.0032,-0.0889,0.0142,0.1135,0.1893
3581,3.581,0.0511,0.0011,-0.0458,0.0114,0.2704,0.4947
3582,3.582,0.0429,0.0018,0.0065,0.009,0.4128,0.9314
3583,3.583,0.051,-0.0024,0.0273,0.0024,0.1718,0.5245
3584,3.584,0.0442,-0.0007,0.0075,0.0085,-0.0587,-0.0584
3585,3.585,0.0366,-0.0105,0.0008,0.0146,-0.0874,-0.2285
3586,3.586,0.0044,-0.0048,0.0061,0.0239,-0.1177,-0.3072
3587,3.587,-0.0365,-0.001,0.0429,0.0323,-0.1451,-0.238
3588,3.588,-0.0631,-0.0017,0.1152,0.0184,-0.1207,-0.3028
3589,3.589,-0.0872,-0,0.1249,0.009,-0.188,-0.2454
3590,3.59,-0.1091,-0.0053,0.0769,0.0175,-0.412,-0.9327
3591,3.591,-0.065,-0.0017,0.0157,0.0006,-0.2631,-0.6526
3592,3.592,-0.0475,-0.0059,-0.0242,-0.0016,-0.0186,-0.056
3593,3.593,-0.0422,-0.0018,0.0105,-0.0323,0.0806,0.1775
3594,3.594,-0.0469,-0.0033,0.1069,-0.028,0.0512,0.1082
3595,3.595,-0.0249,0.0036,0.2034,-0.0081,0.0785,0.1726
3596,3.596,0.003,0.0006,0.089,-0.0116,0.1032,0.231
3597,3.597,0.0138,-0.0021,-0.0495,-0.0084,0.1256,0.2838
3598,3.598,0.0302,0.0022,-0.1429,0.0004,0.3494,0.7161
3599,3.599,0.033,0.0044,-0.228,-0.0133,0.3198,0.8906
3600,3.6,0.0192,0.0094,-0.3363,-0.011,0.0754,0.3088
3601,3.601,0.0119,0.0111,-0.2959,0.0137,-0.0239,-0.0799
3602,3.602,-0.0037,0.0152,-0.1835,0.0301,-0.0544,-0.1517
3603,3.603,-0.0098,0.0075,-0.1082,0.0151,-0.0818,-0.2166
3604,3.604,-0.0266,-0.0003,-0.0119,0.0014,-0.1068,-0.2754
3605,3.605,-0.0201,-0.0097,0.1769,-0.0159,-0.0848,-0.2231
3606,3.606,-0.0344,-0.0085,0.2576,-0.0316,-0.2681,-0.4636
3607,3.607,-0.0363,-0.0117,0.1341,-0.0255,-0.3916,-0.9445
3608,3.608,-0.0313,-0.0148,0.0218,-0.0312,-0.1451,-0.497
3609,3.609,-0.0085,-0.0175,-0.0395,-0.0093,0.0853,0.0275
3610,3.61,0.0343,-0.0149,-0.0584,-0.0064,0.1156,0.2399
3611,3.611,0.0398,-0.008,-0.0424,-0.0092,0.143,0.3048
3612,3.612,0.0448,-0.0016,0.0028,-0.0116,0.1186,0.2474
3613,3.613,0.0397,0.0062,0.0437,-0.0005,0.0964,0.3006
3614,3.614,0.0439,0.0199,0.0305,0.0136,0.198,0.2529
3615,3.615,0.0398,0.0106,-0.0046,0.0005,0.4388,0.8209
3616,3.616,0.0216,0.0089,-0.0154,-0.0012,0.2746,0.7441
3617,3.617,0.0183,0.0104,-0.0253,0.0034,0.0055,0.1101
3618,3.618,0.0332,0.0008,-0.0345,0.0158,-0.1034,-0.1466
3619,3.619,0.0359,-0.0029,-0.0898,0.0208,-0.1368,-0.2251
3620,3.62,0.0336,0.0003,-0.055,0.0132,-0.1074,-0.2961
3621,3.621,0.0313,0.0076,-0.0235,0.0062,-0.1347,-0.3605
3622,3.622,0.0331,0.0011,0.0403,-0.0027,-0.1104,-0.1865
3623,3.623,0.0161,-0.0031,0.0483,0.0028,-0.4018,-0.662
3624,3.624,0.0137,-0.0038,0.0712,0.0057,-0.3625,-0.8542
3625,3.625,0.0117,-0.0044,-0.0077,-0.0084,-0.1097,-0.3305
3626,3.626,-0.0163,-0.0002,-0.0812,0.0017,0.0551,0.1635
3627,3.627,-0.0524,-0.0078,-0.091,0.0071,0.0854,0.2291
3628,3.628,-0.0768,-0.0048,-0.0482,0.0019,0.1128,0.2881
3629,3.629,-0.1167,-0.004,0.022,-0.0027,0.1375,0.3417
3630,3.63,-0.1434,-0.0049,0.05,-0.0096,0.0705,0.1983
3631,3.631,-0.1293,0.0035,0.0756,-0.0084,0.2944,0.4169
3632,3.632,-0.0721,0.0067,0.0832,-0.0027,0.3838,0.9334
3633,3.633,-0.0017,0.0036,0.0617,0.0089,0.1397,0.4416
3634,3.634,0.0456,0.0027,0.0288,0.0104,-0.0251,-0.0074
3635,3.635,0.0542,0.007,0.0337,0.0091,-0.1151,-0.183
3636,3.636,0.0465,0,0.0276,0.0128,-0.1425,-0.2367
3637,3.637,0.0111,0.0009,0.0224,0.0183,-0.1183,-0.2853
3638,3.638,-0.0211,0.0034,0.062,0.0026,-0.0962,-0.242
3639,3.639,-0.0153,0.0056,0.1209,-0.0177,-0.1572,-0.2816
3640,3.64,0.0006,0.002,0.098,-0.0039,-0.435,-0.8227
3641,3.641,0.0247,-0.005,0.0631,0.0034,-0.2366,-0.7456
3642,3.642,0.0379,-0.0115,0.0186,0.0012,0.0164,-0.1113
3643,3.643,0.0341,-0.0124,-0.0217,0.0113,0.1156,0.1461
3644,3.644,0.0523,-0.0117,0.0376,0.0132,0.0864,0.2248
3645,3.645,0.0492,-0.0054,0.0304,0.0014,0.1138,0.2958
3646,3.646,0.0344,-0.0079,0.0099,-0.0031,0.1386,0.2326
3647,3.647,0.0265,-0.0043,0.017,0.0039,0.1165,0.1752
3648,3.648,0.0095,-0.0036,0.0351,-0.0075,0.3812,0.6512
3649,3.649,-0.0238,-0.002,0.009,-0.0059,0.3455,0.8438
3650,3.65,-0.0477,-0.0003,0.0045,0.0038,0.1155,0.3205
3651,3.651,-0.0165,0.0075,-0.0173,0.0076,-0.0937,-0.1732
3652,3.652,0.0198,0.0178,-0.0771,0.018,-0.0671,-0.2384
3653,3.653,0.0538,0.0137,-0.1889,0.0111,-0.0918,-0.2972
3654,3.654,0.0409,0.0023,-0.2342,0.0074,-0.1143,-0.2448
3655,3.655,0.0211,0.0008,-0.2474,0.0131,-0.0941,-0.1972
3656,3.656,0.0178,0.0021,-0.1583,0.01,-0.2606,-0.4158
3657,3.657,0.028,-0.0042,-0.054,-0.0003,-0.3726,-0.9322
3658,3.658,0.0312,-0.0032,0.0718,-0.0099,-0.1892,-0.5807
3659,3.659,0.0507,-0.0022,0.1564,-0.011,0.0335,-0.0037
3660,3.66,0.0782,-0.0014,0.1417,-0.0099,0.1236,0.2302
3661,3.661,0.053,-0.0073,0.1559,-0.0046,0.097,0.3014
3662,3.662,0.0168,0.0027,0.068,-0.0054,0.1218,0.238
3663,3.663,-0.0169,0.0041,-0.0121,-0.0096,0.0998,0.2965
3664,3.664,-0.03,0.0103,-0.0846,-0.021,0.1608,0.244
3665,3.665,-0.0499,0.0114,-0.1127,-0.0463,0.4018,0.8686
3666,3.666,-0.1045,0.0041,-0.0176,-0.0282,0.2378,0.6136
3667,3.667,-0.1123,-0.0023,0.0709,0.0016,0.0287,0.2256
3668,3.668,-0.0769,-0.0049,0.0597,-0.0023,-0.1074,-0.1275
3669,3.669,-0.0447,-0.0042,0.0911,0.0159,-0.1324,-0.1928
3670,3.67,0.0316,-0.0078,0.0629,0.0257,-0.1104,-0.2516
3671,3.671,0.0417,-0.0073,0.02,0.0346,-0.1308,-0.3051
3672,3.672,0.051,0.0015,-0.0346,0.0319,-0.1125,-0.1614
3673,3.673,0.0423,0.0077,-0.0133,0.0096,-0.3649,-0.6419
3674,3.674,0.0501,0.0045,-0.0198,0.0125,-0.329,-0.962
3675,3.675,0.0431,0.0015,-0.1081,0.0207,-0.0988,-0.3224
3676,3.676,0.0498,0.0061,-0.1208,0.0279,0.051,0.1049
3677,3.677,0.0559,0.012,-0.0634,-0.0057,0.1328,0.1837
3678,3.678,0.0295,0.0098,-0.0113,-0.0589,0.1087,0.2546
3679,3.679,0.0151,0.002,-0.0208,-0.066,0.1314,0.319
3680,3.68,0.0107,-0.0011,-0.0293,-0.0467,0.1113,0.2613
3681,3.681,-0.0415,-0.0038,0.0724,-0.0292,0.2781,0.4196
3682,3.682,-0.0912,-0.0097,0.2805,-0.0133,0.3903,0.9482
3683,3.683,-0.0848,-0.0166,0.3693,0.0109,0.1665,0.456
3684,3.684,-0.1493,-0.023,0.2875,0.0329,-0.0428,0.0068
3685,3.685,-0.1751,-0.0188,0.0652,0.013,-0.0705,-0.1691
3686,3.686,-0.1303,-0.0035,-0.1905,0.0062,-0.114,-0.247
3687,3.687,-0.0756,0.008,-0.2803,-0.0046,-0.1388,-0.3005
3688,3.688,0.0168,0.0131,-0.362,-0.0144,-0.1166,-0.253
3689,3.689,0.0545,0.0237,-0.4857,0.0004,-0.1776,-0.297
3690,3.69,0.0659,0.025,-0.4193,-0.0077,-0.4184,-0.8926
3691,3.691,0.0137,0.0112,-0.3185,-0.015,-0.2544,-0.8079
3692,3.692,0.023,0.0018,-0.1528,-0.0172,-0.0452,-0.1105
3693,3.693,0.0316,0.0001,-0.0864,-0.0071,0.0911,0.1722
3694,3.694,0.0237,0.0077,-0.1073,0.0097,0.1161,0.2586
3695,3.695,0.0022,0.0037,-0.1261,0.0162,0.1386,0.1821
3696,3.696,-0.0302,-0.0026,-0.1098,0.0182,0.1185,0.253
3697,3.697,-0.0478,-0.0016,0.0273,0.0051,0.1002,0.1893
3698,3.698,-0.0533,-0.0046,0.1563,-0,0.3525,0.7126
3699,3.699,-0.0583,-0.0131,0.1726,0.0075,0.3166,0.9239
3700,3.7,-0.0013,-0.0053,0.1873,0.0088,0.0864,0.3481
3701,3.701,0.0375,-0.0063,0.2007,0.0124,-0.0634,-0.0404
3702,3.702,0.03,-0.0071,0.1371,0.0114,-0.0913,-0.2526
3703,3.703,0.0104,-0.0096,0.1021,0.0103,-0.1162,-0.1894
3704,3.704,0.0044,-0.0027,0.0914,0.0076,-0.1837,-0.2479
3705,3.705,-0.0225,-0.0112,0.0627,0.005,-0.1231,-0.1952
3706,3.706,-0.0762,-0.008,0.0365,0.0027,-0.2529,-0.4354
3707,3.707,-0.0125,-0.009,0.0285,0.0063,-0.4046,-0.9159
3708,3.708,0.0647,0.0013,0.0355,-0.0033,-0.1808,-0.5961
3709,3.709,0.0954,-0.0028,0.0549,0.0036,0.0883,0.0448
3710,3.71,0.1044,-0.0091,0.0258,-0.0001,0.1249,0.3018
3711,3.711,0.0953,-0.0081,0.0525,0.0009,0.0924,0.2258
3712,3.712,0.0715,0.0013,0.0478,0.0061,0.1223,0.2968
3713,3.713,0.0781,0.0001,0.0698,0.0146,0.0954,0.2334
3714,3.714,0.0582,0.0011,0.0658,0.0178,0.1691,0.292
3715,3.715,0.0635,0.0063,0.0403,0.0105,0.4155,0.8733
3716,3.716,0.0682,0.0072,-0.0095,0.0131,0.2514,0.6417
3717,3.717,0.0724,0.0183,-0.0453,0.0002,0.0422,0.1488
3718,3.718,0.0852,0.0137,-0.039,-0.0277,-0.0941,-0.1724
3719,3.719,0.0571,0.0012,-0.0097,-0.0078,-0.1192,-0.2314
3720,3.72,0.0096,-0.0006,0.0703,-0.0042,-0.0972,-0.2848
3721,3.721,-0.0488,-0.0021,0.1279,-0.001,-0.1179,-0.3333
3722,3.722,-0.1034,-0.0062,0.1383,-0.0158,-0.0996,-0.2026
3723,3.723,-0.1818,-0.0051,0.0911,-0.0185,-0.3521,-0.6392
3724,3.724,-0.2547,-0.0019,-0.0036,-0.0062,-0.3163,-0.93
3725,3.725,-0.2262,-0.0049,-0.0663,-0.0085,-0.0862,-0.3485
3726,3.726,-0.0967,0.0015,-0.1006,-0.0228,0.0635,0.1949
3727,3.727,-0.0041,0.004,-0.1315,-0.0136,0.0912,0.2666
3728,3.728,0.0126,0.0034,-0.1028,-0.0086,0.116,0.3314
3729,3.729,0.0278,-0.0031,-0.0074,0.002,0.1386,0.274
3730,3.73,0.014,0.0047,0.1826,0.0033,0.0779,0.2217
3731,3.731,0.0265,-0.0006,0.156,0.002,0.2446,0.4622
3732,3.732,0.0379,-0.0014,0.1322,-0.0105,0.4015,0.9429
3733,3.733,0.0481,-0.0074,0.0211,-0.0156,0.1776,0.4954
3734,3.734,0.0574,-0.0022,-0.0797,0.0074,-0.0317,-0.0291
3735,3.735,0.0486,0.0027,-0.0607,0.0173,-0.0595,-0.2416
3736,3.736,0.025,0.0032,-0.0436,0.0085,-0.1337,-0.3066
3737,3.737,0.0178,0.0109,0.0024,0.0003,-0.1116,-0.2492
3738,3.738,0.0242,0.0079,0.072,0.0027,-0.0915,-0.3025
3739,3.739,0.0186,0.0052,0.1099,0.0048,-0.147,-0.2547
3740,3.74,0.0029,0.0061,0.0756,-0.0013,-0.3995,-0.9101
3741,3.741,-0.0013,0.0039,-0.0598,-0.0106,-0.2915,-0.817
3742,3.742,0.0038,-0.0025,-0.1518,-0.0055,0.0045,-0.2203
3743,3.743,0.0009,-0.0033,-0.2688,0.0083,0.1242,0.1684
3744,3.744,-0.0091,0.0037,-0.1916,0.0176,0.0887,0.2398
3745,3.745,-0.0117,-0.0066,-0.0658,0.0193,0.1219,0.3046
3746,3.746,-0.0084,-0.0025,-0.082,0.0209,0.152,0.2472
3747,3.747,0.0222,0.0012,-0.0967,0.0305,0.1251,0.1948
3748,3.748,0.0425,-0.0043,-0.0545,0.0115,0.347,0.6274
3749,3.749,0.032,-0.0053,-0.0663,-0.0133,0.3175,0.9185
3750,3.75,0.0292,-0.0079,-0.0311,-0.0035,0.1276,0.3371
3751,3.751,0.0324,-0.0001,-0.0615,-0.0064,-0.0949,-0.0514
3752,3.752,0.041,0.0073,-0.0891,-0.0038,-0.1252,-0.2637
3753,3.753,0.0291,0.0138,-0.1143,-0.0111,-0.0984,-0.3286
3754,3.754,0.0317,0.0061,-0.0743,-0.0134,-0.1232,-0.2713
3755,3.755,0.0422,0.0031,0.0332,-0.0155,-0.101,-0.2191
3756,3.756,0.0332,-0.0033,0.0186,-0.0137,-0.2433,-0.4596
3757,3.757,0.0284,-0.0023,0.0053,-0.0052,-0.41,-0.9404
3758,3.758,0.0303,-0.0001,-0.0068,-0.0158,-0.2082,-0.493
3759,3.759,0.0346,0.002,-0.018,-0.0283,0.0365,0.0314
3760,3.76,0.0286,0.0115,0.0134,-0.0232,0.0702,0.2438
3761,3.761,0.0256,0.0076,0.0227,-0.0032,0.1004,0.3089
3762,3.762,0.0205,0.0065,0.0657,-0.0005,0.1278,0.2514
3763,3.763,0.0066,0.0056,0.0731,0.0019,0.1035,0.3045
3764,3.764,-0.0199,-0.0016,0.1084,0.0131,0.1708,0.2565
3765,3.765,-0.0163,-0.0006,0.1794,0.0111,0.3947,0.8244
3766,3.766,-0.0461,-0.0065,0.1317,0.0204,0.2459,0.7474
3767,3.767,-0.0982,-0.0086,0.0538,0.0153,0.0014,0.1132
3768,3.768,-0.1337,-0.0007,0.0224,0.0107,-0.0977,-0.1439
3769,3.769,-0.1274,0.0047,-0.0063,-0.0018,-0.0684,-0.2228
3770,3.77,-0.0629,0.0039,-0.0672,-0.0102,-0.1499,-0.2939
3771,3.771,-0.0544,0.0048,-0.0755,0.0005,-0.1256,-0.2308
3772,3.772,-0.078,-0.0036,-0.0973,0.0187,-0.1033,-0.1734
3773,3.773,-0.0854,-0.0067,-0.0912,0.0261,-0.3678,-0.6492
3774,3.774,-0.0665,-0.0077,-0.0622,0.0197,-0.332,-0.8415
3775,3.775,-0.0138,-0.0049,-0.0038,0.0178,-0.1018,-0.3182
3776,3.776,0.0357,-0.0023,0.0038,0.0012,0.1076,0.1755
3777,3.777,0.0163,0.0029,-0.0604,-0.0008,0.0813,0.2409
3778,3.778,-0.0247,0.0009,-0.0174,0.0014,0.1062,0.2997
3779,3.779,0.0125,-0.0007,-0.0409,-0.0078,0.1289,0.2475
3780,3.78,0.0657,0.0022,-0.0907,-0.0059,0.1088,0.1998
3781,3.781,0.0585,0.0037,-0.0716,-0.0103,0.2755,0.4182
3782,3.782,0.0908,0.0016,-0.0072,-0.0032,0.3877,0.9344
3783,3.783,0.12,-0.0004,0.0356,0.0031,0.2044,0.583
3784,3.784,0.1358,-0.0047,0.0429,0.0022,-0.0181,0.006
3785,3.785,0.1019,-0.0063,0.0351,-0.0071,-0.1081,-0.2279
3786,3.786,0.0709,-0.0048,0.028,0.012,-0.1355,-0.2994
3787,3.787,0.0096,-0.0034,0.0333,0.0126,-0.1274,-0.2885
3788,3.788,-0.0506,-0.0031,0.0501,-0.001,-0.103,-0.2251
3789,3.789,-0.1802,-0.0051,0.0546,-0.0082,-0.1703,-0.2834
3790,3.79,-0.3471,-0.0001,0.0297,-0.0015,-0.3941,-0.8647
3791,3.791,-0.3696,-0.0065,0.0158,-0.0035,-0.2452,-0.7879
3792,3.792,-0.2275,-0.004,0.0431,-0.009,-0.0551,-0.1542
3793,3.793,-0.0611,-0.0019,0.0974,-0.0072,0.118,0.1027
3794,3.794,0.0506,0.0001,0.1362,0.0035,0.0962,0.1813
3795,3.795,0.0706,-0.003,0.1005,0.0244,0.1168,0.2523
3796,3.796,0.0887,-0.0106,0.0811,0.0273,0.1354,0.189
3797,3.797,0.0716,-0.0159,0.0399,0.0192,0.0851,0.1313
3798,3.798,0.0865,-0.0096,-0.0084,0.0069,0.3146,0.607
3799,3.799,0.0723,-0.0002,-0.1057,0.0003,0.3476,0.9272
3800,3.8,0.0595,-0.0039,-0.1754,0.0105,0.1385,0.4039
3801,3.801,0.0477,-0.0118,-0.1882,0.0198,-0.0518,-0.0898
3802,3.802,0.037,-0.0046,-0.2921,0.0113,-0.0771,-0.1553
3803,3.803,0.0272,0.0075,-0.2229,0.0036,-0.0998,-0.2143
3804,3.804,0.0182,0.0126,-0.1347,-0.0089,-0.1204,-0.2678
3805,3.805,0.0413,0.011,-0.1232,-0.0344,-0.1022,-0.2202
3806,3.806,0.0624,0.015,-0.0502,-0.0525,-0.2536,-0.4387
3807,3.807,0.0946,0.0161,0.0545,-0.0361,-0.3961,-0.955
3808,3.808,0.0771,0.0083,0.0687,-0.0274,-0.1924,-0.6036
3809,3.809,0.0506,-0.0013,0.2079,-0.0247,0.0522,-0.0266
3810,3.81,0.0459,-0.0102,0.2266,-0.0075,0.0857,0.2072
3811,3.811,0.0328,-0.0158,0.2099,-0.0054,0.1159,0.2786
3812,3.812,0.0288,-0.0107,0.1334,0.0171,0.1433,0.3432
3813,3.813,0.018,-0.0062,0.0639,0.0142,0.119,0.2857
3814,3.814,0.0148,-0.0054,0.0515,0.0222,0.1414,0.2332
3815,3.815,0.0119,0.003,-0.0289,0.0198,0.4061,0.8578
3816,3.816,-0.0018,-0.0003,-0.0599,-0.0139,0.2258,0.7731
3817,3.817,-0.0042,0.0049,-0.0315,-0.0188,0.0611,0.2305
3818,3.818,0.0068,0.0003,0.0977,-0.0233,-0.0886,-0.1227
3819,3.819,0.0169,0.008,0.1159,-0.0196,-0.1161,-0.1878
3820,3.82,0.0076,-0.0015,0.0317,-0.0233,-0.1409,-0.2465
3821,3.821,0.0127,-0.0053,-0.0756,-0.0465,-0.1634,-0.2999
3822,3.822,-0.0011,0.0002,-0.1452,-0.0495,-0.1026,-0.2521
3823,3.823,-0.0178,0.0032,-0.1576,-0.0305,-0.3433,-0.6453
3824,3.824,-0.0199,0.0134,-0.215,-0.0233,-0.3763,-0.9097
3825,3.825,-0.0218,0.012,-0.2252,-0.0122,-0.1673,-0.3809
3826,3.826,-0.0087,0.0131,-0.2155,0.0103,0.0774,0.1129
3827,3.827,0.0067,0.0052,-0.1031,0.0073,0.0453,0.1785
3828,3.828,-0.0034,0.0062,-0.0265,-0.0009,0.135,0.2374
3829,3.829,-0.0164,0.0034,0.071,0.0014,0.1623,0.2909
3830,3.83,-0.0282,-0.0009,0.0838,0.0216,0.0887,0.2433
3831,3.831,-0.0235,-0.0002,0.0727,0.0296,0.2905,0.3744
3832,3.832,-0.0357,0.0033,0.1253,0.0221,0.4262,0.8908
3833,3.833,-0.0303,-0.0025,0.1543,0.0154,0.2043,0.5395
3834,3.834,-0.0131,0.0012,0.129,0.0173,-0.0049,0.0906
3835,3.835,-0.0149,-0.0009,0.1216,0.0191,-0.0868,-0.2014
3836,3.836,-0.0246,-0.0026,0.1149,0.0173,-0.1117,-0.2553
3837,3.837,-0.0223,-0.0022,0.1604,0.0187,-0.1343,-0.3041
3838,3.838,-0.0305,0.0004,0.1663,0.0256,-0.1141,-0.2608
3839,3.839,-0.0533,0.0073,0.0865,0.0218,-0.1326,-0.2214
3840,3.84,-0.0301,0.0125,-0.0858,0.0208,-0.385,-0.7626
3841,3.841,0.015,0.0116,-0.2583,0.0155,-0.277,-0.6856
3842,3.842,0.0087,-0.0012,-0.2364,0.0034,-0.0466,-0.1925
3843,3.843,0.0382,-0.0105,-0.1757,0.0017,0.1032,0.1291
3844,3.844,0.0546,-0.002,-0.0832,0.0033,0.1308,0.1885
3845,3.845,0.0504,-0.0005,0.0346,0.0073,0.1557,0.2422
3846,3.846,0.0112,0.0009,0.0195,0.0062,0.1336,0.2911
3847,3.847,0.017,-0.0003,0.0337,0.0006,0.1135,0.1606
3848,3.848,0.0222,0.0007,0.0214,0.0036,0.3543,0.5976
3849,3.849,0.0271,0.0017,0.1023,0.0009,0.3217,0.889
3850,3.85,0.0393,0.0045,0.1339,0.0103,0.1129,0.4136
3851,3.851,0.0215,-0.005,0.0868,0.0141,-0.0774,-0.0353
3852,3.852,-0.0013,-0.0062,-0.025,0.0085,-0.1026,-0.2109
3853,3.853,-0.0219,-0.0093,-0.1009,0.0096,-0.1252,-0.2644
3854,3.854,-0.0628,-0.0063,-0.0863,0.0012,-0.1457,-0.3128
3855,3.855,-0.0919,-0.0108,-0.1486,0.0002,-0.0903,-0.2694
3856,3.856,-0.1184,-0.0048,-0.1824,-0.005,-0.2417,-0.3882
3857,3.857,-0.1521,0.0036,-0.1297,-0.0076,-0.4251,-0.9294
3858,3.858,-0.13,0.0026,-0.0628,-0.0084,-0.2033,-0.5424
3859,3.859,-0.07,0.0016,0.0671,-0.0014,0.006,-0.0487
3860,3.86,0.0077,-0.0029,0.1231,-0.004,0.0879,0.2729
3861,3.861,-0.0027,-0.0071,0.0731,-0.0098,0.1128,0.2161
3862,3.862,0.0067,-0.0078,0.0276,-0.0012,0.1354,0.2698
3863,3.863,-0.0021,-0.0042,0.0139,0.0022,0.1153,0.3185
3864,3.864,0.0212,-0.0046,0.0266,0.016,0.1708,0.2753
3865,3.865,0.0708,-0.0005,0.0612,0.0142,0.4233,0.7916
3866,3.866,0.077,-0.0072,0.134,0.0194,0.243,0.722
3867,3.867,0.0595,-0.0026,0.0866,0.0272,0.0126,0.1458
3868,3.868,0.0645,-0.0017,0.0261,0.0149,-0.0775,-0.2426
3869,3.869,0.0596,0.0005,-0.013,0.01,-0.1593,-0.1737
3870,3.87,0.055,0.0041,-0.0485,0.0055,-0.1351,-0.2384
3871,3.871,0.0588,0.0099,-0.0939,-0.0124,-0.1131,-0.297
3872,3.872,0.0621,0.0153,-0.1117,-0.0346,-0.093,-0.2446
3873,3.873,0.0849,0.0173,-0.0428,-0.0553,-0.3339,-0.5811
3874,3.874,0.0698,0.0179,-0.0338,-0.0578,-0.3669,-0.8872
3875,3.875,0.0559,0.0139,-0.0429,-0.0504,-0.0982,-0.3708
3876,3.876,0.078,0.0062,-0.0042,-0.0299,0.0828,0.1231
3877,3.877,0.0866,-0.0041,-0.0259,0.0004,0.1162,0.1886
3878,3.878,0.0563,-0.0082,-0.0712,0.0205,0.1463,0.2476
3879,3.879,-0.004,-0.007,-0.1123,0.0242,0.1194,0.301
3880,3.88,-0.0818,-0.008,-0.1282,0.0145,0.095,0.2533
3881,3.881,-0.1132,-0.0049,-0.1236,0.0118,0.2518,0.3845
3882,3.882,-0.085,-0.0003,-0.0576,0.02,0.3942,0.9008
3883,3.883,-0.1284,0.0022,0.0277,0.0177,0.1904,0.5496
3884,3.884,-0.1677,0.0016,0.062,0.0066,-0.0544,0.1005
3885,3.885,-0.1038,-0.0004,0.0514,-0.0076,-0.088,-0.1914
3886,3.886,-0.0609,-0.0021,0.1366,-0.0094,-0.1183,-0.2454
3887,3.887,-0.0845,-0.0026,0.1017,-0.0213,-0.1458,-0.2942
3888,3.888,-0.0606,-0.0002,0.0727,-0.036,-0.1218,-0.2818
3889,3.889,-0.0111,-0.0037,0.2288,-0.0376,-0.1466,-0.2385
3890,3.89,0.0338,-0.0059,0.3402,-0.039,-0.3933,-0.834
3891,3.891,0.0278,-0.007,0.1562,-0.0226,-0.2952,-0.7494
3892,3.892,0.0118,-0.0051,0.032,-0.0023,-0.0263,-0.2068
3893,3.893,0.0165,-0.009,-0.0363,0.0113,0.0823,0.1462
3894,3.894,0.0122,-0.0012,-0.1389,0.0185,0.1155,0.2114
3895,3.895,-0.0078,0.0044,-0.1952,0.025,0.1455,0.2701
3896,3.896,0.003,0.0097,-0.2126,0.035,0.1185,0.2177
3897,3.897,0.0062,0.0033,-0.2589,0.0257,0.0447,0.0738
3898,3.898,0.0332,0.0075,-0.273,0.007,0.3359,0.5542
3899,3.899,0.0296,0.0053,-0.1342,-0.0003,0.3755,0.8741
3900,3.9,0.0264,0.0047,-0.1525,-0.007,0.1226,0.4671
3901,3.901,0.0236,0.0004,-0.2365,-0.0009,-0.0425,-0.0102
3902,3.902,0.0317,0.0093,-0.2518,-0.014,-0.1326,-0.2038
3903,3.903,0.0294,0.003,-0.127,-0.0259,-0.1602,-0.2628
3904,3.904,0.045,0.002,-0.0099,-0.0121,-0.1362,-0.3164
3905,3.905,0.0267,0.001,0.0965,0.0045,-0.0694,-0.269
3906,3.906,0.0144,0.0075,0.1374,0.011,-0.2119,-0.4002
3907,3.907,0.0438,0.0066,0.1243,0.0088,-0.4159,-0.9166
3908,3.908,0.0322,0.003,0.1582,0.0069,-0.1721,-0.5654
3909,3.909,0.0216,-0.0077,0.1474,0.0119,0.0582,0.0114
3910,3.91,0.0054,-0.0152,0.1188,0.0011,0.0885,0.245
3911,3.911,0.0028,-0.0193,0.0583,-0.0086,0.1158,0.3161
3912,3.912,0.0004,-0.0156,0.0506,0.0102,0.1405,0.2527
3913,3.913,-0.0017,-0.0165,0.0577,0.0183,0.1183,0.311
3914,3.914,-0.0037,-0.007,0.0513,0.0058,0.1792,0.2583
3915,3.915,-0.0014,0.0018,0.0458,-0.0279,0.4199,0.7867
3916,3.916,-0.003,0.0051,0.062,-0.0423,0.2558,0.7167
3917,3.917,0.0024,0.0041,0.0478,-0.0116,0.0466,0.268
3918,3.918,-0.005,0.0068,0.0348,-0.0078,-0.0898,-0.1406
3919,3.919,-0.0089,-0.0044,0.0468,-0.0043,-0.1149,-0.1949
3920,3.92,-0.0025,-0.012,0.0945,-0.0012,-0.1377,-0.2438
3921,3.921,0.0055,-0.005,0.1012,0.0075,-0.1178,-0.2881
3922,3.922,0.0003,0.0038,0.0723,0.0047,-0.0995,-0.1696
3923,3.923,0.0031,0.0028,0.0566,0.0118,-0.352,-0.6389
3924,3.924,0.0074,0.0038,0.0326,0.0095,-0.3883,-0.959
3925,3.925,0.0067,0.0123,-0.0069,0.0115,-0.0926,-0.4358
3926,3.926,-0.0026,0.0178,-0.0228,0.0207,0.0271,0.0579
3927,3.927,-0.0113,0.0126,-0.0371,0.0156,0.1357,0.2513
3928,3.928,-0.0081,0.0004,-0.0415,0.0111,0.1032,0.3101
3929,3.929,0.0076,0.0021,-0.0213,0.007,0.1332,0.2579
3930,3.93,0.014,0.0066,-0.0245,0.0082,0.1063,0.2103
3931,3.931,0.02,0.0025,-0.047,0.0005,0.2294,0.3413
3932,3.932,0.0254,-0.0012,-0.0553,0.0162,0.4312,0.9368
3933,3.933,0.0338,-0.0022,-0.0354,0.0317,0.1871,0.5114
3934,3.934,0.0291,-0.0053,-0.0418,0.0338,-0.0433,0.123
3935,3.935,0.0303,-0.0044,-0.0388,0.0282,-0.0738,-0.2301
3936,3.936,0.0417,-0.0036,-0.0076,0.0197,-0.1013,-0.2951
3937,3.937,0.0187,-0.0015,-0.0024,0.0058,-0.1261,-0.2377
3938,3.938,0.0022,-0.0008,0.0023,-0.0035,-0.104,-0.291
3939,3.939,-0.0006,-0.0039,0.0359,-0.0119,-0.1244,-0.2431
3940,3.94,-0.0362,-0.0023,0.103,-0.0195,-0.4022,-0.811
3941,3.941,-0.0893,-0.0028,0.2085,-0.0126,-0.2834,-0.7341
3942,3.942,-0.0821,-0.0026,0.14,0.0064,-0.0304,-0.241
3943,3.943,-0.0497,0.0012,0.1032,0.0037,0.0688,0.2084
3944,3.944,-0.0439,-0.0004,0.0004,-0.0186,0.0992,0.2679
3945,3.945,-0.0279,-0.0016,-0.1242,-0.0214,0.1267,0.3216
3946,3.946,-0.0232,0.0023,-0.2079,-0.0294,0.1025,0.2743
3947,3.947,-0.0363,0.0007,-0.2838,-0.027,0.0803,0.2312
3948,3.948,-0.0402,0.001,-0.2972,-0.0203,0.345,0.5887
3949,3.949,-0.0293,0.0021,-0.2589,-0.0223,0.3813,0.9256
3950,3.95,-0.0325,-0.0005,-0.0856,-0.0241,0.0857,0.4452
3951,3.951,-0.0235,-0.0023,0.0383,-0.0123,-0.0338,-0.1316
3952,3.952,-0.0371,-0.004,0.151,0.0047,-0.0704,-0.2101
3953,3.953,-0.0742,-0.0004,0.2126,0.0025,-0.1034,-0.2809
3954,3.954,-0.0581,-0.0062,0.1578,0.0126,-0.1334,-0.3454
3955,3.955,-0.0436,-0.0056,0.1418,0.0071,-0.1063,-0.2876
3956,3.956,-0.048,-0.0063,0.1577,-0.0047,-0.2294,-0.3404
3957,3.957,-0.012,-0.0081,0.0611,-0.0092,-0.431,-0.965
3958,3.958,0.0317,0.0007,-0.0014,0.0033,-0.1869,-0.5394
3959,3.959,0.0374,0.0094,-0.0584,0.0084,0.0436,0.0039
3960,3.96,0.0426,0.0037,-0.1519,0.0039,0.0742,0.2165
3961,3.961,0.0472,-0.0058,-0.139,0.0025,0.1018,0.2817
3962,3.962,0.0692,-0.0096,-0.1042,0.0013,0.1267,0.3406
3963,3.963,0.0491,-0.0087,-0.1767,0.0024,0.1047,0.2884
3964,3.964,0.0309,-0.0035,-0.1478,-0.0113,0.1252,0.2408
3965,3.965,0.021,0.001,-0.0524,-0.0095,0.4032,0.8089
3966,3.966,0.0238,0.0069,-0.0142,0.0158,0.2845,0.7321
3967,3.967,0.0429,0.009,-0.0713,0.0122,0.0317,0.2392
3968,3.968,0.0404,0.007,-0.1021,0.0089,-0.0675,-0.2099
3969,3.969,0.0291,0.0138,-0.0925,0.0177,-0.0977,-0.2689
3970,3.97,0.0391,0.0092,-0.0494,0.0096,-0.125,-0.3223
3971,3.971,0.0372,-0.0037,0.0525,0.0023,-0.1496,-0.2748
3972,3.972,0.0354,-0.0057,0.1219,0.0001,-0.0824,-0.2313
3973,3.973,0.0337,-0.004,0.1343,-0.006,-0.3469,-0.5886
3974,3.974,0.024,-0.0117,0.2376,-0.0005,-0.383,-0.9253
3975,3.975,0.0126,-0.0048,0.2235,-0.0225,-0.0873,-0.4446
3976,3.976,0.008,-0.0012,0.16,-0.0197,0.1119,0.1325
3977,3.977,0.0092,-0.0002,0.0562,-0.0006,0.0766,0.2115
3978,3.978,0.0103,0.0007,-0.0415,0.0067,0.1099,0.2826
3979,3.979,-0.0047,0.007,-0.105,0.0045,0.14,0.3472
3980,3.98,-0.0027,-0.0059,-0.0939,0.0065,0.1131,0.2895
3981,3.981,0.0065,-0.0116,-0.1255,0.0159,0.2363,0.3426
3982,3.982,0.0014,-0.0066,-0.1544,0.0075,0.3933,0.9674
3983,3.983,0.0058,-0.0051,-0.0255,-0.0031,0.2101,0.5421
3984,3.984,0.0017,0.0018,0.0667,-0.007,-0.0123,-0.0009
3985,3.985,0.013,0.008,-0.0176,-0.0006,-0.1023,-0.2134
3986,3.986,0.0145,0.0112,-0.033,-0.013,-0.1298,-0.2785
3987,3.987,-0.0008,0.0082,-0.0748,-0.0045,-0.1056,-0.3374
3988,3.988,-0.011,0.0166,-0.1127,0.0002,-0.1281,-0.2852
3989,3.989,-0.0173,0.0156,-0.1526,0.0041,-0.1413,-0.2241
3990,3.99,-0.0156,0.0146,-0.1417,0.0111,-0.4059,-0.8489
3991,3.991,-0.031,0.0156,-0.1945,0.0099,-0.298,-0.7645
3992,3.992,-0.021,0.0052,-0.0529,-0.0072,-0.0678,-0.2221
3993,3.993,-0.0007,-0.0073,0.0482,-0.0096,0.0819,0.1311
3994,3.994,-0.0144,-0.0057,0.1033,0.0015,0.1095,0.1962
3995,3.995,-0.0121,0.0019,0.0863,0.0035,0.1342,0.255
3996,3.996,-0.0054,0.0032,0.0709,-0.0058,0.112,0.3083
3997,3.997,-0.0279,0.0044,0.0848,-0.0041,0.0917,0.1644
3998,3.998,-0.0486,-0.006,0.047,-0.0026,0.3324,0.5574
3999,3.999,-0.0732,-0.0101,0.0583,0.0043,0.3653,0.9273
4000,4,-0.0895,-0.0138,0.0479,0.0006,0.0964,0.3984
4001,4.001,-0.0807,-0.006,0.0575,-0.0004,-0.0848,-0.0955
4002,4.002,-0.0615,-0.003,0.1007,0.0049,-0.1183,-0.1612
4003,4.003,-0.0243,-0.0021,0.1083,0.0023,-0.1486,-0.2203
4004,4.004,0.0022,0.0021,0.1433,0.0014,-0.1219,-0.274
4005,4.005,0.0166,-0.0048,0.1365,0.013,-0.0977,-0.2267
4006,4.006,0.0211,-0.0075,0.0596,0.0113,-0.2098,-0.3581
4007,4.007,0.0172,-0.0083,0.0696,0.0067,-0.3933,-0.954
4008,4.008,0.0281,-0.0076,0.0599,-0.0029,-0.221,-0.5288
4009,4.009,0.025,-0.0027,-0.0006,0.0008,0.0261,0.0141
4010,4.01,0.0163,-0.0057,-0.0867,0.0085,0.1251,0.2262
4011,4.011,0.0137,-0.0052,-0.121,0.0054,0.0957,0.291
4012,4.012,0.0115,0.0026,-0.1725,0.0157,0.1229,0.2334
4013,4.013,0.0138,0.0082,-0.1815,0.0282,0.0985,0.2864
4014,4.014,0.0199,0.003,-0.1381,0.013,0.1656,0.2383
4015,4.015,0.018,0.0095,-0.1455,0.0069,0.3894,0.8059
4016,4.016,0.0196,0.0036,-0.0668,-0.0025,0.3001,0.7287
4017,4.017,0.0365,-0,0.0273,-0.0076,0.0555,0.0944
4018,4.018,0.0299,0.0065,0.065,-0.0121,-0.1094,-0.1628
4019,4.019,0.0156,0.0023,0.0535,0.0086,-0.1397,-0.2418
4020,4.02,0.0138,0.0076,0.064,0.0174,-0.1672,-0.3131
4021,4.021,0.0053,0.0057,0.0549,-0.0018,-0.143,-0.25
4022,4.022,0.0038,0.0115,0.0642,0.0054,-0.0761,-0.1925
4023,4.023,0.0024,0.0046,0.0417,0.0165,-0.3,-0.5625
4024,4.024,-0.0013,0.0092,0.0213,0.0185,-0.33,-0.8993
4025,4.025,-0.0024,0.0051,0.0159,-0.0095,-0.1401,-0.4189
4026,4.026,0.0048,0.0058,0.0227,-0.0375,0.0825,0.158
4027,4.027,0.0054,0.0079,0.0393,-0.034,0.1128,0.2368
4028,4.028,0.0096,0.0037,0.0639,-0.0309,0.1402,0.3077
4029,4.029,0.0166,0.0055,0.0597,-0.0518,0.165,0.2443
4030,4.03,0.014,-0.0022,0.0239,-0.06,0.098,0.1865
4031,4.031,0.0029,-0.0192,0.0098,-0.0724,0.2402,0.3448
4032,4.032,-0.0016,-0.0364,-0.0384,-0.0703,0.407,0.8732
4033,4.033,-0.0112,-0.0208,-0.0963,-0.0398,0.2053,0.6625
4034,4.034,-0.0149,-0.0146,-0.119,-0.0091,-0.0394,0.0855
4035,4.035,-0.016,-0.0127,-0.1111,-0.0131,-0.0729,-0.1485
4036,4.036,-0.0191,-0.0075,-0.0392,-0.024,-0.1032,-0.2201
4037,4.037,-0.007,-0.0059,0.1037,-0.0011,-0.1306,-0.285
4038,4.038,0.0148,0.0011,0.2467,0.0259,-0.1062,-0.2278
4039,4.039,0.0418,0.0049,0.2289,0.044,-0.1287,-0.1755
4040,4.04,0.0382,0.0127,0.1454,0.0471,-0.3933,-0.8001
4041,4.041,-0.0049,0.0055,0.0695,0.05,-0.2854,-0.8859
4042,4.042,-0.0223,0.0064,-0.1387,0.0526,-0.0551,-0.1887
4043,4.043,-0.0276,0.0124,-0.2275,0.0402,0.0947,0.0937
4044,4.044,-0.0322,0.0209,-0.3082,0.0155,0.1224,0.1802
4045,4.045,-0.0276,0.0132,-0.3322,0.0055,0.1473,0.2582
4046,4.046,-0.0156,0.0163,-0.1748,0.0083,0.1253,0.329
4047,4.047,-0.0262,0.0118,-0.0321,0.0109,0.1052,0.1376
4048,4.048,-0.0291,0.0008,-0.0501,0.0035,0.346,0.5443
4049,4.049,0.0104,-0.0098,0.0008,0.0012,0.3791,0.9144
4050,4.05,0.0265,-0.0057,0.0778,-0.0009,0.1104,0.3859
4051,4.051,0.0316,-0.0019,0.2868,0.0046,-0.0706,-0.1077
4052,4.052,0.0362,-0.0028,0.4363,0.013,-0.1039,-0.1732
4053,4.053,0.0246,-0.008,0.2471,0.0115,-0.134,-0.2321
4054,4.054,0.0213,-0.0071,0.1736,0.0075,-0.1612,-0.2854
4055,4.055,0.0248,-0.0028,0.0619,0.0087,-0.0875,-0.2377
4056,4.056,0.0222,0.0041,-0.0396,0.0054,-0.2443,-0.3687
4057,4.057,0.0032,0.0069,-0.1692,0.0107,-0.4276,-0.9643
4058,4.058,-0.0138,0.0027,-0.2198,0.0171,-0.2057,-0.5389
4059,4.059,-0.0292,0.0034,-0.3271,0.0163,0.0036,0.0041
4060,4.06,-0.0392,-0.0029,-0.3969,0.0048,0.0856,0.2167
4061,4.061,-0.0111,-0.0141,-0.2077,-0.0206,0.1108,0.282
4062,4.062,0.025,-0.0064,-0.0726,-0.017,0.1335,0.3408
4063,4.063,0.0493,0.0033,-0.0483,-0.0071,0.1135,0.2886
4064,4.064,0.0273,-0.0004,0.0636,-0.0041,0.1321,0.2409
4065,4.065,0.0075,-0.0036,0.206,-0.0014,0.3846,0.809
4066,4.066,-0.0105,-0.0066,0.2618,-0.0037,0.2768,0.7323
4067,4.067,0.006,-0.0058,0.2116,-0.0058,0.0466,0.2395
4068,4.068,-0.027,-0.0083,0.1047,-0.0038,-0.103,-0.2098
4069,4.069,-0.0402,-0.0089,-0.0205,-0.0056,-0.0765,-0.269
4070,4.07,-0.0283,-0.0082,-0.105,0.0029,-0.1505,-0.3224
4071,4.071,-0.0175,-0.0013,-0.1818,0.0045,-0.1284,-0.2747
4072,4.072,-0.0208,0.0014,-0.1962,-0.0051,-0.1082,-0.2312
4073,4.073,-0.0059,0.0092,-0.2093,-0.0062,-0.3489,-0.5884
4074,4.074,0.0241,0.0082,-0.1753,-0.0029,-0.3818,-0.9249
4075,4.075,0.06,0.011,-0.0402,0.0087,-0.1131,-0.4442
4076,4.076,0.0066,-0.0019,0.1259,0.0041,0.0681,0.1331
4077,4.077,-0.086,-0.0074,0.1478,0.0028,0.1016,0.2122
4078,4.078,-0.0986,-0.0091,0.1274,0.0066,0.1317,0.2834
4079,4.079,-0.0642,-0.0045,0.1091,0.0035,0.1591,0.3482
4080,4.08,-0.054,-0.0032,0.0252,0.0046,0.0855,0.2907
4081,4.081,-0.0068,0.0031,0.0101,0.0019,0.2423,0.3439
4082,4.082,0.0535,0.0134,-0.0872,0.0046,0.4256,0.8726
4083,4.083,0.0766,0.0092,-0.0748,0.0009,0.2038,0.6622
4084,4.084,0.0693,0.0055,-0.0405,-0.0025,-0.0054,0.0857
4085,4.085,0.0626,0.0022,-0.0099,-0.0118,-0.0874,-0.1479
4086,4.086,0.0798,0.0074,-0.0391,-0.013,-0.1124,-0.2191
4087,4.087,0.0424,0.0028,-0.0483,-0.0191,-0.1351,-0.2837
4088,4.088,0.0084,0.0053,0.006,-0.02,-0.115,-0.3422
4089,4.089,0.0125,0.0016,0.07,-0.0208,-0.1336,-0.184
4090,4.09,0.005,-0.005,0.1265,-0.0109,-0.3936,-0.7866
4091,4.091,-0.0232,-0.0043,0.1178,0.0014,-0.3097,-0.835
4092,4.092,-0.0563,-0.0101,0.1255,0.0066,-0.0797,-0.2661
4093,4.093,-0.0963,-0.0153,0.1038,0.0236,0.0851,0.1227
4094,4.094,-0.0593,-0.0217,0.0448,0.0349,0.1154,0.1945
4095,4.095,-0.0932,-0.0242,0.021,0.0288,0.1428,0.2593
4096,4.096,-0.1418,-0.0158,-0.0008,0.0159,0.1185,0.318
4097,4.097,-0.1094,-0.008,-0.0463,0.0109,0.0963,0.1601
4098,4.098,-0.0446,-0.0007,-0.0873,0.0125,0.3201,0.4966
4099,4.099,-0.0532,0.0038,-0.1031,-0.0027,0.3501,0.8902
4100,4.1,0.0174,0.0046,-0.0691,-0.0252,0.1058,0.4146
4101,4.101,0.0459,0.0161,-0.0467,-0.0401,-0.059,-0.0344
4102,4.102,0.0718,0.0211,0.0138,-0.0319,-0.0895,-0.2102
4103,4.103,0.0641,0.0165,0.0056,-0.0147,-0.1169,-0.2638
4104,4.104,0.057,0.0096,-0.0021,-0.0035,-0.0926,-0.3122
4105,4.105,0.0634,0.0058,0.0476,-0.0056,-0.0705,-0.269
4106,4.106,0.0576,0.0002,0.1445,-0.0075,-0.2127,-0.3087
4107,4.107,0.0416,-0.0028,0.1026,-0.0058,-0.4166,-0.8501
4108,4.108,0.0368,0.0036,0.0645,0.0047,-0.2269,-0.6182
4109,4.109,0.0324,0.0095,0.0297,0.0032,-0.0044,-0.1246
4110,4.11,0.0362,0.0026,0.019,-0.0159,0.0857,0.197
4111,4.111,0.0397,-0.0001,-0.0476,-0.0353,0.1133,0.2562
4112,4.112,0.03,0.0077,-0.1253,-0.0331,0.1382,0.3098
4113,4.113,0.003,0.015,-0.1981,-0.0131,0.1161,0.2623
4114,4.114,-0.0151,0.0178,-0.2453,0.0058,0.1366,0.2189
4115,4.115,-0.0052,0.005,-0.1156,0.008,0.3775,0.7351
4116,4.116,0.0219,-0.0043,-0.0228,0.0143,0.2793,0.8057
4117,4.117,0.0111,-0.0026,0.0953,0.0243,0.0702,0.2293
4118,4.118,0.008,-0.0041,0.2638,0.0185,-0.0659,-0.1591
4119,4.119,0.0051,-0.0081,0.1968,0.003,-0.091,-0.2308
4120,4.12,-0.003,-0.0092,0.2171,0.0007,-0.1135,-0.2954
4121,4.121,-0.0053,-0.0036,0.1615,0.0022,-0.134,-0.2381
4122,4.122,0.015,-0.0088,0.1111,-0.0032,-0.0786,-0.1856
4123,4.123,0.0232,-0.0096,0.0653,-0.0021,-0.2973,-0.522
4124,4.124,0.0109,-0.0087,-0.0041,0.0072,-0.3867,-0.9155
4125,4.125,-0.0002,-0.0139,-0.067,0.0031,-0.1424,-0.4398
4126,4.126,-0.0062,-0.0174,-0.2392,-0.0004,0.0882,0.1374
4127,4.127,0.0068,-0.008,-0.3619,-0.0059,0.1186,0.2163
4128,4.128,0.0016,0.0129,-0.3391,-0.0033,0.1461,0.2873
4129,4.129,-0.0091,0.01,-0.2371,-0.0075,0.122,0.2241
4130,4.13,0.0005,0.0073,-0.1072,-0.0022,0.0999,0.2825
4131,4.131,0.0119,0.0245,-0.0902,0.0057,0.2017,0.3354
4132,4.132,0.0258,0.0223,0.0171,0.0132,0.4056,0.864
4133,4.133,0.0315,0.0039,0.1701,0.0031,0.2161,0.6533
4134,4.134,0.0096,0.0062,0.3535,-0.0007,-0.0063,0.0765
4135,4.135,0.0009,0.0128,0.2306,0.0008,-0.0963,-0.1574
4136,4.136,-0.0072,0.0148,0.074,-0.0067,-0.1238,-0.2287
4137,4.137,0.0101,0.0055,-0.0274,-0.0137,-0.1485,-0.2935
4138,4.138,0.0394,-0.003,-0.0826,-0.0143,-0.1264,-0.236
4139,4.139,0.0275,-0.0046,-0.1664,-0.0012,-0.1468,-0.2893
4140,4.14,0.0021,-0.0115,-0.1508,0.0159,-0.3875,-0.914
4141,4.141,-0.0078,-0.0229,0.0025,0.0185,-0.2892,-0.8294
4142,4.142,-0.0409,-0.0184,0.1045,0.0087,-0.0802,-0.287
4143,4.143,-0.1072,-0.0198,0.0493,-0.0115,0.1102,0.2067
4144,4.144,-0.1168,-0.0186,0.0663,-0.0139,0.0863,0.2721
4145,4.145,-0.16,-0.0131,0.0816,-0.0159,0.109,0.3308
4146,4.146,-0.1523,0.0026,0.0121,-0.0135,0.1296,0.2785
4147,4.147,-0.0599,0.0273,-0.0763,0.001,0.0743,0.2307
4148,4.148,-0.0474,0.0109,-0.0879,-0.0006,0.3268,0.5365
4149,4.149,-0.0128,0.0021,-0.1402,-0.0055,0.363,0.894
4150,4.15,-0.0025,-0.0007,-0.0929,0.0086,0.133,0.4614
4151,4.151,0.026,0.0017,-0.0326,0.0107,-0.0763,-0.0632
4152,4.152,0.0347,-0.0005,0.0378,0.0092,-0.104,-0.2756
4153,4.153,0.027,-0.0026,0.0663,0.0078,-0.1289,-0.2126
4154,4.154,0.0342,-0.0007,0.0751,0.0177,-0.1515,-0.2713
4155,4.155,0.0406,-0.0025,0.0519,0.0317,-0.0907,-0.219
4156,4.156,0.0464,-0.004,0.0595,0.0449,-0.2203,-0.3635
4157,4.157,0.0306,-0.0082,0.054,0.0536,-0.4055,-0.9314
4158,4.158,0.0163,-0.0145,0.0492,0.0737,-0.2332,-0.6995
4159,4.159,-0.0145,-0.0136,0.0447,0.0658,0.014,-0.0652
4160,4.16,-0.0106,-0.0147,0.0406,0.0487,0.1131,0.1916
4161,4.161,0.0001,-0.0102,0.0366,0.0378,0.1434,0.2701
4162,4.162,0.0098,-0.0094,0.025,0.0359,0.1166,0.3409
4163,4.163,0.0126,-0.0088,0.0216,0.0267,0.0923,0.2773
4164,4.164,0.0043,-0.0082,0.0119,0.0218,0.1148,0.2195
4165,4.165,-0.0082,-0.0025,0.0149,-0.0011,0.42,0.8006
4166,4.166,-0.0105,-0.0003,0.0014,-0.0042,0.2892,0.7235
4167,4.167,-0.0005,0.0032,-0.0107,0.0047,0.0903,0.2306
4168,4.168,0.0199,0.0026,-0.0081,0.0349,-0.0907,-0.2189
4169,4.169,0.0334,-0.0039,-0.0218,0.0549,-0.1241,-0.1625
4170,4.17,0.0309,-0.0031,-0.0382,0.073,-0.0946,-0.3218
4171,4.171,0.0286,0.0005,-0.04,0.0697,-0.122,-0.2746
4172,4.172,0.0224,0.0098,-0.0457,0.0306,-0.0976,-0.2315
4173,4.173,0.0167,0.016,-0.0547,0.0252,-0.2993,-0.5096
4174,4.174,0.0251,0.0237,-0.0358,-0.0186,-0.3807,-0.9792
4175,4.175,0.0419,0.0142,-0.0182,-0.0718,-0.1094,-0.4038
4176,4.176,0.0396,0.0104,-0.0069,-0.1217,0.0717,0.1393
4177,4.177,0.0334,0.0181,-0.0007,-0.1412,0.1053,0.2111
4178,4.178,0.0166,0.015,-0.0101,-0.1588,0.1354,0.2757
4179,4.179,0.0053,0.0123,-0.0116,-0.1748,0.1087,0.3342
4180,4.18,-0.0008,0.008,-0.0129,-0.2088,0.0844,0.2816
4181,4.181,-0.0027,0.0102,-0.0056,-0.1692,0.1964,0.3296
4182,4.182,0.0024,0.0052,-0.0014,-0.1106,0.4203,0.8973
4183,4.183,0.001,0.0021,-0.0041,-0.1029,0.2117,0.6652
4184,4.184,-0.0086,0.0038,-0.0004,-0.0675,0.0215,0.0307
4185,4.185,-0.0123,0.0063,-0.0082,-0.0614,-0.1023,-0.2267
4186,4.186,-0.0201,-0.0007,-0.0087,-0.0207,-0.1251,-0.3054
4187,4.187,-0.017,-0.006,-0.0115,-0.0052,-0.105,-0.2362
4188,4.188,-0.003,-0.0014,-0.0049,-0.0298,-0.1237,-0.3009
4189,4.189,0.0154,-0.0023,-0.0006,-0.0082,-0.107,-0.2433
4190,4.19,0.0129,-0.0045,-0.0012,0.0273,-0.3366,-0.8248
4191,4.191,0.0106,-0.0091,0.0008,0.0403,-0.311,-0.8371
4192,4.192,-0.0006,-0.0027,0.0117,0.0541,-0.0807,-0.2948
4193,4.193,-0.0028,-0.007,0.035,0.058,0.0691,0.1989
4194,4.194,-0.0085,-0.0077,0.0848,0.0691,0.0969,0.2641
4195,4.195,-0.0103,-0.007,0.0779,0.072,0.1219,0.3228
4196,4.196,-0.015,-0.0039,0.0974,0.0615,0.1445,0.2704
4197,4.197,-0.011,-0.0034,0.0917,0.0521,0.0838,0.2225
4198,4.198,-0.0047,-0.0049,0.0758,0.0488,0.3246,0.5281
4199,4.199,-0.0102,-0.0052,0.0615,0.0506,0.3577,0.8856
4200,4.2,-0.0153,-0.004,0.0483,0.0435,0.149,0.453
4201,4.201,-0.0086,0.0011,0.0043,0.0451,-0.0413,-0.0718
4202,4.202,-0.0075,-0.0009,-0.0602,0.0465,-0.1157,-0.2843
4203,4.203,-0.0156,0.0008,-0.1032,0.0444,-0.1383,-0.2215
4204,4.204,-0.0322,0.0026,-0.2204,0.0333,-0.1182,-0.2804
4205,4.205,-0.054,0.0083,-0.4053,0.0204,-0.0999,-0.3338
4206,4.206,-0.0563,0.0077,-0.3807,0.0115,-0.2176,-0.3821
4207,4.207,-0.031,0.0141,-0.2238,0.0098,-0.4167,-0.9504
4208,4.208,-0.0141,0.0115,-0.1221,0.0109,-0.227,-0.564
4209,4.209,0.0254,-0.0001,0.0817,-0.0054,-0.0045,-0.0708
4210,4.21,0.031,-0.0052,0.1088,-0.003,0.0857,0.2506
4211,4.211,0.0359,-0.0129,0.1334,-0.0007,0.1133,0.3098
4212,4.212,0.0228,-0.0034,0.1111,0.0051,0.1382,0.2577
4213,4.213,0.0029,-0.0097,0.1314,0.0106,0.1161,0.3061
4214,4.214,0.0065,-0.0129,0.1498,0.0066,0.1366,0.2628
4215,4.215,0.0034,-0.016,0.133,0.0058,0.3774,0.7789
4216,4.216,0.0063,-0.0057,0.0871,0.0125,0.2792,0.8495
4217,4.217,0.0145,-0.0043,0.0732,0.0186,0.0702,0.2732
4218,4.218,0.0073,0.0045,0.0354,0.0286,-0.066,-0.1154
4219,4.219,0.0052,-0.0011,0.0008,0.0328,-0.0911,-0.187
4220,4.22,-0.0009,0.002,-0.0304,0.0342,-0.1138,-0.2518
4221,4.221,0.0122,-0.0026,-0.0589,0.0376,-0.1344,-0.3106
4222,4.222,0.0105,-0.0018,-0.0677,0.0388,-0.0791,-0.2581
4223,4.223,0.015,0.0067,-0.0755,0.028,-0.3315,-0.4985
4224,4.224,0.0025,0.0035,-0.0259,0.0207,-0.4398,-0.9792
4225,4.225,0.0075,0.0046,0.0064,0.0058,-0.1442,-0.5314
4226,4.226,0.006,0.0038,0.0238,-0.0245,0.055,0.1096
4227,4.227,-0.0038,0.0029,0.0291,-0.0286,0.0918,0.1964
4228,4.228,-0.0101,0.0067,0.0244,-0.04,0.125,0.2747
4229,4.229,-0.0273,0.0073,0.02,-0.0724,0.155,0.3456
4230,4.23,-0.0498,0.009,0.0161,-0.0852,0.1281,0.2821
4231,4.231,-0.0291,0.005,0.0197,-0.0728,0.2019,0.3405
4232,4.232,-0.0211,-0.0028,0.0099,-0.0177,0.4036,0.9219
4233,4.233,-0.014,-0.006,0.0127,0.0376,0.214,0.6901
4234,4.234,0.0062,-0.007,0.01,0.0453,-0.0085,0.056
4235,4.235,0.0142,-0.0042,0.0077,0.0523,-0.0985,-0.201
4236,4.236,0.0363,-0.0034,0.0143,0.0704,-0.0719,-0.2795
4237,4.237,0.057,-0.0086,0.0164,0.0762,-0.146,-0.3503
4238,4.238,0.065,-0.0079,0.0108,0.1107,-0.1239,-0.2867
4239,4.239,0.0576,-0.0095,0.0058,0.1069,-0.1038,-0.2287
4240,4.24,0.0508,-0.0054,0.0044,0.0796,-0.3816,-0.8098
4241,4.241,0.0365,-0.0069,0.0031,0.0693,-0.3422,-0.8873
4242,4.242,0.0308,-0.0099,0.0043,0.0862,-0.0895,-0.2535
4243,4.243,0.0256,-0.0035,0.0011,0.0955,0.0753,0.1742
4244,4.244,0.0209,-0.008,-0.0084,0.0549,0.1056,0.2533
4245,4.245,0.0111,0.0015,-0.0047,0.0023,0.1329,0.3246
4246,4.246,-0.0029,0.0078,0.0033,-0.0045,0.1576,0.2617
4247,4.247,-0.0273,0.0047,0.0088,-0.0107,0.0906,0.2044
4248,4.248,-0.0306,0.0017,0.0007,-0.0634,0.3143,0.4689
4249,4.249,-0.0336,-0.001,-0.0022,-0.0846,0.4038,0.9019
4250,4.25,-0.0749,-0.0018,-0.005,-0.0393,0.1595,0.4954
4251,4.251,-0.1396,-0.007,-0.002,-0.0567,-0.071,-0.0869
4252,4.252,-0.1828,-0.0049,-0.0079,-0.0301,-0.1014,-0.1653
4253,4.253,-0.1596,0.0047,-0.0072,-0.0255,-0.129,-0.2361
4254,4.254,-0.1668,0.0229,-0.0065,-0.0475,-0.1048,-0.3001
4255,4.255,-0.1606,0.0353,-0.016,-0.0998,-0.0827,-0.2422
4256,4.256,-0.0726,0.042,-0.037,-0.1071,-0.1845,-0.2948
4257,4.257,-0.0096,0.036,-0.0458,-0.2044,-0.4254,-0.9191
4258,4.258,0.0248,0.0305,-0.0484,-0.2742,-0.2614,-0.6638
4259,4.259,0.1186,0.0289,-0.0309,-0.2368,0.0077,-0.1204
4260,4.26,0.1563,0.0274,-0.0193,-0.1797,0.1165,0.2332
4261,4.261,0.1447,0.0121,-0.017,-0.2322,0.0842,0.2988
4262,4.262,0.1135,-0.0064,-0.0222,-0.261,0.1143,0.2419
4263,4.263,0.085,-0.0041,-0.0034,-0.1838,0.1416,0.2956
4264,4.264,0.0591,-0.0153,0.0041,-0.0695,0.1172,0.2483
4265,4.265,0.0357,-0.0173,0.0065,-0.0241,0.3637,0.7292
4266,4.266,0.0427,-0.0191,0.0168,-0.0107,0.331,0.7938
4267,4.267,0.0362,-0.0207,0.0149,0.0771,0.0621,0.2704
4268,4.268,0.0305,-0.01,0.0098,0.1341,-0.0468,-0.0825
4269,4.269,0.0252,-0.0004,0.0111,0.1439,-0.0802,-0.1476
4270,4.27,0.0204,-0.004,0.0123,0.1528,-0.1104,-0.3222
4271,4.271,0.016,-0.0163,0.0109,0.1264,-0.1377,-0.2697
4272,4.272,0.0121,-0.0213,0.0116,0.1182,-0.1134,-0.2219
4273,4.273,0.0086,-0.0197,0.0061,0.0963,-0.3151,-0.5275
4274,4.274,0.0053,-0.0127,0.0031,0.0893,-0.3966,-0.9642
4275,4.275,0.0024,-0.0115,0.0036,0.0713,-0.1747,-0.4408
4276,4.276,-0.0003,-0.0037,-0.0004,0.0548,0.0346,0.0531
4277,4.277,-0.0076,0.0017,-0.0027,0.0398,0.1164,0.2468
4278,4.278,-0.0099,-0.0027,-0.0047,0.0436,0.1413,0.306
4279,4.279,-0.0119,-0.0153,0.0037,0.0469,0.1192,0.2541
4280,4.28,-0.0138,-0.0169,0.0095,0.0644,0.0991,0.2067
4281,4.281,-0.0054,-0.0218,0.0169,0.0671,0.1916,0.3381
4282,4.282,-0.004,-0.0047,0.0049,0.0638,0.4103,0.934
4283,4.283,-0.0053,-0.0025,0.0029,0.066,0.2017,0.6793
4284,4.284,-0.0091,-0.0045,-0.0016,0.0532,0.0113,0.1367
4285,4.285,-0.0194,-0.0026,-0.0211,0.0417,-0.1127,-0.2163
4286,4.286,-0.018,0.0026,-0.0243,0.0312,-0.0909,-0.2814
4287,4.287,-0.0168,-0.0081,-0.0225,0.0178,-0.1115,-0.3401
4288,4.288,-0.0089,0.0016,-0.0164,0.026,-0.1304,-0.2879
4289,4.289,-0.0078,0.0053,-0.0109,0.0333,-0.1139,-0.24
4290,4.29,-0.0104,-0.0002,0.0015,0.0233,-0.3435,-0.7204
4291,4.291,-0.0112,0.0028,0.0263,0.0141,-0.311,-0.9126
4292,4.292,-0.0098,0.0077,0.0757,0.0086,-0.0757,-0.2767
4293,4.293,-0.0092,0.0141,0.0204,0.0092,0.074,0.1318
4294,4.294,-0.0199,0.0099,-0.082,0.0059,0.1017,0.1862
4295,4.295,-0.0184,0.0092,-0.1522,-0.0029,0.1265,0.2352
4296,4.296,0.0023,0.0071,-0.1654,-0.0136,0.149,0.2797
4297,4.297,0.005,0.0065,-0.1545,-0.0097,0.0883,0.2406
4298,4.298,-0.0142,0.0082,-0.1031,-0.0036,0.2919,0.4933
4299,4.299,-0.0217,0.0056,-0.0563,-0.0004,0.3733,0.9202
4300,4.3,-0.0106,0.0024,0.0034,-0.0076,0.1513,0.3972
4301,4.301,0.0077,-0.0006,0.0262,-0.0139,-0.0581,-0.0964
4302,4.302,0.0147,-0.0004,0.0326,-0.018,-0.0859,-0.2897
4303,4.303,0.0122,-0.0057,0.0385,-0.0215,-0.1108,-0.2326
4304,4.304,0.006,-0.0036,0.0321,-0.0134,-0.1334,-0.286
4305,4.305,0.0077,-0.0031,0.0474,-0.0079,-0.1134,-0.2385
4306,4.306,0.0059,-0.0027,0.0515,-0.0085,-0.206,-0.2823
4307,4.307,0.0075,0.006,0.0464,-0.0057,-0.4249,-0.8779
4308,4.308,0.0008,0.0249,0.0497,-0.0002,-0.2759,-0.6231
4309,4.309,0.0074,0.0548,0.0455,-0.0077,-0.0314,-0.0804
4310,4.31,0.0068,0.0508,0.035,-0.0104,0.0678,0.2729
4311,4.311,0.0063,0.0471,0.0196,-0.0107,0.098,0.2102
4312,4.312,-0.0072,0.0172,0.0109,-0.0127,0.1253,0.2691
4313,4.313,-0.0208,-0.003,0.0031,-0.0084,0.1501,0.3224
4314,4.314,-0.0182,-0.0285,0.0091,-0.007,0.1279,0.2746
4315,4.315,-0.016,-0.0319,0.0147,-0.0032,0.3925,0.7552
4316,4.316,-0.0356,-0.005,0.0123,-0.0088,0.3567,0.8197
4317,4.317,-0.0106,-0.016,0.0168,-0.0089,0.0608,0.2959
4318,4.318,-0.0072,-0.0459,0.0056,-0.0195,-0.0588,-0.1979
4319,4.319,-0.0099,-0.066,0.0064,-0.0305,-0.0954,-0.2633
4320,4.32,-0.0124,-0.0481,0.0071,-0.0313,-0.1286,-0.2061
4321,4.321,0.005,-0.0052,0.0192,-0.0097,-0.0991,-0.2597
4322,4.322,0.0073,0.024,0.0171,0.0117,-0.0722,-0.2121
4323,4.323,0.0095,0.008,0.0152,-0.0068,-0.294,-0.5181
4324,4.324,0.0151,0.0031,0.0162,-0.0186,-0.3835,-0.9551
4325,4.325,0.0101,-0.0278,0.0171,-0.0116,-0.1394,-0.432
4326,4.326,0.0178,-0.0718,0.02,0.003,0.0254,0.0615
4327,4.327,0.0192,-0.0893,0.025,0.0127,0.1154,0.255
4328,4.328,0.0205,-0.1053,0.0144,0.0045,0.1428,0.3139
4329,4.329,0.0238,-0.0423,-0.0037,-0.0182,0.1676,0.2618
4330,4.33,0.0249,0.018,-0.0109,-0.0148,0.1006,0.2142
4331,4.331,0.0241,0.0412,-0.0087,0.0184,0.2024,0.2579
4332,4.332,0.0217,0.0483,-0.0067,0.0317,0.4062,0.8535
4333,4.333,0.0165,0.0418,-0.0123,0.02,0.2707,0.5985
4334,4.334,0.006,0.036,-0.0106,0.002,-0.001,0.2104
4335,4.335,-0.0107,0.0413,-0.0061,-0.021,-0.1098,-0.1429
4336,4.336,-0.0261,0.0269,-0.0075,-0.0061,-0.0775,-0.2082
4337,4.337,-0.0238,0.0225,-0.0087,0.002,-0.1076,-0.2672
4338,4.338,-0.0142,0.0264,-0.0076,0.0243,-0.1348,-0.3207
4339,4.339,0.0046,0.0229,-0.0086,0.033,-0.1104,-0.177
4340,4.34,0.012,0.0261,-0.0058,0.0082,-0.4017,-0.7451
4341,4.341,0.0144,0.0174,-0.0065,0.0112,-0.3623,-0.8229
4342,4.342,0.0206,0.0147,-0.01,0.0199,-0.1094,-0.3304
4343,4.343,0.0375,0.0171,-0.0049,0.0059,0.0554,0.1189
4344,4.344,0.0531,0.0194,-0.0116,-0.0116,0.0857,0.1784
4345,4.345,0.0512,0.0175,-0.0069,-0.0366,0.1131,0.2319
4346,4.346,0.0419,0.0157,-0.011,-0.0599,0.1379,0.2805
4347,4.347,0.0368,0.0208,-0.0223,-0.1051,0.0708,0.2372
4348,4.348,0.0229,0.0223,-0.0136,-0.1376,0.2947,0.5151
4349,4.349,0.0432,0.0155,-0.0117,-0.0848,0.3841,0.9123
4350,4.35,0.0568,0.0143,-0.0154,-0.0352,0.14,0.4368
4351,4.351,0.0543,0.0112,-0.0162,-0.0418,-0.0905,-0.0124
4352,4.352,0.0386,0.0039,-0.0102,-0.0245,-0.1209,-0.1883
4353,4.353,0.0241,0.0013,0.0016,-0.0088,-0.0942,-0.2422
4354,4.354,0.0071,-0.0098,0.0159,0.0151,-0.119,-0.2908
4355,4.355,-0.0224,-0.0082,0.0218,0.0546,-0.0968,-0.2476
4356,4.356,-0.0666,-0.0122,0.0239,0.0279,-0.1984,-0.2872
4357,4.357,-0.0962,-0.0159,0.0288,0.0324,-0.4022,-0.8285
4358,4.358,-0.1551,-0.0148,0.0305,0.0189,-0.2668,-0.7515
4359,4.359,-0.132,-0.0157,0.0194,0.0069,0.0048,-0.1174
4360,4.36,-0.1818,-0.0183,0.009,0.0247,0.1136,0.1397
4361,4.361,-0.266,-0.0087,0.0023,0.0277,0.0812,0.2182
4362,4.362,-0.2774,-0.0074,0.0087,0.0304,0.1113,0.2892
4363,4.363,-0.1208,-0.0063,0.0213,0.0382,0.1385,0.2258
4364,4.364,-0.0086,-0.0009,0.0265,0.0356,0.1142,0.168
4365,4.365,0.0524,-0.0055,0.0434,0.042,0.4055,0.7493
4366,4.366,0.0708,-0.0079,0.0412,0.0317,0.2868,0.8271
4367,4.367,0.0541,-0.0041,0.0187,0.0222,0.106,0.3345
4368,4.368,0.0693,-0.0061,-0.0144,0.017,-0.059,-0.1148
4369,4.369,0.0555,-0.0143,-0.0189,0.0122,-0.0894,-0.1744
4370,4.37,0.0681,-0.0268,-0.0309,-0.0032,-0.1169,-0.228
4371,4.371,0.0795,-0.0182,-0.0492,0.0027,-0.1417,-0.2765
4372,4.372,0.0691,-0.0012,-0.0396,0.0192,-0.0748,-0.2332
4373,4.373,0.0785,0.0012,-0.031,0.0035,-0.2987,-0.511
4374,4.374,0.0699,0.0074,-0.0232,-0.0027,-0.3882,-0.9082
4375,4.375,0.0307,0.0093,-0.0359,0.0028,-0.1442,-0.5385
4376,4.376,0.0235,0.0179,-0.0699,0.0078,0.0862,0.0877
4377,4.377,0.017,0.0134,-0.1334,0.0032,0.1165,0.1746
4378,4.378,0.0343,0.0038,-0.1252,0.0073,0.1439,0.253
4379,4.379,0.0395,0.005,-0.0866,0.0036,0.1196,0.3239
4380,4.38,0.0251,-0.0052,-0.0516,0.0068,0.0974,0.2605
4381,4.381,0.0118,-0.0063,0.0061,0.0141,0.199,0.3188
4382,4.382,-0.0163,-0.0073,0.0133,0.0134,0.4027,0.9002
4383,4.383,-0.0493,-0.0127,0.0197,0.0006,0.2671,0.6686
4384,4.384,-0.0539,-0.0031,0.0254,-0.0124,-0.0046,0.1754
4385,4.385,-0.0742,-0.0118,0.0189,-0.0107,-0.1136,-0.1457
4386,4.386,-0.0564,-0.022,0.0129,-0.0122,-0.1471,-0.2047
4387,4.387,-0.0071,-0.0067,0.0074,0.0031,-0.1178,-0.2582
4388,4.388,0.014,-0.0006,-0.0066,0.0052,-0.1452,-0.3068
4389,4.389,0.0202,-0.0025,-0.0112,0.0108,-0.121,-0.1761
4390,4.39,0.0258,-0.0043,-0.0227,0.0126,-0.3677,-0.6922
4391,4.391,0.0415,-0.0089,-0.0202,0.0233,-0.3352,-0.9033
4392,4.392,0.0367,-0.0186,-0.0181,0.0221,-0.0664,-0.3271
4393,4.393,0.042,-0.0137,-0.0163,0.0333,0.077,0.1544
4394,4.394,0.0553,0.0052,-0.0363,0.0144,0.1136,0.2333
4395,4.395,0.0672,0.0189,-0.0298,-0.0266,0.1466,0.3044
4396,4.396,0.0707,0.0166,-0.033,-0.0323,0.1171,0.2412
4397,4.397,0.0804,0.01,-0.0197,-0.0803,0.0901,0.1837
4398,4.398,0.0654,0.012,-0.0037,-0.0867,0.2624,0.4482
4399,4.399,0.0572,0.0102,-0.0023,-0.0457,0.3746,0.9772
4400,4.4,0.0695,0.0051,0.0277,-0.0084,0.1505,0.4853
4401,4.401,0.0716,0.0036,0.0489,-0.0035,-0.0589,0.0362
4402,4.402,0.0573,0.0049,0.0203,0.0275,-0.1408,-0.2556
4403,4.403,0.0443,0.006,-0.0132,0.0077,-0.1658,-0.3093
4404,4.404,0.0256,0.0048,-0.0271,-0.003,-0.1885,-0.3578
4405,4.405,-0.0068,0.0037,-0.016,0.0136,-0.087,-0.2273
4406,4.406,-0.0202,0.0009,-0.0203,0.0167,-0.1425,-0.267
4407,4.407,-0.0484,-0,-0.0242,0.0142,-0.3951,-0.8081
4408,4.408,-0.1033,-0.0038,-0.0161,0.0021,-0.2148,-0.7311
4409,4.409,-0.2054,-0.0059,-0.0086,0.0044,0.0156,-0.097
4410,4.41,-0.2194,-0.0102,0.018,0.0106,0.1056,0.1601
4411,4.411,-0.1819,-0.0166,0.0209,0.0238,0.1332,0.2386
4412,4.412,-0.1705,-0.0175,0.0235,0.0255,0.1089,0.3097
4413,4.413,-0.0977,-0.0061,0.02,0.0087,0.1316,0.2464
4414,4.414,-0.0122,0.0024,0.0166,-0.0205,0.1115,0.1886
4415,4.415,-0.0236,0.0039,0.0231,-0.0404,0.3893,0.6644
4416,4.416,-0.0131,0.0079,0.038,-0.0076,0.3499,0.8568
4417,4.417,-0.0035,0.0067,0.0313,0.0144,0.0971,0.3332
4418,4.418,-0.0121,0.0077,0.0177,0.0105,-0.0676,-0.1605
4419,4.419,0.0271,0.0046,0.019,0.0286,-0.098,-0.2259
4420,4.42,0.077,0.0073,0.0141,0.0254,-0.1253,-0.2846
4421,4.421,0.0578,0.0098,0.0179,0.0104,-0.1501,-0.338
4422,4.422,0.017,0.0105,0.0114,-0.0143,-0.1279,-0.1943
4423,4.423,0.0437,0.0084,0.0168,-0.0308,-0.2701,-0.5002
4424,4.424,0.0584,0.0068,0.0094,-0.028,-0.3998,-0.9373
4425,4.425,0.0278,0.0063,0.0046,-0.0143,-0.1472,-0.5306
4426,4.426,0.0161,0.0088,0.0123,-0.0316,0.0339,0.0518
4427,4.427,-0.0019,0.0019,0.0194,-0.0383,0.1331,0.2855
4428,4.428,-0.0051,-0.0012,0.0333,-0.0485,0.1038,0.2162
4429,4.429,0.028,-0.0076,0.0517,-0.0281,0.1312,0.2808
4430,4.43,0.0414,-0.0102,0.0344,-0.0255,0.1069,0.2232
4431,4.431,0.0534,-0.0065,0.0323,-0.0032,0.1743,0.2762
4432,4.432,0.0643,-0.0058,0.0346,0.0055,0.439,0.9009
4433,4.433,0.0807,-0.0041,0.0404,0.0191,0.2588,0.6459
4434,4.434,0.0719,0.0047,0.0254,0.0166,0.0286,0.103
4435,4.435,0.0418,0.0185,-0.0051,0.0142,-0.0615,-0.1095
4436,4.436,0.0139,0.0241,-0.0357,0.0161,-0.0889,-0.1747
4437,4.437,0.0033,0.0325,-0.0555,0.0178,-0.1137,-0.2335
4438,4.438,-0.013,0.0341,-0.0733,0.0059,-0.1362,-0.287
4439,4.439,-0.0337,0.0215,-0.0366,-0.0049,-0.1159,-0.2395
4440,4.44,-0.0582,0.0063,-0.0024,-0.0063,-0.3936,-0.7201
4441,4.441,-0.1076,-0.0121,-0.0063,0.01,-0.3541,-0.9124
4442,4.442,-0.1288,-0.0294,0.0062,0.0078,-0.1012,-0.2727
4443,4.443,-0.0316,-0.0497,0.0033,0.0138,0.0638,0.1546
4444,4.444,0.01,-0.0471,0.0536,0.0082,0.0943,0.2333
4445,4.445,0.0225,-0.0398,0.0329,0.0098,0.1219,0.3043
4446,4.446,-0.012,-0.0243,-0.0377,0.0203,0.1468,0.2409
4447,4.447,-0.0018,-0.0223,-0.0844,0.0077,0.0799,0.1831
4448,4.448,0.0076,-0.0241,-0.0751,0.0059,0.3038,0.4474
4449,4.449,0.0161,-0.0157,-0.0511,0.0073,0.3934,0.9761
4450,4.45,0.0238,0.0073,-0.0433,0.006,0.1495,0.4841
4451,4.451,-0.026,0.0237,-0.0362,0.0097,-0.0152,0.0349
4452,4.452,-0.0197,0.0324,-0.0063,0.0087,-0.1052,-0.2571
4453,4.453,0.0332,0.0187,0.0102,0.0077,-0.1326,-0.2053
4454,4.454,0.0545,0.0063,0.035,0.005,-0.1573,-0.254
4455,4.455,0.0737,0.0041,0.0223,-0.0045,-0.0902,-0.2981
4456,4.456,0.0678,-0.002,-0.0211,-0.0234,-0.1918,-0.2585
4457,4.457,0.0517,-0.0039,-0.0147,-0.0042,-0.4324,-0.7998
4458,4.458,0.0273,0.0011,-0.0193,0.0082,-0.2682,-0.7227
4459,4.459,0.0049,-0.0005,-0.014,0.006,0.001,-0.0886
4460,4.46,-0.0073,0.0035,-0.0002,0.008,0.1099,0.1685
4461,4.461,0.0032,-0.0028,0.0283,0.0173,0.0776,0.2471
4462,4.462,0.0393,-0.0019,0.0689,0.0089,0.1077,0.3182
4463,4.463,0.0536,0.0011,0.0959,0.0105,0.135,0.255
4464,4.464,0.0492,-0.0017,0.072,0.0118,0.1106,0.1974
4465,4.465,0.0293,-0.0043,0.0324,0.013,0.3572,0.673
4466,4.466,-0.0034,0.001,-0.0261,-0.0041,0.3247,0.8654
4467,4.467,-0.0163,0.0003,-0.0806,-0.0314,0.1158,0.342
4468,4.468,-0.0198,0.0086,-0.116,-0.0349,-0.0746,-0.1516
4469,4.469,-0.0373,0.0118,-0.1351,0.0015,-0.0997,-0.2169
4470,4.47,-0.0732,0.0088,-0.094,-0.0031,-0.1224,-0.2755
4471,4.471,-0.0871,-0.0016,-0.0565,0.0013,-0.143,-0.2232
4472,4.472,-0.1265,-0.0056,-0.0224,0.0053,-0.0878,-0.1754
4473,4.473,-0.121,-0.0045,0.0085,-0.0055,-0.2729,-0.4811
4474,4.474,-0.0674,0.0011,0.0285,-0.0152,-0.3963,-0.9179
4475,4.475,-0.003,0.0041,0.0105,-0.0064,-0.1497,-0.5111
4476,4.476,-0.0115,0.0049,0.0202,-0.0036,0.0151,0.0716
4477,4.477,-0.0506,0.0024,0.0471,-0.0012,0.1051,0.1508
4478,4.478,-0.0862,-0.0029,0.0287,0.0011,0.1325,0.2223
4479,4.479,-0.0412,-0.0009,0.0119,0.0032,0.1081,0.287
4480,4.48,0.0234,0.0008,-0.0215,0.0126,0.0859,0.2295
4481,4.481,0.0494,0.0025,-0.035,0.011,0.1876,0.2827
4482,4.482,0.0419,0.002,0.0249,0.0126,0.4283,0.9075
4483,4.483,-0.0076,-0.0011,0.0852,0.0112,0.2643,0.6528
4484,4.484,-0.0137,0.0028,0.0619,0.0124,-0.0049,0.1102
4485,4.485,-0.0309,-0.005,0.0406,0.0091,-0.1138,-0.2428
4486,4.486,0.0173,-0.0017,-0.0178,0.0061,-0.0816,-0.18
4487,4.487,0.011,-0.0007,-0.0414,-0.0024,-0.1118,-0.2388
4488,4.488,-0.0064,0.0039,-0.0771,-0.0149,-0.1393,-0.2921
4489,4.489,0.0095,0.0117,-0.1358,-0.0267,-0.115,-0.2444
4490,4.49,0.0532,0.0128,-0.1594,-0.0221,-0.3617,-0.725
4491,4.491,0.0589,0.0043,-0.1383,-0.0208,-0.3292,-0.9173
4492,4.492,0.064,0.0075,-0.1063,-0.017,-0.1203,-0.2777
4493,4.493,0.0686,0.0147,-0.0421,-0.0067,0.0699,0.1496
4494,4.494,0.0717,0.0085,-0.0001,-0.004,0.0996,0.2347
4495,4.495,0.0849,0.0093,-0.0093,0.0002,0.1243,0.3127
4496,4.496,0.0731,0.0051,-0.0176,-0.0059,0.1467,0.2429
4497,4.497,0.0402,-0.0033,-0.0109,-0.0026,0.0859,0.1791
4498,4.498,0.0094,-0.0043,-0.0177,-0.0015,0.2524,0.4696
4499,4.499,0.0054,-0.0095,0.023,-0.0006,0.4093,0.9452
4500,4.5,-0.0275,-0.0086,0.0601,0.002,0.1852,0.4976
4501,4.501,-0.032,-0.0094,0.0457,0.0027,-0.0242,-0.0272
4502,4.502,-0.0441,-0.0086,0.0237,-0.0008,-0.1062,-0.2397
4503,4.503,-0.0336,-0.0079,0.0117,0.001,-0.1312,-0.305
4504,4.504,0.009,-0.0109,0.008,-0.0006,-0.154,-0.3639
4505,4.505,0.0145,-0.002,-0.022,-0.0041,-0.134,-0.2063
4506,4.506,0.0623,0.0144,-0.0104,0.002,-0.1526,-0.255
4507,4.507,0.0943,0.0167,-0.0071,-0.0005,-0.4051,-0.8233
4508,4.508,0.0767,0.0106,0.0158,0.0064,-0.225,-0.7467
4509,4.509,0.0607,0.0088,0.0127,0.0073,0.0053,-0.113
4510,4.51,0.0365,0.0105,0.0097,0.0098,0.0952,0.1436
4511,4.511,0.0057,0.0029,0.0465,0.0029,0.1227,0.2218
4512,4.512,-0.0303,-0.0011,0.1261,0.0056,0.1475,0.2924
4513,4.513,-0.0447,-0.0073,0.1373,0.0098,0.1253,0.3565
4514,4.514,-0.0579,-0.0176,0.1267,0.0119,0.0645,0.1821
4515,4.515,-0.118,-0.0245,0.0791,0.0041,0.3052,0.6574
4516,4.516,-0.1957,-0.0282,0.036,0.0031,0.3382,0.8493
4517,4.517,-0.227,-0.011,-0.0031,0.0003,0.1291,0.3254
4518,4.518,-0.1608,-0.0037,-0.067,-0.0023,-0.0613,-0.1687
4519,4.519,-0.0832,-0.0015,-0.0928,-0.0109,-0.0864,-0.2346
4520,4.52,-0.0104,-0.0034,-0.0848,-0.0099,-0.1091,-0.2937
4521,4.521,-0.0011,-0.009,-0.035,-0.0257,-0.1297,-0.2419
4522,4.522,-0.0272,-0.0039,-0.0157,-0.0279,-0.1114,-0.1946
4523,4.523,0.0117,0.0068,-0.0098,0.0027,-0.2628,-0.4135
4524,4.524,0.0898,0.0109,0.0598,0.007,-0.4053,-0.9304
4525,4.525,0.1419,0.0071,0.1073,0.0031,-0.1644,-0.5793
4526,4.526,0.1324,-0.0031,0.1161,-0.0151,0.0661,-0.0028
4527,4.527,0.1238,-0.0018,0.1396,-0.0184,0.0966,0.2307
4528,4.528,0.0691,0.002,0.0901,0.0024,0.1241,0.3016
4529,4.529,-0.0235,0.003,-0.0068,0.0215,0.149,0.2379
4530,4.53,-0.1119,-0.0043,-0.1038,0.0387,0.0821,0.296
4531,4.531,-0.1464,-0.0051,-0.1919,0.0679,0.1431,0.2432
4532,4.532,-0.1152,0.006,-0.2032,0.0717,0.4211,0.8675
4533,4.533,-0.0678,0.0015,-0.1716,0.0535,0.2228,0.6124
4534,4.534,-0.0075,0.0001,-0.1238,0.0501,0.042,0.2241
4535,4.535,0.0003,-0.0036,-0.0458,0.017,-0.0571,-0.1295
4536,4.536,0.0074,-0.0026,-0.0143,-0.0139,-0.0873,-0.1952
4537,4.537,0.0398,0.0047,0.0145,-0.034,-0.1146,-0.2541
4538,4.538,0.0456,0.0074,0.0235,-0.0448,-0.1392,-0.3078
4539,4.539,0.0509,0.0049,0.0316,-0.0218,-0.1169,-0.1644
4540,4.54,0.0558,0.0042,0.0532,-0.001,-0.3814,-0.6452
4541,4.541,0.0603,-0.0036,0.0728,-0.0037,-0.3454,-0.8377
4542,4.542,0.0486,-0.0067,0.1378,-0.0409,-0.1152,-0.3144
4543,4.543,0.0521,-0.0021,0.147,-0.0674,0.0943,0.1792
4544,4.544,0.0489,0.002,0.0929,-0.0626,0.1221,0.2446
4545,4.545,0.0577,0.0042,0.0009,-0.0405,0.1471,0.3033
4546,4.546,0.0275,0.0034,-0.0869,-0.0286,0.1253,0.2511
4547,4.547,0.0235,0.0103,-0.121,-0.0177,0.1053,0.2033
4548,4.548,0.0561,0.011,-0.1516,-0.0078,0.2722,0.4216
4549,4.549,0.0778,0.005,-0.1416,-0.0226,0.3845,0.938
4550,4.55,0.0894,0.0013,-0.0978,-0.0088,0.1608,0.4459
4551,4.551,0.1,0.0048,-0.0267,-0.0111,-0.0483,-0.0032
4552,4.552,0.0899,0.0064,0.0213,-0.0266,-0.0759,-0.1792
4553,4.553,0.0688,0.0069,0.0823,0,-0.1499,-0.2332
4554,4.554,0.0438,-0.0009,0.0595,0.0109,-0.1277,-0.2821
4555,4.555,-0.0061,-0.0066,0.0244,0.0208,-0.1074,-0.2391
4556,4.556,-0.1131,-0.0014,0.0183,0.0179,-0.1627,-0.2789
4557,4.557,-0.1286,0.0071,0.0013,0.0261,-0.415,-0.8203
4558,4.558,-0.1706,0.0015,0.071,0.0285,-0.2345,-0.7433
4559,4.559,-0.1584,-0.0081,0.1757,0.0351,-0.0039,-0.1093
4560,4.56,-0.1242,-0.0093,0.1343,0.025,0.0864,0.1477
4561,4.561,-0.0933,-0.0083,0.0967,0.0269,0.1141,0.2262
4562,4.562,-0.065,-0.0094,0.0624,0.0286,0.1392,0.2973
4563,4.563,-0.0391,-0.0048,-0.052,0.021,0.1174,0.234
4564,4.564,-0.031,-0.0074,-0.1588,0.0196,0.0975,0.1767
4565,4.565,-0.0095,-0.0068,-0.2001,0.0109,0.3756,0.6525
4566,4.566,-0.0031,-0.0075,-0.2125,0.0119,0.3363,0.8448
4567,4.567,0.0027,-0.0018,-0.1779,0.0066,0.0838,0.3215
4568,4.568,-0.0024,-0.0071,-0.1049,0.0039,-0.0807,-0.1721
4569,4.569,0.0123,0.0006,0.0184,0.0014,-0.1109,-0.2374
4570,4.57,0.0435,0.0016,0.0687,-0.0039,-0.1381,-0.2962
4571,4.571,0.0558,0.0024,0.0228,0.001,-0.1137,-0.2439
4572,4.572,0.0527,0.0049,0.0367,0.0105,-0.0913,-0.196
4573,4.573,0.0232,0.0086,0.0492,0.0202,-0.2744,-0.4144
4574,4.574,0.0037,-0.002,0.0376,0.0013,-0.3976,-0.9306
4575,4.575,0.0005,-0.0095,0.0478,-0.0067,-0.1957,-0.5791
4576,4.576,0.0239,-0.0055,0.0192,0.0056,0.0491,-0.002
4577,4.577,0.045,-0.0017,0.0103,-0.0099,0.0827,0.232
4578,4.578,0.0479,0.006,0.0022,-0.0077,0.113,0.3036
4579,4.579,0.0108,0.003,-0.0053,0.0203,0.1404,0.2405
4580,4.58,-0.005,0.0114,-0.0381,0.0086,0.1162,0.2992
4581,4.581,-0.0003,0.0058,-0.0561,0.0341,0.1835,0.247
4582,4.582,0.0041,-0.0014,-0.0513,0.044,0.4075,0.8718
4583,4.583,0.0003,-0.0006,-0.0374,0.0292,0.2586,0.7874
4584,4.584,-0.0104,-0.0014,-0.0333,0.0211,0.0141,0.2448
4585,4.585,-0.04,-0.0084,-0.0296,-0.0161,-0.0851,-0.2488
4586,4.586,-0.0517,-0.0168,-0.0116,-0.0854,-0.1153,-0.186
4587,4.587,-0.0552,-0.0091,-0.0019,-0.0759,-0.1426,-0.2446
4588,4.588,-0.0519,-0.0038,0.0007,-0.05,-0.1182,-0.2979
4589,4.589,-0.0247,0.0103,0.0032,-0.0267,-0.096,-0.2502
4590,4.59,0.0007,0.0164,-0.0094,-0.0337,-0.3606,-0.6432
4591,4.591,0.0304,0.0145,-0.0164,-0.0401,-0.3248,-0.9077
4592,4.592,0.0343,0.023,-0.0189,-0.0344,-0.0947,-0.3787
4593,4.593,0.0377,0.0245,0.0087,-0.0291,0.0551,0.1152
4594,4.594,0.0539,0.0175,0.0523,-0.0339,0.0828,0.1807
4595,4.595,0.0498,0.0104,0.0315,-0.018,0.1339,0.2762
4596,4.596,0.0583,0.0092,0.0136,-0.0047,0.1096,0.335
4597,4.597,0.0553,0.0014,-0.024,-0.0008,0.0874,0.1771
4598,4.598,0.0476,-0.0143,-0.0486,0.0028,0.2707,0.4175
4599,4.599,0.045,-0.0166,-0.0534,0.0127,0.3939,0.8981
4600,4.6,0.0427,-0.0187,-0.0656,0.0215,0.1921,0.5785
4601,4.601,0.0442,-0.0094,-0.055,0.0243,-0.0527,0.0539
4602,4.602,0.0524,-0.0043,-0.0254,0.0219,-0.0862,-0.1585
4603,4.603,0.0569,-0.0059,0.0265,0.0242,-0.1164,-0.2236
4604,4.604,0.0583,0.001,0.0336,0.0222,-0.1439,-0.2823
4605,4.605,0.0622,0.0022,0.0141,0.0278,-0.1196,-0.23
4606,4.606,0.0613,-0.0011,0.0081,0.0262,-0.1869,-0.2782
4607,4.607,0.0454,0.0019,0.056,0.0217,-0.4109,-0.8462
4608,4.608,0.0116,-0.0084,0.0621,0.0231,-0.262,-0.7693
4609,4.609,-0.0613,0.0012,0.0562,0.0092,-0.0176,-0.1353
4610,4.61,-0.1553,-0.0051,0.0295,0.0185,0.0816,0.1218
4611,4.611,-0.2436,-0.0107,-0.0144,0.0168,0.0523,0.2004
4612,4.612,-0.301,-0.0035,-0.0321,0.0061,0.0796,0.1309
4613,4.613,-0.1862,0.0029,-0.0483,0.0074,0.1043,0.1954
4614,4.614,-0.0789,0.0071,-0.0533,0.0187,0.1267,0.2538
4615,4.615,-0.0648,0.0078,-0.0229,0.0171,0.3504,0.6235
4616,4.616,-0.0772,0.0014,-0.0194,-0.0038,0.3207,0.8642
4617,4.617,-0.0885,0.0074,-0.0161,-0.0126,0.1307,0.3833
4618,4.618,-0.0573,0.0159,0.0001,-0.0154,-0.0426,-0.0659
4619,4.619,-0.0477,0.0034,-0.0207,0.0068,-0.0656,-0.2417
4620,4.62,0.0128,-0.0017,-0.0069,-0.0021,-0.127,-0.2955
4621,4.621,0.0363,-0.0247,0.0305,-0.038,-0.1089,-0.2481
4622,4.622,0.0435,-0.0411,0.0465,-0.0237,-0.0588,-0.2047
4623,4.623,0.0629,-0.014,0.061,0.0069,-0.2272,-0.4034
4624,4.624,0.0687,-0.0031,0.0919,0.0107,-0.3842,-0.9448
4625,4.625,0.0634,0.0001,0.1039,-0.0148,-0.1604,-0.5581
4626,4.626,0.0681,0.0029,0.0786,-0.058,0.0488,-0.0646
4627,4.627,0.0725,0.0056,0.0754,-0.0638,0.1307,0.2568
4628,4.628,0.0607,0.0033,0.0484,-0.016,0.1064,0.1998
4629,4.629,0.0499,0.0011,0.0012,0.0031,0.129,0.2533
4630,4.63,0.0401,-0.0049,-0.057,0.0087,0.1088,0.3017
4631,4.631,0.0312,0.0007,-0.0646,0.0138,0.1643,0.2584
4632,4.632,0.0339,0.0025,-0.0857,0.0089,0.4167,0.8538
4633,4.633,0.0315,0.0071,-0.0919,0.0132,0.3086,0.7691
4634,4.634,0.0381,0.0112,-0.0859,0.0012,0.0126,0.2264
4635,4.635,0.0441,0.0024,-0.0162,-0.0317,-0.1072,-0.1269
4636,4.636,0.0609,-0.0031,0.0125,-0.0362,-0.1438,-0.1924
4637,4.637,0.0631,-0.002,0.0043,-0.0003,-0.1114,-0.2514
4638,4.638,0.0489,-0.0028,0.0437,0.0044,-0.1415,-0.3049
4639,4.639,0.0396,-0.0036,0.0939,0.0176,-0.1146,-0.1614
4640,4.64,0.0481,0.0049,0.0878,0.0215,-0.3365,-0.6422
4641,4.641,0.065,0.0018,0.0473,0.0107,-0.3666,-0.9624
4642,4.642,0.0585,0.0091,0.0105,0.0075,-0.1224,-0.3229
4643,4.643,0.0647,0.0046,-0.0229,-0.0013,0.108,0.1042
4644,4.644,0.0703,0.0106,-0.0356,0.0124,0.0788,0.1829
4645,4.645,0.0788,0.0143,-0.0872,0.0148,0.1061,0.2538
4646,4.646,0.065,0.0149,-0.1223,0.0171,0.1308,0.3183
4647,4.647,0.0371,0.0243,-0.0767,0.007,0.1085,0.2606
4648,4.648,0.0253,0.0202,-0.0588,0.0015,0.2507,0.419
4649,4.649,-0.0148,0.0088,-0.0212,0.0032,0.4174,0.9476
4650,4.65,-0.0949,-0.0051,-0.045,0.0048,0.1707,0.5961
4651,4.651,-0.1755,0.0042,-0.0401,0.0035,-0.0598,0.019
4652,4.652,-0.2276,-0.0042,-0.0278,0.0024,-0.0903,-0.2148
4653,4.653,-0.313,-0.0086,0.0055,0.0034,-0.1179,-0.2863
4654,4.654,-0.2095,-0.0072,0.0104,0.0044,-0.1428,-0.351
4655,4.655,-0.1122,-0.0008,0.0147,0.0071,-0.1207,-0.2937
4656,4.656,-0.0238,-0.0017,0.026,-0.0007,-0.1412,-0.2412
4657,4.657,0.0337,-0.0026,0.0295,0.0024,-0.4191,-0.8658
4658,4.658,0.0233,-0.0017,0.0328,0.0032,-0.3003,-0.7811
4659,4.659,-0.0242,0.0061,0.0304,0.0024,-0.0474,-0.2386
4660,4.66,-0.0329,-0.0011,0.0283,0.0031,0.1174,0.2552
4661,4.661,-0.0409,-0.0095,0.0129,-0.0047,0.0882,0.1924
4662,4.662,-0.034,-0.0016,0.003,-0.0057,0.1155,0.251
4663,4.663,0.011,-0.0173,-0.0024,-0.0048,0.1402,0.3041
4664,4.664,0.052,-0.0194,-0.0073,-0.0006,0.118,0.1603
4665,4.665,0.0468,-0.0174,-0.0056,-0.0011,0.3419,0.6408
4666,4.666,0.0423,-0.0117,-0.0094,0.0025,0.3718,0.833
4667,4.667,0.0556,-0.0033,-0.0081,0.0056,0.0734,0.426
4668,4.668,0.044,0.0044,-0.0112,0.0062,-0.0462,-0.0512
4669,4.669,0.0407,0.0057,-0.0142,0.0098,-0.0828,-0.2445
4670,4.67,0.0377,-0.0005,-0.0149,0.0141,-0.116,-0.3034
4671,4.671,0.0467,-0.006,-0.0037,0.0183,-0.146,-0.2513
4672,4.672,0.0389,0.0097,0.0009,0.0125,-0.119,-0.2037
4673,4.673,0.0415,0.0119,0.0079,0.0148,-0.2422,-0.4223
4674,4.674,0.0305,0.0059,0.0268,0.0042,-0.3992,-0.9386
4675,4.675,0.0285,0.0115,0.024,0.0058,-0.2159,-0.5873
4676,4.676,0.0156,0.0133,0.0066,0.0211,0.0559,-0.0104
4677,4.677,0.014,-0.0035,-0.014,0.0232,0.0927,0.2233
4678,4.678,0.0095,-0.0238,-0.028,0.0176,0.126,0.2946
4679,4.679,0.011,-0.021,-0.0407,0.0059,0.1562,0.2313
4680,4.68,0.0023,-0.0187,-0.0523,-0.0047,0.1294,0.2898
4681,4.681,0.0035,-0.0075,-0.0507,-0.0198,0.1541,0.2373
4682,4.682,0.0007,-0.0054,-0.0383,-0.0258,0.4007,0.8619
4683,4.683,-0.0076,-0.0184,-0.0304,-0.0276,0.3024,0.7773
4684,4.684,-0.0224,-0.0167,-0.0141,-0.0393,0.0335,0.2347
4685,4.685,-0.0244,-0.0061,-0.0081,-0.0562,-0.0754,-0.1184
4686,4.686,-0.0189,0.0064,-0.0229,-0.0628,-0.1087,-0.1837
4687,4.687,-0.0037,0.0182,-0.0254,-0.0485,-0.1388,-0.2425
4688,4.688,0.0104,0.0136,-0.0209,-0.0243,-0.1119,-0.2959
4689,4.689,0.0046,0.0095,-0.0199,-0.0144,-0.0875,-0.2482
4690,4.69,0.0061,-0.0018,-0.0217,0.0065,-0.3339,-0.6415
4691,4.691,0.0013,0.0027,-0.021,0.0038,-0.3668,-0.906
4692,4.692,-0.0003,0.0208,-0.0227,0.0111,-0.0979,-0.3773
4693,4.693,-0.0094,0.038,-0.0204,0.0133,0.0833,0.1165
4694,4.694,-0.0087,0.0446,-0.0221,0.0154,0.1168,0.182
4695,4.695,0.0047,0.0466,-0.017,0.0135,0.147,0.241
4696,4.696,0.0208,0.0242,-0.022,0.0125,0.1253,0.29
4697,4.697,0.0148,-0.0037,-0.0222,0.0142,0.0984,0.2376
4698,4.698,0.0127,-0.0077,-0.0266,0.0157,0.271,0.382
4699,4.699,0.0046,-0.0113,-0.0257,0.0143,0.3832,0.9502
4700,4.7,-0.0138,-0.0344,-0.0247,0.018,0.2,0.5637
4701,4.701,-0.0314,-0.0494,-0.0176,0.0211,-0.0224,0.0703
4702,4.702,-0.0562,-0.0576,-0.0012,0.0283,-0.1124,-0.251
4703,4.703,-0.0463,-0.0553,0.0105,0.0291,-0.1398,-0.194
4704,4.704,-0.0431,-0.0218,0.0165,0.0248,-0.1155,-0.353
4705,4.705,-0.007,0.0022,0.0301,0.0131,-0.138,-0.4016
4706,4.706,0.0175,0.0153,0.035,-0.0091,-0.1583,-0.3581
4707,4.707,0.0135,0.0033,0.0326,-0.0121,-0.3991,-0.7947
4708,4.708,0.0021,-0.0077,0.0274,-0.0096,-0.3007,-0.7369
4709,4.709,0.0061,0.002,0.0059,-0.0122,-0.0317,-0.1548
4710,4.71,0.0163,0.0168,-0.0219,-0.0189,0.0772,0.2339
4711,4.711,0.0138,0.0086,-0.0407,-0.0129,0.1107,0.3055
4712,4.712,0.0113,0.0109,-0.0249,-0.0335,0.1408,0.2424
4713,4.713,0.014,0.0131,-0.0285,-0.0473,0.114,0.3012
4714,4.714,0.0077,0.0191,-0.0154,-0.0301,0.0896,0.249
4715,4.715,0.0019,0.0247,0.0012,-0.0236,0.3362,0.5855
4716,4.716,-0.0071,0.0163,0.0072,-0.0257,0.3692,0.8917
4717,4.717,-0.0289,-0.0006,0.0087,-0.0276,0.1005,0.3754
4718,4.718,-0.008,-0.0118,-0.0085,-0.0023,-0.0807,-0.1181
4719,4.719,0.0112,-0.0057,-0.0112,0.0158,-0.1141,-0.1833
4720,4.72,0.0088,-0.0151,-0.0096,0.0126,-0.1442,-0.242
4721,4.721,0.0244,0.0069,-0.0007,0.0155,-0.1174,-0.2954
4722,4.722,0.0428,-0.002,0.0141,0.0129,-0.093,-0.2476
4723,4.723,0.0551,-0.0102,0.0322,0.0152,-0.25,-0.3785
4724,4.724,0.0394,-0.0226,0.0691,0.0085,-0.4333,-0.974
4725,4.725,0.0128,-0.0249,0.0422,0.0024,-0.2115,-0.5484
4726,4.726,-0.02,0.0016,0.0276,0.0078,-0.0022,-0.0052
4727,4.727,-0.042,0.0123,0.0053,0.0127,0.0256,0.2073
4728,4.728,-0.0779,0.0154,-0.0067,0.0111,0.0998,0.2725
4729,4.729,-0.0922,0.0003,0.0112,0.0123,0.1224,0.3312
4730,4.73,-0.1142,-0.0079,0.0274,0.0033,0.1429,0.2791
4731,4.731,-0.062,-0.0007,0.0664,0.0063,0.1614,0.2315
4732,4.732,-0.0122,0.0149,0.0397,0.0072,0.4139,0.7996
4733,4.733,0.033,0.017,0.0254,0.0097,0.3058,0.7228
4734,4.734,0.0506,0.0151,0.0298,0.0018,0.0755,0.23
4735,4.735,0.0665,0.0168,0.026,0.007,-0.0744,-0.2192
4736,4.736,0.0809,0.0123,-0.014,0.0006,-0.102,-0.1625
4737,4.737,0.0942,-0.0002,-0.0403,0.0015,-0.1269,-0.3216
4738,4.738,0.0824,0.0016,-0.0545,0.0023,-0.1496,-0.2741
4739,4.739,0.0716,-0.0091,-0.041,0.0032,-0.0889,-0.2308
4740,4.74,0.0684,-0.0132,-0.0289,0.0005,-0.3298,-0.5881
4741,4.741,0.0712,-0.0095,0.0188,0.0013,-0.3628,-0.9249
4742,4.742,0.0465,0.0008,0.0515,-0,-0.0942,-0.3567
4743,4.743,0.0366,-0.0033,0.0577,0.0032,0.0868,0.0319
4744,4.744,0.0514,-0.0044,0.0315,-0.0005,0.1202,0.2443
4745,4.745,0.0487,-0.0012,0.0176,-0.0039,0.1503,0.3091
4746,4.746,0.0462,0.004,0.0049,0.0032,0.1234,0.2517
4747,4.747,0.0169,0.0013,0.0015,0.0086,0.099,0.1994
4748,4.748,-0.0192,0.0004,-0.0309,0.0041,0.2558,0.3438
4749,4.749,-0.0921,0.0072,-0.0523,0.0102,0.3982,0.912
4750,4.75,-0.2069,0.0098,-0.0636,0.0081,0.1943,0.5253
4751,4.751,-0.2835,0.0174,-0.0595,0.0159,-0.0504,0.0318
4752,4.752,-0.2975,0.0245,-0.0359,0.0275,-0.084,-0.1616
4753,4.753,-0.2345,0.0216,-0.0081,0.0322,-0.1143,-0.2208
4754,4.754,-0.062,0.0206,0.0034,0.0448,-0.0877,-0.2741
4755,4.755,0.0117,0.0211,0.0073,0.0431,-0.1125,-0.3228
4756,4.756,-0.0106,0.0117,0.0168,0.0356,-0.135,-0.2796
4757,4.757,-0.0309,-0.0073,0.0094,0.0175,-0.3997,-0.7958
4758,4.758,-0.0124,-0.0321,0.0077,-0.0148,-0.2918,-0.7258
4759,4.759,0.038,-0.0419,0.0017,-0.0368,-0.0616,-0.1492
4760,4.76,0.0839,-0.039,0.0002,-0.0407,0.0881,0.2396
4761,4.761,0.0422,-0.0361,-0.0049,-0.0371,0.1156,0.1708
4762,4.762,0.0547,-0.0336,-0.0095,-0.0403,0.1403,0.2357
4763,4.763,0.0891,-0.0538,-0.0197,-0.0431,0.1182,0.2943
4764,4.764,0.0786,-0.0399,-0.0234,-0.013,0.0979,0.2419
4765,4.765,0.0879,-0.0223,-0.0267,-0.0248,0.3385,0.5784
4766,4.766,0.0963,-0.011,-0.0272,-0.0428,0.3715,0.8845
4767,4.767,0.1038,0.0117,-0.0238,-0.0526,0.1026,0.3681
4768,4.768,0.0964,0.0267,-0.0242,-0.0497,-0.0786,-0.1257
4769,4.769,0.0896,0.0294,-0.0196,-0.0469,-0.1122,-0.1913
4770,4.77,0.0718,0.0318,-0.014,-0.0196,-0.1424,-0.2501
4771,4.771,0.0556,0.0252,-0.0029,0.0133,-0.1157,-0.3035
4772,4.772,0.031,0.0273,-0.0041,0.0265,-0.0914,-0.2559
4773,4.773,0.0175,0.0218,-0.0051,0.0465,-0.2484,-0.3871
4774,4.774,-0.0268,0.0303,-0.0011,0.0573,-0.4317,-0.9034
4775,4.775,-0.0681,0.0442,0.0023,0.0672,-0.2099,-0.5522
4776,4.776,-0.1054,0.0462,-0.0027,0.0464,-0.0007,0.0247
4777,4.777,-0.0811,0.0243,-0.009,0.0545,0.0811,0.2583
4778,4.778,-0.05,-0.0026,-0.0082,0.0521,0.1059,0.1891
4779,4.779,-0.0457,-0.0353,-0.0089,0.0455,0.1285,0.2537
4780,4.78,-0.0562,-0.0484,-0.0139,0.023,0.1084,0.3121
4781,4.781,-0.0592,-0.0522,-0.0124,0.0022,0.1639,0.2593
4782,4.782,-0.0618,-0.0193,-0.0142,-0.017,0.4163,0.7877
4783,4.783,-0.0313,-0.0148,-0.018,-0.0443,0.3083,0.7177
4784,4.784,-0.0032,-0.0265,-0.0194,-0.0624,0.0123,0.2691
4785,4.785,0.0006,-0.0229,-0.0261,-0.0789,-0.1074,-0.1394
4786,4.786,0.0172,-0.0195,-0.0328,-0.0877,-0.0721,-0.1938
4787,4.787,0.0262,0.0076,-0.034,-0.1125,-0.1053,-0.3388
4788,4.788,0.0291,0.0405,-0.0292,-0.1094,-0.1355,-0.2959
4789,4.789,0.0365,0.0363,-0.0219,-0.0645,-0.1087,-0.1774
4790,4.79,0.0299,0.0164,-0.0213,-0.0194,-0.3306,-0.5746
4791,4.791,0.0359,-0.0015,-0.0226,0.0214,-0.3607,-0.9447
4792,4.792,0.0377,0.0018,-0.0187,0.0265,-0.1166,-0.4161
4793,4.793,0.029,-0.001,-0.0185,0.0217,0.0482,0.0775
4794,4.794,0.0273,0.0019,-0.0111,0.026,0.0785,0.2707
4795,4.795,0.0201,0.0092,-0.0021,0.0297,0.1058,0.2134
4796,4.796,0.0136,0.0115,-0.0015,0.0331,0.1305,0.2667
4797,4.797,0.019,0.0412,-0.0065,0.0393,0.0937,0.2322
4798,4.798,0.0131,0.0392,-0.0175,0.0359,0.2505,0.3762
4799,4.799,0.0034,0.0374,-0.0334,0.0386,0.3927,0.944
4800,4.8,-0.0032,0.0628,-0.0403,0.0303,0.1888,0.5572
4801,4.801,-0.0159,0.052,-0.0504,0.0278,-0.0017,0.0636
4802,4.802,-0.0313,0.0489,-0.036,0.0254,-0.0764,-0.2581
4803,4.803,-0.0457,0.034,-0.0388,0.0233,-0.0993,-0.2014
4804,4.804,-0.04,0.026,-0.0302,0.0176,-0.12,-0.2552
4805,4.805,-0.0312,0.0038,-0.0292,0.0157,-0.1387,-0.3041
4806,4.806,-0.0322,-0.011,-0.0253,0.0171,-0.1558,-0.3483
4807,4.807,-0.047,-0.0521,-0.0052,0.01,-0.3856,-0.8647
4808,4.808,-0.0159,-0.0814,0.0212,0.006,-0.2874,-0.7953
4809,4.809,0.0242,-0.0973,0.0534,0.0026,-0.0186,-0.2192
4810,4.81,0.0299,-0.102,0.0484,-0.0029,0.0901,0.1691
4811,4.811,0.0447,-0.0801,0.036,-0.0096,0.1233,0.2403
4812,4.812,0.0494,-0.0919,0.0245,-0.0123,0.1532,0.3047
4813,4.813,0.0535,-0.1027,0.0338,-0.0087,0.1262,0.2468
4814,4.814,0.0646,-0.0531,0.0061,-0.0053,0.1017,0.1941
4815,4.815,0.0746,-0.0034,0.0019,-0.0059,0.348,0.6263
4816,4.816,0.0836,0.016,0.0045,-0.0042,0.3809,0.9168
4817,4.817,0.0974,0.0453,-0.0111,0.0036,0.112,0.4407
4818,4.818,0.0851,0.0613,-0.0364,0.0047,-0.0693,-0.1367
4819,4.819,0.0604,0.047,-0.0272,0.0101,-0.1029,-0.2159
4820,4.82,0.0636,0.0428,-0.0248,-0.0001,-0.1332,-0.2873
4821,4.821,0.0487,0.023,-0.017,-0.0069,-0.1607,-0.2243
4822,4.822,0.0075,0.0195,-0,-0.0154,-0.1364,-0.2831
4823,4.823,-0.0456,0.0098,-0.0024,-0.012,-0.2933,-0.3364
4824,4.824,-0.1525,0.0126,0.0035,0.004,-0.3953,-0.9615
4825,4.825,-0.2598,-0.0011,0.0165,0.002,-0.1917,-0.5363
4826,4.826,-0.3295,-0.0035,0.0384,-0.0121,0.0529,0.0065
4827,4.827,-0.3423,-0.0013,0.047,-0.0287,0.0863,0.2187
4828,4.828,-0.2159,0.0046,0.0496,-0.0264,0.1165,0.2836
4829,4.829,-0.0983,0.0026,0.0518,-0.0079,0.1438,0.3419
4830,4.83,-0.0526,0.0109,0.0406,0.0045,0.1195,0.2895
4831,4.831,-0.0111,0.0092,0.0099,-0.0022,0.1419,0.2416
4832,4.832,0.0518,0.005,-0.0122,-0.0042,0.4065,0.8093
4833,4.833,0.0632,0.0037,-0.0005,0.0013,0.2985,0.7322
4834,4.834,0.0735,0.0046,-0.0042,-0.0004,0.0683,0.2391
4835,4.835,0.0639,0.0036,-0.001,0.0073,-0.0815,-0.2104
4836,4.836,0.0725,-0.0105,-0.0038,0.006,-0.1092,-0.27
4837,4.837,0.1116,-0.0291,-0.0064,0.0148,-0.134,-0.3238
4838,4.838,0.1186,-0.0169,-0.0134,0.0116,-0.1565,-0.2767
4839,4.839,0.1121,-0.0104,-0.0153,0.0064,-0.0957,-0.2336
4840,4.84,0.1178,-0.0045,-0.0169,0.0092,-0.3364,-0.5911
4841,4.841,0.1125,0.0008,-0.022,0.0033,-0.3694,-0.9279
4842,4.842,0.1171,0.0023,-0.0164,0.0012,-0.1605,-0.4474
4843,4.843,0.1126,0.0098,-0.0175,0.0049,0.0843,0.1296
4844,4.844,0.1164,0.0193,-0.0044,0.0119,0.1178,0.2083
4845,4.845,0.0982,0.023,0.0214,0.0074,0.148,0.2795
4846,4.846,0.0551,0.0198,0.0328,0.0169,0.1213,0.344
4847,4.847,0.0257,0.0147,0.0366,0.0359,0.0971,0.2863
4848,4.848,-0.0225,0.0233,0.058,0.0059,0.254,0.3392
4849,4.849,-0.0678,0.0265,0.0559,0.0179,0.3966,0.8679
4850,4.85,-0.0972,0.0108,0.0441,-0.0001,0.23,0.6573
4851,4.851,-0.0494,-0.0003,0.0336,-0.0097,-0.017,0.0805
4852,4.852,-0.0818,-0.0269,0.02,-0.0066,-0.1161,-0.1534
4853,4.853,-0.1701,-0.0451,0.0002,-0.0091,-0.1461,-0.2247
4854,4.854,-0.1576,-0.0222,-0.0128,-0.0016,-0.1193,-0.2891
4855,4.855,-0.1233,0.0106,-0.0245,0.0188,-0.0948,-0.3476
4856,4.856,-0.0922,0.006,-0.0442,0.0326,-0.1171,-0.1895
4857,4.857,-0.026,0.0098,-0.0462,0.0303,-0.4223,-0.8143
4858,4.858,-0.0175,0.006,-0.0431,0.0192,-0.2913,-0.7295
4859,4.859,-0.0253,0.0091,-0.058,-0.0073,-0.0128,-0.1868
4860,4.86,0.0102,0.0061,-0.0431,-0.0181,0.0963,0.1667
4861,4.861,0.0295,-0.0021,-0.0257,-0.0083,0.1298,0.2323
4862,4.862,0.0352,-0.0145,-0.0138,-0.0112,0.1005,0.2913
4863,4.863,0.0299,-0.0123,0.0093,-0.0303,0.128,0.2394
4864,4.864,0.0541,-0.0062,0.049,-0.0526,0.1037,0.192
4865,4.865,0.0584,0.0032,0.0547,-0.0735,0.3503,0.5855
4866,4.866,0.0464,-0.0086,0.031,-0.0872,0.3834,0.8502
4867,4.867,0.0355,-0.0315,0.0095,-0.0601,0.1148,0.4178
4868,4.868,0.0322,-0.0478,-0.034,-0.0565,-0.0662,-0.1066
4869,4.869,0.0233,-0.0685,-0.0745,-0.0467,-0.0995,-0.1782
4870,4.87,0.015,-0.0273,-0.0899,-0.0439,-0.1295,-0.2428
4871,4.871,0.0124,0.0257,-0.1039,-0.0247,-0.1568,-0.3013
4872,4.872,0.0144,0.0329,-0.1166,-0.0074,-0.0831,-0.2488
4873,4.873,0.0122,0.0266,-0.0963,0.0129,-0.2399,-0.393
4874,4.874,0.0064,0.0324,-0.0485,0.0211,-0.4232,-0.9609
4875,4.875,0.0146,0.0273,0.0102,0.0283,-0.2012,-0.5741
4876,4.876,0.0159,0.0417,0.034,0.0486,0.0082,-0.0804
4877,4.877,0.0118,0.0374,0.0131,0.0623,0.0903,0.2414
4878,4.878,0.0129,0.0413,0.0199,0.0599,0.1154,0.1848
4879,4.879,0.0097,0.0304,0.0377,0.0532,0.1382,0.2385
4880,4.88,0.0026,0.0141,0.0646,0.0471,0.1182,0.2875
4881,4.881,-0.0016,-0.0067,0.0696,0.0341,0.1368,0.2443
4882,4.882,-0.0055,-0.0204,0.0655,0.0087,0.3894,0.7608
4883,4.883,-0.0134,-0.0477,0.0457,-0.0387,0.2815,0.8316
4884,4.884,-0.012,-0.015,-0.0088,-0.0195,0.0514,0.2555
4885,4.885,-0.0085,0.0247,-0.0477,0.0334,-0.0983,-0.1327
4886,4.886,-0.0054,0.0618,-0.0689,0.0404,-0.1258,-0.204
4887,4.887,-0.0075,0.057,-0.0882,0.0211,-0.1507,-0.2687
4888,4.888,-0.0079,0.0525,-0.0823,0.0384,-0.1286,-0.3272
4889,4.889,-0.0068,0.0407,-0.0982,0.0435,-0.1084,-0.1691
4890,4.89,-0.0148,0.008,-0.0643,0.0386,-0.3121,-0.6014
4891,4.891,-0.0157,-0.0226,-0.0334,0.0253,-0.3934,-0.892
4892,4.892,-0.0104,-0.0504,-0.0215,0.037,-0.1221,-0.4161
4893,4.893,0.0018,-0.0684,0.0039,0.026,0.059,0.0333
4894,4.894,0.0002,-0.1112,0.0138,0.016,0.0925,0.2094
4895,4.895,-0.0072,-0.1404,-0.001,-0.0112,0.1227,0.2634
4896,4.896,-0.011,-0.0922,0.0018,-0.0368,0.1501,0.3124
4897,4.897,-0.0146,-0.0469,-0.0005,-0.0468,0.0766,0.2695
4898,4.898,0.0014,-0.0165,0.0007,-0.0661,0.2203,0.3453
4899,4.899,0.0003,0.0009,0.0029,-0.0992,0.4221,0.9411
4900,4.9,-0.0155,0.0382,0.0009,-0.1038,0.2325,0.6862
4901,4.901,-0.0311,0.0335,-0.001,-0.0999,-0.0391,-0.0113
4902,4.902,-0.021,0.0379,0.004,-0.0818,-0.0759,-0.2937
4903,4.903,0.0033,0.0578,0.027,-0.0323,-0.1091,-0.2096
4904,4.904,0.0131,0.047,0.0237,0.0032,-0.1392,-0.2875
4905,4.905,0.0104,0.0372,0.0208,0.0224,-0.1123,-0.2177
4906,4.906,0.0133,0.0284,0.018,0.0281,-0.1369,-0.2817
4907,4.907,0.0111,0.0093,0.0204,0.0229,-0.4731,-0.8047
4908,4.908,-0.0089,-0.003,0.0226,0.0182,-0.3291,-0.8752
4909,4.909,-0.0006,-0.0142,0.0165,0.0226,-0.0228,-0.2986
4910,4.91,0.0068,-0.0163,0.0035,0.0345,0.0969,0.2451
4911,4.911,0.0226,-0.0107,0.0052,0.031,0.1335,0.1765
4912,4.912,0.0288,-0.0192,0.0159,0.0279,0.1666,0.2414
4913,4.913,0.0308,0.0037,0.0367,0.0308,0.1371,0.3001
4914,4.914,0.0326,0.0335,0.0456,0.0389,0.1102,0.2478
4915,4.915,0.0312,0.0296,0.0265,0.0265,0.3321,0.5844
4916,4.916,0.0217,0.0187,-0.0057,0.0153,0.3621,0.8907
4917,4.917,0.0027,0.0088,-0.0189,-0.0072,0.1179,0.454
4918,4.918,0.0218,0.0176,-0.015,-0.0158,-0.047,-0.0705
4919,4.919,0.0342,0.0039,-0.0041,-0.0184,-0.0773,-0.1421
4920,4.92,0.0231,-0.0333,0.0124,-0.0505,-0.1048,-0.2068
4921,4.921,0.0047,-0.0385,0.0097,-0.0371,-0.1296,-0.2653
4922,4.922,-0.0324,-0.024,0.0017,-0.0089,-0.1075,-0.2129
4923,4.923,-0.0272,-0.0284,-0.0104,0.0094,-0.2092,-0.357
4924,4.924,-0.0416,-0.0085,-0.0168,0.0128,-0.4129,-0.9249
4925,4.925,-0.0637,0.0024,-0.0266,0.0159,-0.2233,-0.693
4926,4.926,-0.0277,0.0188,-0.0354,0.008,-0.0008,-0.0586
4927,4.927,0.006,0.0277,-0.0299,0.0058,0.0893,0.1984
4928,4.928,0.0103,0.014,-0.034,0.0082,0.1169,0.1225
4929,4.929,-0.0177,0.0017,-0.0238,0.0104,0.1418,0.3341
4930,4.93,-0.0432,0.0172,-0.0043,0.0235,0.1197,0.2708
4931,4.931,-0.0598,0.0477,0.01,0.0152,0.1402,0.2132
4932,4.932,-0.0329,0.0696,0.0082,0.0107,0.381,0.7945
4933,4.933,-0.0222,0.0495,0.0109,0.0176,0.2827,0.7178
4934,4.934,-0.0322,0.0313,0.0133,0.0264,0.0737,0.2251
4935,4.935,-0.0411,0.0015,0.0193,0.0254,-0.0625,-0.0962
4936,4.936,-0.0057,-0.0024,0.0146,0.016,-0.0875,-0.1555
4937,4.937,-0.0203,-0.0353,0.0043,0.0248,-0.1101,-0.209
4938,4.938,0.028,-0.0839,-0.0023,0.028,-0.1307,-0.2575
4939,4.939,0.073,-0.1032,-0.0107,0.0228,-0.1123,-0.2142
4940,4.94,0.0901,-0.0741,-0.0159,0.0143,-0.2974,-0.5714
4941,4.941,0.0633,-0.0583,-0.0227,0.0221,-0.3712,-0.908
4942,4.942,-0.0098,-0.0246,-0.0157,0.021,-0.1244,-0.4273
4943,4.943,-0.0829,-0.0116,-0.0057,0.0237,0.0405,0.022
4944,4.944,-0.0926,-0.0317,-0.0165,0.0245,0.0709,0.1978
4945,4.945,-0.0496,-0.0138,-0.0052,0.0144,0.0985,0.2515
4946,4.946,-0.0264,0.0159,0.005,0.0018,0.1233,0.3003
4947,4.947,0.0232,0.0277,0.0093,-0.0169,0.1013,0.2571
4948,4.948,0.0423,0.0384,0.0066,-0.0443,0.203,0.3762
4949,4.949,0.0247,0.022,0.0102,-0.0772,0.4069,0.9175
4950,4.95,0.0087,0.0132,-0.0014,-0.0906,0.2173,0.6857
4951,4.951,-0.0156,-0.0006,0.0008,-0.0628,-0.0051,0.0514
4952,4.952,-0.0026,0.0117,-0.0002,-0.0228,-0.095,-0.2057
4953,4.953,-0.0388,0.0139,-0.0093,-0.0176,-0.1225,-0.2843
4954,4.954,-0.0245,0.016,-0.015,-0.0129,-0.1473,-0.3553
4955,4.955,-0.0202,0.0217,-0.0248,-0.0348,-0.1252,-0.292
4956,4.956,0.0238,0.0269,-0.0257,-0.0466,-0.1456,-0.2343
4957,4.957,0.0531,0.0285,-0.0164,-0.0574,-0.3863,-0.8155
4958,4.958,0.0584,0.0245,-0.0035,-0.0475,-0.2881,-0.8934
4959,4.959,0.0536,0.0056,0.0053,-0.0268,-0.0791,-0.2597
4960,4.96,0.0404,0.0248,0.0196,-0.0077,0.1113,0.1677
4961,4.961,0.0443,0.0175,0.0329,0.0145,0.0874,0.2466
4962,4.962,0.0335,-0.0029,0.045,0.0415,0.1101,0.3176
4963,4.963,0.0236,-0.0057,0.0314,0.0306,0.1307,0.2543
4964,4.964,0.0265,0.0066,0.0336,0.0207,0.1123,0.1967
4965,4.965,0.0347,-0,0.0524,-0.0063,0.3311,0.5665
4966,4.966,0.0123,-0.006,0.0202,-0.0171,0.361,0.9031
4967,4.967,-0.0085,-0.0302,-0.0282,-0.0074,0.1168,0.4224
4968,4.968,-0.0497,-0.0399,-0.0605,-0.0524,-0.0482,-0.0269
4969,4.969,-0.0672,-0.0547,-0.0663,-0.0332,-0.0787,-0.2028
4970,4.97,-0.0514,-0.0136,-0.0397,0.0077,-0.1062,-0.2566
4971,4.971,-0.0078,0.0273,-0.0444,0.0236,-0.1311,-0.3054
4972,4.972,0.0095,0.022,-0.0311,0.0188,-0.109,-0.2622
4973,4.973,0.004,-0.0022,-0.035,0.0232,-0.2108,-0.3022
4974,4.974,0.0086,-0.0243,-0.0386,0.0194,-0.4147,-0.8436
4975,4.975,0.0128,-0.0361,-0.0222,0.0302,-0.2252,-0.6119
4976,4.976,0.0087,-0.0107,-0.0493,0.0137,-0.0028,-0.1187
4977,4.977,0.0051,0.0123,-0.0748,0.0165,0.0873,0.2027
4978,4.978,0.0018,0.0212,-0.0781,0.0301,0.1149,0.2618
4979,4.979,0.0109,0.0185,-0.0574,0.0275,0.1397,0.3151
4980,4.98,0.0031,0.0113,-0.0164,0.0251,0.1176,0.2675
4981,4.981,-0.0138,0.0179,0.0127,0.0187,0.1379,0.224
4982,4.982,-0.0069,0.016,0.0178,0.0129,0.3787,0.7401
4983,4.983,0.016,-0.0081,0.0321,0.0177,0.2804,0.8106
4984,4.984,0.0253,-0.0049,0.0275,0.0221,0.0712,0.2343
4985,4.985,0.0394,0.01,0.0312,0.0178,-0.065,-0.1543
4986,4.986,0.0225,0.0073,0.0345,0.0164,-0.0901,-0.2259
4987,4.987,0.0207,0.0049,0.0311,0.0152,-0.1128,-0.2908
4988,4.988,0.0312,0.0204,0.016,-0.0007,-0.1334,-0.3496
4989,4.989,0.0445,0.0061,0.013,-0.003,-0.1152,-0.1918
4990,4.99,0.0297,0.0041,-0.0096,0.0072,-0.3004,-0.5284
4991,4.991,0.0074,0.0057,-0.0187,-0.0019,-0.3744,-0.9221
4992,4.992,-0.0373,0.0071,-0.0217,-0.0067,-0.1277,-0.4465
4993,4.993,-0.0563,-0.0025,-0.0147,-0.0079,0.0371,0.1305
4994,4.994,-0.0388,-0.0189,-0.0171,-0.0007,0.1269,0.2092
4995,4.995,-0.0228,0.0057,-0.0154,0.0009,0.1002,0.2803
4996,4.996,-0.0179,0.0287,-0.0101,-0.002,0.125,0.3447
4997,4.997,-0.0308,0.0199,-0.0086,0.0119,0.1027,0.287
4998,4.998,-0.0267,0.0336,-0.0228,0.014,0.2045,0.34
4999,4.999,-0.0233,0.0353,-0.0215,0.0125,0.4071,0.8901
5000,5,0.0023,0.028,-0.0125,0.0143,0.2034,0.6501
5001,5.001,0.0388,-0.0057,-0.0179,0.0098,0.0131,0.0809
5002,5.002,0.005,-0.0494,-0.0136,0.0003,-0.1108,-0.153
5003,5.003,-0.0257,-0.1024,-0.0152,-0.0184,-0.089,-0.2245
5004,5.004,-0.0696,-0.081,0.0035,-0.0483,-0.1096,-0.2893
5005,5.005,-0.087,-0.0745,0.006,-0.0121,-0.1282,-0.348
5006,5.006,-0.0497,-0.0335,0.0034,0.0122,-0.1116,-0.19
5007,5.007,0.0037,-0.0386,0.0097,0.0168,-0.3412,-0.8148
5008,5.008,0.0108,-0.0242,0.0157,0.0288,-0.3085,-0.9004
5009,5.009,0.0043,0.0244,0.021,0.0326,-0.0994,-0.3582
5010,5.01,-0.0015,0.0437,0.0122,0.0098,0.091,0.1355
5011,5.011,0.0356,0.0494,0.0135,-0.023,0.1162,0.2008
5012,5.012,0.0015,0.0546,0.012,-0.0272,0.1389,0.2595
5013,5.013,-0.0207,0.0207,0.0232,-0.0709,0.1189,0.3129
5014,5.014,0.0151,-0.028,0.0247,-0.065,0.1007,0.2651
5015,5.015,0.0486,-0.0345,0.0318,-0.0061,0.3195,0.5708
5016,5.016,0.0615,-0.0403,0.0432,-0.0137,0.4091,0.9284
5017,5.017,0.0412,-0.0245,0.048,-0.0207,0.165,0.4958
5018,5.018,0.0299,-0.0004,0.0329,-0.0398,-0.0655,-0.0289
5019,5.019,0.0523,0.0127,0.0023,-0.034,-0.0959,-0.2413
5020,5.02,0.0547,0.0326,-0.0285,-0.018,-0.1232,-0.3064
5021,5.021,0.0514,0.0361,-0.0324,-0.0132,-0.1479,-0.2492
5022,5.022,0.0534,0.0329,-0.0143,0.0002,-0.0809,-0.3026
5023,5.023,0.0642,0.0241,-0.0111,0.0121,-0.2232,-0.351
5024,5.024,0.0497,0.0104,-0.0082,0.0303,-0.464,-0.9192
5025,5.025,0.0217,-0.0069,0.0055,0.0534,-0.2999,-0.6875
5026,5.026,-0.0381,-0.0181,0.008,0.0683,-0.0307,-0.0536
5027,5.027,-0.1671,-0.0242,0.0103,0.0984,0.0783,0.2033
5028,5.028,-0.1851,-0.0111,0.0125,0.1184,0.1116,0.2817
5029,5.029,-0.1682,0.0007,0.0071,0.1148,0.1418,0.3525
5030,5.03,-0.1529,-0.0009,0.0024,0.0718,0.1149,0.289
5031,5.031,-0.1114,-0.0078,-0.0018,0.0425,0.1397,0.2311
5032,5.032,-0.0989,0.0009,-0,0.0052,0.3863,0.7066
5033,5.033,-0.0645,0.0065,-0.0034,0.0003,0.2881,0.7709
5034,5.034,-0.0335,-0.0051,0.0026,0.0046,0.0791,0.247
5035,5.035,0.0327,-0.0097,0.002,0.0084,-0.057,-0.1064
5036,5.036,0.0413,0.0111,-0.0022,-0.0171,-0.082,-0.172
5037,5.037,0.0491,0.0199,-0.006,-0.0669,-0.1046,-0.231
5038,5.038,0.0561,0.05,-0.0109,-0.1454,-0.1252,-0.2845
5039,5.039,0.0752,0.0538,-0.0027,-0.1976,-0.0698,-0.2371
5040,5.04,0.0458,0.0284,0.0007,-0.1884,-0.2885,-0.543
5041,5.041,0.019,0.0186,-0.0034,-0.18,-0.378,-0.9801
5042,5.042,0.0431,0.0157,-0.0108,-0.1568,-0.1338,-0.4571
5043,5.043,0.0562,0.013,-0.0135,-0.1215,0.0311,0.0366
5044,5.044,0.0442,0.0203,-0.0105,-0.0766,0.121,0.2301
5045,5.045,0.0333,0.0181,0.0027,-0.0238,0.1486,0.2889
5046,5.046,0.0303,0.0121,0.031,0.0115,0.1243,0.2367
5047,5.047,0.0334,-0.0009,0.0352,0.0565,0.1022,0.2851
5048,5.048,0.0255,0.0008,0.0174,0.0737,0.204,0.3288
5049,5.049,0.0282,0.0055,0.0013,0.0788,0.4078,0.8449
5050,5.05,0.0306,-0.0153,-0.0133,0.0739,0.2182,0.6342
5051,5.051,0.0287,-0.0482,-0.0266,0.0693,-0.0042,0.0574
5052,5.052,0.0232,-0.088,-0.0487,0.073,-0.0942,-0.1766
5053,5.053,0.0114,-0.0721,-0.0512,0.0619,-0.1218,-0.2481
5054,5.054,0.0069,-0.0479,-0.0098,0.0519,-0.1465,-0.3129
5055,5.055,0.0278,-0.0347,0.0079,0.0488,-0.1244,-0.2557
5056,5.056,0.0428,-0.0308,-0.0183,0.0348,-0.1042,-0.2033
5057,5.057,0.0456,-0.0342,0.0256,0.037,-0.382,-0.7319
5058,5.058,0.053,0.0022,0.0788,0.0391,-0.3426,-0.8027
5059,5.059,0.0597,0.0167,0.0434,0.0288,-0.0898,-0.2266
5060,5.06,0.0578,0.0301,0.0113,0.0268,0.075,0.1618
5061,5.061,0.0375,0.0342,-0.0416,0.0216,0.1054,0.2333
5062,5.062,0.035,0.0308,-0.1056,0.0169,0.1328,0.2982
5063,5.063,0.0425,0.0211,-0.1315,0.0154,0.1085,0.2407
5064,5.064,0.0405,0.0241,-0.1239,0.0064,0.0863,0.1884
5065,5.065,0.0427,0.0215,-0.1169,-0.0108,0.3102,0.5249
5066,5.066,0.0597,0.0193,-0.0847,0.0064,0.3996,0.9184
5067,5.067,0.0622,0.0082,-0.0202,0.0041,0.1555,0.4429
5068,5.068,0.0645,-0.0019,0.0402,0.0101,-0.075,-0.0061
5069,5.069,0.0367,-0.0073,0.0636,0.0008,-0.1055,-0.1819
5070,5.07,-0.0071,-0.0089,0.0849,0.0025,-0.133,-0.2357
5071,5.071,-0.0362,-0.0072,0.0913,0.001,-0.1088,-0.2845
5072,5.072,-0.1053,-0.0085,0.0739,-0.0115,-0.0868,-0.2412
5073,5.073,-0.2096,-0.0146,0.0474,-0.0165,-0.1885,-0.281
5074,5.074,-0.3624,-0.0135,0.0425,-0.0058,-0.4294,-0.8223
5075,5.075,-0.4232,-0.0019,0.0116,0.0012,-0.2654,-0.7452
5076,5.076,-0.2936,0.012,-0.0246,-0.0024,0.0037,-0.111
5077,5.077,-0.1086,0.0213,-0.0587,0.0033,0.1126,0.1461
5078,5.078,0.0143,0.0264,-0.0545,0.0045,0.1459,0.2247
5079,5.079,0.0813,0.0219,-0.0429,0.0001,0.1164,0.2957
5080,5.08,0.0609,0.015,-0.0395,0.0011,0.0896,0.2325
5081,5.081,0.0794,0.0062,-0.0232,-0.0041,0.1142,0.1749
5082,5.082,0.0961,-0.0015,-0.0203,-0.0076,0.3607,0.7562
5083,5.083,0.081,-0.0025,-0.0065,-0.0034,0.3281,0.8339
5084,5.084,0.0395,0.0021,0.0058,-0.0005,0.0591,0.3412
5085,5.085,0.0271,-0.0004,-0.0008,-0.0009,-0.0498,-0.108
5086,5.086,0.0387,-0.0057,-0.0193,-0.0021,-0.0832,-0.2835
5087,5.087,0.0909,-0.0063,-0.0122,-0.0068,-0.1133,-0.2313
5088,5.088,0.1005,-0.0067,-0.019,0.0028,-0.1406,-0.2797
5089,5.089,0.0747,-0.005,-0.0171,0.0097,-0.067,-0.2362
5090,5.09,0.0357,-0.0085,-0.008,-0.0017,-0.2687,-0.5139
5091,5.091,-0.014,-0.0097,0.007,-0.0001,-0.4045,-0.9833
5092,5.092,-0.0076,-0.01,0.017,-0.0069,-0.1333,-0.5356
5093,5.093,-0.0133,-0.0104,0.0039,-0.013,0.0477,0.1054
5094,5.094,-0.0934,-0.0157,0.0155,-0.0184,0.0811,0.1922
5095,5.095,-0.128,-0.0136,0.0322,-0.0233,0.1113,0.2706
5096,5.096,-0.1384,-0.0129,0.0165,-0.0166,0.1386,0.3417
5097,5.097,-0.0723,-0.0072,0.0103,-0.0154,0.1142,0.2783
5098,5.098,0.0053,-0.0066,0.0046,-0.0065,0.1814,0.3367
5099,5.099,0.0572,-0.006,0.0062,0.0087,0.4053,0.9181
5100,5.1,0.0767,0.0019,-0.0022,-0.0008,0.238,0.6599
5101,5.101,0.0861,0.0049,-0.0008,0.0056,0.0287,0.1173
5102,5.102,0.06,0.0053,-0.0105,0.0077,-0.1076,-0.2357
5103,5.103,0.0364,0.0067,-0.0043,0.0096,-0.1326,-0.1729
5104,5.104,0.0291,-0.0003,-0.0012,0.0267,-0.1106,-0.3477
5105,5.105,0.0481,0.0006,0.0146,0.0021,-0.1312,-0.2952
5106,5.106,0.0421,-0.004,0.0125,-0.0276,-0.1128,-0.2472
5107,5.107,0.0366,0.0003,0.0186,0.0004,-0.3653,-0.7275
5108,5.108,0.0316,0.0009,0.0355,-0.0104,-0.3295,-0.7916
5109,5.109,0.0094,0.003,0.0379,-0.0334,-0.0993,-0.2677
5110,5.11,-0.0108,0.0013,0.0521,-0.0064,0.11,0.0858
5111,5.111,-0.0219,-0.0074,0.0801,0.0117,0.0835,0.2793
5112,5.112,-0.0189,-0.0111,0.1,0.0148,0.1084,0.2223
5113,5.113,-0.022,-0.0101,0.0817,0.0118,0.131,0.2758
5114,5.114,-0.0469,-0.0049,0.0451,0.0036,0.1109,0.2283
5115,5.115,-0.044,0.0015,-0.0083,0.0011,0.2776,0.447
5116,5.116,-0.0173,0.0023,-0.058,-0.0057,0.3898,0.8842
5117,5.117,-0.0068,0.0029,-0.0903,-0.0119,0.1658,0.4777
5118,5.118,-0.0039,0.0022,-0.1195,-0.0175,-0.0435,0.0009
5119,5.119,-0.0071,0.0052,-0.1034,-0.016,-0.0712,-0.1922
5120,5.12,-0.0211,0.0091,-0.0985,-0.0177,-0.0961,-0.2511
5121,5.121,-0.0142,0.0116,-0.0497,-0.0026,-0.1636,-0.3044
5122,5.122,0.0059,0.0065,0.0089,0.0074,-0.1029,-0.2566
5123,5.123,0.0193,0.0057,0.0324,0.0129,-0.2325,-0.3003
5124,5.124,0.0314,0.0027,0.0538,0.001,-0.4513,-0.8957
5125,5.125,0.0466,0.0031,0.0732,-0.0098,-0.2428,-0.6406
5126,5.126,0.0525,0.0025,0.0559,-0.028,0.0018,-0.0977
5127,5.127,0.0321,0.0094,0.0187,-0.0353,0.101,0.2557
5128,5.128,0.0243,0.0124,-0.0346,-0.0107,0.1314,0.193
5129,5.129,0.0125,0.0151,-0.0843,-0.0075,0.1588,0.2518
5130,5.13,-0.0026,0.0108,-0.1293,-0.0046,0.1345,0.3054
5131,5.131,-0.0165,0.0038,-0.1117,-0.002,0.1123,0.2578
5132,5.132,0.0005,-0.0008,-0.0635,0.0053,0.377,0.7385
5133,5.133,0.0163,-0.0001,-0.0309,0.0075,0.3412,0.8031
5134,5.134,0.0145,-0.0117,-0.013,0.0014,0.111,0.2796
5135,5.135,0.0091,-0.0168,0.0354,-0.0005,-0.0983,-0.2139
5136,5.136,-0.0025,-0.0153,0.0422,-0.009,-0.126,-0.2792
5137,5.137,-0.0068,-0.0084,0.0483,0.0048,-0.1508,-0.338
5138,5.138,-0.019,0.0003,0.0645,0.0215,-0.1288,-0.2857
5139,5.139,-0.0306,0.0035,0.0407,0.0193,-0.068,-0.1419
5140,5.14,-0.0319,0.0004,0.0103,0.0172,-0.2717,-0.4476
5141,5.141,-0.0192,0.0088,0.0069,0.0191,-0.4074,-0.8844
5142,5.142,-0.0004,0.001,0.0254,0.0139,-0.1362,-0.4776
5143,5.143,0.0071,0.002,0.0356,0.0093,0.0448,0.105
5144,5.144,0.0095,0.0028,0.0273,0.0189,0.0783,0.1841
5145,5.145,-0.0088,-0.005,0.0086,0.0126,0.1083,0.2553
5146,5.146,-0.0159,-0.002,-0.0132,0.0047,0.1356,0.32
5147,5.147,-0.0269,-0.0029,-0.0277,-0.0026,0.1112,0.2626
5148,5.148,-0.0329,-0.0088,-0.0025,0.0096,0.1784,0.3157
5149,5.149,-0.0234,-0.0051,0.0012,0.0113,0.4023,0.8445
5150,5.15,0.0022,-0.003,-0.0071,0.0067,0.2533,0.6342
5151,5.151,0.0205,0.0012,-0.0204,0.0026,0.0087,0.1855
5152,5.152,0.0239,0.0088,-0.0178,0.0014,-0.0906,-0.2228
5153,5.153,0.0269,0.0141,-0.0469,0.0046,-0.1209,-0.2768
5154,5.154,0.0296,0.002,-0.0506,0.0099,-0.1484,-0.3256
5155,5.155,0.0124,-0.0098,-0.025,0.0034,-0.1242,-0.2826
5156,5.156,0.0059,-0.0052,-0.0346,0.0112,-0.1021,-0.2434
5157,5.157,0.008,-0.0065,-0.0072,0.0184,-0.3668,-0.7126
5158,5.158,-0.0123,-0.0028,0.0186,0.0156,-0.331,-0.9049
5159,5.159,-0.0204,-0.0018,0.0291,0.0198,-0.1009,-0.265
5160,5.16,-0.0426,-0.0007,0.0504,0.0204,0.1082,0.1623
5161,5.161,-0.0156,0.0039,0.0866,0.0169,0.0817,0.241
5162,5.162,0.0245,0.0064,0.1112,0.0112,0.1065,0.312
5163,5.163,0.0404,0.0071,0.0718,0.0075,0.1289,0.2487
5164,5.164,0.0452,0.0065,0.024,-0.0032,0.0681,0.1911
5165,5.165,0.032,0.0048,0.0307,-0.0171,0.3088,0.4553
5166,5.166,0.0282,0.0089,0.0367,-0.0264,0.4074,0.8879
5167,5.167,0.039,0.0012,0.0103,-0.0044,0.1388,0.4812
5168,5.168,0.0293,0.0044,-0.0136,0.0286,-0.0423,0.0042
5169,5.169,0.0022,-0.0028,-0.0265,0.0066,-0.076,-0.1892
5170,5.17,-0.0451,-0.0131,-0.0462,-0.0294,-0.1062,-0.2482
5171,5.171,-0.0387,-0.0117,-0.0206,-0.0536,-0.1337,-0.3015
5172,5.172,-0.0329,-0.0129,-0.0106,-0.0404,-0.1096,-0.2541
5173,5.173,-0.0381,0.0021,0.0166,-0.0205,-0.177,-0.298
5174,5.174,-0.0525,0.0041,-0.0014,-0.024,-0.4418,-0.8935
5175,5.175,-0.0658,0.0023,0.0085,-0.0273,-0.2617,-0.6386
5176,5.176,-0.0777,0.0074,0.0356,-0.0244,-0.0314,-0.0957
5177,5.177,-0.0958,0.0059,-0.0191,-0.0382,0.1183,0.2574
5178,5.178,-0.0465,0.0073,-0.0738,-0.0358,0.0917,0.1946
5179,5.179,0.0601,0.0036,-0.0242,-0.0293,0.1164,0.2533
5180,5.18,0.0751,0.0046,-0.0179,-0.0394,0.0942,0.3065
5181,5.181,0.061,0.0077,-0.0709,-0.0264,0.1145,0.1626
5182,5.182,0.023,0.0068,-0.1206,-0.0078,0.3921,0.7308
5183,5.183,0.0343,-0.0027,-0.0753,0.0145,0.3526,0.8087
5184,5.184,0.003,-0.0064,-0.0224,0.0174,0.0997,0.316
5185,5.185,-0.0446,-0.0074,-0.0296,0.0255,-0.0653,-0.1332
5186,5.186,-0.0535,-0.0064,-0.0104,0.0278,-0.0958,-0.1929
5187,5.187,-0.0147,-0.0055,-0.0163,0.0166,-0.1234,-0.2467
5188,5.188,-0.0078,-0.0013,-0.0536,-0.014,-0.1483,-0.2955
5189,5.189,-0.0145,-0.002,-0.0395,0.008,-0.0815,-0.2524
5190,5.19,-0.0205,-0.0013,-0.0178,0.028,-0.3054,-0.451
5191,5.191,-0.0365,-0.0029,0.0019,0.0244,-0.395,-0.9204
5192,5.192,-0.0319,0.0011,-0.0311,0.0211,-0.151,-0.4729
5193,5.193,-0.0188,-0.0004,-0.0092,0.024,0.0793,0.0515
5194,5.194,0.0012,0.0057,-0.0132,0.0158,0.1097,0.2638
5195,5.195,0.0268,0.0049,-0.0098,0.0034,0.137,0.2007
5196,5.196,0.0568,0.0042,-0.0133,-0.0032,0.1127,0.2593
5197,5.197,0.0772,-0.0051,-0.0345,0.0028,0.0904,0.207
5198,5.198,0.052,-0.0013,-0.016,0.0047,0.1921,0.2551
5199,5.199,0.0423,-0.0069,0.0207,0.0063,0.3957,0.9104
5200,5.2,0.0574,-0.0058,0.1003,0.0078,0.2602,0.6298
5201,5.201,0.0596,-0.0071,0.1264,0.0008,0.0005,0.1436
5202,5.202,0.0518,-0.0044,0.1145,0.0133,-0.0741,-0.1135
5203,5.203,0.0197,-0.0138,0.1039,0.0081,-0.097,-0.1921
5204,5.204,-0.0109,-0.005,0.0376,0.0126,-0.1176,-0.2633
5205,5.205,-0.0226,-0.006,-0.04,0.0222,-0.1364,-0.3279
5206,5.206,-0.0333,0.0035,-0.1338,0.0159,-0.1199,-0.154
5207,5.207,-0.0299,0.0047,-0.1715,0.0035,-0.3495,-0.7354
5208,5.208,-0.021,0.0103,-0.1372,-0.0083,-0.3169,-0.8133
5209,5.209,-0.0128,0.0072,-0.0644,-0.0098,-0.1079,-0.3208
5210,5.21,-0.0103,0.0099,0.0398,-0.0224,0.0824,0.1284
5211,5.211,0.0009,0.0005,0.026,-0.0172,0.1076,0.1878
5212,5.212,-0.0052,-0.0032,0.0891,-0.0033,0.1303,0.2413
5213,5.213,-0.0182,-0.0022,-0.0145,0.0134,0.1102,0.2898
5214,5.214,-0.0232,-0.0012,-0.0286,-0.0021,0.0179,0.2463
5215,5.215,-0.0063,-0.002,0.0089,-0.0001,0.2367,0.4447
5216,5.216,0.0049,-0.0029,-0.0718,-0.002,0.386,0.9139
5217,5.217,0.0069,0.0056,-0.0411,-0.0206,0.1962,0.4662
5218,5.218,0.0162,0.0046,0.0059,-0.0083,-0.0263,-0.0585
5219,5.219,0.0042,0.0076,0.0314,0.003,-0.0567,-0.2709
5220,5.22,-0.0035,0.0049,0.0703,0.005,-0.084,-0.2081
5221,5.221,0.006,-0.0029,0.0916,0.0069,-0.1087,-0.267
5222,5.222,0.0197,-0.0059,0.111,0.0053,-0.1312,-0.3205
5223,5.223,0.0327,0.0005,0.1285,0.0068,-0.1921,-0.2728
5224,5.224,0.0309,0.0031,0.102,0.0109,-0.4329,-0.9283
5225,5.225,0.0385,0.0009,0.0778,0.0147,-0.2688,-0.6481
5226,5.226,0.0566,0.0029,0.0733,-0.0001,0.0004,-0.0514
5227,5.227,0.0589,-0.0001,0.0371,0.0101,0.1093,0.1823
5228,5.228,0.0433,-0.0029,-0.0164,0.0083,0.1428,0.2536
5229,5.229,0.0291,0.0018,-0.0663,-0.0034,0.1134,0.3181
5230,5.23,0.0088,0.0001,-0.0857,-0.0018,0.1407,0.1443
5231,5.231,-0.0049,0.0077,-0.0683,-0.0114,0.1164,0.0916
5232,5.232,-0.0025,0.0047,-0.0095,-0.0124,0.3631,0.7162
5233,5.233,0.013,0.002,0.0611,-0.002,0.3305,0.8016
5234,5.234,0.019,-0.0058,0.0707,0.0022,0.0618,0.4141
5235,5.235,0.0095,-0.0006,0.0451,-0.0064,-0.047,-0.0797
5236,5.236,-0.006,0.0058,0.022,-0.0073,-0.0802,-0.1452
5237,5.237,-0.0204,-0.0001,0.0437,-0.0102,-0.1103,-0.2041
5238,5.238,-0.0299,0.0006,0.0375,-0.0074,-0.1375,-0.2575
5239,5.239,-0.0488,0.0026,0.0083,0.0055,-0.113,-0.2099
5240,5.24,-0.0663,0.0043,-0.0718,0.0111,-0.2698,-0.4286
5241,5.241,-0.0643,-0.0009,-0.1064,-0.0007,-0.4121,-0.9451
5242,5.242,-0.0951,-0.0058,-0.096,-0.0022,-0.1712,-0.4532
5243,5.243,-0.1613,-0.01,-0.0864,0.0047,0.0594,-0.0041
5244,5.244,-0.2276,-0.0036,-0.0257,-0.0142,0.09,0.1718
5245,5.245,-0.2017,-0.001,0.0919,-0.0223,0.1176,0.2257
5246,5.246,-0.0843,-0.0047,0.1089,-0.015,0.1425,0.2743
5247,5.247,-0.0001,-0.0096,0.0941,-0.0084,0.1204,0.231
5248,5.248,-0.0153,-0.0101,0.0529,0.0018,0.1814,0.2709
5249,5.249,-0.057,-0.0096,-0.0097,0.0111,0.4224,0.8121
5250,5.25,-0.0193,-0.0101,-0.0437,0.0196,0.2584,0.7353
5251,5.251,0.0152,-0.0071,-0.1161,0.0241,-0.0106,0.1012
5252,5.252,0.0674,-0.0007,-0.2199,0.0228,-0.1193,-0.1559
5253,5.253,0.0579,0.0134,-0.2332,0.0038,-0.0869,-0.2342
5254,5.254,0.0492,0.0113,-0.195,-0.0373,-0.1169,-0.3051
5255,5.255,0.0413,0.0132,-0.0682,-0.0665,-0.1441,-0.2416
5256,5.256,0.0624,0.0081,0.0159,-0.0184,-0.1197,-0.184
5257,5.257,0.0558,0.0006,0.0615,0.0008,-0.3661,-0.6595
5258,5.258,0.0614,0.0019,0.0474,-0.005,-0.3335,-0.8518
5259,5.259,0.0771,0.0007,-0.0412,-0.0209,-0.1244,-0.3281
5260,5.26,0.0913,0.0063,-0.0298,-0.0066,0.0661,0.1656
5261,5.261,0.0867,0.0094,0.0225,-0.0111,0.0913,0.2311
5262,5.262,0.0666,0.0048,0.07,-0.0073,0.114,0.2901
5263,5.263,0.0484,0.0023,0.0616,0.018,0.1346,0.3435
5264,5.264,0.0452,0.0016,0.0695,0.0278,0.0793,0.1998
5265,5.265,0.054,-0.0033,0.1481,0.0248,0.2981,0.4185
5266,5.266,0.0568,-0.0016,0.1174,0.0111,0.3877,0.9349
5267,5.267,0.0546,-0.0021,0.0513,0.0038,0.1437,0.443
5268,5.268,0.0391,-0.0098,-0.026,0.0015,-0.0866,-0.006
5269,5.269,0.0331,-0.0088,-0.1195,-0.021,-0.117,-0.1819
5270,5.27,0.0051,-0.0078,-0.1567,-0.0121,-0.0902,-0.2357
5271,5.271,-0.0149,-0.0051,-0.0986,0.007,-0.1149,-0.2844
5272,5.272,-0.033,0.0008,-0.0042,0.0093,-0.0927,-0.2412
5273,5.273,-0.0298,0.0015,0.0339,0.0206,-0.1536,-0.281
5274,5.274,-0.0269,-0.002,0.0686,0.0064,-0.4314,-0.8223
5275,5.275,-0.0351,-0.0063,0.1209,0.0083,-0.2331,-0.7454
5276,5.276,-0.0279,-0.0058,0.1494,0.0066,-0.0521,-0.1112
5277,5.277,-0.0258,-0.0023,0.0717,0.0142,0.1128,0.1459
5278,5.278,-0.0157,0.0046,0.0406,0.0101,0.1432,0.2245
5279,5.279,0.0084,0.0119,-0.0068,-0.0088,0.1166,0.2956
5280,5.28,0.0181,0.0091,-0.0673,-0.0116,0.1416,0.2323
5281,5.281,0.0151,0.0099,-0.0442,-0.0043,0.1195,0.1746
5282,5.282,0.0123,0.0029,-0.0514,0.0112,0.3841,0.6501
5283,5.283,0.0345,0.0037,-0.0451,0.0051,0.3484,0.8425
5284,5.284,0.0492,0.0011,-0.0746,-0.0004,0.0527,0.3192
5285,5.285,0.03,0.0018,-0.059,0.0046,-0.0669,-0.1742
5286,5.286,0.0424,-0.0003,0.0135,0.0031,-0.1035,-0.2395
5287,5.287,0.0448,-0.0034,0.0861,0.0128,-0.1366,-0.2982
5288,5.288,0.0265,-0.0063,0.1901,0.0139,-0.1071,-0.2461
5289,5.289,-0.0106,-0.0111,0.1758,0.0195,-0.0801,-0.1985
5290,5.29,-0.0797,-0.0028,0.0616,0.0165,-0.2525,-0.417
5291,5.291,-0.089,-0.0061,-0.0156,0.021,-0.4095,-0.9334
5292,5.292,-0.0803,-0.0051,-0.0579,0.0082,-0.1855,-0.5819
5293,5.293,-0.1036,-0.0078,-0.0208,-0.0122,0.0238,-0.0049
5294,5.294,-0.1107,-0.0036,-0.1017,-0.0259,0.1058,0.2287
5295,5.295,-0.0914,0.0078,-0.1331,-0.0235,0.1307,0.3
5296,5.296,-0.0148,0.0061,-0.1428,-0.008,0.1534,0.2366
5297,5.297,0.0165,0.0044,-0.1,-0.0019,0.0927,0.2952
5298,5.298,-0.0306,0.003,-0.1082,-0.015,0.1853,0.2427
5299,5.299,-0.0563,0.0017,-0.0731,-0.0099,0.4041,0.8673
5300,5.3,-0.0795,-0.0062,-0.1059,0.0008,0.2552,0.7825
5301,5.301,-0.0439,0.001,-0.1122,0.0048,0.0106,0.0852
5302,5.302,0.0065,0.0035,-0.0411,-0.0182,-0.0878,-0.194
5303,5.303,0.0259,-0.0011,0.0385,-0.0346,-0.1212,-0.2889
5304,5.304,0.0434,0.0013,0.1415,-0.0143,-0.0918,-0.2046
5305,5.305,0.0487,-0.0024,0.2662,-0.0006,-0.1191,-0.2824
5306,5.306,0.0632,0.0039,0.2154,0.0067,-0.0947,-0.2125
5307,5.307,0.0591,-0.0039,0.1998,0.0178,-0.3861,-0.6602
5308,5.308,0.0555,-0.0009,0.1022,0.0239,-0.3468,-0.8348
5309,5.309,0.0379,-0.0037,-0.037,0.0221,-0.0941,-0.3588
5310,5.31,0.0218,-0.0029,-0.0558,0.0102,0.0707,0.0904
5311,5.311,-0.0111,-0.0082,-0.0395,0.0117,0.101,0.2662
5312,5.312,-0.033,-0.0063,-0.0553,0.0131,0.1284,0.3199
5313,5.313,-0.0448,-0.0069,-0.1811,0.0044,0.104,0.2724
5314,5.314,-0.085,-0.0064,-0.1651,0.0013,0.0818,0.2291
5315,5.315,-0.0692,-0.006,-0.1201,-0.0081,0.265,0.4276
5316,5.316,-0.0257,0.0008,-0.1069,-0.0142,0.3882,0.8969
5317,5.317,0.0271,0.0038,-0.1202,-0.0313,0.1864,0.5773
5318,5.318,0.0482,0.0046,-0.1784,-0.0336,-0.0584,0.0528
5319,5.319,0.0416,-0.005,-0.1688,-0.0133,-0.092,-0.1597
5320,5.32,0.0357,-0.0039,-0.1221,-0.0106,-0.1223,-0.2248
5321,5.321,0.0515,-0.0029,0.0068,-0.033,-0.1497,-0.2836
5322,5.322,0.0561,-0.0082,0.062,-0.0181,-0.1254,-0.2314
5323,5.323,0.0604,-0.0018,0.0787,-0.0044,-0.1479,-0.2797
5324,5.324,0.0721,0.0059,0.0634,-0.002,-0.4126,-0.8478
5325,5.325,0.0466,0.0111,0.0771,0.0092,-0.2325,-0.7709
5326,5.326,0.0166,0.0195,0.0644,0.0112,-0.0678,-0.137
5327,5.327,0.0202,0.0117,0.0066,0.0131,0.0221,0.1201
5328,5.328,0.0235,0.0128,0.0373,0.0114,0.0496,0.1986
5329,5.329,0.0135,0.0063,0.0463,0.0099,0.1236,0.2696
5330,5.33,0.0162,0.0089,0.054,0.0058,0.146,0.3342
5331,5.331,0.0134,0.0067,0.0765,0.0095,0.1258,0.1603
5332,5.332,0.0156,0.0046,0.1254,-0.0031,0.3664,0.5299
5333,5.333,-0.0181,-0.0011,0.1055,-0.0014,0.3337,0.7706
5334,5.334,-0.0813,-0.0064,0.0757,0.0032,0.1247,0.3771
5335,5.335,-0.1246,-0.007,0.0486,0.0157,-0.0658,-0.0999
5336,5.336,-0.1169,-0.0053,0.0627,0.0106,-0.091,-0.1652
5337,5.337,-0.11,-0.0082,0.0757,0.0121,-0.1138,-0.2241
5338,5.338,-0.0777,-0.0087,0.1037,0.0108,-0.1345,-0.2774
5339,5.339,-0.0486,-0.0098,0.1221,0.002,-0.0793,-0.2296
5340,5.34,-0.0007,-0.0146,0.0857,-0.0129,-0.2645,-0.4481
5341,5.341,0.0442,-0.0128,0.0129,-0.0108,-0.3879,-0.9644
5342,5.342,0.0498,-0.004,-0.123,-0.0127,-0.1863,-0.4723
5343,5.343,0.0444,0.0048,-0.1417,0.0059,0.0582,-0.0231
5344,5.344,0.0396,0.0197,-0.0576,0.0082,0.0917,0.2691
5345,5.345,0.0439,0.0259,-0.0424,0.0238,0.1217,0.2176
5346,5.346,0.04,0.0241,-0.0008,0.0339,0.149,0.2665
5347,5.347,0.0436,0.0224,-0.0384,0.0246,0.1246,0.3106
5348,5.348,0.06,0.0118,-0.0498,0.0094,0.1918,0.2715
5349,5.349,0.0808,-0.0006,-0.0394,-0.0008,0.4156,0.8129
5350,5.35,0.0726,0.0045,-0.0868,-0.0027,0.2666,0.7361
5351,5.351,0.0603,-0,-0.0955,-0.0044,0.0763,0.2432
5352,5.352,0.04,0.0014,-0.0408,-0.0059,-0.0969,-0.2061
5353,5.353,0.01,-0.0022,0.0093,-0.0155,-0.1199,-0.2655
5354,5.354,-0.05,-0.0054,0.055,-0.0143,-0.1406,-0.3191
5355,5.355,-0.1448,-0.0106,0.0383,0.0028,-0.1224,-0.2715
5356,5.356,-0.1824,-0.0114,0.002,0.0151,-0.1058,-0.2281
5357,5.357,-0.1938,-0.0054,-0.0116,0.0086,-0.3354,-0.6647
5358,5.358,-0.0998,-0.009,-0.0065,0.0147,-0.3685,-0.8393
5359,5.359,-0.0114,-0.0054,0.038,-0.0021,-0.0997,-0.3633
5360,5.36,0.0231,0.0042,0.0912,-0.0224,0.0813,0.086
5361,5.361,0.0334,0.0029,0.1267,-0.0581,0.1147,0.2619
5362,5.362,0.0619,0.0067,0.185,-0.0437,0.1447,0.3156
5363,5.363,0.0705,0.0078,0.1613,-0.0217,0.1179,0.2682
5364,5.364,0.0628,0.0069,0.0683,-0.0099,0.0935,0.225
5365,5.365,0.0558,0.0006,0.0302,0.0009,0.2503,0.4237
5366,5.366,0.0494,-0.0052,-0.0275,0.0107,0.3928,0.8931
5367,5.367,0.0321,-0.0029,-0.1001,0.0078,0.189,0.5735
5368,5.368,-0.005,-0.0034,-0.1469,0.0159,-0.0556,0.0492
5369,5.369,-0.0484,-0.005,-0.1894,0.0232,-0.089,-0.1632
5370,5.37,-0.054,-0.002,-0.2277,0.0076,-0.1191,-0.2281
5371,5.371,-0.059,-0.0004,-0.2622,0.0055,-0.1464,-0.2868
5372,5.372,-0.0346,-0.0054,-0.164,-0,-0.122,-0.2344
5373,5.373,0.023,-0.0017,-0.0381,-0.0017,-0.1892,-0.2827
5374,5.374,0.0623,-0.0033,-0.0543,0.0029,-0.413,-0.8506
5375,5.375,0.0696,-0.0096,0.0531,0.0015,-0.264,-0.7737
5376,5.376,0.0761,-0.0104,0.0673,-0.0072,-0.0194,-0.1397
5377,5.377,0.0353,-0.0065,0.1052,-0.004,0.0798,0.1174
5378,5.378,0.0194,-0.0044,0.2778,0.0033,0.1101,0.1962
5379,5.379,-0.0048,-0.0038,0.2042,0.0118,0.1374,0.2671
5380,5.38,-0.0179,0.0015,0.1819,-0.0053,0.1133,0.3318
5381,5.381,-0.0297,-0.0033,0.0801,-0.0077,0.0912,0.1581
5382,5.382,-0.0043,0.0037,-0.0125,-0.0054,0.3559,0.6338
5383,5.383,0.0056,0.0011,-0.0294,0.0088,0.3201,0.826
5384,5.384,0.0144,-0.0014,-0.0753,0.0145,0.09,0.3026
5385,5.385,0.0007,0.0009,-0.145,-0.0108,-0.0596,-0.0504
5386,5.386,-0.0166,0.0003,-0.2086,-0.0289,-0.0873,-0.2437
5387,5.387,-0.0055,-0.0014,-0.1975,0.0009,-0.1121,-0.3022
5388,5.388,0.0006,0.0004,-0.0622,-0.003,-0.1346,-0.2496
5389,5.389,0.0025,0.003,-0.0439,-0.0065,-0.0737,-0.2018
5390,5.39,-0.0093,0.0081,0.0063,0.0033,-0.2404,-0.4201
5391,5.391,-0.0168,0.0102,0.0212,0.0061,-0.3973,-0.9364
5392,5.392,-0.0263,0.0019,-0.0487,0.0034,-0.2139,-0.5848
5393,5.393,-0.0174,0.001,-0.0616,0.001,0.0579,-0.0077
5394,5.394,-0.0096,0.0063,-0.0503,-0.0056,0.0947,0.2263
5395,5.395,0.0063,-0.0001,-0.04,0.0086,0.128,0.2977
5396,5.396,0.04,0.0008,-0.0115,0.0142,0.0985,0.2344
5397,5.397,0.0545,0.0002,0.0664,0.0226,0.1258,0.293
5398,5.398,0.0239,0.0023,0.1604,0.0088,0.1505,0.2407
5399,5.399,0.004,0.0053,0.1727,-0.008,0.3971,0.8655
5400,5.4,0.0005,0.0012,0.0689,-0.0058,0.2987,0.7808
5401,5.401,-0.0028,0.0048,-0.0289,-0.016,0.0297,0.2382
5402,5.402,-0.0116,0.0045,-0.1179,-0.0142,-0.0792,-0.1149
5403,5.403,-0.0124,0.0029,-0.157,-0.0002,-0.1147,-0.2125
5404,5.404,-0.0204,0.0009,-0.2148,0.0082,-0.1478,-0.277
5405,5.405,-0.008,-0.0001,-0.1839,0.0127,-0.1183,-0.3357
5406,5.406,-0.0236,-0.0019,-0.0987,0.0113,-0.0914,-0.1776
5407,5.407,-0.0013,-0.0036,-0.0184,0.0124,-0.3625,-0.61
5408,5.408,0.0194,-0.0054,0.0752,0.0134,-0.3266,-0.9008
5409,5.409,0.0002,-0.0038,0.1886,0.0018,-0.0966,-0.4247
5410,5.41,-0.0369,-0.0075,0.2343,-0.0089,0.1127,0.1524
5411,5.411,-0.042,-0.004,0.3594,0.0118,0.0863,0.2313
5412,5.412,-0.0372,-0.0109,0.3427,0.0088,0.1112,0.3026
5413,5.413,-0.0326,-0.014,0.2663,-0.0049,0.1338,0.2394
5414,5.414,-0.0125,-0.0076,0.0578,-0.0122,0.0731,0.1818
5415,5.415,-0.0089,-0.0067,-0.1508,-0.001,0.2768,0.4459
5416,5.416,-0.0121,-0.0015,-0.2865,0.001,0.3581,0.8786
5417,5.417,-0.0033,-0.0023,-0.3112,-0.0045,0.1362,0.5883
5418,5.418,-0.0225,0.0034,-0.3339,-0.0028,-0.0731,0.0058
5419,5.419,-0.0249,0.0056,-0.3547,0.0049,-0.1008,-0.2279
5420,5.42,-0.0404,-0.0009,-0.2255,-0.002,-0.1257,-0.2992
5421,5.421,-0.0589,-0.0001,0.0267,-0.0008,-0.1037,-0.2359
5422,5.422,-0.0267,0.0051,0.1346,-0.0086,-0.1242,-0.2946
5423,5.423,0.004,0.0058,0.1674,-0.0056,-0.1427,-0.2422
5424,5.424,0.0239,0.0015,0.1973,-0.001,-0.3951,-0.8669
5425,5.425,0.042,-0.0002,0.1703,0.0085,-0.2871,-0.7823
5426,5.426,0.0519,-0.005,0.1458,-0.0029,0.0089,-0.2397
5427,5.427,0.0431,-0.0008,0.0788,-0.0075,0.1286,0.2541
5428,5.428,0.0293,0.0044,0.0993,-0.0006,0.0932,0.1914
5429,5.429,0.0068,-0.0006,0.118,-0.0043,0.1263,0.2502
5430,5.43,0.0096,-0.0011,0.1015,-0.0215,0.1564,0.3036
5431,5.431,0.0067,-0.0006,0.0864,-0.0388,0.1295,0.256
5432,5.432,0.0138,-0.0002,-0.0108,-0.0277,0.3514,0.6491
5433,5.433,0.0248,-0.0044,0.0017,-0.0338,0.322,0.9137
5434,5.434,0.0226,-0.0028,0.1512,-0.0134,0.1321,0.3848
5435,5.435,0.0317,-0.0013,0.0902,0.0112,-0.0904,-0.2498
5436,5.436,0.0333,0.0056,-0.0396,0.021,-0.1208,-0.3364
5437,5.437,0.0501,0.0025,-0.1575,0.0297,-0.1481,-0.2601
5438,5.438,0.0477,-0.004,-0.1117,0.0105,-0.1238,-0.3309
5439,5.439,0.0168,-0.0066,-0.0422,0.0128,-0.1015,-0.1394
5440,5.44,0.0034,0.0019,-0.0297,0.015,-0.2438,-0.4301
5441,5.441,0.0231,0.0028,-0.1333,0.0129,-0.4105,-0.9059
5442,5.442,0.0193,0.0017,-0.2029,0.0073,-0.2087,-0.5863
5443,5.443,-0.0173,-0.001,-0.2405,0.0022,0.036,0.0543
5444,5.444,-0.0222,0.0067,-0.2286,-0.0055,0.1353,0.3113
5445,5.445,-0.0532,-0.0006,-0.2178,-0.0125,0.106,0.2351
5446,5.446,-0.0733,0.0096,-0.1317,-0.0063,0.1334,0.3059
5447,5.447,-0.0187,0.0136,0.0416,0.0041,0.1091,0.2424
5448,5.448,0.0205,0.0073,0.1654,-0.0055,0.1764,0.3007
5449,5.449,0.028,0.0017,0.2331,-0.0118,0.4004,0.8818
5450,5.45,0.009,-0.0099,0.2942,0.0031,0.3112,0.805
5451,5.451,-0.0672,0.0008,0.2017,0.0173,0.0127,0.1709
5452,5.452,-0.1192,-0.0006,0.0501,0.0266,-0.107,-0.2565
5453,5.453,-0.0718,0.003,-0.0109,0.0282,-0.0714,-0.1806
5454,5.454,-0.0286,0.002,0.0075,0.0142,-0.1045,-0.2518
5455,5.455,0.0576,0.0009,-0.0764,0.016,-0.1344,-0.3165
5456,5.456,0.0462,-0.0019,-0.0302,0.0109,-0.1075,-0.2591
5457,5.457,0.0359,-0.0028,0.0119,0.0094,-0.3292,-0.6288
5458,5.458,0.0265,-0.0035,-0.0253,0.008,-0.3591,-0.8696
5459,5.459,0.0179,0.0028,-0.0822,0.0018,-0.1147,-0.389
5460,5.46,-0.0211,0.0002,-0.1335,-0.0152,0.0502,0.0601
5461,5.461,-0.0425,-0.0005,-0.1233,-0.0324,0.0806,0.2359
5462,5.462,-0.0103,-0.007,-0.1313,-0.0121,0.108,0.2893
5463,5.463,0.0306,0.0008,-0.0917,-0.0147,0.1329,0.3379
5464,5.464,0.0358,0.0038,-0.013,-0.0124,0.1108,0.2072
5465,5.465,0.0215,0.0029,-0.0024,-0.0236,0.2531,0.4057
5466,5.466,0.0084,0.0037,0.1021,-0.0377,0.42,0.9471
5467,5.467,-0.0194,0.003,0.1437,-0.0209,0.1735,0.5604
5468,5.468,-0.0521,-0.0063,0.0806,-0.0006,-0.0569,0.0669
5469,5.469,-0.0123,-0.0001,0.0231,0.0076,-0.0873,-0.2544
5470,5.47,0.0143,0.0009,-0.008,-0.0095,-0.1147,-0.1976
5471,5.471,0.019,-0.0021,-0.0176,0.0017,-0.1395,-0.2512
5472,5.472,0.0322,-0.0049,0.0257,-0.0003,-0.1172,-0.2999
5473,5.473,0.0123,-0.0023,0.065,0.0017,-0.1376,-0.2568
5474,5.474,-0.013,-0.003,0.0579,0.017,-0.4153,-0.8524
5475,5.475,0.0035,0.0034,0.0255,0.0191,-0.2964,-0.7679
5476,5.476,0.0244,-0.0009,0.0196,0.0136,-0.0434,-0.2255
5477,5.477,-0.0003,-0.0046,-0.0071,0.0221,0.1216,0.1274
5478,5.478,-0.0101,-0.0025,-0.0409,0.0206,0.0924,0.1927
5479,5.479,0.029,-0.003,-0.0364,0.011,0.1199,0.2514
5480,5.48,0.0341,-0.0036,-0.0326,0.0148,0.0956,0.3047
5481,5.481,0.0388,-0.0041,-0.0144,0.018,0.0735,0.1607
5482,5.482,0.0256,0.002,-0.011,0.0108,0.3381,0.6411
5483,5.483,0.0056,0.0011,0.0282,0.0062,0.3745,0.8333
5484,5.484,-0.0124,0.0048,0.0441,0.0003,0.1445,0.4262
5485,5.485,-0.0026,0.0054,0.0395,0.001,-0.0648,-0.0511
5486,5.486,0.0181,0.0011,0.0526,0.0104,-0.0924,-0.2448
5487,5.487,0.0537,-0.0006,0.0641,0.0068,-0.1173,-0.304
5488,5.488,0.0488,0.003,0.0965,-0.0009,-0.1399,-0.252
5489,5.489,0.0443,0.0051,0.1359,-0.0103,-0.0791,-0.2045
5490,5.49,0.0163,0.008,0.0769,-0.0191,-0.2457,-0.4231
5491,5.491,0.0128,0.0022,-0.0408,-0.0087,-0.4027,-0.9396
5492,5.492,-0.0036,0.0014,-0.1927,0.0065,-0.2194,-0.5884
5493,5.493,-0.0062,0.0021,-0.2542,0.0167,0.0523,-0.0116
5494,5.494,-0.0252,0.0014,-0.2732,-0.0001,0.0891,0.222
5495,5.495,-0.0623,-0.0043,-0.2233,-0.0337,0.1224,0.2932
5496,5.496,-0.1423,-0.0065,-0.1167,-0.0384,0.1525,0.2297
5497,5.497,-0.2689,-0.01,0.0081,-0.034,0.1256,0.288
5498,5.498,-0.2185,-0.0058,0.1595,-0.0221,0.1502,0.2353
5499,5.499,-0.1115,-0.0053,0.2205,-0.004,0.3968,0.8597
5500,5.5,-0.0142,-0.0058,0.2022,0.0257,0.2985,0.775
5501,5.501,0.0488,-0.0027,0.1183,0.0376,0.0295,0.2323
5502,5.502,0.0141,0.0037,0.0111,0.0412,-0.0794,-0.1211
5503,5.503,0.0035,0.0046,-0.0864,0.0247,-0.1129,-0.1865
5504,5.504,0.037,0.0088,-0.1638,0.012,-0.1257,-0.287
5505,5.505,0.0464,0.0096,-0.1265,-0.0151,-0.1557,-0.3457
5506,5.506,0.0549,0.009,-0.1155,-0.0332,-0.0747,-0.1878
5507,5.507,0.0471,0.0183,-0.1056,-0.0301,-0.3458,-0.6205
5508,5.508,0.0682,0.0044,-0.1155,-0.051,-0.382,-0.9114
5509,5.509,0.0873,-0.0011,-0.0901,-0.0483,-0.0864,-0.4357
5510,5.51,0.0813,-0.0062,-0.0202,-0.0111,0.1128,0.1414
5511,5.511,0.0653,-0.0046,-0.0305,0.0048,0.0773,0.2202
5512,5.512,0.0511,-0.0116,-0.0226,0.0289,0.1104,0.2913
5513,5.513,0.0117,-0.0078,-0.0779,0.0157,0.1404,0.2281
5514,5.514,-0.0253,-0.0088,-0.0572,-0.0043,0.0593,0.1707
5515,5.515,-0.0396,-0.0015,0.0136,-0.0151,0.2318,0.3292
5516,5.516,-0.0087,0.007,0.0227,-0.0183,0.3887,0.858
5517,5.517,0.0192,0.006,0.0485,-0.0155,0.2054,0.5067
5518,5.518,0.03,0.005,0.1191,-0.0237,-0.0171,0.0578
5519,5.519,0.0202,0.0004,0.2421,-0.0014,-0.1072,-0.118
5520,5.52,0.023,-0.0021,0.1912,0.0014,-0.1347,-0.1718
5521,5.521,0.0093,-0.0027,0.1449,-0.0014,-0.1106,-0.2203
5522,5.522,0.002,-0.002,0.214,0.001,-0.1332,-0.2644
5523,5.523,-0.0046,-0.0025,0.2013,-0.0057,-0.1537,-0.225
5524,5.524,0.0138,-0.003,0.1206,0.0128,-0.3946,-0.7661
5525,5.525,0.0261,-0.0087,0.0265,0.0251,-0.2964,-0.6891
5526,5.526,0.0238,-0.008,-0.1379,0.0316,-0.0274,-0.196
5527,5.527,0.0217,-0.0059,-0.1605,0.0376,0.0813,0.1258
5528,5.528,0.0123,-0.0002,-0.0998,0.0133,0.1147,0.1855
5529,5.529,-0.003,0.0083,-0.1554,0.0034,0.1448,0.3449
5530,5.53,-0.0173,0.0232,-0.2396,0.0121,0.1178,0.2978
5531,5.531,-0.0379,0.0212,-0.1939,0.02,0.0441,0.1677
5532,5.532,-0.0461,0.012,-0.1244,0.0175,0.2905,0.6047
5533,5.533,-0.0239,0.0069,-0.0615,-0.003,0.3891,0.8959
5534,5.534,0.0208,0.0054,-0.0042,-0.0059,0.1203,0.4204
5535,5.535,0.027,0.0014,0.0685,-0.0037,-0.0609,-0.0284
5536,5.536,0.0211,0.0026,0.0965,0.0026,-0.0944,-0.2038
5537,5.537,0.0051,-0.0006,0.0529,0.0004,-0.1246,-0.2571
5538,5.538,-0.0386,-0.0058,0.029,0.0021,-0.0978,-0.3055
5539,5.539,-0.0795,-0.0067,0.0784,0.0036,-0.0736,-0.2619
5540,5.54,-0.1166,-0.0109,0.0975,0.0021,-0.2305,-0.3806
5541,5.541,-0.1698,-0.0131,0.1501,0.0008,-0.4139,-0.9217
5542,5.542,-0.12,-0.0167,0.1001,-0.0001,-0.1921,-0.5346
5543,5.543,-0.0749,-0.0109,0.1191,-0.017,0.017,-0.0407
5544,5.544,-0.0104,-0.0088,0.1014,-0.024,0.0989,0.281
5545,5.545,0.0499,-0.0067,0.0319,-0.0083,0.1238,0.2244
5546,5.546,0.0889,-0.0037,-0.0724,-0.0021,0.1463,0.2782
5547,5.547,0.0674,-0.0021,-0.1417,-0.0039,0.1262,0.327
5548,5.548,0.0608,-0.0006,-0.1287,-0.0021,0.1447,0.1966
5549,5.549,0.0781,0.0036,-0.1396,-0.0066,0.3971,0.7924
5550,5.55,0.0833,0.0065,-0.0869,0.0032,0.2891,0.708
5551,5.551,0.0787,0.0029,-0.0202,0.0121,0.0587,0.1658
5552,5.552,0.0656,0.0041,-0.0285,0.0178,-0.0911,-0.1871
5553,5.553,0.0538,0.0028,0.0263,0.0127,-0.1187,-0.2522
5554,5.554,0.043,-0.0023,0.0194,0.0024,-0.1436,-0.3107
5555,5.555,0.0398,-0.0058,0.0002,0.0121,-0.1216,-0.2582
5556,5.556,0.0487,0.0036,0.0297,0.011,-0.1015,-0.2103
5557,5.557,0.0625,0.0049,0.0458,-0.0061,-0.3423,-0.6033
5558,5.558,0.0253,-0.0014,0.1092,-0.0384,-0.3753,-0.8675
5559,5.559,-0.0545,-0.007,0.1354,-0.0252,-0.1066,-0.4347
5560,5.56,-0.2268,-0.0061,0.1124,-0.0291,0.0745,0.0901
5561,5.561,-0.2512,0.0042,0.1057,-0.0182,0.108,0.1621
5562,5.562,-0.1391,0.0055,0.0349,-0.0148,0.1381,0.227
5563,5.563,-0.0374,-0.0033,-0.0311,-0.0118,0.1113,0.2859
5564,5.564,0.0182,0.0022,-0.0567,0.0074,0.0869,0.2337
5565,5.565,0.0016,0.0032,-0.1583,0.0248,0.199,0.3781
5566,5.566,0.0168,0.0023,-0.2275,0.0271,0.423,0.9464
5567,5.567,0.0307,-0.0036,-0.0629,0.0251,0.2144,0.56
5568,5.568,0.0433,-0.0043,0.0494,0.0196,-0.0302,0.0668
5569,5.569,0.0319,-0.0092,0.0295,0.0214,-0.0636,-0.2544
5570,5.57,0.0216,-0.0087,-0.0256,0.0046,-0.0937,-0.1973
5571,5.571,0.0311,0.0001,-0.0758,-0.0065,-0.1209,-0.2507
5572,5.572,0.0225,0.0063,-0.1216,-0.0125,-0.0964,-0.2992
5573,5.573,0.0303,0.0031,-0.0801,-0.0031,-0.1188,-0.2558
5574,5.574,0.0374,0.0021,-0.0679,0.0122,-0.424,-0.772
5575,5.575,0.0439,-0.0044,-0.0341,0.0307,-0.2932,-0.8427
5576,5.576,0.0265,-0.0018,-0.0452,0.048,-0.0941,-0.2663
5577,5.577,0.0213,-0.004,-0.0554,0.0369,0.087,0.1221
5578,5.578,0.0358,0.0009,-0.0645,0.0185,0.1204,0.1937
5579,5.579,0.0314,0.0026,-0.0412,0.0258,0.1505,0.2582
5580,5.58,0.0353,0.0055,0.0087,0.0324,0.1237,0.3168
5581,5.581,0.0389,0.002,0.0673,0.0344,0.0994,0.2644
5582,5.582,0.0421,0.0033,0.1067,0.0177,0.3459,0.6007
5583,5.583,0.0392,0.0062,0.0998,0.0332,0.3789,0.9065
5584,5.584,0.0201,0.0005,0.1583,0.0352,0.1102,0.39
5585,5.585,-0.0171,-0.0003,0.2444,0.011,-0.0708,-0.1038
5586,5.586,-0.0542,-0.0025,0.1868,-0.0054,-0.1042,-0.1694
5587,5.587,-0.1173,0.0024,0.0721,-0.0384,-0.1343,-0.2286
5588,5.588,-0.1431,0.0066,-0.0045,-0.087,-0.1075,-0.2823
5589,5.589,-0.104,0.0153,-0.0186,-0.1583,-0.1322,-0.235
5590,5.59,-0.0257,0.0065,-0.0565,-0.1868,-0.2442,-0.3665
5591,5.591,0.0054,0.0055,-0.0912,-0.1437,-0.3866,-0.9624
5592,5.592,0.0148,0.0045,-0.1018,-0.1204,-0.2199,-0.5373
5593,5.593,0.0408,0.0018,-0.0927,-0.0708,0.0273,0.0055
5594,5.594,0.0331,0.0044,-0.1191,0.0003,0.1264,0.2175
5595,5.595,0.0262,0.0082,-0.1429,0.0287,0.0972,0.2824
5596,5.596,0.0199,0.0047,-0.1791,0.0372,0.1245,0.3406
5597,5.597,0.0259,0.003,-0.1349,0.0293,0.1002,0.2881
5598,5.598,0.0313,-0.0057,-0.0596,0.0362,0.1226,0.24
5599,5.599,0.0362,0.0006,-0.0085,0.0425,0.4279,0.8076
5600,5.6,0.0494,-0.0003,0.0002,0.0481,0.2971,0.7304
5601,5.601,0.0456,0.0008,-0.0092,0.0428,0.0188,0.2371
5602,5.602,0.0492,0.0054,-0.0175,0.0283,-0.0901,-0.2127
5603,5.603,0.0193,0.0063,-0.0107,0.0326,-0.1234,-0.2723
5604,5.604,-0.0087,-0.0006,0.0084,0.0364,-0.0939,-0.3263
5605,5.605,-0.0042,-0.0019,0.0071,0.0385,-0.1322,-0.2889
5606,5.606,-0.0372,-0.001,-0.0106,0.042,-0.1053,-0.2415
5607,5.607,-0.0771,0.0049,0.0156,0.0321,-0.3271,-0.5475
5608,5.608,-0.1144,0.0043,0.0104,0.0232,-0.3571,-0.9055
5609,5.609,-0.0613,-0.0063,-0.0032,0.0094,-0.1129,-0.3771
5610,5.61,-0.026,-0.0109,0.0324,-0.008,0.052,0.1163
5611,5.611,-0.0457,-0.0039,0.0366,-0.0103,0.0824,0.1815
5612,5.612,-0.0634,-0.005,0.0493,-0.0043,0.1098,0.2401
5613,5.613,-0.0477,-0.004,0.0526,-0.01,0.1346,0.2931
5614,5.614,-0.004,-0.0029,0.0555,-0.005,0.0676,0.1492
5615,5.615,0.0137,-0.0113,0.0384,-0.0005,0.2099,0.2801
5616,5.616,-0.002,-0.0145,-0.0076,-0.0045,0.4137,0.8756
5617,5.617,0.0127,-0.0072,-0.0282,-0.0058,0.1697,0.6203
5618,5.618,0.0175,-0.0026,-0.0121,-0.0068,-0.0607,0.0771
5619,5.619,0.014,-0.0034,0.0349,0.0004,-0.1507,-0.1357
5620,5.62,0.0178,0.0019,0.0924,0.003,-0.1241,-0.2011
5621,5.621,0.0344,-0.0001,0.0995,0.0004,-0.0999,-0.2601
5622,5.622,0.0196,-0.0031,0.2059,0.0055,-0.0778,-0.3137
5623,5.623,0.0171,-0.0048,0.2825,0.0103,-0.0982,-0.1702
5624,5.624,0.0049,0.001,0.1857,0.012,-0.3761,-0.8256
5625,5.625,0.0072,-0.0059,0.0477,0.0115,-0.2573,-0.7328
5626,5.626,0.0095,-0.0032,-0.1182,0.0131,-0.0045,-0.3066
5627,5.627,0.0114,-0.0091,-0.2748,0.0062,0.0946,0.2364
5628,5.628,-0.0004,-0.0129,-0.417,-0.0095,0.1249,0.1672
5629,5.629,-0.0019,-0.0135,-0.3984,0.0017,0.1523,0.2317
5630,5.63,0.0132,-0.0066,-0.2806,-0.0249,0.128,0.2901
5631,5.631,0.0357,-0.0092,-0.1428,-0.0213,0.1058,0.2375
5632,5.632,0.0269,-0.005,0.0241,-0.0049,0.3296,0.5738
5633,5.633,0.0078,0.0034,0.0915,-0.0078,0.3596,0.8796
5634,5.634,0.0102,0.0159,0.1121,-0.0105,0.1153,0.4426
5635,5.635,0.008,0.0209,0.0939,-0.0081,-0.0496,-0.0822
5636,5.636,0.0059,0.0316,0.0773,0.0074,-0.08,-0.1542
5637,5.637,0.0078,0.0274,0.0621,0.0054,-0.1075,-0.2192
5638,5.638,0.006,0.0085,0.0481,0.0071,-0.1323,-0.278
5639,5.639,0.0075,0.0003,0.0607,0.0121,-0.1102,-0.2259
5640,5.64,0.0061,-0.0021,0.0723,0.0074,-0.2119,-0.3704
5641,5.641,0.0098,-0.0087,0.0621,0.0004,-0.4158,-0.9387
5642,5.642,0.0067,-0.0067,0.0718,0.004,-0.2261,-0.5522
5643,5.643,-0.0047,-0.0048,0.0463,0.0073,-0.0037,-0.0588
5644,5.644,-0.003,-0.0032,0.1013,0.0146,0.0863,0.2625
5645,5.645,0.0041,-0.0048,0.2083,0.0193,0.1139,0.2055
5646,5.646,0.003,-0.0061,0.2238,0.0273,0.1387,0.2588
5647,5.647,0.0157,-0.0074,0.1267,0.0203,0.1165,0.3072
5648,5.648,0.0106,-0.0018,0.0133,0.0141,0.1369,0.1765
5649,5.649,0.0183,-0.0029,-0.0322,0.0015,0.3777,0.7718
5650,5.65,0.028,0.0017,-0.1013,-0.0261,0.2794,0.8572
5651,5.651,0.0343,-0.0009,-0.2146,-0.0141,0.0105,0.1598
5652,5.652,0.0376,0.0013,-0.2599,-0.032,-0.0983,-0.1229
5653,5.653,0.0219,0.0061,-0.2455,-0.022,-0.1316,-0.2096
5654,5.654,0.0015,0.0056,-0.1059,-0.0011,-0.1022,-0.2879
5655,5.655,0.0152,0.0003,-0.0127,-0.0091,-0.1295,-0.3589
5656,5.656,0.0128,0.0052,0.0385,-0.0214,-0.1051,-0.1676
5657,5.657,-0.0029,0.0082,0.0545,-0.0235,-0.3067,-0.5744
5658,5.658,0.0031,0.011,0.0137,-0.0049,-0.3881,-0.9445
5659,5.659,0.0235,0.0042,0.0524,-0.0025,-0.1168,-0.4158
5660,5.66,0.0044,0.0014,0.0188,0.0087,0.0643,0.0778
5661,5.661,-0.018,-0.0029,0.0094,0.0108,0.0978,0.2712
5662,5.662,-0.051,-0.0007,0.0386,0.0015,0.128,0.2141
5663,5.663,-0.1084,-0.0101,0.0652,0.0032,0.1554,0.2675
5664,5.664,-0.1161,-0.0038,0.1832,-0.0044,0.0818,0.2199
5665,5.665,-0.1516,-0.0049,0.3687,-0.003,0.2387,0.351
5666,5.666,-0.1965,-0.0122,0.3937,0.0058,0.422,0.8674
5667,5.667,-0.1082,-0.0095,0.2373,0.0048,0.2003,0.6571
5668,5.668,0.0057,-0.0069,0.0545,0.0017,-0.0089,0.0807
5669,5.669,0.0211,-0.0063,-0.0684,0.012,-0.0907,-0.1529
5670,5.67,0.0351,-0.0013,-0.3145,0.016,-0.1157,-0.2243
5671,5.671,0.0226,0.0029,-0.5438,0.0047,-0.1382,-0.2889
5672,5.672,0.0113,0.0046,-0.5732,-0.0184,-0.118,-0.3474
5673,5.673,0.0011,0.0082,-0.6538,-0.0614,-0.1363,-0.1893
5674,5.674,-0.0083,0.0094,-0.3824,-0.044,-0.3886,-0.8138
5675,5.675,0.0176,0.015,0.0146,-0.0175,-0.2806,-0.7292
5676,5.676,0.0724,0.0066,0.0673,-0.0127,-0.0501,-0.1867
5677,5.677,0.108,-0.0083,0.1151,0.0004,0.0998,0.1666
5678,5.678,0.1015,-0.0062,0.1583,0.0043,0.1275,0.2322
5679,5.679,0.0485,-0.0081,0.1183,-0.0065,0.1034,0.2911
5680,5.68,0.0129,-0.003,0.0822,0.0032,0.1261,0.239
5681,5.681,0.0192,0.017,0.0495,0.0061,0.1059,0.1914
5682,5.682,0.0134,0.0198,0.0797,0.0088,0.3097,0.5848
5683,5.683,-0.0025,0.0125,0.0534,0.0161,0.3912,0.8494
5684,5.684,-0.0073,0.0148,0.1278,0.0183,0.1199,0.417
5685,5.685,-0.003,0.0128,0.1955,0.0203,-0.0611,-0.1076
5686,5.686,-0.007,-0.0001,0.0942,0.026,-0.0945,-0.1792
5687,5.687,-0.0036,-0.0085,0.002,0.0278,-0.1245,-0.244
5688,5.688,0.0261,-0.0069,-0.0483,0.0354,-0.1518,-0.3024
5689,5.689,0.0459,-0.0109,-0.033,0.0258,-0.0782,-0.2501
5690,5.69,0.0205,-0.0146,-0.0746,0.0321,-0.1901,-0.3944
5691,5.691,-0.0094,-0.0135,-0.0872,0.0353,-0.414,-0.9624
5692,5.692,-0.0213,-0.002,-0.053,0.0195,-0.2054,-0.5758
5693,5.693,-0.025,-0.0004,-0.0012,0.0039,-0.015,-0.0822
5694,5.694,-0.0218,0.0011,0.0647,-0.0186,0.1089,0.2393
5695,5.695,-0.0011,0.0049,0.0728,-0.0394,0.1318,0.2987
5696,5.696,0.0125,-0.0029,0.1115,-0.0368,0.1524,0.2467
5697,5.697,0.0148,-0.0081,0.1041,-0.0491,0.0971,0.2953
5698,5.698,0.0081,-0.0108,0.0586,-0.047,0.1141,0.252
5699,5.699,-0.0022,-0.003,0.0527,-0.0328,0.3438,0.7682
5700,5.7,-0.0004,-0.006,-0.0061,-0.0086,0.3111,0.8389
5701,5.701,0.0113,-0.0032,-0.0769,0.0011,0.0422,0.2628
5702,5.702,0.0095,-0.0024,-0.0868,0.0099,-0.0665,-0.1257
5703,5.703,0.0079,0.0029,-0.0957,0.0072,-0.0998,-0.1972
5704,5.704,0.0114,0.0079,-0.1037,0.0096,-0.1298,-0.262
5705,5.705,0.0033,0.0109,-0.1252,0.0074,-0.1029,-0.3207
5706,5.706,0.0003,0.0235,-0.1591,-0.009,-0.0862,-0.2023
5707,5.707,-0.0051,0.0206,-0.1268,-0.0069,-0.3079,-0.5719
5708,5.708,0.0087,0.0128,-0.1326,-0.005,-0.3973,-0.9085
5709,5.709,0.0187,0.0073,-0.0957,-0.0067,-0.1531,-0.4279
5710,5.71,0.0056,0.002,-0.0233,0.0072,0.0775,0.0214
5711,5.711,0.0005,-0.0025,0.049,0.0091,0.1081,0.1973
5712,5.712,-0.0071,-0.0034,0.1149,0.0109,0.1356,0.2512
5713,5.713,-0.0278,-0.004,0.1059,0.0156,0.1605,0.2999
5714,5.714,-0.0727,-0.0105,0.0978,0.017,0.0936,0.1694
5715,5.715,-0.079,-0.0096,0.0764,0.0208,0.1954,0.2093
5716,5.716,-0.0615,-0.0089,0.0701,0.024,0.3992,0.7507
5717,5.717,-0.0455,-0.0125,0.0877,0.021,0.2097,0.6737
5718,5.718,-0.0115,-0.0095,0.061,0.0202,-0.0127,0.1803
5719,5.719,-0.0069,-0.01,0.0171,0.0074,-0.1027,-0.1411
5720,5.72,-0.0185,-0.0065,-0.0364,0.0019,-0.1302,-0.2003
5721,5.721,-0.0147,-0.0014,-0.0442,0.007,-0.155,-0.2538
5722,5.722,0.0084,-0.0008,0.0003,0.0085,-0.1328,-0.3023
5723,5.723,-0.0063,-0.0003,0.0644,0.0098,-0.1532,-0.1717
5724,5.724,-0.0143,0.0085,0.1071,-0.0067,-0.431,-0.7671
5725,5.725,0.0081,0.0096,0.0837,-0.0134,-0.3122,-0.8526
5726,5.726,0.0412,-0.0007,0.1195,-0.0195,-0.0593,-0.3101
5727,5.727,0.0721,-0.0021,0.0357,-0.0139,0.1055,0.1839
5728,5.728,0.0683,0.0015,-0.0675,-0.0121,0.1358,0.2493
5729,5.729,0.0431,0.0005,-0.1365,-0.0136,0.1632,0.3082
5730,5.73,0.0201,-0.0006,-0.1738,-0.0287,0.1389,0.256
5731,5.731,0.0053,-0.0015,-0.2308,-0.0185,0.0719,0.2082
5732,5.732,0.0026,0.0043,-0.1575,-0.0203,0.3364,0.5141
5733,5.733,0.0149,-0.0072,-0.0338,-0.0151,0.3726,0.9512
5734,5.734,0.0214,-0.0124,-0.0168,-0.0289,0.1427,0.4281
5735,5.735,0.0194,-0.014,0.0294,-0.0344,-0.0667,-0.0655
5736,5.736,0.01,-0.0071,0.0436,-0.009,-0.0944,-0.2589
5737,5.737,-0.0019,-0.0009,0.0814,0.009,-0.1194,-0.2017
5738,5.738,-0.0159,-0.002,0.07,0.0121,-0.142,-0.2551
5739,5.739,-0.0066,-0.0178,0.1221,0.0149,-0.0814,-0.2075
5740,5.74,-0.0117,-0.0245,0.1506,0.0229,-0.211,-0.3386
5741,5.741,-0.0194,-0.0144,0.1247,0.0301,-0.3963,-0.9341
5742,5.742,-0.0155,-0.0089,0.1482,0.0366,-0.224,-0.6792
5743,5.743,0.0034,-0.0005,0.1413,0.0181,0.0231,-0.1361
5744,5.744,-0.0048,0.0102,0.0704,0.0056,0.1222,0.2173
5745,5.745,-0.0172,0.0198,-0.0147,0.0078,0.1524,0.2826
5746,5.746,0.0075,0.0234,-0.1408,0.0056,0.1255,0.3415
5747,5.747,0.0042,0.0131,-0.2246,-0.0038,0.1011,0.2892
5748,5.748,0.007,0.0144,-0.2701,0.0012,0.1235,0.2415
5749,5.749,0.0481,0.0106,-0.1726,-0.0128,0.388,0.722
5750,5.75,0.0889,0.0096,-0.0587,-0.0185,0.28,0.7864
5751,5.751,0.0623,0.0043,-0.1044,-0.0169,0.0497,0.2628
5752,5.752,0.0479,0.0051,-0.0347,-0.0216,-0.1001,-0.0904
5753,5.753,0.0698,0.0042,0.0032,-0.0176,-0.1277,-0.1557
5754,5.754,0.0337,0.0094,0.0149,-0.0115,-0.1035,-0.3308
5755,5.755,-0.0197,0.0059,0.0048,-0.0037,-0.1262,-0.2786
5756,5.756,-0.0411,0.0016,0.0334,0.0057,-0.1062,-0.2308
5757,5.757,-0.0347,0.0011,0.1631,0.0045,-0.3099,-0.5366
5758,5.758,-0.0877,-0.0024,0.1819,-0.0081,-0.3914,-0.9735
5759,5.759,-0.0948,-0.0021,0.199,-0.0064,-0.1695,-0.4503
5760,5.76,-0.0885,-0.0086,0.1229,-0.017,0.0398,0.0436
5761,5.761,-0.1415,-0.015,0.0539,-0.0157,0.1216,0.237
5762,5.762,-0.1345,-0.0039,-0.0086,-0.0093,0.1465,0.2959
5763,5.763,-0.0894,0.0007,-0.0656,-0.0037,0.1244,0.2438
5764,5.764,-0.0721,-0.0007,-0.138,0.0037,0.1043,0.2924
5765,5.765,-0.0136,0.0081,-0.1848,0.0161,0.1968,0.3362
5766,5.766,0.0097,0.0158,-0.124,0.0146,0.4156,0.9317
5767,5.767,0.0309,0.0021,-0.0689,0.0132,0.207,0.6767
5768,5.768,0.0502,-0.0035,-0.0043,0.0063,0.0167,0.134
5769,5.769,0.0559,0.005,0.0565,0.0152,-0.1073,-0.219
5770,5.77,0.0611,0.0096,0.0177,0.0256,-0.1301,-0.2842
5771,5.771,0.0467,0.0056,-0.0035,0.0354,-0.1102,-0.343
5772,5.772,0.0335,0.0019,0.0289,0.0318,-0.1289,-0.2908
5773,5.773,0.0374,0.0009,0.0464,0.0264,-0.1122,-0.2431
5774,5.774,0.0409,-0,0.0304,0.0172,-0.3418,-0.811
5775,5.775,0.031,-0.0027,0.0158,0.001,-0.3091,-0.8887
5776,5.776,0.0222,-0.0017,-0.0063,-0.0235,-0.0402,-0.255
5777,5.777,0.0085,0.0068,-0.0423,-0.0398,0.0688,0.1723
5778,5.778,0.0013,0.0012,-0.0857,-0.0425,0.1022,0.2511
5779,5.779,-0.0008,0.0086,-0.0912,-0.0287,0.1323,0.322
5780,5.78,0.0012,0.0022,-0.075,-0.0063,0.1597,0.2587
5781,5.781,0.0142,-0.0056,-0.0115,-0.015,0.0861,0.201
5782,5.782,0.0159,-0.0003,-0.0026,-0.0286,0.2878,0.4651
5783,5.783,0.0143,0.0006,0.0055,0.0039,0.3692,0.8977
5784,5.784,0.0239,-0.0018,0.0412,0.0437,0.1472,0.491
5785,5.785,0.0201,-0.004,0.0605,0.0704,-0.0621,-0.0917
5786,5.786,0.0097,-0.006,0.0549,0.0657,-0.0898,-0.1708
5787,5.787,0.0083,-0.0054,0.0389,0.0526,-0.1147,-0.2421
5788,5.788,0.0093,-0.007,0.0247,0.0328,-0.1373,-0.3067
5789,5.789,0.0103,-0.0095,0.0204,0.0147,-0.0765,-0.2492
5790,5.79,0.0008,-0.0106,-0.0072,-0.0082,-0.2061,-0.3024
5791,5.791,-0.008,-0.0041,-0.025,-0.011,-0.425,-0.9272
5792,5.792,-0.0135,-0.0032,-0.0478,-0.0246,-0.2164,-0.6724
5793,5.793,-0.0187,-0.0039,-0.0505,-0.0269,0.0282,-0.1296
5794,5.794,-0.0159,0.0014,-0.0313,-0.0247,0.1275,0.2234
5795,5.795,-0.0099,0.0009,-0.0043,0.006,0.0982,0.2884
5796,5.796,0.0002,0.0015,-0.0012,0.0104,0.1256,0.347
5797,5.797,-0.0011,-0,0.0015,0.0065,0.1013,0.2946
5798,5.798,-0.0023,-0.0004,0.0096,0.01,0.1238,0.2467
5799,5.799,-0.0054,0.0027,0.0116,0.0398,0.3884,0.7271
5800,5.8,-0.0023,0.0025,-0.0015,0.0436,0.2805,0.7912
5801,5.801,-0.0013,-0.0032,0.0002,0.0254,0.0503,0.2673
5802,5.802,-0.0021,-0.0006,0.0059,0.0024,-0.0994,-0.086
5803,5.803,0.0032,-0.0013,0.0077,-0.0065,-0.0728,-0.2794
5804,5.804,-0.0031,0.0023,-0.0108,-0.0313,-0.0977,-0.3384
5805,5.805,-0.0142,0.0029,-0.023,-0.0346,-0.1202,-0.2866
5806,5.806,-0.0188,0.0069,-0.0207,-0.0259,-0.1,-0.239
5807,5.807,-0.0102,-0.0031,-0.0109,-0.0302,-0.2971,-0.5119
5808,5.808,-0.0061,-0.0005,-0.0128,-0.0384,-0.3897,-0.9928
5809,5.809,0.0104,0.0007,-0.0147,-0.0262,-0.137,-0.4175
5810,5.81,0.017,0.0036,-0.0233,-0.0466,0.0441,0.1256
5811,5.811,0.0068,0.0078,-0.0192,-0.0604,0.0777,0.1973
5812,5.812,0.0162,0.0106,-0.0101,-0.0433,0.1079,0.262
5813,5.813,0.0112,0.0039,-0.0245,-0.0772,0.1353,0.3206
5814,5.814,0.0037,0.0047,-0.0381,-0.0726,0.111,0.2681
5815,5.815,-0.0086,-0.0047,-0.0403,-0.0154,0.1783,0.3163
5816,5.816,-0.0101,-0.0059,-0.0454,-0.0078,0.4022,0.8842
5817,5.817,0.007,-0.0069,-0.0333,0.0133,0.2532,0.6523
5818,5.818,0.0051,-0.0039,-0.0083,0.0067,0.0086,0.1588
5819,5.819,-0.0008,-0.0031,0.0459,-0.0109,-0.0905,-0.1628
5820,5.82,0.005,-0.0023,0.0845,-0.0269,-0.1207,-0.2222
5821,5.821,0.0238,-0.003,0.1194,-0.0318,-0.1481,-0.2759
5822,5.822,0.0216,-0.005,0.19,-0.0452,-0.1238,-0.3246
5823,5.823,0.0061,-0.0108,0.1991,-0.0335,-0.1463,-0.2815
5824,5.824,0.0002,-0.0071,0.0866,-0.0083,-0.3701,-0.7978
5825,5.825,-0.0165,-0.0023,-0.0513,0.0212,-0.3405,-0.8686
5826,5.826,-0.0276,0.0071,-0.1812,0.0489,-0.042,-0.2926
5827,5.827,-0.0336,0.0057,-0.2656,0.0522,0.0777,0.2509
5828,5.828,-0.0243,0.0045,-0.2508,0.0552,0.1143,0.1821
5829,5.829,-0.0125,0.0076,-0.2096,0.0521,0.1473,0.2468
5830,5.83,-0.0079,0.0045,-0.1469,0.0162,0.1177,0.3054
5831,5.831,0.0046,-0.0019,-0.0666,0.0113,0.0908,0.2528
5832,5.832,0.0165,0.0005,0.0897,0.0243,0.3125,0.4932
5833,5.833,0.021,-0.0033,0.1567,0.036,0.402,0.8866
5834,5.834,0.0169,-0.0026,0.1362,0.0394,0.1578,0.517
5835,5.835,0.0181,0.0031,0.1545,0.0425,-0.0728,-0.0129
5836,5.836,0.0149,-0.0022,0.0365,0.0336,-0.1033,-0.2253
5837,5.837,-0.0009,-0.0072,-0.0096,0.0254,-0.1308,-0.2902
5838,5.838,-0.0257,-0.0031,-0.0793,0.0229,-0.1067,-0.2329
5839,5.839,-0.0422,-0.0003,-0.1173,0.0206,-0.0847,-0.2861
5840,5.84,-0.0394,-0.0081,-0.106,0.0062,-0.1865,-0.3344
5841,5.841,-0.0422,-0.0092,-0.0541,0.0042,-0.4274,-0.9024
5842,5.842,-0.0447,-0.0063,-0.0069,-0.0044,-0.2635,-0.6706
5843,5.843,-0.0201,-0.009,0.1051,-0.0121,0.0055,-0.0364
5844,5.844,0.0029,-0.0116,0.1508,-0.0134,0.1142,0.2206
5845,5.845,0.0236,-0.0169,0.1645,-0.0047,0.0818,0.2992
5846,5.846,0.0207,-0.0106,0.177,0.0009,0.1117,0.2297
5847,5.847,0.0183,0.0005,0.1655,0.0081,0.1388,0.2943
5848,5.848,0.0159,-0.0041,0.2175,0.0053,0.1142,0.2367
5849,5.849,0.0016,-0.0001,0.0942,0.0077,0.4054,0.7123
5850,5.85,-0.0078,0.0061,-0.0236,0.0099,0.2866,0.7768
5851,5.851,-0.0096,0.0139,-0.1613,0.0104,0.0336,0.2531
5852,5.852,-0.0051,0.0253,-0.2167,0.0046,-0.0658,-0.1001
5853,5.853,0.0044,0.0146,-0.1999,-0.0007,-0.0963,-0.1654
5854,5.854,0.0031,0.0131,-0.215,-0.0043,-0.1238,-0.3404
5855,5.855,-0.0025,0.0168,-0.1454,-0.0039,-0.198,-0.2883
5856,5.856,-0.0036,0.0111,-0.1076,-0.0127,-0.1311,-0.2407
5857,5.857,0.0027,0.0015,0.0421,-0.0115,-0.2736,-0.4591
5858,5.858,0.0155,0.0002,0.0626,-0.0059,-0.4036,-0.9754
5859,5.859,0.021,0.0034,0.1182,-0.0007,-0.1511,-0.4833
5860,5.86,0.0125,0.0002,0.1352,0.0097,0.1019,0.0939
5861,5.861,0.0048,-0.0045,0.0896,0.0112,0.1352,0.173
5862,5.862,0.0007,0.0014,0.0203,0.0126,0.1057,0.2443
5863,5.863,0.0069,-0.0056,-0.0171,0.0073,0.1328,0.3089
5864,5.864,0.0124,0.0007,-0.0283,0.0023,0.1084,0.2516
5865,5.865,0.0051,-0.0052,-0.0176,-0.0114,0.2203,0.3047
5866,5.866,0.0042,0.0017,0.0112,-0.0172,0.4441,0.9296
5867,5.867,-0.0001,0.0026,0.0718,-0.0113,0.2354,0.6748
5868,5.868,0.0067,-0.0033,0.1268,-0.0127,-0.0093,0.1321
5869,5.869,0.0112,-0.0027,0.1343,-0.0231,-0.1086,-0.2208
5870,5.87,0.012,0.0008,0.0634,-0.0188,-0.0795,-0.2858
5871,5.871,0.0036,-0.005,-0.0216,-0.0148,-0.107,-0.2282
5872,5.872,0.0003,0.0018,-0.1018,-0.0043,-0.1319,-0.2814
5873,5.873,-0.005,-0.0047,-0.1117,-0.0109,-0.1098,-0.2336
5874,5.874,-0.0058,0.0012,-0.1019,-0.0044,-0.3746,-0.714
5875,5.875,-0.0034,0.0005,-0.0412,-0.0118,-0.3388,-0.9062
5876,5.876,-0.0012,-0.0001,-0.0177,-0.0104,-0.1088,-0.2661
5877,5.877,0.0094,0.0057,-0.0105,-0.0054,0.1006,0.1614
5878,5.878,-0.0012,0.0006,-0.0297,0.0044,0.1281,0.2405
5879,5.879,-0.0108,-0.0013,-0.047,0.006,0.1039,0.3118
5880,5.88,-0.0046,-0.0054,-0.0627,0.0053,0.1264,0.2487
5881,5.881,0.001,-0.0013,-0.0382,0.0026,0.0656,0.1914
5882,5.882,0.0041,-0.0027,-0.007,0.0037,0.3063,0.4559
5883,5.883,-0.0062,-0.0088,0.0295,0.0082,0.4049,0.8888
5884,5.884,0.0008,-0.0062,0.0348,0.0062,0.1363,0.4823
5885,5.885,0.0147,0.0024,0.022,-0.0015,-0.0448,0.0056
5886,5.886,0.0128,0.008,0.0023,-0.0066,-0.0783,-0.1875
5887,5.887,0.0043,0.0051,0.006,-0.0037,-0.1085,-0.2463
5888,5.888,-0.0096,0.0025,0.0028,0.0041,-0.1359,-0.2994
5889,5.889,-0.0078,0.0035,-0.0122,-0.0095,-0.1116,-0.2515
5890,5.89,-0.0028,0.0088,-0.0096,-0.0187,-0.1788,-0.2952
5891,5.891,-0.0105,0.0025,-0.0217,-0.0238,-0.4027,-0.8906
5892,5.892,-0.0065,0.0034,-0.0149,-0.0437,-0.2537,-0.6355
5893,5.893,0.0073,0.0028,-0.0166,-0.019,-0.0092,-0.0924
5894,5.894,0.0128,-0.0064,-0.0143,0.004,0.09,0.2614
5895,5.895,0.0076,-0.0101,-0.0055,0.031,0.1204,0.1989
5896,5.896,0.0152,0.0002,0.0025,0.0564,0.1478,0.2578
5897,5.897,0.0083,0.0016,0.0043,0.0661,0.1235,0.3112
5898,5.898,0.0094,-0.0046,0.0008,0.0632,0.1013,0.1676
5899,5.899,-0.0009,-0.0055,-0.0045,0.055,0.366,0.7357
5900,5.9,-0.0105,0.004,-0.0033,0.0178,0.3302,0.8135
5901,5.901,-0.0116,0.0129,-0.0096,0.023,0.1001,0.3209
5902,5.902,-0.0105,0.012,-0.0123,-0.0109,-0.1092,-0.1284
5903,5.903,-0.0155,0.0278,-0.0164,-0.0066,-0.0827,-0.1877
5904,5.904,-0.018,0.0168,-0.019,-0.0028,-0.1075,-0.2413
5905,5.905,-0.0135,0.0148,-0.0096,0.0007,-0.13,-0.2901
5906,5.906,-0.014,0.0131,-0.0055,0.0038,-0.0693,-0.2469
5907,5.907,-0.0045,0.0115,-0.0091,-0.0112,-0.31,-0.4455
5908,5.908,0.0065,0.0099,-0.0151,-0.0232,-0.3966,-0.9402
5909,5.909,-0.0045,0.0085,-0.0267,-0.0424,-0.1666,-0.5434
5910,5.91,0.0035,0.0072,-0.0274,-0.0598,0.0428,0.0391
5911,5.911,0.0025,-0.0066,-0.031,-0.0846,0.1248,0.2729
5912,5.912,-0.0035,-0.0158,-0.0344,-0.1011,0.1007,0.2036
5913,5.913,-0.0112,-0.0344,-0.0201,-0.0562,0.1234,0.268
5914,5.914,0.0004,-0.0367,0.001,-0.0111,0.1032,0.2103
5915,5.915,0.0174,-0.0389,0.0262,0.018,0.1959,0.2633
5916,5.916,0.0197,-0.0204,0.0299,0.0338,0.4148,0.8878
5917,5.917,0.0012,0.0069,0.0331,0.0384,0.2659,0.6328
5918,5.918,-0.0261,0.025,0.0362,0.0251,0.0213,0.0898
5919,5.919,-0.0153,0.0348,0.039,0.0288,-0.0779,-0.2635
5920,5.92,0.0011,0.026,0.0372,0.0033,-0.1081,-0.2012
5921,5.921,0.0098,0.0122,0.0315,-0.0132,-0.1353,-0.2602
5922,5.922,0.007,0.0098,0.0037,-0.0105,-0.111,-0.3137
5923,5.923,-0.0004,-0.0014,-0.0083,-0.0243,-0.1335,-0.17
5924,5.924,-0.0071,-0.0321,-0.0192,-0.0317,-0.398,-0.7383
5925,5.925,-0.0134,-0.0718,-0.0094,-0.0252,-0.3621,-0.8163
5926,5.926,-0.0155,-0.0666,0.0116,-0.0274,-0.0663,-0.3238
5927,5.927,-0.0038,-0.0424,0.0366,-0.0219,0.0534,0.1252
5928,5.928,0.0007,-0.0204,0.0338,-0.0204,0.0901,0.1845
5929,5.929,0.0132,-0.0005,0.0256,-0.0098,0.1232,0.2379
5930,5.93,0.0116,0.0103,0.0073,0.0081,0.1533,0.2863
5931,5.931,0.0133,0.0201,0.0055,0.0203,0.0723,0.2427
5932,5.932,0.0093,0.0112,0.0127,0.0405,0.2447,0.441
5933,5.933,0.0106,0.003,0.0438,0.0431,0.3569,0.9102
5934,5.934,0.0139,-0.0043,0.1104,0.0453,0.1736,0.4624
5935,5.935,0.0255,-0.011,0.0635,0.0296,-0.0489,-0.0624
5936,5.936,0.03,-0.013,0.0899,0.0193,-0.0794,-0.2749
5937,5.937,0.034,-0.0112,0.1296,0.0173,-0.1068,-0.2121
5938,5.938,0.0351,0.0005,0.0377,0.0154,-0.1316,-0.2709
5939,5.939,0.0339,0.0143,-0.0752,0.0169,-0.1094,-0.2189
5940,5.94,0.0367,0.0236,-0.0898,0.0182,-0.1703,-0.2674
5941,5.941,0.03,0.0285,-0.0755,0.0193,-0.4111,-0.9229
5942,5.942,0.0356,0.036,-0.0626,0.016,-0.2471,-0.83
5943,5.943,0.03,0.0428,-0.0509,0.0108,-0.0378,-0.0628
5944,5.944,0.0191,0.0365,-0.0817,0.0153,0.0985,0.2474
5945,5.945,0.002,0.0286,-0.0909,0.0128,0.1235,0.3422
5946,5.946,-0.0318,0.0148,-0.0302,0.0059,0.1461,0.2577
5947,5.947,-0.0366,-0.002,-0.0377,0.0068,0.1261,0.3354
5948,5.948,-0.0497,-0.0043,-0.0446,-0.0044,0.1078,0.2653
5949,5.949,-0.0695,-0.0104,-0.0637,-0.0182,0.3603,0.7129
5950,5.95,-0.0799,-0.0161,0.0247,-0.0089,0.3244,0.8875
5951,5.951,-0.0958,-0.0178,0.2144,0.0063,0.0943,0.3059
5952,5.952,-0.104,-0.0133,0.2958,-0.0039,-0.0555,-0.0826
5953,5.953,-0.0954,-0.023,0.025,-0.0021,-0.0831,-0.1543
5954,5.954,-0.058,-0.0219,-0.0109,-0.0005,-0.1078,-0.2191
5955,5.955,-0.0525,-0.0297,-0.0437,-0.0145,-0.1304,-0.2778
5956,5.956,-0.0667,-0.0183,-0.2523,-0.0127,-0.0697,-0.2256
5957,5.957,-0.0885,-0.0015,-0.3334,0.0058,-0.2733,-0.466
5958,5.958,-0.0922,0.0007,-0.3577,0.0034,-0.409,-0.9466
5959,5.959,-0.0374,-0.0096,-0.2455,-0.0169,-0.1871,-0.4991
5960,5.96,0.0174,-0.0153,-0.0216,-0.0306,0.0822,0.0255
5961,5.961,0.0816,0.0032,0.0083,-0.0183,0.1189,0.238
5962,5.962,0.1077,0.0155,-0.0728,-0.0028,0.1522,0.3031
5963,5.963,0.0845,0.0131,0.001,0.0033,0.1228,0.2458
5964,5.964,0.0917,-0.0012,0.0683,-0.0059,0.096,0.2991
5965,5.965,0.111,0.008,0.1293,-0.0108,0.1699,0.2514
5966,5.966,0.1168,0.013,0.1477,-0.0091,0.4166,0.9068
5967,5.967,0.101,0.0236,0.0972,-0.0049,0.2527,0.6266
5968,5.968,0.0768,0.0305,0.0512,-0.0009,-0.0163,0.2
5969,5.969,0.046,0.0267,0.0371,-0.004,-0.125,-0.1883
5970,5.97,0.0578,0.0323,0.1758,0.0014,-0.0926,-0.2594
5971,5.971,0.0687,0.0208,0.2311,0.0025,-0.1226,-0.3237
5972,5.972,0.0787,0.0007,0.1807,0.0034,-0.1498,-0.2658
5973,5.973,0.0639,-0.0241,0.1043,-0.0017,-0.1253,-0.2132
5974,5.974,0.0449,-0.021,0.0349,0.0004,-0.3718,-0.7414
5975,5.975,0.0226,-0.0182,-0.0283,0.0075,-0.3391,-0.8117
5976,5.976,-0.0224,-0.0156,-0.1091,0.0161,-0.0701,-0.3633
5977,5.977,-0.0675,-0.0083,-0.2242,0.0266,0.1111,0.1617
5978,5.978,-0.1321,-0.0061,-0.2399,0.0171,0.079,0.2338
5979,5.979,-0.158,-0.0082,-0.1431,0.0033,0.1092,0.2987
5980,5.98,-0.1033,0.0124,-0.03,0.009,0.1367,0.2415
5981,5.981,-0.0535,0.0151,0.0148,0.0108,0.1126,0.1895
5982,5.982,-0.047,-0.002,0.0554,0.0093,0.2696,0.4301
5983,5.983,-0.0177,-0.0132,0.0417,0.0135,0.4121,0.9111
5984,5.984,0.0303,-0.0111,-0.017,0.0147,0.1713,0.4639
5985,5.985,0.0496,-0.0017,-0.07,0.0092,-0.0588,-0.0603
5986,5.986,0.0789,0,-0.1181,-0.0003,-0.0891,-0.2726
5987,5.987,0.0736,0.0016,-0.1274,-0.0191,-0.1163,-0.2094
5988,5.988,0.1174,0.0113,-0.0573,-0.0438,-0.141,-0.2677
5989,5.989,0.1232,0.0227,0.0467,-0.0405,-0.1187,-0.215
5990,5.99,0.1073,0.0151,0.1157,-0.0317,-0.1796,-0.2631
5991,5.991,0.0929,0.0055,0.1528,-0.029,-0.4203,-0.918
5992,5.992,0.0442,-0.0057,0.0948,-0.0216,-0.2562,-0.6374
5993,5.993,-0.0142,-0.0102,0.0633,-0.0103,0.013,-0.2106
5994,5.994,-0.069,-0.0142,0.0346,-0.0041,0.1219,0.1785
5995,5.995,-0.1047,-0.0153,0.0257,0.0016,0.0897,0.2502
5996,5.996,-0.1371,-0.0163,0.049,0.0034,0.1199,0.3152
5997,5.997,-0.2255,-0.0215,0.0561,0.0049,0.1472,0.2578
5998,5.998,-0.2634,-0.013,-0.0024,0.0035,0.1228,0.2055
5999,5.999,-0.344,-0.014,-0.026,0.0097,0.3694,0.6381
6000,6,-0.2713,-0.0003,-0.0477,0.0152,0.3368,0.8129
6001,6.001,-0.1293,0.0016,-0.0158,0.0245,0.068,0.337
6002,6.002,0.0538,0.0068,0.0131,0.0305,-0.113,-0.1122
6003,6.003,0.0781,0.0053,0.0715,0.0312,-0.0807,-0.1717
6004,6.004,0.0557,0.0041,0.0475,0.0257,-0.1108,-0.2253
6005,6.005,0.076,0.0004,-0.0599,0.0151,-0.1381,-0.274
6006,6.006,0.0575,0.0037,-0.1064,-0.0004,-0.0645,-0.2308
6007,6.007,0.0742,0.0132,-0.0933,-0.0107,-0.2661,-0.4294
6008,6.008,0.0894,0.0121,-0.0563,-0.0052,-0.4018,-0.9708
6009,6.009,0.0719,0.0131,-0.0383,-0.004,-0.1789,-0.5212
6010,6.01,0.0581,0.0142,-0.0502,0.001,0.0436,0.0219
6011,6.011,0.0456,0.009,-0.0607,-0.0192,0.0741,0.2344
6012,6.012,0.0572,0.0046,-0.0513,-0.0274,0.1016,0.2994
6013,6.013,0.0884,0.0055,-0.0428,-0.0252,0.1264,0.242
6014,6.014,0.0979,0.0035,0.0432,-0.0187,0.1043,0.2952
6015,6.015,0.072,0.0042,0.0776,-0.0209,0.1652,0.2473
6016,6.016,0.0642,0.0038,0.0672,-0.019,0.406,0.9025
6017,6.017,0.0428,-0.0001,0.0766,-0.014,0.2419,0.6221
6018,6.018,0.0234,0.0016,0.016,-0.0278,0.0327,0.0251
6019,6.019,-0.006,0.0079,-0.0389,-0.0185,-0.1036,-0.2088
6020,6.02,-0.0221,0.0158,-0.1317,0.007,-0.1287,-0.2804
6021,6.021,-0.0367,0.0255,-0.195,0.0107,-0.1067,-0.2173
6022,6.022,-0.0237,0.0117,-0.1837,-0.0057,-0.1272,-0.276
6023,6.023,0.0041,0.0062,-0.0483,-0.0146,-0.1089,-0.2235
6024,6.024,0.0147,-0.0089,0.118,-0.0066,-0.3614,-0.656
6025,6.025,0.0112,-0.0109,0.1399,0.0056,-0.3256,-0.8308
6026,6.026,0.0081,-0.0239,0.119,0.0166,-0.0955,-0.3548
6027,6.027,0.0051,-0.012,0.1,0.0265,0.0543,0.2223
6028,6.028,-0.0076,-0.0135,0.1835,0.0318,0.0819,0.3011
6029,6.029,-0.0057,-0.0121,0.3206,0.023,0.1067,0.2318
6030,6.03,-0.0161,-0.0108,0.3017,0.0304,0.1293,0.2963
6031,6.031,-0.0144,-0.0029,0.2847,0.0341,0.1091,0.2386
6032,6.032,-0.006,-0.0018,0.208,0.0376,0.2758,0.397
6033,6.033,0.0046,-0.01,0.027,0.0203,0.3431,0.9257
6034,6.034,-0.0023,-0.0153,-0.0964,-0.017,0.1597,0.5743
6035,6.035,-0.0212,-0.0078,-0.2086,-0.0329,-0.0628,-0.0028
6036,6.036,-0.0569,0.0065,-0.2698,-0.0184,-0.0934,-0.2366
6037,6.037,-0.0712,0.0251,-0.2885,-0.0138,-0.0668,-0.3081
6038,6.038,-0.0404,0.0128,-0.2384,-0.0174,-0.0916,-0.2447
6039,6.039,0.0198,-0.0026,-0.1315,-0.0351,-0.1142,-0.3032
6040,6.04,0.0629,-0.0127,-0.1454,-0.0446,-0.1347,-0.2507
6041,6.041,0.0239,-0.007,-0.1831,-0.0591,-0.4126,-0.8754
6042,6.042,0.0168,-0.0086,-0.1486,-0.0726,-0.2144,-0.7908
6043,6.043,0.0103,0.0054,-0.1798,-0.05,-0.0336,-0.0933
6044,6.044,0.0159,0.0111,-0.1894,-0.0107,0.1313,0.1892
6045,6.045,0.0105,0.0096,-0.1637,0.0162,0.1615,0.2757
6046,6.046,-0.004,0.0113,-0.0465,0.0407,0.1345,0.3539
6047,6.047,0.0003,0.0017,0.0711,0.0542,0.1102,0.2843
6048,6.048,0.0201,-0.007,0.1475,0.0823,0.1326,0.2208
6049,6.049,0.0165,-0.0147,0.1889,0.1007,0.3563,0.6275
6050,6.05,0.0066,-0.0137,0.1762,0.1174,0.3266,0.8921
6051,6.051,-0.0142,-0.0109,0.1416,0.1204,0.0821,0.3632
6052,6.052,-0.0221,-0.0067,0.1311,0.1015,-0.0828,-0.1304
6053,6.053,-0.0241,0.0033,0.1216,0.0645,-0.1134,-0.1957
6054,6.054,-0.0035,0.0103,0.0784,-0.0154,-0.1408,-0.2546
6055,6.055,0.0049,0.019,0.0706,-0.0267,-0.1166,-0.3079
6056,6.056,-0.0072,0.02,0.035,-0.0369,-0.0946,-0.2601
6057,6.057,-0.0226,0.0189,0.0156,-0.0463,-0.278,-0.3913
6058,6.058,-0.0123,0.0067,-0.0019,-0.0376,-0.4014,-0.987
6059,6.059,-0.0029,-0.0053,-0.0177,-0.0142,-0.1998,-0.5615
6060,6.06,-0.008,-0.0008,-0.0515,-0.0071,0.0448,-0.0183
6061,6.061,-0.0156,-0.0023,-0.047,-0.0006,0.0782,0.1942
6062,6.062,-0.0031,0.0064,-0.0109,-0.0181,0.1083,0.2592
6063,6.063,0.0053,0.0072,0.0135,-0.0446,0.1355,0.318
6064,6.064,0.0098,-0.0087,0.0093,-0.059,0.111,0.2657
6065,6.065,0.0111,-0.0245,0.0056,-0.0546,0.1781,0.2179
6066,6.066,-0.0003,-0.0186,0.0024,-0.0825,0.4019,0.8732
6067,6.067,-0.0018,-0.0392,-0.0006,-0.086,0.2529,0.7802
6068,6.068,-0.0114,-0.0367,-0.0091,-0.0629,0.0083,0.1834
6069,6.069,-0.0128,-0.0197,-0.0117,-0.0657,-0.091,-0.2052
6070,6.07,-0.0027,0.0004,-0.0043,-0.0246,-0.1214,-0.2767
6071,6.071,-0.0126,0.0029,-0.0065,0.0635,-0.1488,-0.3414
6072,6.072,0.0036,0.0003,-0.0004,0.1011,-0.1245,-0.2838
6073,6.073,0.0057,0.0337,-0.0021,0.0896,-0.1024,-0.2313
6074,6.074,-0.0004,0.0479,0.0167,0.0998,-0.3671,-0.6636
6075,6.075,0.0051,0.0344,0.0243,0.128,-0.3313,-0.8382
6076,6.076,-0.0002,0.0223,0.0225,0.102,-0.1012,-0.3621
6077,6.077,-0.005,0.0112,0.0207,0.0942,0.108,0.0872
6078,6.078,-0.0093,0.0142,0.0154,0.0588,0.0815,0.263
6079,6.079,-0.0185,-0.019,0.0005,0.0396,0.1064,0.3167
6080,6.08,-0.0156,-0.0501,-0.0134,0.0223,0.129,0.2693
6081,6.081,-0.0129,-0.0864,-0.0114,-0.0043,0.0682,0.226
6082,6.082,-0.0158,-0.0913,-0.013,-0.0576,0.2719,0.4246
6083,6.083,-0.0133,-0.0696,-0.0116,-0.1218,0.4076,0.9658
6084,6.084,-0.0016,-0.0419,-0.0078,-0.1996,0.1856,0.579
6085,6.085,0.0073,0.0125,-0.0144,-0.2101,-0.0237,0.0855
6086,6.086,-0.0028,0.0357,-0.0181,-0.2009,-0.1056,-0.236
6087,6.087,-0.0009,0.0426,-0.0176,-0.1925,-0.1305,-0.2951
6088,6.088,-0.0041,0.036,-0.0188,-0.138,-0.1084,-0.2431
6089,6.089,-0.0006,0.0185,-0.0199,-0.0885,-0.0884,-0.2916
6090,6.09,0.0008,0.0024,-0.0208,-0.0175,-0.144,-0.2483
6091,6.091,0.0003,-0.022,-0.0203,0.0297,-0.3965,-0.8439
6092,6.092,-0.0002,-0.0266,-0.0221,0.0381,-0.2885,-0.7592
6093,6.093,0.0023,-0.0386,-0.017,0.0146,0.0074,-0.2166
6094,6.094,0.0061,-0.0352,-0.0178,0.0215,0.127,0.1367
6095,6.095,0.0105,0.0076,-0.0162,0.0406,0.0915,0.2021
6096,6.096,0.0123,0.0368,-0.0179,0.0347,0.1246,0.2608
6097,6.097,0.0109,0.0314,-0.0204,0.0398,0.1546,0.3143
6098,6.098,0.0179,0.036,-0.0245,0.054,0.1275,0.1705
6099,6.099,0.0294,0.0402,-0.0203,0.0759,0.3493,0.651
6100,6.1,0.031,0.0201,-0.0186,0.0718,0.3197,0.8431
6101,6.101,0.0324,0.0164,-0.0198,0.0608,0.1297,0.3197
6102,6.102,0.0335,0.026,-0.016,0.0574,-0.093,-0.0336
6103,6.103,0.0367,0.0287,-0.0209,0.0485,-0.1234,-0.227
6104,6.104,0.0376,0.0259,-0.0206,0.0456,-0.0967,-0.2857
6105,6.105,0.0349,0.0234,-0.0181,0.0476,-0.1215,-0.2333
6106,6.106,0.034,0.0211,-0.0232,0.0451,-0.0994,-0.1857
6107,6.107,0.0302,0.0231,-0.0241,0.0468,-0.2417,-0.4044
6108,6.108,0.0336,0.0173,-0.0193,0.0483,-0.4086,-0.9206
6109,6.109,0.0331,0.0189,-0.0233,0.0396,-0.2068,-0.5694
6110,6.11,0.0333,0.0126,-0.0267,0.0344,0.0342,0.01
6111,6.111,0.0246,0.0111,-0.023,0.0266,0.1161,0.2035
6112,6.112,0.0084,0.007,-0.023,0.0138,0.1409,0.2626
6113,6.113,-0.0162,0.0007,-0.0209,-0.0118,0.1189,0.3162
6114,6.114,-0.0656,-0.0025,-0.0283,-0.0085,0.0988,0.2687
6115,6.115,-0.1011,-0.0055,-0.0172,-0.0185,0.1543,0.2254
6116,6.116,-0.0688,-0.0064,-0.0131,-0.0216,0.4067,0.821
6117,6.117,0.0193,-0.0054,0.0017,-0.0245,0.2987,0.7364
6118,6.118,0.0569,-0.0031,0.0155,-0.0024,0.0027,0.1939
6119,6.119,0.0222,-0.0122,0.028,0.0425,-0.117,-0.1593
6120,6.12,-0.0302,-0.0059,0.019,0.0361,-0.1535,-0.2244
6121,6.121,-0.0399,-0.0135,0.014,-0.0048,-0.121,-0.2831
6122,6.122,-0.0834,-0.0103,0.0094,0.0219,-0.1511,-0.3365
6123,6.123,-0.0132,-0.0056,0.0101,0.0366,-0.1241,-0.1927
6124,6.124,0.0719,-0.0149,-0.0074,0.0236,-0.3459,-0.6732
6125,6.125,0.0831,-0.0136,-0.025,-0.0362,-0.3164,-0.8653
6126,6.126,0.0724,-0.0057,-0.0276,-0.1654,-0.1264,-0.3418
6127,6.127,0.1004,-0.0086,-0.0137,-0.1468,0.0467,0.152
6128,6.128,0.0741,-0.0021,-0.0046,-0.0962,0.0697,0.2175
6129,6.129,0.0347,0.0006,0.0069,-0.0197,0.1309,0.2765
6130,6.13,-0.0298,0.0001,0.0205,-0.0058,0.1495,0.3301
6131,6.131,-0.1249,-0.0105,0.0296,0.0067,0.0992,0.2825
6132,6.132,-0.2639,-0.0119,0.0379,0.0183,0.2675,0.4136
6133,6.133,-0.3563,-0.0132,0.0332,0.0285,0.3797,0.93
6134,6.134,-0.3393,-0.0118,0.0427,0.038,0.1964,0.5787
6135,6.135,-0.2626,-0.0148,0.0389,0.0293,-0.0261,0.0019
6136,6.136,-0.1373,-0.0218,0.0356,0.0215,-0.1162,-0.2318
6137,6.137,-0.0194,-0.0188,0.0325,0.0145,-0.0895,-0.3032
6138,6.138,0.0265,-0.0074,0.0298,0.0082,-0.1144,-0.24
6139,6.139,0.0404,-0.0025,0.0289,-0.009,-0.0923,-0.2986
6140,6.14,0.0531,0.0047,0.0389,-0.0139,-0.1532,-0.2461
6141,6.141,0.0647,0.0012,0.0319,0.0008,-0.394,-0.8709
6142,6.142,0.0752,0.0025,0.013,-0.0032,-0.2957,-0.7863
6143,6.143,0.1037,0.0038,-0.0061,0.009,-0.0267,-0.2439
6144,6.144,0.1297,0.0049,-0.0083,0.0202,0.0822,0.2499
6145,6.145,0.122,0.0129,-0.0059,0.037,0.1155,0.1872
6146,6.146,0.115,0.0102,-0.0117,0.0165,0.1455,0.2458
6147,6.147,0.1086,0.015,-0.0095,0.0087,0.1186,0.2992
6148,6.148,0.1028,0.0178,-0.0109,0.0163,0.0943,0.2516
6149,6.149,0.0869,0.0233,-0.0029,-0.0127,0.3407,0.6448
6150,6.15,0.0725,0.0285,-0.0094,-0.0324,0.3737,0.9091
6151,6.151,0.0856,0.0229,-0.0002,-0.043,0.1048,0.3802
6152,6.152,0.0817,0.0147,-0.0031,-0.046,-0.0763,-0.2544
6153,6.153,0.0562,0.0139,-0.0016,-0.0009,-0.1098,-0.341
6154,6.154,0.0463,0.0111,-0.0039,0.0057,-0.14,-0.2647
6155,6.155,0.0375,0.0254,-0.0026,0.0233,-0.1132,-0.1951
6156,6.156,0.0237,0.0277,-0.0121,0.0181,-0.089,-0.2594
6157,6.157,0.0014,-0,-0.0103,0.0135,-0.2459,-0.3177
6158,6.158,-0.0436,-0.0358,-0.0135,0.0179,-0.3883,-0.8991
6159,6.159,-0.1149,-0.0404,-0.0027,0.0298,-0.1846,-0.5124
6160,6.16,-0.1055,-0.0182,-0.0063,0.0334,0.06,-0.019
6161,6.161,-0.0798,0.0019,-0.0046,0.017,0.0935,0.1745
6162,6.162,-0.0566,-0.0015,-0.0051,0.0198,0.1237,0.2336
6163,6.163,-0.007,-0.0045,-0.0118,0.0061,0.151,0.287
6164,6.164,0.0512,-0.0132,-0.0197,-0.0013,0.1266,0.2394
6165,6.165,0.0588,-0.0542,-0.0135,0.019,0.149,0.2831
6166,6.166,0.0657,-0.0714,-0.0013,0.0162,0.4136,0.7992
6167,6.167,0.0848,-0.0233,0.0193,-0.0012,0.2333,0.7293
6168,6.168,0.079,0.0092,0.0227,-0.0349,0.003,0.1528
6169,6.169,0.0842,0.0151,0.0357,-0.0494,-0.0872,-0.2359
6170,6.17,0.0984,0.0204,0.0251,-0.0538,-0.1148,-0.1671
6171,6.171,0.0761,0.0062,0.0031,-0.0817,-0.1398,-0.2319
6172,6.172,0.0479,0.0107,-0.0173,-0.0853,-0.1177,-0.2906
6173,6.173,0.0441,0.0308,-0.0142,-0.0623,-0.0976,-0.2382
6174,6.174,0.0343,0.0344,-0.0261,-0.0474,-0.3384,-0.5746
6175,6.175,0.0257,0.0247,-0.0412,-0.0337,-0.3714,-0.8809
6176,6.176,0.0124,0.016,-0.0428,-0.0015,-0.1027,-0.3646
6177,6.177,-0.0096,0.0024,-0.033,0.0204,0.0784,0.1291
6178,6.178,-0.0423,0.0001,-0.0342,0.0321,0.1118,0.1945
6179,6.179,-0.1083,0.0024,-0.0413,0.0285,0.1419,0.2532
6180,6.18,-0.1936,0.0085,-0.045,0.0253,0.1151,0.3064
6181,6.181,-0.2741,0.0179,-0.0483,0.034,0.0907,0.2586
6182,6.182,-0.2845,0.0094,-0.0447,0.0313,0.2475,0.3896
6183,6.183,-0.1992,-0.0075,-0.0284,0.019,0.3899,0.9058
6184,6.184,-0.1189,-0.0097,0.0057,0.0079,0.186,0.5543
6185,6.185,-0.0669,-0.0118,0.0013,0.014,-0.0586,0.1052
6186,6.186,-0.0385,-0.0137,-0.0027,0.0122,-0.0921,-0.187
6187,6.187,-0.0297,-0.0189,0.0175,0.0071,-0.1223,-0.2412
6188,6.188,-0.0373,-0.0205,0.0578,0.021,-0.1497,-0.2901
6189,6.189,-0.0442,-0.0192,0.0527,0.0228,-0.1253,-0.2471
6190,6.19,0.0011,-0.0256,0.0287,0.0211,-0.1478,-0.2079
6191,6.191,0.0187,-0.0179,0.0069,0.0104,-0.4125,-0.7494
6192,6.192,0.0028,-0.0108,-0.0129,-0.0047,-0.3046,-0.8273
6193,6.193,0.0077,-0.0101,-0.0237,-0.0189,-0.0088,-0.1936
6194,6.194,0.0475,-0.0024,-0.0732,-0.0058,0.1108,0.2336
6195,6.195,0.0743,0.0131,-0.066,0.0027,0.0753,0.1576
6196,6.196,0.0791,0.0151,-0.0468,0.0103,0.1083,0.2283
6197,6.197,0.0836,0.0129,-0.0293,0.009,0.1383,0.2926
6198,6.198,0.0876,0.0034,-0.0134,0.0027,0.1112,0.2349
6199,6.199,0.084,-0.0121,0.0011,-0.0005,0.333,0.6045
6200,6.2,0.0742,-0.0103,0.0056,0.0025,0.3629,0.8449
6201,6.201,0.0534,-0.0161,0.0096,-0.004,0.1185,0.364
6202,6.202,0.0344,-0.018,0.0131,-0.0082,-0.0463,-0.0854
6203,6.203,0.0275,-0.0198,0.0161,0.0003,-0.0768,-0.2614
6204,6.204,0.0123,-0.0187,0.013,0.0035,-0.1043,-0.3153
6205,6.205,-0.006,-0.0102,0.0155,0.0026,-0.1291,-0.2679
6206,6.206,0.0062,-0.0095,0.0083,0.0018,-0.107,-0.2246
6207,6.207,0.0084,-0.0025,0.015,0.0028,-0.2494,-0.4234
6208,6.208,0.0388,-0.0037,0.0377,-0.0087,-0.4162,-0.9648
6209,6.209,0.0519,-0.0015,0.0292,-0.0069,-0.2145,-0.5783
6210,6.21,0.0478,0.0004,0.0159,0.0038,0.0301,-0.085
6211,6.211,0.05,0.0007,-0.0088,0.0072,0.0921,0.2158
6212,6.212,0.0245,0.0025,-0.0309,0.0058,0.1253,0.2807
6213,6.213,0.0212,-0.0008,-0.0396,0.0096,0.1554,0.3392
6214,6.214,0.0124,-0.0016,-0.0476,0.0173,0.1285,0.2869
6215,6.215,0.0206,-0.0035,-0.0498,0.0143,0.1531,0.239
6216,6.216,0.0183,-0.0042,-0.0294,0.0002,0.3996,0.8069
6217,6.217,0.0386,-0.0048,0.012,-0.01,0.3013,0.7299
6218,6.218,0.0634,0.0006,0.0296,-0.0119,0.0323,0.2367
6219,6.219,0.0733,-0.0021,0.0885,0.0033,-0.0766,-0.2127
6220,6.22,0.0645,0.0046,0.0965,-0.0152,-0.1099,-0.2723
6221,6.221,0.0234,-0.0001,0.0469,-0.0425,-0.1399,-0.3259
6222,6.222,-0.0647,0.0056,0.0277,-0.0171,-0.113,-0.2784
6223,6.223,-0.1783,0.0001,-0.0131,-0.0139,-0.0886,-0.1479
6224,6.224,-0.2241,0.0006,-0.0502,-0.0168,-0.3351,-0.5848
6225,6.225,-0.2102,0.0074,-0.0357,-0.0141,-0.368,-0.8757
6226,6.226,-0.1218,0.0117,-0.04,-0.0068,-0.159,-0.4
6227,6.227,-0.0182,0.0056,0.0041,0.0226,0.0858,0.177
6228,6.228,-0.0322,0.0105,0.0217,0.0345,0.1193,0.2559
6229,6.229,0.0054,0.011,0.0167,0.0454,0.1495,0.3268
6230,6.23,0.0398,0.0091,-0.0364,0.0356,0.1228,0.2633
6231,6.231,0.0293,0.0129,-0.0718,0.0027,0.0985,0.2056
6232,6.232,0.0386,0.0205,-0.0392,-0.0192,0.2555,0.3641
6233,6.233,0.0816,0.0193,-0.0216,-0.0074,0.3981,0.8928
6234,6.234,0.0894,0.0244,-0.0054,0.0034,0.1574,0.5415
6235,6.235,0.0825,0.0197,0.0385,-0.0064,-0.0729,0.0925
6236,6.236,0.0891,0.0187,0.0562,-0.0152,-0.1033,-0.1996
6237,6.237,0.0718,0.0134,0.0617,-0.0071,-0.1307,-0.2537
6238,6.238,0.0668,0.0154,0.0281,-0.0095,-0.1063,-0.3025
6239,6.239,0.0623,0.0148,-0.0024,-0.0161,-0.0841,-0.2595
6240,6.24,0.0581,0.0131,0.0017,-0.0303,-0.1449,-0.2203
6241,6.241,0.0383,0.0125,-0.0016,-0.036,-0.3855,-0.7616
6242,6.242,-0.0161,0.0056,0.0085,-0.0242,-0.2871,-0.8393
6243,6.243,-0.0705,0.0026,0.0236,-0.0012,-0.0179,-0.2056
6244,6.244,-0.0633,0.0053,0.0486,0.0019,0.0911,0.2217
6245,6.245,-0.0567,0.0028,0.0191,0.0106,0.1246,0.3002
6246,6.246,-0.0509,-0.0024,-0.0166,0.0132,0.1548,0.2306
6247,6.247,-0.0244,0.0041,-0.0696,-0.004,0.1281,0.2949
6248,6.248,-0.0584,-0.0054,-0.0622,-0.0062,0.1038,0.2373
6249,6.249,-0.0894,-0.0091,-0.0296,0.0039,0.3505,0.607
6250,6.25,-0.1498,-0.0101,0.0589,-0.0018,0.3179,0.8474
6251,6.251,-0.2796,-0.0153,0.198,-0.0001,0.1091,0.3667
6252,6.252,-0.2246,-0.0144,0.1057,-0.0018,-0.0812,-0.0826
6253,6.253,-0.0401,-0.0083,0.0219,-0.0171,-0.1062,-0.2584
6254,6.254,0.0825,-0.0045,-0.0543,-0.0232,-0.1288,-0.3122
6255,6.255,0.0596,-0.0023,-0.1236,-0.0065,-0.1087,-0.265
6256,6.256,0.0793,-0.0016,-0.1611,0.0047,-0.0903,-0.2218
6257,6.257,0.0602,-0.0102,-0.2183,0.0149,-0.2417,-0.341
6258,6.258,0.0764,-0.0112,-0.1451,0.0093,-0.425,-0.8825
6259,6.259,0.0606,-0.01,-0.0593,0.0177,-0.2031,-0.6507
6260,6.26,0.0186,-0.0088,-0.0475,0.0131,0.0063,-0.0163
6261,6.261,0.0308,-0.0059,0.0466,0.0145,0.0883,0.2405
6262,6.262,0.0423,-0.0014,0.0593,0.0157,0.1133,0.1643
6263,6.263,0.0321,0.0103,0.0019,0.0235,0.1361,0.2351
6264,6.264,0.004,0.019,-0.0082,0.0183,0.1161,0.2996
6265,6.265,0.0132,0.0116,-0.0175,0.0191,0.1346,0.2417
6266,6.266,0.0059,0.0049,0.0085,0.0149,0.3871,0.8228
6267,6.267,-0.0153,-0.0062,0.0164,0.0112,0.2792,0.7459
6268,6.268,-0.009,-0.0229,0.0378,0.0063,0.049,0.2528
6269,6.269,-0.0033,-0.0116,0.0315,0.0021,-0.1008,-0.1964
6270,6.27,-0.0193,-0.0134,0.026,-0.0067,-0.1284,-0.2559
6271,6.271,-0.0436,-0.0076,0.0314,-0.0055,-0.1042,-0.3096
6272,6.272,-0.0482,-0.0091,0.0363,0.0048,-0.1268,-0.2623
6273,6.273,-0.0367,0.0018,0.0409,0.0062,-0.1066,-0.219
6274,6.274,-0.048,0.0116,0.021,0.0124,-0.3474,-0.5764
6275,6.275,0.0012,0.0206,0.0175,-0.0024,-0.3804,-0.9131
6276,6.276,0.0506,0.0287,0.0077,-0.0003,-0.1116,-0.4325
6277,6.277,0.057,0.0195,-0.0011,0.0016,0.0695,0.1446
6278,6.278,0.0515,0.0084,0.0016,0.0033,0.1029,0.2236
6279,6.279,0.036,-0.0083,0.0041,-0.0105,0.1331,0.2946
6280,6.28,0.0413,-0.0015,0.002,-0.0048,0.1063,0.2313
6281,6.281,0.0374,0.0088,0.0042,0.0104,0.082,0.1736
6282,6.282,0.0339,-0.004,0.0025,0.0084,0.2388,0.3319
6283,6.283,0.0307,-0.0089,0.0112,0.0065,0.4222,0.8604
6284,6.284,0.0278,-0.0287,0.0129,-0.0121,0.2003,0.6498
6285,6.285,0.0194,-0.0367,0.0227,0.0003,-0.0091,0.073
6286,6.286,0.0224,-0.0242,0.019,-0.02,-0.091,-0.1609
6287,6.287,0.0054,0.0007,0.0064,-0.0227,-0.116,-0.2321
6288,6.288,-0.0055,0.0106,0.0012,-0.0103,-0.1387,-0.2966
6289,6.289,-0.0195,-0.0041,-0.0128,0.0009,-0.1186,-0.2391
6290,6.29,-0.0099,-0.0177,-0.0409,-0.0051,-0.1372,-0.292
6291,6.291,-0.0113,-0.0102,-0.0372,0.0043,-0.3897,-0.8206
6292,6.292,0.0059,0.0054,-0.0482,0.0094,-0.2818,-0.7508
6293,6.293,0.0398,0.028,-0.0516,0.008,-0.0515,-0.1744
6294,6.294,0.0544,0.0252,-0.037,-0.0071,0.0982,0.2142
6295,6.295,0.0766,0.0116,-0.0234,-0.0295,0.1259,0.2858
6296,6.296,0.0887,0.0241,-0.0064,-0.0145,0.1507,0.2228
6297,6.297,0.107,0.0263,0.0088,-0.0007,0.1286,0.2815
6298,6.298,0.1171,0.0284,0.0186,0.0017,0.1083,0.2291
6299,6.299,0.1202,0.008,0.0424,0.0129,0.349,0.5656
6300,6.3,0.1013,-0,0.0324,0.019,0.3819,0.8718
6301,6.301,0.0843,-0.0172,0.0172,0.006,0.113,0.435
6302,6.302,0.0689,-0.0328,-0.0021,-0.0092,-0.0682,-0.0897
6303,6.303,0.0507,-0.0267,-0.0147,-0.0154,-0.1017,-0.1613
6304,6.304,0.0288,-0.0099,-0.0174,-0.0285,-0.1319,-0.2261
6305,6.305,0.0204,0.0013,-0.0403,-0.0201,-0.1593,-0.2846
6306,6.306,0.0071,-0.0171,-0.0495,-0.0096,-0.0857,-0.2322
6307,6.307,-0.0297,-0.0147,-0.0419,0.0056,-0.2427,-0.3764
6308,6.308,-0.0988,0.0008,-0.03,-0.0046,-0.426,-0.9443
6309,6.309,-0.2028,0.0028,-0.0282,-0.014,-0.2043,-0.5575
6310,6.31,-0.2998,0.0084,0.0021,-0.009,0.0049,-0.064
6311,6.311,-0.3627,-0.0001,0.0239,-0.0015,0.0868,0.2577
6312,6.312,-0.425,-0.0115,-0.0042,-0.0037,0.1186,0.2525
6313,6.313,-0.4363,-0.016,-0.0082,0.0003,0.1433,0.3112
6314,6.314,-0.2796,-0.0007,0.0169,0.0015,0.1212,0.2591
6315,6.315,-0.033,0.0054,0.0596,0.0093,0.1416,0.2115
6316,6.316,0.1313,0.0147,0.03,0.004,0.4193,0.7798
6317,6.317,0.1612,0.0063,0.0138,0.0013,0.3005,0.703
6318,6.318,0.1342,0.0077,-0.0009,0.0142,0.0474,0.2102
6319,6.319,0.1097,0.0063,-0.041,0.0049,-0.1175,-0.1111
6320,6.32,0.1321,0.0099,-0.0465,-0.0001,-0.0883,-0.1705
6321,6.321,0.1524,0.013,-0.0326,0.0106,-0.1158,-0.3297
6322,6.322,0.1708,0.0013,-0.0462,0.0119,-0.1406,-0.282
6323,6.323,0.154,-0.0188,-0.0187,0.0056,-0.1184,-0.2387
6324,6.324,0.1081,-0.038,0.0138,-0,-0.3423,-0.596
6325,6.325,0.0385,-0.0258,0.0266,0.003,-0.3723,-0.9325
6326,6.326,-0.1004,-0.0103,0.0062,0.0094,-0.1281,-0.4517
6327,6.327,-0.156,-0.0084,-0.0196,0.0036,0.0367,0.1256
6328,6.328,-0.1728,-0.0067,-0.0431,0.0074,0.1266,0.2046
6329,6.329,-0.0965,0.0186,-0.0885,0.0081,0.0999,0.2757
6330,6.33,-0.0272,0.022,-0.1212,0.005,0.1246,0.3404
6331,6.331,0.0358,0.0055,-0.0808,0.0091,0.1024,0.2828
6332,6.332,0.0241,-0.0034,-0.0547,0.0066,0.2447,0.3357
6333,6.333,0.0343,-0.0062,0.0176,0.0036,0.4114,0.8643
6334,6.334,0.0435,-0.0041,0.09,-0.0002,0.2098,0.6538
6335,6.335,0.0691,0.0023,0.1181,-0.0028,-0.0349,-0.0508
6336,6.336,0.061,0.0041,0.1091,-0.0097,-0.0685,-0.3333
6337,6.337,0.0394,-0.0129,0.0855,-0.0191,-0.0987,-0.2493
6338,6.338,0.0068,-0.0242,0.0497,-0.0228,-0.1261,-0.3273
6339,6.339,-0.0229,-0.0183,0.0171,-0.0238,-0.1019,-0.2576
6340,6.34,-0.0285,-0.0016,0.0226,-0.0228,-0.1244,-0.194
6341,6.341,-0.0337,0.0094,0.0383,-0.0182,-0.4296,-0.8335
6342,6.342,0.0055,0.0194,0.0139,-0.0122,-0.2989,-0.7489
6343,6.343,0.0315,0.0025,0.0092,-0.0007,-0.1,-0.2064
6344,6.344,0.0357,-0.0132,0.0051,0.0112,0.081,0.147
6345,6.345,0.022,-0.0113,0.023,0.0097,0.1143,0.2123
6346,6.346,0.0254,0.0015,0.0393,0.0138,0.1444,0.2712
6347,6.347,0.0285,0.0031,-0.0057,0.0175,0.1716,0.3244
6348,6.348,0.0249,0.0044,-0.0379,0.0254,0.0979,0.1805
6349,6.349,0.0157,0.0056,0.0031,0.0349,0.3443,0.5738
6350,6.35,0.0179,0.0141,-0.002,0.0361,0.3773,0.9437
6351,6.351,0.0297,0.0036,0.0126,0.0372,0.1085,0.4149
6352,6.352,0.0311,0.0103,0.0258,0.053,-0.0727,-0.0788
6353,6.353,0.0365,0.0064,-0.0344,0.0464,-0.1063,-0.2723
6354,6.354,0.0302,0.003,-0.0605,0.0322,-0.1365,-0.2153
6355,6.355,0.0346,0.0186,-0.0219,0.0192,-0.1099,-0.2688
6356,6.356,0.014,0.0119,-0.0151,0.0209,-0.1347,-0.2213
6357,6.357,-0.0004,0.0139,0.004,0.0133,-0.202,-0.3526
6358,6.358,-0.0183,0.0156,-0.0017,-0.0048,-0.426,-0.9483
6359,6.359,-0.0343,0.0037,-0.0067,-0.0171,-0.2175,-0.6935
6360,6.36,-0.0488,-0.0164,-0.0401,-0.0105,0.027,0.0041
6361,6.361,-0.0323,-0.0247,-0.0439,-0.0329,0.1261,0.2864
6362,6.362,-0.0392,-0.0372,0.0007,-0.072,0.0967,0.2025
6363,6.363,-0.0701,-0.0395,-0.0161,-0.0454,0.124,0.2804
6364,6.364,-0.0661,-0.0212,0.0003,-0.031,0.1486,0.2106
6365,6.365,-0.0223,-0.004,0.0249,-0.0354,0.1263,0.2746
6366,6.366,-0.0046,0.0115,0.0122,-0.0553,0.4315,0.7977
6367,6.367,0.0012,0.0216,0.0164,-0.0372,0.3007,0.8683
6368,6.368,-0.0028,0.0309,0.0202,-0.0536,0.0224,0.292
6369,6.369,0.0115,0.0427,0.0304,-0.0507,-0.0865,-0.0967
6370,6.37,0.0009,0.0443,0.0335,-0.0096,-0.12,-0.3088
6371,6.371,-0.0014,0.0291,0.0146,0.0433,-0.1502,-0.2455
6372,6.372,0.0031,0.0189,-0.0023,0.0362,-0.1234,-0.3044
6373,6.373,0.0072,0.0022,-0.0042,0.0169,-0.0991,-0.252
6374,6.374,0.0054,-0.0089,0.0023,-0.0124,-0.3457,-0.5885
6375,6.375,0.0184,-0.015,-0.0066,-0.039,-0.3788,-0.982
6376,6.376,0.0301,-0.0132,-0.0012,-0.0247,-0.1101,-0.4009
6377,6.377,0.0244,-0.0318,0.0037,-0.0027,0.071,0.1424
6378,6.378,0.008,-0.0294,0.0165,0.0091,0.1044,0.2142
6379,6.379,-0.0072,-0.036,0.0319,0.0054,0.1346,0.279
6380,6.38,-0.0373,-0.0176,0.0342,0.0086,0.1079,0.3378
6381,6.381,-0.0412,0.0147,0.0436,0.0057,0.0836,0.2856
6382,6.382,0.0115,0.0367,0.0184,0.0083,0.1957,0.334
6383,6.383,0.0192,0.0328,-0.036,0.0106,0.4198,0.9021
6384,6.384,0.0262,0.0293,-0.0591,0.0083,0.2113,0.6703
6385,6.385,0.0094,0.0262,-0.0659,0.0143,-0.0332,0.0362
6386,6.386,0.0152,-0.0008,-0.0464,0.0161,-0.0667,-0.2208
6387,6.387,0.0204,-0.0188,-0.0287,0.0178,-0.0968,-0.2993
6388,6.388,0.034,-0.0351,-0.0445,0.0223,-0.1242,-0.2297
6389,6.389,0.0703,-0.008,-0.03,0.0182,-0.1489,-0.2941
6390,6.39,0.1044,0.0029,-0.008,0.0119,-0.1267,-0.2362
6391,6.391,0.1003,-0.0002,0.0279,0.0109,-0.3912,-0.8173
6392,6.392,0.0807,-0.0029,0.0036,0.0078,-0.2833,-0.895
6393,6.393,0.0701,-0.0055,-0.0097,0.0051,-0.053,-0.261
6394,6.394,0.0407,-0.003,-0.0379,0.0025,0.0968,0.1666
6395,6.395,-0.0112,0.0082,-0.049,-0.0027,0.1245,0.2456
6396,6.396,-0.0323,0.0062,-0.059,-0.0048,0.1494,0.3168
6397,6.397,-0.0257,0.0193,-0.0564,0.0035,0.1274,0.2536
6398,6.398,0.0037,0.0312,-0.0704,0.0068,0.0667,0.1962
6399,6.399,0.0411,0.0205,-0.0336,0.0058,0.3076,0.5661
6400,6.4,0.1139,-0.0002,0.0461,0.0066,0.4063,0.9032
6401,6.401,0.0619,-0.0272,0.1032,0.0007,0.1376,0.4231
6402,6.402,0.0525,-0.0235,0.1757,0.0001,-0.0434,-0.0258
6403,6.403,0.0266,-0.0201,0.2416,0.0008,-0.0768,-0.2013
6404,6.404,0.0188,-0.0287,0.1634,0.0024,-0.1069,-0.2549
6405,6.405,0.0116,-0.0204,0.0482,0.0041,-0.1342,-0.3032
6406,6.406,-0.0207,-0.003,-0.09,-0.0007,-0.1098,-0.2597
6407,6.407,-0.109,0.0037,-0.1831,-0.0003,-0.2218,-0.2992
6408,6.408,-0.2228,0.018,-0.2676,0.0002,-0.405,-0.8402
6409,6.409,-0.1771,0.0274,-0.2834,0.0079,-0.2325,-0.6081
6410,6.41,-0.1078,0.0291,-0.2144,0.0068,0.0147,-0.1146
6411,6.411,0.0056,0.0062,-0.1519,-0.0027,0.114,0.2072
6412,6.412,0.1125,-0.0101,-0.0721,-0.0116,0.1443,0.2668
6413,6.413,0.1045,-0.0113,-0.0183,-0.0081,0.1279,0.2887
6414,6.414,0.0346,-0.0083,0.0331,0.0022,0.1011,0.2367
6415,6.415,-0.1045,-0.0108,0.0798,0.0008,0.1258,0.1892
6416,6.416,-0.2344,-0.0131,0.0534,0.002,0.3724,0.7575
6417,6.417,-0.3861,-0.0152,0.045,0.0052,0.2741,0.8356
6418,6.418,-0.4474,-0.0252,0.0516,-0.0021,0.0651,0.2022
6419,6.419,-0.3922,-0.027,0.0448,0.0025,-0.0711,-0.2248
6420,6.42,-0.2749,-0.0252,0.0269,-0.0069,-0.0961,-0.1486
6421,6.421,-0.1683,-0.0175,-0.0001,-0.0057,-0.1187,-0.2194
6422,6.422,-0.0159,-0.0078,0.0138,-0.0023,-0.1393,-0.2837
6423,6.423,0.1259,0.0036,0.0177,-0.0012,-0.0839,-0.2258
6424,6.424,0.1809,0.0175,0.0211,0.0015,-0.3363,-0.4896
6425,6.425,0.1636,0.0305,0.0242,0.0041,-0.3725,-0.9221
6426,6.426,0.1783,0.0322,0.0206,0.0063,-0.1425,-0.3987
6427,6.427,0.1362,0.0368,0.0172,0.007,0.0074,0.0953
6428,6.428,0.1481,0.0493,0.0249,0.0001,0.0352,0.1612
6429,6.429,0.1361,0.0341,0.0416,-0.0062,0.1094,0.2203
6430,6.43,0.1046,0.0076,0.0434,-0.0003,0.1321,0.274
6431,6.431,0.0948,0.004,0.0287,0.005,0.0715,0.2267
6432,6.432,0.0514,-0.0189,0.019,0.0001,0.1641,0.3579
6433,6.433,0.0589,-0.0397,-0.0033,-0.0041,0.3831,0.8743
6434,6.434,0.08,-0.0259,-0.0065,-0.0069,0.2341,0.664
6435,6.435,0.0733,0.0013,-0.0096,-0.0137,-0.0104,0.0874
6436,6.436,0.0787,-0.0167,-0.0123,-0.0222,-0.044,-0.1463
6437,6.437,0.0837,-0.0135,-0.0103,-0.019,-0.0742,-0.2175
6438,6.438,0.0787,0.0014,-0.0004,-0.0222,-0.1015,-0.2822
6439,6.439,0.0478,0.0042,0.0235,-0.0121,-0.1262,-0.2246
6440,6.44,0.0276,-0.0081,0.0397,-0.0083,-0.104,-0.172
6441,6.441,0.0239,-0.0146,0.0424,0.0003,-0.3686,-0.7967
6442,6.442,0.0268,0.0039,0.0395,0.0055,-0.3327,-0.8823
6443,6.443,0.0295,0.0263,0.0271,0.0022,-0.0367,-0.34
6444,6.444,0.0156,0.0176,-0.0022,0.0011,0.0829,0.1537
6445,6.445,0.0132,0.0313,-0.0062,-0.0017,0.1196,0.2192
6446,6.446,0.0109,0.0537,-0.0028,-0.0104,0.1527,0.278
6447,6.447,0.0087,0.0267,0.0005,-0.0139,0.1232,0.3314
6448,6.448,-0.0156,-0.006,0.0035,-0.0151,0.0963,0.0913
6449,6.449,-0.0059,-0.0103,0.0063,-0.003,0.3181,0.3971
6450,6.45,-0.0031,-0.0304,0.0139,-0.0048,0.348,0.9135
6451,6.451,-0.0059,-0.0559,0.0165,-0.0033,0.1582,0.4212
6452,6.452,-0.0084,-0.0659,0.015,0.0009,-0.0644,-0.0281
6453,6.453,-0.0197,-0.0453,0.0174,0.0048,-0.0948,-0.2041
6454,6.454,-0.0219,-0.0208,-0.0007,0.0108,-0.1223,-0.258
6455,6.455,-0.0202,0.0088,-0.0026,0.0082,-0.1472,-0.3068
6456,6.456,-0.0186,0.0206,-0.0135,0.0001,-0.1251,-0.2638
6457,6.457,-0.0141,0.0241,-0.0072,0.0081,-0.1861,-0.3038
6458,6.458,-0.0128,0.0144,0.0023,0.0113,-0.427,-0.8454
6459,6.459,-0.0093,-0.0063,0.0211,0.003,-0.1974,-0.6137
6460,6.46,-0.0125,-0.0198,0.0586,-0,0.0118,-0.1206
6461,6.461,-0.0197,-0.0219,0.0537,0.0053,0.0936,0.2005
6462,6.462,-0.0092,-0.0329,0.0301,0.0082,0.1186,0.2594
6463,6.463,-0.0048,-0.0103,0.0088,0.0091,0.1412,0.3127
6464,6.464,0.0119,0.0107,-0.0345,0.0054,0.121,0.2648
6465,6.465,0.0187,0.0245,-0.063,0.0049,0.1395,0.221
6466,6.466,0.0209,0.0319,-0.0888,0.0045,0.3919,0.7369
6467,6.467,0.0266,0.0254,-0.1024,0.003,0.284,0.8072
6468,6.468,0.0351,0.0235,-0.0885,0.0079,0.0538,0.2307
6469,6.469,0.0336,0.0216,-0.06,0.0076,-0.096,-0.1583
6470,6.47,0.0352,0.0165,-0.034,0.0025,-0.0695,-0.2302
6471,6.471,0.0294,0.0089,-0.0105,0.012,-0.1437,-0.2952
6472,6.472,0.0151,0.013,-0.0308,0.0109,-0.1216,-0.3541
6473,6.473,0.0056,0.0142,-0.0275,0.0101,-0.1015,-0.1965
6474,6.474,0.0082,0.011,-0.0046,-0.0035,-0.3052,-0.5331
6475,6.475,0.0106,-0.0026,0.029,-0.0053,-0.3867,-0.9269
6476,6.476,-0.0057,-0.0082,0.0077,-0.0001,-0.1647,-0.4516
6477,6.477,-0.0388,-0.0031,0.0443,0.0015,0.0446,0.1252
6478,6.478,-0.1111,0.0015,0.0495,0.0057,0.0723,0.2039
6479,6.479,-0.1418,0.014,0.028,0.0046,0.0971,0.2749
6480,6.48,-0.132,0.0123,-0.0076,0.0037,0.1197,0.3393
6481,6.481,-0.1057,-0.0016,-0.0315,0.0027,0.0997,0.2815
6482,6.482,-0.0821,-0.0035,-0.0268,0.0092,0.1923,0.3343
6483,6.483,-0.0323,-0.0019,-0.0147,0.0135,0.4111,0.8627
6484,6.484,0,-0.0035,-0.011,0.022,0.2621,0.652
6485,6.485,-0.0174,-0.0244,-0.001,0.0346,0.0175,0.0752
6486,6.486,-0.044,-0.0272,0.0139,0.06,-0.0817,-0.1587
6487,6.487,-0.0297,-0.03,0.055,0.0854,-0.1118,-0.2303
6488,6.488,-0.0079,-0.0276,0.0606,0.1018,-0.1391,-0.2951
6489,6.489,0.0279,-0.0255,0.0447,0.093,-0.1146,-0.2379
6490,6.49,0.0324,-0.0113,0.0205,0.0628,-0.137,-0.1855
6491,6.491,0.01,-0.0207,0.0074,0.0429,-0.4016,-0.7143
6492,6.492,-0.0506,-0.0157,-0.0044,0.0247,-0.2936,-0.7851
6493,6.493,-0.077,0.0072,0.0138,0.0215,-0.0634,-0.3371
6494,6.494,-0.0542,0.0103,0.0107,-0.0116,0.0865,0.1876
6495,6.495,-0.005,-0.0347,-0.0223,-0.0424,0.1142,0.2593
6496,6.496,0.0268,-0.0155,-0.0532,-0.0386,0.139,0.3239
6497,6.497,0.0436,0.0374,-0.0652,-0.064,0.1169,0.2664
6498,6.498,0.0484,0.0728,-0.0909,-0.0871,0.0968,0.2139
6499,6.499,0.0721,0.0791,-0.0879,-0.1202,0.3005,0.4541
6500,6.5,0.076,0.1083,-0.0853,-0.1777,0.3819,0.9347
6501,6.501,0.0718,0.1029,-0.072,-0.2168,0.1599,0.4871
6502,6.502,0.0465,0.0591,-0.0551,-0.2382,-0.0495,-0.0375
6503,6.503,0.0371,0.018,-0.0219,-0.2191,-0.0772,-0.2499
6504,6.504,0.0288,0.0019,0.0116,-0.131,-0.1022,-0.3148
6505,6.505,0.0265,-0.0418,-0.002,-0.0174,-0.1248,-0.2574
6506,6.506,0.0143,-0.1065,-0.0062,0.0283,-0.1048,-0.205
6507,6.507,0.0165,-0.1325,0.0042,0.042,-0.1974,-0.3493
6508,6.508,0.0225,-0.1093,-0.0061,0.0544,-0.4163,-0.9172
6509,6.509,0.013,-0.1166,-0.0037,0.0657,-0.2078,-0.6855
6510,6.51,0.0111,-0.0845,-0.0069,0.0758,-0.0175,-0.0512
6511,6.511,0.0003,-0.0554,-0.0051,0.0851,0.1064,0.2057
6512,6.512,-0.0067,-0.0184,-0.0036,0.0763,0.1292,0.2842
6513,6.513,-0.013,-0.0138,-0.0103,0.037,0.1092,0.3551
6514,6.514,-0.0156,-0.0268,-0.0108,0.0217,0.11,0.2769
6515,6.515,-0.0208,0.0039,-0.0059,0.0144,0.0917,0.2132
6516,6.516,-0.0065,0.0399,0.0053,0.0207,0.3441,0.7363
6517,6.517,-0.0041,0.0542,0.0278,-0.0088,0.3083,0.8068
6518,6.518,0.0048,0.0585,0.0371,-0.0038,0.078,0.2308
6519,6.519,0.0098,0.0544,0.0339,0.0202,-0.0719,-0.1579
6520,6.52,0.0252,0.0434,0.0143,0.0332,-0.0996,-0.2295
6521,6.521,0.0193,0.0401,-0.0185,0.0369,-0.1245,-0.2943
6522,6.522,0.0065,0.025,-0.0411,0.0332,-0.1472,-0.353
6523,6.523,0.0083,0.0168,-0.0697,0.0362,-0.0865,-0.1952
6524,6.524,-0.0085,0.0239,-0.0596,0.0389,-0.2902,-0.5315
6525,6.525,0.0028,0.0125,-0.0305,0.0306,-0.3716,-0.9249
6526,6.526,0.013,0.0143,-0.0191,0.0232,-0.1497,-0.5552
6527,6.527,0.0001,0.0048,0.0205,0.0165,0.0596,-0.0252
6528,6.528,-0.0253,0.0097,0.0254,0.0184,0.0873,0.1873
6529,6.529,-0.0581,-0.0013,0.0298,0.0201,0.1122,0.2523
6530,6.53,-0.0095,-0.0001,0.0427,0.0115,0.1347,0.3111
6531,6.531,0.0229,-0.0016,0.0462,0.0098,0.1146,0.2588
6532,6.532,0.0404,-0.0096,0.0493,0.0138,0.2072,0.307
6533,6.533,0.0353,-0.0235,0.0587,0.0099,0.4261,0.875
6534,6.534,0.0307,-0.0329,0.0612,0.0021,0.2175,0.6431
6535,6.535,0.0529,-0.0179,0.1019,0.0093,-0.0271,0.1498
6536,6.536,0.0571,0.0005,0.0958,0.012,-0.1263,-0.1717
6537,6.537,0.0755,-0.0019,0.0261,0.0077,-0.1566,-0.231
6538,6.538,0.0527,0.0046,-0.0216,0.013,-0.1841,-0.2846
6539,6.539,0.0739,0.0187,-0.065,0.011,-0.1106,-0.2373
6540,6.54,0.0989,0.0316,-0.0887,0.0052,-0.0885,-0.1941
6541,6.541,0.0959,0.0298,-0.1103,0.0045,-0.3938,-0.7103
6542,6.542,0.0813,0.0128,-0.117,0.008,-0.3503,-0.9217
6543,6.543,0.0403,-0.0074,-0.0764,-0.0004,-0.0721,-0.3457
6544,6.544,0.0346,-0.0155,-0.018,-0.0082,0.109,0.1976
6545,6.545,0.04,-0.0277,0.0523,-0.0156,0.1423,0.2693
6546,6.546,-0.0229,-0.0164,0.0615,-0.0072,0.1129,0.3339
6547,6.547,-0.0314,-0.006,0.0354,-0.0017,0.1402,0.2763
6548,6.548,-0.0546,0.0035,0.0274,-0.007,0.1158,0.2238
6549,6.549,-0.1471,-0.0013,0.0485,-0.0192,0.3175,0.4641
6550,6.55,-0.3365,-0.0025,0.042,-0.0209,0.3989,0.9446
6551,6.551,-0.4177,0.0046,0.0245,-0.0133,0.177,0.4969
6552,6.552,-0.4422,0.006,-0.0235,-0.0173,-0.0323,-0.0277
6553,6.553,-0.2855,0.0051,-0.0427,-0.016,-0.1143,-0.2402
6554,6.554,-0.0618,0.0062,-0.0252,-0.008,-0.0901,-0.3053
6555,6.555,0.0871,0.0203,-0.0197,-0.0046,-0.1127,-0.248
6556,6.556,0.168,0.0346,-0.0051,0.0004,-0.0926,-0.3012
6557,6.557,0.1923,0.0254,0.0083,0.0051,-0.1852,-0.2535
6558,6.558,0.1697,0.0136,0.0124,0.0018,-0.4377,-0.9088
6559,6.559,0.1085,0.0061,0.0673,0.0058,-0.2574,-0.6285
6560,6.56,0.0526,-0.0062,0.0752,-0.0007,-0.027,-0.0315
6561,6.561,0.0355,-0.0145,0.0539,-0.0049,0.063,0.2022
6562,6.562,-0.0414,-0.0157,0.0087,-0.0105,0.0906,0.2738
6563,6.563,-0.1671,-0.0194,-0.0204,-0.0095,0.1155,0.3385
6564,6.564,-0.2853,-0.0228,-0.0574,-0.0044,0.138,0.281
6565,6.565,-0.1786,-0.0054,-0.0908,-0.0011,0.1179,0.2285
6566,6.566,-0.0539,-0.0074,-0.1123,-0.0062,0.3957,0.661
6567,6.567,0.0298,0.0041,-0.1155,-0.0125,0.3563,0.8356
6568,6.568,0.0752,0.0065,-0.0602,-0.0081,0.1035,0.254
6569,6.569,0.1164,-0.0025,0.0423,-0.0057,-0.0613,-0.1346
6570,6.57,0.1034,-0.0004,0.1124,-0.0048,-0.0917,-0.2063
6571,6.571,0.1144,0.0138,0.1254,-0.0042,-0.1191,-0.271
6572,6.572,0.1035,0.0159,0.1373,-0.0045,-0.1438,-0.3296
6573,6.573,0.0933,0.0213,0.0647,0.0004,-0.1217,-0.2772
6574,6.574,0.1013,0.014,-0.0203,-0.009,-0.3048,-0.5174
6575,6.575,0.0774,0.0212,-0.0544,-0.0159,-0.3787,-0.9107
6576,6.576,0.0701,0.0353,-0.0852,-0.007,-0.1768,-0.5407
6577,6.577,0.0639,0.0523,-0.0753,0.0079,0.0679,-0.0105
6578,6.578,0.0466,0.037,-0.1007,0.0018,0.1015,0.2021
6579,6.579,0.0308,0.023,-0.0612,0.0074,0.1316,0.2674
6580,6.58,0.0453,0.0139,-0.011,0.0091,0.1049,0.3264
6581,6.581,0.0496,-0.0012,-0.0042,0.0075,0.0806,0.2745
6582,6.582,0.0217,-0.0112,0.0019,0.0034,0.1927,0.323
6583,6.583,0.0037,-0.0204,0.0182,-0.0054,0.4167,0.8914
6584,6.584,-0.0261,-0.0457,0.0232,-0.018,0.2678,0.6599
6585,6.585,-0.0459,-0.0857,0.0191,-0.0164,0.0232,0.167
6586,6.586,-0.0491,-0.0375,0.0154,-0.0089,-0.0759,-0.154
6587,6.587,-0.0716,0.0211,0.0121,-0.0049,-0.1061,-0.2129
6588,6.588,-0.0383,0.0448,0.009,-0.0038,-0.1334,-0.2662
6589,6.589,0.0105,0.0664,0.0002,-0.0029,-0.1091,-0.3146
6590,6.59,0.0042,-0.0176,-0.0025,-0.0019,-0.1314,-0.1837
6591,6.591,-0.0014,-0.0519,-0.0002,0.0007,-0.3959,-0.6996
6592,6.592,0.0039,-0.062,0.0019,0.0065,-0.36,-0.9107
6593,6.593,0.0087,-0.0524,0.0119,0.0179,-0.0641,-0.3344
6594,6.594,0.0043,-0.0782,0.01,0.0127,0.0557,0.2093
6595,6.595,0.0005,-0.0548,0.0151,0.0081,0.0925,0.2813
6596,6.596,0.0041,-0.0618,0.0077,0.0066,0.1258,0.2186
6597,6.597,0.0073,-0.0425,-0.0018,0.0128,0.0963,0.2776
6598,6.598,0.0102,-0.025,-0.0207,0.0137,0.0695,0.2255
6599,6.599,0.0129,0.0122,-0.0344,0.0064,0.2915,0.4661
6600,6.6,0.0105,0.0266,-0.0319,-0.004,0.3811,0.947
6601,6.601,0.0126,0.0309,-0.0386,-0.0248,0.1914,0.4997
6602,6.602,0.0105,0.0269,-0.0367,-0.0277,-0.0311,-0.0246
6603,6.603,0.0161,0.016,-0.035,-0.0087,-0.121,-0.2367
6604,6.604,0.0248,0.0256,-0.0336,0.0036,-0.1483,-0.3015
6605,6.605,0.0177,0.0226,-0.0231,-0.0031,-0.1239,-0.2441
6606,6.606,0.0196,0.0143,-0.0108,-0.0092,-0.1018,-0.2971
6607,6.607,0.0166,0.0068,0.0144,-0.0074,-0.1627,-0.2492
6608,6.608,0.0321,0.0088,0.0689,0.0112,-0.4035,-0.9044
6609,6.609,0.0468,0.0066,0.1078,0.0184,-0.2395,-0.6238
6610,6.61,0.0343,0.0008,0.1148,0.0205,-0.0302,-0.1971
6611,6.611,0.0431,-0.001,0.0303,0.0185,0.1061,0.1917
6612,6.612,0.0233,0.0064,-0.0734,0.0165,0.1311,0.2632
6613,6.613,0.0098,0.0131,-0.1432,0.0148,0.109,0.328
6614,6.614,-0.0174,0.0191,-0.1561,0.0163,0.1296,0.2705
6615,6.615,-0.0231,0.0201,-0.1978,0.0045,0.1168,0.2047
6616,6.616,-0.0121,0.0142,-0.1867,-0.0107,0.3946,0.6803
6617,6.617,0.0112,-0.0019,-0.1141,-0.0209,0.3553,0.8725
6618,6.618,0.0086,-0.0088,-0.0482,-0.0117,0.1025,0.3489
6619,6.619,0.0501,-0.0151,0.0118,-0.0032,-0.0624,-0.1449
6620,6.62,0.1033,-0.0061,0.0505,-0.0109,-0.0928,-0.2104
6621,6.621,0.1105,-0.0047,0.043,-0.004,-0.1202,-0.2692
6622,6.622,0.0654,-0.0095,0.0362,0.0072,-0.145,-0.3227
6623,6.623,-0.0229,-0.0194,0.0416,0.0056,-0.078,-0.2751
6624,6.624,-0.2125,-0.0234,0.036,0.0042,-0.3019,-0.5809
6625,6.625,-0.4024,-0.0247,0.0213,0.0078,-0.3914,-1.0179
6626,6.626,-0.3289,-0.0092,0.0166,0.0067,-0.2017,-0.495
6627,6.627,-0.2172,0.0199,0.0282,0.0036,0.0701,-0.0015
6628,6.628,-0.1159,0.0315,0.0171,0.0062,0.1068,0.1919
6629,6.629,-0.0238,0.0277,0.0267,0.0019,0.14,0.251
6630,6.63,-0.0075,0.0241,0.0352,-0.0019,0.1105,0.3044
6631,6.631,0.0073,0.0267,0.0378,0.0045,0.0835,0.2567
6632,6.632,0.0208,0.0127,0.0399,0.0053,0.2067,0.3005
6633,6.633,-0.0676,0.01,0.0243,0.0076,0.4084,0.896
6634,6.634,-0.1481,-0.024,0.01,0.0056,0.2188,0.641
6635,6.635,-0.1582,-0.0679,0.023,-0.0001,-0.0036,0.0981
6636,6.636,-0.0347,-0.0856,0.0247,-0.007,-0.0936,-0.1144
6637,6.637,0.0496,-0.07,0.0324,-0.0116,-0.1213,-0.1798
6638,6.638,0.0954,-0.0364,0.0505,-0.0174,-0.1462,-0.2388
6639,6.639,0.1091,-0.0057,0.0481,-0.0136,-0.1242,-0.2925
6640,6.64,0.0965,-0.0419,0.0593,-0.0043,-0.1041,-0.149
6641,6.641,0.1078,0.011,0.0492,0.007,-0.382,-0.7171
6642,6.642,0.0972,0.0321,0.0213,-0.0037,-0.3427,-0.9498
6643,6.643,0.0685,0.0254,-0.0388,-0.0024,-0.0901,-0.3166
6644,6.644,0.077,0.0194,-0.0646,-0.0062,0.0747,0.1105
6645,6.645,0.0846,0.0244,-0.0412,0.0014,0.105,0.1892
6646,6.646,0.0774,0.0196,-0.0198,-0.0125,0.1323,0.2601
6647,6.647,0.0708,0.0239,-0.052,-0.0406,0.1079,0.3245
6648,6.648,0.0648,0.0357,-0.0462,-0.0527,0.0857,0.2667
6649,6.649,0.0381,0.0392,0.002,-0.0201,0.2688,0.4251
6650,6.65,0.0331,0.0492,0.0214,0.0017,0.3921,0.9536
6651,6.651,0.0373,0.0581,0.039,0.0135,0.1454,0.4614
6652,6.652,0.0171,0.05,0.0232,0.0099,-0.0851,0.0121
6653,6.653,0.0205,0.0377,0.0187,0.0068,-0.1156,-0.1638
6654,6.654,0.0368,0.0265,-0.003,0.0041,-0.089,-0.2179
6655,6.655,0.0095,0.0164,-0.0306,0.007,-0.1139,-0.2668
6656,6.656,-0.0306,-0.0004,-0.0338,0.0096,-0.0918,-0.2238
6657,6.657,-0.0148,-0.0071,-0.0303,0.0164,-0.1528,-0.2638
6658,6.658,-0.0197,-0.0297,-0.0211,0.0066,-0.4307,-0.8052
6659,6.659,-0.0067,-0.0748,-0.007,0.0013,-0.2325,-0.7285
6660,6.66,0.0292,-0.0298,-0.0189,0.0066,0.0205,-0.0944
6661,6.661,0.0337,0.0111,-0.0072,0.0022,0.1197,0.1625
6662,6.662,0.0203,0.0269,0.0156,0.0038,0.0905,0.241
6663,6.663,-0.0158,0.0317,0.0247,0.0028,0.1178,0.3119
6664,6.664,-0.0206,0.0361,0.0059,0.004,0.1426,0.2484
6665,6.665,0.0015,0.0164,0.0086,0.0071,0.1204,0.1905
6666,6.666,-0.0024,-0.0015,0.0426,0.0046,0.385,0.666
6667,6.667,0.0012,-0.0112,0.0383,0.0038,0.3492,0.8582
6668,6.668,0.0243,-0.026,0.0874,0.0155,0.119,0.3346
6669,6.669,0.0634,-0.0286,0.0944,0.0241,-0.0903,-0.1592
6670,6.67,0.0688,-0.0409,0.0658,0.0257,-0.118,-0.2247
6671,6.671,0.0833,-0.0251,0.0077,0.0272,-0.1429,-0.2837
6672,6.672,0.0966,-0.0107,-0.0777,0.0285,-0.1208,-0.3373
6673,6.673,0.0767,-0.0124,-0.1117,0.0161,-0.1007,-0.1936
6674,6.674,0.0221,-0.0206,-0.08,0.0078,-0.2674,-0.4122
6675,6.675,-0.0015,-0.0372,-0.0889,0.0218,-0.4244,-0.9288
6676,6.676,0.0338,-0.0258,-0.0798,0.0163,-0.1597,-0.5774
6677,6.677,0.0272,0.0051,-0.0561,0.008,0.0213,-0.0003
6678,6.678,-0.0137,0.0274,-0.006,-0.0058,0.1205,0.2335
6679,6.679,-0.0188,0.0076,0.0136,-0.0113,0.1508,0.3047
6680,6.68,-0.0912,-0.003,0.0083,-0.0298,0.1241,0.2417
6681,6.681,-0.2266,0.0005,-0.0179,-0.047,0.0998,0.3003
6682,6.682,-0.3189,-0.0022,-0.0417,-0.0491,0.1671,0.2479
6683,6.683,-0.302,-0.0047,-0.0545,-0.0551,0.3911,0.8727
6684,6.684,-0.3171,0.0028,-0.0503,-0.027,0.2423,0.6179
6685,6.685,-0.192,0.0095,-0.0319,-0.0151,0.0521,0.2302
6686,6.686,-0.0407,0.0117,-0.0285,-0.0259,-0.0717,-0.1227
6687,6.687,0.061,0.0063,-0.0013,-0.0028,-0.0944,-0.1877
6688,6.688,0.0796,0.0183,0.017,0.0302,-0.1149,-0.2464
6689,6.689,0.1302,0.0415,0.0139,0.0346,-0.1335,-0.2997
6690,6.69,0.1154,0.0319,0.0228,0.0385,-0.1168,-0.2519
6691,6.691,0.1021,0.0234,0.0255,0.0567,-0.3462,-0.6451
6692,6.692,0.0651,0.0045,0.0183,0.0731,-0.3135,-0.9095
6693,6.693,0.0313,-0.0025,0.016,0.076,-0.1043,-0.3806
6694,6.694,-0.0202,-0.0088,0.0219,0.0897,0.0862,0.1134
6695,6.695,0.0275,-0.0187,0.0199,0.0873,0.1115,0.1789
6696,6.696,0.0709,-0.0277,0.0113,0.067,0.1343,0.2378
6697,6.697,0.0633,-0.0528,0.0067,0.0423,0.1145,0.2912
6698,6.698,0.0704,-0.0562,0.0052,-0.0074,0.0963,0.2438
6699,6.699,0.0512,-0.033,-0.0038,-0.043,0.2817,0.4625
6700,6.7,0.022,0.0063,-0.0049,-0.0754,0.4052,0.8995
6701,6.701,0.0061,0.0224,-0.0166,-0.1401,0.1587,0.493
6702,6.702,0.0014,0.0273,-0.0183,-0.166,-0.0716,0.016
6703,6.703,0.0059,0.0318,-0.0144,-0.127,-0.102,-0.1773
6704,6.704,-0.022,0.028,-0.0059,-0.1199,-0.1294,-0.2362
6705,6.705,-0.0111,0.0682,-0.0006,-0.1136,-0.1541,-0.2895
6706,6.706,0.0252,0.0841,-0.0105,-0.0962,-0.087,-0.2419
6707,6.707,0.0204,0.0599,-0.0247,-0.0591,-0.1479,-0.2858
6708,6.708,0.0423,0.0467,-0.0232,-0.0156,-0.4257,-0.8813
6709,6.709,0.0541,0.0267,-0.0252,0.0017,-0.3068,-0.7965
6710,6.71,0.0431,-0.0061,-0.024,0.0176,-0.0537,-0.0991
6711,6.711,-0.0066,-0.0193,-0.0202,0.0318,0.1112,0.1835
6712,6.712,-0.0851,-0.0554,-0.0243,0.0273,0.0819,0.2697
6713,6.713,-0.1164,-0.1184,-0.019,0.0471,0.1093,0.3478
6714,6.714,-0.0693,-0.1098,-0.0163,0.0504,0.1341,0.2782
6715,6.715,-0.0264,-0.0552,-0.0139,0.0271,0.1119,0.2145
6716,6.716,-0.0196,0.0137,-0.0156,0.0079,0.366,0.6559
6717,6.717,-0.012,0.0066,-0.0065,0.0285,0.3459,0.8306
6718,6.718,-0.0051,0.0001,-0.0057,0.0419,0.1048,0.3546
6719,6.719,0.0011,-0.0175,-0.0092,0.0393,-0.0601,-0.0946
6720,6.72,-0.0047,-0.0442,-0.0106,0.0325,-0.0905,-0.1541
6721,6.721,0.0004,-0.03,-0.0025,0.0138,-0.1179,-0.3132
6722,6.722,0.0244,-0.0433,0.0048,0.0159,-0.1427,-0.2657
6723,6.723,0.0551,-0.0553,-0.003,0.0134,-0.0758,-0.2224
6724,6.724,0.0667,-0.0372,0.0105,0.0192,-0.2591,-0.4208
6725,6.725,0.0557,-0.0008,0.0407,0.017,-0.3824,-0.9621
6726,6.726,0.0587,0.0331,0.0359,0.0183,-0.1808,-0.5753
6727,6.727,0.0498,0.0376,0.0155,0.0073,0.0095,0.0593
6728,6.728,0.0359,0.0339,-0.0103,0.0166,0.084,0.1462
6729,6.729,0.0333,0.023,-0.0404,0.0025,0.1067,0.2247
6730,6.73,0.0397,0.0198,-0.0606,-0.0144,0.1272,0.2957
6731,6.731,0.0455,0.0284,-0.0428,0.0011,0.0719,0.2322
6732,6.732,0.0694,0.0256,-0.02,-0.005,0.156,0.2907
6733,6.733,0.0856,0.0131,0.0006,-0.0067,0.3856,0.7664
6734,6.734,0.0943,0.0194,0.0306,0.0087,0.2871,0.5751
6735,6.735,0.0861,0.0132,0.0266,0.011,0.018,0.1675
6736,6.736,0.049,0.0149,0.023,0.0094,-0.0909,-0.0982
6737,6.737,-0.0308,0.013,0.0133,0.008,-0.1242,-0.1475
6738,6.738,-0.1801,0.0053,0.0104,0.0066,-0.0948,-0.2792
6739,6.739,-0.2815,-0.0044,0.0132,-0.0057,-0.1222,-0.2403
6740,6.74,-0.3738,-0.0183,0.0156,-0.0039,-0.0978,-0.2047
6741,6.741,-0.2896,-0.0052,0.0223,-0.0053,-0.3892,-0.6315
6742,6.742,-0.1519,-0.0069,0.0325,-0.0011,-0.3499,-0.9223
6743,6.743,-0.0224,-0.0114,0.0194,0.0104,-0.0971,-0.3408
6744,6.744,0.0279,-0.0211,0.0009,0.0122,0.0677,0.2025
6745,6.745,0.043,-0.0149,-0.0063,0.0084,0.098,0.2743
6746,6.746,0.0844,0.0021,-0.004,0.02,0.1254,0.2112
6747,6.747,0.0717,0.0045,-0.0018,0.0187,0.1011,0.2699
6748,6.748,0.037,-0.0022,0.0114,0.0147,0.0789,0.2177
6749,6.749,0.0056,0.0038,0.0064,0.021,0.2621,0.4581
6750,6.75,0.0148,0.0056,0.0112,0.0107,0.4346,0.9388
6751,6.751,-0.0114,0.0072,0.0209,-0.0101,0.2329,0.4914
6752,6.752,-0.0039,0.0087,0.0149,-0.0372,-0.0118,-0.033
6753,6.753,0.0171,0.0156,0.0276,-0.0118,-0.0454,-0.2454
6754,6.754,0.0103,0.0119,0.0261,-0.0019,-0.1351,-0.1826
6755,6.755,0.0275,0.0109,0.0065,0.007,-0.1084,-0.2413
6756,6.756,0.0432,0.0078,-0.0068,0.0044,-0.084,-0.2945
6757,6.757,0.0577,0.0087,-0.0088,-0.0177,-0.1512,-0.2467
6758,6.758,0.071,0.0095,-0.0106,-0.0263,-0.4159,-0.8147
6759,6.759,0.0673,0.0073,-0.0082,-0.0069,-0.2357,-0.7379
6760,6.76,0.0568,0.0079,-0.0097,0.0006,-0.0054,-0.1041
6761,6.761,0.0669,0.0108,-0.011,0.0212,0.0847,0.1528
6762,6.762,0.0582,0.0055,-0.0091,0.0405,0.1123,0.2313
6763,6.763,0.0446,-0.0039,-0.0046,0.0531,0.1372,0.3023
6764,6.764,0.0273,-0.0052,-0.0055,0.0555,0.1151,0.239
6765,6.765,0.0118,-0.0156,-0.0041,0.0332,0.0949,0.1813
6766,6.766,0.0017,0.0052,-0.0047,0.0185,0.3728,0.6569
6767,6.767,-0,0.0503,-0.0107,0.0049,0.3335,0.8491
6768,6.768,-0.0117,0.031,-0.0044,-0.0074,0.0808,0.3256
6769,6.769,-0.0192,0.0253,-0.0003,-0.0051,-0.084,-0.1673
6770,6.77,-0.0095,0.0306,0.0036,0.0134,-0.1144,-0.2319
6771,6.771,-0.0105,0.0064,0.0098,0.0258,-0.1417,-0.2904
6772,6.772,-0.0094,-0.0334,0.0002,0.0055,-0.1174,-0.3435
6773,6.773,-0.023,-0.0706,0.002,0.0192,-0.0952,-0.1994
6774,6.774,-0.0508,-0.1044,0.0062,0.0464,-0.2375,-0.4177
6775,6.775,-0.0626,-0.1176,0.0237,0.0499,-0.4042,-0.9335
6776,6.776,-0.0224,-0.0574,0.0264,0.0135,-0.2024,-0.581
6777,6.777,0.0043,0.0204,0.0156,-0.0497,0.0423,-0.004
6778,6.778,0.0091,0.0516,0.0016,-0.1102,0.0758,0.2294
6779,6.779,-0.0041,0.0612,-0.0076,-0.1337,0.1061,0.3007
6780,6.78,-0.0319,0.0698,-0.0261,-0.1694,0.1335,0.2377
6781,6.781,-0.0647,0.0776,-0.0333,-0.1631,0.1092,0.2964
6782,6.782,-0.0603,0.0705,-0.0579,-0.1576,0.1765,0.2442
6783,6.783,-0.0163,0.0383,-0.0807,-0.1418,0.4004,0.8693
6784,6.784,0.013,0.0325,-0.0834,-0.1178,0.2516,0.7839
6785,6.785,0.0183,0.006,-0.0695,-0.0519,0.0072,0.2414
6786,6.786,0.0135,-0.0182,-0.0421,0.0334,-0.092,-0.1107
6787,6.787,0.0266,-0.0756,-0.0166,0.0678,-0.1223,-0.1749
6788,6.788,0.0544,-0.0678,-0.0133,0.0573,-0.1496,-0.2331
6789,6.789,0.0723,-0.0606,-0.0104,0.0667,-0.1252,-0.286
6790,6.79,0.0689,-0.0929,0.0307,0.0579,-0.1028,-0.2377
6791,6.791,0.0478,-0.0637,0.0482,0.0344,-0.3673,-0.6306
6792,6.792,0.0504,-0.0265,0.0215,-0.0154,-0.3315,-0.894
6793,6.793,0.0529,-0.0217,-0.0125,-0.0348,-0.1014,-0.3641
6794,6.794,0.0553,0.0003,-0.026,-0.0407,0.0485,0.1298
6795,6.795,0.0575,0.012,-0.0225,0.0286,0.1304,0.1953
6796,6.796,0.0558,0.0228,-0.0195,0.0568,0.1063,0.2545
6797,6.797,0.0442,0.026,-0.0101,0.0653,0.1289,0.3081
6798,6.798,0.0275,0.0289,0.0043,0.073,0.1088,0.2607
6799,6.799,0.0074,0.0261,0.012,0.0658,0.2385,0.3921
6800,6.8,-0.0007,0.0188,-0.0007,0.0465,0.39,0.9085
6801,6.801,0.0018,0.0254,-0.0077,0.0408,0.2068,0.5565
6802,6.802,0.0084,0.0193,-0.0306,0.0354,-0.0156,0.1081
6803,6.803,-0.0223,0.0062,-0.046,0.0401,-0.1057,-0.1831
6804,6.804,-0.0885,0.0011,-0.0602,0.0357,-0.1332,-0.2364
6805,6.805,-0.2308,-0.0005,-0.0536,0.0318,-0.109,-0.2848
6806,6.806,-0.2106,-0.0019,-0.0388,0.0282,-0.0869,-0.2412
6807,6.807,-0.1923,-0.0057,-0.0293,0.025,-0.1479,-0.2016
6808,6.808,-0.2091,-0.009,-0.0133,0.0278,-0.3888,-0.7425
6809,6.809,-0.1327,-0.0038,0.0197,0.0251,-0.2905,-0.6643
6810,6.81,-0.0634,0.0007,0.0045,0.0178,-0.0216,-0.1709
6811,6.811,-0.026,-0.0037,0.017,-0.0025,0.0872,0.15
6812,6.812,0.0312,0.0047,0.0281,-0.0106,0.1204,0.209
6813,6.813,0.0412,0.0079,0.0094,0.0066,0.1504,0.2626
6814,6.814,0.0313,0.0025,0.0119,0.0133,0.1234,0.3112
6815,6.815,0.0396,-0.0021,0.0201,-0.0009,0.0989,0.1805
6816,6.816,0.0317,0.0037,0.0167,0.0047,0.3453,0.6174
6817,6.817,0.0409,0.0164,0.0066,0.0032,0.3548,0.3901
6818,6.818,0.0623,0.0079,-0.0164,-0.0018,0.1246,-0.0175
6819,6.819,0.0559,0.0068,-0.032,-0.0002,-0.0849,-0.177
6820,6.82,0.05,0.0058,-0.0354,-0.0043,-0.1128,-0.226
6821,6.821,0.055,0.0197,-0.0384,-0.0105,-0.1378,-0.2703
6822,6.822,0.0501,0.0258,-0.0324,-0.0094,-0.1159,-0.2312
6823,6.823,0.028,-0.0022,-0.0228,-0.0104,-0.0959,-0.3398
6824,6.824,0.016,-0.0303,-0.0066,-0.0039,-0.2626,-0.8323
6825,6.825,0.0124,-0.0123,0.0266,-0.0063,-0.4197,-0.6214
6826,6.826,0.0288,-0.0025,0.06,0.0037,-0.196,-0.0452
6827,6.827,0.0262,0.0004,0.0639,-0.0004,0.0133,0.1879
6828,6.828,0.0182,0.0086,0.0516,0.0032,0.095,0.259
6829,6.829,0.0159,0.021,0.0182,0.0109,0.1198,0.3235
6830,6.83,0.0137,0.01,-0.0132,0.0117,0.1423,0.2658
6831,6.831,0.0075,-0.0042,-0.0499,-0.0025,0.1221,0.2132
6832,6.832,0.0131,-0.0171,-0.0263,-0.0087,0.1405,0.8377
6833,6.833,0.0151,-0.012,-0.0139,-0.0068,0.3928,0.7525
6834,6.834,0.0109,-0.0013,-0.0347,-0.0185,0.2847,0.21
6835,6.835,0.0101,-0.0053,-0.0463,-0.0323,0.0543,-0.1428
6836,6.836,-0.0009,-0.0243,-0.0105,-0.0451,-0.0957,-0.2081
6837,6.837,-0.0021,-0.038,0.0034,-0.0364,-0.1233,-0.2672
6838,6.838,0.0164,-0.0009,-0.0188,-0.0132,-0.1975,-0.321
6839,6.839,0.024,0.0042,-0.0389,-0.0293,-0.1756,-0.1777
6840,6.84,0.0176,-0.0102,0.0158,-0.0499,-0.0742,-0.5715
6841,6.841,0.0158,-0.0146,0.055,-0.0415,-0.315,-0.9418
6842,6.842,0.0252,-0.0028,0.0908,-0.0088,-0.3481,-0.5096
6843,6.843,0.027,0.0226,0.1233,-0.0041,-0.1393,0.0142
6844,6.844,0.0101,0.0195,0.0942,0.0079,0.051,0.2257
6845,6.845,-0.0101,0.0167,0.0678,0.019,0.1253,0.2901
6846,6.846,-0.0128,0.0141,0.0244,-0.0105,0.148,0.3483
6847,6.847,-0.0103,0.0018,-0.0162,-0.0463,0.1279,0.2956
6848,6.848,-0.0081,0.0041,-0.0531,-0.0508,0.1096,0.4396
6849,6.849,0.0061,0.0022,-0.0575,-0.0374,0.261,0.9198
6850,6.85,0.0229,0.0004,-0.0528,-0.0093,0.4033,0.5996
6851,6.851,0.0296,0.0021,-0.0164,0.0016,0.1995,0.0753
6852,6.852,0.0357,0.0037,0.0275,-0.0016,0.0091,-0.137
6853,6.853,0.0412,0.0078,0.0687,-0.0104,-0.1148,-0.2024
6854,6.854,0.0429,0.009,0.0424,-0.0024,-0.1376,-0.2615
6855,6.855,0.0198,0.0101,0.0281,0.0199,-0.1177,-0.3152
6856,6.856,-0.0299,0.0071,0.0062,0.0227,-0.0996,-0.2679
6857,6.857,0.0055,0.0079,0.0182,0.0199,-0.1501,-0.8363
6858,6.858,0.0638,0.0038,0.0221,0.0221,-0.3797,-0.7594
6859,6.859,0.056,0.0016,-0.0005,0.0286,-0.2815,-0.1261
6860,6.86,0.0491,-0.0004,-0.0329,0.0305,-0.0126,0.1299
6861,6.861,0.0558,0.0013,-0.0542,0.0247,0.0962,0.2079
6862,6.862,0.0503,-0.0062,-0.0495,0.0194,0.1296,0.2785
6863,6.863,-0.0294,-0.0135,-0.0377,-0.0038,0.1001,0.3426
6864,6.864,-0.2016,-0.0108,-0.0069,-0.0008,0.1273,0.1684
6865,6.865,-0.3246,-0.0099,0.022,0.0019,0.1029,0.6439
6866,6.866,-0.2125,-0.0092,-0.0024,-0.0064,0.3494,0.8355
6867,6.867,-0.0702,-0.0028,-0.0112,-0.009,0.3824,0.4283
6868,6.868,0.0224,-0.0003,-0.0015,0.002,0.1135,-0.049
6869,6.869,0.0392,0.0004,-0.0034,0.008,-0.0676,-0.2424
6870,6.87,0.0239,-0.0073,-0.025,0.0171,-0.1011,-0.3014
6871,6.871,0.0377,-0.0063,-0.0634,0.0153,-0.1312,-0.2492
6872,6.872,-0.0001,-0.009,-0.0893,0.0137,-0.1586,-0.2018
6873,6.873,-0.0347,-0.0098,-0.0744,0.0066,-0.0849,-0.4205
6874,6.874,-0.066,-0.0092,-0.0339,0.0204,-0.2418,-0.9369
6875,6.875,-0.1325,-0.0112,0.0039,0.0407,-0.4658,-0.5856
6876,6.876,-0.055,-0.0107,0.019,0.0598,-0.1972,-0.0089
6877,6.877,0.0595,-0.009,0.0417,0.0573,0.0559,0.2246
6878,6.878,0.0745,-0.0065,0.0784,0.055,0.0894,0.2959
6879,6.879,0.0604,-0.0023,0.1031,0.0691,0.1197,0.2328
6880,6.88,-0.0029,-0.0063,0.108,0.0411,0.1471,0.2915
6881,6.881,-0.1066,-0.0048,0.1444,-0.0191,0.1228,0.239
6882,6.882,-0.1484,-0.0069,0.1786,-0.0278,0.1453,0.7675
6883,6.883,-0.136,-0.0022,0.1304,-0.0201,0.4099,0.6978
6884,6.884,-0.0554,0.0048,0.0467,0.0012,0.302,0.2494
6885,6.885,0.0176,0.0151,-0.0104,-0.0053,0.0062,-0.1591
6886,6.886,0.0081,0.0221,-0.1247,0.0003,-0.1133,-0.2133
6887,6.887,0.0339,0.0258,-0.17,-0.0264,-0.0777,-0.262
6888,6.888,0.0728,0.018,-0.1834,-0.0701,-0.1108,-0.3062
6889,6.889,0.1081,0.0151,-0.2206,-0.0759,-0.1408,-0.1877
6890,6.89,0.1014,0.0124,-0.2088,-0.1024,-0.1138,-0.5847
6891,6.891,0.0837,0.003,-0.1146,-0.1168,-0.3355,-0.9547
6892,6.892,0.0888,-0.0007,-0.0262,-0.0595,-0.3653,-0.426
6893,6.893,0.0742,-0.0016,-0.0607,-0.0517,-0.121,0.0677
6894,6.894,0.052,0.008,-0.0714,-0.0304,0.0439,0.2611
6895,6.895,0.0319,0.0044,-0.0623,-0.0368,0.0744,0.3201
6896,6.896,0.0352,-0.0011,-0.0025,-0.0193,0.1019,0.2681
6897,6.897,0.0253,0.002,-0.011,-0.0034,0.1268,0.2205
6898,6.898,0.0045,0.0012,0.0096,0.0304,0.1047,0.3516
6899,6.899,0.0019,-0.0013,0.0282,0.0348,0.2471,0.9472
6900,6.9,0.0093,0.001,0.0685,0.0386,0.414,0.5218
6901,6.901,0.0296,-0.0068,0.0733,0.0495,0.2124,0.1337
6902,6.902,0.0324,-0.0037,0.136,0.0463,-0.0322,-0.2196
6903,6.903,0.0302,-0.0063,0.1617,0.0435,-0.0656,-0.2848
6904,6.904,0.0238,-0.0055,0.1539,0.0244,-0.0958,-0.3437
6905,6.905,0.026,-0.0061,0.1042,0.0221,-0.1232,-0.2916
6906,6.906,0.0205,-0.0081,0.0457,0.0243,-0.148,-0.244
6907,6.907,-0.0048,-0.0076,-0.0252,0.0305,-0.1258,-0.8122
6908,6.908,-0.0229,-0.0035,-0.1111,0.036,-0.3904,-0.7354
6909,6.909,-0.0327,-0.006,-0.1461,0.0242,-0.2824,-0.2426
6910,6.91,-0.0297,0.0009,-0.2195,0.0104,-0.0522,0.2066
6911,6.911,-0.0323,0.0167,-0.2106,0.0198,0.0977,0.2659
6912,6.912,-0.0345,0.0233,-0.2198,0.0283,0.1253,0.3193
6913,6.913,-0.0007,0.0091,-0.1657,0.0084,0.1012,0.2719
6914,6.914,0.0625,0.0072,-0.1165,-0.0053,0.1237,0.2284
6915,6.915,0.0537,0.0122,-0.1106,-0.0125,0.1036,0.5857
6916,6.916,0.0458,0.0016,-0.023,-0.0237,0.3443,0.9222
6917,6.917,0.0245,-0.0025,0.0141,-0.0095,0.3774,0.4414
6918,6.918,0.0254,-0.0039,0.0809,-0.0076,0.1204,-0.0798
6919,6.919,0.0194,-0.0027,0.1149,-0.0354,-0.0889,-0.2733
6920,6.92,0.014,-0.0059,0.1248,-0.0393,-0.1166,-0.2163
6921,6.921,0.009,-0.005,0.1148,-0.0285,-0.1415,-0.27
6922,6.922,-0.0051,-0.0004,0.0537,-0.012,-0.1194,-0.2226
6923,6.923,-0.0181,0.0055,0.0453,-0.0148,-0.0993,-0.3538
6924,6.924,-0.0219,0.0003,0.0375,-0.0011,-0.229,-0.9497
6925,6.925,-0.0182,-0.0062,0.0176,0.0062,-0.4142,-0.5244
6926,6.926,-0.0213,-0.0036,0.0113,0.0085,-0.1924,-0.1363
6927,6.927,-0.0182,0.0001,0.0586,0.0025,0.0169,0.076
6928,6.928,-0.0206,-0.002,0.0773,0.0044,0.0989,0.1409
6929,6.929,-0.0327,-0.009,0.0593,0.0027,0.1239,0.3157
6930,6.93,-0.0618,-0.0098,0.0107,-0.0019,0.1466,0.2633
6931,6.931,-0.0895,-0.009,-0.0093,-0.0145,0.1265,0.2155
6932,6.932,-0.1441,-0.0127,-0.0392,0.004,0.1083,0.7833
6933,6.933,-0.1673,-0.0148,-0.0451,0.0112,0.3607,0.8608
6934,6.934,-0.0747,-0.0054,-0.0505,0.0133,0.2528,0.2268
6935,6.935,0.0138,0.0043,-0.091,0.0113,0.0227,-0.2007
6936,6.936,0.0485,-0.002,-0.1077,0.0131,-0.0674,-0.2795
6937,6.937,0.0799,-0.0053,-0.0552,0.0046,-0.0949,-0.2103
6938,6.938,0.0896,-0.0043,-0.0203,-0.0184,-0.1197,-0.275
6939,6.939,0.0467,-0.0052,0.0375,-0.0153,-0.1422,-0.2176
6940,6.94,0.0235,-0.0147,0.0917,-0.0005,-0.0815,-0.5874
6941,6.941,0.0165,-0.0136,0.198,0.0076,-0.3222,-0.9243
6942,6.942,0.0359,-0.0215,0.2743,0.0099,-0.3551,-0.4438
6943,6.943,0.0185,-0.0101,0.2325,0.0033,-0.1462,0.1331
6944,6.944,0.0132,0.0005,0.1946,0.0014,0.0986,0.2118
6945,6.945,-0.0304,0.0017,0.206,0.0071,0.1321,0.2829
6946,6.946,-0.0714,-0.0021,0.1537,0.0123,0.1028,0.3474
6947,6.947,-0.1087,-0.0032,0.0303,0.0201,0.1302,0.2896
6948,6.948,-0.0944,0.004,-0.0875,0.0133,0.1059,0.3424
6949,6.949,-0.0373,0.0103,-0.1026,0.0046,0.218,0.8708
6950,6.95,-0.0297,0.0127,-0.1999,-0.0056,0.4015,0.6602
6951,6.951,-0.0227,0.012,-0.2629,0.0015,0.2292,0.0833
6952,6.952,-0.0552,0.0126,-0.3204,0.0079,-0.0179,-0.1505
6953,6.953,-0.0261,0.0083,-0.31,0.0002,-0.0513,-0.2221
6954,6.954,0.0217,0.0087,-0.2056,-0.0093,-0.0814,-0.2869
6955,6.955,0.0408,0.0111,-0.0248,0.0072,-0.1087,-0.2295
6956,6.956,0.0698,0.008,-0.0004,0.0184,-0.0843,-0.2827
6957,6.957,0.0748,0.0041,0.0219,-0,-0.1515,-0.8114
6958,6.958,0.0602,0.0035,0.0421,-0.0173,-0.416,-0.7417
6959,6.959,0.0202,0.0012,0.0237,-0.0419,-0.308,-0.2933
6960,6.96,-0.0172,0.0032,-0.0267,-0.0451,-0.0776,0.1151
6961,6.961,-0.0221,0.0082,-0.0115,-0.0302,0.0722,0.1692
6962,6.962,0.0175,0.0089,-0.0254,-0.0111,0.0999,0.3142
6963,6.963,0.0546,0.0083,0.0123,0.0112,0.1249,0.2713
6964,6.964,0.0592,0.0042,0.047,0.0141,0.1475,0.2321
6965,6.965,0.046,0.0047,0.0576,-0.0107,0.0868,0.557
6966,6.966,0.0019,0.005,-0.0273,-0.0205,0.3276,0.8629
6967,6.967,-0.0039,0.0114,-0.0383,-0.0118,0.3607,0.4261
6968,6.968,0.0011,0.0067,-0.0275,0.0019,0.1519,-0.0985
6969,6.969,0.0251,0.0008,-0.0174,0.0142,-0.0927,-0.1703
6970,6.97,0.0381,-0.003,0.0437,-0.0152,-0.1261,-0.2351
6971,6.971,0.0578,-0.0094,0.0678,-0.0191,-0.0967,-0.2937
6972,6.972,0.054,-0.0086,0.0614,0.0062,-0.124,-0.2413
6973,6.973,0.0308,-0.0186,0.0557,0.003,-0.0995,-0.3855
6974,6.974,-0.0085,-0.0061,0.0738,-0.0118,-0.2116,-0.9534
6975,6.975,-0.0139,-0.0011,0.101,-0.0091,-0.4355,-0.5668
6976,6.976,0.0003,0.0065,0.0677,0.0232,-0.2269,-0.0732
6977,6.977,0.0045,0.0025,0.0195,0.0277,0.0178,0.2483
6978,6.978,0.0006,0.0013,0.0134,0.0238,0.117,0.1914
6979,6.979,-0.0103,-0.0042,0.0665,0.0203,0.0877,0.245
6980,6.98,-0.0136,0.001,0.0596,0.0171,0.1151,0.2937
6981,6.981,-0.0224,0.0002,0.0275,0.0022,0.1398,0.2506
6982,6.982,-0.0142,-0.004,-0.0132,-0.0005,0.1177,0.767
6983,6.983,-0.0068,-0.0077,-0.0183,0.0068,0.3823,0.8379
6984,6.984,-0.0088,0.0002,0.0158,0.0134,0.2743,0.262
6985,6.985,-0.0186,0.0075,-0.0236,-0.005,0.044,-0.1264
6986,6.986,-0.0424,0.0103,-0.1031,-0.0027,-0.1057,-0.1978
6987,6.987,-0.0191,-0.0008,-0.0911,0.0129,-0.0792,-0.2622
6988,6.988,0.0082,0.0009,-0.1008,0.0109,-0.104,-0.3203
6989,6.989,0.0193,0.005,-0.0717,0.0128,-0.1266,-0.1619
6990,6.99,0.0097,0.0063,-0.0624,0.0145,-0.1064,-0.5941
6991,6.991,-0.005,-0.004,-0.054,-0.0085,-0.3101,-0.8846
6992,6.992,-0.0185,-0.0053,-0.0039,-0.0381,-0.3915,-0.4087
6993,6.993,-0.0506,0.0036,0.0289,-0.0181,-0.1203,0.0408
6994,6.994,-0.0372,0.0069,0.0468,-0.0072,0.0608,0.2169
6995,6.995,-0.001,0.004,0.0207,-0.0236,0.0942,0.2709
6996,6.996,0.0135,0.0049,-0.0222,0.0035,0.1244,0.3197
6997,6.997,0.0179,-0.0009,-0.0273,0.0144,0.1517,0.2768
6998,6.998,0.0062,-0.0046,-0.0002,0.0112,0.0781,0.3169
6999,6.999,0.0098,-0.0038,0.0144,0.0141,0.235,0.8584
7000,7,0.0131,-0.0054,0.019,0.0059,0.4184,0.6267
7001,7.001,0.0104,-0.0059,0.0552,0.0035,0.1966,0.1336
7002,7.002,0.0132,-0.0073,0.0697,0.0057,-0.0127,-0.1877
7003,7.003,0.006,-0.0003,0.0479,0.0077,-0.0947,-0.2467
7004,7.004,-0.005,-0.0075,0.0204,-0.0016,-0.1197,-0.3002
7005,7.005,-0.0109,-0.0048,-0.0117,-0.0033,-0.1423,-0.2526
7006,7.006,0.0024,-0.0039,-0.033,-0.0139,-0.1224,-0.2092
7007,7.007,-0.0024,0.0031,-0.0523,-0.0152,-0.141,-0.8047
7008,7.008,-0.0191,0.0004,-0.0626,-0.0064,-0.3936,-0.8901
7009,7.009,-0.0255,0.003,-0.0322,-0.0097,-0.2858,-0.1927
7010,7.01,-0.0355,0.0008,0.0284,-0.017,-0.0556,0.0899
7011,7.011,-0.0225,0.0029,0.0892,-0.0048,0.094,0.1765
7012,7.012,-0.0309,0.0034,0.0191,0.0036,0.1216,0.2548
7013,7.013,-0.0262,0.0051,-0.0467,-0.0009,0.1464,0.3259
7014,7.014,-0.0052,-0.0027,-0.0895,0.0061,0.1243,0.2625
7015,7.015,0.0219,0.0005,-0.0343,0.0124,0.1041,0.5533
7016,7.016,0.0473,0.0015,0.0017,0.018,0.3078,0.9234
7017,7.017,0.0505,0.0042,-0.0301,0.017,0.3892,0.3949
7018,7.018,0.0653,-0.0017,-0.0943,0.0216,0.1179,-0.0985
7019,7.019,0.0618,-0.0026,-0.1124,0.0109,-0.0647,-0.2107
7020,7.02,0.0481,0.0026,-0.0861,-0.0019,-0.1015,-0.2755
7021,7.021,0.0157,0.0033,-0.0935,-0.0224,-0.1347,-0.334
7022,7.022,0.0024,-0.0009,-0.0719,-0.0197,-0.1052,-0.2815
7023,7.023,-0.0095,-0.0004,-0.0265,0.0026,-0.0783,-0.3297
7024,7.024,0.0157,-0.0083,0.0502,-0.0062,-0.2016,-0.8977
7025,7.025,-0.0142,-0.0093,0.1025,-0.0199,-0.4034,-0.6657
7026,7.026,-0.0343,-0.0063,0.1691,-0.0075,-0.2138,-0.0313
7027,7.027,-0.0163,0.0001,0.178,0.0037,0.0085,0.2258
7028,7.028,-0.0131,-0.0024,0.1392,0.0057,0.0985,0.3044
7029,7.029,-0.0582,-0.0077,0.0753,-0.0073,0.126,0.2349
7030,7.03,-0.1035,-0.0071,0.0497,0.0011,0.1017,0.2994
7031,7.031,-0.0979,-0.0076,0.0421,-0.0035,0.1243,0.2419
7032,7.032,-0.1033,-0.0072,0.0066,-0.0022,0.1447,0.7176
7033,7.033,-0.0792,-0.0098,-0.0648,0.0091,0.3855,0.782
7034,7.034,-0.013,-0.0067,-0.1125,0.0167,0.2871,0.2584
7035,7.035,0.0343,-0.008,-0.1386,0.007,0.078,-0.2352
7036,7.036,0.0429,-0.0022,-0.1311,-0.012,-0.1123,-0.3004
7037,7.037,0.035,0.0003,-0.0959,-0.0148,-0.0884,-0.3592
7038,7.038,0.0421,0.0055,-0.051,-0.0075,-0.1558,-0.3071
7039,7.039,0.0227,0.0047,0.0255,-0.0323,-0.1358,-0.1634
7040,7.04,0.0169,0.003,0.1404,-0.0421,-0.0805,-0.4692
7041,7.041,-0.0097,0.0046,0.095,-0.0273,-0.2993,-0.9061
7042,7.042,0.0144,0.0041,0.0257,-0.0027,-0.3888,-0.3829
7043,7.043,0.0275,0.0009,-0.0623,0.0005,-0.1447,0.1108
7044,7.044,0.0235,0.0038,-0.2116,0.0033,0.0201,0.3042
7045,7.045,0.0198,0.0063,-0.2317,0.0223,0.1101,0.2472
7046,7.046,0.0296,0.0114,-0.102,0.0295,0.1374,0.3006
7047,7.047,0.0444,0.0077,-0.018,0.0272,0.1132,0.2529
7048,7.048,0.0525,0.0012,0.0583,0.0211,0.0462,0.3841
7049,7.049,0.05,0.0037,0.0721,0.0043,0.1885,0.9003
7050,7.05,0.0433,0.0043,0.1096,0.0154,0.4293,0.6899
7051,7.051,0.0331,0.0049,0.0058,0.0134,0.2652,0.1131
7052,7.052,0.0051,0.0018,-0.036,0.0115,-0.004,-0.1206
7053,7.053,-0.0229,0.0058,-0.0739,0.003,-0.1128,-0.192
7054,7.054,-0.0483,0.0063,-0.0163,-0.0171,-0.0804,-0.2567
7055,7.055,-0.0516,0.0012,0.0985,-0.0198,-0.1105,-0.3152
7056,7.056,-0.0368,0.0005,0.0834,-0.0026,-0.0837,-0.2627
7057,7.057,-0.0122,-0.0038,0.0418,-0.0005,-0.1083,-0.7913
7058,7.058,-0.009,-0.0043,0.0545,0.0015,-0.3997,-0.8619
7059,7.059,0.0058,-0.0048,0.1122,0.007,-0.2809,-0.2858
7060,7.06,0.0084,-0.0026,0.0395,0.0086,-0.1001,0.1028
7061,7.061,-0.0089,0.0021,-0.0077,0.004,0.0648,0.1744
7062,7.062,-0.0383,0.0078,0.0529,-0.0029,0.0952,0.2391
7063,7.063,-0.0184,0.0056,-0.0018,-0.0116,0.1226,0.2978
7064,7.064,0.0216,0.002,-0.0516,-0.0126,0.0984,0.2454
7065,7.065,0.0374,-0.0022,-0.0579,-0.0031,0.0762,0.4857
7066,7.066,0.0327,-0.0005,-0.0519,0.0133,0.3001,0.8792
7067,7.067,0.0194,0.002,-0.0783,0.0021,0.3897,0.5094
7068,7.068,0.0155,-0.0049,-0.0152,0.0041,0.1455,-0.0206
7069,7.069,0.0263,-0.0079,0.0279,-0.0015,-0.085,-0.233
7070,7.07,0.0099,-0.0144,0.0825,0.0137,-0.0558,-0.298
7071,7.071,0.0069,-0.0066,0.0329,0.0198,-0.1373,-0.2407
7072,7.072,0.0096,-0.0014,0.0525,0.0068,-0.113,-0.294
7073,7.073,0.0022,0.0014,0.0237,-0.0118,-0.0908,-0.3423
7074,7.074,-0.0315,0.0073,-0.0451,-0.0045,-0.1925,-0.9103
7075,7.075,-0.0654,-0.0012,-0.054,-0.0023,-0.3962,-0.6786
7076,7.076,-0.0433,-0.0001,-0.0965,-0.0043,-0.2066,-0.0444
7077,7.077,-0.0233,0.0072,-0.0727,-0.0024,0.0159,0.2126
7078,7.078,0.0021,0.0157,-0.0513,-0.004,0.106,0.2911
7079,7.079,0.0055,0.0054,-0.0321,0.0037,0.0794,0.2215
7080,7.08,-0.0032,-0.0015,0.056,-0.0003,0.1043,0.286
7081,7.081,-0.0278,-0.0027,0.1443,-0.0041,0.1269,0.2283
7082,7.082,-0.0375,-0.0082,0.1558,0.0037,0.1474,0.7039
7083,7.083,-0.0462,-0.0092,0.1456,-0.01,0.3882,0.7681
7084,7.084,-0.0104,-0.0045,0.0603,-0.0044,0.29,0.2443
7085,7.085,0.004,-0.0036,0.072,0.0041,0.0811,-0.109
7086,7.086,0.0085,0.0079,0.0412,-0.0004,-0.1092,-0.1744
7087,7.087,0.0204,0.0131,-0.1008,0.0037,-0.0852,-0.2335
7088,7.088,0.0169,0.0086,-0.2429,0.0025,-0.1078,-0.2869
7089,7.089,0.0071,-0.0039,-0.261,-0.0123,-0.1282,-0.2391
7090,7.09,0.0158,0.0012,-0.1428,-0.0102,-0.0728,-0.5449
7091,7.091,0.0131,0.0059,-0.066,-0.0046,-0.2914,-0.9024
7092,7.092,0.0154,0.0019,-0.0518,0.0073,-0.3808,-0.4699
7093,7.093,0.0131,-0.0018,0.0116,0.0244,-0.1365,0.0548
7094,7.094,0.011,-0.0007,0.0233,0.0223,0.0942,0.2672
7095,7.095,0.0165,0.0004,0.1382,0.0122,0.0653,0.3322
7096,7.096,0.0147,-0.006,0.1536,0.0068,0.147,0.2747
7097,7.097,0.0162,-0.0017,0.1123,-0.0016,0.1229,0.2223
7098,7.098,0.0176,-0.0039,0.125,-0.0121,0.1009,0.2706
7099,7.099,0.0215,-0.0017,0.1366,-0.0217,0.2028,0.9258
7100,7.1,0.0162,0,0.1262,-0.0179,0.4067,0.6452
7101,7.101,0.0008,0.0065,0.0029,-0.0008,0.2172,0.0481
7102,7.102,-0.0324,-0.0012,-0.115,0.0116,-0.0051,-0.1858
7103,7.103,-0.0273,0.002,-0.161,0.0004,-0.095,-0.2573
7104,7.104,-0.0052,-0.0007,-0.1195,0.0025,-0.1225,-0.322
7105,7.105,0.0148,0.0003,-0.0817,0.0118,-0.1472,-0.2646
7106,7.106,0.0184,-0.0019,-0.139,0.0168,-0.125,-0.2124
7107,7.107,0.002,-0.0011,-0.1491,0.0123,-0.1047,-0.7411
7108,7.108,-0.0187,-0.0028,-0.0445,-0.0057,-0.3825,-0.8118
7109,7.109,-0.005,0.0061,-0.0582,-0.0228,-0.3431,-0.2358
7110,7.11,0.0324,0.0024,0.0303,-0.0293,-0.0901,0.1528
7111,7.111,0.0166,-0.0008,0.157,-0.0313,0.0748,0.2244
7112,7.112,0.0214,-0.006,0.0393,-0.0146,0.1052,0.289
7113,7.113,0.0259,-0.0032,-0.037,0.0057,0.1327,0.3476
7114,7.114,0.0141,-0.0058,-0.0786,0.0138,0.1085,0.1899
7115,7.115,0.0178,-0.0051,0.0096,0.0162,0.0864,0.5265
7116,7.116,0.0147,-0.0015,0.0901,0.0184,0.3102,0.92
7117,7.117,-0.0182,0.0016,0.0797,0.0083,0.3998,0.4444
7118,7.118,-0.0225,0.0092,0.07,-0.0009,0.1557,-0.0047
7119,7.119,-0.0025,0.0062,-0.0078,-0.0161,-0.0747,-0.1806
7120,7.12,-0.0119,0.0048,-0.1022,-0.0142,-0.0948,-0.2563
7121,7.121,-0.0083,0.0021,-0.1124,-0.0081,-0.1249,-0.3097
7122,7.122,-0.0313,0.003,-0.1596,0.0013,-0.0981,-0.2622
7123,7.123,-0.0285,0.0036,-0.1164,-0.0004,-0.1228,-0.3061
7124,7.124,-0.0642,-0.0028,-0.0617,-0.002,-0.19,-0.9019
7125,7.125,-0.0595,-0.0053,0.045,-0.0007,-0.4139,-0.6471
7126,7.126,-0.0463,-0.009,0.2745,-0.0197,-0.2053,-0.1044
7127,7.127,-0.0903,-0.0055,0.2415,-0.0171,-0.015,0.2487
7128,7.128,-0.0493,-0.0013,0.0924,0.02,0.1089,0.1858
7129,7.129,-0.044,-0.0053,0.0654,0.0252,0.087,0.2446
7130,7.13,-0.0003,-0.0068,0.041,0.0298,0.1482,0.2978
7131,7.131,0.0289,-0.0038,-0.0708,0.0253,0.1299,0.25
7132,7.132,0.0661,-0.0018,-0.1314,0.0134,0.1133,0.7304
7133,7.133,0.0708,0.0032,-0.1128,0.0169,0.3428,0.7946
7134,7.134,0.084,0.0025,-0.1294,-0.0061,0.3101,0.2708
7135,7.135,0.0879,0.0008,-0.053,-0.021,0.1011,-0.0826
7136,7.136,0.0915,0.0071,-0.0116,-0.0019,-0.0894,-0.276
7137,7.137,0.075,0.0012,0.0006,-0.0043,-0.1145,-0.335
7138,7.138,0.0542,0.0018,-0.0343,-0.0198,-0.1373,-0.283
7139,7.139,0.035,-0.0032,0.0173,-0.0259,-0.1173,-0.2356
7140,7.14,0.0277,-0.0063,0.0454,-0.024,-0.0991,-0.5417
7141,7.141,0.039,0.0025,-0.015,-0.0155,-0.3516,-0.9788
7142,7.142,0.0492,0.0012,0.0085,-0.0016,-0.4599,-0.4559
7143,7.143,0.0399,0.0067,-0.0266,-0.0035,-0.1644,0.0377
7144,7.144,0.0145,0.0036,-0.0455,-0.0051,0.1141,0.231
7145,7.145,-0.0401,0.0063,0.0078,-0.0005,0.0787,0.29
7146,7.146,-0.1263,-0.0067,0.115,-0.0075,0.1118,0.2377
7147,7.147,-0.1378,-0.0161,0.2224,0.0038,0.1418,0.286
7148,7.148,-0.1691,-0.0145,0.2363,0.0176,0.1148,0.3296
7149,7.149,-0.1976,-0.013,0.1481,0.0268,0.238,0.925
7150,7.15,-0.2235,-0.02,0.0907,0.0284,0.4397,0.6698
7151,7.151,-0.1062,-0.0164,0.1011,0.0053,0.25,0.1268
7152,7.152,0.0115,-0.0062,0.0157,0.002,0.0275,-0.2266
7153,7.153,0.0572,-0.0049,-0.088,0.0107,-0.0627,-0.2921
7154,7.154,0.0709,-0.0013,-0.1296,0.0079,-0.0903,-0.2351
7155,7.155,0.0833,0.0042,-0.1421,-0.0145,-0.1152,-0.2887
7156,7.156,0.0487,0.0032,-0.1536,-0.0294,-0.0932,-0.2411
7157,7.157,0.0589,0.0022,-0.0809,-0.0542,-0.1136,-0.7218
7158,7.158,0.0303,0.0099,-0.0716,-0.0179,-0.3915,-0.9143
7159,7.159,0.0215,0.0193,-0.0975,0.0159,-0.3522,-0.2747
7160,7.16,0.029,0.0105,-0.0743,0.0202,-0.0994,0.1526
7161,7.161,0.0076,0.0094,-0.0388,0.024,0.0655,0.2312
7162,7.162,0.0268,0.0166,-0.0322,0.0204,0.0958,0.1616
7163,7.163,0.0324,0.0119,0.0089,0.0106,0.1231,0.2259
7164,7.164,0.0375,0.0041,0.0037,0.0017,0.1478,0.1682
7165,7.165,0.0131,-0.0012,0.0765,-0.023,0.0808,0.5377
7166,7.166,-0.0003,-0.0005,0.1078,-0.0328,0.3046,0.9703
7167,7.167,0.0195,0.0003,0.0607,-0.0241,0.3941,0.5634
7168,7.168,0.0156,0.0009,0.0006,-0.0104,0.1499,-0.0194
7169,7.169,0.0055,-0.0012,-0.0851,0.0018,-0.015,-0.2532
7170,7.17,0.0202,0.0045,-0.096,0.0129,-0.1051,-0.1842
7171,7.171,0.0226,0.0038,-0.0433,0.0149,-0.1326,-0.2489
7172,7.172,0.0151,0.003,-0.0144,0.0093,-0.1574,-0.1914
7173,7.173,-0.0007,-0.0053,0.0118,0.0245,-0.0905,-0.2445
7174,7.174,-0.0029,-0.0021,-0.0113,0.0346,-0.1923,-0.8693
7175,7.175,-0.0161,-0.0011,0.053,0.0476,-0.4331,-0.6145
7176,7.176,-0.0212,-0.0096,0.0274,0.0458,-0.2691,-0.0717
7177,7.177,-0.0043,-0.0087,-0.0113,0.0442,-0,0.1407
7178,7.178,0.016,-0.0057,-0.0466,0.0317,0.1087,0.2058
7179,7.179,0.0298,-0.0011,-0.0657,0.0062,0.1421,0.2644
7180,7.18,0.0126,0.0014,-0.0482,-0.0412,0.1126,0.3178
7181,7.181,-0.021,0.0051,0.0105,-0.0476,0.1398,0.1741
7182,7.182,-0.0257,0.0031,0.0026,-0.0302,0.1154,0.7421
7183,7.183,-0.0036,0.01,0.0808,-0.025,0.3619,0.82
7184,7.184,0.0165,0.0054,0.133,-0.0298,0.3292,0.3274
7185,7.185,0.0347,-0.0005,0.1236,-0.0431,0.0603,-0.1217
7186,7.186,0.0119,0.0032,0.1325,-0.0392,-0.0485,-0.181
7187,7.187,0.0032,0.0068,0.0936,-0.0357,-0.082,-0.2345
7188,7.188,-0.0325,0.0026,0.0295,-0.0193,-0.112,-0.2831
7189,7.189,-0.0663,-0.0038,-0.0654,-0.0165,-0.1394,-0.2397
7190,7.19,-0.062,0.004,-0.1537,-0.0192,-0.115,-0.5174
7191,7.191,-0.042,-0.0032,-0.1881,-0.0215,-0.3166,-0.9865
7192,7.192,-0.0165,-0.004,-0.157,-0.006,-0.3981,-0.5387
7193,7.193,-0.0132,-0.0049,-0.0905,0.0205,-0.1761,-0.0138
7194,7.194,0.0018,0.0051,-0.0472,0.0314,0.0333,0.1989
7195,7.195,0.0209,0.0038,0.0392,0.0215,0.1153,0.2642
7196,7.196,0.0282,0.0002,0.0741,0.0244,0.1403,0.3231
7197,7.197,0.0125,0.0012,0.0642,0.0271,0.1183,0.271
7198,7.198,-0.0101,-0.0018,0.0552,0.0296,0.0983,0.3196
7199,7.199,-0.019,0.0028,0.0124,0.0185,0.191,0.8881
7200,7.2,0.0056,0.0003,0.0049,0.0205,0.4099,0.6569
7201,7.201,0.0087,0.001,0.0121,0.0225,0.261,0.1641
7202,7.202,0.0058,-0.001,-0.0071,0.014,0.0164,-0.157
7203,7.203,0.0033,0.0008,-0.0015,0.0095,-0.0827,-0.2159
7204,7.204,0.0158,-0.0032,0.0568,0.0108,-0.1129,-0.2692
7205,7.205,0.0271,-0.0005,0.1109,-0.0081,-0.1403,-0.3175
7206,7.206,0.0497,-0.0055,0.1176,-0.0161,-0.116,-0.1866
7207,7.207,0.0471,-0.0048,0.1364,-0.0038,-0.0938,-0.7024
7208,7.208,0.0394,-0.0004,0.1186,-0.0149,-0.3991,-0.9134
7209,7.209,0.0025,-0.0044,0.0489,-0.0128,-0.3556,-0.3371
7210,7.21,-0.0453,-0.0028,0.0013,-0.0035,-0.0775,0.2067
7211,7.211,-0.0257,0.0042,-0.0591,0.0017,0.1036,0.2787
7212,7.212,0.0037,0.0032,-0.0979,0.0063,0.137,0.2158
7213,7.213,0.0305,0.0059,-0.0479,-0.0144,0.1075,0.2745
7214,7.214,0.0353,0.0051,-0.0411,-0.0056,0.1348,0.2225
7215,7.215,0.0398,0.0045,-0.0699,0.0026,0.1105,0.4631
7216,7.216,0.0438,0.0025,-0.1387,0.0199,0.3121,0.9441
7217,7.217,0.0331,0.0009,-0.1666,0.0043,0.3935,0.4968
7218,7.218,0.0234,0.0038,-0.2956,0.0023,0.1716,-0.0276
7219,7.219,0.0322,0.0003,-0.277,-0.0032,-0.0378,-0.2398
7220,7.22,0.0184,-0.0009,-0.1256,-0.0015,-0.1197,-0.3047
7221,7.221,0.0011,-0.0047,-0.0237,-0.0094,-0.1102,-0.2887
7222,7.222,-0.0362,-0.0043,0.078,-0.0017,-0.1351,-0.231
7223,7.223,-0.0734,-0.0068,0.1706,-0.0003,-0.113,-0.2839
7224,7.224,-0.0879,-0.0016,0.154,0.0137,-0.174,-0.9085
7225,7.225,-0.0748,0.0022,0.1389,0.0007,-0.4149,-0.6537
7226,7.226,-0.071,0.0002,0.0973,0.0059,-0.2509,-0.1108
7227,7.227,-0.0457,-0.0055,0.0595,0.0105,-0.0418,0.2426
7228,7.228,-0.0426,-0.0092,0.048,0.0036,0.0944,0.1799
7229,7.229,-0.0096,0.0001,0.0791,-0.0076,0.1194,0.2387
7230,7.23,0.0035,0.0089,0.0694,-0.0215,0.142,0.292
7231,7.231,0.0234,0.0058,0.0089,0.0027,0.1218,0.1481
7232,7.232,-0.0167,-0.0015,-0.0457,0.0125,0.1034,0.716
7233,7.233,-0.0434,-0.0079,-0.0526,0.0154,0.3557,0.7937
7234,7.234,-0.0387,-0.0071,-0.0458,-0.0036,0.3198,0.3011
7235,7.235,-0.0079,-0.0064,-0.0045,-0.0209,0.0895,-0.1482
7236,7.236,0.02,-0.0084,0.0653,-0.0187,-0.1199,-0.2078
7237,7.237,0.0307,-0.0042,0.0941,-0.0126,-0.0935,-0.2615
7238,7.238,0.0275,-0.0001,0.0857,-0.0144,-0.1185,-0.3101
7239,7.239,-0.0116,-0.0068,0.0468,-0.0126,-0.1413,-0.2671
7240,7.24,-0.0383,-0.0004,-0.003,0.0105,-0.0807,-0.4658
7241,7.241,-0.0431,0.0125,-0.0743,0.0203,-0.2845,-0.9354
7242,7.242,-0.03,0.0032,-0.0649,0.0116,-0.4204,-0.488
7243,7.243,-0.0101,-0.0052,-0.1253,0.0036,-0.1986,0.0365
7244,7.244,0.0153,0.0024,-0.1486,0.006,0.0106,0.2489
7245,7.245,0.045,0.0094,-0.113,-0.0005,0.0923,0.3137
7246,7.246,0.0729,0.0057,-0.0936,-0.0311,0.1172,0.2564
7247,7.247,0.0765,0.0025,-0.0288,-0.0179,0.1397,0.2042
7248,7.248,0.06,0.0015,-0.0373,0.0021,0.1194,0.1563
7249,7.249,0.0749,-0.0031,0.0019,-0.0014,0.1748,0.8116
7250,7.25,0.0775,-0.0109,0.0518,0.0019,0.4272,0.7184
7251,7.251,0.0651,-0.0078,0.1104,-0.0009,0.2468,0.1214
7252,7.252,0.0447,-0.007,0.1966,0.0018,0.0163,-0.1123
7253,7.253,0.0309,-0.0044,0.208,-0.0054,-0.0739,-0.1837
7254,7.254,-0.0064,-0.0007,0.1557,-0.012,-0.1016,-0.2485
7255,7.255,-0.0866,-0.0027,0.1839,-0.014,-0.1266,-0.3071
7256,7.256,-0.1442,-0.0057,0.158,-0.001,-0.1046,-0.1491
7257,7.257,-0.134,0.0031,0.0874,0.0074,-0.1251,-0.6777
7258,7.258,-0.0867,0.0119,-0.0359,0.012,-0.366,-0.889
7259,7.259,-0.0436,0.0197,-0.1199,0.0106,-0.3336,-0.3131
7260,7.26,-0.0203,0.0166,-0.1962,0.0069,-0.0648,0.2303
7261,7.261,0.0009,0.0139,-0.1822,0.0101,0.1161,0.3021
7262,7.262,0.0331,0.0061,-0.1946,-0.0014,0.0839,0.239
7263,7.263,0.0273,0.0031,-0.2519,-0.003,0.1139,0.2975
7264,7.264,0.0007,-0.0033,-0.1786,0.0011,0.1411,0.245
7265,7.265,-0.0041,-0.0076,-0.131,0.0048,0.0674,0.4854
7266,7.266,0.0355,-0.0069,-0.0531,0.0058,0.2689,0.9661
7267,7.267,0.0514,-0.0033,0.0407,0.0153,0.4045,0.5185
7268,7.268,0.056,-0.0051,0.0784,0.024,0.1824,-0.0061
7269,7.269,0.0602,-0.0022,0.0899,0.0136,-0.027,-0.2184
7270,7.27,0.0483,-0.0048,0.1003,0.0011,-0.109,-0.2834
7271,7.271,0.0374,-0.0005,0.0721,-0.0243,-0.1341,-0.226
7272,7.272,0.0209,0.0023,0.0466,-0.0208,-0.1121,-0.2793
7273,7.273,0.0119,0.0018,0.0861,-0.0045,-0.0921,-0.2315
7274,7.274,0.0091,-0.0004,0.1078,0.0043,-0.1848,-0.8868
7275,7.275,0.0067,-0.0052,0.0889,-0.0039,-0.4038,-0.7938
7276,7.276,-0.0179,-0.0035,0.0362,-0.0112,-0.2549,-0.1969
7277,7.277,-0.021,0.0017,0.0292,-0.0224,-0.0104,0.1918
7278,7.278,-0.0001,0.0066,0.1265,-0.0204,0.0886,0.2634
7279,7.279,-0.0081,0.0049,0.085,-0.0074,0.1189,0.3282
7280,7.28,-0.0403,0.0066,-0.0032,0.001,0.1462,0.2708
7281,7.281,-0.0358,0.007,-0.1297,-0.0005,0.1218,0.2184
7282,7.282,-0.0158,0.0139,-0.1802,0.0091,0.0996,0.6509
7283,7.283,-0.0122,0.0024,-0.1652,0.0153,0.3641,0.8257
7284,7.284,-0.0153,-0.0052,-0.1238,0.0163,0.3283,0.3498
7285,7.285,-0.0065,-0.0039,-0.1364,0.009,0.0981,-0.0994
7286,7.286,-0.0365,-0.0102,-0.0789,0.0043,-0.0517,-0.2749
7287,7.287,-0.0324,-0.0134,-0.0268,-0.0017,-0.0793,-0.2228
7288,7.288,-0.0069,-0.0039,0.0776,0.0004,-0.1533,-0.2713
7289,7.289,0.003,-0.0028,0.0636,0.0052,-0.1312,-0.2279
7290,7.29,0.0119,-0.0084,0.0509,0.0082,-0.0704,-0.4262
7291,7.291,0.0039,-0.0094,0.0391,0.0041,-0.2741,-0.9674
7292,7.292,0.0017,-0.0121,0.07,0.0067,-0.4097,-0.5803
7293,7.293,0.0041,-0.0043,0.0794,0.0136,-0.1878,0.0543
7294,7.294,0.0064,-0.0053,0.0535,0.0041,0.0216,0.1413
7295,7.295,-0.0027,-0.0007,0.0457,0.0155,0.1035,0.2199
7296,7.296,-0.0075,-0.0015,0.0386,0.0049,0.1285,0.2909
7297,7.297,-0.0088,0.0054,-0.0065,-0.0132,0.1512,0.2275
7298,7.298,0.004,0.0081,-0.0475,-0.0255,0.0906,0.2858
7299,7.299,0.0294,0.0106,-0.0318,-0.0232,0.1833,0.8669
7300,7.3,0.0331,0.0069,0.0018,-0.0211,0.4022,0.6353
7301,7.301,0.03,0.0004,0.0678,-0.0118,0.2533,0.1423
7302,7.302,0.0329,-0.0074,0.1722,-0.0134,0.0088,-0.1792
7303,7.303,0.0249,-0.0104,0.1308,-0.0088,-0.0902,-0.2385
7304,7.304,0.0273,-0.0132,0.068,0.0065,-0.1205,-0.2919
7305,7.305,0.0026,-0.0037,0.0107,0.0004,-0.1477,-0.2445
7306,7.306,-0.0271,0,-0.083,0.006,-0.1233,-0.2013
7307,7.307,-0.039,0.0078,-0.1207,0.0043,-0.101,-0.638
7308,7.308,-0.0354,0.0108,-0.1552,-0.0033,-0.3656,-0.9289
7309,7.309,-0.0123,0.0063,-0.1657,-0.002,-0.3296,-0.3475
7310,7.31,-0.0033,0.0055,-0.1565,0.0118,-0.1651,0.1957
7311,7.311,-0.0112,0.0048,-0.1654,0.0099,0.1042,0.2674
7312,7.312,0.0062,-0.0029,-0.158,0.0014,0.141,0.3321
7313,7.313,0.022,0.0023,-0.0943,0.0089,0.1086,0.2746
7314,7.314,0.0202,0.0015,0.0002,0.0019,0.1387,0.2221
7315,7.315,0.0222,0.0127,0.1135,0.0056,0.1119,0.4623
7316,7.316,0.0241,0.005,0.0981,0.0112,0.2844,0.9428
7317,7.317,0.0167,0.0064,0.0564,0.0142,0.3967,0.4951
7318,7.318,-0.0012,0.0052,0.044,0.0115,0.1728,-0.0296
7319,7.319,-0.0034,0.002,0.0328,0.0056,-0.0364,-0.2422
7320,7.32,0.0078,-0.0053,0.0228,0.0034,-0.1182,-0.1796
7321,7.321,-0.0064,0.0011,0.0516,0.0083,-0.094,-0.2384
7322,7.322,-0.0253,0.0016,0.0442,-0.0036,-0.1279,-0.2664
7323,7.323,-0.0532,0.0075,0.0358,-0.0068,-0.1056,-0.2142
7324,7.324,-0.0811,0.0068,0.0438,-0.012,-0.1665,-0.8391
7325,7.325,-0.0483,0.0004,0.0368,-0.0128,-0.4072,-0.7546
7326,7.326,-0.0263,-0.0074,-0.0215,-0.0034,-0.2431,-0.2122
7327,7.327,0.0096,-0.0001,0.0018,0.0007,-0.0339,0.1409
7328,7.328,0.0338,-0.001,0.0231,-0.0005,0.1025,0.2059
7329,7.329,0.0381,0.0068,0.0295,-0.0108,0.1277,0.2645
7330,7.33,0.0499,0.0099,0.0586,-0.0037,0.1058,0.3176
7331,7.331,0.0317,0.0014,0.0849,0.0129,0.1264,0.1735
7332,7.332,0.0086,-0.0019,0.0508,0.0065,0.1082,0.6538
7333,7.333,0.0114,-0.0029,0.0199,0.0047,0.3607,0.8457
7334,7.334,0.0086,-0.0075,-0.0081,0.0141,0.325,0.322
7335,7.335,-0.0038,-0.0067,-0.0409,0.0227,0.0293,-0.172
7336,7.336,-0.0017,-0.0089,-0.0011,0.009,-0.0903,-0.2376
7337,7.337,0.0124,-0.004,0.0361,0.0183,-0.1268,-0.2967
7338,7.338,0.0031,-0.0023,0.0505,0.0133,-0.0942,-0.3503
7339,7.339,-0.0122,-0.0088,0.0197,-0.0096,-0.1241,-0.3029
7340,7.34,-0.0388,-0.0147,-0.0162,-0.0127,-0.0971,-0.4342
7341,7.341,-0.0353,-0.0095,-0.0694,-0.0215,-0.2694,-0.8712
7342,7.342,-0.0451,-0.0088,-0.1334,-0.0295,-0.3815,-0.5811
7343,7.343,-0.048,-0.0105,-0.1246,-0.0318,-0.1981,0.0012
7344,7.344,-0.0179,-0.0053,-0.0697,-0.034,0.0737,0.2348
7345,7.345,-0.0062,0.0054,-0.0199,-0.0279,0.1106,0.3059
7346,7.346,0.0191,0.016,0.0773,-0.026,0.1439,0.3703
7347,7.347,0.0488,0.0091,0.119,-0.0412,0.1145,0.3127
7348,7.348,0.0368,0.0128,0.1567,-0.0228,0.1419,0.2602
7349,7.349,0.0259,0.005,0.0761,-0.0005,0.1666,0.8847
7350,7.35,0.0161,0.0059,-0.0178,0.0144,0.4133,0.8
7351,7.351,-0.0048,-0.0026,-0.106,0.0007,0.2494,0.2571
7352,7.352,-0.013,0.0006,-0.1632,0.008,0.0403,-0.2369
7353,7.353,-0.0203,0.0015,-0.1939,0.0192,-0.0959,-0.1744
7354,7.354,-0.0226,0.0007,-0.1273,0.0253,-0.1209,-0.2334
7355,7.355,-0.0086,-0.0002,-0.0322,0.0309,-0.1435,-0.287
7356,7.356,-0.0143,-0.0072,-0.0446,0.0461,-0.1233,-0.2394
7357,7.357,-0.0094,-0.0064,-0.0101,0.0521,-0.1049,-0.6328
7358,7.358,-0.0234,-0.0142,0.042,0.0465,-0.3573,-0.8974
7359,7.359,-0.0255,-0.009,0.0704,0.0312,-0.3214,-0.3687
7360,7.36,-0.0002,-0.0081,0.1135,0.0291,-0.0913,0.1249
7361,7.361,0.0032,-0.0124,0.1213,0.0197,0.0585,0.1903
7362,7.362,-0.0001,-0.0117,0.1569,0.0145,0.0862,0.2491
7363,7.363,-0.003,-0.001,0.1505,-0.0086,0.1112,0.3025
7364,7.364,-0.0168,0.0035,0.0974,-0.0119,0.1338,0.2547
7365,7.365,-0.0193,0.0049,0.033,-0.0207,0.073,0.3856
7366,7.366,0.0099,0.0086,-0.0621,-0.018,0.2768,0.9019
7367,7.367,0.0378,0.0096,-0.1252,-0.0157,0.4124,0.5504
7368,7.368,0.0413,0.0127,-0.1365,-0.0091,0.1905,-0.0267
7369,7.369,0.0379,0.0135,-0.1464,-0.0031,-0.0188,-0.2606
7370,7.37,0.023,0.0041,-0.0985,-0.0012,-0.1007,-0.1915
7371,7.371,-0.0018,0.0052,-0.072,0.014,-0.1257,-0.2561
7372,7.372,0.0014,-0.0097,-0.0166,0.0038,-0.1483,-0.3147
7373,7.373,0.0162,-0.0036,0.0195,0.0242,-0.1282,-0.2624
7374,7.374,0.0352,0.002,0.0392,0.0104,-0.1468,-0.887
7375,7.375,0.0128,-0.0031,0.022,-0.017,-0.3993,-0.8024
7376,7.376,0.0099,-0.0016,0.0062,-0.0425,-0.2914,-0.1051
7377,7.377,0.0125,0.008,0.079,-0.0656,-0.0611,0.1773
7378,7.378,0.0102,0.0068,0.1521,-0.0805,0.0886,0.2638
7379,7.379,0.0036,0.01,0.0667,-0.0779,0.1162,0.3418
7380,7.38,0.0137,0.0111,0.0093,-0.0656,0.141,0.2721
7381,7.381,0.0156,0.0026,-0.0217,-0.0678,0.1188,0.2085
7382,7.382,0.0106,-0.0006,-0.05,-0.0373,0.0986,0.6153
7383,7.383,-0.0033,-0.0036,-0.0414,0.0025,0.3765,0.8798
7384,7.384,-0.0015,0.001,-0.0023,0.029,0.3371,0.3511
7385,7.385,-0.0167,0.0052,0.0332,0.0338,0.0844,-0.1427
7386,7.386,-0.0228,-0.0062,0.0783,0.0206,-0.0805,-0.2082
7387,7.387,-0.006,-0.0045,0.1075,0.0006,-0.1109,-0.2672
7388,7.388,-0.0216,0.0031,0.0274,0.026,-0.1383,-0.3206
7389,7.389,-0.0236,0.0018,-0.0301,0.0291,-0.114,-0.273
7390,7.39,-0.0143,-0.0018,-0.0405,0.0262,-0.0919,-0.4041
7391,7.391,-0.0262,-0.005,-0.069,0.018,-0.2342,-0.9203
7392,7.392,-0.0032,-0.0039,-0.0778,0.0252,-0.4381,-0.5689
7393,7.393,0.0132,0.0007,-0.0075,0.0229,-0.1941,0.0081
7394,7.394,0.0103,-0.0051,-0.0172,0.0248,0.0363,0.2419
7395,7.395,0.0131,-0.0028,0.0085,0.0229,0.1264,0.1728
7396,7.396,0.0007,0.0079,0.0005,0.0177,0.0997,0.2377
7397,7.397,-0.0239,0.0249,0.0075,0.0284,0.1245,0.2964
7398,7.398,-0.014,0.0272,0.0267,0.0187,0.1023,0.2441
7399,7.399,0.0068,0.0171,-0.0264,-0.0003,0.1633,0.869
7400,7.4,-0.0069,0.0004,-0.119,-0.003,0.4041,0.7844
7401,7.401,-0.0192,0.0027,-0.1318,0.0043,0.3057,0.2419
7402,7.402,0.0055,-0.0074,-0.0745,0.0021,0.0366,-0.1112
7403,7.403,0.0087,-0.0018,-0.0644,0.0082,-0.0723,-0.1766
7404,7.404,0.0058,0.0033,-0.0361,0.0176,-0.1057,-0.2354
7405,7.405,0.014,-0.0042,0.0241,0.0193,-0.1359,-0.2887
7406,7.406,0.0069,-0.0083,0.0473,0.027,-0.1091,-0.2411
7407,7.407,0.0048,-0.0119,0.0684,0.0145,-0.0847,-0.6343
7408,7.408,-0.0012,-0.0129,0.049,0.0264,-0.3313,-0.8988
7409,7.409,0.0045,-0.0139,0.043,0.028,-0.3643,-0.3701
7410,7.41,-0.0004,-0.013,0.0481,0.0294,-0.0955,0.1236
7411,7.411,-0.0048,-0.0104,0.1012,0.0105,0.0855,0.1892
7412,7.412,-0.006,-0.0156,0.2079,-0.0142,0.1189,0.2481
7413,7.413,-0.0147,-0.0091,0.3454,-0.0372,0.149,0.3016
7414,7.414,-0.0067,-0.0066,0.2158,-0.046,0.1221,0.2541
7415,7.415,-0.0036,-0.0043,-0.0031,-0.0269,0.0977,0.3853
7416,7.416,-0.0026,-0.0063,-0.1524,-0.0292,0.2545,0.9018
7417,7.417,0.0001,-0.0046,-0.234,-0.0404,0.3969,0.5505
7418,7.418,-0.005,0.0043,-0.3082,-0.0261,0.1931,-0.0263
7419,7.419,-0.0155,0.0131,-0.3309,-0.0243,-0.0516,-0.2599
7420,7.42,-0.023,0.0164,-0.311,-0.0124,-0.0851,-0.1907
7421,7.421,-0.0104,0.0069,-0.2187,0.0015,-0.1154,-0.2551
7422,7.422,0.0116,0.0057,-0.0002,0.0109,-0.1428,-0.3134
7423,7.423,0.032,0.0061,0.0737,0.0199,-0.1059,-0.2478
7424,7.424,0.0112,0.0028,0.1033,0.0318,-0.1306,-0.8288
7425,7.425,0.0086,0.0081,0.076,0.0179,-0.4221,-0.7518
7426,7.426,0.021,0.0054,0.0513,-0.0063,-0.3034,-0.2587
7427,7.427,0.0232,-0.0006,0.0734,-0.0162,-0.0506,0.1909
7428,7.428,0.009,-0.0028,0.053,-0.0192,0.1142,0.2504
7429,7.429,-0.0114,-0.0035,0.0344,-0.0111,0.0849,0.3041
7430,7.43,-0.0087,-0.0065,0.0509,-0.0088,0.1123,0.2568
7431,7.431,0.0036,-0.007,0.0354,-0.0244,0.0879,0.2136
7432,7.432,0.0057,-0.0075,0.0212,-0.0183,0.0657,0.5711
7433,7.433,-0.0085,-0.0015,0.0335,-0.0201,0.2895,0.9078
7434,7.434,-0.003,-0.0057,0.0447,-0.0217,0.3195,0.4272
7435,7.435,-0.0014,-0.0035,0.0342,-0.0139,0.1295,-0.022
7436,7.436,0.0001,-0.0029,0.0435,0.0069,-0.0437,-0.1978
7437,7.437,-0.004,0.0001,0.0175,0.0158,-0.1116,-0.2513
7438,7.438,-0.0004,-0.004,-0.0059,0.0186,-0.0916,-0.2999
7439,7.439,0.0099,-0.0098,0.001,0.021,-0.1104,-0.2566
7440,7.44,0.0057,-0.0091,0.0072,0.0189,-0.0939,-0.3756
7441,7.441,0.0019,-0.0085,0.0479,0.0251,-0.2317,-0.9167
7442,7.442,0.0075,-0.0043,0.0636,0.0195,-0.3985,-0.53
7443,7.443,0.0189,-0.0003,0.0587,0.0145,-0.1969,-0.0363
7444,7.444,0.0234,0.0074,0.0455,0.01,0.0476,0.1573
7445,7.445,0.0165,0.0063,0.0493,0.0087,0.0811,0.2165
7446,7.446,0.0128,0.0053,0.0311,0.0024,0.1113,0.1644
7447,7.447,0.0118,0.0061,-0.0053,0.0056,0.1386,0.2129
7448,7.448,0.0023,0.0086,-0.0391,0.0109,0.1142,0.2568
7449,7.449,-0.0089,0.0048,-0.0523,0.0044,0.1366,0.8524
7450,7.45,-0.0043,0.0027,-0.0723,-0.0086,0.4012,0.7678
7451,7.451,-0.0029,0.0031,-0.0832,-0.0255,0.2933,0.2253
7452,7.452,-0.0092,0.0002,-0.0668,-0.0101,0.063,-0.1278
7453,7.453,-0.0262,0.0058,-0.0218,-0.0163,-0.0868,-0.1931
7454,7.454,-0.0535,0.0095,0.0367,-0.022,-0.1144,-0.2519
7455,7.455,-0.0427,0.0016,0.0446,-0.0137,-0.1393,-0.3052
7456,7.456,-0.0329,0.0005,0.0519,-0.0153,-0.1172,-0.1616
7457,7.457,-0.0358,0.0013,0.0585,-0.0141,-0.097,-0.5549
7458,7.458,-0.0385,0.0037,0.0414,-0.0205,-0.3378,-0.925
7459,7.459,-0.0213,-0.0016,0.0044,-0.0127,-0.3708,-0.3963
7460,7.46,-0.0192,-0.0038,-0.0293,-0.0117,-0.102,0.0973
7461,7.461,-0.005,-0.0034,-0.051,-0.0126,0.0791,0.1628
7462,7.462,0.0005,0.0005,-0.0948,-0.0084,0.1126,0.2216
7463,7.463,-0.0013,-0.0032,-0.0652,-0.0047,0.1427,0.275
7464,7.464,0.0002,-0.0011,-0.0383,0.0017,0.116,0.2272
7465,7.465,0.0041,-0,-0.014,0.0008,0.0916,0.3582
7466,7.466,0.0129,0.0025,0.008,0.006,0.2485,0.9538
7467,7.467,0.0184,0.0002,0.0118,0.0137,0.391,0.5284
7468,7.468,0.0194,-0.0047,0.0081,0.0127,0.1872,-0.0147
7469,7.469,0.0167,0.0004,0.0112,-0.0013,-0.0031,-0.2273
7470,7.47,0.0124,0.0001,0.0083,0.013,-0.0775,-0.2925
7471,7.471,0.0146,0.0055,0.0111,0.0186,-0.1002,-0.2353
7472,7.472,0.0223,-0.0008,0.0137,0.0204,-0.1207,-0.2887
7473,7.473,0.0192,0.0051,0.0119,0.0281,-0.1025,-0.2411
7474,7.474,0.007,-0.0002,0.0145,0.0212,-0.1192,-0.8093
7475,7.475,0.0052,-0.0009,0.0131,0.0276,-0.3487,-0.7326
7476,7.476,0.0097,-0.0005,0.0118,0.0332,-0.316,-0.2398
7477,7.477,0.0111,0.0011,0.0077,0.0322,-0.0469,0.2094
7478,7.478,0.0148,-0.0067,0.0067,0.0296,0.0621,0.2688
7479,7.479,0.0225,-0.01,0.0082,0.0167,0.0955,0.3223
7480,7.48,0.0214,-0.0027,-0.004,-0.0111,0.1258,0.2748
7481,7.481,0.0186,-0.0036,-0.0087,-0.0229,0.0991,0.2314
7482,7.482,0.0126,-0.0009,-0.007,-0.012,0.0748,0.5887
7483,7.483,0.0132,-0.0044,-0.0108,0.0045,0.3214,0.9253
7484,7.484,0.0082,-0.0021,-0.0119,-0.0042,0.3545,0.4446
7485,7.485,0.0087,0.0038,0.0007,-0.0014,0.1457,-0.1326
7486,7.486,0.0034,0.0047,-0.0043,-0.0186,-0.0988,-0.2114
7487,7.487,0.004,0.0054,-0.0057,-0.0297,-0.0664,-0.2827
7488,7.488,0.0044,0.0071,-0.0016,-0.0235,-0.0965,-0.3474
7489,7.489,0.0038,0.0043,-0.0079,-0.0216,-0.1237,-0.2899
7490,7.49,-0.004,0.0028,-0.0134,-0.013,-0.0993,-0.343
7491,7.491,-0.0031,0.005,-0.0124,-0.0237,-0.2112,-0.9678
7492,7.492,-0.0002,-0.0014,-0.002,-0.0277,-0.3944,-0.5425
7493,7.493,-0.0143,-0.0005,-0.0006,-0.0086,-0.2219,0.0004
7494,7.494,-0.0286,0.0054,0.0033,0.0161,0.0253,0.213
7495,7.495,-0.0492,0.0092,0.0066,0.0129,0.1246,0.2782
7496,7.496,-0.063,0.0099,0.0015,-0.0019,0.0953,0.3368
7497,7.497,-0.0609,0.0042,-0.0012,0.0228,0.1228,0.2845
7498,7.498,-0.0499,-0.0026,-0.0072,0.0458,0.0985,0.2368
7499,7.499,-0.0235,0.002,-0.0037,0.0487,0.1209,0.8048
7500,7.5,0.0091,0.0079,0.0067,0.0406,0.3856,0.7279
7501,7.501,0.0133,0.0057,0.0171,0.0282,0.2777,0.2351
7502,7.502,0.0171,0.0078,0.01,0.017,0.0475,-0.2142
7503,7.503,0.0206,0.0083,-0.0015,0.011,-0.1023,-0.2737
7504,7.504,0.0174,0.0042,-0.0154,0.0091,-0.1299,-0.2216
7505,7.505,0.0086,-0.0005,-0.0099,0.0006,-0.1058,-0.2701
7506,7.506,0.006,0.009,-0.0151,-0.0224,-0.1284,-0.2268
7507,7.507,0.0084,0.0298,-0.0198,-0.0653,-0.1082,-0.5841
7508,7.508,0.015,0.021,-0.0186,-0.0479,-0.312,-0.9207
7509,7.509,0.0091,0.0347,-0.0151,-0.0214,-0.3935,-0.4401
7510,7.51,0.0188,0.0274,-0.0051,-0.0357,-0.1222,0.137
7511,7.511,0.0176,0.0207,-0.0095,-0.0489,0.0588,0.216
7512,7.512,0.0103,0.0065,-0.0087,-0.0371,0.0922,0.2871
7513,7.513,0.0093,-0.0066,-0.01,-0.019,0.1223,0.3516
7514,7.514,0.0033,-0.032,-0.0093,-0.0026,0.1495,0.178
7515,7.515,-0.0136,-0.0867,-0.0068,0.0062,0.0758,0.3366
7516,7.516,-0.0157,-0.1258,-0.0096,-0.0076,0.2326,0.8653
7517,7.517,-0.0221,-0.1188,-0.0046,-0.01,0.416,0.6549
7518,7.518,-0.0117,-0.1124,0.0015,-0.0123,0.1941,0.0781
7519,7.519,0.0052,-0.0478,0.0037,-0.0062,-0.0153,-0.1556
7520,7.52,0.0119,-0.0047,0.0041,-0.0007,-0.0973,-0.2268
7521,7.521,0.0181,0.0499,-0.0027,0.0009,-0.1224,-0.2913
7522,7.522,0.0238,0.0996,-0.0055,0.0054,-0.1452,-0.2337
7523,7.523,0.0086,0.0931,-0.0052,0.015,-0.1253,-0.1811
7524,7.524,-0.0065,0.0754,-0.0115,0.0134,-0.1331,-0.7855
7525,7.525,-0.0086,0.058,-0.0153,0.0145,-0.4111,-0.8338
7526,7.526,-0.0144,0.0314,-0.0151,0.0112,-0.2925,-0.265
7527,7.527,-0.0061,0.0169,-0.0183,0.0038,-0.0398,0.1238
7528,7.528,0.0013,-0.0051,-0.0192,-0.0028,0.0592,0.1956
7529,7.529,0.0162,-0.033,-0.0127,0.0049,0.0893,0.2606
7530,7.53,0.0261,-0.0584,0.0026,0.0017,0.1165,0.3195
7531,7.531,0.0128,-0.108,0.0359,0.0024,0.1411,0.1617
7532,7.532,-0.0094,-0.1294,0.0498,0.0047,0.1188,0.5943
7533,7.533,-0.0124,-0.071,0.0538,0.0039,0.3425,0.8852
7534,7.534,-0.0044,-0.0164,0.0334,0.0116,0.3723,0.4097
7535,7.535,0.0028,0.0477,0.0077,0.0125,0.128,-0.0394
7536,7.536,0.0049,0.0736,-0.0026,0.0078,-0.037,-0.2151
7537,7.537,0.0069,0.0658,-0.0002,0.0119,-0.0676,-0.2687
7538,7.538,0.0162,0.0445,-0.0143,0.0139,-0.0951,-0.3173
7539,7.539,0.0214,0.0381,-0.0124,0.0173,-0.1693,-0.274
7540,7.54,0.0172,0.0323,-0.0106,0.0078,-0.1024,-0.3137
7541,7.541,0.0163,0.0271,-0.0374,-0.0131,-0.2043,-0.8548
7542,7.542,0.0155,0.0224,-0.0778,-0.0104,-0.4082,-0.7777
7543,7.543,0.0261,0.0092,-0.0939,-0.0023,-0.2187,-0.1434
7544,7.544,0.0358,-0.0027,-0.0603,-0,0.0037,0.2841
7545,7.545,0.0445,-0.0063,-0.012,0.0066,0.0937,0.2081
7546,7.546,0.0367,-0.003,0.0201,0.0045,0.1211,0.2791
7547,7.547,0.0272,0.0057,0.0608,0.0063,0.1459,0.3437
7548,7.548,0.0234,0.0084,0.0764,0.0046,0.1237,0.286
7549,7.549,0.0063,0.006,0.0618,0.0122,0.1441,0.7617
7550,7.55,-0.0309,0.0037,0.0042,-0.0004,0.3848,0.8253
7551,7.551,-0.0896,0.0017,-0.0194,-0.0258,0.2861,0.3012
7552,7.552,-0.0663,-0.0039,-0.0125,-0.0077,0.0771,-0.1918
7553,7.553,-0.0734,-0.0023,0.0066,0.002,-0.0588,-0.2565
7554,7.554,-0.0797,-0.0099,0.024,-0.0129,-0.1329,-0.315
7555,7.555,-0.0503,-0.003,0.0186,-0.0048,-0.1108,-0.2625
7556,7.556,-0.0342,0.0057,0.0233,0.0024,-0.1311,-0.2145
7557,7.557,-0.0777,0.0113,0.0189,0.0001,-0.0756,-0.5202
7558,7.558,-0.1658,0.0102,0.0307,0.0061,-0.328,-0.8771
7559,7.559,-0.2034,0.0167,0.0341,0.0005,-0.3637,-0.4436
7560,7.56,-0.0769,0.0141,0.0176,0.0022,-0.1334,0.0808
7561,7.561,0.0073,0.0056,-0.0096,0.0037,0.0759,0.2926
7562,7.562,0.0227,0,-0.0279,0.0051,0.1034,0.2295
7563,7.563,0.0091,-0.001,-0.025,0.004,0.1284,0.2881
7564,7.564,0.0473,-0.0075,-0.0102,0.0119,0.1064,0.2358
7565,7.565,0.0594,-0.0118,0.0145,0.0089,0.0459,0.38
7566,7.566,0.0496,-0.0097,0.0243,0.0082,0.1757,0.9479
7567,7.567,0.0597,-0.0118,0.027,0.0057,0.4282,0.5604
7568,7.568,0.0689,-0.005,0.0024,0.0021,0.2476,0.0672
7569,7.569,0.0772,0.0014,-0.0006,-0.0027,0.0175,-0.2534
7570,7.57,0.0847,-0.0011,0.0085,-0.0068,-0.072,-0.1961
7571,7.571,0.0915,-0.0004,0.0007,0.001,-0.0992,-0.2495
7572,7.572,0.1093,-0.0052,-0.0263,0.0001,-0.1239,-0.2979
7573,7.573,0.1255,-0.0109,-0.0368,-0.0025,-0.1015,-0.2546
7574,7.574,0.1305,-0.013,-0.0265,0.0002,-0.1218,-0.7709
7575,7.575,0.1174,-0.0136,-0.0112,0.0055,-0.3994,-0.8405
7576,7.576,0.1135,-0.0167,-0.0026,0.0007,-0.28,-0.264
7577,7.577,0.1171,-0.0172,0.0148,-0.0022,-0.0269,0.1238
7578,7.578,0.1139,-0.0168,0.0213,-0.005,0.0722,0.1948
7579,7.579,0.0689,-0.0147,0.0193,-0.0044,0.1025,0.2594
7580,7.58,-0.0153,-0.0109,0.01,-0.0074,0.1301,0.3178
7581,7.581,-0.0727,-0.0074,0.0083,-0.0025,0.1059,0.2652
7582,7.582,-0.0829,-0.0024,0.0039,-0.0008,0.0839,0.5055
7583,7.583,-0.0734,-0.0045,0.003,-0.0094,0.3079,0.8983
7584,7.584,-0.0648,-0.0015,0.0227,-0.0082,0.3972,0.4218
7585,7.585,-0.0882,-0.0067,0.0427,-0.0025,0.1529,-0.027
7586,7.586,-0.0954,-0.0115,0.0364,0.0029,-0.0772,-0.2023
7587,7.587,-0.1406,-0.0172,0.0167,0.0038,-0.1072,-0.256
7588,7.588,-0.2289,-0.0119,-0.024,0.0081,-0.1345,-0.3046
7589,7.589,-0.2667,-0.0054,-0.053,-0.0033,-0.1101,-0.2612
7590,7.59,-0.1863,-0.0029,-0.0579,0.0019,-0.0878,-0.3011
7591,7.591,-0.0509,0.0056,-0.0624,-0.0056,-0.2301,-0.8423
7592,7.592,0.0785,0.0112,-0.0488,-0.0041,-0.4336,-0.6096
7593,7.593,0.1286,0.0123,-0.0366,-0.0103,-0.2435,-0.1167
7594,7.594,0.1133,0.0115,0.0111,-0.007,0.0282,0.2039
7595,7.595,0.0716,0.014,0.0179,0.0004,0.0648,0.2627
7596,7.596,0.084,0.0178,0.001,0.005,0.0979,0.3159
7597,7.597,0.0952,0.0199,0.0172,0.011,0.128,0.2681
7598,7.598,0.0522,0.0223,0.0339,0.0081,0.1256,0.7407
7599,7.599,0.0776,0.0176,0.038,0.0077,0.3722,0.8109
7600,7.6,0.0539,0.0094,0.0052,-0.0011,0.2738,0.2347
7601,7.601,0.0463,0.0127,-0.017,-0.0123,0.0648,-0.1534
7602,7.602,-0.0124,0.0098,-0.0451,-0.0047,-0.0713,-0.2248
7603,7.603,-0.0674,0.0035,-0.0487,0.005,-0.0963,-0.2898
7604,7.604,-0.0607,0.0027,-0.0388,0.0063,-0.1191,-0.3487
7605,7.605,-0.0547,-0.0009,-0.0236,0.0073,-0.1398,-0.191
7606,7.606,0.0095,-0.0015,0.0126,0.0084,-0.0846,-0.5276
7607,7.607,0.0005,-0.0008,0.0377,-0.0019,-0.3035,-0.9211
7608,7.608,0.0234,-0.0048,0.0694,-0.0115,-0.393,-0.4455
7609,7.609,0.0015,-0.0073,0.0664,-0.0202,-0.1491,0.1308
7610,7.61,-0.0961,-0.0029,0.1217,-0.0169,0.081,0.209
7611,7.611,-0.1381,0.0001,0.1299,-0.0011,0.1111,0.28
7612,7.612,-0.2016,-0.0034,0.0377,0.0055,0.1384,0.3446
7613,7.613,-0.2134,0.0037,-0.0503,-0.0046,0.1139,0.287
7614,7.614,-0.1824,0.0111,-0.0156,0.0011,0.0916,0.34
7615,7.615,-0.1728,0.0085,0.0575,-0.0005,0.2338,0.8685
7616,7.616,-0.1123,0.0095,-0.0466,0.001,0.4003,0.6577
7617,7.617,-0.0261,0.0149,-0.1437,-0.0029,0.2432,0.0815
7618,7.618,0.0316,0.013,-0.1561,-0.0066,-0.022,-0.1518
7619,7.619,0.0628,0.0175,-0.0755,-0.0097,-0.0587,-0.2231
7620,7.62,0.0534,0.0253,-0.0233,0.0018,-0.0921,-0.2878
7621,7.621,0.1137,0.0202,-0.1087,0.0064,-0.1224,-0.2303
7622,7.622,0.1369,0.0082,-0.1431,0.0078,-0.0957,-0.1778
7623,7.623,0.158,0.0033,-0.0912,0.0116,-0.1206,-0.8025
7624,7.624,0.1687,0.0014,-0.0201,0.0107,-0.3888,-0.8327
7625,7.625,0.1491,0.0062,0.122,0.0117,-0.3219,-0.2363
7626,7.626,0.1078,0.0023,0.2641,0.019,-0.0572,0.1517
7627,7.627,0.0917,-0.0064,0.1715,0.0105,0.0512,0.2231
7628,7.628,0.0674,-0.0031,0.1549,0.0137,0.0843,0.288
7629,7.629,0.0013,-0.0102,0.1399,0.0022,0.1142,0.3469
7630,7.63,-0.0271,-0.011,-0.0127,-0.0084,0.1413,0.1892
7631,7.631,0.0159,-0.0013,-0.1547,-0.0043,0.1168,0.5259
7632,7.632,0.039,-0,-0.2841,-0.0006,0.3183,0.9195
7633,7.633,0.0458,0.0011,-0.3683,0.0004,0.3994,0.4439
7634,7.634,0.0391,-0.0018,-0.292,-0.0068,0.128,-0.0044
7635,7.635,0.033,-0.0025,-0.0836,-0.0114,-0.0529,-0.1795
7636,7.636,0.0168,-0.005,0.1248,-0.0106,-0.0864,-0.3385
7637,7.637,0.0022,-0.0134,0.1517,-0.0128,-0.1166,-0.387
7638,7.638,0.024,-0.0056,0.127,-0.0148,-0.1441,-0.2564
7639,7.639,0.076,-0.0129,0.1046,-0.0106,-0.1199,-0.296
7640,7.64,0.0404,-0.0193,0.0437,-0.0101,-0.1873,-0.8371
7641,7.641,-0.0048,-0.0271,0.0253,-0.0127,-0.452,-0.6048
7642,7.642,-0.0455,-0.0366,0.0421,-0.0058,-0.2717,-0.1117
7643,7.643,-0.0932,-0.0253,-0.0037,0.0056,-0.0416,0.2096
7644,7.644,-0.0733,-0.0146,0.0379,0.0101,0.1078,0.2689
7645,7.645,0.0153,-0.0133,0.0756,0.006,0.1353,0.3228
7646,7.646,0.079,-0.0221,0.133,0.0047,0.16,0.2757
7647,7.647,0.045,-0.0232,0.1639,0.0014,0.1379,0.2328
7648,7.648,0.0352,-0.016,0.1541,0.0044,0.1178,0.7494
7649,7.649,0.0072,-0.0077,0.2485,0.009,0.3957,0.8204
7650,7.65,-0.0356,-0.011,0.1848,0.0047,0.3564,0.2446
7651,7.651,-0.0432,-0.0081,0.0348,0.0053,0.1035,-0.1436
7652,7.652,-0.0218,-0.011,-0.0672,0.0072,-0.0613,-0.215
7653,7.653,-0.0026,-0.0053,-0.1969,0.0055,-0.0915,-0.2794
7654,7.654,0.0265,0.006,-0.2809,0.0083,-0.1189,-0.3379
7655,7.655,0.0103,0.021,-0.4183,0.0139,-0.1435,-0.1797
7656,7.656,0.0343,0.0268,-0.4363,0.0024,-0.0764,-0.5159
7657,7.657,0.0561,0.0246,-0.2844,-0.0096,-0.3002,-0.9091
7658,7.658,0.0441,0.0125,-0.1006,-0.0203,-0.3896,-0.4332
7659,7.659,0.0259,-0.0016,0.023,-0.0107,-0.1454,0.0163
7660,7.66,0.0292,-0.0075,0.0457,-0.0046,0.0852,0.1926
7661,7.661,-0.0156,-0.0061,0.1069,-0.0079,0.1158,0.2464
7662,7.662,-0.1126,-0.0018,0.1256,-0.0131,0.1434,0.2954
7663,7.663,-0.2654,-0.0034,0.1088,-0.0105,0.1192,0.2524
7664,7.664,-0.2041,-0.0124,0.0934,-0.013,0.0972,0.2923
7665,7.665,-0.1481,-0.0048,0.1071,-0.0138,0.199,0.8337
7666,7.666,-0.1643,-0.0145,0.0944,-0.0216,0.4029,0.6019
7667,7.667,-0.1179,-0.021,0.0826,-0.0144,0.2134,0.1086
7668,7.668,-0.0477,-0.018,0.072,-0.008,-0.0089,-0.2128
7669,7.669,0.0161,-0.0088,0.0622,0.0048,-0.0989,-0.2721
7670,7.67,0.0743,-0.0079,0.0363,0.0141,-0.1263,-0.3256
7671,7.671,0.0852,0.009,0.1382,0.0158,-0.151,-0.2782
7672,7.672,0.1141,0.0111,0.1801,0.0204,-0.1288,-0.235
7673,7.673,0.1058,0.0086,0.0919,0.0244,-0.1491,-0.7513
7674,7.674,0.0828,0.0144,0.0576,0.0156,-0.3897,-0.8222
7675,7.675,0.0047,0.0159,-0.0359,0.0078,-0.2914,-0.2463
7676,7.676,-0.1098,0.0241,-0.1237,0.0088,-0.0823,0.1422
7677,7.677,-0.125,0.0163,-0.2037,0.0024,0.1082,0.2137
7678,7.678,-0.1389,0.0147,-0.2137,-0.0105,0.0844,0.2782
7679,7.679,-0.0758,0.0031,-0.1471,-0.0198,0.1519,0.3366
7680,7.68,0.0276,-0.0017,-0.0519,-0.0114,0.1319,0.1785
7681,7.681,0.0969,-0.006,0.1126,-0.0068,0.0767,0.5146
7682,7.682,0.1345,0.0026,0.135,0.0001,0.2956,0.9078
7683,7.683,0.1459,0.0057,0.1147,0.0038,0.3852,0.432
7684,7.684,0.1146,0.0108,0.0592,0.0094,0.1412,-0.0174
7685,7.685,0.105,0.0171,0.0426,0.0104,-0.0892,-0.1935
7686,7.686,0.0444,0.0247,0.0278,0.015,-0.1194,-0.2476
7687,7.687,-0.0106,0.0361,-0.0689,0.0108,-0.1467,-0.2966
7688,7.688,-0.0039,0.0253,-0.1063,0.0101,-0.1223,-0.2537
7689,7.689,0.0281,0.0156,-0.1176,0.0037,-0.1001,-0.2938
7690,7.69,0.0103,0.0042,-0.0656,0.0115,-0.2018,-0.8355
7691,7.691,-0.0273,-0.0005,-0.0372,0.0126,-0.4055,-0.7588
7692,7.692,-0.1005,-0.0074,-0.0286,0.0172,-0.2158,-0.1249
7693,7.693,-0.1114,-0.0112,0.0421,0.013,0.0067,0.1317
7694,7.694,-0.1214,-0.0102,0.0896,0.0138,0.0968,0.21
7695,7.695,-0.1133,0.0014,0.133,0.0032,0.1245,0.2807
7696,7.696,-0.0747,-0.0032,0.1409,-0.0074,0.1004,0.3448
7697,7.697,-0.0254,-0.0018,0.2478,-0.0059,0.1231,0.1705
7698,7.698,0.0713,0.0071,0.2326,-0.0047,0.1029,0.7514
7699,7.699,0.1124,0.0104,0.1072,-0.0036,0.3808,0.8288
7700,7.7,0.1244,0.0032,-0.0107,-0.0026,0.3414,0.3359
7701,7.701,0.1584,0.0007,-0.1793,-0.0034,0.0886,-0.1135
7702,7.702,0.1892,0.0137,-0.2469,-0.0008,-0.0762,-0.1733
7703,7.703,0.1986,0.0195,-0.3084,0.0014,-0.1065,-0.2272
7704,7.704,0.1901,0.0213,-0.3274,0.0035,-0.1339,-0.2762
7705,7.705,0.1355,0.0077,-0.3112,-0.0034,-0.1096,-0.2333
7706,7.706,0.0714,0.006,-0.2353,-0.0025,-0.0874,-0.5114
7707,7.707,-0.0063,0.0113,-0.1106,0.0017,-0.3112,-0.9811
7708,7.708,-0.1211,0.007,-0.0269,-0.0005,-0.4008,-0.5338
7709,7.709,-0.1672,-0.0109,0.0189,-0.0083,-0.1566,0.1069
7710,7.71,-0.1257,-0.0231,0.0605,-0.0197,0.0739,0.1934
7711,7.711,-0.1384,-0.0251,0.1487,-0.0151,0.1043,0.2715
7712,7.712,-0.219,-0.035,0.1832,-0.0138,0.1317,0.3423
7713,7.713,-0.2504,-0.0292,0.1934,-0.01,0.1565,0.2788
7714,7.714,-0.1653,-0.0239,0.1837,0.0003,0.0895,0.3369
7715,7.715,-0.1311,-0.0191,0.1576,0.0128,0.1911,0.918
7716,7.716,-0.0791,-0.0174,0.1495,0.0044,0.4319,0.6862
7717,7.717,-0.0696,-0.0008,0.0994,-0.0095,0.2678,0.1929
7718,7.718,-0.0607,-0.0027,0.0019,-0.0188,-0.0014,-0.2564
7719,7.719,-0.0057,0.0037,-0.0682,-0.0238,-0.1103,-0.1996
7720,7.72,0.0872,0.0281,-0.157,-0.0132,-0.1436,-0.2532
7721,7.721,0.1,0.0316,-0.077,-0.0062,-0.1142,-0.3018
7722,7.722,0.0887,0.0111,-0.0672,0,-0.1415,-0.1711
7723,7.723,0.0578,0.0087,-0.0961,0.0149,-0.1172,-0.6873
7724,7.724,0.0674,0.0065,-0.0536,0.021,-0.3637,-0.8985
7725,7.725,0.0694,0.0003,-0.0451,0.0037,-0.3203,-0.2978
7726,7.726,0.0435,0.0071,-0.0226,-0.0019,-0.0901,0.1518
7727,7.727,0.0357,0.0094,-0.0305,-0.0003,0.1192,0.2114
7728,7.728,0.0429,0.0078,-0.0636,0.0012,0.0926,0.2651
7729,7.729,0.0366,-0.014,-0.0701,-0.003,0.1174,0.3138
7730,7.73,0.0311,-0.0167,-0.0227,-0.0043,0.14,0.1833
7731,7.731,0.0368,-0.0138,0.009,-0.0012,0.0792,0.4613
7732,7.732,0.013,-0.0112,-0.0207,-0.0086,0.2828,0.9308
7733,7.733,-0.0174,0.0002,-0.0265,-0.0095,0.3641,0.4833
7734,7.734,0.0109,0.0024,-0.0126,-0.0036,0.0929,-0.0412
7735,7.735,0.0658,0.0045,0.0353,0.0015,-0.0882,-0.2534
7736,7.736,0.0894,0.0097,0.0798,0.0035,-0.1218,-0.3183
7737,7.737,0.0682,-0.0008,0.1673,0.004,-0.0925,-0.2607
7738,7.738,0.0489,-0.002,0.1793,-0.0037,-0.1198,-0.2082
7739,7.739,0.0431,-0.003,0.1213,-0.0007,-0.0955,-0.2564
7740,7.74,0.0379,0.0026,0.0271,0.0019,-0.2076,-0.9115
7741,7.741,0.0523,-0.0088,-0.0614,-0.011,-0.391,-0.6309
7742,7.742,0.0567,-0.0072,-0.0961,-0.013,-0.2188,-0.2041
7743,7.743,0.0366,0.0024,-0.1275,-0.008,-0.0165,0.1846
7744,7.744,0.0257,0.0036,-0.0804,-0.0035,0.1197,0.2562
7745,7.745,0.0288,0.0069,-0.0376,0.006,0.0956,0.3211
7746,7.746,0.0259,0.0016,0.0327,0.0071,0.163,0.2638
7747,7.747,0.0068,0.0008,0.1179,0.008,0.1428,0.2115
7748,7.748,0.0093,-0.0017,0.1063,0.0109,0.1244,0.6441
7749,7.749,-0.0242,-0.0054,0.0541,0.0116,0.3768,0.7027
7750,7.75,-0.0968,-0.0132,0.0444,0.0089,0.341,0.3328
7751,7.751,-0.2531,-0.0206,0.0355,0.0095,0.0451,-0.1011
7752,7.752,-0.2752,-0.0121,0.0117,0.0045,-0.0746,-0.1604
7753,7.753,-0.1734,-0.0066,-0.0243,0.0039,-0.1113,-0.2139
7754,7.754,-0.1178,-0.0097,-0.0312,0.0043,-0.1445,-0.2626
7755,7.755,-0.0337,0.0024,-0.0257,0.0078,-0.115,-0.2194
7756,7.756,0.0427,0.0108,-0.01,0.0047,-0.0881,-0.418
7757,7.757,0.0564,0.0092,-0.0053,-0.0018,-0.31,-0.9594
7758,7.758,0.0436,-0.0005,-0.0096,-0.0141,-0.3995,-0.5726
7759,7.759,0.0087,-0.017,-0.0056,-0.0057,-0.1554,0.0619
7760,7.76,-0.0227,-0.0149,0.0054,0.0019,0.075,0.1489
7761,7.761,0.0244,-0.0048,0.0024,0.0005,0.1054,0.2272
7762,7.762,0.0673,-0.003,0.0055,-0.0008,0.1328,0.2982
7763,7.763,0.0903,-0.0014,0.0085,0.0096,0.1576,0.2348
7764,7.764,0.0545,-0.0092,0.0112,-0.0001,0.0906,0.2931
7765,7.765,-0.0427,-0.0163,0.0092,-0.0013,0.1923,0.8744
7766,7.766,-0.1402,-0.0126,0.0114,-0.0045,0.3961,0.6427
7767,7.767,-0.1026,0.0043,0.0096,-0.0014,0.2606,0.1495
7768,7.768,-0.0222,-0.0031,0.0113,0.0013,-0.011,-0.1718
7769,7.769,0.0297,-0.001,0.0006,0.0073,-0.1199,-0.2311
7770,7.77,0.058,0.0009,-0.0064,0.0079,-0.0876,-0.2847
7771,7.771,0.0665,0.0137,-0.0256,-0.0013,-0.1177,-0.2372
7772,7.772,0.0586,0.0254,-0.0175,-0.0076,-0.1451,-0.1939
7773,7.773,0.0514,0.0176,-0.0102,0.005,-0.1207,-0.7102
7774,7.774,0.0449,0.0078,0.0012,0.0101,-0.3672,-0.9214
7775,7.775,0.0273,-0.0012,-0.0046,0.0178,-0.3346,-0.3456
7776,7.776,-0.0421,0.0042,-0.0098,0.0109,-0.0657,0.1978
7777,7.777,-0.0516,0.001,-0.0145,0.0121,0.1154,0.2695
7778,7.778,-0.0775,-0.0019,0.0089,0.0111,0.0832,0.3342
7779,7.779,-0.0696,-0.0099,0.0391,0.0059,0.1133,0.2768
7780,7.78,-0.0481,-0.0111,0.0195,0.0033,0.1406,0.2244
7781,7.781,-0.0157,-0.0158,0.0306,-0.0078,0.1163,0.4647
7782,7.782,-0.0329,-0.0219,0.0278,-0.0062,0.2731,0.9455
7783,7.783,-0.0275,-0.0105,0.0368,-0.0047,0.375,0.498
7784,7.784,0.0258,0.0147,0.0122,-0.016,0.1712,-0.0266
7785,7.785,0.0471,-0.0035,-0.024,-0.0204,-0.0736,-0.239
7786,7.786,0.0664,-0.0004,-0.0674,-0.0163,-0.107,-0.304
7787,7.787,0.0838,0.0144,-0.1081,-0.015,-0.137,-0.2466
7788,7.788,0.0464,0.0061,-0.1559,-0.0046,-0.1101,-0.2999
7789,7.789,0.0123,0.0132,-0.1363,-0.0004,-0.0856,-0.252
7790,7.79,0.034,0.0197,-0.0952,-0.004,-0.1528,-0.9072
7791,7.791,0.0537,0.0216,-0.0473,-0.005,-0.4173,-0.6268
7792,7.792,0.0569,0.0196,0.0494,-0.0018,-0.237,-0.2001
7793,7.793,0.0468,-0.0025,0.1464,0.0104,-0.0066,0.1885
7794,7.794,0.0256,-0.0055,0.0577,0.0088,0.0836,0.2599
7795,7.795,0.0004,-0.0028,-0.0003,0.0104,0.1113,0.3247
7796,7.796,-0.0165,-0.0006,-0.0108,0.0146,0.1361,0.2672
7797,7.797,-0.014,0.0059,-0.0771,0.0135,0.1142,0.2148
7798,7.798,-0.0281,0.0119,-0.0683,0.0125,0.0941,0.6473
7799,7.799,-0.0555,0.0137,-0.029,0.0032,0.372,0.822
7800,7.8,-0.0444,0.0052,0.0066,-0.003,0.3327,0.3461
7801,7.801,-0.0141,0.0097,0.0389,-0.0039,0.0799,-0.1029
7802,7.802,-0.0175,0,0.0681,-0.0028,-0.0849,-0.1624
7803,7.803,-0.0206,-0.0088,0.0308,-0,-0.1153,-0.2159
7804,7.804,0.003,-0.0032,-0.0031,-0.0041,-0.1426,-0.2646
7805,7.805,0.0065,-0.0105,0.0275,-0.0047,-0.1183,-0.2214
7806,7.806,0.0045,-0.0097,0.0473,-0.0067,-0.0961,-0.4201
7807,7.807,0.0074,-0.0209,0.0434,-0.0036,-0.2793,-0.9615
7808,7.808,0.0014,-0.0316,0.0595,0.0041,-0.4026,-0.5748
7809,7.809,0.012,-0.0246,0.0561,0.0031,-0.1559,0.0596
7810,7.81,0.0329,-0.0208,0.0364,-0.009,0.0746,0.1465
7811,7.811,0.0361,-0.0036,-0.0013,-0.0208,0.1051,0.2248
7812,7.812,0.0438,0.0138,-0.0497,-0.0038,0.1326,0.2957
7813,7.813,0.0508,0.025,-0.0307,-0.0015,0.1085,0.2322
7814,7.814,0.0614,0.0109,0.0099,-0.0116,0.0864,0.2905
7815,7.815,0.0748,0.0165,-0.0276,-0.0097,0.1882,0.8717
7816,7.816,0.0666,0.0149,-0.0135,-0.008,0.4291,0.6401
7817,7.817,0.0713,0.0135,-0.0092,-0.0003,0.2651,0.1469
7818,7.818,0.0728,0.0317,0.0187,0.0067,-0.004,-0.1746
7819,7.819,0.0616,0.039,0.0368,0.0104,-0.1128,-0.234
7820,7.82,0.0388,0.0188,-0.0064,0.0114,-0.0804,-0.2877
7821,7.821,-0.0107,0.0052,-0.0596,0.0145,-0.1105,-0.2404
7822,7.822,-0.032,0.003,-0.0955,0.0117,-0.1378,-0.1972
7823,7.823,-0.0384,0.0009,-0.1152,0.0075,-0.1134,-0.634
7824,7.824,-0.1029,0.003,-0.133,0.0022,-0.3599,-0.9252
7825,7.825,-0.1115,0.005,-0.1068,-0.0014,-0.3272,-0.3439
7826,7.826,-0.1247,-0.0059,-0.0747,-0.0055,-0.0847,0.1449
7827,7.827,-0.2107,-0.0007,-0.0607,-0.0072,0.0651,0.2235
7828,7.828,-0.1991,-0.0145,-0.0391,-0.016,0.0928,0.2943
7829,7.829,-0.105,-0.0162,0.0206,-0.0073,0.1177,0.2307
7830,7.83,-0.1426,-0.0178,0.0461,-0.0084,0.1403,0.1727
7831,7.831,-0.0848,-0.0254,0.0848,-0.0033,0.0796,0.4367
7832,7.832,-0.0115,-0.0239,0.0915,-0.0079,0.2833,0.9651
7833,7.833,0.0363,-0.0176,0.0718,-0.0106,0.419,0.4728
7834,7.834,0.0625,-0.005,0.0421,-0.0055,0.1479,0.0233
7835,7.835,0.1019,0.0036,0.0257,-0.0035,-0.1052,-0.2692
7836,7.836,0.1378,0.0053,0.0396,0.0021,-0.1388,-0.2179
7837,7.837,0.1318,0.0095,-0.027,0.0058,-0.1094,-0.2671
7838,7.838,0.1146,0.0009,-0.0179,0.0009,-0.1367,-0.3115
7839,7.839,0.12,0.002,0.1111,0.0003,-0.1124,-0.2724
7840,7.84,0.1153,0.0052,0.1664,0.0008,-0.1347,-0.814
7841,7.841,0.1109,0.0045,0.0821,0.0086,-0.3993,-0.7375
7842,7.842,0.1069,0.0055,0.1279,0.0142,-0.2913,-0.1037
7843,7.843,0.1175,0.0003,0.1417,0.0089,0.0046,0.1529
7844,7.844,0.1074,0.0024,-0.0225,0.0081,0.1244,0.2313
7845,7.845,0.068,0.0082,-0.0898,0.014,0.0888,0.3019
7846,7.846,0.0088,0.0089,-0.1509,0.0087,0.1219,0.2383
7847,7.847,-0.1092,-0.0017,-0.2066,-0.002,0.0924,0.1803
7848,7.848,-0.3285,-0.0156,-0.1564,-0.0036,0.1197,0.5497
7849,7.849,-0.4782,-0.0062,-0.0495,-0.0162,0.3907,0.7901
7850,7.85,-0.3433,-0.0146,-0.0357,-0.018,0.3549,0.3962
7851,7.851,-0.2701,-0.0007,-0.0736,-0.0197,0.1248,-0.0812
7852,7.852,-0.1581,0.0086,-0.0393,-0.0185,-0.0846,-0.147
7853,7.853,-0.0971,0.0137,-0.0085,-0.0022,-0.1122,-0.206
7854,7.854,-0.0045,0.0153,0.0197,0.0043,-0.0881,-0.2596
7855,7.855,0.0794,0.0083,0.0798,0.0062,-0.1107,-0.2122
7856,7.856,0.0946,-0.0005,0.1031,0.0006,-0.0905,-0.431
7857,7.857,0.1084,-0.0177,0.1673,-0.0012,-0.2572,-0.9477
7858,7.858,0.0957,-0.035,0.1416,-0.0058,-0.4141,-0.5965
7859,7.859,0.0842,-0.0507,0.0873,-0.0017,-0.1494,-0.0197
7860,7.86,0.0944,-0.0323,-0.019,-0.0029,0.0317,0.214
7861,7.861,0.0659,-0.0101,-0.0645,-0.0019,0.0652,0.2852
7862,7.862,0.0916,0.0048,-0.0228,-0.0008,0.0954,0.2219
7863,7.863,0.0992,0.0074,-0.0605,-0.0054,0.1228,0.2803
7864,7.864,0.0634,0.0146,-0.095,-0.0028,0.0984,0.2277
7865,7.865,0.0696,0.0124,-0.1471,-0.0006,0.1656,0.8524
7866,7.866,0.1102,0.0184,-0.1945,0.0058,0.4303,0.7677
7867,7.867,0.1258,0.009,-0.1341,0.0067,0.2501,0.2251
7868,7.868,0.1303,0.0039,-0.0321,0.0151,0.0197,-0.1282
7869,7.869,0.1256,0.0024,0.0376,0.0161,-0.0704,-0.1934
7870,7.87,0.1053,0.001,0.0756,0.0171,-0.098,-0.2522
7871,7.871,0.0796,0.0046,0.0873,0.0163,-0.1228,-0.3055
7872,7.872,0.0296,0.0035,0.0771,0.0171,-0.1008,-0.1616
7873,7.873,-0.035,0.0003,0.0677,0.0102,-0.1212,-0.642
7874,7.874,-0.0786,-0.0007,0.0591,0.0056,-0.362,-0.8342
7875,7.875,-0.0713,-0.0016,0.0359,0.0081,-0.3294,-0.3106
7876,7.876,-0.0931,-0.004,0.0291,0.0059,-0.1205,0.1832
7877,7.877,-0.1128,-0.0021,0.0232,0.0079,0.0698,0.2488
7878,7.878,-0.1075,0.0007,0.0295,0.0096,0.0949,0.3077
7879,7.879,-0.113,0.0022,0.0568,0.0172,0.1175,0.2557
7880,7.88,-0.147,0.0025,0.0238,0.0161,0.138,0.2081
7881,7.881,-0.1516,0.0084,0.0201,0.0058,0.0826,0.4266
7882,7.882,-0.0915,0.0057,0.0408,0.0071,0.2677,0.9432
7883,7.883,-0.031,-0.006,0.0668,0.0009,0.3909,0.592
7884,7.884,-0.07,-0.0281,0.0243,-0.0162,0.1891,0.0151
7885,7.885,-0.0628,-0.0254,-0.0282,-0.0435,-0.0557,-0.2185
7886,7.886,0.0084,-0.0282,-0.0349,-0.0327,-0.0893,-0.2898
7887,7.887,0.037,-0.016,-0.0668,-0.0229,-0.1196,-0.3541
7888,7.888,0.063,-0.0005,-0.0607,-0.0317,-0.1469,-0.2965
7889,7.889,0.0866,-0.0026,-0.0552,-0.0236,-0.1225,-0.2439
7890,7.89,0.1082,-0.0045,-0.0691,-0.0163,-0.1897,-0.8685
7891,7.891,0.1276,0.0039,-0.0555,-0.0184,-0.373,-0.7836
7892,7.892,0.1451,0.027,-0.0112,-0.0204,-0.2994,-0.2408
7893,7.893,0.1504,0.0238,0.0065,0.0076,-0.0075,0.2532
7894,7.894,0.1457,0.0151,0.0333,0.0194,0.1122,0.1906
7895,7.895,0.1588,0.0124,0.0478,0.023,0.0768,0.2496
7896,7.896,0.147,0.01,0.008,0.0263,0.1098,0.3031
7897,7.897,0.1215,-0.0011,0.0027,0.0175,0.1398,0.1594
7898,7.898,0.0717,0.0009,-0.0021,0.0202,0.1128,0.64
7899,7.899,-0.0354,-0.001,0.0377,0.0275,0.3347,0.8323
7900,7.9,-0.2654,-0.0095,0.1178,0.0297,0.3647,0.4254
7901,7.901,-0.3641,-0.0171,0.1524,0.0155,0.1204,-0.1571
7902,7.902,-0.2152,-0.0075,0.0586,0.0099,-0.0444,-0.2358
7903,7.903,-0.0797,0.0089,0.0209,0.0015,-0.1344,-0.3066
7904,7.904,-0.1042,0.0292,-0.0598,-0.0184,-0.1076,-0.2432
7905,7.905,-0.0369,0.0374,-0.1329,-0.0211,-0.1324,-0.1854
7906,7.906,-0.0569,0.0301,-0.1805,-0.0187,-0.1101,-0.4496
7907,7.907,-0.075,0.0236,-0.241,-0.0299,-0.2525,-0.9783
7908,7.908,-0.0242,0.0256,-0.2487,-0.0441,-0.4192,-0.6268
7909,7.909,-0.0087,0.0051,-0.1417,-0.0384,-0.1727,-0.0498
7910,7.91,0.0054,-0.0031,-0.0037,-0.0265,0.0578,0.1841
7911,7.911,0.0434,0.0042,0.0522,-0.0188,0.0883,0.2556
7912,7.912,0.0782,0.0108,0.1028,-0.009,0.1158,0.3204
7913,7.913,0.0683,-0.0117,0.1181,-0.0027,0.1407,0.2629
7914,7.914,0.0593,-0.0088,0.0765,0.003,0.1187,0.2105
7915,7.915,0.0339,-0.0225,0.0889,0.0187,0.1797,0.8352
7916,7.916,0.0265,-0.0397,0.0312,0.021,0.4206,0.7506
7917,7.917,0.0197,-0.0373,-0.0002,0.019,0.2567,0.208
7918,7.918,0.0265,-0.0065,-0.0477,0.0135,0.0476,-0.1451
7919,7.919,0.021,-0.0107,-0.0392,0.0085,-0.0886,-0.2104
7920,7.92,0.0371,0.0014,0.0154,0.0162,-0.1136,-0.2691
7921,7.921,0.071,0.0051,0.0651,0.0149,-0.1362,-0.3224
7922,7.922,0.0665,0.002,0.0843,0.0137,-0.1161,-0.1786
7923,7.923,0.0625,0.0051,-0.004,0.0148,-0.0978,-0.6591
7924,7.924,0.0658,0.0243,-0.0419,0.0117,-0.3502,-0.8513
7925,7.925,0.0225,0.0221,-0.0997,0.0014,-0.3144,-0.3278
7926,7.926,-0.007,0.0201,-0.152,0.0084,-0.0842,0.166
7927,7.927,-0.0024,0.0321,-0.1677,0.0072,0.0837,0.2282
7928,7.928,-0.008,0.0342,-0.1396,0.0085,0.1141,0.2929
7929,7.929,-0.0227,0.0138,-0.0623,0.0075,0.1416,0.3514
7930,7.93,-0.0717,0.0058,-0.0522,0.0003,0.1173,0.1933
7931,7.931,-0.0656,0.0083,0.0137,0.0068,0.0952,0.4337
7932,7.932,-0.025,0.0062,0.0737,0.0094,0.2785,0.9143
7933,7.933,0.012,0.0003,0.0497,0.0131,0.4018,0.5948
7934,7.934,0.0167,-0.0015,0.0562,0.0067,0.2001,0.0703
7935,7.935,-0.0229,-0.0132,0.0492,0.0093,-0.0445,-0.2829
7936,7.936,-0.0919,-0.0237,0.043,0.0056,-0.1437,-0.2201
7937,7.937,-0.1387,-0.0444,0.048,-0.0051,-0.1739,-0.279
7938,7.938,-0.1122,-0.0472,0.0334,-0.0189,-0.1471,-0.2269
7939,7.939,-0.0411,-0.028,0.0289,-0.0282,-0.1228,-0.2753
7940,7.94,-0.0312,-0.0603,0.0326,-0.0231,-0.1452,-0.8432
7941,7.941,0.0124,-0.0734,0.0288,-0.0155,-0.4099,-0.7663
7942,7.942,0.0361,-0.0293,0.0188,-0.0168,-0.3019,-0.1324
7943,7.943,0.0293,-0.0118,0.0394,-0.008,-0.0716,0.1244
7944,7.944,-0.0156,-0.0064,0.0419,-0.0047,0.1377,0.2033
7945,7.945,-0.0097,0.0178,0.0442,0.0006,0.1112,0.2743
7946,7.946,0.0598,0.0311,0.0285,0.0034,0.136,0.3389
7947,7.947,0.0881,0.0272,0.0303,0.0077,0.1138,0.1651
7948,7.948,0.0966,0.0236,0.0357,0.004,0.0936,0.6408
7949,7.949,0.1041,0.0268,0.0271,0.0005,0.3713,0.8332
7950,7.95,0.0966,0.0239,0.0408,-0.0011,0.3318,0.4263
7951,7.951,0.1025,0.0158,0.0686,0.0041,0.079,-0.1561
7952,7.952,0.0845,0.0085,0.1285,-0.0008,-0.0859,-0.2349
7953,7.953,0.0682,0.0019,0.1542,0.0087,-0.1164,-0.3058
7954,7.954,0.0242,-0.0083,0.1462,0.0212,-0.144,-0.2424
7955,7.955,-0.0526,0.0048,0.0394,0.0093,-0.1198,-0.1847
7956,7.956,-0.084,0.0132,-0.1291,-0.0137,-0.0977,-0.4487
7957,7.957,-0.0369,0.027,-0.2411,-0.0302,-0.2402,-0.9772
7958,7.958,-0.0458,0.0474,-0.3428,-0.0094,-0.4072,-0.6257
7959,7.959,-0.1006,0.0337,-0.3243,-0.0231,-0.2056,-0.0485
7960,7.96,-0.1077,0.036,-0.2064,-0.0404,0.0389,0.1855
7961,7.961,-0.166,0.0293,-0.0683,-0.0111,0.0723,0.2569
7962,7.962,-0.1891,0.0108,-0.0124,0.0007,0.1024,0.3219
7963,7.963,-0.1676,-0.0016,0.072,0.0116,0.1296,0.2647
7964,7.964,-0.0829,-0.0264,0.0875,0.0084,0.1051,0.318
7965,7.965,-0.0247,-0.0562,0.0736,0.0056,0.1722,0.8469
7966,7.966,-0.0136,-0.0842,0.0862,0.0083,0.3959,0.7774
7967,7.967,-0.0035,-0.0878,0.0517,0.001,0.3066,0.2014
7968,7.968,0.0057,-0.0781,0.0622,-0.0012,0.0619,-0.1868
7969,7.969,0.0766,-0.0331,0.0528,0.013,-0.1031,-0.2581
7970,7.97,0.1243,0.012,0.0441,0.0149,-0.074,-0.3225
7971,7.971,0.1332,0.0061,0.0362,0.0199,-0.1016,-0.2647
7972,7.972,0.1257,-0.0099,0.0291,0.0122,-0.1265,-0.2119
7973,7.973,0.1188,-0.0053,0.0229,0.0026,-0.1045,-0.6441
7974,7.974,0.1124,0.0078,0.0058,-0.0012,-0.3692,-0.9347
7975,7.975,0.1183,0.0195,0.0223,-0.0116,-0.3335,-0.3529
7976,7.976,0.1342,0.0303,0.0087,-0.0103,-0.1036,0.1907
7977,7.977,0.1295,0.0334,-0.0037,-0.0141,0.0461,0.2628
7978,7.978,0.1252,0.0304,-0.0148,-0.022,0.1278,0.328
7979,7.979,0.1053,0.0112,0.0039,-0.0083,0.1035,0.2708
7980,7.98,0.08,-0.0061,0.0541,-0.0066,0.126,0.2187
7981,7.981,0.0304,-0.0129,0.1472,0.0086,0.1057,0.3631
7982,7.982,-0.0622,-0.015,0.1353,0.0064,0.2353,0.9314
7983,7.983,-0.201,-0.0096,0.0324,-0.0067,0.4204,0.545
7984,7.984,-0.2564,-0.0013,-0.0643,-0.0051,0.1985,0.0516
7985,7.985,-0.273,0.0216,-0.1774,0.0087,-0.0109,-0.1416
7986,7.986,-0.2577,0.0378,-0.1921,0.0105,-0.0929,-0.2005
7987,7.987,-0.1882,0.0227,-0.1777,0.0155,-0.118,-0.2537
7988,7.988,-0.0745,0.0145,-0.0635,0.0139,-0.1407,-0.302
7989,7.989,-0.0286,0.002,-0.0172,0.0124,-0.1206,-0.2585
7990,7.99,-0.0146,-0.0003,-0.0028,0.0086,-0.1392,-0.7746
7991,7.991,0.0232,0.0057,0.0354,0.0008,-0.3916,-0.7047
7992,7.992,0.0118,0.0001,0.0473,-0.0024,-0.2836,-0.256
7993,7.993,0.0222,-0.0017,-0.0044,0.004,-0.0533,0.1525
7994,7.994,0.0695,0.009,0.0244,0.0098,0.0965,0.2067
7995,7.995,0.1299,0.0159,0.0333,-0.0002,0.1241,0.2556
7996,7.996,0.1221,0.0097,0.0258,-0.021,0.1491,0.2998
7997,7.997,0.1436,0.0087,0.0331,-0.0123,0.127,0.1815
7998,7.998,0.1374,0.0035,0.0526,-0.0042,0.107,0.5785
7999,7.999,0.1201,-0.0011,0.0353,-0.0019,0.3478,0.8431
8000,8,0.1148,-0.007,0.0302,0.0047,0.381,0.4104
8001,8.001,0.1195,-0.0048,0.0159,0.0107,0.1123,-0.1142
8002,8.002,0.115,0.0002,-0.006,0.0014,-0.0687,-0.186
8003,8.003,0.1109,-0.0055,-0.0499,-0.0003,-0.102,-0.2508
8004,8.004,0.1071,0.0015,-0.0556,0.0043,-0.132,-0.3095
8005,8.005,0.0837,-0.0013,-0.0715,0.0002,-0.105,-0.257
8006,8.006,0.0383,-0.0072,-0.0668,-0.0061,-0.0805,-0.4012
8007,8.007,-0.0333,-0.0035,-0.0539,-0.0029,-0.2371,-0.9692
8008,8.008,-0.1001,-0.0112,-0.0423,-0.004,-0.4201,-0.5826
8009,8.009,-0.1436,-0.0206,-0.0462,-0.0067,-0.198,0.0518
8010,8.01,-0.1519,-0.0143,-0.01,-0.0178,0.0114,0.1388
8011,8.011,-0.1737,-0.0064,0.0529,-0.0102,0.0936,0.2175
8012,8.012,-0.2453,-0.0136,0.1304,-0.0061,0.1187,0.2886
8013,8.013,-0.3879,-0.0162,0.1823,0.0104,0.1416,0.2253
8014,8.014,-0.4083,-0.0154,0.1158,0.0038,0.1218,0.2836
8015,8.015,-0.2417,-0.0191,0.0381,0.0019,0.1406,0.7594
8016,8.016,-0.0847,-0.0084,-0.0141,0.0075,0.3933,0.6959
8017,8.017,-0.0236,0.0022,-0.0047,0.0024,0.2856,0.2884
8018,8.018,0.0319,0.0092,0.1246,0.0101,0.0556,-0.1889
8019,8.019,0.0823,0.0207,0.1061,0.0088,-0.0939,-0.2542
8020,8.02,0.0974,0.0254,0.0554,0.01,-0.1213,-0.313
8021,8.021,0.1388,0.0408,-0.0522,-0.0025,-0.1459,-0.261
8022,8.022,0.1511,0.047,-0.2059,0.006,-0.1236,-0.2134
8023,8.023,0.0934,0.023,-0.3085,0.0075,-0.1032,-0.6067
8024,8.024,0.062,-0.0133,-0.3649,0.0061,-0.3437,-0.8713
8025,8.025,0.0714,-0.0179,-0.3153,-0.0001,-0.3766,-0.4387
8026,8.026,0.0627,0.0043,-0.2394,-0.0033,-0.1075,0.086
8027,8.027,0.0395,-0.0075,-0.0313,0.0019,0.0738,0.2984
8028,8.028,0.0245,-0.0001,0.0723,0.0043,0.1021,0.2845
8029,8.029,0.06,0.0036,0.0421,-0.0002,0.1355,0.349
8030,8.03,0.0664,0.0069,0.0686,0.0007,0.1062,0.2912
8031,8.031,0.0372,0.0158,0.0924,-0.0029,0.0794,0.344
8032,8.032,0,0.0132,0.0693,-0.0008,0.252,0.9685
8033,8.033,0.0047,0.011,0.0483,-0.0002,0.4092,0.5429
8034,8.034,0.0353,0.0133,0.0289,-0.0042,0.226,-0.0002
8035,8.035,0.0312,0.0195,0.0112,-0.0037,-0.0455,-0.2129
8036,8.036,0.0058,-0.0009,0.0254,-0.0025,-0.0822,-0.2781
8037,8.037,-0.0041,-0.0145,0.0105,-0.0004,-0.1153,-0.2211
8038,8.038,0.0106,-0.0267,-0.003,-0.0029,-0.1453,-0.2746
8039,8.039,0.0297,-0.0245,-0.0153,-0.0026,-0.1184,-0.2272
8040,8.04,0.0421,-0.006,-0.0057,0.0005,-0.143,-0.7955
8041,8.041,0.0624,-0.0036,0.0029,0.003,-0.3895,-0.719
8042,8.042,0.0598,-0.0102,0.028,0.0053,-0.2911,-0.2263
8043,8.043,0.0376,-0.0041,0.0349,0.0016,-0.0221,0.2229
8044,8.044,-0.0072,0.0052,0.041,0.0028,0.0868,0.2819
8045,8.045,-0.0912,0.0035,0.0336,-0.0001,0.1202,0.2295
8046,8.046,-0.1025,0.002,0.0153,0.0056,0.0908,0.2778
8047,8.047,-0.0293,0.0061,0.0303,-0.0022,0.1181,0.2343
8048,8.048,0.0182,-0.0129,0.0341,-0.0032,0.0937,0.5913
8049,8.049,0.0271,-0.0376,0.0114,-0.0058,0.3402,0.9277
8050,8.05,0.035,-0.0343,0.0145,-0.0153,0.3732,0.4467
8051,8.051,0.0566,-0.0315,0.0102,-0.0164,0.1045,-0.1307
8052,8.052,0.0504,-0.0014,0.0127,-0.0061,-0.0767,-0.2098
8053,8.053,0.0448,0.0347,-0.0211,0.0092,-0.1102,-0.2811
8054,8.054,0.0292,0.03,-0.0263,0.0072,-0.1404,-0.3461
8055,8.055,0.0536,0.008,-0.0232,0.0053,-0.1678,-0.2889
8056,8.056,0.0494,-0.0119,-0.0641,0.0037,-0.1435,-0.3422
8057,8.057,0.0376,-0.0155,-0.0383,-0.007,-0.2557,-0.9673
8058,8.058,0.0484,-0.0187,-0.0052,-0.0111,-0.3982,-0.7126
8059,8.059,0.0516,-0.0275,0.0516,-0.0148,-0.1946,-0.1698
8060,8.06,0.0186,-0.0248,0.0745,-0.0204,0.05,0.1833
8061,8.061,-0.0475,-0.0176,0.1095,-0.0131,0.0835,0.248
8062,8.062,-0.1519,0.0071,0.0767,-0.0086,0.1136,0.3063
8063,8.063,-0.1381,0.0168,-0.0118,-0.0043,0.1409,0.2539
8064,8.064,-0.1507,0.008,-0.0752,0.0072,0.1166,0.3019
8065,8.065,-0.1391,0.0052,-0.0872,0.0089,0.139,0.7821
8066,8.066,-0.0241,-0.0072,-0.0979,0.0073,0.4035,0.8463
8067,8.067,0.0221,-0.0094,-0.0889,0.0086,0.2955,0.2059
8068,8.068,0.0921,-0.0034,-0.0289,0.0075,0.0652,-0.2215
8069,8.069,0.1051,0.0022,0.0883,0.0178,-0.0847,-0.1459
8070,8.07,0.0942,0.014,0.2395,0.0082,-0.1123,-0.2171
8071,8.071,0.0636,0.0186,0.1784,0.017,-0.1373,-0.2819
8072,8.072,0.0356,0.0199,0.1596,0.0138,-0.1154,-0.2244
8073,8.073,-0.0761,0.0187,0.0415,0.0086,-0.0953,-0.5944
8074,8.074,-0.1523,0.0196,-0.1271,-0.0017,-0.3361,-0.9313
8075,8.075,-0.166,0.0206,-0.1946,-0.0087,-0.3692,-0.4508
8076,8.076,-0.1533,0.012,-0.215,-0.0176,-0.1006,0.1262
8077,8.077,-0.0956,0.013,-0.1964,-0.0233,0.0805,0.2049
8078,8.078,-0.0645,-0.0028,-0.0447,-0.0204,0.1139,0.2759
8079,8.079,-0.1118,-0.0185,0.0574,-0.012,0.144,0.3403
8080,8.08,-0.1376,-0.0247,0.0763,-0.0089,0.1171,0.2825
8081,8.081,-0.0514,-0.0117,0.0263,-0.0017,0.0927,0.3353
8082,8.082,0.0292,0,0.0419,0.0047,0.2495,0.8638
8083,8.083,0.0188,0.0015,0.0284,0.0124,0.4328,0.6532
8084,8.084,0.0281,0.0028,0.0161,0.0153,0.211,0.0761
8085,8.085,0.1056,0.0015,0.0048,0.0161,0.0017,-0.1579
8086,8.086,0.1783,-0.0064,-0.0052,0.0203,-0.0804,-0.2295
8087,8.087,0.1687,0.005,0.0046,0.018,-0.1053,-0.2943
8088,8.088,0.1598,0.0187,0.0135,0.0131,-0.1281,-0.2369
8089,8.089,0.1206,0.0093,0.0217,0.0101,-0.108,-0.1846
8090,8.09,0.0707,0.0109,0.0435,0.0073,-0.1266,-0.8094
8091,8.091,0.0254,0.0093,0.0762,0.0059,-0.3791,-0.8951
8092,8.092,-0.0039,-0.0003,0.0941,-0.0009,-0.3433,-0.1979
8093,8.093,0.0013,0.0135,0.0573,0.0002,-0.0475,0.2719
8094,8.094,-0.0035,0.0153,0.0142,-0.0081,0.0721,0.1881
8095,8.095,0.0006,-0.0034,0.0322,-0.009,0.1087,0.266
8096,8.096,-0.0116,-0.0012,-0.0152,-0.012,0.1418,0.3367
8097,8.097,-0.0447,-0.0259,-0.0731,-0.0184,0.1123,0.1452
8098,8.098,-0.0494,-0.0096,-0.0647,-0.0106,0.0854,0.5518
8099,8.099,-0.0695,-0.0068,-0.0713,-0.0178,0.3072,0.9217
8100,8.1,-0.0732,-0.0151,-0.0644,-0.0151,0.3966,0.3929
8101,8.101,-0.0635,-0.0225,-0.0466,-0.0175,0.1524,-0.1009
8102,8.102,-0.0725,-0.0114,0.0126,-0.009,-0.0781,-0.1666
8103,8.103,-0.1028,-0.0257,0.0208,-0.0034,-0.1085,-0.2257
8104,8.104,-0.0431,-0.0239,0.014,0.0082,-0.1359,-0.2792
8105,8.105,0.0343,-0.0155,0.0207,0.0128,-0.1116,-0.2317
8106,8.106,0.0444,0.0014,-0.0199,0.0225,-0.0893,-0.3629
8107,8.107,0.0346,0.008,-0.0462,0.0087,-0.2316,-0.9585
8108,8.108,0.0084,0.0141,-0.0508,-0.008,-0.4354,-0.7035
8109,8.109,0.0158,0.0197,-0.0197,-0.0013,-0.2457,-0.0058
8110,8.11,0.0651,0.0214,0.0168,0.0048,0.0261,0.2768
8111,8.111,0.0711,0.026,0.0316,0.0067,0.063,0.1932
8112,8.112,0.0413,0.0163,-0.0078,0.0118,0.0964,0.2713
8113,8.113,0.0036,0.0024,-0.0021,0.0043,0.1265,0.3421
8114,8.114,0.0273,0.008,-0.0161,0.0113,0.0997,0.1505
8115,8.115,0.0402,0.003,-0.0291,0.0101,0.1244,0.79
8116,8.116,0.0437,0.0136,-0.0408,-0.0047,0.4157,0.7053
8117,8.117,-0.0111,-0.0072,-0.0441,-0.0188,0.297,0.3177
8118,8.118,-0.0502,-0.028,-0.0274,-0.0244,0.0441,-0.1761
8119,8.119,0.0139,-0.0198,-0.0298,-0.0193,-0.055,-0.2415
8120,8.12,-0.012,-0.0074,-0.0266,-0.0146,-0.0853,-0.3004
8121,8.121,-0.0198,-0.0052,-0.0237,0.0006,-0.1128,-0.2482
8122,8.122,0.0155,0.0091,0.0015,0.0231,-0.1376,-0.2007
8123,8.123,0.0219,-0.0002,0.0117,0.038,-0.0706,-0.594
8124,8.124,0.0046,-0.0052,0.0032,0.0407,-0.3352,-0.964
8125,8.125,-0.0111,-0.0128,-0.0105,0.0383,-0.3714,-0.4355
8126,8.126,0.0133,-0.0002,-0.0129,0.0317,-0.1414,0.0582
8127,8.127,0.0091,0.0083,-0.0149,0.0215,0.0679,0.2515
8128,8.128,-0.0186,0.0038,-0.0086,0.0159,0.0957,0.3103
8129,8.129,-0.0831,0.0081,0.0077,0.0059,0.1238,0.286
8130,8.13,-0.0357,0.004,0.0138,0.0009,0.1485,0.2335
8131,8.131,0.0094,-0.015,0.0397,0.0024,0.0815,0.2816
8132,8.132,0.0503,-0.0069,0.0949,0.0121,0.2238,0.9368
8133,8.133,0.0556,0.0104,0.072,0.0033,0.4276,0.6561
8134,8.134,0.0315,0.0261,0.0369,-0.0116,0.2379,0.0589
8135,8.135,0.0095,0.02,-0.0081,-0.0218,-0.0339,-0.175
8136,8.136,-0.0104,0.0107,-0.0256,-0.0386,-0.0707,-0.2465
8137,8.137,-0.0138,0.0057,-0.0628,-0.0542,-0.104,-0.3113
8138,8.138,-0.0301,-0.0173,-0.0484,-0.0685,-0.1341,-0.2538
8139,8.139,-0.039,-0.0204,-0.0175,-0.0704,-0.1074,-0.2016
8140,8.14,-0.0802,-0.0233,-0.0452,-0.0654,-0.1322,-0.8263
8141,8.141,-0.0977,-0.0041,-0.0048,-0.0579,-0.3787,-0.912
8142,8.142,-0.0607,0.0083,-0.0415,-0.0372,-0.2805,-0.2151
8143,8.143,0.0022,0.0149,-0.075,0.0017,-0.0716,0.2545
8144,8.144,0.0625,0.0335,-0.0702,0.0175,0.0645,0.1707
8145,8.145,0.0391,0.0212,-0.0338,0.0127,0.0895,0.2487
8146,8.146,0.0035,0.001,-0.0191,0.0257,0.112,0.3194
8147,8.147,-0.0159,0.0202,0.012,0.0295,0.1325,0.2557
8148,8.148,-0.0102,0.0275,0.024,0.0186,0.1141,0.5461
8149,8.149,0.0056,0.0164,0.0351,0.0086,0.3327,0.9159
8150,8.15,0.0199,0.0104,0.0321,0.0057,0.3626,0.4832
8151,8.151,0.0244,0.0123,0.0295,0.0137,0.1183,-0.0416
8152,8.152,0.0443,0.0006,0.0599,0.0064,-0.1123,-0.2541
8153,8.153,0.0115,-0.0162,0.08,0.0086,-0.1429,-0.3191
8154,8.154,0.0247,-0.0183,0.0621,0.0187,-0.1704,-0.2617
8155,8.155,0.0365,-0.0407,0.1054,0.0243,-0.1463,-0.3152
8156,8.156,0.0331,-0.0435,0.0999,0.0091,-0.0794,-0.3636
8157,8.157,0.0364,-0.0407,0.0201,0.003,-0.1812,-0.9318
8158,8.158,0.0636,-0.0034,-0.0372,0.0048,-0.4222,-0.7001
8159,8.159,0.053,0.0019,-0.0266,0.0064,-0.2583,-0.2069
8160,8.16,0.0631,0.0067,0.021,0.0018,0.0107,0.2425
8161,8.161,0.0304,0.0112,-0.0562,0.0087,0.1194,0.3017
8162,8.162,-0.0001,0.0074,-0.087,0.0098,0.1526,0.3551
8163,8.163,-0.0118,0.0111,0.0177,0.002,0.123,0.3075
8164,8.164,-0.0224,0.0079,0.0041,0.0093,0.1502,0.264
8165,8.165,-0.0385,-0.0008,-0.0082,-0.0029,0.1257,0.7801
8166,8.166,-0.0353,-0.0089,-0.0196,0.0021,0.4169,0.8507
8167,8.167,-0.0653,-0.0211,-0.0507,0.0005,0.2981,0.2745
8168,8.168,-0.0452,-0.0055,-0.0411,0.0019,0.0452,-0.114
8169,8.169,-0.027,-0.0156,-0.0322,0.003,-0.0541,-0.1856
8170,8.17,0.0029,0.0011,-0.0551,0.002,-0.0844,-0.2504
8171,8.171,-0.057,-0.0055,-0.0618,0.003,-0.1119,-0.3091
8172,8.172,-0.1862,-0.0116,-0.0161,0.0094,-0.1367,-0.2567
8173,8.173,-0.2785,-0.0022,0.0725,0.0086,-0.1146,-0.497
8174,8.174,-0.127,-0.0073,0.0352,0.0017,-0.298,-0.9778
8175,8.175,-0.066,-0.0149,-0.022,0.0025,-0.372,-0.4021
8176,8.176,-0.0103,-0.0024,-0.032,-0.0034,-0.1703,0.1412
8177,8.177,0.0067,0.0229,-0.0601,-0.0103,0.0743,0.2131
8178,8.178,0.114,0.0337,-0.0339,-0.0095,0.1077,0.2781
8179,8.179,0.1837,0.0305,-0.0414,-0.0087,0.1377,0.3368
8180,8.18,0.1713,0.0155,-0.0766,-0.0094,0.1109,0.1791
8181,8.181,0.16,-0.0093,-0.044,-0.003,0.0865,0.3235
8182,8.182,0.1081,-0.0193,0.0093,0.0098,0.1984,0.8917
8183,8.183,0.0988,0.0014,0.1164,0.008,0.4223,0.6601
8184,8.184,0.0731,0.0149,0.2238,0.0097,0.2137,0.0259
8185,8.185,0.0341,0.0125,0.1545,0.0143,-0.0309,-0.2309
8186,8.186,0.0414,0.0013,0.0916,0.0156,-0.0645,-0.3094
8187,8.187,0.0608,0.0033,0.0112,0.0094,-0.0948,-0.2397
8188,8.188,0.0435,0.0015,-0.0408,0.0083,-0.1222,-0.304
8189,8.189,-0.0151,-0.007,-0.107,0.0136,-0.1469,-0.246
8190,8.19,-0.0073,-0.0053,-0.1501,0.0109,-0.1247,-0.7213
8191,8.191,0.0283,-0.0066,-0.0954,0.0101,-0.3892,-0.7855
8192,8.192,-0.056,-0.0128,-0.0883,-0.0013,-0.2812,-0.2616
8193,8.193,-0.0905,-0.0183,-0.0947,0.0005,-0.051,0.0918
8194,8.194,-0.0383,-0.0194,-0.0538,0.0022,0.0988,0.1575
8195,8.195,-0.0477,-0.0109,-0.0166,0.0037,0.1264,0.3327
8196,8.196,-0.0217,-0.0007,-0.0022,-0.01,0.1022,0.2806
8197,8.197,-0.0139,-0.0048,-0.0064,-0.0043,0.1248,0.2333
8198,8.198,-0.0495,-0.0061,0.0138,-0.0092,0.1047,0.5395
8199,8.199,-0.056,-0.014,0.0105,-0.026,0.3085,0.8975
8200,8.2,-0.0269,-0.0151,0.0405,-0.037,0.39,0.4653
8201,8.201,-0.0004,-0.0179,0.1008,-0.0308,0.1188,-0.0591
8202,8.202,0.0333,-0.0086,0.0922,-0.0289,-0.0622,-0.2714
8203,8.203,0.0375,0.0102,0.0061,-0.0338,-0.0956,-0.2084
8204,8.204,0.0255,0.0402,0.0175,-0.0231,-0.1257,-0.2669
8205,8.205,0.0145,0.0282,0.007,-0.0022,-0.153,-0.2144
8206,8.206,-0.0353,0.01,0.0162,0.0127,-0.0794,-0.3586
8207,8.207,-0.128,0.0131,-0.0101,0.0209,-0.1913,-0.9264
8208,8.208,-0.1156,0.0042,-0.0183,0.0086,-0.415,-0.6944
8209,8.209,-0.0581,-0.0039,-0.04,0.0064,-0.2064,-0.06
8210,8.21,-0.0271,-0.0064,-0.021,0.0085,-0.016,0.197
8211,8.211,-0.0175,-0.0086,-0.0156,0.0066,0.108,0.2759
8212,8.212,-0.0434,-0.0066,0.0105,-0.0018,0.1309,0.3472
8213,8.213,-0.0668,-0.0047,0.0342,-0.0033,0.1111,0.2841
8214,8.214,-0.0457,-0.0099,0.0823,0.0007,0.1299,0.2266
8215,8.215,0.0252,-0.0114,0.1011,0.0045,0.1134,0.7024
8216,8.216,0.0533,-0.0129,0.036,-0.008,0.3431,0.767
8217,8.217,0.0443,-0.0016,-0.0594,-0.0063,0.3106,0.2435
8218,8.218,0.0049,0.0153,-0.123,0.0043,0.0418,-0.1095
8219,8.219,0.0116,0.0264,-0.112,0.0084,-0.067,-0.1748
8220,8.22,-0.0081,0.0244,-0.1228,0.0122,-0.1002,-0.2335
8221,8.221,-0.0027,0.0225,-0.076,0.0044,-0.1302,-0.2867
8222,8.222,0.0556,0.0107,-0.0334,0.0054,-0.1033,-0.2389
8223,8.223,0.0319,0.0092,-0.0106,0.0062,-0.0789,-0.5446
8224,8.224,-0.0182,0.0022,0.0103,0.0088,-0.2805,-0.9021
8225,8.225,-0.0376,0.001,0.0163,0.0066,-0.3618,-0.4696
8226,8.226,0.0033,0.018,-0.0017,0.0086,-0.1398,0.0552
8227,8.227,0.0087,0.0156,0.0031,0.0081,0.0696,0.2677
8228,8.228,-0.0055,0.0312,-0.0117,0.0086,0.0975,0.2048
8229,8.229,0.008,0.0454,-0.0078,0.0008,0.1224,0.2635
8230,8.23,0.0301,0.0446,-0.0108,-0.0043,0.1189,0.2432
8231,8.231,0.0421,0.0353,-0.0152,-0.0122,0.0967,0.2962
8232,8.232,0.0314,0.0099,-0.0122,-0.0132,0.1985,0.921
8233,8.233,0.0084,-0.0229,-0.0159,-0.0048,0.4024,0.6662
8234,8.234,-0.0003,-0.0536,-0.0135,-0.0016,0.2129,0.1234
8235,8.235,-0.0032,-0.0574,0.0052,-0.0026,-0.0096,-0.2297
8236,8.236,-0.001,-0.0682,0.0119,-0.0018,-0.0996,-0.295
8237,8.237,0.0054,-0.078,0.0135,-0.0027,-0.1271,-0.3538
8238,8.238,0.0195,-0.0988,0.0435,-0.0005,-0.1519,-0.3014
8239,8.239,0.0323,-0.0851,0.0649,-0.0026,-0.1744,-0.2536
8240,8.24,0.0372,-0.0478,0.0443,0.0015,-0.1543,-0.7341
8241,8.241,0.0354,0.0215,0.0256,0.0079,-0.3951,-0.7984
8242,8.242,0.0395,0.031,0.0217,0.0036,-0.2968,-0.2746
8243,8.243,0.0205,0.0397,0.0183,-0.0049,-0.0279,0.2192
8244,8.244,-0.0042,0.0319,-0.0234,-0.0082,0.081,0.2847
8245,8.245,0.0188,0.039,-0.1003,-0.0092,0.1143,0.2275
8246,8.246,0.046,0.0455,-0.111,-0.0065,0.1443,0.1754
8247,8.247,0.0497,0.0281,-0.1019,-0.0091,0.1174,0.1278
8248,8.248,0.0467,0.0334,-0.0937,-0.0055,0.093,0.5212
8249,8.249,0.038,0.0288,-0.0707,-0.0063,0.2947,0.9971
8250,8.25,0.0299,0.0245,-0.007,-0.0058,0.376,0.5496
8251,8.251,0.0276,0.0128,0.0529,0.0028,0.154,0.0251
8252,8.252,0.0299,0.0164,0.1072,0.009,-0.0555,-0.1872
8253,8.253,0.0075,0.0001,0.0997,0.0145,-0.0833,-0.2521
8254,8.254,-0.0195,-0.0086,0.1056,0.0114,-0.1083,-0.3105
8255,8.255,-0.0448,-0.0059,0.0995,0.0105,-0.1311,-0.2582
8256,8.256,-0.048,-0.0035,0.0725,0.0063,-0.1111,-0.3064
8257,8.257,-0.0811,0.0077,-0.0004,0.007,-0.1668,-0.8744
8258,8.258,-0.112,0.0017,-0.0317,0.0063,-0.4194,-0.6427
8259,8.259,-0.1481,-0.0075,-0.0225,0.0032,-0.2393,-0.1493
8260,8.26,-0.1238,-0.0226,0.0032,0.0096,-0.009,0.1721
8261,8.261,-0.0663,-0.0163,0.0265,0.0104,0.081,0.2313
8262,8.262,0.0201,0.0044,0.048,-0.0011,0.1084,0.2849
8263,8.263,0.0779,0.0072,0.0288,-0.0164,0.1331,0.3335
8264,8.264,0.0886,0.0049,0.0114,-0.0103,0.1108,0.2028
8265,8.265,0.0985,0.0028,-0.0045,-0.0047,0.0905,0.719
8266,8.266,0.0732,0.0049,-0.0188,-0.0131,0.3682,0.7896
8267,8.267,0.0814,-0.008,-0.0144,-0.0115,0.3287,0.3414
8268,8.268,0.0889,-0.0232,-0.0026,-0.0046,0.0757,-0.1833
8269,8.269,0.0827,-0.0292,0.0009,-0.0009,-0.0893,-0.255
8270,8.27,0.042,-0.016,0.0107,-0.0065,-0.1197,-0.3198
8271,8.271,-0.0166,-0.004,0.0135,-0.0035,-0.0931,-0.2623
8272,8.272,-0.0555,0.0191,-0.0165,-0.0045,-0.1181,-0.2099
8273,8.273,-0.0625,0.0422,-0.0282,-0.0055,-0.096,-0.4503
8274,8.274,-0.0688,0.0274,-0.046,-0.0034,-0.2794,-0.931
8275,8.275,-0.0981,0.0193,-0.0622,0.0029,-0.4028,-0.4834
8276,8.276,-0.1033,0.0169,-0.047,-0.0015,-0.1563,0.0412
8277,8.277,-0.1175,0.0014,-0.0387,0.0021,0.0741,0.2535
8278,8.278,-0.1041,-0.017,-0.0211,0.0056,0.1044,0.3184
8279,8.279,-0.0438,-0.0194,-0.0005,0.0051,0.1317,0.2609
8280,8.28,0.0166,-0.0305,0.0189,0.0022,0.1074,0.2085
8281,8.281,-0.038,-0.0286,0.0565,0.0018,0.0851,0.2568
8282,8.282,-0.0166,-0.023,0.0621,0.0008,0.1867,0.9121
8283,8.283,0.0546,-0.0181,0.0287,0.0013,0.4274,0.6317
8284,8.284,0.0641,-0.0043,0.0072,0.0051,0.2633,0.2049
8285,8.285,0.0555,0.0086,0.0276,0.0124,-0.006,-0.1837
8286,8.286,0.0478,0.0136,-0.0266,0.02,-0.1149,-0.2552
8287,8.287,0.0408,0.012,-0.0653,0.0138,-0.0827,-0.3198
8288,8.288,0.0474,-0.0005,-0.0435,0.008,-0.1128,-0.2625
8289,8.289,0.0182,0.0112,-0.0108,-0.0019,-0.1402,-0.2101
8290,8.29,-0.0617,0.0067,0.0189,0.0052,-0.1159,-0.7387
8291,8.291,-0.0502,0.008,0.0245,-0.0111,-0.3624,-0.8093
8292,8.292,-0.0399,0.0245,0.0201,-0.0313,-0.3297,-0.361
8293,8.293,-0.0494,0.0267,0.0071,-0.0338,-0.0608,0.1639
8294,8.294,-0.0581,-0.0039,-0.0045,-0.0064,0.1203,0.2356
8295,8.295,-0.0505,-0.0171,-0.0007,0.019,0.088,0.3004
8296,8.296,-0.0151,-0.0052,-0.0169,0.0224,0.1181,0.2429
8297,8.297,0.03,-0.016,0.0224,0.0253,0.0912,0.1904
8298,8.298,0.0591,-0.0259,0.0493,0.0172,0.0668,0.4308
8299,8.299,0.0642,-0.0468,0.0449,0.015,0.3133,0.9116
8300,8.3,0.0688,-0.0111,0.0672,0.0263,0.4119,0.4641
8301,8.301,0.0731,0.0032,0.0317,0.0203,0.1432,-0.0602
8302,8.302,0.069,0.0251,0.0079,-0.0076,-0.0379,-0.2725
8303,8.303,0.0653,0.0529,-0.0136,-0.0193,-0.0715,-0.2096
8304,8.304,0.0815,0.042,-0.025,-0.0083,-0.1017,-0.2683
8305,8.305,0.0841,0.0254,-0.0793,0.0016,-0.1291,-0.216
8306,8.306,0.0538,-0.0077,-0.118,0.0105,-0.1048,-0.2642
8307,8.307,0.0175,-0.0475,-0.068,0.0242,-0.1721,-0.9193
8308,8.308,0.003,-0.0848,-0.0485,0.0019,-0.4368,-0.6387
8309,8.309,-0.037,-0.0896,-0.1013,-0.0189,-0.2565,-0.0416
8310,8.31,-0.0959,-0.0323,-0.1368,-0.0107,-0.0262,0.1922
8311,8.311,-0.0727,0.0067,-0.0784,-0.0083,0.1235,0.2638
8312,8.312,-0.1225,0.0137,-0.0237,-0.0149,0.0969,0.3285
8313,8.313,-0.1677,0.0201,0.0405,-0.0089,0.1216,0.271
8314,8.314,-0.1031,0.0143,0.0146,-0.0368,0.0995,0.2187
8315,8.315,-0.0428,0.009,0.0225,-0.0408,0.1199,0.6512
8316,8.316,0.0118,0.0136,0.0155,-0.0227,0.3606,0.8259
8317,8.317,0.033,0.0091,0.0349,0.0268,0.3279,0.3498
8318,8.318,0.0522,-0.0028,0.0293,0.048,0.059,-0.0993
8319,8.319,0.0578,-0.021,0.0346,0.0543,-0.0499,-0.275
8320,8.32,0.0628,-0.0113,0.0394,0.06,-0.0833,-0.3287
8321,8.321,0.077,0.0157,0.0263,0.0546,-0.1134,-0.2814
8322,8.322,0.0634,0.0192,0.0145,0.0498,-0.1407,-0.2381
8323,8.323,0.0592,0.0223,0.0037,0.054,-0.1164,-0.4367
8324,8.324,0.0189,0.0135,0.007,0.026,-0.2732,-0.9061
8325,8.325,-0.0611,0.0162,0.0099,-0.007,-0.4157,-0.4585
8326,8.326,-0.0724,0.0185,0.0125,-0.0116,-0.1749,0.066
8327,8.327,-0.041,0.0251,-0.0047,-0.0397,0.0555,0.2783
8328,8.328,0.0255,0.0311,-0.0202,-0.0872,0.086,0.2155
8329,8.329,0.0344,0.0292,-0.0262,-0.1066,0.1135,0.2743
8330,8.33,0.0423,0.0342,-0.0354,-0.1125,0.1382,0.222
8331,8.331,-0.0084,0.0292,-0.0484,-0.1125,0.09,0.2856
8332,8.332,-0.0153,0.0152,-0.0467,-0.1285,0.202,0.9102
8333,8.333,0.0041,0.0022,-0.0238,-0.1333,0.4259,0.6553
8334,8.334,-0.0487,-0.0233,-0.0074,-0.0848,0.2174,0.1126
8335,8.335,-0.0982,-0.0414,-0.0045,-0.0006,0.0271,-0.2407
8336,8.336,-0.0658,-0.0316,0.0147,0.0569,-0.0968,-0.1779
8337,8.337,-0.0247,-0.0167,0.0222,0.0465,-0.1197,-0.2368
8338,8.338,-0.0087,-0.003,0.0246,0.0559,-0.1403,-0.2902
8339,8.339,0.0156,0.0042,0.0309,0.0471,-0.159,-0.2425
8340,8.34,0.0201,0.0108,0.0442,0.0237,-0.1423,-0.7231
8341,8.341,0.032,0.0047,0.0596,0.0165,-0.372,-0.9155
8342,8.342,0.0355,0.0028,0.0617,0.0229,-0.3393,-0.2757
8343,8.343,0.0323,0.0011,0.0339,0.0285,-0.0705,0.1514
8344,8.344,0.0352,0.0026,-0.002,0.0443,0.1106,0.2302
8345,8.345,0.0324,-0.0015,-0.0161,0.049,0.144,0.3011
8346,8.346,0.0151,0.0022,-0.0378,0.0445,0.1146,0.2377
8347,8.347,0.0085,0.0032,-0.0335,0.0245,0.142,0.1799
8348,8.348,-0.0017,0.0001,-0.0367,-0.0009,0.1175,0.4439
8349,8.349,0.0039,-0.0121,-0.0332,0.0088,0.2743,0.8765
8350,8.35,0.0055,-0.0138,-0.0242,0.0295,0.4169,0.4698
8351,8.351,0.007,-0.0092,-0.0104,0.0102,0.176,-0.0073
8352,8.352,0.0109,-0.0051,-0.0081,-0.0171,-0.0545,-0.201
8353,8.353,0.0096,-0.0087,-0.006,-0.0065,-0.0848,-0.2602
8354,8.354,0.0039,-0.0031,0,0.0032,-0.1123,-0.3137
8355,8.355,-0.0077,-0.0188,0.002,0.0119,-0.1371,-0.3623
8356,8.356,-0.0185,-0.0254,0.0073,0.0254,-0.115,-0.3191
8357,8.357,-0.009,-0.0193,0.0183,0.018,-0.1759,-0.9147
8358,8.358,-0.0005,-0.0064,0.0396,0.0158,-0.4167,-0.6601
8359,8.359,0.0003,-0.0014,0.0793,0.0096,-0.2527,-0.1174
8360,8.36,0.0158,0.0001,0.064,0.0114,0.0164,0.2359
8361,8.361,0.0179,-0.0068,0.0403,0.0164,0.1253,0.3008
8362,8.362,0.0279,-0.0056,0.0101,0.0088,0.0931,0.2434
8363,8.363,0.0296,0.0023,-0.0255,0.0102,0.1233,0.2965
8364,8.364,0.0142,0.0138,-0.0588,0.009,0.0965,0.2484
8365,8.365,0.0201,0.0124,-0.0628,0.0123,0.1213,0.7287
8366,8.366,0.0145,0.011,-0.0263,0.0176,0.3679,0.7927
8367,8.367,0.0161,0.0123,-0.0017,0.0317,0.3354,0.3854
8368,8.368,0.0145,0.0045,-0.0056,0.0257,0.0666,-0.0921
8369,8.369,0.0158,0.0056,-0.0091,0.0017,-0.1143,-0.1578
8370,8.37,0.027,0.0064,0.0094,-0.0015,-0.0819,-0.217
8371,8.371,0.0039,0.009,-0.0131,0.0074,-0.1118,-0.2707
8372,8.372,-0.0458,-0.0024,-0.0156,0.0102,-0.139,-0.2233
8373,8.373,-0.1527,-0.0108,0.0258,0.0079,-0.0653,-0.4421
8374,8.374,-0.2293,-0.0123,0.0319,0.0101,-0.2669,-0.9587
8375,8.375,-0.1879,-0.0163,0.0269,0.0161,-0.4024,-0.4669
8376,8.376,-0.1505,0.0001,-0.0166,-0.0007,-0.1804,-0.018
8377,8.377,-0.0702,0.0024,-0.0457,-0.0255,0.0291,0.1577
8378,8.378,0.0025,0.0126,0.0131,-0.0619,0.1111,0.2114
8379,8.379,0.0308,0.0145,0.0522,-0.0862,0.1362,0.2599
8380,8.38,0.0565,0.0094,0.0735,-0.0643,0.1143,0.3038
8381,8.381,0.0486,0.0049,0.0671,-0.0364,0.0943,0.2641
8382,8.382,0.0415,0.0062,0.0262,-0.04,0.187,0.8052
8383,8.383,0.0479,0.015,-0.0217,-0.0301,0.4061,0.7282
8384,8.384,0.0422,0.0072,-0.0796,-0.0272,0.2573,0.094
8385,8.385,0.0371,-0.0065,-0.1338,-0.008,0.0128,-0.1632
8386,8.386,0.0228,-0.0047,-0.1403,-0.0101,-0.0862,-0.242
8387,8.387,0.0098,0.0037,-0.0944,-0.0076,-0.1163,-0.3131
8388,8.388,0.006,0.0022,-0.0409,-0.0052,-0.1436,-0.2498
8389,8.389,0.0242,0.0009,0.0237,-0.0068,-0.1192,-0.1923
8390,8.39,0.0341,-0.0003,0.0672,-0.0048,-0.0969,-0.6679
8391,8.391,0.0313,0.0075,0.0441,0,-0.3614,-0.8603
8392,8.392,0.0505,0.0085,0.0088,-0.0067,-0.3254,-0.3369
8393,8.393,0.0679,0.0058,-0.0623,0.0048,-0.0951,0.1569
8394,8.394,0.0614,-0.0053,-0.1095,0.0189,0.0549,0.2223
8395,8.395,0.0514,-0.0007,-0.0835,0.021,0.0827,0.2811
8396,8.396,0.0459,-0.0048,-0.029,0.0194,0.1569,0.3345
8397,8.397,0.041,-0.0059,0.0205,0.0301,0.135,0.1909
8398,8.398,0.0456,-0.0115,0.0524,0.0316,0.0743,0.4096
8399,8.399,0.0443,-0.0167,0.1403,0.0328,0.2781,0.926
8400,8.4,0.0254,-0.0194,0.1779,0.0296,0.4139,0.5746
8401,8.401,0.0008,-0.0151,0.1663,0.0182,0.1429,-0.0022
8402,8.402,-0.0024,-0.0114,0.0934,0.0198,-0.0382,-0.2358
8403,8.403,-0.0111,-0.0007,-0.011,0.0211,-0.0717,-0.3071
8404,8.404,-0.0248,0.0163,-0.1082,0.03,-0.1018,-0.2437
8405,8.405,-0.0124,0.0186,-0.1459,0.013,-0.1291,-0.3022
8406,8.406,-0.0012,0.0288,-0.2037,-0.0093,-0.1048,-0.2496
8407,8.407,-0.0153,0.0232,-0.173,-0.0063,-0.1721,-0.8741
8408,8.408,-0.0432,-0.0021,-0.1451,-0.02,-0.4368,-0.7894
8409,8.409,-0.1032,-0.0056,-0.0852,-0.0223,-0.2565,-0.0919
8410,8.41,-0.0772,0.0043,0.0005,-0.0335,-0.0262,0.1907
8411,8.411,-0.0225,0.0072,0.0576,-0.0437,0.0638,0.2772
8412,8.412,-0.0154,-0.0009,0.0884,-0.0344,0.0914,0.3555
8413,8.413,0.017,0.0015,0.0786,-0.0429,0.1162,0.286
8414,8.414,0.0228,-0.0007,0.0524,-0.0261,0.1387,0.2225
8415,8.415,0.0281,-0.0108,0.0443,-0.0106,0.0778,0.6294
8416,8.416,0.0328,-0.0088,0.0368,0.0119,0.3556,0.8941
8417,8.417,0.0372,-0.0071,0.0172,0.0148,0.3162,0.3653
8418,8.418,0.0333,-0.0055,-0.0005,0.0121,0.0633,-0.1283
8419,8.419,0.0297,-0.0069,0.0043,0.0144,-0.1016,-0.1936
8420,8.42,-0,-0.008,0.0184,0.0122,-0.0725,-0.2524
8421,8.421,0.0039,-0.0048,0.0048,0.0263,-0.1,-0.3056
8422,8.422,0.0003,-0.0038,0.0004,0.0356,-0.1249,-0.258
8423,8.423,0.0035,0.0008,0.0473,0.044,-0.1029,-0.3891
8424,8.424,0.0121,-0.0121,0.118,0.0301,-0.2452,-0.9847
8425,8.425,-0.0127,-0.0139,0.051,0.0207,-0.4121,-0.5593
8426,8.426,-0.0028,-0.0156,0.059,0.0291,-0.1657,-0.016
8427,8.427,0.0182,-0.0017,0.0815,0.0214,0.0647,0.1964
8428,8.428,-0.0006,0.0039,0.0737,0.006,0.0951,0.2615
8429,8.429,-0.0374,0.0123,0.0537,0.0039,0.1225,0.3202
8430,8.43,-0.1171,0.0078,0.0001,0.0131,0.1473,0.268
8431,8.431,-0.0823,-0.0047,-0.093,0.0011,0.0802,0.2204
8432,8.432,-0.0926,-0.0039,-0.2171,-0.0083,0.1641,0.8353
8433,8.433,-0.1236,0.0012,-0.23,-0.0098,0.4287,0.7048
8434,8.434,-0.1139,0.0027,-0.2419,-0.0279,0.2483,0.1878
8435,8.435,-0.0706,0.0096,-0.2526,-0.0451,0.0179,-0.1653
8436,8.436,0.0001,0.0084,-0.1487,-0.0517,-0.0722,-0.2304
8437,8.437,0.0475,0.0094,-0.052,-0.0538,-0.0999,-0.2889
8438,8.438,0.0562,0.0083,0.0106,-0.0594,-0.1248,-0.3422
8439,8.439,0.0486,0.0075,0.0676,-0.0442,-0.1028,-0.1983
8440,8.44,0.0132,0.0015,0.0569,-0.0136,-0.1234,-0.6787
8441,8.441,0.0069,0.0022,0.0661,-0.0005,-0.4013,-0.8707
8442,8.442,0.0128,0.0001,0.0227,-0.0045,-0.362,-0.3472
8443,8.443,-0.003,-0.0041,0.0302,-0.0011,-0.1093,0.1467
8444,8.444,0.0213,-0.0037,0.1365,0.0219,0.1211,0.2123
8445,8.445,0.0258,-0.0012,0.2126,0.0306,0.0919,0.1552
8446,8.446,0.0141,-0.0024,0.1984,0.0225,0.1192,0.2088
8447,8.447,0.0249,0.0015,0.1097,0.02,0.1439,0.2575
8448,8.448,0.0347,-0.0054,-0.017,0.0044,0.0768,0.3887
8449,8.449,0.0434,-0.0118,-0.0676,-0.0017,0.26,0.9051
8450,8.45,0.0461,-0.0161,-0.083,0.0038,0.4325,0.5539
8451,8.451,0.0287,-0.0047,-0.0971,-0.0013,0.1858,0.1051
8452,8.452,0.0308,-0.003,-0.1098,-0.0119,-0.0447,-0.1869
8453,8.453,0.0164,-0.0015,-0.0295,-0.0215,-0.0753,-0.2408
8454,8.454,0.0032,-0.0056,0.0848,-0.0227,-0.1028,-0.2895
8455,8.455,0.0048,0.0006,0.1609,-0.0123,-0.1277,-0.2462
8456,8.456,0.0216,0.0062,0.1467,0.003,-0.1056,-0.2067
8457,8.457,0.028,0.0032,0.1339,0.0336,-0.1667,-0.7479
8458,8.458,0.0136,0.0023,0.0532,0.0379,-0.4076,-0.6709
8459,8.459,0.0153,0.0048,0.0009,0.0178,-0.2437,-0.1779
8460,8.46,0.0303,0.0132,-0.0845,0.0141,-0.0346,0.1435
8461,8.461,0.0117,0.0122,-0.119,0.0304,0.1017,0.203
8462,8.462,-0.0157,0.0112,-0.1085,0.0214,0.0776,0.2567
8463,8.463,0.0024,0.0084,-0.1178,0.0076,0.145,0.3055
8464,8.464,0.0321,-0.0045,-0.04,-0.0197,0.1249,0.175
8465,8.465,0.0282,-0.0101,-0.0501,-0.0232,0.1066,0.6117
8466,8.466,0.0317,-0.0017,-0.0404,-0.0265,0.359,0.9027
8467,8.467,0.0018,-0.0002,0.0028,-0.0116,0.3232,0.3214
8468,8.468,-0.0261,0.0039,-0.0206,0.0021,0.0931,-0.0671
8469,8.469,-0.0081,0.0127,0.0007,-0.0003,-0.0568,-0.2794
8470,8.47,-0.005,0.0002,0.0459,0.0018,-0.0844,-0.2162
8471,8.471,-0.0022,0.0018,0.0517,-0.0043,-0.1093,-0.2747
8472,8.472,0.0059,-0.0027,0.0676,-0.0061,-0.1318,-0.2222
8473,8.473,-0.0214,-0.0041,0.0918,0.0092,-0.1117,-0.3665
8474,8.474,-0.0543,-0.0079,0.1228,0.0235,-0.2413,-0.9346
8475,8.475,-0.1117,-0.0111,0.1112,0.0144,-0.4265,-0.5479
8476,8.476,-0.104,-0.0059,0.0714,0.0095,-0.2046,-0.0543
8477,8.477,-0.04,-0.0013,0.0452,0.0112,0.0047,0.2672
8478,8.478,-0.0142,-0.0038,0.0117,0.0073,0.0867,0.2103
8479,8.479,-0.0065,-0.0031,-0.0278,-0.0014,0.1117,0.2638
8480,8.48,0.0147,0.0076,-0.097,-0.0184,0.1343,0.3125
8481,8.481,0.0339,0.0061,-0.1633,-0.0456,0.1143,0.2691
8482,8.482,0.0164,0.0102,-0.172,-0.0127,0.1699,0.7853
8483,8.483,-0.0101,0.0014,-0.1332,0.0005,0.4224,0.7156
8484,8.484,-0.0054,-0.0018,-0.0551,0.0124,0.2422,0.1393
8485,8.485,0.0167,0.0035,0.0178,0.0233,0.0119,-0.2492
8486,8.486,0.005,-0.0011,0.0653,0.0266,-0.0781,-0.1803
8487,8.487,-0.0203,-0.007,0.0572,0.0415,-0.1056,-0.245
8488,8.488,-0.0366,-0,0.0346,0.0335,-0.1303,-0.3036
8489,8.489,-0.0277,-0.0027,-0.0287,0.0313,-0.1082,-0.2513
8490,8.49,-0.025,-0.0036,-0.0538,0.038,-0.0879,-0.5876
8491,8.491,-0.0373,-0.0042,-0.014,0.0321,-0.3657,-0.8937
8492,8.492,-0.0352,0.0007,0.008,0.0118,-0.3263,-0.3772
8493,8.493,-0.0127,0.0024,0.0021,-0.0018,-0.1455,0.1166
8494,8.494,0.0021,0.0052,0.0201,-0.0189,0.085,0.1822
8495,8.495,0.0158,0.0017,0.0367,-0.0121,0.1155,0.2411
8496,8.496,0.0231,0.0059,0.0035,-0.0181,0.1429,0.2944
8497,8.497,0.0387,0.003,0.0173,-0.0161,0.1188,0.2468
8498,8.498,0.0408,0.0046,0.0216,-0.0211,0.0968,0.378
8499,8.499,0.0352,0.0076,0.0183,-0.0441,0.2392,0.8944
8500,8.5,0.0302,0.0029,0.0086,-0.067,0.4061,0.5432
8501,8.501,0.0349,0.006,-0.0003,-0.0641,0.2045,0.0942
8502,8.502,0.0197,-0.0028,-0.0086,-0.0449,-0.0402,-0.1977
8503,8.503,0.0096,0.001,-0.0161,-0.0425,-0.0736,-0.2515
8504,8.504,0.0188,-0.0022,-0.0185,-0.0403,-0.1038,-0.3001
8505,8.505,0.0273,-0.0032,-0.0287,-0.0137,-0.1311,-0.2569
8506,8.506,0.0258,-0.0058,-0.0044,0.0337,-0.1068,-0.2174
8507,8.507,0.0439,-0.005,0.0055,0.0661,-0.1292,-0.7585
8508,8.508,0.0463,-0.0056,-0.0214,0.0719,-0.4344,-0.6816
8509,8.509,0.0127,-0.0105,-0.0104,0.056,-0.3036,-0.1886
8510,8.51,-0.0017,-0.0074,-0.0136,0.0417,-0.0253,0.1328
8511,8.511,-0.0061,0.0002,-0.0224,0.0285,0.0836,0.192
8512,8.512,-0.0099,-0.005,-0.0416,0.0007,0.1169,0.2453
8513,8.513,-0.0134,0.0035,-0.0592,-0.0029,0.147,0.2939
8514,8.514,-0.01,0.0026,-0.0259,0.0069,0.1201,0.1634
8515,8.515,-0.007,-0.0005,0.0466,0.0156,0.0957,0.5999
8516,8.516,-0.0095,-0.0032,0.0774,0.0129,0.3422,0.8906
8517,8.517,-0.0021,-0.0023,0.0675,0.0055,0.3752,0.4147
8518,8.518,-0.0042,-0.0029,0.0241,0.0033,0.1064,-0.1625
8519,8.519,-0.0142,0.0049,0.0159,-0.0029,-0.0747,-0.2414
8520,8.52,-0.0381,0.0039,0.0368,-0.0234,-0.1082,-0.3126
8521,8.521,-0.0282,0.0125,0.0041,-0.0425,-0.1384,-0.2495
8522,8.522,-0.0073,0.0115,-0.0493,-0.0699,-0.1115,-0.192
8523,8.523,0.001,0.0021,-0.0854,-0.0808,-0.0872,-0.3507
8524,8.524,0.0083,0.0058,-0.1054,-0.0711,-0.2441,-0.9756
8525,8.525,0.0105,0.0026,-0.1006,-0.0683,-0.4275,-0.5503
8526,8.526,0.0206,-0.0026,-0.0751,-0.0437,-0.2057,-0.0074
8527,8.527,0.0225,-0.0147,-0.0423,-0.0008,0.0035,0.2048
8528,8.528,-0.0028,-0.013,0.0227,0.0165,0.0854,0.2697
8529,8.529,-0.0207,-0.0084,0.0688,0.0217,0.1103,0.3282
8530,8.53,-0.0237,0.0012,0.0762,0.0168,0.1329,0.2756
8531,8.531,-0.0505,-0.005,0.177,0.0211,0.1129,0.2278
8532,8.532,-0.0394,0.0053,0.1065,0.017,0.1685,0.7956
8533,8.533,-0.0235,0.0113,0.0385,0.0151,0.406,0.7514
8534,8.534,-0.0136,0.0099,-0.0507,0.0186,0.2547,0.2087
8535,8.535,0.0194,0.0011,-0.201,0.0283,0.0303,-0.1447
8536,8.536,0.0592,0.0021,-0.2626,0.0012,-0.1195,-0.2103
8537,8.537,0.0645,0.0051,-0.1707,-0.017,-0.093,-0.2691
8538,8.538,0.0307,0.0006,-0.1209,-0.0007,-0.167,-0.3225
8539,8.539,0.0351,-0.002,-0.1065,0.008,-0.145,-0.1788
8540,8.54,0.039,0.0049,-0.038,0.027,-0.0843,-0.5722
8541,8.541,0.0355,0.0076,-0.0265,0.0145,-0.325,-0.9423
8542,8.542,0.0258,0.0051,-0.039,0.0121,-0.358,-0.4136
8543,8.543,0.0052,0.0044,-0.0296,0.0304,-0.0892,0.08
8544,8.544,-0.0194,0.0008,-0.0402,0.0325,0.0918,0.2734
8545,8.545,-0.0225,-0.0008,-0.0671,0.0257,0.0597,0.2162
8546,8.546,-0.0312,-0.0037,0.0337,0.0113,0.0898,0.2695
8547,8.547,-0.012,-0.0063,0.0466,0.0242,0.1172,0.2218
8548,8.548,-0.0491,-0.0093,0.058,0.0223,0.0928,0.3528
8549,8.549,-0.0971,-0.0097,0.1375,0.0114,0.2497,0.9483
8550,8.55,-0.0259,-0.0039,0.1886,-0.0096,0.433,0.5229
8551,8.551,0.0215,-0.0082,0.2159,-0.0126,0.2112,-0.0201
8552,8.552,0.0128,-0.0045,0.1717,-0.0047,0.0019,-0.2327
8553,8.553,-0.0106,-0.0052,0.0532,-0.0024,-0.08,-0.2979
8554,8.554,-0.0178,-0.0048,-0.032,-0.0136,-0.1049,-0.3567
8555,8.555,0.0013,0.004,-0.0789,-0.0076,-0.1276,-0.3046
8556,8.556,-0.0046,0.0102,-0.1496,0.0017,-0.1075,-0.1608
8557,8.557,-0.0101,0.0133,-0.1631,0.0035,-0.1261,-0.8162
8558,8.558,-0.0151,-0.0004,-0.1526,-0.0103,-0.3786,-0.7233
8559,8.559,0.0066,-0.0135,-0.1223,-0.0195,-0.2707,-0.1267
8560,8.56,-0.0056,-0.0085,-0.0376,-0.0279,-0.0404,0.2617
8561,8.561,-0.0388,-0.007,0.0652,-0.0109,0.1093,0.1926
8562,8.562,-0.0789,-0.0001,0.1064,0.0003,0.1369,0.2571
8563,8.563,-0.042,0.001,0.0683,0.0023,0.1127,0.3155
8564,8.564,-0.028,-0,0.0796,0.0004,0.1352,0.2629
8565,8.565,-0.0064,-0.0031,0.0482,0.0021,0.0745,0.5992
8566,8.566,-0.0266,-0.0023,0.0383,0.0067,0.3152,0.9052
8567,8.567,-0.0449,-0.0049,0.0292,-0.0002,0.3482,0.3887
8568,8.568,-0.0352,-0.0134,0.0055,-0.009,0.1393,-0.1051
8569,8.569,0.0039,-0.0167,0.0124,-0.0012,-0.0512,-0.1707
8570,8.57,0.052,-0.0052,0.0186,0.0125,-0.1256,-0.2297
8571,8.571,0.0584,-0.0068,0.0832,0.0218,-0.1483,-0.2833
8572,8.572,0.0527,0.0001,0.1089,0.0302,-0.1283,-0.2358
8573,8.573,0.0686,-0.0036,0.2105,0.0164,-0.0729,-0.367
8574,8.574,0.0542,0.0041,0.1686,-0.0114,-0.2244,-0.9627
8575,8.575,0.0497,0.0113,0.0799,-0.0392,-0.4078,-0.5374
8576,8.576,0.0378,0.0086,0.0913,-0.0062,-0.2354,0.0056
8577,8.577,0.0124,0.0111,0.0809,-0.0104,0.0118,0.218
8578,8.578,-0.0372,0.0041,-0.0044,-0.0141,0.1109,0.283
8579,8.579,-0.0587,0.0125,-0.1307,-0.0031,0.0816,0.2256
8580,8.58,-0.0006,0.0092,-0.2145,0.0135,0.1089,0.279
8581,8.581,0.0226,0.0082,-0.1683,-0.0071,0.1337,0.2312
8582,8.582,0.0295,0.0146,-0.154,-0.0316,0.1561,0.7991
8583,8.583,0.0487,0.0154,-0.0906,-0.0216,0.38,0.7222
8584,8.584,0.0543,0.0101,-0.1248,-0.0007,0.2908,0.2293
8585,8.585,0.0383,0.0008,-0.1558,0.0075,0.0464,-0.2201
8586,8.586,0.0238,0.002,-0.0893,0.01,-0.1185,-0.2796
8587,8.587,-0.007,0.001,-0.0114,0.0167,-0.0892,-0.3331
8588,8.588,0.0048,-0.0043,0.0411,0.0228,-0.1166,-0.2856
8589,8.589,-0.0135,-0.0016,0.0512,0.0172,-0.1414,-0.2423
8590,8.59,-0.0434,-0.0059,0.0605,0.019,-0.1193,-0.5996
8591,8.591,-0.0635,-0.0082,0.0537,0.0205,-0.343,-0.9363
8592,8.592,-0.0456,-0.0047,0.0617,0.0246,-0.373,-0.4556
8593,8.593,-0.036,-0.0042,0.0563,0.0082,-0.1288,0.1216
8594,8.594,-0.0091,-0.0047,0.0516,0.0105,0.0361,0.2005
8595,8.595,0.0016,-0.0095,0.0367,0.0085,0.1261,0.2717
8596,8.596,0.0048,-0.0012,0.0329,0.0215,0.0994,0.3363
8597,8.597,0.014,-0.0021,0.0294,0.0165,0.1242,0.2787
8598,8.598,0.0006,-0.0031,0.0342,0.012,0.1021,0.3319
8599,8.599,0.0031,0.0033,0.0097,0.0023,0.2444,0.8606
8600,8.6,0.0098,0.0059,0.047,-0.0166,0.4113,0.6501
8601,8.601,0.0119,0.0066,0.0526,-0.0303,0.2096,0.0735
8602,8.602,0.0103,0.0087,0.0579,-0.0131,-0.035,-0.1603
8603,8.603,0.019,0.003,0.0548,-0.0066,-0.0685,-0.2316
8604,8.604,0.0422,-0.0007,0.0373,-0.0208,-0.0987,-0.2962
8605,8.605,0.0653,0,0.0411,-0.0338,-0.1259,-0.2387
8606,8.606,0.0743,0.0006,-0.0034,-0.0253,-0.1016,-0.186
8607,8.607,0.0772,0.0036,-0.0873,-0.0299,-0.1241,-0.8106
8608,8.608,0.065,-0.001,-0.0754,-0.0368,-0.3888,-0.7259
8609,8.609,0.0449,0.0021,-0.106,-0.023,-0.2808,-0.1832
8610,8.61,0.0203,0.0051,-0.1717,-0.0025,-0.0506,0.1703
8611,8.611,-0.0094,0.0037,-0.2142,0.0002,0.0992,0.2357
8612,8.612,-0.0054,-0.0013,-0.2057,0.0075,0.1267,0.2947
8613,8.613,-0.0018,-0.0076,-0.0984,-0.0081,0.1026,0.2426
8614,8.614,-0.0314,-0.0015,0.0704,-0.0142,0.1251,0.1951
8615,8.615,-0.0753,0.007,0.0933,0.0137,0.1049,0.5885
8616,8.616,-0.1516,0.0016,0.0331,0.0255,0.3456,0.8531
8617,8.617,-0.1618,-0.0013,-0.0217,0.0074,0.3786,0.4206
8618,8.618,-0.1523,-0.0004,-0.0377,0.0106,0.1098,-0.1039
8619,8.619,-0.1091,0.0022,-0.0828,0.0134,-0.0712,-0.1755
8620,8.62,-0.0543,0.003,-0.0126,-0.0167,-0.1047,-0.2402
8621,8.621,-0.0329,0.0011,0.0763,-0.0367,-0.1348,-0.2988
8622,8.622,-0.0005,-0.0018,0.1112,-0.0332,-0.1081,-0.2464
8623,8.623,0.0169,-0.0034,0.1428,-0.0235,-0.0837,-0.3906
8624,8.624,0.0222,-0.0007,0.0577,-0.0207,-0.2405,-0.9586
8625,8.625,0.0269,0.0063,0.0003,-0.0017,-0.4238,-0.572
8626,8.626,0.0489,0.0012,0.0104,0.0054,-0.202,-0.0785
8627,8.627,0.0767,0.004,-0.037,0.0119,0.0073,0.243
8628,8.628,0.0802,-0.0018,-0.0629,0.0097,0.0892,0.1863
8629,8.629,0.0637,-0.0024,-0.0237,0.0003,0.1143,0.2397
8630,8.63,0.0427,-0.003,-0.0165,0.012,0.137,0.2884
8631,8.631,0.029,-0.0034,0.003,0.0226,0.1169,0.2451
8632,8.632,0.0217,-0.0098,0.009,0.0295,0.1356,0.7613
8633,8.633,0.0328,-0.0055,0.0144,0.0358,0.3882,0.8319
8634,8.634,0.0324,-0.0063,0.0063,0.0332,0.2879,0.2487
8635,8.635,0.0057,0.0037,-0.008,0.023,0.0351,-0.2005
8636,8.636,0.0309,0.0133,-0.0035,0.03,-0.064,-0.26
8637,8.637,0.0405,0.017,-0.0633,0.0264,-0.0942,-0.3135
8638,8.638,0.0195,0.0341,-0.1061,0.0187,-0.1215,-0.266
8639,8.639,0.0385,0.0268,-0.1133,0.0136,-0.1462,-0.2226
8640,8.64,0.0261,0.0064,-0.1056,0.0073,-0.0791,-0.5799
8641,8.641,0.0372,-0.0017,-0.0986,0.0132,-0.3028,-0.9165
8642,8.642,0.0145,-0.0141,-0.0807,0.0064,-0.3922,-0.4358
8643,8.643,-0.0307,-0.0163,-0.0538,-0.0077,-0.1479,0.1415
8644,8.644,-0.1279,-0.0184,-0.0002,-0.0261,0.0827,0.2205
8645,8.645,-0.309,-0.0203,0.0786,-0.0284,0.0537,0.2918
8646,8.646,-0.186,-0.0119,0.0893,-0.0172,0.1354,0.2286
8647,8.647,-0.0293,-0.0104,0.0801,-0.0151,0.1112,0.2872
8648,8.648,-0.0091,-0.0091,0.0718,-0.0132,0.0892,0.3403
8649,8.649,0.0092,-0.008,0.0488,-0.0047,0.2316,0.8691
8650,8.65,-0.0077,-0.0025,0.042,-0.0002,0.4355,0.6586
8651,8.651,-0.023,-0.0015,0.0358,0.0067,0.1917,0.0821
8652,8.652,0.0185,-0.0008,0.0303,-0.0046,-0.0386,-0.1516
8653,8.653,0.0309,-0.0068,0.0253,-0.0276,-0.1285,-0.2228
8654,8.654,-0.0036,-0.0062,0.0302,-0.0178,-0.1018,-0.2875
8655,8.655,0.0275,-0.0112,0.0702,-0.009,-0.0775,-0.2299
8656,8.656,0.0372,-0.0156,0.0863,-0.0117,-0.0999,-0.1773
8657,8.657,0.0459,-0.0197,0.0234,-0.0093,-0.1202,-0.8019
8658,8.658,0.0382,-0.0121,-0.0197,0.0018,-0.3979,-0.8875
8659,8.659,0.0453,-0.0066,-0.0118,-0.0043,-0.279,-0.1903
8660,8.66,0.0388,-0.0078,0.0239,0.005,-0.0261,0.0923
8661,8.661,0.033,-0.0163,0.1082,0.0135,0.0733,0.1787
8662,8.662,0.0171,-0.0109,0.0508,0.0059,0.1038,0.2568
8663,8.663,0.0218,0.0005,-0.0429,-0.0038,0.1313,0.3275
8664,8.664,0.0261,0.0049,-0.1057,-0,0.1562,0.1359
8665,8.665,0.0379,0.0034,-0.1397,0.0032,0.0893,0.5427
8666,8.666,0.027,0.0121,-0.1496,0.0105,0.3132,0.9127
8667,8.667,0.0367,0.0063,-0.1397,0.0189,0.3433,0.384
8668,8.668,0.0279,0.0031,-0.0963,0.02,0.1535,-0.1097
8669,8.669,0.0306,0.0003,-0.0254,0.017,-0.069,-0.1753
8670,8.67,0.0233,0.0061,0.0603,0.0179,-0.0994,-0.2344
8671,8.671,0.0213,0.0053,0.0952,0.0205,-0.1268,-0.2879
8672,8.672,0.0113,0.0087,0.1059,0.0136,-0.1515,-0.2404
8673,8.673,0.0133,0.0003,0.1917,0.0276,-0.0844,-0.2844
8674,8.674,0.0016,-0.0009,0.2036,0.0215,-0.2266,-0.8802
8675,8.675,-0.0058,0.0042,0.11,0.0234,-0.3933,-0.6253
8676,8.676,-0.0097,0.0033,0.0219,0.0218,-0.2364,-0.0824
8677,8.677,-0.0107,0.0091,-0.0814,0.0019,0.029,0.2708
8678,8.678,-0.0073,0.0068,-0.1507,-0.0061,0.0658,0.2079
8679,8.679,-0.0229,0.0087,-0.1882,-0.0184,0.0991,0.2664
8680,8.68,-0.052,0.0091,-0.1303,-0.0387,0.1293,0.3195
8681,8.681,-0.0401,0.0119,-0.0361,-0.0414,0.1025,0.2717
8682,8.682,-0.0072,0.0154,0.0273,-0.0487,0.1272,0.7521
8683,8.683,0.0327,0.0149,0.0851,-0.0644,0.3738,0.8163
8684,8.684,0.0486,0.0093,0.0332,-0.0665,0.2756,0.2925
8685,8.685,0.0245,0.0115,0.005,-0.0611,0.0666,-0.2014
8686,8.686,-0.0328,0.0079,-0.0379,-0.0495,-0.0696,-0.2669
8687,8.687,-0.0561,0.0096,-0.1082,-0.0266,-0.0946,-0.3258
8688,8.688,-0.0631,0.0007,-0.1364,-0.0104,-0.1172,-0.2738
8689,8.689,-0.0437,-0.003,-0.1104,-0.0018,-0.1376,-0.2262
8690,8.69,-0.0144,-0.002,-0.0396,0.0117,-0.0823,-0.532
8691,8.691,0.0229,-0.0011,0.027,0.0288,-0.301,-0.9692
8692,8.692,0.0276,-0.0057,0.0014,0.0265,-0.3905,-0.4461
8693,8.693,0.0409,-0.0066,-0.0374,0.0163,-0.1463,0.0475
8694,8.694,0.029,0.0003,-0.0301,-0.0117,0.0842,0.2409
8695,8.695,0.0181,0.0011,0.0025,-0.0078,0.1148,0.2999
8696,8.696,-0.0051,-0.0015,-0.003,0.0104,0.1422,0.2477
8697,8.697,-0.014,-0.0037,-0.008,0.0203,0.167,0.2001
8698,8.698,0.0109,0.0041,0.0066,0.0234,0.1001,0.3312
8699,8.699,0.0078,0.0114,0.02,0.021,0.2019,0.8476
8700,8.7,-0.0191,0.0051,0.0401,0.0188,0.4057,0.6372
8701,8.701,-0.0225,-0.0008,0.0583,0.0212,0.2162,0.0608
8702,8.702,-0.0322,0.0015,0.042,0.0234,-0.0062,-0.1729
8703,8.703,-0.0771,-0.0019,0.015,0.0179,-0.0963,-0.2443
8704,8.704,-0.1221,-0.0049,0.0115,0.0163,-0.1238,-0.309
8705,8.705,-0.0811,-0.0042,0.0148,0.0241,-0.1486,-0.2515
8706,8.706,-0.0224,0.0006,0.0298,0.0255,-0.1265,-0.199
8707,8.707,0.0011,-0.001,0.0273,0.0219,-0.1063,-0.7274
8708,8.708,-0.006,-0.0025,0.0151,0.0209,-0.3842,-0.7981
8709,8.709,0.0005,-0.0039,0.0217,0.0283,-0.3448,-0.222
8710,8.71,0.0062,0.0032,0.0117,0.022,-0.0919,0.1666
8711,8.711,0.0115,0.0063,0.01,0.0178,0.073,0.2383
8712,8.712,0.0162,-0.002,0.0118,0.0064,0.1033,0.303
8713,8.713,0.0205,-0.0008,0.0103,0.0014,0.1307,0.2456
8714,8.714,0.0166,0.0024,0.0088,0,0.1555,0.1932
8715,8.715,0.0274,0.0034,-0.0027,0.007,0.0885,0.5296
8716,8.716,0.0372,0.0027,0.0017,-0.0119,0.3124,0.9232
8717,8.717,0.0284,-0.0071,0.0002,-0.0419,0.4019,0.4477
8718,8.718,0.0311,-0.0001,-0.001,-0.0458,0.1576,-0.0015
8719,8.719,0.0287,0.0013,-0.0066,-0.0349,-0.0729,-0.1773
8720,8.72,0.0266,0.0004,-0.0076,-0.0184,-0.1034,-0.231
8721,8.721,0.0245,0.0015,0.0064,0.0024,-0.131,-0.2796
8722,8.722,0.0227,-0.0011,0.0042,0.0105,-0.156,-0.2363
8723,8.723,0.021,-0.0068,-0.0015,0.0082,-0.089,-0.3554
8724,8.724,0.0134,-0.0015,-0.0168,-0.0255,-0.1908,-0.8965
8725,8.725,0.0093,-0.0021,-0.0148,-0.0497,-0.4318,-0.6646
8726,8.726,0.0056,-0.0037,-0.0315,-0.0277,-0.2022,-0.0303
8727,8.727,0,-0.0076,-0.0425,0.0083,0.007,0.2268
8728,8.728,-0.001,-0.004,-0.0483,0.0129,0.0888,0.3054
8729,8.729,0.0036,0.0022,-0.0425,0.0261,0.1137,0.2359
8730,8.73,0.001,0.0014,-0.0271,0.046,0.1362,0.3004
8731,8.731,-0.0106,-0.0085,-0.0045,0.0713,0.116,0.2428
8732,8.732,-0.0022,-0.0154,0.0105,0.081,0.1344,0.7185
8733,8.733,-0.0068,-0.0116,0.0134,0.0602,0.3868,0.7829
8734,8.734,-0.0081,-0.006,0.0159,0.052,0.2788,0.2593
8735,8.735,-0.0053,-0.0032,0.0083,0.0393,0.0737,-0.1494
8736,8.736,-0.0217,0.0041,-0.0028,0.032,-0.0912,-0.221
8737,8.737,-0.0061,0.0069,-0.017,0.0074,-0.1216,-0.2857
8738,8.738,-0.0123,0.0094,-0.03,-0.0223,-0.0949,-0.3444
8739,8.739,-0.0105,0.0116,-0.0317,-0.0262,-0.1198,-0.1864
8740,8.74,-0.0054,0.011,-0.0241,-0.037,-0.0978,-0.5228
8741,8.741,-0.0038,0.0105,-0.0032,-0.0467,-0.2811,-0.9161
8742,8.742,-0.0024,0.011,0.042,-0.0675,-0.4046,-0.4406
8743,8.743,0.0141,0.0135,0.0614,-0.1032,-0.158,0.0088
8744,8.744,0.0298,0.0066,0.0441,-0.1273,0.0724,0.1847
8745,8.745,0.0238,0.0035,0.039,-0.1142,0.1028,0.2385
8746,8.746,0.0034,-0.0029,0.015,-0.1261,0.1302,0.2873
8747,8.747,0.0007,-0.0124,0.0283,-0.1153,0.1058,0.1569
8748,8.748,-0.0017,-0.0238,0.0085,-0.0789,0.0836,0.1967
8749,8.749,0.0006,-0.0223,-0.0022,-0.0257,0.1852,0.7382
8750,8.75,0.0067,-0.0098,0.0011,0.0239,0.3889,0.6612
8751,8.751,0.0123,-0.0115,-0.0196,0.0302,0.2533,0.1681
8752,8.752,0.014,-0.0222,-0.0276,0.0359,-0.0185,-0.1532
8753,8.753,0.0125,-0.0181,-0.0152,0.041,-0.0554,-0.2124
8754,8.754,0.0085,-0.0068,-0.0444,0.0552,-0.0889,-0.2658
8755,8.755,0.0022,0.0008,-0.0804,0.0506,-0.1191,-0.3144
8756,8.756,-0.001,-0.0034,-0.0465,0.0385,-0.0924,-0.1836
8757,8.757,0.0086,-0.0097,-0.0421,0.0348,-0.1171,-0.6997
8758,8.758,0.005,0.0006,-0.0781,0.0379,-0.4086,-0.7702
8759,8.759,-0.0027,0.0102,-0.0345,0.0349,-0.3693,-0.3219
8760,8.76,-0.0015,0.0089,0.0065,0.0321,-0.0441,0.2031
8761,8.761,-0.0041,0.0078,0.0436,0.0247,0.0875,0.2747
8762,8.762,-0.0083,0.0005,0.0481,0.018,0.0485,0.3395
8763,8.763,-0.0197,0.005,0.0609,0.024,0.0848,0.2822
8764,8.764,-0.0315,0.0024,0.0567,0.022,0.1179,0.2297
8765,8.765,-0.0391,0.0016,0.031,0.027,0.0882,0.4701
8766,8.766,-0.035,0.0009,0.021,0.0194,0.3321,0.951
8767,8.767,-0.0411,0.0103,0.0299,0.0206,0.4308,0.5034
8768,8.768,-0.0443,0.0088,0.0548,0.0167,0.1621,-0.0211
8769,8.769,-0.0347,0.0025,0.1047,0.0088,-0.019,-0.2333
8770,8.77,-0.0283,0.0014,0.1547,0.0159,-0.0525,-0.2983
8771,8.771,-0.018,0.0023,0.0838,0.0223,-0.1423,-0.2409
8772,8.772,-0.0055,0.0031,0.0368,0.0111,-0.1155,-0.2941
8773,8.773,-0.0073,0.0056,-0.0405,0.0095,-0.0913,-0.3424
8774,8.774,-0.0243,0.0124,-0.1342,0.0025,-0.2034,-0.9104
8775,8.775,-0.0266,0.0115,-0.2222,-0.0014,-0.4273,-0.6786
8776,8.776,-0.0083,0.0106,-0.2795,0.0041,-0.2188,-0.0444
8777,8.777,0.0188,0.0053,-0.2272,0.0011,0.0258,0.2126
8778,8.778,0.0515,0.0003,-0.1415,0.0003,0.125,0.2911
8779,8.779,0.0469,-0.0041,0.0312,-0.0074,0.0957,0.2216
8780,8.78,0.0429,-0.0024,0.0558,-0.0146,0.1231,0.2861
8781,8.781,0.032,-0.0051,0.0337,-0.0249,0.0987,0.2284
8782,8.782,0.0351,0.001,0.0543,-0.0179,0.1212,0.704
8783,8.783,0.0379,0,0.073,-0.0141,0.3858,0.7683
8784,8.784,0.0131,-0.0115,0.0566,-0.0218,0.2779,0.2445
8785,8.785,0.0032,-0.0099,0.0417,-0.0291,0.0477,-0.1086
8786,8.786,0.018,0.0007,0.0559,-0.0151,-0.1021,-0.174
8787,8.787,0.0152,-0.0007,0.0437,-0.005,-0.0756,-0.233
8788,8.788,0.0028,-0.0069,0.0554,-0.0069,-0.1004,-0.2864
8789,8.789,-0.0084,-0.0102,0.0245,0.0014,-0.1229,-0.2388
8790,8.79,-0.0105,-0.0071,0.0152,-0.0002,-0.1027,-0.4572
8791,8.791,-0.0197,0.0032,0.024,0.0037,-0.3064,-0.9737
8792,8.792,-0.0079,0.0018,0.0165,-0.0002,-0.3878,-0.4817
8793,8.793,-0.0124,0.003,0.0239,0.0029,-0.1658,0.0954
8794,8.794,-0.011,0.0019,0.0049,-0.0003,0.0435,0.1742
8795,8.795,-0.0047,0.005,-0.0006,0.0023,0.1254,0.2454
8796,8.796,-0.0015,0.0022,-0.0057,0.0082,0.1013,0.3099
8797,8.797,0.0015,0.0014,0.0089,0.0168,0.1239,0.2522
8798,8.798,-0.0012,0.005,0.0222,0.0137,0.1038,0.3052
8799,8.799,0.0083,-0.0057,0.0185,0.0213,0.1965,0.8337
8800,8.8,0.012,-0.0072,0.0151,0.0262,0.4153,0.6232
8801,8.801,0.0087,-0.0059,0.012,0.0171,0.2664,0.1745
8802,8.802,-0.0028,-0.0071,0.0093,0.0263,0.0218,-0.2339
8803,8.803,-0.0043,-0.0039,-0.0042,0.0276,-0.0773,-0.1825
8804,8.804,-0.0057,0.0034,-0.0017,0.0123,-0.1075,-0.3275
8805,8.805,0.0082,0.0062,0.0006,-0.0166,-0.1348,-0.2845
8806,8.806,0.01,0.0105,0.0027,-0.0442,-0.1105,-0.2455
8807,8.807,-0.0052,0.0053,0.0009,-0.0404,-0.1329,-0.7147
8808,8.808,-0.0113,0.0018,0.0129,-0.0239,-0.3976,-0.9072
8809,8.809,0.0054,0.0076,0.036,-0.0149,-0.3617,-0.2674
8810,8.81,0.021,0.0039,0.0857,-0.0285,-0.0659,0.1599
8811,8.811,0.0189,0.006,0.1926,-0.0457,0.0539,0.2386
8812,8.812,0.0134,0.0018,0.1469,-0.0479,0.0907,0.3096
8813,8.813,-0.0053,0.0024,0.0498,-0.0295,0.1238,0.2462
8814,8.814,-0.0176,0.006,-0.0384,-0.0223,0.1538,0.1884
8815,8.815,-0.0242,-0.0009,-0.1649,-0.002,0.0728,0.4527
8816,8.816,-0.0343,-0.0061,-0.2489,0.0281,0.2946,0.8854
8817,8.817,-0.0399,-0.0033,-0.2337,0.0241,0.3842,0.4786
8818,8.818,-0.0347,0.0062,-0.1921,0.0205,0.1402,0.0015
8819,8.819,-0.0147,0.0051,-0.1544,0.0173,-0.0246,-0.1921
8820,8.82,0.0265,0.002,-0.1199,0.0086,-0.1146,-0.2514
8821,8.821,0.0676,-0.001,-0.1096,0.0167,-0.088,-0.3051
8822,8.822,0.0625,-0.0055,-0.0242,0.024,-0.1128,-0.2577
8823,8.823,0.0384,-0.0012,0.0102,0.0262,-0.0906,-0.3017
8824,8.824,0.0254,0.0025,0.0203,0.0037,-0.1924,-0.8976
8825,8.825,0.0136,0.0075,0.0105,-0.0293,-0.4333,-0.6429
8826,8.826,0.0102,0.0071,0.0188,-0.0338,-0.2693,-0.1003
8827,8.827,0.0071,0.01,0.0732,-0.0138,-0.0003,0.253
8828,8.828,0.0044,0.0033,0.0801,0.0043,0.1085,0.1901
8829,8.829,-0.0092,0.0025,0.0607,0.0011,0.1418,0.2487
8830,8.83,-0.0164,0.0017,0.0197,-0.0078,0.1122,0.3017
8831,8.831,-0.0097,-0.002,-0.0069,-0.016,0.1394,0.254
8832,8.832,-0.0076,-0.004,-0.0117,-0.0037,0.1149,0.7344
8833,8.833,-0.0131,-0.0057,-0.025,0.0165,0.3614,0.7986
8834,8.834,-0.0114,-0.0073,-0.0051,0.0301,0.3287,0.2749
8835,8.835,-0.0252,-0.0088,0.0277,0.0423,0.0596,-0.0786
8836,8.836,-0.0264,-0.0069,0.056,0.0304,-0.0782,-0.217
8837,8.837,-0.0282,-0.0072,0.0516,0.0324,-0.115,-0.2819
8838,8.838,-0.0366,-0.0083,0.0398,0.0384,-0.1481,-0.3407
8839,8.839,-0.0443,-0.0058,0.0289,0.0475,-0.1187,-0.1829
8840,8.84,-0.0318,-0.0025,0.0125,0.0524,-0.0919,-0.4234
8841,8.841,-0.02,-0.0089,0.0095,0.0417,-0.2644,-0.9917
8842,8.842,-0.0155,-0.0043,0.0067,0.0208,-0.3767,-0.4503
8843,8.843,-0.0003,-0,0.0139,-0.0184,-0.1528,0.0433
8844,8.844,0.0098,0.0022,0.025,-0.0237,0.0564,0.2368
8845,8.845,0.019,-0.0013,0.035,-0.0576,0.0841,0.2958
8846,8.846,0.0105,0.0056,0.0069,-0.0883,0.1089,0.2436
8847,8.847,0.018,0.0102,-0.0051,-0.1001,0.1314,0.2921
8848,8.848,0.0275,0.011,-0.0017,-0.0746,0.1112,0.2486
8849,8.849,0.0286,0.0117,-0.0116,-0.0581,0.1667,0.8441
8850,8.85,0.0114,0.0038,-0.0088,-0.0431,0.4191,0.7592
8851,8.851,-0.0011,0.0048,-0.0226,-0.0403,0.2388,0.2163
8852,8.852,0.0011,-0.0036,-0.025,-0.0427,0.0084,-0.1368
8853,8.853,0.003,-0.0162,0.0042,-0.0361,-0.0817,-0.2021
8854,8.854,0.0085,-0.0145,0.016,-0.0096,-0.1094,-0.2609
8855,8.855,0.0033,-0.0099,0.0195,0.0157,-0.1343,-0.3144
8856,8.856,0.0078,-0.003,0.0163,0.0454,-0.1123,-0.1706
8857,8.857,0.0063,-0.0018,0.0133,0.057,-0.1328,-0.7386
8858,8.858,0.0051,0.0038,-0.0004,0.0533,-0.4107,-0.9711
8859,8.859,0.004,-0.0015,0.0019,0.0499,-0.3714,-0.3377
8860,8.86,0.0009,-0.0007,-0.0047,0.0586,-0.1187,0.0897
8861,8.861,0.0113,0.0019,0.0014,0.0665,0.1118,0.1685
8862,8.862,0.0099,-0.0019,0.0071,0.0736,0.1421,0.2395
8863,8.863,-0.0065,-0.0055,0.0054,0.0487,0.1152,0.1761
8864,8.864,-0.0177,-0.005,0.0099,0.0189,0.14,0.1185
8865,8.865,-0.0157,-0.0033,0.0057,0.0069,0.073,0.4883
8866,8.866,-0.0138,0.0024,0.0018,-0.0113,0.2968,0.921
8867,8.867,-0.0121,0.0017,0.0007,-0.0344,0.3863,0.5143
8868,8.868,-0.0167,-0.0019,-0.0024,-0.0493,0.1965,0.0373
8869,8.869,-0.0208,-0.0015,-0.0014,-0.0356,-0.0261,-0.1561
8870,8.87,-0.0171,0.0013,-0.0107,-0.0282,-0.1161,-0.2151
8871,8.871,-0.0045,0.0018,-0.0117,-0.0215,-0.1437,-0.2685
8872,8.872,-0.0028,-0.0013,-0.0169,-0.0276,-0.1194,-0.2208
8873,8.873,0.0019,0.005,-0.0113,-0.022,-0.0973,-0.2647
8874,8.874,0.0059,-0.0035,0.0031,-0.0101,-0.1583,-0.8601
8875,8.875,0.0047,-0.0025,0.0137,-0.033,-0.3992,-0.7754
8876,8.876,0.0079,-0.0016,0.0048,-0.0232,-0.2352,-0.0778
8877,8.877,0.0194,0.0029,0.0272,0.0098,-0.026,0.2048
8878,8.878,0.0208,0.0003,0.0546,0.0229,0.1102,0.2912
8879,8.879,0.0111,0.0025,0.0369,0.0268,0.1352,0.2147
8880,8.88,0.0023,0.0031,0.0671,0.016,0.1132,0.2855
8881,8.881,0.01,0.0035,0.0394,0.0257,0.1337,0.222
8882,8.882,0.0005,0.0005,-0.0077,0.0285,0.1154,0.629
8883,8.883,-0.0007,-0,-0.0658,0.0366,0.3678,0.8936
8884,8.884,-0.0063,-0.0023,-0.1046,0.0142,0.332,0.3647
8885,8.885,-0.0093,0.0024,-0.083,0.0291,0.1019,-0.1289
8886,8.886,-0.0085,-0.0046,-0.0763,0.0483,-0.1075,-0.1942
8887,8.887,0.0043,-0.0038,-0.0468,0.0607,-0.081,-0.2528
8888,8.888,0.0211,0.0004,-0.0306,0.027,-0.1059,-0.3061
8889,8.889,0.0189,0.0011,0.0035,-0.0068,-0.1285,-0.2583
8890,8.89,0.0128,0.0004,-0.0095,-0.02,-0.1083,-0.3892
8891,8.891,0.0184,0.0061,-0.0292,-0.0479,-0.2749,-0.9846
8892,8.892,0.0134,0.0113,-0.0182,-0.0299,-0.387,-0.559
8893,8.893,0.018,0.0064,0.0315,-0.0398,-0.2036,-0.0155
8894,8.894,0.0221,0.0094,0.053,-0.0728,0.0681,0.1972
8895,8.895,0.031,0.0158,0.0338,-0.0949,0.1049,0.2624
8896,8.896,0.0279,0.015,0.0165,-0.0831,0.1382,0.3212
8897,8.897,0.0185,0.0097,0.0007,-0.0724,0.1087,0.2691
8898,8.898,0.0122,0.0048,-0.004,-0.0427,0.0819,0.3176
8899,8.899,-0.0048,-0.001,-0.0171,-0.0227,0.1558,0.8858
8900,8.9,-0.0071,-0.0032,-0.0209,-0.0045,0.4024,0.6543
8901,8.901,-0.0137,-0.0068,-0.01,0.0186,0.2385,0.1616
8902,8.902,-0.0076,-0.0051,-0.0067,0.0395,0.0293,-0.1595
8903,8.903,-0.0057,-0.008,-0.0095,0.0477,-0.1068,-0.2184
8904,8.904,-0.0108,-0.0076,0.0153,0.0651,-0.1318,-0.2716
8905,8.905,-0.0062,-0.0098,0.0252,0.0675,-0.1097,-0.3202
8906,8.906,-0.027,-0.0069,0.0225,0.0738,-0.1302,-0.1893
8907,8.907,-0.0358,-0.012,0.0199,0.0535,-0.1117,-0.6258
8908,8.908,-0.055,-0.0084,0.0126,0.051,-0.364,-0.9164
8909,8.909,-0.0574,-0.0078,0.0193,0.0536,-0.328,-0.3349
8910,8.91,-0.0327,-0.0037,0.0295,0.0473,-0.0979,0.2088
8911,8.911,-0.0163,-0.0001,0.0165,0.025,0.1116,0.2808
8912,8.912,-0.0192,-0.0051,0.008,0.0104,0.0853,0.2178
8913,8.913,-0.0111,-0.003,-0.0026,0.0243,0.1103,0.2766
8914,8.914,-0.0235,0.0001,-0.0095,-0.0027,0.1331,0.2243
8915,8.915,-0.017,0.0042,-0.0183,-0.0135,0.0724,0.4649
8916,8.916,-0.0068,0.011,-0.0309,-0.0232,0.2762,0.946
8917,8.917,0.0099,0.0084,-0.0393,-0.0682,0.4121,0.4987
8918,8.918,0.0165,0.011,-0.0255,-0.0874,0.1903,-0.0256
8919,8.919,0.0144,0.0027,-0.0162,-0.07,-0.0189,-0.2377
8920,8.92,0.0089,0.0038,-0.0044,-0.0434,-0.1007,-0.3024
8921,8.921,-0.003,-0.0013,-0.0059,-0.029,-0.1255,-0.2448
8922,8.922,0.0016,0.0073,-0.0046,-0.0334,-0.1481,-0.2979
8923,8.923,0.0224,0.0085,-0.0034,-0.0372,-0.0872,-0.2501
8924,8.924,0.0253,0.0076,-0.0002,-0.0117,-0.1797,-0.8179
8925,8.925,0.0172,0.0032,-0.0013,0.0181,-0.3985,-0.7409
8926,8.926,0.0149,0.0007,0.0052,0.03,-0.2495,-0.1069
8927,8.927,0.0127,0.0015,0.0043,0.0336,-0.0049,0.1502
8928,8.928,0.0107,0.0009,0.0065,0.0369,0.0944,0.2288
8929,8.929,0.0014,0.004,0.0072,0.0282,0.1249,0.2998
8930,8.93,-0.0036,0.0093,0.0041,0.042,0.0982,0.2364
8931,8.931,0.004,0.0016,0.0058,0.0347,0.123,0.1787
8932,8.932,0.0081,-0.0015,0.0052,0.0191,0.1009,0.6543
8933,8.933,0.0044,-0.0099,0.0039,-0.0074,0.3656,0.8466
8934,8.934,0.0076,-0.0043,0.0009,-0.011,0.3298,0.3232
8935,8.935,0.0023,-0.0012,-0.0011,-0.0143,0.0998,-0.1705
8936,8.936,-0.0022,-0.0134,-0.0051,-0.0173,-0.05,-0.2361
8937,8.937,-0.002,-0.0125,-0.0065,0.0026,-0.0998,-0.2556
8938,8.938,-0.0012,-0.0142,-0.009,-0.0003,-0.1271,-0.3144
8939,8.939,0.0011,-0.0125,-0.0102,0.012,-0.1518,-0.2621
8940,8.94,0.0088,0.0028,-0.0053,0.0229,-0.0847,-0.4065
8941,8.941,0.0119,0.0131,-0.0022,0.0043,-0.268,-0.9747
8942,8.942,0.0111,0.0113,0.0066,-0.0083,-0.3913,-0.5881
8943,8.943,-0.0018,0.013,0.0256,-0.0105,-0.1895,0.0462
8944,8.944,-0.0036,0.0115,0.0284,0.0036,0.0552,0.3029
8945,8.945,0.0014,0.0156,0.0213,0.0203,0.0889,0.2266
8946,8.946,0.003,0.012,0.0058,-0.0135,0.1191,0.2973
8947,8.947,0.0043,0.0064,-0.0126,-0.0472,0.1465,0.2338
8948,8.948,0.0031,0.0054,-0.0053,-0.0339,0.0729,0.292
8949,8.949,0.0041,0.0045,-0.003,-0.0219,0.185,0.7674
8950,8.95,-0.0012,-0.0033,-0.009,-0.0036,0.4089,0.7037
8951,8.951,-0.0077,-0.0003,-0.0071,0.0064,0.26,0.0633
8952,8.952,0.0034,0.0137,-0.0053,-0.0023,0.0155,-0.1938
8953,8.953,0.0018,0.0076,-0.0097,-0.0268,-0.0837,-0.1181
8954,8.954,-0.0023,-0.0166,-0.0137,-0.0103,-0.114,-0.3299
8955,8.955,0.0141,-0.0198,-0.0048,-0.0014,-0.1955,-0.2669
8956,8.956,0.0163,-0.0287,0.0031,-0.0151,-0.1712,-0.2095
8957,8.957,0.0102,-0.026,0.0043,-0.0224,-0.1041,-0.5795
8958,8.958,0.0083,-0.0187,-0.0002,-0.0471,-0.328,-0.9165
8959,8.959,-0.0002,-0.021,0.0077,-0.0637,-0.358,-0.3485
8960,8.96,-0.0108,-0.0068,0.0067,-0.0367,-0.0595,0.1947
8961,8.961,0.0017,-0.0012,0.0041,-0.0261,0.0601,0.2664
8962,8.962,-0.0067,0.0005,0.0068,-0.0033,0.0968,0.3311
8963,8.963,-0.0112,0.005,0.0031,0.0235,0.1299,0.2734
8964,8.964,-0.0041,0.0037,0.0067,0.0341,0.1599,0.2207
8965,8.965,-0.0103,-0.0001,0.0026,0.0306,0.0788,0.4609
8966,8.966,-0.0159,-0.0079,0.0009,0.0392,0.2512,0.9414
8967,8.967,-0.0127,-0.0174,0.0025,0.0362,0.4081,0.4939
8968,8.968,-0.0099,-0.0262,0.0022,0.0286,0.1841,-0.0308
8969,8.969,0.0031,-0.0206,-0.0006,0.0261,-0.0252,-0.2434
8970,8.97,0.005,-0.0217,-0.0001,0.0198,-0.1071,-0.1806
8971,8.971,-0.0068,-0.0245,-0.0004,0.014,-0.1321,-0.2394
8972,8.972,-0.0113,-0.0167,-0.002,-0.0048,-0.1102,-0.2926
8973,8.973,-0.0099,-0.0011,-0.0037,0.0075,-0.0902,-0.245
8974,8.974,-0.0161,0.0236,-0.0008,0.0322,-0.1458,-0.8129
8975,8.975,-0.015,0.0267,0.0003,0.0092,-0.3983,-0.736
8976,8.976,-0.016,0.0238,0.0036,-0.0177,-0.2904,-0.1021
8977,8.977,-0.0038,0.0264,0.0065,0.0078,-0.0601,0.155
8978,8.978,0.0047,0.0336,0.0056,0.031,0.0896,0.2337
8979,8.979,0.0032,0.0357,0.0033,0.0341,0.1172,0.3047
8980,8.98,-0.0038,0.0336,0.001,0.0315,0.142,0.2414
8981,8.981,-0.0026,0.0242,0.0013,0.0292,0.1199,0.1837
8982,8.982,-0.0015,0.0225,0.0048,0.0138,0.0997,0.5535
8983,8.983,-0.0046,0.0178,-0.0002,0.0119,0.3405,0.8903
8984,8.984,-0.011,0.0081,-0.0007,0.0399,0.3734,0.4097
8985,8.985,-0.0033,-0.0033,-0.0048,0.0438,0.1045,-0.0395
8986,8.986,0.0124,-0.014,-0.0076,0.0184,-0.0765,-0.2152
8987,8.987,0.0189,-0.0349,-0.0028,0.002,-0.11,-0.2687
8988,8.988,0.0128,-0.0499,-0.0097,0.0108,-0.1402,-0.3172
8989,8.989,-0.004,-0.0418,-0.0123,0.0189,-0.1134,-0.2737
8990,8.99,-0.0062,-0.0047,-0.0045,-0.0183,-0.0891,-0.3926
8991,8.991,0.0039,0.0112,-0.0014,-0.077,-0.246,-0.9338
8992,8.992,0.0095,0.0064,-0.0023,-0.0537,-0.4294,-0.5469
8993,8.993,0.0213,0.002,0.0003,-0.0466,-0.2075,-0.0531
8994,8.994,0.0013,-0.0019,-0.0034,-0.053,0.0616,0.2686
8995,8.995,-0.0068,0.0016,-0.0055,-0.0939,0.0984,0.2122
8996,8.996,0.0055,0.018,-0.0086,-0.0992,0.1316,0.2659
8997,8.997,0.012,0.0151,-0.0175,-0.075,0.1021,0.3146
8998,8.998,0.0181,0.0177,-0.0264,-0.0706,0.1293,0.2714
8999,8.999,0.0274,0.0153,-0.0187,-0.0346,0.154,0.7879
9000,9,0.0121,0.0087,-0.0157,-0.0202,0.4005,0.7183
9001,9.001,0.0101,0.0026,-0.015,0.0106,0.3022,0.2701
9002,9.002,0.0045,-0.003,-0.0022,0.0225,0.0331,-0.138
9003,9.003,-0.0006,-0.0013,0.0071,0.0334,-0.0758,-0.1919
9004,9.004,-0.0082,-0.009,0.0054,0.0433,-0.1091,-0.2403
9005,9.005,-0.0123,-0.002,0.0068,0.0522,-0.1393,-0.2844
9006,9.006,-0.0061,-0.0058,0.0027,0.0604,-0.1125,-0.1655
9007,9.007,-0.0029,-0.0114,0.0064,0.0629,-0.0881,-0.6344
9008,9.008,0.0023,-0.0062,0.0031,0.0608,-0.3346,-0.9542
9009,9.009,-0.0099,-0.007,0.004,0.0588,-0.3676,-0.4303
9010,9.01,-0.015,-0.0079,-0.0045,0.0681,-0.0987,0.0638
9011,9.011,-0.0135,-0.0041,0.001,0.0564,0.0824,0.2575
9012,9.012,-0.0065,-0.0048,0.0019,0.0335,0.1158,0.3168
9013,9.013,-0.0003,-0.0064,0.0027,0.0303,0.146,0.2649
9014,9.014,-0.0035,-0.0023,0.0017,0.0217,0.1191,0.2175
9015,9.015,-0.0108,0.0003,0.0038,0.0299,0.0948,0.3489
9016,9.016,-0.0099,0.0025,0.0044,0.0177,0.2516,0.9449
9017,9.017,-0.0074,-0.003,0.0125,0.0066,0.3941,0.5197
9018,9.018,0.0011,-0.0008,0.0046,0.0086,0.1903,-0.0232
9019,9.019,0.0043,0.0028,0.0075,0.0031,-0.0544,-0.2354
9020,9.02,0.0054,0.0011,0.001,-0.0189,-0.0879,-0.3004
9021,9.021,0.0027,0.0076,-0.0034,-0.0581,-0.1181,-0.2428
9022,9.022,0.0037,0.0085,0.0079,-0.0741,-0.1455,-0.2959
9023,9.023,0.0044,0.0033,0.0129,-0.0789,-0.1212,-0.248
9024,9.024,0.008,0.0083,0.0112,-0.101,-0.1437,-0.8159
9025,9.025,0.0138,0.0042,0.0124,-0.1211,-0.4083,-0.7389
9026,9.026,0.0023,0.0059,0.0134,-0.0884,-0.3003,-0.2458
9027,9.027,-0.0028,0.0002,0.003,-0.0665,-0.0701,0.2036
9028,9.028,-0.0012,0.0025,-0.0152,-0.0305,0.0797,0.263
9029,9.029,0.0002,0.0033,-0.0276,-0.0162,0.1074,0.3165
9030,9.03,-0.0086,0.0028,-0.03,-0.0295,0.0831,0.269
9031,9.031,-0.0053,-0,-0.0402,-0.0176,0.1057,0.2256
9032,9.032,0.0105,0.0015,-0.0496,0.0224,0.1261,0.5829
9033,9.033,0.0261,-0.0054,-0.031,0.0382,0.3668,0.9194
9034,9.034,0.02,-0.0023,-0.0038,0.0623,0.3342,0.4386
9035,9.035,0.0108,-0.0032,0.0069,0.0491,0.1253,-0.1387
9036,9.036,-0.0044,-0.0057,0.0101,0.0372,-0.0651,-0.2177
9037,9.037,-0.0064,0.0012,0.0189,0.0336,-0.0903,-0.2889
9038,9.038,-0.0025,0.0003,0.017,0.0399,-0.1221,-0.2763
9039,9.039,-0.0006,-0.0024,0.0089,0.0431,-0.1448,-0.213
9040,9.04,0.0012,-0.0015,0.0112,0.0401,-0.084,-0.3876
9041,9.041,-0.0002,-0.0037,0.0134,0.0263,-0.2507,-0.969
9042,9.042,-0.0098,-0.0016,0.0194,0.0038,-0.4077,-0.5826
9043,9.043,-0.0085,-0.0021,0.0362,0.0125,-0.1839,-0.0893
9044,9.044,-0.0053,0.0044,0.0428,0.0151,0.0254,0.232
9045,9.045,0,-0.0015,0.0367,0.0126,0.1073,0.2909
9046,9.046,-0.0045,-0.0007,0.0348,0.0191,0.1323,0.344
9047,9.047,-0.0019,-0.0056,0.0163,0.0088,0.1102,0.2963
9048,9.048,-0.0088,-0.0013,-0.011,-0.0006,0.1307,0.2527
9049,9.049,-0.0023,0.0004,-0.0145,0.0044,0.1492,0.7688
9050,9.05,-0.0031,-0.001,-0.0243,-0.0186,0.4017,0.6987
9051,9.051,-0.01,-0.0079,-0.0271,-0.035,0.2938,0.2499
9052,9.052,-0.0054,-0.0048,-0.0298,-0.0438,0.0635,-0.1586
9053,9.053,0.0074,-0.0021,-0.0124,-0.0301,-0.0862,-0.213
9054,9.054,0.013,0.0022,-0.0058,-0.0128,-0.1138,-0.2622
9055,9.055,0.0113,0.0029,0.0044,-0.0062,-0.1387,-0.3068
9056,9.056,0.0006,0.0009,-0.0011,-0.0042,-0.1166,-0.268
9057,9.057,-0.0035,0.0052,-0.0096,-0.0023,-0.0965,-0.7376
9058,9.058,-0.0047,0.0035,-0.008,-0.0039,-0.3372,-0.9301
9059,9.059,-0.0057,0.002,-0.0009,0.0038,-0.3702,-0.4072
9060,9.06,-0.0088,0.0071,-0.002,0.0026,-0.1014,0.0862
9061,9.061,-0.0024,0.0065,0.0107,-0.0009,0.0797,0.2792
9062,9.062,-0.0033,0.0007,0.0126,-0.0086,0.1131,0.2217
9063,9.063,0.0035,0.0001,0.0083,0.001,0.1433,0.2748
9064,9.064,0.0025,-0.0006,0.0099,0.0074,0.1165,0.2267
9065,9.065,-0.0001,-0.0022,0.0064,0.013,0.0921,0.3575
9066,9.066,-0.0009,0.0007,0.0009,0.0184,0.249,0.9529
9067,9.067,-0.0045,0.0002,0.0063,0.0212,0.3915,0.5272
9068,9.068,-0.0063,0.0024,0.0057,0.0204,0.1877,0.1387
9069,9.069,-0.0152,-0.0005,0.0084,0.032,-0.0026,-0.2149
9070,9.07,-0.0164,-0.0023,0.017,0.0371,-0.0771,-0.2803
9071,9.071,-0.0087,-0.002,0.0116,0.0295,-0.0998,-0.2233
9072,9.072,0.0028,-0.0016,0.0087,0.0281,-0.1204,-0.2767
9073,9.073,0.0134,0.0026,0.0005,0.0193,-0.139,-0.2293
9074,9.074,0.0146,0.0057,-0.0026,0.0022,-0.1895,-0.7975
9075,9.075,0.0208,0.004,-0.0097,-0.015,-0.4191,-0.7208
9076,9.076,0.0175,-0.0018,-0.0103,-0.0261,-0.3208,-0.228
9077,9.077,0.0185,0.0019,-0.011,-0.024,-0.0518,0.221
9078,9.078,0.0043,0.0012,0.0006,-0.0146,0.1293,0.2802
9079,9.079,-0.0059,-0.0018,-0.0077,-0.0398,0.0971,0.3336
9080,9.08,-0.0116,-0.0024,-0.0183,-0.0289,0.1272,0.2859
9081,9.081,-0.0167,0.0044,-0.0251,-0.0255,0.1545,0.2423
9082,9.082,-0.0029,-0.0002,-0.0237,-0.0105,0.0809,0.5995
9083,9.083,0.0138,-0.0011,-0.0158,-0.0023,0.3274,0.9359
9084,9.084,0.0072,-0.0033,-0.0147,-0.0245,0.3605,0.4551
9085,9.085,0.0091,-0.0013,-0.0209,-0.0272,0.1516,-0.1222
9086,9.086,-0.0002,-0.0009,-0.0079,-0.0189,-0.0931,-0.2014
9087,9.087,-0.0156,-0.0004,0.0091,-0.0015,-0.0609,-0.2728
9088,9.088,-0.0341,-0.0052,0.0159,0.0098,-0.1506,-0.3377
9089,9.089,-0.0269,0.0005,0.014,0.02,-0.1238,-0.2804
9090,9.09,-0.0248,-0.0033,0.0124,0.0145,-0.0995,-0.3335
9091,9.091,-0.0065,-0.0026,0.0076,0.0027,-0.2115,-0.9585
9092,9.092,-0.0043,-0.0069,0.0124,0.0104,-0.4355,-0.7036
9093,9.093,-0.0111,-0.0029,0.0029,0.009,-0.2269,-0.0061
9094,9.094,-0.0052,-0.0077,0.0043,0.0229,0.0178,0.2764
9095,9.095,0.0002,-0.0061,0.0013,0.0322,0.117,0.1924
9096,9.096,0.0051,-0.0056,0.0088,0.0373,0.1472,0.2702
9097,9.097,0.0034,-0.0072,0.008,0.0419,0.1205,0.2005
9098,9.098,-0.0008,-0.0069,0.0056,0.0294,0.0962,0.2647
9099,9.099,0.0002,-0.005,0.0094,0.0209,0.1187,0.7878
9100,9.1,0.0079,-0.0092,0.0101,0.0225,0.3833,0.718
9101,9.101,0.013,-0.011,0.0144,0.0184,0.2754,0.2695
9102,9.102,0.0102,-0.0085,0.0127,-0.0006,0.0451,-0.1387
9103,9.103,0.0076,-0.0016,0.0195,0.0074,-0.1047,-0.193
9104,9.104,0.0054,-0.0006,0.0335,-0.005,-0.0781,-0.2418
9105,9.105,0.0075,0.0058,0.0234,-0.0297,-0.1031,-0.286
9106,9.106,0.0033,0.0135,-0.0009,-0.0462,-0.1257,-0.2467
9107,9.107,0.0085,0.0105,-0.0239,-0.0612,-0.1056,-0.5715
9108,9.108,0.0065,0.0096,-0.0389,-0.1024,-0.3463,-0.9649
9109,9.109,0.0096,0.007,-0.0581,-0.0968,-0.3793,-0.3834
9110,9.11,0.0173,0.0092,-0.0606,-0.0597,-0.1106,0.1601
9111,9.111,0.0332,0.0127,-0.0541,-0.0454,0.0705,0.232
9112,9.112,0.0445,0.0069,-0.0317,-0.0412,0.1039,0.2971
9113,9.113,0.0182,-0.0001,-0.0231,-0.0295,0.1341,0.2398
9114,9.114,0.0075,0.0045,0.0124,-0.0262,0.1074,0.1876
9115,9.115,0.0045,0.0019,0.017,-0.0165,0.083,0.3322
9116,9.116,0.0018,0.0012,0.0036,0.0105,0.2399,0.9004
9117,9.117,0.0046,0.0018,-0.0006,0.0285,0.4233,0.6687
9118,9.118,0.0071,0.0034,0.0027,0.0383,0.2014,0.0346
9119,9.119,-0.0265,-0.0031,0.0056,0.0354,-0.0079,-0.2221
9120,9.12,-0.0408,-0.0023,0.0082,0.0326,-0.0898,-0.3005
9121,9.121,-0.0099,-0.0001,-0.0002,0.0302,-0.1147,-0.231
9122,9.122,-0.0059,-0.0066,0.0019,0.0236,-0.1374,-0.2953
9123,9.123,-0.0023,0.0045,0.0082,0.0255,-0.1174,-0.2374
9124,9.124,-0.0054,0.006,0.01,0.0199,-0.136,-0.8184
9125,9.125,-0.0024,0.0019,0.0078,0.0351,-0.3886,-0.7415
9126,9.126,-0.0104,-0.0019,0.0091,0.037,-0.2806,-0.2484
9127,9.127,-0.008,-0.0009,0.0102,0.0388,-0.0504,0.2012
9128,9.128,-0.0102,-0.002,0.0084,0.037,0.0993,0.2607
9129,9.129,-0.0121,0.0007,-0.0008,0.0293,0.127,0.3145
9130,9.13,-0.0214,-0.0036,-0.0002,0.0278,0.1518,0.2673
9131,9.131,-0.0129,-0.003,0.0046,0.0215,0.1297,0.2241
9132,9.132,-0.0053,0.0005,-0.0061,0.0111,0.1096,0.5816
9133,9.133,0.0017,0.0021,-0.0135,-0.0071,0.3503,0.9182
9134,9.134,0.0006,0.0073,-0.0127,-0.0144,0.3832,0.4377
9135,9.135,0.0063,0.0024,-0.0076,-0.0078,0.1144,-0.0114
9136,9.136,0.0136,0.004,-0.0154,-0.014,-0.0666,-0.1874
9137,9.137,0.0145,0.0056,-0.0261,-0.0121,-0.1001,-0.2411
9138,9.138,0.0137,0.0009,-0.0418,-0.0138,-0.1303,-0.2898
9139,9.139,0.0361,-0.0041,-0.0456,-0.0137,-0.1363,-0.2496
9140,9.14,0.0384,0.0016,-0.048,-0.0091,-0.1094,-0.3808
9141,9.141,0.042,0.0068,-0.0353,-0.0131,-0.2327,-0.8969
9142,9.142,0.0326,-0.0011,-0.0205,-0.0143,-0.4345,-0.6864
9143,9.143,0.0314,-0.0021,-0.0107,-0.022,-0.2449,-0.1096
9144,9.144,0.0252,0.0024,-0.0017,-0.0168,0.0267,0.2792
9145,9.145,0.0221,-0.0019,0.0064,-0.0176,0.0634,0.2103
9146,9.146,0.0169,-0.0012,0.0075,-0.0133,0.0967,0.2749
9147,9.147,0.0143,-0.0062,0.0031,-0.0126,0.1267,0.2174
9148,9.148,0.0015,-0.0079,0.0065,-0.0106,0.0998,0.1648
9149,9.149,-0.0264,-0.012,0.0117,-0.0064,0.1243,0.7896
9150,9.15,-0.0382,-0.0125,0.0144,0.0024,0.4156,0.7049
9151,9.151,-0.0345,-0.0104,0.0149,0.0188,0.2968,0.3174
9152,9.152,-0.0443,-0.004,0.0188,0.0122,0.0439,-0.1763
9153,9.153,-0.0591,-0.0086,0.0191,0.0142,-0.0554,-0.2416
9154,9.154,-0.04,-0.0027,0.0208,0.0272,-0.0858,-0.3004
9155,9.155,-0.0227,-0.0064,0.0248,0.0357,-0.1132,-0.3539
9156,9.156,-0.0338,-0.0028,0.0274,0.0311,-0.138,-0.3063
9157,9.157,-0.0359,-0.0059,0.0296,0.0241,-0.1159,-0.6122
9158,9.158,-0.0414,-0.003,0.0271,0.0252,-0.3399,-0.8904
9159,9.159,-0.0668,-0.0035,0.0204,0.033,-0.3699,-0.4212
9160,9.16,-0.0776,-0.0032,0.0209,0.036,-0.1257,0.156
9161,9.161,-0.0612,0.0024,0.0182,0.0315,0.0391,0.2349
9162,9.162,-0.0404,-0.0028,0.0127,0.0187,0.0695,0.3061
9163,9.163,-0.0212,0.0036,0.0062,-0.0091,0.0969,0.2428
9164,9.164,0.006,0.0095,0.0138,-0.0289,0.1217,0.3011
9165,9.165,0.0388,0.0058,0.0232,-0.0541,0.0996,0.354
9166,9.166,0.052,0.0064,0.022,-0.0572,0.2418,0.8826
9167,9.167,0.048,0.0107,0.0048,-0.0541,0.4456,0.672
9168,9.168,0.0444,0.0054,-0.0176,-0.0348,0.2017,0.0952
9169,9.169,0.0476,0.0075,-0.0148,-0.0223,-0.0288,-0.1387
9170,9.17,0.0446,0.0105,-0.0176,-0.0243,-0.0593,-0.2103
9171,9.171,0.0364,0.0065,-0.0201,-0.0303,-0.0869,-0.2751
9172,9.172,0.0291,-0.0013,-0.0136,-0.0433,-0.1118,-0.3336
9173,9.173,0.0312,-0.0023,-0.0034,-0.0212,-0.0897,-0.1757
9174,9.174,0.0251,-0.0075,0.0097,-0.0003,-0.1507,-0.8005
9175,9.175,0.0306,0.0028,0.0216,-0.003,-0.3915,-0.8861
9176,9.176,0.0357,-0.0012,0.0111,0.0094,-0.2932,-0.189
9177,9.177,0.0218,0.0076,0.0153,0.016,-0.0842,0.0933
9178,9.178,0.0125,0.0067,0.0093,0.0221,0.1063,0.1798
9179,9.179,0.0142,0.0077,0.0017,0.024,0.1314,0.2579
9180,9.18,0.0097,0.0032,-0.001,0.019,0.1094,0.3287
9181,9.181,-0.0056,0.0057,0.0077,0.0083,0.13,0.2649
9182,9.182,-0.0076,0.002,0.0136,0.007,0.1117,0.5554
9183,9.183,-0.002,-0.0015,0.0211,0.0032,0.3305,0.9252
9184,9.184,-0.0037,0.0043,0.011,0.0064,0.3605,0.4926
9185,9.185,-0.0082,0.0037,0.0044,0.0159,0.1163,-0.0322
9186,9.186,-0.0068,0.0017,-0.0042,0.0096,-0.0486,-0.2446
9187,9.187,-0.0156,0.0023,-0.0028,0.0063,-0.0791,-0.3097
9188,9.188,-0.0146,0.0028,-0.0183,0.0094,-0.1065,-0.2523
9189,9.189,-0.0199,0.0003,-0.0383,-0.001,-0.1314,-0.3058
9190,9.19,-0.0114,0.0034,-0.0407,-0.0218,-0.1093,-0.3542
9191,9.191,-0.0011,-0.0004,-0.038,-0.007,-0.211,-0.9225
9192,9.192,-0.0052,-0.0008,-0.0265,0.0011,-0.4149,-0.6908
9193,9.193,-0.0115,-0.002,-0.02,0.0035,-0.2252,-0.0567
9194,9.194,-0.0038,-0.0007,-0.0066,0.0057,-0.0028,0.2002
9195,9.195,-0.0008,-0.0017,-0.0011,-0.0005,0.0872,0.2788
9196,9.196,0,0.0001,-0.0022,0.0051,0.1148,0.3496
9197,9.197,-0.0009,-0.0002,0.0078,0.0034,0.1396,0.2861
9198,9.198,-0.0003,0.0006,0.0094,0.0049,0.1175,0.2282
9199,9.199,-0.0097,-0.0032,0.0107,0.0062,0.1379,0.7038
9200,9.2,-0.0136,-0.0037,0.008,0.0025,0.3787,0.7681
9201,9.201,-0.0033,-0.0021,0.0057,0.0057,0.2805,0.2443
9202,9.202,-0.0021,-0.0017,0.0052,0.0047,0.0715,-0.1088
9203,9.203,-0.001,-0.0071,0.0048,0.002,-0.0647,-0.1741
9204,9.204,0.0045,-0.0108,0.0072,0.0079,-0.0897,-0.233
9205,9.205,0.0055,-0.0029,0.0033,0.0072,-0.1123,-0.2865
9206,9.206,-0.001,-0.0018,0.0076,-0.0006,-0.1328,-0.2388
9207,9.207,-0.0019,-0.0044,0.0001,0.0108,-0.1144,-0.5446
9208,9.208,-0.0012,0.0035,0.0036,0.0032,-0.333,-0.9815
9209,9.209,-0.0048,0.0005,0.0008,-0.001,-0.3629,-0.4583
9210,9.21,-0.0117,-0.0002,-0.0035,-0.0073,-0.173,0.0355
9211,9.211,-0.0221,-0.0043,0.0009,-0.0151,0.0496,0.2292
9212,9.212,-0.0261,-0.0005,0.0034,-0.0288,0.0801,0.2882
9213,9.213,-0.0071,-0.0011,0.0056,-0.0196,0.1077,0.2362
9214,9.214,0.012,-0.0005,0.0052,-0.0044,0.1325,0.2848
9215,9.215,0.0145,0.0013,0.0142,-0.0186,0.1105,0.3287
9216,9.216,0.0124,-0.0011,0.0282,-0.028,0.2123,0.9244
9217,9.217,0.0105,-0.0032,0.019,-0.0026,0.4162,0.6695
9218,9.218,0.0087,-0.0087,0.0445,0.0228,0.2267,0.1268
9219,9.219,0.0138,-0.0064,0.041,0.013,0.0043,-0.2263
9220,9.22,0.0122,-0.0057,0.0047,0.016,-0.0857,-0.2914
9221,9.221,0.0109,-0.0026,-0.0097,0.0133,-0.1131,-0.234
9222,9.222,-0.003,0.0039,-0.0317,0.0158,-0.1378,-0.2874
9223,9.223,-0.0087,0.0014,-0.0436,0.0136,-0.1156,-0.2396
9224,9.224,-0.0172,0.0021,-0.0544,0.0116,-0.1359,-0.72
9225,9.225,-0.0342,0.0002,-0.0643,-0.0013,-0.3767,-0.7843
9226,9.226,-0.0365,-0.0015,-0.0614,-0.0063,-0.344,-0.2606
9227,9.227,-0.0101,0.0026,-0.0588,-0.0078,-0.075,0.0929
9228,9.228,0.0006,0.0094,-0.0661,-0.009,0.1062,0.1584
9229,9.229,0.0037,0.0086,-0.0414,-0.0078,0.074,0.3335
9230,9.23,0.0006,0.0128,-0.0251,-0.0202,0.1042,0.2814
9231,9.231,0.0032,0.0091,-0.0104,-0.0151,0.1316,0.2341
9232,9.232,-0.0043,0.0112,0.0087,-0.0044,0.1073,0.5402
9233,9.233,-0.0067,0.0017,0.011,-0.0003,0.309,0.898
9234,9.234,-0.0048,-0.0108,0.0175,-0.0065,0.3905,0.4657
9235,9.235,0.008,-0.0091,0.0073,-0.0075,0.1685,-0.0588
9236,9.236,0.0164,-0.0015,0.0128,0.0062,-0.0408,-0.2712
9237,9.237,0.0117,0.0054,0.0111,0.0118,-0.0685,-0.2083
9238,9.238,0.0129,0.0016,0.0155,0.0067,-0.0933,-0.2669
9239,9.239,0.0191,-0.004,0.0085,0.0052,-0.1158,-0.2145
9240,9.24,0.0168,-0.0065,0.003,0.0072,-0.1019,-0.317
9241,9.241,0.0112,-0.0013,-0.0008,0.0059,-0.2037,-0.9416
9242,9.242,0.0101,-0.0022,0.0047,0.0047,-0.4075,-0.6867
9243,9.243,0.0017,0.0003,0.0036,0.0103,-0.2178,-0.1438
9244,9.244,-0.0015,-0.0035,0.0081,0.0133,0.0046,0.2094
9245,9.245,0.0039,-0.0056,0.0123,0.0088,0.0947,0.2745
9246,9.246,0.0049,-0.0014,0.0191,0.0045,0.1223,0.3334
9247,9.247,0.0009,0.0003,0.0199,0.0083,0.1471,0.2813
9248,9.248,0.0033,-0.0013,0.024,0.0034,0.125,0.2336
9249,9.249,0.0041,-0.0025,0.0124,-0.0024,0.1048,0.7141
9250,9.25,-0.0015,-0.0005,-0.003,-0.0139,0.3827,0.7785
9251,9.251,0.0008,-0.0009,-0.0011,-0.0021,0.264,0.2547
9252,9.252,0.0058,-0.0026,0.0005,0.0148,0.0831,-0.0985
9253,9.253,0.0001,-0.0043,-0.0048,0.017,-0.0816,-0.1639
9254,9.254,-0.0005,-0.0042,-0.0035,0.023,-0.112,-0.3389
9255,9.255,-0.0025,-0.0026,-0.0023,0.0137,-0.1935,-0.2869
9256,9.256,-0.0007,0.0011,0.0012,0.012,-0.1692,-0.2393
9257,9.257,0.0011,-0.0037,-0.0021,0.0165,-0.1022,-0.458
9258,9.258,-0.0066,0.0032,-0.0031,-0.0043,-0.2855,-0.9745
9259,9.259,-0.0033,-0.0033,-0.0077,-0.0314,-0.3595,-0.4824
9260,9.26,-0.0021,-0.0092,-0.0051,-0.0279,-0.1576,0.0946
9261,9.261,-0.0047,-0.0041,-0.0043,-0.0312,0.0328,0.1736
9262,9.262,0.0013,-0.009,-0.0006,-0.0283,0.1072,0.2449
9263,9.263,-0.0008,-0.0121,0.0011,-0.0202,0.1298,0.3095
9264,9.264,-0.0043,-0.0046,0.0017,-0.0275,0.1504,0.2519
9265,9.265,-0.0085,0.0048,0.0042,-0.0341,0.095,0.3048
9266,9.266,0.0004,0.0085,0.0093,-0.028,0.2128,0.8334
9267,9.267,0.0118,0.0052,0.0073,-0.0336,0.4119,0.6229
9268,9.268,0.0134,0.0062,0.0168,-0.0149,0.2222,0.1741
9269,9.269,0.0121,0.0034,0.0265,0.0023,-0.0002,-0.2343
9270,9.27,0.0059,0.0042,0.0302,0.009,-0.0903,-0.1829
9271,9.271,0.0138,0.0035,0.0292,0.0151,-0.1178,-0.3279
9272,9.272,0.0086,0.0041,0.0198,0.0169,-0.1427,-0.2849
9273,9.273,0.0059,0.0011,0.011,0.0118,-0.1206,-0.2457
9274,9.274,0.0102,0.0051,0.0166,0.0164,-0.1004,-0.715
9275,9.275,0.0109,0.0035,0.0071,0.0123,-0.3782,-0.9073
9276,9.276,0.0089,-0.0034,-0.0017,0.0135,-0.3388,-0.2675
9277,9.277,0.0184,0.0018,-0.0026,0.0167,-0.086,0.1598
9278,9.278,0.0226,0.001,0.0005,0.0114,0.0789,0.2386
9279,9.279,0.0215,0.0052,0.0071,0.0105,0.1093,0.169
9280,9.28,0.0138,0.0074,-0.0056,0.008,0.1367,0.2335
9281,9.281,0.0066,0.0067,-0.0334,0.0101,0.1124,0.1757
9282,9.282,-0.0037,0.0025,-0.037,0.0052,0.0903,0.5454
9283,9.283,0.0033,-0.0004,-0.0333,0.0035,0.3142,0.978
9284,9.284,-0.003,0.0011,-0.0363,0.0018,0.4038,0.5712
9285,9.285,-0.0133,0.0042,-0.0211,0.0086,0.1596,-0.0116
9286,9.286,-0.0202,0.007,-0.0072,0.004,-0.0708,-0.2454
9287,9.287,-0.024,0.0045,-0.0046,0.0049,-0.1012,-0.1763
9288,9.288,-0.0318,0.0021,-0.0247,0.0055,-0.1286,-0.241
9289,9.289,-0.0328,0.0011,-0.0218,-0.0009,-0.1043,-0.2994
9290,9.29,-0.0374,0.003,-0.0143,-0.0001,-0.082,-0.247
9291,9.291,-0.0434,0.0018,-0.0075,0.0006,-0.1838,-0.8717
9292,9.292,-0.0504,-0.0014,0.0111,-0.0001,-0.4246,-0.617
9293,9.293,-0.0646,-0.0042,0.0137,-0.0018,-0.2605,-0.0743
9294,9.294,-0.0953,-0.0092,0.0161,-0.0058,0.0086,0.1383
9295,9.295,-0.091,-0.0028,0.0223,-0.0033,0.1175,0.2035
9296,9.296,-0.039,-0.0053,0.0318,-0.0103,0.1508,0.2622
9297,9.297,-0.0178,-0.003,0.0337,0.0012,0.1214,0.3156
9298,9.298,0.0144,-0.0036,0.0415,0.0028,0.0946,0.1718
9299,9.299,0.0318,-0.0005,0.0431,0.0097,0.1193,0.7397
9300,9.3,0.0475,-0.0033,0.052,0.0085,0.4107,0.8175
9301,9.301,0.0522,-0.0027,0.0624,0.0095,0.292,0.3249
9302,9.302,0.0564,-0.0023,0.0417,0.0105,0.1113,-0.1243
9303,9.303,0.0445,0.0016,0.0147,0.0078,-0.1191,-0.1837
9304,9.304,0.0335,0.0033,-0.0034,-0.0016,-0.0899,-0.2371
9305,9.305,0.017,0.0084,-0.0397,-0.0004,-0.1171,-0.2857
9306,9.306,0.008,0.0065,-0.0735,-0.0036,-0.1418,-0.242
9307,9.307,-0.0002,0.0083,-0.0955,-0.0088,-0.0746,-0.5196
9308,9.308,-0.0127,0.01,-0.1074,-0.0097,-0.2983,-0.9887
9309,9.309,-0.0062,0.0106,-0.1038,-0.0055,-0.3877,-0.5409
9310,9.31,0.0162,0.0038,-0.0609,-0.0155,-0.1434,-0.0161
9311,9.311,0.031,0.0049,-0.0317,-0.0224,0.0871,0.1965
9312,9.312,0.039,0.0022,0.0055,-0.0187,0.1177,0.2616
9313,9.313,0.0266,-0.0019,0.0296,-0.0131,0.1452,0.3206
9314,9.314,0.0199,0.0034,0.034,-0.0036,0.1211,0.2686
9315,9.315,0.0137,0.0042,0.0221,-0.0024,0.0991,0.3171
9316,9.316,0.0081,0.0026,0.0112,-0.0014,0.2009,0.8855
9317,9.317,0.0029,-0.0038,0.0144,0.0059,0.4047,0.6539
9318,9.318,0.0044,-0.0045,0.0114,0.0032,0.2152,0.1611
9319,9.319,0.0057,-0.0038,0.0086,-0.001,-0.0071,-0.1601
9320,9.32,-0.0108,-0.0017,0.0108,0.0043,-0.0971,-0.2192
9321,9.321,-0.013,-0.0074,0.0129,0.008,-0.1245,-0.2724
9322,9.322,0.0011,-0.0051,0.0066,-0.0003,-0.1491,-0.3207
9323,9.323,-0.0007,-0.0058,0.0082,0.003,-0.1269,-0.1897
9324,9.324,-0.0126,-0.0063,0.0096,0.002,-0.1066,-0.7056
9325,9.325,-0.0202,-0.0058,0.0047,0.0048,-0.3843,-0.9165
9326,9.326,-0.0243,-0.0042,0.0003,0.004,-0.3448,-0.3402
9327,9.327,-0.0255,-0.0073,-0.0038,0.0033,-0.092,0.2035
9328,9.328,-0.0152,-0.007,-0.001,0.004,0.0729,0.2755
9329,9.329,0.0056,-0.0044,-0.0044,0.001,0.1033,0.3407
9330,9.33,0.0145,0.0008,-0.004,0.0015,0.1308,0.2835
9331,9.331,0.0118,-0.0045,-0.0103,0.002,0.1066,0.2313
9332,9.332,0.0191,0.0004,-0.0085,-0.0011,0.0845,0.472
9333,9.333,0.0125,-0.0002,-0.0097,0.0001,0.3083,0.9531
9334,9.334,0.0146,0.005,-0.0084,0.0036,0.3979,0.5059
9335,9.335,0.009,0.0057,-0.0072,0.0032,0.1538,-0.0183
9336,9.336,0.004,0.0025,-0.0071,0.0061,-0.0767,-0.2305
9337,9.337,0.0116,0.0008,-0.0127,0.0003,-0.1071,-0.2954
9338,9.338,0.0047,-0.0018,-0.0152,0.0045,-0.1346,-0.2379
9339,9.339,0.0085,-0.0023,-0.0152,0.0008,-0.1104,-0.2911
9340,9.34,0.0054,-0.0035,-0.0116,-0.0013,-0.0882,-0.2432
9341,9.341,0.0032,-0.0013,-0.0156,-0.0025,-0.1794,-0.8793
9342,9.342,-0.0019,-0.0039,-0.0186,-0.0008,-0.4033,-0.7487
9343,9.343,0.0027,-0.0072,-0.0187,-0.0003,-0.2544,-0.1521
9344,9.344,-0.0014,-0.0009,-0.0163,-0.0029,-0.0099,0.2754
9345,9.345,-0.002,0.0016,-0.0225,-0.0007,0.0892,0.1993
9346,9.346,0.0017,-0.008,-0.01,-0.0036,0.1195,0.2704
9347,9.347,-0.0039,-0.0093,-0.0086,-0.0011,0.1468,0.3349
9348,9.348,-0.009,-0.0084,0.0028,-0.0014,0.1224,0.1611
9349,9.349,0.0019,-0.0055,0.0099,-0.0031,0.1001,0.6366
9350,9.35,0.0006,-0.0065,0.0135,-0.0074,0.3647,0.829
9351,9.351,-0.0032,-0.0091,0.0142,-0.0169,0.3287,0.3055
9352,9.352,0.0007,-0.0071,0.0147,-0.0155,0.0984,-0.1882
9353,9.353,-0.0024,-0.0037,0.0112,-0.0042,-0.111,-0.2536
9354,9.354,-0.0075,-0.0033,0.0191,-0.0027,-0.1389,-0.4286
9355,9.355,-0.0047,-0.0064,0.0176,-0.0014,-0.1638,-0.3764
9356,9.356,-0.0088,0.0013,0.0119,0.0023,-0.1418,-0.2326
9357,9.357,0.0012,0.0089,0.0049,0.0054,-0.0812,-0.4512
9358,9.358,-0.0001,0.0015,0.0103,-0.0019,-0.2479,-0.8881
9359,9.359,-0.0063,-0.0014,-0.0016,0.0027,-0.3602,-0.4816
9360,9.36,-0.0166,0.001,-0.0071,0.0018,-0.1364,0.101
9361,9.361,-0.018,0.0015,-0.015,0.0039,0.0729,0.18
9362,9.362,-0.0168,0.0034,-0.0166,0.0032,0.1006,0.2514
9363,9.363,-0.0042,-0.001,-0.0282,0.009,0.1254,0.316
9364,9.364,-0.0025,-0.0064,-0.0298,0.0067,0.1479,0.2585
9365,9.365,0.0021,-0.0029,-0.0202,0.0103,0.1276,0.3117
9366,9.366,-0.002,0.0011,-0.009,0.0033,0.1831,0.8403
9367,9.367,-0.0008,0.0051,0.0048,0.0061,0.4018,0.7706
9368,9.368,-0.004,0.0054,0.014,-0.0051,0.2527,0.194
9369,9.369,-0.0009,0.0056,0.0156,-0.0005,-0.046,-0.1946
9370,9.37,-0.0036,0.0084,0.0201,0.0036,-0.1658,-0.2662
9371,9.371,-0.0045,0.0102,0.027,0.0024,-0.1303,-0.3308
9372,9.372,-0.0068,0.0077,0.0357,-0.0008,-0.0978,-0.2734
9373,9.373,-0.0088,0.0086,0.0367,0.0064,-0.1279,-0.2211
9374,9.374,-0.0005,0.0078,0.0336,0.0018,-0.101,-0.6535
9375,9.375,-0.0038,0.0079,0.0214,-0.0024,-0.3228,-0.8283
9376,9.376,-0.0069,0.0085,0.0129,-0.0046,-0.3528,-0.3524
9377,9.377,-0.0043,0.0053,0.0084,0.0003,-0.0543,0.0968
9378,9.378,-0.0102,0.0022,0.0098,0.006,0.0654,0.2725
9379,9.379,-0.0155,0.0042,0.0061,0.0067,0.102,0.3261
9380,9.38,-0.0078,0.0031,0.0094,0.0031,0.1352,0.2786
9381,9.381,0.0037,-0.0001,0.0105,0.0062,0.1652,0.2352
9382,9.382,0.0052,-0.0013,0.0115,0.0033,0.0841,0.4337
9383,9.383,0.0092,0.0006,0.009,0.0038,0.3059,0.903
9384,9.384,0.0103,0.0058,0.0021,0.0026,0.3954,0.5833
9385,9.385,0.007,0.0052,0.0144,-0.0038,0.1513,0.0587
9386,9.386,0.0039,-0.0012,0.0264,-0.0179,-0.0135,-0.1539
9387,9.387,0.0047,-0.002,0.0159,-0.024,-0.1035,-0.2191
9388,9.388,0.0054,0.0033,0.0065,-0.0109,-0.131,-0.2779
9389,9.389,0.0075,-0.0002,-0.0021,-0.0025,-0.1067,-0.2256
9390,9.39,0.0095,0.0028,-0.0074,-0.0009,-0.1291,-0.2741
9391,9.391,0.0064,-0.0023,-0.0123,-0.005,-0.1495,-0.8421
9392,9.392,0.0034,0.0042,-0.0223,-0.0087,-0.4273,-0.7654
9393,9.393,-0.0014,0.0017,-0.0289,-0.0009,-0.2289,-0.1314
9394,9.394,0.0028,0.0039,-0.0223,0.0001,-0.0479,0.1255
9395,9.395,0.0044,0.002,-0.007,-0.0007,0.1169,0.2041
9396,9.396,0.0038,0.0026,-0.0046,0.0018,0.0877,0.2749
9397,9.397,0.0025,0.0022,0.0088,0.0055,0.1151,0.3392
9398,9.398,0.0036,0.0008,0.0109,0.0076,0.1399,0.1653
9399,9.399,0.0032,0.0006,0.0097,0.0059,0.1178,0.6408
9400,9.4,0.0034,0.0036,0.0142,0.0054,0.3824,0.833
9401,9.401,0.0051,0.0012,0.0083,0.0028,0.3466,0.3094
9402,9.402,0.0092,0.0052,-0.0084,0.004,0.1165,-0.1844
9403,9.403,0.0061,0.0018,-0.0057,0.0012,-0.0928,-0.2498
9404,9.404,0.0056,0.0008,-0.012,0.0015,-0.1204,-0.3088
9405,9.405,0.0133,-0.0003,-0.0056,0.0012,-0.1451,-0.2569
9406,9.406,0.01,-0.002,0.0002,0.0049,-0.123,-0.2094
9407,9.407,0.013,-0.0008,-0.0079,-0.0019,-0.1028,-0.4279
9408,9.408,0.0122,-0.001,-0.0062,0.0011,-0.2695,-0.9443
9409,9.409,0.0079,-0.005,-0.0156,0.0003,-0.4264,-0.5929
9410,9.41,0.0026,-0.0018,-0.0267,0.0012,-0.1616,-0.0159
9411,9.411,-0.0038,0.0024,-0.0342,0.0006,0.0196,0.2179
9412,9.412,-0.0098,-0.0021,-0.0409,0.0056,0.1188,0.2892
9413,9.413,-0.0135,-0.0014,-0.0496,-0.0001,0.149,0.2258
9414,9.414,-0.0184,-0.0029,-0.0439,-0.0053,0.1223,0.2844
9415,9.415,-0.0214,0.0008,-0.0344,-0.0059,0.0979,0.2319
9416,9.416,-0.0302,0.0022,-0.0153,-0.0063,0.1652,0.8565
9417,9.417,-0.0264,-0.0032,-0.0016,-0.0022,0.389,0.7717
9418,9.418,-0.0161,-0.0052,0.0057,-0.0007,0.2401,0.229
9419,9.419,0.002,-0.0071,0.0124,0.0054,-0.0044,-0.2649
9420,9.42,0.0044,-0.0011,0.0144,0.0012,-0.1037,-0.2025
9421,9.421,-0.0021,-0.0047,0.0088,0.0065,-0.134,-0.2615
9422,9.422,-0.0082,-0.0038,0.0104,0.0045,-0.1072,-0.3151
9423,9.423,0.0012,-0.0031,0.0087,0.005,-0.132,-0.1715
9424,9.424,0.0165,-0.0001,0.0072,-0.0002,-0.1098,-0.6522
9425,9.425,0.0063,-0.0025,-0.0018,0.0019,-0.3743,-0.8447
9426,9.426,0.012,-0.0046,-0.0098,0.0024,-0.3385,-0.3214
9427,9.427,0.0103,-0.0016,-0.009,0.0019,-0.1085,0.1723
9428,9.428,0.0088,0.0004,-0.0028,0.0024,0.1009,0.2377
9429,9.429,0.0075,-0.0006,0.0011,0.0002,0.1285,0.2966
9430,9.43,0.0064,-0.0002,0.0123,-0.0062,0.1534,0.2445
9431,9.431,0.0075,-0.0031,0.0306,-0.0016,0.1313,0.1969
9432,9.432,0.0003,-0.0002,0.0279,-0.0075,0.1112,0.4155
9433,9.433,0.0067,0.0002,0.0164,-0.0053,0.2778,0.9317
9434,9.434,0.0026,0.002,-0.0025,-0.0033,0.3899,0.5802
9435,9.435,-0.0011,-0.0017,-0.0152,-0.0016,0.2065,0.0032
9436,9.436,-0.0017,-0.0028,-0.0222,0.0001,-0.0653,-0.2306
9437,9.437,-0.0033,0.0001,-0.0411,0.0016,-0.1021,-0.3019
9438,9.438,-0.0085,0.0059,-0.0439,0.0004,-0.1354,-0.2387
9439,9.439,-0.0036,0.0017,-0.0466,-0.0052,-0.106,-0.2974
9440,9.44,0.0007,-0.0005,-0.045,-0.0015,-0.1334,-0.2451
9441,9.441,-0.0033,0.0031,-0.0399,-0.0035,-0.1582,-0.8699
9442,9.442,0.0046,0.0058,-0.0327,-0.0015,-0.4122,-0.7586
9443,9.443,0.0011,-0.0025,-0.0214,0.0027,-0.2556,-0.162
9444,9.444,0.0033,0.0007,-0.0142,0.0032,-0.0313,0.2266
9445,9.445,0.0037,-0.0024,-0.0107,0.01,0.1183,0.298
9446,9.446,0.0012,-0.0016,-0.0199,-0.0004,0.0916,0.2346
9447,9.447,-0.0005,-0.0042,-0.0078,0.0009,0.1163,0.2932
9448,9.448,-0.0008,-0.0035,0.0002,0.0047,0.1387,0.1353
9449,9.449,0.0011,-0.0056,0.0043,0.0014,0.1184,0.6637
9450,9.45,-0.0027,-0.0052,0.008,0.0024,0.359,0.8749
9451,9.451,0.0014,0,0.0113,0.0015,0.3263,0.2991
9452,9.452,-0.0001,0.0064,0.014,-0.001,0.0573,-0.0895
9453,9.453,-0.0023,0.0003,0.0106,0.0011,-0.124,-0.1613
9454,9.454,-0.0051,-0.002,0.0093,-0.0038,-0.092,-0.2261
9455,9.455,-0.0041,-0,0.0046,-0.0055,-0.1223,-0.2848
9456,9.456,-0.0051,-0.0018,0.0112,-0.0051,-0.0957,-0.2325
9457,9.457,-0.0047,-0.0048,0.0154,-0.0076,-0.0716,-0.3768
9458,9.458,-0.0022,0.0019,0.0091,-0.008,-0.2734,-0.945
9459,9.459,-0.0005,-0.0104,0.011,-0.0145,-0.4093,-0.5583
9460,9.46,-0.0001,-0.0122,0.0171,-0.023,-0.1876,-0.0648
9461,9.461,-0.0003,-0.02,0.0143,-0.022,0.0215,0.2565
9462,9.462,0.0004,-0.0105,0.0178,-0.0148,0.1033,0.1995
9463,9.463,-0.0008,-0.0069,0.014,-0.0027,0.1281,0.2529
9464,9.464,-0.0036,-0.0014,0.018,0.0058,0.1506,0.3013
9465,9.465,-0.0018,-0.0046,0.0207,0.0072,0.1302,0.258
9466,9.466,-0.0028,-0.0112,0.0128,0.0086,0.1486,0.8535
9467,9.467,0.001,-0.0121,0.0023,0.0073,0.401,0.7688
9468,9.468,0.0013,-0.0023,0.0091,0.0083,0.2929,0.2261
9469,9.469,-0.0025,-0.0011,0.0228,0.0053,-0.0032,-0.1271
9470,9.47,-0.0082,0.0025,0.0283,0.0044,-0.1231,-0.1926
9471,9.471,-0.0012,0.0056,0.0332,0.0086,-0.0877,-0.2514
9472,9.472,-0.002,0.0065,0.0346,0.0079,-0.1209,-0.3048
9473,9.473,0.0058,0.0072,0.022,0.0029,-0.151,-0.1611
9474,9.474,0.0089,0.013,0.0034,0.0034,-0.07,-0.6417
9475,9.475,0.0098,0.0106,-0.009,0.0028,-0.3411,-0.9618
9476,9.476,0.0056,0.0125,-0.0069,0.0043,-0.3774,-0.4385
9477,9.477,0.0049,0.0119,-0.0089,0.0021,-0.0818,0.0552
9478,9.478,0.0029,0.0065,-0.0071,0.0068,0.0379,0.1206
9479,9.479,-0.0065,0.0044,-0.0088,0.0037,0.0745,0.1792
9480,9.48,-0.0052,0.0026,-0.0042,-0.0016,0.1077,0.2324
9481,9.481,0.0037,0.003,-0.0111,0.002,0.1377,0.2806
9482,9.482,-0.0019,0.0024,-0.0047,0.0004,0.1107,0.4115
9483,9.483,0.0033,0.0019,-0.0036,-0.0001,0.283,0.9277
9484,9.484,0.0006,-0.0046,-0.0005,0.0004,0.3952,0.5762
9485,9.485,-0.0019,-0.0001,-0.0013,0.0055,0.1712,-0.0008
9486,9.486,0.0003,0.0006,-0.0038,0.0034,-0.0382,-0.2347
9487,9.487,0.0038,-0.0032,-0.0015,0.0051,-0.066,-0.1658
9488,9.488,0.0021,0.0003,-0.0092,-0.0013,-0.0911,-0.2308
9489,9.489,-0.0031,0.0019,-0.0143,-0.0004,-0.1138,-0.2895
9490,9.49,-0.0025,-0.001,-0.0134,0.0002,-0.0937,-0.2373
9491,9.491,-0.003,0.0036,-0.009,0.0038,-0.1493,-0.8621
9492,9.492,-0.0001,0.0066,-0.0095,0.0033,-0.4018,-0.7776
9493,9.493,0.0014,0.0106,-0.0072,-0.0007,-0.2939,-0.2352
9494,9.494,0.001,0.0038,-0.0075,0.0061,0.002,0.2585
9495,9.495,-0.0029,-0.0027,-0.0078,0.0052,0.1216,0.1958
9496,9.496,-0.0014,-0.0019,-0.006,-0.0007,0.0861,0.2545
9497,9.497,-0.001,0.0033,-0.0088,-0.0044,0.1192,0.3076
9498,9.498,-0.0075,-0.0016,-0.0073,-0.0008,0.1492,0.1635
9499,9.499,0.0009,0.0014,-0.0096,0.0023,0.0682,0.5566
9500,9.5,0.0041,0.0042,-0.0041,0.0018,0.3393,0.9265
9501,9.501,0.0071,0.0078,0.003,0.0044,0.3755,0.3976
9502,9.502,0.008,0.0035,-0.0032,-0.0025,0.0798,-0.0963
9503,9.503,0.0001,0.0006,0.0012,-0.012,-0.0398,-0.1619
9504,9.504,0.0011,-0.0061,-0.0101,-0.0031,-0.0764,-0.2209
9505,9.505,-0.0016,-0.0034,-0.0082,-0.0021,-0.1094,-0.2745
9506,9.506,-0.0025,-0.0009,-0.022,0.001,-0.1395,-0.227
9507,9.507,-0.0047,-0.0002,-0.0274,0.0018,-0.1125,-0.3583
9508,9.508,-0.0027,0.0019,-0.029,0.0061,-0.2356,-0.954
9509,9.509,-0.0045,0.0024,-0.0305,-0.0023,-0.3926,-0.5287
9510,9.51,-0.004,0.0053,-0.0264,-0.0013,-0.2092,0.0143
9511,9.511,-0.0025,0.0018,-0.0201,-0.0085,0.0133,0.2269
9512,9.512,-0.0048,-0.0012,-0.0146,-0.0111,0.1034,0.2921
9513,9.513,-0.0001,0.0001,-0.0052,-0.0085,0.131,0.2348
9514,9.514,-0.0044,-0.0056,0.0111,-0.0032,0.1068,0.2881
9515,9.515,-0.005,0.0003,0.0176,-0.0038,0.0848,0.2404
9516,9.516,-0.0003,-0.0003,0.0195,-0.0032,0.1459,0.8085
9517,9.517,-0.002,0.0018,0.0286,0.001,0.3868,0.7316
9518,9.518,-0.0049,0.0001,0.0267,0.0026,0.2885,0.2388
9519,9.519,0.0028,-0.0027,0.0189,0.0048,0.0196,-0.2103
9520,9.52,-0.0005,-0.0011,0.0118,0.0069,-0.0893,-0.2695
9521,9.521,0.0005,-0.0007,0.0003,0.0066,-0.1226,-0.323
9522,9.522,0.0013,-0.0045,0.0017,0.0119,-0.1526,-0.2754
9523,9.523,0.0005,0.0004,-0.0081,0.0098,-0.1257,-0.232
9524,9.524,0.0012,0.0021,-0.012,0.0105,-0.1012,-0.5891
9525,9.525,0.0047,0.0017,-0.0132,0.001,-0.3476,-0.9257
9526,9.526,0.003,0.0003,-0.0105,-0.0059,-0.3806,-0.3574
9527,9.527,0.0001,-0.0009,-0.0099,-0.0021,-0.1117,0.1862
9528,9.528,0.0006,-0.0011,-0.0076,-0.017,0.0695,0.2582
9529,9.529,-0.0006,-0.0029,-0.0179,-0.0311,0.103,0.3233
9530,9.53,-0.0026,-0.0053,-0.0169,-0.0292,0.1331,0.2662
9531,9.531,-0.0023,-0.0015,-0.0109,-0.0072,0.1605,0.214
9532,9.532,0.003,-0.0018,-0.0081,0.0017,0.087,0.3588
9533,9.533,0.0037,-0.0056,-0.0115,0.0044,0.2439,0.9273
9534,9.534,-0.0011,0.0002,-0.011,0.0068,0.4273,0.541
9535,9.535,0.0006,-0.0004,-0.0089,0.009,0.2055,0.0479
9536,9.536,0.0046,0.0003,-0.0129,0.011,-0.0037,-0.1451
9537,9.537,0.0021,0.002,-0.0169,0.0092,-0.0856,-0.2041
9538,9.538,0.001,0.0004,-0.0131,0.0075,-0.1105,-0.2571
9539,9.539,0.0039,-0.0043,-0.0175,0.006,-0.133,-0.3052
9540,9.54,-0.0012,0.0041,-0.0226,0.0019,-0.1129,-0.2614
9541,9.541,0.0024,0.0009,-0.0272,0.0031,-0.1314,-0.8565
9542,9.542,0.0019,0.002,-0.021,-0.0025,-0.3839,-0.7715
9543,9.543,0.0034,0.0012,-0.0205,0.0026,-0.2879,-0.2008
9544,9.544,0.0006,0.0004,-0.0199,0.0036,-0.035,0.1881
9545,9.545,0.0053,-0.0021,-0.0149,0.0063,0.0642,0.2601
9546,9.546,0.0084,0.0016,-0.0087,0.0003,0.0945,0.3252
9547,9.547,0.0031,-0.0019,-0.0081,-0.0019,0.1219,0.268
9548,9.548,-0.0018,-0.0049,0.0031,-0.0013,0.0975,0.2159
9549,9.549,-0.0001,0.0016,0.0079,-0.003,0.1199,0.5526
9550,9.55,0.0004,-0.0009,0.0122,-0.0013,0.3437,0.8589
9551,9.551,0.004,0.0043,0.005,0.0022,0.3141,0.4224
9552,9.552,-0.0011,0.0023,0.006,0.0033,0.0698,-0.102
9553,9.553,-0.0018,0.0007,0.0002,0.0045,-0.0952,-0.1735
9554,9.554,0.0013,0.0012,0.003,0.0041,-0.066,-0.238
9555,9.555,0.0018,-0.0066,0.0073,0.0008,-0.0935,-0.2964
9556,9.556,0.0043,-0.0121,0.0183,0.0011,-0.1184,-0.2438
9557,9.557,0.004,-0.0091,0.0196,0.0001,-0.0963,-0.3878
9558,9.558,0.0051,-0.0045,0.0347,-0.0039,-0.2386,-0.9556
9559,9.559,0.0076,-0.0053,0.0447,-0.0117,-0.4055,-0.7236
9560,9.56,0.0059,0.0017,0.0427,-0.0221,-0.2038,-0.0891
9561,9.561,0.011,0.0008,0.0375,-0.0208,0.0408,0.1682
9562,9.562,0.013,0.0068,0.0298,-0.012,0.0743,0.2468
9563,9.563,0.0088,0.0061,0.0201,-0.0043,0.1045,0.318
9564,9.564,0.0012,0.0068,0.0088,-0.0013,0.1318,0.2547
9565,9.565,-0.0041,0.0111,0.0194,0.005,0.1074,0.3132
9566,9.566,-0.0106,0.0082,0.0208,0.0058,0.1298,0.7888
9567,9.567,-0.0047,0.0004,0.0019,0.0036,0.435,0.7255
9568,9.568,-0.0069,-0.0006,-0.0172,0.0071,0.3042,0.2017
9569,9.569,-0.0089,-0.0016,-0.0344,0.0087,0.0259,-0.1513
9570,9.57,-0.0107,-0.0043,-0.0455,0.0058,-0.0829,-0.2165
9571,9.571,-0.0159,-0.0017,-0.0353,0.0022,-0.1163,-0.2752
9572,9.572,-0.0253,-0.0024,-0.0333,0.0091,-0.1464,-0.3285
9573,9.573,-0.019,0.0012,-0.0248,0.01,-0.1195,-0.1845
9574,9.574,-0.0087,-0.0018,-0.0108,-0.004,-0.0951,-0.5778
9575,9.575,0.0037,0.0022,-0.005,-0.0143,-0.3416,-0.9477
9576,9.576,0.0054,-0.0013,0.0002,-0.005,-0.3746,-0.4189
9577,9.577,-0.0053,0.0029,0.0049,-0.0102,-0.1058,0.075
9578,9.578,-0.0123,0.0034,0.0092,-0.0178,0.0753,0.2686
9579,9.579,-0.0135,-0.0023,0.0233,-0.0139,0.1088,0.3277
9580,9.58,-0.026,0.0061,0.0254,-0.0001,0.139,0.2756
9581,9.581,-0.0176,0.0005,0.0273,0.0017,0.1664,0.2278
9582,9.582,-0.0131,0.0015,0.0261,0.0068,0.0929,0.359
9583,9.583,0.0021,-0.0069,0.0112,0.0083,0.2051,0.9547
9584,9.584,0.0081,-0.008,0.0095,0.0013,0.3885,0.5293
9585,9.585,-0.0012,-0.0049,0.0191,-0.005,0.2162,0.1411
9586,9.586,0.0038,-0.0076,0.0177,0.0027,-0.0309,-0.2121
9587,9.587,0.0053,-0.0017,0.0012,0.0057,-0.13,-0.2772
9588,9.588,0.0012,-0.0024,-0.0187,0.0011,-0.1006,-0.336
9589,9.589,0.0023,0.0012,-0.0321,0.0105,-0.1279,-0.2839
9590,9.59,0.0101,0.0017,-0.0389,0.0093,-0.1035,-0.2362
9591,9.591,0.007,0.0012,-0.0407,0.006,-0.1258,-0.8044
9592,9.592,0.0115,-0.0004,-0.0342,0.0007,-0.3903,-0.7277
9593,9.593,0.014,0.0027,-0.0319,0.0016,-0.2822,-0.2348
9594,9.594,0.0055,0.003,-0.0163,0.0041,-0.0519,0.2146
9595,9.595,0.0065,-0.0028,-0.0057,0.0033,0.098,0.2738
9596,9.596,0.0137,-0.0037,0.0116,0.0013,0.1257,0.3273
9597,9.597,0.011,0.0048,0.0054,0.0043,0.1507,0.2797
9598,9.598,0.0101,0.0037,0.0079,0.0026,0.1286,0.2361
9599,9.599,0.0107,0.0068,0.0066,0.001,0.1086,0.5933
9600,9.6,0.01,0.0059,0.0088,0.0041,0.3495,0.9297
9601,9.601,0.0031,0.0016,0.0077,-0.0024,0.3827,0.4489
9602,9.602,-0.0015,-0.0006,0.0041,0.0003,0.114,-0.1285
9603,9.603,0.001,-0.0013,0.0058,-0.0022,-0.067,-0.2076
9604,9.604,0.0032,-0.0044,0.003,-0.0015,-0.1003,-0.2789
9605,9.605,0.0011,-0.0015,-0.0019,-0.0022,-0.1302,-0.3438
9606,9.606,0.0028,-0.0073,0.0011,-0.0006,-0.1572,-0.2864
9607,9.607,0.0011,0.0011,0.0023,0.0011,-0.0834,-0.3396
9608,9.608,-0.0024,-0.0067,0.0005,-0.0005,-0.2402,-0.8683
9609,9.609,0.0006,-0.0037,-0.0041,0.0026,-0.4234,-0.6579
9610,9.61,-0.0022,0.0009,-0.0022,0.0005,-0.2014,-0.0812
9611,9.611,0.0036,-0.0017,-0.0025,0.0031,0.008,0.1524
9612,9.612,0.001,-0.0039,-0.0038,0.0028,0.09,0.2236
9613,9.613,0.0004,-0.0032,-0.0067,-0.0022,0.1152,0.2881
9614,9.614,-0.0003,-0.0002,-0.0045,0.0014,0.1379,0.3466
9615,9.615,0.0003,0.0027,-0.0019,0.002,0.118,0.1883
9616,9.616,-0.0002,-0.0021,-0.007,0.0025,0.1366,0.8129
9617,9.617,-0.0017,-0.0004,-0.0107,0.0051,0.3892,0.7281
9618,9.618,0.0053,0.0025,-0.0142,-0.0018,0.2814,0.1854
9619,9.619,-0.0062,-0.0011,-0.0099,-0.007,0.0513,-0.168
9620,9.62,0.0015,0.0011,-0.0152,-0.0154,-0.0983,-0.2335
9621,9.621,0.0056,-0.0028,-0.0146,-0.0075,-0.1259,-0.2925
9622,9.622,-0.0031,0.0007,-0.019,-0.0065,-0.1016,-0.2405
9623,9.623,0.0002,-0.0005,-0.0104,-0,-0.1241,-0.193
9624,9.624,-0.0028,0.0043,-0.0118,-0.0008,-0.1038,-0.5863
9625,9.625,-0.0018,0.0012,-0.0109,0.0044,-0.3074,-0.9565
9626,9.626,-0.0043,0.0028,-0.0121,0.0025,-0.3888,-0.4281
9627,9.627,-0.002,0.0076,-0.0115,0.0008,-0.1174,0.0654
9628,9.628,-0.0012,0.0018,-0.0125,-0.0008,0.0637,0.2586
9629,9.629,-0.0053,-0.0004,-0.015,0.0018,0.0973,0.3175
9630,9.63,-0.0012,0.0045,-0.0132,0.0007,0.1274,0.2653
9631,9.631,-0.0016,0.0002,-0.013,0.0021,0.1007,0.2176
9632,9.632,0.0006,0.0007,-0.0138,0.0057,0.0764,0.3485
9633,9.633,0.0011,-0.0008,-0.0126,0.0036,0.2332,0.8647
9634,9.634,0.0008,-0.0005,-0.0118,0.0076,0.4165,0.6541
9635,9.635,0.0013,-0.0017,-0.0142,0.0102,0.1947,0.0772
9636,9.636,0.0003,-0.0007,-0.0136,0.01,-0.0145,-0.1566
9637,9.637,-0.0002,-0.0003,-0.0186,0.0097,-0.0965,-0.2281
9638,9.638,0.001,0.0034,-0.0149,0.004,-0.1216,-0.2929
9639,9.639,0.0028,0.0022,-0.0113,-0.0088,-0.1443,-0.2355
9640,9.64,-0.0003,0.0018,-0.0176,-0.0106,-0.1243,-0.183
9641,9.641,0.0028,-0.0017,-0.0175,-0.0156,-0.1429,-0.8078
9642,9.642,0.0016,0.0052,-0.02,-0.0017,-0.3954,-0.8933
9643,9.643,-0.0002,-0,-0.0175,-0.0036,-0.2876,-0.1961
9644,9.644,-0.0011,-0.0031,-0.0182,-0.0015,-0.055,0.1868
9645,9.645,-0.0001,0.0015,-0.0181,0.0036,0.1097,0.2818
9646,9.646,-0.0038,0.0024,-0.0254,-0.0071,0.1398,0.3677
9647,9.647,-0.0034,0.003,-0.0286,-0.0057,0.113,0.291
9648,9.648,-0.009,0.0037,-0.0248,-0.0069,0.1377,0.2211
9649,9.649,-0.002,0.0032,-0.0138,-0.0013,0.0705,0.541
9650,9.65,-0.0029,0.0015,-0.0025,-0.0002,0.3351,0.9481
9651,9.651,-0.0037,-0.002,-0.0045,0.0044,0.3712,0.4725
9652,9.652,-0,0.0049,0.0047,0.0052,0.1411,-0.1046
9653,9.653,0.0035,-0.0003,0.0181,0.0121,-0.1283,-0.1835
9654,9.654,-0.0023,0.0005,0.0195,0.0148,-0.1652,-0.2546
9655,9.655,-0.0001,-0.0037,0.014,0.0123,-0.1329,-0.3192
9656,9.656,-0.0037,-0.0059,0.012,0.0038,-0.1035,-0.3777
9657,9.657,-0.0007,-0.0052,0.0156,-0.0018,-0.0767,-0.4306
9658,9.658,-0.0048,0.0005,0.0239,-0.0008,-0.2001,-0.9592
9659,9.659,-0.0023,-0.0002,0.0267,-0.0149,-0.402,-0.6079
9660,9.66,-0.0035,0.0019,0.0211,-0.0291,-0.2125,-0.0312
9661,9.661,0.0028,-0.0012,0.0143,-0.0199,0.0098,0.2026
9662,9.662,-0.0036,-0.004,0.0044,-0.0114,0.0997,0.2741
9663,9.663,-0.0028,-0.0088,-0.0047,-0.0069,0.1271,0.3389
9664,9.664,-0.0066,-0.0105,-0.0106,-0,0.1518,0.2814
9665,9.665,-0.0116,-0.011,-0.0078,-0.0012,0.1295,0.2291
9666,9.666,-0.0121,-0.0085,-0.0203,0.002,0.1091,0.7577
9667,9.667,-0.0081,-0.0034,-0.0053,0.0092,0.3868,0.8284
9668,9.668,-0.0047,-0.0014,0.0129,0.01,0.2679,0.2522
9669,9.669,-0.0069,-0.003,0.02,0.0125,0.087,-0.1363
9670,9.67,-0.0006,0.0022,0.0401,0.0132,-0.0779,-0.2078
9671,9.671,0.0021,0.0058,0.0591,0.0096,-0.1084,-0.2724
9672,9.672,0.0028,0.01,0.0517,0,-0.136,-0.331
9673,9.673,0.0034,0.0071,0.0313,-0.0125,-0.1118,-0.1729
9674,9.674,-0.0002,0.0106,0.0122,-0.0041,-0.0897,-0.5091
9675,9.675,-0.0007,0.0056,-0.0002,-0.0026,-0.3136,-0.9025
9676,9.676,-0.0013,-0.0037,0.002,-0.0152,-0.3437,-0.4268
9677,9.677,0.0054,-0,0.0041,-0.027,-0.1539,0.0225
9678,9.678,0.0062,0.001,-0.0014,-0.0316,0.0686,0.1983
9679,9.679,0.0139,0.002,-0.0064,-0.0276,0.0989,0.2523
9680,9.68,0.0066,-0.0007,-0.0017,-0.0087,0.1263,0.3012
9681,9.681,0.0074,-0.0049,0.0025,-0.0006,0.151,0.2581
9682,9.682,0.0081,-0.0056,0.0015,0.0066,0.0839,0.2979
9683,9.683,0.0029,-0.0021,-0.0039,0.0044,0.2262,0.8394
9684,9.684,-0.0007,0.0037,-0.0006,0.0105,0.393,0.6077
9685,9.685,0.0009,0.0089,-0.0031,0.0197,0.2361,0.1146
9686,9.686,0.0049,0.004,0.0031,0.0147,0.0117,-0.2066
9687,9.687,-0.0008,-0.0003,-0.0018,0.0131,-0.0783,-0.2657
9688,9.688,0.0028,0.0014,-0.0008,0.0117,-0.1058,-0.319
9689,9.689,0.0048,0.0009,-0.0022,0.0129,-0.1306,-0.2714
9690,9.69,0.0043,-0.0042,-0.0023,0.016,-0.1085,-0.2278
9691,9.691,0.0026,-0.0035,-0.0025,0.017,-0.1289,-0.7439
9692,9.692,0.002,-0.003,-0.0082,0.0048,-0.4066,-0.8144
9693,9.693,0.0032,-0.0025,-0.0069,0.0065,-0.2878,-0.2381
9694,9.694,0.0061,-0.002,-0.0028,0.0049,-0.0348,0.1507
9695,9.695,0.0003,-0.0009,-0.0087,0.009,0.0645,0.2224
9696,9.696,-0.0023,-0.0029,-0.0074,0.0027,0.0949,0.2874
9697,9.697,-0.0001,-0.0019,-0.0076,-0.0098,0.1224,0.2301
9698,9.698,0.0019,0.0005,-0.0051,-0.0115,0.0982,0.1778
9699,9.699,0.0014,-0.0046,-0.0089,-0.01,0.0761,0.5144
9700,9.7,-0.0002,0.0018,-0.0136,-0.003,0.3001,0.908
9701,9.701,0.0023,0.0009,-0.011,0.0007,0.3897,0.4325
9702,9.702,-0.0027,0.0016,-0.0088,0.0063,0.1456,-0.0165
9703,9.703,0.0008,-0.0004,-0.0066,0.001,-0.0847,-0.1923
9704,9.704,0.0026,0.0053,-0.0025,0.0056,-0.1151,-0.246
9705,9.705,0.0031,0.0046,-0.0089,0.0065,-0.1425,-0.2947
9706,9.706,0.0006,0.0039,-0.0053,0.0087,-0.118,-0.2513
9707,9.707,0.0003,-0.0019,-0.0057,0.0022,-0.0956,-0.2909
9708,9.708,0.0015,0.0019,-0.0026,0.01,-0.1971,-0.8321
9709,9.709,-0.002,0.0012,-0.0106,0.0048,-0.4007,-0.6003
9710,9.71,-0.0051,0.0029,-0.0045,-0.0016,-0.2109,-0.1069
9711,9.711,-0.0038,0,-0.0093,-0.0008,0.0117,0.2148
9712,9.712,-0.0028,0.0058,-0.008,-0.0092,0.102,0.2741
9713,9.713,0.0005,0.0006,-0.0102,-0.0124,0.1297,0.3277
9714,9.714,0.0002,-0.0015,-0.0076,-0.0029,0.1547,0.2802
9715,9.715,-0.0023,0.0002,-0.0066,-0.0017,0.1328,0.237
9716,9.716,0.0016,-0.0003,-0.0046,-0.0094,0.1128,0.7532
9717,9.717,0.0022,-0.0008,-0.0096,-0.0084,0.3907,0.8238
9718,9.718,0.0053,-0.0019,-0.0073,-0.0037,0.2722,0.2478
9719,9.719,0.005,-0.0039,-0.0127,-0.0028,0.0915,-0.1408
9720,9.72,-0.0007,-0.0004,-0.0118,0.0042,-0.0732,-0.2124
9721,9.721,-0.0031,0.0058,-0.0095,-0.0003,-0.1034,-0.2773
9722,9.722,-0.0053,0.0016,-0.0051,-0.0027,-0.1307,-0.3359
9723,9.723,-0.0003,-0.0036,-0.0078,-0.002,-0.1063,-0.178
9724,9.724,-0.0044,-0.0016,-0.0041,0.0017,-0.084,-0.5145
9725,9.725,-0.0039,-0.001,-0.0037,-0.0013,-0.3078,-0.908
9726,9.726,-0.0023,-0.0027,-0.0076,-0.0053,-0.3971,-0.4324
9727,9.727,-0.0026,-0.0032,-0.0041,-0.0067,-0.1528,0.0167
9728,9.728,0.0014,-0.001,-0.0029,-0.0036,0.0779,0.1926
9729,9.729,0.0009,0.0011,-0.0018,0.0029,0.1085,0.2463
9730,9.73,-0.002,-0.0024,-0.0055,0.0038,0.1361,0.2948
9731,9.731,-0.004,-0.0012,-0.0045,0.0048,0.112,0.2517
9732,9.732,-0.005,0.0008,-0.0043,0.0056,0.0899,0.2915
9733,9.733,-0.0026,-0.0002,-0.0081,-0.0036,0.1918,0.8328
9734,9.734,0.0025,0.0022,-0.0106,-0.0123,0.3957,0.601
9735,9.735,0.0005,0.0006,-0.0121,-0.0044,0.2061,0.1076
9736,9.736,0.0023,-0.0019,-0.0089,0.003,-0.0162,-0.2137
9737,9.737,0.0018,-0.0016,-0.0095,0.0095,-0.1063,-0.273
9738,9.738,0.0023,-0.0026,-0.0043,0.0053,-0.1337,-0.3264
9739,9.739,0.0012,0.0017,-0.0099,0.0032,-0.1095,-0.279
9740,9.74,-0.0008,0.0022,-0.0109,0.0039,-0.132,-0.2357
9741,9.741,-0.0011,0.0018,-0.013,-0.003,-0.1118,-0.7519
9742,9.742,0.0006,0.0065,-0.0117,-0.0075,-0.3896,-0.8226
9743,9.743,0.0002,0.0049,-0.0137,-0.0015,-0.3502,-0.2465
9744,9.744,0.0028,0.0066,-0.0111,0.0007,-0.025,0.1421
9745,9.745,-0.0012,-0.0012,-0.0132,-0.0003,0.0867,0.2303
9746,9.746,-0.0002,-0.0016,-0.0201,0.0032,0.1309,0.3013
9747,9.747,-0.0053,-0.0019,-0.0252,0.0027,0.0916,0.238
9748,9.748,-0.0059,-0.0022,-0.0299,0.008,0.1279,0.1804
9749,9.749,-0.0076,-0.0012,-0.0189,0.0115,0.0951,0.5501
9750,9.75,-0.0059,0.0013,-0.011,0.0072,0.3037,0.8867
9751,9.751,-0.0012,0.0064,-0.0009,0.0008,0.385,0.4935
9752,9.752,0.0031,0.0085,-0.0083,-0.0001,0.163,0.0164
9753,9.753,0.0048,0.0028,-0.0077,0.0036,-0.0464,-0.1769
9754,9.754,0.0043,0.0022,-0.016,0.0101,-0.1284,-0.3521
9755,9.755,0.0073,-0.0071,-0.0175,0.0109,-0.1533,-0.4055
9756,9.756,0.0044,-0.0033,-0.0207,-0.0007,-0.176,-0.2619
9757,9.757,-0.0013,-0.0023,-0.0221,-0.0125,-0.1153,-0.2185
9758,9.758,0.0012,-0.0053,-0.0233,-0.008,-0.171,-0.8142
9759,9.759,0.0005,-0.0098,-0.0174,-0.0067,-0.4236,-0.7295
9760,9.76,0.0012,-0.0039,-0.005,-0.0005,-0.2434,-0.0319
9761,9.761,-0.0031,-0.0016,0.0038,0.0027,-0.0131,0.2505
9762,9.762,-0.0014,0.0048,0.0084,-0.0005,0.1365,0.3366
9763,9.763,0.0011,0.004,0.0155,0.004,0.1098,0.26
9764,9.764,0.0023,0.0033,0.0191,-0.002,0.1345,0.3306
9765,9.765,0.0011,-0.0073,0.0048,-0.0014,0.1123,0.2667
9766,9.766,0.0036,0.0003,-0.0049,-0.0092,0.1325,0.6734
9767,9.767,-0.0017,0.0017,-0.0104,-0.0082,0.3731,0.832
9768,9.768,0.0005,0.0005,0.0061,-0.0091,0.3403,0.3028
9769,9.769,-0.0015,-0.0027,0.0123,-0.0117,0.0711,-0.0506
9770,9.77,-0.0058,-0.0037,0.014,-0.014,-0.0379,-0.2441
9771,9.771,-0.0029,0.0027,0.008,-0.0233,-0.0714,-0.3031
9772,9.772,0.0006,0.0001,0.006,-0.0246,-0.1017,-0.2513
9773,9.773,0.0009,0.0008,0.0012,-0.0121,-0.1292,-0.2038
9774,9.774,0.0005,0.0015,0.0106,-0.0071,-0.105,-0.5098
9775,9.775,0.0008,-0.0002,0.0192,0.0005,-0.3517,-0.9469
9776,9.776,-0.0038,-0.002,0.0179,0.0045,-0.4505,-0.5403
9777,9.777,0.0005,-0.0004,0.0168,0.0056,-0.1821,0.0423
9778,9.778,-0.0036,-0.0017,0.023,-0,0.0709,0.2758
9779,9.779,0.0011,0.0012,0.0271,-0.0116,0.1043,0.2065
9780,9.78,0.0053,0.0037,0.034,-0.0131,0.1343,0.271
9781,9.781,0.0048,-0.0016,0.033,-0.0007,0.1073,0.2133
9782,9.782,-0.001,-0.0009,0.0425,0.0078,0.1319,0.2661
9783,9.783,0.0012,-0.0003,0.0336,0.0092,0.1989,0.8907
9784,9.784,-0.0037,0.0014,0.0187,0.0078,0.4227,0.6356
9785,9.785,0.0005,0.0018,-0.0037,0.014,0.2736,0.0927
9786,9.786,-0.0012,0.0023,-0.0008,0.015,-0.0253,-0.2605
9787,9.787,0.0003,0.0011,-0.0088,0.0139,-0.0657,-0.198
9788,9.788,0.0006,-0.0029,-0.0064,0.0147,-0.1023,-0.2568
9789,9.789,-0.0006,-0.0014,-0.0084,0.0138,-0.1355,-0.3102
9790,9.79,0.0019,-0.0018,-0.0062,0.0022,-0.106,-0.1663
9791,9.791,0.0016,-0.0022,-0.0042,-0.0097,-0.1333,-0.7343
9792,9.792,0.0005,0.0003,-0.0023,-0.0021,-0.3552,-0.812
9793,9.793,-0.0037,-0.0021,-0.0066,0.0104,-0.3256,-0.3194
9794,9.794,-0.0054,-0.0039,-0.0023,0.0086,-0.0813,0.1299
9795,9.795,-0.006,-0.0014,-0.0057,0.0041,0.0835,0.1894
9796,9.796,-0.0024,-0.0067,-0.0044,0.0081,0.1138,0.2431
9797,9.797,-0.0036,-0.0167,-0.0071,0.0118,0.1412,0.2918
9798,9.798,0.0002,-0.0127,-0.0003,0.0086,0.1168,0.2485
9799,9.799,-0.0023,-0.0065,-0.0024,0.0075,0.0946,0.4469
9800,9.8,0.0007,-0.001,-0.009,0.0011,0.2778,0.9164
9801,9.801,0.0003,-0.0001,-0.004,-0.0084,0.4011,0.4689
9802,9.802,0.0061,0.0007,-0.0061,-0.0047,0.1545,-0.0556
9803,9.803,0.0001,0.0032,-0.0049,0.0102,-0.076,-0.268
9804,9.804,0.0054,0.0024,-0.0081,-0,-0.1065,-0.2051
9805,9.805,0.006,0.003,-0.0107,-0.0056,-0.134,-0.2639
9806,9.806,0.0018,0.0025,-0.0062,0.0028,-0.1098,-0.2115
9807,9.807,0.0035,-0.0028,-0.0073,0.0013,-0.0876,-0.2598
9808,9.808,0.005,-0.0065,-0.0047,-0.0001,-0.1893,-0.9149
9809,9.809,0.0019,0.0004,-0.0063,0.0036,-0.3929,-0.6344
9810,9.81,0.0015,0.0088,-0.0063,0.0092,-0.2575,-0.0375
9811,9.811,-0.001,-0.0015,-0.0069,0.0061,0.0142,0.1965
9812,9.812,0.0013,0.0081,-0.0075,-0.0042,0.1231,0.2683
9813,9.813,-0.0038,0.0092,-0.0053,-0.0001,0.0908,0.333
9814,9.814,-0.0002,0.006,-0.0048,-0.0114,0.1209,0.2755
9815,9.815,0.0003,0.0049,-0.0066,-0.016,0.1483,0.2229
9816,9.816,0.0019,0.0041,-0.0056,-0.0146,0.1239,0.6554
9817,9.817,-0.0028,0.0049,-0.007,-0.0058,0.3705,0.8299
9818,9.818,0.0029,0.0012,-0.0031,0.0021,0.3379,0.3539
9819,9.819,0.0036,0.0047,-0.0064,0.0074,0.0691,-0.0954
9820,9.82,-0.0014,0.0016,-0.0123,-0.0048,-0.112,-0.1549
9821,9.821,0.0017,-0.0012,-0.0147,-0.0132,-0.0797,-0.3142
9822,9.822,-0.0048,0.0013,-0.0198,-0.0025,-0.1098,-0.2668
9823,9.823,0.0011,0.0025,-0.0162,-0.0066,-0.1371,-0.2236
9824,9.824,0.0004,0.0054,-0.0167,-0.0028,-0.1126,-0.5016
9825,9.825,-0.0045,-0.0004,-0.0171,0.0028,-0.2695,-0.9712
9826,9.826,-0.0014,0.0022,-0.0094,0.0019,-0.412,-0.5238
9827,9.827,-0.0019,-0.0016,-0.0105,-0.0008,-0.1711,0.0007
9828,9.828,0.0006,0.0034,-0.0116,-0.0033,0.0594,0.2132
9829,9.829,-0.0045,-0.0009,-0.0109,-0.001,0.0899,0.2782
9830,9.83,-0.0009,0.0021,-0.012,-0.0003,0.1175,0.3366
9831,9.831,-0.0051,-0.0026,-0.0099,-0.002,0.1424,0.2843
9832,9.832,0.0001,0.0043,-0.0081,-0.0002,0.0754,0.2364
9833,9.833,-0.0019,0.0035,-0.0114,0.0076,0.1772,0.8917
9834,9.834,-0.0014,0.0061,-0.0134,0.0067,0.4181,0.6112
9835,9.835,-0.0019,0.0024,-0.0185,0.0098,0.2541,0.1844
9836,9.836,0.0016,-0.0011,-0.0183,0.0144,-0.0149,-0.2042
9837,9.837,0.0038,0.002,-0.0158,0.017,-0.1238,-0.2757
9838,9.838,-0.0001,0.0037,-0.0147,0.0055,-0.0914,-0.3404
9839,9.839,0.0014,-0.0031,-0.0173,-0.013,-0.1215,-0.2829
9840,9.84,0.0026,-0.0039,-0.0181,-0.0203,-0.1488,-0.2305
9841,9.841,-0.0021,-0.003,-0.0236,-0.0091,-0.1243,-0.6629
9842,9.842,0.0036,-0.0023,-0.0176,-0.007,-0.3709,-0.8377
9843,9.843,-0.0001,-0.0029,-0.0223,-0.0126,-0.3383,-0.3617
9844,9.844,-0.0008,-0.0033,-0.0206,-0.0075,-0.0694,0.0877
9845,9.845,-0.0025,0.0031,-0.0275,-0.003,0.1116,0.2634
9846,9.846,-0.0005,0.0003,-0.027,0.0018,0.098,0.2776
9847,9.847,0,-0.0022,-0.0267,0.0031,0.1312,0.3309
9848,9.848,0.0006,0.0031,-0.0203,0.0043,0.1613,0.187
9849,9.849,0.0017,0.0024,-0.0216,0.0074,0.0802,0.4055
9850,9.85,0.0021,0.0055,-0.0263,0.0064,0.2526,0.9218
9851,9.851,0.0031,0.0027,-0.0153,0.0018,0.4096,0.5703
9852,9.852,0.0028,0.0022,-0.0006,0.006,0.1856,-0.0069
9853,9.853,0.0025,-0.0007,-0.0031,0.0097,-0.0237,-0.2406
9854,9.854,0.0031,-0.0004,0.0094,0.0032,-0.1057,-0.312
9855,9.855,-0.0007,-0.0022,0.0072,-0.001,-0.1798,-0.2487
9856,9.856,-0.0024,-0.006,0.0113,-0.008,-0.1579,-0.3071
9857,9.857,0.0023,-0.0045,0.0095,0.0042,-0.1378,-0.2547
9858,9.858,0.004,-0.0032,0.0153,0.0059,-0.1564,-0.8794
9859,9.859,0.0012,-0.0029,0.0139,-0.0017,-0.4089,-0.7948
9860,9.86,-0.0014,-0.0032,0.0165,-0.0031,-0.2287,-0.2521
9861,9.861,-0.0002,-0.0084,0.0097,-0.0019,0.0015,0.2417
9862,9.862,-0.0014,-0.0062,-0.0035,0.0037,0.0916,0.3067
9863,9.863,-0.0024,0.0016,-0.0021,-0.0036,0.1191,0.3655
9864,9.864,0.0008,-0.0036,0.0061,-0.0121,0.1438,0.3132
9865,9.865,0.0005,-0.0044,0.0073,-0.0224,0.1217,0.2653
9866,9.866,0.003,0.0034,0.0083,-0.0184,0.1015,0.6585
9867,9.867,-0.0022,-0.0039,0.0143,-0.0071,0.3793,0.8172
9868,9.868,0.0015,-0.0047,0.0196,0.0005,0.3399,0.3843
9869,9.869,0.0022,-0.0072,0.0224,0.0074,0.087,-0.1404
9870,9.87,-0.0035,-0.0065,0.0249,0.0037,-0.0779,-0.2121
9871,9.871,-0.0029,-0.0016,0.0256,0.0115,-0.1083,-0.2768
9872,9.872,-0.0008,0.0026,0.0154,0.0125,-0.1358,-0.2195
9873,9.873,0.0009,0.0032,0.0167,0.0117,-0.1115,-0.167
9874,9.874,-0.0032,0.0067,0.0254,-0.0012,-0.0894,-0.4075
9875,9.875,-0.0099,0.0037,0.0285,0.0007,-0.2727,-0.9757
9876,9.876,-0.0053,-0.0019,0.0379,0.0091,-0.3961,-0.5889
9877,9.877,-0.0028,-0.0026,0.0317,0.0107,-0.1944,0.0456
9878,9.878,-0.0021,-0.0132,0.0214,0.0093,0.0503,0.3026
9879,9.879,-0.007,-0.0087,0.0006,0.0056,0.0838,0.2265
9880,9.88,0.0013,0.001,-0.0081,-0.0115,0.114,0.2974
9881,9.881,0.0045,0.0047,-0.0052,-0.0188,0.1413,0.234
9882,9.882,0.0056,0.0015,-0.0027,-0.0076,0.117,0.2925
9883,9.883,0.0048,0.0045,-0.0091,0.0066,0.1841,0.8737
9884,9.884,0.0073,0.009,-0.011,-0.0026,0.408,0.6421
9885,9.885,0.0021,0.0065,-0.0163,-0.0178,0.2591,0.149
9886,9.886,0.0028,0.0028,-0.011,0.0006,0.0146,-0.1724
9887,9.887,-0.0002,0.0021,-0.0061,0.003,-0.0847,-0.2317
9888,9.888,-0.0031,-0.001,-0.0018,-0.0125,-0.1149,-0.2853
9889,9.889,0.0047,0.0007,-0.0002,-0.0024,-0.1422,-0.334
9890,9.89,0.0037,0.0032,0.0011,0.0069,-0.1179,-0.2034
9891,9.891,0.0027,-0.0019,-0.0015,0.0085,-0.0957,-0.64
9892,9.892,-0.0018,-0.0039,-0.0057,0.007,-0.3604,-0.9309
9893,9.893,-0.001,0.0003,-0.0061,0.0084,-0.3245,-0.3493
9894,9.894,-0.0016,0.0019,-0.005,0.0121,-0.0944,0.1941
9895,9.895,0.0019,0.0055,-0.001,0.0111,0.0555,0.2658
9896,9.896,-0.0011,0.0051,-0.0074,0.0121,0.0833,0.3307
9897,9.897,0.0006,0.0071,-0.0097,0.0129,0.1082,0.2734
9898,9.898,0.0011,0.0036,-0.0083,0.0087,0.1308,0.2211
9899,9.899,-0.0011,0.0014,-0.0085,0.0003,0.1107,0.4615
9900,9.9,-0.004,0.0025,-0.0073,0.0035,0.2774,0.9422
9901,9.901,-0.0029,-0.0025,-0.0137,-0.0102,0.3896,0.4947
9902,9.902,-0.0026,-0.0032,-0.0104,-0.012,0.1657,-0.0296
9903,9.903,-0.0036,-0.0002,-0.0107,-0.0069,-0.0436,-0.242
9904,9.904,-0.0034,0.0038,-0.0122,-0.0208,-0.0713,-0.307
9905,9.905,0.0005,0.0074,-0.0123,-0.0227,-0.0963,-0.2497
9906,9.906,0.001,0.0023,-0.0112,-0.0074,-0.1189,-0.3029
9907,9.907,0.0058,0.0043,-0.0078,-0.0013,-0.0988,-0.2551
9908,9.908,0.0041,0.0012,-0.0057,0.0006,-0.1543,-0.8231
9909,9.909,0.0024,-0.0028,-0.0082,0.0057,-0.4066,-0.7463
9910,9.91,0.0029,-0.0044,-0.0089,0.0011,-0.2984,-0.1123
9911,9.911,0.0007,-0.0013,-0.0065,0.0052,-0.0024,0.1447
9912,9.912,-0.004,0.0007,-0.0071,-0.0011,0.1174,0.2234
9913,9.913,0.0002,-0.0029,-0.0044,-0.0001,0.0819,0.2944
9914,9.914,-0.0003,-0.0071,-0.001,-0.0032,0.1152,0.231
9915,9.915,-0.0018,-0.0007,-0.0054,-0.0005,0.0857,0.1734
9916,9.916,0.0012,0.0002,-0.0068,0.0037,0.1129,0.649
9917,9.917,0.0033,0.0009,-0.0049,0.009,0.3841,0.8411
9918,9.918,-0.0009,-0.0056,-0.0041,0.0012,0.3483,0.3175
9919,9.919,-0.005,-0.0115,-0.0051,0.0065,0.0527,-0.1762
9920,9.92,-0.0025,-0.0121,-0.0028,-0.0075,-0.0669,-0.2418
9921,9.921,-0.0067,-0.0086,-0.0084,-0.0095,-0.1035,-0.3008
9922,9.922,0.0021,0.0009,-0.0107,-0.0001,-0.1366,-0.2487
9923,9.923,0.0009,0.0023,-0.0084,-0.0018,-0.107,-0.201
9924,9.924,0.0019,0.0035,-0.0103,-0.0032,-0.0801,-0.4196
9925,9.925,-0.0011,-0.0021,-0.0144,0.012,-0.2524,-0.9361
9926,9.926,0.0016,0.0052,-0.0079,0.0019,-0.4093,-0.5848
9927,9.927,-0.0027,0.0006,-0.0121,0.0001,-0.1852,-0.008
9928,9.928,-0.0005,-0.0019,-0.0114,-0.0016,0.0241,0.2258
9929,9.929,0.0002,0.0034,-0.0108,-0,0.1061,0.297
9930,9.93,-0.004,-0.0002,-0.0114,-0.0041,0.1311,0.2334
9931,9.931,-0.0012,0.0056,-0.0143,-0.0078,0.1538,0.2918
9932,9.932,-0.0069,0.0004,-0.0139,-0.0022,0.0932,0.2391
9933,9.933,-0.0032,0.0039,-0.0143,-0.0012,0.1488,0.8637
9934,9.934,-0.0012,0.0035,-0.0132,-0.0021,0.4013,0.779
9935,9.935,0.0019,0.003,-0.0097,0.0022,0.2934,0.2364
9936,9.936,0.0024,-0.0028,-0.0149,0.0028,-0.0025,-0.1169
9937,9.937,0.0059,0.001,-0.0114,0.0093,-0.1222,-0.1822
9938,9.938,0.0037,0.0003,-0.0132,0.0068,-0.0866,-0.2408
9939,9.939,0.0017,-0.0039,-0.0197,0.0046,-0.1197,-0.2941
9940,9.94,-0.0009,-0.001,-0.0173,0.0025,-0.0902,-0.1503
9941,9.941,0.0008,-0.0015,-0.0152,-0.0017,-0.1174,-0.6309
9942,9.942,0.0025,0.0054,-0.0089,0.0024,-0.3391,-0.9511
9943,9.943,0.0044,-0.0019,-0.0031,0.0102,-0.3692,-0.3115
9944,9.944,0.0015,0.0027,-0.0026,0.007,-0.1249,0.1159
9945,9.945,0.004,-0.0033,-0.0034,-0.0003,0.1057,0.1947
9946,9.946,0.0036,0.002,0.0034,-0.003,0.0765,0.2659
9947,9.947,0.0014,0.0016,0.0012,-0.004,0.1251,0.2847
9948,9.948,0.0045,-0.0019,-0.0054,-0.0083,0.1524,0.2213
9949,9.949,0.0009,-0.0025,-0.0183,0.0002,0.0789,0.3957
9950,9.95,-0.0021,0.0028,-0.0315,0.0033,0.2806,0.8715
9951,9.951,-0.0018,0.0007,-0.0401,0.0064,0.4163,0.552
9952,9.952,-0.0044,0.0065,-0.0263,0.0055,0.1944,0.0275
9953,9.953,-0.009,0.0042,-0.0246,-0.0074,-0.0149,-0.1849
9954,9.954,-0.0047,0.0007,-0.0129,-0.0167,-0.0968,-0.2499
9955,9.955,-0.0031,0.0023,-0.0023,-0.0151,-0.1218,-0.3088
9956,9.956,-0.0046,-0.0006,0.0016,-0.0045,-0.1892,-0.2565
9957,9.957,0.0005,-0.0041,0.0027,0.0024,-0.1691,-0.2088
9958,9.958,0.004,0.0001,0.0058,0.0061,-0.1876,-0.864
9959,9.959,0.0035,-0.0005,0.0172,0.0071,-0.4064,-0.7708
9960,9.96,0.0006,0.002,0.037,0.0166,-0.2575,-0.174
9961,9.961,-0.0019,0.0024,0.0449,0.0078,-0.0131,0.2147
9962,9.962,-0.0031,0.0012,0.0471,0.0088,0.0862,0.2863
9963,9.963,0.0016,-0.0014,0.0582,0.0078,0.1165,0.2232
9964,9.964,-0.0027,0.0003,0.056,0.0014,0.1439,0.282
9965,9.965,-0.001,-0.0048,0.0429,-0.0115,0.1197,0.2296
9966,9.966,-0.0015,-0.0097,0.0208,-0.0134,0.0974,0.6621
9967,9.967,0.0007,-0.0114,0.0058,-0.0083,0.3621,0.8369
9968,9.968,-0.0014,-0.0026,0.003,-0.0068,0.3264,0.3612
9969,9.969,-0.0011,-0.0038,-0.0044,-0.0082,0.0963,-0.088
9970,9.97,-0.0001,0.0065,-0.0157,-0.0144,-0.0535,-0.2637
9971,9.971,0.0036,0.0024,-0.0138,-0.0222,-0.0811,-0.3172
9972,9.972,0.0024,-0.0013,-0.0045,-0.017,-0.1059,-0.2698
9973,9.973,0.0053,-0.0023,-0.0029,-0.0049,-0.1284,-0.2265
9974,9.974,0.0043,0.0008,0.0047,0.0002,-0.1488,-0.425
9975,9.975,0.0059,0.0054,0.0143,0.0017,-0.2784,-0.9664
9976,9.976,0.0029,-0.0005,0.0131,0.003,-0.3963,-0.5797
9977,9.977,-0.0029,0.0002,0.0121,0.0067,-0.1666,0.0548
9978,9.978,0.0013,0.0051,0.007,0.0077,0.0639,0.3117
9979,9.979,0.0035,-0.0007,-0.007,0.0066,0.0944,0.2355
9980,9.98,-0.0029,-0.0106,-0.0374,0.0039,0.122,0.3064
9981,9.981,-0.0004,-0.0066,-0.0329,0.0117,0.1469,0.2428
9982,9.982,0.0018,-0.0054,-0.0366,0.0064,0.1249,0.1851
9983,9.983,-0.0046,0.0002,-0.0257,0.0055,0.1454,0.7662
9984,9.984,-0.0021,0.0033,-0.0223,0.0012,0.4233,0.6893
9985,9.985,-0.0073,0.0024,-0.0134,0.0006,0.3046,0.1962
9986,9.986,-0.0024,-0.0035,-0.0213,0.0055,0.0518,-0.2531
9987,9.987,-0.0007,0.0003,-0.0235,-0.0003,-0.113,-0.3126
9988,9.988,0.001,-0.0004,-0.0211,-0.001,-0.0836,-0.2606
9989,9.989,0.0045,0.0039,-0.0108,0.001,-0.1109,-0.2132
9990,9.99,-0.0016,0.0055,-0.005,0.0027,-0.1355,-0.17
9991,9.991,0.001,0.0081,-0.0065,0.0044,-0.0684,-0.6069
9992,9.992,-0.0028,0.0084,-0.0047,0.0018,-0.3329,-0.8978
9993,9.993,-0.0034,0.0073,-0.0004,0.004,-0.369,-0.3167
9994,9.994,-0.0029,0.0048,-0.0064,0.0028,-0.1388,0.0718
9995,9.995,0.0023,0.0038,-0.0071,0.0024,0.0707,0.284
9996,9.996,-0.0012,-0.0013,-0.0099,0,0.0985,0.2208
9997,9.997,0.0004,0.0065,-0.0142,0.0017,0.1235,0.2793
9998,9.998,-0.0025,0.0013,-0.0096,0.0018,0.1462,0.2268
9999,9.999,0.0001,0.0022,-0.0086,0.0016,0.0856,0.3709
10000,10,0.0013,-0.0037,-0.009,0.0018,0.2524,0.9388
10001,10.001,0.0016,0.0015,-0.0082,-0.0011,0.4095,0.5518
10002,10.002,0.0006,0.0051,-0.0108,-0.0046,0.1857,0.0583
10003,10.003,0.0016,0.0021,-0.0079,0.0023,-0.0235,-0.1353
10004,10.004,0.0006,0.0026,-0.0006,0.0033,-0.1052,-0.1946
10005,10.005,0.0004,0.0001,0.0112,0.0024,-0.1301,-0.2483
10006,10.006,0.0002,-0.001,0.0222,0.0083,-0.108,-0.2971
10007,10.007,0.0024,0.0029,0.0265,0.003,-0.1284,-0.2538
10008,10.008,-0.0006,0.0014,0.0305,-0.0076,-0.1469,-0.8496
10009,10.009,0.0014,-0.0037,0.0364,-0.0152,-0.3993,-0.7652
10010,10.01,0.0072,-0.0016,0.0252,-0.0056,-0.2912,-0.2228
10011,10.011,0.003,-0.0047,0.021,-0.0144,-0.0608,0.1303
10012,10.012,0.0008,-0.0087,0.0116,-0.0066,0.0891,0.1956
10013,10.013,-0.0041,-0.0051,0.0057,-0.0013,0.0627,0.2543
10014,10.014,0.0042,-0.0009,0.0004,0.0014,0.1369,0.3076
10015,10.015,0.0075,-0.0049,0.0121,0.0039,0.1149,0.1638
10016,10.016,0.0022,-0.0034,0.02,-0.0013,0.0948,0.557
10017,10.017,-0.0023,-0.0012,0.0105,-0.0062,0.3357,0.927
10018,10.018,-0.0014,0.0027,0.0119,-0.0031,0.3688,0.3981
10019,10.019,-0.0007,-0.005,0.0065,0.0021,0.1,-0.0956
10020,10.02,-0.0014,-0.0082,0.0056,0.0057,-0.081,-0.1611
10021,10.021,0.0017,-0.003,-0.0046,0.0063,-0.1145,-0.2201
10022,10.022,0.0012,-0.0021,-0.0196,0.0046,-0.085,-0.2734
10023,10.023,0.0037,-0.0046,-0.0215,0.0094,-0.1123,-0.2258
10024,10.024,-0.0032,-0.004,-0.0231,0.0077,-0.088,-0.3568
10025,10.025,-0.0062,-0.0019,-0.028,0.0025,-0.2449,-0.9524
10026,10.026,-0.0053,0.0023,-0.0385,-0.0024,-0.3874,-0.527
10027,10.027,-0.0062,0.004,-0.048,-0.0054,-0.1837,0.0161
10028,10.028,-0.0069,0.0066,-0.0441,-0.0058,0.0067,0.2289
10029,10.029,-0.0019,0.0005,-0.0336,0.001,0.0811,0.2942
10030,10.03,-0.0024,0.0065,-0.0265,0.0056,0.1038,0.2371
10031,10.031,0.0028,0.0012,-0.0176,0.0047,0.1244,0.2906
10032,10.032,0.0021,0.0048,-0.0025,-0.0067,0.1062,0.243
10033,10.033,0.0038,0.0006,0.0118,-0.0186,0.1567,0.8111
10034,10.034,0.0033,-0.0023,0.0101,-0.0047,0.3864,0.7344
10035,10.035,0.0059,-0.0048,0.0052,0.0083,0.288,0.2416
10036,10.036,0.0028,-0.0018,0.0008,0.0067,0.0189,-0.2074
10037,10.037,-0.0036,0.0011,-0.0059,0.0052,-0.0901,-0.2667
10038,10.038,-0.0009,0.0046,-0.002,-0.0045,-0.1236,-0.3202
10039,10.039,-0.0034,-0.0015,0.0059,0.0018,-0.0943,-0.2724
10040,10.04,-0.0071,0.0044,0.0051,-0.0014,-0.1217,-0.2287
10041,10.041,-0.0036,-0.0041,-0.0032,0.008,-0.0975,-0.5858
10042,10.042,0.0007,-0.0031,-0.0086,0.0043,-0.3441,-0.9222
10043,10.043,0.0071,0.0042,-0.0136,-0.0013,-0.3773,-0.4413
10044,10.044,0.0079,0.0033,-0.0088,-0.0003,-0.1087,0.1361
10045,10.045,0.0057,-0.001,-0.0164,0.0043,0.0722,0.2152
10046,10.046,0.0063,-0.0017,-0.0132,-0.0086,0.1055,0.2866
10047,10.047,-0.0006,-0.0038,-0.0195,-0.0104,0.1355,0.3512
10048,10.048,-0.0035,-0.0014,-0.0125,-0.002,0.1297,0.2426
10049,10.049,-0.0008,-0.0032,-0.0029,-0.0003,0.1026,0.4173
10050,10.05,-0.0017,-0.0027,-0.0015,0.0012,0.2257,0.8932
10051,10.051,-0.0039,0.0008,-0.0003,0.0026,0.4273,0.5739
10052,10.052,0.0025,0.0019,-0.0054,-0.0012,0.1831,0.0498
10053,10.053,-0.0034,-0.002,0.0088,0.0044,-0.0475,-0.1623
10054,10.054,0.0018,-0.0046,0.0192,0.0074,-0.0781,-0.2272
10055,10.055,-0.0017,0.0004,0.0324,0.0066,-0.1058,-0.2857
10056,10.056,-0.0034,-0.0017,0.0343,0.0023,-0.1309,-0.2332
10057,10.057,-0.0051,-0,0.0176,-0.0014,-0.1089,-0.1853
10058,10.058,-0.0026,0.0028,0.0022,-0.0007,-0.1295,-0.8404
10059,10.059,-0.0022,0.0002,0.0004,-0.0002,-0.4075,-0.7472
10060,10.06,-0.0026,-0.0002,0.0024,-0.0031,-0.289,-0.3206
10061,10.061,-0.0061,0.0045,-0.0025,0.0004,-0.0362,0.223
10062,10.062,-0.0083,0.0002,-0.0039,0.0001,0.0628,0.1543
10063,10.063,-0.0027,0.0007,0.0003,-0.0003,0.0929,0.2191
10064,10.064,-0.0049,0.0022,0.0016,-0.006,0.1202,0.2777
10065,10.065,-0.0028,-0.0001,0.005,-0.0189,0.1448,0.2255
10066,10.066,-0.0011,-0.0004,0.0021,-0.0244,0.0776,0.562
10067,10.067,0.0053,-0.0001,-0.0004,-0.0126,0.3421,0.8681
10068,10.068,0.0044,-0.0005,0.0006,-0.008,0.3782,0.4315
10069,10.069,0.0038,0.0025,0.0029,-0.0011,0.148,-0.0931
10070,10.07,0.0002,-0.0018,-0.0047,0.0027,-0.0615,-0.3053
10071,10.071,-0.0003,0.0035,-0.0076,0.0037,-0.0894,-0.2421
10072,10.072,0.0038,0.0027,-0.0029,0.011,-0.1145,-0.3008
10073,10.073,0.0022,-0.003,-0.0053,0.0083,-0.1372,-0.2485
10074,10.074,0.0035,-0.0024,-0.0015,0.0057,-0.0766,-0.2968
10075,10.075,0.0047,-0.0017,-0.0033,0.0005,-0.2064,-0.9522
10076,10.076,0.0057,-0.0023,-0.0074,0.0025,-0.4254,-0.6718
10077,10.077,0.0005,-0.0111,-0.0032,0.0042,-0.2169,-0.0746
10078,10.078,0.0027,-0.0173,-0.0025,0.0047,0.0276,0.1593
10079,10.079,0.0021,-0.0048,-0.0019,0.0052,0.0609,0.2304
10080,10.08,0.0004,0.0003,-0.0029,0.0055,0.091,0.2949
10081,10.081,0.0033,0.0018,0.0009,0.0043,0.064,0.2372
10082,10.082,0.0028,0.0058,-0.0011,0.0033,0.0887,0.2902
10083,10.083,-0.0003,0.007,-0.0028,0.0057,0.1558,0.8187
10084,10.084,0.0018,0.006,-0.0007,0.0026,0.4204,0.7487
10085,10.085,0.0021,0.007,-0.0021,-0.0009,0.3123,0.3
10086,10.086,-0.0017,0.0061,-0.0021,0.0022,0.082,-0.1084
10087,10.087,-0.0012,0.0053,-0.0032,0.001,-0.0679,-0.2684
10088,10.088,-0.0024,0.006,-0.0028,-0,-0.0955,-0.3175
10089,10.089,0.0032,0.0039,-0.0052,0.0024,-0.1205,-0.2747
10090,10.09,0.001,0.007,-0.0011,0.0013,-0.1431,-0.1563
10091,10.091,0.0074,0.0065,-0.0003,-0.0017,-0.0824,-0.5535
10092,10.092,0.0082,0.0029,-0.0043,0.003,-0.3232,-0.9236
10093,10.093,0.0104,0.0059,-0.0046,0.0014,-0.3562,-0.3951
10094,10.094,0.0084,0.0004,-0.0038,-0.0051,-0.1475,0.0985
10095,10.095,0.0067,-0.0003,-0.0014,-0.0008,0.0429,0.2918
10096,10.096,0.0003,-0.0038,-0.0015,0.0014,0.1173,0.2346
10097,10.097,0.0028,-0.0069,-0.0016,-0.0007,0.14,0.2879
10098,10.098,0.0034,-0.0052,0.0026,-0.0024,0.12,0.2403
10099,10.099,0.0014,0.0026,0.0013,0.0052,0.1017,0.3712
