Frame,Time,EMG_1,EMG_2,EMG_3,EMG_4,EMG_5,EMG_6
0,0,-0.0067,-0.0003,-0.0036,0.001,-0.1243,-0.1557
1,0.001,-0.0014,0.0011,-0.0026,0.0003,-1.3976,-0.6952
2,0.002,-0.0041,0,-0.0002,-0.0047,-1.2134,-0.6168
3,0.003,-0.0049,-0.0055,-0.0036,-0.0024,-0.0573,0.0138
4,0.004,0.0021,-0.0023,0.0023,0.0008,0.6864,0.4336
5,0.005,-0.0082,0.0023,0.0002,-0.0018,0.8109,0.3506
6,0.006,-0.0095,-0.0002,-0.0016,-0.0073,0.674,0.414
7,0.007,-0.0106,0.0006,-0.0009,-0.0034,0.7737,0.4706
8,0.008,-0.0073,-0,0.0044,-0.0067,0.658,0.4055
9,0.009,-0.0042,-0.0041,0.0011,-0.0059,1.4818,0.8706
10,0.01,-0.0015,0.0012,0.0017,-0.0062,1.8005,1.0508
11,0.011,-0.0006,0.0033,0.0002,-0.0064,0.8579,0.519
12,0.012,0.0016,0.0017,0.0029,-0.0065,-0.0248,0.0212
13,0.013,0.0036,0.0058,0.0042,-0.005,-0.1464,-0.1743
14,0.014,0.0053,0.0063,0.0015,-0.0012,-0.256,-0.2347
15,0.015,0.0058,-0.0005,-0.0001,-0.0041,-0.3549,-0.2894
16,0.016,-0.001,-0.0015,0.0004,-0.0042,-0.2753,-0.1478
17,0.017,0.0017,-0.0005,-0.0005,-0.0058,-0.665,-0.454
18,0.018,0.0025,-0.0029,-0.0016,-0.0052,-1.7154,-0.967
19,0.019,0.0004,0.0009,-0.0031,-0.0026,-0.9612,-0.4745
20,0.02,-0.0003,-0.0054,-0.0002,-0.0037,-0.0057,0.0988
21,0.021,0.0014,-0.0045,0.001,-0.0037,0.6088,0.3267
22,0.022,-0.0003,0.0025,-0.0012,0.0003,0.4865,0.3915
23,0.023,0.0022,-0.0058,-0.0003,-0.0031,0.5792,0.3226
24,0.024,0.0011,-0.0025,-0.004,-0.0007,0.6623,0.3752
25,0.025,0.0014,0.0006,-0.0043,-0.0025,0.5672,0.3173
26,0.026,0.0004,0.0034,-0.0036,0.0002,1.5571,1.0284
27,0.027,0.0001,0.001,0.0008,-0.0006,1.4049,0.7121
28,0.028,0.0011,0.0032,-0.0054,0.0006,0.5214,0.2383
29,0.029,-0.0026,-0.0031,-0.0044,-0.0035,-0.2774,-0.1901
30,0.03,0.0022,-0.0039,-0.0049,-0.0028,-0.384,-0.2688
31,0.031,0.0017,-0.0001,-0.0027,-0.0054,-0.4797,-0.3394
32,0.032,0.0057,-0.0049,0.0005,0.0015,-0.5658,-0.2759
33,0.033,0.0042,-0.0031,-0.0022,-0.0048,-0.3357,-0.2184
34,0.034,0.003,-0.0025,-0.0005,-0.0021,-1.2461,-0.7963
35,0.035,0.001,0.0023,-0.0025,-0.0056,-1.6135,-1.0238
36,0.036,0.0067,-0.0018,-0.0027,0.001,-0.592,-0.3889
37,0.037,0.0042,-0.0034,-0.0036,-0.0048,0.365,0.2058
38,0.038,0.0035,-0.0028,0.0011,0.0006,0.4853,0.2809
39,0.039,-0.0014,-0.0049,-0.0045,0.0043,0.5928,0.348
40,0.04,0.0017,0.0007,0.0009,-0.0025,0.4849,0.4084
41,0.041,0.0012,0.0045,0.003,-0.0032,0.3869,0.2316
42,0.042,-0.0023,-0.0004,-0.0026,-0.0039,0.8056,0.4917
43,0.043,-0.0053,0.0027,-0.0032,-0.0016,1.6453,1.0133
44,0.044,0.0011,0.0045,0.0018,0.0005,1.0702,0.5168
45,0.045,0.002,-0.0012,-0.0011,-0.0011,0.1385,-0.0608
46,0.046,-0.0022,0.0041,-0.0027,-0.0026,-0.2373,-0.2931
47,0.047,-0.0015,0.0048,-0.0001,-0.001,-0.3505,-0.2225
48,0.048,0.0049,-0.0009,-0.0042,0.0002,-0.4519,-0.2855
49,0.049,-0.0062,0.0013,-0.0013,0.0007,-0.5431,-0.2266
50,0.05,-0.0016,-0.0051,-0.0007,0.0058,-0.4556,-0.2779
51,0.051,-0.0056,-0.0041,-0.0075,0.0009,-1.6074,-0.9931
52,0.052,-0.0043,-0.0062,-0.0022,0.0005,-1.4344,-0.6809
53,0.053,-0.0053,-0.0041,0.0005,0.0022,-0.3746,-0.2103
54,0.054,-0.0022,-0.0045,-0.0037,0.0037,0.3128,0.216
55,0.055,0.0006,-0.0016,-0.0043,0.0025,0.4378,0.2931
56,0.056,-0.0019,-0.0051,0.0006,0.0014,0.5497,0.3621
57,0.057,-0.0012,0.0001,-0.0024,0.0064,0.4456,0.297
58,0.058,0.0009,-0.0048,-0.0029,0.0029,0.3512,0.2382
59,0.059,0.0004,0.001,-0.0024,-0.004,1.2812,0.815
60,0.06,0.001,0.0004,0.0007,-0.0031,1.6472,0.888
61,0.061,0.0005,0.0011,0.001,0.0028,0.6236,0.3931
62,0.062,0.0028,0.0041,-0,-0.0056,-0.0644,-0.1832
63,0.063,0.0016,0.0013,0.0023,0.0022,-0.4385,-0.2608
64,0.064,0.0013,0.0049,0.0006,0.0011,-0.5503,-0.3302
65,0.065,-0.001,0.0027,0.0019,0.0003,-0.4464,-0.2657
66,0.066,0.0014,-0.002,-0.0015,-0.0022,-0.352,-0.2073
67,0.067,0.0001,-0.0003,-0.0003,-0,-0.7741,-0.5743
68,0.068,-0.0032,-0.002,-0.0016,0.0035,-1.7718,-1.0977
69,0.069,-0.002,-0.0005,0.0009,-0.0034,-1.0813,-0.6027
70,0.07,0.0019,0.0026,0.0026,-0.0007,0.0427,0.1018
71,0.071,-0.0006,0.0037,-0.0019,-0.0032,0.4956,0.1959
72,0.072,0.0016,0.0027,-0.0002,-0.001,0.359,0.2805
73,0.073,0.0023,-0.003,0.0002,0.0003,0.5449,0.35
74,0.074,0.0026,0.0009,-0.0024,-0.0032,0.4193,0.2716
75,0.075,-0.0031,0.0014,-0.0027,-0.0027,0.5304,0.3402
76,0.076,0.0011,0.0074,-0.0008,-0.001,1.6553,1.0385
77,0.077,-0.0011,-0.0003,-0.0027,-0.0016,1.1977,0.7542
78,0.078,-0.0031,0.0027,0.0018,-0.0019,0.2348,0.156
79,0.079,-0.0036,0.0035,0.0013,-0.0007,-0.3892,-0.2318
80,0.08,-0.0007,0.0026,0.0029,-0.0033,-0.5026,-0.3022
81,0.081,0.004,0.0048,0.0013,0.0006,-0.6043,-0.3654
82,0.082,-0.0002,-0.003,0.0001,-0.002,-0.5097,-0.3068
83,0.083,0.0003,0,-0.0003,-0.0071,-0.4236,-0.2533
84,0.084,-0.0022,-0.0008,-0.0061,0.0022,-1.2692,-0.7784
85,0.085,-0.0011,-0.0034,-0.0019,-0.0066,-1.6025,-0.9853
86,0.086,-0.0007,-0.0071,0.0033,-0.0122,-0.6719,-0.2802
87,0.087,0.0043,-0.0022,0.0026,-0.0132,0.2022,0.1887
88,0.088,0.0007,-0.0017,0.0042,-0.0047,0.3165,0.274
89,0.089,0.0002,-0.0022,0.0082,-0.0015,0.4186,0.3505
90,0.09,-0.0015,-0.0037,0.0046,0.0037,0.5106,0.2796
91,0.091,-0.0041,-0.0016,-0.0015,0.0028,0.4238,0.2149
92,0.092,-0.0044,-0.0036,-0.004,-0.0015,0.807,0.5031
93,0.093,-0.0015,0.0021,-0.0034,0.0006,1.7137,1.0795
94,0.094,0.0003,-0.0021,-0.0013,0.0026,1.0855,0.5352
95,0.095,0.0019,0.0048,-0.0019,0.0009,0.0628,-0.0994
96,0.096,0.0036,0.0039,0.001,0.0003,-0.35,-0.1856
97,0.097,0.0017,0.003,-0.0005,0.005,-0.4746,-0.2631
98,0.098,0.0005,-0.0085,-0.0036,0.0032,-0.5867,-0.3327
99,0.099,-0.0013,-0.0236,0.0029,0.0003,-0.4833,-0.2682
100,0.1,0.0001,-0.0135,0.0037,0.0028,-0.3892,-0.3254
101,0.101,-0.003,-0.0005,0.0028,0.007,-1.6595,-1.0081
102,0.102,-0.0034,0.0012,0.0065,0.0086,-1.4721,-0.7248
103,0.103,-0.0009,-0.0004,0.0058,0.007,-0.3085,-0.1273
104,0.104,-0.0061,0.001,0.0075,0.0058,0.4463,0.26
105,0.105,-0.0098,-0.0028,0.0035,0.006,0.583,0.33
106,0.106,-0.0105,0.0004,0.007,0.0002,0.4576,0.2654
107,0.107,-0.0088,0.0034,0.0001,-0.0023,0.5692,0.3224
108,0.108,-0,0.0025,-0.0009,0.0046,0.4646,0.2685
109,0.109,0.0011,0.0033,0.0019,-0,1.3018,0.7934
110,0.11,0.0021,0.004,-0.0023,0.0025,1.6353,0.8602
111,0.111,0.0073,0.0033,-0.0029,0.0031,0.7044,0.2825
112,0.112,0.0027,0.0015,0.002,-0.0019,-0.1705,-0.2601
113,0.113,0.0035,0.0032,0.0003,-0.0036,-0.2854,-0.191
114,0.114,0.0057,0.0079,0.0044,0.0005,-0.3884,-0.2553
115,0.115,0.0007,0.0061,0.0029,-0.0001,-0.4813,-0.313
116,0.116,0.0037,0.0032,0.0033,-0.0004,-0.3954,-0.2597
117,0.117,0.0032,0.0016,-0.0014,-0.0016,-0.7797,-0.4984
118,0.118,0.0046,0.0004,0.0004,-0.0042,-1.8279,-1.0626
119,0.119,0.0034,0.0001,0.0009,0.001,-1.07,-0.519
120,0.12,0.0037,-0.0057,0.0057,-0.0012,-0.1073,0.115
121,0.121,0.0027,0.0038,0.0027,0.0008,0.5189,0.2016
122,0.122,0.0037,0,0.0011,-0.0009,0.4078,0.2797
123,0.123,-0.0001,0.0056,-0.0046,0.002,0.5117,0.3504
124,0.124,0.0029,-0.0017,-0.0024,-0.0015,0.4188,0.2867
125,0.125,-0.0018,0.001,-0.0003,0.0006,0.5044,0.3446
126,0.126,-0.0001,0.0018,-0.0019,-0.0014,1.6655,1.0314
127,0.127,0.0063,0.0087,0.0034,-0.001,1.1686,0.7507
128,0.128,0.0003,0.0023,-0.0014,-0.0027,0.4127,0.1533
129,0.129,-0.0004,0.0031,-0.0031,0.0024,-0.2755,-0.2357
130,0.13,0.0032,0.0024,0.001,0.003,-0.4024,-0.3075
131,0.131,-0.0011,0.0017,-0.0014,0.0014,-0.5169,-0.3726
132,0.132,-0.0006,0.0022,-0.0026,0.0009,-0.6206,-0.3155
133,0.133,-0.0021,-0.0007,-0.0037,-0.0027,-0.3401,-0.2633
134,0.134,-0.001,-0.0043,-0.0026,0.0004,-1.2766,-0.7923
135,0.135,-0.0022,0.0008,-0.0022,-0.0008,-1.6508,-1.0038
136,0.136,0.0004,-0.007,0.0009,0.0011,-0.6299,-0.2999
137,0.137,0.0014,0.0003,-0.0042,-0.0021,0.3333,0.1699
138,0.138,0.0004,-0.0025,-0.0006,-0,0.461,0.2565
139,0.139,-0.0003,-0.0033,-0.0036,0.0003,0.5762,0.3346
140,0.14,-0.0037,-0.0026,-0.0006,0.0042,0.4752,0.265
141,0.141,0.0014,-0.002,-0.0001,0.0007,0.3831,0.2013
142,0.142,0.0007,-0.0014,0.0003,0.0038,0.8096,0.6079
143,0.143,-0.001,-0.0019,-0.0017,-0.0026,1.662,1.0836
144,0.144,-0.0039,0.0016,-0.0027,0.0002,0.8697,0.5078
145,0.145,0.0029,0.0014,0.0005,-0.0006,-0.059,-0.0357
146,0.146,0.0021,-0.0015,-0.0014,0.0016,-0.435,-0.2485
147,0.147,-0.0005,-0.005,-0.0011,-0.0019,-0.3233,-0.3136
148,0.148,-0.0026,-0.0019,-0.0027,-0.0001,-0.4271,-0.2565
149,0.149,-0.002,-0.0031,-0.003,-0.0029,-0.5212,-0.3099
150,0.15,-0.0036,0.0005,0.0012,-0.0003,-0.4362,-0.3582
151,0.151,-0.0031,0.0027,0.0043,-0.0054,-1.5966,-1.0135
152,0.152,0.0016,-0.0002,0.0014,-0.0004,-1.4312,-0.7333
153,0.153,0.0012,-0.0044,-0.0001,-0.0008,-0.3734,-0.1362
154,0.154,0.0017,-0.0015,0.0003,0.0021,0.3157,0.2524
155,0.155,-0.003,0.0001,-0.0018,-0.0003,0.4429,0.3237
156,0.156,-0.0025,0.0013,-0.0021,0.0009,0.5579,0.3884
157,0.157,-0.0019,0.006,0.0011,-0.0038,0.4562,0.3308
158,0.158,-0.0024,0.003,-0.0028,0.0032,0.3634,0.2782
159,0.159,0.0019,0.0036,0.0007,0.0005,1.3003,0.8066
160,0.16,-0.0009,0.0041,0.0029,0.0031,1.6749,0.8772
161,0.161,0.0027,0.0011,0.0008,0.0009,0.6545,0.3008
162,0.162,0.0016,-0.0001,0.0026,0.0003,-0.3079,-0.0881
163,0.163,-0.0004,-0.0004,-0.0013,0.002,-0.435,-0.3005
164,0.164,0.0006,0.0035,0.0012,0.0025,-0.5496,-0.3654
165,0.165,0.0017,0.004,-0.001,0,-0.4479,-0.3081
166,0.166,0.0021,0.001,-0.0007,0.0031,-0.3551,-0.2559
167,0.167,0.0023,-0.0029,0.0017,0.0019,-0.7809,-0.5923
168,0.168,-0.0016,-0.0024,0.0013,-0.0006,-1.7876,-1.0732
169,0.169,0.0049,0.0006,-0.0031,-0.0023,-1.1023,-0.4977
170,0.17,0.0057,-0.0041,-0.0049,-0.0006,0.022,0.0457
171,0.171,-0.0027,-0.0024,-0.0002,-0.0019,0.4772,0.2582
172,0.172,0.0005,0.0016,0.0002,0.0015,0.6161,0.323
173,0.173,-0.0025,-0.0031,-0.0016,0.0011,0.4929,0.3817
174,0.174,-0.0008,-0.0004,-0.001,0.0003,0.5103,0.2707
175,0.175,0.0001,-0.0009,-0.0016,-0.0026,0.6238,0.3236
176,0.176,0.001,0.002,0.0025,0.0016,1.5509,1.0443
177,0.177,0.0017,0.0005,0.0019,-0.0001,1.1779,0.7358
178,0.178,0.0024,0.0055,-0.0017,-0.0048,0.3828,0.0791
179,0.179,0.0019,-0.0051,-0.0049,0.0021,-0.3407,-0.178
180,0.18,0.0024,-0.0006,0.0015,-0.0006,-0.4366,-0.2569
181,0.181,0.0009,0.0035,0.0005,0.0003,-0.5233,-0.3281
182,0.182,0.0031,0.0047,-0.0021,0.0009,-0.4473,-0.265
183,0.183,0.0019,0.0014,0.0015,0.0029,-0.3781,-0.2074
184,0.184,0.0009,0.0004,0.0008,-0.0013,-1.3375,-0.8944
185,0.185,-0.0008,0.0012,0.0012,0.0039,-1.7498,-0.9885
186,0.186,0.0009,0.0003,0.0028,-0.001,-0.6274,-0.3921
187,0.187,-0.0004,-0.0019,0.0002,-0.0005,0.1293,0.1515
188,0.188,-0.0006,-0.0039,-0.0021,0.0011,0.2689,0.2233
189,0.189,0,-0.0056,-0.0034,0.0006,0.3946,0.2881
190,0.19,-0.0032,-0.0051,-0.0009,-0.0064,0.5087,0.3468
191,0.191,-0.001,-0.0036,-0,-0.0034,0.4062,0.1888
192,0.192,-0.0006,-0.0097,-0.0011,-0.0042,0.8741,0.6212
193,0.193,-0.0017,-0.0192,-0.0042,0.0017,1.6404,1.0283
194,0.194,-0.004,-0.0181,-0.0082,-0.0021,0.9194,0.5525
195,0.195,-0.001,-0.001,-0.0098,-0.0028,0.0737,-0.0248
196,0.196,-0.0029,0.0013,-0.0029,-0.0098,-0.2693,-0.2587
197,0.197,-0.0026,0.0079,0.0001,-0.0144,-0.3744,-0.33
198,0.198,-0.0023,0.0099,-0.0008,-0.0169,-0.4696,-0.3947
199,0.199,-0.0009,0.008,0.0069,-0.007,-0.5562,-0.3371
200,0.2,-0.0026,0.0097,0.0038,-0.003,-0.48,-0.2847
201,0.201,-0.001,0.002,-0.0008,-0.0093,-1.5355,-1.0056
202,0.202,-0.0015,0.0034,-0.0034,-0.0103,-1.386,-0.6973
203,0.203,-0.001,0.0045,-0.0041,-0.0073,-0.1505,-0.0406
204,0.204,-0.0037,-0.0011,0.0007,0.003,0.3494,0.2166
205,0.205,-0.0095,-0.0041,0.0064,0.007,0.5021,0.2953
206,0.206,-0.0138,-0.0014,0.0086,0.0107,0.64,0.3664
207,0.207,-0.0085,-0.0006,0.0092,0.0074,0.516,0.3031
208,0.208,-0.005,0.0016,0.0035,0.0064,0.4031,0.2453
209,0.209,-0.0045,0.0009,0.0072,0.0109,1.3297,0.8265
210,0.21,-0.0028,0.0078,-0.0022,0.0031,1.4545,0.9042
211,0.211,0.0019,0.0032,-0.001,0.0041,0.6604,0.2703
212,0.212,0.0049,0.0007,0.0022,0.0068,-0.27,-0.1573
213,0.213,0.0066,0.0013,-0.0008,0.0059,-0.3975,-0.2362
214,0.214,0.004,0.002,0.0037,0.0037,-0.5126,-0.3073
215,0.215,0.007,0.0062,0.0046,0.0044,-0.617,-0.3719
216,0.216,0.005,-0.0003,0.0053,0.0048,-0.3372,-0.198
217,0.217,0.0039,0.0022,0.006,0.0053,-0.9337,-0.5678
218,0.218,0.0016,0,0.0065,0.0058,-1.7859,-1.0966
219,0.219,0.0066,0.0007,0.0024,0.0015,-0.9933,-0.4634
220,0.22,0.003,-0.0051,0.005,0.0032,0.1418,0.1344
221,0.221,-0.0012,-0.0088,0.0101,0.0057,0.295,0.2136
222,0.222,0.0004,-0.0039,0.0037,-0.0012,0.4337,0.2849
223,0.223,-0.0021,-0.0045,0.0012,-0.0023,0.5593,0.3496
224,0.224,0.0021,-0.0028,0.005,0.0023,0.4466,0.2922
225,0.225,0.0037,-0.0003,0.003,0.0031,0.5496,0.3454
226,0.226,-0.001,-0.0014,0,-0.0006,1.5794,0.9701
227,0.227,0.0032,-0.0003,0.0006,-0.0055,1.1684,0.7152
228,0.228,0.0037,0.004,0.0021,-0.0013,0.2938,0.1723
229,0.229,0.0032,0.0035,0.001,-0.0008,-0.2756,-0.181
230,0.23,0.0009,0.0019,-0.0018,0.0039,-0.3811,-0.2461
231,0.231,-0.0011,0.0016,0.0008,0.0009,-0.4764,-0.305
232,0.232,-0.0021,0.0044,-0.0044,0.005,-0.5629,-0.3583
233,0.233,0.0024,0.0009,-0.0065,-0.0018,-0.3317,-0.2145
234,0.234,0.0007,-0.0042,-0.0029,0.0009,-1.3871,-0.8696
235,0.235,-0.0022,-0.0006,-0.0023,-0.0016,-1.539,-0.9636
236,0.236,0.0035,-0.0001,-0.0027,-0.0009,-0.5786,-0.367
237,0.237,0.0042,0.0016,-0.0042,-0.0002,0.2965,0.1767
238,0.238,-0.0007,0.0021,-0.001,0.0028,0.4121,0.2485
239,0.239,-0.0002,-0.0021,-0.0039,-0.0047,0.5162,0.3133
240,0.24,-0.0007,-0.0026,-0.0019,-0.0017,0.6107,0.3722
241,0.241,0.0028,0.0053,0.002,-0.0044,0.3561,0.2144
242,0.242,0.004,0.0021,-0.0046,-0.0035,0.8978,0.647
243,0.243,0.0036,0.0011,-0,-0.0028,1.6719,1.0543
244,0.244,0.0047,0.002,-0.0025,-0.0008,0.9511,0.4732
245,0.245,0.0008,0.0012,0.0013,-0.0002,-0.0815,-0.0701
246,0.246,-0.0007,0.0034,0.0007,-0.0031,-0.2215,-0.2824
247,0.247,0.0005,0.0055,-0.0035,0.0005,-0.3479,-0.3472
248,0.248,-0.0042,-0.0028,-0.0017,-0.0006,-0.4626,-0.2899
249,0.249,-0.0037,0.005,0.0009,0.0023,-0.5667,-0.2377
250,0.25,0.0004,-0.0044,-0.0013,-0.0034,-0.4741,-0.382
251,0.251,-0.0031,-0.0007,-0.0015,0.0008,-1.7513,-1.0372
252,0.252,-0.0019,-0.0039,-0.0005,-0.0013,-1.2047,-0.7566
253,0.253,0.0002,-0.0049,-0.0001,-0.0019,-0.3734,-0.1593
254,0.254,-0.004,-0.0057,-0.0024,-0.0049,0.3836,0.2297
255,0.255,-0.0035,0.0021,0.0014,0.0016,0.523,0.3015
256,0.256,-0.0029,-0.0009,-0.0021,0.0008,0.3999,0.3663
257,0.257,-0.0017,-0.0055,-0.0018,-0.0014,0.5141,0.309
258,0.258,0.0012,-0.0029,0.0038,-0.0033,0.4118,0.2566
259,0.259,0.0016,-0.0022,0.0001,0.0009,1.2544,0.8814
260,0.26,0.0026,0.0027,-0.0005,-0.0019,1.5949,0.967
261,0.261,-0.0024,0.0032,-0.001,0.0017,0.4609,0.2699
262,0.262,-0.0017,0.0037,-0.0015,-0.0005,-0.296,-0.2001
263,0.263,-0.0022,0.0053,-0,0.0025,-0.4358,-0.2866
264,0.264,-0.0038,0.0022,0.0012,0.0067,-0.562,-0.3647
265,0.265,0.002,0.0019,-0.0044,0.0027,-0.4502,-0.295
266,0.266,-0.0002,0.0038,0.0008,0.0023,-0.3481,-0.2316
267,0.267,0.0047,-0.0015,-0.0028,-0.0019,-1.0038,-0.6383
268,0.268,0.003,0.0054,-0.0045,0.0022,-1.7705,-1.1141
269,0.269,0.0036,-0.0049,-0.005,0.0007,-0.8437,-0.5384
270,0.27,0,-0.0062,-0.0003,0.0011,0.0313,0.1599
271,0.271,-0.0012,-0.005,-0.0046,0.0023,0.3741,0.2552
272,0.272,-0.005,0.0027,0.0018,0.0005,0.4789,0.3413
273,0.273,-0.0025,0.0017,-0.0008,-0.0019,0.5739,0.2647
274,0.274,-0.0022,-0.0047,-0.0015,0.0019,0.4898,0.3354
275,0.275,0.0012,-0.0013,-0.0002,-0.0008,0.5723,0.3859
276,0.276,0.0009,0.0046,0.0017,0.0014,1.5787,0.9615
277,0.277,-0.001,-0.0006,-0.0041,0.0018,1.1682,0.7296
278,0.278,0.0036,0.0001,-0.0048,-0.0018,0.2938,0.095
279,0.279,-0.0006,0.0043,-0.0042,-0.0006,-0.2755,-0.162
280,0.28,0.0034,0.0015,-0.0026,-0.0009,-0.3804,-0.2405
281,0.281,0.0009,-0.0021,0.0014,-0.0028,-0.4754,-0.3115
282,0.282,0.002,0.0021,-0.0022,0.0024,-0.5615,-0.3761
283,0.283,0.0049,0.0004,-0.0001,-0.0013,-0.3301,-0.2022
284,0.284,0.0024,-0.0043,0.0002,-0.0033,-1.3851,-0.8891
285,0.285,-0,-0.0085,-0.0002,-0.0016,-1.5365,-0.9832
286,0.286,0.0023,-0.0045,0.0029,0.0001,-0.5755,-0.2163
287,0.287,0.001,-0.007,0.0017,0.0006,0.2999,0.3004
288,0.288,0.0011,-0.014,0.002,0.0057,0.4158,0.2084
289,0.289,0.0004,-0.0234,-0.0033,0.0063,0.5204,0.2943
290,0.29,0.0018,-0.0147,-0.0041,0.0046,0.6154,0.3723
291,0.291,-0.0013,0.0002,0.0052,0.0017,0.3609,0.1619
292,0.292,-0.0078,0.0022,0.004,-0.003,0.9029,0.6096
293,0.293,-0.0142,0.0078,0.0007,-0.0113,1.6771,1.0167
294,0.294,-0.0151,0.0061,0.0037,-0.0058,0.9562,0.4353
295,0.295,-0.0144,0.0137,0.0028,-0.0068,-0.0763,-0.1081
296,0.296,-0.0067,0.0124,0.0003,0.0016,-0.2163,-0.1801
297,0.297,-0.0057,0.0086,0.0024,-0.0016,-0.3423,-0.2451
298,0.298,-0.0066,0.0054,0.0004,-0.0006,-0.4568,-0.3039
299,0.299,-0.0024,0.0064,-0.0014,0.0003,-0.5607,-0.2515
300,0.3,0.0013,0.0037,-0.0009,-0.0023,-0.6548,-0.3957
301,0.301,0.0048,-0.0006,-0.0004,-0.0001,-1.7619,-1.051
302,0.302,0.0053,-0.0013,0.0026,0.0005,-1.3104,-0.7705
303,0.303,0.0001,-0.0033,-0.0002,0,-0.3485,-0.1732
304,0.304,0.0049,0.005,0.0033,-0.0029,0.2775,0.2155
305,0.305,0.0066,0.0017,0.0045,0.0006,0.3927,0.2869
306,0.306,0.0061,-0.0013,0.0048,0.0018,0.4969,0.3517
307,0.307,0.0003,-0.0022,0.0052,-0.0003,0.5912,0.2943
308,0.308,0.004,0.0056,0.0028,0.0016,0.3362,0.2418
309,0.309,0.0046,0.0026,-0.0002,0.0032,1.3423,0.8665
310,0.31,0.0004,0.0072,0.0056,0.0015,1.4798,0.9521
311,0.311,0.0044,0.0029,0.0014,-0.0016,0.6062,0.2548
312,0.312,0.0008,0.0008,0.0036,-0.0072,-0.1901,-0.215
313,0.313,0.002,0.0028,0.003,-0.0141,-0.2957,-0.3016
314,0.314,0.0049,0.0045,0.0072,-0.0169,-0.5782,-0.2251
315,0.315,0.003,0.0028,-0.0004,-0.0074,-0.4945,-0.2959
316,0.316,0.004,-0.005,0.0069,-0.0012,-0.418,-0.2322
317,0.317,0.0029,-0.004,-0.0015,0.002,-0.9106,-0.6389
318,0.318,0.0031,-0.005,0.0018,0.005,-1.7429,-1.0088
319,0.319,0.0019,-0.0023,-0.0012,0.0059,-0.9501,-0.48
320,0.32,0.0017,-0.0031,0.0015,0.0067,-0.0205,0.1549
321,0.321,0.0012,-0.0068,-0.0043,0.0014,0.3558,0.242
322,0.322,-0.0019,-0.0048,-0.0006,0.002,0.4706,0.3205
323,0.323,-0.0022,-0.0078,0.0015,0.0051,0.5745,0.3916
324,0.324,-0.0012,-0.0049,0.0021,0.001,0.4816,0.3283
325,0.325,-0.0009,-0.0002,-0.0043,0.0057,0.5668,0.3866
326,0.326,-0.0032,0.0068,0,0.0052,1.7276,1.0737
327,0.327,0.001,0.0022,0.0023,0.0068,1.2303,0.606
328,0.328,-0.0007,-0.002,0.0017,0.0083,0.1722,0.0089
329,0.329,0.001,-0.0013,0.006,0.004,-0.2423,-0.2249
330,0.33,-0.0016,0.0007,0.002,0.0069,-0.3693,-0.2961
331,0.331,-0.0027,0.0002,-0.0015,0.0033,-0.4839,-0.3607
332,0.332,-0.0016,0.009,-0.0002,-0.0037,-0.5882,-0.3031
333,0.333,0.0027,0.0028,0.0019,-0.0027,-0.4957,-0.2505
334,0.334,-0.0026,0.0038,-0.0038,-0.0054,-1.4324,-0.875
335,0.335,0.001,-0.0057,-0.0029,-0.0079,-1.5579,-0.9605
336,0.336,-0.0007,-0.0019,-0.0006,0.002,-0.5374,-0.2629
337,0.337,-0.0002,-0.0029,-0.0041,0.0007,0.1508,0.2072
338,0.338,-0.0027,0.0002,-0.0023,0.0044,0.2777,0.294
339,0.339,0.0003,-0.0006,0.0018,0.0033,0.6189,0.3724
340,0.34,0.0007,0.002,-0.0006,0.0043,0.5171,0.3031
341,0.341,-0.0018,-0.0002,-0.0067,0.0016,0.4244,0.2398
342,0.342,0.0005,-0.0037,-0.0024,0.0008,1.0203,0.6467
343,0.343,0.0029,0.0046,-0.0016,0.0001,1.7171,1.017
344,0.344,0.0011,0.0037,-0.0036,0.0037,0.8742,0.4884
345,0.345,-0.0018,0.0007,0.0007,-0.0033,-0.1483,-0.1463
346,0.346,0.004,0.0034,-0.001,-0.006,-0.2883,-0.233
347,0.347,-0.0002,0.0026,-0.0024,-0,-0.4145,-0.3112
348,0.348,0.0005,0.0033,-0.0021,-0.0007,-0.5291,-0.3819
349,0.349,-0.0015,-0.0002,-0.0017,-0.0014,-0.4273,-0.3182
350,0.35,-0.0031,0.0028,-0.0006,0.0017,-0.5216,-0.3762
351,0.351,-0.0026,0.0034,-0.0058,-0.0024,-1.7989,-1.0629
352,0.352,-0.0031,-0.0024,-0.0006,-0.0019,-1.2522,-0.5948
353,0.353,0.0031,-0.003,0.0015,0.0003,-0.0889,0.0027
354,0.354,0.0023,0.0005,-0.0027,0.0006,0.3663,0.2368
355,0.355,0.0016,-0.0077,-0.0044,-0.0051,0.5054,0.3085
356,0.356,0.001,-0.0045,0.0024,-0.0026,0.6315,0.3735
357,0.357,0.0041,-0.0035,-0.0022,0.0026,0.5196,0.3163
358,0.358,0.0001,-0.008,0.0003,0.002,0.4176,0.264
359,0.359,0.0007,-0.0002,-0.0003,0.0003,1.4477,0.8889
360,0.36,-0.0035,-0.0054,-0.0053,-0.0014,1.5858,0.8045
361,0.361,-0.0006,0.0049,-0.0048,0.0001,0.4631,0.2621
362,0.362,0.002,0.0009,0.0005,-0.003,-0.2934,-0.2317
363,0.363,-0.0021,0.0072,0.0025,0.0009,-0.4328,-0.297
364,0.364,-0.0016,0.0062,0.0042,-0.0039,-0.5583,-0.3558
365,0.365,0.002,0.0052,0.0024,0.0004,-0.4463,-0.3036
366,0.366,-0.0022,-0.0012,0.005,-0.0037,-0.3438,-0.2559
367,0.367,0.0007,-0.0004,0.0027,-0.0022,-0.9992,-0.649
368,0.368,0.0002,-0.0026,-0.0012,-0.0025,-1.7656,-1.0191
369,0.369,0.0006,0.0067,0.0003,0.0014,-0.8382,-0.4902
370,0.37,0.0003,0.0004,0.0014,0.0039,0.0371,0.1448
371,0.371,-0.0022,-0.0052,0.0011,0.0009,0.3799,0.2317
372,0.372,0.0011,-0.0062,0.0007,-0.0011,0.4849,0.3102
373,0.373,0.0039,0.0002,-0.0039,-0.0037,0.5802,0.3811
374,0.374,0.0004,-0.0006,0.003,0.0016,0.4964,0.3177
375,0.375,0.0008,0.0016,0.0003,0.0053,0.5746,0.376
376,0.376,-0.0004,0.0049,-0.0023,0.0027,1.6671,1.0387
377,0.377,0.0025,-0.0029,0.0002,0.0007,1.1758,0.6693
378,0.378,0.0035,0.0024,-0.0036,0.0012,0.2148,0.0431
379,0.379,-0.0017,0.0015,-0,-0.0017,-0.4732,-0.214
380,0.38,0.002,0.0007,-0.0043,0.0008,-0.3505,-0.2926
381,0.381,-0.0029,0.0044,-0.0049,-0.0034,-0.4648,-0.3636
382,0.382,-0.0012,0.005,-0.0002,-0.0017,-0.5684,-0.3002
383,0.383,0.0005,0.0067,0.0003,-0.0012,-0.4754,-0.2426
384,0.384,0.0011,-0.0021,0.0055,0.0018,-1.4117,-0.9296
385,0.385,0.0007,-0.0211,-0.0039,-0.0021,-1.5367,-0.8365
386,0.386,-0.0013,-0.0293,-0.0051,0.0004,-0.5155,-0.2398
387,0.387,-0.0003,-0.012,-0.0062,0.0034,0.1734,0.1489
388,0.388,-0.0013,-0.0009,-0.0052,0.0013,0.3006,0.2206
389,0.389,0.0004,0.0011,0.0032,-0.0044,0.4155,0.2855
390,0.39,0.0005,0.0066,0.0042,-0.0173,0.5198,0.3443
391,0.391,0.0012,0.0083,0.0052,-0.0117,0.4271,0.1864
392,0.392,-0.0005,0.0037,0.006,-0.0033,1.0235,0.7149
393,0.393,0.0005,0.0077,0.0085,0.0012,1.7209,1.0667
394,0.394,-0.0026,0.004,0.0032,-0.0028,0.8782,0.4908
395,0.395,-0.0029,0.005,-0.0062,0.0009,-0.1439,-0.0527
396,0.396,-0.0033,0.0039,0.0001,0.0019,-0.2836,-0.2653
397,0.397,-0.003,0.0047,0.001,0.0091,-0.4097,-0.3302
398,0.398,0.0007,-0.0048,0.004,0.0064,-0.5241,-0.3892
399,0.399,0.001,-0.0011,-0.0006,0.0055,-0.4221,-0.337
400,0.4,-0.0046,-0.0044,0.0053,0.0048,-0.7033,-0.4815
401,0.401,-0.0009,0.0008,0,-0.0001,-1.8102,-1.0497
402,0.402,-0.0029,-0.0001,0.0078,0.0056,-1.0568,-0.6631
403,0.403,0.0013,0.0041,0.0047,0.005,-0.0951,-0.0286
404,0.404,-0.0064,-0.0059,0.0039,0.0014,0.2818,0.2284
405,0.405,-0.0137,-0.0019,0.003,0.0056,0.397,0.3067
406,0.406,-0.011,-0.0007,-0.0022,0.0051,0.5011,0.3776
407,0.407,-0.0032,-0.0018,0.0013,0.0056,0.5955,0.3141
408,0.408,-0.0002,-0.0091,0.0055,0.006,0.3404,0.2561
409,0.409,0.0024,-0.0194,0.0003,0.0031,1.5011,0.9428
410,0.41,-0.0071,-0.0154,0.0038,-0.0026,1.3359,0.8495
411,0.411,-0.0009,-0.0041,-0.0004,-0.0086,0.5803,0.2524
412,0.412,0.0001,0.0035,-0.0021,-0.0033,-0.3826,-0.1366
413,0.413,0.0031,0.0104,-0.0026,-0.0054,-0.2609,-0.2086
414,0.414,0.0004,0.0141,-0.0038,-0.0037,-0.6023,-0.2736
415,0.415,0.0046,0.0038,0.0018,0.0016,-0.5008,-0.3325
416,0.416,0.0083,0.0078,-0.0019,0.0036,-0.408,-0.1746
417,0.417,0.0004,0.0066,-0.0026,-0.0021,-1.0044,-0.7035
418,0.418,0.0014,0.0076,-0.0043,-0.0014,-1.7018,-1.0556
419,0.419,0.0022,0.0003,-0.0071,-0.0021,-0.8592,-0.4799
420,0.42,0.0014,0.0011,-0.0024,-0.0016,0.1631,0.0634
421,0.421,0.0066,0.0053,-0.0054,0.0013,0.3029,0.2757
422,0.422,0.003,0.0046,-0.0025,-0.0012,0.4291,0.3404
423,0.423,0.0013,0.0039,-0.004,-0.0024,0.5434,0.2828
424,0.424,0.0041,0.0022,0.0021,0.0005,0.4414,0.2302
425,0.425,0.0036,0.0005,-0.0038,-0.0021,0.7225,0.4705
426,0.426,0.0024,0,-0.0016,-0.0031,1.659,1.0384
427,0.427,0.0012,0.0043,0.002,-0.002,1.0362,0.6514
428,0.428,-0.0007,-0.0022,-0.001,-0.0022,0.2407,0.0166
429,0.429,0.0025,0.0056,0.0019,0.0002,-0.2771,-0.2407
430,0.43,0.0021,0.0026,0.0014,0.0026,-0.3729,-0.3194
431,0.431,0.0002,-0.0001,0.0037,-0.0005,-0.4593,-0.2502
432,0.432,0.0005,0.0024,0.0025,-0.0001,-0.5376,-0.3151
433,0.433,0.0042,0.0002,0.0029,0.0017,-0.468,-0.2577
434,0.434,0.003,-0.0047,0.0019,0.0041,-1.4274,-0.9448
435,0.435,-0.0017,-0.003,0.0064,0.0018,-1.5653,-0.852
436,0.436,0.004,-0.0025,0.0047,0.0004,-0.4422,-0.2553
437,0.437,-0.0012,-0.002,0.0022,-0.0002,0.3151,0.1333
438,0.438,0.0008,-0.0042,0.0011,0.002,0.4547,0.2048
439,0.439,0.0003,-0.0029,0.005,0.0007,0.5806,0.2693
440,0.44,-0.0002,-0.0048,0.0003,0.0046,0.469,0.3279
441,0.441,0.0003,-0.0008,0.002,-0.0042,0.3668,0.2755
442,0.442,-0.004,-0.0023,0.0016,-0.0005,1.0226,0.7078
443,0.443,0.0013,0.0019,0.0031,0.0028,1.6192,0.9985
444,0.444,0.0019,0.0049,0.0035,0.0018,0.7677,0.417
445,0.445,0.0014,-0.0019,0.0015,-0.0009,-0.0278,-0.1266
446,0.446,0.0019,0.0066,0.0026,0.0017,-0.339,-0.1984
447,0.447,-0.0006,0.0035,0.0002,0.0024,-0.4339,-0.2634
448,0.448,0.0006,0.0025,0.0019,-0.004,-0.5201,-0.3223
449,0.449,-0.0023,-0.0002,-0.0006,-0.0099,-0.4436,-0.2701
450,0.45,-0.0012,0.0024,-0.0051,0.0002,-0.6547,-0.4146
451,0.451,-0.0022,-0.0013,0.0007,-0.0038,-1.6142,-1.0702
452,0.452,0.0001,0.0007,-0.0045,-0.0026,-1.2033,-0.6023
453,0.453,-0.0041,-0.0023,-0.0025,0.0007,-0.0791,-0.005
454,0.454,-0.0023,-0.0027,-0.0008,-0.0003,0.3767,0.2291
455,0.455,-0.0006,-0.0063,-0.0002,-0.0048,0.5158,0.3006
456,0.456,-0.0011,-0.0032,-0.0028,-0.0022,0.6416,0.3654
457,0.457,0.0012,-0.0028,-0.0005,-0.0015,0.5298,0.308
458,0.458,0.0024,-0.0002,-0.0034,0.0034,0.4278,0.2555
459,0.459,-0.0001,-0.0033,-0.0009,0.0018,1.4579,0.9763
460,0.46,-0.0033,0.0031,-0.0005,0.0013,1.3218,0.874
461,0.461,0.0007,0.0023,-0.0036,0.0039,0.4483,0.2177
462,0.462,0.0023,-0.0001,-0,0.0017,-0.3471,-0.2097
463,0.463,0.0001,0.0022,0.0022,-0.0003,-0.4525,-0.2885
464,0.464,0.0005,0.0016,-0.0025,-0.0007,-0.5473,-0.3595
465,0.465,-0.0005,-0,-0.0009,0.0046,-0.4634,-0.2963
466,0.466,0.0006,0.0005,-0.0037,0.0068,-0.3868,-0.2387
467,0.467,-0.0004,0.0041,-0.0042,0.0033,-1.02,-0.7143
468,0.468,-0.0002,-0.0027,-0.0039,0.0028,-1.7866,-1.0345
469,0.469,-0.0008,-0.0017,0.0017,-0.0001,-0.8592,-0.3948
470,0.47,-0.0001,-0.0044,0.0039,-0.0016,0.0161,0.2029
471,0.471,-0.003,0.0016,-0.001,-0.0004,0.3589,0.2818
472,0.472,0.0006,0.0038,-0.0015,0.0044,0.4633,0.3531
473,0.473,-0.0044,-0.0026,-0.001,0.0001,0.5581,0.2901
474,0.474,0.0005,-0.0034,-0.0026,0.0042,0.4738,0.2327
475,0.475,-0.0012,0.0019,-0.0029,-0.0015,0.7065,0.497
476,0.476,0.0005,0.0039,-0.0032,-0.0009,1.762,1.0258
477,0.477,0.0014,0.0012,-0.0022,0.0008,1.1175,0.617
478,0.478,0.005,0.0018,-0.0004,0.0001,0.0596,-0.0174
479,0.479,0.0038,0.0046,-0.0036,0.0018,-0.3543,-0.2745
480,0.48,0.0009,0.0021,0.002,-0.0011,-0.4808,-0.1983
481,0.481,-0.0033,0.0033,0.0057,-0.0006,-0.595,-0.2692
482,0.482,-0.0004,0.0004,-0.0021,-0.0002,-0.4932,-0.3334
483,0.483,-0.003,0.0001,-0.0031,-0.0015,-0.4004,-0.2757
484,0.484,0.0013,-0.0038,-0.0004,0.0011,-1.5072,-0.9625
485,0.485,-0.0004,-0.0023,-0.0012,0,-1.6587,-0.8694
486,0.486,-0.0009,-0.0054,0.0057,-0.001,-0.4233,-0.2724
487,0.487,0.0021,-0.0025,0.003,0.0015,0.4089,0.2712
488,0.488,0.006,-0.0007,0.0072,-0.0038,0.2607,0.2027
489,0.489,0.0002,0.0046,0.0035,-0.0075,0.6735,0.2674
490,0.49,-0.0005,0.0024,0.0041,-0.0055,0.5502,0.3263
491,0.491,0.0016,-0.0026,-0.0028,-0.0038,0.4378,0.2741
492,0.492,0.0046,-0.0068,-0.0037,-0.001,1.1587,0.7067
493,0.493,0.0017,-0.0028,-0.0029,-0.0026,1.6273,0.9978
494,0.494,-0.0008,-0.0003,0.0024,-0.0014,0.6903,0.3107
495,0.495,-0.0012,-0.0006,0.0017,-0.0018,-0.1847,-0.1589
496,0.496,-0.0009,0.0041,0.0034,-0.0022,-0.3006,-0.2455
497,0.497,-0.0012,0.0035,0.0029,-0.0039,-0.405,-0.3234
498,0.498,-0.0036,0.003,0.0013,-0.009,-0.4999,-0.2537
499,0.499,-0.0013,-0.0006,0.0044,-0.0169,-0.4158,-0.19
500,0.5,-0.0043,-0.0018,0.0004,-0.0139,-0.6484,-0.4806
501,0.501,-0.0032,-0.0015,-0.0021,-0.0093,-1.7039,-1.0618
502,0.502,-0.0022,-0.0041,0.0001,-0.0034,-1.252,-0.675
503,0.503,-0.0074,-0.0024,-0.0003,-0.0028,-0.0159,-0.0402
504,0.504,-0.0159,-0.0035,0.0001,-0.0008,0.4848,0.217
505,0.505,-0.0056,-0.0054,0.0018,0.0008,0.336,0.2957
506,0.506,-0.007,-0.0088,0.0014,0.0049,0.4741,0.3668
507,0.507,-0.0033,-0.0067,0.0021,0.0053,0.5997,0.3035
508,0.508,-0.0002,-0.0039,0.0014,0.0056,0.487,0.2459
509,0.509,-0.0012,-0.0096,0.0052,0.0085,1.4138,0.9329
510,0.51,-0.0004,-0.0208,0.0026,0.0081,1.2899,0.84
511,0.511,0.0038,-0.007,-0.0004,0.0048,0.495,0.2432
512,0.512,0.0016,0.0023,0.0016,0.006,-0.2289,-0.1455
513,0.513,0.0009,0.0005,-0.0002,0.0041,-0.3254,-0.2172
514,0.514,0.0039,0.0081,-0.0012,0.0064,-0.412,-0.2822
515,0.515,0.0022,0.004,-0.0015,0.0033,-0.4905,-0.3409
516,0.516,0.0016,0.0077,-0.0002,0.0014,-0.4209,-0.1831
517,0.517,0.0058,0.0066,0.001,-0.0038,-1.1247,-0.7117
518,0.518,0.0029,0.0096,-0.0022,0.0046,-1.7808,-1.0636
519,0.519,0.0034,0.005,-0.0025,0.0056,-0.8441,-0.3599
520,0.52,0.0084,0.0024,0.0001,0.0003,0.2804,0.11
521,0.521,0.0048,0.0002,-0.0009,0.0048,0.434,0.1969
522,0.522,0.0043,0.0008,0.0022,0.0005,0.5725,0.2751
523,0.523,0.0037,0.0066,0.004,-0.0017,0.4491,0.3461
524,0.524,0.0032,0.0028,-0.0012,0.0032,0.3366,0.2826
525,0.525,-0.0038,0.0063,-0.0064,0.0027,0.6458,0.4569
526,0.526,-0.0028,0.0021,0.0014,-0.0002,1.6763,1.0382
527,0.527,0.0018,-0.0008,-0.0016,0.0033,0.9913,0.6513
528,0.528,0.0026,0.0049,-0.0007,0.0075,0.1166,0.0165
529,0.529,-0.0059,0.0012,0.0019,-0.0001,-0.4526,-0.2406
530,0.53,-0.0003,0.0005,0.0012,0.0029,-0.3518,-0.3192
531,0.531,0.0007,0.0047,-0.0008,0.0037,-0.4468,-0.2498
532,0.532,-0.0002,0.0075,0.0035,-0.0022,-0.533,-0.3144
533,0.533,0.0006,-0.0003,-0.0017,-0.0044,-0.4563,-0.2568
534,0.534,-0.0016,0.0007,0.0019,-0.0024,-1.5115,-0.9439
535,0.535,0.0004,0.0017,0.0002,0.0034,-1.3615,-0.8509
536,0.536,0.0035,-0.0028,0.0008,-0.0004,-0.4002,-0.2541
537,0.537,0.0029,-0.0037,-0.0017,-0.001,0.2261,0.2894
538,0.538,0.0004,-0.003,-0.0014,0.0007,0.3421,0.2206
539,0.539,-0.0026,0.0005,0.0026,-0.001,0.4465,0.2852
540,0.54,-0.0015,0,-0.0021,-0.0025,0.5415,0.3438
541,0.541,-0.004,0.0053,-0.0016,0.0006,0.4572,0.1857
542,0.542,0.0013,0.0017,0.0013,0.0035,1.154,0.7142
543,0.543,-0.0009,0.0048,-0.0012,-0,1.623,0.9253
544,0.544,-0.0003,0.0043,0,-0.005,0.6862,0.3492
545,0.545,-0.0033,0.0028,-0.0029,-0.0014,-0.1887,-0.1946
546,0.546,0.002,0.005,0.0029,-0.0009,-0.3046,-0.2667
547,0.547,-0,0.0003,0.0004,-0.006,-0.4092,-0.3316
548,0.548,0.0005,-0.0066,0.0026,-0.0011,-0.5039,-0.2743
549,0.549,-0,-0.0002,-0.0009,-0.0068,-0.4196,-0.222
550,0.55,-0.0015,-0.0027,0.0008,-0.0015,-0.652,-0.4625
551,0.551,0.0028,-0.0049,-0.0008,-0.0021,-1.7072,-1.0307
552,0.552,0.0033,-0.0013,0.0027,0.0049,-1.2553,-0.6438
553,0.553,-0.0002,-0.0018,-0.0003,-0.0015,-0.0192,-0.0091
554,0.554,0.004,-0,-0.0023,-0.0023,0.4817,0.2478
555,0.555,-0.0012,-0.0058,-0.0004,0.0062,0.3332,0.3261
556,0.556,0.0053,-0.0005,0.0035,0.0031,0.4714,0.2565
557,0.557,0.0011,-0.0053,0.003,0.0001,0.5969,0.321
558,0.558,-0.001,-0.0036,0.0027,0.0028,0.4842,0.2631
559,0.559,0.0026,0.0017,0.003,-0.003,1.6171,0.95
560,0.56,-0.0015,-0.0003,0.0005,-0.0023,1.4671,0.8568
561,0.561,-0.001,0.0028,-0.0034,-0.0002,0.5058,0.2598
562,0.562,0.0027,-0.0012,-0.0019,0.0041,-0.3692,-0.129
563,0.563,-0.0003,0.0024,-0.0049,-0.0011,-0.4848,-0.2007
564,0.564,-0.0006,-0.0005,0.0015,0.0038,-0.5889,-0.2657
565,0.565,0.0037,0.0043,-0.0012,0.0008,-0.4963,-0.3246
566,0.566,0.0054,0.0026,-0.0038,-0.002,-0.4118,-0.2724
567,0.567,0.0019,-0.0002,0.0015,-0.0005,-1.1086,-0.705
568,0.568,0.0042,-0.0017,0.0021,0.0026,-1.7646,-0.9962
569,0.569,0.0014,-0.0004,0.0026,0.0023,-0.8277,-0.4148
570,0.57,-0.0028,-0.0016,-0.0002,-0.0002,0.2969,0.1288
571,0.571,0.0001,-0.0019,0.0013,0.0022,0.4505,0.2005
572,0.572,-0.0034,-0.0035,-0.003,0.0046,0.5891,0.2653
573,0.573,-0.003,-0.0086,-0.0059,0.0021,0.4658,0.324
574,0.574,-0.0042,0.0008,-0.0001,-0.0032,0.3532,0.2717
575,0.575,-0.0023,-0.0004,-0.0054,-0.0038,0.6624,0.512
576,0.576,0.0001,0.0007,0.001,-0.0031,1.6928,1.08
577,0.577,-0.0009,0.0059,-0.0016,-0.0026,1.0076,0.5383
578,0.578,0.003,0.0044,0.0033,0.0035,0.0963,0.0066
579,0.579,0.0017,0.0053,-0.0004,0.0018,-0.2803,-0.2061
580,0.58,-0.0022,0.001,0.0016,0.0033,-0.3956,-0.2713
581,0.581,0.0018,0.0032,-0.0001,-0.0009,-0.4998,-0.33
582,0.582,-0.0007,-0.0032,-0.0019,0.0008,-0.4073,-0.2779
583,0.583,-0.0019,0.0027,0.0006,-0.0028,-0.4931,-0.3264
584,0.584,-0.0015,-0.0057,0.0018,0.0002,-1.6542,-0.9816
585,0.585,0.0027,0.002,0.0021,-0.0018,-1.4892,-0.8886
586,0.586,-0.0002,-0.0032,-0.0005,-0.0037,-0.4318,-0.1213
587,0.587,-0.0049,-0.0006,-0.0002,-0.0054,0.2568,0.1894
588,0.588,-0.0007,0.0003,0.0008,-0.0003,0.3838,0.2844
589,0.589,-0.0036,0.0009,-0.0018,-0.0052,0.4984,0.3703
590,0.59,-0.0031,-0.0011,-0.0001,-0.011,0.6023,0.2936
591,0.591,-0,0.0019,-0.0025,-0.0195,0.3222,0.2238
592,0.592,-0.0021,-0.001,0.0017,-0.0185,1.0885,0.7994
593,0.593,-0.004,-0.0036,0.0099,-0.0028,1.6041,1.032
594,0.594,-0.0008,-0.0014,-0.0026,-0.0006,0.7609,0.3984
595,0.595,-0.0047,-0.0043,-0.0009,-0.0067,-0.035,-0.199
596,0.596,-0.0012,-0.0034,-0.0055,0.0026,-0.3466,-0.2779
597,0.597,-0.0015,0.0018,-0.0069,0.0077,-0.4417,-0.3488
598,0.598,0.0013,0.004,-0.0032,0.0061,-0.528,-0.2854
599,0.599,-0.0029,0.0019,-0.0022,0.0021,-0.4515,-0.3436
600,0.6,-0.0047,-0.0024,-0.0012,0.0108,-0.6626,-0.6077
601,0.601,-0.0012,-0.0042,0.0014,0.0098,-1.622,-1.1363
602,0.602,0.0018,-0.0038,0.0023,0.0088,-1.211,-0.5032
603,0.603,-0.0021,-0.0035,0,0.006,-0.087,0.0944
604,0.604,0.0004,-0.0023,0.0064,0.0018,0.3686,0.3284
605,0.605,-0.0065,-0.0043,0.0005,0.0024,0.5078,0.2596
606,0.606,-0.0139,-0.0026,-0.0002,0.0031,0.6337,0.3245
607,0.607,-0.0093,-0.001,-0.0023,0.0036,0.5215,0.2671
608,0.608,-0.0034,0.0032,0.0047,0.0007,0.4194,0.3203
609,0.609,-0.0042,0.0001,0.0038,0.0022,1.4496,0.9451
610,0.61,-0.0007,-0.0053,0.0046,-0.002,1.3134,0.8605
611,0.611,0.0035,-0.016,-0.0023,0.002,0.4396,0.163
612,0.612,0.0052,-0.0176,0.0041,-0.0016,-0.3562,-0.1194
613,0.613,0.0026,-0.0024,0.0033,0.0006,-0.4615,-0.2057
614,0.614,0.0038,-0.0005,0.0039,-0.0023,-0.5564,-0.2836
615,0.615,0.0076,0.0051,-0.001,-0.0013,-0.4723,-0.3545
616,0.616,0.004,0.0101,0.002,-0.0037,-0.3954,-0.1629
617,0.617,0.0028,0.0085,0.0026,-0.0027,-1.1691,-0.8022
618,0.618,0.0031,0.0044,-0.0042,-0.0008,-1.6844,-1.0578
619,0.619,-0.0005,0.0006,0.0022,-0.002,-0.6539,-0.3606
620,0.62,0.0037,0.0015,-0.002,0.0017,0.3089,0.1095
621,0.621,0.0065,0.0005,0.0002,0.0032,0.4365,0.1962
622,0.622,0.0029,0.005,0.0009,0.0002,0.5513,0.2745
623,0.623,0.0041,0.0024,0.0026,0.0005,0.4498,0.3455
624,0.624,0.002,0.0002,0.0043,-0.0014,0.3569,0.2821
625,0.625,0.0062,0.005,0.0028,0.001,0.783,0.573
626,0.626,0.0057,0.0008,0.0059,0.0013,1.6349,1.0491
627,0.627,0.0031,0.0003,0.0011,-0.0024,1.0688,0.6017
628,0.628,0.0009,0.006,-0.0019,0.0001,0.1396,-0.0391
629,0.629,0.0037,0.0007,-0.0002,0.0044,-0.2369,-0.2959
630,0.63,0.0047,0,-0.0007,-0.0009,-0.3517,-0.2197
631,0.631,0.0001,0.0058,0.0016,0.0027,-0.4557,-0.2906
632,0.632,0.0006,0.0005,0.0004,0.0022,-0.55,-0.3549
633,0.633,0.0011,0.0054,0.0014,0.0027,-0.4651,-0.297
634,0.634,-0.0037,0.0012,0.0004,0.0052,-1.626,-0.9839
635,0.635,-0.0006,-0.0005,-0.0019,0.001,-1.461,-0.8906
636,0.636,-0.0035,0,0.0012,0.0005,-0.4036,-0.1231
637,0.637,0,-0.0022,0.0051,-0.001,0.2851,0.1875
638,0.638,-0.0003,-0.0001,-0.0017,-0.0021,0.4124,0.2825
639,0.639,0.0017,0.0018,-0.0008,-0.0069,0.5269,0.3685
640,0.64,0.0035,-0.0034,0.0001,0.0001,0.6312,0.2918
641,0.641,0.0012,-0.0027,-0.0021,-0.0007,0.3515,0.2221
642,0.642,-0.0025,0.0023,-0.0001,-0.0016,1.118,0.7979
643,0.643,-0.0003,0.0081,-0.0043,-0.0022,1.6338,0.8758
644,0.644,-0.0007,0.0075,-0.0002,-0.0015,0.7908,0.3833
645,0.645,0.0019,0.0069,-0.0007,0.0002,-0.2315,-0.1942
646,0.646,-0.0005,0.0064,0.0015,0.0008,-0.3711,-0.2731
647,0.647,-0.0015,0.006,-0.0014,0.0003,-0.4972,-0.3444
648,0.648,-0.0016,0.0025,-0.0056,0,-0.6114,-0.2812
649,0.649,0.0001,0.0057,-0.0015,0.003,-0.5092,-0.2236
650,0.65,0.0028,-0.0007,-0.0021,0.0027,-0.7904,-0.4879
651,0.651,-0.0017,-0.0051,0.0001,0.001,-1.7271,-1.113
652,0.652,-0.0034,-0.0058,0.003,0.0028,-1.1042,-0.5172
653,0.653,-0.0039,-0.0064,0.002,-0.0002,-0.0821,0.0262
654,0.654,-0.0044,-0.0014,0.0003,-0.0014,0.3322,0.2389
655,0.655,-0.0013,0.003,-0.0021,-0.0064,0.4589,0.304
656,0.656,-0.0024,0.0026,-0.0028,0.0029,0.5736,0.3626
657,0.657,0.0011,0.0084,-0.0035,-0.0008,0.472,0.3104
658,0.658,-0.0031,0.0048,0.0001,0.0024,0.5662,0.3586
659,0.659,-0.0047,0.0056,0.0006,0.0014,1.5026,1.0138
660,0.66,-0.0021,0.0027,-0.0025,0.0006,1.3788,0.7333
661,0.661,-0.0032,0.0011,-0.0046,-0.0003,0.3573,0.1362
662,0.662,-0.0011,0.0027,-0.0021,-0.001,-0.3309,-0.2525
663,0.663,-0.0021,0.005,0.0024,-0.0016,-0.4579,-0.1837
664,0.664,0.0032,0.003,-0.0007,0.0001,-0.5726,-0.3763
665,0.665,-0.002,-0.0026,-0.0013,0.0006,-0.4709,-0.3191
666,0.666,0.0059,0,-0.0019,0.0001,-0.3779,-0.2669
667,0.667,0.0049,-0.0006,0.0002,-0.0002,-1.1442,-0.7956
668,0.668,0.0022,-0.0083,0.0022,-0.0014,-1.6598,-1.0071
669,0.669,0.0014,-0.0051,-0.0015,-0.0004,-0.6291,-0.3033
670,0.67,0.0008,-0.0059,-0.0012,-0.0021,0.3337,0.1664
671,0.671,0.0001,-0.0067,-0.0042,0.001,0.461,0.2529
672,0.672,-0.0003,-0.0029,-0.0039,-0.0001,0.5755,0.331
673,0.673,-0.002,-0.0035,-0.0072,-0.0011,0.4737,0.2613
674,0.674,0.0016,-0.0017,-0.0045,-0.0048,0.3806,0.1978
675,0.675,-0.0006,-0.0012,-0.0027,-0.0018,0.8064,0.4883
676,0.676,0.0023,-0.0016,-0.0004,0.0003,1.658,1.0696
677,0.677,-0.0019,-0.0004,-0.0002,-0.0008,1.0916,0.5277
678,0.678,0.0034,0.0025,0.0022,0.0025,-0.0437,0.0338
679,0.679,0,0.0009,-0.0024,-0.0038,-0.342,-0.2214
680,0.68,0.0036,-0.0001,-0.0036,0.0018,-0.4947,-0.2867
681,0.681,0.0041,0.0016,0.0014,0.0039,-0.6329,-0.3457
682,0.682,0.0046,-0.0035,0.0062,0.0004,-0.5097,-0.2937
683,0.683,0.0031,-0.0041,-0.0008,-0.0002,-0.3974,-0.3423
684,0.684,0.0001,-0.0011,-0.0037,-0.0042,-1.5304,-0.9978
685,0.685,-0.0003,-0.004,0.0005,-0.0017,-1.3807,-0.7177
686,0.686,-0.0028,-0.0065,-0.0018,0.0033,-0.4193,-0.1211
687,0.687,-0.0018,-0.0044,-0.0026,0.0013,0.4562,0.2675
688,0.688,0.0019,-0.0005,-0.001,-0.0005,0.3452,0.3388
689,0.689,-0.0023,-0.0083,-0.0016,0.0012,0.4493,0.2756
690,0.69,0.0018,-0.0255,0.003,0.0017,0.5437,0.218
691,0.691,-0.0018,-0.0232,0.0024,-0.0014,0.2888,0.1653
692,0.692,-0.0021,-0.0029,-0.003,0.0015,1.14,0.7898
693,0.693,-0.0018,0.0051,0.0005,-0.0028,1.7068,1.0455
694,0.694,-0.0022,0.0027,0.0009,-0.0116,0.779,0.348
695,0.695,0.0002,0.0048,-0.0009,-0.0179,-0.0962,-0.122
696,0.696,0.0012,0.0027,0.0048,-0.0076,-0.4389,-0.209
697,0.697,-0.0002,0.0045,0.0025,-0.0036,-0.5436,-0.2875
698,0.698,-0.0026,-0.0108,0.0004,0.0001,-0.4514,-0.3588
699,0.699,-0.0002,-0.0211,0.0034,-0.0009,-0.3674,-0.1675
700,0.7,-0.0021,-0.0156,-0.0007,0.0085,-0.755,-0.5746
701,0.701,-0.0015,0.0029,0.005,0.0048,-1.8106,-1.0506
702,0.702,-0.0008,0.0051,0.0086,0.0037,-1.0569,-0.6032
703,0.703,-0.0014,0.0028,0.0037,0.0007,-0.0947,0.0376
704,0.704,-0.0027,0.0007,0.0042,0.0033,0.282,0.2945
705,0.705,-0.0016,0.0061,0.0024,0.0008,0.3971,0.2182
706,0.706,-0.0014,0.0077,0.0039,0.006,0.5011,0.289
707,0.707,-0.0022,0.0061,0.0051,0.008,0.5953,0.3534
708,0.708,-0.004,0.0073,0.0012,0.0085,0.5107,0.2954
709,0.709,-0.0092,0.006,0.0017,0.0101,1.6716,0.9821
710,0.71,-0.0099,0.0027,0.0039,0.0023,1.1746,0.7015
711,0.711,-0.0068,0.0163,0.0086,-0.0009,0.4185,0.1042
712,0.712,-0.004,0.0106,0.0103,0.0001,-0.27,-0.2847
713,0.713,-0.0015,0.002,0.0086,-0.0026,-0.3972,-0.2162
714,0.714,0.0027,0.0034,0.0009,-0.0069,-0.5122,-0.2812
715,0.715,0.0056,0.0046,-0.0069,-0.0047,-0.6164,-0.3401
716,0.716,-0.0002,0.0033,-0.0016,-0.0027,-0.3365,-0.1824
717,0.717,-0.004,-0.0001,-0.0043,0.0015,-1.2731,-0.8072
718,0.718,0.0053,-0.0054,-0.0017,-0.0002,-1.6478,-0.8931
719,0.719,0.0016,-0.001,-0.0024,0.0024,-0.6277,-0.3509
720,0.72,0.0048,-0.002,0.0026,0.0054,0.3348,0.143
721,0.721,-0.0005,0.0001,-0.0043,-0.0011,0.4618,0.2084
722,0.722,0.0021,-0.002,0.0022,-0.0038,0.5761,0.2672
723,0.723,0.0013,-0.0038,0.0014,-0.0013,0.474,0.3205
724,0.724,0.0049,-0.0091,-0.0007,0.0009,0.3806,0.2727
725,0.725,0.0013,-0.0042,-0.0027,0.0016,0.8061,0.5784
726,0.726,0.003,-0.0001,0.0016,-0.0001,1.6574,1.0153
727,0.727,0.0013,0.0027,-0.0012,0.0004,1.0907,0.4921
728,0.728,0.0007,0.0011,0.0036,-0.0001,-0.0449,-0.0018
729,0.729,0.001,-0.0001,-0.0032,0.0011,-0.5006,-0.1955
730,0.73,0.0013,0.0027,-0.0023,0.0023,-0.3658,-0.2547
731,0.731,-0.0022,0.0069,0.0037,0.0048,-0.4919,-0.3082
732,0.732,0.0038,0.004,0.0032,-0.0004,-0.6064,-0.2608
733,0.733,0.0013,-0.0018,-0.0016,-0.0026,-0.5043,-0.3047
734,0.734,0.0019,0.0004,0.0015,0.0038,-1.722,-0.9004
735,0.735,0.0039,0.0068,0.0021,-0.004,-1.5571,-0.8156
736,0.736,0.0022,0.0009,0.0007,0.0013,-0.1983,-0.1179
737,0.737,0.0039,0.0046,-0.0004,0.004,0.352,0.1648
738,0.738,0.0003,0.0026,0.0009,0.0031,0.5201,0.2514
739,0.739,-0.0009,0.0009,-0.0041,-0.0021,0.6721,0.3296
740,0.74,-0.0038,0.005,0.0024,-0.0041,0.5361,0.2601
741,0.741,0.0019,0.0003,0.0051,-0.0024,0.4121,0.1965
742,0.742,-0.0006,0.0045,0.0014,0.0005,1.2048,0.8361
743,0.743,0.0001,0.0075,0.0022,-0.003,1.5143,0.9219
744,0.744,0.0021,-0.0002,-0.0007,-0.0018,0.6709,0.3798
745,0.745,0.0038,0.0009,-0.0035,-0.0022,-0.1249,-0.114
746,0.746,0.0033,0.004,-0.003,0.0004,-0.4363,-0.1794
747,0.747,0.0018,0.0033,-0.0017,-0.0042,-0.5318,-0.3543
748,0.748,0.0006,-0.0008,-0.0028,-0.0036,-0.4478,-0.302
749,0.749,0.0026,0.0015,-0.0017,-0.0041,-0.3715,-0.2541
750,0.75,0.0023,0.0009,-0.0063,0.0027,-0.8641,-0.5598
751,0.751,-0.0029,0.004,-0.002,0.0019,-1.8239,-1.0761
752,0.752,-0.0006,-0.0035,-0.0014,0.0078,-1.1388,-0.5837
753,0.753,0.0014,-0.0024,-0.0009,0.0009,-0.0145,-0.0063
754,0.754,-0.0002,-0.0049,-0.0039,0.0037,0.441,0.2278
755,0.755,-0.0007,0.003,-0.0019,-0.0022,0.5799,0.2994
756,0.756,-0.0022,-0.0042,-0.0054,0,0.4566,0.3642
757,0.757,-0.0018,-0.0013,-0.0032,-0.002,0.5706,0.3068
758,0.758,-0.0014,0.0066,-0.0003,-0.0025,0.4684,0.3602
759,0.759,-0.0011,0.0036,0.0007,-0.0077,1.6857,0.9852
760,0.76,-0.0049,0.0065,0.0004,0.003,1.1891,0.7305
761,0.761,-0.0013,0.004,-0.0047,-0.0016,0.4329,0.1877
762,0.762,0.0009,0.0035,0.0002,0.0025,-0.2553,-0.1655
763,0.763,-0.0019,0.0056,-0.0015,0.0037,-0.3819,-0.2306
764,0.764,-0.0015,0.004,-0.0044,0.0047,-0.4964,-0.2891
765,0.765,0.0002,-0.0011,-0.0009,-0.0005,-0.6004,-0.3422
766,0.766,-0.0048,-0.0017,0.0003,0.0022,-0.3202,-0.1981
767,0.767,0.0017,-0.0011,-0.0009,-0.0037,-1.2565,-0.8531
768,0.768,0.0025,-0.0015,-0.0035,0.0048,-1.6309,-0.9469
769,0.769,0.0019,-0.0062,-0.0046,0.0016,-0.6104,-0.35
770,0.77,0.004,-0.0044,0.0005,-0.0014,0.3525,0.1939
771,0.771,0.0023,-0.0083,-0.0031,0.0014,0.48,0.2658
772,0.772,0.0052,-0.0067,-0.0015,-0.0011,0.5947,0.3308
773,0.773,0.0048,-0.0024,0.0049,0.0011,0.493,0.2737
774,0.774,0.0018,-0.0018,-0.0011,0.0046,0.4001,0.2214
775,0.775,0.0057,0.003,-0.0033,-0.0011,0.8261,0.5582
776,0.776,0.001,0.0014,-0.0014,-0.0017,1.6779,1.0392
777,0.777,-0.0047,0.0009,-0.0009,-0.0011,0.8852,0.5915
778,0.778,-0.001,-0.0015,-0.0026,0.002,-0.0441,-0.0493
779,0.779,-0.0045,-0.0011,-0.0012,-0.002,-0.4206,-0.3061
780,0.78,-0.0015,0.0065,-0.0046,-0.0005,-0.4454,-0.2753
781,0.781,-0.0009,0.0037,0.0004,-0.001,-0.5595,-0.3533
782,0.782,-0.0004,-0.0014,-0.0004,0.0033,-0.4573,-0.2835
783,0.783,-0.0009,-0.002,-0.0046,0.0004,-0.5513,-0.3477
784,0.784,-0.0012,-0.0025,-0.0006,-0.0021,-1.658,-0.9871
785,0.785,-0.0041,-0.003,-0.0032,0.0009,-1.5079,-0.7321
786,0.786,-0.0015,-0.0077,-0.0003,-0.0003,-0.272,-0.1894
787,0.787,0.0002,-0.0047,-0.0059,0.0001,0.2292,0.1638
788,0.788,0.0012,-0.0064,-0.0022,-0.0045,0.3828,0.2289
789,0.789,-0.0007,-0.0079,-0.0043,0.0038,0.5217,0.2876
790,0.79,0.0005,-0.0018,0.0026,-0.004,0.6477,0.2353
791,0.791,-0.0007,-0.0061,0.0017,-0.003,0.3089,0.1873
792,0.792,-0.0035,-0.0083,0.0042,-0.0038,1.2364,0.8424
793,0.793,-0.001,-0.019,0.0063,-0.003,1.6112,0.9362
794,0.794,-0.002,-0.0236,0.0042,0.004,0.591,0.3395
795,0.795,-0.001,-0.0084,0.0037,-0.0006,-0.0972,-0.2042
796,0.796,-0.0012,0.0017,0.0089,0.0002,-0.4732,-0.2761
797,0.797,-0.0051,0.0072,0.0039,0.0009,-0.3612,-0.3412
798,0.798,-0.0139,0.0021,0.0108,-0.0012,-0.4648,-0.2842
799,0.799,-0.0102,0.0065,0.0099,-0.0029,-0.3715,-0.2322
800,0.8,-0.0024,0.0051,0.0108,-0,-0.7971,-0.5689
801,0.801,-0.0014,0.0013,0.0114,-0.0015,-1.8034,-1.05
802,0.802,-0.0006,0.0002,0.0065,-0.0004,-1.1176,-0.4748
803,0.803,-0.0048,0.0012,-0.003,-0,0.0071,0.0683
804,0.804,0.0004,-0.0035,-0.0044,-0.0019,0.4631,0.2804
805,0.805,0.001,0.0023,-0.0032,0.0004,0.6024,0.345
806,0.806,-0.0007,0.0029,-0,0.0041,0.48,0.2875
807,0.807,0.0057,-0.0007,-0.0011,-0.0001,0.5946,0.2349
808,0.808,0.0082,0.0009,0.0017,-0.0018,0.4928,0.3789
809,0.809,0.003,-0.0009,-0.0009,0.0029,1.7108,1.0339
810,0.81,0.0023,0.0015,-0.0002,0.0059,1.2146,0.753
811,0.811,0.0006,0.0075,-0.0008,0.0018,0.1572,0.1555
812,0.812,0.0046,0.0049,-0.0003,0.0043,-0.2564,-0.2335
813,0.813,0.0071,0.0041,-0.0008,0.0046,-0.3825,-0.3055
814,0.814,0.0002,0.0047,-0.0033,-0.0018,-0.4967,-0.3708
815,0.815,0.0012,0.0004,0.001,-0.0045,-0.6003,-0.3138
816,0.816,0.0039,0.0007,0.0027,-0.0088,-0.3198,-0.2619
817,0.817,-0.0004,-0.0019,-0.0008,-0.0141,-1.2558,-0.8869
818,0.818,0.0033,-0.0032,-0.0011,-0.0177,-1.63,-0.973
819,0.819,0.004,-0.003,0.001,-0.0082,-0.609,-0.2762
820,0.82,-0.0018,-0.0005,-0.0015,-0.0013,0.3541,0.1934
821,0.821,-0.0011,-0.0059,0.0031,0.0049,0.4818,0.2798
822,0.822,0.0053,-0.0007,0.0001,0.0059,0.5969,0.3577
823,0.823,-0.0006,0.0012,0.0007,0.0028,0.4956,0.2878
824,0.824,-0.0028,-0.0005,0.0003,0.0073,0.4031,0.2239
825,0.825,0.002,0.0082,-0,0.0081,0.8292,0.6304
826,0.826,0.0015,0.0044,-0.0011,-0.0019,1.6813,1.0001
827,0.827,0.002,0.0053,0.0008,0.0022,0.8887,0.4711
828,0.828,0.0015,0.0063,0.0012,-0.0016,-0.0405,-0.023
829,0.829,-0.0016,0.0016,-0.0004,-0.0006,-0.4168,-0.2169
830,0.83,0.0013,0.0007,-0.001,-0.0016,-0.5315,-0.2763
831,0.831,-0.0045,0.0044,-0.0011,0.0048,-0.4298,-0.33
832,0.832,0.0014,0.0023,-0.0017,0.0005,-0.5242,-0.2826
833,0.833,-0.0023,0.0065,-0.0003,0.0027,-0.4394,-0.3267
834,0.834,-0.0017,0.0023,-0.0004,0.0007,-1.6004,-0.9225
835,0.835,-0.0034,0.0008,-0.003,0.0001,-1.4352,-0.6677
836,0.836,-0.0017,-0.0023,-0.0019,0.0018,-0.3775,-0.1248
837,0.837,0.0008,-0.002,-0.0028,0.0033,0.3112,0.2285
838,0.838,-0.0022,-0.0017,0.0023,-0.001,0.438,0.2936
839,0.839,0.0007,0.0006,0.0004,0.0031,0.5528,0.3525
840,0.84,0.0017,0.0044,0.0009,0.0026,0.4512,0.3003
841,0.841,-0.0029,0.0013,0.0015,0.0029,0.3586,0.2526
842,0.842,0.0013,0.0025,0.0011,0.0009,1.2951,0.8207
843,0.843,-0.0015,0.0015,0,-0.0017,1.6697,0.8987
844,0.844,0.0042,-0.0009,-0.002,0.0022,0.6491,0.2649
845,0.845,0.0005,0.0008,0.0006,0.0027,-0.3136,-0.1625
846,0.846,0.0012,0.0002,-0.0032,0.0024,-0.4408,-0.2412
847,0.847,0.0017,0.0041,-0.0016,0.0012,-0.5556,-0.3123
848,0.848,0.0012,-0.0011,0.0015,0.0023,-0.4539,-0.3769
849,0.849,0.0017,-0.0004,0.0044,-0.0009,-0.3613,-0.203
850,0.85,0.0029,0.0014,0.0026,-0.0006,-0.9574,-0.5725
851,0.851,0.0008,-0.0026,-0.0006,-0.0031,-1.8095,-1.1011
852,0.852,-0.001,0.0023,0.0006,0.0022,-1.017,-0.4678
853,0.853,-0.0033,-0.0046,-0.0004,-0.0031,0.1182,0.1299
854,0.854,0.0004,-0.0054,0.0013,-0.001,0.2716,0.2092
855,0.855,-0.0038,0.0006,0.0016,0.0007,0.4103,0.2807
856,0.856,0.0003,0,-0.0015,-0.0022,0.5356,0.3456
857,0.857,-0.0022,-0.0048,-0.0071,0.0014,0.423,0.2881
858,0.858,-0.0009,-0.003,-0.0002,-0.0016,0.526,0.3413
859,0.859,-0.0005,0.0058,-0.0066,0.0004,1.7431,0.9663
860,0.86,0.0014,-0.0003,-0.0008,-0.0021,1.246,0.7116
861,0.861,0.0004,0.0008,-0.003,0.0011,0.1879,0.1688
862,0.862,0.0014,0.0061,-0.001,0.0031,-0.2268,-0.1845
863,0.863,-0.0028,0.0035,-0.0005,-0.0004,-0.3538,-0.2495
864,0.864,-0.0022,0.0078,-0.0011,-0.0016,-0.4686,-0.3082
865,0.865,-0.0005,-0.0006,-0.0026,0.0005,-0.573,-0.3614
866,0.866,-0.001,0.0005,-0.003,0.003,-0.2935,-0.2172
867,0.867,-0.0006,0.0016,-0.0034,-0.0022,-1.4007,-0.8723
868,0.868,-0.0009,-0.0029,-0.0053,0.003,-1.5526,-0.9661
869,0.869,0.0016,-0.002,-0.0002,0.0037,-0.5922,-0.3692
870,0.87,-0.0007,-0.0026,0.002,-0.0005,0.2827,0.1748
871,0.871,0.001,-0.0005,-0.003,-0.0022,0.398,0.2469
872,0.872,0.004,-0.0021,-0.0014,0.0036,0.502,0.312
873,0.873,-0.0024,0.0009,-0.002,0.0029,0.5962,0.371
874,0.874,0.0022,0.0015,-0.0026,-0.0035,0.341,0.2132
875,0.875,0.0014,0.0066,-0.0015,-0.0009,0.8826,0.6461
876,0.876,0.0036,0.0018,-0.0055,-0.0046,1.6563,1.0534
877,0.877,0.0029,0.0014,-0.0009,-0.0026,0.9349,0.4724
878,0.878,-0.0001,0.002,0.0007,-0.0009,-0.098,-0.0708
879,0.879,-0.0006,-0.0015,0,-0.005,-0.2384,-0.2829
880,0.88,-0.0041,0.0046,-0.0058,-0.0014,-0.3651,-0.3478
881,0.881,0.0021,0.001,0.0003,0.0002,-0.5145,-0.329
882,0.882,0.0018,-0.0049,-0.002,-0.0048,-0.4027,-0.2713
883,0.883,0.003,0.0051,-0.0028,0.0029,-0.5065,-0.3242
884,0.884,0.0033,0.0011,0.0001,-0.0001,-1.7244,-1.0448
885,0.885,0.0009,-0.0051,-0.0053,0.0026,-1.228,-0.736
886,0.886,-0.0014,-0.0041,-0.0074,0.0017,-0.1707,-0.0791
887,0.887,0.0028,-0.003,-0.0006,-0.002,0.2431,0.1782
888,0.888,0.0011,-0.0057,0.0019,-0,0.3693,0.2569
889,0.889,-0.0006,-0.0048,-0.0024,0.0005,0.4834,0.3281
890,0.89,0.0019,-0.0041,-0.0047,-0.0036,0.5868,0.2648
891,0.891,0.0023,0.0024,-0.0013,0.0011,0.3063,0.2071
892,0.892,0.0002,-0.0035,0.0003,0.0006,1.4128,0.8941
893,0.893,0.0005,0.0064,0.0007,-0.0082,1.5639,0.9882
894,0.894,0.0002,-0.0005,0.0031,-0.0119,0.6027,0.2212
895,0.895,-0.0008,-0.0017,0.0008,-0.013,-0.2729,-0.0892
896,0.896,0.0005,0.0015,0.0027,-0.0077,-0.3891,-0.1842
897,0.897,-0.0019,-0.0058,0.0022,-0.0013,-0.4938,-0.2701
898,0.898,-0.0016,-0.0198,0.0045,-0.0022,-0.5889,-0.3479
899,0.899,-0.0023,-0.0178,0.0061,0.0047,-0.3345,-0.278
900,0.9,-0.003,-0.0123,0.0067,0.0055,-0.8768,-0.5978
901,0.901,-0.0057,-0.0004,0.0059,0.0013,-1.7922,-1.0047
902,0.902,-0.0005,-0.002,0.0021,0.002,-0.9202,-0.529
903,0.903,-0.0105,0.002,0.0035,0.004,0.1019,0.0484
904,0.904,-0.0118,0.0032,0.0046,0.0045,0.5158,0.2823
905,0.905,-0.0156,0.0021,0.0057,0.0061,0.3929,0.3535
906,0.906,-0.01,0.0031,0.0021,-0.0017,0.5071,0.2904
907,0.907,-0.009,0.0004,0.009,0.0061,0.405,0.2329
908,0.908,-0.0006,-0.0005,0.0058,0.0051,0.4987,0.3916
909,0.909,0.0004,0.0001,0.0031,0.0005,1.6055,1.0163
910,0.91,0.0034,0.002,-0.0064,0.0013,1.1536,0.7613
911,0.911,0.0042,0.005,-0.0053,0.0035,0.1917,0.0635
912,0.912,0.0017,0.0045,-0.0064,-0,-0.4345,-0.2189
913,0.913,0.0038,0.0029,-0.0054,-0.0017,-0.3236,-0.3054
914,0.914,0.0058,0.005,-0.0046,0.0023,-0.4278,-0.3835
915,0.915,0.0016,0.001,-0.0038,-0.0002,-0.5228,-0.3139
916,0.916,0.0044,-0.0006,0.0015,0.0001,-0.4384,-0.2502
917,0.917,0.0019,0.0005,-0.0034,0.0013,-1.4447,-0.8896
918,0.918,0.0031,0.0008,-0.0004,0.0023,-1.5826,-0.9752
919,0.919,0.001,-0.005,0.0037,0.0007,-0.4599,-0.2779
920,0.92,-0,-0.0093,0.0062,0.0003,0.2971,0.1921
921,0.921,0.0045,-0.001,0.0074,0.0017,0.4366,0.2788
922,0.922,0.0028,0.0022,0.0063,0.0019,0.5625,0.3571
923,0.923,0.0011,0.0031,0.012,0.0012,0.4503,0.2875
924,0.924,0.0058,-0.0034,0.0095,0.0014,0.3481,0.224
925,0.925,-0.0025,-0.0043,0.0074,0.0028,1.0037,0.6308
926,0.926,0.0031,0.0009,0.0039,0.0001,1.6001,1.0009
927,0.927,0.002,0.0044,0.0009,0.0011,0.9033,0.4722
928,0.928,0.0012,0.0012,-0.0007,0.0028,-0.1291,-0.0217
929,0.929,0.0037,-0.0017,-0.0001,0.0018,-0.2691,-0.2153
930,0.93,0.0015,0.004,0.003,-0.0019,-0.3953,-0.2745
931,0.931,0.0021,0.0032,0.0002,0.0016,-0.5098,-0.3281
932,0.932,0.0038,-0.0017,-0.0001,-0.0005,-0.408,-0.2807
933,0.933,0.0009,-0.0001,-0.0032,-0.0002,-0.5021,-0.4119
934,0.934,0.0014,0.0003,-0.0003,0.0049,-1.7793,-1.0076
935,0.935,0.0036,-0.0013,0.0023,-0.0015,-1.2328,-0.7527
936,0.936,0.0007,-0.0001,0.0001,0.0045,-0.0695,-0.0548
937,0.937,-0.0012,0.0027,-0.0022,-0.0024,0.386,0.2277
938,0.938,-0.0008,-0.0009,-0.0014,-0.0051,0.5253,0.3138
939,0.939,0.0002,-0.0021,-0.0052,-0.0026,0.402,0.3918
940,0.94,-0,0.0026,-0.0034,-0.0019,0.5164,0.3221
941,0.941,0.0012,0.0057,-0.0018,-0.0025,0.4144,0.2582
942,0.942,-0.001,0.0028,-0.0029,-0.0008,1.4444,0.8974
943,0.943,-0.0004,0.0012,-0.0016,-0.0003,1.5823,0.8127
944,0.944,-0.0028,0.0043,-0.0034,-0.0007,0.4597,0.2701
945,0.945,0.0023,0.0063,0.0013,-0.0037,-0.2972,-0.2239
946,0.946,0.003,0.0038,-0.0016,-0.0033,-0.4367,-0.2895
947,0.947,0.0013,0.0055,-0.0044,0.001,-0.5628,-0.3484
948,0.948,-0.0004,0.0005,0.0014,0.0005,-0.4508,-0.2963
949,0.949,-0.0019,0.0012,-0.0007,-0.003,-0.3488,-0.2488
950,0.95,-0.0023,-0.0005,0.0001,-0.0008,-1.0043,-0.6423
951,0.951,-0.0011,0.0001,-0.0041,0.0013,-1.7709,-1.0125
952,0.952,-0.0046,-0.0024,-0.0035,-0.0029,-0.8438,-0.4839
953,0.953,-0.0004,-0.0001,0.0001,0.0012,0.0313,0.1506
954,0.954,-0.0021,0.0004,0.0023,0.0018,0.3741,0.2372
955,0.955,0.0015,-0.0053,-0.0005,-0.0012,0.4789,0.3153
956,0.956,0.0003,0.0026,-0.0023,-0.0041,0.5739,0.2456
957,0.957,-0.0025,0.0016,-0.002,0.0017,0.49,0.3097
958,0.958,-0.0015,0.0102,0.0004,0.0026,0.5679,0.3678
959,0.959,-0.0032,0.0047,0.0006,-0.0011,1.6233,1.0547
960,0.96,-0.0021,0.0078,0.0023,0.0009,1.1716,0.5867
961,0.961,-0.0014,0.0014,-0.0015,-0.0008,0.2099,0.1594
962,0.962,-0.0002,0.0023,0.0043,0.0021,-0.416,-0.2295
963,0.963,0,0.0046,-0.0042,0.0006,-0.305,-0.3011
964,0.964,-0.0031,-0.0031,-0.0032,-0.0016,-0.6146,-0.366
965,0.965,-0.0009,0.0022,-0.0002,-0.0055,-0.5219,-0.3088
966,0.966,-0.0005,0.005,-0.0011,-0.0007,-0.4374,-0.2564
967,0.967,0.0005,-0.0028,-0.0036,-0.0012,-1.4434,-0.8812
968,0.968,-0.0018,-0.0017,-0.0043,-0.0018,-1.5811,-0.967
969,0.969,0.002,0.0011,-0.0093,0.0008,-0.4578,-0.2697
970,0.97,0.0017,-0.0014,-0.0051,-0.0014,0.2994,0.2002
971,0.971,0.0029,-0.0035,-0.0056,-0.0002,0.4391,0.2867
972,0.972,0.0033,-0.0055,-0.0022,-0.0028,0.5655,0.3647
973,0.973,0.0001,-0.0024,-0.0053,-0.0004,0.4535,0.2951
974,0.974,-0.0019,0.0005,-0.0042,0.0046,0.3516,0.2313
975,0.975,0.0024,0.0074,-0.0053,-0.0003,1.0074,0.638
976,0.976,0.0007,0.0047,-0.0021,0.0027,1.604,1.0079
977,0.977,-0.0008,-0.0047,-0.0034,0.0115,0.9075,0.479
978,0.978,0.0023,0.0041,0.0022,0.0001,-0.1249,-0.0148
979,0.979,-0.0006,0.0031,-0.0004,0.0016,-0.2646,-0.2085
980,0.98,0.0013,-0.0041,-0.0028,0.0002,-0.3906,-0.2676
981,0.981,-0.001,0.0024,-0.0022,-0.001,-0.5046,-0.3213
982,0.982,0.0007,-0.001,-0.003,-0,-0.4624,-0.2739
983,0.983,-0.0044,-0.0001,-0.0026,0.001,-0.5656,-0.4184
984,0.984,0.0034,0.0006,-0.0044,-0.0001,-1.7831,-1.074
985,0.985,0.0004,-0.0101,-0.004,-0.001,-1.2861,-0.6062
986,0.986,0.0031,0.0006,-0.0072,0.0049,-0.2281,-0.0091
987,0.987,0.0006,-0.0119,-0.0053,0.0012,0.4608,0.2246
988,0.988,0.0028,-0.0102,-0.0035,-0.0009,0.3388,0.2961
989,0.989,0.0048,-0.0117,-0.0053,0.0007,0.4533,0.3606
990,0.99,-0.0021,-0.002,-0.0017,-0.0034,0.5573,0.3032
991,0.991,0.0043,-0.0009,0.0024,-0.007,0.4646,0.2507
992,0.992,0.0035,0.0002,0.0006,-0.0139,1.4012,0.8753
993,0.993,0.0013,0.0012,0.003,-0.0212,1.5266,0.7905
994,0.994,0.0019,0.0038,0.0032,-0.0091,0.5059,0.2477
995,0.995,0.0024,-0.009,0.0011,-0.0108,-0.1826,-0.2463
996,0.996,-0.0028,-0.0183,0.0006,0.003,-0.3096,-0.3118
997,0.997,-0.0049,-0.0268,0.0009,0.0011,-0.4243,-0.3709
998,0.998,-0.0018,-0.01,0.0032,0.0028,-0.5285,-0.319
999,0.999,-0.0023,0.0012,0.0038,0.0012,-0.4356,-0.1753
1000,1,-0.0008,-0.0131,0.0054,0.0052,-1.0316,-0.656
1001,1.001,-0.0005,-0.0187,0.0031,0.0015,-1.7287,-0.9761
1002,1.002,-0.0002,-0.0036,0.0032,0.007,-0.8858,-0.4527
1003,1.003,0.0001,-0.0016,0.007,0.0018,0.1368,0.1821
1004,1.004,-0.0023,0.004,0.0087,0.0063,0.2768,0.2689
1005,1.005,-0.004,0.009,0.0008,0.0054,0.4031,0.3472
1006,1.006,-0.0026,0.0074,0.004,0.0047,0.5178,0.2778
1007,1.007,0.0007,0.0114,0.007,-0.0002,0.4161,0.2143
1008,1.008,-0.0024,0.0125,0.0097,0.0028,0.6975,0.3889
1009,1.009,-0.0012,0.0093,0.0174,-0.0001,1.6344,1.0759
1010,1.01,-0.0002,0.0082,0.0037,0.0024,1.2612,0.6081
1011,1.011,-0.0019,0.009,-0.0019,0.0046,0.2396,0.0108
1012,1.012,-0.0023,0.0064,-0.0036,0.0034,-0.4488,-0.2229
1013,1.013,0.0019,0.01,0.001,-0.0024,-0.3266,-0.2942
1014,1.014,-0.0039,0.0093,0.0024,0.0001,-0.4407,-0.3588
1015,1.015,-0.0108,0.0034,0.0012,0.0023,-0.5447,-0.3013
1016,1.016,-0.0117,-0.0019,-0.002,0.0016,-0.4518,-0.2486
1017,1.017,-0.0058,0.0087,-0.0009,-0.0026,-1.5585,-0.9692
1018,1.018,-0.0096,0.004,-0.0017,-0.0021,-1.4085,-0.8666
1019,1.019,-0.0047,-0.0001,0.0009,-0.0006,-0.4472,-0.2101
1020,1.02,-0.0005,-0.0013,0.0046,-0.0018,0.179,0.2177
1021,1.021,0.0023,-0.0024,0.0067,0.0011,0.5214,0.2967
1022,1.022,0.0038,-0.0035,0.0026,0.0046,0.4199,0.3681
1023,1.023,0.0026,0.001,0.0043,0.0016,0.5149,0.305
1024,1.024,0.0038,0.0001,0.0029,0.0019,0.4306,0.2475
1025,1.025,0.0056,0.0008,0.0018,0.0001,0.9727,0.6176
1026,1.026,0.0004,0.0001,-0.001,0.0024,1.6064,0.9545
1027,1.027,-0.0003,0.0042,0.0027,0.0008,0.8398,0.474
1028,1.028,0.0032,0.0059,0.0006,0.0038,-0.0896,-0.1031
1029,1.029,0.0037,0.0043,-0.0022,0.0042,-0.4661,-0.1818
1030,1.03,0.0031,-0.0018,0.0022,0.0032,-0.3546,-0.2528
1031,1.031,0.0047,0.0007,-0.0029,-0.0007,-0.4588,-0.3172
1032,1.032,0.005,-0.0015,0.0008,-0.0012,-0.3664,-0.2594
1033,1.033,0.0002,-0.0023,-0.0008,-0,-0.6223,-0.4178
1034,1.034,0.0044,-0.0065,-0.0023,0.0003,-1.7837,-1.0425
1035,1.035,0.0027,-0.0001,-0.0057,-0.0054,-1.2869,-0.6169
1036,1.036,0.0052,-0.0096,-0.0005,-0.0045,-0.2292,-0.0735
1037,1.037,0.0022,-0.0059,0.0003,0.0024,0.4594,0.2801
1038,1.038,0.001,-0.0027,0.0035,0.0016,0.337,0.2176
1039,1.039,-0.0016,0.0025,0.0008,-0.0026,0.4512,0.2765
1040,1.04,0.0016,-0.0002,-0.0006,-0.0019,0.5546,0.33
1041,1.041,-0.004,0.0007,-0.0016,0.003,0.4617,0.2825
1042,1.042,0.0013,0.0014,0.0033,-0.0039,1.3979,0.9379
1043,1.043,0.0033,0.0007,-0.0035,-0.0031,1.523,0.845
1044,1.044,0.0016,0.0002,-0.0025,0.0047,0.5019,0.2483
1045,1.045,0.0056,0.0055,-0.0015,-0.0025,-0.1869,-0.1403
1046,1.046,0.0009,0.0075,0.0008,-0.0016,-0.3142,-0.2119
1047,1.047,0.0039,0.0033,-0.0039,-0.0007,-0.4292,-0.2767
1048,1.048,-0.0001,0.005,0.0004,0.0015,-0.5337,-0.3354
1049,1.049,-0.0027,-0.0027,-0.0023,-0.0033,-0.4414,-0.2829
1050,1.05,-0.0004,-0.0059,-0.0037,-0.0016,-1.0379,-0.7153
1051,1.051,0.0016,-0.0006,-0.0033,0.0014,-1.7353,-1.006
1052,1.052,-0.0002,-0.0014,-0.006,0.0009,-0.8928,-0.4244
1053,1.053,0.0008,-0.0022,-0.0008,0.0013,0.1293,0.1191
1054,1.054,0.0019,-0.0059,-0.0043,0.0011,0.269,0.1911
1055,1.055,0.0021,0.0035,0.0027,0.0001,0.3948,0.2561
1056,1.056,0.0014,-0.0027,-0.0056,-0.0022,0.5091,0.3149
1057,1.057,0.0021,0.0006,-0.0024,-0.0011,0.407,0.2627
1058,1.058,-0.0003,0.0017,-0.0033,-0.0012,0.688,0.407
1059,1.059,-0.0006,0.0044,0.0013,0.0005,1.6246,1.0624
1060,1.06,-0.0024,0.0003,-0.0012,0.0013,1.2512,0.5946
1061,1.061,-0.0007,0.001,-0.0018,-0.0019,0.2293,-0.0028
1062,1.062,0.0005,0.0103,-0.0011,0.0003,-0.4591,-0.2367
1063,1.063,-0.0027,0.0041,-0.0053,-0.0008,-0.337,-0.3081
1064,1.064,0.0004,0.0074,-0.0069,-0.0005,-0.4516,-0.3729
1065,1.065,-0.0007,0.0023,0.0009,0.0028,-0.5556,-0.3154
1066,1.066,-0.0033,-0.0004,-0.0001,-0.0001,-0.4629,-0.2628
1067,1.067,-0.0022,-0.0098,-0.0032,-0.0019,-1.5699,-0.9836
1068,1.068,0.0015,-0.0035,0.0033,0.0013,-1.4202,-0.8813
1069,1.069,-0.0007,-0.0067,-0.001,0.0017,-0.4594,-0.2248
1070,1.07,-0.0018,-0.0036,0.0012,0.0027,0.4158,0.2028
1071,1.071,-0.0014,-0.0063,-0.0037,0.0003,0.3048,0.2816
1072,1.072,-0.0031,-0.0054,-0.0067,0.0013,0.4088,0.3526
1073,1.073,-0.0021,-0.0032,-0.0027,0.0032,0.503,0.2893
1074,1.074,-0.0022,0.0062,-0.0002,-0.0007,0.4186,0.2318
1075,1.075,-0.001,0.005,0.0001,-0.0024,1.1151,0.7075
1076,1.076,-0.0032,0.0019,0.003,0.0044,1.5835,1.0276
1077,1.077,-0.0013,0.0029,-0.0028,-0.002,0.8167,0.3879
1078,1.078,-0.0011,0.0002,-0.0054,-0.0029,-0.1132,-0.0396
1079,1.079,-0.0048,-0.004,-0.0048,-0.0066,-0.2408,-0.2733
1080,1.08,0.003,0.0013,-0.0028,0.0012,-0.3559,-0.3446
1081,1.081,-0.0002,0.0034,-0.0034,0.0042,-0.4602,-0.2813
1082,1.082,0.0008,0.0017,-0.0017,0.0033,-0.3677,-0.2238
1083,1.083,0.0025,-0.0006,-0.0008,-0.0011,-0.66,-0.4496
1084,1.084,-0.0002,-0.0011,0.0017,0.0031,-1.7673,-1.031
1085,1.085,0.0023,-0.0016,-0.0006,0.0024,-1.3156,-0.6443
1086,1.086,0.0001,-0.0019,-0.0054,-0.0012,-0.0793,-0.0098
1087,1.087,0.0008,-0.0023,-0.0097,0.0005,0.421,0.2473
1088,1.088,0.0003,0.0035,-0.0033,-0.0024,0.5739,0.3257
1089,1.089,-0.0014,-0.0024,-0.0059,-0.003,0.4378,0.256
1090,1.09,0.0043,0.0046,0.001,-0.0008,0.5633,0.3205
1091,1.091,0.0006,0.0001,-0.0018,0.0003,0.4508,0.2628
1092,1.092,-0.0015,0.0009,0.0059,0.0007,1.3777,0.9498
1093,1.093,0.0043,-0.0013,0.0068,0.001,1.5028,0.8566
1094,1.094,0.002,-0.0048,0.0059,-0.0028,0.4817,0.2597
1095,1.095,-0.0029,-0.0006,0.005,-0.0025,-0.2067,-0.1291
1096,1.096,-0.0024,-0.0034,0.0012,-0.0014,-0.3339,-0.2007
1097,1.097,-0.0088,-0.0009,-0.0009,-0.0072,-0.4485,-0.2657
1098,1.098,-0.0148,0.0013,0.006,-0.0167,-0.5526,-0.3245
1099,1.099,-0.0096,0.0034,0.0068,-0.013,-0.4599,-0.2723
1100,1.1,-0.0076,0.0015,0.0059,-0.0075,-1.056,-0.705
1101,1.101,-0.0007,0.0025,-0.0011,-0.0023,-1.7533,-0.9959
1102,1.102,-0.0015,-0.0026,0.0034,-0.005,-0.9103,-0.4145
1103,1.103,0.0027,-0.0046,0.0042,-0.0145,0.1124,0.1289
1104,1.104,0.0033,-0.0004,0.0079,-0.0109,0.2524,0.2008
1105,1.105,0.0026,-0.0033,0.0099,0.0016,0.3786,0.2657
1106,1.106,0.0056,-0.0017,0.0041,0.0033,0.4933,0.3244
1107,1.107,0.0015,-0.0014,0.0004,0.0047,0.3916,0.272
1108,1.108,0.001,0.005,-0.0061,0.0033,0.6731,0.4163
1109,1.109,0.0021,0.0042,-0.0002,0.0096,1.6102,1.0717
1110,1.11,0.0068,0.0016,-0.0054,0.0063,0.9879,0.6039
1111,1.111,-0.0027,-0.0053,0.0024,0.0053,0.1931,0.0065
1112,1.112,0.0042,-0.0175,0.0034,0.0079,-0.3241,-0.2274
1113,1.113,0.003,-0.0192,-0.003,0.0053,-0.4194,-0.2989
1114,1.114,0.002,-0.0023,0.0029,0.0031,-0.5056,-0.3636
1115,1.115,0.003,0.0088,-0.0023,0.0066,-0.5836,-0.3062
1116,1.116,0.0002,0.0067,-0.0003,0.0035,-0.3733,-0.2538
1117,1.117,-0.0023,0.0048,-0.002,0.0052,-1.3323,-0.9745
1118,1.118,0.0029,0.0099,-0.0002,0.0077,-1.4699,-0.8721
1119,1.119,0.0035,-0.004,0.0023,0.0035,-0.3464,-0.2157
1120,1.12,0.004,-0.0022,0.0035,0.0051,0.4109,0.2118
1121,1.121,-0.0001,-0.0039,0.0015,0.0026,0.5508,0.2907
1122,1.122,0.0014,0.0006,0.0012,0.0004,0.4281,0.2213
1123,1.123,0.0011,-0.0008,0.0023,0,0.5428,0.286
1124,1.124,-0.0001,0.0029,-0.0001,-0.0042,0.4412,0.2284
1125,1.125,-0.0027,-0.0003,-0.0007,0.001,1.0972,0.704
1126,1.126,0.0012,0.0049,-0.004,0.0046,1.694,1.0243
1127,1.127,-0.0036,0.0041,-0.001,-0.0012,0.8425,0.3846
1128,1.128,0.0007,0.0032,0.0038,0.001,-0.1794,-0.0428
1129,1.129,0.0002,0.0038,0.0022,-0.001,-0.3188,-0.2764
1130,1.13,-0.0004,0.0045,0.0006,0.002,-0.4444,-0.3474
1131,1.131,-0,0.0028,0.0001,0.0037,-0.5585,-0.2842
1132,1.132,0.0003,0.0022,-0.001,0.0002,-0.4562,-0.2265
1133,1.133,-0,-0.0046,-0.0006,-0.0029,-0.7372,-0.4906
1134,1.134,-0.001,-0.0001,0.0005,0.001,-1.844,-1.0193
1135,1.135,0.0013,0.0025,0.0029,0.0026,-1.0904,-0.6678
1136,1.136,0.0007,-0.0091,-0.0014,-0.0025,-0.128,0.0373
1137,1.137,-0.0005,-0.0006,0.0039,0.0011,0.4985,0.32
1138,1.138,0.0032,-0.0022,0.0032,0.0006,0.3877,0.2362
1139,1.139,-0.0015,-0.0008,-0.0009,-0.0011,0.4922,0.3145
1140,1.14,0.0002,0.0003,0.0032,-0.0058,0.5867,0.2449
1141,1.141,-0.0003,0.0013,0.0007,-0.0015,0.5026,0.3092
1142,1.142,-0.0039,0.0003,-0.0004,0.0002,1.509,0.9487
1143,1.143,-0.0042,0.0011,-0.0032,-0.0023,1.373,0.8641
1144,1.144,0.0014,0.0019,0.0004,0.0028,0.4995,0.1666
1145,1.145,0.0021,0.0041,0.0017,0.0035,-0.296,-0.1158
1146,1.146,0.0057,0.0021,-0.0022,0.0018,-0.4011,-0.2022
1147,1.147,-0.0038,0.0038,-0.0026,-0.0022,-0.4958,-0.2802
1148,1.148,0.0003,-0.0003,0.0004,0.0014,-0.5817,-0.351
1149,1.149,0.0015,-0.0038,-0.0016,-0.0008,-0.3501,-0.2874
1150,1.15,-0.0017,-0.0027,-0.0041,0.0005,-1.1239,-0.6939
1151,1.151,-0.0007,-0.0047,-0.0037,0.0002,-1.845,-0.9581
1152,1.152,-0.0034,0.0004,-0.0047,0.0006,-0.8144,-0.4291
1153,1.153,0.0009,-0.0017,-0.004,-0.0024,0.1483,0.065
1154,1.154,0.0002,-0.0022,-0.0047,0.0002,0.2761,0.2587
1155,1.155,-0.0004,-0.0051,-0.001,0.0006,0.3911,0.3176
1156,1.156,0.0054,-0.0016,-0.0015,0.0016,0.4955,0.3711
1157,1.157,0.0002,0.0006,-0.0046,-0.0025,0.4031,0.2277
1158,1.158,-0.0018,0.0035,-0.0008,-0.0008,0.6591,0.4464
1159,1.159,-0.0013,-0.0008,-0.0055,-0.0012,1.6658,1.0423
1160,1.16,0.0005,0.0021,-0.0073,-0.0016,0.9809,0.6169
1161,1.161,0.001,0.0036,-0.0057,0.0006,0.1065,0.0738
1162,1.162,0.0022,0.0048,-0.0042,0.0046,-0.2358,-0.2794
1163,1.163,-0.0006,0.0027,-0.0039,-0.0032,-0.3403,-0.2164
1164,1.164,0.0005,0.0069,-0.0001,-0.0021,-0.4348,-0.275
1165,1.165,-0.0005,0.0052,-0.0027,-0.001,-0.5205,-0.3282
1166,1.166,-0.0028,0.0017,0.0034,-0.0037,-0.4433,-0.2803
1167,1.167,0.0014,-0.0005,0.0007,-0.0011,-1.4981,-0.9354
1168,1.168,-0.0002,-0.0009,0.0029,-0.0062,-1.3478,-0.8422
1169,1.169,0.0039,0.0001,0.0035,0.0002,-0.3863,-0.2451
1170,1.17,-0.0019,-0.0051,0.0029,-0.0006,0.24,0.2987
1171,1.171,0.0004,-0.003,0.0011,-0.0012,0.356,0.2302
1172,1.172,0.0024,-0.0009,0.0015,-0.0032,0.4603,0.2952
1173,1.173,0.0008,0.0008,0.0017,0.001,0.555,0.354
1174,1.174,0.0003,-0.0033,-0.0013,0.0006,0.4708,0.1962
1175,1.175,-0.0001,-0.0069,-0.0032,0.0011,1.1676,0.725
1176,1.176,0.0002,-0.0018,-0.0057,0.0023,1.6366,0.9365
1177,1.177,-0.0026,0.0031,-0.0034,0.0011,0.6998,0.3606
1178,1.178,-0.0036,0.0036,-0.0022,0.0021,-0.1753,-0.1826
1179,1.179,0.0017,-0.0016,-0.0052,-0.0018,-0.2914,-0.2543
1180,1.18,-0.0004,0.0033,-0.0018,0.003,-0.396,-0.319
1181,1.181,-0.0011,0.0027,-0.0022,-0.0001,-0.4908,-0.3776
1182,1.182,0.0032,-0.0013,-0.0003,0.0016,-0.4065,-0.2194
1183,1.183,0.0037,-0.0019,-0.0023,-0.0031,-0.6391,-0.4598
1184,1.184,-0.0018,-0.0011,-0.0036,-0.0001,-1.7896,-1.0737
1185,1.185,-0.0003,-0.0041,-0.0013,-0.0006,-1.1571,-0.5933
1186,1.186,0.0001,-0.0062,-0.0045,0.0023,-0.0478,-0.0161
1187,1.187,0.0004,-0.0036,-0.0027,0.0007,0.4075,0.2181
1188,1.188,-0.0014,-0.0026,-0.0039,-0.0023,0.5467,0.2897
1189,1.189,-0.0024,-0.0003,-0.0077,0.0024,0.4235,0.3543
1190,1.19,-0.0014,-0.0021,-0.0009,0.0029,0.5377,0.297
1191,1.191,-0.0012,-0.002,-0.004,-0.0012,0.4355,0.3501
1192,1.192,0.0012,0.0002,0.0004,0.0003,1.4654,0.975
1193,1.193,0.0002,-0.004,0.0045,-0.0009,1.329,0.7203
1194,1.194,0.0015,-0.0135,0.0038,0.0019,0.455,0.1776
1195,1.195,0.0032,-0.0066,0.003,-0.0039,-0.341,-0.1758
1196,1.196,0.0044,0.0048,0.0046,0.0003,-0.4462,-0.241
1197,1.197,0.0012,0.0063,0.0028,-0.0019,-0.5415,-0.2999
1198,1.198,0,0.0049,0.0063,-0.0026,-0.4577,-0.459
1199,1.199,-0.0003,0.0086,0.002,-0.0021,-0.3814,-0.3153
1200,1.2,-0.0013,0.003,0.0083,-0.0005,-1.1553,-0.7086
1201,1.201,-0.001,0.0061,0.004,-0.003,-1.6708,-0.9732
1202,1.202,0,0.0069,0.0077,-0,-0.8279,-0.3481
1203,1.203,-0.0042,-0.0009,0.0112,0.0064,0.1946,0.2496
1204,1.204,-0.0025,0.0022,0.0042,-0.0001,0.3343,0.3285
1205,1.205,-0.0009,-0.0006,0.0015,-0.001,0.4603,0.2594
1206,1.206,-0.0014,0.0003,0.0006,-0.0047,0.5745,0.3241
1207,1.207,-0.0026,0.0072,0.0012,-0.0068,0.4724,0.2667
1208,1.208,-0.0014,0.0008,0.009,-0.0026,0.7535,0.5309
1209,1.209,-0.004,0.0051,0.0059,-0.0009,1.69,1.0596
1210,1.21,-0.005,0.0029,0.0014,-0.0005,1.0672,0.5675
1211,1.211,-0.0027,-0.0036,-0.0081,0.0007,0.0449,-0.0096
1212,1.212,-0.002,-0.0027,0.0007,0.0035,-0.3695,-0.2434
1213,1.213,0.0009,0.0026,0.0039,-0.0022,-0.4959,-0.315
1214,1.214,0.0012,0.0032,-0.0033,-0.0117,-0.6107,-0.2518
1215,1.215,0.0015,0.0049,0.0031,-0.013,-0.5091,-0.3105
1216,1.216,0.0004,-0.0015,0.0006,-0.0074,-0.4165,-0.2582
1217,1.217,0.0023,0.001,0,-0.0022,-1.5236,-0.979
1218,1.218,0.0016,-0.0027,0.0036,0.0042,-1.3739,-0.8766
1219,1.219,-0.0012,-0.0047,0.0006,0.0016,-0.4126,-0.2203
1220,1.22,0.002,-0.0064,0.0036,0.0038,0.4626,0.2071
1221,1.221,-0.0045,-0.0035,-0.0021,0.0086,0.3518,0.2857
1222,1.222,-0.0109,-0.003,0.0049,0.0069,0.456,0.3566
1223,1.223,-0.0118,-0.0041,0.0004,0.0074,0.5506,0.2931
1224,1.224,-0.0049,-0.0062,-0.0004,0.0058,0.296,0.2354
1225,1.225,-0.0041,-0.0004,-0.001,0.0046,1.1474,0.8165
1226,1.226,-0.0016,0.0021,0.0027,0.0075,1.7142,0.8941
1227,1.227,0.0036,0.0044,-0.0003,0.0017,0.7864,0.4012
1228,1.228,0.0015,0.0024,-0.003,-0.0009,-0.0888,-0.1762
1229,1.229,0.0032,0.0029,-0.0014,0.006,-0.4314,-0.2553
1230,1.23,0.0048,0.0046,-0.0025,0.0014,-0.5361,-0.3265
1231,1.231,0.0043,0.0081,0.0024,-0.0011,-0.4439,-0.2634
1232,1.232,0.0054,0.0039,-0.0006,0.0011,-0.3597,-0.2059
1233,1.233,0.0025,-0.0025,0.0024,-0.001,-0.7471,-0.4701
1234,1.234,0.005,0.0001,0.0031,0.0032,-1.8026,-1.0951
1235,1.235,-0.0003,-0.0036,0.002,0.0049,-1.0491,-0.6695
1236,1.236,0.005,-0.0056,0.0042,0.0033,-0.0869,0.0285
1237,1.237,0.0042,-0.0051,-0.0014,0.0003,0.2897,0.311
1238,1.238,0.0012,-0.0034,-0.0038,0.0032,0.405,0.2269
1239,1.239,0.004,-0.0039,-0.003,0.0013,0.5093,0.3048
1240,1.24,0.0075,-0.0008,-0.0008,-0.004,0.6038,0.2351
1241,1.241,0.0006,-0.0036,0.001,0.003,0.5193,0.2992
1242,1.242,0.0016,-0.0011,-0.0006,-0.0016,1.5255,0.9386
1243,1.243,-0.0012,0.0042,-0.0019,0.0009,1.3891,0.8538
1244,1.244,0.0014,0.0021,-0.0048,-0.0028,0.2659,0.156
1245,1.245,-0.0009,0.0041,-0.0027,-0.0048,-0.1894,-0.1267
1246,1.246,0.0012,-0.0016,0.001,-0.0018,-0.3286,-0.2132
1247,1.247,-0.0005,0.0085,-0,-0.0035,-0.4546,-0.2914
1248,1.248,-0.0011,0.0016,-0.0019,-0.004,-0.5689,-0.3624
1249,1.249,0.0005,0.0028,0.0007,-0.009,-0.4666,-0.1712
1250,1.25,-0.0026,0.0019,-0.003,0.0017,-1.122,-0.8107
1251,1.251,0.0003,0.0009,-0.0004,-0.0029,-1.7186,-1.0664
1252,1.252,-0.0001,-0.0018,-0.0033,0.0012,-0.7116,-0.3694
1253,1.253,-0.0018,-0.0043,-0.0029,0.005,0.2512,0.1005
1254,1.254,-0.0014,-0.0006,0.0029,-0.0027,0.3786,0.1872
1255,1.255,-0.0021,-0.0055,-0.0048,-0.0017,0.4936,0.2654
1256,1.256,0.0018,-0.0038,0.0048,-0.0044,0.598,0.3361
1257,1.257,-0.001,0.0003,-0.0014,-0.0018,0.5057,0.2725
1258,1.258,-0.0005,-0.0022,-0.0004,-0.0024,0.7616,0.5631
1259,1.259,0.0038,0.0048,-0.0034,-0.0004,1.7683,1.0389
1260,1.26,-0.0026,-0.0025,-0.0025,-0.0008,1.0834,0.5913
1261,1.261,-0,-0.0016,-0.0016,-0.0013,-0.0404,0.0665
1262,1.262,-0.0022,0.0061,0.0006,0.0065,-0.1939,-0.2868
1263,1.263,0.0027,0.0031,-0.0014,0.0033,-0.3326,-0.2242
1264,1.264,0.0023,0.0023,-0.0019,0.0023,-0.4581,-0.283
1265,1.265,0.0006,0.0014,0.0009,0.0069,-0.5718,-0.3364
1266,1.266,0.0011,0.0021,-0.0026,0.0027,-0.4693,-0.2887
1267,1.267,-0,-0.0044,-0.0005,0.005,-1.6863,-0.9439
1268,1.268,0.0012,-0.0069,0.0034,0.0001,-1.521,-0.8507
1269,1.269,0.0009,-0.0047,-0.0014,0.0006,-0.4631,-0.0834
1270,1.27,0.0012,0.0002,-0.0097,0.0002,0.226,0.2271
1271,1.271,0.0003,0.0059,-0.002,0.0007,0.3534,0.3221
1272,1.272,0.0045,0.0037,-0.0031,0.0019,0.4682,0.2377
1273,1.273,0.0015,0.0002,-0.0077,-0.0019,0.5723,0.3157
1274,1.274,0.0032,-0.0015,-0.0036,0.0006,0.4799,0.2459
1275,1.275,0.0007,-0.001,-0.0043,0.0037,1.2465,0.8214
1276,1.276,-0.0023,0.0005,-0.0024,-0.0002,1.5562,0.8993
1277,1.277,-0.002,0.0035,-0.0042,0.0004,0.7132,0.4065
1278,1.278,0.0006,-0.0012,-0.0002,0.0015,-0.0823,-0.1706
1279,1.279,-0.0004,0.0057,-0.0028,-0.0005,-0.3936,-0.2496
1280,1.28,0.0006,-0.0028,-0.0018,-0.0008,-0.4886,-0.3208
1281,1.281,-0.0031,0.0028,-0.0058,0.0044,-0.5749,-0.3854
1282,1.282,-0.0005,-0.0045,-0.0044,-0.0025,-0.3435,-0.2116
1283,1.283,-0.0027,-0.0018,-0.0033,0.0021,-0.8358,-0.5813
1284,1.284,0.002,-0.0044,-0.0046,-0.0074,-1.7954,-1.0139
1285,1.285,-0.0029,0.0016,-0.0073,-0.0047,-1.0509,-0.5717
1286,1.286,-0.0023,0.0009,-0.0016,-0.001,-0.0884,0.0692
1287,1.287,0.0017,-0.0027,-0.0043,0,0.2885,0.3263
1288,1.288,-0.0018,-0.011,-0.0007,0.0031,0.4035,0.2502
1289,1.289,0.0012,-0.0032,-0.0044,-0.0034,0.5078,0.3211
1290,1.29,0.0016,-0.0002,-0.0015,-0.0025,0.6024,0.2577
1291,1.291,-0.002,-0.0011,-0.0021,-0.0019,0.518,0.316
1292,1.292,0.0002,-0.0019,0.0003,0.0017,1.5243,1.0031
1293,1.293,-0.0018,-0.0013,-0.0029,0.0022,1.3879,0.7227
1294,1.294,-0.0044,-0.012,-0.0027,-0.0019,0.2646,0.1259
1295,1.295,0.0009,-0.0226,-0.0025,-0.0035,-0.191,-0.2628
1296,1.296,-0.0029,-0.0046,-0.0002,-0.0023,-0.3304,-0.1938
1297,1.297,0.0036,0.0078,0.0041,-0.002,-0.4563,-0.2586
1298,1.298,-0.0024,0.0055,0.0011,-0.0071,-0.5706,-0.3173
1299,1.299,-0.0031,0.0075,0.0057,-0.0135,-0.2626,-0.2649
1300,1.3,-0.0024,0.0093,-0.0014,-0.0178,-1.293,-0.7935
1301,1.301,-0.0019,0.0009,0.0031,-0.0094,-1.7051,-1.0048
1302,1.302,-0.0036,0.0054,0.0022,-0.0016,-0.5828,-0.3009
1303,1.303,-0.0104,0.004,0.0073,0.0014,0.1741,0.169
1304,1.304,-0.0113,0.0002,0.0065,0.0023,0.3139,0.2558
1305,1.305,-0.0088,-0.003,0.0034,-0.0055,0.4397,0.3341
1306,1.306,-0.0095,0,0.0038,0.0039,0.5539,0.2645
1307,1.307,-0.0017,-0.0027,0.0063,0.0051,0.4516,0.2011
1308,1.308,-0.0028,0.0032,0.0001,0.004,0.7325,0.4919
1309,1.309,0.0018,0.0038,0.0043,0.005,1.6691,1.0733
1310,1.31,-0.0008,0.0059,0.002,0.0095,1.046,0.5316
1311,1.311,0.0077,0.0063,0.0069,0.0087,0.0235,0.038
1312,1.312,0.0066,0.0023,0.0063,0.0017,-0.3909,-0.2834
1313,1.313,0.0056,0.0007,0.0091,0.0044,-0.5174,-0.2265
1314,1.314,0.0047,0.001,0.0044,0.0035,-0.4057,-0.3856
1315,1.315,0.0055,0.0066,0.0038,0.0042,-0.5097,-0.3381
1316,1.316,0.0062,0.0029,0.0126,0.0006,-0.4169,-0.3821
1317,1.317,0.0068,0.0008,0.0114,-0.0025,-1.6943,-0.9777
1318,1.318,0.0026,0.0003,0.0036,0.0016,-1.5131,-0.7229
1319,1.319,0.0031,-0.0002,0.0006,0.0041,-0.3508,-0.1802
1320,1.32,0.0066,-0.0038,-0.0021,-0.002,0.4059,0.3139
1321,1.321,-0.0004,-0.006,-0.0013,-0.0029,0.5451,0.2513
1322,1.322,-0.0014,-0.0004,-0.0034,-0.0023,0.4219,0.3102
1323,1.323,0.0031,-0.0026,-0.0027,0.0026,0.5361,0.3636
1324,1.324,0.0006,-0.0006,0.0042,0.0056,0.4339,0.2198
1325,1.325,0.0043,0.0025,-0.0042,0.0015,1.2767,0.7876
1326,1.326,0.0022,0.0042,0.0037,0.003,1.6171,0.8655
1327,1.327,0.0027,0.0016,0.0007,0.0042,0.6892,0.3726
1328,1.328,-0.0014,0.0005,0.0035,-0.0006,-0.1859,-0.0768
1329,1.329,0.0001,0.0033,-0.0023,-0.0048,-0.3017,-0.2528
1330,1.33,0.0013,0.0059,0.0015,-0.002,-0.4063,-0.3066
1331,1.331,0.0016,0.0027,0.0022,-0.0055,-0.5012,-0.3556
1332,1.332,0.0005,-0.0002,0.0007,0.0014,-0.4172,-0.2253
1333,1.333,-0.0027,-0.0027,-0.0009,-0.0059,-0.8045,-0.5033
1334,1.334,-0.003,-0.0044,-0.0023,-0.0014,-1.8601,-1.045
1335,1.335,-0.0027,-0,-0.0026,0.0029,-1.1063,-0.5033
1336,1.336,-0.001,-0.004,-0.0004,-0.0009,0.1304,-0.0096
1337,1.337,-0.0027,-0.0055,-0.0045,0.004,0.299,0.3119
1338,1.338,-0.0021,0.0014,0.002,0.0023,0.4516,0.2549
1339,1.339,-0.0044,-0.0016,-0.002,0.0052,0.5898,0.3083
1340,1.34,0.0006,-0.0043,0.0018,0.0004,0.4662,0.2606
1341,1.341,0.0013,0.0017,-0.0016,-0.0001,0.5799,0.3043
1342,1.342,-0.0004,-0.0005,-0.0009,-0.0006,1.5069,0.8997
1343,1.343,-0.0009,-0.0025,-0.0025,-0.0021,1.3832,0.8149
1344,1.344,0.0006,-0.0008,-0.0028,-0.0009,0.3618,0.117
1345,1.345,-0.0006,0.0009,-0.003,-0.0021,-0.327,-0.1657
1346,1.346,0.0023,0.0035,0.0035,0.0015,-0.4539,-0.2524
1347,1.347,-0.0002,0.0023,-0.0028,0.0027,-0.5685,-0.3306
1348,1.348,-0.0034,0.0044,-0.0035,-0.002,-0.4668,-0.2611
1349,1.349,0.0006,0.0002,-0.0026,-0.0015,-0.374,-0.1977
1350,1.35,-0.0019,0.002,-0.0005,-0.002,-1.3106,-0.8374
1351,1.351,0.0023,-0.0027,0.0039,-0.0005,-1.6853,-0.9231
1352,1.352,-0.0005,-0.001,0.0012,-0.0008,-0.665,-0.3809
1353,1.353,0.001,-0.0027,-0.0012,0.0004,0.2977,0.113
1354,1.354,0.0007,-0.0052,0.005,-0.0006,0.4249,0.3064
1355,1.355,0.0046,-0.0029,0.0009,-0.0002,0.5394,0.2492
1356,1.356,-0.0001,0.0035,-0.0043,0.0042,0.6433,0.3025
1357,1.357,-0.0006,0.0009,0.0007,0.0037,0.3631,0.2548
1358,1.358,-0.0022,0,0.0003,0.0053,0.7888,0.5604
1359,1.359,0.0014,-0.0006,-0.0001,-0.0016,1.7952,0.9972
1360,1.36,0.0017,0.0015,-0.0015,-0.0026,0.8352,0.4741
1361,1.361,0.003,0.001,-0.0026,-0.0034,-0.0397,-0.0198
1362,1.362,-0.0028,0.0027,-0.0037,-0.0025,-0.3825,-0.2135
1363,1.363,-0.0019,0.0022,-0.0001,-0.0018,-0.4877,-0.2727
1364,1.364,-0.0025,0.0045,-0.0022,0.0002,-0.5829,-0.3265
1365,1.365,0.0011,0.0048,0.0042,-0.0003,-0.4989,-0.2792
1366,1.366,0.0053,0.0006,-0.0022,0.0003,-0.4224,-0.3234
1367,1.367,0.0001,-0.0034,0.0021,-0.0055,-1.4779,-0.9192
1368,1.368,0.0008,-0.0039,-0.0049,0.003,-1.3282,-0.8345
1369,1.369,0.0013,-0.0027,-0.004,-0.0002,-0.367,-0.1367
1370,1.37,-0.0015,-0.0047,-0.0015,0.0029,0.2592,0.146
1371,1.371,0.0032,-0.0022,-0.0068,0.0002,0.3744,0.2323
1372,1.372,-0.001,-0.0045,0.001,-0.0007,0.4784,0.3103
1373,1.373,0.0007,-0.0035,-0.0021,-0.0014,0.5725,0.3808
1374,1.374,-0.0018,-0.0004,-0.0067,-0.0007,0.3177,0.1893
1375,1.375,-0.0006,0.0025,-0.0059,0.001,1.3236,0.8288
1376,1.376,-0.001,-0.0018,-0.0037,0.0027,1.461,0.9144
1377,1.377,-0.002,0.0011,-0.0017,0.0023,0.5876,0.372
1378,1.378,0.0012,-0.0004,-0.0035,0.0019,-0.2085,-0.122
1379,1.379,0.0024,0.0027,-0.0064,-0.0001,-0.3145,-0.1875
1380,1.38,0.0014,0.0047,-0.0049,0.0025,-0.4101,-0.2464
1381,1.381,-0.0003,0.0037,-0.0007,-0.0021,-0.4967,-0.2998
1382,1.382,0.0014,0.0061,-0.0037,-0.0037,-0.4206,-0.2523
1383,1.383,-0.0011,0.001,0.001,-0.002,-0.9133,-0.5582
1384,1.384,-0.0014,-0.001,-0.0021,0.0048,-1.8735,-1.0746
1385,1.385,0.0009,-0.0015,-0.0062,0.0021,-0.9144,-0.5825
1386,1.386,-0.0003,-0.0013,-0.0029,-0.0023,0.0062,0.0553
1387,1.387,0.0016,-0.0066,-0.0004,-0.0014,0.3825,0.2488
1388,1.388,-0.0018,-0.0072,-0.0027,-0.0007,0.4971,0.308
1389,1.389,-0.003,0.0011,-0.0008,-0.0042,0.601,0.3614
1390,1.39,-0.0001,0.0021,-0.0051,-0.0073,0.5081,0.3137
1391,1.391,-0.002,-0.0008,-0.0011,0.0016,0.4231,0.3576
1392,1.392,-0.0016,-0.0016,-0.0006,0.0004,1.5839,0.9533
1393,1.393,0.0034,0.0043,-0.0004,0.0014,1.4184,0.6983
1394,1.394,-0.0044,0.0006,0.0035,0.0024,0.3606,0.1554
1395,1.395,-0.0116,0.0042,0.0009,0.0032,-0.3279,-0.1981
1396,1.396,-0.0125,-0.0053,0.0005,-0.0027,-0.4549,-0.2634
1397,1.397,-0.01,0.0017,-0.0043,-0.0034,-0.5699,-0.3222
1398,1.398,-0.0015,0.0054,0.0025,-0.0013,-0.4686,-0.27
1399,1.399,-0.0005,0.0064,0.0052,0.0004,-0.3761,-0.2222
1400,1.4,-0.0015,0.0012,-0.0026,0.0009,-1.3129,-0.8775
1401,1.401,-0.0007,-0.0072,-0.0057,0.0014,-1.6876,-0.9715
1402,1.402,0.0019,-0.004,-0.0012,0.0002,-0.6672,-0.3749
1403,1.403,0.0012,-0.003,0.0029,-0.001,0.2953,0.1687
1404,1.404,0.0076,-0.0022,0.0051,0.0032,0.4226,0.2405
1405,1.405,0.0034,-0.0013,0.0002,-0.002,0.5371,0.3054
1406,1.406,0.0056,-0.0007,0.0044,0.0015,0.6409,0.364
1407,1.407,0.002,-0.0042,-0.0009,-0.0042,0.3606,0.2061
1408,1.408,0.0037,0.0015,0.0039,0.001,0.9566,0.5426
1409,1.409,0.0054,0.0068,0.0009,-0.001,1.6534,1.0234
1410,1.41,0.0028,-0.001,0.0061,-0.0006,0.9981,0.5756
1411,1.411,0.0016,0.002,0.004,-0.0001,0.0587,-0.0653
1412,1.412,0.002,0.0028,0.0083,-0.0006,-0.318,-0.152
1413,1.413,0.003,0.002,0.0111,0.0063,-0.433,-0.2304
1414,1.414,-0.0003,-0.0018,0.0137,0.001,-0.5374,-0.3014
1415,1.415,-0.0031,0.006,0.014,-0.0035,-0.445,-0.238
1416,1.416,0.0026,0.005,0.0093,0.0059,-0.5307,-0.4125
1417,1.417,0.0001,0.0022,0.011,-0.0004,-1.6919,-1.0995
1418,1.418,0.0023,-0.0004,0.0081,0.0074,-1.5269,-0.8189
1419,1.419,0.0016,-0.0026,0.0034,0.0021,-0.1676,-0.0516
1420,1.42,-0.0001,-0.0046,0.0051,0.0029,0.3824,0.259
1421,1.421,0.0028,-0.0004,0.0022,0.0004,0.5506,0.3538
1422,1.422,-0.0008,-0.0069,0.0007,-0.0034,0.4012,0.2694
1423,1.423,0.0004,-0.001,-0.0014,-0.0041,0.5391,0.1926
1424,1.424,-0.0008,0.0042,-0.0017,0.0016,0.415,0.1229
1425,1.425,-0.0018,-0.0022,-0.0042,-0.0053,1.208,0.8263
1426,1.426,-0.0035,0.0003,-0.0045,-0.0027,1.5174,0.9203
1427,1.427,0.0016,-0.0019,-0.0048,-0.0018,0.6737,0.3237
1428,1.428,-0.0034,0.0045,-0.0005,-0.0056,-0.1223,-0.2197
1429,1.429,-0.0028,0.0002,-0.0047,-0.0163,-0.4335,-0.2914
1430,1.43,0,-0.0005,-0.0017,-0.0148,-0.5285,-0.2283
1431,1.431,-0.0015,0.0002,-0.0022,-0.0079,-0.6147,-0.2869
1432,1.432,0.0046,0.0032,-0.009,-0.0067,-0.3833,-0.2345
1433,1.433,0.0021,0.0048,-0.0017,-0.0011,-0.8759,-0.571
1434,1.434,0.0027,0.0012,0.003,0.0061,-1.8358,-1.0518
1435,1.435,0.0034,-0.0019,-0.0047,0.0052,-0.8761,-0.4762
1436,1.436,-0.0008,-0.0075,-0.0016,0.0027,-0.001,0.0672
1437,1.437,-0.0003,-0.0144,0.0031,0.0004,0.3418,0.2797
1438,1.438,-0.0018,-0.0229,-0.0011,0.0025,0.4467,0.3446
1439,1.439,-0.0022,-0.0285,-0.0032,0.0055,0.5416,0.2873
1440,1.44,-0.001,-0.0128,-0.0024,0.0095,0.4575,0.235
1441,1.441,-0.0006,0.0027,-0.0028,0.008,0.5351,0.3795
1442,1.442,0.0039,0.0047,-0.0056,0.0049,1.5901,1.0348
1443,1.443,0.0023,0.0066,-0.002,0.002,1.1382,0.7542
1444,1.444,-0.0006,0.0117,-0.0031,0.003,0.1765,0.157
1445,1.445,-0.0001,0.0071,-0.0018,0.0006,-0.2002,-0.2318
1446,1.446,-0.0013,0.0057,-0.0027,-0.0004,-0.3156,-0.3033
1447,1.447,0.0026,0.0094,-0.003,-0.0018,-0.42,-0.3681
1448,1.448,-0.0021,0.0062,0.0022,0.0021,-0.5146,-0.3107
1449,1.449,-0.0026,0.0009,0.0002,0.0004,-0.4301,-0.2582
1450,1.45,-0.002,0.0036,0.002,-0.0001,-1.4364,-0.8829
1451,1.451,-0.0035,0.0078,0.0026,-0.0013,-1.5743,-0.9685
1452,1.452,-0.0047,0.0056,-0.0009,-0.0001,-0.7011,-0.2713
1453,1.453,-0.0008,0.0036,-0.0012,0.0025,0.3214,0.1987
1454,1.454,-0.0032,0.0005,-0.0032,-0.0007,0.4613,0.2854
1455,1.455,0.0029,0.0058,-0.0006,-0.0003,0.5873,0.3636
1456,1.456,0.0004,0.0009,0.0012,0.0032,0.4751,0.2941
1457,1.457,0.0011,0.0026,-0.0005,0.0045,0.3732,0.2305
1458,1.458,0.0047,0.0009,-0.0047,-0.0002,0.8416,0.6374
1459,1.459,-0.0011,0.0035,-0.0004,-0.0019,1.7785,1.0073
1460,1.46,-0.0004,0.0047,0.0013,0.0046,0.9063,0.4787
1461,1.461,-0.001,0.0051,0.0008,0.0004,-0.1158,-0.015
1462,1.462,0.0007,0.0009,0.0005,0.0011,-0.2557,-0.2086
1463,1.463,0.0002,0.0049,0.0002,0.0018,-0.3819,-0.2677
1464,1.464,-0.0003,0.0002,0.0027,-0.0013,-0.4964,-0.3213
1465,1.465,-0.0025,0.0033,-0.0005,0.0028,-0.3946,-0.2738
1466,1.466,0.0014,-0.0031,-0.0009,0.0023,-0.4886,-0.405
1467,1.467,-0.0022,-0.0023,-0.0005,0.002,-1.7659,-1.0008
1468,1.468,-0.001,-0.0029,0.0018,0.0024,-1.2195,-0.7459
1469,1.469,0.0037,-0.0009,-0.0033,-0.0001,-0.3881,-0.0483
1470,1.47,0.002,-0.0025,-0.0026,-0.0053,0.369,0.2345
1471,1.471,0.0037,-0.0008,-0.001,-0.0016,0.5087,0.3209
1472,1.472,0.0012,-0.0055,-0.0027,-0.0009,0.6348,0.2443
1473,1.473,0.0015,-0.0013,0.002,0.0009,0.5226,0.315
1474,1.474,-0.0024,-0.0008,0.0002,0.0014,0.4203,0.2511
1475,1.475,-0.0009,0.0008,-0.0004,0.0039,1.2632,0.8902
1476,1.476,0.0003,0.0039,-0.003,0.0028,1.6037,0.8055
1477,1.477,-0.0017,0.001,0,-0.0028,0.4698,0.2629
1478,1.478,-0.0007,0.0029,-0.0039,-0.0034,-0.2871,-0.231
1479,1.479,0.0038,0.0033,-0.0025,-0.0083,-0.4265,-0.2966
1480,1.48,0.0033,0.0036,-0.0022,-0.0066,-0.5524,-0.3555
1481,1.481,0.0028,0.0006,-0.0051,-0.0002,-0.4402,-0.3034
1482,1.482,0.0012,0.0045,0.0006,0.0024,-0.3379,-0.2558
1483,1.483,0.0009,-0.0013,0.0013,0.0031,-0.9935,-0.6492
1484,1.484,-0.0012,-0.0019,-0.0024,0.0038,-1.7601,-1.0192
1485,1.485,0.0013,-0.004,-0.0005,-0.0019,-1.0392,-0.4907
1486,1.486,0.0003,-0.0097,-0.0036,0.0034,-0.0062,0.144
1487,1.487,0.0004,-0.0028,-0.0026,0.0019,0.3833,0.2396
1488,1.488,-0.0006,-0.008,0.0025,-0.0001,0.5224,0.3258
1489,1.489,-0.0013,-0.006,-0.0039,0.0004,0.6485,0.2492
1490,1.49,-0.0042,-0.0029,-0.0032,0.001,0.5365,0.3198
1491,1.491,-0.0024,-0.0034,-0.0039,-0.0026,0.64,0.3839
1492,1.492,-0.0035,-0.0018,0.0009,-0.0003,1.6704,1.0232
1493,1.493,-0.0025,-0.0049,0.0039,0,1.26,0.7682
1494,1.494,-0.0012,0.0016,0.0022,-0.001,0.1365,0.0702
1495,1.495,-0.0019,0.008,-0.0026,-0.0042,-0.3185,-0.2126
1496,1.496,-0.0031,0.0055,0.0016,-0.0022,-0.4573,-0.2991
1497,1.497,-0.0011,0.0048,-0.0014,-0.0018,-0.5826,-0.3773
1498,1.498,-0.0018,-0.0016,0.0021,-0.0008,-0.4703,-0.3078
1499,1.499,-0.004,-0.0041,0.0043,-0.0059,-0.368,-0.2442
1500,1.5,-0.0083,0.0028,-0.0013,-0.0024,-1.3979,-0.8836
1501,1.501,-0.0125,-0.0057,-0.0007,-0.0041,-1.5356,-0.9692
1502,1.502,-0.0085,-0.0089,0.0042,-0.0036,-0.6619,-0.2719
1503,1.503,-0.006,-0.0036,0.0011,-0.0113,0.361,0.1982
1504,1.504,-0.0038,-0.0028,0.0005,-0.0124,0.5009,0.2849
1505,1.505,0.0026,-0.002,0.0082,-0.0134,0.3781,0.3632
1506,1.506,0.0053,0.008,0.0026,-0.0031,0.4926,0.2937
1507,1.507,0.0027,-0.0128,0.0016,0.001,0.3905,0.2301
1508,1.508,0.0079,-0.0157,0.0024,0.0021,0.8591,0.637
1509,1.509,0.003,-0.0076,0.0049,0.0077,1.6261,1.0071
1510,1.51,0.0025,-0.0004,0.0071,0.0067,0.9054,0.4785
1511,1.511,0.0041,0.0062,0.0106,0.004,-0.1269,-0.0152
1512,1.512,0.0006,0.0082,0.0049,0.0048,-0.2668,-0.2086
1513,1.513,0.0066,0.0063,-0.0021,0.0041,-0.3929,-0.2677
1514,1.514,0.0075,0.0046,-0.0029,0.0048,-0.5073,-0.3211
1515,1.515,0.0068,0.0061,-0.0038,0.0078,-0.4054,-0.2736
1516,1.516,0.0047,-0.0036,-0.0031,0.0049,-0.4994,-0.4046
1517,1.517,0.0005,0.0026,0.0033,-0.0028,-1.7767,-1.0002
1518,1.518,0.0045,-0.0006,-0.0045,-0.0018,-1.23,-0.745
1519,1.519,-0.0002,0.0024,-0.0034,-0.0008,-0.3984,-0.0471
1520,1.52,0.0003,-0.0004,0.0011,-0,0.3586,0.2359
1521,1.521,-0.0026,0.0038,0.0003,0.0025,0.4978,0.3224
1522,1.522,0.0031,-0.0014,0.004,0.0018,0.6237,0.4007
1523,1.523,-0.0053,-0.0008,0.0034,0.0038,0.5114,0.3312
1524,1.524,0.0002,0.0022,0.0004,0.0021,0.4092,0.2676
1525,1.525,0.0012,0.0075,-0.0037,-0.0008,1.4392,0.9072
1526,1.526,0.0039,0.001,-0.0001,-0.0013,1.5768,0.8228
1527,1.527,0.0014,0.0069,0.0022,0.0056,0.454,0.2803
1528,1.528,0.0021,0.0047,0.001,0.0046,-0.3032,-0.2134
1529,1.529,0.0014,0.0082,0.0036,0.0037,-0.4428,-0.2786
1530,1.53,-0.0016,-0.0001,-0.0009,0.0012,-0.569,-0.3373
1531,1.531,0.0001,0.0031,-0.0014,-0.001,-0.4572,-0.2849
1532,1.532,0.0026,0.002,0.0004,-0.0017,-0.3552,-0.2368
1533,1.533,0.0023,0.0029,0.003,-0.0012,-1.0108,-0.6299
1534,1.534,0.0026,-0.0014,0.0034,0.0004,-1.7776,-0.9995
1535,1.535,-0.001,-0.0008,0.0031,-0.0031,-0.8505,-0.4705
1536,1.536,0.0002,-0.0028,0.0007,-0.002,0.0244,0.0237
1537,1.537,-0.0001,-0.0023,-0.0032,0.0001,0.3671,0.2177
1538,1.538,0.0018,-0.0052,-0.0016,0.0026,0.4718,0.2769
1539,1.539,0.0014,-0.0037,-0.0037,-0.0006,0.5665,0.3308
1540,1.54,-0.0023,-0.0049,0.0028,0.0014,0.4824,0.2835
1541,1.541,-0.0001,0.0015,0.0002,0.0024,0.56,0.4149
1542,1.542,-0.0013,0.0007,-0.0006,-0.0029,1.6151,1.0107
1543,1.543,-0.0023,0.0032,-0.0042,-0.0007,1.1632,0.756
1544,1.544,-0.0005,0.001,-0.0021,0.0013,0.2013,0.0585
1545,1.545,-0.0009,-0.001,-0.0015,0.0018,-0.425,-0.2238
1546,1.546,-0.0027,-0.0027,0.005,0.0023,-0.314,-0.3099
1547,1.547,-0.0015,0.0061,-0.0008,-0.0003,-0.4182,-0.3878
1548,1.548,-0.0017,0.0024,-0.0001,-0.0015,-0.5128,-0.3181
1549,1.549,-0.0015,-0.0054,0.0007,-0.0003,-0.4281,-0.2543
1550,1.55,0.0016,-0.0024,-0.0023,-0.0028,-1.4343,-0.8934
1551,1.551,-0.0031,-0.0015,0.0018,-0.0025,-1.5722,-0.9787
1552,1.552,-0.0026,-0.0093,0.0014,-0.0042,-0.4492,-0.2811
1553,1.553,-0.002,-0.0041,0.0026,-0.0012,0.3079,0.1891
1554,1.554,-0.0045,-0.0032,0.0023,0,0.4476,0.276
1555,1.555,-0.0041,0.001,-0.0034,0.001,0.5737,0.3543
1556,1.556,-0.0037,0.0003,0.0026,-0.0007,0.4616,0.2851
1557,1.557,-0.0026,-0.0032,-0.0011,-0.005,0.3594,0.2217
1558,1.558,-0.0016,0.0063,-0.0046,-0.0045,1.0153,0.6289
1559,1.559,0.0035,0.0023,-0.0003,-0.003,1.6118,0.9993
1560,1.56,0.0043,0.0011,-0.0032,-0.0018,0.9152,0.4707
1561,1.561,-0.0014,0.0044,0.0004,-0.0046,-0.1174,-0.0231
1562,1.562,0.0023,0.0054,0.0007,-0.0021,-0.2572,-0.2164
1563,1.563,0.0017,0.0009,0.0011,-0.0011,-0.3834,-0.2753
1564,1.564,0.0022,0.0017,0.0001,-0,-0.4977,-0.3288
1565,1.565,0.0006,-0.002,-0.0038,-0.0019,-0.3956,-0.2812
1566,1.566,0.0021,-0.0013,-0.0003,0.002,-0.6767,-0.4123
1567,1.567,-0,0.0005,-0.0033,-0.002,-1.7835,-1.008
1568,1.568,0.0003,-0.0012,0.0014,0.0047,-1.3318,-0.753
1569,1.569,0.0022,-0.0037,0.0009,-0.0017,-0.0957,-0.0551
1570,1.57,0.0019,-0.0025,0.0014,0.0009,0.4048,0.2277
1571,1.571,0.0023,-0.0053,-0.0034,0.0015,0.5579,0.314
1572,1.572,-0.0003,-0.0001,-0.0039,0.0022,0.4223,0.3919
1573,1.573,0.0008,0.0019,0.0001,-0.0008,0.5479,0.3224
1574,1.574,-0.0009,0.0003,-0.0047,0.0045,0.4351,0.2587
1575,1.575,-0.0034,0.0008,-0.003,0.0025,1.3621,0.8981
1576,1.576,0.0012,0.0044,-0.0002,0.002,1.4873,0.8133
1577,1.577,-0.0031,0.0041,-0.0018,0.0015,0.4664,0.2705
1578,1.578,0.0022,0.003,-0.0007,0.0041,-0.222,-0.2234
1579,1.579,0.0002,0.0049,-0.0019,0.0029,-0.3492,-0.2892
1580,1.58,0.0007,0.0017,-0.0045,0.0009,-0.4638,-0.3483
1581,1.581,0.0024,0.0065,-0.0036,0.002,-0.5678,-0.2963
1582,1.582,0.0071,-0.0005,-0.0047,0.003,-0.4748,-0.2487
1583,1.583,0.004,0.0041,-0.0041,0.0006,-1.0709,-0.6421
1584,1.584,-0.0012,-0.0036,-0.0049,0.0013,-1.7681,-1.0122
1585,1.585,-0.0005,-0.0046,-0.0012,0.0012,-0.9253,-0.4835
1586,1.586,-0,-0.0038,-0.0028,0.0049,0.0973,0.1511
1587,1.587,0.0005,0.0005,-0.0041,0.0024,0.5114,0.2376
1588,1.588,-0.0007,0.0002,-0.0027,0.0059,0.4809,0.3012
1589,1.589,-0.0013,0.0009,-0.0057,0.0029,0.6067,0.3792
1590,1.59,-0.0009,-0.0012,-0,0.005,0.4945,0.3094
1591,1.591,-0.0006,-0.0006,-0.0061,-0.0008,0.5978,0.3734
1592,1.592,0.0012,-0.0023,-0.0025,-0.005,1.628,1.0128
1593,1.593,-0.004,0.0013,-0.0046,-0.0072,1.2171,0.5872
1594,1.594,-0.0003,0.0016,0.001,-0.0023,0.0933,0.0439
1595,1.595,-0.001,0.0055,-0.0013,0.0008,-0.3617,-0.1688
1596,1.596,0.0047,0.005,0.0022,0.0037,-0.501,-0.2341
1597,1.597,-0.0023,0.0047,0.0004,0.0022,-0.6268,-0.2931
1598,1.598,0.0023,0.0018,0.002,-0.0021,-0.5146,-0.3466
1599,1.599,-0.0037,0.0014,0.0013,0.0008,-0.4124,-0.2989
1600,1.6,0.0001,-0.0031,0.0055,-0.0017,-1.4424,-0.9543
1601,1.601,-0.0064,0.0011,0.0049,-0.0048,-1.5804,-0.8613
1602,1.602,-0.0123,-0.0018,0.0083,-0.0027,-0.4578,-0.2646
1603,1.603,-0.0161,-0.0043,0.0021,-0.0017,0.2992,0.2789
1604,1.604,-0.0097,-0.0055,0.008,-0.0007,0.4389,0.2101
1605,1.605,-0.0038,-0.0084,0.0042,-0.0045,0.5649,0.2749
1606,1.606,0.0014,-0.0041,0.0005,-0.0048,0.453,0.2175
1607,1.607,-0.0006,-0.0001,-0.0038,-0.0001,0.3506,0.1649
1608,1.608,-0.0001,-0.0016,0.0026,-0.0018,1.0062,0.6935
1609,1.609,0.0015,-0.0004,0.0084,0.0023,1.7728,1.0453
1610,1.61,0.002,0.0007,0.009,0.0028,0.8454,0.4694
1611,1.611,0.0023,0.0033,0.0025,0.0016,-0.0297,-0.0742
1612,1.612,0.002,0.0009,-0.0018,0.0004,-0.3724,-0.1461
1613,1.613,0.003,-0.0001,-0.0025,-0.0031,-0.4768,-0.3391
1614,1.614,0.0046,0.0029,-0.0075,-0.0001,-0.5717,-0.2819
1615,1.615,0.0016,-0.0036,-0.0033,-0.0004,-0.4877,-0.2297
1616,1.616,0.0034,-0.0063,-0.0005,0.0006,-0.5654,-0.374
1617,1.617,-0.0012,-0.0106,-0.0031,-0.0026,-1.6208,-1.0295
1618,1.618,-0.0017,-0.0221,0.0011,-0.0065,-1.1693,-0.7491
1619,1.619,0.0011,-0.0238,0.0039,-0.005,-0.2073,0.0185
1620,1.62,-0.0024,-0.0039,0.0024,-0.002,0.4191,0.3289
1621,1.621,0.0006,0.0042,-0.0007,0.0009,0.5345,0.2367
1622,1.622,-0.0015,0.0018,0.0057,-0.001,0.6389,0.3224
1623,1.623,0.0036,0.0084,0.0049,-0.0062,0.5462,0.2458
1624,1.624,0.0085,0.0023,-0.0011,-0.01,0.4617,0.3163
1625,1.625,0.0027,0.0041,0.0027,-0.0164,1.468,0.8917
1626,1.626,0.0049,0.0058,-0.0009,-0.0105,1.3319,0.8147
1627,1.627,-0,0.0012,0.0034,0.001,0.4584,0.3216
1628,1.628,-0.0017,0.0052,0.0086,0.0027,-0.3375,-0.1279
1629,1.629,0.0023,0.004,0.0037,-0.0018,-0.4427,-0.3037
1630,1.63,0.007,0.0095,-0.0004,0.0078,-0.5375,-0.3573
1631,1.631,0.0075,0.0042,0.0013,0.0066,-0.4533,-0.31
1632,1.632,-0.0001,-0.0022,0.0071,0.0098,-0.3764,-0.2669
1633,1.633,-0.0011,0.0019,0.0002,0.0088,-1.0096,-0.7037
1634,1.634,0.0053,0.0056,0.0011,0.008,-1.7762,-0.9946
1635,1.635,0.0011,0.0007,0.0003,0.002,-0.8487,-0.4131
1636,1.636,-0.0011,-0.0011,0.001,0.0027,0.0268,0.1304
1637,1.637,0.0009,0.0018,0.0031,0.0007,0.3699,0.2023
1638,1.638,-0.0022,0.0032,0.0001,0.0024,0.4748,0.2671
1639,1.639,0.0007,-0.0019,0.0043,-0.0005,0.57,0.3257
1640,1.64,-0.0008,0.003,0.0028,0.003,0.4861,0.2734
1641,1.641,0.0004,0.0047,-0.0022,-0.0012,0.7189,0.4177
1642,1.642,-0.0008,0.0017,-0,0.0016,1.634,1.0729
1643,1.643,-0.0034,0.0022,-0.0017,0.0021,1.0115,0.605
1644,1.644,0.0005,0.0025,0.0013,0.0033,0.2167,0.0076
1645,1.645,-0.002,0.0037,-0.0001,0.0045,-0.3007,-0.2264
1646,1.646,0.001,0.0046,-0.0012,0.0035,-0.3959,-0.2978
1647,1.647,-0.0018,0.0043,-0.0059,0.0045,-0.482,-0.3625
1648,1.648,-0.0028,-0.0008,-0.0053,0.0035,-0.5599,-0.305
1649,1.649,-0.0005,-0.0002,0,0.0065,-0.349,-0.2524
1650,1.65,0.0005,-0.0085,-0.0019,0.0045,-1.3079,-0.9729
1651,1.651,-0.0001,-0.003,-0.0013,0.0048,-1.4453,-0.8703
1652,1.652,0.0011,0.0001,-0.0029,-0.0004,-0.5711,-0.2137
1653,1.653,-0.0016,-0.0045,-0.0044,0.0018,0.2252,0.2138
1654,1.654,0.0023,-0.0071,-0.004,-0.0018,0.3311,0.293
1655,1.655,-0.0035,-0.0049,-0.006,-0.0012,0.6139,0.3642
1656,1.656,-0.0028,-0.0029,-0.0008,-0.0053,0.5306,0.3011
1657,1.657,-0.0021,0.0014,0.0012,-0.0006,0.4546,0.2434
1658,1.658,0.0022,0.0054,0.0018,-0.0011,1.0883,0.7192
1659,1.659,-0.0006,0.0029,0.0001,-0.0016,1.6852,1.0396
1660,1.66,-0.0021,-0.0002,0.0027,-0.0041,0.8339,0.4001
1661,1.661,0.004,0.0027,0.0031,-0.0037,-0.188,-0.027
1662,1.662,0.0032,0.0017,0.0027,-0.0034,-0.3275,-0.2607
1663,1.663,-0.0019,-0.0022,0.0002,-0.0037,-0.4534,-0.3316
1664,1.664,-0.0039,-0.0037,0.0018,0.0009,-0.5674,-0.3962
1665,1.665,0.0018,-0.004,-0.0033,0.0014,-0.4649,-0.2222
1666,1.666,-0.0003,0.0007,-0.0013,0.0043,-0.5586,-0.3805
1667,1.667,0.0004,-0.0009,-0.007,-0.0004,-1.8356,-1.1013
1668,1.668,-0.0013,0.0008,-0.0018,0.0001,-1.2885,-0.5865
1669,1.669,-0.0008,-0.005,-0.0025,-0.0004,-0.1248,-0.1168
1670,1.67,0.0008,-0.0043,-0.003,-0.0051,0.3311,0.3109
1671,1.671,-0.0014,0.0022,-0.0071,-0.0008,0.4708,0.2351
1672,1.672,-0.0061,-0.002,-0.0004,-0.0025,0.5969,0.3062
1673,1.673,0.0022,0.0003,-0.0031,-0.003,0.4849,0.3708
1674,1.674,-0.0034,0.0039,-0.0074,-0.0042,0.3829,0.3132
1675,1.675,-0.0003,0.0023,-0.0068,-0.0045,1.413,0.8945
1676,1.676,0.0005,0.0052,0.001,-0.0064,1.5509,0.8179
1677,1.677,0.0031,0.0028,-0.0001,-0.0067,0.4277,0.1839
1678,1.678,0.0009,0.0079,-0.0066,-0.0043,-0.3292,-0.2433
1679,1.679,0.0002,0.0059,-0.0007,-0.0044,-0.4688,-0.1674
1680,1.68,-0.0015,0.0017,-0.0061,-0.0027,-0.595,-0.2385
1681,1.681,0.0002,0.0058,-0.0041,-0.002,-0.4832,-0.3031
1682,1.682,-0.0003,0.0033,-0.0025,0.0012,-0.3809,-0.2454
1683,1.683,0.0028,-0.0036,0.0003,0.0034,-1.0366,-0.721
1684,1.684,-0.002,0.0017,-0.0056,0.0074,-1.8035,-1.0412
1685,1.685,-0.0015,-0.0029,-0.002,0.0059,-0.8764,-0.4014
1686,1.686,0.0014,-0.0037,-0,0.0008,0.248,0.1964
1687,1.687,0.0009,-0.003,-0.0044,0.0029,0.4015,0.2753
1688,1.688,0.0039,0.002,-0.0016,0.0012,0.5403,0.3465
1689,1.689,-0.0017,-0.0002,-0.0056,0.0024,0.5606,0.3331
1690,1.69,0.0039,0.0029,-0.0031,0.0029,0.4369,0.2698
1691,1.691,0.0032,0.0046,-0.0021,0.0024,0.7768,0.4442
1692,1.692,-0.0004,-0.0001,-0.0001,-0.0007,1.7038,1.0255
1693,1.693,0.0026,-0.0006,-0.0028,-0.0027,1.0808,0.6388
1694,1.694,0.0009,0.0023,0.0017,0.0015,0.0586,0.0042
1695,1.695,0.0014,-0.0013,-0.0001,0.0021,-0.3557,-0.2529
1696,1.696,0.0026,0.003,0.0027,0.0036,-0.4827,-0.3315
1697,1.697,0.0006,-0.0011,0.0001,-0.0015,-0.5976,-0.4025
1698,1.698,0.0002,-0.0026,0.0003,0.0034,-0.4962,-0.467
1699,1.699,-0.003,-0.0038,0.0058,0.0064,-0.4038,-0.4092
1700,1.7,0.0017,-0.0017,0.0051,-0,-1.511,-0.9904
1701,1.701,-0,-0.0007,0.0057,-0.0009,-1.3614,-0.7588
1702,1.702,-0.0029,-0.0059,0.0039,-0.0002,-0.4007,-0.2656
1703,1.703,-0.0044,-0.0037,-0.0026,-0.0038,0.225,0.1839
1704,1.704,-0.0023,-0.0044,-0.0018,-0.0008,0.3402,0.2435
1705,1.705,-0.0051,-0.0039,0.0003,0.002,0.444,0.4025
1706,1.706,-0.0026,-0.001,0.0038,0.0035,0.5382,0.3552
1707,1.707,-0.0079,-0.0025,0.0068,0.0013,0.4533,0.2247
1708,1.708,-0.0179,0.0005,0.0063,0.0009,1.1496,0.7409
1709,1.709,-0.0082,-0.0015,0.0068,-0.0016,1.6179,0.9521
1710,1.71,-0.0045,0.001,0.0137,0.0016,0.8506,0.5041
1711,1.711,-0.0056,0.0027,0.0147,-0.0024,-0.0795,-0.137
1712,1.712,0.0017,-0.0023,0.0155,-0.006,-0.4566,-0.2236
1713,1.713,0.0081,0.0041,0.0043,-0.0009,-0.5719,-0.3021
1714,1.714,0.0022,-0.0002,-0.0003,-0.0045,-0.4708,-0.3731
1715,1.715,-0,-0.0009,-0.0072,-0.004,-0.3787,-0.1818
1716,1.716,0.0035,-0.0029,-0.0035,-0.0024,-0.6348,-0.4725
1717,1.717,0.0066,-0.0013,-0.0045,0.0034,-1.7963,-1.054
1718,1.718,0.0049,0.0016,-0.0035,-0.0036,-1.2997,-0.6674
1719,1.719,0.0033,0.0001,-0.0026,-0.0028,-0.2419,-0.0327
1720,1.72,0.0037,-0.0069,-0.0017,0.0014,0.4463,0.2243
1721,1.721,0.0016,-0.0227,0.002,-0.0008,0.5727,0.3029
1722,1.722,0.0042,-0.0161,0,0.0027,0.4605,0.3739
1723,1.723,0.0038,-0.0059,0.0043,-0.0003,0.5643,0.3105
1724,1.724,0.0089,-0.0004,0.0027,0.0049,0.4712,0.2529
1725,1.725,0.0053,0.0047,0.0002,0.0042,1.5778,0.9399
1726,1.726,-0.003,0.0062,0.0014,-0.0001,1.4276,0.8467
1727,1.727,0.0002,0.0075,0.0003,0.0004,0.4663,0.2498
1728,1.728,0.0033,0.0063,0.0023,0.0009,-0.1598,-0.1391
1729,1.729,0.0041,0.0073,-0.0009,0.002,-0.2757,-0.2107
1730,1.73,-0.0001,0.0062,0.0021,-0.0027,-0.586,-0.2755
1731,1.731,0.0006,0.007,0.0041,-0.0058,-0.4936,-0.3343
1732,1.732,-0.003,0.0044,0.0003,-0.011,-0.4091,-0.1764
1733,1.733,0.0001,0.0051,0.0009,-0.0146,-1.1057,-0.705
1734,1.734,-0.0028,0.0001,0.0032,-0.0089,-1.7616,-1.0569
1735,1.735,0.0007,0.0018,-0.0014,-0.0019,-0.8247,-0.3532
1736,1.736,-0.0005,-0.0023,-0.0008,0.0026,0.0505,0.1167
1737,1.737,0.0034,-0.0019,0.001,0.0068,0.3934,0.2035
1738,1.738,-0.0001,-0.0031,0.0016,0.0062,0.4981,0.2817
1739,1.739,0.0002,0.0016,0.0005,0.0055,0.5932,0.3525
1740,1.74,-0.0045,0.0011,-0.0005,0.0037,0.5093,0.2888
1741,1.741,-0.0015,0.004,-0.0046,-0.0015,0.7419,0.4632
1742,1.742,-0.002,0.0044,-0.005,-0.0022,1.657,1.0445
1743,1.743,0.0006,0.0002,0.0009,-0.0039,1.0344,0.6577
1744,1.744,-0.0016,0.0006,-0.0059,0.0048,0.2392,0.023
1745,1.745,0.0031,0.0011,-0.0031,0.0036,-0.2784,-0.2342
1746,1.746,-0.0011,0.0041,-0.0021,0.0046,-0.3736,-0.3128
1747,1.747,-0.0006,0.0021,-0.0013,0.0056,-0.4595,-0.384
1748,1.748,-0.0001,-0.0037,-0.0005,0.0048,-0.5377,-0.3208
1749,1.749,-0.0004,-0.0029,-0.0035,0.0039,-0.4678,-0.2633
1750,1.75,0.0016,-0.0007,0.0043,0.0002,-1.4266,-0.9502
1751,1.751,-0.0026,-0.0014,-0.0009,-0.0005,-1.564,-0.8571
1752,1.752,-0.0031,-0.0045,0.0001,0,-0.4401,-0.2601
1753,1.753,0.0005,0.0007,-0.0006,0.0005,0.3176,0.2835
1754,1.754,-0.0037,-0.0042,-0.0028,0.0021,0.4577,0.2148
1755,1.755,0.0004,-0.0047,-0.0006,-0.0022,0.5843,0.2797
1756,1.756,-0.0001,-0.003,-0.0048,0.0031,0.4729,0.3386
1757,1.757,-0.0013,-0.0015,-0.0018,0.0051,0.3715,0.1808
1758,1.758,0.0008,-0.0003,-0.0033,-0.0018,1.215,0.7094
1759,1.759,-0.0028,0.0009,0.001,0.0028,1.5559,0.9206
1760,1.76,-0.0016,0.0035,0.0016,0.0036,0.8351,0.3446
1761,1.761,-0.0019,0.0068,-0.0019,-0.0016,-0.1968,-0.0441
1762,1.762,-0.0015,0.0088,-0.0007,0.002,-0.336,-0.2567
1763,1.763,-0.0032,0.0053,-0.0036,0.0003,-0.4618,-0.3217
1764,1.764,-0.0008,0.005,0.0015,-0.0026,-0.5756,-0.2646
1765,1.765,0.0011,-0.0006,0.0022,0.001,-0.4729,-0.2126
1766,1.766,0.001,-0.0058,-0.0048,-0.0001,-0.7534,-0.4531
1767,1.767,0.0012,-0.0009,-0.0021,-0.0056,-1.8599,-1.1087
1768,1.768,0.0045,0.0034,-0.0014,-0.0019,-1.1059,-0.6409
1769,1.769,0.0033,-0.0054,-0.0021,0.0002,-0.1434,-0.0437
1770,1.77,0.0013,-0.0042,-0.0015,0.0007,0.483,0.1899
1771,1.771,-0.0012,-0.001,-0.0011,0.0013,0.3726,0.2611
1772,1.772,0.0027,-0.002,-0.0017,0.0028,0.4772,0.3256
1773,1.773,-0.003,-0.0012,-0.0043,-0.0022,0.572,0.268
1774,1.774,0.0023,0.0014,-0.0056,0.0014,0.488,0.3209
1775,1.775,0.003,0.0036,-0.0046,-0.0016,1.4945,0.9454
1776,1.776,0.0035,0.003,-0.0005,0.0001,1.3586,0.8605
1777,1.777,-0.0005,0.0047,-0.0035,-0.0014,0.485,0.1629
1778,1.778,-0,0.0018,-0.0061,-0.0017,-0.3106,-0.12
1779,1.779,0.0012,0.0044,-0.0032,-0.0028,-0.4157,-0.2065
1780,1.78,0.0016,-0.0025,-0.0005,-0.0009,-0.5106,-0.2849
1781,1.781,-0.0009,0.0048,-0.0017,-0.0019,-0.597,-0.356
1782,1.782,0.0023,0.0021,0.0005,-0.0009,-0.3657,-0.2926
1783,1.783,0.002,-0.0005,-0.002,-0.0002,-1.1397,-0.6997
1784,1.784,0.0024,-0.0057,-0.0052,-0.0018,-1.6552,-0.9644
1785,1.785,-0.0028,-0.0037,0.001,0.0009,-0.8119,-0.4358
1786,1.786,-0.0006,-0.002,-0.0037,0.0033,0.2104,0.1988
1787,1.787,0.003,-0.0003,-0.0065,0.0071,0.3501,0.2852
1788,1.788,-0.0012,-0.0081,-0.0045,0.002,0.4762,0.3632
1789,1.789,-0.0007,-0.0071,-0.0067,0.0041,0.5903,0.2934
1790,1.79,-0.0003,-0.0007,-0.0052,-0.0031,0.4596,0.2397
1791,1.791,-0.0028,0.0024,-0.0071,0.0064,0.7686,0.4314
1792,1.792,0.0003,0.0032,-0.0044,0.0024,1.7987,1.0708
1793,1.793,-0.0017,0.0057,-0.0052,0.0012,1.113,0.6449
1794,1.794,0.0034,0.0035,-0.0023,-0.002,-0.0114,-0.0534
1795,1.795,0.0027,-0.0014,-0.0064,-0.001,-0.4671,-0.149
1796,1.796,-0.0003,0.0016,-0.0071,0.0018,-0.3325,-0.2354
1797,1.797,-0.0032,0.0011,-0.0022,0.0009,-0.4588,-0.3136
1798,1.798,0.0004,0.0005,-0.006,-0.0028,-0.5734,-0.3847
1799,1.799,0.0007,-0.0037,-0.002,-0.0077,-0.4716,-0.3212
1800,1.8,-0.0013,-0.0032,-0.0027,-0.0046,-1.6896,-0.9609
1801,1.801,-0.0038,0.0003,0.0007,-0.0041,-1.5253,-0.8764
1802,1.802,-0.0014,-0.004,-0.0017,-0.0026,-0.4686,-0.1789
1803,1.803,-0.0038,-0.0045,-0.0007,-0.0048,0.2195,0.1037
1804,1.804,-0.0031,-0.003,-0.0034,0.0016,0.3458,0.1902
1805,1.805,-0.002,-0.0052,0.0004,0.0025,0.4597,0.2682
1806,1.806,0.0013,-0.0056,0.0027,-0.0018,0.5632,0.3389
1807,1.807,0.0016,-0.0099,0.0048,-0.0025,0.4698,0.2752
1808,1.808,0.0012,-0.0187,0.0085,-0.0005,1.2355,0.7984
1809,1.809,0.0002,-0.0175,0.0059,0,1.5443,1.0096
1810,1.81,0.0005,-0.0026,0.0045,0.0005,0.7004,0.4334
1811,1.811,0.0047,0.0034,0.0048,-0.0031,-0.0958,-0.1102
1812,1.812,0.0042,0.0053,0.0065,-0.0073,-0.4079,-0.182
1813,1.813,0.0001,0.0069,0.0041,-0.015,-0.5037,-0.2468
1814,1.814,-0.0034,0.0054,0.005,-0.0055,-0.5906,-0.3055
1815,1.815,-0.0038,0.0067,0.0091,-0.0044,-0.3599,-0.253
1816,1.816,0.0001,0.0055,0.0121,-0.0012,-0.7122,-0.4934
1817,1.817,0.0016,0.0087,0.0103,-0.0002,-1.6724,-1.0616
1818,1.818,-0.0006,0.0034,0.0139,-0.0011,-0.9879,-0.52
1819,1.819,-0.0018,0.0025,0.015,0.0048,-0.1137,-0.0263
1820,1.82,0.0023,0.0034,0.0153,0.0085,0.4551,0.2952
1821,1.821,-0.0006,0.0027,0.0149,0.002,0.5598,0.2384
1822,1.822,-0.0021,0.0006,0.016,0.0029,0.4669,0.2919
1823,1.823,-0.0052,0.0049,0.0109,0.0081,0.5524,0.2444
1824,1.824,0.0003,0.002,0.0002,0.0045,0.4754,0.2884
1825,1.825,-0.0019,-0.0015,-0.0074,0.0002,1.5301,0.884
1826,1.826,0.0001,0.0036,-0.0033,-0.005,1.3797,0.7994
1827,1.827,-0.0042,0.0029,-0.0044,-0.003,0.418,0.1019
1828,1.828,-0.0002,0.0024,-0.0011,0.0027,-0.2084,-0.1807
1829,1.829,-0.0007,0.0029,-0.0021,0.0049,-0.3244,-0.2671
1830,1.83,-0.0058,0.0065,-0.0029,0.0028,-0.4292,-0.3452
1831,1.831,-0.0165,0.0053,-0.0036,0.0033,-0.5244,-0.2756
1832,1.832,-0.0059,0.0024,0.0002,0.0038,-0.4405,-0.212
1833,1.833,-0.0073,-0.0011,-0.0017,0.0022,-1.2923,-0.7352
1834,1.834,-0.0036,-0.0041,0.0001,0.001,-1.6329,-0.9464
1835,1.835,-0.0027,-0.0044,-0.0003,-0.0002,-0.7055,-0.3703
1836,1.836,0.0068,-0.0054,-0.0017,-0.0013,0.1694,0.1734
1837,1.837,0.0005,-0.0002,0.0045,-0.0009,0.5118,0.2454
1838,1.838,-0.0028,-0.0008,0.0038,-0.0047,0.4104,0.3103
1839,1.839,0.0002,0.0028,-0.0013,-0.0025,0.5048,0.3691
1840,1.84,0.0029,-0.0029,0.0009,0.0003,0.4203,0.2112
1841,1.841,0.0071,-0.0007,-0.0006,0.0006,0.8074,0.5478
1842,1.842,0.0048,0.0014,0.0012,0.001,1.722,1.0285
1843,1.843,0.0068,0.001,-0.0033,0.0026,1.099,0.581
1844,1.844,0.0037,0.0063,-0.0037,0.0008,0.0769,-0.0597
1845,1.845,0.0032,0.0128,-0.004,-0.0021,-0.3377,-0.3167
1846,1.846,0.0046,0.0051,-0.0002,0.0004,-0.4643,-0.2405
1847,1.847,0.0068,0.0041,-0.0012,0.0027,-0.5791,-0.3115
1848,1.848,0.0047,-0.0004,0.001,-0.0003,-0.4775,-0.2482
1849,1.849,0.0011,-0.0011,-0.0007,0.0022,-0.3848,-0.3066
1850,1.85,0.0041,-0.0004,-0.0043,0.0018,-1.6619,-0.9937
1851,1.851,0.0021,0.0017,-0.0016,0.0008,-1.4806,-0.9006
1852,1.852,0.0017,-0.0025,-0.0011,0.0033,-0.3179,-0.1334
1853,1.853,0.0056,-0.0041,-0.0012,0.001,0.4394,0.1774
1854,1.854,0.0061,-0.0005,0.0015,-0.0001,0.305,0.2721
1855,1.855,0.003,-0.0026,-0.0035,0.0006,0.4312,0.358
1856,1.856,0.0001,-0.0046,-0.0055,0.0045,0.5458,0.2812
1857,1.857,0.0011,0.0012,-0.006,0.0004,0.444,0.2116
1858,1.858,-0.0006,0.0022,-0.0028,-0.0011,1.0998,0.7873
1859,1.859,-0.003,0.0029,-0.0043,0.002,1.5264,1.0199
1860,1.86,-0.0016,0.0009,-0.0006,-0.0009,0.6745,0.3862
1861,1.861,-0.0005,0.0041,-0.0016,-0.0059,-0.121,-0.2113
1862,1.862,-0.0016,0.0047,-0.0035,0.0005,-0.4322,-0.2903
1863,1.863,-0.004,0.0022,-0.0015,-0.002,-0.5274,-0.3614
1864,1.864,0.0004,-0.0028,-0.003,0.0032,-0.6135,-0.2982
1865,1.865,0.0033,0.0008,-0.0006,-0.0003,-0.382,-0.2407
1866,1.866,-0.0025,-0.0061,-0.0047,0.0002,-0.7335,-0.5049
1867,1.867,-0.0002,-0.0033,-0.0041,-0.0015,-1.693,-1.0338
1868,1.868,0.0018,-0.0007,-0.0011,0.0011,-1.0074,-0.5417
1869,1.869,0.0001,-0.0059,0.0005,-0.0011,-0.1322,0.0356
1870,1.87,-0.0003,-0.0094,-0.0006,-0.0066,0.4375,0.2695
1871,1.871,-0.0008,-0.0077,-0.0034,0.0004,0.5426,0.3408
1872,1.872,-0.003,-0.0094,0.0002,-0.0004,0.4505,0.2776
1873,1.873,-0.0026,-0.0058,0.0014,-0.0013,0.5365,0.3362
1874,1.874,-0.0001,0.0003,-0.005,0.0025,0.46,0.2837
1875,1.875,0.001,0.0029,-0.0022,-0.001,1.5151,1.0046
1876,1.876,-0.0041,-0.0008,-0.0014,0.0007,1.3652,0.6962
1877,1.877,-0.002,-0.0015,-0.0007,-0.0045,0.4037,0.227
1878,1.878,-0.0003,0.0043,-0,0.0033,-0.2221,-0.2003
1879,1.879,0.0002,0.005,-0.0031,-0.0019,-0.3377,-0.279
1880,1.88,-0.0012,-0.0028,-0.0036,-0.0011,-0.442,-0.3499
1881,1.881,-0,0.0003,-0.0031,-0.0002,-0.5367,-0.2866
1882,1.882,-0.0003,0.003,-0.0019,-0.0024,-0.4524,-0.2286
1883,1.883,0.0039,0.0072,-0.0016,0.0012,-1.3039,-0.8096
1884,1.884,-0.0001,0.0002,-0.0026,0.0018,-1.6446,-1.0419
1885,1.885,-0.0036,-0.0025,-0.0066,0.007,-0.717,-0.408
1886,1.886,0.0034,-0.0085,0.0012,0.0051,0.1581,0.1898
1887,1.887,0.0024,-0.0033,0.0022,0.002,0.5004,0.269
1888,1.888,0.0016,-0.0069,-0.0031,-0.0008,0.6051,0.3402
1889,1.889,0.0008,-0.0064,-0.004,0.0028,0.5125,0.2769
1890,1.89,0.0015,-0.007,-0.0032,-0.0041,0.4279,0.2196
1891,1.891,-0.0003,-0.002,-0.0053,-0.0059,0.8037,0.5352
1892,1.892,0.0017,-0.0046,-0.0001,-0.0028,1.6554,1.0112
1893,1.893,0.0001,-0.005,-0.0008,-0,1.0891,0.5638
1894,1.894,0.0018,-0.0012,-0.0051,0.0008,-0.0462,0.0392
1895,1.895,0.0023,0.0055,-0.0047,0.0015,-0.1998,-0.1733
1896,1.896,0.0045,0.0063,-0.0012,0.0009,-0.3388,-0.2383
1897,1.897,-0.0011,0.0019,-0.0016,0.0014,-0.4646,-0.2969
1898,1.898,-0.0004,0.0011,-0.0028,0.0019,-0.5787,-0.2444
1899,1.899,0.0017,0.0017,-0.0064,-0.0006,-0.4765,-0.2924
1900,1.9,-0,0.0011,-0.0023,0.0037,-1.6938,-0.9475
1901,1.901,-0.0053,0.0038,-0.0028,0.0008,-1.5289,-0.8541
1902,1.902,-0.0004,-0.0031,-0.0003,0.0023,-0.4716,-0.0866
1903,1.903,-0.0021,-0.0023,0.0027,0.0035,0.2171,0.2243
1904,1.904,0.0008,-0.0016,0.0055,-0.0012,0.3443,0.3195
1905,1.905,-0.0027,0.0005,0.0058,-0.0017,0.4589,0.2354
1906,1.906,0.0003,-0.0017,0.0074,-0.0012,0.5628,0.3137
1907,1.907,-0.0017,-0.0001,0.0043,0.0023,0.47,0.2441
1908,1.908,-0.0021,-0.0007,0.0018,-0.0037,1.2366,0.8199
1909,1.909,-0.0025,0.0007,-0.0022,-0.0012,1.5462,0.898
1910,1.91,-0.0055,0.0009,0.0025,0.001,0.7028,0.4054
1911,1.911,-0.002,-0.0004,0.002,-0.0026,-0.093,-0.1717
1912,1.912,-0.0008,0.0021,0.0036,-0.0031,-0.4042,-0.2505
1913,1.913,-0.0047,0.0065,0.0031,-0.0002,-0.499,-0.3214
1914,1.914,-0.0073,0.0059,0.0053,0.0003,-0.5851,-0.3858
1915,1.915,-0.0095,0.0005,0.0109,0.0014,-0.3535,-0.2117
1916,1.916,-0.0048,0.0011,0.0146,0.0011,-0.8457,-0.5812
1917,1.917,-0.0053,-0.0033,0.0152,-0.004,-1.8051,-1.1098
1918,1.918,-0.0001,-0.0039,0.0057,-0.0005,-1.1196,-0.6174
1919,1.919,0.0006,-0.0045,-0.0095,-0.0035,0.005,0.088
1920,1.92,0,-0.0024,-0.0034,-0.0007,0.4607,0.1834
1921,1.921,0.0017,-0.0037,-0.0052,-0.0022,0.6001,0.2698
1922,1.922,0.0032,-0.0034,-0.0002,-0,0.4771,0.3479
1923,1.923,0.0044,-0.0003,-0.0017,0.002,0.5912,0.2785
1924,1.924,-0.0012,0.0009,0.0024,0.001,0.4892,0.3429
1925,1.925,0.0025,-0.0011,0.0036,-0.0001,1.7066,0.9825
1926,1.926,0.0018,-0.0063,0.0004,0.0009,1.2101,0.7278
1927,1.927,0.0034,-0.0179,-0.0026,-0.0005,0.4543,0.1848
1928,1.928,0.0005,-0.0061,0.0039,-0.0022,-0.2338,-0.1683
1929,1.929,0.0041,0.0045,0.0014,-0.0021,-0.3601,-0.2336
1930,1.93,0.001,0.0031,-0.0008,-0.0011,-0.4745,-0.4085
1931,1.931,0.0007,0.0094,-0,-0.0033,-0.5782,-0.3562
1932,1.932,-0.0004,0.0061,0.0017,-0.0047,-0.2979,-0.3084
1933,1.933,-0.0001,0.0031,0.0012,-0.0045,-1.2342,-0.7888
1934,1.934,0.0043,0.0039,-0.0002,-0.0039,-1.6086,-0.981
1935,1.935,0.0014,0.0064,0.0029,-0.0072,-0.5879,-0.3409
1936,1.936,0.004,0.0027,-0.0035,-0.0075,0.1008,0.257
1937,1.937,0.0009,0.0105,-0.0007,-0.014,0.4774,0.336
1938,1.938,-0.0011,0.0033,0.0019,-0.0095,0.5923,0.2668
1939,1.939,-0.0001,0.0097,0.0013,-0.0017,0.4908,0.3315
1940,1.94,0.0022,0.0089,-0.0022,0.0035,0.398,0.2739
1941,1.941,0.0019,0.0037,0.0021,0.0043,0.8242,0.5382
1942,1.942,0.0025,0.0044,-0.003,0.0085,1.6761,1.0672
1943,1.943,0.0037,0.004,-0.0036,0.0078,0.8834,0.5749
1944,1.944,0.0044,0.0057,0.0007,0.0028,-0.0459,-0.0022
1945,1.945,0.0011,0.0084,-0.0009,0.0086,-0.4226,-0.236
1946,1.946,0.0015,0.0072,-0.0044,0.0079,-0.5374,-0.3074
1947,1.947,-0.0024,0.0053,-0.0013,0.0058,-0.4356,-0.3721
1948,1.948,0.0043,0.0035,0.0052,0.0088,-0.5299,-0.3146
1949,1.949,-0.0021,0.0053,-0.0087,0.0024,-0.4455,-0.3676
1950,1.95,-0.0013,0.0003,-0.0025,0.0049,-1.6064,-0.9922
1951,1.951,-0.0035,0.0011,-0.0006,0.0042,-1.4415,-0.7373
1952,1.952,0.0043,-0.0018,-0.0022,0.0021,-0.3838,-0.1945
1953,1.953,-0.0009,-0.0012,-0.0067,0.0051,0.3045,0.2995
1954,1.954,-0.0001,-0.0006,0.0004,0.0034,0.4315,0.2367
1955,1.955,-0.0026,-0.0074,0.0016,0.0019,0.5461,0.2955
1956,1.956,-0.0004,-0.002,-0.0038,-0.0003,0.4442,0.3486
1957,1.957,-0.0011,-0.0046,-0.0007,-0.0024,0.3516,0.2049
1958,1.958,-0.0005,-0.0053,0.0002,-0.0005,1.2883,0.8601
1959,1.959,-0.001,-0.0015,0.0062,0.0005,1.6628,0.954
1960,1.96,-0.0015,-0.0033,0.0041,-0.0026,0.6423,0.3573
1961,1.961,-0.0018,0.0037,-0.0023,-0.0007,-0.3203,-0.1864
1962,1.962,0.0011,0.0048,-0.003,-0.0004,-0.4472,-0.2583
1963,1.963,0.0015,0.0041,-0.0008,-0.0014,-0.5619,-0.3232
1964,1.964,0.0005,0.0049,0.0029,-0.0033,-0.4602,-0.382
1965,1.965,-0.0011,0.0044,-0.0013,-0.0039,-0.3674,-0.2242
1966,1.966,0.0003,-0.0037,0.0016,-0.0012,-0.7935,-0.5608
1967,1.967,0.0015,0.002,0.0002,-0.0022,-1.8002,-1.0417
1968,1.968,-0.0022,0.0032,-0.0001,0.0002,-1.1151,-0.4661
1969,1.969,0.0026,-0.007,0.0011,0.0027,0.009,0.0772
1970,1.97,0.001,-0.0055,-0.0046,-0.0025,0.4641,0.2898
1971,1.971,-0.0007,-0.0017,-0.0037,-0.0019,0.6032,0.2268
1972,1.972,-0.0001,-0.0071,0.0016,-0.0012,0.4798,0.2854
1973,1.973,0.0021,-0.0018,0.0036,0.0046,0.5935,0.2331
1974,1.974,0.0001,-0.0043,0.0006,-0.0006,0.4911,0.3775
1975,1.975,-0.0024,-0.0051,-0.0023,0.0014,1.7082,1.0327
1976,1.976,0.0008,-0.0028,-0.0038,0.0045,1.211,0.752
1977,1.977,-0.0012,0.0038,0.0005,-0.0007,0.1531,0.1547
1978,1.978,-0.0022,-0.0004,-0.0012,-0,-0.2611,-0.2342
1979,1.979,-0.0031,-0.001,-0.0007,-0.0017,-0.3882,-0.3058
1980,1.98,-0.0021,0.0011,0.0006,0.0048,-0.5032,-0.3707
1981,1.981,0.0022,0.0043,-0.0006,-0.0011,-0.6075,-0.3136
1982,1.982,-0.0009,0.0015,-0.0032,0.0027,-0.3278,-0.2613
1983,1.983,0.0044,-0.002,-0.0021,-0.0008,-1.2646,-0.8862
1984,1.984,-0.0005,-0.0023,-0.0018,0.0023,-1.6395,-0.9719
1985,1.985,-0.001,-0.007,-0.0024,0.0006,-0.6193,-0.2748
1986,1.986,0.0031,-0.0086,0.0015,0.0011,0.343,0.195
1987,1.987,-0.0017,-0.0057,0.0032,-0,0.4697,0.2816
1988,1.988,0.0026,-0.001,0.0016,-0.0012,0.584,0.3596
1989,1.989,-0.0003,-0.0052,-0.0014,-0.0008,0.482,0.2897
1990,1.99,0.0044,-0.0011,0.0015,0.0031,0.3888,0.2259
1991,1.991,0.0014,-0.0027,-0.001,-0.0026,0.8141,0.6325
1992,1.992,-0.0006,0.0021,0.0025,-0.0041,1.7112,1.0392
1993,1.993,0.0011,-0.0049,0.0029,-0.0034,1.0144,0.5634
1994,1.994,-0.0005,0.0023,0.0005,0.0015,-0.0186,-0.014
1995,1.995,-0.0027,0.005,0.0007,-0.0054,-0.4331,-0.248
1996,1.996,0.0002,-0.0029,0.0024,0.005,-0.5598,-0.3195
1997,1.997,-0.0002,0.0001,-0.0014,-0.0019,-0.4485,-0.3845
1998,1.998,0.0008,-0.0008,-0.0039,-0.0057,-0.5526,-0.3274
1999,1.999,-0.0015,-0.0017,0.0022,-0.0001,-0.4601,-0.3808
2000,2,-0.0022,0.0019,-0.0004,0.001,-1.7373,-1.0059
2001,2.001,-0.0034,-0.006,-0.0041,0.0055,-1.1912,-0.7511
2002,2.002,-0.0013,-0.0071,-0.002,0.0013,-0.3601,-0.0535
2003,2.003,0.0018,-0.0064,-0.0025,-0.0009,0.3965,0.2289
2004,2.004,0.0029,-0.0107,-0.003,-0.0044,0.5357,0.3153
2005,2.005,-0.0022,-0.0039,-0.0005,-0.0039,0.4124,0.2385
2006,2.006,-0.0129,-0.0032,-0.0017,-0.0034,0.5263,0.3091
2007,2.007,-0.0144,-0.0008,-0.0013,0.0001,0.4236,0.2453
2008,2.008,-0.0104,-0.0061,-0.0003,-0.0029,1.2661,0.8844
2009,2.009,-0.0067,-0.0069,0,-0.0018,1.6063,0.9698
2010,2.01,-0.0012,-0.0165,0.0044,-0.0008,0.4725,0.2724
2011,2.011,-0.0002,-0.0153,-0.002,0.0009,-0.2848,-0.1978
2012,2.012,-0.001,-0.0092,-0.0011,0.0005,-0.4247,-0.2846
2013,2.013,-0.0036,0.0078,0.0011,0.0019,-0.5509,-0.363
2014,2.014,0.0048,0.0004,0.0046,0.0007,-0.4391,-0.2936
2015,2.015,-0.0008,-0.002,-0.0036,-0.0015,-0.337,-0.2302
2016,2.016,0.0002,0.008,-0.0004,0.0027,-0.8057,-0.6371
2017,2.017,-0.0007,0.006,0.0026,-0.0004,-1.7428,-1.1131
2018,2.018,0.0052,0.0042,0.0091,0.0024,-0.8707,-0.5375
2019,2.019,0.0014,0.0086,0.0013,0.0009,-0.0753,0.1606
2020,2.02,0.0063,0.0016,0.0066,0.0039,0.4425,0.2559
2021,2.021,0.002,0.0026,0.002,0.0042,0.5381,0.3419
2022,2.022,0.0084,0.0057,0.0046,0.0007,0.4543,0.2651
2023,2.023,0.0058,0.0066,0.0053,0.0003,0.5322,0.3357
2024,2.024,0.0095,0.0056,0.0004,-0.0017,0.6031,0.3997
2025,2.025,0.0046,0.0063,0.0035,-0.0075,1.5623,1.0391
2026,2.026,0.0029,0.0084,-0.0018,-0.0153,1.1516,0.7841
2027,2.027,-0,0.0048,0.0003,-0.0143,0.2771,0.0861
2028,2.028,-0.0058,0.0042,-0.0039,-0.0098,-0.2926,-0.1968
2029,2.029,-0.0021,0.0046,0.0037,-0.009,-0.3979,-0.2832
2030,2.03,-0.0001,0.0123,0.0027,0.001,-0.493,-0.3613
2031,2.031,0.0015,0.0044,-0.0018,0.005,-0.5792,-0.2919
2032,2.032,0.0044,0.0013,-0.0009,0.0087,-0.3479,-0.2284
2033,2.033,0.0008,-0.0015,-0.0046,0.0054,-1.4029,-0.8677
2034,2.034,0.002,-0.0058,-0.001,0.0064,-1.5545,-0.9532
2035,2.035,0.0031,-0.0006,-0.0027,0.0018,-0.5939,-0.256
2036,2.036,-0.0026,0.0028,0.0014,0.0026,0.2812,0.2141
2037,2.037,-0.0018,0.0011,-0.0011,0.0062,0.3972,0.3009
2038,2.038,-0.0011,-0.0018,-0.0033,0.0069,0.5018,0.3793
2039,2.039,-0.0018,0.0029,-0.0012,0.0038,0.5964,0.31
2040,2.04,-0.0001,0.0059,0.0046,0.0043,0.3417,0.2466
2041,2.041,0.0004,0.0042,-0.0048,0.0027,0.8837,0.5374
2042,2.042,0.0019,-0.0016,0.004,0.0015,1.6577,1.0134
2043,2.043,0.0007,0.0068,-0.0015,0.0035,0.9371,0.4378
2044,2.044,-0.0013,0.0058,-0.0005,0.0009,-0.0955,-0.1053
2045,2.045,-0.0017,0.0028,0.0023,-0.0024,-0.2354,-0.1771
2046,2.046,-0.0034,0.002,-0.0019,-0.0021,-0.3617,-0.2419
2047,2.047,-0.001,0.0045,0.0018,-0.0024,-0.4763,-0.3007
2048,2.048,0.0003,-0.0007,-0.0017,-0.0001,-0.5801,-0.2484
2049,2.049,0.0002,-0.0014,-0.0012,-0.0005,-0.487,-0.3927
2050,2.05,0.0008,-0.0009,-0.0016,-0.0018,-1.7641,-1.048
2051,2.051,0.0029,0.0032,0.0009,-0.0012,-1.2177,-0.7673
2052,2.052,-0.001,-0.0003,0.004,-0.0049,-0.386,-0.17
2053,2.053,0.0007,-0.0014,-0.0024,-0.0024,0.371,0.2191
2054,2.054,0.0043,-0.0034,0.0022,-0.0036,0.5102,0.2908
2055,2.055,0.0021,-0.0043,0.0048,0.002,0.6361,0.3557
2056,2.056,-0.0008,-0.0032,-0.0021,0.0042,0.5238,0.2984
2057,2.057,-0.0004,0.0019,-0.0029,0.0035,0.4218,0.246
2058,2.058,0.0035,0,0.003,0.004,1.2646,0.8709
2059,2.059,-0.0012,0.0044,0.0053,-0,1.6051,0.9567
2060,2.06,-0.0042,0.0005,-0.0011,-0.0016,0.4712,0.2596
2061,2.061,0.0023,0.0011,-0.0037,-0.0027,-0.2859,-0.2104
2062,2.062,0.0031,0.0034,0.0001,-0.0039,-0.4254,-0.2969
2063,2.063,0.0025,0.0015,-0.0035,-0.0003,-0.5513,-0.375
2064,2.064,0.0005,-0.0009,0.0035,0.0019,-0.4392,-0.3053
2065,2.065,-0.0011,0.0002,-0.0011,0.0031,-0.3367,-0.2415
2066,2.066,0.0018,-0.0034,-0.0003,-0.002,-0.9923,-0.6482
2067,2.067,-0.0007,-0.0011,0.0035,0.0001,-1.7589,-1.0181
2068,2.068,-0.0003,0.0019,-0.0001,0.0006,-1.038,-0.4893
2069,2.069,-0.0006,-0.003,-0.0032,-0.0046,-0.0051,0.1456
2070,2.07,-0.0002,-0.0022,-0.0015,-0.0052,0.409,0.2326
2071,2.071,-0.0012,-0.0004,-0.001,-0.0047,0.5356,0.311
2072,2.072,-0.0008,0.0002,-0.0013,0.0029,0.4239,0.3821
2073,2.073,-0.0015,-0.0022,-0.0002,-0.0001,0.5277,0.3186
2074,2.074,-0.0003,0.0021,-0.0012,0.0046,0.6219,0.3769
2075,2.075,-0.0029,-0.0018,-0.0065,0.0021,1.729,1.0639
2076,2.076,-0.0039,-0.0012,0.0004,0.0043,1.2774,0.7834
2077,2.077,-0.0008,0.0011,-0.0042,0.0024,0.3157,0.0158
2078,2.078,-0.0018,-0.0035,0,0.0055,-0.3101,-0.2947
2079,2.079,0.0028,0.0008,0.0037,0.0084,-0.4252,-0.2024
2080,2.08,0.0024,-0.0008,0.0016,0.0037,-0.5291,-0.2883
2081,2.081,0.0007,0.005,0.0011,0.0033,-0.6236,-0.3663
2082,2.082,0.0013,-0.0065,0.0005,0.0005,-0.369,-0.2964
2083,2.083,0.0001,0.0021,-0.0011,0.0021,-1.375,-0.872
2084,2.084,-0.001,0.0006,-0.0023,0.0033,-1.5127,-0.9498
2085,2.085,-0.0006,-0.0007,-0.0071,0.0022,-0.639,-0.316
2086,2.086,-0.0016,0.0005,-0.0002,0.0019,0.1572,0.1116
2087,2.087,-0.0012,0.0038,-0.0011,-0.0019,0.4687,0.1905
2088,2.088,0.0006,-0.0014,-0.0037,0.0007,0.5639,0.2615
2089,2.089,-0.0032,-0.0005,-0.0031,0.0019,0.4801,0.3261
2090,2.09,0.0021,0.0004,0.0017,0.0048,0.4037,0.2683
2091,2.091,0.0028,0.0011,-0,-0.0009,0.8963,0.638
2092,2.092,-0.0003,-0.0024,0.0004,-0,1.7283,0.9746
2093,2.093,-0.0011,-0.0044,-0.0005,-0.0032,0.8813,0.4857
2094,2.094,0.0053,-0.0013,0.003,-0.0025,-0.1407,-0.0841
2095,2.095,-0.0006,0.0075,0.0007,-0.0045,-0.2805,-0.1632
2096,2.096,0.0001,0.0012,-0.0022,-0.0014,-0.4065,-0.2346
2097,2.097,0.0037,0.0022,-0.0013,0.0003,-0.5209,-0.2994
2098,2.098,-0.0021,-0.0008,-0.0003,-0.0032,-0.4189,-0.2421
2099,2.099,0.0002,-0.0017,-0.002,-0.0054,-0.513,-0.4008
2100,2.1,0.0008,0.0008,-0.0035,-0.0006,-1.7901,-1.0257
2101,2.101,0.0025,-0.0107,0.0004,-0.0023,-1.2434,-0.7709
2102,2.102,-0.0003,-0.0057,-0.0014,-0.0005,-0.0799,-0.0733
2103,2.103,-0.0029,-0.0073,-0.002,-0.002,0.3757,0.2093
2104,2.104,-0.0041,-0.0114,-0.0008,0.0002,0.515,0.2955
2105,2.105,-0.0021,-0.0102,-0.0012,-0.0037,0.392,0.3735
2106,2.106,-0.0031,-0.0228,-0.0003,0.0031,0.5062,0.3037
2107,2.107,-0.0021,-0.0211,0.0042,-0.0014,0.4042,0.24
2108,2.108,-0.0011,-0.0136,0.0024,-0.0023,1.4343,0.8793
2109,2.109,-0.0009,0.0045,0.0064,-0.0029,1.5721,0.9647
2110,2.11,-0.0016,0.0068,0.0038,0.0006,0.4494,0.2673
2111,2.111,0.0016,0.0045,0.006,-0.0024,-0.3075,-0.2027
2112,2.112,-0.0013,0.0065,0.0012,-0.0019,-0.447,-0.2895
2113,2.113,-0.001,0.0083,-0.0019,-0.0044,-0.573,-0.3678
2114,2.114,0.0006,0.0032,0.0021,-0.0014,-0.4611,-0.2983
2115,2.115,0.0023,0.0016,0.0046,0.0007,-0.3589,-0.2348
2116,2.116,0.0004,0.0001,0.0076,-0.0004,-1.0143,-0.6417
2117,2.117,-0.0035,0.0012,0.0078,-0.0007,-1.7813,-1.0117
2118,2.118,0.0029,0.0001,0.0021,0.0024,-0.8541,-0.483
2119,2.119,0.0054,0.001,-0.0075,0.0005,0.021,0.1517
2120,2.12,0.0016,0.0055,-0.0012,-0.0012,0.3637,0.2386
2121,2.121,0.0009,0.0046,-0.0023,-0.0043,0.4686,0.3168
2122,2.122,0.0025,0.0023,-0.0013,-0.0093,0.5634,0.3877
2123,2.123,-0.0028,0.0002,-0.0022,-0.0171,0.4793,0.3243
2124,2.124,-0.0008,0.0018,0.0003,-0.0099,0.5573,0.3824
2125,2.125,-0.0025,0.0046,0.001,-0.0053,1.6128,1.0692
2126,2.126,-0.0113,0.0071,0.003,-0.0011,1.161,0.6014
2127,2.127,-0.0151,0,0.0035,0.0041,0.1994,0.004
2128,2.128,-0.0119,0.003,0.0039,0.0048,-0.4266,-0.23
2129,2.129,-0.0047,0.0056,0.0014,-0.001,-0.3157,-0.3015
2130,2.13,-0.0039,0.003,0.0017,0.0027,-0.4201,-0.3662
2131,2.131,-0.0014,0.0023,0.0029,0.0092,-0.5149,-0.3087
2132,2.132,0.0038,-0.0014,0.0011,0.0066,-0.4307,-0.2563
2133,2.133,-0.0027,0.0016,-0.0022,0.0059,-1.4369,-0.881
2134,2.134,0.0032,-0.0061,-0.0025,0.0038,-1.5748,-0.9665
2135,2.135,0.0053,-0.0031,0,0.0055,-0.452,-0.269
2136,2.136,0.0004,-0.004,0.0032,0.0037,0.3048,0.201
2137,2.137,-0.0014,-0.0032,0.0004,0.0022,0.4443,0.2876
2138,2.138,0.005,-0.0026,-0.0006,0.0025,0.5705,0.3658
2139,2.139,0.0075,-0.0006,-0.0038,0.0021,0.4586,0.2963
2140,2.14,0.0068,-0.0001,-0.0009,0.0046,0.3565,0.2328
2141,2.141,0.0003,0.0003,-0.0019,0.0014,1.0121,0.6398
2142,2.142,0.0045,0.0051,0.002,0.0052,1.6084,1.01
2143,2.143,0.0023,0.0067,-0.0027,0.0005,0.9117,0.4814
2144,2.144,0.0029,0.005,-0.0022,0.0009,-0.1211,-0.0124
2145,2.145,0.0046,0.0035,-0.0016,0.0026,-0.2612,-0.2057
2146,2.146,0.0005,0.0004,-0.0073,-0.001,-0.3875,-0.2645
2147,2.147,0.002,0.006,-0.002,-0.0041,-0.5019,-0.318
2148,2.148,0.0023,0.0053,0.0044,0.0006,-0.4,-0.2704
2149,2.149,0.0027,0.0004,-0.0014,-0.0024,-0.6811,-0.4015
2150,2.15,0.0008,0.0021,0.0039,0.0028,-1.788,-0.9971
2151,2.151,0.0025,0.0038,0.0019,-0.0037,-1.3363,-0.742
2152,2.152,0.0021,-0.004,0.0036,-0.0029,-0.1003,-0.044
2153,2.153,0.0014,-0.0029,0.0042,-0.0007,0.4005,0.2388
2154,2.154,-0.0003,-0.0039,0.0017,0.0013,0.5535,0.3253
2155,2.155,0.0019,-0.0012,0.006,0.0043,0.4179,0.249
2156,2.156,0,-0.0037,-0.0004,0.0015,0.5432,0.32
2157,2.157,-0.0028,-0.0014,0.0005,-0.0033,0.4306,0.2565
2158,2.158,-0.001,0.0007,0.0013,0.0009,1.3577,0.8958
2159,2.159,0.0007,0.0038,-0.0022,-0.0008,1.483,0.8112
2160,2.16,-0.003,0.0022,-0.0005,0.0018,0.4622,0.2687
2161,2.161,0.0001,0.0039,0.0024,0.0006,-0.2265,-0.2252
2162,2.162,0.003,0.0018,0.0072,0.0018,-0.3535,-0.2908
2163,2.163,-0.0006,0.0058,-0.0022,-0.0025,-0.4681,-0.3497
2164,2.164,-0.0002,0.0074,0.0019,-0.003,-0.572,-0.2976
2165,2.165,-0.0058,0.0005,-0.0018,-0.0065,-0.2916,-0.25
2166,2.166,0.0012,0.0016,-0.0008,-0.0043,-1.0579,-0.6432
2167,2.167,0.0021,0.0044,-0.0018,0.0005,-1.7791,-1.0132
2168,2.168,-0.0004,0.0087,-0.001,-0.0012,-0.9361,-0.4844
2169,2.169,0.0033,0.0003,-0.0018,0.0005,0.0866,0.1504
2170,2.17,0.0041,0.0014,0.0019,-0.003,0.5009,0.2373
2171,2.171,0.0046,-0.0016,-0.0002,-0.0018,0.3786,0.3155
2172,2.172,-0.0017,-0.0099,-0.0007,0.0029,0.4934,0.3865
2173,2.173,0.0025,-0.0043,-0.0024,0.0024,0.3917,0.323
2174,2.174,-0.0059,-0.0012,-0.005,0.0007,0.6733,0.3811
2175,2.175,0.002,-0.0002,-0,0.0022,1.6102,1.0682
2176,2.176,0.001,-0.0061,-0.0021,-0.002,1.2372,0.6002
2177,2.177,0.0002,0.004,-0.0027,-0.0037,0.2158,0.0027
2178,2.178,0.0028,0.0081,0.0002,0.0041,-0.1983,-0.2315
2179,2.179,0.0022,0.0044,-0.0024,-0.0014,-0.3248,-0.303
2180,2.18,-0.0013,0.0035,-0.0028,0.0016,-0.4387,-0.3679
2181,2.181,0.0004,0.0025,-0.0009,0.0043,-0.5423,-0.3106
2182,2.182,0.0022,0.0017,0.0033,0.0018,-0.4492,-0.2581
2183,2.183,0.0007,-0.0025,-0.0009,0.0025,-1.3854,-0.979
2184,2.184,0.0019,-0.0017,0.0006,0.0005,-1.5104,-0.8767
2185,2.185,-0.0019,-0.0066,-0.0017,-0.0012,-0.4893,-0.2206
2186,2.186,-0.0013,-0.0061,-0.0038,-0.0007,0.1997,0.2068
2187,2.187,-0.0001,-0.0043,-0.0075,-0.0043,0.3272,0.2856
2188,2.188,-0.0012,-0.0058,-0.0006,-0,0.4424,0.3566
2189,2.189,-0.0037,-0.0046,-0.0038,0.0016,0.5465,0.2933
2190,2.19,-0.002,-0.0034,0.0007,0.0042,0.454,0.2357
2191,2.191,0.0024,-0.0024,-0.0054,0.0011,1.0503,0.6053
2192,2.192,-0.0016,-0.0069,-0.0077,0.005,1.7476,1.0381
2193,2.193,-0.0031,-0.0011,-0.0058,0.0024,0.9049,0.3983
2194,2.194,-0.0026,-0.0019,-0.003,-0.0008,-0.0725,-0.0874
2195,2.195,-0.0003,0.005,-0.0048,-0.0012,-0.4148,-0.1743
2196,2.196,0,0.0004,-0.0044,0.0017,-0.519,-0.2526
2197,2.197,-0.0003,-0.0021,-0.007,0.0027,-0.6137,-0.3236
2198,2.198,-0.0006,0.0001,-0.0029,-0.0026,-0.5295,-0.2602
2199,2.199,-0.0037,-0.002,-0.0106,-0.0004,-0.6072,-0.4346
2200,2.2,0.0014,-0.0003,-0.0035,0.0003,-1.6626,-1.1218
2201,2.201,-0.0035,-0.0008,0.001,0.0019,-1.2108,-0.6538
2202,2.202,0.0007,-0.0066,-0.0017,-0.0021,-0.2487,-0.0566
2203,2.203,0.0012,-0.0073,-0.004,-0.0006,0.3778,0.1774
2204,2.204,-0.0035,-0.0067,-0.0134,-0.0029,0.4935,0.2489
2205,2.205,-0.0005,0.0003,-0.0098,-0.0041,0.5977,0.3138
2206,2.206,0.0012,-0.0082,-0.0021,-0.0031,0.5054,0.3724
2207,2.207,0.0017,-0.0186,0.0009,-0.0083,0.4211,0.3199
2208,2.208,-0.0053,-0.0173,0.0053,-0.0031,1.4274,0.9447
2209,2.209,-0,-0.0034,0.0078,0.0004,1.5652,0.8602
2210,2.21,-0.0009,0.0021,0.0024,-0.0013,0.4425,0.3176
2211,2.211,0.0016,0.0038,0.0003,-0.003,-0.3146,-0.1762
2212,2.212,-0.0006,0.0083,0.0072,-0.0108,-0.4541,-0.2415
2213,2.213,0,0.0096,0.008,-0.0118,-0.5802,-0.3003
2214,2.214,-0.0042,0.0083,0.0054,-0.0108,-0.4683,-0.3536
2215,2.215,-0.0037,0.0093,0.006,-0.0024,-0.3664,-0.2097
2216,2.216,-0.0002,0.0019,0.0095,0.0008,-1.022,-0.69
2217,2.217,-0.0024,0.0064,0.0111,0.0038,-1.7889,-1.01
2218,2.218,-0.0089,0.0004,0.0128,0.0065,-0.8619,-0.4864
2219,2.219,-0.0135,0.0011,0.008,0.004,0.0131,0.1488
2220,2.22,-0.0076,0.0017,0.0137,0.0033,0.3557,0.2358
2221,2.221,-0.0054,-0.0041,0.0144,0.0082,0.4604,0.3143
2222,2.222,-0.0034,0.001,0.0123,0.0039,0.5552,0.3856
2223,2.223,-0.0004,0.003,0.0118,0.0022,0.471,0.1946
2224,2.224,0,0.0012,0.0042,0.0058,0.7035,0.4856
2225,2.225,0.0047,0.004,-0.0011,0.0027,1.6183,1.0671
2226,2.226,0.0042,-0.0028,-0.0019,0.0066,1.2449,0.6807
2227,2.227,0.0013,0.0036,-0.0011,0.0019,0.2229,0.0464
2228,2.228,0.006,0.0061,0.0012,0.0061,-0.4655,-0.2104
2229,2.229,0.0065,0.0023,-0.0037,0.0008,-0.343,-0.2886
2230,2.23,0.0059,0.0058,0.0021,-0.0012,-0.4576,-0.3593
2231,2.231,0.0033,0.0062,-0.0001,0.0018,-0.5616,-0.2955
2232,2.232,0.0011,-0.0026,0.002,0.0001,-0.4689,-0.2375
2233,2.233,0.005,0.001,-0.001,-0.0024,-1.4058,-0.9241
2234,2.234,0.0024,-0,-0.0014,0.0006,-1.5311,-0.8307
2235,2.235,0.0027,0.0009,0.0012,0.0026,-0.5102,-0.2335
2236,2.236,0.0055,-0.0018,-0.0018,0.003,0.178,0.1557
2237,2.237,0.0036,-0.001,0.0003,-0.0003,0.554,0.2279
2238,2.238,0.0046,-0.0004,0.0029,0.0009,0.4421,0.293
2239,2.239,0.0015,-0.0053,0.0006,0.0034,0.546,0.3521
2240,2.24,0.0019,0.0016,0.0004,0.0002,0.4531,0.1946
2241,2.241,-0.0005,-0.003,0.0012,-0.0001,1.049,0.7235
2242,2.242,-0.0016,-0.0022,-0.0026,-0.0011,1.5913,0.9349
2243,2.243,0.0026,-0,-0.003,-0.0057,0.8171,0.4873
2244,2.244,-0.0004,0.0049,-0.0014,0.0001,-0.1127,-0.1535
2245,2.245,0.0036,0.0018,-0.0043,-0.0006,-0.2402,-0.24
2246,2.246,0,0.0001,0.0022,-0.0027,-0.3552,-0.3179
2247,2.247,-0.0012,0.0049,-0.0061,-0.0032,-0.4595,-0.3885
2248,2.248,0.0017,0.0032,-0.0027,0.0009,-0.367,-0.1969
2249,2.249,0.0027,0.0003,0.0047,-0.0006,-0.6227,-0.4872
2250,2.25,0.001,-0.0002,0.0021,-0.0002,-1.7838,-1.0684
2251,2.251,0.0027,-0.0006,-0.002,0.0053,-1.2868,-0.6815
2252,2.252,-0.0016,-0.0018,0.0019,-0.0016,-0.2287,-0.0466
2253,2.253,-0.0021,-0.0021,-0.0029,-0.0007,0.4595,0.2108
2254,2.254,-0.0016,-0.0011,-0.0023,0.0001,0.3373,0.2895
2255,2.255,-0.0011,-0.0027,-0.0038,-0.002,0.4517,0.3606
2256,2.256,-0.0007,-0.0052,-0.0012,0,0.5558,0.2975
2257,2.257,-0.0027,-0.0013,-0.0041,0.0018,0.463,0.2401
2258,2.258,-0.0017,0.0012,-0.0036,-0.0023,1.3995,0.9273
2259,2.259,-0.0026,0.0024,-0.0045,-0.0007,1.5248,0.8344
2260,2.26,0.0004,0.0045,-0.0047,-0.0028,0.5037,0.2377
2261,2.261,0.0015,0.0056,-0.0069,0.0001,-0.1847,-0.1509
2262,2.262,0.0019,0.0059,-0.0026,-0.0034,-0.3118,-0.2224
2263,2.263,0.0009,0.005,-0.0019,-0.0021,-0.4266,-0.2872
2264,2.264,0.0011,0.0025,0.0058,0.0008,-0.5308,-0.3459
2265,2.265,-0.0028,-0.0007,-0.0014,0.0005,-0.4381,-0.188
2266,2.266,-0.001,-0.0054,-0.0004,0.0015,-1.0343,-0.7165
2267,2.267,-0.0035,-0.0011,-0.0046,-0.0008,-1.7315,-1.0686
2268,2.268,0.0026,-0.0027,-0.0023,0.0035,-0.8885,-0.3649
2269,2.269,0.0001,-0.0074,-0.0042,0.0005,0.134,0.105
2270,2.27,-0.0005,-0.0043,0.0016,0.0022,0.2738,0.1916
2271,2.271,-0.0025,0.0034,0.001,0.0017,0.4002,0.2698
2272,2.272,0.0006,0.0004,0.0004,0.0006,0.5147,0.3407
2273,2.273,-0.0011,0.0069,0.0046,-0.0023,0.4127,0.2772
2274,2.274,-0.0036,0.001,-0.0006,0.0003,0.6939,0.4514
2275,2.275,-0.0005,-0.0027,0.0001,-0.0043,1.8009,1.0326
2276,2.276,0.0007,-0.0019,0.0006,0.0027,1.0472,0.6459
2277,2.277,-0.0002,-0.0014,-0.001,0,0.0853,0.0114
2278,2.278,-0.0034,-0.0018,0.0005,0.0026,-0.2913,-0.2458
2279,2.279,0.0031,-0.0003,-0.0017,0.0033,-0.4066,-0.3245
2280,2.28,0.0023,0.0048,-0.0029,0.0012,-0.5106,-0.2552
2281,2.281,0.0015,0.0042,-0.0019,0.0007,-0.4179,-0.32
2282,2.282,0.0009,0.0025,0.0026,0.0012,-0.5038,-0.2625
2283,2.283,0.0016,-0.0003,-0.0016,0.0007,-1.51,-0.9496
2284,2.284,0.0047,-0.0029,-0.0011,0.0037,-1.3738,-0.8568
2285,2.285,0.0031,0.0022,-0.0037,0.0025,-0.5001,-0.2602
2286,2.286,-0.0005,-0.0026,0.0024,-0.001,0.2957,0.2829
2287,2.287,0.0018,-0.0056,-0.0002,-0.0014,0.401,0.214
2288,2.288,0.0006,-0.0051,0.0004,0.0006,0.4959,0.2784
2289,2.289,0.0003,-0.0004,-0.0003,0.001,0.5821,0.3367
2290,2.29,-0.0007,0.0002,0.0014,0.002,0.3507,0.2841
2291,2.291,-0.003,0.0019,-0.0039,-0.0004,1.1246,0.7163
2292,2.292,0,-0.0006,-0.0004,0.0021,1.6398,1.0068
2293,2.293,0.0048,-0.0003,-0.0047,-0.0032,0.7965,0.4249
2294,2.294,0.0031,0.0045,-0.0064,0.0005,-0.226,-0.1188
2295,2.295,0.0018,0.0055,-0.004,-0.0034,-0.3457,-0.2415
2296,2.296,0.0001,0.0025,-0.0025,-0.0042,-0.4843,-0.3131
2297,2.297,0.0068,0.003,-0.0029,-0.0025,-0.6102,-0.378
2298,2.298,0.0023,0.0005,-0.0017,-0.0042,-0.4981,-0.2046
2299,2.299,0.0031,-0.0007,0.0007,-0.0007,-0.6016,-0.4691
2300,2.3,-0.0006,-0.0019,-0.0046,-0.0004,-1.8194,-1.0943
2301,2.301,0.0014,-0.0009,-0.0009,0.0007,-0.9909,-0.6691
2302,2.302,-0.0043,-0.0032,0.0026,-0.0003,-0.2349,0.0285
2303,2.303,-0.005,0.0018,0.0108,-0.0056,0.4536,0.3109
2304,2.304,-0.0086,-0.0074,0.0004,-0.0109,0.331,0.2266
2305,2.305,-0.0144,-0.0012,-0.0037,-0.0187,0.445,0.3044
2306,2.306,-0.0107,-0.0022,-0.0049,-0.0135,0.5488,0.2346
2307,2.307,-0.0113,-0.0012,-0.006,-0.0014,0.4558,0.2985
2308,2.308,-0.0044,-0.0003,-0.0008,-0.0065,1.5624,0.9377
2309,2.309,-0.0036,-0.0012,0.0019,-0.0111,1.4122,0.8527
2310,2.31,-0.0028,0.0026,0.0044,-0.0181,0.4506,0.1548
2311,2.311,-0.0006,0.0061,0.0036,-0.0017,-0.1757,-0.1279
2312,2.312,0.0001,0.0004,0.0029,0.0048,-0.2918,-0.2147
2313,2.313,-0.0005,-0.0033,0.0024,0.0109,-0.3962,-0.2931
2314,2.314,0.0024,-0.004,-0.0017,0.009,-0.491,-0.3642
2315,2.315,0.0018,-0.001,-0.0043,0.0073,-0.4068,-0.1731
2316,2.316,-0.0004,-0.0098,-0.0021,0.0118,-1.1039,-0.6964
2317,2.317,0.0016,-0.0211,-0.0025,0.0049,-1.7602,-1.0486
2318,2.318,0.0019,-0.0227,0.0033,0.006,-0.8237,-0.345
2319,2.319,0.0029,-0.0019,0.0058,0.0004,0.0513,0.1248
2320,2.32,0.0046,0.001,0.0051,0.0077,0.3938,0.2114
2321,2.321,0.0052,0.0037,0.0031,0.0068,0.4983,0.2893
2322,2.322,0.0059,0.0061,0.0061,0.0076,0.593,0.36
2323,2.323,0.0075,0.0039,0.0066,0.0054,0.5086,0.2962
2324,2.324,0.0043,0.0018,0.0041,0.0005,0.741,0.3543
2325,2.325,-0.0019,0.0074,0.001,-0.0012,1.6556,0.9355
2326,2.326,0.0023,0.0057,0.0058,-0.0018,1.0329,0.5485
2327,2.327,0.0016,0.0042,0.0041,-0.0002,0.0109,0.0547
2328,2.328,-0.0091,0.0082,0.0036,0.0048,-0.4033,-0.2669
2329,2.329,-0.0167,0.0119,-0.0011,0.0013,-0.5297,-0.2101
2330,2.33,-0.0098,0.0063,0.0019,0.0043,-0.4177,-0.2638
2331,2.331,-0.0061,0.0074,0.0014,0.0026,-0.5214,-0.3123
2332,2.332,0.0016,0.0046,0.001,0.0041,-0.4284,-0.2691
2333,2.333,0.0006,0.0021,0.0022,0.0044,-1.5353,-0.8647
2334,2.334,0.0014,-0.0016,0.0002,0.0005,-1.3853,-0.7801
2335,2.335,0.0022,-0.0023,0.006,-0.001,-0.4239,-0.2373
2336,2.336,0.0074,0.0019,0.0052,-0.0006,0.4514,0.2568
2337,2.337,0.0067,0.0024,-0,0.0022,0.3409,0.3224
2338,2.338,0.0025,0.0008,-0.0007,0.0033,0.4451,0.2652
2339,2.339,-0.0004,0.003,0.0011,-0.002,0.54,0.3187
2340,2.34,0.0031,-0.0017,-0.0029,0.0017,0.4558,0.2712
2341,2.341,0.0019,0.004,0.0007,0.0024,1.1526,0.7519
2342,2.342,0.0015,0.0003,-0.0023,0.0007,1.6215,0.9444
2343,2.343,0.0018,-0.009,-0.0062,-0.0033,0.6847,0.4209
2344,2.344,0.0057,0.0023,-0.0026,0.0014,-0.1902,-0.073
2345,2.345,0.0021,0.0008,0.0005,0.0032,-0.306,-0.2664
2346,2.346,0.0009,-0.0006,-0.0006,-0.0009,-0.4102,-0.3251
2347,2.347,0.0006,0.0006,0.003,0.0027,-0.5049,-0.3784
2348,2.348,0.0048,-0.0027,-0.003,0.003,-0.4205,-0.2347
2349,2.349,0.0007,-0.0037,0.0013,0.0002,-0.6527,-0.4529
2350,2.35,0.0012,0.0009,0.0006,-0.0017,-1.7077,-1.0484
2351,2.351,-0,-0.0017,0.0042,0.0001,-1.2554,-0.6227
2352,2.352,-0.0004,-0.007,-0.0015,-0.0016,-0.0187,0.0756
2353,2.353,0.0006,-0.0063,0.0008,-0.0029,0.482,0.1713
2354,2.354,0.0009,-0.0006,-0.0041,-0.0012,0.3335,0.258
2355,2.355,-0.0035,-0.0028,-0.0035,0.0025,0.4718,0.3364
2356,2.356,0.0006,-0.0035,-0.004,-0.001,0.5976,0.267
2357,2.357,-0.001,0.0022,0.0008,-0.0079,0.4853,0.3314
2358,2.358,0.0002,0,-0.0022,-0.0109,1.6183,0.9711
2359,2.359,0.0014,0.002,0.0008,-0.0082,1.4685,0.7165
2360,2.36,0.0004,-0.0049,-0.0027,-0.0039,0.5072,0.1741
2361,2.361,0.0008,-0.0004,-0.0024,-0.0045,-0.3679,-0.1789
2362,2.362,-0.0009,-0.0046,0.0016,-0.0024,-0.4832,-0.244
2363,2.363,-0.0015,-0.0009,0.0001,-0.004,-0.5875,-0.3025
2364,2.364,-0.0013,0.0083,-0.0011,0.0013,-0.4951,-0.3556
2365,2.365,-0.0001,-0.0005,-0.0031,-0.0036,-0.4109,-0.2116
2366,2.366,0.0005,0.0005,-0.0027,-0.0005,-1.1077,-0.7793
2367,2.367,-0.0014,-0.0006,-0.0017,-0.0021,-1.7637,-1.0115
2368,2.368,-0.0006,-0.0091,0.0007,0.0037,-0.8267,-0.3777
2369,2.369,-0.0019,-0.0013,-0.0036,-0,0.0483,0.2203
2370,2.37,0.0008,0.0039,-0.0019,0.0007,0.3907,0.2995
2371,2.371,-0.0008,-0.0006,-0.0024,-0.001,0.4952,0.3709
2372,2.372,0.0029,-0.0014,-0.0009,-0.0027,0.5902,0.308
2373,2.373,-0.0001,0.0008,-0.0031,0.0051,0.5061,0.2508
2374,2.374,0.0012,0.0015,-0.0028,0.0061,0.7387,0.5154
2375,2.375,0.0022,0.001,0.0013,-0.0011,1.6536,1.0442
2376,2.376,-0.0017,-0.0031,0.003,-0.0003,1.0307,0.5524
2377,2.377,0.0019,0.0037,-0.0018,0.0022,0.0086,-0.0245
2378,2.378,0.0008,0.0029,0.005,0.0029,-0.4057,-0.258
2379,2.379,-0.0012,0.0004,-0.0054,0.0022,-0.5323,-0.3292
2380,2.38,-0.0002,0.0026,-0.0014,0.0005,-0.4205,-0.2658
2381,2.381,-0.0012,0.0019,-0.0027,-0.0047,-0.5242,-0.3242
2382,2.382,0.0005,0.0002,0.0004,0.0002,-0.4311,-0.2716
2383,2.383,-0.0037,-0.0051,-0.007,0.0032,-1.5379,-0.9923
2384,2.384,-0.002,0.0027,-0.0044,0.0003,-1.3881,-0.8897
2385,2.385,0.0009,0.0037,-0.0002,0.0008,-0.4265,-0.2331
2386,2.386,0.0015,-0.0028,-0.0025,0.0011,0.449,0.1945
2387,2.387,-0.0015,-0.0003,-0.0006,0.0014,0.3384,0.2735
2388,2.388,-0.0003,0.0034,-0.0024,0.0039,0.4424,0.3445
2389,2.389,-0.0022,0.0014,0.0003,-0.0006,0.5368,0.281
2390,2.39,0.0031,-0.0017,-0.0013,-0.0049,0.4524,0.2234
2391,2.391,-0.0006,-0.0012,-0.0011,-0.0032,1.1491,0.8046
2392,2.392,0.0014,0.0003,-0.006,-0.0007,1.6177,1.037
2393,2.393,-0.0016,0.0014,-0.0044,-0.0004,0.6804,0.4032
2394,2.394,-0.0033,0.0018,-0.0005,-0.0001,-0.195,-0.1947
2395,2.395,0.0035,0.0036,0.0009,-0.0011,-0.3111,-0.2737
2396,2.396,0.0055,-0.0029,0.0023,0.0015,-0.4761,-0.287
2397,2.397,0.0028,-0.0012,0.0043,0.0019,-0.5805,-0.3582
2398,2.398,-0.0015,0.0018,0.0045,0.0022,-0.4881,-0.295
2399,2.399,-0.0021,0.006,0.0025,0.0008,-0.7441,-0.4695
2400,2.4,0.0027,0.0008,-0.0008,0.0036,-1.7509,-1.0512
2401,2.401,0.001,0.0014,0.0002,0.0039,-1.066,-0.6647
2402,2.402,0.0015,0.0019,-0.0035,0.0063,0.0579,-0.0303
2403,2.403,0.001,-0.0045,-0.0087,0.0012,0.5131,0.2264
2404,2.404,-0.0002,-0.0003,-0.0052,-0.0095,0.3781,0.3046
2405,2.405,0.001,0.0004,-0.0059,-0.0019,0.5033,0.3751
2406,2.406,-0.0009,0.0024,-0.0043,-0.0033,0.6172,0.3115
2407,2.407,-0.002,0.0029,-0.005,-0.007,0.5148,0.3695
2408,2.408,-0.0003,0.0034,-0.0029,-0.0126,1.5445,0.9504
2409,2.409,-0.001,0.0081,-0.0027,-0.0179,1.408,0.7185
2410,2.41,-0.0027,0.0039,-0.0038,-0.0095,0.2845,0.2249
2411,2.411,-0.0054,0.0034,0.0013,-0.0039,-0.1711,-0.2249
2412,2.412,-0.0093,0.0019,0.0019,0.0013,-0.3108,-0.2845
2413,2.413,-0.0129,-0.0032,0.0038,0.0005,-0.4373,-0.3384
2414,2.414,-0.0141,0.0032,0.0007,0.0064,-0.552,-0.2913
2415,2.415,-0.0077,-0.001,0.0034,0.0071,-0.4502,-0.2483
2416,2.416,-0.0032,-0.0032,0.0081,0.005,-1.2933,-0.7649
2417,2.417,-0.0058,-0.0039,0.005,0.0045,-1.6341,-0.9765
2418,2.418,-0.0006,-0.0008,0.0032,0.0086,-0.7068,-0.4007
2419,2.419,0.0001,-0.0096,0.0067,0.0039,0.1682,0.1425
2420,2.42,0.0031,-0.026,0.0054,0.0056,0.2838,0.2142
2421,2.421,0.0025,-0.0238,0.0101,0.0084,0.3882,0.2789
2422,2.422,0.004,-0.0054,0.007,0.0069,0.4829,0.3373
2423,2.423,0.0028,0.007,0.0053,0.0008,0.3987,0.2846
2424,2.424,0.0024,-0.0041,-0.0005,0.0051,0.7859,0.5247
2425,2.425,0.0081,-0.0183,0.0094,0.0014,1.7005,1.0051
2426,2.426,0.0003,-0.009,0.0081,-0.0022,1.0777,0.5572
2427,2.427,0.0013,0.0028,0.0118,0.0021,0.0556,0.0323
2428,2.428,0.004,0.0135,0.0128,0.0016,-0.3588,-0.1806
2429,2.429,0.0048,0.0094,0.0055,-0.0032,-0.4853,-0.2461
2430,2.43,0.0054,0.0106,-0.003,-0.0015,-0.5997,-0.3052
2431,2.431,0.0019,0.0116,-0.004,-0.0009,-0.4976,-0.2531
2432,2.432,0.0001,0.0064,0.0013,-0.0004,-0.4047,-0.3016
2433,2.433,0.0053,0.0018,-0.0051,-0.0008,-1.6816,-0.9571
2434,2.434,0.0017,0.0044,-0.0026,0.0004,-1.5001,-0.8641
2435,2.435,0.0034,0.0037,-0.0018,0.0008,-0.337,-0.2672
2436,2.436,0.0005,-0.0012,-0.0053,-0.0015,0.4203,0.2762
2437,2.437,-0,0.0019,-0.0022,-0.0012,0.5601,0.3477
2438,2.438,0.0011,0.0024,-0.0005,0.0026,0.437,0.2846
2439,2.439,-0.0028,0.0049,-0.003,-0.0052,0.5512,0.3433
2440,2.44,0.004,0.0092,0.0022,0.0051,0.4493,0.2909
2441,2.441,0.0031,0.0028,-0.0013,-0.0018,1.2924,0.8195
2442,2.442,0.0022,0.0019,-0.0007,0.0045,1.633,1.0308
2443,2.443,0.0029,-0.0002,-0.0023,-0.0058,0.7054,0.327
2444,2.444,-0.002,0.0018,-0.0038,0.0011,-0.1695,-0.143
2445,2.445,0.001,-0.0012,-0.0025,-0.0026,-0.2853,-0.2297
2446,2.446,-0.0007,0.0017,0.004,0.0007,-0.3895,-0.3081
2447,2.447,-0.0012,0.0022,0.0033,-0.0023,-0.4842,-0.3789
2448,2.448,0.0018,0.0025,0.0076,0.0004,-0.3999,-0.1873
2449,2.449,0.0015,-0.0022,0.0025,-0.0004,-0.7871,-0.4779
2450,2.45,0.0018,-0.0039,-0.0038,-0.0042,-1.8422,-1.0591
2451,2.451,-0.0027,-0.0044,-0.0028,0.0036,-1.0882,-0.5173
2452,2.452,0.0015,-0.0049,0.0025,-0.0016,-0.1255,-0.0235
2453,2.453,-0.0037,-0.0018,0.002,0.003,0.5007,0.2982
2454,2.454,-0.0031,0.0021,0.0026,-0.0012,0.3898,0.2415
2455,2.455,-0.0035,-0.0026,0.0033,-0.0006,0.4941,0.2951
2456,2.456,-0.003,-0.0021,-0.0002,-0.0012,0.5889,0.248
2457,2.457,-0.0015,0.0008,-0.0022,0.0005,0.5047,0.2921
2458,2.458,-0.0012,-0.0027,-0.0001,-0.0012,1.5113,0.888
2459,2.459,-0.0008,0.0004,0.0011,-0.0027,1.3752,0.8037
2460,2.46,-0.0004,-0.0043,0.0036,-0.0038,0.2521,0.1064
2461,2.461,0.0006,0.0014,-0,-0.0009,-0.2033,-0.1759
2462,2.462,0.0043,0.0021,-0.005,-0.0019,-0.3426,-0.2622
2463,2.463,0.0001,-0.0027,-0.0028,-0.0008,-0.4681,-0.3401
2464,2.464,0.0042,-0.001,-0.001,0.0043,-0.5824,-0.2702
2465,2.465,0.0047,0.0055,-0.0014,-0.0034,-0.2744,-0.2063
2466,2.466,0.0005,0.003,-0.0049,0.0018,-1.3045,-0.8454
2467,2.467,-0.0035,-0.0022,0.0003,0.0027,-1.7164,-0.9307
2468,2.468,0.0001,-0.0015,-0.0016,-0.0015,-0.5939,-0.388
2469,2.469,-0.001,-0.0046,-0.001,-0.0008,0.1632,0.1062
2470,2.47,0.0002,-0.0005,-0.0014,-0.0001,0.3032,0.3
2471,2.471,-0.0001,-0.0063,-0.0029,0.0005,0.4295,0.3592
2472,2.472,0.001,-0.0085,-0.005,0.001,0.5437,0.3073
2473,2.473,0.0014,-0.0035,-0.0021,-0.0005,0.4419,0.2601
2474,2.474,0.0007,0.006,-0.0002,0.0007,0.7233,0.5663
2475,2.475,-0.0021,0.0019,-0.0025,-0.0022,1.6603,1.0035
2476,2.476,-0.0039,0.0031,0.0026,0.0035,1.0376,0.597
2477,2.477,0,0.0041,-0.0009,0.001,0.0156,0.0145
2478,2.478,0.0006,0.0072,0.0008,0.0003,-0.3982,-0.2191
2479,2.479,-0.0025,0.0045,-0.0008,-0.0032,-0.5246,-0.2901
2480,2.48,0.004,0.0053,-0.0023,-0.0001,-0.4125,-0.3547
2481,2.481,0.0032,-0.0016,-0.0093,-0.003,-0.5163,-0.2971
2482,2.482,0.0024,0.0011,-0.0062,0.0028,-0.4233,-0.35
2483,2.483,0.0018,-0.0031,0.0002,-0.0041,-1.7001,-1.0708
2484,2.484,-0.0031,-0.0053,-0.0023,-0.005,-1.5186,-0.7624
2485,2.485,-0.0013,-0.0004,-0.0017,-0.0024,-0.356,-0.1059
2486,2.486,-0.0018,-0.0021,-0.001,0.0013,0.401,0.1511
2487,2.487,0.0018,-0.0027,-0.0052,0.0006,0.5406,0.2299
2488,2.488,-0.0003,-0.0052,-0.0012,0.0011,0.4175,0.3008
2489,2.489,-0.0032,-0.0002,-0.0007,0.0016,0.5315,0.3654
2490,2.49,-0.0035,-0.0022,0.0023,0.0051,0.4291,0.1916
2491,2.491,0.0005,-0.0005,0.0035,0.0029,1.2719,0.7727
2492,2.492,0.002,-0,0.0009,0.0058,1.6122,1.0051
2493,2.493,0.0009,0.0035,-0.0044,0,0.6841,0.3714
2494,2.494,0.0006,0.0023,-0.0037,0.0043,-0.1912,-0.0562
2495,2.495,0.0016,0.0043,-0.0002,0.0005,-0.3074,-0.29
2496,2.496,0.0006,-0.0015,-0.0033,0.0012,-0.412,-0.3614
2497,2.497,-0.0031,0.0051,-0.0057,0.0042,-0.5247,-0.322
2498,2.498,-0,0.0059,-0.0041,0.0047,-0.4323,-0.2587
2499,2.499,0.0004,0.0006,-0.0056,0.0064,-0.8585,-0.5495
2500,2.5,-0.0006,-0.0043,-0.0069,0.0038,-1.8656,-1.0255
2501,2.501,-0.0016,-0.006,-0.0073,0.0007,-0.9064,-0.578
2502,2.502,0.0009,-0.0044,-0.0023,-0.004,-0.0318,0.0628
2503,2.503,-0.0043,-0.0069,-0.0043,-0.0046,0.3104,0.3195
2504,2.504,-0.0006,-0.0008,-0.0027,-0.0063,0.4152,0.2431
2505,2.505,0.0015,-0.0034,0.0001,-0.0048,0.5097,0.3137
2506,2.506,0.0057,-0.0041,-0.0005,-0.006,0.4253,0.25
2507,2.507,0.0029,-0.0021,0.0025,-0.0125,0.5029,0.1918
2508,2.508,0.0003,-0.0116,0.0005,-0.0133,1.5578,0.8784
2509,2.509,-0.0039,0.0009,-0.0053,-0.0074,1.4074,0.7848
2510,2.51,-0.0022,-0.0076,0.0041,-0.0038,0.4457,0.1875
2511,2.511,0.0013,-0.0182,0.0078,0.0026,-0.4296,-0.2015
2512,2.512,-0.0029,-0.0142,0.0109,0.0035,-0.3188,-0.2733
2513,2.513,-0.0012,0.0022,0.0099,0.0071,-0.4232,-0.3384
2514,2.514,0.0024,0.0044,0.0052,0.0035,-0.518,-0.2813
2515,2.515,-0.0019,0.0105,0.0044,-0.0007,-0.4338,-0.2292
2516,2.516,-0.0024,0.0049,0.0021,-0.0013,-1.2853,-0.854
2517,2.517,-0.0019,0.0099,0.007,0.0013,-1.626,-0.9399
2518,2.518,0.0012,0.0053,0.01,0,-0.6982,-0.3977
2519,2.519,0.0023,0.0094,0.014,0.0012,0.177,0.2369
2520,2.52,-0.0012,0.0131,0.0062,-0.0014,0.5193,0.3232
2521,2.521,0.003,0.0053,-0.0016,0.0039,0.4178,0.2467
2522,2.522,0.0025,0.0084,-0.0068,0.0032,0.5125,0.3176
2523,2.523,0.005,0.0187,-0.0041,0.0052,0.4283,0.2539
2524,2.524,0.0028,0.0035,0.0001,0.0056,0.8154,0.5443
2525,2.525,0.0007,0.0055,0.0038,-0.0032,1.7304,1.0199
2526,2.526,0.0017,0.0037,-0.0011,-0.012,0.8583,0.572
2527,2.527,-0.0022,0.002,-0.0005,-0.0152,0.063,-0.0691
2528,2.528,0.0025,0.0035,-0.001,-0.008,-0.4545,-0.1561
2529,2.529,-0.0033,0.0022,-0.0025,-0.0034,-0.3626,-0.2347
2530,2.53,-0.007,0.001,0.0017,0.0008,-0.4491,-0.3057
2531,2.531,-0.0006,-0.0022,-0.0023,0.0014,-0.5272,-0.2424
2532,2.532,-0.0101,-0.0075,0.0035,-0.0006,-0.4574,-0.3008
2533,2.533,-0.0138,-0.0011,0.0028,0.0024,-1.4168,-0.988
2534,2.534,-0.0107,-0.0019,-0.0007,0.0041,-1.2805,-0.7076
2535,2.535,-0.0076,0.0003,0.0011,0.0066,-0.4061,-0.1105
2536,2.536,-0.0031,-0.0075,0.0028,0.0078,0.3899,0.2783
2537,2.537,-0.0057,-0.0044,-0.0007,0.0049,0.4955,0.2093
2538,2.538,0.0027,-0.0036,-0.0018,0.0091,0.5907,0.274
2539,2.539,0.0017,-0.0078,0.0038,0.005,0.5066,0.3326
2540,2.54,0.0027,-0.0071,-0.0014,0.0015,0.4299,0.2802
2541,2.541,0.0053,-0.0022,0.0023,0.0018,1.3446,0.8087
2542,2.542,0.0061,0.0009,0.004,0.0006,1.4699,0.8794
2543,2.543,0.0039,-0.0043,0.0012,0.0009,0.6762,0.3032
2544,2.544,0.0059,0.0035,-0.0002,0.0026,-0.2536,-0.0856
2545,2.545,0.0028,0.0025,0.0029,0.0029,-0.3808,-0.2978
2546,2.546,0.0033,0.0017,-0.0009,0.0016,-0.4956,-0.3627
2547,2.547,0.0007,0.0008,-0.0003,0.0023,-0.5997,-0.3053
2548,2.548,-0.0005,0.0002,0.0019,0.0024,-0.3199,-0.2528
2549,2.549,0.0059,0.0022,-0,-0.0004,-0.9162,-0.5893
2550,2.55,0.0013,-0.0035,-0.0025,-0.0008,-1.7681,-1.0699
2551,2.551,0.0038,-0.0013,0.0029,0.0009,-0.9756,-0.4943
2552,2.552,0.0001,-0.0033,0.0007,0.0006,-0.046,0.0492
2553,2.553,-0.0006,-0.0016,0.0015,-0.0013,0.3304,0.262
2554,2.554,0.001,0.0013,-0.0001,0.0004,0.4453,0.3272
2555,2.555,-0.0007,-0.0012,-0.0041,-0.0008,0.5494,0.3861
2556,2.556,0.006,-0.0034,-0.0055,-0.0021,0.4566,0.3339
2557,2.557,0.0052,0.0005,-0.0032,-0.0007,0.542,0.3823
2558,2.558,0.0026,0.0031,-0.0002,0.002,1.5482,0.9503
2559,2.559,0.0033,-0.002,-0.0027,-0.0038,1.1375,0.7186
2560,2.56,-0.0017,0.003,-0.0023,0.0022,0.2633,0.0845
2561,2.561,-0.0012,0.0013,-0.0005,0.0029,-0.306,-0.1724
2562,2.562,-0.0017,-0.0038,0.0038,0.0009,-0.4112,-0.2508
2563,2.563,-0.0042,0.0026,-0.0003,-0.0021,-0.5064,-0.3217
2564,2.564,-0.0012,0.0069,-0.0008,0.0008,-0.5929,-0.386
2565,2.565,-0.0024,0.0047,-0.0054,0.0003,-0.3619,-0.2118
2566,2.566,0.0001,-0.0002,0.0004,-0.0019,-1.4174,-0.8985
2567,2.567,-0.0009,0.0004,-0.0002,-0.0047,-1.5692,-0.9923
2568,2.568,0.0001,-0.0013,-0.0009,-0.0037,-0.6086,-0.2251
2569,2.569,-0.0041,-0.0048,-0.005,-0.0069,0.2663,0.0858
2570,2.57,0.0001,-0.007,0.0026,-0.0021,0.3821,0.1812
2571,2.571,-0.0004,-0.0041,-0.0026,0.0022,0.4863,0.2675
2572,2.572,0.0022,-0.0076,-0.0017,-0.003,0.5806,0.3456
2573,2.573,0.001,-0.0026,-0.0025,-0.001,0.3256,0.276
2574,2.574,-0.0001,-0.0019,-0.0032,-0.0015,0.8674,0.5961
2575,2.575,-0.0044,0.0064,-0.0025,0.0003,1.6413,1.0034
2576,2.576,0.0033,-0.0014,-0.0042,-0.0002,0.9205,0.528
2577,2.577,0.0002,0.0059,-0.0013,0.0001,-0.1125,-0.0488
2578,2.578,-0.0006,0.0067,-0.0018,-0.001,-0.2527,-0.2825
2579,2.579,-0.0014,0.0092,0.0004,0,-0.3793,-0.3536
2580,2.58,0.0008,0.0054,-0.0008,-0.0023,-0.4941,-0.2903
2581,2.581,0.0015,0.0061,0.0027,0.0002,-0.3925,-0.2327
2582,2.582,0.0046,-0.0034,0.0005,0.0001,-0.487,-0.3911
2583,2.583,0.0005,-0.0021,-0.0007,0.0025,-1.7645,-1.0157
2584,2.584,-0.001,0.0016,-0.0004,-0.0005,-1.2183,-0.7607
2585,2.585,-0.0021,0.0005,-0,-0.0023,-0.3872,-0.0629
2586,2.586,0.0044,-0.0026,0.0016,0.0023,0.3692,0.2198
2587,2.587,0.0036,-0.0034,-0.0003,0.0006,0.5084,0.3062
2588,2.588,0.0062,-0.0043,0.0014,0.0024,0.634,0.3842
2589,2.589,0.001,-0.0021,-0.0019,0.0082,0.5214,0.3146
2590,2.59,0.0031,-0.0071,-0.0007,0.0029,0.4186,0.2511
2591,2.591,0.0015,0.0012,-0.0005,0.0037,1.261,0.8905
2592,2.592,-0.0002,0.0001,-0.0015,0.0042,1.601,0.976
2593,2.593,-0.0016,-0.003,-0.0012,-0.0022,0.6727,0.2787
2594,2.594,-0.0046,-0.0021,0.0006,-0.0031,-0.2029,-0.1912
2595,2.595,-0.0026,0.0021,-0.0034,-0.0053,-0.319,-0.2779
2596,2.596,0.001,0.0014,0.0018,-0.0003,-0.4237,-0.3561
2597,2.597,-0.0001,0.0062,-0.0019,-0.0008,-0.5187,-0.2865
2598,2.598,0.0016,0.0069,-0.0013,-0.0024,-0.4092,-0.2349
2599,2.599,0.002,-0.0027,-0.0008,-0.0029,-0.8351,-0.5548
2600,2.6,-0.0005,0.0014,-0.0026,0.0039,-1.8419,-1.0782
2601,2.601,0.0027,-0.0024,-0.0012,0.0012,-0.8823,-0.586
2602,2.602,-0.0012,-0.0056,0.0018,0.0021,-0.0073,0.1192
2603,2.603,0.0014,-0.0046,-0.0047,-0.0017,0.3351,0.2145
2604,2.604,0.0017,-0.0038,-0.0021,0.0004,0.4398,0.3008
2605,2.605,-0.0022,-0.008,-0.0013,-0.0013,0.5347,0.3789
2606,2.606,0.0004,-0.0043,0.0038,-0.0008,0.4506,0.3092
2607,2.607,-0.0047,0.0006,-0.0011,-0.0003,0.5284,0.3733
2608,2.608,0.0017,-0.0089,-0.0017,0.0027,1.5836,1.0128
2609,2.609,-0.0025,-0.0185,-0.0047,0.0015,1.132,0.7577
2610,2.61,0.0012,-0.0123,0.003,0.0033,0.1703,0.0598
2611,2.611,0.0005,0.0048,0.0062,0.0016,-0.2061,-0.223
2612,2.612,0,0.0071,0.0009,0.0006,-0.3212,-0.3095
2613,2.613,-0.0029,0.0093,-0.0038,-0.0001,-0.425,-0.3876
2614,2.614,0.0007,0.0073,-0.0047,-0.0003,-0.5195,-0.3181
2615,2.615,-0.0024,0.0054,-0.001,-0.002,-0.435,-0.2545
2616,2.616,-0.0012,0.0037,0.0038,-0.0007,-1.4409,-0.8938
2617,2.617,-0.0054,0.0021,-0.0005,-0.0026,-1.5785,-0.9795
2618,2.618,-0.006,0.0035,0.0012,0.0006,-0.7047,-0.2822
2619,2.619,-0.0055,0.0023,-0.0004,-0.0014,0.3183,0.1879
2620,2.62,0.0006,-0.001,-0.0001,0.0004,0.4582,0.2745
2621,2.621,-0.0019,0.0021,-0.0013,0.0021,0.5845,0.3527
2622,2.622,0.0003,0.0066,0.0029,-0.0017,0.4728,0.2832
2623,2.623,-0.0018,0.0007,0.0045,-0.0029,0.371,0.2197
2624,2.624,-0.0013,0.0091,0.005,-0.0009,0.8397,0.5104
2625,2.625,0.0015,0.0081,0.0007,-0.0012,1.777,0.9864
2626,2.626,-0.001,0.0029,0.0024,-0.0052,0.9049,0.5386
2627,2.627,-0.0007,0.0002,0.0039,-0.013,-0.1169,0.014
2628,2.628,0.0032,0.0061,0.0027,-0.0186,-0.2566,-0.1985
2629,2.629,-0.0004,0.0054,0.0023,-0.0091,-0.3824,-0.2635
2630,2.63,0.0007,0.0047,-0.0002,-0.0054,-0.4966,-0.3223
2631,2.631,-0.0041,-0.0036,0.003,-0.0023,-0.3944,-0.27
2632,2.632,0.0001,-0.0026,-0.0018,0.003,-0.4882,-0.3182
2633,2.633,-0.004,0.0026,-0.0001,0.0038,-1.7652,-0.9736
2634,2.634,-0.0076,-0.0001,0.0028,-0.0005,-1.2186,-0.693
2635,2.635,-0.0118,-0.0027,0.0013,0.0032,-0.3868,-0.0958
2636,2.636,-0.0114,0.0026,0.0025,0.0067,0.3702,0.2931
2637,2.637,-0.0067,-0.0052,0.0005,0.005,0.5095,0.2243
2638,2.638,0.0002,-0.0021,0.0008,-0.0015,0.6355,0.2891
2639,2.639,-0.0025,0.0024,0.0032,-0.0007,0.5234,0.3477
2640,2.64,0.0052,-0.0035,0.0029,0.0078,0.4213,0.2952
2641,2.641,0.0042,0.0034,0.0022,0.0045,1.2641,0.8237
2642,2.642,-0.0004,0.0007,0.0046,0.0035,1.6045,0.8944
2643,2.643,0.009,-0.0018,0.0043,0.0062,0.4705,0.318
2644,2.644,0.0053,0.0019,0.0086,0.0036,-0.2866,-0.2255
2645,2.645,0.0062,0.0026,0.0044,0.0088,-0.4262,-0.2973
2646,2.646,0.0052,0.0021,0.0049,-0.0005,-0.5523,-0.3621
2647,2.647,0.0097,0.0062,-0.0008,0.0031,-0.6666,-0.3047
2648,2.648,0.0071,-0.0016,-0.0029,-0.0047,-0.3587,-0.2523
2649,2.649,0.0034,-0.0048,-0.0008,-0.0077,-1.0147,-0.5887
2650,2.65,0.0054,-0.0038,-0.0024,0.0007,-1.7816,-1.0695
2651,2.651,0.0049,-0.0159,-0.0029,0.0017,-0.855,-0.4938
2652,2.652,0.0031,-0.0244,-0.0013,0.0006,0.02,0.0496
2653,2.653,0.0036,-0.0259,-0.0016,0.0014,0.3623,0.2622
2654,2.654,0.0033,-0.0078,0.0024,0.0006,0.4666,0.3272
2655,2.655,0.0036,-0.0005,-0.0011,0.0043,0.5613,0.3859
2656,2.656,0.001,0.0017,-0.0007,0.0022,0.477,0.2282
2657,2.657,0.0007,0.0078,-0.0027,0.0053,0.5546,0.3727
2658,2.658,-0.001,-0.0015,-0.0045,0.0047,1.6096,1.0281
2659,2.659,0.002,0.007,-0.0021,0,1.1575,0.7476
2660,2.66,-0.0019,0.0085,-0.0044,0.0017,0.1954,0.1504
2661,2.661,0.0006,0.0045,-0.0036,0.0012,-0.431,-0.2385
2662,2.662,-0.0024,0.0057,0.0003,0.0037,-0.32,-0.3098
2663,2.663,-0.0044,0.0089,0.0021,-0.0024,-0.4244,-0.3745
2664,2.664,-0.0034,0.0037,-0.0056,-0.0016,-0.5192,-0.3171
2665,2.665,-0.0002,0.0065,-0.0045,-0.0022,-0.4349,-0.2646
2666,2.666,-0.003,0.0023,0.0028,-0.0016,-1.4415,-0.8891
2667,2.667,-0.002,-0.0014,0.0002,-0.0058,-1.5797,-0.9745
2668,2.668,-0.003,-0.0079,-0.004,-0.0029,-0.4572,-0.2769
2669,2.669,-0.004,-0.0001,-0.0017,-0.0014,0.2995,0.1933
2670,2.67,-0.0009,0.001,0.0003,0.0008,0.4392,0.2802
2671,2.671,0.0003,0.0002,0.0021,0.0005,0.5649,0.3586
2672,2.672,0.0007,-0.0006,0.0039,0.0009,0.4526,0.2892
2673,2.673,0.0031,0.0032,0.0004,-0.0015,0.3499,0.2257
2674,2.674,-0.0013,0.0052,-0.0026,0.0009,1.0052,0.6326
2675,2.675,0.0016,-0.0016,-0.0022,-0.001,1.6013,1.0026
2676,2.676,0.0011,0.003,-0.0057,0.0008,0.9042,0.474
2677,2.677,-0,0.0038,0.0012,-0.0024,-0.1287,-0.0196
2678,2.678,0.0047,0.006,0.0065,-0.0012,-0.2689,-0.213
2679,2.679,0.0031,0.0011,0.0002,-0.0022,-0.3953,-0.272
2680,2.68,0.0002,0.0042,0.001,-0.0018,-0.51,-0.3253
2681,2.681,0.0038,0.0071,0.0018,0.0033,-0.4083,-0.2778
2682,2.682,0.0026,0.0035,0.0038,0.0054,-0.5024,-0.4089
2683,2.683,0.0006,-0.0034,-0.0004,-0.0015,-1.7798,-1.0045
2684,2.684,-0.0012,-0.0065,0.0014,0.005,-1.2336,-0.7494
2685,2.685,-0.0029,-0.0056,-0.0012,-0.0027,-0.0703,-0.0515
2686,2.686,-0.0019,-0.0048,-0.0015,-0.0036,0.3849,0.231
2687,2.687,-0.0025,-0.001,-0.0053,-0.0027,0.524,0.3175
2688,2.688,0.0014,-0.0003,-0.0018,-0.0018,0.4009,0.3954
2689,2.689,-0.0038,-0.0034,0.0005,0.0052,0.515,0.3258
2690,2.69,-0.0002,-0.0017,0.0001,-0.0012,0.4126,0.2622
2691,2.691,-0.0019,0.0009,-0.0024,-0.0003,1.4426,0.9016
2692,2.692,0.0022,0.0059,0.0009,-0.0009,1.5804,0.8168
2693,2.693,-0.0013,-0.0005,-0.0012,0.0012,0.4576,0.2741
2694,2.694,0.0017,-0.0047,0.0007,-0.0005,-0.2995,-0.2199
2695,2.695,-0.0011,0.0037,-0.0045,0.0048,-0.439,-0.2855
2696,2.696,0.0014,0.0005,-0.0038,0.0042,-0.5648,-0.3446
2697,2.697,0.0004,-0.0005,-0.0003,0.0025,-0.4526,-0.2928
2698,2.698,-0.0006,0.0003,-0.0019,0.0055,-0.3502,-0.2453
2699,2.699,-0.0028,-0.0031,0.0036,0.003,-0.9815,-0.6375
2700,2.7,0.0015,0.0028,0.0008,-0.0028,-1.8245,-1.0311
2701,2.701,0.0032,0.0006,-0.0039,0.0025,-0.8043,-0.4499
2702,2.702,-0.0021,-0.0029,-0.0009,-0.001,0.1588,0.0934
2703,2.703,-0.0014,-0.0024,-0.0004,-0.004,0.2866,0.3057
2704,2.704,-0.0009,0.0016,0.0022,-0.0035,0.4023,0.2426
2705,2.705,-0.0004,-0.0019,0.0064,-0.0009,0.507,0.3013
2706,2.706,-0.0072,-0.0041,0.0069,0.0034,0.415,0.249
2707,2.707,-0.0027,-0.0021,0.0075,-0.0007,0.6714,0.3931
2708,2.708,-0.0001,-0.0011,0.0005,0.0009,1.6784,1.0483
2709,2.709,-0.0023,0.0013,-0.0025,0.0021,1.2682,0.7676
2710,2.71,-0.0003,0.0044,-0.0052,0.0033,0.1449,-0.0002
2711,2.711,-0.0034,-0.0014,-0.0026,-0.0009,-0.31,-0.3108
2712,2.712,-0.0099,0.0028,-0.0004,-0.0026,-0.4484,-0.2187
2713,2.713,-0.004,-0.0024,-0.004,-0.0031,-0.5732,-0.3048
2714,2.714,-0.0077,-0.0018,0.0003,-0.0043,-0.4605,-0.3829
2715,2.715,-0.0028,0.004,-0.0014,-0.0004,-0.3577,-0.3131
2716,2.716,-0.0045,-0.0013,0.0034,0.0053,-1.3871,-1.0167
2717,2.717,-0.0005,-0.002,0.0017,-0.0031,-1.5242,-0.9238
2718,2.718,-0.002,-0.005,0.0022,0.0001,-0.6501,-0.3273
2719,2.719,0.003,-0.008,-0.0003,-0.0009,0.3733,0.216
2720,2.72,0.001,-0.0147,0,0.0018,0.5137,0.2876
2721,2.721,0.0079,-0.0269,-0.0011,0.0009,0.6405,0.3522
2722,2.722,0.0014,-0.0185,0.0031,-0.0028,0.5294,0.4107
2723,2.723,0.0056,0.0015,0.0036,0.0007,0.428,0.2524
2724,2.724,0.0019,0.0041,0.0031,-0.001,1.0843,0.6848
2725,2.725,0.0054,0.0065,0.0028,-0.0027,1.6814,0.9754
2726,2.726,0.0059,0.0087,-0.0036,-0.0032,0.8305,0.4993
2727,2.727,0.0006,0.0107,-0.0009,-0.0021,-0.191,-0.0782
2728,2.728,0.0055,0.0088,-0,-0.0018,-0.3302,-0.3122
2729,2.729,0.0012,0.0104,0.0006,-0.006,-0.4557,-0.2432
2730,2.73,0.0041,0.0059,0.0027,-0.0089,-0.5697,-0.3081
2731,2.731,0.0015,0.0099,-0.0004,-0.0167,-0.4673,-0.2509
2732,2.732,0.0011,0.0036,0.0037,-0.0157,-0.5608,-0.4096
2733,2.733,0.0023,0.0046,0.0052,-0.0043,-1.8376,-1.0345
2734,2.734,0.0019,0.0015,0.0002,-0.0028,-1.2906,-0.6094
2735,2.735,-0.0004,-0.0012,0.0008,-0.0014,-0.1268,-0.0665
2736,2.736,-0.0022,-0.0038,0.0003,0.0048,0.3293,0.2865
2737,2.737,-0.0003,-0.0016,-0.0037,0.0037,0.469,0.2236
2738,2.738,0.0003,-0.0036,0.001,0.0047,0.5951,0.2821
2739,2.739,-0.0009,0.0047,0.0015,0.0074,0.4834,0.3352
2740,2.74,0.0004,0.0015,-0.0002,0.0082,0.3816,0.2872
2741,2.741,0.0009,0.0067,-0.0007,0.0088,1.4119,0.9421
2742,2.742,0.0018,0.0003,-0.0003,0.0067,1.55,0.8488
2743,2.743,0.0043,-0.0023,-0.0006,0.0072,0.4275,0.2517
2744,2.744,0.0004,0.0062,0.0004,-0.0016,-0.3294,-0.1372
2745,2.745,-0.0032,0.0052,-0.0048,-0.0079,-0.4689,-0.2093
2746,2.746,-0.0044,0.0021,-0.0041,-0.0069,-0.5949,-0.2743
2747,2.747,-0.0091,0.0048,-0.0034,-0.0039,-0.4829,-0.3332
2748,2.748,-0.0008,-0.0011,-0.0004,0.0006,-0.3808,-0.2809
2749,2.749,0.0002,-0.0004,-0.0056,0.0031,-1.0363,-0.7136
2750,2.75,-0.0008,-0.004,-0.0049,0.0024,-1.803,-1.0046
2751,2.751,-0,-0.0035,-0.0007,0.0043,-0.876,-0.4233
2752,2.752,0.0025,-0.0052,-0.0001,0.0001,-0.0008,0.12
2753,2.753,-0.0027,-0.0067,-0.0027,0.0053,0.3419,0.1918
2754,2.754,0.0022,-0.0016,0.0043,0.0017,0.4465,0.2568
2755,2.755,0.0005,0.0062,-0.0009,0.0021,0.5409,0.3153
2756,2.756,-0.0012,0.001,-0.0018,0.0016,0.4567,0.2629
2757,2.757,-0.0007,0.0018,0.0008,0.0011,0.6891,0.4072
2758,2.758,-0.0004,-0.006,0.0045,0.0041,1.7444,1.0626
2759,2.759,0.0008,0.0013,-0.0019,-0.0024,1.2923,0.5948
2760,2.76,-0.001,-0.0014,0.0007,0.004,0.0561,-0.0025
2761,2.761,-0.0007,0.0029,0,-0.0003,-0.4444,-0.2364
2762,2.762,0.0004,0.0022,-0.0007,-0.0025,-0.2961,-0.3078
2763,2.763,-0.0003,0.0029,-0.0037,-0.0005,-0.4347,-0.3724
2764,2.764,0.0036,0.0013,-0.0008,0.0037,-0.5606,-0.3148
2765,2.765,-0.0016,-0.004,0.0017,0.0042,-0.4483,-0.2624
2766,2.766,0.0004,0.001,0.0029,0.0007,-1.3755,-0.887
2767,2.767,0.0035,0.0005,0.0032,-0.0015,-1.5012,-0.8024
2768,2.768,0.0006,-0.0047,0.0022,0.0014,-0.4808,-0.2597
2769,2.769,0.0001,-0.0067,0.0032,0.0024,0.2072,0.2343
2770,2.77,0.0044,-0.0009,0.0049,0,0.3341,0.3
2771,2.771,0.0016,-0.0031,0.0007,0.0044,0.4486,0.3591
2772,2.772,0.0011,0.0018,0.0024,0.0027,0.5525,0.3071
2773,2.773,0.0008,0.0024,0.0053,-0.0051,0.4591,0.2598
2774,2.774,-0.0004,0.0041,0.0068,-0.004,1.0547,0.6534
2775,2.775,0.0022,0.0089,0.0007,-0.001,1.5966,1.0238
2776,2.776,-0.0001,0.002,0.0015,-0.0037,0.8221,0.4951
2777,2.777,-0.0004,-0.0025,0.0009,0.0005,-0.1081,-0.1393
2778,2.778,-0.0017,-0.0033,0.0057,-0.0002,-0.2361,-0.2259
2779,2.779,0.0022,0.0005,-0.0037,-0.0022,-0.3513,-0.304
2780,2.78,-0.0054,-0.0001,0.0003,0.002,-0.4559,-0.3747
2781,2.781,-0.0023,-0.0031,0.0015,0.0015,-0.3637,-0.311
2782,2.782,-0.0014,-0.0013,0.0004,-0,-0.6198,-0.369
2783,2.783,0.0012,-0.0008,-0.0006,-0.0004,-1.7812,-1.0558
2784,2.784,0.0006,-0.0038,-0.0033,-0,-1.2849,-0.5877
2785,2.785,0.0013,-0.0049,0.0026,0.001,-0.2272,0.01
2786,2.786,0.0008,-0.0023,-0.0012,0.002,0.4613,0.2441
2787,2.787,0.0026,-0.0047,0.0008,-0.001,0.3387,0.3157
2788,2.788,-0.0052,-0.0009,-0.0009,-0.0007,0.4531,0.3804
2789,2.789,-0.0019,-0.0039,-0.0038,-0.0039,0.5568,0.3232
2790,2.79,0.0012,-0.001,-0.0043,0,0.4635,0.2709
2791,2.791,0.0003,0.0048,-0.0047,-0.0047,1.3999,0.8958
2792,2.792,-0.0022,0.0073,-0.0044,-0.0005,1.5251,0.8113
2793,2.793,0.0016,0.0004,-0.0048,0.0036,0.5042,0.2687
2794,2.794,-0.0004,0.005,-0.0009,0.0041,-0.1846,-0.2251
2795,2.795,0.0027,0.0059,-0.0045,-0.0028,-0.3117,-0.2904
2796,2.796,0.0022,0.0066,-0.0034,0.0002,-0.4263,-0.3493
2797,2.797,0.0017,0.0045,-0.003,0.0011,-0.5303,-0.2972
2798,2.798,-0.0013,0.004,-0.0005,0.0002,-0.4372,-0.2496
2799,2.799,-0.0001,0.0035,-0.0016,0.0009,-1.0331,-0.7302
2800,2.8,0.0029,-0.0016,-0.0009,-0.0015,-1.7631,-1.0219
2801,2.801,0.0011,-0.0021,0.0041,0.0005,-0.9115,-0.446
2802,2.802,0.0001,-0.0033,-0.0024,-0.0012,0.1114,0.0975
2803,2.803,0.0018,-0.0029,-0.0032,0.0005,0.5258,0.31
2804,2.804,0.0032,-0.0004,-0.0026,0.003,0.4032,0.2469
2805,2.805,0.0015,-0,-0.002,-0.0012,0.5179,0.3056
2806,2.806,-0.0002,-0.0011,-0.0015,-0.0007,0.4162,0.2533
2807,2.807,-0.0016,0.002,-0.002,-0.0012,0.6976,0.3977
2808,2.808,0.0015,0.0023,-0.0015,-0.0009,1.6344,1.0531
2809,2.809,-0.0032,-0.0028,0.0054,-0.0005,1.0122,0.5852
2810,2.81,-0.0015,-0.0021,0.0023,-0.0009,0.2174,-0.0122
2811,2.811,0.0002,0.0009,0.0014,-0.0041,-0.3,-0.2462
2812,2.812,0.0027,-0.0008,0.0023,-0.0105,-0.3955,-0.3177
2813,2.813,-0.0004,0.0007,0.0016,-0.0209,-0.4816,-0.2547
2814,2.814,0.0025,0.0018,0.0064,-0.0139,-0.5598,-0.3135
2815,2.815,-0,-0.0011,0.0059,-0.0026,-0.3496,-0.2612
2816,2.816,-0.0011,-0.0069,0.0076,0.002,-1.3088,-0.8858
2817,2.817,-0.0021,-0.001,0.0008,0.0006,-1.4464,-0.8012
2818,2.818,-0.0014,-0.0032,-0.0038,0.0018,-0.5725,-0.2586
2819,2.819,0.0009,-0.0012,-0.0046,0.005,0.2239,0.2352
2820,2.82,-0.0008,-0.003,-0.0024,0.006,0.3295,0.3004
2821,2.821,-0.0045,-0.0025,-0.0031,0.0033,0.6117,0.2432
2822,2.822,-0.006,-0.0073,0.0011,0.0041,0.5282,0.191
2823,2.823,-0.003,-0.0031,0.004,0.0078,0.4521,0.1432
2824,2.824,-0.0051,0.0033,0.0065,0.0014,1.0856,0.711
2825,2.825,-0.0048,0.0058,0.0023,0.0039,1.6823,0.9433
2826,2.826,-0.0051,-0.0057,0.0018,0.0046,0.8307,0.4507
2827,2.827,-0.0102,-0.021,0.0043,0.0053,-0.1914,-0.1266
2828,2.828,-0.0152,-0.0109,0.0031,0.0022,-0.3311,-0.2059
2829,2.829,-0.0057,0.0021,0.0011,0.0005,-0.4572,-0.2774
2830,2.83,-0.0044,0.0004,0.0062,0.0063,-0.5713,-0.3422
2831,2.831,-0.0007,-0.0136,0.0041,0.0026,-0.469,-0.2849
2832,2.832,-0.0018,-0.0117,-0.0001,0.0061,-0.5629,-0.4437
2833,2.833,0.0012,0,0.0004,0.0056,-1.8401,-1.0687
2834,2.834,0.002,0.0046,-0.0031,-0.0008,-1.2935,-0.6434
2835,2.835,0.0012,0.0086,0.0038,0.0035,-0.13,0.0544
2836,2.836,0.0033,0.0048,0.0029,0.0013,0.3256,0.3369
2837,2.837,0.0013,0.0058,-0.0036,0.002,0.4652,0.2529
2838,2.838,0.0029,0.0047,-0.001,0.0015,0.5909,0.3308
2839,2.839,0.0093,0.0074,-0.0003,-0.0014,0.4786,0.2609
2840,2.84,0.0051,0.0082,0.0017,-0.0071,0.3766,0.3251
2841,2.841,0.0013,0.0059,0,-0.0034,1.4067,0.9642
2842,2.842,0.0062,0.001,-0.0028,-0.004,1.5444,0.8794
2843,2.843,0.0067,-0.0007,-0.0023,-0.0023,0.4213,0.1817
2844,2.844,0.0049,0.0057,0.0047,0.003,-0.3358,-0.1011
2845,2.845,0.0024,0.0048,0.0016,-0.0006,-0.4754,-0.188
2846,2.846,0.0066,0.0055,0.0025,-0.001,-0.6016,-0.2664
2847,2.847,0.006,0.0019,-0,0.0007,-0.4899,-0.3375
2848,2.848,0.0025,0.0013,-0.0006,0.0022,-0.388,-0.2742
2849,2.849,0.0012,0.003,0.0043,0.001,-1.0439,-0.6812
2850,2.85,0.0024,-0.0006,0.0001,0.0007,-1.811,-1.0513
2851,2.851,0.0014,0.0024,0.0018,0.0011,-0.884,-0.4265
2852,2.852,-0.0032,-0.0015,0.0034,0.0008,0.2402,0.171
2853,2.853,-0.0002,-0.0063,0.0012,-0.0029,0.3936,0.2499
2854,2.854,0.0015,-0.0021,-0.0035,0.0001,0.5321,0.321
2855,2.855,0.005,0.0043,-0.0017,-0.0027,0.6576,0.2576
2856,2.856,-0.0011,0.0001,-0.0022,-0.0046,0.5452,0.1999
2857,2.857,-0.0037,0.0038,-0.0027,-0.0084,0.6482,0.464
2858,2.858,-0.003,0.0031,-0.0014,-0.0089,1.6783,0.9927
2859,2.859,-0.001,-0.0038,0.0015,-0.0028,0.9929,0.6412
2860,2.86,0.0007,0.0026,-0.0043,0.0032,0.118,0.0641
2861,2.861,-0.0034,0.0104,-0.0017,0.0039,-0.2246,-0.1699
2862,2.862,0.0024,0.0031,-0.0039,0.0088,-0.3298,-0.2413
2863,2.863,-0.0013,0.0022,-0.0018,-0.0006,-0.4247,-0.3058
2864,2.864,0.0022,-0.0003,-0.0001,-0.0019,-0.5108,-0.3644
2865,2.865,0.0017,-0.0025,-0.0018,0.0043,-0.4344,-0.3119
2866,2.866,-0.0023,0.0011,-0.0065,-0.0012,-1.4896,-0.9366
2867,2.867,-0.0018,-0.002,0.0005,0.0019,-1.6412,-0.8519
2868,2.868,0.0013,0.0033,0.0032,-0.0027,-0.4059,-0.1543
2869,2.869,-0.0026,-0.0045,-0.0028,0.0016,0.426,0.1285
2870,2.87,-0.001,-0.0034,0.0009,-0.0006,0.2775,0.2151
2871,2.871,-0.0022,-0.0061,-0.004,-0.0026,0.4159,0.2931
2872,2.872,-0.001,0.0017,-0.0035,-0.002,0.5416,0.364
2873,2.873,0.0009,-0.0035,0.0005,-0.0003,0.4292,0.1726
2874,2.874,-0.0008,-0.0026,-0.0011,0.0002,1.15,0.6957
2875,2.875,0.0003,-0.0016,-0.0033,-0.0001,1.6186,0.9069
2876,2.876,0.0022,-0.0009,0.0022,0.0019,0.8518,0.4589
2877,2.877,0.0034,-0.0002,-0.0048,-0.0023,-0.078,-0.0658
2878,2.878,0.0022,0.0041,-0.0003,-0.0064,-0.4545,-0.2782
2879,2.879,-0.001,0.0013,-0.0012,0.0014,-0.5693,-0.3429
2880,2.88,0.0033,-0.0022,0.0024,0.0024,-0.4678,-0.2854
2881,2.881,0.0004,0.0039,-0.0041,-0.0006,-0.3753,-0.233
2882,2.882,-0.0001,-0.0003,-0,-0.0014,-0.631,-0.4733
2883,2.883,-0.0012,0.002,-0.0008,-0.0039,-1.7922,-1.0414
2884,2.884,-0.0008,-0,-0.0045,-0.0032,-1.2953,-0.6545
2885,2.885,-0.0011,-0.0016,-0.0004,0.0017,-0.2374,-0.0197
2886,2.886,-0.0001,-0.0021,0.0011,-0,0.4509,0.2376
2887,2.887,-0.0011,0.0015,0.0015,0.0005,0.5773,0.3161
2888,2.888,0.0027,0.002,0.0035,0.003,0.4654,0.2468
2889,2.889,-0.0009,-0.0027,0.0054,0.0018,0.5692,0.3115
2890,2.89,-0.0005,-0.0044,0.0027,-0.0002,0.476,0.2539
2891,2.891,0.0007,0.0009,0.0042,-0.0013,1.5828,0.941
2892,2.892,-0.0003,-0.004,-0.0004,-0.0003,1.4328,0.8481
2893,2.893,-0.0013,0.0003,-0.0022,-0.0027,0.4715,0.2512
2894,2.894,-0.0009,0.0008,-0.0019,0.0016,-0.1547,-0.1373
2895,2.895,0.0009,0.0024,0.0001,0.0058,-0.2704,-0.2086
2896,2.896,0.0011,0.0021,-0.0056,0.004,-0.5807,-0.2731
2897,2.897,-0.0026,0.0033,-0.0065,0.0015,-0.4883,-0.3317
2898,2.898,0.001,0.0022,-0.0031,0.0003,-0.4037,-0.2793
2899,2.899,0.0006,-0.003,-0.009,0.0014,-1.1005,-0.7117
2900,2.9,0.0009,0.0055,-0.007,-0.0028,-1.7566,-1.0024
2901,2.901,-0.0014,0.0007,-0.0099,0.0012,-0.764,-0.4088
2902,2.902,-0.005,0.0017,-0.0037,0.0017,0.1752,0.1743
2903,2.903,0.0019,-0.0013,-0.0064,-0.0019,0.3028,0.2536
2904,2.904,0.0029,0.0032,-0.0044,0.0011,0.4176,0.3251
2905,2.905,0.0002,-0.0027,-0.0067,0.0014,0.5218,0.3901
2906,2.906,0.001,-0.002,-0.0011,-0.0011,0.4292,0.2164
2907,2.907,0.0003,-0.0069,-0.0035,-0.0002,0.6848,0.4809
2908,2.908,-0.0018,0.0025,0.0012,-0.0019,1.691,1.0099
2909,2.909,-0.0035,0.0039,-0.0007,-0.0038,1.0057,0.6587
2910,2.91,-0.003,0.0001,-0.0061,-0.0077,0.1308,-0.046
2911,2.911,-0.0056,-0.0009,-0.0056,-0.0165,-0.4386,-0.3282
2912,2.912,-0.0025,-0.004,-0.0063,-0.0103,-0.5435,-0.244
2913,2.913,-0.0014,-0.0032,-0.0036,0,-0.4514,-0.3217
2914,2.914,-0.0072,-0.0041,0.003,0.004,-0.5375,-0.2519
2915,2.915,-0.0167,-0.0004,0.0002,0.0052,-0.4608,-0.316
2916,2.916,-0.0104,-0.0011,0.0008,0.0108,-1.5161,-0.9551
2917,2.917,-0.0073,-0.0054,0.0029,0.0035,-1.3664,-0.8702
2918,2.918,-0,-0.0059,0.0063,0.0007,-0.4052,-0.1725
2919,2.919,0.0008,-0.0045,0.002,0.0066,0.221,0.2977
2920,2.92,0.005,-0.0042,0.0059,0.0044,0.3367,0.2141
2921,2.921,0.0028,-0.0045,0.0063,0.005,0.4406,0.2925
2922,2.922,0.0048,-0.0103,0.0074,0.002,0.5353,0.3636
2923,2.923,0.0064,-0.0232,0.0044,0.0025,0.451,0.3002
2924,2.924,0.0035,-0.014,0.0068,0.005,1.1478,0.7072
2925,2.925,0.005,0.008,0.012,0.0019,1.6165,0.972
2926,2.926,0.0038,0.005,0.0067,-0.0045,0.6794,0.4432
2927,2.927,0.0076,0.0023,0.0059,0,-0.1957,-0.1913
2928,2.928,0.0029,0.0046,0.0076,-0.0078,-0.3116,-0.2778
2929,2.929,0.0034,0.0112,0.0058,-0.0215,-0.4162,-0.3558
2930,2.93,-0.0019,0.005,0.0083,-0.0159,-0.5112,-0.2861
2931,2.931,0.0001,0.0068,0.0086,-0.0075,-0.4271,-0.2224
2932,2.932,0.0017,0.0051,0.0074,0.0064,-0.6596,-0.5128
2933,2.933,0.0022,0.0005,0.0132,0.0045,-1.715,-1.094
2934,2.934,0.0027,-0.0009,0.0191,0.0028,-0.9614,-0.5522
2935,2.935,-0.0004,-0.0022,0.0076,-0.0017,0.0008,0.0827
2936,2.936,0.0035,-0.01,0.0025,0.0023,0.3775,0.1697
2937,2.937,-0.0023,0.0057,-0.0051,0.0035,0.4931,0.2483
2938,2.938,0.003,0.0035,-0.001,0.0067,0.5973,0.3193
2939,2.939,-0.0048,0.0014,-0.0097,0.0015,0.5049,0.2561
2940,2.94,-0.0018,0.0032,-0.0086,0.0023,0.4206,0.3145
2941,2.941,0.0009,0.0015,-0.0033,-0.0002,1.5816,1.0016
2942,2.942,-0.0034,0.003,-0.0006,0.005,1.4167,0.7213
2943,2.943,0.0003,0.0099,-0.0013,0.0044,0.3594,0.1245
2944,2.944,-0.0003,0.0061,0.0009,0.0049,-0.3292,-0.264
2945,2.945,0.0013,0.0051,-0.001,0.0008,-0.4562,-0.195
2946,2.946,-0.0015,0.0081,0.0008,0.0044,-0.5708,-0.2596
2947,2.947,-0,0.0016,0.0004,0.0022,-0.4692,-0.3183
2948,2.948,0.003,-0.0009,0.001,0.0051,-0.3764,-0.2659
2949,2.949,-0.0009,0.0028,0.0014,0.0015,-1.1427,-0.7945
2950,2.95,0.0039,-0.0008,0.0036,-0.0015,-1.6583,-1.0057
2951,2.951,0.0034,-0.0025,0.0012,0.0014,-0.8151,-0.4296
2952,2.952,0.0029,-0.002,0.003,-0.0012,0.2075,0.114
2953,2.953,0.0013,-0.0015,0.0001,0.0027,0.3472,0.1858
2954,2.954,-0.0017,0.0007,-0.0001,0.0053,0.4733,0.3786
2955,2.955,-0.0005,-0.004,0.0018,-0.0008,0.5877,0.3213
2956,2.956,0.0053,-0.0045,-0.0031,0.0001,0.4858,0.2689
2957,2.957,0.0044,0.0043,-0.0009,-0.0036,0.767,0.5093
2958,2.958,-0.0025,0.008,-0.0038,-0.0001,1.7037,1.0776
2959,2.959,-0.0016,0.0048,0.0005,0.0005,1.081,0.5359
2960,2.96,0.0026,-0.0004,0.0001,0.001,0.059,0.0422
2961,2.961,-0.0011,0.0042,-0.0009,-0.0005,-0.3552,-0.2793
2962,2.962,0.001,0.0033,-0.0028,0.0007,-0.4817,-0.2225
2963,2.963,-0.0007,-0.0036,0.0016,0.0004,-0.5961,-0.2759
2964,2.964,-0.0012,-0.0008,-0.0011,-0.0006,-0.494,-0.3244
2965,2.965,0.0014,-0.0067,-0.0035,-0.0052,-0.4008,-0.281
2966,2.966,-0.0017,0.0049,-0.0037,-0.0034,-1.6777,-0.8766
2967,2.967,-0.0013,-0.0035,-0.0032,-0.0029,-1.4961,-0.7917
2968,2.968,-0.0038,-0.005,-0.0034,-0.0024,-0.333,-0.0939
2969,2.969,0.0008,-0.0089,-0.0009,0.0007,0.4243,0.189
2970,2.97,-0.0034,-0.0001,-0.0052,-0.0021,0.2899,0.2757
2971,2.971,-0.0016,-0.001,-0.0034,-0.0002,0.4158,0.3537
2972,2.972,-0.0031,-0.004,-0.0017,0.0015,0.53,0.2841
2973,2.973,0.0011,0.0046,-0.0038,-0.0015,0.4281,0.2207
2974,2.974,0.0017,0.0057,-0.0041,-0.004,1.2711,0.7439
2975,2.975,0.0033,0.0028,0.0002,-0.0016,1.6116,0.955
2976,2.976,0.0011,0.002,-0.0014,-0.0033,0.6839,0.379
2977,2.977,-0.0017,0.0064,-0.0009,-0.0075,-0.1912,-0.1645
2978,2.978,0.0002,0.0043,0.0014,-0.0006,-0.3071,-0.2363
2979,2.979,0.0005,0.0023,-0.005,-0.0014,-0.4115,-0.301
2980,2.98,-0.0018,0.003,-0.0023,-0.0005,-0.5064,-0.3598
2981,2.981,-0.0011,0.0002,-0.0048,0.0017,-0.4223,-0.2019
2982,2.982,-0.0018,-0.0023,-0.0041,0.0038,-0.8097,-0.5383
2983,2.983,-0.0055,-0.0033,-0.0006,-0.0004,-1.8651,-1.1064
2984,2.984,-0.0007,-0.0044,0.0011,-0.0009,-1.1115,-0.5647
2985,2.985,0.0036,0.0015,-0.0041,-0.0014,-0.1491,0.0701
2986,2.986,-0.0005,-0.0043,-0.0021,0.0037,0.4769,0.3273
2987,2.987,0.0011,-0.0049,-0.0017,0.0002,0.3657,0.2512
2988,2.988,0.0008,0.0001,-0.0022,0.0008,0.4696,0.3222
2989,2.989,0.0029,0.0059,-0.0028,0.0003,0.5641,0.2589
2990,2.99,-0.0013,0.0053,-0.0059,-0.0022,0.4794,0.3171
2991,2.991,-0.003,0.0074,-0.0039,0.0039,1.6401,1.0041
2992,2.992,-0.0004,0.0033,-0.0044,0.0014,1.4749,0.7237
2993,2.993,-0,-0.0007,-0.0034,0.0021,0.4172,0.1267
2994,2.994,0.0003,-0.0012,0.0016,0.0042,-0.2712,-0.262
2995,2.995,0.0007,0.0001,-0.0049,0.0025,-0.3985,-0.1933
2996,2.996,-0.0003,0.0065,-0.0025,-0.0027,-0.5133,-0.258
2997,2.997,-0.0013,0.0001,-0.0078,0.0009,-0.6175,-0.3167
2998,2.998,0.0001,-0.0041,-0.0072,0.004,-0.3375,-0.2644
2999,2.999,-0.0032,0.0029,-0.0016,0.0045,-1.2744,-0.793
3000,3,0.0037,0.002,-0.0054,0.002,-1.6491,-1.0044
3001,3.001,-0.0035,0.0046,-0.0119,0.0023,-0.629,-0.3004
3002,3.002,0.0022,-0.0054,-0.0071,0.0005,0.1979,0.1619
3003,3.003,0.0031,-0.0092,-0.0064,-0.0042,0.3375,0.257
3004,3.004,0.0022,0.0001,-0.0043,-0.0012,0.4632,0.3429
3005,3.005,0.0029,-0.0011,-0.0037,0.0017,0.5772,0.2662
3006,3.006,0.0009,-0.0043,-0.0033,-0.0008,0.4748,0.1963
3007,3.007,-0.0008,-0.0012,-0.0017,0.0022,0.7558,0.5162
3008,3.008,0.0021,0.0052,-0.0023,0.001,1.6924,1.0395
3009,3.009,-0.0027,-0.006,0.0036,-0.0008,1.0692,0.5472
3010,3.01,-0.001,0.0016,0.0044,-0.0061,0.0469,-0.0301
3011,3.011,0.0007,-0.0026,0.0021,-0.0008,-0.3674,-0.2642
3012,3.012,0.0012,-0.0038,0.004,-0.0029,-0.494,-0.3357
3013,3.013,0.0015,-0.0028,0.0044,0.0029,-0.6085,-0.2726
3014,3.014,-0.0013,-0.0059,0.0084,0.0007,-0.5067,-0.3314
3015,3.015,0.0012,-0.02,0.0078,-0.0029,-0.4139,-0.3848
3016,3.016,-0.0041,-0.0221,0.0065,0.0002,-1.691,-1.1059
3017,3.017,-0.0004,-0.0055,0.0053,0.0042,-1.5096,-0.7978
3018,3.018,-0.0011,0.0011,0.0109,-0.0036,-0.3469,-0.1416
3019,3.019,-0.0006,0.003,0.0117,-0.0026,0.4103,0.2855
3020,3.02,-0.0023,-0.0026,0.0047,0.0005,0.55,0.3637
3021,3.021,0.0024,-0.0044,0.002,-0.0023,0.4269,0.2939
3022,3.022,0.0007,-0.0151,0.0044,-0.0031,0.5412,0.3581
3023,3.023,0.0002,-0.0165,0.0113,-0.0024,0.4391,0.3001
3024,3.024,-0.0024,-0.0028,0.0121,0.0011,1.2819,0.7752
3025,3.025,-0.0012,0.0027,0.0079,0.0016,1.6225,0.9672
3026,3.026,-0.0001,0.0077,0.0009,-0.0013,0.6948,0.3269
3027,3.027,0.0009,0.0092,0.0001,-0.0008,-0.1804,-0.271
3028,3.028,-0.0001,0.0077,-0.0025,-0.0005,-0.2963,-0.1958
3029,3.029,0.0029,0.0065,0.0013,0.0007,-0.4004,-0.2673
3030,3.03,-0.0029,-0.004,0.002,0.001,-0.4949,-0.3324
3031,3.031,-0.002,-0.0166,0.0015,-0.0007,-0.4104,-0.2753
3032,3.032,-0.0027,-0.0184,-0.0037,-0.0003,-0.7977,-0.5399
3033,3.033,-0.0021,-0.0109,-0.0057,0.0022,-1.8531,-1.069
3034,3.034,0.0021,0.0042,0.0013,-0.0017,-1.0993,-0.5773
3035,3.035,-0.002,0.0021,-0.0032,-0.0013,-0.1368,-0.0004
3036,3.036,-0.0088,0.0076,-0.0023,0.0009,0.4895,0.2333
3037,3.037,-0.0096,0.0092,0.0014,-0.0011,0.3786,0.3043
3038,3.038,-0.0088,0.0106,0.0008,-0.0022,0.4828,0.3687
3039,3.039,-0.0067,0.0092,0.0014,0.0017,0.5777,0.311
3040,3.04,-0.0018,0.0054,0.002,0.0022,0.4936,0.3636
3041,3.041,-0.0049,0.0086,-0.0026,-0.0029,1.6548,0.988
3042,3.042,0.0027,0.0075,0.0032,-0.0107,1.1584,0.7329
3043,3.043,0.0017,0.012,0.004,-0.016,0.4028,0.1896
3044,3.044,0.0044,0.0128,0.0021,-0.0114,-0.2853,-0.164
3045,3.045,0.0018,0.0164,0.0005,-0.002,-0.4121,-0.2297
3046,3.046,0.0055,0.0114,0.0071,0.0017,-0.5266,-0.2888
3047,3.047,0.0048,0.0044,0.0013,0.0049,-0.4248,-0.3424
3048,3.048,0.0053,0.0017,0.0007,0.0059,-0.3318,-0.199
3049,3.049,0.0058,0.0058,0.0002,0.005,-1.268,-0.8545
3050,3.05,0.0032,0.0036,0.002,0.0041,-1.6425,-0.9489
3051,3.051,0.0044,0.0042,-0.0007,0.0048,-0.622,-0.3526
3052,3.052,0.0047,-0.0028,-0.0001,0.0012,0.341,0.1907
3053,3.053,0.0021,-0.0055,-0.0011,0.0017,0.4683,0.2624
3054,3.054,0.0045,-0.0081,-0.0006,0.0057,0.5829,0.327
3055,3.055,0.0007,-0.0044,-0.0047,0.0052,0.4814,0.2695
3056,3.056,0.0019,-0.0051,-0.0029,0.0055,0.3887,0.217
3057,3.057,-0.001,0.0044,0.003,0.0015,0.8146,0.5532
3058,3.058,-0.0007,0.003,0.0039,0.001,1.6664,1.0338
3059,3.059,-0.0024,0.0019,-0.0024,0.0013,0.8737,0.586
3060,3.06,0.002,0.0029,-0.0031,0.0009,-0.0557,-0.055
3061,3.061,0.0015,0.0019,-0.0007,0.0013,-0.4321,-0.3121
3062,3.062,0.003,-0.0045,-0.0026,0.0029,-0.5473,-0.236
3063,3.063,0.0008,-0.002,-0.003,0.0032,-0.4457,-0.3071
3064,3.064,0.0047,0.005,0,0.0007,-0.5401,-0.2438
3065,3.065,0.0022,0.0024,-0.0066,0.0031,-0.4555,-0.3022
3066,3.066,0.0018,-0.0035,0.0039,0,-1.6164,-0.9893
3067,3.067,-0.0046,-0.0012,-0.0029,0.0026,-1.4515,-0.7088
3068,3.068,-0.0019,-0.0032,-0.0016,-0.002,-0.3943,-0.1117
3069,3.069,0.0007,-0.0061,0.0017,-0.0037,0.2941,0.2773
3070,3.07,-0.0015,-0.0077,-0.0012,-0.0054,0.4213,0.2088
3071,3.071,0.0005,-0.0009,-0.002,-0.0039,0.5359,0.2737
3072,3.072,-0.0012,0.002,-0.0011,-0.0036,0.6396,0.3323
3073,3.073,0.0005,0.0012,-0.0032,-0.0024,0.3592,0.1742
3074,3.074,-0.001,-0.0008,-0.0038,0.0034,1.2957,0.7989
3075,3.075,0.0002,0.0042,-0.0021,0.0008,1.67,0.8844
3076,3.076,-0.0001,0.0001,-0.0049,0.0015,0.6493,0.3421
3077,3.077,-0.0026,0.0031,-0.0054,-0.0005,-0.3133,-0.1518
3078,3.078,-0.0009,0.0058,-0.005,-0,-0.4408,-0.2173
3079,3.079,-0.0026,0.0063,-0.003,0.0005,-0.5556,-0.2763
3080,3.08,0.0012,0.0044,-0.0055,0.002,-0.4541,-0.3296
3081,3.081,-0.0003,-0.0013,-0.0009,0.005,-0.3616,-0.2821
3082,3.082,-0.0015,0.003,-0.0014,0.0003,-0.7877,-0.588
3083,3.083,-0.0011,-0.0021,-0.0055,0.0033,-1.7946,-1.1044
3084,3.084,-0.0008,-0.0027,-0.005,-0.0007,-1.1095,-0.6123
3085,3.085,-0.0011,-0.0056,0.0019,-0.0002,0.0146,0.0929
3086,3.086,0.002,-0.0072,-0.0012,0.001,0.4697,0.1881
3087,3.087,-0.0005,-0.0036,0.0014,-0.0038,0.3347,0.2744
3088,3.088,0.0012,-0.0031,-0.0029,-0.0021,0.4604,0.3524
3089,3.089,0.0002,-0.0001,-0.0007,-0.0109,0.5744,0.2827
3090,3.09,-0.0011,-0.0004,-0.0057,-0.0072,0.472,0.347
3091,3.091,-0.004,0.0007,-0.0015,0.0006,1.6894,0.9865
3092,3.092,0.0018,0.0058,-0.0011,-0.0024,1.1925,0.7315
3093,3.093,0.0044,0.001,-0.0027,0.0003,0.4363,0.1885
3094,3.094,0.0007,0.0068,-0.0007,0.0045,-0.2521,-0.1649
3095,3.095,0.0014,0.0062,0.0021,0.0039,-0.3787,-0.2303
3096,3.096,-0.0003,0.0042,0.0001,0.0019,-0.4934,-0.2891
3097,3.097,0.0026,0.0012,-0.0024,0.0036,-0.5973,-0.3425
3098,3.098,0.0022,0.0029,-0.0009,0.0042,-0.3171,-0.1987
3099,3.099,0,0.0023,-0.0017,-0.0026,-1.2535,-0.854
3100,3.1,0.0029,0.002,-0.0006,0.0002,-1.628,-0.9481
3101,3.101,-0.0021,0.0008,0.0004,0.0011,-0.6073,-0.3515
3102,3.102,-0.0013,-0.0042,-0.003,0.0017,0.3555,0.192
3103,3.103,-0.0027,-0.0076,-0.0014,0.0018,0.3996,0.2381
3104,3.104,0.0016,-0.007,-0.0013,-0.0003,0.5258,0.3092
3105,3.105,-0.0012,-0.0053,-0.0054,0.0015,0.6404,0.3737
3106,3.106,-0.0007,-0,-0.0071,-0.0014,0.3326,0.1998
3107,3.107,-0.0029,-0.0007,-0.0051,0.0043,0.8011,0.5696
3108,3.108,0.0011,0.0023,-0.0041,0.0021,1.738,1.0023
3109,3.109,-0.0037,-0.0042,-0.0054,-0.0056,0.8659,0.4791
3110,3.11,-0.002,0.0017,-0.0039,-0.0026,0.0707,-0.0147
3111,3.111,-0.0036,-0.0098,-0.0024,0.0001,-0.4468,-0.2082
3112,3.112,0.0011,-0.0217,-0.0013,-0.0127,-0.5421,-0.2675
3113,3.113,-0.0006,-0.0232,-0.0054,-0.0146,-0.4582,-0.321
3114,3.114,-0.0034,-0.0025,-0.0061,-0.0061,-0.5362,-0.2735
3115,3.115,0.0013,0.0003,-0.0048,0.0015,-0.4663,-0.4047
3116,3.116,0.0008,0.003,0.0011,0.0001,-1.4256,-1.0004
3117,3.117,-0.0009,0.0006,0.0051,0.0038,-1.2891,-0.9157
3118,3.118,-0.0024,-0.0061,-0.0004,0.0048,-0.415,-0.2181
3119,3.119,0.0006,0.004,0.0043,0.0058,0.3813,0.2516
3120,3.12,0.0003,-0.0128,0.0046,0.0012,0.4865,0.338
3121,3.121,0.0006,-0.024,0.0049,0.0038,0.5816,0.4159
3122,3.122,0.0052,-0.0099,0.0073,0.006,0.4977,0.3461
3123,3.123,-0.0006,0.0068,0.0029,0.0024,0.4211,0.2824
3124,3.124,0.0046,-0.0044,-0.0014,0.0029,1.3357,0.8054
3125,3.125,0.0011,-0.0106,-0,0.0034,1.461,0.8759
3126,3.126,-0.002,-0.0125,0.001,0.0019,0.6672,0.2995
3127,3.127,-0.0003,0.006,-0.0004,0.0041,-0.2624,-0.0892
3128,3.128,0.0022,0.0132,-0.0056,0.0012,-0.3898,-0.3016
3129,3.129,-0.0008,0.0153,-0.0038,0.0022,-0.5046,-0.2387
3130,3.13,0.002,0.0132,-0.0044,-0.001,-0.6087,-0.2975
3131,3.131,0.001,0.0113,-0.0005,0.0001,-0.3285,-0.2452
3132,3.132,0.0013,0.0027,0.0051,-0.0009,-0.9245,-0.5817
3133,3.133,-0.001,0.0103,-0.0002,0.0008,-1.7764,-1.0627
3134,3.134,0.0008,0.0061,0.0074,-0.0016,-0.9837,-0.4872
3135,3.135,0.0001,0.0072,0.0126,0.0021,-0.0542,0.0562
3136,3.136,0.0038,0.0061,0.0061,0.0006,0.3225,0.2686
3137,3.137,-0.0009,0.003,-0.0035,-0.0006,0.4374,0.3335
3138,3.138,-0.004,0.0075,-0.0024,-0.0035,0.5414,0.2762
3139,3.139,0.0012,0.0014,-0.0014,-0.0054,0.4487,0.2239
3140,3.14,0.0032,0.0051,0.0038,-0.003,0.5342,0.3682
3141,3.141,-0.001,0.003,0.0029,-0.0027,1.6951,1.0235
3142,3.142,-0.0015,0.0072,0.0054,-0.0034,1.1982,0.743
3143,3.143,-0.0021,0.0019,0.006,-0.0073,0.1404,0.1459
3144,3.144,-0.0024,0.0067,0.008,-0.0149,-0.2738,-0.2428
3145,3.145,0.0031,0.0024,0.0038,-0.0139,-0.4008,-0.3145
3146,3.146,-0.0038,0.0052,0.0009,-0.0054,-0.5157,-0.3793
3147,3.147,-0.0066,0.0026,-0.0026,-0.0022,-0.62,-0.322
3148,3.148,-0.0144,-0.0025,0.0043,0.003,-0.3403,-0.2697
3149,3.149,-0.0114,-0.0019,0.0096,0.0022,-1.4474,-0.8944
3150,3.15,-0.0122,-0.0037,0.0123,0.0047,-1.5994,-0.9801
3151,3.151,-0.0028,-0.002,0.0166,0.0053,-0.639,-0.2829
3152,3.152,-0.004,-0.0056,0.0129,0.0046,0.2358,0.187
3153,3.153,-0.0008,-0.0108,0.0094,-0.0011,0.3513,0.2738
3154,3.154,0.0022,-0.0044,0.0001,0.0089,0.4552,0.3519
3155,3.155,0.0013,-0.0019,-0.0012,0.0048,0.5494,0.2824
3156,3.156,0.0038,-0.0013,-0.0074,0.0036,0.4647,0.219
3157,3.157,0.0075,-0.0006,0.0005,0.0025,0.8511,0.6257
3158,3.158,0.0081,-0.0049,-0.0024,0.0015,1.6248,0.9957
3159,3.159,0.0076,0.0027,-0.0032,0.0024,0.9036,0.4671
3160,3.16,0.0059,-0.0026,-0.0022,-0.0002,0.0578,-0.0267
3161,3.161,0.0023,0.0039,-0.0014,0.002,-0.2853,-0.2201
3162,3.162,0.0053,0.0047,-0.0033,0.004,-0.3904,-0.2792
3163,3.163,0.0065,0.0025,-0.0014,0.0023,-0.4859,-0.3328
3164,3.164,0.0029,0.0004,-0.0018,0.0064,-0.4022,-0.2853
3165,3.165,0.0032,-0.0013,-0.0012,0.0016,-0.4804,-0.3291
3166,3.166,-0.0016,0.0005,0.0002,-0,-1.5361,-0.9248
3167,3.167,-0.0011,-0.0053,0,-0.0017,-1.3863,-0.6697
3168,3.168,0.0006,-0.0059,-0.0023,-0.0002,-0.1507,-0.1268
3169,3.169,0.0031,-0.0052,0.0002,-0.0044,0.3493,0.2267
3170,3.17,0.0019,-0.002,-0.0006,-0.0015,0.5019,0.292
3171,3.171,0.0022,-0.0015,0.0003,-0.001,0.6402,0.351
3172,3.172,0.0032,0.0001,-0.0035,0.0002,0.5165,0.2989
3173,3.173,-0.0013,0.0032,-0.005,-0.0018,0.4038,0.2514
3174,3.174,0.0003,0.0029,-0.0023,-0.0021,1.3305,0.8195
3175,3.175,-0.0014,0.0011,-0.0063,-0.0038,1.4554,0.8973
3176,3.176,0.0012,0.0058,-0.0045,-0.0008,0.661,0.2635
3177,3.177,-0.0049,0.0016,0.0035,0.0011,-0.269,-0.1638
3178,3.178,-0.0024,0.0012,0.0005,0.0064,-0.3963,-0.2424
3179,3.179,-0.0002,0.0038,-0.0046,0.0042,-0.5113,-0.3134
3180,3.18,0.0005,0.0042,-0.0018,-0.0022,-0.6157,-0.3778
3181,3.181,-0.0037,0.0046,-0.0041,0.002,-0.336,-0.2037
3182,3.182,0.0004,-0.0011,0.003,0.0043,-0.9322,-0.5734
3183,3.183,-0.0011,0.0015,-0.0053,-0.0022,-1.7841,-1.1021
3184,3.184,-0.0023,0.0009,-0.002,-0.003,-0.9914,-0.4687
3185,3.185,-0.0011,0.0003,-0.0028,-0.0036,0.144,0.129
3186,3.186,0.0032,0.0046,0.0019,-0.0085,0.2975,0.2082
3187,3.187,-0.0009,0.0017,-0.0005,0.0009,0.4365,0.2798
3188,3.188,-0.0003,-0.006,-0.001,-0.0004,0.5623,0.3448
3189,3.189,-0.0054,-0.0027,-0.0002,0.0008,0.4501,0.2875
3190,3.19,-0.0033,-0.0057,-0.0018,0.0018,0.5533,0.3407
3191,3.191,-0.0016,0.0028,-0.0045,0.0071,1.5835,0.9658
3192,3.192,0.0013,-0.0003,0.0024,0.0045,1.173,0.711
3193,3.193,0.0018,0.0028,0.0017,0.002,0.2988,0.1683
3194,3.194,0.003,0.0037,-0.0024,-0.0002,-0.2705,-0.1848
3195,3.195,0.0033,0.0063,-0.0016,-0.0022,-0.3756,-0.2498
3196,3.196,0.0044,0.0026,0.0005,-0.0038,-0.4705,-0.3084
3197,3.197,0.0034,0.0033,-0.0024,-0.0055,-0.5566,-0.3614
3198,3.198,-0.0003,0.0003,0.0005,0.0013,-0.3252,-0.2174
3199,3.199,0,0.002,-0.0029,0.0022,-1.3801,-0.8724
3200,3.2,0.0029,-0.0005,-0.0032,0.0014,-1.5315,-0.9661
3201,3.201,0.0011,0.0008,-0.0019,0.0021,-0.5705,-0.3692
3202,3.202,0.005,-0.0047,-0.0028,0.0028,0.3048,0.1749
3203,3.203,0.0003,-0.001,-0.0017,0.0023,0.4207,0.247
3204,3.204,0.0017,-0.0006,-0.0013,0.0028,0.5035,0.3133
3205,3.205,-0.0013,0.0044,-0.0029,0.0012,0.6079,0.3783
3206,3.206,0.0051,0.0014,-0.0035,0.0017,0.3281,0.2047
3207,3.207,-0.0008,0.0031,-0.0047,0.0006,0.9245,0.5748
3208,3.208,-0.0014,-0.0026,-0.0078,0.0018,1.6216,1.008
3209,3.209,-0.0049,-0.0047,-0.0014,-0.0025,0.9664,0.4851
3210,3.21,-0.0019,0.0017,0.0051,-0.0008,-0.1428,-0.0084
3211,3.211,-0.0001,0.0026,0.0026,-0.0055,-0.2962,-0.2015
3212,3.212,0.0024,0.0033,0.0033,-0.0038,-0.435,-0.2604
3213,3.213,0.0036,-0.0031,0.0027,-0.0033,-0.5606,-0.3136
3214,3.214,-0.0003,-0.0022,-0.0067,-0.0028,-0.4482,-0.2658
3215,3.215,-0.0018,-0.0028,-0.008,-0.0025,-0.5512,-0.3966
3216,3.216,-0.004,-0.0135,-0.0043,-0.0013,-1.7685,-0.992
3217,3.217,-0.002,-0.0304,-0.001,-0.0023,-1.2715,-0.7366
3218,3.218,-0.0024,-0.0238,0,-0.0013,-0.2137,-0.0385
3219,3.219,0.0022,-0.0095,0.0027,0.0004,0.2008,0.2445
3220,3.22,0.0017,-0.0002,0.0002,0.0002,0.3276,0.3311
3221,3.221,0.0022,0.0049,0.0009,-0.0015,0.4425,0.2548
3222,3.222,-0.0025,0.0064,0.003,-0.0004,0.5467,0.3258
3223,3.223,-0.0043,0.0051,0.0013,-0.0018,0.4539,0.2623
3224,3.224,0.001,0.0062,0.0054,0.0009,1.3904,0.9018
3225,3.225,-0.0026,0.0095,0.0039,-0.0023,1.5157,0.8173
3226,3.226,-0.0043,0.0064,0.0017,-0.0027,0.4949,0.2749
3227,3.227,-0.0107,0.0037,0.0006,-0.0024,-0.1935,-0.2188
3228,3.228,-0.0167,0.0062,0.0025,0.0008,-0.3206,-0.2841
3229,3.229,-0.0098,0.0055,0.0035,-0.0012,-0.4354,-0.3428
3230,3.23,-0.0089,0.009,0.0032,-0.0002,-0.5396,-0.2905
3231,3.231,-0.003,-0.0005,0.003,0.0043,-0.447,-0.2427
3232,3.232,0.0022,-0.0046,0.0043,0.0001,-0.8729,-0.6358
3233,3.233,0.0028,0.0017,0.0006,-0.0017,-1.7248,-1.0056
3234,3.234,0.0045,-0.0062,0.0041,0.0031,-0.9317,-0.4768
3235,3.235,0.0004,-0.0032,-0.0028,0.0061,-0.0019,0.0172
3236,3.236,0.0029,-0.0059,-0.0017,0.002,0.3748,0.2109
3237,3.237,0.0041,-0.0017,-0.0008,-0.0028,0.4897,0.27
3238,3.238,0.0037,-0.0011,-0.005,0.0002,0.5937,0.3236
3239,3.239,0.0047,0.0009,-0.0013,-0.0086,0.5012,0.2761
3240,3.24,0.0043,-0.0061,0.0052,-0.0174,0.5868,0.4073
3241,3.241,0.0033,-0.0016,0.0027,-0.0142,1.5933,1.0029
3242,3.242,0.0046,-0.0008,-0.0058,-0.0005,1.1826,0.7479
3243,3.243,0.0007,0.0044,-0.0025,0.0013,0.3083,0.0499
3244,3.244,0.0023,-0.0034,-0.0015,0.003,-0.2611,-0.2325
3245,3.245,0.0008,-0.0005,-0.0006,0.0014,-0.3659,-0.3188
3246,3.246,0.003,0.0041,0.0003,0.0055,-0.4607,-0.2422
3247,3.247,0.0009,0.0048,-0.0019,0.0066,-0.5467,-0.313
3248,3.248,-0.001,-0.0005,0.0002,0.0076,-0.4699,-0.2494
3249,3.249,0,-0.0083,-0.0015,0.0086,-1.3843,-0.8887
3250,3.25,-0.0037,-0.0032,0.0003,0.004,-1.5096,-0.9743
3251,3.251,0.0005,-0.0059,-0.0012,0.0048,-0.4887,-0.2771
3252,3.252,0.0009,-0.0001,-0.0015,-0.0004,0.1999,0.193
3253,3.253,0.0014,-0.0008,0.0014,-0.0011,0.327,0.2797
3254,3.254,0.0002,-0.0087,0.0004,-0.0006,0.4416,0.3579
3255,3.255,-0.0037,0.0007,-0.0012,-0.0035,0.5456,0.2883
3256,3.256,-0.0012,-0.0005,-0.0008,0.0022,0.4527,0.2248
3257,3.257,-0,0.0027,-0.0021,0.0015,0.8785,0.6315
3258,3.258,-0.0029,0.0037,0.0018,0.0035,1.7302,1.0014
3259,3.259,0.0021,0.0045,-0.0022,0.0018,0.9371,0.4726
3260,3.26,0.0041,0.0069,0.0014,0.0035,0.0077,-0.0213
3261,3.261,0.0011,0.0047,0.0036,0.0009,-0.3689,-0.2148
3262,3.262,0.0039,-0.0002,0.004,0.0012,-0.4838,-0.2738
3263,3.263,0.0034,0.0002,0.0031,0.0015,-0.5877,-0.3274
3264,3.264,0.0056,-0.0003,0.0021,0.0025,-0.4952,-0.28
3265,3.265,0,0.0043,0.0004,-0.0027,-0.5808,-0.4112
3266,3.266,0.0007,0.0101,-0.0014,0.001,-1.7417,-1.007
3267,3.267,0,0,0.001,0.0003,-1.2447,-0.7521
3268,3.268,-0.003,-0.0041,0.0014,0.0008,-0.1866,-0.0543
3269,3.269,-0.0035,-0.0029,-0.0023,0.0037,0.228,0.2282
3270,3.27,-0.002,-0.0061,0.0044,0.0063,0.3549,0.3147
3271,3.271,0.0011,-0.0008,-0.0001,0.0032,0.4695,0.3928
3272,3.272,-0.0028,0.0038,-0.0009,0.0021,0.5734,0.323
3273,3.273,-0.0002,0.0029,-0.0002,-0.0015,0.4808,0.2593
3274,3.274,-0.0014,0.0023,0.0018,-0.0011,1.4176,0.8986
3275,3.275,-0.0002,-0.0012,0.0001,-0.0023,1.5431,0.8139
3276,3.276,0.0002,0.0057,-0.0028,0.0003,0.5224,0.2711
3277,3.277,0.0026,0.0084,-0.0003,-0.0049,-0.1659,-0.2229
3278,3.278,0.0009,0.0042,-0.0025,-0.0071,-0.2928,-0.2884
3279,3.279,-0.0004,-0.001,-0.0005,-0.0035,-0.4073,-0.3473
3280,3.28,0.0035,0.004,-0.0031,0.0007,-0.5113,-0.2954
3281,3.281,0.0007,0.0057,0.0001,-0.0057,-0.4185,-0.2478
3282,3.282,0.0012,-0.0019,-0.0011,-0.0065,-1.0146,-0.6411
3283,3.283,0.0016,-0.0008,-0.003,-0.0027,-1.8662,-1.0112
3284,3.284,0.0013,0,-0.002,0.0022,-0.8463,-0.4824
3285,3.285,0.0024,-0.0041,0.001,-0.0009,0.1162,0.1524
3286,3.286,0.0035,-0.0019,-0.0026,0.0021,0.4929,0.2391
3287,3.287,0.0039,-0.0011,0.0024,-0.0015,0.3816,0.3172
3288,3.288,-0.0003,-0.0005,0.0004,-0.0018,0.4861,0.388
3289,3.289,-0.0019,0.0036,-0.0039,-0.0057,0.3937,0.3245
3290,3.29,-0.0014,0.0011,0.0001,-0.0009,0.6496,0.3827
3291,3.291,0.0012,-0.0018,-0.0047,0.0033,1.6562,1.0697
3292,3.292,-0.0018,0.0021,-0.0017,0.005,1.2455,0.6019
3293,3.293,-0.0014,0.0057,-0.0034,0.0045,0.1219,0.0047
3294,3.294,-0.0003,0.0016,0.0001,0.0015,-0.3334,-0.2292
3295,3.295,-0.0026,0.0057,-0.0012,0.0012,-0.4726,-0.3007
3296,3.296,0.0012,0.0083,-0.0068,0.0009,-0.5981,-0.3656
3297,3.297,0.0016,0.0023,-0.0032,-0.0008,-0.486,-0.3082
3298,3.298,-0.0004,0.0049,-0.0025,-0.0004,-0.3839,-0.2558
3299,3.299,0.0007,0.0012,-0.0056,-0.0003,-1.4139,-0.8805
3300,3.3,-0.0003,-0.0008,-0.0017,0.0004,-1.5517,-0.966
3301,3.301,0.0014,-0.0024,-0.0022,0.0006,-0.4285,-0.2687
3302,3.302,0.0008,-0.0053,0.0038,0.0004,0.3285,0.2013
3303,3.303,-0.0003,-0.0027,-0.0022,0.0006,0.4681,0.2879
3304,3.304,-0.0015,-0.0096,-0.0029,-0.0021,0.5943,0.366
3305,3.305,0.0004,-0.0051,-0.003,0.0004,0.5403,0.3298
3306,3.306,-0.0009,-0.0041,-0.0037,0.004,0.4278,0.26
3307,3.307,-0.0004,0.0005,-0.0008,0.0028,0.943,0.7077
3308,3.308,-0.0015,-0.0036,0.0044,0.0024,1.5988,0.9987
3309,3.309,0.0007,0.0033,-0.0006,0.0035,0.8325,0.4172
3310,3.31,0.0021,0.0025,-0.0049,0.0002,-0.097,-0.1263
3311,3.311,-0.0003,0.0068,-0.0009,-0.0001,-0.4735,-0.1982
3312,3.312,-0.0006,0.0046,-0.0014,0.0034,-0.3622,-0.2633
3313,3.313,-0.0013,-0.0003,-0.0012,0.0031,-0.4662,-0.3221
3314,3.314,-0.0006,-0.0008,0.0035,-0.0033,-0.5605,-0.2698
3315,3.315,-0.0028,-0.0025,0.0077,-0.0042,-0.6461,-0.4143
3316,3.316,0.0015,-0.004,0.006,-0.0051,-1.8074,-1.0698
3317,3.317,0.001,-0.0062,0.0054,-0.0073,-1.3104,-0.6019
3318,3.318,-0.0043,-0.0059,0.0041,-0.0122,-0.2524,-0.1749
3319,3.319,-0.0036,-0.0084,0.0012,-0.0027,0.4363,0.2137
3320,3.32,-0.0006,-0.0067,0.0063,0.0013,0.5632,0.2851
3321,3.321,-0.0011,-0.0024,0.0027,0.0051,0.4513,0.3498
3322,3.322,-0.0026,-0.0007,0.0057,0.0018,0.5554,0.2923
3323,3.323,-0.0004,0.0008,0.0073,-0.0097,0.4628,0.2396
3324,3.324,-0.0033,0.0005,0.0068,-0.0173,1.3995,0.9602
3325,3.325,-0.0037,-0.0034,0.011,-0.0104,1.5249,0.8577
3326,3.326,0.0015,0.0001,0.0093,-0.0016,0.5043,0.2011
3327,3.327,-0.0022,-0.0042,0.0077,0.0062,-0.1842,-0.2265
3328,3.328,-0.0016,-0.0047,0.0008,0.0072,-0.3111,-0.151
3329,3.329,0.0001,-0.0063,-0.0065,0.0044,-0.4257,-0.3629
3330,3.33,-0.0028,0.0006,-0.002,0.0002,-0.5298,-0.2999
3331,3.331,0.0007,-0.0005,0.0005,0.0039,-0.4371,-0.2426
3332,3.332,-0.0005,-0.0013,-0.0017,0.0075,-1.0333,-0.7184
3333,3.333,0.0007,-0.0039,-0.0024,0.0017,-1.7303,-1.0387
3334,3.334,-0.0019,-0.0155,-0.0041,0.001,-0.8875,-0.3993
3335,3.335,0.0019,-0.0206,-0.0012,0.0017,0.135,0.198
3336,3.336,0.0004,-0.0161,-0.0027,0.0012,0.275,0.2768
3337,3.337,-0,-0.0009,-0.0005,-0.0005,0.4014,0.3478
3338,3.338,-0.0029,0.0051,-0.0034,0.0052,0.516,0.2844
3339,3.339,-0.0004,0.0107,-0.0044,0.003,0.4142,0.2267
3340,3.34,0.0027,0.0056,-0.0011,0.001,0.6956,0.385
3341,3.341,-0.0037,0.004,0.0001,-0.0007,1.6325,1.0095
3342,3.342,-0.0102,-0.0001,-0.005,-0.0002,1.2594,0.5839
3343,3.343,-0.0145,0.0086,-0,0.0004,0.2379,0.0403
3344,3.344,-0.003,0.0096,0.003,0.0064,-0.4503,-0.1726
3345,3.345,-0.0014,0.0106,0.0002,0.0022,-0.3278,-0.2379
3346,3.346,-0.003,0.0078,0.0007,0.0044,-0.4422,-0.297
3347,3.347,0.0011,0.0069,-0.0035,-0.0005,-0.5459,-0.3506
3348,3.348,0.0047,0.0062,0.003,0.0026,-0.4528,-0.303
3349,3.349,0.0037,0.0068,0.0022,0.0021,-1.5593,-0.9585
3350,3.35,0.0047,0.0051,0.0029,0.0026,-1.4093,-0.8656
3351,3.351,0.0073,0.0056,-0.0006,0.0014,-0.4483,-0.269
3352,3.352,0.0047,-0.0022,0.0012,-0.0015,0.178,0.2744
3353,3.353,0.0025,-0.0033,0.0041,-0.0033,0.5206,0.2056
3354,3.354,0.0045,0.0019,0.0026,-0.0001,0.6253,0.2702
3355,3.355,0.005,0.001,0.0015,0.0002,0.5333,0.3288
3356,3.356,0.0032,0.0053,-0.0005,-0.0023,0.4489,0.1706
3357,3.357,0.0027,-0,0.0031,-0.0047,0.991,0.699
3358,3.358,0.0049,-0.002,-0.0011,-0.0003,1.6248,1.0509
3359,3.359,0.002,0.0049,-0.0005,-0.0008,0.8584,0.4747
3360,3.36,0.0001,0.0076,0.0031,-0.0002,-0.0713,-0.0689
3361,3.361,0.0017,0.0068,-0.0029,0.0001,-0.4476,-0.2815
3362,3.362,0.0021,0.0031,-0.0037,0.0004,-0.5626,-0.3464
3363,3.363,0.0039,0.0051,-0.003,-0.0014,-0.4607,-0.2892
3364,3.364,-0,0.002,-0.0009,0.0038,-0.3677,-0.2371
3365,3.365,-0.0017,-0.002,-0.0003,-0.0014,-0.6232,-0.4776
3366,3.366,0.003,-0.0015,0.0003,0.0006,-1.784,-1.0457
3367,3.367,0.0035,-0.0037,-0.0044,-0.0036,-1.2867,-0.6591
3368,3.368,0.0006,-0.0049,-0.0027,-0.0065,-0.2284,-0.0244
3369,3.369,0.0001,-0.0039,-0.001,-0.0029,0.4603,0.2325
3370,3.37,-0.0021,-0.0015,0.0016,-0.0007,0.3383,0.3111
3371,3.371,-0.0001,0.0002,-0.0014,0.0022,0.4534,0.3822
3372,3.372,0.0024,-0.0016,-0.001,-0.0003,0.5576,0.3189
3373,3.373,0.0007,0.0023,-0.0035,-0.0027,0.4651,0.2613
3374,3.374,0.0004,0.0041,0.0004,-0.0023,1.4019,0.9481
3375,3.375,0.0034,-0.0006,-0.0043,-0.0022,1.5273,0.855
3376,3.376,-0.0021,-0.0036,-0.0026,-0.001,0.5066,0.2582
3377,3.377,-0.0028,0.0017,-0.0021,-0.0008,-0.1815,-0.1306
3378,3.378,-0.0007,-0.0019,-0.0016,-0.0002,-0.3083,-0.2022
3379,3.379,-0.0002,0.0024,0.0035,0.0003,-0.4227,-0.267
3380,3.38,0.0015,-0.0015,0.0071,0.0027,-0.5264,-0.3258
3381,3.381,-0.002,-0.001,0.004,0.0024,-0.4335,-0.2735
3382,3.382,0.0031,-0.004,0.0057,0.0026,-1.0293,-0.706
3383,3.383,-0.0047,-0.0042,-0.0001,0.0055,-1.7263,-0.9968
3384,3.384,-0.0036,-0.0006,0.0021,-0.0003,-0.8831,-0.4154
3385,3.385,-0.0028,-0.0037,0.0014,0.0006,0.1398,0.1283
3386,3.386,-0.0002,-0.0048,-0.0056,0.0013,0.28,0.2003
3387,3.387,0.0005,-0.0037,-0.0047,-0.0007,0.4064,0.2652
3388,3.388,-0.0002,0.0009,-0.0022,-0.0049,0.5208,0.324
3389,3.389,-0.0032,0.0026,-0.0045,0.0004,0.4192,0.2717
3390,3.39,-0.0003,0.001,0.0004,0.0011,0.7007,0.4159
3391,3.391,0.0013,0.0046,-0.0027,-0.0031,1.6377,1.0714
3392,3.392,-0.0017,0.0058,-0.0032,-0.0002,1.0154,0.6034
3393,3.393,0.0039,0.0002,-0.0017,-0.0038,0.2205,0.0061
3394,3.394,-0.0013,-0.0004,-0.004,0.0023,-0.2968,-0.2278
3395,3.395,0.0024,-0.0024,0.0024,0.0015,-0.3923,-0.2992
3396,3.396,-0.0006,-0.0019,0.0015,0.0009,-0.4786,-0.3637
3397,3.397,-0.0001,-0.0002,0.0023,0.0029,-0.5569,-0.3063
3398,3.398,-0.0005,-0.0007,-0.0015,-0.0029,-0.3468,-0.2538
3399,3.399,0.0026,-0.0077,-0.0009,0.0041,-1.3061,-0.9745
3400,3.4,-0.0013,0.0018,-0.0004,0.0014,-1.444,-0.872
3401,3.401,-0.0037,-0.002,0.0012,0.0005,-0.5702,-0.2156
3402,3.402,0.0005,-0.001,-0.0004,0.0027,0.2257,0.212
3403,3.403,0.0011,-0.002,-0.0008,0.0021,0.3308,0.2909
3404,3.404,-0.0004,-0.0047,-0.0037,0.0026,0.6133,0.3617
3405,3.405,-0.0034,-0.0005,-0.0034,-0.0027,0.5294,0.2985
3406,3.406,0.0029,-0.0073,-0.0003,-0.0019,0.3946,0.2203
3407,3.407,-0.001,-0.0004,-0.0042,-0.0097,1.0912,0.7434
3408,3.408,0.0026,-0.0069,-0.0018,0.0018,1.7471,0.9547
3409,3.409,0.0014,-0.0061,-0.0088,0.0034,0.8101,0.3789
3410,3.41,-0.0025,0.0054,0.0027,0.002,-0.0652,-0.1644
3411,3.411,0.0053,0.0071,-0.002,-0.0017,-0.408,-0.2362
3412,3.412,0.0021,0.0086,-0.0034,0.0039,-0.5129,-0.301
3413,3.413,0.0011,0.0044,0.0002,0.0008,-0.608,-0.3596
3414,3.414,-0.0053,0.0081,0.0012,0.0016,-0.5238,-0.3072
3415,3.415,0.0006,-0.0023,0.0022,0.0008,-0.7564,-0.4515
3416,3.416,0.0028,0.0017,-0.0025,0.0015,-1.812,-1.1069
3417,3.417,-0.0007,-0.002,0.0017,-0.0021,-1.0587,-0.6389
3418,3.418,0.001,-0.0031,0.0039,0.001,-0.0969,-0.0414
3419,3.419,0.0015,-0.0126,0.0002,0.0026,0.2795,0.1927
3420,3.42,0.002,-0.0064,-0.0029,0.0011,0.3946,0.2643
3421,3.421,-0.0022,-0.0054,0.0012,-0.0019,0.4986,0.3292
3422,3.422,-0.0006,-0.0024,0.0089,0.0019,0.5929,0.388
3423,3.423,-0.0041,-0.0016,0.0011,-0.0028,0.5083,0.3357
3424,3.424,-0.0038,0.0026,0.002,0.0002,1.5145,0.9606
3425,3.425,-0.0009,0.0003,-0.0064,-0.0015,1.3779,0.8761
3426,3.426,0.0009,-0.0004,-0.0055,-0.004,0.504,0.1787
3427,3.427,-0.0015,-0.0099,-0.0024,-0.0018,-0.292,-0.1039
3428,3.428,-0.0025,-0.0252,0.0002,-0.0007,-0.3977,-0.1902
3429,3.429,-0.0018,-0.0068,0.0011,-0.0003,-0.4929,-0.2683
3430,3.43,0.0015,0.0104,0.0033,-0.0035,-0.5794,-0.3391
3431,3.431,0.0003,0.0082,0.0039,-0.0015,-0.3484,-0.2755
3432,3.432,-0.0009,0.0061,0.0045,0.002,-1.1225,-0.6822
3433,3.433,0.0001,0.0079,0.0061,-0.0022,-1.8442,-1.0522
3434,3.434,0.0033,0.0028,0.0077,0.0042,-0.8142,-0.427
3435,3.435,-0.0006,0.0013,0.0065,-0.007,0.148,0.1709
3436,3.436,-0.0001,0.0053,0.0045,-0.0146,0.5243,0.25
3437,3.437,-0.0044,0.009,0.0055,-0.016,0.4124,0.3213
3438,3.438,0.0008,0.0058,0.0058,-0.0097,0.5162,0.3863
3439,3.439,-0.0041,0.0088,0.0035,-0.0065,0.4232,0.2128
3440,3.44,-0.0084,0.0024,0.0022,0.0029,0.6785,0.4773
3441,3.441,-0.0101,0.0102,-0.0017,0.0067,1.6846,1.0062
3442,3.442,-0.0086,0.0049,-0.0022,0.0077,0.9991,0.6551
3443,3.443,-0.0056,0.0058,0.0004,0.0046,0.1241,0.0783
3444,3.444,-0.0017,0.0049,0.0016,0.0054,-0.2188,-0.3102
3445,3.445,-0.0033,0.0027,0.0005,0.008,-0.324,-0.241
3446,3.446,0.0018,0.0076,0.0041,0.0042,-0.4191,-0.3054
3447,3.447,0.0024,0.0059,0.002,0.0022,-0.5055,-0.3637
3448,3.448,0.0054,-0.0017,0.0017,0.0005,-0.429,-0.311
3449,3.449,0.0049,-0.0027,0.0053,0.0022,-1.4844,-0.9353
3450,3.45,0.0074,-0.0036,-0.0016,0.0047,-1.3347,-0.8505
3451,3.451,0.0061,-0.0061,0.0016,0.0035,-0.3736,-0.1527
3452,3.452,0.0049,-0.0023,0.0008,0.0032,0.2522,0.3176
3453,3.453,0.0039,-0.0016,0,0.0067,0.3675,0.2342
3454,3.454,-0.0001,-0.0046,-0.0021,0.0024,0.4712,0.3126
3455,3.455,0.0046,-0.0041,0,0.0077,0.5659,0.3836
3456,3.456,-0.0011,-0.0005,-0.0016,-0.0001,0.3112,0.1922
3457,3.457,0.001,-0.0027,0.0002,0.0009,1.1625,0.7156
3458,3.458,-0.001,-0.0015,-0.0045,-0.0037,1.7292,0.927
3459,3.459,0.0032,-0.0004,-0.0002,-0.0012,0.8016,0.3511
3460,3.46,-0.0009,0.0049,-0.0041,-0.0005,-0.0737,-0.1922
3461,3.461,0.0006,0.0071,0.0037,0.0015,-0.4163,-0.264
3462,3.462,0.0009,0.0036,-0.0018,-0.0016,-0.5211,-0.3289
3463,3.463,-0.0003,0.0031,-0.0027,-0.0068,-0.6162,-0.2714
3464,3.464,0.0022,-0.0044,-0.0053,0.0025,-0.3622,-0.219
3465,3.465,0.0005,-0.0013,-0.001,-0.0038,-0.7498,-0.4592
3466,3.466,0.0008,-0.004,-0.0002,-0.0006,-1.8054,-1.1145
3467,3.467,-0.0011,0.0003,0.0034,-0.0059,-1.052,-0.6464
3468,3.468,0.0006,-0.0034,0.0018,0.0005,-0.0897,-0.0488
3469,3.469,0.0004,-0.0027,0.0002,-0.002,0.287,0.1852
3470,3.47,0.0018,-0.0009,-0.0023,0.0049,0.4022,0.2566
3471,3.471,0.0004,-0.0049,-0.0034,0.0003,0.5061,0.3214
3472,3.472,-0.0023,-0.0033,0.0006,-0.0005,0.4136,0.264
3473,3.473,0.0013,0.0037,-0.0019,0.0017,0.4993,0.3172
3474,3.474,0.0001,0.0047,-0.0006,-0.0004,1.5055,0.9419
3475,3.475,-0.001,0.0002,0.0015,0.0001,1.3691,0.8573
3476,3.476,-0,-0.0039,-0.0036,0.0007,0.4952,0.1597
3477,3.477,0.001,0.0014,-0.0055,-0.0008,-0.3006,-0.1232
3478,3.478,0,-0.0021,-0.0012,-0.0038,-0.4057,-0.2099
3479,3.479,-0.0042,0.001,-0.0017,-0.0041,-0.5008,-0.2881
3480,3.48,-0.0025,-0.0066,-0.0001,-0.0045,-0.5872,-0.3591
3481,3.481,-0.0008,-0.0013,-0.0023,0.0001,-0.3559,-0.1679
3482,3.482,0.005,0.0015,-0.0034,-0.0029,-1.1296,-0.8075
3483,3.483,0.0013,-0.0009,-0.0016,0.0023,-1.6452,-1.0634
3484,3.484,0.002,-0.0002,0.0037,0.0044,-0.8022,-0.3668
3485,3.485,0.0025,-0.0021,-0.0016,0.0001,0.2203,0.1029
3486,3.486,0.0009,0.001,0.0005,0.0006,0.3603,0.1893
3487,3.487,0.0004,0.0006,0.0021,0.0022,0.4868,0.2671
3488,3.488,-0.0038,-0.0029,0.0004,-0.0029,0.6011,0.3378
3489,3.489,-0.0033,-0.0032,-0.0032,-0.0049,0.499,0.2742
3490,3.49,0.0025,0.0024,-0.0029,-0.0019,0.7803,0.4483
3491,3.491,0.0032,0.0031,-0.0017,-0.0013,1.7172,1.0293
3492,3.492,0.0025,0.0025,-0.0028,0.0012,1.0946,0.6421
3493,3.493,0.0008,0.0082,-0.0011,0.0001,0.0726,0.0071
3494,3.494,0.0037,0.0045,-0.0009,0.0021,-0.3415,-0.2503
3495,3.495,0.0032,0.001,-0.0052,0.004,-0.4677,-0.3293
3496,3.496,0.0021,0.0015,-0.0022,0.0036,-0.582,-0.2603
3497,3.497,0.0033,0.0067,-0.0017,0.0006,-0.4799,-0.3252
3498,3.498,-0.0009,-0.0011,-0.0044,0.0016,-0.3867,-0.2679
3499,3.499,0.0008,-0.0001,-0.0022,-0.0037,-1.6636,-0.9552
3500,3.5,0.0013,-0.0047,-0.002,0.0016,-1.4819,-0.8624
3501,3.501,-0.0017,-0.0021,-0.0011,0.0022,-0.3189,-0.0955
3502,3.502,0.0012,-0.0059,0.0005,0.0005,0.4386,0.2149
3503,3.503,-0.0013,-0.0023,-0.0006,0.001,0.3041,0.3097
3504,3.504,-0.0003,-0.0029,-0,0.0005,0.4301,0.3951
3505,3.505,-0.0013,-0.0012,-0.0013,0.0008,0.5443,0.3182
3506,3.506,-0.0031,-0.0007,-0.0021,0.0004,0.4425,0.2481
3507,3.507,-0.0009,0.0001,-0.0041,0.0009,1.1679,0.7419
3508,3.508,0.002,0.0031,-0.001,0.0012,1.6369,0.934
3509,3.509,-0.0016,-0.0016,-0.0007,0.0065,0.7,0.4101
3510,3.51,-0.0037,0,-0.0005,-0.0005,-0.1749,-0.084
3511,3.511,-0.0026,0.0017,0.0012,0.0041,-0.2906,-0.2777
3512,3.512,-0.0022,-0.0019,-0.0012,0.0032,-0.395,-0.3369
3513,3.513,-0.0019,-0.0016,-0.0037,0.0025,-0.4897,-0.3906
3514,3.514,-0.0015,0.0031,-0.0001,0.0004,-0.4055,-0.2471
3515,3.515,-0.0041,-0.0053,-0.0007,-0.0013,-0.7926,-0.553
3516,3.516,-0.0024,-0.0021,0.0004,0.0004,-1.8479,-1.0695
3517,3.517,0.0027,-0.0032,-0.0045,0.0008,-1.0941,-0.5777
3518,3.518,-0.0022,-0.0024,0.0012,-0.0004,-0.1314,-0.0006
3519,3.519,-0.0027,-0.0034,0.0048,-0.0043,0.4949,0.2334
3520,3.52,-0.0115,0.0018,-0.0046,-0.0048,0.3841,0.3047
3521,3.521,-0.0127,-0.006,-0.001,-0.0099,0.4883,0.3693
3522,3.522,-0.0117,-0.0051,0.0021,-0.0035,0.5832,0.312
3523,3.523,-0.0065,0.0013,0.0051,-0.0094,0.499,0.2596
3524,3.524,0.002,-0.003,0.0004,-0.0194,1.5055,0.9806
3525,3.525,-0.0013,-0.0009,-0.0091,-0.0235,1.3695,0.8783
3526,3.526,0.0018,0.0011,-0.0054,-0.0121,0.2463,0.222
3527,3.527,0.0063,0.0016,-0.0023,-0.0015,-0.209,-0.2052
3528,3.528,0.0004,-0.0002,-0.0013,0.0026,-0.3483,-0.2836
3529,3.529,0.0056,-0.006,0.0032,0.0063,-0.4742,-0.3543
3530,3.53,0.002,0.0024,0.0073,0.0095,-0.5884,-0.2908
3531,3.531,0.0003,-0.0102,0.008,0.0064,-0.2803,-0.2329
3532,3.532,0.0032,-0.0153,0.0143,0.0037,-1.1228,-0.7083
3533,3.533,0.0037,-0.02,0.0101,0.0063,-1.6899,-1.0282
3534,3.534,0.004,-0.0019,0.0122,0.007,-0.7621,-0.2719
3535,3.535,0.0019,0.0053,0.0102,0.0049,0.1131,0.2452
3536,3.536,0.0009,0.0031,0.0019,0.0032,0.4556,0.1537
3537,3.537,0.0033,0.005,-0.0037,0.0049,0.5599,0.24
3538,3.538,0.007,-0.0006,-0.0007,0.0034,0.4675,0.3183
3539,3.539,0.0081,0.0044,0.0001,-0.0016,0.3831,0.249
3540,3.54,0.0025,0.0059,0.0027,-0.0023,0.7703,0.5694
3541,3.541,0.0018,0.0211,0.0005,0.0007,1.6851,1.0932
3542,3.542,0.0054,0.0109,0.004,0.0072,1.0622,0.6016
3543,3.543,0.0011,0.009,-0.0002,0.0013,0.04,0.025
3544,3.544,0.0016,0.0072,0.0051,0.005,-0.3745,-0.2084
3545,3.545,-0.0009,0.0087,-0.0013,0.0057,-0.501,-0.2792
3546,3.546,0.0013,0.0046,0.0046,0.0052,-0.616,-0.3434
3547,3.547,-0.0043,0.0058,0.004,0.0035,-0.5146,-0.2854
3548,3.548,0.0026,-0.002,0.0047,0.002,-0.4219,-0.3381
3549,3.549,-0.002,-0.0011,0.0017,-0.0049,-1.6992,-0.9622
3550,3.55,0.0005,-0.0002,-0.0012,0.0004,-1.518,-0.8771
3551,3.551,-0.0032,-0.0011,0.0004,0.0031,-0.3554,-0.179
3552,3.552,-0.0039,-0.0049,0.0008,0.0073,0.4017,0.2913
3553,3.553,-0.0022,0.0029,-0.003,0.0051,0.5412,0.2082
3554,3.554,-0.0006,-0.0023,0.0006,0.0045,0.418,0.2869
3555,3.555,-0.0001,-0.0051,-0.0036,-0.0025,0.5321,0.3582
3556,3.556,-0.0004,0.0009,0.0041,-0.0033,0.4299,0.167
3557,3.557,-0.0025,0.0046,0.0011,-0.0024,1.2726,0.8069
3558,3.558,0.0001,0.001,-0.0015,-0.0031,1.6128,0.8928
3559,3.559,-0.0038,0.0005,-0.0057,-0.0038,0.6849,0.3508
3560,3.56,0.0029,0.0022,-0.0003,-0.0007,-0.1904,-0.1427
3561,3.561,-0.0016,0.0058,0.0004,-0.0002,-0.3065,-0.2079
3562,3.562,0.0009,0.0036,-0.0012,0.0034,-0.411,-0.2667
3563,3.563,-0.0013,0.0039,-0.0006,-0.0017,-0.506,-0.3199
3564,3.564,0.0007,0.0014,-0.001,0.0047,-0.422,-0.272
3565,3.565,-0.001,0.0024,-0.004,0.0022,-0.8095,-0.4903
3566,3.566,-0.0027,0.0028,0,-0.003,-1.8651,-1.0858
3567,3.567,-0.0001,-0.0014,0.0037,-0.0037,-1.1116,-0.6599
3568,3.568,0.0029,0.0003,0.0034,-0.0054,-0.1495,0.0385
3569,3.569,0.0033,-0.0061,-0.0021,-0.0106,0.4765,0.3214
3570,3.57,-0.0025,-0.0001,-0.0013,-0.0071,0.3655,0.2378
3571,3.571,0.0034,0.0006,-0.0032,-0.0001,0.4696,0.3161
3572,3.572,0.0012,-0.003,-0.0074,-0.001,0.5641,0.2467
3573,3.573,0.0033,-0.0024,-0.0044,-0.0001,0.4795,0.3111
3574,3.574,-0.0062,0.0005,-0.0058,-0.0038,1.6406,0.9506
3575,3.575,-0.0021,-0.003,-0.0054,-0.0018,1.4754,0.6958
3576,3.576,0.0017,-0.0026,-0.0041,-0.0035,0.4179,0.1531
3577,3.577,0.0007,-0.0054,0.0001,-0.0006,-0.2705,-0.2002
3578,3.578,0.0038,-0.0035,0.0031,0.001,-0.3971,-0.2655
3579,3.579,-0.0008,-0.0031,-0.0004,-0.0012,-0.5114,-0.3245
3580,3.58,0.0001,0.0006,-0.0007,0.0027,-0.6151,-0.2724
3581,3.581,0.0008,-0.0005,0.0042,-0.0008,-0.3347,-0.2248
3582,3.582,0.0028,-0.0008,-0.0027,-0.0011,-1.271,-0.7929
3583,3.583,0.0012,-0.0065,0.0001,-0.0015,-1.6451,-1.0256
3584,3.584,-0.0017,-0.0006,-0.0024,-0.0025,-0.6245,-0.3922
3585,3.585,0.0019,0.0032,0.0028,-0.0035,0.3384,0.2055
3586,3.586,0.0016,0.0013,-0.0007,0.001,0.466,0.2844
3587,3.587,-0.004,-0.0003,-0.0024,0.0005,0.5812,0.3551
3588,3.588,-0.0047,0.0062,-0.0018,0.001,0.4801,0.2915
3589,3.589,-0.0011,-0.0032,-0.0013,-0.0002,0.3878,0.2338
3590,3.59,-0.0027,-0.0019,0.0009,0.0001,0.8143,0.4978
3591,3.591,0.0001,0.0037,-0.0012,-0.0002,1.6665,1.0264
3592,3.592,-0.0013,0.0048,0.0013,-0.0048,1.1008,0.5341
3593,3.593,-0.001,0.0022,-0.0039,0.001,-0.034,-0.0434
3594,3.594,0.0011,-0.002,-0.0002,0.0003,-0.1873,-0.2775
3595,3.595,-0.0007,0.0002,-0.001,0.0023,-0.3259,-0.2088
3596,3.596,0.001,-0.0004,0.002,-0.0007,-0.4513,-0.2738
3597,3.597,-0.0007,-0.0021,0.0037,0.001,-0.5649,-0.3326
3598,3.598,0.0019,-0.0061,-0.0011,0.0026,-0.4619,-0.2805
3599,3.599,-0.0005,-0.0056,-0.0007,0.0014,-1.6787,-1.0016
3600,3.6,0.0026,-0.0005,0.0009,0.0042,-1.5131,-0.6935
3601,3.601,0,-0.0025,-0.0007,0.0017,-0.455,-0.2245
3602,3.602,-0.0003,-0.003,0.0022,0.0056,0.2341,0.2026
3603,3.603,0.0021,0.0046,-0.0027,0.0091,0.3616,0.281
3604,3.604,0.0019,0.0016,-0.0045,0.0022,0.4768,0.3516
3605,3.605,0.0008,0.0025,0.0006,-0.003,0.5812,0.2879
3606,3.606,0.0045,-0,-0.0031,0.0034,0.4888,0.2298
3607,3.607,0.002,-0.0007,-0.0027,0.0025,1.2557,0.8105
3608,3.608,-0.0008,0.0037,-0.005,0.0012,1.6021,0.9407
3609,3.609,-0.0011,0.0057,-0.0035,0.0005,0.6749,0.398
3610,3.61,0.0001,0.0027,-0.0001,-0.0016,-0.1998,-0.0961
3611,3.611,0.0011,-0.0002,-0.0053,0.0015,-0.3154,-0.2897
3612,3.612,0.0008,0.0013,-0.0061,-0.0026,-0.4194,-0.349
3613,3.613,-0.0002,-0.0009,-0.008,-0.0001,-0.5138,-0.2973
3614,3.614,0.0016,-0.0006,-0.0017,-0.0052,-0.4293,-0.2502
3615,3.615,-0.0013,0.0019,-0.0061,0.0013,-0.8163,-0.5564
3616,3.616,0.0023,-0.0034,-0.0025,0.0004,-1.7309,-1.0731
3617,3.617,-0.0038,0.0018,-0.0047,0.0026,-1.1079,-0.5813
3618,3.618,-0.0013,0.0011,-0.0044,0.0046,-0.0855,-0.0045
3619,3.619,0.0024,0.0016,-0.0062,0.0029,0.3291,0.2291
3620,3.62,0.0004,-0.0049,-0.0028,-0.0012,0.4561,0.3002
3621,3.621,-0.0026,-0.0041,-0.0061,-0.0048,0.5709,0.3645
3622,3.622,-0.0021,-0.0004,-0.0015,-0.0026,0.4692,0.3067
3623,3.623,-0.0037,-0.0068,-0.0033,-0.0014,0.5636,0.3593
3624,3.624,-0.0025,-0.001,0.0005,-0.0004,1.6708,0.9837
3625,3.625,0.0003,0.0012,0.0029,0.0006,1.2193,0.7284
3626,3.626,-0.0054,0.0005,0.0039,-0.0045,0.2579,0.1851
3627,3.627,-0.0012,0.0009,0.0018,-0.0009,-0.3679,-0.1686
3628,3.628,0.0025,0.0014,-0.0041,0.0021,-0.4832,-0.2342
3629,3.629,0.0004,0.0018,-0.0034,-0.0019,-0.5873,-0.2933
3630,3.63,0.0009,-0.0013,-0.0029,0.0016,-0.4947,-0.3469
3631,3.631,0.0014,-0.001,-0.0037,0.0019,-0.4105,-0.2033
3632,3.632,-0.0001,0.0032,0.0044,-0.0028,-1.262,-0.7715
3633,3.633,0.001,-0.0021,-0.0013,-0.0023,-1.6025,-1.0043
3634,3.634,0.0013,-0.0128,0.0016,-0.004,-0.6748,-0.3709
3635,3.635,-0.0012,-0.0297,0.0042,0.0017,0.2004,0.2266
3636,3.636,-0.0065,-0.0142,0.005,-0.0005,0.3164,0.3053
3637,3.637,0.0004,-0.0082,-0.0004,0.0002,0.4208,0.2359
3638,3.638,-0.0061,0.0011,0.0015,-0.0004,0.5156,0.3004
3639,3.639,-0.0035,0.0095,0.0031,-0.0009,0.4312,0.2425
3640,3.64,-0.0105,0.0079,0.0059,-0.0034,0.8183,0.5066
3641,3.641,-0.0151,0.0038,0.0011,-0.0004,1.733,1.0353
3642,3.642,-0.004,0.005,0.004,-0.0016,1.1099,0.5429
3643,3.643,-0.0055,0.0081,0.0057,-0.0074,0.0876,-0.0343
3644,3.644,0.0041,0.0091,0.0061,-0.0151,-0.3266,-0.2683
3645,3.645,0.0003,0.0045,0.0091,-0.0079,-0.4532,-0.3397
3646,3.646,0.0013,0.0053,0.0094,0.0006,-0.5677,-0.2766
3647,3.647,0.0044,0.0046,0.0104,-0.0005,-0.4661,-0.3353
3648,3.648,0.007,0.001,0.0051,-0.0015,-0.5606,-0.3885
3649,3.649,0.0062,-0.006,0.0014,0.007,-1.6678,-1.0133
3650,3.65,0.0055,-0.0182,0.0078,0.0059,-1.2166,-0.7586
3651,3.651,0.0034,-0.0166,0.012,0.0049,-0.2557,-0.0609
3652,3.652,0.0051,0.0003,0.0113,-0.0015,0.3699,0.2216
3653,3.653,0.0056,-0.0019,0.0149,-0.0024,0.4849,0.3079
3654,3.654,0.003,0.0082,0.0054,-0.0018,0.5888,0.3859
3655,3.655,0.0033,0.0101,-0.0042,0.0031,0.496,0.3162
3656,3.656,0.0036,0.005,-0.0029,0.0036,0.4113,0.2526
3657,3.657,0.0018,0.0065,-0.0061,0.0031,1.2626,0.7756
3658,3.658,0.0021,0.0079,-0.005,0.0078,1.6027,0.8462
3659,3.659,-0.0003,0.0116,-0.0004,0.0035,0.6744,0.2699
3660,3.66,0.0015,0.0038,0.0022,0.003,-0.2011,-0.1187
3661,3.661,0.0003,0.0048,-0.0015,0.0005,-0.3173,-0.1906
3662,3.662,0.0005,0.0039,-0.0021,0.0008,-0.422,-0.2556
3663,3.663,0.001,0.0031,-0.0037,0.0028,-0.5171,-0.3145
3664,3.664,0.0005,0.0068,-0.0041,0.0009,-0.4332,-0.2621
3665,3.665,-0.0022,0.0075,-0.0035,-0.0015,-0.8207,-0.5987
3666,3.666,0.0028,-0.002,-0.0003,0.0036,-1.7361,-1.0795
3667,3.667,-0.0007,-0.0007,0.0037,-0,-1.1135,-0.5039
3668,3.668,0.001,-0.0044,0.0043,0.0042,-0.0917,0.0395
3669,3.669,-0.0019,-0.0011,-0.0007,0.0013,0.322,0.252
3670,3.67,-0.0024,-0.0064,-0.0013,0.0049,0.448,0.3172
3671,3.671,0.0006,-0.0018,0.0005,0.0026,0.5618,0.3762
3672,3.672,-0.0014,-0.0009,-0.001,-0.0002,0.4596,0.324
3673,3.673,0.0022,0.0013,-0.0035,-0.0028,0.5533,0.3723
3674,3.674,-0,0.002,-0.0022,-0.0052,1.66,1.0277
3675,3.675,-0.0048,0.0025,-0.005,-0.0021,1.2081,0.7473
3676,3.676,0.0035,-0.0015,-0.0039,-0.0002,0.246,0.1503
3677,3.677,0.0003,0.0053,0.0008,-0.0006,-0.3802,-0.2383
3678,3.678,-0.0007,0.0026,0.0004,-0.0016,-0.4959,-0.3098
3679,3.679,-0.0015,-0.0068,-0.0012,-0.0017,-0.395,-0.3746
3680,3.68,0.0028,-0.0031,-0.0007,-0.0034,-0.4901,-0.3172
3681,3.681,-0.0009,0.0025,0.0006,0.0003,-0.4058,-0.2648
3682,3.682,0.0012,-0.0005,-0.0014,-0.0032,-1.2575,-0.7932
3683,3.683,0.0018,-0.0032,-0.0071,0.0019,-1.5982,-1.0044
3684,3.684,0.0001,-0.0006,0.0024,-0,-0.6706,-0.3003
3685,3.685,-0.0014,-0.0043,-0.0013,0.0031,0.2044,0.1698
3686,3.686,-0.0002,-0.0078,-0.0045,0.006,0.3202,0.2567
3687,3.687,-0.0022,0.0017,-0.0015,0.0003,0.4245,0.335
3688,3.688,0.0021,-0.0022,-0.0042,0.0025,0.5189,0.2655
3689,3.689,0.0004,0.0015,-0.005,0.0019,0.4346,0.2021
3690,3.69,-0.0031,0.0048,-0.0028,-0.0064,0.8217,0.609
3691,3.691,0.002,-0.0003,-0.0106,-0.0074,1.7364,0.9791
3692,3.692,-0.0015,0.0006,-0.0012,-0.0021,0.864,0.5467
3693,3.693,-0.0009,0.0015,-0.0049,0.0025,0.0683,-0.0941
3694,3.694,-0.0004,0.0009,-0.0039,-0,-0.4493,-0.1807
3695,3.695,-0.0009,0.0003,-0.003,-0.0007,-0.3577,-0.2589
3696,3.696,-0.002,0.0021,-0.0057,0.0001,-0.4442,-0.3296
3697,3.697,0.0001,-0.0008,-0.0049,0.0006,-0.5226,-0.2658
3698,3.698,0.0011,-0.0002,-0.0013,-0.0022,-0.4528,-0.3238
3699,3.699,-0.0012,0.0001,-0.0049,-0.0017,-1.4123,-1.0105
3700,3.7,0.0032,-0.0027,-0.0067,0.0026,-1.276,-0.7299
3701,3.701,0.0049,-0.0077,-0.0039,0.0067,-0.1523,-0.1325
3702,3.702,0.0014,-0.0057,-0.0035,0.002,0.303,0.2565
3703,3.703,0.0017,-0.0073,-0.0078,0.0015,0.4422,0.3282
3704,3.704,-0.0021,-0.0044,-0.0084,0.001,0.568,0.2652
3705,3.705,-0.0006,-0.0049,-0.006,-0.0005,0.4558,0.3241
3706,3.706,-0.0003,0.0003,-0.0058,0.0007,0.3532,0.2719
3707,3.707,0.0009,0.001,-0.0107,0.0019,1.3832,0.8006
3708,3.708,-0.0026,0.0027,-0.0013,0.0009,1.5208,0.8715
3709,3.709,-0.0021,0.0056,-0.0011,0.0054,0.6027,0.319
3710,3.71,0.003,0.0062,-0.0026,0.0001,-0.2728,-0.1303
3711,3.711,-0.0006,0.0026,-0.0064,0.0039,-0.3886,-0.1897
3712,3.712,-0.0023,0.003,-0.0033,0.0003,-0.4931,-0.3488
3713,3.713,-0.0018,0.0018,-0.0045,-0.0039,-0.5879,-0.3014
3714,3.714,-0.0013,0.0037,-0,0.0014,-0.3334,-0.2581
3715,3.715,-0.0024,0.0013,-0.0061,0.0034,-0.8758,-0.6155
3716,3.716,0.0004,-0.0038,-0.004,0.0029,-1.7909,-1.0481
3717,3.717,0.0001,-0.0002,-0.0005,-0.0023,-0.9188,-0.5248
3718,3.718,-0.0003,-0.0045,-0.0001,-0.0003,0.1033,-0.0308
3719,3.719,-0.0013,-0.0028,0.0026,-0.002,0.5175,0.1628
3720,3.72,0.0018,-0.0043,0.003,-0.0003,0.3948,0.3382
3721,3.721,-0.0022,0.0018,0.008,-0.0061,0.5092,0.3918
3722,3.722,0.0004,0.006,0.0073,-0.0039,0.4071,0.2483
3723,3.723,0.0026,0.0022,0.0077,-0.0046,0.5013,0.3794
3724,3.724,0.0005,-0.0027,0.0071,-0.0016,1.6081,0.975
3725,3.725,-0.0037,0.0031,0.0045,-0.0011,1.1563,0.72
3726,3.726,-0.0043,0.0037,0.0066,0.0004,0.1945,0.1769
3727,3.727,-0.0121,0.0017,0.0104,-0.0065,-0.1822,-0.1767
3728,3.728,-0.0131,0.0047,0.0089,-0.0055,-0.2976,-0.2422
3729,3.729,-0.0058,0.0042,0.0066,-0.0047,-0.6079,-0.3012
3730,3.73,-0.005,0.0016,0.0095,-0.009,-0.5155,-0.3548
3731,3.731,-0.0042,0.0012,0.0084,-0.0205,-0.4311,-0.2111
3732,3.732,0.0027,-0.0053,0.0108,-0.0154,-1.2826,-0.8666
3733,3.733,0.0019,-0.0099,0.0145,-0.0048,-1.6232,-0.9608
3734,3.734,0.0044,-0.0074,0.0214,-0.0007,-0.6953,-0.3644
3735,3.735,0.0037,-0.0037,0.012,0.003,0.1798,0.179
3736,3.736,0.0016,-0.0102,-0.0019,0.0019,0.5221,0.2505
3737,3.737,0.0033,-0.0024,-0.0038,0.0049,0.4206,0.3151
3738,3.738,0.0016,0.0006,-0.002,0.0041,0.5152,0.3735
3739,3.739,0.0041,-0.0135,-0.0035,0.0015,0.4308,0.2152
3740,3.74,-0.0002,-0.0196,-0.0104,0.0084,0.9726,0.5514
3741,3.741,0.0027,-0.0066,-0.0016,0.0075,1.7468,1.0319
3742,3.742,0.0042,0.0018,-0.0025,0.0066,0.8199,0.4558
3743,3.743,0.0011,0.0124,-0.0035,0.0059,-0.0551,-0.0878
3744,3.744,0.0058,0.0083,0.003,0.0024,-0.3978,-0.3007
3745,3.745,0.0016,0.0095,0.0006,0.004,-0.5026,-0.3659
3746,3.746,0.0032,0.0084,0.0013,0.0011,-0.5976,-0.425
3747,3.747,0.0058,0.0011,0.0034,0.0026,-0.5137,-0.2675
3748,3.748,0.0035,0.0002,0.003,0.0023,-0.5918,-0.3161
3749,3.749,0.0006,0.001,-0.0033,0.0019,-1.6473,-0.9717
3750,3.75,0.0031,0.0016,0.0011,0.0044,-1.1955,-0.6915
3751,3.751,0.0028,-0.0033,0.0005,0.0012,-0.2339,-0.0946
3752,3.752,0.0004,-0.0003,-0.0029,0.0023,0.3921,0.2939
3753,3.753,0.0023,0.0002,-0.0033,0.0013,0.5074,0.2246
3754,3.754,-0.0017,0.0037,0.0009,0.0044,0.6115,0.2889
3755,3.755,0,-0.0033,0.0026,0.0015,0.5189,0.3472
3756,3.756,-0.0047,-0.0003,0.0015,-0.001,0.4342,0.189
3757,3.757,0.001,0.0024,-0.003,-0.0042,1.2853,0.8132
3758,3.758,0.0003,-0.0018,-0.0024,0.0005,1.6258,0.8983
3759,3.759,-0.0046,0.0066,-0.0005,-0.0025,0.4918,0.3554
3760,3.76,0.0023,0.0034,-0.0061,-0.0021,-0.2653,-0.1387
3761,3.761,-0.0004,-0.0039,-0.0037,-0.0036,-0.4052,-0.2045
3762,3.762,-0.0046,0.0006,-0.0029,0.0033,-0.5314,-0.2637
3763,3.763,-0.0009,0.0031,0.0015,-0.0019,-0.4196,-0.3175
3764,3.764,-0.0045,-0.0006,0.0012,0.0045,-0.3177,-0.2701
3765,3.765,-0.004,0.0029,-0.0022,0.0003,-0.9733,-0.6636
3766,3.766,0.0001,-0.0014,-0.0032,0.0025,-1.74,-1.0339
3767,3.767,-0.0004,-0.0009,-0.0002,-0.0011,-1.0193,-0.5055
3768,3.768,-0.0008,0.0027,-0.0026,0.0047,0.0134,0.1292
3769,3.769,0.0048,-0.0034,-0.0056,-0.0023,0.4276,0.2159
3770,3.77,0.0011,-0.0009,-0.0066,-0.0014,0.5542,0.2942
3771,3.771,0.0018,-0.0016,-0.0007,-0.0022,0.4422,0.3651
3772,3.772,0.0001,-0.0008,0.0003,-0.0015,0.546,0.3019
3773,3.773,0.0018,0.0023,-0.0033,0.0005,0.64,0.3602
3774,3.774,-0.0029,0.0052,-0.0052,-0.0011,1.5767,1.0473
3775,3.775,-0.0012,0.0016,0.0007,-0.0016,1.2037,0.7667
3776,3.776,-0.0007,0.002,-0.0029,0.0032,0.1822,0.1695
3777,3.777,-0.0011,0.0024,-0.0049,0.0002,-0.2318,-0.219
3778,3.778,0.0001,0.0081,-0.0053,-0.0003,-0.3582,-0.2903
3779,3.779,0.0021,0.0039,-0.0047,0.0013,-0.4723,-0.3549
3780,3.78,-0.0004,0.0018,-0.0031,-0.0056,-0.5762,-0.2974
3781,3.781,-0.0007,0.0025,-0.0008,-0.0025,-0.2959,-0.2448
3782,3.782,-0.0017,-0.0006,0.0039,0.0003,-1.4026,-0.8693
3783,3.783,0.0002,-0.0011,-0.0003,0.0063,-1.5538,-0.9547
3784,3.784,0.002,0.0015,0.0014,0.0057,-0.5927,-0.2571
3785,3.785,0.0008,-0.0045,-0.0021,0.0037,0.2829,0.213
3786,3.786,-0.002,-0.002,0.003,0.0007,0.3988,0.2998
3787,3.787,-0.001,-0.0012,-0.0007,-0.0009,0.5036,0.3782
3788,3.788,0.0023,-0.0005,-0.0012,-0.0044,0.5985,0.3089
3789,3.789,0.0003,-0.0021,-0.0066,-0.0013,0.3442,0.2456
3790,3.79,0.0013,-0.0004,0.0011,0.0034,0.8866,0.6526
3791,3.791,0.0003,0.0054,-0.002,0.0004,1.6612,1.0228
3792,3.792,0.0034,0.0033,-0.0013,-0,0.9407,0.4944
3793,3.793,0.0045,0.0014,-0.0039,0.0005,-0.0916,-0.14
3794,3.794,0.0035,0.001,-0.0019,0.0002,-0.2313,-0.2265
3795,3.795,-0.0002,0.0028,-0.004,-0.0001,-0.3572,-0.3046
3796,3.796,0.001,0.0003,-0.0037,0.0025,-0.4715,-0.3753
3797,3.797,-0.0011,0.0015,-0.0021,0.0035,-0.3694,-0.3117
3798,3.798,0.0008,-0.0023,-0.0028,0.0025,-0.6504,-0.3696
3799,3.799,-0.0037,-0.0008,-0.0042,-0.0012,-1.7572,-1.0563
3800,3.8,0.0032,-0.0037,-0.0023,0.0013,-1.3054,-0.7754
3801,3.801,0.0005,-0.0057,-0.0067,0.0074,-0.3431,-0.0075
3802,3.802,0.0014,-0.0006,-0.0028,0.0049,0.2833,0.3036
3803,3.803,0.0007,-0.0012,-0.0025,0.0011,0.3987,0.2117
3804,3.804,-0.0013,0.0005,-0.0031,-0.0038,0.5031,0.2979
3805,3.805,0.0004,0.0082,-0.0061,-0.0121,0.5977,0.3761
3806,3.806,-0.0013,0.0009,-0.0089,-0.0131,0.3429,0.3065
3807,3.807,-0.0039,-0.0017,-0.0074,-0.0058,1.349,0.8824
3808,3.808,-0.0008,0.0008,-0.0066,0.0026,1.4867,0.8058
3809,3.809,-0.0005,0.0002,-0.0026,0.0036,0.6131,0.3132
3810,3.81,-0.0015,0.0026,-0.0048,0.0016,-0.2363,-0.1898
3811,3.811,0.0036,0.0033,-0.0046,0.0006,-0.3522,-0.2549
3812,3.812,-0.0013,0.0064,-0.0065,0.0014,-0.4567,-0.3136
3813,3.813,-0.0018,0.0035,-0.0092,-0.0012,-0.5516,-0.3667
3814,3.814,0.0046,0.003,-0.0083,-0.0005,-0.4674,-0.2227
3815,3.815,-0.0014,-0,-0.0029,0.0015,-1.0097,-0.6157
3816,3.816,-0.0036,-0.0029,-0.001,-0.0055,-1.7843,-1.0914
3817,3.817,-0,-0.0032,-0.0047,-0.0028,-0.8577,-0.5154
3818,3.818,0.0016,-0.0085,-0.0019,-0.0037,0.017,0.0283
3819,3.819,-0.006,-0.0184,-0.0026,-0.0089,0.3591,0.2411
3820,3.82,-0.0029,-0.0281,-0.0034,-0.0154,0.4636,0.1783
3821,3.821,-0.0002,-0.0167,-0.0014,-0.0129,0.558,0.2373
3822,3.822,0.0006,-0.0029,-0.0028,-0.006,0.4733,0.2908
3823,3.823,-0.0079,0.0064,-0.0021,-0.0033,0.5506,0.4353
3824,3.824,-0.0135,0.0047,-0.0013,-0.0008,1.6053,1.0907
3825,3.825,-0.0105,0.0062,0.0002,-0.0002,1.153,0.6231
3826,3.826,-0.0078,0.0022,0.0025,-0.0022,0.1907,0.026
3827,3.827,-0,-0.0016,0.0005,-0.004,-0.4359,-0.2076
3828,3.828,-0.0011,0.0087,0.0013,-0.0092,-0.3255,-0.2789
3829,3.829,0.0053,0.0046,0.0054,-0.0044,-0.4301,-0.3436
3830,3.83,0.0011,0.0058,0.0046,-0.0014,-0.5251,-0.286
3831,3.831,0.0033,0.0002,0.0061,0.0038,-0.4414,-0.2334
3832,3.832,0.0039,-0.0029,0.0055,0.0116,-1.4481,-0.954
3833,3.833,0.0069,-0.0002,0.0049,0.0063,-1.5866,-0.8514
3834,3.834,-0.0007,-0.0028,0.0112,0.0071,-0.4643,-0.1951
3835,3.835,0.0003,-0.0051,0.0195,0.008,0.2921,0.2327
3836,3.836,0.003,-0.0044,0.0116,0.0086,0.4311,0.3117
3837,3.837,-0.0013,-0.0002,0.0145,0.0037,0.5565,0.383
3838,3.838,0.0039,-0.0043,0.0135,0.0106,0.4438,0.3199
3839,3.839,0.0032,-0.0122,0.0091,0.0021,0.3411,0.2623
3840,3.84,0.0015,-0.0154,0.0021,0.0053,0.9961,0.6322
3841,3.841,0.001,-0.0082,0.0104,0.0042,1.592,0.969
3842,3.842,0.0015,0.0021,0.0135,-0.0004,0.8947,0.4885
3843,3.843,0.0027,0.0061,0.0104,0.0074,-0.1384,-0.0886
3844,3.844,0.0006,0.0123,0.0095,0.0043,-0.2787,-0.1676
3845,3.845,0.0016,0.0112,-0.0034,0.0051,-0.4054,-0.2388
3846,3.846,-0.0001,0.0081,-0.0053,0.0026,-0.5204,-0.3035
3847,3.847,0.0009,0.0053,-0.0037,0.0063,-0.4189,-0.2459
3848,3.848,0.0028,0.0044,-0.0022,0.0042,-0.5134,-0.4044
3849,3.849,0.0021,-0.0009,-0.0063,-0,-1.7912,-1.0291
3850,3.85,0.0019,-0.0016,-0.0075,-0.0018,-1.245,-0.774
3851,3.851,-0.0001,0.0053,-0.0064,-0.0033,-0.0824,-0.076
3852,3.852,0.0005,-0.0012,-0.0034,0.0009,0.3725,0.2069
3853,3.853,-0.0022,0.003,-0.0025,-0.0032,0.5112,0.2935
3854,3.854,-0.0032,0.0036,-0.005,-0.0047,0.6367,0.3716
3855,3.855,-0.0042,0.0029,-0.0056,-0.0017,0.5241,0.3021
3856,3.856,-0,-0.0014,-0.002,-0.002,0.4214,0.2385
3857,3.857,-0.0031,0.0014,-0.0077,-0.0039,1.4511,0.8779
3858,3.858,0.001,0.0008,-0.0024,-0.0007,1.5886,0.7934
3859,3.859,-0.0005,0.002,-0.0002,-0.0027,0.4654,0.2508
3860,3.86,0.0025,0.0067,-0.0032,0.0024,-0.2916,-0.1024
3861,3.861,0.0005,0.0024,-0.0083,0.003,-0.4313,-0.2958
3862,3.862,0.0047,0.0028,-0.0033,-0.0027,-0.5573,-0.3546
3863,3.863,0.0064,0.0043,-0.0026,-0.002,-0.4454,-0.3024
3864,3.864,0.0029,-0.0027,-0.0008,0.0029,-0.3435,-0.2548
3865,3.865,0.0017,0.0003,-0.0032,-0.0013,-0.9992,-0.6479
3866,3.866,0.0046,-0.0024,-0.0061,-0.0018,-1.7662,-1.0179
3867,3.867,-0.0011,-0.005,-0.0056,-0.0013,-0.8392,-0.4891
3868,3.868,-0.0003,-0.0088,0.0004,0.0018,0.0361,0.1459
3869,3.869,-0.0009,-0.0068,0.0065,-0.0011,0.3787,0.2329
3870,3.87,-0.0003,0.0001,0.0119,0.0008,0.4835,0.3112
3871,3.871,-0.0007,0.0028,0.0141,-0.0009,0.5782,0.3821
3872,3.872,0.0045,-0.0014,0.0173,0.0042,0.4943,0.3189
3873,3.873,-0.0004,0.0055,0.0146,-0.0022,0.5722,0.3774
3874,3.874,-0.0034,0.0028,0.009,-0.008,1.6277,1.0647
3875,3.875,0.0019,0.0003,0.0039,0.002,1.1761,0.5971
3876,3.876,0.0012,-0.0034,-0.0037,0.0007,0.2144,-0.0001
3877,3.877,-0.003,-0.0014,-0.0005,-0.0029,-0.4115,-0.2338
3878,3.878,-0.0012,0.0028,-0.0012,0.0003,-0.5266,-0.3051
3879,3.879,-0.0027,-0.0048,-0.0053,-0.0027,-0.4247,-0.3696
3880,3.88,-0.0004,-0.0017,-0.003,-0.0018,-0.5188,-0.3119
3881,3.881,-0.0001,0.001,-0.0036,-0.0059,-0.4339,-0.2591
3882,3.882,-0.0004,0.0036,-0.0029,-0.0052,-1.4399,-0.8834
3883,3.883,-0.0027,-0.0034,0,-0.0002,-1.5775,-0.9689
3884,3.884,0.0004,-0.0025,-0.0035,-0.0032,-0.454,-0.2714
3885,3.885,0.0023,-0.0033,-0.0004,-0.0003,0.3034,0.1987
3886,3.886,-0,0.0037,0,0.0045,0.4433,0.2853
3887,3.887,0.0004,-0.0008,-0.0042,0.0062,0.5697,0.3636
3888,3.888,-0.0038,0.0018,-0.0094,0.0057,0.458,0.2941
3889,3.889,-0.0033,0.0025,-0.0074,0.0042,0.3561,0.2305
3890,3.89,-0.0027,-0.001,-0.0032,0.002,1.0121,0.6374
3891,3.891,-0.0022,0.0033,-0.0109,-0.0018,1.609,1.0074
3892,3.892,-0.0025,0.0017,-0.008,-0.0044,0.7576,0.4785
3893,3.893,0.0004,0.0043,-0.0053,-0.0001,-0.0376,-0.0153
3894,3.894,0.0001,0.0001,-0.0029,0.004,-0.3488,-0.2089
3895,3.895,-0.0022,0.0078,-0.0068,-0.0008,-0.4435,-0.2679
3896,3.896,0.0002,0.0026,-0.0063,0.005,-0.5294,-0.3216
3897,3.897,0.0016,-0.0019,-0.006,0.0028,-0.4526,-0.2742
3898,3.898,0.0005,0.0059,-0.0067,0.0021,-0.6632,-0.4056
3899,3.899,0.0017,-0.0035,-0.0104,0.0004,-1.6222,-1.0014
3900,3.9,0.0031,-0.0023,-0.0094,-0.0024,-1.2113,-0.7466
3901,3.901,0.0004,-0.0012,-0.0076,-0.002,-0.0871,-0.0489
3902,3.902,0.0028,-0.0022,-0.0067,0.0002,0.3689,0.2334
3903,3.903,0.0018,0.0024,-0.0053,-0.0018,0.5083,0.3196
3904,3.904,0.0011,0.0033,-0.0085,-0.0008,0.6343,0.3974
3905,3.905,0.0004,0.0012,-0.0077,0.0016,0.5227,0.3277
3906,3.906,-0.0007,0.0019,-0.009,0.006,0.4207,0.2639
3907,3.907,0.0013,0.0037,-0.0116,0.0031,1.4509,0.903
3908,3.908,0.002,0.0008,-0.0125,0.0005,1.3148,0.8181
3909,3.909,-0.0007,0.0044,-0.011,-0.0007,0.4415,0.2751
3910,3.91,-0.0024,0.0056,-0.0111,0.0005,-0.354,-0.2191
3911,3.911,-0.0002,0.0041,-0.01,-0.0034,-0.3752,-0.2342
3912,3.912,0.0022,0.0054,-0.0131,-0.0024,-0.4794,-0.2995
3913,3.913,-0.0016,-0.0004,-0.0115,-0.002,-0.5741,-0.3586
3914,3.914,0.001,-0.0046,-0.0094,0.0017,-0.3192,-0.201
3915,3.915,0.0013,-0.0023,-0.0147,-0.0053,-1.0158,-0.73
3916,3.916,-0.0007,-0.0072,-0.01,-0.0022,-1.8588,-1.0822
3917,3.917,0.0003,-0.0015,-0.0045,-0.0014,-0.8387,-0.5067
3918,3.918,0.0019,-0.0036,-0.004,-0.0056,0.1242,0.1912
3919,3.919,-0.0018,-0.0043,-0.0007,0.0013,0.501,0.2861
3920,3.92,-0.0007,-0.0026,0.0008,0.0021,0.3896,0.2016
3921,3.921,-0.0003,-0.0021,0.0034,-0.0004,0.4938,0.2793
3922,3.922,-0.0022,-0.0015,0.0027,0.0017,0.4012,0.2094
3923,3.923,-0.0039,-0.0027,-0.0005,-0.0047,0.6572,0.4011
3924,3.924,0.0011,0.002,-0.0011,-0.0159,1.6638,1.0402
3925,3.925,-0.0038,-0.001,-0.0055,-0.0205,1.2532,0.6144
3926,3.926,0.0004,-0.0005,-0.0016,-0.0053,0.1296,0.0709
3927,3.927,-0.0061,0,0.004,-0.0073,-0.3253,-0.2827
3928,3.928,-0.0036,0.0004,0.006,0.002,-0.4642,-0.3483
3929,3.929,0.0001,0.0032,0.0065,0.0003,-0.5901,-0.4075
3930,3.93,0.0021,-0.0026,0.0094,0.0018,-0.4778,-0.3557
3931,3.931,-0.0022,-0.0034,0.0145,0.0087,-0.3755,-0.2121
3932,3.932,-0.0039,-0.0087,0.0066,0.005,-1.5927,-0.8677
3933,3.933,-0.0004,-0.0038,0.016,0.0082,-1.4276,-0.7748
3934,3.934,0.0018,-0.0096,0.0147,0.0092,-0.3704,-0.1784
3935,3.935,0.0029,-0.0211,0.0202,0.0065,0.3181,0.2101
3936,3.936,0.0003,-0.0262,0.0171,0.0022,0.4452,0.2815
3937,3.937,-0.0014,-0.0093,0.0144,0.0029,0.56,0.3461
3938,3.938,-0.0011,-0.0027,0.0152,0.0049,0.4585,0.2886
3939,3.939,-0.0037,0.0074,0.0204,0.0032,0.3657,0.236
3940,3.94,-0.009,0.0093,0.0211,-0.002,1.1321,0.6682
3941,3.941,-0.0097,0.0109,0.0194,0.0015,1.6478,0.9589
3942,3.942,-0.0048,0.0094,0.0259,0.001,0.8047,0.4828
3943,3.943,-0.0031,0.0024,0.0268,0.0015,-0.2178,-0.0945
3944,3.944,-0.0049,0.0061,0.0184,-0,-0.3575,-0.1737
3945,3.945,0.0008,0.0071,0.0036,-0.0012,-0.4838,-0.2451
3946,3.946,0.0045,0.004,-0.0024,0.0043,-0.5981,-0.3099
3947,3.947,0.0025,0.0048,-0.0004,0.0037,-0.496,-0.2525
3948,3.948,0.0067,-0.0064,-0.0053,0.0016,-0.59,-0.4113
3949,3.949,0.0071,0.0011,-0.0006,0.0033,-1.6973,-1.0364
3950,3.95,0.0003,-0.0003,-0.0045,-0.0008,-1.2452,-0.6111
3951,3.951,0.0049,0.0009,-0.0006,-0.0023,-0.0089,-0.068
3952,3.952,0.004,-0.0024,-0.0037,0.0007,0.4915,0.2853
3953,3.953,0.0061,0.0028,-0.0004,0.0019,0.3428,0.2226
3954,3.954,0.0054,-0.0018,-0.0066,0,0.4813,0.2814
3955,3.955,0.0024,-0.0027,-0.0038,-0.0017,0.6068,0.3348
3956,3.956,0.0028,0.001,-0.0088,-0.0034,0.4941,0.2871
3957,3.957,0.0033,0.0103,-0.005,-0.0032,1.4212,0.9424
3958,3.958,0.0021,0.0065,-0.0053,-0.0039,1.2973,0.8493
3959,3.959,0.0009,0.0009,-0.0033,-0.0037,0.5027,0.2525
3960,3.96,-0.0002,-0.0044,-0.0066,-0.0005,-0.221,-0.1363
3961,3.961,0.0015,0.0002,-0.0059,0.0017,-0.3173,-0.2078
3962,3.962,0.0032,0.001,-0.006,0.0014,-0.574,-0.2726
3963,3.963,0.0025,0.0016,-0.0046,0.0003,-0.4979,-0.3313
3964,3.964,0.0048,0.0051,-0.006,0.0049,-0.4285,-0.2789
3965,3.965,-0.0003,0.002,-0.0107,0.0007,-1.1321,-0.7112
3966,3.966,-0.0023,0.0048,-0.0026,-0.0081,-1.7882,-1.0021
3967,3.967,-0.0006,0.0001,-0.0054,-0.0019,-0.8515,-0.4204
3968,3.968,-0.0035,-0.0057,-0.0114,0.0037,0.2731,0.1232
3969,3.969,-0.002,0.0027,-0.0016,0.0007,0.4268,0.1952
3970,3.97,0.001,-0.0051,-0.005,0.0015,0.5659,0.2605
3971,3.971,-0.0018,0.0001,-0.0057,-0.001,0.4426,0.3192
3972,3.972,-0.0008,0.0009,-0.0044,0.0043,0.3304,0.2672
3973,3.973,-0.0025,0,-0.0068,0.0007,0.6395,0.4118
3974,3.974,-0.0015,0.0037,-0.009,-0.0023,1.6697,0.9802
3975,3.975,0.0004,-0.0027,-0.0066,-0.0006,0.9847,0.5937
3976,3.976,0.0011,0.0032,-0.0043,-0.0022,0.1103,0.1003
3977,3.977,0.0017,0.0069,-0.0071,-0.0018,-0.2322,-0.221
3978,3.978,0.0007,0.0034,-0.004,-0.0038,-0.3369,-0.28
3979,3.979,-0.0006,0.0064,-0.0042,-0.0048,-0.4316,-0.3332
3980,3.98,0.0018,0.0012,-0.001,-0.0002,-0.5174,-0.2855
3981,3.981,-0.0026,-0.0024,-0.0063,-0.0019,-0.4406,-0.3292
3982,3.982,-0.0043,-0.0028,-0.0024,-0.0002,-1.4955,-0.9246
3983,3.983,-0.0027,0.0001,-0.0058,0.0013,-1.3455,-0.8396
3984,3.984,0.0024,-0.0077,-0.0014,0.0017,-0.384,-0.1418
3985,3.985,-0.0012,-0.0044,-0.0042,-0.0003,0.2423,0.1412
3986,3.986,0.0019,-0.0075,0.0006,0.0007,0.3582,0.2279
3987,3.987,0.0003,-0.0066,-0.001,-0.0038,0.4624,0.3061
3988,3.988,-0.0022,-0.0023,-0.0015,-0.0055,0.5574,0.3771
3989,3.989,-0.0053,0.0077,0.0001,0.0009,0.303,0.1858
3990,3.99,0.0012,-0.0019,-0.0011,0.0068,1.1547,0.709
3991,3.991,0.0021,0.0019,-0.0031,0.0031,1.7218,0.9203
3992,3.992,0.0013,-0.0013,-0.0028,0.0038,0.7946,0.4724
3993,3.993,0.002,-0.0002,-0.0018,-0.0019,-0.0803,-0.0523
3994,3.994,-0,0.0044,-0.0035,-0.0012,-0.4226,-0.2645
3995,3.995,0.0043,0.0122,-0.0022,0.0009,-0.5269,-0.3295
3996,3.996,0.0038,0.0027,-0.0006,0.0014,-0.4345,-0.2721
3997,3.997,0.0013,-0.001,-0.0039,0.0009,-0.3502,-0.2197
3998,3.998,-0.0017,0.0001,-0.0029,0.0015,-0.7374,-0.4601
3999,3.999,0.0012,-0.0051,-0.002,0.0003,-1.7925,-1.1155
4000,4,-0.0013,-0.0024,-0.0018,0.0007,-1.0388,-0.6476
4001,4.001,-0.0016,-0.0049,-0.007,-0.0036,-0.0766,-0.0503
4002,4.002,-0.0025,-0.0011,-0.0065,0.0017,0.3001,0.1835
4003,4.003,0.0006,-0.0031,-0.0097,0.0024,0.4154,0.2549
4004,4.004,0.0045,-0.0036,-0.0082,0.0029,0.5195,0.3195
4005,4.005,-0.0001,-0.0019,-0.0048,0.0024,0.4269,0.2619
4006,4.006,0.0016,0.0007,-0.01,0.0019,0.5125,0.315
4007,4.007,-0.0012,0.0019,-0.0082,-0.0003,1.5187,0.9396
4008,4.008,-0.0017,0.0007,-0.01,0.0009,1.3824,0.8549
4009,4.009,0.0015,0.0004,-0.0143,-0.0009,0.5083,0.1573
4010,4.01,0.0019,0.0028,-0.0067,-0.0033,-0.2876,-0.1256
4011,4.011,-0.0016,0.0079,-0.0058,-0.0043,-0.3929,-0.2123
4012,4.012,-0.0038,0.0079,-0.0111,0.0008,-0.4949,-0.3169
4013,4.013,-0.004,0.0058,-0.0103,0.001,-0.5896,-0.3951
4014,4.014,0.0008,0.0041,-0.0059,0.0008,-0.335,-0.185
4015,4.015,0.005,0.0046,-0.0035,0.0015,-1.1867,-0.7608
4016,4.016,-0.0002,0.0021,-0.0059,0.0029,-1.754,-0.9937
4017,4.017,0.0006,-0.0009,-0.0025,0.0051,-0.8268,-0.3603
4018,4.018,-0.0011,-0.003,0.0016,0.0009,0.0482,0.067
4019,4.019,-0.0027,-0.0019,-0.0003,-0.0034,0.3909,0.3006
4020,4.02,-0.0002,-0.0036,0.0021,-0.0038,0.4953,0.2312
4021,4.021,0.0029,0.0014,0.005,-0.0013,0.5901,0.2957
4022,4.022,0.0033,0.0008,0.006,0.0009,0.5057,0.2381
4023,4.023,0.0008,0.0003,0.0084,0.0012,0.7378,0.5022
4024,4.024,0.0011,-0.0026,0.0129,0.0023,1.6523,1.0307
4025,4.025,0.0029,-0.0062,0.0033,0.0046,1.0294,0.6792
4026,4.026,-0.0013,-0.0011,-0.0009,0.0016,0.0072,-0.0259
4027,4.027,0.0004,-0.0047,-0.0022,0.0006,-0.4072,-0.3086
4028,4.028,0.0033,-0.003,0.0103,0.0023,-0.5337,-0.2249
4029,4.029,-0.0003,-0.0118,0.0153,-0.0021,-0.422,-0.3031
4030,4.03,0.0009,-0.0231,0.0076,0.0019,-0.5259,-0.2335
4031,4.031,-0.0019,-0.0186,0.0062,-0.0028,-0.433,-0.2978
4032,4.032,-0.0016,-0.0034,0.0073,-0.0045,-1.5401,-0.9372
4033,4.033,-0.0026,-0.0014,0.0151,-0.004,-1.3904,-0.8527
4034,4.034,0.0011,0.0079,0.0245,-0.0015,-0.4291,-0.1552
4035,4.035,0.0014,0.0028,0.0233,0.0027,0.4462,0.3148
4036,4.036,-0.0025,0.0013,0.0108,-0.0001,0.3352,0.2312
4037,4.037,0.0001,0.0082,0.0023,0.0024,0.4391,0.3092
4038,4.038,-0.0021,0.0019,-0.0022,0.0012,0.5338,0.3802
4039,4.039,0.0007,0.0029,-0.0008,-0.0009,0.4495,0.1888
4040,4.04,0.0017,0.0019,0.003,-0.0034,1.146,0.712
4041,4.041,-0.0007,0.0027,0.002,-0.0087,1.6147,0.9233
4042,4.042,0.001,0.0035,-0.001,-0.0202,0.6775,0.3474
4043,4.043,0.0016,0.0028,0.0036,-0.0151,-0.1977,-0.041
4044,4.044,-0.0001,0.0035,0.0029,-0.0106,-0.3137,-0.2532
4045,4.045,0.0021,0.003,0.0008,-0.0066,-0.4183,-0.3179
4046,4.046,0.0013,0.0001,0.0002,-0.0003,-0.5133,-0.3765
4047,4.047,-0.0026,0.0006,0.0009,0.0074,-0.4292,-0.2183
4048,4.048,-0.0021,0.0027,0.0027,0.0064,-0.6618,-0.4586
4049,4.049,-0.0006,-0.0037,0.0033,0.0055,-1.7173,-1.0266
4050,4.05,-0.0037,-0.0083,-0.0007,0.0012,-0.9638,-0.6397
4051,4.051,-0.0094,-0.0006,-0.0047,0.0065,-0.0016,-0.0049
4052,4.052,-0.0132,-0.0016,-0.0019,0.0057,0.375,0.2525
4053,4.053,-0.0125,0.0011,-0.0014,0.0027,0.4902,0.3313
4054,4.054,-0.0043,0.0053,-0.0009,0.0043,0.5943,0.2621
4055,4.055,-0.0054,0.0059,-0.0026,0.0028,0.5017,0.3268
4056,4.056,-0.0107,0.0024,-0.0056,0.0031,0.4171,0.2693
4057,4.057,-0.0134,0.0054,-0.0025,0.0002,1.5782,0.9565
4058,4.058,-0.004,0.0013,-0.0019,0.0005,1.4131,0.8637
4059,4.059,-0.0029,0.0081,-0.0014,-0.0006,0.3558,0.2671
4060,4.06,-0.0019,0.0072,0.0019,0.0045,-0.3326,-0.2763
4061,4.061,0.0011,0.0046,-0.0021,0.0024,-0.4595,-0.2074
4062,4.062,0.0019,-0.0006,-0.0001,-0.0007,-0.574,-0.2718
4063,4.063,0.006,0.0043,-0.0024,-0.0024,-0.4722,-0.3303
4064,4.064,0.0022,-0.0027,-0.0033,-0.0009,-0.3792,-0.1723
4065,4.065,0.0042,-0.0054,0.0017,0.0002,-1.1454,-0.7967
4066,4.066,0.0025,-0.0029,0.0002,0.0031,-1.6608,-1.0522
4067,4.067,0.0065,-0.0051,-0.0059,0.0005,-0.8173,-0.355
4068,4.068,0.0079,-0.0016,0.0002,-0.0005,0.2054,0.1151
4069,4.069,0.0048,-0.0059,-0.0017,-0.0002,0.3453,0.202
4070,4.07,0.0028,-0.0006,-0.005,0.0035,0.4718,0.2806
4071,4.071,0.0085,0.0014,-0.0005,-0.0022,0.5866,0.3516
4072,4.072,0.0059,-0.0081,-0.0055,-0.0016,0.485,0.2883
4073,4.073,0.0006,-0.0041,-0.0004,-0.0051,0.7666,0.4629
4074,4.074,0.0012,0.0022,-0.0059,0.0018,1.7038,1.0445
4075,4.075,0.0029,0.0012,-0.0004,-0.0009,1.0812,0.6578
4076,4.076,0.0057,0.0042,-0.0051,-0.0001,0.0594,0.0234
4077,4.077,0.0021,-0.0004,-0.0044,0.0052,-0.3546,-0.2336
4078,4.078,0.0051,0.0021,-0.0037,0.0045,-0.4809,-0.312
4079,4.079,0.0022,-0.0016,-0.003,-0.0037,-0.5951,-0.3827
4080,4.08,0.0019,-0.0009,-0.0017,0.0019,-0.4928,-0.3192
4081,4.081,0.0029,0.0033,-0.0019,0.0009,-0.3994,-0.2612
4082,4.082,0.0046,0.0004,-0.0028,-0.0018,-1.6761,-0.948
4083,4.083,0.0052,-0.0011,-0.003,-0.0009,-1.4943,-0.8547
4084,4.084,0.0029,-0.0008,-0.0046,0.0028,-0.3311,-0.2574
4085,4.085,0.0005,-0.0036,-0.0003,0.0035,0.4264,0.2863
4086,4.086,-0.0002,-0.0061,-0.0044,0.0005,0.2922,0.2177
4087,4.087,0.0032,-0.0009,-0.0039,-0,0.4182,0.2824
4088,4.088,0.0002,-0.0002,-0.0013,0.0015,0.5329,0.3412
4089,4.089,0.003,0.0019,-0.0043,0.0019,0.4312,0.1834
4090,4.09,0.002,0.0014,-0.0004,0.0016,1.2744,0.7119
4091,4.091,-0.0018,0.0019,0.0012,-0.0009,1.615,0.9231
4092,4.092,0.0029,-0.0028,-0.0049,-0.0012,0.6875,0.347
4093,4.093,-0.0028,0.0067,-0.0041,-0.0002,-0.1874,-0.1965
4094,4.094,-0.0006,-0.0003,-0.0048,-0.0015,-0.3032,-0.2682
4095,4.095,-0.0026,0.006,-0.0068,-0.0003,-0.4074,-0.3331
4096,4.096,-0.0009,0.0004,-0.0052,0.0034,-0.5021,-0.276
4097,4.097,-0.0025,0.0015,-0.0057,0.006,-0.4178,-0.2238
4098,4.098,0.001,-0.0031,0.001,0.0049,-0.805,-0.4642
4099,4.099,-0.0011,-0.0022,0.0001,0.0002,-1.7198,-1.0324
4100,4.1,-0.0008,-0.0044,-0.0042,0.006,-1.097,-0.6456
4101,4.101,-0.0017,-0.0037,-0.0065,-0.0009,-0.0746,-0.0111
4102,4.102,-0.0027,-0.002,-0.0016,-0.0017,0.3398,0.2459
4103,4.103,-0.001,-0.0015,-0.0075,-0.0025,0.4665,0.3243
4104,4.104,0.0033,-0.0009,-0.0038,-0.0003,0.5808,0.3951
4105,4.105,-0.0024,0.0041,-0.0088,0.0004,0.479,0.3315
4106,4.106,-0.0016,-0.0023,-0.0047,0.0009,0.5731,0.2736
4107,4.107,-0.0036,0.0037,-0.002,-0.0007,1.5094,0.9603
4108,4.108,-0.0005,0.0043,-0.0016,-0.0002,1.3855,0.867
4109,4.109,-0.0021,0.0037,-0.002,-0.0032,0.364,0.2699
4110,4.11,0.0016,-0.0006,-0.0085,-0.0021,-0.3244,-0.2737
4111,4.111,0.0028,0.0071,-0.006,0.0037,-0.4515,-0.2052
4112,4.112,0.0026,0.004,-0.0052,0.0029,-0.5663,-0.2702
4113,4.113,0.0041,0.0025,-0.002,0.0002,-0.5272,-0.3217
4114,4.114,0.0032,-0.0002,-0.0073,-0.0005,-0.4251,-0.2642
4115,4.115,0.0001,0.0006,-0.0039,-0.004,-1.2682,-0.7401
4116,4.116,-0.0028,-0.0031,-0.0035,-0.0035,-1.6089,-0.9326
4117,4.117,-0.0009,-0.0038,0.0004,-0.0076,-0.6814,-0.4092
4118,4.118,-0.0018,-0.0021,0.0039,-0.0018,0.1935,0.0845
4119,4.119,-0.0008,0.0043,0.0049,-0.0041,0.3092,0.2778
4120,4.12,-0.0021,-0.0035,-0.0016,-0.0061,0.4133,0.3365
4121,4.121,0.0003,-0.0004,0.001,-0.0044,0.5076,0.2842
4122,4.122,0.0014,-0.0049,0,0.002,0.423,0.2365
4123,4.123,0,-0.0024,-0.0023,-0.0023,0.81,0.542
4124,4.124,-0.0023,0.0028,0.0026,0.0014,1.7245,1.0583
4125,4.125,-0.002,-0.0021,0.0082,-0.0021,1.1013,0.5661
4126,4.126,-0.0026,0.0037,0.0059,-0.0116,0.079,-0.0111
4127,4.127,-0.0009,0.0015,0.0023,-0.0157,-0.3357,-0.2451
4128,4.128,-0.0047,0.0009,0.0117,-0.0069,-0.4625,-0.3166
4129,4.129,-0.0042,0.0039,0.013,-0.0038,-0.5772,-0.3813
4130,4.13,-0.0011,-0.0001,0.0117,0.0035,-0.4758,-0.3241
4131,4.131,-0.0059,-0.0006,0.0084,0.0007,-0.3832,-0.3774
4132,4.132,-0.0042,-0.0036,0.0074,-0.0002,-1.6604,-1.0983
4133,4.133,-0.0025,-0.0024,0.0119,0.002,-1.4792,-0.7902
4134,4.134,-0.0041,-0.002,0.0127,0.0013,-0.3166,-0.1338
4135,4.135,0.0028,-0.0052,0.0027,0.007,0.44,0.2934
4136,4.136,0.0018,-0.0013,-0.0014,0.0048,0.3054,0.2176
4137,4.137,0.0026,-0.0038,-0.0026,0.0012,0.4312,0.2885
4138,4.138,0.0034,0.0013,0.0006,0.0042,0.5453,0.3529
4139,4.139,0.0026,0.0034,-0.0046,0.0036,0.443,0.2952
4140,4.14,-0.001,-0.006,0.0018,0.003,1.2857,0.7707
4141,4.141,0.002,0.0009,0.001,0.0052,1.6262,0.9629
4142,4.142,-0.0009,0.0022,0.0004,0.0013,0.6984,0.323
4143,4.143,0.0006,0.0054,0.0011,0.0048,-0.1769,-0.1044
4144,4.144,-0.0007,0.0045,0.0042,-0.0022,-0.2928,-0.1835
4145,4.145,-0.0004,-0.0095,0.0013,-0.0012,-0.3974,-0.2546
4146,4.146,0.0021,-0.0156,-0.0033,-0.0004,-0.4921,-0.3192
4147,4.147,-0.0012,-0.0062,0.0025,-0.003,-0.4077,-0.2615
4148,4.148,-0.0032,-0.0011,0.0019,-0.0008,-0.7951,-0.5257
4149,4.149,-0.003,0.0035,-0.0016,-0.0029,-1.8506,-1.0545
4150,4.15,-0.0007,0.0076,0.0016,-0.0013,-1.0968,-0.5623
4151,4.151,-0.0058,0.0065,-0.0012,0.0016,-0.1344,0.0149
4152,4.152,-0.0123,0.001,0.0004,0.0031,0.4919,0.2489
4153,4.153,-0.0098,0.0041,0.0002,0.0027,0.3809,0.3203
4154,4.154,-0.0105,0.005,0.0023,0.0015,0.4851,0.3852
4155,4.155,-0.0028,0.0059,-0.0001,0.0025,0.5796,0.3279
4156,4.156,0.0002,0.0066,-0.001,0.0014,0.4952,0.2754
4157,4.157,-0.0007,0.0074,0.0008,-0.0023,1.6564,0.9963
4158,4.158,0.0001,0.0032,0.0017,0.0027,1.1598,0.688
4159,4.159,0.0052,0.0049,-0.0021,0.0007,0.404,0.2189
4160,4.16,0.0032,0.0014,0.0009,0.0037,-0.2841,-0.2084
4161,4.161,0.0014,0.0057,-0.0025,-0.0039,-0.411,-0.2872
4162,4.162,0.0054,0.004,-0.0001,-0.0009,-0.5255,-0.3581
4163,4.163,0.0028,-0.0017,-0.0028,-0.0017,-0.4236,-0.2948
4164,4.164,0.005,0.0021,-0.0008,-0.0009,-0.3306,-0.2371
4165,4.165,0.0038,0.0001,-0.0038,0.0013,-1.2668,-0.8183
4166,4.166,0.0056,0.0043,-0.0008,0.0033,-1.6411,-0.896
4167,4.167,0.0059,0.0003,-0.0003,0.0028,-0.6204,-0.403
4168,4.168,0.0048,-0.0064,-0.0025,0.0057,0.3424,0.1744
4169,4.169,0.0041,-0.0037,-0.002,0.0009,0.4699,0.2534
4170,4.17,0.0029,-0.0028,-0.0011,-0.0033,0.5848,0.3246
4171,4.171,0.0006,0.0009,-0.0021,0.002,0.4834,0.3893
4172,4.172,0.002,0.003,-0.0036,-0.0001,0.3909,0.2157
4173,4.173,0.0031,0.0035,-0.0006,0.0016,0.8171,0.4801
4174,4.174,0.0048,0.0018,-0.0001,-0,1.6691,1.009
4175,4.175,0.0024,-0.0029,0.0017,0.0015,1.103,0.5171
4176,4.176,0.0021,-0.0046,-0.0018,0.0037,-0.0319,-0.0599
4177,4.177,0.0046,-0.0017,0.0014,0.0025,-0.4869,-0.2937
4178,4.178,0.0022,-0.0053,0.0035,0.0015,-0.3517,-0.2244
4179,4.179,0.0026,-0.0049,-0.0021,0.0026,-0.4775,-0.2888
4180,4.18,-0.0005,-0.0061,-0.0045,-0.0025,-0.5916,-0.2309
4181,4.181,0.0016,-0.0019,-0.0007,-0.0017,-0.4892,-0.2837
4182,4.182,-0.0002,-0.0024,-0.0055,0.0013,-1.7066,-1.0043
4183,4.183,0.0015,-0.005,-0.0037,0.0031,-1.21,-0.6957
4184,4.184,-0.0015,-0.0008,0.0016,-0.0016,-0.4543,-0.226
4185,4.185,0.0011,-0.0061,-0.0033,0.0026,0.2343,0.2018
4186,4.186,0.0015,-0.011,-0.0027,-0.0014,0.3614,0.2809
4187,4.187,-0.0008,-0.0067,0.0002,0.0002,0.4756,0.3522
4188,4.188,-0.0005,-0.005,-0.0056,0.0024,0.5795,0.2891
4189,4.189,0.0024,-0.0035,-0.0019,-0.0023,0.2995,0.2317
4190,4.19,-0.0033,-0.0014,-0.0039,-0.0017,1.2359,0.8132
4191,4.191,-0.0007,-0.0043,-0.0009,-0.0012,1.6102,0.8912
4192,4.192,-0.0013,-0.0001,-0.0005,-0.0037,0.5895,0.3987
4193,4.193,-0.0033,0.0015,-0.001,-0.0033,-0.0992,-0.1783
4194,4.194,-0.0027,0.002,-0.0022,-0.0013,-0.4757,-0.2569
4195,4.195,0.0002,0.0007,-0.0035,-0.0054,-0.5906,-0.3278
4196,4.196,-0.0003,0.001,-0.0046,-0.0025,-0.4892,-0.2645
4197,4.197,0.001,0.0006,-0.0043,-0.005,-0.3967,-0.2069
4198,4.198,-0.0002,-0.0012,-0.006,-0.0028,-0.8229,-0.5766
4199,4.199,-0.0005,-0.0016,-0.0036,-0.0048,-1.8296,-1.1053
4200,4.2,0.002,-0.0019,0.0002,-0.0005,-1.1447,-0.613
4201,4.201,0.0044,-0.0031,-0.0034,0,-0.0209,0.0922
4202,4.202,0.0014,-0.0049,-0.0047,0.0016,0.4343,0.1875
4203,4.203,-0.0025,-0.0017,-0.001,-0.0026,0.5733,0.2738
4204,4.204,0.0001,0.0004,0.0015,0.0039,0.4498,0.3519
4205,4.205,-0.0021,-0.0026,0.0002,-0.002,0.5637,0.2822
4206,4.206,0.0027,0.0024,-0.0028,-0.0013,0.4611,0.3465
4207,4.207,-0.0014,0.003,-0.0087,0.0008,1.6783,0.9858
4208,4.208,0.0015,0.0046,0.0006,0.0066,1.1813,0.7308
4209,4.209,0.001,0.0028,-0.0058,-0.0018,0.4249,0.1877
4210,4.21,0.0053,0.0085,-0.0004,0.0014,-0.2637,-0.1657
4211,4.211,0.0013,0.0046,-0.0078,0.0025,-0.3907,-0.2312
4212,4.212,0.0018,0.0066,-0.0071,0.0052,-0.5055,-0.2902
4213,4.213,-0.0003,0.007,-0.0064,0.0027,-0.6096,-0.3437
4214,4.214,-0.0018,0.001,-0.0071,0.0022,-0.3751,-0.2361
4215,4.215,0.0002,-0.0044,-0.0065,-0.0015,-1.2181,-0.8609
4216,4.216,0.0021,-0.0009,-0.0087,-0.0022,-1.5588,-0.9466
4217,4.217,-0.0002,-0.0015,-0.0083,-0.0016,-0.631,-0.4043
4218,4.218,-0.0005,-0.0011,-0.0068,-0.0057,0.2441,0.2305
4219,4.219,-0.0036,-0.0037,-0.0034,0.0021,0.36,0.317
4220,4.22,-0.0048,-0.0068,-0.0047,0.0031,0.4642,0.2404
4221,4.221,-0.0005,-0.0005,-0.001,0.0041,0.5587,0.3111
4222,4.222,0.0011,0.0022,-0.0016,0.0033,0.4739,0.2473
4223,4.223,-0.0056,0.0047,0.0025,0.0007,0.8609,0.5377
4224,4.224,-0.0048,-0.0023,0.0064,0.0001,1.6349,1.0133
4225,4.225,-0.0057,0.0041,0.0005,0.005,0.9141,0.5655
4226,4.226,-0.0005,0.0082,0.0011,-0.0045,0.0689,-0.0756
4227,4.227,-0.0111,0.0045,-0.0011,-0.0032,-0.2738,-0.3329
4228,4.228,-0.0157,0.0051,0.0057,0.0005,-0.3789,-0.4115
4229,4.229,-0.0088,0.0067,0.0029,0.0015,-0.4739,-0.3423
4230,4.23,-0.0026,-0.0021,0.0071,0.0025,-0.39,-0.2791
4231,4.231,-0.013,-0.0009,0.0063,-0.0021,-0.468,-0.3376
4232,4.232,-0.0144,0.0001,0.0042,0.0022,-1.5232,-1.0248
4233,4.233,-0.0107,0.0011,0.0098,-0.0016,-1.3734,-0.7447
4234,4.234,-0.0051,-0.0111,0.0091,-0.0023,-0.4118,-0.1478
4235,4.235,-0.0021,-0.0229,0.011,0.0008,0.4634,0.2405
4236,4.236,0.0024,-0.0123,0.014,-0.0033,0.3523,0.3118
4237,4.237,0.0032,0.003,0.0135,-0.0049,0.4565,0.3763
4238,4.238,0.0069,0.005,0.0182,-0.0027,0.551,0.3185
4239,4.239,0.0019,0.0107,0.0198,-0.0024,0.4664,0.2658
4240,4.24,0.0114,0.0124,0.0158,0.0018,1.3178,0.7941
4241,4.241,0.0073,0.014,0.008,0.0001,1.6582,0.8644
4242,4.242,0.0035,0.0071,-0.0023,-0.0004,0.5244,0.2879
4243,4.243,0.0067,0.006,-0.001,-0.0047,-0.2324,-0.101
4244,4.244,0.0056,0.005,-0.0021,-0.003,-0.3721,-0.173
4245,4.245,0.0047,0.002,-0.0031,-0.0005,-0.4982,-0.2383
4246,4.246,0.0089,0.0048,-0.0021,-0.0017,-0.6126,-0.2972
4247,4.247,0.0036,0.0057,0.0007,0.0003,-0.5104,-0.2451
4248,4.248,0.0043,0.0051,-0.0018,-0.0016,-0.7914,-0.5819
4249,4.249,0.0047,-0.0026,-0.0011,-0.0006,-1.7283,-1.0629
4250,4.25,0.0064,0.0027,-0.0003,-0.0057,-1.1053,-0.4876
4251,4.251,0.0016,0.0019,-0.0008,-0.0164,-0.083,0.0555
4252,4.252,0.0021,0.0012,0.001,-0.0118,0.3314,0.2678
4253,4.253,0.0016,0.0006,-0.0014,-0.0022,0.4582,0.3326
4254,4.254,-0.001,-0.0014,-0.0025,0.004,0.573,0.2751
4255,4.255,0.0001,-0.0018,0.004,0.0008,0.4713,0.3282
4256,4.256,-0.0038,-0,-0.0023,0.0038,0.5655,0.3764
4257,4.257,-0.0013,-0.0025,-0.0013,0.0029,1.6727,1.0315
4258,4.258,0.0017,0.0046,-0.0019,0.0037,1.2212,0.7508
4259,4.259,0.002,0.0016,0.0003,0.003,0.2596,0.1535
4260,4.26,0.0024,0.0026,-0.0038,0.0066,-0.3661,-0.2354
4261,4.261,-0,0.0001,-0.0054,0.0048,-0.4812,-0.3072
4262,4.262,0.0043,-0.005,0.0005,0.0053,-0.5853,-0.3721
4263,4.263,-0.0009,-0.0001,-0,0.0038,-0.4926,-0.3148
4264,4.264,-0.0016,-0.0017,-0.0034,-0.0005,-0.4081,-0.2625
4265,4.265,0.0026,0.0001,-0.0027,0.0024,-1.4139,-0.8873
4266,4.266,-0.0003,-0.0004,0.0003,0.0039,-1.5516,-0.973
4267,4.267,-0.0008,-0.0072,-0.0021,0.0016,-0.678,-0.2759
4268,4.268,0.0022,-0.0082,-0.0031,0.0055,0.3448,0.1939
4269,4.269,0.0025,-0.0054,-0.0009,0.004,0.4848,0.2806
4270,4.27,0.0022,-0.0011,-0.0004,0.0062,0.6109,0.3588
4271,4.271,0.0032,-0.0063,-0.0026,0.0023,0.499,0.2891
4272,4.272,0.0022,-0.0042,-0.0014,0.0007,0.397,0.2254
4273,4.273,-0.002,-0.0036,0.0025,0.0019,0.8656,0.516
4274,4.274,0.001,-0.0007,-0.0009,0.0031,1.6325,0.9919
4275,4.275,-0.0006,0.0051,0.0015,-0.0012,0.9118,0.5441
4276,4.276,-0.0001,-0.0001,-0.0012,0.0064,0.0666,-0.0968
4277,4.277,-0.0031,0.0035,-0.0014,-0.0072,-0.2757,-0.1836
4278,4.278,-0.0019,0.0005,-0.0052,-0.0017,-0.3804,-0.262
4279,4.279,-0.0038,-0.0024,0.0028,0.0001,-0.4752,-0.3331
4280,4.28,0.0008,-0.0071,-0.0027,-0.0015,-0.5614,-0.2694
4281,4.281,-0.0034,-0.004,-0.0015,-0.0055,-0.4846,-0.3274
4282,4.282,-0.0028,-0.0024,-0.0006,-0.0043,-1.5398,-1.014
4283,4.283,-0.0053,-0.0018,-0.0064,-0.0011,-1.3897,-0.7334
4284,4.284,-0.0022,-0.0061,-0.0026,-0.0001,-0.1541,-0.136
4285,4.285,-0.0025,-0.0055,-0.0032,0.0008,0.3465,0.253
4286,4.286,0.0001,-0.003,-0.0026,-0.0018,0.4997,0.3248
4287,4.287,0.0011,0.0021,-0.0043,-0.0011,0.6378,0.262
4288,4.288,0.0009,0.0001,-0.0017,-0.0031,0.5144,0.3209
4289,4.289,0.0002,-0.0068,-0.0059,0.0012,0.4019,0.2688
4290,4.29,-0.0014,-0.0004,-0.0042,0.0029,1.3289,0.7975
4291,4.291,-0.0012,0.0004,-0.0047,0.0004,1.4541,0.8684
4292,4.292,0.0009,-0.0033,-0.0005,0.0035,0.6602,0.2923
4293,4.293,-0.0007,0.0044,-0.0001,0.0015,-0.2697,-0.0961
4294,4.294,-0.0008,-0.0008,-0.0007,0.0019,-0.3968,-0.3082
4295,4.295,-0.0021,-0.0001,-0.0038,-0.0005,-0.5117,-0.2449
4296,4.296,0.0009,0.0007,-0.0035,-0.0028,-0.6157,-0.3033
4297,4.297,-0.0019,0.0029,0.0006,-0.0021,-0.3356,-0.2508
4298,4.298,0.0007,0.0008,-0,-0.0038,-0.9318,-0.587
4299,4.299,-0.0009,-0.001,-0.0017,-0.0015,-1.7835,-1.0676
4300,4.3,0.0008,-0.0039,-0.0015,-0.0017,-0.9906,-0.4918
4301,4.301,0.0027,0.0038,-0.0046,0.0017,-0.0611,0.0519
4302,4.302,0.0029,0.0005,-0.0023,0.0048,0.3157,0.2646
4303,4.303,0.0008,-0.0026,-0.0015,0.002,0.4308,0.3298
4304,4.304,0.0015,-0.0054,-0.0027,0.0017,0.5349,0.2726
4305,4.305,0.0008,0.0004,-0.0036,-0.0015,0.4423,0.3261
4306,4.306,0.0041,-0.0018,-0.0055,0.0024,0.528,0.3747
4307,4.307,-0.0006,0.0016,-0.0094,0.0009,1.689,1.0303
4308,4.308,0.0011,-0.0002,-0.0039,-0.0002,1.192,0.75
4309,4.309,0.004,-0.0008,-0.0048,0.0026,0.1343,0.153
4310,4.31,0.0035,-0.0003,-0.003,0.0037,-0.2799,-0.2357
4311,4.311,0.0013,0.0026,-0.005,-0.0002,-0.4067,-0.3072
4312,4.312,0.001,0.0054,-0.0012,0.0003,-0.5215,-0.3719
4313,4.313,0.002,0.0089,-0.0082,0,-0.6257,-0.3143
4314,4.314,0.001,0.0027,-0.0077,0.0003,-0.3456,-0.2617
4315,4.315,-0.0017,0.0052,-0.0063,0.002,-1.3648,-0.8485
4316,4.316,-0.0027,0.0008,-0.0075,-0.0022,-1.6209,-0.897
4317,4.317,0.0003,0.0014,-0.0056,-0.0005,-0.6138,-0.3282
4318,4.318,-0.0009,-0.0064,-0.008,-0.001,0.3488,0.2156
4319,4.319,-0.0005,-0.0055,-0.0066,-0.0013,0.4763,0.2875
4320,4.32,-0.0037,-0.0047,-0.011,0.0007,0.5911,0.3525
4321,4.321,-0.0034,-0.0039,-0.0078,-0.0051,0.4896,0.2952
4322,4.322,-0.0053,-0.0018,-0.0012,0.0009,0.3968,0.2428
4323,4.323,-0.0014,0.0059,-0.0006,0.0002,0.9928,0.5794
4324,4.324,0.0001,0.0028,-0.0017,-0.0076,1.6897,0.9729
4325,4.325,-0.0021,0.0036,-0.0099,-0.0171,0.8467,0.4972
4326,4.326,-0.001,0.0078,-0.0092,-0.0109,0.0509,-0.08
4327,4.327,-0.0035,0.0008,-0.0068,-0.0077,-0.2608,-0.159
4328,4.328,0.0003,0.0053,-0.0029,0.0018,-0.3562,-0.3709
4329,4.329,0.0018,0.0027,-0.001,0.0055,-0.4428,-0.4356
4330,4.33,0.003,0.0034,-0.002,0.0044,-0.5213,-0.3782
4331,4.331,0.0033,-0.0002,0.0019,0.0054,-0.5924,-0.3258
4332,4.332,-0.0018,-0.0098,0.0057,0.0027,-1.5521,-1.0467
4333,4.333,-0.0067,-0.0223,0.0039,0.0086,-1.4158,-0.7383
4334,4.334,0.0002,-0.0139,0.0058,0.0033,-0.2923,-0.0817
4335,4.335,-0.0026,-0.0063,0.0075,-0.0016,0.4648,0.1753
4336,4.336,-0,0.0007,0.0054,-0.0011,0.3297,0.2538
4337,4.337,0.0006,0.0094,-0.0001,-0.0006,0.4553,0.3246
4338,4.338,-0.0015,0.0017,0.0018,-0.0011,0.5691,0.3889
4339,4.339,0.0016,0.0132,0.0036,-0.0062,0.4667,0.2149
4340,4.34,-0.0002,0.0055,0.0092,-0.014,1.3092,0.9016
4341,4.341,-0.0017,0.0069,0.0052,-0.0171,1.4228,0.8083
4342,4.342,-0.0021,0.0032,0.0044,-0.0031,0.4945,0.3816
4343,4.343,-0.001,0.0088,0.0037,0.003,-0.1317,-0.162
4344,4.344,0.0009,0.0078,0.0088,0.0011,-0.4742,-0.2338
4345,4.345,-0.0044,0.0032,0.0037,0.0062,-0.5789,-0.2988
4346,4.346,-0.0114,0.0041,0.013,0.0077,-0.4868,-0.3576
4347,4.347,-0.0069,-0.0011,0.0116,0.0007,-0.4028,-0.1998
4348,4.348,-0.0044,-0.0004,0.0177,-0.0005,-0.9448,-0.6325
4349,4.349,-0.0066,0.0013,0.0186,0.0072,-1.7191,-1.0397
4350,4.35,-0.0031,-0.0003,0.0175,0.0042,-0.9986,-0.4586
4351,4.351,0.0026,0.0012,0.0148,0.0087,0.0339,0.0846
4352,4.352,0.0048,0.0001,0.0019,-0.0008,0.448,0.297
4353,4.353,0.0041,-0.0038,-0.0074,0.0004,0.5745,0.2338
4354,4.354,0.0023,-0.0032,-0.0091,0.0059,0.4626,0.2924
4355,4.355,-0.0018,0.0019,-0.0076,0.0049,0.5665,0.2399
4356,4.356,0.006,0.0027,-0.0062,0.0003,0.6605,0.3843
4357,4.357,0.0049,0.0044,-0.005,0.0062,1.5972,1.0394
4358,4.358,0.0059,-0.0019,-0.0039,0.0025,1.2242,0.7588
4359,4.359,0.005,-0.0061,-0.0029,0.0031,0.2025,0.1613
4360,4.36,0.0024,0.0055,0.0057,-0.0011,-0.2118,-0.2273
4361,4.361,0.0046,0.0005,0.009,0.0017,-0.3383,-0.2992
4362,4.362,0.0039,0.0021,0.0144,0.0022,-0.4529,-0.3641
4363,4.363,0.0008,0.0008,0.0191,-0.0047,-0.5568,-0.3068
4364,4.364,0.0025,0.0021,0.0184,0.0005,-0.4639,-0.2544
4365,4.365,0.004,-0.0011,0.0086,0.0032,-1.4001,-0.8792
4366,4.366,-0.0011,-0.004,0.0047,0.004,-1.5255,-0.9649
4367,4.367,-0.0019,0.0006,0.0061,-0.0045,-0.7313,-0.2676
4368,4.368,0.0051,-0.0036,0.0052,-0.0055,0.1988,0.2022
4369,4.369,0.0005,-0.0042,-0.004,-0.0025,0.3261,0.2889
4370,4.37,0.0013,0.0008,-0.0026,-0.0071,0.4412,0.367
4371,4.371,0.0006,0.0026,-0.0034,0.0007,0.5456,0.2973
4372,4.372,0.0026,-0.0002,-0.0062,-0.0023,0.4531,0.2335
4373,4.373,-0.0005,0.0004,-0.0013,0.0004,1.0494,0.6403
4374,4.374,0.0024,0.0035,-0.0036,0.0012,1.7467,1.0101
4375,4.375,-0.0012,-0.0029,-0.0027,-0.001,0.904,0.4813
4376,4.376,0.0031,0.0018,-0.006,0.001,-0.1182,-0.0126
4377,4.377,-0.001,-0.0007,-0.0063,0.0015,-0.2579,-0.2061
4378,4.378,-0.0025,0.0001,-0.0077,-0.0002,-0.3838,-0.2651
4379,4.379,-0.0003,0.0022,-0.0027,-0.0006,-0.4981,-0.3188
4380,4.38,-0.0023,0.0027,-0.0055,-0.0018,-0.3961,-0.2714
4381,4.381,-0.0013,-0.0048,-0,-0.0038,-0.6773,-0.4026
4382,4.382,-0.0045,-0.0017,-0.0047,-0.0041,-1.7843,-0.9982
4383,4.383,-0.0016,-0.0063,-0.0002,0.0011,-1.3324,-0.7432
4384,4.384,-0.0006,-0.0037,-0.0063,0.0033,-0.0962,-0.0452
4385,4.385,0.0047,-0.0029,-0.0019,-0.0002,0.4045,0.2374
4386,4.386,0.0025,0.0007,-0.0069,-0.006,0.5576,0.3237
4387,4.387,-0.0024,-0.001,-0.0059,-0.0022,0.422,0.2472
4388,4.388,-0.0028,0.0008,-0.0062,-0.0029,0.5475,0.318
4389,4.389,0.0024,0.0013,-0.0043,-0.0012,0.435,0.2544
4390,4.39,-0.0024,0.0017,-0.0025,0.0041,1.3622,0.8937
4391,4.391,-0.0019,0.0038,-0.002,0.0021,1.4875,0.8091
4392,4.392,-0.0002,0.0003,0.0011,0.0004,0.4666,0.2665
4393,4.393,0.0014,0.0007,-0.0029,-0.0024,-0.2215,-0.2273
4394,4.394,0.0002,-0.004,-0.0056,0.0054,-0.3482,-0.2928
4395,4.395,-0.0017,-0.0009,-0.0029,0.0045,-0.463,-0.3516
4396,4.396,0.0034,0.0009,-0.0024,0.0035,-0.5669,-0.2994
4397,4.397,0.0027,-0.0017,-0.0086,0.0008,-0.4738,-0.2519
4398,4.398,-0.0003,0.0014,-0.0058,0.0017,-0.8997,-0.6452
4399,4.399,0.0003,0.0026,-0.0098,-0.0005,-1.7514,-1.0152
4400,4.4,0.0019,-0.0032,-0.0075,-0.0025,-0.9582,-0.4865
4401,4.401,0.0031,-0.0074,-0.0053,-0.0019,-0.0283,0.1483
4402,4.402,0.0012,-0.0037,-0.001,0.0034,0.3484,0.2352
4403,4.403,0.0002,-0.0017,-0.0025,-0.0002,0.4637,0.3134
4404,4.404,-0.003,-0.0087,-0.005,0.0016,0.5681,0.2439
4405,4.405,0.0035,-0.0023,-0.0007,-0.0013,0.4755,0.3083
4406,4.406,0.0009,0.0003,-0.0023,0.0023,0.5612,0.3664
4407,4.407,-0.0033,-0.0035,-0.0037,0.0035,1.7225,1.0533
4408,4.408,-0.0026,-0.0056,-0.0033,0.0015,1.2257,0.5855
4409,4.409,-0.0018,-0.0014,-0.0061,-0.0011,0.1681,0.1583
4410,4.41,-0.0001,0.0038,-0.0035,0.0013,-0.2461,-0.2303
4411,4.411,-0.0018,0.0031,-0.0067,0.001,-0.3726,-0.3018
4412,4.412,0.0018,-0,-0.0086,-0.0009,-0.4868,-0.3666
4413,4.413,-0.0004,0.0063,-0.005,-0.0007,-0.5908,-0.3092
4414,4.414,0.0044,-0.0032,-0.0061,0.0025,-0.3108,-0.2567
4415,4.415,0.0002,0.003,-0.0049,0.0046,-1.4177,-0.8814
4416,4.416,0.0034,0.0003,0.0005,-0.0002,-1.5752,-0.8984
4417,4.417,-0.0018,-0.003,-0.0052,-0.002,-0.5182,-0.3018
4418,4.418,0.0002,0.0022,-0.0043,-0.0003,0.1703,0.2419
4419,4.419,0.0008,-0.0043,-0.005,-0.002,0.2973,0.3137
4420,4.42,0.0013,-0.0035,-0.0057,-0.0027,0.412,0.3786
4421,4.421,-0.0045,0.0001,-0.0014,-0.0003,0.516,0.3213
4422,4.422,-0.0023,-0.0064,0.0038,-0.0013,0.4232,0.2688
4423,4.423,-0.0002,0.0013,0.0031,0.0005,1.0194,0.6053
4424,4.424,-0.0008,-0.004,0.0089,-0.0001,1.7167,0.9989
4425,4.425,-0.0025,0.0023,0.0082,-0.0038,0.8739,0.4176
4426,4.426,-0.001,0.0031,0.0103,-0.0013,-0.1483,-0.1258
4427,4.427,-0.0013,0.0099,0.012,-0.0025,-0.2881,-0.1977
4428,4.428,-0.0034,0.0071,0.0172,0.0031,-0.4144,-0.2628
4429,4.429,-0.0044,-0.0007,0.0123,-0.0038,-0.5288,-0.3216
4430,4.43,0.0002,-0.0018,0.0081,0.0026,-0.4269,-0.2694
4431,4.431,0.0007,-0.001,-0.0007,-0.0016,-0.5209,-0.4138
4432,4.432,-0.0011,-0.0054,-0.0018,0.0053,-1.7982,-1.0692
4433,4.433,-0.0016,-0.0002,-0.0008,0.0007,-1.2516,-0.6014
4434,4.434,0.0035,0.0004,-0.0018,-0.0018,-0.0885,-0.0042
4435,4.435,-0.003,0.002,0.001,-0.0011,0.367,0.2298
4436,4.436,-0.0022,-0.0009,0.0002,-0.0018,0.5061,0.3013
4437,4.437,0.0031,-0.0025,-0.0035,-0.0035,0.632,0.3661
4438,4.438,-0.0047,-0.0038,-0.0015,-0.0064,0.5195,0.3085
4439,4.439,0.0005,-0.0086,-0.0009,-0.0142,0.417,0.2562
4440,4.44,-0.0023,-0.0003,-0.0004,-0.0132,1.447,0.8808
4441,4.441,-0.0031,-0.0082,0.0002,-0.0059,1.3106,0.7963
4442,4.442,-0.0009,-0.0155,0.0033,0.0005,0.4368,0.2537
4443,4.443,0.0011,-0.0128,0.0062,-0.0003,-0.1325,-0.2401
4444,4.444,0.0005,-0.0051,0.0005,0.0019,-0.4438,-0.3056
4445,4.445,-0,0.0064,-0.0019,0.0039,-0.5387,-0.2483
4446,4.446,-0.0036,0.0079,0.0018,0.0008,-0.4547,-0.3016
4447,4.447,-0.0039,0.0119,0.0012,0.0037,-0.3781,-0.2537
4448,4.448,-0.0104,0.0081,-0.0056,0.0001,-1.0116,-0.6469
4449,4.449,-0.0096,0.0071,-0.0047,0.0013,-1.7783,-1.0167
4450,4.45,-0.0001,0.0061,0.0013,0.0042,-0.8512,-0.4877
4451,4.451,-0.0013,0.0052,-0.0024,-0.0016,0.024,0.1474
4452,4.452,-0.0003,0.006,-0.0002,0.0026,0.3666,0.2344
4453,4.453,-0.0014,0.0038,0.0029,0.0048,0.4715,0.3128
4454,4.454,0.0013,0.0074,0.0025,0.0112,0.5666,0.3839
4455,4.455,0.0021,0.0044,-0.001,0.007,0.4826,0.3205
4456,4.456,0.0043,0.0073,0.0013,0.0047,0.5605,0.379
4457,4.457,0.0036,0.0048,-0.0014,0.0068,1.6159,1.0663
4458,4.458,0.0066,0.0078,-0.001,0.0051,1.1642,0.5986
4459,4.459,0.0025,0.0067,-0.0019,-0.0026,0.2024,0.0015
4460,4.46,0.0083,0.001,0.0006,-0.0056,-0.4233,-0.2321
4461,4.461,0.0045,0.0122,-0.0018,0.0028,-0.3118,-0.3035
4462,4.462,0.0038,0.0016,-0,-0.0028,-0.4158,-0.3681
4463,4.463,0.0043,0.003,0.0004,-0.0018,-0.5101,-0.3107
4464,4.464,0.0014,0.0042,0.0004,-0.0026,-0.4253,-0.2581
4465,4.465,0.005,0.001,-0.0012,-0.0018,-1.4313,-0.8825
4466,4.466,0.0038,0.0001,0.0021,0.0034,-1.569,-0.9679
4467,4.467,0.0035,-0.0044,-0.0025,0.0055,-0.4457,-0.2703
4468,4.468,0.0031,-0.0018,0.0019,-0.0015,0.3115,0.1997
4469,4.469,-0.0008,-0.0025,-0.0021,-0.0061,0.4513,0.2865
4470,4.47,0.0018,-0.0044,-0.0004,-0.0018,0.5775,0.365
4471,4.471,0.0006,-0.0049,0,-0.0012,0.4658,0.2957
4472,4.472,0.0034,0.0005,-0.0027,-0.0005,0.3639,0.2323
4473,4.473,0.0016,-0.0001,-0.0036,0.0025,1.0197,0.6392
4474,4.474,0.0033,-0.0043,-0.0088,0.003,1.6166,1.0093
4475,4.475,0.0009,0.001,-0.0017,-0.0017,0.7654,0.4806
4476,4.476,0.0046,0.0004,0.0011,-0.0022,-0.0299,-0.0131
4477,4.477,-0.0031,-0.0025,-0.0014,-0.0017,-0.3411,-0.2066
4478,4.478,0.0001,-0.0008,0.0024,-0.0022,-0.4361,-0.2654
4479,4.479,-0.0009,-0.0022,-0.001,0.0048,-0.5221,-0.3188
4480,4.48,-0.0036,0.001,-0.0026,-0.0025,-0.4454,-0.2711
4481,4.481,-0.0011,0.0007,0.0015,-0.0033,-0.6563,-0.402
4482,4.482,0.0027,-0.0043,0.0041,-0.0007,-1.6155,-0.9977
4483,4.483,0.0034,-0.0022,-0.001,-0.0014,-1.2045,-0.7424
4484,4.484,-0.0023,-0.0038,-0.0045,0.0007,-0.0805,-0.0442
4485,4.485,-0.003,-0.0009,-0.004,0.0012,0.3753,0.2387
4486,4.486,-0.0036,-0.0023,0.0013,0.003,0.5147,0.3252
4487,4.487,-0.0031,-0.0011,0.0007,-0.0017,0.6408,0.2488
4488,4.488,-0.0025,0.0002,0.0012,0.0001,0.5289,0.3198
4489,4.489,-0.005,0.0012,-0.0005,0.0006,0.4266,0.2562
4490,4.49,-0.0008,-0.004,-0.002,0.0054,1.4568,0.8957
4491,4.491,-0.0002,0.0013,0.001,0.0012,1.3208,0.811
4492,4.492,-0.0007,0.002,-0.0038,-0.0004,0.4471,0.2684
4493,4.493,-0.0029,-0.001,-0.0055,0.0022,-0.3484,-0.2255
4494,4.494,-0.0032,-0.0014,-0.0003,0.0035,-0.4534,-0.2908
4495,4.495,-0.0013,0.0011,0.0017,0.0007,-0.5485,-0.3496
4496,4.496,-0.0016,-0.0019,-0.0001,0.001,-0.4644,-0.2973
4497,4.497,0.0001,0.0002,-0.0007,-0.0013,-0.3875,-0.2495
4498,4.498,0.0008,-0.004,-0.0023,0.0038,-1.0208,-0.73
4499,4.499,0.0006,-0.0035,-0.0036,-0.0054,-1.7875,-1.05
4500,4.5,-0.0031,-0.0009,-0.0008,-0.0017,-0.86,-0.4102
4501,4.501,0.0037,-0.0052,-0.002,0.0015,0.0152,0.1875
4502,4.502,0.001,-0.0023,-0.0067,0.0005,0.3579,0.2666
4503,4.503,0.0002,-0.0081,-0.0026,-0.0003,0.4625,0.3381
4504,4.504,0.0024,0.0004,-0.0068,0.004,0.5576,0.2749
4505,4.505,0.0004,-0.0052,-0.0054,0.0046,0.4736,0.2175
4506,4.506,-0.0013,-0,-0.0068,-0.0031,0.7062,0.482
4507,4.507,-0.003,-0.0028,-0.0041,-0.0001,1.7615,1.0108
4508,4.508,-0.0025,-0.0003,-0.0018,0.0008,1.0079,0.6595
4509,4.509,-0.0003,0.0004,-0.0037,-0.0001,0.046,0.0826
4510,4.51,-0.0006,-0.0061,-0.0056,-0.0023,-0.3305,-0.1513
4511,4.511,-0.0003,-0.002,-0.004,-0.0003,-0.4456,-0.2228
4512,4.512,-0.0055,0.0002,-0.0018,-0.0034,-0.5496,-0.2876
4513,4.513,-0.0003,0.005,-0.0017,0.0007,-0.4568,-0.3462
4514,4.514,0.0004,0.0007,-0.0061,0.0032,-0.3724,-0.2938
4515,4.515,-0.0013,0.0011,-0.0033,-0.0029,-1.5335,-0.9184
4516,4.516,0.0004,0.0016,-0.003,0.0065,-1.3685,-0.8337
4517,4.517,0.0032,-0.0029,-0.0009,0.0031,-0.4742,-0.2292
4518,4.518,0.0017,-0.0018,-0.0037,0.0019,0.2827,0.1596
4519,4.519,0.002,0.0029,-0.007,0.0051,0.4221,0.2314
4520,4.52,0.0008,-0.0067,-0.0033,0.0041,0.5482,0.2963
4521,4.521,0.0026,-0.0027,-0.0072,0.0032,0.6626,0.355
4522,4.522,-0.002,0.0009,-0.0005,0.0023,0.3545,0.1971
4523,4.523,-0.0003,0.0019,-0.0017,-0.0047,1.01,0.7257
4524,4.524,0.0025,-0.0034,-0.0011,-0.0039,1.6063,0.9369
4525,4.525,0.006,0.0029,-0.0039,-0.0031,0.7544,0.4889
4526,4.526,-0.0009,-0.01,-0.0005,-0.0101,-0.0414,-0.1522
4527,4.527,-0.004,-0.0157,-0.0043,-0.0165,-0.3532,-0.2389
4528,4.528,0.0024,-0.0073,-0.0015,-0.0071,-0.4487,-0.3174
4529,4.529,0.0032,0.0033,-0.0034,-0.006,-0.535,-0.3883
4530,4.53,-0.0021,0.0018,-0.0031,-0.007,-0.4586,-0.197
4531,4.531,-0.0114,0.0006,-0.0022,-0.0123,-0.67,-0.4878
4532,4.532,-0.0103,0.0037,0.0005,-0.0132,-1.6299,-1.0693
4533,4.533,-0.0093,0.0067,-0.0016,-0.0074,-1.2193,-0.6827
4534,4.534,-0.0063,0.0075,-0.0035,-0.0052,-0.0955,-0.0482
4535,4.535,-0.0036,0.0049,0.0013,-0.0102,0.3599,0.2089
4536,4.536,-0.0011,0.0055,-0.0009,-0.0107,0.4991,0.2873
4537,4.537,-0.0018,0.0075,0.0006,-0.0091,0.6247,0.3581
4538,4.538,0.0046,0.0058,0.0021,-0.0014,0.5122,0.2947
4539,4.539,0.0003,-0.0019,0.0035,0.0042,0.4098,0.353
4540,4.54,0.0025,0.0011,0.0063,-0.0011,1.4395,0.934
4541,4.541,0.0032,0.0057,0.0091,-0.0039,1.3029,0.857
4542,4.542,0.0048,-0.0003,0.0108,-0.0014,0.4286,0.2228
4543,4.543,0.0043,0.0097,0.0054,0.0038,-0.1411,-0.2047
4544,4.544,0.009,0.0027,0.0031,0.0144,-0.4527,-0.2838
4545,4.545,0.0033,0.0039,-0.0035,0.0129,-0.5483,-0.3551
4546,4.546,0.0039,0.0049,0.0059,0.0115,-0.4649,-0.292
4547,4.547,0.0046,0.0018,0.0046,0.0126,-0.3885,-0.2345
4548,4.548,0.0029,-0.0009,0.0101,0.0136,-1.1627,-0.7102
4549,4.549,0.0012,-0.0001,0.0131,0.0125,-1.6785,-1.0305
4550,4.55,-0.0004,0.0036,0.0139,0.0098,-0.8359,-0.391
4551,4.551,-0,0.0043,0.0061,0.0072,0.1863,0.0364
4552,4.552,-0.0012,0.0001,0.005,0.0109,0.3259,0.27
4553,4.553,-0.0022,0.0006,0.0096,0.0088,0.452,0.3409
4554,4.554,0.001,0.0022,0.0155,0.0018,0.5661,0.2775
4555,4.555,0.0013,-0.0008,0.0162,0.0027,0.4639,0.2196
4556,4.556,0.001,-0.0005,0.0169,0.0001,0.7447,0.4836
4557,4.557,0.0049,0.0053,0.0074,0.0038,1.6814,1.0122
4558,4.558,0.0074,0.0011,-0.0051,0.0002,1.0585,0.6604
4559,4.559,0.0024,-0.0025,-0.0033,-0.0015,0.0362,0.0832
4560,4.56,-0.0025,-0.0018,-0.0048,0.0026,-0.3782,-0.1508
4561,4.561,-0.003,-0.0035,-0.0034,-0.001,-0.5052,-0.2223
4562,4.562,-0.0002,0.0054,-0.0022,-0.0071,-0.3937,-0.2872
4563,4.563,0.0004,0.0017,-0.0032,-0.0012,-0.498,-0.3459
4564,4.564,-0.0027,-0.0038,-0.0041,0.001,-0.4053,-0.2938
4565,4.565,-0.0047,-0.0027,-0.0032,0.0017,-1.5124,-0.9187
4566,4.566,-0.0021,0.0001,-0.0006,-0.0052,-1.3627,-0.8343
4567,4.567,0.0025,-0.0058,-0.0027,-0.0006,-0.4018,-0.2916
4568,4.568,-0.0017,-0.002,-0.0005,0.0002,0.2242,0.2023
4569,4.569,-0,-0.0013,0.0001,-0.002,0.3397,0.2676
4570,4.57,-0.0025,-0.0007,-0.0027,-0.0013,0.4437,0.3263
4571,4.571,0.0017,-0.0001,-0.001,0.0018,0.538,0.274
4572,4.572,0.0034,0.0015,0.0003,0.0013,0.4533,0.2261
4573,4.573,0.0009,-0.0026,0.0001,-0.0012,1.1496,0.7065
4574,4.574,-0.0003,0.0062,-0.0016,-0.0009,1.618,1.0266
4575,4.575,0.0001,0.0001,-0.0005,-0.002,0.8511,0.3866
4576,4.576,-0.0002,0.0012,-0.0014,-0.0024,-0.0789,-0.0409
4577,4.577,-0.0019,0.0043,0.0006,-0.0013,-0.4556,-0.2748
4578,4.578,0.0012,0.0016,-0.0032,-0.001,-0.5708,-0.346
4579,4.579,0.0015,0.0043,-0.0059,-0.0016,-0.4697,-0.283
4580,4.58,-0.0008,-0.0025,-0.0033,-0.0023,-0.3775,-0.2256
4581,4.581,-0.0018,0.0003,-0.002,0.0015,-0.6336,-0.4899
4582,4.582,0.0001,-0.0038,-0.0074,0.0021,-1.7953,-1.1148
4583,4.583,0.0008,-0.003,-0.0036,-0.0029,-1.2983,-0.6893
4584,4.584,-0.0004,-0.0078,-0.0028,-0.0008,-0.2406,0.0088
4585,4.585,-0.0027,0.0006,-0.0058,-0.0013,0.4476,0.2915
4586,4.586,0.001,-0.0004,-0.0028,0.0005,0.5738,0.2078
4587,4.587,-0.0001,-0.0055,-0.0043,-0.001,0.4615,0.2861
4588,4.588,0.0028,-0.0046,-0.0093,0.0003,0.5649,0.357
4589,4.589,-0.0014,0.0033,-0.0029,-0.0008,0.4715,0.2934
4590,4.59,0.0016,0.0003,-0.0071,-0.0043,1.5779,0.9331
4591,4.591,-0.0051,0.0049,-0.0064,-0.0065,1.4274,0.8485
4592,4.592,-0.0005,-0.0028,-0.0044,-0.0008,0.4657,0.3059
4593,4.593,-0.003,-0.0017,-0.0049,-0.0014,-0.1607,-0.1877
4594,4.594,0.0008,0.0011,-0.0067,-0.0007,-0.2768,-0.2527
4595,4.595,-0.0028,0.0053,-0.0083,0.0024,-0.5874,-0.3113
4596,4.596,0.003,0.0047,-0.0053,-0.0004,-0.4954,-0.3645
4597,4.597,-0.0007,-0.0001,-0.0075,0.0011,-0.4113,-0.2206
4598,4.598,0.0014,-0.0043,-0.0112,0.0015,-1.1083,-0.7009
4599,4.599,-0.0043,-0.0047,-0.0101,-0.004,-1.7648,-1.0209
4600,4.6,-0.0006,-0.0042,-0.0064,0.0029,-0.8281,-0.3809
4601,4.601,0.0001,0.001,-0.0031,0.0057,0.0467,0.217
4602,4.602,0.0032,-0.0026,-0.0055,0.0014,0.3891,0.2962
4603,4.603,0.0003,0.0005,-0.0069,0.0037,0.4935,0.3676
4604,4.604,0.0018,-0.0023,-0.0075,0.0001,0.588,0.3046
4605,4.605,-0.0051,-0.0008,-0.0033,0.0006,0.3333,0.2471
4606,4.606,0.0022,0.0004,-0.0005,-0.0082,0.7205,0.5116
4607,4.607,-0.0024,0.0043,-0.0025,-0.007,1.6352,1.0407
4608,4.608,0.0036,0.0069,0.0039,-0.0014,1.0121,0.5489
4609,4.609,0.0014,0.0038,0.0027,-0.0067,0.2167,-0.0278
4610,4.61,-0.0035,-0.0001,0.0031,0.0055,-0.3013,-0.2613
4611,4.611,-0.0005,0.0014,0.0021,-0.003,-0.3972,-0.3323
4612,4.612,0,-0.0017,-0.0004,0.0016,-0.4836,-0.269
4613,4.613,0.0026,-0.0029,-0.0039,0.0029,-0.562,-0.3275
4614,4.614,0.0004,-0.0011,-0.0084,-0.0008,-0.4925,-0.275
4615,4.615,0.0007,-0.0001,-0.0104,0.0024,-1.4519,-0.9955
4616,4.616,-0.0003,-0.0005,-0.0139,0.0014,-1.5898,-0.893
4617,4.617,0.002,0.0008,-0.0096,0.0022,-0.4665,-0.2364
4618,4.618,-0.0005,-0.0055,-0.0098,0.002,0.3158,0.2189
4619,4.619,0.0019,-0.0016,-0.016,-0.0022,0.4689,0.3057
4620,4.62,-0,-0.0012,-0.0127,0.003,0.6074,0.3841
4621,4.621,0.0034,0.0003,-0.0152,0.0037,0.484,0.3147
4622,4.622,0.0011,0.0033,-0.0174,-0.0021,0.3716,0.2512
4623,4.623,-0.0028,-0.0032,-0.0091,0.0032,1.0924,0.7746
4624,4.624,-0.0043,0.0013,-0.0083,0.0011,1.5614,0.986
4625,4.625,0.0018,0.0038,0.0015,0.0016,0.7947,0.4101
4626,4.626,-0.0008,-0.0016,-0.0003,-0.0025,-0.1349,-0.1331
4627,4.627,-0.0001,-0.0123,-0.002,0.0011,-0.2621,-0.2048
4628,4.628,0.0019,-0.023,-0.0102,-0.0012,-0.3769,-0.2696
4629,4.629,-0.0012,-0.0191,-0.0096,-0.0032,-0.4809,-0.3282
4630,4.63,-0.0007,-0.0002,-0.0109,-0.009,-0.388,-0.2757
4631,4.631,0.0028,-0.003,-0.0054,-0.0132,-0.8137,-0.516
4632,4.632,-0.0014,-0.0007,-0.0006,-0.017,-1.8198,-1.0842
4633,4.633,0.0003,0.0014,-0.0046,-0.0077,-1.1344,-0.6974
4634,4.634,0.0018,0.0033,0.002,-0.0015,-0.0102,-0.0626
4635,4.635,-0.0033,0.0013,0.0024,0.0017,0.4454,0.1947
4636,4.636,-0.0069,-0.0005,0.0063,0.0069,0.585,0.2733
4637,4.637,-0.0112,0.0071,0.0038,0.0042,0.4623,0.3442
4638,4.638,-0.0095,0.0056,0.0014,0.005,0.5768,0.281
4639,4.639,-0.008,0.0067,0.0053,0.0102,0.4748,0.3395
4640,4.64,-0.0019,0.0034,0.0045,0.0053,1.5054,0.9209
4641,4.641,0.0006,0.0023,0.0067,-0.0016,1.3694,0.6893
4642,4.642,-0.0001,-0.0005,0.0087,0.0048,0.4959,0.0553
4643,4.643,0.0019,0.0003,0.0096,0.0039,-0.2996,-0.2018
4644,4.644,0.0002,0.0009,0.0069,0.0032,-0.4044,-0.2804
4645,4.645,0.0042,-0.0057,0.0112,-0.0004,-0.499,-0.2112
4646,4.646,0.0026,-0.0186,0.0153,0.0027,-0.5848,-0.2758
4647,4.647,0.0038,-0.0131,0.0135,0.0022,-0.353,-0.2183
4648,4.648,0.0041,-0.0013,0.0128,0.0047,-1.2673,-0.6939
4649,4.649,0.0031,0.0031,0.0139,0.005,-1.6413,-1.0142
4650,4.65,0.0054,0.0017,0.0135,0.0011,-0.8475,-0.3744
4651,4.651,0.0003,0.0053,0.0153,0.0016,0.0827,0.2231
4652,4.652,-0.0004,0.0021,0.0176,0.0013,0.4597,0.3021
4653,4.653,-0.0009,0.0072,0.0166,-0.0043,0.575,0.3732
4654,4.654,0.0019,0.0026,0.0123,-0.0021,0.474,0.3099
4655,4.655,0.0004,0.0051,0.0029,-0.0042,0.3818,0.2523
4656,4.656,0.0015,0.0073,0.0016,-0.0037,0.8081,0.5164
4657,4.657,0.0003,0.0079,0.008,-0.0054,1.6603,0.949
4658,4.658,0.0028,0.0048,0.0113,0.0004,1.0946,0.5423
4659,4.659,0.0011,0.0053,0.0104,-0.0003,0.1657,-0.0405
4660,4.66,-0.0026,0.0068,0.017,-0.0023,-0.4598,-0.1198
4661,4.661,0.0004,0.0079,0.0197,-0.0006,-0.3481,-0.1915
4662,4.662,0.0043,0.0082,0.0236,0.0046,-0.4518,-0.2564
4663,4.663,0.0007,0.0024,0.016,-0.0018,-0.5459,-0.3152
4664,4.664,0.0029,0.0067,0.0005,-0.0009,-0.4608,-0.263
4665,4.665,0.0009,0.0029,-0.0059,-0.0016,-1.6215,-0.984
4666,4.666,0.0019,0.0049,-0.0077,-0.0023,-1.4561,-0.8818
4667,4.667,-0.0034,0.0007,-0.0093,-0.0018,-0.3983,-0.2255
4668,4.668,0.0019,-0.0034,-0.0073,0.0023,0.2908,0.2017
4669,4.669,-0.0002,-0.0008,-0.0116,0.0039,0.4183,0.2803
4670,4.67,0.0015,-0.0038,-0.0072,0.0027,0.5332,0.3513
4671,4.671,0.001,0.0001,-0.0106,-0.0029,0.6376,0.2879
4672,4.672,-0.0026,-0.0024,-0.007,-0.0022,0.3578,0.23
4673,4.673,-0.0014,-0.0027,-0.0077,0.0014,1.1246,0.8109
4674,4.674,-0.0017,-0.0015,-0.0046,-0.0029,1.6406,0.8884
4675,4.675,0.004,0.0043,-0.0067,0.0024,0.7975,0.3956
4676,4.676,0.0032,0.0034,-0.0056,0.0004,-0.2246,-0.1819
4677,4.677,0.001,0.0013,-0.0045,0.0009,-0.3639,-0.2611
4678,4.678,0.0003,0.0062,-0.0072,0.0062,-0.4898,-0.3324
4679,4.679,-0.0039,-0.0007,-0.0063,0.0068,-0.6037,-0.2694
4680,4.68,0.0025,0.0021,-0.0084,0.0026,-0.5013,-0.212
4681,4.681,-0.0034,-0.0021,-0.0069,0.0021,-0.7823,-0.4764
4682,4.682,-0.0027,-0.0014,-0.0009,0.0027,-1.7191,-1.1016
4683,4.683,-0.0006,-0.0033,-0.0058,0.0015,-1.0961,-0.6762
4684,4.684,-0.0037,-0.0002,-0.0061,0.0012,-0.0737,0.0217
4685,4.685,-0.0031,-0.0054,-0.0052,-0.0039,0.3409,0.3041
4686,4.686,0.0004,-0.0017,-0.0007,-0.0003,0.4677,0.22
4687,4.687,0.0016,0.0026,-0.0081,-0.0019,0.5823,0.2978
4688,4.688,-0.0022,-0.0026,-0.0088,0.0021,0.4802,0.2281
4689,4.689,0.0025,-0.0018,-0.0032,-0.0004,0.5745,0.2922
4690,4.69,-0.0017,0.0013,-0.0074,-0.0025,1.511,0.9316
4691,4.691,0.0013,-0.0003,-0.0079,-0.0037,1.3872,0.8468
4692,4.692,0.0018,0.0013,-0.0053,-0.0001,0.3659,0.149
4693,4.693,0.0031,0.0017,-0.007,-0.0052,-0.3225,-0.1338
4694,4.694,0.0002,0.0006,-0.005,-0.0016,-0.4494,-0.2202
4695,4.695,0.0013,0.0017,-0.0076,0.0001,-0.5642,-0.2982
4696,4.696,0.0037,-0.0034,-0.0037,-0.0004,-0.4626,-0.369
4697,4.697,0.0041,0.0004,-0.0037,-0.0009,-0.37,-0.1776
4698,4.698,-0.0001,0.0011,-0.0031,-0.0031,-1.1364,-0.8168
4699,4.699,0.0017,-0.003,-0.0054,-0.0002,-1.6523,-0.9022
4700,4.7,0,0.0023,-0.0006,0.0008,-0.809,-0.3599
4701,4.701,-0.0035,-0.0054,-0.0061,0.0025,0.2135,0.134
4702,4.702,0.0016,-0.0064,-0.0037,0.0002,0.353,0.1996
4703,4.703,-0.0019,-0.0054,-0.0041,0.0008,0.4792,0.2584
4704,4.704,-0.0002,-0.0011,-0.007,-0.002,0.5937,0.3118
4705,4.705,0.0015,0.0011,-0.0085,0.0038,0.4916,0.2641
4706,4.706,0.001,-0.0037,-0.0016,0.0013,0.7726,0.4826
4707,4.707,0.0007,0.0021,-0.006,-0.004,1.7093,0.9989
4708,4.708,-0.0005,-0.0016,-0.005,-0.0032,1.0861,0.6473
4709,4.709,-0.003,0.0077,-0.0042,-0.0049,0.064,0.0701
4710,4.71,-0.0026,-0.0061,-0.0048,-0.002,-0.3502,-0.1638
4711,4.711,0.0024,-0.0005,-0.0077,0.0006,-0.4771,-0.2352
4712,4.712,0.0018,0.0012,-0.0035,-0.0025,-0.5919,-0.3
4713,4.713,-0.0024,0.0027,-0.0039,0.0014,-0.4904,-0.2427
4714,4.714,0.0016,-0.0013,-0.0026,-0.0033,-0.3979,-0.2959
4715,4.715,-0.0009,0.0024,-0.0054,0.0037,-1.6753,-1.0168
4716,4.716,0.0013,-0.0008,-0.0057,0.001,-1.4942,-0.7085
4717,4.717,-0.0016,-0.0061,-0.0053,0.0018,-0.3319,-0.2395
4718,4.718,0.001,-0.0107,-0.007,0.0025,0.4247,0.1878
4719,4.719,-0.0026,-0.0042,-0.0089,0.001,0.4263,0.249
4720,4.72,0.0026,-0.0051,-0.0058,0.0003,0.5646,0.3271
4721,4.721,0.0004,0.0033,-0.0061,-0.0014,0.441,0.3979
4722,4.722,-0.0031,0.0001,-0.0035,0.0027,0.3283,0.2063
4723,4.723,-0.0014,0.0031,-0.008,0.0062,1.255,0.7293
4724,4.724,-0.0032,0.0039,0.0003,-0.0007,1.6289,0.9405
4725,4.725,0.0004,0.0082,0.0036,0.0003,0.6081,0.3643
4726,4.726,-0.0018,0.0012,0.0067,-0.0024,-0.0807,-0.1792
4727,4.727,0.001,-0.0015,0.0132,0.0035,-0.4577,-0.2511
4728,4.728,-0,0.001,0.0158,0.0013,-0.5731,-0.3162
4729,4.729,0.0023,0.0046,0.0181,0.0006,-0.4721,-0.375
4730,4.73,-0.0014,-0.0018,0.0217,-0.0064,-0.3798,-0.2172
4731,4.731,-0.0045,0.0024,0.0148,0.0021,-0.8064,-0.5536
4732,4.732,-0.0016,-0.0062,0.0046,-0.0012,-1.8134,-1.0345
4733,4.733,0.0009,-0.0006,-0.0023,-0.0042,-1.1286,-0.5869
4734,4.734,-0.0002,-0.0037,-0.0034,0.0003,-0.0048,0.054
4735,4.735,-0.0012,0.0008,-0.0023,0.0011,0.4502,0.3111
4736,4.736,-0.0006,-0.0052,-0.0032,0.0048,0.5889,0.2351
4737,4.737,-0.0045,-0.0059,-0.004,0.0012,0.4652,0.3061
4738,4.738,-0.0098,-0.0039,0.002,0.0029,0.579,0.2428
4739,4.739,-0.0118,-0.0045,-0.0031,-0.0024,0.4764,0.3011
4740,4.74,-0.0088,0.0007,-0.0024,-0.0018,1.5063,0.9881
4741,4.741,-0.006,-0.0029,-0.0006,-0.0013,1.3696,0.7078
4742,4.742,-0.0035,-0.0124,0.0012,0.0004,0.2458,0.111
4743,4.743,-0.0023,-0.0221,-0.0002,0.0008,-0.2097,-0.2776
4744,4.744,-0.0012,-0.0032,-0.0032,-0.0004,-0.3495,-0.2086
4745,4.745,0.0046,0.0048,0.0017,-0.0008,-0.4758,-0.2732
4746,4.746,0.0054,0.0071,-0.0012,-0.0033,-0.5904,-0.448
4747,4.747,0.0032,0.0049,0.0029,0.0019,-0.2826,-0.2899
4748,4.748,-0.0004,0.0068,0.0005,0.0056,-1.3131,-0.8184
4749,4.749,0.0078,0.0087,-0.0005,-0.0009,-1.7254,-0.8891
4750,4.75,0.0022,0.0035,0.0008,0.0016,-0.6033,-0.3128
4751,4.751,0.0052,-0.0011,-0.0016,0.0023,0.1533,0.2309
4752,4.752,0.0079,0.0058,0.0009,-0.0042,0.2929,0.303
4753,4.753,0.0037,0.002,0.002,-0.0154,0.4185,0.3679
4754,4.754,0.0043,0.0052,-0.0016,-0.02,0.5325,0.3106
4755,4.755,0.0036,0.0042,0.0001,-0.0131,0.4301,0.2583
4756,4.756,0.0041,0.0033,0.0014,-0.0069,0.8984,0.4989
4757,4.757,0.0012,0.0058,0.0004,-0.0101,1.6648,1.0672
4758,4.758,-0.0004,0.0064,0.0002,0.0013,0.9441,0.5256
4759,4.759,0.0027,0.0044,-0.0035,0.0028,0.0987,0.032
4760,4.76,0.0006,0.0038,0.0002,0.0041,-0.2439,-0.1614
4761,4.761,0.0009,0.0067,-0.0047,0.0078,-0.3488,-0.2205
4762,4.762,0.0006,0.0031,-0.001,0.0046,-0.4437,-0.274
4763,4.763,0.0022,0.0009,-0.0013,0.0056,-0.5297,-0.3226
4764,4.764,-0.002,0.0012,-0.0006,0.0064,-0.453,-0.3666
4765,4.765,-0.0003,0.0002,-0.001,0.0038,-1.5081,-0.9621
4766,4.766,0.0049,-0.005,-0.003,0.0001,-1.3582,-0.7072
4767,4.767,0.0029,-0.0057,-0.0017,0.0036,-0.3967,-0.1643
4768,4.768,-0.0029,-0.0051,-0.0057,0.0053,0.2297,0.189
4769,4.769,0.0008,-0.0056,-0.0038,0.0047,0.3456,0.2544
4770,4.77,-0.0012,-0.0003,-0.0062,0.0042,0.4501,0.3133
4771,4.771,-0.0007,0.0017,-0.003,0.003,0.545,0.3668
4772,4.772,0.001,-0.0025,0.0001,0.0041,0.4607,0.2231
4773,4.773,0.0005,-0.0008,-0.0023,0.0045,1.3121,0.7912
4774,4.774,0.0027,-0.0013,0.0018,0.0012,1.6529,0.869
4775,4.775,-0.0021,0.0009,-0.0038,0.0032,0.7253,0.3762
4776,4.776,0.0022,0.003,0.0033,-0.0018,-0.1496,-0.0731
4777,4.777,-0.0019,-0.0006,-0.0011,-0.0012,-0.2651,-0.249
4778,4.778,-0.0024,0.0045,-0.0035,0.0057,-0.5753,-0.3028
4779,4.779,-0.0002,0.0039,0.0004,-0.0007,-0.483,-0.3516
4780,4.78,0.0019,-0.0003,-0.0015,0.0001,-0.3983,-0.2211
4781,4.781,-0.0006,-0.0008,0.0003,0.0008,-0.7853,-0.5785
4782,4.782,0.0026,0.0028,-0.0001,-0.0056,-1.8405,-1.1073
4783,4.783,-0.0003,0.0006,-0.0005,0.0038,-1.0864,-0.6151
4784,4.784,0.0008,-0.0006,-0.0026,-0.0024,-0.1237,-0.0379
4785,4.785,0.0005,-0.0047,-0.0014,0.0032,0.5025,0.1961
4786,4.786,0.0009,-0.0018,0.0029,0.0021,0.3917,0.2676
4787,4.787,0.0002,-0.0002,0.0013,-0.0024,0.4963,0.3323
4788,4.788,-0.0009,0.0021,0.0029,-0.0016,0.404,0.2748
4789,4.789,-0.0015,0.0025,-0.0022,-0.0022,0.4899,0.3278
4790,4.79,-0.0038,0.0007,-0.0001,0.0027,1.6513,0.9525
4791,4.791,-0.0007,0.0011,0.0004,-0.003,1.1547,0.6976
4792,4.792,-0.0003,0.0015,0.0021,-0.0008,0.3992,0.1547
4793,4.793,-0.0027,0.0009,-0.0027,-0.0001,-0.2887,-0.1987
4794,4.794,-0.0043,0.0038,-0.001,-0.0006,-0.4149,-0.2641
4795,4.795,-0.0012,0.0042,0.0007,-0.0011,-0.5292,-0.3229
4796,4.796,-0.004,0.0075,-0.0061,-0.0036,-0.4273,-0.2708
4797,4.797,0.0011,0.0011,-0.0016,0.0007,-0.3343,-0.2233
4798,4.798,-0.0008,-0.0053,0.0026,0.0002,-1.2705,-0.7913
4799,4.799,0.0009,-0.0078,-0.0044,-0.0013,-1.6447,-1.024
4800,4.8,0.0015,0.0038,-0.0036,0.001,-0.624,-0.3902
4801,4.801,-0.001,-0.0012,-0.0062,-0.0001,0.3391,0.2075
4802,4.802,0.0012,-0.0027,-0.0025,0.0034,0.4667,0.2865
4803,4.803,0.0024,-0.004,-0.0062,0.0004,0.5818,0.3575
4804,4.804,0.0035,-0.0052,-0.0032,0.0001,0.4806,0.2942
4805,4.805,-0.0004,0.0005,-0.0062,0.0005,0.3881,0.2365
4806,4.806,-0.0039,0.0015,-0.0059,-0.0012,0.8144,0.6063
4807,4.807,0.0022,0.0024,-0.003,-0.0014,1.6665,1.0389
4808,4.808,0.0031,-0.0018,-0.0044,-0,0.8741,0.5157
4809,4.809,0.0009,-0.004,-0.0071,-0.0006,-0.0552,0.0218
4810,4.81,0.0002,0.001,-0.0069,0.0031,-0.4312,-0.172
4811,4.811,0.0033,-0.0007,-0.0068,0.0017,-0.5461,-0.2312
4812,4.812,-0.0007,-0.0012,-0.01,0.0005,-0.4444,-0.2847
4813,4.813,0.0018,-0.0048,-0.0055,-0.0006,-0.5385,-0.3335
4814,4.814,-0.0012,-0.0036,-0.0026,-0.0016,-0.4539,-0.3776
4815,4.815,-0,0.0004,-0.0057,-0.0012,-1.6147,-0.9735
4816,4.816,0.0003,0.004,-0.0044,0.0005,-1.4496,-0.7188
4817,4.817,0.002,0.0028,-0.0068,-0.0014,-0.3923,-0.1759
4818,4.818,0.001,0.0016,-0.0082,0.0026,0.2961,0.1774
4819,4.819,0.0036,-0.0002,-0.0048,0.0009,0.4227,0.2423
4820,4.82,0.0004,-0.0036,-0.0024,-0.0001,0.5398,0.3223
4821,4.821,0.0028,0.0017,-0.0056,0.0014,0.6539,0.2646
4822,4.822,-0.0009,-0.0005,-0.0038,0.0011,0.3458,0.2121
4823,4.823,0.0013,-0.0012,-0.0044,0.0023,1.376,0.8365
4824,4.824,-0.0026,0.0018,-0.0056,-0.0028,1.5138,0.9219
4825,4.825,-0.0041,0.0035,-0.0041,-0.0007,0.6405,0.3791
4826,4.826,0.0002,0.005,-0.0001,0.0023,-0.1554,-0.1148
4827,4.827,-0.0003,-0.0019,0.0027,0.0006,-0.2611,-0.1804
4828,4.828,0.0022,0.0011,0.0008,-0.0029,-0.5438,-0.3556
4829,4.829,-0.0008,0.0019,-0.0041,-0.0007,-0.4601,-0.3036
4830,4.83,-0.0012,-0.0023,-0.0026,-0.0011,-0.3837,-0.2561
4831,4.831,-0.0022,-0.0017,0.0036,-0.0021,-0.8764,-0.5621
4832,4.832,-0.0032,-0.0024,0.0112,0.0025,-1.8364,-1.0786
4833,4.833,-0.0022,-0.0119,0.0058,-0.0033,-0.8771,-0.5865
4834,4.834,-0.0064,-0.0272,-0.0028,-0.0026,-0.0023,-0.0094
4835,4.835,-0.0159,-0.0292,0.0002,0.0009,0.3399,0.2244
4836,4.836,-0.0119,-0.0088,0.0053,-0.0008,0.4447,0.2957
4837,4.837,-0.0031,0.0049,0.0116,-0.0013,0.5393,0.3603
4838,4.838,-0.0087,0.0072,0.0173,-0.0048,0.455,0.3029
4839,4.839,-0.0015,0.0093,0.0087,-0.0018,0.5326,0.3559
4840,4.84,0.0012,0.0032,0.0054,-0.0038,1.5877,0.9807
4841,4.841,0.0003,0.005,-0.002,0.0004,1.136,0.7259
4842,4.842,0.004,0.0066,-0.0013,-0.0013,0.1741,0.183
4843,4.843,0.0047,0.0112,0.0012,-0.0039,-0.2023,-0.1703
4844,4.844,0.0029,0.0097,0.0004,0.0022,-0.3177,-0.2355
4845,4.845,0.0046,0.0085,-0.0017,-0.0056,-0.4222,-0.2941
4846,4.846,0.003,0.0052,0.0013,-0.015,-0.517,-0.3476
4847,4.847,0.0008,-0.0001,0.0017,-0.0113,-0.4327,-0.2036
4848,4.848,0.0055,0.0007,-0.0019,-0.0058,-1.2842,-0.8587
4849,4.849,0.0038,0.0015,-0.0007,0.0015,-1.6248,-0.9525
4850,4.85,0.0032,0.0007,0.0021,0.0042,-0.6969,-0.3559
4851,4.851,0.0027,-0.0029,0.0064,0.0067,0.1784,0.1879
4852,4.852,0.0069,-0.0034,0.0104,0.0045,0.2945,0.2599
4853,4.853,0.0074,-0.0006,0.014,-0.0004,0.6047,0.325
4854,4.854,0.0016,0.0009,0.0152,-0.0021,0.5123,0.2678
4855,4.855,-0.0007,0.002,0.0191,-0.005,0.4277,0.2155
4856,4.856,0.0028,0.0016,0.0156,0.0028,0.8149,0.5522
4857,4.857,0.0011,-0.002,0.0087,0.006,1.7298,1.0333
4858,4.858,0.0016,0.0049,0.0078,0.005,0.8577,0.5857
4859,4.859,-0.002,0.0018,0.0052,0.0077,0.062,-0.0551
4860,4.86,-0.0009,0.0027,0.0044,0.0085,-0.2496,-0.3118
4861,4.861,-0.0006,0.0018,-0.0007,0.0048,-0.5321,-0.2354
4862,4.862,-0.0025,-0.002,-0.0041,0.0055,-0.4483,-0.3061
4863,4.863,-0.0022,-0.0127,-0.0023,0.0049,-0.5265,-0.2425
4864,4.864,0.0029,-0.0266,0.003,0.0044,-0.4567,-0.3007
4865,4.865,-0.0007,-0.0173,-0.0046,0.0039,-1.4161,-1.0931
4866,4.866,-0.0003,-0.0021,-0.0014,0.0027,-1.2797,-0.7536
4867,4.867,-0.002,0.004,-0.0058,0.0031,-0.1558,-0.0315
4868,4.868,-0.0098,0.0021,0.0003,0.0021,0.2996,0.2511
4869,4.869,-0.0109,0.0038,-0.0002,-0.0012,0.4394,0.3377
4870,4.87,-0.0161,0.0084,-0.0036,-0.0024,0.5655,0.2613
4871,4.871,-0.0059,0.0043,-0.0029,-0.0013,0.4536,0.3323
4872,4.872,-0.0018,0.0055,-0.0055,0.0025,0.3515,0.2688
4873,4.873,-0.0007,0.0087,-0.0038,0,1.3817,0.9083
4874,4.874,-0.0017,0.0056,-0.0066,0.0012,1.5198,0.8238
4875,4.875,0.0035,0.0029,-0.0052,-0.0044,0.6466,0.2814
4876,4.876,0.0043,0.0038,0.0001,-0.0007,-0.149,-0.2122
4877,4.877,0,0.009,-0.0061,0.0057,-0.4603,-0.2775
4878,4.878,0.0022,0.0041,-0.0017,-0.0002,-0.5552,-0.3364
4879,4.879,0.0042,0.0036,-0.0008,-0.0009,-0.4712,-0.2842
4880,4.88,0.0025,-0.0004,-0.0026,-0.0015,-0.3945,-0.2364
4881,4.881,0.0089,-0.0052,-0.0055,0.0002,-0.8867,-0.6297
4882,4.882,-0.0022,0.0006,-0.0036,-0.0003,-1.8465,-0.9995
4883,4.883,0.0023,0.0013,0.0002,-0.0081,-0.8868,-0.5669
4884,4.884,0.0037,0.0007,-0.0047,-0.0049,-0.0116,0.0741
4885,4.885,0.0099,0.0024,0.0019,-0.0019,0.3312,0.3312
4886,4.886,0.0067,0.0019,0.0012,-0.001,0.4358,0.2551
4887,4.887,0.0057,0.0035,-0.0039,-0.0019,0.5308,0.3263
4888,4.888,0.003,0.0013,-0.003,0.0051,0.4468,0.263
4889,4.889,-0.0012,0.0017,-0.0024,-0.0034,0.5246,0.3214
4890,4.89,-0.0005,0.0028,-0.0028,-0.0066,1.5799,1.0086
4891,4.891,0.0002,0.0019,-0.0062,-0.0035,1.1283,0.7282
4892,4.892,0.0033,0.007,-0.0011,0.0011,0.1666,0.1314
4893,4.893,-0.0007,-0.0007,-0.0059,-0.0014,-0.21,-0.2571
4894,4.894,0.004,0.0024,-0.0016,-0.0008,-0.3253,-0.1881
4895,4.895,0.001,-0.0003,-0.0057,-0.0028,-0.4295,-0.3805
4896,4.896,-0.0018,-0.0011,0.0001,-0.0011,-0.5241,-0.3231
4897,4.897,-0.0003,-0.0003,-0.0099,0.0018,-0.4397,-0.2706
4898,4.898,-0.0014,0.0004,-0.0029,0.0024,-1.446,-0.8952
4899,4.899,-0.0043,0.0022,-0.0092,0.0002,-1.584,-0.9807
4900,4.9,0.0015,-0.0019,-0.0015,0.0023,-0.7108,-0.2833
4901,4.901,0.0007,-0.0076,-0.0005,-0.0012,0.3116,0.1866
4902,4.902,0,-0.0082,-0.0014,-0.0033,0.4512,0.2732
4903,4.903,-0.002,-0.0046,-0.0093,0.0023,0.577,0.3515
4904,4.904,-0.0003,-0.0015,-0.0021,0.0002,0.4649,0.282
4905,4.905,-0.0008,-0.002,-0.0031,-0.0018,0.3626,0.2185
4906,4.906,0.0018,-0.0087,-0.0057,-0.0013,0.8307,0.6253
4907,4.907,0.0021,-0.0002,-0.0021,0.0028,1.7673,0.9953
4908,4.908,0.001,-0.0034,-0.0016,-0.0007,0.8949,0.4667
4909,4.909,-0.0015,-0.0024,-0.0075,0.0024,-0.1277,-0.0271
4910,4.91,-0.0005,-0.0015,-0.004,0.0004,-0.2679,-0.2206
4911,4.911,0.0005,-0.0006,-0.0035,-0.0006,-0.3944,-0.2798
4912,4.912,0.0012,0.0016,-0.0032,0.0011,-0.5091,-0.3332
4913,4.913,-0.0005,0.0023,-0.0039,0.0014,-0.4076,-0.2857
4914,4.914,-0.0037,0.0018,-0.0056,-0.0028,-0.5021,-0.3297
4915,4.915,0.0011,-0.0023,-0.007,0.0002,-1.7797,-0.9254
4916,4.916,-0.0006,-0.0008,-0.006,0.0043,-1.2333,-0.6706
4917,4.917,-0.0001,0.0004,-0.0037,0.0028,-0.4023,-0.1277
4918,4.918,-0.0036,-0.0016,-0.0092,0.005,0.3545,0.2258
4919,4.919,-0.0033,-0.0041,-0.0101,-0.0015,0.4935,0.2911
4920,4.92,-0.0012,-0.0031,-0.0054,0.0049,0.619,0.3499
4921,4.921,0.0017,0.0062,-0.0124,0.0003,0.5255,0.3191
4922,4.922,0.0007,0.0066,-0.0084,-0.0005,0.4125,0.2665
4923,4.923,0.0003,0.0023,-0.0058,0.0016,1.3391,0.8911
4924,4.924,0.0034,-0.0019,-0.0096,0.0009,1.4641,0.8064
4925,4.925,-0.0024,0.0033,-0.0056,0.0051,0.6697,0.2637
4926,4.926,-0.0015,0.0013,-0.003,-0.0001,-0.2604,-0.0897
4927,4.927,-0.0052,0.0007,-0.0027,-0.0037,-0.3879,-0.2832
4928,4.928,-0.0016,-0.001,-0.0041,0.0005,-0.5032,-0.3421
4929,4.929,0.0041,-0.0035,-0.0023,-0,-0.6078,-0.2902
4930,4.93,-0.0028,-0.0066,0,0.0025,-0.328,-0.2426
4931,4.931,-0.002,-0.007,0.0008,0.0013,-0.9245,-0.636
4932,4.932,0.0006,-0.002,-0.0004,0.0051,-1.7766,-1.0061
4933,4.933,-0.0047,-0.0069,0.0013,-0.0017,-0.9839,-0.4774
4934,4.934,-0.0111,-0.0039,-0.0013,-0.0026,0.1515,0.0163
4935,4.935,-0.0137,-0.0011,0.0036,0.0016,0.3048,0.2098
4936,4.936,-0.0021,-0.0026,0.0083,-0.0054,0.4436,0.269
4937,4.937,-0.0005,0.0016,0.0076,-0.0027,0.5693,0.3225
4938,4.938,-0.002,0.001,0.008,-0.0002,0.457,0.275
4939,4.939,0.002,0.0045,0.0114,-0.0039,0.5601,0.3188
4940,4.94,0.0032,0.0014,0.0124,-0.0004,1.5903,0.9144
4941,4.941,-0,0.0002,0.0126,0.0012,1.1796,0.6594
4942,4.942,0.003,0.0005,0.01,0.0041,0.3054,0.1164
4943,4.943,0.0003,-0.0006,0.0116,0.0035,-0.2639,-0.237
4944,4.944,0.0028,-0.0057,0.0104,-0.0034,-0.3686,-0.1744
4945,4.945,0.0034,-0.0164,0.0117,-0.0192,-0.4635,-0.3493
4946,4.946,0.0014,-0.015,0.0155,-0.017,-0.5497,-0.2971
4947,4.947,-0.0017,0.0031,0.0091,-0.0191,-0.3183,-0.2495
4948,4.948,-0,0.0007,0.0012,-0.0061,-1.3734,-0.9047
4949,4.949,0.0004,0.0028,0.0022,-0.0078,-1.5249,-0.8117
4950,4.95,0.0001,0.0048,0.0086,-0.0124,-0.5639,-0.215
4951,4.951,0.0056,0.0029,0.0111,-0.0083,0.3115,0.1737
4952,4.952,0.0078,0.0079,0.0211,-0.0021,0.4275,0.2455
4953,4.953,0.0014,0.0064,0.0142,0.0011,0.5321,0.3103
4954,4.954,0.0005,0.0023,0.0029,0.0041,0.6269,0.369
4955,4.955,0.0011,0.0011,-0.0047,0.0033,0.3724,0.2109
4956,4.956,0.0004,0.0066,-0.0033,0.0144,0.9146,0.6435
4957,4.957,-0.0038,0.0013,-0.002,0.0098,1.689,1.0505
4958,4.958,0.0002,0.0078,-0.0029,0.0085,0.9684,0.4692
4959,4.959,-0.0013,0.0069,-0.0038,0.0073,-0.0638,-0.0743
4960,4.96,0.0037,0.0016,-0.001,0.0017,-0.4779,-0.2868
4961,4.961,0.0002,0.0081,-0.0035,0.0111,-0.3548,-0.224
4962,4.962,0.0018,0.0038,-0.004,0.01,-0.4691,-0.2829
4963,4.963,0.0001,0.006,-0.0059,0.0067,-0.367,-0.2308
4964,4.964,0.0016,0.0053,0.0012,0.0037,-0.6481,-0.3753
4965,4.965,-0.0006,-0.0016,-0.0032,-0.0009,-1.755,-1.0307
4966,4.966,0.0014,-0.0062,-0.0022,0.0017,-1.3031,-0.7502
4967,4.967,0.0011,-0.002,-0.0043,0.0054,-0.3409,-0.1532
4968,4.968,-0.0013,0.0002,-0.002,0.0034,0.2855,0.2355
4969,4.969,0.0004,0.0038,-0.0035,0.0039,0.401,0.3068
4970,4.97,-0.0003,-0.0005,-0.0017,0.0044,0.5055,0.3713
4971,4.971,0.0009,-0.0009,0.0001,0.0008,0.6002,0.3137
4972,4.972,0.0026,-0.0014,-0.0009,0.0039,0.3458,0.2609
4973,4.973,0.0049,0.0055,-0.0018,0.0051,1.3522,0.8853
4974,4.974,-0.0001,-0.0039,-0.002,-0.0007,1.4902,0.8005
4975,4.975,-0.0037,0.0049,-0.0007,-0.0015,0.6168,0.2575
4976,4.976,-0.0006,-0.0029,-0.0028,0.0007,-0.1789,-0.2367
4977,4.977,-0.0011,0.0002,-0.0012,0.0001,-0.2842,-0.1745
4978,4.978,0.0024,0.0029,0.0029,0.0018,-0.5663,-0.3501
4979,4.979,0.0012,-0.0082,-0.0021,0.0013,-0.4821,-0.2984
4980,4.98,-0.0016,-0.0006,-0.0039,0.0039,-0.4054,-0.2512
4981,4.981,0.0002,-0.0019,0.0006,0.0027,-1.0385,-0.6449
4982,4.982,-0.0021,-0.0007,-0.0009,-0.0029,-1.8052,-1.0152
4983,4.983,0.003,-0.0016,-0.0042,-0.0007,-0.878,-0.4868
4984,4.984,-0.0048,-0.0005,-0.0028,-0.0042,-0.0027,0.0069
4985,4.985,0.0005,-0.0013,-0.0022,-0.0025,0.3401,0.2002
4986,4.986,0.0013,-0.0004,-0.0023,-0.0019,0.4451,0.259
4987,4.987,-0.0029,0.0034,-0.0025,-0.0034,0.5401,0.3123
4988,4.988,-0.0035,-0.0015,-0.0019,-0.0011,0.4562,0.2645
4989,4.989,0.0001,-0.0019,-0.0055,0.0018,0.5341,0.3953
4990,4.99,0.0006,0.0034,-0.0038,0.0022,1.5895,0.9906
4991,4.991,-0.0023,0.0041,-0.004,-0.003,1.1377,0.7352
4992,4.992,-0.0007,0.0011,-0.0059,-0.0007,0.1758,0.037
4993,4.993,0.0005,0.0029,-0.0033,-0.0027,-0.2004,-0.2458
4994,4.994,0.0026,0.0014,-0.0022,-0.0043,-0.3158,-0.3325
4995,4.995,0.0008,-0.0037,-0.0072,-0.006,-0.4199,-0.2563
4996,4.996,-0.0002,0.0013,0.0022,-0.0024,-0.5144,-0.3275
4997,4.997,0.0049,-0.0029,-0.004,-0.0027,-0.4299,-0.2642
4998,4.998,-0.0028,-0.0034,-0.005,-0.0007,-1.4359,-0.9038
4999,4.999,0.0024,0.0002,0.0002,-0.0003,-1.5738,-0.8195
5000,5,0.0016,-0.0028,-0.0026,0.003,-0.4507,-0.2771
5001,5.001,0.0025,-0.0074,-0.0018,0.001,0.3067,0.2165
5002,5.002,0.0004,-0.0005,-0.0012,-0.0025,0.4467,0.2816
5003,5.003,-0.0003,-0.0013,-0.0062,-0.0021,0.5728,0.3404
5004,5.004,-0.0008,0.0013,-0.0033,0.0008,0.4608,0.2881
5005,5.005,-0.0036,-0.0056,-0.0051,-0.0034,0.3588,0.2403
5006,5.006,0.0032,-0.0083,-0.0068,-0.0005,1.0146,0.6332
5007,5.007,0.0005,0.0029,-0.004,0.0001,1.6111,1.003
5008,5.008,0.0014,0.0044,-0.0045,-0.0041,0.9145,0.4739
5009,5.009,-0.0038,0.0031,-0.0051,0.0023,-0.1179,-0.02
5010,5.01,-0.0017,0.0068,-0.0064,-0.0002,-0.2577,-0.2139
5011,5.011,0.0026,0.0058,-0.0057,-0.0071,-0.3841,-0.2732
5012,5.012,0.001,0.0089,-0.0053,0.0013,-0.4985,-0.327
5013,5.013,-0.0015,-0.0014,-0.0039,-0.0019,-0.3966,-0.2798
5014,5.014,0.0016,-0.0028,-0.0036,0.0034,-0.6779,-0.4112
5015,5.015,0.0013,0.0009,-0.0072,0.0006,-1.7851,-1.0072
5016,5.016,0.0003,-0.0023,-0.0107,-0.0002,-1.3335,-0.7525
5017,5.017,-0.002,-0.0013,-0.0064,-0.0009,-0.0976,-0.0549
5018,5.018,0.0004,-0.0021,-0.0098,0.0026,0.4027,0.2274
5019,5.019,-0.0026,-0.0064,-0.0119,0.0056,0.5558,0.3135
5020,5.02,0.0022,-0.0042,-0.0088,0.0039,0.4202,0.3913
5021,5.021,0.0005,-0.0035,-0.0135,0.0003,0.5458,0.3216
5022,5.022,-0.0015,-0.0039,-0.0122,-0.001,0.4117,0.2485
5023,5.023,0.0002,0.0031,-0.0144,-0.0022,1.4314,0.9517
5024,5.024,0.0038,0.0004,-0.0113,-0.0061,1.5693,0.8584
5025,5.025,0.0008,-0.0005,-0.0178,-0.0026,0.4465,0.2613
5026,5.026,0.002,0.0032,-0.0141,-0.0005,-0.3105,-0.1276
5027,5.027,0.0001,0.0025,-0.0123,0.0023,-0.4503,-0.1996
5028,5.028,-0.0002,-0.0018,-0.0079,-0.0003,-0.5762,-0.2647
5029,5.029,0.0008,-0.0001,-0.0026,0.0049,-0.4644,-0.3237
5030,5.03,-0.0005,-0.0079,0.0022,0.007,-0.3623,-0.2716
5031,5.031,0.0007,-0.0157,-0.009,0.0034,-1.018,-0.7043
5032,5.032,-0.0015,-0.021,-0.011,-0.0036,-1.785,-1.1116
5033,5.033,-0.0034,-0.007,-0.0074,-0.0028,-0.858,-0.5303
5034,5.034,-0.0005,-0.0009,-0.0066,-0.0106,0.017,0.0129
5035,5.035,0.0005,0.0083,-0.0039,-0.0222,0.3593,0.2251
5036,5.036,-0.0012,-0.0001,-0.0013,-0.0207,0.4638,0.2898
5037,5.037,0.0019,-0.0017,0.001,-0.0083,0.5584,0.3485
5038,5.038,0.0022,0.0079,0.0048,-0.0032,0.4739,0.2961
5039,5.039,-0.001,0.0042,0.0081,0.0013,0.7064,0.4403
5040,5.04,-0.0007,0.0031,-0.0029,0.0026,1.7616,1.0083
5041,5.041,-0.0026,0.0083,-0.0018,0.0014,1.008,0.6216
5042,5.042,-0.0002,0.0074,-0.0008,0.0045,0.3201,0.128
5043,5.043,0.0001,0.0066,0.0051,0.0055,-0.3061,-0.1936
5044,5.044,-0.003,-0.0004,0.0015,0.0063,-0.4217,-0.253
5045,5.045,-0.0033,0.008,0.0043,0.0054,-0.526,-0.3067
5046,5.046,-0.0015,0.0047,0.0085,0.0032,-0.6206,-0.3553
5047,5.047,0.0008,0.0016,0.0125,0.0051,-0.3661,-0.3121
5048,5.048,-0.0022,-0.003,0.0115,0.0021,-1.5274,-0.9078
5049,5.049,-0.0012,0.0048,0.0133,0.0097,-1.6943,-0.8231
5050,5.05,-0.0009,-0.0068,0.0126,0.0066,-0.6374,-0.2805
5051,5.051,0,-0.0023,0.0106,0.0001,0.325,0.0728
5052,5.052,0.0002,0.0018,0.0079,0.0027,0.4517,0.1383
5053,5.053,0.0025,-0.002,0.0107,0.0048,0.566,0.3134
5054,5.054,-0.0013,0.0058,0.0117,-0.003,0.4639,0.3668
5055,5.055,-0.0074,0.0067,0.0134,0.0001,0.3705,0.223
5056,5.056,-0.0134,0.004,0.0135,0.0046,0.9662,0.7036
5057,5.057,-0.0112,0.0065,0.0138,0.0021,1.663,0.8959
5058,5.058,-0.0048,-0.005,0.015,0.0028,0.8195,0.4888
5059,5.059,-0.0074,-0.0033,0.0161,-0.0022,0.0234,-0.0941
5060,5.06,-0.0022,-0.0049,0.0188,0.0036,-0.2886,-0.173
5061,5.061,0.0026,-0.0036,0.0211,0.0014,-0.3841,-0.2443
5062,5.062,0.0009,0.0052,0.0248,0.0021,-0.4709,-0.3089
5063,5.063,0.0037,0.002,0.026,0.0038,-0.3949,-0.2513
5064,5.064,-0.0011,0.001,0.0232,0.0055,-0.6064,-0.41
5065,5.065,-0.0042,-0.0018,0.0175,-0.0013,-1.5664,-1.0348
5066,5.066,0.0046,-0.0113,0.0047,0.0015,-1.1563,-0.6093
5067,5.067,0.0082,-0.0051,-0.0045,0.0006,-0.282,-0.066
5068,5.068,0.0026,-0.0018,-0.0027,0.0028,0.2874,0.2875
5069,5.069,0.0015,-0.0029,-0.0071,-0.0007,0.3922,0.2248
5070,5.07,0.0079,-0.0056,-0.011,0.0024,0.4869,0.2836
5071,5.071,0.0019,-0.0014,-0.0046,0.0041,0.5726,0.3372
5072,5.072,0.0012,-0.0007,-0.0076,0.0046,0.3408,0.2896
5073,5.073,0.0047,-0.0014,-0.0084,-0.0023,1.3957,0.9449
5074,5.074,0.003,0.0029,-0.0109,0.0008,1.5471,0.8519
5075,5.075,0.0058,0.0012,-0.0098,-0.0019,0.5858,0.2552
5076,5.076,0.0073,0.0027,-0.0102,-0.0044,-0.2896,-0.1333
5077,5.077,0.0022,0.0024,-0.012,0.0009,-0.4055,-0.2049
5078,5.078,0.0057,0.0052,-0.0047,-0.0027,-0.5102,-0.2696
5079,5.079,0.0014,0.0034,-0.0053,0.0004,-0.6053,-0.3283
5080,5.08,0.0009,-0.0005,-0.0109,0.0009,-0.3507,-0.2758
5081,5.081,-0.0027,0.0042,-0.0128,-0.0006,-1.0476,-0.7083
5082,5.082,-0.0005,-0,-0.006,-0.0036,-1.7037,-0.9991
5083,5.083,-0.0017,-0.0029,-0.0066,-0.0024,-0.7671,-0.4176
5084,5.084,0.0001,-0.0014,-0.0056,-0.0014,0.1081,0.1261
5085,5.085,-0.0023,-0.0056,-0.0088,-0.0037,0.4506,0.1983
5086,5.086,0.0028,-0.0026,-0.0102,-0.0067,0.5554,0.2636
5087,5.087,0.0007,0.0052,-0.0094,-0.0064,0.4632,0.3226
5088,5.088,-0.0023,0.002,-0.0116,-0.0017,0.3791,0.2706
5089,5.089,0.0017,0.003,-0.011,-0.0033,0.6116,0.4152
5090,5.09,0.0002,0.0039,-0.0043,-0.0016,1.6673,0.9836
5091,5.091,-0.002,0.0065,-0.0067,-0.001,1.2155,0.5972
5092,5.092,0.0019,-0.0005,-0.009,0.0041,0.2536,0.1038
5093,5.093,0.0003,0.006,-0.0081,0.0007,-0.372,-0.2174
5094,5.094,-0.0009,0.0018,-0.0099,0.0038,-0.4872,-0.2763
5095,5.095,0.0012,0.004,-0.0114,-0.0002,-0.5913,-0.3295
5096,5.096,0.0002,0.0005,-0.0118,-0.0049,-0.4986,-0.2817
5097,5.097,-0.0044,0.001,-0.0038,-0.0006,-0.4141,-0.3255
5098,5.098,-0.0013,0.0015,0.0041,-0.0034,-1.5748,-0.9208
5099,5.099,-0.0008,-0.002,0.0095,0.0013,-1.4095,-0.8359
5100,5.1,0.0007,-0.0032,0.0161,0.0031,-0.3524,-0.2929
5101,5.101,0.0011,-0.006,0.0171,0.0014,0.3366,0.2013
5102,5.102,0.0015,-0.0025,0.0103,-0.0011,0.4641,0.267
5103,5.103,0.0041,-0.0055,0.0077,-0.0041,0.5792,0.3263
5104,5.104,0.0031,0.001,0.0019,-0.0038,0.4779,0.2747
5105,5.105,0.0008,-0.0035,-0.0033,-0.0012,0.3854,0.2275
5106,5.106,0.001,0.0008,-0.0081,-0.0022,1.1523,0.7085
5107,5.107,0.0028,0.0002,-0.005,0.0015,1.6682,1.0292
5108,5.108,0.0001,0.0009,-0.0114,0.0027,0.8254,0.3898
5109,5.109,-0.0031,0.0014,-0.0139,0.0007,-0.1967,-0.037
5110,5.11,-0.0018,-0.0026,-0.0117,0.001,-0.3361,-0.2704
5111,5.111,0.0001,0.001,-0.0138,-0,-0.4621,-0.3412
5112,5.112,0.0005,-0.0012,-0.0121,-0.0017,-0.5762,-0.2775
5113,5.113,0.0002,0,-0.0092,0.0008,-0.4738,-0.2195
5114,5.114,0.0009,0.0051,-0.0108,0.0004,-0.5674,-0.4835
5115,5.115,0.0017,0.0031,-0.012,-0.0006,-1.8443,-1.1079
5116,5.116,-0.002,-0.0063,-0.0092,0.0036,-1.297,-0.6821
5117,5.117,-0.0005,-0.0022,-0.0089,0.003,-0.1333,0.0162
5118,5.118,0.0018,-0.0034,-0.01,0.0025,0.3221,0.2992
5119,5.119,0.0007,-0.0001,-0.0138,-0.0001,0.4614,0.2157
5120,5.12,-0.0018,-0.0031,-0.0109,-0.0013,0.5875,0.294
5121,5.121,0.0021,-0.0076,-0.0089,0.0025,0.4757,0.365
5122,5.122,-0.0004,0.0019,-0.0054,0.001,0.3738,0.3015
5123,5.123,-0.0021,0.0034,-0.0087,-0.0008,1.4962,0.9302
5124,5.124,0.001,-0.0002,-0.0084,0.0043,1.4036,0.7566
5125,5.125,-0.001,0.0076,-0.0082,0.0007,0.4661,0.2802
5126,5.126,-0.0013,0.0046,-0.0101,0.0049,-0.1595,-0.1691
5127,5.127,0.0011,0.0055,-0.0154,0.0043,-0.2751,-0.2285
5128,5.128,-0.004,0.0047,-0.0069,0.0028,-0.5851,-0.2818
5129,5.129,-0.0033,0.0025,0.0008,0.0015,-0.4925,-0.3304
5130,5.13,0.0062,-0.001,-0.0002,0.0062,-0.4081,-0.1999
5131,5.131,0.0022,-0.0005,0.0043,0.002,-1.1045,-0.7161
5132,5.132,0.0033,0,0.0068,0.0024,-1.7604,-1.0679
5133,5.133,-0.0022,-0.0015,0.0106,-0.0054,-0.8235,-0.4919
5134,5.134,-0.0012,-0.0011,0.007,-0.0022,0.0521,0.0517
5135,5.135,-0.0004,0.0028,0.0101,-0.0075,0.3949,0.2642
5136,5.136,-0.0029,-0.0019,0.013,-0.0178,0.4997,0.3292
5137,5.137,0.0008,-0.0024,0.0105,-0.0248,0.5948,0.3881
5138,5.138,-0.0028,-0.0052,0.0094,-0.0109,0.3407,0.2304
5139,5.139,-0.0045,0.0015,0.0106,-0.0054,0.7281,0.4709
5140,5.14,0.002,0.0007,0.0125,-0.0105,1.6431,1.0391
5141,5.141,0.0011,0.0049,0.0172,-0.012,1.0208,0.6523
5142,5.142,0.0004,0.0012,0.0215,-0.008,0.2259,0.0177
5143,5.143,-0.0032,-0.0037,0.028,-0.0018,-0.2914,-0.2391
5144,5.144,-0.0001,-0.002,0.0307,0.0014,-0.3868,-0.3176
5145,5.145,0.0003,0.0033,0.0193,0.0087,-0.4729,-0.2481
5146,5.146,-0.0012,0.0026,0.0042,0.0078,-0.5511,-0.3126
5147,5.147,-0.0024,0.0031,-0.0058,0.0069,-0.4813,-0.2549
5148,5.148,-0.0045,0.0036,-0.0038,0.0076,-1.4404,-0.9419
5149,5.149,-0.0103,0,0.0014,0.0055,-1.578,-0.8488
5150,5.15,-0.0128,-0.003,0.0001,0.006,-0.4546,-0.252
5151,5.151,-0.0122,-0.005,-0.0038,0.0077,0.3027,0.1366
5152,5.152,-0.0058,-0.0108,0.0001,0.0062,0.4424,0.2084
5153,5.153,-0.005,-0.022,-0.0029,0.005,0.5687,0.2731
5154,5.154,-0.0013,-0.0205,-0.0017,0.0021,0.4571,0.3317
5155,5.155,0.0007,-0.0052,-0.0007,0.0031,0.3552,0.1735
5156,5.156,0.0012,0.0008,0.0021,0.0054,1.1982,0.7021
5157,5.157,0.0007,0.0064,-0.0015,0.0017,1.7654,0.9131
5158,5.158,0.0042,0.0047,0.0008,0.0087,0.8382,0.465
5159,5.159,0.0053,0.0032,-0.0032,-0.0008,-0.0367,-0.06
5160,5.16,0.0049,0.0018,0.0034,0.0055,-0.379,-0.2725
5161,5.161,0.0024,0.0055,-0.0041,0.0044,-0.4832,-0.3377
5162,5.162,0.0047,0.0065,-0.0009,0.0055,-0.5779,-0.2805
5163,5.163,0.0043,0.0055,-0.0033,0.0028,-0.4937,-0.2283
5164,5.164,0.0061,0.0046,-0.0039,0.007,-0.7261,-0.4687
5165,5.165,0.0054,-0.0014,-0.0058,0.0033,-1.7812,-1.0371
5166,5.166,0.0017,0.0008,-0.0049,0.004,-1.0277,-0.6505
5167,5.167,0.0032,0.0028,-0.0041,0.0035,-0.0655,-0.0161
5168,5.168,0.002,-0.0003,-0.0067,-0.0018,0.3111,0.2409
5169,5.169,-0.0001,0.0002,-0.0049,-0.0053,0.4263,0.3195
5170,5.17,0.0017,-0.0056,-0.0058,-0.0011,0.5305,0.3903
5171,5.171,-0.0029,-0.0003,-0.0044,-0.0028,0.438,0.3267
5172,5.172,0.004,-0.0011,-0.0051,-0.0022,0.5235,0.269
5173,5.173,0.0013,0.0006,-0.0065,-0.0019,1.5297,0.9557
5174,5.174,-0.0013,0.0011,-0.0093,-0.0039,1.3935,0.8625
5175,5.175,0.004,0.0006,-0.0072,-0.0057,0.5195,0.2655
5176,5.176,0.0004,0.0027,-0.0065,-0.0025,-0.2764,-0.2781
5177,5.177,-0.0013,0.0047,-0.0073,-0.0045,-0.382,-0.2093
5178,5.178,-0.0008,0.005,-0.0033,-0.001,-0.4772,-0.2743
5179,5.179,0.0017,0.0011,-0.0025,-0.0032,-0.5638,-0.3332
5180,5.18,0.0047,-0.0015,-0.0053,-0.0028,-0.3327,-0.281
5181,5.181,-0.0017,-0.0018,-0.0062,-0.0054,-1.1068,-0.7136
5182,5.182,-0.0009,-0.0047,-0.005,-0.0015,-1.8286,-1.0048
5183,5.183,-0.0017,-0.0066,-0.003,-0.004,-0.7986,-0.4235
5184,5.184,0.0004,-0.0014,-0.0079,-0.0028,0.1637,0.1198
5185,5.185,0.0011,0.0023,-0.0028,-0.0025,0.2907,0.1914
5186,5.186,0.0042,0.0029,-0.002,-0.0014,0.4054,0.2563
5187,5.187,0.0025,0.0034,-0.0036,-0.0038,0.5091,0.3151
5188,5.188,0.002,0.0017,-0.0029,0.0013,0.416,0.2629
5189,5.189,0.0008,0.0032,-0.0031,0.002,0.6713,0.5033
5190,5.19,-0.0013,0.0021,-0.0001,0.0038,1.6776,1.0714
5191,5.191,0.0006,-0.0044,-0.0057,0.0009,0.992,0.5298
5192,5.192,-0.0017,0.0021,-0.0014,0.0014,0.1169,0.0361
5193,5.193,0.0034,0.0012,0.0009,0.0018,-0.4526,-0.2853
5194,5.194,-0.0015,0.0065,0.0003,0.0015,-0.3521,-0.2285
5195,5.195,0.0002,-0.0013,-0.0054,0.0005,-0.4473,-0.282
5196,5.196,0.0019,-0.0043,0.0031,0.0022,-0.5336,-0.3304
5197,5.197,-0.0006,-0.0034,0.002,-0.0001,-0.4571,-0.2868
5198,5.198,-0.001,-0.0026,0.003,0.0001,-1.5125,-0.8822
5199,5.199,-0.0006,0.0011,-0.0055,0.003,-1.3629,-0.7973
5200,5.2,-0.0025,-0.0024,-0.0046,-0.0021,-0.4021,-0.2544
5201,5.201,-0.0028,-0.0007,-0.0057,0.0015,0.2237,0.2398
5202,5.202,0.0003,-0.0036,-0.0067,-0.0016,0.3391,0.3053
5203,5.203,-0.0054,-0.001,-0.0026,-0.0033,0.4429,0.3642
5204,5.204,0.0005,0.0002,-0.002,-0.0058,0.5374,0.3123
5205,5.205,-0.0016,-0.0002,-0.0042,-0.0062,0.4528,0.2649
5206,5.206,0.0033,0.0002,-0.0014,-0.0015,1.1492,0.7455
5207,5.207,0.0017,0.0055,-0.0021,-0.0032,1.6177,0.9381
5208,5.208,-0.0023,0.0048,-0.0008,0.002,0.6805,0.4148
5209,5.209,-0.0017,0.0028,-0.0033,-0,-0.1948,-0.0786
5210,5.21,-0.0005,0.0045,-0.0056,-0.0017,-0.311,-0.2717
5211,5.211,-0.0001,0.0028,-0.0062,0.0047,-0.4158,-0.3306
5212,5.212,0.0025,0.0023,-0.0061,0.0021,-0.511,-0.3838
5213,5.213,-0.0027,0.0035,-0.0068,0.0028,-0.4272,-0.2398
5214,5.214,-0.002,-0.0029,-0.0029,-0.0008,-0.66,-0.458
5215,5.215,-0.0026,0.0035,-0.0038,0.0008,-1.7157,-1.0535
5216,5.216,0.0005,0.0009,-0.0071,-0.0009,-0.9624,-0.6277
5217,5.217,0.001,0.0016,-0.008,0.0016,-0.0005,-0.0841
5218,5.218,-0.0005,0.0052,-0.0034,-0.0054,0.3758,0.2696
5219,5.219,0.0017,-0.0032,-0.0058,-0.0002,0.4906,0.3352
5220,5.22,0.0021,0.0001,-0.0057,0.0006,0.5944,0.2784
5221,5.221,-0.0014,0.001,-0.0078,0.0031,0.5015,0.3322
5222,5.222,-0.0011,-0.0017,-0.0077,-0.0022,0.4166,0.2848
5223,5.223,0.0001,0.0025,-0.0078,-0.0002,1.5774,0.9404
5224,5.224,0.0027,-0.0042,-0.0099,-0.0004,1.3629,0.7972
5225,5.225,0.0017,-0.0005,-0.0075,0.0013,0.5317,0.1411
5226,5.226,0.0007,0.0059,-0.0098,0.0041,-0.2256,-0.1157
5227,5.227,0.001,0.0016,-0.0134,0.0026,-0.3653,-0.1942
5228,5.228,-0.0015,0.0023,-0.0127,0.0037,-0.4915,-0.2651
5229,5.229,-0.0005,-0.0042,-0.0074,0.0066,-0.6059,-0.3295
5230,5.23,0.0046,0.0017,-0.0103,0.004,-0.298,-0.1554
5231,5.231,-0.0019,-0.0036,-0.0055,0.003,-1.1411,-0.7364
5232,5.232,0.0041,-0.0016,-0.0053,-0.0015,-1.7084,-0.9686
5233,5.233,-0.0059,-0.0033,-0.0052,-0.0103,-0.7813,-0.3348
5234,5.234,0.0037,-0.0028,-0.0039,-0.0242,0.0937,0.093
5235,5.235,-0,0.0007,0.0024,-0.0111,0.4359,0.1722
5236,5.236,-0.0033,-0.0044,0.0029,-0.0027,0.5404,0.2435
5237,5.237,-0.0022,-0.0151,-0.0034,-0.0012,0.4479,0.3084
5238,5.238,0.0023,-0.0258,-0.0075,0.0002,0.3635,0.2511
5239,5.239,-0.0055,-0.0162,-0.0072,0.0039,0.7508,0.5155
5240,5.24,-0.0003,0.0028,0.0019,0.0049,1.6657,1.0446
5241,5.241,-0.0011,-0.0054,0.0002,0.0059,1.0429,0.5529
5242,5.242,0.0014,-0.0127,-0.009,0.0032,0.0209,-0.0241
5243,5.243,-0.0008,-0.0105,-0.0061,0.004,-0.3932,-0.2577
5244,5.244,0.0027,0.0036,-0.0011,0.0003,-0.5199,-0.329
5245,5.245,-0.0016,0.0055,0.0032,0.001,-0.6344,-0.3934
5246,5.246,0.0048,0.0071,0.0071,0.0041,-0.5326,-0.3358
5247,5.247,-0.0011,0.0086,0.0106,0.0046,-0.4397,-0.3888
5248,5.248,-0.0018,0.0072,0.0097,-0.0011,-1.5466,-0.9172
5249,5.249,0.0002,0.0034,0.0077,0.0026,-1.3967,-0.8473
5250,5.25,-0.0003,-0.0091,0.0151,0.0075,-0.4351,-0.1427
5251,5.251,-0.0032,-0.0176,0.0119,0.0006,0.4403,0.3272
5252,5.252,-0.0028,0.0023,0.0109,0.0033,0.3296,0.2435
5253,5.253,0.0003,0.005,0.0082,0.0008,0.4339,0.3218
5254,5.254,-0.001,0.0074,0.0103,0.0045,0.5286,0.3926
5255,5.255,-0.0067,0.0052,0.0151,0.0025,0.4443,0.2011
5256,5.256,-0.0145,0.0072,0.018,-0.0017,1.141,0.7243
5257,5.257,-0.0093,0.0127,0.0139,0,1.6099,0.9356
5258,5.258,-0.0066,0.0076,0.0133,0.0006,0.6728,0.3595
5259,5.259,-0.0024,0.0122,0.0155,-0.0036,-0.2025,-0.0292
5260,5.26,0.0028,0.0081,0.0143,0.0017,-0.3183,-0.2417
5261,5.261,0.0021,0.0093,0.0186,-0.0032,-0.4229,-0.3066
5262,5.262,0.0038,0.006,0.0215,0.0011,-0.5176,-0.3654
5263,5.263,-0.0027,0.007,0.0241,-0.0017,-0.4333,-0.2076
5264,5.264,0.0015,0.0006,0.0284,0.0041,-0.6659,-0.448
5265,5.265,0.0037,0.0014,0.0197,-0.0011,-1.7214,-1.1036
5266,5.266,0.0001,0.0007,0.0009,0.0009,-0.9678,-0.6355
5267,5.267,0.0018,0.0014,-0.0071,0.0005,-0.0055,-0.0382
5268,5.268,0.0023,-0.0029,-0.0046,0.001,0.3712,0.1956
5269,5.269,0.0038,0.0012,-0.0066,0.0036,0.4862,0.2669
5270,5.27,0.006,-0.0036,-0.0043,0.0025,0.5901,0.3314
5271,5.271,0.0048,-0.0031,-0.006,0.0005,0.4975,0.2739
5272,5.272,0.0073,-0.0002,-0.004,-0.0005,0.4129,0.3269
5273,5.273,0.0041,-0.0038,-0.0053,0.0019,1.5736,0.9516
5274,5.274,0.0037,-0.005,-0.001,-0.0031,1.4084,0.8668
5275,5.275,0.0011,0.0015,-0.0069,-0.0051,0.3509,0.1691
5276,5.276,0.0015,0.0042,-0.0098,-0.002,-0.3377,-0.1136
5277,5.277,0.0011,-0,-0.0022,0.0009,-0.4648,-0.2001
5278,5.278,0.0042,0.0022,-0.0046,-0.0027,-0.5796,-0.2782
5279,5.279,0.0038,0.0042,-0.0051,-0.0057,-0.4781,-0.3493
5280,5.28,0.0002,-0.0016,-0.0041,-0.0018,-0.3856,-0.2857
5281,5.281,0.0014,0.0006,-0.0044,0.003,-1.152,-0.8089
5282,5.282,0.0026,-0.0029,-0.0035,-0.0039,-1.6678,-1.0202
5283,5.283,0.0001,0.0013,-0.006,-0.003,-0.6376,-0.3163
5284,5.284,0.0017,-0.0051,-0.0031,0.0012,0.0508,0.1536
5285,5.285,0.0027,-0.0025,-0.0088,0.0034,0.4269,0.2403
5286,5.286,-0.0003,-0.0032,-0.0076,-0.0014,0.5418,0.3184
5287,5.287,-0.0023,-0.0067,-0.0051,0.0016,0.4402,0.3893
5288,5.288,0.0012,-0.0061,-0.004,0.0022,0.3475,0.1979
5289,5.289,-0.001,-0.002,-0.0032,-0.0025,0.7734,0.4885
5290,5.29,0.0002,0.0006,-0.0023,-0.002,1.6251,1.07
5291,5.291,-0.0002,0.0003,-0.0045,-0.0014,1.0591,0.5284
5292,5.292,-0.0005,0.0024,-0.0053,-0.0019,0.1299,0.0345
5293,5.293,0.0005,0.0014,-0.007,-0.0015,-0.2467,-0.287
5294,5.294,-0.0032,0.0024,-0.0077,-0.0063,-0.3617,-0.2302
5295,5.295,-0.0047,0.0015,-0.0042,-0.002,-0.4657,-0.2838
5296,5.296,-0.0059,-0.0015,-0.0086,-0.0003,-0.5599,-0.3324
5297,5.297,-0.003,0.0014,-0.0053,-0.0038,-0.4752,-0.289
5298,5.298,-0.0048,-0.0043,-0.0055,-0.0008,-1.6359,-0.8846
5299,5.299,0.0004,-0.0017,-0.0048,0.0021,-1.4706,-0.7997
5300,5.3,-0.0002,-0.0069,-0.0058,0.0031,-0.4127,-0.102
5301,5.301,0.0018,-0.0034,-0.0044,0.0008,0.2764,0.1807
5302,5.302,0.0001,-0.0016,-0.0045,-0.0009,0.4039,0.2674
5303,5.303,-0.0051,-0.0045,-0.0053,-0.0011,0.5188,0.3456
5304,5.304,-0.0015,-0.0019,-0.0028,0.0028,0.6229,0.2761
5305,5.305,0.0002,-0.0007,-0.0025,-0.0024,0.343,0.2127
5306,5.306,0.0031,0.0049,-0.0062,-0.0031,1.28,0.7358
5307,5.307,0.0016,-0.0003,-0.0056,-0.0036,1.6547,0.9472
5308,5.308,0.0028,0.0046,-0.008,-0.0041,0.6346,0.3713
5309,5.309,-0,0.0042,-0.0037,-0.0026,-0.0534,-0.172
5310,5.31,-0.0025,-0.0011,-0.0077,0.0016,-0.4296,-0.2437
5311,5.311,-0.0021,0.001,-0.0041,0.0045,-0.544,-0.3085
5312,5.312,-0.0017,0.0027,-0.0071,-0.0023,-0.4421,-0.3672
5313,5.313,0.0002,0.0032,-0.0042,-0.0014,-0.3492,-0.2093
5314,5.314,0.0009,0.0067,-0.006,0.0045,-0.775,-0.5455
5315,5.315,0.0022,0.0025,-0.007,0.0052,-1.7812,-1.0262
5316,5.316,0.0009,-0.0028,-0.004,0.0003,-1.0957,-0.5787
5317,5.317,-0.0021,-0.0021,-0.0066,0.0008,0.0289,0.0623
5318,5.318,-0.0018,-0.0016,-0.0063,-0.0009,0.4847,0.3192
5319,5.319,-0.002,-0.0021,-0.0114,0.0007,0.3501,0.2431
5320,5.32,0.0019,-0.0006,-0.0135,0.0037,0.476,0.314
5321,5.321,0.0014,0.0055,-0.0066,0.0026,0.5905,0.2506
5322,5.322,0.0018,0.0047,-0.0075,0.0007,0.4885,0.3088
5323,5.323,0.003,0.0025,-0.0118,0.0031,1.5187,0.9957
5324,5.324,0.0012,-0.0024,-0.0097,0.0041,1.3827,0.7152
5325,5.325,-0.002,-0.0017,-0.0079,0.0078,0.3616,0.1838
5326,5.326,0.0033,0.0014,-0.0086,0.0036,-0.264,-0.2436
5327,5.327,0.0055,-0.0003,-0.0082,0.0041,-0.3794,-0.1678
5328,5.328,-0.0009,0.0022,-0.0066,0.0012,-0.4835,-0.3796
5329,5.329,-0.0034,0.0044,-0.0051,-0.0035,-0.578,-0.3164
5330,5.33,0.0003,-0.002,-0.003,-0.004,-0.3231,-0.259
5331,5.331,-0.0003,-0.0012,0.0034,0.0012,-1.1744,-0.8404
5332,5.332,0.0027,-0.0037,0.0118,-0.0024,-1.7414,-0.9185
5333,5.333,0.0011,-0.0015,0.0107,-0.0019,-0.6077,-0.4259
5334,5.334,0.0016,-0.0064,0.0012,-0.0048,0.1496,0.1512
5335,5.335,0.0019,-0.0158,0.0049,0.003,0.2894,0.2299
5336,5.336,0.0048,-0.0228,0.0081,-0.0026,0.4155,0.3009
5337,5.337,0.003,-0.0114,0.009,-0.0016,0.5299,0.3654
5338,5.338,-0.0023,-0.0007,0.0117,-0.0008,0.4278,0.1915
5339,5.339,-0.0001,0.0034,0.0022,-0.0017,0.709,0.5611
5340,5.34,0.0006,0.0071,-0.0041,0.0036,1.646,1.0896
5341,5.341,-0.0011,0.0103,-0.0051,0.0042,1.0232,0.5972
5342,5.342,-0.0016,0.0073,-0.0041,-0,0.0013,0.0198
5343,5.343,-0.0021,0.0101,0.0063,-0.0017,-0.4126,-0.2144
5344,5.344,0.004,0.0042,0.0159,-0.0002,-0.5391,-0.2861
5345,5.345,-0.0019,0.002,0.0122,-0.0014,-0.4272,-0.3511
5346,5.346,0.0002,0.0041,0.0201,-0.0011,-0.531,-0.2939
5347,5.347,-0.0018,0.0071,0.0232,-0.0021,-0.4382,-0.3473
5348,5.348,-0.0001,-0.0016,0.0168,0.0011,-1.7154,-0.9723
5349,5.349,-0.0006,-0.0004,0.0109,-0.0001,-1.534,-0.7176
5350,5.35,-0.0001,0.0028,0.0088,-0.0005,-0.3717,-0.1749
5351,5.351,-0.0013,-0.0024,0.0068,-0.0029,0.385,0.1782
5352,5.352,-0.0001,0.0041,0.0039,0.0008,0.524,0.2431
5353,5.353,0.0009,0.0016,0.0011,0.0005,0.6494,0.3017
5354,5.354,-0.003,0.0023,0.0007,-0.0024,0.5372,0.3549
5355,5.355,-0.0025,0.0044,-0.0003,0.0033,0.4348,0.1147
5356,5.356,-0.0037,0.0049,0.001,0.0007,1.2772,0.6823
5357,5.357,-0.0026,0.0067,0.0001,0.0014,1.6176,0.9147
5358,5.358,-0.0044,0.0062,-0.0037,-0.0022,0.6896,0.4217
5359,5.359,-0.0084,0.0032,0,-0.0053,-0.186,-0.1557
5360,5.36,-0.0151,-0.0032,-0.001,-0.0058,-0.302,-0.2349
5361,5.361,-0.0087,0.0033,-0.0056,-0.0054,-0.4071,-0.3064
5362,5.362,-0.0062,0.0008,-0.0037,-0.0023,-0.5021,-0.3712
5363,5.363,-0.0041,0.0015,0.0005,-0.002,-0.4183,-0.1976
5364,5.364,0.0008,-0.0005,-0.0028,-0.0024,-0.806,-0.4619
5365,5.365,0.0003,-0.001,-0.0057,-0.0077,-1.862,-1.087
5366,5.366,0.0055,-0.0038,-0.0016,-0.0161,-1.1087,-0.4913
5367,5.367,0.0019,-0.0053,-0.0029,-0.0084,-0.1468,0.0521
5368,5.368,0.0002,-0.0075,-0.0058,-0.0074,0.4791,0.2647
5369,5.369,0.0031,-0.0139,-0.0017,-0.0029,0.3676,0.3297
5370,5.37,0.0015,-0.0184,-0.0062,0.0066,0.4711,0.3885
5371,5.371,0.0027,-0.0056,-0.0017,0.0053,0.5649,0.3362
5372,5.372,0.0055,0.0001,0.0002,0.0063,0.4801,0.2884
5373,5.373,0.0058,0.0018,-0.0001,0.0033,1.6406,0.9438
5374,5.374,0.0012,0.0063,-0.0029,0.0041,1.1434,0.6634
5375,5.375,0.0017,0.0023,-0.003,0.0032,0.387,0.2366
5376,5.376,0.0012,0.0035,-0.0002,0.0101,-0.3018,-0.152
5377,5.377,0.0037,0.0067,-0.0052,0.0055,-0.4292,-0.2236
5378,5.378,0.004,0.0057,-0.0072,0.0046,-0.5443,-0.2882
5379,5.379,0.002,0.003,-0.0034,0.0024,-0.4429,-0.3468
5380,5.38,0.0045,0.0038,0.0011,0.0044,-0.3504,-0.1886
5381,5.381,0.0012,-0.0031,-0.0039,0.0074,-1.2873,-0.8132
5382,5.382,0,0.0014,-0.0043,0.0069,-1.6622,-0.8986
5383,5.383,-0.0003,-0.0045,-0.0024,0.0043,-0.6421,-0.356
5384,5.384,0,-0.0038,-0.005,0.004,0.3202,0.1381
5385,5.385,0.0017,-0.0018,-0.0023,0.0068,0.4471,0.204
5386,5.386,0.0015,-0.0049,0.0009,0.0064,0.5616,0.2631
5387,5.387,-0.0002,-0.0054,-0.0009,0.0012,0.4596,0.3167
5388,5.388,0.0014,-0.0029,-0.0049,-0.001,0.3666,0.2695
5389,5.389,0.0001,-0.0032,-0.0052,-0.0075,0.7925,0.5755
5390,5.39,0.0031,0.0015,-0.0045,-0.0083,1.644,1.0128
5391,5.391,0.0028,0.0032,-0.004,-0.0046,0.8511,0.6064
5392,5.392,0.0009,-0.0021,-0.0051,-0.0053,0.1277,0.0239
5393,5.393,-0.0037,-0,-0.003,0.0004,-0.3433,-0.2097
5394,5.394,0.0033,0.0016,-0.0025,0.0026,-0.4304,-0.2807
5395,5.395,-0.0013,-0.0001,-0.0027,-0.0009,-0.509,-0.3453
5396,5.396,-0.0005,-0.0017,-0.0044,0.0008,-0.4395,-0.2877
5397,5.397,0.0002,-0.002,-0.0004,-0.0021,-0.5037,-0.3406
5398,5.398,-0.0004,-0.0017,0.0003,0.0047,-1.3755,-1.0613
5399,5.399,-0.0021,-0.0043,-0.0011,0.0001,-1.2518,-0.7528
5400,5.4,-0.0004,-0.0033,-0.0032,-0.0007,-0.2303,-0.096
5401,5.401,-0.0009,-0.003,-0.0003,-0,0.4586,0.1612
5402,5.402,0.0022,-0.0044,-0.0027,-0.002,0.337,0.2399
5403,5.403,-0.0007,-0.0006,0.0012,-0.0003,0.4519,0.311
5404,5.404,0.0035,-0.0001,0.0028,0.0014,0.5563,0.3757
5405,5.405,0.0007,-0.0027,-0.0002,0.0009,0.2763,0.2021
5406,5.406,-0.0008,-0.0025,0.0002,-0.0003,1.2133,0.7833
5407,5.407,0.0004,0.0013,-0.0001,-0.0023,1.5881,0.861
5408,5.408,0.0024,0.008,0.0023,0.0035,0.568,0.3682
5409,5.409,-0.0001,0.0088,-0.0027,-0.0042,-0.1203,-0.0812
5410,5.41,-0.0011,0.0009,0.0037,-0.0012,-0.4964,-0.2569
5411,5.411,-0.0021,-0.0022,-0.004,0.0034,-0.3844,-0.3105
5412,5.412,-0.002,-0.0015,0.0013,-0.0025,-0.488,-0.3592
5413,5.413,-0.0036,0.0044,0.0004,-0.0046,-0.3948,-0.2287
5414,5.414,0.0001,-0.0072,0.003,0.0019,-0.8205,-0.5862
5415,5.415,0.0037,0.0011,-0.0039,-0.0022,-1.8268,-1.115
5416,5.416,0.0049,-0.0005,-0.0012,0.0015,-1.1411,-0.6228
5417,5.417,0.001,0.0008,-0.0021,-0.0005,-0.0164,0.0823
5418,5.418,-0.0025,0.0044,-0.0027,0.0013,0.4394,0.1776
5419,5.419,0.0017,0.0033,0.0022,0.003,0.5791,0.2637
5420,5.42,-0.0011,0.0001,-0.002,0.0006,0.4565,0.3417
5421,5.421,0.0004,-0.0008,-0.0049,-0.0044,0.5713,0.2719
5422,5.422,-0.0027,-0,-0.0064,0.0005,0.4696,0.336
5423,5.423,-0.0006,0.0006,-0.0042,-0.0025,1.6877,0.9751
5424,5.424,-0.0032,0.0026,-0.0063,-0.0007,1.1916,0.72
5425,5.425,0.0007,-0.0005,-0.0027,0.0029,0.4361,0.1767
5426,5.426,-0.005,0.0012,-0.0032,0.0034,-0.3107,-0.2047
5427,5.427,-0.0015,0.0076,-0.0044,0.0023,-0.4495,-0.2765
5428,5.428,-0.0011,0.005,0.002,0.0026,-0.5749,-0.3414
5429,5.429,-0.0015,0.0028,0.0029,0.0037,-0.4623,-0.2844
5430,5.43,-0.0005,0.002,0.002,-0.0002,-0.3594,-0.2322
5431,5.431,0.0012,0.0003,-0.0032,-0.0017,-1.3887,-0.8571
5432,5.432,-0.0005,-0.0038,0.0046,-0.0013,-1.5261,-0.9429
5433,5.433,0.0008,-0.0074,0.0119,-0.0009,-0.6524,-0.4007
5434,5.434,-0.0009,-0.0063,0.0127,0.0033,0.1442,0.234
5435,5.435,0.0023,0.0001,0.005,0.0004,0.4563,0.3203
5436,5.436,0.0011,0.0009,-0.0003,0.002,0.5518,0.2436
5437,5.437,-0.0015,0.0034,-0.003,0.0023,0.4683,0.3142
5438,5.438,-0.0054,0.0027,-0.0055,0.0027,0.392,0.2503
5439,5.439,-0.0019,-0.008,-0.0017,-0.0009,0.8849,0.5408
5440,5.44,-0.0049,-0.0156,0.0018,-0.007,1.7171,1.0164
5441,5.441,-0.0011,-0.0087,-0.0012,-0.0045,0.9245,0.5684
5442,5.442,0.0004,0.0052,-0.0017,-0.0023,-0.0047,-0.0727
5443,5.443,-0.0008,0.007,-0.0022,-0.0002,-0.3807,-0.1597
5444,5.444,-0.0072,0.0053,-0.0052,0.004,-0.4955,-0.2384
5445,5.445,-0.0064,0.0008,-0.0012,-0.0001,-0.5995,-0.3097
5446,5.446,-0.009,0.0048,-0.0038,0.0004,-0.5068,-0.2465
5447,5.447,-0.0068,-0.0141,0.0014,-0.0038,-0.4221,-0.3051
5448,5.448,-0.0004,-0.0168,0.0007,-0.0021,-1.5829,-0.9923
5449,5.449,0.0022,0.0005,0.0038,-0.0036,-1.4174,-0.7121
5450,5.45,0.0028,0.0071,0.0055,-0.0006,-0.3599,-0.1154
5451,5.451,0.0035,0.0092,0.0051,-0.0018,0.3289,0.2731
5452,5.452,0.004,0.0074,0.0039,0.0018,0.4559,0.204
5453,5.453,0.0011,0.0125,-0.0016,-0.0013,0.5701,0.2685
5454,5.454,0.0036,0.008,0.0037,-0.0001,0.4684,0.3269
5455,5.455,0.0005,0.0012,0.0058,-0.0005,0.3756,0.2742
5456,5.456,0.0069,0.0075,0.0063,0.0018,1.3119,0.8987
5457,5.457,0.0061,0.0043,0.0047,0.0022,1.6862,0.984
5458,5.458,0.0035,0.0074,-0.002,-0.0009,0.6656,0.2866
5459,5.459,-0.0002,0.0121,-0.0011,-0.0012,-0.297,-0.1834
5460,5.46,0.0062,0.008,0.0015,-0.007,-0.4243,-0.2701
5461,5.461,0.0037,0.0043,0.0008,-0.0182,-0.5394,-0.3485
5462,5.462,-0.0001,0.0023,0.0044,-0.0228,-0.438,-0.2792
5463,5.463,0.002,0.0029,-0.0013,-0.0132,-0.3453,-0.2158
5464,5.464,0.0062,0.0002,0.001,0.0007,-0.9417,-0.6226
5465,5.465,0.0009,0.0007,0.0004,0.0062,-1.7937,-1.0987
5466,5.466,0.0029,-0.0022,0.0009,0.0011,-1.0011,-0.5232
5467,5.467,0.0035,-0.0001,0.0005,0.0026,-0.0717,0.0202
5468,5.468,-0.0018,-0.0019,-0.0052,0.0067,0.3049,0.2327
5469,5.469,0.0002,-0.0028,0.0001,0.0029,0.4199,0.2976
5470,5.47,-0.0003,-0.0037,-0.0019,0.0085,0.5238,0.3564
5471,5.471,0.0002,0.0006,-0.0001,0.0054,0.4307,0.3042
5472,5.472,0.0017,0.0024,-0.0041,0.008,0.5162,0.3524
5473,5.473,-0.0013,-0.0027,-0.0005,0.0072,1.6768,1.0078
5474,5.474,-0.0001,-0.0019,-0.0008,0.0034,1.1798,0.7274
5475,5.475,0.0009,-0.0024,-0.0019,0.0041,0.4235,0.1303
5476,5.476,-0.0001,-0.0039,-0.0044,0.0035,-0.2649,-0.2582
5477,5.477,0.0022,0.0039,-0.004,0.004,-0.3918,-0.1894
5478,5.478,0.0016,0.0008,-0.0009,0.0015,-0.5068,-0.3821
5479,5.479,0.0004,-0.0002,0.0017,0.0026,-0.6111,-0.3247
5480,5.48,-0.0028,-0.0028,-0.0035,0.0014,-0.3312,-0.2722
5481,5.481,0.0028,-0.0036,-0.0041,-0.0044,-1.2678,-0.8969
5482,5.482,-0.0041,-0.0013,-0.0047,0.005,-1.6427,-0.9825
5483,5.483,0.0023,-0.0005,-0.003,0.0013,-0.6221,-0.2853
5484,5.484,-0.0019,-0.0062,-0.0012,0.0002,0.3404,0.1846
5485,5.485,0.0018,-0.004,0.0036,0.0012,0.4675,0.2715
5486,5.486,-0.0031,-0.0004,-0.0047,0.0004,0.5822,0.3497
5487,5.487,-0.0035,-0.0045,0.0031,-0.0056,0.4805,0.2803
5488,5.488,-0.003,-0.0028,0.0021,0.0013,0.3876,0.2169
5489,5.489,0.0017,0.0008,-0.0024,-0.0032,0.9836,0.6238
5490,5.49,-0.0013,-0.0034,-0.0015,0.0027,1.6807,0.9938
5491,5.491,-0.0018,-0.0004,0.0007,-0.0026,0.8381,0.4653
5492,5.492,-0.0033,0.0021,0.0001,0.0023,0.0424,-0.0284
5493,5.493,-0.0029,0.0025,-0.0004,-0.002,-0.2692,-0.2218
5494,5.494,-0.0016,-0.0003,0.0025,-0.0003,-0.3644,-0.2807
5495,5.495,-0.0013,-0.006,0,0.0002,-0.4509,-0.334
5496,5.496,-0.0051,-0.0052,-0.0011,0.0014,-0.5292,-0.2865
5497,5.497,-0.0035,-0.003,0.0001,-0.0025,-0.5999,-0.3303
5498,5.498,-0.0013,-0.0037,-0.0009,-0.004,-1.5593,-0.9259
5499,5.499,0.0026,-0.0054,0.0008,-0.0018,-1.4229,-0.6708
5500,5.5,0.0011,-0.0106,0.0018,-0.0039,-0.2991,-0.1277
5501,5.501,-0.0019,-0.0028,-0.0019,0.0012,0.458,0.2258
5502,5.502,-0.0022,-0.0018,-0.0034,0.0032,0.3231,0.2914
5503,5.503,0.0014,-0.0063,-0.0022,0.0063,0.4491,0.3502
5504,5.504,0.0003,-0.0021,-0.0018,-0.0001,0.5633,0.2981
5505,5.505,0.0006,0.0064,0.0033,0.0007,0.4608,0.2505
5506,5.506,0.0003,0.0008,-0.0017,-0.0062,1.3036,0.8187
5507,5.507,-0.0029,-0.0003,0.0026,-0.0035,1.4176,0.8967
5508,5.508,0.0019,-0.003,0.0043,0.0024,0.6957,0.263
5509,5.509,0.0014,0.0064,0.0017,-0.0013,-0.15,-0.1645
5510,5.51,0.0031,0.0026,-0.0025,-0.0033,-0.2659,-0.2432
5511,5.511,-0.0004,-0.0053,0.0039,-0.0002,-0.5762,-0.3142
5512,5.512,0.0046,-0.0023,0.003,0.0015,-0.4839,-0.3786
5513,5.513,-0.0003,0.0003,-0.0007,-0.002,-0.3994,-0.2045
5514,5.514,0.0028,0.0011,0.0029,0.0011,-0.9416,-0.5741
5515,5.515,0.0033,0.0032,-0.0066,-0,-1.8567,-1.1028
5516,5.516,0.0008,-0.0062,-0.0053,0.0026,-0.9845,-0.4694
5517,5.517,0.003,-0.0075,-0.0041,0.0016,0.0378,0.1284
5518,5.518,0.0069,-0.002,-0.0009,0.0007,0.4517,0.2076
5519,5.519,0.0001,0.0031,0.0001,0.0038,0.578,0.279
5520,5.52,0.0009,-0.0034,0.0009,0.0042,0.466,0.344
5521,5.521,-0.0033,0.0007,0.0034,-0.0015,0.5696,0.2867
5522,5.522,0.0004,-0.0016,-0.0003,-0.0006,0.4764,0.3398
5523,5.523,-0.0032,0.006,0.0017,0.0001,1.5832,0.9647
5524,5.524,0.001,-0.0014,0.0012,-0.0005,1.1314,0.7099
5525,5.525,-0.0007,0.0031,0.0029,0.0012,0.1694,0.167
5526,5.526,0.0008,0.0089,-0.0019,0.0053,-0.2072,-0.1864
5527,5.527,0.0018,0.0074,-0.0025,-0.0006,-0.3963,-0.2527
5528,5.528,0.0006,0.0035,0.0032,0.003,-0.5109,-0.3173
5529,5.529,-0.0006,0.0028,0.0038,0.0034,-0.6152,-0.2599
5530,5.53,-0.0003,-0.0016,0.0018,0.0022,-0.3352,-0.2074
5531,5.531,0,-0.0022,0.0013,0.0012,-1.4423,-0.832
5532,5.532,-0.0004,0.0002,-0.0028,0.0009,-1.5939,-0.9176
5533,5.533,-0.0046,0.0012,0.002,-0.0034,-0.6333,-0.3751
5534,5.534,-0.0041,0.0008,0.0025,-0.0063,0.2417,0.2599
5535,5.535,-0.0013,-0.005,0.0042,0.0015,0.3573,0.1764
5536,5.536,-0.0018,-0.0043,0.0006,0.0025,0.4614,0.2546
5537,5.537,-0.0041,0.0009,-0.0063,-0.0027,0.5558,0.3254
5538,5.538,-0.0012,-0.0012,-0.0033,-0.0018,0.3008,0.2617
5539,5.539,-0.0023,-0.0008,-0.0024,-0.0027,0.8425,0.5522
5540,5.54,-0.0076,-0.0026,-0.005,-0.002,1.7572,1.028
5541,5.541,-0.0128,0.0021,-0.0056,0.0016,0.8844,0.4521
5542,5.542,-0.0093,0.0037,-0.0021,-0.0015,-0.1382,-0.0915
5543,5.543,-0.0063,0.0042,-0.0016,0.0014,-0.2784,-0.3041
5544,5.544,-0.0023,0.0056,0.0037,0.002,-0.405,-0.2413
5545,5.545,0.0024,0.0025,0.003,0.0008,-0.5199,-0.3002
5546,5.546,0.0029,0.0053,0.0025,0.002,-0.4184,-0.2482
5547,5.547,0.0024,0.0028,-0.0028,0.003,-0.513,-0.3926
5548,5.548,0.0039,-0.0025,-0.0007,0.0007,-1.7904,-1.0481
5549,5.549,0.006,-0.0078,0.005,0.0024,-1.2442,-0.7678
5550,5.55,-0.0004,-0.0185,0.0013,0.001,-0.0814,-0.1707
5551,5.551,0.0004,-0.02,0.0062,-0.0002,0.3737,0.2178
5552,5.552,0.0012,-0.0104,-0.0032,-0.0008,0.5125,0.289
5553,5.553,0.0019,0.006,0.0008,0.0012,0.6379,0.3534
5554,5.554,0.0012,0.0038,0.0071,0.0046,0.5252,0.2958
5555,5.555,0.0042,0.0059,0.0015,-0.0023,0.4225,0.2431
5556,5.556,0.0037,0.0078,0.0026,0.0029,1.4522,0.8673
5557,5.557,0.0011,0.0027,-0.0001,-0.0035,1.5896,0.9525
5558,5.558,0.0072,0.0134,0.0041,-0.001,0.4662,0.2548
5559,5.559,0.0029,0.0094,0.0004,-0.0063,-0.2912,-0.2153
5560,5.56,0.0023,0.0106,-0.0031,-0.0141,-0.4311,-0.3023
5561,5.561,0.0002,0.0075,-0.0014,-0.0214,-0.5574,-0.3809
5562,5.562,-0.0029,0.0045,-0.0009,-0.0111,-0.4459,-0.3118
5563,5.563,-0.0034,0.0072,0.0017,-0.0041,-0.3441,-0.2488
5564,5.564,0.0024,0.0014,-0.0026,-0.0005,-1.0003,-0.656
5565,5.565,0.0017,0.0021,-0.0021,-0.0015,-1.7675,-1.0263
5566,5.566,-0.0004,0.0015,-0.0005,-0.011,-0.841,-0.4981
5567,5.567,-0.0009,0.0085,0.0025,-0.0122,0.0337,0.1364
5568,5.568,0.0043,-0.0017,0.0029,0.0027,0.3759,0.223
5569,5.569,0.0008,-0.0003,-0.0014,0.0006,0.4804,0.3009
5570,5.57,-0.0009,0.0036,-0.003,0.0062,0.575,0.3715
5571,5.571,-0.0015,0.0005,-0.0005,0.001,0.4904,0.3078
5572,5.572,0.0033,0.0016,-0.0027,0.0086,0.5679,0.3657
5573,5.573,0.0038,0.0044,0.0012,0.0126,1.6227,1.0523
5574,5.574,0.0009,0.0123,0.0007,0.0063,1.1706,0.7715
5575,5.575,0.0024,0.0094,-0.0004,0.0053,0.2085,0.174
5576,5.576,0.0012,0.003,0.0035,0.0042,-0.4178,-0.2151
5577,5.577,0.0024,-0.0011,0.006,0.0033,-0.307,-0.287
5578,5.578,0.0005,-0.0047,0.001,0.0025,-0.6171,-0.352
5579,5.579,0.0029,0.0047,-0.0039,0.0017,-0.5247,-0.2949
5580,5.58,-0.0008,0.006,-0.0034,0.0024,-0.4404,-0.2427
5581,5.581,-0.0005,0.0005,-0.0051,0.0028,-1.4468,-0.8678
5582,5.582,0.0015,-0.0066,-0.0003,-0.0001,-1.5849,-0.9537
5583,5.583,-0.001,-0.0111,0.0027,0.0024,-0.4622,-0.2567
5584,5.584,-0.0013,-0.0101,-0.0037,0.002,0.2948,0.213
5585,5.585,0.0038,-0.0048,-0.0011,0.0049,0.4346,0.2993
5586,5.586,0.0002,-0.004,-0.0018,0.0038,0.5607,0.3773
5587,5.587,-0.0003,-0.0069,-0.0025,0.0041,0.4488,0.3077
5588,5.588,-0.0031,-0.004,0.0006,0.0031,0.3468,0.2441
5589,5.589,-0.0036,0.0009,-0.0023,-0.0012,1.0025,0.6507
5590,5.59,-0.0033,-0.0032,0.0013,-0.0029,1.5991,1.0205
5591,5.591,-0.0029,-0.0015,0.0009,-0.0034,0.9026,0.4917
5592,5.592,0.0029,-0.0019,0.0048,-0.0029,-0.1298,-0.1432
5593,5.593,-0.003,-0.0021,0.0043,-0.0072,-0.2696,-0.23
5594,5.594,-0.0007,-0.0008,0.0074,-0.0031,-0.3957,-0.3084
5595,5.595,-0.0027,0.0011,0.0026,-0.0027,-0.5098,-0.3793
5596,5.596,0.0004,-0.0034,-0.0004,-0.0023,-0.6132,-0.316
5597,5.597,-0.0012,0.0009,0.0001,-0.0003,-0.5201,-0.374
5598,5.598,0.0014,-0.0019,-0.0068,-0.0028,-1.7969,-1.0608
5599,5.599,0.0002,-0.0024,-0.0022,-0.0005,-1.2501,-0.7802
5600,5.6,-0.0036,-0.0045,-0.0065,0.0005,-0.0866,-0.0125
5601,5.601,-0.003,-0.0025,-0.0043,0.0007,0.3693,0.2981
5602,5.602,-0.0018,0.0001,0.0005,0.0024,0.5089,0.2059
5603,5.603,0.0021,-0.005,-0.0053,0.0007,0.6349,0.292
5604,5.604,-0.0014,-0.0012,0.0015,-0.0025,0.5232,0.3701
5605,5.605,0.0017,-0.0032,-0.0031,-0.0003,0.4213,0.3003
5606,5.606,-0.0012,-0.0001,0.0027,0.0017,1.4515,0.8761
5607,5.607,-0.0001,-0.0054,-0.0027,0.0021,1.5895,0.7995
5608,5.608,-0.0018,-0.0018,-0.0008,0.0024,0.4669,0.3068
5609,5.609,0.0006,-0.0035,-0.0004,0.0027,-0.29,-0.1423
5610,5.61,-0,0.0017,0.0048,0.0046,-0.4295,-0.2016
5611,5.611,0.0017,0.0053,-0.0003,0.0039,-0.5555,-0.2552
5612,5.612,0.0039,0.001,0.0013,0.0003,-0.4435,-0.3036
5613,5.613,-0.0003,0.0026,0.0007,0.0018,-0.3413,-0.26
5614,5.614,0.0002,-0.0052,0.0011,-0.0023,-0.9968,-0.6171
5615,5.615,-0.0003,-0.0063,0.0006,0.0018,-1.7634,-1.0495
5616,5.616,0.0033,-0.0033,-0.0016,0.0044,-0.8363,-0.5259
5617,5.617,0.0021,-0.0061,-0.0007,-0.0017,0.039,0.1093
5618,5.618,0.0009,-0.007,-0.0032,0.0026,0.3817,0.1965
5619,5.619,0.0035,-0.0018,-0.0003,0.0048,0.4864,0.2752
5620,5.62,0.0038,0.0016,0.0006,0.0042,0.5815,0.3465
5621,5.621,0.0001,-0.0079,-0.0048,0,0.4976,0.2834
5622,5.622,0.0013,0.0016,-0.0072,0.0018,0.5755,0.3419
5623,5.623,-0.0015,-0.0022,-0.0009,0.0013,1.6309,1.0291
5624,5.624,-0.0005,-0.0013,-0.0019,-0.0047,1.1791,0.7489
5625,5.625,-0.0015,0.0059,-0.0043,-0.0039,0.2173,0.152
5626,5.626,0.0015,-0.0007,-0.0037,-0.0001,-0.4084,-0.2363
5627,5.627,-0.0004,0.007,-0.0022,0.0035,-0.5237,-0.3074
5628,5.628,0.0032,0.0042,-0.0044,0.0001,-0.526,-0.3225
5629,5.629,-0.0014,0.001,-0.0074,-0.0029,-0.4243,-0.2588
5630,5.63,0.0003,-0,-0.0091,-0.0034,-0.3313,-0.2008
5631,5.631,-0.0026,0.0007,-0.0081,0.0024,-1.438,-0.8874
5632,5.632,0.0009,-0.0001,-0.0027,0.0002,-1.5896,-0.9811
5633,5.633,-0.0013,-0.0067,-0.0098,-0.0018,-0.6288,-0.2136
5634,5.634,0.0007,-0.006,-0.0035,-0.0001,0.2465,0.0973
5635,5.635,-0.0035,0.0009,-0.0028,0.0028,0.3624,0.1927
5636,5.636,-0.0007,-0.0038,0.0008,0.0002,0.4668,0.279
5637,5.637,-0.0022,0.0003,-0.0043,-0.0028,0.5617,0.3573
5638,5.638,-0.0034,0.0024,-0.0102,-0.0049,0.3072,0.2877
5639,5.639,-0.0046,0.0016,-0.0096,0.0002,1.0039,0.6079
5640,5.64,-0.0072,-0.0015,-0.002,-0.0047,1.6599,1.0152
5641,5.641,-0.0124,0.0001,0.0031,-0.0016,0.8933,0.434
5642,5.642,-0.0131,-0.0005,0.0039,-0.0022,-0.0364,-0.1092
5643,5.643,-0.0111,0.0045,0.0046,0.0004,-0.413,-0.1811
5644,5.644,-0.0029,0.0037,0.0067,-0.0027,-0.5277,-0.2458
5645,5.645,0.0003,0.0053,0.0059,-0.0023,-0.4262,-0.4206
5646,5.646,0.0013,0.0057,0.0101,-0.0066,-0.5207,-0.3682
5647,5.647,0.004,-0.0021,0.0071,-0.0013,-0.6063,-0.4162
5648,5.648,0.0015,0.001,0.0075,-0.0007,-1.7674,-1.0713
5649,5.649,-0.0008,-0.0043,0.0096,0.001,-1.2707,-0.6032
5650,5.65,0.0041,-0.0184,0.0107,0.0005,-0.2126,-0.0057
5651,5.651,0.0036,-0.0164,0.0088,0.002,0.4762,0.2285
5652,5.652,0.0053,-0.0034,0.012,0.0032,0.3539,0.3003
5653,5.653,0.0027,0.0084,0.0183,-0.0032,0.4685,0.3652
5654,5.654,0.0049,0.0069,0.0174,0.0032,0.5724,0.3079
5655,5.655,0.0061,0.0055,0.0183,0.0007,0.4793,0.2556
5656,5.656,0.0064,0.0118,0.0083,-0,1.4159,0.8805
5657,5.657,0.0025,0.015,-0.0043,0.0006,1.5413,0.796
5658,5.658,0.002,0.0077,-0.006,0.0011,0.5204,0.2534
5659,5.659,0.0041,0.0085,-0.0014,-0.0041,-0.1682,-0.0997
5660,5.66,0.0029,0.0128,-0.0055,-0.0148,-0.2953,-0.2929
5661,5.661,0.0019,0.0075,-0.0043,-0.0133,-0.4098,-0.3518
5662,5.662,0.0009,0.0069,-0.001,-0.012,-0.5137,-0.2996
5663,5.663,-0.0008,0.0027,0,-0.0032,-0.4206,-0.252
5664,5.664,-0.0006,0.0044,-0.0008,0.0023,-1.0165,-0.6453
5665,5.665,-0.0008,0.0019,0.0018,0.0013,-1.7135,-1.0154
5666,5.666,-0.0007,0.0008,0.0041,0.0021,-0.8705,-0.4866
5667,5.667,0.0007,-0.0012,-0.0008,0.0029,0.1522,0.1482
5668,5.668,-0.0024,-0.0037,-0.0012,0.0051,0.2924,0.2351
5669,5.669,-0.0012,0.0009,0.0005,0.0057,0.4188,0.3135
5670,5.67,0.0013,0.0005,-0.0019,0.0073,0.5334,0.3844
5671,5.671,-0.001,-0.0023,-0.0015,0.0056,0.4316,0.3209
5672,5.672,0.0007,0.0035,0.0015,-0.0012,0.7129,0.3791
5673,5.673,-0,0.0058,0.0034,0.0052,1.6496,1.066
5674,5.674,0.0039,0.0023,0.0019,0.0043,1.0272,0.5982
5675,5.675,0.001,0.0041,0.001,0.005,0.2322,0.001
5676,5.676,0.0035,0.0071,-0.0031,0.0029,-0.2851,-0.2328
5677,5.677,0.0024,0.0004,-0.0013,0.0034,-0.3806,-0.3042
5678,5.678,-0.0005,0.0069,-0.0007,0.005,-0.467,-0.3689
5679,5.679,-0.0015,0.0011,-0,-0.0028,-0.5452,-0.3114
5680,5.68,0.0009,0.0005,0.0004,0.005,-0.3346,-0.2589
5681,5.681,0.0026,-0.0058,-0.0006,0.0019,-1.2936,-0.9797
5682,5.682,0.0001,-0.0049,0.0006,0.001,-1.4312,-0.8773
5683,5.683,-0.0016,-0.0101,-0.0016,0.0035,-0.5572,-0.2211
5684,5.684,0.0001,-0.0106,0.0002,0.0028,0.2389,0.2064
5685,5.685,-0.0041,-0.0088,0.0011,0.0034,0.3445,0.2852
5686,5.686,0.0016,-0.0035,0.0005,0.0004,0.4398,0.3563
5687,5.687,-0.0036,0.0044,-0.0025,-0.0013,0.5262,0.2932
5688,5.688,-0.0042,-0.0008,-0.002,-0.0061,0.4499,0.2357
5689,5.689,0.0015,-0.0034,-0.0008,-0.0019,1.0835,0.7115
5690,5.69,0.0037,-0.0007,-0.0046,-0.0014,1.6803,1.0318
5691,5.691,0.0017,0.0031,-0.0059,-0.0029,0.8289,0.5084
5692,5.692,-0.0025,0.0011,-0.0036,0.0001,-0.1932,-0.1261
5693,5.693,0.004,0.0007,-0.009,-0.0063,-0.3327,-0.2129
5694,5.694,-0.0072,-0.0032,-0.0019,-0.0018,-0.459,-0.2911
5695,5.695,-0.0026,-0.0026,0.001,-0.0009,-0.5734,-0.3619
5696,5.696,0.0015,-0.0013,0.002,-0.0002,-0.4713,-0.2983
5697,5.697,0.0004,-0.0041,-0.0016,-0.0037,-0.5653,-0.4728
5698,5.698,0.0037,-0.0076,0.0021,0.0005,-1.8425,-1.054
5699,5.699,-0.0015,-0.0033,-0.0019,-0.0023,-1.2958,-0.6672
5700,5.7,0.0031,-0.0061,-0.0001,-0.0059,-0.1327,-0.0325
5701,5.701,0.0006,-0.0036,0.0005,-0.0016,0.3227,0.2248
5702,5.702,0,-0.0013,0.0003,0.0001,0.4618,0.3034
5703,5.703,-0.0006,-0.0051,-0.0008,0.0016,0.5874,0.3745
5704,5.704,-0.0036,-0.0025,0.0004,0.0005,0.4749,0.3112
5705,5.705,-0.003,0.0018,-0.0012,0.0017,0.3727,0.2537
5706,5.706,0.0005,0.0014,-0.0028,-0.0008,1.4026,0.9407
5707,5.707,0.0002,0.0019,0.0015,-0.0004,1.5402,0.8477
5708,5.708,-0.0009,0.007,-0.0027,0.0006,0.417,0.2509
5709,5.709,0.0017,0.005,-0.0009,0.0044,-0.3401,-0.1377
5710,5.71,-0.0029,0.0008,-0.0034,0.0009,-0.4799,-0.2093
5711,5.711,0.0002,0.0036,-0.0003,0.004,-0.606,-0.2742
5712,5.712,0.0019,-0.0041,0.0018,0.0011,-0.4942,-0.333
5713,5.713,0.0014,-0.0052,-0.0006,0.0047,-0.3924,-0.1751
5714,5.714,0.0045,-0.0022,-0.0016,0.0044,-1.0485,-0.7037
5715,5.715,-0.0019,0.0005,-0.0053,0.0024,-1.8157,-1.0555
5716,5.716,0.0045,-0.0055,-0.001,0.0028,-0.8887,-0.4797
5717,5.717,0.0003,-0.0048,-0.005,0.0039,0.2353,0.0638
5718,5.718,-0.0019,-0.0029,-0.0014,0.0077,0.3886,0.2763
5719,5.719,-0.0012,0.004,0.0008,0.0065,0.5268,0.3414
5720,5.72,-0.0007,-0.0064,0.0005,0.0018,0.6522,0.4003
5721,5.721,-0.0036,-0.0024,-0.0013,-0.0076,0.5395,0.2426
5722,5.722,-0.0021,-0.0036,0.0026,-0.0089,0.6424,0.3871
5723,5.723,-0.0051,0.0019,-0.0041,-0.0052,1.6722,1.0425
5724,5.724,-0.0031,-0.0034,-0.0033,-0.0041,0.9867,0.5745
5725,5.725,-0.0073,0.0069,0.001,-0.0011,0.1116,-0.0229
5726,5.726,-0.0021,-0.0001,0.0017,0.0017,-0.2313,-0.2569
5727,5.727,0.0028,0.0035,-0.0048,0.0008,-0.3365,-0.3284
5728,5.728,0.0045,0.0112,-0.0022,0.0061,-0.619,-0.2653
5729,5.729,0.0043,0.0003,-0.0044,0.0056,-0.5223,-0.3056
5730,5.73,0.0014,0.0012,0.0008,0.0049,-0.438,-0.2479
5731,5.731,0.0039,0.0038,-0.0012,0.0033,-1.5993,-0.9348
5732,5.732,0.0017,-0.004,-0.0055,0.0004,-1.4346,-0.8418
5733,5.733,0.0045,-0.0071,0.0021,-0.0001,-0.3778,-0.245
5734,5.734,0.0042,-0.0064,0.0011,-0.0052,0.3102,0.1437
5735,5.735,0.0003,-0.0022,0.0003,-0.0032,0.4369,0.2155
5736,5.736,-0.0003,0.0014,0.0045,-0.0015,0.5513,0.2803
5737,5.737,0.0009,0.0034,0.0082,0.0026,0.4494,0.3391
5738,5.738,0.0005,0.0003,0.0017,-0.0022,0.3565,0.1811
5739,5.739,-0.0021,-0.0038,-0.0008,-0.0027,1.1228,0.7097
5740,5.74,-0.0038,-0.0034,-0.0046,-0.001,1.638,0.9209
5741,5.741,-0.0028,-0.0004,-0.0026,-0.0036,0.7947,0.4729
5742,5.742,-0.001,-0.0069,-0.0009,-0.0097,-0.0011,-0.0518
5743,5.743,0.0007,-0.0191,-0.0004,-0.0122,-0.3129,-0.2645
5744,5.744,-0.0015,-0.004,-0.0019,-0.01,-0.4083,-0.3296
5745,5.745,-0.0041,0.0061,-0.0023,-0.0065,-0.4946,-0.2724
5746,5.746,-0.0031,0.0079,0.0024,0.0018,-0.4181,-0.2202
5747,5.747,-0.0082,0.0062,-0.0018,0.0028,-0.6294,-0.4606
5748,5.748,-0.0132,0.0046,0.0023,0.0058,-1.589,-1.0289
5749,5.749,-0.0149,0.0059,0.0017,-0.0006,-1.1784,-0.6422
5750,5.75,-0.0061,0.0047,0.0029,0.0002,-0.0543,-0.0076
5751,5.751,0.0001,-0.0103,0.0017,-0.0005,0.4015,0.2495
5752,5.752,0.0011,-0.0123,0.0027,0.0002,0.541,0.3281
5753,5.753,0.002,-0.0105,0.0003,-0.0016,0.418,0.2587
5754,5.754,0.0028,0.0081,0.0013,-0.0021,0.5322,0.3233
5755,5.755,0.0036,0.0104,-0.0012,-0.0099,0.4302,0.2656
5756,5.756,0.0029,0.0082,0.002,-0.0155,1.4604,0.9526
5757,5.757,0.0035,0.0102,-0.0009,-0.0082,1.3243,0.8595
5758,5.758,0.003,0.0084,0.0049,-0.0037,0.4508,0.2627
5759,5.759,0.0025,0.0066,-0.0011,0.0075,-0.3449,-0.1261
5760,5.76,0.0019,0.0021,-0.0048,0.0059,-0.4501,-0.1976
5761,5.761,0.0031,0.009,0.0017,0.0046,-0.5447,-0.2625
5762,5.762,0.0042,0.0101,0.0008,0.0057,-0.4607,-0.3212
5763,5.763,0.0032,0.0069,-0.0014,0.0025,-0.3836,-0.269
5764,5.764,0.0008,0.0059,0.0007,-0.0006,-1.1571,-0.7014
5765,5.765,0.0011,0.005,0.0024,0.004,-1.6722,-0.9924
5766,5.766,0.0004,0.0008,0.0019,-0.0003,-0.8288,-0.4111
5767,5.767,0.001,-0.0029,0.0024,-0.001,0.1942,-0.0224
5768,5.768,0.0037,0.002,-0.0006,0.0054,0.3348,0.1902
5769,5.769,-0.0009,0.0003,0.0023,0.0063,0.4617,0.2552
5770,5.77,0.0021,-0.0002,-0.0019,0.0041,0.5766,0.314
5771,5.771,0.0026,-0.0017,-0.0002,0.0089,0.4752,0.2617
5772,5.772,0.0011,0.0005,0.0066,0.0031,0.7569,0.5021
5773,5.773,0.0032,-0.0033,0.0002,0.0024,1.6939,1.0703
5774,5.774,0.0052,-0.0038,0.0044,0.0004,1.0716,0.6836
5775,5.775,0.0042,-0.0016,0.0007,0.0046,0.05,0.049
5776,5.776,0.0052,0.0023,-0.0028,0.0051,-0.3636,-0.2082
5777,5.777,0.0008,-0.0034,-0.001,0.0003,-0.4899,-0.2867
5778,5.778,0.0003,0.0019,0.0007,0.0034,-0.604,-0.3577
5779,5.779,0.0018,0.0026,0.0055,0.0017,-0.5019,-0.2941
5780,5.78,-0.0004,-0.0057,0.006,-0.0009,-0.4087,-0.2363
5781,5.781,-0.0043,-0.0089,0.0008,0.0013,-1.5151,-0.9231
5782,5.782,-0.0028,-0.0036,-0.0012,0.0016,-1.365,-0.8299
5783,5.783,-0.0024,-0.0044,0.0031,-0.0041,-0.4034,-0.233
5784,5.784,0.0004,-0.0087,0.0002,0.0036,0.2229,0.1558
5785,5.785,-0.0014,-0.0049,0.0028,0.0026,0.3388,0.2274
5786,5.786,0.0009,-0.0055,-0.0014,-0.0001,0.4434,0.2923
5787,5.787,-0.0014,-0.0085,-0.003,-0.0027,0.5384,0.3511
5788,5.788,0.0023,0.0003,-0.0035,-0.0005,0.4542,0.1933
5789,5.789,-0.0035,0.0041,-0.0077,0.0002,1.151,0.7219
5790,5.79,-0.0028,0.0051,0.0011,-0.004,1.6201,0.9333
5791,5.791,-0.0034,-0.0021,-0,-0.0011,0.8536,0.4853
5792,5.792,-0.0017,0.0006,-0.0032,-0.0006,-0.0761,-0.0393
5793,5.793,0.0012,0.0049,-0.0002,-0.001,-0.4525,-0.2518
5794,5.794,-0.0004,0.0012,-0.0028,0.0019,-0.5675,-0.3166
5795,5.795,-0.0046,0.0019,0.0014,-0.0039,-0.4658,-0.3752
5796,5.796,-0.0005,0.0036,-0.0008,-0.0013,-0.373,-0.2172
5797,5.797,0.0031,-0.0004,-0.0001,-0.002,-0.6289,-0.4576
5798,5.798,0.0019,-0.0029,-0.0006,0.0045,-1.7901,-1.1129
5799,5.799,0.0016,0.0002,0.0011,-0.0014,-1.293,-0.6446
5800,5.8,0.0006,-0.0062,0.0006,0.0038,-0.235,-0.0471
5801,5.801,0.0024,-0.0016,-0.0006,-0.0026,0.4533,0.187
5802,5.802,0.0014,-0.0057,0.0005,-0.0051,0.5798,0.2585
5803,5.803,-0.0028,-0.0004,-0.0013,0.0001,0.4679,0.3234
5804,5.804,0.0015,0.0017,0.0039,0.0008,0.5715,0.2659
5805,5.805,0.002,0.0023,0.0017,-0.0022,0.4784,0.319
5806,5.806,0.0016,0.004,0.0023,0.003,1.5853,0.9436
5807,5.807,-0.0045,0.0046,-0.0035,-0.0047,1.4351,0.8591
5808,5.808,-0.0036,0.0024,-0.0042,-0.0078,0.4735,0.1615
5809,5.809,-0.0013,0.0072,-0.0078,-0.0069,-0.4018,-0.1212
5810,5.81,-0.0006,0.0055,-0.0062,-0.001,-0.2915,-0.2078
5811,5.811,-0.0011,0.006,-0.001,-0.0016,-0.6018,-0.2862
5812,5.812,0.0019,-0.0017,-0.0005,-0.0052,-0.5096,-0.3572
5813,5.813,0.0014,-0.0007,-0.0001,0.0006,-0.4253,-0.1661
5814,5.814,0.0027,-0.0017,-0.0019,-0,-1.1221,-0.6895
5815,5.815,0.0015,-0.0044,-0.0035,0.002,-1.7784,-1.0416
5816,5.816,-0.0026,-0.0035,-0.0025,0.0003,-0.8417,-0.4658
5817,5.817,0.0026,-0.0028,-0.0023,-0.0002,0.0332,0.0776
5818,5.818,0.0007,-0.0049,-0.0014,0.0024,0.3756,0.2898
5819,5.819,0.0012,-0.0006,-0.0006,0.0027,0.4799,0.3545
5820,5.82,0.0017,-0.0001,-0.0059,0.0016,0.5745,0.2971
5821,5.821,-0.0018,-0.0006,-0.0025,0.0019,0.4901,0.2448
5822,5.822,0.0013,0.0044,-0.0022,-0.0004,0.7224,0.4851
5823,5.823,-0.0015,0.0024,-0.0029,-0.0001,1.6368,1.0531
5824,5.824,0.0036,0.0054,-0.0025,0.0013,1.0138,0.6662
5825,5.825,0.0016,0.0025,-0.0058,0.003,0.2181,0.0315
5826,5.826,-0.0001,-0.001,-0.0057,0.0018,-0.3,-0.2257
5827,5.827,0.0016,-0.0007,-0.0062,0.0021,-0.3959,-0.3044
5828,5.828,-0.0031,0.0013,-0.0012,-0.001,-0.4826,-0.3755
5829,5.829,-0,0.0023,-0.0007,0.0002,-0.5612,-0.3124
5830,5.83,-0.0026,0.0042,-0,-0.0001,-0.4293,-0.2796
5831,5.831,0.0027,-0.0011,0.0018,0.001,-1.4846,-0.9193
5832,5.832,0.0047,0.0026,-0.0067,-0.0043,-1.335,-0.8348
5833,5.833,-0.001,-0.0024,-0.0037,0.0027,-0.3737,-0.1376
5834,5.834,-0.0017,-0.0054,0.0013,-0,0.2523,0.1448
5835,5.835,-0.0024,-0.0038,-0.0054,-0.0008,0.3676,0.2309
5836,5.836,0.0007,-0.0002,-0.0081,-0.0001,0.4714,0.3088
5837,5.837,-0.001,-0.0045,-0.0014,0.0005,0.5659,0.3794
5838,5.838,0.0005,-0.0028,0.001,0,0.3113,0.1877
5839,5.839,-0.0006,-0.0033,-0,-0.0005,1.1627,0.7106
5840,5.84,0.0014,-0.0011,-0.0024,0.0073,1.7295,0.9216
5841,5.841,-0.0037,0.0027,-0.002,0.0041,0.8019,0.4733
5842,5.842,-0.0002,0.0002,-0.0064,0.0011,-0.0734,-0.168
5843,5.843,-0.0007,0.0043,-0.0037,-0.0016,-0.416,-0.2549
5844,5.844,-0.0024,0.0014,0.0008,-0.0008,-0.5206,-0.3334
5845,5.845,-0.0019,-0.0011,0.0011,-0.0001,-0.4285,-0.2641
5846,5.846,-0.0049,-0,0.0038,0.0006,-0.5144,-0.3288
5847,5.847,-0.0029,-0.0021,0.0011,-0.0011,-0.7468,-0.6196
5848,5.848,-0.0004,-0.004,0.0005,0.003,-1.8021,-1.0955
5849,5.849,-0.0007,-0.0057,0.0042,0.0025,-1.0485,-0.6483
5850,5.85,-0.0018,-0.0108,0.0026,0.0037,-0.0864,-0.0075
5851,5.851,0.0024,-0.0215,-0.0027,0.0033,0.2904,0.2495
5852,5.852,-0.0006,-0.0231,-0.0049,0.0037,0.4056,0.328
5853,5.853,0.001,-0.005,-0.0008,0.004,0.5098,0.3989
5854,5.854,-0.0005,0.0022,-0.0004,-0.0004,0.4174,0.3355
5855,5.855,-0.0017,0.0044,-0.0021,-0.0021,0.5033,0.2778
5856,5.856,0.0003,0.0063,0.002,0.0027,1.5095,0.9648
5857,5.857,-0.0023,0.0044,0.0002,-0.0043,1.3733,0.8716
5858,5.858,-0.0007,0.0061,0.0079,0.0021,0.4996,0.2748
5859,5.859,-0.0058,0.0106,0.0088,-0.0038,-0.2962,-0.1141
5860,5.86,-0.0078,0.0065,0.014,-0.0045,-0.4017,-0.1857
5861,5.861,-0.0148,0.0076,0.0112,-0.0009,-0.4966,-0.2506
5862,5.862,-0.0064,0.002,0.012,-0.0026,-0.5829,-0.3093
5863,5.863,-0.0008,0.003,0.0126,-0.0043,-0.3514,-0.2571
5864,5.864,0.0022,-0.0016,0.009,0.0024,-1.1251,-0.7856
5865,5.865,0.0049,-0.0009,0.0159,-0.004,-1.6405,-0.997
5866,5.866,0.0006,0.0013,0.0132,0.0002,-0.7971,-0.421
5867,5.867,0.0043,0.0019,0.021,0.0009,0.2255,0.1226
5868,5.868,0.0049,0.0024,0.0115,0.0002,0.3653,0.1944
5869,5.869,0.0044,0.0029,0.0028,-0.0055,0.4919,0.2595
5870,5.87,0.0026,0.0003,-0.0004,-0.0033,0.6064,0.3184
5871,5.871,0.0041,0.0024,-0.0014,-0.0027,0.5045,0.2661
5872,5.872,-0.001,0.0004,-0.0022,-0.0032,0.7861,0.5066
5873,5.873,0.0025,0.0029,-0.0013,-0.012,1.7232,1.0748
5874,5.874,-0.0005,0.0011,-0.0006,-0.0109,1.1005,0.5334
5875,5.875,0.0035,0.0001,-0.0054,-0.0165,0.0787,0.0398
5876,5.876,0.0019,-0.0001,-0.0048,-0.005,-0.3352,-0.2817
5877,5.877,0.005,0.0038,-0.0052,-0.0035,-0.4616,-0.2248
5878,5.878,0.0002,0.0042,-0.0046,0.0005,-0.5761,-0.3838
5879,5.879,0.0018,0.0037,-0.0049,0.0017,-0.4743,-0.2401
5880,5.88,0.0059,0.0015,0.0008,0.0027,-0.3814,-0.2838
5881,5.881,0.0001,0.0003,-0.0028,0.0036,-1.6583,-0.8792
5882,5.882,-0.0006,-0.0033,0.0009,0.0028,-1.4767,-0.7944
5883,5.883,-0.0013,-0.0003,-0.0032,0.007,-0.3138,-0.0966
5884,5.884,0.0004,-0.0067,0.0046,0.0047,0.4433,0.1864
5885,5.885,0.002,0.0017,-0.0025,0.0054,0.3087,0.273
5886,5.886,0.0005,-0.0015,0.0061,0.0059,0.4345,0.3513
5887,5.887,-0.0007,0.0037,-0.0016,0.0029,0.5485,0.2819
5888,5.888,0.0013,-0.0047,-0.0045,0.0087,0.4465,0.2185
5889,5.889,0.0016,0.0009,-0.0051,-0.0013,1.1019,0.7418
5890,5.89,-0.0008,0.0019,-0.0041,0,1.6984,0.9533
5891,5.891,-0.0031,0.0028,-0.0033,0.0012,0.6915,0.3773
5892,5.892,-0.0006,0.0053,-0.0025,0.0002,-0.2712,-0.166
5893,5.893,0.0018,0.0031,-0.0006,0.0032,-0.3985,-0.2378
5894,5.894,-0.0013,0.0038,0.0048,0.0005,-0.5136,-0.3025
5895,5.895,-0.0016,-0.0004,0.0015,0.0013,-0.618,-0.361
5896,5.896,0.0036,-0.0021,-0,0.0082,-0.5256,-0.3084
5897,5.897,0.0029,-0.0046,0.0006,0.0018,-0.7816,-0.4526
5898,5.898,0.005,-0.0034,-0.0027,-0.0008,-1.7884,-1.1081
5899,5.899,0.0007,-0.0081,-0.0022,-0.0001,-1.1035,-0.6399
5900,5.9,0.0013,-0.0038,-0,-0.0021,0.0206,-0.0422
5901,5.901,0.0028,0.0026,-0.0041,-0.0004,0.4758,0.1919
5902,5.902,-0.0002,-0.0051,-0.0034,0.0024,0.3407,0.2634
5903,5.903,0.0018,0.0022,-0.0048,-0.0023,0.4662,0.3286
5904,5.904,-0.0007,0.0014,-0.0034,0.0046,0.5802,0.2714
5905,5.905,-0.001,0.0024,0.0015,0.0001,0.4778,0.3246
5906,5.906,0.0014,0.0017,-0,0.0009,1.5076,0.9495
5907,5.907,-0.0028,0.0025,-0.0063,0.0003,1.3712,0.8649
5908,5.908,-0.0045,0.0031,-0.0053,0.0038,0.4969,0.1674
5909,5.909,-0.0039,-0.0021,-0.003,-0.0004,-0.2988,-0.115
5910,5.91,-0.0004,0,0.0021,-0.0009,-0.4044,-0.2013
5911,5.911,0.0009,-0.0004,-0.0036,-0.0004,-0.4996,-0.2792
5912,5.912,-0.0011,0.0025,-0.0056,-0.0015,-0.5859,-0.3501
5913,5.913,-0.0046,0.0031,-0.002,-0.0018,-0.3547,-0.1587
5914,5.914,0.0005,-0.0011,-0.0024,0.004,-1.2693,-0.7981
5915,5.915,0.0026,0.0007,-0.0017,-0.0019,-1.6438,-1.054
5916,5.916,-0.0004,-0.0028,-0.0042,-0.0041,-0.6236,-0.357
5917,5.917,0.0001,-0.005,-0.0019,-0.0034,0.0647,0.113
5918,5.918,-0.0024,0.0016,-0.003,0.0036,0.4411,0.1998
5919,5.919,-0.0011,0.0008,0.0028,0.0045,0.5556,0.278
5920,5.92,0.0001,0.0052,-0.003,0.0037,0.4538,0.349
5921,5.921,-0.0002,-0,0.0008,0.003,0.3608,0.2856
5922,5.922,0.0008,0.005,0.0044,0.0024,0.7868,0.46
5923,5.923,0.0019,0.0008,-0.0025,-0.0018,1.6385,1.0414
5924,5.924,-0.0023,-0.0008,-0.0016,-0.0013,1.0722,0.6547
5925,5.925,0.0007,0.0008,0.0026,0.0023,0.1429,0.02
5926,5.926,0.0003,0.0039,-0.0043,0.0035,-0.234,-0.2369
5927,5.927,-0.0002,0.006,-0.0015,-0.0004,-0.3494,-0.3155
5928,5.928,-0.0005,0.0009,-0.0023,0.0022,-0.454,-0.3864
5929,5.929,0.0051,-0.001,-0.0001,-0.002,-0.5488,-0.3232
5930,5.93,0.0029,-0.004,-0.0021,0.0021,-0.4646,-0.2655
5931,5.931,-0.0008,0.0031,0.0027,0.0008,-1.6446,-0.996
5932,5.932,-0.0015,0.0015,-0.0003,0.0014,-1.4136,-0.8381
5933,5.933,0.0002,-0.0042,0.0026,0.0056,-0.357,-0.1166
5934,5.934,0.0008,-0.0049,0.0052,-0.0031,0.4001,0.194
5935,5.935,-0.0018,-0.0028,0.0021,-0.0019,0.5397,0.2886
5936,5.936,-0.003,-0.007,-0.0026,-0.0051,0.4165,0.3744
5937,5.937,0.0026,0.0019,-0.0008,-0.0041,0.5307,0.2976
5938,5.938,0.002,0.0007,0.0056,-0.0105,0.4286,0.2275
5939,5.939,-0.0001,-0.0003,0.0065,-0.0046,1.2713,0.803
5940,5.94,0.0004,-0.0013,-0.0005,-0.0039,1.6117,1.0354
5941,5.941,-0.0024,0.0015,-0.0069,-0.0019,0.684,0.4016
5942,5.942,0.0001,0.0057,-0.0094,0.0012,-0.1913,-0.1961
5943,5.943,-0.0011,0.0036,-0.0072,-0.0005,-0.3072,-0.2753
5944,5.944,0.0028,0.0042,0.0006,0.001,-0.412,-0.3465
5945,5.945,-0.0019,0.0026,-0.0004,-0.0021,-0.5067,-0.2834
5946,5.946,0.0011,0.0021,-0.003,-0.0001,-0.4224,-0.2261
5947,5.947,0.0028,-0.0005,0.0012,-0.0011,-0.8098,-0.4904
5948,5.948,0.0023,-0.0056,-0.001,-0.0021,-1.8653,-1.1154
5949,5.949,0.0011,-0.0091,-0.0003,-0.0018,-1.1116,-0.5198
5950,5.95,-0.0017,-0.0086,0.0003,-0.0005,-0.1493,0.0234
5951,5.951,0.0001,-0.0058,0.002,-0.0012,0.477,0.0953
5952,5.952,-0.0038,-0.0053,0.0015,-0.0049,0.3659,0.2881
5953,5.953,-0.0023,-0.0056,0.0027,-0.0002,0.4698,0.3466
5954,5.954,-0.0045,0.0008,0.0007,-0.0007,0.5644,0.2944
5955,5.955,-0.0101,0.0016,0.0032,-0.0024,0.48,0.3426
5956,5.956,-0.0079,-0.0009,0.0036,0.0023,1.6409,0.9979
5957,5.957,-0.0072,-0.0031,0.0019,0.0006,1.1441,0.7175
5958,5.958,-0.003,0.0046,0.0033,0.0022,0.3885,0.1204
5959,5.959,-0.0035,0.0036,0.0005,-0.0056,-0.3,-0.2683
5960,5.96,-0.001,-0.0011,0.0001,-0.0134,-0.4268,-0.1995
5961,5.961,0.0001,-0.0036,0.0026,-0.0144,-0.5416,-0.2642
5962,5.962,0.003,-0.0044,0.0016,-0.0023,-0.6458,-0.323
5963,5.963,0.0011,0.0033,0.0003,0.0061,-0.3659,-0.1652
5964,5.964,0.0015,0.0002,-0.0004,-0.0015,-1.3024,-0.7899
5965,5.965,0.0018,-0.0044,0.0013,0.0054,-1.6769,-1.0457
5966,5.966,0.0024,-0.0173,0.0009,0.0016,-0.6565,-0.3488
5967,5.967,0.0012,-0.0267,-0.0021,-0.0016,0.3063,0.1212
5968,5.968,0.0024,-0.0082,-0,0.0036,0.4335,0.2078
5969,5.969,0.0044,-0.0009,-0.0019,0.0081,0.5485,0.286
5970,5.97,0.001,0.0056,0.0021,0.0039,0.4467,0.3569
5971,5.971,0.004,0.0035,-0.0014,0.0032,0.354,0.2934
5972,5.972,0.0012,0.0053,0.0008,0.0109,0.7801,0.4677
5973,5.973,0.0015,0.0069,0.0048,0.0014,1.6319,1.0491
5974,5.974,0.0032,0.0114,-0.002,0.0051,1.0657,0.5075
5975,5.975,0.0001,0.0044,0.0026,-0.0005,0.1364,0.0137
5976,5.976,-0.0009,0.0055,-0.0015,0.0004,-0.2402,-0.1799
5977,5.977,0.0007,0.0087,0.0007,0.0013,-0.3553,-0.2392
5978,5.978,0.0017,0.0013,-0.0013,0.0054,-0.4594,-0.2927
5979,5.979,0.0043,0.0004,0.0004,0.0002,-0.5539,-0.2454
5980,5.98,0.0026,0.0029,-0.0024,0.0037,-0.4693,-0.2894
5981,5.981,0.0015,0.0021,0.0012,-0.0021,-1.6303,-0.8849
5982,5.982,0.0017,-0.0029,0.0001,0.0016,-1.4655,-0.8002
5983,5.983,-0,-0.0013,0.0013,0.0009,-0.4079,-0.1026
5984,5.984,0.0022,-0.0008,-0.0005,0.0014,0.2807,0.1802
5985,5.985,0.0023,-0.0014,-0.0028,0.0008,0.408,0.2667
5986,5.986,0.0016,-0.0003,0.001,0.0023,0.5227,0.3449
5987,5.987,-0.0021,0.0025,0.0032,-0.0019,0.6265,0.2754
5988,5.988,0.0004,0.0006,-0.0015,0.0021,0.3462,0.2118
5989,5.989,-0.0047,0.0023,-0.001,0.0006,1.2828,0.7351
5990,5.99,-0.004,0.0033,0.0043,-0.0016,1.6573,0.9464
5991,5.991,-0.001,0.0014,-0.0021,0.0004,0.6368,0.3704
5992,5.992,-0.0005,0.0006,-0.0046,0.0014,-0.0514,-0.1731
5993,5.993,-0.002,0.0028,-0.0008,0.0038,-0.4279,-0.2448
5994,5.994,0.001,0.0059,-0.0015,0.0062,-0.5425,-0.3096
5995,5.995,0.0007,0.003,0.0002,0.0019,-0.4408,-0.3682
5996,5.996,-0.0043,-0.0021,-0.0002,0.0003,-0.348,-0.2103
5997,5.997,0.0006,-0.0028,-0.0007,0.0008,-0.7738,-0.5468
5998,5.998,-0.0011,-0.0011,-0.0049,-0.004,-1.7801,-1.0275
5999,5.999,0.0006,0.0005,0.0027,-0.0122,-1.0946,-0.5799
6000,6,0.0011,-0.0052,0.0017,-0.0066,0.0298,0.0612
6001,6.001,-0.0001,-0.0015,-0.001,-0.0014,0.4853,0.3183
6002,6.002,0.0039,0.0005,-0.0019,-0.0022,0.3508,0.242
6003,6.003,-0.0039,-0.0025,0.0003,-0.0064,0.4769,0.3129
6004,6.004,-0.0006,0.0004,-0.0004,0.0005,0.5914,0.2496
6005,6.005,-0.0037,0.0072,-0.0021,-0.0003,0.4895,0.308
6006,6.006,-0.0009,0.0008,0.0007,-0.0028,1.52,0.995
6007,6.007,0.0016,0.0034,-0.0029,-0.0006,1.3841,0.7146
6008,6.008,0.0038,0.0028,0.0001,-0.0041,0.2608,0.1175
6009,6.009,0.0003,0.0049,-0.0011,0.0055,-0.194,-0.2711
6010,6.01,-0.0002,0.0092,-0.0054,-0.0014,-0.3331,-0.2023
6011,6.011,0.0004,0.0087,-0.0027,-0.0002,-0.4587,-0.2669
6012,6.012,0.0019,0.004,0.0008,0.0009,-0.5727,-0.3256
6013,6.013,-0.0023,-0.0002,-0.0015,0.002,-0.4703,-0.2733
6014,6.014,-0.0006,0.0051,-0.0013,-0.0006,-1.3126,-0.8019
6015,6.015,0.002,0.0003,-0.0011,0.002,-1.6528,-1.0132
6016,6.016,0.0024,-0.0002,-0.0044,0.0028,-0.7247,-0.3093
6017,6.017,-0.0005,-0.003,-0.0026,0.0035,0.151,0.1607
6018,6.018,0.0038,-0.0066,-0.0002,0.0031,0.4939,0.2473
6019,6.019,0.0009,-0.0035,-0.0043,0.0002,0.3928,0.3254
6020,6.02,0.0004,-0.0005,-0.0029,0.0018,0.4877,0.3962
6021,6.021,0.0001,-0.0023,-0,0.0022,0.4034,0.2047
6022,6.022,0.0021,0.0017,0.001,0.0019,0.7909,0.4954
6023,6.023,0.0011,0.0012,-0.0027,0.001,1.7059,1.0767
6024,6.024,0.0001,0.0024,0.0001,0.0056,1.0832,0.535
6025,6.025,-0.0009,-0.0004,0.0047,0.0039,0.0613,0.0412
6026,6.026,0.0021,0.0054,-0.0013,0.0023,-0.3524,-0.2803
6027,6.027,0.0001,0.0029,-0.0037,0.0008,-0.4785,-0.2235
6028,6.028,0.0004,-0.0008,-0.0032,-0.0004,-0.5927,-0.2771
6029,6.029,0.0001,-0.0001,-0.0065,-0.0015,-0.4905,-0.3258
6030,6.03,-0.0016,0.0017,-0.0062,0.0004,-0.3975,-0.3698
6031,6.031,0.0002,-0.0048,-0.0069,0,-1.6744,-0.9655
6032,6.032,0.0019,0.0005,-0.0052,-0.0008,-1.38,-0.7825
6033,6.033,0.0031,-0.0003,-0.0058,0.0043,-0.4658,-0.1857
6034,6.034,-0.0002,-0.001,-0.0057,0.0037,0.3667,0.2028
6035,6.035,0.0002,-0.0029,-0.0049,0.0032,0.5201,0.2741
6036,6.036,0.0027,-0.0046,-0.0049,-0.002,0.6587,0.3386
6037,6.037,0.0003,-0.0017,-0.0027,-0.0014,0.5355,0.281
6038,6.038,-0.0007,-0.0032,-0.0049,-0.0008,0.4231,0.2284
6039,6.039,0.0018,-0.0043,-0.0012,-0.0037,1.3504,0.7567
6040,6.04,-0.0006,-0.0023,-0.0043,-0.0052,1.4759,0.9678
6041,6.041,-0.0057,-0.008,-0.0051,-0.0064,0.6822,0.2636
6042,6.042,-0.0106,-0.0175,-0.0041,-0.0035,-0.2477,-0.2064
6043,6.043,-0.0148,-0.0061,-0.0056,-0.001,-0.3748,-0.2933
6044,6.044,-0.0061,-0.0016,-0.0016,0.0022,-0.4894,-0.2171
6045,6.045,-0.0049,0.0025,-0.0001,-0.0017,-0.5934,-0.2882
6046,6.046,-0.0039,0.0062,-0.0029,0.003,-0.5004,-0.2249
6047,6.047,-0.0009,0.0006,0.002,-0,-0.9264,-0.5157
6048,6.048,0.0018,-0.0004,-0.0003,0.0016,-1.7782,-1.0972
6049,6.049,0.0043,0.0042,0.0037,0.0041,-0.9856,-0.5556
6050,6.05,-0.0057,-0.0087,0.0018,-0.001,-0.056,0.079
6051,6.051,-0.0126,-0.018,0.0052,0.0039,0.3209,0.3361
6052,6.052,-0.0064,-0.0062,0.0038,0.0022,0.4361,0.2598
6053,6.053,-0.0032,0.0014,0.0024,-0.0031,0.54,0.3307
6054,6.054,-0.0002,0.0055,0.0026,0.0005,0.4476,0.2672
6055,6.055,0.0025,-0.0008,0.0014,-0.009,0.5334,0.3253
6056,6.056,0.0033,-0.0157,0.0043,-0.0187,1.6944,1.0122
6057,6.057,0.0086,-0.0137,0.0031,-0.0175,1.1976,0.7317
6058,6.058,0.0021,-0.0006,0.0039,-0.0098,0.4417,0.1345
6059,6.059,0.0012,0.0112,0.0068,-0.0068,-0.2466,-0.2543
6060,6.06,0.0065,0.0097,0.0103,-0.0114,-0.3736,-0.1856
6061,6.061,0.0015,0.0083,0.0098,-0.0173,-0.4882,-0.2505
6062,6.062,0.001,0.0094,0.0085,-0.0059,-0.5922,-0.3092
6063,6.063,0.0005,0.0062,0.0102,0.0025,-0.3123,-0.2569
6064,6.064,0.004,-0.0011,0.0147,0.001,-1.2488,-0.7856
6065,6.065,0.007,0.0092,0.0163,-0.0004,-1.6235,-0.997
6066,6.066,0.0023,0.0051,0.0122,0.0083,-0.6031,-0.293
6067,6.067,0.0027,0.0013,0.0053,0.0051,0.3595,0.177
6068,6.068,0.0068,0.0045,-0.0011,0.0061,0.4867,0.2636
6069,6.069,0.0042,-0.0008,-0.0054,0.0087,0.6013,0.3418
6070,6.07,0.0064,-0.0017,-0.0032,0.0045,0.4994,0.2722
6071,6.071,0.0017,0.0025,-0.0012,0.0113,0.4063,0.2087
6072,6.072,0.0033,0.0047,-0.0029,0.0067,0.8322,0.4992
6073,6.073,-0.0007,0.004,-0.0024,0.0145,1.6839,0.975
6074,6.074,0.0008,0.0082,0.0001,0.0029,0.891,0.5274
6075,6.075,-0.0004,0.0065,-0.0049,0.0044,-0.0384,0.0026
6076,6.076,0.0008,0.0049,-0.0069,0.0057,-0.415,-0.2099
6077,6.077,0.0026,0.0037,-0.0052,-0.0006,-0.5302,-0.2749
6078,6.078,0.0023,0.0076,-0.0056,-0.0016,-0.4287,-0.3336
6079,6.079,0.0006,0.004,-0.003,-0.0027,-0.5232,-0.2814
6080,6.08,0.0013,-0.003,0.004,-0.0001,-0.4388,-0.3298
6081,6.081,-0.0026,0,0.0051,-0.0009,-1.5998,-0.9853
6082,6.082,-0.0067,-0.0046,0.0098,0.0027,-1.435,-0.7048
6083,6.083,-0.0019,-0.0174,0.009,-0.0022,-0.3776,-0.1077
6084,6.084,-0.0024,-0.0119,0.0114,0.0035,0.311,0.281
6085,6.085,-0.0019,-0.0068,0.0108,0.0041,0.4378,0.2122
6086,6.086,-0.0024,0.0008,0.0026,-0.0008,0.5522,0.2771
6087,6.087,-0.0028,-0.0033,0.0018,-0.0025,0.4506,0.3358
6088,6.088,0.0001,-0.0045,-0.0011,-0.002,0.3577,0.1779
6089,6.089,-0.0002,-0.0013,-0.0018,0.0037,1.2941,0.8026
6090,6.09,-0.0034,0.0039,-0.0025,0.0074,1.6683,0.8882
6091,6.091,0.0013,0.0012,-0.0045,0.0009,0.6475,0.3459
6092,6.092,-0.0029,0.0037,-0.0008,0.0034,-0.315,-0.1481
6093,6.093,-0.0046,0.0015,-0.0001,0.0012,-0.4422,-0.2137
6094,6.094,-0.001,0.005,-0.0029,0.0005,-0.5572,-0.2726
6095,6.095,0.0021,-0.0007,-0.0012,0,-0.4555,-0.3259
6096,6.096,0.0009,-0,-0.008,-0.0016,-0.3628,-0.2782
6097,6.097,0.0006,0.0035,-0.0047,-0.0011,-0.7889,-0.5839
6098,6.098,-0.0018,-0.0034,-0.0054,-0.0042,-1.7956,-1.1002
6099,6.099,0.0034,-0.0043,-0.001,-0.003,-1.1101,-0.6079
6100,6.1,-0.0002,-0.0068,0.0013,0.0013,0.0144,0.0975
6101,6.101,0.0029,-0.0046,-0.0021,0.0008,0.4698,0.193
6102,6.102,0.0024,-0.0026,-0.0015,0.0013,0.3347,0.2793
6103,6.103,-0.0001,0.0005,-0.0018,-0.0017,0.4605,0.3574
6104,6.104,0.0011,0.0034,-0.0032,-0.0014,0.5745,0.2878
6105,6.105,0.0008,0.0029,-0.0019,0.0005,0.4722,0.352
6106,6.106,-0.0001,-0.0013,-0.003,0.0015,1.6895,0.9914
6107,6.107,-0.0004,0.0004,-0.0019,-0.0009,1.1929,0.7365
6108,6.108,-0,-0.0053,-0.0001,0.0034,0.4369,0.1935
6109,6.109,0.0038,0.0016,-0.0024,-0.0008,-0.2512,-0.16
6110,6.11,0.0033,0.0062,-0.0004,0.0032,-0.3777,-0.2252
6111,6.111,0.0022,0.002,-0.0021,-0.0003,-0.4924,-0.284
6112,6.112,-0.0025,0.0042,0.0007,-0.0006,-0.5965,-0.3374
6113,6.113,0.0018,0.0006,-0.001,0.0023,-0.3166,-0.1935
6114,6.114,0.0013,0.0011,0.0001,-0.0034,-1.2531,-0.8489
6115,6.115,-0.0022,-0.0065,-0.0041,-0.0059,-1.6275,-0.9429
6116,6.116,-0.001,0.003,-0.0071,-0.0066,-0.6069,-0.3464
6117,6.117,-0.003,-0.0007,-0.0088,-0.0016,0.3558,0.1972
6118,6.118,-0.0026,-0.0063,-0.001,0.0001,0.4833,0.2689
6119,6.119,-0.0002,-0.0033,-0.0066,-0.0016,0.598,0.3336
6120,6.12,0.0001,-0.0041,-0.0056,-0.0031,0.4962,0.2762
6121,6.121,0.0003,0.0001,-0.0011,-0.0027,0.4031,0.2236
6122,6.122,-0.0013,-0.0021,-0.0037,0.0002,0.829,0.56
6123,6.123,-0.003,0.0057,-0.0044,-0.0016,1.6808,1.0406
6124,6.124,-0.0017,0.0087,-0.0024,0.0023,0.8879,0.465
6125,6.125,-0.0047,0.0114,-0.0107,0.0058,-0.0419,-0.0784
6126,6.126,0,0.0036,-0.0098,0.0016,-0.4185,-0.291
6127,6.127,-0.0016,-0.0017,-0.0108,0.0021,-0.5335,-0.2282
6128,6.128,0.0001,-0.0025,-0.0045,0.0026,-0.4322,-0.2871
6129,6.129,0.0016,0.0052,-0.0054,0.0038,-0.5267,-0.2351
6130,6.13,0.0019,-0,-0.0077,-0.0001,-0.4423,-0.3796
6131,6.131,0.0023,-0.0009,-0.0084,-0.0006,-1.6035,-1.0351
6132,6.132,0.0048,-0.0052,-0.0042,-0.0028,-1.4386,-0.7549
6133,6.133,-0.0004,-0.005,0.0013,-0.0018,-0.2844,-0.1099
6134,6.134,0.0012,-0.0013,-0.004,-0.0038,0.4725,0.1471
6135,6.135,-0.0005,-0.0007,-0.0048,0.0013,0.3379,0.2256
6136,6.136,0.0002,-0.0024,-0.0054,-0.0008,0.4638,0.2962
6137,6.137,-0.0005,0.0029,-0.006,-0.0003,0.5779,0.3606
6138,6.138,0.0002,-0.0007,0.0007,-0.002,0.4753,0.1866
6139,6.139,-0.0018,0.001,-0.004,-0.0015,1.318,0.8733
6140,6.14,0.0021,-0.0007,-0.0032,0.0016,1.4319,0.9671
6141,6.141,0.0026,0.0061,-0.0026,-0.0013,0.5041,0.3702
6142,6.142,0.0021,-0.0024,0.0037,-0.0023,-0.1221,-0.1733
6143,6.143,-0.0002,0.0009,0.0045,-0.0076,-0.4645,-0.2452
6144,6.144,0.0002,-0.0022,0.0066,-0.0039,-0.569,-0.3101
6145,6.145,0.0012,0.0043,0.0016,-0.0046,-0.4767,-0.3688
6146,6.146,0.0001,0.0034,0.0046,0.0012,-0.3923,-0.3166
6147,6.147,0.0005,0.0012,0.0074,0.0005,-0.9344,-0.6532
6148,6.148,0.0042,-0.0037,0.0038,0.0012,-1.8494,-1.1341
6149,6.149,0.0006,0.0005,0.0067,-0.0005,-0.9772,-0.5586
6150,6.15,-0.0025,-0.0083,0.0087,-0.0058,0.0449,0.1396
6151,6.151,-0.0022,-0.0222,0.0051,0.0006,0.4589,0.235
6152,6.152,-0.0018,-0.0203,0.0054,-0.0019,0.5853,0.3212
6153,6.153,-0.0042,-0.0051,0.0042,0.0003,0.4732,0.3994
6154,6.154,-0.0033,0.0051,0.0067,0.0023,0.5768,0.3298
6155,6.155,-0.0075,0.007,0.0014,0.0065,0.4837,0.394
6156,6.156,-0.0145,0.0019,-0.0008,0.0036,1.5904,1.0335
6157,6.157,-0.0172,0.0065,0.0027,0.0051,1.1386,0.7787
6158,6.158,-0.013,0.0134,0.0122,0.0039,0.1767,0.081
6159,6.159,-0.0031,0.0046,0.0191,0.0011,-0.1999,-0.2015
6160,6.16,-0.0017,0.0056,0.0129,0.0021,-0.3154,-0.2878
6161,6.161,0.0045,0.0109,0.0004,-0.0003,-0.4197,-0.3657
6162,6.162,0.0034,0.0045,-0.0047,0.0041,-0.5146,-0.296
6163,6.163,0.0065,-0.0015,-0.0032,0.0024,-0.4303,-0.2324
6164,6.164,0.0019,0.0055,0.0038,0.0039,-1.4366,-0.8717
6165,6.165,0.0061,-0.003,0.0001,-0.0003,-1.5745,-0.9571
6166,6.166,0.0053,-0.0062,0.0034,0.0001,-0.7013,-0.2597
6167,6.167,0.0073,-0.0031,0.0004,-0.0004,0.3212,0.2105
6168,6.168,0.0031,-0.0023,0.0031,-0.0007,0.4611,0.2974
6169,6.169,0.0083,-0.0031,-0.0027,0.0004,0.587,0.3758
6170,6.17,0.0018,-0.0038,-0.002,-0.0021,0.4749,0.3065
6171,6.171,0.0026,-0.0017,-0.0039,0.0011,0.3725,0.2431
6172,6.172,0.0019,0.0052,0.0019,-0.0001,0.8408,0.5341
6173,6.173,0.0039,0.0061,0.0013,-0.0036,1.7775,1.0102
6174,6.174,0.0022,0.0052,0.0007,-0.0024,0.9052,0.5627
6175,6.175,-0.0019,0.0031,-0.0009,-0.0004,-0.117,-0.078
6176,6.176,-0.0004,0.0038,0.0021,0.0054,-0.2569,-0.1644
6177,6.177,-0.0001,0.0043,-0.0013,0.0062,-0.3835,-0.2426
6178,6.178,0.0003,-0.0045,0.001,-0.0007,-0.4981,-0.3131
6179,6.179,0.0013,-0.0008,-0.0027,-0.0034,-0.3961,-0.2494
6180,6.18,-0.0026,-0.0018,0.0009,0.0008,-0.4903,-0.3072
6181,6.181,0.0041,-0.0008,-0.005,-0.0014,-1.7674,-0.9939
6182,6.182,0.0032,-0.0016,-0.0023,-0.0034,-1.221,-0.713
6183,6.183,-0.001,-0.0042,0,0.0008,-0.39,-0.1155
6184,6.184,-0.0032,-0.002,-0.0034,-0.0045,0.3672,0.2737
6185,6.185,-0.0026,-0.0055,-0.0063,-0.0024,0.5065,0.2052
6186,6.186,-0.0031,-0.0013,-0.0009,0.0006,0.6323,0.2702
6187,6.187,-0.0002,-0.0041,-0.0014,-0.0011,0.5199,0.3292
6188,6.188,-0.0007,-0.0006,0.003,-0.0016,0.4179,0.2773
6189,6.189,0.0015,0.0036,-0.0056,-0.0004,1.2608,0.9023
6190,6.19,0.0026,-0.0016,0.0008,0.0008,1.6012,0.818
6191,6.191,0.0045,-0.0023,-0.0068,-0.0002,0.4672,0.276
6192,6.192,0.0021,0.0008,-0.0014,0.0001,-0.2899,-0.2175
6193,6.193,-0.0009,-0.0021,-0.004,-0.0015,-0.4297,-0.2827
6194,6.194,-0.0006,0.0005,-0.003,-0.0009,-0.5561,-0.3414
6195,6.195,0.0005,-0.0017,-0.0006,-0.002,-0.4442,-0.289
6196,6.196,-0.0012,0.003,0.0016,-0.0013,-0.3421,-0.2412
6197,6.197,-0.0018,0.0013,-0.0025,-0.0045,-0.9976,-0.6341
6198,6.198,0.0021,0.0019,-0.0007,0.0025,-1.7645,-1.1099
6199,6.199,-0.0019,0.0013,-0.0021,-0.0005,-0.8375,-0.5339
6200,6.2,0.0059,0.0025,-0.0062,0.0004,0.0375,0.0099
6201,6.201,0.0027,-0.0039,0.0027,0.0029,0.3801,0.2228
6202,6.202,-0.0003,-0.003,-0.001,0.0008,0.485,0.2881
6203,6.203,0.0006,-0.0022,0.0001,0.0057,0.5799,0.3472
6204,6.204,-0.0019,-0.0015,-0.0051,0.0015,0.4956,0.2953
6205,6.205,0.0003,0.0035,-0.0023,0.0032,0.5734,0.3438
6206,6.206,-0.0017,0.0004,0.002,-0.0016,1.6285,0.9993
6207,6.207,0.0026,0.0045,0.0027,-0.0021,1.1767,0.7189
6208,6.208,-0.0002,0.003,-0.0038,-0.0037,0.2149,0.1218
6209,6.209,-0.0049,0,-0.0029,-0.0042,-0.4111,-0.2668
6210,6.21,-0.0006,0.0013,0.0008,0,-0.3,-0.1979
6211,6.211,-0.0011,-0.0012,0.0001,0.0029,-0.6099,-0.2625
6212,6.212,0.0005,0.0027,0.0006,0.0014,-0.5175,-0.3211
6213,6.213,0.0028,-0.0041,0.001,0.0026,-0.4332,-0.2687
6214,6.214,0.0017,-0.0013,-0.0026,0.0055,-1.4396,-0.8933
6215,6.215,-0.0034,-0.0004,-0.0039,0.0073,-1.5775,-0.9789
6216,6.216,0.0016,-0.0011,-0.0037,0.0041,-0.7041,-0.2815
6217,6.217,0.0011,-0.006,-0.0019,0.0012,0.3185,0.1883
6218,6.218,-0.0017,-0.0043,0.0003,-0.0023,0.4581,0.2749
6219,6.219,0.0031,0.0022,-0.0042,-0.0001,0.5841,0.3531
6220,6.22,0.0001,0.0047,-0.0004,-0.0021,0.472,0.2836
6221,6.221,0.0018,0.001,-0.0053,-0.0063,0.3697,0.2199
6222,6.222,0.0003,-0.0025,-0.0086,-0.0034,0.838,0.6266
6223,6.223,0.0007,0.0005,-0.0047,0.0014,1.6047,0.9965
6224,6.224,0.0019,-0.0012,-0.0075,-0.0003,0.8838,0.4676
6225,6.225,0.0029,0.0014,-0.0089,-0.002,0.0385,-0.0263
6226,6.226,-0.0003,0.0056,-0.0071,0.0005,-0.3042,-0.22
6227,6.227,-0.0006,0.0051,-0.0022,-0.0025,-0.4088,-0.2792
6228,6.228,-0.001,0.0036,-0.0032,0.0039,-0.5038,-0.333
6229,6.229,0.0043,-0.0025,-0.0051,-0.0007,-0.4199,-0.2857
6230,6.23,-0.001,0.0034,-0.0049,-0.0015,-0.4978,-0.4172
6231,6.231,-0.0003,-0.0003,-0.0077,0.0054,-1.5533,-1.0132
6232,6.232,0.0054,-0.0024,-0.0076,-0.001,-1.4033,-0.7585
6233,6.233,0.0002,0.0006,-0.0059,-0.0002,-0.1672,-0.061
6234,6.234,0.0037,-0.0016,-0.0053,0.0005,0.3586,0.2485
6235,6.235,-0.0012,0.0013,-0.0107,0.0027,0.5265,0.3432
6236,6.236,-0.0007,0.0018,-0.0061,-0.0009,0.377,0.2586
6237,6.237,-0.0002,0.0069,-0.0121,0.0021,0.5148,0.3362
6238,6.238,-0.0008,0.0004,-0.0102,-0.0008,0.3909,0.266
6239,6.239,-0.0077,-0.0021,-0.0112,0.0028,1.4105,0.8413
6240,6.24,-0.0005,-0.0043,-0.0098,-0.0042,1.548,0.9188
6241,6.241,0.0003,-0.0023,-0.0048,-0.0032,0.6745,0.2846
6242,6.242,-0.0005,0.0008,-0.0031,-0.0023,-0.1215,-0.143
6243,6.243,-0.0075,0.0025,-0.0003,-0.0102,-0.4329,-0.2221
6244,6.244,-0.016,-0.0001,-0.0011,-0.0132,-0.5282,-0.2934
6245,6.245,-0.0129,0.006,-0.004,-0.0124,-0.6146,-0.3581
6246,6.246,-0.0099,0.0017,0.0008,-0.0065,-0.3833,-0.1843
6247,6.247,-0.0072,-0.0005,-0.0001,-0.0028,-1.0166,-0.6602
6248,6.248,-0.0031,-0.0083,0.0013,-0.0021,-1.7834,-1.1083
6249,6.249,-0.0024,-0.0031,0.0063,0.0061,-0.8562,-0.4689
6250,6.25,0.0024,-0.0058,0.0081,0.0051,0.0189,0.1286
6251,6.251,-0.0071,-0.0016,-0.0016,0.0081,0.3616,0.2076
6252,6.252,-0.0058,-0.0053,-0.0032,0.0073,0.4664,0.2787
6253,6.253,-0.0096,-0.0004,-0.0046,0.0115,0.561,0.3434
6254,6.254,-0.0019,0.0001,0.0055,0.0015,0.4771,0.2859
6255,6.255,0.0011,0.0053,0.0094,0.0029,0.5549,0.4444
6256,6.256,0.0019,-0.0054,0.0055,-0.006,1.6103,1.0691
6257,6.257,-0.0007,-0.01,0.0043,0.0065,1.1585,0.6437
6258,6.258,0.0045,-0.0169,0.0031,0.0014,0.1968,0.1006
6259,6.259,0.0038,-0.0081,0.0021,0.0029,-0.4293,-0.2526
6260,6.26,0.0042,0.0022,0.0115,0.0043,-0.3183,-0.318
6261,6.261,0.0001,-0.0075,0.0126,0.0005,-0.4221,-0.2607
6262,6.262,0.0058,-0.0113,0.018,-0.0051,-0.5167,-0.314
6263,6.263,0.0036,-0.0035,0.0107,-0.0041,-0.4322,-0.2662
6264,6.264,0.0028,0.0017,0.006,0.0005,-1.4382,-0.9215
6265,6.265,0.007,0.0102,0.0051,0.0013,-1.5758,-0.8284
6266,6.266,0.0053,0.0069,0.0135,-0.0071,-0.4528,-0.2317
6267,6.267,0.0037,0.0059,0.0167,-0.0127,0.3043,0.1572
6268,6.268,0.0048,0.005,0.0197,-0.0138,0.4443,0.2291
6269,6.269,0.0028,0.0008,0.0243,-0.0073,0.5708,0.294
6270,6.27,0.0069,0.0045,0.0252,-0.0014,0.4593,0.3528
6271,6.271,0.0005,0.0038,0.0137,0.0038,0.3576,0.1948
6272,6.272,-0.0004,0.0068,-0.0049,0.0045,1.0135,0.6275
6273,6.273,0.0048,0.0063,-0.0025,0.0028,1.6102,1.0346
6274,6.274,-0.0001,0.0078,-0.0002,0.0044,0.9137,0.4534
6275,6.275,0.0015,0.0108,-0.0021,0.0092,-0.1186,-0.0899
6276,6.276,0.002,0.0044,-0.0039,0.0034,-0.2581,-0.1617
6277,6.277,0.0005,0.0035,-0.0021,0.0087,-0.3839,-0.2268
6278,6.278,0.0055,-0.0007,0.0026,0.0094,-0.4982,-0.2855
6279,6.279,0.0019,0.0015,-0.0013,0.0063,-0.396,-0.2332
6280,6.28,-0.0023,0.0022,-0,-0.0013,-0.677,-0.3776
6281,6.281,0.0018,0.0005,-0.0009,-0.0003,-1.7838,-1.033
6282,6.282,0.0023,0.0022,-0.0038,0.0006,-1.3316,-0.7524
6283,6.283,0.0019,-0.0026,-0.0028,0.0014,-0.0952,-0.1552
6284,6.284,0.0007,-0.0031,-0.0052,0.0036,0.4059,0.2337
6285,6.285,-0.0018,-0.0048,0.0002,0.0016,0.5591,0.3052
6286,6.286,0.0014,-0.0043,-0.0016,-0.0026,0.4237,0.37
6287,6.287,0.0018,0.0008,-0.0056,0.0015,0.5494,0.3125
6288,6.288,0.0008,-0.0056,-0.0071,0.001,0.4369,0.26
6289,6.289,0.004,-0.0014,-0.0011,-0.0002,1.3643,0.8847
6290,6.29,0.0002,0.0024,-0.0031,0.0037,1.49,0.8002
6291,6.291,0.0037,-0.0025,0.0035,0.0042,0.4695,0.2576
6292,6.292,0.0026,0.0005,-0.0005,0.0012,-0.2187,-0.2363
6293,6.293,0.0046,0.0034,-0.0055,0.0024,-0.3453,-0.3017
6294,6.294,0.0004,0.0049,-0.0046,-0.0001,-0.4596,-0.3606
6295,6.295,-0.0012,0.0046,-0.0074,-0.0005,-0.5632,-0.3086
6296,6.296,0.0024,-0.0001,-0.0031,-0.0055,-0.4704,-0.2608
6297,6.297,-0.0027,-0.0018,-0.0055,-0.0062,-1.0662,-0.654
6298,6.298,-0.0006,-0.0001,-0.0065,-0.0045,-1.763,-1.0241
6299,6.299,0.0012,-0.0016,-0.0059,-0.0109,-0.9199,-0.4954
6300,6.3,-0.0064,0.0006,-0.0032,-0.0014,0.103,0.1395
6301,6.301,-0.0033,-0.0022,-0.0083,-0.005,0.5175,0.2264
6302,6.302,-0.0059,-0.0019,-0.0012,-0.0018,0.3954,0.3048
6303,6.303,-0.0016,-0.0064,-0.0056,0.0013,0.5103,0.3756
6304,6.304,-0.0067,-0.0033,-0.0098,0.0022,0.4089,0.3122
6305,6.305,-0.006,0.0031,-0.0074,0.0031,0.6906,0.3705
6306,6.306,-0.0017,-0.0011,0.0004,0.0009,1.6277,1.0576
6307,6.307,-0.0045,-0.0004,-0.0047,0.0016,1.2548,0.5898
6308,6.308,0.0024,-0.0011,-0.0038,0.0033,0.2336,0.1627
6309,6.309,0.0052,0.0032,-0.0081,-0.0031,-0.4545,-0.2262
6310,6.31,0.0044,0.0003,-0.0058,-0.0005,-0.3319,-0.2979
6311,6.311,-0.0024,-0.0001,-0.0078,0.0002,-0.4461,-0.3627
6312,6.312,0.0041,0.0029,-0.0036,-0.0019,-0.5496,-0.3053
6313,6.313,-0.0001,0.0033,-0.0088,-0.0013,-0.4565,-0.2528
6314,6.314,0.0022,-0.0009,-0.0024,0.0016,-1.3927,-0.8776
6315,6.315,0.0002,0.002,-0.0066,-0.0019,-1.5177,-0.9633
6316,6.316,0.0033,0.0005,-0.006,-0.0069,-0.4963,-0.2659
6317,6.317,0.0005,0.0002,-0.008,-0.002,0.1925,0.2041
6318,6.318,-0.002,-0.0026,-0.005,-0.0003,0.3199,0.2907
6319,6.319,-0.0031,0.0032,-0.0068,-0.0007,0.4347,0.3688
6320,6.32,-0.0002,-0.0063,-0.0063,0.0018,0.5391,0.2991
6321,6.321,0.0008,-0.0025,-0.0061,0.0049,0.4463,0.2355
6322,6.322,0.0005,-0.0035,-0.0059,0.0021,1.0425,0.6422
6323,6.323,-0.0018,0.0019,-0.0041,-0.0004,1.7397,1.0122
6324,6.324,0.0001,0.0028,-0.0095,0.0006,0.8967,0.4834
6325,6.325,-0.0011,0.0003,-0.0059,-0.0024,-0.1254,-0.0106
6326,6.326,-0.0018,-0.0049,-0.004,-0.0042,-0.2652,-0.2042
6327,6.327,0.0015,0.0015,0.0001,0.001,-0.3914,-0.2632
6328,6.328,-0.0028,0.0007,0.0064,0.0048,-0.5059,-0.3168
6329,6.329,-0.0022,0,0.0054,0.0012,-0.4042,-0.2692
6330,6.33,-0.0048,-0.002,0.009,0.0008,-0.6857,-0.4004
6331,6.331,-0.0017,-0.0037,0.0053,0.0036,-1.7928,-0.996
6332,6.332,0.0003,0.0016,-0.0043,0.0011,-1.3412,-0.7411
6333,6.333,-0.0033,-0.002,-0.0058,0.0007,-0.1052,-0.0433
6334,6.334,0.0028,-0.0062,-0.0122,0.0028,0.3956,0.2392
6335,6.335,-0.0037,-0.0045,-0.0059,0.0018,0.4741,0.2735
6336,6.336,0.0005,-0.0016,-0.0071,-0.0008,0.626,0.3594
6337,6.337,-0.0017,0.0019,-0.0145,0.0002,0.4899,0.2826
6338,6.338,0.0003,0.0023,-0.0101,0.0032,0.366,0.2126
6339,6.339,0.002,0.0026,-0.0076,-0.0003,1.3856,0.916
6340,6.34,0.0025,0.0045,-0.0056,-0.0015,1.5231,0.8228
6341,6.341,-0.0011,0.0041,0.0007,-0.0027,0.4001,0.226
6342,6.342,-0.0008,0.0017,0.0015,-0.0002,-0.3572,-0.1627
6343,6.343,-0.0005,-0.0025,0.0036,0.003,-0.497,-0.2345
6344,6.344,-0.0024,0.0044,0.0084,0.0001,-0.3743,-0.4271
6345,6.345,-0.0001,0.0053,0.0088,0.0004,-0.489,-0.3697
6346,6.346,0.0022,0.001,0.0046,0.0043,-0.3874,-0.2116
6347,6.347,0.002,-0.0012,0.0103,-0.0025,-1.0434,-0.6441
6348,6.348,0.0002,-0.0048,0.0065,0.002,-1.8105,-1.051
6349,6.349,-0.0035,0.0021,0.0085,-0.0075,-0.8836,-0.4696
6350,6.35,-0.0114,0.0013,0.009,-0.0038,-0.0088,0.074
6351,6.351,-0.0104,0.0021,0.0118,-0.0048,0.3336,0.2865
6352,6.352,-0.0052,-0.0016,0.0092,-0.0018,0.438,0.3514
6353,6.353,-0.0061,-0.0023,0.0114,0.0027,0.5327,0.2941
6354,6.354,-0.0036,0.0059,0.0178,0.0002,0.4483,0.2419
6355,6.355,0,0.0027,0.017,-0.0005,0.6806,0.3863
6356,6.356,0.0007,-0.0004,0.0229,0.003,1.5952,1.0418
6357,6.357,0.0011,-0.0013,0.0236,-0.0012,1.2217,0.7613
6358,6.358,0.0006,0.0012,0.013,0.0016,0.1998,0.164
6359,6.359,0.0031,0.0019,-0.0039,0.0001,-0.2144,-0.2244
6360,6.36,-0,-0.0002,-0.0017,0.0022,-0.3414,-0.2958
6361,6.361,0.0028,0.0029,-0.0036,-0.0042,-0.4561,-0.3606
6362,6.362,0.0018,0.0011,-0.0092,-0.0107,-0.5601,-0.3032
6363,6.363,0.0021,-0.0015,-0.0074,-0.0185,-0.4675,-0.2507
6364,6.364,0.0024,-0.0011,-0.0058,-0.0155,-1.5745,-0.8752
6365,6.365,0.0025,-0.0059,-0.0016,-0.0091,-1.4248,-0.9607
6366,6.366,0.0018,-0.0029,-0.0027,-0.0032,-0.4642,-0.2632
6367,6.367,0.0019,-0.0025,-0.0036,0.0037,0.4108,0.2069
6368,6.368,0.0032,-0.0082,-0.0024,0.001,0.3001,0.2937
6369,6.369,0.003,-0.009,-0.0031,0.0087,0.6102,0.3718
6370,6.37,0.0041,-0.0139,-0.0022,0.0056,0.5178,0.3025
6371,6.371,0.0029,-0.0234,-0.0027,0.0083,0.4333,0.2391
6372,6.372,0.0042,-0.0194,-0.0061,0.0074,1.13,0.646
6373,6.373,0.0022,-0.003,-0.0029,-0.0026,1.5986,1.0162
6374,6.374,0.0034,0.0035,-0.0022,0.0043,0.832,0.4875
6375,6.375,-0.0004,0.0096,-0.0025,0.0006,-0.0978,-0.1473
6376,6.376,0.0031,0.0077,0.0007,0.0038,-0.2254,-0.234
6377,6.377,-0.0011,0.0093,-0.0003,0.0007,-0.3402,-0.3123
6378,6.378,0.0041,0.0017,-0.0043,-0.0039,-0.4444,-0.3832
6379,6.379,0.0021,0.0057,-0.0012,0.0039,-0.5389,-0.3196
6380,6.38,0.0026,0.0069,0.0005,0.0069,-0.6245,-0.3779
6381,6.381,0.0009,0.01,-0.0043,0.0041,-1.7857,-1.065
6382,6.382,0.0044,0.0027,-0.0006,0.0016,-1.289,-0.597
6383,6.383,-0.0006,0.0073,-0.0021,0.0009,-0.231,0.0003
6384,6.384,0.0014,-0.0022,-0.0023,0.0058,0.4579,0.2343
6385,6.385,0.0009,0.0065,0.0014,0.0027,0.3357,0.3057
6386,6.386,0.0004,-0.0013,-0.0006,0.0022,0.4504,0.3705
6387,6.387,-0.0021,-0.0003,-0.0024,-0.0014,0.5544,0.313
6388,6.388,0.004,0.0006,-0.0031,-0.0002,0.4615,0.2605
6389,6.389,-0.0019,0.0031,-0.0039,0.0009,1.3983,0.8853
6390,6.39,-0.0012,0.0037,0,0.0013,1.5235,0.8006
6391,6.391,0.0008,0.0044,-0.0048,-0.004,0.5027,0.2579
6392,6.392,0.0004,0.0039,0.0018,-0.0002,-0.1855,-0.2361
6393,6.393,-0.0037,0.0044,-0.0022,0.0047,-0.3125,-0.3014
6394,6.394,-0.0001,0.0018,-0.0013,0.0016,-0.4272,-0.3604
6395,6.395,-0.0012,0.0022,-0.0017,-0.0001,-0.5308,-0.3085
6396,6.396,-0,-0.0017,-0.0045,-0.0016,-0.4376,-0.261
6397,6.397,-0.001,-0.0053,-0.006,-0.0012,-1.0333,-0.6542
6398,6.398,0.0007,0.0016,-0.0011,-0.0009,-1.7301,-1.0241
6399,6.399,0.0031,-0.0036,0.0008,0.0001,-0.8869,-0.3993
6400,6.4,-0.0011,-0.0063,0.0026,0.0034,0.136,0.1984
6401,6.401,0.0006,-0.0004,0.0012,0.0073,0.2763,0.2774
6402,6.402,0.0002,0.0033,0.0026,0.0038,0.4031,0.3486
6403,6.403,-0.0023,-0.0002,-0.0037,-0.0032,0.518,0.2854
6404,6.404,-0.0045,0.0015,-0.0028,-0.0062,0.4165,0.2278
6405,6.405,-0.0016,-0.0037,-0.0002,-0.007,0.6981,0.3862
6406,6.406,-0.0012,-0.0001,0.0006,-0.0027,1.6353,1.011
6407,6.407,-0.0043,0.0004,-0.0071,-0.0034,1.013,0.5857
6408,6.408,-0.0004,-0.0024,0.0002,-0.0054,0.2183,0.0426
6409,6.409,-0.0018,0.0033,-0.0024,-0.0011,-0.2988,-0.1701
6410,6.41,-0.0006,0.0071,-0.0033,0.0065,-0.3941,-0.2354
6411,6.411,-0.0008,0.0022,0.0004,0.0035,-0.4802,-0.2942
6412,6.412,0.0002,0.0005,-0.006,0.0027,-0.5583,-0.3479
6413,6.413,-0.0014,0.0034,-0.0035,0.0018,-0.3479,-0.3004
6414,6.414,0.001,-0.0014,0.0017,-0.0019,-1.307,-0.9558
6415,6.415,0.0025,0.0003,-0.0048,0.0002,-1.4447,-0.8629
6416,6.416,0.0001,-0.0002,-0.0024,-0.0014,-0.571,-0.2664
6417,6.417,0.0019,-0.006,-0.0047,0.0027,0.2251,0.2769
6418,6.418,0.0061,-0.0053,-0.0027,0.0012,0.331,0.2081
6419,6.419,0.0004,-0.0004,0.0014,0.0001,0.6134,0.2727
6420,6.42,0.0042,-0.0034,-0.0016,0.0005,0.5299,0.3312
6421,6.421,-0.0022,-0.0005,-0.0032,0.0048,0.4536,0.1729
6422,6.422,-0.0013,0.0062,0.0017,-0.0015,1.0871,0.7013
6423,6.423,0.0009,0.0054,-0.0021,-0.0006,1.6837,1.053
6424,6.424,-0.004,-0.0023,-0.008,0.0016,0.8321,0.4768
6425,6.425,-0.0023,0.0007,-0.006,-0.0032,-0.1902,-0.0668
6426,6.426,-0.0028,-0.0019,-0.0112,0.0026,-0.33,-0.2795
6427,6.427,-0.0002,0.0059,-0.0045,0.0004,-0.4559,-0.3447
6428,6.428,-0.0014,0.0006,-0.0056,0.004,-0.5703,-0.2876
6429,6.429,0.0006,-0.0021,-0.0084,-0.0002,-0.4682,-0.2355
6430,6.43,-0.0012,-0.0012,-0.0065,-0.0019,-0.5622,-0.4762
6431,6.431,-0.0002,-0.0034,-0.0075,0.0029,-1.8394,-1.0445
6432,6.432,0.0015,-0.0013,-0.0072,-0.0014,-1.2925,-0.658
6433,6.433,0.0001,-0.0044,-0.0128,0.0027,-0.1292,-0.0236
6434,6.434,-0.0011,-0.0027,-0.0095,-0.004,0.3261,0.2334
6435,6.435,-0.0009,-0.0032,-0.0115,-0.0032,0.4653,0.3118
6436,6.436,0.0016,-0.0029,-0.0128,-0.001,0.5577,0.3158
6437,6.437,0.0018,0.0002,-0.0126,-0.0052,0.4341,0.2459
6438,6.438,0.0016,0.0005,-0.0062,-0.003,0.5478,0.31
6439,6.439,-0.0005,-0.002,-0.0074,-0.0009,1.4749,0.9492
6440,6.44,-0.0012,-0.0044,-0.0085,-0.0052,1.3511,0.8643
6441,6.441,-0.0005,0.0007,-0.0082,-0.0011,0.5567,0.1666
6442,6.442,-0.0037,0.0056,-0.0036,-0.0006,-0.1669,-0.1162
6443,6.443,-0.005,-0.0014,-0.0034,-0.0003,-0.4502,-0.203
6444,6.444,0.0014,0.0032,-0.0032,0.0026,-0.5369,-0.2815
6445,6.445,0.0006,-0.0011,-0.002,-0.001,-0.6155,-0.3526
6446,6.446,0.0014,-0.0018,-0.0012,-0.0052,-0.4058,-0.2892
6447,6.447,0.0036,-0.0011,-0.0018,-0.0047,-1.1097,-0.6962
6448,6.448,-0.0042,-0.0042,0.0014,-0.0022,-1.7658,-1.0664
6449,6.449,-0.0012,-0.007,-0.0001,-0.0034,-0.8292,-0.4416
6450,6.45,0.0052,-0.0148,0.0044,0.003,0.0459,0.156
6451,6.451,-0.0026,-0.0226,0.0058,0.0002,0.3883,0.2348
6452,6.452,-0.0037,-0.0069,0.0026,0.0011,0.4928,0.3059
6453,6.453,-0.001,-0.0003,0.0018,0.0047,0.5873,0.3705
6454,6.454,-0.0036,0.0017,0.0019,0.0027,0.5027,0.1966
6455,6.455,0.0001,0.0036,0.0055,0.0069,0.7351,0.355
6456,6.456,-0.0006,0.0087,0.0017,-0.0008,1.6499,0.9796
6457,6.457,-0.0064,0.0072,-0.0016,-0.0018,1.0271,0.7244
6458,6.458,-0.0071,0.0058,0.0029,0.0046,0.2316,0.0263
6459,6.459,-0.0136,0.007,0.0069,0.002,-0.2861,-0.2565
6460,6.46,-0.0077,0.0102,0.0062,-0.0033,-0.3817,-0.1726
6461,6.461,-0.0025,0.0113,0.0086,-0.0013,-0.4682,-0.2507
6462,6.462,0.001,0.0121,0.0096,0.0004,-0.5466,-0.3215
6463,6.463,0.0005,0.0062,0.0066,-0.0037,-0.3365,-0.258
6464,6.464,0.0033,0.004,0.0106,-0.0022,-1.2961,-0.8975
6465,6.465,0.0018,0.002,0.0017,-0.0045,-1.434,-0.813
6466,6.466,0.0048,0.0025,-0.0021,-0.0084,-0.5604,-0.2703
6467,6.467,0.0076,0.0008,0.0034,-0.0162,0.2351,0.2236
6468,6.468,0.0086,0.0024,0.0085,-0.0131,0.34,0.2892
6469,6.469,0.0033,0.0002,0.0076,-0.0036,0.4346,0.3482
6470,6.47,0.004,-0.0001,0.0101,0.0026,0.5205,0.2961
6471,6.471,-0.001,0.0003,0.017,0.0036,0.4434,0.2486
6472,6.472,0.0007,-0.0029,0.0197,0.0025,1.0764,0.7292
6473,6.473,0.0071,-0.0008,0.0172,-0.0021,1.6725,0.9217
6474,6.474,0.0079,0.0011,0.0209,0.0073,0.8202,0.3984
6475,6.475,0.0026,0.0008,0.023,0.0084,-0.2027,-0.0952
6476,6.476,0.0047,-0.0009,0.0225,0.0074,-0.3429,-0.2886
6477,6.477,0.0029,0.0022,0.0138,0.0063,-0.4698,-0.3476
6478,6.478,-0.0011,-0.0042,-0.0025,0.0055,-0.5847,-0.2954
6479,6.479,0.0014,-0.0014,-0.0046,0.0029,-0.4831,-0.2476
6480,6.48,0.0026,0.0045,-0.0065,0.005,-0.7647,-0.4661
6481,6.481,0.0005,0.0009,-0.0045,0.003,-1.7017,-1.0617
6482,6.482,0.0002,-0.0027,-0.0061,0.0035,-1.0795,-0.6361
6483,6.483,-0.0044,-0.0009,-0.0044,-0.0018,-0.0579,-0.0927
6484,6.484,-0.0002,-0.0038,-0.0029,-0.0067,0.356,0.2609
6485,6.485,-0.0019,-0.0002,-0.0039,0.0015,0.4825,0.3262
6486,6.486,-0.0024,0.0002,-0.0026,0.0005,0.5967,0.2692
6487,6.487,-0.0021,-0.0045,-0.0034,0.0015,0.4946,0.3226
6488,6.488,0.0018,-0.0002,-0.0059,-0.0012,0.4012,0.2749
6489,6.489,0.0003,0.0015,-0.0048,-0.0004,1.5079,0.9304
6490,6.49,0.0015,0.0041,-0.0023,0.0033,1.3577,0.8376
6491,6.491,0.0003,-0.0009,-0.0056,0.0013,0.396,0.2408
6492,6.492,-0.0016,0.0055,-0.0071,0.003,-0.2303,-0.1479
6493,6.493,-0.0019,0.003,0.0008,0.0001,-0.3461,-0.2195
6494,6.494,-0.0036,0.0037,0.0001,0.0016,-0.4508,-0.2841
6495,6.495,0.0006,-0.0026,-0.0081,0.0038,-0.5457,-0.3427
6496,6.496,0.0011,-0.0018,-0.0046,0.0042,-0.4615,-0.1846
6497,6.497,-0.0029,-0.0055,-0.0053,0.0023,-1.1586,-0.7132
6498,6.498,0.0029,-0.0062,-0.0005,-0.0009,-1.8149,-1.0651
6499,6.499,-0.0024,-0.0004,-0.0027,0.003,-0.708,-0.3611
6500,6.5,-0.0003,-0.0025,-0.0018,-0.0005,0.0491,0.109
6501,6.501,0.0014,-0.0031,-0.0051,0.0007,0.4631,0.1959
6502,6.502,-0.0027,-0.0014,-0.0053,-0.0057,0.5893,0.2742
6503,6.503,0.0021,-0.0019,-0.0046,-0.0103,0.4772,0.3452
6504,6.504,0.0026,-0.0043,-0.0028,-0.0008,0.3753,0.2818
6505,6.505,-0.0002,0.0008,-0.0048,0.0004,0.6566,0.4561
6506,6.506,0.0045,-0.0027,-0.0006,0.0014,1.7637,1.0375
6507,6.507,-0.0012,0.0016,-0.002,-0.0016,1.0101,0.6507
6508,6.508,0.001,-0.0001,-0.004,-0.0007,0.048,0.0163
6509,6.509,0.0004,0.0004,-0.0058,0.0002,-0.3283,-0.2406
6510,6.51,-0.0013,-0.0026,-0.0067,0.0024,-0.4435,-0.3192
6511,6.511,0.0004,0.0038,-0.0056,0.0017,-0.5478,-0.2498
6512,6.512,0.001,0.003,-0.0058,0.0034,-0.4554,-0.3143
6513,6.513,0.0007,0.0039,-0.0026,0.0018,-0.371,-0.2566
6514,6.514,-0.004,-0.0076,-0.0037,0.0003,-1.532,-0.9437
6515,6.515,-0.0023,-0.0059,-0.0026,-0.0019,-1.3669,-0.8506
6516,6.516,0.0018,-0.0014,-0.0029,0.0011,-0.3099,-0.254
6517,6.517,-0.0017,-0.0055,-0.0038,0.0008,0.3784,0.1345
6518,6.518,0.0014,-0.0044,-0.0007,0.0018,0.5052,0.2059
6519,6.519,-0.0015,-0.0034,-0.0036,-0.0005,0.6199,0.2704
6520,6.52,-0.0011,-0.0004,-0.0046,0.0038,0.5182,0.3289
6521,6.521,-0.0007,-0.005,-0.0098,0.0022,0.4254,0.1708
6522,6.522,0.0003,-0.0009,-0.0091,-0.0018,1.1919,0.6991
6523,6.523,-0.0004,-0.0002,-0.0085,-0.0013,1.7075,0.9102
6524,6.524,-0.0015,0.0017,-0.0043,-0,0.6772,0.4618
6525,6.525,0.0002,-0.0014,-0.0038,-0.0012,-0.0112,-0.0634
6526,6.526,-0.0011,-0.001,-0.0014,-0.0021,-0.3878,-0.276
6527,6.527,-0.001,0.0025,-0.0066,0.0018,-0.5027,-0.3413
6528,6.528,-0.0001,0.0036,-0.0061,-0.0039,-0.6067,-0.2842
6529,6.529,0.0025,0.0023,-0.0068,-0.0001,-0.5139,-0.2322
6530,6.53,0.0001,0.0012,-0.0087,-0.0079,-0.7697,-0.4729
6531,6.531,0.0018,0.0035,-0.0104,-0.0006,-1.776,-1.0414
6532,6.532,0.0005,0.0038,-0.0084,-0.0032,-1.0907,-0.6549
6533,6.533,-0.0002,-0.0005,-0.0066,-0.0024,-0.2158,-0.0206
6534,6.534,-0.0009,0.0024,-0.0111,-0.0045,0.3537,0.2361
6535,6.535,0.0005,-0.0029,-0.0096,-0.0066,0.4588,0.3143
6536,6.536,-0.0022,-0.0009,-0.0074,0.0004,0.5539,0.385
6537,6.537,-0.0022,-0.0012,-0.0121,0.0016,0.513,0.293
6538,6.538,0.0002,0.0004,-0.0073,0.0043,0.4286,0.2292
6539,6.539,0.0019,0.0079,-0.0056,0.0035,1.5899,0.9844
6540,6.54,0.0006,0.0026,-0.0064,0.0057,1.425,0.8817
6541,6.541,-0.0001,0.0034,-0.0096,-0.0007,0.3679,0.225
6542,6.542,0.0021,0.0042,-0.0063,0.0002,-0.3204,-0.2028
6543,6.543,-0.0009,0.0019,-0.0036,-0.0005,-0.4473,-0.2817
6544,6.544,0.0011,0.0067,-0.0035,-0.0012,-0.5617,-0.3531
6545,6.545,-0.0008,0.0097,-0.002,0.0031,-0.4598,-0.2902
6546,6.546,0.0016,0.0008,-0.002,0.0014,-0.3669,-0.2328
6547,6.547,-0.0014,-0.0183,0.0001,-0.0001,-1.1331,-0.8142
6548,6.548,0.0011,-0.0265,0.004,0.0021,-1.8544,-1.0471
6549,6.549,0.0008,-0.0093,0.0054,0.0009,-0.8239,-0.4139
6550,6.55,0.0032,-0.0028,0.0046,0.0019,0.1389,0.1834
6551,6.551,-0.001,-0.017,-0.0005,0.0015,0.5156,0.262
6552,6.552,-0.0005,-0.0227,-0.0013,0.0005,0.4043,0.3328
6553,6.553,-0.0009,-0.0041,0.0013,-0.0014,0.5087,0.3972
6554,6.554,-0.0035,0.0082,0.0025,0.0003,0.416,0.2232
6555,6.555,-0.0023,0.0103,0.0019,0.0015,0.6717,0.4871
6556,6.556,0.0025,0.0083,0.008,-0.0009,1.6781,1.0157
6557,6.557,-0.0044,0.0101,0.0105,0.0015,0.9931,0.5235
6558,6.558,-0.0017,0.0084,0.0144,0.0008,0.1184,0.0742
6559,6.559,-0.0026,0.0068,0.0148,-0.0026,-0.2243,-0.2184
6560,6.56,-0.0019,-0.0084,0.0068,0.0004,-0.3291,-0.2726
6561,6.561,-0.0012,-0.0146,0.0056,-0.0035,-0.424,-0.3215
6562,6.562,0.0005,-0.0053,-0.0031,0,-0.51,-0.2785
6563,6.563,0.001,0.0133,-0.0066,-0.0069,-0.4331,-0.3184
6564,6.564,0.0046,0.011,-0.0058,-0.0164,-1.4881,-0.8597
6565,6.565,0.0034,0.0132,-0.0051,-0.0153,-1.3383,-0.7829
6566,6.566,0.0013,0.0111,-0.0061,-0.0049,-0.3768,-0.1488
6567,6.567,-0.0012,0.0056,-0.007,-0.0009,0.2495,0.2787
6568,6.568,-0.0002,0.0106,-0.0051,0.0028,0.3651,0.2027
6569,6.569,0.0008,0.0091,-0.0047,0.0038,0.4692,0.2737
6570,6.57,0.0001,0.0051,-0.0077,0.0048,0.564,0.3383
6571,6.571,0.0008,0.0063,-0.0042,0.0002,0.3094,0.1644
6572,6.572,0.0001,0.0053,0.0026,0.0027,1.1608,0.7457
6573,6.573,-0.0004,0.0084,0.0078,-0.0025,1.7277,0.9783
6574,6.574,0.0015,0.0058,0.0086,0.0039,0.8002,0.3449
6575,6.575,0.0037,-0.0001,0.0111,0.0013,-0.0749,-0.0823
6576,6.576,-0.0006,0.0068,0.0148,0.005,-0.4173,-0.3159
6577,6.577,-0.0023,0.0023,0.0112,0.0057,-0.522,-0.2465
6578,6.578,0.0029,0.0032,0.003,-0.0013,-0.4298,-0.3111
6579,6.579,-0.0006,-0.002,-0.0002,0.0014,-0.5157,-0.2533
6580,6.58,0.0011,-0.0068,0.0071,-0.0029,-0.7484,-0.5174
6581,6.581,0.0005,-0.011,0.0063,0.0024,-1.804,-1.0459
6582,6.582,0.001,-0.0081,0.0123,0.0072,-1.0504,-0.5536
6583,6.583,-0.0032,-0.0158,0.0146,0.0003,-0.0883,0.0238
6584,6.584,-0.0004,-0.0235,0.0154,-0.0006,0.2882,0.2579
6585,6.585,0.0043,-0.0162,0.0186,-0.0014,0.4035,0.3296
6586,6.586,-0.0026,-0.0021,0.0204,0.0023,0.5076,0.2667
6587,6.587,-0.0018,0.0041,0.0138,0.0002,0.4148,0.3256
6588,6.588,-0.0027,0.0098,-0,0.0032,0.5005,0.2733
6589,6.589,-0.002,0.0048,-0.0059,-0.0008,1.5066,0.8981
6590,6.59,0.0029,0.0033,-0.0039,-0.0003,1.3704,0.8137
6591,6.591,0.0023,0.0048,-0.0087,0.0027,0.4963,0.1164
6592,6.592,0.0006,0.0086,-0.007,0.0015,-0.2999,-0.1661
6593,6.593,0.0021,0.0164,-0.0054,0.0033,-0.4054,-0.2525
6594,6.594,0.0018,0.0092,-0.0063,-0.0013,-0.5006,-0.3304
6595,6.595,-0.0047,0.0029,-0.005,0.0004,-0.587,-0.4011
6596,6.596,-0.0039,0.0004,-0.0017,0.0033,-0.3556,-0.2095
6597,6.597,-0.0098,-0.0033,-0.006,0.0038,-1.1294,-0.7324
6598,6.598,-0.0105,0.0003,-0.005,0.0016,-1.6451,-0.9435
6599,6.599,-0.0098,-0.0013,-0.0054,-0.0013,-0.8019,-0.367
6600,6.6,-0.0041,-0.0017,-0.0031,0.0005,0.2205,0.1768
6601,6.601,-0.0019,-0.0022,-0.0059,0.0037,0.3602,0.2492
6602,6.602,-0.0013,-0.0009,-0.0028,-0.0027,0.4862,0.3143
6603,6.603,-0.0007,-0.0064,-0.001,-0.0054,0.6003,0.3734
6604,6.604,0.0033,-0.0042,-0.003,-0.0012,0.498,0.2158
6605,6.605,0.0049,-0.0076,-0.0008,-0.0065,0.7791,0.4565
6606,6.606,0.0027,0.0008,-0.0024,-0.0029,1.7158,1.025
6607,6.607,0.0066,-0.0024,-0.0032,0.004,1.0928,0.6384
6608,6.608,0.005,-0.0013,-0.002,-0.0005,0.0707,0.0039
6609,6.609,0.002,-0.0004,-0.0025,0.0004,-0.3437,-0.2527
6610,6.61,0.0023,-0.0062,-0.0022,0.001,-0.4704,-0.331
6611,6.611,0.0013,-0.001,-0.0027,0.0017,-0.5848,-0.4017
6612,6.612,0.0037,-0.003,-0.0058,0.0034,-0.4832,-0.338
6613,6.613,0.002,-0.0046,-0.0014,0.0017,-0.3906,-0.2801
6614,6.614,0.0001,-0.0051,-0.0042,-0.006,-1.6678,-0.9667
6615,6.615,0.0003,-0.0035,-0.0046,-0.005,-1.4864,-0.8733
6616,6.616,0.004,-0.0038,-0.0115,-0.002,-0.3238,-0.106
6617,6.617,0.0035,-0.0017,-0.0062,-0.0047,0.4331,0.2048
6618,6.618,0.0005,-0.0007,-0.0088,-0.0004,0.2983,0.2999
6619,6.619,0.0001,-0.0017,-0.0079,0.0003,0.4241,0.3859
6620,6.62,0.0059,-0.0061,-0.0101,-0.0017,0.5382,0.3093
6621,6.621,-0,0.0027,-0.0065,-0,0.4359,0.2396
6622,6.622,0.0007,0.0039,-0.0059,-0.0017,1.0911,0.6874
6623,6.623,-0,0.0049,-0.0123,-0.0042,1.5174,0.9784
6624,6.624,-0.0017,0.0039,-0.0081,0,0.6653,0.397
6625,6.625,-0.0012,0.0011,-0.0073,0.0017,-0.1307,-0.1464
6626,6.626,0.0014,0.002,-0.0094,0.0053,-0.4422,-0.2181
6627,6.627,-0.0008,0.0042,-0.0051,0.0023,-0.5378,-0.2829
6628,6.628,0.002,0.0022,-0.0035,-0.0006,-0.4541,-0.3415
6629,6.629,0.0017,0.0004,-0.0113,0.0013,-0.3777,-0.2891
6630,6.63,0.0069,-0.0001,-0.0081,0.0045,-0.7299,-0.5294
6631,6.631,0,-0.0016,-0.0072,0.0006,-1.6899,-1.0976
6632,6.632,0.0027,0.0014,-0.0099,-0.0019,-1.0049,-0.5558
6633,6.633,0.0019,-0.0015,-0.0109,0.0042,-0.1302,-0.0619
6634,6.634,-0.0003,-0.0051,-0.0116,0.0033,0.4392,0.2597
6635,6.635,0.0003,-0.0064,-0.011,0.0011,0.5438,0.3189
6636,6.636,0.0034,-0.0025,-0.0081,0.0018,0.4513,0.3724
6637,6.637,0.0005,-0.002,-0.0077,0.0013,0.5374,0.3249
6638,6.638,0.0003,-0.0035,-0.0032,0.0045,0.4616,0.2964
6639,6.639,-0.0002,-0.0024,-0.0059,0.0004,1.6226,0.9517
6640,6.64,-0.0005,-0.0012,-0.0121,-0.0011,1.4575,0.8586
6641,6.641,-0.0044,0.0013,-0.0097,0,0.4002,0.2616
6642,6.642,-0.0019,0.0036,-0.012,-0.0003,-0.2882,-0.2819
6643,6.643,-0.0015,0.0012,-0.0043,0.0015,-0.415,-0.2129
6644,6.644,-0.0036,0.0054,-0.0034,0.0025,-0.5298,-0.2776
6645,6.645,-0.0026,0.0059,-0.0009,-0.0026,-0.6339,-0.3363
6646,6.646,-0.0058,0.0053,0.0085,-0.0019,-0.3539,-0.284
6647,6.647,-0.0019,-0.0015,0.0096,-0.0024,-1.2903,-0.9086
6648,6.648,0.0006,-0.0008,0.0063,-0.0019,-1.6649,-0.994
6649,6.649,0.0018,-0.0017,0.0072,-0.0015,-0.6445,-0.4517
6650,6.65,-0.0047,0.0005,0.0098,-0.0003,0.3182,0.1833
6651,6.651,-0.0111,0.0024,0.0072,-0.0015,0.4455,0.27
6652,6.652,-0.0136,-0.0071,0.0108,-0.0005,0.5603,0.3482
6653,6.653,-0.0114,-0.0002,0.0059,0.0027,0.4589,0.2787
6654,6.654,-0.005,0.0009,0.01,-0.0038,0.3664,0.2152
6655,6.655,-0.0025,-0.0023,0.0117,-0.0123,0.7925,0.5059
6656,6.656,-0.0003,-0.0014,0.0132,-0.0133,1.6443,1.0873
6657,6.657,0.0061,0.0031,0.0101,-0.0081,1.0783,0.5458
6658,6.658,0.0019,0.0005,0.0148,-0.0054,0.1492,0.0521
6659,6.659,0.0056,-0.0002,0.0053,0.0005,-0.4767,-0.2694
6660,6.66,0.0007,0.0047,0.0039,-0.0017,-0.3654,-0.3286
6661,6.661,0.0012,0.0029,0.0076,0.0032,-0.4694,-0.2765
6662,6.662,-0.0005,0,0.0154,0.0037,-0.5636,-0.3252
6663,6.663,-0,-0.0005,0.0165,-0.0004,-0.479,-0.2819
6664,6.664,0.0042,0.0037,0.0192,0.0031,-1.6397,-0.8775
6665,6.665,0.0025,-0.0004,0.0115,0.0009,-1.4747,-0.7929
6666,6.666,0.002,-0.001,-0.0022,-0.0011,-0.417,-0.0955
6667,6.667,0.0016,0.0032,-0.004,0.0014,0.2722,0.1872
6668,6.668,0.0019,0.0015,-0.0022,0.003,0.3996,0.2736
6669,6.669,0,-0,-0.0067,0.0081,0.5143,0.3517
6670,6.67,0.001,0.0022,-0.0025,0.0017,0.6183,0.2821
6671,6.671,0,-0.0007,-0.0013,0.0008,0.3387,0.2184
6672,6.672,0.0018,-0.0004,-0.0067,0.0045,1.2756,0.7415
6673,6.673,0.0006,0.0049,-0.0076,0.0025,1.6503,0.9526
6674,6.674,-0.0016,-0.0066,-0.0047,0.003,0.6301,0.3765
6675,6.675,0.0014,-0.0185,-0.0037,-0.0023,-0.0579,-0.1671
6676,6.676,0.0043,-0.0109,-0.0043,-0.0003,-0.434,-0.239
6677,6.677,0.0024,-0.0012,-0.0021,-0.0008,-0.5484,-0.304
6678,6.678,0.0014,-0.005,0.0039,0.0021,-0.4466,-0.3628
6679,6.679,-0.0003,0.0076,-0.0012,-0.0026,-0.3536,-0.2051
6680,6.68,0.0027,0.0025,0.0011,0.0016,-0.7792,-0.5416
6681,6.681,-0.0012,0.004,0.003,0.0021,-1.7854,-1.11
6682,6.682,0.0035,-0.0056,-0.0021,-0.0015,-1.0999,-0.5685
6683,6.683,0.0018,0.0057,-0.0011,0.0007,0.0248,0.0662
6684,6.684,0.0001,-0.0019,0.0008,0.0028,0.4805,0.3231
6685,6.685,0.0016,0.0051,-0.0054,0.0024,0.346,0.2469
6686,6.686,0.0019,0.0014,-0.0043,-0.0008,0.472,0.3179
6687,6.687,-0.002,0.0024,-0.0063,-0.0005,0.5865,0.2546
6688,6.688,-0.0025,0.0055,-0.0025,-0.0001,0.4846,0.3128
6689,6.689,-0.0013,0.0064,-0.0039,0.0022,1.5149,0.9998
6690,6.69,0.0015,0.0056,-0.0008,-0.0022,1.379,0.7194
6691,6.691,0.0041,0.0093,-0.001,0.0054,0.2559,0.1224
6692,6.692,-0.0012,0.0045,-0.0011,0.0044,-0.199,-0.2663
6693,6.693,0.001,0.004,-0.0056,-0.0001,-0.3381,-0.1976
6694,6.694,0.0045,0.0069,-0.007,0.0041,-0.4638,-0.2625
6695,6.695,0.0028,0.0044,-0.0038,0.0004,-0.5778,-0.3212
6696,6.696,0.0012,0.0002,-0,-0.0032,-0.2695,-0.269
6697,6.697,-0.0014,0.002,-0.0048,-0.0001,-1.2994,-0.7976
6698,6.698,-0.0036,0.0005,-0.001,-0.0089,-1.7113,-1.0091
6699,6.699,0.0003,-0.0007,-0.0025,-0.0026,-0.5887,-0.3051
6700,6.7,-0.0012,-0.0071,-0.0027,0.003,0.1685,0.1648
6701,6.701,-0.0015,-0.0062,-0.002,0.006,0.3085,0.2516
6702,6.702,-0.0018,0.0017,-0.0006,0.0015,0.4348,0.3298
6703,6.703,0.0008,0.0027,-0.0043,0.0057,0.5494,0.2603
6704,6.704,-0.0024,0.0001,-0.0016,0.0005,0.4475,0.1967
6705,6.705,-0.0027,0.0009,-0.0011,-0.0059,0.7287,0.4873
6706,6.706,-0.003,0.0003,-0.0039,-0.0034,1.6656,1.0688
6707,6.707,-0.0026,-0.0017,-0.0012,-0.0056,1.0427,0.5271
6708,6.708,0.0005,0.0001,-0.0015,-0.0006,0.0205,0.0333
6709,6.709,-0.002,-0.0004,-0.0031,0.0024,-0.3934,-0.2882
6710,6.71,0.0004,-0.0008,-0.0028,0.0042,-0.5201,-0.2313
6711,6.711,0.0007,0.0005,-0.0021,-0.0035,-0.408,-0.2848
6712,6.712,0.0021,0.0017,0.0001,0.0043,-0.5117,-0.2373
6713,6.713,0.0009,-0.004,-0.0041,-0.0029,-0.4186,-0.2813
6714,6.714,-0.0028,0.0002,-0.0058,-0.0074,-1.6956,-0.877
6715,6.715,0.002,-0.0067,0.0006,0.0005,-1.5141,-0.7923
6716,6.716,0.0025,-0.0075,-0.0037,0.0058,-0.3517,-0.0945
6717,6.717,0.0021,-0.0049,-0.0031,-0.0026,0.4052,0.1882
6718,6.718,-0.0015,0.0003,-0.0026,-0.0016,0.5447,0.2747
6719,6.719,-0.0003,-0.0032,-0.0069,-0.0005,0.4214,0.3531
6720,6.72,0.0018,-0.0049,-0.0054,-0.0013,0.5355,0.2838
6721,6.721,-0.004,0.0016,-0.0061,0.0013,0.4331,0.2202
6722,6.722,0.0003,0.0025,-0.0051,-0.0024,1.2757,0.7435
6723,6.723,0.0055,0.0018,-0.0041,-0.0044,1.616,0.9548
6724,6.724,0.002,-0.0046,-0.0024,0.0025,0.6881,0.3787
6725,6.725,-0.0022,0.0031,-0.0065,-0.0002,-0.1872,-0.1648
6726,6.726,0.0007,0.0042,-0.0103,-0.0061,-0.3033,-0.2366
6727,6.727,0.0002,-0.0004,-0.0075,-0.0008,-0.4083,-0.3016
6728,6.728,-0.002,0.0022,-0.0065,0.0028,-0.5033,-0.3602
6729,6.729,-0.0008,0.0015,-0.0125,0.0011,-0.4192,-0.2023
6730,6.73,0.0002,-0.0034,-0.0068,0.004,-0.8066,-0.5387
6731,6.731,0.0048,-0.0017,-0.0077,0.0025,-1.8624,-1.1069
6732,6.732,0.0006,-0.0046,-0.0031,0.0013,-1.1089,-0.5653
6733,6.733,-0.0011,0.0022,-0.0091,0.0025,-0.1468,0.0695
6734,6.734,-0.0006,-0.01,-0.0087,0.0044,0.4787,0.1565
6735,6.735,-0.0037,-0.005,-0.0083,0.0027,0.3673,0.2351
6736,6.736,0.0028,-0.0035,-0.0056,0.0044,0.471,0.306
6737,6.737,-0.0018,0.0006,-0.0087,0.0037,0.5651,0.2426
6738,6.738,0.0024,-0.0032,-0.0105,-0.0002,0.4802,0.3008
6739,6.739,-0.0017,-0.0002,-0.0105,-0.0033,1.6043,0.9865
6740,6.74,-0.001,-0.0013,-0.012,-0.0028,1.2177,0.7227
6741,6.741,0.001,0.006,-0.0134,-0.0075,0.3011,0.1929
6742,6.742,0.0027,-0.0025,-0.0087,-0.0018,-0.3251,-0.1606
6743,6.743,-0.0002,-0.0036,-0.0125,0.0034,-0.4406,-0.2261
6744,6.744,-0.0027,0.0058,-0.007,-0.0001,-0.5453,-0.2848
6745,6.745,-0.0039,-0.0006,-0.0036,-0.0018,-0.4533,-0.3383
6746,6.746,-0,0.0004,-0.0003,0.0022,-0.3694,-0.1947
6747,6.747,-0.0016,0.0013,-0.0023,-0.0004,-1.2212,-0.8501
6748,6.748,-0.0067,0.004,0.0027,-0.0007,-1.5621,-0.9441
6749,6.749,-0.0145,-0.0003,0.0031,0.0031,-0.6348,-0.3477
6750,6.75,-0.0115,-0.0041,0.0024,-0.0016,0.2402,0.1958
6751,6.751,-0.005,-0.0006,0.0062,0.0001,0.3559,0.2674
6752,6.752,0.0009,0.001,0.0065,0.0017,0.46,0.3323
6753,6.753,-0.0029,0.0014,0.0059,0.0064,0.5547,0.2749
6754,6.754,0.002,0.0008,0.0037,-0.0031,0.4703,0.2225
6755,6.755,0.0037,-0.0043,0.007,0.001,0.8575,0.5588
6756,6.756,0.0031,-0.0008,0.009,-0.0028,1.7721,1.0394
6757,6.757,0.0026,-0.0103,0.0092,-0.0106,0.8999,0.5916
6758,6.758,0.0038,-0.0173,0.0116,-0.0179,0.1044,-0.0493
6759,6.759,0.0076,-0.0086,0.0111,-0.0134,-0.4132,-0.3063
6760,6.76,0.0041,0.0017,0.0093,-0.0039,-0.5088,-0.2302
6761,6.761,0.0044,0.0086,0.0098,-0.0102,-0.5954,-0.3012
6762,6.762,0.0032,0.0097,0.0136,-0.0134,-0.5191,-0.2379
6763,6.763,0.0013,0.0129,0.0152,-0.0124,-0.4496,-0.2962
6764,6.764,0.0017,0.0076,0.0104,-0.006,-1.409,-1.0888
6765,6.765,0.0006,0.003,0.0099,0.0017,-1.2729,-0.7496
6766,6.766,-0.0007,-0.0013,0.0174,0.0047,-0.3993,-0.2338
6767,6.767,-0.0019,0.0008,0.0184,0.0074,0.3965,0.0486
6768,6.768,0.0018,0.0029,0.0211,0.0066,0.502,0.1349
6769,6.769,0.0002,-0.0014,0.0236,0.0059,0.5968,0.3676
6770,6.77,0.0014,0.0038,0.0167,0.0123,0.5126,0.2978
6771,6.771,0.0034,0.0031,0.0045,0.008,0.4357,0.2339
6772,6.772,-0.0008,0.0048,-0.0073,0.0087,1.2095,0.8731
6773,6.773,-0.0013,0.0043,-0.0027,0.0122,1.5188,0.9585
6774,6.774,0.0002,-0.0035,-0.0041,0.0065,0.675,0.416
6775,6.775,-0.0002,-0.0112,-0.0052,0.0042,-0.1208,-0.078
6776,6.776,-0.0022,-0.0165,-0.002,0.0022,-0.4324,-0.2715
6777,6.777,-0.0019,-0.0024,-0.0049,0.0039,-0.5276,-0.3306
6778,6.778,-0.0009,0.0077,-0.0057,-0.0026,-0.614,-0.2786
6779,6.779,0.0001,0.0059,-0.0014,-0.0001,-0.3829,-0.2311
6780,6.78,0.0039,0.0042,-0.0006,0.0006,-0.8754,-0.5369
6781,6.781,0.0044,0.0057,-0.0025,-0.0014,-1.8354,-1.0535
6782,6.782,-0.0007,0.0098,0.0019,0.0069,-0.876,-0.5615
6783,6.783,-0.0042,0.0061,-0.0032,0.0013,-0.0013,0.0156
6784,6.784,0.0015,0.0052,-0.0024,0.0043,0.3412,0.2494
6785,6.785,0.0022,0.0042,-0.0039,-0.0002,0.4461,0.3207
6786,6.786,0.0015,0.0069,-0.0054,0.0006,0.5409,0.3854
6787,6.787,-0.0027,0.0011,-0.0037,0.0013,0.4567,0.328
6788,6.788,0.0002,0.0064,-0.0058,0.002,0.5346,0.3811
6789,6.789,-0.0013,0.0029,-0.0076,0.0025,1.5898,1.0059
6790,6.79,-0.0017,-0.0013,-0.0023,0.0008,1.1381,0.7512
6791,6.791,0.0022,0.0075,-0.0041,-0.0018,0.1762,0.2084
6792,6.792,0.0037,0.0088,-0.0056,-0.0006,-0.2005,-0.2853
6793,6.793,-0.0005,0.0032,-0.0071,-0.0045,-0.3162,-0.2225
6794,6.794,-0.001,-0.002,-0.0022,0.0013,-0.4205,-0.281
6795,6.795,-0.0025,0.0008,-0.0062,-0.0009,-0.5151,-0.3343
6796,6.796,-0.0021,-0.007,-0.0054,-0.0002,-0.4304,-0.2865
6797,6.797,0.0008,-0.0017,-0.01,-0.0044,-1.2819,-0.8543
6798,6.798,0.0043,-0.0025,-0.0081,0.0044,-1.6224,-0.9319
6799,6.799,0.0001,-0.0033,-0.0073,-0.0018,-0.6944,-0.2979
6800,6.8,-0.0004,-0.0054,-0.0067,-0.0028,0.1808,0.1299
6801,6.801,0.0022,-0.0047,-0.0077,0.0002,0.2969,0.2093
6802,6.802,-0.0008,-0.0016,-0.0046,-0.0043,0.4011,0.281
6803,6.803,0.0048,-0.0032,-0.0095,0.0016,0.4957,0.346
6804,6.804,0.0026,-0.0047,-0.0058,-0.0005,0.4112,0.2887
6805,6.805,-0.0009,-0.0024,-0.0099,-0.0012,0.7984,0.5532
6806,6.806,0.0034,-0.0044,-0.0046,0.0031,1.7133,0.9864
6807,6.807,-0.0042,-0.0008,-0.0065,-0.0009,0.8411,0.4636
6808,6.808,-0.0011,-0.0019,-0.0069,-0.0044,0.0456,-0.0298
6809,6.809,-0.0003,-0.0016,-0.0039,-0.0065,-0.266,-0.223
6810,6.81,-0.0045,-0.0005,-0.0034,-0.0009,-0.3613,-0.2819
6811,6.811,-0.0037,0.0019,-0.0045,-0.0015,-0.4479,-0.3349
6812,6.812,-0.0017,0.0037,-0.0084,0.0005,-0.5263,-0.287
6813,6.813,-0.0033,-0.0005,-0.0059,0.0036,-0.4566,-0.3306
6814,6.814,0.0007,-0.0035,-0.0071,0.0008,-1.4161,-0.9258
6815,6.815,0.0033,-0.0018,-0.0068,-0.0049,-1.2797,-0.6705
6816,6.816,0.0046,-0.0053,-0.0044,0.0003,-0.4053,-0.1272
6817,6.817,-0.0018,-0.0083,-0.0028,-0.0089,0.3904,0.2265
6818,6.818,-0.001,-0.0035,0.0022,-0.0001,0.4959,0.2922
6819,6.819,0.0016,-0.003,0.0069,-0.001,0.5908,0.3513
6820,6.82,-0.0036,-0.0058,0.0125,0.0063,0.5067,0.2996
6821,6.821,-0.0029,0.0021,0.0116,-0.0021,0.4298,0.2524
6822,6.822,0.0002,0.0031,0.012,0.0011,1.3444,0.8208
6823,6.823,-0.0003,0.0001,0.0087,0.0022,1.4695,0.899
6824,6.824,0.0012,0.001,0.0031,0.003,0.6753,0.2656
6825,6.825,0.0024,-0.0016,-0.0021,0.0039,-0.2546,-0.1616
6826,6.826,0.0013,0.0006,-0.0067,0.0032,-0.382,-0.2401
6827,6.827,0.0003,0.0026,-0.0087,0.0053,-0.4968,-0.3109
6828,6.828,-0.0014,0.0009,-0.0085,0.0011,-0.6008,-0.3753
6829,6.829,-0.0038,-0.0007,-0.0118,-0.0018,-0.3207,-0.2011
6830,6.83,-0.0007,-0.0023,-0.011,-0.0003,-0.9169,-0.5707
6831,6.831,0.0005,-0.0073,-0.0088,-0.0033,-1.7688,-1.0032
6832,6.832,-0.0021,-0.0009,-0.0144,-0.0013,-0.9761,-0.4798
6833,6.833,0.0032,-0.0052,-0.0125,0.0006,-0.0463,0.0143
6834,6.834,0.001,-0.003,-0.0122,0.0002,0.3303,0.2081
6835,6.835,0.003,-0.005,-0.0121,-0.0008,0.4452,0.2675
6836,6.836,0.0025,0.0007,-0.013,0.0017,0.5495,0.3212
6837,6.837,-0.0004,0.0091,-0.0118,-0.0035,0.4571,0.2739
6838,6.838,0.0021,0.0059,-0.0119,0.0049,0.5427,0.3179
6839,6.839,0.0024,0.0089,-0.0151,-0.0029,1.7041,0.9137
6840,6.84,-0.0006,0.0012,-0.0077,0.0017,1.2436,0.7238
6841,6.841,0.0006,0.0039,-0.0116,-0.0014,0.4125,0.1267
6842,6.842,-0.003,0.0064,-0.0162,0.0032,-0.3442,-0.2619
6843,6.843,0.0012,0.0085,-0.0161,0.0006,-0.483,-0.1931
6844,6.844,-0.0005,0.0007,-0.0129,0.0013,-0.6088,-0.2578
6845,6.845,-0.0031,0.0037,-0.0082,-0.0037,-0.4966,-0.3163
6846,6.846,-0.0019,-0.001,-0.005,-0.002,-0.3944,-0.264
6847,6.847,0.0037,-0.0002,0.0016,-0.0003,-1.4244,-0.8887
6848,6.848,-0.0016,-0.0055,0.0021,0.0022,-1.562,-0.9743
6849,6.849,-0.0023,-0.0007,-0.0041,-0.0029,-0.6885,-0.4318
6850,6.85,-0.0018,-0.0024,-0.0038,-0.005,0.3342,0.0623
6851,6.851,-0.0036,-0.0077,0.0037,-0.0033,0.4743,0.2557
6852,6.852,0.0021,-0.0042,0.0065,-0.0028,0.6004,0.3146
6853,6.853,-0.0001,0.0015,-0.0002,-0.0106,0.4885,0.368
6854,6.854,-0.0022,-0.0023,-0.003,-0.0184,0.3866,0.2242
6855,6.855,-0.0027,0.0055,-0.0102,-0.0112,0.8553,0.6176
6856,6.856,-0.0011,0.0085,-0.0019,-0.0027,1.6222,1.0935
6857,6.857,0.0004,0.0057,0.0035,-0.0018,0.9019,0.5177
6858,6.858,-0.0008,-0.0038,0.0063,-0.0008,-0.1303,-0.0257
6859,6.859,-0.0047,-0.0001,0.0126,0.0038,-0.2698,-0.2383
6860,6.86,-0.0022,-0.0012,0.0116,0.0046,-0.396,-0.3033
6861,6.861,-0.0035,-0.0043,0.0062,0.0098,-0.5102,-0.2462
6862,6.862,-0.0023,0.0021,0.0125,0.0077,-0.4081,-0.2997
6863,6.863,-0.0081,0.0046,0.0166,0.0108,-0.5021,-0.3481
6864,6.864,-0.0124,0.0008,0.0218,0.0067,-1.7791,-1.0036
6865,6.865,-0.0072,-0.0057,0.0153,0.0061,-1.2324,-0.7233
6866,6.866,0.0021,-0.0185,0.0247,0.0039,-0.4013,-0.1263
6867,6.867,0.0009,-0.0242,0.021,-0,0.3558,0.2622
6868,6.868,-0.0024,-0.0225,0.02,-0.0016,0.4951,0.3336
6869,6.869,-0.0014,-0.0087,0.0211,0.0026,0.621,0.2702
6870,6.87,0.005,0.0043,0.0296,-0.0003,0.5088,0.3288
6871,6.871,0.0041,0.0094,0.0286,0.0002,0.4063,0.2762
6872,6.872,0.0063,0.0048,0.0277,-0.0001,1.4362,0.9007
6873,6.873,0.0056,0.0061,0.0138,0.0019,1.5739,0.986
6874,6.874,0.0061,0.0124,-0.0003,0,0.7004,0.2885
6875,6.875,0.0055,0.0068,-0.002,-0.0032,-0.3221,-0.1818
6876,6.876,0.007,0.0098,-0.007,-0.0004,-0.4621,-0.2687
6877,6.877,0.0001,0.0071,-0.0022,-0.0001,-0.5883,-0.3471
6878,6.878,0.0031,0.0011,-0.0061,0.0016,-0.4765,-0.2777
6879,6.879,0.0004,0.0048,-0.0047,0.0013,-0.3746,-0.2144
6880,6.88,0.0046,0.0028,-0.0055,-0.0006,-0.8429,-0.6214
6881,6.881,0.0052,0.0058,-0.0105,-0.0005,-1.7801,-1.0975
6882,6.882,0.0032,0.0006,-0.0018,0.0027,-0.908,-0.522
6883,6.883,0.0027,-0.0014,-0.0025,-0.002,0.1142,0.0212
6884,6.884,0.001,0.0028,-0.0053,-0.0051,0.2541,0.2334
6885,6.885,-0.0016,-0.0001,-0.0041,0.0037,0.3802,0.2983
6886,6.886,-0.0028,0.0005,-0.0013,-0.0026,0.4947,0.3569
6887,6.887,-0.0008,0.0017,-0.0031,-0.0016,0.3928,0.3045
6888,6.888,0.0002,0.0037,-0.0021,0.0037,0.4867,0.3526
6889,6.889,0.0006,0.0027,-0.0012,-0.0009,1.5936,1.0078
6890,6.89,-0.0018,-0.0025,-0.0049,0.0016,1.1419,0.727
6891,6.891,-0.0037,0.0027,-0.003,-0.0036,0.1801,0.1297
6892,6.892,-0.0013,0.0076,-0.0048,-0.0001,-0.1964,-0.2592
6893,6.893,0.0011,0.0046,-0.0064,0.0016,-0.312,-0.3309
6894,6.894,0.0017,0.0063,-0.0041,0.0021,-0.4162,-0.2677
6895,6.895,0.0041,0.0005,-0.0054,-0.0004,-0.5108,-0.3266
6896,6.896,0.0051,0.0042,-0.0073,0.0007,-0.4261,-0.2744
6897,6.897,0.0014,0.0022,-0.0071,-0.0032,-1.4323,-0.8992
6898,6.898,0.0009,-0.002,-0.0073,0.0015,-1.5701,-0.9849
6899,6.899,-0.0003,-0.0061,-0.0047,-0.0001,-0.6965,-0.2878
6900,6.9,0.0036,-0.0076,-0.0049,0.0015,0.3262,0.1821
6901,6.901,-0.0032,-0.0088,-0.0062,0.002,0.466,0.2687
6902,6.902,-0.0004,-0.0108,-0.0075,0.0009,0.5922,0.3469
6903,6.903,0.0004,-0.0072,-0.0058,-0.0011,0.4803,0.2773
6904,6.904,0.0011,-0.0029,-0.0076,0.0008,0.3781,0.2138
6905,6.905,0.0005,-0.0012,-0.0059,-0.0009,0.8466,0.6206
6906,6.906,-0,0.0003,-0.0044,0.0008,1.6135,0.9906
6907,6.907,-0.0017,0.0007,-0.0023,-0.0034,0.8927,0.5581
6908,6.908,-0.0021,0.0036,-0.003,-0.0003,0.0476,-0.0829
6909,6.909,-0.0024,0.004,-0.0054,-0.002,-0.2949,-0.1697
6910,6.91,-0.0012,0.0057,-0.0027,0.0016,-0.3992,-0.2481
6911,6.911,-0.0009,0.0007,-0.0074,0.0038,-0.494,-0.3191
6912,6.912,-0.0018,0.0057,-0.0022,0.005,-0.4098,-0.2557
6913,6.913,0.0026,-0.0012,-0.0062,0.0054,-0.4874,-0.314
6914,6.914,-0.0026,-0.002,-0.0042,0.0051,-1.5426,-1.001
6915,6.915,0.0038,-0.0045,-0.0045,-0,-1.3927,-0.7206
6916,6.916,-0.0003,-0.0008,-0.0046,-0.0007,-0.1564,-0.1236
6917,6.917,-0.0072,-0.0001,-0.0108,-0.0076,0.3441,0.265
6918,6.918,-0.0044,-0.0095,-0.0078,-0.0103,0.4976,0.1961
6919,6.919,-0.0035,0.003,-0.0051,-0.0095,0.6362,0.2609
6920,6.92,0.0018,-0.0054,-0.0043,0.002,0.5128,0.3194
6921,6.921,-0.003,-0.0038,-0.0061,0.0003,0.4002,0.2669
6922,6.922,0.0001,0.0059,-0.0043,-0.0012,1.3273,0.8915
6923,6.923,0.0006,0.0071,-0.0037,0.0028,1.4528,0.977
6924,6.924,0.0022,-0.0006,-0.0041,0.004,0.6587,0.2797
6925,6.925,-0.0038,0.0047,-0.0082,0.0008,-0.2712,-0.1902
6926,6.926,-0.003,0.002,-0.0029,-0.0023,-0.3983,-0.2768
6927,6.927,0.0008,-0.0022,-0.0049,-0.0014,-0.513,-0.3551
6928,6.928,0.0002,-0,-0.0018,0.0011,-0.617,-0.2856
6929,6.929,-0.0015,0.0036,-0.0046,0.0018,-0.3367,-0.2218
6930,6.93,0.0014,-0.0047,-0.004,-0.0031,-0.9329,-0.6285
6931,6.931,0.003,-0.0079,-0.0028,-0.0015,-1.7847,-0.9985
6932,6.932,0.0018,-0.0089,-0.004,0.0014,-0.9917,-0.4699
6933,6.933,-0.0002,-0.0025,-0.0029,0.0019,0.144,0.0241
6934,6.934,-0.0005,-0.0034,-0.0046,-0.0032,0.2976,0.2177
6935,6.935,0.0034,0.0004,-0.0076,-0.0026,0.4365,0.2769
6936,6.936,0.0049,-0.0017,-0.0018,-0.0043,0.5623,0.3305
6937,6.937,0.0019,0.0053,-0.0043,0.0022,0.45,0.283
6938,6.938,0.0039,0.0044,-0.0036,-0.0004,0.5533,0.4142
6939,6.939,0.0014,0.0019,-0.0043,0.0018,1.5835,1.0099
6940,6.94,0.0024,0.0041,-0.0026,-0.0002,1.1729,0.755
6941,6.941,0.0014,0.0081,-0.0046,0.002,0.2401,0.1143
6942,6.942,0.0018,0.0102,-0.0041,-0.0038,-0.3858,-0.2744
6943,6.943,0.0043,0.0096,-0.0056,0.0047,-0.501,-0.2057
6944,6.944,-0.0009,0.0032,-0.0034,0.0102,-0.6049,-0.2705
6945,6.945,-0.0002,0.004,-0.0054,0.005,-0.5125,-0.3291
6946,6.946,0.0018,0.0003,-0.0003,0.0041,-0.4282,-0.2766
6947,6.947,0.0013,-0.0047,0.0004,-0.0037,-1.4345,-0.9013
6948,6.948,-0.0015,-0.0052,0.0035,-0.0006,-1.5724,-0.9869
6949,6.949,-0.0031,-0.0024,0.0111,0.0002,-0.4496,-0.2897
6950,6.95,-0.0034,-0.0059,0.008,-0.0127,0.3073,0.1804
6951,6.951,0.0005,-0.0071,0.0145,-0.0182,0.4469,0.2671
6952,6.952,-0.0031,-0.0043,0.0187,-0.0132,0.5729,0.3453
6953,6.953,-0.0042,-0.0001,0.021,-0.0056,0.4608,0.2757
6954,6.954,-0.0031,-0.0077,0.0117,-0.0015,0.3583,0.212
6955,6.955,-0.0027,-0.0067,0.0054,-0.0004,1.0139,0.6188
6956,6.956,-0.0017,-0.0003,-0.0001,0.0028,1.6101,0.9887
6957,6.957,-0.0028,0.0005,-0.0031,0.0018,0.9132,0.4599
6958,6.958,-0.0014,-0.0032,-0.0003,0.0082,-0.1194,-0.0339
6959,6.959,-0.0013,-0.0139,0.0022,0.0057,-0.2595,-0.2276
6960,6.96,-0.0001,-0.0215,-0.0014,0.0079,-0.3859,-0.2869
6961,6.961,0.0001,-0.009,0.0007,0.0014,-0.5007,-0.3406
6962,6.962,0.0031,0.0028,0.0024,0.0039,-0.3991,-0.2934
6963,6.963,-0.0034,0.0074,0.002,0.0046,-0.4934,-0.3375
6964,6.964,-0.0137,0.006,-0.0047,0.0039,-1.771,-0.9334
6965,6.965,-0.0124,0.0072,-0,0.0022,-1.2245,-0.6786
6966,6.966,-0.0087,0.0039,0.0026,0.0027,-0.3934,-0.1359
6967,6.967,-0.0031,0.0069,-0.0043,0.0042,0.3635,0.2172
6968,6.968,-0.0021,0.0005,-0.0015,0.0054,0.5023,0.2821
6969,6.969,0.0024,0.003,0.0012,-0.0011,0.6278,0.3405
6970,6.97,0.0033,0.0024,-0.0024,-0.0002,0.5151,0.2879
6971,6.971,0.0026,0.0017,-0.0003,-0.0028,0.4126,0.24
6972,6.972,0.0019,0.0033,-0.0018,0.001,1.4422,0.895
6973,6.973,0.0049,0.0005,-0.0034,0.0017,1.5795,0.8016
6974,6.974,0.0044,0.004,0.0025,-0.0041,0.4563,0.2046
6975,6.975,0.0029,0.0052,-0.0026,0.0029,-0.3009,-0.1844
6976,6.976,0.005,0.0107,-0.0045,0.002,-0.4409,-0.2565
6977,6.977,0.0038,0.0085,-0.0014,-0.0039,-0.5674,-0.4496
6978,6.978,0.0057,0.0049,0.0017,-0.0032,-0.4558,-0.3925
6979,6.979,0.0046,0.0007,-0.0007,-0.0039,-0.3542,-0.2348
6980,6.98,0.0016,0.0002,-0.0018,0.0056,-1.0101,-0.5716
6981,6.981,0.0019,-0.0004,-0.0004,0.0043,-1.7771,-1.0528
6982,6.982,0.0015,-0.0065,-0.0028,0.0054,-0.8503,-0.4773
6983,6.983,0.0012,-0.0023,-0.0003,-0.0001,0.0245,0.0658
6984,6.984,0.003,-0.0016,-0.0005,-0.0054,0.3671,0.2779
6985,6.985,-0.0009,-0.0009,-0.0005,-0.0062,0.4715,0.3425
6986,6.986,0.0043,-0.0051,-0.0043,-0.0054,0.5659,0.401
6987,6.987,-0.0021,0.0001,-0.0058,-0.0047,0.4817,0.2428
6988,6.988,0.0004,-0.0006,0.0001,0.0003,0.5593,0.3867
6989,6.989,-0.0018,0.0037,-0.0035,0.002,1.6145,1.0417
6990,6.99,-0.0039,-0.0016,-0.004,-0.0033,1.1625,0.7608
6991,6.991,-0.0022,0.0033,-0.0033,-0.0039,0.2006,0.1632
6992,6.992,-0.0005,0.0028,-0.0003,-0.0044,-0.4256,-0.2257
6993,6.993,0.003,0.0069,-0.0037,0.0008,-0.3148,-0.2975
6994,6.994,-0,0.0011,0.0026,0.0002,-0.4191,-0.3624
6995,6.995,-0.0004,0.0018,0.0002,0.0007,-0.5137,-0.3052
6996,6.996,-0.0008,-0.0046,0.0025,-0.0034,-0.429,-0.253
6997,6.997,0.0003,-0.0004,0.0033,0.0034,-1.4352,-0.8779
6998,6.998,-0.0001,-0.0074,0.004,-0.0012,-1.573,-0.9637
6999,6.999,-0.0031,-0.0028,0.0001,-0.0037,-0.4501,-0.2665
7000,7,-0.0003,-0.0087,0.0027,0.0048,0.3072,0.2032
7001,7.001,-0.0006,-0.005,-0.0002,0.0016,0.4469,0.2897
7002,7.002,0.0018,-0.0014,-0.0012,0.0026,0.5729,0.3679
7003,7.003,0.0028,0.0028,0.0014,-0.0001,0.4609,0.2984
7004,7.004,0.003,-0.0035,-0.0009,0.0024,0.3586,0.2348
7005,7.005,-0.0009,0.0007,-0.0038,0.0046,1.0144,0.6416
7006,7.006,0.002,0.006,-0.0063,0.0026,1.6109,1.0117
7007,7.007,0.0005,0.0025,-0.0046,0.0021,0.9142,0.4829
7008,7.008,-0.0007,0.003,-0.0015,-0.0019,-0.1183,-0.011
7009,7.009,-0.0027,-0.001,-0.0072,-0.0014,-0.2581,-0.2045
7010,7.01,0.0016,0.0006,-0.0046,-0.0011,-0.3843,-0.2636
7011,7.011,-0.0001,-0.0024,-0.0024,0.001,-0.4987,-0.317
7012,7.012,-0.0016,0.0005,-0.0043,0.0028,-0.3967,-0.2693
7013,7.013,0.0035,-0.0013,-0.0013,0.0004,-0.6779,-0.4004
7014,7.014,-0.0029,0.0026,0.0005,0.0021,-1.7849,-0.996
7015,7.015,0.0031,0.0021,-0.003,0.0015,-1.3332,-0.7408
7016,7.016,0.0024,-0.0048,-0.0034,0.0027,-0.0972,-0.0428
7017,7.017,-0.0011,-0.0058,-0.003,-0.0011,0.4033,0.24
7018,7.018,-0.0006,-0.0049,-0.002,-0.0026,0.5561,0.3265
7019,7.019,-0.0034,-0.0006,-0.0037,-0.0038,0.4204,0.2499
7020,7.02,-0.0018,0.0031,-0.0041,-0.0077,0.5459,0.3209
7021,7.021,-0.0021,0.0038,-0.0028,-0.0082,0.433,0.2575
7022,7.022,-0.0018,0.0021,0.0011,-0.0012,1.3599,0.8971
7023,7.023,0.0033,0.0017,-0.0007,0.0018,1.4851,0.8128
7024,7.024,0.004,0.0095,-0.0023,-0.0009,0.464,0.2705
7025,7.025,0.0046,0.0039,-0.0001,-0.0034,-0.2244,-0.2231
7026,7.026,-0.0018,0.0029,-0.0031,-0.0012,-0.3516,-0.2882
7027,7.027,-0.001,0.0002,-0.0013,0.0008,-0.4663,-0.3467
7028,7.028,-0.0003,0.0044,-0.0031,0.0025,-0.5704,-0.2943
7029,7.029,0.0018,-0.0008,0.0019,-0.0016,-0.4775,-0.2462
7030,7.03,0.0013,-0.0044,0.0038,0.0052,-1.0734,-0.6389
7031,7.031,-0.0004,-0.0002,-0.0033,0.0025,-1.7705,-1.0084
7032,7.032,0.0053,-0.0019,-0.0043,0,-0.9277,-0.4791
7033,7.033,0.0001,-0.0004,-0.0053,-0.0006,0.0949,0.1561
7034,7.034,-0.0019,-0,-0.0003,0.0001,0.5091,0.2434
7035,7.035,-0.0002,-0.0012,-0.004,-0.0041,0.3867,0.3223
7036,7.036,0.0003,0.0023,-0,-0,0.5013,0.3936
7037,7.037,0.0018,0.0001,-0.0019,-0.0026,0.3995,0.3307
7038,7.038,-0.0004,-0.0011,-0.0027,0.0005,0.6809,0.3894
7039,7.039,0.0024,0.0008,-0.0041,-0.0015,1.6177,1.0768
7040,7.04,0.0005,-0.0003,-0.0063,0.0021,1.2448,0.6094
7041,7.041,-0.0018,0.0001,-0.0084,0.0024,0.2233,0.0126
7042,7.042,-0,-0.0022,-0.0039,0.0043,-0.3406,-0.2258
7043,7.043,-0.0024,0.0004,-0.0018,0.0047,-0.4796,-0.3041
7044,7.044,0.0018,0.0036,-0.0064,0.0057,-0.6049,-0.3746
7045,7.045,-0.0024,0.0064,-0.0038,0.0005,-0.4926,-0.311
7046,7.046,-0.0053,0.0006,-0.0015,-0.0032,-0.3903,-0.253
7047,7.047,-0.0038,0.0031,-0.0078,-0.0025,-1.4201,-0.9396
7048,7.048,-0.0008,-0.0021,-0.0039,0.0033,-1.5577,-0.8461
7049,7.049,-0.0005,-0.0057,-0.0019,-0.0005,-0.4346,-0.2491
7050,7.05,-0.003,-0.0088,-0.0001,0.0016,0.323,0.14
7051,7.051,-0.0083,-0.0176,0.0038,0.0021,0.4629,0.2121
7052,7.052,-0.0105,-0.029,0.0076,0.0027,0.5892,0.2773
7053,7.053,-0.0099,-0.006,0.0026,0.0022,0.4774,0.3364
7054,7.054,-0.0068,0.0039,-0.0034,-0,0.3754,0.1788
7055,7.055,-0.0052,0.001,0.0001,0.0029,1.0314,0.7077
7056,7.056,-0.0005,-0.0182,-0.0022,0.0032,1.6283,1.06
7057,7.057,-0.0035,-0.0158,-0.0041,0.0042,0.777,0.4846
7058,7.058,0.0029,0.0045,-0.0085,0.0039,-0.0181,-0.0586
7059,7.059,0.0037,0.0072,-0.0082,-0.0003,-0.3295,-0.2707
7060,7.06,0.003,0.0145,-0.0106,0.0039,-0.4243,-0.3354
7061,7.061,0.0036,0.0079,-0.012,0.0034,-0.5104,-0.278
7062,7.062,-0.0007,0.0058,-0.0119,-0.0044,-0.4338,-0.2257
7063,7.063,-0.0002,0.0076,-0.0069,-0.0076,-0.6447,-0.3699
7064,7.064,0.0045,0.0093,-0.0049,-0.0065,-1.6041,-1.0252
7065,7.065,0.0028,0.0048,0.0056,-0.0038,-1.1931,-0.7446
7066,7.066,0.0045,0.0061,0.0039,-0.003,-0.0689,0.0231
7067,7.067,-0.0003,-0.0002,0.005,-0.0008,0.3867,0.3336
7068,7.068,0.0013,-0.0012,0.0086,-0.0028,0.5262,0.2413
7069,7.069,0.0018,0.0018,0.0028,0.0029,0.6525,0.3271
7070,7.07,0.0033,0.0045,-0.0003,-0.0023,0.5406,0.2502
7071,7.071,0.0029,-0.0032,-0.0032,-0.0003,0.4386,0.1804
7072,7.072,0.0032,0.004,-0.0025,-0.0008,1.4688,0.8838
7073,7.073,0.0007,0.0105,0.0043,-0.0025,1.3329,0.7906
7074,7.074,0.003,0.0027,0.0088,-0.001,0.4595,0.1937
7075,7.075,0.0013,0.0017,0.0062,-0.0052,-0.336,-0.195
7076,7.076,0.005,0.0025,0.0054,0,-0.4413,-0.2669
7077,7.077,0.0014,-0,0.0118,0.0007,-0.5359,-0.3318
7078,7.078,-0.0016,0.0052,0.0058,-0.0035,-0.6218,-0.3906
7079,7.079,0.0012,0.0003,0.008,-0.0018,-0.3904,-0.2326
7080,7.08,0.0002,-0.0002,0.0186,-0.0054,-1.0236,-0.6653
7081,7.081,-0.0002,0.0026,0.011,-0.0123,-1.7902,-0.9562
7082,7.082,0.0042,-0.001,0.0179,-0.0176,-0.8629,-0.4806
7083,7.083,0.0013,-0.0052,0.0167,-0.0091,0.0126,0.0966
7084,7.084,0.0018,-0.0035,0.0223,0.0012,0.3555,0.3303
7085,7.085,-0.0004,-0.002,0.0234,0.0052,0.4604,0.2609
7086,7.086,0.0008,0.0023,0.0093,0.004,0.5552,0.3255
7087,7.087,0.0027,-0.003,0.0033,0.005,0.4713,0.2678
7088,7.088,0.003,0.0006,-0.0059,0.004,0.5492,0.426
7089,7.089,0.0006,0.0036,-0.0008,0.0031,1.6048,1.0507
7090,7.09,0.0008,-0.0004,-0.0022,0.0056,1.153,0.625
7091,7.091,-0.0009,0.0001,-0.0035,0.0019,0.1913,0.0814
7092,7.092,-0.0026,0.0004,-0.0046,0.0026,-0.4343,-0.2723
7093,7.093,-0.0002,0.0024,-0.0034,0.0009,-0.323,-0.2098
7094,7.094,0.0001,0.0035,-0.0043,0.0025,-0.4273,-0.269
7095,7.095,-0.0024,0.0011,-0.005,0.0083,-0.5218,-0.3226
7096,7.096,0.0022,0.0014,-0.0006,0.0089,-0.4372,-0.2751
7097,7.097,-0.0021,0.0016,-0.0027,0.0025,-1.4434,-0.9307
7098,7.098,0.002,-0.0023,-0.0018,0.0016,-1.5813,-0.838
7099,7.099,-0.0027,-0.0039,-0.0033,0.0009,-0.4583,-0.2414
7100,7.1,-0.0032,-0.0117,-0.0003,-0.0026,0.2991,0.1472
7101,7.101,-0.0072,-0.0014,-0.0016,-0.0044,0.4391,0.2186
7102,7.102,-0.0014,-0.011,-0.0045,0.0044,0.5651,0.2831
7103,7.103,-0.0036,-0.0073,-0.0063,0.0007,0.4531,0.3414
7104,7.104,-0,0.0005,-0.0036,-0.0004,0.3508,0.1832
7105,7.105,0.003,-0.0047,-0.0045,0.0006,1.0064,0.6154
7106,7.106,0.0036,-0.002,-0.0019,0.0052,1.6028,1.0223
7107,7.107,-0.0011,-0.0011,0.0001,0.0009,0.906,0.4406
7108,7.108,-0.0006,0.0026,0.0001,0.0017,-0.1268,-0.1031
7109,7.109,0.0012,0.0033,-0.0035,-0.0032,-0.2667,-0.1752
7110,7.11,0.0027,0.0003,-0.0069,-0.0015,-0.3929,-0.2406
7111,7.111,0.0016,0.0079,-0.0045,-0.001,-0.5074,-0.2997
7112,7.112,0.002,-0.0036,0.0003,-0.0036,-0.4056,-0.2476
7113,7.113,-0.0015,0.001,-0.0038,-0.0014,-0.6869,-0.3921
7114,7.114,-0.0003,-0.0059,-0.0077,-0.0042,-1.7941,-1.0476
7115,7.115,0.0026,0.0003,-0.0008,0.0008,-1.0405,-0.58
7116,7.116,-0.0016,-0.0007,-0.0016,0.0029,-0.0784,0.017
7117,7.117,0.0049,0.0003,-0.0057,0.0034,0.2982,0.2507
7118,7.118,-0.001,-0.0005,-0.0062,-0.0031,0.4135,0.322
7119,7.119,-0.0016,0.0003,-0.0041,-0.0005,0.5174,0.2584
7120,7.12,0.002,0.001,-0.001,0.0032,0.6119,0.3168
7121,7.121,0.0025,-0.0009,-0.0026,-0.0017,0.3571,0.2641
7122,7.122,0.0009,0.0021,-0.006,0,1.5178,0.8884
7123,7.123,-0.0016,-0.0019,-0.0072,0.0005,1.3528,0.8035
7124,7.124,0.0014,0.0049,-0.0074,0,0.597,0.2606
7125,7.125,0.0003,0.0022,-0.0048,-0.0069,-0.3656,-0.2336
7126,7.126,-0.0039,0.0047,-0.0031,-0.0016,-0.493,-0.2993
7127,7.127,-0.001,0.0025,-0.0041,-0.0025,-0.3813,-0.3582
7128,7.128,-0.0024,0.0074,-0.0066,0.0034,-0.4856,-0.3063
7129,7.129,-0.0021,0.0044,-0.0069,0.0087,-0.3931,-0.259
7130,7.13,0.0009,0.0015,-0.0059,0.0009,-0.9893,-0.6523
7131,7.131,-0.0042,-0,-0.0021,0.0062,-1.8413,-1.0224
7132,7.132,-0.0006,-0.0051,-0.0037,0.0035,-0.8214,-0.4936
7133,7.133,-0.0089,-0.0031,-0.004,0.0009,0.1411,0.1411
7134,7.134,-0.0011,-0.0014,-0.0028,-0.0043,0.5176,0.2277
7135,7.135,-0,-0.0019,-0.0047,0.0006,0.406,0.306
7136,7.136,-0.0009,-0.0014,-0.0037,-0.001,0.5102,0.3769
7137,7.137,0.0017,-0.0026,-0.0034,0.0007,0.4176,0.1856
7138,7.138,0.0054,0.0038,-0.0049,-0.0008,0.6733,0.4762
7139,7.139,0.0075,0.003,-0.0066,0.0014,1.6796,1.0574
7140,7.14,0.0006,0.0004,-0.0104,-0.0024,0.9944,0.6708
7141,7.141,0.0014,0.0011,-0.0057,-0.0019,0.1198,0.0361
7142,7.142,0.0006,0.0031,-0.0053,-0.0007,-0.2227,-0.2209
7143,7.143,0.0004,0.0004,-0.0099,-0.005,-0.4137,-0.2781
7144,7.144,0.0041,-0.0001,-0.0083,0.0015,-0.5177,-0.3561
7145,7.145,-0.0008,0.0016,-0.0016,0.0023,-0.425,-0.2864
7146,7.146,-0.0003,-0.002,-0.0044,0.0032,-0.3403,-0.2227
7147,7.147,-0.0043,-0.005,-0.0087,-0.002,-1.5013,-0.9783
7148,7.148,-0.0008,0.0005,-0.0035,-0,-1.6678,-0.8759
7149,7.149,-0.002,-0.0047,-0.0029,0.0069,-0.6107,-0.2194
7150,7.15,0.0027,0.0002,0.0001,0.0042,0.3521,0.2082
7151,7.151,-0.0003,-0.0041,0.0065,0.0034,0.4792,0.2871
7152,7.152,0.0002,-0,0.0039,0.0011,0.594,0.3582
7153,7.153,0.0007,-0.0016,0.0061,-0.0082,0.4926,0.295
7154,7.154,-0.0024,-0.0012,0.0081,-0.007,0.3999,0.2375
7155,7.155,-0.0004,-0.0015,0.0038,-0.0102,0.9961,0.7133
7156,7.156,0.0006,0.0042,0.0114,-0.0217,1.6932,1.0335
7157,7.157,-0.0011,0.0051,0.0083,-0.0141,0.8502,0.394
7158,7.158,0.0039,0.0044,0.0129,-0.0045,-0.1719,-0.0333
7159,7.159,-0.0039,0.0024,0.0104,-0.0008,-0.3118,-0.2669
7160,7.16,-0.0009,0.0029,0.0156,0.0002,-0.4379,-0.338
7161,7.161,-0.0017,0.0069,0.0163,0.0033,-0.552,-0.4025
7162,7.162,-0.0026,0.0054,0.0194,0.0024,-0.4498,-0.3447
7163,7.163,-0.002,0.0032,0.0211,0.0015,-0.7309,-0.3977
7164,7.164,-0.004,-0.0007,0.0133,0.0022,-1.8381,-1.0224
7165,7.165,-0.0024,0.004,0.0008,0.0071,-1.0846,-0.5968
7166,7.166,0.0005,-0.0042,-0.0042,0.0054,-0.1222,-0.0534
7167,7.167,-0.0031,-0.0032,-0.0057,0.0025,0.5043,0.3002
7168,7.168,-0.002,-0.0169,-0.0016,0.0061,0.3935,0.2376
7169,7.169,-0.0008,-0.03,-0.0052,0.0049,0.4978,0.2964
7170,7.17,0.0027,-0.0215,0.0004,0.0045,0.5923,0.3499
7171,7.171,0.0014,-0.0015,-0.0005,0.002,0.3379,0.3023
7172,7.172,-0.0025,0.0012,-0.0031,0.003,1.4989,0.9578
7173,7.173,-0.0103,0.0035,-0.0039,-0.0008,1.3341,0.8648
7174,7.174,-0.0072,0.0147,-0.0031,-0.002,0.5785,0.2681
7175,7.175,-0.0042,0.0086,0.0006,0.0044,-0.384,-0.2752
7176,7.176,-0.0034,-0.0007,0.0002,0.0036,-0.262,-0.2065
7177,7.177,-0.0026,0.001,-0.0002,-0.0007,-0.3769,-0.2712
7178,7.178,0.0026,-0.0005,-0.0006,-0.0014,-0.4809,-0.3298
7179,7.179,0.0005,0.0008,-0.0008,0.0007,-0.3879,-0.2772
7180,7.18,0.001,0.002,-0.0027,0.0012,-1.1544,-0.7095
7181,7.181,0.0026,0.0009,-0.0022,-0.0017,-1.6698,-1.0002
7182,7.182,0.0031,0.002,-0.0031,0.0008,-0.8268,-0.4185
7183,7.183,0.0042,0.0028,0.0015,-0.0004,0.1958,0.1251
7184,7.184,0.0062,0.0036,-0,-0.0043,0.3358,0.1972
7185,7.185,0.0011,0.0073,-0.0066,-0.0038,0.4623,0.2622
7186,7.186,0.006,-0.0005,-0.0038,-0.0026,0.5767,0.321
7187,7.187,0.0043,0.0005,-0.001,0.0038,0.4748,0.2688
7188,7.188,0.0013,0.0014,-0.0031,0.003,0.7559,0.4132
7189,7.189,-0.0002,0.0039,-0.0022,-0.003,1.6926,1.0688
7190,7.19,0.004,0.0002,-0.0004,0.0007,1.0699,0.601
7191,7.191,-0.0001,0.0022,-0.0031,0.0028,0.0479,0.0039
7192,7.192,0.0004,0.0027,0.0007,-0.0015,-0.3662,-0.2299
7193,7.193,0.0015,0.0044,-0.0003,0.0002,-0.4925,-0.3013
7194,7.194,-0.0024,0.0079,-0.0005,-0.0023,-0.6068,-0.3658
7195,7.195,-0.0009,0.0028,-0.0021,0.0007,-0.5048,-0.3084
7196,7.196,0.0003,-0.0021,0.002,0.0011,-0.4117,-0.2558
7197,7.197,0.0031,-0.0038,-0.0004,0,-1.5182,-0.9765
7198,7.198,0.0005,-0.001,-0.0032,-0.0023,-1.3681,-0.874
7199,7.199,0.0037,-0.0046,-0.0027,0.0001,-0.4069,-0.2176
7200,7.2,-0.001,-0.0015,-0.0029,0.0043,0.2193,0.2101
7201,7.201,0.0032,0.0005,-0.0003,0.0012,0.3354,0.2889
7202,7.202,0.0003,-0.0052,-0.0005,-0.0005,0.4401,0.3601
7203,7.203,0.0038,-0.0044,-0.0028,-0.001,0.5352,0.297
7204,7.204,-0.0013,-0.0007,-0.005,-0.004,0.4511,0.2395
7205,7.205,0.0023,-0.0027,-0.0032,-0.0037,1.148,0.7152
7206,7.206,0.0028,-0.0021,-0.0044,-0.0001,1.6171,1.0354
7207,7.207,-0.0013,-0.0004,-0.0066,-0.0044,0.8508,0.3958
7208,7.208,0.0044,-0.0009,-0.0014,0.0044,-0.0785,-0.0316
7209,7.209,-0.004,0.0013,-0.002,0.0007,-0.4547,-0.2653
7210,7.21,0.0016,-0.0007,0.0038,0.004,-0.5694,-0.3366
7211,7.211,0.0006,0.0003,0.0002,0.003,-0.4676,-0.2734
7212,7.212,-0.0021,-0.0014,-0.0062,0.0039,-0.3747,-0.2159
7213,7.213,-0.0046,0.001,-0.0019,0.0014,-0.6302,-0.4801
7214,7.214,0.0006,-0.0009,-0.0025,-0.0008,-1.7912,-1.1048
7215,7.215,-0.0014,-0.0033,-0.0005,-0.0028,-1.2939,-0.6793
7216,7.216,-0.0009,0.0018,0,-0.0033,-0.2358,0.0187
7217,7.217,-0.0013,0.0011,-0.0041,-0.0027,0.4531,0.3016
7218,7.218,0.0022,-0.0058,0.0037,-0.0012,0.5801,0.218
7219,7.219,0.0026,-0.0012,-0.002,0.0019,0.4684,0.2962
7220,7.22,-0.0012,-0.0004,-0.001,-0.002,0.5723,0.2267
7221,7.221,0.0003,-0.0011,-0.0019,-0.0004,0.4794,0.291
7222,7.222,0.0054,0.001,-0.0011,0.0065,1.5864,0.9305
7223,7.223,-0.001,0.0027,-0.0034,0.0035,1.4366,0.8461
7224,7.224,0.0016,-0.0014,-0.0042,0.0008,0.4755,0.3034
7225,7.225,-0.0021,0.0034,-0.0048,-0,-0.1501,-0.1906
7226,7.226,-0.0027,0.0065,-0.002,0.0007,-0.2657,-0.2561
7227,7.227,-0.0021,0.0024,-0.0016,-0.0042,-0.5755,-0.3148
7228,7.228,-0.0015,0.0082,0.0005,-0.0025,-0.4832,-0.3682
7229,7.229,0.0001,0.0029,-0.006,0.0028,-0.3986,-0.2243
7230,7.23,0.0005,-0.0064,-0.0015,-0.0021,-1.0954,-0.7049
7231,7.231,0.0002,-0.0001,-0.0025,-0.0026,-1.7515,-1.025
7232,7.232,-0.0022,-0.0033,-0.0048,0.0015,-0.8146,-0.3853
7233,7.233,0.0002,0.0019,-0.003,-0.0032,0.0605,0.2125
7234,7.234,0.0019,-0.0065,-0.0073,-0.0027,0.4032,0.2915
7235,7.235,-0.0022,0.0038,-0.008,0.005,0.5077,0.3626
7236,7.236,-0.0017,-0.0031,-0.0004,0.002,0.6025,0.2993
7237,7.237,0.0013,0.0031,-0.0061,0.0047,0.5184,0.2417
7238,7.238,-0.0012,-0.0001,-0.0032,0.0022,0.7508,0.4003
7239,7.239,0.001,0.0072,-0.0042,-0.003,1.6655,1.0252
7240,7.24,0.0022,0.0063,-0.0036,-0.0009,1.0427,0.5997
7241,7.241,0.0004,-0.0015,-0.0059,-0.0026,0.0206,0.0565
7242,7.242,0.0028,0.0058,-0.0041,0.0003,-0.3938,-0.297
7243,7.243,-0.0002,0.0031,-0.0085,0.0009,-0.5203,-0.2342
7244,7.244,0.0014,0.0056,-0.0078,0.0024,-0.4947,-0.3239
7245,7.245,0.0004,0.0047,-0.0063,-0.0026,-0.6089,-0.2665
7246,7.246,0.0044,-0.0022,-0.01,-0.0019,-0.5065,-0.3196
7247,7.247,0.0019,-0.0014,-0.0051,0.0023,-1.5366,-0.9442
7248,7.248,0.0031,-0.0074,-0.006,0.0052,-1.4005,-0.8595
7249,7.249,0.0028,-0.0036,-0.0056,0.0027,-0.5266,-0.162
7250,7.25,0.0018,-0.013,-0.0017,0.0015,0.2692,0.1208
7251,7.251,0.0028,-0.0042,0.0028,0.0036,0.3744,0.2074
7252,7.252,0.0018,-0.001,-0.0015,0.0001,0.4694,0.2854
7253,7.253,-0.0024,-0.0167,0.0024,-0.0003,0.5556,0.3563
7254,7.254,-0.0018,-0.0233,0.008,-0.0006,0.3243,0.2927
7255,7.255,-0.0035,-0.0091,0.0026,0.002,1.0982,0.6994
7256,7.256,-0.003,0.0002,0.0031,0.0023,1.6136,0.9639
7257,7.257,-0.0008,0.0018,0.006,-0.0028,0.7703,0.435
7258,7.258,-0.002,0.0064,0.0088,-0.0048,-0.0254,-0.0589
7259,7.259,-0.0038,0.0077,0.0061,-0.0031,-0.3369,-0.2524
7260,7.26,-0.0035,0.0089,0.0038,-0.0026,-0.4322,-0.3117
7261,7.261,-0.0018,0.0057,0.0102,-0.001,-0.5188,-0.3653
7262,7.262,-0.0005,0.0046,0.0146,0.0002,-0.4425,-0.2216
7263,7.263,-0.0003,0.0055,0.0153,-0.0037,-0.6537,-0.4403
7264,7.264,0.0004,0.0013,0.0037,-0.0002,-1.6134,-1.0363
7265,7.265,-0.0017,-0.0009,0.0087,0.0002,-1.2029,-0.7813
7266,7.266,-0.0015,0.0011,0.0101,-0.0019,-0.0791,-0.0835
7267,7.267,-0.0042,-0.002,0.017,-0.0009,0.3758,0.1992
7268,7.268,-0.0032,0.0021,0.0132,-0.0006,0.5147,0.2854
7269,7.269,-0.0036,0.0016,0.0028,-0.0023,0.6404,0.3633
7270,7.27,-0.0011,-0.0035,-0.0069,0.0019,0.5279,0.2934
7271,7.271,0.0006,0.0029,-0.0081,-0.0012,0.4253,0.2297
7272,7.272,-0.0011,0.0004,-0.0026,0.0029,1.4551,0.9852
7273,7.273,0.0019,0.0041,0.0026,0.0013,1.3187,0.8828
7274,7.274,-0.0028,-0.0008,-0.0001,0.0001,0.4444,0.2263
7275,7.275,-0.0098,0.0022,-0.001,-0.0011,-0.3519,-0.2013
7276,7.276,-0.0144,0.0017,-0.0017,-0.0001,-0.2517,-0.2803
7277,7.277,-0.0102,0.0022,-0.0024,0.0031,-0.5343,-0.3516
7278,7.278,-0.0018,0.001,0.0019,0.0002,-0.4507,-0.2886
7279,7.279,-0.0028,-0.0002,0.0002,-0.0024,-0.3744,-0.2313
7280,7.28,0.0002,0.0009,-0.0055,-0.0014,-1.1487,-0.7071
7281,7.281,0.0029,-0.0002,0.003,-0.0065,-1.6646,-1.0274
7282,7.282,0.002,-0.0053,0.002,-0.013,-0.8219,-0.3878
7283,7.283,0.0089,-0.0017,0.0011,-0.0172,0.2002,0.2098
7284,7.284,0.0025,-0,0.002,-0.0073,0.3398,0.2887
7285,7.285,0.0067,0.0017,0.0012,-0.0033,0.4656,0.3598
7286,7.286,0.0073,0.0002,0.0019,0.0004,0.5798,0.2966
7287,7.287,0.0037,-0.001,-0.0044,0.0059,0.4776,0.239
7288,7.288,0.0042,-0.0014,0.0016,0.0049,0.7585,0.5032
7289,7.289,0.0001,0.0029,0.001,0.004,1.6949,1.0318
7290,7.29,0.0016,0.0024,-0.0038,0.0048,1.0717,0.6803
7291,7.291,-0.0015,0.0039,-0.0054,0.0041,0.0493,-0.0248
7292,7.292,-0.0003,0.0017,0.0024,0.0061,-0.3653,-0.3075
7293,7.293,-0.0014,0.0013,-0.0028,0.0043,-0.4921,-0.2238
7294,7.294,0.0038,0.0017,-0.0018,0.0014,-0.6069,-0.3019
7295,7.295,0.0016,0.0069,-0.0042,-0.0001,-0.5052,-0.3727
7296,7.296,0.0064,-0.0016,-0.0004,0.0002,-0.4124,-0.309
7297,7.297,0.0022,-0.0026,-0.0023,-0.0011,-1.5195,-0.9485
7298,7.298,-0.0007,-0.0036,-0.0052,0.0007,-1.3698,-0.8639
7299,7.299,0.0028,-0.001,-0.0033,-0.0025,-0.4084,-0.1663
7300,7.3,-0.0023,-0.0018,-0.0067,0.0039,0.2176,0.3038
7301,7.301,-0.003,-0.0056,0.0004,-0.0026,0.3331,0.2202
7302,7.302,0.0012,-0.0049,-0.0068,-0.0001,0.4374,0.2985
7303,7.303,-0.0029,0.0009,-0.0058,0.0036,0.532,0.3694
7304,7.304,0.0018,-0.0028,-0.0031,0.0029,0.4475,0.1781
7305,7.305,0.0023,0.0049,-0.0051,0.0012,1.1439,0.7015
7306,7.306,0.0052,0.0039,-0.003,0.0016,1.6127,0.9128
7307,7.307,0.0067,0.0048,-0.0059,0.0011,0.6758,0.4649
7308,7.308,0.0036,-0.0011,-0.0063,-0.0011,-0.1994,-0.0596
7309,7.309,-0.0011,-0.0033,-0.0014,-0.0032,-0.3151,-0.2717
7310,7.31,-0.0006,-0.0053,0.0044,0.001,-0.4198,-0.3365
7311,7.311,0.0023,-0.0047,0.0098,0.0027,-0.5145,-0.279
7312,7.312,0.0038,-0.0052,0.0078,-0.002,-0.4302,-0.2266
7313,7.313,-0.0031,-0.0036,0.0084,0.0022,-0.6628,-0.4668
7314,7.314,-0,-0.0024,0.0068,0.0017,-1.7183,-1.0348
7315,7.315,-0.0027,0.0015,0.0033,0.0084,-0.9645,-0.6478
7316,7.316,-0.0002,0.003,0.0021,0.0039,-0.0024,-0.013
7317,7.317,-0.0008,-0.0039,0.0018,0.0082,0.3744,0.2444
7318,7.318,-0.0044,0.0014,0.0037,0.0045,0.4895,0.3231
7319,7.319,-0.0001,-0.0013,-0.0015,-0.0019,0.5935,0.2538
7320,7.32,-0.0042,-0.0021,-0.0009,-0.0078,0.5012,0.3186
7321,7.321,-0.0016,0.0048,-0.003,-0.0041,0.4167,0.2612
7322,7.322,-0.0027,-0.0016,-0.0047,-0.0034,1.5776,0.9484
7323,7.323,-0.0015,0.0043,-0.0053,-0.0029,1.4125,0.8556
7324,7.324,0.0011,0.0036,0.0004,0.0024,0.3552,0.259
7325,7.325,0.0001,0.0043,-0.0097,0.0031,-0.3332,-0.1294
7326,7.326,0.0018,0.0026,-0.0112,0.0001,-0.4603,-0.2007
7327,7.327,-0.0012,0.0031,-0.0076,0.0018,-0.5748,-0.2652
7328,7.328,-0.0015,0.0026,-0.0067,0.0013,-0.4731,-0.3237
7329,7.329,0.0004,0.0004,-0.0058,-0.0029,-0.3802,-0.271
7330,7.33,0.0021,-0.0025,-0.0051,-0,-1.1464,-0.7992
7331,7.331,0.0004,-0.0015,-0.006,-0.0015,-1.662,-1.0102
7332,7.332,0.003,-0.0054,-0.0068,0.0036,-0.8185,-0.4339
7333,7.333,0.0027,-0.0049,-0.005,0.0043,0.204,0.11
7334,7.334,0.0037,-0.0037,-0.0034,0.0026,0.3438,0.1822
7335,7.335,0.0012,-0.0008,-0.0031,0.0043,0.4702,0.2473
7336,7.336,0.0029,0.0017,-0.0037,-0.0024,0.5847,0.3063
7337,7.337,-0.0001,0.0041,-0.0061,-0.0032,0.4827,0.2541
7338,7.338,0.001,0.0064,-0.0051,-0.0006,0.7638,0.4947
7339,7.339,0.0006,0.0039,-0.0027,0.0016,1.7007,1.0631
7340,7.34,-0.0031,0.0022,-0.0061,0.0023,1.078,0.6765
7341,7.341,-0,0.0025,-0.0034,-0.0071,0.056,0.0421
7342,7.342,0.0038,0.0007,-0.0093,0.0025,-0.3582,-0.2148
7343,7.343,0.0023,0.0024,-0.012,-0.0037,-0.4848,-0.2931
7344,7.344,0.002,0.0012,-0.0085,-0.0004,-0.5996,-0.3638
7345,7.345,-0.0014,0.0054,-0.0102,0.0033,-0.4939,-0.2976
7346,7.346,-0.0018,0.0025,-0.0055,0.0063,-0.3917,-0.234
7347,7.347,-0.0014,0.0028,-0.0026,-0.0001,-1.609,-0.9894
7348,7.348,0.0009,-0.0025,-0.0104,0.0008,-1.4441,-0.8869
7349,7.349,-0.0022,0.0012,-0.0075,-0.0014,-0.3867,-0.2302
7350,7.35,-0.0003,-0.0066,-0.0086,-0.0063,0.3018,0.1976
7351,7.351,-0.0042,-0.0035,-0.0045,-0.0033,0.4287,0.2766
7352,7.352,0.0005,-0.0027,-0.0054,0.0008,0.5433,0.3478
7353,7.353,-0.0012,0.0015,-0.0035,0.0003,0.6472,0.2846
7354,7.354,-0.0041,-0.007,0.0006,0.0034,0.367,0.2271
7355,7.355,-0.0119,-0.0014,0.0021,-0.0031,1.1332,0.7029
7356,7.356,-0.013,-0.0067,0.0067,-0.0004,1.6487,0.8953
7357,7.357,-0.0099,-0.0058,0.0035,-0.0012,0.6178,0.3718
7358,7.358,-0.0015,-0.0067,0.0051,-0.0049,-0.0708,-0.1218
7359,7.359,-0.0005,-0.0182,0.0055,-0.0029,-0.4473,-0.1872
7360,7.36,0.0005,-0.0131,0.0084,-0.0024,-0.5625,-0.2462
7361,7.361,-0.0004,-0.0025,0.0054,0.0005,-0.461,-0.2997
7362,7.362,0.0021,-0.0011,0.0043,-0.0011,-0.3684,-0.252
7363,7.363,0.0027,0.0026,0.0081,-0.0072,-0.7948,-0.4705
7364,7.364,0.0047,0.0058,0.0023,-0.0167,-1.8016,-1.0662
7365,7.365,0.0016,0.0048,0.0074,-0.0155,-1.1168,-0.6407
7366,7.366,-0.0001,0.0002,0.0094,-0.0077,0.0071,0.0573
7367,7.367,-0.0027,0.0044,0.0063,-0.0004,0.4622,0.3401
7368,7.368,-0.0097,0.0007,0.0151,-0.0013,0.3267,0.2562
7369,7.369,-0.015,0.0043,0.0113,0.0012,0.4519,0.3343
7370,7.37,-0.0028,0.0048,0.0168,0.0019,0.5658,0.2646
7371,7.371,-0.0045,0.0019,0.0178,-0.0002,0.463,0.3289
7372,7.372,-0,0.0034,0.0224,0.0056,1.4924,0.9683
7373,7.373,0.004,0.0056,0.0216,0.0093,1.3557,0.7135
7374,7.374,0.0028,0.0044,0.0194,0.0043,0.4813,0.1707
7375,7.375,0.0083,0.0048,0.0088,0.006,-0.3152,-0.1827
7376,7.376,0.0073,0.0086,-0.0051,0.0043,-0.4209,-0.2482
7377,7.377,0.0046,0.0071,-0.0032,0.0048,-0.5166,-0.3073
7378,7.378,0.0054,0.0002,-0.0048,0.0044,-0.6035,-0.3609
7379,7.379,0.0076,0.0054,-0.0062,0.0005,-0.3727,-0.2175
7380,7.38,0.0055,-0.0031,-0.0075,0.001,-1.2877,-0.7857
7381,7.381,0.0025,0.0001,0.004,0.0013,-1.6625,-1.0184
7382,7.382,0.0065,-0.0029,-0.0066,0.001,-0.6426,-0.385
7383,7.383,-0.0003,-0.0002,0.0005,-0.0016,0.0453,0.2125
7384,7.384,0.0043,-0.0044,-0.0056,0.0008,0.4215,0.2912
7385,7.385,0.0017,-0.0007,0.0001,0.0024,0.5359,0.3621
7386,7.386,-0.002,-0.0027,-0.005,0.0031,0.6394,0.2987
7387,7.387,0.0029,-0.0022,-0.0057,0.0037,0.3589,0.2409
7388,7.388,-0.0014,0.0007,-0.0013,0.0044,0.7845,0.5049
7389,7.389,0.0003,-0.0008,0.0011,0.0011,1.6358,1.0335
7390,7.39,0.0038,-0.0039,0.0006,-0.0031,1.0692,0.5413
7391,7.391,0.0008,0,-0.0049,-0.0036,0.1393,-0.036
7392,7.392,0.0028,0.0005,-0.0069,0.0011,-0.2379,-0.27
7393,7.393,0.0053,0.0027,-0.0032,0.0041,-0.3536,-0.2013
7394,7.394,0.0001,0.0015,-0.0035,0.0046,-0.4582,-0.2662
7395,7.395,0.0038,0.0041,0.002,-0.0001,-0.5532,-0.325
7396,7.396,0.0002,0.0044,0.0015,0.0004,-0.4689,-0.2728
7397,7.397,0.0019,0.002,-0.0025,0.0009,-1.6303,-0.9937
7398,7.398,-0.001,-0.0022,-0.0005,0.0013,-1.4657,-0.8915
7399,7.399,-0.0057,-0.0005,-0.0018,-0.0029,-0.4085,-0.2353
7400,7.4,-0.004,-0.0046,-0.0046,0.0023,0.28,0.1918
7401,7.401,-0.0023,-0.002,0.0012,-0.0012,0.407,0.2702
7402,7.402,-0.0038,0.001,-0.0038,0.0004,0.5216,0.3408
7403,7.403,0.0004,0.0014,-0.0071,-0.0036,0.6257,0.2773
7404,7.404,-0.0001,0.001,-0.0027,-0.0001,0.3457,0.2194
7405,7.405,0.0004,0,0.0004,-0.0043,1.2822,0.8002
7406,7.406,0.0001,-0.003,0.0022,-0.0026,1.6567,0.8778
7407,7.407,-0.0019,0.0012,-0.0019,-0.0032,0.6365,0.3849
7408,7.408,0.0016,-0.0052,-0.0033,-0.002,-0.0519,-0.0648
7409,7.409,0.0005,-0.001,-0.0006,0.0036,-0.4279,-0.2408
7410,7.41,0.0001,-0.0047,-0.0026,-0.0033,-0.5427,-0.2949
7411,7.411,0.0012,-0.004,-0.0053,0.0013,-0.4408,-0.3439
7412,7.412,-0.002,-0.0035,-0.0016,0.0055,-0.3479,-0.2137
7413,7.413,-0.0048,-0.003,-0.0057,-0.0029,-0.7736,-0.492
7414,7.414,-0.0006,0.0006,-0.0015,-0.0039,-1.78,-1.0339
7415,7.415,-0.0022,0.0003,-0.0019,-0.0028,-1.0945,-0.6473
7416,7.416,0.0035,-0.0061,-0.0087,0.0017,0.0301,-0.0129
7417,7.417,-0.0017,-0.0015,-0.0056,0.0009,0.4861,0.2439
7418,7.418,0.0004,-0.0023,-0.0009,0.0016,0.3515,0.3221
7419,7.419,0.0009,0.0046,-0.0034,-0.0032,0.4775,0.2521
7420,7.42,0.0026,0.0001,-0.0012,-0.0015,0.5919,0.3164
7421,7.421,-0.0051,0.0044,-0.0047,-0.002,0.4901,0.2583
7422,7.422,-0.0019,0.0038,-0.0052,-0.0045,1.5206,0.945
7423,7.423,0.0012,0.0018,-0.0069,-0.0014,1.3847,0.8516
7424,7.424,-0.0033,0.0013,-0.0033,0.0006,0.2616,0.2542
7425,7.425,-0.0024,0.0054,-0.0064,-0.0019,-0.193,-0.1348
7426,7.426,-0.0017,-0.0003,-0.0068,0.002,-0.3321,-0.2065
7427,7.427,-0.0036,0.0049,-0.0026,-0.0015,-0.4577,-0.2715
7428,7.428,0.0007,0.0014,-0.0044,0.0016,-0.5716,-0.3304
7429,7.429,-0.001,-0.0003,-0.0041,0.0028,-0.4691,-0.2784
7430,7.43,-0.0004,0.0014,-0.002,0.0002,-1.3114,-0.8072
7431,7.431,-0.0015,-0.0001,-0.0025,0.0026,-1.6515,-1.0186
7432,7.432,-0.0003,-0.0043,-0.0084,0.003,-0.7234,-0.3148
7433,7.433,0.0023,-0.0026,-0.0043,0.0067,0.1523,0.155
7434,7.434,-0.0023,-0.0062,-0.0038,0.0062,0.495,0.2416
7435,7.435,0.0047,-0.0011,-0.0019,0.005,0.6002,0.3197
7436,7.436,0.0039,0.001,-0.0004,0.0022,0.5083,0.3905
7437,7.437,-0.002,-0.0033,-0.0022,0.0012,0.4244,0.1988
7438,7.438,0.0017,-0.0037,0.0001,-0.0012,0.812,0.4892
7439,7.439,-0.0018,0.0041,-0.0031,-0.0063,1.7273,1.0704
7440,7.44,-0.0013,0.0031,-0.0045,-0.0083,1.1048,0.5287
7441,7.441,0.0016,0.0061,-0.0072,-0.0025,0.0832,0.0347
7442,7.442,-0.0031,0.0053,-0.0098,0.0012,-0.3307,-0.2869
7443,7.443,0.0011,0.0078,-0.0049,0.0032,-0.4567,-0.3464
7444,7.444,0.0017,0.0041,-0.0071,0.0037,-0.5711,-0.2943
7445,7.445,0.0032,0.0021,-0.0057,0.0032,-0.4692,-0.3429
7446,7.446,0.0041,0.0052,-0.0059,-0.0009,-0.4707,-0.3238
7447,7.447,0.001,-0.0018,-0.0044,0.0049,-1.6879,-0.9791
7448,7.448,0.0039,0.001,-0.0041,-0.0004,-1.5228,-0.6988
7449,7.449,0.0042,-0.0049,-0.0046,0.0003,-0.4652,-0.1021
7450,7.45,0.0003,-0.0042,-0.0087,0.002,0.2238,0.2865
7451,7.451,0.0029,-0.0035,-0.0064,-0.0021,0.3511,0.2176
7452,7.452,0.0025,-0.0018,-0.0015,0.0005,0.4661,0.2824
7453,7.453,0.0029,-0.0013,0.0047,0.0035,0.5705,0.341
7454,7.454,0.0054,-0.0038,0.0037,0.0006,0.2908,0.1829
7455,7.455,0.0015,-0.0007,-0.0018,0.0002,1.2275,0.7115
7456,7.456,0.001,0.0057,0.0029,-0.0008,1.6021,0.9228
7457,7.457,-0.0002,0.0066,-0.0042,-0.0039,0.582,0.3467
7458,7.458,-0.0022,0.0007,-0.0017,-0.0074,-0.1062,-0.042
7459,7.459,-0.0047,0.0014,0.0041,-0.0144,-0.4825,-0.2543
7460,7.46,-0.0009,0.002,0.0032,-0.0196,-0.371,-0.3192
7461,7.461,-0.0056,0.0004,-0.0005,-0.0093,-0.475,-0.2619
7462,7.462,0.0001,0.0056,0.0063,-0.0024,-0.3821,-0.2095
7463,7.463,0.0008,0.0008,0.0053,-0.0036,-0.8079,-0.5459
7464,7.464,-0.0028,-0.005,0.0077,0.002,-1.8144,-1.1141
7465,7.465,0.0003,-0.0056,0.0082,0.003,-1.1291,-0.5724
7466,7.466,-0.0002,-0.0036,0.0087,0.0038,-0.0048,0.0624
7467,7.467,0.0003,-0.0053,0.0056,-0.0005,0.4508,0.3195
7468,7.468,-0.002,-0.0105,0.0131,0.0048,0.59,0.2434
7469,7.469,-0.0032,-0.0198,0.0057,0.0012,0.4666,0.3143
7470,7.47,-0.0035,-0.0186,0.0029,0.0042,0.5805,0.251
7471,7.471,-0.0052,-0.0037,-0.0014,0.0059,0.4783,0.3094
7472,7.472,-0.0002,0.0024,0.0008,0.0023,1.6955,0.9965
7473,7.473,-0.0051,0.0043,0.0014,0.0011,1.1986,0.7162
7474,7.474,-0.0146,0.006,0.0056,0.0031,0.4429,0.1193
7475,7.475,-0.0159,0.0075,0.0144,-0.0005,-0.2458,-0.2692
7476,7.476,-0.0122,0.0062,0.0181,0.0017,-0.3725,-0.2002
7477,7.477,-0.0067,0.0074,0.0237,0.0064,-0.4873,-0.2647
7478,7.478,-0.0015,0.0041,0.0164,0.0007,-0.5915,-0.3233
7479,7.479,-0.0006,0.0072,0.0062,-0.0031,-0.3116,-0.271
7480,7.48,-0.0032,-0.005,-0.0034,-0.0011,-1.2483,-0.7995
7481,7.481,0.002,0.0068,-0.0046,-0.0041,-1.6232,-1.0106
7482,7.482,0.0069,-0.0008,-0.0013,-0.0001,-0.6029,-0.3065
7483,7.483,0.0064,0.0005,-0.0065,0.0004,0.0856,0.1637
7484,7.484,0.0081,0.0017,-0.0037,0.0025,0.4618,0.2505
7485,7.485,0.0033,0.0027,-0.0044,0.0089,0.5766,0.3288
7486,7.486,0.005,-0.0025,0.0009,-0.0014,0.4751,0.3999
7487,7.487,0.0102,0.002,-0.001,-0.0001,0.3823,0.2086
7488,7.488,0.0053,0.0029,-0.0003,-0.0064,0.8081,0.4992
7489,7.489,-0.0005,0.0066,-0.0007,-0.0008,1.6597,1.0807
7490,7.49,0.0017,-0.0041,-0.0021,0.0001,1.0932,0.5393
7491,7.491,0.0037,-0.0026,-0.0041,-0.0045,-0.0421,0.0455
7492,7.492,0.0068,0.0014,-0.0001,0.005,-0.1959,-0.2758
7493,7.493,0.0003,0.0026,-0.0014,0.0013,-0.3352,-0.335
7494,7.494,0.0029,0.0036,-0.0034,0.0023,-0.4611,-0.2829
7495,7.495,0.0022,-0.0017,-0.0029,-0.003,-0.5756,-0.3314
7496,7.496,0.0028,-0.0009,-0.0016,0.0034,-0.4735,-0.288
7497,7.497,-0.0002,-0.0035,-0.0024,-0.0025,-1.691,-0.8835
7498,7.498,0.0038,-0.0057,0.0001,-0.0003,-1.5263,-0.7986
7499,7.499,0.0003,-0.0078,-0.0015,0.0017,-0.469,-0.1007
7500,7.5,0.0006,-0.0048,-0.0014,-0.0014,0.2193,0.1821
7501,7.501,0.0045,-0.0031,-0.0034,-0.0009,0.3462,0.2688
7502,7.502,0.0009,-0.0026,-0.0025,0.0016,0.4607,0.347
7503,7.503,0.0012,-0.0015,-0.0011,0.0047,0.5646,0.2776
7504,7.504,-0.0017,0.0005,-0.0001,0.005,0.4717,0.2141
7505,7.505,-0.002,0.0023,0.0003,0.0025,1.238,0.7374
7506,7.506,-0.0044,0.0026,0.0007,-0.0008,1.5476,0.9488
7507,7.507,-0.0021,-0.0018,0.0029,-0.0064,0.7041,0.3728
7508,7.508,0.001,-0.0001,-0.0007,-0.0011,-0.092,-0.1705
7509,7.509,-0.0002,-0.0037,0,-0.0076,-0.4034,-0.2422
7510,7.51,-0.0012,0.0005,-0.0033,0.0019,-0.4985,-0.307
7511,7.511,-0.0023,-0.0013,-0.0028,0.0007,-0.5846,-0.3657
7512,7.512,0.0021,0.0012,-0.0006,-0.0003,-0.3532,-0.2076
7513,7.513,0.0004,0.0042,-0.0029,0.0028,-0.8457,-0.544
7514,7.514,-0.0011,0.0013,0.0005,0.0001,-1.8052,-1.1121
7515,7.515,-0.0014,-0.0006,-0.0032,0.0026,-1.1197,-0.5704
7516,7.516,0.0025,-0.003,-0.0025,-0.0043,0.0047,0.0645
7517,7.517,-0.0001,0.0001,0.0007,0.0003,0.4602,0.3217
7518,7.518,0.0003,0.0011,-0.0012,-0.0022,0.5992,0.2458
7519,7.519,-0.0017,-0.0042,-0.0021,-0.0015,0.4764,0.3169
7520,7.52,0.0001,-0.0004,-0.0043,-0.0008,0.5907,0.2538
7521,7.521,-0.0031,0.0073,-0.0039,0.0035,0.4885,0.3122
7522,7.522,-0.0002,0.0043,-0.0063,0.0006,1.5189,0.9994
7523,7.523,0.0002,-0.0003,-0.0017,-0.0009,1.3828,0.7191
7524,7.524,0.0019,-0.0028,-0.0021,0.0003,0.2595,0.1221
7525,7.525,0.0043,-0.0035,-0.0085,0.0007,-0.1953,-0.2665
7526,7.526,0.0001,0.003,-0.0026,-0.0003,-0.3344,-0.1975
7527,7.527,-0.0016,0.0021,-0.0047,-0.0013,-0.4601,-0.2621
7528,7.528,-0.002,0.0059,-0.0027,0.0032,-0.5741,-0.3206
7529,7.529,0.0005,0.0023,-0.0022,0.0037,-0.2658,-0.2681
7530,7.53,-0.0025,-0.0019,-0.0028,0.0002,-1.2955,-0.7965
7531,7.531,-0.0021,0.0021,-0.0013,0.0045,-1.7073,-1.0077
7532,7.532,-0.0039,-0.0004,-0.0018,0.0016,-0.5843,-0.3034
7533,7.533,-0.0015,-0.0016,-0.0083,0.0011,0.173,0.1668
7534,7.534,0.0016,-0.008,-0.0057,0.0042,0.3129,0.2538
7535,7.535,-0.0009,-0.0016,-0.0034,0.0071,0.4394,0.3322
7536,7.536,-0.0026,0.0009,-0.0042,0.0014,0.5542,0.4033
7537,7.537,-0.0023,0.0062,-0.0079,-0.0045,0.4524,0.2122
7538,7.538,-0.0004,0.0013,-0.0076,-0.0038,0.9211,0.5029
7539,7.539,-0.0016,0.003,-0.0072,-0.0002,1.6882,1.0845
7540,7.54,-0.0027,0.0047,-0.0027,-0.006,0.968,0.5431
7541,7.541,0.0005,0.0072,-0.0059,-0.0066,0.1233,0.0495
7542,7.542,0.0035,0.0042,-0.0125,-0.0017,-0.4456,-0.2718
7543,7.543,-0.0012,0.0003,-0.0068,-0.0022,-0.3443,-0.2148
7544,7.544,-0.0007,0.0019,-0.0123,-0.0027,-0.4388,-0.2683
7545,7.545,0.0022,0.0062,-0.0105,-0.0001,-0.5247,-0.3168
7546,7.546,0.0007,0.0033,-0.0038,-0.0013,-0.4478,-0.3606
7547,7.547,0.0046,0.0008,-0.0069,0.0023,-1.6736,-1.0213
7548,7.548,0.0015,-0.0027,-0.0063,0.0035,-1.3227,-0.7438
7549,7.549,0.0035,-0.0039,-0.0073,0.0025,-0.3616,-0.2014
7550,7.55,0.001,-0.0035,-0.0069,0.0008,0.3272,0.1874
7551,7.551,0.002,0.0023,-0.0092,0.0019,0.4541,0.259
7552,7.552,0.0023,-0.0003,-0.0037,0.0026,0.5689,0.3236
7553,7.553,0.0009,0.002,-0.0077,-0.0013,0.4672,0.2664
7554,7.554,0.0026,-0.0029,-0.0044,-0.0018,0.3744,0.214
7555,7.555,-0.0001,0.0054,-0.0004,-0.0003,1.3112,0.8386
7556,7.556,0.0015,-0.0001,0.0011,0.004,1.6858,0.9241
7557,7.557,-0.0002,0.0029,-0.0017,-0.0013,0.6652,0.3818
7558,7.558,-0.0003,0.0038,0.0041,0.0007,-0.2971,-0.1121
7559,7.559,-0.0021,0.0013,0.0047,-0.0035,-0.4243,-0.1776
7560,7.56,-0.0004,-0.0009,0.0023,0.0006,-0.539,-0.3528
7561,7.561,-0.0002,0.0012,-0.0029,-0.0042,-0.4374,-0.3007
7562,7.562,-0.0025,-0.0031,-0.0026,-0.0012,-0.5318,-0.253
7563,7.563,-0.0023,-0.0071,-0.0011,0.0005,-0.9577,-0.5588
7564,7.564,-0.0047,-0.0066,-0.0008,-0.003,-1.8097,-1.0753
7565,7.565,0.0003,-0.0054,0.0059,-0.0009,-1.0169,-0.5831
7566,7.566,-0.0004,-0.0118,0.0026,-0.0047,0.1183,-0.0059
7567,7.567,-0.0009,-0.0259,0.0016,-0,0.272,0.228
7568,7.568,-0.0038,-0.0157,-0.0045,0.0057,0.411,0.159
7569,7.569,-0.0023,-0.0027,-0.0025,0.0005,0.5369,0.3515
7570,7.57,-0.0054,0.0024,0.0023,-0.0016,0.4245,0.2939
7571,7.571,-0.0118,0.01,0.0064,-0.0021,0.5277,0.3468
7572,7.572,-0.0073,0.006,0.0079,0.002,1.5576,1.0675
7573,7.573,-0.0064,0.0022,0.0073,-0.0016,1.1468,0.759
7574,7.574,-0.0043,0.0054,0.0102,-0.0038,0.2723,0.1022
7575,7.575,0.0006,0.0024,0.0081,-0.0041,-0.2973,-0.155
7576,7.576,0.0023,0.0069,0.0137,-0.0099,-0.4025,-0.2339
7577,7.577,0.0028,0.0078,0.0095,-0.0142,-0.4977,-0.305
7578,7.578,0.0043,0.0084,0.0072,-0.0089,-0.5842,-0.3695
7579,7.579,0.0031,0.0049,0.0121,0.0017,-0.3532,-0.1957
7580,7.58,0.0002,0.0006,0.0203,0.0002,-1.4084,-0.8828
7581,7.581,0.0044,0.0023,0.0193,0.0015,-1.5604,-0.9769
7582,7.582,0.0049,0.0007,0.0223,0.0052,-0.6003,-0.3805
7583,7.583,0.0064,-0.0054,0.0232,0.0042,0.2747,0.1631
7584,7.584,0.0042,-0.0012,0.0154,0.0011,0.3903,0.2347
7585,7.585,0.0022,-0.0006,0.004,0.0057,0.4941,0.2994
7586,7.586,0.0018,0.0001,-0.0005,0.0082,0.5884,0.358
7587,7.587,0.0051,-0.003,-0.0045,0.0029,0.3334,0.1999
7588,7.588,-0.0005,-0.0002,-0.0056,0.005,0.8751,0.5362
7589,7.589,-0.0012,-0.0059,-0.0023,0.0054,1.6489,1.0168
7590,7.59,0.0023,-0.0007,-0.0032,0.0059,0.928,0.5691
7591,7.591,-0.0007,-0.0114,-0.004,-0.0018,0.0824,-0.072
7592,7.592,-0.0012,-0.0221,-0.0047,0.0037,-0.2604,-0.159
7593,7.593,-0.0028,-0.0181,0.0007,0.0047,-0.3655,-0.2377
7594,7.594,0.0023,0.0008,-0.0012,-0.0037,-0.4605,-0.3089
7595,7.595,0.0016,0.0089,-0.0052,-0.0005,-0.5466,-0.2457
7596,7.596,0.0033,0.0015,-0.001,-0.0035,-0.4702,-0.3042
7597,7.597,0.0038,0.0081,-0.0003,-0.0062,-1.5255,-0.9915
7598,7.598,0.0064,0.0019,0.0011,-0.002,-1.3759,-0.7114
7599,7.599,-0.0006,0,-0.0051,-0.0027,-0.1404,-0.1146
7600,7.6,-0.0016,0.0017,-0.0022,0.0009,0.36,0.2739
7601,7.601,-0.0024,0.0001,-0.0045,-0.0022,0.5126,0.2048
7602,7.602,0.0035,0.0041,-0.0036,0.0019,0.6508,0.2694
7603,7.603,-0.0017,0.0028,-0.0054,0.0014,0.5272,0.3278
7604,7.604,0.0003,-0.0004,-0.0035,0.0065,0.4143,0.2752
7605,7.605,-0.0014,-0.0015,-0.0027,0.0029,1.3412,0.8037
7606,7.606,-0.0031,-0.0007,-0.0019,0.0046,1.4664,0.8743
7607,7.607,-0.0026,0.0087,-0.0047,0.0006,0.6723,0.2978
7608,7.608,0.0005,0.0049,-0.0057,0.0084,-0.2576,-0.0911
7609,7.609,0.0034,0.0017,-0.0051,0.0052,-0.3852,-0.3038
7610,7.61,0.0031,0.0026,-0.0032,0.0062,-0.5003,-0.3688
7611,7.611,0.0048,0.0017,-0.0053,0.0036,-0.6044,-0.3118
7612,7.612,0.0011,0.0112,-0.0033,-0.0007,-0.3243,-0.2597
7613,7.613,-0.0011,0.0049,0.0003,0,-0.9208,-0.5963
7614,7.614,0.0001,0.0038,0.0008,-0.0106,-1.7728,-1.0774
7615,7.615,-0.0024,-0.0015,-0.0037,-0.009,-0.98,-0.5019
7616,7.616,-0.002,-0.0061,-0.0066,-0.0021,-0.0503,0.0412
7617,7.617,-0.0016,-0.0036,-0.0035,-0.0008,0.3263,0.2536
7618,7.618,-0.0035,-0.0043,0.0002,0.0002,0.4414,0.3186
7619,7.619,-0.0005,0.0006,-0.0039,-0.0008,0.5456,0.3772
7620,7.62,-0.0015,0.0037,-0.0032,-0.0016,0.4531,0.3248
7621,7.621,-0.0018,0.002,-0.0005,-0.0024,0.5387,0.3729
7622,7.622,-0.0035,-0.0058,-0.0055,-0.0002,1.6999,1.0281
7623,7.623,-0.0016,-0.0025,-0.0074,0.0019,1.2032,0.7475
7624,7.624,0.0018,0.0006,-0.0056,0.0036,0.1457,0.1503
7625,7.625,-0.0012,-0.0002,-0.006,0.0008,-0.2682,-0.2386
7626,7.626,-0.005,-0.001,-0.0033,0.0013,-0.3946,-0.3102
7627,7.627,-0.0014,-0.0003,-0.0075,-0.0037,-0.5091,-0.375
7628,7.628,0.0008,0.0018,0.0014,-0.0017,-0.6129,-0.3177
7629,7.629,0.0005,0.0023,-0.0023,0,-0.3328,-0.2653
7630,7.63,0.0015,0.0076,-0.0032,0.003,-1.2691,-0.8899
7631,7.631,-0.0037,0.0027,-0.0062,0.0015,-1.6435,-0.9756
7632,7.632,-0.0015,0.0011,-0.0035,-0.0007,-0.6225,-0.2786
7633,7.633,0.0021,-0.0041,-0.0026,-0.001,0.3405,0.1912
7634,7.634,0.0016,-0.0034,-0.0004,0.001,0.4681,0.2778
7635,7.635,-0.0012,-0.0029,0.0003,-0.0013,0.5829,0.3558
7636,7.636,0.0035,0.0001,-0.004,-0.0009,0.4814,0.2864
7637,7.637,0.0005,0.0006,-0.0045,-0.0039,0.3887,0.2227
7638,7.638,0.0046,-0.0005,-0.0071,-0.001,0.8148,0.5132
7639,7.639,0.001,-0.0016,-0.006,-0.0035,1.6668,0.9889
7640,7.64,0.0014,-0.0012,-0.004,-0.0025,0.8741,0.5411
7641,7.641,0.0043,0.0035,-0.0037,0.0019,-0.0554,0.0163
7642,7.642,0.0007,0.0078,-0.0055,-0.0033,-0.4317,-0.1963
7643,7.643,0.0058,0.0002,-0.0093,-0.0013,-0.5464,-0.2614
7644,7.644,-0.0006,0.0055,-0.0071,-0.0008,-0.4449,-0.3202
7645,7.645,-0.0032,0.0048,-0.0033,0.0045,-0.5394,-0.2681
7646,7.646,0.0005,0.0007,-0.0029,0.0038,-0.4549,-0.3166
7647,7.647,-0.0015,0.0045,-0.0026,0.0043,-1.616,-0.972
7648,7.648,0.0041,-0.0017,-0.0021,0.0026,-1.3047,-0.7498
7649,7.649,-0.0001,0.0049,-0.0034,0.0031,-0.1416,-0.0932
7650,7.65,0.0015,0.0024,-0.0077,0.0016,0.3138,0.1639
7651,7.651,0.003,0.0003,-0.0073,-0.0035,0.4533,0.2424
7652,7.652,-0.0012,-0.0003,-0.0078,-0.0056,0.5791,0.3132
7653,7.653,-0.0017,0.0068,-0.0049,-0.0025,0.4669,0.2496
7654,7.654,-0.0002,0.0004,0.0015,-0.002,0.3643,0.1917
7655,7.655,-0.0033,0.0065,0.0042,0.0015,1.3942,0.8785
7656,7.656,-0.003,0.0013,0.005,-0.0046,1.5318,0.9724
7657,7.657,-0.0033,0.0078,0.0027,-0.0072,0.658,0.3755
7658,7.658,-0.0057,-0.0016,0.0076,-0.0003,-0.1382,-0.1682
7659,7.659,-0.0054,0.0022,0.0133,0.0024,-0.4497,-0.2401
7660,7.66,-0.0012,-0.0009,0.0185,0.0016,-0.5449,-0.3051
7661,7.661,-0.0055,0.0022,0.0078,-0.0007,-0.4612,-0.364
7662,7.662,-0.0143,0.0031,0.0063,-0,-0.3848,-0.2061
7663,7.663,-0.0081,-0.0046,0.0132,-0.0017,-0.8775,-0.6389
7664,7.664,-0.0071,-0.0055,0.0144,-0.0013,-1.8376,-1.0461
7665,7.665,0.0001,-0.0082,0.0066,-0.0008,-0.878,-0.5705
7666,7.666,0.0009,-0.0022,-0.0029,-0.0005,-0.0031,0.0068
7667,7.667,0.0001,-0.0015,-0.0017,-0.0026,0.3392,0.2406
7668,7.668,0.0007,-0.005,0.0015,-0.0007,0.4437,0.3119
7669,7.669,0.0027,-0.0045,0.0005,0.0009,0.5384,0.3766
7670,7.67,0.0057,-0.0085,-0.0021,-0.0015,0.4541,0.3191
7671,7.671,0.0028,-0.0162,0.0038,0.0027,0.5316,0.3721
7672,7.672,0.0023,-0.0265,0.0017,0.0032,1.5867,0.9967
7673,7.673,0.0011,-0.014,0.0037,0.0049,1.1348,0.7417
7674,7.674,0.0014,0.0013,0.0033,0.0033,0.1729,0.0439
7675,7.675,0.0003,0.0074,0.0005,0.0003,-0.204,-0.2388
7676,7.676,0.0027,0.0055,0.0021,0.0031,-0.3194,-0.3254
7677,7.677,0.007,0.0072,-0.0009,-0.0027,-0.4236,-0.4035
7678,7.678,-0.0006,0.0026,-0.0005,-0.0036,-0.5185,-0.3339
7679,7.679,0.0046,0.0067,-0.0008,-0.0029,-0.4344,-0.2704
7680,7.68,0.0073,0.0004,-0.001,0.0006,-1.4407,-0.7935
7681,7.681,0.0013,-0.0006,-0.0012,-0.0089,-1.5786,-0.8642
7682,7.682,0.005,-0.0037,-0.003,-0.0158,-0.7054,-0.2878
7683,7.683,-0.0014,-0.0046,0.001,-0.0147,0.3171,0.256
7684,7.684,-0.0006,0.0013,0.004,-0.0069,0.457,0.1875
7685,7.685,-0.0028,0.0005,0.0026,0.0003,0.5829,0.3804
7686,7.686,-0.0008,-0.0016,0.003,0.0106,0.4707,0.3232
7687,7.687,-0.0025,-0.0033,0.0003,0.0036,0.3682,0.2708
7688,7.688,-0.002,-0.0017,0.0023,0.0073,0.8365,0.6075
7689,7.689,0.0027,0.0008,-0.0021,0.0083,1.7732,1.0011
7690,7.69,0.001,-0.0015,-0.0015,0.0093,0.9009,0.5256
7691,7.691,-0.0007,0.0004,-0.0019,0.0047,-0.1214,-0.0514
7692,7.692,-0.0002,-0.0039,-0.0022,0.0073,-0.2613,-0.2849
7693,7.693,-0.0014,-0.0057,0.0001,0.0051,-0.388,-0.2156
7694,7.694,0.0014,0.002,0.0006,0.0044,-0.5026,-0.2801
7695,7.695,0.0004,-0.0013,0.0026,0.0013,-0.4008,-0.3385
7696,7.696,-0.0042,-0.0024,0.0038,-0.0016,-0.495,-0.3913
7697,7.697,0.0028,0.0039,0.0003,0.002,-1.7722,-1.0158
7698,7.698,0,-0.0022,-0.0038,0.0089,-1.2256,-0.7607
7699,7.699,-0.0008,-0.0076,-0.0007,-0.0005,-0.3943,-0.0629
7700,7.7,0.0029,-0.0013,-0.0001,0.0108,0.3627,0.2199
7701,7.701,0.0009,0.0011,-0.005,0.0032,0.5019,0.3064
7702,7.702,0.0039,0.0003,-0.0028,0.0018,0.6275,0.3846
7703,7.703,0.0011,-0.0047,-0.0043,0.0006,0.5155,0.3152
7704,7.704,0.0026,-0.0006,-0.0024,-0.0072,0.4132,0.2518
7705,7.705,0.0022,-0.0012,-0.0048,-0.0041,1.4432,0.8913
7706,7.706,0.0026,-0.0029,-0.0043,0.0004,1.5809,0.9772
7707,7.707,0,-0.0008,-0.0029,0.003,0.458,0.2802
7708,7.708,-0.001,0.0011,-0.0038,-0.004,-0.299,-0.1895
7709,7.709,0.0014,0.0068,-0.0033,-0.0013,-0.4386,-0.276
7710,7.71,0.0028,0.0024,-0.0028,-0.0021,-0.5649,-0.3542
7711,7.711,-0.001,0.0016,-0.0057,-0.0073,-0.4532,-0.2846
7712,7.712,0.0007,0.0022,-0.0027,-0.0053,-0.3512,-0.2208
7713,7.713,-0.0028,0.0051,-0.0023,-0.0022,-1.007,-0.6275
7714,7.714,-0.0006,-0.0003,-0.0045,-0.0017,-1.7738,-1.1034
7715,7.715,-0.0002,-0.0011,-0.0048,-0.0032,-0.8472,-0.5275
7716,7.716,-0.0052,-0.0017,-0.0029,-0.0001,0.0278,0.0162
7717,7.717,0.0013,-0.0035,-0.0012,0.0019,0.3703,0.2288
7718,7.718,0.0022,-0.0051,0.0016,-0.0006,0.475,0.294
7719,7.719,-0.0015,-0.0009,-0.0036,-0.0016,0.5697,0.353
7720,7.72,-0.0021,0.0019,0.0001,-0.0005,0.4855,0.3009
7721,7.721,-0.0037,-0.0029,-0.0005,-0.0024,0.5631,0.3494
7722,7.722,0.0016,0.004,0,-0.0017,1.6182,1.0051
7723,7.723,-0.0019,0.0048,-0.0004,-0.001,1.1663,0.7248
7724,7.724,0.0012,0.0056,-0.0019,0.0019,0.2045,0.1279
7725,7.725,-0.0005,0.0049,0.0003,0.0016,-0.4215,-0.2606
7726,7.726,-0.0009,0.0042,0.0006,0.0019,-0.3106,-0.3321
7727,7.727,-0.0006,0.0037,0.0042,0.003,-0.4149,-0.2688
7728,7.728,0.0024,0.0066,-0.0019,0.0016,-0.5097,-0.3274
7729,7.729,0.0014,0.0072,0.0006,0.0004,-0.4254,-0.2747
7730,7.73,0.0011,0.0075,-0.0016,-0.0023,-1.4318,-0.8993
7731,7.731,0.0028,0.0011,0.0004,-0.0013,-1.5699,-0.9847
7732,7.732,-0.0013,0.0057,-0.0027,-0.0009,-0.6967,-0.2872
7733,7.733,0.0018,0.0049,-0.0023,0.0009,0.3257,0.183
7734,7.734,0.0013,-0.002,-0.0038,0.0003,0.4653,0.2698
7735,7.735,0.0009,0.0044,0.0003,0.002,0.5912,0.3481
7736,7.736,0.0006,0.0003,-0.0002,0.001,0.4791,0.2789
7737,7.737,-0.0006,-0.0019,-0.005,-0.0004,0.3767,0.2155
7738,7.738,0.0013,0.006,-0.0034,-0.0024,0.8448,0.6224
7739,7.739,0.0017,0.003,-0.0029,0.0015,1.6113,0.9924
7740,7.74,-0.0006,0.0022,-0.0015,-0.0037,0.8904,0.4638
7741,7.741,0.0025,0.0015,-0.0019,-0.0044,0.0449,-0.03
7742,7.742,-0.0004,0.0037,0.0019,0.0039,-0.2977,-0.2234
7743,7.743,-0.0039,0.0045,-0.0049,-0.0039,-0.4024,-0.2824
7744,7.744,-0.0008,0.0063,-0.0023,0.0034,-0.4971,-0.3359
7745,7.745,0.0012,0.0059,-0.0066,0.0026,-0.4133,-0.2884
7746,7.746,0.0023,0.0045,-0.0089,-0.0017,-0.646,-0.3324
7747,7.747,-0.0016,0.0042,-0.004,-0.0054,-1.7013,-0.9281
7748,7.748,0.0042,0.0023,-0.0024,0.0039,-1.2498,-0.6732
7749,7.749,-0.0014,-0.0006,-0.0001,-0.0002,-0.246,-0.0927
7750,7.75,-0.0021,-0.0041,-0.0055,0.001,0.4422,0.2961
7751,7.751,0.0015,-0.0028,-0.0049,0.002,0.32,0.2274
7752,7.752,-0.0002,-0.0038,-0.0066,0.005,0.4344,0.2922
7753,7.753,0.0039,0.0021,-0.0084,0.0005,0.5382,0.3509
7754,7.754,0.0044,-0.002,-0.007,0.0013,0.445,0.1928
7755,7.755,0.0013,-0.0056,-0.0001,0.005,1.3814,0.8175
7756,7.756,0.0001,-0.002,0.0028,0.0001,1.5066,0.9031
7757,7.757,-0.0024,-0.0013,-0,-0.003,0.4857,0.3606
7758,7.758,-0.0077,-0.0007,0.0041,-0.0001,-0.2031,-0.1336
7759,7.759,-0.0114,0.003,0.0062,-0.0006,-0.3303,-0.1991
7760,7.76,-0.0108,0.0009,0.0054,0.0005,-0.4451,-0.3743
7761,7.761,-0.0091,0.0014,0.0084,-0.005,-0.5491,-0.3222
7762,7.762,-0.0062,0.0018,0.01,-0.0073,-0.4561,-0.1783
7763,7.763,-0.0057,-0.0004,0.0104,-0.0166,-0.8821,-0.6589
7764,7.764,-0.0007,-0.0013,0.0164,-0.0078,-1.734,-1.1069
7765,7.765,-0.0014,-0.0055,0.0138,-0.0022,-0.9409,-0.4675
7766,7.766,-0.0019,-0.0049,0.0131,-0.0012,-0.011,0.1301
7767,7.767,-0.0003,-0.0076,0.0024,0.0052,0.3656,0.2091
7768,7.768,0.0032,-0.0028,-0.0023,-0.0026,0.4808,0.2804
7769,7.769,0.0044,-0.0022,-0.0037,-0.0016,0.5852,0.3451
7770,7.77,0.004,-0.0004,-0,0.0069,0.4927,0.1714
7771,7.771,0.0036,-0.0018,-0.0033,0.0059,0.5784,0.3299
7772,7.772,-0.0003,-0.0021,-0.0023,0.0069,1.5849,0.9546
7773,7.773,0.0022,-0.0049,-0.0032,0.0061,1.1745,0.6996
7774,7.774,0.0018,-0.0106,-0.0007,0.0035,0.3004,0.1565
7775,7.775,0.003,-0.02,-0.0001,0.0013,-0.2686,-0.1967
7776,7.776,0.0019,-0.0137,-0.0008,0.0091,-0.3734,-0.2621
7777,7.777,-0.002,0.0013,-0.0003,0.0018,-0.4677,-0.321
7778,7.778,0.0015,-0.0007,0.0037,0.0027,-0.5535,-0.2688
7779,7.779,0.0045,0.0049,0.0001,0.0018,-0.3218,-0.221
7780,7.78,-0.002,0.0032,0.0023,-0.0004,-1.3766,-0.8764
7781,7.781,-0.0085,0.0047,-0.0024,0.0003,-1.5278,-0.9704
7782,7.782,-0.011,-0.0022,0.0033,0.0033,-0.5665,-0.2035
7783,7.783,-0.0089,0.0015,-0.0019,-0.0007,0.3092,0.1072
7784,7.784,-0.0025,0.0005,-0.0026,-0.0043,0.4254,0.2024
7785,7.785,-0.0017,-0.0006,-0.0009,-0.0039,0.5303,0.2883
7786,7.786,-0.0011,-0.0014,0.0008,-0.0027,0.6254,0.3663
7787,7.787,0.0067,-0.0023,-0.004,0.0008,0.3712,0.2964
7788,7.788,0.0014,-0.0017,-0.0022,-0.0022,0.9137,0.6162
7789,7.789,0.0005,0.0047,-0.0075,-0.0026,1.6883,1.0232
7790,7.79,0.0047,0.0004,0.0004,-0,0.7617,0.4419
7791,7.791,0.0053,-0.0018,-0.0026,0.0052,-0.1127,-0.1016
7792,7.792,0.0046,0.003,0.0001,0.003,-0.4547,-0.1736
7793,7.793,0.0051,0.0013,-0.0058,0.0037,-0.353,-0.2388
7794,7.794,0.0056,-0.0029,-0.0079,-0.0032,-0.4475,-0.2977
7795,7.795,0.005,-0.0024,-0.003,0.0013,-0.5331,-0.2456
7796,7.796,0.0053,-0.0022,0.0001,-0.0029,-0.6104,-0.3901
7797,7.797,-0.0011,-0.0019,-0.0063,-0.0036,-1.6654,-1.0456
7798,7.798,0.0015,-0.0002,-0.0037,-0.0071,-1.2132,-0.7652
7799,7.799,0.0024,-0.0006,-0.0073,-0.0014,-0.2507,-0.1682
7800,7.8,0.0045,-0.0058,-0.0066,-0.0007,0.3761,0.2204
7801,7.801,0.0025,0.0019,0.003,-0.0014,0.4919,0.2917
7802,7.802,-0.0006,0.0008,0.0127,-0.0019,0.5965,0.3561
7803,7.803,-0.0001,-0.002,0.0116,-0.0002,0.5042,0.2984
7804,7.804,-0.0006,-0.0013,0.0085,0.0003,0.4199,0.2456
7805,7.805,-0.001,0.0039,0.0138,-0.0008,1.4265,0.8698
7806,7.806,0.001,-0.0011,0.0075,0.0004,1.5647,0.9551
7807,7.807,0.0029,-0.0029,0.0084,-0.0007,0.4421,0.2576
7808,7.808,0.0005,-0.0014,0.0048,0.0003,-0.3148,-0.2126
7809,7.809,-0.0039,0.0001,0.0042,-0.0013,-0.454,-0.2996
7810,7.81,-0.0011,0.0011,0,-0.0015,-0.5797,-0.3781
7811,7.811,-0.0016,0.0066,-0.0016,0.0002,-0.4673,-0.309
7812,7.812,0.0006,0.0028,-0,0.0019,-0.3649,-0.2458
7813,7.813,0.0027,-0.0009,-0.003,0.0024,-1.0205,-0.6529
7814,7.814,-0.0024,0.0007,-0.0041,0.0028,-1.7871,-1.0234
7815,7.815,-0.0003,-0.0046,-0.0015,0.0052,-0.8599,-0.495
7816,7.816,-0.002,-0.0027,-0.0012,0.0008,0.0153,0.1394
7817,7.817,0.0033,-0.0032,-0.0022,0.0013,0.358,0.2259
7818,7.818,0.0013,-0.0016,-0.0029,0.0009,0.4629,0.304
7819,7.819,0.0008,-0.0012,-0.0012,-0.0013,0.5579,0.3747
7820,7.82,-0.0032,0.0018,-0.0019,-0.006,0.4739,0.3109
7821,7.821,-0.0047,0.0021,-0.0039,-0.0043,0.5517,0.369
7822,7.822,-0.005,0.003,-0.0047,0.0021,1.607,1.0559
7823,7.823,-0.0011,0.0006,-0.0025,0.0013,1.1552,0.5878
7824,7.824,0.0015,0.0022,-0.0039,0.005,0.1935,0.1607
7825,7.825,0.0012,0.0052,-0.0033,0.0001,-0.4324,-0.2283
7826,7.826,0.0016,0.008,-0.0007,-0.0004,-0.3214,-0.2999
7827,7.827,0.0075,0.0061,0.0003,0.0037,-0.4255,-0.3648
7828,7.828,-0.0003,0.0077,-0.0029,0.0022,-0.5202,-0.3074
7829,7.829,0.0008,0.0026,-0.0055,-0.0039,-0.436,-0.2552
7830,7.83,0,0.0006,-0.0004,-0.0117,-1.4423,-0.88
7831,7.831,-0.0025,-0.0037,0.0001,-0.0044,-1.5803,-0.9657
7832,7.832,-0.0002,0.0003,0.0006,0.0021,-0.4576,-0.2686
7833,7.833,0.0005,-0.0044,-0.0053,0.0046,0.2994,0.2012
7834,7.834,0.0022,0.0013,-0.0048,0.0025,0.4388,0.2877
7835,7.835,0.0017,0.002,-0.0071,-0.0011,0.5646,0.3656
7836,7.836,-0.0029,0.0013,-0.0078,0.002,0.4523,0.2959
7837,7.837,-0.0024,0.003,-0.0121,0.0037,0.3499,0.2323
7838,7.838,-0.0006,0.0071,-0.0075,0.0022,1.0053,0.6391
7839,7.839,-0.0021,0.0024,-0.0083,0.001,1.6014,1.0089
7840,7.84,0.003,0.0041,-0.0068,-0.0037,0.9044,0.4801
7841,7.841,0.001,-0.0011,-0.0045,0.0006,-0.1285,-0.0139
7842,7.842,-0.0006,0.0009,-0.0059,0.0023,-0.2688,-0.2076
7843,7.843,-0.0035,-0.0007,-0.0033,-0.0025,-0.3953,-0.2666
7844,7.844,0.0043,0.0069,-0.0025,0.0006,-0.5101,-0.3201
7845,7.845,-0.0012,0.0039,-0.0074,0.0023,-0.4085,-0.2726
7846,7.846,0.0041,0.0012,-0.0093,0.0018,-0.6902,-0.4037
7847,7.847,0.0032,0.0004,-0.0101,-0.0004,-1.7977,-0.9993
7848,7.848,0.0007,-0.0017,-0.0068,0.0016,-1.3462,-0.7444
7849,7.849,0.0014,0.0003,-0.0101,0.0006,-0.1102,-0.0465
7850,7.85,0.0011,0.0019,-0.0079,0.0014,0.3622,0.2182
7851,7.851,-0.0009,0.0003,-0.0042,-0.0018,0.5298,0.3131
7852,7.852,0.0008,-0.0025,-0.007,-0.0006,0.6815,0.399
7853,7.853,0.0003,-0.005,-0.0115,-0.0016,0.5451,0.3226
7854,7.854,-0.0002,-0.0018,-0.0101,0.0016,0.421,0.2529
7855,7.855,-0.0014,0.0021,-0.0068,0.0004,1.4403,0.8286
7856,7.856,0.0014,0.0048,-0.001,0.003,1.5778,0.9064
7857,7.857,-0.0011,0.0036,-0.0038,-0.0009,0.4547,0.2727
7858,7.858,0.0028,0.0093,-0.0003,-0.0004,-0.3027,-0.1545
7859,7.859,-0.002,-0.0006,-0.0026,0.0046,-0.4426,-0.2332
7860,7.86,-0.0003,-0.0019,0.0013,0.0039,-0.5691,-0.3042
7861,7.861,-0.002,0.0019,-0.0018,0.0044,-0.4575,-0.3688
7862,7.862,-0.0005,0.001,0.0027,0.0015,-0.3556,-0.1946
7863,7.863,-0.0074,-0.0084,0.0041,-0.0032,-1.0115,-0.6701
7864,7.864,-0.0022,-0.0222,0.0067,-0.0002,-1.7787,-0.9899
7865,7.865,-0.0031,-0.0166,0.007,-0.0043,-0.8519,-0.4662
7866,7.866,-0.0023,-0.0047,0.0065,-0.0058,0.023,0.0279
7867,7.867,-0.0045,-0,0.0042,-0.0016,0.3655,0.2217
7868,7.868,0.0048,0.0041,0.0076,-0.0045,0.47,0.281
7869,7.869,-0.004,0.003,0.0031,-0.004,0.5645,0.2293
7870,7.87,-0.0051,0.0087,0.0035,-0.0037,0.4803,0.1821
7871,7.871,-0.0041,0.0057,0.0008,0.0001,0.5579,0.401
7872,7.872,-0.005,0.0012,0.0076,0.0036,1.6131,0.9969
7873,7.873,-0.0109,0.0005,0.0105,-0.0007,1.1611,0.7422
7874,7.874,-0.0147,0.0058,0.0112,-0.0002,0.1992,0.0446
7875,7.875,-0.0054,0.0052,0.017,-0.0007,-0.427,-0.2376
7876,7.876,0.0008,0.0035,0.0117,-0.0011,-0.3162,-0.3237
7877,7.877,-0.0025,0.0007,0.0096,-0.0051,-0.4206,-0.2469
7878,7.878,0.0006,0.0013,0.0153,-0.0026,-0.5154,-0.3174
7879,7.879,-0.0003,0.0017,0.0115,-0.0068,-0.4312,-0.2534
7880,7.88,0.0056,-0.0047,0.0121,-0.0157,-1.4375,-0.8925
7881,7.881,0.0092,-0.0039,0.0204,-0.0169,-1.5755,-0.8076
7882,7.882,0.0028,-0.0013,0.0214,-0.0091,-0.4525,-0.2649
7883,7.883,0.0036,-0.0019,0.0162,-0.0039,0.3043,0.2295
7884,7.884,0.0057,-0.0083,0.0059,-0.0013,0.4438,0.2952
7885,7.885,0.0021,-0.0024,-0.001,0.0012,0.5699,0.3544
7886,7.886,0.0038,-0.0046,-0.0047,0.0065,0.4576,0.3024
7887,7.887,0.0054,-0.0025,-0.0036,0.0029,0.3555,0.2551
7888,7.888,0.0018,-0.002,-0.0046,0.0045,1.011,0.6486
7889,7.889,-0.0013,0.0044,-0.0018,0.005,1.6073,1.0188
7890,7.89,-0.001,-0.0033,0.0009,0.0085,0.9105,0.4902
7891,7.891,0.0015,0.0019,-0.0075,0.0034,-0.1221,-0.1444
7892,7.892,0.0032,0.001,0.0005,0.0069,-0.262,-0.2309
7893,7.893,-0.0013,0.0002,-0.0024,0.0039,-0.3883,-0.3092
7894,7.894,0.0063,0.0008,-0.0014,0.0033,-0.5025,-0.38
7895,7.895,0.0032,0.0001,-0.0038,0.0101,-0.4007,-0.3164
7896,7.896,0.0041,-0.003,-0.0029,0.0055,-0.6821,-0.3747
7897,7.897,-0.0002,-0.0035,-0.0007,-0.0023,-1.7894,-1.0616
7898,7.898,0.002,-0.0051,-0.0022,0.0029,-1.3378,-0.781
7899,7.899,-0.003,-0.0063,-0.0025,0.0001,-0.1016,-0.0132
7900,7.9,0,-0.0044,-0.0028,0.0043,0.3992,0.2973
7901,7.901,0.0005,-0.0086,-0.0047,0.0021,0.5523,0.2051
7902,7.902,0.002,-0.0046,-0.0048,0.0014,0.4166,0.2909
7903,7.903,0.0041,0,-0.0042,0.0009,0.5422,0.3688
7904,7.904,0.0021,-0.0005,-0.0016,0.0014,0.4296,0.2988
7905,7.905,0.0002,0.0023,-0.0037,0.0009,1.3567,0.8744
7906,7.906,0.0025,0.0017,-0.0027,-0.0042,1.4821,0.7975
7907,7.907,-0.0012,0.0019,-0.0058,-0.0022,0.4614,0.3045
7908,7.908,-0.0034,0.0015,-0.0005,0.0036,-0.2273,-0.1448
7909,7.909,-0.0014,0.0057,-0.0038,-0.0034,-0.3542,-0.2044
7910,7.91,-0.004,0.0039,0.0007,-0.0006,-0.4687,-0.3637
7911,7.911,-0.003,0.0053,-0.0007,0.0002,-0.5725,-0.3163
7912,7.912,-0.0006,-0.0017,-0.0009,0.0039,-0.292,-0.2731
7913,7.913,0.0007,0.0034,-0.0004,0.0019,-1.0582,-0.7096
7914,7.914,0.0001,-0.007,-0.0021,0.0014,-1.7793,-1.0004
7915,7.915,-0.0006,-0.003,-0.0022,0.0031,-0.9361,-0.419
7916,7.916,-0.0001,-0.0043,-0.0017,-0.0004,0.0868,0.1245
7917,7.917,0.0029,-0.0033,-0.0045,0.0038,0.5013,0.1964
7918,7.918,0.0017,-0.0003,-0.004,0.001,0.3788,0.2613
7919,7.919,0.0028,-0.0031,-0.0071,0.0046,0.4936,0.32
7920,7.92,0.0011,-0.0074,-0.0005,0.0058,0.392,0.2677
7921,7.921,0.0008,0.001,-0.0049,0.0029,0.6734,0.4119
7922,7.922,0.0026,-0.0046,-0.0039,0.0048,1.6103,0.9799
7923,7.923,-0.0012,0.0026,-0.006,0.0017,1.2374,0.5933
7924,7.924,-0.0029,0.0034,-0.0066,-0.0012,0.2159,0.0998
7925,7.925,-0.0033,0.0075,-0.006,-0.0069,-0.1981,-0.2216
7926,7.926,-0.0045,0.0022,-0.003,-0.0093,-0.3245,-0.2808
7927,7.927,-0.0041,0.0028,-0.0035,-0.0041,-0.4386,-0.3345
7928,7.928,0.0017,0.001,-0.0023,-0.0047,-0.542,-0.287
7929,7.929,0.0026,0.0027,-0.0043,-0.0029,-0.4486,-0.2437
7930,7.93,0.002,-0.0052,-0.0018,-0.0023,-1.5552,-0.8393
7931,7.931,-0.0015,0.0003,-0.0015,0.0003,-1.4051,-0.9248
7932,7.932,0.0016,-0.0008,-0.0019,-0.0008,-0.4435,-0.2272
7933,7.933,-0.0001,0,0.0005,-0.0019,0.1829,0.2427
7934,7.934,-0.0048,0.0008,-0.0048,-0.0022,0.5254,0.3294
7935,7.935,-0.0005,0.0014,-0.0072,-0.0018,0.4243,0.2531
7936,7.936,0.0012,-0.0006,-0.0053,0.0007,0.5193,0.3241
7937,7.937,0.0038,-0.0001,-0.005,-0.0023,0.435,0.2607
7938,7.938,-0.0004,0.0003,-0.0035,-0.0011,0.9773,0.6676
7939,7.939,0.0013,0.0028,-0.0105,0.0016,1.6113,1.0376
7940,7.94,-0.0002,0.0032,-0.0117,-0.0001,0.8449,0.4127
7941,7.941,0.0029,0.0028,-0.0041,-0.0024,-0.0844,-0.0146
7942,7.942,-0.001,0.0031,-0.0034,0.0002,-0.4608,-0.2483
7943,7.943,-0.0015,0.0084,-0.0101,0.0026,-0.3488,-0.3194
7944,7.944,-0.0011,0.0031,-0.0078,0.0071,-0.4527,-0.2562
7945,7.945,0.0045,0.0067,-0.0103,0.0007,-0.3598,-0.3147
7946,7.946,0.0023,0.0024,-0.0086,0.0033,-0.6151,-0.3676
7947,7.947,0.003,0.0089,-0.0106,0.0011,-1.7761,-1.0884
7948,7.948,0.0014,0.0047,-0.0126,0.0047,-1.279,-0.5737
7949,7.949,0.0009,-0.0005,-0.0124,0.0005,-0.221,-0.104
7950,7.95,0.0034,0.0015,-0.0085,0.001,0.468,0.3235
7951,7.951,-0.0003,-0.002,-0.0061,-0.0029,0.4493,0.2779
7952,7.952,-0.0015,0.0011,-0.0082,-0.0054,0.5752,0.3561
7953,7.953,-0.0026,0.004,-0.0121,-0.0042,0.4632,0.2865
7954,7.954,-0.0001,0.0035,-0.0166,0.0023,0.3612,0.223
7955,7.955,-0.004,-0.0015,-0.0141,0.0031,1.3913,0.8625
7956,7.956,0.0008,0.0035,-0.0067,0.004,1.5291,0.778
7957,7.957,-0.0023,0.0005,-0.0081,-0.0013,0.4063,0.2353
7958,7.958,0.0018,0.0011,-0.0054,0.0036,-0.3504,-0.1179
7959,7.959,0.0023,0.0069,-0.003,-0.0006,-0.4899,-0.3111
7960,7.96,0.0001,0.0033,0.0026,-0.0001,-0.6158,-0.3699
7961,7.961,-0.0019,0.0013,0.0029,-0.0026,-0.5038,-0.4232
7962,7.962,-0.0001,-0.0003,0.0032,-0.0038,-0.4016,-0.2793
7963,7.963,-0.0018,-0.0031,-0.0001,0.0009,-1.0571,-0.6725
7964,7.964,-0.0008,-0.0108,0.0048,-0.0033,-1.8239,-1.0425
7965,7.965,0.003,-0.0233,0.0065,-0.0038,-0.8966,-0.4174
7966,7.966,-0.0018,-0.0147,0.0067,-0.0023,0.228,0.1804
7967,7.967,-0.0023,-0.0071,0.0059,-0.0027,0.3818,0.2595
7968,7.968,0.0017,0.0027,0.0041,-0.0056,0.5209,0.3307
7969,7.969,-0.0008,0.0039,0.0007,-0.0046,0.6468,0.3953
7970,7.97,-0.0059,0.003,0.0052,-0.0007,0.5346,0.3378
7971,7.971,-0.0108,0.0083,0.0033,-0.0013,0.6379,0.3909
7972,7.972,-0.0138,0.002,0.0083,-0.001,1.6683,1.0158
7973,7.973,-0.011,0.0029,0.006,0.0029,1.2575,0.5905
7974,7.974,-0.0052,0.0067,0.0088,-0.0029,0.1339,0.0475
7975,7.975,-0.0031,0.0061,0.0069,-0.0007,-0.3211,-0.1649
7976,7.976,0.0033,0.002,0.0073,-0.0001,-0.4602,-0.23
7977,7.977,-0.0009,0.0026,0.0002,-0.0085,-0.5859,-0.2888
7978,7.978,0.0028,0.0001,0.001,-0.0141,-0.4738,-0.3421
7979,7.979,-0.0008,0.0032,0.0073,-0.0131,-0.3716,-0.2944
7980,7.98,0.0034,0.0036,0.0132,-0.0086,-1.5889,-0.9495
7981,7.981,0.0017,-0.0014,0.0124,-0.0027,-1.4241,-0.8563
7982,7.982,0.0053,-0.0062,0.0201,0.0041,-0.3672,-0.2594
7983,7.983,0.0049,-0.0045,0.0106,0.0033,0.3212,0.1294
7984,7.984,0.002,-0.0027,0.0117,0.0074,0.4484,0.2013
7985,7.985,-0.0016,-0.0062,0.0107,0.0067,0.5632,0.266
7986,7.986,0.0045,-0.0011,0.0222,0.0073,0.4616,0.3247
7987,7.987,0.007,0.001,0.0237,0.0016,0.3686,0.2725
7988,7.988,0.0033,0.0015,0.0278,0.0037,1.1351,0.705
7989,7.989,0.0039,-0.0001,0.0089,0.003,1.6504,0.996
7990,7.99,-0.0003,0.0024,0.0008,0.006,0.8073,0.4146
7991,7.991,0.0002,-0.0045,-0.0064,0.0054,-0.2151,-0.1287
7992,7.992,-0.0014,0.0008,-0.0085,0.0039,-0.355,-0.2006
7993,7.993,0.0017,-0,-0.0063,0.0008,-0.4812,-0.2656
7994,7.994,0.0037,-0.0026,-0.008,0.0028,-0.5955,-0.3243
7995,7.995,-0.0006,-0.0033,-0.0028,0.0063,-0.4935,-0.2719
7996,7.996,-0.0023,-0.0026,-0.0072,0.0032,-0.5874,-0.4163
7997,7.997,0.0002,-0.0083,-0.003,0.0044,-1.6944,-1.0718
7998,7.998,0.0014,0.0001,-0.0039,0.0033,-1.2428,-0.6039
7999,7.999,0.0069,-0.0009,-0.0048,0.0016,-0.0064,-0.0065
8000,8,-0.0016,-0.0082,-0.0035,-0.0021,0.4944,0.2274
8001,8.001,-0.0006,-0.0074,0.0012,0.0021,0.3461,0.2988
8002,8.002,-0.0016,-0.0015,0.0023,0.0003,0.4846,0.3635
8003,8.003,0.0011,-0.0053,0.0003,-0.0044,0.6103,0.306
8004,8.004,0.0019,0.0011,-0.003,-0.0002,0.4977,0.2535
8005,8.005,-0.0003,0.0019,-0.0011,-0.0031,1.425,0.9743
8006,8.006,-0.0038,-0.0051,-0.0049,-0.0026,1.3017,0.8707
8007,8.007,-0.0021,0.0013,-0.0041,-0.0048,0.5077,0.2142
8008,8.008,0.0007,0.0004,-0.0027,-0.0045,-0.2155,-0.2124
8009,8.009,0.0023,0.0025,-0.002,-0.0049,-0.3111,-0.2906
8010,8.01,0.0019,0.0018,-0.0028,0.0004,-0.5675,-0.3615
8011,8.011,-0.0001,0.0001,-0.0049,0.0026,-0.491,-0.2981
8012,8.012,0.0002,0.0005,-0.0083,0.0005,-0.4209,-0.2404
8013,8.013,0.0006,-0.0031,-0.0011,0.0063,-1.1243,-0.7161
8014,8.014,0.0043,-0.0044,-0.0039,0.0056,-1.7799,-1.0352
8015,8.015,-0.0026,-0.0006,-0.0064,-0.0051,-0.8426,-0.3947
8016,8.016,-0.0016,-0.0022,-0.0053,-0.0035,0.0331,0.2026
8017,8.017,-0.0024,-0.0053,-0.0058,0.0006,0.3765,0.2811
8018,8.018,-0.0016,-0.0025,-0.0076,0.0043,0.4818,0.3522
8019,8.019,-0.0022,0.0025,-0.0058,0.0033,0.5772,0.2889
8020,8.02,-0.0042,0.0018,-0.0073,0.0023,0.4937,0.2315
8021,8.021,-0.0025,0.0022,-0.0097,-0.0022,0.7267,0.3903
8022,8.022,0.0016,0.0005,-0.0065,0.0037,1.6419,1.0147
8023,8.023,-0.0019,0.003,-0.0044,-0.0015,1.0197,0.5882
8024,8.024,0.0032,0.0017,-0.0033,0.0063,0.2249,0.0453
8025,8.025,0.0026,0.0028,-0.0064,-0.0009,-0.2923,-0.1664
8026,8.026,0.0043,0.0002,-0.0084,0.0036,-0.3874,-0.231
8027,8.027,-0.0044,-0.0037,-0.0058,0.0011,-0.4734,-0.2895
8028,8.028,0.0019,-0.0002,-0.0074,0.0005,-0.5513,-0.3427
8029,8.029,-0.0013,0.0009,-0.0064,0.0012,-0.3406,-0.2948
8030,8.03,0.0018,0.0029,-0.0045,0.0017,-1.2996,-0.9501
8031,8.031,-0.0009,0.0018,-0.0073,-0.0022,-1.4373,-0.8557
8032,8.032,0.0017,-0.0015,-0.0048,0.0026,-0.5631,-0.2587
8033,8.033,0.0024,-0.0012,-0.01,0.001,0.2332,0.2843
8034,8.034,0.0004,0.0006,-0.0048,-0.0006,0.3387,0.2151
8035,8.035,-0,0.0038,-0.0084,-0.0041,0.621,0.2799
8036,8.036,0.0017,-0.0027,-0.0089,0.0029,0.5371,0.3387
8037,8.037,0.0002,0.0018,-0.0061,-0.0043,0.4604,0.1808
8038,8.038,0.0024,0.006,-0.0087,-0.0034,1.0937,0.7096
8039,8.039,0.0004,0.0023,-0.0066,-0.0025,1.6901,0.9201
8040,8.04,0.003,0.0043,-0.0078,-0.0032,0.8385,0.4715
8041,8.041,-0.0002,0.0126,-0.0083,-0.0052,-0.1838,-0.0527
8042,8.042,0.0054,0.007,-0.0087,0.0006,-0.3239,-0.2643
8043,8.043,0.0047,0.004,-0.0092,0.0013,-0.4501,-0.329
8044,8.044,0.0012,0.0013,-0.0075,0.0049,-0.5649,-0.2715
8045,8.045,0.0017,0.0021,-0.011,-0.0008,-0.4632,-0.219
8046,8.046,0,0.0015,-0.008,0.0045,-0.5575,-0.4594
8047,8.047,-0.0015,0.0064,-0.0017,0.0009,-1.8351,-1.0271
8048,8.048,-0.0003,-0.0031,0.0046,0.0026,-1.2886,-0.6393
8049,8.049,-0.0006,-0.0045,0.007,-0.0002,-0.1255,-0.0051
8050,8.05,-0.0064,-0.0033,0.0091,0.0013,0.3294,0.2512
8051,8.051,0.0014,0.0023,0.011,0.0001,0.4683,0.3293
8052,8.052,-0.002,-0.0042,-0.0064,-0.0037,0.5455,0.3115
8053,8.053,-0.001,-0.0032,-0.0007,-0.0041,0.4216,0.2416
8054,8.054,-0.0056,-0.0004,-0.0061,-0.0022,0.3087,0.9451
8055,8.055,-0.0013,-0.0029,-0.0082,-0.0025,1.441,0.8515
8056,8.056,-0.0035,0.0071,-0.0114,0.0026,1.2904,0.255
8057,8.057,-0.0042,0.0002,-0.0109,0.0019,0.3283,-0.1331
8058,8.058,-0.0012,0.0015,-0.0075,0.0002,-0.2984,-0.2046
8059,8.059,-0.0017,0.0025,-0.0006,-0.0062,-0.4148,-0.2695
8060,8.06,0.0008,0.0078,0.0023,0.0032,-0.5201,-0.3283
8061,8.061,0.0005,0.0014,0.005,-0.0005,-0.4288,-0.1706
8062,8.062,0.0043,0.0023,0.0144,-0.0015,-0.3451,-0.6994
8063,8.063,-0.0025,0.0017,0.0081,-0.0088,-1.1976,-1.0512
8064,8.064,-0.0016,-0.0018,0.0113,-0.0024,-1.7656,-0.4753
8065,8.065,0.0009,-0,0.0122,-0.0049,-0.8393,0.0673
8066,8.066,0.0002,-0.0017,0.0095,0.0051,0.0351,0.2792
8067,8.067,-0.0063,0.0052,0.0173,0.001,0.3767,0.3442
8068,8.068,-0.0158,-0.0051,0.0162,0.0022,0.4806,0.2868
8069,8.069,-0.017,-0.0037,0.0154,-0.0011,0.5746,0.2344
8070,8.07,-0.0067,-0.0024,0.0232,-0.0041,0.4895,0.4748
8071,8.071,-0.0026,-0.0013,0.0263,0.0023,0.7211,1.0428
8072,8.072,-0.0015,-0.0023,0.016,0.0014,1.7755,0.6556
8073,8.073,-0.0025,-0.003,0.0091,0.0036,1.0208,0.0215
8074,8.074,0.0005,0.0065,-0.0047,0.0056,0.0578,-0.2352
8075,8.075,0.0051,0.0029,0.001,0.0025,-0.3196,-0.3137
8076,8.076,0.0059,-0.0003,-0.0074,0.0066,-0.4355,-0.2443
8077,8.077,0.0037,-0.0013,-0.0058,0.0008,-0.5404,-0.3091
8078,8.078,0.0029,-0.002,-0.0043,-0.0107,-0.4485,-0.2518
8079,8.079,-0.0001,0.0005,-0.0054,-0.026,-0.365,-0.939
8080,8.08,0.0027,0.0013,-0.0063,-0.024,-1.5268,-0.8457
8081,8.081,0.0095,0.0007,-0.0009,-0.0073,-1.3625,-0.2494
8082,8.082,0.001,-0.001,0.002,-0.0051,-0.3061,0.1385
8083,8.083,-0.0023,-0.0062,-0.0004,0.001,0.3814,0.2097
8084,8.084,0.005,-0.0055,-0.0024,0.0028,0.5076,0.2745
8085,8.085,0.0076,-0.0024,-0.0016,0.0044,0.6217,0.3331
8086,8.086,-0.0002,-0.0052,-0.0044,0.0059,0.5195,0.2807
8087,8.087,0.0029,-0.0036,0.0022,0.0045,0.4262,0.7133
8088,8.088,0.0055,-0.0105,-0.0035,0.0082,1.0218,1.0038
8089,8.089,0.0013,-0.0199,-0.004,0.0092,1.5636,0.4222
8090,8.09,0.005,-0.006,-0.0002,0.0102,0.789,-0.1206
8091,8.091,0.0029,0.0033,-0.0042,0.0037,-0.1411,-0.1919
8092,8.092,0.0012,0.0017,-0.0011,0.0045,-0.2688,-0.2569
8093,8.093,0.0029,0.0062,-0.0044,0.0052,-0.3838,-0.3158
8094,8.094,-0.0019,0.0103,-0.0019,0.0031,-0.4883,-0.2636
8095,8.095,-0.0014,0.0066,-0.0045,0.0048,-0.396,-0.408
8096,8.096,0.0027,0.0034,-0.0053,0.0007,-0.6519,-1.0635
8097,8.097,0.0011,0.0086,-0.0026,0.0054,-1.8132,-0.5953
8098,8.098,0.0023,0.0002,0.0027,0.0023,-0.9846,0.0014
8099,8.099,-0.0016,-0.0008,-0.0034,0.0052,-0.2284,0.2347
8100,8.1,0.0009,0.0022,-0.0074,-0.0016,0.4599,0.3059
8101,8.101,0.0005,-0.0042,-0.0034,-0.0062,0.3373,0.3706
8102,8.102,0.0002,-0.0017,-0.0024,-0.0054,0.4518,0.3131
8103,8.103,-0.0002,0.002,-0.0016,-0.0032,0.5557,0.2605
8104,8.104,0.0002,-0.0016,-0.0019,0.0003,0.4626,0.8851
8105,8.105,-0.0042,-0.0046,-0.0031,0.0045,1.5695,0.8005
8106,8.106,-0.0026,0.0018,-0.0032,0.0004,1.4197,0.2578
8107,8.107,-0,0.0009,-0.0041,-0.0011,0.4585,-0.2362
8108,8.108,0.0003,-0.0043,-0.002,0,-0.1673,-0.3015
8109,8.109,0.0032,0.0063,-0.0027,-0.0012,-0.2827,-0.3605
8110,8.11,0.0007,0.0017,0.0006,0.0024,-0.5927,-0.3084
8111,8.111,-0.0017,0.0003,-0.0002,0.002,-0.5001,-0.2609
8112,8.112,0.0013,0.0015,-0.0016,0.0008,-0.4154,-0.7414
8113,8.113,-0.0012,0.0025,0.0003,-0.0017,-1.1118,-0.9336
8114,8.114,-0.0051,-0.0006,-0.0032,-0.0034,-1.7676,-0.41
8115,8.115,0.0017,0.0002,-0.0025,-0.0051,-0.8304,0.0839
8116,8.116,-0.0009,-0.0024,0.0019,-0.0037,0.0452,0.2773
8117,8.117,-0.0017,-0.0018,0.0004,-0.0036,0.3883,0.3364
8118,8.118,-0.0024,-0.0025,-0.0041,0.0002,0.4932,0.2844
8119,8.119,-0.0044,-0.0108,-0.0023,0.0017,0.5884,0.2369
8120,8.12,-0.0038,-0.0076,-0.0038,0.0005,0.5045,0.4554
8121,8.121,-0.0009,-0.0046,0.0011,0.0009,0.7375,1.0511
8122,8.122,-0.0024,0.0017,-0.0045,-0.0017,1.6525,0.6256
8123,8.123,-0.0001,-0.0008,-0.0051,-0.0013,1.0304,0.0824
8124,8.124,0.0029,0.0044,-0.0029,0.0024,0.0087,-0.2711
8125,8.125,0.0019,0.005,-0.0033,-0.0045,-0.405,-0.2084
8126,8.126,0.003,-0.002,-0.0061,0.0008,-0.5313,-0.2673
8127,8.127,0,0.0044,-0.0003,-0.0019,-0.4189,-0.3206
8128,8.128,0.0026,0.0052,-0.0024,0.0023,-0.5225,-0.2728
8129,8.129,0.0003,0.0014,-0.003,-0.0014,-0.4292,-0.9281
8130,8.13,0.0041,0.0007,-0.0035,-0.0007,-1.5357,-0.8351
8131,8.131,0.0038,-0.0035,0.0018,0.0024,-1.3856,-0.2383
8132,8.132,-0,-0.0018,-0.0017,0.0029,-0.424,0.1504
8133,8.133,0.0015,-0.0004,0.0026,0.0045,0.2023,0.2221
8134,8.134,0.0004,-0.0046,-0.0002,-0.0024,0.3182,0.2867
8135,8.135,-0.0035,-0.0006,-0.0017,-0.0054,0.4228,0.3453
8136,8.136,0.0023,-0.0021,-0.0004,-0.0026,0.5178,0.1874
8137,8.137,0.0017,0,-0.0024,-0.0001,0.4336,0.716
8138,8.138,-0.0003,0.0012,-0.006,0.0022,1.1304,0.9273
8139,8.139,-0.002,-0.0007,-0.0029,0.0029,1.599,0.3513
8140,8.14,-0.0003,0.0009,-0.0025,0.0035,0.6621,-0.0373
8141,8.141,0.0013,0.0046,-0.0035,0.0076,-0.2129,-0.2498
8142,8.142,0.0009,0.0076,-0.0045,-0.0001,-0.3288,-0.3146
8143,8.143,0.0006,0.0056,-0.0022,-0.0033,-0.4331,-0.3732
8144,8.144,0.0003,0.003,-0.0052,0.0041,-0.528,-0.2153
8145,8.145,0.0013,-0.001,-0.004,0.0014,-0.4439,-0.4557
8146,8.146,0.0023,-0.0045,-0.0015,0.0006,-0.6764,-1.0238
8147,8.147,0.003,0.0023,-0.0067,0.0013,-1.7319,-0.6371
8148,8.148,0.0013,-0.0029,-0.0061,0.0049,-0.9784,-0.0025
8149,8.149,-0.0024,-0.0003,-0.004,-0.0008,-0.016,0.2547
8150,8.15,-0.0019,-0.0029,-0.0024,-0.0015,0.3606,0.3332
8151,8.151,-0.0041,0.0023,0.0005,0.0006,0.476,0.4042
8152,8.152,0.0023,-0.0026,-0.0042,0.0048,0.5798,0.3408
8153,8.153,0.0003,0.0002,-0.0048,0.0023,0.511,0.289
8154,8.154,0.0011,-0.0029,-0.0031,0.0006,0.4181,0.9283
8155,8.155,0.0053,0.0023,-0.0026,0.0054,1.5248,0.8436
8156,8.156,0.0016,0.0016,-0.0031,0.0012,1.3748,0.1459
8157,8.157,0.0036,0.0099,-0.0043,-0.0052,0.4135,-0.1368
8158,8.158,0.0018,0.0021,-0.0004,-0.0061,-0.2126,-0.2236
8159,8.159,-0.0022,-0.001,0.0011,-0.0039,-0.3283,-0.3017
8160,8.16,0.0013,0.0035,0.0081,0.0011,-0.4326,-0.3727
8161,8.161,0.0009,0.0026,0.0091,0.0016,-0.5275,-0.3093
8162,8.162,-0.0055,-0.0043,0.0099,-0.0048,-0.4432,-0.8325
8163,8.163,-0.0101,0.0002,0.0108,-0.0023,-1.1399,-1.0438
8164,8.164,-0.0144,-0.0007,0.0145,-0.0001,-1.7961,-0.3398
8165,8.165,-0.0107,-0,0.0124,-0.0021,-0.8594,0.1301
8166,8.166,-0.0114,-0.0036,0.003,0.0009,0.265,0.2169
8167,8.167,-0.002,-0.0006,-0.0011,-0.0032,0.4186,0.2953
8168,8.168,-0.0033,-0.0023,0.0001,-0.0016,0.5573,0.3661
8169,8.169,0.0003,-0.0059,0.0011,0.0014,0.4342,0.3027
8170,8.17,-0.0075,-0.0017,0.0001,0.0011,0.5483,0.4771
8171,8.171,-0.0128,-0.0022,0.0029,-0.0047,0.6515,1.0585
8172,8.172,-0.0119,-0.0007,-0.0013,-0.0005,1.6817,0.6717
8173,8.173,-0.0025,0.0054,-0.002,0.0017,0.9965,0.037
8174,8.174,0.0012,0.0029,0.0029,-0.0003,0.1218,-0.2199
8175,8.175,0.0022,-0.0008,-0.0013,-0.0008,-0.4477,-0.2985
8176,8.176,0.0011,-0.0029,0.0017,0.002,-0.3468,-0.3693
8177,8.177,0.0057,0.0041,0.0012,-0.0038,-0.4417,-0.306
8178,8.178,0.0031,-0.0099,-0.0018,-0.0001,-0.5275,-0.2484
8179,8.179,0.0037,-0.016,-0.0014,-0.0036,-0.4506,-0.9353
8180,8.18,-0.0012,-0.0142,-0.0032,-0.002,-1.5056,-0.8422
8181,8.181,0.0057,-0.0023,-0.0008,-0.0049,-1.3557,-0.2455
8182,8.182,0.0029,-0.0038,-0.0045,-0.0013,-0.394,0.2979
8183,8.183,0.0038,0.0002,0.0017,-0.0025,0.2324,0.2292
8184,8.184,0.0074,0.0015,-0.0025,0.0039,0.348,0.2939
8185,8.185,0.0094,0.0025,0.0013,-0.0026,0.4523,0.3525
8186,8.186,0.0036,0.0078,-0.0006,-0.0051,0.5472,0.1944
8187,8.187,0.0089,0.007,-0,-0.003,0.4632,0.723
8188,8.188,0.0068,0.0129,0.0017,-0.0079,1.1602,0.9341
8189,8.189,0.001,0.0077,0.0033,-0.0149,1.6292,0.358
8190,8.19,0.0032,0.0042,0.0004,-0.0103,0.6923,-0.1855
8191,8.191,0.0038,0.0073,0.0008,-0.0044,-0.1827,-0.2573
8192,8.192,0.0068,0.0068,-0.0016,0.0055,-0.2984,-0.3224
8193,8.193,0.0039,0.0104,0.0017,0.0041,-0.4026,-0.3811
8194,8.194,0.0004,0.0035,0.0021,0.0004,-0.4972,-0.2233
8195,8.195,-0.0027,0.0066,0.0012,0.0059,-0.4128,-0.4637
8196,8.196,0.0002,0.002,0.0003,0.0029,-0.8,-1.032
8197,8.197,-0.0002,0.0063,-0.0026,0.0037,-1.8551,-0.6453
8198,8.198,0.0001,-0.0021,-0.0015,0.0028,-1.1012,-0.0108
8199,8.199,-0.0003,-0.0053,0.0003,0.0065,-0.1386,0.2462
8200,8.2,-0.0004,0,0.0021,0.0058,0.4878,0.3246
8201,8.201,-0.0016,-0.0045,-0.002,0.0053,0.3769,0.3956
8202,8.202,0,0.0015,-0.0036,0.0036,0.4811,0.3322
8203,8.203,0.001,-0.0037,-0.0018,0.0041,0.576,0.2743
8204,8.204,0.0008,-0.003,-0.0053,0.0091,0.4917,0.9612
8205,8.205,0.0035,0.0001,-0.0009,0.007,1.4979,0.8679
8206,8.206,0.0025,-0.0015,0.0009,0.0028,1.3618,0.2709
8207,8.207,-0.0007,0.0011,-0.0005,-0.0013,0.488,-0.2728
8208,8.208,0.0005,0.0008,-0.0007,0.0022,-0.3079,-0.2041
8209,8.209,-0.0005,0.0037,0.0014,0.0018,-0.4132,-0.2691
8210,8.21,-0.0029,0.0056,0.0019,0.0006,-0.5079,-0.3279
8211,8.211,-0.0039,0.0004,0.0059,0.001,-0.5943,-0.2756
8212,8.212,0.0003,0.0011,0.0044,0.0033,-0.3627,-0.8045
8213,8.213,-0.0014,-0.0009,0.0015,-0.0004,-1.1366,-1.016
8214,8.214,-0.0031,-0.0038,0.0004,0.0017,-1.652,-0.4401
8215,8.215,-0.0036,0.0003,-0.0053,-0.0003,-0.8087,0.1033
8216,8.216,-0.0005,-0.0075,-0.001,0.0022,0.2138,0.3157
8217,8.217,-0.0001,-0.0064,-0.0031,-0.0001,0.3538,0.2525
8218,8.218,-0.002,-0.0074,-0.0051,-0.0039,0.4801,0.3112
8219,8.219,-0.0029,-0.0065,-0.002,0.0031,0.5947,0.2588
8220,8.22,-0.0019,-0.0072,-0.0025,0,0.4928,0.4991
8221,8.221,-0.0005,-0.0002,0.0011,-0.0027,0.7743,1.0672
8222,8.222,0.0034,0.0007,-0.0011,0.0015,1.7111,0.5256
8223,8.223,-0.0042,0.0033,-0.0023,-0.0022,1.0884,0.032
8224,8.224,-0.0031,0.007,0.0003,-0.0014,0.0663,-0.2896
8225,8.225,-0.0004,-0.0022,-0.0029,-0.0031,-0.3478,-0.2329
8226,8.226,-0.0045,0.0041,-0.0058,0.001,-0.4744,-0.2865
8227,8.227,-0.0008,0.0031,-0.0001,-0.0025,-0.5887,-0.3354
8228,8.228,0.0057,0.0021,0.0024,0.0005,-0.4867,-0.2922
8229,8.229,0.0015,-0.0006,-0.0061,-0.0015,-0.3936,-0.8878
8230,8.23,-0.0006,-0.0015,-0.0006,-0.0004,-1.6706,-0.8033
8231,8.231,-0.0013,-0.0084,-0.0017,-0.0014,-1.4891,-0.2606
8232,8.232,-0.0007,-0.0057,-0.001,-0.0024,-0.3262,0.2333
8233,8.233,-0.0002,-0.0082,-0.0019,-0.0042,0.4311,0.2985
8234,8.234,0.0013,-0.0013,-0.0058,-0.0003,0.2964,0.3572
8235,8.235,0.0017,-0.0021,0.0006,0.0002,0.4222,0.3048
8236,8.236,0.0014,0.0057,-0.0055,0.0008,0.5366,0.2571
8237,8.237,0.0011,-0.0016,-0.0019,-0.0004,0.4347,0.7375
8238,8.238,-0.0028,0.0011,-0.004,-0.0024,1.2777,0.9296
8239,8.239,-0.0002,-0.0032,0.0028,0.0027,1.6181,0.4057
8240,8.24,-0.0014,-0.0039,-0.0077,0.0021,0.6904,-0.0882
8241,8.241,-0.001,-0.0019,-0.0037,-0.0036,-0.1847,-0.2819
8242,8.242,-0.0021,0.0038,-0.0051,0.0002,-0.3007,-0.341
8243,8.243,0.0019,0.0031,-0.0042,-0.0004,-0.4051,-0.289
8244,8.244,0.0034,0.0024,-0.0034,-0.002,-0.5,-0.2416
8245,8.245,0.0046,0.0018,-0.0027,-0.0015,-0.4159,-0.4601
8246,8.246,0.0017,-0.0023,-0.0038,-0.005,-0.8033,-1.056
8247,8.247,0.0027,-0.0039,-0.0033,-0.0007,-1.8589,-0.6306
8248,8.248,0.0031,-0.0017,-0.0015,-0.0002,-1.1054,0.0675
8249,8.249,0.0007,0.003,-0.0035,0.0003,-0.1431,0.1629
8250,8.25,0,0.0012,-0.0078,0.0034,0.483,0.2491
8251,8.251,0.0002,-0.0029,-0.0044,0.0014,0.372,0.327
8252,8.252,0.0039,-0.0025,-0.0005,0.0072,0.4763,0.2574
8253,8.253,-0.0008,0.0005,-0.0083,0.003,0.5706,0.3216
8254,8.254,-0.0016,-0.0017,-0.0037,0.0052,0.4827,0.9512
8255,8.255,0.0026,-0.0021,-0.0069,0.0059,1.5894,0.7773
8256,8.256,-0.0003,0.0003,-0.0063,-0.0006,1.4394,0.1951
8257,8.257,-0.0018,-0.0021,-0.004,0.002,0.4777,-0.1935
8258,8.258,0.0033,0.0009,-0.008,-0.0002,-0.3978,-0.2652
8259,8.259,-0.0002,0.0027,-0.0047,-0.0023,-0.2873,-0.3299
8260,8.26,-0.0019,0.005,-0.0054,0.0035,-0.5977,-0.2725
8261,8.261,0.001,-0.0001,-0.0016,-0.0003,-0.5056,-0.2201
8262,8.262,0.0005,-0.0037,-0.0003,0.0018,-0.4214,-0.7488
8263,8.263,-0.0056,0.002,-0.0002,0,-1.273,-0.9601
8264,8.264,-0.0099,-0.0033,0.0008,0.0029,-1.6137,-0.384
8265,8.265,-0.012,0.003,0.0031,-0.0029,-0.6863,0.1596
8266,8.266,-0.0056,-0.0099,0.0045,-0.0022,0.1886,0.2316
8267,8.267,-0.0031,-0.023,-0.0001,-0.0029,0.3043,0.2966
8268,8.268,-0.0009,-0.0213,-0.0008,-0.0013,0.4087,0.3553
8269,8.269,-0.0002,-0.0045,0.0025,0.0004,0.5032,0.1975
8270,8.27,0.0029,-0.0023,0.0066,0.0019,0.4186,0.438
8271,8.271,0.0034,0.0078,0.0035,-0.0051,0.8057,0.9189
8272,8.272,-0.0002,0.0096,0.0028,-0.0188,1.7203,0.5994
8273,8.273,0.001,0.0113,0.0005,-0.0133,1.0973,0.0749
8274,8.274,0.0007,0.0128,0.0032,-0.0049,0.075,-0.2782
8275,8.275,-0.0018,0.0114,0.0088,-0.0064,-0.3396,-0.2152
8276,8.276,0.0034,0.0126,0.0095,0.0032,-0.4665,-0.2737
8277,8.277,0.0012,0.007,0.0087,0.0019,-0.5816,-0.3267
8278,8.278,0.0032,0.0039,0.015,0.0051,-0.4803,-0.2788
8279,8.279,0.0038,0.0048,0.0107,-0.0002,-0.3878,-0.9338
8280,8.28,0.0009,0.0056,0.0143,0.0006,-1.6651,-0.8404
8281,8.281,0.0024,0.0019,0.0122,-0.0019,-1.4841,-0.0728
8282,8.282,0.0046,0.0025,0.0026,0.0002,-0.3217,0.2379
8283,8.283,0.0007,0.0056,-0.0015,0.0022,0.4352,0.3332
8284,8.284,0.0023,-0.0032,-0.0027,0.0027,0.3004,0.2493
8285,8.285,-0.0008,0.0005,-0.0017,0.0021,0.4259,0.3276
8286,8.286,-0.0004,-0.0005,-0.007,-0.0005,0.5398,0.258
8287,8.287,-0.0001,0.0048,-0.0006,-0.0074,0.4373,0.8339
8288,8.288,0.0038,-0.0036,-0.0065,-0.0127,1.2801,0.912
8289,8.289,0.0012,0.0089,-0.0043,-0.0101,1.6204,0.4195
8290,8.29,0.0016,0.0072,-0.0022,-0.0059,0.6924,-0.1574
8291,8.291,-0.0013,0.0027,0.0035,-0.0007,-0.1831,-0.236
8292,8.292,-0.0016,-0.0013,0.0058,0.0057,-0.2993,-0.3071
8293,8.293,-0.002,0.0049,0.0123,0.0048,-0.4042,-0.3715
8294,8.294,-0.0003,0.0018,0.0132,0.01,-0.4992,-0.1974
8295,8.295,-0.0016,-0.0013,0.0155,0.0051,-0.4151,-0.4613
8296,8.296,0.0022,-0.0039,0.0135,0.0081,-0.8028,-1.086
8297,8.297,-0.0006,-0.0031,0.0053,0.0064,-1.8586,-0.6602
8298,8.298,-0.0022,-0.0037,0.0086,0.0028,-1.1053,0.0381
8299,8.299,-0.001,-0.0086,0.0035,-0.0002,-0.1433,0.3211
8300,8.3,-0.0006,-0.008,0.0028,-0.0031,0.2332,0.2374
8301,8.301,-0.0003,-0.0062,0.0021,0.0026,0.5747,0.3157
8302,8.302,-0.0007,-0.0047,-0.003,0.0017,0.4727,0.2462
8303,8.303,-0.0044,0.0023,-0.0022,0.0039,0.5672,0.3105
8304,8.304,-0.0047,-0.0049,-0.0037,0.0032,0.4826,0.9501
8305,8.305,-0,-0.0003,-0.004,0.0015,1.6434,0.6955
8306,8.306,0.0017,0.0006,-0.0044,0.0032,1.4782,0.1528
8307,8.307,-0,0.0014,0.0001,0.0007,0.4207,-0.2003
8308,8.308,0.0025,-0.0006,-0.0026,0.0057,-0.2678,-0.2654
8309,8.309,-0.0036,0.0037,-0.0072,0.0008,-0.395,-0.3242
8310,8.31,-0.0028,-0.0003,-0.0012,0.0038,-0.5098,-0.2719
8311,8.311,0.0009,0.0002,-0.0032,-0.0014,-0.614,-0.2241
8312,8.312,0.0016,0.0053,-0.0037,-0.0021,-0.3341,-0.7919
8313,8.313,-0.0014,0.0018,0.0008,-0.0026,-1.2707,-1.0245
8314,8.314,-0.0009,-0.0012,-0.0031,0.0026,-1.6454,-0.3908
8315,8.315,0.0016,0.0006,-0.0034,0.002,-0.625,0.207
8316,8.316,-0.0006,0.0011,-0.0029,0.0062,0.0636,0.2862
8317,8.317,0.0014,-0.0018,-0.003,0.0022,0.44,0.3576
8318,8.318,0.0025,-0.0057,-0.0054,0.0007,0.5548,0.2944
8319,8.319,0.0014,-0.0031,-0.0069,-0.0005,0.4534,0.2368
8320,8.32,0.0004,0.003,-0.0037,-0.0008,0.3609,0.5011
8321,8.321,-0.0009,0.0006,0.0007,0.0003,0.7871,1.0299
8322,8.322,0.0025,-0.0031,-0.0008,0.0007,1.6391,0.5378
8323,8.323,0.0003,-0.0023,-0.0002,-0.0003,1.073,-0.0392
8324,8.324,0.0042,0.0019,-0.0043,0.0011,0.1439,-0.273
8325,8.325,0.0027,-0.0032,-0.0036,0.0046,-0.2323,-0.3443
8326,8.326,-0.0003,0.0017,-0.004,-0.0023,-0.3473,-0.281
8327,8.327,-0.0032,-0.0052,-0.0061,-0.0033,-0.4514,-0.3397
8328,8.328,-0.0021,-0.0025,-0.0081,-0.0041,-0.5459,-0.2873
8329,8.329,-0.0018,0.0018,-0.0084,0.0002,-0.4612,-1.0081
8330,8.33,0.0013,-0.0004,-0.0031,-0.0004,-1.6219,-0.6999
8331,8.331,-0.0005,-0.001,-0.0008,-0.0024,-1.4567,-0.2308
8332,8.332,-0.0009,-0.0005,-0.0001,0.0019,-0.3993,0.1968
8333,8.333,0.0002,-0,-0.007,0.0014,0.2896,0.2756
8334,8.334,0.0015,0.0015,-0.0043,-0.0021,0.417,0.3466
8335,8.335,0.0009,0.0004,-0.0017,-0.0017,0.5315,0.2831
8336,8.336,0.0007,-0.0008,0.0005,0.0022,0.4301,0.2253
8337,8.337,0.0039,0.005,-0.0016,0.0028,0.3376,0.8064
8338,8.338,-0.003,-0.0044,-0.0021,-0.0002,1.2745,0.8841
8339,8.339,-0,-0.0007,-0.005,0.001,1.6491,0.3911
8340,8.34,-0.0008,0.0003,-0.0003,-0.0025,0.6289,-0.0583
8341,8.341,-0,0.0034,-0.002,-0.0003,-0.0594,-0.2344
8342,8.342,0.0007,0.0061,-0.0037,-0.0031,-0.4358,-0.2883
8343,8.343,0.0042,0.0018,-0.0063,-0.0088,-0.5505,-0.3371
8344,8.344,0.0025,0.004,-0.0021,-0.0028,-0.4489,-0.2068
8345,8.345,-0.0039,0.002,-0.0027,0.001,-0.3559,-0.4849
8346,8.346,0.002,-0.005,-0.0032,-0.001,-0.7819,-1.0266
8347,8.347,0.0027,-0.0023,-0.0045,-0.0015,-1.7885,-0.6399
8348,8.348,0.0006,-0.0032,-0.0034,0.0002,-1.1034,-0.0055
8349,8.349,0.0011,-0.0069,-0.007,-0.0003,0.021,0.2516
8350,8.35,-0.0006,-0.002,-0.0059,-0.0015,0.4765,0.33
8351,8.351,0.0009,-0.009,-0.0032,-0.0018,0.3416,0.4009
8352,8.352,-0.0003,0.0013,-0.0043,0.0039,0.4675,0.3374
8353,8.353,0.0009,0.0026,-0.0076,0.0031,0.5818,0.2794
8354,8.354,0.0019,0.0015,-0.008,0.0009,0.4797,0.9663
8355,8.355,-0.0022,0.0004,-0.001,-0.0016,1.5762,0.7664
8356,8.356,-0.0012,0.0014,-0.0062,0.0019,1.2963,0.1097
8357,8.357,0.0005,0.0067,-0.007,0.0036,0.3582,-0.1474
8358,8.358,0.0006,0.0002,-0.0054,0.0041,-0.2676,-0.2261
8359,8.359,-0.0023,0.0011,-0.005,-0.0007,-0.3832,-0.2972
8360,8.36,-0.0049,0.0048,-0.0026,0.0035,-0.4875,-0.3619
8361,8.361,-0.0017,0.0027,-0.0005,0.0006,-0.5821,-0.1881
8362,8.362,-0.0014,-0.0016,-0.0002,-0.0009,-0.3276,-0.7692
8363,8.363,0.0022,0.0013,-0.0022,0.0033,-1.3336,-1.0019
8364,8.364,-0.0029,-0.0023,0.0023,-0.0055,-1.7456,-0.5093
8365,8.365,-0.0023,-0.0074,0.0028,-0.0194,-0.6231,0.0681
8366,8.366,-0.0028,-0.0039,0.0056,-0.0176,0.134,0.302
8367,8.367,0,-0.0056,0.008,-0.0092,0.2738,0.3731
8368,8.368,0.0025,-0.0028,0.0091,-0.0016,0.3998,0.3098
8369,8.369,-0.0017,0.0019,0.0094,-0.0113,0.5142,0.252
8370,8.37,-0.0023,0.0024,0.0068,-0.0125,0.412,0.5162
8371,8.371,-0.0008,-0.0005,0.0092,-0.0048,0.8805,1.045
8372,8.372,-0.003,0.003,0.0074,0.0067,1.6473,0.5529
8373,8.373,-0.0078,0.0018,0.0081,0.0021,0.9268,-0.0244
8374,8.374,-0.0161,0.003,0.0119,0.0061,0.0818,-0.2582
8375,8.375,-0.0105,0.0033,0.0172,-0.0002,-0.2608,-0.1892
8376,8.376,-0.0053,0.0009,0.0192,0.0054,-0.3654,-0.2539
8377,8.377,0.0011,0.0032,0.0187,0.0106,-0.4604,-0.3123
8378,8.378,-0.0015,0.0018,0.0099,0.0078,-0.5466,-0.2599
8379,8.379,0.0007,-0.0011,-0.0014,0.0052,-0.4701,-0.9806
8380,8.38,0.0027,0.0014,-0.0029,0.0059,-1.5252,-0.8782
8381,8.381,0.0044,0.0003,-0.0043,0.0094,-1.3753,-0.2215
8382,8.382,0.0038,-0.0048,-0.0005,0.0077,-0.4138,0.2058
8383,8.383,0.0043,-0.0155,-0.0015,-0.0012,0.4613,0.2847
8384,8.384,0.0039,-0.0231,-0.0045,-0.0024,0.3507,0.3558
8385,8.385,0.0068,-0.005,0.0002,0.0008,0.4551,0.2925
8386,8.386,0.0093,0.0022,-0.0023,0.0017,0.5499,0.2348
8387,8.387,0.0041,0.0088,-0.0016,0.0026,0.4655,0.816
8388,8.388,0.0018,0.0027,0.0005,-0.0086,1.317,0.8938
8389,8.389,0.0011,0.0008,-0.0011,-0.0132,1.6577,0.401
8390,8.39,0.0028,0.0059,0.0007,-0.0092,0.7302,-0.1762
8391,8.391,0.0057,0.0104,-0.005,-0.0004,-0.1449,-0.2551
8392,8.392,0.0021,0.0063,-0.0027,0.0006,-0.2605,-0.3262
8393,8.393,0.0033,0.01,-0.0019,0.0036,-0.571,-0.263
8394,8.394,-0.0014,-0.0003,0.0024,0.0081,-0.4784,-0.2054
8395,8.395,-0.002,0.0066,-0.0003,0.0106,-0.3941,-0.5753
8396,8.396,0.0033,0.0029,0.0013,0.0099,-0.7813,-1.0081
8397,8.397,-0.0003,-0.0049,-0.0008,0.0035,-1.8368,-0.6014
8398,8.398,-0.002,-0.004,0.0014,0.0026,-1.083,-0.0186
8399,8.399,0.0021,0.0006,-0.002,0.0004,-0.1206,0.2153
8400,8.4,0.0006,-0.0036,-0.0016,-0.0045,0.5058,0.2866
8401,8.401,0.0017,0.0016,-0.0002,-0.0015,0.3948,0.3514
8402,8.402,0.0006,-0.0049,-0.0026,0.0014,0.4988,0.294
8403,8.403,-0.002,-0.004,-0.0035,0.0009,0.4065,0.347
8404,8.404,0.0033,0.0012,-0.003,0.002,0.4925,0.9717
8405,8.405,0.0011,0.0019,-0.001,0.0041,1.6536,0.7167
8406,8.406,0.0018,-0.0038,-0.0048,0.0015,1.157,0.1738
8407,8.407,0.0048,-0.0001,-0.0051,0.0012,0.4012,-0.1796
8408,8.408,0.0031,0.0034,-0.0024,-0.0019,-0.2871,-0.245
8409,8.409,0.0006,0.0064,0.0008,0.0007,-0.414,-0.3038
8410,8.41,-0.0005,0.0012,-0.003,-0.0032,-0.5284,-0.3572
8411,8.411,-0.0017,0.0076,-0.0003,-0.0058,-0.6322,-0.2134
8412,8.412,-0.0014,0.0017,-0.0052,0.0003,-0.3519,-0.7814
8413,8.413,0.001,0.001,-0.003,0.0011,-1.2883,-1.014
8414,8.414,-0.0013,-0.0039,0.0013,0.0005,-1.6628,-0.3804
8415,8.415,0.0006,-0.0044,-0.0002,-0.0016,-0.6424,0.2172
8416,8.416,0.0023,-0.0049,-0.0016,-0.0033,0.3207,0.2963
8417,8.417,0.0006,0.0029,-0.0027,0.0032,0.4481,0.3676
8418,8.418,-0.0007,-0.0003,-0.0005,-0.0011,0.5632,0.3046
8419,8.419,0.0021,-0.0013,-0.0007,-0.0032,0.4619,0.2471
8420,8.42,-0.0018,0.0015,-0.0003,0.0003,0.3697,0.5115
8421,8.421,-0.0043,0.0074,-0.0006,-0.0027,0.7961,1.0403
8422,8.422,-0.0054,-0.004,-0.0018,0.0002,1.6483,0.5484
8423,8.423,-0.0025,-0.0023,-0.0051,-0.0013,1.0823,-0.0286
8424,8.424,-0.0021,0.0023,-0.0039,0.0018,-0.0526,-0.2624
8425,8.425,-0.0031,0.0037,-0.0042,-0.001,-0.2058,-0.3337
8426,8.426,-0.0041,0.0026,-0.0052,-0.0061,-0.3443,-0.2704
8427,8.427,-0.001,0.0016,0.0001,-0.0011,-0.4699,-0.3289
8428,8.428,-0.0013,0.0026,-0.0005,-0.0006,-0.5838,-0.2764
8429,8.429,-0.0009,0.0017,-0.0026,0.0012,-0.4813,-0.9971
8430,8.43,-0.0026,-0.0008,-0.0009,0.0027,-1.6983,-0.6888
8431,8.431,0.0005,-0.006,0.0044,0.005,-1.2013,-0.2196
8432,8.432,0.0031,-0.0011,-0.0049,-0.0014,-0.4453,0.2081
8433,8.433,-0.0001,-0.0041,0.0013,-0.0005,0.2435,0.2868
8434,8.434,-0.0012,-0.0046,0.0003,0.0003,0.3709,0.358
8435,8.435,-0.0009,0.0001,0.0033,0.001,0.4855,0.2947
8436,8.436,0.0002,-0.0056,-0.0013,-0.001,0.5898,0.2369
8437,8.437,0.0006,-0.0034,-0.0039,-0.0026,0.31,0.8182
8438,8.438,-0.002,0.0015,-0.0017,-0.0042,1.2468,0.896
8439,8.439,0.0033,0.0011,0.0003,-0.0027,1.6215,0.4032
8440,8.44,-0.0004,0.0016,-0.0003,-0.003,0.6012,-0.174
8441,8.441,-0.0039,0.0041,0.0014,-0.0009,-0.0871,-0.2531
8442,8.442,-0.0009,0.003,-0.0023,-0.0019,-0.4635,-0.3242
8443,8.443,0.002,0.0001,-0.0011,-0.0001,-0.3519,-0.261
8444,8.444,0.0025,0.0026,-0.0041,0.0043,-0.4562,-0.2033
8445,8.445,0.0003,0.0002,-0.0038,0.0015,-0.3636,-0.5732
8446,8.446,-0.0009,0.0026,-0.0035,0.004,-0.7897,-1.1021
8447,8.447,0.0027,-0.0016,-0.0026,0.0053,-1.7964,-0.61
8448,8.448,0.0015,-0.0034,-0.0025,0.0041,-1.1113,0.0949
8449,8.449,-0.0014,0.0019,0.0003,-0.0001,0.0129,0.1902
8450,8.45,0.0044,-0.0046,-0.0033,0.0028,0.4682,0.2763
8451,8.451,0.0001,-0.0037,-0.0003,0.0003,0.3334,0.3544
8452,8.452,0.0038,-0.0016,-0.0043,0.0033,0.4589,0.2847
8453,8.453,-0.0011,0.002,-0.0069,0.0005,0.573,0.3488
8454,8.454,-0.0016,0.0036,-0.0027,0.003,0.4706,0.9882
8455,8.455,-0.0011,0.0077,-0.0057,-0.0022,1.6881,0.7332
8456,8.456,-0.0028,0.0036,-0.0042,0.0056,1.2825,0.1707
8457,8.457,-0.0044,0.0061,0.0004,0.0004,0.4511,-0.218
8458,8.458,-0.0014,0.0049,0.0008,0.0053,-0.3056,-0.2898
8459,8.459,-0.0002,0.0037,-0.0009,0.0048,-0.4452,-0.3547
8460,8.46,0.004,-0.0021,-0.0057,-0.0005,-0.5712,-0.2975
8461,8.461,-0.0025,-0.0013,-0.0016,0.0015,-0.4592,-0.2453
8462,8.462,0.0017,-0.005,-0.0011,-0.0042,-0.3571,-0.774
8463,8.463,0.0024,-0.0057,-0.0037,-0.002,-1.2001,-0.9854
8464,8.464,-0.0012,-0.01,0.0023,-0.0056,-1.7675,-0.4094
8465,8.465,-0.003,-0.0188,0.0048,-0.0014,-0.634,0.1339
8466,8.466,-0.0118,-0.0251,0.0041,-0.0019,0.1229,0.2057
8467,8.467,-0.0081,-0.0127,0.0034,0.0007,0.2626,0.2704
8468,8.468,-0.0049,0.0025,0.0091,-0.0024,0.3884,0.329
8469,8.469,0.0003,0.0005,0.0084,0.0005,0.5025,0.2764
8470,8.47,-0.0025,-0.0051,0.0005,-0.0053,0.4,0.5165
8471,8.471,-0.0017,-0.0136,0.0058,-0.0044,0.8682,0.997
8472,8.472,0.002,-0.0091,0.0012,-0.0023,1.6346,0.5492
8473,8.473,0.004,0.0034,0.0054,0.0013,0.9138,0.0242
8474,8.474,0.007,0.0084,0.0169,0.003,0.0685,-0.1887
8475,8.475,0.0017,0.013,0.0118,0.0013,-0.2743,-0.254
8476,8.476,0.0037,0.0143,0.0011,-0.0023,-0.3791,-0.3129
8477,8.477,0.0007,0.008,-0.0058,-0.0054,-0.474,-0.2609
8478,8.478,0.0035,0.009,-0.0021,-0.0057,-0.56,-0.3095
8479,8.479,0.002,0.0059,0.0011,-0.0039,-0.4837,-0.9651
8480,8.48,-0.0003,0.0051,0.0001,-0.0049,-1.5389,-0.8723
8481,8.481,0.0009,0.0025,0.0028,-0.0039,-1.3893,-0.1051
8482,8.482,-0.0049,-0.006,-0.003,-0.0014,-0.4278,0.205
8483,8.483,0.001,0.0018,0.0007,-0.0032,0.4475,0.2996
8484,8.484,-0.0028,0.0048,-0.0057,-0.0083,0.3367,0.3851
8485,8.485,-0.0008,0.0021,0.0038,-0.0161,0.4409,0.3083
8486,8.486,-0.0013,-0.0021,-0.0024,-0.0088,0.5355,0.2382
8487,8.487,-0.0018,0.0031,0.0032,-0.0004,0.4511,0.8134
8488,8.488,-0.0024,-0.0018,0.0043,0.0006,1.3023,0.8909
8489,8.489,0.0018,0.0052,0.0052,0.0016,1.6428,0.3977
8490,8.49,-0.0023,0.0043,0.0027,0.008,0.715,-0.1798
8491,8.491,-0.0008,0.0001,0.0065,0.0054,-0.1604,-0.259
8492,8.492,0.0023,0.0086,0.0016,0.0076,-0.2763,-0.3306
8493,8.493,0.0026,0.0054,-0,-0.0002,-0.3807,-0.2675
8494,8.494,0.0051,0.0024,-0.0017,0.005,-0.4752,-0.2101
8495,8.495,0.0019,0.0015,-0.0021,0.0041,-0.3908,-0.5802
8496,8.496,-0.002,-0.001,-0.0072,0.0033,-0.778,-1.0132
8497,8.497,0.0027,-0.0016,-0.0036,0.001,-1.8336,-0.6067
8498,8.498,0.001,-0.0023,-0.0005,0.0031,-1.0796,0.0815
8499,8.499,0.0039,0.0047,0.0013,0.0025,-0.1172,0.1767
8500,8.5,0.0003,-0.0038,0.0008,0.0054,0.509,0.2626
8501,8.501,0.0025,-0.0005,0.0006,0.0059,0.3978,0.3404
8502,8.502,0.0037,0.0026,-0.0033,0.0037,0.5021,0.2705
8503,8.503,0.0033,-0.0038,0.0016,0.0025,0.4097,0.3346
8504,8.504,-0.0006,0.0004,-0.0001,0.0014,0.4956,0.9738
8505,8.505,-0.0011,0.0011,0.0029,-0.0031,1.6569,0.7186
8506,8.506,0.004,0.0019,-0.0048,0.0026,1.1604,0.1754
8507,8.507,0.002,-0.0023,-0.0015,0.0048,0.4047,-0.1781
8508,8.508,-0.0011,0.0018,-0.0005,0.0054,-0.2832,-0.2437
8509,8.509,-0.0027,0.0043,-0.0012,0.0024,-0.4098,-0.3027
8510,8.51,-0.0002,0.0013,-0.002,0.0064,-0.5241,-0.3563
8511,8.511,-0.0024,0.0017,0.0003,-0.0014,-0.4221,-0.2125
8512,8.512,0.0005,0.002,-0.0017,-0.0046,-0.3288,-0.868
8513,8.513,0.0041,-0.0019,-0.0058,0.0006,-1.2651,-0.9621
8514,8.514,-0.001,-0.0044,0.0007,0.0015,-1.6393,-0.3657
8515,8.515,-0.0016,-0.0013,-0.0035,-0.0011,-0.6185,0.1777
8516,8.516,-0.0011,-0.0042,-0.0041,-0.0017,0.3444,0.2496
8517,8.517,0.0006,0.0001,-0.0047,-0.0066,0.472,0.3144
8518,8.518,0.0022,-0.0004,-0.0005,-0.0024,0.5871,0.3731
8519,8.519,-0.0047,-0.0028,-0.0068,0.0005,0.4857,0.2153
8520,8.52,0.0006,-0.0005,-0.0043,0.001,0.3932,0.5517
8521,8.521,-0.0039,0.0007,0.001,0.0013,0.8196,1.0326
8522,8.522,0.0004,-0.0011,-0.0039,0.0017,1.6718,0.5849
8523,8.523,0.0026,0.0013,0.0019,-0.004,0.8793,-0.0559
8524,8.524,0.0006,-0.0016,0.0012,0.0002,-0.0499,-0.3128
8525,8.525,-0.0023,0.0003,-0.0065,-0.002,-0.4261,-0.2365
8526,8.526,-0.0018,-0.0028,-0.0034,0.0016,-0.5407,-0.3074
8527,8.527,-0.0012,-0.0048,-0.0043,0.0047,-0.4388,-0.244
8528,8.528,-0.0015,-0.0005,-0.0068,0.003,-0.5329,-0.3022
8529,8.529,0.0024,0.0013,0.0001,-0.0017,-0.448,-0.9889
8530,8.53,0.0019,-0.0044,-0.0026,0.0026,-1.6087,-0.7082
8531,8.531,0.0032,-0.0006,-0,0.0021,-1.4432,-0.1111
8532,8.532,0.0003,-0.0041,-0.0069,-0.0014,-0.3853,0.2778
8533,8.533,0.0029,-0.0058,0.0034,-0.0001,0.3034,0.209
8534,8.534,0.0033,-0.004,-0.0036,0.0028,0.4305,0.274
8535,8.535,0.003,-0.0045,0.0002,-0.0022,0.5454,0.3327
8536,8.536,0.0017,-0.0002,-0.0009,0.0027,0.6497,0.2803
8537,8.537,-0.0022,0.0015,0.0022,-0.0055,0.3699,0.809
8538,8.538,-0.0005,0.001,0.0049,-0.0023,1.3067,0.8797
8539,8.539,-0.002,0.0007,0.0074,-0.0032,1.6813,0.3037
8540,8.54,-0.0016,-0.0022,0.0005,-0.0005,0.6611,-0.0847
8541,8.541,-0.0028,0.0029,0.0089,-0.0013,-0.3013,-0.2969
8542,8.542,-0.0017,0.0022,0.01,-0.0019,-0.4282,-0.3617
8543,8.543,0.0029,0.0017,0.0069,0.0002,-0.5429,-0.3043
8544,8.544,0.0034,-0.0012,0.0077,-0.0028,-0.4412,-0.2519
8545,8.545,-0.0018,0.0013,0.0018,0.0037,-0.3486,-0.5882
8546,8.546,-0.0038,0.0001,0.0011,-0.0004,-0.9448,-1.0689
8547,8.547,0.0004,-0.002,-0.0009,-0.0056,-1.7967,-0.4932
8548,8.548,-0.0013,0.0022,-0.0067,-0.0049,-1.0041,0.0503
8549,8.549,0.0003,0.0039,-0.0014,-0.0017,0.1313,0.263
8550,8.55,-0.0027,0.0003,-0.005,0.0012,0.2848,0.3282
8551,8.551,0.0001,-0.002,-0.0067,0.0028,0.4238,0.271
8552,8.552,0.0005,-0.0008,-0.005,0.0006,0.5495,0.3244
8553,8.553,0.0022,0.0027,0.0028,0.0018,0.4372,0.3727
8554,8.554,0.0005,0.0057,-0.0005,-0,0.5404,1.0281
8555,8.555,-0.0038,-0.0008,-0.0015,0.0024,1.5705,0.7477
8556,8.556,-0.0021,0.0056,-0.0023,-0.0007,1.1599,0.1506
8557,8.557,-0.0007,0.0075,-0.0015,0.0029,0.318,-0.2254
8558,8.558,0.001,0.0032,-0.004,0.0039,-0.3078,-0.304
8559,8.559,0.0045,0.0101,-0.0034,0.0015,-0.4231,-0.375
8560,8.56,0.0023,0.0055,-0.0054,0.0026,-0.5276,-0.3116
8561,8.561,-0.0025,0.0046,-0.0012,0.0024,-0.4354,-0.2539
8562,8.562,-0.003,0.0007,0.0017,-0.001,-0.3511,-0.835
8563,8.563,-0.0025,-0.0057,0.0022,0.0002,-1.3575,-0.9128
8564,8.564,-0.002,0.0001,0.001,0.003,-1.4954,-0.42
8565,8.565,-0.0042,-0.0052,0.0066,-0.0027,-0.6225,0.1575
8566,8.566,-0.0098,-0.016,0.006,0.0015,0.1733,0.2364
8567,8.567,-0.0135,-0.0267,0.0137,-0.0023,0.4845,0.3075
8568,8.568,-0.0071,-0.0116,0.0127,0.0012,0.5794,0.3722
8569,8.569,-0.0063,0.0026,0.0063,0.0043,0.4953,0.1983
8570,8.57,-0.0011,-0.0031,0.0004,0.0002,0.4183,0.5682
8571,8.571,-0.0018,0.0019,-0.0048,-0.0024,0.9102,1.0009
8572,8.572,-0.0013,-0.0027,-0.0012,-0.0013,1.7418,0.4777
8573,8.573,0.0039,-0.0124,-0.0054,-0.0025,0.9485,-0.016
8574,8.574,0.0019,-0.0137,-0.0059,-0.0007,0.0184,-0.2097
8575,8.575,0.0024,0.0034,-0.0023,-0.0004,-0.3584,-0.2688
8576,8.576,0.0028,0.0057,-0.0019,-0.0008,-0.4737,-0.3224
8577,8.577,0.0043,-0.001,-0.003,-0.0051,-0.5781,-0.3711
8578,8.578,0.0046,-0.0153,-0.002,-0.0109,-0.4856,-0.415
8579,8.579,-0.0001,-0.0098,0.0019,-0.0146,-0.5714,-1.0107
8580,8.58,0.0041,0.002,0.0025,-0.0083,-1.7325,-0.7559
8581,8.581,0.0012,0.0004,0.0014,-0.0058,-1.2358,-0.0582
8582,8.582,0.0026,-0.0177,0.0003,0.0011,-0.1785,0.2243
8583,8.583,0.0038,-0.0105,-0.0039,0.0056,0.2354,0.3107
8584,8.584,0.0026,0.005,-0.0056,0.0013,0.3621,0.3886
8585,8.585,0.0044,0.0111,0.0023,0.0019,0.4764,0.3187
8586,8.586,0.0012,0.0129,-0.0009,0.0054,0.58,0.2551
8587,8.587,-0,0.0078,0.0002,0.0048,0.4868,0.7781
8588,8.588,0.0025,0.0124,-0.0025,0.0076,1.2529,0.8486
8589,8.589,0.0041,0.011,0.0019,0.006,1.562,0.2722
8590,8.59,0.0038,0.0147,-0.0003,-0.001,0.531,-0.1166
8591,8.591,0.0044,0.0137,0.0005,-0.0168,-0.1575,-0.1884
8592,8.592,0.0027,0.0147,-0.0025,-0.019,-0.2852,-0.2536
8593,8.593,-0.001,0.0082,0.0005,-0.013,-0.4004,-0.3124
8594,8.594,-0.0005,0.0005,0.0031,-0.0075,-0.505,-0.2602
8595,8.595,-0.0002,0.0099,-0.003,-0.0058,-0.4126,-0.5968
8596,8.596,-0.0031,0.0062,-0.0021,-0.0105,-0.839,-1.0777
8597,8.597,-0.0012,0.0052,-0.0013,-0.0092,-1.8461,-0.5022
8598,8.598,-0.0036,0.0021,0.0008,0.0047,-0.8868,0.0411
8599,8.599,0.0014,-0.0024,0.0013,0.0065,-0.0121,0.2535
8600,8.6,-0.0006,-0.0015,0.0019,0.0081,0.3304,0.3185
8601,8.601,0.0036,-0.0037,0.0035,0.0066,0.4348,0.3772
8602,8.602,-0.0016,0.0012,-0.0007,0.0106,0.5291,0.3247
8603,8.603,0.0004,-0.003,0.0046,0.0093,0.4445,0.373
8604,8.604,-0.0001,0.0059,0.004,0.0061,0.522,1.0282
8605,8.605,0.0027,-0.0029,0.0035,0.0113,1.5767,0.7476
8606,8.606,0.0022,0.0027,0.0031,0.0086,1.1247,0.1503
8607,8.607,-0.0029,0.0038,0.0006,0.0111,0.1626,-0.2386
8608,8.608,-0.0022,0.0011,0.0019,0.0026,-0.2142,-0.3103
8609,8.609,-0.0039,0.0054,0.0031,0.0016,-0.3298,-0.3752
8610,8.61,-0.0044,0.0047,0.0042,0.0005,-0.4343,-0.318
8611,8.611,0.0004,-0.0059,0.0004,-0.0004,-0.5291,-0.2656
8612,8.612,-0.0001,-0.0013,-0.0001,0.0022,-0.4448,-0.7944
8613,8.613,-0.003,0.0028,0.0003,0.0028,-1.2966,-1.0058
8614,8.614,-0.0014,0.0017,-0.0025,0.0048,-1.6375,-0.3016
8615,8.615,-0.0026,-0.0086,-0.0014,0.0053,-0.5037,0.1683
8616,8.616,0.0013,-0.0045,-0.0037,0.0036,0.2532,0.2548
8617,8.617,0.0028,-0.0033,0.0001,-0.0031,0.3927,0.3331
8618,8.618,0.0016,-0.0022,-0.0021,0.0053,0.5187,0.2637
8619,8.619,0.0013,-0.0031,0.0019,0.0021,0.6331,0.2004
8620,8.62,-0.0012,-0.0095,-0.0017,-0.0009,0.325,0.6072
8621,8.621,0.0027,-0.0035,-0.0028,-0.0017,0.9805,0.9772
8622,8.622,-0.002,-0.0027,-0.0025,0.0043,1.7471,0.5449
8623,8.623,-0.0003,0.0009,-0.0035,0.0006,0.8199,-0.096
8624,8.624,0.0003,-0.0007,-0.0052,0.0041,-0.0551,-0.1826
8625,8.625,0.0051,0.0046,-0.0028,0.0025,-0.3977,-0.261
8626,8.626,0.0046,-0.0002,0.0014,-0.0004,-0.5025,-0.3318
8627,8.627,0.0006,-0.0019,-0.0055,-0.0039,-0.5973,-0.2683
8628,8.628,0.0011,0.007,-0.0028,0.0031,-0.513,-0.3266
8629,8.629,0.0008,-0.0017,-0.002,0,-0.5909,-1.0135
8630,8.63,0.0005,-0.0072,-0.0013,0.0009,-1.646,-0.7329
8631,8.631,0.0024,-0.0041,0.0022,0.0001,-1.1942,-0.1359
8632,8.632,0,-0.0013,0.0004,0.0039,-0.232,0.2529
8633,8.633,-0.003,-0.0021,0.0056,0.0019,0.3944,0.3246
8634,8.634,0.0006,-0.0073,-0.0037,-0.0064,0.51,0.2615
8635,8.635,-0.0015,-0.0008,-0.0026,-0.0053,0.6143,0.3203
8636,8.636,0.0006,0.0002,0.0005,-0.0062,0.5222,0.2679
8637,8.637,-0.0052,0.0009,-0.0048,-0.0016,0.4382,0.7965
8638,8.638,-0.0043,0.0017,-0.0041,-0.0058,1.29,0.8672
8639,8.639,-0.002,-0.0065,-0.0068,-0.0036,1.4041,0.291
8640,8.64,-0.0027,-0.0075,-0.0047,-0.0015,0.6826,-0.0976
8641,8.641,0.0004,0.0021,-0.0042,0.0016,-0.1627,-0.3099
8642,8.642,-0.0001,0.0033,-0.0001,-0.0037,-0.278,-0.2468
8643,8.643,-0.0006,0.0001,0.0002,-0.003,-0.382,-0.3055
8644,8.644,0.0016,0.0032,-0.0025,-0.0046,-0.4765,-0.2532
8645,8.645,0.0005,0.0041,0.0015,-0.0063,-0.392,-0.5896
8646,8.646,0.003,-0.0001,-0.004,-0.0047,-0.9337,-1.0704
8647,8.647,0.002,0.0005,0.0007,-0.0004,-1.8482,-0.4948
8648,8.648,-0.001,-0.0015,-0.0025,0.006,-0.9758,0.0486
8649,8.649,0.0047,-0.0057,-0.0044,0.0001,0.0469,0.2612
8650,8.65,-0.0012,-0.0028,0.0001,0.0009,0.4614,0.3261
8651,8.651,0.0025,-0.0023,-0.0032,0.0016,0.5881,0.2689
8652,8.652,0.0019,0.0007,-0.0051,-0.0001,0.4766,0.3221
8653,8.653,0.0014,0.001,-0.0006,-0.0029,0.5807,0.3703
8654,8.654,-0.0039,0.0014,-0.0051,0.0018,0.4879,1.0256
8655,8.655,0.001,0.0017,-0.0049,-0.0039,1.5951,0.745
8656,8.656,0.0005,0.0047,-0.0026,-0.0017,1.1437,0.1477
8657,8.657,0.001,0.005,-0.0059,0.0003,0.1822,-0.2413
8658,8.658,-0.0034,0.0026,0.0006,0.0012,-0.2973,-0.2696
8659,8.659,0.0002,0.005,-0.0061,0.0017,-0.4237,-0.3409
8660,8.66,-0.001,0.0066,-0.0055,0.0033,-0.5379,-0.2778
8661,8.661,-0.0039,0.0024,-0.0066,-0.0002,-0.4359,-0.2202
8662,8.662,0.0003,-0.0034,-0.0106,0.0048,-0.3428,-0.9074
8663,8.663,-0.0002,-0.0072,-0.0073,-0.003,-1.4495,-1.0015
8664,8.664,0.0003,-0.0008,-0.0081,-0.002,-1.601,-0.2349
8665,8.665,0.0015,-0.0034,-0.0055,-0.0012,-0.64,0.0756
8666,8.666,0.0011,-0.0057,-0.0063,-0.0037,0.2354,0.1705
8667,8.667,0.0021,-0.0037,0.0004,-0.0137,0.3514,0.2563
8668,8.668,-0.0025,0.0005,-0.0029,-0.0151,0.4558,0.334
8669,8.669,-0.002,-0.0001,-0.0023,-0.0114,0.5505,0.2638
8670,8.67,-0.0015,-0.0037,-0,-0.0036,0.4662,0.4556
8671,8.671,-0.001,-0.0041,0.0019,-0.0027,1.0079,0.9787
8672,8.672,-0.0007,0.0023,0.0023,0.0037,1.6415,0.4861
8673,8.673,-0.0036,0.0068,0.0004,0.0029,0.8752,0.0365
8674,8.674,-0.0011,0.0026,-0.0003,0.005,-0.0546,-0.256
8675,8.675,0.0006,0.0018,-0.001,0.003,-0.4315,-0.3102
8676,8.676,-0.0018,0.0025,0.0018,0.0099,-0.5467,-0.2632
8677,8.677,-0.0016,-0.0018,0.0036,0.0053,-0.4451,-0.3078
8678,8.678,-0.0055,-0.0002,0.0038,0.0061,-0.54,-0.348
8679,8.679,0.0032,-0.0017,0.0046,0.0067,-0.6259,-0.8898
8680,8.68,-0.0005,-0.0021,0.0048,0.0002,-1.7874,-0.6584
8681,8.681,-0.0015,0.0007,0.004,0.0027,-1.2906,-0.1653
8682,8.682,-0.0088,-0.0036,0.0009,0.0005,-0.233,0.2837
8683,8.683,-0.0134,-0.0019,0.0033,-0.0059,0.4554,0.2266
8684,8.684,-0.0057,-0.0025,0.0049,-0.0034,0.3331,0.2797
8685,8.685,-0.0067,-0.0003,0.0099,0.0035,0.4475,0.3278
8686,8.686,-0.0003,-0.0068,0.0104,0.0043,0.5513,0.1969
8687,8.687,0.0022,-0.0171,0.0134,0.0034,0.4581,0.792
8688,8.688,0.0028,-0.0131,0.0128,0.0041,1.3942,0.877
8689,8.689,0.0035,-0.0069,0.0143,0.0047,1.5192,0.3342
8690,8.69,0.0065,-0.0013,0.0131,-0.0011,0.4981,-0.1601
8691,8.691,0.007,0.0059,0.0142,0.0011,-0.1905,-0.2259
8692,8.692,0.0044,0.0067,0.0193,0.0032,-0.3181,-0.2854
8693,8.693,0.0032,0.0093,0.0257,-0.0026,-0.4332,-0.3391
8694,8.694,0.0079,0.0129,0.0162,-0.0019,-0.5377,-0.2917
8695,8.695,0.0049,0.0051,0.0074,-0.0013,-0.4452,-0.5979
8696,8.696,-0.0004,0.0021,-0.0029,-0.0008,-0.8717,-1.0351
8697,8.697,-0.0024,0.0012,-0.0042,-0.0013,-1.724,-0.5122
8698,8.698,0.007,0.0037,-0.0053,-0.0008,-0.9316,0.1224
8699,8.699,0.0001,0.0015,-0.0063,0.0053,-0.0024,0.209
8700,8.7,0.0012,-0.0006,-0.0031,0.0028,0.3739,0.2873
8701,8.701,0.0044,0.0011,-0.0022,-0.0025,0.4887,0.358
8702,8.702,0.0034,-0.0006,-0.0013,-0.0005,0.5926,0.2944
8703,8.703,-0.0031,0.0019,-0.0049,0.0038,0.4995,0.3524
8704,8.704,-0.0022,0.0022,-0.0028,0.0009,0.5847,1.0392
8705,8.705,-0.0001,-0.0007,-0.0057,-0.0038,1.5906,0.7586
8706,8.706,-0.0008,0.0044,0.0009,0.0019,1.1796,0.1613
8707,8.707,0.0023,0.0037,0.0019,0.0012,0.3047,-0.2276
8708,8.708,0.0006,0.0068,-0.0017,0.0048,-0.2651,-0.2994
8709,8.709,0.001,0.0051,-0.0036,0.0006,-0.3704,-0.3642
8710,8.71,0.0007,0.0003,-0.0029,0.0001,-0.4658,-0.3068
8711,8.711,0.0027,0.0073,-0.0044,-0.0014,-0.5523,-0.2544
8712,8.712,0.0046,0.0027,-0.0007,0.0008,-0.321,-0.8792
8713,8.713,0.0022,0.0036,-0.0008,-0.0021,-1.3765,-0.9649
8714,8.714,0.0012,0.0014,-0.0009,0.0005,-1.5286,-0.2676
8715,8.715,-0.0007,-0.0007,-0.0033,-0.0041,-0.5681,0.2025
8716,8.716,-0.0009,-0.0037,-0.0007,-0.0058,0.3067,0.2891
8717,8.717,-0.0026,0.0004,0.0005,-0.004,0.4224,0.3675
8718,8.718,-0.0024,0.0009,0.0009,-0.0005,0.5267,0.2982
8719,8.719,0.0006,-0.0021,0.0004,-0.0017,0.621,0.235
8720,8.72,0.0003,-0.0017,-0.0031,-0.0013,0.3665,0.642
8721,8.721,-0.0007,-0.0014,-0.0004,-0.0016,0.9084,1.0123
8722,8.722,-0.0017,-0.001,-0.0052,0.0023,1.6825,0.484
8723,8.723,-0.0068,0.0001,-0.0071,0.0039,0.9613,-0.0094
8724,8.724,-0.0004,0.0008,-0.0038,0.0018,-0.0714,-0.2026
8725,8.725,-0.0063,-0.0015,-0.0042,-0.0002,-0.4858,-0.2613
8726,8.726,0.0007,-0.0046,-0.0015,0.0024,-0.3633,-0.3144
8727,8.727,-0.0002,-0.002,-0.0025,0.0057,-0.4781,-0.2663
8728,8.728,-0.001,0.0026,-0.0052,-0.0007,-0.3764,-0.3969
8729,8.729,-0.0003,-0.0016,0.0008,-0.0091,-0.658,-0.992
8730,8.73,-0.001,-0.0011,-0.005,-0.0034,-1.765,-0.7364
8731,8.731,0.0007,-0.0026,-0.0011,-0.0003,-1.3134,-0.038
8732,8.732,0.0002,-0.0076,-0.0016,-0.0011,-0.3514,0.2449
8733,8.733,-0.0003,-0.0083,0.0016,-0.0003,0.2748,0.3319
8734,8.734,-0.0025,-0.004,-0.0023,0.002,0.3894,0.2556
8735,8.735,-0.0053,0.0001,-0.0017,-0.0016,0.493,0.3268
8736,8.736,-0.0027,-0.0004,-0.0077,0.0015,0.5873,0.2636
8737,8.737,-0.0003,0.0018,-0.0034,-0.0025,0.3323,0.7872
8738,8.738,0.0027,-0.0002,-0.007,0.0023,1.3385,0.8573
8739,8.739,-0.0023,-0.0027,-0.0034,-0.0046,1.4745,0.2812
8740,8.74,0.0026,0.0026,-0.0038,-0.0019,0.6002,-0.1063
8741,8.741,0.0043,0.0063,-0.0021,0.0007,-0.1946,-0.3176
8742,8.742,0.0003,0.0028,-0.0026,0.0044,-0.2992,-0.3818
8743,8.743,-0.0012,0.0059,-0.0029,-0.0004,-0.5814,-0.3239
8744,8.744,0.0031,0.0042,-0.0025,0.0038,-0.4974,-0.2709
8745,8.745,0.0036,0.0027,-0.0022,0.0044,-0.4208,-0.6069
8746,8.746,0.0011,0.0039,0.0009,0.0059,-0.9134,-1.0865
8747,8.747,-0.0011,-0.0008,-0.003,0.0029,-1.7444,-0.5093
8748,8.748,0.0018,0.0009,-0.0036,-0.001,-0.9499,0.0342
8749,8.749,0.0022,-0.0078,-0.0006,0.0016,-0.0211,0.2465
8750,8.75,0.0026,0.001,0.0013,0.0047,0.3542,0.3118
8751,8.751,0.0002,-0.0022,-0.0039,0.0008,0.4687,0.371
8752,8.752,0.0016,-0.0032,-0.006,0.0013,0.5726,0.3192
8753,8.753,0.0005,-0.0023,-0.002,0.0025,0.4796,0.368
8754,8.754,0.0022,-0.0049,-0.0074,0.0022,0.5651,1.0236
8755,8.755,-0.001,0.0036,-0.0055,0.0012,1.7258,0.7424
8756,8.756,0.0021,-0.002,-0.0052,-0.004,1.2267,0.146
8757,8.757,-0.0007,0.0033,-0.0049,-0.0033,0.169,-0.2415
8758,8.758,-0.0017,-0.0031,-0.0067,0.0002,-0.244,-0.3122
8759,8.759,0.0005,0.0026,-0.0052,-0.003,-0.4174,-0.3232
8760,8.76,0.0016,-0.0033,-0.0012,-0.0035,-0.5432,-0.2594
8761,8.761,-0.0035,-0.0011,-0.0068,0.0006,-0.431,-0.2012
8762,8.762,0.003,-0.0004,-0.0106,0.0053,-0.3287,-0.8878
8763,8.763,-0.0029,-0.0021,-0.0052,0.0036,-1.359,-0.9804
8764,8.764,-0.0007,-0.0073,-0.0048,-0.0028,-1.4952,-0.2128
8765,8.765,-0.0013,-0.0053,-0.0072,-0.0003,-0.6211,0.0975
8766,8.766,0.0017,0.0004,-0.0017,0.0004,0.1737,0.1924
8767,8.767,0.0012,-0.0018,0.0001,0.001,0.4839,0.2787
8768,8.768,-0.0003,-0.0012,0.0047,-0.0032,0.3916,0.357
8769,8.769,0.002,0.0031,0.0001,-0.0061,0.4776,0.1468
8770,8.77,0.0023,-0.0046,0.0015,-0.0004,0.4008,0.5949
8771,8.771,-0.0019,-0.0036,0.0016,-0.0104,1.0342,1.0014
8772,8.772,0.001,-0.0009,0.0016,-0.0173,1.6294,0.5251
8773,8.773,-0.0005,-0.0018,-0.0008,-0.0161,0.9312,-0.0515
8774,8.774,0.0007,0.0019,-0.0001,-0.0084,-0.1007,-0.2842
8775,8.775,0.001,0.0067,-0.0051,-0.0053,-0.2395,-0.355
8776,8.776,-0.004,0.0072,-0.0085,-0.0027,-0.3655,-0.4194
8777,8.777,-0.0005,0.0031,-0.006,0.0051,-0.4795,-0.2453
8778,8.778,0.0038,0.0046,-0.0089,0.0021,-0.5829,-0.4036
8779,8.779,0.0021,0.0076,-0.0104,0.0029,-0.6766,-1.028
8780,8.78,0.0026,0.0072,-0.0147,0.002,-1.7833,-0.6013
8781,8.781,-0.0005,0.0014,-0.0166,0.0026,-1.3294,-0.0582
8782,8.782,0.0006,-0.0047,-0.0092,0.0058,0.4042,0.3584
8783,8.783,-0.0033,0.0017,-0.0053,0.0041,0.5569,0.3012
8784,8.784,-0.0059,-0.0009,0.0032,0.0016,0.4213,0.3548
8785,8.785,-0.0037,-0.0016,0.0017,0.0004,0.5473,0.3072
8786,8.786,0.0019,-0.0023,0.0024,0.0024,0.4352,0.8753
8787,8.787,-0.0018,-0.0006,-0.001,0.0059,1.3628,0.9527
8788,8.788,-0.0012,-0.0001,-0.0022,0.0047,1.4876,0.3189
8789,8.789,0.0019,0.0034,-0.0084,0.005,0.4673,-0.1077
8790,8.79,-0.001,0.0003,-0.005,0.0025,-0.2198,-0.1863
8791,8.791,-0.0036,-0.0008,0.0012,-0.0028,-0.346,-0.2574
8792,8.792,-0.0039,-0.0019,0.0068,0.0024,-0.4605,-0.3223
8793,8.793,0.0025,0.0033,0.0088,0.0004,-0.5645,-0.2648
8794,8.794,-0.0002,0.0011,0.0036,-0.0027,-0.4719,-0.6348
8795,8.795,0.0006,0.0031,-0.0049,-0.0032,-0.898,-1.0674
8796,8.796,-0.0001,-0.0064,0.0005,0.0003,-1.7494,-0.544
8797,8.797,-0.005,-0.0216,-0.0027,0.0006,-0.9559,0.09
8798,8.798,-0.0008,-0.0155,0.0016,-0.0058,-0.0272,0.1764
8799,8.799,-0.0025,-0.0025,0.0006,0.0026,0.3485,0.2546
8800,8.8,-0.0073,0.0026,0.0105,-0.0006,0.4633,0.3256
8801,8.801,-0.0115,0.0011,0.009,0.0024,0.5678,0.2623
8802,8.802,-0.0133,0.0051,0.0077,0.0032,0.4755,0.4369
8803,8.803,-0.0055,0.0063,0.0131,0.0057,0.5614,1.0182
8804,8.804,-0.0023,0.0053,0.0246,0.0005,1.7228,0.6313
8805,8.805,0.0029,0.0023,0.0199,0.0025,1.2255,0.1382
8806,8.806,0.0037,-0.0099,0.0158,0.0007,0.1687,-0.1828
8807,8.807,0.0011,-0.015,0.0121,0.0012,-0.2444,-0.2421
8808,8.808,0.0033,-0.0043,0.0065,0.0017,-0.3706,-0.2958
8809,8.809,0.0053,0.0054,0.0222,0.0029,-0.4849,-0.3446
8810,8.81,0.0036,0.0042,0.0245,0.0008,-0.5887,-0.2142
8811,8.811,0.0018,0.0053,0.0225,0.0012,-0.3085,-0.8099
8812,8.812,0.0043,0.0023,0.0132,-0.0027,-1.4156,-0.8952
8813,8.813,0.0031,0.0069,0.0014,-0.0002,-1.5666,-0.3529
8814,8.814,0.001,0.0027,0,0.0059,-0.6059,0.1401
8815,8.815,0.0046,0.0034,-0.0012,-0.0019,0.2684,0.2051
8816,8.816,0.0015,0.0099,-0.0023,-0.0009,0.3837,0.264
8817,8.817,0.0054,-0.0012,-0.0077,-0.0001,0.4881,0.3174
8818,8.818,0.0018,0.0095,-0.0024,0.0008,0.5831,0.2699
8819,8.819,0.0014,0.0109,-0.0014,0.0014,0.3288,0.6633
8820,8.82,-0.0015,0.0022,-0.0037,0.0021,1.0258,1.0331
8821,8.821,0.0027,0.0079,-0.0029,-0.0022,1.6818,0.5043
8822,8.822,-0.0013,0.007,-0.0007,0.0007,0.9153,-0.1298
8823,8.823,0.0002,0.0062,-0.0011,-0.005,-0.0131,-0.216
8824,8.824,0.0063,-0.0015,-0.0014,-0.0013,-0.3887,-0.2942
8825,8.825,0.0054,0.0038,-0.006,-0.002,-0.5035,-0.3653
8826,8.826,0.0032,0.0031,-0.0016,-0.005,-0.6074,-0.3021
8827,8.827,0.0039,0.0057,-0.0043,0.0026,-0.5147,-0.3606
8828,8.828,-0.0019,0.0035,-0.0057,-0.0004,-0.6002,-1.0476
8829,8.829,0.0018,-0.0042,-0.0025,-0.0012,-1.7612,-0.7667
8830,8.83,0.0012,0.0011,-0.0063,-0.0054,-1.2636,0.0004
8831,8.831,0.0017,-0.0015,-0.0056,-0.0017,-0.2063,0.3106
8832,8.832,-0,-0.0023,-0.0058,0.0004,0.4815,0.218
8833,8.833,-0.0015,-0.006,-0.0054,-0.0013,0.3596,0.3039
8834,8.834,0.0015,-0.001,-0.0042,0.0016,0.4743,0.3819
8835,8.835,0.0003,-0.0067,-0.0037,-0.0009,0.5785,0.3121
8836,8.836,0.0006,-0.0059,-0.0046,-0.0005,0.486,0.8879
8837,8.837,-0.0033,-0.0023,-0.0063,0.0016,1.4228,0.8111
8838,8.838,-0.0017,-0.0006,-0.0073,0.0006,1.5483,0.3182
8839,8.839,-0.0021,-0.0022,-0.0055,0.0016,0.5277,-0.1312
8840,8.84,-0.0017,0.0056,-0.0086,0.0033,-0.1606,-0.1905
8841,8.841,0.0008,0.0001,-0.0106,-0.0009,-0.2874,-0.3495
8842,8.842,-0.0038,0.0033,-0.0058,-0.0004,-0.4019,-0.3022
8843,8.843,-0.0021,-0.0031,-0.0062,-0.0032,-0.5057,-0.259
8844,8.844,0.002,0.0012,-0.0056,-0.0068,-0.4129,-0.6165
8845,8.845,-0.0005,-0.0087,-0.0102,-0.0025,-1.0088,-1.0492
8846,8.846,-0.0027,-0.0046,-0.0071,0.0015,-1.7056,-0.5259
8847,8.847,-0.0039,-0.0008,-0.0065,0,-0.8625,0.109
8848,8.848,0.0003,-0.004,-0.0029,0.0042,0.1601,0.1958
8849,8.849,0.002,-0.0049,-0.0098,0.0014,0.3002,0.274
8850,8.85,0.0068,-0.0003,-0.0067,-0.0012,0.4267,0.345
8851,8.851,0.0025,0.004,-0.0112,0.0058,0.5416,0.2816
8852,8.852,-0.0015,0.0019,-0.0086,0.0068,0.44,0.3398
8853,8.853,0,-0.0017,-0.0049,0.0041,0.5343,1.0268
8854,8.854,-0.0022,-0.0033,-0.0126,0.0032,1.6417,0.7463
8855,8.855,0.0017,-0.0074,-0.0157,0.0039,1.1901,0.149
8856,8.856,0.0033,-0.0016,-0.0092,0.0003,0.2285,-0.2398
8857,8.857,-0.0009,0.0021,-0.0152,-0.0054,-0.3975,-0.3112
8858,8.858,-0.0026,-0.0029,-0.0067,-0.0047,-0.5127,-0.376
8859,8.859,-0.0019,-0.0002,-0.0066,-0.0036,-0.5116,-0.3017
8860,8.86,0.0007,0.0015,-0.0076,-0.0016,-0.4098,-0.2442
8861,8.861,-0.0015,0.002,-0.0067,-0.0011,-0.3169,-0.9312
8862,8.862,0.0032,0.0004,-0.0076,0.003,-1.4236,-0.8382
8863,8.863,-0.0037,0,-0.0101,0.0014,-1.575,-0.2416
8864,8.864,-0.001,-0.0065,-0.0124,0.0002,-0.6138,0.1472
8865,8.865,-0.0035,-0.0092,-0.0076,0.0006,0.2614,0.2189
8866,8.866,-0.0028,-0.0034,0.0006,-0.0005,0.3772,0.2836
8867,8.867,0.0036,-0.0056,0.0038,0.0047,0.4818,0.3422
8868,8.868,-0.0023,-0.0164,0.0067,0.001,0.5764,0.1842
8869,8.869,-0.0093,-0.021,0.0094,-0.001,0.322,0.6167
8870,8.87,-0.0084,-0.0086,0.0119,-0.0028,1.0188,1.0238
8871,8.871,-0.0059,0.0032,0.0034,0.0013,1.6748,0.4424
8872,8.872,-0.0022,0.0046,0.0043,-0.0002,0.9084,-0.101
8873,8.873,0.0014,0.0085,0.0033,0.0009,-0.0211,-0.1731
8874,8.874,-0.0017,0.0122,0.0097,-0.0003,-0.3976,-0.2382
8875,8.875,-0.0022,0.011,0.0174,0.0007,-0.5126,-0.2971
8876,8.876,0.0003,0.0119,0.0184,-0.001,-0.6166,-0.2451
8877,8.877,0.0025,0.0091,0.0119,-0.0061,-0.5242,-0.3895
8878,8.878,0.0037,0.003,0.0145,-0.0168,-0.6099,-1.045
8879,8.879,0.0018,0.0036,0.0151,-0.0153,-1.7713,-0.7646
8880,8.88,-0.0035,-0.0059,0.0216,-0.0057,-1.2745,0.0028
8881,8.881,0.0018,0.0003,0.0138,0.0006,-0.2166,0.3134
8882,8.882,0.0024,0.0012,0.0023,-0.0004,0.472,0.2211
8883,8.883,0.0029,-0.002,0.0008,-0.0035,0.3499,0.3068
8884,8.884,0.0034,-0.0013,-0.0005,-0.0008,0.4641,0.2299
8885,8.885,0.0059,-0.0006,-0.0016,0,0.5681,0.3002
8886,8.886,0.0037,0.0063,-0.0026,-0.0007,0.4752,0.8756
8887,8.887,0.0017,-0.0042,-0.0056,-0.0027,1.4117,0.7986
8888,8.888,0.0042,-0.0112,-0.001,0.003,1.5369,0.1644
8889,8.889,-0.0004,-0.0201,-0.0017,0.0082,0.5159,-0.2632
8890,8.89,0.0001,-0.0053,0.0021,0.0033,-0.1728,-0.1876
8891,8.891,0.0006,0.0007,0.0002,0.0063,-0.3,-0.2588
8892,8.892,0.0031,-0.0125,-0.0003,0.0068,-0.4149,-0.3236
8893,8.893,0.0019,-0.0143,0.0004,0.0011,-0.5193,-0.2661
8894,8.894,0.0047,-0.0037,-0.001,0.0033,-0.4269,-0.6361
8895,8.895,0.0005,0.0087,-0.0005,0.0012,-1.0233,-1.0691
8896,8.896,-0.0012,0.007,-0.0024,0.0029,-1.7207,-0.4298
8897,8.897,0.0023,-0.0161,0.0013,0.0046,-0.8782,0.1676
8898,8.898,-0.0037,-0.013,-0.0007,0.0021,0.144,0.2465
8899,8.899,-0.0029,-0.0042,-0.0017,0.0024,0.2837,0.3175
8900,8.9,-0.0022,0.0094,-0.0026,-0.0005,0.4096,0.382
8901,8.901,-0.0002,0.0167,-0.002,0.0014,0.5239,0.3243
8902,8.902,-0.0019,0.0144,-0.0042,0.0037,0.4218,0.3771
8903,8.903,0.001,0.0164,0.0002,0.0014,0.7028,1.0017
8904,8.904,-0.0068,0.0145,-0.0012,0.0012,1.6393,0.7466
8905,8.905,0.0035,0.0128,-0.0015,0.0029,1.2658,0.0486
8906,8.906,-0.0006,0.0143,0.0002,0.0007,0.2439,-0.234
8907,8.907,-0.0043,0.0102,-0.0007,0.0032,-0.4444,-0.3207
8908,8.908,0.0013,0.0065,-0.0008,0,-0.3223,-0.2444
8909,8.909,0.0003,0.0055,-0.0009,-0.002,-0.437,-0.3153
8910,8.91,-0.0024,0.0107,-0.0052,-0.0002,-0.5411,-0.2517
8911,8.911,-0.0016,0.0043,-0.008,0.0002,-0.4482,-0.8912
8912,8.912,-0.0009,0.0018,-0.0013,-0.0002,-1.5551,-0.9769
8913,8.913,-0.0015,-0.0019,-0.0002,0,-1.4053,-0.2795
8914,8.914,-0.001,0.0017,0.0023,-0.0029,-0.4443,0.1904
8915,8.915,0.0007,0.0035,-0.0024,-0.0018,0.1819,0.277
8916,8.916,0.0022,-0.0006,-0.0038,-0.0008,0.5241,0.3552
8917,8.917,-0,-0.001,-0.0064,0.0009,0.4224,0.2857
8918,8.918,-0.0003,0.0013,-0.0014,-0.0033,0.5173,0.2223
8919,8.919,0.0039,0.0017,-0.0069,-0.005,0.4332,0.6291
8920,8.92,0.0034,0.0036,0.0002,-0.001,0.9751,0.9993
8921,8.921,0.0019,0.004,-0.0022,0.0006,1.6088,0.4708
8922,8.922,0.0007,-0.001,0.0005,-0.0016,0.8425,-0.023
8923,8.923,-0.0004,0.0012,-0.003,0.0004,-0.0868,-0.2164
8924,8.924,0.0015,-0.0004,-0.0008,0.004,-0.4633,-0.2752
8925,8.925,-0.0009,0.0002,-0.0011,-0.0029,-0.3518,-0.3283
8926,8.926,0.0009,0.0008,-0.0038,0.0001,-0.4556,-0.2806
8927,8.927,0.0007,0.004,-0.0001,-0.0007,-0.363,-0.4116
8928,8.928,0.0001,0.0002,-0.0069,-0.0015,-0.6187,-1.007
8929,8.929,0.0013,-0.0055,-0.0015,-0.0009,-1.7798,-0.7518
8930,8.93,0.0027,-0.0075,-0.0006,-0.0029,-1.2828,-0.0537
8931,8.931,-0.0003,-0.0039,-0.0013,0.0002,-0.2246,0.2292
8932,8.932,-0.0006,-0.0033,-0.0035,0.0019,0.4643,0.3158
8933,8.933,-0.0031,-0.0037,-0.0028,0.0004,0.3425,0.394
8934,8.934,-0.0027,-0.0061,-0.0011,0.0027,0.457,0.3246
8935,8.935,0.0024,-0.0047,-0.0006,0.0039,0.5613,0.261
8936,8.936,0.0031,-0.0017,-0.0042,0.0004,0.4688,0.9007
8937,8.937,0.0015,0.0026,-0.002,0.0008,1.4057,0.8163
8938,8.938,0.002,-0.0001,-0.0018,-0.0021,1.5312,0.2739
8939,8.939,0.0005,0.0015,0.0007,-0.0002,0.5106,-0.2197
8940,8.94,-0.0016,0.0038,-0.0033,0.0016,-0.1777,-0.2849
8941,8.941,0.0023,0.001,-0.0039,-0.0034,-0.3045,-0.3433
8942,8.942,-0.0024,0.0015,-0.0044,-0.0054,-0.419,-0.291
8943,8.943,0.0018,-0.0008,-0.0066,-0.0037,-0.5229,-0.243
8944,8.944,-0.0022,-0.0045,-0.005,-0.0031,-0.4301,-0.636
8945,8.945,0.0003,-0.0066,-0.0104,0.0047,-1.0261,-1.0057
8946,8.946,-0.0057,-0.0053,-0.0099,-0.0031,-1.7231,-0.4767
8947,8.947,0.002,-0.001,-0.0066,-0.002,-0.8801,0.1585
8948,8.948,-0.0032,-0.005,-0.0025,0.0026,0.1425,0.2457
8949,8.949,0.0014,-0.0054,-0.0115,-0.0016,0.2827,0.3243
8950,8.95,-0.0011,-0.0023,-0.0106,0.0036,0.409,0.3955
8951,8.951,-0.0005,-0.0002,-0.0098,0.0001,0.5237,0.2045
8952,8.952,0.0016,0.0024,-0.0091,0.0006,0.422,0.3791
8953,8.953,-0.0014,0.0015,-0.0102,-0.0058,0.7035,1.0662
8954,8.954,0.0003,-0.0001,-0.0062,0.0002,1.6405,0.5986
8955,8.955,-0.0023,-0.002,-0.0058,0.0054,1.0181,0.1717
8956,8.956,0.0008,0.0004,-0.0082,0.0047,0.2233,-0.2168
8957,8.957,-0.0021,0.0041,-0.0102,0.0017,-0.294,-0.288
8958,8.958,0.0021,0.0029,-0.0088,0.0034,-0.3897,-0.3525
8959,8.959,0.0038,0.0017,-0.0055,0.0019,-0.4759,-0.2948
8960,8.96,0.0035,-0.005,-0.0067,0.0036,-0.5023,-0.2549
8961,8.961,-0.0023,-0.0086,-0.0058,0.0005,-0.4256,-0.9417
8962,8.962,0.0015,-0.0017,-0.0109,0.0017,-1.4805,-0.8484
8963,8.963,0.0021,-0.0028,-0.007,0.0027,-1.6321,-0.2514
8964,8.964,0.0026,-0.0074,-0.0126,0.0004,-0.3968,0.1375
8965,8.965,0.0009,-0.0066,-0.0109,0.0027,0.4356,0.2095
8966,8.966,-0.0006,-0.0014,-0.0042,0.0014,0.2876,0.2745
8967,8.967,-0.0018,-0.0035,-0.0037,-0.0025,0.4264,0.3333
8968,8.968,-0.0006,-0.0019,-0.0032,-0.0009,0.5522,0.1755
8969,8.969,-0.0042,0.0021,0.0002,-0.0024,0.4397,0.6082
8970,8.97,-0.0012,0.0025,0.0006,-0.0002,0.9549,1.0154
8971,8.971,-0.0024,-0.0006,-0.0014,-0.0031,1.6108,0.4341
8972,8.972,-0.0034,0.0031,-0.0022,-0.0012,0.8443,-0.1093
8973,8.973,-0.0044,-0.0027,0.0032,0.0027,-0.0854,-0.3217
8974,8.974,-0.0048,-0.0021,0.0008,0.0011,-0.4619,-0.2587
8975,8.975,-0.0023,0.0055,-0.0015,-0.0011,-0.3504,-0.3174
8976,8.976,0,-0.0019,0.0024,0.0018,-0.4544,-0.2651
8977,8.977,-0.0051,-0.0047,0.0062,-0.0008,-0.3617,-0.4094
8978,8.978,-0.0115,-0.0039,0.0085,-0.006,-0.6172,-1.0647
8979,8.979,-0.009,-0.0034,0.0071,-0.0054,-1.7784,-0.5967
8980,8.98,-0.0068,-0.0028,0.0081,-0.0047,-1.2816,0.0005
8981,8.981,-0.0033,-0.0087,0.0114,-0.003,-0.2235,0.2346
8982,8.982,0.0009,-0.0203,0.0133,-0.0059,0.4652,0.306
8983,8.983,0.0037,-0.0188,0.0119,-0.0002,0.3431,0.3708
8984,8.984,0.0012,-0.002,0.0175,0.0005,0.4576,0.3134
8985,8.985,0.0033,0.0001,0.0215,0.0011,0.5615,0.2609
8986,8.986,0.0004,0.0061,0.0206,-0.0031,0.4686,0.8855
8987,8.987,0.0047,0.0078,0.0098,-0.0072,1.4053,0.8008
8988,8.988,0.0041,0.006,0.0112,-0.0108,1.5308,0.2581
8989,8.989,0.0026,0.0105,0.007,-0.0138,0.51,-0.2359
8990,8.99,0.0068,0.0034,0.0182,-0.0083,-0.1785,-0.1736
8991,8.991,0.0051,0.0071,0.0226,0.0002,-0.3053,-0.3489
8992,8.992,0.0045,0.008,0.0185,-0.0009,-0.4198,-0.2969
8993,8.993,0.0033,0.0089,-0.0006,0.0064,-0.5235,-0.2494
8994,8.994,0.0029,0.0115,0.0021,0.0072,-0.4305,-0.6428
8995,8.995,0.0033,0.0036,-0.0103,0.008,-1.0265,-1.013
8996,8.996,0.0022,-0.0018,-0.0082,0.0073,-1.7236,-0.4843
8997,8.997,0.0032,0.0008,-0.0062,0.0053,-0.8805,0.1504
8998,8.998,-0.001,-0.0001,-0.0043,0.0047,0.1422,0.2372
8999,8.999,0.0006,0.002,-0.0026,-0.0017,0.2825,0.3155
9000,9,-0.0011,-0.0016,-0.0041,0.0008,0.4087,0.3863
9001,9.001,-0.0006,-0.0012,-0.0054,0.003,0.5233,0.3227
9002,9.002,0.0006,-0.0007,-0.0017,0.0009,0.4215,0.3807
9003,9.003,-0.0015,0.007,-0.0048,0.0051,0.7027,1.0677
9004,9.004,0.0011,0.0037,0.0005,0.0046,1.6395,0.5997
9005,9.005,0.0021,0.0047,-0.0002,-0.0002,1.017,0.0022
9006,9.006,-0.003,0.0055,-0.0043,0.0068,0.2219,-0.2318
9007,9.007,0.0005,-0.0005,-0.0035,0.0022,-0.2954,-0.3033
9008,9.008,0.001,0.0048,-0.0014,-0.0021,-0.3908,-0.3682
9009,9.009,0.0005,-0.0017,0.0005,0.0048,-0.4772,-0.3109
9010,9.01,-0.003,0.0042,-0.0046,-0.0016,-0.5555,-0.2584
9011,9.011,0.0039,-0.0011,-0.0008,0.0043,-0.3453,-0.9792
9012,9.012,-0.0013,-0.0018,-0.0012,-0.0042,-1.3047,-0.8769
9013,9.013,0.0032,0.0025,-0.005,-0.001,-1.4425,-0.2205
9014,9.014,0.0024,-0.0028,-0.0074,0.0043,-0.5687,0.207
9015,9.015,0.0002,-0.0048,-0.0068,0.0034,0.2273,0.2858
9016,9.016,0.0037,-0.0018,-0.0037,-0.0025,0.3328,0.3569
9017,9.017,0.0007,0.0012,-0.006,-0.0004,0.6149,0.2936
9018,9.018,0.0002,0.0037,-0.0026,-0.0053,0.5308,0.2361
9019,9.019,-0.0003,-0.0005,-0.0088,-0.0011,0.4541,0.7116
9020,9.02,-0.0025,0.0048,-0.0058,0.0018,1.0874,1.0318
9021,9.021,0.0003,0.0042,-0.0065,0.0003,1.6838,0.5085
9022,9.022,-0.0032,0.0012,-0.0085,-0.0028,0.8322,-0.1262
9023,9.023,0.0029,0.0042,-0.0089,-0.0024,-0.1903,-0.2129
9024,9.024,0.0004,0.0007,-0.0057,-0.0014,-0.3303,-0.2914
9025,9.025,0.0026,0.005,-0.005,-0.0011,-0.4566,-0.3623
9026,9.026,0.0006,-0.0001,-0.0063,0.002,-0.571,-0.2988
9027,9.027,-0.0025,0.0049,-0.0049,0.0045,-0.4692,-0.4732
9028,9.028,-0.0019,-0.002,0.0017,-0.0007,-0.5632,-1.0544
9029,9.029,-0.0024,0.0027,0.0083,-0.0029,-1.8405,-0.6678
9030,9.03,-0.0027,-0.0031,0.0093,-0.0009,-1.2939,-0.0332
9031,9.031,-0.003,-0.0008,0.0131,-0.0003,-0.1305,0.2238
9032,9.032,-0.0026,-0.0014,0.0139,0.0002,0.3246,0.3023
9033,9.033,-0.0043,0.0004,0.0082,0.0017,0.4638,0.3734
9034,9.034,0.0008,-0.0023,0.0061,-0.0013,0.5893,0.3101
9035,9.035,-0.004,-0.0007,-0.0031,-0.0016,0.477,0.2524
9036,9.036,-0.0035,-0.0036,0.0006,-0.0019,0.3747,0.9394
9037,9.037,-0.0005,0.0004,0.0016,0.0005,1.4046,0.8464
9038,9.038,0,0.0011,-0.0036,-0.0032,1.5421,0.2497
9039,9.039,0.0031,0.0015,-0.0064,0.0019,0.4189,-0.1389
9040,9.04,0.0035,0.0013,-0.0039,-0.0016,-0.3381,-0.2107
9041,9.041,0.0032,0.0033,-0.0092,0.0001,-0.4779,-0.2754
9042,9.042,0.0008,0.0044,-0.0099,-0.0016,-0.6041,-0.334
9043,9.043,0.0005,0.0055,-0.0057,0.0052,-0.4922,-0.176
9044,9.044,-0.0037,0.0014,-0.0099,0.0026,-0.3904,-0.7046
9045,9.045,-0.0031,0.0046,-0.0095,0.0018,-1.0462,-1.0565
9046,9.046,0.0033,-0.0041,-0.0074,0.0025,-1.8133,-0.4806
9047,9.047,0.0025,-0.0078,-0.0064,-0.0023,-0.8863,0.0628
9048,9.048,0.0032,-0.0045,-0.009,0.0008,0.2378,0.2752
9049,9.049,-0.0003,-0.0014,-0.0053,0.0025,0.3913,0.3401
9050,9.05,0.0002,0.0033,-0.0102,-0.001,0.5296,0.2828
9051,9.051,0.0031,-0.0009,-0.0073,0.0042,0.6551,0.2305
9052,9.052,-0.0005,-0.0015,-0.0115,-0.0007,0.5426,0.4708
9053,9.053,0.0007,-0.0035,-0.0091,0.001,0.6456,1.0388
9054,9.054,0.0019,0.0024,-0.0115,0.0006,1.6756,0.652
9055,9.055,-0.0016,0.0002,-0.0113,-0.0009,0.9902,0.0173
9056,9.056,-0.0013,-0.0033,-0.015,0.0013,0.1152,-0.2399
9057,9.057,0.0007,-0.0016,-0.0129,0.0002,-0.2276,-0.3185
9058,9.058,0.0011,0.0025,-0.0102,0.002,-0.3326,-0.3896
9059,9.059,-0.0021,-0.0042,-0.0161,-0.0003,-0.4277,-0.3262
9060,9.06,0.0018,0.0003,-0.0085,-0.0027,-0.5139,-0.2687
9061,9.061,0.0021,-0.001,-0.0109,-0.0036,-0.4098,-0.9394
9062,9.062,0.0026,0.0068,-0.008,0.0006,-1.5709,-0.8872
9063,9.063,0.0023,-0.0069,-0.009,0.0001,-1.4061,-0.2617
9064,9.064,0.0019,-0.0051,-0.0151,0.003,-0.3492,0.1658
9065,9.065,0.0029,-0.0068,-0.0131,-0.0005,0.3388,0.2447
9066,9.066,-0.0023,-0.0023,-0.0083,-0.0017,0.4655,0.3156
9067,9.067,0.0029,-0.0036,-0.0002,-0.0021,0.58,0.3802
9068,9.068,-0.002,0.0001,-0.0036,-0.0039,0.4783,0.2063
9069,9.069,0.001,-0.0032,0.0058,0.0013,0.3853,0.6819
9070,9.07,-0.0031,-0.0062,0.0019,0.0007,0.9812,1.0021
9071,9.071,0.0005,-0.0054,0.0096,0.0027,1.6781,0.4786
9072,9.072,-0.0007,-0.0029,0.0125,0.001,0.8348,-0.0152
9073,9.073,-0.0028,-0.0067,0.0021,-0.0007,-0.1878,-0.2089
9074,9.074,-0.0009,-0.0174,0.006,0.005,-0.3278,-0.268
9075,9.075,-0.0027,-0.016,-0.0003,0.0028,-0.454,-0.3216
9076,9.076,-0.003,-0.012,0.0006,-0.0007,-0.5687,-0.2741
9077,9.077,-0.0024,-0.0033,0.0078,-0.0077,-0.467,-0.4054
9078,9.078,-0.0036,0.0044,0.0086,-0.005,-0.7484,-1.0013
9079,9.079,-0.0073,0.0012,0.0145,-0.0008,-1.8556,-0.5759
9080,9.08,-0.0121,0.0039,0.0138,-0.0045,-1.1024,-0.0327
9081,9.081,-0.0104,-0.0057,0.0173,-0.0052,-0.1406,0.1798
9082,9.082,-0.004,-0.0021,0.0156,0.0017,0.4856,0.2449
9083,9.083,-0.0032,0.0034,0.0161,0.0025,0.3743,0.3037
9084,9.084,-0.001,0.0043,0.0239,-0.0035,0.4783,0.2514
9085,9.085,0.0025,0.0034,0.0249,0.0002,0.5729,0.2035
9086,9.086,0.0008,0.0024,0.028,-0.0005,0.4884,0.8586
9087,9.087,-0.0009,0.0017,0.0216,0.0037,1.4944,0.7654
9088,9.088,0.0058,0.0052,0.0088,-0.0016,1.358,0.3386
9089,9.089,0.0013,0.0056,-0.0005,0.0019,0.4844,-0.2051
9090,9.09,0.0021,0.005,0.0047,0.0024,-0.3114,-0.277
9091,9.091,0.0043,0.0054,-0.0029,-0.0005,-0.417,-0.342
9092,9.092,0.0007,0.0023,-0.0014,-0.0073,-0.5121,-0.285
9093,9.093,0.0012,-0.0034,-0.0001,-0.0009,-0.5986,-0.2329
9094,9.094,0.004,0.0002,-0.0032,-0.0001,-0.3671,-0.6657
9095,9.095,0.0005,0.0022,-0,-0.0101,-1.1409,-0.9568
9096,9.096,-0.0008,0.0051,-0.0026,-0.0143,-1.6563,-0.3756
9097,9.097,0.0031,0.0033,-0.0032,-0.0131,-0.8133,0.1676
9098,9.098,0.0016,-0.0003,-0.0068,-0.0054,0.2094,0.2392
9099,9.099,0.0027,-0,-0.0045,-0.0024,0.3496,0.3039
9100,9.1,0.0048,-0.004,-0.0001,0.004,0.4757,0.3625
9101,9.101,0.0029,0.0007,-0.0028,0.0048,0.5902,0.31
9102,9.102,0.0032,-0.0011,-0.003,-0.0005,0.4882,0.454
9103,9.103,0.0001,0.0053,-0.007,0.0059,0.7696,1.022
9104,9.104,0.0011,0.0027,-0.0039,0.0033,1.7061,0.6351
9105,9.105,0.0001,0.0096,-0.0072,0.0011,1.0835,0.0004
9106,9.106,0.0031,0.0123,-0.0038,0.0046,0.0614,-0.2569
9107,9.107,0.005,0.0044,-0.01,0.0062,-0.3527,-0.3358
9108,9.108,-0.0003,0.0034,-0.0012,0.0056,-0.4792,-0.2666
9109,9.109,0.0019,0.0025,-0.0042,0.002,-0.5935,-0.3314
9110,9.11,-0.0002,0.0067,-0.0069,0.0008,-0.4917,-0.2739
9111,9.111,-0.0032,0.003,-0.0039,0.0046,-0.3989,-0.961
9112,9.112,-0.0015,-0.0006,-0.001,0.0041,-1.5058,-0.868
9113,9.113,-0.001,0.0011,-0.0059,0.001,-1.356,-0.2714
9114,9.114,0.0012,-0.0054,-0.002,0.0013,-0.3947,0.2719
9115,9.115,0.005,-0.0028,-0.0059,0.0038,0.2315,0.2031
9116,9.116,-0.0007,-0.0022,0.0008,0.0021,0.3474,0.2679
9117,9.117,-0,-0.0042,-0.003,-0.0004,0.4515,0.3266
9118,9.118,-0.0021,-0.0011,-0.0034,-0.0006,0.5464,0.1687
9119,9.119,0.0021,-0.0006,-0.001,0.0006,0.462,0.6972
9120,9.12,-0.0007,0.0042,-0.0049,-0.0006,1.1587,0.9084
9121,9.121,0.0018,0.0025,-0.0041,0.0022,1.6274,0.4604
9122,9.122,-0.0012,0.0021,-0.0032,0.0012,0.6907,-0.0644
9123,9.123,-0.0009,0.0046,-0.0033,-0.0005,-0.1841,-0.2768
9124,9.124,0.0016,0.0025,0.0009,0.0011,-0.3002,-0.3419
9125,9.125,-0.0022,0.0046,-0.0024,0.0042,-0.4046,-0.2846
9126,9.126,0.0013,0.0082,0,0.0038,-0.4995,-0.2323
9127,9.127,0.0001,0.0113,-0.0036,-0.0004,-0.4155,-0.4728
9128,9.128,-0.0019,0.0049,-0.0018,0.0048,-0.6481,-1.0411
9129,9.129,-0.0009,-0.0015,0.0015,-0.0001,-1.7035,-0.6543
9130,9.13,-0.0005,-0.0056,-0.003,0.0016,-1.2518,-0.0198
9131,9.131,-0.0008,-0.0048,-0.0033,0.0011,-0.0153,0.2373
9132,9.132,-0.0051,-0.0027,-0.0048,-0.0005,0.4851,0.3158
9133,9.133,-0.0055,-0.0021,-0.0093,-0.0035,0.3368,0.3867
9134,9.134,-0.0003,-0.0084,-0.0086,-0.0006,0.4749,0.3232
9135,9.135,-0.0023,-0.0058,0.0004,-0.0024,0.6005,0.2656
9136,9.136,-0.0017,-0.0157,-0.0007,-0.0034,0.4881,0.9525
9137,9.137,-0.0012,-0.0086,-0.0037,-0.0003,1.4151,0.8595
9138,9.138,-0.0027,0.0003,-0.0026,-0.0021,1.2913,0.2627
9139,9.139,0.0024,-0.0007,-0.0016,-0.0031,0.4969,-0.1259
9140,9.14,0.0045,0.0024,-0.0041,0.0006,-0.2265,-0.1976
9141,9.141,0.0015,0.0052,-0.0018,-0.0015,-0.3227,-0.2624
9142,9.142,0.002,0.0112,-0.0024,0.0005,-0.5795,-0.3211
9143,9.143,0.0046,0.0043,-0.0018,0.0031,-0.5035,-0.2687
9144,9.144,-0.0023,-0.0021,-0.0001,0.0007,-0.434,-0.7011
9145,9.145,0.0008,-0.0012,-0.0078,-0.0016,-1.1376,-0.9919
9146,9.146,0.0017,-0.0005,-0.0022,-0.0022,-1.7937,-0.4102
9147,9.147,-0.0008,-0.0082,-0.0052,0.0002,-0.8568,0.1335
9148,9.148,0.0014,0.0033,-0.0006,-0.0028,0.2679,0.2056
9149,9.149,-0.0006,-0.0073,-0.0048,-0.0003,0.4218,0.2706
9150,9.15,-0.0011,-0.0003,-0.007,0.0022,0.5604,0.3293
9151,9.151,-0.0005,0.0035,-0.0049,-0.0015,0.4371,0.277
9152,9.152,0.0031,0.0025,-0.0007,0.0016,0.551,0.4214
9153,9.153,0,-0.0048,-0.0035,0.0005,0.6544,0.9896
9154,9.154,0.0004,-0.0039,-0.001,0.0024,1.6846,0.6028
9155,9.155,0.004,-0.0013,-0.0031,0.0007,0.9995,0.1091
9156,9.156,0.0018,0.0039,-0.0079,0.0018,0.1248,-0.2126
9157,9.157,-0.001,0.0019,-0.0009,-0,-0.4445,-0.272
9158,9.158,0.0008,0.0024,-0.0055,0.0024,-0.3437,-0.3256
9159,9.159,-0.0024,-0.0004,-0.0046,0.0034,-0.4385,-0.2781
9160,9.16,-0.0003,0.0011,-0.0039,-0.0008,-0.5248,-0.3221
9161,9.161,-0.0061,-0.0001,-0.006,0.005,-0.4481,-0.9177
9162,9.162,0.0007,-0.0061,-0.0051,0.0023,-1.5574,-0.8523
9163,9.163,0.0016,-0.0032,-0.0009,0.0002,-1.488,-0.2556
9164,9.164,0.0009,-0.0022,-0.0026,-0.0005,-0.5272,0.1331
9165,9.165,0.0002,-0.0019,-0.0061,0.0026,0.4354,0.2048
9166,9.166,-0.0015,-0.0043,-0.0031,-0.0027,0.3132,0.2695
9167,9.167,0.0002,-0.0013,-0.0002,-0.0006,0.4279,0.3282
9168,9.168,-0.0003,-0.0017,0.0034,-0.0011,0.5319,0.1702
9169,9.169,0.0027,0.0002,0.0056,0.0006,0.4391,0.6987
9170,9.17,-0.002,-0.0009,0.0068,-0.0019,1.0352,0.9099
9171,9.171,0.0022,-0.0019,0.0126,-0.0031,1.5775,0.4618
9172,9.172,0.0017,-0.0045,0.0221,-0.007,0.8032,-0.063
9173,9.173,0.0002,-0.0042,0.0184,-0.0002,-0.1267,-0.2754
9174,9.174,0.0032,0.0009,0.0081,0.0025,-0.254,-0.3402
9175,9.175,0.0028,0.0058,0.0012,-0.0017,-0.3688,-0.283
9176,9.176,-0.0014,0.0052,0,0.0005,-0.473,-0.2306
9177,9.177,0.0003,-0.0036,-0.0032,-0.0002,-0.3805,-0.4709
9178,9.178,-0.0023,0.0001,-0.0041,-0.0007,-0.6363,-1.0391
9179,9.179,-0.0045,-0.0103,0.0023,-0.0024,-1.7977,-0.6524
9180,9.18,-0.0016,-0.0229,-0.0002,-0.0029,-0.969,-0.0179
9181,9.181,0.0034,-0.0212,-0.0008,0.0002,-0.2129,0.2392
9182,9.182,-0.0002,-0.0043,-0.0001,-0.0046,0.4757,0.3177
9183,9.183,-0.0071,0.0022,-0.0031,-0.0041,0.3532,0.2483
9184,9.184,-0.0026,0.0042,-0.0001,-0.0105,0.4672,0.3127
9185,9.185,-0.0001,0.0061,0.0014,-0.0148,0.571,0.255
9186,9.186,-0.0023,0.0043,0.0037,-0.011,0.478,0.9418
9187,9.187,-0.0017,0.0088,0.0026,-0.0004,1.4143,0.8487
9188,9.188,0.004,0.0129,0.0037,0.0042,1.2903,0.2518
9189,9.189,-0.0045,0.0091,0.0041,0.0055,0.4957,-0.1371
9190,9.19,-0.0101,0.0081,-0.0009,0.0067,-0.2279,-0.2089
9191,9.191,-0.0131,0.0071,0.0012,0.0011,-0.3242,-0.2739
9192,9.192,-0.0047,0.0116,-0.0029,-0.002,-0.5811,-0.3329
9193,9.193,-0.0015,0.0038,0.0012,0.0026,-0.5053,-0.2808
9194,9.194,-0.0026,0.0008,-0.0002,0.0017,-0.4358,-0.8096
9195,9.195,-0.0018,0.0035,-0.0005,-0.0035,-1.1397,-1.021
9196,9.196,0.0024,0.0009,0.0008,0.0014,-1.7959,-0.4453
9197,9.197,0.003,-0.0044,0.0006,0.0096,-0.8592,0.098
9198,9.198,-0.0005,0.0021,0.0045,0.004,0.2654,0.3102
9199,9.199,-0.0011,0.0012,-0.0011,0.0071,0.4189,0.3749
9200,9.2,0.0017,-0.0025,-0.0032,-0.0051,0.5577,0.3175
9201,9.201,0.0032,-0.0045,0.0005,0.0033,0.4343,0.265
9202,9.202,0.0001,0.0049,-0.0011,-0.0013,0.5479,0.5053
9203,9.203,0.0021,0.0009,-0.0027,-0.0026,0.6512,1.0732
9204,9.204,0.0024,0.0046,-0.0011,0.0011,1.6814,0.6864
9205,9.205,0.0014,0.0057,-0.0021,0.0066,0.9962,0.0518
9206,9.206,0.0017,0.0026,-0.0049,0.0014,0.1215,-0.2053
9207,9.207,0.0003,-0.0001,-0.0029,0.0005,-0.4477,-0.2839
9208,9.208,0.002,0.0042,-0.0038,0.0031,-0.3472,-0.3548
9209,9.209,0.0057,0.0064,-0.002,-0.0007,-0.442,-0.2916
9210,9.21,0.0021,0.0028,0.0019,0.0057,-0.5281,-0.234
9211,9.211,0.0051,-0.0014,-0.0038,-0.0021,-0.4515,-0.921
9212,9.212,0.0054,0.0015,0.0001,0.0032,-1.5068,-0.8279
9213,9.213,0.0003,0.001,0.0022,-0.0014,-1.3569,-0.231
9214,9.214,0.0052,-0.0032,-0.0034,0.0045,-0.3958,0.1578
9215,9.215,0.0009,-0.0037,-0.0039,0.0022,0.2302,0.2295
9216,9.216,0.0014,-0.0062,0.0011,0.0029,0.3462,0.2943
9217,9.217,0.0019,-0.0065,-0.003,0.0012,0.4503,0.3529
9218,9.218,-0.0032,-0,0.0011,0.0007,0.5447,0.195
9219,9.219,0.0017,-0.0008,-0.0045,-0.0009,0.4602,0.7236
9220,9.22,-0,-0.0016,-0.0022,-0.0012,1.1569,0.9349
9221,9.221,0.0017,-0.0038,-0.0027,-0.0051,1.6256,0.359
9222,9.222,-0.0031,0.0011,0.0004,-0.0087,0.6886,-0.1842
9223,9.223,-0.0014,-0.0058,-0.0059,-0.0045,-0.1864,-0.2559
9224,9.224,0.0003,0.0007,0.002,-0.0016,-0.3022,-0.3208
9225,9.225,0.0008,0.0032,-0.0031,-0.0001,-0.4065,-0.3793
9226,9.226,-0.0004,-0.0005,-0.0003,-0.0004,-0.5013,-0.2212
9227,9.227,-0.0024,0.0016,0.0023,-0.0007,-0.4171,-0.4615
9228,9.228,0.0026,0.0011,-0.0014,0.0003,-0.6496,-1.0295
9229,9.229,0.0006,-0.0077,0.0007,-0.0021,-1.7049,-0.6426
9230,9.23,0.0023,-0.0039,-0.0035,-0.0031,-1.2531,-0.0078
9231,9.231,0.0006,-0.0072,-0.0017,0.0011,-0.0166,0.2495
9232,9.232,0.0001,-0.0041,-0.0042,-0.0005,0.4836,0.3282
9233,9.233,0.0005,-0.0032,-0.0011,0.0023,0.3349,0.2591
9234,9.234,0.0017,0.0028,0.0045,-0.0002,0.4731,0.3238
9235,9.235,0.002,0.005,-0.0007,0.001,0.5985,0.2663
9236,9.236,0.001,0.0015,0.0028,0.0022,0.4858,0.9535
9237,9.237,0.0021,0.0032,-0.0002,0.0012,1.4128,0.8607
9238,9.238,-0.0004,-0.0008,0.0027,-0.002,1.2891,0.264
9239,9.239,-0.0021,0.0017,0.0011,-0.0008,0.4944,-0.1245
9240,9.24,0.003,-0.0005,-0.005,-0.0018,-0.2292,-0.1959
9241,9.241,-0.0019,-0.0008,0.0009,-0,-0.325,-0.2606
9242,9.242,-0.0013,-0.0027,0.0061,0.003,-0.5816,-0.3192
9243,9.243,-0.0018,-0.0003,-0.0017,0.002,-0.5053,-0.2667
9244,9.244,-0.0043,0.0008,-0.0008,0.0024,-0.436,-0.6991
9245,9.245,0.0027,0.0006,0.0018,0.0014,-1.1397,-0.9898
9246,9.246,-0.0025,-0.0011,-0.0008,-0.0004,-1.7957,-0.4082
9247,9.247,-0.0016,-0.0022,-0.0016,0.0008,-0.6885,0.1354
9248,9.248,-0.0007,-0.0055,-0.0037,-0.0029,0.0684,0.2075
9249,9.249,-0,-0.0012,-0.0055,-0.0023,0.4828,0.2728
9250,9.25,-0.002,-0.0018,-0.0051,0.0007,0.6091,0.3317
9251,9.251,0.0011,-0.0085,0.0006,0.0036,0.4974,0.2795
9252,9.252,-0.0017,-0.0021,0.0012,-0.0005,0.3955,0.4239
9253,9.253,0.0008,0.0021,-0.0025,0.0024,0.6768,0.9923
9254,9.254,-0.0022,0.0043,-0.0031,0.0009,1.6136,0.6057
9255,9.255,-0.0001,0.0036,-0.0038,-0.0021,0.9909,-0.0287
9256,9.256,-0.0019,0.0052,-0.0024,-0.0017,0.1956,-0.2857
9257,9.257,-0.0002,0.0035,-0.0055,0.0002,-0.322,-0.2096
9258,9.258,-0.0005,0.002,-0.0028,0.0019,-0.4175,-0.2805
9259,9.259,-0.0003,-0.0002,-0.0087,0.0036,-0.5036,-0.3451
9260,9.26,-0.0004,-0.0006,-0.0063,0.003,-0.427,-0.2872
9261,9.261,0.0019,0.0004,0.0005,0.0069,-0.4975,-0.974
9262,9.262,0.0033,-0.0049,-0.0042,-0.0018,-1.4567,-0.8808
9263,9.263,-0.0023,-0.0004,-0.0041,0.0023,-1.4621,-0.2047
9264,9.264,0.0012,0.0065,-0,0.0011,-0.5003,0.2229
9265,9.265,0.0016,-0.0038,-0.0024,0.0021,0.3754,0.3018
9266,9.266,0.0004,-0.0025,-0.0045,0.0032,0.4912,0.3727
9267,9.267,0.003,-0.0013,-0.0041,-0.0053,0.5955,0.3093
9268,9.268,0.0027,-0.0024,-0.0038,-0.002,0.503,0.2518
9269,9.269,0.0017,0.0006,-0.0014,-0.001,0.419,0.7274
9270,9.27,0.001,0.0015,-0.0084,-0.0037,1.1159,0.9197
9271,9.271,0.0022,0.004,-0.0055,0.0006,1.5849,0.3962
9272,9.272,-0.0015,0.0017,-0.0102,-0.0016,0.6482,-0.0976
9273,9.273,0.0011,0.0053,-0.0061,-0.001,-0.2269,-0.2911
9274,9.274,-0.005,0.0069,-0.004,-0.0026,-0.3426,-0.3499
9275,9.275,-0.0058,0.0016,-0.0006,0.0002,-0.4472,-0.2977
9276,9.276,-0.0006,0.0052,-0.0012,0.0008,-0.5418,-0.2501
9277,9.277,0.0015,0.0046,0.004,-0.0014,-0.4574,-0.4686
9278,9.278,-0.0002,-0.0006,0.0032,0.0006,-0.6896,-1.0644
9279,9.279,-0.0007,0.0014,0.0014,0.0003,-1.7447,-0.6388
9280,9.28,-0.0012,-0.0044,0.003,-0.0021,-0.9909,0.0593
9281,9.281,0.0019,-0.0051,0.0014,0.003,-0.0287,0.1548
9282,9.282,-0.0029,-0.0072,0.0035,0.0009,0.3483,0.2413
9283,9.283,0.0002,-0.0041,0.003,0.0026,0.4636,0.3195
9284,9.284,-0.0003,0.0011,0.0087,-0.0014,0.5675,0.2499
9285,9.285,-0.0019,0.0031,0.0061,0.0053,0.4751,0.3142
9286,9.286,-0.0015,-0.0052,0.0054,0.0007,0.3908,0.9537
9287,9.287,-0.0019,0.0051,0.0088,-0.0035,1.5518,0.8691
9288,9.288,-0.0037,0.0038,0.0118,-0.0104,1.3867,0.1717
9289,9.289,-0.0014,0.0049,0.0113,-0.002,0.3294,-0.111
9290,9.29,0.003,-0.0007,0.0138,-0.003,-0.359,-0.1975
9291,9.291,0.0001,-0.0059,0.0126,0.0022,-0.4861,-0.2757
9292,9.292,0.0006,-0.02,0.0113,-0.0063,-0.3744,-0.3467
9293,9.293,0.0009,-0.0179,0.0156,-0.0007,-0.4786,-0.2833
9294,9.294,0.0038,-0.0012,0.015,-0.0038,-0.3858,-0.6901
9295,9.295,0.0012,0.001,0.0072,0.0008,-1.1523,-0.9546
9296,9.296,0.0022,-0.001,0.0017,-0.0001,-1.668,-0.4256
9297,9.297,-0.0022,0.0046,-0.0036,0.0021,-0.8248,0.0683
9298,9.298,-0.0005,0.0063,-0.0027,0.0041,0.1976,0.2619
9299,9.299,-0.0011,0.0048,-0.0019,-0.0017,0.3375,0.3209
9300,9.3,0.0001,0.0007,-0.004,-0.0132,0.4638,0.3743
9301,9.301,-0.0003,0.007,-0.0005,-0.0149,0.5781,0.2308
9302,9.302,0.0048,0.006,-0.0035,-0.0104,0.4757,0.4494
9303,9.303,-0.0017,0.005,-0.0005,-0.0008,0.7568,1.0451
9304,9.304,-0.0025,0.0023,-0.001,0.0004,1.6934,0.6196
9305,9.305,0.0027,-0.0002,0.0003,0.0036,1.0703,0.0764
9306,9.306,-0.0009,-0.0039,0.0015,0.0066,0.0481,-0.2768
9307,9.307,-0.0092,0.001,-0.0042,-0.0019,-0.3662,-0.214
9308,9.308,-0.0148,0.0053,-0.0066,0.0037,-0.4931,-0.3888
9309,9.309,-0.0053,0.0048,-0.0043,-0.0016,-0.6077,-0.3365
9310,9.31,-0.0042,0.0013,-0.0036,-0.0008,-0.5062,-0.2888
9311,9.311,-0.0032,0.0016,-0.0004,0.0017,-0.4136,-0.9439
9312,9.312,-0.0043,0.0013,-0.0032,0.0039,-1.6909,-0.8507
9313,9.313,0.0003,0.0017,-0.0056,0.0032,-1.5097,-0.2538
9314,9.314,0.0045,-0.0036,-0.0025,0.0049,-0.3473,0.2898
9315,9.315,0.0007,-0.0042,-0.0027,0.0054,0.4095,0.3617
9316,9.316,0.0027,0.0007,-0.0051,0.0048,0.5488,0.2987
9317,9.317,0.0057,-0.0035,0.0002,0.0051,0.4254,0.3575
9318,9.318,0.004,0.0018,-0.0018,0.0054,0.5393,0.1996
9319,9.319,0.0035,-0.0018,-0.001,0.0036,0.4365,0.7283
9320,9.32,0.0046,0.0077,-0.0039,0.0019,1.0917,0.9396
9321,9.321,0.0017,0.0008,-0.0021,0.0035,1.6877,0.3636
9322,9.322,-0.0001,0.0046,-0.0004,0.0022,0.6804,-0.1799
9323,9.323,0.0051,0.0056,-0.0034,0.0005,-0.0085,-0.2517
9324,9.324,0.0013,0.0026,-0.0004,0.0042,-0.3854,-0.3166
9325,9.325,-0.0007,0.0053,-0.0006,0.0047,-0.5005,-0.2593
9326,9.326,-0.0002,-0.0025,0.0048,-0.0004,-0.6051,-0.207
9327,9.327,0.0038,-0.0035,0.0012,0.0016,-0.5129,-0.4473
9328,9.328,0.0034,0.0011,0.002,0.0021,-0.769,-1.1027
9329,9.329,0.0037,0.0037,0.0026,0.0004,-1.7759,-0.6346
9330,9.33,0.0025,-0.0063,0.001,0.0019,-1.0911,-0.0371
9331,9.331,0.0035,-0.0049,0.0006,-0.0023,0.0329,0.1968
9332,9.332,0.0012,-0.0011,-0.0005,-0.0028,0.488,0.2683
9333,9.333,0.0008,-0.0067,-0.0001,0.0019,0.3528,0.333
9334,9.334,0.0002,-0.0056,0.0004,0.0002,0.4782,0.2755
9335,9.335,0,-0.001,-0.0006,-0.0014,0.5922,0.3287
9336,9.336,-0.0032,0.0032,-0.0016,-0.0029,0.4896,0.9534
9337,9.337,-0.0029,-0.0005,-0.0034,0.0014,1.5193,0.8688
9338,9.338,0.0007,0.0002,-0.004,-0.0015,1.3828,0.1714
9339,9.339,0.0004,0.0019,-0.0029,-0.004,0.5085,-0.1112
9340,9.34,0.0015,0.0002,-0.0049,-0.0036,-0.2878,-0.1978
9341,9.341,-0.001,-0.0033,-0.001,0.0028,-0.3935,-0.2758
9342,9.342,0.0029,-0.0045,0.0006,-0.0017,-0.4888,-0.3466
9343,9.343,0.0004,-0.0042,-0.002,-0.0043,-0.5751,-0.2831
9344,9.344,0.0016,-0.0007,-0.0009,-0.002,-0.3439,-0.8064
9345,9.345,0.0013,-0.0018,-0.0049,-0.0013,-1.2585,-1.0176
9346,9.346,-0.0006,-0.0046,-0.0035,-0.0008,-1.6332,-0.4416
9347,9.347,-0.003,-0.0072,-0.004,0.0033,-0.8397,0.102
9348,9.348,-0.0026,-0.0048,-0.0021,-0.0003,0.09,0.3144
9349,9.349,-0.004,0.0003,0.0013,0.0001,0.4663,0.2514
9350,9.35,-0.0011,0.0052,-0.004,-0.0019,0.5808,0.3104
9351,9.351,0.0007,-0.0042,-0.0077,0.0023,0.479,0.2584
9352,9.352,-0.0031,-0.0056,-0.0037,0.0006,0.386,0.4988
9353,9.353,0.0004,0.0006,-0.0056,0.0032,0.812,1.0669
9354,9.354,-0.0008,0.0038,-0.0054,-0.0029,1.6637,0.5253
9355,9.355,-0.0011,0.0028,-0.0059,0.0014,1.0975,0.0315
9356,9.356,-0.0015,0.0055,-0.0014,0.0007,0.1681,-0.29
9357,9.357,0.0038,0.0063,-0.0059,-0.0041,-0.458,-0.2332
9358,9.358,0.0031,0.0041,-0.0057,-0.0072,-0.3471,-0.2868
9359,9.359,0.0024,-0.0009,-0.0054,0.0016,-0.4516,-0.3355
9360,9.36,0.0029,-0.0004,-0.006,0.0004,-0.5465,-0.2922
9361,9.361,0.0012,-0.0033,-0.0043,-0.0006,-0.4621,-0.8879
9362,9.362,0.0028,0.0002,-0.0071,0.0025,-1.6232,-0.8032
9363,9.363,0.0016,0.0023,-0.007,0.0016,-1.4584,-0.2604
9364,9.364,0.0014,0.0023,-0.01,0.0022,-0.4012,0.2196
9365,9.365,0.0018,-0.0042,-0.0113,0.003,0.356,0.2913
9366,9.366,-0.0008,0.0022,-0.0097,-0.0007,0.4956,0.356
9367,9.367,-0.0011,0.0047,-0.0129,-0.0043,0.6216,0.2986
9368,9.368,-0.0008,0.0025,-0.0096,-0.0026,0.5094,0.2463
9369,9.369,-0.005,-0.0053,-0.0057,-0.0009,0.4072,0.7747
9370,9.37,-0.0033,0.0019,-0.0055,-0.0067,1.2502,0.9858
9371,9.371,-0.0004,0.001,-0.0042,-0.0014,1.5906,0.4098
9372,9.372,-0.0072,0.0018,0.0006,0.0035,0.663,-0.1338
9373,9.373,-0.0008,0.0025,-0.0017,0.0051,-0.2123,-0.2056
9374,9.374,-0.0067,0.0045,-0.0015,0.0034,-0.328,-0.2707
9375,9.375,-0.012,-0.0013,-0.0013,0.0049,-0.4328,-0.3296
9376,9.376,-0.014,-0.002,0.001,0.0018,-0.5276,-0.2774
9377,9.377,-0.0083,-0.0056,0.0038,0.003,-0.4433,-0.5179
9378,9.378,-0.0014,-0.0062,-0.0029,0.0004,-0.8308,-1.0862
9379,9.379,0.0032,-0.015,-0.0059,0.0043,-1.8863,-0.5447
9380,9.38,-0.0027,-0.0213,-0.007,-0.0025,-1.1327,-0.0512
9381,9.381,-0.0021,-0.0065,-0.005,-0.009,-0.1704,0.2701
9382,9.382,-0.0001,-0.0004,0.0025,-0.0132,0.4559,0.3292
9383,9.383,0.003,0.0089,0.0033,-0.0217,0.3447,0.277
9384,9.384,0.0035,0.0038,0.0058,-0.014,0.4486,0.3253
9385,9.385,0.005,0.0083,0.0065,-0.0088,0.5432,0.2819
9386,9.386,0.0062,0.0043,0.0056,-0.0004,0.4587,0.8773
9387,9.387,0.0023,0.008,0.0118,0.0028,1.6196,0.7925
9388,9.388,0.0028,0.0048,0.0091,0.0038,1.4545,0.2494
9389,9.389,0.0024,0.012,0.0142,0.0029,0.3972,-0.2446
9390,9.39,0.0021,0.0056,0.0161,0.0054,-0.2912,-0.3101
9391,9.391,0.0056,0.0047,0.0143,0.0076,-0.4181,-0.2531
9392,9.392,-0.0013,-0.0022,0.0066,0.0027,-0.5329,-0.3068
9393,9.393,0.0017,-0.0163,0.0117,0.0021,-0.637,-0.2593
9394,9.394,0.0026,-0.0142,0.0089,0.0073,-0.3571,-0.7402
9395,9.395,0.0034,-0.0049,0.0131,0.0038,-1.2936,-1.0606
9396,9.396,0.0056,0.0035,0.0108,0.0032,-1.6681,-0.4209
9397,9.397,0.0049,0.002,0.0059,0.0015,-0.6476,0.1766
9398,9.398,0.0044,-0.002,0.0064,0.001,0.315,0.1009
9399,9.399,0.0015,0.0068,0.0104,-0.0002,0.4424,0.1719
9400,9.4,0.003,0.0058,0.0152,0.0053,0.5575,0.3642
9401,9.401,-0,0.0068,0.0169,0.0031,0.4558,0.3065
9402,9.402,0.0029,0.0077,0.021,0.001,0.3633,0.5707
9403,9.403,-0.0007,0.0052,0.0132,-0.0007,0.7895,1.0994
9404,9.404,0.0024,0.0089,-0.0016,0.0022,1.6414,0.6073
9405,9.405,-0.004,0.0096,-0.0076,-0.0003,1.0754,0.0301
9406,9.406,-0.0013,0.0002,-0.0019,0.0027,0.1463,-0.2037
9407,9.407,-0.0021,0.0043,-0.0035,0.0056,-0.2302,-0.2753
9408,9.408,-0.0015,0.0055,-0.0049,0.002,-0.3453,-0.34
9409,9.409,0.0006,0.0023,-0.0061,0.0016,-0.4493,-0.2826
9410,9.41,-0.0024,0.0013,-0.0022,-0.0012,-0.5435,-0.3358
9411,9.411,0.0004,-0.0014,-0.0053,0.0006,-0.4587,-0.9605
9412,9.412,-0,-0.0056,-0.0021,0.001,-1.6195,-0.8758
9413,9.413,0.003,-0.0034,-0.0027,-0.0021,-1.4544,-0.1784
9414,9.414,-0.0017,-0.0027,-0.0017,-0.0018,-0.3967,0.2914
9415,9.415,0.0025,-0.0043,-0.0037,0.0006,0.2924,0.2076
9416,9.416,0.002,-0.0038,0.0001,-0.0024,0.4197,0.2856
9417,9.417,-0.0005,-0.0053,-0.0027,-0.005,0.5347,0.3564
9418,9.418,-0.0008,-0.001,-0.0008,-0.006,0.4333,0.2927
9419,9.419,-0.0005,-0.0005,-0.0031,-0.0009,0.3405,0.6995
9420,9.42,0.0006,-0.001,-0.0017,0.0011,1.2774,0.9641
9421,9.421,-0.0011,0.0012,-0.0043,0.0016,1.6522,0.339
9422,9.422,-0.0001,-0.0016,-0.0059,-0.0001,0.632,-0.0884
9423,9.423,0.0001,-0.0013,-0.001,0.0057,-0.0563,-0.1673
9424,9.424,-0.0006,0.0005,-0.0024,0.0035,-0.4325,-0.2384
9425,9.425,-0.0033,-0.0012,-0.0016,0.0056,-0.5469,-0.303
9426,9.426,-0.0016,0.003,0.0001,-0.0014,-0.4448,-0.2454
9427,9.427,0.0001,-0.0012,-0.0038,-0.0005,-0.3517,-0.5095
9428,9.428,-0.0012,-0.0017,-0.0041,-0.003,-0.7772,-1.0383
9429,9.429,0.0022,-0.0002,-0.0023,-0.0037,-1.7835,-0.5463
9430,9.43,-0.0038,-0.0062,-0.0043,-0.0043,-1.098,0.031
9431,9.431,-0.0063,-0.0088,-0.0061,0.0027,0.0266,0.265
9432,9.432,-0.0041,-0.005,-0.0008,-0.0019,0.4824,0.3366
9433,9.433,-0.0005,-0.0057,-0.0083,0.0024,0.3479,0.2736
9434,9.434,-0.0063,-0.0039,-0.0051,-0.0013,0.474,0.3322
9435,9.435,-0.001,-0.0034,-0.0057,0.0007,0.5887,0.28
9436,9.436,-0.003,0.0034,-0.003,0.005,0.487,1.0009
9437,9.437,0.0001,0.0026,-0.0051,-0.0038,1.5175,0.6928
9438,9.438,-0.0003,0.0001,-0.0014,-0.0025,1.3818,0.2238
9439,9.439,0.0065,0.0038,-0.003,-0.0015,0.259,-0.2035
9440,9.44,0.0019,0.0058,-0.0011,0.0016,-0.1959,-0.2822
9441,9.441,-0.0023,0.0041,-0.0046,0.0008,-0.3348,-0.353
9442,9.442,0.0015,0.0024,-0.0014,0.0017,-0.4604,-0.2895
9443,9.443,0.0035,-0.0011,-0.0001,-0.0005,-0.5745,-0.2317
9444,9.444,-0.0007,-0.0042,-0.0004,0.0002,-0.4721,-0.8127
9445,9.445,0.001,-0.003,-0.0055,-0.0015,-1.3144,-1.0449
9446,9.446,0.0026,-0.0005,-0.0002,0.0014,-1.6547,-0.4111
9447,9.447,0.0022,0.0019,-0.0022,0.0009,-0.7266,0.1867
9448,9.448,-0.0007,-0.0032,-0.0039,0.0031,0.1492,0.2658
9449,9.449,-0.0017,-0.0081,-0.0044,0.002,0.492,0.337
9450,9.45,-0.0013,0.0014,-0.0039,-0.0006,0.3912,0.2738
9451,9.451,0.0024,0,-0.0061,-0.0058,0.4864,0.2164
9452,9.452,-0.0007,-0.0011,-0.0072,-0.008,0.4025,0.4809
9453,9.453,-0.0004,-0.0001,-0.0083,-0.003,0.79,1.0099
9454,9.454,-0.0029,0.001,-0.0038,-0.0025,1.7051,0.518
9455,9.455,-0.0012,-0.0036,-0.0033,0.0027,1.0826,0.0689
9456,9.456,0.0018,0.0023,-0.011,-0.0022,0.061,-0.2232
9457,9.457,-0.004,0.003,-0.0038,0.0008,-0.3529,-0.2771
9458,9.458,0.0038,0.0079,-0.003,0.0013,-0.479,-0.3257
9459,9.459,0.0007,0.0021,-0.0056,0.0008,-0.5931,-0.2827
9460,9.46,0.0015,0.0014,-0.005,0.0005,-0.4908,-0.3226
9461,9.461,-0.001,-0.0022,-0.0016,0.0008,-0.3978,-0.864
9462,9.462,-0.0004,-0.0027,-0.0047,0.0065,-1.6746,-0.7871
9463,9.463,0.0003,0.0049,-0.0065,0.0023,-1.493,-0.1532
9464,9.464,0.0033,0.0018,-0.005,0.003,-0.3299,0.2743
9465,9.465,0.0011,-0.0004,-0.0078,0.0004,0.3424,0.2526
9466,9.466,0.0015,0.0023,-0.0076,0.0011,0.4959,0.3306
9467,9.467,0.002,-0.0003,-0.0097,-0.0047,0.6345,0.2609
9468,9.468,-0.001,0.0004,-0.0056,-0.001,0.5111,0.1972
9469,9.469,0.0001,0.0068,-0.0097,-0.0003,0.399,0.7203
9470,9.47,0.0004,-0.001,-0.0021,0.0014,1.3262,0.9314
9471,9.471,0.0001,0,-0.0054,0.0008,1.701,0.3552
9472,9.472,0.0038,0.0008,-0.0065,-0.0027,0.6808,-0.1885
9473,9.473,0.0015,0.0017,-0.0002,-0.0015,-0.2817,-0.2604
9474,9.474,-0.0014,-0.0021,0.0022,0.0013,-0.4087,-0.3254
9475,9.475,-0.0024,-0.0014,0.0028,-0.0029,-0.5234,-0.3843
9476,9.476,-0.0001,0.0055,0.0047,-0.0012,-0.6275,-0.2267
9477,9.477,-0.0018,0.0028,0.0063,-0.0028,-0.3475,-0.4673
9478,9.478,-0.0025,-0.005,0.0066,-0.0097,-0.7734,-1.0358
9479,9.479,0.0014,-0.004,0.0081,-0.0192,-1.7798,-0.6491
9480,9.48,0.0018,-0.0013,0.013,-0.0105,-1.0946,-0.0147
9481,9.481,-0.0029,-0.0022,0.0122,-0.0002,0.0296,0.2421
9482,9.482,-0.0046,-0,0.0116,-0.0015,0.4851,0.3202
9483,9.483,-0.0087,0.0007,0.018,0.0022,0.3503,0.2504
9484,9.484,-0.0145,0.0012,0.017,0.0032,0.4761,0.3146
9485,9.485,-0.0108,-0.0076,0.0148,0.0062,0.5903,0.2565
9486,9.486,-0.003,0.0012,0.0196,0.0016,0.488,0.9432
9487,9.487,-0.002,0.0044,0.01,0.0041,1.5181,0.8498
9488,9.488,0.0007,0.0054,0.0003,0.0048,1.3817,0.2524
9489,9.489,0.0015,0.0046,-0.0085,0.0055,0.2582,-0.2913
9490,9.49,-0.0038,0.0004,-0.0053,0.0049,-0.1972,-0.2227
9491,9.491,0.0026,-0.0018,-0.0002,0.0066,-0.3364,-0.2876
9492,9.492,0.0018,0.0031,-0.0048,0.0031,-0.4622,-0.3467
9493,9.493,0.0055,0.0014,-0.0057,0.0073,-0.5764,-0.2945
9494,9.494,-0.0009,-0.0003,-0.002,0.0044,-0.2683,-0.8233
9495,9.495,0.0085,-0.0018,-0.0055,0.0008,-1.2985,-0.8942
9496,9.496,0.0073,-0.004,0.0027,-0.0034,-1.7105,-0.3183
9497,9.497,0.0041,-0.0037,0.0017,-0.0018,-0.5881,0.2251
9498,9.498,0.001,-0.004,-0.0013,-0.0033,0.1689,0.297
9499,9.499,0.0037,0.0012,-0.0077,-0.0045,0.3087,0.3618
9500,9.5,0.0063,-0.0103,-0.0018,-0.0024,0.435,0.3044
9501,9.501,0.0085,-0.0221,0.0004,0.0001,0.5495,0.252
9502,9.502,0.0036,-0.0176,-0.0016,0.0018,0.4477,0.4923
9503,9.503,-0.0007,-0.0023,-0.001,0.0055,0.729,1.0604
9504,9.504,0.0034,0.0038,-0.0026,0.0024,1.6659,0.5188
9505,9.505,0.0029,0.0056,-0.0011,0.0004,1.0431,0.0249
9506,9.506,-0.0002,0.0073,-0.0032,0.0061,0.0211,-0.2964
9507,9.507,0.001,0.0058,-0.0002,0.0019,-0.3928,-0.2396
9508,9.508,-0.0009,0.0099,-0.0044,-0.0018,-0.5192,-0.2931
9509,9.509,0.0015,0.0087,-0.0026,0.0017,-0.4074,-0.2456
9510,9.51,-0.0009,0.0077,-0.004,-0.0013,-0.5114,-0.2896
9511,9.511,0.0029,0.0067,-0.0051,-0.0018,-0.4182,-0.8851
9512,9.512,0.0013,0.0021,-0.0038,-0.0024,-1.6951,-0.8004
9513,9.513,0.0025,-0.0021,-0.0055,-0.0054,-1.5136,-0.1028
9514,9.514,-0.0003,-0.0014,-0.0031,-0.0025,-0.3511,0.1799
9515,9.515,-0.0014,-0.0021,-0.006,-0.0007,0.4058,0.2663
9516,9.516,-0.0052,0.0021,-0.0016,0.001,0.5454,0.3445
9517,9.517,-0.0027,-0.0007,0.0002,0.002,0.4222,0.2749
9518,9.518,-0.0015,0.004,0.0019,0.0063,0.5365,0.2113
9519,9.519,-0.0035,0.001,0.0024,-0.0007,0.4342,0.7346
9520,9.52,-0.0017,0.0062,0.0054,-0.0015,1.2767,0.946
9521,9.521,0.0007,0.0083,0.0045,-0.0024,1.6171,0.37
9522,9.522,0.0017,0.0053,0.0099,-0.003,0.6893,-0.1734
9523,9.523,-0.0001,0.0012,0.0108,0.0005,-0.1861,-0.2452
9524,9.524,-0.0003,-0.0045,0.0103,-0.0037,-0.3023,-0.31
9525,9.525,-0.001,-0.0039,0.0062,-0.0032,-0.4069,-0.3685
9526,9.526,-0.0005,-0.0003,0.0011,-0.0017,-0.5019,-0.2104
9527,9.527,-0.0035,-0.0008,0.0019,0.0034,-0.418,-0.5467
9528,9.528,-0.0015,0.0009,0.0026,0.0014,-0.8053,-1.0272
9529,9.529,-0.0004,-0.0006,-0.0013,0.0031,-1.7202,-0.5794
9530,9.53,-0.0021,-0.0075,-0.0027,0.0026,-1.0975,0.0617
9531,9.531,-0.0018,-0.0085,-0.0057,-0.001,-0.0755,0.319
9532,9.532,-0.0024,-0.0021,-0.0027,-0.0031,0.3384,0.243
9533,9.533,0.0015,-0.0062,-0.0022,0.0008,0.465,0.3142
9534,9.534,-0.0014,-0.0025,0.0002,0.0003,0.5791,0.2509
9535,9.535,-0.0008,-0.0031,-0.0048,-0.0048,0.4768,0.3093
9536,9.536,0.0004,-0.0014,-0.0027,0.0002,0.5707,0.9964
9537,9.537,-0.0024,0.0027,-0.0021,-0.0015,1.6773,0.7162
9538,9.538,0.0034,0.0042,-0.0016,-0.0044,1.2254,0.1194
9539,9.539,0.0009,-0.0018,0.002,-0.0028,0.264,-0.269
9540,9.54,-0.0013,0.0007,0.0023,0.0023,-0.3623,-0.1999
9541,9.541,0.0023,0.0092,0.0011,0.003,-0.478,-0.2645
9542,9.542,-0.0007,0.0036,-0.0041,-0.0001,-0.5823,-0.3228
9543,9.543,-0.0002,0.0026,0.0008,0.0005,-0.4903,-0.2702
9544,9.544,-0.0037,-0.0001,-0.0062,-0.001,-0.406,-0.7986
9545,9.545,-0.0033,0.0008,-0.0072,0.002,-1.2577,-1.0096
9546,9.546,0.0023,-0.0013,-0.0064,-0.0044,-1.5984,-0.4331
9547,9.547,-0.0014,0.0007,-0.0072,-0.0035,-0.6708,0.1106
9548,9.548,0.0021,-0.0023,-0.008,-0.0027,0.2045,0.3231
9549,9.549,-0.0009,-0.0017,-0.0039,0.0011,0.3203,0.2603
9550,9.55,-0.0004,-0.0022,-0.0057,0.0032,0.4245,0.3192
9551,9.551,0.0032,0.0029,-0.0106,0.0049,0.5191,0.267
9552,9.552,0.0002,0.0022,-0.0078,0.0045,0.4347,0.5075
9553,9.553,0.0005,-0.006,-0.0039,0.005,0.8217,1.0756
9554,9.554,0.004,0.0018,-0.0057,0.002,1.7365,0.534
9555,9.555,0.001,0.0028,-0.0047,0.0032,0.8644,0.0403
9556,9.556,0.0007,0.002,-0.0088,0.0014,0.0688,-0.2812
9557,9.557,-0.0019,0.0012,-0.0096,-0.0038,-0.2431,-0.2244
9558,9.558,-0.0009,0.0064,-0.0095,0.0015,-0.3387,-0.2779
9559,9.559,0.0008,0.0044,-0.0077,0.0008,-0.5956,-0.3264
9560,9.56,0.0015,0.0002,-0.0044,0.0025,-0.5195,-0.283
9561,9.561,0.0016,-0.0015,-0.0089,-0.0003,-0.4501,-0.8786
9562,9.562,-0.0011,-0,-0.0039,0.0012,-1.4095,-0.7938
9563,9.563,-0.0001,-0.0061,-0.0062,-0.0057,-1.2735,-0.0962
9564,9.564,0.0016,-0.0036,-0.0095,-0.0004,-0.3996,0.1864
9565,9.565,0.0023,-0.0043,-0.0115,0.0023,0.3966,0.2728
9566,9.566,0.0016,-0.0045,-0.0097,-0.0019,0.4285,0.3283
9567,9.567,-0.0013,-0.0038,-0.0136,0.0059,0.5331,0.2516
9568,9.568,-0.0003,0.0019,-0.0127,0.0007,0.6278,0.1817
9569,9.569,0.0036,-0.005,-0.0083,0.0015,0.3733,0.7572
9570,9.57,-0,0.0014,-0.0091,0.0024,1.2248,0.9897
9571,9.571,0.0012,0.0022,-0.0077,0.0002,1.5652,0.356
9572,9.572,-0.0009,0.0044,-0.0075,0.0022,0.6376,-0.0713
9573,9.573,0.0049,0.0008,-0.0108,-0.0035,-0.2375,-0.3051
9574,9.574,0.0023,0.0038,-0.0047,0.0002,-0.3535,-0.3761
9575,9.575,-0.0014,0.0033,0.0015,-0.0018,-0.4581,-0.3128
9576,9.576,-0.0008,0.0017,0.0037,0.0024,-0.5528,-0.2551
9577,9.577,-0.0038,-0.0014,0.0056,-0.0016,-0.4685,-0.5193
9578,9.578,-0.0022,0.0025,-0.0025,-0.0001,-0.8557,-1.0481
9579,9.579,-0.0027,-0.0053,0.0003,0.0011,-1.7707,-0.556
9580,9.58,-0.0005,-0.0224,-0.0008,0.0031,-0.8986,0.0212
9581,9.581,-0.0008,-0.0249,0.0015,-0.0026,-0.1031,0.2551
9582,9.582,-0.0051,-0.0046,0.0019,0.0033,0.4149,0.3266
9583,9.583,-0.0139,0.0035,0.0052,-0.0052,0.5104,0.3912
9584,9.584,-0.0176,0.0011,0.008,0.0004,0.5968,0.3336
9585,9.585,-0.0099,0.0077,0.0061,-0.0006,0.5207,0.2812
9586,9.586,-0.0068,0.0057,0.0094,-0.0052,0.4512,1.0019
9587,9.587,-0.0023,0,0.0095,0.0007,1.4107,0.6937
9588,9.588,0.0019,0.0051,0.0114,-0.003,1.2746,0.037
9589,9.589,0.0012,0.0066,0.0115,-0.001,0.4003,-0.22
9590,9.59,0.0061,0.0135,0.0138,-0.0015,-0.3953,-0.2988
9591,9.591,0.0044,0.0047,0.0187,-0.0044,-0.295,-0.3698
9592,9.592,0.0015,0.0037,0.0192,-0.0039,-0.5772,-0.3064
9593,9.593,0.003,-0.0079,0.0097,0.0003,-0.4932,-0.2486
9594,9.594,0.006,-0.0186,0.0055,-0.0002,-0.4165,-0.8299
9595,9.595,0.0089,-0.02,0.0042,0.0013,-1.3308,-0.9076
9596,9.596,0.0079,-0.0061,0.0074,-0.0048,-1.7053,-0.274
9597,9.597,0.004,0.0031,0.0083,-0.0057,-0.6848,0.1534
9598,9.598,0.0014,-0.002,0.0129,-0.0157,0.2781,0.2324
9599,9.599,0.0011,0.0026,0.0206,-0.017,0.4054,0.3037
9600,9.6,0.0031,0.0095,0.0237,-0.0083,0.5199,0.3683
9601,9.601,-0.0027,0.0032,0.0134,-0.0027,0.6239,0.3107
9602,9.602,0.0032,0.0088,0.0065,0.0003,0.3437,0.5749
9603,9.603,0.001,0.0057,0.0028,0.0011,0.7697,1.0077
9604,9.604,0.003,0.0011,-0.0003,0.0053,1.7762,0.6009
9605,9.605,0.0025,0.0071,-0.0033,0.0031,1.0909,0.0181
9606,9.606,-0.0003,0.0108,0.0014,0.0051,-0.0334,-0.2156
9607,9.607,0.0022,0.0101,-0.0044,0.0034,-0.1869,-0.2871
9608,9.608,-0.0009,0.0058,-0.0065,0.0005,-0.3258,-0.3519
9609,9.609,0.002,0.0029,-0.0028,0.0052,-0.4514,-0.2945
9610,9.61,0.0045,0.0065,-0.0031,0.0035,-0.5655,-0.3477
9611,9.611,-0.0007,0.0061,-0.0058,0.004,-0.4634,-0.9725
9612,9.612,-0.0029,-0.0003,0.0001,0.0065,-1.6808,-0.7178
9613,9.613,-0.0009,-0.003,-0.0082,0.0061,-1.5157,-0.1752
9614,9.614,-0.0039,-0.0022,0.0024,0.004,-0.4583,0.1781
9615,9.615,0.0025,-0.0044,0.0013,0.0015,0.2302,0.2432
9616,9.616,-0.007,-0.0024,-0.0048,0.0038,0.3571,0.3019
9617,9.617,-0.0007,-0.0007,-0.0035,0.0041,0.4717,0.3551
9618,9.618,-0.0039,-0.0047,-0.0002,0.0035,0.5755,0.211
9619,9.619,-0.0009,-0.0032,-0.0008,-0.0005,0.4826,0.7788
9620,9.62,-0.0017,-0.002,-0.003,0.0036,1.2486,0.8563
9621,9.621,0.0042,-0.0031,-0.0064,0.004,1.558,0.3633
9622,9.622,-0.0027,-0.0013,-0.0055,0.0062,0.7142,-0.2142
9623,9.623,0.0037,0.0033,-0.0009,0.0033,-0.0817,-0.2934
9624,9.624,-0.0005,0.0017,-0.0047,0.0036,-0.3932,-0.3648
9625,9.625,-0.0012,0.0046,-0.0059,-0.0016,-0.4885,-0.3019
9626,9.626,-0.0005,0.0041,-0.0025,-0.0038,-0.5751,-0.2445
9627,9.627,0,-0.0028,-0.0043,-0.0059,-0.3439,-0.5089
9628,9.628,-0.0005,0.0002,-0.0065,0.0024,-0.8365,-1.038
9629,9.629,0.0011,-0.0025,-0.0086,0.0056,-1.7964,-0.546
9630,9.63,0.0033,-0.0033,-0.0033,0.0026,-1.1111,0.0311
9631,9.631,0.0005,-0.007,-0.0023,-0.0001,0.0133,0.2648
9632,9.632,-0.0005,-0.0077,-0.0015,-0.001,0.4684,0.3359
9633,9.633,-0.0022,-0.0059,-0.0018,-0.0047,0.3333,0.2726
9634,9.634,-0.0018,-0.0018,-0.004,-0.0068,0.4592,0.3311
9635,9.635,0.0019,-0.0002,-0.0026,-0.0073,0.5733,0.2784
9636,9.636,-0.0006,-0.0005,-0.0003,-0.0032,0.471,0.9989
9637,9.637,0.0025,0.0016,-0.0011,-0.0037,1.6883,0.6904
9638,9.638,-0.0039,0.0006,-0.0061,-0.0033,1.1914,0.2208
9639,9.639,0.0026,0.0046,-0.008,0.0006,0.4355,-0.2069
9640,9.64,0.0018,0.0041,-0.0029,0.0011,-0.2525,-0.2858
9641,9.641,0.0056,0.0045,-0.0022,-0.0001,-0.3796,-0.3571
9642,9.642,0.0036,0.0049,-0.0015,0.0003,-0.4937,-0.294
9643,9.643,0.002,0.0024,-0.0008,0.0013,-0.5978,-0.2365
9644,9.644,0.0016,0.0021,-0.0028,0.0066,-0.3176,-0.8178
9645,9.645,-0.0019,0.0072,-0.0074,-0.0018,-1.2541,-0.8958
9646,9.646,-0.0007,0.0008,-0.0042,-0.0028,-1.6284,-0.403
9647,9.647,-0.0062,-0.0033,-0.0057,0.0045,-0.6078,0.1743
9648,9.648,0.0008,-0.0026,0.0002,0.0037,0.3551,0.2531
9649,9.649,-0.0038,-0.0032,-0.0004,0.0029,0.4827,0.3243
9650,9.65,0.0005,-0.0062,-0.0038,0.0007,0.5978,0.3889
9651,9.651,-0.0017,-0.0045,-0.0079,0.0014,0.4962,0.215
9652,9.652,-0.0009,-0.0049,-0.0014,-0.0028,0.4039,0.5847
9653,9.653,-0.0014,0.0002,-0.0005,-0.001,0.8301,1.0174
9654,9.654,-0.0009,0.0067,-0.0011,-0.0025,1.682,0.4942
9655,9.655,0.0007,0.0025,-0.0003,-0.0012,0.8894,0.0004
9656,9.656,-0.0015,0.0032,-0.0008,-0.0008,-0.0399,-0.1933
9657,9.657,0.0006,0.0025,-0.0036,0.0003,-0.4165,-0.2525
9658,9.658,0.0016,0.0031,-0.003,0.0007,-0.5312,-0.3062
9659,9.659,-0.0008,0.0002,-0.0033,0.0018,-0.4293,-0.2589
9660,9.66,0.0016,0.0017,-0.0013,-0.0012,-0.5239,-0.303
9661,9.661,0.001,-0.0005,-0.0055,0.0009,-0.4395,-0.8988
9662,9.662,0.0017,-0.0008,-0.0037,-0.0009,-1.6004,-0.8143
9663,9.663,0.0024,-0.0018,-0.0052,-0.0006,-1.4354,-0.1167
9664,9.664,0.0037,-0.0035,-0.0049,-0.0029,-0.3778,0.1657
9665,9.665,0.0024,-0.0018,-0.0045,0.0002,0.3105,0.252
9666,9.666,-0.0003,0.0007,-0.008,0.0014,0.4375,0.3299
9667,9.667,0.0011,-0.0006,-0.0061,0.0067,0.524,0.3153
9668,9.668,0,-0.0003,-0.003,0.0057,0.6381,0.2455
9669,9.669,-0.001,-0.004,-0.0002,0.0012,0.3303,0.8209
9670,9.67,0.0041,-0.0036,-0.0044,-0.0005,1.3606,0.8986
9671,9.671,-0.0008,-0.0016,-0.0072,0.0012,1.4983,0.4057
9672,9.672,0.0022,0.0019,-0.0014,-0.0024,0.6251,-0.1716
9673,9.673,0.0005,0.005,0.0008,0.0007,-0.1708,-0.2507
9674,9.674,-0.003,0.0029,0.0057,0.001,-0.2764,-0.3219
9675,9.675,-0.0008,-0.0013,0.0099,-0.0015,-0.559,-0.3867
9676,9.676,-0.0005,0.0063,0.0128,-0.0018,-0.4755,-0.213
9677,9.677,-0.0015,0.001,0.0134,0.0012,-0.3994,-0.5829
9678,9.678,-0.0061,0.0056,0.0195,0.0016,-0.892,-1.1117
9679,9.679,-0.0019,-0.0056,0.0066,-0.0001,-1.852,-0.6196
9680,9.68,-0.0048,-0.0011,-0.0027,0.0036,-0.8927,0.0856
9681,9.681,-0.0012,-0.0052,-0.0009,-0.0015,-0.0179,0.1809
9682,9.682,0.0018,-0.0015,0.0006,-0.0008,0.3246,0.2673
9683,9.683,-0.0011,-0.0047,-0.0034,0.0022,0.4292,0.3454
9684,9.684,-0.0022,-0.0058,-0.0045,-0.0042,0.5235,0.2757
9685,9.685,-0.0012,-0.005,0.0011,-0.0102,0.4388,0.3399
9686,9.686,-0.0009,-0.0008,0.0001,-0.0017,0.5165,0.9793
9687,9.687,-0.0046,-0.003,0.001,-0.0007,1.5712,0.7245
9688,9.688,-0.0094,0.0019,0.0019,-0.0038,1.1193,0.1815
9689,9.689,-0.0177,-0.0012,-0.0002,-0.0029,0.4315,-0.1717
9690,9.69,-0.01,-0.0017,0.0034,-0.0055,-0.4438,-0.237
9691,9.691,-0.0028,-0.0013,0.0004,0.003,-0.333,-0.2959
9692,9.692,-0.0019,-0.0083,-0.0013,0.0019,-0.4378,-0.3493
9693,9.693,0.0005,-0.0136,0.0013,0.0009,-0.533,-0.2055
9694,9.694,0.0012,-0.0091,-0.0008,0,-0.4491,-0.8607
9695,9.695,0.0018,0.0021,-0.0019,0.0025,-1.301,-0.9548
9696,9.696,0.0023,0.0035,0.0007,0.0003,-1.6418,-0.3581
9697,9.697,0.0028,0.0048,-0.0009,-0.0004,-0.7145,0.0307
9698,9.698,0.0053,0.0036,-0.0032,-0.0021,0.1604,0.2433
9699,9.699,0.0074,0.0045,0.0011,-0.0016,0.5026,0.3082
9700,9.7,0.0018,-0.0008,-0.0019,-0.0011,0.4011,0.3671
9701,9.701,0.0055,0.0037,0.0023,-0.0015,0.4957,0.2093
9702,9.702,0.0019,0.0062,0.0008,-0.0054,0.4108,0.5458
9703,9.703,0.0049,0.0025,-0.0052,-0.009,0.9524,1.0267
9704,9.704,0.002,0.0031,0.0008,-0.016,1.7261,0.5791
9705,9.705,0.0015,0,0.0016,-0.0088,1.0049,-0.0618
9706,9.706,0.0045,0.0064,0.0037,-0.008,-0.0281,-0.1486
9707,9.707,-0.0003,0.0021,0.0021,-0.0021,-0.4428,-0.2269
9708,9.708,-0.002,0.0042,0.0017,0.0048,-0.3206,-0.2976
9709,9.709,-0.0004,-0.0007,0.0002,0.0056,-0.4354,-0.2341
9710,9.71,0.0043,-0.0003,-0,0.0014,-0.5392,-0.2923
9711,9.711,0.0001,0.0013,-0.0028,0.0066,-0.4465,-0.9792
9712,9.712,-0.0004,0.0018,-0.0002,0.0101,-1.7237,-0.6987
9713,9.713,-0.001,-0.0044,-0.0024,0.0018,-1.1775,-0.1016
9714,9.714,0.002,-0.0036,-0.002,0.0027,-0.3464,0.2872
9715,9.715,0.0008,-0.0043,-0.0012,0.0079,0.4102,0.2183
9716,9.716,0.0018,-0.0023,-0.0035,0.0033,0.5496,0.2831
9717,9.717,0.0064,0.0019,0.0016,0.0058,0.4263,0.3419
9718,9.718,0.0033,-0.0058,-0.0003,0.0051,0.5402,0.1841
9719,9.719,0.0062,0.0015,-0.006,0.0087,0.4382,0.8088
9720,9.72,-0.0006,0.0042,0.001,0.0069,1.2808,0.8945
9721,9.721,0.0021,0.0033,0.0003,0.0052,1.6212,0.3522
9722,9.722,-0.0004,0.0011,0.0029,0.0067,0.6931,-0.1415
9723,9.723,-0.0026,0.0031,-0.0023,-0.0003,-0.182,-0.2071
9724,9.724,-0.0047,0.0036,-0.0002,-0.0056,-0.298,-0.266
9725,9.725,-0.003,0.003,0.0015,-0.0064,-0.4023,-0.3194
9726,9.726,-0.0001,0.0035,-0.0013,-0.0073,-0.4972,-0.2717
9727,9.727,-0.0016,0.0039,-0.0027,-0.0036,-0.4129,-0.5773
9728,9.728,0.0035,0.001,-0.0005,-0.0001,-0.9548,-1.0937
9729,9.729,0.0028,-0.0016,-0.0024,0.0041,-1.8698,-0.6014
9730,9.73,0.0059,-0.002,-0.0034,0.0012,-0.9977,-0.0241
9731,9.731,0.0007,-0.003,-0.0031,-0.0024,0.0248,0.2101
9732,9.732,-0,-0.0016,-0.0075,0.0007,0.4391,0.2815
9733,9.733,0.0017,0.0012,-0.0022,-0.0014,0.5657,0.3465
9734,9.734,-0.0023,-0.0038,-0.0029,-0.0039,0.454,0.2893
9735,9.735,-0.0028,-0.0018,-0.0047,-0,0.558,0.3425
9736,9.736,0.0003,-0.0013,-0.0042,0.0057,0.4651,0.9674
9737,9.737,0.0015,0.0052,-0.0027,0.0005,1.5723,0.7128
9738,9.738,0.0018,0.0027,0.0003,0.0012,1.1208,0.17
9739,9.739,0.0002,0.0034,-0.0009,0.0029,0.1594,-0.183
9740,9.74,0.0019,0.0055,-0.0046,0.0012,-0.2166,-0.2479
9741,9.741,0.0006,-0.0002,-0.0024,-0.0003,-0.3319,-0.3064
9742,9.742,-0.0033,0.0035,0.0022,-0.0014,-0.4357,-0.3594
9743,9.743,-0.0027,0.0015,-0.0049,0.0025,-0.5299,-0.2155
9744,9.744,-0.0062,0.0032,-0.0004,-0.001,-0.4452,-0.8704
9745,9.745,-0.004,-0.0009,-0.0031,-0.0022,-1.2962,-0.9644
9746,9.746,-0,0.0007,-0.0039,-0.001,-1.6364,-0.3677
9747,9.747,0.0015,-0.0035,-0.0034,0.0001,-0.708,0.176
9748,9.748,0.0028,-0.0029,-0.0019,-0.0002,0.1676,0.2479
9749,9.749,0.0008,-0.0107,0.0008,-0.0004,0.2839,0.3131
9750,9.75,-0.0042,-0.0003,-0.002,0.0003,0.5947,0.3721
9751,9.751,-0.0006,-0.0043,-0.0034,0.0005,0.5027,0.2145
9752,9.752,-0.0001,0.0019,-0.0007,-0.0017,0.4188,0.5512
9753,9.753,-0.0005,-0.0036,-0.002,0.0021,0.9611,1.0321
9754,9.754,0.0021,-0.0005,-0.0055,-0.0036,1.7359,0.5846
9755,9.755,0.001,0.0059,-0.0038,0.0001,1.0157,-0.0562
9756,9.756,-0.0002,0.0068,-0.0022,-0.0019,-0.0164,-0.313
9757,9.757,-0.0005,0.009,-0.0028,-0.0001,-0.4302,-0.2367
9758,9.758,0.0041,0.007,-0.0035,0.0004,-0.5561,-0.3075
9759,9.759,0.0025,0.0028,-0.008,0.0073,-0.4439,-0.2441
9760,9.76,0.0008,0.0011,-0.0053,0.0046,-0.5474,-0.3024
9761,9.761,-0.0007,-0.0024,-0.0061,-0.0013,-0.4542,-0.9894
9762,9.762,-0.0003,-0.0028,-0.0039,-0.0006,-1.7312,-0.7089
9763,9.763,0.0001,-0.0024,-0.003,0.0015,-1.1846,-0.1118
9764,9.764,-0.0009,0.0012,-0.0054,0.0032,-0.3529,0.2768
9765,9.765,-0.0033,-0.0049,-0.0068,-0.0008,0.4042,0.208
9766,9.766,-0.0009,-0.0091,-0.0048,0.005,0.5439,0.2727
9767,9.767,-0.0007,-0.0039,-0.0061,-0.0003,0.421,0.3313
9768,9.768,0.0012,0,-0.0009,-0.0009,0.5395,0.2416
9769,9.769,-0.0005,-0.002,-0.0006,-0.0029,0.4268,0.8226
9770,9.77,-0.0003,-0.0015,0.0003,-0.0012,1.3539,0.9004
9771,9.771,0.0025,-0.002,-0.0018,0.0028,1.4791,0.4074
9772,9.772,-0.0025,-0.0045,-0.0053,0.0013,0.6853,-0.1701
9773,9.773,-0.0005,-0.0003,-0.0053,0.0035,-0.2447,-0.2492
9774,9.774,-0,-0.0008,-0.006,0.0023,-0.3722,-0.3204
9775,9.775,-0.0041,-0.0003,-0.0121,0.0013,-0.4871,-0.3852
9776,9.776,-0.0026,0.0048,-0.0116,0.0009,-0.5915,-0.2116
9777,9.777,-0.0038,0.0028,-0.0082,-0.0001,-0.3119,-0.5815
9778,9.778,-0.0009,0.0033,-0.005,0.0029,-0.9084,-1.0144
9779,9.779,-0.0019,-0.0008,-0.0036,-0.0035,-1.7607,-0.6079
9780,9.78,-0.0016,-0.0013,0.0013,-0.0044,-0.9682,0.0804
9781,9.781,0.0021,-0.0044,-0.0039,-0.0052,-0.0389,0.1756
9782,9.782,0.0009,-0.0064,-0.0012,-0.0031,0.3375,0.2616
9783,9.783,0.0021,-0.0046,-0.0032,0.0005,0.4524,0.3394
9784,9.784,0.0024,-0.0098,0.0001,-0.009,0.5562,0.2697
9785,9.785,0.0047,-0.0213,-0.0005,-0.0131,0.4629,0.3338
9786,9.786,-0.0004,-0.0162,0.0004,-0.0143,0.5483,0.9732
9787,9.787,0.0016,0.0037,0.006,-0.0018,1.554,0.7182
9788,9.788,0.0021,0.0064,0.0032,-0.0002,1.1431,0.0203
9789,9.789,-0.002,0.0088,0.0082,-0.0017,0.2684,-0.2624
9790,9.79,-0.0005,0.011,0.0116,0.0023,-0.3012,-0.3489
9791,9.791,0.0007,0.013,0.0097,-0.0015,-0.4063,-0.2725
9792,9.792,0.0018,0.0037,0.0078,0.004,-0.5016,-0.3435
9793,9.793,-0.0008,0.002,0.0051,-0.0075,-0.5882,-0.1522
9794,9.794,0.0002,0.0005,0.0038,-0.0121,-0.3572,-0.7917
9795,9.795,-0.0002,0.0018,0.0101,-0.0135,-1.4127,-0.8774
9796,9.796,-0.0009,-0.002,0.0184,-0.0073,-1.5645,-0.335
9797,9.797,-0.0033,0.0058,0.0151,-0.0042,-0.6043,0.159
9798,9.798,-0.0057,-0.0079,0.012,0.0031,0.2707,0.2244
9799,9.799,-0.0099,-0.0023,0.0055,0.0076,0.3862,0.2833
9800,9.8,-0.0142,0.0061,0.0183,0.0033,0.4902,0.3367
9801,9.801,-0.0113,0.0046,0.0239,0.0085,0.5848,0.289
9802,9.802,-0.0066,-0.0024,0.0188,0.0036,0.33,0.5949
9803,9.803,0.0028,-0.0012,0.0172,0.0066,0.8715,1.0318
9804,9.804,0.0014,0.0044,0.002,0.0025,1.6456,0.5086
9805,9.805,0.0002,0.0034,-0.004,-0.0023,0.9246,0.0149
9806,9.806,0.0012,0.0025,-0.0021,-0.0007,-0.1083,-0.1788
9807,9.807,0.0064,0.0034,0.003,0.0057,-0.2484,-0.238
9808,9.808,0.0018,0.0071,-0.0015,0.0048,-0.3751,-0.2916
9809,9.809,0.0043,0.0035,-0,0.0041,-0.4898,-0.2442
9810,9.81,0.0006,0.003,-0.0011,0.0034,-0.3879,-0.3754
9811,9.811,0.0041,0.0013,0,0.0064,-0.482,-0.9711
9812,9.812,0.0058,-0.0022,0.0032,0.0035,-1.7592,-0.7163
9813,9.813,0.0052,-0.0065,0.0007,0.005,-1.2127,-0.1733
9814,9.814,0.0047,-0.0024,-0.0051,0.0019,-0.3813,0.18
9815,9.815,0.0059,-0.0082,-0.0042,0.0039,0.3755,0.2452
9816,9.816,0.0038,-0.0029,-0.002,0.002,0.5148,0.3039
9817,9.817,0.0041,0.002,-0.0035,0.0036,0.6407,0.3573
9818,9.818,0.0044,0.0003,-0.0038,0.0026,0.5283,0.2136
9819,9.819,0.0007,0.002,-0.002,0.0027,0.4259,0.8688
9820,9.82,0.0019,0.0056,-0.0014,0.0015,1.2687,0.9628
9821,9.821,0.0015,-0.0005,-0.0024,-0.0022,1.6091,0.3662
9822,9.822,0.0025,0.0021,-0.0018,-0.0038,0.6811,-0.1772
9823,9.823,0.0028,0.0043,-0.0025,-0.005,-0.1939,-0.2491
9824,9.824,-0.0002,0.0079,-0.0019,0.0006,-0.3099,-0.3138
9825,9.825,0.0033,0.0048,-0.001,0.0012,-0.4143,-0.3725
9826,9.826,-0.0009,-0.0039,-0.0014,-0.0008,-0.509,-0.2145
9827,9.827,-0.0026,-0.0027,-0.0048,0.0009,-0.4247,-0.551
9828,9.828,-0.0021,-0.0037,-0.002,-0.0008,-0.9664,-1.0317
9829,9.829,0.0001,-0.0027,-0.0029,-0.0003,-1.7406,-0.5839
9830,9.83,-0.0028,0,-0.0055,0,-1.0199,0.0572
9831,9.831,0.0015,-0.0077,-0.0055,-0.0003,0.013,0.3143
9832,9.832,-0.0002,-0.0087,-0.0029,0.0048,0.4274,0.2381
9833,9.833,-0.0017,-0.0041,-0.0043,-0.0058,0.5541,0.3093
9834,9.834,-0.0021,-0.0033,-0.0039,0.0019,0.4426,0.2462
9835,9.835,-0.0017,-0.0039,-0.0061,0.0032,0.5467,0.3048
9836,9.836,-0.002,-0.0003,-0.0014,-0.0005,0.454,0.9919
9837,9.837,0.0003,0.0014,-0.0029,0.0027,1.5613,0.7116
9838,9.838,0,0.0031,-0.0022,0.0058,1.11,0.1147
9839,9.839,-0.0006,0.0007,-0.0032,-0.0006,0.1484,-0.2739
9840,9.84,0.0005,0.0019,0.0009,0.0003,-0.2278,-0.2049
9841,9.841,-0.0006,0.004,-0.0068,0.001,-0.3426,-0.2694
9842,9.842,-0.0011,-0.0002,-0.0034,-0.0025,-0.4465,-0.3278
9843,9.843,0.0019,0.0051,-0.0003,0.0005,-0.5406,-0.2753
9844,9.844,0.0016,0.0031,-0.0029,-0.0011,-0.4558,-0.8997
9845,9.845,0.0013,0.0001,-0.0037,-0.0006,-1.3066,-0.985
9846,9.846,0.0003,-0.0004,-0.0043,-0.0067,-1.6467,-0.2875
9847,9.847,-0.0014,0.0001,-0.0063,-0.0075,-0.5122,0.1827
9848,9.848,-0.0032,0.0024,-0.0046,-0.0005,0.2454,0.2695
9849,9.849,-0.0015,-0.0041,-0.0051,0.0041,0.3858,0.3478
9850,9.85,0.0007,-0.0013,-0.0046,-0.0018,0.5124,0.2783
9851,9.851,-0.0023,-0.0005,-0.0069,0.0035,0.6274,0.2149
9852,9.852,0.0041,0.0018,-0.0049,-0,0.3201,0.6219
9853,9.853,0.0015,0.0011,-0.0086,-0.0083,0.9762,0.992
9854,9.854,-0.0044,-0.0006,-0.0057,-0.0027,1.7434,0.5595
9855,9.855,-0.0037,0.0011,-0.0078,-0.0037,0.8169,-0.0814
9856,9.856,-0.0001,0.0037,-0.0054,-0.0046,-0.0574,-0.1681
9857,9.857,-0.0006,0.0006,-0.0066,0.0014,-0.3995,-0.2464
9858,9.858,-0.0034,0.0045,-0.0098,0.0021,-0.5036,-0.3174
9859,9.859,0.0014,-0.0002,-0.0119,0.0056,-0.5977,-0.254
9860,9.86,0.0019,0.0003,-0.0075,0.0014,-0.5129,-0.3123
9861,9.861,0.0015,-0.0014,-0.0094,0.0031,-0.5903,-0.9994
9862,9.862,-0,-0.003,-0.0091,0.0016,-1.6449,-0.7189
9863,9.863,-0.0011,-0.0018,-0.0078,0.0012,-1.1927,-0.1219
9864,9.864,0.0001,0.0011,-0.0077,0.0009,-0.2302,0.2668
9865,9.865,0.0011,-0.0025,-0.0118,0.0006,0.3963,0.1977
9866,9.866,0.0015,-0.0076,-0.0105,-0.0033,0.5123,0.2623
9867,9.867,0.0019,-0.0056,-0.0077,0.0002,0.6169,0.3208
9868,9.868,0.0018,-0.0039,-0.0092,-0.004,0.5251,0.2681
9869,9.869,0.0003,0.0014,-0.0091,0.0027,0.4088,0.8508
9870,9.87,-0.0009,-0.0003,-0.0112,0.0032,1.3457,0.8992
9871,9.871,0.0003,0.0032,-0.0111,-0.0004,1.4713,0.3304
9872,9.872,-0.0029,0.0002,-0.0124,0.0047,0.6776,-0.2132
9873,9.873,-0.0007,0.0005,-0.0089,0.0011,-0.2519,-0.2851
9874,9.874,-0.0027,0.0056,-0.0107,-0.0006,-0.3787,-0.3503
9875,9.875,0.0008,0.002,-0.0041,-0.0059,-0.4932,-0.2931
9876,9.876,0.0059,0.0003,-0.0033,-0.0052,-0.5971,-0.2411
9877,9.877,-0.0005,0.0008,-0.0044,-0.0047,-0.317,-0.5778
9878,9.878,0.0004,0.0002,0.0013,-0.0135,-0.913,-1.0587
9879,9.879,-0.0003,-0.002,-0.0042,-0.0249,-1.7647,-0.4833
9880,9.88,0.0017,-0.0023,0.002,-0.0173,-0.9715,0.0599
9881,9.881,0,-0.0005,0.0095,-0.0048,-0.0418,0.1316
9882,9.882,0.0006,-0.0002,0.002,-0.0031,0.3349,0.1965
9883,9.883,-0.002,-0.0039,0.0082,0.0108,0.45,0.255
9884,9.884,0.0011,0.003,0.0072,0.0052,0.5544,0.308
9885,9.885,0.0031,0.004,0.0092,0.0069,0.4619,0.356
9886,9.886,0.0021,-0.01,0.0111,0.0023,0.5476,1.0112
9887,9.887,-0.0003,-0.0202,0.0104,0.0063,1.7088,0.7305
9888,9.888,0.0048,-0.022,0.0131,0.0101,1.212,0.1331
9889,9.889,-0.0017,0.0033,0.0124,0.0068,0.1544,-0.2558
9890,9.89,-0.0025,0.0069,0.0081,0.0058,-0.2597,-0.1873
9891,9.891,0.0027,0.0037,0.0108,0.0066,-0.3861,-0.2521
9892,9.892,-0.0022,0.0065,0.0185,0.0058,-0.5003,-0.3108
9893,9.893,-0.0006,0.0092,0.0152,-0.0027,-0.6042,-0.2585
9894,9.894,-0.0046,0.0069,0.0141,0.0029,-0.3241,-0.8834
9895,9.895,-0.0021,0.0002,0.0056,0.0019,-1.431,-0.9691
9896,9.896,-0.001,0.0023,0.0023,0.001,-1.5825,-0.2719
9897,9.897,0.0029,0.0004,0.0117,0.0052,-0.6216,0.1981
9898,9.898,0.0034,0.0021,0.0129,-0.0017,0.2538,0.2847
9899,9.899,-0.0009,0.0005,0.0185,0.001,0.3699,0.3628
9900,9.9,0.0031,-0.0008,0.0215,0.0019,0.4743,0.2932
9901,9.901,-0.0005,0.0029,0.0188,0.0026,0.5689,0.2295
9902,9.902,-0.0035,-0.0004,0.0077,0.0006,0.4845,0.6363
9903,9.903,-0.0064,0.0049,-0.0061,0.0036,1.0264,1.0063
9904,9.904,-0.0039,0.0057,-0.0004,0.0031,1.6601,0.4776
9905,9.905,-0.0001,0.0065,-0.0054,-0.0004,0.8936,-0.0161
9906,9.906,-0.0027,0.0043,-0.0068,-0.0016,-0.0361,-0.2097
9907,9.907,-0.003,0.0036,-0.0081,-0.0004,-0.4128,-0.2688
9908,9.908,-0.0095,0.0041,-0.0042,-0.0014,-0.5279,-0.3224
9909,9.909,-0.0141,0.0069,-0.0008,0.0039,-0.4267,-0.2749
9910,9.91,-0.0082,0.0012,-0.0037,0.0017,-0.5215,-0.406
9911,9.911,-0.0013,-0.0041,0.0011,0.0024,-0.6073,-1.0016
9912,9.912,-0.0022,0.0008,-0.0013,-0.0045,-1.7688,-0.7466
9913,9.913,0.0003,0.0002,-0.0004,-0.0017,-1.2723,-0.0488
9914,9.914,-0.0019,-0.0015,0.0005,0.0008,-0.2146,0.234
9915,9.915,0.0016,-0.001,-0.0062,-0.0014,0.4736,0.3204
9916,9.916,0.0032,-0.0053,-0.0032,-0.0034,0.3513,0.3985
9917,9.917,0.0049,-0.0036,-0.0038,0.0024,0.4656,0.3289
9918,9.918,0.0043,-0.0022,-0.0073,0.0018,0.5691,0.2653
9919,9.919,0.0031,-0.0073,-0.005,0.0011,0.4755,0.7885
9920,9.92,0.006,-0.0024,-0.0005,0.0007,1.4116,0.8593
9921,9.921,0.0041,-0.0041,-0.0031,-0.0034,1.5363,0.283
9922,9.922,0.0016,-0.0012,-0.0012,-0.0028,0.5151,-0.1056
9923,9.923,0.0026,-0.0018,-0.004,-0.0025,-0.1737,-0.3179
9924,9.924,0.0027,0.0012,-0.0033,-0.0053,-0.3014,-0.2549
9925,9.925,-0.0002,-0.0035,-0.0049,-0.0002,-0.4164,-0.3134
9926,9.926,0.0017,0.0034,-0.0069,0.0018,-0.5208,-0.261
9927,9.927,0.0033,0.0025,-0.0042,-0.0024,-0.4284,-0.5974
9928,9.928,-0.0018,-0.0053,0.0003,-0.0088,-1.0249,-1.078
9929,9.929,0.0002,-0.0043,0.0001,-0.001,-1.7225,-0.5023
9930,9.93,-0.0029,-0.0052,-0.0036,-0.004,-0.8802,0.0413
9931,9.931,0.0012,-0.001,-0.0018,0.0006,0.1418,0.254
9932,9.932,0.0006,-0.0033,-0.0046,0.0066,0.2815,0.3191
9933,9.933,0.0049,-0.0053,-0.0055,0.0014,0.4075,0.3779
9934,9.934,0.0008,0.0016,-0.0042,-0.0021,0.5215,0.2204
9935,9.935,0.0023,-0.003,-0.0029,-0.0015,0.4191,0.3652
9936,9.936,-0.0008,-0.0038,-0.0044,0.0002,0.5128,1.0209
9937,9.937,0.0012,-0.0045,-0.0011,-0.0002,1.6196,0.7408
9938,9.938,0.0016,0.0032,-0.0029,0.0029,1.1675,0.1439
9939,9.939,0.0026,0.0002,-0.0053,0.0032,0.2055,-0.2445
9940,9.94,0.0016,-0.0026,-0.0012,0.0014,-0.421,-0.3159
9941,9.941,0.0041,-0,-0.0016,0.0031,-0.3102,-0.3802
9942,9.942,0.0051,0.0069,-0.0003,-0.0006,-0.4148,-0.3226
9943,9.943,0.0076,0.0042,-0.0049,-0.0009,-0.5099,-0.27
9944,9.944,0.0034,-0.0035,-0.0006,-0.0029,-0.4259,-0.8945
9945,9.945,0.0003,0.0017,-0.001,0.0029,-1.4323,-0.9798
9946,9.946,0.0009,-0.0009,-0.0057,-0.0014,-1.5704,-0.2824
9947,9.947,-0.0006,-0,-0.004,-0.0066,-0.6972,0.188
9948,9.948,-0.0002,0.0053,-0.0035,-0.003,0.3251,0.2749
9949,9.949,-0.0005,0.0004,-0.0103,-0.0036,0.4645,0.3533
9950,9.95,-0.0047,-0.0001,-0.0057,-0.0053,0.5905,0.284
9951,9.951,-0.0006,0.0004,-0.0032,-0.0037,0.4785,0.2206
9952,9.952,-0.0011,0.002,-0.0039,0.0013,0.3764,0.6277
9953,9.953,0.0001,0.0071,-0.006,0.0033,1.0321,0.9979
9954,9.954,-0.0046,-0.0006,-0.0078,-0.0009,1.6284,0.4694
9955,9.955,0.0012,0.0067,-0.0074,0.0031,0.9315,-0.0242
9956,9.956,-0.0025,0.0076,-0.006,-0.0005,-0.1013,-0.2175
9957,9.957,-0.0018,0.0034,-0.0103,0.0038,-0.2413,-0.2765
9958,9.958,-0.0048,0.0041,-0.004,0.002,-0.3676,-0.3299
9959,9.959,-0.0043,0.0048,-0.0083,-0.0015,-0.4823,-0.2823
9960,9.96,-0.0007,0.0031,-0.0063,0.0015,-0.3805,-0.4133
9961,9.961,0.0005,0.0108,-0.0084,0.0053,-0.4746,-1.0089
9962,9.962,0.0026,0.0036,-0.0044,0.0018,-1.7519,-0.7537
9963,9.963,0.0023,0.0009,-0.0086,0.0021,-1.2055,-0.0558
9964,9.964,-0,-0.0033,-0.0062,0.0008,-0.374,0.2271
9965,9.965,0.0017,0.002,-0.0068,-0.0034,0.3831,0.3136
9966,9.966,0.0048,0.0028,-0.0031,-0.0006,0.5223,0.3919
9967,9.967,0.001,-0.0041,-0.0081,-0.0053,0.648,0.3224
9968,9.968,0.0005,-0.0014,-0.0088,-0.0011,0.5357,0.2587
9969,9.969,0.0048,0.0012,-0.0074,0.0005,0.4333,0.8981
9970,9.97,0.0019,0.0005,-0.0064,0.0012,1.3689,0.8863
9971,9.971,0.006,0.0043,-0.0092,0.0016,1.4631,0.2896
9972,9.972,0.0014,0.0064,-0.0098,0.0013,0.5254,-0.099
9973,9.973,-0.0003,0.0022,-0.012,0.0041,-0.3502,-0.3112
9974,9.974,-0.0043,0.0052,-0.008,-0.0017,-0.466,-0.2481
9975,9.975,-0.0038,-0.0015,-0.0078,0.0042,-0.5704,-0.3067
9976,9.976,0.0004,-0.0023,-0.0085,0.0048,-0.4781,-0.2542
9977,9.977,-0,-0.0014,-0.0018,-0.0001,-0.3939,-0.5907
9978,9.978,-0.0005,0.0009,0.001,0.0068,-0.9362,-1.0714
9979,9.979,-0.0017,-0.0026,0.0035,-0.0073,-1.8515,-0.4957
9980,9.98,-0.0037,0.0017,0.0024,-0.0175,-0.9792,0.0478
9981,9.981,-0.0033,-0.0058,0.0029,-0.0268,0.043,0.2603
9982,9.982,-0.001,-0.0005,0.0062,-0.0116,0.4571,0.1974
9983,9.983,0.0035,-0.0032,0.009,-0.0015,0.5832,0.2562
9984,9.984,0.0018,-0.0006,0.0117,-0.0034,0.4711,0.204
9985,9.985,-0.0007,-0.0042,0.01,0.0017,0.369,0.3482
9986,9.986,-0.0029,0.0007,0.0129,0.0032,0.65,1.0034
9987,9.987,-0.005,0.0013,0.008,0.0045,1.5864,0.7229
9988,9.988,-0.0068,0.0008,0.0108,0.0033,1.2132,0.1256
9989,9.989,-0.0036,-0.0039,0.0135,0.0023,0.1914,-0.263
9990,9.99,-0.01,-0.0021,0.0066,0.0053,-0.223,-0.1944
9991,9.991,-0.0185,-0.0062,0.0019,0.0026,-0.3499,-0.2593
9992,9.992,-0.0129,-0.0004,0.0077,0.0051,-0.4643,-0.318
9993,9.993,-0.0057,-0.0119,0.0083,0.0044,-0.5684,-0.2656
9994,9.994,-0.0011,-0.0237,0.0146,0.0037,-0.4754,-0.8903
9995,9.995,0.0048,-0.0191,0.0205,0.0042,-1.4121,-0.976
9996,9.996,-0.0037,-0.0039,0.0134,0.007,-1.5375,-0.2789
9997,9.997,0.0041,-0.0019,0.0012,0.0013,-0.5168,0.1911
9998,9.998,0.0071,-0,-0.0039,0.0034,0.1717,0.2777
9999,9.999,0.0044,-0.0017,-0.0025,0.0041,0.2987,0.3558
10000,10,0.0052,0.0059,-0.0011,0.0036,0.4134,0.2862
10001,10.001,0.0059,0.0018,-0.0099,-0.0005,0.5173,0.2224
10002,10.002,0.001,-0.0019,-0.0067,0.0042,0.4242,0.6291
10003,10.003,0.0104,0.0037,-0.0077,0.0012,1.0203,0.9989
10004,10.004,0.0035,0.0067,-0.0031,0.0017,1.7174,0.47
10005,10.005,0.0023,0.0058,-0.0073,-0.0019,0.8744,-0.024
10006,10.006,0.0055,0.0049,-0.0066,-0.0031,-0.1479,-0.2177
10007,10.007,0.0044,0.007,-0.0058,0.0008,-0.288,-0.2771
10008,10.008,0.0036,0.0006,-0.0063,0.0013,-0.4142,-0.3309
10009,10.009,0.0078,0.003,-0.0033,0.0025,-0.5288,-0.2837
10010,10.01,0.0071,-0.0008,-0.0016,0.0013,-0.4271,-0.4152
10011,10.011,-0.0007,-0.0015,0.0036,-0.0044,-0.5213,-1.0112
10012,10.012,-0.0038,-0.0033,0.013,-0.0002,-1.7987,-0.7564
10013,10.013,-0.0011,-0.0039,0.0143,-0.0039,-1.2522,-0.059
10014,10.014,-0.002,-0.0024,0.0177,-0.0004,-0.089,0.2235
10015,10.015,-0.0042,-0.0047,0.0189,-0.0021,0.3663,0.3095
10016,10.016,-0.0022,-0.0052,0.0164,0.0008,0.5054,0.3873
10017,10.017,0.002,-0.001,0.0071,0.0033,0.6312,0.3173
10018,10.018,-0.0009,-0.0064,0.001,0.0011,0.5188,0.2534
10019,10.019,-0.0035,-0.0044,-0.002,-0.0045,0.4166,0.8924
10020,10.02,-0.0023,-0.0028,-0.0007,-0.0007,1.4465,0.8074
10021,10.021,0.0024,-0.0013,-0.0069,-0.0014,1.5842,0.2645
10022,10.022,-0.0006,0.0022,-0.0025,0.0028,0.4612,-0.2298
10023,10.023,-0.0012,0.0051,-0.0059,-0.0001,-0.2958,-0.2956
10024,10.024,-0.0007,0.0003,-0.0021,-0.0026,-0.4357,-0.3551
10025,10.025,-0.0019,0.0044,-0.0024,0.0016,-0.562,-0.3033
10026,10.026,-0.0007,0.0002,-0.0026,0.0021,-0.4502,-0.2559
10027,10.027,0.0011,-0.0046,-0.0039,-0.0046,-0.348,-0.6496
10028,10.028,-0.0041,-0.0005,-0.0033,-0.0073,-1.0037,-1.0199
10029,10.029,-0.0004,-0.0001,-0.0069,-0.0031,-1.7705,-0.4916
10030,10.03,0.0016,0.0024,-0.0041,-0.0009,-0.8434,0.1429
10031,10.031,-0.0027,0.0001,-0.0042,-0.0002,0.0318,0.2295
10032,10.032,-0.0022,-0.0012,-0.0078,-0.0033,0.3745,0.3077
10033,10.033,0.0003,-0.0002,-0.0041,-0.0028,0.4796,0.3785
10034,10.034,-0.0009,0.005,-0.0042,-0.0002,0.5747,0.3148
10035,10.035,0.0012,0.0012,-0.0036,-0.0005,0.4907,0.3729
10036,10.036,0.0008,0.0005,-0.0009,-0.0001,0.5686,1.0597
10037,10.037,0.0061,0.0099,-0.0017,-0.002,1.6242,0.5917
10038,10.038,0.0008,0.003,-0.0065,-0.0009,1.1725,0.1646
10039,10.039,0.0028,0.0066,-0.0028,0.0015,0.211,-0.2241
10040,10.04,-0.0002,0.0076,-0.0068,0.0041,-0.4149,-0.2958
10041,10.041,0.0003,-0.0019,-0.0061,0.0051,-0.3036,-0.3607
10042,10.042,-0.0002,0.0068,-0.0065,0.0001,-0.6135,-0.3033
10043,10.043,-0.0014,-0.001,-0.0002,0.0008,-0.5209,-0.251
10044,10.044,-0.0002,0,-0.006,0.0003,-0.4364,-0.8758
10045,10.045,-0.0012,-0.0046,-0.0037,0.0009,-1.4425,-0.9615
10046,10.046,0.0006,-0.0004,0,-0.0027,-1.58,-0.2644
10047,10.047,0.0003,-0.0026,-0.0015,-0.0057,-0.4569,0.2055
10048,10.048,0.0022,0.0023,-0.0067,-0.0001,0.3004,0.2922
10049,10.049,-0.0017,-0.0019,-0.003,0.0006,0.4402,0.3705
10050,10.05,-0.0045,-0.0013,-0.0034,-0.0014,0.5666,0.3011
10051,10.051,-0.0019,0.0023,-0.0028,0.0017,0.455,0.2377
10052,10.052,0.0012,0.0026,-0.0052,0.0046,0.3534,0.6445
10053,10.053,-0.0016,0.0047,-0.004,0.001,1.0095,1.0146
10054,10.054,-0.0012,0.0051,-0.0019,0.0053,1.6063,0.4859
10055,10.055,-0.0009,0.0012,-0.0008,0.0024,0.91,-0.0079
10056,10.056,0.0029,0.0071,-0.0031,0.0029,-0.1224,-0.2014
10057,10.057,0.0051,0.0034,-0.002,0.006,-0.262,-0.2603
10058,10.058,0.0004,0.0042,-0.0061,-0.0004,-0.3878,-0.3138
10059,10.059,0.0046,0.0073,-0.0056,-0.0031,-0.502,-0.2662
10060,10.06,-0.0006,0.0009,-0.0038,-0.0023,-0.3999,-0.3972
10061,10.061,0.003,0.0019,-0.0012,-0.0016,-0.6808,-0.9927
10062,10.062,-0.0001,-0.0003,-0.0042,0.0048,-1.7876,-0.7374
10063,10.063,0.0005,0.0005,0.0022,-0.0011,-1.3355,-0.0393
10064,10.064,0.0062,-0.0011,-0.0041,0.0026,-0.099,0.2436
10065,10.065,0.004,0.0006,-0.0066,0.0062,0.4023,0.3302
10066,10.066,0.0005,0.0012,-0.0044,-0.0021,0.5555,0.2539
10067,10.067,-0,0.0025,-0.0037,-0.0011,0.4202,0.3249
10068,10.068,0.0017,0.0005,-0.0079,-0.0041,0.5459,0.2615
10069,10.069,-0.0008,0.0064,-0.0062,0.0005,0.4333,0.901
10070,10.07,-0.0012,0.0039,-0.0057,-0.0004,1.3605,0.8166
10071,10.071,-0.0005,0.0003,-0.0081,0.0017,1.4813,0.2851
10072,10.072,-0.0002,-0.0034,-0.003,0.0023,0.6081,-0.1034
10073,10.073,-0.002,0.006,-0.0023,0.003,-0.1878,-0.3156
10074,10.074,-0.0024,0.0024,-0.0007,-0,-0.2931,-0.3802
10075,10.075,-0.002,0.0015,-0.0012,-0.0005,-0.5754,-0.3227
10076,10.076,-0.0007,0.0026,-0.0007,-0.002,-0.4915,-0.2701
10077,10.077,0.0032,-0.0019,0.0024,-0.0017,-0.4148,-0.6062
10078,10.078,0.0015,0.0041,0.0012,-0.0037,-1.0479,-1.0868
10079,10.079,0.003,-0.0059,0.0054,0.002,-1.8145,-0.5108
10080,10.08,-0.0021,-0.0127,0.0142,0.0029,-0.8873,0.0328
10081,10.081,-0.0001,-0.0265,0.0205,-0.0009,-0.012,0.1051
10082,10.082,0.0029,-0.0283,0.0237,-0.0058,0.3309,0.2983
10083,10.083,-0.0012,-0.0063,0.0122,-0,0.4357,0.3573
10084,10.084,-0.0007,-0.0033,0.0046,-0.0022,0.5304,0.3053
10085,10.085,-0.0004,-0.0006,-0.0023,-0.0015,0.4465,0.4499
10086,10.086,-0.0007,0.0067,-0.006,-0.0046,0.6792,1.0182
10087,10.087,-0.0026,0.0046,-0.0003,-0.0041,1.5941,0.6319
10088,10.088,-0.0009,0.0067,-0.0034,-0.0118,1.221,0.1387
10089,10.089,-0.0006,0.0011,-0.0025,-0.0151,0.1994,-0.1826
10090,10.09,-0.0013,0.0063,0.0053,-0.0098,-0.2149,-0.2418
10091,10.091,0.001,0.0017,0.0023,0.0005,-0.3416,-0.2952
10092,10.092,-0.0041,0.0087,0.0051,-0.0008,-0.4562,-0.3436
10093,10.093,-0.009,0.0024,0.0026,0.0003,-0.5603,-0.2127
10094,10.094,-0.0121,-0.0008,0.0004,0.0035,-0.4675,-0.8081
10095,10.095,-0.0069,0.0023,-0.0002,0.0025,-1.4041,-0.8935
10096,10.096,-0.0119,0.0031,0.0004,-0.0002,-1.5295,-0.3508
10097,10.097,-0.0049,-0.0081,-0.0012,0.0023,-0.5087,0.1433
10098,10.098,-0.0096,-0.0035,0.0004,0.003,0.1798,0.2089
10099,10.099,-0.0121,-0.0021,-0.0057,0.005,0.3068,0.268
10100,10.1,-0.0084,-0.001,-0.0081,0.0067,0.4216,0.3217
10101,10.101,-0.0049,0,-0.0028,0.0038,0.5256,0.2741
10102,10.102,-0.0033,-0.0072,-0.002,0.0033,0.4328,0.6674
10103,10.103,0.0055,-0.0045,-0.0002,0.0063,1.0287,1.0376
10104,10.104,0.0092,-0.0174,0.0015,-0.0001,1.7256,0.5089
10105,10.105,0.006,-0.023,-0.0009,0.0007,0.8825,-0.1256
10106,10.106,0.0069,-0.0078,0.0014,-0.0019,-0.1401,-0.2123
10107,10.107,0.0078,-0.0018,-0.0014,0.0019,-0.2803,-0.2905
10108,10.108,0.0086,0.0038,0.0023,0.0012,-0.4067,-0.3615
10109,10.109,0.0048,0.002,0.002,0.0017,-0.5214,-0.2981
10110,10.11,0.0068,0.0065,0.0001,0.0011,-0.4199,-0.4725
10111,10.111,-0.0001,0.0024,0.0012,0.0027,-0.7015,-1.0538
10112,10.112,0.0007,0.0035,-0.0025,0.0004,-1.809,-0.6671
10113,10.113,0.0049,0.0045,-0.0019,0.0001,-1.3576,-0.0326
10114,10.114,0.0055,0.0014,-0.0021,-0.0009,-0.1217,0.2244
10115,10.115,0.0062,0.0004,0,0.0029,0.3789,0.3031
10116,10.116,0.0019,-0.0005,0.002,0.0024,0.5315,0.374
10117,10.117,0.0048,0.0001,-0.0011,0.0028,0.6695,0.3107
10118,10.118,0.0032,0.0007,-0.0038,-0.002,0.5454,0.2529
10119,10.119,0.0001,-0.001,-0.0055,-0.0015,0.4327,0.8341
10120,10.12,0.004,0.0077,-0.0022,0.0037,1.3593,0.9118
10121,10.121,0.0045,0.0039,-0.0024,-0.0041,1.4842,0.2779
10122,10.122,-0.0006,0.0006,0.0003,-0.001,0.4631,-0.1497
