Frame,Time,EMG_1,EMG_2,EMG_3,EMG_4,EMG_5,EMG_6
0,0,-0.0035,-0,0.0208,-0.0031,0.25,0.7223
1,0.001,-0.003,0.0012,0.0295,0.0019,0.3304,0.2345
2,0.002,-0.006,-0.0026,0.0221,0.0039,0.1091,-0.2065
3,0.003,-0.0013,-0.0072,0.01,-0.0031,-0.0977,-0.4879
4,0.004,-0.0043,0.0011,0.012,0.0053,-0.1763,-0.4258
5,0.005,-0.0049,-0.0021,0.0139,0.0021,-0.1491,-0.4638
6,0.006,-0.0096,-0.005,0.0212,0.005,-0.2131,-0.4973
7,0.007,-0.0001,-0.0004,0.0028,0.0023,-0.1494,-0.4477
8,0.008,-0.0015,-0.0012,-0.0212,-0.0003,-0.2385,-0.975
9,0.009,-0.0003,0.001,-0.0237,0.0034,-0.4523,-0.8846
10,0.01,0.0052,0.0031,-0.0201,-0.0016,-0.2992,-0.2419
11,0.011,0.0041,-0.0051,-0.0221,0.0026,-0.0526,0.0214
12,0.012,0.0014,0.0005,-0.019,-0.0026,0.0478,0.1052
13,0.013,0.0022,-0.0025,-0.0161,-0.0006,0.0788,0.1808
14,0.014,0.0028,0.0003,-0.0173,0.0051,0.1068,0.1225
15,0.015,0.0034,0.0011,-0.0073,0.0057,0.0833,0.0702
16,0.016,-0.0008,0.0005,-0.0083,0.0076,0.1064,0.5481
17,0.017,0.0055,-0.0015,-0.0121,0.0018,0.37,0.741
18,0.018,0.0029,-0.0045,-0.0154,0.0011,0.2616,0.2216
19,0.019,0.0051,0.0008,-0.0109,-0.0009,0.0325,-0.2645
20,0.02,0.0044,-0.0027,-0.0111,0.0007,-0.115,-0.3215
21,0.021,0.006,0.0016,-0.0134,-0.001,-0.14,-0.3719
22,0.022,0.0031,-0.0024,-0.0153,-0.0025,-0.1623,-0.4168
23,0.023,0.0016,-0.0008,-0.0086,-0.0028,-0.1378,-0.2657
24,0.024,0.0004,0.0004,-0.01,-0.0025,-0.1154,-0.4759
25,0.025,0.0067,-0.0024,-0.0169,-0.0007,-0.3158,-0.9808
26,0.026,0.0021,-0.0059,-0.0109,-0.003,-0.3934,-0.6202
27,0.027,-0.0021,-0.0036,-0.0147,-0.0027,-0.169,-0.0384
28,0.028,0.0032,-0.0064,-0.0148,-0.0033,0.0412,0.198
29,0.029,0.0011,-0.0006,-0.0162,0.0005,0.1231,0.2711
30,0.03,-0.0031,0.0036,-0.0162,0.0022,0.0991,0.21
31,0.031,0.001,0.0015,-0.0149,0.0017,0.1216,0.2702
32,0.032,-0.0015,-0.0005,-0.0055,-0.0013,0.1017,0.2196
33,0.033,0.0016,0,0.0139,-0.0042,0.1938,0.8423
34,0.034,-0.0023,0.0029,0.0334,-0.0038,0.4109,0.7556
35,0.035,-0.0038,0.0034,0.0361,-0.0021,0.2608,0.2143
36,0.036,-0.0034,0.0046,0.0429,-0.0037,-0.037,-0.2749
37,0.037,-0.003,-0.0001,0.033,0.0005,-0.076,-0.2079
38,0.038,-0.0004,0.0016,0.0093,0.0047,-0.1111,-0.2621
39,0.039,0.0019,-0.0024,-0.0001,0.0006,-0.1426,-0.311
40,0.04,0.0016,0.0034,-0.0085,-0.0029,-0.1709,-0.2595
41,0.041,0.0003,0.0013,-0.0108,0.004,-0.1425,-0.6469
42,0.042,-0.0009,-0.0022,-0.0081,0.001,-0.4107,-0.904
43,0.043,-0.001,-0.0027,-0.0099,0.0037,-0.3005,-0.3711
44,0.044,0.0003,0.0049,-0.0157,0.0028,-0.0695,0.1231
45,0.045,0.0025,-0.0003,-0.0098,0.008,0.0801,0.1881
46,0.046,-0.0017,0.0024,-0.0179,-0.0012,0.1071,0.2461
47,0.047,0.0014,-0.0018,-0.01,-0.0024,0.1311,0.2982
48,0.048,0.0019,0.0004,-0.0111,-0.0014,0.1084,0.2495
49,0.049,-0.0048,-0.0031,-0.0097,-0.0023,0.0878,0.3789
50,0.05,-0.0021,-0,-0.0085,-0.0015,0.3267,0.8905
51,0.051,0.0005,-0.0029,-0.0113,0.0044,0.3577,0.5363
52,0.052,-0.0002,0.0007,-0.0103,0.0051,0.1481,-0.0404
53,0.053,0.0019,0.0038,-0.0127,0.0031,-0.0421,-0.2726
54,0.054,0.0024,0.0041,-0.0119,0,-0.116,-0.2025
55,0.055,-0.0016,0.0044,-0.0112,0.0017,-0.0936,-0.2657
56,0.056,-0.0011,0.0041,-0.0168,0.0012,-0.1137,-0.3226
57,0.057,0.0031,-0.001,-0.0146,0,-0.095,-0.2688
58,0.058,0.0003,0.0026,-0.0165,0.002,-0.1782,-0.8887
59,0.059,0.0038,-0.0017,-0.0182,-0.003,-0.4058,-0.7999
60,0.06,0.0008,0.0012,-0.0141,-0.0037,-0.2405,-0.1019
61,0.061,-0.0004,-0.0003,-0.0167,-0.0007,0.0284,0.1798
62,0.062,0.0006,0.0027,-0.0178,-0.0035,0.1365,0.2648
63,0.063,-0.0017,-0.002,-0.0167,0.0012,0.1035,0.341
64,0.064,-0,0.0011,-0.0217,0.0017,0.1329,0.27
65,0.065,0.0001,0.0016,-0.021,0.0012,0.1055,0.2053
66,0.066,-0.0005,-0.0031,-0.0179,-0.0004,0.1294,0.6089
67,0.067,-0.0043,-0.0026,-0.0208,-0,0.374,0.8691
68,0.068,-0.0057,-0.0043,-0.0213,0.0003,0.3396,0.3385
69,0.069,-0.002,-0.0066,-0.0175,0.0001,0.065,-0.0988
70,0.07,-0.0017,-0.0009,-0.0106,-0.0009,-0.0845,-0.1697
71,0.071,-0.0005,-0.0046,-0.0179,0.0023,-0.1117,-0.2335
72,0.072,-0.0024,0.0018,-0.0187,-0.0041,-0.136,-0.2908
73,0.073,-0.002,0.0009,-0.0212,-0.0014,-0.1135,-0.2373
74,0.074,-0.0031,-0.0013,-0.0097,-0.0005,-0.093,-0.3797
75,0.075,-0.0024,-0.0033,0.0122,-0.0027,-0.2953,-0.9434
76,0.076,-0,-0.0028,0.015,0.0022,-0.4291,-0.554
77,0.077,-0.0018,-0.0033,0.0176,-0.0008,-0.1572,0.08
78,0.078,-0.006,-0.0048,0.0248,-0.0061,0.0237,0.166
79,0.079,-0.0102,0.0021,0.0181,-0.0025,0.1221,0.2433
80,0.08,-0.013,-0.001,0.016,-0.0094,0.0922,0.3127
81,0.081,-0.0073,-0.0001,0.0252,-0.003,0.1188,0.2479
82,0.082,-0.0004,0.0007,0.0336,-0.014,0.0939,0.3048
83,0.083,0.0005,0.0013,0.0289,-0.0034,0.2048,0.8819
84,0.084,0.0046,0.002,0.0303,-0.002,0.3863,0.8012
85,0.085,-0.0023,-0.0011,0.034,-0.0008,0.2618,0.1664
86,0.086,0.0022,-0.004,0.0169,0.0024,0.0145,-0.2598
87,0.087,0.003,-0.0055,0.0047,0.0076,-0.0844,-0.1833
88,0.088,0.0008,-0.0058,0.034,0.003,-0.1143,-0.2531
89,0.089,0.0072,-0.0087,0.0378,0.0055,-0.1412,-0.3164
90,0.09,0.0063,-0.0045,0.0486,0.0002,-0.1165,-0.2577
91,0.091,0.0055,0.0043,0.0517,0.0022,-0.0941,-0.6248
92,0.092,0.0075,0.003,0.031,0.0017,-0.3977,-0.8619
93,0.093,0.0017,0.004,0.0011,0.0046,-0.3528,-0.3795
94,0.094,0.0069,0.0029,-0.0105,0.002,-0.0744,0.0694
95,0.095,-0.0009,0.0074,-0.0066,-0.0022,0.1062,0.2441
96,0.096,0.0001,0.0049,-0.0095,-0.0027,0.0735,0.1913
97,0.097,-0.0007,-0.0004,-0.0063,0.004,0.103,0.2389
98,0.098,0.0001,-0.0011,-0.0033,0.0013,0.1298,0.1947
99,0.099,-0.0006,-0.0007,0.0043,0.0021,0.1049,0.3916
100,0.1,0.0014,-0.0002,0.0069,0.0014,0.3052,0.929
101,0.101,-0.0016,-0.0007,0.0012,0.002,0.3848,0.5398
102,0.102,0.0036,0.0023,-0.0002,-0.001,0.162,0.046
103,0.103,0.0042,0.0034,0.0019,0.0042,-0.0471,-0.147
104,0.104,0.0059,0.0024,0.0039,0.0048,-0.0746,-0.2054
105,0.105,-0.0006,0.002,0.0003,0.0065,-0.1483,-0.2577
106,0.106,0.0036,0.0023,0.002,0.007,-0.1703,-0.305
107,0.107,0.0058,0.0041,-0.0007,0.0054,-0.1496,-0.2605
108,0.108,0.0009,0.0007,-0.0032,0.0057,-0.2045,-0.8525
109,0.109,0.0004,-0.0024,0.0001,0.0028,-0.4217,-0.7648
110,0.11,0.0009,-0.0004,-0.0071,0.0003,-0.2123,-0.2212
111,0.111,0.0024,-0.0014,-0.0054,-0.0021,0.0321,0.2716
112,0.112,-0.0037,0.0009,-0.0056,-0.0031,0.1307,0.2083
113,0.113,-0.0011,0.0006,-0.0007,-0.0038,0.1009,0.2659
114,0.114,-0.0018,0.0004,-0.007,-0.0036,0.1277,0.3181
115,0.115,0.0018,-0.0014,-0.009,-0.0014,0.1518,0.1737
116,0.116,-0.0024,0.0008,-0.0023,-0.0056,0.129,0.6516
117,0.117,0.0004,0.0039,-0.0054,-0.0026,0.3936,0.844
118,0.118,-0.0011,-0.0001,-0.0027,-0.0031,0.3577,0.3206
119,0.119,0.0011,0.0014,-0.0037,-0.0078,0.0618,-0.0325
120,0.12,-0.0044,0.0026,-0.0035,-0.0083,-0.0579,-0.2258
121,0.121,0.0009,0.0006,-0.0043,-0.01,-0.0945,-0.2847
122,0.122,-0.0027,0.0016,-0.0033,-0.0053,-0.1276,-0.3381
123,0.123,-0.0021,0.0006,-0.0022,-0.0011,-0.1577,-0.1944
124,0.124,-0.0016,-0.0011,-0.004,-0.0028,-0.0766,-0.4129
125,0.125,0.002,-0.0029,0.0013,-0.0012,-0.2984,-0.9291
126,0.126,-0.0031,-0.0023,-0.0022,0.003,-0.3879,-0.5777
127,0.127,0.0005,0.0015,-0.001,0.0001,-0.1438,-0.0006
128,0.128,-0.0011,-0.001,0.0001,0.0016,0.0867,0.2334
129,0.129,-0.0006,-0.0014,-0.0034,0.0047,0.1172,0.3046
130,0.13,-0.0001,-0.001,-0.0034,0.0008,0.1448,0.2413
131,0.131,-0.0012,0.0032,-0.0033,0.0044,0.1207,0.3
132,0.132,-0.0024,0.0027,-0.0006,-0.0017,0.0987,0.2475
133,0.133,0.0002,-0.0008,-0.0022,-0.0009,0.2006,0.8722
134,0.134,-0.0014,-0.0019,-0.0027,0.0044,0.4045,0.7877
135,0.135,0.0024,0.0028,-0.004,0.0064,0.215,0.2453
136,0.136,-0.0006,-0.0002,-0.0053,0.0048,-0.0073,-0.2483
137,0.137,-0.0018,-0.0031,-0.0037,0.0007,-0.0972,-0.1856
138,0.138,0.0034,0.0017,-0.0005,0.0013,-0.1246,-0.2443
139,0.139,-0.0015,0,0.0007,0.0025,-0.1003,-0.2976
140,0.14,-0.001,-0.0005,-0.0043,-0.0003,-0.1228,-0.1538
141,0.141,0.0008,-0.002,-0.0049,0.0048,-0.1432,-0.6342
142,0.142,0.0014,0.0042,-0.0012,0.0028,-0.3838,-0.9543
143,0.143,0.0002,-0.0017,-0.0007,0.0033,-0.3511,-0.4308
144,0.144,-0.0001,-0.0023,-0.0036,-0.0031,-0.0821,0.0631
145,0.145,-0.0019,0.0026,-0.0022,0.0012,0.0991,0.2566
146,0.146,-0.0001,-0.0015,0.0007,0.0034,0.067,0.3156
147,0.147,-0.0011,0.0026,-0.0033,0.0027,0.0972,0.2635
148,0.148,0.0019,0.0001,-0.0071,-0.0014,0.1246,0.2159
149,0.149,-0.0009,0.0013,-0.0043,-0.0043,0.1004,0.4344
150,0.15,0.0027,-0.0007,-0.0049,0.0005,0.3022,0.9509
151,0.151,0.0015,-0.0042,-0.0062,-0.0012,0.3837,0.5997
152,0.152,0.0004,-0.002,-0.0049,-0.0006,0.1618,0.023
153,0.153,-0.0032,0.0009,-0.0104,-0.0053,-0.0475,-0.2106
154,0.154,0.0019,0.0028,-0.0129,-0.0011,-0.0752,-0.2818
155,0.155,-0.0016,0.0025,-0.0051,0.0042,-0.1,-0.3463
156,0.156,-0.0021,-0.0019,-0.0112,-0.0006,-0.1226,-0.2887
157,0.157,0.0008,0.0034,-0.0127,0.0011,-0.1024,-0.2361
158,0.158,0.0024,0.0014,-0.0141,-0.0029,-0.195,-0.8607
159,0.159,0.0036,-0.0003,-0.0138,-0.0024,-0.4474,-0.776
160,0.16,0.0024,0.0003,-0.0166,-0.0012,-0.2671,-0.2334
161,0.161,-0.0001,0.0018,-0.0137,-0.0008,0.0291,0.2605
162,0.162,0.0009,0.0006,-0.016,-0.0005,0.0695,0.1981
163,0.163,-0.0022,-0.0006,-0.0231,-0.0037,0.1062,0.2569
164,0.164,0.0014,-0.0024,-0.0246,0.0011,0.1393,0.3101
165,0.165,-0.0016,-0.0021,-0.0183,0.0042,0.1099,0.1665
166,0.166,-0.0013,0.003,-0.0199,0.0047,0.1371,0.647
167,0.167,0.0012,-0.0019,-0.0231,0.0012,0.4082,0.8393
168,0.168,-0.0011,-0.0002,-0.0231,0,0.3003,0.4322
169,0.169,-0.0001,-0.0066,-0.0218,-0.0003,0.0702,-0.0448
170,0.17,0.0001,-0.0034,-0.0234,0.0003,-0.081,-0.2039
171,0.171,0.0002,-0.0025,-0.0258,0.0028,-0.1114,-0.2688
172,0.172,0.0019,-0.0019,-0.0225,-0.001,-0.1388,-0.3273
173,0.173,0.0021,0.0002,-0.029,0.0015,-0.1146,-0.2751
174,0.174,0.0001,0.0032,-0.0304,0.0038,-0.0925,-0.4194
175,0.175,-0.0028,-0.0009,-0.0205,-0.001,-0.2758,-0.9876
176,0.176,-0.0054,-0.0024,0.0018,0.0033,-0.3992,-0.6008
177,0.177,-0.0001,-0.0002,0.0043,0.0028,-0.1526,0.0336
178,0.178,-0.0008,-0.0006,0.0124,0.0003,0.0122,0.2905
179,0.179,-0.0029,-0.0003,0.0199,-0.0019,0.0426,0.2144
180,0.18,0.0013,0.0014,0.0216,-0.0031,0.0701,0.2853
181,0.181,-0.0015,-0.0037,0.0187,0.0027,0.1441,0.3496
182,0.182,0.001,0.0012,0.0241,-0.0015,0.1218,0.1756
183,0.183,-0.0012,0.0029,0.0217,-0.0008,0.1827,0.7567
184,0.184,-0.0024,-0,0.016,-0.0015,0.4235,0.6798
185,0.185,-0.0043,0.0015,0.017,0.0002,0.2594,0.1868
186,0.186,0.0009,0.0057,0.0205,-0.0004,-0.0098,-0.1346
187,0.187,0.0016,0.0016,0.0237,-0.0061,-0.0467,-0.1941
188,0.188,-0.0033,-0.0042,0.0288,-0.0099,-0.0801,-0.2478
189,0.189,-0.0076,0.0011,0.0231,-0.005,-0.1102,-0.2965
190,0.19,-0.0071,-0.0054,0.0311,-0.0008,-0.1376,-0.1661
191,0.191,-0.0035,-0.0046,0.0297,-0.0013,-0.1133,-0.6029
192,0.192,-0.0039,-0.0024,0.0283,-0.0008,-0.3599,-0.8939
193,0.193,-0.001,-0.0074,0.0326,0.0034,-0.3273,-0.4183
194,0.194,0.0047,-0.0091,0.0382,-0.0054,-0.0585,0.1588
195,0.195,0.0021,-0.0003,0.031,-0.0066,0.0504,0.2376
196,0.196,0.0043,-0.0041,0.0317,-0.0035,0.0838,0.3087
197,0.197,0.0036,-0.0051,0.0323,-0.0004,0.1138,0.3732
198,0.198,0.0053,-0.0021,0.0207,0.0022,0.1411,0.1992
199,0.199,0.0036,0.0006,-0.0014,-0.0037,0.1167,0.3576
200,0.2,0.002,-0.0003,0.0193,-0.0044,0.3183,0.8863
201,0.201,0.0008,0.0019,0.044,-0.0024,0.3997,0.5349
202,0.202,0.0005,0.0054,0.0473,0.0006,0.1777,0.0858
203,0.203,0.0023,0.0059,0.0444,0.001,-0.0316,-0.2063
204,0.204,0.0006,0.0075,0.0198,0.0045,-0.1135,-0.2602
205,0.205,-0.0011,0.0007,-0.003,-0.0006,-0.1384,-0.309
206,0.206,-0.0005,-0.0001,-0.0117,0.0014,-0.1164,-0.2661
207,0.207,0.0002,0.0007,-0.0087,0.0018,-0.1369,-0.2269
208,0.208,0.0003,0.0028,-0.0061,0.0001,-0.1925,-0.7682
209,0.209,0.0027,0.0077,-0.0036,0.0016,-0.445,-0.8461
210,0.21,0.0044,0.0035,-0.0053,0.0012,-0.2648,-0.2123
211,0.211,0.0006,0.004,-0.0069,0.0008,-0.0344,0.2149
212,0.212,-0.0009,0.0014,-0.0048,-0.005,0.1154,0.2936
213,0.213,0.0002,0.001,-0.0059,-0.0025,0.0888,0.224
214,0.214,-0.0018,-0.0046,-0.0041,-0.0019,0.1136,0.2884
215,0.215,-0.0008,-0.0009,-0.0024,-0.0039,0.1362,0.2306
216,0.216,0.0024,-0.0016,-0.0009,0.003,0.116,0.6002
217,0.217,-0.0005,0.0041,-0.0013,-0.0035,0.3938,0.8408
218,0.218,0.0005,0.0034,-0.0034,0.0007,0.3544,0.3599
219,0.219,-0.0034,0.0054,-0.002,0.0044,0.1016,-0.0893
220,0.22,-0.0009,-0.0003,-0.0007,0.0023,-0.0633,-0.2652
221,0.221,0.0021,-0.0025,-0.0021,0.0065,-0.0936,-0.2135
222,0.222,0.001,0.0023,-0.0044,0.0036,-0.1209,-0.2623
223,0.223,-0.0026,-0.0019,0.0003,0.0051,-0.1457,-0.2193
224,0.224,0.0035,0.0009,-0.0057,0.0008,-0.0786,-0.418
225,0.225,0.0009,0.0035,-0.0004,0.006,-0.3024,-0.9595
226,0.226,0.0046,0.0038,-0.0056,0.0024,-0.3919,-0.5729
227,0.227,0.0026,-0.0018,-0.0026,0.0029,-0.1478,-0.0796
228,0.228,0.0021,-0.0011,-0.0025,0.0081,0.017,0.2417
229,0.229,0.0016,-0.006,-0.0012,0.0017,0.1071,0.3007
230,0.23,-0.002,-0.003,-0.0045,-0.0026,0.1346,0.2483
231,0.231,-0.0031,-0.0035,-0.0053,-0.0004,0.1103,0.2968
232,0.232,-0.0019,0.0001,-0.0058,0.0016,0.0883,0.2534
233,0.233,-0.003,-0.0042,-0.0004,-0.0001,0.19,0.7694
234,0.234,-0.0026,-0.0047,-0.004,0.0027,0.4309,0.6993
235,0.235,0.0004,-0.0011,-0.0017,-0.0008,0.267,0.2507
236,0.236,-0.0006,-0.0014,-0.0068,0.0003,-0.0021,-0.1577
237,0.237,-0.0045,0.0025,-0.0055,-0.0009,-0.1109,-0.212
238,0.238,0.0003,0.006,-0.0043,0.0001,-0.0785,-0.261
239,0.239,-0.0014,0.0038,-0.0054,0.0025,-0.1085,-0.3055
240,0.24,-0.0009,-0.0026,-0.0044,-0.0012,-0.1358,-0.1872
241,0.241,0.0039,0.0038,-0.0055,-0.0016,-0.1113,-0.5843
242,0.242,-0.0031,-0.0021,-0.0009,-0.0036,-0.4027,-0.9546
243,0.243,0.0034,0.0001,-0.0058,-0,-0.3633,-0.426
244,0.244,-0.0008,0.0008,-0.0006,0.0012,-0.1104,0.0676
245,0.245,-0.003,-0.0034,-0.0045,-0.0027,0.1201,0.2609
246,0.246,0.0035,-0.0017,-0.0049,-0.0042,0.0909,0.3197
247,0.247,0.006,-0.0001,-0.0032,-0.0038,0.1182,0.2673
248,0.248,0.0008,-0.0031,-0.0092,0.0001,0.143,0.2195
249,0.249,0.0029,-0.0002,-0.0049,-0.0034,0.0761,0.3504
250,0.25,0.0034,-0.0027,-0.0071,-0.0003,0.2999,0.9459
251,0.251,-0.0006,0.0019,-0.0078,0.0036,0.3894,0.5203
252,0.252,-0.0021,-0.0012,-0.0084,-0.0011,0.1453,-0.0229
253,0.253,0.0009,0.0029,-0.0126,0.0032,-0.0194,-0.2354
254,0.254,-0.0002,0.0004,-0.0081,0.0049,-0.1094,-0.1728
255,0.255,-0.0038,0.0046,-0.0088,0.0045,-0.1369,-0.2317
256,0.256,-0.0007,0.0018,-0.0075,0.0033,-0.1127,-0.2851
257,0.257,-0.0027,-0.0018,-0.0104,-0.0022,-0.0906,-0.2373
258,0.258,-0.003,-0.0021,-0.0066,0,-0.1924,-0.8054
259,0.259,0.0016,0.0008,-0.0111,-0.0006,-0.4333,-0.7285
260,0.26,-0,0.0033,-0.0121,0.0011,-0.2693,-0.2357
261,0.261,0.0017,-0.0019,-0.0096,0.0006,-0.0003,0.2136
262,0.262,-0.0008,-0.0026,-0.0149,-0.0009,0.1085,0.273
263,0.263,0.0034,-0.0005,-0.015,0.0034,0.1418,0.3267
264,0.264,-0.0006,-0.001,-0.0152,-0.0042,0.1122,0.2792
265,0.265,0.0019,0.0018,-0.0174,0.0011,0.1395,0.1486
266,0.266,0.0008,0.0054,-0.0194,-0.0035,0.1151,0.5853
267,0.267,-0.0004,0.0023,-0.0162,-0.0009,0.3616,0.8761
268,0.268,0.0007,-0.0032,-0.0164,-0.0016,0.329,0.4003
269,0.269,0.0024,0.002,-0.0241,0.0005,0.0601,-0.049
270,0.27,0.0014,0.0013,-0.0238,0.0022,-0.1211,-0.2248
271,0.271,-0.0007,0.0052,-0.0217,-0.0016,-0.1014,-0.2537
272,0.272,0,-0.0005,-0.0217,0.0001,-0.1346,-0.3071
273,0.273,0.0039,0.0032,-0.0251,-0.0047,-0.1052,-0.2595
274,0.274,-0.0013,0.0012,-0.0222,0.0011,-0.0784,-0.3906
275,0.275,-0.002,-0.0031,-0.0308,-0.0011,-0.2509,-0.9069
276,0.276,-0.0015,-0.0059,-0.0265,0.0025,-0.4079,-0.5556
277,0.277,0.0002,-0.0002,-0.0282,0.003,-0.184,0.0213
278,0.278,-0.0033,-0.0039,-0.0162,-0.0034,0.0252,0.255
279,0.279,-0.0021,-0.0019,0.0071,-0.0009,0.107,0.1859
280,0.28,-0.0009,-0.0002,0.0095,-0.0016,0.1319,0.2507
281,0.281,0.0033,-0.0019,0.0174,0.0005,0.1545,0.3093
282,0.282,0.0004,-0.0035,0.0139,-0.0026,0.0936,0.2569
283,0.283,-0.0001,-0.0047,0.0107,0.0027,0.1862,0.7856
284,0.284,-0.0005,0.0018,-0.0105,0.0047,0.4049,0.7158
285,0.285,0.0043,-0.001,-0.025,0.0042,0.256,0.2674
286,0.286,-0.0027,-0.0001,0.0015,-0.0046,0.0113,-0.1407
287,0.287,0,-0.0008,0.0042,0.0016,-0.0879,-0.1949
288,0.288,-0.0008,0.0041,0.0133,-0.0016,-0.1182,-0.2436
289,0.289,-0.0015,-0.0001,0.0154,-0.0006,-0.1456,-0.2878
290,0.29,0.002,-0.0042,0.0174,-0.0052,-0.1213,-0.1693
291,0.291,-0.0011,-0.0047,0.019,-0.0026,-0.0992,-0.6385
292,0.292,0.0006,-0.0043,0.0162,-0.0033,-0.3638,-0.9586
293,0.293,0.0011,-0.0072,0.0135,-0.004,-0.3281,-0.4352
294,0.294,-0.0011,-0.0047,0.0222,-0.0083,-0.098,0.0586
295,0.295,-0.0015,-0.003,0.0233,-0.0066,0.1113,0.2521
296,0.296,-0.0012,-0.0013,0.0213,-0.0041,0.0849,0.3112
297,0.297,-0.0022,0.0012,0.0277,-0.0053,0.1097,0.2592
298,0.298,-0.0059,0.0036,0.0261,-0.0041,0.1323,0.2115
299,0.299,-0.0038,0.0053,0.0288,0.0009,0.1121,0.3428
300,0.3,-0.0026,0.0046,0.0254,0.0016,0.2417,0.9385
301,0.301,-0.0008,0.007,0.0259,-0.0001,0.3596,0.5132
302,0.302,-0.0018,0.0053,0.0214,-0.0006,0.1299,0.125
303,0.303,-0.0002,0.0022,0.0249,-0.0042,-0.0349,-0.228
304,0.304,-0.0044,0.0011,0.0282,0.0008,-0.0653,-0.2931
305,0.305,-0.0102,0,0.0297,0.0044,-0.0928,-0.3516
306,0.306,-0.0065,0.0033,0.0325,0.0038,-0.1175,-0.2992
307,0.307,0.0012,-0.0006,0.0246,0.0055,-0.0953,-0.2514
308,0.308,-0.0019,0.0041,0.0075,0.006,-0.1563,-0.8193
309,0.309,0.0008,-0.0002,0.0198,0.0071,-0.3971,-0.7423
310,0.31,0.0016,0.0015,0.031,0.0051,-0.2331,-0.2493
311,0.311,0.0023,0,0.0372,0.0025,-0.0238,0.0721
312,0.312,-0.0013,0.0022,0.0392,0.0057,0.1125,0.2478
313,0.313,0.0017,-0.0007,0.0479,0.0009,0.0885,0.3014
314,0.314,0.0033,-0.0003,0.0251,-0.0008,0.1112,0.35
315,0.315,0.0038,0.002,-0.0044,0.0044,0.1318,0.2193
316,0.316,0.0041,-0.0017,-0.016,0.0024,0.1136,0.5767
317,0.317,0.0021,-0.0013,-0.0192,0.0007,0.3661,0.9133
318,0.318,0.0039,0.0007,-0.0156,0.0012,0.3303,0.4325
319,0.319,0.0006,-0.0003,-0.0123,-0.0014,0.1002,-0.0168
320,0.32,0.0035,-0.0027,-0.0037,-0.0002,-0.109,-0.1925
321,0.321,0.0024,0.001,-0.0105,0.0001,-0.0825,-0.2463
322,0.322,0.0027,0.0007,-0.0033,0.0026,-0.1073,-0.295
323,0.323,0.0031,-0.0014,-0.0007,0.0071,-0.1298,-0.2518
324,0.324,0.0005,-0.0039,-0.0057,0.0002,-0.1096,-0.371
325,0.325,0.0022,0.0013,-0.0067,-0.0025,-0.2762,-0.9124
326,0.326,0.0004,0.0035,-0.0015,-0.0051,-0.3882,-0.5257
327,0.327,0.0035,-0.0029,-0.0078,0.0019,-0.1643,-0.0323
328,0.328,-0.0021,-0.0004,-0.0108,-0.0027,0.0451,0.1612
329,0.329,0,0.0066,-0.0068,-0.0086,0.073,0.2202
330,0.33,0.0007,0.0001,-0.0051,-0.0079,0.1473,0.2735
331,0.331,0.0002,-0.0024,-0.0052,-0.0015,0.1253,0.2257
332,0.332,0.0007,-0.0017,-0.007,-0.0023,0.1053,0.2696
333,0.333,-0.0008,0.0003,-0.0041,-0.0045,0.1611,0.7857
334,0.334,0.0004,-0.0027,-0.0084,0.0005,0.4138,0.7158
335,0.335,0,0.0002,-0.0073,0.0022,0.2336,0.2672
336,0.336,0.001,0.0017,-0.0061,0.0005,0.0034,-0.1411
337,0.337,0.0027,-0.0013,-0.0029,-0.002,-0.0865,-0.1954
338,0.338,0.0004,-0.0033,-0.001,-0.0008,-0.114,-0.2444
339,0.339,0.0046,-0.0043,-0.0067,0.0056,-0.1387,-0.2888
340,0.34,0.0004,-0.0033,-0.0069,0.0048,-0.1165,-0.1705
341,0.341,-0.0001,0.0011,-0.0036,-0.0011,-0.0962,-0.6398
342,0.342,-0.0016,-0.0017,-0.0037,-0.0048,-0.3739,-0.9602
343,0.343,0.0006,-0.0075,-0.0051,0.003,-0.3344,-0.4371
344,0.344,-0.0033,0.001,-0.0039,0.002,-0.0815,0.0565
345,0.345,-0.0028,0,-0.0028,0.0048,0.0834,0.2497
346,0.346,0.0015,0.0011,-0.008,0.0022,0.1139,0.3086
347,0.347,-0.0014,0.002,-0.0081,0.0029,0.1413,0.2563
348,0.348,0.0002,0.0012,-0.0068,0.0009,0.1172,0.2086
349,0.349,0.0033,-0.0041,-0.0068,0.004,0.0951,0.3396
350,0.35,0.0013,-0.002,-0.0092,-0,0.2784,0.9351
351,0.351,-0.0006,0.0023,-0.0072,0.0048,0.4018,0.5097
352,0.352,-0.0022,0.0064,-0.007,0.0006,0.1552,0.1212
353,0.353,0.0022,0.0039,-0.0069,0.0047,-0.0752,-0.2318
354,0.354,-0.0018,-0.0031,-0.0062,0.0012,-0.1056,-0.2969
355,0.355,0.0018,0.0022,-0.011,0.0016,-0.133,-0.2396
356,0.356,-0.0004,0.0068,-0.0069,-0.0023,-0.1087,-0.2929
357,0.357,0.0025,0.0009,-0.0045,-0.0048,-0.0865,-0.245
358,0.358,-0.0016,0.0016,-0.0072,-0.0026,-0.1882,-0.8128
359,0.359,0.0001,-0.0004,-0.0074,0.0013,-0.4289,-0.7357
360,0.36,0.0027,0.0001,-0.0046,-0.0012,-0.2649,-0.2427
361,0.361,0.0015,-0.0016,-0.0104,-0.0008,0.0042,0.2067
362,0.362,-0.0049,-0.0011,-0.0076,-0.002,0.1131,0.2661
363,0.363,-0.0002,0.0012,-0.0066,-0.0001,0.0807,0.3197
364,0.364,0.0023,0.0009,-0.0099,0.0045,0.1107,0.2724
365,0.365,0.0002,-0.001,-0.0139,-0.0025,0.138,0.2294
366,0.366,0.0009,0.0014,-0.005,0.0021,0.1136,0.5868
367,0.367,-0.0008,0.0038,-0.006,0.003,0.3601,0.9235
368,0.368,0.001,0.004,-0.0114,-0.0008,0.3274,0.3554
369,0.369,0.0015,0.0001,-0.004,0.0013,0.1183,-0.0329
370,0.37,-0.0006,0.0006,-0.0123,0.003,-0.0721,-0.245
371,0.371,-0.0003,0.0042,-0.0089,0.0058,-0.0974,-0.3098
372,0.372,-0.0008,0.0005,-0.0105,-0.0001,-0.1318,-0.2952
373,0.373,-0.0017,0.0027,-0.0073,-0.0058,-0.1098,-0.2375
374,0.374,-0.0007,-0.0012,-0.0063,-0.0065,-0.0898,-0.3958
375,0.375,-0.0051,0.0024,-0.0104,-0.0072,-0.2566,-0.9244
376,0.376,0.0037,-0.0027,-0.0109,-0.0115,-0.4137,-0.5731
377,0.377,-0.0025,-0.0006,-0,-0.0132,-0.1899,0.0038
378,0.378,-0.0015,-0.0011,0.0231,-0.0054,0.0194,0.2377
379,0.379,-0.0025,-0.0006,0.0265,-0.0064,0.1012,0.309
380,0.38,-0.0017,-0.0011,0.0355,-0.0034,0.126,0.2457
381,0.381,-0.0025,-0.0023,0.0494,-0.0007,0.0591,0.3045
382,0.382,-0.0003,-0.0043,0.0519,-0.0016,0.0795,0.2521
383,0.383,-0.001,0.0007,0.0455,0.0037,0.172,0.7807
384,0.384,-0.0015,-0.0028,0.0151,0.0001,0.4243,0.711
385,0.385,0.0002,-0.0011,0.0021,0.0018,0.244,0.2625
386,0.386,0.0017,-0.0016,-0.0016,0.0001,0.0136,-0.1457
387,0.387,0.0039,0.0009,-0.0049,0.0016,-0.0766,-0.1998
388,0.388,0,-0.0042,-0.0015,-0.0007,-0.1043,-0.2485
389,0.389,-0.0025,-0.0077,-0.0041,0.0022,-0.1292,-0.2926
390,0.39,0.0025,-0.0072,0.0042,0.004,-0.1071,-0.174
391,0.391,-0.0024,-0.0044,0.0021,-0.0006,-0.1276,-0.571
392,0.392,0.0033,-0.0059,0.0045,0.0025,-0.3684,-0.941
393,0.393,0.0011,-0.0008,0.0028,0.0053,-0.3359,-0.4123
394,0.394,-0.0038,-0.0002,0.0012,0.0038,-0.0671,0.0814
395,0.395,-0.0043,0.0029,0.0031,0.0034,0.1139,0.2748
396,0.396,-0.0108,-0.0012,0.0019,0.0037,0.0817,0.2179
397,0.397,-0.003,0.0013,0.0035,-0.0021,0.1117,0.2714
398,0.398,-0.0021,0.0025,0.0027,0.0005,0.139,0.2238
399,0.399,0.0006,0.0005,0.002,-0.0033,0.1145,0.3549
400,0.4,-0.0019,0.0015,0.0013,-0.0053,0.2712,0.9505
401,0.401,0.0002,-0.0031,0.0043,-0.0059,0.4136,0.5251
402,0.402,-0.0005,-0.0015,0.0004,-0.0042,0.1727,-0.0179
403,0.403,-0.001,0.0014,0.0001,0.0015,-0.0579,-0.2302
404,0.404,0.0007,0.005,0.004,-0.0022,-0.0884,-0.2953
405,0.405,0.0054,0.0027,0.0039,0.0055,-0.1159,-0.3539
406,0.406,0.0037,0.0047,0.0037,0.0045,-0.1408,-0.4072
407,0.407,0.0008,0.0022,0.0046,0.0017,-0.1187,-0.2633
408,0.408,0.0012,-0.0017,0.0092,0.0059,-0.1797,-0.7438
409,0.409,0.0042,0.0018,0.002,0.0007,-0.4206,-0.8081
410,0.41,-0.0005,0.004,-0.0028,0.0027,-0.2567,-0.1679
411,0.411,-0,-0.0008,-0.0033,0.0044,0.0124,0.2595
412,0.412,-0.0041,-0.0039,0.0014,0.0038,0.1212,0.1838
413,0.413,0.0016,-0.001,-0.0004,0.0003,0.0889,0.2547
414,0.414,-0.0007,0.0005,-0.0035,-0,0.1189,0.3193
415,0.415,-0,0.0016,-0.0014,0.002,0.1462,0.2617
416,0.416,-0.0017,0.0004,0.0019,-0.0022,0.1218,0.6314
417,0.417,-0.0012,-0.0022,-0.0002,-0.0005,0.3683,0.8721
418,0.418,-0.0018,-0.0019,-0.0001,-0.001,0.3356,0.3915
419,0.419,0.0024,-0.0022,-0.0052,-0.0014,0.1267,-0.0577
420,0.42,-0.0005,-0.0048,-0.001,-0.0002,-0.0637,-0.2334
421,0.421,0.001,0.0004,0.003,0.0024,-0.0889,-0.2872
422,0.422,-0.0012,0.0041,0.0004,0.004,-0.1115,-0.3359
423,0.423,0.0035,0.0005,0.0025,0.003,-0.1321,-0.2054
424,0.424,0.004,0,0.0045,0.0017,-0.0768,-0.3244
425,0.425,0.0023,0.0005,0.0038,-0.0022,-0.2619,-0.8657
426,0.426,0.0018,0.003,0.0022,0.003,-0.4345,-0.6338
427,0.427,0.0014,-0.0021,0.0052,-0.0019,-0.1879,0.0007
428,0.428,0.0034,0.0028,0.0033,-0.0024,0.0426,0.2577
429,0.429,-0.0001,0.0011,0.0014,-0.0007,0.0731,0.1815
430,0.43,0.0011,0.0016,-0.0007,0.0018,0.1006,0.2524
431,0.431,0.0007,0,0.0036,-0.0032,0.1255,0.3168
432,0.432,0.0017,-0.0022,0.0045,-0.0012,0.1033,0.259
433,0.433,-0.0006,-0.0018,-0.0012,-0.0007,0.1644,0.8401
434,0.434,0.0011,0.0024,-0.0001,0.001,0.4054,0.7632
435,0.435,0.0012,0.0007,0.0023,0.0036,0.2415,0.2702
436,0.436,0.0011,0.0002,0.0019,0.0006,0.0325,-0.179
437,0.437,-0.0001,0.0032,0.0003,0.0009,-0.1036,-0.2382
438,0.438,-0.0002,0.0071,0.0022,0.0012,-0.1286,-0.2914
439,0.439,0.0011,0.0036,-0.0013,-0.0004,-0.1511,-0.2438
440,0.44,0.0023,-0.0034,0.0018,-0.0021,-0.131,-0.2006
441,0.441,-0.0002,-0.0003,0.0022,-0.0035,-0.1126,-0.558
442,0.442,0.0008,0.0005,-0.0013,0.0004,-0.365,-0.8946
443,0.443,0.0012,0.0014,-0.0025,-0.0024,-0.329,-0.414
444,0.444,0.0014,-0.0008,-0.0005,0.0023,-0.0988,0.0353
445,0.445,0.0008,-0.0001,-0.0032,0.0018,0.1105,0.2111
446,0.446,0.0035,-0.0017,-0.0029,-0.0046,0.0842,0.2648
447,0.447,-0.0004,0.0012,-0.0062,-0.0003,0.1583,0.3135
448,0.448,-0.0008,0.0017,-0.0038,-0.0025,0.1363,0.2702
449,0.449,-0.003,-0.0013,-0.0044,-0.0005,0.0756,0.3894
450,0.45,-0.0033,-0.0016,-0.003,0.0038,0.2794,0.9307
451,0.451,-0.0051,-0.0035,-0.0035,-0.0003,0.4151,0.5441
452,0.452,-0.004,-0.0011,-0.0022,-0.0007,0.1441,0.0507
453,0.453,0.0004,-0.0014,-0.0063,-0.0011,-0.037,-0.2708
454,0.454,0.0022,0.0012,-0.0084,0.0019,-0.0706,-0.214
455,0.455,0.0007,0.0029,-0.0019,-0.0007,-0.1007,-0.2676
456,0.456,0.0037,0.0033,-0.0055,-0.0017,-0.128,-0.3162
457,0.457,-0.0001,0.0003,-0.0033,0.0007,-0.1037,-0.273
458,0.458,0.0015,-0.0009,-0.0098,-0.0035,-0.1708,-0.7891
459,0.459,-0.0016,-0.0019,-0.0125,-0.0077,-0.4354,-0.8597
460,0.46,0.0005,0.002,-0.0111,-0.0082,-0.2552,-0.2834
461,0.461,0.0015,0.0026,-0.0148,-0.0077,-0.0248,0.2601
462,0.462,0.0012,0.0014,-0.0159,-0.0107,0.125,0.1913
463,0.463,-0.0004,-0.0014,-0.015,-0.0051,0.0984,0.2561
464,0.464,0.0021,0.0004,-0.0145,0.0018,0.1232,0.3148
465,0.465,0.0018,0.0051,-0.02,0.001,0.1011,0.1568
466,0.466,-0.0026,0.0009,-0.0149,0.0019,0.1215,0.5893
467,0.467,0.0015,0.0014,-0.0163,0.0041,0.3622,0.8802
468,0.468,-0.001,-0.0033,-0.015,-0.0008,0.3296,0.4045
469,0.469,-0.0006,-0.0037,-0.0141,0.0034,0.1205,-0.0448
470,0.47,-0.0018,0.0004,-0.0153,0.0086,-0.0698,-0.2206
471,0.471,0.0024,-0.0032,-0.0197,0.0066,-0.095,-0.2743
472,0.472,-0.0028,-0.0001,-0.0216,0.0024,-0.1178,-0.3231
473,0.473,-0.0026,0.0006,-0.0215,0.0105,-0.1365,-0.2382
474,0.474,-0.0006,0.0019,-0.022,0.0029,-0.0758,-0.3694
475,0.475,0.0036,0.0037,-0.0237,0.0059,-0.2796,-0.9651
476,0.476,0.002,0.0021,-0.0269,0.0068,-0.4153,-0.5397
477,0.477,-0.0038,-0.0023,-0.0321,-0.001,-0.1935,0.0032
478,0.478,-0.0001,-0.0051,-0.0242,-0.002,0.0158,0.2158
479,0.479,-0.0021,-0.0036,-0.0061,0.0026,0.0976,0.2808
480,0.48,-0.0026,-0.0024,0.0121,0.0051,0.1225,0.3393
481,0.481,0.0014,0.0005,0.0185,-0.0001,0.1003,0.287
482,0.482,-0.0033,0.0015,0.011,0.0005,0.0395,0.2392
483,0.483,-0.0028,-0.0008,0.0204,0.0048,0.1321,0.8071
484,0.484,0.0024,0.0016,0.0214,-0.0005,0.3846,0.7301
485,0.485,0.0031,-0.0015,0.0223,0.0015,0.2765,0.0961
486,0.486,-0.0052,-0.0053,0.0231,0.0032,0.0461,-0.3312
487,0.487,-0.002,-0.0028,0.0236,-0.002,-0.1037,-0.2555
488,0.488,-0.003,0.0014,0.0317,0.0029,-0.0771,-0.1862
489,0.489,-0.0022,0.0019,0.0206,-0.0014,-0.1021,-0.251
490,0.49,-0.0048,-0.0006,0.0269,0.0015,-0.1247,-0.1934
491,0.491,-0.0026,0.0006,0.0199,-0.0043,-0.1046,-0.5632
492,0.492,-0.0033,-0.0023,0.0203,-0.0065,-0.3454,-0.8999
493,0.493,-0.0016,-0.0004,0.0269,-0.0045,-0.3128,-0.4194
494,0.494,-0.0069,0.0028,0.0199,-0.004,-0.1039,0.1577
495,0.495,-0.0062,0.0007,0.0271,-0.0057,0.0864,0.2363
496,0.496,-0.0058,-0.0018,0.0275,-0.0021,0.1116,0.3075
497,0.497,-0.0017,0.0005,0.0316,-0.0091,0.1342,0.2442
498,0.498,-0.0002,0.0002,0.032,-0.0101,0.1141,0.3026
499,0.499,0.0001,0.0008,0.0322,-0.0092,0.0958,0.3554
500,0.5,0.0048,0.0015,0.0367,-0.005,0.2472,0.884
501,0.501,0.0053,-0.0023,0.0458,-0.0012,0.4305,0.6734
502,0.502,0.0035,-0.0038,0.0524,-0.0019,0.2085,0.0965
503,0.503,0.006,0.0004,0.0382,-0.0002,-0.0608,-0.1375
504,0.504,0.0048,0.0009,0.01,0.0038,-0.0976,-0.2089
505,0.505,0.0019,0.0003,-0.0102,-0.0029,-0.1308,-0.2736
506,0.506,0.0045,0.0015,-0.0068,-0.0002,-0.161,-0.3321
507,0.507,0.0005,0.0044,-0.0102,0.004,-0.1342,-0.1742
508,0.508,0.0041,-0.0014,-0.0132,0.0047,-0.1589,-0.7989
509,0.509,0.0029,-0.0023,-0.0052,0.0053,-0.4056,-0.8844
510,0.51,0.0016,-0.0017,-0.0076,0.0048,-0.2416,-0.1872
511,0.511,0.002,0.0019,-0.0142,0.0019,-0.0325,0.0952
512,0.512,-0.0033,-0.0024,-0.0081,0.0004,0.1036,0.1818
513,0.513,0.0004,-0.0053,-0.0136,0.0016,0.1286,0.2598
514,0.514,0.0024,-0.0038,-0.0119,0.0045,0.1511,0.3306
515,0.515,0.0041,-0.0042,-0.0072,0.0026,0.131,0.1391
516,0.516,0.0023,-0.0089,-0.011,0.0016,0.1125,0.5458
517,0.517,0.0008,-0.0059,-0.0146,-0.0021,0.3649,0.9158
518,0.518,0.003,-0.0043,-0.0066,0.0001,0.329,0.387
519,0.519,0.0001,0.0004,-0.0093,0.0013,0.0988,-0.1067
520,0.52,0.0036,0.0046,-0.0117,0.0002,-0.051,-0.1722
521,0.521,0.0024,0.0051,-0.0106,0.0055,-0.0788,-0.2314
522,0.522,-0.0015,-0.0007,-0.0139,0.0002,-0.153,-0.2849
523,0.523,-0.001,0.0015,-0.0071,0.0009,-0.1311,-0.2374
524,0.524,0.0002,0.0035,0.0062,-0.0022,-0.111,-0.3687
525,0.525,-0.0002,0.004,0.0308,0.0007,-0.2778,-0.9644
526,0.526,-0.002,0.0011,0.0411,-0.0051,-0.4348,-0.7095
527,0.527,-0.0024,0.0046,0.0445,-0.0014,-0.1702,-0.0117
528,0.528,-0.0021,0.0003,0.0423,0.0006,0.0108,0.2708
529,0.529,-0.0014,0.002,0.0256,0.0011,0.1099,0.1869
530,0.53,0.0025,0.0025,0.0106,-0.0006,0.14,0.2649
531,0.531,-0.0004,-0.0018,-0.0031,-0.0001,0.1132,0.3355
532,0.532,-0.0019,0.0034,-0.0043,0.0069,0.0888,0.2716
533,0.533,-0.0022,-0.0001,-0.0021,0.0038,0.156,0.7947
534,0.534,-0.0011,0.0004,-0.0031,0.0011,0.4206,0.7247
535,0.535,-0.0021,0.0032,-0.004,-0.0015,0.2403,0.2761
536,0.536,0.0003,0.0057,0.0002,0.0038,0.01,-0.1324
537,0.537,0.0027,0.0035,-0.0025,0.0044,-0.0801,-0.1868
538,0.538,-0.0015,0.0015,-0.0051,0.0039,-0.1077,-0.3316
539,0.539,-0.0009,-0.0036,-0.0038,0.001,-0.1325,-0.2885
540,0.54,-0.005,0.0042,-0.0043,0.0025,-0.1104,-0.2492
541,0.541,-0.0002,-0.0011,-0.0033,-0.0044,-0.0902,-0.5741
542,0.542,0.004,-0.0002,-0.005,-0.0074,-0.368,-0.9676
543,0.543,0.0023,-0.001,-0.0064,-0.0047,-0.3286,-0.3863
544,0.544,0.0029,0.0012,-0.0066,-0.0056,-0.1479,0.0022
545,0.545,-0.0022,0.0019,-0.01,-0.0034,0.0826,0.2146
546,0.546,-0.0015,0.0024,-0.0076,-0.0069,0.113,0.2794
547,0.547,-0.001,0.0019,-0.0071,-0.0074,0.1404,0.3381
548,0.548,-0.0004,0.0034,-0.008,-0.0079,0.1163,0.2857
549,0.549,0.0011,-0.0017,-0.0082,-0.0084,0.0941,0.3339
550,0.55,-0,0.0033,-0.0085,-0.0015,0.2774,0.9018
551,0.551,0.0012,-0.0025,-0.0111,0.0038,0.4007,0.6699
552,0.552,-0.0013,-0.0018,-0.0073,0.003,0.199,0.0357
553,0.553,0.0011,-0.0024,-0.0059,0.0038,-0.0457,-0.2211
554,0.554,-0.0006,-0.0007,-0.0064,0.0076,-0.0792,-0.2996
555,0.555,0.0008,-0.0024,-0.0106,0.0056,-0.1094,-0.2301
556,0.556,0.0032,0.0012,-0.0084,0.0014,-0.1367,-0.2947
557,0.557,-0.0019,0,-0.013,0.0019,-0.1124,-0.2371
558,0.558,0.0017,0.0004,-0.0117,-0.0028,-0.1797,-0.8183
559,0.559,0.0048,-0.0053,-0.0074,0.0014,-0.4035,-0.7415
560,0.56,0.0019,-0.0011,-0.0174,0.0032,-0.2546,-0.2488
561,0.561,-0.0006,0.0012,-0.0166,0.0017,-0.01,0.2006
562,0.562,-0.0018,-0.0037,-0.0208,-0.0025,0.0893,0.2599
563,0.563,-0.0006,-0.0006,-0.0158,0.0027,0.1196,0.3134
564,0.564,-0.0002,-0.0023,-0.0174,0.0021,0.147,0.2658
565,0.565,-0.0019,-0.0007,-0.0171,0.0051,0.1228,0.2227
566,0.566,-0.0016,-0.0004,-0.0152,0.0068,0.1006,0.58
567,0.567,-0.0002,-0,-0.0195,0.0033,0.3652,0.9167
568,0.568,-0.0009,0.0019,-0.0209,0.0029,0.3294,0.4362
569,0.569,0.0003,0.0043,-0.0221,0.0001,0.0994,-0.013
570,0.57,0.0005,0.0026,-0.0233,0.0058,-0.0504,-0.1887
571,0.571,0.0018,0.0013,-0.0287,0.0067,-0.0781,-0.2423
572,0.572,0.0009,-0.0004,-0.0264,-0.0003,-0.1521,-0.291
573,0.573,0.0035,-0.002,-0.0277,0.0006,-0.1301,-0.2479
574,0.574,-0.0016,0.0006,-0.0276,-0.005,-0.0953,-0.3432
575,0.575,0.0007,0.0038,-0.0309,-0.0025,-0.2786,-0.9389
576,0.576,0.0058,0.0035,-0.0294,-0.0003,-0.4019,-0.6839
577,0.577,-0.0049,0.0032,-0.0282,-0.0039,-0.2002,-0.1409
578,0.578,-0.0003,0.0006,-0.0332,-0.0044,0.0446,0.2125
579,0.579,0.0037,0.0059,-0.0252,-0.0061,0.0781,0.2779
580,0.58,-0.0025,-0.0025,-0.007,-0.0076,0.1085,0.3366
581,0.581,-0.0081,-0.0015,0.0003,-0.0015,0.1359,0.2844
582,0.582,0.0014,-0.0025,0.0067,0.001,0.1116,0.2367
583,0.583,-0.0049,0.0021,0.0171,-0.0027,0.1789,0.8048
584,0.584,-0.0127,-0.0021,0.0142,0.0022,0.4436,0.728
585,0.585,-0.0097,-0.0015,0.0079,0.0027,0.2635,0.2351
586,0.586,-0.0012,-0.005,0.0122,0.0022,0.0332,-0.214
587,0.587,-0.0002,-0.0008,0.0129,0.0028,-0.1165,-0.2733
588,0.588,0.0028,-0.0048,0.0163,-0.0042,-0.144,-0.3267
589,0.589,0.0037,-0.0074,0.0218,-0.0072,-0.1197,-0.2792
590,0.59,-0.0006,-0.007,0.0267,-0.0064,-0.1422,-0.2359
591,0.591,0.0001,-0.005,0.0208,-0.0005,-0.1219,-0.5932
592,0.592,0.0007,-0.0008,0.0061,-0.0027,-0.3627,-0.9297
593,0.593,0.0012,0.0044,0.0035,-0.0048,-0.33,-0.4491
594,0.594,0.0053,0.0051,0.0122,0.0022,-0.121,0.1281
595,0.595,0.0017,0.0034,0.0167,-0.0043,0.0695,0.207
596,0.596,0.0039,-0.0018,0.0208,-0.0017,0.0458,0.2781
597,0.597,-0.0008,-0.0054,0.0217,-0.0011,0.1134,0.3428
598,0.598,-0.0039,-0.0012,0.025,0.0009,0.134,0.2853
599,0.599,0.0013,-0.0029,0.0256,0.0014,0.1158,0.3385
600,0.6,-0.0007,0.0006,0.0325,0.0031,0.2673,0.8671
601,0.601,-0.0013,0.0048,0.0331,-0.0004,0.4099,0.5159
602,0.602,-0.003,-0.0016,0.0387,-0.0016,0.2061,0.0672
603,0.603,0.0018,-0.0042,0.0363,0.0048,-0.0384,-0.225
604,0.604,-0.0013,0.0027,0.041,0.0002,-0.0719,-0.1734
605,0.605,0.0016,-0,0.0379,0.0028,-0.102,-0.2222
606,0.606,0.001,-0.0043,0.0406,-0.001,-0.1293,-0.2664
607,0.607,0.0041,-0.0021,0.0484,-0.0003,-0.1049,-0.2271
608,0.608,0.0029,-0.0015,0.0494,0.0014,-0.1273,-0.7685
609,0.609,0.001,0.0016,0.04,-0.0027,-0.4325,-0.8463
610,0.61,-0.0007,0.001,0.0211,0.0008,-0.3016,-0.2125
611,0.611,-0.0017,0.0035,-0.0089,0.0005,-0.0232,0.2149
612,0.612,0.0001,-0.0034,-0.0048,-0.0016,0.0858,0.2935
613,0.613,-0.0006,-0.0004,-0.0081,-0.0006,0.1191,0.2242
614,0.614,0.0011,0.0023,-0.0111,0.0018,0.1492,0.2888
615,0.615,0.0025,-0.0003,-0.002,0.0028,0.1225,0.2311
616,0.616,0.0035,0.0019,-0.0044,0.0009,0.0981,0.4952
617,0.617,0.0046,0.0054,-0.0063,0.0021,0.3446,0.9279
618,0.618,0.0031,0.0024,-0.0037,0.0022,0.3776,0.4046
619,0.619,0.0026,0.0018,-0.0053,0.0042,0.1088,-0.0892
620,0.62,0.0014,0.0013,-0.0029,0.0066,-0.0723,-0.1547
621,0.621,0.0019,-0.0009,-0.0007,0.0069,-0.1057,-0.2137
622,0.622,0,-0.0006,-0.0017,0.0076,-0.1358,-0.2673
623,0.623,-0.0003,0.003,-0.0024,0.0052,-0.109,-0.2199
624,0.624,0.0003,-0.0032,-0.0055,0.0008,-0.0847,-0.3512
625,0.625,0.0027,0.0046,-0.0038,0.0025,-0.2416,-0.9469
626,0.626,-0.0024,0.0016,-0.0062,-0.0011,-0.425,-0.6921
627,0.627,-0.0059,0.0024,-0.0119,-0.0042,-0.2031,-0.1492
628,0.628,-0.0017,-0.0035,-0.0086,-0.0054,0.0062,0.2039
629,0.629,-0.0012,0.0017,-0.0101,-0.0079,0.0882,0.269
630,0.63,-0.0028,-0.0019,-0.0113,-0.004,0.1131,0.3277
631,0.631,0.0003,-0.0024,-0.0062,-0.0045,0.1357,0.2755
632,0.632,-0.0001,0.0005,-0.0095,-0.0057,0.1156,0.2277
633,0.633,-0.0026,0.001,-0.0102,-0.0054,0.1711,0.7955
634,0.634,-0.0016,-0.0021,-0.0064,-0.0079,0.4236,0.7187
635,0.635,-0.0046,0.0008,-0.0077,-0.0027,0.2434,0.2257
636,0.636,-0.0021,0.0011,-0.0051,0.0026,0.013,-0.2237
637,0.637,0.0003,0.0035,-0.0096,0.0046,-0.0771,-0.2834
638,0.638,-0.0007,0.0005,-0.0052,0.0016,-0.1048,-0.2315
639,0.639,-0.0009,0.0008,-0.0081,0.0011,-0.1297,-0.2803
640,0.64,0.0031,0.0032,-0.0044,0.0026,-0.1076,-0.237
641,0.641,0.0002,-0.0012,-0.0079,0.0029,-0.0875,-0.5149
642,0.642,-0.0013,-0.0017,-0.0038,-0.0018,-0.3653,-0.9122
643,0.643,0.001,-0.0053,-0.0094,0.0025,-0.4051,-0.4364
644,0.644,0.0022,0.0017,-0.0064,0.003,-0.1524,0.1409
645,0.645,0.0048,0.0048,-0.0023,0.0035,0.0781,0.22
646,0.646,0.0016,0.0002,-0.0054,0.0013,0.1084,0.2912
647,0.647,0.002,0.0061,-0.0046,0.001,0.1358,0.2279
648,0.648,0.001,0.0009,-0.0026,-0.0015,0.1116,0.2866
649,0.649,0.0027,0.0003,-0.0039,-0.0019,0.0895,0.3397
650,0.65,0.0017,0.0033,-0.0107,0.0005,0.2728,0.8685
651,0.651,-0.002,0.0016,-0.0115,0.0043,0.3962,0.658
652,0.652,-0.0015,0.0002,-0.0088,0.0018,0.1944,0.0812
653,0.653,-0.0018,-0.0002,-0.0113,-0.0004,-0.0502,-0.1526
654,0.654,-0.0021,-0.004,-0.012,-0.006,-0.0837,-0.2238
655,0.655,-0.0024,-0.0035,-0.0142,0.001,-0.1139,-0.2883
656,0.656,-0.0041,-0.0013,-0.0101,0.0002,-0.1413,-0.2306
657,0.657,-0.0037,-0.0016,-0.0144,0.0044,-0.117,-0.1779
658,0.658,0.0006,0.0019,-0.013,0.0008,-0.1394,-0.8025
659,0.659,0.0001,0.0041,-0.0145,0.0028,-0.4041,-0.8879
660,0.66,0.0042,0.003,-0.0136,-0.0002,-0.2962,-0.1905
661,0.661,0.0037,0.0004,-0.0114,0.0016,-0.0003,0.0923
662,0.662,0.0015,-0.0034,-0.0128,-0.002,0.1194,0.179
663,0.663,0.0003,-0.004,-0.0156,0.0003,0.0839,0.2573
664,0.664,0,-0.0018,-0.0162,0,0.117,0.3282
665,0.665,0.0017,-0.0029,-0.0165,-0.0035,0.147,0.2647
666,0.666,0.0041,-0.0033,-0.0138,-0.0004,0.12,0.5555
667,0.667,0.0028,-0.0009,-0.0171,0.0017,0.3418,0.9256
668,0.668,-0.0011,-0.0012,-0.0234,-0.0025,0.3717,0.3972
669,0.669,0.0006,0.0025,-0.0214,-0.003,0.1275,-0.0964
670,0.67,0.0001,-0.0033,-0.0227,0.0006,-0.1031,-0.1617
671,0.671,0.0023,-0.0011,-0.0197,0.0019,-0.074,-0.2205
672,0.672,0.0019,0.0009,-0.0245,-0.0028,-0.1014,-0.2738
673,0.673,0.003,-0.0008,-0.028,0.0014,-0.1263,-0.2261
674,0.674,-0.0023,-0.0013,-0.0301,0.0031,-0.1041,-0.357
675,0.675,0.0067,-0.0005,-0.0264,0.0002,-0.2526,-0.9372
676,0.676,0.0014,-0.002,-0.0292,-0.0023,-0.436,-0.6596
677,0.677,-0.0006,0.0022,-0.0259,-0.0011,-0.2142,-0.1172
678,0.678,0.0036,0.0027,-0.0301,0.0028,0.055,0.2713
679,0.679,-0.0017,0.0012,-0.0277,-0.0008,0.0917,0.2025
680,0.68,-0.0023,-0.001,-0.0219,0.0004,0.1249,0.2673
681,0.681,-0.004,-0.0031,-0.0084,-0.0008,0.155,0.3259
682,0.682,-0.0012,0.002,0.0094,0.005,0.1281,0.1679
683,0.683,-0.0027,-0.003,0.0212,0.0025,0.1527,0.7927
684,0.684,-0.0005,-0.0035,0.0184,0.0018,0.3993,0.8782
685,0.685,-0.0017,-0.0099,0.0158,0.0011,0.301,0.3359
686,0.686,0.0008,-0.004,0.0172,-0.0019,0.0319,-0.1579
687,0.687,-0.0031,0.0012,0.0217,-0.0003,-0.0769,-0.2232
688,0.688,-0.0066,-0.0024,0.0227,-0.0018,-0.1103,-0.282
689,0.689,-0.0127,0.0018,0.0236,-0.004,-0.1403,-0.3353
690,0.69,-0.0102,0.0013,0.0269,0.0016,-0.1676,-0.1915
691,0.691,-0.0065,-0.0023,0.032,-0.0036,-0.0939,-0.5847
692,0.692,-0.0058,-0.0001,0.0264,0.0012,-0.3404,-1.0605
693,0.693,-0.0028,0.0019,0.0252,0.0007,-0.3734,-0.4849
694,0.694,-0.0033,0.0029,0.0206,0.0036,-0.1046,0.0583
695,0.695,0.0024,0.0025,0.0288,0.0051,0.0766,0.2707
696,0.696,0.0046,0.0015,0.0317,0.0008,0.0444,0.2078
697,0.697,-0.0003,-0.0016,0.0325,0.0003,0.0746,0.2665
698,0.698,0.0013,-0.0028,0.0331,0.0018,0.1021,0.2141
699,0.699,0.0008,-0.0002,0.0372,-0.0013,0.0777,0.3585
700,0.7,0.0013,-0.002,0.0392,-0.001,0.2795,0.9265
701,0.701,0.0025,0.0011,0.0371,0.0015,0.4153,0.6947
702,0.702,0.0021,-0.0032,0.0465,-0.0024,0.1935,0.0605
703,0.703,0.001,0.0056,0.0561,-0.006,-0.0157,-0.1964
704,0.704,-0.0007,0.0018,0.0397,-0.0057,-0.0975,-0.2749
705,0.705,0.0017,0.005,0.006,-0.0114,-0.1224,-0.3458
706,0.706,-0.0021,0.006,-0.0181,-0.0151,-0.1003,-0.2824
707,0.707,0.0037,0.0014,-0.0135,-0.0103,-0.1208,-0.2246
708,0.708,0.003,0.0022,-0.0095,-0.0045,-0.1392,-0.8058
709,0.709,0.0023,0,-0.0058,-0.0024,-0.3916,-0.8836
710,0.71,0.0017,0.0036,-0.0087,-0.0004,-0.2835,-0.2499
711,0.711,0.0046,0.0005,-0.0056,-0.0047,-0.0532,0.1775
712,0.712,0.002,0.0022,-0.008,-0.0135,0.0967,0.2561
713,0.713,0.0024,0.0027,-0.0004,-0.0148,0.1244,0.3271
714,0.714,0.0052,0.0023,0.0022,-0.0045,0.1493,0.2638
715,0.715,-0.0006,0.0011,-0.0035,0.0024,0.1272,0.2062
716,0.716,0.002,0.003,-0.0012,0.0035,0.1071,0.576
717,0.717,0.0026,-0.0003,0.0009,0.0067,0.3479,0.9127
718,0.718,0.0006,0.0009,0.003,0.0077,0.3809,0.4322
719,0.719,-0.0011,-0.0001,-0.009,0.0068,0.1122,-0.017
720,0.72,0.0005,-0.0033,-0.0068,0.0059,-0.0689,-0.1928
721,0.721,0.001,0.0014,-0.0017,0.0111,-0.1024,-0.2465
722,0.722,0.0071,-0.0043,0.0002,0.0062,-0.1325,-0.2952
723,0.723,-0.0007,-0.0037,-0.0029,0.0119,-0.1056,-0.252
724,0.724,0.0003,-0.0016,-0.0014,0.0049,-0.0812,-0.2918
725,0.725,0.0011,-0.0011,-0.0081,0.0022,-0.2382,-0.8331
726,0.726,0.0002,0.0006,-0.003,0.0047,-0.4215,-0.6014
727,0.727,0.0024,0.0001,-0.0103,0.0084,-0.1997,-0.1082
728,0.728,-0.0011,-0.003,-0.0066,0.0034,0.0092,0.2132
729,0.729,-0.0029,-0.0001,-0.0052,0.0039,0.0908,0.2726
730,0.73,-0.0034,0.0018,-0.0037,0.0034,0.1155,0.326
731,0.731,0.0002,-0.0014,-0.0083,-0.0002,0.1379,0.2786
732,0.732,-0.002,-0.0034,-0.0141,-0.0006,0.1176,0.2353
733,0.733,-0,-0.0031,-0.0076,0.0014,0.136,0.7514
734,0.734,-0.0019,-0.0054,-0.0032,0.0004,0.3882,0.822
735,0.735,-0.0022,-0.0004,-0.0006,0.0036,0.2796,0.2459
736,0.736,-0.0012,0.0032,-0.0096,-0.0003,0.0492,-0.1425
737,0.737,0.0001,0.0015,-0.0077,-0.0039,-0.1005,-0.2142
738,0.738,-0.0032,0.001,-0.0136,0.0003,-0.1281,-0.2788
739,0.739,-0.002,0.0015,-0.0054,-0.0049,-0.1531,-0.3374
740,0.74,0,0.0012,-0.0103,-0.0014,-0.1312,-0.1793
741,0.741,0.0019,0.0009,-0.0091,-0.0019,-0.1113,-0.5156
742,0.742,0.0009,0.0013,-0.008,0.0046,-0.3523,-0.9091
743,0.743,-0.0028,0.001,-0.004,0.0003,-0.3851,-0.4336
744,0.744,-0.0006,-0.0034,-0.0115,0.001,-0.1164,0.0156
745,0.745,0.0042,0.0007,-0.0123,0.0046,0.0642,0.1915
746,0.746,-0,-0.004,-0.0075,-0.0023,0.0972,0.2454
747,0.747,-0.0005,0.0043,-0.0132,-0.0014,0.127,0.2942
748,0.748,0.001,-0.0035,-0.0093,0.0012,0.0999,0.2511
749,0.749,0.0023,0.006,-0.0085,0.0005,0.0753,0.291
750,0.75,-0.0016,0.0024,-0.0079,0.0012,0.232,0.8325
751,0.751,0.002,-0.0008,-0.0119,-0.0004,0.4149,0.6008
752,0.752,-0.001,-0.0038,-0.0134,0.0001,0.1925,0.1076
753,0.753,-0.0006,0.0026,-0.0146,0.0017,-0.0167,-0.2138
754,0.754,-0.0016,0.0052,-0.0125,-0.0013,-0.0985,-0.273
755,0.755,0.0008,0,-0.0151,-0.0016,-0.1235,-0.3265
756,0.756,0.0012,-0.0064,-0.012,-0.0025,-0.1463,-0.2789
757,0.757,-0.0006,0.0048,-0.015,0.0007,-0.1263,-0.2355
758,0.758,-0.0018,0.0003,-0.0126,0.0037,-0.145,-0.7517
759,0.759,-0.001,-0.0011,-0.0144,-0.0005,-0.3976,-0.8223
760,0.76,0.0003,-0.0022,-0.0135,-0.0021,-0.2893,-0.2461
761,0.761,-0.001,0.001,-0.0139,0.0005,-0.0593,0.1425
762,0.762,0.0018,-0.0062,-0.0138,-0.0045,0.0901,0.2141
763,0.763,0.0043,0.0023,-0.0157,0.002,0.1174,0.2788
764,0.764,0.002,-0.0033,-0.0163,-0.0038,0.142,0.3375
765,0.765,-0.0004,0.002,-0.0195,-0,0.1197,0.1796
766,0.766,0.0015,0.0011,-0.0217,0.0021,0.0994,0.516
767,0.767,-0.0002,0.0003,-0.0229,0.0004,0.3401,0.9095
768,0.768,0.0036,0.001,-0.0179,-0.0012,0.3727,0.4339
769,0.769,0,0.0004,-0.0065,-0.0016,0.1037,-0.0153
770,0.77,-0.0012,0.0046,0.0187,-0.0046,-0.0772,-0.1912
771,0.771,0.0036,0.0005,0.0221,0.0019,-0.1104,-0.2451
772,0.772,0.0019,0,0.0317,0.0011,-0.1405,-0.2939
773,0.773,0.0024,0.0031,0.0344,0.0003,-0.1137,-0.2509
774,0.774,0.0019,0.0034,0.037,-0.0003,-0.0893,-0.2908
775,0.775,-0.0011,0.0045,0.0145,0.0017,-0.2462,-0.8322
776,0.776,0.002,-0.0036,-0.0041,0.0031,-0.2169,-0.6586
777,0.777,0.0016,-0.0013,-0.0071,0.0014,-0.0332,-0.1159
778,0.778,-0.0019,-0.0029,-0.0099,0.0043,0.0904,0.2371
779,0.779,-0.0008,-0.0036,-0.0124,0.0028,0.1132,0.1742
780,0.78,-0.0019,0.0003,-0.0103,0.0025,0.1339,0.3488
781,0.781,-0.003,-0.0014,-0.0164,-0.0003,0.1157,0.2964
782,0.782,-0.0019,-0.0029,0.0114,0.0015,0.1327,0.2485
783,0.783,-0.0009,0.0032,0.0153,-0.0031,0.3624,0.7287
784,0.784,-0.0023,0.0074,0.0261,0.0012,0.264,0.793
785,0.785,0.0011,-0.0011,0.0293,0.0007,0.0552,0.269
786,0.786,-0.0031,-0,0.0442,-0.0018,-0.0807,-0.225
787,0.787,-0.0026,-0.0031,0.0415,0.0004,-0.1055,-0.2907
788,0.788,-0.0052,-0.0022,0.0539,-0.0036,-0.1281,-0.3498
789,0.789,-0.0001,0.0003,0.0561,-0.001,-0.1079,-0.2979
790,0.79,-0.0021,-0.0034,0.0337,-0.0061,-0.0895,-0.1545
791,0.791,-0.0005,-0.0014,0.0009,-0.0068,-0.3418,-0.4605
792,0.792,0,-0.0057,-0.0034,0.0001,-0.3777,-0.8977
793,0.793,0.0036,0.002,0.0006,0.0047,-0.1475,-0.4911
794,0.794,-0.0025,-0.0011,-0.0028,-0.0031,0.0618,0.0913
795,0.795,0,-0.0003,-0.0058,-0.0104,0.0895,0.1699
796,0.796,-0.0022,-0.0011,-0.0027,-0.0169,0.1146,0.2409
797,0.797,-0.0002,-0.0064,0.0003,-0.0091,0.1375,0.3053
798,0.798,-0.006,-0.01,-0.0068,-0.0039,0.077,0.2477
799,0.799,-0.0038,-0.0069,0.0001,-0.0012,0.244,0.3005
800,0.8,-0.0045,-0.0029,0.0025,0.0065,0.4011,0.9251
801,0.801,-0.0028,-0.0014,-0.0028,0.0013,0.1774,0.67
802,0.802,-0.0033,-0.0018,-0.0008,0.0004,-0.0314,0.1271
803,0.803,-0.0091,0.0011,-0.005,-0.0005,-0.1128,-0.226
804,0.804,-0.0069,0.0029,-0.0006,-0.0058,-0.0885,-0.2912
805,0.805,-0.0005,0.0046,-0.0014,-0.0009,-0.1109,-0.2339
806,0.806,0.0037,0.0042,0.0001,-0.0027,-0.1313,-0.2873
807,0.807,0.0015,0.0028,-0.0047,-0.0022,-0.1496,-0.2395
808,0.808,0.005,0.0021,-0.0035,-0.008,-0.4019,-0.72
809,0.809,0.002,-0.0016,-0.0072,0.002,-0.2936,-0.7843
810,0.81,0.0036,-0.0022,-0.003,0.0005,-0.0634,-0.2605
811,0.811,0.0051,-0.001,-0.0032,0.0017,0.0863,0.2334
812,0.812,0.0039,0.001,-0.0044,0.0049,0.114,0.1709
813,0.813,0.0086,-0.0009,-0.0056,0.0058,0.139,0.2298
814,0.814,0.0069,0.0023,-0.0015,0.0049,0.1171,0.2834
815,0.815,0.004,0.0019,0.0021,0.0024,0.0566,0.2359
816,0.816,0.0005,0.0008,0.003,0.003,0.2975,0.4544
817,0.817,0.0035,-0.0009,-0.0022,0.005,0.3305,0.8915
818,0.818,0.0015,0.0028,-0.0042,0.0067,0.1218,0.4848
819,0.819,0.0004,0.004,0.0001,0.0072,-0.0682,0.0079
820,0.82,-0.0006,0.006,0.0027,0.0036,-0.0931,-0.1853
821,0.821,-0.0037,0.0034,-0.0062,0.0039,-0.1158,-0.2442
822,0.822,0.0021,-0.0005,0.0041,0.0036,-0.1363,-0.2975
823,0.823,-0.0005,-0.0021,-0.0016,0.0054,-0.081,-0.2498
824,0.824,0.0017,-0.0017,0,0.0001,-0.2324,-0.2935
825,0.825,0.001,0.0003,-0.0004,0.0053,-0.4156,-0.8889
826,0.826,0.0027,-0.0008,0.001,-0.0011,-0.1937,-0.6338
827,0.827,0.0032,0.0009,-0.0044,-0.0003,0.0155,-0.0909
828,0.828,-0.0004,-0.0042,-0.0001,-0.001,0.0973,0.2623
829,0.829,-0.0034,0.0035,-0.0031,0.001,0.1222,0.1997
830,0.83,-0.0014,-0.0017,-0.0021,0.0005,0.1447,0.2584
831,0.831,-0.0004,-0.0026,-0.0033,0.001,0.1245,0.3119
832,0.832,-0.0008,0.0033,-0.0012,-0.0068,0.143,0.1683
833,0.833,0.0016,0.0026,-0.001,-0.0012,0.3954,0.7363
834,0.834,-0.0003,0.0019,0.0015,-0.0065,0.2873,0.8141
835,0.835,-0.0026,-0.0023,0.0023,-0.0001,0.057,0.3214
836,0.836,-0.0016,-0.0018,-0.0011,0.0042,-0.0929,-0.1278
837,0.837,-0.0003,0.0017,-0.0032,-0.0011,-0.1205,-0.1872
838,0.838,-0.0001,0.0005,0.0002,0.0009,-0.1455,-0.2406
839,0.839,0.0006,0.0034,-0.0042,0.0015,-0.1235,-0.2891
840,0.84,0.0011,0.0015,-0.0009,0.0031,-0.1033,-0.2457
841,0.841,0.0021,-0.0031,-0.0002,0.0016,-0.3442,-0.5234
842,0.842,-0.0002,-0.0036,-0.0026,-0.0026,-0.3773,-0.9204
843,0.843,-0.0012,-0.0019,-0.0002,-0.0009,-0.1086,-0.4448
844,0.844,-0.0014,-0.0003,-0.002,-0.0004,0.0724,0.0045
845,0.845,0.0025,-0.0007,-0.0076,-0.0034,0.1058,0.1805
846,0.846,-0.0015,0.0049,-0.0032,0.0005,0.1359,0.2343
847,0.847,-0.001,0.0013,-0.0037,-0.0011,0.109,0.2831
848,0.848,-0.0013,-0.0008,-0.0043,-0.0014,0.0845,0.2401
849,0.849,0.0052,0.0035,-0.0025,-0.001,0.2413,0.2799
850,0.85,-0.0051,0.0007,-0.0007,0.0015,0.4246,0.8213
851,0.851,-0.001,0.0012,0.001,0.0019,0.2027,0.5896
852,0.852,0.0002,0.0009,-0.0041,0.003,-0.0066,0.0963
853,0.853,0.0034,0.0006,-0.0004,0.0016,-0.0885,-0.2251
854,0.854,-0.0018,0.0016,-0.0035,0.0024,-0.1136,-0.1684
855,0.855,0.0028,-0.0007,-0.0017,0.0061,-0.1362,-0.3275
856,0.856,0.0003,-0.001,-0.0012,0.0004,-0.1161,-0.2799
857,0.857,-0.0018,0.0004,-0.0024,-0.0002,-0.1347,-0.2365
858,0.858,-0.0011,-0.0008,-0.0012,0.0033,-0.3871,-0.7527
859,0.859,0.0031,0.003,-0.007,0.0017,-0.2791,-0.8233
860,0.86,-0.0032,-0.0005,-0.0062,0,-0.0489,-0.2471
861,0.861,0.001,-0.0002,-0.0099,-0.0057,0.1009,0.1416
862,0.862,-0.0042,0.0027,-0.0036,-0.0035,0.1285,0.2132
863,0.863,0.0008,-0.0014,-0.0061,-0.007,0.1043,0.2779
864,0.864,-0.0022,-0.0009,-0.0025,-0.0053,0.1269,0.3365
865,0.865,-0.0004,-0.0034,-0.0046,-0.0047,0.1067,0.1784
866,0.866,0.0021,-0.0012,-0.0052,-0.0032,0.3474,0.5149
867,0.867,0.0044,-0.0008,-0.0069,-0.0019,0.3804,0.9084
868,0.868,0.0005,-0.0018,-0.0095,-0.0022,0.1117,0.4328
869,0.869,0.0001,-0.0028,-0.0027,-0.0064,-0.0694,-0.0162
870,0.87,-0.0021,0.0023,-0.0058,0,-0.1028,-0.192
871,0.871,-0.0001,0.0044,-0.0124,0.0043,-0.1329,-0.2458
872,0.872,-0.0019,0.0014,-0.0133,0.0065,-0.1601,-0.2946
873,0.873,0.0005,-0.0015,-0.0127,0.0029,-0.0865,-0.2514
874,0.874,0.0016,0,-0.0093,0.0046,-0.2433,-0.2913
875,0.875,-0.001,0.0012,-0.0124,0.0017,-0.4267,-0.8326
876,0.876,0.0029,0.0009,-0.0061,0.0002,-0.2048,-0.6008
877,0.877,0.0011,0.003,-0.0102,-0.0047,0.0233,-0.0984
878,0.878,0.0037,-0.0006,-0.0078,-0.0025,0.1134,0.2547
879,0.879,0.004,0.0016,-0.0085,0.0014,0.141,0.192
880,0.88,0.0052,0.0029,-0.0107,-0.0022,0.1168,0.2505
881,0.881,0.0001,-0.0007,-0.009,-0.0025,0.0948,0.3039
882,0.882,0.0022,-0.0018,-0.0003,-0.0005,0.1559,0.2562
883,0.883,0.0005,-0.0006,0.0186,-0.0002,0.3967,0.7366
884,0.884,0.001,0.0004,0.0266,0.0015,0.2984,0.8009
885,0.885,-0.0005,-0.0035,0.0339,0.0019,0.0295,0.2771
886,0.886,0.0007,-0.004,0.045,-0.0007,-0.0792,-0.2166
887,0.887,-0.0032,0.0011,0.047,0.0017,-0.1125,-0.282
888,0.888,-0.0027,0.0004,0.0526,-0.0014,-0.1425,-0.2249
889,0.889,-0.0024,0.001,0.0509,0.0044,-0.1157,-0.2783
890,0.89,0.0015,-0.0031,0.0309,0.0052,-0.0912,-0.2306
891,0.891,0.002,-0.0036,0.0062,0.0059,-0.3377,-0.4492
892,0.892,-0.0041,0.0015,-0.0035,0.0023,-0.3706,-0.9656
893,0.893,-0.0016,-0.0063,-0.0006,-0.0019,-0.1616,-0.4735
894,0.894,-0.0023,-0.0053,-0.0033,-0.0002,0.0832,0.1036
895,0.895,-0.0059,-0.008,-0.0008,-0.0037,0.1167,0.1824
896,0.896,-0.0042,-0.0055,0.0015,-0.0026,0.1469,0.2535
897,0.897,-0.0002,-0.0032,0.0036,0.0022,0.1202,0.3181
898,0.898,0.0013,-0.0012,0.0019,0.0017,0.0959,0.2606
899,0.899,-0.0018,0.003,0.0037,0.0022,0.2528,0.3136
900,0.9,-0.0006,0.0013,0.0084,-0.0026,0.3953,0.9383
901,0.901,-0.0017,-0.0012,0.0045,-0.0031,0.1916,0.6833
902,0.902,-0.0041,0.001,0.0058,-0.0048,0.0013,0.1405
903,0.903,0.001,-0.0011,-0.0018,-0.0073,-0.1225,-0.2126
904,0.904,0.0003,0.004,0.0015,-0.0031,-0.1005,-0.2778
905,0.905,-0.0015,0.002,0.0044,-0.0026,-0.1617,-0.3364
906,0.906,-0.0032,0.0015,0.0055,-0.0011,-0.1435,-0.2842
907,0.907,-0.0017,0.0019,0.0035,-0.0008,-0.1603,-0.2364
908,0.908,-0.006,0.0035,0.0058,0.0012,-0.3899,-0.7169
909,0.909,0.0016,0.0004,-0.0009,-0.0013,-0.2916,-0.9091
910,0.91,-0.0057,0.0024,0.0021,0.0039,-0.0226,-0.2691
911,0.911,-0.0066,-0.0033,0.0032,0.0017,0.0862,0.1584
912,0.912,-0.0109,0.0026,-0.0018,0.0023,0.1195,0.2371
913,0.913,-0.001,0.0019,-0.0008,0.0006,0.1496,0.3081
914,0.914,0.0003,0.0025,0.0012,-0.0023,0.1227,0.2448
915,0.915,-0.0034,0.003,-0.0001,-0.0058,0.0983,0.1872
916,0.916,-0.0025,0.0001,-0.0023,0.0011,0.3448,0.4514
917,0.917,0.0005,0.0017,-0.0008,-0.0042,0.3777,0.8841
918,0.918,0.0051,0.0013,0.0016,0.0004,0.1089,0.4774
919,0.919,0.0042,-0.0007,-0.0016,0.0029,-0.0723,0.0004
920,0.92,0.0035,-0.0033,-0.0009,0.0036,-0.1058,-0.193
921,0.921,0.0041,0.0006,-0.0034,0.0085,-0.136,-0.252
922,0.922,0.001,0.0031,0.0013,0.0054,-0.1093,-0.3055
923,0.923,0.0015,0.0009,0.0033,0.0037,-0.085,-0.258
924,0.924,0.0082,0.0048,0.0032,0.0042,-0.2419,-0.3019
925,0.925,0.0036,0.0012,0.0014,-0,-0.4254,-0.8976
926,0.926,0.0044,0.0009,0.0007,0.0005,-0.2036,-0.6427
927,0.927,0.0022,-0.002,0.0036,0.002,0.0056,-0.0999
928,0.928,0.0028,-0.0056,0.0057,0.0008,0.0875,0.2532
929,0.929,0.0059,-0.0034,0.0031,0.0011,0.1124,0.1903
930,0.93,0.0006,-0.0022,0.0038,-0.004,0.135,0.2489
931,0.931,0.0012,0.0013,-0.001,0.0024,0.1149,0.302
932,0.932,0.0029,0.0001,0.0016,-0.0018,0.1333,0.254
933,0.933,-0,-0.0011,-0.0015,-0.0012,0.3857,0.7344
934,0.934,-0.0006,-0.0001,0.002,0.0009,0.2777,0.7985
935,0.935,0.0025,0.0009,-0.004,0.0004,0.0474,0.2747
936,0.936,0.0012,-0.0008,-0.0028,-0.0002,-0.1024,-0.0787
937,0.937,0.0038,0.0029,0.0013,-0.0037,-0.076,-0.2723
938,0.938,0.0034,0.0024,-0.002,-0.0067,-0.1501,-0.3314
939,0.939,-0.0017,0.0002,0.0025,-0.0003,-0.1281,-0.2794
940,0.94,0.0019,-0.001,0.0032,0.0006,-0.108,-0.2318
941,0.941,0.0024,-0.0006,-0.0013,-0.0036,-0.3488,-0.4506
942,0.942,0.0007,-0.003,-0.0042,-0.0058,-0.3818,-0.967
943,0.943,-0.0009,0.0007,-0.0001,-0.0094,-0.113,-0.4749
944,0.944,-0.0005,-0.0005,0.0005,-0.0024,0.0681,0.1021
945,0.945,0.0034,-0.0002,0.0002,0.0003,0.1015,0.181
946,0.946,-0.0044,-0.002,0.0058,0.0011,0.1317,0.252
947,0.947,-0.0012,-0.001,0.0036,-0.0011,0.1592,0.3163
948,0.948,-0.0001,0.0041,-0.0029,0.001,0.0856,0.2587
949,0.949,0.0045,-0.0037,-0.0056,0.0005,0.2425,0.3116
950,0.95,-0.0014,-0.0006,0.0058,0.0033,0.4259,0.8401
951,0.951,0.0023,0.0002,-0.0028,0.0049,0.204,0.6296
952,0.952,0.0044,0.0011,0.0015,0.0045,-0.0052,0.1807
953,0.953,0.0002,-0.0011,0,0.0084,-0.0871,-0.2278
954,0.954,-0.0014,-0.0004,-0.0064,0.0006,-0.1121,-0.1763
955,0.955,0.0001,0.0013,-0.0034,-0.0004,-0.1347,-0.3213
956,0.956,-0.001,0.0018,-0.0089,0.0006,-0.1147,-0.2784
957,0.957,-0.0038,-0.0018,-0.0027,-0.0021,-0.1332,-0.2393
958,0.958,-0.0041,-0.0021,-0.0055,0.0004,-0.3857,-0.7086
959,0.959,-0.0002,-0.0009,-0.0036,0.0011,-0.2777,-0.9009
960,0.96,-0.0006,0.0042,-0.0046,0.0047,-0.0473,-0.2612
961,0.961,0.0025,-0.0007,-0.0055,0.0004,0.1025,0.1662
962,0.962,-0.0031,0.001,-0.0063,-0.0012,0.1302,0.2449
963,0.963,-0.0023,0.0015,-0.0114,-0.0007,0.106,0.3159
964,0.964,0.0027,-0.0011,-0.0076,-0.0019,0.1286,0.2526
965,0.965,-0.0015,-0.0053,-0.0075,0.0019,0.1085,0.1948
966,0.966,-0.0067,-0,-0.0094,0.0004,0.3493,0.459
967,0.967,0.0027,0.0007,-0.015,0.0026,0.3823,0.8918
968,0.968,0.0016,0.0037,-0.0119,0.0006,0.1136,0.4851
969,0.969,0.0006,0.0042,-0.0141,-0.0005,-0.0675,0.0082
970,0.97,-0.0066,0.0047,-0.0119,0.0019,-0.1009,-0.1851
971,0.971,0.002,-0.0022,-0.014,-0.0005,-0.131,-0.2441
972,0.972,0.001,0.0008,-0.0124,0.002,-0.1583,-0.2975
973,0.973,0.0021,-0.0019,-0.0119,0.003,-0.0847,-0.2499
974,0.974,-0.0006,0.0007,-0.016,0.004,-0.2416,-0.2937
975,0.975,0.002,0,-0.0163,-0.0002,-0.4249,-0.8892
976,0.976,0.0027,-0.0035,-0.0122,-0.0007,-0.2031,-0.6342
977,0.977,0.0034,0.0023,-0.0171,-0.0002,0.0062,-0.0912
978,0.978,0.0038,-0.0025,-0.0172,0.0008,0.0907,0.2042
979,0.979,-0.0004,0.0013,-0.0173,0.0013,0.1182,0.2757
980,0.98,0.0025,0.0048,-0.0174,0.0025,0.1431,0.3403
981,0.981,0.0051,-0.0021,-0.0169,-0.004,0.121,0.283
982,0.982,-0.0018,-0.0029,-0.0196,-0.0031,0.1414,0.2307
983,0.983,0.0012,0.0013,-0.0145,-0.0074,0.3822,0.6633
984,0.984,-0.0033,-0.0008,-0.0022,-0.0067,0.2838,0.8382
985,0.985,0.0009,0.0028,0.0139,-0.0088,0.0748,0.3621
986,0.986,-0.0028,0.0011,0.0199,-0.0071,-0.1156,-0.087
987,0.987,0.0021,0.0016,0.0253,-0.0112,-0.0916,-0.2625
988,0.988,-0.0009,0.0001,0.0192,-0.0137,-0.1143,-0.3161
989,0.989,-0.0004,-0.0049,0.027,-0.0087,-0.1349,-0.2686
990,0.99,0.0001,0.0029,0.031,-0.0023,-0.1535,-0.3125
991,0.991,0.0032,-0.0001,0.0208,0.002,-0.3723,-0.5903
992,0.992,-0.0016,-0.001,0.0215,-0.0018,-0.4023,-0.9872
993,0.993,-0.0033,-0.0001,0.0242,0.0018,-0.104,-0.5116
994,0.994,0.0019,-0.0008,0.0309,0.006,0.0156,0.0656
995,0.995,-0.0074,-0.0001,0.035,0.0077,0.0523,0.2995
996,0.996,-0.0086,-0.0031,0.0371,0.0051,0.1511,0.2303
997,0.997,-0.0076,-0.0002,0.0436,0.0094,0.1216,0.295
998,0.998,-0.0086,0.0003,0.0478,0.0017,0.0947,0.2377
999,0.999,-0.0022,-0.0009,0.0379,0.007,0.2671,0.2909
1000,1,-0.0064,0.0047,0.0186,0.0043,0.424,0.9156
1001,1.001,0.0005,0.0025,-0.0119,0,0.2407,0.6608
1002,1.002,0.0032,0.0005,-0.0083,0.0007,-0.0311,0.118
1003,1.003,-0.0028,0.001,-0.005,0.0056,-0.0679,-0.2349
1004,1.004,-0.0006,0.0005,-0.0085,0.0051,-0.1013,-0.1723
1005,1.005,0.0014,0.001,-0.0058,0.0022,-0.1314,-0.2309
1006,1.006,0.0008,0.0022,-0.0088,0.0027,-0.1047,-0.2842
1007,1.007,-0.0009,-0.0043,-0.0113,0.0005,-0.1294,-0.2364
1008,1.008,0.0006,-0.0015,-0.0048,0.0001,-0.4209,-0.7169
1009,1.009,0.0009,-0.0007,-0.0029,-0.0041,-0.3022,-0.9091
1010,1.01,-0.0039,0.0015,-0.0086,-0.0024,-0.0493,-0.2692
1011,1.011,-0.0081,-0.0034,-0.0137,0.0033,0.1154,0.1584
1012,1.012,-0.0077,-0.0017,-0.0061,-0.0004,0.0861,0.2374
1013,1.013,-0.0009,0.0012,-0.0102,0.0031,0.1135,0.3085
1014,1.014,0.0017,0.0017,-0.0064,0.0036,0.1382,0.2452
1015,1.015,0.0008,0.0029,0.0107,0.0041,0.1159,0.1876
1016,1.016,0.0045,-0.0027,0.0332,-0.0026,0.3397,0.4519
1017,1.017,0.0025,0.001,0.0362,0.0038,0.3696,0.8846
1018,1.018,0.0041,-0.001,0.0444,0.0064,0.1252,0.4781
1019,1.019,0.0036,-0.0005,0.0519,-0.0021,-0.1053,0.0011
1020,1.02,0.005,0.0023,0.041,0.0012,-0.0763,-0.1921
1021,1.021,0.002,-0.0002,0.0228,-0.0019,-0.1038,-0.2511
1022,1.022,0.0075,0.004,0.0058,-0.001,-0.1288,-0.3043
1023,1.023,0.0005,-0.0036,0.0039,-0.0036,-0.1067,-0.2568
1024,1.024,0.0013,-0.0067,-0.0019,-0.0073,-0.2085,-0.3006
1025,1.025,-0.0012,-0.004,-0.0034,-0.0137,-0.4124,-0.8961
1026,1.026,0.0025,-0.0032,-0.0115,-0.0077,-0.2228,-0.6412
1027,1.027,0.0045,-0.0069,-0.0065,-0.0008,-0.0004,-0.0982
1028,1.028,-0.0013,0.0037,-0.0048,0.0001,0.0896,0.255
1029,1.029,0.0024,-0.0039,-0.0006,-0.0008,0.1171,0.1925
1030,1.03,0.0088,-0.0053,-0.0034,0.0015,0.1419,0.2513
1031,1.031,0.0009,-0.0041,-0.0019,0.0035,0.1197,0.3047
1032,1.032,-0.0001,-0.0073,-0.0041,0.0052,0.1401,0.1609
1033,1.033,0.0007,-0.0021,-0.0011,0.0012,0.3809,0.729
1034,1.034,-0.0002,0.0024,-0.0028,0.0027,0.2825,0.8067
1035,1.035,0.002,-0.0018,-0.0015,0.0005,0.0734,0.3142
1036,1.036,-0.0029,0.0004,-0.0052,0.0002,-0.0629,-0.135
1037,1.037,-0.0013,0.0039,-0.0064,0.0021,-0.088,-0.1944
1038,1.038,-0.0018,0.0069,-0.0033,0.0045,-0.1107,-0.248
1039,1.039,0.0029,-0.0019,0.0014,0.0008,-0.1312,-0.2967
1040,1.04,0.0012,0.0018,0.0001,-0.0023,-0.1129,-0.2532
1041,1.041,0.0017,0.0028,-0.001,-0.0019,-0.3318,-0.4516
1042,1.042,0.0032,0.0059,-0.0028,-0.0008,-0.3617,-0.921
1043,1.043,0.0035,0.005,-0.0036,-0.0053,-0.1174,-0.4732
1044,1.044,-0.0004,0.0042,-0.0052,0.0005,0.0475,0.0516
1045,1.045,0.0001,0.0048,-0.0052,-0.0016,0.0779,0.2643
1046,1.046,-0.0041,0.0055,-0.0018,0.0033,0.1054,0.2016
1047,1.047,-0.0058,0.0025,-0.0033,-0.0008,0.1303,0.2604
1048,1.048,-0.001,0.0041,-0.0026,0.0045,0.1083,0.3139
1049,1.049,-0.0005,0.0036,-0.0033,-0.0004,0.21,0.2663
1050,1.05,-0.0034,-0.0014,-0.0072,-0.0008,0.414,0.9217
1051,1.051,0.0001,-0.0008,-0.0027,0.0045,0.2244,0.6415
1052,1.052,-0.001,0.0009,-0.002,0.0025,0.0021,0.2148
1053,1.053,0.0002,-0.0008,-0.0003,0.0042,-0.0879,-0.1735
1054,1.054,-0.0016,-0.0023,-0.0013,0.0071,-0.1153,-0.2448
1055,1.055,0.0008,-0.0026,-0.0075,0.0004,-0.14,-0.3091
1056,1.056,0.0025,-0.0055,-0.0009,0.0049,-0.1179,-0.2515
1057,1.057,-0.0012,-0.003,0.0001,-0.001,-0.1382,-0.199
1058,1.058,-0.0037,0.0002,-0.0035,-0.0016,-0.416,-0.7274
1059,1.059,-0.0015,0.0006,-0.0027,0.0004,-0.2971,-0.9385
1060,1.06,0.0025,0.0009,-0.002,-0.0038,-0.044,-0.3622
1061,1.061,0.001,-0.0001,-0.0036,-0.0055,0.0554,0.1814
1062,1.062,0.0032,-0.0045,-0.003,-0.0019,0.0858,0.2532
1063,1.063,0.0029,0.0007,-0.0098,-0.0022,0.1132,0.3182
1064,1.064,0.0019,-0.0013,-0.0067,-0.0061,0.1381,0.2609
1065,1.065,-0.0004,0.003,-0.0093,-0.0045,0.116,0.2086
1066,1.066,0.0013,0.0001,-0.0084,-0.0015,0.3399,0.449
1067,1.067,0.0012,0.0027,-0.0061,-0.0079,0.37,0.9299
1068,1.068,0.0019,-0.0004,-0.0109,-0.0033,0.1258,0.4824
1069,1.069,-0.0018,0.0017,-0.0078,0.0026,-0.0389,-0.042
1070,1.07,0.0008,0.0059,-0.0095,-0.0026,-0.0693,-0.2542
1071,1.071,-0.0004,0.0031,-0.013,0.0052,-0.1508,-0.1911
1072,1.072,-0.0032,0.0046,-0.0069,0.0021,-0.1265,-0.2497
1073,1.073,0.0025,-0.0004,-0.0044,0.0013,-0.1043,-0.3029
1074,1.074,-0.0017,-0.0025,-0.0038,0.0004,-0.2059,-0.255
1075,1.075,0.0036,0.0018,-0.0074,0.0041,-0.4096,-0.9102
1076,1.076,-0.0028,0.0001,-0.0079,0.0005,-0.2199,-0.6297
1077,1.077,0.0031,-0.0014,-0.0075,0.0022,0.0026,-0.2028
1078,1.078,-0.0006,-0.0017,-0.007,0.0005,0.0927,0.1858
1079,1.079,0.0026,-0.0029,-0.0115,0.003,0.1143,0.2505
1080,1.08,-0.0009,-0.0009,-0.0118,0.0005,0.1417,0.3213
1081,1.081,-0.0014,-0.0019,-0.0098,0.0026,0.1174,0.258
1082,1.082,-0.0009,0.0034,-0.0102,0.0038,0.1399,0.2003
1083,1.083,-0.0014,-0.0066,-0.0126,0.0012,0.4046,0.6759
1084,1.084,0.0016,0.0004,-0.0075,0.0009,0.2967,0.8682
1085,1.085,-0.0004,-0.0008,0.0032,-0.0022,0.0665,0.3447
1086,1.086,-0.0029,-0.0018,0.0231,0.0003,-0.0832,-0.1491
1087,1.087,-0.0019,-0.0008,0.0313,0.0013,-0.1107,-0.2145
1088,1.088,-0.0009,0.0019,0.0436,-0.0032,-0.1356,-0.3894
1089,1.089,0.0009,-0.0006,0.0415,-0.012,-0.1135,-0.3372
1090,1.09,0.0008,0.0016,0.0476,-0.0083,-0.134,-0.1934
1091,1.091,0.0019,-0.0033,0.057,-0.0051,-0.3377,-0.4993
1092,1.092,-0.0001,-0.0016,0.0486,-0.0042,-0.365,-0.9363
1093,1.093,0.0016,-0.0011,0.0257,-0.0051,-0.1429,-0.5297
1094,1.094,-0.0021,-0.0046,-0.004,-0.0093,0.0664,0.0529
1095,1.095,-0.0037,-0.0058,-0.0078,-0.0131,0.0941,0.2865
1096,1.096,-0.0025,-0.0029,-0.0041,-0.0025,0.1189,0.2173
1097,1.097,-0.0013,-0.0011,-0.0072,0.002,0.1415,0.2819
1098,1.098,0.0044,0.0006,-0.0042,0.0007,0.0807,0.3404
1099,1.099,0.0018,-0.0004,-0.0013,-0.0006,0.2103,0.2878
1100,1.1,-0.0019,0.0038,0.0061,0.0026,0.4291,0.9125
1101,1.101,0.0016,0.0021,0.0085,0.0056,0.2205,0.6576
1102,1.102,-0.0067,-0.002,0.0067,0.0065,-0.0241,0.1148
1103,1.103,-0.0099,0.0037,0.0051,0.0056,-0.1233,-0.2384
1104,1.104,-0.0089,0.0074,0.007,0.0018,-0.0941,-0.1758
1105,1.105,-0.0098,0.001,0.0057,0.0067,-0.1215,-0.2346
1106,1.106,-0.0003,0.0052,0.0073,0.0061,-0.1463,-0.2881
1107,1.107,0.0009,-0.0001,0.0039,0.002,-0.1687,-0.2404
1108,1.108,-0.0002,0.0034,0.0097,0.0035,-0.4334,-0.721
1109,1.109,0.0008,-0.0008,0.009,-0.0016,-0.3256,-0.9134
1110,1.11,0.0016,-0.0014,0.0066,-0.0037,-0.0298,-0.2738
1111,1.111,0.0058,-0.0061,0.0078,-0.0079,0.0899,0.1533
1112,1.112,0.0006,-0.0045,0.0029,-0.0027,0.1265,0.2321
1113,1.113,-0.0001,-0.0016,0.0052,-0.0034,0.1596,0.303
1114,1.114,0.0041,-0.0011,0.0025,0.0049,0.1301,0.3675
1115,1.115,0.0024,-0.0081,0,0.0081,0.1031,0.1935
1116,1.116,-0.0012,-0.0051,0.004,0.0008,0.325,0.4575
1117,1.117,0.0018,-0.0043,0.0032,-0.0001,0.355,0.8901
1118,1.118,0.0038,-0.0017,0.0056,0.0041,0.1651,0.4834
1119,1.119,0.0013,-0.0011,0.0024,-0.0011,-0.0575,0.0063
1120,1.12,-0.0004,0.0024,0.0017,0.0009,-0.088,-0.1874
1121,1.121,-0.0001,-0.0018,-0.0027,0.0014,-0.1154,-0.2467
1122,1.122,0.0041,-0.0002,0.002,0.0043,-0.1402,-0.3002
1123,1.123,-0.0017,0.0045,-0.0005,0.0047,-0.118,-0.2527
1124,1.124,0.0035,0.004,-0.0015,-0.0003,-0.2197,-0.2968
1125,1.125,-0,0.0045,0.0011,0.0046,-0.4235,-0.8925
1126,1.126,0.0005,0.0019,-0.0005,0.004,-0.2339,-0.6379
1127,1.127,-0.0025,0.0007,-0.0025,0.0081,-0.0114,-0.0952
1128,1.128,0.0043,0.0035,-0.0024,0.0065,0.1383,0.2579
1129,1.129,0.0034,-0.0023,-0.0023,0.0015,0.1117,0.195
1130,1.13,0.0026,0.0036,0.0024,0.0021,0.1366,0.2536
1131,1.131,0.0032,0.0029,-0.0029,0.0026,0.1145,0.3067
1132,1.132,0.0052,0.0009,-0.0046,-0.0026,0.1349,0.1627
1133,1.133,0.0022,0.0026,-0.0048,-0.0006,0.4128,0.6432
1134,1.134,-0.0019,-0.0027,-0.0001,-0.0048,0.2941,0.8354
1135,1.135,-0.0004,0.0022,0.0032,0.0016,0.0412,0.3117
1136,1.136,-0.0016,0.0039,0.0001,-0.0027,-0.058,-0.1821
1137,1.137,-0.0012,-0.0026,-0.0016,-0.0005,-0.0882,-0.2476
1138,1.138,-0.0016,-0.0034,0.0017,0.0031,-0.1155,-0.3066
1139,1.139,0.0008,0.0018,0.0025,0.0014,-0.1402,-0.2546
1140,1.14,-0.0016,0.0025,-0.0011,0.0009,-0.0732,-0.2071
1141,1.141,0.0015,-0.0006,-0.0033,-0.0049,-0.2969,-0.4257
1142,1.142,-0.0033,0.0023,-0.0018,-0.0012,-0.3863,-0.9421
1143,1.143,0.001,0.0007,-0.0012,-0.0032,-0.142,-0.45
1144,1.144,-0.0007,-0.0015,0.0016,-0.0015,0.0886,-0.001
1145,1.145,-0.0012,-0.0011,-0.0006,-0.0103,0.1191,0.1748
1146,1.146,0.0019,-0.0022,0.0039,-0.0091,0.1467,0.2287
1147,1.147,-0.0037,-0.0018,0,-0.0059,0.1226,0.2772
1148,1.148,-0.0015,0.0019,-0.0014,-0.0048,0.1005,0.2339
1149,1.149,0.0006,-0.0042,0.0009,-0.0056,0.2024,0.2738
1150,1.15,0.0023,0.0036,-0.0011,0.0003,0.4063,0.8151
1151,1.151,0.0018,-0.0016,0.0031,0.001,0.2168,0.7383
1152,1.152,0.0003,0.0011,0.0002,0.0004,-0.0055,0.1042
1153,1.153,-0.0009,0.002,-0.0004,-0.0001,-0.0954,-0.1528
1154,1.154,0.0003,0.0027,-0.0002,0.004,-0.1228,-0.2313
1155,1.155,-0.0007,0.0007,0.0017,-0.0017,-0.1474,-0.3023
1156,1.156,0.0033,0.0012,-0.0027,0.0005,-0.1251,-0.239
1157,1.157,-0.0003,0.0018,-0.0001,-0.0002,-0.1048,-0.1814
1158,1.158,-0.0033,0.0003,0.0021,0.0015,-0.3825,-0.6571
1159,1.159,-0.0004,0.0015,0.0007,-0.0013,-0.3429,-0.8495
1160,1.16,0.0015,-0.0005,-0.0035,-0.0061,-0.0899,-0.326
1161,1.161,0.0026,-0.0008,-0.0054,-0.003,0.0752,0.1679
1162,1.162,-0.0025,-0.0004,-0.0027,-0.0013,0.1058,0.2333
1163,1.163,0.0025,0.002,-0.0095,0.0012,0.1334,0.2922
1164,1.164,-0.0033,-0.0006,-0.0071,-0.0038,0.1093,0.3455
1165,1.165,-0.0026,-0.0029,-0.005,0.0026,0.0873,0.2019
1166,1.166,-0.0005,-0.0025,-0.0002,0.0001,0.3113,0.4204
1167,1.167,-0.0022,0.0017,-0.0042,0.0008,0.4009,0.9367
1168,1.168,-0.0005,0.0035,-0.003,0.0043,0.1569,0.5852
1169,1.169,0.0021,0.0018,-0.0099,0.0038,-0.0734,0.0081
1170,1.17,0.0033,0.0003,-0.0079,0.0043,-0.1036,-0.2256
1171,1.171,0.0012,0.0026,-0.0091,0.0069,-0.1308,-0.2968
1172,1.172,-0.0045,-0.0003,-0.0132,0.0038,-0.1555,-0.2335
1173,1.173,0.0033,-0.0013,-0.0168,0.0018,-0.0884,-0.292
1174,1.174,0.0043,0.004,-0.0121,0.0037,-0.19,-0.2395
1175,1.175,0.0051,-0.0012,-0.0107,0.0047,-0.4308,-0.8642
1176,1.176,0.0026,-0.0019,-0.0143,0.005,-0.201,-0.7795
1177,1.177,-0.0011,-0.0024,-0.0165,0.0032,0.0084,-0.0819
1178,1.178,-0.0018,-0.0018,-0.0156,-0.0002,0.0903,0.2008
1179,1.179,0.0012,-0.0013,-0.0192,0.0002,0.1155,0.2873
1180,1.18,-0.0016,0.0011,-0.0205,-0.0034,0.1393,0.2881
1181,1.181,0.0024,-0.002,-0.0191,-0.0014,0.1173,0.2114
1182,1.182,0.0029,-0.0031,-0.0186,0.0011,0.1377,0.1415
1183,1.183,-0.0022,0.0026,-0.0209,-0.0028,0.4156,0.7172
1184,1.184,-0.0015,0.0001,-0.0198,0.0008,0.2968,0.7949
1185,1.185,-0.0032,0.0023,-0.0161,0.003,0.044,0.3025
1186,1.186,-0.0027,-0.0012,-0.0072,0.0001,-0.1209,-0.1466
1187,1.187,-0.0012,0.0005,0.0131,0.0026,-0.0916,-0.206
1188,1.188,-0.0016,-0,0.0274,-0.0006,-0.119,-0.2596
1189,1.189,-0.0055,0.0005,0.0188,0.0023,-0.1438,-0.3082
1190,1.19,-0.007,0.0035,0.0207,0.002,-0.1216,-0.2649
1191,1.191,-0.0101,0.0032,0.0136,0.0059,-0.3049,-0.4633
1192,1.192,-0.0054,0.0007,-0.0011,0.0023,-0.3788,-0.9326
1193,1.193,-0.0011,-0.0032,0.0004,-0.0046,-0.1322,-0.4849
1194,1.194,-0.0007,-0.0017,0.0219,-0.0099,0.0326,0.0398
1195,1.195,0.0019,-0.0029,0.0127,-0.009,0.1226,0.2524
1196,1.196,-0.0024,0.0027,0.0205,-0.0149,0.15,0.3174
1197,1.197,-0.0007,-0.0043,0.0274,-0.0112,0.1257,0.2603
1198,1.198,0.0028,-0.0034,0.0337,-0.0048,0.1035,0.2082
1199,1.199,0.0006,-0.006,0.0354,-0.0022,0.2051,0.1605
1200,1.2,-0.0006,-0.0053,0.037,0,0.4088,0.816
1201,1.201,-0.0016,-0.0018,0.0384,0.0007,0.2191,0.723
1202,1.202,-0.0033,-0.006,0.0397,0.0024,-0.0034,0.1264
1203,1.203,0.0017,-0.0055,0.0436,0.0041,-0.0935,-0.1074
1204,1.204,0.001,-0.007,0.0446,0.0006,-0.1212,-0.1787
1205,1.205,0.0005,-0.0074,0.0548,0.0028,-0.1461,-0.2434
1206,1.206,0.001,-0.001,0.056,0.0025,-0.1241,-0.302
1207,1.207,0.0057,-0.0001,0.037,-0.001,-0.104,-0.1439
1208,1.208,0.0015,0.0024,0.0068,0.004,-0.3819,-0.6724
1209,1.209,0.0043,0.0017,-0.005,0.0005,-0.3426,-0.8836
1210,1.21,0.0018,-0.0019,-0.0015,-0.0037,-0.09,-0.3077
1211,1.211,-0.0013,0.0038,-0.0046,0.0003,0.0747,0.081
1212,1.212,0.0016,0.0001,-0.0017,0.0039,0.105,0.2932
1213,1.213,0.0019,0.0021,-0.0043,-0.0003,0.1323,0.2301
1214,1.214,0.0002,0.0038,0.003,0.0026,0.157,0.2888
1215,1.215,0.0025,0.0043,0.0009,0.0061,0.0898,0.2364
1216,1.216,0.0019,0.0007,0.003,0.0019,0.3136,0.4766
1217,1.217,0.0012,0.0019,0.0049,0.0014,0.3434,0.9573
1218,1.218,-0,0.0015,-0.0001,-0.0011,0.0991,0.5097
1219,1.219,0.002,0.0033,0.0016,0.004,-0.0659,-0.0148
1220,1.22,0.0059,0.0043,0.0031,0.002,-0.0964,-0.2272
1221,1.221,0.0042,0.0033,0.0021,-0.0023,-0.1239,-0.2924
1222,1.222,0.0017,0.0034,0.0013,-0.0006,-0.0999,-0.2352
1223,1.223,0.0029,0.0028,0.0005,-0.0011,-0.0778,-0.2886
1224,1.224,-0.0019,0.0034,-0.0001,0.0011,-0.1797,-0.241
1225,1.225,0.0024,0.0036,-0.004,-0.0028,-0.4206,-0.8964
1226,1.226,0.0041,0.0025,-0.0044,0.004,-0.1911,-0.8034
1227,1.227,0.0056,0.0027,-0.0035,-0.0024,0.018,-0.2068
1228,1.228,-0.0013,0.0018,-0.0049,0.0018,0.0998,0.1817
1229,1.229,-0.0066,0.0031,-0.004,-0.0004,0.1247,0.2529
1230,1.23,-0.002,-0.0001,-0.0062,0.0016,0.1471,0.3175
1231,1.231,-0.0028,-0.0032,-0.0029,-0.0001,0.127,0.2598
1232,1.232,0.0009,-0.0003,-0.0054,-0.0029,0.1454,0.2071
1233,1.233,0.003,0.0022,-0.0054,-0.0024,0.3977,0.6393
1234,1.234,-0.004,-0.0017,-0.006,0.0026,0.2897,0.8138
1235,1.235,-0.0012,-0.0032,-0.0073,0.002,0.0593,0.3376
1236,1.236,-0.0004,-0.0021,-0.0076,0.0003,-0.0906,-0.1119
1237,1.237,-0.0026,-0.005,-0.0096,-0.0026,-0.1184,-0.1717
1238,1.238,-0.0005,-0.006,-0.0089,-0.0051,-0.1433,-0.2255
1239,1.239,0.0012,-0.0007,-0.0087,-0.0009,-0.1214,-0.2744
1240,1.24,-0.0005,0.0015,-0.0067,0.0032,-0.1013,-0.2314
1241,1.241,0.0001,0.0035,-0.0027,-0.0026,-0.3052,-0.4303
1242,1.242,-0.003,-0.0007,-0.006,-0.0033,-0.3866,-0.9719
1243,1.243,0.0018,-0.0013,-0.0046,-0.0013,-0.1647,-0.5853
1244,1.244,-0.0039,-0.0038,-0.0024,-0.0018,0.0446,0.0491
1245,1.245,0.0031,-0.0008,-0.0073,0.0011,0.1263,0.1356
1246,1.246,0.0004,-0.0011,-0.0121,-0.0015,0.1022,0.2139
1247,1.247,0.003,0.0015,-0.009,0.0016,0.1247,0.2846
1248,1.248,0.0024,0.0025,-0.006,0.0004,0.1045,0.2209
1249,1.249,-0.0012,0.0008,-0.0075,0.004,0.1971,0.2789
1250,1.25,0.0006,-0.0017,-0.0097,-0.0011,0.4159,0.8598
1251,1.251,-0.0011,-0,-0.0094,-0.0046,0.2072,0.7826
1252,1.252,-0.0026,0.001,-0.0085,-0.004,0.0169,0.1483
1253,1.253,-0.0014,0.0003,-0.0104,-0.0023,-0.1071,-0.109
1254,1.254,-0.0002,-0.0035,-0.0102,-0.0007,-0.1299,-0.1878
1255,1.255,0.0009,0.0029,-0.0079,0.0054,-0.11,-0.2588
1256,1.256,-0.0023,0.0021,-0.0135,0.0046,-0.1287,-0.3237
1257,1.257,0.0016,-0.0001,-0.0086,0.0009,-0.112,-0.1501
1258,1.258,-0.0009,-0.0007,-0.0097,0.0016,-0.3417,-0.6259
1259,1.259,0.0013,-0.0012,-0.0118,0.0021,-0.309,-0.9462
1260,1.26,0.001,-0.0076,-0.0128,-0.0043,-0.0999,-0.3068
1261,1.261,-0.0032,0.0002,-0.0055,-0.0001,0.0906,0.1203
1262,1.262,-0.0003,0.0055,0.011,0.0036,0.1157,0.1988
1263,1.263,0.0012,0.0028,0.0327,0.003,0.1384,0.2696
1264,1.264,-0.001,0.0003,0.0349,-0.0012,0.1184,0.3338
1265,1.265,-0.003,-0.0034,0.0423,0.0005,0.1001,0.1596
1266,1.266,-0.0027,0.0016,0.0343,0.001,0.319,0.4236
1267,1.267,-0.0003,-0.0001,0.0044,0.0032,0.4085,0.9521
1268,1.268,-0,0.0004,-0.0082,0.0071,0.1102,0.46
1269,1.269,0.0001,0.003,-0.0053,0.0023,-0.0889,0.0107
1270,1.27,0.0035,-0,-0.0159,0.0028,-0.0535,-0.1655
1271,1.271,0.0004,-0.0004,-0.0195,0.0011,-0.1523,-0.2195
1272,1.272,0.0008,0.0015,-0.0175,-0.0004,-0.1228,-0.2684
1273,1.273,-0.0028,0.0025,-0.0207,0.0008,-0.0958,-0.3128
1274,1.274,-0.0016,0.0036,-0.0237,-0.0004,-0.1696,-0.2737
1275,1.275,-0.0013,0.0042,-0.0184,-0.0023,-0.4161,-0.8151
1276,1.276,-0.0032,0.0003,-0.021,-0.0026,-0.252,-0.7384
1277,1.277,0.002,0.002,-0.0202,-0.0016,0.0171,-0.1045
1278,1.278,0.0013,-0.0037,-0.0195,-0.0042,0.126,0.1524
1279,1.279,-0.0008,-0.0015,-0.0272,-0.0074,0.0936,0.2309
1280,1.28,0.0009,0.0034,-0.0218,-0.001,0.1237,0.3018
1281,1.281,-0.001,0.001,-0.0231,0.0006,0.1065,0.2808
1282,1.282,-0.0027,-0.0007,-0.0249,-0.0022,0.1337,0.2169
1283,1.283,-0.0023,-0.0036,-0.0247,-0.0013,0.4047,0.6236
1284,1.284,0.0019,-0,-0.03,-0.0036,0.2968,0.888
1285,1.285,0.0002,0.0003,-0.03,0.0013,0.0666,0.359
1286,1.286,0.0027,-0.0026,-0.0192,-0.0029,-0.0833,-0.1348
1287,1.287,0.0023,-0.0044,0.002,-0,-0.1109,-0.2002
1288,1.288,-0.0016,-0.0012,0.0101,0.0067,-0.1359,-0.2591
1289,1.289,-0.0011,0.0016,0.0121,0.0021,-0.1138,-0.3125
1290,1.29,-0.0033,0.0006,0.0187,0.0063,-0.0937,-0.265
1291,1.291,-0.0098,-0.0018,0.0114,0.007,-0.3345,-0.3961
1292,1.292,-0.009,-0.0001,0.0128,0.0076,-0.3675,-0.9917
1293,1.293,-0.0031,-0.0019,0.0178,-0.0007,-0.1588,-0.5663
1294,1.294,-0.0009,-0.0036,0.0257,-0.0063,0.0316,-0.0233
1295,1.295,0.0011,0.0001,0.0175,-0.0093,0.106,0.1893
1296,1.296,0.0005,0.0026,0.0156,-0.0102,0.1287,0.2542
1297,1.297,-0.0012,-0.0025,0.0188,-0.0043,0.1492,0.3129
1298,1.298,0.0023,-0.0018,0.0194,-0.0081,0.0938,0.2605
1299,1.299,0.0054,-0.0035,0.0242,-0.0101,0.2116,0.3089
1300,1.3,0.0042,-0.003,0.0247,-0.0084,0.4106,0.8769
1301,1.301,0.0023,-0.0015,0.0235,-0.0137,0.221,0.8
1302,1.302,0.0012,-0.0027,0.0284,-0.0044,-0.0015,0.166
1303,1.303,0.0015,-0.0024,0.0316,0.0018,-0.0915,-0.2614
1304,1.304,-0.0004,-0.0082,0.0371,0.0028,-0.1191,-0.1855
1305,1.305,-0.0002,-0.0057,0.0317,0.0059,-0.144,-0.2564
1306,1.306,-0.0009,-0.005,0.0209,0.0104,-0.1219,-0.3211
1307,1.307,0.0023,0.0014,0.0007,0.0079,-0.1423,-0.2636
1308,1.308,0.0011,0.0005,0.0198,0.0057,-0.4201,-0.6334
1309,1.309,0.0039,0.0011,0.0321,0.0021,-0.3807,-0.874
1310,1.31,0.0014,0.0018,0.0342,0.0004,-0.0555,-0.3934
1311,1.311,0.003,0.0048,0.0444,0.0044,0.0762,0.1837
1312,1.312,0.0034,0.0031,0.0575,0.0008,0.1163,0.2625
1313,1.313,0.0027,0.0016,0.0491,0.003,0.1527,0.3334
1314,1.314,0.0028,0.0037,0.0263,0.0042,0.1201,0.2701
1315,1.315,0.0006,-0.0019,-0.0033,0.0016,0.0905,0.2125
1316,1.316,0.0048,0.0018,-0.0069,0.0013,0.3344,0.3708
1317,1.317,0.0053,0.0053,-0.0102,0.0036,0.3674,0.8994
1318,1.318,-0.0023,-0.0004,-0.0068,-0.0006,0.1586,0.548
1319,1.319,0.0007,0.0017,-0.0036,0.0024,-0.0319,-0.029
1320,1.32,0.0016,0.0024,-0.006,0.0029,-0.1063,-0.2628
1321,1.321,0.0007,0.0041,-0.0081,-0.0038,-0.129,-0.1936
1322,1.322,0.0014,0.0023,-0.0055,0.0026,-0.109,-0.2582
1323,1.323,-0.0021,0.0038,-0.0071,0.0034,-0.0907,-0.3168
1324,1.324,-0.0016,0.0026,-0.0011,0.0012,-0.2085,-0.2644
1325,1.325,0.0024,0.0038,-0.0023,0.0032,-0.4075,-0.8891
1326,1.326,-0.0011,0.0041,-0.0003,0.0037,-0.2179,-0.8044
1327,1.327,0.0011,0.0024,-0.0011,-0.0051,0.0045,-0.1069
1328,1.328,-0.0009,-0.0006,-0.0017,-0.0014,0.0946,0.1757
1329,1.329,0.0009,-0.0049,-0.0021,-0.0024,0.1222,0.262
1330,1.33,-0.0036,-0.0044,-0.0067,0.0006,0.1471,0.34
1331,1.331,0.0006,-0.0009,0.0004,0.0015,0.1249,0.2704
1332,1.332,-0.0058,-0.0005,-0.0032,-0.0011,0.1048,0.2066
1333,1.333,0.0001,-0.0017,-0.0032,0.0011,0.3827,0.6134
1334,1.334,-0.002,0.0018,-0.0045,0.0004,0.3433,0.8778
1335,1.335,-0,-0.0043,-0.0043,-0.0013,0.0904,0.3489
1336,1.336,-0.0017,-0.0035,-0.0076,-0.0018,-0.0743,-0.1447
1337,1.337,-0.0022,-0.0028,-0.0011,0.0008,-0.1046,-0.2102
1338,1.338,-0.0016,-0.0021,-0.0009,0.0038,-0.1319,-0.2691
1339,1.339,0.0006,-0.0016,-0.0037,0.0018,-0.1076,-0.3226
1340,1.34,-0.0041,-0.0045,-0.0072,0.0008,-0.0853,-0.2749
1341,1.341,-0.0024,-0.0009,-0.007,-0.0009,-0.3091,-0.406
1342,1.342,-0.0041,0.0013,-0.0078,-0.0046,-0.3985,-0.9223
1343,1.343,0.0006,0.0009,-0.0041,-0.0043,-0.1543,-0.5709
1344,1.344,-0.001,0.0028,-0.0063,-0.0022,0.0763,0.0061
1345,1.345,0.0019,0.0045,-0.0031,-0.0004,0.1068,0.24
1346,1.346,0.0034,0.0021,-0.0042,0.0029,0.1344,0.3112
1347,1.347,0.0004,0.0015,-0.002,-0.0027,0.1103,0.2482
1348,1.348,-0.0007,-0.0002,-0.0052,0.0026,0.0883,0.3069
1349,1.349,0.0036,-0.0014,-0.0053,-0.0038,0.1902,0.2545
1350,1.35,0.0041,0.0018,-0.0045,-0.0064,0.4312,0.8794
1351,1.351,-0.0005,0.003,-0.0045,-0.0041,0.2016,0.7948
1352,1.352,0.0025,0.0027,-0.0066,-0.0034,-0.0075,0.2523
1353,1.353,0.0009,0.0046,-0.001,0.0024,-0.0894,-0.2415
1354,1.354,-0.0038,0.0036,-0.0043,0.0031,-0.1143,-0.1788
1355,1.355,-0.0007,0.004,-0.0004,0.0038,-0.1369,-0.2375
1356,1.356,-0.0059,-0.0002,-0.0006,-0.0031,-0.1168,-0.2908
1357,1.357,0.0019,0.0015,-0.0068,-0.0004,-0.1353,-0.2432
1358,1.358,0.003,-0.0025,-0.0057,0.0022,-0.3877,-0.6363
1359,1.359,0.0038,-0.0019,-0.0049,0.0015,-0.3518,-0.9006
1360,1.36,-0.0004,0.0032,-0.0053,-0.002,-0.056,-0.3716
1361,1.361,0.0019,-0.0061,-0.0082,0.0037,0.0639,0.1222
1362,1.362,0.0026,-0.0023,-0.0086,0.0015,0.1006,0.188
1363,1.363,0.0043,0.0009,-0.011,0.0008,0.1339,0.2473
1364,1.364,-0.0009,0.002,-0.0106,-0.0008,0.164,0.301
1365,1.365,-0.0029,-0.0007,-0.0126,-0.0049,0.0831,0.2535
1366,1.366,-0.0012,-0.0049,-0.0069,-0.0064,0.3049,0.3848
1367,1.367,-0.0007,0.0021,-0.0112,0.0005,0.3945,0.9013
1368,1.368,-0.0011,0.0012,-0.0119,-0.0025,0.1504,0.5501
1369,1.369,-0.0008,-0.0013,-0.0084,0.0002,-0.08,-0.0266
1370,1.37,0.0021,-0.0035,-0.0068,-0.0023,-0.1104,-0.2601
1371,1.371,0.0003,-0.0014,-0.011,0.0014,-0.1378,-0.1907
1372,1.372,0.0007,-0.0031,-0.0106,0.0021,-0.1135,-0.255
1373,1.373,-0.0044,0.0022,-0.011,0.009,-0.0913,-0.3133
1374,1.374,-0.0023,0.0002,-0.0082,0.0063,-0.193,-0.2606
1375,1.375,0.0019,-0.0003,-0.008,0.0021,-0.4338,-0.885
1376,1.376,0.006,-0.002,-0.0098,-0.0002,-0.2697,-0.8001
1377,1.377,0.0002,0.0006,-0.0137,0.0019,-0.0005,-0.1024
1378,1.378,-0.0004,0.0018,-0.015,0.0035,0.1082,0.1806
1379,1.379,0.0016,-0.0011,-0.0131,0.003,0.1415,0.2672
1380,1.38,0.0011,-0.0036,-0.0097,0.0045,0.1121,0.3455
1381,1.381,0.0052,0.0003,-0.0168,-0.0024,0.1394,0.2761
1382,1.382,-0.0013,-0.001,-0.014,0.0001,0.1227,0.2025
1383,1.383,0.0012,-0.0015,-0.0172,-0.003,0.3937,0.6505
1384,1.384,0.0001,0.0007,-0.0165,-0.0038,0.2858,0.8253
1385,1.385,-0.0028,0.0019,-0.0192,-0.0013,0.0556,0.3496
1386,1.386,-0.001,-0.0007,-0.0141,-0.002,-0.0943,-0.0995
1387,1.387,0.0014,0.0017,-0.0035,0.0044,-0.0678,-0.1588
1388,1.388,-0.001,0.0034,0.0194,0.0002,-0.142,-0.3178
1389,1.389,0.0009,0.0027,0.016,0.0024,-0.12,-0.2702
1390,1.39,0.0015,0.0039,0.0308,0.0004,-0.0999,-0.2268
1391,1.391,0.0027,0.0002,0.0389,0.0009,-0.3037,-0.4252
1392,1.392,-0.0005,0.0007,0.0315,-0.0079,-0.3852,-0.9663
1393,1.393,-0.0048,-0.0004,0.0248,-0.0142,-0.1633,-0.5794
1394,1.394,-0.0043,-0.0033,0.0349,-0.0132,0.046,0.0552
1395,1.395,-0.0018,-0.0014,0.0405,-0.0037,0.0736,0.1421
1396,1.396,-0.0079,0.0009,0.0455,-0.0026,0.0984,0.2207
1397,1.397,-0.0104,-0.0028,0.047,-0.0036,0.1209,0.2917
1398,1.398,-0.0112,-0.0031,0.0511,-0.0026,0.1007,0.2282
1399,1.399,-0.0048,-0.006,0.0372,-0.0034,0.1932,0.2867
1400,1.4,-0.0056,-0.005,0.0094,-0.0026,0.4456,0.8679
1401,1.401,-0.0004,-0.0026,-0.0024,0.0027,0.2652,0.791
1402,1.402,-0.0011,-0.0036,0.0012,0.0033,0.0347,0.1572
1403,1.403,0.0005,-0.0029,-0.0019,0.0076,-0.0554,-0.0997
1404,1.404,0.0022,0.0005,0.0011,0.0023,-0.0831,-0.1783
1405,1.405,0.0017,-0.0026,-0.0015,0.0043,-0.108,-0.2491
1406,1.406,0.002,0.0003,0.001,0.0074,-0.1306,-0.3137
1407,1.407,0.004,-0.0055,0.0034,0.0091,-0.1106,-0.2561
1408,1.408,0.0014,-0.0013,0.0016,0.0043,-0.3885,-0.6259
1409,1.409,0.0017,-0.0006,-0.0001,0.0013,-0.3492,-0.8665
1410,1.41,-0.0007,0.0029,0.0052,0.003,-0.0964,-0.4729
1411,1.411,-0.0001,0.0034,0.0039,0.0024,0.0685,0.0043
1412,1.412,0.0016,0.0039,0.0028,0.0002,0.0989,0.1977
1413,1.413,0.0043,0.0034,-0.0032,-0.0018,0.1262,0.2566
1414,1.414,-0.001,0.0064,0.0049,-0.0028,0.151,0.31
1415,1.415,-0.0004,0.0061,0.0022,-0.0052,0.084,0.2623
1416,1.416,-0.004,0.0018,-0.0002,-0.0049,0.3078,0.3935
1417,1.417,-0.0057,0.0035,0.001,-0.0007,0.3973,0.9099
1418,1.418,-0.0017,0.002,0.0021,0.0051,0.1531,0.5585
1419,1.419,0.0018,0.0023,0.0045,0.0013,-0.0773,-0.0183
1420,1.42,-0.0004,0.0003,0.0018,-0.0007,-0.1078,-0.2521
1421,1.421,0.0025,-0.0023,-0.0006,0.0023,-0.1352,-0.1831
1422,1.422,0.0035,-0.0027,-0.0007,0.0028,-0.1599,-0.2477
1423,1.423,0.0031,0.0024,-0.0033,0.0013,-0.093,-0.3063
1424,1.424,0.0034,0.0017,-0.0025,0.0064,-0.1947,-0.2539
1425,1.425,0.0041,0.0012,-0.0031,0.0043,-0.4355,-0.8787
1426,1.426,0.0029,0.0007,0.0019,0.0038,-0.2058,-0.794
1427,1.427,0.0046,-0.0019,0.0019,-0.0027,0.0035,-0.0967
1428,1.428,0.0032,-0.007,-0.0029,-0.007,0.0855,0.1859
1429,1.429,0.0001,-0.0005,-0.0017,-0.0033,0.1106,0.2722
1430,1.43,0.004,-0.0031,0.0019,-0.0026,0.1334,0.3503
1431,1.431,0.0075,-0.0009,-0.0005,-0.001,0.1133,0.2807
1432,1.432,0.0006,0.0011,-0.0067,0.0007,0.132,0.217
1433,1.433,-0.0004,-0.0006,-0.0016,-0.0008,0.3845,0.6236
1434,1.434,0.0004,0.0035,-0.002,-0.0031,0.3487,0.8881
1435,1.435,-0.0005,-0.0001,0.0038,0.0016,0.0529,0.3591
1436,1.436,0.0002,0.0029,-0.0034,-0.0014,-0.0667,-0.1347
1437,1.437,0.0009,-0.001,-0.0019,-0.0055,-0.1033,-0.2002
1438,1.438,-0.0022,0.0005,0.0051,-0.003,-0.1363,-0.2591
1439,1.439,0.0007,-0.0037,0.0014,-0.006,-0.1067,-0.3127
1440,1.44,0.0022,0.0003,-0.0017,-0.0048,-0.0797,-0.2651
1441,1.441,0.0053,0.0039,-0.0005,-0.0006,-0.3015,-0.3963
1442,1.442,-0.0011,0.0008,0.0069,0.0011,-0.3909,-0.9127
1443,1.443,0.0016,-0.0031,0.0046,0.0026,-0.1467,-0.5613
1444,1.444,0.0024,-0.0046,-0.0009,-0.0017,0.0838,0.0158
1445,1.445,-0.0045,-0.0034,0.0001,-0.0012,0.1144,0.2498
1446,1.446,0.004,-0.0006,0.0011,-0.0037,0.142,0.3209
1447,1.447,-0.0038,0.0004,-0.0017,-0.0006,0.1179,0.2575
1448,1.448,-0.0007,-0.0034,-0.0031,0.0015,0.0959,0.3161
1449,1.449,0.0001,-0.0019,0.0018,-0.0028,0.1978,0.2635
1450,1.45,-0.0024,-0.0008,-0.0011,0.0001,0.4017,0.7921
1451,1.451,-0.0017,-0.0011,-0.0039,0.0037,0.2664,0.7222
1452,1.452,-0.0037,0.004,0.0019,0.0007,-0.0052,0.1458
1453,1.453,0.0021,0.0004,-0.0018,0.0028,-0.1139,-0.2429
1454,1.454,-0.0016,-0.0001,-0.0037,-0.0007,-0.0814,-0.174
1455,1.455,-0.0009,-0.0006,-0.0007,0.0035,-0.1114,-0.2388
1456,1.456,-0.0003,-0.0001,-0.0047,-0.0041,-0.1386,-0.2974
1457,1.457,-0.0008,-0.0013,-0.0052,0.0032,-0.1142,-0.245
1458,1.458,-0.0023,0.0015,-0.0001,0.0024,-0.4055,-0.6776
1459,1.459,0.0008,0.0012,-0.0038,0.0033,-0.3661,-0.9685
1460,1.46,-0.0004,0.0036,-0.0022,0.0011,-0.1132,-0.387
1461,1.461,-0.0007,0.0005,-0.0041,0.0018,0.1173,0.1563
1462,1.462,-0.0016,0.0024,-0.0028,-0.0012,0.0881,0.2279
1463,1.463,0.0014,-0.0015,-0.0027,0.0028,0.1156,0.2927
1464,1.464,-0.0028,0.001,-0.0059,0.0033,0.1404,0.2352
1465,1.465,0.0037,0.0032,-0.0072,-0.0009,0.0734,0.1828
1466,1.466,-0.0022,0.0021,-0.0058,0.002,0.2973,0.4233
1467,1.467,0.0031,0.0002,-0.0058,0.0015,0.3868,0.9039
1468,1.468,-0.0005,0.0012,-0.0075,0.0027,0.1427,0.5843
1469,1.469,-0.0009,0.0029,-0.0086,0.0007,-0.0878,0.0598
1470,1.47,-0.0061,0.0004,-0.0052,0.005,-0.1183,-0.1528
1471,1.471,-0.0012,-0.0013,-0.0031,-0.0003,-0.0916,-0.2178
1472,1.472,-0.0028,-0.0016,-0.0096,0.0004,-0.1164,-0.2764
1473,1.473,-0.0011,-0.0009,-0.0074,0.0021,-0.0942,-0.2241
1474,1.474,-0.0006,0.0014,-0.0072,0.0109,-0.1959,-0.2725
1475,1.475,-0.0002,0.0004,-0.0083,0.0098,-0.4368,-0.8404
1476,1.476,0.0002,-0.0026,-0.0145,0.0042,-0.2728,-0.7635
1477,1.477,0.0012,-0.0014,-0.0128,0.0095,-0.0036,-0.1295
1478,1.478,0.0023,-0.0033,-0.0153,0.0049,0.1053,0.1276
1479,1.479,0.0006,0.0006,-0.0175,-0.001,0.1385,0.2062
1480,1.48,-0.0001,-0.0019,-0.0197,-0.0032,0.109,0.277
1481,1.481,0.0017,0.0012,-0.0154,-0.0067,0.1362,0.3417
1482,1.482,0.0019,0.0008,-0.0129,-0.0062,0.1118,0.1677
1483,1.483,0.0001,-0.0013,-0.0184,-0.0067,0.3948,0.6306
1484,1.484,0.0006,0.0022,-0.0184,-0.0038,0.3278,0.8951
1485,1.485,0.0037,0.0011,-0.0225,-0.0043,0.1034,0.3662
1486,1.486,-0.001,0.0031,-0.0199,-0.0039,-0.1059,-0.1275
1487,1.487,-0.0027,-0.0004,-0.0216,-0.0059,-0.0796,-0.193
1488,1.488,-0.0022,-0.0008,-0.0163,-0.0024,-0.1046,-0.252
1489,1.489,-0.0006,0.0031,-0.0039,-0.0027,-0.1273,-0.3054
1490,1.49,0.0006,-0.0026,0.0087,-0.0024,-0.0666,-0.2578
1491,1.491,0.0026,-0.0019,0.0234,0.0019,-0.3075,-0.4764
1492,1.492,0.0001,-0.0012,0.0291,-0.0033,-0.4063,-1.0722
1493,1.493,0.0012,0.0005,0.0268,-0.0126,-0.1976,-0.6467
1494,1.494,0.0008,-0.0024,0.0315,-0.0163,0.0469,0.0512
1495,1.495,0.001,-0.0008,0.0326,-0.0086,0.0803,0.3337
1496,1.496,0.0022,-0.0039,0.0336,0.0009,0.1104,0.2498
1497,1.497,0.0024,-0.001,0.0395,0.0021,0.0835,0.3278
1498,1.498,0.0004,0.0033,0.047,-0.0011,0.1081,0.258
1499,1.499,0.0005,0.0038,0.0436,0.0019,0.22,0.3221
1500,1.5,-0.0002,0.0023,0.0293,0.0011,0.4439,0.8452
1501,1.501,0.0004,0.0011,-0.0016,-0.0067,0.2352,0.7753
1502,1.502,0.0025,0.0067,-0.0062,-0.0097,-0.0095,0.1987
1503,1.503,-0.0012,0.0074,-0.0103,0.0006,-0.1089,-0.19
1504,1.504,0.0003,0.0025,-0.0141,0.002,-0.0797,-0.2617
1505,1.505,0.0015,0.002,-0.0111,0.0057,-0.1072,-0.3263
1506,1.506,-0.0041,-0.0008,0.0037,0.0047,-0.132,-0.2689
1507,1.507,0.0044,0.0007,0.0337,0.0037,-0.11,-0.2166
1508,1.508,-0.0034,-0.0015,0.0375,0.0064,-0.3747,-0.6492
1509,1.509,0.0019,-0.0035,0.041,0.0021,-0.339,-0.9402
1510,1.51,0.001,-0.0032,0.0508,0.0028,-0.0432,-0.3589
1511,1.511,0.0018,-0.0008,0.0537,0.0035,0.0764,0.1845
1512,1.512,0.0056,-0.0025,0.04,0.004,0.113,0.2564
1513,1.513,-0.0022,0.0012,0.0177,0.0035,0.1462,0.3213
1514,1.514,-0.0012,-0.0024,0.009,0.004,0.1167,0.2639
1515,1.515,-0.0039,-0.002,0.0064,0.0028,0.0898,0.2114
1516,1.516,-0.0031,-0.0059,0.0042,0.0016,0.3116,0.4518
1517,1.517,-0.0069,-0.0044,-0.0022,0.0006,0.4011,0.9326
1518,1.518,0.0009,-0.0041,-0.004,0.0002,0.1569,0.6129
1519,1.519,-0.0022,-0.0053,-0.0019,0.0039,-0.0735,-0.0277
1520,1.52,-0.003,-0.0043,-0.0034,0.0027,-0.104,-0.2846
1521,1.521,-0.0022,-0.0026,-0.0046,0.0016,-0.1314,-0.2084
1522,1.522,0.0015,0.0018,-0.0029,0.0051,-0.1562,-0.2793
1523,1.523,-0.0005,0,-0.0014,0.0039,-0.0892,-0.3437
1524,1.524,-0.0036,-0.0015,-0.002,-0.0008,-0.1909,-0.2858
1525,1.525,0.0028,-0.0003,-0.0027,-0.0091,-0.4317,-0.867
1526,1.526,-0.0032,0.0044,0.0004,-0.0059,-0.2677,-0.7901
1527,1.527,-0.0025,-0.0026,-0.0017,-0.0007,0.0014,-0.1561
1528,1.528,-0.0045,-0.0034,-0.0005,-0.0015,0.1102,0.2714
1529,1.529,-0.0015,0.0008,-0.0007,-0.0041,0.1436,0.1955
1530,1.53,-0.0104,0.0029,0.0003,-0.0019,0.1142,0.2664
1531,1.531,-0.0092,-0.0006,-0.0045,0.0017,0.1414,0.3311
1532,1.532,0.0011,0.0024,-0.0004,0.0034,0.1171,0.1573
1533,1.533,-0.003,0.0029,0.0007,-0.0007,0.4085,0.633
1534,1.534,-0.0018,0.0024,-0.004,-0.0054,0.2898,0.8254
1535,1.535,0.0014,0.0012,-0.0028,-0.0012,0.1091,0.4185
1536,1.536,0.0003,0.0008,0.002,-0.0007,-0.0557,-0.0586
1537,1.537,0.0011,0.0005,-0.0014,0.005,-0.086,-0.2519
1538,1.538,0.0036,0.0001,0.0007,0.0028,-0.1133,-0.3107
1539,1.539,0.0029,-0.005,-0.0009,0.0022,-0.138,-0.2586
1540,1.54,0.0022,-0.0001,-0.0015,0.0005,-0.071,-0.211
1541,1.541,0.0064,0.0004,0.0002,0.001,-0.2947,-0.4295
1542,1.542,0.0047,-0.0049,-0.0016,0.0045,-0.3842,-0.9458
1543,1.543,0.0031,0,-0.0014,0.0034,-0.1943,-0.5945
1544,1.544,0.0043,0.0017,-0.0039,0.003,0.0282,-0.0175
1545,1.545,0.0063,0,-0.0014,-0.0005,0.1183,0.2167
1546,1.546,0.0027,0.0015,0.0017,-0.0002,0.0918,0.2884
1547,1.547,0.0057,0.0003,0.0004,-0.0022,0.1167,0.3532
1548,1.548,0.0045,0.0042,0.0045,0.0014,0.0946,0.2959
1549,1.549,0.0019,-0.0005,-0.002,-0.0008,0.1965,0.2435
1550,1.55,0.0029,-0.001,-0.0048,-0.0046,0.4374,0.8684
1551,1.551,0.0006,0.0007,0.0019,-0.0041,0.2734,0.7837
1552,1.552,-0.0001,0.0043,0.003,0.002,0.0044,0.2413
1553,1.553,0,-0.0008,-0.0021,-0.0039,-0.1044,-0.2523
1554,1.554,-0.0022,-0.0028,-0.0026,-0.0017,-0.1376,-0.1897
1555,1.555,-0.0015,0.0014,-0.0056,0.0033,-0.1081,-0.2484
1556,1.556,0.0002,0.0009,-0.0027,-0.0025,-0.1353,-0.3017
1557,1.557,-0.0035,0.0056,-0.0074,-0.0031,-0.1109,-0.1579
1558,1.558,-0.001,0.0026,0.0009,-0.0011,-0.4022,-0.6382
1559,1.559,0.0002,0.0042,-0.0069,0.002,-0.3628,-0.9583
1560,1.56,-0.0037,0.0058,-0.0016,0.0015,-0.1099,-0.4348
1561,1.561,-0.0001,-0.0012,-0.0062,-0.002,0.0551,0.059
1562,1.562,-0.0023,-0.0022,-0.0021,-0.0008,0.0856,0.2527
1563,1.563,0.0041,0.0024,-0.0044,0.0021,0.1131,0.3117
1564,1.564,0.0033,-0.0018,-0.0095,0.0017,0.138,0.2596
1565,1.565,0.0007,0.0019,-0.0054,0.0001,0.1159,0.212
1566,1.566,0.0014,0.0039,-0.0074,-0.0016,0.2992,0.4305
1567,1.567,0.0035,0.0044,-0.0071,-0.0009,0.3732,0.9468
1568,1.568,-0.0023,0.0039,-0.0071,-0.0016,0.1714,0.5956
1569,1.569,-0.0029,-0.0018,-0.0102,-0.0028,-0.0189,0.0188
1570,1.57,0.0006,-0.0025,-0.0124,-0.0014,-0.0933,-0.2149
1571,1.571,-0.0024,-0.0032,-0.0131,-0.0009,-0.116,-0.2863
1572,1.572,-0.0007,0.0011,-0.0138,-0.0021,-0.1365,-0.3509
1573,1.573,0.0018,-0.0006,-0.0099,0.0004,-0.0811,-0.2933
1574,1.574,-0.0003,0.003,-0.0145,-0.0013,-0.1652,-0.2408
1575,1.575,-0.0015,-0.0013,-0.0121,-0.0016,-0.3948,-0.8655
1576,1.576,0.0027,-0.0017,-0.0182,0.0021,-0.2308,-0.7808
1577,1.577,0.0022,-0.0033,-0.0134,0.0006,-0.0215,-0.2383
1578,1.578,0.0007,0.0018,-0.0131,-0.0037,0.1148,0.2555
1579,1.579,-0.0015,0.0012,-0.0141,-0.002,0.1398,0.193
1580,1.58,-0.0018,0.0007,-0.0174,-0.0005,0.1178,0.2516
1581,1.581,0.0017,-0.0046,-0.0163,-0.0008,0.0977,0.305
1582,1.582,-0.0033,-0.0025,-0.0137,0.002,0.1163,0.1612
1583,1.583,0.0016,-0.002,-0.0138,0.0045,0.3688,0.6417
1584,1.584,0.0016,-0.004,-0.0146,0.0025,0.3222,0.8839
1585,1.585,-0.0026,-0.0012,-0.0132,0.0008,0.0694,0.4359
1586,1.586,0.0003,0.0014,-0.0189,0.0052,-0.0955,-0.0889
1587,1.587,0.0028,-0.0047,-0.0156,0.0068,-0.1259,-0.1607
1588,1.588,0.0059,-0.0055,-0.0224,0.0021,-0.0991,-0.2258
1589,1.589,0.003,-0.0033,-0.01,0.0026,-0.124,-0.2846
1590,1.59,0.002,0.0016,0.0138,-0.0003,-0.1019,-0.2323
1591,1.591,0.0023,-0.0042,0.0101,0.0032,-0.2852,-0.3766
1592,1.592,-0.0014,0.0027,0.0246,0.001,-0.4086,-0.9449
1593,1.593,-0.0002,0,0.0269,-0.0055,-0.162,-0.7132
1594,1.594,-0.0006,0.0009,0.0289,-0.0064,0.0027,-0.079
1595,1.595,-0.0009,-0.0044,0.0264,-0.0055,0.0926,0.1777
1596,1.596,-0.0026,-0.0037,0.0281,0.0014,0.12,0.2559
1597,1.597,-0.0036,-0.0094,0.0334,-0.0032,0.1447,0.3268
1598,1.598,-0.0079,-0.0042,0.0347,-0.0024,0.1225,0.2632
1599,1.599,-0.0084,-0.0022,0.0269,-0.0031,0.2241,0.3214
1600,1.6,-0.0044,-0.0027,0.0335,-0.0025,0.4278,0.7969
1601,1.601,-0.0069,-0.001,0.037,0.0044,0.2382,0.7333
1602,1.602,-0.0073,0.0025,0.0378,0.0017,0.0156,0.2092
1603,1.603,-0.007,0.0037,0.0491,0.0042,-0.0745,-0.144
1604,1.604,-0.0012,0.0058,0.0566,0.0035,-0.1022,-0.2095
1605,1.605,-0.0004,0.0061,0.0523,0.0028,-0.1271,-0.2683
1606,1.606,0.0018,0.0037,0.0333,-0.0015,-0.1051,-0.3217
1607,1.607,-0.0032,0.0034,-0.0025,-0.002,-0.1256,-0.178
1608,1.608,-0.0001,0.0052,0.0021,0.0015,-0.4035,-0.6586
1609,1.609,0.0027,0.0013,-0.0023,-0.0046,-0.3642,-0.8509
1610,1.61,0.0042,0.0008,0.0016,-0.0105,-0.1115,-0.444
1611,1.611,-0.0009,0.0003,-0.0093,-0.0053,0.0533,0.1386
1612,1.612,-0.0016,-0.0009,0.0006,-0.0074,0.0835,0.2174
1613,1.613,0.0001,0.0002,-0.0023,-0.0057,0.1108,0.2886
1614,1.614,0.003,-0.0033,0.0005,-0.0016,0.1355,0.3531
1615,1.615,-0.0006,0.0009,0.003,-0.0011,0.1133,0.2956
1616,1.616,0.0006,-0.0008,0.0009,0,0.2965,0.3486
1617,1.617,0.0002,0.0069,-0.001,0.002,0.3704,0.8773
1618,1.618,-0.0001,0.0059,0.0048,0.0046,0.1685,0.526
1619,1.619,0.003,0.0007,0.0067,0.0035,-0.0762,0.0771
1620,1.62,0.0027,-0.0021,-0.0007,0.0052,-0.1098,-0.215
1621,1.621,0.0062,-0.0029,-0.0018,0.0059,-0.1401,-0.2689
1622,1.622,0.0032,-0.0007,0.0047,0.003,-0.1134,-0.3175
1623,1.623,0.0028,0.0028,0.004,0.002,-0.0891,-0.2744
1624,1.624,0.0003,0.0011,0.0013,0.0023,-0.1565,-0.2351
1625,1.625,0.0026,-0.0018,0.0024,0.0013,-0.4212,-0.7762
1626,1.626,-0.0004,0.0007,-0.005,0.0038,-0.2411,-0.6992
1627,1.627,0.0053,0.0004,-0.0016,-0.0001,-0.0108,-0.206
1628,1.628,0.0061,0.0015,-0.0039,-0.0016,0.1388,0.2434
1629,1.629,0.0024,0.0012,-0.0009,0.0006,0.1122,0.187
1630,1.63,0.0044,-0.0034,-0.0012,0.0026,0.1369,0.2408
1631,1.631,-0.0013,0.0024,-0.0014,0.0037,0.1147,0.2897
1632,1.632,0.0024,-0.0014,-0.0015,0.0013,0.135,0.2466
1633,1.633,0.0031,-0.0049,-0.0015,0.0016,0.3757,0.6042
1634,1.634,-0.0011,-0.0007,-0.0025,-0.0014,0.3429,0.9412
1635,1.635,-0.0006,-0.0012,-0.0024,0.0006,0.074,0.3733
1636,1.636,0.0019,-0.0007,-0.0007,0.0032,-0.1072,-0.0149
1637,1.637,0.0008,0.0004,-0.002,0.0042,-0.0751,-0.227
1638,1.638,0.0004,0.0043,0.0008,0.0025,-0.1053,-0.2916
1639,1.639,0.0015,-0.0014,0.0003,0.0007,-0.1326,-0.35
1640,1.64,-0.0031,0.0008,-0.0029,0.0008,-0.1083,-0.1919
1641,1.641,0.0012,-0.0013,0.0034,-0.0009,-0.2652,-0.336
1642,1.642,0.0017,-0.003,0.0002,-0.0003,-0.4077,-0.9038
1643,1.643,-0.0018,-0.0025,-0.0057,-0.0034,-0.1668,-0.5169
1644,1.644,-0.0015,0.0011,0.0007,-0.0063,0.0636,-0.0232
1645,1.645,0.0014,-0.0031,-0.0041,-0.0038,0.094,0.1705
1646,1.646,-0.0021,0.0045,-0.0002,-0.0027,0.1216,0.23
1647,1.647,-0.0017,-0.0028,-0.004,-0.001,0.1464,0.2838
1648,1.648,-0.0005,-0.0001,-0.0008,0.0003,0.1244,0.2366
1649,1.649,-0.0008,-0.0009,-0.0031,0.0032,0.1854,0.1934
1650,1.65,-0.0031,-0.0002,-0.0016,-0.0019,0.4263,0.7892
1651,1.651,-0.0048,-0.0022,-0.0011,0.0059,0.2623,0.7048
1652,1.652,-0.0034,0.0009,0.001,0.0029,-0.0068,0.1625
1653,1.653,0.0005,-0.0032,0.0014,-0.0016,-0.1156,-0.1904
1654,1.654,0.0011,-0.0006,-0.0002,0.0043,-0.1489,-0.2555
1655,1.655,0.0037,-0.0009,-0.0003,-0.0009,-0.1193,-0.314
1656,1.656,0.0007,0.0003,-0.0032,-0.0029,-0.1466,-0.2617
1657,1.657,0.0004,0.0029,-0.0022,-0.0012,-0.1221,-0.2139
1658,1.658,-0.0021,0.0026,-0.0034,0.0005,-0.3686,-0.6069
1659,1.659,-0.0031,-0.0018,0.0015,-0.0052,-0.3359,-0.8712
1660,1.66,-0.002,0.0046,0.0006,-0.003,-0.067,-0.4384
1661,1.661,-0.0013,0.0038,-0.0027,-0.0065,0.1141,0.0865
1662,1.662,0.0011,0.0016,-0.0013,-0.0023,0.0819,0.2992
1663,1.663,0.0042,-0.0033,-0.0012,-0.0028,0.1122,0.2364
1664,1.664,0.0007,0.001,-0.0046,0.003,0.1395,0.2952
1665,1.665,0.003,0.0015,-0.0047,-0.0007,0.0661,0.2431
1666,1.666,-0.0026,0.001,-0.0087,0.0014,0.2679,0.3874
1667,1.667,0.0044,-0.0032,-0.006,-0.0016,0.4037,0.9555
1668,1.668,0.0017,-0.0015,-0.0077,-0.0021,0.1818,0.5689
1669,1.669,0.0009,-0.001,-0.0085,0.0005,-0.0274,0.0755
1670,1.67,0.0016,-0.0013,-0.0114,0.0017,-0.1093,-0.2457
1671,1.671,-0.0004,0.0007,-0.0068,0.0005,-0.1342,-0.1888
1672,1.672,0.0027,0.0011,-0.0053,-0.002,-0.1121,-0.2423
1673,1.673,0.0011,0.0001,-0.0101,0.0019,-0.0919,-0.291
1674,1.674,-0.0004,0.0004,-0.0124,0.0035,-0.1844,-0.2476
1675,1.675,-0.0025,0.0035,-0.0146,0.0047,-0.4032,-0.8432
1676,1.676,-0.0005,0.0038,-0.0149,-0.0017,-0.2542,-0.7586
1677,1.677,-0.0015,0.0013,-0.0167,-0.0009,-0.0096,-0.2161
1678,1.678,0.0018,-0.0033,-0.0155,-0,0.0897,0.1371
1679,1.679,-0.0038,-0.0002,-0.0214,-0.0037,0.12,0.2023
1680,1.68,-0.0016,0.0015,-0.0214,-0.0017,0.1475,0.261
1681,1.681,-0.0022,0.003,-0.0242,0.0026,0.1232,0.3143
1682,1.682,-0.0027,0.0018,-0.0244,-0.0003,0.101,0.1704
1683,1.683,-0.001,-0.0002,-0.0198,-0.0008,0.3657,0.5634
1684,1.684,-0.0005,0.0017,-0.0212,0.0034,0.3299,0.9333
1685,1.685,0.0034,0.0022,-0.0248,-0.0016,0.092,0.4187
1686,1.686,0.0003,-0.0002,-0.0198,0.0024,-0.0728,-0.1117
1687,1.687,-0.0026,0.0029,-0.0242,0.0029,-0.1032,-0.1836
1688,1.688,0.001,0.0039,-0.0243,-0.0001,-0.1306,-0.2487
1689,1.689,0.0006,0.0022,-0.0219,0.0028,-0.1554,-0.3078
1690,1.69,-0.0033,-0.0002,-0.0138,0.0046,-0.0884,-0.2556
1691,1.691,-0.0018,0.0005,0.0044,0.0022,-0.2717,-0.4002
1692,1.692,-0.0015,0.0007,0.0065,0.0059,-0.395,-0.9685
1693,1.693,0.0005,-0.0025,0.0131,0.0029,-0.1932,-0.5822
1694,1.694,0.003,-0.0046,0.019,0.0032,-0.0028,-0.0889
1695,1.695,-0.0022,-0.0103,0.0204,0.0006,0.0716,0.2323
1696,1.696,-0.0075,-0.0044,0.0105,0.0023,0.0943,0.2911
1697,1.697,-0.0096,-0.0007,0.0218,-0.0021,0.1555,0.3441
1698,1.698,-0.0027,-0.0042,0.0258,-0.0016,0.1002,0.2963
1699,1.699,0,-0.0112,0.0266,-0.0041,0.1843,0.2527
1700,1.7,0.0008,-0.0066,0.0198,-0.0111,0.4139,0.7687
1701,1.701,0.0015,-0.0007,0.0248,-0.0059,0.2499,0.6986
1702,1.702,-0.0021,-0,0.0254,-0.005,0.0406,0.2498
1703,1.703,-0.0005,-0.0078,0.0334,-0.0025,-0.0957,-0.1588
1704,1.704,0.0024,-0.0068,0.0362,-0.0077,-0.1208,-0.2133
1705,1.705,0.0039,-0.0041,0.0388,-0.0028,-0.1434,-0.2624
1706,1.706,0.0026,0.0054,0.0337,0.0003,-0.1234,-0.307
1707,1.707,0.0038,0.0017,0.0392,-0.0002,-0.1051,-0.1886
1708,1.708,0.0012,0.0027,0.0366,0.0033,-0.3576,-0.5858
1709,1.709,0.0002,0.0017,0.0355,-0.0027,-0.3217,-0.956
1710,1.71,0.0005,0.0062,0.0446,-0.0036,-0.0916,-0.5235
1711,1.711,0.0006,0.002,0.0539,0.0001,0.0582,0.1172
1712,1.712,0.0007,0.0027,0.0473,-0.0005,0.14,0.2038
1713,1.713,0.0044,0.0062,0.03,-0.001,0.1158,0.2819
1714,1.714,0.0008,0.0005,-0.0026,-0.0015,0.1384,0.3526
1715,1.715,0.0011,0.0011,-0.0072,0.002,0.0777,0.289
1716,1.716,-0.0018,0.0004,-0.0035,0.0032,0.2814,0.3471
1717,1.717,0.0024,-0.0026,-0.0072,0.0012,0.4171,0.9282
1718,1.718,-0.0041,0.0026,-0.0106,0.0002,0.1952,0.5414
1719,1.719,-0.0016,0.0047,-0.0019,0.0005,-0.0141,0.0478
1720,1.72,-0.0086,0.0004,-0.0046,0.0002,-0.096,-0.1458
1721,1.721,-0.0113,0.0009,-0.007,0.0003,-0.1209,-0.2053
1722,1.722,-0.0122,0.0025,-0.0049,0.0032,-0.1435,-0.259
1723,1.723,-0.0007,0.0003,0.0012,0.0042,-0.0828,-0.3077
1724,1.724,-0.0025,-0.0026,-0.0006,-0.001,-0.1754,-0.1773
1725,1.725,0.002,0.0025,-0.0056,0.0042,-0.4279,-0.773
1726,1.726,0.0007,-0.0011,-0.004,0.0036,-0.2476,-0.8588
1727,1.727,0.0069,0.0031,-0.0079,0.004,-0.0173,-0.1618
1728,1.728,0.0078,0.0014,-0.0015,-0.0012,0.0728,0.1206
1729,1.729,0.0048,0.004,-0.0046,-0.0019,0.1004,0.2067
1730,1.73,0.0039,0.0018,-0.0074,-0.0002,0.1253,0.2845
1731,1.731,0.0081,-0.0021,-0.0081,0.0003,0.1033,0.3552
1732,1.732,0.0011,-0.0037,-0.0019,-0.0022,0.1237,0.1636
1733,1.733,0.0038,0.0006,-0.0086,0.0008,0.3645,0.5702
1734,1.734,0.0046,0.0046,-0.0092,-0.0003,0.332,0.9399
1735,1.735,0.0008,-0.0012,-0.0114,0.0039,0.0631,0.4111
1736,1.736,0.0001,-0.0005,-0.0104,-0.0002,-0.0457,-0.0826
1737,1.737,0.0018,0.0016,-0.0121,0.0024,-0.0791,-0.1484
1738,1.738,0.0001,-0.0027,-0.0134,0.0046,-0.1091,-0.3237
1739,1.739,0.0006,0.0002,-0.0078,0.0057,-0.1364,-0.2717
1740,1.74,0.0028,-0.0013,-0.0094,0.0067,-0.112,-0.2242
1741,1.741,0.0031,-0.0025,-0.0132,0.0071,-0.2688,-0.3554
1742,1.742,0.0005,-0.0037,-0.0123,0.0047,-0.4111,-0.9512
1743,1.743,-0.0019,-0.0018,-0.0103,0.0028,-0.1702,-0.6963
1744,1.744,0.0019,0.0034,-0.0049,0.0016,0.0603,0.0013
1745,1.745,0.0015,0.0012,-0.0138,-0.0016,0.0908,0.2838
1746,1.746,0.0036,0.0033,-0.0098,-0.0045,0.1184,0.1999
1747,1.747,0.0025,-0.001,-0.0105,-0.0019,0.1434,0.278
1748,1.748,-0.0007,-0.0038,-0.0091,0.002,0.1215,0.2084
1749,1.749,-0.0027,0.003,-0.0097,-0.0028,0.1826,0.2726
1750,1.75,-0.0002,0.0038,-0.0119,-0.007,0.4236,0.7957
1751,1.751,-0.0018,0.0047,-0.0124,-0.0065,0.2596,0.7259
1752,1.752,-0.0028,0.001,-0.0015,-0.0101,-0.0093,0.2776
1753,1.753,-0.003,0.0003,0.0186,-0.0152,-0.1181,-0.1305
1754,1.754,-0.0023,-0.0001,0.0378,-0.0145,-0.0857,-0.1844
1755,1.755,0.0004,-0.0042,0.0403,-0.0103,-0.1157,-0.3293
1756,1.756,-0.0005,-0.0047,0.0425,-0.0074,-0.1429,-0.2863
1757,1.757,-0.0049,-0.0043,0.0364,0.0004,-0.1184,-0.2471
1758,1.758,-0.0008,0.0005,0.0233,0.0014,-0.3649,-0.572
1759,1.759,-0.0023,0,0.0046,0.0045,-0.3322,-0.9654
1760,1.76,-0.0019,-0.0028,0.002,0.0036,-0.1231,-0.4897
1761,1.761,-0.0023,0.0008,-0.0047,0.0028,0.0673,0.0875
1762,1.762,-0.0012,-0.0053,-0.0069,-0.0024,0.0924,0.1665
1763,1.763,-0.0001,-0.0027,-0.0127,0.0054,0.1151,0.2377
1764,1.764,0.0002,0.0025,-0.0045,0.0044,0.1357,0.3025
1765,1.765,-0.0034,0.0032,-0.0154,0.0017,0.0803,0.2451
1766,1.766,0.0044,-0.001,-0.0143,0.0059,0.2991,0.4037
1767,1.767,0.0034,-0.0027,-0.0109,0.0007,0.3886,0.9324
1768,1.768,0.0024,0.0009,-0.0102,0.0043,0.1988,0.5812
1769,1.769,0.0033,-0.0021,-0.0116,0.0012,-0.0237,0.1323
1770,1.77,0.0008,-0.0001,-0.0073,0.0041,-0.1137,-0.1596
1771,1.771,0.0046,0.0018,-0.0119,0.0026,-0.1412,-0.2135
1772,1.772,0.0011,-0.0035,-0.013,0.0048,-0.117,-0.2622
1773,1.773,0.0006,0.0018,-0.0113,0.0028,-0.095,-0.3062
1774,1.774,0.0012,0.0038,-0.0134,0.0038,-0.1559,-0.1874
1775,1.775,0.0048,-0.0004,-0.0155,0.0022,-0.3969,-0.7285
1776,1.776,0.0018,0.0013,-0.0174,-0.0015,-0.2985,-0.8062
1777,1.777,-0.0001,0.0018,-0.0167,-0.0037,-0.0295,-0.1723
1778,1.778,0.0009,0.003,-0.0183,-0.0017,0.0793,0.2553
1779,1.779,-0,0.0026,-0.0161,0.0009,0.1126,0.1795
1780,1.78,0.0037,0.0062,-0.0169,-0.0001,0.1426,0.2506
1781,1.781,-0.0023,0.005,-0.0183,-0.0052,0.1158,0.3152
1782,1.782,-0.0014,0.0053,-0.0194,0.0055,0.0913,0.2577
1783,1.783,0.0038,0.0003,-0.0237,-0.0021,0.3826,0.522
1784,1.784,0.0018,-0.0018,-0.0236,-0.0007,0.3432,0.8587
1785,1.785,-0.0023,-0.0023,-0.0205,0.003,0.0903,0.4655
1786,1.786,-0.0011,-0.0035,-0.026,0.0027,-0.0812,-0.0726
1787,1.787,-0.0006,-0.004,-0.0267,0.0037,-0.1147,-0.2324
1788,1.788,-0.0001,-0.0005,-0.0268,0.0027,-0.1449,-0.2814
1789,1.789,-0.0004,0.0038,-0.0261,-0,-0.1181,-0.3257
1790,1.79,0.0008,-0.0039,-0.0233,0.0025,-0.0938,-0.2072
1791,1.791,-0.0034,-0.0029,-0.0172,0.0003,-0.2508,-0.3877
1792,1.792,-0.0029,-0.002,-0.0035,0.001,-0.4343,-0.8801
1793,1.793,0.0007,-0.0046,0.0268,-0.0032,-0.1632,-0.6695
1794,1.794,-0.0005,0.0006,0.0221,-0.0061,0.0178,-0.0928
1795,1.795,0.0034,-0.0014,0.0179,-0.0035,0.0513,0.1412
1796,1.796,-0.0024,-0.0045,0.014,-0.0038,0.0815,0.2127
1797,1.797,-0.0046,-0.0062,0.0106,0.0018,0.1088,0.2773
1798,1.798,-0.001,-0.0005,0.0132,0.0024,0.1335,0.3358
1799,1.799,0.0007,-0.0027,0.0267,0.006,0.2007,0.1778
1800,1.8,-0.0022,-0.002,0.0289,0.0018,0.4245,0.7064
1801,1.801,0.0003,0.0037,0.0353,-0.0023,0.2755,0.6367
1802,1.802,-0.0009,0.0015,0.0372,0.0013,0.0309,0.1882
1803,1.803,-0.0038,-0.0006,0.0389,-0.0009,-0.0684,-0.1038
1804,1.804,-0.0028,-0.0063,0.0439,0.0003,-0.0987,-0.1579
1805,1.805,-0.0011,-0.0057,0.0424,-0.0016,-0.1261,-0.2066
1806,1.806,-0.0021,-0.0037,0.052,-0.0032,-0.1019,-0.2508
1807,1.807,-0.004,0.002,0.0608,0.0018,-0.1244,-0.2115
1808,1.808,-0.0039,-0.0032,0.053,-0.0002,-0.3482,-0.5364
1809,1.809,-0.0002,0.0016,0.0373,-0.0044,-0.3187,-0.9298
1810,1.81,-0.006,0.0021,0.0036,-0.0027,-0.0744,-0.4541
1811,1.811,-0.0023,0.0038,-0.0107,0.0021,0.0904,0.1231
1812,1.812,-0.0016,0.0053,0.0025,-0.0009,0.1207,0.2021
1813,1.813,-0.0011,0.0031,-0.0092,0.0008,0.148,0.2732
1814,1.814,-0.0016,0.0051,0.0017,-0.0008,0.1237,0.3379
1815,1.815,0.0019,-0.0007,-0.0014,-0.0068,0.1015,0.2803
1816,1.816,0.0015,0.0002,-0.0041,-0.0043,0.2847,0.3333
1817,1.817,-0.0024,0.0039,-0.0012,-0.0006,0.408,0.9581
1818,1.818,-0.0092,0.0059,0.0014,0.0001,0.1613,0.5327
1819,1.819,-0.0047,0.0001,0.0039,0.0018,-0.0692,0.1446
1820,1.82,0.0012,0.0008,0.0022,0.0013,-0.0997,-0.2086
1821,1.821,0.0005,0.0028,0.0044,0.0028,-0.1273,-0.2737
1822,1.822,-0.0016,-0.0003,0.003,-0.0042,-0.1522,-0.3326
1823,1.823,0.0026,-0.0008,-0.0012,-0.0072,-0.0853,-0.2804
1824,1.824,0.0009,0.007,-0.0077,-0.0064,-0.1872,-0.2328
1825,1.825,0.0044,-0.0034,-0.0036,-0.0039,-0.428,-0.8009
1826,1.826,0.0074,-0.0047,-0.0021,0.0014,-0.2641,-0.8788
1827,1.827,0.0009,-0.0059,-0.0007,-0.0007,-0.055,-0.2451
1828,1.828,0.0017,-0.0027,-0.0066,0.0051,0.0812,0.1822
1829,1.829,0.0042,-0.0017,-0.0052,0.0028,0.1061,0.2608
1830,1.83,0.0035,0.001,-0.0054,-0.0007,0.1286,0.3316
1831,1.831,-0.0001,0.0001,-0.0042,-0.0002,0.1085,0.2682
1832,1.832,0.0041,-0.0036,-0.0031,0.0038,0.127,0.2105
1833,1.833,-0.0012,0.0057,-0.0077,0.0033,0.3794,0.5801
1834,1.834,-0.0032,-0.0006,-0.0007,0.0044,0.3435,0.9165
1835,1.835,0.0009,0.0026,0.0008,0.0016,0.1133,0.4357
1836,1.836,0.0014,-0.0027,-0.007,0.0058,-0.096,-0.0137
1837,1.837,0.0029,0,-0.0054,0.0005,-0.1238,-0.1896
1838,1.838,0.0017,-0.0025,-0.0017,0.0083,-0.0997,-0.2434
1839,1.839,0.0028,0.0044,-0.0037,0.001,-0.1224,-0.2923
1840,1.84,0.0025,0.0017,-0.0056,-0.0017,-0.1023,-0.2492
1841,1.841,0.0028,0.0008,-0.0056,-0.0043,-0.269,-0.3683
1842,1.842,0.0031,0.0045,-0.0013,-0.0006,-0.4261,-0.9097
1843,1.843,0.0037,0.0025,-0.0001,-0.0026,-0.2022,-0.678
1844,1.844,0.0025,0.002,0.0001,-0.0044,0.007,-0.0438
1845,1.845,0.0023,0.0096,-0.007,-0.0039,0.0889,0.2131
1846,1.846,-0.0009,0.0001,-0.0032,-0.0003,0.1137,0.2914
1847,1.847,0.0003,-0.0036,-0.0057,-0.0034,0.1363,0.2218
1848,1.848,0.0006,-0.0004,-0.006,-0.0038,0.1161,0.2861
1849,1.849,0.0009,0.0007,0.0004,0.002,0.1717,0.2285
1850,1.85,-0.0007,-0.002,-0.0013,0.0012,0.4242,0.8095
1851,1.851,-0.0011,-0.0029,-0.0029,0.0018,0.2439,0.7325
1852,1.852,-0.0004,-0.0066,-0.0055,-0.0002,0.0136,0.2396
1853,1.853,0.0035,-0.0016,-0.0056,0.0003,-0.0765,-0.2097
1854,1.854,-0.0052,-0.0033,-0.0036,-0.0002,-0.1041,-0.269
1855,1.855,0.001,0.0008,-0.002,0.0023,-0.1289,-0.3226
1856,1.856,0,0.0013,-0.0028,0.0035,-0.1515,-0.275
1857,1.857,-0.003,0.001,-0.006,0.0015,-0.0908,-0.2317
1858,1.858,-0.0021,-0.0037,-0.0046,0.0011,-0.3686,-0.5889
1859,1.859,-0.0013,0.0005,-0.0063,0.005,-0.3293,-0.9256
1860,1.86,-0.0034,-0.0011,-0.001,0.0025,-0.0766,-0.445
1861,1.861,-0.0027,0.0004,-0.0073,0.0003,0.0883,0.1321
1862,1.862,0.0003,-0.0007,-0.0029,0.0067,0.1186,0.211
1863,1.863,0.0044,-0.0036,-0.0005,0.0003,0.1459,0.2821
1864,1.864,0.0009,0.0022,-0.004,-0.0005,0.1217,0.3466
1865,1.865,-0.0021,0.0031,-0.0056,0.0017,0.0994,0.2891
1866,1.866,-0.0009,-0.0021,-0.0002,-0.0018,0.2826,0.3421
1867,1.867,-0.0028,-0.0028,-0.0022,-0.0035,0.4059,0.8707
1868,1.868,0.0012,-0.0044,-0.0016,0.0018,0.2041,0.6601
1869,1.869,0.0037,0.0044,-0.0068,-0.0002,-0.0407,0.0833
1870,1.87,0.0007,0.0007,-0.0003,0.0015,-0.0743,-0.1505
1871,1.871,0.0011,0.0017,-0.0062,0.0055,-0.1045,-0.222
1872,1.872,0.0001,0.0007,-0.0055,-0.0022,-0.132,-0.2869
1873,1.873,0.0033,0.0072,-0.0048,-0.0012,-0.1078,-0.2296
1874,1.874,0.0013,-0.0006,-0.0031,-0.0022,-0.1751,-0.1772
1875,1.875,-0.0005,0.0047,-0.0026,0.0005,-0.4398,-0.8019
1876,1.876,0.0019,-0.0017,-0.0084,-0.0021,-0.2597,-0.8876
1877,1.877,0.0009,-0.006,-0.0091,0.0017,-0.0294,-0.1905
1878,1.878,-0.0022,-0.0022,-0.0042,-0.0019,0.1204,0.0921
1879,1.879,-0.0018,0.0027,-0.0085,-0.0002,0.0939,0.1787
1880,1.88,-0.0028,0.0022,-0.0173,-0.0042,0.1187,0.2569
1881,1.881,0.0025,0.0005,-0.0086,-0.0017,0.0966,0.3277
1882,1.882,0.0032,0.001,-0.0096,0.0014,0.1169,0.2641
1883,1.883,0.0011,0.0007,-0.0107,-0.0025,0.3577,0.5545
1884,1.884,0.0006,0.0046,-0.0081,-0.003,0.325,0.9245
1885,1.885,0.0001,-0.0001,-0.0107,0.002,0.116,0.3958
1886,1.886,0.0007,0.003,-0.0144,0.0027,-0.0744,-0.0978
1887,1.887,-0.0031,0.0018,-0.0111,0.0054,-0.1035,-0.2086
1888,1.888,-0.0034,0.0035,-0.0091,-0.0029,-0.1284,-0.2735
1889,1.889,0.0013,-0.0001,-0.0061,0.0003,-0.151,-0.3323
1890,1.89,0.0019,-0.0004,-0.0102,-0.0007,-0.0903,-0.28
1891,1.891,0.0002,-0.0016,-0.0118,-0.0016,-0.257,-0.3283
1892,1.892,-0.0003,0.0042,-0.0049,0.0009,-0.414,-0.8964
1893,1.893,-0,-0.0017,0.0108,0.0016,-0.1901,-0.6647
1894,1.894,0.0003,0.0005,0.0311,0.0022,0.0192,-0.0304
1895,1.895,-0.0007,-0.0044,0.0338,0.0005,0.1011,0.2266
1896,1.896,-0.0059,-0.0061,0.041,-0.0025,0.1261,0.3051
1897,1.897,-0.0052,-0.0066,0.0476,-0.006,0.1487,0.2357
1898,1.898,-0.0102,-0.0031,0.0537,-0.0091,0.088,0.3002
1899,1.899,-0.0119,-0.0043,0.0519,-0.0052,0.1436,0.2425
1900,1.9,-0.0054,-0.0004,0.0299,-0.0038,0.3961,0.7182
1901,1.901,-0.0029,-0.0072,-0.003,0.0004,0.2881,0.7828
1902,1.902,-0.0022,0.0013,-0.0074,-0.0025,-0.0078,0.2589
1903,1.903,-0.0016,-0.0043,-0.0034,0.0023,-0.1274,-0.0941
1904,1.904,0.0001,0.0009,-0.0069,0.0017,-0.0918,-0.2874
1905,1.905,0.0006,0.0036,-0.0036,0.0058,-0.1249,-0.3462
1906,1.906,0.0011,0.0011,0.0053,0.001,-0.1549,-0.3995
1907,1.907,0.0033,0.0018,0.0027,0.0005,-0.0738,-0.1595
1908,1.908,0.0053,-0.0018,0.0052,-0.0036,-0.3448,-0.5526
1909,1.909,0.0043,-0.0013,0.0075,-0.0021,-0.381,-0.9225
1910,1.91,0.0033,-0.0018,0.0097,-0.009,-0.0853,-0.3936
1911,1.911,0.0029,0.0007,0.0042,-0.008,0.114,0.1002
1912,1.912,0.0048,-0.0023,0.0061,-0.0035,0.0786,0.2939
1913,1.913,0.0041,-0.0027,0.0017,0.0007,0.1119,0.2369
1914,1.914,0.0029,-0.0052,0.0033,0.0029,0.142,0.2905
1915,1.915,-0.0003,-0.0028,0.0023,-0.0036,0.1151,0.243
1916,1.916,0,-0.0025,0.0035,-0.0044,0.2384,0.3743
1917,1.917,-0.002,-0.0007,0.0027,-0.0038,0.4403,0.8907
1918,1.918,0.0022,-0.0005,0.0038,0.0055,0.1963,0.6803
1919,1.919,0.0051,0.0032,0.0032,0.0092,-0.0341,0.1037
1920,1.92,0.0025,0.0037,0.0087,0.0036,-0.0645,-0.1299
1921,1.921,0.0022,0.0088,-0.0003,0.0066,-0.0919,-0.2012
1922,1.922,-0.0007,0.0052,0.0012,0.0058,-0.1166,-0.2658
1923,1.923,0.0028,0.0022,-0.0041,0.0032,-0.0945,-0.3243
1924,1.924,0.0032,0.0005,0.0015,0.0025,-0.1554,-0.1662
1925,1.925,0.002,0.002,0.0026,0.0032,-0.4332,-0.7908
1926,1.926,0.0016,0.0051,0.0004,0.0015,-0.3143,-0.8764
1927,1.927,-0.003,0.0003,0.0001,0.0043,-0.0612,-0.334
1928,1.928,-0.0025,0.0008,-0.0003,0.0018,0.1037,0.16
1929,1.929,0.0004,0.0013,0.0006,0.004,0.1341,0.2252
1930,1.93,-0.0043,-0.0012,0.0014,-0.0025,0.1616,0.2842
1931,1.931,0.0014,0.0018,-0.0017,0.0002,0.1373,0.3377
1932,1.932,0.0007,0.0006,-0.0017,0.0027,0.1152,0.1942
1933,1.933,0.0014,0.0025,-0.001,-0.001,0.3799,0.5875
1934,1.934,-0.0017,0.0048,0.0029,0.001,0.3442,0.8519
1935,1.935,-0.0012,-0.0003,0.0003,0.0053,0.1142,0.4194
1936,1.936,0.0024,0.0018,-0.0032,0.0012,-0.095,-0.1052
1937,1.937,0.0012,-0.0013,-0.0043,0.0027,-0.1225,-0.177
1938,1.938,-0,-0.003,0.0003,0.0005,-0.1473,-0.242
1939,1.939,-0.001,-0.0025,-0.0033,-0.0023,-0.1252,-0.3006
1940,1.94,-0.0027,-0.0047,0.0028,0.0012,-0.1049,-0.2483
1941,1.941,0.0023,0.0009,0.0025,0.0034,-0.2344,-0.2964
1942,1.942,-0.0054,-0.0013,0.005,0.0063,-0.4195,-0.9517
1943,1.943,-0.0024,0.0007,0.0012,0.0073,-0.1975,-0.6711
1944,1.944,-0.0033,-0.001,-0.0025,0.0021,0.0119,-0.074
1945,1.945,-0.0024,0.0007,-0.0015,-0.0064,0.0939,0.1599
1946,1.946,-0.0002,0.0012,0.004,0.0014,0.119,0.2315
1947,1.947,-0.0009,0.0023,0.0008,0.0004,0.1418,0.2963
1948,1.948,-0.0026,0.0012,0.0029,0.0013,0.1219,0.2387
1949,1.949,0.0003,-0.0046,-0.0008,0.0004,0.1776,0.1863
1950,1.95,-0.0003,0.0013,-0.0019,-0.0048,0.3965,0.811
1951,1.951,0.0028,-0.0009,0.0014,-0.0068,0.2477,0.7263
1952,1.952,-0.0036,-0.0002,0.0028,-0.0085,0.0034,0.3386
1953,1.953,0.0049,0.0003,0.002,-0.0068,-0.0958,-0.1553
1954,1.954,-0.0007,0.002,-0.0017,-0.001,-0.126,-0.2206
1955,1.955,0.0023,-0.0037,0.001,-0.0062,-0.0991,-0.2794
1956,1.956,-0.0022,0.0015,0.0008,-0.0069,-0.1238,-0.3328
1957,1.957,0.002,-0.0005,0.0038,-0.0051,-0.1015,-0.189
1958,1.958,-0.0017,0.0012,0.0014,-0.0022,-0.3251,-0.5822
1959,1.959,0.0003,-0.0028,0.0061,-0.0027,-0.355,-0.9521
1960,1.96,-0.0002,-0.0023,0.0004,0.0015,-0.1106,-0.4234
1961,1.961,-0.0018,-0.002,-0.0002,-0.0049,0.0544,0.0704
1962,1.962,0.0007,0.0009,-0.0023,0.0029,0.0849,0.2638
1963,1.963,-0.0015,-0.0042,0.0007,-0.0001,0.1123,0.323
1964,1.964,0.0025,-0.0048,0.0047,0.0008,0.1372,0.2709
1965,1.965,0.0009,0.0035,-0.0012,0.0017,0.0703,0.2234
1966,1.966,-0.0012,0.0002,-0.002,0.0011,0.2536,0.3546
1967,1.967,0.0008,-0.0008,-0.0001,0.0032,0.4262,0.871
1968,1.968,-0.0002,0.0001,-0.0007,0.0027,0.1798,0.6606
1969,1.969,0.0015,-0.0007,-0.0026,-0.0013,-0.0506,0.0841
1970,1.97,-0.0015,-0,-0.0063,-0.0038,-0.0811,-0.1496
1971,1.971,-0.0011,0.0007,-0.0076,-0.0007,-0.1085,-0.2208
1972,1.972,0.0028,0.0012,-0.0039,0.0033,-0.1333,-0.2854
1973,1.973,0.0002,0.0041,-0.0016,-0.0002,-0.1111,-0.2277
1974,1.974,0.0014,-0.0006,-0.0007,0.0049,-0.1721,-0.1753
1975,1.975,-0.0014,0.0011,-0.0038,0.0043,-0.4129,-0.7998
1976,1.976,-0.0011,-0.0006,-0.0038,0.0026,-0.249,-0.8853
1977,1.977,0.0029,0.0041,-0.003,0.001,-0.0399,-0.1881
1978,1.978,0.0014,-0.0041,-0.0084,0.0046,0.0964,0.0944
1979,1.979,0.0017,0.0014,-0.0108,0.0034,0.1215,0.1813
1980,1.98,0.0014,-0.0038,-0.0042,-0.0005,0.1442,0.2598
1981,1.981,0.0011,0.0047,-0.0109,0.0021,0.1241,0.3308
1982,1.982,0.0057,0.0015,-0.007,0.0009,0.1058,0.2674
1983,1.983,0.0015,0.0005,-0.0143,-0.0019,0.3583,0.5582
1984,1.984,0.002,0.0013,-0.0101,0.0007,0.3224,0.9283
1985,1.985,-0.0015,0.0005,-0.0097,0.0039,0.0923,0.4959
1986,1.986,0.0027,0.0012,-0.0094,0.0036,-0.0575,-0.0287
1987,1.987,-0.0025,-0.0008,-0.0118,0,-0.0852,-0.241
1988,1.988,-0.0008,0.0019,-0.0088,-0.0016,-0.1187,-0.2559
1989,1.989,0.0012,0.0014,-0.0134,0.0006,-0.1435,-0.3205
1990,1.99,-0.003,0.0009,-0.0121,0.0018,-0.0765,-0.2628
1991,1.991,0.0046,0.0034,-0.012,0.0028,-0.2597,-0.3157
1992,1.992,-0.0006,0.0004,-0.0135,0.0004,-0.4322,-0.9403
1993,1.993,0.004,-0.0035,-0.0151,0.0008,-0.1856,-0.6853
1994,1.994,0.0014,0,-0.0119,-0.0023,0.0448,-0.1423
1995,1.995,0.0008,0.0004,-0.0145,0.0024,0.0753,0.211
1996,1.996,-0.0013,-0.0035,-0.0169,0.0007,0.1028,0.2762
1997,1.997,-0.0018,-0.004,-0.0147,-0.0021,0.1276,0.335
1998,1.998,-0.0023,-0.0029,-0.0098,0.0004,0.1055,0.2828
1999,1.999,-0.0048,-0.0017,0.0013,0.0016,0.1665,0.2351
2000,2,0.0013,-0.0014,0.0264,0.0004,0.4074,0.8031
2001,2.001,0.0005,0.0039,0.0369,-0.0006,0.309,0.8809
2002,2.002,0.0012,0.0002,0.0333,-0.0023,0.0399,0.2471
2003,2.003,-0.0009,0.0037,0.0359,-0.004,-0.0689,-0.18
2004,2.004,0.0008,0.002,0.0165,-0.001,-0.1023,-0.2588
2005,2.005,0.0013,0.0003,0.0039,-0.0038,-0.1324,-0.3297
2006,2.006,0.0018,0.0028,0.0148,-0.0035,-0.1597,-0.2664
2007,2.007,0.0015,-0.0014,0.0207,0.0011,-0.0861,-0.2088
2008,2.008,-0.0014,0.0003,0.0261,0.0006,-0.3774,-0.5785
2009,2.009,-0.0039,0.0008,0.0309,-0.0047,-0.338,-0.9152
2010,2.01,-0.0023,0.0019,0.0353,0.0002,-0.0853,-0.4347
2011,2.011,-0.0046,0.0007,0.0421,-0.004,0.0796,0.0146
2012,2.012,-0.0084,0.0011,0.0508,-0.0081,0.1099,0.1904
2013,2.013,-0.0059,-0.0006,0.0562,-0.0086,0.1373,0.2442
2014,2.014,-0.0047,0.0003,0.0404,-0.0064,0.113,0.2928
2015,2.015,-0.005,-0.0039,0.0067,-0.0076,0.0908,0.2495
2016,2.016,-0.0025,-0.0034,-0.0078,-0.0019,0.2331,0.2891
2017,2.017,0.0007,-0.0063,-0.0034,0.004,0.3999,0.8304
2018,2.018,-0.0022,-0.0038,-0.0073,0.0002,0.1982,0.5984
2019,2.019,-0.0012,-0.008,0.0035,-0.0076,-0.0465,0.1049
2020,2.02,-0.0009,0.0007,0.0003,-0.0066,-0.0801,-0.2167
2021,2.021,0.0021,0.0019,0.0033,-0.0039,-0.1103,-0.2761
2022,2.022,0.0039,0.0029,0.0006,-0.0014,-0.1377,-0.2242
2023,2.023,-0.0014,-0.0024,0.0031,0.0007,-0.1134,-0.2729
2024,2.024,-0.0021,-0.0032,0.0054,0.0027,-0.1359,-0.2297
2025,2.025,-0.0028,-0.0007,0.0036,0.0032,-0.4006,-0.746
2026,2.026,-0.0033,-0,-0.0019,0.0037,-0.2926,-0.8169
2027,2.027,-0.0005,0.0006,0,0.0051,-0.0623,-0.3689
2028,2.028,0,-0.0036,0.0048,0.0081,0.0874,0.0393
2029,2.029,-0.0004,0.0039,0.001,0.0052,0.115,0.1988
2030,2.03,0.0016,-0.0033,0,-0.0006,0.1398,0.3434
2031,2.031,0.0052,-0.0007,0.0013,0.0053,0.1177,0.3
2032,2.032,0.0001,-0.0049,0.0006,-0.0017,0.0975,0.2606
2033,2.033,0.0021,-0.0042,0.0017,0.0028,0.3752,0.5854
2034,2.034,0.0015,-0.0022,0.0046,0.0053,0.3358,0.9786
2035,2.035,0.0044,0.0008,-0.0003,0.0015,0.083,0.5026
2036,2.036,0.0028,0.0037,-0.0035,0.0035,-0.0819,-0.0747
2037,2.037,0.0024,0.0072,0.0026,-0.0008,-0.1123,-0.1539
2038,2.038,0.0036,0.005,-0.0007,0.0044,-0.1397,-0.2254
2039,2.039,0.0061,-0.0006,-0.0024,0.0037,-0.1645,-0.2902
2040,2.04,0.005,0,-0.0014,0.0079,-0.0975,-0.2331
2041,2.041,0.0019,-0.002,-0.0015,0.0038,-0.2398,-0.2864
2042,2.042,0.0023,-0.0003,0.0025,0.0022,-0.4066,-0.9114
2043,2.043,-0.0023,0.0049,0.0026,0.001,-0.205,-0.6568
2044,2.044,-0.0029,0.0085,0.0001,0.003,0.0397,-0.1142
2045,2.045,-0.0034,-0.001,-0.0036,-0.0021,0.1389,0.2388
2046,2.046,0.0013,0.003,0.0009,-0.0042,0.1095,0.3037
2047,2.047,-0.0018,0.0067,0.0008,-0.0059,0.1368,0.2462
2048,2.048,0.0011,0.0012,-0.0038,-0.0065,0.1124,0.2992
2049,2.049,-0.0005,-0.0019,0.0001,-0.008,0.1797,0.2513
2050,2.05,-0.0008,0.0027,0,-0.0069,0.4036,0.7317
2051,2.051,0.0003,0.0035,-0.0001,-0.0049,0.2547,0.7961
2052,2.052,0.0039,0.0013,-0.0033,-0.003,0.0645,0.2722
2053,2.053,-0.0003,-0.0036,0.0001,-0.0083,-0.0594,-0.2217
2054,2.054,-0.002,-0.0019,-0.0025,-0.0046,-0.0821,-0.1594
2055,2.055,0.0005,-0.0002,-0.0048,-0.001,-0.1433,-0.3346
2056,2.056,0.0017,0.0003,0.0006,0.002,-0.1251,-0.2826
2057,2.057,-0.0012,-0.0008,0.0029,0.0015,-0.1085,-0.235
2058,2.058,-0.0002,0.002,0.001,0.002,-0.3381,-0.5409
2059,2.059,0.0022,0.0017,-0.0019,0.005,-0.3711,-0.9779
2060,2.06,0.0012,0,-0.0023,0.0115,-0.1022,-0.4548
2061,2.061,-0.0018,-0.0003,0.0013,0.0069,0.0789,0.0389
2062,2.062,-0.0006,0.0011,-0.0016,0.0095,0.1123,0.2323
2063,2.063,0.0019,0.0004,-0.0012,0.001,0.1425,0.2913
2064,2.064,0.0003,0.0026,0.0007,0.0043,0.1157,0.3448
2065,2.065,0.0013,0.0013,-0.0045,-0.001,0.0914,0.2011
2066,2.066,0.0032,0.0047,-0.0053,0.0037,0.2482,0.3323
2067,2.067,0.0015,-0.0004,-0.0033,0.0012,0.4316,0.9279
2068,2.068,0.0017,-0.0024,-0.0051,-0.001,0.2098,0.6729
2069,2.069,-0.0014,-0.004,-0.0036,0.0011,-0.0594,0.13
2070,2.07,-0.0002,-0.0045,-0.0062,0.0006,-0.0961,-0.2231
2071,2.071,-0.003,-0.002,-0.0076,0.0011,-0.1293,-0.2881
2072,2.072,0.0012,-0.0016,-0.003,-0.0014,-0.0999,-0.3468
2073,2.073,0.0018,-0.0012,-0.0048,0.0017,-0.1272,-0.2943
2074,2.074,-0.0007,-0.0002,-0.0067,0.0006,-0.1518,-0.2464
2075,2.075,-0.001,0.0002,-0.0064,0.0025,-0.3984,-0.7267
2076,2.076,-0.0021,0.0053,-0.0062,0.0001,-0.3001,-0.7909
2077,2.077,0.003,-0.0011,-0.0103,0.0005,-0.0311,-0.2671
2078,2.078,-0.0034,0.0015,-0.007,0.0024,0.0778,0.2269
2079,2.079,0.0009,-0.0037,-0.0103,-0.0015,0.1111,0.2924
2080,2.08,-0.0012,-0.0016,-0.0066,-0.0009,0.1412,0.2353
2081,2.081,0.0024,-0.0033,-0.0084,0.0006,0.1144,0.289
2082,2.082,0.0007,-0.0016,-0.009,0.0037,0.09,0.2414
2083,2.083,0.0013,0,-0.0096,0.0017,0.3365,0.5475
2084,2.084,0.0008,0.0031,-0.0088,-0.0041,0.3695,0.9054
2085,2.085,0.0012,-0.0025,-0.0094,0.0019,0.1007,0.4732
2086,2.086,0.0016,-0.0002,-0.008,-0.0003,-0.0804,-0.0512
2087,2.087,0.0026,0.0018,-0.0119,-0.0023,-0.1139,-0.2634
2088,2.088,-0.0013,0.0024,-0.0127,-0.004,-0.144,-0.2004
2089,2.089,0.0027,-0.0006,-0.0173,-0.0018,-0.1337,-0.296
2090,2.09,0.0012,-0.0023,-0.0145,-0.0047,-0.1068,-0.2384
2091,2.091,0.0009,-0.0028,-0.0128,-0.0042,-0.23,-0.2913
2092,2.092,0.0029,0.0003,-0.0149,-0.0038,-0.4318,-0.9159
2093,2.093,0.0026,0.0006,-0.0127,0.0001,-0.1878,-0.6609
2094,2.094,-0.0026,0.001,-0.0079,0.0036,0.0427,-0.118
2095,2.095,-0.002,-0.0007,0.0026,0.0024,0.1328,0.2352
2096,2.096,-0.004,0.0016,0.0193,-0.0015,0.1062,0.3005
2097,2.097,-0.0009,0.001,0.0213,0,0.1311,0.2431
2098,2.098,-0.0004,-0.0019,0.0272,-0.0022,0.109,0.1909
2099,2.099,-0.0052,0.0006,0.0289,-0.0078,0.1295,0.1433
2100,2.1,-0.0009,-0.0011,0.0339,-0.0085,0.4074,0.7112
2101,2.101,-0.0004,0.0027,0.0353,0.0022,0.2886,0.789
2102,2.102,-0.0019,0.0023,0.0421,0.0006,-0.0368,0.2962
2103,2.103,-0.0031,0.002,0.0383,0.002,-0.0812,-0.153
2104,2.104,-0.002,-0.0006,0.0553,-0.0018,-0.1212,-0.2126
2105,2.105,-0.001,-0.0003,0.0576,-0.0008,-0.0854,-0.2662
2106,2.106,-0.0049,-0.002,0.0509,0.0002,-0.1186,-0.315
2107,2.107,-0.0023,0.0011,0.0203,-0.0006,-0.089,-0.2718
2108,2.108,-0.0002,0.0031,-0.0018,0.0002,-0.3871,-0.4704
2109,2.109,-0.0058,0.0012,-0.0056,-0.002,-0.3477,-0.9399
2110,2.11,0.0011,-0.0041,-0.0021,-0.004,-0.095,-0.4922
2111,2.111,-0.0016,-0.0093,-0.0052,-0.0057,0.0699,0.0324
2112,2.112,-0.0041,-0.0029,-0.0023,-0.0134,0.1003,0.2446
2113,2.113,0.0011,-0.0021,0.0005,-0.0103,0.1278,0.3096
2114,2.114,0.0017,0.0001,0.0079,-0.0039,0.1526,0.2523
2115,2.115,0.0012,0.0021,0.0102,-0.0031,0.0857,0.3056
2116,2.116,-0.0005,0.0037,0.0084,-0.0009,0.2689,0.3538
2117,2.117,-0.0031,0.0008,0.0067,0.004,0.4415,0.9218
2118,2.118,-0.0001,-0.0028,0.0052,0.0034,0.195,0.69
2119,2.119,-0.0048,-0.004,0.0008,0.0075,-0.0355,0.0559
2120,2.12,-0.0079,-0.0001,0.0024,0.0007,-0.066,-0.2009
2121,2.121,-0.0063,-0.0027,0.0014,0.0034,-0.0935,-0.2795
2122,2.122,-0.0016,-0.0024,0.0027,0.0025,-0.1183,-0.3504
2123,2.123,0.0015,-0.0021,0.006,0.0032,-0.0962,-0.287
2124,2.124,-0.0003,-0.0046,-0.0001,0.0052,-0.1573,-0.2292
2125,2.125,0.0033,-0.0057,0.0011,0.0047,-0.3981,-0.7047
2126,2.126,0.002,-0.0007,0.0021,0.0006,-0.2998,-0.8968
2127,2.127,-0.0027,0.0013,0.0004,0.0084,-0.0307,-0.2567
2128,2.128,0.0003,-0.0029,0.0003,0.0052,0.0782,0.1707
2129,2.129,0.0067,-0.0001,0.0002,0.0082,0.1115,0.2495
2130,2.13,0.0024,0.0004,0.0031,-0.0003,0.1416,0.3207
2131,2.131,0.0031,0.0007,0.0038,0.0053,0.1147,0.2574
2132,2.132,0.0051,0.0045,-0.0013,-0.002,0.0904,0.1999
2133,2.133,0.0045,0.003,0.0061,0.0026,0.3369,0.4641
2134,2.134,-0.0043,0.0018,0.0038,0.0018,0.3699,0.897
2135,2.135,0.0019,-0.0011,-0.0016,0.0011,0.1011,0.4903
2136,2.136,0.0051,0.0031,-0.0005,0.0004,-0.08,0.0134
2137,2.137,0.0021,-0.0034,-0.0007,0.0009,-0.1134,-0.18
2138,2.138,0.0012,0.0025,-0.0007,-0.0031,-0.1435,-0.239
2139,2.139,0.0003,0.0062,0.0003,0.0047,-0.1168,-0.2923
2140,2.14,0.001,-0.0016,0.0003,0.0015,-0.0924,-0.2446
2141,2.141,0.003,0.0036,-0.0014,0.0045,-0.2493,-0.2883
2142,2.142,0.0013,0.0063,0.0003,0.0018,-0.4326,-0.8838
2143,2.143,0.0053,0.0071,0.0018,-0.0024,-0.2108,-0.6287
2144,2.144,0.0006,0.0002,-0.0015,-0.0002,-0.0015,-0.0857
2145,2.145,0.0022,0.001,-0.0036,0.0005,0.0804,0.2677
2146,2.146,0.0005,0.0035,-0.0027,0.0022,0.1054,0.2052
2147,2.147,0.0063,-0.0017,-0.001,-0.0007,0.128,0.2641
2148,2.148,-0.0007,-0.0024,-0.0002,-0.0032,0.1079,0.3175
2149,2.149,0.0002,-0.0029,0.0006,-0.0035,0.1635,0.1737
2150,2.15,-0.0024,-0.0001,0.0014,-0.0006,0.4159,0.7417
2151,2.151,0.0046,0.0047,0.0036,0.0051,0.3079,0.8196
2152,2.152,0.0019,0.0042,0.0002,0.0026,0.012,0.327
2153,2.153,0.0027,-0.0023,0.0011,-0.0011,-0.1077,-0.122
2154,2.154,0.0021,-0.0065,0.002,-0.0059,-0.0722,-0.1812
2155,2.155,0,-0.0012,0.0054,-0.0042,-0.1053,-0.2347
2156,2.156,-0.0005,0.0037,0.0029,-0.0025,-0.1353,-0.2831
2157,2.157,-0.0021,-0.0021,0.0006,0.0023,-0.1084,-0.2398
2158,2.158,-0.0026,0.0001,0.0019,0.0006,-0.3302,-0.5176
2159,2.159,0.0005,-0.0005,-0.0016,0.0012,-0.3602,-0.9145
2160,2.16,-0.0024,0.0026,0.0009,-0.0035,-0.116,-0.4387
2161,2.161,-0.0059,0.0009,-0.0001,-0.004,0.0489,0.0107
2162,2.162,-0.0028,-0.0006,-0.0002,0.0001,0.0793,0.1866
2163,2.163,-0.0016,-0.0009,-0.001,0.0006,0.1068,0.2406
2164,2.164,-0.0006,-0.0029,-0.0032,-0.0005,0.1316,0.2895
2165,2.165,0.0034,-0.0011,-0.0017,0.0034,0.1095,0.2464
2166,2.166,-0.0002,0.0042,0.0024,-0.0044,0.2518,0.2862
2167,2.167,-0.0005,0.0005,-0.0003,0.0013,0.4185,0.8276
2168,2.168,0.0043,-0.003,0.0046,-0.0102,0.2168,0.5958
2169,2.169,0.0039,0.0013,0.0053,-0.0056,-0.0279,0.1026
2170,2.17,-0.0049,0.0018,0.0001,-0.0015,-0.0614,-0.2188
2171,2.171,-0.006,0.0023,-0.0017,-0.0052,-0.0917,-0.2782
2172,2.172,-0.0027,0.0036,-0.0021,-0.002,-0.1191,-0.3317
2173,2.173,-0.0037,0.0056,-0.0015,-0.0009,-0.0949,-0.2841
2174,2.174,0.0009,-0.0001,0.0033,-0.0001,-0.1622,-0.2407
2175,2.175,-0.0016,0.0008,0.0017,0.0025,-0.4269,-0.7569
2176,2.176,-0.0008,0.0001,0.0023,-0.0027,-0.319,-0.8276
2177,2.177,0.0013,-0.0019,-0.0001,0.0037,-0.0233,-0.2516
2178,2.178,0.003,-0.0013,-0.0012,-0.0041,0.0963,0.1369
2179,2.179,-0.001,0.0004,-0.0023,0.0012,0.1328,0.2085
2180,2.18,0.0048,-0.0001,-0.0033,0.002,0.1002,0.2731
2181,2.181,0.0042,0.0003,-0.0049,0.0012,0.1301,0.3317
2182,2.182,-0.0007,0.0059,-0.0018,-0.0025,0.103,0.1736
2183,2.183,0.001,-0.001,-0.0014,-0.0032,0.3247,0.5098
2184,2.184,-0.0006,0.0018,-0.001,-0.0002,0.3546,0.9031
2185,2.185,-0.0021,-0.0007,-0.0019,0.0015,0.1102,0.5333
2186,2.186,0.001,-0.0014,-0.0056,0.005,-0.0548,0.0031
2187,2.187,0.0022,-0.0034,0.0002,0.0054,-0.0854,-0.2094
2188,2.188,-0.002,-0.0003,-0.0019,0.0057,-0.1129,-0.2746
2189,2.189,0.0068,-0.0008,-0.0083,0.006,-0.1378,-0.3334
2190,2.19,0.0004,-0.0048,-0.0052,0.004,-0.0923,-0.2518
2191,2.191,-0.0033,-0.0013,0.0008,0.0016,-0.2493,-0.3051
2192,2.192,0.0023,-0.0043,0.0001,-0.0008,-0.3918,-0.9302
2193,2.193,-0.0008,0.0022,-0.0005,0.0034,-0.2253,-0.6754
2194,2.194,0.0019,-0.0043,-0.0035,-0.0008,0.0218,-0.1328
2195,2.195,0.0011,-0,0.0054,-0.0049,0.1208,0.2202
2196,2.196,0.0018,0.0007,0.0244,0.0028,0.0913,0.285
2197,2.197,-0.0003,-0.0013,0.0491,-0.0004,0.1186,0.3433
2198,2.198,-0.0033,-0.0008,0.0458,-0.0014,0.0942,0.2907
2199,2.199,-0.0038,-0.0037,0.025,-0.0006,0.1613,0.2425
2200,2.2,-0.0044,-0.0012,0.0058,-0.0015,0.4259,0.7226
2201,2.201,0.0026,0.001,0.0034,0.0007,0.2456,0.7866
2202,2.202,-0.0005,-0.0037,0.0011,0.0014,0.0153,0.2625
2203,2.203,0.0003,-0.002,0.0031,-0.0029,-0.0749,-0.0909
2204,2.204,-0.0039,0.0021,0.0012,-0.0093,-0.1026,-0.2845
2205,2.205,-0.0002,-0.0015,-0.0005,-0.0085,-0.1275,-0.2277
2206,2.206,-0.0009,-0.0037,0.0101,-0.0015,-0.1502,-0.2816
2207,2.207,-0.0026,-0.004,0.006,0.0011,-0.0896,-0.2342
2208,2.208,-0.0021,-0.0076,0.0048,0.0037,-0.3304,-0.5405
2209,2.209,-0.0006,-0.0025,0.0103,-0.0001,-0.3636,-0.9778
2210,2.21,-0.0003,-0.0005,0.0092,0.002,-0.1548,-0.4551
2211,2.211,-0.0007,0.0064,0.0046,-0.0011,0.0355,0.0383
2212,2.212,-0.005,0.0018,0.0054,-0.0052,0.0606,0.2314
2213,2.213,0.0003,0.0027,0.0061,-0.0027,0.128,0.2899
2214,2.214,0.0023,-0.0011,0.0067,-0.0005,0.1485,0.3431
2215,2.215,0.0017,-0.0018,0.0024,0.0024,0.0932,0.2952
2216,2.216,-0.0071,0.0013,0.0029,-0.0011,0.2446,0.3388
2217,2.217,-0.0134,0.0041,0.0044,0.0019,0.4279,0.8548
2218,2.218,-0.0056,0.0016,0.0013,0.0031,0.206,0.644
2219,2.219,-0.0047,0.0012,-0.0035,-0.0011,-0.0033,0.195
2220,2.22,-0.0001,0,-0.0018,0.0041,-0.0853,-0.2135
2221,2.221,0.0007,0.0003,-0.0035,0.0034,-0.1103,-0.3733
2222,2.222,-0.0016,0.0007,0.0012,0.0004,-0.133,-0.3261
2223,2.223,0.0004,-0.001,-0.003,-0.0001,-0.113,-0.2831
2224,2.224,-0.0013,0.0032,0.0022,0.0004,-0.1316,-0.1646
2225,2.225,0.0015,0.0062,-0.0027,0.0065,-0.3841,-0.7059
2226,2.226,0.004,-0.0015,-0.001,0.0023,-0.2762,-0.7837
2227,2.227,0.0052,0.0016,-0.0075,0.0016,-0.0459,-0.2911
2228,2.228,0.0023,-0.0012,-0.0049,0.001,0.1039,0.1581
2229,2.229,0.0033,0.003,-0.0056,0.0015,0.1315,0.2175
2230,2.23,0.0015,-0.0007,-0.0049,-0.0026,0.1563,0.2711
2231,2.231,-0.0009,-0.0001,-0.0032,0.001,0.1342,0.3198
2232,2.232,0.001,0.0004,-0.0027,0.0007,0.0735,0.1893
2233,2.233,0.0048,-0.0024,-0.0062,0.0046,0.3513,0.4671
2234,2.234,0.0065,0.0033,-0.005,-0.0022,0.3911,0.9366
2235,2.235,-0.0003,0.0011,-0.0046,0.0024,0.1384,0.489
2236,2.236,0.0042,-0.001,-0.001,-0.0018,-0.0921,-0.0355
2237,2.237,0.0017,0.0007,-0.0006,-0.0025,-0.1225,-0.2478
2238,2.238,0.0038,-0.001,-0.0053,-0.0004,-0.0957,-0.3127
2239,2.239,0.0018,0.0025,-0.0035,-0.0009,-0.1204,-0.2552
2240,2.24,0.0023,0.0003,-0.0029,0.0019,-0.0983,-0.203
2241,2.241,0.0051,0.0006,-0.0024,0.0035,-0.2406,-0.3473
2242,2.242,0.0016,0.0032,-0.0011,0.0013,-0.4073,-0.9152
2243,2.243,0.0019,-0.0007,-0.0049,0.0042,-0.2055,-0.6834
2244,2.244,0.0007,-0.0043,0.003,-0.0016,0.0391,-0.0491
2245,2.245,0.0017,-0.0065,0.0202,0.001,0.0728,0.208
2246,2.246,0.0007,-0.0017,0.0427,0.0003,0.1031,0.2867
2247,2.247,-0.0017,0.0025,0.0457,-0.0033,0.1305,0.3577
2248,2.248,0.0025,-0.0027,0.0539,-0.0016,0.1062,0.2944
2249,2.249,0.0008,-0.0007,0.0468,-0.0044,0.1288,0.2369
2250,2.25,-0.002,-0.0023,0.0265,-0.006,0.3935,0.7126
2251,2.251,-0.0005,0.0005,0.0128,-0.0017,0.2857,0.777
2252,2.252,-0.0027,0.0011,0.0056,-0.0046,-0.0102,0.2534
2253,2.253,0.0002,0.0023,0.0033,-0.0051,-0.0505,-0.0997
2254,2.254,-0.0023,0.0026,0.0013,0.0019,-0.0869,-0.1649
2255,2.255,-0.002,0.0016,-0.0006,0.0049,-0.1199,-0.3397
2256,2.256,-0.0029,0.004,0.001,0.0003,-0.1497,-0.2872
2257,2.257,-0.0027,0.0003,0.0055,0.0012,-0.0685,-0.2393
2258,2.258,0.0002,0.0015,0.004,0.0019,-0.3394,-0.4576
2259,2.259,0.002,0.0003,0.0051,0.0068,-0.3754,-0.974
2260,2.26,0.0004,0.0039,-0.0007,0.0026,-0.1453,-0.4817
2261,2.261,0.0021,0.0009,0.0022,-0.0003,0.0642,0.0955
2262,2.262,-0.0009,0.0013,0.0028,-0.006,0.092,0.1746
2263,2.263,0.002,-0.0012,-0.0033,-0.0082,0.1171,0.2459
2264,2.264,-0.0022,0.0027,-0.0029,-0.0033,0.1399,0.3108
2265,2.265,0.0054,-0.0008,-0.0024,-0.005,0.0793,0.2535
2266,2.266,-0.0018,-0.0019,-0.0043,0.0003,0.2462,0.3067
2267,2.267,0.0009,0.001,-0.005,0.001,0.4033,0.8355
2268,2.268,0.0001,-0.0009,-0.0037,-0.0007,0.2202,0.6251
2269,2.269,0.0023,-0.0032,-0.0028,-0.0002,-0.0021,0.1764
2270,2.27,0.0017,-0.0049,-0.0051,-0.0027,-0.0919,-0.2317
2271,2.271,0,-0.0006,-0.0043,0.0004,-0.1193,-0.2857
2272,2.272,0.0005,0.0025,-0.0007,0.0007,-0.144,-0.3344
2273,2.273,0.0001,0.0054,-0.0058,0.005,-0.1216,-0.2911
2274,2.274,-0.0002,0.0018,-0.0044,-0.0014,-0.1419,-0.1723
2275,2.275,0.0001,0.0006,-0.0075,0.0028,-0.4195,-0.7133
2276,2.276,0.002,0.0018,-0.0084,0.0006,-0.3006,-0.7908
2277,2.277,-0.0018,0.0029,-0.0083,0.0042,-0.0476,-0.2979
2278,2.278,-0.0013,-0.001,-0.0066,0.0025,0.1173,0.1517
2279,2.279,-0.001,0.0026,-0.0095,0.002,0.0881,0.2113
2280,2.28,0.0011,-0.0044,-0.0131,0.0026,0.1155,0.2651
2281,2.281,-0.0024,-0.0033,-0.0122,0.0014,0.1404,0.3139
2282,2.282,0.0018,-0.0006,-0.0075,0.0018,0.1183,0.1835
2283,2.283,0.0023,0.0019,-0.0099,-0.0001,0.3421,0.4616
2284,2.284,-0.0024,0.0041,-0.0072,0.0023,0.3721,0.9312
2285,2.285,0.0018,-0.0036,-0.0116,-0.0014,0.128,0.4838
2286,2.286,-0.0035,-0.0026,-0.0197,0.0016,-0.1025,-0.0405
2287,2.287,-0.0028,0.0038,-0.0145,0.0013,-0.0734,-0.2526
2288,2.288,-0.0011,-0.004,-0.0118,0.001,-0.1009,-0.1896
2289,2.289,-0.0016,-0.001,-0.0148,0.0027,-0.1256,-0.2481
2290,2.29,-0.0032,-0.0074,-0.0143,-0.0024,-0.1034,-0.3011
2291,2.291,-0.0008,-0.0018,-0.0135,-0.0017,-0.2241,-0.2872
2292,2.292,-0.0005,0.0007,-0.019,0.0032,-0.4075,-0.9118
2293,2.293,0.0007,-0.0015,-0.0173,-0.0011,-0.2351,-0.6566
2294,2.294,0.001,-0.0051,-0.0181,-0.0005,0.012,-0.1136
2295,2.295,-0.0023,-0.0009,-0.0167,0.002,0.1112,0.2398
2296,2.296,-0.0019,-0.0014,-0.0092,0.0008,0.1414,0.3052
2297,2.297,-0.001,-0.0029,0.0076,-0.0039,0.1146,0.248
2298,2.298,-0.0034,-0.0018,0.0197,-0.0056,0.1393,0.3016
2299,2.299,-0.0017,0.0038,0.0216,-0.0004,0.1171,0.2541
2300,2.3,-0.0031,-0.0015,0.0315,-0.0025,0.4223,0.7348
2301,2.301,-0.007,0.0021,0.0331,0.0006,0.2915,0.7992
2302,2.302,-0.0099,0.0025,0.0312,0.0023,0.0131,0.2756
2303,2.303,-0.0064,0.0008,0.0355,0.0007,-0.0958,-0.218
2304,2.304,-0.0061,-0.0007,0.0393,0.0058,-0.1292,-0.2832
2305,2.305,-0.0022,0.0023,0.0328,0.0078,-0.1593,-0.3419
2306,2.306,-0.0028,-0.0033,0.0358,0.0009,-0.1326,-0.2896
2307,2.307,0.0023,-0.004,0.0386,0,-0.1083,-0.1459
2308,2.308,0.0016,-0.0034,0.0376,-0.0008,-0.31,-0.4516
2309,2.309,0.001,-0.0065,0.047,-0.0046,-0.3915,-0.8884
2310,2.31,0.0051,-0.0048,0.0531,-0.0025,-0.1202,-0.4817
2311,2.311,0.0055,-0.0053,0.0474,0.0005,0.0607,0.1011
2312,2.312,0.0013,0.0016,0.0316,-0.0048,0.0941,0.1801
2313,2.313,0.0065,-0.0015,-0.0022,-0.0055,0.1243,0.2514
2314,2.314,0.0044,-0.0007,-0.0069,-0.0086,0.0975,0.316
2315,2.315,0.0014,0.0018,-0.0026,-0.0034,0.1222,0.2586
2316,2.316,0.0042,0.007,0.0013,0.003,0.2342,0.3118
2317,2.317,0.0037,0.0034,-0.0022,0.0005,0.4175,0.9366
2318,2.318,0.0033,-0.0009,0.0011,-0.0048,0.1956,0.6818
2319,2.319,-0.0014,0.0044,0.0041,-0.0041,-0.0137,0.1391
2320,2.32,0.0002,0.0008,0.0069,0.0016,-0.0956,-0.214
2321,2.321,0.0019,0.0012,0.0046,0.0009,-0.1698,-0.2791
2322,2.322,0.0003,0.0064,0.0026,-0.0012,-0.1479,-0.3378
2323,2.323,0.0015,0.0028,0.0048,-0.0007,-0.1279,-0.2855
2324,2.324,-0.0014,0.0023,-0.0006,0.001,-0.1096,-0.2376
2325,2.325,0.0021,0.0006,0.0013,-0.0026,-0.3621,-0.7181
2326,2.326,-0.0001,0.0011,0.0031,-0.0004,-0.2543,-0.9103
2327,2.327,0.0019,-0.0012,0.002,-0.0016,-0.0241,-0.2704
2328,2.328,-0.0017,0.0008,0.006,-0.0059,0.1257,0.1569
2329,2.329,0.0044,-0.0017,0.0007,-0.0076,0.0991,0.2358
2330,2.33,0.0035,-0.0014,0.0021,-0.0041,0.1239,0.3068
2331,2.331,0.0028,0.0009,-0.0003,-0.0044,0.1464,0.2434
2332,2.332,0.0022,-0.0022,0.006,0.0011,0.0855,0.1858
2333,2.333,0.0016,0.0017,0.0042,0.0033,0.3263,0.4499
2334,2.334,-0.0001,0.0042,0.0081,0.0053,0.3592,0.8826
2335,2.335,0.0025,0.003,0.0016,0.0069,0.1502,0.4759
2336,2.336,0.0028,0.001,0.0029,0.0074,-0.0403,-0.0012
2337,2.337,0.0025,0.002,-0.0009,0.0049,-0.1147,-0.1948
2338,2.338,0.0006,0.0036,0.0002,0.0018,-0.1375,-0.2539
2339,2.339,0.0016,0.0026,-0.0013,0.0021,-0.1175,-0.3072
2340,2.34,-0.0001,0,-0.0004,0.0039,-0.0993,-0.2598
2341,2.341,-0.0038,-0.0003,-0.0039,0.0016,-0.2172,-0.3038
2342,2.342,-0.0023,0.0034,-0.005,0.0005,-0.4164,-0.8995
2343,2.343,-0.0034,-0.0027,-0.0033,0.0047,-0.2268,-0.6448
2344,2.344,0.003,-0.0053,-0.0067,0.0016,-0.0044,-0.1021
2345,2.345,-0.0034,-0.0016,-0.0026,0.0011,0.0856,0.2511
2346,2.346,-0.0009,0.0005,0.001,-0.0005,0.1131,0.1882
2347,2.347,-0.0015,-0.0012,-0.0024,0.0017,0.1379,0.2469
2348,2.348,-0.0036,-0.0007,0.0017,0.002,0.1157,0.3
2349,2.349,-0.0052,-0.0055,-0,0.0023,0.1361,0.2522
2350,2.35,-0.0012,0.0003,0.0034,0.0013,0.4138,0.7326
2351,2.351,0.0024,0.004,0.0013,-0.0038,0.295,0.7968
2352,2.352,-0.0006,0.002,0.0041,-0.0003,0.0421,0.2729
2353,2.353,-0.0018,-0.0023,-0.0006,-0.002,-0.0571,-0.0804
2354,2.354,0.0008,-0.0028,0.0004,-0.0015,-0.0875,-0.274
2355,2.355,0.0018,-0.0002,0.0012,-0.0009,-0.1149,-0.217
2356,2.356,0.0001,-0.0033,0.0055,-0.0013,-0.1397,-0.2706
2357,2.357,-0.0024,0.0031,-0.002,0.0026,-0.1176,-0.223
2358,2.358,-0.0034,0.0004,0.0059,0.0001,-0.3414,-0.4417
2359,2.359,0.0004,0.0013,0.0031,0.0013,-0.3714,-0.9583
2360,2.36,-0.0008,0.0006,0.0041,0.0024,-0.1272,-0.4664
2361,2.361,-0.0019,-0.0014,0.0034,0.0034,0.0377,-0.0175
2362,2.362,-0.0008,-0.0031,-0.0002,0.0011,0.0681,0.2744
2363,2.363,-0.0018,0.001,0.0006,0.0041,0.0956,0.2223
2364,2.364,0.0006,-0.0025,-0.001,0.0038,0.1204,0.2707
2365,2.365,-0,0.0005,-0.0039,-0.0001,0.0982,0.2274
2366,2.366,0.0007,0.0018,-0.0003,-0.0006,0.2406,0.267
2367,2.367,0.0034,-0.0001,0.0009,-0.0018,0.4074,0.8082
2368,2.368,0.0038,0.0032,-0.0003,-0.0047,0.2058,0.7311
2369,2.369,-0.0012,0.0012,0,-0.0028,-0.0387,0.0967
2370,2.37,-0.0033,0.0002,-0.0003,-0.0045,-0.0721,-0.1604
2371,2.371,-0.0002,-0.0001,-0.0048,0.0006,-0.1023,-0.2394
2372,2.372,0.0015,-0.0011,-0.0031,0.0013,-0.1296,-0.3106
2373,2.373,0.0051,-0.0018,-0.0017,-0.0004,-0.1052,-0.2474
2374,2.374,0.0021,0.0006,-0.0006,-0.0009,-0.1276,-0.1899
2375,2.375,0.0033,-0.001,-0.0046,-0.0014,-0.3921,-0.6657
2376,2.376,0.0023,-0.0017,-0.0012,-0.0045,-0.284,-0.8582
2377,2.377,0.0033,0.0012,-0.0064,-0.0006,-0.0537,-0.3349
2378,2.378,-0.0017,-0.0038,-0.0085,0.001,0.0962,0.1587
2379,2.379,-0.0038,-0.0031,-0.0044,-0.0002,0.1239,0.224
2380,2.38,-0.0032,0.0011,-0.0098,-0.0014,0.1488,0.2827
2381,2.381,-0.0015,0.0017,-0.0093,-0.0017,0.1267,0.3358
2382,2.382,-0.002,-0.0018,-0.0064,-0.0027,0.1066,0.1918
2383,2.383,0.001,0.0004,-0.0049,-0.0023,0.3474,0.4973
2384,2.384,0.0014,0.0052,-0.0056,-0.0054,0.3804,0.934
2385,2.385,-0.0012,-0.0005,-0.0045,0.0003,0.1117,0.5271
2386,2.386,-0.0029,0.0017,-0.0035,-0.0034,-0.0693,-0.0556
2387,2.387,0.0009,0.0066,-0.0027,0.0001,-0.1027,-0.2894
2388,2.388,-0.0003,-0.0003,-0.0052,0.0018,-0.1328,-0.2204
2389,2.389,0,0.0043,-0.0078,0.0023,-0.106,-0.285
2390,2.39,-0.0019,0.0001,-0.0066,0.0049,-0.0816,-0.2277
2391,2.391,0.0034,0.0008,-0.0061,0.0045,-0.2384,-0.2809
2392,2.392,0.001,0.0023,-0.0103,0.0027,-0.4173,-0.8905
2393,2.393,0.0017,-0.0025,-0.0073,0.0015,-0.234,-0.7469
2394,2.394,0.0037,0.0017,-0.0063,0.0057,0.0377,-0.0906
2395,2.395,0.0006,-0.0012,-0.009,0.0017,0.0745,0.1917
2396,2.396,0.0001,0.0014,-0.0068,-0.0019,0.1079,0.2781
2397,2.397,-0.0004,0.001,-0.0018,0.0003,0.138,0.2014
2398,2.398,-0.0016,-0.0001,0.0087,-0.0017,0.1112,0.2721
2399,2.399,-0.0004,-0.0012,0.0286,0.0008,0.1359,0.2083
2400,2.4,0.0006,0.0041,0.0312,-0.0009,0.3825,0.7315
2401,2.401,-0.0004,0.0004,0.0384,0.0002,0.2843,0.8021
2402,2.402,0.0026,0.0011,0.0449,-0.0041,0.0752,0.3538
2403,2.403,0.0001,0.0027,0.0428,-0.0083,-0.1152,-0.1709
2404,2.404,0.0011,-0.0013,0.052,-0.0042,-0.0912,-0.2427
2405,2.405,0.0001,-0.0028,0.0571,-0.0017,-0.1138,-0.3075
2406,2.406,-0.0018,-0.0032,0.0464,-0.0029,-0.1344,-0.25
2407,2.407,-0.0035,-0.0035,0.0255,-0.0025,-0.079,-0.1976
2408,2.408,-0.0047,0.0016,-0.0015,-0.0015,-0.3314,-0.438
2409,2.409,-0.0034,-0.002,-0.0051,0.0024,-0.3677,-0.9187
2410,2.41,-0.0024,-0.0037,-0.0018,0.0059,-0.1376,-0.4712
2411,2.411,-0.0032,-0.0008,0.0011,-0.001,0.0717,0.0534
2412,2.412,-0.0058,-0.0003,0.0038,0,0.0994,0.2657
2413,2.413,-0.0111,-0.0007,0.0015,0.0027,0.1243,0.2028
2414,2.414,-0.0089,-0.0027,0.0038,0.007,0.1469,0.2614
2415,2.415,-0.004,-0.0017,0.0059,0.0048,0.0862,0.2091
2416,2.416,0.0029,-0.0007,0.0079,0.0028,0.1788,0.2575
2417,2.417,-0.0017,-0.0058,0.0063,0.0023,0.3641,0.9127
2418,2.418,0.0042,-0.0094,0.008,-0.0006,0.1917,0.6323
2419,2.419,0.002,-0.0011,0.0012,-0.0001,-0.0106,0.2057
2420,2.42,-0,-0.0022,0.0077,0.0021,-0.0926,-0.1829
2421,2.421,-0.0006,-0.0012,0.0068,0.0024,-0.1176,-0.2542
2422,2.422,0.0082,-0.0039,0.006,0.0028,-0.1402,-0.319
2423,2.423,0.0045,0.002,0.007,-0.0011,-0.1201,-0.2615
2424,2.424,0.0012,0.0013,0.0014,-0.0026,-0.1387,-0.209
2425,2.425,0.0043,-0.0022,0.0068,-0.0014,-0.3912,-0.6413
2426,2.426,0.0051,-0.0027,0.0022,-0.0002,-0.2832,-0.8159
2427,2.427,0.0009,-0.0045,0.0041,0.0017,-0.053,-0.3399
2428,2.428,0.0061,-0.006,0.0049,-0.0022,0.0968,0.1093
2429,2.429,0.0025,-0.0018,0.0067,-0.0017,0.1243,0.2851
2430,2.43,0.0042,0.0011,0.0019,-0.002,0.1491,0.3387
2431,2.431,-0.0022,0.0016,-0.0013,-0.0041,0.127,0.2913
2432,2.432,0.0003,0.0004,0.0032,-0.0037,0.1068,0.248
2433,2.433,-0.0019,-0.0008,-0.0017,-0.0047,0.3104,0.4466
2434,2.434,-0.0026,0.0049,0.0022,-0.0037,0.3918,0.9161
2435,2.435,0.0031,-0.0028,0.003,0.0006,0.1204,0.4686
2436,2.436,0.0009,0.0044,-0.0007,0.0036,-0.0608,-0.056
2437,2.437,0.003,0.0017,0.0022,0.0041,-0.0944,-0.2685
2438,2.438,-0.0013,0.0008,0.0004,0.0057,-0.1246,-0.2057
2439,2.439,-0.0042,0.003,-0.0021,0.0035,-0.152,-0.2643
2440,2.44,0.0036,0.0037,0.004,-0.0004,-0.0785,-0.3175
2441,2.441,0.0046,0.0079,0.0019,0.0044,-0.2355,-0.2697
2442,2.442,-0.0026,0.0062,0.0029,0.0049,-0.4189,-0.925
2443,2.443,0.0019,0.0056,0.0039,-0.0039,-0.2466,-0.6446
2444,2.444,-0.0006,0.0044,0.0025,-0.0002,0.0005,-0.218
2445,2.445,-0.0028,-0.0012,0.0011,-0.0011,0.0996,0.1707
2446,2.446,-0.0035,0.0058,-0.0002,0.0019,0.1297,0.2421
2447,2.447,-0.0004,0.003,-0.0003,-0.0045,0.157,0.3067
2448,2.448,-0.0033,0.0022,-0.0004,-0.0053,0.0834,0.2492
2449,2.449,-0.0017,0.0028,-0.0012,-0.0016,0.1506,0.1967
2450,2.45,0.0005,-0.0007,0.0015,-0.0036,0.4152,0.7252
2451,2.451,0.0025,0.0035,-0.002,-0.0019,0.3072,0.7959
2452,2.452,0.0007,-0.0006,0.0024,0.0021,0.0769,0.3477
2453,2.453,0.001,-0.0031,-0.0003,0.0006,-0.0729,-0.177
2454,2.454,0,-0.0028,0.0003,-0.0024,-0.1006,-0.2488
2455,2.455,0.0007,-0.0031,-0.0026,0.0015,-0.1256,-0.3137
2456,2.456,0.0031,0.0004,0.003,0.003,-0.1482,-0.2563
2457,2.457,0.0048,0.0007,0.0067,0.0008,-0.0876,-0.2038
2458,2.458,0.003,0.0019,-0.0041,0.0011,-0.3284,-0.444
2459,2.459,-0.0009,-0.0023,-0.0027,-0.0007,-0.3614,-0.9247
2460,2.46,-0.0004,0.0065,-0.0015,-0.0011,-0.1526,-0.4772
2461,2.461,0.0022,0.0028,-0.0005,0.0006,0.0378,0.0474
2462,2.462,0.001,0.0038,0.0002,0.0005,0.1122,0.2599
2463,2.463,-0.001,0.0028,-0.0011,-0.0012,0.1349,0.1969
2464,2.464,-0.0006,-0.0036,-0.0005,-0.001,0.1149,0.2557
2465,2.465,0.0011,-0.0028,-0.0017,-0.0034,0.0966,0.309
2466,2.466,0.0008,0.001,0.0016,-0.0024,0.2143,0.2611
2467,2.467,-0.0005,-0.0039,0.0005,-0.0017,0.4133,0.8292
2468,2.468,-0.0022,-0.0044,-0.003,0.0012,0.2236,0.7523
2469,2.469,0.0016,-0.0072,-0.0006,0.0015,0.0011,0.1182
2470,2.47,-0.0019,-0.0025,-0.0037,-0.0009,-0.0889,-0.1386
2471,2.471,0.0012,-0.0019,-0.0074,0.0042,-0.1164,-0.2171
2472,2.472,-0.0027,-0.006,-0.0076,-0.0051,-0.1413,-0.2881
2473,2.473,-0.0011,-0.0024,-0.0057,-0.0013,-0.1192,-0.3526
2474,2.474,0.0001,-0.0035,-0.004,-0.0003,-0.1396,-0.1786
2475,2.475,-0.0011,-0.0015,-0.0077,0.0028,-0.4175,-0.6541
2476,2.476,-0.0036,-0.0018,-0.0104,0.0019,-0.2987,-0.8463
2477,2.477,-0.0032,-0.0021,-0.0122,0.0028,-0.0458,-0.3226
2478,2.478,-0.0008,-0.0017,-0.0148,0.0035,0.119,0.1713
2479,2.479,-0.0021,-0.0048,-0.0155,0.0042,0.0897,0.2369
2480,2.48,-0.0004,0.0017,-0.0125,0.0037,0.1171,0.2958
2481,2.481,-0.0015,-0.0047,-0.015,-0.0027,0.1419,0.2437
2482,2.482,0.0008,0.0048,-0.0174,-0.0002,0.0748,0.196
2483,2.483,0.0019,0.0011,-0.0187,-0.0024,0.3394,0.4146
2484,2.484,0.0012,0.0001,-0.0193,0.0025,0.3756,0.931
2485,2.485,0.0001,0.0054,-0.0206,0.0031,0.1456,0.5796
2486,2.486,0.0023,0.0045,-0.0232,-0.0022,-0.0638,0.0026
2487,2.487,-0.0018,0.0037,-0.0286,-0.0001,-0.0916,-0.2311
2488,2.488,0.0012,0.0044,-0.0208,0.0004,-0.1165,-0.3023
2489,2.489,0.0041,0.0024,-0.0206,0.0009,-0.1391,-0.2388
2490,2.49,-0.0016,0.0019,-0.0045,-0.0059,-0.119,-0.2971
2491,2.491,-0.0009,0.0048,0.0169,-0.0032,-0.2116,-0.2446
2492,2.492,-0.0029,0.0012,0.013,-0.0006,-0.4306,-0.8691
2493,2.493,0.0004,0.0017,0.0168,-0.004,-0.2317,-0.7199
2494,2.494,0.0021,-0.0013,0.0185,-0.0033,0.0375,-0.1228
2495,2.495,-0.002,0.0015,0.0199,0.0044,0.0742,0.266
2496,2.496,0.0016,0.0019,-0.0058,-0.0028,0.1075,0.1974
2497,2.497,-0.0006,-0.0034,-0.01,0.0075,0.1376,0.2623
2498,2.498,-0.0026,0.0003,-0.0198,0.0005,0.1107,0.3212
2499,2.499,-0.0007,0.0023,-0.0234,0.0017,0.1353,0.1633
2500,2.5,-0.001,-0.0008,-0.012,0.0007,0.3819,0.6922
2501,2.501,-0.002,-0.0025,0.0027,-0.0024,0.2836,0.9037
2502,2.502,-0.0007,0.0001,0.0079,0.0041,0.0745,0.3279
2503,2.503,0.0032,-0.0012,0.0126,-0.0002,-0.0617,-0.0602
2504,2.504,0.0061,-0.0024,0.0236,0.0005,-0.0867,-0.2722
2505,2.505,0.0014,-0.0042,0.0244,0.0025,-0.1093,-0.3367
2506,2.506,-0.0028,-0.0039,0.0139,0.0067,-0.1299,-0.3952
2507,2.507,0.0024,0.0011,0.0169,0.0039,-0.1117,-0.237
2508,2.508,0.0031,-0.0038,0.024,0.0003,-0.3304,-0.381
2509,2.509,0.0014,-0.0021,0.0243,0.0006,-0.4199,-0.9489
2510,2.51,-0.0003,-0.0004,0.0282,0.0009,-0.1757,-0.5618
2511,2.511,0.0023,-0.0009,0.0284,0.0013,0.0548,0.0731
2512,2.512,0.0011,-0.0013,0.0272,-0.0026,0.0853,0.1602
2513,2.513,-0.0001,0.0007,0.0344,0.0009,0.167,0.2388
2514,2.514,-0.0011,-0.0044,0.0202,0.0005,0.1427,0.3097
2515,2.515,-0.0008,-0.0008,0.0216,-0.0042,0.1206,0.2465
2516,2.516,-0.0025,-0.0025,0.0296,-0,0.2224,0.305
2517,2.517,0.0005,-0.0042,0.0369,-0.0029,0.4262,0.8865
2518,2.518,0.0002,-0.0048,0.0325,-0.0034,0.2366,0.655
2519,2.519,0.0012,-0.0026,0.031,-0.0046,-0.035,0.1621
2520,2.52,-0.0005,-0.0022,0.0136,-0.0085,-0.0717,-0.159
2521,2.521,-0.0009,0.0013,-0.0038,-0.0091,-0.1048,-0.2181
2522,2.522,-0.0016,0.001,0.0116,-0.0087,-0.1349,-0.2714
2523,2.523,-0.0014,0.0022,0.0299,-0.0127,-0.108,-0.3198
2524,2.524,0.0012,0.0018,0.0421,-0.0079,-0.1326,-0.1891
2525,2.525,0.0009,0.0015,0.0487,0.0003,-0.3791,-0.7051
2526,2.526,0.0005,-0.0002,0.0507,-0.0007,-0.2807,-0.9161
2527,2.527,-0.0032,0.0005,0.0265,0.0003,-0.0716,-0.3399
2528,2.528,-0.0048,0.0033,0.0036,-0.0006,0.1188,0.2037
2529,2.529,0.0013,0.0044,-0.0111,0.0002,0.0949,0.2756
2530,2.53,-0.0013,0.0067,-0.0083,0.0055,0.1176,0.3404
2531,2.531,-0.0006,0.0017,-0.0057,0.0034,0.1382,0.2831
2532,2.532,-0.0113,-0.0019,-0.0033,0.0051,0.0829,0.2307
2533,2.533,-0.0098,0.0024,-0.005,0.0056,0.3017,0.4712
2534,2.534,-0.0058,0.0029,0.0009,0.004,0.3913,0.9519
2535,2.535,-0.0021,0.0024,-0.0039,0.007,0.1472,0.5044
2536,2.536,-0.0011,0.0012,-0.0019,0.0014,-0.0833,-0.02
2537,2.537,0.0019,0,-0.0002,0.0021,-0.1137,-0.2323
2538,2.538,0.0011,-0.0018,-0.0009,0.0041,-0.1411,-0.2973
2539,2.539,0.0019,0.0035,0.0006,0.0058,-0.1169,-0.2399
2540,2.54,0.0071,0.0087,0.0021,0.0086,-0.0947,-0.293
2541,2.541,0.0006,0.0009,-0.0037,0.0008,-0.1965,-0.2452
2542,2.542,-0.0036,0.002,0.0028,-0.0024,-0.4373,-0.9004
2543,2.543,0,0.0011,-0.0003,0.0006,-0.2076,-0.8073
2544,2.544,0.0036,0.0037,-0.0004,-0.0021,0.0017,-0.2103
2545,2.545,-0.0007,0.0059,-0.0027,-0.0013,0.0837,0.1785
2546,2.546,0.0021,0.001,0.0008,-0.002,0.1087,0.2501
2547,2.547,0.0079,-0.0007,-0.0033,0.0001,0.1313,0.3146
2548,2.548,0.0041,-0.0002,-0.0043,-0.0042,0.1113,0.2573
2549,2.549,0.0034,-0.0027,-0.002,-0.0013,0.1298,0.2049
2550,2.55,0.0039,0.0015,-0.0048,0.0012,0.3823,0.6373
2551,2.551,0.0034,0.002,-0.0072,0.0034,0.2743,0.8121
2552,2.552,0.0028,-0.0015,-0.0036,-0.0005,0.0441,0.3362
2553,2.553,-0.0014,-0.0019,-0.004,0.0031,-0.1056,-0.1129
2554,2.554,-0.0031,-0.0015,-0.0017,0.0043,-0.079,-0.1723
2555,2.555,-0.0006,-0.0051,-0.0041,-0.0013,-0.1039,-0.2258
2556,2.556,-0.0018,-0.0054,-0.001,-0.0035,-0.1264,-0.2743
2557,2.557,0.001,-0.0051,0.0006,0.0043,-0.1062,-0.2312
2558,2.558,-0.0009,0,-0.0005,-0.001,-0.3099,-0.4297
2559,2.559,-0.0012,-0.0035,0.0013,0.0055,-0.3912,-0.971
2560,2.56,0.0005,-0.0018,-0.0016,0.003,-0.1691,-0.5841
2561,2.561,0.0003,-0.0023,-0.0042,0.0023,0.0403,0.0505
2562,2.562,0.001,0.0013,-0.0042,-0.0012,0.1223,0.3074
2563,2.563,0.0042,0.0001,-0.0081,-0.0017,0.1472,0.2312
2564,2.564,0.0003,-0.0002,-0.0072,-0.0022,0.1252,0.302
2565,2.565,0.0008,-0.0053,-0.0012,-0.0057,0.1051,0.2387
2566,2.566,0.003,-0.0046,-0.0048,-0.0035,0.1978,0.2968
2567,2.567,0.0001,-0.0029,-0.0039,-0.0023,0.4166,0.878
2568,2.568,-0.005,-0.0012,-0.0055,-0.0026,0.208,0.6462
2569,2.569,-0.0014,-0.0027,-0.0049,0.0027,-0.0365,0.153
2570,2.57,-0.0009,-0.0015,-0.0044,0.002,-0.0701,-0.1685
2571,2.571,-0.0014,-0.0026,-0.0076,0.0027,-0.1002,-0.2277
2572,2.572,0.0001,0.0016,-0.0057,-0.0003,-0.1276,-0.2814
2573,2.573,0.0052,0.0034,-0.0094,0.0062,-0.1033,-0.234
2574,2.574,0.0017,0.0019,-0.0035,0.0002,-0.1258,-0.1908
2575,2.575,-0,0.0022,-0.0115,-0.0019,-0.3905,-0.707
2576,2.576,0.0029,0.0026,-0.0065,-0.0012,-0.2826,-0.9184
2577,2.577,0.0054,0.0045,-0.0114,0.003,-0.0524,-0.3426
2578,2.578,0.0004,0.0028,-0.011,0.0014,0.0974,0.2006
2579,2.579,-0.0016,-0.0023,-0.0078,-0.0001,0.125,0.2722
2580,2.58,-0.0021,0.0013,-0.0104,-0.0004,0.1008,0.3368
2581,2.581,-0.0004,-0.0004,-0.0114,-0.0016,0.1233,0.2793
2582,2.582,-0.0039,-0.0021,-0.0091,-0.0005,0.1032,0.2266
2583,2.583,0.003,0.0005,-0.0165,-0.0015,0.3069,0.4668
2584,2.584,-0.0022,-0.0017,-0.0179,-0.0012,0.3882,0.9474
2585,2.585,0.0005,-0.0005,-0.016,-0.0013,0.1662,0.4997
2586,2.586,0.0014,-0.0056,-0.013,-0.002,-0.0432,-0.0251
2587,2.587,-0.0007,0.0037,-0.0201,-0.0008,-0.071,-0.2378
2588,2.588,0.0013,-0,-0.0216,-0.0003,-0.1452,-0.3031
2589,2.589,0.0056,0.0032,-0.0217,-0.0016,-0.1232,-0.246
2590,2.59,0.0051,-0.0021,-0.0204,0.0011,-0.1031,-0.2994
2591,2.591,0.0026,0.0025,-0.0217,0.0029,-0.1956,-0.252
2592,2.592,0.0014,0.0016,-0.0242,0.0006,-0.4145,-0.9075
2593,2.593,-0.0014,0.0038,-0.0275,0.0022,-0.2656,-0.8146
2594,2.594,-0.0007,0.0019,-0.03,0.0012,0.0076,-0.1628
2595,2.595,-0.0017,0.0025,-0.0305,0.0037,0.0896,0.2644
2596,2.596,-0.0007,-0.0005,-0.0284,0.002,0.1145,0.1883
2597,2.597,-0.0024,0.0035,-0.0289,0.0024,0.1371,0.259
2598,2.598,-0.0017,0.002,-0.0294,-0.0019,0.117,0.3234
2599,2.599,-0.0034,-0.0011,-0.0252,-0.0036,0.1355,0.1494
2600,2.6,-0.0012,0.0001,-0.0154,-0.0076,0.388,0.6248
2601,2.601,-0.0005,0.0026,0.0068,-0.0009,0.2801,0.8168
2602,2.602,-0.0012,0.0058,0.0158,-0.0036,0.0498,0.2931
2603,2.603,0.0025,0.0029,0.0179,-0.0011,-0.1,-0.2009
2604,2.604,-0.0022,-0.0013,0.0144,-0.0018,-0.1276,-0.2666
2605,2.605,-0.0005,-0.0019,0.016,-0.0025,-0.1524,-0.2096
2606,2.606,-0.001,-0.0024,0.0174,0.0006,-0.1304,-0.2632
2607,2.607,0.0005,-0.0055,0.0187,-0.0082,-0.1508,-0.2159
2608,2.608,-0.0064,0.0001,0.0235,-0.012,-0.3545,-0.4347
2609,2.609,-0.0117,-0.0021,0.0211,-0.0088,-0.3818,-0.9513
2610,2.61,-0.0033,-0.0015,0.025,-0.0015,-0.1598,-0.4595
2611,2.611,-0.0023,-0.002,0.0203,-0.0043,0.1094,-0.0107
2612,2.612,-0.0013,-0.0025,0.0185,-0,0.1461,0.2814
2613,2.613,0.0033,-0.0051,0.0282,-0.0053,0.1137,0.2297
2614,2.614,0.0008,-0.0009,0.0262,-0.0074,0.1437,0.3743
2615,2.615,0.006,0.002,0.0269,0.0021,0.1168,0.331
2616,2.616,-0.0005,-0.0016,0.032,0.0034,0.24,0.2914
2617,2.617,-0.003,-0.0038,0.0305,0.0046,0.397,0.8326
2618,2.618,0.0007,-0.0077,0.0365,0.0078,0.2138,0.7556
2619,2.619,-0.0014,-0.0072,0.0353,0.0047,-0.0087,0.1214
2620,2.62,-0.0009,-0.0022,0.0356,0.0074,-0.0988,-0.1357
2621,2.621,0.0044,-0.0042,0.0317,0.0065,-0.0721,-0.2145
2622,2.622,0.0037,-0.0026,0.022,0.0102,-0.097,-0.2856
2623,2.623,0.0053,-0.0009,0.0009,0.0082,-0.1196,-0.3503
2624,2.624,-0.0035,0.0006,0.0278,0.0039,-0.0994,-0.1765
2625,2.625,-0.0072,0.0009,0.0312,0.001,-0.3772,-0.6522
2626,2.626,-0.0083,0.0006,0.0409,-0.0026,-0.3378,-0.8447
2627,2.627,-0.0031,0.0009,0.0437,-0.0022,-0.0849,-0.3213
2628,2.628,-0.0058,0.0026,0.0409,0.0016,0.0799,0.1723
2629,2.629,0.0001,0.0002,0.0186,0.0001,0.1103,0.2377
2630,2.63,-0.0021,0.0044,-0.0084,0.0022,0.1377,0.2964
2631,2.631,0.0071,0.0049,-0.0119,0.0042,0.1134,0.2441
2632,2.632,0.0008,0.0054,-0.0085,0.0052,0.0911,0.1963
2633,2.633,0.0018,0.0006,-0.0055,-0,0.315,0.4148
2634,2.634,-0.0012,0.0023,-0.0026,0.0022,0.4045,0.9311
2635,2.635,0.0014,0.0064,-0.0047,-0.0014,0.1604,0.5796
2636,2.636,0.0022,0.0016,-0.0066,-0.0045,-0.0701,0.0026
2637,2.637,0.0015,0.0021,-0.0043,0.0007,-0.1005,-0.2313
2638,2.638,0.0035,0.005,0.0017,0.0014,-0.1279,-0.3027
2639,2.639,0.004,0.0034,-0.003,0.0009,-0.1527,-0.2395
2640,2.64,0.0069,0.0046,0.002,-0.0009,-0.0857,-0.2979
2641,2.641,-0.0009,0.0034,-0.0045,0.0006,-0.1875,-0.2455
2642,2.642,0.0046,0.0009,-0.0029,-0.0024,-0.4283,-0.8702
2643,2.643,0.0036,-0.0037,-0.0013,-0.0045,-0.2642,-0.7856
2644,2.644,0.0009,-0.0007,0.0023,-0.0041,0.0049,-0.2429
2645,2.645,-0,-0.0002,-0.0036,-0.0018,0.1137,0.2511
2646,2.646,-0.0007,-0.0059,-0.0022,-0.0042,0.147,0.1887
2647,2.647,-0.0001,-0.0038,-0.0038,-0.0011,0.1176,0.2475
2648,2.648,0.0042,-0.0044,-0.0024,-0.0008,0.0908,0.3008
2649,2.649,0.0001,-0.0002,0.0013,-0.0018,0.1154,0.2532
2650,2.65,0.0016,-0.0007,-0.0057,0.0014,0.4068,0.6465
2651,2.651,-0.0006,-0.0012,-0.008,0.0025,0.2881,0.911
2652,2.652,-0.0018,0.001,-0.0027,-0.0032,0.0353,0.3821
2653,2.653,0,-0.0011,-0.0062,-0.0007,-0.064,-0.1115
2654,2.654,0.0011,-0.0001,-0.0018,0.0015,-0.0943,-0.1769
2655,2.655,-0.0034,0.0045,-0.0032,-0.0049,-0.1217,-0.2357
2656,2.656,0.0019,0.0015,-0.0031,-0.0007,-0.1465,-0.2888
2657,2.657,-0.003,-0.0002,-0.0066,0.0015,-0.0794,-0.2411
2658,2.658,0.0012,-0.0007,-0.0065,-0.002,-0.3032,-0.4596
2659,2.659,0.0017,-0.0038,-0.0029,0.0011,-0.3926,-0.9758
2660,2.66,0.0012,-0.0009,-0.008,0.0028,-0.1482,-0.6243
2661,2.661,-0.001,0.0001,-0.0068,0.0002,0.0824,-0.0472
2662,2.662,-0.0039,0.0018,-0.0071,-0.0048,0.113,0.1867
2663,2.663,-0.0003,-0.0006,-0.0097,-0.0055,0.1405,0.2582
2664,2.664,-0.0045,0.0013,-0.0099,0.0028,0.1163,0.3231
2665,2.665,0.0008,0.0002,-0.007,0.0018,0.0942,0.2659
2666,2.666,0.0015,0.0009,-0.0064,0.0029,0.1961,0.2137
2667,2.667,-0.0027,0.0033,-0.009,0.0021,0.4369,0.8385
2668,2.668,-0.001,0.003,-0.0062,-0.0004,0.2073,0.7539
2669,2.669,0.0015,-0.0012,-0.0077,0.0018,-0.002,0.2114
2670,2.67,0.0012,-0.0043,-0.008,-0.0002,-0.084,-0.1418
2671,2.671,0.0016,0.0022,-0.0073,0.0003,-0.109,-0.2069
2672,2.672,0.0006,-0.0003,-0.0034,0.0008,-0.1315,-0.2655
2673,2.673,0.001,0.0019,-0.0039,-0.0007,-0.1115,-0.3187
2674,2.674,0.0054,-0,-0.0054,-0.0019,-0.1301,-0.175
2675,2.675,0.0026,-0.0042,-0.0043,0.0046,-0.3826,-0.6554
2676,2.676,0,-0.0001,-0.0064,0.0054,-0.3468,-0.8475
2677,2.677,0.0004,0.0047,-0.0068,0.0029,-0.0511,-0.3239
2678,2.678,-0.006,-0.001,-0.0102,-0.0041,0.0686,0.1701
2679,2.679,0.0005,-0.0032,-0.01,0.0024,0.1052,0.2357
2680,2.68,-0.0037,-0.0011,-0.0145,-0.0018,0.1384,0.2946
2681,2.681,0.0015,0.0032,-0.0095,0.0004,0.1088,0.2424
2682,2.682,0.0009,-0.002,-0.0119,-0.0032,0.0819,0.1947
2683,2.683,0.0014,-0.0055,-0.0127,0.0011,0.3036,0.4134
2684,2.684,0.0032,0.0015,-0.0171,0.0028,0.3931,0.9298
2685,2.685,-0.0015,0.0023,-0.0149,0.0022,0.1489,0.5784
2686,2.686,-0.002,0.0049,-0.0149,0,-0.0816,0.0015
2687,2.687,0.0009,0.0012,-0.0105,0.0039,-0.1121,-0.2323
2688,2.688,-0.0027,-0.0008,-0.014,0.0065,-0.1395,-0.3037
2689,2.689,-0.0023,0.001,-0.014,0.0014,-0.1153,-0.2404
2690,2.69,0.0042,0.0005,-0.014,-0.0006,-0.0932,-0.299
2691,2.691,0.005,-0,-0.0206,0.0024,-0.195,-0.2466
2692,2.692,-0.0027,0.0051,-0.0186,0.0019,-0.4359,-0.8712
2693,2.693,0.0025,-0.0013,-0.017,0.0004,-0.2062,-0.7866
2694,2.694,-0.0002,0.0012,-0.0183,-0.0008,0.003,-0.244
2695,2.695,0.0012,0.0028,-0.0185,-0.0055,0.0925,0.2028
2696,2.696,-0.003,-0.0024,-0.0221,-0.0016,0.1201,0.2745
2697,2.697,-0.0008,-0.0004,-0.0232,-0.0011,0.1449,0.3392
2698,2.698,-0.0015,-0.0009,-0.0273,-0.0023,0.1227,0.2817
2699,2.699,-0.0045,-0.0038,-0.0249,-0.0026,0.1025,0.2292
2700,2.7,-0.0016,-0.0002,-0.019,-0.0036,0.3803,0.6618
2701,2.701,0.0032,0.002,-0.0056,-0.0019,0.3409,0.8364
2702,2.702,0.0015,0.0032,0.004,-0.0043,0.088,0.3605
2703,2.703,0.0032,0.0013,0.0165,-0,-0.0769,-0.0887
2704,2.704,-0.0003,-0.0019,0.0243,-0.0083,-0.1072,-0.2645
2705,2.705,-0.0007,0.002,0.0253,-0.0073,-0.1346,-0.2126
2706,2.706,-0.001,-0.0027,0.0207,-0.0042,-0.1593,-0.2613
2707,2.707,-0.002,0.0056,0.0213,-0.0015,-0.1372,-0.2182
2708,2.708,0.0004,-0,0.0264,-0.0006,-0.361,-0.4169
2709,2.709,-0.0013,-0.0011,0.0248,0.0016,-0.391,-0.9584
2710,2.71,0.0029,0.0035,0.0235,-0.002,-0.1469,-0.5717
2711,2.711,-0.0001,-0.0007,0.0308,0.0011,0.0837,-0.0782
2712,2.712,-0.0041,-0.003,0.0334,-0.0006,0.1141,0.1153
2713,2.713,-0.0036,-0.0037,0.0338,0.0009,0.1416,0.1743
2714,2.714,-0.0024,-0.0042,0.0239,0.0021,0.1174,0.2276
2715,2.715,0.0023,-0.0071,0.0045,0.005,0.1399,0.2762
2716,2.716,-0.0019,-0.0118,0.0068,0.0031,0.2009,0.32
2717,2.717,0.0009,-0.0036,0.0288,0.0035,0.4418,0.8362
2718,2.718,-0.0048,-0.0046,0.0373,0.0005,0.2777,0.7663
2719,2.719,-0.0026,0.0026,0.0397,0.0015,0.0086,0.1898
2720,2.72,0.0038,-0.0001,0.0322,-0.0002,-0.1002,-0.199
2721,2.721,-0.004,-0.0061,-0.0018,0.0028,-0.0677,-0.2705
2722,2.722,-0.005,-0.0054,-0.0163,0.0054,-0.0977,-0.2073
2723,2.723,0.0014,-0.0019,-0.0121,0.0008,-0.125,-0.2661
2724,2.724,0.0005,0.0011,-0.0084,0.0038,-0.1006,-0.2138
2725,2.725,-0.0001,-0.0018,-0.012,-0.0014,-0.392,-0.6463
2726,2.726,0.0034,-0.0066,-0.0089,0.0006,-0.3525,-0.9374
2727,2.727,0.0003,-0.005,-0.0061,0.0037,-0.0997,-0.3561
2728,2.728,0.002,-0.0009,-0.0088,-0.0039,0.0652,0.1872
2729,2.729,0.0025,0.0026,-0.0065,-0.0049,0.0957,0.2589
2730,2.73,-0.0006,0.0014,-0.0086,0.0015,0.1231,0.3237
2731,2.731,0.0023,0.0025,-0.0065,0.0023,0.1479,0.2662
2732,2.732,0.0019,0.0043,-0.0083,-0.0046,0.0809,0.2135
2733,2.733,0.0043,0.0019,-0.0065,-0,0.3048,0.4538
2734,2.734,0.0005,0.0015,-0.0109,0.0059,0.3943,0.9344
2735,2.735,0.0009,0.0022,-0.0066,0.0037,0.1503,0.6147
2736,2.736,0.0029,-0.0017,0.0125,0.003,-0.0802,0.0902
2737,2.737,-0.0007,0.0058,0.0319,-0.0001,-0.1105,-0.2631
2738,2.738,0.0044,0.0027,0.0346,-0.0029,-0.138,-0.2002
2739,2.739,-0.0006,0.0019,0.0415,-0.0014,-0.1137,-0.259
2740,2.74,-0.0011,0.0027,0.0479,-0.0026,-0.0915,-0.3122
2741,2.741,0.0006,-0.0011,0.0315,0.0003,-0.1932,-0.2644
2742,2.742,0.0041,0.0009,0.0116,0.0006,-0.434,-0.8323
2743,2.743,0.0029,0.0026,0.0039,0.0023,-0.2699,-0.7554
2744,2.744,-0.0035,0.0008,-0.0029,-0.0028,-0.0007,-0.2624
2745,2.745,-0.0081,0.0033,-0.0047,-0.0035,0.1082,0.1869
2746,2.746,-0.0056,0.0003,-0.0062,-0.0005,0.1416,0.2465
2747,2.747,-0.0004,0.0058,-0.0038,-0.0045,0.1121,0.3001
2748,2.748,0.0003,0.0021,-0.005,-0.002,0.1394,0.2528
2749,2.749,-0.0028,-0.0015,-0.006,-0.0032,0.115,0.2096
2750,2.75,-0.0069,-0.001,-0.0041,-0.0071,0.3616,0.6463
2751,2.751,-0.0074,0.003,-0.0047,-0.0024,0.329,0.8211
2752,2.752,-0.0032,0.0025,-0.0051,-0.0007,0.0601,0.3453
2753,2.753,0.0032,-0.0006,-0.0055,0.0022,-0.121,-0.1038
2754,2.754,-0.0027,0.0023,-0.0057,0.0057,-0.0887,-0.2796
2755,2.755,0.0025,0.0019,-0.0026,0.0015,-0.1188,-0.2276
2756,2.756,0.0018,0.0002,-0.0043,0.002,-0.1461,-0.2762
2757,2.757,0.0013,0.0039,-0.0002,0.0005,-0.0724,-0.2329
2758,2.758,-0.0004,0.0043,-0.0014,-0.0046,-0.2741,-0.4315
2759,2.759,0.0011,-0.0013,0.0008,0.0003,-0.4097,-0.9728
2760,2.76,-0.0001,-0.0006,-0.0066,0.0046,-0.1385,-0.586
2761,2.761,0.0028,-0.0027,-0.0094,0.0005,0.0427,0.0487
2762,2.762,0.0017,-0.0032,-0.0038,-0.002,0.0763,0.3057
2763,2.763,0.0049,0.0009,-0.0026,0.0031,0.1065,0.2295
2764,2.764,0.001,-0.0016,-0.0065,-0.0033,0.1339,0.3004
2765,2.765,-0.0005,0.0014,-0.0056,-0.0041,0.1095,0.237
2766,2.766,0.0017,0.0026,-0.0074,-0.0004,0.2216,0.2955
2767,2.767,0.0046,0.0052,-0.0042,0.0061,0.4049,0.8768
2768,2.768,0.0021,0.0029,-0.0069,0.0036,0.2326,0.8
2769,2.769,0.0037,0.0012,-0.0063,0.0043,-0.0145,0.1662
2770,2.77,0.0041,0.0006,-0.0105,-0.0022,-0.1138,-0.261
2771,2.771,0.0055,0.0004,-0.0076,0.0056,-0.0846,-0.1851
2772,2.772,0.0016,-0.0022,-0.0072,-0.0016,-0.112,-0.2561
2773,2.773,-0.0025,-0.0039,-0.0069,-0.0024,-0.0878,-0.3206
2774,2.774,-0.0019,-0.0021,-0.0074,-0.0033,-0.1103,-0.1468
2775,2.775,-0.0022,-0.0022,-0.0119,0.002,-0.3751,-0.6225
2776,2.776,0.0025,-0.0051,-0.0104,0.0013,-0.3393,-0.9426
2777,2.777,-0.0017,-0.0015,-0.0112,-0.0029,-0.1093,-0.4192
2778,2.778,0.0059,-0.0011,-0.0128,-0.0012,0.1,0.0745
2779,2.779,-0.0013,-0.0031,-0.012,0.0036,0.1275,0.2679
2780,2.78,-0.0021,-0.0027,-0.0135,-0.0006,0.1523,0.3267
2781,2.781,-0.0013,-0.0003,-0.0179,-0.0035,0.1302,0.2746
2782,2.782,-0.005,0.0035,-0.0168,0.0013,0.0694,0.2268
2783,2.783,-0.0014,0.0005,-0.0185,0.0082,0.2731,0.3578
2784,2.784,0.0016,0.0002,-0.0162,0.0018,0.4087,0.9534
2785,2.785,-0.0048,0.0013,-0.0157,-0.0007,0.1374,0.5278
2786,2.786,-0.0022,0.0046,-0.0153,0.003,-0.0437,-0.0153
2787,2.787,-0.0029,0.0034,-0.0189,0.001,-0.0773,-0.2278
2788,2.788,0.0021,0.0025,-0.0205,-0.002,-0.1075,-0.2932
2789,2.789,0.0004,0.0015,-0.0235,-0.0003,-0.1349,-0.3521
2790,2.79,-0.0013,0.0005,-0.0192,-0.0008,-0.1106,-0.3
2791,2.791,0.0035,-0.0013,-0.0234,-0.0005,-0.1779,-0.2525
2792,2.792,0.0018,-0.0015,-0.0259,0.0015,-0.4427,-0.8208
2793,2.793,0.0035,0.0023,-0.0272,-0.0003,-0.2625,-0.7441
2794,2.794,-0.0012,-0.0012,-0.0244,0.0029,-0.0322,-0.2515
2795,2.795,-0.0006,0.001,-0.0241,0.0026,0.1176,0.1976
2796,2.796,-0.0001,-0.0034,-0.0287,0.0012,0.1113,0.2292
2797,2.797,0.0063,-0.0005,-0.0299,0.0038,0.1386,0.2877
2798,2.798,0.0021,0.0006,-0.0317,-0.0008,0.1142,0.341
2799,2.799,0.0028,0.0023,-0.0365,-0.0025,0.092,0.197
2800,2.8,-0.0007,0.0013,-0.0338,0.0016,0.3971,0.5901
2801,2.801,-0.0024,-0.003,-0.0277,0.0021,0.3536,0.8543
2802,2.802,0.0005,-0.0035,-0.0128,-0.003,0.0754,0.4214
2803,2.803,0.0021,-0.0006,0.02,0.002,-0.1058,-0.1034
2804,2.804,0.0025,-0.0011,0.0239,0.0015,-0.1392,-0.1753
2805,2.805,0.0005,0.0019,0.0099,-0.005,-0.1693,-0.2404
2806,2.806,-0.0014,-0.0001,-0.0027,-0.0058,-0.1425,-0.2991
2807,2.807,0.0003,-0.0052,0,-0.0095,-0.1182,-0.2469
2808,2.808,-0.0027,-0.0003,0.0091,-0.006,-0.275,-0.3914
2809,2.809,-0.0023,-0.0019,0.0171,-0.0017,-0.3769,-1.0471
2810,2.81,0.0009,0.0021,0.0191,-0.0001,-0.173,-0.5793
2811,2.811,-0.0003,-0.0037,0.0208,-0.0026,0.0717,0.0178
2812,2.812,0.0023,0.0016,0.0223,-0.0038,0.1052,0.2515
2813,2.813,-0.0016,-0.0005,0.0278,-0.0041,0.1354,0.3228
2814,2.814,-0.0031,-0.01,0.0216,-0.0031,0.1628,0.2594
2815,2.815,-0.0001,-0.0086,0.0227,0.0008,0.0893,0.3177
2816,2.816,0.0003,-0.0024,0.0207,0.0002,0.2015,0.2651
2817,2.817,-0.0008,-0.0014,0.0242,0.0014,0.4255,0.7936
2818,2.818,-0.0011,-0.0044,0.03,-0.0006,0.2765,0.7237
2819,2.819,-0.0062,0.002,0.0352,0.0044,0.0319,0.275
2820,2.82,-0.0082,-0.0006,0.0295,0.0024,-0.0673,-0.1336
2821,2.821,-0.0065,-0.0028,0.0227,-0.0019,-0.0975,-0.1879
2822,2.822,-0.0048,-0.0008,0.0336,-0.0002,-0.1247,-0.2369
2823,2.823,-0.0001,0.0022,0.0349,-0.0028,-0.1003,-0.2813
2824,2.824,0.0004,0.0017,0.0416,-0.0079,-0.1227,-0.2423
2825,2.825,0.0033,0.0022,0.0426,-0.0044,-0.3873,-0.6394
2826,2.826,-0.0003,0.001,0.048,-0.0002,-0.3514,-0.904
2827,2.827,-0.0015,-0.0011,0.0552,-0.0019,-0.0555,-0.3754
2828,2.828,0.0005,0.0031,0.0506,0.0048,0.0643,0.1183
2829,2.829,0.0063,0.0002,0.0377,0.0021,0.101,0.1838
2830,2.83,0.002,0.0007,0.0098,0.0012,0.1343,0.2428
2831,2.831,0.0042,-0.0024,-0.01,0.0049,0.1049,0.2962
2832,2.832,-0.0022,0.0005,-0.0135,0.0042,0.0781,0.2484
2833,2.833,0.0003,0.003,-0.0101,0.0047,0.3,0.3796
2834,2.834,-0.0035,0.0033,-0.007,0.0051,0.3896,0.8959
2835,2.835,0.0001,-0.0018,-0.0094,0.0016,0.1456,0.5447
2836,2.836,0.0031,-0.0012,-0.0067,0.0057,-0.0192,0.0956
2837,2.837,-0.0022,0.0005,-0.0086,0.0028,-0.109,-0.1963
2838,2.838,-0.0002,0.0022,-0.0021,0.0003,-0.1364,-0.25
2839,2.839,0.0003,0.0047,-0.0036,0.0014,-0.112,-0.2986
2840,2.84,0.0008,0.005,-0.0014,0.0034,-0.0898,-0.2555
2841,2.841,0.0003,0.0046,-0.0024,0.0037,-0.1914,-0.2161
2842,2.842,-0.0028,0.0004,-0.0033,-0.0016,-0.4322,-0.7572
2843,2.843,-0.0025,-0.0002,-0.0064,-0.0038,-0.2681,-0.8347
2844,2.844,0.0001,0.0023,-0.009,-0.0003,0.0011,-0.2006
2845,2.845,-0.0017,-0.0019,-0.0074,-0.0033,0.11,0.2268
2846,2.846,0.0014,0.0033,-0.0113,-0.0086,0.1435,0.1511
2847,2.847,0.001,0.0013,-0.0064,-0.0022,0.114,0.2222
2848,2.848,0.002,-0.0018,-0.005,-0.0031,0.1415,0.2869
2849,2.849,-0.0017,0.0046,-0.0092,-0.0009,0.1171,0.2295
2850,2.85,-0.0021,0.0054,-0.0042,-0.0045,0.3637,0.5993
2851,2.851,0.0026,0.0017,-0.0086,0.0012,0.3312,0.8401
2852,2.852,0.0021,0.001,-0.0029,-0.001,0.0624,0.3595
2853,2.853,0.0016,-0.0032,-0.0051,0.0025,-0.1186,-0.0894
2854,2.854,0.001,-0.0038,-0.006,-0.0017,-0.0863,-0.265
2855,2.855,0.0041,-0.0002,-0.0066,0.0011,-0.1164,-0.2129
2856,2.856,0.0044,0.0001,-0.0055,0.0016,-0.1437,-0.2614
2857,2.857,0.0062,-0.0038,-0.0076,-0.0015,-0.07,-0.2181
2858,2.858,0.001,0.001,-0.0034,-0.0035,-0.3164,-0.4163
2859,2.859,0.0016,0.0005,-0.0096,-0.0032,-0.415,-0.9575
2860,2.86,-0.0004,-0.0012,-0.0059,0.0021,-0.1463,-0.5706
2861,2.861,0.0001,-0.0028,-0.0137,0.0027,0.0348,-0.0769
2862,2.862,-0.0028,-0.0016,-0.0141,0.0021,0.0685,0.2447
2863,2.863,0.0007,-0.0044,-0.0083,-0.001,0.0988,0.3041
2864,2.864,0.0011,-0.0041,-0.005,0.0019,0.1263,0.2522
2865,2.865,0.0022,-0.0024,-0.0054,0.0044,0.102,0.3009
2866,2.866,0.0032,0.0027,-0.0087,-0.0016,0.2141,0.2577
2867,2.867,-0.0013,-0.0037,-0.009,-0.0008,0.438,0.8534
2868,2.868,-0.0008,0.0006,-0.0016,0.0045,0.289,0.7689
2869,2.869,-0.0025,-0.0032,-0.0059,0.0038,-0.0097,0.2264
2870,2.87,0.0011,0.0018,-0.0064,0.0022,-0.1293,-0.1266
2871,2.871,-0.0001,0.006,-0.01,0.0005,-0.0938,-0.1917
2872,2.872,-0.0039,0.0066,-0.0049,0.0041,-0.127,-0.2502
2873,2.873,-0.0034,0.0008,-0.0079,0.0053,-0.0975,-0.3036
2874,2.874,-0.0022,0.0061,-0.0061,0.0024,-0.1247,-0.1599
2875,2.875,-0.0002,-0.0017,-0.0067,0.0006,-0.3958,-0.6404
2876,2.876,-0.0027,-0.0006,-0.0128,-0.0004,-0.3601,-0.9604
2877,2.877,0.0026,-0.0033,-0.0105,0.0007,-0.0644,-0.4371
2878,2.878,-0.0043,-0.0007,-0.0159,0.0014,0.0552,0.0568
2879,2.879,0.0021,-0.0014,-0.0113,0.0013,0.0917,0.2502
2880,2.88,0.0013,0.0022,-0.0159,-0.0024,0.1248,0.309
2881,2.881,-0.0009,0.0005,-0.0169,-0.0018,0.1548,0.2568
2882,2.882,0.0027,0.0011,-0.0189,0.0013,0.0737,0.2091
2883,2.883,0.001,0.0016,-0.0125,-0.0051,0.2954,0.3403
2884,2.884,0.0027,0.0013,-0.014,0.0013,0.3849,0.936
2885,2.885,-0.0009,0.0001,-0.021,-0.0029,0.1407,0.5106
2886,2.886,0.0042,-0.0017,-0.012,0.0009,-0.0242,-0.0324
2887,2.887,0.0035,0.0006,-0.0138,-0.0026,-0.1143,-0.2447
2888,2.888,0.0005,0.0023,-0.0222,-0.0021,-0.0878,-0.1818
2889,2.889,0.0022,0.001,-0.0199,-0.0015,-0.1127,-0.2406
2890,2.89,0.0007,-0.0002,-0.0232,0.002,-0.0907,-0.294
2891,2.891,-0.0005,0.0031,-0.0231,0.0017,-0.1925,-0.2463
2892,2.892,-0.0053,-0.0017,-0.0231,0.0021,-0.3964,-0.8142
2893,2.893,0.0042,-0.0033,-0.0274,0.0031,-0.2611,-0.7374
2894,2.894,-0.0027,0.0019,-0.0224,0.0035,0.0104,-0.2446
2895,2.895,-0.0039,-0.0016,-0.0285,-0.0016,0.1192,0.2045
2896,2.896,-0.0007,0.0014,-0.0299,-0.0022,0.0867,0.2638
2897,2.897,0.0005,-0.0003,-0.0324,0.001,0.1391,0.2789
2898,2.898,0.0015,-0.0008,-0.0315,-0.002,0.1095,0.332
2899,2.899,0.0042,0.0018,-0.0364,0.0009,0.1366,0.1881
2900,2.9,-0.0018,-0.0013,-0.0337,0.0004,0.3583,0.5813
2901,2.901,0.0019,-0.0041,-0.0387,-0.0047,0.3286,0.8455
2902,2.902,-0.0016,-0.0023,-0.0307,-0.0011,0.0842,0.4126
2903,2.903,-0.0012,-0.0006,-0.0126,0.0006,-0.0807,-0.1122
2904,2.904,-0.0007,-0.0036,0.0003,0.0011,-0.1112,-0.1841
2905,2.905,-0.0042,-0.0017,0.0119,0.0047,-0.1387,-0.2492
2906,2.906,-0.0031,0.0006,0.0177,0.0005,-0.1145,-0.4243
2907,2.907,0.0008,-0.0018,0.023,-0.0024,-0.0924,-0.2666
2908,2.908,0.0023,0.0013,0.0204,-0.0019,-0.2757,-0.4112
2909,2.909,0.0019,-0.0016,0.0146,-0.0007,-0.3991,-0.8921
2910,2.91,-0.002,-0.0013,0.0185,-0.001,-0.1974,-0.5729
2911,2.911,-0.0005,-0.0009,0.0192,0,-0.007,-0.0487
2912,2.912,0.0006,0.0014,0.0273,-0.001,0.0673,0.3042
2913,2.913,-0.0023,-0.0028,0.0299,-0.0006,0.1348,0.2412
2914,2.914,-0.0065,-0.0058,0.0155,0.0012,0.1554,0.2996
2915,2.915,-0.0094,-0.003,0.0168,0,0.1371,0.2471
2916,2.916,-0.013,0.0018,0.0011,-0.0037,0.1876,0.1991
2917,2.917,-0.0088,0.0001,0.0107,-0.0052,0.4172,0.8541
2918,2.918,-0.0036,0.0053,0.0233,-0.003,0.2532,0.7607
2919,2.919,-0.0001,0.0033,0.0212,-0.0051,0.044,0.1637
2920,2.92,-0.0018,-0.0025,0.0284,-0.0061,-0.0923,-0.225
2921,2.921,0.0011,-0.0003,0.0294,-0.0058,-0.1174,-0.1565
2922,2.922,-0.0005,0.0004,0.0353,-0.0041,-0.14,-0.2215
2923,2.923,0.0046,-0.0013,0.034,0.0001,-0.12,-0.2805
2924,2.924,0.0052,-0.0065,0.0368,-0.0057,-0.1017,-0.2284
2925,2.925,0.0035,-0.0017,0.0394,-0.0004,-0.3541,-0.5651
2926,2.926,0.0018,0.0014,0.0434,-0.0011,-0.3182,-0.9591
2927,2.927,-0.0018,0.0019,0.0396,-0.0029,-0.0881,-0.3781
2928,2.928,0.0043,-0.0017,0.0502,-0,0.0617,0.1649
2929,2.929,0.0068,0.0033,0.0547,-0.0016,0.0894,0.2364
2930,2.93,-0.0017,0.0026,0.0366,0.0014,0.1143,0.301
2931,2.931,0.0086,0.0057,-0.0005,0.0002,0.1369,0.2434
2932,2.932,-0.0011,0.0016,-0.0163,0.0053,0.0763,0.1908
2933,2.933,0.0027,0.0051,-0.0114,0.0032,0.28,0.3349
2934,2.934,0.0036,0.0029,-0.0069,0.0037,0.4157,0.9028
2935,2.935,0.0026,0.0009,-0.0106,-0.0016,0.1937,0.516
2936,2.936,0.0034,0.0019,0.0004,0.0019,-0.0155,0.0223
2937,2.937,0.0009,0.0029,-0.0026,0.0036,-0.0973,-0.1712
2938,2.938,0.0002,0.0005,-0.0053,0.0053,-0.1222,-0.2304
2939,2.939,-0.0018,-0.0014,-0.0023,0.0047,-0.1447,-0.2838
2940,2.94,0.0064,0.0003,-0.0044,0.005,-0.0839,-0.3323
2941,2.941,0.0008,-0.0019,-0.0063,0.0038,-0.1764,-0.2016
2942,2.942,0.0018,0.0011,-0.012,0.0013,-0.4289,-0.7971
2943,2.943,0.0064,-0.0045,-0.0097,0.0002,-0.2486,-0.7123
2944,2.944,-0.0014,-0.0067,-0.0076,0.0005,-0.0182,-0.1697
2945,2.945,0.0016,0.0026,-0.0056,0.0047,0.0719,0.1836
2946,2.946,-0.0011,0.0037,-0.0121,0.0042,0.0995,0.2491
2947,2.947,-0.0002,0.0005,-0.0079,-0.0034,0.1244,0.308
2948,2.948,0.005,-0.0068,-0.0041,0.0018,0.1024,0.2558
2949,2.949,-0.0014,-0.0041,-0.0088,0.0045,0.1228,0.2083
2950,2.95,-0.0005,-0.0015,-0.0147,-0.0014,0.3637,0.6016
2951,2.951,0.0032,-0.0037,-0.015,-0.0021,0.3311,0.8661
2952,2.952,0.0025,-0.0031,-0.0122,-0.0015,0.0623,0.4336
2953,2.953,-0.0017,0.0011,-0.0067,-0.0009,-0.0465,-0.0908
2954,2.954,-0.0022,0.0028,-0.0103,-0.0038,-0.0799,-0.1624
2955,2.955,0.0004,0.0064,-0.008,-0.0054,-0.1099,-0.2269
2956,2.956,-0.0008,0.0003,-0.011,-0.0065,-0.1372,-0.2854
2957,2.957,-0.002,-0.0005,-0.0107,-0.0018,-0.1128,-0.233
2958,2.958,-0.0016,0.0017,-0.0114,0.0013,-0.2696,-0.3771
2959,2.959,-0.0013,0.001,-0.0144,-0.0016,-0.412,-0.9448
2960,2.96,-0.0043,-0.0032,-0.0118,0.001,-0.1711,-0.5576
2961,2.961,-0.0017,-0.0003,-0.0142,0.0052,0.0594,-0.0638
2962,2.962,-0.0049,-0.0019,-0.0119,0.0057,0.0899,0.258
2963,2.963,-0.001,-0.0015,-0.0126,0.0022,0.1174,0.2015
2964,2.964,-0.0015,-0.0003,-0.014,0,0.1424,0.2554
2965,2.965,0.0028,0.0007,-0.0179,0.0057,0.1203,0.3043
2966,2.966,-0,-0.001,-0.016,-0.0013,0.1813,0.2612
2967,2.967,-0.0036,-0.0013,-0.0175,-0.0039,0.4223,0.7777
2968,2.968,-0.0013,0.0018,-0.0179,-0.0031,0.2584,0.7084
2969,2.969,-0.0025,0.0015,-0.0135,-0.0009,-0.0107,0.2602
2970,2.97,0.0011,0.0051,-0.0187,0.0041,-0.1195,-0.1478
2971,2.971,0.0024,0.0039,-0.0152,0.0036,-0.0871,-0.2016
2972,2.972,-0.0005,0.0019,-0.0135,-0.0004,-0.1171,-0.2501
2973,2.973,-0.004,0.0045,-0.0153,-0.003,-0.1444,-0.294
2974,2.974,0.0022,0.0035,-0.016,0.0022,-0.12,-0.1752
2975,2.975,-0.0003,0.0018,-0.014,0.0057,-0.3666,-0.5718
2976,2.976,0.0034,0.0037,-0.0163,0.0041,-0.3339,-0.9416
2977,2.977,-0.0015,0.002,-0.0216,0.0012,-0.125,-0.4126
2978,2.978,0.0016,0.0004,-0.0212,0.0028,0.1197,0.0814
2979,2.979,-0,-0.0028,-0.0232,0.0006,0.0874,0.2751
2980,2.98,0.0005,-0.0032,-0.0252,-0.0022,0.1175,0.2183
2981,2.981,0.0036,-0.0028,-0.0177,0.0014,0.1449,0.2718
2982,2.982,0.0016,0.0023,-0.0011,-0.0016,0.1205,0.2244
2983,2.983,0.0034,-0.0013,0.0208,-0.0027,0.2773,0.3557
2984,2.984,-0.0018,-0.0029,0.0291,-0.0016,0.3791,0.9516
2985,2.985,-0.0011,-0.0012,0.0313,-0.0026,0.1752,0.5264
2986,2.986,-0.0004,0.0003,0.0284,-0.0029,-0.0694,-0.0164
2987,2.987,0.0001,0.0034,0.0076,0.0014,-0.103,-0.2285
2988,2.988,-0.0004,-0.0013,-0.0066,-0.0028,-0.1333,-0.2934
2989,2.989,0.0021,0.0056,-0.0095,0.0037,-0.1607,-0.3519
2990,2.99,0.0018,0.001,-0.0166,-0.0005,-0.0872,-0.2995
2991,2.991,0.0006,0.0002,-0.0273,0.0018,-0.1546,-0.2515
2992,2.992,-0.0029,-0.0035,-0.0185,0.0025,-0.4194,-0.8193
2993,2.993,0.0001,-0.0015,-0.0241,0.0008,-0.2393,-0.7423
2994,2.994,-0.002,-0.001,-0.0262,-0.002,-0.009,-0.2492
2995,2.995,-0.0023,-0.0005,-0.0281,-0.0036,0.0809,0.2004
2996,2.996,-0.0034,-0.003,-0.0274,-0.0047,0.1084,0.2598
2997,2.997,0.0003,-0.0033,-0.0312,0.0009,0.1331,0.3134
2998,2.998,0.003,-0.0008,-0.0253,0.0011,0.1239,0.2955
2999,2.999,-0.0012,-0.0005,-0.0248,0.0004,0.1016,0.2479
3000,3,-0.0029,-0.003,-0.0207,0.0025,0.3661,0.5537
3001,3.001,-0.0035,0.0009,-0.0271,-0.0045,0.3301,0.9114
3002,3.002,-0.0032,0.0024,-0.0269,0.0019,0.0998,0.3826
3003,3.003,-0.0003,-0.0019,-0.0167,-0.0023,-0.1097,-0.111
3004,3.004,0.0022,-0.0014,-0.0002,-0.0016,-0.0834,-0.1766
3005,3.005,0.0032,-0.0009,0.006,0.0004,-0.1084,-0.2356
3006,3.006,0.0015,-0.0031,0.0198,-0.0053,-0.1311,-0.2891
3007,3.007,0.0001,-0.0019,0.0176,-0.0091,-0.1111,-0.3376
3008,3.008,-0.0006,0.0006,0.0122,-0.007,-0.2779,-0.4688
3009,3.009,-0.0018,-0.004,0.0195,-0.004,-0.3902,-0.9056
3010,3.01,-0.0014,0.0002,0.0206,-0.0035,-0.1664,-0.6155
3011,3.011,-0.0036,0.0031,0.0266,0.0001,0.0428,-0.0332
3012,3.012,-0.0073,-0.0017,0.0232,-0.0003,0.0705,0.2006
3013,3.013,-0.0079,0.0025,0.024,0.0026,0.1445,0.2718
3014,3.014,-0.0067,-0.0028,0.0247,0.0044,0.1223,0.3361
3015,3.015,-0.0012,-0.0021,0.0323,-0.0008,0.0615,0.2785
3016,3.016,0.001,-0.0091,0.0312,0.0044,0.1539,0.2259
3017,3.017,0.0003,-0.0045,0.0284,0.0064,0.4063,0.8505
3018,3.018,0.0008,-0.0003,0.0326,0.0069,0.2982,0.7658
3019,3.019,0.0013,-0.0041,0.0363,0.0016,0.0021,0.2231
3020,3.02,0.0007,-0.009,0.0399,0.0009,-0.1176,-0.1301
3021,3.021,0.001,-0.0007,0.0442,0.0051,-0.0823,-0.1954
3022,3.022,0.0031,0.0024,0.0519,0.0056,-0.1155,-0.2542
3023,3.023,-0.0012,0.0034,0.0468,0.0031,-0.086,-0.3076
3024,3.024,-0.0007,0.0061,0.033,0.0034,-0.1132,-0.1639
3025,3.025,0.004,0.0018,0.0026,0.0037,-0.3351,-0.5573
3026,3.026,-0.0002,0.0025,-0.0192,-0.0021,-0.3651,-0.9274
3027,3.027,0.0062,0.006,-0.015,-0.0064,-0.0667,-0.3987
3028,3.028,0.0036,0.0017,-0.0183,-0.0071,0.0529,0.095
3029,3.029,0.0014,0.0022,-0.0147,-0.0078,0.0895,0.2884
3030,3.03,0.002,0.0057,-0.0115,-0.0147,0.1226,0.2313
3031,3.031,-0.0037,0.0015,-0.0083,-0.0139,0.1526,0.2846
3032,3.032,0.0015,-0.0026,-0.0055,-0.0114,0.0716,0.2369
3033,3.033,0.0022,0.0021,0.0015,-0.003,0.2934,0.3681
3034,3.034,0.0016,-0.0037,-0.0081,0.0025,0.3829,0.8844
3035,3.035,-0.0012,0.0015,-0.0019,0.0015,0.1931,0.5332
3036,3.036,-0.0007,-0.0021,-0.0065,0.0023,-0.0294,0.0842
3037,3.037,0.0023,-0.0026,-0.0104,0.0014,-0.1195,-0.2081
3038,3.038,0.0043,-0.0009,-0.0058,0.0036,-0.0928,-0.2621
3039,3.039,0.0033,-0.0035,-0.004,0.0029,-0.1176,-0.3109
3040,3.04,0.0043,-0.0023,-0.0045,0.0045,-0.0955,-0.2677
3041,3.041,0.0013,0.0015,-0.0091,0.0062,-0.1564,-0.2283
3042,3.042,0.0063,0.0051,-0.0058,0.0036,-0.4342,-0.7695
3043,3.043,0.0014,0.0039,-0.0093,0.0048,-0.2358,-0.8472
3044,3.044,0.0031,-0,-0.008,-0.0009,-0.0548,-0.2132
3045,3.045,0.0002,0.0025,-0.0066,0.0028,0.1101,0.2144
3046,3.046,-0.0013,0.0047,-0.0101,0.0008,0.1404,0.2932
3047,3.047,0.0009,0.0058,-0.0111,0.0049,0.1137,0.2239
3048,3.048,0.0013,0.0001,-0.0109,0.0054,0.1385,0.2885
3049,3.049,-0.0006,0.0009,-0.0079,0.0049,0.1164,0.2309
3050,3.05,-0.0002,0.0031,-0.0083,0.0018,0.3811,0.6008
3051,3.051,0.0001,-0.0018,-0.005,0.0038,0.3453,0.8414
3052,3.052,-0.0012,0.0039,-0.0053,0.0013,0.1153,0.448
3053,3.053,-0.0024,0.0002,0.0006,-0.0011,-0.0939,-0.029
3054,3.054,-0.0017,0.0022,-0.005,-0.0028,-0.1215,-0.2224
3055,3.055,0.0016,-0.0035,-0.0101,-0.0027,-0.1463,-0.2812
3056,3.056,-0.0026,0.0002,-0.0041,-0.0029,-0.1241,-0.3347
3057,3.057,-0.0055,0.0038,-0.0054,0.0008,-0.1038,-0.2872
3058,3.058,-0.0019,0.0007,-0.0141,0.0066,-0.2705,-0.3311
3059,3.059,0.0032,-0.0021,-0.0065,0.0029,-0.4273,-0.9268
3060,3.06,-0.0017,-0.0016,-0.0047,0.0049,-0.2033,-0.6717
3061,3.061,0,0.0006,-0.0051,0.0032,0.0661,0.0261
3062,3.062,-0.0005,-0.0023,-0.0015,-0.002,0.1029,0.3088
3063,3.063,-0.001,0.0035,-0.0036,-0.004,0.1363,0.2249
3064,3.064,-0.006,-0.0024,-0.004,-0.0057,0.1665,0.303
3065,3.065,0.0018,0.0014,-0.0013,-0.0004,0.0856,0.2337
3066,3.066,-0.0012,-0.0035,-0.0073,-0.0024,0.1596,0.1703
3067,3.067,-0.0003,-0.003,-0.0028,-0.0029,0.4063,0.8098
3068,3.068,-0.0011,-0.0013,0.0013,-0.0058,0.2424,0.7254
3069,3.069,-0.0004,-0.0027,-0.0091,-0.0043,0.0333,0.183
3070,3.07,-0.001,-0.0015,-0.0074,-0.0012,-0.1028,-0.1702
3071,3.071,0.0007,-0.0012,-0.0086,0.0017,-0.1278,-0.2353
3072,3.072,-0.0009,0.0014,-0.0072,-0.0019,-0.1502,-0.2939
3073,3.073,0.0006,-0.0017,-0.0081,0.0003,-0.1301,-0.2415
3074,3.074,-0.0024,-0.0029,-0.0071,-0,-0.1116,-0.1938
3075,3.075,0.0033,0.0029,-0.0098,-0.0019,-0.364,-0.5869
3076,3.076,0.0026,-0.0013,-0.0108,0.0005,-0.3281,-0.9567
3077,3.077,0.0034,-0.0006,-0.0117,0.0029,-0.0979,-0.4281
3078,3.078,0.0017,0.003,-0.0099,0.0015,0.1115,0.0658
3079,3.079,0.0013,-0,-0.0096,0.0022,0.0851,0.2592
3080,3.08,-0.0022,0.0029,-0.0128,0.0029,0.1101,0.3183
3081,3.081,-0.0018,-0.0018,-0.0084,0.0052,0.1329,0.2661
3082,3.082,0.0011,-0.0001,-0.0131,0.0035,0.0722,0.2186
3083,3.083,0.0001,-0.0006,-0.0164,0.0017,0.276,0.3498
3084,3.084,0.0005,-0.0021,-0.0144,0,0.4117,0.9456
3085,3.085,-0.0005,0.0001,-0.0171,-0.0037,0.1898,0.6906
3086,3.086,-0.0018,-0.0028,-0.0164,-0.0052,-0.0194,0.1477
3087,3.087,-0.0006,0.0015,-0.0173,-0.0063,-0.1013,-0.2055
3088,3.088,0.0006,0.001,-0.0168,0.0001,-0.1262,-0.2706
3089,3.089,0.003,-0.0015,-0.0191,0.0047,-0.1489,-0.3294
3090,3.09,0.0007,0.0015,-0.0183,0.0039,-0.1288,-0.2772
3091,3.091,0.0009,0.0019,-0.0161,0.0076,-0.1473,-0.2294
3092,3.092,-0.0003,-0.0006,-0.0225,-0.0017,-0.3998,-0.7974
3093,3.093,-0.0025,0.0033,-0.024,0.002,-0.2919,-0.8751
3094,3.094,0.0017,-0.0035,-0.0254,0.0031,0.0041,-0.2413
3095,3.095,0.0001,-0.0043,-0.024,0,0.1237,0.1862
3096,3.096,0.0006,0.0035,-0.0253,0.0027,0.0881,0.265
3097,3.097,0.0001,0.0005,-0.0255,0.0002,0.1211,0.336
3098,3.098,-0.0003,0.0013,-0.0287,-0.002,0.1511,0.2726
3099,3.099,0.0023,0.0017,-0.023,0.0015,0.1039,0.2098
3100,3.1,-0.0041,0.0042,-0.0268,-0.0034,0.3478,0.6166
3101,3.101,0.0004,0.002,-0.0323,-0.0029,0.315,0.881
3102,3.102,-0.0004,0.0056,-0.0347,-0.0034,0.106,0.4483
3103,3.103,0.0018,-0.0002,-0.0302,-0.0029,-0.0845,-0.0763
3104,3.104,0.0053,-0.0039,-0.0203,-0.0007,-0.1097,-0.1481
3105,3.105,0.0011,-0.0032,0.002,-0.0072,-0.1325,-0.2131
3106,3.106,-0.0006,-0.0002,0.0045,-0.0064,-0.1126,-0.2717
3107,3.107,0.0009,-0.0007,0.0126,-0.0072,-0.0943,-0.2196
3108,3.108,-0.0033,-0.0022,0.0201,-0.0066,-0.2796,-0.364
3109,3.109,-0.0028,-0.0011,0.0218,-0.0046,-0.403,-0.9321
3110,3.11,-0.0013,-0.0023,0.0055,-0.0029,-0.2013,-0.7003
3111,3.111,0.0017,-0.0004,0.0151,-0.0093,0.0432,-0.066
3112,3.112,-0.0022,-0.0015,0.0089,0.0001,0.0767,0.1911
3113,3.113,-0.0007,-0.0039,0.0168,0.0013,0.1068,0.115
3114,3.114,0.0024,-0.0052,0.0238,0.0002,0.1342,0.1858
3115,3.115,-0.0041,-0.0046,0.0274,0.0012,0.1098,0.2503
3116,3.116,-0.0014,-0.0058,0.028,0.0058,0.177,0.1923
3117,3.117,-0.004,-0.0026,0.022,0.0066,0.4415,0.7734
3118,3.118,-0.0002,-0.0023,0.0163,0.0043,0.2612,0.8511
3119,3.119,-0.0009,-0.0019,0.0019,0.0063,0.0309,0.2172
3120,3.12,-0.004,-0.003,0.0035,0.008,-0.1189,-0.21
3121,3.121,-0.0011,0.0002,0.0125,0.0039,-0.0925,-0.2887
3122,3.122,0.0004,0.0049,0.0139,0.0024,-0.1174,-0.2194
3123,3.123,-0.0008,0.0044,0.0275,0.002,-0.1401,-0.284
3124,3.124,-0.0073,0.0003,0.0329,-0.0019,-0.0794,-0.2262
3125,3.125,-0.01,0.0018,0.0344,0.0028,-0.3573,-0.4904
3126,3.126,-0.0058,0.004,0.0297,-0.0014,-0.3179,-0.9231
3127,3.127,-0.0036,0.0044,0.031,-0.0009,-0.1372,-0.3999
3128,3.128,-0.0001,0.0018,0.0346,-0.0035,0.0276,0.0938
3129,3.129,0.0004,-0.0034,0.0378,-0.0005,0.058,0.2873
3130,3.13,-0.0013,0.0003,0.0473,-0.006,0.1395,0.2302
3131,3.131,0.0002,0.0009,0.0537,-0.0008,0.1642,0.2837
3132,3.132,0.0023,0.0026,0.046,-0.0001,0.0972,0.236
3133,3.133,0.002,0.0043,0.0304,-0.0007,0.2804,0.367
3134,3.134,0.0038,0.0058,-0.003,0.001,0.4037,0.8832
3135,3.135,0.0055,-0.0011,-0.0172,-0.0005,0.202,0.6727
3136,3.136,0.0044,-0.0022,-0.0125,0.0045,-0.0427,0.096
3137,3.137,0.0051,0.0005,-0.016,-0.0019,-0.0762,-0.1378
3138,3.138,0.0067,-0.002,-0.0121,0.0006,-0.1064,-0.2093
3139,3.139,0.0035,0.0001,-0.0019,-0.0016,-0.1338,-0.2742
3140,3.14,0.0038,0.0008,-0.0043,0.0004,-0.1094,-0.2169
3141,3.141,0.0013,-0.0009,-0.0119,-0.0013,-0.1319,-0.27
3142,3.142,0.0009,-0.0026,-0.0042,0.0027,-0.3965,-0.7988
3143,3.143,0.0046,-0.0001,-0.0102,0.0002,-0.2885,-0.8696
3144,3.144,-0.0005,-0.0031,-0.0035,0.0044,0.0074,-0.2935
3145,3.145,0.0015,0.0016,-0.0122,0.0016,0.1272,0.2499
3146,3.146,0.002,-0.0001,-0.0065,-0.001,0.0918,0.181
3147,3.147,0.0003,-0.0042,-0.0012,0.0002,0.1249,0.2458
3148,3.148,0.0028,-0.0006,-0.0046,0.0014,0.155,0.3044
3149,3.149,-0.0023,-0.0018,-0.0101,-0.0005,0.1281,0.252
3150,3.15,-0.0003,-0.0006,-0.0083,-0.0008,0.35,0.5883
3151,3.151,0.0002,0.0036,-0.0086,-0.0052,0.3205,0.8942
3152,3.152,-0.0027,0.0019,-0.0032,0.0024,0.0762,0.4573
3153,3.153,-0.0022,0.0014,-0.0066,0.0014,-0.0885,-0.0675
3154,3.154,0.0008,0.0044,-0.011,-0.0013,-0.1189,-0.28
3155,3.155,-0.0004,0.0024,-0.0081,0.0012,-0.1462,-0.217
3156,3.156,-0.0008,-0.0034,-0.0067,0.0034,-0.1218,-0.2759
3157,3.157,0.0016,0.0061,-0.0075,0.0041,-0.0995,-0.2237
3158,3.158,0.0006,0.0024,-0.0051,0.0024,-0.2417,-0.3681
3159,3.159,0.0031,0.0034,-0.0094,0.0019,-0.4083,-0.9363
3160,3.16,-0.0002,0.0044,-0.0065,-0.0016,-0.2065,-0.7046
3161,3.161,-0.0005,-0.0002,-0.01,-0.0013,0.0384,-0.0705
3162,3.162,-0.0024,-0.001,-0.0098,-0.0041,0.0721,0.1865
3163,3.163,-0.0007,-0.0017,-0.0065,0.0017,0.1025,0.265
3164,3.164,0.003,0.0033,-0.0101,0.0009,0.1301,0.3358
3165,3.165,-0.0031,-0.001,-0.009,0.0016,0.1059,0.2722
3166,3.166,-0.0022,-0.0026,-0.0078,-0.0004,0.1733,0.2144
3167,3.167,-0,-0.0052,-0.0084,0.0002,0.3974,0.7956
3168,3.168,-0.0021,0.0009,-0.0089,0.0008,0.2486,0.7187
3169,3.169,-0.0026,-0.0033,-0.0058,0.0024,0.0586,0.2259
3170,3.17,-0.0009,-0.0011,-0.0036,0.0021,-0.0652,-0.0954
3171,3.171,-0.0034,0.0025,-0.0054,0.0018,-0.0879,-0.271
3172,3.172,0.0009,-0.0032,-0.0091,-0.0039,-0.1084,-0.3245
3173,3.173,0.0014,-0.0025,-0.0044,-0.0013,-0.1269,-0.2771
3174,3.174,-0.0001,-0.0061,-0.0092,0.0009,-0.1102,-0.2337
3175,3.175,-0.0005,-0.0018,-0.0123,0.0003,-0.3397,-0.5911
3176,3.176,0.0016,0.0011,-0.0102,-0.0002,-0.3726,-0.9276
3177,3.177,0.0019,-0.0004,-0.0069,-0.0077,-0.1036,-0.447
3178,3.178,0.0002,-0.0008,-0.0081,-0.0087,0.0775,0.1301
3179,3.179,-0.0008,-0.0019,-0.0056,-0.0041,0.1111,0.209
3180,3.18,-0.0026,0.0038,-0.0102,0.0018,0.1413,0.2803
3181,3.181,0.0013,-0.0021,-0.007,-0.0019,0.1146,0.3449
3182,3.182,-0.0027,-0.0042,-0.0121,0.0059,0.0904,0.2874
3183,3.183,-0.0002,0.0007,-0.0127,0.0049,0.2474,0.3404
3184,3.184,-0.0013,0.0012,-0.0122,0.0041,0.4309,0.869
3185,3.185,0.0016,0.0017,-0.0106,0.0067,0.2091,0.6586
3186,3.186,0.0013,0.0065,-0.0101,0.0045,-0.06,0.082
3187,3.187,0.0016,0.0048,-0.0153,0.0025,-0.0966,-0.1516
3188,3.188,0.0013,0.002,-0.0089,-0.0058,-0.1298,-0.223
3189,3.189,0.0051,-0.0016,-0.0115,-0.0002,-0.1003,-0.2876
3190,3.19,0.0025,0.0015,-0.0094,-0.0032,-0.1275,-0.23
3191,3.191,0.0004,0.0003,-0.0102,-0.004,-0.1521,-0.1774
3192,3.192,-0.0035,0.0014,-0.0146,-0.0065,-0.3986,-0.802
3193,3.193,-0.003,0.0024,-0.0164,-0.0028,-0.3002,-0.8875
3194,3.194,0.0013,0.0014,-0.0108,-0.0008,-0.0311,-0.1903
3195,3.195,0.003,0.0001,-0.0194,0.0009,0.0778,0.0923
3196,3.196,-0.0027,-0.0038,-0.0118,0.0062,0.1111,0.1789
3197,3.197,-0.002,0.0015,-0.013,0.0012,0.1412,0.2571
3198,3.198,-0.0013,-0.0033,-0.0178,0.0043,0.1143,0.328
3199,3.199,0.0029,-0.0003,-0.0172,0.0026,0.0899,0.2645
3200,3.2,0.0051,-0.0016,-0.0201,0.0046,0.3628,0.5416
3201,3.201,-0.0001,0.0002,-0.0196,0.0011,0.3407,0.9488
3202,3.202,0.0049,0.0007,-0.0178,0.0014,0.1164,0.4732
3203,3.203,0.0006,0.0011,-0.021,0.0002,-0.093,-0.1037
3204,3.204,-0.001,-0.0053,-0.0172,-0.0055,-0.1207,-0.1825
3205,3.205,0.0015,0.0011,-0.0096,0.0004,-0.1457,-0.2535
3206,3.206,0.0037,0.0037,0.0073,0.001,-0.1237,-0.3177
3207,3.207,0.0017,-0.0015,0.0194,0.0017,-0.1036,-0.2599
3208,3.208,0.0021,-0.0022,0.017,-0,-0.2332,-0.3127
3209,3.209,-0.0018,-0.0005,0.0353,0.0052,-0.4522,-0.9374
3210,3.21,-0.0023,-0.0021,0.0278,-0.0055,-0.2436,-0.6823
3211,3.211,-0.0011,-0.0016,0.0432,-0.0101,0.001,-0.1393
3212,3.212,-0.0008,0.0035,0.0491,-0.0088,0.1001,0.2141
3213,3.213,-0.0018,0.0014,0.0397,-0.0076,0.1303,0.2794
3214,3.214,-0.0014,-0.0028,0.0142,-0.0087,0.1576,0.3382
3215,3.215,-0.0011,0.0036,-0.0113,-0.0097,0.1333,0.2862
3216,3.216,-0.0009,0.0028,-0.0082,-0.0143,0.1556,0.2385
3217,3.217,-0.0043,0.0021,-0.0112,-0.0085,0.4203,0.8067
3218,3.218,-0.0031,-0.0028,-0.0085,-0.0032,0.3122,0.73
3219,3.219,-0.0028,-0.0023,-0.0109,-0.0013,0.0162,0.2373
3220,3.22,-0.0017,0.0018,-0.0044,-0.0055,-0.1035,-0.2118
3221,3.221,0.0006,0.0013,-0.0105,-0.0027,-0.0681,-0.1551
3222,3.222,-0.0017,0.0024,-0.0086,0.002,-0.1013,-0.3141
3223,3.223,0.0025,0.0063,-0.0035,0.0025,-0.1314,-0.2665
3224,3.224,0.003,0.0006,-0.002,0.0042,-0.1045,-0.223
3225,3.225,0.0001,0.0012,-0.006,0.0077,-0.3265,-0.5008
3226,3.226,0.0037,0.0032,-0.007,0.0064,-0.3566,-0.8979
3227,3.227,0.0015,-0.0025,0.0101,0.0103,-0.1124,-0.4221
3228,3.228,0.0011,0.0012,0.0326,0.0045,0.0523,0.0272
3229,3.229,-0.0014,-0.0037,0.0416,0.0082,0.1421,0.2033
3230,3.23,-0.0046,-0.0042,0.0499,0.0046,0.1153,0.257
3231,3.231,-0.0018,-0.0083,0.0477,0.0115,0.14,0.3059
3232,3.232,-0.0015,-0.0016,0.0457,0.003,0.0728,0.2628
3233,3.233,0.0009,0.0011,0.0194,0.004,0.2559,0.3027
3234,3.234,0.0019,-0.0067,0.0088,-0.0055,0.3791,0.844
3235,3.235,0.0032,-0.0057,-0.0007,-0.0067,0.1772,0.6122
3236,3.236,-0.0002,0.0007,-0.0033,0.0011,-0.0132,0.1188
3237,3.237,0.0002,0.0033,-0.0056,0.002,-0.0878,-0.2027
3238,3.238,-0.0027,-0.0005,-0.0077,-0.0007,-0.1107,-0.262
3239,3.239,-0.0002,-0.0012,-0.0051,0.0035,-0.1314,-0.3156
3240,3.24,-0.0055,-0.0029,-0.0027,0.0028,-0.1133,-0.2682
3241,3.241,-0.0077,-0.0013,-0.0041,0.0064,-0.164,-0.2248
3242,3.242,-0.0097,0.0002,-0.002,0.0058,-0.3937,-0.7411
3243,3.243,-0.004,-0.001,-0,0.0029,-0.2955,-0.8119
3244,3.244,-0.0033,-0.0039,-0.0036,-0.0028,-0.0266,-0.2358
3245,3.245,0.0002,-0.0042,-0.0043,0.0009,0.0822,0.1528
3246,3.246,-0.0003,-0.0088,-0.0048,-0.004,0.1154,0.2242
3247,3.247,0.0013,-0.0047,-0.0053,-0.0035,0.1455,0.2887
3248,3.248,0.0028,-0.0052,-0.0039,-0.0064,0.1186,0.3472
3249,3.249,-0.0014,-0.0027,-0.0059,-0.0017,0.0941,0.189
3250,3.25,0.0026,-0.0015,-0.0047,0,0.3853,0.5253
3251,3.251,0.0062,-0.0004,-0.009,0.0005,0.3459,0.9186
3252,3.252,0.0039,0.0038,-0.0042,0.001,0.093,0.4429
3253,3.253,0.0019,0.0055,-0.0053,0.0022,-0.0719,-0.1344
3254,3.254,0.0038,0.0029,-0.0042,0.0034,-0.1023,-0.3683
3255,3.255,0.0041,0.0032,-0.0048,0.0015,-0.1298,-0.2993
3256,3.256,0.0017,0.0043,-0.0038,0.0032,-0.1547,-0.2361
3257,3.257,-0.0026,0.0047,-0.0013,0.0035,-0.0878,-0.1789
3258,3.258,-0.0009,0.0023,-0.0052,0.0005,-0.2302,-0.3378
3259,3.259,0.0067,0.0053,-0.003,0.0002,-0.434,-0.8665
3260,3.26,-0.0006,-0.0005,0.0005,-0.0049,-0.1901,-0.6564
3261,3.261,0.0002,0.0054,-0.0048,0.0045,0.0403,-0.0799
3262,3.262,-0.0023,0.0016,-0.0065,0.0033,0.0707,0.3087
3263,3.263,0.0029,0.0036,-0.0025,-0.0045,0.0983,0.2397
3264,3.264,0.0009,0.0005,-0.0037,-0.0014,0.1231,0.3044
3265,3.265,0.0039,0.0022,-0.0039,-0.0041,0.101,0.2468
3266,3.266,-0.0037,0.0047,-0.0061,-0.0032,0.1621,0.1942
3267,3.267,0.0057,0.0035,-0.007,-0.001,0.4029,0.7226
3268,3.268,0.0045,-0.0004,-0.0003,-0.0016,0.3046,0.7931
3269,3.269,-0.0032,0.0031,0.0007,-0.0032,0.0357,0.3447
3270,3.27,-0.0022,0.0019,-0.005,-0.0015,-0.0731,-0.1802
3271,3.271,0.0005,0.004,-0.0086,-0.0019,-0.1065,-0.2521
3272,3.272,0.0013,-0.0003,-0.0036,0.0003,-0.1365,-0.3168
3273,3.273,0.002,-0.0031,-0.004,0.0068,-0.1097,-0.2595
3274,3.274,-0,-0.0006,-0.0068,0.006,-0.0853,-0.2071
3275,3.275,0.0031,0.0025,-0.0073,0.0036,-0.3318,-0.5437
3276,3.276,0.0026,-0.0014,-0.0043,-0.0016,-0.3648,-0.9372
3277,3.277,-0.0042,-0.005,-0.0041,-0.008,-0.096,-0.4616
3278,3.278,-0.0033,-0.0038,-0.0068,-0.002,0.0851,0.1154
3279,3.279,0.0009,-0.0026,-0.0066,0.0003,0.1186,0.1942
3280,3.28,-0.0013,-0.0001,-0.0078,-0.0003,0.1488,0.2652
3281,3.281,-0.0006,-0.0011,-0.0122,0.0002,0.1221,0.3298
3282,3.282,-0.0001,0.0027,-0.0067,-0.0002,0.0978,0.2721
3283,3.283,0.0016,-0.0024,-0.0107,0.0013,0.2546,0.325
3284,3.284,0.0012,-0.0017,-0.0117,-0.0008,0.3971,0.9496
3285,3.285,0.0009,-0.0012,-0.0126,-0.0004,0.1934,0.6945
3286,3.286,0.0012,0.0029,-0.0101,-0.0014,-0.0512,0.1516
3287,3.287,-0.0006,0.0014,-0.01,-0.0037,-0.0846,-0.2016
3288,3.288,0.0033,0.0045,-0.0135,-0.0006,-0.1147,-0.2667
3289,3.289,-0.0024,-0.0002,-0.0152,0.0036,-0.142,-0.3256
3290,3.29,-0.0016,0.0003,-0.0167,-0.004,-0.1176,-0.2734
3291,3.291,0.0004,-0.0026,-0.014,-0.0009,-0.1399,-0.2256
3292,3.292,-0.0012,-0.004,-0.0184,-0.0017,-0.4046,-0.7937
3293,3.293,0.0017,0.0011,-0.0204,0.0026,-0.2965,-0.8715
3294,3.294,-0.0008,0.0004,-0.0188,0.0019,-0.0662,-0.2379
3295,3.295,-0.0004,-0.0013,-0.0222,0.0039,0.0837,0.1894
3296,3.296,-0.0043,-0.0007,-0.0253,0.0057,0.1114,0.2681
3297,3.297,-0.0017,0.0018,-0.0298,0.004,0.1364,0.339
3298,3.298,0.0014,0.0041,-0.0257,0.0035,0.1144,0.2756
3299,3.299,-0.0014,-0.0023,-0.022,0.0032,0.0942,0.2179
3300,3.3,0.0011,-0.0015,-0.0221,0.0003,0.3721,0.482
3301,3.301,-0.0005,0.0008,-0.0239,0.007,0.3525,0.9099
3302,3.302,-0.0028,0.005,-0.023,0.0028,0.0744,0.4773
3303,3.303,0.0023,-0.0002,-0.0193,0.0033,-0.0344,-0.0475
3304,3.304,0.0003,-0.0022,-0.0263,-0.0002,-0.0677,-0.26
3305,3.305,0.0061,-0.0016,-0.0294,-0.0033,-0.0978,-0.1974
3306,3.306,0.0039,0.0024,-0.0185,-0.0036,-0.125,-0.2562
3307,3.307,0.0046,0.004,0.0063,-0.0093,-0.1006,-0.3096
3308,3.308,-0.0012,0.0037,0.0166,-0.0034,-0.2574,-0.2619
3309,3.309,0.001,0.0017,0.0129,-0.0041,-0.3997,-0.9175
3310,3.31,-0.0038,0.0027,0.0272,-0.0034,-0.1959,-0.8243
3311,3.311,0.0019,0.0037,0.0186,-0.0029,-0.0055,-0.2275
3312,3.312,0.0012,-0.0006,0.0254,-0.0034,0.1185,0.1608
3313,3.313,-0.0023,-0.0059,0.0228,-0.0009,0.0967,0.2322
3314,3.314,-0.0028,-0.001,0.0284,0.0052,0.0768,0.2967
3315,3.315,0.0001,-0.0005,0.0261,-0.0007,0.0955,0.3551
3316,3.316,-0.0015,-0.0045,0.0275,0.0015,0.1461,0.1968
3317,3.317,-0.0003,-0.004,0.0256,0.0008,0.3759,0.7251
3318,3.318,0.0001,-0.0028,0.0293,-0.0087,0.2776,0.7955
3319,3.319,-0.001,-0.004,0.0327,-0.0047,0.0685,0.347
3320,3.32,0.0014,-0.0015,0.0357,-0.011,-0.0677,-0.1778
3321,3.321,0.0017,-0.0047,0.0344,-0.0054,-0.0926,-0.2498
3322,3.322,-0.0013,-0.0059,0.035,-0.0002,-0.1152,-0.3147
3323,3.323,-0.0017,-0.0049,0.0357,0.0025,-0.1356,-0.2575
3324,3.324,-0.0027,-0.0059,0.0333,-0.0001,-0.0802,-0.2051
3325,3.325,-0.001,-0.0008,0.0438,-0.0023,-0.3326,-0.5418
3326,3.326,-0.0041,-0.0002,0.0576,-0.0016,-0.3687,-0.9354
3327,3.327,0.0001,0.0015,0.0483,-0.0074,-0.1386,-0.4599
3328,3.328,0.0006,-0.0014,0.0229,-0.0037,0.0708,0.117
3329,3.329,-0.002,0.0021,-0.0099,0.0027,0.0985,0.1958
3330,3.33,0.0011,-0.0001,-0.0143,-0.0015,0.1235,0.2667
3331,3.331,0.0022,0.0019,-0.0103,0.0037,0.1462,0.3312
3332,3.332,-0.0036,0.0001,-0.0067,0.0017,0.0855,0.2735
3333,3.333,-0.0027,-0.001,-0.0033,0.0011,0.2523,0.3264
3334,3.334,-0.005,0.0007,-0.0002,0.0016,0.4093,0.8548
3335,3.335,-0.0085,-0,-0.0027,0.0001,0.1854,0.6442
3336,3.336,-0.0081,0.0028,-0.0049,0.0022,-0.0238,0.0674
3337,3.337,-0.0076,-0.0029,-0.0068,0.0025,-0.1057,-0.1664
3338,3.338,-0.0051,0.003,-0.0045,0.0044,-0.1306,-0.2379
3339,3.339,-0.0021,0.0036,-0.0022,0.0067,-0.1086,-0.3028
3340,3.34,-0.0018,0.0001,-0.0069,0.005,-0.0886,-0.2454
3341,3.341,0.004,0.0031,-0.005,0.0043,-0.1441,-0.193
3342,3.342,-0.0003,0.0002,-0.0032,0.0045,-0.3966,-0.7217
3343,3.343,0.0034,-0.0003,-0.004,0.0033,-0.2887,-0.7925
3344,3.344,0.0013,0.0008,-0.0003,0,-0.0584,-0.3443
3345,3.345,0.003,0.0005,0.0013,0.003,0.0914,0.1803
3346,3.346,0.0024,0.0062,0.0027,0.001,0.1189,0.2521
3347,3.347,0.0039,-0.0016,-0.0046,0.0045,0.1438,0.3168
3348,3.348,0.0017,0.0015,0.0013,0.0087,0.1217,0.2594
3349,3.349,0.002,-0.0013,-0.0046,0.0046,0.1014,0.2069
3350,3.35,0.003,-0.0004,-0.0031,0.0071,0.3421,0.5433
3351,3.351,0.0046,-0.0011,-0.0031,0.0001,0.3751,0.9368
3352,3.352,0.0049,0.0038,-0.0073,-0.0029,0.1063,0.4611
3353,3.353,0.0019,0.0033,-0.0084,-0.0057,-0.0749,0.012
3354,3.354,0.0022,0.0004,-0.0071,-0.0082,-0.1084,-0.1638
3355,3.355,0.0064,-0.0054,-0.0049,-0.0061,-0.1386,-0.2177
3356,3.356,0.0059,-0.0017,-0.0084,0.0003,-0.1118,-0.2663
3357,3.357,0.0011,-0.0052,-0.0072,-0.0022,-0.0876,-0.2231
3358,3.358,0.0016,0.003,-0.0049,-0.0092,-0.2446,-0.3422
3359,3.359,0.0056,-0.0002,-0.003,-0.0007,-0.428,-0.8834
3360,3.36,0.0008,-0.0012,-0.0051,0.0003,-0.2063,-0.6516
3361,3.361,0.0003,0.0015,-0.0034,-0.0008,0.0029,-0.1584
3362,3.362,0.0008,0.004,-0.0038,-0.0035,0.0846,0.163
3363,3.363,0.0002,0.0018,-0.0049,-0.0043,0.1095,0.2224
3364,3.364,-0.001,0.0038,-0.0062,-0.0006,0.1319,0.276
3365,3.365,0.0011,0.0008,-0.0018,0.0043,0.1117,0.3249
3366,3.366,-0.0032,0.0003,-0.0041,0.006,0.1671,0.1945
3367,3.367,-0.0015,-0.0033,-0.0072,0.0031,0.4195,0.711
3368,3.368,-0.001,-0.0003,-0.0017,0.0026,0.3115,0.782
3369,3.369,0.002,0.0026,-0.0033,-0.0025,0.0155,0.334
3370,3.37,-0.0035,-0.0009,-0.0035,0.0011,-0.1042,-0.1904
3371,3.371,-0.0029,0.0021,-0.0049,0.0006,-0.1407,-0.2618
3372,3.372,-0.0022,-0.0026,-0.0021,0,-0.1082,-0.3263
3373,3.373,0.0008,0.0016,-0.0016,-0.0004,-0.1384,-0.2687
3374,3.374,-0.0032,0.0022,-0.0018,-0.0046,-0.1116,-0.216
3375,3.375,0.0003,-0.0004,-0.0035,-0.0029,-0.3335,-0.5521
3376,3.376,-0,-0.0007,-0.0018,-0.0077,-0.3636,-0.9454
3377,3.377,0.0029,-0.001,-0.0069,-0.0034,-0.1195,-0.4696
3378,3.378,-0.0013,0.0026,-0.009,-0.0005,0.0452,0.1077
3379,3.379,-0.0019,-0.0004,-0.0096,0.002,0.0755,0.1869
3380,3.38,-0.0034,-0.0001,-0.0082,0.0033,0.1028,0.2583
3381,3.381,0.0009,-0.0011,-0.0079,0.003,0.1275,0.3231
3382,3.382,-0.002,0.0035,-0.007,-0.0028,0.1052,0.2657
3383,3.383,0.0038,0.0019,-0.0085,0.0015,0.2474,0.3189
3384,3.384,0,0.0036,-0.0063,0.0022,0.4141,0.8478
3385,3.385,0.0021,-0.0011,-0.007,0.0015,0.2123,0.6374
3386,3.386,-0.001,-0.0006,-0.0112,-0.0027,-0.0325,0.0608
3387,3.387,0.0007,-0.0034,-0.0179,-0.0032,-0.0661,-0.1728
3388,3.388,-0.0028,-0.0029,-0.0142,0.0026,-0.0964,-0.2442
3389,3.389,-0.0025,-0.0032,-0.0232,0.0033,-0.1239,-0.3087
3390,3.39,0.0014,-0.0012,-0.0134,0.0026,-0.0997,-0.2512
3391,3.391,0.003,-0.0002,-0.0154,0.0021,-0.1222,-0.1987
3392,3.392,-0,-0.0018,-0.0197,0.005,-0.4275,-0.7272
3393,3.393,-0.0029,-0.0001,-0.0193,0.0066,-0.2968,-0.7978
3394,3.394,0.0007,0.0024,-0.019,0.0015,-0.0186,-0.3495
3395,3.395,0.0029,0.0008,-0.017,0.0022,0.0901,0.1753
3396,3.396,0,-0.0023,-0.0185,0.0027,0.1234,0.247
3397,3.397,0.0026,-0.0048,-0.0245,0.0067,0.1534,0.3117
3398,3.398,0.0009,0.0005,-0.0232,-0,0.1265,0.2543
3399,3.399,0.0019,-0.0032,-0.0309,0.0008,0.102,0.2017
3400,3.4,0.0013,0.0003,-0.0252,0.0017,0.3484,0.5382
3401,3.401,-0.0021,-0.0013,-0.0269,-0.0005,0.3814,0.9316
3402,3.402,-0.004,-0.0017,-0.0304,0.001,0.1256,0.473
3403,3.403,-0.0009,0.0012,-0.029,-0.0055,-0.0839,-0.0042
3404,3.404,-0.0013,0.0048,-0.0291,-0.003,-0.1116,-0.1976
3405,3.405,0.0045,0.0045,-0.0356,-0.0036,-0.1366,-0.2567
3406,3.406,0.0019,0.0016,-0.0327,-0.0016,-0.1146,-0.3102
3407,3.407,0.0026,-0.0009,-0.0229,-0.0074,-0.0944,-0.2628
3408,3.408,0.0006,0.0043,-0.0007,-0.0067,-0.2241,-0.3069
3409,3.409,-0.0036,0.0006,0.0018,-0.0018,-0.4094,-0.9027
3410,3.41,0.004,0.0013,0.0159,0.0012,-0.1876,-0.6478
3411,3.411,-0.0013,0.0008,0.0124,0.0007,0.0217,-0.105
3412,3.412,-0.0059,-0.0021,0.014,-0.0008,0.1036,0.248
3413,3.413,-0.0101,-0.0026,0.0155,-0.002,0.1286,0.1852
3414,3.414,-0.0016,-0.0014,0.0127,-0.0008,0.1066,0.2438
3415,3.415,-0.0027,-0.0018,0.0176,0.0017,0.0865,0.1914
3416,3.416,-0.0017,0.0008,0.0153,-0.0006,0.1422,0.1435
3417,3.417,-0.0008,-0.0025,0.0192,0.0031,0.3947,0.7114
3418,3.418,-0.0034,-0.0037,0.0226,-0.002,0.2146,0.7889
3419,3.419,0.0019,-0.0001,0.0158,0,-0.0156,0.296
3420,3.42,-0.0001,-0.0013,0.023,0.0005,-0.1056,-0.1532
3421,3.421,0.0015,0.0016,0.0297,-0.0024,-0.0791,-0.2128
3422,3.422,0.001,-0.001,0.0301,-0.0049,-0.1038,-0.2666
3423,3.423,-0.0005,-0.002,0.0288,-0.0027,-0.1263,-0.3155
3424,3.424,-0.0017,0.0031,0.0262,-0.0016,-0.0654,-0.1851
3425,3.425,0.0031,0.001,0.0264,-0.0006,-0.3061,-0.4631
3426,3.426,-0.0012,-0.0007,0.0318,0.0004,-0.339,-0.9327
3427,3.427,0.0041,-0.0036,0.0336,-0.0047,-0.13,-0.4851
3428,3.428,0.0034,-0,0.0311,-0.0067,0.0606,0.0395
3429,3.429,0.0029,-0.0023,0.0265,-0.0062,0.0858,0.2518
3430,3.43,-0.0012,-0.0002,0.0173,0.0002,0.1535,0.3166
3431,3.431,-0.0007,-0.0013,0.0082,0.001,0.1336,0.2591
3432,3.432,0.0024,-0.0065,0.0251,0.0032,0.1155,0.2067
3433,3.433,0.0004,-0.0044,0.0321,-0.0033,0.2335,0.351
3434,3.434,0.0029,0.0049,0.0475,0.001,0.4021,0.9189
3435,3.435,0.0026,0.0012,0.0535,0.0016,0.2005,0.6869
3436,3.436,-0.0012,0.0044,0.0366,0.0051,-0.044,0.1936
3437,3.437,0,0.0013,0.0029,0.0081,-0.0774,-0.2558
3438,3.438,0.0004,0.004,-0.0115,0.0017,-0.1075,-0.199
3439,3.439,0,0.0015,-0.0071,0.0025,-0.1347,-0.2526
3440,3.44,-0.0023,0.0036,-0.0189,0.0032,-0.1102,-0.3013
3441,3.441,0.0007,-0.0013,-0.008,-0.0004,-0.1325,-0.1707
3442,3.442,0.0011,0.0017,-0.0047,0.0013,-0.397,-0.7664
3443,3.443,0.0014,-0.0011,-0.0075,0.0042,-0.289,-0.852
3444,3.444,0.0004,-0.0017,-0.01,0.0006,-0.0587,-0.3098
3445,3.445,0.0023,-0.0005,-0.0074,0.0028,0.0912,0.1841
3446,3.446,0.0006,0.0024,-0.0094,0.0016,0.1189,0.2495
3447,3.447,-0.0026,-0.0027,-0.0071,0.0013,0.1439,0.3083
3448,3.448,0.0038,-0.0048,-0.0124,0.0058,0.1218,0.2561
3449,3.449,0.0011,-0.0043,-0.0104,0.0016,0.1017,0.2083
3450,3.45,0.0037,-0.0014,-0.0146,0.0021,0.3425,0.5141
3451,3.451,-0.0001,0.0001,-0.0102,-0.0005,0.3756,0.951
3452,3.452,-0.0007,-0.003,-0.0086,-0.0027,0.1068,0.428
3453,3.453,-0.0002,0.0034,-0.0137,-0.0056,-0.0743,-0.0657
3454,3.454,0.0027,0.0043,-0.008,-0.0037,-0.1077,-0.2591
3455,3.455,-0.0041,0.0034,-0.014,-0.0005,-0.1378,-0.2021
3456,3.456,-0.0014,0.0012,-0.0075,0.0059,-0.111,-0.2556
3457,3.457,-0.0039,-0.0008,-0.0107,-0.0005,-0.0866,-0.3041
3458,3.458,-0.0017,0.0022,-0.0122,0.0003,-0.2435,-0.348
3459,3.459,-0.0024,0.0017,-0.0133,-0.0019,-0.4268,-0.9435
3460,3.46,0.0018,-0.0051,-0.0063,-0.0054,-0.205,-0.6886
3461,3.461,-0.0022,0.0013,-0.0117,-0.0071,0.0042,-0.1458
3462,3.462,-0.0007,0.0022,-0.0134,-0.0066,0.0861,0.2074
3463,3.463,-0.0004,0.0044,-0.0149,0.0012,0.1111,0.2726
3464,3.464,0.0017,0.0037,-0.0128,-0.002,0.1338,0.3313
3465,3.465,-0.0019,0.002,-0.0128,0.001,0.1136,0.2791
3466,3.466,-0.0015,-0.0032,-0.0202,0.0019,0.1321,0.2313
3467,3.467,0.0024,0.0003,-0.0142,0.0078,0.3845,0.7118
3468,3.468,-0.0023,-0.0013,-0.0169,0.0026,0.2765,0.7762
3469,3.469,0.002,0.0004,-0.0157,0.0062,0.0462,0.2526
3470,3.47,-0.0021,0.0019,-0.0162,0.0032,-0.1037,-0.1005
3471,3.471,0.0015,-0.0011,-0.0212,0.0037,-0.1313,-0.1659
3472,3.472,-0.0015,-0.0031,-0.0161,-0.002,-0.1071,-0.2246
3473,3.473,-0.0003,-0.0034,-0.0064,0.0002,-0.1297,-0.2779
3474,3.474,-0.0022,0.0012,0.0145,-0.0005,-0.1096,-0.2302
3475,3.475,0.0002,-0.0018,0.0295,0.0001,-0.3503,-0.5359
3476,3.476,0.0033,0.0023,0.0377,0.0018,-0.3833,-0.9728
3477,3.477,-0.0003,0.0081,0.0449,0.0003,-0.1146,-0.4496
3478,3.478,0.0001,-0.0019,0.0383,-0.0039,0.0665,0.0442
3479,3.479,0.0004,0.0022,0.0076,0.0013,0.0999,0.2379
3480,3.48,-0.0006,0.0034,0.0031,0.002,0.1299,0.297
3481,3.481,0.0004,-0.0022,-0.001,0.0004,0.103,0.2448
3482,3.482,-0.0012,-0.0032,-0.012,0.0009,0.1276,0.2933
3483,3.483,0.0013,-0.0004,-0.0154,0.0057,0.2396,0.3371
3484,3.484,0.0003,0.0004,-0.0185,0.0062,0.4229,0.8534
3485,3.485,0.0033,0.0011,-0.016,-0.0002,0.2009,0.643
3486,3.486,-0.0024,0.0018,-0.0139,-0.0027,-0.0085,0.0663
3487,3.487,0.0018,-0.0012,-0.0208,0.0011,-0.0905,-0.1674
3488,3.488,0.0011,-0.0007,-0.0151,-0.0053,-0.1155,-0.2391
3489,3.489,-0.0038,-0.0012,-0.0173,-0.0095,-0.1382,-0.3038
3490,3.49,-0.0033,-0.0023,-0.016,-0.0101,-0.1182,-0.2465
3491,3.491,-0.0028,-0.0011,-0.0119,-0.0094,-0.1369,-0.1942
3492,3.492,0.0007,-0.0001,-0.0164,-0.0024,-0.3895,-0.7228
3493,3.493,0.0038,-0.0004,-0.018,0.0003,-0.2816,-0.9343
3494,3.494,-0.001,0.0026,-0.0174,-0.0005,-0.0514,-0.3583
3495,3.495,0.0048,0.0036,-0.0189,0.0002,0.0983,0.185
3496,3.496,0.0026,0.0013,-0.0221,0.0023,0.1259,0.2566
3497,3.497,0.0005,-0.0004,-0.0217,0.004,0.1507,0.3211
3498,3.498,0,0.0038,-0.02,0.0045,0.1285,0.2635
3499,3.499,0.0005,0.0008,-0.024,-0.0032,0.1083,0.211
3500,3.5,-0,0.0013,-0.0314,-0.0022,0.349,0.4511
3501,3.501,0.0003,-0.0012,-0.0273,0.0031,0.382,0.9317
3502,3.502,0.0015,-0,-0.032,0.0022,0.1131,0.4839
3503,3.503,0.0023,0.0005,-0.0247,0,-0.0751,-0.0375
3504,3.504,0.0004,0.0001,-0.0304,0.0043,-0.1118,-0.2136
3505,3.505,0.0021,0.0037,-0.0357,0.0005,-0.145,-0.2676
3506,3.506,-0.0003,-0.0014,-0.0304,0.0012,-0.1155,-0.3164
3507,3.507,-0.0022,-0.0049,-0.0316,-0.0005,-0.0886,-0.2734
3508,3.508,0.0002,-0.0007,-0.0213,-0.001,-0.2119,-0.3133
3509,3.509,-0.0008,-0.0012,-0.0018,0.0026,-0.4137,-0.8547
3510,3.51,-0.001,-0.0038,0.006,0.0038,-0.224,-0.6232
3511,3.511,-0.0017,-0.0008,0.0179,0.0018,-0.0015,-0.13
3512,3.512,-0.0035,-0.0047,0.0198,-0.0001,0.0885,0.1912
3513,3.513,-0.0067,-0.0011,0.0133,0.0051,0.1161,0.2505
3514,3.514,-0.0098,-0.0033,0.0149,-0.0018,0.141,0.304
3515,3.515,-0.0059,-0.003,0.0264,-0.0026,0.1189,0.2564
3516,3.516,-0.0044,-0.0088,0.0246,-0.0018,0.1394,0.213
3517,3.517,0.0017,-0.0097,0.0203,0.002,0.4173,0.7291
3518,3.518,-0.0043,-0.0075,0.0238,-0.0016,0.2986,0.7996
3519,3.519,-0.0006,-0.0026,0.0246,0.0001,0.0458,0.3513
3520,3.52,0.0001,-0.0009,0.0317,-0.0052,-0.1189,-0.1735
3521,3.521,0.0031,-0.0074,0.0324,-0.0045,-0.0896,-0.2453
3522,3.522,0.0014,-0.0032,0.0401,0.0012,-0.1169,-0.3101
3523,3.523,0.0029,0.0021,0.0411,0.0005,-0.1415,-0.2527
3524,3.524,0.0059,0.0014,0.0437,0.0012,-0.1193,-0.2004
3525,3.525,0.003,0.0056,0.0343,0.0029,-0.343,-0.537
3526,3.526,0.0004,-0.0009,0.0331,0.0023,-0.3728,-1.0179
3527,3.527,-0.0019,0.0016,0.041,0.0028,-0.1285,-0.5705
3528,3.528,0.0004,0.0069,0.0421,-0.0023,0.102,0.0702
3529,3.529,-0.001,0.0048,0.0281,-0.0016,0.1325,0.327
3530,3.53,0.0007,0.0006,-0.0024,-0.0011,0.1059,0.2505
3531,3.531,0.0018,0.0022,-0.0067,0.0017,0.1308,0.3212
3532,3.532,0.0016,0.0037,-0.0026,-0.0009,0.1086,0.2577
3533,3.533,0.0018,0.0049,-0.006,-0.0039,0.2511,0.3159
3534,3.534,0.0009,0.0087,-0.009,-0.006,0.4179,0.8971
3535,3.535,-0.0006,0.004,0,-0.0085,0.2163,0.6653
3536,3.536,0.0004,0.0023,0.003,-0.0062,-0.0283,0.172
3537,3.537,0.0031,0.0027,-0.004,-0.0065,-0.1274,-0.1494
3538,3.538,0.0081,0.0053,-0.0014,-0.0052,-0.098,-0.2086
3539,3.539,0.0032,-0.0017,0.001,-0.0035,-0.1253,-0.262
3540,3.54,0.0015,-0.0007,-0.0004,-0.0042,-0.101,-0.3106
3541,3.541,-0.0002,0.0001,-0.0017,-0.001,-0.1233,-0.1798
3542,3.542,-0.0038,0.0009,-0.0058,-0.0007,-0.4285,-0.696
3543,3.543,-0.0016,-0.0043,-0.0012,0.0032,-0.2977,-0.9071
3544,3.544,0.0004,-0.0008,-0.0044,0.0027,-0.0987,-0.331
3545,3.545,-0.0021,0.0009,-0.0049,0.0004,0.0824,0.2124
3546,3.546,0.0011,0.0004,-0.0074,0.0033,0.1158,0.2843
3547,3.547,-0.0009,-0.0022,-0.004,0.0043,0.1459,0.2213
3548,3.548,0.0041,0.002,-0.006,0.0046,0.119,0.28
3549,3.549,0.0006,-0.0009,-0.0016,0.005,0.0946,0.2277
3550,3.55,-0.0037,-0.0004,-0.0058,0.0036,0.3411,0.4682
3551,3.551,-0.0031,-0.0026,-0.0056,0.0075,0.374,0.9491
3552,3.552,-0.0037,0.0003,-0.0066,0.0057,0.1052,0.5016
3553,3.553,0.0006,0.0007,-0.0106,0.0022,-0.076,-0.0228
3554,3.554,-0.0023,0.0023,-0.0016,0.0025,-0.1095,-0.2351
3555,3.555,-0.0038,0.0027,0.0002,0.0028,-0.1397,-0.3
3556,3.556,0.0004,-0.0004,-0.002,0.0046,-0.113,-0.3586
3557,3.557,-0.0001,0.0025,-0.0097,0,-0.0887,-0.3061
3558,3.558,-0.0006,-0.0017,-0.0057,0.0005,-0.2457,-0.2581
3559,3.559,0.0045,0.0024,-0.0079,-0.0036,-0.429,-0.9132
3560,3.56,0.0038,0.0029,-0.0098,-0.0041,-0.2073,-0.6326
3561,3.561,0.0033,-0.0014,-0.0081,-0.0019,0.0019,-0.2056
3562,3.562,0.0016,-0.0018,-0.0066,-0.0016,0.0837,0.1833
3563,3.563,0.0001,-0.0013,-0.0052,-0.0052,0.1086,0.2551
3564,3.564,0.0013,-0.0044,-0.0049,0.0009,0.1312,0.32
3565,3.565,-0.0007,0.0004,-0.0048,0.0017,0.1111,0.2628
3566,3.566,-0.001,-0.0026,-0.0046,0.0024,0.1296,0.2105
3567,3.567,0.0007,-0.0021,-0.0109,0.0017,0.382,0.7393
3568,3.568,0.0018,-0.0026,-0.0073,0.0034,0.2741,0.8102
3569,3.569,0.0011,-0.0004,-0.0022,0.0017,0.0438,0.3623
3570,3.57,0.0005,-0.0024,-0.0076,0.0042,-0.106,-0.1621
3571,3.571,0.0017,0.0002,-0.0093,0.002,-0.0795,-0.2336
3572,3.572,-0.0014,0.0026,-0.0054,-0.0019,-0.1044,-0.2982
3573,3.573,0.0028,0.0002,-0.0055,0.0058,-0.1271,-0.2407
3574,3.574,-0.0012,0.0028,-0.0081,-0.0019,-0.107,-0.1879
3575,3.575,-0.0027,0.0012,-0.0082,0.0033,-0.3108,-0.4281
3576,3.576,0.0024,-0.0039,-0.0076,0.0006,-0.3381,-0.9086
3577,3.577,0.0018,-0.0018,-0.0053,-0.0003,-0.1161,-0.4608
3578,3.578,-0.0024,0.0025,-0.0061,-0.004,0.0932,0.064
3579,3.579,0.0005,0.003,-0.0091,-0.0004,0.121,0.2768
3580,3.58,0.002,-0.0037,-0.006,-0.0062,0.1459,0.2143
3581,3.581,-0.0022,0.0009,-0.0056,-0.0009,0.1237,0.273
3582,3.582,-0.0016,0.0001,-0.0065,-0.0073,0.1035,0.221
3583,3.583,-0.0031,0.0023,-0.0055,-0.0065,0.2331,0.2697
3584,3.584,0.0038,0.0044,-0.0056,-0.0071,0.4183,0.8383
3585,3.585,0.0029,0.0027,-0.0063,-0.0064,0.1964,0.6071
3586,3.586,-0.0017,0.001,-0.01,-0.0047,-0.0129,0.1143
3587,3.587,-0.0025,-0.0015,-0.0085,-0.0018,-0.0949,-0.2069
3588,3.588,-0.0018,-0.0003,-0.0089,0.006,-0.12,-0.2658
3589,3.589,0.0002,0.0018,-0.0092,-0.0018,-0.1426,-0.319
3590,3.59,-0.0014,0.0037,-0.009,-0.0007,-0.1225,-0.2713
3591,3.591,0.0015,0.0027,-0.0114,-0.0015,-0.1411,-0.2278
3592,3.592,-0.0021,0.0037,-0.0099,0.0027,-0.3936,-0.6642
3593,3.593,0.001,-0.0005,-0.007,0.0034,-0.2857,-0.8386
3594,3.594,-0.0019,-0.001,-0.011,-0.0014,-0.0554,-0.3623
3595,3.595,0.0006,-0.0015,-0.0147,0.0003,0.0943,0.2151
3596,3.596,-0.0017,-0.0019,-0.0145,0.0032,0.122,0.2942
3597,3.597,0.0034,-0.0061,-0.0167,0.0027,0.1468,0.2251
3598,3.598,-0.0002,-0.0044,-0.0179,0.0058,0.1247,0.2897
3599,3.599,-0.0007,-0.0029,-0.0177,0.0097,0.1045,0.2323
3600,3.6,0.001,-0.0032,-0.0162,0.0072,0.3453,0.4968
3601,3.601,-0.0025,-0.002,-0.019,0.0042,0.3783,0.9296
3602,3.602,-0.0013,0.0016,-0.0175,0.0054,0.1096,0.5232
3603,3.603,0.0007,0.0028,-0.0173,0.0029,-0.0715,0.0463
3604,3.604,-0.0016,-0.0019,-0.0218,0.0031,-0.0954,-0.207
3605,3.605,-0.0013,0.0001,-0.0213,0.0021,-0.1286,-0.2719
3606,3.606,0.0004,0.0005,-0.0221,0.0004,-0.0992,-0.3306
3607,3.607,0.0021,-0.0034,-0.0211,0.0006,-0.1264,-0.2783
3608,3.608,0.0019,0.0014,-0.0181,-0.0027,-0.2002,-0.2305
3609,3.609,0.0002,0.0009,-0.0114,-0.0031,-0.4468,-0.8857
3610,3.61,-0.001,-0.0008,0.0042,0.0017,-0.2171,-0.7925
3611,3.611,0.0019,0.0028,0.0152,-0.0053,-0.0078,-0.1955
3612,3.612,0.0009,-0.0015,0.0211,-0.0007,0.074,0.1931
3613,3.613,-0.0044,0.0038,0.0303,0.0001,0.099,0.2646
3614,3.614,-0.0081,0.0044,0.0318,-0.0005,0.1216,0.3293
3615,3.615,-0.0061,0.0061,0.0332,0.0015,0.1016,0.2718
3616,3.616,-0.0056,-0.0027,0.0318,-0.0068,0.1201,0.2194
3617,3.617,-0.0039,-0.0015,0.0379,-0.0036,0.3726,0.6518
3618,3.618,-0.0014,-0.0005,0.0389,-0.0005,0.2647,0.8265
3619,3.619,-0.0026,0.0005,0.0461,0.0022,0.0344,0.3504
3620,3.62,-0.0029,-0.0022,0.0525,-0.0021,-0.0556,-0.0989
3621,3.621,0.0013,-0.003,0.0465,-0.0014,-0.0832,-0.1586
3622,3.622,0.0042,-0.0008,0.035,0.0035,-0.108,-0.3179
3623,3.623,0.0026,-0.0015,0.0097,-0.0007,-0.1305,-0.2706
3624,3.624,0.0057,-0.002,-0.0084,0.0022,-0.0698,-0.2275
3625,3.625,0.0045,-0.0026,0.0014,-0.0026,-0.3106,-0.4262
3626,3.626,0.0026,-0,-0.0073,-0.0021,-0.4092,-0.9677
3627,3.627,0.0016,0.0021,-0.0045,-0.0026,-0.1404,-0.581
3628,3.628,-0.0015,0.0001,-0.0068,-0.0061,0.0407,0.0533
3629,3.629,-0.004,-0.001,-0.0001,-0.0058,0.1398,0.31
3630,3.63,0.0012,0,-0.0019,-0.002,0.17,0.2336
3631,3.631,0.0005,-0.0023,0.0001,-0.0045,0.1432,0.1637
3632,3.632,0.0012,-0.0005,0.002,-0.0034,0.0695,0.1
3633,3.633,0.0006,-0.0029,0.0037,0.0014,0.2264,0.158
3634,3.634,0.0011,0.0021,0.0025,-0.0029,0.4097,0.8448
3635,3.635,0.0026,0.0001,0.0016,-0.0034,0.2373,0.7513
3636,3.636,0.003,0.0043,0.0008,-0.007,-0.0099,0.1542
3637,3.637,0.0033,-0.001,-0.0019,-0.0048,-0.1091,-0.2345
3638,3.638,0.0014,0.0025,0.0029,-0.0019,-0.1393,-0.1659
3639,3.639,0.0024,-0.0006,-0.0027,0.0038,-0.1126,-0.2307
3640,3.64,0.0041,-0.0035,0.0029,0.0047,-0.1374,-0.2895
3641,3.641,-0.0001,-0.0061,0.0026,0.004,-0.1152,-0.2373
3642,3.642,0.0015,-0.0064,-0.0013,0.0047,-0.4205,-0.6699
3643,3.643,-0.0037,-0.0036,-0.0038,0.0041,-0.2898,-0.8448
3644,3.644,0.0012,-0.0018,-0.0019,-0.0035,-0.0908,-0.369
3645,3.645,-0.0019,-0.0042,-0.0045,-0.0004,0.0902,0.2078
3646,3.646,-0.0024,-0.0039,-0.0044,-0.0031,0.1235,0.2865
3647,3.647,0.0012,0.0003,-0.0004,0.0011,0.1535,0.2168
3648,3.648,-0.0019,0.002,-0.003,-0.0042,0.1267,0.2811
3649,3.649,0.0001,-0.0021,-0.0022,-0.0006,0.1022,0.2231
3650,3.65,-0.0024,0.0014,-0.0053,-0.0023,0.3039,0.4871
3651,3.651,-0.0014,0.0035,-0.0026,0.0029,0.3852,0.9196
3652,3.652,-0.001,0.0038,-0.006,0.0009,0.1631,0.5127
3653,3.653,0.0008,0.0034,-0.0081,0.0026,-0.0463,0.0355
3654,3.654,0.0047,-0.0005,-0.0025,0.0054,-0.074,-0.1583
3655,3.655,0.003,0.001,-0.0069,0.0019,-0.1482,-0.2177
3656,3.656,-0.0005,0.0013,-0.0006,0.003,-0.1262,-0.2714
3657,3.657,-0.0009,0.0009,0.0021,0.0059,-0.1061,-0.2242
3658,3.658,0.0003,0.0051,-0.0052,0.0062,-0.1988,-0.2683
3659,3.659,0.0014,0.001,-0.0036,0.0065,-0.4176,-0.8641
3660,3.66,-0.0032,0.0045,-0.0022,0.0075,-0.2091,-0.7796
3661,3.661,-0.0015,0.0048,-0.0008,0.0033,0.0355,-0.0823
3662,3.662,0.0002,-0.0017,-0.0025,0.0028,0.069,0.1999
3663,3.663,0.0017,-0.0009,-0.0013,0.0011,0.0992,0.2861
3664,3.664,-0.0013,-0.0018,-0.0013,0.0036,0.1266,0.2095
3665,3.665,-0.001,0.0019,-0.0073,0.0006,0.1023,0.2802
3666,3.666,-0.0028,0.0012,-0.0042,-0.0006,0.1247,0.2166
3667,3.667,0.0024,-0.0058,-0.0031,-0.0016,0.3894,0.6235
3668,3.668,-0.0028,0.0006,-0.002,-0.0027,0.2815,0.888
3669,3.669,-0.0021,0.0014,-0.001,-0.0077,0.0513,0.359
3670,3.67,-0.0038,0.0021,-0.0034,-0.0057,-0.0985,-0.1348
3671,3.671,-0.0009,0.0014,-0.0015,-0.004,-0.126,-0.2002
3672,3.672,-0.0034,0.003,-0,0.0012,-0.1018,-0.2591
3673,3.673,0.0035,0.0025,-0.0001,-0.0023,-0.1243,-0.3127
3674,3.674,0.0025,-0.0033,-0.0003,-0.0028,-0.1041,-0.2651
3675,3.675,0.0017,0.0004,0.0002,-0.0011,-0.3078,-0.4837
3676,3.676,-0.0008,-0.0016,-0.0013,-0.0016,-0.3891,-0.9206
3677,3.677,-0.0001,0.0001,0.0014,0.0053,-0.1671,-0.5141
3678,3.678,0.0019,-0.0016,-0.0008,0.0043,0.0423,-0.0371
3679,3.679,0.0024,-0.0011,-0.0011,0.0051,0.1242,0.2843
3680,3.68,0.0042,0,-0.0029,0.0043,0.1491,0.2273
3681,3.681,-0.0006,-0.0047,0.0005,0.0006,0.1271,0.2807
3682,3.682,0.0025,-0.0005,0.0008,-0.0001,0.107,0.233
3683,3.683,-0.0004,0.0048,-0.0021,-0.0017,0.1997,0.2768
3684,3.684,0.0012,-0.0001,-0.0046,0.0048,0.4186,0.8723
3685,3.685,0.0015,0.0029,-0.005,-0.003,0.21,0.6175
3686,3.686,0.0004,0,-0.004,-0.0019,-0.0345,0.2298
3687,3.687,-0.0031,-0.0025,-0.0003,-0.0027,-0.068,-0.264
3688,3.688,-0.0009,0.0018,-0.0062,-0.0001,-0.0982,-0.2012
3689,3.689,0.002,0.0001,-0.0085,-0.007,-0.1255,-0.2599
3690,3.69,-0.0005,-0.0014,-0.0008,-0.0043,-0.1012,-0.3132
3691,3.691,-0.0015,-0.0026,-0.0082,-0,-0.1236,-0.1693
3692,3.692,0.0029,0.0022,-0.0075,-0.0007,-0.3881,-0.6497
3693,3.693,0.0024,-0.0047,-0.0102,-0.0084,-0.2801,-0.8419
3694,3.694,-0.0001,-0.0001,-0.0097,-0.0031,-0.0497,-0.3183
3695,3.695,-0.0023,0.0008,-0.005,-0.0003,0.1001,0.1754
3696,3.696,0.0016,-0.0045,-0.0082,-0.0012,0.1278,0.2409
3697,3.697,-0.0019,0.0049,-0.0067,0.0041,0.1037,0.2998
3698,3.698,-0.0061,0.0061,-0.0085,0.0021,0.1264,0.2476
3699,3.699,-0.0008,0.0071,-0.0091,0.0005,0.1063,0.1999
3700,3.7,0.0013,0.0019,-0.0073,-0.0024,0.31,0.4183
3701,3.701,-0.0018,0.0028,-0.0126,-0.0008,0.3915,0.9347
3702,3.702,-0,0.0003,-0.0079,0.0004,0.1203,0.5832
3703,3.703,-0.0015,-0.0003,-0.0112,0.0007,-0.0607,0.0062
3704,3.704,0.0007,-0.0023,-0.011,0.0018,-0.0941,-0.2277
3705,3.705,0.0023,0.0043,-0.0113,0.001,-0.1171,-0.2508
3706,3.706,0.0026,0.0013,-0.0141,0.0042,-0.1472,-0.3217
3707,3.707,0.0016,0.0008,-0.0101,0.0039,-0.1203,-0.2583
3708,3.708,0.004,0.0003,-0.0098,0.0004,-0.1941,-0.3168
3709,3.709,-0.001,-0.0027,-0.0054,0.0007,-0.4407,-0.8981
3710,3.71,-0.0003,0.0012,0.0038,-0.0031,-0.211,-0.6666
3711,3.711,0.0002,0.0038,0.0049,0.0016,-0.0017,-0.1737
3712,3.712,0.0019,0.0008,-0.0092,-0.0001,0.0802,0.1478
3713,3.713,-0.0006,-0.0012,-0.0076,0.0004,0.1052,0.2071
3714,3.714,0.0006,-0.0031,-0.0095,0.0009,0.1278,0.1548
3715,3.715,0.0009,-0.0007,-0.0082,0.0039,0.1077,0.2033
3716,3.716,0.0006,-0.0003,-0.0154,0.0011,0.1263,0.1599
3717,3.717,0.0009,0.0011,-0.0193,0.0053,0.3787,0.676
3718,3.718,0.0006,-0.0028,-0.0139,0.0036,0.3428,0.8871
3719,3.719,-0.0013,-0.0056,0.0016,0.001,0.0469,0.3111
3720,3.72,0.0016,-0.002,0.0262,0.0022,-0.0727,-0.0774
3721,3.721,0.0019,-0.0017,0.0358,0.0001,-0.1093,-0.1491
3722,3.722,-0.0013,0.0048,0.0385,0.0043,-0.1425,-0.2139
3723,3.723,-0.001,-0.0055,0.0411,0.0038,-0.113,-0.2725
3724,3.724,0,0.0014,0.0286,-0.0009,-0.0861,-0.2201
3725,3.725,0.0046,0.0052,0.013,-0.0015,-0.3079,-0.4606
3726,3.726,-0.0012,-0.0051,-0.0013,0.0026,-0.3975,-0.9413
3727,3.727,-0.0005,-0.0011,0.0265,0.001,-0.1534,-0.4938
3728,3.728,-0.0041,0.0027,0.0464,0.0022,0.077,0.0307
3729,3.729,-0.001,-0.0029,0.0428,-0.0043,0.1074,0.2432
3730,3.73,-0.0015,-0.0019,0.046,-0.0052,0.1348,0.3084
3731,3.731,-0,-0.001,0.0311,-0.0094,0.1105,0.2511
3732,3.732,-0.0031,-0.0036,0.001,-0.0179,0.0882,0.3043
3733,3.733,-0.0003,-0.0058,-0.0028,-0.0211,0.1899,0.2567
3734,3.734,-0.0053,-0.0037,-0.0063,-0.0097,0.3936,0.8247
3735,3.735,-0.0047,-0.0032,-0.0031,-0.0021,0.258,0.748
3736,3.736,-0.0042,-0.0049,0.0058,0.0019,-0.0138,0.1139
3737,3.737,0.001,-0.0034,-0.0022,0.0007,-0.1227,-0.1429
3738,3.738,0.0003,-0.0046,0.0052,0.0039,-0.0904,-0.2216
3739,3.739,-0.0028,0.001,-0.0012,0.0028,-0.1205,-0.2923
3740,3.74,-0.0011,0.0004,0.001,0.0019,-0.1479,-0.3567
3741,3.741,-0.0007,0.0039,0.003,-0.0059,-0.1726,-0.1828
3742,3.742,0.0015,0.0034,0.0049,-0.0049,-0.4192,-0.6582
3743,3.743,-0.0014,-0.0007,-0.0025,-0.0023,-0.3211,-0.8504
3744,3.744,-0.0004,0.0029,0.0018,0.0036,-0.0522,-0.3268
3745,3.745,-0.0015,0.004,-0.0016,0.0013,0.1288,0.167
3746,3.746,-0.0066,0.0012,0.0019,0.0033,0.0965,0.2325
3747,3.747,-0.0144,-0.0024,0.0052,0.0003,0.1266,0.2913
3748,3.748,-0.003,0.0018,-0.0009,0.0031,0.1538,0.3447
3749,3.749,-0.0045,0.0023,-0.0014,0.0066,0.0801,0.2009
3750,3.75,0.0024,-0.0024,-0.0003,-0.0004,0.3265,0.4195
3751,3.751,-0.0014,0.0045,-0.0007,0.0006,0.3595,0.936
3752,3.752,-0.0004,-0.0001,-0.002,-0.004,0.1506,0.5846
3753,3.753,0.0006,-0.0027,-0.0011,-0.0083,-0.0399,0.0077
3754,3.754,0.007,0.0011,-0.0054,0.0017,-0.0652,-0.226
3755,3.755,0.0061,0.0046,-0.0008,0.0057,-0.1327,-0.2973
3756,3.756,0.0067,0.0063,-0.0056,0.0045,-0.1128,-0.234
3757,3.757,0.0003,0.0046,-0.0016,0.0034,-0.0945,-0.2925
3758,3.758,0.0061,-0.0012,0.0058,0.0086,-0.2124,-0.2399
3759,3.759,0.0039,-0.0019,-0.0002,0.0058,-0.4115,-0.8647
3760,3.76,0.0018,-0.0012,-0.0022,0.0033,-0.222,-0.7799
3761,3.761,0.0048,-0.0007,-0.0055,0.001,0.0005,-0.2371
3762,3.762,0.0019,-0.0036,-0.0043,0.0017,0.0906,0.2568
3763,3.763,0.0044,-0.0011,-0.0069,0.0011,0.1181,0.1942
3764,3.764,0.0066,-0.0014,-0.0024,0.0016,0.143,0.2529
3765,3.765,0.0002,-0.0026,-0.0036,0.0031,0.121,0.3062
3766,3.766,0.001,-0.0001,0.0037,0.0019,0.1415,0.1625
3767,3.767,0.0018,-0.0011,-0.0032,0.0022,0.3823,0.643
3768,3.768,-0.0004,-0.0035,-0.002,-0.0014,0.284,0.8355
3769,3.769,0.0016,0.0008,0.001,-0.0036,0.075,0.3121
3770,3.77,-0.0001,0.0024,0.0036,-0.0048,-0.0611,-0.1814
3771,3.771,0.0027,-0.0004,-0.0009,-0.0013,-0.086,-0.2468
3772,3.772,0.0012,0.0031,-0.001,0.0029,-0.1534,-0.3055
3773,3.773,0.0024,0.0001,-0.0059,0.007,-0.1332,-0.2532
3774,3.774,-0.0024,-0.0011,0.0023,0.0022,-0.0777,-0.2055
3775,3.775,-0.0019,0.0025,-0.0004,0.0039,-0.2964,-0.424
3776,3.776,-0.0014,0.0003,0.0026,-0.0026,-0.3857,-0.9404
3777,3.777,-0.0019,0.005,-0.0014,-0.0017,-0.1415,-0.5889
3778,3.778,0.0012,0.0008,-0.0064,-0.0087,0.0891,-0.0118
3779,3.779,-0.0017,0.0003,0.0003,-0.0023,0.1197,0.2219
3780,3.78,0.0002,0.0051,-0.0037,0.0003,0.1473,0.2933
3781,3.781,0.0005,0.0009,-0.0028,-0.0019,0.1231,0.2301
3782,3.782,-0.0038,-0.0008,-0.0019,-0.0013,0.1011,0.2887
3783,3.783,0.0026,-0.0043,-0.0035,0.0018,0.2029,0.2363
3784,3.784,-0.0033,-0,-0.0016,0.0023,0.4068,0.8609
3785,3.785,0.0052,0.0005,0,-0.0002,0.2173,0.7763
3786,3.786,-0.0026,0,-0.001,-0.0014,-0.005,0.2338
3787,3.787,-0.0036,-0.0011,-0.0048,-0.001,-0.095,-0.26
3788,3.788,0.001,-0.0014,-0.0032,0.0009,-0.1225,-0.1973
3789,3.789,0.0053,0.0011,-0.0019,0.0006,-0.1472,-0.2559
3790,3.79,0.0001,0.0015,-0.003,0.0044,-0.1249,-0.3093
3791,3.791,0.0021,0.0012,-0.0032,0.0041,-0.1047,-0.1657
3792,3.792,0.0016,0.0019,-0.0055,0.0012,-0.3825,-0.6461
3793,3.793,-0.0012,0.0012,-0.0051,-0.003,-0.343,-0.8383
3794,3.794,-0.006,0.005,-0.0092,-0.007,-0.09,-0.3147
3795,3.795,0.001,0.0015,-0.0061,0.0008,0.0751,0.1792
3796,3.796,0.0019,0.0003,-0.002,-0.0023,0.1055,0.2448
3797,3.797,0.001,0.0015,-0.0087,-0.0013,0.1329,0.304
3798,3.798,0.0004,0.0018,-0.0002,0.0015,0.1087,0.2522
3799,3.799,0.0011,-0.0014,-0.0012,-0.001,0.0866,0.2048
3800,3.8,0.0006,-0.0025,-0.0064,-0.0032,0.3105,0.4234
3801,3.801,-0.0022,0.0032,-0.0055,0.0047,0.4001,0.9398
3802,3.802,-0.0007,-0.0027,-0.0046,-0.0005,0.1559,0.5885
3803,3.803,0.0024,-0.0033,-0.0068,0.0004,-0.0745,0.0118
3804,3.804,0.0012,0.0002,-0.0003,0.0046,-0.1049,-0.2219
3805,3.805,-0.0006,-0.0028,-0.0045,0.0069,-0.1323,-0.2931
3806,3.806,0.0023,-0.0028,-0.0059,0.0054,-0.1242,-0.2893
3807,3.807,-0.0009,0.0037,-0.0036,0.0061,-0.0999,-0.2257
3808,3.808,0.0011,-0.0006,-0.0085,-0.0021,-0.1671,-0.284
3809,3.809,-0.0014,-0.0028,-0.0054,-0.0011,-0.4318,-0.8651
3810,3.81,-0.0053,-0.0007,-0.0049,-0.0063,-0.2515,-0.7882
3811,3.811,-0.0005,-0.0024,0.003,-0.0017,-0.0211,-0.1541
3812,3.812,-0,-0.0008,0.0201,-0.0008,0.0689,0.2733
3813,3.813,-0.0017,-0.0043,0.0474,-0.0001,0.0964,0.1974
3814,3.814,0.0019,-0.0031,0.051,-0.0008,0.1213,0.2685
3815,3.815,-0.0012,-0.0011,0.0346,-0.0002,0.1439,0.3331
3816,3.816,-0.0008,-0.0008,0.0076,-0.0043,0.1237,0.1594
3817,3.817,0.0017,-0.0032,0.0042,0.0015,0.4015,0.635
3818,3.818,-0.0022,0.0019,0.001,0.0022,0.2827,0.8274
3819,3.819,-0.0047,0.0012,-0.0018,0.0015,0.0298,0.4204
3820,3.82,-0.0036,-0.0046,-0.0044,-0.0027,-0.135,-0.1622
3821,3.821,-0.0007,0.0024,0.003,0.0014,-0.1058,-0.241
3822,3.822,-0.0017,-0.0003,0.0009,0.0019,-0.1332,-0.312
3823,3.823,0.0007,0.0005,0.003,0.0008,-0.109,-0.2485
3824,3.824,-0.0004,-0.0002,0.0125,0.0005,-0.0868,-0.1907
3825,3.825,0.0003,-0.0022,0.0075,-0.0005,-0.2701,-0.4549
3826,3.826,-0.0036,-0.0006,0.0061,0.0005,-0.3934,-0.9836
3827,3.827,-0.0101,-0.0001,0.0103,-0.0026,-0.1467,-0.4915
3828,3.828,-0.0059,-0.0006,0.0093,-0.0044,0.0837,-0.0423
3829,3.829,-0.0052,-0.0037,0.0062,-0.002,0.1142,0.25
3830,3.83,-0.0003,-0.0076,0.0034,-0.003,0.1416,0.1985
3831,3.831,-0.002,-0.0081,0.0027,-0.0037,0.1664,0.2474
3832,3.832,-0.0004,-0.0051,0.0003,-0.002,0.0994,0.2916
3833,3.833,0.0054,-0.0023,0.0027,-0.0003,0.2011,0.2523
3834,3.834,0.0032,-0.002,0.005,0.0008,0.4419,0.7936
3835,3.835,-0.0004,0.0004,0.0057,-0.0023,0.2778,0.7169
3836,3.836,0.0013,0.0048,0.0018,-0.0078,0.0086,0.2239
3837,3.837,-0.0004,0.0052,0.0026,-0.0056,-0.1003,-0.2253
3838,3.838,0.0053,0.0047,0.0058,0.0008,-0.1337,-0.1687
3839,3.839,0.0046,0.0035,0.0005,-0,-0.1043,-0.2223
3840,3.84,0.0066,0.0038,-0.003,0.0022,-0.1316,-0.2709
3841,3.841,0.0036,0.002,0.0008,0.0057,-0.1073,-0.2277
3842,3.842,0.0019,0.0065,0.0015,-0,-0.3987,-0.6644
3843,3.843,0.0024,0.0048,0.0035,-0.0038,-0.3593,-0.9553
3844,3.844,0.0012,0.0043,0.0022,-0.0002,-0.0341,-0.3738
3845,3.845,0.005,-0.0005,-0.0006,0.004,0.0976,0.0146
3846,3.846,0.0015,0.0052,-0.0006,-0.0036,0.1378,0.0862
3847,3.847,0.0011,-0,0.0054,-0.0006,0.1021,0.2787
3848,3.848,-0.0028,-0.0036,0.0031,0.0003,0.1352,0.3371
3849,3.849,-0.0002,0.0006,-0.0003,0.0045,0.1056,0.2845
3850,3.85,0.0001,0.0023,0.0007,-0.0007,0.2952,0.4287
3851,3.851,0.0013,-0.0003,0.0004,-0.0001,0.3692,0.9092
3852,3.852,0.0016,-0.0015,-0.001,0.0004,0.1674,0.5895
3853,3.853,0.0019,0.0006,0.0061,0.0021,-0.0773,0.0649
3854,3.854,-0.0018,-0.0005,-0,0.0037,-0.1108,-0.1478
3855,3.855,0.0012,0.0005,-0.0006,0.0006,-0.1409,-0.213
3856,3.856,-0.0052,0.0009,0.0019,0.001,-0.1141,-0.2719
3857,3.857,-0.0007,0.001,0.0002,0.0028,-0.0897,-0.2197
3858,3.858,0.0002,-0.0013,-0.0025,0.0032,-0.2018,-0.2682
3859,3.859,-0.0005,0.0004,-0.0006,0.0015,-0.4257,-0.8364
3860,3.86,0.0015,0.0034,0.0075,-0.0004,-0.2767,-0.7598
3861,3.861,-0.0027,0.0014,0.0046,0.0013,0.022,-0.1261
3862,3.862,-0.001,-0.0012,-0.0003,-0.0019,0.0624,0.1306
3863,3.863,-0.0015,0.0034,-0.0009,0.0001,0.0989,0.2092
3864,3.864,-0.0019,0.0017,0.002,0.0052,0.132,0.2798
3865,3.865,-0.0015,0,-0.0031,0.0003,0.1025,0.344
3866,3.866,0.002,-0.0005,0.0007,-0.0003,0.1298,0.1699
3867,3.867,0.0051,-0.0035,0.005,0.0014,0.4009,0.6452
3868,3.868,-0.0005,-0.0006,0.0023,-0.0001,0.293,0.8374
3869,3.869,-0.0012,-0.0048,-0.0012,-0.0062,0.0628,0.4303
3870,3.87,-0.0032,-0.0007,-0.0033,-0.0002,-0.0869,-0.1526
3871,3.871,-0.0027,-0.0012,-0.0012,0.002,-0.1146,-0.2317
3872,3.872,0.0002,0.003,-0.0008,-0.0016,-0.1394,-0.303
3873,3.873,0.006,0.0014,0.003,-0.001,-0.1173,-0.2398
3874,3.874,0.0067,0.0009,0.0025,0.0066,-0.0972,-0.1823
3875,3.875,0.0002,-0.0021,-0.0045,-0.0007,-0.3008,-0.4468
3876,3.876,-0.0006,0.0035,0.0026,0.0002,-0.3821,-0.9756
3877,3.877,0.0016,0.0013,-0.0002,-0.0006,-0.16,-0.6245
3878,3.878,-0.0019,0.002,-0.0029,0.0001,0.0493,-0.0477
3879,3.879,-0.0002,0.0015,-0.0053,-0.002,0.1312,0.1859
3880,3.88,0.0027,-0.0013,0.0009,-0.0037,0.107,0.257
3881,3.881,0.0002,-0.0008,0.0015,-0.0042,0.1296,0.3214
3882,3.882,-0.002,-0.002,-0.0058,-0.0037,0.1095,0.2637
3883,3.883,-0.0016,0.0001,-0.0035,-0.0025,0.202,0.211
3884,3.884,0.0003,-0.0034,-0.0047,0.0004,0.4208,0.8354
3885,3.885,-0.0014,0.0017,-0.0045,0.0029,0.2717,0.7506
3886,3.886,-0.0024,-0.0003,-0.0028,0.0006,0.0271,0.2078
3887,3.887,-0.003,-0.0034,-0.0038,0.0029,-0.0722,-0.1455
3888,3.888,0.0009,-0.0028,-0.0037,0.0043,-0.1026,-0.211
3889,3.889,-0.002,-0.0043,-0.0047,0.0036,-0.1301,-0.2699
3890,3.89,0.0006,-0.0021,-0.0001,-0.0001,-0.1059,-0.3233
3891,3.891,-0.0005,-0.0009,-0.007,0.0024,-0.1285,-0.1796
3892,3.892,-0.0008,0.0017,-0.0067,0.0028,-0.3932,-0.6603
3893,3.893,-0.0027,-0.0007,-0.0094,0.0031,-0.3575,-0.8527
3894,3.894,-0.0009,0.0017,-0.0051,0.0005,-0.0619,-0.3295
3895,3.895,-0.0033,0.0003,-0.0087,0.0002,0.0576,0.1642
3896,3.896,-0.0014,-0.0003,-0.0088,-0.0042,0.094,0.2297
3897,3.897,0.0004,0.0024,-0.0089,-0.0014,0.1271,0.2884
3898,3.898,0.0006,0.002,-0.0107,-0.0019,0.1569,0.2363
3899,3.899,0.0026,0.001,-0.0152,0.0023,0.0757,0.1887
3900,3.9,0.0065,-0.0009,-0.0133,-0.0018,0.2973,0.4072
3901,3.901,0.0025,-0.0026,-0.02,-0.0033,0.3867,0.9236
3902,3.902,0.0041,0.0006,-0.0182,-0.0102,0.1424,0.5723
3903,3.903,0.0019,0.0035,-0.0166,-0.005,-0.0882,-0.0047
3904,3.904,0.0023,-0.0007,-0.0166,-0.0005,-0.1189,-0.2383
3905,3.905,-0.0003,0.0021,-0.0203,0.0003,-0.0924,-0.3095
3906,3.906,-0.0019,-0.0026,-0.0204,0.004,-0.1174,-0.2463
3907,3.907,0.0008,-0.0016,-0.0193,-0.0002,-0.1037,-0.2741
3908,3.908,0.0018,-0.0022,-0.0122,-0.0023,-0.1711,-0.2162
3909,3.909,0.0025,0.0007,-0.0231,0.0019,-0.4359,-0.7974
3910,3.91,0.0014,-0.0029,-0.0224,0.0014,-0.2558,-0.7205
3911,3.911,-0.0023,-0.0017,-0.0218,0.0009,-0.0255,-0.2274
3912,3.912,0.0012,0.0011,-0.0054,0.003,0.1242,0.222
3913,3.913,-0.0018,-0.0014,0.0164,0.0001,0.0975,0.2814
3914,3.914,0.0002,0.0018,0.0246,0.0004,0.1222,0.335
3915,3.915,0.0006,-0.0021,0.0267,0.0028,0.1001,0.2876
3916,3.916,-0.0011,0.0014,0.0138,-0.0023,0.1204,0.0696
3917,3.917,-0.0021,-0.0028,0.0111,-0.0116,0.3982,0.5064
3918,3.918,-0.0002,-0.0024,0.0044,-0.0079,0.2793,0.9135
3919,3.919,-0.0004,-0.0009,0.0169,-0.0002,0.0985,0.4377
3920,3.92,-0.0002,-0.0005,0.0281,-0.0033,-0.0665,-0.1392
3921,3.921,-0.0004,-0.0002,0.026,-0.0097,-0.0969,-0.218
3922,3.922,-0.0009,-0.0006,0.0295,-0.0055,-0.1244,-0.2889
3923,3.923,0.0018,0.0018,0.0352,-0.0033,-0.1493,-0.2255
3924,3.924,0.0008,0.0021,0.0403,-0.0027,-0.1271,-0.2836
3925,3.925,-0.0009,0.0002,0.0408,0.0004,-0.351,-0.3363
3926,3.926,0.0021,-0.0021,0.0263,0.0032,-0.381,-0.961
3927,3.927,-0.0021,-0.0025,0.0074,0.0037,-0.1368,-0.5355
3928,3.928,0.0031,-0.0044,0.0343,0.0067,0.0936,0.0078
3929,3.929,0.0011,-0.0056,0.0303,0.0064,0.124,0.2204
3930,3.93,-0.0006,-0.0029,0.0463,0.006,0.1515,0.2857
3931,3.931,-0.0035,-0.0012,0.0548,0.0036,0.1273,0.3446
3932,3.932,-0.002,0.0032,0.0464,0.004,0.1051,0.2925
3933,3.933,-0.0031,0.0049,0.0138,0.0058,0.2069,0.2449
3934,3.934,0.0024,0.0043,0.0003,0.0034,0.4477,0.813
3935,3.935,-0.0028,0.0013,-0.0039,0.0031,0.2181,0.7364
3936,3.936,0.0021,0.0016,-0.0005,0.0044,0.0089,0.2436
3937,3.937,-0.0037,0.0019,-0.0039,0.0038,-0.0731,-0.2054
3938,3.938,-0,0.0036,-0.007,0.0065,-0.098,-0.2646
3939,3.939,-0.0093,0.0019,-0.0098,0.0019,-0.1206,-0.3179
3940,3.94,-0.0105,0.0012,-0.0027,-0.0012,-0.1412,-0.2702
3941,3.941,-0.0073,-0.0005,-0.005,0.0029,-0.0859,-0.2266
3942,3.942,-0.0043,0.0032,-0.003,0.0004,-0.3383,-0.5838
3943,3.943,0.0002,-0.0015,-0.0012,0.0007,-0.3024,-0.9202
3944,3.944,0.0011,0.0027,-0.0063,0.0036,-0.0722,-0.4392
3945,3.945,-0.0012,0.001,-0.0048,0,0.0777,0.1382
3946,3.946,-0.0019,0.0015,-0.0034,-0.003,0.1054,0.2173
3947,3.947,0.0023,0.0037,-0.0071,-0.001,0.1304,0.2884
3948,3.948,0.004,0.0025,-0.0102,-0.0014,0.1085,0.3531
3949,3.949,-0.0018,0.0007,-0.0111,-0.0037,0.0885,0.1794
3950,3.95,0.0019,-0.0004,-0.0046,0.0013,0.2923,0.338
3951,3.951,-0.0001,0.0027,-0.0122,0.0007,0.3738,0.963
3952,3.952,-0.0018,0.0001,-0.009,-0.0024,0.152,0.5378
3953,3.953,0.0034,0.0005,-0.008,0.0017,-0.0572,-0.0051
3954,3.954,0.0027,-0.0005,-0.0103,0.0022,-0.0849,-0.2173
3955,3.955,0.0032,0.0013,-0.0153,-0.0008,-0.1097,-0.2822
3956,3.956,0.0015,0.0025,-0.0131,-0.0005,-0.1321,-0.3409
3957,3.957,0.0019,0.0052,-0.0097,0.0021,-0.1118,-0.2885
3958,3.958,0.008,0.0028,-0.0112,-0.0018,-0.2043,-0.2406
3959,3.959,0.002,-0.0002,-0.0093,-0.0023,-0.423,-0.8084
3960,3.96,0.0013,-0.0012,-0.0151,-0.0045,-0.2739,-0.7314
3961,3.961,0.0034,-0.0009,-0.0106,-0.0006,-0.0292,-0.2383
3962,3.962,0.0003,-0.0053,-0.0124,0.001,0.0701,0.211
3963,3.963,0.0031,-0.0048,-0.0085,-0.0041,0.1005,0.2705
3964,3.964,0.0016,-0.0073,-0.0039,-0.0047,0.128,0.3241
3965,3.965,0.0066,-0.0051,0.0053,-0.0064,0.1039,0.2766
3966,3.966,0.0031,-0.0039,0.0246,-0.0012,0.1264,0.2332
3967,3.967,0.0014,-0.0035,0.0386,-0.0032,0.3912,0.5904
3968,3.968,-0.0015,-0.0012,0.0412,0.0026,0.3555,0.8309
3969,3.969,0.002,0.0019,0.0437,-0.0058,0.0598,0.4374
3970,3.97,-0.0002,-0.0032,0.0297,-0.0002,-0.0598,-0.1453
3971,3.971,0.001,-0.0011,0.0095,-0.0012,-0.0963,-0.2242
3972,3.972,-0.0016,-0.0006,0.0069,0.0016,-0.1293,-0.2955
3973,3.973,-0.0033,-0.0035,0.0047,-0.0009,-0.1592,-0.3602
3974,3.974,0.0018,-0.0009,-0.0018,-0.0002,-0.0781,-0.1864
3975,3.975,-0.0002,-0.0052,-0.0037,0.0034,-0.2999,-0.3452
3976,3.976,-0.0019,0.0037,-0.0055,-0.0007,-0.3894,-0.9699
3977,3.977,-0.0014,-0.0051,-0.0038,0.0057,-0.1452,-0.5447
3978,3.978,-0.003,0.0027,-0.0054,-0.0002,0.0198,-0.0018
3979,3.979,-0.0041,0.0017,-0.0041,-0.0008,0.1099,0.2104
3980,3.98,-0.003,0.0026,-0.0079,-0.0028,0.1375,0.2752
3981,3.981,-0.0011,0.0034,-0.009,0.0015,0.1133,0.3338
3982,3.982,-0.0008,0.0041,-0.0082,0.0032,0.0912,0.2814
3983,3.983,0.0002,0.0048,-0.0057,0.0017,0.1931,0.2334
3984,3.984,0.0009,0.0006,-0.0035,0.0006,0.434,0.8013
3985,3.985,0.0002,0.0024,-0.006,-0.0006,0.2701,0.7241
3986,3.986,0.0009,0.0029,-0.0084,0.0036,0.0009,0.2309
3987,3.987,-0.0023,-0.0001,-0.0106,-0.0004,-0.1079,-0.2186
3988,3.988,0.0038,0.0028,-0.0082,0.0001,-0.0755,-0.2781
3989,3.989,0.0029,-0.003,-0.0071,0.0013,-0.1056,-0.3317
3990,3.99,-0.0023,-0.0038,-0.0073,-0.0016,-0.1329,-0.2843
3991,3.991,-0.003,0.0014,-0.0118,0.0003,-0.1085,-0.2412
3992,3.992,0.0065,-0.0035,-0.0119,0.0055,-0.3999,-0.5986
3993,3.993,0.0024,0.0035,-0.0137,0.0048,-0.3606,-0.9355
3994,3.994,0.0013,0.0026,-0.0163,0.0028,-0.1078,-0.3675
3995,3.995,0.0002,-0.0016,-0.0134,-0.0002,0.057,0.1756
3996,3.996,-0.0028,0.0021,-0.0162,0.0038,0.0872,0.2473
3997,3.997,-0.0036,0.0041,-0.0208,0.0063,0.1145,0.312
3998,3.998,0.0023,-0.0028,-0.024,0.0003,0.1392,0.2544
3999,3.999,0.0001,-0.0036,-0.0225,-0.0006,0.072,0.2019
4000,4,0.0021,0.0023,-0.0168,-0.0028,0.2957,0.346
4001,4.001,0.0027,0.0016,-0.024,-0.0049,0.3851,0.914
4002,4.002,-0.0038,0.0023,-0.0205,-0.0044,0.1951,0.5273
4003,4.003,0.0005,-0.0008,-0.025,-0.0049,-0.0276,0.0338
4004,4.004,-0.0048,-0.0013,-0.0307,-0.0085,-0.1177,-0.1598
4005,4.005,0.0001,0.0013,-0.0272,-0.0016,-0.1453,-0.2191
4006,4.006,0.0018,0.0034,-0.0228,0.0057,-0.1212,-0.2726
4007,4.007,0.0013,0.0006,-0.0256,0.0065,-0.0992,-0.3212
4008,4.008,-0.0012,0.0022,-0.0291,0.0073,-0.1771,-0.2335
4009,4.009,0.0013,-0.002,-0.0294,0.0031,-0.4011,-0.8016
4010,4.01,0.001,-0.0003,-0.0319,0.0052,-0.2523,-0.7247
4011,4.011,0.0006,-0.0008,-0.0312,-0.0041,-0.0079,-0.2318
4012,4.012,-0.0036,-0.002,-0.0259,-0.0053,0.0912,0.2176
4013,4.013,-0.0019,-0.0024,-0.0138,0.0003,0.1213,0.277
4014,4.014,-0.0014,0.0018,-0.0016,-0.005,0.1485,0.3305
4015,4.015,-0.0002,-0.001,-0.0007,-0.0005,0.124,0.283
4016,4.016,0.0018,-0.0015,0.0125,-0.0014,0.1017,0.2397
4017,4.017,-0.004,-0.0027,0.0173,-0.0051,0.3662,0.5971
4018,4.018,-0.0099,0.0012,0.0115,-0.0144,0.3303,0.9337
4019,4.019,-0.0092,0.0006,0.0154,-0.0133,0.1,0.3654
4020,4.02,-0.0028,-0.0015,0.016,-0.0123,-0.1095,-0.0229
4021,4.021,-0.002,-0.0019,0.0191,-0.0093,-0.0831,-0.2354
4022,4.022,0.0002,-0.0009,0.024,-0.0084,-0.108,-0.3002
4023,4.023,0.0037,-0.0032,0.016,-0.0059,-0.1308,-0.2428
4024,4.024,0.0054,-0.0029,0.0199,-0.0007,-0.0702,-0.296
4025,4.025,0.0025,-0.001,0.0201,0.0042,-0.274,-0.3441
4026,4.026,0.002,-0.0049,0.0311,0.0047,-0.4097,-0.912
4027,4.027,0.0017,-0.0114,0.0254,0.0041,-0.1879,-0.5254
4028,4.028,0.0055,-0.0071,0.0234,0.0016,0.0214,-0.0317
4029,4.029,0.003,-0.0065,0.0215,0.0046,0.1032,0.1618
4030,4.03,0.0018,0.0029,0.0273,0.0017,0.079,0.2209
4031,4.031,-0.0011,0.0017,0.0259,0.0074,0.1016,0.2744
4032,4.032,-0.0022,0.0006,0.0328,0.0066,0.0814,0.2269
4033,4.033,0.0017,0.0017,0.0333,0.0043,0.1739,0.2708
4034,4.034,-0.0018,0.0008,0.0441,0.0064,0.4264,0.7869
4035,4.035,-0.0007,0.0016,0.0423,0.0046,0.2461,0.7171
4036,4.036,0.0022,0.0023,0.0269,0.0029,0.0157,0.1407
4037,4.037,0.0012,0.003,0.0247,0.0024,-0.0744,-0.2478
4038,4.038,0.0035,0.0046,0.0339,0.0027,-0.102,-0.3194
4039,4.039,-0.0009,0.0063,0.0422,0.0047,-0.1267,-0.2562
4040,4.04,0.002,0.0038,0.0376,-0.0004,-0.1046,-0.3147
4041,4.041,0.0005,0.0026,0.0168,0.0016,-0.0845,-0.1566
4042,4.042,0.0047,0.0065,-0.0102,0.0033,-0.3623,-0.5891
4043,4.043,0.0042,0.0049,-0.0066,-0.0008,-0.3229,-0.8798
4044,4.044,-0.0016,0.0053,-0.0097,0.0017,-0.0701,-0.4039
4045,4.045,0.0021,-0.0012,-0.0067,-0.0034,0.0947,0.1734
4046,4.046,-0.0028,-0.002,-0.0092,0.0002,0.1251,0.2524
4047,4.047,0.0002,0.0039,-0.0065,0.0032,0.1525,0.3236
4048,4.048,-0.0026,-0.0014,-0.0041,0.0073,0.1283,0.2604
4049,4.049,-0.0001,-0.002,0.0024,0.0005,0.1061,0.2028
4050,4.05,-0.0032,-0.0004,0.0009,-0.0004,0.2894,0.3613
4051,4.051,0.0016,-0.0009,-0.0004,0.0005,0.4128,0.8899
4052,4.052,-0.0042,0.0027,0.0015,-0.0002,0.1662,0.5387
4053,4.053,0.001,-0.0043,-0.0021,0.0033,-0.0642,0.0898
4054,4.054,-0.0025,0.003,-0.0027,0.0028,-0.0946,-0.2024
4055,4.055,0.0032,0.0003,0.001,0.0011,-0.122,-0.2563
4056,4.056,-0.0005,0.0028,-0.0057,-0.0024,-0.1467,-0.3051
4057,4.057,-0.0012,0.0006,-0.0059,0.0006,-0.1245,-0.262
4058,4.058,0.0005,0.0013,-0.0061,-0.0014,-0.1853,-0.2227
4059,4.059,-0.0035,-0.0018,-0.0062,-0.0004,-0.4261,-0.7641
4060,4.06,0.0022,-0.0012,-0.0075,-0.0028,-0.262,-0.8418
4061,4.061,-0.0047,-0.0038,-0.0038,0.0003,0.0072,-0.2079
4062,4.062,-0.0001,-0.005,-0.0059,-0.0048,0.1161,0.2193
4063,4.063,-0.001,-0.007,-0.0057,-0.0012,0.1495,0.2981
4064,4.064,-0.0017,-0.0013,-0.0071,-0.0017,0.1201,0.2287
4065,4.065,-0.001,0.003,-0.0092,-0,0.0934,0.2932
4066,4.066,0.0007,-0.0023,-0.0049,-0.0015,0.1181,0.2355
4067,4.067,0.0002,-0.0029,-0.001,-0.0046,0.3647,0.6051
4068,4.068,-0.0013,-0.0012,-0.0067,0.0002,0.3321,0.8456
4069,4.069,0.003,-0.0029,-0.0087,-0.0015,0.0633,0.4522
4070,4.07,0.0035,-0.0004,-0.0055,-0.001,-0.1177,-0.1306
4071,4.071,-0.0043,-0.0015,-0.0086,-0.0015,-0.0854,-0.2095
4072,4.072,0.0035,0.0014,-0.01,0.0027,-0.1155,-0.2808
4073,4.073,-0.0037,0.0004,-0.0077,-0.0037,-0.1428,-0.3455
4074,4.074,-0.001,0.0021,-0.0066,-0.0028,-0.1183,-0.2878
4075,4.075,0.0016,0.0031,-0.0065,0.0025,-0.2751,-0.3408
4076,4.076,0.0038,0.0029,-0.0063,0.0018,-0.4174,-0.9657
4077,4.077,0.0018,-0.0004,-0.0046,-0.0024,-0.1765,-0.5404
4078,4.078,0.0049,-0.0007,-0.0077,-0.0018,0.054,0.0025
4079,4.079,0.0009,0.0032,-0.0043,-0.0023,0.0844,0.2149
4080,4.08,0.0014,0.0017,-0.006,-0.0053,0.112,0.2797
4081,4.081,0.0017,0.0039,-0.0076,0.0003,0.1368,0.3382
4082,4.082,0.0014,0.0019,-0.007,0.001,0.1147,0.286
4083,4.083,0.0024,0.0045,-0.0071,0.0074,0.1758,0.2381
4084,4.084,0.0001,0.0022,-0.0063,0.0032,0.4167,0.806
4085,4.085,-0.0009,-0.0029,-0.0101,0.0055,0.2528,0.729
4086,4.086,0.0016,-0.0022,-0.0083,0.0035,-0.0162,0.236
4087,4.087,-0.0016,-0.0017,-0.0119,0.003,-0.125,-0.2135
4088,4.088,-0.0036,0.0001,-0.0108,0.0025,-0.0926,-0.2731
4089,4.089,-0,0.0006,-0.0089,-0.0043,-0.1226,-0.3266
4090,4.09,-0.0031,0.0037,-0.0081,-0.0034,-0.1499,-0.2793
4091,4.091,-0.0019,-0.0019,-0.0107,-0.0059,-0.0761,-0.236
4092,4.092,0.0039,-0.0041,-0.0134,-0.0066,-0.3675,-0.5934
4093,4.093,-0.0003,0.0008,-0.0108,-0.003,-0.328,-0.9301
4094,4.094,-0.001,-0.0049,-0.0141,-0.0035,-0.0752,-0.4495
4095,4.095,-0.003,-0.0012,-0.0189,0.0006,0.0897,0.1275
4096,4.096,0,0.0009,-0.0166,0.0042,0.12,0.2064
4097,4.097,0.0006,-0.0022,-0.0187,-0,0.1474,0.2775
4098,4.098,0.0001,-0.0005,-0.0205,-0.0029,0.1231,0.342
4099,4.099,0.0004,0.0043,-0.0156,0.0007,0.1009,0.2843
4100,4.1,0.0024,0.0038,-0.017,-0.0005,0.2841,0.3372
4101,4.101,-0.0001,-0.0015,-0.0158,0.0034,0.4074,0.8658
4102,4.102,0.0003,0.0021,-0.0235,0.005,0.1607,0.6551
4103,4.103,-0.0028,0.0004,-0.0234,0.0008,-0.0698,0.0782
4104,4.104,0.003,-0.0013,-0.0268,-0.0021,-0.1004,-0.1555
4105,4.105,-0.0012,0.0013,-0.0255,0.0004,-0.128,-0.227
4106,4.106,-0.0019,0.001,-0.0257,0.0016,-0.1529,-0.2916
4107,4.107,0.003,-0.0002,-0.0261,-0.0012,-0.086,-0.2342
4108,4.108,-0.0001,0.0001,-0.0322,0.003,-0.1878,-0.2873
4109,4.109,0.001,0.0061,-0.0247,0.0039,-0.4235,-0.8166
4110,4.11,-0.0019,0.0008,-0.0321,0.0033,-0.257,-0.7689
4111,4.111,0.0006,-0.0014,-0.0339,0.0039,-0.01,-0.2877
4112,4.112,0.0018,-0.0049,-0.0371,-0.0004,0.0892,0.1617
4113,4.113,-0.0021,-0.0044,-0.0288,0.0001,0.1194,0.2212
4114,4.114,-0.0006,-0.0016,-0.0109,-0.0014,0.1468,0.2749
4115,4.115,-0.0003,-0.001,-0.0092,-0.0002,0.1224,0.3236
4116,4.116,-0.0032,0.0012,0.0022,0.0001,0.1002,0.1931
4117,4.117,-0.0042,-0,0.0078,0.0012,0.3647,0.5506
4118,4.118,-0.0045,-0.001,0.0047,0.0022,0.3288,0.8872
4119,4.119,-0.0069,-0.0034,0.0167,-0.0002,0.0986,0.4065
4120,4.12,-0.0076,-0.0017,0.0073,0.004,-0.0513,-0.0426
4121,4.121,-0.0037,0.0008,0.0018,-0.0017,-0.079,-0.2184
4122,4.122,-0.0009,-0.0009,-0.02,0.0052,-0.1531,-0.3776
4123,4.123,0.0007,0.0001,-0.0181,0.0025,-0.1311,-0.3301
4124,4.124,0.0003,-0.0001,0.0057,-0,-0.111,-0.1997
4125,4.125,0.0006,-0.0029,0.0016,0.0007,-0.2777,-0.3188
4126,4.126,0.0016,-0.0055,0.0156,-0,-0.3899,-0.86
4127,4.127,0.0019,-0.0045,0.0175,-0.0017,-0.166,-0.6281
4128,4.128,0.0016,-0.0022,0.0239,-0.007,0.0433,0.0064
4129,4.129,0.0041,-0.0003,0.012,-0.0063,0.0711,0.2636
4130,4.13,0.0017,-0.0015,0.0133,0.0006,0.1452,0.1876
4131,4.131,0.0027,0.0006,0.0181,0.0015,0.1231,0.2587
4132,4.132,0.0013,-0.0001,0.0192,-0.0045,0.0623,0.3232
4133,4.133,0.0015,0.0038,0.017,-0.0082,0.155,0.2655
4134,4.134,0.0052,0.0021,0.0234,-0.0061,0.4075,0.7412
4135,4.135,0.0004,0.0036,0.024,-0.0004,0.2995,0.8057
4136,4.136,-0.0001,0.0032,0.0245,0.0033,0.0035,0.2819
4137,4.137,0.0004,0.0028,0.021,-0.0002,-0.1161,-0.2117
4138,4.138,0.0008,-0.0015,0.0233,0.004,-0.0806,-0.1491
4139,4.139,0.0005,0.0026,0.0308,-0.0048,-0.1793,-0.3239
4140,4.14,0.0001,0.001,0.0315,-0.0061,-0.0902,-0.2715
4141,4.141,-0.0009,-0.0002,0.0267,-0.0117,-0.1174,-0.2236
4142,4.142,0.0007,0.0045,0.0393,-0.0107,-0.3391,-0.5292
4143,4.143,0.0011,0.0002,0.0447,-0.0004,-0.3691,-0.8865
4144,4.144,0.0004,0.0019,0.0429,-0.0018,-0.0706,-0.4537
4145,4.145,-0.0008,-0.0017,0.0199,-0.0006,0.1287,0.0713
4146,4.146,-0.0015,-0.0048,0.0166,-0.0016,0.0933,0.2839
4147,4.147,-0.0047,0.0016,0.0316,0.0014,0.1265,0.2211
4148,4.148,-0.0026,0.0025,0.0454,-0.0013,0.1565,0.2801
4149,4.149,-0.0022,-0.007,0.0332,0.0046,0.0755,0.228
4150,4.15,-0.0012,-0.0059,0.0041,0.0008,0.2974,0.3726
4151,4.151,0.0011,0.0019,-0.0075,0.0044,0.3869,0.9408
4152,4.152,0.0001,-0.0012,-0.0107,0.0049,0.1972,0.5543
4153,4.153,0.0015,-0.0004,-0.0072,0.0065,-0.0253,0.0613
4154,4.154,0.0032,-0.0046,-0.0097,0.003,-0.1154,-0.26
4155,4.155,0.001,0.0006,-0.0065,0.0051,-0.1428,-0.2029
4156,4.156,0.0016,-0.0014,-0.0084,0.0012,-0.1186,-0.2563
4157,4.157,0.0028,-0.0072,-0.0101,0.0048,-0.0964,-0.3047
4158,4.158,0.005,0.0012,-0.0075,0.0036,-0.1573,-0.2612
4159,4.159,0.0008,0.0002,-0.0013,-0.0003,-0.4351,-0.7774
4160,4.16,0.0003,0.0032,-0.0091,0.0032,-0.2367,-0.848
4161,4.161,0.0067,-0.0014,-0.0038,0.001,-0.0557,-0.2716
4162,4.162,-0.0028,0.0064,-0.0071,0.0021,0.1093,0.1171
4163,4.163,-0.0016,-0.0009,-0.0101,0.0024,0.0801,0.1888
4164,4.164,-0.0006,-0.0017,-0.0037,0.0014,0.1075,0.2536
4165,4.165,-0.0016,0.0025,-0.006,-0.0003,0.1324,0.3123
4166,4.166,0.0011,-0.0013,-0.0043,-0.0001,0.1102,0.2599
4167,4.167,0.0003,0.0023,-0.0027,-0.004,0.3749,0.5964
4168,4.168,-0.0034,0.0028,-0.0056,0.0024,0.3391,0.9025
4169,4.169,-0.0014,0.0045,-0.0054,0.0015,0.1091,0.4657
4170,4.17,0.0003,0.0009,-0.0076,-0.0037,-0.1002,-0.0589
4171,4.171,-0.0026,0.0013,-0.0051,0.0012,-0.0736,-0.2712
4172,4.172,0,0.0016,-0.0091,0.0029,-0.1477,-0.2082
4173,4.173,0.0022,0.0027,-0.0078,-0,-0.1256,-0.267
4174,4.174,-0.0006,0.0079,-0.0076,-0.0015,-0.1053,-0.2146
4175,4.175,0.0004,0.0073,-0.0104,-0.0012,-0.2719,-0.3588
4176,4.176,-0.0028,0.0008,-0.0109,-0.0032,-0.3839,-0.9268
4177,4.177,0.0028,-0.0017,-0.0091,0.001,-0.2005,-0.6949
4178,4.178,0.0051,0.0005,-0.0142,0.0028,0.0713,-0.0606
4179,4.179,0.0031,0.0041,-0.0144,0.0012,0.1081,0.1965
4180,4.18,-0.0011,0.0011,-0.0116,-0.0038,0.1414,0.2749
4181,4.181,-0.0006,0.0016,-0.0118,-0.0073,0.112,0.3456
4182,4.182,-0,-0.0009,-0.013,-0.0015,0.0852,0.2822
4183,4.183,-0.0003,-0.0021,-0.0154,-0.0037,0.1591,0.2244
4184,4.184,0.0017,0.0008,-0.0135,0.0041,0.4057,0.8055
4185,4.185,0.0015,0.0034,-0.0135,0.0031,0.2418,0.7283
4186,4.186,0.0005,0.001,-0.0171,0.0005,0.0327,0.2353
4187,4.187,0.0029,-0.0027,-0.0154,0.0031,-0.1035,-0.214
4188,4.188,0.0015,-0.0004,-0.0155,0.0009,-0.1284,-0.2734
4189,4.189,-0.0001,-0.0025,-0.0142,-0.0011,-0.1063,-0.3269
4190,4.19,-0.0023,-0.0067,-0.0138,0.0047,-0.1268,-0.2795
4191,4.191,-0.0016,0.0022,-0.0121,0.0041,-0.1084,-0.2364
4192,4.192,-0.004,-0.0066,-0.0097,0.0021,-0.3608,-0.5938
4193,4.193,-0.0036,-0.0033,-0.014,-0.0021,-0.3249,-0.9307
4194,4.194,0.0001,-0.0003,-0.0147,-0.0015,-0.0948,-0.4503
4195,4.195,-0.0024,-0.0048,-0.0166,0.001,0.055,0.1267
4196,4.196,-0.0027,-0.0022,-0.0184,-0.0001,0.1369,0.2054
4197,4.197,-0.0007,-0.0015,-0.0176,0.0038,0.1127,0.2763
4198,4.198,-0.0017,0.0021,-0.0235,0.0033,0.1354,0.3407
4199,4.199,-0.0027,-0.0009,-0.0202,0.0003,0.0747,0.2828
4200,4.2,-0.001,-0.0026,-0.0241,0,0.2784,0.3357
4201,4.201,-0.0008,0.0042,-0.0241,0.001,0.4141,0.8641
4202,4.202,0.0004,-0.0004,-0.0205,0.0021,0.1921,0.6534
4203,4.203,-0.0008,0.0039,-0.0216,-0.0009,-0.0172,0.0764
4204,4.204,0.0016,0.0017,-0.0263,-0.0019,-0.0991,-0.1576
4205,4.205,-0.0001,0.0038,-0.031,-0.0003,-0.124,-0.2292
4206,4.206,0.0025,-0.0019,-0.03,-0.004,-0.1467,-0.294
4207,4.207,0.0028,0.0003,-0.0303,0.0011,-0.1266,-0.2366
4208,4.208,0.0025,-0.0004,-0.027,-0.0025,-0.1822,-0.1844
4209,4.209,0.0018,-0.002,-0.0302,0.0045,-0.4347,-0.8093
4210,4.21,-0.0002,-0.0015,-0.0312,0.0014,-0.265,-0.8097
4211,4.211,0.0026,-0.001,-0.0361,0.0023,-0.012,-0.2133
4212,4.212,0.0062,-0.0025,-0.0303,0.0014,0.0872,0.1752
4213,4.213,0.0031,-0.0013,-0.0182,-0.0038,0.1175,0.2467
4214,4.214,-0.0033,0.0016,0.0091,-0.0032,0.1448,0.3113
4215,4.215,0.0012,-0.0026,0.0123,0.001,0.1205,0.2537
4216,4.216,0.0004,-0.0009,-0.0065,-0.003,0.0983,0.2012
4217,4.217,-0.0018,0.0006,-0.017,-0.0066,0.3629,0.5376
4218,4.218,-0.0012,0.0018,-0.0088,-0.0005,0.3271,0.931
4219,4.219,-0.0017,-0.0047,-0.0014,0.0003,0.097,0.4552
4220,4.22,-0.0022,0.0018,0.0004,-0.0004,-0.0528,-0.122
4221,4.221,-0.0027,-0.0042,0.0153,-0.0039,-0.0805,-0.201
4222,4.222,-0.0039,-0.002,0.0086,-0.0045,-0.1545,-0.2724
4223,4.223,-0.0019,-0.0013,0.021,-0.005,-0.1772,-0.3371
4224,4.224,-0.0009,0.0044,0.0188,-0.0045,-0.1164,-0.2797
4225,4.225,-0.0006,0.0051,0.0197,-0.0049,-0.2461,-0.3327
4226,4.226,-0.0043,0.0015,0.0152,-0.0046,-0.3976,-0.9576
4227,4.227,-0.0001,-0.0028,0.0184,-0.0021,-0.1737,-0.7028
4228,4.228,-0.0065,0.0001,0.0211,-0.0038,0.0356,-0.0054
4229,4.229,-0.0074,0.0016,0.0112,-0.0089,0.1176,0.2769
4230,4.23,-0.0096,0.0004,0.0171,-0.0096,0.1425,0.1929
4231,4.231,-0.0032,-0.0025,0.0199,-0.0002,0.1205,0.2708
4232,4.232,-0.0024,0.0025,0.0311,0.0011,0.1004,0.3414
4233,4.233,-0.0046,0.0004,0.0293,-0.0102,0.193,0.2775
4234,4.234,-0.0011,0.0035,0.0277,-0.0026,0.4118,0.8005
4235,4.235,0.002,0.0017,0.0263,-0.0013,0.2629,0.7306
4236,4.236,0.0036,0.0032,0.0339,-0.0002,0.0184,0.1542
4237,4.237,0.0051,-0.001,0.0327,0.0054,-0.0808,-0.2346
4238,4.238,0.0082,0.0006,0.0335,0.0023,-0.1112,-0.3064
4239,4.239,0.0053,-0.0041,0.0206,0.005,-0.1386,-0.2434
4240,4.24,0.0027,-0.0059,-0.0074,0.0041,-0.1142,-0.3022
4241,4.241,0.0079,-0.0123,0.0206,0.0063,-0.092,-0.1443
4242,4.242,0.0027,-0.0081,0.0315,0.0013,-0.3566,-0.4807
4243,4.243,0.0033,-0.0045,0.0414,0.0082,-0.3208,-0.9616
4244,4.244,0.0028,-0.0025,0.0445,0.0091,-0.0907,-0.3861
4245,4.245,0.0023,-0.003,0.0366,0.0065,0.0591,0.1571
4246,4.246,-0.0025,0.0046,-0.0004,0.0058,0.0869,0.2288
4247,4.247,-0.0008,-0.0007,-0.016,0.0022,0.1118,0.2938
4248,4.248,0.0009,-0.0016,-0.011,0.0017,0.1344,0.2364
4249,4.249,0.0024,0.001,-0.015,0.0069,0.1142,0.2897
4250,4.25,0.0055,0.0003,-0.0107,0.0076,0.2809,0.3379
4251,4.251,0.0034,0.0009,-0.0067,0.0059,0.3931,0.9059
4252,4.252,0.0009,0.0039,-0.003,0.0041,0.2098,0.6741
4253,4.253,0.0006,0.0022,-0.0113,0.0089,-0.0619,0.04
4254,4.254,-0.0004,0.0007,-0.0081,0.0031,-0.0986,-0.2169
4255,4.255,-0.0006,0.0037,-0.0051,-0.0007,-0.1319,-0.2954
4256,4.256,-0.003,0.004,-0.0067,0.0042,-0.1024,-0.2258
4257,4.257,0.0021,-0.0002,0.0001,-0.0016,-0.1297,-0.2902
4258,4.258,0.0028,0.0026,-0.0011,0.0006,-0.1543,-0.2323
4259,4.259,-0.0014,0.0031,-0.0088,-0.0058,-0.4009,-0.8134
4260,4.26,-0.0009,-0.002,-0.0066,-0.005,-0.3025,-0.8911
4261,4.261,-0.0014,0.0015,-0.0018,0.0002,-0.0335,-0.2572
4262,4.262,0.0029,0.0057,-0.0098,-0.0091,0.0754,0.1702
4263,4.263,-0.0024,0.0052,-0.0079,-0.0054,0.1088,0.2491
4264,4.264,-0.0003,-0.0006,-0.004,-0.0064,0.1388,0.3202
4265,4.265,-0.0046,0.0046,-0.0077,-0.0074,0.112,0.2569
4266,4.266,-0.0029,-0.0003,-0.006,-0.0028,0.0876,0.1993
4267,4.267,-0.0003,0.0014,-0.0103,-0.0003,0.379,0.5692
4268,4.268,-0.0006,0.0009,-0.0101,-0.0009,0.3397,0.906
4269,4.269,-0.0003,0.0003,-0.0098,0.0011,0.0869,0.4257
4270,4.27,0.0016,0.0015,-0.0049,-0.0006,-0.078,-0.0233
4271,4.271,0.0006,0.0012,-0.0046,0.0011,-0.1083,-0.1989
4272,4.272,0.0016,0.003,-0.0099,-0.0004,-0.1356,-0.2524
4273,4.273,0.001,-0.0015,-0.0083,0.0039,-0.1114,-0.3009
4274,4.274,-0.0013,-0.0032,-0.0082,-0.0002,-0.0893,-0.2575
4275,4.275,-0.0003,-0.0015,-0.0096,0.0014,-0.2726,-0.297
4276,4.276,-0.0004,0.001,-0.012,-0.0008,-0.3958,-0.8381
4277,4.277,0.0003,-0.0012,-0.0096,0.0021,-0.1941,-0.606
4278,4.278,-0.0009,0.0044,-0.0157,0.0018,0.0507,-0.1125
4279,4.279,0.0012,-0.0025,-0.0086,0.0042,0.0842,0.2092
4280,4.28,-0.0005,0.0002,-0.0105,0.0019,0.1144,0.2688
4281,4.281,0.0012,-0.0023,-0.003,0.0001,0.1419,0.3226
4282,4.282,0.0003,-0.0061,-0.0109,-0.0037,0.1176,0.2754
4283,4.283,0.0013,-0.004,-0.0093,-0.002,0.1401,0.2323
4284,4.284,-0.0014,0.003,-0.0077,-0.0004,0.4049,0.7489
4285,4.285,0.0005,-0.0016,-0.0064,-0.0007,0.2969,0.8198
4286,4.286,-0.0027,0.0027,-0.0118,0.0033,0.0666,0.2439
4287,4.287,0.0012,-0.001,-0.0061,0.0018,-0.0832,-0.1442
4288,4.288,-0.0013,-0.003,-0.0106,-0.0003,-0.1108,-0.2155
4289,4.289,0.003,-0.0013,-0.0107,-0.0041,-0.1356,-0.2798
4290,4.29,0.0001,0.0016,-0.0087,-0.0015,-0.1135,-0.3381
4291,4.291,-0.0004,0.0022,-0.0119,-0.0037,-0.0934,-0.1797
4292,4.292,0.0008,-0.002,-0.0046,-0.0048,-0.3712,-0.5158
4293,4.293,0.0005,-0.0025,-0.0074,-0.0029,-0.3318,-0.9089
4294,4.294,0.0002,-0.0009,-0.008,-0.0018,-0.1511,-0.4329
4295,4.295,-0.0022,-0.0012,-0.0069,-0.0001,0.0794,0.0167
4296,4.296,-0.0005,0.0009,-0.0073,0.0037,0.1097,0.1929
4297,4.297,-0.0024,-0.0026,-0.0107,0.0032,0.1371,0.2468
4298,4.298,-0.0022,-0.0004,-0.0111,0.0029,0.1128,0.2958
4299,4.299,0.0015,0.0017,-0.008,0.0026,0.0906,0.2528
4300,4.3,-0.0011,0.0014,-0.0084,0.0037,0.2739,0.2928
4301,4.301,0.002,-0.0002,-0.0144,0.0013,0.3972,0.8342
4302,4.302,-0.0009,0.0049,-0.0083,0.0051,0.1954,0.6026
4303,4.303,0.0016,0.0056,-0.0089,0,-0.0493,0.1095
4304,4.304,-0.0036,-0.0013,-0.0137,0.0007,-0.0828,-0.2118
4305,4.305,0.0001,0.0052,-0.0119,0.0077,-0.113,-0.2708
4306,4.306,0.0007,0.0044,-0.0123,0.0031,-0.1405,-0.3243
4307,4.307,-0.0024,0.0051,-0.0158,0.004,-0.1162,-0.2766
4308,4.308,-0.0019,0.0002,-0.0114,0.0017,-0.1386,-0.2332
4309,4.309,-0.0044,-0.0014,-0.0118,-0.0018,-0.4033,-0.7494
4310,4.31,-0.0033,-0.0009,-0.0092,-0.0013,-0.2954,-0.8201
4311,4.311,0.0018,0.0018,-0.0164,0.0004,-0.0327,-0.2549
4312,4.312,-0.0003,-0.0017,-0.0133,-0.0037,0.1321,0.1943
4313,4.313,0.0032,0.0026,-0.0161,-0.0002,0.1028,0.2539
4314,4.314,-0.0019,-0.0003,-0.0157,0.0002,0.1302,0.3075
4315,4.315,0.0001,0.0002,-0.0153,-0.0054,0.1059,0.26
4316,4.316,0.0043,-0.0009,-0.0101,-0.0061,0.0837,0.2166
4317,4.317,-0.0033,0.0011,0.0006,-0.0054,0.3483,0.4944
4318,4.318,-0.0003,-0.0024,0.0237,-0.0038,0.3844,0.8915
4319,4.319,-0.003,-0.0021,0.0336,0.0015,0.0887,0.4157
4320,4.32,-0.0022,0.0018,0.0425,-0.0021,-0.1106,-0.0337
4321,4.321,-0.0044,-0.0017,0.0453,0.0021,-0.0753,-0.2097
4322,4.322,-0.0109,-0.0005,0.0578,0.0016,-0.1084,-0.2635
4323,4.323,-0.0014,-0.0008,0.0557,0.0011,-0.1386,-0.3125
4324,4.324,-0.0003,-0.0005,0.0416,-0.005,-0.1117,-0.2696
4325,4.325,-0.0013,-0.0028,0.0139,-0.0008,-0.2349,-0.3096
4326,4.326,0.0017,0.0022,-0.0059,-0.0002,-0.4368,-0.8511
4327,4.327,0.0025,-0.0042,-0.0093,-0.0037,-0.1928,-0.6195
4328,4.328,-0,0,-0.0059,-0.0068,0.0376,-0.1264
4329,4.329,-0.0007,-0.0022,-0.0029,-0.0051,0.0681,0.1947
4330,4.33,0.0028,-0.0015,0,-0.0036,0.0955,0.2538
4331,4.331,0.0023,-0.0032,-0.0021,-0.0067,0.0711,0.307
4332,4.332,0.0075,-0.0085,0.0003,-0.0088,0.0937,0.2592
4333,4.333,0.0025,-0.0036,-0.0015,-0.0038,0.1546,0.2154
4334,4.334,0.0008,-0.0019,-0.0031,0.0011,0.4324,0.7313
4335,4.335,0.0037,-0.0107,0.0023,-0.0032,0.3136,0.6612
4336,4.336,0.0042,-0.007,-0.002,-0.0037,0.0606,0.2126
4337,4.337,0.0045,-0.0014,-0.0004,0.004,-0.1043,-0.196
4338,4.338,0.0016,-0.0004,-0.0013,0.005,-0.0751,-0.145
4339,4.339,-0.0003,-0.0069,0.0001,-0.0003,-0.1025,-0.2903
4340,4.34,0.0014,-0.0044,-0.0006,0.0042,-0.1274,-0.2477
4341,4.341,0.003,-0.0051,0.0024,0.0016,-0.1052,-0.209
4342,4.342,0.0017,-0.0002,0.0036,0.0023,-0.3291,-0.5342
4343,4.343,0.001,0.0093,-0.0012,0.0042,-0.3591,-0.928
4344,4.344,0.0016,0.0023,-0.0015,0.0025,-0.1148,-0.4527
4345,4.345,-0.0016,0.0034,0.0046,-0.0004,0.1156,0.1241
4346,4.346,-0.0028,0.0044,-0.0002,-0.0052,0.0865,0.2026
4347,4.347,0.001,-0.0008,-0.0034,-0.0048,0.1139,0.2735
4348,4.348,-0.0015,0.0037,0.0013,0.0016,0.1387,0.3377
4349,4.349,0.0015,0.0045,-0.0047,0.0041,0.0716,0.2798
4350,4.35,0.0003,0.0023,-0.0051,0.0019,0.2548,0.3326
4351,4.351,-0.0007,0.0043,-0.004,-0.0002,0.4273,0.861
4352,4.352,-0.0017,0.006,-0.0028,0.004,0.1808,0.6502
4353,4.353,0.0027,-0.0029,-0.0041,0.0035,-0.0497,0.0732
4354,4.354,0.0032,-0.0017,-0.0031,0.0039,-0.0803,-0.1607
4355,4.355,-0.0016,0.0038,0.0032,0.0069,-0.1078,-0.2324
4356,4.356,-0.0033,0.0028,-0.0078,0.0072,-0.1327,-0.2973
4357,4.357,-0.0028,0.0019,-0.0057,0.0021,-0.1106,-0.2399
4358,4.358,0.0019,0.001,-0.0006,0.007,-0.131,-0.1874
4359,4.359,0.0024,0.0017,0.0013,0.0052,-0.4089,-0.7161
4360,4.36,-0.0016,0.0023,0.0006,0.0047,-0.2902,-0.7868
4361,4.361,-0.0001,0.0028,0.0043,-0.0021,-0.0373,-0.3386
4362,4.362,0.0002,0.0022,0.0038,0.0005,0.0618,0.1861
4363,4.363,-0.0009,0.0007,-0.0002,-0.002,0.0921,0.2577
4364,4.364,-0.006,-0.0044,0.0011,-0.0027,0.1195,0.3224
4365,4.365,0.0004,0.0004,-0.0021,-0.0048,0.1442,0.2649
4366,4.366,-0.0021,-0.0027,0.0005,-0.0018,0.1219,0.2124
4367,4.367,0.0001,-0.0022,-0.0032,-0.0047,0.3457,0.5488
4368,4.368,-0.002,0.0003,0.0014,-0.0032,0.3756,0.9423
4369,4.369,-0.0003,-0,-0.0017,-0.0035,0.1313,0.4666
4370,4.37,-0.002,-0.0048,-0.0034,-0.0006,-0.0992,-0.1105
4371,4.371,0.0028,-0.0006,-0.0017,0.0051,-0.0701,-0.1893
4372,4.372,-0.003,-0.0023,-0.0023,-0.0008,-0.1516,-0.2603
4373,4.373,-0.0008,-0.0008,-0.0016,0.0029,-0.1274,-0.3246
4374,4.374,-0,0.0004,-0.0003,0.0009,-0.1053,-0.2669
4375,4.375,0.0017,0.0032,-0.003,-0.0008,-0.2477,-0.3198
4376,4.376,0.0012,0.0007,0.0001,-0.0072,-0.4144,-0.9443
4377,4.377,-0.0013,0.001,-0.0023,-0.0013,-0.2127,-0.6893
4378,4.378,-0.0001,0.0027,-0.0018,-0.0019,0.032,-0.1463
4379,4.379,0.0011,-0.0011,-0.0027,0.0045,0.1311,0.2069
4380,4.38,0.0015,-0.0036,-0.002,0.0037,0.1017,0.2721
4381,4.381,-0.003,-0.0006,-0.0031,0.0059,0.129,0.3308
4382,4.382,0.0012,0.0023,-0.0024,0.0052,0.1046,0.2787
4383,4.383,0.0007,0.0013,-0.0038,-0.003,0.127,0.2311
4384,4.384,0.0023,0.0066,-0.0043,-0.002,0.3917,0.7118
4385,4.385,0.0027,-0.0004,-0.0032,-0.0009,0.2837,0.7763
4386,4.386,-0.0037,-0.0012,-0.0032,-0.0017,0.0534,0.2526
4387,4.387,0.0028,-0.0003,-0.0052,-0.0025,-0.0964,-0.1005
4388,4.388,0.0003,0.0019,-0.0085,-0.0003,-0.124,-0.1658
4389,4.389,-0.0034,0.0026,-0.0069,0.0018,-0.1489,-0.2245
4390,4.39,0.0002,0.0009,-0.0034,0.0001,-0.1268,-0.2779
4391,4.391,0.0033,0.0015,-0.0052,0.0042,-0.1067,-0.2301
4392,4.392,0.005,-0,-0.0059,0.0048,-0.3475,-0.5359
4393,4.393,-0.0018,0.0022,-0.0074,0.0006,-0.3805,-0.9728
4394,4.394,0.001,-0.0007,-0.0075,0.0002,-0.1118,-0.4496
4395,4.395,0.0035,-0.0025,-0.0124,0.0017,0.0693,0.0442
4396,4.396,-0.0017,-0.0064,-0.0112,-0.0013,0.1027,0.2379
4397,4.397,-0.0023,0.0004,-0.0111,-0.0051,0.1328,0.297
4398,4.398,0.0019,-0.0004,-0.0121,-0.0065,0.1601,0.245
4399,4.399,0.006,-0.0012,-0.0148,0.0005,0.0865,0.1975
4400,4.4,0.0003,-0.0034,-0.0192,-0.0005,0.2433,0.3286
4401,4.401,0.0009,-0.0054,-0.0162,0.0042,0.4266,0.9242
4402,4.402,0.0016,0.004,-0.0179,0.0017,0.2047,0.6692
4403,4.403,0.0022,0.0027,-0.0156,0.007,-0.0046,0.1263
4404,4.404,-0.0007,0.0039,-0.0152,0.005,-0.0866,-0.227
4405,4.405,-0.0012,-0.0017,-0.0148,0.0009,-0.1116,-0.2922
4406,4.406,-0,-0.0007,-0.0144,-0.0043,-0.1343,-0.3511
4407,4.407,-0.0003,0.0021,-0.0192,-0.0022,-0.1144,-0.299
4408,4.408,0.0007,0.0012,-0.0194,-0.0005,-0.133,-0.2514
4409,4.409,0.0024,0.0019,-0.0277,0.0024,-0.3855,-0.732
4410,4.41,-0.0027,-0.0001,-0.0212,-0.0023,-0.2776,-0.7966
4411,4.411,0.0009,0.0068,-0.0228,0.002,-0.0474,-0.2731
4412,4.412,-0.0009,-0.0021,-0.0243,0.0008,0.0851,0.1672
4413,4.413,-0.0004,0.0043,-0.0276,-0.002,0.1153,0.2387
4414,4.414,0.0037,0.0001,-0.0277,-0.0015,0.1426,0.3033
4415,4.415,0.0042,-0.0036,-0.025,0.0008,0.1182,0.2456
4416,4.416,0.0045,-0.0056,-0.0241,-0.0021,0.096,0.193
4417,4.417,0.0025,-0.0051,-0.016,-0.0031,0.3606,0.5293
4418,4.418,-0.0026,0.0037,-0.0029,-0.007,0.3247,0.9225
4419,4.419,-0.0005,-0.0025,0.0056,0.0008,0.0946,0.4468
4420,4.42,-0.001,-0.0036,0.0201,-0.0002,-0.1148,-0.1305
4421,4.421,-0.0086,-0.0005,0.0173,0.0029,-0.0885,-0.3645
4422,4.422,-0.0117,0.0041,0.0184,0.0002,-0.1134,-0.2955
4423,4.423,-0.0052,-0.0001,0.016,-0.0006,-0.1361,-0.2324
4424,4.424,-0.0061,0.0021,0.0168,-0.0013,-0.116,-0.2911
4425,4.425,-0.0039,0,0.023,0.0008,-0.2828,-0.2388
4426,4.426,-0.0018,0.0017,0.0286,0.005,-0.4398,-0.8637
4427,4.427,-0.0023,-0.0023,0.0224,-0.0014,-0.1753,-0.6089
4428,4.428,-0.0028,0.0012,0.0207,-0.0006,0.0778,-0.0662
4429,4.429,-0.0023,-0.0038,0.0247,0.0016,0.1113,0.2869
4430,4.43,-0.0011,-0.0059,0.0283,-0.0004,0.1415,0.2242
4431,4.431,-0.0015,-0.0064,0.027,-0.0009,0.1147,0.2828
4432,4.432,-0.0072,-0.0035,0.0201,-0.0014,0.0903,0.2305
4433,4.433,-0.0064,0.0013,0.0307,0.0001,0.1575,0.1827
4434,4.434,-0.0057,-0.007,0.0317,-0.003,0.4221,0.7506
4435,4.435,-0.005,-0.006,0.0326,-0.0018,0.3141,0.8283
4436,4.436,-0.0008,-0.003,0.041,0,0.0182,0.3355
4437,4.437,0.0068,0.0016,0.0509,-0.0003,-0.1015,-0.1137
4438,4.438,0.0016,-0.0026,0.0465,0.002,-0.1381,-0.1732
4439,4.439,0.008,0.0058,0.0272,0.0063,-0.1056,-0.2266
4440,4.44,0.0055,0.0003,-0.0032,0.0032,-0.1356,-0.2751
4441,4.441,0.0017,0.0033,-0.0153,-0.0009,-0.1086,-0.2319
4442,4.442,0.0038,0.0041,-0.012,-0.0077,-0.3304,-0.5098
4443,4.443,0.0021,0.0033,-0.0154,-0.005,-0.3604,-0.9792
4444,4.444,0.0004,0.0026,-0.0127,-0.0076,-0.1161,-0.5316
4445,4.445,0.0081,0.0019,-0.0101,-0.0129,0.0488,-0.0069
4446,4.446,0.0071,0.0036,-0.0125,-0.0109,0.0793,0.2056
4447,4.447,0.0061,0.0053,-0.0104,-0.0067,0.1068,0.2707
4448,4.448,0.0034,0.0068,-0.0083,-0.0073,0.1317,0.3295
4449,4.449,0.0025,0.0038,-0.0176,-0.0026,0.1096,0.2772
4450,4.45,0.0062,0.0009,-0.0091,0.0016,0.2519,0.3256
4451,4.451,-0.0002,0.0012,-0.0105,-0.0037,0.4188,0.8938
4452,4.452,0.0023,0.0009,-0.0145,-0.003,0.2171,0.6623
4453,4.453,0.0016,0.0019,-0.0106,-0.0014,-0.0275,0.1692
4454,4.454,0.0036,0.0012,-0.0136,0.0003,-0.061,-0.152
4455,4.455,0.0006,0.0005,-0.0123,0.007,-0.0911,-0.2112
4456,4.456,-0.0011,-0.0022,0.002,0.0097,-0.1185,-0.2646
4457,4.457,-0.0006,-0.0039,0.033,0.0054,-0.1432,-0.313
4458,4.458,-0.001,-0.0035,0.0377,0.0031,-0.1209,-0.1821
4459,4.459,0.001,-0.0042,0.0342,0.008,-0.4262,-0.6981
4460,4.46,-0.0041,-0.004,0.0454,0.0022,-0.2954,-0.9091
4461,4.461,-0.0034,-0.0062,0.0426,0.0059,-0.017,-0.3327
4462,4.462,-0.0029,-0.0032,0.016,0.0052,0.0918,0.2109
4463,4.463,-0.0034,0.0016,0.0056,0.0068,0.1252,0.2829
4464,4.464,0.0001,0.0021,-0.0037,0.0027,0.0957,0.2201
4465,4.465,-0.0021,-0.0032,-0.006,-0.0021,0.1231,0.279
4466,4.466,-0.0009,0.0033,-0.0082,0.0021,0.0987,0.2268
4467,4.467,0.0016,0.0024,-0.0099,0.0004,0.3452,0.4673
4468,4.468,-0.0016,-0.0013,-0.0071,0.0029,0.3783,0.9484
4469,4.469,-0.0013,-0.0006,-0.0085,-0.0002,0.1095,0.5011
4470,4.47,-0.0032,-0.0001,-0.006,0.0026,-0.0715,-0.0231
4471,4.471,-0.0042,0.0016,-0.0071,0.0016,-0.105,-0.2353
4472,4.472,0.0008,0.0011,-0.002,0.0012,-0.1351,-0.3001
4473,4.473,0.0029,0.0008,-0.0083,-0.0039,-0.1083,-0.2424
4474,4.474,-0.0014,0.002,-0.0041,0.001,-0.0839,-0.2951
4475,4.475,0.0003,-0.0023,-0.0046,-0.0021,-0.2407,-0.3429
4476,4.476,-0.0022,0.0006,-0.0071,0.0008,-0.4241,-0.9105
4477,4.477,-0.001,0.0012,-0.0021,0.0002,-0.2022,-0.6785
4478,4.478,-0.0057,-0.001,-0.0025,-0.0028,0.0071,-0.1849
4479,4.479,0.0013,-0.0022,-0.0058,0.0027,0.0892,0.2648
4480,4.48,0.0021,-0.0018,-0.0074,-0.0025,0.1142,0.2082
4481,4.481,-0.0004,-0.0001,-0.004,0.0024,0.1369,0.2619
4482,4.482,0.0003,0.0043,-0.0042,0.0029,0.1169,0.3106
4483,4.483,-0.0017,0.0014,-0.0087,-0.0012,0.1355,0.1802
4484,4.484,-0.0033,0.001,-0.009,0.0003,0.388,0.6965
4485,4.485,0.0031,0.0013,-0.0071,-0.0047,0.2802,0.7673
4486,4.486,0.0006,-0.0016,-0.0095,-0.0027,0.0499,0.3193
4487,4.487,-0,-0.0026,-0.0144,0.0003,-0.0999,-0.2052
4488,4.488,0.0007,0.002,-0.0093,0.002,-0.1274,-0.2767
4489,4.489,0.0002,0.0004,-0.0075,0.0026,-0.1522,-0.2136
4490,4.49,0.0031,-0.0013,-0.0069,0.0022,-0.1301,-0.272
4491,4.491,-0.0026,0.0012,-0.0094,-0.0025,-0.0693,-0.2195
4492,4.492,-0.0004,0.0025,-0.0091,0.0006,-0.3471,-0.4599
4493,4.493,0.0045,0.0028,-0.0139,-0.0034,-0.3868,-0.9406
4494,4.494,0.0003,-0.0023,-0.0122,0.0013,-0.134,-0.493
4495,4.495,0.0032,0.0027,-0.0118,0.0031,0.0309,0.0316
4496,4.496,0.0017,0.001,-0.0123,-0.0033,0.1209,0.244
4497,4.497,-0.0025,0.0015,-0.0136,-0.0024,0.1483,0.309
4498,4.498,0.0027,0.002,-0.009,-0.0002,0.1241,0.2516
4499,4.499,0.0034,-0.0031,-0.0048,0.0047,0.102,0.3049
4500,4.5,0.0029,-0.001,-0.0138,0.0017,0.2444,0.2572
4501,4.501,0.0034,-0.0027,-0.0127,0.0035,0.4112,0.9125
4502,4.502,0.0009,-0.0044,-0.0139,-0,0.2096,0.632
4503,4.503,0.0005,0.0024,-0.0193,0.0022,-0.035,0.2053
4504,4.504,0.0002,0.0015,-0.0167,-0.0016,-0.0684,-0.1833
4505,4.505,0.0005,-0.0027,-0.0161,0.002,-0.0985,-0.2548
4506,4.506,0.0015,0.001,-0.0141,-0.0049,-0.1259,-0.3196
4507,4.507,0.0031,-0.0039,-0.0178,-0.0018,-0.1016,-0.2622
4508,4.508,0.0001,0.003,-0.0163,-0.0009,-0.1241,-0.2098
4509,4.509,-0.0028,-0.0015,-0.0182,-0,-0.3888,-0.7386
4510,4.51,-0.001,-0.0007,-0.0232,-0.0037,-0.2809,-0.8094
4511,4.511,0.0029,-0,-0.0164,-0.003,-0.0506,-0.3613
4512,4.512,-0.0019,-0.002,-0.0212,0.0028,0.0991,0.1633
4513,4.513,-0.0043,-0.0009,-0.02,0.0011,0.1104,0.2187
4514,4.514,0.0027,0.0034,-0.0245,-0.001,0.1378,0.2897
4515,4.515,0.0072,0.0029,-0.0211,0.0054,0.1134,0.354
4516,4.516,0.0013,-0.0007,-0.0207,0.008,0.0911,0.1801
4517,4.517,0.0019,-0.0029,-0.0267,0.0058,0.3149,0.4442
4518,4.518,-0.0001,-0.0017,-0.0155,-0.0006,0.3449,0.8768
4519,4.519,-0.0007,0.0034,0.0096,0.0036,0.1548,0.4701
4520,4.52,-0.0012,0.0013,0.0129,0.0015,-0.0678,-0.007
4521,4.521,-0.0018,0.0008,0.0225,0.0022,-0.0984,-0.2005
4522,4.522,-0.0079,-0.0009,0.0252,-0.0009,-0.1259,-0.376
4523,4.523,-0.0071,-0.0034,0.0168,0.0008,-0.1509,-0.324
4524,4.524,-0.0123,-0.0013,0.029,-0.0039,-0.084,-0.2764
4525,4.525,-0.0088,-0.006,0.031,-0.0056,-0.2264,-0.2331
4526,4.526,-0.0071,-0.0077,0.0369,-0.0015,-0.4303,-0.8287
4527,4.527,0.0004,-0.0037,0.0275,-0.004,-0.2408,-0.7442
4528,4.528,-0.0026,-0.0062,0.0257,0.0029,0.0308,-0.0469
4529,4.529,-0.0054,-0.0001,0.0395,-0.0001,0.0675,0.2355
4530,4.53,-0.0046,0.0024,0.0375,-0.0028,0.1007,0.3217
4531,4.531,-0.0009,0.0031,0.0459,-0.002,0.1307,0.2451
4532,4.532,-0.0058,0.001,0.0535,-0.0057,0.1037,0.3158
4533,4.533,-0.0041,0.0041,0.0494,-0.0022,0.1282,0.2521
4534,4.534,-0.0037,0.0024,0.0305,-0.0005,0.4195,0.6588
4535,4.535,-0.0012,0.0049,-0.0052,-0.0046,0.3006,0.8176
4536,4.536,-0.0024,0.0007,-0.0004,0.0032,0.0475,0.2885
4537,4.537,0.0015,-0.0011,-0.0047,-0.0046,-0.1174,-0.0648
4538,4.538,0.003,0.0025,-0.0007,-0.0036,-0.0884,-0.2583
4539,4.539,0.0072,0.0013,0.003,-0.0082,-0.1159,-0.3173
4540,4.54,0.0055,-0.0008,-0,-0.0056,-0.1408,-0.2651
4541,4.541,0.008,0.0018,0.003,-0.0034,-0.1187,-0.2174
4542,4.542,0.0068,0.0021,-0.0049,-0.0055,-0.3426,-0.436
4543,4.543,0.0055,0.0058,-0.0023,-0.0072,-0.3727,-0.9525
4544,4.544,0.0045,0.0046,0.0002,-0.0043,-0.1286,-0.4604
4545,4.545,0.0041,0.0026,0.0025,-0.0008,0.1017,-0.0114
4546,4.546,0.0024,-0.0025,0.001,0.0061,0.0725,0.2806
4547,4.547,-0.0007,-0.0019,-0.0004,0.003,0.0998,0.2288
4548,4.548,0.0013,-0.0002,-0.0046,0.0039,0.1245,0.2775
4549,4.549,0.0017,-0.0031,0.0028,0.003,0.1023,0.2341
4550,4.55,0.0013,-0.0006,-0.0056,0.0008,0.2446,0.2739
4551,4.551,0.0036,-0.0018,-0.0042,0.0014,0.3742,0.815
4552,4.552,0.0018,-0.0021,0.0015,0.0009,0.189,0.7381
4553,4.553,0.0016,-0.004,0.0012,0.0026,-0.0335,0.1037
4554,4.554,0.0043,-0.0023,0.0008,0.0041,-0.0641,-0.1532
4555,4.555,0.0032,-0.002,-0.0039,0.0028,-0.0917,-0.2319
4556,4.556,0.0002,-0.0027,-0.0041,0.004,-0.1165,-0.303
4557,4.557,-0.0002,0.0012,-0.004,0.005,-0.0945,-0.2398
4558,4.558,-0.0005,-0.0005,-0.003,-0.0003,-0.115,-0.1821
4559,4.559,-0.0002,0.001,-0.006,0.0034,-0.3928,-0.7634
4560,4.56,-0.0001,0.0022,-0.0066,0.004,-0.2741,-0.8413
4561,4.561,0.0001,0.005,-0.0031,-0.0002,-0.0212,-0.3486
4562,4.562,0.0018,0.0047,-0.0006,0.0002,0.0779,0.1004
4563,4.563,-0.0014,-0.0006,-0.0052,-0.0023,0.1081,0.2761
4564,4.564,-0.0045,-0.0013,-0.0039,0.0007,0.1355,0.2241
4565,4.565,-0.0006,0.0008,-0.004,0.0035,0.1111,0.2726
4566,4.566,0.0019,-0.0023,-0.0028,-0,0.0889,0.2293
4567,4.567,0.0023,-0.0018,-0.0074,0.003,0.3534,0.4277
4568,4.568,-0.0006,0.0018,-0.0047,-0.0017,0.3896,0.8969
4569,4.569,0.0045,0.0029,-0.0045,-0.0013,0.1595,0.4492
4570,4.57,-0.0004,0.0026,-0.0044,-0.003,-0.0498,0.0408
4571,4.571,-0.0021,0.0045,-0.0011,-0.0045,-0.0776,-0.2249
4572,4.572,-0.0016,0.0012,-0.0001,-0.0003,-0.1517,-0.2741
4573,4.573,-0.0021,0.0016,-0.0007,0.0002,-0.1297,-0.3187
4574,4.574,-0.0024,-0.0027,0.0008,-0.0014,-0.1095,-0.2798
4575,4.575,0.0024,-0.0055,-0.0032,0.0037,-0.2391,-0.2441
4576,4.576,-0.0019,-0.0051,-0.0057,0.0017,-0.4242,-0.7365
4577,4.577,-0.0001,-0.002,-0.0012,-0.0026,-0.2518,-0.6668
4578,4.578,-0.0026,-0.0017,-0.0023,0.005,-0.0046,-0.0905
4579,4.579,-0.0014,-0.002,-0.0062,0.002,0.0947,0.1433
4580,4.58,0.0033,-0.0023,-0.0006,-0.0007,0.125,0.2145
4581,4.581,-0.0024,0.0014,-0.0067,0.0035,0.1524,0.2792
4582,4.582,-0.0001,0.0017,-0.0039,0.0042,0.0789,0.2215
4583,4.583,-0.0021,-0.0011,-0,0.0007,0.1462,0.169
4584,4.584,0.0022,-0.0001,-0.0048,-0.0035,0.411,0.6976
4585,4.585,-0.0007,0.0002,-0.0016,-0.0006,0.3032,0.9086
4586,4.586,-0.0042,0.004,-0.0045,-0.0001,0.073,0.3325
4587,4.587,0.002,0.0028,-0.004,-0.0031,-0.0766,-0.0561
4588,4.588,-0.0022,-0.0001,-0.0071,-0.0028,-0.1042,-0.2684
4589,4.589,0.0001,-0.0019,-0.0052,-0.0046,-0.129,-0.3332
4590,4.59,-0.0034,-0.0009,-0.0072,-0.0001,-0.1514,-0.2759
4591,4.591,0.0036,0.0008,-0.0084,0.003,-0.0906,-0.2235
4592,4.592,0.001,-0.0005,-0.0076,0.0013,-0.3313,-0.4639
4593,4.593,0.0036,-0.0007,-0.0071,0.0018,-0.3642,-0.9447
4594,4.594,-0.0016,-0.0013,-0.0098,-0.0012,-0.1552,-0.4973
4595,4.595,0.0005,-0.0042,-0.0112,0,0.0896,0.0273
4596,4.596,0.001,-0.0016,-0.0118,0.0011,0.1232,0.2395
4597,4.597,-0.0006,0.0016,-0.0111,0.0008,0.0939,0.3045
4598,4.598,-0.0001,0.0045,-0.0093,-0.0009,0.1213,0.2471
4599,4.599,0.0011,0.001,-0.0091,-0.001,0.0971,0.3004
4600,4.6,-0.0008,0.004,-0.0125,0.0029,0.2092,0.2525
4601,4.601,0.0027,-0.0024,-0.0105,0,0.3927,0.9078
4602,4.602,-0.0003,0.0022,-0.0149,0.0006,0.2204,0.6273
4603,4.603,-0.0006,0.0031,-0.0107,0.0037,-0.0267,0.2008
4604,4.604,-0.0002,0.0068,-0.0143,0.0008,-0.1257,-0.1879
4605,4.605,0.0008,0.0004,-0.0144,-0.0017,-0.0963,-0.2592
4606,4.606,-0.0022,0.003,-0.0156,0.0007,-0.1235,-0.3239
4607,4.607,0.0004,0.0023,-0.0174,0.0017,-0.1481,-0.2665
4608,4.608,0.0036,0.0003,-0.0193,0.0031,-0.1258,-0.214
4609,4.609,0.004,-0.0014,-0.0174,0.0038,-0.3903,-0.7423
4610,4.61,-0.0002,-0.0009,-0.0234,0.004,-0.2823,-0.813
4611,4.611,0.0026,-0.0014,-0.0219,0.0016,-0.052,-0.3648
4612,4.612,-0.0009,0.0017,-0.0247,-0,0.098,0.1599
4613,4.613,0.0003,-0.0012,-0.0259,-0.0043,0.1257,0.2316
4614,4.614,0.0035,0.0003,-0.0234,-0.007,0.119,0.2613
4615,4.615,0.0007,-0.0047,-0.0294,-0.0053,0.1439,0.3259
4616,4.616,-0.0012,-0.0054,-0.0308,-0.0012,0.0769,0.2683
4617,4.617,0.0027,-0.0012,-0.0285,0.0003,0.3417,0.4268
4618,4.618,-0.003,-0.0007,-0.0333,-0.0019,0.3781,0.9556
4619,4.619,-0.0023,0.004,-0.0263,-0.0007,0.1482,0.4636
4620,4.62,-0.0017,0.001,-0.0099,-0.0026,-0.061,0.0146
4621,4.621,-0.0047,-0.0019,0.0066,-0.0009,-0.0887,-0.161
4622,4.622,0.0017,-0.0014,0.0125,0.0042,-0.1627,-0.2147
4623,4.623,-0.0025,0.0028,0.022,0.0006,-0.1852,-0.2634
4624,4.624,-0.0019,0.0033,0.012,-0.0037,-0.1243,-0.3075
4625,4.625,0.0017,0.0018,0.013,-0.0008,-0.2169,-0.2681
4626,4.626,-0,-0.0013,0.023,-0.0055,-0.402,-0.8093
4627,4.627,0.0017,-0.0001,0.0238,-0.0039,-0.2295,-0.7321
4628,4.628,0.0011,-0.0011,0.0243,-0.0103,0.0178,-0.098
4629,4.629,0.0008,-0.0028,0.0205,-0.0078,0.1171,0.159
4630,4.63,-0.0013,-0.0032,0.023,-0.0041,0.1474,0.2375
4631,4.631,-0.0064,-0.0018,0.0289,-0.0005,0.1208,0.1682
4632,4.632,-0.0015,-0.0001,0.0259,0.0011,0.0967,0.2327
4633,4.633,-0.0045,-0.0039,0.0217,0.0075,0.1193,0.175
4634,4.634,-0.0028,0.0019,0.0233,0.005,0.4247,0.6507
4635,4.635,-0.0024,-0.0066,0.0271,0.0012,0.294,0.8431
4636,4.636,-0.0093,0.0012,0.0343,0.0032,0.0953,0.3197
4637,4.637,-0.0063,-0.0019,0.035,-0.001,-0.0856,-0.1739
4638,4.638,-0.0128,-0.001,0.0393,0.0042,-0.1188,-0.2392
4639,4.639,-0.0033,-0.0019,0.0261,0.0035,-0.0891,-0.298
4640,4.64,-0.0022,-0.0041,-0.002,0.0018,-0.1163,-0.2457
4641,4.641,0.001,-0.0062,0.0257,0.0013,-0.0918,-0.1979
4642,4.642,0.002,-0.0031,0.0363,0.0018,-0.3381,-0.4162
4643,4.643,0.0011,-0.0026,0.046,0.003,-0.371,-0.9325
4644,4.644,0.0053,-0.0021,0.0547,-0.0017,-0.162,-0.4404
4645,4.645,0.0031,-0.001,0.0465,-0.0048,0.0829,0.0089
4646,4.646,0.001,-0.0007,0.0093,0.0004,0.1166,0.185
4647,4.647,0.0005,-0.0017,-0.0066,0.0011,0.147,0.239
4648,4.648,0.0009,-0.0007,-0.0113,-0.0006,0.1203,0.2879
4649,4.649,0.0014,0.0017,-0.0068,-0.0011,0.0961,0.2448
4650,4.65,0.0026,-0.0009,-0.0105,-0.0047,0.2084,0.2849
4651,4.651,0.0005,-0.0013,-0.0139,-0.0017,0.4324,0.8263
4652,4.652,0.0023,0.0024,-0.0039,-0.002,0.224,0.7497
4653,4.653,0.0062,0.0028,-0.0066,-0.001,-0.0204,0.1157
4654,4.654,-0.0016,0.0083,-0.0036,-0.0013,-0.1195,-0.1411
4655,4.655,0.0061,0.0014,-0.001,-0.0024,-0.09,-0.2197
4656,4.656,0.0091,0.0041,-0.003,-0.0025,-0.1172,-0.2904
4657,4.657,0.0045,0.0032,-0.0007,0.0014,-0.1418,-0.3549
4658,4.658,0.0003,0.0025,-0.0023,-0.0015,-0.1195,-0.1808
4659,4.659,0.0025,0.0074,-0.0037,0.0063,-0.3839,-0.6563
4660,4.66,-0.004,0.0016,-0.0049,0.0052,-0.3479,-0.8483
4661,4.661,0.0019,0.0009,-0.006,0.0022,-0.0519,-0.3246
4662,4.662,0.0026,0.0029,-0.0044,0.0031,0.0679,0.1694
4663,4.663,0.0061,0.0046,-0.0051,0.0022,0.1047,0.2351
4664,4.664,-0.0034,0.0005,-0.0077,0.0044,0.1379,0.2943
4665,4.665,-0.002,0.001,-0.0081,0.0024,0.1085,0.3479
4666,4.666,-0.0083,0.0032,-0.0085,0.0107,0.0816,0.2046
4667,4.667,0.002,0.0044,-0.0103,0.0029,0.3035,0.4234
4668,4.668,0.0006,0.0034,-0.0092,-0.0023,0.393,0.9399
4669,4.669,0.0018,0.003,-0.007,0.0022,0.1489,0.4481
4670,4.67,0.0008,-0.0014,-0.0048,-0.0003,-0.0815,-0.0009
4671,4.671,-0.0003,0.0015,-0.0048,0.005,-0.1119,-0.1765
4672,4.672,0.0006,-0.0032,-0.0056,0.003,-0.1393,-0.2301
4673,4.673,-0.0003,-0.0015,-0.008,0.0013,-0.1151,-0.2786
4674,4.674,-0.0009,-0.0044,-0.0073,-0.0004,-0.0929,-0.2352
4675,4.675,0.004,-0.0009,-0.0052,-0.0029,-0.1946,-0.2747
4676,4.676,0.0023,-0.0031,-0.0099,-0.0041,-0.4355,-0.8158
4677,4.677,0.0006,-0.0002,-0.0116,0.0015,-0.2057,-0.7386
4678,4.678,-0.0009,-0.0059,-0.0095,0.0008,0.0036,-0.1043
4679,4.679,-0.0006,-0.0017,-0.0108,0.0044,0.0855,0.1531
4680,4.68,-0.0026,-0.0086,-0.008,0.0027,0.1106,0.232
4681,4.681,-0.0007,-0.004,-0.0119,-0.0013,0.1333,0.3032
4682,4.682,-0.0046,-0.0015,-0.0099,-0.0049,0.1132,0.24
4683,4.683,0.0032,-0.0008,-0.0111,0.0002,0.1316,0.1826
4684,4.684,0.0043,0.0028,-0.0131,-0.0062,0.384,0.6585
4685,4.685,0.0053,0.0023,-0.0157,-0.0053,0.276,0.8511
4686,4.686,-0.0011,0.0028,-0.0113,-0.003,0.0457,0.3279
4687,4.687,-0.0002,0.0033,-0.0082,-0.0037,-0.1041,-0.1654
4688,4.688,0.002,-0.0009,-0.0106,-0.002,-0.0777,-0.2305
4689,4.689,-0,-0.0004,-0.0101,-0.0024,-0.1519,-0.289
4690,4.69,0.0005,-0.0039,-0.0128,-0.005,-0.1299,-0.3422
4691,4.691,-0.0011,-0.0027,-0.0092,-0.008,-0.0693,-0.1981
4692,4.692,0.0025,-0.0007,-0.0113,-0.0016,-0.3102,-0.4164
4693,4.693,-0.0005,0.0004,-0.0151,0.003,-0.409,-0.9323
4694,4.694,-0.0008,0.0056,-0.0135,0.0022,-0.1404,-0.5804
4695,4.695,-0.0033,0.0035,-0.0146,-0.0015,0.0405,-0.0029
4696,4.696,-0.0015,-0.0014,-0.0081,-0.0008,0.1395,0.2311
4697,4.697,0.0002,0.0017,-0.0127,0.0034,0.1099,0.3027
4698,4.698,-0.0004,0.0012,-0.0119,0.0029,0.1371,0.2398
4699,4.699,0.0025,0.0007,-0.0156,0.0014,0.1125,0.2986
4700,4.7,0.0007,0.0011,-0.015,0.0002,0.2244,0.2463
4701,4.701,0.0004,0.0008,-0.0108,0.0022,0.4075,0.8713
4702,4.702,-0.0013,0.0033,-0.002,-0.0003,0.235,0.7868
4703,4.703,-0.0014,0.001,0.0169,-0.0027,-0.0123,0.2443
4704,4.704,-0.0031,-0.004,0.036,-0.0051,-0.1117,-0.2491
4705,4.705,0.0002,0.0009,0.0383,-0.0008,-0.0826,-0.1862
4706,4.706,-0.001,-0.0021,0.0405,0.0034,-0.1101,-0.2447
4707,4.707,-0.0006,-0.0016,0.0385,-0.0019,-0.135,-0.2979
4708,4.708,-0.0002,-0.001,0.0106,0.0017,-0.113,-0.2501
4709,4.709,0.0035,0.0021,-0.0013,-0.0041,-0.4184,-0.643
4710,4.71,-0.0026,-0.0026,0.0023,0.0012,-0.2878,-0.9073
4711,4.711,-0.0034,-0.0009,-0.0075,0.0005,-0.0891,-0.3783
4712,4.712,-0.0012,-0.0004,-0.0104,0.001,0.0919,0.1157
4713,4.713,0.0009,0.0001,-0.0077,-0.0007,0.1252,0.1813
4714,4.714,-0.0008,0.0013,-0.01,0.0008,0.1552,0.2402
4715,4.715,0.0002,-0.0015,-0.0093,0.0024,0.1232,0.3047
4716,4.716,0.0007,-0.0036,-0.0071,-0.0027,0.0962,0.2523
4717,4.717,0.0002,0.0022,-0.0091,0.0051,0.3178,0.4926
4718,4.718,0.0024,-0.002,-0.0109,0.0061,0.3477,0.9733
4719,4.719,-0.0014,-0.0013,-0.0091,-0.0043,0.1577,0.5258
4720,4.72,-0.0009,0.0007,0.014,-0.0057,-0.0649,0.0012
4721,4.721,-0.0006,0.0038,0.0371,0.0005,-0.0955,-0.2113
4722,4.722,-0.0034,0.0043,0.046,0.0037,-0.123,-0.2765
4723,4.723,-0.0009,0.0007,0.0435,0.0027,-0.1479,-0.3352
4724,4.724,0.0043,0.0029,0.0213,-0.0001,-0.081,-0.2831
4725,4.725,0.0037,0,-0.0056,0.0007,-0.2234,-0.2355
4726,4.726,0.0016,-0.0003,-0.009,0.0014,-0.4273,-0.891
4727,4.727,-0.0001,-0.0006,-0.0056,-0.0007,-0.2378,-0.798
4728,4.728,-0.0029,-0.005,-0.0025,-0.0012,-0.0154,-0.2014
4729,4.729,-0.0035,-0.0033,-0.005,0.0016,0.0746,0.1871
4730,4.73,-0.0013,0.0024,0.0025,0.0001,0.1021,0.2584
4731,4.731,-0.0009,-0.0013,0.0006,0.0023,0.1761,0.3228
4732,4.732,0.0001,0.0023,0.0028,-0.0025,0.1539,0.2652
4733,4.733,-0.0003,0.0006,0.0013,-0.0068,0.1337,0.2125
4734,4.734,-0.0006,-0.0023,-0.0035,-0.0085,0.4115,0.6447
4735,4.735,0.0036,0.0024,0.0013,-0.0037,0.2928,0.8191
4736,4.736,0.0019,0.0055,0.0003,-0.0068,0.0398,0.3429
4737,4.737,-0.0022,0.0038,-0.0006,-0.0028,-0.0594,-0.1066
4738,4.738,-0.0017,-0.004,0.0008,0.005,-0.0897,-0.1663
4739,4.739,-0.0068,-0.003,0.0021,-0.0006,-0.117,-0.2201
4740,4.74,-0.0048,0.0022,-0.0002,0.0024,-0.1418,-0.269
4741,4.741,-0.0079,-0.0005,-0.0007,0.0051,-0.0748,-0.3132
4742,4.742,-0.005,-0.0013,0.0034,-0.0008,-0.2986,-0.512
4743,4.743,0.0028,0.0024,-0.0011,0.0014,-0.3881,-0.9816
4744,4.744,-0.0005,-0.0012,0.0051,0.0007,-0.1439,-0.5344
4745,4.745,0.0005,-0.0054,-0.003,0.0012,0.0866,-0.0101
4746,4.746,0.0032,-0.0037,0.003,0.0006,0.1171,0.2022
4747,4.747,-0.0011,-0.0012,0.0024,0.0042,0.1446,0.267
4748,4.748,-0.0004,-0,-0.0017,-0.0009,0.1203,0.3255
4749,4.749,0.0031,-0.0039,-0.0021,0.0027,0.0982,0.2729
4750,4.75,0.0048,-0.0045,-0.001,0.001,0.2,0.321
4751,4.751,0.0053,-0.0023,0.0001,0.005,0.4038,0.8888
4752,4.752,0.0017,-0.0043,0.0023,0.0015,0.2143,0.6569
4753,4.753,0.0038,-0.0033,0.0023,0.0036,-0.0082,0.1636
4754,4.754,-0.0026,-0.0072,0.0012,-0.0011,-0.0981,-0.1581
4755,4.755,0.0001,-0.0005,0.0014,0.0031,-0.1257,-0.2179
4756,4.756,0.0042,-0.0014,-0.0037,0.0026,-0.1504,-0.2718
4757,4.757,0.0005,0.0011,0.0005,0.0011,-0.1283,-0.3208
4758,4.758,0.0025,0.0033,-0.0039,-0.0019,-0.1081,-0.1906
4759,4.759,0.002,0.0013,-0.0005,-0.0007,-0.3859,-0.6277
4760,4.76,0.0002,0.0007,0.004,-0.0011,-0.3464,-0.9188
4761,4.761,-0.0013,0.0024,-0.0013,-0.0028,-0.0935,-0.3377
4762,4.762,-0.001,0.0049,0.0044,0.001,0.0714,0.2053
4763,4.763,0.0019,0.0027,-0.0059,-0.0012,0.1018,0.2768
4764,4.764,-0.0007,0.0039,-0.0039,0.0008,0.1292,0.3413
4765,4.765,-0.0004,-0.0012,-0.0021,0.0027,0.1541,0.2836
4766,4.766,0.0013,0.0036,-0.0005,0.0059,0.0871,0.2311
4767,4.767,0.0006,0.0079,-0.0033,0.0039,0.311,0.3752
4768,4.768,0.0012,-0.001,-0.0019,0.0036,0.4005,0.9431
4769,4.769,-0.002,-0.0022,-0.0042,0.0033,0.1564,0.5562
4770,4.77,0,0.001,-0.0046,0.0016,-0.074,0.0624
4771,4.771,-0.0025,0.0063,-0.0048,0.0054,-0.1044,-0.2592
4772,4.772,-0.0002,-0.0002,-0.0023,0.0018,-0.1318,-0.2025
4773,4.773,-0.0005,-0.0027,-0.0002,-0.0012,-0.1074,-0.2562
4774,4.774,-0.0036,0.001,-0.0016,-0.0051,-0.0852,-0.305
4775,4.775,-0.0016,-0.0025,-0.0038,-0.0066,-0.1869,-0.2619
4776,4.776,0.0027,-0.0031,-0.0047,-0.0054,-0.4278,-0.8576
4777,4.777,0.0021,0.0022,-0.0016,-0.0118,-0.2637,-0.7731
4778,4.778,-0.0036,-0.0027,-0.0024,-0.0109,0.0055,-0.2306
4779,4.779,0.0001,0.0003,-0.0012,-0.0031,0.1145,0.2631
4780,4.78,-0.0034,-0.0002,-0.0001,-0.0041,0.1478,0.2005
4781,4.781,0.0008,0.0023,-0.0001,0.0005,0.1184,0.2594
4782,4.782,0.0003,0.0001,-0.0039,-0.0037,0.0917,0.3128
4783,4.783,0.0019,0.0022,0.0026,-0.0059,0.1165,0.169
4784,4.784,0.003,0.0064,0.0035,0.0006,0.4079,0.6496
4785,4.785,0.0019,-0.0024,0.0013,0.0031,0.2892,0.8417
4786,4.786,-0.0023,0.0014,0.0005,-0.0021,0.0364,0.3182
4787,4.787,0.0005,0.0004,0.0021,0.0029,-0.0629,-0.1756
4788,4.788,-0.001,0.0014,-0.0021,0.0024,-0.0931,-0.241
4789,4.789,0.0051,-0.005,0.0013,0.0041,-0.1204,-0.2998
4790,4.79,-0.0008,-0.0024,-0.005,0.0067,-0.1451,-0.2477
4791,4.791,0.0014,-0.0002,-0.001,0.0055,-0.0781,-0.2001
4792,4.792,-0.0006,0.0018,-0.0005,0.0008,-0.3019,-0.4187
4793,4.793,-0.0011,0.0001,-0.0028,0.0066,-0.3913,-0.9351
4794,4.794,0.0006,-0.0015,-0.0047,0.0073,-0.1472,-0.5838
4795,4.795,0.0032,0.002,-0.0045,0.0009,0.0833,-0.0067
4796,4.796,0.001,-0.0001,-0.0105,0.0018,0.1138,0.2271
4797,4.797,0.0007,0.0019,-0.0039,-0.0004,0.1414,0.2984
4798,4.798,-0.0012,0.0016,-0.0088,0.0017,0.1173,0.2352
4799,4.799,0.0021,0.004,-0.0067,0,0.0952,0.2938
4800,4.8,0.0017,0.0017,-0.0123,0.0005,0.1971,0.2413
4801,4.801,0.0021,-0.0002,-0.0134,-0.003,0.438,0.866
4802,4.802,0.0004,-0.0025,-0.0081,-0.0018,0.2083,0.7814
4803,4.803,0.0014,-0.0015,-0.0123,-0.003,-0.001,0.2388
4804,4.804,0.0045,-0.0008,-0.0148,-0.0026,-0.0828,-0.1144
4805,4.805,-0.0011,0.0027,-0.0183,-0.0009,-0.1078,-0.1796
4806,4.806,0.0026,-0.0024,-0.0159,0.0001,-0.1305,-0.2383
4807,4.807,-0.0023,0.0069,-0.0106,0.0008,-0.1104,-0.2916
4808,4.808,0.002,-0.0018,-0.0118,0.002,-0.129,-0.2439
4809,4.809,-0.0009,0.0014,-0.0159,-0.0002,-0.3814,-0.6372
4810,4.81,-0.0014,0.0004,-0.0159,-0.0033,-0.3455,-0.9015
4811,4.811,-0.0036,0.0013,-0.0181,0.0006,-0.0497,-0.3728
4812,4.812,0.0003,0.0055,-0.0192,-0.003,0.0699,0.1211
4813,4.813,-0.0012,-0.0014,-0.0185,-0.0026,0.1066,0.1866
4814,4.814,-0.0009,-0.0005,-0.017,-0.0023,0.1397,0.2455
4815,4.815,0.003,-0.003,-0.0218,-0.0033,0.1103,0.2988
4816,4.816,0.0037,0,-0.0232,-0.0028,0.0886,0.2265
4817,4.817,-0.001,-0.0022,-0.0173,-0.0011,0.2783,0.3708
4818,4.818,-0.0005,-0.0001,-0.0256,-0.0001,0.4016,0.9388
4819,4.819,-0.0046,-0.0032,-0.0208,0.0018,0.155,0.5521
4820,4.82,-0.0021,-0.0037,-0.0259,-0.0021,-0.0755,0.0585
4821,4.821,-0.0032,-0.0052,-0.0135,-0.0016,-0.106,-0.2628
4822,4.822,-0.0053,0.0017,0.0102,-0.0012,-0.1335,-0.2061
4823,4.823,0.0005,0.0007,0.0129,0.0031,-0.1094,-0.2597
4824,4.824,-0.0004,-0.0058,0.0153,0.0014,-0.0872,-0.3084
4825,4.825,-0.0056,0.0001,0.023,0.0028,-0.189,-0.2652
4826,4.826,-0.0105,-0.0005,0.025,-0.0002,-0.4299,-0.8608
4827,4.827,-0.0048,0.003,0.0268,0.0001,-0.266,-0.7762
4828,4.828,-0.0085,-0.0039,0.0325,0.0004,0.003,-0.2337
4829,4.829,-0.0007,-0.0031,0.0377,0.002,0.1118,0.1195
4830,4.83,0.0023,-0.0006,0.0323,-0.0024,0.0795,0.1848
4831,4.831,0.0032,-0.0043,0.0335,-0.0007,0.1095,0.2434
4832,4.832,-0.0011,-0.005,0.0319,-0.0023,0.1367,0.2967
4833,4.833,0.0011,-0.0045,0.0304,0.0008,0.1122,0.249
4834,4.834,0.0031,-0.0005,0.038,-0.0021,0.4035,0.6422
4835,4.835,0.0026,-0.002,0.043,-0.0079,0.364,0.9067
4836,4.836,-0.0003,0.0001,0.0513,-0.0054,0.0386,0.3777
4837,4.837,0.0033,-0.0019,0.0543,-0.0017,-0.0931,-0.116
4838,4.838,0.0063,0.0038,0.0427,0.0032,-0.1334,-0.1816
4839,4.839,0.0034,0.0013,0.0196,0.0037,-0.0977,-0.2405
4840,4.84,-0.0008,0.0034,-0.0035,0.0054,-0.1308,-0.2939
4841,4.841,0.0009,0.0027,-0.0064,0.0006,-0.1013,-0.2462
4842,4.842,-0.0017,-0.0003,-0.0037,-0.0011,-0.2911,-0.3774
4843,4.843,-0.0005,-0.008,-0.0061,-0.0029,-0.3651,-0.9732
4844,4.844,-0.0002,-0.0028,0.0005,0.0029,-0.1633,-0.5476
4845,4.845,0.0023,-0.0036,0.0026,0.0022,0.027,-0.0045
4846,4.846,0.0026,-0.0011,0.0009,-0.0028,0.0522,0.208
4847,4.847,0.0023,0.0041,0.0027,-0.0045,0.0748,0.2731
4848,4.848,0.0041,-0.0008,-0.0017,-0.0017,0.0954,0.332
4849,4.849,0.0029,0.0008,0.0054,-0.0022,0.1139,0.2797
4850,4.85,0.0012,-0.0009,0.0019,-0.0011,0.2317,0.2319
4851,4.851,-0.0012,0.0059,0.0031,0.0045,0.4613,0.7999
4852,4.852,0.0032,0.0013,0.0004,-0.0008,0.2315,0.7231
4853,4.853,-0.0009,0.0038,-0.0002,0.0027,0.0222,0.2301
4854,4.854,-0.0004,0.0015,0.0027,0.0069,-0.0598,-0.2191
4855,4.855,0.0008,0.0064,-0.0039,-0.0019,-0.0849,-0.2784
4856,4.856,-0.0031,0.0022,-0.0044,0.0018,-0.1076,-0.2265
4857,4.857,-0.0016,0.0016,-0.0015,0.0028,-0.1282,-0.2751
4858,4.858,-0.002,0.0032,-0.0017,0.0058,-0.1099,-0.2319
4859,4.859,0,-0.0019,-0.0049,0.0085,-0.3625,-0.5893
4860,4.86,0.001,0.0016,-0.0002,-0.0027,-0.3267,-0.9261
4861,4.861,0.0007,0.0011,-0.0038,-0.0043,-0.0965,-0.3578
4862,4.862,0.0003,0.0016,-0.0048,-0.0084,0.1127,0.1856
4863,4.863,-0.0011,-0.002,-0.0031,-0.0047,0.0861,0.2575
4864,4.864,-0.0004,-0.0017,-0.0005,0.0009,0.1109,0.3225
4865,4.865,-0.0016,0.0022,-0.0058,0.004,0.1335,0.2652
4866,4.866,0.0013,-0.0004,-0.0027,-0.0006,0.1132,0.2129
4867,4.867,0.0009,0.0027,-0.0043,0.0002,0.2798,0.3572
4868,4.868,-0.0001,0.0055,-0.0058,0.0009,0.3919,0.9254
4869,4.869,-0.0018,0.003,-0.0057,0.0002,0.1679,0.5389
4870,4.87,-0.0025,0.0062,-0.0022,0.0032,-0.0415,0.0456
4871,4.871,-0.0018,0.0023,-0.0021,-0.002,-0.0693,-0.1477
4872,4.872,-0.0012,-0.0045,-0.0037,-0.0027,-0.1435,-0.2067
4873,4.873,-0.0002,0.0019,0.0008,0.0031,-0.1214,-0.26
4874,4.874,-0.0024,-0.0006,-0.0011,0.0068,-0.1014,-0.3084
4875,4.875,-0.0005,-0.0028,-0.0027,0.0032,-0.194,-0.2649
4876,4.876,-0.0012,-0.0063,-0.0042,0.0038,-0.4129,-0.8603
4877,4.877,0.0015,-0.0021,-0.0062,0.0054,-0.264,-0.7755
4878,4.878,0.0012,0.002,-0.0005,-0.0013,-0.0195,-0.2327
4879,4.879,0.0002,0.0015,0.0008,-0.004,0.0797,0.2613
4880,4.88,0.0003,0.0027,-0.0023,-0.0048,0.1099,0.1988
4881,4.881,0.001,0.0015,-0.0035,-0.0085,0.1372,0.2578
4882,4.882,0.0012,-0.002,-0.0013,-0.0049,0.1129,0.3112
4883,4.883,-0.0011,-0.0024,-0.0024,0.0034,0.1353,0.1678
4884,4.884,-0.0021,0.0005,-0.0016,0.0044,0.3999,0.6486
4885,4.885,0.0016,-0.002,-0.0059,-0.0008,0.292,0.841
4886,4.886,0.0022,-0.003,-0.0013,-0.0016,0.0619,0.4343
4887,4.887,0.0019,-0.002,-0.0026,0.0043,-0.0879,-0.1481
4888,4.888,0.0039,-0.0013,-0.0018,0.0066,-0.1156,-0.2269
4889,4.889,-0.0011,0.0004,0.0016,0.0017,-0.1406,-0.2978
4890,4.89,0.0009,-0.0032,-0.0029,0.0035,-0.1186,-0.2344
4891,4.891,0.0026,0.0003,0.0057,0.0006,-0.0984,-0.1767
4892,4.892,-0.0002,-0.0027,-0.0044,-0.0029,-0.3022,-0.4408
4893,4.893,0.0003,-0.0047,-0.0029,-0.0006,-0.3835,-0.9694
4894,4.894,-0,0.001,-0.0038,0.0023,-0.1616,-0.618
4895,4.895,-0.0029,0.0019,-0.0068,0.0033,0.0477,-0.0409
4896,4.896,0.0029,0.0026,-0.0056,0.001,0.0754,0.1929
4897,4.897,0.0004,0.0019,-0.0063,-0.002,0.1003,0.2644
4898,4.898,0.0026,0.0025,-0.0035,-0.0062,0.1228,0.329
4899,4.899,-0.0009,-0.0028,0.0003,-0.0045,0.1027,0.2717
4900,4.9,-0.004,0.0037,-0.0031,0.0023,0.1953,0.2193
4901,4.901,0.0001,-0.0041,-0.0013,0.0015,0.4142,0.844
4902,4.902,-0.0004,0.0032,-0.0077,-0.001,0.2652,0.7593
4903,4.903,0.0018,0.0005,0.0018,-0.0016,0.0206,0.2168
4904,4.904,0.0039,0.0014,0.0006,-0.0036,-0.0786,-0.1362
4905,4.905,-0.0003,-0.0038,-0.0026,0.0006,-0.1089,-0.2016
4906,4.906,0.0002,-0.0003,-0.0016,0.0011,-0.1363,-0.2604
4907,4.907,0.0017,-0.0045,-0.0044,0.0047,-0.1119,-0.3137
4908,4.908,-0.0013,0.002,-0.0019,0.0036,-0.1345,-0.1699
4909,4.909,-0.001,0.0011,-0.0026,-0.0011,-0.3991,-0.6505
4910,4.91,0.0009,-0.0011,-0.0047,-0.0006,-0.2912,-0.9706
4911,4.911,0.0033,0.0025,-0.009,-0.0011,-0.0611,-0.4473
4912,4.912,-0.0018,0.0008,-0.0074,-0.0026,0.0887,0.0465
4913,4.913,-0.0011,0.0013,-0.0028,-0.0022,0.1163,0.2399
4914,4.914,-0.0005,-0.0034,-0.0034,0.0017,0.1411,0.2989
4915,4.915,0.0012,0.0008,-0.0088,0.0002,0.119,0.3522
4916,4.916,-0.0003,-0.0009,-0.0069,0.0045,0.0988,0.2083
4917,4.917,0.0024,-0.0017,-0.0082,-0.0014,0.2883,0.3916
4918,4.918,0.0012,0.003,-0.0066,0.0015,0.381,0.8723
4919,4.919,0,0.0025,-0.0108,-0,0.1621,0.553
4920,4.92,0.0011,0.0042,-0.0105,-0.0003,-0.0472,0.0286
4921,4.921,-0.0021,0.0006,-0.0076,-0.0023,-0.1291,-0.1838
4922,4.922,-0.0025,-0.0036,-0.0013,0.0012,-0.105,-0.2489
4923,4.923,0.0011,-0.0042,0.0126,-0.0018,-0.1277,-0.3077
4924,4.924,-0.0001,-0.0047,0.043,0.003,-0.1075,-0.2555
4925,4.925,0.0028,-0.0017,0.0385,0.0025,-0.1631,-0.2078
4926,4.926,-0.0008,-0.002,0.0183,-0.0028,-0.4157,-0.8632
4927,4.927,-0.0004,0.0005,-0.0072,-0.0034,-0.2354,-0.7703
4928,4.928,-0.0008,0.0015,-0.0042,-0.0092,-0.0051,-0.1737
4929,4.929,-0.0026,-0.0036,-0.0131,-0.0023,0.0849,0.2148
4930,4.93,-0.0037,0.0042,-0.0106,-0.0014,0.1125,0.2862
4931,4.931,-0.0054,0.0012,-0.0035,-0.0006,0.1373,0.2228
4932,4.932,-0.0084,0.0003,-0.0014,-0.0013,0.1152,0.2814
4933,4.933,-0.0081,0.0011,0.0005,0.0007,0.095,0.2289
4934,4.934,-0.0084,-0.0011,-0.0015,-0.0035,0.3358,0.5652
4935,4.935,-0.0032,0.0038,-0.0034,-0.003,0.3031,0.8711
4936,4.936,-0.001,-0.0045,0.0011,-0.0098,0.0941,0.4341
4937,4.937,0.0025,0.0033,-0.0004,-0.0089,-0.0421,-0.0907
4938,4.938,0.003,-0.0062,-0.0017,-0.0081,-0.0673,-0.1627
4939,4.939,0.0035,-0.0025,0.0015,-0.0012,-0.1348,-0.2277
4940,4.94,-0.0001,0.0031,-0.0017,0.0015,-0.1555,-0.2866
4941,4.941,0.0029,0.0061,-0.0082,0.004,-0.1001,-0.2345
4942,4.942,0.0041,-0.0003,-0.0057,0.0002,-0.2852,-0.3789
4943,4.943,-0.001,-0.0012,-0.002,0.0038,-0.4085,-0.9473
4944,4.944,0.001,-0.0005,-0.0056,0.0032,-0.1618,-0.5609
4945,4.945,0.0015,0.0015,-0.0087,0.0061,0.0686,-0.0677
4946,4.946,0.002,0.0032,-0.007,0.0055,0.0991,0.2534
4947,4.947,0.0004,-0.0044,-0.0035,0.0097,0.1266,0.1963
4948,4.948,0.0034,-0.0034,0.0035,0.0021,0.1514,0.2495
4949,4.949,-0.0005,-0.0007,0.0193,0.0031,0.0844,0.2979
4950,4.95,-0.002,0.0001,0.044,0.0076,0.1862,0.2544
4951,4.951,0.003,-0.0021,0.0473,0.0051,0.4271,0.7703
4952,4.952,0.0023,0.0028,0.0502,0.0028,0.2631,0.7002
4953,4.953,0.0018,-0.0002,0.0366,0.0049,-0.0059,0.2515
4954,4.954,-0.0023,0.0003,0.0144,0.0031,-0.1146,-0.1571
4955,4.955,0.0012,-0.0045,0.0174,-0.0009,-0.1479,-0.2115
4956,4.956,0.0024,0.0024,0.0094,-0.0057,-0.1184,-0.2606
4957,4.957,-0.0015,-0.0003,0.0023,-0.0015,-0.1457,-0.3052
4958,4.958,-0.0063,0.0005,0.0046,-0.001,-0.1212,-0.1871
4959,4.959,-0.0005,-0.0017,-0.0013,-0.0025,-0.3676,-0.5843
4960,4.96,0.0016,0.0004,0.0007,0.0017,-0.3349,-0.9547
4961,4.961,-0.0019,-0.0001,0.0026,-0.0071,-0.0659,-0.4263
4962,4.962,-0.0036,0.0015,0.0013,-0.0109,0.1152,0.067
4963,4.963,0.0016,0.001,0.0029,-0.0053,0.0831,0.2602
4964,4.964,-0.0049,0.0041,-0.0006,-0.0064,0.1132,0.3189
4965,4.965,-0.0023,0.0029,0.0007,-0.0037,0.1407,0.2666
4966,4.966,-0.0001,-0.0022,0.004,-0.0045,0.0671,0.1228
4967,4.967,0.0019,0.0014,-0.0003,-0.0023,0.2688,0.2537
4968,4.968,-0.0012,0.0019,-0.0009,-0.0003,0.4045,0.8491
4969,4.969,0.0029,0.0036,-0.0013,0.0002,0.1826,0.5938
4970,4.97,0.0014,0.0021,0.0011,-0.0003,-0.0266,0.0506
4971,4.971,0.0044,0.0009,0.0031,0.0012,-0.1085,-0.1621
4972,4.972,0.0032,0.0012,-0.0007,0.0042,-0.1334,-0.2274
4973,4.973,0.0068,0.0016,-0.0029,0.0031,-0.1113,-0.2862
4974,4.974,0.0037,-0.0023,0.0005,0.0056,-0.0911,-0.2342
4975,4.975,0.0034,-0.0038,0.0029,0.0088,-0.1837,-0.1866
4976,4.976,0.003,-0.0026,-0.0003,0.0049,-0.4024,-0.842
4977,4.977,0.002,0.0003,0.0011,0.0054,-0.2534,-0.749
4978,4.978,-0.0023,0.0006,-0.0034,0.0024,-0.0087,-0.1524
4979,4.979,-0.0006,-0.0032,0.0025,-0.0015,0.0905,0.2361
4980,4.98,0.0009,-0.0037,0.0034,0.0033,0.1208,0.1672
4981,4.981,-0.0021,0.0005,-0.0041,-0.0009,0.1483,0.2319
4982,4.982,-0.0025,-0.0047,-0.0069,-0.0038,0.1241,0.2903
4983,4.983,0.0026,0.0046,-0.0021,0.002,0.1019,0.2378
4984,4.984,-0.0023,0.001,-0.0026,0.0042,0.3666,0.5742
4985,4.985,0.0035,-0,-0.0046,0.0023,0.3308,0.8802
4986,4.986,-0.0002,0.0073,-0.0037,0.0028,0.1007,0.4433
4987,4.987,0.0034,0.0064,-0.0065,0.0045,-0.049,-0.0812
4988,4.988,0.0029,0.0006,-0.0022,0.0041,-0.0766,-0.1527
4989,4.989,0.0025,-0.0031,0.0016,0.0011,-0.1506,-0.2174
4990,4.99,0.003,-0.0011,0.0006,-0.0001,-0.1285,-0.276
4991,4.991,-0.003,-0.0027,0.0005,0.001,-0.1084,-0.2236
4992,4.992,-0.0004,0.0002,-0.0018,0.0007,-0.275,-0.3679
4993,4.993,-0.0041,0.0017,-0.0069,-0.0017,-0.3871,-0.9359
4994,4.994,-0.0005,0.0021,-0.006,-0.0015,-0.2037,-0.5491
4995,4.995,0,-0.0017,-0.0023,-0.0013,0.0681,-0.0555
4996,4.996,-0.0016,-0.0065,-0.0038,-0,0.1048,0.2659
4997,4.997,0.0052,-0.0034,-0.0008,-0.0032,0.1381,0.2091
4998,4.998,-0.0012,0.0043,-0.0032,-0.002,0.1086,0.2628
4999,4.999,-0.002,0.0012,0,-0.0032,0.0818,0.3115
5000,5,-0.0027,-0.0015,-0.0046,-0.0013,0.1555,0.2684
5001,5.001,0.001,0.0028,-0.0002,-0.0036,0.4022,0.7847
5002,5.002,-0.002,0.0035,-0.0076,-0.0013,0.2382,0.7152
5003,5.003,0.0009,0.0015,-0.0023,0.0018,0.029,0.2669
5004,5.004,-0.0026,0.001,-0.0013,-0.0038,-0.1072,-0.1411
5005,5.005,-0.0022,0.0005,-0.0021,-0.0045,-0.1322,-0.1949
5006,5.006,-0.0018,0.0031,0.0017,0.002,-0.1549,-0.2434
5007,5.007,0.0001,0.0009,-0.0032,0.0045,-0.1349,-0.2873
5008,5.008,0.0012,0.0013,-0.0037,0.0008,-0.1166,-0.2477
5009,5.009,0.0022,-0.0022,-0.0089,-0.0012,-0.3691,-0.5723
5010,5.01,-0.002,0.0008,-0.004,-0.0007,-0.3334,-0.878
5011,5.011,-0.0014,0.0005,-0.0009,0.0009,-0.1033,-0.4408
5012,5.012,0.0015,-0.0013,-0.0038,0.0014,0.106,0.0843
5013,5.013,-0,0.0004,-0.0053,0.0036,0.0795,0.1565
5014,5.014,-0.0012,-0.0013,-0.0031,-0.0003,0.1534,0.2218
5015,5.015,0.0027,-0.0032,-0.001,0.0012,0.1312,0.2809
5016,5.016,-0.0008,-0.003,-0.0036,-0.001,0.111,0.2289
5017,5.017,0.0004,0.0007,-0.0012,-0.0022,0.2775,0.3735
5018,5.018,0.0025,0.0002,-0.0007,-0.0013,0.3934,0.9113
5019,5.019,0.0028,-0.0023,-0.0057,-0.0024,0.1915,0.6063
5020,5.02,0.0003,-0.0001,-0.0022,-0.0014,-0.0534,0.0893
5021,5.021,-0.0042,-0.0021,-0.0038,-0.0065,-0.087,-0.2635
5022,5.022,-0.0011,-0.0018,-0.0067,-0.003,-0.1173,-0.2004
5023,5.023,-0.0006,-0.0042,0.0011,-0.0047,-0.1448,-0.2587
5024,5.024,-0.0011,0.0009,0.0182,0.0017,-0.1207,-0.3117
5025,5.025,-0.0014,0.0015,0.0506,-0.0009,-0.188,-0.2635
5026,5.026,-0.0002,-0.0027,0.055,0.0028,-0.4121,-0.8311
5027,5.027,0.0008,-0.0045,0.0351,-0.0021,-0.2633,-0.754
5028,5.028,0.0018,0.0013,0.017,-0.0064,-0.0189,-0.2607
5029,5.029,-0.002,-0.001,0.0006,-0.0081,0.0802,0.1889
5030,5.03,0.0011,-0.003,0.0036,-0.0013,0.1102,0.2486
5031,5.031,-0.001,-0.0025,0.0009,-0.0022,0.1374,0.3022
5032,5.032,0.0009,-0.0042,-0.0063,-0.01,0.113,0.255
5033,5.033,0.0026,-0.0007,-0.004,-0.0091,0.0906,0.2119
5034,5.034,-0.0025,0.0023,0.0021,-0.0064,0.3957,0.5695
5035,5.035,0.0024,0.0019,0.0041,-0.0005,0.352,0.8102
5036,5.036,-0.0007,0,0.0025,0.0001,0.0737,0.3297
5037,5.037,-0.0036,-0.0003,0.0041,0.0007,-0.1076,-0.1194
5038,5.038,-0.0051,-0.0041,0.0112,0.0024,-0.0756,-0.1789
5039,5.039,-0.0009,-0.0072,0.0025,0.0064,-0.1059,-0.2324
5040,5.04,0.0008,-0.0033,0.0058,0.0028,-0.1334,-0.281
5041,5.041,0.0012,0.0002,0.003,0.007,-0.1092,-0.2378
5042,5.042,-0.001,0.0032,0.0058,0.004,-0.2663,-0.3568
5043,5.043,-0.0007,-0.0016,0.0085,0.0025,-0.4089,-0.898
5044,5.044,0.0003,0,0.0017,0.0028,-0.1682,-0.5114
5045,5.045,0.0035,0.0064,0.0065,0.0007,0.062,-0.0178
5046,5.046,-0.003,0.0038,0.0058,0.0064,0.0924,0.1758
5047,5.047,-0.0038,0.0031,0.0038,0.0072,0.1197,0.235
5048,5.048,-0.0047,-0.0005,0.006,0.0002,0.1444,0.2883
5049,5.049,-0.0132,0.0011,0.0005,0.0048,0.0772,0.337
5050,5.05,-0.0077,-0.0018,0.0029,0.0005,0.1788,0.2064
5051,5.051,-0.0047,0.0017,0.0038,0.0027,0.3824,0.8019
5052,5.052,-0.0039,-0.0026,-0.0029,0.0047,0.2468,0.7171
5053,5.053,-0.003,0.0003,-0.0035,0.0016,-0.0249,0.1745
5054,5.054,0.0022,0.0017,-0.0007,0.0033,-0.0618,-0.1787
5055,5.055,0.0014,0.002,-0.0012,-0.0015,-0.0953,-0.2441
5056,5.056,0.0056,-0.0009,0.004,-0.0046,-0.1255,-0.303
5057,5.057,0.0051,-0.0035,0.0026,-0.0017,-0.0988,-0.251
5058,5.058,0.0056,-0.0011,0.0033,0.004,-0.0744,-0.2035
5059,5.059,0.0025,-0.0022,0.0021,0.0018,-0.3659,-0.5969
5060,5.06,0.0045,0.0003,0.0054,-0.0003,-0.3266,-0.9672
5061,5.061,0.0026,0.002,-0.0007,0.0039,-0.0739,-0.4386
5062,5.062,0.0043,0.0023,-0.0013,0.001,0.0909,0.0549
5063,5.063,0.0032,-0.0008,0.0068,0.0015,0.1212,0.2481
5064,5.064,0.0039,0.0012,0.006,-0.0035,0.1485,0.3068
5065,5.065,0.0032,0.0037,0.0036,-0.0015,0.1242,0.2544
5066,5.066,0.0059,-0.0016,0.0048,0.0002,0.102,0.2067
5067,5.067,0.0013,0.0054,0.0014,0.0031,0.2853,0.3376
5068,5.068,0.0007,-0.0011,-0.0019,0.0056,0.4086,0.9331
5069,5.069,-0.001,0.0014,0.0001,0.0053,0.1619,0.6779
5070,5.07,-0.0026,0.0084,-0.0013,0.0041,-0.0686,0.1348
5071,5.071,0.0005,0.0038,0.0038,0.0016,-0.0991,-0.2185
5072,5.072,-0.0024,-0.004,0.0036,0.0026,-0.1266,-0.1561
5073,5.073,0.0001,-0.0009,0.0056,-0.0024,-0.1515,-0.3312
5074,5.074,0.0004,0.0055,0.0023,-0.006,-0.1293,-0.2791
5075,5.075,0.0048,-0.0004,0.0057,-0.0043,-0.1903,-0.2316
5076,5.076,0.0019,0.0018,0.0048,-0.0048,-0.4311,-0.7998
5077,5.077,0.0034,-0.0018,0.004,-0.0043,-0.2671,-0.7232
5078,5.078,-0.0035,-0.0023,-0.0004,-0.0064,0.002,-0.2304
5079,5.079,0.0017,-0.0039,0.004,-0.0035,0.1108,0.2189
5080,5.08,0.0008,0.0018,0.0058,-0.006,0.0785,0.1621
5081,5.081,-0,-0.0004,0.0012,-0.0021,0.1087,0.3209
5082,5.082,-0.0007,-0.001,0.0045,0.0005,0.1361,0.2733
5083,5.083,0.0013,-0.0015,-0.003,0.0017,0.1117,0.2299
5084,5.084,-0.0017,0.0014,0.0002,0.0006,0.3583,0.587
5085,5.085,-0.0012,-0.0021,0.0012,0.0025,0.3258,0.9234
5086,5.086,-0.0037,0.004,0.0021,0.0036,0.1169,0.4425
5087,5.087,0.0032,0.0083,0,0.0007,-0.0734,-0.1349
5088,5.088,0.0002,0.0031,0.0008,0.0011,-0.0985,-0.2139
5089,5.089,-0.0044,0.0024,-0.0021,0.0035,-0.121,-0.2851
5090,5.09,0.0015,0.0008,-0.0015,0.0053,-0.1415,-0.3499
5091,5.091,0.0009,-0.002,-0.003,0.0011,-0.0861,-0.2926
5092,5.092,-0.0027,0.0005,-0.0026,-0.0031,-0.2711,-0.3458
5093,5.093,0.0004,0.0028,0.0014,0.001,-0.3942,-0.9707
5094,5.094,-0.0001,0.0017,0.003,-0.0025,-0.1923,-0.7159
5095,5.095,-0.0026,0.0036,-0.0012,-0.0046,0.0525,-0.0182
5096,5.096,0.0025,0.0004,0.0029,-0.0034,0.0862,0.2642
5097,5.097,0.0004,-0.0024,-0.0007,-0.0024,0.1165,0.1802
5098,5.098,-0,-0.0042,0.0044,0.0016,0.144,0.2581
5099,5.099,0.004,-0.0003,0.0024,0.0001,0.1198,0.3286
5100,5.1,0.0005,-0.0007,-0.0018,-0.0041,0.1871,0.2648
5101,5.101,-0.0006,0.0044,0.0011,0.0035,0.4112,0.7878
5102,5.102,0.0033,-0.0005,0.0015,0.0046,0.2624,0.7179
5103,5.103,-0.0014,-0.0035,-0.0015,0,0.018,0.2692
5104,5.104,0.0029,0.0018,-0.0012,0.0026,-0.0811,-0.1394
5105,5.105,0,-0.0031,-0.0022,0.0019,-0.1111,-0.1937
5106,5.106,-0.0035,-0.0014,-0.0055,0.0069,-0.1383,-0.2427
5107,5.107,-0.0031,-0.0008,-0.0026,0.0064,-0.1138,-0.287
5108,5.108,0.0008,-0.0033,-0.0023,0.0081,-0.0914,-0.1686
5109,5.109,0.0044,0.0009,-0,0.0045,-0.3557,-0.5655
5110,5.11,-0.0006,-0.0019,-0.0004,0.0023,-0.3197,-0.9354
5111,5.111,-0.0055,-0.0034,-0.0023,-0.0041,-0.0894,-0.4067
5112,5.112,-0.0025,-0.0012,-0.0007,-0.0087,0.0606,0.087
5113,5.113,-0.0007,0.0001,-0.0039,-0.0095,0.0884,0.2805
5114,5.114,-0.0012,-0.0018,-0.006,-0.0102,0.1134,0.2234
5115,5.115,0.003,-0.0001,-0.007,-0.0009,0.1362,0.2769
5116,5.116,0.0059,-0.0051,-0.0054,-0.0072,0.0756,0.2293
5117,5.117,0.0012,-0.0015,-0.0071,-0.0016,0.2795,0.3604
5118,5.118,0.0017,-0.001,-0.003,-0.0006,0.4153,0.8767
5119,5.119,-0.002,-0.004,0.0026,0.0027,0.1778,0.6167
5120,5.12,0.0009,-0.0023,-0.0017,0.0018,-0.0446,0.1233
5121,5.121,-0.0038,0.0035,-0.0012,0.006,-0.0749,-0.1981
5122,5.122,-0.0008,0.0028,0.0013,0.0053,-0.1564,-0.2575
5123,5.123,-0.0003,-0.0036,0.0055,0.0073,-0.132,-0.311
5124,5.124,-0.0018,-0.0011,0.0143,0.0078,-0.1098,-0.2636
5125,5.125,0.0024,0.0011,0.0332,0.0014,-0.1707,-0.2202
5126,5.126,0.003,-0.0009,0.0523,-0.0012,-0.4114,-0.8158
5127,5.127,0.0055,0.0033,0.045,-0.0019,-0.2473,-0.9014
5128,5.128,-0.0014,0.0074,0.0203,-0.0083,-0.038,-0.2041
5129,5.129,-0.0004,0.0017,-0.0027,-0.0143,0.0985,0.2657
5130,5.13,-0.005,-0.0006,0.0002,-0.0091,0.0746,0.182
5131,5.131,-0.0025,-0.0026,0.003,-0.0084,0.1422,0.2599
5132,5.132,0.0012,-0.0031,0.0054,-0.0154,0.1222,0.3307
5133,5.133,-0.0037,-0.0015,0.0032,-0.0181,0.104,0.2669
5134,5.134,-0.0032,0.0053,0.0053,-0.0139,0.3566,0.5575
5135,5.135,-0.0015,-0.0012,0.0109,-0.0024,0.3209,0.9274
5136,5.136,0.0021,-0.0037,0.0093,-0.0008,0.0909,0.3987
5137,5.137,0.0009,-0.009,0.0048,0.0038,-0.0588,-0.095
5138,5.138,0.0005,-0.0055,0.0035,0.0024,-0.0864,-0.1606
5139,5.139,0.0015,-0.005,0.0048,0.0112,-0.1112,-0.2196
5140,5.14,-0.0002,-0.0009,0.0081,0.0101,-0.1785,-0.2731
5141,5.141,0.0008,-0.0067,0.0072,0.0071,-0.1177,-0.2257
5142,5.142,-0.0011,0.0032,0.0065,0.0116,-0.2843,-0.357
5143,5.143,-0.0023,0.0018,0.0041,0.0056,-0.3964,-0.9527
5144,5.144,-0.0001,0.003,0.0064,0.0019,-0.1724,-0.6977
5145,5.145,-0.0015,-0.0003,0.0115,0.0011,0.0369,-0.1548
5146,5.146,0.0013,0.0007,0.0033,0.0006,0.1189,0.1986
5147,5.147,-0.0029,0.0015,0.0024,0,0.1438,0.2639
5148,5.148,-0.007,0.0023,0.0035,0.0057,0.1218,0.3226
5149,5.149,-0.0075,0.0016,0.0044,0.0005,0.1018,0.2704
5150,5.15,-0.0063,-0.0005,0.007,0.0054,0.1573,0.2227
5151,5.151,-0.0052,0.0052,0.0049,-0.0004,0.4098,0.7907
5152,5.152,0.0005,0.003,0.0029,0.0033,0.3019,0.8685
5153,5.153,0.0014,0.0023,-0,0.0012,0.006,0.2348
5154,5.154,-0.0024,0.0065,0.0065,0.0017,-0.1137,-0.1924
5155,5.155,0.0025,0.0023,0.0024,0.0022,-0.1503,-0.271
5156,5.156,0.002,0.0008,0.0047,0.0017,-0.1178,-0.2016
5157,5.157,0.0072,-0.0043,0.0028,0.002,-0.1479,-0.3941
5158,5.158,0.0036,-0.0008,-0.0002,0.0017,-0.121,-0.3365
5159,5.159,0.0041,-0.0026,-0.0006,0.0027,-0.3428,-0.6007
5160,5.16,0.0081,0.0003,0.0063,0.0003,-0.3728,-0.9374
5161,5.161,0.0045,0.0007,0.0037,-0.0007,-0.0744,-0.4568
5162,5.162,0.0023,0.0011,0.0012,-0.0045,0.1248,0.1203
5163,5.163,-0.0016,-0.0019,-0.0056,0.0033,0.0893,0.1992
5164,5.164,0.0009,-0.0037,0.003,0.0001,0.1224,0.2704
5165,5.165,-0.0022,0.0001,-0.0002,-0.0051,0.1524,0.3349
5166,5.166,-0.001,0.0006,-0.0011,-0.0043,0.0713,0.2774
5167,5.167,0.0015,-0.0055,-0.0002,-0.0051,0.2931,0.3304
5168,5.168,-0.0017,0.0022,-0.0009,0.0001,0.3826,0.9552
5169,5.169,0.0011,-0.0009,-0.0001,-0.0019,0.1928,0.7002
5170,5.17,-0.0008,-0.0017,0.0006,-0.0002,-0.0298,0.1572
5171,5.171,-0.0005,0.0008,-0.0023,0.0015,-0.1199,-0.196
5172,5.172,0.0032,-0.0014,-0.0028,-0.001,-0.0933,-0.2612
5173,5.173,-0.0011,-0.0035,-0.0032,0.0001,-0.1183,-0.3199
5174,5.174,-0.004,-0.003,-0.0028,0.0013,-0.0963,-0.2677
5175,5.175,-0.0014,-0.0025,-0.0039,0.001,-0.1573,-0.22
5176,5.176,-0.0018,-0.001,-0.0028,0.002,-0.3983,-0.788
5177,5.177,0.0011,-0.0007,-0.0017,0.001,-0.3,-0.8657
5178,5.178,0.0021,0.0058,-0.0034,0.0017,-0.031,-0.232
5179,5.179,-0.0003,0.0066,-0.0027,0.0019,0.0778,0.1953
5180,5.18,0.0027,0.0058,-0.0045,0.0012,0.111,0.2742
5181,5.181,0.0008,0.0036,-0.0044,0.0018,0.141,0.3451
5182,5.182,0.0005,0.0056,-0.0025,-0.0013,0.1141,0.2818
5183,5.183,0.0015,-0.0002,-0.0043,-0.0024,0.0897,0.2242
5184,5.184,-0.0027,0.0005,-0.0047,0.0001,0.3809,0.4884
5185,5.185,0.0015,-0.0002,-0.0077,-0.003,0.3415,0.9211
5186,5.186,-0.0014,0.0041,-0.007,-0.001,0.0886,0.3979
5187,5.187,0.0054,0.0012,-0.0048,0.0016,-0.0763,-0.0958
5188,5.188,0.0046,-0.0003,-0.0001,0,-0.1067,-0.1613
5189,5.189,0.002,-0.0034,-0.0052,0.0052,-0.1342,-0.2203
5190,5.19,0.0014,0.0031,-0.005,0.0072,-0.11,-0.2736
5191,5.191,-0.0006,0.0023,-0.0117,0.0003,-0.0879,-0.2261
5192,5.192,-0.0011,0.0031,-0.006,0.0031,-0.2712,-0.3572
5193,5.193,-0.0006,-0.0021,-0.0011,0.004,-0.3945,-0.9528
5194,5.194,0.0009,-0.0014,0.0093,0.0003,-0.1928,-0.6977
5195,5.195,-0.0021,-0.0031,0.032,0.001,0.0518,-0.1547
5196,5.196,-0.0033,-0.0035,0.0285,0.0041,0.0853,0.1983
5197,5.197,-0.0007,0,0.043,-0.0035,0.1156,0.2635
5198,5.198,-0.0017,-0.0021,0.0399,-0.0045,0.143,0.3223
5199,5.199,-0.0014,-0.0001,0.0223,-0.0036,0.1187,0.2702
5200,5.2,-0.0044,0.0018,0.0108,-0.0095,0.1411,0.2225
5201,5.201,-0.0005,-0.002,-0.0038,-0.0088,0.3649,0.7031
5202,5.202,-0.001,0.0027,0.0014,-0.001,0.2757,0.7675
5203,5.203,-0.0032,0.0045,-0.0006,-0.002,0.0312,0.2437
5204,5.204,0.0016,0.004,-0.0086,-0.0047,-0.0681,-0.1095
5205,5.205,0.0021,-0.0007,-0.0077,-0.0022,-0.0985,-0.1749
5206,5.206,0.0004,-0.0037,-0.0069,0.0001,-0.1259,-0.2338
5207,5.207,0.003,-0.002,-0.0062,0.0007,-0.1507,-0.2872
5208,5.208,-0,0.0016,-0.0036,0.0038,-0.0837,-0.2397
5209,5.209,0.0047,0.0005,-0.0031,-0.0027,-0.3484,-0.5455
5210,5.21,-0.001,-0.0007,-0.006,-0.0018,-0.3846,-0.9031
5211,5.211,0.0042,-0.0003,-0.0042,-0.0025,-0.089,-0.4705
5212,5.212,0.0007,-0.0026,-0.0066,-0.0045,0.1102,0.0541
5213,5.213,-0.0023,0.0011,-0.0086,-0.004,0.0748,0.2667
5214,5.214,-0.0018,0.0008,-0.0107,0.0047,0.1079,0.2036
5215,5.215,0.0039,-0.0047,-0.0085,0.0035,0.1379,0.2624
5216,5.216,0.0017,0.0038,-0.011,0.0025,0.0568,0.2102
5217,5.217,0.0011,0.0028,-0.011,0.0077,0.2785,0.3545
5218,5.218,0.0028,-0.0002,-0.0155,0.005,0.4276,0.9225
5219,5.219,0.0045,0.0007,-0.013,0.0008,0.1835,0.6907
5220,5.22,0.0014,0.0003,-0.0119,-0.0009,-0.033,0.0961
5221,5.221,0.0062,-0.0005,-0.0127,0.0012,-0.0666,-0.2571
5222,5.222,0.0031,0.0002,-0.0087,0.0033,-0.0968,-0.1944
5223,5.223,0.0002,0.0009,-0.0166,0.0037,-0.1243,-0.2533
5224,5.224,-0.0045,-0.0007,-0.0137,0.0008,-0.1,-0.3066
5225,5.225,-0.0014,-0.0012,0.0001,-0.0007,-0.1673,-0.2591
5226,5.226,-0.0031,-0.0007,0.0183,-0.0011,-0.4321,-0.7397
5227,5.227,-0.0036,0.0005,0.0158,-0.0014,-0.252,-0.8041
5228,5.228,-0.004,-0.0024,0.0312,-0.0011,-0.0218,-0.2804
5229,5.229,-0.0036,-0.0066,0.029,-0.0021,0.0682,0.2135
5230,5.23,-0.0094,-0.0013,0.0271,-0.0039,0.0957,0.1509
5231,5.231,-0.0102,-0.002,0.032,0.0003,0.1205,0.3259
5232,5.232,-0.0065,-0.0025,0.0396,-0.0027,0.143,0.2736
5233,5.233,-0.0085,0.0004,0.0355,-0.0056,0.0821,0.2258
5234,5.234,0.001,0.003,0.0518,-0.0124,0.3599,0.5315
5235,5.235,-0.0004,0.0008,0.0496,-0.0098,0.3204,0.889
5236,5.236,0.0034,0.0028,0.0516,-0.0056,0.1396,0.4565
5237,5.237,0.0002,-0.003,0.0237,-0.0019,-0.0909,-0.0682
5238,5.238,0.0012,-0.0038,0.0038,0.003,-0.1213,-0.2807
5239,5.239,-0.0015,-0.0001,-0.0069,0.0025,-0.1488,-0.2178
5240,5.24,-0.0007,-0.0022,-0.0036,0.002,-0.1246,-0.2766
5241,5.241,0,0.0047,-0.0064,0.0045,-0.1024,-0.33
5242,5.242,-0.0007,0.0039,0.0018,0.0056,-0.2448,-0.3784
5243,5.243,0.0036,-0.0004,0.0043,0.0036,-0.4116,-0.9466
5244,5.244,0.0041,0.0018,0.0067,0.0026,-0.2099,-0.5602
5245,5.245,0.0026,0.0024,0.0089,-0.0014,-0.0196,-0.0671
5246,5.246,0.0003,0.0007,0.011,0.0001,0.0548,0.2542
5247,5.247,0.0024,-0.0057,0.0061,-0.0002,0.1223,0.1972
5248,5.248,0.0034,-0.0049,0.0079,-0.0014,0.1429,0.2505
5249,5.249,0.003,-0.0027,0.0041,-0.0024,0.1247,0.2991
5250,5.25,0.0027,-0.0048,0.0055,-0.007,0.1752,0.2557
5251,5.251,-0.0004,-0.0105,0.0048,0.0013,0.4048,0.7717
5252,5.252,0.0035,-0.0053,0.004,0.0023,0.3065,0.8422
5253,5.253,0.004,-0.0018,0.0051,0.0033,0.0375,0.2659
5254,5.254,-0.0029,-0.0001,0.0045,0.006,-0.0714,-0.1227
5255,5.255,0.0002,0.0027,0.0011,0.0035,-0.1047,-0.1945
5256,5.256,0.001,-0.0008,-0.0006,0.0057,-0.1348,-0.2594
5257,5.257,0.0035,-0.0039,-0.002,0.0036,-0.108,-0.3182
5258,5.258,-0.0002,0.0025,0.0013,0.0067,-0.0836,-0.266
5259,5.259,0.0019,-0.0021,0.0001,0.0026,-0.33,-0.5066
5260,5.26,0.0036,-0.0013,0.0001,0.0001,-0.363,-0.9002
5261,5.261,-0.0029,0.0039,-0.0007,0.0071,-0.0942,-0.5306
5262,5.262,0.0014,0.0003,-0.0045,0.0019,0.087,0.0953
5263,5.263,0.0051,0.002,0.0011,-0.0008,0.1205,0.1818
5264,5.264,-0.0014,0.0049,-0.0005,0,0.1506,0.26
5265,5.265,-0.0005,0.0023,-0.0018,-0.0006,0.1238,0.3308
5266,5.266,0.0002,0.0026,-0.0008,0.0014,0.0995,0.2672
5267,5.267,0.0022,0.0038,-0.0039,-0.0016,0.2564,0.3252
5268,5.268,-0.0036,0.0019,0.0007,0.0002,0.3989,0.9064
5269,5.269,0.0001,0.0022,-0.0005,0.0037,0.1952,0.6746
5270,5.27,-0.0019,0.0032,0.0057,0.0016,-0.0493,0.0404
5271,5.271,0.0011,0.0018,-0.0008,-0.0032,-0.0828,-0.2165
5272,5.272,0.0006,0.0006,0.0043,0.0026,-0.1129,-0.2951
5273,5.273,-0.0029,-0.0011,0.0039,0.002,-0.1402,-0.2256
5274,5.274,-0.0017,0.0013,-0.0009,0.0013,-0.1158,-0.2901
5275,5.275,-0.0006,0.0009,-0.0024,-0.0004,-0.1382,-0.2323
5276,5.276,-0.0048,0.0028,-0.0003,-0.0044,-0.4028,-0.8135
5277,5.277,-0.0007,0.0011,-0.0015,-0.0049,-0.2948,-0.8912
5278,5.278,-0.0033,0.0032,-0.0045,-0.0046,-0.0645,-0.2575
5279,5.279,-0.003,-0.001,0.0028,0.0002,0.0853,0.1699
5280,5.28,-0.0033,-0.0027,0.0002,-0.0003,0.113,0.2488
5281,5.281,0.0025,0.0014,0.0014,0.0026,0.1378,0.3198
5282,5.282,-0.0053,0.0029,0.0026,0.0011,0.1158,0.2565
5283,5.283,0.002,0.0007,0.0051,-0.0001,0.0957,0.1989
5284,5.284,-0.0026,0.0019,0.0033,-0.004,0.3736,0.4633
5285,5.285,-0.0017,0.0015,0.0019,-0.0034,0.3342,0.8961
5286,5.286,0.002,-0.0001,0.0038,-0.0004,0.0815,0.4895
5287,5.287,0.0027,0.0002,0.0034,0,-0.0833,0.0127
5288,5.288,-0.0015,-0.0028,0.0023,0.0043,-0.1137,-0.1806
5289,5.289,-0.0031,0.0011,-0.0041,0.0003,-0.1411,-0.2394
5290,5.29,-0.0016,0.0036,-0.0014,0.0008,-0.1168,-0.2924
5291,5.291,0.0026,0.0067,0.0045,-0.0034,-0.0945,-0.2445
5292,5.292,-0.0002,0.0003,0.0051,-0.0029,-0.2368,-0.2881
5293,5.293,0.0033,-0.0024,0,0.0007,-0.4035,-0.8834
5294,5.294,0.0045,-0.0015,0.0016,-0.0005,-0.2017,-0.6281
5295,5.295,0.0066,-0.0008,-0.0003,-0.0025,0.043,-0.0849
5296,5.296,0.0008,-0.0014,0.002,-0.005,0.0766,0.2686
5297,5.297,0.0017,-0.0056,-0.0052,-0.0067,0.1069,0.2062
5298,5.298,0.0039,-0.0039,-0.0003,-0.0104,0.1343,0.2653
5299,5.299,-0.0039,0.0019,-0.0033,-0.0035,0.1101,0.319
5300,5.3,-0.0008,0.0026,-0.0046,0.0018,0.1326,0.1755
5301,5.301,-0.0017,-0.0023,-0.0044,0.0045,0.3974,0.7439
5302,5.302,0.0009,-0.0028,-0.0028,-0.005,0.2894,0.822
5303,5.303,-0.0013,-0.008,-0.0075,0.0038,0.0592,0.3297
5304,5.304,0.0007,0.0014,-0.0121,0.0006,-0.0906,-0.1192
5305,5.305,-0.001,0.0002,-0.0078,0.0079,-0.1181,-0.1784
5306,5.306,0.0007,0.0013,-0.0089,0.0015,-0.1429,-0.2316
5307,5.307,-0.0019,0.0003,-0.0089,0.0006,-0.1209,-0.2798
5308,5.308,-0.0007,0.0012,-0.0048,-0.0016,-0.1007,-0.2361
5309,5.309,0.0005,0.0021,-0.0096,-0.0022,-0.3415,-0.5138
5310,5.31,0.0024,-0.0001,-0.0108,-0.0053,-0.3745,-0.9106
5311,5.311,0.0013,0.0006,-0.014,-0.0012,-0.1057,-0.4345
5312,5.312,-0.0038,0.0012,-0.0134,-0.0017,0.0753,0.015
5313,5.313,0.0027,0.0029,-0.0094,0.0043,0.1087,0.1912
5314,5.314,0.0018,-0.0006,-0.0184,-0.0016,0.1389,0.2452
5315,5.315,0.0055,-0.0003,-0.0159,-0.0023,0.1121,0.2943
5316,5.316,-0.0023,-0.0058,-0.0196,-0.003,0.0877,0.2515
5317,5.317,0.0008,0.0012,-0.0158,-0.0013,0.2445,0.2916
5318,5.318,0.0035,0.0039,-0.0174,0.0015,0.3868,0.8332
5319,5.319,0.0009,0.0014,-0.0175,0.0062,0.183,0.6017
5320,5.32,-0.0013,0.0021,-0.0203,-0.0007,-0.0074,0.1088
5321,5.321,-0.0011,-0.0013,-0.023,0.0038,-0.0937,-0.2016
5322,5.322,-0.0032,0.0007,-0.0207,0.0047,-0.1187,-0.2664
5323,5.323,0.001,-0.001,-0.0255,0.0072,-0.0967,-0.3249
5324,5.324,-0.003,0.0043,-0.0248,0.0078,-0.1173,-0.2724
5325,5.325,0.0017,-0.0006,-0.0224,0,-0.136,-0.2244
5326,5.326,-0,0.0024,-0.0168,0.0073,-0.3885,-0.7048
5327,5.327,0.0005,0.0008,-0.0034,0.0008,-0.2806,-0.8969
5328,5.328,-0.0011,-0.0028,0.006,0.0016,-0.0504,-0.2568
5329,5.329,-0.0041,-0.0031,0.0183,0.0023,0.0993,0.1706
5330,5.33,-0.007,0.0024,0.0193,-0.0042,0.1269,0.2496
5331,5.331,-0.0096,-0.0013,0.0111,-0.0017,0.1026,0.3208
5332,5.332,-0.0057,0.0007,0.0173,0.0005,0.1251,0.2576
5333,5.333,-0.0042,-0.0023,0.0204,-0.0031,0.1049,0.1999
5334,5.334,-0.003,0.0005,0.0254,-0.0089,0.3456,0.4642
5335,5.335,0.0009,0.001,0.0259,-0.0083,0.3785,0.897
5336,5.336,0.0024,-0.002,0.0207,-0.0076,0.1097,0.4904
5337,5.337,0.0012,-0.0024,0.0261,-0.0019,-0.0714,-0.0922
5338,5.338,-0.0017,0.0002,0.0341,0.0003,-0.1049,-0.3258
5339,5.339,0.0041,-0.0016,0.0346,0.0038,-0.1351,-0.2566
5340,5.34,0.0049,-0.0046,0.0331,0.0033,-0.1625,-0.3212
5341,5.341,0.0027,-0.0082,0.0373,0.0038,-0.089,-0.2636
5342,5.342,0.0007,-0.0113,0.0343,0.0002,-0.2459,-0.3166
5343,5.343,0.0012,-0.0093,0.0392,0.0013,-0.4292,-0.8454
5344,5.344,0.0007,-0.0035,0.0325,0.001,-0.2074,-0.6351
5345,5.345,0.0001,-0.0027,0.04,-0.0033,0.0019,-0.0585
5346,5.346,0.0023,-0.0006,0.047,-0.0004,0.0838,0.1751
5347,5.347,0.0035,0.0014,0.0532,0.0001,0.1088,0.2463
5348,5.348,0.0016,0.0019,0.0539,-0.0011,0.1314,0.3107
5349,5.349,-0.0001,0.0002,0.0422,-0.0008,0.1113,0.2529
5350,5.35,0.0023,0.0037,0.0167,-0.0018,0.1669,0.2001
5351,5.351,-0.0002,0.0015,-0.0015,0.0014,0.4194,0.7284
5352,5.352,0.0043,0.0054,-0.0047,0.0026,0.3115,0.7987
5353,5.353,-0.0026,-0.0014,-0.0135,-0.0031,0.0156,0.3501
5354,5.354,0.0019,0.0031,0.0002,-0.0023,-0.104,-0.1749
5355,5.355,0.0027,0.0005,-0.0021,-0.0016,-0.0684,-0.247
5356,5.356,0.0005,0.0027,0.0002,0.0004,-0.1015,-0.3121
5357,5.357,0.0026,-0.0022,0.0024,-0.0038,-0.1315,-0.255
5358,5.358,-0.0005,-0.0006,0.0044,0.0002,-0.1044,-0.203
5359,5.359,-0.001,0.0011,-0.0039,-0.0013,-0.3262,-0.5398
5360,5.36,-0.0025,0.0078,0.0009,-0.001,-0.356,-0.9337
5361,5.361,-0.0029,0.0014,0.0026,0.001,-0.1117,-0.4586
5362,5.362,-0.0025,0.0073,0.0017,0.0014,0.0533,0.118
5363,5.363,-0,0.0003,-0.0012,0.0017,0.0838,0.1964
5364,5.364,-0.0017,-0.0006,0.0044,0.0047,0.1114,0.2671
5365,5.365,0.002,-0.0031,0.0002,0.0012,0.1363,0.3312
5366,5.366,0.0009,0.0006,0.0015,0.0023,0.1143,0.2732
5367,5.367,0.0005,0.0026,-0.0018,-0.0041,0.2567,0.3258
5368,5.368,-0.0005,0.0043,-0.0006,0.0005,0.4236,0.8541
5369,5.369,-0.0002,-0.0034,-0.0044,-0.0021,0.222,0.6432
5370,5.37,0.0015,0.0039,-0.001,-0.0014,-0.0226,0.0663
5371,5.371,0.0014,0.003,-0.0052,0.0021,-0.1216,-0.1677
5372,5.372,0.0021,0.0004,-0.0041,-0.0021,-0.0921,-0.2395
5373,5.373,0.0038,0.0011,-0.003,0.0055,-0.1194,-0.3044
5374,5.374,0.0017,-0.0025,-0.0029,0.0045,-0.0949,-0.2473
5375,5.375,0,0.0005,-0.0035,0.0037,-0.162,-0.195
5376,5.376,0.0038,-0.0012,-0.0017,0.0045,-0.4265,-0.7238
5377,5.377,-0.002,-0.0007,-0.0007,0.0023,-0.3185,-0.7946
5378,5.378,-0.0026,0.0005,0.0003,0.0058,-0.0224,-0.3466
5379,5.379,-0.0046,0.0008,-0.0035,0.0041,0.0974,0.178
5380,5.38,-0.0016,0.0011,0,0.0001,0.1341,0.2496
5381,5.381,0.0001,-0.0042,0.0001,0.0026,0.1016,0.3143
5382,5.382,-0.0014,0.0011,-0.0054,0.0023,0.1317,0.2568
5383,5.383,0.0017,0.0004,-0.0023,0.0011,0.1049,0.2043
5384,5.384,-0.003,-0.0027,-0.0024,-0.0007,0.3269,0.4446
5385,5.385,-0.0047,-0.0022,-0.0039,-0.0039,0.357,0.9252
5386,5.386,-0.0006,0.0025,-0.0003,-0.0078,0.1129,0.4776
5387,5.387,-0.0031,-0.0017,-0.005,-0.0021,-0.0518,-0.0468
5388,5.388,0.0012,0.0035,-0.001,-0.0014,-0.0821,-0.2591
5389,5.389,0.0041,0.0015,0.0013,0.0007,-0.1094,-0.3242
5390,5.39,0.0046,-0.0002,0.0012,0.0002,-0.1342,-0.2668
5391,5.391,-0.0014,-0.0043,-0.0019,0.0019,-0.112,-0.2145
5392,5.392,-0.0023,0.0025,-0.0045,-0.0006,-0.2542,-0.2627
5393,5.393,0.0015,0.0017,-0.0013,-0.001,-0.4208,-0.918
5394,5.394,0.0008,-0.0009,-0.0014,-0.0057,-0.219,-0.6375
5395,5.395,-0.0022,-0.0015,-0.0028,-0.0052,0.0257,-0.0406
5396,5.396,0.0031,-0.0051,-0.0023,-0.0116,0.125,0.1933
5397,5.397,0.0011,-0.0008,-0.0034,-0.0091,0.0957,0.2648
5398,5.398,-0.0006,-0.0037,-0.0039,-0.0053,0.1232,0.3295
5399,5.399,-0.0001,0.0041,-0.0016,-0.0018,0.0991,0.2721
5400,5.4,0.0035,0.0009,-0.0029,0.0013,0.1216,0.2197
5401,5.401,0.0023,0.002,-0,-0.0004,0.427,0.7483
5402,5.402,-0.0016,-0.0044,-0.0036,0.0022,0.2963,0.8191
5403,5.403,0.0042,0.0015,-0.0015,0.001,0.0181,0.371
5404,5.404,0.0005,0.0037,-0.0028,0.0007,-0.0907,-0.1537
5405,5.405,0.0012,0.0031,-0.0054,0.0025,-0.124,-0.2253
5406,5.406,0.0017,0.0026,-0.0031,0.0015,-0.154,-0.29
5407,5.407,-0,-0.0003,-0.0029,0.0053,-0.1271,-0.3486
5408,5.408,-0.0026,-0.0008,-0.0073,0.0056,-0.1026,-0.1906
5409,5.409,0.0005,-0.0068,-0.0079,0.0077,-0.349,-0.4308
5410,5.41,-0.0015,-0.0043,-0.0076,0.0034,-0.3819,-0.9115
5411,5.411,-0.0026,0.0057,-0.0073,0.0051,-0.1131,-0.4638
5412,5.412,-0.0015,-0.0039,-0.0053,0.0004,0.068,0.0609
5413,5.413,-0.0005,-0.005,-0.0084,0.0021,0.1015,0.2735
5414,5.414,-0.0024,-0.0018,-0.0076,0.0016,0.1316,0.2106
5415,5.415,0.0015,0.0035,-0.0111,0.0032,0.1589,0.2695
5416,5.416,-0.0014,-0.0011,-0.0074,0.001,0.0853,0.2173
5417,5.417,0.0001,0.0032,-0.0092,0.0049,0.2422,0.2657
5418,5.418,0.0013,-0.0005,-0.0117,-0.0028,0.4256,0.8339
5419,5.419,-0.0026,0.0031,-0.0065,-0.0018,0.2037,0.6022
5420,5.42,-0.0041,-0.0011,-0.003,-0.0049,-0.0056,0.109
5421,5.421,0.0001,0.003,-0.0111,-0.0021,-0.0876,-0.2123
5422,5.422,-0.0009,0.0029,-0.0078,0.0008,-0.1095,-0.227
5423,5.423,0.0008,0.0035,-0.0133,0.0016,-0.1344,-0.2856
5424,5.424,0.0043,0.0057,-0.0128,0.001,-0.1124,-0.3389
5425,5.425,-0.0026,0.0018,-0.0123,-0.001,-0.1328,-0.195
5426,5.426,-0.0016,-0.0007,-0.0148,-0.0005,-0.4107,-0.7628
5427,5.427,0.0011,-0.0003,-0.0045,-0.0057,-0.292,-0.8404
5428,5.428,-0.0032,0.0037,0.0151,-0.005,-0.0392,-0.3476
5429,5.429,-0.001,0.0022,0.0175,-0.0055,0.1255,0.1019
5430,5.43,-0.0003,0.0034,0.0295,-0.0107,0.0963,0.2777
5431,5.431,-0.002,-0.0005,0.0226,-0.0087,0.1236,0.2259
5432,5.432,-0.0097,-0.004,-0.0002,-0.0017,0.0992,0.2747
5433,5.433,-0.0044,-0.0018,-0.0034,0.001,0.0769,0.2315
5434,5.434,-0.0036,0.0003,-0.0064,0.0019,0.3415,0.4301
5435,5.435,-0.0011,-0.0022,-0.0091,0.0013,0.3776,0.8273
5436,5.436,0.0041,0.0031,-0.016,0.0062,0.0819,0.4578
5437,5.437,0.0006,0.0009,-0.0142,0.002,-0.0379,0.0241
5438,5.438,0.0001,-0.0011,-0.0051,0.0049,-0.0746,-0.1516
5439,5.439,0.0005,-0.0028,0.0031,0.0013,-0.1079,-0.2053
5440,5.44,0.0021,-0.001,0.0198,0.0002,-0.138,-0.254
5441,5.441,0.0024,-0.0005,0.0308,0.0041,-0.1112,-0.2107
5442,5.442,0.0027,-0.0008,0.0367,0.0077,-0.2345,-0.2503
5443,5.443,0.0037,-0.0028,0.0384,0.0046,-0.4364,-0.7915
5444,5.444,-0.0016,-0.0003,0.0399,0.005,-0.1926,-0.7144
5445,5.445,-0.0009,-0.0013,0.0198,-0.0007,0.0378,-0.0801
5446,5.446,0.0011,0.0018,0.006,0.0001,0.0682,0.1769
5447,5.447,0.0053,-0.0001,0.0132,0.0023,0.0957,0.2555
5448,5.448,0.0058,0.001,0.0334,0.0003,0.1204,0.3264
5449,5.449,0.0032,-0.0034,0.0415,-0.0002,0.0983,0.2632
5450,5.45,-0.001,0.0042,0.0487,-0.0019,0.1592,0.2056
5451,5.451,0.0019,0.0052,0.0331,-0.0013,0.4,0.6812
5452,5.452,0.0003,-0.0012,0.0025,0.0009,0.3016,0.8736
5453,5.453,-0.0027,-0.0037,-0.0018,-0.0011,0.0326,0.3502
5454,5.454,0.0001,-0.003,0.0021,-0.0008,-0.0763,-0.1435
5455,5.455,0.0011,0.0034,-0.0014,-0.0032,-0.1097,-0.2088
5456,5.456,0.0028,-0.0008,0.002,0.0019,-0.1397,-0.2675
5457,5.457,0.0011,-0.003,0.005,0.0012,-0.1671,-0.3208
5458,5.458,0.0018,-0.0051,0.0024,0.0007,-0.1428,-0.1769
5459,5.459,-0.0006,-0.0008,0.0049,-0.001,-0.2996,-0.4827
5460,5.46,-0.0003,0.0008,0.0029,0.0005,-0.3607,-0.9194
5461,5.461,0.0034,-0.0027,0.0011,0.0002,-0.1197,-0.5127
5462,5.462,-0.0013,-0.0049,0.0032,-0.0054,0.1108,0.07
5463,5.463,0.0017,-0.001,0.0018,-0.0061,0.1412,0.1492
5464,5.464,-0.0012,-0.0006,0.0036,0.0003,0.1146,0.2207
5465,5.465,0.0023,-0.0028,0.0025,-0.004,0.1394,0.2854
5466,5.466,0.0011,-0.0031,-0.0009,0.0029,0.1173,0.2279
5467,5.467,-0.0028,-0.0082,0.0027,0.0037,0.2191,0.281
5468,5.468,-0.0053,-0.0047,-0,0.0012,0.4229,0.9057
5469,5.469,-0.0041,-0.003,0.0049,0.0018,0.2333,0.651
5470,5.47,-0.0003,-0.0002,0.0028,-0.0018,-0.0384,0.1083
5471,5.471,-0.0018,-0.0027,0.001,-0.0048,-0.0751,-0.2449
5472,5.472,0.0004,0.0015,0.0007,-0.0089,-0.1083,-0.1822
5473,5.473,-0.0008,-0.0014,0.0006,-0.0064,-0.1384,-0.2407
5474,5.474,-0.0027,-0.001,0.0027,-0.0061,-0.1115,-0.294
5475,5.475,0.0012,0.0012,-0.0004,0.0003,-0.1361,-0.2462
5476,5.476,0.0007,0.0024,0.0013,-0.0043,-0.3826,-0.7265
5477,5.477,-0.0015,0.0049,0.0021,0.0016,-0.2843,-0.9187
5478,5.478,-0.0012,0.0045,0.0015,0.0023,-0.0752,-0.2788
5479,5.479,-0.0008,0.0061,-0.0019,0.0043,0.1151,0.1487
5480,5.48,0.0015,0.0019,0.0012,-0.0027,0.0912,0.2277
5481,5.481,0.0039,0.0002,0.0013,-0.0073,0.1138,0.2988
5482,5.482,-0.0003,0.0006,-0.0003,-0.0099,0.1343,0.3634
5483,5.483,-0.002,0.0001,0.0004,-0.0121,0.079,0.1898
5484,5.484,-0.0025,0.0022,-0.0025,-0.0015,0.3314,0.4544
5485,5.485,0,-0.0007,-0.0018,0.0031,0.3678,0.8874
5486,5.486,-0.0012,0.0044,-0.0025,-0.001,0.1378,0.4809
5487,5.487,0,0.0023,-0.0012,0.0078,-0.0716,0.0041
5488,5.488,0.0026,-0.0019,-0.0053,-0,-0.0993,-0.1892
5489,5.489,0.0016,0.0009,-0.0034,0.003,-0.1242,-0.2482
5490,5.49,0.0012,0.0014,-0.0007,0.0038,-0.1468,-0.3016
5491,5.491,0.0026,-0.0047,-0.0047,0.0047,-0.0861,-0.254
5492,5.492,-0.0002,0.0031,0.0007,0.0068,-0.2158,-0.2979
5493,5.493,0.0008,0,0.0002,0.0048,-0.4346,-0.8935
5494,5.494,0.0018,0.0008,-0.004,0.0006,-0.226,-0.6386
5495,5.495,0.0029,0.0051,-0.001,0.0022,0.0186,-0.096
5496,5.496,-0.0013,-0.0019,-0.0026,0.0027,0.1178,0.2573
5497,5.497,-0.0018,0.0027,-0.0023,0.0015,0.0885,0.1944
5498,5.498,-0.0046,0.0001,-0.0045,0.0035,0.1158,0.2532
5499,5.499,-0.0021,0.0054,-0.0028,0.001,0.0914,0.3065
5500,5.5,-0.0009,0.0033,-0.0033,0.002,0.1587,0.1626
5501,5.501,-0.002,-0.0024,-0.0012,0.0023,0.3826,0.6429
5502,5.502,-0.0017,0.0013,-0.0017,0.0036,0.2934,0.835
5503,5.503,-0.0027,-0.0022,-0.0014,0.0053,0.0489,0.3114
5504,5.504,0.0018,-0.0005,-0.0055,0.0026,-0.116,-0.1825
5505,5.505,0.0013,-0.0034,-0.0127,0.0022,-0.0869,-0.248
5506,5.506,0.0018,-0.0009,-0.0104,0.0073,-0.1144,-0.307
5507,5.507,0.004,0.0022,-0.0133,0.0024,-0.1392,-0.2549
5508,5.508,-0.0015,0.0001,-0.0101,0.0029,-0.1171,-0.2074
5509,5.509,0.0022,-0.005,-0.0085,0.0057,-0.3005,-0.4261
5510,5.51,-0.0013,-0,-0.0133,0.0052,-0.3744,-0.9427
5511,5.511,0.0029,-0.0005,-0.0143,0.001,-0.1276,-0.5915
5512,5.512,0.0024,0.0023,-0.0133,-0.0019,0.0372,-0.0147
5513,5.513,0.006,-0.0012,-0.0161,-0.0044,0.1271,0.219
5514,5.514,0.003,0.0018,-0.012,-0.0041,0.1004,0.2901
5515,5.515,0.0027,0.0066,-0.0168,-0.0029,0.1252,0.3545
5516,5.516,-0.0031,0.0096,-0.0179,0.0013,0.103,0.2967
5517,5.517,0.0029,0.002,-0.0171,-0.0051,0.2046,0.2441
5518,5.518,-0.0024,-0.001,-0.0147,-0.0025,0.4083,0.8686
5519,5.519,-0.0003,-0.0056,-0.0157,-0.0032,0.2185,0.7838
5520,5.52,0.0039,0.0022,-0.0173,0.0004,-0.004,0.2409
5521,5.521,0.0011,-0.0051,-0.0197,-0.0013,-0.0942,-0.2532
5522,5.522,-0.0005,0.0014,-0.016,-0.0053,-0.1218,-0.1909
5523,5.523,0.0024,0.0029,-0.0243,-0.0064,-0.1261,-0.2788
5524,5.524,-0.0006,-0.003,-0.0209,-0.0048,-0.1019,-0.3376
5525,5.525,0.0033,0.0022,-0.0241,-0.006,-0.1245,-0.1798
5526,5.526,-0.0014,0.0029,-0.0244,-0.0012,-0.3892,-0.7086
5527,5.527,0.0028,0.0012,-0.0212,-0.0017,-0.2814,-0.9201
5528,5.528,-0.0012,-0.0016,-0.0141,0,-0.0513,-0.3444
5529,5.529,-0.0027,-0.0011,0.0023,0.0026,0.0984,0.1987
5530,5.53,-0.0016,-0.0008,0.0141,0.003,0.1259,0.2701
5531,5.531,-0.0004,-0.0028,0.0246,0.0059,0.1016,0.2067
5532,5.532,0.0047,-0.0025,0.0179,0.0001,0.124,0.149
5533,5.533,-0.0002,-0.0022,0.0154,0.0027,0.0631,0.0964
5534,5.534,-0.0019,-0.0073,0.0165,0.0005,0.3037,0.4325
5535,5.535,-0.0002,-0.0024,0.0205,-0.0002,0.4022,0.9129
5536,5.536,-0.0059,-0.0029,0.0296,-0.0018,0.1334,0.593
5537,5.537,-0.0022,-0.0034,0.0303,-0.007,-0.0478,0.0681
5538,5.538,-0.0015,-0.007,0.0308,-0.0035,-0.0815,-0.1447
5539,5.539,-0.0032,-0.0009,0.0273,0.0008,-0.1117,-0.21
5540,5.54,-0.0015,-0.0035,0.0295,-0.0009,-0.1392,-0.269
5541,5.541,-0.0041,0.0002,0.0213,-0.0034,-0.115,-0.217
5542,5.542,-0.0071,0.0038,0.022,-0.0022,-0.2272,-0.2655
5543,5.543,-0.006,-0.0005,0.0319,-0.0001,-0.4107,-0.8338
5544,5.544,-0.011,0.0012,0.0357,-0.0027,-0.2384,-0.7572
5545,5.545,-0.0104,0.0027,0.0342,0.0006,0.0086,-0.1233
5546,5.546,-0.0046,-0.0043,0.0417,0.0003,0.1077,0.1335
5547,5.547,-0.0009,-0.0053,0.0362,0.006,0.1379,0.2118
5548,5.548,0.0011,-0.008,0.0482,0.0035,0.1111,0.2824
5549,5.549,0.0028,-0.0021,0.0531,0.0013,0.0867,0.3466
5550,5.55,-0.0013,-0.0043,0.0453,0.0006,0.1539,0.1723
5551,5.551,0.0034,0.0005,0.0244,0.0049,0.4185,0.6475
5552,5.552,0.0004,-0.0012,0.0036,0.0008,0.3105,0.8394
5553,5.553,0.002,-0.0007,-0.0046,0.0023,0.0802,0.3157
5554,5.554,0.0056,0.0071,-0.0022,-0.0019,-0.0696,-0.1784
5555,5.555,0.0034,0.0038,-0.0088,0.0045,-0.0973,-0.2442
5556,5.556,0.0013,0.0068,-0.0026,0.0054,-0.1222,-0.3034
5557,5.557,0.0038,0.0077,-0.0006,0.0016,-0.1448,-0.2515
5558,5.558,-0.0001,-0.0001,0.0046,0.0037,-0.1247,-0.2041
5559,5.559,0.0014,0.0029,-0.0059,-0.0006,-0.3654,-0.4229
5560,5.56,0.0045,-0.0017,0.0012,-0.0023,-0.3985,-0.9394
5561,5.561,0.0033,0.0008,0.0027,-0.0048,-0.1298,-0.5883
5562,5.562,0.0014,0.003,0.0019,-0.0026,0.0513,-0.0115
5563,5.563,0.0017,0.0009,0.0032,-0.003,0.0848,0.222
5564,5.564,0.0014,-0.0022,-0.0029,-0.0011,0.115,0.2931
5565,5.565,0.0056,0.0031,-0.0016,0.0005,0.1423,0.2298
5566,5.566,-0.0013,0.001,-0.0019,-0.0032,0.1179,0.2882
5567,5.567,0.0013,0.0027,-0.0064,-0.0002,0.23,0.2354
5568,5.568,0.0022,0.0032,-0.0002,-0.0066,0.4134,0.8599
5569,5.569,-0.0001,0.0016,-0.0019,-0.0002,0.241,0.7751
5570,5.57,0.0006,0.0004,-0.005,-0.001,-0.0061,0.2323
5571,5.571,0.0011,0,-0.0028,0.0027,-0.1052,-0.2617
5572,5.572,-0.0006,0.0004,-0.0039,-0.0022,-0.1353,-0.1994
5573,5.573,-0.0001,0.0035,-0.0039,-0.0027,-0.1085,-0.2583
5574,5.574,0.0002,0.0039,-0.003,-0.0044,-0.1332,-0.3117
5575,5.575,0.0014,-0.0004,-0.0012,0.0013,-0.1109,-0.168
5576,5.576,0.0017,-0.0009,-0.0048,0.005,-0.4161,-0.6486
5577,5.577,-0,0.0006,0.0022,0.003,-0.2853,-0.841
5578,5.578,0.0037,-0.0025,-0.0013,-0.0012,-0.0862,-0.3177
5579,5.579,0.0025,-0.0005,-0.0014,0.0028,0.095,0.1762
5580,5.58,0.0004,-0.0015,-0,0.0013,0.1285,0.2417
5581,5.581,-0.0006,-0.0005,-0.0024,0.0025,0.1587,0.3005
5582,5.582,-0.0045,-0.0001,-0.0023,-0.0022,0.132,0.2482
5583,5.583,-0.003,-0.002,-0.0001,0.002,0.1076,0.2004
5584,5.584,-0.0026,0.0019,0.0008,0.0003,0.3094,0.419
5585,5.585,0.0002,0.0002,-0.0026,-0.0002,0.3908,0.9355
5586,5.586,-0.0016,0.0027,-0.0046,-0.0024,0.1689,0.5842
5587,5.587,0.0036,-0.0034,-0.0019,-0.0003,-0.1002,0.0074
5588,5.588,-0.0001,-0.0042,-0.0026,0.0022,-0.0647,-0.226
5589,5.589,0.0019,-0.0005,-0.0048,0.0025,-0.0978,-0.297
5590,5.59,-0.0011,-0.004,0.0008,-0.0005,-0.1278,-0.3614
5591,5.591,-0.0006,0.0018,-0.0026,0.0014,-0.1008,-0.3038
5592,5.592,-0.0031,0.0011,-0.0058,-0.001,-0.224,-0.2511
5593,5.593,-0.0028,-0.0009,0.0027,-0.0041,-0.4257,-0.8758
5594,5.594,0.0001,-0.0013,-0.0027,-0.0051,-0.236,-0.7909
5595,5.595,0.0043,-0.0008,-0.0015,-0.0012,-0.0135,-0.0934
5596,5.596,0.0014,-0.0013,-0.0006,0.0023,0.0767,0.1893
5597,5.597,0.001,0.0009,-0.0048,0.0045,0.1042,0.2758
5598,5.598,-0.0021,-0.0046,-0.0026,0.0006,0.1292,0.354
5599,5.599,-0.0017,-0.0024,-0.0075,0.0021,0.1071,0.2846
5600,5.6,-0.002,-0.0017,-0.0071,0.0043,0.1276,0.2212
5601,5.601,-0.0017,0.0014,-0.0032,0.0032,0.4055,0.6281
5602,5.602,-0.0013,-0.0027,-0.007,-0.0026,0.2869,0.8927
5603,5.603,0.0006,0.0021,-0.0061,-0.0068,0.0341,0.364
5604,5.604,-0.0018,-0.0021,-0.0077,0.0001,-0.0649,-0.1295
5605,5.605,0.0013,0.0043,-0.0123,0.001,-0.0952,-0.1947
5606,5.606,-0.0044,0.0052,-0.0099,0.0001,-0.1226,-0.2533
5607,5.607,0.0015,-0.0017,-0.012,0.0054,-0.1473,-0.3064
5608,5.608,-0.0022,-0.0008,-0.0102,-0.0024,-0.0803,-0.2585
5609,5.609,-0.0028,0.0017,-0.0128,-0.0014,-0.3041,-0.3891
5610,5.61,0.0014,0.0055,-0.0082,-0.0023,-0.3936,-0.9846
5611,5.611,-0.0003,-0.0023,-0.0095,-0.0014,-0.1494,-0.5588
5612,5.612,-0.0007,0.003,-0.0131,-0.0007,0.0813,-0.0154
5613,5.613,0.0023,0.0038,-0.0142,0.0028,0.1118,0.1971
5614,5.614,-0.0015,0.0047,-0.0143,0.0011,0.1393,0.2624
5615,5.615,0.001,-0.0022,-0.0181,0.0016,0.1151,0.3215
5616,5.616,0.0023,-0.0014,-0.0199,-0.0009,0.093,0.2695
5617,5.617,0.0043,0.0012,-0.0164,0.0003,0.1948,0.222
5618,5.618,0.0025,0.0005,-0.0212,-0.0053,0.3987,0.8776
5619,5.619,-0.0007,0.0012,-0.0235,-0.0016,0.2091,0.7847
5620,5.62,0.0022,0.0007,-0.0192,-0.0036,-0.0133,0.1883
5621,5.621,-0.0014,0.0036,-0.022,0.0022,-0.1033,-0.2
5622,5.622,0.0056,-0,-0.0223,0.0015,-0.1308,-0.2715
5623,5.623,0.0004,0.0022,-0.0236,0.005,-0.1065,-0.3359
5624,5.624,0.0006,0.0005,-0.027,-0.0033,-0.1245,-0.2936
5625,5.625,0.0051,-0.0024,-0.0252,-0.0016,-0.1023,-0.2357
5626,5.626,0.0026,0.0012,-0.0291,-0.0011,-0.4074,-0.6052
5627,5.627,-0.0026,-0.0019,-0.0296,-0.0006,-0.364,-0.9417
5628,5.628,0.0009,-0.0031,-0.0253,0.0036,-0.0857,-0.3731
5629,5.629,-0.0033,-0.0073,-0.0155,0.0041,0.0954,0.1705
5630,5.63,0.0008,-0.0021,-0.0056,0.0015,0.1288,0.2424
5631,5.631,0.0003,-0.0014,0.0032,-0.0035,0.159,0.3073
5632,5.632,0.0006,0.0003,0.0112,-0,0.1322,0.25
5633,5.633,0.0009,-0.0026,0.0136,-0.0095,0.1078,0.1977
5634,5.634,-0.0001,-0.001,0.0139,-0.0054,0.3095,0.4382
5635,5.635,-0.004,-0.0007,0.0177,-0.0066,0.3909,0.919
5636,5.636,-0.0025,-0.0054,0.0127,-0.0011,0.1196,0.4716
5637,5.637,-0.0036,-0.0059,0.022,0.002,-0.0615,-0.0528
5638,5.638,0.0003,-0.0031,0.0253,0.0047,-0.095,-0.2652
5639,5.639,-0.0013,-0.0046,0.0183,0.0039,-0.1251,-0.2024
5640,5.64,-0.0001,-0.0024,0.0254,0.0017,-0.0983,-0.261
5641,5.641,0.0028,-0.0012,0.0277,0.0094,-0.074,-0.2088
5642,5.642,0.0025,-0.0063,0.0242,0.0064,-0.1861,-0.2572
5643,5.643,0.0028,-0.0056,0.0364,0.0091,-0.4101,-0.825
5644,5.644,0.0018,-0.0014,0.0376,0.0066,-0.2611,-0.7481
5645,5.645,-0.0007,0.0039,0.0319,0.0044,0.0376,-0.1141
5646,5.646,0.0003,0.0059,0.0206,-0.0005,0.078,0.1431
5647,5.647,-0.0007,0.0054,0.0187,-0.0063,0.1145,0.2216
5648,5.648,-0.005,0.0026,0.017,-0.0026,0.1476,0.2927
5649,5.649,-0.0033,0.001,0.0243,-0.0103,0.1181,0.3574
5650,5.65,-0.0016,0.0033,0.0353,-0.0051,0.0912,0.1835
5651,5.651,-0.0041,0.0036,0.0394,-0.0097,0.3622,0.659
5652,5.652,0.002,0.0055,0.0486,-0.0002,0.2544,0.8512
5653,5.653,-0.0039,0.0009,0.0495,0.001,0.0898,0.3278
5654,5.654,-0.0002,0.0014,0.0501,0.0042,-0.0599,-0.1659
5655,5.655,0.0018,-0.0002,0.0341,0.0012,-0.0875,-0.2315
5656,5.656,0.0001,0.0023,0.0001,0.0039,-0.1124,-0.2904
5657,5.657,-0.0004,0.0011,-0.0145,-0.0039,-0.135,-0.3438
5658,5.658,0.0032,-0,-0.0103,-0.0029,-0.0742,-0.2001
5659,5.659,0.0054,0.005,-0.0066,-0.0056,-0.3149,-0.4188
5660,5.66,-0.0011,-0.0027,-0.0103,-0.0047,-0.4135,-0.9353
5661,5.661,-0.0095,-0.0037,-0.0072,-0.0025,-0.1448,-0.4433
5662,5.662,-0.0105,0.0008,-0.0044,-0.0045,0.0363,0.0057
5663,5.663,-0.0075,-0.0034,-0.0071,-0.005,0.1354,0.1817
5664,5.664,-0.0011,0.0035,0.0002,0.0026,0.106,0.2356
5665,5.665,-0.0053,0.0044,-0.0064,-0.0004,0.1334,0.2844
5666,5.666,-0.0001,0.0019,-0.0043,0.0041,0.109,0.2413
5667,5.667,-0.0036,0.0025,-0.0098,0.005,0.2211,0.2811
5668,5.668,0.0058,0.0046,-0.0113,0.0057,0.4044,0.8224
5669,5.669,0.0045,0.0029,-0.0097,0.0036,0.2321,0.7456
5670,5.67,0.0007,0.0046,-0.0081,0.0079,-0.0151,0.2526
5671,5.671,0.0039,-0.0032,-0.0091,0.005,-0.1143,-0.1967
5672,5.672,0.007,0.0046,-0.0056,0.0065,-0.0851,-0.2561
5673,5.673,0.0078,-0.0006,-0.0084,0.0044,-0.1124,-0.3097
5674,5.674,0.0069,0.0021,-0.0072,0.0015,-0.1371,-0.2623
5675,5.675,0.0076,-0.0005,-0.0111,0.0018,-0.1149,-0.219
5676,5.676,-0.0002,-0.0012,-0.0101,0.0015,-0.3795,-0.6556
5677,5.677,0.0028,-0.0032,-0.0132,0.0046,-0.3437,-0.9464
5678,5.678,0.0036,-0.0037,-0.0145,0.0071,-0.0479,-0.365
5679,5.679,-0.0006,-0.0042,-0.0124,0.0019,0.0718,0.1785
5680,5.68,0.0046,-0.0017,-0.0145,-0.0003,0.1084,0.2502
5681,5.681,0.001,-0.002,-0.0128,-0.0038,0.1416,0.3152
5682,5.682,0.0005,0.0009,-0.0144,-0.0007,0.1121,0.2579
5683,5.683,-0.0012,-0.0017,-0.0136,-0.0048,0.0851,0.2055
5684,5.684,-0.0028,-0.0049,-0.0135,-0.0063,0.307,0.4459
5685,5.685,-0.0016,-0.0045,-0.008,-0.002,0.3965,0.9267
5686,5.686,-0.0019,0.0005,0.0031,-0.0061,0.1523,0.6072
5687,5.687,0.0031,-0.0015,0.0264,-0.0096,-0.0782,0.0828
5688,5.688,-0.0018,-0.002,0.0366,-0.0074,-0.1087,-0.2703
5689,5.689,-0.0035,-0.0037,0.0398,-0.0027,-0.1361,-0.2074
5690,5.69,-0.003,-0.0001,0.0428,-0.0043,-0.1119,-0.266
5691,5.691,-0.0035,-0.0005,0.0159,-0.0003,-0.0897,-0.3193
5692,5.692,0.0007,-0.0008,0.0054,-0.0018,-0.1914,-0.2714
5693,5.693,-0.0021,0.0002,-0.0041,0.0025,-0.4323,-0.8393
5694,5.694,-0.0037,-0.0001,-0.0009,0.0008,-0.2683,-0.7623
5695,5.695,-0.0015,-0.0018,-0.0087,0.0003,0.0008,-0.1283
5696,5.696,-0.0044,-0.0048,-0.006,0.0016,0.1097,0.1289
5697,5.697,0.0007,-0.0019,-0.0036,0.0019,0.0774,0.2076
5698,5.698,-0.0029,-0.0015,-0.0094,0.0001,0.1074,0.2788
5699,5.699,0.0013,-0.0012,-0.0037,0.0011,0.1347,0.3435
5700,5.7,0.0018,-0.0008,-0.0017,0.0048,0.1103,0.1698
5701,5.701,-0.0007,-0.0001,-0.0061,0.0006,0.4016,0.6457
5702,5.702,-0.0004,0.0038,-0.0073,-0.0022,0.2829,0.8382
5703,5.703,-0.0016,-0.0003,-0.0034,-0.0007,0.1021,0.4313
5704,5.704,-0.0026,0.0033,-0.0064,-0.0003,-0.0628,-0.1513
5705,5.705,-0.0002,0.0003,-0.0033,0.0017,-0.0932,-0.2301
5706,5.706,-0.0019,-0.0009,-0.0077,-0.0018,-0.1206,-0.3011
5707,5.707,0.0023,0.0034,-0.0068,0.0004,-0.1454,-0.2377
5708,5.708,0.0006,0.0029,-0.0074,0.0033,-0.0785,-0.1801
5709,5.709,-0.0011,0.0014,-0.0109,0.0023,-0.3023,-0.4443
5710,5.71,-0.0016,0.0064,-0.0092,0.0033,-0.3919,-0.9729
5711,5.711,0.0014,0.0058,-0.0086,-0.0017,-0.1478,-0.6216
5712,5.712,0.0017,0.0016,-0.0133,-0.0024,0.0826,-0.0445
5713,5.713,0.002,-0.0013,-0.0063,0.0034,0.113,0.1892
5714,5.714,-0.0004,-0.0018,-0.0108,-0.0004,0.1404,0.2603
5715,5.715,0.0047,-0.0006,-0.0116,0.0017,0.1161,0.3249
5716,5.716,0.0011,-0.0045,-0.0153,0.0012,0.0938,0.2672
5717,5.717,0.0016,0.0003,-0.0088,0.0017,0.1955,0.2147
5718,5.718,0.0045,-0.004,-0.0112,0.0032,0.4364,0.8392
5719,5.719,-0.0013,0.0025,-0.009,0.001,0.2723,0.7544
5720,5.72,0.0025,0.005,-0.0109,0.0022,0.0032,0.2117
5721,5.721,0.0031,0.0043,-0.0139,0.0012,-0.1056,-0.1416
5722,5.722,0.0014,0.005,-0.0134,0.0016,-0.139,-0.2072
5723,5.723,0.0009,0.0019,-0.0138,-0.0015,-0.1096,-0.2661
5724,5.724,0.0044,0.0014,-0.0168,-0.0073,-0.137,-0.3197
5725,5.725,-0.0001,0.0038,-0.0106,-0.0025,-0.1125,-0.1997
5726,5.726,0.0002,-0.0009,-0.0076,-0.0085,-0.3836,-0.6325
5727,5.727,0.0013,-0.0004,-0.0111,-0.0032,-0.3479,-0.9235
5728,5.728,-0.0022,0.0013,-0.014,-0.0012,-0.0522,-0.3424
5729,5.729,-0.0035,0.0038,-0.0092,0.0057,0.0675,0.0459
5730,5.73,-0.0006,-0.0031,0.0004,-0.0046,0.104,0.2581
5731,5.731,0.0019,-0.0001,0.0131,-0.0006,0.137,0.3226
5732,5.732,-0.0027,-0.0009,0.0216,0.0031,0.1075,0.265
5733,5.733,-0.001,-0.0017,0.0324,-0.0002,0.0805,0.2123
5734,5.734,-0.0063,-0.0011,0.0339,0.0008,0.3022,0.3563
5735,5.735,-0.0043,0.0039,0.0429,0.0035,0.3917,0.9243
5736,5.736,-0.0073,-0.0019,0.0508,0.0044,0.1475,0.5374
5737,5.737,-0.0102,-0.0026,0.05,0.0021,-0.0831,0.0437
5738,5.738,-0.0035,-0.0032,0.0362,0.0041,-0.1137,-0.1499
5739,5.739,-0.0008,-0.0037,0.0058,0.0036,-0.1412,-0.2094
5740,5.74,-0.0034,-0.0009,-0.0072,0.0007,-0.117,-0.263
5741,5.741,0.0018,-0.0003,-0.0031,-0.005,-0.0948,-0.3118
5742,5.742,0.0039,-0.0015,-0.0065,-0.0088,-0.1966,-0.2687
5743,5.743,0.0033,-0.0027,-0.0031,-0.0095,-0.4375,-0.8644
5744,5.744,-0.0007,-0.0046,0.0059,-0.0078,-0.2736,-0.78
5745,5.745,0.0028,-0.0035,0.0034,-0.0037,-0.0046,-0.2377
5746,5.746,0.0006,-0.0012,0.0012,-0.0032,0.1042,0.1156
5747,5.747,0.0034,-0.0018,0.0037,-0.0036,0.1375,0.1807
5748,5.748,0.0024,-0.0057,0.0019,-0.0007,0.1079,0.2393
5749,5.749,0.0021,-0.0017,0.004,0.0035,0.081,0.1869
5750,5.75,-0.0003,0.0041,-0.0009,0.003,0.1056,0.139
5751,5.751,0.0022,0.0004,0.0009,0.0024,0.3969,0.6194
5752,5.752,0.0025,-0.0003,0.0053,-0.0045,0.3575,0.9393
5753,5.753,0.0002,-0.0034,0.0019,0.0007,0.1046,0.4158
5754,5.754,-0.0029,0.0007,0.0011,-0.0002,-0.0603,-0.078
5755,5.755,-0.0009,-0.0071,0.0025,-0.001,-0.0907,-0.1437
5756,5.756,0.0001,-0.0015,0.0037,0.0042,-0.118,-0.2026
5757,5.757,0.0034,0.0015,-0.0002,0.0035,-0.1429,-0.2562
5758,5.758,0.0054,0.0007,0.0008,0.0018,-0.076,-0.2085
5759,5.759,0.0011,-0.0019,0.0032,0.0012,-0.2998,-0.3398
5760,5.76,0.0064,-0.0041,-0.0007,0.0027,-0.3893,-0.9355
5761,5.761,0.0028,0.0052,-0.0044,0.0039,-0.1452,-0.5102
5762,5.762,0.0012,0.0015,-0.0025,0.0035,0.0852,0.0328
5763,5.763,0.0007,0.0025,-0.0009,-0.0001,0.1157,0.2452
5764,5.764,-0.0019,0.0055,-0.0034,0.0029,0.1432,0.3102
5765,5.765,-0.0031,0.0063,-0.0065,0,0.1189,0.2528
5766,5.766,-0.0019,0.0038,-0.003,0.001,0.0518,0.3061
5767,5.767,-0.0029,0.0031,-0.0014,0.0007,0.1536,0.2582
5768,5.768,-0.0012,0.0037,0,0.005,0.3944,0.8261
5769,5.769,0.0012,0.0006,0.0015,0.0009,0.2303,0.7492
5770,5.77,-0.0002,0.0047,0.0036,-0.0016,0.0211,0.2562
5771,5.771,-0.0008,0.0011,-0.0002,-0.0038,-0.0609,-0.193
5772,5.772,-0.0025,-0.0011,-0.0039,0.0026,-0.0859,-0.2524
5773,5.773,-0.0012,0.0001,-0.0006,0.0017,-0.1087,-0.3059
5774,5.774,0.0019,-0.0042,-0.0017,-0.0009,-0.1292,-0.2584
5775,5.775,-0.0001,-0.0001,-0.0034,-0.0002,-0.1109,-0.215
5776,5.776,0.0017,-0.0049,-0.0058,0.0018,-0.3634,-0.5724
5777,5.777,0.0034,-0.0019,-0.005,0.0023,-0.3275,-0.909
5778,5.778,0.0011,-0.006,-0.0013,-0.0018,-0.0974,-0.4283
5779,5.779,-0.0032,0.0018,-0.0037,0.0007,0.112,0.1491
5780,5.78,0.0026,-0.0014,0.0025,0.0029,0.0856,0.228
5781,5.781,-0.0043,0.0016,-0.003,-0.0035,0.1105,0.2993
5782,5.782,-0.0035,-0.0011,0.0012,-0.0008,0.1332,0.2361
5783,5.783,0.0024,-0.0003,-0.0004,-0.005,0.0724,0.1785
5784,5.784,0.0003,-0.001,0.0017,-0.0043,0.2762,0.3372
5785,5.785,-0.0004,-0.0003,-0.0008,-0.0008,0.4119,0.866
5786,5.786,-0.0009,0.0039,0.0031,-0.0013,0.19,0.5148
5787,5.787,0.002,0.0022,0.0022,-0.0018,-0.0792,0.0662
5788,5.788,-0.0015,-0.0004,0.0005,-0.0003,-0.1159,-0.2256
5789,5.789,-0.0018,0.0008,0.001,-0.0015,-0.149,-0.2792
5790,5.79,-0.0006,0.0028,0.0008,-0.0043,-0.1195,-0.3277
5791,5.791,-0.0002,-0.0029,0.004,-0.0033,-0.0926,-0.2844
5792,5.792,0.0022,-0.0004,-0.0002,0.0019,-0.1664,-0.2449
5793,5.793,0.0006,-0.0041,-0.0042,-0.0003,-0.4129,-0.786
5794,5.794,0.0005,-0.0021,0.0005,0.0003,-0.2488,-0.8636
5795,5.795,-0.0012,-0.0004,-0.0025,0.002,-0.0395,-0.2296
5796,5.796,0.0021,0.0025,-0.002,0.0004,0.0969,0.1978
5797,5.797,-0.0017,0.001,-0.0026,0.0029,0.1221,0.2766
5798,5.798,-0.0002,0.0013,-0.0006,0.0007,0.1449,0.3477
5799,5.799,0.0041,-0.0007,-0.0036,0.0055,0.1249,0.2844
5800,5.8,0.0036,0.0044,-0.0048,0.0013,0.1066,0.2268
5801,5.801,-0.0021,0.0023,-0.0026,0.0053,0.3592,0.5968
5802,5.802,0.0002,-0.0019,0.0002,-0.0014,0.3235,0.8376
5803,5.803,-0.0018,-0.0047,-0.005,-0.0022,0.0935,0.4444
5804,5.804,0.004,0.002,-0.0059,0.002,-0.1157,-0.1381
5805,5.805,0.0018,-0.0025,-0.0045,0.0014,-0.0891,-0.2168
5806,5.806,-0.0002,0.0034,-0.0065,-0.0021,-0.114,-0.2878
5807,5.807,0.0016,0.0012,-0.0083,0.0021,-0.1365,-0.2244
5808,5.808,-0.0025,0.0061,-0.0098,0.0005,-0.1164,-0.2829
5809,5.809,-0.0019,-0.0008,-0.0098,0.002,-0.283,-0.3359
5810,5.81,-0.003,0.0001,-0.0044,0.0032,-0.3951,-0.9606
5811,5.811,0.0009,0.0026,-0.0056,0.0021,-0.1711,-0.5352
5812,5.812,-0.0006,0.002,-0.013,0.0031,0.0383,0.0078
5813,5.813,-0.0002,0.0027,-0.0125,0.0028,0.1202,0.2202
5814,5.814,0.001,0.001,-0.0138,-0.0009,0.1452,0.2852
5815,5.815,0,-0.0031,-0.0135,-0.0012,0.1232,0.3438
5816,5.816,-0.0016,-0.0015,-0.0133,-0.0008,0.1032,0.2914
5817,5.817,0.0035,0.0015,-0.0096,0.0028,0.1958,0.2436
5818,5.818,0.0042,0.0018,-0.0129,0.0006,0.4146,0.8114
5819,5.819,0.0025,-0.0024,-0.0181,-0.0022,0.2656,0.7344
5820,5.82,0.0042,-0.0019,-0.0116,-0.0047,0.0211,0.2413
5821,5.821,0.0007,0.0007,-0.0167,-0.0015,-0.0781,-0.2079
5822,5.822,-0.0005,-0.0005,-0.018,-0.0003,-0.1083,-0.2676
5823,5.823,-0.0025,-0.0008,-0.0133,0.0016,-0.1357,-0.3213
5824,5.824,0.0033,-0.0005,-0.0158,-0.0036,-0.1114,-0.2739
5825,5.825,-0.0009,-0.0029,-0.022,-0.0029,-0.1338,-0.2306
5826,5.826,-0.0011,-0.0025,-0.0181,-0.0056,-0.3723,-0.5983
5827,5.827,0.0012,-0.0002,-0.0208,0.0009,-0.3522,-0.9561
5828,5.828,0.0032,0.0041,-0.0192,0.0018,-0.074,-0.4274
5829,5.829,0.0015,-0.0017,-0.0227,-0.0004,0.0457,0.0662
5830,5.83,-0.0002,0.0005,-0.0156,0.0003,0.0823,0.2596
5831,5.831,0.0014,-0.0002,-0.0003,-0.0002,0.1153,0.3184
5832,5.832,-0.0017,0.0004,0.0149,-0.0019,0.1453,0.2664
5833,5.833,0.0012,-0.0013,0.0124,-0.0066,0.1184,0.2187
5834,5.834,-0.0013,-0.0008,0.0176,-0.0009,0.2908,0.3498
5835,5.835,-0.0045,-0.003,0.0223,-0.0002,0.4029,0.7866
5836,5.836,-0.0109,-0.0026,0.0265,0.0034,0.1382,0.4964
5837,5.837,-0.0155,-0.0001,0.0302,0.0065,-0.043,0.0195
5838,5.838,-0.0043,-0.004,0.0286,0.007,-0.0765,-0.1739
5839,5.839,-0.0028,-0.0055,0.0361,0.0045,-0.1068,-0.233
5840,5.84,-0.0042,-0.0066,0.0348,0.0057,-0.1342,-0.2863
5841,5.841,-0.0005,-0.0002,0.0337,0.0028,-0.1099,-0.2388
5842,5.842,-0.0037,-0.0011,0.0343,0.0018,-0.1771,-0.1953
5843,5.843,-0.0007,0.0032,0.0334,-0.0034,-0.4418,-0.7907
5844,5.844,-0.0034,0.0053,0.0352,0.0003,-0.3338,-0.7058
5845,5.845,-0.0025,0.0004,0.0445,-0.0003,-0.0379,-0.1633
5846,5.846,0.0044,-0.0001,0.0568,-0.0008,0.0817,0.1902
5847,5.847,-0.0002,0.004,0.0448,-0.0037,0.1183,0.2559
5848,5.848,0.0023,0.0035,0.0217,-0.0042,0.1514,0.315
5849,5.849,-0.0014,0.0013,-0.0014,-0.0012,0.1219,0.2632
5850,5.85,0.005,0.0016,-0.0043,-0.0015,0.0949,0.2158
5851,5.851,0.0007,-0.0026,-0.007,-0.0026,0.3659,0.6093
5852,5.852,0.0029,0.0003,0.0002,-0.0078,0.3301,0.8739
5853,5.853,0.0035,-0.0003,-0.0019,-0.0085,0.1,0.4414
5854,5.854,0.0065,-0.0006,0.0002,-0.005,-0.0498,-0.083
5855,5.855,0.0013,0.0023,0.0021,0.0008,-0.0775,-0.1546
5856,5.856,0.0005,0.0033,0.0005,-0.0015,-0.1023,-0.2192
5857,5.857,-0.0078,-0.0006,0.0022,0.0034,-0.1249,-0.2776
5858,5.858,-0.0068,-0.0054,-0.0017,0.0004,-0.1048,-0.225
5859,5.859,0.0004,-0.0012,-0.0004,0.0032,-0.2714,-0.3692
5860,5.86,-0.0005,0.0017,0.0009,-0.0046,-0.3836,-0.937
5861,5.861,0.0004,0.0022,0.0001,0.001,-0.1596,-0.5502
5862,5.862,0.0025,0.0034,0.003,-0,0.0497,-0.0565
5863,5.863,0.0032,0.0045,-0.0009,-0.0027,0.0775,0.2654
5864,5.864,0.0026,-0.0012,-0.0013,-0.0036,0.1025,0.2087
5865,5.865,0.0043,0.0013,0.004,-0.0014,0.1252,0.2625
5866,5.866,0.0027,-0.0024,0.0013,-0.0035,0.1051,0.3113
5867,5.867,0.0023,-0.0004,-0.0012,0.0007,0.1976,0.1808
5868,5.868,0.0035,0.0001,-0.0013,-0.0034,0.4165,0.7766
5869,5.869,0.0009,0.0006,-0.0031,0.0044,0.2676,0.6921
5870,5.87,0.0019,0.0011,-0.0015,0.0011,0.023,0.3046
5871,5.871,0.0036,0.0007,-0,0.0021,-0.0761,-0.1889
5872,5.872,-0.0007,0.0046,0.0001,-0.0043,-0.1064,-0.2541
5873,5.873,-0.0038,-0.0001,-0.0038,-0.0001,-0.1338,-0.3126
5874,5.874,-0.0033,-0.0018,-0.0016,-0.0008,-0.1095,-0.2603
5875,5.875,0.0024,-0.0047,-0.0006,0.0056,-0.0872,-0.2124
5876,5.876,-0.0013,-0.0022,-0.0013,0.0047,-0.3924,-0.6054
5877,5.877,-0.0007,-0.001,-0.002,0.0069,-0.349,-0.8696
5878,5.878,-0.0024,-0.0031,-0.004,0.0033,-0.0708,-0.4368
5879,5.879,0.0005,-0.0006,0.0019,0.0028,0.1103,0.0881
5880,5.88,-0,-0.0029,-0.0045,0.0056,0.0781,0.1601
5881,5.881,0.0003,-0.006,-0.0031,0.0021,0.1083,0.2252
5882,5.882,-0.0018,-0.0041,-0.0034,0.0051,0.1356,0.2842
5883,5.883,-0.0008,-0.0009,-0.0021,0.0003,0.1113,0.2321
5884,5.884,0.0002,-0.0029,-0.0037,-0.0066,0.2683,0.3766
5885,5.885,0.0026,-0.0019,-0.0015,-0.0021,0.4108,0.9449
5886,5.886,-0.0016,0.0033,-0.0005,-0.0029,0.17,0.5583
5887,5.887,0.0014,-0.0004,0.0004,-0.0023,-0.0604,0.0651
5888,5.888,-0.0015,0.0016,-0.0043,0.0026,-0.0908,-0.2562
5889,5.889,0,0.0033,-0.0046,-0.0004,-0.1182,-0.1991
5890,5.89,-0.0011,0.0038,-0.0037,-0.0081,-0.143,-0.2525
5891,5.891,0.0009,0.0064,-0.0016,-0.0028,-0.1208,-0.301
5892,5.892,0.0034,0.006,-0.0049,-0.0002,-0.1817,-0.2575
5893,5.893,-0.0004,0.0032,-0.0035,0.004,-0.4224,-0.7737
5894,5.894,-0.0019,-0.0026,-0.0005,0.0047,-0.2583,-0.8442
5895,5.895,0.0003,-0,0,0.0067,-0.049,-0.2678
5896,5.896,0.0032,-0.0052,-0.0051,0.0072,0.0873,0.121
5897,5.897,0.0036,-0.0017,-0.0073,0.0007,0.1125,0.1927
5898,5.898,0.0046,0.0026,-0.0024,0.0033,0.1353,0.2573
5899,5.899,-0.0005,0.0021,-0.0055,0.0039,0.1153,0.316
5900,5.9,-0.0011,-0.0026,-0.0015,-0.0025,0.0971,0.2636
5901,5.901,0.0006,0.0016,-0.0011,0,0.3496,0.5999
5902,5.902,0.0011,0.0033,-0.0034,-0.0006,0.3139,0.9059
5903,5.903,0.0059,0.0019,-0.009,-0.0027,0.0838,0.4689
5904,5.904,0.0017,0.0007,-0.0022,-0.0009,-0.0659,-0.0558
5905,5.905,0.0012,-0.0005,-0.0088,-0.0026,-0.0935,-0.2683
5906,5.906,-0.0023,0.0014,-0.0048,-0.001,-0.1183,-0.2054
5907,5.907,-0.0001,0.0054,-0.0072,-0.0014,-0.1409,-0.2643
5908,5.908,0.0011,0.0006,-0.0025,-0.0025,-0.0801,-0.2123
5909,5.909,-0.0014,-0.001,-0.0044,-0.0022,-0.2467,-0.3569
5910,5.91,0.0019,-0.0015,-0.0064,-0.006,-0.4037,-0.9252
5911,5.911,-0.002,0.0001,-0.0124,-0.0025,-0.1797,-0.6937
5912,5.912,-0.0004,-0.0011,-0.009,0.0018,0.0296,-0.0596
5913,5.913,0.0008,-0.0007,-0.0129,0.0023,0.1115,0.1972
5914,5.914,-0.0004,-0.0003,-0.0137,-0.0002,0.1364,0.2757
5915,5.915,0.0007,0.0043,-0.0112,-0.0005,0.1591,0.3465
5916,5.916,-0.001,-0.0052,-0.01,-0.0025,0.0984,0.2828
5917,5.917,-0.0006,0.0018,-0.0146,0,0.1909,0.2248
5918,5.918,-0.0008,0.003,-0.0155,-0.0003,0.4097,0.8056
5919,5.919,0.0032,-0.0026,-0.0112,0.0035,0.2608,0.7285
5920,5.92,-0.0044,-0.0015,-0.0074,0.0013,0.0163,0.2353
5921,5.921,-0.0034,-0.0007,-0.0095,0.001,-0.0829,-0.2142
5922,5.922,-0.0007,0.0019,-0.0124,-0.0009,-0.1132,-0.1579
5923,5.923,0.0002,-0.0003,-0.0132,0.0002,-0.1406,-0.3174
5924,5.924,-0.002,0.0032,-0.0165,0.0019,-0.1163,-0.2703
5925,5.925,-0.004,0.0038,-0.0143,-0.0023,-0.0941,-0.2273
5926,5.926,-0.0023,0.0043,-0.02,-0.0053,-0.3588,-0.5849
5927,5.927,0.0021,0.0034,-0.027,0.0039,-0.3457,-0.9194
5928,5.928,0.0004,-0.0043,-0.0174,0.001,-0.093,-0.391
5929,5.929,0.0019,-0.0054,-0.0165,0.0025,0.0719,0.1023
5930,5.93,0.0041,-0.0023,-0.0231,0.0037,0.1023,0.1675
5931,5.931,0.0013,-0.0015,-0.0064,0.0009,0.1296,0.2261
5932,5.932,-0.0023,-0.0023,0.0204,0.0019,0.1053,0.2793
5933,5.933,-0.0011,-0.0016,0.0236,0.0036,0.0831,0.2314
5934,5.934,-0.0032,0.0004,0.033,0.0012,0.2663,0.3622
5935,5.935,-0.0013,-0.0027,0.0356,-0.0018,0.3896,0.8782
5936,5.936,-0.0023,0.0026,0.0271,0.0021,0.1878,0.6675
5937,5.937,-0.0007,0.0019,0.0045,0.0026,-0.0569,0.0905
5938,5.938,-0.0005,0.0002,-0.0046,0.0029,-0.0905,-0.1436
5939,5.939,-0.0022,-0.0003,0.0198,0.0009,-0.1207,-0.2153
5940,5.94,0.0005,0.0012,0.0293,0.0019,-0.1481,-0.2802
5941,5.941,0.0001,-0.0019,0.0379,0.0029,-0.1238,-0.2229
5942,5.942,-0.0023,-0.0031,0.0404,0.0012,-0.191,-0.2763
5943,5.943,0.0007,0.0011,0.0378,0.0014,-0.4557,-0.8052
5944,5.944,-0.0032,0.0005,0.0354,0.002,-0.2755,-0.8761
5945,5.945,-0.0017,-0.0042,0.0414,-0.0017,-0.0452,-0.3
5946,5.946,0.0013,-0,0.0468,-0.0064,0.1046,0.2433
5947,5.947,0.0025,-0.0065,0.0349,-0.0022,0.1322,0.1742
5948,5.948,0.0015,-0.0057,0.0118,-0.0039,0.157,0.2385
5949,5.949,0.0031,-0.0094,-0.0047,-0.0024,0.135,0.297
5950,5.95,0.0034,-0.0046,-0.0019,-0.0066,0.1148,0.2445
5951,5.951,-0.0008,-0.0051,-0.01,-0.0143,0.3926,0.5807
5952,5.952,-0.0039,-0.0047,-0.0027,-0.0133,0.3532,0.8867
5953,5.953,-0.008,-0.0022,-0.0005,-0.0124,0.1004,0.4497
5954,5.954,-0.0054,-0.0019,0.0057,-0.0065,-0.0644,-0.0751
5955,5.955,-0.0051,-0.0007,0.0077,-0.0013,-0.0948,-0.1471
5956,5.956,-0.004,0.0043,-0.0007,0.0036,-0.1222,-0.2123
5957,5.957,0.0002,-0.0021,0.004,0.003,-0.1469,-0.2711
5958,5.958,0.0019,-0.003,0.0056,0.0047,-0.0799,-0.2188
5959,5.959,0.0004,0.0006,0.0046,0.0042,-0.2631,-0.3634
5960,5.96,0.0064,0.0013,0.0038,0.002,-0.3863,-0.9315
5961,5.961,0.0022,0.0017,0.005,-0.0028,-0.1845,-0.6998
5962,5.962,-0.0016,-0.0024,0.0026,0.0041,0.0602,-0.2066
5963,5.963,0.0033,-0.0019,0.002,0.0068,0.0937,0.1148
5964,5.964,0.0002,0.0011,0.0001,0.0042,0.1239,0.2902
5965,5.965,-0.0003,0.0031,0.0025,0.0079,0.1513,0.3436
5966,5.966,-0.0061,0.0021,0.0045,0.0044,0.127,0.2961
5967,5.967,0.0009,0.001,-0.0004,0.0013,0.1495,0.2526
5968,5.968,0.0054,0.006,0.0021,-0.0028,0.4142,0.7687
5969,5.969,-0.0005,0.0096,-0.0033,-0.0043,0.2341,0.8393
5970,5.97,-0.0012,0.0078,-0.0022,-0.0047,0.0038,0.2629
5971,5.971,0.0023,0.0061,-0.0011,-0.0051,-0.0862,-0.1256
5972,5.972,0.0028,0.0026,-0.0023,-0.0061,-0.1137,-0.1972
5973,5.973,0.0011,-0.0036,-0.0023,-0.0009,-0.1385,-0.2618
5974,5.974,0.0058,-0.001,-0.0054,0.0013,-0.1164,-0.3204
5975,5.975,0.0016,0.0011,-0.0037,0.002,-0.0962,-0.1622
5976,5.976,0.0021,0.0018,-0.0003,0.0024,-0.3369,-0.4986
5977,5.977,0.0026,0.0023,-0.0049,0.0065,-0.3698,-0.892
5978,5.978,0.0004,0.0018,-0.0008,0.0029,-0.1009,-0.4162
5979,5.979,0.0016,0.0023,-0.0008,0.0041,0.0802,0.0331
5980,5.98,0.0026,0.0019,0.0003,0.002,0.1136,0.2091
5981,5.981,0.0049,0.0016,-0.0017,0.0017,0.1439,0.2629
5982,5.982,0.0026,0.0019,-0.0015,-0,0.1172,0.3117
5983,5.983,0.0039,0.0022,-0.0021,0.0037,0.0929,0.2687
5984,5.984,0.0001,0.0039,0.0028,-0.0014,0.2498,0.3086
5985,5.985,0.0006,0.0032,-0.0019,0.0034,0.3923,0.8501
5986,5.986,0.0031,0.0021,0.0035,0.0076,0.1886,0.6184
5987,5.987,0.0062,0.0014,-0.003,-0.0012,-0.056,0.1252
5988,5.988,0.0006,0.0027,0.002,0.0025,-0.0894,-0.1962
5989,5.989,-0.0016,-0.0003,-0.0035,-0.0007,-0.1195,-0.2551
5990,5.99,0.002,0,-0.0069,-0.0017,-0.1468,-0.3083
5991,5.991,-0.001,0.0019,-0.003,-0.0045,-0.1224,-0.2607
5992,5.992,0.0019,-0.0013,-0.0069,-0.0002,-0.1447,-0.2171
5993,5.993,-0.0017,0.0026,-0.0002,-0.0009,-0.4092,-0.8127
5994,5.994,-0.0013,-0.0031,-0.0008,0.0011,-0.3011,-0.8982
5995,5.995,-0.0016,-0.0053,-0.0013,0.0053,-0.005,-0.201
5996,5.996,-0.0035,-0.0033,-0.0005,0,0.1147,0.269
5997,5.997,-0.0031,-0.0016,-0.0009,-0.0035,0.0794,0.1857
5998,5.998,-0.0061,-0.0021,-0.0037,-0.0077,0.1127,0.2639
5999,5.999,-0.0004,0.0005,-0.0033,-0.0061,0.1428,0.3349
6000,6,-0.0063,0.0017,-0.0084,-0.0035,0.1159,0.1436
6001,6.001,-0.0025,0.0006,-0.0021,-0.0023,0.387,0.5505
6002,6.002,-0.0045,-0.0051,-0.0065,0.0041,0.3513,0.9207
6003,6.003,-0.0015,-0.0026,-0.006,-0.0023,0.1213,0.4884
6004,6.004,-0.0031,-0.0003,-0.0056,0.0003,-0.088,-0.0362
6005,6.005,-0.0016,-0.0023,-0.0042,0.0026,-0.1156,-0.2483
6006,6.006,0.0006,-0.004,-0.005,0.0047,-0.1404,-0.313
6007,6.007,0.001,0.0025,-0.0029,0.0017,-0.1183,-0.2556
6008,6.008,-0.0025,-0.0017,-0.0064,0.0012,-0.0982,-0.3089
6009,6.009,0.0036,0.0021,-0.0133,-0.0013,-0.2648,-0.3571
6010,6.01,-0.0023,0.0014,-0.0053,0.0018,-0.4218,-0.9251
6011,6.011,-0.0016,-0.0016,-0.009,-0.001,-0.1978,-0.6932
6012,6.012,0.0005,0.0002,-0.0065,0.0001,0.0713,-0.0589
6013,6.013,0.0011,-0.0066,-0.0134,0.0011,0.1081,0.1981
6014,6.014,0.0006,0.0019,-0.0131,0.0015,0.1413,0.2768
6015,6.015,0.0001,-0.0013,-0.0159,-0.0015,0.1118,0.3479
6016,6.016,-0.001,-0.0002,-0.0159,0.0006,0.0848,0.2846
6017,6.017,0.0029,-0.0029,-0.0135,0.0032,0.1587,0.2269
6018,6.018,0.0024,-0.0037,-0.0171,0.0008,0.4052,0.8082
6019,6.019,0.0055,-0.0043,-0.0172,0.0059,0.2412,0.7313
6020,6.02,0.0027,-0.0023,-0.0176,0.0011,0.0319,0.2387
6021,6.021,0.0017,0.002,-0.0119,-0.0019,-0.1044,-0.2105
6022,6.022,0.0034,0.0025,-0.0154,-0.0014,-0.0804,-0.2699
6023,6.023,0.0044,-0.0022,-0.0239,0.0002,-0.1031,-0.3233
6024,6.024,0.0007,0.0008,-0.0237,-0.001,-0.1237,-0.2759
6025,6.025,-0.0018,-0.002,-0.0253,-0.0038,-0.1055,-0.2327
6026,6.026,0.0013,0.0005,-0.0253,-0.0012,-0.3579,-0.5106
6027,6.027,-0.0035,0.0036,-0.0239,0.0027,-0.3221,-0.9077
6028,6.028,0.0003,-0.0017,-0.0243,0.0061,-0.1094,-0.466
6029,6.029,-0.0002,0.0022,-0.0272,0.0014,0.0554,0.1167
6030,6.03,-0.0007,0.0048,-0.0285,-0.0017,0.0857,0.1956
6031,6.031,-0.0043,0.0026,-0.0309,0.0024,0.1131,0.2668
6032,6.032,-0.0031,0.0005,-0.026,0.0009,0.1378,0.3314
6033,6.033,-0.0027,-0.0005,-0.0152,0.0051,0.0708,0.2739
6034,6.034,-0.0024,-0.0028,0.0026,0.0023,0.254,0.3268
6035,6.035,-0,0.0002,0.0091,0.0028,0.4264,0.9514
6036,6.036,0.0016,0.006,0.015,0.0016,0.1797,0.6963
6037,6.037,-0.0002,0.0034,0.0203,-0.0023,-0.0508,-0.0014
6038,6.038,0.0021,0.0041,0.0178,-0.0028,-0.0814,-0.284
6039,6.039,0.0004,0.0047,0.0222,-0.0039,-0.109,-0.2002
6040,6.04,0.0023,-0.001,0.0169,0.0025,-0.1339,-0.2783
6041,6.041,0.0011,-0.0004,0.0259,0.0033,-0.1566,-0.2086
6042,6.042,0.0022,0.0003,0.0241,0.0025,-0.1771,-0.1449
6043,6.043,0.0009,-0.0014,0.0267,0.0018,-0.4181,-0.7843
6044,6.044,0.0022,0.0027,0.0231,-0.0018,-0.2542,-0.8699
6045,6.045,-0.0005,-0.0021,0.0234,-0.0048,-0.0451,-0.3276
6046,6.046,-0.0031,-0.0052,0.0307,-0.0077,0.091,0.1662
6047,6.047,0.0021,-0.0069,0.0292,-0.0009,0.1159,0.2316
6048,6.048,-0.0001,-0.0074,0.0279,-0.0018,0.1383,0.2902
6049,6.049,-0.0008,-0.0062,0.0266,-0.006,0.1587,0.3437
6050,6.05,0.0022,-0.0042,0.0332,-0.0113,0.1032,0.2
6051,6.051,-0.0042,-0.0007,0.0393,-0.0177,0.3556,0.5057
6052,6.052,-0.0034,0.0054,0.0415,-0.0152,0.3197,0.9426
6053,6.053,-0.0027,-0.0005,0.0406,-0.0115,0.0894,0.4194
6054,6.054,-0.0007,-0.0012,0.051,-0.0022,-0.0605,-0.0742
6055,6.055,-0.0024,0.0008,0.0554,-0.001,-0.0884,-0.1397
6056,6.056,-0.0008,0.0013,0.0512,-0,-0.1134,-0.1988
6057,6.057,0.0017,-0.0016,0.0321,0.003,-0.1361,-0.2522
6058,6.058,-0.0025,0.0031,0.0019,0.0021,-0.0755,-0.3008
6059,6.059,-0.002,-0.0027,-0.01,-0.0021,-0.2423,-0.3447
6060,6.06,-0.0015,0.001,-0.0064,0.0063,-0.3994,-0.9404
6061,6.061,-0.0046,0.0017,-0.0096,0.0053,-0.1756,-0.6855
6062,6.062,-0.0058,0.0022,-0.0066,-0,0.0335,-0.1427
6063,6.063,-0.0033,-0.0019,-0.0038,0.0045,0.1154,0.2105
6064,6.064,-0.0057,0.0006,-0.0013,0.0053,0.1402,0.2756
6065,6.065,-0.0006,0.0003,0.0011,0.006,0.1181,0.3344
6066,6.066,-0.0027,0.0006,-0.0007,0.001,0.0979,0.2821
6067,6.067,0.0003,-0.0004,-0.0023,0.0015,0.1534,0.2342
6068,6.068,0.0008,0.0013,-0.0003,0.0019,0.4058,0.7147
6069,6.069,-0.0007,0.0002,-0.0015,0.0004,0.2977,0.7791
6070,6.07,0.0004,0.0045,0.0002,0.0045,0.0017,0.2552
6071,6.071,0.006,0.0002,-0.0006,-0.0008,-0.1181,-0.2387
6072,6.072,0.0038,0.0007,-0.0012,-0.0001,-0.0826,-0.1762
6073,6.073,0.0044,-0.0018,-0.0037,-0.0019,-0.1157,-0.2351
6074,6.074,0.0061,-0.0021,-0.0041,0.0009,-0.1458,-0.2886
6075,6.075,0.0066,0.0008,-0.0027,0.0076,-0.119,-0.2409
6076,6.076,0.004,0.0011,-0.0059,0.0067,-0.3409,-0.5466
6077,6.077,0.0018,-0.0035,-0.0074,0.0058,-0.3709,-0.9836
6078,6.078,-0.0022,0.0023,-0.0051,0.0005,-0.1266,-0.4604
6079,6.079,0.0004,0.0016,-0.0098,0.0054,0.1038,0.0332
6080,6.08,0.0015,0.0009,-0.0027,0.0037,0.0746,0.2266
6081,6.081,0.0018,-0.0033,-0.008,0.0007,0.102,0.2855
6082,6.082,0.0008,-0.0004,-0.0036,-0.0008,0.1267,0.3389
6083,6.083,0.0025,0.0064,-0.0049,-0.0005,0.1045,0.2912
6084,6.084,-0.0006,-0.0021,-0.0072,-0.0002,0.2468,0.335
6085,6.085,0.0004,0.0011,-0.0082,0.0007,0.4136,0.9306
6086,6.086,-0.0013,0.0021,-0.006,-0.0025,0.2119,0.6756
6087,6.087,0.0004,-0.0006,-0.0041,-0.0065,-0.0328,0.1327
6088,6.088,0.0005,0.002,-0.0023,-0.0018,-0.0663,-0.2207
6089,6.089,-0.0001,-0.0002,-0.0042,-0.0023,-0.0964,-0.286
6090,6.09,0.0031,-0.0009,-0.0004,0.0005,-0.1238,-0.3448
6091,6.091,0.0027,-0.0004,-0.0062,-0.0031,-0.0994,-0.2926
6092,6.092,0.0009,-0.0033,-0.0029,-0.0082,-0.1667,-0.2449
6093,6.093,-0.003,0.0003,-0.0033,-0.0018,-0.4314,-0.7256
6094,6.094,-0.0005,-0.0027,-0.0006,-0.0026,-0.2512,-0.7902
6095,6.095,0.0007,0.0001,-0.0022,-0.0019,-0.0208,-0.2666
6096,6.096,-0.0031,0.002,-0.006,-0.004,0.129,0.2271
6097,6.097,-0.0016,0.0003,-0.0062,0.0002,0.1025,0.1647
6098,6.098,-0.0004,0.002,-0.0085,0.0043,0.1274,0.2236
6099,6.099,0.0025,0.0027,-0.0052,-0.0004,0.1054,0.2772
6100,6.1,-0.0011,-0.0002,-0.0021,-0.0009,0.0852,0.2296
6101,6.101,0.004,0.0023,-0.0056,-0.0038,0.3631,0.5352
6102,6.102,0.0047,0.0056,-0.0058,0.004,0.3238,0.8928
6103,6.103,0.0005,0.0009,-0.0085,-0.0015,0.1431,0.4603
6104,6.104,-0.0035,-0.0008,-0.0088,-0.0005,-0.0873,-0.0644
6105,6.105,-0.0009,0.0033,-0.0042,-0.0013,-0.1177,-0.2767
6106,6.106,-0.0013,-0.0025,-0.0072,-0.0004,-0.145,-0.2138
6107,6.107,-0.0033,-0.0003,-0.0044,0.0018,-0.1207,-0.2726
6108,6.108,0.0025,0.0004,-0.0039,0.0012,-0.0984,-0.2204
6109,6.109,0,0.0021,-0.0102,0.0029,-0.2407,-0.2688
6110,6.11,-0.0022,-0.0031,-0.0112,0.0071,-0.4074,-0.9242
6111,6.111,-0.0015,0.0018,-0.0092,0.0036,-0.2056,-0.6438
6112,6.112,-0.0009,-0.0039,-0.0088,0.0033,0.0391,-0.0469
6113,6.113,0.0008,-0.0032,-0.0095,0.0013,0.0727,0.1868
6114,6.114,0.0013,-0.0026,-0.0093,0.0049,0.103,0.2583
6115,6.115,0.0025,-0.002,-0.008,0.0028,0.1304,0.323
6116,6.116,-0.0003,0.0044,-0.0105,0.0076,0.1061,0.2656
6117,6.117,0.0054,0.0019,-0.0128,0.0019,0.1734,0.2132
6118,6.118,-0.0005,-0.0018,-0.0122,-0.0003,0.3974,0.7417
6119,6.119,-0.0011,-0.0082,-0.0142,0.0047,0.3082,0.8123
6120,6.12,0.0009,0.0013,-0.0169,0.0005,0.0097,0.2362
6121,6.121,0.0027,-0.0024,-0.0186,0.0023,-0.11,-0.1523
6122,6.122,-0.0002,-0.0014,-0.0151,0.0018,-0.0744,-0.224
6123,6.123,0.0003,-0.0087,-0.0172,0.0049,-0.1074,-0.2886
6124,6.124,-0.0008,0.0035,-0.0181,0.001,-0.1373,-0.3471
6125,6.125,0.0021,0.0018,-0.0182,0.0005,-0.1104,-0.189
6126,6.126,-0.0015,-0.0027,-0.0174,0.0009,-0.3321,-0.5254
6127,6.127,-0.0018,0.0042,-0.0159,0.0038,-0.362,-0.9187
6128,6.128,-0.0022,-0.002,-0.0216,0.0003,-0.1177,-0.4431
6129,6.129,0.0005,-0.0016,-0.0219,0.0003,0.0743,0.0625
6130,6.13,-0.0005,0.0016,-0.0217,-0.0057,0.1078,0.2561
6131,6.131,0.0019,-0.0036,-0.0243,-0.0015,0.138,0.3152
6132,6.132,0.0036,0.0009,-0.0265,-0.0037,0.1112,0.2632
6133,6.133,-0.0006,-0.0033,-0.023,-0.0016,0.0869,0.2157
6134,6.134,-0.0049,0.002,-0.0158,-0.0021,0.2439,0.3471
6135,6.135,-0.0032,-0,0.0008,0.0056,0.4273,0.8635
6136,6.136,-0.0037,0.0042,0.0275,-0.0017,0.2056,0.6533
6137,6.137,0.0014,0.0037,0.0235,0.001,-0.0634,0.0767
6138,6.138,-0.0007,0.0032,0.0198,-0.0049,-0.1001,-0.1568
6139,6.139,-0.0024,0.0029,0.0105,0.0004,-0.1333,-0.2283
6140,6.14,0.0005,-0.0027,0.0127,-0.0031,-0.1038,-0.2929
6141,6.141,-0.002,-0.002,0.0246,-0.0048,-0.0769,-0.2353
6142,6.142,-0.0063,0.0016,0.0308,-0.0088,-0.1507,-0.1827
6143,6.143,-0.0058,0.001,0.0364,-0.0103,-0.3973,-0.7111
6144,6.144,-0.0083,0.0015,0.0342,-0.0034,-0.299,-0.9222
6145,6.145,-0.0053,0.0051,0.0355,0.0019,-0.0299,-0.3458
6146,6.146,0.0003,0.0009,0.0396,-0.0066,0.079,0.0429
6147,6.147,0.0025,0.0049,0.0433,-0.0076,0.1123,0.1147
6148,6.148,0.0031,-0.0008,0.0568,-0.0086,0.1424,0.3074
6149,6.149,0.0001,-0.0015,0.0509,-0.004,0.1156,0.3661
6150,6.15,-0.0005,-0.0035,0.032,-0.0015,0.0911,0.2083
6151,6.151,0,0.0007,-0.0006,0.0007,0.3376,0.5448
6152,6.152,-0.003,0.0036,-0.0052,0.0014,0.3706,0.9384
6153,6.153,-0.0027,-0.0022,-0.0093,0.0009,0.1017,0.4629
6154,6.154,-0.0009,-0.0029,-0.006,0.0004,-0.0794,0.0138
6155,6.155,-0.0033,-0.0008,-0.0094,-0.0001,-0.1129,-0.1618
6156,6.156,0.0018,0.0008,-0.0067,-0.0005,-0.1431,-0.2156
6157,6.157,0.0082,0.0013,0.0013,-0.0017,-0.1163,-0.2642
6158,6.158,0.0056,0.0029,-0.0012,-0.0068,-0.092,-0.221
6159,6.159,0.0034,0.0017,-0.0034,0.001,-0.2489,-0.34
6160,6.16,0.0041,0.0028,-0.0015,-0,-0.4324,-0.8812
6161,6.161,0.001,-0.0023,-0.0033,0.0008,-0.2106,-0.6495
6162,6.162,0.0027,0.0013,-0.0016,-0.0018,0.0585,-0.1563
6163,6.163,0.0032,-0.0045,-0.0062,-0.004,0.0952,0.1653
6164,6.164,-0.0019,-0.0067,-0.0048,0.0009,0.1284,0.2246
6165,6.165,0.0059,-0.0031,-0.0059,0.0003,0.0989,0.2782
6166,6.166,-0.0036,-0.0026,-0.009,0.0044,0.1261,0.3268
6167,6.167,0.0026,-0.0031,-0.0119,0.0028,0.1507,0.1962
6168,6.168,-0.0006,-0.0016,-0.009,0.0016,0.3972,0.7125
6169,6.169,0.0024,0.0026,-0.0046,0.0054,0.2988,0.7833
6170,6.17,0.0016,-0.0051,-0.0096,0.0069,0.0297,0.335
6171,6.171,0.0024,0.0022,-0.01,0.0099,-0.1514,-0.1897
6172,6.172,0.0046,-0.0005,-0.0155,0.0051,-0.1192,-0.2614
6173,6.173,-0.0003,-0.0014,-0.0115,0.0021,-0.0898,-0.3262
6174,6.174,0.0013,0.0008,-0.0105,0.0025,-0.1171,-0.2689
6175,6.175,-0.0004,-0.0012,-0.0132,0.004,-0.0928,-0.2166
6176,6.176,0.0022,-0.0007,-0.0052,0.0082,-0.3394,-0.457
6177,6.177,0.0064,-0.006,0.0109,0.0053,-0.3724,-0.9378
6178,6.178,-0.0012,-0.004,0.036,0.0047,-0.1037,-0.4901
6179,6.179,0.0018,-0.001,0.0333,-0.0023,0.0774,0.0345
6180,6.18,-0.0046,0.0019,0.0425,0.003,0.1108,0.247
6181,6.181,-0.0038,-0.0039,0.0457,-0.0017,0.1409,0.312
6182,6.182,-0.0045,-0.0017,0.0289,-0.0095,0.1141,0.2547
6183,6.183,-0.0024,0.0032,0.0091,-0.0105,0.0897,0.2022
6184,6.184,-0.0029,0.0027,0.0015,-0.0041,0.2016,0.2503
6185,6.185,-0.0024,0.001,0.0045,-0.0016,0.385,0.9055
6186,6.186,-0.0019,0.0067,-0.0061,-0.001,0.2125,0.625
6187,6.187,0.0031,0.0014,-0.0076,0.001,-0.0347,0.1982
6188,6.188,-0.0033,-0.0006,-0.0052,-0.0032,-0.0683,-0.1904
6189,6.189,-0.0024,0.0024,-0.0097,0.0032,-0.0986,-0.2618
6190,6.19,-0.0018,0.0029,-0.0047,-0.0027,-0.1261,-0.3266
6191,6.191,-0.0024,0.0045,-0.0029,-0.0034,-0.1018,-0.2693
6192,6.192,0.0018,0.0056,-0.0036,0.0001,-0.1242,-0.2169
6193,6.193,0.0024,-0.0008,-0.0064,-0.0016,-0.4295,-0.7455
6194,6.194,0.0059,0,-0.003,0.0001,-0.2988,-0.8163
6195,6.195,-0.001,0.0026,-0.0034,-0.0057,-0.0205,-0.2404
6196,6.196,0.0001,0.0032,-0.0071,-0.0004,0.0884,0.148
6197,6.197,-0.0008,-0.0032,-0.0061,0.0031,0.1217,0.2195
6198,6.198,-0.0016,0.0027,-0.0036,0.0048,0.1517,0.2842
6199,6.199,0.0037,-0.001,-0.0037,-0.0016,0.1249,0.3429
6200,6.2,-0.0012,-0.0003,-0.0039,0.0027,0.1004,0.185
6201,6.201,0.0046,0.0014,-0.0083,0.0005,0.347,0.5214
6202,6.202,0.0009,-0.0027,-0.0075,-0.0031,0.3801,0.9148
6203,6.203,0.0002,-0.0052,-0.0031,0.0012,0.1113,0.4393
6204,6.204,0.0007,0.0017,-0.0043,0.0041,-0.0698,-0.0099
6205,6.205,-0.0009,0.0047,-0.0063,0.0046,-0.1033,-0.1857
6206,6.206,-0.0025,-0.0074,-0.0063,0.0058,-0.1334,-0.2395
6207,6.207,-0.0021,-0.0057,-0.0096,-0.0006,-0.1066,-0.2881
6208,6.208,-0.0009,0.0019,-0.0063,0.0003,-0.0822,-0.2451
6209,6.209,0.0016,0.0033,-0.0049,0.0046,-0.239,-0.285
6210,6.21,-0.0001,-0.0004,-0.0036,0.0039,-0.4224,-0.8265
6211,6.211,0.001,-0.0014,-0.0051,0.0004,-0.2006,-0.7496
6212,6.212,0.0011,-0.0004,-0.0038,-0.0026,0.0087,-0.1155
6213,6.213,-0.0006,-0.0012,-0.0034,0.0004,0.0907,0.1413
6214,6.214,0.0032,-0.0038,-0.0071,0.0019,0.1157,0.2198
6215,6.215,-0.0016,0.0047,-0.0074,-0.0002,0.1383,0.2908
6216,6.216,-0.0021,0.0057,-0.0067,-0.0005,0.1182,0.2273
6217,6.217,-0.0016,0.0005,-0.0087,-0.004,0.1368,0.1698
6218,6.218,0.0031,0.0013,-0.0074,-0.0009,0.3893,0.751
6219,6.219,-0.0026,0.0039,-0.0075,-0.0005,0.2814,0.8288
6220,6.22,-0.0005,0.0046,-0.0077,0.0005,0.0511,0.3361
6221,6.221,-0.0025,-0.0032,-0.0044,0.0016,-0.0987,-0.1133
6222,6.222,-0.002,0.0021,-0.0061,0.0026,-0.1263,-0.1729
6223,6.223,0.0008,0.0012,-0.007,-0.0016,-0.1511,-0.2264
6224,6.224,-0.0017,-0.0013,-0.0079,0.0015,-0.1289,-0.275
6225,6.225,0.0005,0.0024,-0.007,0.001,-0.1088,-0.2318
6226,6.226,0.0016,0.0004,-0.0086,-0.0015,-0.3495,-0.5098
6227,6.227,-0.0009,-0.0001,-0.0116,-0.0018,-0.3825,-0.9792
6228,6.228,0.0007,-0.0018,-0.0118,-0.0021,-0.1137,-0.5316
6229,6.229,-0.001,0.004,-0.0091,-0.0018,0.0674,-0.007
6230,6.23,0.0034,0.0003,-0.0065,-0.0028,0.0969,0.2261
6231,6.231,0.0015,-0.0019,-0.011,0.0011,0.1301,0.2973
6232,6.232,0.0027,0.0017,-0.0078,-0.0014,0.1602,0.3619
6233,6.233,0.0004,0.0034,-0.0117,0.0016,0.0791,0.3044
6234,6.234,-0.0009,-0.003,-0.0131,0.002,0.2515,0.2518
6235,6.235,0.0014,-0.0022,-0.0061,0.001,0.4085,0.8764
6236,6.236,-0.003,-0.0059,0.0098,0.0027,0.2252,0.6215
6237,6.237,-0.0025,-0.001,0.0254,-0.0024,0.0027,0.0787
6238,6.238,-0.0041,0.0007,0.0398,-0.0017,-0.0874,-0.1338
6239,6.239,-0.0044,-0.0046,0.0492,-0.0022,-0.1149,-0.199
6240,6.24,-0.0048,-0.001,0.0476,-0.0039,-0.1397,-0.2579
6241,6.241,-0.0058,-0.0027,0.0462,0.0019,-0.1177,-0.3114
6242,6.242,-0.0082,-0.0032,0.0311,0.0026,-0.1381,-0.1676
6243,6.243,-0.0032,-0.0058,0.0006,0.0005,-0.416,-0.7355
6244,6.244,-0.0025,-0.0028,-0.0124,-0.0011,-0.2973,-0.8134
6245,6.245,0.0005,0.002,-0.0004,0.0005,-0.0445,-0.3208
6246,6.246,-0.0012,-0.0023,-0.0038,0.0031,0.1204,0.1284
6247,6.247,-0.0007,0.0006,-0.0004,-0.002,0.0912,0.1878
6248,6.248,0.0035,0,-0.0031,-0.0013,0.1185,0.2413
6249,6.249,0.0052,0.0012,-0.0002,-0.0056,0.0942,0.2898
6250,6.25,0.0026,-0.0017,0.0024,0.0009,0.0271,0.2465
6251,6.251,0.0014,-0.0007,0.0004,0.0034,0.3323,0.4448
6252,6.252,-0.0033,0.0016,0.0026,-0.0004,0.3761,0.914
6253,6.253,0.0061,-0.0035,0.0047,-0.0039,0.1774,0.4663
6254,6.254,0.0048,-0.0084,0.0067,-0.0056,-0.0758,-0.0585
6255,6.255,0.001,-0.0067,0.0023,-0.0004,-0.1094,-0.2709
6256,6.256,0.0066,-0.0015,0.004,-0.0025,-0.1395,-0.2081
6257,6.257,0.0035,-0.0022,0.008,-0.0067,-0.1128,-0.267
6258,6.258,0.0027,0.002,0.0026,-0.0027,-0.0884,-0.215
6259,6.259,0.0018,0.0003,0.004,-0.0063,-0.2005,-0.2635
6260,6.26,0.0011,0.0038,0.0015,-0.0021,-0.4245,-0.919
6261,6.261,0.0004,0.0026,0.0027,-0.0085,-0.216,-0.6387
6262,6.262,0.0009,0.0029,0.0052,-0.0077,0.0286,-0.2124
6263,6.263,0.0026,0.0004,0.002,-0.0025,0.1277,0.1761
6264,6.264,-0.0009,0.0049,0.0054,0.001,0.0984,0.2472
6265,6.265,0.0033,0.0044,0.0017,0.0041,0.1258,0.1838
6266,6.266,0.005,0.0003,0.0026,0.0012,0.1014,0.2423
6267,6.267,0.0015,0.0028,0.0007,0.0059,0.1239,0.1895
6268,6.268,-0.0016,0.0032,-0.0018,0.0075,0.4291,0.718
6269,6.269,0.0032,0.0011,-0.001,0.0011,0.2983,0.9291
6270,6.27,0.0027,0.0021,0.0017,0.0036,0.02,0.353
6271,6.271,0.001,0.0004,0.0024,0.0057,-0.0888,-0.1905
6272,6.272,-0.0048,-0.0013,0.0003,0.0008,-0.1221,-0.2623
6273,6.273,-0.0026,0.0024,0.0017,0.0038,-0.0926,-0.1992
6274,6.274,-0.0019,-0.0012,0.0025,0.0021,-0.12,-0.2579
6275,6.275,-0.0002,-0,0.0016,0.0088,-0.0955,-0.2057
6276,6.276,-0.0031,-0.0004,0.0003,0.0023,-0.342,-0.4461
6277,6.277,-0.0015,-0.0023,-0.001,-0.0002,-0.3749,-0.9269
6278,6.278,-0.0019,-0.0026,0.0018,0.0004,-0.1061,-0.4795
6279,6.279,-0.0015,-0.0016,-0.0028,0.001,0.0751,0.0449
6280,6.28,0.0036,0.0014,0.0011,-0.002,0.1086,0.2574
6281,6.281,-0.0013,-0.0015,-0.0042,0.002,0.1388,0.1945
6282,6.282,-0.0018,0.0043,-0.0044,-0.0016,0.1122,0.2532
6283,6.283,0.0011,0.0017,-0.0033,0.0014,0.0879,0.3066
6284,6.284,-0.0024,0.0055,-0.0045,0.0002,0.2449,0.2587
6285,6.285,-0.0021,0.0019,-0.0012,-0.0009,0.4284,0.8267
6286,6.286,-0.0001,0.0036,-0.0003,0.0037,0.2067,0.7497
6287,6.287,-0.0011,0.0007,0.0053,-0.0021,-0.0024,0.1155
6288,6.288,0.0013,-0.0008,0.0064,-0.0043,-0.0842,-0.1414
6289,6.289,-0.003,0.0014,-0.0001,-0.0036,-0.109,-0.2199
6290,6.29,0.0022,0.0011,0.003,-0.002,-0.1315,-0.2909
6291,6.291,0.0029,-0.0015,0.0025,0.0033,-0.1113,-0.3554
6292,6.292,-0.0001,0.0002,0.0006,-0.0045,-0.1298,-0.1815
6293,6.293,-0.0006,0.0026,-0.0012,0.0027,-0.3821,-0.6571
6294,6.294,-0.001,0.0001,-0.0015,0.0019,-0.3461,-0.8494
6295,6.295,0.0002,-0.0002,0.0015,0.0044,-0.05,-0.3257
6296,6.296,-0.0037,0.0001,0.0032,-0.0025,0.0698,0.1682
6297,6.297,-0.0001,-0.0012,0.0003,0.0002,0.1066,0.2339
6298,6.298,0.0003,-0.0024,0,-0.0006,0.1398,0.2928
6299,6.299,0.0032,-0.0001,-0.0025,0.0001,0.1105,0.3462
6300,6.3,0.0036,-0.0032,-0.0008,0.0008,0.0837,0.2025
6301,6.301,-0.0016,0.0008,-0.0032,-0.0009,0.3057,0.4211
6302,6.302,-0.0009,-0.0028,-0.0002,0.0008,0.3954,0.9376
6303,6.303,-0.0002,-0.0031,0.0017,0.0013,0.1514,0.4456
6304,6.304,-0.0019,0.0026,0.0019,0.0035,-0.0788,-0.0035
6305,6.305,0.0057,0.0004,0.0007,0.0023,-0.1092,-0.1793
6306,6.306,0.0005,-0.0003,-0.0013,-0.0002,-0.1365,-0.2331
6307,6.307,0.0014,-0.0019,0.0003,0.0009,-0.1121,-0.2817
6308,6.308,-0.0028,-0.0002,-0.0017,0.0039,-0.0898,-0.2384
6309,6.309,-0.0006,0.0024,-0.0057,-0.0018,-0.1914,-0.278
6310,6.31,-0.0055,0.0002,-0.0075,-0.006,-0.4321,-0.8192
6311,6.311,-0.0012,0.0015,-0.009,-0.0053,-0.2023,-0.7423
6312,6.312,-0.0041,0.0025,-0.0073,-0.0017,0.0071,-0.108
6313,6.313,-0.0005,-0.0027,-0.0052,-0.0022,0.0891,0.1491
6314,6.314,-0.0017,-0.002,-0.0066,-0.0038,0.1143,0.2279
6315,6.315,0.0003,0.0001,-0.0121,-0.0023,0.137,0.299
6316,6.316,-0.0007,-0.0015,-0.0133,0.0039,0.117,0.2356
6317,6.317,-0.0003,0.0026,-0.0133,-0.0003,0.1356,0.178
6318,6.318,0.0007,-0.001,-0.0085,0.002,0.3881,0.6538
6319,6.319,0.0044,0.0002,-0.0111,0,0.2803,0.8462
6320,6.32,0.0009,-0.0001,-0.0147,0.0017,0.0501,0.3228
6321,6.321,0.0012,0.0025,-0.0112,0.0035,-0.0996,-0.1707
6322,6.322,0.0001,0.0064,-0.0133,0.0083,-0.073,-0.2361
6323,6.323,0.0036,-0.0014,-0.0151,0.0026,-0.1471,-0.295
6324,6.324,0.0014,-0.0024,-0.0153,0.0004,-0.125,-0.3481
6325,6.325,0.0034,0.0007,-0.0141,0.0011,-0.1048,-0.2044
6326,6.326,0.0009,-0.002,-0.015,0.0054,-0.3085,-0.4228
6327,6.327,0.0041,-0.0045,-0.0167,0.0037,-0.39,-0.9392
6328,6.328,0.0012,-0.0008,-0.0171,0.0053,-0.1187,-0.5877
6329,6.329,-0.0023,-0.0028,-0.0216,0.0022,0.0624,-0.0106
6330,6.33,0.0007,-0.0011,-0.0206,0.0035,0.0958,0.2233
6331,6.331,-0.001,-0.0014,-0.0216,0.0033,0.135,0.2494
6332,6.332,0.0002,-0.0031,-0.0227,0.0008,0.1055,0.3204
6333,6.333,0.0028,0.0037,-0.0255,-0.0044,0.0785,0.257
6334,6.334,-0.0018,0.0045,-0.0233,-0.0022,0.2016,0.3154
6335,6.335,-0.0023,0.002,-0.0249,-0.0015,0.4034,0.8967
6336,6.336,-0.0007,-0.0017,-0.0203,-0.0032,0.2136,0.665
6337,6.337,-0.0022,0.0003,-0.0094,-0.0073,-0.0089,0.1719
6338,6.338,-0.0025,0.0008,0.0154,-0.0037,-0.0991,-0.1493
6339,6.339,-0.0046,-0.0021,0.0257,-0.0025,-0.1267,-0.2085
6340,6.34,-0.002,-0.0046,0.0219,-0.0028,-0.1025,-0.2619
6341,6.341,-0.0073,-0.0016,0.0126,-0.0025,-0.1253,-0.3105
6342,6.342,-0.011,0.0004,0.0094,-0.0057,-0.1458,-0.1798
6343,6.343,-0.0046,0.003,0.0212,-0.0053,-0.4238,-0.6959
6344,6.344,-0.0003,0.0006,0.0363,-0.0064,-0.3051,-0.9069
6345,6.345,0.0003,-0.0018,0.0257,-0.0031,-0.0524,-0.4588
6346,6.346,0.001,0.0001,0.0309,-0.0019,0.1123,0.1824
6347,6.347,0.0052,0.0017,0.0356,-0.0016,0.0829,0.2691
6348,6.348,0.0023,0,0.0428,0.0008,0.1102,0.3473
6349,6.349,0.0008,-0.0029,0.0411,0.0045,0.0858,0.2778
6350,6.35,0.0069,-0.0019,0.047,0.0041,0.1081,0.2143
6351,6.351,0.0077,-0.0071,0.0478,0.0002,0.3318,0.505
6352,6.352,-0.0008,-0.0049,0.0485,0.0038,0.3617,0.9808
6353,6.353,-0.0018,-0,0.0568,-0.0032,0.1717,0.5333
6354,6.354,-0.0008,0.0057,0.0534,-0.0042,-0.051,0.0088
6355,6.355,0.0019,-0.0012,0.0417,-0.0034,-0.0816,-0.2035
6356,6.356,-0.0006,-0.0004,0.0186,0.0008,-0.1091,-0.2683
6357,6.357,0.0031,-0.0013,-0.0045,0.0001,-0.134,-0.3268
6358,6.358,-0.0018,-0.0006,-0.0017,0.005,-0.0671,-0.2743
6359,6.359,0.0012,0.0014,-0.0045,0.002,-0.2096,-0.2264
6360,6.36,-0.0029,-0.0017,-0.0068,0.0024,-0.4135,-0.8816
6361,6.361,0.0006,-0.0046,-0.0002,0.0049,-0.224,-0.7883
6362,6.362,-0.0016,-0.0021,0.0019,-0.002,-0.0016,-0.1914
6363,6.363,0.0004,-0.0009,0.0038,-0.0031,0.0884,0.1974
6364,6.364,0.0001,0.003,0.0057,-0.0004,0.1158,0.2689
6365,6.365,0.0025,-0.0028,0.0013,-0.0099,0.1405,0.3338
6366,6.366,-0.0026,0.0042,-0.0026,-0.0137,0.1183,0.2765
6367,6.367,-0.0006,0.0014,0.0039,-0.0105,0.1386,0.2242
6368,6.368,0.0024,0.0057,0.0052,-0.0032,0.3793,0.6567
6369,6.369,-0.0004,0.0034,0.0024,0.0032,0.281,0.8315
6370,6.37,-0.001,0.0055,0,0.0023,0.0717,0.3557
6371,6.371,-0.0006,0.006,-0.0021,0.0001,-0.0646,-0.0934
6372,6.372,-0.001,0.0019,-0.0024,0.0036,-0.0897,-0.2689
6373,6.373,-0.0013,0.0034,0.0015,0.0019,-0.1123,-0.2168
6374,6.374,0.0019,-0.0035,-0.0011,0.0047,-0.133,-0.2652
6375,6.375,-0.0001,-0.0025,-0.0024,0.0042,-0.0777,-0.2218
6376,6.376,0.0009,0.0002,0.0016,0.0045,-0.3301,-0.4202
6377,6.377,0.0026,0.001,-0.0041,0.0065,-0.3664,-0.9615
6378,6.378,-0.0005,-0.0012,-0.0012,0.0039,-0.1365,-0.5745
6379,6.379,0.002,-0.0032,-0.003,0.0022,0.0729,0.0601
6380,6.38,0.003,0.0026,-0.0006,0.0058,0.1006,0.1471
6381,6.381,0.0034,0.0004,-0.0018,0.0036,0.1254,0.2257
6382,6.382,0.002,-0.0032,-0.0019,-0.0003,0.1481,0.2967
6383,6.383,0.0003,0.0051,-0.003,0.0001,0.0873,0.2334
6384,6.384,0.0005,-0.0004,-0.0003,0.0013,0.2169,0.2918
6385,6.385,0.0007,-0.0035,-0.0062,0.0001,0.4021,0.8732
6386,6.386,-0.0024,-0.0026,-0.0066,0.0026,0.2297,0.6416
6387,6.387,-0.0003,0.0033,-0.0086,-0.0027,-0.0174,0.1486
6388,6.388,-0.0061,0.0027,-0.0029,-0.0034,-0.1166,-0.1729
6389,6.389,-0.0052,0.002,-0.0045,0.0001,-0.0873,-0.2321
6390,6.39,-0.0015,-0.0022,-0.0082,-0.0016,-0.1146,-0.2854
6391,6.391,0.0005,0.0007,-0.0073,0.0024,-0.1392,-0.334
6392,6.392,0.0022,0.0022,-0.0044,0.0039,-0.117,-0.2034
6393,6.393,-0.0007,0,-0.0072,-0.003,-0.3816,-0.64
6394,6.394,0.0009,0.0048,-0.0081,0,-0.3457,-0.9307
6395,6.395,0.0021,0.0031,-0.0068,-0.0008,-0.0498,-0.3492
6396,6.396,0.005,-0.0033,-0.0056,-0.0034,0.07,0.1941
6397,6.397,0.0007,-0.0007,-0.0051,0.0003,0.1068,0.2659
6398,6.398,0.0003,-0.0029,-0.0048,-0.0003,0.1401,0.3306
6399,6.399,0.0008,0.0007,-0.0059,0.0039,0.1106,0.2731
6400,6.4,0.0011,-0.001,-0.0086,-0.0001,0.0838,0.2207
6401,6.401,-0.0017,0.0007,-0.0104,-0.0006,0.3057,0.461
6402,6.402,-0.0021,0.0002,-0.0067,-0.0009,0.3953,0.9417
6403,6.403,-0.0031,-0.0001,-0.0089,-0.002,0.1512,0.4942
6404,6.404,-0.0007,0.0028,-0.0119,-0.0002,-0.0792,-0.0305
6405,6.405,-0.0013,-0.0014,-0.0117,0.0031,-0.1095,-0.2431
6406,6.406,0.0026,0.0039,-0.0066,0.0002,-0.1369,-0.3083
6407,6.407,0.0009,0.0032,-0.0105,-0.0008,-0.1126,-0.2511
6408,6.408,0.0045,-0.0025,-0.0115,-0.0004,-0.0905,-0.3047
6409,6.409,-0.0025,0.0027,-0.0148,-0.0007,-0.2328,-0.2572
6410,6.41,0.0028,-0.0022,-0.0134,0.0007,-0.4365,-0.8253
6411,6.411,0.0001,-0.0016,-0.0112,0.0019,-0.2469,-0.7487
6412,6.412,-0.0024,-0.0011,-0.0166,0.0042,0.0248,-0.1149
6413,6.413,-0.0002,-0.0016,-0.012,-0,0.1337,0.1419
6414,6.414,0.0005,-0.0037,-0.0118,0.0031,0.1013,0.2204
6415,6.415,0,0.0019,-0.0127,-0.0021,0.1314,0.291
6416,6.416,-0.0005,-0.0018,-0.0156,-0.0028,0.1046,0.3554
6417,6.417,0.0021,-0.0039,-0.0157,-0.0022,0.1292,0.1812
6418,6.418,-0.0001,0.0019,-0.02,-0.0027,0.4206,0.6566
6419,6.419,-0.0004,-0.0065,-0.0179,-0.0011,0.3019,0.8486
6420,6.42,-0.0001,-0.0009,-0.0153,0.0041,0.049,0.3248
6421,6.421,-0.0011,-0.0019,-0.0196,0.0062,-0.1158,-0.1692
6422,6.422,-0.0027,-0.0011,-0.0122,0.002,-0.0865,-0.2348
6423,6.423,0.001,-0.0002,0.0044,0.005,-0.1139,-0.2939
6424,6.424,0.0015,0.005,0.0212,0.0003,-0.1387,-0.2419
6425,6.425,0.0019,-0.0057,0.0274,-0.0013,-0.0718,-0.1945
6426,6.426,-0.0029,-0.0011,0.0331,-0.0008,-0.2956,-0.4132
6427,6.427,-0.0024,-0.0052,0.0345,0.004,-0.3852,-0.9298
6428,6.428,0.0005,0.0011,0.0155,0.0024,-0.141,-0.5786
6429,6.429,0.001,0,-0.0022,0.0019,0.0894,-0.0019
6430,6.43,-0.0032,0.001,-0.0048,0.0004,0.0603,0.2317
6431,6.431,0.0044,0.0037,-0.0113,0.0008,0.1419,0.3028
6432,6.432,-0.0063,-0.0005,-0.0162,-0.0024,0.1356,0.288
6433,6.433,-0.0032,0.002,-0.0148,-0.0003,0.1112,0.2243
6434,6.434,0.0032,0.0026,-0.0202,0.0007,0.2232,0.2825
6435,6.435,0.0006,0.0006,-0.019,0.001,0.4065,0.8635
6436,6.436,-0.0001,-0.0011,-0.018,-0.0027,0.2341,0.7865
6437,6.437,-0.0007,0.0017,0.0007,-0.0005,-0.0131,0.1523
6438,6.438,-0.0002,0.0002,0.0141,0.0007,-0.1123,-0.2753
6439,6.439,0.005,-0.001,0.0211,0.0033,-0.1426,-0.1995
6440,6.44,0.0001,-0.0023,0.0274,-0.002,-0.1159,-0.2707
6441,6.441,0.0043,-0.0019,0.0374,0.0002,-0.1406,-0.3355
6442,6.442,0.0002,-0.001,0.0279,-0.0033,-0.1184,-0.2781
6443,6.443,-0.0013,-0.0054,0.0294,-0.0038,-0.3831,-0.648
6444,6.444,-0.0025,0.0022,0.0338,0.0038,-0.3472,-0.8887
6445,6.445,0.0022,-0.0009,0.0378,0.0008,-0.1171,-0.3206
6446,6.446,-0.0009,0.0018,0.0339,-0.0095,0.0326,0.2226
6447,6.447,0.0008,0.0026,0.051,-0.0082,0.1144,0.2942
6448,6.448,-0.0007,0.0033,0.0582,-0.0019,0.1392,0.231
6449,6.449,0.0035,-0.0003,0.047,-0.0051,0.1618,0.2896
6450,6.45,0.0006,0.0013,0.0164,-0.0082,0.101,0.2371
6451,6.451,-0.0042,-0.0016,-0.0055,-0.0036,0.3047,0.3812
6452,6.452,-0.0025,-0.0001,-0.0093,0.0023,0.3861,0.9492
6453,6.453,-0.002,-0.0013,-0.0057,0.0016,0.164,0.5624
6454,6.454,-0.0005,-0.0002,-0.0024,0.0009,-0.0454,0.0687
6455,6.455,-0.0036,0.0023,-0.0051,-0.0008,-0.0732,-0.2528
6456,6.456,-0.0065,-0.003,-0.0022,-0.0004,-0.0981,-0.1959
6457,6.457,-0.0068,-0.0008,0.0004,0.0011,-0.1207,-0.2493
6458,6.458,-0.01,-0.0001,0.0028,-0.0019,-0.1006,-0.298
6459,6.459,-0.0036,-0.0019,0.0011,0.0001,-0.1932,-0.2547
6460,6.46,-0.0028,-0.0071,0.0032,-0.0042,-0.4121,-0.8502
6461,6.461,0.0014,-0.0065,-0.0049,-0.0014,-0.2632,-0.7655
6462,6.462,0.0035,-0.0035,0.003,-0.0009,0.0355,-0.2228
6463,6.463,0.0015,0.0053,-0.0007,0.0003,0.0759,0.2712
6464,6.464,0.0084,0.0015,0.0085,-0.0037,0.1124,0.2087
6465,6.465,-0.0001,0.0005,0.0033,-0.0063,0.1455,0.2674
6466,6.466,0.0009,0.0035,0.0027,-0.0085,0.1159,0.321
6467,6.467,0.0019,0.0007,-0.0014,-0.0106,0.089,0.1775
6468,6.468,0.0027,-0.0001,-0.0018,-0.0096,0.4094,0.6581
6469,6.469,0.0002,0.002,0.0009,-0.0044,0.2787,0.8504
6470,6.47,0.0008,0.0027,-0.0035,0.0071,0.0797,0.3271
6471,6.471,0.0028,-0.0016,-0.0013,0.0053,-0.1013,-0.1665
6472,6.472,0.0011,0.0037,-0.0012,0.0068,-0.0692,-0.2319
6473,6.473,0.004,0.0043,-0.0012,0.0081,-0.0993,-0.2906
6474,6.474,0.0034,0.0038,-0.001,0.0044,-0.1267,-0.3438
6475,6.475,0.0037,0.0021,0.0008,0.0033,-0.1024,-0.1999
6476,6.476,0.0049,0.0016,-0.0043,0.0085,-0.304,-0.4182
6477,6.477,0.003,0.0004,-0.0046,0.002,-0.3855,-0.9344
6478,6.478,0.0034,0.0032,-0.0033,0.0062,-0.1636,-0.5828
6479,6.479,-0.0004,0.0014,-0.0021,0.0024,0.0457,-0.0057
6480,6.48,-0.0001,0.0031,-0.0045,0.0031,0.0734,0.2282
6481,6.481,-0.0029,0.0054,-0.0011,0.0013,0.1474,0.2997
6482,6.482,0.0006,0.0041,-0.0041,0.0042,0.1253,0.2366
6483,6.483,-0.0025,0.0002,-0.0013,0.0089,0.1051,0.2954
6484,6.484,-0.0013,-0.0039,-0.0036,0.0046,0.1976,0.2431
6485,6.485,-0.0032,-0.0075,0.0005,0.0087,0.4164,0.868
6486,6.486,-0.0008,-0.0044,-0.0001,0.0051,0.2077,0.7836
6487,6.487,0.0036,-0.0015,0.0008,0.0008,0.0173,0.2413
6488,6.488,-0.0016,0.0042,-0.0011,0.0013,-0.1066,-0.1117
6489,6.489,0.0019,-0,-0.0008,-0.0002,-0.1295,-0.1768
6490,6.49,0.0002,-0.0022,-0.0046,-0.0053,-0.1502,-0.2352
6491,6.491,-0.005,-0.0016,-0.0036,-0.0074,-0.132,-0.2884
6492,6.492,0.0014,-0.0011,-0.0046,-0.0091,-0.1155,-0.2405
6493,6.493,0.0006,-0.0051,0.002,-0.0039,-0.3451,-0.6335
6494,6.494,0.0013,0.0006,-0.0002,-0.0059,-0.3126,-0.8975
6495,6.495,0.0006,-0,-0.0035,-0.0016,-0.1036,-0.3682
6496,6.496,0.0001,-0.0035,-0.0024,0.0012,0.0868,0.1259
6497,6.497,-0.0028,0.0022,-0.0026,0.0028,0.1118,0.1918
6498,6.498,-0.0043,0.0045,0.0005,0.0024,0.1344,0.2509
6499,6.499,-0,-0.0019,-0.004,0.0004,0.1144,0.3045
6500,6.5,-0.0017,0.0023,-0.0008,0.0015,0.0961,0.257
6501,6.501,-0.0022,-0.0029,0.001,-0.0002,0.3149,0.3884
6502,6.502,0,-0.0022,-0.0004,0.0029,0.4044,0.905
6503,6.503,-0.002,0.0047,-0.0064,0.0019,0.1603,0.554
6504,6.504,0.0016,0.0002,-0.0005,-0.0004,-0.0702,-0.0227
6505,6.505,-0.0026,-0.0006,0.0002,0.002,-0.1007,-0.2561
6506,6.506,0.005,0.0001,-0.0006,-0.0022,-0.1282,-0.1869
6507,6.507,0.002,0.0022,-0.0012,0.0021,-0.1531,-0.2514
6508,6.508,0.0029,-0.002,-0.0054,0.0026,-0.0861,-0.3098
6509,6.509,0.0055,-0.0003,-0.002,0.0011,-0.1879,-0.2572
6510,6.51,0.0018,0.0002,-0.0045,0.0024,-0.4288,-0.8816
6511,6.511,0.0054,0.0033,-0.0059,0.0045,-0.2648,-0.797
6512,6.512,0.0013,-0.0031,-0.0037,0.0035,0.0042,-0.2543
6513,6.513,-0.0015,0.0054,-0.0031,0.0032,0.113,0.2394
6514,6.514,-0.003,-0.0024,-0.0045,-0.0018,0.0806,0.1769
6515,6.515,-0.0018,-0.0013,-0.0062,-0.0038,0.1107,0.2356
6516,6.516,-0.0005,-0.0021,-0.0106,0.0005,0.138,0.2889
6517,6.517,0.002,0.0022,-0.0141,-0.0059,0.1135,0.2411
6518,6.518,0.0004,0.0015,-0.0079,-0.0033,0.4048,0.6343
6519,6.519,0.0015,0.0009,-0.0094,0.0004,0.2861,0.8987
6520,6.52,-0.0022,-0.0008,-0.0093,-0.0016,0.1052,0.3697
6521,6.521,-0.0007,0.0009,-0.0122,0.0002,-0.0597,-0.1241
6522,6.522,0.0024,-0.0026,-0.0135,0.0031,-0.0901,-0.1897
6523,6.523,0.0028,0.0017,-0.0173,-0.0016,-0.1175,-0.2487
6524,6.524,0.0032,-0.0024,-0.0152,0.0027,-0.1423,-0.3023
6525,6.525,-0.002,0.0002,-0.0164,0.0032,-0.0753,-0.2548
6526,6.526,-0.0013,0.0044,-0.0142,-0.0025,-0.2992,-0.386
6527,6.527,-0.0006,0.0016,-0.0197,0.0012,-0.3887,-0.9024
6528,6.528,-0.0001,0.0021,-0.0201,0.0006,-0.1446,-0.5512
6529,6.529,0.0016,-0.0009,-0.0226,-0.0036,0.0859,0.0255
6530,6.53,0.0001,-0.0006,-0.024,-0.0008,0.1163,0.2591
6531,6.531,-0.001,0.002,-0.0237,-0.0013,0.1438,0.1898
6532,6.532,0.0019,0.0003,-0.0242,-0.0001,0.1196,0.2542
6533,6.533,0.0009,-0.0009,-0.0267,0.0009,0.0942,0.27
6534,6.534,-0.0016,0.0001,-0.0266,-0.0003,0.2062,0.2121
6535,6.535,-0.0013,0.0003,-0.0242,0,0.4301,0.7929
6536,6.536,0.0011,0.0037,-0.029,-0.0017,0.2216,0.7157
6537,6.537,-0.0019,0.0006,-0.0305,0.002,-0.023,0.2225
6538,6.538,0.002,0.0053,-0.0244,-0.001,-0.1222,-0.2271
6539,6.539,0.0005,-0.0004,-0.0096,-0.0007,-0.0929,-0.1708
6540,6.54,0.0008,-0.0042,0.0051,-0.0026,-0.1203,-0.3304
6541,6.541,-0.0004,-0.0006,0.0143,-0.0016,-0.1451,-0.2834
6542,6.542,-0.0022,-0.0011,0.019,-0.0067,-0.1228,-0.3279
6543,6.543,-0.0005,-0.0076,0.0063,-0.0061,-0.3875,-0.6858
6544,6.544,-0.0022,-0.0034,0.01,-0.0056,-0.3516,-0.9269
6545,6.545,0.0015,-0.0012,0.0161,0.0008,-0.0558,-0.3591
6546,6.546,-0.001,-0.009,0.0165,-0.0052,0.0639,0.1838
6547,6.547,-0.0041,-0.0059,0.0213,-0.0059,0.1006,0.2552
6548,6.548,0.0007,-0.0014,0.0278,-0.0123,0.1337,0.3196
6549,6.549,0.0001,-0.0056,0.0262,-0.0029,0.1042,0.2618
6550,6.55,-0.0027,-0.0019,0.0143,0.0008,0.0231,0.2089
6551,6.551,-0.0012,0.0016,0.006,0.0018,0.2941,0.3529
6552,6.552,-0.0034,-0.0014,0.0067,0.007,0.4023,0.9206
6553,6.553,-0.0031,-0.002,0.0174,0.0005,0.1725,0.5336
6554,6.554,-0.0057,0.0005,0.0245,-0.0004,-0.0369,0.0397
6555,6.555,-0.0047,-0.0017,0.0226,0.0002,-0.0647,-0.1541
6556,6.556,-0.0077,0.0012,0.0258,-0.0018,-0.1389,-0.2135
6557,6.557,-0.0081,0.0022,0.0263,-0.0061,-0.1169,-0.2671
6558,6.558,-0.0071,0.0045,0.0289,0.0002,-0.0968,-0.3161
6559,6.559,-0.0027,0.0021,0.0388,-0.004,-0.1894,-0.1858
6560,6.56,-0.0023,0.0063,0.0425,-0.0034,-0.4083,-0.7816
6561,6.561,0.0003,-0.0006,0.0308,-0.0055,-0.2593,-0.6973
6562,6.562,-0.001,-0.0034,0.0076,0.0027,-0.0148,-0.155
6563,6.563,0.0019,-0.0059,0.0171,0.0017,0.0844,0.198
6564,6.564,0.0037,-0.0112,0.0377,0.0047,0.1146,0.2632
6565,6.565,0.0033,-0.0063,0.0349,0.0073,0.1419,0.3217
6566,6.566,0.0036,-0.0021,0.0471,0.003,0.1176,0.2692
6567,6.567,0.0038,0.0031,0.0626,0.0052,0.0954,0.2213
6568,6.568,-0.0001,0.0024,0.0442,0.0072,0.4006,0.6145
6569,6.569,0.0062,0.0029,0.007,0.0054,0.3571,0.8788
6570,6.57,0.002,0.0034,-0.0089,0.0013,0.0789,0.3499
6571,6.571,0.0057,0.0038,-0.004,0.0008,-0.1022,-0.1441
6572,6.572,0.0036,0.0042,-0.0083,0.0011,-0.07,-0.2096
6573,6.573,0.0053,0.0038,-0.0042,-0.0002,-0.1596,-0.2687
6574,6.574,-0.0012,0.0019,-0.0075,0.004,-0.1328,-0.3222
6575,6.575,0.0013,0.0051,-0.004,0.0011,-0.1085,-0.2747
6576,6.576,0.0006,0.0022,-0.0008,0.0036,-0.3102,-0.4059
6577,6.577,0.0041,0.0012,-0.0032,0.0048,-0.3916,-0.9224
6578,6.578,0.0036,-0.0012,-0.0004,0.0036,-0.1697,-0.5712
6579,6.579,0.0052,0.0011,-0.0022,0.0046,0.0396,0.0056
6580,6.58,0.0004,0.003,0.0003,0.0069,0.1215,0.2395
6581,6.581,-0.0038,0.0023,-0.0048,0.0038,0.1464,0.3108
6582,6.582,-0.001,-0.0015,-0.0059,-0.0019,0.1244,0.2475
6583,6.583,-0.0005,0.001,-0.0099,-0.0028,0.1042,0.3059
6584,6.584,0.0025,0.0022,-0.0024,-0.0006,0.1968,0.2535
6585,6.585,-0.0031,0.0051,-0.0055,-0.0041,0.4157,0.782
6586,6.586,-0.0024,0.0041,-0.0016,-0.0024,0.2667,0.7123
6587,6.587,-0.0031,0.0002,-0.0062,-0.0019,-0.032,0.2639
6588,6.588,0.001,0.0027,-0.0046,-0.0004,-0.0724,-0.1442
6589,6.589,-0.0007,0.0005,-0.0047,0.0018,-0.1089,-0.1983
6590,6.59,0.0019,-0.0042,-0.0018,-0.0038,-0.1419,-0.247
6591,6.591,-0.0012,-0,-0.0059,-0,-0.1124,-0.2911
6592,6.592,-0.0024,0.0005,-0.0035,-0.0065,-0.0855,-0.1724
6593,6.593,-0.0014,0.001,-0.0011,-0.0022,-0.4058,-0.6415
6594,6.594,-0.0025,-0.002,-0.0062,0,-0.3623,-0.9613
6595,6.595,0.0006,-0,-0.0048,0.0049,-0.084,-0.4376
6596,6.596,0.0031,-0.0042,-0.0062,-0.0008,0.0972,0.0567
6597,6.597,0.0014,-0.0002,-0.0061,-0.0001,0.1308,0.2505
6598,6.598,0.0018,-0.0027,-0.0038,0.0006,0.1609,0.3096
6599,6.599,-0.0001,-0.0049,-0.0047,0.0024,0.1343,0.2577
6600,6.6,0.0016,0.0016,-0.0071,-0.004,0.11,0.2103
6601,6.601,-0.0001,-0.0048,-0.0094,0.0003,0.2669,0.3417
6602,6.602,0.002,0.0064,-0.0091,0.0025,0.4096,0.9377
6603,6.603,0.0027,0.0018,-0.004,0.0006,0.1689,0.5126
6604,6.604,0.0054,-0.0022,-0.0051,0.0001,-0.0614,-0.0301
6605,6.605,0.0002,0.0041,-0.0041,0.0019,-0.0917,-0.2422
6606,6.606,0.0009,0.0009,-0.0031,0.0035,-0.1191,-0.179
6607,6.607,0.0002,-0.0021,-0.0048,0.0023,-0.1437,-0.2374
6608,6.608,-0.0003,-0.0012,-0.004,-0.0023,-0.1214,-0.2904
6609,6.609,0.0014,-0.0054,-0.001,-0.0006,-0.1822,-0.2424
6610,6.61,-0.0033,-0.0002,-0.0058,0.0024,-0.4228,-0.81
6611,6.611,-0.0038,-0.005,-0.0032,-0.0011,-0.2585,-0.7329
6612,6.612,0.0027,0.0008,-0.0048,0.0032,0.0108,-0.2397
6613,6.613,-0.0032,0.003,-0.0076,0.0004,0.1198,0.21
6614,6.614,-0.0039,-0.0006,-0.0101,-0.0011,0.0876,0.2696
6615,6.615,0.0011,-0.001,-0.0083,0.0032,0.1179,0.3233
6616,6.616,-0.0006,-0.0039,-0.0077,0.0016,0.1453,0.276
6617,6.617,0.0023,0.0019,-0.0045,-0.0019,0.121,0.2329
6618,6.618,-0.0002,0.0056,-0.0039,-0.003,0.3677,0.5904
6619,6.619,0.002,0.0036,-0.0005,0.0035,0.3353,0.9272
6620,6.62,-0,0.002,-0.0068,0.0027,0.0665,0.3591
6621,6.621,0.0025,0.0003,-0.0113,0.0019,-0.1144,-0.0292
6622,6.622,-0.002,0.0019,-0.0138,0.0013,-0.0821,-0.2413
6623,6.623,-0.0003,-0.0012,-0.0086,-0.0007,-0.1121,-0.306
6624,6.624,-0.002,0.0001,-0.0079,-0.0024,-0.1393,-0.2484
6625,6.625,0.0005,0.0004,-0.0122,-0.0028,-0.0656,-0.1959
6626,6.626,-0.0007,-0.0019,-0.0128,-0.0063,-0.2672,-0.3401
6627,6.627,-0.0004,0.0025,-0.0093,-0.0075,-0.4028,-0.9081
6628,6.628,-0,0.0042,-0.0051,-0.001,-0.1806,-0.6761
6629,6.629,0.001,-0.0036,-0.0069,-0.0001,0.0288,-0.0416
6630,6.63,-0.0014,-0.0025,-0.0105,0.0058,0.1107,0.2155
6631,6.631,0.0028,0.0005,-0.0102,-0.0011,0.1358,0.294
6632,6.632,-0.0002,-0.0021,-0.0107,-0.0002,0.1138,0.2246
6633,6.633,-0.0007,0.0004,-0.0127,-0.0044,0.0937,0.2892
6634,6.634,0.0008,-0.0057,-0.0177,-0.0049,0.1844,0.2377
6635,6.635,0.0013,-0.0004,-0.0125,-0.0042,0.4253,0.7609
6636,6.636,0.0035,-0.0024,-0.0164,0.0023,0.2613,0.6912
6637,6.637,0.0014,-0.004,-0.0116,0.0031,-0.0078,0.2426
6638,6.638,-0.0021,0.0024,-0.0134,0.0038,-0.1166,-0.1656
6639,6.639,0.0009,-0.0001,-0.0048,0.0059,-0.0842,-0.2198
6640,6.64,-0.0055,0.0036,0.014,0.0016,-0.1143,-0.2685
6641,6.641,0.0009,0.0001,0.022,-0,-0.1416,-0.3127
6642,6.642,0.0034,-0.0016,0.0391,-0.0016,-0.1172,-0.2735
6643,6.643,-0.0019,0.0037,0.0368,0.0015,-0.4085,-0.6705
6644,6.644,-0.0083,-0.0028,0.0468,-0.0005,-0.3692,-1.0406
6645,6.645,-0.0075,-0.0002,0.0447,-0.0041,-0.1165,-0.4158
6646,6.646,-0.0053,-0.0024,0.0294,-0.0053,0.114,0.1815
6647,6.647,-0.006,0.0025,0.0027,-0.0024,0.0848,0.2604
6648,6.648,0.001,0.0008,-0.001,-0.0027,0.1121,0.3314
6649,6.649,-0.0018,0.0003,-0.011,-0.0004,0.1368,0.2681
6650,6.65,-0.0009,-0.0023,-0.0082,-0.0028,0.0697,0.2103
6651,6.651,-0.0062,-0.0001,-0.0056,0.0014,0.2935,0.3689
6652,6.652,-0.0082,-0.0021,-0.0034,0.0009,0.3829,0.8974
6653,6.653,-0.0066,-0.0072,-0.0057,-0.0032,0.193,0.546
6654,6.654,-0.0013,-0.0007,-0.0037,-0.0007,-0.0297,0.097
6655,6.655,0.0036,0.0035,-0.0057,-0.0037,-0.1198,-0.1951
6656,6.656,0.003,0.0057,-0.0041,-0.0066,-0.1474,-0.2491
6657,6.657,0.0013,0.0021,-0.0026,-0.0048,-0.1232,-0.2978
6658,6.658,0.0039,-0.0009,-0.004,0.0004,-0.1459,-0.2546
6659,6.659,0.0042,0.0008,-0.0052,0.0057,-0.207,-0.2154
6660,6.66,0.0062,0.0003,-0.0062,0.0036,-0.4479,-0.7567
6661,6.661,0.002,0.0033,-0.0032,0.0005,-0.2184,-0.8344
6662,6.662,0.0024,-0.0006,-0.004,0.001,-0.0093,-0.2006
6663,6.663,0.004,-0.0011,-0.0049,0.0015,0.1269,0.2267
6664,6.664,0.0082,0.004,-0.0055,-0.0055,0.1518,0.3054
6665,6.665,0.0017,0.0019,-0.0075,-0.0025,0.1296,0.2359
6666,6.666,0.0043,-0.0023,-0.0057,-0.0034,0.1094,0.3003
6667,6.667,0.005,0.0017,-0.0062,0.0008,0.1278,0.2424
6668,6.668,-0.0015,-0.0008,0.0017,-0.0014,0.3801,0.612
6669,6.669,0.0044,-0.0005,0.0189,0.0021,0.3441,0.8524
6670,6.67,0.0022,0.0034,0.0363,0.0051,0.1139,0.3716
6671,6.671,-0.0013,-0.0013,0.043,0.0022,-0.0956,-0.0779
6672,6.672,0.0056,0.0017,0.0493,0.0047,-0.0694,-0.2537
6673,6.673,0.0011,0.0012,0.0439,0.0058,-0.1436,-0.3077
6674,6.674,0.0019,0.0017,0.0255,0.0038,-0.1217,-0.2605
6675,6.675,0.0013,-0.0044,0.0133,0.0002,-0.1017,-0.2174
6676,6.676,0.0019,-0.0019,0.0024,-0.0011,-0.3055,-0.3366
6677,6.677,-0.0011,-0.0013,0.0046,-0.0032,-0.387,-0.8781
6678,6.678,-0.0052,-0.0048,0.003,0.0003,-0.1653,-0.6465
6679,6.679,-0.0016,-0.0006,-0.0052,0.0015,0.0439,-0.0124
6680,6.68,-0.0028,-0.0059,-0.0065,-0.0014,0.1257,0.2445
6681,6.681,-0.0016,-0.0052,-0.0021,-0.004,0.1505,0.1682
6682,6.682,-0.0005,-0.001,-0.0106,-0.0024,0.1283,0.239
6683,6.683,0.0005,-0.0062,-0.0071,-0.0021,0.1081,0.3031
6684,6.684,-0.0012,-0.0082,-0.0058,-0.002,0.1635,0.2454
6685,6.685,-0.0019,-0.004,-0.0046,-0.0008,0.4158,0.8264
6686,6.686,-0.0017,0.0012,-0.0068,0.0029,0.2355,0.7494
6687,6.687,-0.001,-0.0008,-0.0043,0.0044,0.0051,0.2563
6688,6.688,0.0014,-0.0003,-0.0019,0.0021,-0.0851,-0.193
6689,6.689,-0.001,0.0014,-0.001,0.0018,-0.1128,-0.2524
6690,6.69,0.0033,0.0061,0.0058,0.0007,-0.1377,-0.306
6691,6.691,0.0016,0.0078,0.0037,0.0017,-0.1157,-0.2587
6692,6.692,0.0057,0.0049,0.0018,0.0034,-0.0956,-0.2155
6693,6.693,0.0009,0.0024,0.0029,-0.0003,-0.3734,-0.5729
6694,6.694,-0.0033,0.0074,0.0015,-0.0009,-0.3341,-0.9097
6695,6.695,-0.0028,0.0054,-0.0035,0.0003,-0.0814,-0.4291
6696,6.696,-0.0023,0.0049,-0.0026,0.0015,0.0835,0.1483
6697,6.697,-0.0011,0.0032,-0.0041,0.0065,0.1139,0.2275
6698,6.698,-0.0031,0.0017,0.0001,0.0016,0.1412,0.2988
6699,6.699,-0.0005,0.002,-0.0013,0.0021,0.1169,0.2355
6700,6.7,0.0019,-0.0027,-0.0008,0.0026,0.0947,0.2939
6701,6.701,-0.0011,-0.0022,-0.0036,-0.0009,0.2779,0.3469
6702,6.702,-0.0015,0.0007,-0.0025,-0.006,0.4013,0.8757
6703,6.703,0.0003,0.0022,-0.0041,-0.008,0.1547,0.5244
6704,6.704,-0,0,-0.0031,-0.0038,-0.0757,0.0755
6705,6.705,-0.0007,-0.002,-0.0073,-0.0009,-0.106,-0.2164
6706,6.706,-0.003,-0.0017,-0.0032,0.0016,-0.1335,-0.2703
6707,6.707,-0.004,-0.0007,-0.0062,-0.0026,-0.1583,-0.3191
6708,6.708,-0.0009,-0.0023,-0.0058,0.0015,-0.0914,-0.276
6709,6.709,0.003,-0.0005,-0.0057,0.003,-0.1931,-0.2367
6710,6.71,0.0025,0.0024,0.0005,-0.0039,-0.4339,-0.7779
6711,6.711,-0.0025,-0.0011,-0.0082,0.0013,-0.2699,-0.8556
6712,6.712,0.001,-0.0033,-0.0053,-0.0014,-0.0007,-0.2218
6713,6.713,-0.002,-0.0012,-0.0087,-0.0005,0.1081,0.2056
6714,6.714,0.0009,0.0007,-0.01,-0.0057,0.1415,0.2845
6715,6.715,0.0004,0.0003,-0.0097,-0.0008,0.1121,0.3556
6716,6.716,-0.0007,0.0027,-0.0108,0.0022,0.1394,0.2923
6717,6.717,-0.0028,0.0025,-0.0093,0.0006,0.115,0.2347
6718,6.718,-0.0024,0.0037,-0.0093,0.0021,0.3616,0.6044
6719,6.719,-0,0,-0.0115,0.0033,0.329,0.9412
6720,6.72,-0.0004,-0.0015,-0.0135,0.003,0.12,0.3732
6721,6.721,-0.001,-0.0027,-0.0129,0.0027,-0.0704,-0.0152
6722,6.722,-0.0003,0.0029,-0.0132,0.0045,-0.0955,-0.2275
6723,6.723,-0.001,-0.0023,-0.0156,0.0049,-0.1181,-0.2924
6724,6.724,0.0022,0.0012,-0.0131,0.0007,-0.1387,-0.351
6725,6.725,-0.0008,-0.0005,-0.0158,0.0065,-0.0834,-0.193
6726,6.726,0.002,0.0036,-0.0156,0.0043,-0.2685,-0.3372
6727,6.727,-0.0015,-0.0042,-0.0147,0.0023,-0.3918,-0.9052
6728,6.728,0.0027,-0.0032,-0.0205,0.0081,-0.19,-0.6732
6729,6.729,0.0056,-0.0042,-0.0193,0.0044,0.0548,-0.0388
6730,6.73,0.0009,-0.0015,-0.0159,0.0009,0.0884,0.2184
6731,6.731,0.0039,-0.0058,-0.0208,-0.0008,0.1186,0.297
6732,6.732,0.0022,-0.0005,-0.0212,-0.0024,0.146,0.2276
6733,6.733,-0.0003,0.0044,-0.0271,-0.0039,0.1217,0.2921
6734,6.734,0,0.0002,-0.0286,-0.0051,0.1441,0.2344
6735,6.735,0.0012,-0.0009,-0.0257,-0.0042,0.4138,0.7837
6736,6.736,0.0015,0.002,-0.0296,-0.0039,0.2717,0.7314
6737,6.737,0.0012,0.0015,-0.0228,-0.0013,0.0303,0.2022
6738,6.738,-0.0012,0.0027,-0.0309,-0.0003,-0.1344,-0.1508
6739,6.739,0.0012,-0.0012,-0.0326,-0.0013,-0.1051,-0.2161
6740,6.74,0.0005,0.0003,-0.0205,-0.0055,-0.1325,-0.2748
6741,6.741,-0.0007,-0.0009,0.0066,-0.0024,-0.1572,-0.328
6742,6.742,0.0025,-0.0021,0.0258,-0.0065,-0.09,-0.184
6743,6.743,0.0037,-0.0056,0.0214,-0.005,-0.3546,-0.5771
6744,6.744,-0.0005,-0.0026,0.0109,-0.0046,-0.3907,-1.0529
6745,6.745,0.0023,0.0021,0.0073,-0.0018,-0.0949,-0.477
6746,6.746,0.0018,0.0004,0.0202,-0.0014,0.1043,0.0665
6747,6.747,0.0015,-0.0013,0.0219,-0.0011,0.1411,0.279
6748,6.748,-0.0033,0.0034,0.0057,-0.0028,0.1086,0.344
6749,6.749,-0.0075,0.0017,0.0112,0.0014,0.1387,0.2868
6750,6.75,-0.0092,-0.0012,0.0087,0.0009,0.0578,0.2345
6751,6.751,-0.0066,0.0013,0.02,-0.0008,0.2797,0.3788
6752,6.752,-0.0024,-0.0048,0.024,0.0049,0.3693,0.9469
6753,6.753,-0.0007,-0.0023,0.0331,0.0042,0.1253,0.5603
6754,6.754,-0.0012,0.0014,0.0364,0.0006,-0.0395,0.067
6755,6.755,-0.0001,0.0034,0.0327,0,-0.0699,-0.1264
6756,6.756,-0.0004,-0.0061,0.0418,0.0041,-0.0973,-0.1856
6757,6.757,0.0031,-0.0048,0.0477,0.0046,-0.1221,-0.2391
6758,6.758,0.0001,-0.006,0.0484,0.0033,-0.0999,-0.2877
6759,6.759,-0.0003,-0.0028,0.0471,0.003,-0.1607,-0.2443
6760,6.76,0.0008,0.0002,0.0495,0.002,-0.4014,-0.7604
6761,6.761,0.0004,-0.0025,0.0535,0.0023,-0.2373,-0.831
6762,6.762,-0.0033,-0.0067,0.0586,0.0012,-0.028,-0.2547
6763,6.763,0.0028,0.0017,0.0478,-0.003,0.1084,0.1341
6764,6.764,0.0003,0.0027,0.0247,-0.0088,0.1335,0.2058
6765,6.765,-0.0019,0.0037,0.0017,-0.0066,0.1116,0.2707
6766,6.766,-0.0013,0.0064,-0.0012,-0.0046,0.1322,0.3295
6767,6.767,-0.003,0.0038,-0.0039,-0.0004,0.1141,0.1717
6768,6.768,0.0035,0.0031,-0.0062,-0.0021,0.3666,0.5081
6769,6.769,0.0009,0.0038,-0.0083,-0.0079,0.3308,0.9016
6770,6.77,0.0046,0.008,-0.0061,-0.0101,0.1008,0.4259
6771,6.771,-0.0018,-0.0008,-0.0041,-0.0095,-0.1085,-0.0234
6772,6.772,-0.0009,0.0029,-0.0021,-0.0078,-0.0819,-0.1992
6773,6.773,0.0028,-0.0004,-0.0003,-0.0002,-0.1068,-0.253
6774,6.774,-0.0008,0.0069,0.004,0.0007,-0.1294,-0.3017
6775,6.775,0.0009,-0.0016,-0.0044,-0.002,-0.1092,-0.2587
6776,6.776,-0.0008,-0.0006,-0.0008,0.0005,-0.2758,-0.3779
6777,6.777,0.0018,0.0004,-0.0014,0.0012,-0.4328,-0.9192
6778,6.778,0.0006,0.0013,-0.0037,0.0018,-0.2089,-0.6874
6779,6.779,0.0009,0.0021,-0.0057,0.0001,0.0603,-0.0532
6780,6.78,0.0035,-0.0032,-0.0059,0.0041,0.0971,0.2038
6781,6.781,-0.0004,-0.0011,-0.0073,0.0088,0.1304,0.2822
6782,6.782,0.0001,0.0005,-0.0098,0.0071,0.1605,0.3531
6783,6.783,0.0043,-0.0035,-0.0052,0.003,0.1336,0.2895
6784,6.784,-0.0021,0,-0.0071,0.0087,0.1582,0.2316
6785,6.785,0.0004,0.0031,-0.0034,0.0003,0.4048,0.8127
6786,6.786,-0.0003,0.0042,-0.0056,0.0035,0.2409,0.7357
6787,6.787,0.0004,-0.0008,-0.0068,0.0024,0.0317,0.2428
6788,6.788,0.0021,-0.0002,-0.0106,0.0032,-0.1046,-0.2066
6789,6.789,0.0026,0.0015,-0.0041,0.0007,-0.1296,-0.266
6790,6.79,0.0001,-0.0014,-0.0041,0.0029,-0.1522,-0.3196
6791,6.791,0.0031,0.0002,-0.0068,0.0035,-0.1321,-0.2722
6792,6.792,0.0034,-0.002,-0.0044,0.004,-0.1138,-0.2289
6793,6.793,-0.0001,-0,-0.0031,0.0057,-0.3662,-0.5864
6794,6.794,-0.0032,0.0025,-0.0081,0.0032,-0.3303,-0.9232
6795,6.795,0.0007,-0.002,-0.008,0.002,-0.1002,-0.4427
6796,6.796,-0.0028,-0.0025,-0.0053,0.0032,0.1091,0.1343
6797,6.797,0.0014,-0.002,-0.0063,0.0035,0.0828,0.2132
6798,6.798,-0.0026,-0.0015,-0.0109,0.0018,0.1077,0.2843
6799,6.799,-0.0001,-0.0018,-0.0054,-0.0012,0.1303,0.349
6800,6.8,-0.0013,-0.0038,-0.0032,0.0046,0.0697,0.2913
6801,6.801,0.0008,0.0004,-0.0044,0.0004,0.2734,0.3441
6802,6.802,-0.0018,-0.0001,-0.0074,0.0041,0.4091,0.8726
6803,6.803,-0.0007,-0.0006,-0.0048,0.0048,0.1872,0.6621
6804,6.804,-0.0018,-0.0017,-0.0047,-0.0021,-0.0221,0.0852
6805,6.805,0.0001,0.0022,-0.0047,-0.0012,-0.104,-0.1487
6806,6.806,-0.0038,-0.0014,-0.0046,-0.002,-0.1289,-0.2201
6807,6.807,0.0015,0.0008,-0.008,-0.0057,-0.1515,-0.285
6808,6.808,-0.0034,0.0005,-0.0046,-0.0078,-0.1314,-0.3437
6809,6.809,-0.0003,0.0016,0.0013,-0.0047,-0.1499,-0.1858
6810,6.81,0.0037,0.0019,-0.0037,-0.0018,-0.4024,-0.8107
6811,6.811,0.0022,-0.0004,-0.0055,-0.0033,-0.2944,-0.8965
6812,6.812,-0.0039,0.0022,-0.007,-0.0063,0.0016,-0.1994
6813,6.813,0.0004,-0.001,-0.0004,-0.0066,0.1212,0.0831
6814,6.814,-0.0018,0.0011,-0.0045,-0.0008,0.0857,0.1696
6815,6.815,-0.0011,-0.0024,-0.0023,-0.005,0.1189,0.2476
6816,6.816,0.0005,0.0018,-0.0058,0.0003,0.1489,0.3185
6817,6.817,-0.0011,0.0013,-0.0063,-0.0004,0.122,0.255
6818,6.818,0.0024,-0.0022,-0.008,0.0014,0.3438,0.5455
6819,6.819,0.0036,-0.001,-0.0106,0.0031,0.3738,0.9154
6820,6.82,0.0016,-0.0006,-0.0095,-0.0016,0.0754,0.4827
6821,6.821,0.0012,0.0005,-0.0151,-0.0011,-0.0442,-0.0419
6822,6.822,0.0002,-0.0012,-0.0067,-0.0006,-0.0808,-0.2543
6823,6.823,-0.0015,0.0018,-0.0124,0.002,-0.1139,-0.1914
6824,6.824,0.001,-0.0039,-0.0115,0.0032,-0.1439,-0.2501
6825,6.825,-0.0014,0.0004,-0.0089,-0.0006,-0.0629,-0.3035
6826,6.826,-0.0004,0.0026,-0.0116,-0.0021,-0.2353,-0.3519
6827,6.827,0.0033,-0.001,-0.0139,0.0001,-0.3923,-0.9202
6828,6.828,-0.0024,-0.0005,-0.012,-0.0019,-0.209,-0.6885
6829,6.829,-0.0018,0.0012,-0.0139,-0.0022,0.0135,-0.0543
6830,6.83,0.0031,0.0028,-0.01,0.001,0.1036,0.2026
6831,6.831,0.0001,0.0031,-0.0137,-0.0018,0.1311,0.281
6832,6.832,0.0005,0.0043,-0.0136,0.0039,0.156,0.3518
6833,6.833,-0.002,0.0018,-0.0149,-0.0003,0.089,0.2883
6834,6.834,-0.0008,-0.0006,-0.0176,0.0004,0.1501,0.2305
6835,6.835,-0.0021,0.0018,-0.0175,0.0039,0.428,0.706
6836,6.836,-0.0051,0.0038,-0.02,0.0038,0.2681,0.7923
6837,6.837,-0.0001,0.0045,-0.0185,0.0032,-0.0103,0.216
6838,6.838,0.0048,0.0011,-0.0149,-0.002,-0.1191,-0.1727
6839,6.839,0.0005,-0.0039,-0.0219,0.0029,-0.0869,-0.2444
6840,6.84,0.001,-0.0004,-0.0175,-0.0041,-0.117,-0.3093
6841,6.841,-0.0048,-0.0034,-0.0048,-0.0033,-0.1443,-0.2521
6842,6.842,0.0022,-0.0005,0.0155,-0.0008,-0.1198,-0.1999
6843,6.843,-0.0006,0.001,0.0181,0.0029,-0.3663,-0.5364
6844,6.844,0.0002,-0.0002,0.0303,0.0036,-0.3337,-0.93
6845,6.845,-0.002,-0.0049,0.0324,-0.0022,-0.1248,-0.4545
6846,6.846,-0.0041,-0.0019,0.0222,-0.0001,0.0657,0.1226
6847,6.847,-0.0046,-0.0002,0.0277,0.0019,0.0908,0.2015
6848,6.848,-0.0051,-0.0028,0.0394,0.0002,0.1135,0.2726
6849,6.849,-0.0037,-0.0058,0.0409,-0.0074,0.134,0.3371
6850,6.85,0.0005,-0.0038,0.0478,-0.0044,0.0787,0.2794
6851,6.851,0.001,-0.0013,0.0515,-0.0053,0.2638,0.3323
6852,6.852,0.0015,0.0011,0.0525,-0.0045,0.4363,0.8608
6853,6.853,0.0011,0.0014,0.0367,-0.0038,0.1897,0.6501
6854,6.854,-0.0001,0.0013,0.0031,-0.0003,-0.0408,0.0733
6855,6.855,0.0002,-0.0026,-0.0113,0.0027,-0.0713,-0.1606
6856,6.856,-0.0002,-0.0021,-0.0068,0.0043,-0.0988,-0.232
6857,6.857,0.0028,-0.0037,-0.0029,-0.0035,-0.1237,-0.2968
6858,6.858,0.0009,-0.0067,0.0008,-0.0091,-0.1016,-0.2395
6859,6.859,-0.0001,-0.0088,0.0041,-0.0039,-0.1627,-0.1872
6860,6.86,0.0009,-0.003,0.0014,-0.0086,-0.4406,-0.812
6861,6.861,-0.001,-0.0005,-0.0012,-0.006,-0.2423,-0.8977
6862,6.862,0.0002,-0.0012,0.0013,-0.0039,-0.0615,-0.3556
6863,6.863,0.0013,-0.0006,0.0037,0.001,0.1033,0.1381
6864,6.864,-0.0001,0.0052,0.0019,0.0052,0.074,0.0754
6865,6.865,0.003,0.0029,0.004,0.0046,0.1013,0.2502
6866,6.866,0.0001,0.0022,0.0059,0.0031,0.126,0.3035
6867,6.867,0.0026,-0.0035,0.0046,0.0043,0.1037,0.2557
6868,6.868,0.0036,0.0002,0.0008,0.0031,0.3275,0.5615
6869,6.869,0.0019,0.0037,-0.0002,0.0012,0.2979,0.919
6870,6.87,0.0021,0.002,-0.0011,0.0051,0.1078,0.4863
6871,6.871,0.0004,0.0048,0.0001,0.0045,-0.0654,-0.0384
6872,6.872,0.0026,0.0001,0.0011,0.0023,-0.0885,-0.2508
6873,6.873,0.0012,0.0043,0.0022,-0.0016,-0.1092,-0.1881
6874,6.874,0,0.0038,-0.0028,0.0062,-0.128,-0.247
6875,6.875,-0.0012,0.0022,-0.0005,0.003,-0.0778,-0.1948
6876,6.876,0.0002,0,0.0003,0.0019,-0.2462,-0.3394
6877,6.877,-0.0008,0.0047,-0.0035,-0.0008,-0.4033,-0.9077
6878,6.878,0.0019,-0.001,-0.0058,0.0017,-0.1795,-0.676
6879,6.879,-0.0023,0.0042,-0.0033,-0.0052,0.0297,-0.042
6880,6.88,0.0065,0.0021,-0.0002,-0.0025,0.1115,0.2148
6881,6.881,-0.0023,0.0016,-0.0057,0.0034,0.1364,0.2931
6882,6.882,0.0009,-0.0025,-0.0062,0.0056,0.1143,0.2234
6883,6.883,-0.0001,-0.003,-0.0037,0.0063,0.0941,0.2877
6884,6.884,-0.0009,-0.0042,-0.007,0.0046,0.1495,0.2298
6885,6.885,-0.0035,-0.0022,-0.0084,0.0051,0.4019,0.7052
6886,6.886,0.0035,0.0035,-0.004,0.0026,0.2938,0.7693
6887,6.887,0.0008,-0.0007,-0.0063,0.0038,0.0634,0.2454
6888,6.888,-0,-0.0029,0.0001,0.0009,-0.0865,-0.108
6889,6.889,0.0007,-0.0009,-0.0055,0.0051,-0.1142,-0.1736
6890,6.89,-0.0028,0.0021,-0.009,-0.0001,-0.1391,-0.2326
6891,6.891,0.0029,-0.0032,-0.008,0.0034,-0.1171,-0.2863
6892,6.892,0.0023,0.0003,-0.006,0.0029,-0.097,-0.2387
6893,6.893,0.0016,0.0008,-0.0074,-0.0046,-0.3378,-0.5447
6894,6.894,-0.0026,0.0013,-0.0066,-0.0036,-0.3709,-0.9817
6895,6.895,-0.0042,0.0008,-0.0094,-0.0081,-0.1021,-0.4588
6896,6.896,0.0016,0.003,-0.0054,-0.0022,0.079,0.0348
6897,6.897,0.0009,0.0018,-0.0057,-0.0044,0.1124,0.2282
6898,6.898,0.003,-0.0008,-0.0053,-0.005,0.1425,0.287
6899,6.899,0.0035,-0.004,-0.004,-0.0066,0.1158,0.2348
6900,6.9,0.0007,0.0015,-0.0097,-0.0049,0.0916,0.2833
6901,6.901,0.0012,-0.0007,-0.0123,-0.0001,0.2485,0.327
6902,6.902,0.0082,0,-0.0086,0.0042,0.4318,0.8432
6903,6.903,0.001,-0.0017,-0.008,0.0002,0.2101,0.6326
6904,6.904,-0.0036,0.0024,-0.0039,0.0038,-0.0589,0.0558
6905,6.905,-0.001,0.0029,-0.0105,-0.0031,-0.0956,-0.1781
6906,6.906,-0.0047,0.0032,-0.0099,0.0022,-0.1288,-0.2496
6907,6.907,-0.0026,-0.0032,-0.0124,0.0031,-0.0992,-0.3143
6908,6.908,0.0005,-0.0023,-0.012,0.0007,-0.1264,-0.2571
6909,6.909,0,-0.0015,-0.0154,-0.0015,-0.151,-0.2046
6910,6.91,0.0048,0.0038,-0.0129,0.0006,-0.3974,-0.7332
6911,6.911,-0.0009,0.0003,-0.0128,0.0002,-0.2991,-0.8039
6912,6.912,-0.0031,-0.0028,-0.0145,0.0008,-0.03,-0.2279
6913,6.913,-0.001,-0.001,-0.0178,-0.0017,0.0789,0.1606
6914,6.914,-0.004,0.0005,-0.0124,-0.0047,0.1124,0.2322
6915,6.915,-0.0069,-0.0025,-0,0.001,0.1425,0.2969
6916,6.916,-0.0033,0.0014,0.0274,-0.0027,0.1158,0.2395
6917,6.917,-0.001,-0.0043,0.0388,0.0038,0.0914,0.1872
6918,6.918,-0.0013,0.001,0.0418,-0.0003,0.338,0.5238
6919,6.919,-0.001,0.003,0.0381,0.0034,0.3711,0.9173
6920,6.92,-0.002,0.0036,0.0167,0.0014,0.1023,0.4419
6921,6.921,0.0031,-0.0028,0.0025,0.001,-0.0787,-0.0071
6922,6.922,0.0039,-0.0036,-0.0053,-0.0007,-0.1121,-0.1829
6923,6.923,0.0008,-0.0014,-0.0125,-0.0022,-0.1421,-0.2365
6924,6.924,-0.0032,-0.0034,-0.007,-0.001,-0.1153,-0.2851
6925,6.925,-0.0006,0.0009,-0.0132,0.003,-0.0908,-0.2418
6926,6.926,-0.0003,0.0004,-0.0053,0.0045,-0.2477,-0.3608
6927,6.927,0.0037,0.001,-0.0135,0.0003,-0.431,-0.902
6928,6.928,-0.0031,0.0032,-0.0127,0.002,-0.2091,-0.6702
6929,6.929,0.0015,0.0003,-0.0122,0.0035,0.0602,-0.0358
6930,6.93,0.0007,0.0007,-0.0205,0.0014,0.0969,0.2213
6931,6.931,0.0001,0.0031,-0.0201,0.0017,0.1303,0.3001
6932,6.932,-0.0006,0.0075,-0.0143,-0.0002,0.1604,0.2307
6933,6.933,-0,-0.0012,-0.0191,-0.0005,0.1335,0.2952
6934,6.934,-0.0017,0.0025,-0.0203,-0.0002,0.1582,0.2378
6935,6.935,-0.0002,0.0057,-0.0216,-0.0003,0.4047,0.7136
6936,6.936,-0.0013,-0.0015,-0.0238,0.0025,0.3064,0.7781
6937,6.937,-0.001,0.0031,-0.0232,0.0003,0.0447,0.2858
6938,6.938,0.0011,0.0004,-0.0266,-0.0007,-0.1051,-0.1223
6939,6.939,0.0021,-0.0021,-0.0266,-0.001,-0.1327,-0.1761
6940,6.94,0.0045,0.0001,-0.0274,-0,-0.1085,-0.3209
6941,6.941,0.0014,0.0022,-0.0215,-0.0002,-0.131,-0.2777
6942,6.942,0.0004,0.0027,-0.0079,-0.0041,-0.1108,-0.2382
6943,6.943,-0.0019,0.0044,0.0182,-0.0025,-0.3516,-0.4906
6944,6.944,0.0025,-0.0023,0.0142,-0.0082,-0.3846,-0.9829
6945,6.945,0.0042,-0.0015,0.017,-0.0105,-0.1158,-0.4906
6946,6.946,0.0016,0.0011,0.0254,-0.0027,0.0653,0.0868
6947,6.947,0.0004,0.0005,0.0224,-0.0058,0.0331,0.166
6948,6.948,0.0025,0.0012,0.0244,-0.0067,0.0632,0.2374
6949,6.949,-0.0033,-0.0031,0.0219,-0.011,0.1447,0.3023
6950,6.95,-0.0024,-0.0059,0.0237,-0.0041,0.1203,0.245
6951,6.951,-0.0018,-0.0012,0.029,-0.0014,0.1875,0.2983
6952,6.952,0.0032,-0.0017,0.0203,-0.0092,0.3709,0.9233
6953,6.953,-0.0026,-0.0011,0.0217,-0.004,0.1984,0.6686
6954,6.954,-0.0019,0.0014,0.0312,-0.0013,-0.0039,0.1259
6955,6.955,0.0001,-0.0008,0.0348,0.0012,-0.0859,-0.2271
6956,6.956,0.0018,-0.0011,0.0402,-0.0026,-0.1109,-0.1641
6957,6.957,0.0012,-0.0068,0.0497,-0.0062,-0.1336,-0.3388
6958,6.958,0.0007,-0.0043,0.0559,-0.002,-0.1135,-0.2862
6959,6.959,-0.0036,-0.0021,0.0549,0.0044,-0.132,-0.2381
6960,6.96,0.0005,-0.0041,0.0391,0.0018,-0.3845,-0.7183
6961,6.961,0.001,0.0028,0.0055,0.0025,-0.2766,-0.7823
6962,6.962,-0.0041,-0.0036,-0.0087,0.0017,-0.0464,-0.2584
6963,6.963,-0.0048,-0.0028,-0.0042,0.0034,0.1034,0.0953
6964,6.964,-0.0031,-0.0006,-0.008,0.0038,0.1309,0.2888
6965,6.965,0.0021,-0.0013,-0.0042,0.0085,0.1557,0.2319
6966,6.966,0.0014,0.0029,-0.0008,0.008,0.1336,0.2856
6967,6.967,0.0019,-0.0011,-0.0034,0.0085,0.1134,0.2381
6968,6.968,0.0013,-0.0037,-0.0004,0.0037,0.3541,0.4569
6969,6.969,0.0018,-0.0088,-0.0024,0.0079,0.387,0.8942
6970,6.97,-0.0012,-0.0024,-0.0043,0.005,0.1182,0.4878
6971,6.971,0.0026,-0.0049,-0.002,0.0034,-0.063,-0.0944
6972,6.972,-0.0009,0.0035,0.0002,0.0037,-0.0965,-0.173
6973,6.973,-0.0021,-0.0043,-0.0045,-0.0027,-0.1267,-0.2439
6974,6.974,-0.0078,0.001,-0.0026,-0,-0.1,-0.3083
6975,6.975,-0.0085,0.0018,-0.0036,0.0059,-0.1247,-0.2505
6976,6.976,-0.0078,0.0026,0.0006,0.0065,-0.2369,-0.3032
6977,6.977,-0.0036,0.0033,0.002,-0.0013,-0.4203,-0.9277
6978,6.978,-0.0031,0.0068,-0.0027,-0.0003,-0.1986,-0.6725
6979,6.979,0.0046,-0.0027,-0.0087,0.0061,0.0107,-0.1293
6980,6.98,0.0036,0.0042,-0.0056,0.0002,0.0925,0.2241
6981,6.981,0.0025,0.003,-0.0014,-0.0005,0.1175,0.2895
6982,6.982,-0.0002,-0.0002,-0.0087,0.0002,0.14,0.2324
6983,6.983,0.0006,0.0008,-0.005,-0.0015,0.1199,0.286
6984,6.984,-0.0001,0.0053,-0.0053,-0.002,0.1384,0.2385
6985,6.985,0.0063,0.0011,-0.0039,-0.0036,0.3908,0.7193
6986,6.986,0.002,0.0004,-0.0026,-0.0032,0.2827,0.7837
6987,6.987,0.0013,0.0024,0,-0.0021,0.0524,0.2602
6988,6.988,-0.0008,-0.0007,-0.001,-0.0002,-0.0975,-0.0928
6989,6.989,-0.0013,0.0021,0.0001,-0.0034,-0.1252,-0.1579
6990,6.99,0.0015,-0.0014,-0.0007,-0.0014,-0.1501,-0.3327
6991,6.991,0.004,0.0046,-0.0052,-0.0024,-0.1281,-0.2805
6992,6.992,0.0052,0.0021,0.0004,-0.0001,-0.108,-0.2326
6993,6.993,0.0031,-0.0032,-0.0072,0.001,-0.3488,-0.4509
6994,6.994,0.0006,-0.0012,-0.0009,0.0023,-0.3819,-0.9672
6995,6.995,0.0009,-0.0007,-0.0033,0.0025,-0.1132,-0.4749
6996,6.996,-0.0009,-0.0048,-0.0035,-0.0002,0.0678,0.1022
6997,6.997,-0.0016,0.0029,-0.002,0.0002,0.1012,0.1814
6998,6.998,-0.0023,-0.0003,-0.0037,0.0026,0.1313,0.2528
6999,6.999,0.0004,0.0007,-0.0052,0.0025,0.1044,0.3179
7000,7,-0.0006,0.0015,-0.0042,-0.0014,0.0801,0.2608
7001,7.001,-0.0003,-0.0027,-0.0066,-0.0031,0.2369,0.314
7002,7.002,0.0003,-0.0006,-0.0057,-0.0025,0.4203,0.939
7003,7.003,0.0042,0.0014,-0.0023,0.0006,0.1985,0.6844
7004,7.004,-0.0022,-0.0016,-0.0032,-0.0006,-0.0107,0.1418
7005,7.005,0.002,-0.0033,-0.008,-0.0002,-0.0925,-0.211
7006,7.006,0.0026,0.0014,-0.0013,0.0051,-0.1175,-0.276
7007,7.007,0.0019,-0.0003,-0.0053,0.0045,-0.1401,-0.3345
7008,7.008,0.0024,0.0037,-0.0045,-0.0004,-0.1199,-0.2821
7009,7.009,-0.0016,0.0043,-0.0064,0.0014,-0.1384,-0.2341
7010,7.01,-0.0011,-0.0027,-0.0069,0.0009,-0.3909,-0.7144
7011,7.011,0.0001,0.0026,-0.0053,0.0015,-0.2829,-0.9065
7012,7.012,-0.002,0.0017,-0.0059,-0.0015,-0.0527,-0.2664
7013,7.013,-0.003,0.0009,-0.0063,-0.0062,0.0972,0.1613
7014,7.014,-0.002,0.0002,-0.0052,0.0008,0.1248,0.2403
7015,7.015,0.0017,0.0009,-0.0043,-0.0056,0.1497,0.3116
7016,7.016,0.0014,-0.0048,-0.0069,0.0003,0.1276,0.2483
7017,7.017,-0.0025,0.0004,-0.0047,0.001,0.1074,0.1908
7018,7.018,-0.0009,0.0011,-0.0079,-0.001,0.3482,0.4552
7019,7.019,-0.0005,-0.0006,-0.0101,-0.0014,0.3813,0.8881
7020,7.02,-0.0009,-0.001,-0.0114,-0.0031,0.1125,0.4815
7021,7.021,-0.0018,-0.0057,-0.0084,0.0004,-0.0686,0.0047
7022,7.022,0.0034,-0.0015,-0.0076,-0.0017,-0.102,-0.1887
7023,7.023,0.0013,0.0014,-0.0121,-0.0038,-0.1322,-0.2475
7024,7.024,-0.0007,0.0019,-0.0072,-0.0019,-0.1054,-0.3007
7025,7.025,0.005,0.0032,-0.0096,-0.0002,-0.081,-0.2532
7026,7.026,-0.0002,0.0011,-0.0104,0.0015,-0.2379,-0.297
7027,7.027,0.0034,0.0022,-0.0137,0.0008,-0.4213,-0.8925
7028,7.028,0.0051,-0.0002,-0.0115,-0.0009,-0.1995,-0.6376
7029,7.029,0.0023,-0.0025,-0.015,-0.0002,0.0098,-0.0946
7030,7.03,0.0008,0.0018,-0.0115,-0.0022,0.0918,0.2585
7031,7.031,-0.0022,-0.004,-0.0197,0.0001,0.1168,0.196
7032,7.032,0.0025,-0.0017,-0.0192,-0.0009,0.1394,0.2548
7033,7.033,0.0009,0.0018,-0.0186,-0.0016,0.1194,0.3081
7034,7.034,0.0004,0.0036,-0.0182,0.0023,0.138,0.2603
7035,7.035,-0.0001,0.0031,-0.0161,0.0099,0.3905,0.7409
7036,7.036,-0.0012,0.0056,-0.0203,0.0068,0.2826,0.8052
7037,7.037,-0.0015,0.0014,-0.0243,0.0022,0.0524,0.2815
7038,7.038,0.0017,0.0025,-0.0182,0.0059,-0.0863,-0.1317
7039,7.039,0.0036,-0.004,-0.0203,0.0034,-0.1165,-0.2035
7040,7.04,0.0004,-0.0014,-0.0237,-0.0036,-0.1438,-0.2683
7041,7.041,0.0007,-0.0036,-0.0246,-0.0045,-0.1194,-0.3273
7042,7.042,-0.0018,0.0029,-0.0229,-0.014,-0.0972,-0.1694
7043,7.043,0.0006,-0.0013,-0.0169,-0.0103,-0.3209,-0.506
7044,7.044,-0.0017,0.0039,-0.0033,-0.0047,-0.3508,-0.8995
7045,7.045,-0.0004,-0.001,0.0147,0.0025,-0.1064,-0.5302
7046,7.046,-0.001,0.0021,0.0216,-0.0002,0.0586,-0.0003
7047,7.047,-0.0022,0.0026,0.0324,0.0023,0.0891,0.0715
7048,7.048,-0.002,0.0001,0.0299,-0.0014,0.1167,0.1362
7049,7.049,-0.0006,-0.003,0.0314,-0.0021,0.1416,0.3111
7050,7.05,-0.0001,0.0009,0.026,-0.0063,0.0747,0.2587
7051,7.051,0,-0.0038,0.0333,-0.0047,0.1765,0.3068
7052,7.052,-0.0018,0.002,0.0344,0,0.3805,0.8747
7053,7.053,0.0006,-0.0002,0.0303,0.0017,0.1909,0.6428
7054,7.054,0.0019,0.0018,0.0311,0.0022,0.018,0.1494
7055,7.055,0.0036,-0.0051,0.0424,0.0057,-0.0946,-0.1721
7056,7.056,-0.0001,0.0013,0.0376,0.0006,-0.1152,-0.2316
7057,7.057,-0.0016,-0.0046,0.0443,-0.0072,-0.1339,-0.2853
7058,7.058,-0.0038,-0.0024,0.0555,-0.002,-0.1173,-0.2381
7059,7.059,-0.0059,-0.0044,0.0538,-0.0011,-0.1325,-0.1949
7060,7.06,-0.0001,-0.0027,0.0329,0.0014,-0.341,-0.7114
7061,7.061,0.0007,-0.001,-0.0002,0.002,-0.3113,-0.9228
7062,7.062,-0.0015,0.0025,-0.0046,-0.0016,-0.0668,-0.3469
7063,7.063,-0.0009,-0.0017,-0.0008,0.0026,0.0981,0.1964
7064,7.064,-0.0004,-0.0012,-0.0116,0.0078,0.1285,0.2681
7065,7.065,-0.0056,0.0003,-0.0083,-0,0.156,0.3326
7066,7.066,-0.0121,0.0006,-0.0054,0.001,0.1317,0.2751
7067,7.067,-0.0079,-0.0042,-0.0026,0.0018,0.0648,0.2224
7068,7.068,-0.0057,-0.0059,-0.0001,0.0076,0.3295,0.4626
7069,7.069,-0.0037,-0.0064,-0.0022,0.0039,0.3657,0.9431
7070,7.07,0.0005,-0.0007,-0,0.0018,0.1358,0.4954
7071,7.071,-0.0012,-0.0029,-0.0017,0.0023,-0.0736,-0.0293
7072,7.072,0.0023,0.0035,0.0002,0.0018,-0.1013,-0.2418
7073,7.073,0.002,0.0043,0.002,0.0013,-0.1262,-0.179
7074,7.074,0.0008,0.0021,-0.0018,-0.0018,-0.1041,-0.2377
7075,7.075,0.0017,0.0014,-0.0003,-0.0015,-0.084,-0.2913
7076,7.076,0.0041,0.0019,-0.001,-0.0018,-0.2136,-0.2437
7077,7.077,-0.001,0.0013,-0.0017,-0.0002,-0.4326,-0.8991
7078,7.078,0.0025,-0.0002,-0.0005,0.0002,-0.2241,-0.6188
7079,7.079,0.0042,0.0001,-0.0027,0.0003,0.0205,-0.1921
7080,7.08,0.0046,0.0012,-0.0029,-0.002,0.1196,0.1965
7081,7.081,0.0021,0.0002,-0.0005,0.0003,0.0902,0.268
7082,7.082,0.0032,-0.0022,-0.0017,-0.0034,0.1175,0.3326
7083,7.083,0.0028,0.0014,-0.0053,0.0013,0.0931,0.2751
7084,7.084,0.0009,-0.0028,-0.0013,-0.0017,0.1155,0.2225
7085,7.085,-0.0001,0.0024,0.0022,0.0012,0.4207,0.655
7086,7.086,0.0015,-0.0041,-0.002,-0.0023,0.2898,0.8297
7087,7.087,-0.0015,0.0037,-0.0009,0.0046,0.0114,0.3536
7088,7.088,0.0013,0.0026,-0.0009,0.0036,-0.0975,-0.0956
7089,7.089,0.0038,-0.0001,0.0001,0.0045,-0.1309,-0.1551
7090,7.09,-0.0015,-0.001,-0.0035,0.0053,-0.1016,-0.3143
7091,7.091,-0.0008,-0.0032,-0.0046,0.0001,-0.129,-0.2669
7092,7.092,0.0012,0.0003,-0.0046,0.0037,-0.1047,-0.2236
7093,7.093,0.0007,-0.0014,-0.0043,-0.0021,-0.3513,-0.4221
7094,7.094,0.0001,0.0026,-0.0017,-0.0014,-0.3844,-0.9636
7095,7.095,0.0016,-0.0009,0.0008,-0.0034,-0.1158,-0.5766
7096,7.096,-0.0035,0.0021,-0.0038,-0.0076,0.0652,0.0579
7097,7.097,0.0001,-0.0008,-0.001,-0.0105,0.0986,0.1447
7098,7.098,-0.0016,0.0002,-0.0069,-0.01,0.1286,0.2229
7099,7.099,0,-0.0002,-0.0022,-0.003,0.1559,0.2939
7100,7.1,0.0016,-0.0026,-0.0024,0.0001,0.0823,0.2307
7101,7.101,0.0012,-0.0044,-0.0027,0.0009,0.2391,0.2893
7102,7.102,0.0032,-0.0006,-0.0053,0.0018,0.4224,0.8709
7103,7.103,0.0007,0.0011,-0.0033,-0.0004,0.2005,0.6394
7104,7.104,0.0004,0.0047,-0.0065,0.0032,-0.0088,0.1464
7105,7.105,0.0007,0.0035,-0.0031,0.0063,-0.0908,-0.175
7106,7.106,0.0026,0.0014,0.0029,0.0023,-0.1158,-0.2343
7107,7.107,-0.0003,0.0011,-0.0038,0.0019,-0.1385,-0.2876
7108,7.108,-0.0007,-0.0021,-0.0026,0.0049,-0.1185,-0.2401
7109,7.109,0.0004,-0.0009,-0.0015,0.0021,-0.1371,-0.1967
7110,7.11,0.0007,0.0033,-0.0019,0.0064,-0.3896,-0.7128
7111,7.111,-0.0007,0.0028,-0.001,0.0024,-0.2817,-0.9239
7112,7.112,0.0017,0.0003,-0.004,0.005,-0.0516,-0.348
7113,7.113,-0.0027,0.0033,-0.0068,0.0072,0.0981,0.1955
7114,7.114,0.0014,0.0062,-0.0053,0.0034,0.1257,0.2673
7115,7.115,-0.0001,0.0005,-0.005,0.0019,0.1015,0.3322
7116,7.116,-0.0013,-0.0003,-0.0047,0.005,0.124,0.275
7117,7.117,-0.0001,0.0004,-0.0058,-0.0005,0.1039,0.2226
7118,7.118,0.0035,0.0053,-0.0048,0.0032,0.3075,0.463
7119,7.119,0.0031,-0.0004,-0.0046,-0.0016,0.3889,0.9436
7120,7.12,-0.0007,0.0018,-0.0054,-0.0073,0.1176,0.4962
7121,7.121,0.0008,-0.0002,-0.0053,-0.008,-0.0635,-0.0283
7122,7.122,-0.0014,0.0003,-0.0038,-0.0015,-0.097,-0.2408
7123,7.123,0.0034,0.0009,-0.0037,-0.0023,-0.1271,-0.178
7124,7.124,-0.0008,0.0044,-0.0069,-0.0016,-0.1003,-0.2366
7125,7.125,0.0021,0.0002,-0.0092,-0.0023,-0.076,-0.2899
7126,7.126,-0.0014,0.0079,-0.0119,0.0008,-0.1879,-0.2423
7127,7.127,-0.0017,0.0006,-0.0075,-0.0044,-0.4119,-0.8976
7128,7.128,-0.002,-0.002,-0.0073,0.0005,-0.2032,-0.8046
7129,7.129,-0.003,0.0022,-0.0127,-0.0052,0.0415,-0.2078
7130,7.13,-0.0012,0.0001,-0.011,-0.0045,0.0751,0.1808
7131,7.131,-0.0002,-0.0034,-0.0129,0.0004,0.1054,0.2521
7132,7.132,-0.0008,-0.0029,-0.008,-0.0038,0.1328,0.3167
7133,7.133,0.0031,-0.0033,-0.0147,-0.0033,0.1085,0.2591
7134,7.134,0.0002,-0.0008,-0.0158,-0.0111,0.131,0.2063
7135,7.135,-0.0003,-0.0029,-0.0109,-0.0033,0.3957,0.6386
7136,7.136,0.0009,-0.0008,-0.0147,-0.0023,0.2879,0.813
7137,7.137,-0.0002,-0.0033,-0.0133,0.0042,0.0577,0.3369
7138,7.138,0.0008,-0.0016,-0.0153,0.005,-0.092,-0.1126
7139,7.139,-0.0039,-0.0023,-0.02,0.0037,-0.1001,-0.2058
7140,7.14,0.0014,-0.0039,-0.0168,0.0059,-0.1275,-0.2649
7141,7.141,-0.0071,-0.0037,-0.0159,0.0038,-0.103,-0.3186
7142,7.142,0.0033,0.0002,-0.0166,0.0033,-0.0807,-0.1751
7143,7.143,0.002,0.0019,-0.0143,0.0004,-0.3044,-0.4812
7144,7.144,-0.0043,-0.0006,-0.0094,0.004,-0.3939,-0.9184
7145,7.145,-0.0053,-0.001,0.0018,0.0028,-0.1496,-0.5122
7146,7.146,0.002,0.0002,0.0235,-0.0011,0.081,0.0701
7147,7.147,-0.0025,0.0028,0.0261,-0.0037,0.052,0.1489
7148,7.148,0.0017,-0.0011,0.034,0.0024,0.0795,0.2199
7149,7.149,-0.0035,-0.0046,0.0461,0.0015,0.1044,0.1564
7150,7.15,0.0014,-0.0024,0.048,0.0008,0.0823,0.2147
7151,7.151,-0.0028,-0.0036,0.0376,0.0044,0.2247,0.2674
7152,7.152,-0.0011,-0.0017,0.0095,-0.0026,0.4286,0.8918
7153,7.153,-0.0006,0.0029,-0.0186,-0.0072,0.239,0.807
7154,7.154,0.0036,-0.0002,-0.0153,-0.0098,-0.0327,0.264
7155,7.155,0.0008,0.0003,-0.0122,-0.0061,-0.0694,-0.2301
7156,7.156,0.0055,0.0039,-0.0095,-0.0055,-0.1026,-0.1677
7157,7.157,0.0013,-0.0004,-0.0069,-0.0124,-0.1327,-0.2267
7158,7.158,0.0008,-0.0009,-0.0094,-0.0098,-0.1058,-0.2803
7159,7.159,0.0043,-0.0024,-0.0073,-0.0003,-0.1305,-0.2327
7160,7.16,0.0013,0.0006,0.0232,0.0008,-0.377,-0.6261
7161,7.161,0.0001,-0.0058,0.0364,0.004,-0.2787,-0.8908
7162,7.162,-0.0024,0.0026,0.0402,0.001,-0.0696,-0.3621
7163,7.163,0.0008,-0.0052,0.051,0.0055,0.0667,0.1316
7164,7.164,0.0037,0.0043,0.0543,0.003,0.0917,0.197
7165,7.165,0.0033,0.0005,0.0455,0.0023,0.1144,0.2557
7166,7.166,0.0023,-0.0005,0.0154,0.0029,0.1349,0.309
7167,7.167,0.0033,0.0025,0.0116,0.0034,0.0795,0.2611
7168,7.168,-0.0009,-0.0002,0.0082,-0.0007,0.2982,0.3921
7169,7.169,-0.0026,0.0006,0.0051,-0.0002,0.3877,0.9083
7170,7.17,-0.0055,0.0043,-0.0036,0.0028,0.1435,0.5567
7171,7.171,-0.0007,-0.0022,-0.0007,0.0024,-0.0871,-0.0204
7172,7.172,-0.0024,0.0003,0.0018,0.0034,-0.1176,-0.2541
7173,7.173,-0.0053,0.0055,-0.0045,0.001,-0.0909,-0.1852
7174,7.174,-0.0068,0.0006,0.0018,-0.0027,-0.165,-0.2499
7175,7.175,-0.0046,0.0022,-0.0036,0.0003,-0.0981,-0.3085
7176,7.176,-0.0026,-0.0066,-0.0016,0.0015,-0.2404,-0.2561
7177,7.177,-0.0023,-0.0103,0.0002,0.0004,-0.4443,-0.8809
7178,7.178,-0.0013,-0.0072,-0.0008,0.0007,-0.2548,-0.7964
7179,7.179,-0.0023,-0.0062,0.0007,0.001,0.0169,-0.0993
7180,7.18,0.0019,-0.0035,0,0.0017,0.1256,0.1832
7181,7.181,0.0014,-0.0061,-0.0006,-0.0022,0.1588,0.2696
7182,7.182,0.0043,-0.0039,-0.0011,-0.0006,0.1292,0.3476
7183,7.183,0.0038,0.001,-0.0015,0.0029,0.1023,0.2779
7184,7.184,0.0007,0.0015,-0.0033,0.0017,0.1268,0.2142
7185,7.185,-0.0013,0.0043,-0.0049,0.0046,0.4181,0.621
7186,7.186,-0.001,0.0048,-0.0039,0.0003,0.2992,0.8854
7187,7.187,-0.002,0.0036,-0.0006,0.0056,0.0463,0.3564
7188,7.188,0.0024,0.0032,-0.0048,0.002,-0.053,-0.1372
7189,7.189,0.0029,0.0083,-0.0026,-0.001,-0.1429,-0.2026
7190,7.19,0.0023,0.0018,-0.005,-0.0016,-0.1162,-0.2615
7191,7.191,-0.0007,0.006,-0.004,0.001,-0.1411,-0.315
7192,7.192,0.0032,0.0023,-0.0031,0.0006,-0.0741,-0.1713
7193,7.193,0.0006,0.0043,0.003,-0.0006,-0.2979,-0.3897
7194,7.194,0.001,0.0026,-0.0017,-0.0003,-0.3875,-0.9855
7195,7.195,0.0013,0.0009,-0.0004,-0.0035,-0.1434,-0.56
7196,7.196,0.0016,-0.0049,-0.0029,0.0029,0.0871,-0.0169
7197,7.197,-0.0007,0.0066,-0.0018,0.0021,0.1175,0.1956
7198,7.198,0.0009,0.0015,0.0022,-0.0005,0.1448,0.2605
7199,7.199,-0.0033,-0.0031,-0.0003,0.0032,0.1205,0.3192
7200,7.2,-0.0003,0.001,-0.0027,0.0068,0.0984,0.2667
7201,7.201,-0.0008,-0.0053,-0.0026,0.0025,0.2001,0.219
7202,7.202,0.0028,0.0025,-0.0026,0.0066,0.441,0.8742
7203,7.203,0.0032,-0.0005,-0.0019,0.0061,0.2114,0.7811
7204,7.204,0.0011,0.0022,0.0026,0.0039,0.0021,0.1843
7205,7.205,-0.0031,0.003,-0.004,-0.0026,-0.0797,-0.204
7206,7.206,0.0033,0.0037,0.0008,-0.0034,-0.1047,-0.2755
7207,7.207,-0.0009,0.0073,-0.0049,-0.0009,-0.1273,-0.34
7208,7.208,-0.0031,0.0003,-0.001,-0.0094,-0.1071,-0.2825
7209,7.209,0.0005,-0.0024,-0.0002,-0.0104,-0.1255,-0.2301
7210,7.21,-0.0012,0.0054,0.0004,-0.0093,-0.3779,-0.6626
7211,7.211,0.0005,-0.0019,-0.0047,-0.0066,-0.3419,-0.9535
7212,7.212,0.002,-0.0045,-0.0011,-0.0091,-0.046,-0.372
7213,7.213,0.0008,-0.002,-0.0042,-0.0113,0.0737,0.1713
7214,7.214,0.0037,-0.0042,-0.0037,-0.0106,0.1104,0.2429
7215,7.215,0.0001,-0.0006,-0.0086,-0.0048,0.1436,0.3076
7216,7.216,0.0013,-0.001,-0.0045,-0.0042,0.1141,0.2502
7217,7.217,-0.0015,-0.0005,-0.0043,0.0037,0.0872,0.1977
7218,7.218,-0.0026,0.0043,-0.0071,-0.0016,0.3091,0.438
7219,7.219,-0.0002,0.0001,-0.0078,-0.0007,0.3986,0.9186
7220,7.22,-0.0026,0.003,-0.0078,0.0018,0.1545,0.471
7221,7.221,0.0005,-0.0028,-0.0084,0.0025,-0.076,0.0629
7222,7.222,0.0001,-0.0021,-0.0064,0.0046,-0.1064,-0.203
7223,7.223,0.0005,-0.0069,-0.0072,0.0077,-0.1338,-0.2522
7224,7.224,0.0021,-0.0027,-0.0095,0.0025,-0.1586,-0.2966
7225,7.225,0.0004,-0.0022,-0.0123,0.006,-0.0916,-0.2575
7226,7.226,-0.0009,0.0004,-0.0138,0.0066,-0.1933,-0.2219
7227,7.227,-0.0016,-0.0018,-0.0136,0.0071,-0.434,-0.7144
7228,7.228,0.0016,0.0011,-0.0158,0.0097,-0.2043,-0.7851
7229,7.229,-0.0031,-0.0046,-0.0176,0.0028,0.005,-0.2087
7230,7.23,-0.0036,-0.0037,-0.0152,0.0059,0.087,0.1799
7231,7.231,-0.0008,0,-0.0162,0.0051,0.1121,0.2514
7232,7.232,-0.0003,0.0007,-0.0136,0.0026,0.1347,0.316
7233,7.233,0.0001,0.0013,-0.0189,-0.0011,0.1147,0.2585
7234,7.234,-0.0003,0.0008,-0.0153,0.0053,0.1333,0.206
7235,7.235,0.004,-0.0007,-0.0247,-0.0024,0.3858,0.6384
7236,7.236,0.0034,0.0015,-0.0166,-0.0054,0.278,0.813
7237,7.237,-0.0001,0.0027,-0.025,0.001,0.0477,0.337
7238,7.238,-0.0023,0.0031,-0.0247,0.0002,-0.102,-0.1123
7239,7.239,0.0033,0.0035,-0.0245,0.0024,-0.0754,-0.172
7240,7.24,-0.0018,0.0005,-0.0231,0.0011,-0.1268,-0.2755
7241,7.241,-0.0012,0.0029,-0.0246,-0.0025,-0.1516,-0.329
7242,7.242,0.0009,0.0022,-0.023,-0.0041,-0.0846,-0.1853
7243,7.243,0.0025,0.0046,-0.0301,-0.0024,-0.3084,-0.4039
7244,7.244,-0.0015,-0.0005,-0.0248,0.0001,-0.3979,-0.9204
7245,7.245,-0.0031,-0.0011,-0.014,0.0013,-0.1538,-0.5691
7246,7.246,-0.0009,0.0031,-0.0027,0.0001,0.0767,0.0078
7247,7.247,0.0011,-0.0033,0.0043,0.002,0.1072,0.2416
7248,7.248,-0.0014,0.0026,0.0133,-0.0019,0.1346,0.313
7249,7.249,-0.0031,0.0004,0.0215,-0.0004,0.1103,0.2498
7250,7.25,-0.0048,-0.0016,0.02,0.0047,0.0881,0.3083
7251,7.251,-0.0091,-0.0046,0.0204,-0.0002,0.1898,0.2558
7252,7.252,-0.0049,-0.0006,0.0208,0.0015,0.4306,0.8805
7253,7.253,0.0004,-0.0011,0.0314,0.001,0.2009,0.6257
7254,7.254,0.0024,-0.0014,0.0264,-0.0005,-0.0085,0.0832
7255,7.255,0.0041,0.0014,0.0273,-0.0017,-0.0904,-0.27
7256,7.256,-0,-0.0036,0.0281,-0.0046,-0.1155,-0.2074
7257,7.257,0.0015,0.0013,0.0332,-0.0081,-0.183,-0.2663
7258,7.258,0.0003,0.0018,0.0339,-0.0039,-0.163,-0.3197
7259,7.259,-0.0001,0,0.0327,0.0026,-0.1077,-0.1759
7260,7.26,0.0042,-0.0047,0.0419,0,-0.3602,-0.6563
7261,7.261,0.0001,-0.0052,0.0379,0.0007,-0.3244,-0.8485
7262,7.262,0.0006,-0.0057,0.0432,0.0027,-0.0286,-0.325
7263,7.263,0.0009,-0.0053,0.04,-0.0003,0.091,0.1689
7264,7.264,-0.002,-0.0065,0.052,-0.0044,0.1275,0.2345
7265,7.265,0.0038,-0.0009,0.0535,-0.0028,0.1607,0.2936
7266,7.266,0.0012,-0.0046,0.0458,-0.0059,0.1311,0.3472
7267,7.267,0.0019,0.0031,0.0249,0.0006,0.1041,0.2037
7268,7.268,-0.0002,0.0001,-0.0021,-0.0021,0.3259,0.4223
7269,7.269,-0.0019,0.0065,-0.0057,-0.003,0.4154,0.9388
7270,7.27,-0.0014,-0.0013,-0.0089,-0.0051,0.1712,0.5876
7271,7.271,0.0001,-0.0003,-0.0059,-0.0031,-0.0593,0.0107
7272,7.272,0.0023,0.0042,-0.0031,-0.0026,-0.0898,-0.2229
7273,7.273,0.0035,0.0033,-0.0006,-0.0055,-0.1173,-0.294
7274,7.274,0.001,0.0055,0.0018,-0.006,-0.1421,-0.2306
7275,7.275,0.0006,0.0006,-0.0041,-0.0072,-0.12,-0.2889
7276,7.276,0.0023,0.0011,0.0055,-0.0033,-0.181,-0.2363
7277,7.277,0.0005,-0.003,0.0007,-0.0038,-0.4218,-0.8608
7278,7.278,0.0012,0.0005,0.0025,0.0004,-0.2578,-0.7759
7279,7.279,0.0034,-0.0007,-0.0012,0.0009,0.0114,-0.2332
7280,7.28,0.0052,0.0005,0.0004,0.0014,0.1202,0.2608
7281,7.281,0.0024,-0.0014,-0.0002,0.0035,0.0878,0.1984
7282,7.282,-0.0002,0.0038,0.0013,0.0056,0.1179,0.2572
7283,7.283,0.0002,0.0016,-0.0047,0.0059,0.0911,0.3108
7284,7.284,-0.0042,-0.0005,-0.0033,0.0041,0.1157,0.1671
7285,7.285,-0.0037,-0.0022,-0.0081,0.0031,0.4071,0.6478
7286,7.286,-0.0032,-0.0051,-0.004,0.0038,0.2884,0.8402
7287,7.287,-0.0001,0.0017,-0.0051,0.0031,0.0355,0.4332
7288,7.288,-0.0022,0.0025,-0.004,0.0037,-0.0637,-0.1493
7289,7.289,0.0021,-0.0018,-0.0059,0.0038,-0.094,-0.228
7290,7.29,0.0004,-0.0011,-0.0056,0.0052,-0.1214,-0.2988
7291,7.291,0.0009,0.0009,-0.0053,0.0028,-0.1462,-0.2353
7292,7.292,-0.0033,0.0026,-0.0011,0.0058,-0.0791,-0.1775
7293,7.293,0.0019,-0.0039,-0.0046,-0,-0.3029,-0.4416
7294,7.294,-0.0001,0.0003,-0.0044,0.0042,-0.3924,-0.9701
7295,7.295,0.0004,-0.0019,-0.0052,0.0035,-0.1482,-0.6185
7296,7.296,0.0009,0.0001,-0.0075,0.0055,0.0824,-0.0414
7297,7.297,0.0005,0.0018,-0.0004,0.006,0.1129,0.1926
7298,7.298,-0.0007,0.0001,-0.0005,-0.0028,0.1404,0.2641
7299,7.299,-0.001,0.0006,-0.0076,-0.0017,0.1163,0.3288
7300,7.3,0.0015,-0.0006,-0.0079,-0.0007,0.0942,0.2714
7301,7.301,0.0032,0.0041,-0.01,0.0003,0.196,0.2191
7302,7.302,-0.0005,0.0011,-0.0016,-0.0006,0.4369,0.8439
7303,7.303,0.0017,0.0016,0.0042,0.0019,0.2074,0.7596
7304,7.304,0.0021,0.0001,-0.0017,-0.0033,-0.0018,0.2172
7305,7.305,-0.0036,-0.0011,-0.0004,-0.0054,-0.0836,-0.1361
7306,7.306,-0.0062,0.0053,-0.0021,-0.0112,-0.1085,-0.2012
7307,7.307,0.0008,0.0008,-0.0037,-0.006,-0.1311,-0.2596
7308,7.308,-0,0.0033,-0.0091,-0.0067,-0.111,-0.3129
7309,7.309,0.0008,-0.0019,-0.011,-0.0036,-0.1296,-0.169
7310,7.31,0.0015,-0.0026,-0.0058,-0.0031,-0.3819,-0.6493
7311,7.311,-0.0005,-0.0021,-0.0025,-0.0016,-0.3459,-0.9692
7312,7.312,0.0012,-0.0026,-0.004,0.0034,-0.05,-0.3294
7313,7.313,-0.0016,0.001,-0.0032,-0.0001,0.0698,0.0982
7314,7.314,-0.0011,0.0013,-0.0081,0.0004,0.1065,0.1772
7315,7.315,-0.0008,-0.0025,-0.01,-0.0025,0.1397,0.2484
7316,7.316,-0.0028,0.001,-0.0081,0,0.1102,0.3131
7317,7.317,-0.0024,0.0033,-0.0052,0.0012,0.0834,0.2556
7318,7.318,0.0015,0.0029,-0.0036,0.0016,0.3052,0.414
7319,7.319,0.003,0.0011,-0.0014,0.0058,0.3948,0.9428
7320,7.32,-0.003,0.0021,-0.0054,0.0029,0.1507,0.5916
7321,7.321,-0.0022,0.0032,-0.0039,0.0024,-0.0798,0.0147
7322,7.322,-0.0015,0.0001,-0.0052,-0.0006,-0.1102,-0.2189
7323,7.323,0.0006,0.0013,-0.0056,-0.0026,-0.1376,-0.2902
7324,7.324,0.0023,0.0003,-0.0108,-0.0045,-0.1132,-0.2268
7325,7.325,-0.0029,-0.0029,-0.0088,-0.0006,-0.0911,-0.2853
7326,7.326,-0.0023,0.001,-0.0073,0.003,-0.1928,-0.2327
7327,7.327,-0.0017,-0.0025,-0.0115,0.0081,-0.4336,-0.8574
7328,7.328,-0.0022,0.0005,-0.0112,0.006,-0.2039,-0.7728
7329,7.329,0.0013,0.0002,-0.0071,0.0044,0.0054,-0.2303
7330,7.33,0.0056,0.0038,-0.0126,-0.0044,0.0874,0.2634
7331,7.331,0.0015,-0.0023,-0.0121,-0.0031,0.1125,0.2008
7332,7.332,-0,-0.0015,-0.018,0.0001,0.1351,0.2595
7333,7.333,0.003,0.0022,-0.0113,-0.0029,0.1151,0.3127
7334,7.334,-0.0017,-0.0013,-0.0124,-0.0037,0.1337,0.1688
7335,7.335,0.004,-0.003,-0.0152,-0.0011,0.3862,0.6492
7336,7.336,0.0018,0.0011,-0.0117,0.0042,0.3503,0.8414
7337,7.337,-0.0002,-0.0005,-0.0112,0.0007,0.0545,0.4342
7338,7.338,0.0003,0.0007,-0.011,0.0038,-0.0651,-0.1485
7339,7.339,0.0008,-0.0032,-0.0141,-0.0038,-0.1017,-0.2275
7340,7.34,0.0013,-0.0006,-0.0138,-0.0007,-0.1348,-0.2986
7341,7.341,0.0025,0.0001,-0.0186,0.003,-0.1341,-0.2906
7342,7.342,0.0022,0.0031,-0.0192,0.0022,-0.1045,-0.2271
7343,7.343,0.0018,0.0011,-0.0147,0.0014,-0.2941,-0.4015
7344,7.344,-0.0039,0.0001,-0.0191,0.0007,-0.4174,-0.9829
7345,7.345,-0.0031,0.0004,-0.0141,0.0027,-0.1707,-0.5963
7346,7.346,-0.0009,-0.0047,-0.0036,-0.0015,0.0597,0.0379
7347,7.347,-0.0002,-0.0054,0.0161,0.005,0.0902,0.2948
7348,7.348,-0.0045,-0.0023,0.0241,-0.0009,0.1177,0.2184
7349,7.349,0.0019,-0.0052,0.0263,-0.0003,0.1426,0.2892
7350,7.35,-0.0023,-0.0057,0.0327,0.0018,0.0756,0.2256
7351,7.351,-0.0017,-0.0054,0.0346,0.0023,0.1774,0.1677
7352,7.352,-0.001,-0.0015,0.0363,-0.0006,0.4182,0.7487
7353,7.353,0.0032,-0.003,0.0345,-0.0011,0.2542,0.8263
7354,7.354,-0.002,-0.0008,0.0329,0.0011,-0.015,0.1923
7355,7.355,0.0029,-0.0064,0.0341,0.0015,-0.0518,-0.2351
7356,7.356,-0.0014,-0.0027,0.053,-0.0004,-0.0851,-0.1593
7357,7.357,-0.0019,-0.0006,0.0557,0.0006,-0.1153,-0.2305
7358,7.358,0.0028,0.0024,0.0483,0.003,-0.1426,-0.2952
7359,7.359,0.0011,0.0029,0.0146,0.0016,-0.1182,-0.2378
7360,7.36,0.0006,0.0044,0.0001,-0.0022,-0.3648,-0.6077
7361,7.361,0.0021,0.0022,-0.0044,-0.0075,-0.3322,-0.9447
7362,7.362,-0.001,0.0002,-0.0006,0.0003,-0.0634,-0.3767
7363,7.363,-0.0013,-0.0024,-0.0043,-0.0007,0.1177,0.1666
7364,7.364,0.0012,0.0029,-0.0011,-0.0034,0.0854,0.2382
7365,7.365,0.0008,0.0007,0.0017,-0.0042,0.1155,0.303
7366,7.366,-0.0043,0.0027,0.0044,-0.002,0.1429,0.3615
7367,7.367,-0.0121,0.0032,0.0021,-0.0026,0.0692,0.2034
7368,7.368,-0.0069,0.0003,0.0043,0.0004,0.3156,0.3476
7369,7.369,-0.0042,0.0038,0.0023,-0.0001,0.4142,0.9157
7370,7.37,0,0.0016,0.0042,-0.0016,0.1455,0.5288
7371,7.371,0.0007,-0.0004,-0.0008,-0.0004,-0.1077,0.0352
7372,7.372,-0,0.0053,0.0008,0.0044,-0.1412,-0.2863
7373,7.373,0.0005,0.0062,-0.0032,0.0013,-0.1119,-0.2295
7374,7.374,0.0057,0.0009,0.0032,0.0066,-0.1393,-0.283
7375,7.375,0.005,0.0016,0.0001,0.0001,-0.115,-0.2355
7376,7.376,0.0008,0.0021,0.0012,-0.0007,-0.1823,-0.1923
7377,7.377,-0.0021,0.0015,-0.0051,-0.006,-0.4063,-0.7879
7378,7.378,0.0004,0.0083,-0.0041,-0.0109,-0.2573,-0.7033
7379,7.379,0.0026,-0.002,-0.0077,-0.0139,-0.0128,-0.1608
7380,7.38,-0.0003,-0.0007,-0.0039,-0.0087,0.0864,0.1924
7381,7.381,-0.0013,0.0005,-0.008,-0.0051,0.1166,0.2578
7382,7.382,0.001,0.0015,-0.0095,-0.0082,0.1439,0.3164
7383,7.383,0.0014,0.0025,-0.0108,-0.0053,0.1195,0.2642
7384,7.384,0.0012,-0.0002,-0.0084,-0.0006,0.1419,0.2166
7385,7.385,0.0029,-0.0045,-0.007,-0.0023,0.4064,0.6098
7386,7.386,0.003,-0.0007,-0.0071,0.0041,0.2985,0.8744
7387,7.387,-0.0002,-0.0056,-0.0086,0.0032,0.0683,0.3456
7388,7.388,-0.0024,-0.0026,-0.0087,0.0054,-0.0816,-0.148
7389,7.389,-0.0004,0.0027,-0.0098,0.0047,-0.1093,-0.2135
7390,7.39,0.0007,-0.0009,-0.0084,0.0042,-0.1342,-0.2724
7391,7.391,0.0003,0.0008,-0.0054,0.0118,-0.1122,-0.3259
7392,7.392,0.002,-0.0009,-0.009,0.0088,-0.0921,-0.2783
7393,7.393,0.0027,-0.0066,-0.0102,0.0079,-0.2958,-0.4094
7394,7.394,0.0039,0.0003,-0.0088,0.0019,-0.3773,-0.9257
7395,7.395,0.0032,0.0012,-0.0046,0.0072,-0.1554,-0.5743
7396,7.396,0.0064,-0.003,-0.0068,0.0051,0.0539,0.0026
7397,7.397,-0.0005,-0.0024,-0.0062,0.0056,0.0817,0.2365
7398,7.398,0.0005,-0.0017,-0.0123,0.0015,0.1066,0.308
7399,7.399,-0.0003,-0.0034,-0.0093,-0.001,0.1291,0.2447
7400,7.4,-0.0028,-0.0005,-0.0065,-0.0053,0.109,0.3033
7401,7.401,-0.0022,-0.002,-0.0085,-0.0012,0.2016,0.2509
7402,7.402,-0.0001,-0.0024,-0.0103,0.0003,0.4204,0.7795
7403,7.403,0.0041,-0.0012,-0.0132,0.0006,0.2715,0.7097
7404,7.404,-0.0023,-0.0001,-0.0101,0.0009,0.0269,0.2615
7405,7.405,0.0003,0.0009,-0.0052,0.0034,-0.0723,-0.1467
7406,7.406,0.001,-0.0001,0.0044,0.0024,-0.1025,-0.2008
7407,7.407,-0.001,-0.0014,0.0254,-0,-0.1299,-0.2494
7408,7.408,-0.0005,0.002,0.0405,0.0042,-0.1055,-0.2936
7409,7.409,0,0.0008,0.0487,-0.0001,-0.128,-0.175
7410,7.41,-0.0035,0.0028,0.0512,-0.0029,-0.3926,-0.6441
7411,7.411,-0.0004,0.0025,0.031,-0.0107,-0.3567,-0.964
7412,7.412,-0.0016,0.0015,0.0119,-0.0097,-0.0609,-0.4405
7413,7.413,0.0042,0.0012,0.0096,-0.0045,0.0588,0.0536
7414,7.414,-0,-0.0006,0.0075,-0.0018,0.0955,0.2473
7415,7.415,0.0022,0.0001,0.0015,-0.0009,0.1286,0.3062
7416,7.416,0.0002,-0.0011,-0.0003,-0.0003,0.1586,0.2541
7417,7.417,0.0019,0.0021,-0.0053,-0.0009,0.0776,0.2066
7418,7.418,-0.0033,0.0018,-0.0007,-0.0051,0.2993,0.4252
7419,7.419,-0.0012,-0.0002,-0.0047,0.0013,0.3889,0.9416
7420,7.42,0.0005,0.0033,-0.0058,-0.0012,0.1448,0.5903
7421,7.421,0.001,0.0022,-0.0067,-0.0005,-0.02,0.0135
7422,7.422,-0.0015,0.0025,-0.0014,0.0044,-0.1101,-0.2201
7423,7.423,-0.0002,-0,-0.0059,0.0002,-0.1377,-0.2915
7424,7.424,0.0027,0.0024,-0.0016,0.0042,-0.1134,-0.2281
7425,7.425,-0.0015,0.0014,-0.0022,-0.0005,-0.0913,-0.2866
7426,7.426,-0.0032,0.0016,-0.0028,-0.001,-0.193,-0.234
7427,7.427,0.0016,0.0017,-0.0032,0.0007,-0.4337,-0.8586
7428,7.428,0.0011,0.0024,-0.0027,0.0012,-0.2697,-0.774
7429,7.429,-0.0005,-0.0008,-0.0011,0.0009,-0.0006,-0.2315
7430,7.43,0.001,-0.002,-0.004,0.0005,0.1083,0.2624
7431,7.431,0.0023,-0.004,-0.0036,0.0016,0.1416,0.1997
7432,7.432,0.0003,0.0002,-0.0038,-0.0016,0.1122,0.2584
7433,7.433,-0.0022,-0.0074,-0.0027,0.0012,0.1395,0.3118
7434,7.434,-0.0012,-0.0021,-0.0036,0.0002,0.1151,0.168
7435,7.435,-0.0008,-0.0048,-0.0009,0.0013,0.3616,0.5612
7436,7.436,-0.0014,-0.0057,-0.006,-0.001,0.329,0.9311
7437,7.437,0.0003,-0.0035,-0.0096,0.0008,0.06,0.4022
7438,7.438,-0.0029,-0.0028,-0.0101,-0.003,-0.1211,-0.0917
7439,7.439,-0.0017,-0.0033,-0.0142,-0.0013,-0.0889,-0.1574
7440,7.44,-0.0006,0.0008,-0.0053,0.0035,-0.1191,-0.2164
7441,7.441,0.0004,0.0023,-0.0063,0.0052,-0.1465,-0.27
7442,7.442,-0.003,0.005,-0.0066,0.0086,-0.0889,-0.2367
7443,7.443,-0.0019,0.002,-0.0054,0.0033,-0.2614,-0.3811
7444,7.444,0.0023,0.0032,-0.0105,0.0013,-0.4184,-0.9493
7445,7.445,0.0018,0.005,-0.0076,0.0008,-0.1946,-0.5628
7446,7.446,0.0023,0.0074,-0.0082,0.0003,0.0745,-0.0693
7447,7.447,0.0008,0.003,0.0035,0.0008,0.1112,0.2519
7448,7.448,-0.0022,0.0025,0.0291,-0.0053,0.1443,0.1948
7449,7.449,-0.0019,-0.0022,0.0474,0.0006,0.1148,0.2481
7450,7.45,-0.0016,-0.0039,0.0509,-0.0016,0.0878,0.2963
7451,7.451,0.0016,-0.001,0.0362,0.0005,0.1615,0.2529
7452,7.452,0.0005,0.0026,0.0063,0.0022,0.408,0.7689
7453,7.453,0.003,-0.0017,-0.0053,0.0017,0.2439,0.6988
7454,7.454,0.0006,0,-0.0014,0.0022,0.0346,0.2501
7455,7.455,0.0023,0.0016,0.002,0.0018,-0.1018,-0.1584
7456,7.456,0.001,-0.0027,-0.0006,-0.0029,-0.1269,-0.2128
7457,7.457,0.0016,-0.0079,0.0024,-0.0012,-0.1497,-0.2617
7458,7.458,-0.0021,0.0028,0.0051,-0.0088,-0.1298,-0.3061
7459,7.459,0.0004,-0.0018,0.0032,-0.0016,-0.1116,-0.267
7460,7.46,0.0035,-0.0005,0.0056,-0.01,-0.3642,-0.6642
7461,7.461,-0.003,0.0007,0.004,-0.0045,-0.3284,-1.0344
7462,7.462,-0.0057,0.0039,0.0026,-0.0014,-0.0985,-0.4098
7463,7.463,0.0002,-0.0033,0.0044,-0.0023,0.1108,0.1874
7464,7.464,0.0009,0.0012,0.0116,0.0019,0.0842,0.2662
7465,7.465,0.0002,-0.003,0.0031,-0.0033,0.1582,0.3371
7466,7.466,-0.0015,-0.0024,0.0065,-0.0054,0.136,0.2737
7467,7.467,-0.001,-0.0003,0.0038,-0.0023,0.0751,0.2159
7468,7.468,-0.0006,-0.0009,0.0049,-0.004,0.2787,0.3742
7469,7.469,-0.0002,0.002,0.0043,0.0027,0.4143,0.9027
7470,7.47,-0.0006,0.0015,0.0039,0.0036,0.1923,0.5513
7471,7.471,0.0012,-0.0027,0.0035,0.0044,-0.0171,0.1022
7472,7.472,0.0036,-0.0022,0.0055,0.0007,-0.0991,-0.1902
7473,7.473,-0.0002,-0.0007,0.0006,0.0014,-0.1241,-0.2443
7474,7.474,-0.0024,-0.0029,0.0029,0.0031,-0.1469,-0.2934
7475,7.475,0.0005,0.0035,0.0015,-0.001,-0.1674,-0.2504
7476,7.476,-0.0038,-0.0011,0.0014,0.0005,-0.186,-0.2113
7477,7.477,-0.0043,-0.0003,0.0022,-0.0007,-0.4049,-0.7528
7478,7.478,-0.0008,0.0019,-0.0044,0.0057,-0.2561,-0.8307
7479,7.479,-0.0012,-0.0017,-0.001,0.003,-0.0116,-0.197
7480,7.48,-0.0059,0,-0.0034,0.0005,0.0876,0.2303
7481,7.481,-0.0043,-0.0041,-0.0005,0.0042,0.1178,0.1542
7482,7.482,-0.0072,0.0027,-0.0009,0.0006,0.1451,0.2251
7483,7.483,-0.0047,-0.0019,-0.0041,-0.0064,0.1208,0.2896
7484,7.484,-0.0005,0.004,0.0032,-0.0055,0.0985,0.2319
7485,7.485,0.0024,-0.0013,0.0027,0.0004,0.4037,0.6014
7486,7.486,0.0008,0.0007,0.0056,-0.0034,0.3602,0.9381
7487,7.487,0.005,-0.001,0.0007,0.0015,0.0819,0.4574
7488,7.488,0.0055,-0.0005,0.0004,0.0032,-0.0993,-0.1198
7489,7.489,0.0019,0.0031,-0.0023,0.0015,-0.0671,-0.1987
7490,7.49,0.0041,0.0034,-0.0014,0.003,-0.0973,-0.2698
7491,7.491,0.0029,0.0014,0.0015,0.0041,-0.1246,-0.3343
7492,7.492,0.0025,0.0024,0.004,0.0038,-0.1002,-0.2768
7493,7.493,0.0057,0,0.0047,0.0002,-0.2571,-0.3298
7494,7.494,0.0053,0.0003,0.0015,0.0014,-0.3995,-0.9546
7495,7.495,0.0028,-0.0022,-0.0023,0.001,-0.1958,-0.5293
7496,7.496,0.0051,-0.0061,-0.0025,-0.0047,0.0489,0.0137
7497,7.497,0.0014,-0.0014,-0.0006,-0.0022,0.0824,0.2263
7498,7.498,0.0002,0.0003,0.002,-0.0029,0.1127,0.2914
7499,7.499,0.0013,-0.0026,0.0043,-0.0023,0.14,0.2341
7500,7.5,-0.0005,0.0032,0.0021,0.0007,0.1157,0.2874
7501,7.501,-0.0038,0.001,0.0028,-0.0045,0.183,0.2398
7502,7.502,-0.0009,-0.0011,0.004,-0.0039,0.4069,0.8079
7503,7.503,-0.0045,0.0006,0.0012,-0.0034,0.2579,0.7311
7504,7.504,0.0025,-0.0023,-0.0015,0.0007,0.0134,0.2382
7505,7.505,-0.0006,0.0025,-0.0011,-0.0019,-0.0857,-0.2109
7506,7.506,-0.0014,0.0008,0.0007,0.0042,-0.116,-0.2701
7507,7.507,-0.0006,0.0025,0.0011,0.0033,-0.1433,-0.3234
7508,7.508,0.0001,0.001,0.0014,0.004,-0.119,-0.2757
7509,7.509,-0.0019,0.0022,0.0013,0.0033,-0.1413,-0.2322
7510,7.51,-0.0014,0.0001,0.0046,0.005,-0.3651,-0.5895
7511,7.511,0.0003,0.0044,0.0008,0.0021,-0.3355,-0.9259
7512,7.512,0.0018,0.0015,0.0045,0.0036,-0.0911,-0.4452
7513,7.513,-0.0004,0.0011,0.0057,-0.0006,0.0738,0.1322
7514,7.514,0.0025,0.0023,0.0018,-0.0011,0.1042,0.2115
7515,7.515,0.0007,0.0026,0.0004,-0.0037,0.1316,0.2828
7516,7.516,0.0017,-0.0031,0.0034,-0.0058,0.1074,0.3477
7517,7.517,-0,-0.0056,0.0054,-0.0019,0.0853,0.2903
7518,7.518,-0.0007,-0.0018,0.0012,0.0006,0.2686,0.3436
7519,7.519,-0.0024,-0.0038,-0.0005,0.001,0.392,0.8724
7520,7.52,-0.0025,0.0019,-0.0031,-0.0037,0.1903,0.6621
7521,7.521,-0.0005,0.0026,-0.0009,0.0021,-0.0544,0.0856
7522,7.522,0.0029,0.0006,-0.0022,0.0028,-0.0878,-0.148
7523,7.523,0.0033,-0.0051,-0.0026,0.0007,-0.1179,-0.2192
7524,7.524,0.0004,0.0034,-0.0043,0.0013,-0.1452,-0.2837
7525,7.525,0.0029,0.0044,-0.0041,0.0018,-0.1208,-0.2261
7526,7.526,0.0006,0.0014,0,-0.0008,-0.1433,-0.2789
7527,7.527,-0.0004,0.0041,-0.0006,-0.0004,-0.4079,-0.8074
7528,7.528,-0.0035,0.0033,-0.0024,-0.0024,-0.2998,-0.878
7529,7.529,0.0013,0.0011,-0.005,0.0034,-0.0038,-0.1737
7530,7.53,0.0007,0.0005,-0.0064,0.0025,0.1159,0.1091
7531,7.531,0.0024,0.001,-0.0044,0.0033,0.0805,0.1959
7532,7.532,0.0019,0.0015,-0.0036,-0.0003,0.1136,0.2741
7533,7.533,0.0031,-0.0032,-0.0089,-0.0008,0.1437,0.3451
7534,7.534,-0.0008,0.0011,-0.0038,-0.0002,0.1168,0.1538
7535,7.535,0.0008,-0.0006,-0.0033,-0.0017,0.3878,0.5607
7536,7.536,-0.0014,-0.0031,-0.0091,-0.002,0.3521,0.9307
7537,7.537,-0.0002,0.003,-0.0086,0.0019,0.122,0.4021
7538,7.538,0.0008,-0.0012,-0.0023,-0.0028,-0.0873,-0.0915
7539,7.539,0.0005,-0.0019,-0.0067,0.0014,-0.1149,-0.2848
7540,7.54,-0.0019,-0.0012,-0.0075,0.0019,-0.1398,-0.2277
7541,7.541,-0.0033,-0.0029,-0.0056,0.0004,-0.1177,-0.2812
7542,7.542,-0.0016,0,-0.0074,-0.0038,-0.0976,-0.2337
7543,7.543,-0.0004,0,-0.0097,0.0016,-0.2682,-0.3431
7544,7.544,-0.0002,0.0026,-0.0069,0.0022,-0.398,-0.9113
7545,7.545,0.003,0.0004,-0.0023,0.0017,-0.1792,-0.6795
7546,7.546,0.0018,0.0016,-0.0066,0.002,0.0301,-0.0451
7547,7.547,-0.0003,0.0006,-0.0003,0.0008,0.112,0.2119
7548,7.548,-0.0053,-0.0011,0.0125,0.0027,0.0878,0.2904
7549,7.549,-0.0018,-0.0015,0.018,0.0004,0.1104,0.2209
7550,7.55,-0.0035,-0.0013,0.0297,-0.0006,0.1309,0.2852
7551,7.551,-0.003,-0.0025,0.0342,0.0012,0.1864,0.2272
7552,7.552,-0.0015,-0.0013,0.0382,-0.0005,0.4053,0.8083
7553,7.553,-0.0076,-0.0045,0.0495,0.0002,0.2563,0.7313
7554,7.554,-0.0102,-0.0057,0.051,-0.0018,0.0117,0.2383
7555,7.555,-0.0049,-0.0045,0.0413,0.0021,-0.0875,-0.2111
7556,7.556,-0.0014,-0.0027,0.0224,0.0038,-0.1178,-0.2707
7557,7.557,-0.0019,0.0012,-0.0023,-0.0019,-0.1452,-0.3245
7558,7.558,0.0009,0.0037,0.0009,0.0018,-0.121,-0.2772
7559,7.559,0.0024,-0.0032,-0.002,-0.0031,-0.0988,-0.2341
7560,7.56,-0.0007,-0.0022,0.0062,0.0011,-0.3635,-0.5121
7561,7.561,0.0005,-0.0031,0.0039,-0.0006,-0.3276,-0.9094
7562,7.562,0.003,-0.009,0.0061,-0.0064,-0.0975,-0.4339
7563,7.563,-0.0022,-0.0068,0.0042,-0.0042,0.1119,0.143
7564,7.564,0.0062,-0.0048,0.0061,-0.0091,0.0855,0.2219
7565,7.565,0.0052,-0.0031,0.0045,-0.0061,0.1103,0.2929
7566,7.566,0.0042,0.0021,0.0061,-0.002,0.1329,0.2294
7567,7.567,-0.0004,0.0014,-0.0007,-0.0067,0.0722,0.2879
7568,7.568,0.0038,0.0031,-0.0017,-0.0072,0.2759,0.3408
7569,7.569,-0.0015,0.0014,0.0062,-0.0044,0.4116,0.8693
7570,7.57,0.0005,0.0049,0.0054,0.0034,0.1897,0.6586
7571,7.571,-0.0025,0.0079,0.001,0.0024,-0.0795,0.0817
7572,7.572,0.0015,0.0015,0.0054,0.0054,-0.1163,-0.1524
7573,7.573,0.0041,0.0006,0.0034,0.0027,-0.1495,-0.2238
7574,7.574,0.001,0.0031,0.0085,0.0105,-0.1201,-0.2887
7575,7.575,0.0013,0.0009,0.0071,0.0032,-0.0932,-0.2313
7576,7.576,0.0032,0.0045,0.0068,-0.0013,-0.1671,-0.1789
7577,7.577,0.0021,0.0014,0.0023,-0.0056,-0.4136,-0.8037
7578,7.578,0.0038,0.0054,0.0043,-0.0034,-0.2496,-0.8894
7579,7.579,0.0008,0.0029,-0.0007,-0.0041,-0.0404,-0.3471
7580,7.58,0.0028,0.0007,0.0032,-0.0058,0.0958,0.1468
7581,7.581,0.0018,0.0062,0.0029,-0.0018,0.1209,0.212
7582,7.582,-0.0006,-0.0023,0.0027,-0.0003,0.1436,0.2707
7583,7.583,-0.0003,-0.0013,-0.0017,0.0001,0.1235,0.324
7584,7.584,0.0004,-0.0003,-0.0018,0.0048,0.1053,0.2763
7585,7.585,-0.0035,-0.0012,0.0049,0.0017,0.3578,0.5821
7586,7.586,-0.004,-0.0003,0.0027,0,0.322,0.9397
7587,7.587,0.0038,-0.0026,0.0024,0.0025,0.092,0.411
7588,7.588,0.0027,-0.0019,0.0021,-0.0005,-0.0577,-0.0827
7589,7.589,0.0017,-0.0014,0.003,0.0059,-0.0855,-0.1482
7590,7.59,-0.0028,0.0026,0.0028,0.0067,-0.1103,-0.2073
7591,7.591,0.0031,0.0011,0.0047,0.0041,-0.1328,-0.2608
7592,7.592,0.0009,0.0032,0.0047,0.0048,-0.072,-0.2132
7593,7.593,-0.0027,0.0003,0.0063,0.0041,-0.2386,-0.3443
7594,7.594,-0.001,0.0013,0.0025,0.0024,-0.3955,-0.9399
7595,7.595,-0.0005,-0.0039,-0.0048,0.0018,-0.1715,-0.6849
7596,7.596,-0.002,0.003,0.0009,-0.0039,0.0378,-0.142
7597,7.597,-0.0016,0.0002,0.0058,-0.0077,0.1198,0.2113
7598,7.598,-0.0045,0.0011,0.0054,-0.0028,0.0958,0.2767
7599,7.599,-0.0003,-0.0012,0.0051,-0.0011,0.1186,0.3355
7600,7.6,0.0002,-0.0032,0.0019,0.0018,0.0986,0.2833
7601,7.601,0.0017,0.0025,0.0065,0.0023,0.1543,0.2357
7602,7.602,0.0006,0.0032,0.0052,-0.0038,0.4069,0.7164
7603,7.603,-0.0023,0.0011,0.0031,-0.0013,0.299,0.781
7604,7.604,0.0028,-0.0006,0.0022,-0.002,0.0032,0.2572
7605,7.605,0.0021,-0.0011,0.0063,0.0044,-0.1163,-0.0959
7606,7.606,0.0016,-0.0006,0.004,0.0036,-0.0807,-0.2892
7607,7.607,0.0021,-0.001,0.003,0.0073,-0.1137,-0.2318
7608,7.608,-0.0014,-0.0057,0.0035,0.0079,-0.1436,-0.2852
7609,7.609,0.0008,-0.0052,0,0.0063,-0.1165,-0.2374
7610,7.61,-0.002,0,0.0032,0.001,-0.3874,-0.5431
7611,7.611,-0.0046,-0.0006,0.0004,0.0059,-0.3514,-0.9006
7612,7.612,-0.0022,-0.0037,-0.0005,-0.0036,-0.1211,-0.468
7613,7.613,0.0002,-0.0008,0.0019,-0.0076,0.0884,0.0567
7614,7.614,-0.0023,0.0007,-0.0005,-0.0088,0.1163,0.2693
7615,7.615,0.0029,0.0004,-0.0018,-0.0078,0.1413,0.2064
7616,7.616,-0.004,0.0059,-0.0021,-0.0068,0.1193,0.2654
7617,7.617,-0.0013,0.0007,-0.001,-0.0022,0.0993,0.2132
7618,7.618,0.003,-0.0042,-0.0025,-0.0013,0.2661,0.3577
7619,7.619,0.0023,-0.0025,-0.0017,-0.005,0.4233,0.9257
7620,7.62,0.0016,-0.0042,-0.0021,-0.0015,0.1995,0.694
7621,7.621,-0.0014,-0.0027,-0.0044,-0.0031,-0.0097,0.0599
7622,7.622,-0.0009,0.0034,-0.0004,-0.006,-0.0915,-0.197
7623,7.623,-0.0004,-0.0025,-0.0011,-0.0012,-0.1163,-0.2755
7624,7.624,-0.0015,-0.0003,-0.003,0.0031,-0.1388,-0.3463
7625,7.625,-0.0019,0.0004,-0.0028,0.006,-0.1185,-0.2829
7626,7.626,0,-0.0027,-0.0034,0.0035,-0.174,-0.2252
7627,7.627,0.0024,-0.001,0.0011,0.0047,-0.4264,-0.8063
7628,7.628,0.0007,0.0016,-0.0023,0.0018,-0.2462,-0.8841
7629,7.629,-0.0023,0.0013,-0.0055,0.0028,-0.0158,-0.2505
7630,7.63,-0.0003,0.0009,-0.0043,0.0005,0.0743,0.1767
7631,7.631,-0.0006,0.0019,-0.0077,0.0015,0.102,0.2554
7632,7.632,-0.003,0.0009,-0.011,-0.0003,0.1269,0.3263
7633,7.633,-0.0013,0.0033,-0.0103,0.0009,0.1049,0.263
7634,7.634,0.0005,0.002,-0.0091,0.0037,0.0848,0.2055
7635,7.635,0.0012,0.0036,-0.0058,0.0041,0.3625,0.5753
7636,7.636,0.0005,0.0004,-0.005,0.0038,0.3232,0.9119
7637,7.637,0.0016,0.0043,-0.0075,-0.0004,0.1425,0.4313
7638,7.638,-0.0015,0.0028,-0.0054,0.0013,-0.0881,-0.0179
7639,7.639,-0.0003,0.0006,-0.009,0.0054,-0.1185,-0.1939
7640,7.64,0.0001,0.0035,-0.0107,0.0019,-0.1458,-0.2476
7641,7.641,0.0047,-0.0001,-0.0108,-0.0011,-0.1217,-0.2963
7642,7.642,-0.0011,-0.0013,-0.0123,0.0001,-0.0996,-0.2532
7643,7.643,-0.0004,0.0008,-0.009,0.0004,-0.242,-0.2932
7644,7.644,0.0022,0.0011,-0.01,0.0006,-0.41,-0.923
7645,7.645,0.0029,0.0036,-0.0101,-0.0017,-0.2063,-0.671
7646,7.646,0.0034,0.0013,-0.0126,-0.0068,0.0383,-0.1776
7647,7.647,-0.0006,-0.0018,-0.0149,-0.0032,0.0717,0.1756
7648,7.648,0.0019,0.0001,-0.0143,-0.0037,0.1017,0.2406
7649,7.649,0.0007,-0.0003,-0.0097,-0.002,0.1289,0.2993
7650,7.65,0.0011,0.0001,-0.0179,0.0028,0.1044,0.247
7651,7.651,0.0008,-0.0018,-0.0046,-0.0003,0.1715,0.199
7652,7.652,-0.0002,-0.0011,0.0192,0.0038,0.3952,0.7669
7653,7.653,-0.0053,-0.0009,0.0286,0.0013,0.2461,0.8445
7654,7.654,-0.0017,-0.0029,0.0253,0.0025,0.0558,0.3516
7655,7.655,0.0013,-0.0036,0.0386,0.0013,-0.0683,-0.2256
7656,7.656,0.0008,-0.0004,0.031,0.0023,-0.0913,-0.1497
7657,7.657,0.0024,-0.0016,0.0195,-0,-0.1527,-0.2209
7658,7.658,-0.0007,-0.0006,0.005,0.0023,-0.1346,-0.2855
7659,7.659,0.0049,-0.003,0.0102,-0.0007,-0.1182,-0.2281
7660,7.66,-0.0003,-0.0013,0.0218,-0.0036,-0.348,-0.4924
7661,7.661,0.0003,-0.0014,0.026,-0.0026,-0.3812,-0.9251
7662,7.662,-0.0039,0.0025,0.0271,-0.0058,-0.1125,-0.5185
7663,7.663,-0.001,-0.0004,0.0433,-0.0055,0.0685,0.0641
7664,7.664,-0.0005,0.0001,0.0409,-0.0013,0.1018,0.143
7665,7.665,0.0025,-0.0002,0.0549,-0.0008,0.1317,0.2141
7666,7.666,-0.0004,0.0018,0.0566,0.0007,0.159,0.2786
7667,7.667,0.0015,0.0008,0.048,-0.0024,0.0853,0.3371
7668,7.668,-0.0002,0.0011,0.0248,-0.0045,0.242,0.2844
7669,7.669,-0.0005,-0.0006,0.0017,-0.0019,0.4252,0.9092
7670,7.67,0.0001,-0.0012,-0.0012,-0.0009,0.2033,0.6542
7671,7.671,0.0008,-0.0001,0.0014,-0.0046,-0.066,0.1113
7672,7.672,-0.0029,-0.0017,-0.0059,-0.0016,-0.1029,-0.242
7673,7.673,-0.0025,-0.0038,0.0007,0.0023,-0.1362,-0.1793
7674,7.674,-0.0003,-0.0021,-0.0013,0.0048,-0.1069,-0.2381
7675,7.675,0.0018,-0.0014,0.0043,0.0036,-0.0802,-0.2914
7676,7.676,-0.0001,-0.0043,0.0061,-0.0012,-0.1049,-0.2437
7677,7.677,-0.0025,-0.0017,0.0016,-0.0054,-0.3964,-0.7242
7678,7.678,-0.0022,0.0006,0.0003,-0.0026,-0.2778,-0.7885
7679,7.679,-0.0029,0.001,0.0042,-0.0001,-0.0249,-0.2649
7680,7.68,0.001,-0.0015,0.0033,-0.0013,0.0742,0.2289
7681,7.681,0.0027,-0.0026,0.0065,0.0007,0.1044,0.1665
7682,7.682,0.0012,-0.0042,0.004,-0.0019,0.1317,0.2254
7683,7.683,0.0008,-0,0.005,-0.0043,0.1563,0.2788
7684,7.684,-0.0013,0.0057,0.0046,-0.0094,0.0892,0.2312
7685,7.685,-0.0023,0.0005,0.0055,-0.0059,0.3538,0.5371
7686,7.686,-0.0006,0.0012,0.0016,0.0024,0.39,0.8947
7687,7.687,-0.0057,0.0054,0.0024,0.0034,0.0943,0.4624
7688,7.688,-0.0093,0.0002,0.0001,0.0023,-0.105,-0.0621
7689,7.689,-0.0098,0.0037,-0.0065,0.005,-0.0696,-0.2744
7690,7.69,-0.0034,0.0007,-0.0009,0.0041,-0.1027,-0.2115
7691,7.691,-0.0043,0.0024,-0.0033,0.0047,-0.1328,-0.2702
7692,7.692,-0.0036,0.0029,0.0013,-0.0002,-0.1059,-0.2179
7693,7.693,-0.0001,0.0025,-0.0005,0.0028,-0.2291,-0.3622
7694,7.694,0.0042,0.0013,-0.0008,0.001,-0.4308,-0.9302
7695,7.695,0.0036,0.0017,0.0038,0.0035,-0.1868,-0.6985
7696,7.696,0.0041,-0.0007,0.0002,0.0031,0.0437,-0.0642
7697,7.697,-0.0001,-0.0003,-0.0062,-0.0033,0.1338,0.1927
7698,7.698,0.0027,-0.001,-0.0066,-0.0042,0.1072,0.2713
7699,7.699,0.0022,-0.0022,-0.0003,-0,0.1322,0.3424
7700,7.7,0.001,0,-0.002,0.0037,0.1101,0.2791
7701,7.701,0.0022,-0.0042,-0.0009,0.0001,0.1712,0.2215
7702,7.702,0.0012,0.0015,-0.001,-0.003,0.4122,0.6972
7703,7.703,0.0022,0.0038,-0.0034,0.0022,0.2483,0.7618
7704,7.704,-0.0009,0.0031,0.0017,0.0029,0.0392,0.2383
7705,7.705,0.001,0.0036,0.0015,-0.0002,-0.0969,-0.1146
7706,7.706,0.002,-0.004,0.0036,-0.0007,-0.1218,-0.1797
7707,7.707,0.0037,-0.0009,0.0034,0.006,-0.1443,-0.2383
7708,7.708,0.005,0.0018,0.0033,0.0033,-0.1242,-0.2913
7709,7.709,0.0039,-0.0024,0.0038,0.0058,-0.1057,-0.2436
7710,7.71,0.0041,0.0028,0.0022,0.0021,-0.3579,-0.462
7711,7.711,0.0012,-0.0021,0.0055,0.0042,-0.3939,-0.9783
7712,7.712,0.0038,-0.0003,0,0.0059,-0.098,-0.4861
7713,7.713,0.0028,-0.0008,0.0008,0.0054,0.1013,0.0911
7714,7.714,-0.0003,-0.0003,-0.004,0.0018,0.066,0.1702
7715,7.715,0.0033,-0.0033,0.003,-0.0012,0.0993,0.2415
7716,7.716,0.0012,-0.0004,-0.0054,-0.0032,0.1296,0.3062
7717,7.717,-0,-0.0029,0.0002,-0.0074,0.1028,0.2488
7718,7.718,0.001,0.0023,0.0012,-0.0115,0.2262,0.302
7719,7.719,-0.0022,0.003,-0.0016,-0.0057,0.4281,0.9268
7720,7.72,0.0043,0.001,-0.0025,0.0013,0.1842,0.6721
7721,7.721,0.0016,0.0006,0.0011,-0.0032,-0.046,0.1293
7722,7.722,0.0008,0.0011,0.0003,0.001,-0.0764,-0.2237
7723,7.723,-0.0014,0.0006,-0.0016,0.0017,-0.1038,-0.289
7724,7.724,-0.0021,-0.0005,-0.0035,0.0053,-0.1285,-0.2316
7725,7.725,-0.0026,0.0007,-0.0011,0.0037,-0.1062,-0.2848
7726,7.726,0.0003,-0.0018,-0.0025,0.0042,-0.1265,-0.2369
7727,7.727,-0.0022,-0.0027,-0.0007,0.0017,-0.4042,-0.7175
7728,7.728,0.0009,-0.0037,-0.006,-0.0004,-0.2853,-0.7818
7729,7.729,-0.0003,-0.0006,-0.0056,-0.0024,-0.0323,-0.2581
7730,7.73,0.0008,0.0023,-0.0041,-0.0014,0.1327,0.0951
7731,7.731,0.0018,-0.0002,-0.0027,0.0004,0.1035,0.2886
7732,7.732,-0.0012,0.0038,-0.0077,0.0014,0.131,0.2313
7733,7.733,-0.0009,0.0023,-0.0097,-0.0016,0.1068,0.2846
7734,7.734,0.0037,0.0011,-0.0083,-0.0012,0.0847,0.2369
7735,7.735,0.0007,-0.0009,-0.0071,-0.0008,0.3494,0.4555
7736,7.736,-0.0021,0.0049,-0.0063,0.0016,0.3856,0.8924
7737,7.737,-0.0026,0.0007,-0.0069,-0.0001,0.09,0.4857
7738,7.738,-0.0014,-0.0029,-0.0098,0.0019,-0.1092,0.0087
7739,7.739,0.0034,-0.0009,-0.0078,0.0002,-0.0738,-0.1848
7740,7.74,-0.0008,0.0009,-0.0098,0.0025,-0.1069,-0.2438
7741,7.741,0.0009,0.0014,-0.0095,0.0027,-0.137,-0.2971
7742,7.742,0.0005,-0.0011,-0.0127,0.0039,-0.1101,-0.2497
7743,7.743,0.0017,-0.0008,-0.0073,0.0012,-0.2334,-0.2936
7744,7.744,0.0005,-0.0004,-0.0084,0.0016,-0.4352,-0.8894
7745,7.745,0,-0.0029,-0.0088,-0.0001,-0.2041,-0.6848
7746,7.746,-0.0025,-0.0004,-0.0143,0.0043,0.0404,-0.0879
7747,7.747,0.0008,-0.0007,-0.0167,0.0003,0.074,0.1458
7748,7.748,0.0005,0.0017,-0.0153,-0.0012,0.1042,0.2173
7749,7.749,-0.0053,0.0019,-0.014,0.001,0.1315,0.2819
7750,7.75,-0.0078,0.0031,-0.0065,0.0022,0.1071,0.2244
7751,7.751,-0.0008,-0.0006,0.0103,-0.0003,0.1294,0.1717
7752,7.752,0,-0.0001,0.0173,0.0014,0.4346,0.7002
7753,7.753,-0.0008,0.0029,0.0282,0.0004,0.3037,0.7707
7754,7.754,-0.0045,-0.0035,0.0381,-0.0038,0.0252,0.1944
7755,7.755,-0.0052,-0.0027,0.0286,-0.0008,-0.0838,-0.1943
7756,7.756,-0.0082,-0.0001,0.0334,-0.006,-0.1173,-0.2661
7757,7.757,-0.003,0.0005,0.0287,-0.0081,-0.1474,-0.203
7758,7.758,-0.0023,0.0026,0.0381,-0.0086,-0.1749,-0.2617
7759,7.759,-0.0028,0.0009,0.0442,-0.0115,-0.1506,-0.2095
7760,7.76,-0.0104,-0.0032,0.0518,-0.013,-0.3524,-0.45
7761,7.761,-0.0074,-0.0027,0.0506,-0.0069,-0.3257,-0.9309
7762,7.762,-0.001,0.0034,0.0365,-0.0044,-0.1037,-0.4836
7763,7.763,0.0016,0.0042,0.0057,0.0008,0.1056,0.0408
7764,7.764,0.0023,-0.0028,0.0012,0.0015,0.0791,0.253
7765,7.765,0.0029,-0.0019,-0.0027,-0.0002,0.1531,0.3176
7766,7.766,0.0012,0.0023,0.0007,0.005,0.1309,0.26
7767,7.767,0.0065,-0.003,-0.0025,0.0029,0.1107,0.3131
7768,7.768,0.0071,-0.0051,0.0063,-0.0054,0.2402,0.2651
7769,7.769,0.0054,-0.0008,0.009,-0.0022,0.3917,0.9203
7770,7.77,0.0037,-0.0037,0.0066,-0.0012,0.2083,0.6397
7771,7.771,0.0063,-0.0095,0.0088,-0.0021,-0.0143,0.2128
7772,7.772,0.0041,-0.0133,0.0109,0.0021,-0.1045,-0.1758
7773,7.773,0.0061,-0.0084,0.0054,0.0028,-0.132,-0.2474
7774,7.774,0.0064,-0.0027,0.0072,0.0007,-0.1079,-0.3122
7775,7.775,0.0032,-0.0021,0.0058,0.0012,-0.086,-0.2547
7776,7.776,0.0011,-0.0001,0.0073,0.0007,-0.1471,-0.2023
7777,7.777,0.0037,-0.0031,0.0086,0.0064,-0.4251,-0.731
7778,7.778,0.0013,0.0032,0.0077,0.0057,-0.3065,-0.8017
7779,7.779,-0.0018,0.0024,0.0049,-0.0008,-0.0536,-0.3534
7780,7.78,-0.0021,0.006,0.0023,-0.0033,0.1111,0.1712
7781,7.781,0.0002,0.0025,0.0034,-0.0027,0.0817,0.2429
7782,7.782,-0.0015,0.0029,-0.0001,0.0008,0.1089,0.3077
7783,7.783,-0.0008,0.0024,0.0022,0.0024,0.1335,0.2502
7784,7.784,-0.0007,-0.0012,-0.0006,0.0041,0.1111,0.1978
7785,7.785,-0.0044,0.0018,-0.0032,-0.0017,0.3348,0.4381
7786,7.786,-0.0112,-0.0003,0.0018,0.0004,0.3646,0.9188
7787,7.787,-0.0066,0.0007,-0.0009,0.0011,0.1202,0.4713
7788,7.788,-0.0058,-0.0003,-0.0023,0.0016,-0.0448,-0.0532
7789,7.789,-0.0006,0.0047,-0.0004,0.002,-0.0754,-0.2654
7790,7.79,0.0015,0.0053,0.0029,0.0025,-0.1029,-0.2024
7791,7.791,0.0045,0.0036,0.0012,-0.0006,-0.1279,-0.2611
7792,7.792,0.0062,0.0053,0.0006,0.0041,-0.1058,-0.2088
7793,7.793,-0.0006,0.0037,-0.0007,0.0024,-0.2077,-0.2571
7794,7.794,0.0002,0.0006,0.002,-0.0005,-0.4116,-0.9123
7795,7.795,0.0028,-0.0023,0.0025,-0.001,-0.222,-0.6318
7796,7.796,0.0034,0.0002,-0.001,-0.0007,0.0003,-0.2049
7797,7.797,0.0041,0.0012,0.0011,0.0013,0.0903,0.1837
7798,7.798,0.0024,-0.0006,-0.0042,0.0003,0.1177,0.2552
7799,7.799,-0.0005,-0.002,-0.0045,0.0019,0.1424,0.3198
7800,7.8,0.001,0.0004,0.0008,0.0043,0.1202,0.2625
7801,7.801,0.0007,-0.0007,-0.0046,0.0044,0.1406,0.2101
7802,7.802,0.0019,0.0018,0.0011,0.0027,0.4183,0.7389
7803,7.803,0.0009,0.0028,0.0008,0.001,0.2995,0.8097
7804,7.804,-0.0001,0.0011,0.0043,0.0008,0.0466,0.3616
7805,7.805,0.0029,-0.0015,0.0041,0.001,-0.1183,-0.163
7806,7.806,-0.0029,0.0024,0.0019,-0.0017,-0.089,-0.2345
7807,7.807,-0.002,0.0039,-0.0001,-0.0036,-0.1165,-0.2989
7808,7.808,-0.0013,-0.0031,0.0022,-0.0046,-0.1413,-0.2411
7809,7.809,-0.0006,0.0021,-0.0034,0.0005,-0.1191,-0.1884
7810,7.81,0.0011,0.0029,0.001,0.004,-0.343,-0.4284
7811,7.811,-0.003,-0.003,-0.0011,0.0057,-0.3729,-0.909
7812,7.812,-0.0045,0.0023,-0.0003,0.0017,-0.1286,-0.4613
7813,7.813,-0.0023,-0.0026,0.0014,0.0032,0.0363,0.0635
7814,7.814,-0.0035,-0.001,0.0008,0.002,0.0669,0.2761
7815,7.815,0.0023,-0.0015,-0.0008,-0.0027,0.1485,0.2134
7816,7.816,-0.0003,-0.002,-0.0006,-0.0021,0.1243,0.2724
7817,7.817,-0.0025,-0.0008,0.0022,-0.0062,0.1022,0.2202
7818,7.818,-0.0018,0.0004,0.0002,-0.0097,0.2446,0.2687
7819,7.819,-0.0012,0.0046,-0.0009,-0.0093,0.4114,0.8369
7820,7.82,0.0005,0.0017,0.0006,-0.0081,0.2099,0.6054
7821,7.821,0.002,-0.0008,-0.0014,-0.0024,-0.0346,0.1124
7822,7.822,-0.001,-0.003,0.0023,-0.0015,-0.068,-0.2088
7823,7.823,-0.0007,0.0026,0.0005,0.0038,-0.0981,-0.2679
7824,7.824,-0.0049,-0.0012,-0.0013,0.0058,-0.1255,-0.3214
7825,7.825,0.0003,-0.0047,-0.0027,0.0042,-0.1011,-0.2738
7826,7.826,0.0024,0.0036,-0.0001,0.0013,-0.1234,-0.2303
7827,7.827,0.0041,-0.0019,-0.0029,-0.0012,-0.4286,-0.7465
7828,7.828,0.0012,0.0011,-0.0022,0.005,-0.2978,-0.8171
7829,7.829,0.0007,-0.0073,-0.0075,0.0025,-0.0194,-0.3689
7830,7.83,0.0037,-0.0041,-0.0072,0.0077,0.0895,0.1558
7831,7.831,0.0017,0.0032,-0.0058,0.0058,0.123,0.2275
7832,7.832,0.0027,-0.0032,-0.0079,0.0016,0.1532,0.2923
7833,7.833,0.003,-0.0006,-0.0098,0.0011,0.1264,0.351
7834,7.834,0.0013,0.0001,-0.0098,0.0047,0.1021,0.1929
7835,7.835,-0.0017,-0.002,-0.0046,-0.0022,0.3488,0.4333
7836,7.836,0.0047,0.0011,-0.0057,-0.0011,0.3819,0.9141
7837,7.837,0.0002,0.0016,-0.0054,-0.0002,0.1133,0.4665
7838,7.838,-0.0024,0.0032,-0.01,-0.001,-0.0678,-0.058
7839,7.839,-0.0002,-0.0029,-0.0088,0.0027,-0.1012,-0.13
7840,7.84,-0.0009,0.003,-0.0087,-0.0037,-0.1312,-0.1951
7841,7.841,-0.0003,0.0037,-0.0133,-0.0028,-0.1585,-0.2537
7842,7.842,-0.002,0.0057,-0.012,-0.0006,-0.0848,-0.3069
7843,7.843,0.0005,-0.0012,-0.0129,-0.0054,-0.2416,-0.2592
7844,7.844,-0.0037,-0.002,-0.0122,-0.0059,-0.4249,-0.9145
7845,7.845,0.0015,0.0022,-0.0155,-0.0018,-0.203,-0.6342
7846,7.846,-0.0007,0.0032,-0.0132,-0.0055,0.0155,-0.133
7847,7.847,-0,0.0026,-0.0146,-0.002,0.1056,0.2943
7848,7.848,0.0005,0.0006,-0.0173,0.0003,0.1332,0.2181
7849,7.849,0.0022,0.0011,-0.0133,0.0015,0.1091,0.289
7850,7.85,-0.0036,-0.0006,-0.0155,0.0057,0.1318,0.2254
7851,7.851,-0.0014,0.0009,-0.0081,0.0028,0.1116,0.1675
7852,7.852,-0.0034,0.004,0.0085,-0.0007,0.3896,0.7485
7853,7.853,0.0008,0.0011,0.0153,0.0024,0.2709,0.826
7854,7.854,0.0025,0.0037,0.0303,0.0012,0.0181,0.3333
7855,7.855,-0.0001,-0.0016,0.0278,-0.003,-0.0811,-0.2441
7856,7.856,-0.0023,-0.0053,0.0367,-0.0059,-0.1114,-0.3232
7857,7.857,0.0041,-0.0004,0.0312,-0.0023,-0.1386,-0.254
7858,7.858,0.0033,-0.002,0.0384,0.0038,-0.1143,-0.3189
7859,7.859,-0.001,-0.0085,0.0393,0.0063,-0.092,-0.1453
7860,7.86,0.0012,-0.011,0.0401,0.0011,-0.3158,-0.4097
7861,7.861,0.0061,-0.0073,0.0453,0.006,-0.4053,-0.9386
7862,7.862,0.0019,-0.0009,0.048,-0.0022,-0.161,-0.4467
7863,7.863,-0.001,-0.0017,0.0561,-0.0012,0.0696,0.0023
7864,7.864,-0.0005,0.002,0.0408,-0.0064,0.1001,0.1779
7865,7.865,-0.0009,0.0056,0.0099,-0.0019,0.1276,0.2314
7866,7.866,-0.0005,-0.0001,-0.0036,0.0041,0.1525,0.2799
7867,7.867,-0.0024,0.0005,-0.0078,0.0047,0.0856,0.2365
7868,7.868,-0.0048,0.0012,0.0027,0.0027,0.1874,0.2761
7869,7.869,0.0003,0.0029,-0.0074,-0.0031,0.3913,0.8172
7870,7.87,-0.0004,-0.0012,-0.0047,0.0022,0.2017,0.74
7871,7.871,-0.0022,-0.0027,-0.0023,0.0002,-0.0207,0.1057
7872,7.872,0.0007,0.0016,-0.0001,-0.0003,-0.0511,-0.1514
7873,7.873,-0.0019,-0.0001,-0.0025,0.0014,-0.0785,-0.2302
7874,7.874,-0.0088,0.0024,-0.0007,-0.0044,-0.1032,-0.3013
7875,7.875,-0.0058,-0.0027,-0.0027,-0.0007,-0.1258,-0.2379
7876,7.876,-0.0013,0.0009,-0.0012,0,-0.1055,-0.1802
7877,7.877,-0.0021,-0.0008,-0.0028,-0.0042,-0.3833,-0.6559
7878,7.878,0.0016,0.0032,0.0011,-0.0037,-0.2646,-0.8481
7879,7.879,-0.0005,0.0017,-0.0001,-0.0095,-0.0837,-0.3246
7880,7.88,0,0.0029,-0.0058,-0.0026,0.0811,0.1691
7881,7.881,0.0005,-0.0035,-0.0028,-0.0053,0.1115,0.2347
7882,7.882,-0,-0.0008,-0.0074,-0.0095,0.1388,0.2935
7883,7.883,0.0042,0.0001,-0.0049,-0.0073,0.1145,0.2412
7884,7.884,-0.0023,-0.0006,-0.0055,-0.0009,0.0923,0.1937
7885,7.885,0.0036,-0.0026,-0.0062,0.0069,0.3162,0.4123
7886,7.886,0.0014,0.0016,-0.0056,-0.0004,0.4057,0.9287
7887,7.887,-0.0007,0.0033,-0.0039,0.0041,0.1614,0.5772
7888,7.888,0.0024,0.0038,-0.0013,0.005,-0.0691,0.0002
7889,7.889,0.0006,0.005,-0.0054,0.0028,-0.0996,-0.2334
7890,7.89,0.0021,0.0011,-0.0117,0.0048,-0.127,-0.3046
7891,7.891,-0.0009,-0.0037,-0.0073,0.0053,-0.1519,-0.2414
7892,7.892,0.0046,0.0033,-0.0079,0.0012,-0.0849,-0.2999
7893,7.893,0.0053,0.0006,-0.0097,0.0037,-0.2273,-0.2474
7894,7.894,0.0046,-0.0003,-0.0079,0.0025,-0.4311,-0.8721
7895,7.895,-0.0012,-0.004,-0.0117,0.0037,-0.2415,-0.7875
7896,7.896,-0.0019,-0.002,-0.008,0.0012,0.0301,-0.0899
7897,7.897,0.0016,-0.0003,-0.0008,0.0044,0.0668,0.1928
7898,7.898,-0.0041,-0.0008,0.0152,0.0055,0.1001,0.2791
7899,7.899,-0.0035,-0.0044,0.0357,0.0065,0.1302,0.3571
7900,7.9,-0.0028,-0.0022,0.0387,0.0013,0.1032,0.2874
7901,7.901,0.0029,-0.001,0.0513,0.0019,0.1278,0.2238
7902,7.902,-0.004,-0.0013,0.045,-0.0001,0.4191,0.6305
7903,7.903,0.0024,0.001,0.0269,-0.0059,0.3003,0.895
7904,7.904,-0.0019,0.0007,0.0149,-0.0066,0.0473,0.3661
7905,7.905,-0.0012,-0.0006,0.004,-0.0073,-0.1176,-0.1276
7906,7.906,-0.0005,0.0005,0.0022,-0.0068,-0.0884,-0.1932
7907,7.907,0.0025,0.0022,-0.0032,-0.0051,-0.1158,-0.2522
7908,7.908,0.002,0.0036,0.0021,-0.0036,-0.1406,-0.3055
7909,7.909,-0.0015,0.0005,0.0008,0.0015,-0.0735,-0.2577
7910,7.91,-0.0027,-0.0007,-0.0004,0.0008,-0.3382,-0.4762
7911,7.911,0.0037,-0.0032,-0.0015,-0.0009,-0.3744,-0.9925
7912,7.912,0.0029,0.0014,0.0042,0.0079,-0.1445,-0.5005
7913,7.913,-0.0013,-0.0044,-0.0029,-0.0034,0.0647,0.0766
7914,7.914,0.0009,-0.0006,-0.0001,0.0011,0.0924,0.1556
7915,7.915,0.0029,0.0014,-0.0008,-0.0002,0.1173,0.2268
7916,7.916,-0.0001,0.0072,-0.003,0.0035,0.1399,0.2916
7917,7.917,-0.0006,0.0035,-0.0009,0.0025,0.0791,0.2341
7918,7.918,0.0029,-0,-0.0025,-0.0028,0.2087,0.2872
7919,7.919,0.0026,-0.0031,-0.0042,-0.0001,0.4274,0.8159
7920,7.92,0.003,-0.0025,-0.0037,-0.0026,0.2187,0.7461
7921,7.921,0.0033,0.0022,-0.0033,0.0026,-0.026,0.1696
7922,7.922,-0.0006,0.0039,0.0006,0.0033,-0.1252,-0.2188
7923,7.923,0.001,-0.0001,-0.0072,0.0038,-0.0959,-0.2902
7924,7.924,0.0022,-0.0037,-0.0061,0.0021,-0.1233,-0.3548
7925,7.925,0.0011,0.0014,-0.0031,0.0036,-0.0991,-0.2973
7926,7.926,0.0036,-0.0022,-0.0022,0.0006,-0.1217,-0.2447
7927,7.927,-0.0016,-0.0038,-0.0081,0.0002,-0.3864,-0.677
7928,7.928,0.0007,-0.001,-0.006,0.0028,-0.2786,-0.8516
7929,7.929,-0.0013,-0.0035,-0.0067,0.0004,-0.0484,-0.3756
7930,7.93,-0.0008,-0.0032,-0.0062,0.0028,0.1013,0.2017
7931,7.931,-0.0012,-0.0012,-0.0045,-0.0009,0.1288,0.2807
7932,7.932,0.0013,0.0046,-0.0041,-0.0035,0.1044,0.2113
7933,7.933,-0.0017,0.002,-0.0053,-0.0085,0.1269,0.2758
7934,7.934,-0.0028,0.0042,-0.0074,-0.005,0.0661,0.2183
7935,7.935,-0.0046,-0.0007,-0.0056,-0.0045,0.3437,0.4828
7936,7.936,-0.0014,0.0024,-0.0109,-0.0061,0.3834,0.9156
7937,7.937,-0.0002,0.0041,-0.0087,0.0016,0.1307,0.5091
7938,7.938,0.0009,0.0026,-0.0039,0.0006,-0.0999,0.0324
7939,7.939,-0.0008,0.0014,-0.0044,0.0036,-0.0709,-0.1611
7940,7.94,-0.0011,0.0026,-0.0062,0.0009,-0.1525,-0.2202
7941,7.941,0.0003,-0.0025,-0.0098,-0.0016,-0.1284,-0.2738
7942,7.942,0.0037,-0.0005,-0.0087,-0.0023,-0.1064,-0.2262
7943,7.943,0.0015,-0,-0.0099,-0.0017,-0.2082,-0.2701
7944,7.944,-0.0024,-0.0005,-0.009,-0.0012,-0.4121,-0.8657
7945,7.945,0.0024,-0.0021,-0.0107,0.0041,-0.2226,-0.7811
7946,7.946,0.0029,0.0022,-0.0159,0.0034,-0.0002,-0.0837
7947,7.947,0.0005,-0.0033,-0.0078,0.0003,0.0937,0.2033
7948,7.948,0.001,0.002,-0.0099,0.002,0.1238,0.2981
7949,7.949,-0.0005,-0.0001,-0.0082,0.006,0.1511,0.2138
7950,7.95,0.0026,-0.0031,-0.0087,0.0025,0.1268,0.2918
7951,7.951,-0.003,-0.0048,-0.0103,0.0013,0.1045,0.2218
7952,7.952,-0.0023,-0.0023,-0.0034,0.0041,0.4097,0.6696
7953,7.953,-0.0003,-0.0035,0.0123,0.0031,0.279,0.8443
7954,7.954,-0.0008,0.0029,0.0415,-0.0022,0.08,0.3683
7955,7.955,0.0009,0.0021,0.0376,-0.006,-0.101,-0.0809
7956,7.956,-0.0007,0.0012,0.0339,-0.0025,-0.1344,-0.2566
7957,7.957,-0.0037,-0.004,0.0371,-0.0042,-0.1645,-0.3101
7958,7.958,-0.0025,0.0009,0.0519,-0.0047,-0.1376,-0.2627
7959,7.959,-0.0007,-0.0009,0.0438,-0,-0.064,-0.2194
7960,7.96,-0.0039,-0.0037,0.0214,0.0016,-0.3104,-0.418
7961,7.961,-0.0019,-0.0095,0.0006,-0.0013,-0.3435,-0.9595
7962,7.962,-0,-0.0043,-0.0022,0.0002,-0.1346,-0.5727
7963,7.963,-0.0004,0.0006,-0.0045,-0.001,0.0558,0.0618
7964,7.964,-0.0014,-0.0052,-0.0023,0.0018,0.0811,0.1487
7965,7.965,-0.0008,-0.0015,0.0038,0.0028,0.1487,0.2271
7966,7.966,-0.0001,-0.0035,0.0057,0.0011,0.1288,0.298
7967,7.967,-0.0003,-0.0005,0.0074,0.0021,0.1107,0.2346
7968,7.968,-0.0035,0,0.012,-0.0022,0.2285,0.293
7969,7.969,0.0007,0.0026,0.008,-0.0039,0.4277,0.8742
7970,7.97,-0.0046,0.0047,0.0069,-0.0068,0.2381,0.6426
7971,7.971,-0.004,0.0035,0.0081,-0.0021,-0.0334,0.1496
7972,7.972,-0.0035,0.0025,0.0051,-0.0064,-0.0701,-0.1718
7973,7.973,-0.0064,0.0049,0.0044,-0.0047,-0.1032,-0.2312
7974,7.974,-0.0069,0.0025,0.002,0.0021,-0.1331,-0.2847
7975,7.975,-0.0008,0.0026,-0,0.0012,-0.1062,-0.3333
7976,7.976,-0.0017,0.0033,0.0066,-0.003,-0.1307,-0.2027
7977,7.977,0.0005,0.004,0.0076,-0.0068,-0.4219,-0.6393
7978,7.978,-0.0003,0.0063,0.0085,-0.0032,-0.3031,-0.9302
7979,7.979,0.0039,0.0046,0.0067,-0.0063,-0.0501,-0.3486
7980,7.98,-0.0025,0.0027,0.0052,-0.0035,0.1149,0.1949
7981,7.981,0.0017,-0.0012,0.0038,0.0013,0.0858,0.2667
7982,7.982,0.001,-0.0017,0.0066,0.0029,0.1134,0.2037
7983,7.983,0.0003,-0.0012,0.0038,0.007,0.1383,0.1464
7984,7.984,0.0019,-0.0015,0.0029,0.0085,0.0713,0.1996
7985,7.985,0.0072,-0.0035,-0.0011,0.0096,0.3361,0.44
7986,7.986,0.0051,-0.0025,0.0009,0.0057,0.3725,0.9207
7987,7.987,0.002,0.0007,0.0007,0.0125,0.1426,0.6011
7988,7.988,0.0015,-0.0032,0.0022,0.0098,-0.0666,0.0766
7989,7.989,0.0083,0.0003,0.0005,0.0055,-0.0942,-0.1358
7990,7.99,0.0037,-0.0009,0.0066,0.0034,-0.119,-0.2009
7991,7.991,0.0028,0.0039,-0.0025,-0.0044,-0.1415,-0.2596
7992,7.992,0.0021,0.0022,-0.0009,-0.0054,-0.0806,-0.2073
7993,7.993,0.0014,-0.0007,-0.0038,-0.0081,-0.2101,-0.2555
7994,7.994,0.0057,-0.0012,-0.0004,-0.0073,-0.4289,-0.8235
7995,7.995,0.0051,-0.0016,-0.0008,-0.0021,-0.2202,-0.7466
7996,7.996,0.0016,-0.0036,0.0004,-0,0.0246,-0.1127
7997,7.997,0.0027,0.0015,-0.0014,0.0017,0.1239,0.1444
7998,7.998,-0.0001,0.0008,-0.0004,0.0012,0.0948,0.2232
7999,7.999,-0.0027,0.0013,-0.0005,0.006,0.1223,0.294
8000,8,-0.0003,-0.0016,0.0016,0.0029,0.0981,0.2306
8001,8.001,0.0027,-0.001,0.0015,0.0013,0.1206,0.1729
8002,8.002,0.0024,-0.0007,-0.0003,-0.0002,0.3853,0.6484
8003,8.003,-0,0.0005,0.0005,0.0049,0.2774,0.8406
8004,8.004,-0.0003,-0.0046,0.0066,0.0013,0.0473,0.3171
8005,8.005,-0.001,0.0019,0.0028,0.003,-0.1024,-0.1768
8006,8.006,-0.0022,0.0044,-0.0005,0.0013,-0.0758,-0.2422
8007,8.007,-0.0024,0.0022,0.0005,0.0019,-0.1499,-0.3013
8008,8.008,-0.0022,-0.0013,0.0003,0.0031,-0.1277,-0.2492
8009,8.009,0.0008,0.0029,0.0058,0.0027,-0.0669,-0.2015
8010,8.01,-0.0003,0.0034,0.0068,0.0053,-0.3075,-0.4201
8011,8.011,-0.0028,-0.0001,0.0001,0.0015,-0.4061,-0.9366
8012,8.012,0.0004,-0.0032,0.0012,-0.0021,-0.1373,-0.5852
8013,8.013,-0.0008,-0.0043,0.0039,-0.0008,0.0438,-0.0083
8014,8.014,-0.0011,0.0008,0.0048,-0.0072,0.0773,0.2256
8015,8.015,-0.0007,0.0001,0.0015,-0.0026,0.1075,0.297
8016,8.016,0.003,-0.0041,0,-0.0034,0.1349,0.2339
8017,8.017,0.0008,-0.0024,0.0007,0.0019,0.1105,0.2924
8018,8.018,-0.003,0.0024,-0.0006,-0.003,0.2226,0.2398
8019,8.019,-0.0025,-0.0018,-0.0035,-0.0099,0.4059,0.8644
8020,8.02,-0.0046,-0.0013,-0.003,-0.0053,0.2336,0.7798
8021,8.021,-0.0017,0.0023,0.0029,-0.0095,-0.0136,0.2371
8022,8.022,0.0002,0.0011,0.0039,-0.0042,-0.1129,-0.2567
8023,8.023,-0.0015,-0.0036,0.0003,-0.0006,-0.0836,-0.1942
8024,8.024,-0.0004,0.0059,-0.0017,-0.0023,-0.111,-0.253
8025,8.025,0.0015,0.0045,0.0027,0.0018,-0.1358,-0.3064
8026,8.026,0.0022,0.0034,0.0022,0.0014,-0.1136,-0.1626
8027,8.027,0.0011,-0.0022,0.0028,0.0065,-0.3783,-0.643
8028,8.028,-0.0012,-0.0052,-0.0001,0.0016,-0.3425,-0.963
8029,8.029,0.0012,-0.0007,0.0011,0.0012,-0.0467,-0.3233
8030,8.03,-0.0025,-0.0049,0.0002,0.0053,0.0729,0.1041
8031,8.031,0.0001,-0.0012,-0.0008,0.0006,0.1094,0.183
8032,8.032,-0.0002,-0.0005,-0.0025,0.0001,0.1424,0.2539
8033,8.033,0.0002,0.0012,0.0018,-0.0003,0.1128,0.3184
8034,8.034,0.0012,0.0077,-0.0024,0.0033,0.0859,0.2605
8035,8.035,0.0023,0.0034,-0.0007,0.003,0.3076,0.419
8036,8.036,0.0013,-0.0018,0.0019,0.0001,0.3971,0.9477
8037,8.037,-0.0005,0.0002,-0.0042,-0.0056,0.1529,0.5963
8038,8.038,-0.0012,-0.0003,-0.0034,-0.0013,-0.0777,0.0193
8039,8.039,-0.0034,-0.0031,-0.0056,-0.0006,-0.1083,-0.2144
8040,8.04,0.0009,-0.0016,-0.0007,0.0014,-0.1359,-0.2859
8041,8.041,0.0004,0.0015,-0.0037,-0.0003,-0.1117,-0.3505
8042,8.042,-0.0001,-0.0005,-0.002,0.0014,-0.0897,-0.2932
8043,8.043,0.0035,-0.0015,-0.0046,0.0019,-0.1915,-0.2409
8044,8.044,0.0023,0.0002,-0.0043,-0.0003,-0.4325,-0.8657
8045,8.045,0.0035,-0.0008,-0.0014,-0.0006,-0.2686,-0.7813
8046,8.046,-0.0016,0.0035,-0.0039,-0.0042,0.0004,-0.2388
8047,8.047,0.0034,0.0004,-0.0016,-0.0039,0.1092,0.2548
8048,8.048,0.0008,-0.0024,-0.0024,-0.0047,0.1191,0.2318
8049,8.049,-0.0009,-0.0053,-0.0014,0.0017,0.1521,0.2964
8050,8.05,0.0008,0.0015,-0.0013,0.0044,0.1223,0.3549
8051,8.051,-0.0007,-0.0031,-0.0046,0.0019,0.1494,0.1967
8052,8.052,-0.0011,0.0012,-0.005,0.0026,0.3711,0.629
8053,8.053,0.0045,0.0019,0.0015,0.0061,0.3414,0.9198
8054,8.054,0.0008,0.0026,0.0155,0.0019,0.0427,0.3381
8055,8.055,0.0014,0.0009,0.0461,-0.001,-0.077,-0.0505
8056,8.056,0.0019,0.0026,0.0505,0.0025,-0.1138,-0.263
8057,8.057,-0.0022,0.001,0.0226,-0.0026,-0.1471,-0.3279
8058,8.058,-0.0058,0.0022,0.0046,-0.0075,-0.1177,-0.2706
8059,8.059,-0.0046,-0.0017,0.0014,-0.0058,-0.0909,-0.2182
8060,8.06,0.0001,0.0031,0.0043,-0.003,-0.3128,-0.4585
8061,8.061,-0.0016,-0.0039,0.007,-0.0045,-0.4025,-0.9393
8062,8.062,-0.0033,-0.003,0.0047,-0.0067,-0.1585,-0.6199
8063,8.063,-0.0018,0.0012,0.0026,-0.0047,0.0719,-0.0954
8064,8.064,-0.0015,-0.0025,0.0087,-0.0044,0.1022,0.1169
8065,8.065,-0.0019,0.0024,0.0106,-0.0006,0.1296,0.3098
8066,8.066,0.0006,-0.0034,0.009,0.0041,0.1543,0.3685
8067,8.067,-0.0033,-0.0027,0.0106,0.0024,0.0872,0.3161
8068,8.068,-0.0081,0.0022,0.012,0.0019,0.1888,0.2682
8069,8.069,-0.0098,0.0027,0.0084,0.0066,0.4296,0.8361
8070,8.07,-0.0093,-0.0002,0.0075,0.0008,0.2655,0.7592
8071,8.071,-0.0046,-0.0007,0.0086,0.006,-0.0038,0.2662
8072,8.072,-0.0004,-0.0004,0.0095,-0.0005,-0.1128,-0.1831
8073,8.073,-0.0021,0.0017,0.0071,-0.003,-0.1462,-0.2427
8074,8.074,0.0014,0.002,0.0066,-0.0009,-0.1168,-0.2962
8075,8.075,-0.0008,0.0023,0.0047,-0.0002,-0.1441,-0.3447
8076,8.076,0.0039,0.0026,0.0018,-0.0044,-0.1198,-0.3016
8077,8.077,0.0043,-0.0011,0.0024,-0.004,-0.4113,-0.659
8078,8.078,0.0038,-0.0016,0.0051,0.0018,-0.2926,-0.8996
8079,8.079,0.0022,-0.0013,0.0022,-0.0004,-0.0398,-0.3315
8080,8.08,0.0064,-0.0001,0.0063,-0.004,0.125,0.2119
8081,8.081,-0.0012,-0.0027,0.0039,0.0002,0.0958,0.2835
8082,8.082,-0.0002,0.0026,0.0038,-0.0015,0.0691,0.3482
8083,8.083,0.0025,-0.0059,0.0028,-0.001,0.0939,0.2907
8084,8.084,0.0016,-0.0003,0.0055,0.0002,0.0718,0.2383
8085,8.085,0.0022,-0.0013,0.0011,0.003,0.2956,0.3826
8086,8.086,0.0029,-0.0022,-0.0017,0.0034,0.3851,0.9507
8087,8.087,0.0034,-0.0047,0.0014,0.0001,0.1953,0.564
8088,8.088,-0.0007,-0.01,0.0031,0.0022,-0.0272,0.0705
8089,8.089,-0.0002,-0.0051,0.003,0.0025,-0.1172,-0.2508
8090,8.09,0.0001,0.0007,0.0029,0.0071,-0.0905,-0.194
8091,8.091,0.0048,-0.0015,0.0056,0.0028,-0.1153,-0.2474
8092,8.092,-0.0035,0.0005,0.0006,0.0093,-0.0931,-0.296
8093,8.093,0.0042,0.0047,0.0031,0.005,-0.1948,-0.2527
8094,8.094,-0.001,-0.0041,0.0026,0.0028,-0.4357,-0.8481
8095,8.095,0.0035,-0.0053,0.0011,-0.0007,-0.2716,-0.7634
8096,8.096,0.0044,0.0025,0.0042,-0.0002,-0.0024,-0.2208
8097,8.097,-0.0026,0.0015,-0.0003,-0.0019,0.1065,0.1324
8098,8.098,0.0059,0.0042,0.0028,-0.0024,0.1399,0.1978
8099,8.099,0.0049,0.0034,0.0058,0.0006,0.1106,0.2565
8100,8.1,-0.0004,0.0027,0.0044,0.0018,0.1379,0.31
8101,8.101,-0.0031,0.0034,-0.0015,-0,0.1136,0.1663
8102,8.102,-0.0006,0.0039,0.0045,-0.0024,0.4051,0.647
8103,8.103,0.0001,0.001,0.0009,-0.0047,0.2865,0.8385
8104,8.104,-0.0005,0.0046,0.0003,-0.0005,0.1058,0.4309
8105,8.105,0.0012,0.0088,0.001,-0.001,-0.059,-0.1511
8106,8.106,0.0007,0.0071,0.0028,-0.0005,-0.0892,-0.2291
8107,8.107,0.0054,0.0036,0.0014,0.0011,-0.1165,-0.3
8108,8.108,-0.0015,0.0024,0.0026,0.0008,-0.1412,-0.3644
8109,8.109,0.0012,0.0012,0.0038,0.0012,-0.074,-0.1903
8110,8.11,0.0004,-0.0023,-0.0005,0.0031,-0.2977,-0.3487
8111,8.111,-0.0003,-0.0001,0.0011,0.0008,-0.3872,-0.9731
8112,8.112,0.0033,-0.0022,-0.0038,0.0011,-0.1429,-0.5463
8113,8.113,0.0028,0.0004,0.0003,-0.0031,0.022,-0.0035
8114,8.114,0,-0.002,0.0042,0.0064,0.1122,0.2084
8115,8.115,-0.0015,-0.0023,0.0024,-0.0005,0.1397,0.2732
8116,8.116,-0.0011,-0.0005,-0.0029,-0.0016,0.1156,0.332
8117,8.117,0.0028,0.0007,-0.0052,0.0016,0.0936,0.2798
8118,8.118,-0.0049,-0.003,0.004,0.0027,0.1955,0.2322
8119,8.119,0.0007,-0.0025,0.0023,0.0055,0.4364,0.8004
8120,8.12,0.0018,0.0026,-0.0044,-0.0004,0.2726,0.7226
8121,8.121,-0.0046,-0.0023,-0.0038,-0.0025,0.0036,0.2297
8122,8.122,-0.0037,0.002,-0.0013,0.0024,-0.1051,-0.2188
8123,8.123,0.0001,0.0049,-0.0045,-0.0018,-0.1383,-0.2774
8124,8.124,-0.0019,0.0013,-0.0025,-0.0034,-0.1088,-0.2253
8125,8.125,0.0012,-0.0008,-0.0053,0.0001,-0.136,-0.2736
8126,8.126,-0.0005,-0.002,-0.0078,-0.001,-0.1115,-0.2301
8127,8.127,0.0021,0.0031,-0.0054,-0.0022,-0.4027,-0.5874
8128,8.128,0.0025,-0.0005,-0.0076,-0.0057,-0.3632,-0.9231
8129,8.129,-0.0003,0.0012,-0.0108,-0.0035,-0.1102,-0.3538
8130,8.13,-0.0006,-0.0004,-0.0092,0.0013,0.0549,0.1894
8131,8.131,0.0004,-0.0062,-0.0127,0.0008,0.0854,0.2608
8132,8.132,-0.0026,-0.0055,-0.0124,0.0003,0.1129,0.3256
8133,8.133,0.0016,-0.0019,-0.0127,0.0038,0.1378,0.2683
8134,8.134,0.0012,-0.0002,-0.0124,-0.0022,0.0709,0.216
8135,8.135,-0.0013,0.0015,-0.0089,-0.0014,0.2949,0.3604
8136,8.136,0.0029,-0.0033,-0.0154,-0.0051,0.3845,0.9283
8137,8.137,0.0012,-0.0049,-0.0154,-0.0015,0.1948,0.5407
8138,8.138,-0.0003,-0.0021,-0.0169,-0.0058,-0.0276,0.0475
8139,8.139,-0.0014,0.0037,-0.0207,-0.0041,-0.1175,-0.273
8140,8.14,-0.0026,-0.0016,-0.0197,0.0007,-0.0908,-0.2156
8141,8.141,0.001,0.002,-0.0169,0.0023,-0.1155,-0.2688
8142,8.142,-0.0002,-0.0022,-0.018,0.0052,-0.0933,-0.3171
8143,8.143,-0.0031,-0.0063,-0.0124,0.0027,-0.195,-0.2737
8144,8.144,-0.0027,-0.0027,0.0009,0.0023,-0.4358,-0.7898
8145,8.145,0.0012,-0.0024,0.0267,0.0011,-0.2718,-0.7189
8146,8.146,-0.0014,-0.0004,0.0295,0.0001,-0.0026,-0.1422
8147,8.147,-0.0002,0.0007,0.032,0.0018,0.1062,0.2458
8148,8.148,-0.0006,0.0003,0.0225,0.0021,0.1396,0.1766
8149,8.149,-0.0019,0.0019,-0.0045,0.0002,0.1263,0.2972
8150,8.15,-0.0029,0.0022,-0.0079,0.0044,0.0968,0.2339
8151,8.151,-0.0013,0.0003,-0.011,-0.0014,0.0699,0.6409
8152,8.152,-0.0023,0.001,-0.0183,-0.0021,0.3903,0.9052
8153,8.153,0.0002,-0.0007,-0.0169,-0.0042,0.3469,0.3766
8154,8.154,-0.0015,0.0025,-0.0232,-0.0072,0.0686,-0.1165
8155,8.155,0.0029,0.0013,0.0016,-0.0125,-0.1124,-0.1813
8156,8.156,-0.0024,0.0042,0.0045,-0.0119,-0.0803,-0.2402
8157,8.157,-0.0031,0.0023,0.0137,-0.0077,-0.1104,-0.2936
8158,8.158,-0.0014,0.0055,0.022,-0.006,-0.1378,-0.2461
8159,8.159,-0.0032,0.0007,0.0296,-0.0003,-0.0642,-0.3773
8160,8.16,0.0003,0.0002,0.0267,0.0034,-0.2659,-0.9729
8161,8.161,-0.0066,0.003,0.024,0.004,-0.4017,-0.5471
8162,8.162,-0.0139,0.0005,0.0255,0.0035,-0.1799,-0.0045
8163,8.163,-0.0055,0.0026,0.0307,0.0075,0.0893,0.2074
8164,8.164,-0.0045,-0.0038,0.032,0.0007,0.126,0.2722
8165,8.165,0.0027,-0.003,0.0331,-0.0038,0.0935,0.331
8166,8.166,-0.0001,-0.0056,0.0369,-0.0098,0.1235,0.2787
8167,8.167,-0.0009,-0.0034,0.0354,-0.0076,0.0966,0.2309
8168,8.168,0.0027,-0.0014,0.0383,-0.0028,0.1703,0.7988
8169,8.169,0.0047,-0.0045,0.0496,0.0014,0.4169,0.7215
8170,8.17,0.0005,-0.0062,0.0539,0.0019,0.2528,0.2286
8171,8.171,0.008,-0.0027,0.0524,0.0086,-0.0163,-0.2202
8172,8.172,0.007,0.0004,0.0333,0.0077,-0.0532,-0.1634
8173,8.173,0.0061,-0.0008,-0.0025,0.0052,-0.0866,-0.3227
8174,8.174,0.0018,-0.0034,-0.0073,0.0058,-0.1168,-0.2754
8175,8.175,0.0055,-0.0017,-0.003,0.0093,-0.1442,-0.2323
8176,8.176,-0.0023,0.0033,-0.0069,0.0062,-0.1199,-0.6693
8177,8.177,0.0007,0.0053,-0.0033,0.0033,-0.4113,-0.9601
8178,8.178,-0.0002,-0.0004,-0.0001,0.0048,-0.3719,-0.4844
8179,8.179,0.004,0.0048,0.0029,0.0026,-0.1192,0.0919
8180,8.18,0.0018,0.0027,0.0057,0.0029,0.1112,0.3251
8181,8.181,-0.0003,-0.0004,-0.0014,-0.0006,0.0819,0.2556
8182,8.182,0.0002,0.0001,0.001,-0.0003,0.1093,0.32
8183,8.183,0.0007,-0.0034,-0.0008,0.0009,0.1341,0.2623
8184,8.184,-0.0019,-0.0004,0.0013,-0.0017,0.1119,0.4206
8185,8.185,0.0003,0.006,0.0066,0.0029,0.2951,0.9489
8186,8.186,0.0006,0.0014,0.0085,-0.0013,0.4185,0.597
8187,8.187,0.0031,0.004,-0.0008,0.0015,0.1718,0.0205
8188,8.188,-0.0001,0.0033,0.0007,0.002,-0.0586,-0.2129
8189,8.189,-0.0013,-0.0003,0.0001,0.0081,-0.0891,-0.2843
8190,8.19,0.0012,0.004,-0.0025,-0.003,-0.1166,-0.2214
8191,8.191,0.0002,-0.0013,-0.0029,-0.0015,-0.1414,-0.2801
8192,8.192,0.0005,-0.002,-0.0016,-0.0056,-0.0745,-0.2278
8193,8.193,-0.0002,-0.0015,-0.0018,0.0007,-0.1763,-0.8528
8194,8.194,-0.0019,-0.0009,0.0007,-0.0049,-0.4171,-0.768
8195,8.195,0.0018,0.0026,0.0018,-0.0059,-0.2532,-0.2259
8196,8.196,0.0034,-0.0016,-0.0029,-0.0013,0.0159,0.1267
8197,8.197,0.0011,0.0001,0.0026,0.0012,0.1247,0.1916
8198,8.198,0.0008,-0.0014,-0.0011,0.0034,0.0924,0.2502
8199,8.199,-0.0017,0.0008,0.0024,-0.0015,0.1225,0.3034
8200,8.2,0.0035,-0.0031,-0.0018,-0.0032,0.0957,0.2557
8201,8.201,-0.0002,0.0005,-0.0007,0.0033,0.1203,0.5615
8202,8.202,0.0047,0.0027,-0.0054,0.0024,0.3668,0.9191
8203,8.203,0.0005,-0.0012,-0.0084,0.0017,0.3342,0.3903
8204,8.204,-0.0024,0.0024,-0.0036,0.0066,0.1252,-0.1034
8205,8.205,0.0012,0.0046,0.0011,-0.0003,-0.1194,-0.1691
8206,8.206,-0.0019,0.0074,0.0001,-0.0049,-0.0872,-0.228
8207,8.207,0.001,0.0017,-0.0004,-0.0024,-0.1172,-0.2816
8208,8.208,-0.0025,-0.0042,0.0013,-0.003,-0.1445,-0.2341
8209,8.209,0.0017,-0.0035,0.0054,-0.0023,-0.0709,-0.3654
8210,8.21,0.0001,0,-0.001,-0.0065,-0.2726,-0.9611
8211,8.211,-0.0014,0.0031,-0.0015,-0.0048,-0.4083,-0.5359
8212,8.212,-0.0002,0.0014,-0.0038,-0.0043,-0.1863,0.0071
8213,8.213,-0.0005,0.003,-0.0026,-0.0073,0.023,0.2195
8214,8.214,0.0014,0.0008,-0.0029,-0.0026,0.105,0.2845
8215,8.215,-0.0003,-0.0031,-0.0005,0.0032,0.13,0.3431
8216,8.216,-0.0013,-0.0026,-0.0032,0.0026,0.108,0.2908
8217,8.217,-0.0054,-0.0048,0.0035,0.0075,0.0879,0.243
8218,8.218,-0.0037,-0.0044,-0.0021,0.0044,0.1805,0.8108
8219,8.219,0.0004,-0.0054,-0.0012,0.0039,0.4331,0.734
8220,8.22,-0.0001,-0.0021,-0.0004,0.0034,0.2529,0.241
8221,8.221,0.0011,0.0035,-0.0008,0.0065,0.0226,-0.2082
8222,8.222,-0.0017,-0.0002,0.0034,0.0094,-0.0675,-0.2678
8223,8.223,0.0041,0.0018,-0.0013,0.0043,-0.0949,-0.3212
8224,8.224,0.0033,0.0024,0.0044,-0.0005,-0.1196,-0.2738
8225,8.225,0.0011,0.0019,-0.001,-0.0048,-0.1421,-0.2304
8226,8.226,0.0005,0.0004,-0.0018,-0.0064,-0.122,-0.5879
8227,8.227,-0.0012,0.0055,-0.0037,-0.0112,-0.3627,-0.9245
8228,8.228,-0.0064,0.0006,-0.0057,-0.0069,-0.3301,-0.4439
8229,8.229,0.0001,0.0024,-0.0024,-0.0074,-0.0612,0.1333
8230,8.23,-0.0024,0.0007,-0.0077,-0.0026,0.0477,0.2125
8231,8.231,0.0028,-0.0018,-0.0016,-0.0009,0.0812,0.2839
8232,8.232,0.0035,-0.0021,-0.0079,0.0007,0.1113,0.3486
8233,8.233,0.0019,-0.0018,-0.0106,-0.0008,0.1387,0.291
8234,8.234,-0.0021,-0.0043,-0.0146,-0.0059,0.0651,0.3442
8235,8.235,-0.0026,-0.0019,-0.0109,-0.0038,0.3117,0.873
8236,8.236,-0.0023,-0.0002,-0.0109,-0.0021,0.4103,0.5218
8237,8.237,-0.0002,-0.0033,-0.0099,0.0007,0.1417,0.073
8238,8.238,0.0034,-0.0012,-0.0127,0.0055,-0.0393,-0.2189
8239,8.239,-0.0017,-0.0022,-0.0136,0.0024,-0.0728,-0.2728
8240,8.24,-0.001,-0.0032,-0.0132,0.0054,-0.103,-0.3215
8241,8.241,-0.0004,-0.0009,-0.0155,0.0018,-0.1305,-0.2782
8242,8.242,0.0001,-0.0007,-0.0158,-0.0012,-0.1061,-0.2388
8243,8.243,-0.0004,-0,-0.0184,-0,-0.1734,-0.78
8244,8.244,0.0057,-0.0007,-0.019,0.0035,-0.4381,-0.8577
8245,8.245,0.0032,0.0025,-0.0175,0.0047,-0.2579,-0.2238
8246,8.246,-0.0005,0.0037,-0.0196,0.0068,-0.0277,0.2037
8247,8.247,0.0015,0.0008,-0.022,0.0042,0.122,0.2824
8248,8.248,-0.0015,0.0012,-0.0191,0.0003,0.0953,0.213
8249,8.249,0.0002,0.0022,-0.0224,0.0071,0.12,0.2777
8250,8.25,0.0041,0.0012,-0.0256,0.0044,0.1196,0.2054
8251,8.251,0.0016,0.0001,-0.0234,0.0071,0.0973,0.6123
8252,8.252,0.0004,0.0027,-0.0238,0.0029,0.3619,0.8768
8253,8.253,0.0033,0.0059,-0.0257,0.0066,0.3259,0.4443
8254,8.254,0.0023,0.002,-0.0248,-0.0012,0.0956,-0.0804
8255,8.255,0.0006,0.0015,-0.0205,-0.0043,-0.1138,-0.1522
8256,8.256,-0.0018,0.0003,-0.0107,-0.0016,-0.0875,-0.2169
8257,8.257,-0.0011,-0.0009,0.0115,-0.0058,-0.1125,-0.2755
8258,8.258,-0.004,0.0016,0.0205,-0.0021,-0.1352,-0.2231
8259,8.259,-0.0029,-0.0008,0.0168,-0.0042,-0.0745,-0.3674
8260,8.26,-0.0082,-0.0038,0.0188,-0.0047,-0.2784,-0.9354
8261,8.261,-0.0075,-0.0074,0.0253,-0.0042,-0.4142,-0.5488
8262,8.262,-0.0068,-0.0023,0.0223,-0.0027,-0.1924,-0.0552
8263,8.263,-0.0011,-0.0017,0.0236,-0.0039,0.0167,0.2664
8264,8.264,0.0011,0,0.0099,0,0.0985,0.2095
8265,8.265,-0.0009,-0.0041,-0.0094,0.0025,0.1233,0.2629
8266,8.266,0.0021,-0.0036,0.0023,-0.0017,0.1458,0.3115
8267,8.267,0.0004,-0.0067,0.0128,0.0047,0.085,0.1809
8268,8.268,-0.0001,-0.0055,0.0142,0.0005,0.1774,0.7765
8269,8.269,-0.0005,-0.0059,0.0192,0.0027,0.4298,0.6918
8270,8.27,-0.0008,-0.0006,0.0203,-0.0022,0.2494,0.304
8271,8.271,0.0027,0.0016,0.0244,-0.0005,-0.0467,-0.1897
8272,8.272,-0.0024,0.0036,0.0252,-0.0022,-0.0871,-0.2551
8273,8.273,-0.0004,-0.0007,0.0361,-0.0027,-0.1237,-0.314
8274,8.274,0.0013,-0.0024,0.0341,-0.0016,-0.0914,-0.2619
8275,8.275,0.0018,0.0024,0.0434,-0.008,-0.1215,-0.2143
8276,8.276,0.0003,0.0007,0.0419,-0.0089,-0.0947,-0.5202
8277,8.277,0.0024,0.0023,0.0312,-0.0064,-0.3658,-0.9572
8278,8.278,0.0036,0.0018,0.0269,-0.0042,-0.3301,-0.5503
8279,8.279,0.001,0.0069,0.0229,0.0035,-0.1001,0.0324
8280,8.28,0.0014,-0.0009,0.033,0.0025,0.1091,0.2662
8281,8.281,-0.001,0.0043,0.051,0.0033,0.0825,0.3373
8282,8.282,-0.0024,-0.0003,0.0436,0.0042,0.1565,0.2741
8283,8.283,-0.0007,0.0056,0.0232,0.0064,0.1344,0.2166
8284,8.284,-0.0025,0.0004,-0.0015,-0.0001,0.1142,0.3751
8285,8.285,-0.0023,0.0053,-0.0048,0.0024,0.2808,0.9037
8286,8.286,-0.0018,0.007,-0.0018,-0.0076,0.393,0.5525
8287,8.287,0.0009,0.0017,-0.0045,-0.0063,0.169,0.1035
8288,8.288,0.0034,-0.0047,-0.002,-0.01,-0.0404,-0.1887
8289,8.289,0.0044,-0.0022,0.0048,-0.0068,-0.0682,-0.2428
8290,8.29,-0,0.003,0.003,-0.0016,-0.1424,-0.2915
8291,8.291,0.0004,-0.0005,0.0051,-0.0024,-0.1204,-0.2484
8292,8.292,-0.0001,0.0025,0.0037,0.0001,-0.1003,-0.209
8293,8.293,-0.0013,-0.0027,-0.0006,0.0038,-0.1559,-0.7502
8294,8.294,-0.0025,-0.002,0.0038,0.0044,-0.4085,-0.8279
8295,8.295,0.001,0.001,0.003,0.0075,-0.2283,-0.194
8296,8.296,0.0007,0.0005,0.0002,0.0069,0.002,0.2335
8297,8.297,-0.0022,0.003,0.0017,0.0022,0.092,0.1578
8298,8.298,-0.0019,-0,0.003,0.0079,0.1196,0.2289
8299,8.299,0.0013,-0.0004,-0.0042,0.0072,0.0953,0.2934
8300,8.3,-0.0016,-0.0022,-0.0067,0.0037,0.1178,0.2358
8301,8.301,0.0026,0.0016,0.0002,-0.0006,0.0976,0.6057
8302,8.302,0.0009,-0.0019,0.0017,0.0047,0.3754,0.9425
8303,8.303,0.0003,-0.0041,-0.0046,0.004,0.336,0.4619
8304,8.304,0.0015,-0.0013,-0.0032,0.0023,0.0832,-0.1151
8305,8.305,0.0003,-0.0048,0.0017,0.0039,-0.0816,-0.194
8306,8.306,0.0022,-0.0006,0.0031,-0.0029,-0.112,-0.265
8307,8.307,-0.0002,-0.0011,-0.0026,0.0035,-0.1394,-0.3295
8308,8.308,-0.0019,0.0014,-0.0044,0.001,-0.1151,-0.2718
8309,8.309,-0.0001,0.0002,-0.003,-0.0012,-0.0929,-0.3248
8310,8.31,0.0006,0.005,-0.0088,-0.0006,-0.2761,-0.9495
8311,8.311,-0.0016,0.0007,-0.0022,-0.0001,-0.3994,-0.6945
8312,8.312,0.0026,0.0024,-0.0068,-0.0018,-0.1976,0.0034
8313,8.313,0.0031,0.0019,-0.0083,-0.0023,0.0471,0.286
8314,8.314,0.0036,0.0007,0.0006,-0.0011,0.0807,0.2021
8315,8.315,0.0001,-0.0048,-0.0021,0.0028,0.1109,0.2802
8316,8.316,-0.0003,0.0021,-0.0026,-0.005,0.1384,0.2105
8317,8.317,-0.0006,0.0013,-0.003,-0.0128,0.1141,0.2747
8318,8.318,0.002,-0.0013,-0.0067,-0.0076,0.1814,0.7978
8319,8.319,-0.0019,0.0009,-0.007,-0.0067,0.4054,0.728
8320,8.32,0.0016,-0.0026,-0.0046,-0.0042,0.2565,0.2795
8321,8.321,0.0028,-0.0009,-0.0073,0.0043,0.0121,-0.1287
8322,8.322,-0.001,-0.0061,-0.0041,0.0011,-0.0871,-0.1828
8323,8.323,0.0005,-0.0026,-0.0044,0.0064,-0.1173,-0.2315
8324,8.324,0.0027,-0.0009,-0.0064,0.0018,-0.1445,-0.2759
8325,8.325,-0.0002,0.0008,-0.0091,0.0061,-0.1201,-0.2367
8326,8.326,-0.0012,-0.0007,-0.0071,0.0024,-0.0978,-0.5617
8327,8.327,0.0012,-0.005,-0.006,0.0017,-0.3623,-0.9551
8328,8.328,0.0002,-0.0033,-0.0076,-0.0025,-0.3264,-0.4796
8329,8.329,0.0008,0.0035,-0.0094,-0.0053,-0.0962,0.0974
8330,8.33,-0.0015,0.0081,-0.0082,0.0015,0.0537,0.1762
8331,8.331,-0.0005,0.0021,-0.0115,-0.0011,0.0816,0.2475
8332,8.332,-0.0012,0.0028,-0.0127,0.0032,0.1066,0.3121
8333,8.333,-0.0014,-0.0021,-0.0124,0.0039,0.1294,0.2545
8334,8.334,-0.0012,-0.0026,-0.0123,0.0075,0.0687,0.3073
8335,8.335,0.002,-0.0032,-0.0087,0.0059,0.2726,0.932
8336,8.336,-0.0049,-0.0006,-0.0086,0.0019,0.4084,0.6769
8337,8.337,-0.0019,-0.0018,-0.0136,-0.0006,0.1865,0.1338
8338,8.338,0.0008,0.001,-0.0155,-0.0002,-0.0227,-0.2196
8339,8.339,0.0067,-0.0015,-0.0129,-0.004,-0.1045,-0.2847
8340,8.34,0.0015,-0.0005,-0.0128,0.0028,-0.1294,-0.3436
8341,8.341,-0.002,-0.0002,-0.0135,-0.0017,-0.1073,-0.2914
8342,8.342,-0.0037,-0,-0.0136,0.0009,-0.0872,-0.2438
8343,8.343,-0.002,0.0012,-0.013,0.0016,-0.1427,-0.8119
8344,8.344,0.0057,-0,-0.0103,-0.0032,-0.3951,-0.8898
8345,8.345,-0.002,0.0031,-0.0147,-0.0027,-0.2871,-0.2561
8346,8.346,-0.0051,0.0043,-0.0148,-0.0043,0.0089,0.1712
8347,8.347,0.0014,0.0023,-0.0184,-0.0027,0.1287,0.2499
8348,8.348,-0.0029,0.0019,-0.015,-0.0057,0.0932,0.3207
8349,8.349,0.0009,-0.0013,-0.0141,-0.001,0.1264,0.2571
8350,8.35,0.0029,0.0016,-0.0143,0.0008,0.1563,0.1993
8351,8.351,0.0027,0.0004,-0.0218,0.0022,0.1081,0.5459
8352,8.352,0.0032,0.0022,-0.0236,0.0027,0.352,0.9158
8353,8.353,-0.0008,-0.003,-0.0252,0.0063,0.3194,0.4833
8354,8.354,-0.0013,0.0022,-0.0255,0.0033,0.1105,-0.0413
8355,8.355,0.0009,-0.0042,-0.0298,0.0004,-0.0799,-0.2539
8356,8.356,-0.0039,-0,-0.0235,0.0047,-0.105,-0.3189
8357,8.357,-0.0022,0.0022,-0.0084,0.0006,-0.1277,-0.2616
8358,8.358,-0.0039,-0.0027,0.0113,0.0032,-0.1482,-0.2096
8359,8.359,-0.0024,-0.0022,0.0188,-0.001,-0.0929,-0.3542
8360,8.36,-0.0012,-0.0027,0.0206,0.0054,-0.278,-0.9223
8361,8.361,-0.0051,-0.0012,0.0178,-0.0024,-0.4013,-0.6906
8362,8.362,-0.0087,-0.0034,0.0233,-0.0014,-0.1996,-0.0565
8363,8.363,-0.0017,-0.0022,0.0246,0.0013,0.0451,0.2005
8364,8.364,-0.0007,0.002,0.0257,0.0038,0.0786,0.2789
8365,8.365,-0.0016,-0.0056,0.0267,0.0016,0.1088,0.3496
8366,8.366,-0.0007,-0.0066,0.0248,0.0023,0.1362,0.286
8367,8.367,0.0015,-0.0002,0.0232,-0.0035,0.1119,0.2282
8368,8.368,0.0021,0.004,0.0305,-0.0013,0.1791,0.8093
8369,8.369,-0.0009,0.0018,0.0352,-0.0033,0.403,0.7323
8370,8.37,0.0055,0.0011,0.0321,-0.0064,0.2541,0.2394
8371,8.371,0.0046,0.0016,0.0446,-0.0047,0.0096,-0.2099
8372,8.372,0.0039,0.0045,0.0535,-0.0042,-0.0896,-0.1533
8373,8.373,0.0004,0.007,0.0413,-0.0012,-0.1199,-0.207
8374,8.374,0.0034,0.004,0.0179,-0.0008,-0.1473,-0.2558
8375,8.375,0.0051,0.006,-0.0121,-0.0059,-0.123,-0.2125
8376,8.376,0.0036,0.0002,-0.0085,-0.0095,-0.1008,-0.4905
8377,8.377,0.0024,-0.0023,-0.0123,-0.0078,-0.3654,-0.96
8378,8.378,0.0035,0.0029,-0.0157,-0.0083,-0.3296,-0.3844
8379,8.379,0.0017,0.0023,-0.0071,-0.0006,-0.1651,0.004
8380,8.38,-0.0007,0.0006,-0.0045,-0.0038,0.0443,0.2164
8381,8.381,0.0003,0.0001,-0.007,-0.0111,0.0719,0.2813
8382,8.382,0.0005,-0.0035,-0.0049,-0.0047,0.146,0.3399
8383,8.383,0.0016,-0.0023,-0.007,-0.0039,0.124,0.2877
8384,8.384,0.0033,0.0006,-0.0051,-0.0077,0.1038,0.336
8385,8.385,0.0009,-0.0004,-0.0068,-0.0041,0.2705,0.9042
8386,8.386,0.0013,0.0006,-0.0113,-0.0037,0.4275,0.6724
8387,8.387,-0.0018,-0.0018,-0.0099,0.0039,0.2037,0.0382
8388,8.388,-0.0038,-0.006,0.0092,0.0029,-0.0056,-0.2187
8389,8.389,-0.0042,-0.0029,0.0341,0.0074,-0.0875,-0.2972
8390,8.39,-0.0087,-0.0012,0.031,0.0099,-0.1125,-0.2277
8391,8.391,-0.003,0.0003,0.0461,0.0029,-0.1352,-0.2921
8392,8.392,0.0008,0.0033,0.0437,0.0056,-0.115,-0.2341
8393,8.393,0.0001,0.0005,0.0367,0.003,-0.1336,-0.8152
8394,8.394,-0.0016,0.0008,0.0214,0.0036,-0.386,-0.8928
8395,8.395,0.0001,0.0025,0.0075,0.0056,-0.278,-0.2591
8396,8.396,-0.0014,-0.0005,-0.0014,0.0039,-0.0477,0.1686
8397,8.397,-0.0003,-0.0024,-0.0027,0.0034,0.1022,0.2475
8398,8.398,-0.0014,-0.0014,-0.0038,0.0008,0.1298,0.3187
8399,8.399,-0.0004,-0.0044,0.0007,0.0058,0.1546,0.2555
8400,8.4,-0.0007,0.0007,-0.0051,0.0009,0.1324,0.198
8401,8.401,0.0037,-0.0013,-0.0036,-0.0008,0.1123,0.4624
8402,8.402,0.0008,-0.0008,-0,0.0008,0.3531,0.7992
8403,8.403,0.0013,-0.0037,-0.0022,-0.0017,0.3204,0.4937
8404,8.404,0.0001,-0.0011,-0.0008,0.0025,0.1115,-0.0238
8405,8.405,0.0022,-0.0023,-0.0009,0.003,-0.0789,-0.236
8406,8.406,-0.002,-0.002,-0.0039,0.0004,-0.1041,-0.1729
8407,8.407,-0.0025,-0.0023,-0.0028,0.0065,-0.1268,-0.2314
8408,8.408,-0.001,0.0016,-0.0016,0.0056,-0.1068,-0.2843
8409,8.409,0.0012,0.0021,-0.0005,0.0093,-0.0885,-0.3324
8410,8.41,0.0041,0.001,-0.0068,0.0128,-0.24,-0.9002
8411,8.411,0.0005,0.0013,-0.0032,0.0123,-0.4234,-0.6683
8412,8.412,-0.0006,0.0003,-0.0035,0.0035,-0.2015,-0.0339
8413,8.413,-0.0003,-0.0007,-0.0055,-0.0002,0.0079,0.2233
8414,8.414,0.0023,0.0037,-0.0087,-0.0035,0.0899,0.3019
8415,8.415,0.0013,0.0078,-0.0047,-0.0065,0.1149,0.2326
8416,8.416,0.0004,0.0011,-0.0073,-0.0111,0.1375,0.2973
8417,8.417,0.0034,0.0038,-0.0051,-0.0069,0.1174,0.2396
8418,8.418,-0.0013,0.0013,-0.0093,-0.0032,0.136,0.7154
8419,8.419,0.003,0.005,-0.0046,-0.0012,0.3886,0.7799
8420,8.42,0.0014,-0.0014,-0.0094,-0.0042,0.2806,0.2562
8421,8.421,0.0029,-0.0005,-0.0041,-0.0059,0.0503,-0.097
8422,8.422,-0.0001,-0.0011,-0.0067,-0.0034,-0.0994,-0.1622
8423,8.423,-0.0004,0.0024,-0.0104,-0.0045,-0.1269,-0.3371
8424,8.424,-0.0046,0.0008,-0.0053,-0.0025,-0.1026,-0.2848
8425,8.425,-0.0051,0.0037,-0.0032,-0.006,-0.1251,-0.2369
8426,8.426,-0.0015,-0.0041,-0.0012,0.0009,-0.1049,-0.5425
8427,8.427,-0.0011,-0.0008,-0.0035,0.0062,-0.3456,-0.9
8428,8.428,0.0036,0.0002,-0.0074,0.0035,-0.3785,-0.4676
8429,8.429,0.0031,0.0011,-0.0055,0.001,-0.1096,0.0572
8430,8.43,0.0037,-0.0014,-0.0078,-0.0026,0.0715,0.2695
8431,8.431,0.0021,-0.0067,-0.0053,0.0038,0.1049,0.2066
8432,8.432,-0.0009,-0.0017,-0.0047,0.0013,0.1352,0.2653
8433,8.433,-0.0029,-0.0012,-0.0009,0.0007,0.1086,0.2131
8434,8.434,-0.0025,-0.0053,-0.0029,-0.0013,0.0844,0.3576
8435,8.435,0.0014,0.0005,-0.0074,0.003,0.2413,0.9256
8436,8.436,0.0009,-0.0002,-0.0077,-0.0046,0.4248,0.6937
8437,8.437,0.0005,0.0005,-0.0046,-0.0015,0.2029,0.0594
8438,8.438,0.0017,0.0063,-0.0009,-0.0023,-0.0063,-0.1977
8439,8.439,0.0014,0.0041,-0.0037,-0.0014,-0.0882,-0.2763
8440,8.44,-0.0018,0.0021,-0.0032,0.0038,-0.1131,-0.3473
8441,8.441,-0.0015,-0.0021,-0.0065,-0.001,-0.1357,-0.2839
8442,8.442,-0.0005,-0.0004,-0.0052,0.0048,-0.1157,-0.2261
8443,8.443,-0.0021,-0.0019,-0.0062,0.0041,-0.1712,-0.7018
8444,8.444,-0.0011,0.0024,-0.008,-0.0023,-0.4237,-0.8941
8445,8.445,0.0031,0.0007,-0.0062,-0.0014,-0.3157,-0.2543
8446,8.446,-0.0026,0.0023,-0.0091,0.0008,-0.0197,0.1731
8447,8.447,-0.002,-0.0046,-0.0055,-0.0012,0.0999,0.2517
8448,8.448,-0.0026,0.0006,-0.0105,-0.0054,0.1364,0.3227
8449,8.449,-0.0009,-0.0021,-0.0084,0.0034,0.1039,0.2593
8450,8.45,-0.0004,0.0022,-0.0089,0.0022,0.1339,0.2015
8451,8.451,0.0043,-0.0015,-0.0105,-0.001,0.1069,0.4656
8452,8.452,0.0006,-0.0013,-0.0093,0.0025,0.3563,0.9213
8453,8.453,0.0023,-0.0033,-0.0087,-0.0005,0.3319,0.4888
8454,8.454,0.0018,-0.0016,-0.0083,0.0003,0.1298,-0.0358
8455,8.455,-0.003,-0.0011,-0.0121,0.0012,-0.0606,-0.2483
8456,8.456,0.0013,0.0014,-0.0063,0.0018,-0.0858,-0.3132
8457,8.457,0.0029,0.0026,0.0053,0.0025,-0.1086,-0.256
8458,8.458,0.0004,-0.0038,0.0206,0.0008,-0.1292,-0.3093
8459,8.459,0.0007,-0.0011,0.0308,0.0003,-0.0738,-0.2617
8460,8.46,-0.0013,0.0015,0.0365,-0.0013,-0.259,-0.9172
8461,8.461,-0.0056,-0.0007,0.0484,-0.0025,-0.4316,-0.6368
8462,8.462,-0.0132,0.0028,0.0592,-0.0013,-0.23,-0.04
8463,8.463,-0.008,-0.0014,0.0467,-0.0003,0.0146,0.1937
8464,8.464,-0.0053,0.0003,0.0215,0.0021,0.1137,0.265
8465,8.465,-0.0044,-0.0002,-0.0038,0.0004,0.1438,0.3295
8466,8.466,-0.0022,0.0001,-0.0069,-0.0003,0.117,0.2719
8467,8.467,-0.0016,-0.0038,-0.0038,0.0008,0.0927,0.2194
8468,8.468,-0.0011,-0.0012,-0.001,0.0046,0.1599,0.7478
8469,8.469,0.0041,0.0018,0.0015,-0.0002,0.4245,0.8183
8470,8.47,-0.0023,0.0006,0.0039,-0.0044,0.2442,0.242
8471,8.471,-0.0015,-0.0013,0.002,-0.0061,0.0139,-0.1466
8472,8.472,0.0037,-0.0003,0.0041,-0.0046,-0.0762,-0.2183
8473,8.473,0.0058,-0.004,0.0026,-0.0043,-0.1038,-0.4111
8474,8.474,0.0015,-0.001,0.0074,-0.0046,-0.1287,-0.3539
8475,8.475,0.001,-0.0031,0.0035,-0.0056,-0.1513,-0.1962
8476,8.476,0.0035,-0.0012,0.0026,-0.0109,-0.0906,-0.4367
8477,8.477,0.0065,0.0004,0.0018,-0.0116,-0.3314,-0.9176
8478,8.478,0.0053,0,0.0051,-0.0095,-0.3644,-0.47
8479,8.479,0.0011,0.0019,0.0026,-0.0001,-0.0957,0.0545
8480,8.48,0.0006,0.0025,-0.0013,0.004,0.0132,0.2668
8481,8.481,0.0021,-0.0012,-0.0004,0.0051,0.0466,0.2038
8482,8.482,0.0017,0.0035,0.0035,0.0062,0.1363,0.2623
8483,8.483,0.0046,0.0017,0.0021,0.0051,0.1636,0.3153
8484,8.484,0.002,0.0034,0.0029,0.0043,0.0899,0.3635
8485,8.485,0.0023,0.0018,0.0027,0.0051,0.2916,0.9315
8486,8.486,0.002,0.004,0.0018,0.0014,0.4273,0.6997
8487,8.487,-0.0018,-0.0008,0.0001,0.002,0.2054,0.0655
8488,8.488,-0.0023,-0.0003,0.0056,0.0025,-0.0039,-0.1914
8489,8.489,0.0007,-0.0032,0.001,0.0042,-0.0858,-0.2699
8490,8.49,-0.0022,-0.0068,-0.0017,-0.0015,-0.1108,-0.3409
8491,8.491,-0.0012,-0.0071,0.0027,0.0037,-0.1335,-0.2776
8492,8.492,0.0005,-0.0043,-0.0005,0.0017,-0.1135,-0.2199
8493,8.493,0.0002,-0.0033,0.0021,0.0012,-0.1691,-0.6955
8494,8.494,-0.0005,-0.0023,-0.0014,0.0064,-0.4216,-0.8878
8495,8.495,0.0006,-0.0014,-0.0025,0.0057,-0.2414,-0.2479
8496,8.496,0.0018,-0,-0.0033,0.0015,-0.0112,0.1795
8497,8.497,-0.0006,0.0001,-0.0001,0.0043,0.0788,0.2583
8498,8.498,-0.0016,0.0038,0.0046,0.0038,0.1064,0.3295
8499,8.499,-0.0009,0.0013,0.0033,0.0016,0.1312,0.2663
8500,8.5,0.0015,0.0024,0.0021,0.0028,0.109,0.2087
8501,8.501,0.0004,-0.0015,0.0014,0.0009,0.0889,0.4729
8502,8.502,-0.0009,0.0032,-0.0038,0.0006,0.3666,0.9056
8503,8.503,-0.0002,0.0027,0.0019,0.0029,0.3272,0.499
8504,8.504,-0.0034,0.0022,0.0016,0.0036,0.1464,-0.0835
8505,8.505,-0.0014,0.0016,0.0037,-0.0003,-0.0841,-0.1624
8506,8.506,0.0004,-0.0006,-0.0011,0.0038,-0.1145,-0.2336
8507,8.507,0.0001,-0.0018,-0,0.0053,-0.142,-0.2982
8508,8.508,0.0018,0.0007,0.0021,0.0031,-0.1177,-0.2406
8509,8.509,0.0004,0.0011,0.003,-0.0025,-0.0956,-0.2936
8510,8.51,0.0011,0.0048,-0.0033,-0.0062,-0.238,-0.9182
8511,8.511,0.0005,0.0005,-0.0021,-0.0069,-0.4048,-0.6632
8512,8.512,-0.0009,-0,-0.0009,-0.0138,-0.2032,-0.1203
8513,8.513,0.0001,0.0057,0.0031,-0.013,0.0413,0.233
8514,8.514,-0,-0.0012,0.0027,-0.0071,0.0748,0.1702
8515,8.515,-0.0009,-0.0039,0.0012,-0.0049,0.105,0.2289
8516,8.516,0.001,0.002,0.0078,-0.0126,0.1323,0.2823
8517,8.517,0.0027,0.0013,0.0021,-0.0053,0.1079,0.2346
8518,8.518,-0.0015,0.0007,0.0028,-0.0045,0.1303,0.7151
8519,8.519,-0.0032,0.0002,0.0036,0.0015,0.395,0.7795
8520,8.52,-0.0048,0.003,-0.0005,0.0021,0.287,0.2558
8521,8.521,-0.0012,0.0056,0.0012,0.0099,0.0566,-0.0974
8522,8.522,-0.0015,0.0014,-0.0003,0.0026,-0.0932,-0.1629
8523,8.523,0.0005,-0.0027,-0,-0.0019,-0.1208,-0.2218
8524,8.524,0.0002,0.002,0.0028,0.0023,-0.1457,-0.2753
8525,8.525,0.0013,0.0038,0.0001,-0.0014,-0.1236,-0.2278
8526,8.526,-0.0004,0.0021,0.0003,0.005,-0.1035,-0.5336
8527,8.527,0.0015,0.0036,-0.0042,0.0058,-0.3442,-0.9704
8528,8.528,0.0009,-0.0033,-0.0014,0.008,-0.3772,-0.4474
8529,8.529,0.0046,-0.0043,-0.0011,0.0031,-0.1085,0.0462
8530,8.53,0.0021,0.0003,-0,0.0026,0.0727,0.2396
8531,8.531,0.0033,0.0046,0.0018,0.0044,0.106,0.2986
8532,8.532,0.0004,-0.0039,-0.0009,-0.0034,0.1361,0.2463
8533,8.533,0.0008,0.0017,-0.0044,-0.0002,0.1094,0.2946
8534,8.534,-0.0002,-0.0013,-0.0094,-0.0012,0.085,0.2512
8535,8.535,0.0015,-0.0004,-0.0101,-0.0003,0.2419,0.8467
8536,8.536,0.004,-0.0046,-0.0076,-0.0028,0.4254,0.5917
8537,8.537,-0.0012,0.0024,-0.0064,-0.0006,0.2035,0.0488
8538,8.538,0.001,0.0016,-0.0036,0,-0.0058,-0.1637
8539,8.539,0.0003,-0.0043,-0.0079,0.0005,-0.0877,-0.2291
8540,8.54,-0.0027,0.0009,-0.0035,-0.0023,-0.1127,-0.2879
8541,8.541,-0.0033,-0.0011,-0.0069,-0.0018,-0.1353,-0.2356
8542,8.542,0.0003,0.0006,-0.0113,-0.0007,-0.1153,-0.1879
8543,8.543,-0.0009,0.0002,-0.0112,0.0032,-0.1338,-0.756
8544,8.544,-0.0048,-0.0013,-0.0119,-0.0015,-0.3863,-0.8338
8545,8.545,-0,-0.001,-0.0127,0.0027,-0.2784,-0.3413
8546,8.546,-0.0006,-0.003,-0.0106,-0.0002,-0.0481,0.108
8547,8.547,-0.0001,-0.0055,-0.0134,0.0013,0.1016,0.1675
8548,8.548,0.0025,-0.0002,-0.0128,0.0009,0.1292,0.3266
8549,8.549,-0.0018,-0.0024,-0.0139,0.0006,0.1049,0.2792
8550,8.55,0.0011,-0.0017,-0.0145,0.0009,0.1274,0.2359
8551,8.551,-0.0014,-0.0021,-0.0171,-0.0015,0.1073,0.5136
8552,8.552,0.0036,0.0008,-0.0133,0.0002,0.348,0.9108
8553,8.553,0.0004,0.0031,-0.0164,-0.0007,0.3544,0.4859
8554,8.554,0.0024,0.0047,-0.0186,0.0012,0.1243,0.0088
8555,8.555,0.0019,0.0059,-0.0195,0.0046,-0.085,-0.1848
8556,8.556,0.0024,-0.0005,-0.0184,0.0024,-0.1128,-0.2439
8557,8.557,-0.0044,0.0003,-0.0166,0.0003,-0.1377,-0.2976
8558,8.558,-0.0017,0.0012,-0.0106,-0.0007,-0.1157,-0.2502
8559,8.559,-0.0009,0.0019,0.0031,-0.0046,-0.0956,-0.2942
8560,8.56,0.0013,0.0012,0.0169,-0.0071,-0.2253,-0.89
8561,8.561,-0.0052,-0.0018,0.0259,-0.0002,-0.4105,-0.6353
8562,8.562,-0.001,0.0011,0.0272,-0.0075,-0.1887,-0.0927
8563,8.563,0.0012,-0.0037,0.0223,-0.0102,0.0206,0.2605
8564,8.564,-0.0024,-0.002,0.026,-0.0077,0.1024,0.1977
8565,8.565,0.0006,-0.0025,0.0295,-0.0024,0.1274,0.2562
8566,8.566,-0.0011,-0.002,0.0347,0.0011,0.1053,0.3093
8567,8.567,-0.0037,-0.0008,0.0335,0.0016,0.0852,0.1654
8568,8.568,-0.0106,0.0012,0.0305,0.0021,0.1408,0.7333
8569,8.569,-0.0076,0.0002,0.0294,0.0037,0.3932,0.8109
8570,8.57,-0.0012,-0.0002,0.0407,0.0049,0.2852,0.318
8571,8.571,-0.0021,0.0001,0.0422,0.0069,0.055,-0.1314
8572,8.572,-0.0028,-0.0017,0.0527,0.0073,-0.0948,-0.191
8573,8.573,-0.0092,-0.0024,0.0512,0.0069,-0.1224,-0.2447
8574,8.574,-0.0084,-0.0042,0.0321,0.0073,-0.1473,-0.2935
8575,8.575,-0.0015,-0.0021,0.0019,0.003,-0.1252,-0.2503
8576,8.576,0.0012,-0.001,-0.002,0.0014,-0.105,-0.449
8577,8.577,0.0054,0.0022,0.0015,-0.0051,-0.3457,-0.9906
8578,8.578,0.0076,0.0002,-0.0018,-0.0008,-0.3787,-0.4492
8579,8.579,0.0055,-0.0024,0.0011,-0.0093,-0.1099,0.0443
8580,8.58,0.0013,0.0028,0.0039,-0.0083,0.0712,0.2376
8581,8.581,0.0077,-0.0009,0.0063,-0.0073,0.1047,0.2964
8582,8.582,0.0051,-0.0103,-0.0002,-0.0008,0.1349,0.2441
8583,8.583,0.0014,-0.004,0.006,0,0.1081,0.2925
8584,8.584,0.0034,-0.0009,0.008,0.0007,0.0838,0.249
8585,8.585,0.0039,0.0001,0.0064,0.0056,0.2407,0.8445
8586,8.586,0.0033,-0.0026,0.002,0.0073,0.4241,0.5894
8587,8.587,0.0018,0.0052,0.0034,0.0044,0.2024,0.2013
8588,8.588,0.004,0.0042,0.0024,0.0069,-0.0068,-0.2927
8589,8.589,0.0036,0.005,0.0015,0.0019,-0.0886,-0.3579
8590,8.59,-0.0021,0.0007,0.0006,-0.0001,-0.1135,-0.3008
8591,8.591,0.0004,0.0001,0.0071,0.0041,-0.1361,-0.2487
8592,8.592,-0.0003,0.0021,-0.0021,0.0046,-0.116,-0.201
8593,8.593,0.0003,0.0004,0.0043,0.0011,-0.1345,-0.6815
8594,8.594,0.0034,0.0032,-0.0011,0.0042,-0.3869,-0.874
8595,8.595,-0.0007,-0.0046,-0.0039,0.003,-0.2788,-0.3505
8596,8.596,-0.0022,0.001,0.0009,-0.0028,-0.0485,0.1431
8597,8.597,-0.001,-0.0021,-0.0048,-0.0036,0.1013,0.2084
8598,8.598,0.0018,0.0006,-0.0008,-0.0029,0.129,0.2671
8599,8.599,-0,-0.0036,-0.0012,-0.0009,0.1049,0.3205
8600,8.6,-0.0003,0.0016,-0.0026,-0.0004,0.1274,0.1766
8601,8.601,0.0034,0.001,-0.0064,-0.0044,0.1073,0.4824
8602,8.602,0.0012,0.0027,-0.0004,-0.007,0.3481,0.9193
8603,8.603,0.0051,0.0043,-0.0038,-0.0058,0.3812,0.5126
8604,8.604,-0.0007,0.0008,-0.0042,-0.0105,0.1124,0.0355
8605,8.605,0.0015,0.003,-0.0045,-0.0063,-0.0686,-0.1579
8606,8.606,-0.0005,0.001,0.0023,-0.0034,-0.1021,-0.217
8607,8.607,0,-0.0016,-0.0033,0.0014,-0.1321,-0.2704
8608,8.608,0.0017,0.0016,-0.0052,-0.0017,-0.1053,-0.2229
8609,8.609,0.0012,0.0005,-0.0029,-0.0022,-0.0809,-0.2668
8610,8.61,0.0001,0.003,-0.0043,0.0003,-0.2376,-0.8624
8611,8.611,0.0004,0.0013,-0.0035,-0,-0.4209,-0.7776
8612,8.612,-0.0006,-0.0004,-0.0057,0.0029,-0.199,-0.0799
8613,8.613,-0.0023,0.0015,-0.0086,0.0039,0.0103,0.2026
8614,8.614,-0.0012,-0.0009,-0.002,-0.0014,0.0923,0.289
8615,8.615,-0.0037,0.0015,-0.0064,0.0024,0.1174,0.2123
8616,8.616,-0.0034,0.0058,-0.0088,0.0004,0.14,0.2832
8617,8.617,-0.0057,0.0041,-0.0094,-0.0027,0.1199,0.2197
8618,8.618,-0.0015,0.0001,-0.0073,-0.001,0.1386,0.7429
8619,8.619,-0.0045,-0.0014,-0.0067,0.0058,0.391,0.8136
8620,8.62,-0.0004,0.0016,-0.0061,0.005,0.2832,0.3656
8621,8.621,0.0001,0.0037,-0.0075,0.0058,0.0529,-0.1589
8622,8.622,0.0024,0.0034,-0.0106,0.0021,-0.0968,-0.2305
8623,8.623,-0.0005,-0.0018,-0.0109,0.007,-0.1243,-0.295
8624,8.624,-0.0008,-0.0011,-0.0073,0.0012,-0.149,-0.3535
8625,8.625,0.0016,-0.0018,-0.0086,-0.001,-0.1269,-0.1953
8626,8.626,-0,-0.0001,-0.0115,-0.0003,-0.1067,-0.4356
8627,8.627,0.0014,-0.0006,-0.012,0.0055,-0.3474,-0.9161
8628,8.628,0.0026,-0.0021,-0.0097,-0.0014,-0.3802,-0.4684
8629,8.629,0.0015,0.001,-0.0101,0.0013,-0.1113,0.0565
8630,8.63,0.0002,0.0031,-0.0121,0.0004,0.0699,0.2691
8631,8.631,-0.002,0.0006,-0.0089,0.0011,0.1034,0.2064
8632,8.632,0.0017,0.0003,-0.0132,-0.0024,0.1336,0.2653
8633,8.633,-0.0018,-0.0027,-0.0046,0.0007,0.1069,0.2131
8634,8.634,-0.0006,-0.0037,0.0142,-0.0022,0.0826,0.2615
8635,8.635,-0.0017,-0.0075,0.0332,-0.0037,0.1947,0.8298
8636,8.636,0.0009,-0.007,0.0354,-0.0015,0.4187,0.7533
8637,8.637,0.0026,-0.0027,0.0419,-0.0035,0.2102,0.1196
8638,8.638,-0.0024,-0.0044,0.0397,-0.0045,-0.0344,-0.1369
8639,8.639,0.0011,0.0004,0.0265,-0.0049,-0.0679,-0.2151
8640,8.64,-0.0005,-0.0013,0.0078,-0.0099,-0.0981,-0.2859
8641,8.641,0,0.0028,0.0052,-0.005,-0.1255,-0.3502
8642,8.642,-0.0025,0.0003,-0.0015,-0.0008,-0.1502,-0.176
8643,8.643,0.0045,-0.0008,0.0004,0.0032,-0.128,-0.6513
8644,8.644,-0.0028,0.0012,-0.0054,0.0007,-0.3926,-0.8432
8645,8.645,-0.0036,-0.0013,-0.0004,0.0019,-0.2847,-0.3192
8646,8.646,0.0007,0.0019,-0.0051,0.0057,-0.0544,0.1749
8647,8.647,0.0014,-0.0001,-0.0039,0.001,0.0953,0.2407
8648,8.648,0.0008,0.0009,-0.0052,0.004,0.1229,0.3
8649,8.649,0.0013,-0.0014,-0.0043,0.0023,0.1477,0.2482
8650,8.65,0.0008,0.0036,-0.0034,0.0018,0.1255,0.201
8651,8.651,0.0014,0.0016,-0.0027,0.0021,0.1053,0.4198
8652,8.652,0.0002,0.0011,-0.0053,0.0033,0.346,0.9366
8653,8.653,0.0023,0.0028,-0.0106,0.0014,0.3789,0.4448
8654,8.654,-0.0011,0.0044,-0.0147,-0.0046,0.1309,-0.0134
8655,8.655,0.0032,-0.0014,-0.0113,-0.0014,-0.0784,-0.2065
8656,8.656,0.0015,-0.0007,-0.0071,0.005,-0.1062,-0.2653
8657,8.657,-0.001,0.0042,-0.0076,0.0023,-0.1311,-0.3186
8658,8.658,-0.0013,-0.0027,-0.0051,0.0031,-0.1538,-0.2709
8659,8.659,0.0034,-0.0019,0.0018,-0.0006,-0.0931,-0.3146
8660,8.66,-0.0008,-0.0011,0.0176,-0.0026,-0.2228,-0.9099
8661,8.661,0.0021,-0.0004,0.0287,0.0004,-0.408,-0.6548
8662,8.662,0.0016,-0.0053,0.0389,-0.0001,-0.2357,-0.1119
8663,8.663,-0.0006,-0.0048,0.0446,-0.0016,0.0114,0.2417
8664,8.664,0.0006,-0.0008,0.0531,-0.0013,0.1106,0.1791
8665,8.665,0.0002,0.0028,0.0332,-0.0052,0.1407,0.2381
8666,8.666,-0.005,-0.0023,0.0032,-0.0005,0.1139,0.2914
8667,8.667,0.0002,-0.0017,-0.0006,0.0037,0.1386,0.2437
8668,8.668,-0.0018,-0.0022,-0.004,0.0066,0.1162,0.6371
8669,8.669,0.0024,-0.0039,-0.0071,0.005,0.4214,0.7959
8670,8.67,0.0007,-0.0014,0.0019,0.0054,0.2906,0.3632
8671,8.671,-0.0008,0.0008,0.0048,0.0025,0.0122,-0.1615
8672,8.672,-0.002,0.0036,0.0026,-0.0017,-0.0967,-0.2332
8673,8.673,-0.0032,0.0061,0.005,-0.0082,-0.1301,-0.298
8674,8.674,0.0004,0.0022,0.0072,-0.0073,-0.1007,-0.2406
8675,8.675,0.0034,0.0037,0.0019,-0.0095,-0.128,-0.1883
8676,8.676,-0.0014,-0.0032,0.0038,-0.0131,-0.1527,-0.4286
8677,8.677,0.0003,-0.0085,0.0056,-0.0126,-0.3544,-0.9967
8678,8.678,-0.0026,-0.0058,0.0045,-0.011,-0.3816,-0.4551
8679,8.679,0.0009,0.0001,0.0085,-0.0052,-0.1104,0.0384
8680,8.68,0.0006,-0.0007,0.0056,0.0017,0.0708,0.2319
8681,8.681,0.0009,-0.0056,0.0029,-0.001,0.1043,0.291
8682,8.682,-0.001,-0.0039,0.0077,0.0015,0.1345,0.3443
8683,8.683,0.0007,0.0013,0.0038,0.0037,0.1619,0.2004
8684,8.684,-0.0037,0.0006,0.0049,-0.0013,0.0883,0.1569
8685,8.685,-0.0055,0.0048,0.0003,0.0029,0.2452,0.7523
8686,8.686,-0.0029,0.0018,-0.001,0.0082,0.4285,0.6675
8687,8.687,0.0031,0.0023,-0.0023,0.0046,0.2068,0.1246
8688,8.688,-0.0028,-0.0008,-0.0014,0.0041,-0.0024,-0.0879
8689,8.689,-0.0035,0.0031,-0.0007,0.0035,-0.0843,-0.1533
8690,8.69,-0.0042,-0.0005,0.0017,0.0103,-0.1091,-0.2122
8691,8.691,-0.0012,0.0007,0.0039,0.0038,-0.1317,-0.2657
8692,8.692,-0.0053,0.0018,0.0019,0.0064,-0.1116,-0.2183
8693,8.693,-0.0058,0.0037,0.0053,0.0026,-0.1301,-0.699
8694,8.694,-0.0055,0.0053,-0.0001,0.0075,-0.3826,-0.8913
8695,8.695,-0.0052,0.0023,-0.004,0.0018,-0.2746,-0.368
8696,8.696,-0.0049,0.0041,0.0001,-0.0004,-0.0443,0.1256
8697,8.697,0.0003,0.0002,0.0011,0.0016,0.1055,0.191
8698,8.698,-0.0004,0.0037,0.0032,-0.0026,0.1332,0.2497
8699,8.699,0.0031,-0.0005,0.0019,-0.0009,0.109,0.303
8700,8.7,0.0036,-0.0035,0.0007,0.0016,0.1316,0.2552
8701,8.701,0.0019,-0.002,0.0023,-0.0006,0.1114,0.4736
8702,8.702,0.0013,-0.0016,0.0023,0.0022,0.3151,0.9103
8703,8.703,0.0064,0.0022,0.0062,-0.0013,0.3423,0.5035
8704,8.704,0.0015,-0.0003,-0.0003,0.0038,0.1203,0.0264
8705,8.705,0.0045,-0.0054,0.0011,0.0031,-0.0891,-0.1671
8706,8.706,0.0004,0.001,0.0006,0.0014,-0.1169,-0.2264
8707,8.707,0.0061,-0.0016,0.0018,0.0031,-0.1418,-0.2799
8708,8.708,0.0009,0.0006,0.0059,-0.0047,-0.1198,-0.3285
8709,8.709,0.0029,-0.0001,0.0043,-0.0079,-0.0997,-0.2851
8710,8.71,0.0046,0.0029,0.0004,-0.0006,-0.2294,-0.8808
8711,8.711,0.0062,-0.0012,0.0013,-0.0033,-0.4146,-0.7962
8712,8.712,0.0027,0.0003,-0.0008,0.0009,-0.2423,-0.0986
8713,8.713,0.003,0.0015,-0.0002,0.0032,0.0497,0.1841
8714,8.714,0.0026,0.0027,0.0005,-0.0033,0.09,0.2706
8715,8.715,0.0016,0.0017,-0.0018,-0.0041,0.1265,0.3486
8716,8.716,-0.0023,-0.0007,-0.0013,-0.0003,0.1597,0.2789
8717,8.717,0.0055,-0.0024,0.0006,-0.0038,0.1301,0.2153
8718,8.718,-0.0001,-0.0011,-0.0024,-0.0068,0.1032,0.6222
8719,8.719,0.0029,-0.0039,-0.0002,-0.0085,0.4236,0.8867
8720,8.72,0.0038,-0.0043,0.0008,-0.0049,0.2929,0.3578
8721,8.721,0.0012,-0.001,0.0012,-0.0018,0.0145,-0.1358
8722,8.722,0.0034,0.0002,0.0056,-0.0015,-0.0943,-0.2011
8723,8.723,0.0041,-0.0034,0.0016,0.0037,-0.1277,-0.2599
8724,8.724,0.0011,-0.0022,0.001,-0.0012,-0.1578,-0.3133
8725,8.725,0.0028,-0.0001,0.0021,0.0005,-0.131,-0.2655
8726,8.726,-0.005,0.0009,-0.0009,0.0094,-0.1066,-0.3964
8727,8.727,-0.0018,0.0026,-0.0001,0.0057,-0.3083,-0.9127
8728,8.728,-0.0028,0.0057,-0.0006,-0.0021,-0.3897,-0.5612
8729,8.729,-0.0055,0.0006,-0.0018,0.0053,-0.1676,0.016
8730,8.73,0.0023,-0.0001,-0.0022,0.0045,0.0418,0.25
8731,8.731,-0.0029,0.0016,-0.0018,0.002,0.1237,0.3214
8732,8.732,-0.0021,0.0021,-0.0047,0.0027,0.1486,0.2581
8733,8.733,-0.0046,0.0057,-0.0026,0.0021,0.1265,0.3168
8734,8.734,-0.0053,0.0015,-0.0026,-0.0021,0.1064,0.2643
8735,8.735,-0.0033,0.001,-0.0036,0.0032,0.199,0.889
8736,8.736,0.0025,0.0006,-0.0056,-0.0032,0.418,0.6342
8737,8.737,-0.0013,-0.0045,-0.0022,0.0046,0.2095,0.2464
8738,8.738,-0.0033,-0.0024,-0.0031,0.0057,-0.0352,-0.2472
8739,8.739,-0.0002,-0.0007,-0.0057,0.0048,-0.0687,-0.1842
8740,8.74,0.0026,0.0022,-0.0082,0.0006,-0.099,-0.2426
8741,8.741,0.0021,0.0058,-0.0096,0.0013,-0.1263,-0.2955
8742,8.742,0.0033,0.0036,-0.0048,-0.0007,-0.1021,-0.2475
8743,8.743,0.0021,-0.0003,-0.0075,-0.0037,-0.1245,-0.6406
8744,8.744,0.0003,-0.0028,-0.0115,-0.0032,-0.3892,-0.9049
8745,8.745,-0.003,-0.0031,-0.0103,-0.0006,-0.2814,-0.3758
8746,8.746,-0.0009,0.0016,-0.0091,0.0016,-0.0511,0.1181
8747,8.747,-0.0013,0.0033,-0.0143,0.0004,0.0986,0.1837
8748,8.748,0.0004,0.005,-0.0118,0.0015,0.1261,0.2429
8749,8.749,0.0007,-0.0028,-0.0094,0.0005,0.151,0.2964
8750,8.75,-0.0018,-0.0017,-0.0135,0.0056,0.1288,0.2489
8751,8.751,-0.0035,-0.0027,-0.0128,-0.0022,0.1086,0.4676
8752,8.752,-0.0018,-0.0019,-0.013,-0.0011,0.3122,0.9047
8753,8.753,-0.0011,-0.0011,-0.0125,0.0016,0.3935,0.4982
8754,8.754,-0.0005,0.0042,-0.0153,0.0007,0.1714,0.0214
8755,8.755,-0.0007,0.0015,-0.0169,-0.0031,-0.0659,-0.2063
8756,8.756,-0.0034,0.0008,-0.0191,-0.0053,-0.0964,-0.2713
8757,8.757,-0.001,-0.0022,-0.0165,-0.006,-0.1239,-0.33
8758,8.758,-0.0007,0.0018,-0.0199,-0.0055,-0.1488,-0.2778
8759,8.759,0.0023,0.0013,-0.0168,-0.0026,-0.0818,-0.2301
8760,8.76,-0.0016,0.0017,-0.0103,-0.0022,-0.2242,-0.8854
8761,8.761,-0.0001,-0.0048,0.0049,-0.0033,-0.428,-0.7923
8762,8.762,0.0003,-0.0002,0.0111,0.0022,-0.2384,-0.1956
8763,8.763,0.0014,-0.0027,0.0249,0,-0.016,0.1931
8764,8.764,-0.0028,-0.0005,0.03,-0.0064,0.074,0.2645
8765,8.765,-0.0023,-0.0054,0.0313,-0.0159,0.1015,0.3292
8766,8.766,-0.0101,-0.0049,0.0355,-0.0097,0.1263,0.2718
8767,8.767,-0.0046,-0.0021,0.031,-0.0019,0.1042,0.2193
8768,8.768,-0.0056,-0.0099,0.0319,-0.0009,0.1246,0.6516
8769,8.769,-0.0011,-0.0043,0.0305,0.0018,0.4024,0.8261
8770,8.77,0.0015,-0.0053,0.0292,0.0026,0.2836,0.3501
8771,8.771,-0.0023,-0.0044,0.0354,-0.0012,0.0306,-0.0993
8772,8.772,0.0013,0.005,0.0376,0.0009,-0.0686,-0.1591
8773,8.773,0.0017,0.0013,0.0489,-0.0034,-0.0989,-0.3184
8774,8.774,0.0012,0.0023,0.0538,-0.0063,-0.1263,-0.2711
8775,8.775,0.0027,0.0033,0.052,0.0005,-0.1511,-0.228
8776,8.776,0.0015,0.0006,0.0311,-0.0004,-0.0841,-0.4269
8777,8.777,0.0018,0.0084,0.0039,0.0021,-0.3079,-0.9685
8778,8.778,0.0021,-0.0031,0.0002,0.0028,-0.3974,-0.5819
8779,8.779,0.0073,0.0015,0.0033,0.0048,-0.1532,0.0524
8780,8.78,0.0051,0.0001,0.0004,0.0078,0.0773,0.3092
8781,8.781,0.0031,-0.0036,0.003,0.006,0.1079,0.2329
8782,8.782,0.0047,-0.0004,0.0007,0.0055,0.1354,0.3037
8783,8.783,0.0042,-0.0014,0.0073,0.0085,0.1112,0.24
8784,8.784,0.0027,-0.0023,0.0053,0.0073,0.0443,0.2981
8785,8.785,0.0069,-0.0031,0.0072,0.0047,0.1867,0.8791
8786,8.786,0.004,0.0038,0.0056,0.0001,0.4276,0.6473
8787,8.787,0.0014,-0.0008,-0.0019,0.0058,0.2637,0.1539
8788,8.788,0.0002,-0.0016,0.0079,0.0036,-0.0054,-0.2956
8789,8.789,-0.0037,0.0021,0.0043,0.0029,-0.1141,-0.3552
8790,8.79,-0.0001,0.0028,0.0013,-0.0029,-0.0817,-0.3034
8791,8.791,0.0011,-0.0003,0.0025,-0.0036,-0.1116,-0.2562
8792,8.792,-0.0001,0.0049,-0.0019,-0,-0.0847,-0.2131
8793,8.793,-0.0005,0,-0.0008,-0.0058,-0.1092,-0.6501
8794,8.794,0.0019,0.0057,0.0002,-0.0006,-0.4005,-0.825
8795,8.795,0.0009,0.0035,-0.0002,-0.0042,-0.2817,-0.3492
8796,8.796,0.0002,-0.0014,0.0006,-0.0085,-0.0288,0.0997
8797,8.797,0.0019,0.0043,0.0004,-0.009,0.0705,0.2752
8798,8.798,0.0012,-0.0009,-0.004,-0.0022,0.101,0.3286
8799,8.799,-0.0001,-0.0003,0.0021,-0.0014,0.1284,0.2809
8800,8.8,0.0001,0.0002,0.0018,-0.0023,0.1533,0.2375
8801,8.801,-0.0011,0.0043,0.0016,-0.0001,0.0863,0.4359
8802,8.802,-0.002,0.0027,-0.0023,-0.0008,0.3102,0.9052
8803,8.803,-0.0001,0.0015,-0.0035,0.0022,0.3998,0.5854
8804,8.804,-0.0031,0.0027,-0.0046,0.0027,0.1556,0.0607
8805,8.805,-0.0035,-0.003,-0.0038,0.0032,-0.0748,-0.1519
8806,8.806,-0.0002,-0.0022,-0.0022,0.0029,-0.1052,-0.2171
8807,8.807,-0.0014,-0.0015,-0.0014,0.0008,-0.1326,-0.2759
8808,8.808,-0.0056,0.0033,0.0008,0.0033,-0.1084,-0.2238
8809,8.809,-0.0027,0.0003,-0.0039,0.0023,-0.1309,-0.2722
8810,8.81,-0.0042,0.0055,-0.0027,0.0053,-0.1919,-0.8403
8811,8.811,-0.0012,-0.0051,-0.0005,0.0017,-0.4327,-0.7635
8812,8.812,-0.005,-0.0006,0.0053,0.0021,-0.203,-0.1295
8813,8.813,0.0017,-0.0019,-0.0035,-0.0027,0.0063,0.1275
8814,8.814,-0.0047,-0.0007,0.0006,-0.0022,0.0883,0.2061
8815,8.815,0.0013,0.0003,0.0021,0.0066,0.1134,0.277
8816,8.816,-0.0009,-0.0007,-0.0005,0.0054,0.1361,0.3417
8817,8.817,0.0026,-0.0053,0.0007,-0.0002,0.116,0.1678
8818,8.818,-0.0043,0.0006,0.0018,0.0029,0.1346,0.6434
8819,8.819,0.0021,-0.0063,-0.0016,-0.0017,0.3871,0.8356
8820,8.82,-0.0056,0.0001,-0.0062,-0.0042,0.2793,0.4286
8821,8.821,-0.0003,-0.0041,0.0035,-0.0048,0.0492,-0.1541
8822,8.822,0.0042,0.0012,-0.0033,-0.0028,-0.1005,-0.2329
8823,8.823,0,-0.0037,-0.0019,0.003,-0.1281,-0.3039
8824,8.824,-0.0006,-0.0007,-0.0049,0.0052,-0.1039,-0.2406
8825,8.825,0.0072,-0.0001,-0.0017,0.0016,-0.1264,-0.1829
8826,8.826,0.002,-0.0027,0.0011,0.0034,-0.1063,-0.4471
8827,8.827,0.0029,-0.0023,-0.0013,0.0039,-0.3099,-0.9758
8828,8.828,0.0004,-0.0003,-0.0035,-0.0008,-0.3913,-0.6244
8829,8.829,0.0026,0.0008,0.0015,0.0034,-0.1693,-0.0474
8830,8.83,0.0006,0.0024,0.001,0.0006,0.04,0.1865
8831,8.831,0.0023,-0.0019,-0.0019,0.0001,0.1218,0.258
8832,8.832,0.0029,-0.0036,-0.0004,0.0013,0.0977,0.3226
8833,8.833,0.0004,-0.0031,-0.0009,-0.0015,0.1202,0.2653
8834,8.834,-0.0047,0.002,-0.0031,-0.0073,0.1001,0.2129
8835,8.835,0.0002,0.0055,-0.0022,-0.0115,0.1926,0.8376
8836,8.836,0.002,0.0025,0.0021,-0.0093,0.4114,0.7531
8837,8.837,-0.0009,0.0031,0.0002,-0.0072,0.2028,0.2104
8838,8.838,0.0027,0.0005,-0.0005,-0.0055,0.0125,-0.1427
8839,8.839,0.0024,0.0017,-0.0033,-0.005,-0.1115,-0.208
8840,8.84,-0.0032,0.0006,-0.0048,-0.0035,-0.1343,-0.2669
8841,8.841,0.0005,0.0041,-0.0048,-0.0004,-0.1143,-0.3201
8842,8.842,-0.003,0.0038,-0.0042,0.0024,-0.0962,-0.1763
8843,8.843,-0.0025,0.0067,-0.005,0.0043,-0.1132,-0.6567
8844,8.844,0.0004,0.0025,-0.0092,0.0033,-0.3429,-0.8489
8845,8.845,0.0009,0.0031,-0.0046,-0.0011,-0.3103,-0.3253
8846,8.846,0.0031,-0.0005,-0.0101,-0.004,-0.1014,0.1687
8847,8.847,-0.0016,-0.0016,-0.0102,0.0038,0.089,0.2344
8848,8.848,0.0027,-0.0036,-0.0113,0.007,0.1139,0.2935
8849,8.849,-0.0026,0.0006,-0.0115,0.0018,0.1364,0.2415
8850,8.85,-0.0005,-0.0023,-0.0133,0.001,0.1163,0.1939
8851,8.851,-0,0.0013,-0.0136,0.0018,0.0979,0.4126
8852,8.852,0.0005,0.0017,-0.0107,0.004,0.3165,0.9291
8853,8.853,0.002,0.002,-0.0183,0.002,0.4059,0.5777
8854,8.854,0.0017,0.0002,-0.018,0.0025,0.1616,0.0009
8855,8.855,-0.0012,0.0019,-0.0141,0.002,-0.069,-0.2326
8856,8.856,-0.0037,-0.0016,-0.0179,0.0043,-0.0935,-0.2406
8857,8.857,-0.0002,-0.0026,-0.0161,0.0038,-0.1237,-0.3115
8858,8.858,0.0002,-0.0008,-0.0221,0.0016,-0.097,-0.2481
8859,8.859,0.0031,-0.0036,-0.0209,0.0036,-0.1219,-0.3063
8860,8.86,0.0012,-0.0026,-0.0233,0.0026,-0.1893,-0.8875
8861,8.861,0.0009,-0.0036,-0.0153,0.0072,-0.4133,-0.8107
8862,8.862,0.0039,-0.0006,0.0029,-0.0023,-0.2645,-0.177
8863,8.863,0.0014,-0.0048,0.0102,-0.001,-0.0199,0.2505
8864,8.864,0.0024,-0.0019,0.0167,0.0002,0.0792,0.1744
8865,8.865,0.0034,0.0028,0.0225,-0.0008,0.1093,0.2452
8866,8.866,-0.0008,-0.0002,0.0238,-0.0103,0.1366,0.3098
8867,8.867,-0.0025,0.0003,0.0248,-0.0066,0.1121,0.2522
8868,8.868,-0.0008,0.005,0.0325,-0.001,0.0898,0.6219
8869,8.869,-0.0044,0.0008,0.0211,-0.0041,0.3543,0.8624
8870,8.87,-0.0013,0.0003,0.0244,-0.0014,0.3184,0.3815
8871,8.871,-0.001,0.0008,0.0047,0.0028,0.0881,-0.0676
8872,8.872,-0.0006,-0.0004,-0.0097,-0.0009,-0.0618,-0.2435
8873,8.873,-0.0038,-0.0043,-0.0177,-0.003,-0.0895,-0.2972
8874,8.874,-0.0094,0.0004,-0.0206,-0.0035,-0.1145,-0.2499
8875,8.875,-0.0116,0.0021,-0.0233,-0.0052,-0.1372,-0.2066
8876,8.876,-0.0067,0.0016,-0.0184,0.0006,-0.0765,-0.4052
8877,8.877,-0.0025,0.0021,-0.0207,0.0028,-0.2803,-0.9468
8878,8.878,0.0016,0.0033,-0.0228,-0.0036,-0.3617,-0.5601
8879,8.879,0.0021,0.0036,-0.0053,-0.0028,-0.1398,-0.0667
8880,8.88,0.0009,-0.0006,0.0164,-0.008,0.0695,0.2547
8881,8.881,0.0012,-0.0035,0.0247,-0.0032,0.0972,0.1978
8882,8.882,0.0002,-0.002,0.0215,0.0026,0.1222,0.2512
8883,8.883,-0.0015,-0.0062,0.0333,0.0048,0.1448,0.2999
8884,8.884,-0.0005,-0.0068,0.0307,0.0027,0.0841,0.2565
8885,8.885,0.0032,-0.001,0.0118,0.001,0.2138,0.852
8886,8.886,-0.0004,0.0012,-0.0009,-0.0019,0.4327,0.7674
8887,8.887,-0.0001,-0.0024,0.0009,0.0028,0.2241,0.2247
8888,8.888,0.0028,0.0006,0.019,-0.0029,-0.0205,-0.1285
8889,8.889,0.0002,-0.0035,0.0211,0.0023,-0.1196,-0.1938
8890,8.89,-0.0008,-0.0009,0.032,0.0016,-0.0904,-0.2527
8891,8.891,-0.0025,-0.0032,0.0338,0.0021,-0.1177,-0.3062
8892,8.892,0.0017,-0.0028,0.0392,0.0005,-0.1424,-0.1626
8893,8.893,0.0022,-0.0032,0.0374,0.003,-0.1202,-0.6431
8894,8.894,0.0039,-0.0085,0.0479,-0.0031,-0.3848,-0.9634
8895,8.895,0.0024,-0.0048,0.0575,0.0028,-0.3488,-0.44
8896,8.896,0.0045,0.0016,0.0461,0.0021,-0.053,0.0537
8897,8.897,-0.0002,0.0075,0.0231,0.0001,0.0668,0.2472
8898,8.898,0.0015,0.0023,0.0001,-0.0004,0.1035,0.3061
8899,8.899,0.0043,-0.0042,-0.0027,-0.0009,0.1367,0.2539
8900,8.9,0.0038,0.0036,-0.0054,-0.0014,0.1073,0.2061
8901,8.901,0.0026,-0.0037,-0.0029,-0.0011,0.0805,0.4246
8902,8.902,-0.0003,0.0027,-0.0005,0.0009,0.3024,0.941
8903,8.903,0.0001,0.0035,0.0017,0.0013,0.392,0.449
8904,8.904,-0.0023,0.0028,-0.0036,-0.0004,0.148,-0.0001
8905,8.905,-0.0027,0.0048,-0.0017,0.0006,-0.0824,-0.1761
8906,8.906,0.0016,0.0031,0.0002,-0.0024,-0.1128,-0.23
8907,8.907,0.0032,0.0025,0.0019,0.0014,-0.0859,-0.2787
8908,8.908,0.0015,0.004,0.001,0.0062,-0.1106,-0.2355
8909,8.909,-0,-0.0011,0.0004,0.0019,-0.0884,-0.1962
8910,8.91,0.0003,0.0024,-0.0044,0.0036,-0.19,-0.7376
8911,8.911,0.0051,0.0055,-0.0032,0.0051,-0.4307,-0.8153
8912,8.912,0.0008,-0.0022,-0.0018,0.0001,-0.2665,-0.1813
8913,8.913,0.0003,-0.0012,-0.002,-0.0035,0.0027,0.2461
8914,8.914,0.0028,0.0034,-0.0051,-0.0004,0.1117,0.1702
8915,8.915,-0.0041,0.0008,-0.0041,0.0024,0.1452,0.2413
8916,8.916,-0.0031,-0.0029,-0.0007,0.0029,0.1159,0.306
8917,8.917,-0.0039,-0.0049,-0.0018,0.0041,0.1434,0.2484
8918,8.918,0.002,0.0033,-0.0074,0.0029,0.1191,0.6183
8919,8.919,-0.005,-0.0022,-0.0028,0.0048,0.3658,0.859
8920,8.92,-0.0004,0.005,-0.0002,-0.0004,0.3334,0.3785
8921,8.921,-0.0029,-0.0014,0.0009,-0.0073,0.0646,-0.0703
8922,8.922,-0.0022,0.0028,-0.0018,-0.0119,-0.0441,-0.2458
8923,8.923,-0.0002,0.0035,-0.0043,-0.0041,-0.0773,-0.2993
8924,8.924,0.0003,0.0015,-0.0066,-0.0071,-0.1072,-0.2518
8925,8.925,0.0008,0.002,-0.0051,-0.0062,-0.1344,-0.2084
8926,8.926,-0.0027,-0.0009,-0.0028,-0.0037,-0.1099,-0.4068
8927,8.927,-0.0024,0.0007,-0.0036,0.0001,-0.3115,-0.948
8928,8.928,0.0024,-0.0015,-0.0037,0.0008,-0.3927,-0.5611
8929,8.929,-0.0018,-0.0003,-0.0031,0.005,-0.1705,-0.0674
8930,8.93,-0.0001,0.0022,-0.0043,0.0056,0.039,0.2541
8931,8.931,0.0025,0.0012,-0.0054,-0.0002,0.067,0.1974
8932,8.932,0.0021,0.0022,-0.0059,0.002,0.1413,0.251
8933,8.933,0.0077,-0.0003,-0.0045,0.0014,0.1195,0.2997
8934,8.934,0.0056,0,-0.0071,0.0031,0.0995,0.2565
8935,8.935,-0.0022,-0.0023,-0.0123,0.0014,0.1922,0.8522
8936,8.936,-0.0011,-0.0049,-0.0101,-0.0054,0.4449,0.7678
8937,8.937,-0.0019,-0.0045,-0.0094,0.0031,0.2647,0.2254
8938,8.938,-0.0028,0.0006,-0.0152,-0.0001,0.0344,-0.1276
8939,8.939,-0.0021,0.0013,-0.013,0.0009,-0.1153,-0.1928
8940,8.94,-0.0013,-0.0018,-0.0166,0.0018,-0.0886,-0.2513
8941,8.941,-0.0018,-0.0058,-0.0125,0.006,-0.1133,-0.3045
8942,8.942,-0.0001,-0.0043,-0.0143,0.0053,-0.1358,-0.1605
8943,8.943,-0.0026,0.0027,-0.0109,0.0004,-0.1157,-0.6409
8944,8.944,-0.0013,-0.0025,-0.0115,0.0035,-0.3934,-0.9609
8945,8.945,0.0016,0.0002,-0.0129,0.0006,-0.354,-0.4374
8946,8.946,-0.0009,-0.0006,-0.0173,-0.001,-0.1011,0.0565
8947,8.947,0.0001,-0.0013,-0.0124,-0.006,0.0639,0.2501
8948,8.948,-0.0002,0.0037,-0.0163,-0.0067,0.0943,0.3092
8949,8.949,0.004,0.0032,-0.0149,-0.0072,0.1217,0.2573
8950,8.95,0.0046,0.0037,-0.0194,-0.0056,0.1465,0.2098
8951,8.951,0.0017,-0.001,-0.015,-0.002,0.0795,0.4285
8952,8.952,0.0002,-0.0005,-0.0185,0.001,0.3034,0.9449
8953,8.953,0.0024,0,-0.0184,0.0013,0.393,0.5938
8954,8.954,0.0028,0.0036,-0.0213,0.0056,0.1489,0.0169
8955,8.955,0.0031,-0.0015,-0.0229,-0.0009,-0.0816,-0.2167
8956,8.956,0.0008,0.0021,-0.0204,0.0016,-0.1121,-0.2878
8957,8.957,0.0028,0.0041,-0.0171,0.0042,-0.1134,-0.2748
8958,8.958,0.0011,0.0084,-0.0201,0.0004,-0.1407,-0.2111
8959,8.959,0.0013,0.0067,-0.0222,0.0053,-0.1164,-0.2692
8960,8.96,0.0001,-0.0011,-0.0237,-0.0016,-0.1836,-0.8502
8961,8.961,0.0008,-0.0043,-0.0198,-0.0081,-0.4076,-0.7731
8962,8.962,-0.0005,-0.0053,-0.0108,-0.0056,-0.2587,-0.1392
8963,8.963,-0.001,-0.0061,0.004,-0.0078,-0.0141,0.1178
8964,8.964,0.0002,-0.0002,0.0138,-0.0001,0.0851,0.1966
8965,8.965,-0.0024,-0.0039,0.019,0.0009,0.1153,0.2676
8966,8.966,-0.0047,-0.0033,0.0237,-0.0037,0.1427,0.3321
8967,8.967,-0.0017,-0.0002,0.0248,-0.0063,0.1182,0.1581
8968,8.968,-0.0042,-0.0007,0.0258,-0.0056,0.096,0.5279
8969,8.969,-0.0025,-0.0013,0.0267,-0.0008,0.4011,0.7685
8970,8.97,-0.0002,-0.0016,0.0274,-0.005,0.3575,0.375
8971,8.971,0.0028,-0.0036,0.0343,-0.001,0.0793,-0.1022
8972,8.972,-0,-0.0026,0.0314,-0.0046,-0.1019,-0.1678
8973,8.973,-0.0026,-0.005,0.0353,0.0023,-0.0697,-0.2268
8974,8.974,-0.0002,-0.0054,0.0329,0.0033,-0.0998,-0.2803
8975,8.975,-0.0019,-0.0047,0.022,-0.0013,-0.1273,-0.2327
8976,8.976,-0.0026,-0.0008,0.0173,-0.0022,-0.103,-0.3638
8977,8.977,-0.002,0.0021,0.0323,0.0047,-0.3048,-0.9595
8978,8.978,0.0017,0.0026,0.0382,0.002,-0.4406,-0.5342
8979,8.979,0.0074,0.0003,0.0474,0.0062,-0.2188,0.0089
8980,8.98,0.0005,0.0059,0.0524,0.004,0.0503,0.2211
8981,8.981,-0.0022,0.0052,0.0324,0.0061,0.087,0.2861
8982,8.982,-0.0048,0.0016,0.0022,0.003,0.1202,0.3446
8983,8.983,-0.0026,0.0021,-0.0017,0.0047,0.1502,0.2922
8984,8.984,-0.0047,0.0016,-0.0052,0.0062,0.1232,0.2442
8985,8.985,-0.003,0.0001,-0.0084,0.002,0.1969,0.812
8986,8.986,-0.0002,0.0023,-0.0055,0.0015,0.4435,0.735
8987,8.987,-0.0028,0.0002,-0.0027,0.001,0.2794,0.2419
8988,8.988,-0.0079,-0.0008,-0.0002,-0.0033,0.0103,-0.2076
8989,8.989,-0.0059,0.0002,0.0022,-0.0016,-0.0986,-0.2671
8990,8.99,-0.0054,-0.0008,0.0003,0.0009,-0.0664,-0.3208
8991,8.991,-0.0025,-0.0027,-0.0013,0.0013,-0.0965,-0.2735
8992,8.992,-0.0041,-0.005,0.0006,0.0042,-0.1238,-0.2303
8993,8.993,-0.0011,-0.0027,-0.0007,0.0023,-0.0995,-0.5879
8994,8.994,0.0053,-0.0008,0.0036,0.0013,-0.3909,-0.9248
8995,8.995,0.0044,-0.0007,0.0002,0.0036,-0.3515,-0.4443
8996,8.996,0.0019,0.0031,-0.0004,-0.0001,-0.0988,0.1327
8997,8.997,0.0071,0.0005,-0.0053,0.0004,0.1316,0.2114
8998,8.998,0.0022,0.0027,0.0015,-0.0018,0.1021,0.2823
8999,8.999,0.0026,-0.0002,0.001,-0.0057,0.1294,0.3466
9000,9,0.0009,0.0017,-0.0055,-0.0021,0.1051,0.2887
9001,9.001,0.0034,0.0034,-0.0059,-0.0018,0.0828,0.3415
9002,9.002,0.0037,-0.0017,-0.0012,-0.0006,0.3067,0.9659
9003,9.003,0.0025,0.0018,-0.0059,-0.0031,0.3958,0.5394
9004,9.004,0.0006,0.0013,-0.0047,-0.0027,0.1514,-0.0035
9005,9.005,0.0029,0.0018,0,-0.001,-0.0789,-0.2155
9006,9.006,0.0005,0.0013,0.0011,-0.0003,-0.1092,-0.2804
9007,9.007,0.0018,0.001,-0.0019,0.0009,-0.1366,-0.3392
9008,9.008,-0.0021,-0.0002,-0.0017,0.0046,-0.1123,-0.2869
9009,9.009,0.0008,0.0008,0,0.0031,-0.0902,-0.2392
9010,9.01,-0.0028,0.0011,-0.0004,0.0019,-0.192,-0.8073
9011,9.011,0.0032,-0.004,0.0019,0.0031,-0.4327,-0.7296
9012,9.012,-0.001,-0.0019,-0.0026,0.0028,-0.2682,-0.2364
9013,9.013,0.0011,-0.0003,0.0001,0.0074,0.0007,0.2123
9014,9.014,0.0004,0.0026,-0.0051,0.0091,0.1092,0.271
9015,9.015,-0.0013,0.0021,-0.0052,0.005,0.1423,0.3243
9016,9.016,0.0004,0.0009,-0.0053,0.0046,0.1127,0.2766
9017,9.017,0.0039,-0.0002,-0.0017,0.0015,0.14,0.2332
9018,9.018,-0.0011,0.0008,-0.0041,-0.004,0.1155,0.5905
9019,9.019,0.0038,0.0018,-0.0052,-0.0033,0.362,0.9264
9020,9.02,-0.0005,0.0001,-0.0036,-0.0082,0.3288,0.4448
9021,9.021,0.0012,0.0008,-0.0036,-0.0051,0.0599,-0.1318
9022,9.022,0.0017,0.002,-0.0036,-0.0056,-0.121,-0.2101
9023,9.023,0.0014,-0.0017,-0.0043,-0.006,-0.0886,-0.2811
9024,9.024,0.0043,-0.0032,-0.0009,-0.0048,-0.1187,-0.3456
9025,9.025,0.0078,-0.002,-0.0031,-0.0059,-0.146,-0.2879
9026,9.026,0.0009,0.0036,-0.0032,-0.0034,-0.0725,-0.3409
9027,9.027,-0.0001,0.0058,0.0008,-0.0057,-0.2742,-0.9655
9028,9.028,-0.0028,-0.0049,-0.002,-0.0053,-0.4097,-0.5391
9029,9.029,-0.0019,0.0028,-0.0046,-0.0046,-0.1875,0.0037
9030,9.03,0.0003,-0.0013,-0.0054,-0.0007,0.0215,0.2155
9031,9.031,0.001,-0.0024,-0.0056,-0.0035,0.1031,0.2801
9032,9.032,-0.0031,-0.0056,-0.0004,-0.003,0.1279,0.3386
9033,9.033,0.001,-0.0046,-0.0067,0.0012,0.1504,0.2862
9034,9.034,0.0015,-0.0019,-0.0092,0.0041,0.0896,0.2383
9035,9.035,-0.0007,0.0006,-0.0039,0.0067,0.1823,0.8062
9036,9.036,-0.0018,-0.0031,-0.0032,0.0037,0.401,0.7282
9037,9.037,-0.0021,-0.0024,-0.0048,0.0034,0.2516,0.235
9038,9.038,-0.0044,0.0019,-0.0053,0.0008,0.0071,-0.2138
9039,9.039,-0.0034,-0.001,-0.0048,-0.0015,-0.0918,-0.2727
9040,9.04,-0.0003,-0.0015,-0.0036,-0.0012,-0.122,-0.3261
9041,9.041,-0.0023,0.0016,0.0028,0.0025,-0.1493,-0.2785
9042,9.042,0.0003,0.0028,-0.0057,0.002,-0.125,-0.2352
9043,9.043,-0.002,0.001,-0.0068,0.0043,-0.1028,-0.5924
9044,9.044,-0.0037,-0,-0.0058,0.0004,-0.3675,-0.9282
9045,9.045,0.0001,0.0003,-0.005,0.0029,-0.3313,-0.4466
9046,9.046,0.0017,0.002,-0.01,-0.0018,0.1074,0.2075
9047,9.047,0.002,0.0037,-0.0121,-0.0033,0.0807,0.2787
9048,9.048,0.004,0.0043,-0.0105,-0.003,0.1055,0.3433
9049,9.049,0.0057,-0.0035,-0.0089,0.0026,0.128,0.286
9050,9.05,0.004,-0.0003,-0.0115,0.0019,0.0672,0.3392
9051,9.051,0.0054,0.0028,-0.0128,0.0012,0.2709,0.868
9052,9.052,0.0015,0.0001,-0.0073,0.0017,0.4063,0.6571
9053,9.053,0.0011,-0.0008,-0.0111,-0.0023,0.1843,0.0808
9054,9.054,-0.0025,-0.0001,-0.0147,0.0055,-0.0248,-0.1523
9055,9.055,0.0006,0.002,-0.0118,0.0045,-0.1066,-0.2235
9056,9.056,0.0018,0.0015,-0.0124,0.0014,-0.1316,-0.2881
9057,9.057,-0.0014,-0.0011,-0.0076,0.0045,-0.1227,-0.2752
9058,9.058,0.0037,-0.0006,-0.0092,0.0036,-0.1007,-0.2176
9059,9.059,0.003,0.002,-0.0115,0.0028,-0.1617,-0.7989
9060,9.06,0.0025,-0.0049,-0.0136,0.0006,-0.4396,-0.8762
9061,9.061,-0.0015,0.0003,-0.0079,-0.0014,-0.2412,-0.2426
9062,9.062,0.001,-0.0024,0.0049,0.0016,0.0116,0.1843
9063,9.063,-0.0051,-0.0032,0.0178,-0.0048,0.1105,0.2627
9064,9.064,-0.0059,-0.0026,0.0262,0.0011,0.0812,0.3338
9065,9.065,-0.0037,-0.0019,0.0338,-0.0042,0.1086,0.2706
9066,9.066,-0.0044,-0.0014,0.0434,-0.0007,0.1335,0.2131
9067,9.067,-0.0049,0.0027,0.0396,-0.0101,0.1113,0.583
9068,9.068,-0.0009,0.0002,0.0567,-0.0088,0.376,0.9195
9069,9.069,-0.0004,-0.002,0.0543,-0.0026,0.34,0.4389
9070,9.07,-0.0016,-0.0009,0.0388,-0.0036,0.1101,-0.0097
9071,9.071,-0.0019,0.0049,0.0082,-0.0026,-0.0989,-0.185
9072,9.072,-0.0023,-0.001,-0.005,-0.0053,-0.0723,-0.2388
9073,9.073,-0.0046,0.0027,-0.0011,0.0006,-0.1464,-0.2876
9074,9.074,-0.0003,0.002,-0.0046,0.0028,-0.1242,-0.2446
9075,9.075,0.0014,0.0015,-0.0013,0.0021,-0.1041,-0.3639
9076,9.076,-0.0021,-0.0002,0.0017,-0.0009,-0.2708,-0.9053
9077,9.077,-0.0018,0.0023,-0.001,0.002,-0.4276,-0.6732
9078,9.078,-0.0083,0.002,0.0015,-0.0027,-0.1628,-0.0394
9079,9.079,-0.0091,0.0031,0.0081,0.0015,0.0181,0.2171
9080,9.08,-0.0066,0.0021,0.002,0.002,0.1172,0.2954
9081,9.081,-0.006,0.0011,0.0038,-0.0016,0.1474,0.2259
9082,9.082,0.0004,0.0001,0.0022,0.0006,0.1207,0.2903
9083,9.083,-0.0004,-0.003,0.0038,-0.0032,0.0473,0.2328
9084,9.084,-0.0011,-0.001,0.0079,0.0015,0.1596,0.814
9085,9.085,-0.0005,-0.0067,0.0042,0.002,0.4244,0.7367
9086,9.086,0.0012,-0.0025,0.0053,0.0025,0.2441,0.2439
9087,9.087,0.004,-0.0018,0.0002,0.0041,0.0142,-0.2048
9088,9.088,0.0076,-0.0054,0.003,0.0063,-0.0755,-0.264
9089,9.089,0.0054,-0.0059,0.0073,0.0015,-0.1029,-0.3176
9090,9.09,0.005,-0.0054,0.0022,0.0032,-0.1276,-0.2702
9091,9.091,0.0014,-0.0038,-0.0026,0.0003,-0.1054,-0.3143
9092,9.092,0.0026,-0.0016,-0.003,0.0029,-0.0852,-0.6719
9093,9.093,0.0038,-0.0036,-0.0012,-0.0002,-0.3629,-1.0083
9094,9.094,-0.0005,0.0021,-0.0058,0.0019,-0.3232,-0.4401
9095,9.095,0.0012,0.0029,0.0001,-0.0007,-0.0704,0.1026
9096,9.096,0.0027,0.0051,-0.0097,0.0025,0.0942,0.3145
9097,9.097,0.0023,0.0002,-0.0027,0.0013,0.1247,0.2515
9098,9.098,0.0003,0.0033,-0.0062,0.001,0.1523,0.3103
9099,9.099,0.0045,0.0028,-0.0051,-0.0036,0.1281,0.2581
9100,9.1,0.0028,0.0033,-0.0059,-0.0019,0.1061,0.4024
9101,9.101,0.0003,0.0075,-0.0066,-0.0048,0.2895,0.9704
9102,9.102,0.0025,0.0034,-0.0039,-0.0084,0.4129,0.5838
9103,9.103,0.0013,-0.0023,-0.0031,-0.0081,0.1664,0.0905
9104,9.104,0.0009,-0.0016,-0.0065,-0.0061,-0.0639,-0.2309
9105,9.105,0.0013,0.0033,-0.0094,-0.0025,-0.0942,-0.1741
9106,9.106,0.0043,0.005,-0.004,0.0025,-0.1216,-0.2277
9107,9.107,0.0024,-0.0003,-0.0031,0.0019,-0.1464,-0.2763
9108,9.108,-0.0008,0.0032,-0.0046,0.0088,-0.1242,-0.233
9109,9.109,-0.002,-0.001,-0.0039,0.0079,-0.1851,-0.7494
9110,9.11,0.0023,-0.0039,-0.0053,0.0071,-0.4259,-0.8201
9111,9.111,0.0039,-0.0034,-0.0102,0.0064,-0.2618,-0.244
9112,9.112,0.0024,-0.0003,-0.0093,0.0014,-0.0526,0.1447
9113,9.113,0.0021,-0.0024,-0.0049,0.0045,0.0838,0.2163
9114,9.114,0.0024,-0.0014,-0.0042,0.005,0.1089,0.281
9115,9.115,-0.0001,0.0025,-0.0066,0.0002,0.1316,0.3396
9116,9.116,-0.0004,0.001,-0.0061,-0.0067,0.1116,0.1815
9117,9.117,-0.0028,0.0022,-0.0064,-0.004,0.0933,0.5178
9118,9.118,0.0015,-0.0007,-0.0082,-0.0032,0.3458,0.9113
9119,9.119,-0.0027,0.0044,-0.0114,-0.0054,0.3101,0.4355
9120,9.12,0.0025,-0.0021,-0.0094,-0.0034,0.08,-0.0138
9121,9.121,-0.001,0.0022,-0.0084,-0.0091,-0.0698,-0.1897
9122,9.122,-0.0026,0.0015,-0.0095,-0.0039,-0.0974,-0.2436
9123,9.123,-0.0021,0.0022,-0.0093,-0.0046,-0.1221,-0.2924
9124,9.124,-0.0006,0.0017,-0.0053,-0.0029,-0.1,-0.2494
9125,9.125,-0.0047,-0.0012,0.004,-0.0046,-0.0798,-0.3687
9126,9.126,-0.0018,-0.0007,0.0246,-0.003,-0.2835,-0.9102
9127,9.127,-0.0023,-0.0037,0.0392,0.0039,-0.4191,-0.6785
9128,9.128,0.0008,-0.0025,0.047,0.0009,-0.1973,-0.0446
9129,9.129,-0.0004,-0.0015,0.0491,0.0055,0.072,0.2122
9130,9.13,-0.0022,-0.0018,0.0195,0.0012,0.1087,0.2906
9131,9.131,0.0017,0.0012,0.0072,0.0035,0.142,0.2209
9132,9.132,-0.003,-0.0023,-0.004,-0.0001,0.1125,0.2851
9133,9.133,-0.0025,-0.0035,-0.0013,0.0016,0.0857,0.2272
9134,9.134,0.0004,-0.0038,-0.0045,0.0021,0.1595,0.8082
9135,9.135,-0.001,0.002,-0.0022,-0.0036,0.406,0.7311
9136,9.136,0.0002,-0.0023,-0.0003,-0.0029,0.242,0.2381
9137,9.137,0.0014,-0.0001,-0.003,-0.0008,0.0328,-0.2112
9138,9.138,-0.0004,-0.0007,-0.0055,0.0061,-0.1034,-0.2708
9139,9.139,-0.0007,-0.0002,-0.0115,0.0034,-0.0794,-0.3244
9140,9.14,-0.0004,-0.0007,-0.0069,0.0009,-0.102,-0.2771
9141,9.141,0.0015,-0.0022,-0.009,0.0016,-0.1225,-0.2339
9142,9.142,-0.0002,0.0047,-0.0082,0.0023,-0.1043,-0.5915
9143,9.143,0.0031,0.0017,-0.0099,0.0066,-0.3568,-0.9283
9144,9.144,0.0034,-0.0029,-0.0115,0.0014,-0.321,-0.4479
9145,9.145,-0.0008,0.0031,-0.0193,-0.0022,-0.0909,0.1292
9146,9.146,0.0032,-0.0006,-0.0153,0.0036,0.0589,0.2081
9147,9.147,-0.0035,-0.0027,-0.0099,-0.0001,0.0865,0.2792
9148,9.148,-0.0027,0.0004,-0.0112,0.0064,0.1113,0.3437
9149,9.149,-0.0018,0.0009,-0.0153,0.0056,0.1339,0.2861
9150,9.15,-0.0012,0.0004,-0.0142,0.0035,0.1137,0.3389
9151,9.151,0.0009,-0.0026,-0.0188,0.0042,0.2804,0.8674
9152,9.152,0.0014,0.0013,-0.0199,-0.0015,0.3924,0.6568
9153,9.153,-0.0039,0.0048,-0.0202,0.0007,0.1684,0.0799
9154,9.154,0.0025,0.0045,-0.0187,0.0001,-0.0409,-0.1541
9155,9.155,-0.0034,0.0073,-0.0203,-0.0041,-0.0688,-0.2256
9156,9.156,0.0035,0.0016,-0.0247,-0.0036,-0.0939,-0.2905
9157,9.157,-0.0011,0.0041,-0.0175,0.0012,-0.1165,-0.2332
9158,9.158,-0.0006,0.001,-0.0202,0.0022,-0.0973,-0.232
9159,9.159,0.0019,-0.0027,-0.0197,0.0018,-0.1584,-0.8133
9160,9.16,-0.0033,0.0009,-0.0213,0.0023,-0.3993,-0.8913
9161,9.161,0.0015,0.0025,-0.0226,-0.0002,-0.3011,-0.2577
9162,9.162,-0.0042,-0.0039,-0.0222,-0.0024,-0.032,0.1696
9163,9.163,0.0027,-0.0014,-0.0112,-0.0036,0.0768,0.2481
9164,9.164,-0.0019,0.0008,0.0002,-0.0025,0.1101,0.3187
9165,9.165,0.0006,-0.0028,0.0136,-0.0049,0.1402,0.2553
9166,9.166,-0.0017,-0.0011,0.0188,-0.0032,0.1133,0.1975
9167,9.167,-0.0052,-0.0028,0.0235,0.001,0.0889,0.567
9168,9.168,-0.0036,0.0008,0.0216,-0.002,0.3802,0.9034
9169,9.169,-0.0077,0.0004,0.0226,0.0009,0.3408,0.4225
9170,9.17,-0.0041,0.0024,0.0286,0.0034,0.0879,-0.0269
9171,9.171,-0.0011,-0.0018,0.0315,0.0012,-0.1426,-0.2028
9172,9.172,0.0017,0.001,0.0282,0.0008,-0.1133,-0.2566
9173,9.173,0.0007,-0.0057,0.0325,-0.001,-0.1407,-0.3056
9174,9.174,0.0003,-0.0012,0.0348,-0.0007,-0.1165,-0.2627
9175,9.175,0.0006,-0.0054,0.0353,-0.0024,-0.0942,-0.3027
9176,9.176,0.0007,-0.0092,0.0444,0.0001,-0.2366,-0.8444
9177,9.177,0.0036,-0.0043,0.0381,-0.0031,-0.4034,-0.6127
9178,9.178,0.0017,-0.006,0.0505,-0.0028,-0.2016,-0.1195
9179,9.179,0.0013,-0.0055,0.0589,-0.0046,0.043,0.2018
9180,9.18,0.003,-0.002,0.0512,-0.003,0.1422,0.261
9181,9.181,0.0011,-0.0009,0.0304,0.0021,0.1129,0.3144
9182,9.182,0.004,0.003,-0.0027,0.0001,0.1403,0.2667
9183,9.183,-0.0003,0.0045,-0.0071,-0.0057,0.116,0.2231
9184,9.184,0.0002,0.0023,-0.0032,-0.0035,0.1832,0.7392
9185,9.185,0.0017,0.0003,-0.0067,0.0029,0.4071,0.6694
9186,9.186,0.0029,-0.0008,-0.0034,0.0003,0.2582,0.221
9187,9.187,0.0017,-0.0018,-0.0062,-0.0004,0.0137,-0.1874
9188,9.188,0.0006,0.0033,0.0021,-0.0011,-0.0855,-0.2417
9189,9.189,-0.0011,0.0053,-0.0001,-0.0053,-0.1159,-0.2907
9190,9.19,0.0019,0.0022,0.0067,-0.0025,-0.0891,-0.2478
9191,9.191,0,0.0027,0.0049,-0.002,-0.1138,-0.2087
9192,9.192,0.0039,0.0012,-0.0041,-0.0009,-0.0916,-0.5336
9193,9.193,0.0013,0.0008,-0.0022,-0.0074,-0.3562,-0.9271
9194,9.194,0.0001,-0.0012,-0.0003,-0.0047,-0.3925,-0.4515
9195,9.195,-0.0019,0.0039,0.0014,-0.0089,-0.0968,0.1257
9196,9.196,0.0016,-0.0011,-0.002,-0.0083,0.1024,0.2047
9197,9.197,0.0012,0.0006,0.0017,-0.0104,0.067,0.2759
9198,9.198,0.0016,-0.0034,-0.0052,-0.0099,0.1002,0.3405
9199,9.199,-0.0027,0.0013,-0.002,-0.0023,0.1302,0.283
9200,9.2,-0.001,0.0043,0.0027,0.0071,0.1032,0.3361
9201,9.201,0.0015,0.0048,-0.0005,0.0059,0.2757,0.8647
9202,9.202,0.0037,0.0023,-0.0007,0.0069,0.3879,0.6541
9203,9.203,-0.0028,0.0011,-0.0032,0.0078,0.2045,0.0774
9204,9.204,-0.0019,0.0014,0.0014,0.0069,-0.0179,-0.1564
9205,9.205,-0.0011,0.001,-0.0037,0.0044,-0.1079,-0.2278
9206,9.206,0.0011,0.0034,0.0006,0.0036,-0.1354,-0.2924
9207,9.207,0.0004,0.0004,-0.0081,0.0056,-0.1111,-0.3509
9208,9.208,0.0035,0.0014,-0.0012,0.0073,-0.089,-0.1929
9209,9.209,0.0018,-0.0039,-0.0038,0.0089,-0.15,-0.8176
9210,9.21,0.0053,-0.0002,-0.0062,0.0064,-0.4279,-0.9031
9211,9.211,-0.0016,-0.0022,-0.0064,0.006,-0.3091,-0.206
9212,9.212,-0.0026,-0.0005,-0.0032,0.0039,-0.0561,0.2638
9213,9.213,0.0001,-0.0022,-0.0047,0.0014,0.1087,0.1803
9214,9.214,-0.0025,-0.0027,-0.0034,0.0046,0.139,0.2584
9215,9.215,-0.0032,0.0034,-0.0044,0.0016,0.1123,0.3293
9216,9.216,-0.0038,-0.0008,-0.0032,0.0026,0.1371,0.2656
9217,9.217,-0.0033,0.0014,-0.001,-0.0013,0.1149,0.5563
9218,9.218,-0.0028,0.0007,-0.0007,0.0055,0.3795,0.9263
9219,9.219,0.0008,0.0002,-0.0031,0.0009,0.3437,0.3977
9220,9.22,0.0019,-0.0026,-0.0035,0,0.048,-0.0959
9221,9.221,-0.0001,-0.0041,-0.0027,-0.0006,-0.0716,-0.1613
9222,9.222,0.0003,-0.0011,-0.0019,0.0043,-0.1082,-0.2202
9223,9.223,-0.0021,0.0018,-0.0022,0.0026,-0.1414,-0.2735
9224,9.224,-0.0024,0.0008,-0.0016,-0.0015,-0.1119,-0.2259
9225,9.225,-0.0005,0.0054,0.0014,0,-0.085,-0.3571
9226,9.226,-0.0003,0.0012,0.0007,0.0012,-0.2574,-0.9526
9227,9.227,0.0034,0.004,-0.0041,-0.0036,-0.4144,-0.6976
9228,9.228,0.003,0.0015,-0.0032,-0.0066,-0.1905,-0.1547
9229,9.229,0.0008,0.0038,-0.0072,-0.0049,0.0188,0.1986
9230,9.23,-0.0031,-0.0001,-0.0041,-0.0034,0.1007,0.2637
9231,9.231,-0.0025,-0.0036,-0.0065,-0.0022,0.1257,0.3225
9232,9.232,-0.0047,-0.0078,-0.0033,-0.0002,0.1483,0.2703
9233,9.233,0.0001,-0.0049,-0.0053,-0.0052,0.1282,0.2225
9234,9.234,0.0018,-0.0034,-0.0078,-0.0059,0.1467,0.7031
9235,9.235,-0.001,0.0009,-0.0025,-0.0016,0.3992,0.7675
9236,9.236,0.0025,-0.0031,-0.011,0.0013,0.2911,0.2437
9237,9.237,0.0029,-0.0016,-0.0054,0.0049,0.0608,-0.1094
9238,9.238,0.005,-0.0004,-0.0045,0.0027,-0.0891,-0.1746
9239,9.239,0.0031,0.0026,-0.0054,0.0031,-0.1167,-0.2334
9240,9.24,0.0028,0.0016,-0.0063,0.0041,-0.1416,-0.2866
9241,9.241,0.0039,0.0055,-0.0086,-0.0011,-0.1195,-0.2388
9242,9.242,0.0041,-0.0002,-0.0107,-0.0047,-0.0993,-0.5444
9243,9.243,0.0002,0.0035,-0.0091,-0.004,-0.3402,-0.9812
9244,9.244,0.0019,-0.0042,-0.011,-0.0009,-0.3732,-0.4579
9245,9.245,0.0014,0.0031,-0.0127,-0.0004,-0.1045,0.0359
9246,9.246,-0.0008,-0.0033,-0.0098,0.0002,0.0766,0.2295
9247,9.247,0.0013,0.0045,-0.0103,0.0014,0.11,0.2887
9248,9.248,-0.0013,0.0014,-0.008,-0.0024,0.14,0.2368
9249,9.249,-0.0016,0.0023,-0.0114,0.0012,0.1131,0.2855
9250,9.25,0.0015,0.0032,-0.0104,-0.001,0.0887,0.3296
9251,9.251,-0.0043,0.0039,-0.0164,-0.0056,0.2456,0.9254
9252,9.252,-0.0018,0.0004,-0.0089,0.0002,0.388,0.6705
9253,9.253,0.0005,-0.0027,-0.0143,0.0024,0.1842,0.1278
9254,9.254,-0.0002,-0.0009,-0.0043,-0.0011,-0.0606,-0.2253
9255,9.255,-0.0033,-0.0014,-0.0114,0.0007,-0.0941,-0.2904
9256,9.256,0.002,-0.0026,-0.0179,0.0024,-0.1245,-0.2331
9257,9.257,-0.0016,-0.0005,-0.015,0.0029,-0.0978,-0.2864
9258,9.258,-0.0011,-0.0001,-0.0142,-0.0001,-0.1226,-0.2386
9259,9.259,0.0023,-0.0033,-0.015,-0.004,-0.1517,-0.7697
9260,9.26,-0.0006,-0.0043,-0.0125,0.0025,-0.3983,-0.8138
9261,9.261,0.002,0.0008,-0.0153,0.0017,-0.3001,-0.2969
9262,9.262,0.0031,0.0028,-0.0118,0.0008,-0.0312,0.1971
9263,9.263,-0.0008,-0.0014,-0.0213,0.0093,0.0775,0.2628
9264,9.264,-0.0033,-0.0043,-0.0026,-0.001,0.1108,0.3216
9265,9.265,-0.0011,-0.0058,0.0164,0.0004,0.1408,0.2695
9266,9.266,0.0009,-0.0015,0.0285,-0.0008,0.1139,0.222
9267,9.267,-0.001,0.0014,0.0306,-0.0018,0.0894,0.528
9268,9.268,0.0007,0.0009,0.0405,0.0013,0.3358,0.8858
9269,9.269,-0.0024,-0.0021,0.046,-0.0033,0.3031,0.4534
9270,9.27,-0.0027,0.0043,0.0408,-0.0008,0.0941,-0.0712
9271,9.271,-0.001,0.0016,0.03,-0.0001,-0.0424,-0.2834
9272,9.272,-0.0007,0.0008,0.0258,0.0035,-0.0676,-0.2203
9273,9.273,-0.005,0.0014,0.0371,0.0018,-0.0904,-0.2787
9274,9.274,-0.0067,0.0079,0.0477,0.0001,-0.1111,-0.2263
9275,9.275,-0.0072,0.0001,0.0463,0.0006,-0.0929,-0.2745
9276,9.276,-0.0057,-0.0029,0.0273,0.0036,-0.2445,-0.9299
9277,9.277,-0.0026,-0.0002,-0.0028,0.0039,-0.3871,-0.6492
9278,9.278,0.0002,0.0006,0.0011,0.0036,-0.1835,-0.0521
9279,9.279,-0.0023,-0.0001,-0.0024,0.0019,0.0068,0.1818
9280,9.28,-0.0007,-0.0007,0.0008,-0.0005,0.0811,0.2535
9281,9.281,0.001,-0.0002,-0.002,-0.0048,0.1486,0.3184
9282,9.282,-0.0033,-0.0008,0.0008,-0.0053,0.1285,0.261
9283,9.283,-0.0075,-0.0023,0.0033,-0.0117,0.1102,0.2086
9284,9.284,-0.0047,-0.0011,0.0057,-0.0109,0.1606,0.7373
9285,9.285,-0.0011,0.0009,0.0038,-0.0025,0.3901,0.8081
9286,9.286,0.0001,-0.0034,0.0096,-0.0015,0.2917,0.232
9287,9.287,0.0029,-0.0017,0.0081,-0.0046,0.0226,-0.1563
9288,9.288,0.0026,-0.0064,0.0068,-0,-0.0863,-0.2277
9289,9.289,0.0002,0.0018,0.0057,-0.0026,-0.1198,-0.2923
9290,9.29,0.0046,0.005,0.0022,0.0011,-0.15,-0.3509
9291,9.291,0.0051,0.006,0.0057,-0.0025,-0.1232,-0.1929
9292,9.292,0.0076,0.0015,0.003,0.0005,-0.0989,-0.5293
9293,9.293,0.0045,0.0023,0.0006,-0.0059,-0.3455,-0.9227
9294,9.294,0.0049,0.006,0.0018,-0.0051,-0.3785,-0.447
9295,9.295,0.0023,-0.0018,0.0059,-0.0029,-0.1098,0.0024
9296,9.296,0.0069,-0.0029,0.0027,0.0006,0.0713,0.1783
9297,9.297,0.0038,-0.0002,0.0026,0.0023,0.1047,0.2322
9298,9.298,0.0033,-0.0044,-0.0022,0.0005,0.1348,0.2809
9299,9.299,0.0028,0.0008,-0.0011,-0.001,0.108,0.2378
9300,9.3,0.005,-0.0028,-0.0024,0.0012,0.0836,0.3571
9301,9.301,0.0021,-0.0011,-0.0024,0.0015,0.2404,0.8984
9302,9.302,0.0017,-0.0064,-0.0035,0.004,0.4238,0.6667
9303,9.303,-0.0006,-0.0029,-0.0026,0.0043,0.202,0.1735
9304,9.304,0.0024,-0.0112,-0.0018,0.0066,-0.0073,-0.1478
9305,9.305,0.0014,-0.0034,0.0029,0.0041,-0.0892,-0.207
9306,9.306,0.0017,-0.0025,0.0006,0.0057,-0.1142,-0.2606
9307,9.307,-0.002,0.0021,-0.0067,0.0027,-0.1368,-0.3091
9308,9.308,-0.0008,-0.0005,0.0016,0.003,-0.1167,-0.1784
9309,9.309,-0.0028,0.0047,-0.0031,0.0006,-0.1352,-0.774
9310,9.31,-0.0018,0.0011,-0.0017,0.0023,-0.3876,-0.8596
9311,9.311,-0.0008,0.0028,-0.002,-0.0019,-0.2796,-0.3173
9312,9.312,0.0002,0.0033,-0.0036,-0.0024,-0.0492,0.1765
9313,9.313,-0.0004,0.0007,-0.0038,-0.0053,0.1006,0.2421
9314,9.314,0.0019,-0.0015,-0.0002,-0.0028,0.1283,0.3008
9315,9.315,-0.0004,-0.0019,-0.0025,0.0023,0.1042,0.2488
9316,9.316,-0.0023,-0.0061,-0.0014,0.0016,0.1269,0.2012
9317,9.317,-0.0006,-0.0009,-0.0038,-0.0027,0.1067,0.5071
9318,9.318,-0.0028,0.0027,-0.0012,-0.001,0.3476,0.944
9319,9.319,0.001,0.0069,-0.0042,0.0047,0.3807,0.4209
9320,9.32,0.0005,0.0004,0.0024,0.001,0.1119,-0.0727
9321,9.321,-0.0037,0.003,-0.0048,0.0045,-0.0691,-0.2662
9322,9.322,-0.0008,-0.0008,0.0029,0.0028,-0.1024,-0.2091
9323,9.323,-0.0013,0.0041,0.0006,0.0023,-0.1324,-0.2626
9324,9.324,0.0009,-0.0017,0.0002,0.0008,-0.1055,-0.2151
9325,9.325,-0.0003,0.0053,-0.0002,-0.0004,-0.0811,-0.3462
9326,9.326,-0.0028,0.0025,0.0022,-0.0024,-0.238,-0.9419
9327,9.327,0.0011,0.0017,0.0019,-0.0021,-0.4212,-0.6871
9328,9.328,-0.0004,0.001,0.0017,-0.0011,-0.1993,-0.1442
9329,9.329,0.0009,0.0045,-0.0006,-0.0001,0.01,0.209
9330,9.33,0.0073,0.0015,-0.0007,0.003,0.092,0.2741
9331,9.331,0.0009,0.001,0.0006,0.0042,0.1171,0.3327
9332,9.332,0.0001,0.0025,-0.0003,0.0023,0.1398,0.2805
9333,9.333,-0.0036,0.0037,-0.0034,0.0055,0.1198,0.2328
9334,9.334,-0.0042,-0.0011,0.0031,0.0052,0.1384,0.7132
9335,9.335,-0.0025,-0.0016,0.0023,0.001,0.391,0.7775
9336,9.336,-0.0007,-0.001,0.0032,0.005,0.283,0.2537
9337,9.337,-0.0043,0.0005,-0.0038,0.0003,0.0528,-0.0995
9338,9.338,-0.003,0.0002,-0.003,0.002,-0.097,-0.1649
9339,9.339,0.0026,-0.0046,0.0011,-0.0008,-0.1245,-0.2238
9340,9.34,0.0004,-0.0015,-0.0013,-0.0023,-0.1492,-0.2772
9341,9.341,0.0012,-0.001,-0.0021,-0.002,-0.127,-0.2295
9342,9.342,-0.003,0.0038,-0.004,-0.0016,-0.1068,-0.5353
9343,9.343,-0.0013,-0.0005,-0.0072,-0.0041,-0.3475,-0.9722
9344,9.344,0.0003,0.0024,-0.0101,-0.0051,-0.3804,-0.4491
9345,9.345,-0.0009,0.0019,-0.0062,-0.006,-0.1115,0.0447
9346,9.346,-0.0012,-0.0011,-0.0072,-0.0041,0.0697,0.2381
9347,9.347,0.0031,-0.0031,-0.0092,-0.0002,0.1032,0.297
9348,9.348,-0.0009,-0.0013,-0.0084,0.0039,0.1335,0.245
9349,9.349,0.0006,-0.0009,-0.0042,0.0035,0.1068,0.2936
9350,9.35,-0.0016,0.0001,-0.0052,0.0005,0.0826,0.3375
9351,9.351,0.0013,0.002,-0.0097,0.0009,0.2396,0.8538
9352,9.352,0.0024,-0.0019,-0.0087,-0.0026,0.4231,0.6434
9353,9.353,-0.0029,-0.0014,-0.0123,-0.0038,0.2014,0.0669
9354,9.354,0.0009,0.0033,-0.0141,-0.0058,-0.0076,-0.1667
9355,9.355,0.0029,0.0003,-0.0128,-0.0061,-0.0894,-0.2382
9356,9.356,0.0071,0.0043,-0.0118,-0.0028,-0.1143,-0.3027
9357,9.357,0.0019,0.0008,-0.0127,-0.0067,-0.1369,-0.2453
9358,9.358,0.0012,-0.0022,-0.012,-0.0042,-0.1167,-0.1928
9359,9.359,0.0007,0.0025,-0.0134,-0.0063,-0.1351,-0.7212
9360,9.36,0.0009,-0.0019,-0.0183,0.0001,-0.4181,-0.8495
9361,9.361,0.0004,-0.0014,-0.0163,0.0021,-0.3004,-0.3568
9362,9.362,-0.0011,-0.0042,-0.0209,0.0031,-0.0702,0.2203
9363,9.363,0.0001,-0.0017,-0.0201,0.007,0.0947,0.1445
9364,9.364,-0.0003,-0.002,-0.023,0.0023,0.1251,0.2155
9365,9.365,-0.0021,-0.0049,-0.0249,0.004,0.1526,0.28
9366,9.366,0.0031,-0.0024,-0.022,0.0057,0.1283,0.2222
9367,9.367,0.0009,0.0015,-0.0224,0.0082,0.1061,0.4864
9368,9.368,0.0016,-0.0042,-0.027,0.0031,0.3707,0.919
9369,9.369,-0.0015,0.001,-0.021,0.0024,0.3349,0.5123
9370,9.37,0.0014,0.0003,-0.0076,-0.0006,0.1049,-0.0703
9371,9.371,-0.0012,-0.0002,0.0101,0.001,-0.0449,-0.1492
9372,9.372,0.001,0.0051,0.0167,0.0025,-0.0726,-0.2206
9373,9.373,-0.0019,0.0001,0.0226,-0.0005,-0.0976,-0.2852
9374,9.374,-0.0009,-0.0029,0.028,0.0023,-0.1203,-0.2277
9375,9.375,0.0043,0.0012,0.0181,0.0004,-0.1002,-0.2808
9376,9.376,-0.0026,-0.0004,-0.0012,0.0001,-0.2299,-0.9056
9377,9.377,-0.0035,-0.0016,-0.0141,-0.001,-0.4152,-0.6508
9378,9.378,-0.0027,-0.0019,0.01,-0.0003,-0.2428,-0.108
9379,9.379,-0.0005,-0.0016,0.0126,-0.0002,0.0043,0.245
9380,9.38,-0.0026,-0.0033,0.0149,-0.004,0.1034,0.1822
9381,9.381,-0.0031,-0.0009,0.0225,-0.0076,0.1335,0.2408
9382,9.382,-0.0037,0.0021,0.0293,-0.0007,0.1067,0.2941
9383,9.383,-0.0012,-0.0008,0.0222,-0.0037,0.1314,0.2462
9384,9.384,0.001,-0.0066,0.0238,0.0066,0.1537,0.7266
9385,9.385,-0.0029,-0.0091,0.0252,0.0025,0.4183,0.7909
9386,9.386,0.0006,0.0008,0.0299,0.0012,0.3103,0.2671
9387,9.387,0.0009,-0.0033,0.0311,0.0022,0.0143,-0.0862
9388,9.388,-0.0056,-0.0021,0.0267,-0.0051,-0.1054,-0.2796
9389,9.389,-0.0083,0.0035,0.0276,-0.0079,-0.1421,-0.3385
9390,9.39,-0.0024,0.0045,0.0305,-0.0054,-0.1097,-0.2864
9391,9.391,-0.0077,0.0053,0.0418,-0.0077,-0.1398,-0.2389
9392,9.392,-0.0013,0.001,0.0461,-0.0097,-0.1129,-0.4576
9393,9.393,-0.0022,0.0032,0.0556,-0.0103,-0.3348,-0.9743
9394,9.394,-0.0015,0.0012,0.0492,-0.0121,-0.3648,-0.4823
9395,9.395,0.0005,0.0069,0.0366,-0.0043,-0.1206,0.0947
9396,9.396,0.001,0.0047,0.0112,-0.0034,0.0442,0.1735
9397,9.397,0.0026,-0.0018,-0.0069,-0.0024,0.0745,0.2446
9398,9.398,0.0031,-0.0043,-0.0037,-0.0015,0.1019,0.309
9399,9.399,0.0034,0.0009,-0.0065,0.001,0.1266,0.2514
9400,9.4,0.003,0.0058,-0.0037,0.0003,0.0595,0.3043
9401,9.401,0.0026,0.0041,-0.006,0.0067,0.2018,0.8329
9402,9.402,0.005,0.0046,-0.0036,-0.0011,0.3686,0.6223
9403,9.403,0.0026,0.001,-0.0014,-0.0001,0.2116,0.1734
9404,9.404,0.0019,-0.0021,-0.003,0.0026,-0.0129,-0.235
9405,9.405,0.002,0.0018,0.0023,0.0104,-0.0434,-0.1835
9406,9.406,-0.0002,0.0013,0.0011,0.0093,-0.1252,-0.3283
9407,9.407,0.0004,0.0001,0.0027,0.0048,-0.101,-0.3726
9408,9.408,-0.0025,-0.0011,0.0019,0.0039,-0.1236,-0.2541
9409,9.409,0,-0.0021,-0.0009,0.0076,-0.1441,-0.651
9410,9.41,0.001,-0.0025,-0.0058,0.0096,-0.3849,-0.8097
9411,9.411,0.0034,-0.0015,0.0011,0.0039,-0.2867,-0.2807
9412,9.412,-0.0009,-0.0017,-0.0027,0.0076,-0.0776,0.2132
9413,9.413,0.0021,0.0017,-0.0028,0.0055,0.1127,0.2787
9414,9.414,-0.0008,0.0005,-0.0016,0.0025,0.1377,0.3375
9415,9.415,0.0018,-0.0024,-0.0028,0.002,0.1604,0.2853
9416,9.416,0.0039,-0.0005,-0.0039,0.0035,0.1404,0.2378
9417,9.417,0.0036,0.0027,-0.0028,0.0031,0.122,0.4565
9418,9.418,0.0026,-0.0002,-0.0035,-0.0024,0.3408,0.8935
9419,9.419,0.0022,0.0002,-0.0041,-0.0018,0.3708,0.487
9420,9.42,-0.0022,-0.003,0.0007,-0.0024,0.1265,0.0101
9421,9.421,0.003,-0.0002,-0.0016,-0.0019,-0.0384,-0.1833
9422,9.422,-0.0005,-0.0027,0.0004,0.0045,-0.0688,-0.2421
9423,9.423,0.0026,-0.001,-0.0059,0.0019,-0.0962,-0.2953
9424,9.424,-0.0015,-0.004,-0.0024,0.0042,-0.121,-0.2477
9425,9.425,0,-0.0022,-0.0011,0.0021,-0.0989,-0.2914
9426,9.426,0.0051,-0.0018,-0.0065,-0.0009,-0.2412,-0.8865
9427,9.427,0.0003,0.0019,-0.0024,0.0008,-0.408,-0.6313
9428,9.428,0.0033,0.0007,-0.0014,-0.0017,-0.2063,-0.0883
9429,9.429,0.0005,0.0011,-0.0068,0.0005,0.0383,0.2651
9430,9.43,0.002,0.0008,-0.0042,-0.0015,0.0719,0.2027
9431,9.431,-0.001,-0.0002,-0.0089,-0.0057,0.1021,0.2616
9432,9.432,0.0019,0.0042,-0.0081,-0.004,0.1295,0.315
9433,9.433,-0.0039,0.0026,-0.005,-0.0034,0.1051,0.1714
9434,9.434,-0.0013,0.0011,-0.0002,-0.0045,0.1276,0.6521
9435,9.435,-0.002,-0.0001,-0.0058,0.0011,0.3924,0.8445
9436,9.436,-0.004,-0.0021,-0.0064,0.0004,0.2844,0.321
9437,9.437,-0.0082,-0.001,-0.0083,0.0025,0.0542,-0.1727
9438,9.438,0.0007,-0.0027,-0.0066,0.0068,-0.0957,-0.2379
9439,9.439,-0.0005,-0.001,-0.006,0.0073,-0.1233,-0.2966
9440,9.44,-0.0015,-0.0016,-0.0118,0.0048,-0.1481,-0.2443
9441,9.441,0.0016,0.0018,-0.0111,0.0036,-0.1261,-0.1964
9442,9.442,0.0008,0.0041,-0.0063,-0.0011,-0.1059,-0.5021
9443,9.443,-0,-0.0006,-0.0069,0.0006,-0.3467,-0.9389
9444,9.444,0.0022,0.0011,-0.0087,-0.0081,-0.3797,-0.5321
9445,9.445,0.0002,0.0016,-0.0124,-0.0143,-0.1109,0.0507
9446,9.446,0.0019,0.0012,-0.0096,-0.0065,0.0702,0.2846
9447,9.447,0.0048,0.0054,-0.011,-0.0117,0.1036,0.2156
9448,9.448,-0.0009,0.0037,-0.0149,-0.0108,0.1338,0.2802
9449,9.449,0.0013,-0.001,-0.0122,-0.0065,0.107,0.2229
9450,9.45,-0.0007,-0.0015,-0.0154,-0.0072,0.0827,0.2761
9451,9.451,-0.0002,0.0015,-0.0147,-0.0092,0.2396,0.9008
9452,9.452,-0.0006,0.002,-0.014,-0.0022,0.4229,0.646
9453,9.453,-0.0021,-0.0031,-0.0127,0.0043,0.2011,0.1034
9454,9.454,0.0029,0.0019,-0.0173,0.0018,-0.0082,-0.2497
9455,9.455,-0.0006,-0.0024,-0.0119,0.007,-0.0901,-0.1869
9456,9.456,-0.0023,0.0041,-0.0145,0.005,-0.115,-0.2456
9457,9.457,0.0006,-0.0001,-0.0198,0.0034,-0.1376,-0.2989
9458,9.458,-0.0009,0.0051,-0.016,0.0098,-0.1175,-0.2511
9459,9.459,-0.0006,-0.0027,-0.0252,-0.0014,-0.1361,-0.7317
9460,9.46,0.0059,-0.0037,-0.0244,0.0032,-0.3886,-0.9239
9461,9.461,0.003,0.0011,-0.0214,0.0066,-0.2966,-0.3197
9462,9.462,-0.0034,0.0019,-0.0251,0.0107,-0.0437,0.205
9463,9.463,-0.0026,-0.0006,-0.0224,0.0069,0.0555,0.2768
9464,9.464,-0.0019,0.0016,-0.0237,0.0037,0.0857,0.2136
9465,9.465,0.0001,-0.0004,-0.0198,0.0027,0.1131,0.2722
9466,9.466,-0.0029,-0.0035,-0.0087,-0.0001,0.1377,0.2197
9467,9.467,-0.007,-0.004,0.0027,-0.0026,0.0706,0.4599
9468,9.468,-0.0012,-0.0035,0.0193,-0.0033,0.3351,0.9405
9469,9.469,-0.0006,-0.0023,0.0255,0.0002,0.3712,0.4928
9470,9.47,-0.007,-0.0026,0.0231,0.0006,0.1411,-0.0319
9471,9.471,-0.0062,-0.0001,0.0209,0.0001,-0.0684,-0.2445
9472,9.472,-0.0099,-0.0004,0.0291,-0.0035,-0.0962,-0.1818
9473,9.473,-0.0035,0.0019,0.0303,-0.0024,-0.1212,-0.3569
9474,9.474,-0.0027,0.0017,0.0341,-0.0021,-0.144,-0.4103
9475,9.475,-0.0005,0.0011,0.035,-0.0079,-0.0834,-0.3627
9476,9.476,-0.0026,0.0004,0.0358,-0.0122,-0.2502,-0.8435
9477,9.477,0.0005,-0.0025,0.0303,-0.01,-0.4521,-0.6523
9478,9.478,0.0021,-0.0015,0.0386,-0.0065,-0.2083,-0.1283
9479,9.479,0.0036,-0.0054,0.0462,-0.0023,0.022,0.2249
9480,9.48,0.0006,-0.0059,0.0366,-0.0006,0.112,0.2898
9481,9.481,0.0017,-0.009,0.0452,-0.0063,0.1394,0.3483
9482,9.482,0.0027,-0.0051,0.0507,-0.0071,0.115,0.2958
9483,9.483,0.0059,-0.0004,0.0391,0.0007,0.0928,0.2477
9484,9.484,0.0038,-0.0035,0.016,-0.0003,0.1537,0.7279
9485,9.485,0.002,0.0006,-0.0004,0.0023,0.4314,0.9198
9486,9.486,0.003,0.0011,-0.0033,0.0066,0.3125,0.2799
9487,9.487,0.0006,-0.002,-0.0059,0.0059,0.0594,-0.1477
9488,9.488,0.0024,-0.0009,-0.0035,0.0065,-0.1055,-0.2268
9489,9.489,0,-0.0034,-0.0012,0.0048,-0.0765,-0.2982
9490,9.49,-0.0031,-0.0011,-0.0031,0.0043,-0.104,-0.2352
9491,9.491,0.0005,0.0026,-0.0011,0.0007,-0.1289,-0.1778
9492,9.492,0.0008,0.0014,0.0041,-0.0036,-0.1068,-0.4422
9493,9.493,0.0011,0.0034,-0.0003,-0.0019,-0.3307,-0.9712
9494,9.494,0.0053,-0.0017,0.0069,-0.0035,-0.3608,-0.4793
9495,9.495,0.0024,0.0032,0.0009,-0.0005,-0.1166,-0.0304
9496,9.496,0.0029,0.0049,0.0021,0.0034,0.0482,0.2615
9497,9.497,0.0007,0.002,-0.0006,0.0008,0.0785,0.2098
9498,9.498,0.001,0.0015,0.0006,0.003,0.106,0.2582
9499,9.499,-0.0048,-0.0016,-0.0033,-0.0018,0.1307,0.3021
9500,9.5,-0.0006,0.0023,-0.0023,-0.0023,0.1085,0.2626
9501,9.501,0.0001,0.0018,-0.0026,0.0006,0.2507,0.8037
9502,9.502,0.0021,0.0048,-0.0005,0.0011,0.4174,0.7267
9503,9.503,0.0004,0.0027,-0.0017,0.0053,0.2157,0.0926
9504,9.504,-0.0001,0.0002,0.0003,0.0036,-0.029,-0.1645
9505,9.505,0.0014,-0.003,0.0029,0.0051,-0.1282,-0.2433
9506,9.506,0.0002,0.0034,-0.0005,0.0039,-0.0989,-0.3142
9507,9.507,-0.0002,0.0061,-0.0025,0.0027,-0.1264,-0.251
9508,9.508,-0.002,-0.0018,-0.0016,0.0002,-0.1021,-0.1933
9509,9.509,-0.0044,0.0055,-0.004,-0.0002,-0.1246,-0.669
9510,9.51,0.0007,0.0009,-0.0009,0.0036,-0.4299,-0.8613
9511,9.511,0.0013,0.0018,0.0021,0.0005,-0.2991,-0.3378
9512,9.512,-0.0017,-0.002,-0.0024,0.0025,-0.0208,0.156
9513,9.513,0.0012,-0.0013,-0.0054,0.0029,0.088,0.2216
9514,9.514,0.0027,-0.0008,-0.0031,0.0032,0.1213,0.2805
9515,9.515,0.0039,0.0009,-0.0054,0.0002,0.1514,0.3339
9516,9.516,0.0027,0.0056,-0.0073,0.002,0.1245,0.1903
9517,9.517,0.0002,0.0025,-0.0036,-0.0004,0.1001,0.4088
9518,9.518,0.0005,-0.0004,-0.005,0.0033,0.3017,0.9254
9519,9.519,-0.0005,0.0001,-0.0018,0.0064,0.3831,0.5741
9520,9.52,0.0002,0.0005,-0.0044,0.006,0.1118,-0.0027
9521,9.521,0.0004,0.0025,-0.0051,0.0079,-0.0693,-0.2364
9522,9.522,-0.0033,-0.0017,-0.0056,0.0027,-0.1028,-0.3075
9523,9.523,-0.0038,-0.0012,-0.0034,0.002,-0.133,-0.244
9524,9.524,0.0004,-0.0017,0.0014,-0.0087,-0.1604,-0.3025
9525,9.525,-0.0012,-0.002,0.0013,-0.0132,-0.0869,-0.25
9526,9.526,-0.0027,-0.0023,-0.0061,-0.0118,-0.2437,-0.8745
9527,9.527,-0.0015,-0.002,-0.0002,-0.0181,-0.4271,-0.7894
9528,9.528,0.0041,0.0019,0.0011,-0.0171,-0.2547,-0.0915
9529,9.529,0.0004,0.0014,0.0005,-0.0076,-0.0075,0.1912
9530,9.53,-0.0016,-0.0037,-0.0002,-0.0038,0.0918,0.2778
9531,9.531,0.0002,0.0041,-0.0037,-0.0048,0.1221,0.3559
9532,9.532,-0.0003,-0.0031,0.0001,0.0025,0.1495,0.2865
9533,9.533,-0.0038,-0.0023,-0.004,0.0017,0.1252,0.2231
9534,9.534,-0.0007,0.002,-0.001,-0.0008,0.1476,0.6299
9535,9.535,-0.0036,0.0013,-0.0035,-0.0001,0.4123,0.8946
9536,9.536,0.0015,0.0049,-0.0065,0.0019,0.3045,0.3658
9537,9.537,-0.0005,0.0008,-0.0044,0.0003,0.0744,-0.128
9538,9.538,0.0053,0.0003,-0.0069,0.0032,-0.0754,-0.1934
9539,9.539,0.0017,-0.0032,-0.0053,0.0037,-0.1031,-0.2523
9540,9.54,-0.0003,-0.0028,-0.0036,0.0088,-0.128,-0.3056
9541,9.541,0.0028,-0.0016,-0.005,-0.0005,-0.1506,-0.2578
9542,9.542,0.0023,-0.0034,-0.0027,0.0033,-0.0898,-0.4763
9543,9.543,0.0028,-0.0037,-0.0011,0.0065,-0.3305,-0.9927
9544,9.544,0.0017,-0.0047,-0.0018,0.0055,-0.3636,-0.5006
9545,9.545,0.0021,-0.0009,-0.0053,0.0047,-0.1548,-0.0515
9546,9.546,-0.0021,-0.0024,-0.0032,0.0021,0.0357,0.2408
9547,9.547,0.002,0.0007,-0.0089,0.0059,0.1101,0.2947
9548,9.548,0.0005,-0.004,-0.0069,-0.0005,0.1328,0.2472
9549,9.549,0.0009,0.0002,-0.0091,-0.0031,0.1535,0.2914
9550,9.55,0.0006,0.0008,-0.0123,0.0006,0.0982,0.2522
9551,9.551,0.0017,0.0033,-0.0096,-0,0.2161,0.7936
9552,9.552,0.0021,0.0003,-0.0072,0.0005,0.4152,0.7167
9553,9.553,0.0004,0.0024,-0.0105,-0,0.2256,0.2236
9554,9.554,0.0003,0.0042,-0.0135,0.0005,0.0032,-0.2258
9555,9.555,0.001,-0.0003,-0.0112,-0.0007,-0.0869,-0.1689
9556,9.556,-0.0011,0.0054,-0.0104,-0.0019,-0.1144,-0.3281
9557,9.557,-0.0053,-0.0015,-0.0096,0.0023,-0.1391,-0.2807
9558,9.558,0.003,-0.0006,-0.014,0.0006,-0.117,-0.2374
9559,9.559,-0.0002,0.0072,-0.0112,-0.0052,-0.1373,-0.6741
9560,9.56,-0.0012,0.0041,-0.0143,0.0017,-0.4151,-0.8488
9561,9.561,-0.0003,-0.0023,-0.016,-0.0029,-0.2963,-0.3729
9562,9.562,0.0018,0.0006,-0.0144,0.0003,-0.074,0.1371
9563,9.563,0.0009,-0.0003,-0.0134,-0.0022,0.1072,0.2025
9564,9.564,0.0016,0.005,-0.0165,-0.0001,0.1406,0.2613
9565,9.565,-0.0004,0.0029,-0.0148,0.0006,0.1112,0.3147
9566,9.566,-0.0021,-0.0013,-0.0111,0.0001,0.1386,0.1709
9567,9.567,-0.0026,-0.0018,-0.0035,-0.0004,0.1143,0.3893
9568,9.568,-0.0061,0.0007,0.0134,-0.0029,0.316,0.9056
9569,9.569,0.0008,-0.0023,0.0256,-0.0041,0.3974,0.5541
9570,9.57,-0.0022,-0.0012,0.032,-0.002,0.1263,-0.0229
9571,9.571,-0.0013,-0.0047,0.0297,-0.003,-0.0548,-0.2568
9572,9.572,0.0029,-0.0025,0.035,-0.0047,-0.0883,-0.1879
9573,9.573,0.0007,0.0013,0.0365,-0.0098,-0.1183,-0.2527
9574,9.574,0,-0.0034,0.0408,-0.0062,-0.1456,-0.3112
9575,9.575,0.0017,0.0023,0.042,-0.002,-0.1212,-0.3643
9576,9.576,-0.0024,0.0016,0.0557,0.0044,-0.2331,-0.893
9577,9.577,-0.0059,-0.0004,0.0574,0.0002,-0.457,-0.6827
9578,9.578,-0.0017,0.0038,0.042,-0.002,-0.2484,-0.1064
9579,9.579,0.0023,0.0009,0.0112,0,-0.0036,0.2823
9580,9.58,-0.0024,-0.0006,-0.0021,-0.0005,0.0956,0.2134
9581,9.581,0.0018,-0.0049,-0.0062,0,0.1259,0.278
9582,9.582,0.0023,-0.0032,-0.0027,0.0026,0.1534,0.3366
9583,9.583,-0.0035,-0.0058,-0.0061,0.0004,0.08,0.1785
9584,9.584,-0.0042,-0.0127,-0.0033,0.0069,0.1026,0.707
9585,9.585,-0.0006,-0.0055,-0.0061,0.0023,0.3673,0.9181
9586,9.586,-0.0024,-0.0046,0.0011,-0.0002,0.3315,0.3421
9587,9.587,-0.0007,-0.0072,0.0032,0.0051,0.1014,-0.0464
9588,9.588,-0.0012,-0.005,-0.0029,0.0031,-0.0483,-0.2587
9589,9.589,-0.0035,-0.0086,-0.0011,0.0001,-0.0758,-0.3234
9590,9.59,-0.0015,-0.0017,-0.0028,0.0018,-0.1497,-0.266
9591,9.591,0.001,-0.0026,0.0017,0.0003,-0.1276,-0.2136
9592,9.592,-0.0022,0.0016,-0.0023,-0.0009,-0.0668,-0.454
9593,9.593,0.0017,0.0038,-0.0011,0.002,-0.3074,-0.9347
9594,9.594,-0.0009,0.0074,-0.0021,0.001,-0.4059,-0.6151
9595,9.595,-0.004,0.0056,-0.0051,0.0034,-0.1371,0.0257
9596,9.596,-0.0044,0.0039,-0.0042,0.001,0.0441,0.2827
9597,9.597,-0.0102,0.0014,-0.0016,0.0012,0.0777,0.2066
9598,9.598,-0.0077,0.0044,0.0022,0.0046,0.108,0.2776
9599,9.599,-0.0055,0.0015,-0.0055,0.0016,0.1354,0.2142
9600,9.6,0.0008,0.005,-0.0064,0.0004,0.1112,0.2727
9601,9.601,-0,0.0062,-0.0054,0.004,0.2234,0.854
9602,9.602,0.0036,0.005,-0.0044,0.007,0.4068,0.7772
9603,9.603,0.0016,0.0075,-0.0095,0.0099,0.2345,0.1433
9604,9.604,0.0073,0.0023,-0.0073,0.0049,-0.0126,-0.1136
9605,9.605,0.005,-0.003,-0.004,0.0069,-0.1117,-0.1922
9606,9.606,0.007,0.0006,-0.0067,0.0074,-0.0823,-0.2631
9607,9.607,0.0053,0.0022,-0.007,0.0057,-0.1637,-0.3276
9608,9.608,0.0036,0.0027,-0.0056,0.0052,-0.0901,-0.1537
9609,9.609,0.002,0.0042,-0.0074,-0.0017,-0.1125,-0.6293
9610,9.61,0.0031,-0.0027,-0.0107,-0.0007,-0.3771,-0.9493
9611,9.611,0.0043,0.0025,-0.0127,-0.0091,-0.3412,-0.3095
9612,9.612,0.0053,0.0033,-0.0121,-0.0081,-0.0452,0.1179
9613,9.613,0.0042,0.0008,-0.0099,-0.0133,0.0745,0.1969
9614,9.614,0.0032,0.0001,-0.0107,-0.0124,0.1112,0.268
9615,9.615,0.0018,0.0007,-0.0134,-0.0133,0.1444,0.3327
9616,9.616,0.0011,-0.001,-0.0074,-0.011,0.1149,0.159
9617,9.617,-0.0007,-0.0038,0.0058,-0.0131,0.088,0.4232
9618,9.618,-0.0009,-0.0023,0.0341,-0.0147,0.3099,0.952
9619,9.619,-0.0014,-0.0012,0.0462,-0.0083,0.3994,0.6007
9620,9.62,-0.0009,-0.0015,0.0501,-0.0024,0.1552,0.0239
9621,9.621,-0.0001,-0.0019,0.034,0.0014,-0.0753,-0.2098
9622,9.622,0.001,-0.0015,0.0254,0.0034,-0.1057,-0.2811
9623,9.623,-0.0017,-0.0005,0.012,0.0065,-0.1332,-0.3457
9624,9.624,-0.0014,0.0001,0.0049,0.0048,-0.158,-0.2882
9625,9.625,0.001,-0.0016,-0.0015,0.0033,-0.091,-0.2357
9626,9.626,-0.0014,-0.0022,0.0006,0.0045,-0.1928,-0.8604
9627,9.627,0.0028,0.0001,0.0026,0.0042,-0.4336,-0.7755
9628,9.628,0.0011,0.0018,0.001,-0.0016,-0.2039,-0.2326
9629,9.629,-0.003,0.0012,0.0025,0.0027,0.0053,0.2613
9630,9.63,0.0006,-0.0027,-0.0016,0.002,0.0873,0.1989
9631,9.631,0.0002,0.0013,-0.0004,0.0027,0.1124,0.2576
9632,9.632,-0.0001,-0.0002,0.0006,0.0044,0.135,0.3109
9633,9.633,-0.0004,-0.0005,-0.0025,-0.0032,0.1149,0.167
9634,9.634,0.0013,-0.0044,-0.0033,-0.0022,0.1335,0.6475
9635,9.635,-0.0011,0.0014,0.0009,0.0024,0.3859,0.8397
9636,9.636,-0.0004,-0.0008,0.003,-0.0019,0.2779,0.3162
9637,9.637,0.0003,0.0057,-0.0019,0.0018,0.0477,-0.1776
9638,9.638,-0.0009,-0.0002,-0.0024,0.0067,-0.102,-0.2431
9639,9.639,0.0015,-0.0039,-0.003,0.0037,-0.0756,-0.3022
9640,9.64,0.0005,-0.0018,-0.0078,0.0077,-0.1498,-0.2501
9641,9.641,0.0019,-0.0013,-0.0096,0.0041,-0.1278,-0.2025
9642,9.642,0.0017,-0.0008,-0.008,0.0011,-0.1077,-0.4212
9643,9.643,0.0011,-0.0023,-0.0033,0.0039,-0.3115,-0.9377
9644,9.644,0.004,0.0008,-0.0039,-0.0018,-0.393,-0.5864
9645,9.645,-0.0017,0.002,0,-0.0043,-0.1711,-0.0096
9646,9.646,-0.0008,-0.003,-0.0079,-0.0036,0.0381,0.2241
9647,9.647,-0.0045,0.0005,-0.0112,-0.0057,0.1199,0.2955
9648,9.648,-0.0051,0.0022,-0.0123,-0.0014,0.1448,0.2321
9649,9.649,-0.002,0.0005,-0.0116,-0.0009,0.1227,0.2904
9650,9.65,-0.0015,-0.002,-0.0126,-0.0004,0.1025,0.2378
9651,9.651,-0.0009,-0.0023,-0.0134,-0.0026,0.2321,0.8624
9652,9.652,-0.004,0.0024,-0.01,0.0002,0.4172,0.7776
9653,9.653,-0,0.003,-0.0096,0.0012,0.2447,0.2349
9654,9.654,-0.0015,-0.0023,-0.0126,0.0002,-0.0025,-0.1185
9655,9.655,-0.0011,0.0026,-0.0092,0.0005,-0.1018,-0.1838
9656,9.656,0.0001,0.0031,-0.0144,-0.0008,-0.1321,-0.2428
9657,9.657,0.0005,0.0036,-0.0096,-0.001,-0.1054,-0.2964
9658,9.658,0.0058,0.0072,-0.014,0.0017,-0.1303,-0.249
9659,9.659,0.0021,0.0002,-0.0146,-0,-0.1082,-0.6423
9660,9.66,0.0028,-0.0028,-0.0142,-0.0018,-0.4135,-0.907
9661,9.661,0.0033,-0.0037,-0.0113,-0.0004,-0.2828,-0.3784
9662,9.662,0.0062,0.0005,-0.0126,-0.0022,-0.0841,0.1153
9663,9.663,0.0012,-0.0013,-0.0122,0.0015,0.0807,0.2176
9664,9.664,0.0007,-0.0035,-0.0113,-0.0007,0.1173,0.2824
9665,9.665,0.001,0.0013,-0.0166,0.0023,0.1504,0.3409
9666,9.666,0.0014,0.0018,-0.016,0.0011,0.1208,0.1829
9667,9.667,-0.0029,-0.0011,-0.0112,0.0014,0.0938,0.4231
9668,9.668,0,-0.0016,-0.0018,0.0004,0.3156,0.9038
9669,9.669,0.0016,0.0014,0.0163,0.0001,0.405,0.5841
9670,9.67,0.0019,0.0002,0.0286,-0.0018,0.1608,0.0596
9671,9.671,0.0007,0.0028,0.0352,-0.002,-0.0698,-0.153
9672,9.672,0.0033,0.0011,0.0372,0.0007,-0.1003,-0.2181
9673,9.673,-0.002,0.0027,0.0352,-0.0032,-0.1278,-0.2769
9674,9.674,-0.0013,-0.0015,0.0403,-0.0047,-0.1527,-0.3305
9675,9.675,-0.002,0.0002,0.0387,-0.0044,-0.1306,-0.3788
9676,9.676,-0.0037,-0.0051,0.0512,-0.0032,-0.1917,-0.9468
9677,9.677,0.0015,-0.0016,0.0529,0.001,-0.4325,-0.7152
9678,9.678,-0.0005,-0.0011,0.0513,0.0039,-0.2685,-0.2222
9679,9.679,-0.0022,-0.0052,0.0305,0.0064,0.0006,0.2272
9680,9.68,-0.0051,-0.0067,-0.0024,0.0042,0.1093,0.2867
9681,9.681,-0.0004,-0.0037,-0.0068,0.0039,0.1425,0.3403
9682,9.682,0.0001,-0.0033,-0.0028,0.002,0.113,0.2929
9683,9.683,-0.0028,-0.0044,-0.0063,0.0059,0.1403,0.2498
9684,9.684,0.003,-0.0096,-0.003,0.0044,0.1159,0.6072
9685,9.685,-0.0023,-0.009,-0,0.0074,0.4072,0.8481
9686,9.686,-0.0059,-0.0041,0.0028,0.0077,0.2884,0.3673
9687,9.687,-0.0017,0.0029,0.0054,0.0052,0.1076,-0.0817
9688,9.688,-0.0012,0.0001,0.0033,-0.0001,-0.0572,-0.2574
9689,9.689,-0.006,0.001,0.0015,-0.0053,-0.0876,-0.311
9690,9.69,-0.0029,0.0032,0.0035,-0.0073,-0.1149,-0.2633
9691,9.691,-0.0118,0.0052,0.002,-0.0069,-0.1396,-0.2198
9692,9.692,-0.0106,0.0094,0.0038,-0.0109,-0.0726,-0.4182
9693,9.693,-0.0029,0.0065,0.0081,-0.0145,-0.2964,-0.9595
9694,9.694,-0.0019,0.0018,0.0095,-0.0133,-0.3858,-0.5725
9695,9.695,-0.0011,0.0035,0.002,-0.0105,-0.1959,-0.0788
9696,9.696,0.0048,0.0063,0.0054,-0.0069,0.0267,0.2429
9697,9.697,0.001,0.0058,0.0011,-0,0.0572,0.3022
9698,9.698,0.0045,-0.0011,-0.0028,0.0052,0.139,0.2504
9699,9.699,0.005,0.0019,-0.0018,0.0006,0.1639,0.299
9700,9.7,0.0009,-0.0008,-0.0021,0.0048,0.097,0.256
9701,9.701,0.0024,-0.0033,-0,0.0041,0.1989,0.8517
9702,9.702,0.0002,0.0004,0.0009,0.0034,0.4399,0.7673
9703,9.703,-0.0002,0.004,0.0007,0.0029,0.2103,0.2249
9704,9.704,0.0008,-0.0029,-0.0019,0.0012,0.0012,-0.1281
9705,9.705,0.0017,0.0016,-0.0018,0.0028,-0.0807,-0.1932
9706,9.706,0.0034,-0.0009,-0.0017,0.005,-0.1056,-0.2519
9707,9.707,-0.0004,0.0013,0.0019,0.0078,-0.1282,-0.3052
9708,9.708,0.0001,0.0062,-0.0005,0.0021,-0.108,-0.1614
9709,9.709,0.0052,0.002,-0.0011,-0.0005,-0.1265,-0.6419
9710,9.71,0.0045,-0.002,-0.0003,0.0017,-0.3788,-0.962
9711,9.711,0.0014,0.0015,-0.0022,0.0024,-0.3428,-0.4386
9712,9.712,0.003,0.0012,-0.0031,-0.0018,-0.1125,0.0554
9713,9.713,0.0005,0.0015,-0.0015,0.001,0.0969,0.2489
9714,9.714,0.0001,0.0041,-0.0008,0.0026,0.1246,0.308
9715,9.715,-0.0019,-0.0005,0.0002,0.0014,0.1005,0.2559
9716,9.716,-0.0001,-0.0047,-0.0007,0.0002,0.1232,0.2084
9717,9.717,0.0009,-0.0018,0.0025,0.0027,0.1032,0.4269
9718,9.718,-0.0001,-0.0013,0.0004,0.0037,0.3069,0.9433
9719,9.719,0.0012,-0.0009,-0.0023,0.0007,0.3884,0.5919
9720,9.72,0.0013,0.0011,0.0046,0.0042,0.1665,0.0151
9721,9.721,0.0006,-0.0007,0.0059,-0,-0.0428,-0.2187
9722,9.722,0.002,-0.0024,-0.0031,0.004,-0.1246,-0.1496
9723,9.723,0.0021,0.0027,-0.0016,-0.0007,-0.1004,-0.3423
9724,9.724,-0.0006,0.0021,0.002,0.0035,-0.1229,-0.2849
9725,9.725,0.0052,0.0026,0.0013,-0.0041,-0.1027,-0.2325
9726,9.726,-0.0007,0.0043,-0.0012,-0.0051,-0.1952,-0.8573
9727,9.727,-0,-0.0014,-0.0018,-0.0043,-0.414,-0.7727
9728,9.728,0.002,-0.0007,-0.001,-0,-0.2054,-0.2301
9729,9.729,0.0025,-0.0014,-0.0043,-0.0053,0.0393,0.1231
9730,9.73,0.002,-0.0056,0.0001,-0.0073,0.073,0.1885
9731,9.731,-0.0057,-0.0015,-0.0026,-0.0055,0.1033,0.2473
9732,9.732,-0.0025,-0.003,-0.005,-0.0038,0.1308,0.3007
9733,9.733,0.0006,-0.0052,-0.0037,-0.0012,0.1066,0.1569
9734,9.734,-0.0002,-0.0032,-0.0025,-0.0009,0.1292,0.6373
9735,9.735,-0.0011,0.0011,-0.0005,-0.0037,0.3939,0.8294
9736,9.736,-0.0004,0.004,0.0048,0.0021,0.2861,0.4225
9737,9.737,0.0003,0.0035,0.0042,0.0012,0.0559,-0.0546
9738,9.738,0.0061,-0.0025,0.0007,0.002,-0.0938,-0.248
9739,9.739,0.0055,-0.0016,0.0024,0.004,-0.1215,-0.3071
9740,9.74,0.0035,-0.0038,-0.0041,0.001,-0.1464,-0.2552
9741,9.741,-0.0023,-0.0017,-0.0015,0.0039,-0.1243,-0.2077
9742,9.742,-0.0016,-0,-0.0022,0.0044,-0.1042,-0.4265
9743,9.743,0.002,0.0005,-0.0043,0.0033,-0.3079,-0.943
9744,9.744,-0.001,-0.0042,0.004,0.0013,-0.3893,-0.592
9745,9.745,-0.0027,-0.0011,-0.0016,0.0003,-0.1674,-0.0153
9746,9.746,0.0021,-0.0027,-0.007,0.0013,0.0419,0.2184
9747,9.747,0.0005,0.002,-0.0062,-0.0003,0.0695,0.2896
9748,9.748,-0.0012,0.0016,-0.0071,0.0011,0.1437,0.226
9749,9.749,-0.0016,-0.0025,-0.0065,0.0028,0.1216,0.2843
9750,9.75,-0.0004,0.0001,-0.0002,-0.0009,0.1015,0.2316
9751,9.751,0.0008,0.0032,-0.0046,0.0007,0.194,0.8561
9752,9.752,0.0027,-0.0007,-0.0053,-0.0023,0.4129,0.7712
9753,9.753,0.0004,-0.0012,-0.0006,-0.0062,0.2638,0.2283
9754,9.754,0.0021,0.0031,-0.0049,-0.0056,0.0191,-0.1251
9755,9.755,-0.0021,0.0014,-0.0045,0.0013,-0.0802,-0.1906
9756,9.756,-0.0026,-0.0022,-0.0032,-0.0017,-0.1105,-0.2496
9757,9.757,-0.0042,0.0009,-0.003,0.001,-0.1379,-0.3031
9758,9.758,0.0005,0.0048,-0.0043,0.0019,-0.1138,-0.1595
9759,9.759,-0.0011,0.0023,-0.0009,0.0026,-0.1364,-0.6402
9760,9.76,0.0018,0.0053,-0.0079,0.0046,-0.4011,-0.9605
9761,9.761,-0.004,0.0014,-0.0071,0.0029,-0.2933,-0.4374
9762,9.762,0.0013,0.004,-0.008,0.0013,-0.0633,0.0562
9763,9.763,-0.0051,-0.0029,-0.009,0.0049,0.0864,0.2494
9764,9.764,-0.001,-0.0026,-0.0054,0.0034,0.101,0.2726
9765,9.765,0.0032,-0.0016,-0.0062,0.0037,0.1284,0.3311
9766,9.766,-0.0005,0.003,-0.0084,-0.0001,0.1531,0.2785
9767,9.767,0.0002,0.0004,-0.0043,0.0014,0.086,0.4225
9768,9.768,0.0007,-0.0033,-0.0073,0.0026,0.3098,0.9031
9769,9.769,-0.0021,-0.0013,0.0004,0.0014,0.3992,0.5835
9770,9.77,-0.0006,-0.0008,0.0174,0.0024,0.155,0.059
9771,9.771,0.0016,-0.0024,0.0297,0.0021,-0.0756,-0.1535
9772,9.772,-0.0031,0.0033,0.0362,-0.0009,-0.1061,-0.2186
9773,9.773,-0.0048,-0.0019,0.0503,-0.0006,-0.1337,-0.2774
9774,9.774,-0.0136,0.0016,0.0558,0.0011,-0.1586,-0.3309
9775,9.775,-0.0074,-0.0014,0.0507,-0.004,-0.0916,-0.2832
9776,9.776,-0.0084,0.0038,0.0277,-0.0033,-0.1935,-0.8514
9777,9.777,-0.0031,0.0045,-0.0022,-0.0076,-0.4344,-0.7747
9778,9.778,-0.0004,0.0002,0.0017,-0.0104,-0.2705,-0.2818
9779,9.779,-0.003,-0.0015,-0.0019,-0.0099,-0.0014,0.1675
9780,9.78,0.0008,0,-0.0051,-0.0088,0.1074,0.2268
9781,9.781,0.0057,0.0003,0.0038,-0.0117,0.075,0.2804
9782,9.782,0.0062,-0.0008,0.0065,-0.0059,0.105,0.329
9783,9.783,0.0033,0.0027,0.0042,-0.0034,0.1322,0.1985
9784,9.784,0.0007,-0.0024,0.0064,-0.0012,0.1077,0.4763
9785,9.785,0.0038,-0.0004,0.0126,-0.0005,0.399,0.8016
9786,9.786,0.0077,-0.0073,0.0034,-0.001,0.3595,0.4082
9787,9.787,0.0051,-0.0046,0.0086,0.0007,0.1066,-0.0688
9788,9.788,0.0021,-0.0021,0.0071,-0.0029,-0.0583,-0.1342
9789,9.789,0.0041,0.0016,0.0113,0.0013,-0.0887,-0.1931
9790,9.79,0.0005,-0.0048,0.0027,0.0018,-0.116,-0.2464
9791,9.791,0.0047,0.0011,0.0038,-0.003,-0.1409,-0.1987
9792,9.792,0.0019,-0.0011,0.003,-0.0035,-0.0739,-0.3297
9793,9.793,0.0003,0.0009,-0.0015,0.0029,-0.2977,-0.9254
9794,9.794,0.0006,-0.0086,0.0065,0.002,-0.3872,-0.6702
9795,9.795,-0.0033,-0.0045,0.0037,-0.0002,-0.1431,0.0277
9796,9.796,-0.0008,-0.0057,0.0011,0.0062,0.0218,0.3102
9797,9.797,0.0043,-0.0025,0.0005,0.007,0.1119,0.2263
9798,9.798,-0.0021,0.0005,0.0045,0.0048,0.1394,0.3044
9799,9.799,0.0004,0.0033,0.0027,0.0027,0.1152,0.2347
9800,9.8,-0.0003,0.0007,0.0012,0.0044,0.0931,0.299
9801,9.801,0.0017,0,0.0043,0.0072,0.195,0.8223
9802,9.802,-0.0025,0.0007,0.0041,0.0087,0.4359,0.7526
9803,9.803,-0.0031,0.0049,0.0047,0.0083,0.272,0.1763
9804,9.804,-0.0016,0.0008,0.0021,0.0027,0.003,-0.2121
9805,9.805,-0.0004,0.0023,-0.0019,0.0048,-0.1057,-0.2836
9806,9.806,-0.0043,0.0035,0.0001,0.0068,-0.0733,-0.3481
9807,9.807,-0.0059,0.0047,-0.0001,0.0011,-0.1032,-0.2906
9808,9.808,0.0011,0.0036,0.0024,-0.0012,-0.1304,-0.238
9809,9.809,0.0021,0.0039,0.0039,-0.0061,-0.1059,-0.5743
9810,9.81,0.0029,-0.0005,-0,-0.0078,-0.3972,-0.9677
9811,9.811,0.0003,0.0024,0.0008,-0.0073,-0.3577,-0.3863
9812,9.812,0.001,0.0029,-0.0004,-0.0078,-0.1048,0.1572
9813,9.813,-0.001,0.0006,0.003,-0.0075,0.0602,0.2291
9814,9.814,0.002,-0.0033,0.0012,-0.0047,0.0907,0.2941
9815,9.815,0.0015,0.0035,0.0033,-0.0037,0.1181,0.353
9816,9.816,-0.0011,-0.0011,0.0026,-0.0027,0.143,0.1953
9817,9.817,0.0001,0.0031,-0.001,0.0024,0.0762,0.3397
9818,9.818,-0.0003,-0.0021,0.0043,0.003,0.3001,0.908
9819,9.819,0.0023,-0.0015,0.0009,0.0035,0.3898,0.5216
9820,9.82,0.0055,-0.001,0.0016,0.004,0.1458,0.0283
9821,9.821,-0.001,0.0019,-0.0035,0.0015,-0.0189,-0.165
9822,9.822,-0.0001,0.0034,0.0003,0.0003,-0.1088,-0.224
9823,9.823,-0.0027,0.0003,0.0035,-0.0018,-0.136,-0.2772
9824,9.824,-0.0049,0.0006,0.0019,-0.0008,-0.1116,-0.2296
9825,9.825,-0.0029,0.001,-0.0005,0.0044,-0.0894,-0.1863
9826,9.826,0.0041,0.0027,-0.0008,0.0022,-0.191,-0.7817
9827,9.827,0.0014,-0.0004,0.0021,-0.0013,-0.4317,-0.8671
9828,9.828,-0.0045,-0.0014,-0.0038,-0.0008,-0.2676,-0.1695
9829,9.829,-0.0039,-0.0024,-0.0047,0.0008,0.0016,0.1131
9830,9.83,-0.0003,-0.0041,-0.0042,-0.0017,0.1106,0.1998
9831,9.831,0.0014,-0.0011,-0.0024,-0.0029,0.1441,0.278
9832,9.832,-0.0026,-0.0014,-0.0057,0.0018,0.1147,0.349
9833,9.833,-0.0011,-0.0004,-0.0054,0.0013,0.1421,0.1577
9834,9.834,0.0011,-0.0021,-0.0062,-0.0028,0.1179,0.5647
9835,9.835,-0.0009,-0.0018,-0.0053,0.004,0.3645,0.9347
9836,9.836,0.0002,-0.0031,-0.001,0.0013,0.332,0.4061
9837,9.837,-0.0002,0.0008,-0.0019,0.0005,0.0632,-0.0874
9838,9.838,-0.0012,0.0003,-0.0029,0.0042,-0.1178,-0.2806
9839,9.839,0.0014,-0.0022,-0.0008,0.0007,-0.0854,-0.2233
9840,9.84,-0.0018,-0.0019,-0.0056,0.0024,-0.1155,-0.2766
9841,9.841,0.0037,0.001,-0.0021,0.0019,-0.1427,-0.2289
9842,9.842,0,-0.0015,-0.0051,0.0015,-0.0691,-0.3599
9843,9.843,0.0036,-0.0018,-0.0079,0.0003,-0.2707,-0.9555
9844,9.844,0.0019,0.0033,-0.0097,0.0015,-0.4064,-0.53
9845,9.845,0.0014,-0.0032,-0.0093,0.0006,-0.1844,0.0129
9846,9.846,-0.0012,-0.0006,-0.0116,0.003,0.0249,0.2256
9847,9.847,0.001,-0.0043,-0.0092,0.0067,0.1069,0.2909
9848,9.848,0.0049,0.0035,-0.0109,0.0045,0.1319,0.2335
9849,9.849,0.0014,0.0026,-0.0105,0.0025,0.1099,0.2868
9850,9.85,-0.0029,0.0072,-0.0129,-0.001,0.0897,0.2389
9851,9.851,0.0012,-0.0006,-0.0129,-0.0006,0.1824,0.8069
9852,9.852,-0.0003,0.0005,-0.0113,-0.0035,0.4013,0.73
9853,9.853,0.0027,0.0013,-0.0158,-0.0077,0.2524,0.237
9854,9.854,0.0024,0.0056,-0.0177,-0.0024,0.0079,-0.2124
9855,9.855,0.0043,0.005,-0.0188,-0.0004,-0.0913,-0.2718
9856,9.856,-0.001,0.003,-0.0186,-0.0046,-0.1215,-0.3254
9857,9.857,-0.0047,0.0072,-0.0225,-0.0051,-0.0948,-0.278
9858,9.858,-0.0012,-0.0015,-0.0186,-0.0076,-0.1196,-0.2346
9859,9.859,0.0019,0.0022,-0.0236,-0.0064,-0.0974,-0.592
9860,9.86,0.0024,0.0032,-0.0238,-0.0008,-0.3621,-0.9287
9861,9.861,0.0009,0.0043,-0.0168,0.0029,-0.3263,-0.448
9862,9.862,0.0012,-0.0042,-0.0005,-0.002,-0.0962,0.1292
9863,9.863,-0.0016,-0.0009,0.016,-0.0003,0.1131,0.2081
9864,9.864,-0.0013,-0.004,0.0174,-0.0044,0.0866,0.2792
9865,9.865,0.0008,0.0008,0.0282,0.0002,0.1313,0.3047
9866,9.866,0.0031,-0.0077,0.0254,-0.0023,0.107,0.2412
9867,9.867,-0.0013,0.0001,0.0265,0.0008,0.0848,0.2992
9868,9.868,0.0004,0.0012,0.0072,0.0047,0.2679,0.8803
9869,9.869,-0.0031,0.0003,-0.0058,0.0031,0.3913,0.6484
9870,9.87,-0.002,-0.0039,-0.0131,0.0074,0.1446,0.014
9871,9.871,-0.0058,0.003,-0.0198,-0.0002,-0.0859,-0.2431
9872,9.872,0.0019,0.0003,-0.0148,-0.0012,-0.1165,-0.1671
9873,9.873,0.0009,0.0012,0.0066,0.0015,-0.0899,-0.2381
9874,9.874,-0.0043,-0.0025,0.0089,-0.0011,-0.1148,-0.3028
9875,9.875,-0.0016,-0.0032,0.0164,0.0011,-0.0927,-0.2452
9876,9.876,0.0009,0.001,0.0283,0.0032,-0.1538,-0.8266
9877,9.877,-0.006,0.0015,0.0344,0.0037,-0.4317,-0.7498
9878,9.878,-0.0052,-0.0063,0.04,0.0031,-0.2335,-0.2572
9879,9.879,-0.0009,-0.0031,0.0377,0.0047,-0.0527,0.1922
9880,9.88,-0.0047,-0,0.0424,0.0058,0.1121,0.2515
9881,9.881,-0.0026,0.0026,0.0344,0.0087,0.1423,0.3048
9882,9.882,0.0004,0.0001,0.0271,0.0068,0.1154,0.2573
9883,9.883,-0.0036,0.0008,0.0331,0.0016,0.14,0.214
9884,9.884,0.0011,-0.0013,0.0406,-0.0022,0.1177,0.5712
9885,9.885,0.0016,-0.0043,0.0434,-0.0042,0.3822,0.9076
9886,9.886,0.0011,-0.0003,0.0478,-0.0085,0.3462,0.4268
9887,9.887,0.0026,0.0002,0.0484,-0.0102,0.0503,-0.0225
9888,9.888,0.0057,-0.0002,0.0368,-0.0149,-0.0696,-0.1985
9889,9.889,0.0028,0.0018,0.0114,-0.0107,-0.1064,-0.2524
9890,9.89,0.0003,-0.0007,-0.0068,-0.0055,-0.1397,-0.3013
9891,9.891,-0.0001,-0.0017,-0.0036,-0.0075,-0.1103,-0.2583
9892,9.892,0.0037,-0.0021,-0.0065,-0.0071,-0.0835,-0.3777
9893,9.893,0.004,-0.0015,-0.0037,-0.0066,-0.2561,-0.9192
9894,9.894,0.0052,-0.0054,-0.0013,0.0012,-0.4132,-0.6876
9895,9.895,-0.0006,-0.0118,-0.0034,0.0044,-0.1894,-0.0534
9896,9.896,0.0003,-0.0076,-0.0012,0.0054,0.0198,0.2035
9897,9.897,-0.0019,-0.0039,-0.0029,0.0027,0.1016,0.2818
9898,9.898,0.0016,-0.0033,-0.001,0.0052,0.1264,0.3526
9899,9.899,-0.0041,-0.0028,0.0008,-0,0.1042,0.2889
9900,9.9,-0.0019,0.0048,0.0051,-0.0021,0.0839,0.2309
9901,9.901,0.0016,0.0058,0.0042,0.001,0.1394,0.8119
9902,9.902,-0.0001,0.0012,-0.0032,0.0015,0.3918,0.7348
9903,9.903,0.004,0.002,0.0002,0.0009,0.2837,0.2417
9904,9.904,0.0014,-0.0017,-0.0003,-0.0033,-0.0125,-0.2077
9905,9.905,-0.0016,0.0031,-0.0007,-0.0004,-0.0529,-0.2673
9906,9.906,0.0004,0.0026,-0.0025,0.0031,-0.0895,-0.3209
9907,9.907,-0.0006,0.0054,-0.0027,0.0027,-0.1228,-0.2737
9908,9.908,-0.0017,-0.0014,-0.0005,0.0015,-0.0934,-0.2305
9909,9.909,0.0034,0.0032,0.004,0.0019,-0.1207,-0.588
9910,9.91,-0.0001,0.0023,0.004,0.0042,-0.3918,-0.9247
9911,9.911,-0.0032,0.0044,-0.0024,0.0052,-0.356,-0.4441
9912,9.912,-0.0003,0.0009,-0.0048,0.0034,-0.0603,0.133
9913,9.913,-0.0029,-0.0009,0.0022,0.0005,0.0592,0.2119
9914,9.914,0.0002,0.0031,-0.005,0.0015,0.0958,0.2829
9915,9.915,0.0049,0.0026,-0.0054,0.0032,0.1289,0.3475
9916,9.916,0.0007,0.0004,0.0017,0.0049,0.1589,0.2898
9917,9.917,-0.001,0.0007,-0.002,0.0018,0.0778,0.3427
9918,9.918,0.0005,-0.0004,-0.0035,0.0022,0.2996,0.8713
9919,9.919,0.0035,0.0013,-0.0094,-0.0014,0.389,0.6607
9920,9.92,0.0015,0.0002,-0.0046,0.0029,0.1992,0.084
9921,9.921,-0.001,0.0044,-0.0077,-0.0012,-0.0233,-0.1498
9922,9.922,-0.0014,0.0002,-0.0036,-0.0007,-0.1134,-0.2211
9923,9.923,-0.0044,0.0019,-0.006,0.0024,-0.141,-0.2856
9924,9.924,0.0007,-0.0007,-0.006,-0.0005,-0.1167,-0.2282
9925,9.925,-0.0014,0.0005,-0.0019,-0.0009,-0.0945,-0.2814
9926,9.926,-0.003,0.0017,-0.0026,0.0044,-0.1555,-0.8099
9927,9.927,-0.0001,0.0007,-0.0001,0.0007,-0.4333,-0.8805
9928,9.928,-0.0037,0.003,0.0046,-0,-0.2349,-0.3041
9929,9.929,0.0006,0.0006,-0.0026,0.0042,-0.0539,0.2392
9930,9.93,-0.0011,-0.0001,-0.0075,-0.0022,0.111,0.1704
9931,9.931,-0.0016,-0.0002,0.0013,0.0003,0.1415,0.2352
9932,9.932,0.0015,-0.0039,0.0048,-0.0003,0.115,0.2938
9933,9.933,-0.0024,0.0008,-0.0023,-0.0024,0.1399,0.2413
9934,9.934,0.0012,0.0003,0.0025,-0.004,0.1178,0.5778
9935,9.935,-0,0.0032,-0.0016,-0.0011,0.3825,0.8838
9936,9.936,0.0029,0.0006,-0.0052,-0.0027,0.3468,0.447
9937,9.937,-0.0028,-0.0036,-0.0072,-0.0004,0.1168,-0.0777
9938,9.938,0.005,-0.004,-0.003,0.0025,-0.0925,-0.1494
9939,9.939,-0.0003,-0.0005,-0.0035,0.0007,-0.12,-0.2142
9940,9.94,-0.0011,-0.0016,0.0022,-0.0016,-0.1448,-0.2725
9941,9.941,-0.0002,0.004,-0.0032,-0.0012,-0.1226,-0.2201
9942,9.942,0.0035,0.0018,-0.0055,-0.0037,-0.1023,-0.3644
9943,9.943,0.0029,-0.0002,-0.0052,-0.0033,-0.2688,-0.9325
9944,9.944,-0.0002,0.0056,-0.005,-0.0002,-0.4257,-0.7006
9945,9.945,0.0015,-0.0013,-0.0038,-0.0053,-0.1609,-0.0663
9946,9.946,-0.002,-0.0059,-0.0073,-0.0032,0.0204,0.1908
9947,9.947,0.0041,-0.0084,-0.0074,-0.0089,0.1197,0.2695
9948,9.948,0.0015,0.0016,-0.0043,-0.0036,0.15,0.3404
9949,9.949,-0.0037,-0.0024,-0.0117,-0.0028,0.1234,0.2771
9950,9.95,0.0027,0.0013,-0.0091,0.0002,0.0992,0.2194
9951,9.951,0.0036,-0.0018,-0.0141,-0.0002,0.1666,0.8008
9952,9.952,0.0014,0.0034,-0.0121,0.0003,0.4314,0.7241
9953,9.953,-0.0022,0.0043,-0.012,0.0034,0.2513,0.2312
9954,9.954,0.0009,0.0001,-0.0146,0.0038,0.0212,-0.2179
9955,9.955,-0.002,-0.0006,-0.0135,0.0013,-0.0687,-0.1613
9956,9.956,-0.0025,0.003,-0.0112,0.0059,-0.0961,-0.3204
9957,9.957,0.0025,-0,-0.0176,0.0017,-0.1207,-0.2729
9958,9.958,0.0019,0.0005,-0.0161,0.0082,-0.1431,-0.2295
9959,9.959,-0.0012,-0.002,-0.0174,0.004,-0.1227,-0.5867
9960,9.96,0.0005,0.0049,-0.0198,0.0063,-0.3634,-0.9233
9961,9.961,0.0041,-0.0003,-0.021,0.0057,-0.3306,-0.4426
9962,9.962,0.0019,-0.0012,-0.0182,0.0027,-0.1215,0.1346
9963,9.963,-0.002,0.0031,-0.0201,-0.0025,0.069,0.2136
9964,9.964,-0.0005,-0.0007,-0.0205,0.001,0.0943,0.2848
9965,9.965,-0.0027,0.0043,-0.0223,-0.0006,0.1171,0.3497
9966,9.966,-0.0011,0.0016,-0.0244,0.0013,0.137,0.2423
9967,9.967,-0.0031,-0.0042,-0.0206,0.0008,0.0764,0.3007
9968,9.968,-0.0028,-0.0005,-0.0271,0.0003,0.2803,0.8821
9969,9.969,-0.0031,0.0016,-0.0256,-0.0008,0.4161,0.6503
9970,9.97,-0.0007,-0.0042,-0.0257,0.0012,0.1942,0.0161
9971,9.971,0.0023,-0.0064,-0.017,0.0031,-0.015,-0.2408
9972,9.972,0.0019,-0.0015,0.0004,0.007,-0.0967,-0.1647
9973,9.973,0.0009,-0.0032,0.007,-0.0008,-0.1216,-0.2355
9974,9.974,-0.0043,-0.0015,0.0174,-0.0018,-0.1442,-0.2999
9975,9.975,-0.005,-0.0041,0.0107,0.0013,-0.1241,-0.242
9976,9.976,-0.0043,0.001,0.023,0.0021,-0.1796,-0.8232
9977,9.977,-0.006,0.003,0.024,0.003,-0.4321,-0.7463
9978,9.978,-0.0032,-0,0.0219,0.0008,-0.3241,-0.2534
9979,9.979,-0.0027,-0.0017,0.0253,-0.0013,-0.0937,0.1961
9980,9.98,0.0003,-0.0043,0.0259,0.0057,0.0561,0.2557
9981,9.981,0,0.0018,0.0243,-0.0008,0.0837,0.3093
9982,9.982,0.0025,0.0043,0.0228,-0.0067,0.1577,0.2619
9983,9.983,0.0028,-0.001,0.0307,-0.0089,0.1356,0.2187
9984,9.984,-0.0022,-0.0059,0.027,-0.0068,0.1155,0.5762
9985,9.985,-0.0029,-0.009,0.0296,-0.0138,0.3932,0.913
9986,9.986,0.0013,-0.0095,0.0152,-0.0222,0.3538,0.4325
9987,9.987,-0.0004,-0.0017,0.0006,-0.0119,0.1009,-0.1444
9988,9.988,0.0011,-0.0028,0.0244,-0.0133,-0.064,-0.3779
9989,9.989,0.0023,0.0025,0.0209,-0.002,-0.0945,-0.3084
9990,9.99,-0.0016,-0.0003,0.0294,-0.0005,-0.122,-0.245
9991,9.991,-0.0001,0.0006,0.0428,-0.0018,-0.0979,-0.1874
9992,9.992,0.0021,-0.0047,0.0499,-0.0007,-0.0758,-0.3459
9993,9.993,0.0041,-0.004,0.0475,0.0071,-0.2591,-0.8745
9994,9.994,0.0031,0.0002,0.0575,0.006,-0.4318,-0.6641
9995,9.995,-0.0001,0.0031,0.048,0.0033,-0.1853,-0.0873
9996,9.996,0.0019,0.0046,0.0226,0.0041,0.0451,0.3013
9997,9.997,0.0069,0.0076,-0.0028,0.0078,0.135,0.2323
9998,9.998,0.0049,0.0029,-0.006,0.0029,0.1084,0.2969
9999,9.999,0.0018,0.0045,-0.0089,0.0071,0.1331,0.2395
10000,10,0.0001,0.004,-0.0061,-0.0018,0.1109,0.1871
10001,10.001,0.0017,0.0098,-0.0036,-0.003,0.1718,0.8116
10002,10.002,0.0013,0.0045,0.0031,0.0048,0.4125,0.7271
10003,10.003,0.0001,0.0039,0.0013,0.0057,0.2484,0.3394
10004,10.004,0.0027,0.0044,-0.0004,0.0049,0.0392,-0.1544
10005,10.005,0.0016,0.0039,-0.0052,-0.003,-0.0972,-0.2199
10006,10.006,0.002,-0.0039,-0.0003,-0.004,-0.1223,-0.2787
10007,10.007,-0.0023,0.0017,-0.0014,-0.0032,-0.1451,-0.3322
10008,10.008,-0.0006,0.0006,0.0001,-0.0041,-0.1251,-0.1886
10009,10.009,-0.0022,-0.0002,-0.0027,-0.0019,-0.1069,-0.4945
10010,10.01,-0.0017,0.0007,0.003,0,-0.3594,-0.9315
10011,10.011,0.0013,-0,-0.0012,0.0017,-0.3237,-0.4084
10012,10.012,-0.0016,0.0007,0.0001,-0.0036,-0.0936,0.0852
10013,10.013,0.001,-0.0051,-0.0063,-0.0072,0.0561,0.1506
10014,10.014,0.0006,-0.0014,-0.0031,0.001,0.0837,0.2096
10015,10.015,-0.0017,-0.0034,-0.0001,-0,0.1086,0.263
10016,10.016,-0.0048,-0.0003,-0.0033,0.0052,0.1311,0.2154
10017,10.017,0.0008,0.0049,-0.0076,0.0043,0.1109,0.3464
10018,10.018,-0.0014,-0,-0.0087,0.0051,0.2776,0.9419
10019,10.019,0.0021,0.0005,-0.0086,0.0057,0.3897,0.6868
10020,10.02,-0.0009,-0.0012,-0.0022,0.0077,0.1658,0.1438
10021,10.021,-0.0004,-0.0017,-0.0038,0.0034,-0.0435,-0.2096
10022,10.022,-0.0029,-0.0005,-0.0025,-0.0007,-0.0713,-0.275
10023,10.023,-0.0026,-0.0017,-0.0049,0.0008,-0.0963,-0.3337
10024,10.024,-0.0014,0.0002,-0.0014,0.0019,-0.119,-0.2817
10025,10.025,-0.0024,0.0048,-0.0023,0.0039,-0.0989,-0.234
10026,10.026,0.0022,0.0006,-0.0005,0.0057,-0.1545,-0.8021
10027,10.027,0.0027,0.0023,-0.0055,0.0018,-0.407,-0.88
10028,10.028,0.0011,-0.0013,-0.0028,-0.003,-0.2989,-0.2462
10029,10.029,-0.0005,0.001,-0.0043,-0.0025,-0.003,0.1812
10030,10.03,0.0038,-0.0019,-0.0069,-0.0054,0.1168,0.2598
10031,10.031,0.0033,-0.0015,-0.0081,-0.0122,0.0813,0.3308
10032,10.032,-0.0002,-0.0005,-0.0082,-0.0077,0.1145,0.2673
10033,10.033,0.001,0.0019,-0.0099,-0.0035,0.1447,0.2095
10034,10.034,-0.0029,-0.0023,-0.003,-0.0029,0.1179,0.4737
10035,10.035,-0.0004,0.002,-0.0035,0.002,0.389,0.9064
10036,10.036,0.0039,-0.0009,-0.0108,0.0002,0.3532,0.383
10037,10.037,-0.0037,0.0007,-0.0074,-0.0015,0.1232,-0.1107
10038,10.038,0.0016,-0.0014,-0.0025,0.002,-0.0861,-0.1763
10039,10.039,0.0007,-0.0034,-0.0081,0.0024,-0.1137,-0.2355
10040,10.04,-0.0018,-0.0024,-0.0009,0.0003,-0.1385,-0.2888
10041,10.041,-0.0025,0,0.0003,0.0046,-0.1165,-0.2409
10042,10.042,-0.0045,-0.0043,-0.0037,0.0051,-0.0963,-0.2846
10043,10.043,0.0013,-0.0026,-0.0056,-0.0017,-0.2628,-0.8803
10044,10.044,0.002,-0.0041,-0.0103,0.0029,-0.4198,-0.6252
10045,10.045,-0.0015,0.0029,-0.0032,0.0038,-0.1958,-0.0823
10046,10.046,-0.002,-0.0044,-0.0076,0.0045,0.0136,0.2709
10047,10.047,0.0032,0.0002,-0.0049,0.0052,0.0955,0.2084
10048,10.048,-0.0003,-0.0006,-0.007,0.0035,0.1206,0.2672
10049,10.049,-0.002,0.0017,-0.0118,-0.0006,0.1433,0.3206
10050,10.05,0.0021,-0.0019,-0.0048,-0,0.1233,0.1768
10051,10.051,-0.0037,-0.0013,-0.0056,-0.0022,0.1418,0.7449
10052,10.052,0.0033,-0.0008,-0.0047,-0.0034,0.3944,0.8228
10053,10.053,-0.0013,0.0017,-0.0053,-0.0008,0.2865,0.33
10054,10.054,-0.0021,0.0029,-0.0032,-0.0018,0.0562,-0.119
10055,10.055,-0.0027,0.0009,-0.0037,0.0026,-0.0935,-0.1785
10056,10.056,-0.0007,0.0019,-0.002,0.0021,-0.1211,-0.2319
10057,10.057,-0.0012,-0.0013,-0.0067,0.0068,-0.1459,-0.2804
10058,10.058,0.0017,-0.0009,-0.0083,0.0026,-0.1237,-0.237
10059,10.059,0.0053,0.0026,-0.0054,-0.0061,-0.1035,-0.5148
10060,10.06,0.0022,0.0014,-0.003,-0.0073,-0.3442,-0.9119
10061,10.061,0.0011,0.0018,-0.0018,-0.0062,-0.3771,-0.4361
10062,10.062,-0.0008,0.0036,-0.0031,-0.0009,-0.1082,0.0132
10063,10.063,0.0016,0.0033,-0.0043,-0.0094,0.0729,0.1892
10064,10.064,-0.0021,0.0002,-0.0034,-0.0016,0.1064,0.2429
10065,10.065,0.003,0.006,-0.0086,-0.0046,0.1366,0.2917
10066,10.066,-0.0006,-0.0018,-0.0123,0.0019,0.1098,0.2486
10067,10.067,0.0061,0.0041,-0.0103,0.0035,0.0911,0.3206
10068,10.068,-0.0009,0.001,-0.0121,0.0078,0.2636,0.9164
10069,10.069,-0.0017,0.0019,-0.0058,0.0009,0.4207,0.6615
10070,10.07,0.0025,-0.0024,-0.0119,0.0037,0.1968,0.1188
10071,10.071,-0.0012,0.0014,-0.0036,0.0062,-0.0125,-0.2343
10072,10.072,-0.0018,0.002,0.0133,0.0025,-0.0944,-0.1714
10073,10.073,-0.0001,0.0003,0.0205,0.0046,-0.1193,-0.3464
10074,10.074,0.0004,0.002,0.0269,0.0016,-0.1419,-0.2942
10075,10.075,-0.0011,-0.0027,0.0288,-0.0001,-0.1218,-0.2463
10076,10.076,-0.0015,-0.0022,0.0453,0.0015,-0.2144,-0.8143
10077,10.077,0.0033,-0.0099,0.0518,-0.0016,-0.4333,-0.8921
10078,10.078,0.0016,-0.0109,0.0496,0.0013,-0.2844,-0.2584
10079,10.079,0.0033,-0.0025,0.0215,0.001,-0.0399,0.1689
10080,10.08,-0.0045,-0.0035,-0.0066,0.0034,0.1249,0.2477
10081,10.081,0.0011,-0.0004,-0.0103,-0.0003,0.0957,0.3188
10082,10.082,-0.0019,-0.005,-0.0072,0.0009,0.123,0.2554
10083,10.083,0.0008,0.0009,-0.0102,0.0021,0.1477,0.1976
10084,10.084,0.0016,-0.0028,-0.0131,0.0047,0.1255,0.5674
10085,10.085,-0.0021,-0.0049,-0.0059,0.0001,0.39,0.9039
10086,10.086,-0.0001,-0.0079,-0.0038,-0.0041,0.3541,0.4234
10087,10.087,0.0004,0.0008,-0.0019,-0.0069,0.124,-0.0259
10088,10.088,0.0033,0.002,-0.0002,-0.0001,-0.0853,-0.3181
10089,10.089,-0.0002,-0.0012,-0.002,-0.0028,-0.059,-0.3719
10090,10.09,-0.0024,0.0018,-0.0036,0.0014,-0.1331,-0.3245
10091,10.091,-0.0028,0.0045,-0.0023,-0.0008,-0.1558,-0.194
10092,10.092,-0.0002,0.0036,-0.0061,-0.0014,-0.0951,-0.3132
10093,10.093,-0.0042,-0.0001,-0.0029,-0.0044,-0.2618,-0.8547
10094,10.094,-0.0006,0.0034,-0.006,-0.0015,-0.4188,-0.623
10095,10.095,0.0045,0.0039,-0.0088,-0.0063,-0.195,-0.1298
10096,10.096,0.0009,-0.0013,-0.0062,-0.002,0.0143,0.1916
10097,10.097,0.0004,-0.002,-0.0115,-0.0003,0.0962,0.2506
10098,10.098,0.0068,0.0022,-0.0095,-0.0008,0.1211,0.3039
10099,10.099,-0.0027,0.0039,-0.0078,-0.002,0.1436,0.2562
10100,10.1,-0.0064,0.0023,-0.006,0.0027,0.1235,0.2126
10101,10.101,-0.0096,0.0035,-0.0138,-0.0015,0.142,0.7285
10102,10.102,-0.0086,0.0006,-0.0105,-0.001,0.3943,0.7989
10103,10.103,-0.0059,0.0031,-0.0135,-0.0016,0.2863,0.3504
10104,10.104,-0.0017,-0.0022,-0.0107,-0.0019,0.056,-0.1744
10105,10.105,-0.0011,0.0031,-0.008,-0.0007,-0.0939,-0.2462
10106,10.106,0.0025,0.0024,-0.0101,-0.0026,-0.1216,-0.3112
10107,10.107,0.0055,0.0081,0.0007,-0.0003,-0.1465,-0.2541
10108,10.108,0.0014,0.0012,0.0238,-0.0054,-0.1245,-0.2021
10109,10.109,-0.0011,0.0003,0.0338,-0.0033,-0.1044,-0.5389
10110,10.11,0.0019,-0.0006,0.0427,-0.0029,-0.3453,-0.9326
10111,10.111,0.0007,-0.0013,0.0456,-0.0024,-0.3784,-0.4572
10112,10.112,0.0049,-0.0033,0.0434,0.0033,-0.1097,0.1196
10113,10.113,-0.0027,-0.0038,0.0233,-0.0019,0.0713,0.1982
10114,10.114,0.0025,0.005,0.0154,-0.0026,0.1047,0.2692
10115,10.115,0.0016,0.0012,0.0084,-0.0069,0.1347,0.3335
10116,10.116,0.0024,0.0002,0.002,-0.0052,0.1078,0.2756
10117,10.117,0.0002,0.0012,0.0002,-0.0047,0.0833,0.3285
10118,10.118,0.0022,-0.0015,-0.0014,0.0022,0.2849,0.8569
10119,10.119,-0.0047,-0.0041,0.0006,0.0094,0.4205,0.6461
10120,10.12,0.0017,-0.0004,0.0024,0.003,0.1985,0.0693
10121,10.121,-0.0026,0.0003,0.004,0.0089,-0.0109,-0.1647
10122,10.122,0.0026,-0.0039,0.0006,0.0067,-0.0929,-0.2365
10123,10.123,0.0006,-0.0035,0.0019,0.0031,-0.118,-0.3012
10124,10.124,0.0011,-0.0009,0.0053,0.0036,-0.1407,-0.2441
10125,10.125,0.0028,-0.0013,0.0048,0.0041,-0.1207,-0.1919
10126,10.126,0.0022,0.0007,0.0009,0.0005,-0.1394,-0.7206
10127,10.127,0.0034,0.0004,-0.001,-0.0007,-0.392,-0.7914
10128,10.128,0.0005,-0.0013,-0.0015,-0.0028,-0.2841,-0.3432
10129,10.129,0.0009,-0.005,0.0018,0.003,-0.0539,0.1815
10130,10.13,0.0019,-0.002,0.0025,0.0072,0.0958,0.253
10131,10.131,-0.0012,-0.0031,0.0021,0.0019,0.1234,0.3178
10132,10.132,0.0006,-0.0006,-0.002,-0.0001,0.1482,0.2605
10133,10.133,-0.0017,0.0005,-0.0025,-0.0007,0.1261,0.208
10134,10.134,-0.0021,0.0001,-0.0009,0.001,0.106,0.4483
10135,10.135,-0.0035,-0.0036,-0.0005,0.0005,0.3467,0.9291
10136,10.136,-0.0033,-0,-0.0033,0.0001,0.314,0.4813
10137,10.137,-0.0006,-0.0022,-0.0008,0.0013,0.105,-0.0432
10138,10.138,-0.0003,0.0017,-0.0032,-0.003,-0.0854,-0.2556
10139,10.139,0.0001,0.0095,-0.0042,-0.0013,-0.1107,-0.3207
10140,10.14,0.0007,0.004,-0.0018,-0.0038,-0.1334,-0.2633
10141,10.141,0.0024,-0.0033,-0.0071,-0.0016,-0.1541,-0.2109
10142,10.142,0.0012,-0.0006,-0.0095,0.0023,-0.0989,-0.355
10143,10.143,0.0007,0.0037,-0.0076,0.0008,-0.2505,-0.9229
10144,10.144,-0.002,0.0074,-0.0084,0.0011,-0.4339,-0.6907
10145,10.145,-0.0016,0.001,-0.0081,-0.0001,-0.2121,-0.0561
10146,10.146,0.0021,0.0036,-0.0069,-0.0011,0.057,0.201
10147,10.147,0.0043,0.003,-0.0069,-0.0043,0.0937,0.2798
10148,10.148,0.0032,0.0037,-0.0112,0.0004,0.1268,0.3509
10149,10.149,0.0013,0.0042,-0.0069,-0.0013,0.1569,0.2878
10150,10.15,0.0003,0.0025,-0.0079,0.0052,0.13,0.2303
10151,10.151,-0.0021,-0.0022,-0.0089,0.0009,0.1546,0.7062
10152,10.152,0.0016,-0.0016,-0.0163,-0.0012,0.4011,0.7708
10153,10.153,0.0042,0.0025,-0.0142,0.0052,0.3027,0.2474
10154,10.154,0.0012,0.001,-0.0173,0.0027,0.0336,-0.1055
10155,10.155,-0.0009,-0.0012,-0.0142,0.0033,-0.0753,-0.1707
10156,10.156,-0.0019,-0.0051,-0.0141,-0.0002,-0.1087,-0.2292
10157,10.157,0.0005,-0.0004,-0.0206,0.0003,-0.1389,-0.2824
10158,10.158,0.0009,-0.0034,-0.0206,-0.0002,-0.1121,-0.2343
10159,10.159,-0.0005,-0.0005,-0.0192,0.0013,-0.0878,-0.5399
10160,10.16,0.0012,0,-0.0183,-0.0017,-0.3343,-0.9766
10161,10.161,-0.0025,0.0012,-0.0195,0.0012,-0.3673,-0.4533
10162,10.162,0.0033,-0.0027,-0.0156,0.0022,-0.0986,0.0406
10163,10.163,-0.0019,0.0008,-0.0233,0.0005,0.0824,0.2344
10164,10.164,0.003,-0.0042,-0.0196,-0.0026,0.1159,0.2936
10165,10.165,-0.0013,-0.0007,-0.0214,-0.0007,0.146,0.2416
10166,10.166,0.0004,0.0035,-0.0275,0.0003,0.1192,0.2905
10167,10.167,-0.0021,-0.0005,-0.0305,-0.0014,0.0947,0.3346
10168,10.168,-0.0004,0.0032,-0.0302,-0.0059,0.2487,0.8796
10169,10.169,-0.0055,0.0007,-0.0281,-0.0041,0.4056,0.6818
10170,10.17,0.0009,0.0003,-0.0286,-0.0024,0.1817,0.1396
10171,10.171,0.0018,0.0051,-0.0331,-0.0007,-0.0277,-0.2487
10172,10.172,-0.002,-0.0019,-0.0318,-0.0005,-0.1096,-0.1796
10173,10.173,-0.0055,0.0008,-0.0264,-0.0018,-0.1346,-0.2441
10174,10.174,-0.0013,-0.0034,-0.0133,-0.0016,-0.1126,-0.3025
10175,10.175,-0.0008,-0.0027,0.0043,0.0002,-0.1332,-0.2498
10176,10.176,0.0008,-0.0063,0.0106,0.004,-0.1518,-0.7782
10177,10.177,-0.0035,-0.0032,0.0075,0.0004,-0.4043,-0.8487
10178,10.178,0.0006,-0.0049,0.0127,-0.0018,-0.2964,-0.2724
10179,10.179,0.0001,-0.0075,0.0174,-0.0047,-0.0662,0.1162
10180,10.18,0.0013,-0.0033,0.0182,-0.0021,0.0836,0.1881
10181,10.181,0.0016,-0.0028,0.0219,-0.0004,0.057,0.253
10182,10.182,0.0035,0.002,0.0224,0.0026,0.0819,0.3118
10183,10.183,0.0031,0.0036,0.0205,0.0062,0.1492,0.2594
10184,10.184,0.0021,-0.0016,0.0187,-0.0008,0.129,0.4999
10185,10.185,-0.0021,0.0048,0.019,-0.0038,0.3697,0.8934
10186,10.186,-0.0004,-0.0011,0.0228,-0.0011,0.3371,0.5239
10187,10.187,-0.0021,-0.0005,0.0196,-0.0054,0.1281,-0.006
10188,10.188,-0.0057,0.0016,0.0242,-0.0017,-0.0622,-0.2183
10189,10.189,-0.0015,0.0046,0.0243,-0.0052,-0.0874,-0.2831
10190,10.19,-0.0043,0.0017,0.0295,-0.0036,-0.1101,-0.3417
10191,10.191,-0.0038,-0.004,0.0267,-0.0041,-0.1308,-0.2893
10192,10.192,-0.006,-0.0047,0.0327,-0.0057,-0.1125,-0.4336
10193,10.193,0.0004,-0.0083,0.0382,0.0004,-0.2303,-1.0015
10194,10.194,-0.0004,-0.0041,0.0308,0.0063,-0.4294,-0.6149
10195,10.195,0.0004,-0.0046,0.0313,0.0041,-0.1855,-0.1216
10196,10.196,0.0011,0.0021,0.0369,0.0006,0.0449,0.1999
10197,10.197,0.0017,0.0013,0.0418,0.0063,0.0755,0.2591
10198,10.198,0.0048,-0.0047,0.0423,0.0056,0.1029,0.3127
10199,10.199,0.0007,-0.0084,0.0516,-0.0008,0.1278,0.2652
10200,10.2,0.0023,-0.002,0.0528,0,0.1057,0.2218
10201,10.201,-0.0008,0.0058,0.0338,0.0007,0.1666,0.738
10202,10.202,0.0012,0.0067,-0.002,0.0027,0.4074,0.8086
10203,10.203,0.0023,0.0059,-0.0067,0.0022,0.309,0.3603
10204,10.204,0.0026,0.0084,-0.0023,0.0027,0.04,-0.1645
10205,10.205,0.0023,0.0062,-0.0061,0.0022,-0.0689,-0.2363
10206,10.206,0.0009,0.0026,-0.0024,0.0025,-0.1022,-0.3011
10207,10.207,0.0016,0.0031,-0.0054,0.0064,-0.1324,-0.2437
10208,10.208,0.0004,0.0036,-0.0024,0.0048,-0.1597,-0.1914
10209,10.209,0.0009,0.0051,-0.0048,-0.0003,-0.0861,-0.4319
10210,10.21,0.0014,0.0062,-0.0021,0.0033,-0.3326,-0.9129
10211,10.211,0.0016,0.0023,-0.004,0.0016,-0.3657,-0.4655
10212,10.212,0.0041,-0.0002,-0.0016,0.001,-0.1568,0.059
10213,10.213,0.0038,0.0028,0.0007,0.0015,0.0879,0.2712
10214,10.214,0.0034,0.0031,-0.0039,0.0012,0.1213,0.208
10215,10.215,-0.0008,0.0013,-0.0049,-0.0008,0.1514,0.2665
10216,10.216,-0.0013,-0.004,-0.0057,0.001,0.1246,0.214
10217,10.217,0.004,-0.0018,-0.0063,-0.0007,0.1001,0.2621
10218,10.218,0.0033,-0.0025,-0.0047,0.0017,0.257,0.9173
10219,10.219,-0.0009,-0.002,-0.0051,-0.0026,0.3994,0.6367
10220,10.22,-0.0004,-0.0049,-0.0071,-0.0109,0.1956,0.2098
10221,10.221,-0.004,0.0029,-0.0073,-0.0119,-0.0491,-0.1789
10222,10.222,-0.0036,-0.0003,-0.0059,-0.0046,-0.0826,-0.2506
10223,10.223,-0.0033,0.0007,-0.0045,-0.0073,-0.1129,-0.3153
10224,10.224,-0.0023,-0.0057,-0.0067,-0.0065,-0.1402,-0.2579
10225,10.225,-0.0026,-0.0015,-0.0031,0.0005,-0.1159,-0.2055
10226,10.226,-0.0002,-0.0022,-0.0048,-0.0004,-0.1384,-0.7342
10227,10.227,-0.0033,-0.0015,-0.0052,-0.0012,-0.403,-0.805
10228,10.228,-0.0004,0.0015,-0.0048,-0.0006,-0.2951,-0.3568
10229,10.229,0.0032,0.002,-0.0037,-0.0013,-0.0648,0.168
10230,10.23,0.002,-0.0015,-0.0054,0.0045,0.085,0.2395
10231,10.231,0.0009,0.0007,-0.0085,-0.0008,0.1126,0.3042
10232,10.232,-0.0016,-0.0022,-0.0081,-0.0043,0.1374,0.2468
10233,10.233,-0.004,-0.0012,-0.0072,0.0026,0.1153,0.1943
10234,10.234,0.0011,0.0041,-0.01,0.0018,0.0952,0.4348
10235,10.235,-0.0009,-0.0011,-0.0097,0.0077,0.336,0.9156
10236,10.236,0.0021,-0.0004,-0.0102,0.004,0.3034,0.468
10237,10.237,-0.0019,0.0001,-0.006,0.0076,0.0945,-0.0564
10238,10.238,0.0017,0.0018,-0.0024,0.0092,-0.0417,-0.2685
10239,10.239,0.0028,-0.006,-0.003,0.0064,-0.0668,-0.2053
10240,10.24,-0.001,-0.0004,-0.0082,0.0028,-0.1343,-0.2638
10241,10.241,-0.0005,0.0006,-0.0068,-0.0002,-0.1143,-0.3169
10242,10.242,-0.0009,0.0015,-0.0026,-0.0058,-0.096,-0.2689
10243,10.243,0.0039,-0.001,-0.0014,-0.0065,-0.2138,-0.9241
10244,10.244,0.0008,-0.0032,0.0021,-0.0085,-0.4129,-0.6435
10245,10.245,-0.0032,-0.0025,-0.0062,-0.0054,-0.2232,-0.0463
10246,10.246,-0.0068,-0.0008,-0.0046,-0.0013,0.0485,0.1878
10247,10.247,0.0002,-0.0003,-0.0074,-0.0008,0.0853,0.2597
10248,10.248,-0.0008,0.0045,-0.008,0.0014,0.1186,0.3248
10249,10.249,-0.0017,0.005,-0.0104,-0.0014,0.1487,0.2677
10250,10.25,-0.0025,0.0033,-0.0023,-0.0024,0.1219,0.2156
10251,10.251,-0.0018,-0.0024,-0.005,-0.0007,0.1466,0.7444
10252,10.252,0.0002,-0.0002,-0.0074,0.0023,0.3931,0.8154
10253,10.253,-0.0003,-0.0009,-0.0064,0.0042,0.2949,0.3676
10254,10.254,0.0014,-0.0025,-0.0068,0.0052,0.026,-0.1568
10255,10.255,0.0008,0.0004,-0.0102,0.0029,-0.0829,-0.2281
10256,10.256,0.0005,0.0051,-0.0042,0.0066,-0.1163,-0.2926
10257,10.257,0.0044,0.0009,-0.0062,0.003,-0.1464,-0.2349
10258,10.258,-0.0014,0.0014,-0.0081,0.0042,-0.1197,-0.1821
10259,10.259,0.0008,-0.0053,-0.0074,0.0031,-0.0953,-0.422
10260,10.26,0.0028,-0.0007,-0.0032,0.0005,-0.3418,-0.9024
10261,10.261,0.0045,-0.0033,-0.0108,-0.0047,-0.3748,-0.4544
10262,10.262,-0.002,-0.0011,-0.0139,-0.01,-0.1061,0.0705
10263,10.263,-0.0028,-0.0031,-0.0147,-0.0064,0.075,0.2832
10264,10.264,0.0024,0.0027,-0.01,-0.0022,0.1084,0.2206
10265,10.265,0.0003,0.002,-0.0107,-0.0017,0.1386,0.2794
10266,10.266,-0.0027,0.0013,-0.0143,-0.0002,0.1118,0.2274
10267,10.267,0.0048,0.003,-0.0121,0.002,0.0875,0.2759
10268,10.268,-0.0025,0.0025,-0.0115,-0.0018,0.2443,0.8442
10269,10.269,-0.0011,-0.0004,-0.0112,-0.0061,0.4119,0.6842
10270,10.27,0.0034,0.0001,-0.0105,0.0007,0.188,0.1416
10271,10.271,-0.0025,-0.0003,-0.0088,0.0053,-0.0213,-0.2112
10272,10.272,0.0044,0.0053,-0.0138,0.0027,-0.1032,-0.2762
10273,10.273,-0.0021,0.0016,-0.0087,0.0006,-0.1282,-0.3346
10274,10.274,0.0004,-0.0005,0.0009,0.0041,-0.1061,-0.2823
10275,10.275,0.001,-0.001,0.0219,0.0046,-0.1267,-0.2344
10276,10.276,-0.0025,-0.0027,0.0308,0.0075,-0.1452,-0.7147
10277,10.277,-0.0021,-0.0012,0.0391,0.0008,-0.3976,-0.9068
10278,10.278,-0.0026,-0.0042,0.0516,-0.0019,-0.2897,-0.2667
10279,10.279,-0.0084,0.0022,0.0496,0.0006,-0.0594,0.1608
10280,10.28,-0.0122,0.0013,0.0518,-0.0031,0.0903,0.2397
10281,10.281,-0.0044,0.0005,0.024,-0.0024,0.118,0.3109
10282,10.282,-0.0014,-0.0032,-0.0037,-0.0041,0.1428,0.2477
10283,10.283,0.0013,-0.0026,0.0001,-0.0058,0.1207,0.1901
10284,10.284,0.0004,-0.0068,-0.0096,0.0019,0.1005,0.4545
10285,10.285,0.0011,-0.0016,-0.0065,-0.0013,0.3413,0.8873
10286,10.286,0.0017,-0.0009,0.0019,0.004,0.3743,0.3644
10287,10.287,0.0022,0.0008,0.0045,-0.0025,0.1055,-0.1291
10288,10.288,0.0027,0.0003,0.0069,0.0034,-0.0757,-0.1945
10289,10.289,0.0042,0.0038,0.0051,-0.0018,-0.1091,-0.2535
10290,10.29,0.002,-0.0023,0.0072,0.0002,-0.1391,-0.3068
10291,10.291,0.0008,0.0019,0.0058,-0.0028,-0.1124,-0.2592
10292,10.292,0.0043,-0.0018,0.0015,-0.0023,-0.088,-0.2157
10293,10.293,0.0012,0.0017,-0.0023,-0.0101,-0.2,-0.8112
10294,10.294,0,0.0034,0.0018,-0.0069,-0.424,-0.7265
10295,10.295,-0.001,0.0005,0.0053,-0.0059,-0.2154,-0.1836
10296,10.296,0.0007,-0.0011,0.0004,-0.0013,-0.0251,0.1697
10297,10.297,0.0037,-0.0023,-0.002,-0.0005,0.0494,0.2348
10298,10.298,0.0011,-0.0035,0.0042,0.0002,0.117,0.2934
10299,10.299,0.0028,-0.0009,0.0008,0.0022,0.1376,0.3468
10300,10.3,0.0031,0.0023,0.0005,0.0027,0.1194,0.203
10301,10.301,0.0006,-0.0006,0.0004,0.001,0.1363,0.6834
10302,10.302,-0.0018,-0.0016,0.0024,0.0068,0.3659,0.8757
10303,10.303,-0.0001,-0.0069,0.0003,0.0074,0.3332,0.3521
10304,10.304,-0.0015,-0.0047,-0.0016,-0.0003,0.0642,-0.1417
10305,10.305,-0.0021,0.0031,0.0017,0.0049,-0.0446,-0.2072
10306,10.306,-0.0004,0.002,-0.0005,-0.0015,-0.0779,-0.2663
10307,10.307,0.0009,-0.0064,0.0022,0.001,-0.108,-0.3198
10308,10.308,-0.0004,-0.0008,-0.0012,0.0032,-0.1353,-0.1761
10309,10.309,-0.0013,-0.0019,-0.0032,0.0039,-0.111,-0.482
10310,10.31,0.0009,0.0008,-0,0.0044,-0.3127,-0.9191
10311,10.311,0.0035,0.005,-0.0055,0.0003,-0.394,-0.5126
10312,10.312,-0.0004,0.0013,-0.001,-0.0012,-0.1227,0.0698
10313,10.313,0.0022,0.002,-0.0044,-0.0055,0.0584,0.3035
10314,10.314,0.0025,0.0062,-0.0021,-0.005,0.092,0.2342
10315,10.315,0.0029,0.0045,-0.0035,-0.0003,0.1221,0.2986
10316,10.316,0.0003,0.004,-0.0049,-0.0045,0.1495,0.2408
10317,10.317,-0.002,0.0018,-0.0021,-0.004,0.0759,0.2937
10318,10.318,-0.0023,0.0065,-0.0022,-0.0035,0.2328,0.9182
10319,10.319,-0.001,0.0035,-0.0031,-0.0046,0.4162,0.6631
10320,10.32,0.003,0.0006,-0.0038,-0.0007,0.1944,0.1202
10321,10.321,0.0025,-0.0009,-0.0032,-0.0002,-0.0149,-0.2332
10322,10.322,-0.0001,-0.0013,-0.004,0.0028,-0.0968,-0.1708
10323,10.323,-0.0004,-0.0024,-0.0039,0.0017,-0.1218,-0.2297
10324,10.324,0.0025,0.0001,-0.0025,0.0013,-0.1444,-0.2833
10325,10.325,0.0022,0.0018,-0.0044,0.0017,-0.1243,-0.2357
10326,10.326,0.0032,0.0001,0.0001,0.0041,-0.1428,-0.7163
10327,10.327,0.0009,0.0031,-0.0002,0.0048,-0.3952,-0.9087
10328,10.328,0.0003,-0.0008,-0.0005,0.0049,-0.2873,-0.2691
10329,10.329,-0.0009,-0.0033,-0.0009,0.0066,-0.057,0.1581
10330,10.33,-0.0021,-0.0021,-0.0051,0.0046,0.0927,0.2369
10331,10.331,-0.0015,-0.0009,-0.0045,0.007,0.1204,0.3079
10332,10.332,-0.0001,0.001,-0.003,0.0094,0.1453,0.2445
10333,10.333,-0.0009,-0.0043,-0.0092,0.0051,0.1232,0.1867
10334,10.334,-0.0007,-0.0036,0.0019,0.0009,0.103,0.4508
10335,10.335,-0.0025,0.0028,-0.0059,0.0004,0.3438,0.8833
10336,10.336,-0.0035,0.0003,-0.0047,-0.0031,0.3769,0.4766
10337,10.337,0.0003,0.001,-0.0037,-0.0073,0.1081,-0.0005
10338,10.338,0.0009,0.0031,-0.0049,-0.0068,-0.0729,-0.1941
10339,10.339,-0.0021,0,-0.0083,-0.0103,-0.1063,-0.2533
10340,10.34,-0.0018,-0.0005,-0.0077,-0.0099,-0.1363,-0.3069
10341,10.341,-0.0036,-0.002,-0.0106,-0.0035,-0.1095,-0.2594
10342,10.342,-0.0019,0.0011,-0.0103,0.0069,-0.085,-0.3034
10343,10.343,-0.0001,0.0023,-0.0087,-0.0027,-0.2418,-0.8989
10344,10.344,0.0012,0.0005,-0.0087,-0.0015,-0.4251,-0.6438
10345,10.345,0.0006,0.0008,-0.0156,-0.0025,-0.2032,-0.1012
10346,10.346,0.0033,-0.0002,-0.0103,-0.0015,0.0061,0.2519
10347,10.347,0.0044,-0.0008,-0.0116,0.0012,0.0881,0.1892
10348,10.348,0.0014,-0.0042,-0.0115,-0.003,0.113,0.2479
10349,10.349,-0.0012,-0.0011,-0.0179,0.004,0.1357,0.3012
10350,10.35,0.0041,-0.0014,-0.0192,0.0031,0.1157,0.1573
10351,10.351,0.0004,0.0028,-0.0178,0.0006,0.1343,0.6378
10352,10.352,0.0011,-0.0024,-0.0189,-0.0016,0.3868,0.8299
10353,10.353,-0.0006,-0.0017,-0.0108,0.002,0.2789,0.3062
10354,10.354,-0.0023,-0.0012,0.0074,0.0051,0.0488,-0.0471
10355,10.355,-0.0018,-0.0017,0.0258,0.0022,-0.1009,-0.2406
10356,10.356,-0.0014,-0.0022,0.0324,-0.0014,-0.0743,-0.2997
10357,10.357,-0.0034,0.0021,0.0382,-0.001,-0.0991,-0.2477
10358,10.358,0.0001,-0.0008,0.0395,-0.0013,-0.1216,-0.2003
10359,10.359,-0.0029,0.0008,0.0108,0.0029,-0.1015,-0.419
10360,10.36,-0.0018,0.002,-0.0018,0.0001,-0.3422,-0.9355
10361,10.361,-0.0014,0.0041,-0.0061,0.0036,-0.3752,-0.5842
10362,10.362,0.0025,-0.0016,-0.0167,0.0048,-0.1663,-0.0074
10363,10.363,-0.0011,0.0026,-0.0204,-0.0007,0.0784,0.2261
10364,10.364,-0.0053,-0.0011,-0.0239,-0.0001,0.112,0.2973
10365,10.365,-0.0001,-0.0003,-0.0223,-0.0065,0.1422,0.2336
10366,10.366,-0.0021,-0.002,-0.0165,-0.004,0.1154,0.2919
10367,10.367,-0.0016,-0.0025,-0.0234,-0.0018,0.0912,0.2391
10368,10.368,0.0036,-0.0009,-0.026,-0.0053,0.2481,0.8636
10369,10.369,0.0001,0.0013,-0.0217,-0.0036,0.4314,0.7787
10370,10.37,0.0053,0.0013,-0.0223,-0.0014,0.2173,0.1704
10371,10.371,0.0023,0.0025,-0.0276,0.0003,-0.0051,-0.2183
10372,10.372,0.0017,-0.0026,-0.0324,-0.0033,-0.0951,-0.1498
10373,10.373,0.0002,0.0039,-0.0269,-0.0003,-0.1226,-0.3425
10374,10.374,-0.0002,0.0013,-0.0308,0.0036,-0.1474,-0.2853
10375,10.375,0.001,-0.0008,-0.0157,0.002,-0.1253,-0.2331
10376,10.376,-0.0016,-0.0002,-0.0008,0.0008,-0.1051,-0.6658
10377,10.377,-0.0026,0.0029,0.0128,-0.0021,-0.383,-0.8409
10378,10.378,-0.0016,-0.0023,0.014,-0.0011,-0.2642,-0.3652
10379,10.379,-0.0042,-0.0003,0.0117,0.0013,-0.0834,0.0838
10380,10.38,-0.0094,0.0027,0.0157,-0.0005,0.0815,0.2593
10381,10.381,-0.0073,0.0044,0.0249,-0.0003,0.1118,0.3125
10382,10.382,-0.0037,0.0019,0.0232,0.0008,0.1393,0.2648
10383,10.383,0.0005,-0.0032,0.0195,-0.0029,0.115,0.2211
10384,10.384,-0.0048,-0.0012,0.0243,-0.0055,0.0928,0.4194
10385,10.385,-0.0013,-0.0017,0.0303,-0.0067,0.3166,0.8885
10386,10.386,0.0056,-0.0034,0.0308,-0.0003,0.3466,0.5686
10387,10.387,0.0029,0.0002,0.0342,-0.0031,0.1024,0.0437
10388,10.388,0.002,0.0014,0.0303,-0.0023,-0.1281,-0.169
10389,10.389,0.0013,-0.0042,0.0317,0.0029,-0.0991,-0.2344
10390,10.39,0.002,-0.002,0.0356,0.0022,-0.1265,-0.2933
10391,10.391,0.0025,-0.0041,0.0432,0.0017,-0.1513,-0.3469
10392,10.392,0.003,0.0002,0.042,0.0012,-0.0843,-0.3953
10393,10.393,0.0004,0.0006,0.0491,0.0059,-0.2267,-0.8761
10394,10.394,0.0007,0.0032,0.0555,0.0001,-0.4306,-0.6849
10395,10.395,0.0036,0.001,0.0477,0.0007,-0.1867,-0.161
10396,10.396,0.0017,0.0021,0.0319,0.0056,0.0437,0.1922
10397,10.397,0.0014,0.0003,0.0027,0.0025,0.1337,0.2574
10398,10.398,0.0051,-0.0014,-0.0011,0.0008,0.1071,0.3158
10399,10.399,0.0029,0.0002,-0.0046,0.0003,0.1319,0.2635
10400,10.4,-0.0011,0.0001,-0.0076,0.0045,0.1097,0.2157
10401,10.401,0.0025,-0.0006,-0.0046,0.0016,0.1301,0.696
10402,10.402,0.0021,0.0031,0.0038,0.0021,0.4079,0.8882
10403,10.403,0.001,-0.0037,-0.0033,0.0032,0.2891,0.3646
10404,10.404,0.0013,-0.0029,-0.0051,0.0079,0.0361,-0.1292
10405,10.405,0.0023,0.003,-0.0068,-0.0016,-0.063,-0.1945
10406,10.406,0.004,-0.0023,-0.0046,-0.0085,-0.0934,-0.2536
10407,10.407,-0.0003,-0.003,0.0009,-0.0123,-0.1208,-0.307
10408,10.408,-0.0033,-0.0047,-0.0002,-0.0113,-0.1456,-0.2593
10409,10.409,0.0007,-0.0052,-0.0011,-0.0083,-0.0786,-0.4779
10410,10.41,-0.0008,-0.011,0.0031,-0.0037,-0.3432,-0.9148
10411,10.411,-0.0038,-0.001,-0.002,-0.0012,-0.3795,-0.5083
10412,10.412,0.0001,-0.0024,-0.0025,0.0025,-0.1495,-0.0313
10413,10.413,-0.0025,0.0013,-0.0012,0.0018,0.0598,0.2901
10414,10.414,0.0006,0.0023,-0.0032,0.0013,0.0876,0.2332
10415,10.415,-0.0023,0.0053,-0.0004,0.0018,0.1126,0.2867
10416,10.416,0.0019,-0.0011,-0.0005,-0.0008,0.1352,0.2391
10417,10.417,-0.0045,-0.002,-0.0056,0.0014,0.115,0.2832
10418,10.418,-0.0019,0.0017,-0.0028,0.0053,0.2076,0.8788
10419,10.419,-0.0026,0.0024,-0.0086,0.01,0.4265,0.624
10420,10.42,-0.0006,0.0007,-0.0054,0.0083,0.2179,0.2362
10421,10.421,0.0025,0.0035,-0.004,0.01,-0.0267,-0.2576
10422,10.422,0.0054,0.004,-0.0026,0.0032,-0.0602,-0.195
10423,10.423,-0.0004,-0.003,-0.0036,0.0024,-0.0904,-0.2537
10424,10.424,0.0003,0.0043,-0.0057,-0.0019,-0.1178,-0.307
10425,10.425,0.001,0.0016,-0.0025,0.0034,-0.0934,-0.163
10426,10.426,0.0005,0.0007,-0.0078,-0.0015,-0.1158,-0.6435
10427,10.427,0.0022,0.0029,-0.0045,0.0043,-0.3804,-0.8356
10428,10.428,0.0006,0.0036,-0.0059,0.0021,-0.3445,-0.312
10429,10.429,-0.0015,0.0018,-0.0045,0.0028,-0.0486,0.182
10430,10.43,0.0005,0.0023,-0.0043,0.0011,0.0711,0.2476
10431,10.431,0.0015,-0.0024,-0.0019,-0.0005,0.1077,0.3065
10432,10.432,0.0025,0.0018,-0.0028,-0.0041,0.1409,0.2545
10433,10.433,-0.0018,0.0047,-0.0073,-0.0028,0.1114,0.2069
10434,10.434,-0.0001,0.0011,-0.0087,-0.0057,0.0846,0.4256
10435,10.435,0.0025,-0.0019,-0.004,-0.0053,0.3064,0.9421
10436,10.436,0.0013,0.0001,-0.0018,-0.0001,0.396,0.5909
10437,10.437,-0.0015,0.0011,-0.0029,-0.0053,0.1518,0.0143
10438,10.438,-0.0019,0.0001,-0.0067,-0.0101,-0.0786,-0.2191
10439,10.439,-0.0008,0.0012,-0.0047,-0.0059,-0.1089,-0.2902
10440,10.44,-0.0032,0.0005,-0.0028,-0.0018,-0.1363,-0.3546
10441,10.441,-0.0018,0.0029,-0.0046,0.0008,-0.112,-0.2968
10442,10.442,-0.0011,-0.0022,-0.0031,0.0051,-0.0897,-0.2442
10443,10.443,-0.0043,-0.0002,-0.0039,0.0034,-0.1914,-0.8688
10444,10.444,0.0022,-0.0006,-0.006,0.005,-0.4321,-0.7839
10445,10.445,-0.0005,-0.0011,-0.0027,-0,-0.2023,-0.241
10446,10.446,-0.0014,-0.0059,-0.0028,0.0007,0.0071,0.253
10447,10.447,0.0024,-0.0028,-0.0066,0.0013,0.0891,0.1907
10448,10.448,0.0003,0.0013,0.0002,-0.0003,0.1142,0.2497
10449,10.449,-0.0027,-0.0003,-0.0061,-0.0028,0.1369,0.3032
10450,10.45,-0.0032,-0.0033,-0.0086,0.0042,0.1169,0.1595
10451,10.451,0.0004,0.0032,-0.0064,-0.0009,0.1355,0.6402
10452,10.452,-0.0018,0.004,-0.01,0.0018,0.3881,0.8326
10453,10.453,0.0021,0.0015,-0.0083,0.0027,0.2803,0.3092
10454,10.454,-0.0037,0.0022,-0.01,0.0034,0.0502,-0.0438
10455,10.455,-0.0015,0.0029,-0.0105,-0.0001,-0.0996,-0.237
10456,10.456,0.0021,-0.0013,-0.0094,0.0017,-0.073,-0.2959
10457,10.457,0.0016,-0.0008,-0.0092,-0.0024,-0.1471,-0.2436
10458,10.458,0.0033,0.0018,-0.0102,0.0044,-0.1249,-0.1958
10459,10.459,0.0007,0.0022,-0.01,-0.0001,-0.1047,-0.4144
10460,10.46,0.0004,-0.0034,-0.0084,0.0024,-0.3084,-0.9307
10461,10.461,0.0007,-0.0012,-0.0078,0.0062,-0.3898,-0.5792
10462,10.462,0.0003,0.0024,-0.0086,-0.0031,-0.1678,-0.0022
10463,10.463,-0.0007,0.0019,-0.0125,-0.0019,0.0416,0.2316
10464,10.464,0.0003,-0.0021,-0.0142,-0.0008,0.1235,0.3032
10465,10.465,-0.0022,-0.0026,-0.0082,0.0023,0.1484,0.2399
10466,10.466,0.003,0.0036,-0.0109,0.0031,0.1263,0.2984
10467,10.467,0.0008,-0.0006,-0.0117,0.0006,0.1062,0.2459
10468,10.468,0.0029,-0.0028,-0.0126,0.0028,0.1988,0.8706
10469,10.469,0.0034,-0.0008,-0.0185,0.0022,0.4177,0.7859
10470,10.47,0.0039,0.0009,-0.018,0.0017,0.2092,0.2432
10471,10.471,0.0003,0.0026,-0.0156,-0.0024,-0.014,-0.1921
10472,10.472,0.0018,-0.0014,-0.0122,-0.0019,-0.0959,-0.2637
10473,10.473,0.0006,0.0011,-0.0166,-0.0066,-0.1209,-0.3285
10474,10.474,-0.0006,-0.0001,-0.0172,-0.0097,-0.1436,-0.2712
10475,10.475,0.0013,0.0047,-0.0138,-0.0021,-0.1235,-0.2189
10476,10.476,-0.0011,-0.0036,-0.007,-0.0051,-0.1053,-0.6514
10477,10.477,-0.0008,-0.0004,0.0086,-0.0006,-0.3578,-0.9425
10478,10.478,-0.0038,-0.0034,0.024,-0.0014,-0.322,-0.3611
10479,10.479,0.0026,-0.0026,0.026,-0.0008,-0.0919,0.1822
10480,10.48,-0.0038,-0.0018,0.0352,-0.0044,0.1175,0.2537
10481,10.481,-0.0081,-0.0011,0.0368,-0.0014,0.0909,0.3184
10482,10.482,-0.0074,-0.0004,0.0413,-0.0019,0.1157,0.2609
10483,10.483,-0.0054,-0.0087,0.0426,0.0016,0.1382,0.2083
10484,10.484,-0.0012,-0.0077,0.0462,0.0004,0.0774,0.3524
10485,10.485,-0.0029,-0.0025,0.054,0.0015,0.3181,0.8328
10486,10.486,-0.0013,-0.0071,0.0529,-0.001,0.351,0.513
10487,10.487,-0.001,0.0007,0.0408,-0.0007,0.1422,-0.0117
10488,10.488,0.0046,0.0017,0.0154,0.0016,-0.0483,-0.2244
10489,10.489,-0.0007,0.0025,-0.0099,-0.0027,-0.0736,-0.2897
10490,10.49,0.0013,-0,-0.0067,-0.0032,-0.1413,-0.2327
10491,10.491,0.0019,0.0021,-0.0037,-0.0016,-0.1213,-0.2862
10492,10.492,0.0014,0.0028,-0.0009,-0.0074,-0.1031,-0.2385
10493,10.493,-0.0002,0.0045,0.0015,-0.0096,-0.1874,-0.8066
10494,10.494,0.001,0.0028,0.0039,-0.0117,-0.4171,-0.73
10495,10.495,0.0039,0.0012,0.002,-0.0135,-0.2531,-0.237
10496,10.496,0.0004,0.0042,0.004,-0.013,0.0159,0.2121
10497,10.497,-0.0008,-0.0014,0.0025,-0.0083,0.1247,0.2715
10498,10.498,0.0012,-0.0036,0.0042,-0.0001,0.0923,0.3248
10499,10.499,0.0048,-0.0016,0.0058,0.0008,0.1223,0.2772
10500,10.5,-0.0003,0.0014,0.0023,0.0102,0.0953,0.2339
10501,10.501,0.0017,0.0031,0.0036,0.0065,0.0709,0.6705
10502,10.502,0.0034,0.0026,0.0049,0.0075,0.407,0.8451
10503,10.503,-0.0006,-0.0035,0.0006,0.0044,0.359,0.3691
10504,10.504,0.0029,-0.0027,0.0017,0.0089,0.0527,-0.0801
10505,10.505,0.0026,-0.0034,-0.0017,0.008,-0.067,-0.2558
10506,10.506,-0.0013,0.0001,-0.002,0.0043,-0.1036,-0.3096
10507,10.507,0.0002,-0.0057,0.0026,0.0078,-0.1368,-0.2622
10508,10.508,0.0033,-0.005,-0.0047,0.0035,-0.1074,-0.2189
10509,10.509,0.003,-0.0044,-0.0012,0.0052,-0.0805,-0.4175
10510,10.51,-0.0013,-0.0049,-0.0017,0.0026,-0.3024,-0.959
10511,10.511,0.0016,0.0015,-0.0038,0.0029,-0.3919,-0.5723
10512,10.512,-0.0009,0.0023,-0.0012,0.0032,-0.1478,-0.0788
10513,10.513,-0.0021,-0.0014,-0.0043,0.0029,0.0826,0.2426
10514,10.514,-0.0033,0.0021,0.0004,0.0032,0.113,0.3017
10515,10.515,0.0009,0.0038,-0.002,0.0015,0.1404,0.2496
10516,10.516,-0.0008,0.0078,-0.001,0.0008,0.1162,0.298
10517,10.517,0.0008,0.0042,0.0006,0.0001,0.0939,0.2547
10518,10.518,0.0011,0.0054,-0.0001,0.0028,0.1957,0.8502
10519,10.519,-0.0001,0.0042,-0.0006,0.006,0.4365,0.7656
10520,10.52,0.0003,0.0016,-0.0011,-0.0005,0.2067,0.2229
10521,10.521,0.0013,0.0055,-0.0003,0.0041,-0.0026,-0.1304
10522,10.522,0.0016,0.0008,0.0021,-0.0002,-0.0845,-0.1958
10523,10.523,0.0018,0.005,0.0014,-0.0009,-0.1095,-0.2545
10524,10.524,-0.0021,-0.0038,-0.0013,-0.0002,-0.1322,-0.308
10525,10.525,0.0008,0.0024,-0.0019,-0.0044,-0.1121,-0.1642
10526,10.526,-0.0007,0.0035,0.0005,-0.0061,-0.1306,-0.6448
10527,10.527,0.0004,0.0004,-0.0036,-0.0036,-0.383,-0.965
10528,10.528,-0.0034,-0.0005,0.0012,0.0007,-0.3471,-0.3255
10529,10.529,-0.0029,0.0004,-0.0023,0.0012,-0.0513,0.1018
10530,10.53,0.0013,0.0041,0.0007,-0.0014,0.0684,0.1808
10531,10.531,0.0008,-0.0008,-0.0019,0.0029,0.1051,0.2519
10532,10.532,-0.004,0.0009,-0.0018,0,0.1383,0.3165
10533,10.533,0.0018,-0.0032,0.0036,0.0036,0.1088,0.2588
10534,10.534,-0.0034,-0.0016,0.0004,0.0058,0.0819,0.4173
10535,10.535,-0.0027,-0.0047,0.0012,-0.0006,0.3037,0.9461
10536,10.536,0.0003,-0.0035,0.002,-0.0014,0.3933,0.5946
10537,10.537,-0.0013,0.0007,-0.0003,-0.0022,0.1491,0.0178
10538,10.538,-0.0028,0.0003,-0.0032,-0.0029,-0.0157,-0.2159
10539,10.539,-0.004,-0.0033,-0.0034,-0.0021,-0.1057,-0.2871
10540,10.54,-0.006,-0.0044,0.0024,-0.0016,-0.133,-0.3516
10541,10.541,-0.0025,-0.0032,-0.0001,0.0001,-0.1088,-0.2939
10542,10.542,0.0006,-0.0035,-0.0054,0.007,-0.1312,-0.2413
10543,10.543,-0.0006,-0.0018,0.0023,0.0154,-0.1921,-0.8658
10544,10.544,0.0004,0.0013,-0.0008,0.0077,-0.4329,-0.781
10545,10.545,-0.0006,0.0016,-0.0074,0.0067,-0.2688,-0.2382
10546,10.546,0.0031,0.0027,-0.0016,0.0059,0.0004,0.2557
10547,10.547,0.0035,0.0003,-0.0055,0.0001,0.1093,0.1934
10548,10.548,0.0038,0.0046,-0.0036,-0.0068,0.1427,0.2522
10549,10.549,0.0003,0.0004,-0.0042,-0.019,0.1132,0.3058
10550,10.55,0.0014,0.0009,-0.0049,-0.0138,0.1405,0.1622
10551,10.551,-0.0033,-0.0006,-0.0088,-0.0031,0.1162,0.6429
10552,10.552,0.0009,0.0025,-0.0094,-0.0017,0.4075,0.8353
10553,10.553,0.0004,0.0064,-0.0042,-0.0005,0.2888,0.312
10554,10.554,0.0029,0.0006,-0.0068,-0.006,0.036,-0.0409
10555,10.555,0.0026,-0.0015,-0.0038,-0.0029,-0.0631,-0.2342
10556,10.556,0.0038,-0.0008,-0.0073,-0.002,-0.0935,-0.293
10557,10.557,0.0012,-0.0013,-0.0073,-0.0045,-0.1209,-0.2407
10558,10.558,-0.0034,0.0004,-0.0094,-0.0114,-0.1457,-0.1929
10559,10.559,0.0036,-0.0032,-0.013,-0.0068,-0.0786,-0.4113
10560,10.56,0.0044,0.0038,-0.0139,-0.0026,-0.3024,-0.9276
10561,10.561,0.0052,-0.0034,-0.0094,-0.0004,-0.3919,-0.576
10562,10.562,0.003,0.003,-0.0107,0.0045,-0.1477,0.0011
10563,10.563,-0.0019,0.0005,-0.0143,0.0051,0.0828,0.235
10564,10.564,0.0011,-0.0002,-0.0167,0.0034,0.1132,0.3067
10565,10.565,-0.0042,0.0005,-0.0158,0.0008,0.1407,0.2438
10566,10.566,-0.0021,-0.0025,-0.0207,0.002,0.1165,0.3026
10567,10.567,0.0021,-0.0053,-0.0173,-0.0008,0.0943,0.2503
10568,10.568,0.0004,-0.0018,-0.0165,0.0027,0.196,0.8752
10569,10.569,-0.0012,-0.0014,-0.0222,0.0015,0.4368,0.7907
10570,10.57,-0.0015,0.0015,-0.0152,-0.0005,0.2071,0.2484
10571,10.571,-0.0004,0.0005,-0.0189,0.003,-0.0022,-0.2452
10572,10.572,-0.0046,-0.0015,-0.0179,-0.0002,-0.0963,-0.2243
10573,10.573,-0.0011,-0.0005,-0.0232,0.0002,-0.1238,-0.2888
10574,10.574,0.0011,0.0012,-0.0214,0.0049,-0.1486,-0.2311
10575,10.575,0.0014,0.003,-0.0258,0.0044,-0.1264,-0.1784
10576,10.576,0.0024,-0.0009,-0.0245,0.0049,-0.1062,-0.6107
10577,10.577,-0.0022,-0.0014,-0.0157,0.0034,-0.384,-0.9014
10578,10.578,-0.0005,0.0022,0.0017,0.0037,-0.3446,-0.4255
10579,10.579,-0.0022,-0.0009,0.0083,0.0008,-0.0918,0.1518
10580,10.58,-0.0018,-0.0037,0.0098,0.0059,0.0731,0.2309
10581,10.581,-0.0014,0.0005,0.0153,0.0038,0.1034,0.302
10582,10.582,-0.0043,0.0034,0.0128,-0.0004,0.1308,0.2388
10583,10.583,-0.0101,0.0008,0.0172,-0.0009,0.1556,0.1812
10584,10.584,-0.011,0.002,0.0212,0.0006,0.0886,0.4457
10585,10.585,-0.0057,-0,0.022,-0.0063,0.3124,0.8784
10586,10.586,0.0007,-0.0036,0.0251,-0.0094,0.4019,0.5883
10587,10.587,-0.0035,-0.0006,0.0278,-0.0158,0.1577,0.006
10588,10.588,0.0017,-0.0026,0.0325,-0.0099,-0.0728,-0.2276
10589,10.589,0.0052,-0.0023,0.0329,-0.0047,-0.1032,-0.2989
10590,10.59,0.0057,-0.004,0.0333,-0.0011,-0.1307,-0.2356
10591,10.591,0.004,-0.0071,0.0443,0.0031,-0.1555,-0.2941
10592,10.592,0.0055,-0.002,0.0456,0.0014,-0.0886,-0.2416
10593,10.593,0.0033,0,0.0407,-0.0001,-0.1904,-0.8661
10594,10.594,0.0013,-0.0017,0.0195,-0.0013,-0.4313,-0.7815
10595,10.595,0.0038,0.0012,-0.0138,0.0007,-0.2673,-0.239
10596,10.596,0.0014,0.0017,-0.0097,0.0011,0.0018,0.255
10597,10.597,0.0011,0.002,-0.0218,0.0027,0.1106,0.1925
10598,10.598,0.0053,0.0023,-0.0184,0.0003,0.1439,0.2512
10599,10.599,-0.0004,0.0033,0.0243,0.0005,0.1144,0.3045
10600,10.6,0.0017,-0.0013,0.03,0.0003,0.1417,0.1608
10601,10.601,-0.0018,0.0018,0.0458,0.0039,0.1172,0.6413
10602,10.602,0.0012,0.0013,0.0504,0.0024,0.4085,0.8334
10603,10.603,0.0017,-0.0023,0.0548,0.0046,0.2897,0.4264
10604,10.604,-0.004,0.0007,0.0429,-0.0002,0.1088,-0.0508
10605,10.605,-0.0034,0.0036,0.0176,0.0003,-0.056,-0.2441
10606,10.606,0.0015,0.0025,0.0079,0.0032,-0.0865,-0.3031
10607,10.607,-0.0015,0.0022,0.0109,0.0057,-0.1681,-0.251
10608,10.608,0.0025,0.0005,0.0029,0.0045,-0.1439,-0.2034
10609,10.609,0.001,-0.0026,0.0007,0.0033,-0.077,-0.422
10610,10.61,0.0013,-0.0014,-0.0012,0.0023,-0.3008,-0.9385
10611,10.611,0.0033,0.0011,0.001,0.0019,-0.3904,-0.5872
10612,10.612,-0.0002,0.0001,-0.0005,0.0029,-0.1464,-0.1383
10613,10.613,0.004,0.0025,-0.0019,-0.0008,0.0184,0.1537
10614,10.614,-0.0001,-0.0018,-0,-0.0003,0.1083,0.2076
10615,10.615,-0.0036,-0.0013,-0.0066,-0.0025,0.1357,0.3523
10616,10.616,-0.0014,-0.003,-0.005,-0.0022,0.1604,0.3091
10617,10.617,-0.0026,0.0017,-0.0055,0.0014,0.0932,0.2698
10618,10.618,-0.0016,-0.0025,0.0002,-0.0029,0.1949,0.8109
10619,10.619,-0.0006,0.0062,-0.0078,-0.0024,0.4356,0.7339
10620,10.62,0.0011,-0,-0.004,-0.0039,0.2058,0.2407
10621,10.621,-0.0008,-0.001,-0.0087,-0.0061,-0.0035,-0.2087
10622,10.622,0.0031,-0,-0.0036,-0.0041,-0.1399,-0.2683
10623,10.623,-0.001,-0.0028,-0.0056,-0.0015,-0.165,-0.3221
10624,10.624,0.0058,-0.0019,-0.0012,0.0001,-0.143,-0.2748
10625,10.625,0.0012,0.0003,-0.0055,0.0052,-0.1231,-0.1444
10626,10.626,-0.0013,0.0052,-0.0091,0.0059,-0.1048,-0.5812
10627,10.627,0.0009,-0.0018,-0.0044,-0.0011,-0.3573,-0.8723
10628,10.628,0.0029,0.0028,-0.0073,-0.0002,-0.3215,-0.3967
10629,10.629,-0.004,-0.0032,-0.0054,-0.0028,-0.0915,0.1802
10630,10.63,-0.0013,-0.001,-0.0035,-0.0021,0.1178,0.259
10631,10.631,-0.0004,-0.0017,-0.001,-0.0057,0.0913,0.3299
10632,10.632,-0.0057,-0.0022,-0.0036,-0.004,0.1161,0.2664
10633,10.633,-0.0036,-0.0027,-0.0001,-0.0057,0.1386,0.2085
10634,10.634,-0.0053,0.0009,-0.0021,-0.0032,0.0778,0.3669
10635,10.635,-0.0012,0.0078,-0.0047,-0.0062,0.3186,0.8955
10636,10.636,-0.0027,0.0048,-0.0054,-0.0024,0.4172,0.5441
10637,10.637,0.0024,-0.0017,0.0009,-0.0049,0.1485,0.0949
10638,10.638,0.0004,-0.0008,-0.0012,-0.0007,-0.0326,-0.1972
10639,10.639,0.0009,0.0044,0.0014,-0.0012,-0.1317,-0.2512
10640,10.64,0.0027,0.0009,-0.0031,0.0036,-0.1024,-0.3
10641,10.641,0.0022,0.0014,0.0015,0.0031,-0.1298,-0.2569
10642,10.642,0.0026,0.0009,-0.0035,0.0072,-0.1055,-0.2175
10643,10.643,-0.0002,0.0014,0.0017,0.0037,-0.1727,-0.7588
10644,10.644,-0.0012,0.0017,-0.0012,0.0049,-0.4373,-0.8366
10645,10.645,-0.0022,0.0005,-0.0051,0.0011,-0.257,-0.2027
10646,10.646,0.003,-0.0005,-0.0056,0.0059,-0.0266,0.2246
10647,10.647,0.0023,-0.0015,-0.0067,0.0064,0.1232,0.3034
10648,10.648,-0.0034,-0.0032,-0.0071,0.0048,0.0966,0.2339
10649,10.649,0.0019,-0.0025,-0.009,0.0033,0.1215,0.2984
10650,10.65,0.0013,-0.0042,-0.0108,0.0037,0.144,0.2407
10651,10.651,-0.0018,-0.0005,-0.0072,0.0066,0.1238,0.6104
10652,10.652,0.0011,-0.003,-0.0032,0.0016,0.4016,0.851
10653,10.653,0.0017,0.0012,-0.0111,0.0023,0.2829,0.3702
10654,10.654,0.002,-0.0004,-0.0124,-0.0019,0.1021,-0.079
10655,10.655,0.0033,-0.002,-0.0154,0.0046,-0.0627,-0.2548
10656,10.656,0.0007,-0.0031,-0.0116,-0.0013,-0.0931,-0.3085
10657,10.657,0.0004,-0.0011,-0.0142,-0.0049,-0.1205,-0.2611
10658,10.658,0.0028,-0.0036,-0.0126,0.0015,-0.1453,-0.2178
10659,10.659,0.0022,0.001,-0.0136,-0.001,-0.0783,-0.4163
10660,10.66,-0.0007,0.0005,-0.0136,-0.0047,-0.3022,-0.9577
10661,10.661,-0.0003,0.001,-0.0199,-0.0011,-0.3917,-0.571
10662,10.662,-0.0013,-0.0015,-0.0135,0.0047,-0.1476,-0.0774
10663,10.663,-0.003,0.0028,-0.0205,0.0025,0.0829,0.2438
10664,10.664,0.0013,0.0023,-0.0134,0.0004,0.1133,0.1869
10665,10.665,0.0018,0.0018,-0.0171,0.0047,0.1408,0.2404
10666,10.666,0.0035,0.0007,-0.0204,-0.0041,0.1165,0.289
10667,10.667,-0,0.0046,-0.0186,0.0021,0.0944,0.2456
10668,10.668,0.003,0.001,-0.0215,-0.0011,0.1961,0.8411
10669,10.669,-0.0008,-0.0011,-0.0228,-0.0001,0.3999,0.7564
10670,10.67,0.0017,0.0001,-0.0241,-0.0028,0.2644,0.2138
10671,10.671,0.0021,0.002,-0.0183,-0.0053,-0.0073,-0.1393
10672,10.672,0.0024,-0.0004,-0.0216,0.0016,-0.1162,-0.2047
10673,10.673,0.0007,0.001,-0.0242,-0.002,-0.113,-0.2735
10674,10.674,-0.0003,0.0061,-0.0227,0.0045,-0.1461,-0.3321
10675,10.675,0.0043,0.0068,-0.027,0.0036,-0.1166,-0.1741
10676,10.676,0.0001,-0.0001,-0.026,0.0043,-0.1439,-0.6065
10677,10.677,0.0006,-0.0009,-0.0262,0.0064,-0.3657,-0.8973
10678,10.678,-0.0052,-0.0034,-0.0192,0.0006,-0.3361,-0.4215
10679,10.679,0.0001,-0.0056,-0.0028,0.0013,-0.0917,0.1556
10680,10.68,-0.0035,-0.0036,0.0038,-0.0007,0.0732,0.2345
10681,10.681,-0.0018,-0.0005,0.0142,-0.0049,0.1036,0.3056
10682,10.682,0.001,-0.0022,0.0197,-0.009,0.1311,0.2423
10683,10.683,-0.0047,-0.0017,0.0171,-0.0065,0.1068,0.1846
10684,10.684,-0.0041,0.0014,0.0148,-0.0062,0.0847,0.3429
10685,10.685,-0.0076,0.0002,0.0187,-0.0023,0.2679,0.9677
10686,10.686,-0.0046,0.0038,0.0222,-0.0038,0.3913,0.5422
10687,10.687,-0.0063,0.0008,0.0228,-0.0042,0.1447,-0.0009
10688,10.688,-0.0099,0.0028,0.0212,-0.0107,-0.0201,-0.2133
10689,10.689,-0.0087,0.0032,0.0197,-0.0152,-0.1101,-0.2785
10690,10.69,-0.0108,-0.002,0.0276,-0.0058,-0.1376,-0.3373
10691,10.691,-0.0083,-0.0014,0.0304,-0.0046,-0.1624,-0.2851
10692,10.692,-0.003,-0.0007,0.0329,-0.0057,-0.1402,-0.2373
10693,10.693,-0.0009,0.0051,0.0261,-0.0088,-0.2012,-0.8053
10694,10.694,0.0011,0.0014,0.0299,-0.0042,-0.4049,-0.7284
10695,10.695,-0.0006,-0.0007,0.0303,-0,-0.2153,-0.2356
10696,10.696,0.0034,-0.0001,0.0364,0.0052,0.0071,0.2136
10697,10.697,0.0029,0.0015,0.0439,-0.0013,0.0971,0.273
10698,10.698,0.0041,0.0051,0.0406,-0.0091,0.1247,0.3264
10699,10.699,0.0052,0.0009,0.0488,-0.0039,0.1495,0.2788
10700,10.7,0.0026,0.0004,0.0519,0.0007,0.1274,0.2355
10701,10.701,0.0029,0.0009,0.0507,-0.0019,0.1073,0.5929
10702,10.702,0.008,-0.0003,0.0366,0.0002,0.3852,0.9294
10703,10.703,0.0015,-0.0032,0.0059,0.0037,0.3458,0.4486
10704,10.704,0.0023,-0.0051,0.0015,0.0054,0.0931,-0.1286
10705,10.705,0.0045,-0.0027,-0.0103,0.0059,-0.0717,-0.2076
10706,10.706,0.0009,-0.0051,-0.0067,0.0074,-0.102,-0.2787
10707,10.707,0.0025,-0.0053,-0.0033,0.0095,-0.1294,-0.3434
10708,10.708,0.0008,-0.0041,-0.0061,0.0091,-0.1051,-0.2858
10709,10.709,0.0003,-0.0048,-0.0032,0.0087,-0.0829,-0.3387
10710,10.71,0.0014,-0.0077,-0.0053,0.0097,-0.3066,-0.9634
10711,10.711,0.0042,-0.0051,-0.0029,0.008,-0.3961,-0.5381
10712,10.712,0.0023,-0.0061,-0.0006,0.0081,-0.152,0.005
10713,10.713,-0.0001,-0.0011,0.0016,0.0057,0.0786,0.2174
10714,10.714,0.0016,-0.0004,0.0003,0.0094,0.1092,0.2825
10715,10.715,0.0002,0.0001,-0.0008,0.009,0.1367,0.3411
10716,10.716,0.0004,-0.004,-0.0018,0.0051,0.1125,0.2888
10717,10.717,-0.0003,0.0007,0.0024,0.0036,0.0903,0.241
10718,10.718,-0.0024,0.0065,-0.0027,0.0039,0.1921,0.809
10719,10.719,0.0005,0.0012,-0.0052,-0.0001,0.433,0.7321
10720,10.72,-0.0006,0.0018,-0.0092,-0.0016,0.2691,0.2392
10721,10.721,-0.003,0.0013,-0.0112,-0.0047,0.0001,-0.2101
10722,10.722,0.0001,0.0008,-0.0084,-0.0018,-0.1087,-0.2694
10723,10.723,0.0036,0.0033,-0.0071,-0.0076,-0.0762,-0.3229
10724,10.724,0.0039,-0.0018,-0.0034,-0.0068,-0.1063,-0.2754
10725,10.725,0.001,0.0031,-0.0022,-0.0105,-0.1335,-0.232
10726,10.726,0,0.0061,-0.0041,-0.0098,-0.109,-0.5893
10727,10.727,-0.001,0.0032,-0.0056,-0.0115,-0.4003,-0.9259
10728,10.728,0.0027,0.0057,-0.0061,-0.0051,-0.3608,-0.4452
10729,10.729,-0.0024,0.0006,-0.0028,-0.0025,-0.1079,0.132
10730,10.73,-0.0004,-0.0015,-0.0017,0.0012,0.0571,0.2109
10731,10.731,0.0002,-0.001,-0.004,0.009,0.0876,0.282
10732,10.732,0.0007,0.0007,0.0024,0.0059,0.1151,0.3467
10733,10.733,0.0012,0.0022,-0.0028,0.0051,0.1401,0.173
10734,10.734,0.0016,-0.0029,-0.0028,0.0009,0.0732,0.3315
10735,10.735,0.0028,-0.005,-0.0058,0.0031,0.2971,0.9563
10736,10.736,-0.0008,-0.0007,-0.0047,0.0038,0.3868,0.531
10737,10.737,0.0005,0.0033,-0.0001,-0.0004,0.1428,0.1429
10738,10.738,-0.0007,0.0038,-0.0043,-0.0021,-0.0219,-0.2101
10739,10.739,-0.001,0.0034,-0.0033,0.0047,-0.1118,-0.2752
10740,10.74,-0.0006,-0.0005,-0.0033,0.0056,-0.1392,-0.3338
10741,10.741,0.0004,0.0043,-0.0013,0.0014,-0.1148,-0.2815
10742,10.742,0.0007,-0.0015,-0.0069,0.0008,-0.0925,-0.2336
10743,10.743,0.0005,-0.0022,-0.004,-0.0012,-0.1941,-0.8015
10744,10.744,-0.0006,0.0014,-0.0057,0.0005,-0.3977,-0.7245
10745,10.745,-0.0007,0.0031,-0.0089,-0.0047,-0.2079,-0.2315
10746,10.746,0.0024,-0.0022,-0.0055,0.0002,-0.0347,0.218
10747,10.747,-0.0004,-0.0015,-0.0116,-0.004,0.1231,0.2775
10748,10.748,-0.0014,-0.001,-0.0088,-0.008,0.1035,0.2255
10749,10.749,0.0003,0.0007,-0.0063,-0.0022,0.1224,0.2741
10750,10.75,0.0007,0.0033,-0.0096,0,0.106,0.2309
10751,10.751,-0.003,-0.0028,-0.0064,-0.0019,0.1215,0.5884
10752,10.752,0.0028,0.0031,-0.0079,-0.0049,0.3302,0.925
10753,10.753,0.0035,-0.0006,-0.003,-0.0032,0.3008,0.4443
10754,10.754,0.0042,0.0015,-0.0046,-0.0006,0.1108,-0.1329
10755,10.755,0.0037,-0.0016,-0.0074,0.0006,-0.0623,-0.2119
10756,10.756,-0.0015,-0.0021,-0.0038,-0.0014,-0.0851,-0.2831
10757,10.757,0.0006,-0.0005,-0.0068,0.0029,-0.1463,-0.3478
10758,10.758,0.0011,0.0007,-0.0064,0.0071,-0.1281,-0.2903
10759,10.759,0.0016,-0.0013,-0.0054,-0.0007,-0.0778,-0.3433
10760,10.76,-0.0041,0.0012,-0.0078,0.0026,-0.2767,-0.968
10761,10.761,-0.0019,0.0036,-0.0041,-0.0004,-0.4124,-0.5428
10762,10.762,-0.0039,-0.0015,-0.0071,0.0005,-0.1905,0.0004
10763,10.763,-0.0022,0.0035,-0.0092,-0.0003,0.0788,0.2131
10764,10.764,-0.0005,0.0005,-0.0095,0.0034,0.1155,0.2782
10765,10.765,-0.003,-0,-0.0113,0.0014,0.1488,0.337
10766,10.766,0,-0.0015,-0.011,-0.0003,0.1193,0.2848
10767,10.767,-0.0003,0.0046,-0.0104,0.0002,0.0924,0.2369
10768,10.768,0.0039,0.0004,-0.0087,0.0038,0.1663,0.8049
10769,10.769,-0.0002,0.0011,-0.009,0.0026,0.4128,0.728
10770,10.77,-0.0007,0.0018,-0.0114,0.0022,0.2488,0.2351
10771,10.771,-0.0019,0.0023,-0.0118,0.0012,-0.0203,-0.2144
10772,10.772,-0.0031,0.0028,-0.0161,-0.004,-0.057,-0.2738
10773,10.773,-0.0021,-0.0007,-0.0145,-0.0078,-0.0904,-0.3274
10774,10.774,0.0011,-0.0002,-0.0116,-0.0027,-0.1268,-0.2902
10775,10.775,-0.0012,0.0001,-0.0111,-0.0034,-0.0973,-0.2424
10776,10.776,-0.0009,0.0005,-0.0117,-0.0004,-0.1245,-0.5482
10777,10.777,-0.004,-0.0053,-0.0121,-0.0009,-0.3957,-0.9058
10778,10.778,0.0016,0.0006,-0.0102,-0.0004,-0.3599,-0.377
10779,10.779,-0.0022,-0,-0.0045,-0.0016,-0.0642,0.1168
10780,10.78,-0.0058,0.0006,0.0083,-0.0012,0.0554,0.1825
10781,10.781,-0.0041,-0.0011,0.0288,-0.0031,0.0919,0.2415
10782,10.782,-0.0024,-0.004,0.0368,-0.0021,0.125,0.295
10783,10.783,-0.006,-0.0045,0.0392,-0.0038,0.155,0.2475
10784,10.784,-0.0064,-0.0033,0.0503,-0.0036,0.074,0.3786
10785,10.785,-0.0076,-0.0037,0.0564,0.0003,0.2957,0.8949
10786,10.786,-0.0026,0.0021,0.0545,0.0031,0.3852,0.5437
10787,10.787,-0.0019,-0.0005,0.0291,0.0016,0.1954,0.0947
10788,10.788,-0.0015,0.0048,0.0038,0.0046,-0.0272,-0.1972
10789,10.789,-0.002,-0.0059,0.0006,0.0026,-0.1173,-0.2512
10790,10.79,0.0005,-0.0014,0.0035,0.0029,-0.1448,-0.2999
10791,10.791,0.0016,-0.0054,0.0008,0.0032,-0.1696,-0.2568
10792,10.792,0.0019,-0.0066,0.0033,-0.0019,-0.1475,-0.2174
10793,10.793,0.0009,-0.0077,0.0011,0.0045,-0.2085,-0.7585
10794,10.794,0.0025,-0.0047,0.0032,0.0019,-0.4124,-0.8362
10795,10.795,0.0049,0.0038,0.0015,0.0041,-0.277,-0.2023
10796,10.796,0.0006,-0.004,0.0033,0.002,-0.0054,0.2252
10797,10.797,0.0063,-0.0051,0.0049,0.0015,0.1033,0.304
10798,10.798,0.0041,-0.0005,0.0036,0.001,0.1366,0.2347
10799,10.799,0.0061,-0.0048,0.0024,0.0014,0.1071,0.2992
10800,10.8,0.0043,-0.001,0.0015,-0.0055,0.1343,0.2415
10801,10.801,0.0048,0.001,0.0045,-0.0025,0.1097,0.6113
10802,10.802,0.0053,0.0026,0.0054,0.0002,0.401,0.948
10803,10.803,0.0049,0.0055,0.0013,-0.0093,0.3615,0.4673
10804,10.804,-0.0015,0.0029,-0.0024,-0.0131,0.1086,-0.1098
10805,10.805,-0.0007,0.0033,-0.0002,-0.0121,-0.0562,-0.1887
10806,10.806,0.0018,-0.0007,0.0004,-0.0111,-0.0867,-0.26
10807,10.807,-0.0019,0.0019,0.0034,-0.0026,-0.1142,-0.3247
10808,10.808,-0.0013,0.0007,-0.0001,-0.0037,-0.1391,-0.2672
10809,10.809,0.0004,0.001,0.0013,0.0036,-0.0722,-0.3203
10810,10.81,-0.0001,0.002,-0.0015,0.0008,-0.2555,-1.0412
10811,10.811,0.0003,-0.0013,-0.0017,-0.0017,-0.4282,-0.7327
10812,10.812,-0.0009,0.0016,-0.0006,0.0067,-0.1816,-0.0761
10813,10.813,0.0003,0.0006,-0.0048,0.0099,0.0487,0.1809
10814,10.814,0.0013,0.0037,-0.0064,0.0089,0.0792,0.2593
10815,10.815,-0.0004,0.0076,-0.0015,0.0004,0.1066,0.3301
10816,10.816,0.0027,0.0029,-0.0071,-0.0006,0.1314,0.2665
10817,10.817,0.0008,0.0023,-0.0063,0.0024,0.1091,0.2088
10818,10.818,-0.0016,-0.0017,-0.0012,0.0032,0.17,0.7898
10819,10.819,-0.0012,0.0018,-0.0068,0.0006,0.4108,0.8674
10820,10.82,-0.0014,0.006,-0.0029,0.0028,0.2467,0.2334
10821,10.821,-0.0012,0.0008,-0.0063,0.0063,0.0374,-0.194
10822,10.822,0.0005,0.0028,-0.0045,0.0046,-0.099,-0.2729
10823,10.823,0.0015,0.0058,-0.0038,-0.0007,-0.075,-0.344
10824,10.824,0.0042,0.0029,-0.0041,0.0042,-0.1426,-0.2807
10825,10.825,-0.001,-0.0018,-0.0062,-0.0027,-0.1226,-0.2231
10826,10.826,0.0043,-0.0023,-0.008,-0.0001,-0.1044,-0.5929
10827,10.827,-0.0006,-0.0007,-0.0069,0.0025,-0.3569,-0.9296
10828,10.828,-0.0011,0.0071,-0.0084,0.0046,-0.3212,-0.4492
10829,10.829,0.0018,-0.0007,-0.0099,-0.0018,-0.0912,0.1279
10830,10.83,0.0003,-0.0017,-0.009,0.0024,0.0586,0.2067
10831,10.831,0.0015,0.0029,-0.0072,0.0017,0.0861,0.2777
10832,10.832,-0.0005,-0.0014,-0.0107,-0.0018,0.111,0.3421
10833,10.833,0.0046,0.0024,-0.007,-0.0013,0.1335,0.2845
10834,10.834,-0.0031,0.0017,-0.0073,-0.0018,0.0726,0.3375
10835,10.835,0.0021,-0.0041,-0.0084,0.0007,0.2763,0.9622
10836,10.836,0.0013,-0.0078,-0.0048,0.0004,0.4119,0.5368
10837,10.837,-0.0028,0.0015,-0.007,-0.0024,0.1899,0.1486
10838,10.838,0.0009,-0.0022,-0.0091,0.0001,-0.0794,-0.2047
10839,10.839,-0.001,-0.0032,-0.0111,0.0004,-0.1162,-0.2699
10840,10.84,0.0007,-0.0042,-0.006,-0.0019,-0.1495,-0.3287
10841,10.841,0.0013,0.0004,-0.0099,-0.0017,-0.1202,-0.2766
10842,10.842,-0.0012,-0.0005,-0.0094,0.0022,-0.0934,-0.2289
10843,10.843,-0.0008,0.0002,-0.0114,0.0027,-0.1673,-0.797
10844,10.844,0.0004,-0.0018,-0.0028,-0.003,-0.4139,-0.8748
10845,10.845,-0.0021,-0.0001,0.0158,0.0007,-0.2499,-0.2411
10846,10.846,-0.001,-0.0029,0.0347,-0.0057,-0.0407,0.1863
10847,10.847,-0.0026,-0.0065,0.0368,-0.0014,0.0955,0.265
10848,10.848,-0.0007,-0.0053,0.043,-0.0067,0.1206,0.3361
10849,10.849,-0.0046,-0.0013,0.0365,-0.0046,0.1432,0.2728
10850,10.85,-0.0005,0.0022,0.0306,0.0023,0.1231,0.2152
10851,10.851,0.0011,0.0034,0.0081,0.005,0.1048,0.5849
10852,10.852,0.0023,-0.0004,-0.0011,0.0025,0.3572,0.9215
10853,10.853,-0.0006,-0.0029,-0.0044,-0.0012,0.3213,0.4409
10854,10.854,-0.0002,-0.0007,-0.0073,0.0023,0.0912,-0.0083
10855,10.855,-0.0041,0.0014,-0.0057,0.0006,-0.0586,-0.1843
10856,10.856,-0.0005,0.0004,-0.0083,0.0011,-0.0864,-0.2381
10857,10.857,-0.0016,0.0028,-0.0071,-0.0036,-0.1113,-0.2867
10858,10.858,-0.0004,-0.0002,-0.0095,0.0007,-0.134,-0.2437
10859,10.859,-0.0014,0.0023,-0.0117,0.0036,-0.0733,-0.3629
10860,10.86,0.0003,0.004,-0.0083,-0.0042,-0.2771,-0.9044
10861,10.861,0.002,-0.001,-0.0101,-0.0009,-0.4128,-0.6727
10862,10.862,-0.0023,0.0025,-0.0118,-0.0039,-0.191,-0.0385
10863,10.863,-0.0005,0.0031,-0.0155,-0.0012,0.0182,0.2186
10864,10.864,0.0023,-0.001,-0.0135,0.0014,0.1001,0.2971
10865,10.865,0.0039,-0.0015,-0.0151,0.0021,0.125,0.2276
10866,10.866,0.0051,0.0007,-0.0181,0.0028,0.1476,0.2921
10867,10.867,0.0012,-0.0013,-0.0195,0.0058,0.0869,0.2345
10868,10.868,-0.0036,0.0006,-0.0233,0.0075,0.1795,0.8157
10869,10.869,-0.0031,-0.0047,-0.0211,0.0008,0.432,0.7389
10870,10.87,-0.0036,0.0006,-0.0204,-0.0001,0.2517,0.2461
10871,10.871,-0.001,-0.003,-0.0242,0.0025,0.0214,-0.2031
10872,10.872,0.0002,0.0028,-0.0238,0.0032,-0.0686,-0.2625
10873,10.873,-0.0002,0.005,-0.0242,0.0012,-0.0962,-0.316
10874,10.874,0.0002,0.0043,-0.0266,0.0028,-0.121,-0.2686
10875,10.875,0.0007,-0.0004,-0.0274,-0.0005,-0.1275,-0.2049
10876,10.876,0.0023,-0.0021,-0.0298,0.0011,-0.1052,-0.5107
10877,10.877,0.0006,-0.0005,-0.0268,-0.0046,-0.3698,-0.9475
10878,10.878,-0.0019,-0.003,-0.0271,-0.004,-0.3339,-0.4243
10879,10.879,0.0033,0.0012,-0.0329,-0.006,-0.1037,0.0695
10880,10.88,-0.0004,0.0007,-0.0229,-0.0018,0.0461,0.263
10881,10.881,-0.0011,0.0054,-0.0006,-0.0094,0.1279,0.2058
10882,10.882,-0.0028,-0.0003,0.0086,-0.0064,0.1528,0.2593
10883,10.883,0.0001,0.0034,0.0167,-0.0056,0.1308,0.2118
10884,10.884,-0.0047,0.0027,0.0188,-0.0031,0.0701,0.3428
10885,10.885,-0.0064,-0.0042,0.0158,0.0006,0.2738,0.859
10886,10.886,-0.0093,0.0003,0.0218,0.0026,0.4096,0.6485
10887,10.887,-0.0046,-0.0039,0.0233,0.0009,0.1877,0.0716
10888,10.888,-0.0041,-0.0033,0.0209,-0.0067,-0.0215,-0.1623
10889,10.889,0.0023,0.0016,0.0221,-0.0098,-0.1034,-0.2337
10890,10.89,0.0031,-0.0067,0.0231,-0.009,-0.1283,-0.2985
10891,10.891,-0.0021,-0.0011,0.0267,-0.0012,-0.1509,-0.241
10892,10.892,0.0043,-0.0042,0.03,0.004,-0.1307,-0.1887
10893,10.893,0.0017,0.0023,0.0264,0.0067,-0.1862,-0.8135
10894,10.894,0.001,-0.0003,0.0145,0.0058,-0.4386,-0.8991
10895,10.895,0.0045,-0.004,-0.0058,0.0095,-0.2583,-0.202
10896,10.896,0.005,0.0024,0.013,0.0046,-0.0278,0.0806
10897,10.897,0.0033,0.0032,0.03,0.0003,0.122,0.1671
10898,10.898,-0.0003,-0.002,0.0232,0.0032,0.0955,0.2452
10899,10.899,-0.0006,-0,0.0251,0.0026,0.1205,0.3159
10900,10.9,0.0058,-0.0042,0.0379,0.0057,0.1432,0.2522
10901,10.901,-0.0007,-0.0026,0.0327,0.0028,0.1231,0.5427
10902,10.902,-0.0016,-0.0041,0.0371,0.0031,0.364,0.9126
10903,10.903,-0.0023,-0.0038,0.0495,-0.0022,0.3314,0.4799
10904,10.904,0.0013,-0.0077,0.0545,-0.0044,0.1225,-0.0448
10905,10.905,0.0017,0.0001,0.0438,-0.0024,-0.0677,-0.2572
10906,10.906,0.0022,0.0033,0.023,-0.0041,-0.0928,-0.1944
10907,10.907,0.0017,0.0064,-0.01,-0.0093,-0.1154,-0.2533
10908,10.908,0.0047,0.0055,-0.0055,-0.0087,-0.1359,-0.2011
10909,10.909,-0.0017,0.0013,-0.0093,-0.007,-0.1175,-0.3456
10910,10.91,0.001,0.0019,-0.0127,-0.0065,-0.2352,-0.9139
10911,10.911,-0.0016,0.0026,-0.0027,0.0012,-0.4036,-0.6822
10912,10.912,0.0021,-0.0005,0.0004,-0.002,-0.2018,-0.0483
10913,10.913,0.0001,0,-0.0021,0.0075,0.0429,0.2085
10914,10.914,0.0006,0.0006,-0.0042,0.0037,0.0765,0.2869
10915,10.915,0.0022,0.0009,-0.0016,0.007,0.1068,0.2172
10916,10.916,-0.0013,0.0005,-0.0033,0.0059,0.1343,0.2814
10917,10.917,-0.0025,-0.0013,-0.001,0.0032,0.1101,0.2235
10918,10.918,0.0014,0.001,-0.0023,-0.001,0.1774,0.8045
10919,10.919,-0.0002,0.0047,-0.0034,-0.0017,0.4013,0.7275
10920,10.92,0.001,0.0017,0.0012,-0.001,0.2525,0.2344
10921,10.921,-0.0046,0.0037,0.0005,0.002,0.0079,-0.215
10922,10.922,-0.0009,0.0027,-0.0046,0.0037,-0.0912,-0.1586
10923,10.923,-0.0029,-0.0025,-0.007,0.0002,-0.1214,-0.3179
10924,10.924,0.0013,-0.0018,-0.0037,0.0063,-0.1487,-0.2706
10925,10.925,-0.0016,0.0017,-0.0057,0.0003,-0.1244,-0.2274
10926,10.926,-0.0031,-0.0013,-0.0044,0.0025,-0.1022,-0.5053
10927,10.927,-0,-0.0008,-0.0017,0.0061,-0.3667,-0.9749
10928,10.928,-0.0004,-0.0044,-0.004,0.003,-0.3308,-0.3993
10929,10.929,0.0054,-0.0002,-0.0062,0.0002,-0.1006,0.1439
10930,10.93,0.0012,0.0015,-0.0081,0.0027,0.1087,0.2156
10931,10.931,-0.0025,-0.0052,-0.0077,0.0015,0.0823,0.2806
10932,10.932,-0.0032,0.0012,-0.0041,-0.0014,0.1564,0.3391
10933,10.933,0.001,0.002,-0.003,-0.001,0.1345,0.2866
10934,10.934,0.0016,-0.0001,-0.0075,0.0022,0.0737,0.3349
10935,10.935,-0.001,-0.0022,-0.0061,0.0011,0.2775,0.9029
10936,10.936,0.0002,0.0073,-0.0075,0.0008,0.4132,0.671
10937,10.937,0.0006,0.0004,-0.0038,0.0018,0.1913,0.0368
10938,10.938,0.0016,0.0041,-0.0037,-0.0018,-0.018,-0.2201
10939,10.939,0.0055,0.0031,-0.0067,0.0013,-0.0998,-0.2986
10940,10.94,-0.0023,0.0001,-0.0066,-0.0007,-0.1248,-0.2291
10941,10.941,0.0033,-0.0008,-0.0073,-0.0064,-0.1474,-0.2936
10942,10.942,-0.0019,-0.005,-0.005,-0.0022,-0.0867,-0.2358
10943,10.943,0.0008,-0.0012,-0,0.0016,-0.1792,-0.817
10944,10.944,-0.0034,0.0024,-0.0091,-0.0004,-0.4317,-0.8949
10945,10.945,0.0003,0.0019,-0.0075,-0.0034,-0.2515,-0.2613
10946,10.946,0.0024,0.0002,-0.0035,-0.0016,-0.0211,0.166
10947,10.947,0.0007,-0.0045,-0.0065,0.002,0.069,0.2448
10948,10.948,0.0025,-0.0014,-0.0053,0.0042,0.0967,0.3158
10949,10.949,0.001,0.0015,-0.0098,-0.0005,0.1216,0.2524
10950,10.95,0.0032,-0.0011,-0.0055,-0.0035,0.0995,0.1948
10951,10.951,-0.0007,0.0012,-0.0092,-0.0087,0.12,0.5647
10952,10.952,-0.0011,-0.0027,-0.0057,-0.0023,0.3608,0.9013
10953,10.953,-0.0008,0.0009,-0.0063,0.0003,0.3283,0.4208
10954,10.954,0.0013,-0.0003,-0.0116,0.001,0.1193,-0.0284
10955,10.955,0.0016,0.0018,-0.0123,-0.001,-0.071,-0.2042
10956,10.956,0.002,0.0021,-0.012,0.0007,-0.0961,-0.2579
10957,10.957,-0.0003,0.0032,-0.0127,0.0036,-0.1186,-0.3063
10958,10.958,-0.0028,-0.0019,-0.0094,0.0001,-0.1391,-0.263
10959,10.959,-0.0018,0.0017,-0.0166,-0.0021,-0.0837,-0.3029
10960,10.96,0.0006,-0.0014,-0.0097,-0,-0.2352,-0.8441
10961,10.961,0.0013,-0.0019,-0.0146,-0.0019,-0.4185,-0.6123
10962,10.962,-0.0016,-0.0044,-0.009,-0.0029,-0.1965,-0.1189
10963,10.963,-0.0006,-0.0022,-0.0179,-0.0038,0.0128,0.2027
10964,10.964,-0.0002,-0.0001,-0.0173,0.0004,0.0948,0.2618
10965,10.965,-0.0026,0.005,-0.0146,-0.0012,0.1198,0.3153
10966,10.966,0.0005,-0.0015,-0.0178,-0.0007,0.1425,0.2678
10967,10.967,-0.0015,-0.0023,-0.0157,0.0009,0.1224,0.2245
10968,10.968,0.001,-0.0016,-0.0168,0.0031,0.178,0.7407
10969,10.969,-0.0014,-0.0009,-0.018,0.0019,0.4305,0.8114
10970,10.97,0.0017,-0.004,-0.0202,0.0009,0.2503,0.2351
10971,10.971,-0.0019,0.0013,-0.0224,0.0019,0.0199,-0.1535
10972,10.972,0.0024,-0.0008,-0.0193,-0.0018,-0.0701,-0.2253
10973,10.973,0.0007,0.0009,-0.0168,0.0013,-0.0977,-0.29
10974,10.974,-0.0018,0.0026,-0.0202,0.0069,-0.1225,-0.3487
10975,10.975,-0.004,0.0031,-0.0233,0.0047,-0.145,-0.1907
10976,10.976,-0.0015,0.0017,-0.0188,0.0013,-0.11,-0.5396
10977,10.977,-0.0012,0.0014,-0.0225,0.0034,-0.3746,-0.9723
10978,10.978,0.0007,-0.0006,-0.0234,0.005,-0.3388,-0.4493
10979,10.979,-0.0038,-0.001,-0.0275,0.0022,-0.1086,0.0444
10980,10.98,0.0004,0.0014,-0.0292,0.0047,0.1007,0.238
10981,10.981,-0.0001,-0.001,-0.0233,-0.0022,0.0742,0.297
10982,10.982,0.0024,-0.0009,-0.0097,-0.0075,0.1482,0.2447
10983,10.983,0.0002,-0.0016,0.0123,-0.0102,0.1262,0.2932
10984,10.984,0.0014,-0.0023,0.0206,-0.0128,0.106,0.337
10985,10.985,0.0024,0.0009,0.0282,-0.015,0.2726,0.8533
10986,10.986,0.0034,-0.0021,0.0205,-0.0101,0.3847,0.6428
10987,10.987,0.0004,-0.0001,0.0267,-0.0106,0.2014,0.066
10988,10.988,0.0029,-0.0044,0.0283,-0.0019,-0.0211,-0.1679
10989,10.989,-0.0003,-0.0061,0.0298,0.0044,-0.1112,-0.2394
10990,10.99,0.0009,-0.0056,0.0311,0.0011,-0.1387,-0.304
10991,10.991,0.0005,-0.0014,0.0323,0.0042,-0.1636,-0.2466
10992,10.992,0.0029,0.0003,0.0333,-0.0004,-0.0967,-0.1943
10993,10.993,-0.0022,-0.0023,0.0268,0.009,-0.1578,-0.7229
10994,10.994,-0.0042,0.0019,0.0321,0.0053,-0.3987,-0.7936
10995,10.995,-0.0037,0.0014,0.0391,0.0021,-0.3005,-0.3455
10996,10.996,-0.0032,-0.0012,0.0435,0.001,-0.0315,0.1792
10997,10.997,-0.0048,-0.0024,0.0424,0.0037,0.0773,0.2508
10998,10.998,-0.0078,-0.0004,0.0475,-0.0005,0.1106,0.3154
10999,10.999,-0.0107,0.0014,0.0467,0.0016,0.1406,0.258
11000,11,-0.005,0.006,0.0372,0.0036,0.1137,0.2057
11001,11.001,0.0009,-0.001,0.0163,-0.0006,0.0893,0.5421
11002,11.002,0.0002,-0.0002,-0.0045,0.0022,0.3806,0.9355
11003,11.003,0.0022,-0.001,-0.0018,-0.0036,0.3412,0.4598
11004,11.004,0.0005,0.0042,-0.0041,0.0049,0.0884,-0.1173
11005,11.005,0.0034,-0.0007,-0.0019,-0.0007,-0.1422,-0.351
11006,11.006,0.0018,0.001,-0.0038,0.0045,-0.1131,-0.2818
11007,11.007,0.0006,0.005,-0.0018,-0.0001,-0.1405,-0.2184
11008,11.008,0.0026,0.0035,-0.0033,0.0058,-0.1163,-0.277
11009,11.009,0.0051,0.0031,-0.0016,-0.0011,-0.0941,-0.33
11010,11.01,0.0055,0.0002,0.0027,0.0016,-0.2365,-0.9548
11011,11.011,0.0044,-0.0033,-0.0033,-0.001,-0.4403,-0.6999
11012,11.012,0.003,-0.0003,-0.002,-0.0017,-0.1964,-0.0023
11013,11.013,0.0001,-0.0023,-0.0006,-0.0052,0.034,0.2801
11014,11.014,0.0059,0.0019,-0.003,-0.0022,0.124,0.1961
11015,11.015,0.0033,-0.0033,-0.0051,-0.0017,0.1514,0.2741
11016,11.016,-0.0004,-0.0027,-0.0069,-0.0052,0.1762,0.3448
11017,11.017,0.0031,0.0043,-0.0058,-0.001,0.1092,0.1531
11018,11.018,-0.0012,-0.0003,-0.0058,0.0007,0.1702,0.7924
11019,11.019,0.0005,0.0039,-0.0037,0.0022,0.448,0.8779
11020,11.02,-0.001,0.0017,-0.0057,0.0044,0.2497,0.3354
11021,11.021,-0.0022,0.0038,-0.0009,-0.002,0.0687,-0.1584
11022,11.022,-0.0051,0.0043,-0.0033,0.0007,-0.0962,-0.2238
11023,11.023,0.0006,0.0002,-0.0042,-0.0019,-0.1265,-0.2827
11024,11.024,-0.0003,0.0007,-0.0024,-0.0012,-0.0997,-0.3361
11025,11.025,0.0019,-0.0043,-0.0015,0.0037,-0.1246,-0.1924
11026,11.026,-0.0016,-0.0008,-0.0044,-0.0005,-0.1025,-0.4981
11027,11.027,0,0.0009,-0.005,0.0011,-0.3671,-0.9351
11028,11.028,0.0005,0.0026,-0.0047,0.0037,-0.3313,-0.5284
11029,11.029,-0.002,0.0032,-0.0015,-0.0024,-0.1013,0.0543
11030,11.03,-0.0017,-0.0019,-0.0032,0.0035,0.1081,0.2881
11031,11.031,-0.0046,-0.0039,-0.0062,0.0012,0.0817,0.2188
11032,11.032,0.0005,0.0003,-0.0025,0.0019,0.1558,0.2835
11033,11.033,-0.0044,0.0044,-0.0065,0.0036,0.1337,0.226
11034,11.034,-0.0028,0.0029,-0.0028,-0.004,0.0729,0.279
11035,11.035,0.0001,0.0033,-0.0003,0.0012,0.2396,0.9037
11036,11.036,-0.0004,-0.0032,-0.0032,0.0021,0.3965,0.6488
11037,11.037,-0.0001,0.0014,-0.0067,0.0012,0.1726,0.106
11038,11.038,0.0003,0.004,-0.0055,0.0005,-0.0367,-0.2471
11039,11.039,0.0028,0.0047,-0.0074,-0.003,-0.1186,-0.1842
11040,11.04,0.0032,0.0012,-0.0055,0,-0.0946,-0.2429
11041,11.041,0.0015,-0.0031,-0.002,-0.0016,-0.1173,-0.2962
11042,11.042,-0.0004,-0.0035,-0.0039,-0.0011,-0.0973,-0.2483
11043,11.043,-0.001,0.0001,-0.0017,-0.0007,-0.1529,-0.7287
11044,11.044,0.0027,-0.0021,-0.0035,0.0049,-0.4054,-0.793
11045,11.045,0.0012,-0.0009,-0.0044,-0.0003,-0.2974,-0.2692
11046,11.046,0.0015,-0.0005,-0.0047,0.0004,-0.0672,0.2245
11047,11.047,0.0027,-0.0029,-0.0005,0.0009,0.0826,0.162
11048,11.048,-0.0009,0.0002,-0.0049,0.0026,0.1102,0.2209
11049,11.049,-0.0012,-0.0008,-0.005,-0.0009,0.135,0.2744
11050,11.05,-0,-0.004,-0.0052,0.0003,0.113,0.2267
11051,11.051,0.001,-0.0001,-0.0024,-0.0009,0.0928,0.5326
11052,11.052,-0.0022,0.0014,0.0009,0.001,0.3336,0.8903
11053,11.053,-0.001,-0.0055,-0.0037,-0.0028,0.3666,0.4579
11054,11.054,-0.0006,-0.0024,-0.0031,-0.0023,0.0977,-0.0667
11055,11.055,-0.0002,-0.0051,-0.0059,-0.0065,-0.0834,-0.279
11056,11.056,0.0042,0.0061,-0.0043,-0.0025,-0.1169,-0.2161
11057,11.057,0.0025,-0.0045,-0.0065,-0.003,-0.147,-0.2748
11058,11.058,-0.001,-0.0004,-0.0018,0.0001,-0.1202,-0.2223
11059,11.059,0.0051,0.0008,-0.0002,0.0013,-0.0958,-0.2706
11060,11.06,0.0026,-0.0024,-0.0067,0.001,-0.2526,-0.9259
11061,11.061,-0.0011,-0.0054,-0.0009,0.0027,-0.3949,-0.6454
11062,11.062,0.0009,-0.0063,-0.0018,-0.0011,-0.1911,-0.0485
11063,11.063,0.0026,-0.002,-0.0098,-0.0007,0.0536,0.1855
11064,11.064,-0.0038,-0.0042,-0.0111,-0.0055,0.0872,0.2571
11065,11.065,0.0021,0.0051,-0.0123,-0.0024,0.1174,0.3218
11066,11.066,-0.0016,0.0039,-0.0083,0.0005,0.1448,0.2644
11067,11.067,0.0019,0.005,-0.0065,-0.0021,0.1206,0.212
11068,11.068,0.0003,-0.0003,-0.0076,0.001,0.1429,0.7406
11069,11.069,-0.0002,0.0024,-0.0098,-0.0019,0.4076,0.8114
11070,11.07,-0.0038,0.0067,-0.0098,0.0032,0.2997,0.2353
11071,11.071,0.0031,-0.0003,-0.0119,-0.0016,0.0037,-0.1532
11072,11.072,0.0001,0.0024,-0.0156,0.0053,-0.1159,-0.2249
11073,11.073,-0.0026,-0.0018,-0.0158,0.0045,-0.0805,-0.2897
11074,11.074,-0.0018,0.0004,-0.0113,0.0054,-0.1136,-0.3485
11075,11.075,0.0035,0.0053,-0.0155,0.0032,-0.1437,-0.1907
11076,11.076,-0.0014,-0.0005,-0.0179,0.0068,-0.0626,-0.5272
11077,11.077,-0.0019,-0.0002,-0.0126,0.0039,-0.3601,-0.9538
11078,11.078,0.0023,-0.0024,-0.0162,0.0009,-0.3849,-0.4734
11079,11.079,-0.0029,-0.0017,-0.0174,0.0049,-0.1381,0.1037
11080,11.08,0.002,-0.0034,-0.0178,0.0002,0.0924,0.1827
11081,11.081,0.0003,0.0006,-0.0225,-0.0028,0.1229,0.254
11082,11.082,-0.0026,-0.0009,-0.0227,-0.0081,0.1502,0.3184
11083,11.083,-0.0021,0.0012,-0.0239,-0.0017,0.1259,0.2609
11084,11.084,-0.0009,0,-0.0182,0.0026,0.1037,0.3138
11085,11.085,0.0003,0.001,-0.0293,0.0033,0.246,0.8424
11086,11.086,-0.0023,-0,-0.0288,0.0012,0.4127,0.6319
11087,11.087,-0.0075,0.0017,-0.0308,0.0007,0.2109,0.0552
11088,11.088,-0.0053,-0.0002,-0.0284,0.0024,-0.0338,-0.1786
11089,11.089,-0.006,-0.0042,-0.0323,-0.0011,-0.0673,-0.25
11090,11.09,-0.0002,-0.0001,-0.0191,-0.0072,-0.0976,-0.3146
11091,11.091,-0.0009,-0.0037,0.0026,-0.0081,-0.1249,-0.2571
11092,11.092,-0.0016,0.0023,0.0167,-0.0088,-0.1006,-0.2048
11093,11.093,-0.0011,0.0031,0.0186,-0.0095,-0.1679,-0.7334
11094,11.094,0.003,-0.0006,0.0251,-0.0065,-0.3918,-0.8039
11095,11.095,0.0055,0.0014,0.0221,-0.0024,-0.3027,-0.2278
11096,11.096,0.0024,-0.0017,-0.0012,-0.0009,-0.0582,0.1607
11097,11.097,-0.0015,0.0035,-0.0107,0.0042,0.1066,0.2324
11098,11.098,0,-0.0001,-0.0141,0.0021,0.0774,0.2969
11099,11.099,0.0004,0.0016,0.0075,-0.0021,0.1048,0.2393
11100,11.1,0.0024,0.001,0.0097,-0.0016,0.1295,0.1869
11101,11.101,-0.0018,-0.0025,0.0117,-0.0022,0.1073,0.5233
11102,11.102,0.001,-0.0014,0.0184,0,0.3719,0.9167
11103,11.103,-0.0005,-0.0034,0.02,0.0012,0.3361,0.4411
11104,11.104,-0.0008,-0.006,0.0255,0.0054,0.1061,-0.008
11105,11.105,-0.0005,-0.0071,0.0305,0.0049,-0.0438,-0.1839
11106,11.106,0.0037,-0.0054,0.0215,0.0023,-0.1256,-0.2378
11107,11.107,0.0008,-0.0056,0.0226,0.0026,-0.1504,-0.2865
11108,11.108,0.0003,-0.0022,0.0291,0.0046,-0.1284,-0.2434
11109,11.109,0.0006,-0.0011,0.0324,0.0049,-0.1488,-0.2832
11110,11.11,0.001,0.0018,0.033,0.0081,-0.2784,-0.8245
11111,11.111,0.0006,0.0008,0.0254,0.0034,-0.4299,-0.7476
11112,11.112,0.0016,0.0017,0.0259,0.0016,-0.206,-0.1134
11113,11.113,0.0033,-0.0007,0.0128,0.0033,0.0632,0.1435
11114,11.114,0.002,0.0012,-0.0042,0.008,0.1001,0.2219
11115,11.115,0.0008,0.0014,0.0293,-0.0015,0.1333,0.2927
11116,11.116,0.0001,-0.0003,0.0244,-0.0112,0.1634,0.2293
11117,11.117,-0.0009,0.0029,0.0375,-0.0075,0.0824,0.1715
11118,11.118,0.0021,0.0032,0.0493,-0.0086,0.1563,0.7526
11119,11.119,0.005,0.002,0.0457,-0.0139,0.4029,0.8303
11120,11.12,0.0014,0.0062,0.0159,-0.0036,0.3046,0.3375
11121,11.121,-0.0016,0.0033,-0.004,-0.0077,0.0356,-0.1118
11122,11.122,-0.0045,0.0058,-0.0075,-0.0089,-0.0733,-0.1713
11123,11.123,0.0006,-0.0011,-0.0041,0.0014,-0.1066,-0.225
11124,11.124,-0.003,0.0019,-0.0068,0.0055,-0.1367,-0.2738
11125,11.125,0.0013,0.0027,-0.0039,0.0043,-0.1098,-0.2306
11126,11.126,0.003,0.0019,-0.006,-0.0013,-0.0854,-0.5085
11127,11.127,0.0014,0.0012,-0.0036,-0.0003,-0.3319,-1.05
11128,11.128,-0.0007,-0.0008,-0.0012,0.0024,-0.3649,-0.5084
11129,11.129,-0.0004,0.0022,-0.0027,0.005,-0.156,-0.0146
11130,11.13,-0.0007,0.0005,-0.004,0.0043,0.0887,0.3068
11131,11.131,0.001,-0.001,0.001,0.0007,0.1222,0.2497
11132,11.132,-0.0007,0.0012,-0.0027,0.0002,0.1524,0.3031
11133,11.133,-0.0014,-0.0017,-0.0059,-0.0004,0.1256,0.2555
11134,11.134,-0.0007,0.0041,-0.0022,0.0021,0.1013,0.2994
11135,11.135,0,-0.0001,-0.0047,0.0025,0.2581,0.8951
11136,11.136,-0.0032,0.0036,-0.0015,0.0013,0.4006,0.6402
11137,11.137,-0.002,-0.0013,0.0016,-0.0013,0.1968,0.0974
11138,11.138,-0.0008,-0.0008,-0.0049,0.0004,-0.0478,-0.2558
11139,11.139,0.0043,-0.0003,-0.0071,0.0014,-0.0813,-0.1931
11140,11.14,-0.0006,-0.0008,-0.0023,0.0016,-0.1115,-0.2518
11141,11.141,0.0012,0.0004,-0.004,0.0045,-0.1388,-0.3051
11142,11.142,0.0029,-0.0007,-0.0056,0.008,-0.1145,-0.2573
11143,11.143,-0.0018,0.0018,-0.0067,0.0011,-0.1369,-0.7377
11144,11.144,0.0052,0.0022,-0.0046,0,-0.4015,-0.8021
11145,11.145,0.0025,-0.0008,-0.0077,0.0046,-0.2935,-0.2783
11146,11.146,0.0017,-0.0018,-0.0094,0.0004,-0.0632,0.2156
11147,11.147,-0.002,-0.0042,-0.0101,-0.0033,0.0866,0.2811
11148,11.148,-0.0026,-0.0024,-0.0094,-0.0026,0.1143,0.2241
11149,11.149,-0.0021,0.0001,-0.0137,-0.0031,0.1391,0.2778
11150,11.15,0.002,-0.0008,-0.0139,-0.0002,0.1171,0.2303
11151,11.151,-0.0027,-0.0018,-0.0095,-0.0049,0.0969,0.449
11152,11.152,-0.001,-0.0025,-0.0108,-0.0006,0.3378,0.8861
11153,11.153,-0.0015,0.0004,-0.0135,-0.0011,0.3709,0.4795
11154,11.154,0.0011,-0.0014,-0.0077,-0.0006,0.1021,0.0026
11155,11.155,-0.002,-0.001,-0.0126,0.0006,-0.0789,-0.1907
11156,11.156,0.0009,0,-0.0131,0.0027,-0.1123,-0.2495
11157,11.157,-0.0001,-0.0018,-0.0112,0.0085,-0.1424,-0.3029
11158,11.158,0.0016,0.0021,-0.0139,0.006,-0.1155,-0.2553
11159,11.159,0.002,0.0005,-0.0133,0.0067,-0.0911,-0.2991
11160,11.16,-0.0022,0.003,-0.011,0.0103,-0.2479,-0.8946
11161,11.161,-0.0017,0.0034,-0.008,0.0062,-0.4312,-0.6396
11162,11.162,0.0012,-0.0004,-0.0115,0.0021,-0.2093,-0.0968
11163,11.163,0.0017,-0.0051,-0.0119,0.0047,0.0601,0.2565
11164,11.164,0.0029,-0.0009,-0.0139,0.0026,0.0971,0.1938
11165,11.165,-0.0019,-0.0003,-0.013,-0.0003,0.1305,0.2525
11166,11.166,0.0051,0.0012,-0.0154,-0.0028,0.1012,0.306
11167,11.167,0.0005,0.0024,-0.0158,-0.0044,0.1286,0.1623
11168,11.168,0.0013,0.0013,-0.0145,-0.0027,0.1533,0.7303
11169,11.169,-0.0039,0.0038,-0.018,-0.0069,0.4,0.8082
11170,11.17,-0.0032,0.0022,-0.0193,-0.0074,0.3018,0.3156
11171,11.171,-0.0016,0.0005,-0.0215,-0.0102,0.0329,-0.1335
11172,11.172,-0.0033,0.0024,-0.0199,-0.0096,-0.0758,-0.1929
11173,11.173,-0.0007,0.0008,-0.0191,-0.0118,-0.1091,-0.2464
11174,11.174,0.0004,-0.0004,-0.019,-0.0129,-0.1391,-0.295
11175,11.175,0.0008,-0.0018,-0.015,-0.0071,-0.1122,-0.2517
11176,11.176,-0.0035,-0.0048,-0.0182,-0.0012,-0.0877,-0.4503
11177,11.177,-0.0006,-0.0019,-0.0168,0.0041,-0.3342,-0.9917
11178,11.178,0.0006,-0.0042,-0.0183,0.0082,-0.3633,-0.5048
11179,11.179,-0.002,0.0015,-0.0191,0.0062,-0.1332,0.0384
11180,11.18,0.0011,-0.001,-0.0244,0.0067,0.0762,0.2508
11181,11.181,0.0007,0.0012,-0.0239,0.0039,0.104,0.3159
11182,11.182,-0.0012,-0.0052,-0.0225,0.0044,0.1289,0.2584
11183,11.183,0.0005,0.0007,-0.0139,0.0002,0.1515,0.2062
11184,11.184,0.0008,0.0029,0.0048,0.0031,0.0908,0.2546
11185,11.185,0.001,0.0022,0.0127,0.0015,0.2576,0.91
11186,11.186,-0.0002,-0.0035,0.0249,0.0004,0.4145,0.6296
11187,11.187,-0.0034,0.0017,0.0313,-0.0008,0.1906,0.2028
11188,11.188,-0.0055,-0.0003,0.0332,0.0002,-0.0186,-0.1857
11189,11.189,-0.0106,0.0002,0.0311,0.0012,-0.1005,-0.2572
11190,11.19,-0.0057,-0.0003,0.0327,0.0015,-0.1255,-0.3219
11191,11.191,-0.004,0.0002,0.034,0.0041,-0.1481,-0.2643
11192,11.192,-0.0023,-0.0049,0.0353,-0.0012,-0.128,-0.2118
11193,11.193,-0.0029,-0.0069,0.0264,-0.0019,-0.1466,-0.7405
11194,11.194,-0.0007,-0.0027,0.0092,0.0001,-0.399,-0.8111
11195,11.195,0.0032,0.0014,0.0164,0.0018,-0.2911,-0.3628
11196,11.196,0.0037,-0.0064,0.0367,-0.0023,-0.0609,0.0455
11197,11.197,0.0059,0.0013,0.0447,-0.0049,0.0889,0.0999
11198,11.198,0.0079,-0.0039,0.0471,-0.0007,0.1165,0.2449
11199,11.199,0.0021,0.0007,0.036,-0.0002,0.1413,0.289
11200,11.2,0.0063,0.0015,0.0054,-0.0018,0.1192,0.2498
11201,11.201,0.0026,0.0022,-0.0078,-0.0022,0.099,0.5022
11202,11.202,0.0019,-0.0043,-0.0038,-0.0051,0.3397,0.929
11203,11.203,0.0001,0.0035,-0.0073,-0.0026,0.3727,0.5223
11204,11.204,0.0018,0.0025,-0.0039,-0.0029,0.1039,-0.0603
11205,11.205,0.0013,0.0016,-0.0009,-0.006,-0.0771,-0.1392
11206,11.206,0.0035,0.0024,0.002,-0.0009,-0.1106,-0.2104
11207,11.207,0.0006,0.0018,-0.0002,-0.0073,-0.1408,-0.2749
11208,11.208,0.0016,0.0011,-0.0022,-0.0048,-0.114,-0.2175
11209,11.209,0.0012,0.0027,-0.0039,-0.0085,-0.0896,-0.2706
11210,11.21,0.0022,-0.0002,-0.0018,-0.002,-0.2465,-0.8952
11211,11.211,0.0047,-0.0007,0.0002,-0.0012,-0.4705,-0.6404
11212,11.212,0.0015,0.0005,-0.0041,-0.0065,-0.262,-0.0975
11213,11.213,-0.0024,0.0002,-0.0024,-0.0001,0.0368,0.2556
11214,11.214,-0.0009,-0.0002,-0.0009,0.0007,0.0771,0.1931
11215,11.215,0.0003,0.005,-0.0015,0.0014,0.1136,0.2518
11216,11.216,-0.0009,0.0057,-0.0063,0.002,0.1467,0.3051
11217,11.217,-0.0006,0.0022,-0.0032,0.0037,0.1171,0.1612
11218,11.218,-0.0002,-0.0061,-0.0002,0.0054,0.1443,0.7292
11219,11.219,0.0008,-0.0051,-0.0035,0.0028,0.4153,0.807
11220,11.22,-0.0035,-0.0021,-0.005,0.0024,0.3073,0.3144
11221,11.221,-0.0004,0.0025,-0.004,0.0053,0.077,-0.1347
11222,11.222,-0.0009,-0.0001,-0.0018,0.0027,-0.0728,-0.1942
11223,11.223,0.0016,0.0006,-0.006,0.0044,-0.1004,-0.2477
11224,11.224,-0.0006,0.0013,-0.0013,0.002,-0.1253,-0.2964
11225,11.225,-0.001,-0.0004,-0.0059,0.0062,-0.1032,-0.2532
11226,11.226,0,-0.0033,-0.0004,0.0045,-0.0831,-0.4518
11227,11.227,-0.0023,-0.0008,0.0007,0.0029,-0.3239,-0.9211
11228,11.228,-0.0034,0.0003,-0.0028,0.0054,-0.3569,-0.4736
11229,11.229,-0.0035,-0.0017,-0.0017,0.0024,-0.1481,0.0511
11230,11.23,-0.0018,-0.0014,0.002,0.0063,0.0966,0.2637
11231,11.231,-0.003,0.0039,-0.0038,0.0015,0.13,0.2009
11232,11.232,-0.002,0.0032,0.0014,0.002,0.1007,0.2597
11233,11.233,0.001,0.0025,-0.0057,0.0015,0.128,0.2073
11234,11.234,0.0022,0.0042,-0.0081,0.003,0.1037,0.2557
11235,11.235,-0.0003,0.0001,-0.0029,0.0008,0.2605,0.911
11236,11.236,0.0029,-0.0035,-0.0031,0.0012,0.403,0.6307
11237,11.237,0.0017,-0.0004,-0.0032,0.0022,0.1992,0.2039
11238,11.238,-0.0019,0.0025,-0.0019,-0.0002,-0.0454,-0.1844
11239,11.239,0.0003,0.0006,-0.0056,0.0002,-0.0789,-0.2559
11240,11.24,0.0007,-0.0011,-0.0056,0.0009,-0.109,-0.3206
11241,11.241,0.0017,0.0019,-0.0004,0.0048,-0.1364,-0.263
11242,11.242,-0.0022,-0.0023,-0.0042,0.0124,-0.112,-0.2104
11243,11.243,0.0025,-0.0064,-0.0067,0.0093,-0.1344,-0.7389
11244,11.244,0.0031,-0.0016,-0.0038,0.0066,-0.3991,-0.8095
11245,11.245,-0.0033,0.0026,-0.0047,0.0007,-0.2911,-0.3612
11246,11.246,0.0009,-0.0014,-0.0024,0.0014,-0.0608,0.1637
11247,11.247,0.0016,0.0011,-0.0064,-0.0022,0.0891,0.2356
11248,11.248,-0.0004,0.0008,-0.001,-0.0017,0.1167,0.3006
11249,11.249,0.0014,-0.0012,-0.0073,-0.0022,0.1416,0.3595
11250,11.25,-0.0015,0.0006,-0.0013,-0.0069,0.1196,0.2018
11251,11.251,0.0033,0.0024,-0.0019,-0.0126,0.0995,0.4423
11252,11.252,0.0002,-0.0027,-0.0013,-0.0179,0.3403,0.9233
11253,11.253,-0.0003,0.0022,-0.0044,-0.0158,0.3077,0.476
11254,11.254,0.0013,0.0006,-0.0028,-0.0163,0.0989,-0.0483
11255,11.255,-0.0017,0.0035,-0.0045,-0.0192,-0.0373,-0.2605
11256,11.256,0.0022,0.003,-0.0069,-0.0156,-0.1117,-0.1974
11257,11.257,-0.0026,0.0018,-0.0075,-0.0114,-0.1344,-0.2559
11258,11.258,0.0005,0.0006,-0.0088,-0.0026,-0.1143,-0.309
11259,11.259,0.001,-0.0044,-0.0039,0.0063,-0.096,-0.261
11260,11.26,-0.0015,-0.0024,-0.0081,0.0031,-0.2138,-0.9162
11261,11.261,-0.0018,-0.0041,-0.0037,0.0104,-0.4128,-0.6357
11262,11.262,-0.0021,-0.0012,-0.0124,0.0113,-0.2231,-0.2091
11263,11.263,0.0014,-0.0007,-0.014,0.0054,-0.0007,0.1795
11264,11.264,0.0003,-0.0019,-0.0175,0.0047,0.0894,0.2511
11265,11.265,-0.0026,-0.0007,-0.0153,0.0027,0.117,0.3157
11266,11.266,-0.0016,0.0019,-0.0134,0.0032,0.1418,0.2582
11267,11.267,-0.0026,-0.002,-0.0177,0.0004,0.1197,0.2057
11268,11.268,0.0018,-0.0036,-0.0232,0.0009,0.1401,0.6381
11269,11.269,0.0001,-0.0005,-0.0181,0.0039,0.418,0.8128
11270,11.27,0.0006,0.0034,-0.0195,0.0011,0.2993,0.3367
11271,11.271,0.0028,-0.0014,-0.0237,0.0021,0.0464,-0.1127
11272,11.272,0.0025,-0.0031,-0.0261,0.0011,-0.1184,-0.1723
11273,11.273,0.0028,0.0022,-0.0263,0,-0.0892,-0.226
11274,11.274,0.0052,0.0042,-0.0223,0.0019,-0.1166,-0.2748
11275,11.275,0.0015,0.0059,-0.0273,0.0031,-0.1414,-0.2317
11276,11.276,0.0003,0.0018,-0.0286,0.0014,-0.0743,-0.4305
11277,11.277,0.0015,0.0054,-0.0309,-0,-0.3389,-0.9719
11278,11.278,0.004,0.0011,-0.0295,0.0018,-0.3751,-0.5852
11279,11.279,0.0009,0.003,-0.0305,0.0059,-0.1274,0.0336
11280,11.28,0.0026,0.0013,-0.0274,0.0026,0.0374,0.2459
11281,11.281,-0.0025,0.0028,-0.0317,0.0055,0.1274,0.3108
11282,11.282,0.0024,0.0032,-0.0313,-0.0003,0.1007,0.2533
11283,11.283,-0.0018,-0.0016,-0.0257,-0.0045,0.1254,0.3065
11284,11.284,-0.0001,-0.0021,-0.0125,-0.0008,0.1033,0.2585
11285,11.285,-0.0037,-0.0026,0.0052,-0.0086,0.2455,0.9138
11286,11.286,0.0005,-0.0041,0.0068,-0.0014,0.4123,0.6333
11287,11.287,0,-0.0011,0.0216,0.0032,0.1658,0.2064
11288,11.288,0.0015,-0.0015,0.0066,-0.0011,-0.0647,-0.1821
11289,11.289,0.0046,-0.004,0.0077,-0.0004,-0.0952,-0.2538
11290,11.29,-0.0019,-0.0008,0.0154,0.0032,-0.1227,-0.3184
11291,11.291,-0.0027,0.0003,0.0192,0.0037,-0.0985,-0.2612
11292,11.292,-0.0036,-0.0054,0.0143,0.0032,-0.0764,-0.2088
11293,11.293,-0.0151,0.0005,0.0098,0.0006,-0.1374,-0.7374
11294,11.294,-0.0134,-0.0048,0.0168,-0.0024,-0.4153,-0.9488
11295,11.295,-0.0058,-0.0012,0.0233,-0.0063,-0.2965,-0.3729
11296,11.296,-0.0045,-0.0008,0.0235,-0.0028,-0.0436,0.0155
11297,11.297,-0.0008,-0.0048,0.015,0.0023,0.1212,0.2277
11298,11.298,0.0002,-0.0023,0.0259,-0.0013,0.092,0.2923
11299,11.299,-0.0008,-0.0045,0.0268,-0.0008,0.1194,0.3508
11300,11.3,0.0019,-0.0017,0.0302,-0.0013,0.1441,0.1928
11301,11.301,-0.0007,-0.0042,0.0309,0.0055,0.077,0.433
11302,11.302,0,-0.0052,0.0271,-0.0049,0.3416,0.9136
11303,11.303,-0.002,-0.0022,0.0297,-0.0036,0.3778,0.466
11304,11.304,-0.0004,0.002,0.0265,0.0027,0.1477,0.0577
11305,11.305,0.0001,0.0037,0.0372,0.0016,-0.0616,-0.2082
11306,11.306,0.0026,0.0031,0.0384,-0.0036,-0.0894,-0.2574
11307,11.307,-0.0004,0.0028,0.0449,-0.01,-0.1143,-0.3018
11308,11.308,-0.0008,0.0031,0.0534,-0.0092,-0.1369,-0.2627
11309,11.309,0.0049,0.0005,0.0521,-0.0055,-0.1168,-0.2271
11310,11.31,-0.0029,0.0022,0.0381,-0.0047,-0.2094,-0.7195
11311,11.311,-0.0019,0.0018,0.01,0.001,-0.3946,-0.6498
11312,11.312,0.0027,0.006,-0.0102,0.0048,-0.2223,-0.2012
11313,11.313,0.0018,0.0043,-0.0139,0.0028,0.0249,0.2072
11314,11.314,0.0011,0.0002,-0.0108,0.0033,0.124,0.2611
11315,11.315,0.006,0.0049,-0.0138,0.0038,0.1542,0.3099
11316,11.316,0.0065,0.0044,-0.0111,0.0096,0.1274,0.2667
11317,11.317,0.0001,-0.0021,-0.0135,0.0089,0.1031,0.2272
11318,11.318,0.006,-0.0012,-0.0113,0.0083,0.1255,0.6963
11319,11.319,0.0022,-0.0006,-0.0092,0.0025,0.3901,0.8884
11320,11.32,0.0016,0.0029,-0.0109,0.0019,0.2822,0.3649
11321,11.321,-0.0001,0.0024,-0.0124,0.0054,0.0519,-0.129
11322,11.322,0.0027,-0.0016,-0.0138,0.0012,-0.0979,-0.1945
11323,11.323,0.0012,0.0009,-0.0122,0.0053,-0.1255,-0.2534
11324,11.324,0.0024,-0.0022,-0.0108,0.0088,-0.1503,-0.3069
11325,11.325,0.0063,0.0025,-0.0161,0.0038,-0.1283,-0.2594
11326,11.326,-0.0015,-0.0058,-0.0167,0.0017,-0.1082,-0.4781
11327,11.327,0.0017,-0.0002,-0.0155,-0.0052,-0.3119,-0.915
11328,11.328,0.0047,-0.0012,-0.0194,-0.0006,-0.3933,-0.5085
11329,11.329,0.002,-0.0004,-0.0152,-0.0032,-0.122,-0.0316
11330,11.33,0.0012,-0.0063,-0.0141,0.0006,0.0591,0.1618
11331,11.331,0.0005,0.0006,-0.0167,-0.0043,0.0925,0.2209
11332,11.332,0.0054,0.0015,-0.0157,-0.0048,0.1226,0.2743
11333,11.333,-0.0029,-0.0028,-0.0187,-0.0043,0.15,0.2266
11334,11.334,0.0003,0.0009,-0.0178,-0.0008,0.0764,0.2703
11335,11.335,-0.007,0.003,-0.0192,-0.0059,0.2333,0.8657
11336,11.336,-0.0024,0.0035,-0.0129,-0.0108,0.4167,0.6108
11337,11.337,-0.0066,-0.0018,0.0006,-0.0125,0.1949,0.2228
11338,11.338,-0.0014,0.0017,0.0291,-0.013,-0.0144,-0.2711
11339,11.339,-0.0021,-0.0025,0.0335,-0.0082,-0.0963,-0.2084
11340,11.34,-0.0004,0.0016,0.0449,-0.004,-0.1213,-0.2673
11341,11.341,-0.0044,-0.002,0.0422,-0.0045,-0.1439,-0.3208
11342,11.342,-0.0009,-0.0016,0.0219,0.0013,-0.1237,-0.177
11343,11.343,-0.0039,0.0023,0.0086,0.0035,-0.1421,-0.6577
11344,11.344,-0.0027,0.0028,0.0018,0.0042,-0.3946,-0.8501
11345,11.345,-0.0002,0.0006,-0.0042,0.0025,-0.2866,-0.3268
11346,11.346,-0.0012,-0.0049,-0.0057,0.0008,-0.0564,0.1669
11347,11.347,0.0026,-0.0027,-0.0108,0.0043,0.0935,0.2322
11348,11.348,-0.0004,-0.0007,-0.0019,0.0055,0.1213,0.2909
11349,11.349,0.0008,-0.0012,-0.009,0.0059,0.1462,0.2388
11350,11.35,0.0018,-0.0028,-0.0099,0.0077,0.1242,0.1911
11351,11.351,-0.0005,0.0008,-0.0083,0.0074,0.1041,0.4096
11352,11.352,0.0019,0.005,-0.0046,0.0104,0.3448,0.926
11353,11.353,0.0026,-0.0002,-0.0072,0.0047,0.3779,0.5745
11354,11.354,0.0038,0.0019,-0.0114,0.0021,0.1691,-0.0025
11355,11.355,0.0011,0.005,-0.0068,0.0028,-0.0756,-0.2363
11356,11.356,0.0022,0.0033,-0.0086,0.0008,-0.109,-0.3076
11357,11.357,0.0005,0.0039,-0.0089,0.0013,-0.1392,-0.2444
11358,11.358,-0.0008,0.01,-0.0016,-0.004,-0.1124,-0.3029
11359,11.359,-0.0001,0.0023,-0.0005,-0.0019,-0.0881,-0.2505
11360,11.36,-0.0012,-0.0008,-0.0044,-0.0036,-0.2001,-0.8751
11361,11.361,-0.0025,0.002,-0.0063,-0.0089,-0.424,-0.7904
11362,11.362,-0.002,-0.0022,-0.0096,-0.0024,-0.2154,-0.0929
11363,11.363,-0.0003,-0.0029,-0.0089,0.0001,0.0292,0.1896
11364,11.364,-0.0004,-0.0008,-0.0081,-0.0021,0.1283,0.2761
11365,11.365,0.0018,-0.0039,-0.0084,-0.0057,0.099,0.3542
11366,11.366,-0.0024,-0.001,-0.0143,-0.004,0.1263,0.2845
11367,11.367,-0.0006,-0.0004,-0.0115,0.0001,0.102,0.2207
11368,11.368,-0.0011,0.0018,-0.0119,-0.0015,0.1243,0.6274
11369,11.369,0.0015,-0.003,-0.0166,0.0016,0.3889,0.8918
11370,11.37,-0.0007,-0.0034,-0.0106,0.0019,0.281,0.3628
11371,11.371,0.0022,-0.0006,-0.011,0.0055,0.0507,-0.131
11372,11.372,-0.0036,-0,-0.0088,0.0032,-0.0991,-0.1966
11373,11.373,0.0007,-0.0012,-0.008,0.0021,-0.0726,-0.2556
11374,11.374,0.0029,0.0017,-0.0107,-0.0005,-0.1468,-0.3092
11375,11.375,0.0022,-0.0041,-0.0119,-0.0044,-0.1247,-0.2617
11376,11.376,-0.002,-0.0015,-0.0105,-0.0019,-0.1045,-0.4804
11377,11.377,0.0009,-0.0022,-0.015,-0.0007,-0.3082,-0.9174
11378,11.378,0.0004,0.0014,-0.0142,0.0013,-0.3896,-0.5108
11379,11.379,0.0008,0.0009,-0.0123,0.0038,-0.1184,-0.0339
11380,11.38,-0.0008,-0.0025,-0.0146,0.0029,0.0663,0.218
11381,11.381,0.0004,0.0015,-0.0118,0.0052,0.1029,0.2829
11382,11.382,0.003,0.002,-0.0137,0.0001,0.1361,0.3415
11383,11.383,0.0006,0.0009,-0.0155,-0.0019,0.1066,0.2893
11384,11.384,0.0016,-0.002,-0.0094,-0.0014,0.0797,0.2415
11385,11.385,0.0009,0.0031,0.0037,-0.0032,0.2028,0.8094
11386,11.386,0.0007,-0.0005,0.0207,-0.0027,0.4046,0.7325
11387,11.387,-0.001,-0.0035,0.0322,0.0003,0.215,0.0985
11388,11.388,0.0014,-0.003,0.0386,-0.0017,-0.0075,-0.1583
11389,11.389,-0.001,-0.0005,0.0482,-0.0043,-0.0975,-0.2371
11390,11.39,0.0009,0.0007,0.0536,-0.0096,-0.125,-0.3079
11391,11.391,0.0021,-0.0005,0.0401,-0.0059,-0.1499,-0.2444
11392,11.392,0.0014,-0.0031,0.0125,-0.001,-0.1279,-0.1867
11393,11.393,-0.001,0.0022,-0.0072,-0.0005,-0.1077,-0.6622
11394,11.394,-0.0014,-0.0031,-0.0034,0.0012,-0.3856,-0.8543
11395,11.395,-0.0032,-0.001,0.0001,0.0007,-0.3462,-0.3307
11396,11.396,-0.0015,-0.0041,-0.0084,0.0003,-0.0933,0.1631
11397,11.397,-0.0027,-0.0024,-0,-0.0001,0.0715,0.2287
11398,11.398,0.0005,-0.0029,-0.0021,0.0035,0.1018,0.2878
11399,11.399,-0.0017,-0.0018,0.0004,0.0077,0.1291,0.2356
11400,11.4,0.0022,-0.0047,-0.0013,0.0036,0.1538,0.188
11401,11.401,-0.0026,-0.0043,0.0009,0.004,0.0867,0.4067
11402,11.402,-0.0021,-0.0076,0.0029,0.0037,0.3512,0.9231
11403,11.403,-0.0026,-0.0012,0.0047,0.0008,0.3873,0.5718
11404,11.404,-0.0021,-0.002,0.0037,-0.0035,0.1573,-0.005
11405,11.405,-0.0018,0.0022,0.0004,-0.0064,-0.0521,-0.2387
11406,11.406,-0.0022,0.0029,-0.0025,-0.009,-0.08,-0.31
11407,11.407,-0.0047,0.0035,0.0009,-0.002,-0.105,-0.2467
11408,11.408,-0.0079,-0.0007,0.0022,0.001,-0.1277,-0.305
11409,11.409,-0.0076,0.0045,-0.0017,0.0055,-0.1077,-0.2524
11410,11.41,-0.0041,0.0081,0.0009,0.0029,-0.2003,-0.8769
11411,11.411,-0.0029,0.0075,-0.0007,0.0022,-0.4192,-0.7922
11412,11.412,0.0018,0.0023,0.0002,0.0057,-0.2108,-0.2494
11413,11.413,-0.0013,0.0029,-0.0034,0.004,0.0337,0.1041
11414,11.414,0.0028,0.0012,-0.0015,-0.0001,0.1328,0.2974
11415,11.415,0.0032,0.0041,-0.0032,-0.0036,0.1035,0.3565
11416,11.416,0.002,0.0015,-0.0016,-0.0033,0.1307,0.3045
11417,11.417,-0,0.0046,-0.0047,-0.003,0.1063,0.257
11418,11.418,0.0042,-0.0002,-0.0039,-0.0027,0.1286,0.6504
11419,11.419,0.0047,-0.0019,-0.0038,-0.0051,0.3931,0.9151
11420,11.42,0.0011,-0.0014,0.0002,-0.002,0.2851,0.3864
11421,11.421,0.0062,0.0033,-0.0005,-0.0024,0.0548,-0.1071
11422,11.422,0.0041,-0.0024,-0.0012,-0.0014,-0.095,-0.1723
11423,11.423,0.0024,-0.0003,-0.0042,0.001,-0.1227,-0.2309
11424,11.424,-0.0005,0.0033,-0.0026,0.0011,-0.1476,-0.284
11425,11.425,-0.001,-0.0025,-0,0.0013,-0.1256,-0.2361
11426,11.426,0.0012,0.0012,0.0008,0.0019,-0.1055,-0.4545
11427,11.427,-0,-0.0008,-0.0033,-0.0013,-0.3093,-0.9707
11428,11.428,0.0035,0.0009,-0.0011,0.0017,-0.3907,-0.4784
11429,11.429,0.0023,0.0004,-0.0011,0.0046,-0.1195,-0.029
11430,11.43,0.0043,-0.0001,-0.0011,0.0056,0.0615,0.2634
11431,11.431,0.0018,0.0021,-0.0036,0.0024,0.095,0.212
11432,11.432,0.0028,0,0.0016,-0.004,0.1251,0.261
11433,11.433,0.0011,0.0004,-0.0021,0.0006,0.1524,0.3055
11434,11.434,-0.002,-0.002,0.0013,0.0031,0.0787,0.2664
11435,11.435,0.0036,-0.001,-0.0008,0.0083,0.1907,0.8079
11436,11.436,0.0043,0.0009,0.0028,-0.001,0.4146,0.7314
11437,11.437,0.0007,-0.0015,0.0004,0.0002,0.206,0.2385
11438,11.438,-0.0023,-0.0018,-0.0026,0.0012,-0.0387,-0.2107
11439,11.439,-0.0007,-0.0017,0,-0.0018,-0.0722,-0.2698
11440,11.44,-0.0002,-0.0005,-0.0007,-0.001,-0.1024,-0.3231
11441,11.441,-0.0014,-0.0003,0.0022,-0.0001,-0.1298,-0.2753
11442,11.442,-0.0025,-0.0035,0.0015,0.0021,-0.1056,-0.2317
11443,11.443,-0.0036,-0.0023,-0.0034,0.0041,-0.1281,-0.6681
11444,11.444,-0.0018,-0.0003,0.0017,-0.0016,-0.3926,-0.8425
11445,11.445,-0.0008,0.0008,0.0024,-0.0009,-0.2847,-0.3664
11446,11.446,0.0005,0.0025,-0.0038,0.0012,-0.0545,0.0832
11447,11.447,0.0034,0.0015,0.0006,0.0054,0.0952,0.2592
11448,11.448,-0.0016,-0.0011,0.0014,0.0049,0.1228,0.3133
11449,11.449,-0.001,0.0021,-0.0006,0.0085,0.1476,0.2663
11450,11.45,-0.0005,0.0033,-0.0048,0.0017,0.1255,0.2235
11451,11.451,0.0001,-0.0017,-0.0007,-0.0013,0.1054,0.4224
11452,11.452,-0.0025,0.0003,-0.0043,-0.0058,0.3091,0.9641
11453,11.453,-0.0021,0.0008,-0.0047,-0.0067,0.3905,0.5776
11454,11.454,-0.0001,-0.0032,-0.0001,-0.0119,0.1193,0.0845
11455,11.455,-0.0011,-0.0047,-0.0072,-0.0154,-0.0617,-0.2367
11456,11.456,-0.0021,-0.0025,-0.001,-0.0059,-0.0952,-0.2956
11457,11.457,0.0017,-0.0004,-0.0038,-0.0018,-0.1254,-0.2434
11458,11.458,0.0013,-0.0039,-0.0019,0.002,-0.1527,-0.2917
11459,11.459,0.0017,0.0003,-0.0071,0.001,-0.1285,-0.2481
11460,11.46,0.002,-0.0025,-0.008,0.0083,-0.1957,-0.8435
11461,11.461,-0.0032,-0.001,-0.0102,-0.0001,-0.4197,-0.7587
11462,11.462,0.002,0.0002,-0.0102,0.001,-0.2112,-0.2159
11463,11.463,0,-0.0018,-0.0129,0.002,-0.021,0.1375
11464,11.464,-0.0005,-0.0021,-0.0123,0.0012,0.1028,0.2028
11465,11.465,-0.0021,0.0032,-0.0132,0.0038,0.1256,0.262
11466,11.466,0.0026,-0.0005,-0.0129,0.0045,0.1461,0.3156
11467,11.467,0.0009,0.0015,-0.0126,0.001,0.0907,0.172
11468,11.468,0.0026,0.0032,-0.0132,0.0005,0.1412,0.6526
11469,11.469,-0.0009,0.0061,-0.0179,0.0011,0.3707,0.8449
11470,11.47,0.0003,0.0036,-0.0147,-0.0004,0.2724,0.3216
11471,11.471,-0.0009,0.0006,-0.013,-0.0034,0.0632,-0.172
11472,11.472,-0.0044,-0.0006,-0.0199,0.0005,-0.073,-0.2374
11473,11.473,-0.0002,0.0013,-0.0182,-0.001,-0.0982,-0.2963
11474,11.474,0.0003,0.0037,-0.0244,0.0012,-0.1209,-0.2441
11475,11.475,-0.0002,0.002,-0.0246,0.0016,-0.1415,-0.1965
11476,11.476,0.002,-0.0005,-0.0225,0.0026,-0.0862,-0.415
11477,11.477,0.0024,0.0047,-0.0275,0.0037,-0.305,-0.9315
11478,11.478,0.0005,-0.0005,-0.0238,-0.0014,-0.3945,-0.5801
11479,11.479,-0.0005,0.0002,-0.0242,-0.0034,-0.1504,-0.0032
11480,11.48,0.0005,-0.0015,-0.0281,-0.0003,0.0801,0.2305
11481,11.481,-0.0019,0.0004,-0.0293,-0.0023,0.1,0.2637
11482,11.482,-0.0005,-0.0001,-0.0329,-0.0018,0.1302,0.3344
11483,11.483,-0.0017,-0.0006,-0.027,0.0008,0.1575,0.2708
11484,11.484,-0.0019,0.0006,-0.029,0.0011,0.084,0.2131
11485,11.485,-0.0006,-0.0023,-0.0292,0.004,0.196,0.8998
11486,11.486,-0.0001,-0.0004,-0.0174,0.0005,0.4199,0.8066
11487,11.487,-0.0006,-0.0036,-0.0091,0.0027,0.2113,0.2096
11488,11.488,0.0009,0.0019,-0.0017,0.0024,-0.0333,-0.1791
11489,11.489,0.0023,-0.0033,0.0049,0.0042,-0.0668,-0.2509
11490,11.49,-0.0004,-0.0013,0.0136,-0.001,-0.097,-0.3157
11491,11.491,-0.0055,-0.003,0.0214,-0.0004,-0.1243,-0.2585
11492,11.492,-0.0091,0.0011,0.0214,-0.0039,-0.1491,-0.2063
11493,11.493,-0.0021,0.0016,0.009,-0.0034,-0.1268,-0.639
11494,11.494,-0.003,0.0013,0.0005,-0.0051,-0.3914,-0.93
11495,11.495,-0.0039,0.0052,-0.0018,-0.0026,-0.2835,-0.3486
11496,11.496,0.0031,0.0026,0.0112,-0.0057,-0.0533,0.0398
11497,11.497,0.0039,0.0014,0.0159,-0.0053,0.0965,0.1113
11498,11.498,0.0014,-0.0033,0.0202,-0.0111,0.1242,0.176
11499,11.499,-0.0023,-0.0028,0.0179,-0.0153,0.1,0.2346
11500,11.5,0.0041,0.0001,0.0212,-0.0054,0.1226,0.2877
11501,11.501,-0.0001,-0.0004,0.0293,-0.0013,0.1024,0.4318
11502,11.502,0.0021,-0.0026,0.0318,0.0024,0.2691,0.9123
11503,11.503,0.0027,-0.0023,0.0322,0.0056,0.3365,0.5927
11504,11.504,-0.0003,-0.0033,0.0252,0.0046,0.153,0.0682
11505,11.505,0.0026,-0.003,0.0288,0.0019,-0.0202,-0.1443
11506,11.506,0.0021,0.0007,0.0277,0.0061,-0.088,-0.2096
11507,11.507,-0.0001,-0.0023,0.0365,0.0023,-0.1087,-0.2685
11508,11.508,0.0037,-0.0052,0.0373,-0.0012,-0.1274,-0.2164
11509,11.509,0.0002,0.0005,0.0401,-0.0082,-0.0772,-0.2648
11510,11.51,0.0063,0.0014,0.0428,-0.0036,-0.1843,-0.8329
11511,11.511,0.0038,0.0007,0.0285,0.0042,-0.3929,-0.7562
11512,11.512,0.0044,-0.0029,0.0057,0.0031,-0.2439,-0.1225
11513,11.513,-0.0005,0.0001,0.0204,0.0004,0.0007,0.1342
11514,11.514,0,-0.0004,0.0284,0.003,0.1,0.2127
11515,11.515,-0.0052,-0.0029,0.0407,0.0051,0.1303,0.2834
11516,11.516,-0.0017,-0.008,0.0518,0.0016,0.1036,0.3478
11517,11.517,0,0.0013,0.0498,-0.0001,0.1283,0.1739
11518,11.518,-0.0028,0.0001,0.0219,0.0039,0.1061,0.6493
11519,11.519,0.0019,-0.0009,-0.0059,0.0014,0.4114,0.8416
11520,11.52,-0.0011,0.0001,-0.0093,-0.0017,0.2807,0.318
11521,11.521,-0.0052,-0.0008,-0.0059,-0.0005,0.0818,-0.0352
11522,11.522,-0.0004,0.0001,-0.0144,0.0045,-0.0992,-0.2288
11523,11.523,0.0038,0.0007,-0.0114,0.0025,-0.1324,-0.2877
11524,11.524,0.0033,0.0001,-0.0087,0.0019,-0.1029,-0.3411
11525,11.525,0.0028,0.0031,-0.0062,0.0014,-0.1302,-0.1973
11526,11.526,-0.0002,0.0026,-0.0037,0.0019,-0.1058,-0.4159
11527,11.527,0.0001,0.0041,-0.0051,0.0007,-0.3073,-0.9324
11528,11.528,0.002,0.0019,-0.0029,-0.0022,-0.3887,-0.581
11529,11.529,-0.0026,0.003,-0.007,0.0013,-0.1666,-0.004
11530,11.53,0.0005,0.0034,-0.005,-0.0017,0.0428,0.2298
11531,11.531,0.0022,0.0044,-0.0007,-0.0006,0.1247,0.3012
11532,11.532,0.0027,-0,-0.0011,0.0004,0.1006,0.238
11533,11.533,-0.0015,0.0016,-0.0056,0.0014,0.1233,0.2966
11534,11.534,-0.002,0.0032,-0.0077,-0.0023,0.1032,0.2442
11535,11.535,0.0005,0.0028,-0.0112,0.0008,0.1958,0.8689
11536,11.536,-0.0037,-0.0019,-0.0021,0.0028,0.4147,0.7843
11537,11.537,-0.0042,-0.0002,-0.007,0.0031,0.2062,0.2417
11538,11.538,-0.0007,0.0026,-0.0074,0.0014,0.0159,-0.2521
11539,11.539,0.0005,0.0052,-0.004,0.0024,-0.108,-0.1895
11540,11.54,-0.0042,-0.0009,-0.0111,0.0018,-0.0862,-0.2481
11541,11.541,-0.0025,-0.0035,-0.0093,0.0041,-0.1474,-0.3015
11542,11.542,-0.0008,-0.0013,-0.0114,0.0004,-0.1292,-0.2537
11543,11.543,0.0027,-0.002,-0.0065,0.0034,-0.1126,-0.6469
11544,11.544,-0.0015,-0.0003,-0.0096,0.0006,-0.3422,-0.9113
11545,11.545,-0.001,0.0026,-0.0097,0.0016,-0.3095,-0.3825
11546,11.546,-0.0015,0.0021,-0.0075,-0.0037,-0.1004,0.1115
11547,11.547,-0.0012,0.0018,-0.0122,-0.0074,0.09,0.1771
11548,11.548,0,0.0006,-0.0068,-0.0025,0.1151,0.2361
11549,11.549,-0.0003,-0.003,-0.0147,-0.003,0.1378,0.2896
11550,11.55,0.0007,0.0031,-0.0133,-0.0106,0.1178,0.2421
11551,11.551,-0.0017,-0.0028,-0.0119,-0.0116,0.0995,0.3733
11552,11.552,0.0026,-0.0007,-0.0107,-0.0051,0.3182,0.8898
11553,11.553,0.0021,-0.0056,-0.0113,0.0008,0.4077,0.5385
11554,11.554,-0.0008,-0.0051,-0.0118,0.0061,0.1636,0.0896
11555,11.555,0.0027,0.0002,-0.0123,0.0041,-0.0669,-0.2024
11556,11.556,0.0016,-0.0005,-0.0117,-0.0028,-0.0972,-0.2562
11557,11.557,-0.0013,0.0053,-0.01,-0.0019,-0.1246,-0.3049
11558,11.558,-0.0017,0.0016,-0.0136,-0.001,-0.1493,-0.2617
11559,11.559,0.0007,-0.002,-0.0067,-0.0017,-0.1272,-0.2222
11560,11.56,0.0024,0.0023,-0.0099,0.0019,-0.1882,-0.7635
11561,11.561,-0.0018,-0.0018,-0.0093,0.0014,-0.429,-0.6866
11562,11.562,0.0012,0.0018,-0.0121,0.002,-0.2649,-0.1935
11563,11.563,0.0017,-0.0012,-0.0118,0.0035,0.0042,0.2559
11564,11.564,0.0002,-0.0041,-0.0158,0.0057,0.113,0.1992
11565,11.565,-0.0028,0.001,-0.0193,0.0029,0.1463,0.2529
11566,11.566,-0.0016,0.0003,-0.0203,-0.0028,0.1169,0.3016
11567,11.567,-0.0058,-0.0039,-0.0256,0.0014,0.0899,0.1712
11568,11.568,0.0006,-0.0034,-0.0192,0.0007,0.1146,0.6079
11569,11.569,0.0032,0.0014,-0.0225,-0.0013,0.4059,0.8988
11570,11.57,0.001,-0.0028,-0.0223,0.0018,0.2872,0.4229
11571,11.571,-0.001,-0.0023,-0.0208,0.0047,0.0342,-0.1541
11572,11.572,0.0032,-0.0038,-0.0264,0.0072,-0.0649,-0.2329
11573,11.573,-0.0008,0.0032,-0.0241,0.0042,-0.0954,-0.304
11574,11.574,0.0017,0.0002,-0.0254,0.0021,-0.1228,-0.2407
11575,11.575,-0.0013,0.0029,-0.0267,0.0031,-0.1477,-0.183
11576,11.576,0.0007,0.0021,-0.0306,0.0077,-0.0807,-0.4471
11577,11.577,-0.0018,0.0028,-0.0334,-0.0006,-0.3046,-0.9757
11578,11.578,-0.0022,0.0064,-0.0353,-0.0084,-0.3942,-0.6243
11579,11.579,0.0029,-0.0019,-0.0351,-0.0053,-0.1501,-0.0473
11580,11.58,0.0009,-0.0008,-0.035,-0.0062,0.0803,0.1866
11581,11.581,0.0039,-0.0018,-0.0372,-0.0037,0.1107,0.258
11582,11.582,0.0038,-0.0048,-0.0069,-0.0016,0.1206,0.2948
11583,11.583,0.0009,-0.004,-0.0039,-0.0023,0.1478,0.2313
11584,11.584,0.0056,0.0003,0.004,-0.0017,0.1234,0.2896
11585,11.585,-0.0013,0.001,0.0119,-0.0022,0.1906,0.8708
11586,11.586,-0.0004,0.0003,0.0214,0.003,0.4145,0.7939
11587,11.587,-0.0013,-0.0002,0.0109,-0.0035,0.2654,0.1599
11588,11.588,0.0009,0.0051,-0.0089,-0.0009,0.0207,-0.2674
11589,11.589,0.0016,0.0058,-0.0234,-0.0003,-0.0785,-0.1916
11590,11.59,0.0011,0.0053,-0.0019,0.0004,-0.1088,-0.2627
11591,11.591,0.0016,0.0024,0.0061,0.0009,-0.1362,-0.3274
11592,11.592,0.0021,-0.0034,0.0026,0.0025,-0.112,-0.1538
11593,11.593,-0.001,0.0019,0.0142,0.006,-0.1346,-0.6296
11594,11.594,0.0002,-0.0031,0.0201,0.003,-0.3993,-0.9498
11595,11.595,0.0012,0.0027,0.0093,0.0018,-0.3635,-0.4265
11596,11.596,0.0029,0.0034,0.0105,0.0043,-0.0677,0.0672
11597,11.597,-0.0002,0.0054,0.0115,-0.0009,0.052,0.2604
11598,11.598,0.0008,0.0011,0.0216,-0.0047,0.0886,0.3191
11599,11.599,-0.0009,0.0016,0.0224,-0.0125,0.1216,0.3725
11600,11.6,-0.0012,0.0022,0.0207,-0.0177,0.1516,0.2287
11601,11.601,-0.001,-0.0001,0.0258,-0.015,0.0705,0.4471
11602,11.602,-0.0027,-0.0012,0.0243,-0.0055,0.2923,0.9633
11603,11.603,0.001,-0.0038,0.0324,-0.0018,0.3818,0.6118
11604,11.604,-0.0016,-0.0028,0.031,-0.0008,0.1376,0.0348
11605,11.605,-0.0019,-0.0052,0.0234,0.0045,-0.0929,-0.1989
11606,11.606,-0.0008,-0.0026,0.0259,-0.002,-0.1234,-0.2705
11607,11.607,0.0002,-0.005,0.0282,0.0039,-0.0967,-0.3353
11608,11.608,-0.0021,-0.002,0.0317,0.0061,-0.1215,-0.2779
11609,11.609,-0.0039,-0.0023,0.0336,0.0041,-0.0994,-0.2256
11610,11.61,-0.0081,0.0015,0.0393,-0.0017,-0.2012,-0.8504
11611,11.611,-0.0098,0,0.0477,-0.0023,-0.4049,-0.7659
11612,11.612,-0.0127,-0.0004,0.0509,0.0012,-0.2695,-0.2236
11613,11.613,-0.007,0.0008,0.0479,-0.0005,0.0022,0.1295
11614,11.614,-0.0063,-0.0034,0.034,0.0059,0.1111,0.1946
11615,11.615,-0.0014,0.0006,0.0035,0.0034,0.1444,0.253
11616,11.616,0.0003,0.0001,-0.0095,0.0056,0.115,0.3063
11617,11.617,0.0019,-0.0011,-0.0054,0.0035,0.1422,0.1624
11618,11.618,-0.0006,-0.0032,-0.0087,0.0018,0.1179,0.6427
11619,11.619,0.0015,-0.0068,-0.0116,0.0059,0.4092,0.8347
11620,11.62,0.0012,-0.0071,-0.0083,0.0023,0.2905,0.4275
11621,11.621,0.0037,-0.0051,-0.0052,0.0012,0.1098,-0.0497
11622,11.622,0.002,-0.0033,-0.0024,0.005,-0.0551,-0.2432
11623,11.623,0.003,-0.0016,-0.0041,0.0066,-0.0853,-0.3023
11624,11.624,0.006,0.0028,-0.0056,0.0043,-0.1126,-0.3558
11625,11.625,0.004,0.0011,-0.0068,0.0023,-0.1373,-0.2121
11626,11.626,0.0043,-0.0005,-0.0079,-0.0002,-0.0703,-0.4308
11627,11.627,0.0033,-0.0035,-0.0058,0.003,-0.294,-0.9473
11628,11.628,0.0036,0.0029,-0.0037,-0.001,-0.3835,-0.5961
11629,11.629,0.0029,0.0002,-0.0068,0.0005,-0.1393,-0.0194
11630,11.63,0.0012,0.0027,-0.007,0.0027,0.0256,0.2144
11631,11.631,0.0019,-0.0011,-0.0052,0.0007,0.1157,0.2856
11632,11.632,-0.0014,0.0025,-0.0036,0.0042,0.1433,0.3502
11633,11.633,-0.0002,0.003,-0.0087,0.0072,0.1191,0.2926
11634,11.634,0.0018,0.0001,-0.013,0.0061,0.0971,0.2401
11635,11.635,0.0028,0.0016,-0.0115,0.0035,0.1989,0.8647
11636,11.636,0.0005,0.0004,-0.0089,-0.0017,0.4028,0.7801
11637,11.637,0.0021,0.0024,-0.0144,-0.0069,0.2673,0.2375
11638,11.638,0.0023,0.0042,-0.0109,-0.0049,-0.0042,-0.1158
11639,11.639,0.0016,0.0066,-0.0107,-0.0018,-0.1129,-0.1812
11640,11.64,0.0004,0.0069,-0.0119,-0.0001,-0.0805,-0.24
11641,11.641,-0.0016,0.0027,-0.0093,0.0024,-0.1105,-0.2934
11642,11.642,0.0013,0.0044,-0.0068,-0.0045,-0.1377,-0.2458
11643,11.643,0.0016,0.006,-0.0055,-0.0097,-0.1132,-0.639
11644,11.644,0.0026,-0.0018,-0.0117,-0.0124,-0.4045,-0.9036
11645,11.645,-0.0004,0.006,-0.0079,-0.0115,-0.365,-0.3748
11646,11.646,0.0021,0.0008,-0.0098,-0.0108,-0.112,0.119
11647,11.647,0.0004,-0.0057,-0.0117,-0.0073,0.1187,0.1846
11648,11.648,-0.0013,-0.0048,-0.0074,-0.003,0.0897,0.2437
11649,11.649,-0.0019,0.0004,-0.0074,-0.0083,0.1173,0.2972
11650,11.65,-0.0058,-0.0016,-0.0086,-0.0047,0.1422,0.2496
11651,11.651,-0.0006,0.0001,-0.004,-0.003,0.0753,0.3808
11652,11.652,0.003,0.0018,-0.0082,-0.0013,0.2993,0.8973
11653,11.653,0.0013,0.0023,-0.0093,0.0065,0.389,0.5461
11654,11.654,0.0042,-0.0019,-0.0048,0.0033,0.145,0.0972
11655,11.655,-0.0005,0.0009,-0.0058,0.0085,-0.0854,-0.1947
11656,11.656,0,0.0015,-0.0066,0.004,-0.1157,-0.2486
11657,11.657,-0.0016,-0.0007,-0.0082,0.0049,-0.143,-0.2973
11658,11.658,0.0009,-0.0036,-0.0098,0.0056,-0.1186,-0.254
11659,11.659,-0.0012,-0.0032,-0.0071,0.002,-0.0963,-0.2147
11660,11.66,-0.0024,0.002,-0.0085,0.0051,-0.1979,-0.7558
11661,11.661,-0.002,-0.0002,-0.0107,0.0022,-0.4015,-0.8334
11662,11.662,-0.0016,0.0019,-0.0115,0.0007,-0.2659,-0.1994
11663,11.663,-0.0006,0.0002,-0.011,-0.0004,0.0058,0.228
11664,11.664,0.0001,0.0007,-0.0127,-0.0024,0.1148,0.1523
11665,11.665,0.0036,-0.0018,-0.0114,0.0001,0.1483,0.2233
11666,11.666,0.0006,0.0025,-0.013,0.0025,0.1189,0.288
11667,11.667,0.0003,0.0008,-0.0106,-0.0026,0.1462,0.2304
11668,11.668,0.0014,-0.0039,-0.0123,-0.0005,0.1219,0.6003
11669,11.669,-0.0003,0.0003,-0.013,0.0025,0.3685,0.8411
11670,11.67,-0.0012,0.002,-0.0123,0.0008,0.3359,0.3605
11671,11.671,0.0007,-0.0016,-0.0106,0.0066,0.067,-0.0886
11672,11.672,0.0019,0.0015,-0.0116,0.0044,-0.114,-0.2641
11673,11.673,-0.0018,-0.0024,-0.0086,0.0023,-0.0817,-0.3175
11674,11.674,-0.0043,0.0002,-0.0116,0.0054,-0.1118,-0.2698
11675,11.675,0.0009,-0.0028,-0.0113,0.0025,-0.1391,-0.2266
11676,11.676,0.0002,-0.0008,-0.0145,0.006,-0.0656,-0.3455
11677,11.677,0.0019,0.0002,-0.0158,0.003,-0.2672,-0.8868
11678,11.678,-0.0033,0.0026,-0.0155,0.0058,-0.403,-0.6548
11679,11.679,-0.0026,-0.0004,-0.0188,0,-0.1811,-0.0203
11680,11.68,0.0017,-0.0014,-0.0193,-0.0026,0.0283,0.2367
11681,11.681,0,0.0009,-0.0219,-0.0019,0.11,0.3153
11682,11.682,0.0005,-0.0001,-0.0196,-0.0055,0.1349,0.2458
11683,11.683,0.0002,0.001,-0.019,-0.0101,0.1317,0.2769
11684,11.684,-0.0009,0.0016,-0.014,-0.0084,0.1095,0.2134
11685,11.685,-0.0021,-0.0023,-0.019,-0.002,0.2111,0.8529
11686,11.686,0.0021,-0.0006,-0.016,-0.0011,0.4149,0.7682
11687,11.687,0.0004,-0.0011,-0.0144,-0.0081,0.2252,0.2257
11688,11.688,-0.0043,-0.0023,-0.0067,-0.0016,0.0027,-0.1274
11689,11.689,0.0052,-0.0035,0.0104,-0.0075,-0.0874,-0.1927
11690,11.69,0.0011,-0.0038,0.0227,-0.0069,-0.1151,-0.2516
11691,11.691,-0,-0.0015,0.0338,-0.0019,-0.14,-0.3051
11692,11.692,0.001,-0.0018,0.0358,-0.0003,-0.118,-0.1615
11693,11.693,0.002,-0,0.0377,-0.0031,-0.1386,-0.6422
11694,11.694,0.0028,0.0007,0.036,-0.0026,-0.4165,-0.9625
11695,11.695,-0.0014,-0.0001,0.0436,0.0016,-0.3772,-0.4392
11696,11.696,0.0007,-0.0024,0.0423,0.0044,-0.1245,0.0545
11697,11.697,0,-0.0035,0.0461,0.0039,0.0402,0.2478
11698,11.698,-0.003,-0.0042,0.054,0.0051,0.13,0.3067
11699,11.699,-0.0002,-0.0008,0.0383,0.0012,0.1573,0.2544
11700,11.7,-0.0037,-0.0031,0.0047,0.0028,0.1329,0.2066
11701,11.701,0.0005,-0.0002,-0.0095,-0.0003,0.1106,0.3376
11702,11.702,-0.0024,-0.0013,-0.005,0.0018,0.2937,0.9332
11703,11.703,-0.005,0.0026,-0.0009,0.0021,0.417,0.5077
11704,11.704,0,-0.0032,-0.0043,0.0004,0.1702,0.1193
11705,11.705,-0.0035,0.0005,-0.0009,0.0015,-0.0604,-0.2341
11706,11.706,0.0006,-0.0002,0.0022,0.0021,-0.0909,-0.2995
11707,11.707,-0.0034,0.0003,-0.0003,0.001,-0.1185,-0.2424
11708,11.708,0.0023,0.0067,0.0023,0.0037,-0.1435,-0.2959
11709,11.709,-0.003,-0.0028,0.0004,-0.0016,-0.1215,-0.2482
11710,11.71,-0.0024,0.0009,-0.0014,-0.0038,-0.1825,-0.8164
11711,11.711,0.0006,0.0019,0.0008,-0.0058,-0.4235,-0.7397
11712,11.712,-0.007,0.0008,0.0028,-0.0028,-0.2596,-0.247
11713,11.713,-0.006,-0,-0.0015,-0.0033,0.0093,0.2021
11714,11.714,-0.0052,-0.0026,0.0002,0.0034,0.1181,0.2613
11715,11.715,-0.0027,0.0043,0.0018,0.0007,0.1513,0.3145
11716,11.716,-0.0021,0.0016,-0.0011,0.0016,0.1217,0.2667
11717,11.717,-0.0028,0.0041,0.0004,0.0038,0.1488,0.2231
11718,11.718,0.0054,0.0047,-0.0038,-0.0027,0.1243,0.5802
11719,11.719,0.0022,0.0012,-0.0008,-0.0001,0.3707,0.9166
11720,11.72,0.0011,-0.0005,-0.0056,0.0083,0.338,0.3481
11721,11.721,0.0002,0.0011,-0.0031,0.0051,0.0689,-0.1955
11722,11.722,0.0027,-0.0046,-0.0021,0.0041,-0.1124,-0.2675
11723,11.723,0.002,0.0038,-0.0033,0.0049,-0.0803,-0.2048
11724,11.724,0.0026,0.0006,-0.0053,0.0075,-0.1105,-0.2638
11725,11.725,0.0031,0.0016,-0.0036,0.0022,-0.138,-0.2116
11726,11.726,0.0071,0.0007,-0.0019,0.0058,-0.0645,-0.3561
11727,11.727,0.0013,-0.0035,-0.0032,0.0052,-0.3111,-0.9243
11728,11.728,-0.0009,0.0017,-0.0037,0.0069,-0.4098,-0.5379
11729,11.729,-0.0017,0.001,-0.0008,0.0054,-0.1413,-0.0447
11730,11.73,0.0013,0.0005,-0.0021,-0.0016,0.0396,0.2764
11731,11.731,-0.0004,-0.0012,-0.0054,-0.0026,0.073,0.2192
11732,11.732,0.0031,0.0003,-0.0066,-0.0072,0.1031,0.2724
11733,11.733,0,-0.0009,-0.0024,-0.0097,0.1304,0.2245
11734,11.734,0.0003,0.003,-0.0061,-0.012,0.1059,0.2683
