Frame,Time,EMG_1,EMG_2,EMG_3,EMG_4,EMG_5,EMG_6
0,0,-0.0028,-0.021,-0.0064,0.0032,-0.0307,-0.1479
1,0.001,0.0001,-0.0195,-0.0137,0.0089,-0.0524,-0.0987
2,0.002,-0.0002,-0.0028,-0.0037,0.0067,-0.3098,-0.5662
3,0.003,-0.0054,0.0035,-0.0071,0.0073,-0.1975,-0.6165
4,0.004,-0.0047,0.0132,-0.0123,0.0056,0.031,-0.0922
5,0.005,0.0003,0.011,-0.0109,0.0003,0.1753,0.3898
6,0.006,0.002,0.0157,-0.006,-0.0074,0.1969,0.317
7,0.007,0.0003,0.0198,0.0072,-0.0083,0.2153,0.3643
8,0.008,-0.0032,0.0154,0.0131,-0.0091,0.1875,0.4055
9,0.009,0.0019,0.0138,0.0016,-0.0031,0.1623,0.3472
10,0.01,-0.0045,0.0145,0.0034,0.0006,0.3931,0.6364
11,0.011,-0.0019,0.0151,0.005,0.0055,0.4158,0.9705
12,0.012,0.0003,0.0156,0.0114,0.005,0.1424,0.5238
13,0.013,0.001,0.0127,0.0171,-0.0038,-0.0393,-0.0037
14,0.014,-0.0007,0.013,0.012,-0,-0.0727,-0.2144
15,0.015,0.0034,0.0078,0.0113,0.0032,-0.1022,-0.151
16,0.016,0.0039,0.008,0.0072,0.0022,-0.0754,-0.2083
17,0.017,0.0017,0.006,-0.001,0.003,-0.0514,-0.1557
18,0.018,-0.0021,0.0022,-0.0018,0.0005,-0.2059,-0.2972
19,0.019,-0.0006,0.0008,-0.0006,-0.0002,-0.3838,-0.8527
20,0.02,0.0036,-0.0023,-0.0124,0.0034,-0.1604,-0.6124
21,0.021,-0.0004,-0,-0.0071,-0.0008,0.0465,0.0187
22,0.022,-0.0029,-0.0012,0.01,-0.0003,0.1246,0.2679
23,0.023,0.0041,0.0036,0.0078,-0.006,0.1453,0.3374
24,0.024,0.0051,0.0069,0.0059,-0.0066,0.1636,0.3986
25,0.025,-0.0013,0.005,-0.0144,-0.0045,0.1396,0.3268
26,0.026,-0.0038,-0.0004,-0.0116,-0.0014,0.1541,0.262
27,0.027,-0.0016,0.003,-0.0092,0.0014,0.3988,0.7236
28,0.028,-0.0008,0.0023,-0.0158,0.003,0.2849,0.7732
29,0.029,0.0009,0.0026,-0.0137,0.0018,0.0525,0.243
30,0.03,-0.0031,0.0009,-0.0045,0.0021,-0.097,-0.1107
31,0.031,0.0047,-0.0004,-0.0062,-0.0021,-0.1237,-0.1752
32,0.032,0.0079,-0.0002,-0.0079,-0.0015,-0.1473,-0.2322
33,0.033,0.0027,-0.0028,-0.012,0.002,-0.1244,-0.2831
34,0.034,-0.0018,-0.0006,-0.0034,0.0051,-0.0637,-0.2336
35,0.035,-0.0009,0.0023,-0.0026,-0.0005,-0.3011,-0.5336
36,0.036,-0.0002,0.0004,0.0002,-0.0041,-0.3951,-0.9588
37,0.037,-0.0008,0.0056,0.0026,-0.0005,-0.1254,-0.4309
38,0.038,-0.0012,0.0033,0.0048,0.0012,0.1252,0.0604
39,0.039,0.0005,0.0012,-0.007,-0.0005,0.0908,0.2487
40,0.04,0.001,-0.0006,-0.0225,-0.001,0.1184,0.3019
41,0.041,-0.002,0.0034,-0.0128,-0.0031,0.143,0.349
42,0.042,-0.0016,0.0048,-0.0151,-0.0011,0.1163,0.2961
43,0.043,-0.0012,-0.0021,-0.0139,0.0047,0.2248,0.3344
44,0.044,-0.0028,0.0031,-0.0099,0.0072,0.4024,0.9175
45,0.045,-0.0004,-0.0015,0.002,0.0035,0.2264,0.6531
46,0.046,-0.001,-0.0041,0.0097,-0.0028,-0.021,0.108
47,0.047,0.0007,-0.0004,0.0287,0.0031,-0.119,-0.2426
48,0.048,0,0.0045,0.0197,-0.0038,-0.0888,-0.3042
49,0.049,-0.0001,-0.0025,0.0016,-0.001,-0.1149,-0.3587
50,0.05,-0.0031,-0.0016,-0.0147,-0.0087,-0.1382,-0.303
51,0.051,-0.0034,0.0009,-0.0378,-0.0014,-0.1589,-0.2523
52,0.052,-0.0043,-0.0013,-0.0413,0.0013,-0.3787,-0.7246
53,0.053,-0.0011,0.0007,-0.0446,0.0022,-0.2865,-0.7801
54,0.054,0.0018,-0.0023,-0.0624,-0.0015,-0.0417,-0.2535
55,0.055,-0.0007,-0.0017,-0.0832,-0.0064,0.1216,0.2377
56,0.056,0.001,-0.0002,-0.0647,-0.0033,0.0913,0.2999
57,0.057,-0.002,0.0002,-0.0381,-0.005,0.1172,0.24
58,0.058,-0.007,-0.0019,-0.0062,0.0008,0.1403,0.2904
59,0.059,-0.0076,-0.0028,0.0148,0.0001,0.0723,0.2404
60,0.06,0.0007,-0.0045,0.0336,0.0021,0.3332,0.5407
61,0.061,0.0085,0.0006,0.036,0.0016,0.3655,0.8892
62,0.062,0.0074,-0.0015,0.0317,0.0021,0.1339,0.4522
63,0.063,0.0066,0.0002,0.0277,0.0026,-0.075,-0.0717
64,0.064,0.007,0.0015,0.0034,0.0036,-0.102,-0.2342
65,0.065,0.0028,-0.0025,-0.0166,0.0039,-0.182,-0.3024
66,0.066,0.0006,-0.002,-0.0247,0.0035,-0.1564,-0.3632
67,0.067,0.0027,-0.0017,-0.0321,-0,-0.0887,-0.3028
68,0.068,-0.0031,0.0011,-0.0349,-0.0004,-0.2291,-0.3524
69,0.069,-0.0009,0.0001,-0.0375,-0.0016,-0.4291,-0.8728
70,0.07,0.0027,-0.0023,-0.0164,0.001,-0.1836,-0.6561
71,0.071,0.001,-0.002,0.0217,-0.0043,0.0461,-0.0785
72,0.072,-0.0019,-0.0034,0.0155,-0.0021,0.0757,0.154
73,0.073,-0.0004,-0.0022,0.0289,-0.0001,0.1557,0.2235
74,0.074,-0.0016,0.0015,0.0324,0.0015,0.1301,0.2857
75,0.075,-0.0012,0.001,0.0276,0.002,0.1069,0.2263
76,0.076,-0.0022,-0.0003,0.0231,-0.0016,0.126,0.1723
77,0.077,-0.0061,-0.0023,0.0255,0.0053,0.4001,0.7901
78,0.078,-0.0096,0.0019,0.0218,0.0062,0.2787,0.868
79,0.079,-0.0147,0.0002,0.0184,0.0016,0.0254,0.3228
80,0.08,-0.0139,0.0016,0.0104,0.0024,-0.0733,-0.1695
81,0.081,-0.0109,0.0013,-0.0013,0.0017,-0.1029,-0.2328
82,0.082,-0.0044,0,0.0042,-0.0061,-0.1294,-0.2891
83,0.083,0.0084,-0.0057,0.0129,-0.0091,-0.153,-0.2348
84,0.084,0.0102,-0.0185,0.0107,-0.0118,-0.0853,-0.1855
85,0.085,0.0017,-0.0129,0.0088,-0.0076,-0.3472,-0.4873
86,0.086,0.0032,-0.0045,0.0124,-0.0054,-0.3804,-0.9167
87,0.087,0.0018,0.0031,0.0157,-0.0019,-0.1492,-0.5059
88,0.088,-0.002,0.0044,0.0278,0.0023,0.0596,0.0762
89,0.089,0.0058,0.0055,0.0358,0.0028,0.0866,0.3076
90,0.09,0.0027,0.0065,0.0339,0.0032,0.1593,0.2365
91,0.091,-0.0001,0.0054,0.0405,0.0001,0.1362,0.299
92,0.092,0.0041,0.0045,0.0464,-0.0063,0.1151,0.2398
93,0.093,-0.0011,0.0087,0.0517,-0.0147,0.2429,0.2907
94,0.094,-0.0018,0.0034,0.0545,-0.0115,0.4249,0.9086
95,0.095,-0.0002,0.0069,0.0588,-0.0063,0.2015,0.6489
96,0.096,-0.0019,0.0051,0.0458,-0.0055,-0.0077,0.1053
97,0.097,-0.0004,-0.0025,0.0179,0.0039,-0.089,-0.246
98,0.098,0.0026,0.0027,-0.0098,0.0051,-0.1131,-0.1819
99,0.099,0.0082,0.0053,-0.006,0.004,-0.1347,-0.3542
100,0.1,0.0044,-0.0006,-0.009,0.0049,-0.1138,-0.2998
101,0.101,-0.002,-0.0013,-0.0115,0.0022,-0.1314,-0.2501
102,0.102,-0.0012,0.0023,-0.0139,0.0046,-0.3811,-0.7253
103,0.103,-0.0019,0.0027,-0.0112,0.0067,-0.2711,-0.7838
104,0.104,-0.0026,-0.0001,-0.0086,0.0018,-0.0406,-0.2581
105,0.105,-0.002,-0.0006,-0.0021,0.0012,0.1085,0.2341
106,0.106,0.0008,0.0024,-0.0036,0.0041,0.1352,0.1706
107,0.107,0.0023,0.0012,-0.0014,0.0065,0.159,0.2278
108,0.108,0.002,-0.0039,-0.0054,-0.0004,0.1361,0.2792
109,0.109,0.0008,-0.0018,-0.0061,0.009,0.0749,0.2301
110,0.11,0.0018,-0.0001,-0.0066,0.0027,0.3503,0.5324
111,0.111,0.005,0.0039,-0.0048,0.0016,0.3876,0.884
112,0.112,-0.0014,0.0014,-0.0071,0.0006,0.1341,0.4485
113,0.113,-0.0023,-0.0016,-0.0036,0.0052,-0.0957,-0.0755
114,0.114,0.0002,0.0023,-0.0053,-0.0008,-0.1252,-0.286
115,0.115,0.0025,-0.0024,-0.0038,-0.0015,-0.1515,-0.2216
116,0.116,0.0031,-0.0019,-0.0023,0.0021,-0.1264,-0.2783
117,0.117,0.0001,-0.0014,-0.0084,0.0037,-0.1035,-0.2246
118,0.118,-0.0004,-0.0019,-0.0031,-0.0004,-0.2441,-0.3665
119,0.119,0.0001,-0.0007,-0.0117,-0.0009,-0.4082,-0.9285
120,0.12,0.0013,0.0022,-0.0247,0.0013,-0.2051,-0.6922
121,0.121,-0.0016,-0.0035,-0.0183,0.0025,0.0394,-0.0575
122,0.122,0.0035,0.0008,-0.0157,0.0082,0.0726,0.1983
123,0.123,0.0028,0.0015,-0.0133,0.0073,0.1023,0.2752
124,0.124,0.0023,-0.0034,-0.0085,0.008,0.129,0.3441
125,0.125,-0.0017,-0.0017,-0.0115,-0.0026,0.1041,0.279
126,0.126,-0.0043,0.0012,-0.0075,-0.0041,0.1259,0.2201
127,0.127,0.0009,-0.0013,-0.0058,-0.0111,0.3884,0.7965
128,0.128,0.0044,-0.0001,-0.0079,-0.0073,0.2789,0.8691
129,0.129,0.0061,-0.0012,-0.0064,-0.0105,0.0485,0.2343
130,0.13,0.0033,0.0007,-0.0036,-0.001,-0.1005,-0.1917
131,0.131,-0.0002,0.0011,-0.0052,-0.0022,-0.1273,-0.2687
132,0.132,-0.0044,0.0002,-0.0052,-0.0032,-0.1511,-0.3377
133,0.133,-0.0027,-0.0004,-0.0088,0.002,-0.1281,-0.2728
134,0.134,-0.0021,0.0035,-0.0049,-0.0007,-0.1073,-0.2137
135,0.135,-0.0017,0.0007,-0.0048,-0.0015,-0.3459,-0.4748
136,0.136,-0.0005,0.0023,0.0002,-0.0008,-0.3767,-0.902
137,0.137,0.0006,0.0011,0.0046,-0.0001,-0.1071,-0.4922
138,0.138,0.0003,0.0024,-0.0004,0.0004,0.0736,0.09
139,0.139,-0.0007,-0.0018,-0.001,0.001,0.1067,0.1682
140,0.14,-0.0013,-0.0023,-0.0066,-0.0005,0.1362,0.2383
141,0.141,0.0011,0.0025,-0.0102,0.0017,0.109,0.3013
142,0.142,0.0021,0.0068,-0.0094,-0.0011,0.0842,0.2425
143,0.143,-0.0004,-0.0008,-0.0089,0.0015,0.2399,0.2938
144,0.144,-0.0007,0.0003,-0.0105,0.0005,0.421,0.9135
145,0.145,-0.0024,0.0011,-0.0028,-0.0004,0.1982,0.655
146,0.146,-0.003,0.0003,-0.0107,0.001,-0.0109,0.1115
147,0.147,-0.0023,-0.0034,-0.0138,0.0004,-0.0923,-0.2404
148,0.148,-0.005,-0.0111,-0.0225,0.0026,-0.1166,-0.1767
149,0.149,0.0002,-0.0038,-0.0172,0.0045,-0.1384,-0.3496
150,0.15,-0.0004,-0.0029,-0.0102,0.008,-0.1177,-0.2958
151,0.151,0.0032,-0.0003,-0.0041,0.0038,-0.1354,-0.2466
152,0.152,0.0001,-0.0039,-0.0086,0.0033,-0.3858,-0.7233
153,0.153,0.0018,0.001,-0.0083,-0.0013,-0.2764,-0.7835
154,0.154,-0.0017,0.0006,-0.0022,-0.0071,-0.0459,-0.2582
155,0.155,-0.0005,0.0012,-0.0137,-0.0064,0.1033,0.2345
156,0.156,0.0007,-0.0003,-0.0156,-0.0043,0.0764,0.2985
157,0.157,-0.0003,0.0019,-0.02,-0,0.1497,0.24
158,0.158,-0.002,-0,-0.0192,-0.004,0.1269,0.2918
159,0.159,-0.001,-0.0003,-0.0299,0.0007,0.1062,0.2429
160,0.16,-0.0012,-0.002,-0.0344,-0.0035,0.3451,0.546
161,0.161,0.0027,-0.0003,-0.0286,0.0006,0.3761,0.8991
162,0.162,0.0032,0.0028,-0.0234,0.0012,0.1068,0.4643
163,0.163,-0.0003,0.004,-0.0311,0.0034,-0.074,-0.0599
164,0.164,0.0008,0.0065,-0.0418,0.0073,-0.1071,-0.271
165,0.165,0.0027,-0.0003,-0.0356,0.0065,-0.1289,-0.2504
166,0.166,0.0066,0.005,-0.0291,-0.0013,-0.099,-0.3135
167,0.167,-0.0012,0.0028,-0.0207,-0.0003,-0.0718,-0.2547
168,0.168,-0.0002,0.0034,-0.0243,0.005,-0.2431,-0.3062
169,0.169,0.0028,0.0004,-0.0195,-0.0014,-0.4428,-0.9265
170,0.17,-0.0018,-0.0013,-0.0059,-0.0023,-0.1979,-0.6684
171,0.171,-0.0077,0.0002,0.0203,0.0014,0.0323,-0.125
172,0.172,-0.0025,0.0013,0.0307,-0.0035,0.1217,0.2272
173,0.173,-0.0045,-0.0034,0.0335,-0.004,0.0946,0.2909
174,0.174,-0.0062,0.0008,0.0243,-0.0045,0.1188,0.2325
175,0.175,-0.0057,-0.0045,0.0267,-0.006,0.0516,0.2846
176,0.176,-0.0052,-0.001,0.0336,-0.0057,0.112,0.2358
177,0.177,-0.0002,-0.0005,0.0355,0.0008,0.388,0.713
178,0.178,0.0005,-0.0093,0.0291,-0.0001,0.2679,0.7737
179,0.179,-0.0078,-0.0283,0.0344,0.0024,0.0867,0.2489
180,0.18,-0.0046,-0.0147,0.0257,0.0046,-0.0778,-0.1039
181,0.181,-0.0057,0.0025,0.0394,0.001,-0.1076,-0.1685
182,0.182,-0.003,0.0003,0.0411,-0.002,-0.1344,-0.3422
183,0.183,0.0065,0.0023,0.0359,0.0032,-0.1096,-0.394
184,0.184,0.0028,0.0078,0.0557,-0.0003,-0.087,-0.3447
185,0.185,0.0038,0.0061,0.0583,-0.0009,-0.35,-0.5607
186,0.186,0.0007,0.0075,0.051,-0.0037,-0.3844,-0.9142
187,0.187,0.0053,0.0034,0.0263,-0.0032,-0.1536,-0.4796
188,0.188,0.0027,0.0045,0.0099,-0.0054,0.0556,0.0449
189,0.189,-0.0011,0.0013,0.0011,-0.0026,0.083,0.2561
190,0.19,0.0025,0.0085,0.0039,-0.0023,0.1565,0.3196
191,0.191,-0.0006,-0.0001,-0.0033,-0.0075,0.1339,0.3766
192,0.192,0.0011,0.0054,-0.0054,-0.0097,0.1134,0.3229
193,0.193,0.0088,0.0106,-0.0033,-0.0062,0.242,0.3695
194,0.194,0.0078,0.0078,-0.0087,0.0007,0.4255,0.9334
195,0.195,0.0067,-0.0017,-0,-0.0038,0.2029,0.6985
196,0.196,-0.0017,-0.008,0.0017,0.0021,-0.0063,0.0639
197,0.197,0.0038,-0.0252,0.0061,0.0014,-0.0877,-0.1923
198,0.198,0.0007,-0.0229,0.0126,-0.0007,-0.1122,-0.2698
199,0.199,-0.002,-0.0164,0.0004,0.0023,-0.1342,-0.3393
200,0.2,-0.0012,-0.0022,-0.0078,0.004,-0.1135,-0.2748
201,0.201,-0.0034,-0.0079,-0.0151,0.0087,-0.1314,-0.2162
202,0.202,0.0002,-0.0164,-0.0078,0.007,-0.3822,-0.7941
203,0.203,0.0044,-0.0241,-0.0037,0.0075,-0.273,-0.8682
204,0.204,0.0038,-0.0089,-0.0022,0.0007,-0.0425,-0.2336
205,0.205,0.0064,0.0053,-0.0028,-0.0039,0.107,0.1928
206,0.206,0.0003,0.0071,-0.0069,0.0019,0.1341,0.2704
207,0.207,0.0011,0.0088,-0.0005,-0.0003,0.1095,0.3399
208,0.208,-0.0026,0.0102,-0.0037,0.0017,0.1316,0.2753
209,0.209,-0.0104,0.0088,-0.008,-0.0066,0.1111,0.2168
210,0.21,-0.0051,0.0125,-0.0169,-0.0034,0.3505,0.479
211,0.211,0.0034,0.0115,-0.015,0.006,0.382,0.908
212,0.212,0.0044,0.0104,-0.003,0.0048,0.1128,0.4991
213,0.213,0.0034,0.0112,-0.01,0.008,-0.0682,-0.0836
214,0.214,-0.0012,0.0104,-0.008,0.0028,-0.1016,-0.1626
215,0.215,0.0013,0.011,-0.0061,0.0074,-0.1317,-0.2338
216,0.216,0.002,0.0074,-0.0087,0.0014,-0.159,-0.2984
217,0.217,-0.0016,0.0016,-0.0028,-0.0055,-0.0853,-0.241
218,0.218,0.0001,0.0023,0.0044,-0.001,-0.2421,-0.294
219,0.219,-0.0039,0.0043,0.0163,-0.0001,-0.4254,-0.9188
220,0.22,-0.0034,0.0026,0.0124,-0.0039,-0.2036,-0.6639
221,0.221,-0.0031,0.0021,0.0172,-0.0018,0.0058,-0.1211
222,0.222,-0.0002,0.0046,0.0117,0.0012,0.0877,0.2321
223,0.223,-0.0027,-0.0024,0.0092,0.0017,0.1128,0.1694
224,0.224,-0.0017,0.0007,0.0088,0.0002,0.1354,0.2281
225,0.225,-0.0014,0.0015,0.0049,0.0013,0.1154,0.2814
226,0.226,-0,-0.001,-0.0005,-0.0034,0.134,0.2338
227,0.227,-0.0039,0.0012,0.0037,0.0049,0.3865,0.7143
228,0.228,-0.001,-0.0023,-0.0064,-0.0007,0.2786,0.7786
229,0.229,-0.0045,0.0019,-0.0134,0.0046,0.0484,0.2549
230,0.23,-0.0003,-0.0033,-0.017,-0.0039,-0.1012,-0.0982
231,0.231,-0.0019,0.0031,-0.0227,-0.0006,-0.1287,-0.1635
232,0.232,-0.0067,-0.0027,-0.019,0.0004,-0.1535,-0.3386
233,0.233,-0.0009,0.001,-0.0175,-0.0004,-0.1314,-0.2863
234,0.234,-0.0016,0.0004,-0.0143,-0.0046,-0.1111,-0.2386
235,0.235,-0.0009,-0.0026,-0.013,-0.0068,-0.3518,-0.5444
236,0.236,0.0086,0.0015,-0.0073,0.0026,-0.3848,-0.981
237,0.237,0.0073,0.0021,-0.0105,0.0014,-0.116,-0.4575
238,0.238,0.0061,0.0018,-0.0033,0.0004,0.0652,0.0364
239,0.239,0.0029,0.0031,-0.0022,0.0015,0.0988,0.23
240,0.24,0.006,0.0013,-0.0044,-0.0049,0.129,0.2892
241,0.241,0.0033,-0.0011,-0.0049,-0.0007,0.1565,0.3429
242,0.242,0.0041,-0.0054,-0.0053,-0.0028,0.083,0.2956
243,0.243,0.002,-0.0025,-0.0034,0.0021,0.2399,0.3395
244,0.244,-0,-0.0019,-0.0049,0.0016,0.4233,0.9353
245,0.245,0.0042,-0.0015,-0.0012,0.0034,0.2015,0.6804
246,0.246,0.0047,-0.0035,0.0032,-0.0002,-0.0077,0.1376
247,0.247,0.0012,-0.0009,0.0122,0.0029,-0.0896,-0.2157
248,0.248,-0.001,-0.0061,0.0262,0.0026,-0.1145,-0.2809
249,0.249,0.0019,-0.0008,0.0207,-0.0031,-0.1371,-0.3397
250,0.25,-0.0006,0.0014,0.0157,0.0011,-0.1171,-0.2874
251,0.251,-0.0002,-0.0016,0.002,0.0064,-0.1356,-0.2396
252,0.252,-0.0053,-0.0079,-0.0109,0.0016,-0.388,-0.7201
253,0.253,-0.0073,-0.0036,-0.0091,-0.0001,-0.2801,-0.7845
254,0.254,-0.0115,-0.0028,-0.0075,0.0052,-0.0498,-0.2607
255,0.255,-0.0027,-0.0007,-0.0004,-0.0026,0.0999,0.2333
256,0.256,-0.0064,0.0024,-0.0168,0.0047,0.1275,0.1708
257,0.257,-0.0054,-0.0004,-0.0234,0.0039,0.1523,0.2296
258,0.258,-0.0084,0.0023,-0.0336,-0.0003,0.1302,0.283
259,0.259,0.0019,0.002,-0.0243,-0.0055,0.1099,0.2354
260,0.26,0.0033,0.0024,-0.016,0.0009,0.3506,0.5412
261,0.261,0.007,-0.0033,-0.0146,-0.0016,0.3836,0.8988
262,0.262,0.0038,0.001,-0.0078,-0.0023,0.1147,0.4663
263,0.263,-0.0014,0.0017,-0.0016,-0.0072,-0.0663,-0.0582
264,0.264,0.0031,0.0067,-0.0028,-0.0055,-0.0999,-0.2707
265,0.265,0.0091,-0.0002,-0.002,-0.0038,-0.1301,-0.2076
266,0.266,0.002,0.0003,-0.0082,-0.0055,-0.1346,-0.2881
267,0.267,0.0013,-0.0005,-0.0187,0.0023,-0.1077,-0.2306
268,0.268,-0.0007,0.0054,-0.0119,0.0055,-0.231,-0.2837
269,0.269,0.001,0.0017,-0.0033,0.0045,-0.4329,-0.9085
270,0.27,0.0005,-0.0018,-0.0024,0.0036,-0.189,-0.6537
271,0.271,-0.002,-0.0049,0.0132,-0.0023,0.0414,-0.1109
272,0.272,-0.0017,-0.0008,0.0424,0.0014,0.0718,0.2422
273,0.273,-0.0029,-0.0033,0.0461,0.0007,0.0992,0.1795
274,0.274,-0.0004,-0.0022,0.0495,-0.001,0.124,0.238
275,0.275,-0.0021,-0.0051,0.0396,-0.0015,0.1019,0.2913
276,0.276,-0.0051,0,0.0187,-0,0.1222,0.2436
277,0.277,-0.0016,0.0049,-0.0005,-0.0042,0.4,0.7241
278,0.278,0.0015,0.0006,-0.0179,-0.0025,0.2812,0.7883
279,0.279,0.0062,-0.0023,-0.0201,-0.0103,0.0283,0.2646
280,0.28,0.0019,-0.0018,-0.0182,-0.0093,-0.071,-0.0886
281,0.281,0.006,-0.0006,-0.0127,-0.0103,-0.1013,-0.2819
282,0.282,0.0024,0.0005,-0.0078,-0.0095,-0.1287,-0.3406
283,0.283,0.0075,-0.0014,-0.0094,-0.0036,-0.1535,-0.2886
284,0.284,0.001,-0.006,-0.0055,-0.0014,-0.0865,-0.3371
285,0.285,-0.0016,-0.0018,0.0032,0.0079,-0.3511,-0.643
286,0.286,-0.0009,-0.0071,0.0063,0.0042,-0.3873,-0.9211
287,0.287,-0.0029,0.0022,0.0073,0.0009,-0.1572,-0.452
288,0.288,-0.006,0.001,0.0008,0.0019,0.0522,0.1251
289,0.289,0.0004,-0.0023,0.0033,-0.0008,0.08,0.204
290,0.29,-0.0038,-0.0013,-0.0004,0.0017,0.1541,0.2752
291,0.291,-0.0032,0.0014,-0.001,0.0039,0.1321,0.3398
292,0.292,-0.0012,-0.0012,0.0006,0.0032,0.1121,0.2822
293,0.293,-0.0029,-0.0035,0.0047,0.0049,0.2418,0.3353
294,0.294,-0.0105,0,0.0125,0.0054,0.427,0.9599
295,0.295,-0.0054,-0.0042,0.0115,0.0079,0.2053,0.7049
296,0.296,-0.0081,0.0021,0.0168,0.0018,-0.004,0.1619
297,0.297,-0.0039,-0.0004,0.0084,-0.0007,-0.0858,-0.1914
298,0.298,-0.0002,-0.012,-0.0039,0.0045,-0.1108,-0.2567
299,0.299,-0.0009,-0.0239,-0.019,-0.0019,-0.1334,-0.3156
300,0.3,-0.0015,-0.01,-0.029,-0.0028,-0.1133,-0.2634
301,0.301,-0.0056,-0.0008,-0.027,-0.0021,-0.1318,-0.2156
302,0.302,0.0011,0.0077,-0.0184,-0.0057,-0.3842,-0.7836
303,0.303,0.0038,0.0091,-0.0044,0.0012,-0.2762,-0.8613
304,0.304,0.0012,0.005,0.02,0.002,-0.0459,-0.2276
305,0.305,-0.001,0.0062,0.0234,0.0046,0.1039,0.1996
306,0.306,0.0025,0.0072,0.0323,0.0008,0.1315,0.2783
307,0.307,0.0008,0.0041,0.0406,-0.0041,0.1564,0.2087
308,0.308,0.0072,0.0086,0.0531,0.0001,0.1343,0.2731
309,0.309,0.008,0.0095,0.0511,0.0042,0.0736,0.2154
310,0.31,0.0087,0.0072,0.0412,0.0036,0.3514,0.4796
311,0.311,0.0037,0.0052,0.0247,0.0006,0.312,0.9122
312,0.312,-0.0005,-0.0043,0.0361,0.0045,0.1314,0.5053
313,0.313,-0.0046,-0.0003,0.0383,0.0029,-0.0335,-0.0774
314,0.314,-0.0104,0.0059,0.0293,0.0017,-0.0639,-0.1563
315,0.315,-0.0019,0.0027,0.0143,0.0038,-0.1455,-0.2276
316,0.316,0.0037,0.0017,-0.008,0.0012,-0.1213,-0.2921
317,0.317,0.0006,0.0025,-0.0285,0.0057,-0.0991,-0.2347
318,0.318,-0.0021,0.005,-0.031,0.0015,-0.2414,-0.2878
319,0.319,0.0021,-0.0019,-0.0183,-0.0026,-0.4082,-0.9126
320,0.32,0.0028,0.0008,-0.0158,0.0022,-0.2065,-0.6577
321,0.321,0.0077,-0.0018,-0.0174,0.0039,0.0382,-0.1148
322,0.322,0.0046,0.0034,-0.0189,-0.0026,0.0718,0.2384
323,0.323,0.0051,0.0014,-0.0269,-0.0017,0.102,0.1757
324,0.324,-0.0017,-0.0016,-0.031,-0.0055,0.1294,0.2344
325,0.325,-0.0008,0.0001,-0.0403,-0.0119,0.1051,0.2876
326,0.326,0.0017,0.0048,-0.0338,-0.0094,0.1276,0.2398
327,0.327,0.001,0.0018,-0.0165,0.0006,0.3923,0.7203
328,0.328,0.0075,0.0035,-0.0236,-0.0008,0.2844,0.7847
329,0.329,0.0015,-0.0022,-0.0079,-0.0121,0.0541,0.2612
330,0.33,0.0009,-0.0015,0.0229,-0.0105,-0.0956,-0.2325
331,0.331,0.0073,0.002,0.0451,-0.0036,-0.1231,-0.1699
332,0.332,0.0031,-0.001,0.0253,0.0027,-0.148,-0.2287
333,0.333,0.0009,-0.0027,0.022,0.0083,-0.1258,-0.2822
334,0.334,-0.0097,0.0041,0.0123,0.0031,-0.1056,-0.2345
335,0.335,-0.0051,-0.0043,-0.0083,0.0077,-0.3463,-0.5405
336,0.336,-0.0037,-0.0011,-0.0001,0.0069,-0.3793,-0.9774
337,0.337,-0.0049,-0.0083,-0.0124,0.0032,-0.1704,-0.4542
338,0.338,-0.0016,-0.0019,-0.0236,-0.0074,0.0745,0.0396
339,0.339,0.0015,-0.0027,-0.0012,-0.0089,0.108,0.2332
340,0.34,0.0061,-0.0005,0.0258,0.0007,0.1382,0.2922
341,0.341,0.0053,0.0031,0.0221,0.002,0.1114,0.2401
342,0.342,0.006,-0.0011,0.0055,0.003,0.0871,0.2886
343,0.343,0.004,-0.0005,-0.0096,-0.0022,0.244,0.3325
344,0.344,-0.0002,-0.0052,-0.0179,-0.0014,0.4273,0.9282
345,0.345,-0.0018,-0.001,-0.0253,0.0012,0.2055,0.6732
346,0.346,0.0008,-0.0004,-0.0322,0.0034,-0.0037,0.1302
347,0.347,-0.0042,-0.0019,-0.0263,-0.003,-0.0856,-0.2231
348,0.348,0.0007,-0.0015,-0.0321,0.0012,-0.1106,-0.2884
349,0.349,-0.0034,0.0005,-0.007,0.0034,-0.1332,-0.3473
350,0.35,-0.0017,-0.002,-0.0109,0.0054,-0.1131,-0.2951
351,0.351,0.0009,0.0034,-0.0079,0.0024,-0.1317,-0.2474
352,0.352,-0.0012,0.0013,-0.0054,-0.0029,-0.3841,-0.728
353,0.353,-0.0008,0.0034,0.008,-0.0049,-0.2762,-0.7925
354,0.354,-0.0004,0.0018,0.0054,0.0008,-0.046,-0.2688
355,0.355,0.0013,0.0001,0.0073,0.003,0.1038,0.225
356,0.356,-0.0024,-0.0003,0.0049,0.001,0.1314,0.2903
357,0.357,0.0019,-0.0015,-0.001,0.0027,0.1071,0.233
358,0.358,0.0002,0.0024,0.0038,0.0056,0.1296,0.2862
359,0.359,0.0008,0.001,0.0019,-0.0012,0.1094,0.2383
360,0.36,0.0005,0.0032,-0.0025,-0.002,0.3501,0.544
361,0.361,-0.0034,0.0012,0.0033,-0.0029,0.383,0.9015
362,0.362,-0.0029,-0.0013,0.006,0.0008,0.1141,0.469
363,0.363,-0.0041,-0.0023,0.0108,0.0015,-0.0671,-0.0557
364,0.364,-0.0053,0.0007,0.0076,0.0057,-0.1005,-0.2682
365,0.365,-0.0028,0.0033,0.0029,0.0062,-0.1307,-0.2053
366,0.366,0.0025,0.0009,-0.0091,0.0026,-0.1582,-0.2641
367,0.367,0.0042,-0.0045,-0.0417,0.0009,-0.0945,-0.265
368,0.368,0.002,-0.0007,-0.0541,0.0031,-0.2178,-0.3181
369,0.369,-0,0.0004,-0.0622,0.002,-0.4197,-0.943
370,0.37,-0.0018,0.0033,-0.064,0.0009,-0.2301,-0.6882
371,0.371,-0.0023,-0.0024,-0.0583,-0.0043,-0.0077,-0.1455
372,0.372,0.0045,-0.0033,-0.0417,-0.0037,0.0823,0.2076
373,0.373,0.0053,-0.004,-0.005,-0.0002,0.1097,0.2726
374,0.374,0.0027,-0.002,0.0532,-0.0007,0.1345,0.3311
375,0.375,-0.0025,-0.0062,0.045,-0.0013,0.1123,0.2788
376,0.376,0.001,-0.0034,0.0232,-0.0038,0.1326,0.135
377,0.377,0.0005,0.0014,0.0292,-0.0099,0.4104,0.6155
378,0.378,-0.0024,-0.0029,0.0114,-0.0074,0.2916,0.8076
379,0.379,-0.005,0.0047,-0.0048,-0.0067,0.0386,0.2838
380,0.38,-0.0062,0.0057,-0.0002,-0.0087,-0.0606,-0.21
381,0.381,-0.005,-0.0028,0.004,-0.0118,-0.1505,-0.1475
382,0.382,0,0.0027,0.0078,-0.0089,-0.1238,-0.2064
383,0.383,-0.0036,0.0057,0.0111,-0.0042,-0.0995,-0.2597
384,0.384,-0.0031,-0.0028,0.034,-0.0037,-0.0773,-0.2122
385,0.385,-0.0072,-0.0018,0.0547,0.0027,-0.3825,-0.518
386,0.386,-0.0108,0.0034,0.0682,-0.0015,-0.4263,-0.955
387,0.387,-0.0087,-0.0051,0.0804,0.0022,-0.1481,-0.4318
388,0.388,-0.0058,-0.0019,0.0781,0.0028,0.105,0.0619
389,0.389,-0.0033,0.0033,0.0638,0.0023,0.1385,0.2554
390,0.39,-0.003,0.0006,0.047,0.0028,0.1687,0.3144
391,0.391,-0.0021,-0.0003,0.0315,0.0023,0.142,0.2624
392,0.392,0.0009,0.0018,0.0214,0.0092,0.1177,0.2147
393,0.393,0.0038,-0.0002,0.0158,0.0081,0.2298,0.346
394,0.394,0.0041,0.0002,0.0141,0.0054,0.4132,0.9417
395,0.395,-0.0012,-0.0015,0.0002,0.0029,0.1914,0.6867
396,0.396,-0.0006,0.001,-0.0128,0.0022,-0.0178,0.144
397,0.397,-0.0042,-0.0033,-0.011,0.0071,-0.0996,-0.2091
398,0.398,-0.0026,-0.0121,-0.0216,0.0028,-0.1246,-0.2741
399,0.399,0.005,-0.0286,-0.0173,0.0023,-0.1025,-0.3329
400,0.4,0.004,-0.0175,-0.0133,0.0048,-0.123,-0.2806
401,0.401,0.0012,-0.0033,-0.0233,-0.0021,-0.1415,-0.2327
402,0.402,0.002,0.0023,-0.0217,-0.0052,-0.3939,-0.8007
403,0.403,0.0057,0.0039,-0.0176,0.0032,-0.2859,-0.8783
404,0.404,0.0064,0.0054,-0.0069,-0.0024,-0.0556,-0.2445
405,0.405,0.0059,0.0067,-0.0079,0.0028,0.0942,0.1829
406,0.406,0.0018,0.0104,-0.0138,0.0001,0.1219,0.2619
407,0.407,0.0075,0,-0.0145,-0.0025,0.1468,0.333
408,0.408,0.0144,0.0069,-0.0047,-0.0018,0.1247,0.2697
409,0.409,0.0171,0.0106,0.0146,0.0017,0.1045,0.2121
410,0.41,0.0112,0.0028,0.0231,-0,0.3453,0.4765
411,0.411,0.0059,0.0081,0.0162,-0.0006,0.3783,0.9093
412,0.412,-0.0006,-0.0004,0.01,-0.0001,0.1095,0.5026
413,0.413,-0.0014,0.0006,-0.0081,-0.0013,-0.0716,-0.0799
414,0.414,0.0023,-0.0025,-0.01,-0.0042,-0.1051,-0.1587
415,0.415,-0.0042,0.002,-0.0073,-0.0017,-0.1352,-0.23
416,0.416,-0.0016,0.0029,-0.0007,-0.0069,-0.1084,-0.2945
417,0.417,-0.0009,0.0051,0.0054,-0.0032,-0.0841,-0.2369
418,0.418,0.0055,0.0001,0.0144,0.0017,-0.241,-0.29
419,0.419,0.003,-0.0029,0.0134,0.0059,-0.4244,-0.9147
420,0.42,0.0007,-0.0001,0.0292,0.0076,-0.2026,-0.6597
421,0.421,0.0014,-0.0016,0.0359,0.0091,0.0067,-0.1168
422,0.422,-0.0043,0.0045,0.0272,0.0049,0.0886,0.2364
423,0.423,-0.008,0.0019,0.0296,-0.0004,0.1135,0.1738
424,0.424,-0.01,0.0072,0.0226,-0.0097,0.1362,0.2326
425,0.425,-0.0043,0.0051,0.0081,-0.0134,0.1161,0.2859
426,0.426,-0.0049,0.0046,-0.0218,-0.0102,0.1347,0.2383
427,0.427,-0.007,0.0052,-0.0697,-0.0007,0.3871,0.7187
428,0.428,-0.0074,0.0036,-0.0628,-0.0044,0.2792,0.7831
429,0.429,0.0002,0.0006,-0.0566,0.0011,0.049,0.2597
430,0.43,0.0012,-0.0033,-0.0191,0.0064,-0.1008,-0.0932
431,0.431,0.002,-0.0058,-0.014,0.0055,-0.1284,-0.2863
432,0.432,0.0029,-0.0054,-0.0269,-0.0022,-0.1533,-0.229
433,0.433,-0.0023,-0.0025,-0.0066,0.003,-0.1312,-0.2822
434,0.434,-0.003,-0.0014,0.0045,0.0022,-0.1111,-0.2345
435,0.435,0.0066,0.0038,0.0016,-0.0037,-0.3519,-0.5401
436,0.436,0.0025,0.0016,0.0048,0.0016,-0.385,-0.977
437,0.437,0.0063,-0.0004,0.0132,0.0036,-0.1163,-0.4538
438,0.438,-0.0014,0.0027,-0.0037,0.0006,0.0648,0.04
439,0.439,0.0016,0.0022,-0.019,0.0012,0.0983,0.2334
440,0.44,0.0025,-0.0003,0.0037,0.0007,0.1284,0.2925
441,0.441,-0.0017,-0.0024,0.0246,-0.0014,0.1558,0.2403
442,0.442,-0.0023,-0.0027,0.0329,-0.0017,0.0821,0.2889
443,0.443,0.0027,-0.003,0.0206,-0.0027,0.2389,0.3328
444,0.444,0.0032,0.001,0.0229,-0.0059,0.4222,0.8492
445,0.445,0.0004,-0.0025,0.0168,0.0006,0.2004,0.6387
446,0.446,-0.0031,0.0018,0,0.0052,-0.009,0.0621
447,0.447,-0.0061,0.0014,-0.0247,0.0044,-0.0909,-0.1716
448,0.448,-0.0064,0.0019,-0.0412,0.0022,-0.1159,-0.243
449,0.449,-0.0074,0.0008,-0.0325,0.0016,-0.1386,-0.3077
450,0.45,-0.005,0.0011,-0.03,0.0033,-0.1185,-0.2503
451,0.451,-0.0053,-0.0007,-0.0375,0.0016,-0.1372,-0.1978
452,0.452,-0.0034,-0.0017,-0.0174,0.0042,-0.3897,-0.7265
453,0.453,0.0005,-0.0026,0.0015,0.0054,-0.2819,-0.7972
454,0.454,0.0046,0.0017,0.0336,0.0075,-0.0518,-0.349
455,0.455,0.0082,-0.0041,0.0554,0.0033,0.098,0.1756
456,0.456,0.0013,-0.0018,0.0434,0.0017,0.1255,0.2474
457,0.457,-0.0018,-0.0024,0.0179,0.0065,0.1503,0.312
458,0.458,0.0028,-0.0029,0.008,-0.0004,0.1281,0.2546
459,0.459,0.0054,-0.0024,-0.0009,-0.0012,0.1078,0.202
460,0.46,0.0002,-0.0008,0.0127,-0.0003,0.3484,0.5383
461,0.461,-0.0019,-0.0051,0.015,0.0067,0.3813,0.9317
462,0.462,-0.0002,0.0002,-0.0144,-0.0054,0.1124,0.456
463,0.463,0.0027,-0.0018,-0.0425,-0.007,-0.0687,0.0068
464,0.464,-0.0021,0.0012,-0.0463,-0.0085,-0.1023,-0.1692
465,0.465,-0.0004,0.0053,-0.0498,-0.0015,-0.1325,-0.223
466,0.466,0.0001,0.0037,-0.053,-0.0052,-0.1059,-0.2718
467,0.467,0.0036,0.0049,-0.0396,-0.002,-0.0816,-0.2287
468,0.468,0.0065,0.0013,-0.0569,-0.006,-0.2276,-0.3248
469,0.469,0.0014,0.0002,-0.0401,-0.009,-0.4296,-0.9204
470,0.47,-0.0035,-0.0034,-0.0249,-0.0063,-0.24,-0.6655
471,0.471,-0.0077,-0.0031,-0.0437,-0.002,0.0316,-0.1227
472,0.472,-0.006,0.0033,-0.0266,-0.0013,0.0682,0.2304
473,0.473,-0.0003,-0.0013,-0.0156,0.0023,0.1014,0.2955
474,0.474,0.0049,-0.0039,-0.0136,-0.0008,0.1314,0.238
475,0.475,0.0029,-0.0017,0.0106,-0.0002,0.1045,0.2912
476,0.476,0.0033,0.0018,0.0468,0.0076,0.129,0.1472
477,0.477,0.0109,-0.0051,0.1,0.0086,0.3755,0.6276
478,0.478,0.0099,0.0013,0.121,0.0076,0.2771,0.6919
479,0.479,0.0053,-0.003,0.1015,0.003,0.0679,0.2845
480,0.48,-0.0058,-0.0023,0.0721,0.0073,-0.0684,-0.0868
481,0.481,-0.0074,-0.0003,0.0349,0.0066,-0.0935,-0.2323
482,0.482,-0.0143,-0.0061,0.0301,-0.004,-0.1163,-0.277
483,0.483,-0.0155,0.0008,0.0257,-0.0086,-0.137,-0.3173
484,0.484,-0.0078,0.0016,0.0058,-0.0016,-0.0817,-0.2095
485,0.485,-0.0068,0.0024,-0.027,-0.0079,-0.3342,-0.5051
486,0.486,-0.0003,0.0002,-0.0401,-0.0047,-0.3704,-0.942
487,0.487,0.0022,0.0008,-0.0362,-0.0057,-0.1404,-0.4189
488,0.488,0.0015,-0.0009,0.004,-0.003,0.0689,0.0748
489,0.489,0.0022,-0.005,0.0093,0.0029,0.0966,0.2682
490,0.49,0.0026,-0.0128,0.0046,-0.004,0.1215,0.2112
491,0.491,0.0009,-0.0254,-0.0173,-0.0032,0.1441,0.2646
492,0.492,-0.0049,-0.017,-0.0053,-0.0006,0.0835,0.2171
493,0.493,0.0004,-0.0063,0.013,0,0.2131,0.3484
494,0.494,0.0024,-0.0023,0.0164,0.0036,0.3984,0.8648
495,0.495,0.0007,0.0065,0.0194,0.0078,0.1765,0.6544
496,0.496,-0.0011,0.0075,0.0114,0.006,-0.0327,0.0778
497,0.497,-0.0006,0.0044,0.0287,-0.0018,-0.1146,-0.1558
498,0.498,0.0063,0.009,0.0491,-0.0074,-0.0904,-0.227
499,0.499,0.0053,0.0081,0.0629,-0.0022,-0.1131,-0.2915
500,0.5,0.0026,0.0074,0.0608,-0.0031,-0.093,-0.2338
501,0.501,0.0068,0.0094,0.0499,-0.0073,-0.1115,-0.1811
502,0.502,0.0046,0.0124,0.0317,-0.0111,-0.364,-0.7094
503,0.503,-0.0018,0.006,-0.0052,-0.0018,-0.3281,-0.7798
504,0.504,-0.0026,0.0051,-0.0421,-0.003,-0.0321,-0.3313
505,0.505,0.0011,0.0058,-0.066,-0.0062,0.0875,0.1936
506,0.506,-0.0038,0.0051,-0.0701,-0.0073,0.1241,0.2654
507,0.507,-0.0044,0.0009,-0.058,-0.0028,0.1573,0.3305
508,0.508,-0.0039,0.0049,-0.0397,-0.0003,0.1279,0.2733
509,0.509,0.0039,0.0054,-0.0096,-0.001,0.101,0.2212
510,0.51,0.0071,0.0032,-0.0054,0.0025,0.3229,0.4617
511,0.511,0.0018,0.0071,-0.0016,-0.0005,0.3529,0.9428
512,0.512,0.0009,0.0066,0.0217,-0,0.1087,0.4953
513,0.513,0.0035,-0.0004,0.0428,0.0077,-0.0561,-0.029
514,0.514,0.0013,-0.0014,0.0731,0.0087,-0.0864,-0.241
515,0.515,-0.0008,-0.0005,0.0852,0.0076,-0.1138,-0.3056
516,0.516,-0.0013,-0.0031,0.0746,0.0103,-0.1385,-0.248
517,0.517,-0.0008,-0.0024,0.0846,0.0094,-0.0714,-0.301
518,0.518,0.0007,-0.0017,0.0518,0.0087,-0.2136,-0.349
519,0.519,-0.0062,-0.0034,0.0035,0.0051,-0.4174,-0.9168
520,0.52,-0.0073,0.0018,-0.0676,-0.0007,-0.2277,-0.6849
521,0.521,-0.0027,0.0054,-0.1148,-0.0014,-0.0051,-0.0504
522,0.522,-0.0019,0.0059,-0.1406,-0.0007,0.085,0.2068
523,0.523,0.0018,0.0007,-0.1328,-0.0038,0.1126,0.2858
524,0.524,0.0083,-0.0042,-0.0684,0.0002,0.1376,0.357
525,0.525,0.0057,-0.0037,-0.0078,-0.0003,0.1156,0.2939
526,0.526,-0.0027,-0.0054,0.0159,0.0027,0.1361,0.2364
527,0.527,-0.0037,-0.0059,0.0377,0.0031,0.4141,0.7123
528,0.528,-0.0026,-0.0008,0.0058,0.0005,0.2955,0.7769
529,0.529,0.0001,-0.0057,-0.023,0.0022,0.0427,0.2535
530,0.53,0.006,-0.0052,-0.0386,0.0059,-0.0563,-0.0992
531,0.531,0.0053,-0.0011,-0.0241,-0.0011,-0.0863,-0.164
532,0.532,0.0033,-0.0046,-0.011,-0.0041,-0.1135,-0.3387
533,0.533,-0.0009,-0.0034,0.0088,-0.0069,-0.1381,-0.2862
534,0.534,-0.0014,-0.0022,0.0122,-0.0044,-0.1157,-0.2382
535,0.535,-0.0019,-0.0041,0.0087,0.0026,-0.3392,-0.5437
536,0.536,-0.0022,0.0005,0.0057,-0.0078,-0.3689,-0.901
537,0.537,-0.0018,0.0023,0.0192,0.0018,-0.1245,-0.4683
538,0.538,0.0024,0.0006,0.0018,-0.0019,0.0405,0.0566
539,0.539,0.0042,-0.003,0.0039,0.0013,0.0711,0.2693
540,0.54,-0.0005,-0.0018,0.0099,-0.0039,0.0987,0.2066
541,0.541,0.0012,0.0003,-0.0069,0.0046,0.1237,0.2655
542,0.542,-0.0005,-0.0055,0.0043,0.0036,0.1018,0.2135
543,0.543,0.0011,-0.0029,0.0184,0.0067,0.2442,0.2619
544,0.544,-0.0001,-0.0007,0.0312,0.0058,0.4111,0.9175
545,0.545,0.0028,0,0.0428,0.0067,0.2096,0.6372
546,0.546,-0.0022,-0.0042,0.0256,0.0061,-0.0349,0.0404
547,0.547,-0.0057,0.0011,-0.004,-0.0017,-0.0683,-0.1932
548,0.548,-0.0062,0.0005,-0.0322,-0.0027,-0.0984,-0.2645
549,0.549,-0.0113,0,-0.029,-0.0035,-0.1256,-0.329
550,0.55,-0.0133,-0.0016,-0.0325,-0.0094,-0.1011,-0.2715
551,0.551,-0.0063,-0.0001,-0.0538,-0.0087,-0.1234,-0.2188
552,0.552,-0.0036,-0.0004,-0.0132,-0.0067,-0.3879,-0.7473
553,0.553,0.0093,0.0061,0.0509,0.0029,-0.2798,-0.8178
554,0.554,0.0187,0.0015,0.0416,-0.0012,-0.0495,-0.2416
555,0.555,0.0204,0.0024,0.0177,0,0.1004,0.1469
556,0.556,0.0098,0.0077,-0.0043,-0.0032,0.0741,0.2185
557,0.557,0.0028,0.0057,-0.0113,0.0021,0.0991,0.2831
558,0.558,0.0041,0.0027,-0.0178,-0.0006,0.1218,0.3418
559,0.559,0.0009,-0.0013,-0.0133,-0.0083,0.1017,0.1838
560,0.56,-0.0043,0.0003,-0.0091,-0.0072,0.3425,0.5202
561,0.561,0.0002,0.0033,-0.0053,-0.0026,0.3756,0.9134
562,0.562,-0.0006,-0.0014,-0.0019,-0,0.1069,0.4377
563,0.563,0.0001,0.0017,0.0013,0.0022,-0.0741,-0.0115
564,0.564,0.0022,0.0034,-0.0021,0.0043,-0.1075,-0.1875
565,0.565,0.0039,-0.0002,0.0371,0.0049,-0.1376,-0.2414
566,0.566,-0.0025,0.0059,0.0423,0.0066,-0.1108,-0.2902
567,0.567,0.0018,0.0017,0.0277,0.0091,-0.0865,-0.2472
568,0.568,-0.002,-0.002,0.0231,0.0031,-0.1985,-0.2872
569,0.569,0.0043,0,0.0806,0.0068,-0.4177,-0.9098
570,0.57,-0.0021,-0.002,0.0841,0.0043,-0.2345,-0.6579
571,0.571,-0.0047,-0.0015,0.0363,0.0037,0.0372,-0.1645
572,0.572,-0.0053,-0.002,-0.0354,0.0016,0.0739,0.1886
573,0.573,-0.006,0.0058,-0.0832,-0.0067,0.1072,0.2536
574,0.574,-0.009,0.0002,-0.0922,-0.0034,0.1372,0.3122
575,0.575,-0.0119,0.0013,-0.1316,0.0018,0.1103,0.2597
576,0.576,-0.0094,-0.0052,-0.1389,-0.0009,0.135,0.2117
577,0.577,-0.0024,-0.0026,-0.0939,0.0016,0.3815,0.692
578,0.578,0.0006,0.0058,-0.0294,0.0038,0.2831,0.7561
579,0.579,0.0052,0.0002,0.0654,0.0018,0.014,0.2321
580,0.58,0.001,0.0033,0.103,0.0013,-0.0949,-0.1212
581,0.581,0.0079,-0.0031,0.1143,0.0018,-0.1283,-0.1867
582,0.582,0.0052,-0.0006,0.1039,0.0033,-0.1584,-0.2457
583,0.583,-0.0026,0.0001,0.0754,0.0011,-0.1857,-0.2995
584,0.584,-0.0036,-0.0064,0.015,-0.0045,-0.1122,-0.156
585,0.585,-0.0028,0.0031,0.0072,-0.0008,-0.3139,-0.4621
586,0.586,-0.0054,0.0068,0.0002,-0.0015,-0.3412,-0.8992
587,0.587,-0.0032,0.0078,-0.0321,-0.0032,-0.1192,-0.4927
588,0.588,0.0046,0.0048,-0.0613,-0.012,0.0901,0.0898
589,0.589,0.0076,0.0002,-0.0877,-0.0183,0.1177,0.1685
590,0.59,0.0067,-0.0023,-0.0733,-0.0106,0.1426,0.2395
591,0.591,-0.0028,-0.0045,-0.007,0.0009,0.1651,0.3039
592,0.592,-0.0065,-0.0066,0.0594,0.0054,0.1044,0.2462
593,0.593,-0.0034,-0.0071,0.0509,-0.0015,0.234,0.299
594,0.594,-0.0044,-0.0066,0.0432,-0.0078,0.4529,0.9235
595,0.595,-0.0071,-0.0009,0.0362,-0.0069,0.2442,0.6685
596,0.596,-0.0097,-0.0046,0.0428,-0.0017,-0.0005,0.1255
597,0.597,-0.0028,-0.0011,0.0486,0.0047,-0.0997,-0.2279
598,0.598,-0.0074,-0.0054,0.0433,0.0038,-0.1299,-0.1653
599,0.599,-0.0049,-0.0013,0.0481,0.0044,-0.1032,-0.3404
600,0.6,-0.0012,0.0002,0.0878,-0.0063,-0.128,-0.2882
601,0.601,0.0052,0.0005,0.0827,-0.011,-0.1505,-0.2406
602,0.602,0.006,0.0025,0.0685,0.0015,-0.4153,-0.7212
603,0.603,0.0023,-0.0033,0.029,0.0099,-0.3074,-0.7856
604,0.604,0.0101,-0.0161,0.0136,0.0083,-0.0773,-0.2619
605,0.605,0.007,-0.0292,0.0384,0.0123,0.0724,0.232
606,0.606,0.0062,-0.0174,0.0963,0.0035,0.0999,0.1694
607,0.607,0.0036,-0.0036,0.0735,-0.0044,0.1246,0.2282
608,0.608,0.0014,-0.0017,0.0243,-0.0181,0.147,0.2816
609,0.609,0.0049,0.0101,-0.0336,-0.0126,0.0861,0.2339
610,0.61,-0.0009,0.0085,-0.0565,-0.0076,0.3267,0.5397
611,0.611,-0.0047,0.0099,-0.1057,-0.0031,0.3596,0.8974
612,0.612,-0.0067,0.0036,-0.2024,-0.0045,0.1506,0.465
613,0.613,-0.0037,0.0113,-0.2715,0.0043,-0.0943,-0.0597
614,0.614,-0.0009,0.0123,-0.1828,0.0121,-0.0622,-0.272
615,0.615,0.0068,0.0019,-0.0789,0.0005,-0.0925,-0.2089
616,0.616,0.0146,0.006,-0.0089,0.002,-0.12,-0.2677
617,0.617,0.0115,0.0047,0.0293,0.0033,-0.0958,-0.2154
618,0.618,0.0012,-0.0009,0.0413,0.0044,-0.208,-0.3597
619,0.619,-0.0002,0.0021,0.0521,-0.0034,-0.432,-0.9277
620,0.62,0.0009,0.0013,0.0621,0.0038,-0.2235,-0.6959
621,0.621,-0.0023,0.0004,0.054,0.0011,0.021,-0.0616
622,0.622,0.0007,0.0011,0.0467,0.0019,0.12,0.1954
623,0.623,0.0034,0.0031,0.0398,0.0055,0.0906,0.2739
624,0.624,-0.0045,0.0013,0.0337,0.0048,0.1179,0.3448
625,0.625,-0.0035,0.003,0.0283,0.0031,0.0935,0.2814
626,0.626,-0.0062,0.0005,0.0128,0.0001,0.1606,0.2237
627,0.627,-0.002,0.0008,-0.0109,-0.0004,0.4252,0.6994
628,0.628,0.0017,0.0036,0.0028,0.0008,0.3171,0.7638
629,0.629,-0.0004,-0.0021,0.0473,0.0036,0.0211,0.2402
630,0.63,0.0001,-0.0013,0.0422,0.0011,-0.0987,-0.1129
631,0.631,-0.0039,0.0039,0.0055,0.0014,-0.1353,-0.178
632,0.632,-0.0014,0.0004,-0.0279,-0.003,-0.1685,-0.2367
633,0.633,-0.0002,0.0021,-0.0231,0.0011,-0.1391,-0.2899
634,0.634,0.0026,0.0015,-0.0266,-0.0015,-0.1123,-0.2421
635,0.635,0.0016,0.0021,-0.0155,0.0007,-0.3341,-0.4605
636,0.636,0.0026,0.0032,-0.0119,-0.0021,-0.3641,-0.9768
637,0.637,0.0023,0.0012,-0.0026,0.0014,-0.1198,-0.4846
638,0.638,0.0025,0.0002,0.0114,0.0026,0.045,0.0925
639,0.639,0.0031,0.0012,0.0094,-0.0003,0.0754,0.1715
640,0.64,-0.0006,-0.0018,0.0075,0.0008,0.1029,0.2427
641,0.641,-0.0053,0.0007,0.0138,0.0032,0.1277,0.3073
642,0.642,-0.0011,0.0053,0.0158,0.0076,0.1056,0.2497
643,0.643,-0.0016,-0.0004,0.0415,0.0094,0.2479,0.3027
644,0.644,-0.0051,-0.001,0.0525,0.0058,0.4148,0.9275
645,0.645,-0.0009,-0.0016,0.0757,0.0028,0.2132,0.6727
646,0.646,0.0008,-0.0021,0.0847,0.0041,-0.0314,0.1299
647,0.647,0.0013,-0.0061,0.0438,0.006,-0.0649,-0.2232
648,0.648,-0.0008,-0.0012,0.0497,0.0021,-0.0952,-0.2883
649,0.649,0.0039,0.0031,0.0126,0.0007,-0.1226,-0.2309
650,0.65,-0.003,0.0015,-0.0212,-0.0062,-0.0982,-0.2842
651,0.651,-0.0094,-0.001,-0.0786,-0.0009,-0.1207,-0.2363
652,0.652,-0.0153,-0.0006,-0.1491,-0.0035,-0.3853,-0.7168
653,0.653,-0.0159,0.0042,-0.1585,0.0008,-0.2774,-0.909
654,0.654,-0.0066,0.0047,-0.15,-0.0044,-0.0471,-0.269
655,0.655,0.0022,-0.0005,-0.111,-0.0121,0.1026,0.1583
656,0.656,0.01,-0.0069,-0.0469,-0.0047,0.1302,0.2371
657,0.657,0.011,0.0009,-0.0039,0.0018,0.1551,0.3081
658,0.658,0.0102,-0.0042,0.0038,0.0061,0.133,0.2447
659,0.659,0.0077,0.0043,0.0106,-0.0053,0.1129,0.1871
660,0.66,-0.0008,-0.0013,0.0296,-0.0069,0.3166,0.4513
661,0.661,0.0003,0.0019,0.0703,-0.0053,0.3981,0.9801
662,0.662,0.0118,0.0011,0.0752,-0.0066,0.1268,0.4879
663,0.663,0.0042,0.0003,0.0604,-0.0028,-0.0542,-0.0892
664,0.664,0.0001,-0.0019,0.038,0.0051,-0.0876,-0.168
665,0.665,-0.0011,-0.0039,0.0177,0.0083,-0.1177,-0.2393
666,0.666,-0.002,-0.0022,-0.0078,0.011,-0.145,-0.304
667,0.667,0.0032,-0.0005,-0.011,0.0103,-0.1206,-0.2465
668,0.668,0.006,-0.003,-0.0318,-0.0012,-0.2327,-0.2995
669,0.669,0.0001,-0.0008,-0.0236,-0.0062,-0.416,-0.9243
670,0.67,0.0007,0.0004,0.0287,-0.0019,-0.228,-0.6776
671,0.671,-0.003,0.0001,0.0612,0.0028,-0.0055,-0.0809
672,0.672,-0.0036,0.0011,0.0392,0.0069,0.0846,0.3078
673,0.673,-0.0041,0.0021,0.0113,0.0081,0.1122,0.2388
674,0.674,-0.0036,0.0004,-0.0433,0.0004,0.1371,0.3035
675,0.675,0.0022,-0.0015,-0.098,-0.0005,0.115,0.246
676,0.676,0.0091,0.0024,-0.0483,-0.0108,0.1354,0.1934
677,0.677,0.0155,0.004,0.0229,-0.0121,0.4134,0.722
678,0.678,0.0027,0.0004,0.0323,-0.0058,0.2947,0.7926
679,0.679,-0.0029,0.0016,0.0236,-0.0068,0.0418,0.2163
680,0.68,-0.0012,0.0019,0.0627,-0.0037,-0.123,-0.1723
681,0.681,0.0003,-0.0017,0.0698,0.0009,-0.0937,-0.244
682,0.682,-0.0011,-0.0048,0.0245,0.0001,-0.1211,-0.3088
683,0.683,-0.0048,-0.0036,-0.0286,-0.0006,-0.1459,-0.2516
684,0.684,-0.0126,-0.0018,-0.0501,-0.0041,-0.0789,-0.1994
685,0.685,-0.0053,0.0034,-0.0695,0.0053,-0.3434,-0.4399
686,0.686,-0.0026,0.0026,-0.0523,0.004,-0.3796,-0.9207
687,0.687,0.0016,0.0006,-0.0261,0.0028,-0.1495,-0.4732
688,0.688,-0.0069,0.001,0.0074,-0.0121,0.0599,0.0513
689,0.689,-0.0037,-0.0019,0.0558,-0.0101,0.0876,0.2637
690,0.69,-0.0026,-0.0067,0.0751,-0.0008,0.1126,0.3284
691,0.691,0.0001,-0.0163,0.0695,0.0043,0.0906,0.271
692,0.692,-0.0024,-0.026,0.0433,0.0058,0.03,0.2185
693,0.693,-0.0018,-0.0223,0.01,0.0098,0.1967,0.2666
694,0.694,-0.0024,-0.0053,-0.0204,0.0061,0.4434,0.9217
695,0.695,-0.0007,-0.0126,-0.0001,0.005,0.2138,0.6411
696,0.696,-0.0024,-0.0238,0.0111,0.0019,0.0045,0.0439
697,0.697,-0.0009,-0.0097,0.0344,-0.0084,-0.0774,-0.1901
698,0.698,-0.007,0.0033,0.0434,-0.0098,-0.1022,-0.2616
699,0.699,-0.0078,0.0117,0.0356,-0.0087,-0.1249,-0.3265
700,0.7,0.0037,0.0132,-0.0014,-0.0055,-0.1048,-0.2691
701,0.701,0.0054,0.0118,-0.0171,-0.0066,-0.1234,-0.2166
702,0.702,0.0069,0.0106,-0.0122,-0.0057,-0.3758,-0.7453
703,0.703,0.0083,0.0073,0.0011,-0.0015,-0.2679,-0.8161
704,0.704,0.002,0.0083,0.0131,-0.0038,-0.0377,-0.2401
705,0.705,0.0031,0.0091,0.0098,-0.0059,0.1121,0.1484
706,0.706,0.0041,0.0082,0.0199,-0.0029,0.1397,0.22
707,0.707,-0.0044,0.0044,0.029,-0.0024,0.1155,0.2846
708,0.708,0.0012,0.0079,0.0322,0.0011,0.138,0.3431
709,0.709,0.0023,0.0037,0.0399,-0,0.0772,0.185
710,0.71,0.0014,-0.0004,0.0382,-0.003,0.3179,0.5213
711,0.711,-0.0011,0.0074,0.053,-0.0033,0.3508,0.9147
712,0.712,-0.0018,0.0063,0.0294,0.0019,0.1419,0.4391
713,0.713,0.0003,0.0073,0.0332,0.0056,-0.0486,-0.01
714,0.714,-0.0028,0.0027,0.025,0.0076,-0.0738,-0.186
715,0.715,0.0001,0.0018,-0.0156,0.0106,-0.1414,-0.2399
716,0.716,-0.0004,-0.0019,-0.0445,0.0041,-0.1215,-0.2887
717,0.717,-0.0055,0.0001,-0.06,-0.0001,-0.1033,-0.2457
718,0.718,-0.002,0.0043,-0.0644,0.002,-0.2212,-0.2855
719,0.719,-0.0003,0.0038,-0.086,0.0026,-0.4204,-0.827
720,0.72,0.0014,0.0043,-0.0417,-0.0032,-0.2309,-0.7501
721,0.721,-0.0033,0.0013,-0.0238,0.002,-0.0085,-0.116
722,0.722,0.0024,0.0042,-0.0074,-0.0016,0.0814,0.1408
723,0.723,-0.0028,-0.0001,0.0174,0.0053,0.1089,0.2193
724,0.724,0.0021,-0.0006,-0.0129,0.0045,0.1337,0.29
725,0.725,0.0079,0.001,-0.0242,0.0019,0.1115,0.2265
726,0.726,0.0057,0.004,-0.0202,0.0026,0.1318,0.1687
727,0.727,0.0105,0.0037,0.0101,0.0005,0.4095,0.7496
728,0.728,0.0111,-0.0014,0.0144,0.001,0.2907,0.8273
729,0.729,0.0022,-0.0007,0.0329,0.0027,0.0377,0.3345
730,0.73,0.001,0.0024,0.0364,0.0001,-0.0615,-0.1149
731,0.731,0.0066,0.0029,0.0456,0.007,-0.092,-0.1744
732,0.732,0.0056,-0.0029,0.0541,0.006,-0.1193,-0.228
733,0.733,0.0064,-0.0035,0.0716,0.0069,-0.1441,-0.2766
734,0.734,0.0022,-0.0015,0.1055,0.0043,-0.077,-0.2333
735,0.735,0,-0.001,0.159,0.008,-0.3416,-0.5112
736,0.736,-0.0049,-0.0026,0.1237,0.0016,-0.3779,-0.9805
737,0.737,-0.0118,-0.0021,0.0267,0.0025,-0.148,-0.5329
738,0.738,-0.0127,-0.0009,-0.0704,0.0018,0.0613,0.108
739,0.739,-0.0136,-0.0005,-0.1586,-0.0031,0.089,0.1947
740,0.74,-0.0114,-0.003,-0.239,-0.0061,0.1139,0.2731
741,0.741,-0.0007,-0.0053,-0.2491,0.0027,0.1364,0.344
742,0.742,0.0039,-0.0002,-0.1446,0.0065,0.0756,0.2804
743,0.743,0.0025,-0.0065,-0.075,0.0075,0.2052,0.3387
744,0.744,-0.0037,-0.0023,-0.0119,-0.002,0.424,0.9199
745,0.745,-0.0069,-0.0029,-0.0007,-0.0031,0.2154,0.6881
746,0.746,-0.0017,0.0007,0.0302,-0.0134,-0.0292,0.0538
747,0.747,0.0029,-0.005,0.0204,-0.0038,-0.0627,-0.2032
748,0.748,-0.0049,-0.0012,0.0287,-0.0001,-0.0929,-0.2818
749,0.749,-0.0059,-0.0047,0.0363,-0.0078,-0.1203,-0.3527
750,0.75,-0.005,-0.0016,0.0574,-0.0109,-0.096,-0.2893
751,0.751,0.0009,-0.0067,0.0507,-0.0117,-0.1185,-0.2317
752,0.752,0.0047,-0.0003,0.0447,-0.0023,-0.4237,-0.7072
753,0.753,0.0054,-0.0028,0.0497,0.004,-0.293,-0.8995
754,0.754,0.0059,-0.0021,0.0542,0.003,-0.0941,-0.2596
755,0.755,0.0076,0.0015,0.0494,-0.0022,0.0869,0.1678
756,0.756,0.0029,0.001,0.029,-0.0162,0.1202,0.2466
757,0.757,-0.0002,0.0005,0.0032,-0.0101,0.1503,0.3176
758,0.758,-0.0042,-0.0072,-0.007,-0.0045,0.1234,0.2542
759,0.759,-0.0027,0.0005,-0.0284,-0.0027,0.099,0.1966
760,0.76,-0.0015,0.0058,-0.0427,0.0019,0.3453,0.4608
761,0.761,0.0014,0.0031,-0.0457,0.0089,0.3783,0.8935
762,0.762,0.0011,-0.0012,-0.026,0.0077,0.1095,0.4868
763,0.763,-0.0006,-0.0018,-0.0021,0.0068,-0.0716,0.0098
764,0.764,0.0024,0.0031,0.0401,0.0078,-0.1052,-0.1836
765,0.765,0.0034,-0.0012,0.0335,0.007,-0.1353,-0.2425
766,0.766,0.0011,0.0041,0.0378,0.0062,-0.1086,-0.296
767,0.767,0.0001,0.002,0.0126,0.0084,-0.0843,-0.2484
768,0.768,-0.0029,0.0015,0.0248,0.0049,-0.1964,-0.2923
769,0.769,0.001,-0.0014,-0.0284,0.0066,-0.4204,-0.888
770,0.77,-0.0026,-0.004,-0.065,0.0049,-0.2119,-0.633
771,0.771,-0.0042,0.005,-0.0852,-0.0053,0.0102,-0.1117
772,0.772,-0.0072,-0.0001,-0.1055,-0.0048,0.0921,0.2767
773,0.773,-0.0008,0.0006,-0.0773,-0.0117,0.1171,0.2077
774,0.774,0.0133,0.0075,-0.0732,-0.0087,0.1396,0.2723
775,0.775,0.0154,0.003,-0.0307,-0.0002,0.1195,0.3308
776,0.776,0.0024,-0.0029,0.0446,-0.0034,0.138,0.1727
777,0.777,0.0041,0.0024,0.0746,-0.0024,0.3905,0.7012
778,0.778,0.0026,0.0031,0.0641,-0.0016,0.2826,0.7718
779,0.779,0.0013,-0.0011,0.0026,-0.0007,0.0523,0.3236
780,0.78,-0.0024,0.0053,0.0094,-0.0045,-0.1571,-0.2011
781,0.781,-0.0014,0.0045,0.0013,0.0033,-0.1305,-0.2729
782,0.782,-0.0044,-0.0007,-0.0062,0.0002,-0.1553,-0.3377
783,0.783,-0.009,0.0014,-0.013,-0.0007,-0.1333,-0.2803
784,0.784,-0.0012,0.0009,0.0019,-0.0085,-0.0725,-0.228
785,0.785,0.0041,0.0005,0.025,-0.0055,-0.3133,-0.4685
786,0.786,0.0086,-0.0031,0.0547,-0.0047,-0.3463,-0.9494
787,0.787,0.0078,-0.0061,0.0258,-0.0005,-0.1374,-0.5018
788,0.788,0.0009,-0.0125,-0.0007,-0.0027,0.053,0.0227
789,0.789,-0.0018,-0.0246,-0.0183,0.0036,0.1274,0.235
790,0.79,-0.0061,-0.0128,-0.0403,0.0044,0.1502,0.2999
791,0.791,-0.0039,-0.0112,-0.0334,0.0037,0.1301,0.2425
792,0.792,-0.0019,0.0013,0.0027,0.0043,0.112,0.2958
793,0.793,-0.0002,0.003,0.0816,0.0085,0.2298,0.344
794,0.794,-0.0019,0.0046,0.0923,0.0032,0.3983,0.912
795,0.795,0.0007,0.0087,0.0812,0.0039,0.1966,0.6802
796,0.796,-0.0015,0.0075,0.0332,-0.0004,0.0064,0.187
797,0.797,-0.0019,0.0131,-0.0107,0.0036,-0.1175,-0.2625
798,0.798,-0.0009,0.0037,-0.0662,0.0083,-0.0955,-0.2057
799,0.799,-0.0005,0.0125,-0.0883,0.0125,-0.1161,-0.2594
800,0.8,0.0045,0.0115,-0.0698,0.0072,-0.1347,-0.3081
801,0.801,0.0025,0.0085,-0.0879,-0.0006,-0.118,-0.1775
802,0.802,-0.0032,0.0076,-0.0726,-0.008,-0.3475,-0.7729
803,0.803,-0.0054,0.0034,-0.0198,-0.0126,-0.3149,-0.8584
804,0.804,-0.0019,0.0087,0.0294,-0.0101,-0.0459,-0.3161
805,0.805,-0.0002,0.0107,-0.0035,-0.0079,0.063,0.1778
806,0.806,0.005,0.0102,0.0018,-0.01,0.0964,0.2433
807,0.807,0.003,0.0014,0.0173,-0.0195,0.1265,0.3024
808,0.808,0.0013,0.0026,0.0412,-0.0154,0.1538,0.2502
809,0.809,-0.004,0.0016,0.0453,-0.0067,0.0803,0.2025
810,0.81,-0.006,0.0006,0.0333,-0.0011,0.3268,0.5084
811,0.811,-0.003,-0.0021,0.0512,-0.0001,0.3599,0.8661
812,0.812,0.0033,-0.0029,0.0543,0.0063,0.151,0.4337
813,0.813,0.0024,-0.0023,0.0571,0.0021,-0.0937,-0.0908
814,0.814,-0.0076,-0.0043,0.049,0.0043,-0.1271,-0.1624
815,0.815,-0.009,0.0015,0.0613,0.0049,-0.0977,-0.2272
816,0.816,-0.0002,0.0008,0.0591,0.0091,-0.125,-0.2858
817,0.817,0.0029,-0.0028,0.0611,0.012,-0.1006,-0.2335
818,0.818,-0.0086,-0.007,0.0593,0.0084,-0.2126,-0.2816
819,0.819,-0.0071,-0.0065,0.0644,0.0062,-0.4365,-0.8495
820,0.82,-0.0031,-0.0018,0.0629,0.0023,-0.2279,-0.6177
821,0.821,0.0006,-0.0035,0.0421,0.0059,0.0168,-0.1244
822,0.822,-0.0072,-0.0099,0.045,-0.0011,0.116,0.1972
823,0.823,-0.0063,-0.0228,0.0533,-0.0148,0.1463,0.2566
824,0.824,-0.0055,-0.0284,0.0162,-0.0055,0.1196,0.3102
825,0.825,-0.0012,-0.0233,-0.0101,-0.0004,0.0953,0.2627
826,0.826,0.004,-0.0034,-0.0341,0.0011,0.1178,0.2196
827,0.827,0.0046,-0.0172,-0.0293,0.008,0.423,0.7359
828,0.828,0.0015,-0.0195,-0.0568,0.0069,0.2922,0.8066
829,0.829,-0.0026,-0.013,-0.0383,0.0124,0.014,0.3583
830,0.83,-0.0031,-0.0029,-0.0215,0.0052,-0.0949,-0.1662
831,0.831,0.0038,-0.0047,-0.054,0.0006,-0.0626,-0.2377
832,0.832,0.009,0.0037,-0.0137,-0.0019,-0.1522,-0.3024
833,0.833,0.0081,0.0113,0.0026,0.0003,-0.1254,-0.2448
834,0.834,0.0021,0.0072,0.0271,0.0052,-0.1009,-0.1923
835,0.835,-0.0063,0.0084,-0.03,0.0047,-0.3025,-0.5285
836,0.836,-0.0031,0.0116,-0.0531,0.0064,-0.3839,-0.9217
837,0.837,0.0064,0.0063,-0.0456,0.0039,-0.1617,-0.446
838,0.838,0.0052,0.009,-0.026,0.0051,0.0476,0.0034
839,0.839,0.0177,0.0047,-0.0083,0.004,0.1295,0.1794
840,0.84,0.0126,0.0084,0.0401,-0.0017,0.1054,0.2332
841,0.841,0.011,0.0077,0.0468,-0.0146,0.128,0.2822
842,0.842,0.0014,0.0071,0.0062,-0.0127,0.1079,0.2391
843,0.843,-0.0024,0.0066,-0.0523,-0.0076,0.2376,0.2792
844,0.844,0.0032,0.005,-0.0129,-0.0029,0.4228,0.8209
845,0.845,0.0042,0.0028,0.037,0.0011,0.201,0.7443
846,0.846,0.0034,0.0016,0.0563,-0.0026,-0.0083,0.1104
847,0.847,-0.0026,0.0073,0.0737,0.0007,-0.0902,-0.1464
848,0.848,-0.0047,0.0065,0.0578,0.0017,-0.1151,-0.2249
849,0.849,-0.0096,0.0027,0.014,0.0025,-0.1377,-0.2956
850,0.85,-0.0039,0.0033,-0.0627,0,-0.1175,-0.36
851,0.851,-0.0032,0.0063,-0.094,0.0038,-0.1361,-0.1861
852,0.852,0.0046,0.0034,-0.0469,0.0045,-0.3885,-0.7671
853,0.853,0.0036,0.0039,-0.0385,0.005,-0.2806,-0.8448
854,0.854,-0.0009,0.0026,-0.0621,-0.0026,-0.0504,-0.3519
855,0.855,-0.012,0.0006,-0.0694,-0.0121,0.0994,0.0975
856,0.856,-0.0135,0.0056,-0.0762,-0.0059,0.127,0.2732
857,0.857,-0.0038,-0.0009,-0.1059,0.0019,0.1027,0.327
858,0.858,0.0101,0.0016,-0.1114,0.005,0.1252,0.2797
859,0.859,0.0158,0.0022,-0.0876,0.0042,0.1051,0.2365
860,0.86,0.0175,0.0029,-0.0571,-0.0036,0.3088,0.5144
861,0.861,0.013,-0.0041,-0.0214,-0.0046,0.3902,0.9117
862,0.862,0.0061,-0.0087,-0.0072,-0.0072,0.1188,0.4361
863,0.863,0.0073,-0.0096,0.0057,-0.0013,-0.0623,-0.0129
864,0.864,-0.0029,-0.0044,0.0253,-0.0065,-0.0958,-0.1888
865,0.865,-0.0042,-0.0024,0.0357,-0.003,-0.1259,-0.2426
866,0.866,-0.0054,-0.0042,0.0253,-0.0035,-0.1533,-0.2912
867,0.867,-0.0021,-0.0001,0.0394,0.0006,-0.0797,-0.248
868,0.868,-0.0074,0.0014,0.0412,-0.0009,-0.2366,-0.2877
869,0.869,-0.0028,-0.0037,0.023,-0.0021,-0.42,-0.829
870,0.87,-0.007,-0.0017,0.0064,0.0008,-0.2476,-0.7519
871,0.871,-0.0062,0.004,0.0075,0.0018,-0.0005,-0.1177
872,0.872,-0.0028,0.0028,0.0028,-0.0033,0.0909,0.2146
873,0.873,-0.0048,0.0006,0.0114,-0.0085,0.1243,0.301
874,0.874,0.0048,0.0012,0.0362,-0.0016,0.1543,0.2245
875,0.875,0.0089,-0.0005,-0.0118,0.0011,0.1275,0.2953
876,0.876,-0.005,-0.001,-0.0318,0.0019,0.152,0.2317
877,0.877,-0.0031,-0.0035,-0.015,0.0026,0.3985,0.7548
878,0.878,-0.0047,-0.0023,-0.0315,0.0062,0.3003,0.8255
879,0.879,-0.0031,-0.0052,-0.0758,0.0067,0.0312,0.2494
880,0.88,0.001,-0.0033,-0.0708,0.0072,-0.0776,-0.139
881,0.881,0.0022,-0.0085,-0.0023,-0.0006,-0.1111,-0.2107
882,0.882,-0.0009,-0.02,0.0443,0.0004,-0.1411,-0.2753
883,0.883,-0.004,-0.0182,0.0867,0.0015,-0.1144,-0.3339
884,0.884,-0.0104,-0.0013,0.0314,-0.0049,-0.09,-0.1757
885,0.885,-0.0129,0.0054,0.0095,-0.0075,-0.3365,-0.5121
886,0.886,-0.0076,0.0075,0.0152,-0.0053,-0.3695,-0.9927
887,0.887,0.003,0.0019,-0.0028,0.0025,-0.1607,-0.4171
888,0.888,0.0137,0.007,-0.0299,-0.0005,0.084,0.1262
889,0.889,0.0068,0.0025,-0.0257,-0.0014,0.1175,0.1981
890,0.89,-0.002,0.0066,-0.0217,-0.0005,0.1477,0.2632
891,0.891,0.0012,0.0004,0.0141,-0.0012,0.1208,0.2059
892,0.892,0.0043,0.0129,0.0282,-0.0033,0.0965,0.1536
893,0.893,0.007,0.0045,0.0678,0.0009,0.2086,0.2021
894,0.894,0.0044,-0,0.0834,0.0085,0.4326,0.8575
895,0.895,0.0022,0.004,0.0494,0.0075,0.224,0.7643
896,0.896,-0.0043,0.0078,0.0272,0.0102,-0.0748,0.1675
897,0.897,-0.0103,0.0046,0.071,0.006,-0.1151,-0.221
898,0.898,-0.0066,-0.0006,0.0533,0.0007,-0.1517,-0.152
899,0.899,0.0012,0.0021,0.0373,-0.0029,-0.1191,-0.2167
900,0.9,0.0042,0.0064,0.0515,-0.0024,-0.0896,-0.2753
901,0.901,-0.0022,0.0042,0.0382,0.0005,-0.1168,-0.2229
902,0.902,-0.0101,0.0007,0.0581,0.003,-0.3879,-0.7514
903,0.903,-0.0111,-0.001,0.0545,0.006,-0.2799,-0.822
904,0.904,-0.0103,0.0019,0.0645,0.0063,-0.0496,-0.2459
905,0.905,0.0008,-0.0006,0.0196,0.0012,0.1002,0.1427
906,0.906,-0.0008,-0.0003,0.0005,-0.0094,0.1278,0.2144
907,0.907,0.0005,-0.0067,-0.0167,-0.011,0.1037,0.2793
908,0.908,-0.0007,0.0018,-0.0646,-0.0069,0.1263,0.3381
909,0.909,-0.0017,-0.0014,-0.1096,-0.0007,0.1061,0.1803
910,0.91,-0.0048,-0.0004,-0.1502,0.0025,0.3469,0.5167
911,0.911,-0.0075,-0.0049,-0.1017,0.0035,0.3799,0.9102
912,0.912,-0.0101,-0.0007,-0.0561,0.0099,0.1112,0.5405
913,0.913,0.0014,0.0015,0.0208,0.0108,-0.0699,0.0106
914,0.914,0.0267,0.0008,0.0525,0.0038,-0.1033,-0.2018
915,0.915,0.0302,-0.0074,0.1384,0.0011,-0.1335,-0.2667
916,0.916,0.0138,-0.0018,0.1505,-0.0117,-0.1067,-0.3254
917,0.917,0.0108,0.0034,0.1407,-0.0099,-0.0823,-0.2731
918,0.918,0.0027,0.0026,0.1319,-0.0014,-0.2392,-0.3214
919,0.919,-0.0097,0.0034,0.0376,0.0062,-0.4225,-0.8894
920,0.92,-0.0076,-0.0003,-0.0501,0.0103,-0.2501,-0.6576
921,0.921,-0.0096,-0.0023,-0.153,0.0065,-0.0029,-0.1644
922,0.922,-0.0041,-0.0006,-0.194,0.0033,0.0963,0.157
923,0.923,0.0077,-0.0047,-0.1303,-0.0124,0.1265,0.2164
924,0.924,0.0092,0.0031,-0.0952,-0.0147,0.154,0.2698
925,0.925,-0.0005,-0.0001,-0.1257,-0.0086,0.1297,0.3183
926,0.926,-0.0093,0.0009,-0.0778,0.0007,0.1075,0.1877
927,0.927,-0.0171,-0.0018,-0.0169,-0.0044,0.4128,0.7038
928,0.928,-0.0099,-0.0043,0.0697,-0.012,0.2821,0.7744
929,0.929,-0.0053,0.0009,0.1278,-0.005,0.0832,0.326
930,0.93,0.0041,0.0002,0.0553,-0.0062,-0.0978,-0.1989
931,0.931,0.0129,-0.0028,0.0274,-0.0165,-0.0655,-0.2707
932,0.932,0.0119,0.0048,0.0365,-0.0124,-0.1551,-0.3356
933,0.933,0.0066,-0.0005,0.0449,-0.0037,-0.1282,-0.2783
934,0.934,0.0002,-0.0069,0.0099,0.0019,-0.1038,-0.226
935,0.935,-0.0058,-0.0078,-0.009,0.0049,-0.3054,-0.4663
936,0.936,-0.0065,-0.0056,-0.0144,0.0095,-0.3867,-0.9471
937,0.937,0.0042,-0.0076,0.0017,0.0017,-0.1645,-0.4996
938,0.938,0.0057,-0.0007,-0.0319,0.0048,0.0449,0.0249
939,0.939,-0.0068,0.0002,-0.0625,0.0039,0.1269,0.2372
940,0.94,-0.0119,0.001,-0.0741,0.0081,0.1029,0.302
941,0.941,0.0112,0.0047,-0.0702,0.0044,0.1256,0.2444
942,0.942,0.021,0.0011,-0.0469,0.0024,0.1056,0.2975
943,0.943,0.0122,-0.0019,-0.0195,0.0054,0.2355,0.3456
944,0.944,0.0094,-0.0036,0.028,0.0049,0.4209,0.9135
945,0.945,0.0021,-0.0032,0.0734,0.0035,0.2486,0.6817
946,0.946,-0.0044,-0.0044,0.0679,0.0057,0.0016,0.1885
947,0.947,-0.0105,0.002,0.02,0.0046,-0.0974,-0.1329
948,0.948,-0.0161,-0.0007,0.0009,0.0056,-0.1276,-0.1925
949,0.949,-0.0111,0.0035,-0.0165,0.0073,-0.1007,-0.2461
950,0.95,-0.0035,-0.0003,-0.0325,0.0043,-0.1252,-0.2947
951,0.951,0.0118,-0.001,-0.0373,0.0079,-0.1475,-0.2515
952,0.952,0.0016,-0.0015,-0.0507,0.0057,-0.412,-0.6885
953,0.953,-0.0002,0.0014,-0.0391,0.0018,-0.3038,-0.8633
954,0.954,0.0082,0.0019,-0.0358,-0.0017,-0.0734,-0.2818
955,0.955,0.0037,0.0007,0.0135,-0.002,0.0765,0.1066
956,0.956,-0.0033,-0.0013,0.0487,-0.0017,0.1043,0.1781
957,0.957,-0.007,0.0044,0.0292,-0.0074,0.1293,0.2427
958,0.958,-0.006,-0.0016,-0.0004,-0.0032,0.1521,0.3011
959,0.959,-0.0029,-0.0022,-0.006,0.0037,0.0915,0.2486
960,0.96,-0.0075,0.0013,-0.0017,-0.0008,0.3324,0.4888
961,0.961,0.002,0.0043,0.0021,0,0.3655,0.8821
962,0.962,0.0009,0.0002,-0.0103,-0.0052,0.1568,0.5123
963,0.963,-0.0001,0.0017,-0,-0.0059,-0.0335,-0.0178
964,0.964,0.0029,-0.0013,-0.0103,-0.0089,-0.1078,-0.2302
965,0.965,-0.0016,0.0042,-0.0196,-0.0037,-0.1304,-0.2953
966,0.966,0.0009,0.0049,-0.0448,-0.0044,-0.1104,-0.238
967,0.967,-0.0013,0.0042,-0.042,-0.0027,-0.0919,-0.2915
968,0.968,0.0007,0.0036,-0.0396,0.0014,-0.2096,-0.34
969,0.969,-0.001,0.0031,-0.032,0.0061,-0.4086,-0.908
970,0.97,-0.0027,0.0036,-0.04,0.0044,-0.2189,-0.6764
971,0.971,-0.0012,-0.0025,-0.0296,0.0073,0.0036,-0.1832
972,0.972,-0.0016,0,-0.0162,0.0068,0.0937,0.266
973,0.973,0.0038,0.001,0.0139,0.0054,0.1215,0.2315
974,0.974,0.0042,0.0017,0.0299,0.0024,0.1489,0.2901
975,0.975,0.0016,0.0037,-0.0044,-0.0041,0.1247,0.3434
976,0.976,-0.0036,0.0042,-0.0002,-0.0049,0.1025,0.1995
977,0.977,-0.0043,0.0025,0.0037,-0.0091,0.4077,0.7674
978,0.978,-0.0037,0.002,0.0232,-0.0129,0.2769,0.845
979,0.979,-0.0031,0.0008,0.012,-0.0079,0.078,0.3522
980,0.98,0.0021,-0.0021,0.0148,-0.001,-0.1031,-0.0971
981,0.981,0.0014,-0.0046,0.0056,0.0054,-0.1365,-0.2729
982,0.982,-0.0002,-0.0007,0.0132,0.008,-0.107,-0.3266
983,0.983,0.0027,-0.0023,0.025,-0.002,-0.1344,-0.3753
984,0.984,0.0021,0.0028,0.0581,-0.0033,-0.1101,-0.2448
985,0.985,0.0009,-0.0008,0.072,-0.0021,-0.3118,-0.4432
986,0.986,-0.0055,0.0009,0.0582,0.0035,-0.3932,-0.9126
987,0.987,-0.0047,0.0014,-0.0025,0.0045,-0.1712,-0.4651
988,0.988,-0.0055,0.002,-0.0116,0.009,0.038,0.0594
989,0.989,-0.0077,0.0042,-0.0513,0.0065,0.1198,0.2718
990,0.99,0.0016,0.0021,-0.0591,-0.0004,0.0956,0.2088
991,0.991,0.0129,-0.0036,-0.0532,-0.0107,0.0735,0.2674
992,0.992,0.0144,-0.0044,-0.0008,-0.0148,0.0532,0.2151
993,0.993,0.0048,0.0008,-0.0084,-0.0136,0.2199,0.2634
994,0.994,-0.004,0.0015,-0.067,-0.0126,0.4216,0.9188
995,0.995,-0.0072,0.002,-0.0596,-0.0157,0.2319,0.6384
996,0.996,0,-0.0009,-0.053,-0.013,0.0093,0.2115
997,0.997,0.0064,-0.0024,0.0307,-0.0088,-0.0808,-0.1769
998,0.998,0.0021,-0.0084,0.0414,-0.0018,-0.1084,-0.2485
999,0.999,-0.0001,-0.0196,0.0095,0.0027,-0.1334,-0.3133
1000,1,-0.0008,-0.0211,0.0183,0.0069,-0.1114,-0.2559
1001,1.001,-0.0025,-0.0141,0.0609,0.0076,-0.1319,-0.2035
1002,1.002,-0.003,-0.0028,0.0528,0.0082,-0.4099,-0.7322
1003,1.003,-0.0015,-0.0013,0.0028,0.0051,-0.2913,-0.8029
1004,1.004,-0.0037,0.0028,-0.0166,0.0068,-0.0385,-0.3548
1005,1.005,0.0027,0.004,-0.034,0.0063,0.0605,0.1698
1006,1.006,0.0054,0.0008,-0.0391,0.0105,0.0907,0.2415
1007,1.007,0.0011,-0.0002,-0.0246,0.0064,0.1179,0.3061
1008,1.008,0.0018,0.0101,-0.0024,0.0112,0.1425,0.2486
1009,1.009,-0.0032,0.0032,0.0578,0.0095,0.1202,0.1962
1010,1.01,-0.0049,0.0044,0.1011,0.009,0.3438,0.4366
1011,1.011,-0.0044,0.0011,0.0935,0.0075,0.3736,0.9173
1012,1.012,0.0034,0.0042,0.0583,0.0006,0.1292,0.4697
1013,1.013,0.0002,0.0069,0.0263,-0.0067,-0.0358,-0.0548
1014,1.014,0.0012,0.0077,0.0441,0.0055,-0.0663,-0.2672
1015,1.015,0.0077,0.0084,0.0073,0.0038,-0.1481,-0.2042
1016,1.016,0.0068,0.0034,-0.0359,0.0053,-0.1241,-0.2628
1017,1.017,0.0075,0.0051,-0.0299,0.004,-0.1021,-0.316
1018,1.018,0.0068,-0.0002,-0.0031,-0.0023,-0.204,-0.2682
1019,1.019,-0.0026,-0.0009,0.0115,-0.0033,-0.4079,-0.9236
1020,1.02,-0.004,0.0022,-0.0014,-0.0085,-0.2184,-0.6432
1021,1.021,-0.0003,-0.0019,-0.0051,-0.0039,0.0039,-0.0462
1022,1.022,0.0007,-0.0034,-0.0084,-0.0047,0.0939,0.1876
1023,1.023,-0.0023,-0.0023,-0.0311,-0.004,0.1212,0.259
1024,1.024,-0.0087,-0.0026,-0.0455,0.0009,0.1459,0.3237
1025,1.025,-0.0061,-0.0023,-0.0425,0.0026,0.1237,0.2662
1026,1.026,-0.0038,-0.0012,-0.0398,-0.005,0.144,0.2137
1027,1.027,-0.0131,0.0025,-0.0329,-0.006,0.4217,0.7424
1028,1.028,-0.0043,0.0056,-0.0225,-0.0051,0.3028,0.8131
1029,1.029,0.0013,-0.0009,-0.0128,-0.0009,0.0499,0.3649
1030,1.03,-0.0039,-0.0054,0.0061,-0.0062,-0.115,-0.1598
1031,1.031,-0.003,0.0024,0.0239,-0.0068,-0.0858,-0.2315
1032,1.032,0.0013,-0.0049,0.0042,0.0014,-0.1133,-0.2964
1033,1.033,0.0051,0.0016,-0.0254,0.0092,-0.1381,-0.3552
1034,1.034,0.0101,-0.0009,0.0112,0.0103,-0.116,-0.1972
1035,1.035,0.0059,-0.0016,0.0359,0.0111,-0.2993,-0.4374
1036,1.036,-0.0017,0.0005,0.0057,0.0069,-0.3733,-0.9179
1037,1.037,-0.0007,0.001,0.0341,-0.0046,-0.1714,-0.4702
1038,1.038,-0.0034,0.0015,0.0745,-0.0096,0.0733,0.0545
1039,1.039,-0.0042,0.0011,0.0267,0.0011,0.1068,0.267
1040,1.04,-0.0019,-0.0031,0.0076,0.0024,0.1369,0.2041
1041,1.041,0.0002,0.001,-0.0214,0.0062,0.1102,0.2627
1042,1.042,-0.0015,0.0015,-0.0585,0.0029,0.086,0.2104
1043,1.043,0.0062,-0.0054,0.0145,0.004,0.1981,0.2587
1044,1.044,0.0093,-0.0002,0.0876,-0.0101,0.4221,0.9139
1045,1.045,0.0158,-0.0028,0.1541,-0.0121,0.2136,0.6336
1046,1.046,0.0149,-0.0087,0.1801,-0.0028,-0.0309,0.2068
1047,1.047,0.0035,-0.005,0.1724,0.0057,-0.0644,-0.1816
1048,1.048,-0.0151,-0.0029,0.0799,0.0103,-0.1541,-0.2532
1049,1.049,-0.0127,0.0001,-0.0085,0.009,-0.1273,-0.318
1050,1.05,-0.0105,0.0042,-0.1582,0.0053,-0.1029,-0.2605
1051,1.051,0.0038,0.0027,-0.1381,-0.0025,-0.1253,-0.208
1052,1.052,0.0094,0.0016,-0.1937,-0.0097,-0.3899,-0.7367
1053,1.053,0.0111,-0.0004,-0.2107,-0.007,-0.2819,-0.8074
1054,1.054,0.0096,0.0039,-0.1651,-0.0061,-0.0515,-0.3592
1055,1.055,0.0277,0.0045,-0.1517,-0.0098,0.0983,0.1654
1056,1.056,0.0105,0.0071,-0.1396,-0.0176,0.126,0.2371
1057,1.057,-0.0007,0.0075,-0.0827,-0.0206,0.1509,0.3018
1058,1.058,-0.0108,0.0072,-0.0936,-0.0142,0.1289,0.2443
1059,1.059,-0.0052,0.0053,-0.0278,-0.003,0.1088,0.1917
1060,1.06,-0.017,0.0064,-0.0713,0.0016,0.3125,0.432
1061,1.061,-0.0094,0.002,-0.0795,-0.0025,0.394,0.9127
1062,1.062,-0.008,0.0049,-0.0728,0.0064,0.1227,0.465
1063,1.063,-0.0017,0.0044,-0.0541,0.0119,-0.0583,-0.0596
1064,1.064,-0.0049,0.0095,-0.0018,0.0109,-0.0918,-0.272
1065,1.065,-0.0018,0.0088,0.0617,0.0064,-0.1219,-0.2091
1066,1.066,0.0066,0.0058,0.087,0.0039,-0.1492,-0.2677
1067,1.067,0.0098,0.0005,0.0942,0.0032,-0.1248,-0.2155
1068,1.068,0.0088,0.0012,0.1007,-0.0075,-0.2369,-0.2639
1069,1.069,0.0024,-0.0046,0.1064,0.0032,-0.4202,-0.9192
1070,1.07,-0.0088,-0.0083,0.0647,-0.0009,-0.2478,-0.6389
1071,1.071,-0.0134,-0.0076,0.0373,0.0028,0.0442,-0.0419
1072,1.072,-0.0147,-0.0071,0.0123,-0.0004,0.0845,0.1918
1073,1.073,-0.0135,-0.0112,0.0248,0.0006,0.121,0.263
1074,1.074,-0.0147,-0.0109,0.0734,0.0067,0.1297,0.287
1075,1.075,-0.0137,-0.0125,0.0448,0.0021,0.0971,0.2235
1076,1.076,0,-0.0155,0.0112,0.0046,0.1269,0.1656
1077,1.077,0.0093,-0.0091,0.0149,0.0115,0.3709,0.7466
1078,1.078,-0.0026,-0.0064,-0.0298,0.0124,0.2726,0.8242
1079,1.079,-0.0041,-0.0056,-0.1068,0.0098,0.0635,0.3313
1080,1.08,-0.0138,-0.0019,-0.1385,0.0092,-0.0727,-0.1181
1081,1.081,-0.015,0.0001,-0.1107,0.0028,-0.0979,-0.1779
1082,1.082,0.0021,-0.0069,-0.1028,-0.0015,-0.1205,-0.3372
1083,1.083,0.0093,-0.0024,-0.0488,-0.0052,-0.1411,-0.3861
1084,1.084,0.0159,-0.005,-0.0424,-0.0087,-0.0858,-0.343
1085,1.085,0.0138,0.0002,-0.0237,-0.003,-0.3046,-0.4623
1086,1.086,0.0045,-0.0063,0.0287,-0.0008,-0.3941,-0.9319
1087,1.087,0.0028,-0.0021,0.0353,-0.0057,-0.1499,-0.4844
1088,1.088,0.0012,0.0016,0.0413,0.0013,0.0805,0.0401
1089,1.089,-0.0058,0.0036,0.0583,0.0021,0.0514,0.2524
1090,1.09,0.0004,0.0066,0.042,-0.0005,0.0789,0.3171
1091,1.091,0.0036,0.006,0.0273,-0.0042,0.1037,0.2596
1092,1.092,0.0026,0.0107,0.0313,-0.0022,0.1262,0.3127
1093,1.093,-0.006,0.0012,0.0108,-0.0017,0.2279,0.2647
1094,1.094,-0.0028,0.0052,0.0139,-0.0012,0.4317,0.9198
1095,1.095,0.0087,0.004,0.0365,0.0003,0.2421,0.6392
1096,1.096,0.0072,0.0049,0.0752,-0.0027,0.0196,0.2122
1097,1.097,0.0002,0.0019,0.1014,0.002,-0.0704,-0.1764
1098,1.098,0.0014,0.001,0.1059,0.0078,-0.0979,-0.248
1099,1.099,0.0003,-0.0119,0.0837,0.0025,-0.1228,-0.313
1100,1.1,-0.0027,-0.0212,0.0314,-0.0039,-0.1006,-0.2558
1101,1.101,0.0076,-0.0094,0.024,-0.0014,-0.1616,-0.2035
1102,1.102,0.0089,-0.0018,0.0302,-0.0036,-0.4024,-0.7322
1103,1.103,0.0001,0.0023,0.0474,-0.003,-0.3041,-0.8031
1104,1.104,0.0056,0.0085,0.063,-0.0061,-0.0351,-0.355
1105,1.105,0.0108,0.0053,0.0869,-0.0032,0.0737,0.1696
1106,1.106,0.0044,0.0043,0.0384,-0.009,0.1072,0.2411
1107,1.107,-0.0051,0.0089,-0.0066,-0.0038,0.1373,0.3057
1108,1.108,-0.0114,0.0047,-0.047,-0.0074,0.1646,0.248
1109,1.109,-0.0059,0.004,-0.0837,-0.0032,0.0909,0.1955
1110,1.11,-0.0049,0.0118,-0.0687,-0.0084,0.3374,0.4357
1111,1.111,-0.0095,0.0046,-0.0284,-0.0035,0.3704,0.9163
1112,1.112,-0.0036,0.0054,-0.0332,-0.0078,0.1615,0.4685
1113,1.113,0.0033,0.0046,-0.0374,-0.0014,-0.0832,-0.0562
1114,1.114,0.006,0.0083,-0.0675,-0.0005,-0.1167,-0.2687
1115,1.115,0.0102,0.0035,-0.1268,0.0032,-0.1469,-0.206
1116,1.116,0.008,0.004,-0.0656,0.0052,-0.1201,-0.2647
1117,1.117,0.0044,0.0023,0.0212,0.0057,-0.0958,-0.3179
1118,1.118,-0.005,0.0008,0.0335,0.0086,-0.2078,-0.2703
1119,1.119,-0.0064,-0.0022,0.0655,0.0038,-0.4318,-0.9256
1120,1.12,-0.0126,0.0017,0.038,0.0021,-0.2233,-0.6453
1121,1.121,-0.0049,0.0042,-0.0043,0.0004,0.0213,-0.0484
1122,1.122,-0.0018,0.0031,-0.0267,0.004,0.1206,0.1852
1123,1.123,-0.0083,-0.0025,-0.0328,0.0017,0.1508,0.2567
1124,1.124,-0.0057,-0.0062,-0.0125,0.0082,0.1241,0.3213
1125,1.125,0.0013,0.0016,-0.0057,0.0108,0.0998,0.2637
1126,1.126,0.0097,0.0027,-0.0314,0.003,0.1222,0.211
1127,1.127,0.0153,-0,-0.0449,-0.0065,0.3868,0.7394
1128,1.128,0.0123,-0.0008,-0.0397,-0.0077,0.2789,0.81
1129,1.129,0.0039,0.0014,0.0052,-0.0045,0.0486,0.3618
1130,1.13,0.0049,0.0035,0.059,-0.0035,-0.1011,-0.163
1131,1.131,0.0019,0.0053,0.0669,-0.0062,-0.0746,-0.2348
1132,1.132,-0.0008,0.0082,0.0354,-0.002,-0.1487,-0.2997
1133,1.133,0.0071,0.0005,-0.0048,0.0079,-0.1266,-0.2425
1134,1.134,-0.0002,0.0016,-0.0307,0.012,-0.1064,-0.1903
1135,1.135,-0.0047,0.0006,-0.0445,0.0006,-0.3102,-0.5268
1136,1.136,0.0048,0.0053,-0.0307,-0.01,-0.3915,-1.0074
1137,1.137,0.0011,0.0012,-0.0101,-0.0004,-0.1695,-0.5598
1138,1.138,0.0022,0.0019,-0.0423,0.0033,0.0399,0.081
1139,1.139,0.0053,0,-0.0547,0.0022,0.1219,0.1677
1140,1.14,0.0026,-0.0056,0.0061,0.0074,0.0977,0.246
1141,1.141,0.0001,-0.0077,0.05,0.001,0.1203,0.3171
1142,1.142,-0.0067,-0.0069,0.0737,0.0018,0.1003,0.2537
1143,1.143,-0.0059,-0.0038,0.1096,-0.0082,0.23,0.312
1144,1.144,-0.0084,-0.0042,0.0907,-0.0069,0.4152,0.8933
1145,1.145,-0.0105,-0.012,0.0502,-0.0057,0.2429,0.6616
1146,1.146,-0.014,-0.0041,-0.008,0.0021,-0.0042,0.1684
1147,1.147,-0.0182,-0.0031,-0.078,0.0094,-0.1034,-0.1528
1148,1.148,-0.0164,-0.0022,-0.1248,0.003,-0.1336,-0.212
1149,1.149,-0.0086,-0.003,-0.0812,0.0038,-0.1067,-0.2653
1150,1.15,0.0085,-0.0099,0.0051,-0.0031,-0.1313,-0.3137
1151,1.151,0.0158,-0.0072,0.0393,-0.0022,-0.109,-0.1828
1152,1.152,0.0137,-0.0114,0.0911,0.0021,-0.4142,-0.6988
1153,1.153,0.0076,-0.0107,0.1002,0.0014,-0.2834,-0.9099
1154,1.154,0.0057,-0.0029,0.0224,0.005,-0.0844,-0.3337
1155,1.155,0.0006,-0.0059,-0.0716,0.0119,0.0967,0.2098
1156,1.156,-0.0039,0.0026,-0.1598,0.0035,0.1302,0.2817
1157,1.157,0.003,-0.0052,-0.1254,-0.0021,0.1603,0.2188
1158,1.158,0.0068,-0.0022,-0.0944,-0.0031,0.1334,0.2776
1159,1.159,0.0078,0.0024,-0.0285,0.0091,0.1091,0.2253
1160,1.16,0.0025,0.0032,0.0486,0.0075,0.3107,0.4658
1161,1.161,-0.0002,-0.002,-0.0042,-0.0001,0.3921,0.9467
1162,1.162,-0.001,0.0028,-0.0333,-0.0071,0.1208,0.4992
1163,1.163,-0.0033,-0.0002,-0.0253,-0.0059,-0.0603,-0.0252
1164,1.164,-0.0053,0.0038,-0.0026,-0.0049,-0.0939,-0.2374
1165,1.165,-0.007,0.0073,0.0038,-0.0038,-0.124,-0.3022
1166,1.166,-0.0041,0.0103,0.0095,-0.003,-0.1515,-0.2445
1167,1.167,0.0027,0.0074,-0.0442,-0.0038,-0.0779,-0.2975
1168,1.168,0.0035,0.007,-0.0947,-0.0122,-0.19,-0.2496
1169,1.169,0.0043,0.0016,-0.1019,-0.009,-0.414,-0.9048
1170,1.17,-0.0027,0.0022,-0.1201,-0.0037,-0.265,-0.6242
1171,1.171,-0.0018,0.0015,-0.105,0.0048,0.0337,-0.1972
1172,1.172,-0.0078,0.0019,-0.13,0.0038,0.074,0.1915
1173,1.173,0.0006,0.0047,-0.0823,0.0008,0.1105,0.2631
1174,1.174,0.0016,0.0062,-0.0247,0.0053,0.1435,0.3278
1175,1.175,0.0033,0.0022,0.0285,0.0096,0.1219,0.2705
1176,1.176,0.0003,0.0024,0.0042,0.0104,0.1517,0.213
1177,1.177,0.0011,0.0027,-0.0038,0.0082,0.3957,0.6886
1178,1.178,-0.0015,0,-0.024,-0.0024,0.2974,0.8811
1179,1.179,-0.0022,-0.0011,-0.0076,-0.0131,0.0882,0.3575
1180,1.18,-0.0029,-0.0022,0.0181,-0.0172,-0.1022,-0.1361
1181,1.181,0.004,-0.006,0.0708,-0.0084,-0.1273,-0.2015
1182,1.182,0.0103,0.0017,0.1768,-0.0074,-0.1053,-0.2603
1183,1.183,0.006,-0.004,0.1912,-0.0044,-0.1259,-0.3137
1184,1.184,0.0008,-0.0156,0.1208,0.0021,-0.1076,-0.266
1185,1.185,-0.0028,-0.0233,0.0823,0.0046,-0.3264,-0.4844
1186,1.186,-0.0122,-0.0193,0.0241,0.0098,-0.4159,-0.9213
1187,1.187,-0.0163,-0.0055,-0.0496,0.0118,-0.1717,-0.5147
1188,1.188,-0.0174,-0.0149,-0.1166,0.006,0.0587,0.068
1189,1.189,-0.0164,-0.0167,-0.0398,0.0054,0.0892,0.1469
1190,1.19,-0.0068,-0.0122,0.0741,0.006,0.1167,0.2181
1191,1.191,0.0071,0.0029,0.0886,0.003,0.1415,0.2827
1192,1.192,0.0052,0.0089,0.0185,-0.0034,0.1193,0.2251
1193,1.193,0.0002,0.0107,-0.0705,-0.0026,0.2211,0.2782
1194,1.194,-0.0013,0.0123,-0.1057,-0.0063,0.425,0.9029
1195,1.195,-0.0054,0.0107,-0.1166,-0.0112,0.2354,0.648
1196,1.196,-0.0116,0.0093,-0.0888,-0.007,-0.0363,0.1052
1197,1.197,-0.0013,0.0104,-0.0808,-0.0134,-0.145,-0.2481
1198,1.198,0.0056,0.0071,0.0359,-0.0177,-0.1783,-0.3135
1199,1.199,0.0094,0.006,0.2205,-0.0062,-0.1488,-0.3724
1200,1.2,0.0038,0.0033,0.2447,0.0022,-0.1219,-0.3204
1201,1.201,0.0111,0.0057,0.1327,-0.0023,-0.0975,-0.1768
1202,1.202,0.0233,0.005,-0.0096,-0.0037,-0.4336,-0.6575
1203,1.203,0.0183,0.0043,-0.1022,0,-0.2897,-0.85
1204,1.204,0.0014,0.0025,-0.1527,0.0033,-0.0708,-0.3265
1205,1.205,-0.0008,0.002,-0.1376,0.0043,0.1283,0.167
1206,1.206,-0.0028,-0.0016,-0.0962,0.0089,0.165,0.2323
1207,1.207,-0.0009,0.0053,0.0424,0.0046,0.1326,0.291
1208,1.208,0.0075,0.0043,0.0977,0.0039,0.1626,0.3441
1209,1.209,0.0121,0.0034,0.1481,0.006,0.1357,0.2003
1210,1.21,0.0135,0.0043,0.1023,0.009,0.3081,0.5059
1211,1.211,0.0072,0.0006,0.0608,0.0143,0.4203,0.9426
1212,1.212,0.0062,-0.0001,0.0485,0.0136,0.1555,0.5357
1213,1.213,-0.0011,-0.0031,0.0373,0.0131,-0.0976,-0.047
1214,1.214,-0.0038,-0.0036,0.0274,0.0043,-0.0655,-0.2809
1215,1.215,-0.0013,-0.0001,0.0372,-0.0096,-0.0956,-0.2118
1216,1.216,0.0009,0.0021,0.0636,-0.0077,-0.123,-0.2765
1217,1.217,0.0058,-0.0017,0.0563,-0.0094,-0.0986,-0.2192
1218,1.218,0.004,0.003,-0.0073,-0.0109,-0.2106,-0.2724
1219,1.219,-0.0048,0.0036,-0.0153,-0.0069,-0.4346,-0.8971
1220,1.22,-0.0036,-0.0052,-0.0069,-0.0006,-0.226,-0.6424
1221,1.221,0.0067,0.0011,-0.0417,0.005,0.0186,-0.0996
1222,1.222,0.0053,0.0043,-0.0992,0.004,0.1179,0.2534
1223,1.223,-0.0086,0.0054,-0.0438,0.0014,0.0886,0.1907
1224,1.224,-0.0142,-0.0049,0.0068,0.0056,0.1161,0.2495
1225,1.225,0.001,-0.0008,0.0141,-0.0013,0.0918,0.3028
1226,1.226,0.0071,0.0004,0.0207,0.0032,0.1143,0.1589
1227,1.227,0.0164,0.0014,0.0268,0.0058,0.4196,0.7269
1228,1.228,0.0045,0.0025,-0.0355,-0.0012,0.2889,0.8046
1229,1.229,0.006,-0.0002,-0.1122,0.0034,0.09,0.312
1230,1.23,0.0046,-0.0061,-0.0592,0.0059,-0.091,-0.1373
1231,1.231,-0.0042,-0.0053,-0.0108,-0.0025,-0.1243,-0.1968
1232,1.232,-0.0145,-0.0018,-0.0529,-0.0015,-0.1544,-0.2504
1233,1.233,-0.0271,-0.0034,-0.044,0.008,-0.1274,-0.2991
1234,1.234,-0.0356,-0.0005,-0.0643,0.0117,-0.103,-0.2559
1235,1.235,-0.0402,0.0001,-0.0311,0.0085,-0.3046,-0.4544
1236,1.236,-0.0277,-0.0041,0.0106,-0.003,-0.3859,-0.9957
1237,1.237,-0.0193,-0.0024,0.0271,-0.0106,-0.1639,-0.4539
1238,1.238,-0.0209,0.0002,0.052,-0.0065,0.0455,0.0398
1239,1.239,-0.0113,-0.004,0.057,-0.0076,0.0734,0.2334
1240,1.24,-0.015,-0.0022,0.0138,-0.0108,0.1476,0.2925
1241,1.241,0.002,0.0026,0.032,-0.0098,0.1257,0.2407
1242,1.242,0.0043,0.0057,0.0593,0.0024,0.1057,0.2895
1243,1.243,0.0199,0.0029,0.0161,-0.0061,0.1984,0.2463
1244,1.244,0.0178,0.0005,0.0107,-0.0076,0.4174,0.8422
1245,1.245,0.0084,0.0028,-0.0048,0.002,0.2089,0.7578
1246,1.246,0.0067,0.0049,-0.0189,0.0083,0.0188,0.2153
1247,1.247,0.0021,0.0085,-0.0582,0.0051,-0.105,-0.1375
1248,1.248,0.0035,0.0043,-0.1376,-0.0022,-0.1277,-0.2024
1249,1.249,0.0123,0.0049,-0.1714,-0.0067,-0.1077,-0.2607
1250,1.25,0.0179,0.0034,-0.0975,-0.0059,-0.1263,-0.3138
1251,1.251,0.0169,-0.0035,-0.0303,-0.0037,-0.1095,-0.1694
1252,1.252,0.0085,-0.0024,0.0134,-0.0001,-0.339,-0.7367
1253,1.253,0.0029,-0.005,0.0216,0.0016,-0.3063,-0.8139
1254,1.254,-0.0024,0.0009,0.1002,-0.0072,-0.0971,-0.3208
1255,1.255,-0.007,-0.0043,0.0693,-0.0035,0.0934,0.129
1256,1.256,-0.0044,-0.0078,0.041,-0.0045,0.1186,0.189
1257,1.257,0.0025,-0.002,0.0324,-0.0014,0.1414,0.2431
1258,1.258,0.0128,-0.0057,0.087,0.0051,0.1214,0.2922
1259,1.259,0.0114,-0.0049,0.0515,0.0009,0.1032,0.2495
1260,1.26,0.0026,-0.0044,-0.0328,-0.0028,0.322,0.4484
1261,1.261,0.0016,-0.0026,-0.0674,-0.0035,0.352,0.9183
1262,1.262,0.0046,-0.001,-0.0778,0.006,0.1622,0.471
1263,1.263,0.0131,-0.004,-0.0116,0.002,-0.0604,-0.0531
1264,1.264,0.0163,0.0008,-0.0379,0.0008,-0.0909,-0.2652
1265,1.265,0.0132,-0.0009,-0.0462,0.004,-0.1183,-0.2019
1266,1.266,0.0105,-0.0049,-0.0539,-0.0033,-0.1431,-0.2601
1267,1.267,0.0027,-0.0012,-0.0482,-0.0006,-0.0761,-0.313
1268,1.268,-0.0068,-0.0034,-0.0663,-0.0048,-0.2185,-0.2648
1269,1.269,-0.0079,-0.0013,-0.0935,-0.0011,-0.4224,-0.9199
1270,1.27,-0.0046,-0.0009,-0.0798,-0.0018,-0.2328,-0.6391
1271,1.271,-0.0035,0.0015,-0.0143,0.0065,-0.0104,-0.212
1272,1.272,-0.0007,0.0025,-0.0056,0.0097,0.0798,0.1767
1273,1.273,0.0002,0.0012,0.0367,0.0087,0.1073,0.2484
1274,1.274,0.0008,0.0051,0.0595,0.0095,0.1322,0.3132
1275,1.275,0.0028,0.0068,0.0521,0.0104,0.11,0.2559
1276,1.276,0.0074,-0.0001,0.0274,0.0038,0.137,0.2135
1277,1.277,0.0004,0.0004,-0.018,0.0108,0.4016,0.6893
1278,1.278,-0.0041,0.0035,-0.0242,0.0062,0.2937,0.8818
1279,1.279,-0.01,0.0047,-0.0299,-0.0066,0.0634,0.3583
1280,1.28,-0.0078,0.0058,-0.0548,-0.0122,-0.0865,-0.1353
1281,1.281,-0,0.0019,-0.0422,-0.0071,-0.1142,-0.2005
1282,1.282,-0.0011,0.0024,-0.0148,-0.0025,-0.1391,-0.2592
1283,1.283,-0.0019,0.0037,-0.0045,0.0071,-0.117,-0.3126
1284,1.284,0.0023,0.0025,0.0247,0.0009,-0.097,-0.2649
1285,1.285,0.0045,-0.0026,0.036,0.0019,-0.3008,-0.4834
1286,1.286,-0.0004,0.001,-0.0047,0.0009,-0.3822,-0.9202
1287,1.287,0.0001,0.0041,-0.0106,-0.0056,-0.1603,-0.5136
1288,1.288,-0.0004,0.0001,-0.0353,-0.0098,0.049,0.0691
1289,1.289,0.0032,-0.0014,-0.0403,-0.0105,0.0767,0.148
1290,1.29,0.0075,0.0008,0.0113,-0.0027,0.1508,0.2191
1291,1.291,0.007,0.0005,0.1176,0.0025,0.1287,0.2837
1292,1.292,-0.0007,0.0024,0.1019,0.009,0.1086,0.2261
1293,1.293,0.0026,0.0027,0.0598,0.0081,0.2011,0.2791
1294,1.294,-0.0026,-0.0017,0.0467,0.0012,0.3863,0.9036
1295,1.295,-0.011,-0.0012,-0.0115,-0.0033,0.2139,0.6486
1296,1.296,-0.0213,0.0036,-0.0643,-0.0008,0.0115,0.1058
1297,1.297,-0.0338,-0.0033,-0.1314,-0.0001,-0.0705,-0.2476
1298,1.298,-0.0287,-0.0006,-0.227,0.0019,-0.0956,-0.185
1299,1.299,-0.0148,-0.0065,-0.1393,0.0002,-0.1183,-0.3602
1300,1.3,-0.0054,0.0004,-0.0364,0.009,-0.1389,-0.4138
1301,1.301,0.0166,0.0013,-0.0231,-0.0024,-0.1206,-0.1742
1302,1.302,0.0138,-0.003,-0.0109,-0.0009,-0.3731,-0.6549
1303,1.303,-0.0053,-0.0036,0.0004,0.0031,-0.3373,-0.8475
1304,1.304,-0.0029,-0.0001,0.0942,-0.0006,-0.0415,-0.3242
1305,1.305,0.0037,-0.0018,0.1826,-0.0131,0.078,0.1693
1306,1.306,0.0139,0.007,0.1711,-0.0114,0.1146,0.2344
1307,1.307,0.0046,-0.0018,0.1399,-0.0068,0.1476,0.2929
1308,1.308,-0.0039,-0.0167,0.1114,-0.0028,0.1181,0.3459
1309,1.309,-0.0024,-0.0228,0.0511,-0.0116,0.091,0.2019
1310,1.31,-0.001,-0.0098,-0.035,0.0009,0.3128,0.5075
1311,1.311,0.0001,-0.0047,-0.0007,0.006,0.4022,0.9441
1312,1.312,0.0079,-0.0032,0.072,-0.0016,0.1579,0.5372
1313,1.313,0.0089,0.0009,0.1381,-0.0057,-0.0726,-0.0457
1314,1.314,0.0043,0.002,0.1122,-0.0045,-0.1031,-0.2798
1315,1.315,0,-0.0012,0.1355,0.0058,-0.1306,-0.211
1316,1.316,-0.0115,0.0019,0.0715,0.0155,-0.1064,-0.2758
1317,1.317,-0.0301,0.0045,-0.0404,0.0166,-0.0844,-0.2184
1318,1.318,-0.0374,0.0088,-0.0249,-0.0005,-0.2267,-0.2718
1319,1.319,-0.0353,0.005,-0.0109,-0.0078,-0.4306,-0.8967
1320,1.32,-0.0169,0.0086,0.0017,0.0078,-0.2952,-0.6422
1321,1.321,0.0154,0.0116,-0.0558,0.0016,-0.0236,-0.0996
1322,1.322,0.0461,0.0063,-0.1497,-0.0077,0.0852,0.2534
1323,1.323,0.05,0.0043,-0.2379,-0.0128,0.1184,0.1904
1324,1.324,0.0246,0.0012,-0.2492,-0.0114,0.1485,0.249
1325,1.325,0.0148,0.0007,-0.2177,-0.0073,0.1217,0.3021
1326,1.326,0.0119,-0.0019,-0.094,-0.0036,0.1463,0.1579
1327,1.327,-0.0018,-0.005,-0.0094,-0.0047,0.3929,0.7256
1328,1.328,0.0105,-0.0003,0.0371,-0.0016,0.3602,0.8031
1329,1.329,0.0127,-0.0008,0.0241,-0.0008,0.0913,0.3102
1330,1.33,0.0147,0.002,0.0121,0.0051,-0.0898,-0.1392
1331,1.331,0.0091,-0.0006,0.001,0.0044,-0.1232,-0.1989
1332,1.332,0.0074,-0.0028,0.0326,0.0036,-0.0937,-0.2528
1333,1.333,-0.0033,0,0.0426,0.0131,-0.121,-0.3017
1334,1.334,-0.0074,0.0003,0.0692,0.0117,-0.0966,-0.2588
1335,1.335,-0.0037,-0.0036,0.0778,0.008,-0.2982,-0.4576
1336,1.336,-0.0026,-0.0001,0.0431,-0.0091,-0.3796,-0.9271
1337,1.337,-0.0079,-0.0024,0.0246,-0.0068,-0.1575,-0.4797
1338,1.338,-0.0125,-0.0053,-0.0041,-0.0046,0.0519,0.0448
1339,1.339,-0.0082,0.0004,-0.0197,-0.0026,0.0798,0.2571
1340,1.34,-0.0135,0.0029,-0.0242,0.003,0.1048,0.1941
1341,1.341,-0.0028,0.0035,0.0069,-0.0021,0.1276,0.2526
1342,1.342,0.0018,0.0055,0.0433,0.0024,0.1075,0.3058
1343,1.343,0.0088,0.0038,0.0775,-0.0072,0.2002,0.2578
1344,1.344,0.0051,-0.0003,0.0912,-0.001,0.4192,0.8257
1345,1.345,-0.0005,-0.0061,0.0955,0.0068,0.2702,0.7488
1346,1.346,-0.0035,-0.0055,0.0413,0.0078,-0.0285,0.1148
1347,1.347,-0.0008,-0.002,0.0026,0.0143,-0.0687,-0.1423
1348,1.348,-0.0034,-0.0016,0.0243,0.0151,-0.105,-0.221
1349,1.349,-0.0149,-0.0011,-0.0076,0.0082,-0.138,-0.2919
1350,1.35,-0.0302,-0.0047,-0.048,0.0167,-0.1083,-0.3564
1351,1.351,-0.024,0.0022,-0.0741,0.0112,-0.1355,-0.1825
1352,1.352,-0.011,-0.0009,-0.1463,-0.0025,-0.4064,-0.658
1353,1.353,0.0077,-0.0018,-0.177,-0.0118,-0.2984,-0.85
1354,1.354,0.0004,-0.0026,-0.0724,-0.0168,-0.0681,-0.3264
1355,1.355,0.0026,0.0011,-0.0307,-0.0122,0.0819,0.1675
1356,1.356,0.0088,0.0104,-0.0683,-0.0136,0.1096,0.2331
1357,1.357,0.0144,0.0016,-0.0569,-0.0022,0.1345,0.2922
1358,1.358,0.0094,0.0071,-0.026,-0.0007,0.1126,0.2403
1359,1.359,0.0139,-0.0044,0.0781,0.0034,0.0925,0.1928
1360,1.36,0.0099,-0.0029,0.0916,0.0023,0.3333,0.4114
1361,1.361,0.0088,-0.0043,0.0536,-0.008,0.3663,0.928
1362,1.362,0.0078,-0.0031,0.0188,-0.004,0.1576,0.5766
1363,1.363,0.0048,0.0001,-0.0125,-0.0051,-0.0327,-0.0003
1364,1.364,-0.0037,0.0053,-0.0411,-0.0041,-0.1071,-0.2339
1365,1.365,-0.0026,0.0045,-0.0674,-0.0011,-0.1298,-0.3051
1366,1.366,-0.0079,-0.0014,-0.0913,0.0093,-0.1503,-0.2416
1367,1.367,0.0006,-0.0021,0.0147,0.0106,-0.095,-0.2999
1368,1.368,0.0015,-0.0001,0.0903,0.0094,-0.1791,-0.2473
1369,1.369,-0.0015,0.0016,0.131,0.0104,-0.4088,-0.8718
1370,1.37,-0.0079,0.0021,0.1426,0.0134,-0.2448,-0.7871
1371,1.371,-0.0138,0.0046,0.1073,0.0107,0.0243,-0.0893
1372,1.372,-0.0053,0.0004,0.0125,0.0065,0.0611,0.1935
1373,1.373,0.0026,-0.0002,-0.0513,-0.0051,0.0945,0.2801
1374,1.374,-0.0004,0.0076,-0.0866,-0.0135,0.1245,0.3583
1375,1.375,0.0023,0.0043,-0.1393,-0.009,0.0977,0.2888
1376,1.376,-0.0055,0.0073,-0.2631,-0.002,0.1223,0.2253
1377,1.377,-0.0067,-0.0008,-0.2689,-0.0081,0.3949,0.6858
1378,1.378,-0.0014,0,-0.0505,-0.0069,0.3278,0.8607
1379,1.379,-0.0023,-0.0025,0.0384,-0.0059,0.0627,0.2793
1380,1.38,0.0071,0.0012,0.0108,0.0036,-0.1184,-0.109
1381,1.381,0.0235,0.0005,-0.0143,0.0024,-0.0861,-0.1805
1382,1.382,0.0123,-0.0038,-0.082,-0.0053,-0.1163,-0.2451
1383,1.383,-0.002,0.0026,-0.1433,-0.0001,-0.1436,-0.3036
1384,1.384,-0.0114,0.0017,-0.1253,-0.0141,-0.0701,-0.251
1385,1.385,-0.0029,-0.002,-0.0416,-0.0081,-0.3167,-0.4912
1386,1.386,0.0077,0,0.065,-0.0025,-0.4154,-0.9717
1387,1.387,0.0036,-0.0042,0.1616,-0.0009,-0.2067,-0.5239
1388,1.388,-0.0027,-0.0059,0.1734,0.0037,0.0379,0.0009
1389,1.389,-0.0084,-0.0075,0.1612,0.0077,0.0713,0.2136
1390,1.39,-0.0221,-0.0006,0.1084,0.0089,0.1608,0.2788
1391,1.391,-0.0277,0.0067,0.0413,0.0057,0.1339,0.3375
1392,1.392,-0.0227,0.0002,-0.0369,0.0046,0.1094,0.2854
1393,1.393,-0.0027,0.0011,-0.0895,0.0001,0.2214,0.2378
1394,1.394,-0.0001,0.0048,-0.0615,-0.0042,0.4452,0.806
1395,1.395,0.0171,-0.0001,-0.1051,-0.0157,0.2366,0.7292
1396,1.396,0.0463,0.0041,-0.0822,-0.014,-0.0081,0.2362
1397,1.397,0.0344,0,-0.1183,-0.0125,-0.1073,-0.2129
1398,1.398,0.009,-0.0015,-0.0603,-0.0139,-0.1377,-0.272
1399,1.399,-0.0074,-0.0037,-0.0374,-0.0127,-0.111,-0.3254
1400,1.4,-0.0046,-0.0066,-0.0307,-0.0095,-0.1358,-0.2778
1401,1.401,-0.0074,-0.0124,0.0531,-0.0001,-0.1136,-0.2344
1402,1.402,-0.0001,-0.0132,0.1333,-0.0013,-0.3783,-0.6709
1403,1.403,-0.0024,-0.011,0.1851,0.0019,-0.3426,-0.8454
1404,1.404,-0.0125,-0.0104,0.1941,0.0008,-0.0468,-0.3692
1405,1.405,-0.007,-0.0009,0.1851,0.0034,0.0729,0.0803
1406,1.406,-0.0019,0.0031,0.1457,-0.0026,0.1095,0.14
1407,1.407,0.0027,0.002,0.0956,0.0059,0.1426,0.2993
1408,1.408,-0.0098,0.0052,0.0503,0.0136,0.1726,0.348
1409,1.409,-0.0217,0.0042,-0.0144,0.0126,0.0915,0.2174
1410,1.41,-0.0078,0.005,-0.0747,0.0134,0.3133,0.4954
1411,1.411,0.0089,0.0024,-0.0978,0.0075,0.4028,0.9648
1412,1.412,0.0111,0.0046,-0.0619,0.0112,0.1586,0.5174
1413,1.413,0.0049,0.0011,0.0098,0.0132,-0.0719,-0.0071
1414,1.414,0.0105,-0.0006,0.0957,0.0174,-0.1023,-0.2194
1415,1.415,0.0087,0.0023,0.1077,0.0179,-0.1297,-0.2843
1416,1.416,0.0102,0.0018,0.077,0.0164,-0.1055,-0.2269
1417,1.417,-0.0051,0.0068,0.0869,0.0094,-0.0833,-0.28
1418,1.418,-0.0153,0.0048,0.0616,-0.0063,-0.185,-0.2322
1419,1.419,-0.006,0.0043,0.0232,-0.0085,-0.4258,-0.8873
1420,1.42,-0.0043,0.0026,-0.0259,0.0017,-0.2618,-0.7941
1421,1.421,-0.015,0.0031,-0.1095,0.0035,0.0074,-0.1972
1422,1.422,-0.0054,0.0034,-0.1436,-0.0049,0.1162,0.1914
1423,1.423,0.0008,0.0063,-0.1537,-0.0064,0.1495,0.263
1424,1.424,0.0039,0.0059,-0.1439,-0.0078,0.1201,0.3278
1425,1.425,0.0008,0.0007,-0.1865,-0.0268,0.1474,0.2704
1426,1.426,0.0072,-0.0015,-0.0996,-0.0186,0.1231,0.2179
1427,1.427,0.0166,-0.0035,0.0278,-0.0063,0.4145,0.6504
1428,1.428,0.0129,-0.0018,0.0792,0.0003,0.2958,0.8251
1429,1.429,0.0073,-0.0071,0.0652,-0.0017,0.043,0.3491
1430,1.43,0.0063,-0.005,0.0247,0.0039,-0.1218,-0.1002
1431,1.431,0.0055,0.0044,-0.012,0.0022,-0.0925,-0.1596
1432,1.432,-0.0004,0.0031,-0.0685,0.0099,-0.1198,-0.3187
1433,1.433,-0.0042,0.0019,-0.0364,0.0085,-0.1445,-0.2712
1434,1.434,-0.0049,0.0029,0.012,0.0023,-0.0775,-0.2279
1435,1.435,-0.0032,-0.0043,0.0734,0.0013,-0.3013,-0.4266
1436,1.436,-0.0097,0.0002,0.0978,0.0003,-0.3907,-0.9681
1437,1.437,-0.0072,0.0062,0.0775,-0.0061,-0.1465,-0.5813
1438,1.438,-0.005,-0.0053,0.0722,-0.0001,0.084,0.0532
1439,1.439,-0.0029,-0.0036,0.0323,0.0006,0.1146,0.3102
1440,1.44,-0.0012,-0.0021,-0.0149,-0.01,0.1421,0.234
1441,1.441,0.0064,-0.0034,-0.0466,-0.0207,0.118,0.305
1442,1.442,0.0159,-0.0022,-0.0634,-0.0025,0.0959,0.2415
1443,1.443,0.0122,0.0011,-0.015,-0.0001,0.1978,0.2997
1444,1.444,0.0045,-0.002,0.0176,0.0021,0.4017,0.8808
1445,1.445,-0.0028,-0.0028,-0.0229,0.0001,0.2123,0.649
1446,1.446,-0.0019,-0.0036,-0.049,-0.0018,-0.0101,0.1559
1447,1.447,-0.0026,0.0002,-0.0341,-0.0069,-0.1001,-0.1657
1448,1.448,-0.0078,0.0009,-0.0203,0.0101,-0.1275,-0.2252
1449,1.449,-0.0028,0.0014,-0.0234,0.0123,-0.1524,-0.2788
1450,1.45,0.0003,-0.0003,-0.0479,0.0103,-0.1302,-0.3276
1451,1.451,0.0056,-0.0028,0.0026,0.0122,-0.11,-0.1972
1452,1.452,0.0007,-0.0006,0.0676,0.0072,-0.3879,-0.7135
1453,1.453,-0.0062,0.0059,0.0942,0.0088,-0.3485,-0.9248
1454,1.454,-0.0035,0.0033,0.1338,0.0102,-0.0956,-0.3488
1455,1.455,-0.0129,-0.0061,0.1126,-0.001,0.0692,0.1945
1456,1.456,-0.0141,0.0002,0.0414,-0.0055,0.0995,0.2662
1457,1.457,-0.013,0.0035,-0.0059,-0.004,0.1269,0.3309
1458,1.458,-0.0034,-0.0017,-0.0662,-0.0002,0.1516,0.2734
1459,1.459,0.0105,0.0048,-0.1207,-0.0057,0.0846,0.221
1460,1.46,0.0198,-0.0011,-0.1563,-0.0109,0.3084,0.4613
1461,1.461,0.0148,-0.0032,-0.2014,-0.01,0.3978,0.942
1462,1.462,0.0073,0.0017,-0.2073,-0.0057,0.1536,0.4943
1463,1.463,0.0059,0.0035,-0.1274,-0.0019,-0.077,-0.0302
1464,1.464,0.0022,-0.0029,-0.0011,-0.0012,-0.1076,-0.2427
1465,1.465,-0.0009,-0.007,-0.018,-0.0007,-0.1352,-0.3078
1466,1.466,-0.0104,0.0045,-0.0335,0.0022,-0.1112,-0.2506
1467,1.467,-0.0141,0.0063,-0.02,0.0048,-0.0892,-0.304
1468,1.468,0.0008,0.0048,0.0172,0.0018,-0.1911,-0.2563
1469,1.469,0.007,0.0118,0.0741,-0.0011,-0.4321,-0.9118
1470,1.47,0.0163,0.0005,0.1043,-0.0062,-0.2026,-0.6314
1471,1.471,0.0248,0.002,0.1888,-0.0111,0.0064,-0.2049
1472,1.472,0.0294,-0.0049,0.0844,-0.0069,0.0881,0.1837
1473,1.473,0.0143,-0.0037,-0.0971,0.0019,0.1129,0.255
1474,1.474,0.0002,-0.0027,-0.1713,0.0081,0.1353,0.3197
1475,1.475,-0.009,0.0004,-0.1938,0.0049,0.1151,0.2621
1476,1.476,-0.0208,0.0031,-0.2143,0.0018,0.1334,0.2095
1477,1.477,-0.0253,0.0005,-0.159,-0.0009,0.3856,0.6419
1478,1.478,-0.017,-0.0026,-0.0226,-0.002,0.3123,0.8429
1479,1.479,-0.0044,-0.0004,0.0613,0.0023,0.0592,0.3194
1480,1.48,-0.0027,0.0016,0.0762,0.0016,-0.106,-0.1745
1481,1.481,0.0049,-0.0001,0.0062,-0.009,-0.077,-0.24
1482,1.482,0.0175,0.0051,-0.0068,-0.0014,-0.1047,-0.2989
1483,1.483,0.0056,-0.0042,0.027,-0,-0.1297,-0.2469
1484,1.484,-0.002,-0.0005,0.0366,0.0037,-0.1077,-0.1994
1485,1.485,-0.0033,-0.0015,0.0644,0.0047,-0.2912,-0.418
1486,1.486,-0.007,-0.0005,0.0897,0.0099,-0.4148,-0.9344
1487,1.487,-0.0102,-0.007,0.0346,0.0053,-0.1684,-0.5831
1488,1.488,-0.0154,-0.0045,0.0982,0.0061,0.0619,-0.0063
1489,1.489,-0.0127,-0.0038,0.158,0.0054,0.0921,0.2274
1490,1.49,-0.0205,-0.0018,0.1184,0.0034,0.1193,0.2987
1491,1.491,-0.0047,-0.0035,0.1248,0.0003,0.0948,0.3632
1492,1.492,0.02,0.0005,0.1304,-0.0002,0.0724,0.3055
1493,1.493,0.0103,-0,0.053,0.0023,0.1739,0.2529
1494,1.494,0.0015,0.005,-0.0207,0.0092,0.4146,0.8774
1495,1.495,-0.0066,0.0001,-0.0688,0.0122,0.2503,0.7926
1496,1.496,-0.019,-0.0016,-0.1645,0.0057,-0.019,0.2497
1497,1.497,-0.0255,0.0024,-0.1775,0.0032,-0.0559,-0.244
1498,1.498,-0.0275,0.0029,-0.1896,-0.0084,-0.0894,-0.1815
1499,1.499,-0.0033,-0.0014,-0.1798,-0.0236,-0.1196,-0.2402
1500,1.5,0.0131,-0.0078,-0.1328,-0.0217,-0.0929,-0.2937
1501,1.501,0.0219,-0.0138,-0.0211,-0.0198,-0.1177,-0.2462
1502,1.502,0.0192,-0.0175,0.1163,-0.0216,-0.3643,-0.7267
1503,1.503,0.0216,-0.0069,0.2455,-0.0262,-0.3318,-0.919
1504,1.504,0.0104,-0.0054,0.1948,-0.0222,-0.063,-0.3956
1505,1.505,-0.0121,-0.0014,0.0875,-0.0134,0.1181,0.0982
1506,1.506,-0.015,-0.0026,-0.0378,-0.0057,0.0858,0.2917
1507,1.507,-0.0013,0.003,-0.0884,-0.0047,0.1159,0.2346
1508,1.508,-0.0037,0.004,-0.0734,0.0075,0.1432,0.2881
1509,1.509,0.0075,0.0031,-0.0875,0.0092,0.0696,0.2405
1510,1.51,0.0177,-0.0098,-0.05,0.0107,0.3161,0.4591
1511,1.511,0.0233,-0.0117,0.0073,0.012,0.4148,0.896
1512,1.512,0.025,0.0001,0.059,0.0131,0.1461,0.4894
1513,1.513,0.0111,-0.0014,0.0681,0.0121,-0.0349,0.0125
1514,1.514,0.0092,0.0026,0.0594,0.009,-0.0683,-0.1809
1515,1.515,0.0007,0.0089,0.0673,0.0006,-0.0984,-0.2399
1516,1.516,-0.0009,0.0078,0.103,0.0062,-0.1257,-0.2934
1517,1.517,-0.005,0.0005,0.1618,0.0092,-0.1012,-0.2457
1518,1.518,-0.0062,0.009,0.1701,0.0046,-0.2131,-0.2895
1519,1.519,-0.0119,0.01,0.1352,0.0088,-0.4369,-0.885
1520,1.52,-0.0192,0.0069,0.0387,0.0125,-0.2283,-0.8002
1521,1.521,-0.0296,0.0077,-0.086,0.0145,0.0164,-0.1025
1522,1.522,-0.0227,0.0068,-0.2369,0.015,0.1158,0.1802
1523,1.523,-0.0164,0.0105,-0.3381,0.0098,0.0866,0.2666
1524,1.524,0.0006,0.0154,-0.2452,-0.0009,0.1141,0.3449
1525,1.525,0.0129,0.0084,-0.1272,0.0007,0.1391,0.2754
1526,1.526,0.0151,0.0093,-0.0505,-0.0063,0.1171,0.2118
1527,1.527,0.0089,0.0034,-0.0087,-0.0074,0.3819,0.6187
1528,1.528,0.0107,0.0055,0.0041,-0.0064,0.3462,0.8832
1529,1.529,0.0158,0.0049,0.0391,-0.0159,0.0505,0.3545
1530,1.53,0.0082,0.0006,0.0709,-0.0196,-0.0689,-0.1391
1531,1.531,0.0042,-0.0022,0.119,-0.0093,-0.1054,-0.2045
1532,1.532,-0.0071,0.0013,0.1113,0.0032,-0.1382,-0.2632
1533,1.533,-0.0026,0.0025,0.0889,0.0083,-0.1085,-0.3164
1534,1.534,0.0014,-0.0004,0.0401,0.0068,-0.0813,-0.2684
1535,1.535,-0.0049,-0.0061,-0.0175,0.0138,-0.3029,-0.3994
1536,1.536,-0.0081,-0.0087,-0.0246,0.0126,-0.3922,-0.9156
1537,1.537,0.0075,-0.0034,-0.0027,0.0094,-0.1478,-0.564
1538,1.538,0.0009,-0.0054,-0.0086,-0.0043,0.083,0.013
1539,1.539,-0.0053,-0.0071,0.0448,-0.0136,0.1137,0.247
1540,1.54,-0.0146,-0.0042,0.0949,-0.0085,0.0873,0.3184
1541,1.541,-0.0095,-0.0036,0.1145,0.0021,0.1124,0.2552
1542,1.542,0.0105,-0.0006,0.0739,0.009,0.0905,0.314
1543,1.543,0.0079,-0.0034,0.0797,0.0027,0.1926,0.2616
1544,1.544,-0.0093,-0.0059,0.0076,0.0105,0.4337,0.8864
1545,1.545,-0.0296,-0.0042,-0.0855,0.0032,0.2043,0.6316
1546,1.546,-0.0159,-0.0018,-0.0471,-0.0032,-0.0046,0.2438
1547,1.547,0.0113,0.0025,-0.0349,0.0027,-0.0863,-0.2497
1548,1.548,0.0148,0.003,-0.1071,0.008,-0.1111,-0.187
1549,1.549,0.0116,-0.0057,-0.0593,0.0045,-0.1335,-0.2456
1550,1.55,-0.0033,-0.0069,-0.0332,0.0003,-0.1132,-0.2989
1551,1.551,-0.006,-0.0012,-0.0097,0.0008,-0.1315,-0.2511
1552,1.552,0.0014,0.004,-0.0165,-0.0069,-0.3836,-0.6442
1553,1.553,0.0036,0.0014,-0.0483,-0.0125,-0.3475,-0.9085
1554,1.554,-0.0024,-0.0028,-0.065,-0.0135,-0.0515,-0.3795
1555,1.555,0.0032,-0.0006,-0.0908,-0.0199,0.0685,0.1143
1556,1.556,-0.0019,-0.0025,-0.0562,-0.0224,0.1054,0.1798
1557,1.557,0.0088,-0.0042,-0.0157,-0.0139,0.1387,0.2389
1558,1.558,0.0074,-0,-0.0309,-0.0013,0.1094,0.2924
1559,1.559,-0.0039,0.0005,0.0327,0.0106,0.0827,0.2448
1560,1.56,-0.0085,0.0018,0.128,0.0031,0.3046,0.4635
1561,1.561,0.0012,-0.001,0.1409,-0.0038,0.3942,0.9004
1562,1.562,0.0126,0.0016,0.0839,-0.0075,0.1502,0.4938
1563,1.563,0.0172,0.002,-0.0094,-0.0106,-0.0801,0.0169
1564,1.564,0.0159,0.0044,-0.072,-0.0011,-0.1104,-0.1766
1565,1.565,0.0071,0.0043,-0.129,0.0102,-0.1378,-0.2356
1566,1.566,0.0127,0.0015,-0.1596,0.0088,-0.1135,-0.2891
1567,1.567,0.0242,0.0041,-0.1686,0.0018,-0.0913,-0.2417
1568,1.568,0.0166,0.0045,-0.056,0.0056,-0.193,-0.2856
1569,1.569,0.004,0.0035,0.0208,0.0045,-0.3968,-0.8814
1570,1.57,-0.0112,0.0037,0.0072,0.0076,-0.2613,-0.7968
1571,1.571,-0.0132,-0.0002,-0.0051,0.0012,0.0104,-0.0994
1572,1.572,-0.0188,0.0087,0.0066,-0.0014,0.1193,0.1831
1573,1.573,-0.0103,0.0024,0.0589,-0.002,0.0869,0.2694
1574,1.574,0.0066,-0.0054,0.0874,-0.0013,0.117,0.3475
1575,1.575,-0,-0.0023,0.1481,0.0029,0.1442,0.2779
1576,1.576,-0.0185,-0.005,0.1251,-0.0059,0.1198,0.2142
1577,1.577,-0.0257,-0.0042,0.0758,0.0004,0.4111,0.6208
1578,1.578,-0.0323,-0.0049,-0.008,0.0059,0.2923,0.8852
1579,1.579,-0.0271,-0.0008,-0.0762,0.0027,0.0787,0.3581
1580,1.58,-0.0005,0.0085,-0.1794,-0.0004,-0.1024,-0.1721
1581,1.581,0.0249,0.0022,-0.1653,0.0042,-0.0703,-0.2438
1582,1.582,0.0216,0.0011,-0.1021,-0.0053,-0.16,-0.3086
1583,1.583,0.0128,-0.0041,0.0017,0.0009,-0.1333,-0.2512
1584,1.584,0.0101,0.0004,0.0712,0.0041,-0.109,-0.1988
1585,1.585,0.0174,-0.0038,0.109,0.0135,-0.3108,-0.4393
1586,1.586,0.0152,-0.0061,0.1438,0.0072,-0.3923,-0.92
1587,1.587,0.0091,-0.0026,0.134,0.0016,-0.1705,-0.6004
1588,1.588,-0.0113,-0.0043,0.144,0.0153,0.0387,0.0402
1589,1.589,-0.0194,-0.0003,0.1358,0.0171,0.1204,0.2972
1590,1.59,-0.0217,-0.0018,0.0658,0.012,0.0961,0.221
1591,1.591,-0.0283,0.0051,-0.0758,0.0044,0.1185,0.2919
1592,1.592,-0.0304,0.004,-0.2176,0.0004,0.0983,0.2283
1593,1.593,-0.0136,-0.0006,-0.2356,-0.0058,0.1907,0.2865
1594,1.594,0.02,0.0036,-0.1847,-0.0091,0.4431,0.8676
1595,1.595,0.0442,0.0013,-0.1693,-0.0121,0.2626,0.6359
1596,1.596,0.0133,-0.0036,-0.072,-0.0262,0.032,0.1426
1597,1.597,0.0094,-0.0079,0.0418,-0.0283,-0.0582,-0.1789
1598,1.598,-0.0015,-0.0063,0.2715,-0.0153,-0.0858,-0.2385
1599,1.599,-0.0047,-0.0038,0.3045,-0.0069,-0.16,-0.292
1600,1.6,-0.0076,-0.0041,0.2154,-0.0084,-0.1827,-0.3407
1601,1.601,-0.0158,-0.0013,0.0802,-0.0016,-0.1626,-0.2976
1602,1.602,-0.0135,-0.0032,-0.0426,0.0123,-0.3665,-0.655
1603,1.603,-0.0023,-0.0009,-0.1094,0.0141,-0.3398,-0.7997
1604,1.604,-0.0084,-0.0012,-0.1699,0.0056,-0.1177,-0.319
1605,1.605,0.0009,-0.0011,-0.225,-0.0021,0.0916,0.1301
1606,1.606,0.0094,-0.0023,-0.2079,-0.0091,0.1191,0.1894
1607,1.607,0.017,-0.0012,0.0222,-0.0054,0.1438,0.3484
1608,1.608,0.0101,-0.0044,0.121,0.0002,0.1663,0.3008
1609,1.609,0.0013,-0.0096,0.0916,-0.0029,0.1055,0.2574
1610,1.61,-0.0065,-0.0047,0.0109,-0.0001,0.3091,0.4559
1611,1.611,-0.0096,-0.003,-0.0131,-0.001,0.3904,0.9252
1612,1.612,-0.0104,0.0022,0.0098,-0.0017,0.1684,0.6054
1613,1.613,0.0007,0.0042,-0.0101,-0.001,-0.041,-0.0355
1614,1.614,-0.0039,-0.0001,-0.0282,-0.0005,-0.0688,-0.1224
1615,1.615,0.0031,0.0039,0.0226,0.0083,-0.1429,-0.2009
1616,1.616,0.0042,0.0024,0.0688,0.0094,-0.1209,-0.2719
1617,1.617,0.001,0.0027,0.0552,0.015,-0.1008,-0.2086
1618,1.618,-0.002,0.0065,0.0432,0.0097,-0.1934,-0.2671
1619,1.619,-0.0012,0.007,-0.0137,0.0051,-0.4122,-0.8484
1620,1.62,-0.0003,0.0039,-0.0651,-0.0078,-0.2632,-0.7718
1621,1.621,-0.001,0.0027,-0.0551,-0.0059,0.0355,-0.1379
1622,1.622,0.0096,0.0069,-0.0287,-0.0043,0.076,0.119
1623,1.623,0.0326,0.0064,-0.0205,-0.0149,0.1125,0.1976
1624,1.624,0.0294,0.0059,0.0156,-0.0109,0.1457,0.2683
1625,1.625,0.0086,0.0008,0.0098,-0.0046,0.1161,0.3328
1626,1.626,0.0005,0.0014,0.0276,-0.0079,0.1434,0.1588
1627,1.627,-0.0019,0.0019,0.0972,0.0016,0.4144,0.6342
1628,1.628,0.0003,0.0048,0.1068,0.0154,0.3066,0.8263
1629,1.629,-0.0017,0.0012,0.15,0.021,0.0764,0.3027
1630,1.63,-0.0072,0,0.1268,0.0058,-0.0733,-0.1911
1631,1.631,-0.0021,-0.0039,0.0629,-0.0004,-0.1009,-0.2566
1632,1.632,-0.0035,-0.0034,0.0892,0.0201,-0.1257,-0.3156
1633,1.633,-0.0131,0.0035,0.0193,0.0174,-0.1482,-0.2636
1634,1.634,-0.0219,0.0045,-0.1223,0.015,-0.0874,-0.216
1635,1.635,-0.0163,0.0018,-0.2639,0.0084,-0.291,-0.4346
1636,1.636,-0.0173,0.001,-0.2079,-0.0018,-0.3723,-0.951
1637,1.637,-0.0181,0.0032,-0.157,-0.0223,-0.1503,-0.5997
1638,1.638,-0.0122,0.0011,-0.1415,-0.0196,0.0591,-0.0228
1639,1.639,-0.0008,0.0007,-0.1274,-0.0269,0.087,0.211
1640,1.64,0.0246,0.0024,-0.0388,-0.0247,0.112,0.2823
1641,1.641,0.0138,0.0081,-0.0271,-0.0105,0.1347,0.347
1642,1.642,0.0302,0.0029,0.0039,-0.0012,0.1147,0.2895
1643,1.643,0.0214,0.0009,0.07,0.0039,0.2075,0.237
1644,1.644,0.0188,0.0004,0.1299,0.0054,0.4264,0.8618
1645,1.645,0.0261,-0.0024,0.1216,0.015,0.218,0.7771
1646,1.646,0.024,-0.0019,0.0572,0.0138,-0.0265,0.2344
1647,1.647,0.0099,-0.0031,0.0311,0.017,-0.1255,-0.2594
1648,1.648,-0.0031,-0.0043,0.0547,0.0055,-0.0961,-0.1967
1649,1.649,-0.0082,-0.0039,-0.0091,0.0101,-0.1234,-0.2555
1650,1.65,-0.0097,-0.0036,-0.0174,0.0032,-0.099,-0.3089
1651,1.651,-0.011,-0.0073,0.0062,-0.0031,-0.1214,-0.1651
1652,1.652,-0.0249,-0.0022,-0.015,0.0002,-0.3859,-0.6456
1653,1.653,-0.0194,-0.0015,-0.0346,0.0033,-0.35,-0.8378
1654,1.654,-0.0144,0.0002,-0.0292,-0.007,-0.0541,-0.3143
1655,1.655,-0.0098,-0.0038,-0.0243,-0.011,0.0656,0.1794
1656,1.656,-0.0194,-0.0053,0.0288,-0.0047,0.1023,0.2448
1657,1.657,-0.0056,-0.0002,0.064,0.0009,0.1355,0.3035
1658,1.658,0.0037,-0.0009,0.0184,-0.0085,0.1061,0.2513
1659,1.659,0.0054,-0.0026,-0.0227,-0.0072,0.0792,0.2036
1660,1.66,-0.0021,0.0004,-0.0177,-0.0082,0.3011,0.4221
1661,1.661,0.0048,0.0009,0.0062,0.0034,0.3906,0.9384
1662,1.662,0.006,0.0052,-0.0249,0.0019,0.1465,0.5868
1663,1.663,0.0028,0.0024,-0.0531,0.0033,-0.084,0.0099
1664,1.664,-0.0024,-0.0011,-0.0354,0.007,-0.1145,-0.2241
1665,1.665,-0.0033,-0.0014,0.0006,0.0038,-0.1419,-0.2954
1666,1.666,-0.0058,0.005,-0.063,0.0069,-0.1177,-0.2323
1667,1.667,-0.0157,-0.0034,-0.0722,0.0078,-0.0956,-0.2909
1668,1.668,-0.0116,-0.0043,-0.0648,0.0052,-0.1975,-0.2385
1669,1.669,-0.0003,-0.0033,-0.0011,0,-0.4384,-0.8634
1670,1.67,0.0043,-0.0041,0.0589,-0.0035,-0.2745,-0.7789
1671,1.671,0.0057,-0.0049,0.0507,-0.0118,-0.0055,-0.2364
1672,1.672,0.0069,-0.0071,-0.028,-0.0108,0.1033,0.2573
1673,1.673,-0.0034,-0.0036,-0.0181,-0.0035,0.1365,0.1946
1674,1.674,-0.0103,-0.0005,0.0859,0.005,0.1664,0.2531
1675,1.675,-0.0041,0.0047,0.127,0.0083,0.1395,0.3064
1676,1.676,-0.0051,0.0068,0.1138,0.0073,0.115,0.1626
1677,1.677,-0.0167,-0.0002,0.0787,-0.0011,0.4063,0.643
1678,1.678,-0.0028,0.0044,-0.0158,-0.0043,0.2874,0.8352
1679,1.679,0.0102,0.0053,-0.1048,0.0052,0.1064,0.3116
1680,1.68,0.003,-0.0003,-0.1878,-0.0044,-0.0803,-0.1214
1681,1.681,0.0013,0.005,-0.2229,-0.0032,-0.1139,-0.1931
1682,1.682,0.0119,-0.0015,-0.1504,-0.0042,-0.1442,-0.2579
1683,1.683,0.0132,0.0027,-0.0655,0.0095,-0.1176,-0.3164
1684,1.684,0.0144,0.0034,-0.0547,0.0151,-0.0934,-0.2639
1685,1.685,0.0269,0.0014,0.0386,-0.0035,-0.2953,-0.4082
1686,1.686,0.0286,-0.0029,0.1012,-0.0059,-0.3769,-0.9763
1687,1.687,0.0146,-0.0057,0.0663,-0.0037,-0.1551,-0.5895
1688,1.688,0.0053,-0.0052,0.0138,-0.0017,0.0541,0.045
1689,1.689,-0.0032,-0.0049,0.0229,-0.0036,0.0817,0.1319
1690,1.69,-0.0138,-0.0029,0.0656,0.0015,0.1064,0.2104
1691,1.691,-0.0179,0.0028,0.1199,0.0061,0.1287,0.2814
1692,1.692,-0.0191,0.0037,0.2263,-0.0036,0.1084,0.2181
1693,1.693,-0.002,-0.0001,0.272,-0.02,0.2008,0.2764
1694,1.694,-0.0093,0.0064,0.119,-0.0133,0.4195,0.8576
1695,1.695,-0.0249,0.0021,0.0581,0.0051,0.2108,0.7807
1696,1.696,-0.0108,0.009,-0.1455,0.0028,0.0203,0.1468
1697,1.697,0.0097,0.0154,-0.1184,0.0006,-0.1038,-0.1102
1698,1.698,0.0069,0.0095,-0.1429,-0.0055,-0.1268,-0.189
1699,1.699,0.0092,0.0073,-0.1651,0.0038,-0.1476,-0.2598
1700,1.7,0.0294,-0.0005,-0.1447,0.0055,-0.1295,-0.3244
1701,1.701,0.0374,0.0005,0.0218,-0.0084,-0.113,-0.1506
1702,1.702,0.025,-0.0041,0.0441,-0.0103,-0.3428,-0.6262
1703,1.703,0.0002,-0.005,-0.0171,-0.0086,-0.3103,-0.8183
1704,1.704,-0.0031,-0.0057,-0.0729,-0.0041,-0.1015,-0.2949
1705,1.705,-0.0003,-0.0037,0.0781,-0.0001,0.0888,0.199
1706,1.706,0.0024,-0.0079,0.1795,-0.0039,0.1137,0.2645
1707,1.707,-0.0149,-0.0027,0.0868,-0.0095,0.1363,0.3234
1708,1.708,-0.0305,-0.0091,0.0025,-0.0001,0.1161,0.2713
1709,1.709,-0.0285,-0.0169,-0.0128,0.0011,0.0976,0.2237
1710,1.71,-0.0154,-0.0139,-0.0265,0.0042,0.3163,0.4422
1711,1.711,0.0066,-0.0017,0.0116,0.0115,0.4057,0.8791
1712,1.712,-0.0082,-0.0102,0.0465,0.0142,0.1614,0.5887
1713,1.713,-0.0163,-0.0026,-0.0261,0.0082,-0.0692,0.0063
1714,1.714,-0.004,0.0043,0.0784,0.0135,-0.0997,-0.2273
1715,1.715,-0.0062,-0.007,0.0646,0.02,-0.1273,-0.2986
1716,1.716,-0.0164,0.0036,-0.0234,0.0105,-0.1031,-0.2354
1717,1.717,-0.0108,0.0022,-0.0117,0.0017,-0.081,-0.2938
1718,1.718,-0.0092,0.011,-0.0843,-0.0016,-0.1828,-0.2413
1719,1.719,-0.0076,0.01,-0.0934,-0.0026,-0.4236,-0.8659
1720,1.72,-0.0035,0.0047,-0.0671,-0.0035,-0.2596,-0.7812
1721,1.721,-0.0024,0.0038,-0.0275,-0.001,0.0094,-0.2384
1722,1.722,0.0147,0.008,-0.02,-0.0125,0.1183,0.2555
1723,1.723,0.037,0.0043,0.0777,-0.0209,0.086,0.1929
1724,1.724,0.0162,-0.0007,0.1199,-0.0102,0.1161,0.2518
1725,1.725,0.008,0.001,0.1081,-0.0006,0.0893,0.3052
1726,1.726,0.0056,-0.0043,0.0974,0.0006,0.114,0.1614
1727,1.727,-0.001,-0.0079,0.0879,-0.0071,0.4054,0.642
1728,1.728,0.0132,-0.0037,0.079,-0.0081,0.2867,0.8343
1729,1.729,0.0076,-0.002,-0.0326,0.0004,0.1059,0.3109
1730,1.73,-0.0042,0.0037,-0.1392,0.0082,-0.0589,-0.1827
1731,1.731,-0.0118,0.0014,-0.0695,0.0134,-0.0891,-0.2481
1732,1.732,-0.0078,0.0078,-0.0061,0.0161,-0.1165,-0.3068
1733,1.733,-0.0141,0.0019,-0.0863,0.005,-0.1413,-0.2545
1734,1.734,0.0008,0.0011,-0.1381,0.0065,-0.0742,-0.2068
1735,1.735,0.015,-0.0024,-0.1283,0.0025,-0.298,-0.4252
1736,1.736,0.0057,-0.0008,0.0016,-0.0013,-0.3875,-0.9415
1737,1.737,-0.0027,0.0009,0.0204,-0.0023,-0.1976,-0.59
1738,1.738,0.0018,0.0014,0.0374,-0.0033,0.0743,-0.0129
1739,1.739,0.0115,0.0001,0.114,-0.0117,0.1111,0.2211
1740,1.74,0.0078,-0.0019,0.0727,-0.0061,0.1444,0.2924
1741,1.741,-0.007,-0.0062,0.01,-0.0009,0.115,0.357
1742,1.742,0.0032,0.0014,-0.0238,-0,0.0882,0.2997
1743,1.743,0.0199,0.0024,-0.0542,-0.0009,0.2115,0.2473
1744,1.744,0.0133,0.0015,-0.0821,-0.0031,0.4135,0.8722
1745,1.745,-0.0009,-0.0045,-0.0905,-0.0038,0.2241,0.7876
1746,1.746,0.0008,-0.0007,-0.1139,0.0005,0.0018,0.2451
1747,1.747,0.0093,0.0013,-0.1073,-0.0036,-0.088,-0.2487
1748,1.748,0.0078,0.0008,-0.0365,0,-0.1154,-0.1859
1749,1.749,0.0038,-0.0009,0.0488,0.0031,-0.1402,-0.2447
1750,1.75,0.0002,-0.0045,0.0603,0.0095,-0.118,-0.2981
1751,1.751,-0.0008,-0.0014,0.1541,0.0141,-0.0977,-0.2505
1752,1.752,-0.0038,0.0006,0.2174,0.0167,-0.3753,-0.6436
1753,1.753,-0.0029,-0.0052,0.206,0.0161,-0.3357,-0.908
1754,1.754,0.003,-0.001,0.1122,0.0197,-0.0827,-0.3791
1755,1.755,-0.0039,0.0028,0.0744,0.0155,0.0822,0.1146
1756,1.756,-0.0161,-0.0037,0.0629,0.0068,0.1128,0.1802
1757,1.757,-0.0178,-0.0011,-0.0309,-0.002,0.1403,0.2389
1758,1.758,-0.0284,0.0011,-0.1698,-0.003,0.1162,0.2922
1759,1.759,-0.0325,0.0031,-0.2255,-0.0102,0.0941,0.2443
1760,1.76,-0.0288,0.0001,-0.2091,-0.0128,0.3181,0.4627
1761,1.761,-0.0162,0.0042,-0.1024,-0.0187,0.4078,0.8995
1762,1.762,0.0058,0.0067,-0.0054,-0.0301,0.1638,0.4928
1763,1.763,0.0207,-0.0002,0.0827,-0.0182,-0.0665,0.0158
1764,1.764,0.0179,-0.0054,0.0248,-0.0013,-0.0969,-0.1778
1765,1.765,0.0107,0.0011,-0.0276,0.0099,-0.1242,-0.2372
1766,1.766,-0.0005,-0.0014,-0.0565,0.0119,-0.1489,-0.2908
1767,1.767,-0.0065,0.0009,-0.014,-0.0011,-0.1266,-0.2434
1768,1.768,-0.0045,0.0016,-0.0224,-0.0062,-0.1874,-0.2875
1769,1.769,0.0074,0.0022,-0.0303,0.0014,-0.4282,-0.8832
1770,1.77,0.0213,0.0075,-0.0246,-0.0194,-0.2641,-0.7988
1771,1.771,0.0196,0.0068,-0.0782,-0.0165,0.0051,-0.1017
1772,1.772,0.0112,0.0052,-0.1145,-0.0084,0.1141,0.1805
1773,1.773,0.0098,0.0057,-0.1089,-0.0011,0.0819,0.2668
1774,1.774,0.0085,0.0093,-0.1391,-0.0077,0.1121,0.3445
1775,1.775,0.0074,0.0043,-0.0918,-0.0057,0.1395,0.2747
1776,1.776,0.0019,0.0023,0.0046,-0.0038,0.1151,0.2109
1777,1.777,0.0009,0.0006,-0.0098,0.0047,0.3618,0.6174
1778,1.778,-0.0017,0.0002,0.0022,0.0062,0.3292,0.8817
1779,1.779,-0.0076,0.0007,0.1282,0.0021,0.0603,0.3527
1780,1.78,0.004,0.0029,0.1108,0.0033,-0.0483,-0.1413
1781,1.781,0.01,-0.0023,0.1393,0.0132,-0.0963,-0.2184
1782,1.782,0.0049,-0.0019,0.1234,0.0054,-0.1294,-0.2835
1783,1.783,0.0003,-0.0061,0.1089,0.0149,-0.0999,-0.3424
1784,1.784,-0.001,-0.0044,0.0958,0.0087,-0.0729,-0.1846
1785,1.785,-0.0073,-0.0059,0.1066,0.0055,-0.2946,-0.4251
1786,1.786,-0.015,-0.0037,0.096,0.0025,-0.4438,-0.9935
1787,1.787,-0.0308,0.0011,0.0865,0.0033,-0.1455,-0.6068
1788,1.788,-0.0331,0.0042,0.0086,-0.0026,0.0537,0.0274
1789,1.789,-0.0311,0.0002,-0.1065,0.001,0.0904,0.2843
1790,1.79,-0.0293,0.0017,-0.2447,0.0103,0.1237,0.2079
1791,1.791,-0.0107,0.0029,-0.2267,0.0115,0.1538,0.2786
1792,1.792,0.0265,0.0058,-0.0759,0.0012,0.0728,0.2151
1793,1.793,0.0637,0.0001,0.0254,-0.0002,0.1467,0.2733
1794,1.794,0.0494,-0.0127,0.1177,0.0087,0.3933,0.8544
1795,1.795,0.0186,-0.0109,0.2017,0.0055,0.2293,0.7773
1796,1.796,-0.0174,-0.0058,0.1865,0.0024,0.02,0.1432
1797,1.797,-0.0318,-0.0012,0.0054,0.0016,-0.0619,-0.1139
1798,1.798,-0.0274,-0.0164,-0.1179,-0.0113,-0.087,-0.1927
1799,1.799,-0.0074,-0.0062,-0.0509,-0.0169,-0.1096,-0.2639
1800,1.8,0.0034,-0.0006,-0.0713,-0.0153,-0.1302,-0.3286
1801,1.801,0.0065,0.0011,-0.0529,-0.0169,-0.1119,-0.2712
1802,1.802,-0.0023,0.0026,-0.0361,-0.0073,-0.3644,-0.641
1803,1.803,0.0003,-0.0043,0.0097,-0.0061,-0.3285,-0.8818
1804,1.804,0.0076,-0.0031,-0.0042,-0.0052,-0.0984,-0.4012
1805,1.805,0.0054,-0.0021,-0.0168,-0.0021,0.111,0.1759
1806,1.806,0.0033,0.001,-0.0281,-0.0049,0.0844,0.2546
1807,1.807,0.005,0.0018,0.0242,-0.0074,0.1585,0.3255
1808,1.808,-0.0001,-0.0007,0.0337,-0.0005,0.1365,0.2622
1809,1.809,0.0044,0.0015,0.0596,-0.0032,0.0757,0.2046
1810,1.81,0.0195,0.005,0.0205,-0.0007,0.2793,0.363
1811,1.811,0.0256,-0.0019,-0.015,0.0045,0.3607,0.8916
1812,1.812,0.0162,-0.0047,-0.0085,0.0138,0.1881,0.5401
1813,1.813,0.0078,0.0013,0.0326,0.0225,-0.0591,0.091
1814,1.814,-0.0122,-0.004,0.0594,0.0147,-0.0927,-0.2012
1815,1.815,-0.0259,-0.0005,0.0934,0.0094,-0.1229,-0.2551
1816,1.816,-0.0332,-0.001,0.0804,0.0121,-0.1503,-0.3039
1817,1.817,-0.0266,-0.0027,0.1087,0.0043,-0.0768,-0.2608
1818,1.818,-0.0205,0.0008,0.0765,-0.0095,-0.1889,-0.2214
1819,1.819,-0.0186,0.0059,0.0286,-0.0114,-0.4129,-0.7627
1820,1.82,-0.0068,0.0023,0.0876,-0.0064,-0.2639,-0.6858
1821,1.821,0.0039,0.0017,0.1588,-0.0019,-0.0194,-0.1927
1822,1.822,0.0052,0.0012,0.1309,0.005,0.0798,0.2567
1823,1.823,-0.0036,0.0017,0.0711,0.0112,0.1101,0.2002
1824,1.824,-0.0026,-0.0005,-0.0456,-0.0059,0.1374,0.2537
1825,1.825,-0.0056,-0.0018,-0.1628,-0.0183,0.113,0.3024
1826,1.826,-0.014,0.0039,-0.1469,0.0153,0.1355,0.1719
1827,1.827,-0.013,-0.0003,-0.1322,0.0106,0.4001,0.6087
1828,1.828,-0.0077,0.0018,-0.1189,-0.0026,0.2921,0.8996
1829,1.829,0.0063,0.0066,-0.0607,-0.0306,0.062,0.3182
1830,1.83,0.0328,0.0035,-0.0703,-0.0197,-0.0878,-0.0701
1831,1.831,0.0292,0.0075,-0.0032,-0.0033,-0.0613,-0.1417
1832,1.832,0.0193,0.0079,-0.0109,-0.0121,-0.1354,-0.3341
1833,1.833,0.0105,0.0037,-0.0332,-0.0094,-0.1134,-0.2766
1834,1.834,0.0024,-0.0017,-0.1391,-0.0022,-0.0933,-0.224
1835,1.835,0.0247,-0.0066,-0.2454,0.0044,-0.297,-0.4641
1836,1.836,0.0455,-0.0036,-0.0361,0.0185,-0.3784,-0.9445
1837,1.837,0.0482,-0.0054,0.1135,0.0241,-0.1565,-0.6247
1838,1.838,0.0259,-0.0059,0.141,0.0189,0.0528,0.0164
1839,1.839,-0.0071,0.001,0.1169,0.002,0.0805,0.2737
1840,1.84,-0.0291,0.0062,0.0949,-0.0227,0.1054,0.1978
1841,1.841,-0.0409,-0.0003,-0.0065,-0.0196,0.1279,0.2688
1842,1.842,-0.0372,-0.0029,-0.0988,-0.0108,0.1078,0.2057
1843,1.843,-0.0207,-0.0036,-0.1824,-0.0081,0.2003,0.2643
1844,1.844,-0.0058,-0.0057,-0.1359,-0.0008,0.4191,0.8459
1845,1.845,-0.0085,0.0025,0.0176,0.0057,0.2701,0.7695
1846,1.846,-0.0061,0.0015,0.0385,0.0159,0.0255,0.1359
1847,1.847,-0.0084,-0.0016,0.0945,0.0214,-0.0737,-0.1207
1848,1.848,-0.0064,-0.0081,0.1116,0.0197,-0.1039,-0.1989
1849,1.849,0.0178,-0.0022,0.0965,0.0211,-0.1312,-0.2694
1850,1.85,0.0211,-0.0015,0.0274,0.017,-0.107,-0.3337
1851,1.851,0.0063,-0.008,0.0907,0.0031,-0.1295,-0.1596
1852,1.852,-0.0018,-0.0002,0.0565,-0.0025,-0.3941,-0.6349
1853,1.853,0.0006,0.0029,-0.0159,-0.011,-0.3583,-0.9547
1854,1.854,0.0162,0.0037,-0.1198,-0.0156,-0.0625,-0.3146
1855,1.855,0.0264,0.0062,-0.1333,-0.0253,0.0571,0.1129
1856,1.856,0.0208,0.0025,-0.07,-0.0215,0.0938,0.1921
1857,1.857,0.009,-0.0039,-0.0584,-0.0225,0.1269,0.2636
1858,1.858,0.0044,0.0039,0.0144,-0.0131,0.1569,0.3284
1859,1.859,-0.0052,0.0009,0.0808,0.0008,0.0759,0.271
1860,1.86,-0.009,0.0036,0.1069,0.0064,0.2978,0.4298
1861,1.861,-0.0034,0.001,0.0681,0.0081,0.3873,0.9588
1862,1.862,-0.0106,0.0017,0.1183,0.0127,0.1432,0.6076
1863,1.863,-0.0114,0.001,0.1123,0.0168,-0.0216,0.031
1864,1.864,-0.0139,-0.0032,0.0246,0.0107,-0.1116,-0.2024
1865,1.865,-0.0208,-0.0072,-0.0634,0.0052,-0.139,-0.2735
1866,1.866,-0.0235,0.0006,-0.1436,0.0082,-0.1148,-0.338
1867,1.867,-0.0176,-0.0004,-0.1536,0.0128,-0.0926,-0.2804
1868,1.868,-0.0061,0.0027,-0.106,0.0188,-0.1944,-0.2277
1869,1.869,0.0024,0.0018,-0.0454,0.0088,-0.4352,-0.8522
1870,1.87,0.007,-0.0041,-0.0062,0.0102,-0.2711,-0.7673
1871,1.871,0.0057,-0.0033,-0.0275,0.0065,-0.0021,-0.2245
1872,1.872,-0.0107,0.0003,0.0049,-0.0106,0.1068,0.2694
1873,1.873,-0.0172,0.0034,0.0343,-0.0178,0.1401,0.2068
1874,1.874,-0.0232,0.0086,0.0184,-0.0066,0.1107,0.2657
1875,1.875,-0.0139,0.0107,-0.0254,-0.0005,0.1381,0.3192
1876,1.876,-0.002,0.0103,0.0152,0.0014,0.1137,0.1755
1877,1.877,0.0211,0.0074,0.0948,-0.0172,0.3603,0.656
1878,1.878,0.0441,0.0017,0.0599,-0.0148,0.3277,0.8483
1879,1.879,0.0292,0.004,0.0286,-0.017,0.0588,0.3249
1880,1.88,0.0155,0.0061,-0.1138,-0.0109,-0.0501,-0.1687
1881,1.881,0.0083,0.0004,-0.1747,-0.0016,-0.0835,-0.2342
1882,1.882,0.0001,0.0042,-0.0717,0.0038,-0.1275,-0.2648
1883,1.883,-0.0154,0.0021,-0.016,0.0157,-0.1576,-0.3235
1884,1.884,-0.0214,-0.0043,0.0344,0.0112,-0.0764,-0.271
1885,1.885,-0.027,-0.0034,0.0801,0.0153,-0.2982,-0.4154
1886,1.886,-0.0117,-0.007,0.0939,-0.001,-0.3877,-0.9836
1887,1.887,0.0068,-0.009,0.0563,-0.0076,-0.1435,-0.5968
1888,1.888,0.014,-0.0032,0.022,0.0027,0.087,0.0377
1889,1.889,-0.0107,0.0006,0.0534,-0.0028,0.1175,0.2948
1890,1.89,-0.014,0.0027,0.044,-0.0044,0.1449,0.2188
1891,1.891,0.0068,0.0059,0.0355,-0.0089,0.1207,0.2897
1892,1.892,0.0204,0.0031,0.0121,-0.0076,0.0986,0.2263
1893,1.893,0.0276,0.0037,0.0047,-0.0087,0.1596,0.1686
1894,1.894,0.0432,0.0009,0.0495,-0.0009,0.4376,0.8556
1895,1.895,0.0207,-0.0017,-0.0038,0.0086,0.2393,0.7626
1896,1.896,-0.0123,-0.0004,0.0031,0.0123,-0.0137,0.166
1897,1.897,-0.0256,0.0009,0.0221,0.0091,-0.1129,-0.2226
1898,1.898,-0.0137,-0.0039,-0.031,0.0144,-0.0835,-0.1536
1899,1.899,-0.0173,-0.0128,0.0044,0.0136,-0.1109,-0.2182
1900,1.9,-0.0074,-0.0113,-0.0151,0.011,-0.1356,-0.2768
1901,1.901,-0.0045,0.0015,-0.068,0.0011,-0.1134,-0.2244
1902,1.902,-0.0018,0.0034,-0.0749,-0.0058,-0.378,-0.6568
1903,1.903,0.0106,0.002,-0.0161,0.003,-0.3421,-0.8314
1904,1.904,0.0128,-0.0019,0.0389,-0.0074,-0.112,-0.3555
1905,1.905,0.0271,-0.0029,0.1461,-0.0114,0.0974,0.0938
1906,1.906,0.0252,0.005,0.1923,-0.0077,0.1251,0.2695
1907,1.907,0.0099,0.0061,0.0953,0.0001,0.1009,0.3231
1908,1.908,0.0118,0.0089,-0.0435,-0.003,0.0788,0.2757
1909,1.909,-0.0125,0.0115,-0.1358,-0.0114,0.0588,0.2325
1910,1.91,-0.0158,0.0094,-0.2196,-0.0146,0.2995,0.431
1911,1.911,-0.0247,0.0031,-0.1734,-0.0156,0.3982,0.9004
1912,1.912,-0.0221,0.0074,-0.1316,-0.022,0.1894,0.5808
1913,1.913,-0.0098,-0.001,-0.0177,-0.0177,-0.0553,0.0563
1914,1.914,0.0057,0.0022,-0.0634,-0.0062,-0.0888,-0.1562
1915,1.915,-0.0005,0.0013,-0.0496,0.0056,-0.119,-0.2213
1916,1.916,-0.0098,0.0021,0.0134,0.0163,-0.0923,-0.28
1917,1.917,-0.0081,0.003,0.0249,0.0066,-0.117,-0.2278
1918,1.918,-0.0036,0.0067,0.0146,0.0029,-0.1842,-0.2762
1919,1.919,0.0033,0.0003,0.0432,0.0039,-0.4082,-0.8441
1920,1.92,-0.003,-0.0023,0.0521,0.0069,-0.2592,-0.7673
1921,1.921,-0.0133,-0.0093,0.0132,0.0077,-0.0147,-0.1333
1922,1.922,-0.0063,-0.0009,-0.0077,-0.0035,0.0845,0.1237
1923,1.923,-0.0051,0.0023,0.0379,-0.002,0.1148,0.2025
1924,1.924,-0.0083,-0.003,0.1264,0.002,0.1422,0.2733
1925,1.925,0.0074,-0.0039,0.1898,0.0056,0.1178,0.3379
1926,1.926,0.014,0.0019,0.1096,0.0112,0.0956,0.1642
1927,1.927,0.0161,-0.0067,0.0579,0.0142,0.4008,0.6398
1928,1.928,0.0105,-0.0058,0.0299,0.0133,0.3572,0.832
1929,1.929,0.002,-0.0029,-0.0472,0.0157,0.0789,0.4249
1930,1.93,-0.0087,-0.0004,-0.1196,0.0088,-0.1023,-0.1578
1931,1.931,-0.0184,0.002,-0.072,0.0042,-0.0701,-0.2367
1932,1.932,-0.0247,0.0055,-0.0115,-0.007,-0.1598,-0.3077
1933,1.933,-0.0216,0.0073,0.0591,-0.0146,-0.1332,-0.2445
1934,1.934,-0.0079,0.0014,0.0304,-0.0299,-0.1089,-0.1869
1935,1.935,0.0162,-0.001,-0.0127,-0.0114,-0.2659,-0.4511
1936,1.936,0.0326,0.0036,-0.0045,-0.0187,-0.4084,-0.9798
1937,1.937,0.0237,-0.0061,0.0031,-0.0299,-0.1676,-0.6285
1938,1.938,-0.001,-0.005,-0.0028,-0.0157,0.0628,-0.0515
1939,1.939,0.0022,-0.0064,0.0035,0.001,0.0932,0.1823
1940,1.94,0.011,-0.0099,0.0414,0.0122,0.1205,0.2538
1941,1.941,0.0028,-0.0259,0.1149,0.0143,0.1452,0.3184
1942,1.942,0.0004,-0.0598,0.1257,0.0161,0.0781,0.2607
1943,1.943,-0.0062,-0.0842,0.1356,0.0178,0.1797,0.2082
1944,1.944,0.008,-0.0888,0.1618,0.0163,0.4204,0.8329
1945,1.945,0.0173,-0.0852,0.1231,0.0204,0.2563,0.7485
1946,1.946,-0.0013,-0.0673,0.0308,0.0091,-0.0129,0.206
1947,1.947,-0.0137,-0.0511,0.0184,0.0076,-0.1219,-0.147
1948,1.948,-0.0159,-0.0365,-0.0159,-0.0076,-0.0898,-0.2124
1949,1.949,-0.018,-0.0066,-0.1723,-0.0096,-0.12,-0.271
1950,1.95,-0.0273,0.0292,-0.2393,-0.0077,-0.1474,-0.3244
1951,1.951,-0.0223,0.0532,-0.3001,-0.0061,-0.1231,-0.1806
1952,1.952,-0.0147,0.0574,-0.3185,-0.0076,-0.3698,-0.6612
1953,1.953,0.0006,0.069,-0.268,0.0049,-0.3373,-0.8534
1954,1.954,0.0312,0.0653,-0.161,-0.0036,-0.0686,-0.33
1955,1.955,0.0533,0.0553,-0.0358,-0.0051,0.1123,0.1637
1956,1.956,0.0572,0.0402,0.1157,-0.001,0.08,0.2291
1957,1.957,0.0391,0.0319,0.0954,-0.0073,0.11,0.2879
1958,1.958,0.0162,0.0245,0.0397,-0.0017,0.1372,0.3413
1959,1.959,-0.0046,0.0178,0.0226,-0.0007,0.1127,0.1975
1960,1.96,-0.0127,0.0197,0.0681,-0.0035,0.3143,0.4159
1961,1.961,-0.0003,0.0177,0.0816,0.0007,0.3955,0.9321
1962,1.962,0.002,0.0092,0.0938,0.0045,0.1735,0.5806
1963,1.963,-0.004,0.0106,0.1281,-0.0033,-0.0359,0.0036
1964,1.964,-0.0207,0.0174,0.097,-0.0002,-0.1179,-0.2303
1965,1.965,-0.0185,0.0111,0.0307,0.012,-0.143,-0.3017
1966,1.966,-0.0084,0.0054,-0.0122,0.007,-0.1211,-0.2385
1967,1.967,-0.0065,0.0001,0.0114,0.0086,-0.1011,-0.2974
1968,1.968,-0.0217,0.0086,-0.0099,0.0046,-0.1939,-0.2451
1969,1.969,-0.0197,0.0053,-0.0035,0.0058,-0.4129,-0.87
1970,1.97,-0.0215,0.0083,-0.0683,0.0114,-0.264,-0.7855
1971,1.971,-0.0266,-0.0002,-0.06,0.0041,-0.0196,-0.2431
1972,1.972,-0.019,0.0076,0.0101,-0.0023,0.0795,0.2506
1973,1.973,0.0019,0.0024,0.0193,0.0055,0.1096,0.1878
1974,1.974,0.0048,0.0051,-0.0239,0.0045,0.1369,0.2463
1975,1.975,0.013,0.0043,-0.0162,0.0109,0.1125,0.2995
1976,1.976,0.0203,0.0051,-0.0519,0.0101,0.1348,0.2518
1977,1.977,0.036,0.0072,-0.0844,0.0016,0.3993,0.6448
1978,1.978,0.0381,0.003,-0.0555,-0.0155,0.3634,0.9092
1979,1.979,0.0213,0.0014,0.0134,-0.0179,0.0676,0.3801
1980,1.98,-0.0123,0.0083,0.0791,0.0024,-0.0522,-0.1136
1981,1.981,-0.0076,0.0057,0.2079,0.0051,-0.0889,-0.1793
1982,1.982,-0.0032,0.005,0.3743,-0.0122,-0.1222,-0.2383
1983,1.983,0.0036,-0.003,0.0792,-0.0187,-0.1351,-0.2915
1984,1.984,0.0076,0.0071,-0.0779,-0.0122,-0.1055,-0.2392
1985,1.985,-0.0032,0.0032,-0.1798,-0.0061,-0.2952,-0.3836
1986,1.986,0.0001,-0.0004,-0.1615,0.0032,-0.4186,-0.9519
1987,1.987,-0.0027,0.0031,-0.1785,-0.0018,-0.172,-0.5653
1988,1.988,-0,0.0002,-0.2552,-0.0217,0.0585,-0.0718
1989,1.989,-0.0074,-0.006,-0.214,-0.0244,0.0889,0.2496
1990,1.99,-0.0008,-0.0117,-0.0503,-0.0071,0.1163,0.3087
1991,1.991,-0.0028,-0.0121,0.0164,-0.0005,0.1412,0.2567
1992,1.992,0.0102,-0.0154,0.0365,-0.0025,0.0742,0.2092
1993,1.993,0.0084,-0.0194,0.0548,-0.0043,0.1759,0.1658
1994,1.994,-0.0023,-0.0175,0.0714,-0.006,0.4167,0.7613
1995,1.995,-0.0204,-0.0095,0.0865,0.0017,0.2527,0.6767
1996,1.996,-0.0228,-0.006,0.1001,0.0031,0.0435,0.2889
1997,1.997,-0.0026,-0.0005,0.062,0.0094,-0.0927,-0.2048
1998,1.998,0.0055,-0.0087,0.05,0.0084,-0.1177,-0.1422
1999,1.999,0.003,-0.0027,0.0598,0.0073,-0.1403,-0.3172
2000,2,-0.0082,-0.0034,0.0307,0.0177,-0.1201,-0.265
2001,2.001,-0.0183,-0.0095,0.0558,0.0136,-0.1018,-0.2173
2002,2.002,-0.0239,-0.0117,0.1097,-0.0053,-0.3541,-0.6105
2003,2.003,-0.0155,-0.0045,0.0735,-0.0081,-0.3182,-0.875
2004,2.004,-0.0016,-0.0033,0.0797,0.0043,-0.088,-0.3461
2005,2.005,0.0003,-0.0108,0.0741,0.0154,0.0619,0.1476
2006,2.006,-0.0047,-0.0076,0.0797,0.0175,0.0897,0.2133
2007,2.007,-0.0154,-0.001,0.0658,0.0193,0.1146,0.2721
2008,2.008,-0.0141,-0.0067,0.0264,0.0142,0.1373,0.3256
2009,2.009,-0.0282,-0.0088,-0.0108,0.0036,0.1173,0.278
2010,2.01,-0.0227,-0.0136,-0.0061,-0.0145,0.2841,0.4089
2011,2.011,0.0026,-0.0041,-0.0192,-0.0169,0.3963,0.9254
2012,2.012,0.0061,0.0029,-0.055,-0.0147,0.1725,0.5739
2013,2.013,0.0425,0.0042,-0.1276,-0.0127,-0.0367,-0.0029
2014,2.014,0.0472,-0.0014,-0.2003,-0.0071,-0.0643,-0.2367
2015,2.015,0.0164,-0.0003,-0.1529,0.0014,-0.1384,-0.1676
2016,2.016,0.0125,0.0023,-0.0235,-0.0032,-0.1163,-0.2322
2017,2.017,0.0306,0.0101,0.0322,0.0038,-0.0961,-0.2906
2018,2.018,0.0273,0.0131,0.083,0.0001,-0.1886,-0.2381
2019,2.019,0.0001,0.0122,0.1597,0.0033,-0.4073,-0.8627
2020,2.02,-0.0036,0.0043,0.1183,0.0043,-0.2583,-0.7781
2021,2.021,-0.0134,0.0012,0.0048,-0.0003,-0.0136,-0.2354
2022,2.022,-0.0163,-0.0035,-0.0715,0.0091,0.0856,0.2585
2023,2.023,-0.0027,-0.0044,-0.0575,0.0103,0.116,0.1962
2024,2.024,-0.0051,0.0007,-0.0448,0.0135,0.1434,0.2549
2025,2.025,-0.0073,-0.0001,-0.0333,0.0145,0.1192,0.3084
2026,2.026,-0.0053,-0.0033,-0.0023,0.0117,0.0971,0.1648
2027,2.027,0.0152,-0.0005,0.064,0.0074,0.3618,0.6454
2028,2.028,0.0071,0.0009,0.1072,0.0036,0.3261,0.8379
2029,2.029,-0.0053,0.0037,-0.01,0.0142,0.096,0.4309
2030,2.03,-0.0075,0.0024,-0.161,0.0127,-0.0537,-0.1516
2031,2.031,-0.0095,0.0065,-0.1403,0.0057,-0.1354,-0.2304
2032,2.032,-0.0189,0.0068,-0.0104,0.002,-0.1603,-0.3014
2033,2.033,-0.0172,0.0031,-0.0267,-0.0151,-0.1381,-0.238
2034,2.034,-0.0034,-0.004,-0.0724,-0.0474,-0.0773,-0.1803
2035,2.035,0.0245,-0.0199,-0.0585,-0.0342,-0.281,-0.4445
2036,2.036,0.0283,-0.0223,0.0298,-0.0304,-0.4167,-0.9731
2037,2.037,0.0247,-0.0286,0.1104,-0.0339,-0.1455,-0.6217
2038,2.038,0.0083,-0.0232,0.1627,-0.0042,0.0356,-0.0447
2039,2.039,0.0172,-0.0217,0.1155,0.0076,0.0691,0.189
2040,2.04,0.0034,-0.0234,-0.0135,0.0111,0.1589,0.2605
2041,2.041,0.0058,-0.014,-0.0685,0.0079,0.1322,0.3252
2042,2.042,0.0123,-0.0028,-0.0847,-0.001,0.1079,0.2678
2043,2.043,-0.0019,-0.0014,-0.0691,-0.0037,0.1751,0.2153
2044,2.044,-0.0038,0.0109,0.0006,-0.0061,0.3991,0.84
2045,2.045,0.0047,0.0192,0.0383,-0.0127,0.2503,0.7555
2046,2.046,0.0032,0.0084,0.0729,-0.0066,0.0059,0.2132
2047,2.047,-0.0064,-0.0014,0.0832,0.0064,-0.0932,-0.1397
2048,2.048,-0.0254,0.0022,0.1302,0.0013,-0.1235,-0.2049
2049,2.049,-0.028,0.0124,0.1732,-0.0002,-0.1507,-0.2634
2050,2.05,-0.0207,0.0136,0.1342,0.0039,-0.1264,-0.3168
2051,2.051,-0.0095,0.0098,0.0562,0.0178,-0.1041,-0.173
2052,2.052,-0.0034,0.0087,-0.0792,0.0085,-0.3686,-0.6535
2053,2.053,-0.0313,0.0055,-0.1714,0.0068,-0.3327,-0.8456
2054,2.054,-0.0194,0.0046,-0.2215,0.0023,-0.1026,-0.4385
2055,2.055,0.0207,0.0087,-0.1754,0.0064,0.1068,0.1444
2056,2.056,0.0473,0.0049,-0.0502,0.0076,0.0804,0.2233
2057,2.057,0.0521,0.0069,0.1011,0.002,0.1052,0.2943
2058,2.058,0.0213,0.0038,0.0805,-0.0032,0.1278,0.3588
2059,2.059,-0.0226,0.0114,0.0245,0.0014,0.1077,0.1849
2060,2.06,-0.04,0.0061,-0.0263,0.0005,0.2744,0.4492
2061,2.061,-0.0559,0.0034,-0.0419,-0.0002,0.3866,0.8817
2062,2.062,-0.0316,0.0059,-0.0007,0.0018,0.1626,0.5914
2063,2.063,-0.0095,0.0081,0.0365,-0.0024,-0.0467,0.0089
2064,2.064,-0.0055,0.0088,0.0014,0.0005,-0.0744,-0.2249
2065,2.065,-0.0019,0.0119,-0.1139,-0.0031,-0.0994,-0.2964
2066,2.066,0.0346,0.0148,-0.1603,-0,-0.1221,-0.233
2067,2.067,0.0588,0.0113,-0.0912,0.0012,-0.1019,-0.2917
2068,2.068,0.0281,0.0126,-0.0283,0.0037,-0.1576,-0.2393
2069,2.069,0.0002,0.0062,-0.0169,0.0082,-0.4101,-0.864
2070,2.07,-0.0106,0.0017,0.0351,0.004,-0.2299,-0.7794
2071,2.071,-0.0007,0.0026,0.0633,0.0057,0.0004,-0.2369
2072,2.072,0.0023,0.0034,0.0715,0.0042,0.0904,0.2568
2073,2.073,0.005,0.0028,0.1416,0.0085,0.118,0.1943
2074,2.074,0.0174,-0.0002,0.1316,0.0173,0.1428,0.2529
2075,2.075,0.0061,-0.0041,0.1052,0.0085,0.1206,0.3062
2076,2.076,-0.0081,-0.0005,0.0187,0.0075,0.1004,0.1624
2077,2.077,-0.0212,-0.0001,-0.0623,0.0023,0.3781,0.6428
2078,2.078,-0.0161,-0.0028,-0.115,-0.0061,0.3387,0.8351
2079,2.079,-0.0023,-0.0037,-0.0871,-0.0093,0.0859,0.428
2080,2.08,-0.0079,-0.0012,0.007,-0.025,-0.079,-0.0491
2081,2.081,0.0005,-0.0028,0.0187,-0.0228,-0.1094,-0.2426
2082,2.082,0.0205,-0.0008,-0.0395,-0.0086,-0.1369,-0.3015
2083,2.083,0.0232,-0.0046,-0.0297,0.0007,-0.1127,-0.2494
2084,2.084,0.0099,-0.007,-0.027,0.0049,-0.0873,-0.2271
2085,2.085,-0.0173,-0.004,-0.0372,-0.0002,-0.289,-0.3714
2086,2.086,-0.0281,0.0039,-0.064,0.0167,-0.3704,-0.9397
2087,2.087,-0.0248,0.0073,-0.0416,0.0145,-0.1979,-0.5531
2088,2.088,0.0023,0.0001,-0.1351,0.0125,0.0492,-0.0597
2089,2.089,0.0278,-0.0062,-0.0726,0.018,0.0826,0.2616
2090,2.09,0.018,-0.0085,-0.0385,0.013,0.1127,0.2046
2091,2.091,0.0152,-0.0077,0.0549,0.0085,0.1401,0.258
2092,2.092,0.0015,-0.0026,0.1682,-0.0012,0.0665,0.3065
2093,2.093,-0.0158,-0.0029,0.2134,-0.0125,0.1337,0.1757
2094,2.094,-0.018,-0.0011,0.1156,-0.017,0.3576,0.6918
2095,2.095,-0.0119,-0.0045,0.1529,-0.0018,0.2683,0.7624
2096,2.096,-0.0137,-0.0031,0.2102,0.0003,0.0237,0.1859
2097,2.097,-0.0121,0.0035,0.0535,-0.0201,-0.1411,-0.2027
2098,2.098,-0.0106,0.0027,-0.1035,-0.0228,-0.1118,-0.1339
2099,2.099,0.0102,-0.003,-0.2462,-0.0204,-0.1392,-0.1986
2100,2.1,0.0251,0.0023,-0.2284,-0.0138,-0.1149,-0.2573
2101,2.101,0.0004,-0.0011,-0.1788,-0.0118,-0.0927,-0.2049
2102,2.102,-0.0094,-0.0027,-0.2255,-0.01,-0.3573,-0.6374
2103,2.103,-0.0006,0.0003,-0.1011,-0.0083,-0.3214,-0.9283
2104,2.104,0.0131,-0.0043,0.0161,-0.0038,-0.0913,-0.347
2105,2.105,0.0304,-0.0037,0.0923,0.0058,0.1181,0.1963
2106,2.106,0.0102,-0.0032,0.1339,0.0046,0.0917,0.268
2107,2.107,-0.0088,-0.0006,0.1968,-0.0057,0.1165,0.3326
2108,2.108,-0.0063,-0.0009,0.0929,-0.0044,0.1391,0.2751
2109,2.109,-0.0085,-0.0056,0.0508,0.0019,0.119,0.2226
2110,2.11,-0.0105,-0.0061,0.0378,0.0029,0.2857,0.3668
2111,2.111,-0.0161,-0.0044,0.072,0.0101,0.3979,0.9349
2112,2.112,-0.0043,-0.0008,0.0823,0.0093,0.174,0.5481
2113,2.113,0.0063,-0.0039,0.0351,0.0034,-0.0353,0.0546
2114,2.114,-0.0033,-0.0103,0.0786,0.0028,-0.063,-0.2668
2115,2.115,-0.007,-0.0168,0.04,0.0134,-0.1371,-0.21
2116,2.116,-0.0038,-0.0057,-0.0664,0.018,-0.115,-0.2637
2117,2.117,-0.0069,-0.0073,-0.1426,0.0111,-0.0949,-0.3123
2118,2.118,-0.0153,-0.006,-0.1007,0.0023,-0.1875,-0.2691
2119,2.119,-0.0231,-0.0048,-0.0374,-0.0102,-0.4063,-0.8647
2120,2.12,-0.0201,-0.006,-0.0027,-0.0018,-0.2573,-0.78
2121,2.121,-0.0061,0.0034,-0.013,0.0058,-0.0127,-0.2375
2122,2.122,0.0245,0.0121,0.0156,-0.0011,0.0866,0.2563
2123,2.123,0.0819,0.0042,0.0074,-0,0.1169,0.1938
2124,2.124,0.0428,0.0094,0,-0.0078,0.1443,0.2525
2125,2.125,0.0216,0.0008,0.0215,-0.0236,0.12,0.3058
2126,2.126,0.028,0.0039,0.0928,-0.0171,0.0978,0.1621
2127,2.127,0.0223,0.0007,0.1022,-0.007,0.3625,0.6426
2128,2.128,0.0064,0.007,0.0937,-0.0052,0.3267,0.8348
2129,2.129,-0.0081,-0.0009,0.055,-0.0002,0.0966,0.4277
2130,2.13,-0.0214,-0.0041,0.0198,0.0104,-0.0531,-0.155
2131,2.131,-0.0175,0.0022,-0.0382,0.0174,-0.0807,-0.2338
2132,2.132,-0.0284,-0.0004,-0.0299,0.0111,-0.1056,-0.305
2133,2.133,-0.012,-0.0028,0.049,0.0143,-0.1282,-0.2418
2134,2.134,-0.0149,-0.0009,0.1853,0.0112,-0.108,-0.1843
2135,2.135,-0.0176,-0.0079,0.2414,0.0104,-0.2747,-0.3428
2136,2.136,-0.03,-0.0035,0.1916,0.0078,-0.3868,-0.9676
2137,2.137,-0.0367,-0.0028,-0.0374,0.0116,-0.1627,-0.5423
2138,2.138,-0.0266,-0.0036,-0.2008,0.0038,0.0466,0.0008
2139,2.139,0.0012,-0.0044,-0.2298,-0.0014,0.0744,0.2132
2140,2.14,0.0211,-0.005,-0.2017,-0.0006,0.0994,0.2783
2141,2.141,0.0103,-0.0011,-0.0774,0.002,0.122,0.3369
2142,2.142,-0.0062,0.0066,-0.0538,-0.0065,0.1021,0.2845
2143,2.143,-0.0091,0.0075,-0.0729,-0.0236,0.1577,0.2368
2144,2.144,0.021,0.0021,-0.1278,-0.026,0.4102,0.8047
2145,2.145,0.017,-0.0026,-0.1443,-0.0105,0.23,0.7276
2146,2.146,0.0205,0.0016,-0.0676,0.0079,-0.0002,0.2347
2147,2.147,0.0172,0.0022,0.1135,0.0103,-0.0901,-0.2145
2148,2.148,0.0023,0,0.1875,0.0125,-0.1176,-0.2739
2149,2.149,-0.0003,-0.0005,0.2547,0.0226,-0.1424,-0.3274
2150,2.15,-0.0026,-0.0023,0.1937,0.0245,-0.1202,-0.2799
2151,2.151,0.0041,0.0001,0.0272,0.016,-0.0999,-0.2366
2152,2.152,-0.0184,0.0004,-0.1292,0.0145,-0.3776,-0.594
2153,2.153,-0.0391,0.0015,-0.2303,-0.0063,-0.3381,-0.9308
2154,2.154,-0.0364,0.0018,-0.2478,-0.0034,-0.0852,-0.3627
2155,2.155,-0.014,0.007,0.0057,-0.0115,0.0796,0.1805
2156,2.156,0.0069,0.0106,0.1871,-0.0138,0.1101,0.2523
2157,2.157,0.015,0.0086,0.2208,-0.0203,0.1375,0.3171
2158,2.158,0.0077,0.009,0.1321,-0.0101,0.1133,0.2597
2159,2.159,0.0055,0.005,-0.0031,-0.0156,0.0913,0.2073
2160,2.16,0.0116,0.0034,-0.126,-0.0206,0.2746,0.3515
2161,2.161,0.0098,0.0103,-0.1929,-0.0344,0.398,0.9194
2162,2.162,-0.0054,0.0113,-0.2535,-0.0177,0.1962,0.5326
2163,2.163,0.0171,0.0087,-0.2349,-0.011,-0.0484,0.039
2164,2.164,0.0501,0.0009,-0.1509,0.0032,-0.082,-0.1545
2165,2.165,0.0457,0.0061,-0.0439,-0.0061,-0.1121,-0.2139
2166,2.166,0.0097,-0.0003,0.0253,-0.001,-0.1395,-0.2674
2167,2.167,0.005,0.0006,0.1132,0.0066,-0.1151,-0.3161
2168,2.168,0.0007,0.0044,0.1702,0.008,-0.1824,-0.2728
2169,2.169,-0.0032,0.0038,0.2427,0.0117,-0.4064,-0.8685
2170,2.17,-0.0066,-0.0018,0.1001,0.0195,-0.2575,-0.7839
2171,2.171,-0.0163,-0.0011,-0.0018,0.0268,-0.0131,-0.2413
2172,2.172,-0.0311,-0.0017,0.0165,0.0204,0.086,0.2524
2173,2.173,-0.0501,0.0026,0.134,0.0246,0.1162,0.1898
2174,2.174,-0.0328,-0.0002,0.1492,0.0253,0.1434,0.2486
2175,2.175,-0.0172,-0.0026,0.1632,0.0146,0.1191,0.302
2176,2.176,0.0135,-0.0014,-0.026,-0.0085,0.0968,0.2544
2177,2.177,0.0532,-0.0033,-0.1612,-0.0117,0.3613,0.6475
2178,2.178,0.0373,-0.0051,-0.0874,-0.0145,0.3253,0.9121
2179,2.179,0.0131,-0.0103,-0.0204,-0.0173,0.0951,0.3832
2180,2.18,0.0175,0.0013,-0.0816,-0.01,-0.0548,-0.1104
2181,2.181,0.0136,0.0065,-0.1004,0.0056,-0.0826,-0.1759
2182,2.182,0.0029,0.002,-0.0842,-0.0004,-0.1075,-0.2348
2183,2.183,-0.0003,-0.0049,-0.0999,-0.0134,-0.1303,-0.2881
2184,2.184,-0.021,-0.0011,-0.0309,-0.005,-0.1103,-0.2404
2185,2.185,-0.0078,0.0034,-0.0167,-0.0092,-0.2829,-0.3952
2186,2.186,0.0333,0.0044,-0.0801,-0.0108,-0.4128,-0.9633
2187,2.187,0.039,0.0015,-0.1151,-0.0012,-0.1604,-0.5765
2188,2.188,0.0017,-0.0012,-0.1886,0,0.0205,-0.0829
2189,2.189,-0.003,-0.0019,-0.2553,-0.0078,0.1195,0.2386
2190,2.19,-0.0074,0.0004,-0.178,0.0058,0.09,0.2978
2191,2.191,-0.0035,0.0011,-0.0218,0.004,0.1171,0.2458
2192,2.192,-0.0143,-0.0071,0.3143,0.009,0.0927,0.2944
2193,2.193,0.0022,-0.0015,0.3624,0.0075,0.1599,0.2511
2194,2.194,0.0051,-0.0045,0.3189,0.0088,0.4245,0.7673
2195,2.195,-0.0086,-0.009,0.2001,0.0076,0.244,0.6976
2196,2.196,-0.031,-0.0047,0.0922,-0.0095,0.0136,0.2491
2197,2.197,-0.0459,0.0022,0.1253,-0.0071,-0.0766,-0.1592
2198,2.198,-0.0651,0.005,0.0959,-0.0005,-0.1042,-0.2133
2199,2.199,-0.038,-0.0009,0.0149,0.0097,-0.1291,-0.2621
2200,2.2,-0.0126,-0.003,-0.1084,0.0078,-0.1518,-0.3064
2201,2.201,-0.0094,-0.001,-0.2207,-0.0074,-0.0912,-0.1878
2202,2.202,-0.0123,-0.0027,-0.2413,-0.0012,-0.369,-0.5846
2203,2.203,0.0014,0.0014,-0.2969,0.0043,-0.3297,-0.8491
2204,2.204,0.0237,0.002,-0.2127,-0.0042,-0.077,-0.4163
2205,2.205,0.0208,0.0016,-0.0441,-0.0211,0.0878,0.1087
2206,2.206,0.007,-0.0031,0.1133,-0.0233,0.0586,0.1807
2207,2.207,-0.0003,-0.0073,0.1747,-0.0132,0.0859,0.2455
2208,2.208,0.0063,-0.0021,0.1197,-0.0114,0.1107,0.3042
2209,2.209,0.0164,-0,0.0697,0.0005,0.0884,0.252
2210,2.21,0.0107,-0.0043,0.0548,0.0081,0.3122,0.3964
2211,2.211,0.0056,-0.0131,0.1245,0.0011,0.4017,0.9646
2212,2.212,0.0009,-0.0043,0.1624,0.0149,0.2119,0.578
2213,2.213,0.0049,-0.0011,0.1508,0.013,-0.0599,0.0845
2214,2.214,0.0037,-0.0064,0.1819,0.0147,-0.0966,-0.2367
2215,2.215,0.0068,-0.0091,0.1724,0.0223,-0.1299,-0.1797
2216,2.216,-0.0069,-0.017,0.1123,0.0042,-0.1004,-0.3386
2217,2.217,-0.0163,-0.016,0.0894,-0.003,-0.0736,-0.2911
2218,2.218,-0.0316,-0.0134,0.0688,0.0036,-0.1475,-0.2478
2219,2.219,-0.0297,-0.0039,-0.0017,0.0016,-0.394,-0.8433
2220,2.22,-0.0168,0.0099,-0.0864,-0.0077,-0.23,-0.7586
2221,2.221,0.0085,0.0154,-0.0744,-0.0026,-0.0208,-0.216
2222,2.222,0.0412,0.0069,-0.1261,0.0081,0.1155,0.1373
2223,2.223,0.0191,0.0022,-0.2492,0.0121,0.0915,0.2027
2224,2.224,0.0151,0.0091,-0.2995,0.0033,0.1141,0.2616
2225,2.225,0.0331,0.0028,-0.2228,-0.0092,0.1347,0.315
2226,2.226,0.0233,-0.0029,-0.0417,0.0027,0.1164,0.1714
2227,2.227,-0.0038,0.0023,0.0321,0.0011,0.3689,0.652
2228,2.228,-0.0146,0.0068,0.0993,-0.0115,0.3331,0.8443
2229,2.229,-0.0178,0.0076,0.0793,-0.0064,0.1031,0.4374
2230,2.23,-0.0327,0.0098,0.135,-0.008,-0.1062,-0.1451
2231,2.231,-0.03,0.0048,0.1517,-0.004,-0.0796,-0.2239
2232,2.232,-0.0277,0.0065,0.1057,0.0023,-0.1044,-0.2949
2233,2.233,0.006,-0,0.064,0.0055,-0.127,-0.2315
2234,2.234,0.0302,-0.0009,0.0006,0.0127,-0.1068,-0.1739
2235,2.235,0.0522,0.0028,0.0579,0.0043,-0.2734,-0.4381
2236,2.236,0.0484,-0.0037,-0.0359,-0.0035,-0.3856,-0.9667
2237,2.237,0.0376,-0.0029,-0.1493,0.0102,-0.2021,-0.6152
2238,2.238,0.0079,0.0007,-0.1643,0.0046,0.0697,-0.0383
2239,2.239,-0.004,0.0085,-0.0945,-0.0005,0.1064,0.1955
2240,2.24,-0.0294,0.0115,-0.1572,-0.005,0.0741,0.2668
2241,2.241,-0.0197,-0.0008,-0.1453,-0.0119,0.1042,0.3314
2242,2.242,0.0074,0.0009,-0.1136,-0.0107,0.0774,0.274
2243,2.243,0.0109,0.0054,-0.1603,-0.0184,0.2007,0.2216
2244,2.244,0.0273,0.0068,-0.0992,-0.0154,0.4025,0.8463
2245,2.245,0.0302,0.0005,-0.0128,-0.0013,0.2671,0.7615
2246,2.246,0.0164,-0.0051,-0.0013,-0.0074,-0.0044,0.219
2247,2.247,0.004,0.0001,0.1133,0.0019,-0.1131,-0.1341
2248,2.248,-0.0115,-0.0026,0.3121,-0.0134,-0.0806,-0.1992
2249,2.249,-0.034,0.0033,0.2848,-0.0113,-0.1106,-0.2578
2250,2.25,-0.0369,-0.0051,0.1123,-0.0095,-0.1378,-0.3112
2251,2.251,-0.034,-0.0019,-0.0448,0.0091,-0.1134,-0.1672
2252,2.252,-0.0067,0.0033,-0.1876,0.0114,-0.3598,-0.6475
2253,2.253,-0.003,0.0061,-0.2436,0.0092,-0.3271,-0.9673
2254,2.254,0.0004,-0.0034,-0.1599,0.0031,-0.1181,-0.4438
2255,2.255,0.0033,-0.0071,-0.0226,0.0013,0.0723,0.1909
2256,2.256,0.0171,-0.0039,-0.0044,-0.0038,0.0975,0.2777
2257,2.257,0.0244,-0.0028,-0.0214,-0.0022,0.1201,0.2014
2258,2.258,0.0223,-0.0001,-0.037,0.0103,0.1407,0.2723
2259,2.259,0.0039,-0.0009,0.004,0.0189,0.0854,0.2089
2260,2.26,-0.0083,-0.0015,0.0666,0.0235,0.2706,0.3835
2261,2.261,-0.0016,0.0034,0.1468,0.0166,0.394,0.9649
2262,2.262,0.0005,-0.0008,0.2196,0.0155,0.1922,0.5784
2263,2.263,0.0062,0.0022,0.1913,0.003,-0.0525,0.0851
2264,2.264,-0.0056,-0.0013,0.0964,-0.0054,-0.0861,-0.2361
2265,2.265,-0.007,0.0018,-0.0425,-0.0069,-0.1162,-0.1792
2266,2.266,-0.0057,0.0023,-0.0984,0.0028,-0.1436,-0.2325
2267,2.267,0.0006,0.0034,-0.116,0.0065,-0.1192,-0.281
2268,2.268,-0.0142,0.0087,-0.1019,-0.0038,-0.1865,-0.2375
2269,2.269,0.0042,0.0018,-0.0891,-0.0108,-0.4105,-0.833
2270,2.27,0.0116,0.0028,-0.027,-0.0145,-0.2616,-0.7483
2271,2.271,-0.0039,-0.0014,0.1216,-0.0135,-0.0171,-0.2057
2272,2.272,-0.0058,-0.0006,0.1412,0.0022,0.0819,0.1477
2273,2.273,-0.0112,0.0002,0.0853,0,0.1122,0.2131
2274,2.274,-0.0161,-0.0028,0.0344,-0.002,0.1394,0.2719
2275,2.275,-0.0176,0.0013,0.0188,-0.0001,0.1149,0.3253
2276,2.276,-0.0216,-0.0011,-0.0509,0.005,0.0926,0.1817
2277,2.277,-0.0127,-0.0023,-0.1141,0.0096,0.3571,0.575
2278,2.278,0.0043,-0.0034,-0.0108,0.0056,0.3211,0.8395
2279,2.279,0.0167,-0.0084,0.1142,0.0019,0.0908,0.4068
2280,2.28,-0.0036,0.0023,0.1306,0.0009,-0.0591,-0.1177
2281,2.281,-0.0172,-0.0022,0.1455,-0.0001,-0.0869,-0.1894
2282,2.282,-0.0296,0.0019,0.1868,-0.0046,-0.1119,-0.2542
2283,2.283,-0.0361,0.0057,0.1233,0.0013,-0.1346,-0.3128
2284,2.284,-0.0341,0.0001,-0.0499,0.0006,-0.074,-0.2603
2285,2.285,-0.0099,0.0074,-0.1737,-0.0071,-0.2779,-0.4045
2286,2.286,0.0252,0.0032,-0.1774,-0.0137,-0.4137,-0.9371
2287,2.287,0.0416,0.0059,-0.2006,-0.0107,-0.1697,-0.5441
2288,2.288,0.0328,0.0034,-0.2219,-0.021,0.0606,0.0384
2289,2.289,0.0301,-0.0003,-0.1301,-0.0141,0.091,0.2722
2290,2.29,0.0177,-0.0067,-0.1138,-0.0053,0.1183,0.2032
2291,2.291,0.0198,-0.0025,-0.0683,0.0072,0.1429,0.2678
2292,2.292,0.0218,-0.0062,-0.0545,0.0156,0.1205,0.3264
2293,2.293,0.0236,-0.0042,0.0337,0.011,0.1814,0.2739
2294,2.294,0.0219,0.0015,0.137,0.007,0.4222,0.8024
2295,2.295,0.005,-0.0022,0.0673,0.0132,0.1924,0.7326
2296,2.296,-0.0196,-0.0043,0.1049,0.0122,-0.0169,0.1561
2297,2.297,-0.0031,-0.0026,0.0014,-0.0035,-0.0989,-0.2325
2298,2.298,-0.0003,-0.001,-0.0401,0.0031,-0.1241,-0.1637
2299,2.299,-0.0306,-0.0026,-0.002,0.0133,-0.1021,-0.3564
2300,2.3,-0.0346,0.0016,0.056,0.0301,-0.1227,-0.4152
2301,2.301,-0.0167,0.0032,0.0664,0.0146,-0.1045,-0.2574
2302,2.302,-0.0137,0.0026,0.0379,-0.012,-0.357,-0.594
2303,2.303,0.0133,-0.0025,0.0464,-0.0301,-0.3212,-0.9003
2304,2.304,0.046,-0.0075,0.1167,-0.0269,-0.0912,-0.384
2305,2.305,0.0327,0.0007,0.1261,-0.018,0.118,0.1096
2306,2.306,-0.0033,-0.005,0.1521,-0.0261,0.0915,0.303
2307,2.307,-0.0276,-0.0081,0.1599,-0.0138,0.1164,0.2459
2308,2.308,-0.0145,-0.0018,0.0532,-0.0116,0.1389,0.2991
2309,2.309,-0.0107,0.0024,-0.1152,-0.0015,0.0782,0.2512
2310,2.31,-0.0216,-0.0092,-0.2273,0.0004,0.2819,0.3822
2311,2.311,-0.0054,-0.0177,-0.2882,0.0054,0.4176,0.8985
2312,2.312,0.0033,-0.0254,-0.2329,0.0038,0.1957,0.5471
2313,2.313,0.0169,-0.0186,-0.1826,0.0078,-0.0735,0.098
2314,2.314,0.0241,-0.0073,0.047,0.0139,-0.1103,-0.194
2315,2.315,0.0175,0.0002,0.2767,0.0129,-0.1435,-0.2482
2316,2.316,0.0032,0.0015,0.3065,0.0181,-0.114,-0.297
2317,2.317,-0.0135,0.0077,0.2255,0.0245,-0.0871,-0.2539
2318,2.318,-0.0202,-0.0028,0.152,0.0116,-0.161,-0.2148
2319,2.319,-0.0264,-0.0015,-0.0045,-0.0089,-0.4075,-0.7562
2320,2.32,-0.0358,0.0021,-0.1464,-0.0062,-0.2435,-0.834
2321,2.321,-0.0375,0.0053,-0.2383,-0.0086,-0.0342,-0.2003
2322,2.322,-0.0236,0.0082,-0.2206,0.0025,0.1021,0.2269
2323,2.323,0.0043,0.0073,-0.1738,-0.0117,0.1271,0.3055
2324,2.324,0.0242,0.0097,-0.1588,-0.0136,0.1499,0.2359
2325,2.325,0.035,0.0027,-0.0949,-0.0153,0.1299,0.3002
2326,2.326,0.0251,0.0018,0.0551,-0.0169,0.1117,0.2424
2327,2.327,-0.0021,0.0059,0.1162,-0.0073,0.3643,0.612
2328,2.328,-0.0202,0.0081,0.0978,-0.001,0.3285,0.8525
2329,2.329,-0.0104,0.006,0.1147,0.0067,0.0985,0.3716
2330,2.33,-0.0016,0.0065,0.069,0.0057,-0.1107,-0.0777
2331,2.331,0.0121,-0.0012,0.0831,0.0048,-0.0841,-0.2535
2332,2.332,0.0144,-0.0002,0.1467,0.0107,-0.1581,-0.3074
2333,2.333,0.0165,0.0025,0.1357,0.016,-0.1359,-0.26
2334,2.334,0.0185,-0.0017,0.1465,0.0053,-0.075,-0.2168
2335,2.335,0.0166,-0.001,0.1943,-0.0024,-0.2786,-0.4155
2336,2.336,0.0015,-0.0003,0.1516,0.0073,-0.4142,-0.957
2337,2.337,-0.0046,0.0027,0.0348,0.0212,-0.1921,-0.5705
2338,2.338,-0.0028,0.0068,-0.0487,0.0119,0.0772,-0.077
2339,2.339,-0.0011,0.0093,-0.1552,0.0001,0.1141,0.2443
2340,2.34,0.0065,0.0105,-0.224,0.0078,0.1474,0.3034
2341,2.341,-0.0004,0.0093,-0.1602,0.0009,0.118,0.2513
2342,2.342,-0.0193,0.0036,-0.0328,-0.0104,0.0913,0.2998
2343,2.343,-0.0495,-0.0041,0.0522,-0.015,0.1652,0.2564
2344,2.344,-0.0534,-0.0011,0.0072,-0.0109,0.412,0.852
2345,2.345,-0.0353,0.0054,-0.0058,-0.0096,0.248,0.7673
2346,2.346,0.0142,0.0132,-0.0429,-0.004,0.0389,0.2246
2347,2.347,0.0783,0.0142,-0.1231,-0.0113,-0.0972,-0.1287
2348,2.348,0.0696,0.0134,-0.196,-0.0198,-0.1222,-0.1939
2349,2.349,0.0463,0.004,-0.0916,-0.0073,-0.1447,-0.2526
2350,2.35,0.0392,0.0053,0.0059,0.0046,-0.1245,-0.3061
2351,2.351,0.0328,-0.0025,0.0188,0.0152,-0.1061,-0.1625
2352,2.352,-0.0081,-0.0054,0.0305,0.0138,-0.3584,-0.643
2353,2.353,-0.0133,-0.0008,0.0618,-0.0052,-0.3225,-0.963
2354,2.354,-0.018,-0.0015,0.0526,-0.0134,-0.0922,-0.4397
2355,2.355,-0.0047,0.0007,0.0788,-0.001,0.0577,0.0541
2356,2.356,-0.0008,0.0028,0.087,0.0056,0.0855,0.2476
2357,2.357,-0.0044,-0.0029,0.137,0.0076,0.1103,0.3066
2358,2.358,0.0054,-0.0035,0.1566,0.0282,0.133,0.2546
2359,2.359,0.0203,-0.0041,0.1159,0.0309,0.0724,0.2071
2360,2.36,0.0012,-0.0071,0.1963,0.0333,0.2762,0.3385
2361,2.361,-0.0111,-0.0066,0.1392,0.0222,0.412,0.9343
2362,2.362,-0.0266,-0.007,-0.017,0.0081,0.1902,0.509
2363,2.363,-0.0408,-0.0048,-0.0838,-0.0123,-0.0191,0.1208
2364,2.364,-0.0352,0.0017,-0.1037,-0.026,-0.1008,-0.2324
2365,2.365,-0.0301,-0.0028,-0.2328,-0.0236,-0.1255,-0.2974
2366,2.366,-0.007,0.0085,-0.2153,-0.0213,-0.1034,-0.2401
2367,2.367,0.016,0.004,-0.1383,-0.0152,-0.1238,-0.2933
2368,2.368,0.0011,-0.0029,-0.1518,-0.0022,-0.1793,-0.2456
2369,2.369,-0.0126,-0.0016,-0.1894,0.0063,-0.4317,-0.8136
2370,2.37,-0.0198,-0.0005,-0.2701,0.0018,-0.2514,-0.7367
2371,2.371,-0.0175,0.0006,-0.2185,0.0005,-0.021,-0.2439
2372,2.372,-0.0114,-0.0002,-0.2475,-0.0007,0.069,0.2053
2373,2.373,0.0017,0.0041,-0.1188,-0.0062,0.0966,0.2647
2374,2.374,0.0272,0.002,0.1584,-0.0032,0.1215,0.3182
2375,2.375,0.0381,-0.0028,0.2771,-0.0059,0.0994,0.2705
2376,2.376,0.0019,-0.0111,0.3131,0.0036,0.1198,0.2272
2377,2.377,-0.0124,-0.0166,0.2803,0.0099,0.3606,0.5845
2378,2.378,-0.0078,-0.0135,0.2505,0.0043,0.3279,0.921
2379,2.379,-0.0038,-0.0143,0.1694,0.0033,0.1189,0.3526
2380,2.38,0.0217,-0.0185,-0.0028,-0.0107,-0.0715,-0.0361
2381,2.381,0.0448,-0.0147,-0.0698,-0.0168,-0.0967,-0.2485
2382,2.382,0.0119,-0.0098,-0.0492,0.0037,-0.1193,-0.3134
2383,2.383,-0.0366,-0.0068,-0.1041,0.0011,-0.1399,-0.2562
2384,2.384,-0.0172,-0.0015,-0.1538,-0.0162,-0.0846,-0.2038
2385,2.385,0.0121,-0.0021,-0.1686,-0.0228,-0.2698,-0.3483
2386,2.386,0.028,0.0048,-0.0989,-0.0207,-0.3931,-0.9166
2387,2.387,0.0195,-0.0011,-0.0216,-0.0181,-0.186,-0.5841
2388,2.388,-0.0047,0.0016,-0.0345,-0.0051,0.0612,-0.0412
2389,2.389,-0.0092,0.0076,0.0455,0.0034,0.0947,0.1712
2390,2.39,-0.0053,0.0024,-0.0489,0.0079,0.1248,0.2362
2391,2.391,-0.0017,0.0044,-0.0619,0.012,0.1522,0.2949
2392,2.392,0.0016,0.0087,0.0184,0.0108,0.0785,0.2424
2393,2.393,0.0104,0.0058,0.0706,0.0005,0.1905,0.1946
2394,2.394,0.0186,0.0033,0.1562,0.0101,0.4144,0.8497
2395,2.395,0.0013,0.0021,0.2599,0.0189,0.2654,0.7565
2396,2.396,-0.0098,0.0033,0.3574,0.02,0.0208,0.1597
2397,2.397,-0.0199,0.0007,0.2437,0.021,-0.0784,-0.2289
2398,2.398,-0.0253,0.0011,0.0752,0.0164,-0.1087,-0.1602
2399,2.399,-0.0201,0.0062,0.0077,0.0206,-0.1362,-0.225
2400,2.4,-0.0125,-0.0032,0.0683,0.0169,-0.1119,-0.2836
2401,2.401,-0.0138,-0.0094,0.0497,0.0149,-0.0897,-0.2313
2402,2.402,-0.0075,0.0009,-0.068,0.0054,-0.395,-0.5678
2403,2.403,0.0095,0.0105,-0.0829,-0.0154,-0.3516,-0.8739
2404,2.404,0.0268,0.0093,-0.0962,-0.0126,-0.0735,-0.4372
2405,2.405,0.0246,0.0083,-0.0832,-0.0153,0.1076,0.0874
2406,2.406,0.0062,0.0135,-0.0944,-0.0276,0.0753,0.1592
2407,2.407,-0.0061,0.0089,-0.1253,-0.0211,0.1053,0.224
2408,2.408,0.0186,0.0081,-0.2483,-0.0069,0.1326,0.1667
2409,2.409,0.0087,0.0058,-0.2311,-0.005,0.0589,0.2199
2410,2.41,-0.0122,0.0009,-0.1543,-0.0101,0.2606,0.3641
2411,2.411,-0.015,0.0066,-0.0568,-0.0086,0.3962,0.9321
2412,2.412,0.0122,0.0044,-0.0442,0.0066,0.1251,0.7002
2413,2.413,0.0229,0.0023,0.0134,0.0086,-0.1281,0.0659
2414,2.414,0.026,-0.0007,0.0236,0.0067,-0.096,-0.1908
2415,2.415,0.0051,-0.0012,0.0331,0.005,-0.1263,-0.2692
2416,2.416,-0.0087,0.0013,0.0589,-0.0027,-0.0996,-0.1997
2417,2.417,-0.0211,-0.0029,0.1293,-0.0041,-0.0753,-0.2639
2418,2.418,-0.0276,-0.0058,0.1765,-0.018,-0.1426,-0.2061
2419,2.419,-0.0215,-0.0043,0.2196,-0.005,-0.4073,-0.7871
2420,2.42,-0.0047,-0.0032,0.2587,0.0001,-0.2271,-0.7101
2421,2.421,0.0108,-0.0071,0.3375,-0.0044,0.0032,-0.217
2422,2.422,0.0088,-0.0056,0.2025,-0.0004,0.0932,0.2326
2423,2.423,-0.0043,-0.0006,-0.0003,0.0084,0.1207,0.2921
2424,2.424,-0.0229,0.0015,-0.0805,0.0116,0.1455,0.2403
2425,2.425,-0.0402,-0.0028,-0.0056,0.0189,0.1234,0.289
2426,2.426,-0.0558,-0.0023,-0.0268,0.0216,0.1031,0.2458
2427,2.427,-0.0375,-0.0039,-0.0869,0.0087,0.3809,0.6033
2428,2.428,-0.0004,-0.01,-0.1789,-0.0155,0.3415,0.9401
2429,2.429,0.0261,-0.0041,-0.1618,-0.0057,0.0886,0.372
2430,2.43,0.0308,0.0058,-0.2687,-0.0029,-0.0762,-0.1712
2431,2.431,0.0176,0.0072,-0.3382,-0.0002,-0.1066,-0.2428
2432,2.432,0.0058,0.0009,-0.3506,-0.0027,-0.134,-0.3076
2433,2.433,0.0239,-0.0069,-0.1778,-0.0049,-0.1098,-0.2502
2434,2.434,0.0337,-0.0079,0.0441,-0.0111,-0.0877,-0.1976
2435,2.435,0.0424,0.0005,0.1335,-0.0055,-0.2709,-0.3419
2436,2.436,0.0397,-0.0006,0.2152,-0.0005,-0.3943,-0.9098
2437,2.437,0.0273,-0.0058,0.2403,0.001,-0.1925,-0.6778
2438,2.438,0.0025,-0.005,0.1735,0.0136,0.0522,-0.0434
2439,2.439,-0.0206,-0.0093,0.1131,0.0119,0.0858,0.2138
2440,2.44,-0.0356,-0.0071,0.0212,-0.0111,0.1159,0.2923
2441,2.441,-0.0275,-0.0051,-0.0288,-0.0209,0.1433,0.223
2442,2.442,-0.0252,-0.0034,-0.0743,-0.0121,0.0698,0.2876
2443,2.443,-0.0097,0.0018,-0.1158,-0.004,0.1819,0.2299
2444,2.444,0.0005,0.0024,-0.1031,-0.0064,0.4059,0.8112
2445,2.445,-0.02,0.0007,0.0697,0.0002,0.257,0.7346
2446,2.446,-0.0173,-0.0011,0.1439,0.0103,0.0125,0.2418
2447,2.447,-0.0049,-0.0037,0.2117,0.001,-0.0866,-0.2075
2448,2.448,0.0106,-0.004,0.2326,0.0027,-0.1169,-0.2668
2449,2.449,0.0167,0.0023,0.1778,0.0103,-0.1442,-0.3201
2450,2.45,0.0074,-0.0004,-0.0068,0.0143,-0.1198,-0.2723
2451,2.451,-0.0113,0.0037,-0.179,0.018,-0.0975,-0.229
2452,2.452,-0.0286,-0.0033,-0.2911,0.0169,-0.362,-0.5863
2453,2.453,-0.0353,-0.006,-0.1492,0.0032,-0.3261,-0.9228
2454,2.454,-0.0169,0.0017,-0.02,-0.0099,-0.0959,-0.442
2455,2.455,-0.0045,0.0069,0.0301,-0.0015,0.1136,0.1354
2456,2.456,0.0158,0.0023,-0.0159,0,0.0872,0.2146
2457,2.457,0.0569,0.0065,-0.0856,0.0069,0.1122,0.2858
2458,2.458,0.0627,0.0102,-0.0734,0.0006,0.1349,0.3506
2459,2.459,0.0361,0.0121,0.053,-0.0049,0.0743,0.293
2460,2.46,0.0218,0.0064,0.1034,-0.008,0.2781,0.3461
2461,2.461,0.0263,-0.0021,0.0271,-0.0034,0.4139,0.8748
2462,2.462,0.0225,-0.0012,0.0413,-0.0094,0.1922,0.5237
2463,2.463,0.0118,-0.0107,0.0541,-0.0041,-0.017,0.0749
2464,2.464,0.002,-0.0045,0.0431,-0.0021,-0.0989,-0.217
2465,2.465,-0.0129,-0.0014,0.1373,-0.0078,-0.1236,-0.2708
2466,2.466,-0.0431,-0.0087,0.1753,-0.01,-0.1461,-0.3196
2467,2.467,-0.047,0.0053,0.164,-0.0065,-0.1258,-0.2765
2468,2.468,-0.0362,0.0154,0.0078,-0.006,-0.1811,-0.2372
2469,2.469,-0.0133,0.0061,-0.1934,-0.0112,-0.3998,-0.7785
2470,2.47,0.0138,0.0077,-0.2744,-0.0132,-0.2507,-0.8562
2471,2.471,0.0102,0.0031,-0.2498,-0.0038,-0.0061,-0.2223
2472,2.472,0.007,0.0017,-0.2275,0.0032,0.0933,0.205
2473,2.473,0.0219,0.0005,-0.1261,0.0145,0.1237,0.2836
2474,2.474,0.0356,0.0016,-0.071,0.01,0.1511,0.3546
2475,2.475,0.0283,0.0068,0.0801,0.0113,0.1269,0.2912
2476,2.476,-0.0009,-0.0072,0.2221,0.0076,0.1048,0.2335
2477,2.477,-0.0127,-0.0092,0.1663,0.018,0.3695,0.6032
2478,2.478,-0.0235,-0.0036,0.1828,0.0139,0.3337,0.9398
2479,2.479,-0.0136,-0.0053,0.1364,0.015,0.1037,0.3717
2480,2.48,-0.0223,0.0024,0.0385,0.0118,-0.1057,-0.017
2481,2.481,-0.0249,0.0011,-0.0253,0.0233,-0.0791,-0.2294
2482,2.482,-0.0272,0.0074,0.0313,0.0094,-0.104,-0.2944
2483,2.483,-0.0024,0.0064,-0.0215,-0.0185,-0.1265,-0.2372
2484,2.484,0.0076,0.0075,-0.145,-0.0224,-0.1062,-0.2905
2485,2.485,-0.001,0.0067,-0.1617,-0.0044,-0.2728,-0.3389
2486,2.486,0.0182,0.0145,0.0068,-0.0274,-0.4298,-0.9071
2487,2.487,0.0356,0.0031,-0.0153,-0.0185,-0.2058,-0.6754
2488,2.488,0.0175,-0.0055,-0.0686,-0.0139,0.0458,-0.0288
2489,2.489,-0.0029,-0.013,-0.0486,-0.0002,0.0763,0.1837
2490,2.49,-0.0057,-0.0033,0.0806,0.0022,0.1038,0.2486
2491,2.491,-0.0181,-0.0021,0.2317,0.0134,0.1286,0.3071
2492,2.492,-0.0247,0.0036,0.1297,0.0113,0.1065,0.2547
2493,2.493,-0.0266,0.0067,0.074,0.0058,0.1674,0.2069
2494,2.494,-0.0284,0.0022,-0.0438,0.0109,0.4082,0.7746
2495,2.495,-0.0199,-0.0002,-0.1816,0.0094,0.2441,0.8522
2496,2.496,-0.006,0.0006,-0.237,-0.0002,0.0349,0.2181
2497,2.497,0.0071,0.0085,-0.321,-0.0064,-0.1013,-0.2093
2498,2.498,0.0156,-0.0009,-0.1528,-0.0053,-0.1263,-0.2882
2499,2.499,0.0386,-0.002,0.0486,0.0062,-0.1489,-0.2191
2500,2.5,0.0484,-0.0009,0.1836,-0.0044,-0.1288,-0.2838
2501,2.501,0.0396,-0.0039,0.257,-0.0057,-0.1106,-0.2263
2502,2.502,0.0095,-0.0046,0.2344,-0.0044,-0.363,-0.5963
2503,2.503,-0.0105,0.0014,0.1324,-0.0147,-0.3272,-1.0292
2504,2.504,-0.0141,-0.0037,0.0397,-0.0161,-0.0971,-0.5061
2505,2.505,-0.0173,-0.0001,0.0902,-0.0022,0.0526,0.1284
2506,2.506,-0.0023,-0.0057,0.1054,0.0108,0.1344,0.2149
2507,2.507,-0.0104,-0.0062,-0.0474,-0.0111,0.11,0.2928
2508,2.508,-0.0276,-0.011,-0.0676,-0.0023,0.1325,0.3634
2509,2.509,-0.0523,-0.0014,-0.086,0.0004,0.0717,0.2997
2510,2.51,-0.0491,0.0056,-0.1361,0.0177,0.2753,0.3577
2511,2.511,-0.0283,0.012,-0.0901,0.0155,0.4109,0.9388
2512,2.512,0.0017,0.0043,-0.1039,-0.003,0.1888,0.5519
2513,2.513,0.0617,0.0033,-0.0661,-0.0006,-0.0206,0.0582
2514,2.514,0.0702,0.0042,-0.0088,0.0016,-0.1026,-0.1356
2515,2.515,0.031,0.0051,0.022,-0.0004,-0.1277,-0.195
2516,2.516,0.0239,0.0059,-0.0068,-0.006,-0.1505,-0.2487
2517,2.517,0.0174,0.0011,-0.0674,-0.0044,-0.09,-0.2975
2518,2.518,0.0231,-0.0019,-0.013,-0.006,-0.1457,-0.2544
2519,2.519,0.0072,0.001,0.0934,0.0036,-0.3983,-0.8502
2520,2.52,0.0119,-0.0025,0.1389,0.0024,-0.2905,-0.7657
2521,2.521,-0.0013,-0.0046,0.0971,0.0057,0.0053,-0.2235
2522,2.522,-0.0052,-0.0043,0.0341,0.0004,0.1249,0.1295
2523,2.523,-0.0161,-0.0046,-0,0.0032,0.0892,0.1946
2524,2.524,-0.0259,-0.0069,-0.0098,0.0092,0.1222,0.2532
2525,2.525,-0.0232,-0.0052,-0.0379,-0.0008,0.1521,0.3063
2526,2.526,-0.0095,-0.0046,-0.0116,0.0006,0.125,0.1622
2527,2.527,-0.0023,-0.0084,0.0906,0.0069,0.3466,0.5552
2528,2.528,-0.0227,-0.0172,0.1602,0.0059,0.3764,0.9249
2529,2.529,-0.0202,-0.0161,0.2234,0.0089,0.0778,0.3959
2530,2.53,-0.0179,-0.0036,0.2352,0.0062,-0.042,-0.0981
2531,2.531,-0.0246,0.0015,0.1207,0.0002,-0.1509,-0.1639
2532,2.532,-0.0388,-0,-0.0782,0.0117,-0.1842,-0.2231
2533,2.533,-0.0444,0.0069,-0.0508,-0.0002,-0.1549,-0.2768
2534,2.534,-0.0292,0.008,-0.1735,-0.0048,-0.074,-0.2294
2535,2.535,0.0014,0.0112,-0.1057,-0.0117,-0.2466,-0.361
2536,2.536,0.0675,0.0101,-0.0032,-0.023,-0.4037,-0.9568
2537,2.537,0.0959,-0.0002,0.1271,-0.0215,-0.18,-0.7021
2538,2.538,0.0355,0.0038,0.0438,-0.0063,0.0291,-0.0046
2539,2.539,-0.0036,-0.0051,-0.0319,-0.0003,0.111,0.2779
2540,2.54,-0.025,-0.0019,-0.1009,0.009,0.1357,0.1936
2541,2.541,-0.0186,0.0011,-0.1381,-0.0062,0.1582,0.2714
2542,2.542,-0.0244,0.0002,-0.1491,-0.0205,0.0974,0.3419
2543,2.543,-0.0192,-0.0058,-0.1384,-0.0111,0.1899,0.2781
2544,2.544,-0.0048,-0.0081,-0.1286,0.0075,0.4086,0.801
2545,2.545,0.0083,-0.0004,-0.0163,0.0051,0.2596,0.7311
2546,2.546,0.0202,-0.0015,0.0907,-0.0152,-0.0392,0.2825
2547,2.547,0.0166,0.0012,0.1323,-0.0125,-0.1589,-0.126
2548,2.548,0.0264,0.0019,0.1701,-0.0052,-0.1235,-0.2859
2549,2.549,0.0235,0.0012,-0.0021,0.0014,-0.0911,-0.2387
2550,2.55,0.0044,0.0018,-0.1247,-0.0087,-0.1212,-0.2829
2551,2.551,0.0117,-0.0041,-0.0569,0.008,-0.0943,-0.2437
2552,2.552,0.0183,-0.0126,-0.0765,0.0282,-0.3654,-0.5687
2553,2.553,-0.0124,-0.0095,-0.0576,0.0201,-0.3297,-0.9623
2554,2.554,-0.0432,-0.0106,-0.0068,-0.0023,-0.0996,-0.3809
2555,2.555,-0.0152,-0.0022,-0.0525,-0.0111,0.1098,0.1626
2556,2.556,0.0029,-0.0079,-0.0664,-0.0084,0.1374,0.2345
2557,2.557,0.0061,-0.009,-0.0287,0.0089,0.1132,0.2995
2558,2.558,0.0032,-0.0006,-0.0172,0.0022,0.1358,0.2424
2559,2.559,0.0169,0.0025,0.0139,0.0043,0.075,0.1903
2560,2.56,0.0393,0.0035,0.0801,0.0136,0.2788,0.3347
2561,2.561,0.0245,0.008,0.1058,0.0152,0.4145,0.9029
2562,2.562,0.0055,0.0054,0.1919,0.0107,0.1926,0.6713
2563,2.563,-0.0067,0.0016,0.2494,0.0037,-0.0167,0.0371
2564,2.564,-0.0177,-0.0005,0.26,0.01,-0.0986,-0.2197
2565,2.565,-0.0319,0.0077,0.1749,0.0271,-0.1235,-0.2979
2566,2.566,-0.0486,0.0066,0.0716,0.0295,-0.1462,-0.2281
2567,2.567,-0.0238,0.0118,0.002,0.0092,-0.1261,-0.2925
2568,2.568,-0.0007,0.009,-0.0359,-0.0099,-0.1446,-0.2345
2569,2.569,0.0023,0.0031,-0.0933,-0.0172,-0.397,-0.8155
2570,2.57,-0.0003,0.0008,-0.2289,-0.0238,-0.289,-0.7384
2571,2.571,0.0021,0.0085,-0.2841,-0.0298,-0.0586,-0.2452
2572,2.572,0.0357,0.0095,-0.1997,-0.013,0.0913,0.2043
2573,2.573,0.05,0.0049,-0.0311,-0.0064,0.1189,0.264
2574,2.574,0.0103,0.004,0.0362,-0.0044,0.1437,0.3178
2575,2.575,0.0051,-0.0013,0.138,-0.0025,0.1217,0.2705
2576,2.576,0.0099,-0.0007,0.1567,-0.0075,0.1016,0.2275
2577,2.577,0.0144,-0.0012,0.14,0.0064,0.3425,0.5852
2578,2.578,0.0105,0.0005,-0.0285,0.0157,0.3755,0.9221
2579,2.579,-0.0148,0.0009,-0.051,0.0174,0.1068,0.4417
2580,2.58,-0.0245,0.0078,0.0098,0.019,-0.0743,-0.1351
2581,2.581,-0.0274,0.0131,-0.0828,-0.0018,-0.1077,-0.2138
2582,2.582,-0.0082,-0.001,-0.2346,-0.0348,-0.1378,-0.2845
2583,2.583,0.0042,0.0011,-0.2961,-0.0304,-0.111,-0.2209
2584,2.584,0.0154,-0.0008,-0.2779,-0.0185,-0.0866,-0.279
2585,2.585,0.0013,0.001,-0.1265,-0.0005,-0.2434,-0.3316
2586,2.586,-0.0117,-0.0005,-0.1059,0.0159,-0.4267,-0.956
2587,2.587,-0.003,-0.0018,-0.0502,0.013,-0.2047,-0.7007
2588,2.588,-0.0013,-0.003,0.0678,0.0157,0.0645,-0.0026
2589,2.589,-0.0102,-0.0073,0.1665,0.0137,0.0965,0.2238
2590,2.59,-0.0142,-0.0063,0.2124,0.0065,0.133,0.3188
2591,2.591,-0.0129,-0.0032,0.1707,-0.0182,0.1006,0.2346
2592,2.592,-0.0004,-0.0004,0.133,-0.0149,0.1306,0.3127
2593,2.593,0.0149,-0.0029,0.1214,-0.0061,0.1577,0.243
2594,2.594,0.0047,0.004,0.1942,0.0021,0.4288,0.8188
2595,2.595,0.0139,0.0014,0.1469,-0.0051,0.2486,0.7421
2596,2.596,0.0156,0.0023,0.0347,-0.0073,0.0183,0.2494
2597,2.597,0.014,0.0017,0.0194,-0.0011,-0.0719,-0.1996
2598,2.598,-0.0012,-0.0018,0.0054,0.0044,-0.0995,-0.2588
2599,2.599,0.0049,0.0013,-0.0579,0.0129,-0.1243,-0.3121
2600,2.6,0.0254,-0.0015,-0.0465,0.0175,-0.1467,-0.2646
2601,2.601,0.0062,0.0033,-0.0155,0.0134,-0.0859,-0.2211
2602,2.602,-0.0261,0.0016,-0.0059,0.0047,-0.3637,-0.6577
2603,2.603,-0.0392,-0.0012,0.055,0.015,-0.4034,-1.0645
2604,2.604,-0.0274,-0.0047,0.1731,0.0082,-0.0783,-0.3774
2605,2.605,-0.0093,0.0004,0.1236,-0.0057,0.0535,0.0925
2606,2.606,0.0005,-0.006,-0.0134,-0,0.0937,0.1794
2607,2.607,0.0033,-0.0017,-0.0316,0.0017,0.1301,0.2577
2608,2.608,-0.0105,-0.0038,0.0526,0.0002,0.0975,0.3287
2609,2.609,-0.0428,0.0056,0.068,0.0042,0.068,0.2653
2610,2.61,-0.056,0.0045,-0.0014,0.0004,0.2576,0.3234
2611,2.611,-0.02,-0.0032,-0.0644,-0.0052,0.4302,0.9047
2612,2.612,0.0431,-0.0001,-0.1217,-0.0124,0.1836,0.6729
2613,2.613,0.0517,-0.001,-0.1314,-0.0152,-0.0469,0.0386
2614,2.614,0.0126,0.005,-0.0262,-0.0109,-0.0773,-0.2182
2615,2.615,-0.0087,0.0028,0.1273,-0.0057,-0.1048,-0.1422
2616,2.616,-0.0152,-0.0049,0.0667,-0.0122,-0.1297,-0.3538
2617,2.617,-0.0211,-0.0019,0.0113,-0.001,-0.1076,-0.2903
2618,2.618,-0.0159,-0.001,-0.0054,-0.0025,-0.1686,-0.2325
2619,2.619,0.0179,-0.0018,-0.0818,-0.0095,-0.4464,-0.8138
2620,2.62,0.0575,-0.004,-0.1512,-0.0083,-0.3276,-0.7369
2621,2.621,0.0416,-0.0005,-0.1637,-0.0051,-0.0023,-0.244
2622,2.622,-0.0021,0.0001,-0.0833,-0.0041,0.1294,0.2053
2623,2.623,-0.0195,0.0042,-0.0523,-0.0087,0.0904,0.2647
2624,2.624,-0.0036,0.0027,-0.0994,-0.0062,0.1267,0.3182
2625,2.625,0.0011,0.0015,0.0305,0.0053,0.0942,0.2707
2626,2.626,-0.0033,0.0028,0.2348,0.0036,0.1241,0.2272
2627,2.627,-0.0073,0.0064,0.2085,0.0112,0.3681,0.5845
2628,2.628,0.0036,0.0115,0.0859,0.0071,0.3355,0.921
2629,2.629,0.0266,0.0051,0.0636,-0.0017,0.1266,0.4402
2630,2.63,0.0116,-0.0043,0.1245,0.006,-0.0639,-0.1371
2631,2.631,-0.0021,-0.0031,0.1431,0.0133,-0.089,-0.2162
2632,2.632,0.0103,-0.0179,-0.0754,0.0159,-0.1117,-0.2874
2633,2.633,0.0081,-0.02,-0.2838,0.0201,-0.1322,-0.3522
2634,2.634,-0.002,-0.0144,-0.2563,0.0086,-0.0769,-0.2947
2635,2.635,-0.0299,-0.0093,-0.1325,0.017,-0.262,-0.3478
2636,2.636,-0.0499,0.0076,-0.0647,0.0125,-0.3852,-0.9726
2637,2.637,-0.0465,-0.0036,-0.0032,-0.0056,-0.1835,-0.5474
2638,2.638,-0.0236,-0.0138,0.0158,-0.0229,0.0612,-0.0045
2639,2.639,-0.0087,-0.0008,0.0669,-0.0207,0.0947,0.208
2640,2.64,0.0214,0.0076,-0.009,-0.0268,0.1249,0.273
2641,2.641,0.0252,0.0152,0.0888,-0.0138,0.1523,0.3316
2642,2.642,0.0506,0.0055,0.127,-0.0088,0.1279,0.2792
2643,2.643,0.0735,-0.0084,0.0698,-0.0104,0.1504,0.2313
2644,2.644,0.0527,-0.0103,0.1431,0.0022,0.415,0.7992
2645,2.645,0.039,-0.0053,0.1907,0.0106,0.3071,0.7223
2646,2.646,0.0067,0.0022,0.2511,0.0245,0.0111,0.2292
2647,2.647,-0.0153,0.0008,0.1491,0.0189,-0.1086,-0.2202
2648,2.648,-0.0192,0.0045,0.0518,0.0105,-0.1451,-0.1637
2649,2.649,-0.0157,0.0054,-0.0365,0.0089,-0.1125,-0.3228
2650,2.65,-0.0255,0.0106,-0.163,-0.0007,-0.1424,-0.2754
2651,2.651,-0.0344,0.0078,-0.3145,-0.0171,-0.1154,-0.2322
2652,2.652,-0.0481,0.012,-0.3353,-0.015,-0.3371,-0.5896
2653,2.653,-0.0258,0.0004,-0.3913,-0.0252,-0.3669,-0.9263
2654,2.654,0.0191,-0.0047,-0.2067,-0.0159,-0.1226,-0.4457
2655,2.655,0.0643,-0.0093,0.1626,-0.0008,0.108,0.1315
2656,2.656,0.0233,-0.008,0.2148,0.0176,0.0788,0.2105
2657,2.657,-0.0138,-0.0069,0.1661,0.0247,0.1063,0.2816
2658,2.658,-0.0185,0.0009,0.2088,0.0269,0.1312,0.3463
2659,2.659,-0.0229,0.0081,0.1686,0.0166,0.109,0.2889
2660,2.66,-0.0268,0.0221,0.0604,-0.0038,0.2514,0.3419
2661,2.661,-0.0232,0.0159,-0.1691,-0.0012,0.4183,0.9666
2662,2.662,-0.0002,0.0065,-0.1986,-0.0036,0.1717,0.5413
2663,2.663,-0.009,0.0081,-0.1173,-0.0014,-0.0586,0.1532
2664,2.664,-0.0009,0.0126,0.0058,-0.0034,-0.0891,-0.2001
2665,2.665,0.0114,0.0029,0.1177,-0.0016,-0.1165,-0.2651
2666,2.666,0.018,-0.0009,0.057,-0.0269,-0.1413,-0.3236
2667,2.667,0.0486,-0.0019,0.0016,-0.0234,-0.1191,-0.2715
2668,2.668,0.0353,0.0011,-0.0153,-0.0069,-0.1395,-0.2237
2669,2.669,-0.0007,-0.0054,0.0302,-0.004,-0.4173,-0.7915
2670,2.67,-0.0248,-0.0062,0.1548,-0.0013,-0.2985,-0.8691
2671,2.671,-0.0291,-0.0147,0.1375,0.0011,-0.0455,-0.2352
2672,2.672,0.0071,-0.0225,0.0299,-0.001,0.1194,0.1923
2673,2.673,0.0023,-0.0278,-0.0398,0.0051,0.0902,0.2713
2674,2.674,-0.0196,-0.0214,-0.1283,0.007,0.1176,0.3426
2675,2.675,-0.0234,-0.024,-0.209,0.0087,0.1425,0.2793
2676,2.676,-0.0199,-0.0219,-0.0524,0.0164,0.1203,0.2216
2677,2.677,-0.0167,-0.0183,0.1495,0.0178,0.3442,0.5914
2678,2.678,-0.008,-0.0089,0.1227,0.0141,0.3742,0.9281
2679,2.679,-0.0162,-0.002,0.0982,0.0064,0.1299,0.4475
2680,2.68,-0.0235,-0.0008,-0.014,-0.0093,-0.1005,-0.1295
2681,2.681,-0.0169,0.0141,-0.1157,-0.0114,-0.1309,-0.2085
2682,2.682,-0.027,0.0161,-0.1714,0.0028,-0.1042,-0.2796
2683,2.683,0.0008,0.0143,-0.1886,-0.0065,-0.1289,-0.3441
2684,2.684,0.0529,0.0193,-0.1127,-0.0183,-0.1068,-0.2865
2685,2.685,0.0741,0.0269,0.012,-0.0137,-0.2491,-0.3395
2686,2.686,0.0289,0.0173,0.0622,-0.0068,-0.4159,-0.9642
2687,2.687,0.0114,0.0111,0.0469,0.0121,-0.1694,-0.7092
2688,2.688,0.0062,0.0101,0.0606,0.0202,0.0611,-0.0113
2689,2.689,0.0014,0.0028,0.0728,0.0178,0.0916,0.2714
2690,2.69,0.0045,0.0027,0.0486,0.0108,0.1196,0.2573
2691,2.691,0.009,0.0091,0.0593,-0.0096,0.1469,0.3432
2692,2.692,0.0052,0.0117,0.0065,-0.0233,0.1226,0.2664
2693,2.693,-0.0056,0.014,0.0344,-0.021,0.145,0.1964
2694,2.694,-0.0088,0.016,0.146,-0.0098,0.4096,0.772
2695,2.695,0,0.0065,0.1001,-0.0037,0.3016,0.8498
2696,2.696,0.0137,0.0052,0.003,-0.0018,0.0056,0.2159
2697,2.697,0.0013,0.0041,-0.0597,0.0067,-0.1141,-0.2113
2698,2.698,-0.001,0.0009,-0.0938,0.0022,-0.1507,-0.29
2699,2.699,0.005,0.004,0.0631,0.0119,-0.1839,-0.2204
2700,2.7,-0.0007,-0.0045,0.2203,0.0182,-0.1544,-0.2849
2701,2.701,0.0043,-0.0054,0.2407,0.0215,-0.1275,-0.2273
2702,2.702,-0.0097,-0.0126,0.1851,0.0162,-0.3493,-0.597
2703,2.703,-0.0192,-0.0172,0.1007,0.0247,-0.3198,-0.9337
2704,2.704,-0.0074,-0.018,0.1158,0.0169,-0.0755,-0.453
2705,2.705,-0.0213,-0.0142,0.1297,0.0199,0.0893,0.1241
2706,2.706,-0.0417,-0.0035,0.1931,0.0135,0.1198,0.2031
2707,2.707,-0.006,-0.002,0.0209,0.0007,0.1471,0.2742
2708,2.708,0.0083,0.005,-0.3484,-0.0272,0.1228,0.3388
2709,2.709,0.0038,0.0039,-0.5065,-0.0154,0.1006,0.2813
2710,2.71,0.0317,0.0095,-0.4583,-0.0262,0.2839,0.3341
2711,2.711,0.0497,0.0106,-0.2399,-0.023,0.4072,0.9587
2712,2.712,0.0267,0.0098,-0.1211,-0.0142,0.2055,0.7037
2713,2.713,-0.0004,-0.0013,-0.0132,-0.0224,-0.0392,0.0059
2714,2.714,-0.004,0.0003,-0.1119,-0.0151,-0.0728,-0.2767
2715,2.715,0.0125,-0.0037,-0.0228,-0.0086,-0.1029,-0.1929
2716,2.716,-0.0024,-0.0175,0.0584,-0.0147,-0.1303,-0.2712
2717,2.717,-0.0215,-0.0193,0.1814,-0.0166,-0.1061,-0.3421
2718,2.718,-0.0438,-0.0142,0.2483,-0.0048,-0.1733,-0.2786
2719,2.719,-0.0466,-0.0096,0.1872,-0.0093,-0.438,-0.8018
2720,2.72,-0.0385,-0.0055,0.1316,0.0003,-0.2577,-0.8726
2721,2.721,-0.0162,0.0008,0.014,0.0015,-0.0274,-0.2965
2722,2.722,-0.0311,0.0134,-0.0011,0.0047,0.0626,0.0921
2723,2.723,-0.0229,0.0151,-0.0427,-0.0006,0.0902,0.3041
2724,2.724,0.0044,0.0167,-0.0806,-0.009,0.115,0.3686
2725,2.725,0.0445,0.0042,-0.1383,-0.0013,0.1376,0.3111
2726,2.726,0.071,-0.0008,-0.1281,-0.0023,0.1175,0.2586
2727,2.727,0.0469,-0.0114,-0.0047,0.0041,0.3582,0.5947
2728,2.728,0.0071,-0.0183,0.046,0.005,0.3256,0.9005
2729,2.729,-0.0194,-0.012,0.0004,0.0013,0.1167,0.4635
2730,2.73,0.0049,-0.0041,0.0701,0.012,-0.0736,-0.0614
2731,2.731,0.0268,-0.001,0.1079,0.0165,-0.0988,-0.274
2732,2.732,0.015,-0.0001,0.1193,0.0178,-0.1215,-0.2112
2733,2.733,-0.0031,-0.0008,0.0462,0.0166,-0.142,-0.2702
2734,2.734,-0.0063,0.0062,0.0177,0.0222,-0.0867,-0.2182
2735,2.735,-0.015,0.0054,0.0265,0.0252,-0.2381,-0.3628
2736,2.736,-0.0176,0.0029,0.0499,0.0166,-0.4214,-0.9312
2737,2.737,-0.02,-0.0023,0.1565,-0.0005,-0.1995,-0.6996
2738,2.738,-0.0088,-0.0016,0.3857,0.0118,0.0098,-0.0655
2739,2.739,-0.0148,0.0027,0.2868,0.0184,0.0918,0.1914
2740,2.74,-0.0278,0.001,0.1972,0.0204,0.1167,0.2696
2741,2.741,-0.0194,0.0015,0.1158,-0.0001,0.1393,0.3402
2742,2.742,0.0037,0.0037,-0.0077,-0.0139,0.1193,0.2766
2743,2.743,0.0267,0.0084,-0.2545,-0.0263,0.1749,0.2186
2744,2.744,-0.0003,0.0127,-0.3531,-0.0198,0.4274,0.7996
2745,2.745,0.0105,0.0062,-0.4425,-0.0137,0.2472,0.7224
2746,2.746,0.0204,0.0054,-0.4154,-0.0118,0.0169,0.2294
2747,2.747,0.0177,0.0001,-0.3907,-0.0338,-0.0731,-0.2201
2748,2.748,0.0368,-0.0006,-0.3235,-0.0367,-0.1008,-0.2797
2749,2.749,0.0392,-0.0064,-0.1401,-0.0119,-0.1256,-0.2279
2750,2.75,0.0326,-0.0011,0.0325,-0.0021,-0.1482,-0.2766
2751,2.751,0.0183,-0.0032,0.1449,0.0008,-0.0874,-0.2334
2752,2.752,0.0089,-0.0002,0.125,0.009,-0.3651,-0.5908
2753,2.753,-0.0131,-0.0007,0.1436,0.0113,-0.3256,-0.9273
2754,2.754,-0.0219,0.0018,0.1268,0.0048,-0.1449,-0.4467
2755,2.755,-0.0139,0.0048,0.1114,0.0109,0.0858,0.1304
2756,2.756,-0.0117,0.0044,0.0695,0.0128,0.1162,0.2093
2757,2.757,-0.0052,-0.0007,0.0567,0.0111,0.1436,0.2803
2758,2.758,-0.0073,-0.0027,0.0447,0.0035,0.1195,0.3448
2759,2.759,-0.0054,-0.0085,0.0747,0.0075,0.0974,0.2872
2760,2.76,-0.0003,-0.0079,0.0828,0.0013,0.2398,0.3401
2761,2.761,-0.0049,-0.0143,0.0732,0.0069,0.4067,0.8686
2762,2.762,-0.0174,-0.0186,0.1589,0.0038,0.205,0.658
2763,2.763,-0.0292,-0.0071,0.1704,0.0029,-0.0396,0.0812
2764,2.764,-0.0185,0.0047,0.0974,0.0054,-0.0731,-0.1528
2765,2.765,-0.0033,0.0062,0.0877,-0.0046,-0.1033,-0.2243
2766,2.766,0.0028,-0.0008,0.1308,-0.0086,-0.1306,-0.2889
2767,2.767,-0.0028,-0.0071,0.0604,-0.0049,-0.1063,-0.3475
2768,2.768,-0.0146,0.0007,-0.0436,0.0029,-0.1735,-0.1897
2769,2.769,-0.007,0.0058,-0.0848,-0.0066,-0.4382,-0.8144
2770,2.77,-0.014,0.005,-0.1475,-0.0003,-0.258,-0.9
2771,2.771,-0.0202,-0.001,-0.0899,0.003,-0.0277,-0.2028
2772,2.772,-0.0032,0.0042,-0.0171,0.0083,0.1222,0.2671
2773,2.773,-0.0008,0.0049,-0.008,0.0076,0.0957,0.1834
2774,2.774,-0.003,0.0032,-0.0687,-0.0052,0.1205,0.2616
2775,2.775,0.0032,0.0072,-0.1079,-0.0144,0.1431,0.3325
2776,2.776,-0.0024,0.0067,-0.1152,-0.0024,0.0824,0.2688
2777,2.777,-0.004,0.0024,-0.07,-0.0192,0.3602,0.5595
2778,2.778,0.0129,-0.0052,-0.0407,-0.0214,0.3208,0.9295
2779,2.779,0.0332,-0.0022,-0.0354,0.0053,0.1401,0.4007
2780,2.78,0.0251,-0.0087,0.0082,0.0018,-0.0904,-0.0929
2781,2.781,0.0178,-0.0129,0.0489,0.0051,-0.1208,-0.1585
2782,2.782,0.0066,-0.0014,0.0114,0.008,-0.1482,-0.2176
2783,2.783,0.0087,0.0037,-0.052,0.0162,-0.124,-0.2711
2784,2.784,-0.0006,-0.0009,0.0599,0.0186,-0.1018,-0.2236
2785,2.785,-0.0057,0.0088,0.1668,0.0252,-0.2441,-0.3548
2786,2.786,-0.0195,0.0051,0.2921,0.0192,-0.4108,-0.9506
2787,2.787,-0.0251,0.0041,0.2419,0.0062,-0.2091,-0.6956
2788,2.788,-0.0064,0.0051,0.1043,0.0011,0.0355,0.002
2789,2.789,0.0209,0.0005,-0.0253,0.0026,0.1347,0.2845
2790,2.79,-0.0044,-0.0003,0.0587,0.0067,0.1054,0.2005
2791,2.791,-0.0178,0,0.0054,0.0089,0.1297,0.2809
2792,2.792,-0.0146,0.0038,-0.0714,-0.0101,0.1028,0.204
2793,2.793,-0.0175,-0.0027,-0.1134,-0.0348,0.1767,0.2745
2794,2.794,-0.0256,-0.0035,-0.1771,-0.0119,0.4233,0.7222
2795,2.795,-0.028,0.0002,-0.2583,-0.0091,0.2593,0.7806
2796,2.796,-0.0076,0.0009,-0.2277,-0.0064,0.05,0.1985
2797,2.797,0.0335,-0.0021,-0.1996,-0.0187,-0.0862,-0.19
2798,2.798,0.051,-0.0005,-0.1219,-0.0209,-0.1112,-0.2617
2799,2.799,0.0458,0.0073,-0.1531,-0.0067,-0.1339,-0.3264
2800,2.8,0.0506,-0.003,-0.1245,-0.0011,-0.1545,-0.3849
2801,2.801,0.0108,-0.0016,-0.0466,0.004,-0.0992,-0.3324
2802,2.802,-0.0051,0.0046,0.0896,-0.0066,-0.3516,-0.5728
2803,2.803,0.058,0.0102,0.1086,-0.0135,-0.388,-0.9663
2804,2.804,0.0666,0.0007,0.1256,-0.0146,-0.0922,-0.3849
2805,2.805,0.0275,-0.003,0.1715,-0.0043,0.1069,0.1584
2806,2.806,0.0061,-0.0062,0.185,-0.0002,0.0716,0.2303
2807,2.807,-0.0133,0.0053,0.349,0.001,0.1047,0.2951
2808,2.808,-0.0307,0.0068,0.4162,0.0042,0.1348,0.3538
2809,2.809,-0.0255,0.0081,0.233,0.0156,0.0537,0.3015
2810,2.81,-0.0207,0.0018,0.0114,0.0232,0.2261,0.3499
2811,2.811,-0.0339,0.0074,-0.1373,0.0357,0.4278,0.9179
2812,2.812,-0.0377,0.0001,-0.0558,0.0339,0.2381,0.6861
2813,2.813,-0.0196,-0.0045,0.0676,0.0139,-0.0336,0.0519
2814,2.814,-0.0227,-0.002,-0.0441,-0.0053,-0.0704,-0.205
2815,2.815,-0.0256,-0.0058,-0.1454,0.0171,-0.1036,-0.2835
2816,2.816,-0.0283,-0.0009,-0.1636,0.0082,-0.1338,-0.214
2817,2.817,-0.016,0.0086,-0.2141,0.0001,-0.107,-0.2785
2818,2.818,-0.0004,0.0045,-0.2295,-0.0072,-0.1316,-0.2209
2819,2.819,0.0016,0.0056,-0.021,-0.0275,-0.4231,-0.8021
2820,2.82,0.0296,0.0046,0.0683,-0.0413,-0.3044,-0.8799
2821,2.821,0.0178,-0.0049,0.1496,-0.029,-0.0514,-0.2462
2822,2.822,-0.0002,-0.0037,0.0761,-0.0224,0.1135,0.1814
2823,2.823,-0.0034,-0.0069,-0.0352,-0.0326,0.0842,0.2601
2824,2.824,-0.0006,-0.0079,-0.055,-0.0159,0.1657,0.3312
2825,2.825,0.0185,-0.0052,-0.073,-0.0048,0.1414,0.268
2826,2.826,0.0113,-0.0078,-0.0224,0.0012,0.1191,0.2105
2827,2.827,0.0047,-0.0071,-0.0071,0.0068,0.3429,0.5803
2828,2.828,-0.0014,-0.0091,0.09,0.0152,0.3729,0.917
2829,2.829,-0.007,-0.0061,0.1783,0.0105,0.1286,0.4364
2830,2.83,-0.0087,-0.0113,0.1668,0.0092,-0.1019,-0.0128
2831,2.831,-0.0163,-0.0107,0.115,0.0004,-0.0728,-0.1886
2832,2.832,-0.0149,-0.0065,0.0491,-0.0007,-0.1544,-0.2423
2833,2.833,-0.0185,0.0023,-0.0625,0.0151,-0.1301,-0.2909
2834,2.834,-0.0218,0.006,-0.1996,0.0172,-0.1079,-0.2475
2835,2.835,-0.0249,-0.0066,-0.2172,0.007,-0.2503,-0.3667
2836,2.836,-0.0128,-0.015,-0.0314,0.0088,-0.4171,-0.908
2837,2.837,-0.0078,-0.0044,0.0921,0.0138,-0.2154,-0.6762
2838,2.838,-0.0094,0.0052,0.0697,0.0122,0.0293,-0.0419
2839,2.839,0.0114,0.004,0.0491,0.0081,0.1285,0.2153
2840,2.84,0.0384,0.0072,0.0303,0.0042,0.0991,0.2939
2841,2.841,0.0565,0.0019,-0.0201,0.0052,0.1265,0.2244
2842,2.842,0.0335,0.001,0.0872,0.0124,0.1021,0.2889
2843,2.843,0.0064,0.0035,0.046,0.0021,0.1694,0.2311
2844,2.844,-0.0044,0.0012,0.034,0.0007,0.4341,0.8124
2845,2.845,-0.0142,0.0019,-0.0459,-0.0107,0.2539,0.7355
2846,2.846,-0.0054,0.0048,-0.1182,-0.0153,0.0236,0.2428
2847,2.847,0.0027,-0.0028,0.0244,-0.0139,-0.0664,-0.2064
2848,2.848,-0.0046,0.0002,0.0857,-0.015,-0.0941,-0.2657
2849,2.849,-0.0024,-0.0007,0.0309,-0.0118,-0.1189,-0.3192
2850,2.85,-0.0045,0.0052,-0.0526,-0.0065,-0.1415,-0.2717
2851,2.851,0.0012,0.0104,-0.0978,-0.0056,-0.0808,-0.2283
2852,2.852,0.0029,0.0025,0.0559,-0.0115,-0.3586,-0.5857
2853,2.853,0.0198,-0.0048,0.1987,-0.0063,-0.3983,-0.9222
2854,2.854,0.0401,0.0036,0.2917,0.0044,-0.1455,-0.4415
2855,2.855,0.0265,0.0114,0.1743,0.012,0.0851,0.1358
2856,2.856,0.0041,0.0041,-0.0242,0.0217,0.1155,0.2149
2857,2.857,-0.0169,0.0086,-0.0509,0.0155,0.1429,0.2861
2858,2.858,-0.0307,0.0112,-0.1245,0.0123,0.1186,0.2229
2859,2.859,-0.0284,0.0105,-0.2366,0.0093,0.0965,0.2815
2860,2.86,-0.0219,0.0069,-0.1351,0.0084,0.2388,0.3345
2861,2.861,-0.028,0.0111,-0.117,0.0144,0.4056,0.8632
2862,2.862,-0.0186,0.007,-0.1005,0.003,0.2039,0.6529
2863,2.863,0.0068,0.0023,-0.1462,-0.019,-0.0408,0.0764
2864,2.864,0.0397,0.0065,-0.0487,-0.0218,-0.0743,-0.1573
2865,2.865,0.0265,-0.0024,0.1156,-0.0081,-0.1045,-0.2286
2866,2.866,0.0147,-0.0061,0.1376,-0.0056,-0.132,-0.2933
2867,2.867,0.0039,-0.0051,0.0356,-0.0078,-0.1078,-0.2358
2868,2.868,-0.0059,-0.0062,-0.0202,-0.0057,-0.1303,-0.1833
2869,2.869,-0.0267,-0.0089,-0.071,0.0036,-0.4355,-0.808
2870,2.87,-0.0404,-0.0064,-0.1477,0.0121,-0.3049,-0.8936
2871,2.871,-0.0031,-0.007,-0.2174,0.0015,-0.0266,-0.1965
2872,2.872,0.0556,-0.0091,-0.1544,-0.0081,0.0822,0.086
2873,2.873,0.0323,-0.0121,-0.0052,0.0007,0.1154,0.1724
2874,2.874,-0.0031,-0.0138,0.096,0.0133,0.1454,0.2504
2875,2.875,0.0033,-0.0173,0.2249,0.015,0.1186,0.3213
2876,2.876,0.0208,-0.0103,0.3082,0.0075,0.0941,0.2577
2877,2.877,0.0156,-0.0092,0.2615,-0.0133,0.3405,0.5482
2878,2.878,-0.0182,-0.0027,0.1357,-0.0161,0.3734,0.9181
2879,2.879,-0.0226,0.0033,0.0174,-0.0133,0.1045,0.4856
2880,2.88,-0.0343,0.0055,-0.0903,0.004,-0.0767,-0.0391
2881,2.881,-0.0234,0.0105,-0.1324,0.0062,-0.1103,-0.2515
2882,2.882,0.0131,0.0089,-0.2213,0.0204,-0.1406,-0.3164
2883,2.883,0.0179,0.0049,-0.2336,0.0074,-0.1139,-0.2592
2884,2.884,0.0223,0.0015,-0.078,0.0023,-0.0897,-0.2071
2885,2.885,0.0185,0.0058,0.1676,0.0163,-0.2467,-0.3516
2886,2.886,0.022,0.01,0.331,0.0219,-0.4301,-0.9199
2887,2.887,0.0123,0.0023,0.3603,0.0236,-0.2084,-0.6882
2888,2.888,-0.0025,-0.0008,0.1702,0.0068,0.0606,-0.054
2889,2.889,-0.0216,0.0023,-0.0027,-0.0087,0.0973,0.2029
2890,2.89,-0.0192,0.007,-0.1599,-0.0189,0.1305,0.2814
2891,2.891,-0.0126,0.0166,-0.3027,-0.0244,0.1009,0.3523
2892,2.892,-0.0175,0.0176,-0.3465,-0.0229,0.1041,0.2718
2893,2.893,-0.0195,0.0063,-0.2917,-0.0077,0.1311,0.208
2894,2.894,0.0009,0.014,-0.2084,-0.0138,0.4021,0.731
2895,2.895,0.02,0.0045,0.0202,-0.0306,0.2941,0.8015
2896,2.896,0.0176,0.0034,-0.0135,-0.024,0.0637,0.2252
2897,2.897,0.0242,-0.0043,-0.0441,-0.018,-0.0861,-0.1634
2898,2.898,0.0017,-0.0095,-0.0177,-0.0124,-0.1138,-0.2351
2899,2.899,-0.0253,-0.003,0.0061,0.0028,-0.1387,-0.3
2900,2.9,-0.0434,-0.0004,-0.017,0.0169,-0.1166,-0.2428
2901,2.901,-0.0336,-0.001,0.1246,0.0113,-0.1372,-0.1903
2902,2.902,-0.0065,0.0026,0.1793,0.013,-0.415,-0.5268
2903,2.903,-0.0101,-0.0031,0.1621,0.0084,-0.3757,-0.9203
2904,2.904,0.0262,-0.0052,0.0545,0.0043,-0.1231,-0.4447
2905,2.905,0.0406,-0.0145,0.0678,0.0031,0.1074,0.1324
2906,2.906,0.0274,-0.0132,0.2059,0.0135,0.1378,0.2113
2907,2.907,0.0074,-0.0076,0.2606,0.0122,0.1111,0.2825
2908,2.908,-0.018,-0.0045,0.1086,0.0085,0.1359,0.347
2909,2.909,-0.0278,-0.0018,0.0066,-0.0018,0.1137,0.1732
2910,2.91,-0.0428,0.006,-0.1604,-0.0058,0.2559,0.2263
2911,2.911,-0.0402,0.005,-0.2724,-0.0047,0.4227,0.8511
2912,2.912,-0.018,0.0115,-0.2115,-0.0102,0.221,0.596
2913,2.913,-0.0092,0.0106,-0.0821,-0.0155,-0.0237,0.0531
2914,2.914,0.0044,0.01,0.0351,-0.0164,-0.0572,-0.1594
2915,2.915,0.0416,0.0135,0.0805,-0.0105,-0.0875,-0.2245
2916,2.916,0.0468,0.014,0.0664,-0.0112,-0.1149,-0.2832
2917,2.917,0.0226,0.0052,0.0787,-0.0063,-0.1396,-0.2309
2918,2.918,0.0093,-0.0061,0.0669,0.0031,-0.1174,-0.183
2919,2.919,0.0132,-0.0137,0.0772,0.0101,-0.4227,-0.7509
2920,2.92,0.0024,-0.0151,0.0679,0.0012,-0.2919,-0.8286
2921,2.921,-0.0141,-0.0089,0.0596,-0.002,-0.0136,-0.1948
2922,2.922,-0.0112,-0.0099,0.0678,0.0011,0.0952,0.2327
2923,2.923,-0.0031,-0.0069,0.1466,0.0114,0.0629,0.1569
2924,2.924,0.004,-0.0173,0.2202,0.0155,0.1525,0.228
2925,2.925,0.0105,-0.0214,0.1544,0.0167,0.1258,0.2926
2926,2.926,0.0125,-0.0203,0.0428,0.0177,0.1014,0.2351
2927,2.927,-0.0118,-0.0171,-0.0024,0.0167,0.3479,0.4995
2928,2.928,-0.0217,-0.0119,0.0122,0.0175,0.381,0.9323
2929,2.929,-0.0367,0.0021,-0.0757,0.02,0.1122,0.4092
2930,2.93,-0.0505,0.0041,-0.087,0.0163,-0.0689,-0.0843
2931,2.931,-0.0183,-0.0053,-0.0142,0.0085,-0.1023,-0.1497
2932,2.932,0.0214,-0.007,-0.0238,-0.0052,-0.1324,-0.2086
2933,2.933,0.0373,-0.0086,-0.1016,-0.0182,-0.1597,-0.262
2934,2.934,0.023,0.001,-0.1118,-0.0233,-0.0861,-0.2143
2935,2.935,0.001,0.0022,-0.1397,-0.0157,-0.2429,-0.3453
2936,2.936,-0.0029,-0.0035,-0.0612,-0.0197,-0.4262,-0.9408
2937,2.937,0.0152,-0.0025,-0.05,-0.0235,-0.2043,-0.6858
2938,2.938,0.0184,0.0001,-0.1726,-0.0132,0.0051,-0.143
2939,2.939,0.0333,0.0078,-0.0544,0.002,0.0871,0.2103
2940,2.94,0.0306,0.0088,0.0529,0.0081,0.1121,0.2755
2941,2.941,0.0282,0.0114,0.0947,0.0099,0.1349,0.3344
2942,2.942,0.0079,0.0054,0.0824,0.015,0.1148,0.2822
2943,2.943,-0.0058,0.006,0.1631,0.0195,0.1335,0.2344
2944,2.944,-0.0082,-0.0005,0.1113,0.0154,0.386,0.7149
2945,2.945,-0.0148,0.0053,-0.0305,0.0166,0.2781,0.7793
2946,2.946,-0.0249,0.0059,0.0309,0.0063,0.048,0.2555
2947,2.947,-0.0194,0.0135,0.0499,-0.0033,-0.1017,-0.0978
2948,2.948,-0.0245,0.0124,0.0336,0.0055,-0.1292,-0.1631
2949,2.949,-0.0169,0.0096,-0.012,0.0087,-0.1049,-0.3381
2950,2.95,0.0039,0.0137,-0.0258,0.0015,-0.1273,-0.2859
2951,2.951,0.0247,0.0021,-0.0634,0.0118,-0.107,-0.238
2952,2.952,0.0165,-0.0031,0.0406,-0.0063,-0.3477,-0.5438
2953,2.953,-0.0007,-0.0047,0.0828,-0.0286,-0.3806,-0.9014
2954,2.954,-0.0162,0.0049,0.1211,-0.0315,-0.1117,-0.4687
2955,2.955,-0.0345,-0.0014,-0.028,-0.0397,0.0695,0.0561
2956,2.956,-0.0271,-0.0005,-0.1291,-0.0173,0.1032,0.2687
2957,2.957,0.0067,0.0004,-0.2211,-0.0085,0.1335,0.2056
2958,2.958,0.0309,-0.0005,-0.2036,-0.0058,0.161,0.2644
2959,2.959,0.0353,0.0019,-0.2796,-0.0034,0.0875,0.2121
2960,2.96,0.0153,-0.0003,-0.1264,0.0032,0.2446,0.3563
2961,2.961,0.0118,0.0003,0.0567,-0.0029,0.4281,0.9242
2962,2.962,0.0216,-0.008,0.2782,0.0101,0.2064,0.6923
2963,2.963,0.0067,-0.0048,0.248,-0.0119,-0.0028,0.0579
2964,2.964,-0.0069,-0.0039,0.1664,0.003,-0.0846,-0.1991
2965,2.965,-0.0093,-0.0047,0.1416,0.0167,-0.1095,-0.2776
2966,2.966,-0.007,-0.0039,0.0743,0.0239,-0.132,-0.3486
2967,2.967,-0.0294,-0.0046,-0.0679,0.0127,-0.1118,-0.2852
2968,2.968,-0.0564,0.0018,-0.1974,0.0066,-0.1302,-0.2274
2969,2.969,-0.0234,0.0077,-0.2478,-0.0027,-0.3826,-0.8086
2970,2.97,0.0075,0.0176,-0.2323,0.0024,-0.2746,-0.8865
2971,2.971,0.0436,0.0189,-0.1901,-0.0176,-0.0442,-0.2528
2972,2.972,0.0388,0.0075,-0.1014,-0.0203,0.1056,0.1746
2973,2.973,0.0256,-0.0001,0.0483,-0.008,0.0792,0.2532
2974,2.974,0.0057,0.0013,0.0685,0.0076,0.104,0.324
2975,2.975,0.0022,0.0025,0.0128,0.0016,0.1267,0.2605
2976,2.976,0.0055,0.0015,-0.0718,-0.0076,0.1065,0.2026
2977,2.977,0.0026,-0.0015,0.0652,0.0043,0.3473,0.5722
2978,2.978,-0.0002,-0.006,0.1199,0.0119,0.3803,0.9087
2979,2.979,0.0021,-0.0034,0.203,0.0133,0.1116,0.4281
2980,2.98,-0.009,-0.0026,0.2475,0.0045,-0.0695,-0.0212
2981,2.981,-0.0232,-0.0119,0.2045,-0.0011,-0.103,-0.1971
2982,2.982,-0.0325,-0.0081,0.0138,-0.0063,-0.1331,-0.2508
2983,2.983,-0.0307,-0.0048,-0.1228,-0.0018,-0.1605,-0.2997
2984,2.984,-0.023,-0.0017,-0.1483,0.0094,-0.0869,-0.2567
2985,2.985,-0.0105,-0.0007,-0.1265,0.0109,-0.2438,-0.2967
2986,2.986,-0.0054,-0.0066,-0.0254,0.0122,-0.4272,-0.8382
2987,2.987,-0.0069,-0.0087,0.0297,0.0034,-0.2055,-0.6065
2988,2.988,0.0001,-0.0021,0.0461,-0.0022,0.0038,-0.1133
2989,2.989,0.0014,0.0039,-0.0003,0.0031,0.0857,0.208
2990,2.99,0.0005,0.0003,-0.0149,0.0004,0.1106,0.2673
2991,2.991,-0.0066,0.0069,-0.0032,-0.0004,0.1332,0.3208
2992,2.992,-0.0021,0.0129,0.0076,-0.001,0.1131,0.2732
2993,2.993,0.0231,0.0123,0.0498,-0.013,0.151,0.2177
2994,2.994,0.0326,0.0071,0.0802,-0.0137,0.3917,0.7857
2995,2.995,0.0338,0.0092,0.032,-0.012,0.2933,0.8633
2996,2.996,0.0167,0.0062,0.0396,-0.0032,0.0243,0.2295
2997,2.997,0.0044,-0.0025,0.156,0.0132,-0.0845,-0.198
2998,2.998,0.0022,0.0063,0.2391,0.0154,-0.1179,-0.2767
2999,2.999,0.0164,-0.004,0.1311,0.0175,-0.1481,-0.3476
3000,3,0.0071,-0.0026,-0.0228,0.0083,-0.1213,-0.2843
3001,3.001,-0.0082,-0.0088,-0.1662,0.0168,-0.097,-0.2268
3002,3.002,-0.0267,-0.0031,-0.1857,0.0183,-0.3436,-0.5967
3003,3.003,-0.039,-0.0021,-0.17,0.0114,-0.3767,-1.0294
3004,3.004,-0.0324,0.0043,-0.1862,-0.0076,-0.1679,-0.5062
3005,3.005,-0.0099,0.0122,-0.1455,-0.0323,0.0767,0.1284
3006,3.006,-0.0011,0.0069,-0.2097,-0.0158,0.1101,0.215
3007,3.007,0.0126,0.0005,-0.1763,-0.007,0.1401,0.2932
3008,3.008,0.0349,-0.002,-0.0837,-0.0097,0.1131,0.364
3009,3.009,0.0201,-0.0056,0.1046,-0.0024,0.0886,0.3005
3010,3.01,0.0174,-0.0063,0.1305,0.0043,0.2453,0.3586
3011,3.011,0.0101,-0.008,0.2034,0.0023,0.4285,0.9397
3012,3.012,0.0079,-0.0039,0.3147,0.0116,0.2065,0.7079
3013,3.013,0.0263,-0.0064,0.1719,0.0066,-0.0029,0.0737
3014,3.014,0.004,-0.0033,0.0417,-0.001,-0.085,-0.1834
3015,3.015,-0.0231,-0.0045,-0.1442,0.0031,-0.1594,-0.262
3016,3.016,-0.0485,-0.0055,-0.1206,0.0094,-0.1375,-0.3331
3017,3.017,-0.0584,-0.0002,-0.0992,0.0126,-0.1176,-0.2698
3018,3.018,-0.0193,0.0068,-0.2836,0.0054,-0.1364,-0.2122
3019,3.019,0.0179,0.0114,-0.4079,-0.0087,-0.389,-0.7933
3020,3.02,0.0517,0.0107,-0.2522,-0.0148,-0.2812,-0.8712
3021,3.021,0.021,0.0023,-0.111,0.0131,-0.051,-0.2375
3022,3.022,-0.039,-0.0054,0.0919,-0.0069,0.0986,0.19
3023,3.023,-0.013,-0.0211,0.1724,-0.0615,0.1261,0.2688
3024,3.024,0.0261,-0.0233,0.2454,-0.0537,0.1507,0.3399
3025,3.025,0.0474,-0.009,0.1775,-0.0039,0.1284,0.2767
3026,3.026,0.041,-0.0034,0.1972,0.0154,0.1081,0.2191
3027,3.027,0.0235,-0.0119,0.2891,0.0212,0.3487,0.4832
3028,3.028,-0.0138,-0.0073,0.3391,0.0159,0.3815,0.9161
3029,3.029,-0.0283,0.0079,0.3542,-0.0082,0.1126,0.393
3030,3.03,-0.024,0.014,0.1731,-0.0126,-0.0687,-0.1007
3031,3.031,-0.0041,0.001,0.0496,-0.0008,-0.1023,-0.1662
3032,3.032,0.014,-0.0074,-0.063,0.0027,-0.1326,-0.2251
3033,3.033,0.0237,-0.0089,-0.3283,0.0059,-0.106,-0.2787
3034,3.034,-0.0034,0.0007,-0.2928,0.0087,-0.0818,-0.2312
3035,3.035,-0.0214,0.0019,-0.2604,0.0059,-0.2388,-0.3624
3036,3.036,-0.0512,-0.0059,-0.2308,-0.0065,-0.4222,-0.958
3037,3.037,-0.0551,-0.0153,-0.0953,-0.0043,-0.2005,-0.7031
3038,3.038,-0.0442,-0.0065,0.0769,0.0057,0.0087,-0.1603
3039,3.039,-0.0145,0.006,0.1437,0.0038,0.0905,0.1928
3040,3.04,0.0216,0.0111,0.0823,0.0122,0.1154,0.2579
3041,3.041,0.0263,0.0065,0.0265,0.0198,0.138,0.3165
3042,3.042,0.0131,0.0105,0.0429,0.0128,0.1179,0.2643
3043,3.043,0.0092,0.0193,0.0276,0.0116,0.1364,0.2166
3044,3.044,-0.0161,0.0225,0.0415,0.0037,0.3552,0.7845
3045,3.045,-0.039,0.0195,0.0543,-0.0121,0.266,0.8621
3046,3.046,0.006,0.011,-0.003,-0.0188,0.0215,0.2284
3047,3.047,0.0253,0.012,-0.0341,-0.0209,-0.0777,-0.199
3048,3.048,0.0546,0.0025,-0.0242,-0.0228,-0.108,-0.2778
3049,3.049,0.0494,0.0061,0.0716,-0.011,-0.1354,-0.2084
3050,3.05,0.0349,-0.0017,0.0346,0.0059,-0.111,-0.2731
3051,3.051,0.0129,0.0054,0.0237,0.0125,-0.0887,-0.2155
3052,3.052,-0.0233,0.0008,0.0138,-0.0018,-0.3125,-0.5853
3053,3.053,-0.0187,0.0033,0.005,-0.0036,-0.4019,-0.922
3054,3.054,-0.0057,-0.002,-0.0202,0.0014,-0.1035,-0.4415
3055,3.055,-0.0019,-0.004,-0.012,0.006,0.0957,0.1356
3056,3.056,-0.0055,-0.0045,0.0525,0.0019,0.1325,0.2146
3057,3.057,-0.0087,-0.0051,0.0612,0.0056,0.1658,0.2859
3058,3.058,0.0001,-0.0004,0.0535,0.0066,0.1365,0.3505
3059,3.059,0.0082,0.0027,-0.053,0.0118,0.1097,0.293
3060,3.06,0.0105,-0.005,-0.068,0.0072,0.233,0.3461
3061,3.061,0.0039,-0.0039,-0.026,-0.0005,0.3902,0.8747
3062,3.062,-0.0063,-0.0085,0.0122,-0.01,0.207,0.6642
3063,3.063,-0.0008,-0.0094,0.0242,-0.0037,-0.0152,0.0876
3064,3.064,-0.0059,-0.0072,0.0552,0.0133,-0.105,-0.1462
3065,3.065,-0.0105,-0.0166,0.0076,0.0109,-0.1323,-0.2176
3066,3.066,-0.0119,-0.0129,0.0679,0.0043,-0.1079,-0.2823
3067,3.067,-0.0006,-0.0119,0.0446,0.0104,-0.1303,-0.3409
3068,3.068,-0.0021,-0.0192,-0.0049,0.0047,-0.1506,-0.1829
3069,3.069,-0.0202,-0.0164,0.0278,0.003,-0.4283,-0.8076
3070,3.07,-0.0273,-0.007,-0.0365,-0.0077,-0.3093,-0.8932
3071,3.071,-0.025,-0.0058,-0.0272,-0.0147,-0.0562,-0.3509
3072,3.072,-0.0189,-0.0048,0.0907,-0.0136,0.1088,0.1429
3073,3.073,0.0015,-0.0018,0.0745,-0.0168,0.1394,0.2084
3074,3.074,0.0095,0.0085,-0.0015,-0.0138,0.1128,0.2675
3075,3.075,0.0267,0.0045,-0.0427,-0.0112,0.1378,0.3211
3076,3.076,0.056,0.0107,-0.131,-0.0017,0.1158,0.1774
3077,3.077,0.0522,0.0139,-0.1887,0.0072,0.3398,0.4833
3078,3.078,0.0121,0.0002,-0.1161,0.0063,0.3699,0.9203
3079,3.079,0.0068,-0.0054,0.0069,0.0116,0.1258,0.5137
3080,3.08,0.002,-0.0003,0.158,0.0143,-0.0388,-0.0689
3081,3.081,-0.0024,0.0043,0.0153,0.0151,-0.0692,-0.1478
3082,3.082,-0.0223,0.0084,-0.078,0.0158,-0.1506,-0.2189
3083,3.083,-0.0259,0.0096,-0.1292,0.0123,-0.1261,-0.2834
3084,3.084,-0.0161,0.0106,-0.2067,0.0181,-0.1038,-0.2257
3085,3.085,-0.0249,0.0096,-0.1382,0.0144,-0.2459,-0.2785
3086,3.086,-0.0003,0.0069,-0.0255,0.0038,-0.4126,-0.9031
3087,3.087,0.016,0.0026,0.2032,-0.0131,-0.2108,-0.6481
3088,3.088,0.0071,0.0019,0.1696,-0.0065,0.034,-0.1051
3089,3.089,0.0153,0.0097,0.0796,-0.0045,0.0677,0.2483
3090,3.09,0.003,0.0045,0.0518,-0.0138,0.0981,0.1856
3091,3.091,-0.0217,0.0018,-0.0721,-0.0053,0.1256,0.2445
3092,3.092,-0.038,0.0009,-0.0951,0.0054,0.1013,0.2978
3093,3.093,-0.0292,-0.0013,-0.1567,0.0095,0.1239,0.2503
3094,3.094,0.001,0.0054,-0.1432,0.0156,0.4113,0.7378
3095,3.095,-0.0236,0.0074,-0.0144,0.0043,0.3098,0.782
3096,3.096,-0.0204,0.0079,-0.1667,-0.0187,0.0316,0.2654
3097,3.097,0.0187,0.0131,-0.3508,-0.0155,-0.088,-0.2283
3098,3.098,0.024,0.0237,-0.2781,-0.0067,-0.1245,-0.1656
3099,3.099,0.0384,0.0222,-0.1671,-0.0094,-0.1575,-0.2245
3100,3.1,0.0516,0.004,-0.1477,-0.0217,-0.1279,-0.2776
3101,3.101,0.0635,-0.0084,-0.1304,-0.0151,-0.1009,-0.2297
3102,3.102,0.0453,-0.0106,-0.0812,-0.0172,-0.3226,-0.5354
3103,3.103,0.0155,-0.0291,0.0859,-0.0228,-0.3525,-0.9722
3104,3.104,-0.0045,-0.0268,0.1966,-0.0177,-0.1083,-0.4489
3105,3.105,-0.0154,-0.0113,0.3787,-0.0008,0.0566,0.0449
3106,3.106,-0.0318,-0.0093,0.3531,0.0013,0.087,0.2385
3107,3.107,-0.0169,-0.0112,0.2399,-0.0007,0.1145,0.2977
3108,3.108,0.0079,-0.0164,0.2586,-0.0138,0.1393,0.2456
3109,3.109,-0.002,-0.0149,0.1645,0.0014,0.0723,0.2943
3110,3.11,0.0009,-0.0024,0.0454,0.0035,0.2556,0.3384
3111,3.111,0.0091,0.006,0.0289,0.009,0.3788,0.8548
3112,3.112,-0.028,0.0044,0.2363,0.0141,0.1771,0.6444
3113,3.113,-0.0332,0.0085,0.1462,0.0248,-0.0676,0.0677
3114,3.114,-0.0285,0.0047,0.0103,0.0123,-0.1012,-0.166
3115,3.115,-0.0242,-0.0057,-0.113,0.014,-0.0719,-0.2372
3116,3.116,-0.0361,-0.0044,-0.2256,0.0216,-0.0994,-0.3018
3117,3.117,-0.0398,-0.0158,-0.2872,0.0312,-0.0752,-0.2442
3118,3.118,-0.043,-0.0082,-0.2698,0.0224,-0.1425,-0.1916
3119,3.119,-0.0222,0.0014,-0.2542,0.0052,-0.4072,-0.72
3120,3.12,0.0188,0.0051,-0.0563,-0.0121,-0.2994,-0.7906
3121,3.121,0.0598,0.0062,0.0239,-0.01,-0.0692,-0.3423
3122,3.122,0.0545,0.0052,0.0477,0.0001,0.0806,0.0663
3123,3.123,0.0303,-0.0013,0.0249,0.0019,0.1082,0.1206
3124,3.124,-0.0005,0.003,0.1668,-0.0065,0.1329,0.2657
3125,3.125,-0.0123,-0.0023,0.2591,-0.0172,0.1555,0.3101
3126,3.126,0.0059,-0.0058,0.2086,-0.0379,0.0947,0.1917
3127,3.127,0.0091,0.0011,0.132,-0.0291,0.3354,0.5168
3128,3.128,0.0062,0.002,0.0345,0.0066,0.3683,0.9104
3129,3.129,-0.0241,-0.004,-0.0286,0.0113,0.1593,0.541
3130,3.13,-0.036,-0.0033,0.0062,0.0158,-0.0854,0.0112
3131,3.131,-0.0032,0.0016,-0.0038,-0.0042,-0.1189,-0.201
3132,3.132,0.0187,0.0047,-0.0322,-0.015,-0.1491,-0.2656
3133,3.133,0.0305,-0.0029,0.0628,-0.0118,-0.1225,-0.3242
3134,3.134,0.034,-0.0019,0.0751,-0.003,-0.0983,-0.2718
3135,3.135,0.0308,0.0084,-0.0058,0.0107,-0.2104,-0.3199
3136,3.136,0.0159,0.0125,0.0251,0.018,-0.4345,-0.8878
3137,3.137,-0.0142,0.0062,0.0156,0.0113,-0.226,-0.6559
3138,3.138,-0.026,0.0006,0.0074,0.0092,0.0186,-0.0215
3139,3.139,-0.0224,0.0079,-0.031,0.0148,0.1177,0.2356
3140,3.14,0.0007,0.0201,-0.1086,-0.0106,0.1479,0.3143
3141,3.141,-0.0081,0.0082,-0.1182,-0.0142,0.121,0.2448
3142,3.142,-0.0381,0.0006,-0.108,-0.011,0.0966,0.3093
3143,3.143,-0.0343,0.0019,-0.0467,-0.0139,0.1638,0.2516
3144,3.144,-0.0015,0.0031,-0.0226,-0.0166,0.4284,0.7273
3145,3.145,0.0292,-0.0002,-0.0007,-0.0042,0.3204,0.7917
3146,3.146,0.0252,-0.0012,-0.0065,0.0024,0.0245,0.2681
3147,3.147,0.0143,0.0034,-0.0117,0.0004,-0.0953,-0.0851
3148,3.148,0.0045,-0.0025,0.0261,0.0134,-0.1318,-0.2783
3149,3.149,0.0074,0.0027,0.0897,0.0117,-0.0994,-0.337
3150,3.15,0.0048,0.0034,0.0646,0.0193,-0.1294,-0.2848
3151,3.151,-0.0024,0.0017,0.0889,0.0233,-0.1024,-0.2371
3152,3.152,0.0043,-0.0024,0.0973,0.0244,-0.3242,-0.5428
3153,3.153,0.0063,0.0034,0.0146,0.0119,-0.3542,-0.9004
3154,3.154,-0.0143,-0.0081,-0.0872,0.0068,-0.1099,-0.4679
3155,3.155,-0.017,-0.0098,0.0952,-0.0008,0.055,0.0567
3156,3.156,-0.0147,-0.0083,0.2691,-0.0021,0.0856,0.269
3157,3.157,-0.0036,-0.0013,0.2032,-0.0009,0.1131,0.2061
3158,3.158,-0.0097,0.0075,0.021,-0.0086,0.138,0.2649
3159,3.159,-0.0302,-0.0028,-0.0518,-0.0096,0.1159,0.2126
3160,3.16,-0.0275,-0.0041,-0.0735,-0.0235,0.2177,0.357
3161,3.161,-0.0052,0.0022,-0.2565,-0.0255,0.4216,0.925
3162,3.162,0.0218,0.01,-0.3796,-0.0162,0.2319,0.6932
3163,3.163,0.0472,0.0048,-0.4464,-0.0111,-0.0397,0.0591
3164,3.164,0.057,0.0041,-0.1409,-0.0003,-0.0764,-0.1978
3165,3.165,0.0363,0.0016,0.0779,0.0149,-0.1095,-0.2762
3166,3.166,0.0172,-0.0036,0.1971,0.021,-0.1394,-0.3471
3167,3.167,-0.0052,-0.0071,0.2335,0.0229,-0.1125,-0.2837
3168,3.168,-0.008,-0.0053,0.201,0.028,-0.137,-0.2258
3169,3.169,-0.0107,-0.0128,0.1119,0.0141,-0.4283,-0.7014
3170,3.17,-0.0034,-0.0117,-0.0233,-0.0064,-0.3094,-0.8936
3171,3.171,-0.0011,0.0006,-0.0474,-0.0145,-0.0564,-0.2536
3172,3.172,-0.003,0.0024,-0.159,-0.0418,0.1085,0.1737
3173,3.173,-0.0308,0.004,-0.1788,-0.0165,0.0793,0.2523
3174,3.174,-0.0189,0.0001,-0.2711,-0.0197,0.1068,0.3233
3175,3.175,-0.0008,-0.0035,-0.1534,-0.0049,0.1317,0.2601
3176,3.176,0.0355,-0.0024,-0.0156,0.0032,0.1096,0.2025
3177,3.177,0.0597,-0.0033,-0.0712,-0.0042,0.3335,0.4667
3178,3.178,0.0201,-0.0041,-0.088,-0.029,0.3635,0.8995
3179,3.179,-0.0171,0.0019,-0.0117,-0.0126,0.1193,0.4928
3180,3.18,-0.0217,0.0014,0.0577,0.0023,-0.0455,-0.0895
3181,3.181,-0.0261,-0.0006,0.0957,0.0105,-0.0758,-0.1682
3182,3.182,-0.0222,-0.0022,0.2224,0.0081,-0.1032,-0.2394
3183,3.183,-0.0113,-0.005,0.3402,0.0103,-0.128,-0.304
3184,3.184,-0.0145,0.0008,0.2333,0.0124,-0.1057,-0.2465
3185,3.185,-0.0174,0.0031,0.1362,0.0291,-0.2075,-0.2995
3186,3.186,-0.0311,0.0109,-0.0027,0.027,-0.4112,-0.9242
3187,3.187,-0.0239,0.0079,-0.1324,-0.0036,-0.2215,-0.6692
3188,3.188,-0.0262,0.0034,-0.2501,-0.008,0.001,-0.1266
3189,3.189,-0.0283,0.0129,-0.2043,-0.004,0.091,0.2267
3190,3.19,-0.019,0.0092,-0.1903,-0.0005,0.1186,0.2919
3191,3.191,0.0064,0.0082,-0.2533,-0.0103,0.1435,0.3505
3192,3.192,0.0537,0.0071,-0.0808,-0.0132,0.1214,0.2982
3193,3.193,0.073,0.0063,0.0914,-0.0105,0.1418,0.2505
3194,3.194,0.0555,0.0021,0.1584,-0.0032,0.4197,0.7308
3195,3.195,0.0245,-0.0029,0.0862,-0.0038,0.2974,0.8288
3196,3.196,0.0087,-0.0035,0.0654,0.0073,0.0192,0.2526
3197,3.197,-0.0057,-0.0056,0.1573,0.0093,-0.0897,-0.1362
3198,3.198,-0.0364,-0.0039,0.0727,0.0186,-0.1231,-0.2079
3199,3.199,-0.0483,-0.0023,-0.0653,0.0135,-0.1531,-0.273
3200,3.2,-0.0302,-0.007,-0.1579,0.012,-0.1263,-0.3319
3201,3.201,0.0194,-0.0054,-0.2757,0.0023,-0.102,-0.1742
3202,3.202,0.0408,0.0022,-0.2297,0.0035,-0.3486,-0.5108
3203,3.203,0.0086,-0.0031,-0.1044,-0.009,-0.3816,-0.9045
3204,3.204,-0.0087,-0.0005,0.0136,-0.0039,-0.1727,-0.4291
3205,3.205,-0.0034,-0.0014,0.0597,-0.0053,0.0177,0.0199
3206,3.206,0.0013,0.0007,0.1018,-0.0205,0.0921,0.1956
3207,3.207,0.0056,0.0026,0.1149,-0.0144,0.1596,0.2493
3208,3.208,0.0017,-0.0017,0.1497,-0.0125,0.1395,0.2977
3209,3.209,-0.0018,0.0023,0.3062,-0.0108,0.1212,0.2543
3210,3.21,-0.0049,0.0037,0.3284,-0.0032,0.239,0.2939
3211,3.211,-0.0198,-0.0033,0.145,0.0093,0.4074,0.835
3212,3.212,-0.0171,-0.0129,0.0217,0.0008,0.2057,0.6032
3213,3.213,-0.0147,-0.0193,-0.0906,0.0084,-0.0389,0.1097
3214,3.214,-0.0124,-0.0116,-0.1112,0.0125,-0.0724,-0.2118
3215,3.215,0.0102,-0.0002,-0.1297,0.0087,-0.1026,-0.2714
3216,3.216,0.0073,0.0013,-0.0792,0.001,-0.1301,-0.3251
3217,3.217,0.0101,-0.0113,0.0281,-0.0063,-0.1058,-0.2778
3218,3.218,-0.0072,-0.0233,0.0144,-0.0036,-0.1283,-0.2346
3219,3.219,-0.005,-0.0249,0.027,0.0093,-0.393,-0.751
3220,3.22,-0.003,-0.0181,0.0386,0.0148,-0.2851,-0.8217
3221,3.221,-0.0123,-0.012,-0.0136,0.0131,-0.0549,-0.2458
3222,3.222,0.0131,-0.0065,0.1286,0.0055,0.0948,0.1427
3223,3.223,0.0604,-0.0076,0.2708,0.0123,0.1224,0.2141
3224,3.224,0.028,-0.0069,0.178,0.016,0.1471,0.2788
3225,3.225,-0.0249,0.0059,0.0937,0.017,0.1249,0.3373
3226,3.226,-0.032,0.0039,-0.0134,0.018,0.1048,0.1792
3227,3.227,-0.0255,0.0022,0.0006,0.0077,0.3455,0.5153
3228,3.228,-0.0311,0.0066,-0.138,-0.0132,0.3784,0.8212
3229,3.229,-0.0152,0.0052,-0.2673,-0.034,0.1096,0.3843
3230,3.23,0.0089,0.0063,-0.2503,-0.0259,-0.0716,-0.024
3231,3.231,0.0132,0.0094,-0.143,-0.0235,-0.1051,-0.184
3232,3.232,0.0331,0.004,-0.1565,-0.0213,-0.1353,-0.2331
3233,3.233,0.0511,0.0104,-0.093,-0.0111,-0.1086,-0.2776
3234,3.234,0.0543,0.0215,-0.0579,-0.0093,-0.0843,-0.2386
3235,3.235,0.0272,0.0138,0.0154,-0.0144,-0.2413,-0.275
3236,3.236,0.0236,0.0207,-0.0317,-0.0159,-0.4247,-0.7675
3237,3.237,0.0006,0.0118,-0.0402,-0.0062,-0.2031,-0.6978
3238,3.238,-0.0264,0.0062,-0.1263,0,0.0061,-0.1213
3239,3.239,-0.03,0.0114,-0.1609,0.0103,0.0879,0.2672
3240,3.24,-0.007,0.0029,-0.0046,-0.0049,0.1127,0.1982
3241,3.241,0.0138,-0.0027,0.1074,0.0135,0.1353,0.263
3242,3.242,0.0057,0.0003,0.1684,0.0111,0.1152,0.3216
3243,3.243,-0.0066,0.0029,0.1871,0.0223,0.1337,0.2691
3244,3.244,-0.0087,0.0038,0.2377,0.0365,0.3861,0.7016
3245,3.245,-0.0229,0.0044,0.314,0.0197,0.2781,0.8764
3246,3.246,-0.0248,-0.0034,0.1612,0.0175,0.0478,0.2946
3247,3.247,0.0005,-0.0171,0.0594,0.0114,-0.1021,-0.094
3248,3.248,0.004,-0.0041,-0.1075,0.0021,-0.0757,-0.1656
3249,3.249,-0.0258,0.0043,-0.1748,0.0071,-0.1006,-0.2302
3250,3.25,-0.0538,0.0089,-0.1953,-0.0068,-0.1233,-0.2888
3251,3.251,-0.0646,0.0129,-0.2139,-0.0347,-0.1031,-0.2363
3252,3.252,-0.0348,0.0191,-0.2643,-0.0627,-0.3439,-0.4766
3253,3.253,0.0173,0.0202,-0.279,-0.0519,-0.377,-0.9572
3254,3.254,0.0387,0.0129,-0.2366,-0.0221,-0.1682,-0.5094
3255,3.255,0.0322,0.0007,-0.1728,-0.0183,0.0765,0.0154
3256,3.256,0.0147,-0.0009,-0.0456,-0.0147,0.1099,0.228
3257,3.257,-0.0119,-0.0054,0.0728,0.0083,0.1401,0.2931
3258,3.258,-0.0167,-0.004,0.1192,0.0171,0.1133,0.2358
3259,3.259,-0.0036,0.0023,0.1057,0.0252,0.0889,0.2894
3260,3.26,0.0243,-0.0032,0.0934,0.0228,0.201,0.2418
3261,3.261,0.0207,-0.0021,0.105,0.0117,0.3843,0.8974
3262,3.262,0.0043,-0.0104,0.1572,0.0097,0.2119,0.6172
3263,3.263,-0.0106,-0.0113,0.2045,0.0153,-0.0353,0.1907
3264,3.264,-0.008,-0.0102,0.1612,0.017,-0.0689,-0.1975
3265,3.265,-0.0104,-0.0093,0.138,0.0094,-0.0991,-0.2685
3266,3.266,-0.0082,-0.0067,0.1026,0.0053,-0.1265,-0.3328
3267,3.267,0.0059,0.0034,0.0443,0.009,-0.1023,-0.275
3268,3.268,0.0077,0.0076,0.0053,0.008,-0.1247,-0.2222
3269,3.269,-0.0008,0.0089,0.0267,0.0007,-0.3895,-0.7503
3270,3.27,0.0069,0.0058,-0.0316,-0.002,-0.2815,-0.8206
3271,3.271,0.0278,-0.0013,0.0074,0.0075,-0.0512,-0.244
3272,3.272,0.0368,-0.0004,0.0857,0.0088,0.0987,0.1449
3273,3.273,0.0121,-0.0081,0.0759,0.0056,0.1263,0.217
3274,3.274,-0.0109,-0.0132,0.0103,0.0087,0.1022,0.2822
3275,3.275,-0.0381,-0.0045,-0.0322,0.0042,0.1248,0.3413
3276,3.276,-0.0418,0.006,-0.1022,-0.0052,0.1046,0.1838
3277,3.277,-0.0056,0.0048,-0.0735,-0.004,0.3454,0.5206
3278,3.278,0.0475,0.0038,-0.0301,-0.0095,0.3784,0.9145
3279,3.279,0.0403,0.005,0.0086,-0.0022,0.1695,0.4393
3280,3.28,0.021,-0.0021,-0.0275,0.0024,-0.0752,-0.0094
3281,3.281,0.0036,-0.0046,-0.0862,-0.0001,-0.1087,-0.1847
3282,3.282,-0.0016,-0.0069,-0.1096,0.0068,-0.1389,-0.238
3283,3.283,0.0128,-0.0074,-0.1023,0.0022,-0.1121,-0.2864
3284,3.284,-0.0003,-0.0079,-0.0437,-0.0106,-0.0878,-0.2429
3285,3.285,-0.0122,-0.006,-0.0669,-0.0162,-0.1999,-0.2824
3286,3.286,-0.0157,-0.0063,-0.0598,-0.0178,-0.4239,-0.8234
3287,3.287,0.0007,0.0007,0.0373,-0.0224,-0.2153,-0.7462
3288,3.288,0.0036,0.0073,0.1068,-0.0071,0.0294,-0.1117
3289,3.289,0.0117,0.0032,0.0187,0.0031,0.0629,0.1453
3290,3.29,-0.0007,0.004,-0.0153,0.0013,0.0931,0.224
3291,3.291,-0.021,0.0006,0.0168,0.0031,0.1204,0.295
3292,3.292,-0.0129,-0.001,0.1601,-0.0043,0.0961,0.2316
3293,3.293,-0.0056,-0.0004,0.2629,0.0054,0.1185,0.174
3294,3.294,-0.0034,0.0033,0.0601,0.0067,0.4237,0.7552
3295,3.295,0.0151,0.0011,0.1419,0.0124,0.2929,0.8329
3296,3.296,0.0044,0.0054,0.1731,0.0139,0.0424,0.3182
3297,3.297,-0.0029,0.0102,0.0504,0.017,-0.0773,-0.1756
3298,3.298,-0.0094,0.0071,-0.0164,0.0086,-0.1139,-0.2412
3299,3.299,-0.0278,0.01,-0.0771,0.0009,-0.147,-0.3002
3300,3.3,-0.0254,0.0094,-0.2436,-0.0001,-0.1174,-0.2482
3301,3.301,-0.0142,0.0106,-0.3554,0.0045,-0.0906,-0.2007
3302,3.302,-0.004,0.0067,-0.4161,-0.0084,-0.3124,-0.5067
3303,3.303,0.0128,-0.0012,-0.2122,-0.0103,-0.4019,-0.9439
3304,3.304,0.0107,-0.0045,-0.0765,-0.0085,-0.1577,-0.5374
3305,3.305,0.021,-0.0098,-0.1005,-0.0191,0.0727,0.0449
3306,3.306,0.0267,-0.0126,-0.0329,-0.0095,0.1032,0.2784
3307,3.307,0.0251,-0.0119,0.1509,-0.0057,0.1307,0.2089
3308,3.308,0.0083,-0.0143,0.2253,-0,0.1555,0.2733
3309,3.309,-0.0163,-0.0165,0.1588,0.0073,0.0884,0.2154
3310,3.31,-0.0326,-0.0183,0.0577,-0.003,0.2308,0.2681
3311,3.311,0.0004,-0.0097,0.0767,0.0011,0.3975,0.8924
3312,3.312,0.0313,0.009,0.0265,-0.0001,0.2407,0.6371
3313,3.313,0.0114,0.0116,-0.1107,0.0055,-0.0245,0.0939
3314,3.314,0.0079,0.0041,-0.0546,0.0025,-0.0613,-0.2595
3315,3.315,0.0244,0.0017,0.0636,0.0016,-0.0945,-0.1973
3316,3.316,0.0097,-0.0005,0.0486,0.0127,-0.1246,-0.2565
3317,3.317,-0.0148,-0.0063,0.0626,0.0111,-0.0978,-0.3104
3318,3.318,-0.0642,-0.0014,0.1002,0.0097,-0.1717,-0.167
3319,3.319,-0.0855,0.0029,0.1575,-0.0093,-0.463,-0.7354
3320,3.32,-0.079,0.0124,0.0221,-0.034,-0.3443,-0.8136
3321,3.321,-0.0144,0.0134,-0.2184,-0.0243,-0.0914,-0.3214
3322,3.322,0.0632,-0.0017,-0.1855,-0.0035,0.0733,0.1276
3323,3.323,0.1154,-0.0161,-0.215,-0.0063,0.1036,0.1867
3324,3.324,0.087,-0.0219,-0.1879,-0.0287,0.1309,0.2397
3325,3.325,0.0439,-0.0238,-0.0647,-0.0079,0.1556,0.2878
3326,3.326,0.0361,-0.0195,0.0473,-0.016,0.0885,0.2442
3327,3.327,0.0146,-0.021,0.3527,-0.0037,0.3531,0.4423
3328,3.328,-0.0048,-0.0124,0.3963,0.0118,0.3893,0.839
3329,3.329,-0.034,-0.0157,0.1976,0.0137,0.1592,0.4689
3330,3.33,-0.0393,-0.0254,0.0894,0.0229,-0.0502,-0.0616
3331,3.331,-0.0346,-0.0218,-0.0088,0.0313,-0.0781,-0.1339
3332,3.332,-0.0302,-0.0187,-0.0383,0.0206,-0.1031,-0.1993
3333,3.333,-0.0184,-0.0158,0.0976,0.0135,-0.1258,-0.2584
3334,3.334,-0.0148,-0.0186,0.1719,0.0097,-0.1058,-0.2064
3335,3.335,-0.018,-0.0212,0.1504,0.0128,-0.2355,-0.2552
3336,3.336,-0.021,-0.0098,0.1308,0.0033,-0.4208,-0.9108
3337,3.337,-0.0184,-0.0014,-0.1093,-0.003,-0.1991,-0.6308
3338,3.338,-0.0012,0.0124,-0.2727,-0.0179,0.01,-0.0343
3339,3.339,0.0054,0.018,-0.3616,-0.0364,0.0918,0.199
3340,3.34,0.0074,0.0163,-0.3343,-0.034,0.1167,0.2702
3341,3.341,0.0092,0.0117,-0.3093,-0.0229,0.1392,0.3346
3342,3.342,0.0007,0.0186,-0.1072,-0.0004,0.119,0.2768
3343,3.343,0.0052,0.0326,0.083,0.0083,0.1375,0.2239
3344,3.344,-0.0018,0.027,0.059,0.0001,0.3899,0.7522
3345,3.345,0.0019,0.0186,-0.0077,0.0025,0.2819,0.8226
3346,3.346,0.0075,0.0325,0.013,0.0091,0.0517,0.3741
3347,3.347,0.0104,0.0382,0.0688,0.003,-0.0981,-0.1508
3348,3.348,-0.0037,0.0298,0.0522,0.0122,-0.1258,-0.2227
3349,3.349,-0.0222,0.0284,0.0062,-0.0031,-0.1016,-0.2877
3350,3.35,-0.0099,0.0298,0.0477,-0.0011,-0.1242,-0.3466
3351,3.351,-0.0166,0.0211,0.1106,0.0007,-0.1041,-0.1888
3352,3.352,-0.0065,0.0109,0.03,-0.0044,-0.3448,-0.5254
3353,3.353,0.0028,0.0207,-0.0013,-0.006,-0.3779,-0.919
3354,3.354,0.0012,0.0246,0.0081,0.0064,-0.169,-0.5495
3355,3.355,-0.0034,0.0215,0.0514,0.0046,0.0757,0.0764
3356,3.356,-0.0074,0.0143,0.0438,0,0.1092,0.163
3357,3.357,-0.0037,0.0153,0.0373,0.0152,0.1394,0.2413
3358,3.358,0.0112,0.0113,0.0317,0.0172,0.1127,0.312
3359,3.359,0.0133,0.0093,0.05,0.019,0.0884,0.2485
3360,3.36,0.0115,0.0059,0.1307,0.0004,0.2005,0.3068
3361,3.361,0.0133,0.0019,0.0276,-0.002,0.4245,0.8881
3362,3.362,-0.0066,-0.0067,-0.153,0.0003,0.2159,0.6565
3363,3.363,-0.0313,-0.0077,-0.03,0.0104,-0.0286,0.1632
3364,3.364,-0.0478,0.0028,0.0369,0.016,-0.0622,-0.158
3365,3.365,-0.0507,-0.0011,0.0977,0.0211,-0.0923,-0.2174
3366,3.366,-0.0096,0.0028,0.1535,0.0135,-0.1196,-0.2707
3367,3.367,0.0433,0.004,0.1038,0.0095,-0.1443,-0.3191
3368,3.368,0.0503,-0.0073,-0.125,-0.0043,-0.122,-0.1884
3369,3.369,0.0438,-0.0087,-0.1569,-0.0099,-0.3867,-0.7044
3370,3.37,0.0494,-0.0125,-0.0072,-0.0047,-0.2787,-0.9155
3371,3.371,0.0227,-0.0112,-0.034,-0.0123,-0.0485,-0.3392
3372,3.372,-0.0111,-0.01,0.0397,-0.0248,0.1014,0.2043
3373,3.373,-0.0067,-0.0046,0.0174,-0.0332,0.1291,0.2762
3374,3.374,0.0134,-0.0054,-0.0436,-0.0316,0.1051,0.2134
3375,3.375,0.0681,-0.0112,-0.1361,-0.0107,0.1279,0.2725
3376,3.376,0.0604,-0.0227,0.1164,0.0102,0.1079,0.2205
3377,3.377,0.0249,-0.0277,0.2247,0.024,0.3117,0.461
3378,3.378,0.0056,-0.0231,0.0609,0.0168,0.3932,0.942
3379,3.379,-0.0118,-0.019,-0.0879,0.0058,0.1712,0.4946
3380,3.38,-0.0278,-0.0178,-0.169,0.0284,-0.0379,-0.0296
3381,3.381,-0.052,-0.0167,-0.1935,0.0314,-0.1196,-0.2418
3382,3.382,-0.0653,-0.0115,-0.216,0.0178,-0.1445,-0.3064
3383,3.383,-0.0132,-0.0161,-0.318,-0.0193,-0.1223,-0.2487
3384,3.384,0.0365,-0.0257,-0.1516,-0.0351,-0.1021,-0.3018
3385,3.385,0.0429,-0.0194,-0.0399,-0.0494,-0.1946,-0.2538
3386,3.386,0.002,-0.0163,-0.0201,-0.0273,-0.4133,-0.9089
3387,3.387,-0.0246,-0.0111,0.1461,0.0007,-0.2047,-0.6283
3388,3.388,-0.0198,-0.0104,0.168,0.0044,-0.0143,-0.2014
3389,3.389,-0.0065,-0.013,0.0253,0.0012,0.1096,0.1875
3390,3.39,-0.0103,-0.0183,0.0065,0.0042,0.1324,0.2591
3391,3.391,-0.0138,-0.0178,0.0566,0.007,0.1125,0.3239
3392,3.392,-0.017,-0.0162,0.0716,0.0143,0.0943,0.2665
3393,3.393,-0.002,-0.0076,-0.0536,-0.0011,0.1112,0.2139
3394,3.394,0.0119,-0.0066,0.0309,-0.007,0.3408,0.7425
3395,3.395,0.0243,-0.0036,0.0467,0.0024,0.3082,0.8132
3396,3.396,0.004,-0.0008,0.1168,0.0075,0.0392,0.3651
3397,3.397,-0.0085,0.0005,0.1913,0.0183,-0.0911,-0.1378
3398,3.398,0.0051,0.003,0.1538,0.0138,-0.1277,-0.1972
3399,3.399,0.0028,-0.0031,0.0733,0.0098,-0.0952,-0.2509
3400,3.4,-0.0175,-0.004,0.0005,0.0187,-0.1252,-0.2995
3401,3.401,-0.0148,-0.0007,0.0863,0.0178,-0.0983,-0.2562
3402,3.402,-0.0271,0.0032,0.1439,0.0148,-0.3201,-0.4547
3403,3.403,-0.0337,0.0058,0.1335,0.0027,-0.4096,-0.924
3404,3.404,-0.007,-0.0023,0.0292,-0.0159,-0.1655,-0.4764
3405,3.405,-0.0035,-0.0103,-0.1791,-0.0035,0.065,0.0482
3406,3.406,-0.0134,-0.0096,-0.2682,0.0213,0.0954,0.2607
3407,3.407,-0.0464,-0.0035,-0.1869,0.0049,0.1229,0.1976
3408,3.408,-0.0595,-0.008,-0.113,-0.0158,0.0986,0.2564
3409,3.409,-0.0395,0.0032,-0.0459,-0.0077,0.1211,0.2041
3410,3.41,0.0006,0.0148,0.0961,-0.0249,0.2229,0.2524
3411,3.411,0.0377,0.0161,0.2998,-0.0094,0.4266,0.9077
3412,3.412,0.0521,0.0228,0.1642,-0.0033,0.237,0.6272
3413,3.413,0.0213,0.0138,0.0903,-0.0126,-0.0347,0.2005
3414,3.414,0.0252,0.0126,-0.1113,-0.0076,-0.0715,-0.1879
3415,3.415,0.0579,0.0072,-0.3007,-0.003,-0.1048,-0.2594
3416,3.416,0.0358,0.0025,-0.3741,-0.0044,-0.1349,-0.3241
3417,3.417,0.024,0.0015,-0.3067,-0.0056,-0.1081,-0.2667
3418,3.418,0.0493,0.0066,-0.1643,-0.0205,-0.1328,-0.2143
3419,3.419,0.0395,0.0058,0.0765,-0.0226,-0.3793,-0.7429
3420,3.42,0.0005,0.014,0.1092,-0.006,-0.2811,-0.8135
3421,3.421,-0.0048,0.0172,0.1392,0.0095,-0.0721,-0.3654
3422,3.422,-0.0096,0.0202,0.1665,0.0115,0.0097,0.0429
3423,3.423,-0.0316,0.0229,0.1423,0.0133,0.0839,0.0974
3424,3.424,-0.0436,0.0204,0.1204,-0.0121,0.1066,0.2424
3425,3.425,-0.0401,0.0197,0.06,-0.023,0.1676,0.374
3426,3.426,-0.0303,0.0218,0.1529,-0.0067,0.1122,0.2555
3427,3.427,-0.0096,0.0161,0.1029,-0.0038,0.3309,0.436
3428,3.428,0.0041,0.0141,-0.0036,-0.0012,0.3608,0.9286
3429,3.429,0.0113,0.0249,-0.045,0.006,0.1165,0.5771
3430,3.43,0.0177,0.0327,0.0431,0.0125,-0.0484,0.0002
3431,3.431,0.0115,0.0259,0.0541,-0.0018,-0.0789,-0.2334
3432,3.432,0.0132,0.0199,0.1267,-0.0113,-0.1605,-0.1643
3433,3.433,0.0114,0.0124,0.0983,-0.0097,-0.1364,-0.229
3434,3.434,0.0038,0.0074,0.1589,-0.0084,-0.1143,-0.2874
3435,3.435,-0.0143,0.0141,0.0885,0.0011,-0.1753,-0.2349
3436,3.436,-0.0215,0.0032,-0.0534,0.0021,-0.4162,-0.8595
3437,3.437,-0.0104,0.002,-0.1542,0.001,-0.1866,-0.7748
3438,3.438,-0.0044,0.0009,-0.0977,-0.0043,0.0227,-0.0772
3439,3.439,-0.0063,-0.0025,-0.0463,0.0021,0.1045,0.2055
3440,3.44,-0.0216,0.0103,-0.0301,0.0115,0.1295,0.2918
3441,3.441,-0.04,0.0089,-0.0432,-0.0075,0.152,0.37
3442,3.442,-0.0473,0.0016,-0.156,-0.0049,0.1319,0.3004
3443,3.443,-0.0138,0.0006,-0.2317,0.0024,0.1505,0.2367
3444,3.444,0.0493,-0.0028,-0.2449,0.0135,0.4028,0.6435
3445,3.445,0.0752,-0.0128,-0.1306,0.0114,0.2949,0.8023
3446,3.446,0.036,-0.025,0.069,0.0094,0.0647,0.2732
3447,3.447,0.0147,-0.0162,0.1507,0.0144,-0.085,-0.0799
3448,3.448,-0.0047,-0.0174,0.0774,-0.0086,-0.1126,-0.2733
3449,3.449,-0.0104,-0.0184,-0.0791,-0.0119,-0.1374,-0.3321
3450,3.45,-0.0157,-0.0118,0.1043,0.0029,-0.1152,-0.28
3451,3.451,-0.0205,-0.0012,0.1286,0.0109,-0.095,-0.2323
3452,3.452,-0.0073,0.0061,-0.0284,0.0035,-0.2987,-0.4508
3453,3.453,0.0288,0.0002,-0.0895,0.01,-0.38,-0.9673
3454,3.454,0.0336,-0.0006,0.003,0.0119,-0.158,-0.4752
3455,3.455,0.0117,-0.0033,0.0196,-0.005,0.0514,0.1019
3456,3.456,-0.016,-0.0153,0.0041,-0.003,0.0792,0.1807
3457,3.457,-0.0194,-0.0167,0.1291,0.003,0.1042,0.2521
3458,3.458,0.0105,-0.0241,0.2135,0.0123,0.127,0.3166
3459,3.459,0.0305,-0.0226,0.0763,0.0173,0.1069,0.2591
3460,3.46,-0.0097,-0.0212,0.0211,0.0096,0.1996,0.3121
3461,3.461,-0.015,-0.022,0.0046,-0,0.4186,0.8406
3462,3.462,-0.0006,-0.0166,-0.0408,0.0062,0.2102,0.6303
3463,3.463,0.0127,-0.0062,-0.1098,-0.004,0.02,0.1817
3464,3.464,0.0166,-0.0074,-0.0971,-0.0165,-0.1037,-0.2263
3465,3.465,0.0132,-0.0085,-0.0167,-0.0046,-0.1263,-0.1746
3466,3.466,0.0034,-0.0052,-0.0066,-0,-0.1468,-0.3196
3467,3.467,-0.0114,-0.0124,-0.0352,0.0014,-0.1284,-0.2765
3468,3.468,-0.0141,-0.0116,0.0423,0.0026,-0.1117,-0.2373
3469,3.469,-0.0165,-0.0038,0.0113,-0.0099,-0.3411,-0.7064
3470,3.47,0.0038,-0.0028,-0.0358,-0.0184,-0.3084,-0.8986
3471,3.471,0.0011,-0.0074,-0.0614,-0.0014,-0.0393,-0.375
3472,3.472,-0.0062,-0.0083,-0.1319,-0.0036,0.0698,0.1188
3473,3.473,0.0231,-0.0031,-0.1035,0.0066,0.1033,0.1842
3474,3.474,0.0032,-0.0109,-0.0432,-0.0026,0.1336,0.243
3475,3.475,-0.0221,-0.0183,0.0272,0.0059,0.1069,0.2963
3476,3.476,-0.0252,-0.0157,0.0367,0.0106,0.0828,0.2489
3477,3.477,-0.0104,-0.0117,0.1145,0.0176,0.3295,0.4675
3478,3.478,0.0253,-0.0155,0.271,0.0188,0.3627,0.9044
3479,3.479,0.0205,-0.015,0.3379,0.0245,0.154,0.4978
3480,3.48,-0.0014,-0.0135,0.2358,0.0193,-0.0906,0.0208
3481,3.481,-0.0132,-0.0121,-0.0054,0.0258,-0.0583,-0.1726
3482,3.482,-0.0313,-0.0045,-0.1042,0.0164,-0.1477,-0.2317
3483,3.483,-0.041,0.0102,0.0444,-0.0024,-0.1208,-0.2852
3484,3.484,-0.0259,0.0119,-0.0373,-0.027,-0.0963,-0.2377
3485,3.485,0.0042,0.0135,-0.2595,-0.0301,-0.2082,-0.2817
3486,3.486,0.0161,0.0217,-0.2899,-0.0329,-0.432,-0.8775
3487,3.487,0.0125,0.0169,-0.2633,-0.0137,-0.2233,-0.7929
3488,3.488,0.0027,0.0152,-0.2393,-0.0013,0.0214,-0.0955
3489,3.489,-0.0001,0.0113,-0.1277,-0.0078,0.1208,0.1869
3490,3.49,0.019,0.01,-0.1078,-0.0219,0.0916,0.273
3491,3.491,0.0313,0.015,-0.0527,-0.0237,0.119,0.3508
3492,3.492,0.0202,0.0156,-0.0027,-0.0118,0.1438,0.2811
3493,3.493,0.01,0.0128,0.012,-0.001,0.1217,0.2173
3494,3.494,0.0193,0.0103,0.0529,0.0004,0.3863,0.7402
3495,3.495,0.0076,0.008,0.0899,-0.0033,0.2784,0.8107
3496,3.496,0.0092,-0.0005,0.1468,-0.0022,0.0482,0.3622
3497,3.497,-0.0004,-0.0018,0.1359,0.0073,-0.1016,-0.1626
3498,3.498,-0.0024,-0.0024,0.1751,0.0202,-0.0972,-0.2161
3499,3.499,-0.0087,-0.0057,0.26,0.029,-0.1246,-0.2874
3500,3.5,-0.0143,-0.005,0.2939,0.0323,-0.1003,-0.3522
3501,3.501,-0.03,-0.0044,0.1788,0.0293,-0.0781,-0.1786
3502,3.502,-0.0637,0.0054,0.0716,0.019,-0.302,-0.4429
3503,3.503,-0.0589,0.0093,0.0017,0.0231,-0.3915,-0.9718
3504,3.504,-0.0633,0.0103,-0.0363,0.0168,-0.1474,-0.4799
3505,3.505,-0.0592,0.0158,-0.094,-0.0003,0.0831,-0.0309
3506,3.506,-0.0045,0.0166,-0.2505,-0.0375,0.0539,0.261
3507,3.507,0.0659,0.008,-0.3175,-0.0322,0.1354,0.2091
3508,3.508,0.0942,0.0022,-0.0936,-0.0178,0.1601,0.2575
3509,3.509,0.1027,0.0052,0.0555,-0.0222,0.093,0.3016
3510,3.51,0.048,0.0023,-0.0256,-0.0421,0.1947,0.2622
3511,3.511,0.0123,0.0065,-0.1491,-0.0386,0.3984,0.8033
3512,3.512,-0.0071,0.0027,-0.0377,-0.0354,0.2088,0.5714
3513,3.513,-0.0246,0.0006,0.0635,-0.0146,-0.0138,0.0781
3514,3.514,0.002,0.01,0.0445,-0.001,-0.1039,-0.1156
3515,3.515,-0.0027,0.006,0.0274,-0.0083,-0.1316,-0.175
3516,3.516,0.0105,0.0022,0.0422,0.0072,-0.1075,-0.2286
3517,3.517,0.0067,0.0078,0.0283,0.0297,-0.1302,-0.2774
3518,3.518,-0.0042,0.0026,0.041,0.0268,-0.1101,-0.2342
3519,3.519,-0.0075,-0.0039,0.0297,0.0241,-0.3881,-0.671
3520,3.52,-0.0225,0.0021,0.1239,0.0168,-0.3487,-0.8458
3521,3.521,-0.0473,-0.0048,0.1117,0.0101,-0.096,-0.3699
3522,3.522,-0.0506,0.0017,0.0773,0.0121,0.0687,0.2072
3523,3.523,-0.0535,0.0009,0.0252,-0.0122,0.0989,0.2859
3524,3.524,-0.0235,0.0016,-0.117,-0.0286,0.1261,0.2164
3525,3.525,0.0365,0.0024,-0.1373,-0.0079,0.1507,0.2809
3526,3.526,0.0795,-0.0018,-0.0817,0.0001,0.0835,0.2232
3527,3.527,0.0404,0.0036,-0.0311,0.0124,0.3072,0.4875
3528,3.528,0.0048,0.0001,0.1068,0.0145,0.3966,0.9202
3529,3.529,-0.0016,0.0007,0.1255,0.0124,0.1522,0.5136
3530,3.53,-0.0308,-0.0044,0.0754,-0.0082,-0.0784,-0.069
3531,3.531,-0.0467,-0.0036,0.0604,-0.0219,-0.1091,-0.148
3532,3.532,-0.0419,-0.004,0.0464,-0.0047,-0.1366,-0.2192
3533,3.533,-0.0111,-0.0055,0.0839,-0.0025,-0.1125,-0.2838
3534,3.534,0.025,0.0024,0.0494,0.0076,-0.0905,-0.2262
3535,3.535,0.0297,-0.0007,-0.107,0.0056,-0.1924,-0.2793
3536,3.536,0.0077,-0.0078,-0.1293,0.0039,-0.3964,-0.9039
3537,3.537,0.0195,-0.0217,-0.0683,-0.0038,-0.2611,-0.6491
3538,3.538,0.016,-0.0155,-0.0495,-0.0108,0.0104,-0.1064
3539,3.539,0.0062,-0.0061,-0.032,0.0056,0.1192,0.247
3540,3.54,0.015,0.0024,0.0146,0.0078,0.1524,0.1843
3541,3.541,0.0122,-0.0021,0.0295,0.0057,0.1227,0.2431
3542,3.542,-0.0052,-0.006,0.1441,0.0076,0.1499,0.2965
3543,3.543,-0.0119,-0.0048,0.1602,0.0194,0.1255,0.1526
3544,3.544,-0.006,-0.0057,0.175,0.0055,0.4167,0.7206
3545,3.545,0.007,-0.0026,0.1883,-0.0075,0.2978,0.7983
3546,3.546,-0.0015,0.0039,0.1546,0.0077,0.0448,0.3057
3547,3.547,-0.0122,-0.0002,0.0405,0.0057,-0.1201,-0.1436
3548,3.548,-0.0275,0.0005,0.0255,0.0038,-0.091,-0.2032
3549,3.549,-0.0173,0.0055,-0.0713,-0.0081,-0.1185,-0.2568
3550,3.55,0.0106,-0.0039,-0.1589,-0.0096,-0.1433,-0.3055
3551,3.551,0.0067,-0.0025,-0.1469,0.0056,-0.0764,-0.2623
3552,3.552,-0.0333,0.0039,-0.1363,0.0117,-0.3002,-0.4608
3553,3.553,-0.0492,0.0095,-0.1646,0.0098,-0.3898,-0.9302
3554,3.554,-0.025,0.021,-0.1731,-0.0054,-0.1458,-0.4827
3555,3.555,0.0412,0.0104,-0.2589,-0.0034,0.0846,0.0419
3556,3.556,0.0696,0.0008,-0.0861,-0.0164,0.115,0.2545
3557,3.557,0.0783,-0.0079,-0.012,-0.0181,0.1423,0.1916
3558,3.558,0.0551,-0.0089,-0.1236,-0.0136,0.118,0.2502
3559,3.559,0.0481,-0.0037,0.1416,0.0017,0.0959,0.3036
3560,3.56,0.0158,-0.0028,0.2504,0.0118,0.1975,0.2561
3561,3.561,-0.0251,-0.0053,0.1524,0.0099,0.4383,0.8243
3562,3.562,-0.0518,0.0031,0.123,0.0082,0.2086,0.7474
3563,3.563,-0.0662,-0.0072,0.0965,-0.0056,-0.0007,0.1134
3564,3.564,-0.0619,-0.0002,0.1214,-0.0037,-0.0825,-0.1435
3565,3.565,-0.034,-0.0014,-0.0801,-0.0088,-0.1075,-0.2218
3566,3.566,-0.0087,0.0042,-0.2155,-0.0072,-0.1301,-0.2927
3567,3.567,0.0211,0.0032,-0.1416,-0.0031,-0.11,-0.3571
3568,3.568,0.0329,0.0005,-0.164,0.0057,-0.1285,-0.1831
3569,3.569,0.0438,0.0013,-0.1439,0.0161,-0.381,-0.6586
3570,3.57,0.0274,0.002,0.0226,0.0121,-0.3451,-0.8508
3571,3.571,0.0066,-0.0087,0.0449,-0.0018,-0.0493,-0.3272
3572,3.572,0.0039,-0.0163,0.1057,0.0076,0.0704,0.1665
3573,3.573,0.0212,-0.0038,0.1609,0.0195,0.1071,0.232
3574,3.574,0.0146,-0.0021,0.11,0.021,0.1402,0.2908
3575,3.575,-0.0159,-0.0036,0.0637,0.0197,0.1108,0.2386
3576,3.576,-0.0289,-0.005,0.0771,0.0185,0.084,0.1909
3577,3.577,-0.0405,-0.0012,0.0641,0.006,0.3059,0.4094
3578,3.578,-0.0512,0.0019,0.029,-0.0091,0.3954,0.9258
3579,3.579,-0.0348,-0.0011,0.0184,-0.0396,0.1513,0.5743
3580,3.58,-0.0259,-0.0038,0.0467,-0.0263,-0.0791,-0.0027
3581,3.581,-0.034,0.0021,0.0725,-0.0144,-0.1096,-0.2366
3582,3.582,-0.0217,0.0058,0.0178,-0.0178,-0.137,-0.3079
3583,3.583,0.0077,0.0009,-0.0608,-0.0145,-0.1127,-0.2447
3584,3.584,0.0517,0.0104,-0.0921,-0.0056,-0.0905,-0.3033
3585,3.585,0.0343,0.0063,-0.0641,-0.0082,-0.1922,-0.2507
3586,3.586,-0.0029,0.0075,-0.1596,-0.0105,-0.433,-0.8755
3587,3.587,-0.0174,0.0131,-0.2487,-0.0083,-0.2689,-0.7909
3588,3.588,0.0488,0.0183,-0.1922,-0.0143,0.0002,-0.0934
3589,3.589,0.0772,0.0043,-0.2035,-0.0013,0.1091,0.1891
3590,3.59,0.0514,0.0063,-0.0809,0.0106,0.0768,0.2753
3591,3.591,0.0592,0.0082,-0.0313,-0.0033,0.1069,0.3532
3592,3.592,0.038,-0.0036,-0.0168,0.0023,0.1342,0.2833
3593,3.593,0.0057,-0.0143,0.0521,0.0074,0.1098,0.2197
3594,3.594,-0.0235,-0.0073,0.0894,0.0121,0.4012,0.6263
3595,3.595,-0.0393,-0.0085,0.1925,0.0191,0.2825,0.8908
3596,3.596,-0.0439,-0.0095,0.3174,0.0228,0.1016,0.3617
3597,3.597,-0.0307,-0.0023,0.0983,0.0197,-0.0632,-0.1321
3598,3.598,-0.0268,-0.0087,-0.0513,0.0124,-0.0936,-0.1977
3599,3.599,-0.0419,-0.0075,0.075,0.007,-0.1259,-0.2827
3600,3.6,-0.0456,0.0036,0.0469,0.0043,-0.1532,-0.3414
3601,3.601,-0.0489,0.0082,0.0698,-0.0086,-0.0796,-0.1836
3602,3.602,-0.0099,0.0096,-0.0439,-0.0253,-0.2813,-0.424
3603,3.603,0.006,0.0108,-0.1061,-0.0097,-0.3626,-0.9922
3604,3.604,0.0107,-0.0017,-0.089,-0.0157,-0.1407,-0.6053
3605,3.605,0.0152,-0,-0.1739,-0.0138,0.0687,0.0291
3606,3.606,0.0191,0.0106,-0.1895,-0.0088,0.0964,0.286
3607,3.607,0.0157,0.0036,-0.12,0.0051,0.1213,0.2098
3608,3.608,0.0322,0.0024,-0.0569,0.0069,0.144,0.14
3609,3.609,0.041,0.0056,0.0237,0.0052,0.0833,0.2045
3610,3.61,0.0219,-0.0017,-0.0071,0.0038,0.2129,0.2628
3611,3.611,0.0144,-0.0044,-0.0163,0.0107,0.3981,0.844
3612,3.612,0.0076,-0.007,0.113,0.0195,0.1764,0.767
3613,3.613,0.0054,-0.0092,0.2053,0.0227,-0.0329,0.133
3614,3.614,0.0072,0.0001,0.1545,0.007,-0.1148,-0.1239
3615,3.615,-0.0047,-0.0037,0.1389,0.0003,-0.0906,-0.2025
3616,3.616,-0.0154,-0.0027,0.152,0.0145,-0.1133,-0.2733
3617,3.617,-0.0362,0.0004,0.1635,0.0089,-0.0932,-0.3379
3618,3.618,-0.0391,0.0031,0.0819,0.0038,-0.1118,-0.164
3619,3.619,-0.0143,-0.0081,0.0292,-0.0038,-0.3642,-0.6395
3620,3.62,0.0089,-0.0096,0.0196,-0.0219,-0.3284,-0.8318
3621,3.621,-0.0118,-0.0137,0.0629,-0.0047,-0.0982,-0.3082
3622,3.622,-0.0254,-0.0049,0.0711,0.0019,0.1113,0.1855
3623,3.623,-0.0376,-0.0039,-0.0353,-0.0123,0.0848,0.251
3624,3.624,-0.0442,-0.0009,0.0107,-0.0067,0.1097,0.3098
3625,3.625,-0.0301,0.0017,0.052,0.0017,0.1323,0.2576
3626,3.626,-0.0023,0.0129,0.0895,-0.0183,0.1122,0.2099
3627,3.627,0.0256,-0.0041,-0.0603,-0.043,0.316,0.4285
3628,3.628,0.0291,-0.0063,-0.2027,-0.0463,0.3975,0.9449
3629,3.629,0.0259,-0.0165,-0.2581,-0.0255,0.1755,0.5935
3630,3.63,-0.0012,0.0002,-0.174,-0.012,-0.0337,0.0166
3631,3.631,-0.0047,0.0024,-0.1281,-0.0097,-0.1155,-0.2171
3632,3.632,0.0183,0.0125,-0.1142,-0.0031,-0.1403,-0.2884
3633,3.633,0.0514,0.0032,-0.0007,-0.0052,-0.1182,-0.353
3634,3.634,0.0735,-0.0019,0.045,0.0003,-0.0979,-0.2953
3635,3.635,0.0458,0.0026,0.1421,0.0257,-0.1904,-0.2429
3636,3.636,0.0058,-0.007,0.281,0.0292,-0.4092,-0.8675
3637,3.637,0.0007,-0.0059,0.2255,0.0324,-0.2601,-0.7828
3638,3.638,-0.0234,0.0019,0.0404,0.0237,-0.0154,-0.0853
3639,3.639,-0.019,0.0008,0.0651,0.021,0.084,0.1974
3640,3.64,-0.0307,-0.0001,0.0432,0.0187,0.1144,0.284
3641,3.641,-0.0488,0.0007,-0.0171,0.0075,0.1419,0.2075
3642,3.642,-0.0324,0.0091,-0.1461,-0.0067,0.1177,0.2784
3643,3.643,-0.0296,0.0101,-0.1624,-0.016,0.1404,0.2149
3644,3.644,-0.027,0.007,-0.2384,-0.0211,0.4051,0.6218
3645,3.645,0.0102,0.0078,-0.1682,0.0019,0.2974,0.8864
3646,3.646,0.0473,0.012,-0.0791,0.0117,0.0673,0.3576
3647,3.647,0.1006,0.0005,0.0021,0.0088,-0.0822,-0.136
3648,3.648,0.0935,0.0022,0.1591,0.0114,-0.1098,-0.2013
3649,3.649,0.0483,-0.0117,0.4955,0.009,-0.1345,-0.2599
3650,3.65,0.0074,-0.0136,0.4477,-0.0114,-0.1123,-0.3132
3651,3.651,-0.0084,-0.0085,0.2292,-0.0197,-0.0921,-0.2654
3652,3.652,-0.0326,0.0084,0.1104,-0.0125,-0.2956,-0.4837
3653,3.653,-0.0544,0.0019,-0.142,-0.006,-0.3769,-0.9203
3654,3.654,-0.0425,0.0039,-0.3715,0,-0.1547,-0.5137
3655,3.655,-0.0242,0.017,-0.4009,0.013,0.0547,-0.0365
3656,3.656,-0.034,0.0153,-0.2649,0.0113,0.0826,0.2852
3657,3.657,-0.0131,0.0014,-0.2888,-0.0026,0.1076,0.2284
3658,3.658,0.0281,-0.0004,-0.2659,-0.0082,0.1304,0.2821
3659,3.659,0.0811,-0.0021,-0.1233,0.0104,0.1104,0.2348
3660,3.66,0.0456,-0.0036,0.0067,0.008,0.2031,0.2789
3661,3.661,0.0006,-0.0076,0.1248,0.0058,0.4221,0.875
3662,3.662,-0.0168,-0.0039,0.1402,-0.0044,0.2137,0.6207
3663,3.663,-0.0116,-0.0007,0.1545,0.0049,-0.0308,0.2332
3664,3.664,-0.0069,-0.0059,0.2435,0.0067,-0.0642,-0.2603
3665,3.665,-0.0202,-0.0123,0.3708,-0.0009,-0.0943,-0.1972
3666,3.666,-0.0321,-0.0063,0.3211,0.0004,-0.1215,-0.2556
3667,3.667,-0.0503,-0.0069,0.092,-0.0033,-0.097,-0.3087
3668,3.668,-0.0668,-0.0062,-0.203,0.0116,-0.1194,-0.1647
3669,3.669,-0.0757,0.0033,-0.2425,0.0055,-0.3839,-0.6449
3670,3.67,-0.0731,0.013,-0.2783,-0.0038,-0.348,-0.8368
3671,3.671,-0.0358,0.0143,-0.18,-0.0292,-0.0521,-0.3129
3672,3.672,0.0442,0.0111,-0.0309,-0.0184,0.0677,0.1811
3673,3.673,0.1017,0.0122,0.213,-0.0087,0.1044,0.2468
3674,3.674,0.0705,0.0001,0.1797,0.0001,0.1376,0.306
3675,3.675,0.0231,0.0053,0.0898,0.0082,0.1083,0.2541
3676,3.676,0.0145,0.0069,0.0079,0.0058,0.0815,0.2066
3677,3.677,-0.0087,-0.0083,-0.0664,0.008,0.3035,0.4253
3678,3.678,-0.0157,0.002,-0.0888,0.0222,0.393,0.9419
3679,3.679,0.0036,0.0076,-0.028,0.0017,0.149,0.5907
3680,3.68,-0.0022,-0.0008,0.0275,-0.0119,-0.0814,0.014
3681,3.681,-0.0182,-0.0053,0.0777,0.0054,-0.1118,-0.2196
3682,3.682,-0.023,-0.0039,0.0927,0.0033,-0.1392,-0.2908
3683,3.683,-0.0275,-0.0027,0.023,-0.0068,-0.115,-0.2275
3684,3.684,-0.0394,-0.0058,-0.0148,-0.016,-0.0928,-0.286
3685,3.685,-0.0214,-0.0028,-0.0034,-0.0074,-0.1945,-0.2334
3686,3.686,0.0215,0.0058,0.0069,-0.0303,-0.4353,-0.858
3687,3.687,0.0272,0.0114,-0.0406,-0.04,-0.2713,-0.7732
3688,3.688,0.0218,0.0145,-0.1703,-0.0009,-0.0022,-0.2305
3689,3.689,0.0459,0.01,-0.1154,0.0044,0.1067,0.2635
3690,3.69,0.0414,-0.0029,-0.0656,-0.0003,0.14,0.2008
3691,3.691,0.0375,-0.0009,0.0408,0.0042,0.1105,0.2598
3692,3.692,0.0265,-0.006,0.0261,0.016,0.1378,0.3132
3693,3.693,0.0035,-0.0136,-0.0631,0.0195,0.1134,0.1695
3694,3.694,0.0005,-0.0039,-0.0524,0.0163,0.4048,0.65
3695,3.695,-0.0077,-0.005,-0.0222,0.0134,0.286,0.8423
3696,3.696,-0.0149,-0.0082,-0.0325,0.0271,0.1052,0.3188
3697,3.697,-0.0305,-0.0092,0.027,0.0344,-0.0597,-0.1748
3698,3.698,-0.0325,-0.0084,0.1437,0.0366,-0.0902,-0.2402
3699,3.699,-0.0269,-0.0093,0.227,0.0182,-0.1176,-0.2989
3700,3.7,-0.022,-0.0034,0.1379,0.0077,-0.1233,-0.2913
3701,3.701,-0.0306,-0.0086,0.0302,0.0004,-0.099,-0.2389
3702,3.702,-0.0107,-0.0037,-0.0959,-0.0108,-0.3008,-0.3832
3703,3.703,-0.0082,-0.0043,-0.1474,-0.0209,-0.3822,-0.9513
3704,3.704,0.009,-0.0002,-0.1946,-0.019,-0.1602,-0.5645
3705,3.705,0.0244,-0.0007,-0.2376,-0.014,0.049,0.07
3706,3.706,0.0142,0.0062,-0.0999,-0.0001,0.0767,0.1569
3707,3.707,0.0123,0.0009,0.1028,-0.0057,0.1507,0.2354
3708,3.708,-0.0131,0.0017,0.0748,-0.0175,0.1287,0.3062
3709,3.709,-0.0312,-0.0026,0.0496,0.0055,0.0679,0.1149
3710,3.71,-0.0082,0.0089,0.1161,-0.0109,0.1605,0.173
3711,3.711,0.0309,0.0173,0.0545,-0.0317,0.4129,0.8599
3712,3.712,0.0467,-0.0057,-0.1868,-0.029,0.2326,0.7668
3713,3.713,0.061,-0.0222,-0.2201,-0.0117,0.0021,0.1698
3714,3.714,0.0478,-0.0074,-0.191,0.0038,-0.0881,-0.2188
3715,3.715,0.0199,-0.0047,-0.0563,-0.0023,-0.1157,-0.1501
3716,3.716,0.0235,0.0025,0.0166,-0.0191,-0.0916,-0.215
3717,3.717,0.0203,0.0003,0.0829,-0.0125,-0.1142,-0.2738
3718,3.718,-0.0067,-0.0059,-0.0198,0.014,-0.0941,-0.2216
3719,3.719,-0.032,-0.0116,0.1458,0.0175,-0.3721,-0.6542
3720,3.72,-0.0287,-0.0066,0.0327,0.0207,-0.3328,-0.829
3721,3.721,-0.0199,-0.0021,0.0518,0.0178,-0.08,-0.3532
3722,3.722,-0.0007,0.0019,0.2175,0.0097,0.0848,0.0959
3723,3.723,-0.0179,-0.0019,0.3289,0.0169,0.0555,0.2715
3724,3.724,-0.0515,-0.0075,0.2679,0.0147,0.0829,0.325
3725,3.725,-0.0756,0.0018,0.101,0.0086,0.1076,0.2774
3726,3.726,-0.0271,0.008,-0.2355,-0.0119,0.13,0.2339
3727,3.727,0.018,0.0111,-0.284,-0.0256,0.3132,0.4323
3728,3.728,0.0473,0.0121,-0.241,-0.0132,0.3871,0.9014
3729,3.729,0.042,0.0165,-0.0431,-0.0066,0.1853,0.5816
3730,3.73,0.0564,0.0087,-0.0072,-0.0168,-0.0594,0.057
3731,3.731,0.0344,0.0076,0.0254,-0.0075,-0.0929,-0.1557
3732,3.732,0.0144,0.0011,-0.0047,-0.0126,-0.1231,-0.2209
3733,3.733,0.0108,-0.0015,-0.0325,-0.0356,-0.0963,-0.2797
3734,3.734,-0.0056,-0.0053,0.0404,-0.0258,-0.1209,-0.2277
3735,3.735,-0.0205,-0.0005,0.0619,0.0012,-0.1881,-0.2762
3736,3.736,-0.0286,-0,0.0413,0.012,-0.412,-0.8443
3737,3.737,-0.0262,0.0028,0.0598,0.0218,-0.2629,-0.7676
3738,3.738,-0.0195,0.0002,0.0767,0.0129,0.0358,-0.1337
3739,3.739,-0.0133,-0.0041,0.0923,0.0211,0.0762,0.1232
3740,3.74,-0.0188,0.0011,0.1344,0.0235,0.1128,0.2017
3741,3.741,-0.0069,0.0003,0.0466,0.0124,0.146,0.2725
3742,3.742,-0.0054,0.0008,-0.0103,0.0226,0.1165,0.3368
3743,3.743,0.0015,-0.0033,0.0423,0.0133,0.1438,0.1628
3744,3.744,-0.01,0.0044,0.0712,-0.0053,0.3656,0.6383
3745,3.745,-0.0239,-0.0034,0.0801,0.002,0.3361,0.8304
3746,3.746,0.0039,0.0061,0.0098,-0.0003,0.0917,0.3069
3747,3.747,0.0078,0.0049,0.1144,0.0099,-0.0731,-0.187
3748,3.748,-0.003,0.0038,0.1009,0.0118,-0.1033,-0.2525
3749,3.749,0.0134,0.0007,-0.0374,0.0067,-0.1306,-0.3114
3750,3.75,0.0105,0.0053,-0.0552,-0.0102,-0.1062,-0.2593
3751,3.751,0.0077,0.0011,-0.0043,-0.0305,-0.084,-0.2116
3752,3.752,0.0003,-0.0027,0.0112,-0.0003,-0.3486,-0.4301
3753,3.753,-0.0019,-0.0006,-0.058,0.0115,-0.3848,-0.9464
3754,3.754,-0.0039,0.0011,-0.0701,0.0007,-0.1547,-0.5949
3755,3.755,0.0054,-0.0017,-0.0809,0.0038,0.0546,-0.0179
3756,3.756,0.0038,0.003,-0.1111,0.0067,0.0825,0.216
3757,3.757,0.0023,-0.0064,-0.1196,-0.007,0.1074,0.2873
3758,3.758,-0.0018,-0.005,-0.0236,-0.0194,0.1302,0.3519
3759,3.759,0.0095,-0.0038,0.0656,-0.0216,0.1101,0.2946
3760,3.76,0.014,0.004,0.0319,-0.0074,0.2028,0.2421
3761,3.761,-0.0012,-0.0012,-0.0612,0.0057,0.4217,0.867
3762,3.762,-0.0072,-0.0057,0.0784,0.0141,0.2728,0.7827
3763,3.763,-0.0276,-0.0048,0.1712,0.0126,0.0283,0.2405
3764,3.764,-0.0412,0.0005,0.1546,0.0139,-0.0707,-0.1123
3765,3.765,-0.0388,0.0012,0.0783,0.0128,-0.1009,-0.1773
3766,3.766,-0.0411,0.0082,-0.0186,0.016,-0.1282,-0.2357
3767,3.767,-0.0226,0.0147,-0.1318,0.0003,-0.1038,-0.2887
3768,3.768,-0.0054,0.0122,-0.0546,-0.0062,-0.1261,-0.2408
3769,3.769,0.0239,0.0053,0.0992,-0.0122,-0.3906,-0.6337
3770,3.77,0.02,0.0008,-0.0012,-0.0214,-0.3547,-0.8979
3771,3.771,0.038,0.0016,-0.13,0.0006,-0.0588,-0.3687
3772,3.772,0.0744,0.0132,-0.1798,0.0095,0.061,0.1254
3773,3.773,0.0695,0.0082,-0.1639,0.0069,0.0976,0.1911
3774,3.774,0.0475,0.0007,-0.0937,-0.0054,0.1308,0.2502
3775,3.775,0.0035,-0.0062,-0.0303,-0.0165,0.1012,0.3039
3776,3.776,-0.0139,-0.0073,0.0734,-0.0185,0.0743,0.2563
3777,3.777,0.002,-0.0017,-0.0239,-0.0092,0.2962,0.3877
3778,3.778,0.0165,-0.0046,-0.1377,-0.0041,0.3857,0.9043
3779,3.779,0.0033,-0.013,-0.0613,0.0005,0.1416,0.5531
3780,3.78,-0.0166,-0.0098,0.1473,-0.0008,-0.0889,-0.0236
3781,3.781,0.0015,-0.0002,0.2964,0.0106,-0.1194,-0.2571
3782,3.782,0.0114,-0.0013,0.3234,0.0121,-0.1469,-0.1878
3783,3.783,-0.0035,-0.0003,0.2494,0.0052,-0.1227,-0.2522
3784,3.784,-0.0282,0.0008,-0.0872,0.0114,-0.1006,-0.3107
3785,3.785,-0.025,0.0035,-0.2316,0.0059,-0.2025,-0.2581
3786,3.786,-0.0338,-0.0023,-0.2755,0.0006,-0.4063,-0.8826
3787,3.787,-0.0419,-0,-0.3947,-0.0134,-0.271,-0.7978
3788,3.788,-0.0295,0.0007,-0.287,-0.0195,0.0005,-0.1002
3789,3.789,-0.0047,-0.0035,-0.1891,-0.0176,0.1093,0.1825
3790,3.79,0.0317,-0.0005,-0.1002,-0.0159,0.1425,0.269
3791,3.791,0.056,-0.003,-0.0195,0.0041,0.113,0.3471
3792,3.792,0.0517,-0.006,0.0044,0.0122,0.1401,0.2776
3793,3.793,0.0238,-0.0089,0.1159,0.0246,0.1155,0.2142
3794,3.794,-0.0236,-0.0078,0.2174,0.018,0.4067,0.621
3795,3.795,-0.0429,-0.0026,0.1987,-0.0085,0.3671,0.8856
3796,3.796,-0.0255,0.0059,0.0806,-0.005,0.0417,0.3568
3797,3.797,-0.0095,0.0049,0.0343,-0.0082,-0.0902,-0.1368
3798,3.798,-0.0048,0.006,0.02,-0.0053,-0.1305,-0.2021
3799,3.799,0.0261,0.0015,0.0319,-0.0135,-0.095,-0.2608
3800,3.8,0.0461,-0.0011,0.0887,-0.0258,-0.1282,-0.3141
3801,3.801,0.0078,-0.0031,0.0121,-0.0107,-0.0953,-0.2141
3802,3.802,-0.0176,-0.0024,-0.0617,0.0096,-0.3041,-0.4542
3803,3.803,-0.0144,-0.0102,-0.1669,0.0122,-0.3858,-0.9348
3804,3.804,-0.0233,-0.0071,-0.2371,0.0145,-0.164,-0.615
3805,3.805,-0.0206,-0.0007,-0.1743,0.0211,0.0452,0.0258
3806,3.806,0.0017,0.0122,-0.0481,0.0026,0.0727,0.2829
3807,3.807,0.0165,0.0029,0.0693,0.0049,0.1466,0.2068
3808,3.808,0.0084,-0.0022,0.0537,0.0071,0.1244,0.2778
3809,3.809,-0.0188,-0.0037,0.0391,-0.0031,0.1041,0.2145
3810,3.81,-0.0369,-0.0051,0.1013,0.0024,0.1965,0.1569
3811,3.811,-0.027,-0.0063,0.2268,0.0176,0.4152,0.7382
3812,3.812,-0.0121,-0.0007,0.2426,0.0277,0.2065,0.6614
3813,3.813,0.0127,0.0088,0.1963,0.0147,0.016,0.1683
3814,3.814,0.016,0.0051,0.1543,-0.0107,-0.1081,-0.1531
3815,3.815,-0.0048,0.0041,0.0403,-0.0288,-0.0864,-0.2125
3816,3.816,-0.0294,0.0071,-0.0977,-0.0125,-0.1477,-0.2661
3817,3.817,-0.0261,0.0098,-0.2276,-0.0275,-0.1298,-0.3149
3818,3.818,0.0011,0.0106,-0.3458,-0.0084,-0.1468,-0.1845
3819,3.819,0.012,0.0084,-0.1167,-0.0157,-0.3766,-0.6214
3820,3.82,0.035,0.0019,-0.0186,-0.0135,-0.3441,-0.9123
3821,3.821,0.0498,-0.0059,0.011,-0.0114,-0.0754,-0.331
3822,3.822,0.0197,-0.009,0.0379,-0.0021,0.1055,0.2122
3823,3.823,-0.0082,-0.0006,0.1114,-0.0004,0.1387,0.2838
3824,3.824,-0.0263,-0.0016,0.0441,-0.0142,0.1686,0.3485
3825,3.825,-0.0166,-0.0089,-0.0168,-0.0123,0.1417,0.291
3826,3.826,-0.0018,-0.0044,0.0387,0.0063,0.068,0.2386
3827,3.827,0.0229,0.0034,0.0892,0.0086,0.3143,0.3828
3828,3.828,0.0261,0.0043,0.0739,0.0064,0.4128,0.9507
3829,3.829,0.0053,-0.0042,0.0601,0.0125,0.1441,0.5639
3830,3.83,-0.0084,-0.0052,0.0726,0.0255,-0.037,0.0703
3831,3.831,-0.0157,-0.0042,0.1763,0.0204,-0.0707,-0.2511
3832,3.832,-0.0046,-0.0034,0.1907,0.0098,-0.1009,-0.1942
3833,3.833,-0.0025,-0.0043,0.0776,0.0028,-0.1283,-0.2476
3834,3.834,0.0031,-0.0036,0.0319,0.0192,-0.1039,-0.2963
3835,3.835,-0.0087,-0.0143,0.0178,0.0258,-0.1712,-0.2531
3836,3.836,-0.0225,-0.0158,0.0303,0.0238,-0.436,-0.8486
3837,3.837,-0.0168,-0.0033,0.042,0.0033,-0.2557,-0.764
3838,3.838,-0.0152,-0.0017,-0.0308,-0.0158,-0.0253,-0.2215
3839,3.839,-0.023,0.0059,-0.0209,-0.0135,0.0648,0.2723
3840,3.84,-0.0105,0.0128,0.0054,-0.0069,0.1465,0.2096
3841,3.841,0.0149,0.0216,-0.1116,-0.0211,0.1224,0.2682
3842,3.842,0.0624,0.0112,-0.33,-0.0267,0.145,0.3217
3843,3.843,0.0433,0.0043,-0.1802,-0.0081,0.1248,0.1779
3844,3.844,0.026,0.0005,-0.098,-0.0057,0.4027,0.6583
3845,3.845,0.0102,0.0015,-0.0722,-0.0035,0.3634,0.8504
3846,3.846,0.0054,-0.0038,-0.0486,-0.0015,0.0382,0.3269
3847,3.847,-0.0079,-0.003,0.0134,0.0004,-0.0935,-0.1669
3848,3.848,0.0039,-0.0005,0.0328,0.0055,-0.1336,-0.2324
3849,3.849,0.0367,0.0064,0.0839,0.007,-0.0979,-0.2914
3850,3.85,0.0235,-0,0.161,0.0111,-0.1309,-0.3448
3851,3.851,0.0435,0.0059,0.092,0.0199,-0.1012,-0.2013
3852,3.852,0.0326,0.008,-0.097,0.0143,-0.2908,-0.42
3853,3.853,0.0029,0.0002,-0.2321,0.0112,-0.4141,-0.9365
3854,3.854,-0.0089,-0.0008,-0.158,0.0048,-0.1674,-0.5851
3855,3.855,-0.0197,-0.0112,-0.1353,0.0107,0.0632,-0.0084
3856,3.856,-0.0228,-0.0043,-0.0332,-0.0008,0.0937,0.2254
3857,3.857,-0.0199,-0.0031,0.2451,-0.0161,0.1213,0.2966
3858,3.858,-0.0335,-0.0041,0.3648,-0.006,0.1462,0.2332
3859,3.859,-0.0507,-0.0052,0.3293,-0.0153,0.0793,0.2916
3860,3.86,-0.0485,-0.0025,0.1656,-0.0069,0.1811,0.239
3861,3.861,-0.0464,-0.0084,-0.0425,-0.0054,0.4221,0.8635
3862,3.862,-0.037,0.0015,-0.0689,0.0042,0.2581,0.7787
3863,3.863,-0.0284,0.0028,-0.0927,0.0155,-0.0109,0.2362
3864,3.864,-0.0177,-0.0009,-0.1593,0.0201,-0.1197,-0.1168
3865,3.865,-0.0107,0.0023,-0.1793,0.0076,-0.0872,-0.1819
3866,3.866,-0.0069,0.0138,-0.0865,-0.0178,-0.1171,-0.2406
3867,3.867,0.0102,0.0152,0.0314,-0.0214,-0.1443,-0.2939
3868,3.868,0.0473,0.0139,0.0774,-0.0444,-0.1197,-0.2462
3869,3.869,0.1061,0.0076,-0.131,-0.0473,-0.366,-0.6394
3870,3.87,0.0515,0.002,-0.1008,-0.0172,-0.3333,-0.9039
3871,3.871,0.0303,-0.0033,-0.019,-0.0054,-0.0643,-0.375
3872,3.872,0.0111,-0.0079,-0.0431,-0.009,0.117,0.1188
3873,3.873,0.0286,-0.0138,-0.0202,-0.0122,0.0849,0.1844
3874,3.874,0.0126,-0.0086,0.0411,0.0027,0.1151,0.2431
3875,3.875,-0.0212,-0.0092,0.0965,0.0108,0.1426,0.2965
3876,3.876,-0.0432,-0.005,0.0457,0.0131,0.1183,0.2486
3877,3.877,-0.0392,0.0003,-0.0003,0.0197,0.2752,0.3796
3878,3.878,-0.0282,-0.0062,0.1251,0.0217,0.3772,0.8958
3879,3.879,-0.0049,0.0033,0.0751,0.0274,0.1735,0.5444
3880,3.88,0.0101,-0.0029,-0.1236,0.0122,-0.0712,-0.0327
3881,3.881,-0.0144,-0.0107,-0.0963,0.0103,-0.1046,-0.2665
3882,3.882,-0.0442,-0.0138,0.0765,0.0159,-0.1348,-0.1976
3883,3.883,-0.0562,-0.0016,0.0992,0.0041,-0.108,-0.2623
3884,3.884,-0.0528,0.0103,-0.0022,-0.0127,-0.0836,-0.321
3885,3.885,-0.0032,0.0087,-0.1316,-0.0149,-0.1957,-0.2688
3886,3.886,0.0894,0.0101,-0.0812,-0.0047,-0.4195,-0.7976
3887,3.887,0.1019,0.0064,-0.066,0.0009,-0.2706,-0.7281
3888,3.888,0.0444,0.0008,0.0311,0.0128,-0.026,-0.1518
3889,3.889,-0.0077,-0.0106,0.1445,0.0112,0.0731,0.2366
3890,3.89,-0.0361,-0.006,0.1594,0.0071,0.1034,0.1676
3891,3.891,-0.0447,-0.0047,-0.0496,0.0059,0.1307,0.232
3892,3.892,-0.0525,0.0042,-0.199,-0.0112,0.1064,0.2904
3893,3.893,-0.0596,0.0074,-0.2263,-0.0089,0.1289,0.2378
3894,3.894,0.0116,0.0232,-0.2508,-0.0067,0.3935,0.67
3895,3.895,0.0971,0.0254,-0.1837,-0.0127,0.3576,0.8445
3896,3.896,0.0626,0.007,-0.0823,-0.0109,0.0618,0.3683
3897,3.897,0.0523,-0.0054,0.0838,-0.0058,-0.0579,-0.0811
3898,3.898,0.0238,-0.0032,0.1507,0.0019,-0.0946,-0.257
3899,3.899,0.015,-0.0011,0.171,0.0088,-0.1278,-0.2052
3900,3.9,-0.0084,-0.0067,0.1526,0.01,-0.1579,-0.254
3901,3.901,-0.0297,-0.005,0.1023,0.0132,-0.077,-0.2109
3902,3.902,-0.0287,0.0018,0.1,0.0075,-0.2861,-0.409
3903,3.903,-0.0351,0.0003,0.0541,0.0106,-0.4095,-0.9255
3904,3.904,-0.0295,-0.0011,0.0678,0.0191,-0.163,-0.5742
3905,3.905,-0.0137,0.0001,0.0553,0.0201,0.0675,0.0026
3906,3.906,0.0104,-0.0031,-0.0023,0.0065,0.0979,0.2363
3907,3.907,-0.0029,-0.0021,0.0703,0.0083,0.1253,0.3075
3908,3.908,-0.0069,-0.0029,0.1367,0.01,0.15,0.2442
3909,3.909,-0.0034,0.0013,0.0421,0.0054,0.083,0.3026
3910,3.91,-0.0265,0.0066,-0.0459,-0.0016,0.1847,0.2499
3911,3.911,-0.0294,0.0086,-0.0803,-0.0205,0.4254,0.6822
3912,3.912,0.0007,-0.0009,-0.07,-0.0286,0.2613,0.6245
3913,3.913,0.0125,-0.0022,-0.0038,-0.0262,-0.0078,0.1478
3914,3.914,0.0161,0.0015,0.0047,-0.0239,-0.1168,-0.1737
3915,3.915,0.059,0.0005,-0.066,-0.0096,-0.1501,-0.2333
3916,3.916,0.0532,0.0057,-0.0756,0.0034,-0.1802,-0.2869
3917,3.917,0.0051,0.0066,-0.0668,-0.0017,-0.1535,-0.2397
3918,3.918,-0.0141,0.0007,-0.0745,0.0122,-0.0799,-0.1967
3919,3.919,-0.0199,-0.0093,-0.0956,0.0103,-0.3713,-0.6337
3920,3.92,-0.0146,-0.0162,-0.0373,0.0018,-0.3319,-0.9247
3921,3.921,0.0095,-0.01,-0.0452,-0.0027,-0.0792,-0.3434
3922,3.922,0.0227,-0.0132,0.0615,0.0181,0.0856,0.1997
3923,3.923,0.0026,-0.0227,0.2908,0.033,0.116,0.2713
3924,3.924,-0.0375,-0.0215,0.3234,0.0138,0.1434,0.3359
3925,3.925,-0.0429,-0.0044,0.1739,-0.0085,0.1191,0.2785
3926,3.926,-0.0671,0.0079,-0.0704,-0.0056,0.097,0.226
3927,3.927,-0.089,0.0058,-0.2349,-0.0357,0.2802,0.3702
3928,3.928,-0.0771,0.0078,-0.1456,-0.0475,0.4035,0.9382
3929,3.929,-0.0225,0.0097,-0.1183,-0.0294,0.2017,0.5514
3930,3.93,0.095,0.0046,-0.1424,-0.0326,-0.043,0.0578
3931,3.931,0.1455,0.003,-0.1645,-0.0178,-0.0765,-0.2636
3932,3.932,0.069,0.0044,-0.144,-0.004,-0.1067,-0.2067
3933,3.933,-0.0006,0.0032,-0.051,0.0033,-0.134,-0.26
3934,3.934,-0.0134,0.0087,-0.0002,0.0011,-0.1096,-0.2125
3935,3.935,-0.0021,-0.005,0.0765,-0.009,-0.1768,-0.2565
3936,3.936,0.008,-0.0105,0.118,0.004,-0.4414,-0.852
3937,3.937,-0.0015,-0.0055,0.1305,0.0226,-0.1891,-0.7672
3938,3.938,-0.0101,0.0021,0.142,0.0299,-0.0244,-0.2246
3939,3.939,-0.0024,0.0062,0.132,0.0277,0.1254,0.2692
3940,3.94,0.033,0.0025,0.0661,0.0134,0.0988,0.2066
3941,3.941,0.0265,-0.0079,-0.0629,0.0041,0.1236,0.2652
3942,3.942,-0.0145,-0.0038,-0.1552,0.0057,0.1016,0.3186
3943,3.943,-0.0411,-0.0101,0.0298,0.0011,0.122,0.1749
3944,3.944,-0.0459,-0.0023,0.1529,0.008,0.3629,0.6555
3945,3.945,-0.0151,0.0135,0.3094,0.0116,0.3303,0.8478
3946,3.946,0.037,0.0069,0.1258,0.0037,0.0615,0.3244
3947,3.947,0.0726,0.0009,-0.047,-0.0121,-0.0474,-0.1692
3948,3.948,0.0275,0.0027,-0.1144,0.0034,-0.0807,-0.2346
3949,3.949,-0.0253,0.0078,-0.0942,0.0217,-0.1107,-0.2934
3950,3.95,-0.0323,0.0124,-0.0757,-0.0007,-0.138,-0.3468
3951,3.951,-0.0257,-0.0057,-0.126,-0.0278,-0.1136,-0.203
3952,3.952,-0.0082,-0.0033,-0.1108,-0.0097,-0.2703,-0.4215
3953,3.953,0.0078,0.0033,-0.0689,-0.0065,-0.4128,-0.9377
3954,3.954,0.0123,0.0012,0.0197,-0.0153,-0.1718,-0.5863
3955,3.955,0.0077,-0.0006,0.1924,0.0038,0.0587,-0.0093
3956,3.956,0.0115,-0.0023,0.0695,0.0162,0.0892,0.2246
3957,3.957,0.0079,0.0115,-0.087,0.0228,0.1166,0.2961
3958,3.958,-0.0151,0.0096,-0.1475,0.0167,0.1415,0.361
3959,3.959,-0.03,0.0012,-0.1287,-0.0075,0.1194,0.3036
3960,3.96,-0.0274,0.0027,-0.0782,-0.0173,0.1804,0.2513
3961,3.961,-0.0202,0.0014,-0.0632,-0.0202,0.4213,0.876
3962,3.962,0.0001,0.0026,-0.0494,-0.023,0.2573,0.7913
3963,3.963,0.0303,-0.0029,0.0389,-0.0108,-0.0117,0.2487
3964,3.964,0.0343,0.0044,-0.0417,0.0002,-0.1205,-0.2449
3965,3.965,0.0091,-0.002,-0.0315,0.0103,-0.0881,-0.1822
3966,3.966,0.0061,0.0022,0.0156,0.012,-0.1181,-0.2409
3967,3.967,0.021,0.0016,0.0067,-0.0066,-0.1454,-0.2941
3968,3.968,0.0019,-0.0077,0.0612,-0.0041,-0.121,-0.2462
3969,3.969,-0.0005,-0.0039,0.0821,0.0071,-0.3674,-0.6392
3970,3.97,0.0107,-0.0095,0.1269,0.0174,-0.3347,-0.9035
3971,3.971,-0.0034,-0.0105,0.1797,0.0342,-0.1257,-0.3745
3972,3.972,0.0022,-0.0077,0.2151,0.023,0.0647,0.1195
3973,3.973,-0.0129,-0.0051,0.2735,0.0129,0.0899,0.1851
3974,3.974,-0.0434,-0.0073,0.2189,-0.0001,0.1126,0.2441
3975,3.975,-0.0832,-0.0009,0.112,0.0083,0.1331,0.2976
3976,3.976,-0.078,0.0017,-0.1179,0.0007,0.0778,0.2499
3977,3.977,-0.0247,0.0011,-0.2827,-0.0089,0.2966,0.381
3978,3.978,-0.0033,0.0076,-0.3132,-0.0077,0.386,0.8974
3979,3.979,-0.0225,0.0171,-0.2327,-0.0155,0.1962,0.5461
3980,3.98,0.0069,0.0084,-0.209,-0.0312,-0.0756,-0.0308
3981,3.981,0.0871,0.0094,-0.1426,-0.0289,-0.1123,-0.2644
3982,3.982,0.1218,0.0125,-0.1231,-0.039,-0.1456,-0.1954
3983,3.983,0.1322,0.004,-0.0312,-0.0297,-0.1161,-0.2598
3984,3.984,0.0848,-0.0015,0.086,-0.0043,-0.0894,-0.3184
3985,3.985,0.0417,-0.0005,0.1314,0.0066,-0.1632,-0.2659
3986,3.986,0.0028,-0.0069,0.0616,0.0099,-0.4099,-0.7944
3987,3.987,-0.0184,-0.0061,-0.0523,0.0187,-0.2459,-0.7246
3988,3.988,-0.0248,-0.0009,-0.0679,0.0161,0.0232,-0.1482
3989,3.989,-0.0304,0.0027,-0.0824,0.0185,0.1319,0.2404
3990,3.99,-0.0356,0.0022,-0.0454,0.0163,0.0995,0.1717
3991,3.991,-0.0308,-0.0066,0.0342,0.0143,0.1294,0.2365
3992,3.992,-0.0263,-0.0104,0.0853,0.0124,0.1025,0.2951
3993,3.993,-0.0145,-0.0159,0.2266,0.0209,0.1271,0.2427
3994,3.994,-0.0181,-0.015,0.3274,0.0315,0.3735,0.5791
3995,3.995,-0.0278,-0.0158,0.3083,0.0246,0.3407,0.8851
3996,3.996,-0.0485,-0.0201,0.2233,0.0184,0.0718,0.3686
3997,3.997,-0.0785,-0.0116,0.115,0.0059,-0.1094,-0.1253
3998,3.998,-0.0984,-0.0061,-0.0668,0.0008,-0.143,-0.1908
3999,3.999,-0.0875,0.0096,-0.141,-0.0007,-0.1137,-0.2497
4000,4,-0.0512,0.0208,-0.0742,-0.0159,-0.1411,-0.3032
4001,4.001,0.0215,0.0146,-0.2986,-0.0301,-0.0677,-0.2557
4002,4.002,0.1571,0.0164,-0.2696,-0.0431,-0.2695,-0.3868
4003,4.003,0.1489,0.0125,-0.185,-0.052,-0.399,-0.9485
4004,4.004,0.0563,0.0108,-0.2128,-0.0367,-0.155,-0.5915
4005,4.005,0.0394,0.0122,-0.2379,-0.0225,0.0753,-0.0616
4006,4.006,0.0241,0.0025,-0.2159,-0.0095,0.1057,0.1507
4007,4.007,0.0102,-0.0089,-0.1147,-0.001,0.133,0.2157
4008,4.008,0.0227,-0.0135,0.0141,0.0067,0.1086,0.2744
4009,4.009,0.0111,-0.0095,0.1311,0.0163,0.0864,0.3276
4010,4.01,0.0006,-0.0083,0.0233,0.0327,0.188,0.2796
4011,4.011,-0.0279,-0.0074,0.0084,0.0483,0.3917,0.8474
4012,4.012,-0.0711,-0.0084,0.0453,0.0462,0.202,0.7704
4013,4.013,-0.0789,-0,0.1023,0.0406,-0.0205,0.2773
4014,4.014,-0.0717,-0.0079,0.1332,0.0151,-0.1107,-0.1721
4015,4.015,-0.0005,-0.0131,0.1046,-0.025,-0.0842,-0.2318
4016,4.016,0.0469,0.0008,0.0439,-0.0515,-0.1091,-0.2854
4017,4.017,0.0383,0.0069,0.161,-0.0659,-0.1318,-0.3342
4018,4.018,-0.0164,0.0012,0.1101,-0.0616,-0.0712,-0.2037
4019,4.019,-0.0236,-0.0107,0.0027,-0.0095,-0.349,-0.6406
4020,4.02,-0.0173,-0.0062,-0.0673,0.0118,-0.3097,-0.9316
4021,4.021,-0.0231,-0.0021,-0.0552,0.0182,-0.129,-0.3504
4022,4.022,-0.0072,0.0041,0.0019,0.024,0.1013,0.1928
4023,4.023,0.0266,0.0073,0.0537,0.0081,0.1317,0.2644
4024,4.024,0.0573,0.002,0.063,0.0033,0.105,0.3289
4025,4.025,0.005,-0.0008,0.0888,-0.0012,0.1297,0.2713
4026,4.026,-0.0164,0.0087,0.0654,-0.013,0.1076,0.2188
4027,4.027,-0.0229,0.0049,0.1005,-0.0166,0.2908,0.363
4028,4.028,-0.0172,-0.01,0.1324,-0.0134,0.4142,0.9309
4029,4.029,-0.0014,0.0001,0.1262,0.0073,0.1675,0.5441
4030,4.03,0.0422,0.0094,0.067,0.0154,-0.0629,0.0505
4031,4.031,0.0364,0.0111,-0.0039,0.0129,-0.0934,-0.271
4032,4.032,-0.0008,0.0035,-0.0322,0.0107,-0.1209,-0.2142
4033,4.033,-0.0249,0.0076,-0.0405,0.0045,-0.1457,-0.2676
4034,4.034,-0.0469,0.0163,-0.126,0.0063,-0.1234,-0.3162
4035,4.035,-0.0351,0.0107,-0.1599,0.008,-0.1844,-0.2729
4036,4.036,-0.0172,-0.0008,-0.0236,0.0035,-0.4252,-0.8686
4037,4.037,-0.0075,0.0007,0.0695,0.0048,-0.2612,-0.7839
4038,4.038,0.0072,0.0104,0.0868,0.0162,0.008,-0.2413
4039,4.039,-0.001,-0.001,0.1332,0.0177,0.1169,0.112
4040,4.04,0.0161,-0.0086,0.0643,0.0191,0.0846,0.3052
4041,4.041,0.0407,-0.0045,-0.0236,0.0253,0.1147,0.2478
4042,4.042,-0.0024,0.0018,0.0344,0.0082,0.142,0.3011
4043,4.043,-0.0317,0.0008,-0.0173,-0.0291,0.1176,0.2535
4044,4.044,-0.0265,0.006,0.1255,-0.0133,0.3642,0.6468
4045,4.045,-0.0122,0.0088,0.1463,-0.0181,0.3316,0.9111
4046,4.046,0.0276,-0.0007,-0.131,-0.0226,0.1226,0.3823
4047,4.047,0.0435,-0.0069,-0.4084,-0.0109,-0.0678,-0.1115
4048,4.048,0.0291,-0.0012,-0.372,-0.0074,-0.0929,-0.177
4049,4.049,0.0248,0.0083,-0.0763,-0.024,-0.1156,-0.2359
4050,4.05,0.0367,0.0072,-0.0365,-0.0269,-0.1361,-0.2893
4051,4.051,0.0476,-0.0031,-0.0003,-0.0078,-0.1178,-0.2418
4052,4.052,0.0445,-0.0016,0.0982,0.0045,-0.2691,-0.3729
4053,4.053,0.0358,0.0022,0.0088,0.0022,-0.4115,-0.9686
4054,4.054,-0.0053,-0.0034,-0.0721,-0.0039,-0.1706,-0.5432
4055,4.055,0.0004,0.0062,0.0022,0.0017,0.0599,-0.0001
4056,4.056,-0.005,0.0051,0.0703,0.0035,0.0905,0.2124
4057,4.057,-0.0098,-0.0074,0.0508,0.0081,0.118,0.2774
4058,4.058,0.021,-0.0023,0.1073,0.0068,0.1429,0.3361
4059,4.059,0.001,-0.0099,0.2933,0.0105,0.1208,0.2838
4060,4.06,-0.0319,-0.0085,0.1221,0.0209,0.1819,0.2361
4061,4.061,-0.0275,-0.0073,-0.0338,0.0279,0.4228,0.8041
4062,4.062,-0.0394,-0.0041,-0.1343,0.0267,0.2588,0.7272
4063,4.063,-0.0576,-0.005,-0.1516,0.0165,-0.0102,0.2343
4064,4.064,-0.0413,0.0091,-0.0662,-0.0016,-0.119,-0.2149
4065,4.065,-0.0143,0.0071,-0.0194,-0.004,-0.0865,-0.2744
4066,4.066,0.0111,-0.0021,0.1063,0.0116,-0.1165,-0.328
4067,4.067,0.0144,-0.0037,0.0564,0.0136,-0.1436,-0.2807
4068,4.068,-0.0063,-0.0052,0.1028,-0.0107,-0.1191,-0.2375
4069,4.069,-0.0143,-0.0038,0.1171,-0.0271,-0.3655,-0.595
4070,4.07,-0.0167,0,0.0796,-0.0358,-0.3327,-0.9318
4071,4.071,0.0037,-0.0031,-0.0006,-0.0056,-0.1236,-0.3636
4072,4.072,0.0174,0.0042,-0.0733,0.0145,0.0669,0.1797
4073,4.073,0.0101,0.0016,-0.1395,0.0037,0.0922,0.2516
4074,4.074,-0.0101,0.0059,-0.1826,-0.0126,0.115,0.3165
4075,4.075,-0.0126,0.0007,-0.0808,-0.0155,0.1357,0.2593
4076,4.076,0.0247,-0.0012,-0.0393,-0.0073,0.0805,0.2068
4077,4.077,0.0728,0.0005,0.0237,0.01,0.2994,0.351
4078,4.078,0.0277,0.0023,0.1504,0.0035,0.389,0.9189
4079,4.079,-0.0132,-0.0035,0.1341,-0.0066,0.1993,0.5321
4080,4.08,-0.029,-0.0072,-0.0643,0.0028,-0.0723,0.0385
4081,4.081,-0.0145,-0.0023,-0.1997,0.0113,-0.109,-0.283
4082,4.082,0.0163,-0.0006,-0.1755,0.0099,-0.1421,-0.2262
4083,4.083,0.0124,-0.0011,-0.109,-0.0109,-0.1126,-0.2797
4084,4.084,-0.0057,0.0014,-0.0893,-0.008,-0.0856,-0.2322
4085,4.085,-0.0025,0.0026,-0.0716,0.0002,-0.1594,-0.2763
4086,4.086,-0.0113,0.0023,-0.0555,-0.007,-0.4507,-0.872
4087,4.087,-0.0033,0.0004,-0.0711,-0.0048,-0.2523,-0.7874
4088,4.088,0.004,-0.0006,-0.0293,-0.0027,0.0008,-0.2449
4089,4.089,-0.0207,-0.0017,0.1096,0.0066,0.1001,0.2488
4090,4.09,-0.0239,-0.0048,0.1279,0.0118,0.1304,0.1862
4091,4.091,-0.009,-0.0068,0.1442,0.0196,0.1579,0.2448
4092,4.092,-0.0117,-0.0059,0.1588,0.0238,0.1338,0.2982
4093,4.093,-0.019,-0.0027,0.1442,0.0327,0.1117,0.2504
4094,4.094,-0.0257,-0.0066,0.0549,0.036,0.3764,0.6436
4095,4.095,-0.0317,-0.0041,-0.0034,0.0266,0.3406,0.9081
4096,4.096,-0.0261,-0.0072,-0.0352,0.0077,0.1105,0.3793
4097,4.097,-0.0209,-0.0017,-0.1023,0.005,-0.0987,-0.1146
4098,4.098,-0.0314,0.0067,-0.0254,-0.0122,-0.0722,-0.1802
4099,4.099,-0.0106,0.0076,0.0887,-0.0458,-0.1463,-0.2393
4100,4.1,0.0344,0.0003,0.0119,-0.0314,-0.1242,-0.2927
4101,4.101,0.1186,-0.0043,0.1925,-0.0358,-0.1041,-0.2453
4102,4.102,0.1071,-0.0035,0.0692,-0.0319,-0.2707,-0.3765
4103,4.103,0.055,0.0016,-0.1327,-0.021,-0.3829,-0.9723
4104,4.104,0.043,-0.0025,-0.3193,-0.0151,-0.1815,-0.5933
4105,4.105,-0.0044,0.0068,-0.1841,-0.0051,0.043,0.0038
4106,4.106,-0.0303,0.0079,-0.1106,-0.0021,0.0735,0.2374
4107,4.107,-0.0071,0.0089,-0.0439,-0.0047,0.1009,0.3085
4108,4.108,-0,0.0078,-0.065,0.0126,0.1257,0.2451
4109,4.109,-0.0324,0.0141,-0.0472,0.0105,0.1035,0.3034
4110,4.11,-0.0267,0.0046,-0.1654,0.0126,0.1644,0.2508
4111,4.111,0.0105,0.0057,-0.1813,0.0183,0.4422,0.7792
4112,4.112,0.0248,-0.0047,-0.1682,0.0065,0.2438,0.7092
4113,4.113,0.0115,-0.0172,0.0205,0.0019,-0.0093,0.2605
4114,4.114,-0.0004,-0.0189,0.2635,-0.005,-0.1085,-0.148
4115,4.115,-0.0405,-0.0144,0.1643,-0.0038,-0.1389,-0.2023
4116,4.116,-0.0564,0.0008,0.0741,0.0132,-0.1122,-0.2513
4117,4.117,-0.0321,-0.0012,0.1546,-0.0041,-0.137,-0.2956
4118,4.118,-0.0187,-0.0068,0.1294,-0.0245,-0.1149,-0.177
4119,4.119,0.0014,-0.0119,-0.0281,-0.0164,-0.3796,-0.6463
4120,4.12,0.0197,-0.0074,0.0323,0.0107,-0.3439,-0.9664
4121,4.121,0.0101,-0.0087,0.1615,0.0142,-0.1139,-0.4432
4122,4.122,-0.017,0,0.1778,0.0173,0.0953,0.0506
4123,4.123,-0.0205,0.001,0.131,0.0085,0.0687,0.1162
4124,4.124,-0.0238,-0.002,0.1164,0.0004,0.1427,0.2913
4125,4.125,-0.0267,0.0044,0.0276,-0.002,0.1205,0.3447
4126,4.126,-0.0077,0.0138,-0.0992,-0.0085,0.1002,0.297
4127,4.127,-0.0053,0.0101,-0.3181,-0.0146,0.2668,0.428
4128,4.128,0.0102,0.0179,-0.3478,-0.0053,0.4237,0.9442
4129,4.129,0.0243,0.0189,-0.1037,0.0065,0.1588,0.5929
4130,4.13,0.0112,0.0124,0.1916,0.0111,-0.0224,0.016
4131,4.131,0.0195,0.0149,0.2311,0.0207,-0.0561,-0.2176
4132,4.132,0.0425,0.0049,0.1948,0.0068,-0.146,-0.2889
4133,4.133,0.0326,-0.0047,0.2273,0.0087,-0.1194,-0.2256
4134,4.134,0.0177,0.0015,0.0778,0.0137,-0.0953,-0.284
4135,4.135,0.0367,0.0071,-0.0579,0.006,-0.1627,-0.2313
4136,4.136,0.044,-0.0043,-0.3291,-0.001,-0.4275,-0.8559
4137,4.137,0.0147,-0.0028,-0.221,-0.0098,-0.2474,-0.7711
4138,4.138,-0.0214,0.0013,-0.0568,-0.0269,-0.0173,-0.2285
4139,4.139,-0.0261,0.0025,0.0329,-0.0493,0.0726,0.2655
4140,4.14,0.0136,0.0035,0.1143,-0.0701,0.0458,0.2032
4141,4.141,0.0402,-0.0017,0.1883,-0.029,0.1197,0.2621
4142,4.142,0.0063,-0.0044,0.2108,0.0002,0.0974,0.3156
4143,4.143,-0.0598,-0.0019,0.1092,0.0161,0.1176,0.1719
4144,4.144,-0.0692,0.0066,0.0537,0.0207,0.3952,0.5653
4145,4.145,-0.0432,0.017,-0.0979,0.025,0.3556,0.9355
4146,4.146,-0.0354,0.0045,-0.1996,0.0211,0.1026,0.4069
4147,4.147,0.0001,-0.004,-0.1807,0.0174,-0.0624,-0.0868
4148,4.148,0.0324,-0.0055,-0.1298,0.0271,-0.093,-0.28
4149,4.149,0.0266,-0.0041,-0.1443,0.0358,-0.1206,-0.2228
4150,4.15,0.0106,-0.003,-0.1017,0.0057,-0.1456,-0.2761
4151,4.151,-0.0039,0.0003,-0.063,-0.0223,-0.0788,-0.2283
4152,4.152,-0.026,-0.0007,-0.0046,-0.0476,-0.2623,-0.3594
4153,4.153,-0.0142,-0.0129,-0.0562,-0.0378,-0.3858,-0.9551
4154,4.154,0.0038,-0.0078,-0.0275,-0.0229,-0.1842,-0.5297
4155,4.155,0.0069,-0.0063,0.1019,-0.0147,0.0603,0.0135
4156,4.156,0.0038,0.0007,0.2318,0.0025,0.0937,0.226
4157,4.157,-0.0045,0.0019,0.1481,0.0137,0.1237,0.2911
4158,4.158,0.0078,-0.0037,0.0722,0.0076,0.1509,0.2339
4159,4.159,0.0142,0.0016,0.0589,0.0169,0.1265,0.2871
4160,4.16,0.004,-0.0011,-0.0036,0.0152,0.1488,0.2395
4161,4.161,0.002,-0.0053,0.0084,0.0228,0.4134,0.8075
4162,4.162,0.0002,-0.0138,0.0817,0.0187,0.2331,0.7307
4163,4.163,-0.0137,-0.0128,0.0538,0.0225,0.0027,0.2377
4164,4.164,-0.012,-0.0098,0.1668,0.0303,-0.0875,-0.2115
4165,4.165,-0.0375,-0.0144,0.0608,0.0293,-0.1151,-0.2708
4166,4.166,-0.0704,-0.0049,0.0201,0.0321,-0.14,-0.3243
4167,4.167,-0.0837,-0.0011,0.0084,0.0244,-0.1179,-0.2767
4168,4.168,-0.0877,0.0021,-0.1175,0.0149,-0.0977,-0.2334
4169,4.169,-0.033,0.0031,-0.1673,0.0086,-0.3754,-0.5907
4170,4.17,0.0532,0.0077,-0.0906,-0.0085,-0.336,-0.9274
4171,4.171,0.0877,0.0052,0.1183,-0.0209,-0.0832,-0.4467
4172,4.172,0.0774,0.0045,0.0293,-0.032,0.0817,0.1305
4173,4.173,0.068,-0.0032,-0.106,-0.0341,0.1122,0.2095
4174,4.174,0.0593,-0.0002,-0.1304,-0.036,0.1397,0.2806
4175,4.175,0.036,0.0063,-0.1525,-0.0241,0.1156,0.3453
4176,4.176,0.0433,0.0056,-0.1726,-0.0072,0.0936,0.2878
4177,4.177,0.037,0.0109,-0.117,-0.0139,0.2769,0.3408
4178,4.178,0.0197,0.0088,-0.0327,-0.0078,0.4004,0.8695
4179,4.179,0.0038,-0.0006,-0.0172,0.0016,0.1987,0.5182
4180,4.18,-0.0107,0.0035,-0.0028,-0.0001,-0.0459,0.0692
4181,4.181,-0.0153,-0.0002,0.1366,0.0046,-0.0793,-0.2228
4182,4.182,-0.0035,0.0008,0.2297,0.0116,-0.1093,-0.2767
4183,4.183,0,-0.0129,0.1461,0.0079,-0.1366,-0.3254
4184,4.184,-0.0164,-0.011,0.0699,0.0089,-0.1121,-0.2822
4185,4.185,-0.0313,-0.0059,0.0283,0.0037,-0.1792,-0.2428
4186,4.186,-0.0286,-0.0074,-0.0857,0.0064,-0.403,-0.784
4187,4.187,-0.0214,-0.0004,-0.1013,-0.0031,-0.2539,-0.8617
4188,4.188,-0.0369,0.0059,0.0237,-0.017,-0.0093,-0.2278
4189,4.189,-0.0268,0.0003,0.0403,-0.0077,0.0901,0.1995
4190,4.19,-0.0026,0.0056,0.0249,0.0143,0.1204,0.2783
4191,4.191,-0.019,0.0102,0.0938,0.0171,0.1478,0.3492
4192,4.192,-0.046,0.0024,0.0809,0.0252,0.1237,0.2858
4193,4.193,-0.0788,0.0055,0.1612,0.0179,0.1016,0.228
4194,4.194,-0.0302,0.0063,0.0045,0.0113,0.3664,0.5977
4195,4.195,0.028,0.0106,-0.2869,0.0012,0.3308,0.9343
4196,4.196,0.0358,0.0113,-0.3268,-0.0044,0.1009,0.3662
4197,4.197,0.0571,0.012,-0.2911,-0.0128,-0.1083,-0.0224
4198,4.198,0.0765,0.0137,-0.3243,-0.0297,-0.0817,-0.2349
4199,4.199,0.1295,0.0049,-0.2351,-0.0409,-0.1065,-0.2998
4200,4.2,0.0799,-0.0064,-0.0997,-0.0593,-0.129,-0.2424
4201,4.201,0.0088,-0.0049,0.0725,-0.0421,-0.1088,-0.1901
4202,4.202,-0.0006,0.002,0.1842,-0.0085,-0.2753,-0.3344
4203,4.203,0.0081,0.0033,0.2043,0.0156,-0.3873,-0.9898
4204,4.204,-0.0151,-0.0045,0.1487,0.0112,-0.204,-0.522
4205,4.205,-0.0222,-0.0068,0.1025,0.0269,0.046,-0.0437
4206,4.206,-0.015,0.0005,0.052,0.0307,0.0713,0.2131
4207,4.207,-0.0213,-0.0041,0.0671,0.0199,0.1389,0.2914
4208,4.208,-0.0271,-0.0049,0.0254,0.0167,0.1189,0.2218
4209,4.209,-0.0219,-0.0011,0.0377,0.0137,0.1007,0.286
4210,4.21,-0.0171,-0.0017,0.0949,0.011,0.1513,0.2281
4211,4.211,0.0049,0.0078,0.0424,-0.0162,0.381,0.8091
4212,4.212,-0.0068,0.0064,-0.0623,-0.0416,0.2826,0.7321
4213,4.213,0.0041,0.0027,-0.104,-0.0318,0.0136,0.2389
4214,4.214,-0.0056,-0.0029,-0.0664,-0.023,-0.0952,-0.2104
4215,4.215,-0.0143,-0.0059,-0.055,0.0072,-0.1284,-0.27
4216,4.216,-0.0391,-0.0032,0.0178,0.011,-0.1585,-0.3236
4217,4.217,-0.049,-0.0023,0.0648,0.0145,-0.1316,-0.2762
4218,4.218,-0.0402,-0.003,0.0902,0.0243,-0.1072,-0.2329
4219,4.219,-0.0265,0.0035,0.0973,0.039,-0.3536,-0.5904
4220,4.22,-0.0239,-0.0025,0.1177,0.0252,-0.3867,-0.9271
4221,4.221,0.0056,-0.0124,0.0975,0.0128,-0.1177,-0.4465
4222,4.222,0.0019,-0.0165,0.0796,0.0104,0.0634,0.1306
4223,4.223,-0.0308,-0.0253,-0.0004,0.0002,0.0968,0.2095
4224,4.224,-0.0615,-0.0198,-0.1041,0.0057,0.1269,0.2806
4225,4.225,-0.0575,-0.0041,-0.0903,0.0107,0.1542,0.3452
4226,4.226,-0.0101,0.0206,-0.2293,-0.0063,0.0806,0.2876
4227,4.227,0.0611,0.0042,-0.1739,-0.0399,0.2823,0.3404
4228,4.228,0.1655,0.007,-0.0897,-0.0446,0.4179,0.9652
4229,4.229,0.1238,-0.0011,-0.0129,-0.0226,0.196,0.5398
4230,4.23,0.0607,0.0012,0.0012,-0.0188,-0.0133,-0.0033
4231,4.231,0.0031,-0.0011,-0.0615,-0.0079,-0.0953,-0.2156
4232,4.232,-0.0072,-0.0113,0.0424,0.0019,-0.1202,-0.2806
4233,4.233,0.0022,-0.0169,0.1126,0.0108,-0.1429,-0.3393
4234,4.234,-0.0065,-0.0052,0.176,0.0135,-0.1229,-0.2869
4235,4.235,0.0011,-0.0068,0.0958,0.0111,-0.1414,-0.2389
4236,4.236,-0.0203,0.0001,0.044,-0,-0.394,-0.8068
4237,4.237,-0.0396,0.0013,0.0535,0.006,-0.286,-0.7297
4238,4.238,-0.0339,0.0023,0.1657,0.019,0.0099,-0.2367
4239,4.239,-0.0392,0.0033,0.3647,0.0241,0.1295,0.2127
4240,4.24,-0.0248,0.0136,0.175,0.0041,0.0939,0.2723
4241,4.241,-0.0115,0.0149,0.0026,0.0068,0.127,0.326
4242,4.242,0.0085,0.0087,-0.1093,0.0141,0.0974,0.2787
4243,4.243,0.0266,0.0054,-0.1703,0.0029,0.0704,0.2355
4244,4.244,0.0299,0.0024,-0.1887,0.0008,0.3414,0.5931
4245,4.245,0.015,-0.0003,-0.1044,0.0063,0.3776,0.9298
4246,4.246,-0.0095,-0.0012,-0.0586,-0.0023,0.0818,0.4493
4247,4.247,-0.0192,-0.0005,-0.1285,-0.0039,-0.0379,-0.1278
4248,4.248,-0.0162,0.0101,-0.1162,-0.0053,-0.0746,-0.2066
4249,4.249,-0.0133,0.0025,0.0105,-0.0141,-0.1079,-0.2775
4250,4.25,-0.0156,-0.0045,0.0614,-0.011,-0.138,-0.3421
4251,4.251,-0.0176,-0.0058,0.0468,0.0047,-0.1111,-0.2843
4252,4.252,-0.036,-0.0091,-0.0494,-0.0019,-0.2344,-0.337
4253,4.253,-0.0483,-0.0248,-0.0355,0.0002,-0.3914,-0.9615
4254,4.254,-0.0148,-0.0002,0.0233,-0.0016,-0.1675,-0.5361
4255,4.255,0.0384,0.0096,0.0553,-0.0067,0.0417,0.0072
4256,4.256,0.0738,0.0007,-0.0102,0.0103,0.1236,0.2197
4257,4.257,0.0802,-0.0074,-0.0182,0.0125,0.0995,0.2849
4258,4.258,0.0272,-0.0002,-0.0254,-0.0059,0.1221,0.3437
4259,4.259,-0.0083,-0.0025,0.0248,-0.0035,0.102,0.2915
4260,4.26,-0.0148,0.0036,-0.0073,-0.019,0.1575,0.2437
4261,4.261,-0.0206,0.0166,-0.0721,-0.0375,0.41,0.8118
4262,4.262,-0.0365,0.0149,-0.1154,-0.0202,0.2298,0.7349
4263,4.263,-0.0027,0.0073,-0.0764,-0.018,-0.0005,0.2421
4264,4.264,0.0636,0.0032,-0.0549,0.0004,-0.0907,-0.2072
4265,4.265,0.0732,-0.0031,0.0425,0.0176,-0.1182,-0.2666
4266,4.266,0.013,-0.0041,0.1681,0.0198,-0.143,-0.3202
4267,4.267,-0.0416,0.0116,0.1522,0.0218,-0.1208,-0.2725
4268,4.268,-0.0488,0.0138,0.2602,0.0163,-0.1007,-0.229
4269,4.269,-0.0424,0.0036,0.3024,0.0146,-0.3784,-0.5861
4270,4.27,-0.0131,0.0055,0.1132,0.0223,-0.3389,-0.9227
4271,4.271,0.0241,0.014,-0.239,0.0015,-0.086,-0.442
4272,4.272,0.0098,0.0094,-0.1908,-0.0134,0.0789,0.1352
4273,4.273,-0.0209,0.0025,-0.1469,-0.0052,0.1094,0.2143
4274,4.274,-0.0248,0.0087,-0.1072,-0.0225,0.1369,0.2855
4275,4.275,0.0226,0.0077,-0.0712,-0.0291,0.1127,0.3502
4276,4.276,0.0418,-0.0059,-0.1039,-0.0271,0.0907,0.1765
4277,4.277,0.0245,-0.0077,-0.1336,-0.0103,0.274,0.335
4278,4.278,-0.002,-0.0026,-0.0522,0.0008,0.3975,0.9597
4279,4.279,-0.0162,0.002,-0.0763,-0.0134,0.1958,0.5344
4280,4.28,-0.0118,0.009,-0.0537,-0.0152,-0.0487,-0.0086
4281,4.281,0.0161,0.0079,-0.1146,0.0001,-0.0822,-0.2212
4282,4.282,0.0269,0.0002,0.0148,0.0021,-0.1123,-0.2863
4283,4.283,0.0366,-0.0112,0.0314,0.0003,-0.1395,-0.3452
4284,4.284,0.0217,-0.0097,-0.0146,0.0121,-0.115,-0.2931
4285,4.285,0.0025,-0.0136,0.0547,0.0198,-0.1821,-0.2454
4286,4.286,-0.0199,-0.0173,0.1174,0.0184,-0.4059,-0.8135
4287,4.287,-0.0349,-0.0204,0.1746,0.0172,-0.2569,-0.7368
4288,4.288,-0.0376,-0.0193,0.2051,0.0094,-0.0123,-0.244
4289,4.289,-0.0303,-0.0107,0.1381,0.0084,0.0871,0.2053
4290,4.29,-0.0238,-0.005,0.0945,0.0188,0.1174,0.2646
4291,4.291,-0.0259,-0.0059,0.1643,0.0202,0.1448,0.3181
4292,4.292,-0.0241,-0.0122,0.0401,0.019,0.1206,0.2706
4293,4.293,0.0013,-0.0147,-0.1124,0.0222,0.0985,0.2272
4294,4.294,-0.0168,-0.0139,-0.0931,0.0275,0.3632,0.5844
4295,4.295,-0.0265,-0.0032,0.1836,0.0135,0.3274,0.921
4296,4.296,0.0005,0.0138,0.1432,-0.0007,0.0974,0.4402
4297,4.297,-0.0104,0.0161,-0.1099,-0.0063,-0.0524,-0.137
4298,4.298,-0.0136,0.0101,-0.2089,-0.0148,-0.08,-0.2161
4299,4.299,-0.0345,0.0158,-0.1799,-0.0163,-0.1048,-0.2873
4300,4.3,-0.0372,0.0243,-0.2618,-0.0232,-0.1274,-0.3522
4301,4.301,-0,0.0074,-0.4348,-0.0244,-0.1071,-0.2949
4302,4.302,0.0799,0.0053,-0.2787,-0.0166,-0.2738,-0.3481
4303,4.303,0.0914,0.0074,-0.015,-0.0051,-0.3859,-0.973
4304,4.304,0.0392,0.013,-0.052,0.0026,-0.2025,-0.5478
4305,4.305,-0.0081,0.008,-0.0205,-0.0099,0.02,-0.0049
4306,4.306,-0.0025,0.0039,0.0721,-0.0064,0.0925,0.2144
4307,4.307,0.0062,0.0055,0.1008,-0.0114,0.1227,0.2855
4308,4.308,0.0141,0.0014,0.1812,-0.0099,0.1502,0.3499
4309,4.309,0.0212,0.0003,0.4513,0.0026,0.1259,0.2923
4310,4.31,0.0147,-0.0053,0.2702,-0.0058,0.1484,0.2397
4311,4.311,-0.0027,-0.0105,0.1052,-0.0104,0.4131,0.768
4312,4.312,-0.0508,-0.0096,-0.1043,0.0077,0.3051,0.8384
4313,4.313,-0.0832,0.0033,-0.0781,0.025,0.0092,0.2618
4314,4.314,-0.0658,0.0164,-0.2019,0.0227,-0.1104,-0.1269
4315,4.315,0.0036,0.0079,-0.3594,0.0002,-0.1469,-0.3393
4316,4.316,0.07,0.0003,-0.2992,-0.0147,-0.1144,-0.4043
4317,4.317,0.0441,-0.0011,-0.0588,-0.0009,-0.1444,-0.3471
4318,4.318,0.0362,0.0026,0.1047,0.0064,-0.1174,-0.1892
4319,4.319,0.0005,-0.003,0.1339,-0.0047,-0.3884,-0.5258
4320,4.32,-0.0061,-0.004,0.052,-0.0272,-0.3525,-0.9194
4321,4.321,-0.0004,-0.0067,-0.0229,-0.0244,-0.1224,-0.4437
4322,4.322,0.0155,-0.0025,-0.0019,0.0057,0.087,0.1333
4323,4.323,0.0299,-0.0048,0.0174,0.0018,0.1147,0.2123
4324,4.324,0.0342,-0.0013,-0.0758,-0.0017,0.1396,0.2834
4325,4.325,-0.0097,-0.0055,-0.0598,0.0015,0.1176,0.348
4326,4.326,-0.0039,-0.0051,-0.0759,-0.0014,0.0974,0.2905
4327,4.327,0.0333,-0.0046,-0.1468,-0.0095,0.2641,0.3434
4328,4.328,0.0189,-0.0069,-0.0092,-0.0119,0.421,0.8721
4329,4.329,-0.0032,-0.0082,0.1564,-0.0097,0.1971,0.6617
4330,4.33,-0.0072,-0.0108,0.1779,0.0088,-0.0122,0.0849
4331,4.331,-0.0181,-0.0076,0.1573,0.0161,-0.1484,-0.149
4332,4.332,-0.0148,-0.0048,0.1386,0.0228,-0.1734,-0.2204
4333,4.333,-0.0119,-0.0068,0.1553,0.0168,-0.1514,-0.2849
4334,4.334,-0.0039,-0.0108,0.1097,0.0187,-0.0908,-0.2273
4335,4.335,-0.0015,-0.0031,0.0401,0.0103,-0.1464,-0.1748
4336,4.336,-0.0262,-0.0064,0.1029,0.0149,-0.399,-0.7993
4337,4.337,-0.0561,-0.0138,0.1833,-0.0003,-0.291,-0.8847
4338,4.338,-0.0041,-0.0148,0.0686,-0.0145,0.0049,-0.1872
4339,4.339,0.0456,-0.0089,-0.0082,-0.0052,0.1245,0.0956
4340,4.34,0.0004,0.0025,0.0333,0.0066,0.0889,0.1823
4341,4.341,-0.0171,0.0042,0.021,-0.0134,0.1221,0.2606
4342,4.342,-0.0224,0.0026,-0.0593,-0.0107,0.1521,0.3316
4343,4.343,-0.0177,0.0038,0.0346,-0.0084,0.1251,0.1402
4344,4.344,0.0043,0.0001,-0.0792,-0.0151,0.3468,0.5472
4345,4.345,0.0083,0.0032,-0.1558,-0.009,0.3767,0.9173
4346,4.346,0.0119,0.0021,-0.1971,0.0077,0.1323,0.3888
4347,4.347,-0.0045,0.0012,-0.0325,0.0099,-0.0982,-0.1047
4348,4.348,-0.0016,0.0071,-0.01,-0.0003,-0.0691,-0.1701
4349,4.349,0.0012,0.0077,-0.0302,-0.0095,-0.1507,-0.229
4350,4.35,0.0186,0.0057,-0.0115,-0.0011,-0.1266,-0.2824
4351,4.351,0.0075,-0.0013,-0.0279,0.0035,-0.1045,-0.2347
4352,4.352,-0.0067,0.0013,0.1101,0.0132,-0.2469,-0.3657
4353,4.353,-0.0086,0.0038,0.3144,0.0019,-0.4138,-0.9611
4354,4.354,-0.0171,-0,0.1797,0.0064,-0.2121,-0.706
4355,4.355,-0.0156,0.0048,0.0079,0.0024,0.0324,-0.008
4356,4.356,-0.006,0.009,-0.1485,-0.0064,0.0659,0.2748
4357,4.357,-0.0173,0.0106,-0.1279,-0.0032,0.0961,0.191
4358,4.358,-0.0157,0.0153,-0.1089,-0.0063,0.1234,0.2692
4359,4.359,0.0051,0.0058,-0.024,0.0001,0.099,0.3402
4360,4.36,0.0202,-0.0012,-0.0687,0.013,0.1662,0.2766
4361,4.361,0.0065,-0.0001,-0.1093,0.0185,0.4307,0.7999
4362,4.362,-0.0058,0.0077,-0.146,0.0202,0.2505,0.7303
4363,4.363,-0.0214,0.0066,-0.0648,0.0249,0.0201,0.282
4364,4.364,-0.0235,0.0039,-0.033,0.0041,-0.0701,-0.1262
4365,4.365,0.0045,0.0013,-0.1367,-0.0167,-0.0978,-0.1802
4366,4.366,0.0646,0.0006,-0.0111,-0.0195,-0.1227,-0.3251
4367,4.367,0.0734,0.0055,0.04,-0.0022,-0.1452,-0.2821
4368,4.368,0.0344,0.0072,0.0868,0.0133,-0.0845,-0.2425
4369,4.369,0.0131,0.0019,0.185,0.0072,-0.3624,-0.5671
4370,4.37,-0.0192,-0.003,0.1482,-0.0208,-0.323,-0.9604
4371,4.371,-0.0135,0,-0.0237,-0.017,-0.1423,-0.4846
4372,4.372,-0.0187,-0.0041,-0.1462,-0.0135,0.0882,0.0927
4373,4.373,-0.0331,-0.0015,0.0113,-0.0037,0.1187,0.1718
4374,4.374,-0.0286,-0.0046,0.1542,-0.0008,0.1461,0.2431
4375,4.375,-0.0167,-0.0066,0.3956,0.0074,0.1218,0.3077
4376,4.376,0.0234,-0.0008,0.2978,0.0147,0.0996,0.2502
4377,4.377,0.0714,0.0121,0.1493,-0.0009,0.2421,0.3034
4378,4.378,0.0521,0.0065,0.0141,-0.0234,0.409,0.9282
4379,4.379,-0.0126,-0.0053,-0.2568,-0.0443,0.2073,0.6732
4380,4.38,-0.0558,-0.0007,-0.2206,-0.0306,-0.0373,0.1303
4381,4.381,-0.0326,0.0119,-0.2532,-0.0083,-0.0708,-0.223
4382,4.382,0.0315,0.0068,-0.3423,0.0066,-0.101,-0.2882
4383,4.383,-0.0116,0.0023,-0.0981,0.0038,-0.1284,-0.2309
4384,4.384,-0.0037,0.0037,0.0665,-0.0034,-0.104,-0.2843
4385,4.385,0.0176,0.01,0.0369,0.0032,-0.1712,-0.2365
4386,4.386,0.0111,0.0045,0.01,0.0134,-0.4358,-0.8045
4387,4.387,-0.0064,-0.0112,0.1827,0.0152,-0.2556,-0.8824
4388,4.388,0.0094,-0.0089,-0.0635,0.0271,-0.0253,-0.2488
4389,4.389,0.0142,-0.0109,-0.2275,0.0316,0.0648,0.1786
4390,4.39,0.0275,-0.0052,-0.1382,0.0275,0.0925,0.2572
4391,4.391,0.0156,-0.0069,-0.0571,0.0238,0.1174,0.328
4392,4.392,-0.0172,-0.0022,0.0162,0.0206,0.1399,0.2645
4393,4.393,-0.0569,0.0019,0.0826,0.0049,0.1198,0.207
4394,4.394,-0.0411,-0.0017,-0.0601,-0.0288,0.3605,0.5766
4395,4.395,0.0026,-0.0073,-0.0791,-0.0241,0.3279,0.9132
4396,4.396,-0.0031,-0.0041,-0.0632,-0.0373,0.119,0.4325
4397,4.397,-0.0403,-0.0032,-0.018,-0.0412,-0.0713,-0.0168
4398,4.398,-0.0645,0.0063,-0.0324,-0.0303,-0.0965,-0.1926
4399,4.399,-0.0071,0.0075,-0.0455,-0.027,-0.1191,-0.2465
4400,4.4,0.0476,-0.0049,-0.0114,-0.0182,-0.1397,-0.2953
4401,4.401,0.0833,-0.0066,-0.0221,0.0066,-0.0844,-0.2523
4402,4.402,0.0898,-0.002,0.025,0.0164,-0.2359,-0.3715
4403,4.403,0.0252,-0.0033,0.1199,0.0194,-0.4192,-0.913
4404,4.404,-0.018,-0.0147,0.2843,0.0275,-0.1974,-0.6813
4405,4.405,-0.0257,-0.004,0.3065,0.0252,0.0119,-0.0472
4406,4.406,-0.0328,-0.0026,0.0824,0.0141,0.0939,0.2098
4407,4.407,-0.0565,-0.0122,-0.0528,0.0163,0.1198,0.242
4408,4.408,-0.0758,-0.0034,-0.143,0.0184,0.1446,0.3198
4409,4.409,-0.0349,0.0091,-0.225,0.0128,0.1224,0.2499
4410,4.41,0.0024,0.0075,-0.2501,-0.0126,0.1429,0.1863
4411,4.411,0.0168,-0.0032,-0.1384,-0.0234,0.4208,0.8255
4412,4.412,0.0125,-0.0045,-0.0775,-0.0004,0.302,0.7407
4413,4.413,-0.0075,0.0017,-0.0222,0.0145,0.0491,0.198
4414,4.414,-0.0039,0.0007,0.0279,0.0064,-0.1158,-0.1552
4415,4.415,-0.0072,0.0038,-0.0183,0.0088,-0.1461,-0.2207
4416,4.416,0.0077,0.0046,-0.0047,0.0154,-0.1193,-0.3957
4417,4.417,0.0106,0.002,0.0076,0.0134,-0.1441,-0.3437
4418,4.418,0.018,0.0027,0.0648,0.0227,-0.1219,-0.1999
4419,4.419,0.0474,0.0006,0.1378,0.011,-0.3457,-0.5059
4420,4.42,0.0273,0.0036,0.053,0.0004,-0.3757,-0.9429
4421,4.421,0.0017,-0.0005,0.0649,-0.0093,-0.1315,-0.4197
4422,4.422,-0.0349,-0.0031,0.0129,-0.0155,0.099,0.0739
4423,4.423,-0.0303,-0.0074,-0.0155,-0.0258,0.1293,0.2673
4424,4.424,0.0004,-0.0034,-0.0586,-0.0245,0.1026,0.3261
4425,4.425,0.0283,-0.0009,0.0276,-0.0055,0.0783,0.274
4426,4.426,0.0536,0.0042,0.1772,0.0137,0.0561,0.2263
4427,4.427,0.0567,0.0048,0.2787,0.0211,0.2393,0.3574
4428,4.428,0.0359,-0.0047,0.2227,0.0055,0.4118,0.9529
4429,4.429,0.0002,-0.0034,0.138,0.0035,0.21,0.6978
4430,4.43,-0.024,0.0003,0.0303,0.0164,-0.0347,0.155
4431,4.431,-0.046,0.0059,-0.0953,0.0113,-0.0683,-0.1983
4432,4.432,-0.0422,0.0048,-0.1794,-0.0117,-0.0984,-0.2635
4433,4.433,-0.0168,0.0075,-0.0722,-0.0415,-0.1259,-0.3224
4434,4.434,0.0328,0.0117,-0.1416,-0.0215,-0.1016,-0.2702
4435,4.435,0.0541,0.0002,-0.2045,-0.0179,-0.124,-0.2226
4436,4.436,0.0089,-0.0151,-0.1242,-0.0278,-0.3887,-0.7905
4437,4.437,-0.0086,-0.0131,-0.0724,-0.0007,-0.2809,-0.8684
4438,4.438,-0.0246,-0.0038,-0.0251,0.0102,-0.0506,-0.2347
4439,4.439,-0.0103,0.008,0.0352,0.007,0.0992,0.1928
4440,4.44,-0.0235,0.0095,0.1529,-0.0079,0.1267,0.2714
4441,4.441,0.0045,-0.0001,0.305,-0.0106,0.1516,0.2021
4442,4.442,0.0227,-0.0065,0.0821,-0.0083,0.1295,0.2669
4443,4.443,-0.0004,-0.0055,0.1129,-0.0016,0.1094,0.2093
4444,4.444,-0.0154,0.0017,0.1949,0.0126,0.3502,0.579
4445,4.445,-0.0182,0.0009,0.0231,0.0182,0.3176,0.9156
4446,4.446,-0.006,0.0017,0.046,-0.0004,0.1086,0.4351
4447,4.447,-0.0127,0.0024,0.0262,-0.0227,-0.0818,-0.0141
4448,4.448,-0.0434,0.0017,-0.0658,-0.0199,-0.1069,-0.1899
4449,4.449,-0.0391,0.0111,-0.0821,-0.0172,-0.1295,-0.2436
4450,4.45,-0.0192,0.0071,-0.158,-0.0099,-0.1095,-0.2923
4451,4.451,-0.001,0.0033,-0.1714,-0.0033,-0.0912,-0.249
4452,4.452,0.0288,0.0043,-0.2088,0.0028,-0.2427,-0.3681
4453,4.453,0.0009,0.0053,-0.1737,-0.0027,-0.426,-0.9095
4454,4.454,0.0044,-0.0031,-0.0792,0.0023,-0.2041,-0.6777
4455,4.455,0.0207,-0.0021,0.1111,0.013,0.0651,-0.0434
4456,4.456,0.0355,-0.0074,0.1931,0.0199,0.1018,0.2137
4457,4.457,0.0163,-0.0028,0.1689,0.0287,0.1351,0.2923
4458,4.458,-0.011,-0.0087,0.0572,0.0137,0.1057,0.2228
4459,4.459,-0.0291,-0.005,-0.126,0.0116,0.0789,0.2874
4460,4.46,-0.006,-0.0014,-0.2984,0.0097,0.1528,0.2296
4461,4.461,-0.0031,0.0003,-0.0966,0.018,0.3994,0.8109
4462,4.462,0.0161,-0.0085,0.0396,0.0073,0.3011,0.7343
4463,4.463,0.0185,-0.0022,0.0646,-0.0053,0.0321,0.2414
4464,4.464,-0.0151,0.001,-0.0022,-0.0071,-0.0767,-0.2077
4465,4.465,-0.0489,0.0125,0.0589,-0.0148,-0.1101,-0.2671
4466,4.466,-0.0621,0.0171,0.1142,-0.0273,-0.1401,-0.3205
4467,4.467,-0.0099,0.0102,-0.1386,-0.0189,-0.1132,-0.273
4468,4.468,0.0827,0.0114,-0.3912,-0.0083,-0.0888,-0.2296
4469,4.469,0.1204,0.0058,-0.2271,0.0124,-0.3352,-0.5868
4470,4.47,0.086,-0.0014,-0.0778,0.0095,-0.3682,-0.9231
4471,4.471,0.0131,0.0013,-0.0508,0.0013,-0.0993,-0.4424
4472,4.472,-0.0153,-0.0046,0.0719,0.0084,0.0818,0.1349
4473,4.473,-0.0067,0.0006,0.1386,-0.0072,0.1153,0.214
4474,4.474,0.0011,-0.01,0.1586,-0.0175,0.1455,0.2854
4475,4.475,0.0083,-0.0114,0.1767,-0.0083,0.1187,0.3501
4476,4.476,-0.0239,-0.0044,0.2603,0.0102,0.0943,0.2926
4477,4.477,-0.0294,0.0019,0.2446,0.0274,0.2512,0.3457
4478,4.478,-0.0452,-0.0037,0.0634,0.0295,0.3937,0.8745
4479,4.479,-0.0307,-0.0068,-0.0109,0.0234,0.19,0.6641
4480,4.48,-0.0262,-0.0076,-0.2127,0.0215,-0.0546,0.0875
4481,4.481,-0.0144,0.0019,-0.1858,0.0063,-0.088,-0.1463
4482,4.482,-0.0252,-0.0019,-0.0628,0.0043,-0.1181,-0.2178
4483,4.483,-0.0088,-0.0097,0.094,-0.005,-0.1455,-0.2825
4484,4.484,0.0119,-0.0024,0.2774,0.0103,-0.1212,-0.341
4485,4.485,0.0365,-0.007,0.2527,0.0002,-0.1435,-0.1829
4486,4.486,0.0397,-0.0165,0.1405,-0.0239,-0.408,-0.8075
4487,4.487,0.0189,-0.0102,-0.002,-0.0141,-0.2999,-0.893
4488,4.488,-0.0222,0.0023,-0.2802,0.0008,-0.0039,-0.1958
4489,4.489,-0.0987,0.0141,-0.3996,-0.0018,0.0364,0.0868
4490,4.49,-0.0258,0.0248,-0.4363,-0.009,0.073,0.1734
4491,4.491,0.0215,0.0208,-0.2728,-0.0337,0.1062,0.2515
4492,4.492,0.0302,0.012,-0.1245,-0.0567,0.1363,0.3222
4493,4.493,0.0535,-0.0029,-0.0442,-0.0479,0.1094,0.2585
4494,4.494,0.0748,-0.0131,0.0286,-0.0287,0.3804,0.5491
4495,4.495,0.0425,-0.0038,0.0946,0.0036,0.3445,0.9191
4496,4.496,0.0133,0.0013,0.0728,0.0168,0.1144,0.4866
4497,4.497,-0.0024,-0.0032,0.053,0.0206,-0.095,-0.038
4498,4.498,0.0024,0.0008,0.0681,0.0097,-0.0685,-0.2502
4499,4.499,-0.0107,-0.0028,0.0811,0.0065,-0.1426,-0.315
4500,4.5,-0.0224,0.005,0.093,0.0035,-0.1206,-0.2578
4501,4.501,0.0032,0.0061,0.0028,0.0008,-0.1005,-0.2055
4502,4.502,0.0066,0.0015,-0.0332,0.0081,-0.2302,-0.3499
4503,4.503,0.0157,-0.001,-0.0864,0.0104,-0.4155,-0.9181
4504,4.504,-0.0031,0.0011,-0.0586,0.0206,-0.1937,-0.6862
4505,4.505,-0.0302,-0.0025,-0.0156,0.0264,0.0156,-0.0519
4506,4.506,-0.0339,-0.0068,0.0233,0.0215,0.0975,0.2051
4507,4.507,-0.0505,-0.0063,0.0729,0.0231,0.1224,0.2835
4508,4.508,-0.047,-0.0041,0.0853,0.0162,0.1319,0.298
4509,4.509,-0.0022,-0.0006,-0.0125,0.0122,0.1097,0.2283
4510,4.51,0.017,0.0055,-0.2219,0.0135,0.1706,0.1647
4511,4.511,-0.0005,-0.004,-0.0739,0.0147,0.4114,0.8039
4512,4.512,-0.0058,-0.0003,0.0607,0.0053,0.3131,0.7194
4513,4.513,-0.0011,-0.0013,0.1831,-0.0136,0.044,0.3317
4514,4.514,-0.0143,-0.0023,0.2943,-0.0217,-0.1372,-0.1623
4515,4.515,-0.0025,-0.0032,0.3137,-0.0145,-0.1049,-0.2278
4516,4.516,0.0083,0.0028,0.1463,0.0011,-0.1351,-0.2867
4517,4.517,0.0051,0.0097,-0.0112,-0.005,-0.1083,-0.3402
4518,4.518,0.008,0.0089,-0.1543,0.0005,-0.084,-0.2925
4519,4.519,0.0109,0.0064,-0.0627,-0.0046,-0.3754,-0.511
4520,4.52,0.0135,-0.0021,0.1888,0.0061,-0.3361,-0.948
4521,4.521,-0.0066,-0.0191,0.0799,0.0131,-0.0834,-0.4249
4522,4.522,-0.0038,-0.0264,-0.085,0.0168,0.0814,0.0688
4523,4.523,-0.016,-0.0198,-0.056,0.0201,0.1117,0.2621
4524,4.524,-0.0453,-0.0178,0.0246,0.0064,0.1391,0.321
4525,4.525,-0.0414,-0.001,0.0486,-0.0066,0.1148,0.2688
4526,4.526,-0.0378,0.0145,0.0257,-0.0049,0.0925,0.2212
4527,4.527,-0.0281,0.0247,-0.0766,-0.0125,0.2348,0.3523
4528,4.528,0.0167,0.0265,-0.3185,-0.0165,0.4015,0.9479
4529,4.529,0.049,0.0113,-0.3526,-0.0253,0.1997,0.6928
4530,4.53,0.0081,0.0174,-0.3833,-0.0424,-0.0451,0.1498
4531,4.531,0.024,0.0156,-0.4112,-0.0597,-0.0787,-0.2035
4532,4.532,0.0969,0.0105,-0.3379,-0.0664,-0.109,-0.2687
4533,4.533,0.1073,0.0029,-0.1366,-0.0399,-0.1906,-0.3276
4534,4.534,0.041,-0.0041,-0.0554,0.0002,-0.1664,-0.2755
4535,4.535,0.0152,-0.0052,0.0185,0.0162,-0.189,-0.2279
4536,4.536,-0.0082,0.0004,0.1752,0.0114,-0.413,-0.7961
4537,4.537,-0.0011,-0.0049,0.1952,-0.0019,-0.2641,-0.874
4538,4.538,0.0052,-0.0076,0.2502,0.01,-0.0197,-0.2404
4539,4.539,-0.0006,-0.0084,0.2664,0.0135,0.0795,0.1869
4540,4.54,-0.0166,-0.0032,0.281,0.0167,0.1096,0.2654
4541,4.541,0.0076,0.0046,0.1832,0.0315,0.1369,0.3364
4542,4.542,0.0032,-0.0026,0.1451,0.0233,0.1616,0.2731
4543,4.543,-0.0247,-0.0072,0.2484,0.0305,0.0945,0.2155
4544,4.544,-0.0574,-0.0063,0.2899,0.037,0.3591,0.4796
4545,4.545,-0.0705,-0.0069,0.1511,0.0389,0.3953,0.9122
4546,4.546,-0.0504,-0.0147,0.2807,0.0444,0.0995,0.3889
4547,4.547,-0.0395,-0.0242,0.4656,0.0426,-0.0997,-0.1048
4548,4.548,-0.0427,-0.0179,0.2438,0.0196,-0.0644,-0.1704
4549,4.549,-0.0456,-0.0054,0.0948,-0.0168,-0.0976,-0.2296
4550,4.55,-0.0647,-0.0003,-0.1488,-0.0215,-0.1278,-0.2831
4551,4.551,-0.0719,0.0196,-0.378,-0.0171,-0.101,-0.2354
4552,4.552,-0.0383,0.0387,-0.5263,-0.0531,-0.2242,-0.3667
4553,4.553,0.0343,0.0214,-0.6612,-0.0869,-0.426,-0.9625
4554,4.554,0.1907,0.0148,-0.439,-0.0561,-0.2365,-0.7075
4555,4.555,0.1682,0.0128,-0.3492,-0.0443,0.0352,-0.0099
4556,4.556,0.1072,-0.0002,-0.2674,-0.0189,0.0719,0.2726
4557,4.557,0.0888,-0.002,-0.045,-0.0157,0.1051,0.1886
4558,4.558,0.0383,-0.0065,0.0449,-0.0246,0.1351,0.2666
4559,4.559,0.0229,-0.0052,0.0728,-0.0109,0.1082,0.3373
4560,4.56,-0.0188,-0.0015,0.1472,0.0114,0.1328,0.1457
4561,4.561,-0.0064,-0.0005,0.1252,0.0202,0.4241,0.785
4562,4.562,-0.0179,-0.0078,0.146,0.0393,0.3053,0.8706
4563,4.563,-0.0282,-0.0123,0.1284,0.0416,0.0524,0.3281
4564,4.564,-0.0377,-0.0115,0.0793,0.0304,-0.1126,-0.1656
4565,4.565,-0.0463,-0.0063,0.035,0.0364,-0.0833,-0.2309
4566,4.566,-0.054,-0.0083,-0.0331,0.0382,-0.1107,-0.2898
4567,4.567,-0.0611,-0.0078,0.0056,0.0263,-0.1356,-0.3432
4568,4.568,-0.0804,-0.0083,0.0867,0.0156,-0.1134,-0.1994
4569,4.569,-0.0746,-0.0067,0.1596,0.006,-0.3372,-0.5052
4570,4.57,-0.0799,0.0002,0.1881,-0.013,-0.3671,-0.9421
4571,4.571,-0.0459,0.0032,0.1453,-0.0267,-0.1227,-0.4188
4572,4.572,0.0116,0.0005,0.0283,-0.0094,0.0422,0.0749
4573,4.573,0.035,0.003,-0.0215,-0.0028,0.0726,0.2684
4574,4.574,0.0136,0.0023,-0.0055,-0.0089,0.1542,0.2115
4575,4.575,0.0719,0.0058,0.0928,0.0005,0.13,0.2651
4576,4.576,0.0952,0.0042,0.2833,0.0056,0.1079,0.2178
4577,4.577,0.0168,-0.0022,0.2569,0.0132,0.2502,0.3491
4578,4.578,-0.0353,-0.0014,-0.063,0.0146,0.417,0.8655
4579,4.579,-0.0258,0.0039,-0.1937,0.0183,0.2153,0.6552
4580,4.58,-0.0172,0.0116,-0.3124,0.0106,-0.0293,0.0786
4581,4.581,-0.025,0.0106,-0.204,-0.0051,-0.0628,-0.155
4582,4.582,-0.0037,-0.0015,-0.302,-0.0388,-0.0929,-0.2265
4583,4.583,0.0286,-0.0032,-0.2121,-0.0244,-0.1202,-0.2912
4584,4.584,0.0461,0.0014,-0.0758,-0.0023,-0.0959,-0.2337
4585,4.585,0.0619,0.0083,-0.0012,0.0017,-0.1631,-0.1812
4586,4.586,0.0665,0.0094,0.0222,-0.0163,-0.4277,-0.8057
4587,4.587,0.0356,0.0017,0.003,-0.0064,-0.3197,-0.8912
4588,4.588,-0.0005,0.0006,0.0224,0.0086,-0.0236,-0.194
4589,4.589,-0.015,-0.0058,0.0735,0.0113,0.0961,0.0887
4590,4.59,-0.0019,-0.0033,0.1811,0.0187,0.1327,0.1754
4591,4.591,-0.0138,-0.0148,0.14,0.021,0.1003,0.2537
4592,4.592,-0.0319,-0.0164,0.1025,0.0312,0.1304,0.3246
4593,4.593,-0.0483,-0.0118,0.0451,0.0369,0.1036,0.2611
4594,4.594,-0.0754,-0.0049,0.0554,0.0454,0.3255,0.5519
4595,4.595,-0.0574,0.0065,0.1595,0.0225,0.3555,0.9219
4596,4.596,-0.0078,0.0141,0.0897,-0.027,0.1114,0.4896
4597,4.597,0.0135,-0.0011,-0.0242,-0.0199,-0.0535,-0.035
4598,4.598,-0.0188,0.0131,-0.1622,-0.0263,-0.0839,-0.2472
4599,4.599,-0.0014,0.0187,-0.2925,-0.0437,-0.1112,-0.3118
4600,4.6,0.0574,0.0069,-0.3102,-0.0596,-0.1359,-0.2542
4601,4.601,0.0807,0.0084,-0.2657,-0.0259,-0.1137,-0.2018
4602,4.602,0.0594,-0.0012,-0.0586,-0.0215,-0.2154,-0.346
4603,4.603,0.0272,-0.0074,-0.0302,-0.0097,-0.4191,-0.914
4604,4.604,0.0099,0.0005,-0.0586,0.0083,-0.2294,-0.6821
4605,4.605,-0.0271,0.0099,-0.035,0.0181,0.0423,-0.0476
4606,4.606,0.0263,0.0088,-0.0135,0.0032,0.0791,0.2096
4607,4.607,0.0619,0.0032,-0.1159,-0.0105,0.1125,0.2885
4608,4.608,0.0427,-0.0063,0.013,-0.0128,0.1426,0.2191
4609,4.609,0.0022,-0.0038,0.0802,-0.0016,0.1109,0.2878
4610,4.61,-0.0154,-0.005,0.0628,-0.0082,0.1382,0.2243
4611,4.611,-0.0635,-0.0017,-0.0448,0.002,0.4093,0.7476
4612,4.612,-0.0313,-0.0028,-0.2538,0.0188,0.3014,0.8184
4613,4.613,-0.0372,-0.0055,-0.3435,0.0211,0.0057,0.2424
4614,4.614,-0.0532,-0.0046,-0.2628,0.0353,-0.1139,-0.1459
4615,4.615,0,0.0006,-0.0416,0.0074,-0.0784,-0.2173
4616,4.616,0.007,-0.0072,0.1663,-0.0286,-0.1114,-0.282
4617,4.617,0.0005,-0.0081,0.4094,-0.0142,-0.1413,-0.3407
4618,4.618,-0.0169,-0.0036,0.3755,-0.0011,-0.1684,-0.1827
4619,4.619,-0.065,-0.0044,0.2254,0.0028,-0.3901,-0.5191
4620,4.62,-0.0842,0.0009,0.0889,-0.0008,-0.3604,-0.9124
4621,4.621,-0.0195,0.0087,-0.0843,0.0023,-0.1161,-0.4367
4622,4.622,0.041,0.014,-0.2419,-0.0126,0.0489,0.0127
4623,4.623,0.049,0.0019,-0.2225,-0.0208,0.1389,0.1886
4624,4.624,0.0421,0.0002,-0.2052,-0.0085,0.1123,0.1369
4625,4.625,0.0099,0.0017,0.0124,-0.002,0.1373,0.2817
4626,4.626,0.0157,0.003,0.1006,-0.004,0.1153,0.2385
4627,4.627,0.0529,0.0018,0.1269,-0.0059,0.2577,0.3578
4628,4.628,0.0384,-0.0038,0.1017,-0.0009,0.4246,0.8991
4629,4.629,0.0075,-0.009,0.123,-0.0085,0.223,0.6673
4630,4.63,-0.0044,-0.0136,0.0202,0.0039,-0.0216,0.174
4631,4.631,-0.0009,-0.0058,-0.0365,0.0123,-0.1206,-0.1474
4632,4.632,0.0024,-0.0068,0.0131,0.0107,-0.0912,-0.2067
4633,4.633,0.0053,0.0017,-0.003,0.0036,-0.1185,-0.2601
4634,4.634,0.0134,-0.0039,-0.073,-0.0002,-0.0941,-0.3087
4635,4.635,0.0012,-0.0009,-0.111,0.0076,-0.1164,-0.1779
4636,4.636,-0.0099,0.0018,-0.0539,0.0148,-0.4216,-0.7735
4637,4.637,-0.0119,-0.0007,0.0606,0.0156,-0.2907,-0.859
4638,4.638,-0.0212,-0.0014,0.1065,0.0096,-0.0124,-0.3167
4639,4.639,-0.0162,-0.0035,0.0093,0.0043,0.0965,0.177
4640,4.64,-0.0267,-0.0066,0.0218,-0.0006,0.13,0.2423
4641,4.641,-0.028,-0.0013,0.0564,-0.0001,0.1006,0.301
4642,4.642,-0.0242,-0.0007,0.1086,-0.0089,0.1279,0.2488
4643,4.643,-0.03,-0.0013,0.137,-0.0126,0.1036,0.2013
4644,4.644,-0.0272,-0.003,0.0076,-0.007,0.3501,0.5071
4645,4.645,-0.0134,0.0048,-0.011,0.0003,0.3832,0.944
4646,4.646,0.0171,0.0038,0.0396,0.0088,0.1144,0.4208
4647,4.647,0.0127,0.0068,0.0855,0.0098,-0.0667,-0.0729
4648,4.648,0.0087,-0.0017,0.1273,0.0107,-0.1001,-0.2663
4649,4.649,0.0196,-0.0049,0.1397,0.0115,-0.1302,-0.2094
4650,4.65,0.0097,0.0066,0.1049,0.0055,-0.1575,-0.2628
4651,4.651,0.0069,0.002,0.0526,0.0091,-0.0839,-0.2153
4652,4.652,0.0151,0.0061,-0.0134,0.0041,-0.2408,-0.3465
4653,4.653,-0.0021,0.0072,-0.0213,0.0046,-0.4241,-0.9423
4654,4.654,-0.0087,0.0062,-0.0439,0.0075,-0.2023,-0.6873
4655,4.655,0.0056,0.0031,-0.0076,0.0007,0.0069,-0.1445
4656,4.656,0.0074,0.0058,0.0904,-0.0038,0.0889,0.2088
4657,4.657,0.0226,-0.0002,0.0218,-0.0012,0.1138,0.2738
4658,4.658,0.0288,0.002,-0.015,-0.0005,0.1364,0.3326
4659,4.659,0.0084,-0.0001,-0.0484,-0.0097,0.1164,0.2802
4660,4.66,0.0002,0.0081,-0.1616,-0.0134,0.1349,0.2323
