Frame,Time,EMG_1,EMG_2,EMG_3,EMG_4,EMG_5,EMG_6
0,0,-0.0034,0.003,0.0056,-0.0019,-0.3333,-0.1231
1,0.001,-0.001,-0.0028,0.0029,0.0039,-0.4311,-0.1888
2,0.002,0.002,0.0055,0.0087,-0.002,-0.3338,-0.2482
3,0.003,0.0076,0.0064,0.005,-0.0071,-0.246,-0.0919
4,0.004,-0.0001,-0.0009,0.0056,0.0007,-0.6251,-0.3329
5,0.005,0.0028,0.0054,0.0085,-0.0045,-1.6589,-0.8984
6,0.006,0.0055,-0.0006,-0.0003,-0.0036,-0.8936,-0.511
7,0.007,0.0029,0,-0.0014,-0.0043,0.0671,0.1202
8,0.008,0.0022,-0.002,0.0041,-0.0006,0.4364,0.3716
9,0.009,0.0042,0.0021,0.0031,0.0043,0.5426,0.444
10,0.01,-0,0.0004,0.0004,0.0059,0.6368,0.3688
11,0.011,0.0005,-0.0002,0.0029,-0.0017,0.5355,0.4276
12,0.012,-0.003,-0.0023,0.0051,0.0035,0.4435,0.3645
13,0.013,-0.0008,0.004,0.0031,-0.0011,1.5839,1.0424
14,0.014,-0.0011,0.0031,0.0061,-0.0002,1.4,0.7543
15,0.015,0.0046,0.0005,-0.0026,-0.0009,0.3366,0.3226
16,0.016,0.002,0.0011,0.0036,-0.0044,-0.3492,-0.0685
17,0.017,-0.0017,0.0031,0.0004,-0.0013,-0.2252,-0.1417
18,0.018,-0.0023,0.0013,0.0034,-0.0008,-0.3368,-0.2078
19,0.019,-0.004,0.0041,-0.0011,0.0027,-0.4368,-0.2675
20,0.02,0.0048,-0.0007,-0.0052,0.003,-0.3415,-0.2165
21,0.021,0.0059,-0.0003,-0.0074,-0.0026,-1.0976,-0.6483
22,0.022,0.0027,-0.0008,-0.0053,0.0042,-1.5971,-0.9368
23,0.023,-0.0026,0.0027,-0.0022,-0.0022,-0.5618,-0.3558
24,0.024,0.0002,0.0004,0.0007,0.002,0.3946,0.1837
25,0.025,0.001,0.0024,0.0011,0.0056,0.5135,0.2508
26,0.026,-0.0059,-0.0019,-0.0039,0.002,0.6191,0.3107
27,0.027,0.0025,0.0009,-0.0004,-0.0022,0.5093,0.3643
28,0.028,-0.003,0.0024,0.0038,-0.0006,0.4095,0.3072
29,0.029,-0.0012,0.0086,0.0024,-0.0003,0.7612,0.5284
30,0.03,0.0018,0.0016,0.0099,0.0002,1.6789,1.0491
31,0.031,0.0027,0.0088,0.0046,0.0013,1.0428,0.5512
32,0.032,0.0051,0.0023,0,0.0016,0.0185,-0.0282
33,0.033,-0.0033,0.0031,0.0025,0.0005,-0.3932,-0.2625
34,0.034,-0.0001,-0.0007,0.0032,-0.0019,-0.5158,-0.1942
35,0.035,-0.0032,-0,-0.0004,-0.0009,-0.4013,-0.2593
36,0.036,-0.0005,-0.007,-0.0034,-0.0039,-0.5017,-0.3179
37,0.037,0.0003,-0.0061,-0.0073,-0.0036,-0.4063,-0.2658
38,0.038,-0.0004,0.0033,-0.0068,-0.0033,-1.5008,-0.9837
39,0.039,0.0031,-0.0005,-0.0037,-0.0009,-1.3395,-0.8783
40,0.04,0.0001,-0.0061,-0.0033,-0.006,-0.3758,-0.2223
41,0.041,-0.004,-0.0009,-0.0029,-0.0165,0.246,0.2022
42,0.042,-0.0005,-0.0036,-0.0026,-0.0392,0.3559,0.2772
43,0.043,0.0025,0.0006,0.0025,-0.0292,0.4537,0.3445
44,0.044,0.0089,0.0028,0.0018,-0.0084,0.5412,0.4052
45,0.045,0.0096,0.0007,-0.0013,-0.0003,0.4507,0.2284
46,0.046,0.0001,0.0049,-0.01,0.0069,1.1361,0.8044
47,0.047,-0.0011,0.0088,-0.0162,0.0046,1.5894,1.0305
48,0.048,-0.0022,0.002,-0.0105,0.0106,0.645,0.3936
49,0.049,-0.0032,0.0047,-0.0157,0.0086,-0.2292,-0.204
50,0.05,-0.0005,0.0038,-0.0072,0.0068,-0.3426,-0.282
51,0.051,0.0003,-0.0077,0.0006,0.0082,-0.4436,-0.3518
52,0.052,-0.0019,-0.0061,-0.0005,0.0013,-0.5342,-0.2875
53,0.053,-0.0013,0.0015,0.0058,0.0099,-0.4464,-0.2292
54,0.054,0.0004,-0.0081,0.0016,0.0088,-0.6738,-0.4914
55,0.055,-0.0061,-0.0044,0.0022,0.0077,-1.7157,-1.016
56,0.056,-0.0138,-0.0076,0.0098,0.0085,-0.9547,-0.5219
57,0.057,-0.0189,-0.0046,-0.0017,0.0076,0.0073,0.0547
58,0.058,-0.0124,-0.0073,-0.0062,0.0127,0.3811,0.2872
59,0.059,-0.0099,-0.0201,-0.0022,0.0133,0.4924,0.2171
60,0.06,-0.0014,-0.0367,-0.0059,0.0063,0.592,0.2805
61,0.061,-0.0025,-0.0164,-0.0027,0.0017,0.4957,0.3374
62,0.062,-0.0015,0.0137,-0.0017,0.0009,0.4079,0.2836
63,0.063,0.0048,0.0097,0.0085,0.0015,1.5573,0.9043
64,0.064,0.0006,0.0204,0.0071,0.0008,1.3823,0.8161
65,0.065,0.0074,0.0171,0.0082,-0.0008,0.3227,0.1179
66,0.066,0.0009,0.0141,0.0025,0.0032,-0.3631,-0.1639
67,0.067,0.005,0.0113,-0.0027,0.0037,-0.4865,-0.2495
68,0.068,0.0028,0.0089,0.0018,0.0059,-0.372,-0.3264
69,0.069,0.0007,0.0066,0.0095,0.0038,-0.4725,-0.2559
70,0.07,0.0048,-0.0036,0.0166,0.0003,-0.3769,-0.1917
71,0.071,0.0031,0.002,0.0138,0.0006,-1.1353,-0.712
72,0.072,0.0035,-0.0065,0.0145,-0.0049,-1.6394,-0.9196
73,0.073,0.0038,0.0042,0.015,-0.0026,-0.6047,-0.3421
74,0.074,0.0049,0.0001,0.0185,0.0009,0.0835,0.2004
75,0.075,0.0038,-0.0036,0.0141,-0.0021,0.4569,0.2711
76,0.076,0.0021,-0.0046,0.0076,-0.0003,0.568,0.3347
77,0.077,-0.0003,-0.0016,-0.0053,0.0054,0.4635,0.2774
78,0.078,0.0039,-0.008,-0.0108,0.0002,0.3684,0.2252
79,0.079,0.0043,-0.0003,-0.0058,0.0023,0.7892,0.4657
80,0.08,0.0048,0.0028,-0.0043,-0.0046,1.6302,1.0339
81,0.081,0.0094,0.0055,-0.0112,-0.0109,1.0574,0.4924
82,0.082,0.0077,0.0063,-0.0099,-0.01,0.1274,-0.0012
83,0.083,0,0.0057,-0.0089,-0.0121,-0.2476,-0.1947
84,0.084,0.003,0.0021,-0.0118,-0.0056,-0.3603,-0.2539
85,0.085,-0.0034,-0.001,-0.0126,0.0022,-0.4613,-0.3072
86,0.086,-0.0059,-0.0027,-0.0117,0.0013,-0.5519,-0.2596
87,0.087,-0.0022,-0.0001,-0.0094,0.0005,-0.4641,-0.3035
88,0.088,0.0027,-0.0013,-0.0058,-0.0037,-1.6147,-0.8988
89,0.089,-0.0004,-0.0017,-0.0015,0.0016,-1.4406,-0.8141
90,0.09,0.0013,0.0002,0.0025,-0.0019,-0.3807,-0.1164
91,0.091,-0.0013,0.0034,0.006,-0.0014,0.3062,0.1665
92,0.092,-0.0043,0.0038,0.0082,-0.0018,0.4308,0.2531
93,0.093,0.0004,-0.0013,0.007,0.0029,0.5425,0.3314
94,0.094,0.0021,0.0008,0.0045,-0.0001,0.4385,0.262
95,0.095,0.0026,0.0103,0.0035,0.0052,0.3441,0.1988
96,0.096,0.0031,0.0007,0.0085,-0.0012,1.1043,0.7221
97,0.097,0.0001,-0.003,0.0007,-0.0002,1.6109,0.9335
98,0.098,-0.0011,-0.0019,0.0037,0.0005,0.7636,0.3575
99,0.099,-0.003,0.0076,0.0082,-0.0001,-0.2568,-0.1857
100,0.1,0.0023,-0.0012,0.0073,0.0017,-0.3939,-0.2576
101,0.101,-0.0014,-0.0067,0.0095,-0.0035,-0.5167,-0.3224
102,0.102,-0.0021,-0.0056,0.003,-0.0069,-0.4019,-0.381
103,0.103,-0.0038,0.0029,0.0006,-0.0038,-0.5021,-0.2229
104,0.104,-0.0009,0.0019,-0.0063,-0.0042,-0.7786,-0.463
105,0.105,0.0007,0.001,-0.007,0.0006,-1.7054,-1.0311
106,0.106,-0.0015,-0.0074,-0.0094,0.0011,-1.0762,-0.6442
107,0.107,-0.0079,0.0029,-0.013,-0.0029,-0.0532,-0.0093
108,0.108,-0.0014,0.0044,-0.0093,0.0049,0.3594,0.2478
109,0.109,0.0028,0.0007,-0.005,-0.0006,0.4837,0.3263
110,0.11,0.0021,0.0018,-0.0021,0.0047,0.5954,0.2568
111,0.111,0.0002,-0.0013,0.0057,0.0039,0.4913,0.3213
112,0.112,0.0032,-0.0004,0.0067,-0.002,0.3965,0.2635
113,0.113,0.0049,0.0075,-0.0005,0.0003,1.4957,0.9504
114,0.114,0.0024,0.0086,-0.0013,-0.0031,1.3389,0.67
115,0.115,-0.0018,0.0002,-0.0054,0.0012,0.3759,0.2433
116,0.116,-0.0034,-0.0008,-0.006,-0.0005,-0.2486,-0.1455
117,0.117,-0.0038,0.0023,-0.0053,0.0011,-0.3618,-0.2169
118,0.118,0.0013,-0.0003,-0.0069,-0,-0.4634,-0.2816
119,0.119,-0.0022,-0.0045,0.0007,0.0047,-0.5548,-0.3401
120,0.12,-0.0017,-0.0038,0.0037,-0.0035,-0.2984,-0.1822
121,0.121,0.0001,-0.0045,0.0011,-0.0003,-1.1436,-0.8068
122,0.122,0.0006,-0.0061,0.0019,0.0028,-1.7019,-0.8922
123,0.123,-0.0005,-0.0056,0.0071,0.0019,-0.5655,-0.3501
124,0.124,-0.0016,-0.0071,0.012,-0.0006,0.1908,0.1439
125,0.125,0.0003,-0.0059,0.0124,0.0001,0.3291,0.2095
126,0.126,-0.0042,-0.0019,0.0176,0.0022,0.4533,0.2684
127,0.127,-0.0036,-0.0023,0.0224,-0.0009,0.565,0.3218
128,0.128,-0.0052,0.0019,0.014,0.0032,0.4606,0.2741
129,0.129,-0.0004,-0.0033,0.0014,-0.0004,0.7382,0.4927
130,0.13,-0.0014,0.0054,-0.0082,0.0055,1.6643,1.0239
131,0.131,0.0043,0.0074,-0.0166,-0.0006,1.0635,0.5873
132,0.132,0.005,0.0105,-0.0211,0.0053,0.0549,0.0626
133,0.133,-0.0014,0.0029,-0.025,0.0015,-0.3576,-0.2906
134,0.134,-0.0005,-0.0024,-0.0111,-0.0005,-0.4816,-0.2278
135,0.135,0.0094,0.0061,-0.0129,0.0025,-0.5932,-0.2865
136,0.136,0.0081,-0.0017,-0.0011,0.0042,-0.4889,-0.3398
137,0.137,-0.0007,-0.0007,-0.0026,0.0016,-0.3943,-0.292
138,0.138,0.0003,0.0038,0.0015,0.0019,-1.4943,-0.9473
139,0.139,0.0013,0.0012,0.0003,-0.0002,-1.3383,-0.854
140,0.14,-0.0014,-0.001,0.008,0.0017,-0.3754,-0.0867
141,0.141,-0.0022,-0.0074,-0.0034,0.0006,0.2493,0.2239
142,0.142,0.0015,-0.0066,0.0011,0.0029,0.3631,0.3188
143,0.143,0.0008,-0.0029,0.0025,0.0042,0.4652,0.2344
144,0.144,0.0039,-0.0065,0.0086,0.0018,0.5573,0.3125
145,0.145,-0.0025,-0.0008,0.0141,-0.0033,0.3012,0.2427
146,0.146,-0.0017,-0.0001,0.013,-0.004,1.1472,0.8183
147,0.147,-0.0054,0.0005,0.0137,-0.0035,1.4808,0.896
148,0.148,0.0024,-0.009,0.0095,-0.0088,0.756,0.4034
149,0.149,0.0054,-0.0272,0.0146,-0.0039,-0.089,-0.1738
150,0.15,0.0062,-0.0249,0.004,-0.0056,-0.4298,-0.2526
151,0.151,-0.0033,0.0043,-0.0189,-0.0028,-0.5323,-0.3237
152,0.152,-0.0095,0.0082,-0.0221,-0.0076,-0.4381,-0.3881
153,0.153,-0.0063,0.0046,-0.0249,-0.0071,-0.3523,-0.2144
154,0.154,0.001,0.0013,-0.0167,-0.0031,-0.7367,-0.4785
155,0.155,0.0018,-0.0016,-0.0191,-0.0047,-1.7845,-1.1032
156,0.156,0.0026,0.0064,-0.0079,-0.0078,-1.0266,-0.5074
157,0.157,0.0004,0.004,-0.01,-0.0067,-0.0643,0.036
158,0.158,0.0011,0.0017,-0.0007,-0.0077,0.3109,0.2486
159,0.159,-0.002,0.0118,0.0043,-0.0054,0.424,0.3139
160,0.16,0.0021,0.0062,0.0058,-0.0105,0.5258,0.3727
161,0.161,-0.0037,-0.0057,0.0044,-0.0212,0.4313,0.3206
162,0.162,0.0032,0.0049,0.0081,-0.0318,0.5145,0.273
163,0.163,0.0005,0.0118,0.0049,-0.011,1.5142,0.9284
164,0.164,-0.0021,0.008,0.0058,-0.0023,1.3718,0.8355
165,0.165,-0.0043,0.0024,0.0066,0.0057,0.2473,0.0683
166,0.166,-0.0063,0.0054,0.0074,0.0033,-0.2074,-0.2421
167,0.167,-0.0021,0.0062,0.0067,0.0143,-0.3455,-0.3368
168,0.168,0.0008,-0.0033,0.0086,0.0121,-0.4698,-0.2524
169,0.169,-0.005,-0.0022,0.0069,0.0139,-0.582,-0.3302
170,0.17,-0.0134,-0.0033,0.0052,0.012,-0.2732,-0.2602
171,0.171,-0.0123,-0.0003,0.0016,0.0134,-1.1116,-0.7079
172,0.172,-0.0113,0.0061,0.0028,0.0037,-1.6724,-0.9988
173,0.173,-0.0086,-0.0068,-0.0001,0.0048,-0.7423,-0.3114
174,0.174,-0.0008,-0.0348,0.0024,0.0037,0.1321,0.1586
175,0.175,0.0022,-0.0309,0.0001,0.0108,0.4724,0.2454
176,0.176,0.0048,-0.0056,-0.0016,0.008,0.5744,0.3236
177,0.177,0.0056,0.0108,-0.0023,0.0071,0.4796,0.2541
178,0.178,0.0078,0.0079,-0.0022,0.0123,0.3949,0.3185
179,0.179,0.0113,0.0106,-0.0059,0.0087,0.7819,0.4928
180,0.18,0.007,0.0082,-0.0085,-0.0009,1.6963,0.9687
181,0.181,0.0029,0.0104,-0.0063,0.0005,1.0731,0.521
182,0.182,0.0003,0.0124,-0.0008,-0.0008,0.0507,-0.0037
183,0.183,0.0025,0.0067,0.0014,0.0048,-0.3637,-0.2162
184,0.184,0.0063,0.0017,0.0079,0.0017,-0.4907,-0.2814
185,0.185,0.0038,0.0062,-0.0033,0.0008,-0.3793,-0.3401
186,0.186,0.006,0.0048,0.0013,0.0067,-0.4837,-0.2878
187,0.187,0.0004,0.0036,0,-0.0002,-0.3912,-0.3363
188,0.188,-0.0004,0.0026,-0.0011,0.0006,-1.4984,-0.9917
189,0.189,0.0032,0.0016,-0.0043,-0.0002,-1.3488,-0.7114
190,0.19,0.0014,-0.0011,-0.0012,-0.004,-0.3878,-0.1145
191,0.191,0.0031,-0.0054,0.0091,-0.0004,0.2379,0.2744
192,0.192,-0.0017,0.0046,0.0244,-0.0034,0.3531,0.2057
193,0.193,-0.0022,0.0005,0.0224,-0.0017,0.4571,0.2705
194,0.194,0.0042,0.0068,0.0094,-0.0012,0.5515,0.3291
195,0.195,0.0033,-0.001,-0.0025,0,0.2967,0.2766
196,0.196,0.0011,-0.004,-0.0164,0.0029,1.1478,0.8052
197,0.197,-0.001,-0.0012,-0.022,0.0011,1.4881,0.8759
198,0.198,-0.0015,0.0047,-0.0237,0.0001,0.7665,0.2997
199,0.199,0.0013,0.0026,-0.0161,0.0046,-0.0789,-0.0889
200,0.2,-0.0034,-0.0023,-0.0009,0.0017,-0.4215,-0.3014
201,0.201,-0.0017,-0.0018,0.0093,0.0003,-0.5264,-0.2386
202,0.202,0,-0.0001,0.0112,0.0034,-0.4342,-0.2974
203,0.203,0.0016,0.0015,0.0163,0.0046,-0.3499,-0.2452
204,0.204,-0.0014,-0.0006,0.0178,0.0057,-0.7373,-0.4855
205,0.205,-0.0053,-0.0017,0.0138,0.0005,-1.793,-1.0538
206,0.206,0.0015,0.0035,-0.0051,-0.0046,-1.0395,-0.5123
207,0.207,0.0007,-0.0058,-0.0131,0.0019,-0.0773,-0.0186
208,0.208,-0.0071,-0.0045,-0.0107,-0.0023,0.2992,0.3027
209,0.209,-0.006,-0.0122,-0.0129,-0.0044,0.4143,0.2458
210,0.21,0.0004,0.0035,-0.0027,0.0006,0.5185,0.2993
211,0.211,-0.0004,-0.003,-0.0045,-0.0035,0.4259,0.2518
212,0.212,0.0002,-0.005,0.0007,-0.0017,0.5115,0.2956
213,0.213,-0.0033,-0.0106,0.0022,-0.0063,1.5179,0.8911
214,0.214,0.001,0.0013,0.0036,-0.0019,1.3816,0.8063
215,0.215,-0.0019,-0.0002,0.0074,0.0012,0.2584,0.1087
216,0.216,-0.0024,0.0039,0.0042,-0.0002,-0.1971,-0.1739
217,0.217,-0.0012,0.0051,-0.001,0.0012,-0.3362,-0.2603
218,0.218,0.0027,0.0019,-0.0001,0.0025,-0.4622,-0.3384
219,0.219,-0.0008,0.005,-0.006,0.0045,-0.5765,-0.2686
220,0.22,-0.002,-0.0014,-0.0066,-0.0006,-0.2686,-0.2051
221,0.221,0.0044,-0.0006,-0.0046,0.0017,-1.1112,-0.7283
222,0.222,0.0053,-0.0012,-0.0051,-0.0046,-1.6784,-0.9394
223,0.223,-0.0006,-0.0033,0.0002,-0.0037,-0.7511,-0.3632
224,0.224,0.0064,-0.0002,0.0108,0.0001,0.1242,0.1804
225,0.225,0.011,0.0003,0.0153,0.0022,0.4667,0.2521
226,0.226,0.0085,0.0008,0.0084,0.004,0.5714,0.3171
227,0.227,0.0063,0.0012,0.0021,0.0012,0.4791,0.3758
228,0.228,0.007,0.0051,0.001,-0.0003,0.3946,0.2179
229,0.229,0.0013,0.0129,-0.0021,-0.0053,0.7819,0.5544
230,0.23,0.0006,0.0097,-0.0048,0.0025,1.6968,1.0353
231,0.231,0.0017,0.0004,-0.0161,0.0017,0.9753,0.5568
232,0.232,-0.0033,-0.0048,-0.0136,-0.0013,0.1006,-0.0203
233,0.233,-0.0049,-0.0002,-0.0158,-0.0059,-0.2421,-0.2541
234,0.234,-0.0044,0.0006,-0.0051,-0.005,-0.347,-0.3255
235,0.235,-0.0019,-0.0001,-0.0066,-0.0087,-0.4418,-0.2623
236,0.236,-0.0007,-0.0036,0.0003,-0.0067,-0.5276,-0.3208
237,0.237,0.0022,0.0006,-0.0008,0.0028,-0.451,-0.2682
238,0.238,0.0064,-0.0035,0.0002,0.0041,-1.5062,-0.9889
239,0.239,-0.0024,-0.003,-0.0029,-0.0022,-1.3564,-0.8864
240,0.24,-0.0012,-0.0034,0.0017,-0.0054,-0.3948,-0.2297
241,0.241,-0.0068,-0.0037,0.0076,-0.0024,0.2314,0.1978
242,0.242,0.0027,-0.0034,0.019,0.004,0.347,0.2766
243,0.243,-0.001,-0.0031,0.0241,0.0015,0.451,0.3477
244,0.244,-0,-0.0082,0.0347,0.0008,0.5458,0.2844
245,0.245,-0.0011,-0.0188,0.0306,-0.0028,0.2914,0.2269
246,0.246,-0.0019,-0.0173,0.0167,0.0002,1.1429,0.8081
247,0.247,-0.0028,0.0034,-0.0001,-0.0074,1.4833,0.886
248,0.248,-0.0113,0.0122,-0.0113,-0.0002,0.7618,0.3933
249,0.249,-0.0216,0.0041,-0.0255,-0.0011,-0.0836,-0.056
250,0.25,-0.0257,0.0064,-0.0385,0.0031,-0.426,-0.2317
251,0.251,-0.0169,0.0041,-0.0267,0.0068,-0.5304,-0.2855
252,0.252,-0.0091,-0.0143,-0.0221,0.0032,-0.4382,-0.3341
253,0.253,-0.0019,-0.0367,-0.0151,-0.0011,-0.354,-0.2035
254,0.254,0.0008,-0.0279,-0.0012,0.0017,-0.7413,-0.4813
255,0.255,-0.0017,0.0077,-0.0031,0.0042,-1.7967,-1.0227
256,0.256,0.002,0.0029,-0.0014,-0.0028,-1.0431,-0.481
257,0.257,0.0026,0.0161,0.0001,-0.0081,-0.0809,0.0129
258,0.258,0.0121,0.0122,-0.0012,-0.0073,0.2958,0.2065
259,0.259,0.0134,0.0157,-0,-0.0066,0.4109,0.2659
260,0.26,0.0097,0.0059,0.0077,-0.0119,0.515,0.3193
261,0.261,0.0019,0.0088,0.0047,-0.0226,0.4224,0.2719
262,0.262,0.0029,0.0169,0.0038,-0.0334,0.5079,0.3159
263,0.263,0.0056,0.0045,0.0047,-0.0294,1.5141,0.9117
264,0.264,0.0047,0.0023,0.0099,-0.0105,1.3777,0.6569
265,0.265,0.004,0.0083,0.0021,-0.0024,0.2543,0.1143
266,0.266,0.0061,0.0065,-0.0073,0.0099,-0.2009,-0.239
267,0.267,0.0018,0.0014,-0.0062,0.0076,-0.3402,-0.3041
268,0.268,0.0059,-0.0002,-0.0052,0.0096,-0.466,-0.2468
269,0.269,0.0011,0.0012,0.0063,0.0188,-0.5804,-0.3001
270,0.27,-0.0019,0,0.017,0.0171,-0.2724,-0.2522
271,0.271,-0.0025,-0.001,0.0183,0.0155,-1.1153,-0.8202
272,0.272,0.0043,0.0042,0.0171,0.0114,-1.6825,-0.8978
273,0.273,0.0016,0.0015,0.0203,0.0101,-0.755,-0.264
274,0.274,0.0024,-0.0045,0.0131,0.0111,0.12,0.1635
275,0.275,0.0046,-0.0007,0.0158,0.012,0.4623,0.2426
276,0.276,0.0052,0.0013,0.0132,0.0074,0.5666,0.314
277,0.277,-0.0042,-0.0029,0.0017,0.0099,0.4743,0.3786
278,0.278,-0.0002,-0.0046,-0.0034,0.0077,0.3899,0.2049
279,0.279,-0.0014,0.0021,-0.0079,0.0083,0.777,0.5747
280,0.28,0.0042,-0.0006,-0.0176,0.0025,1.6917,1.0075
281,0.281,-0.0031,-0.01,-0.0213,0.0062,1.0686,0.6008
282,0.282,-0.0005,0.0038,-0.0203,0.0013,0.0464,0.0182
283,0.283,-0.003,0.0057,-0.0173,0.0055,-0.3676,-0.2157
284,0.284,-0.0008,0.0006,-0.0109,0.0014,-0.4941,-0.2871
285,0.285,0.0027,-0.001,-0.0083,-0.0002,-0.3825,-0.3517
286,0.286,0.001,-0.005,-0.0014,0.001,-0.4866,-0.2941
287,0.287,0.0015,-0.0013,0.0013,-0.0019,-0.3937,-0.3472
288,0.288,-0.0011,-0.0003,0.0142,0.0007,-1.671,-0.9718
289,0.289,-0.0008,-0.0055,0.0235,-0.0046,-1.4896,-0.717
290,0.29,-0.0055,-0.0064,0.0184,-0.0068,-0.3275,-0.1745
291,0.291,-0.0038,0.0065,0.0169,-0.0088,0.4294,0.1786
292,0.292,-0.0021,0.0009,0.01,0.0007,0.2946,0.2439
293,0.293,0.0046,-0.0042,0.0037,-0.0007,0.4204,0.3029
294,0.294,0.0001,-0.0027,-0.0112,-0.0018,0.5344,0.3564
295,0.295,0.0009,-0.004,-0.0173,-0.005,0.4321,0.2125
296,0.296,0.0016,-0.0028,-0.0191,-0.004,1.2746,0.7804
297,0.297,0.0009,0.005,-0.0107,-0.0013,1.6149,0.8581
298,0.298,-0.0048,0.006,-0.0122,0.003,0.687,0.3654
299,0.299,-0.0011,0.0106,-0.0109,-0.0007,-0.1883,-0.0839
300,0.3,0.001,-0.0022,-0.0098,0.0014,-0.3042,-0.2598
301,0.301,-0.0021,0.0034,-0.0066,0.0057,-0.4091,-0.3138
302,0.302,-0.0096,0.0017,-0.0096,-0.0029,-0.504,-0.3627
303,0.303,-0.0023,0.0093,-0.0105,-0.0017,-0.4198,-0.2324
304,0.304,0.0004,-0.0032,-0.0079,-0.0005,-0.8072,-0.5106
305,0.305,0.0013,-0.0082,0.0021,-0.0035,-1.7224,-1.0523
306,0.306,-0.0008,-0.0067,0.0035,-0.0041,-1.0999,-0.511
307,0.307,-0.0028,-0.0053,-0.0002,-0.0015,-0.0778,-0.0174
308,0.308,-0.0045,-0.004,0.0054,-0.002,0.3363,0.3036
309,0.309,-0.0016,-0.003,0.0064,0.0045,0.4625,0.2464
310,0.31,0.002,-0.0019,0.0055,0.0071,0.5766,0.2996
311,0.311,0.0032,-0.001,0.0098,-0.0013,0.4747,0.2518
312,0.312,0.0004,-0.0035,0.0105,-0.0022,0.5687,0.2954
313,0.313,0.0001,0.0018,0.0056,-0.0032,1.505,0.8907
314,0.314,0.0005,-0.0002,0.0087,-0.0022,1.1319,0.8056
315,0.315,0.0042,0.0056,0.0071,-0.003,0.3372,0.1077
316,0.316,-0.0008,0.0019,0.0086,0.0009,-0.3867,-0.1751
317,0.317,-0.0015,-0.0029,0.0065,0.0016,-0.2955,-0.2618
318,0.318,0.0043,-0.0012,0,0.006,-0.5524,-0.3401
319,0.319,0.005,0.0029,0.0028,0.002,-0.4764,-0.2706
320,0.32,0.0071,0.0025,-0.0014,0.0006,-0.4072,-0.2072
321,0.321,0.0013,0.0013,-0.0036,0.0049,-1.2387,-0.8468
322,0.322,0.0007,0.0025,0.0042,0.002,-1.5795,-0.9325
323,0.323,0,-0.0032,0.0052,0.0046,-0.652,-0.3903
324,0.324,-0.0004,0.001,0.0061,0.0058,0.2231,0.1035
325,0.325,-0.0009,0.0017,-0.0033,0.0019,0.3387,0.2966
326,0.326,-0.0004,0.0011,-0.0045,-0.0016,0.4432,0.3554
327,0.327,0,-0.0006,-0.0077,0.0014,0.538,0.3031
328,0.328,0.0056,-0.0001,0.0038,-0.0041,0.4536,0.2553
329,0.329,-0.0013,0.0025,0.0023,-0.0035,0.8407,0.5608
330,0.33,-0.0004,0.0075,-0.0018,0.0029,1.6147,0.9977
331,0.331,0.0005,-0.0031,0.0019,-0.003,0.8943,0.5907
332,0.332,0.0034,-0.0007,0.0036,-0.0022,0.0292,-0.0059
333,0.333,-0.0003,0.0069,0.0026,0.0015,-0.2547,-0.2718
334,0.334,0.0047,-0,-0.0027,-0.0006,-0.3418,-0.3211
335,0.335,0.003,0.0012,-0.0054,-0.0002,-0.5751,-0.2785
336,0.336,0.0014,0.0044,-0.0028,0.0015,-0.5056,-0.3188
337,0.337,-0.0011,0.0034,0.0009,0.004,-0.4424,-0.2832
338,0.338,-0.0014,0.0025,0.003,0.0009,-1.3142,-0.7758
339,0.339,-0.0011,0.0034,0.0013,0.002,-1.4396,-0.7062
340,0.34,-0.0021,0.0027,-0.0003,0.0016,-0.4181,-0.1296
341,0.341,-0.0053,0.002,0.0054,0.0032,0.2702,0.1043
342,0.342,-0.0024,-0.0037,0.0076,-0.002,0.3973,0.1757
343,0.343,-0.002,-0.0015,0.0069,-0.0027,0.5116,0.3684
344,0.344,-0.0052,-0.0008,-0.0014,-0.0086,0.6157,0.311
345,0.345,-0.0005,0.0022,-0.0025,-0.0065,0.3358,0.2585
346,0.346,-0.0035,-0.003,-0.0098,-0.0045,1.2725,0.6911
347,0.347,-0.0006,-0.0024,-0.0052,0.0012,1.6471,0.8659
348,0.348,-0.0031,-0.0007,-0.001,-0.0104,0.6268,0.3897
349,0.349,-0.0001,-0.0048,-0.0004,-0.0291,-0.0616,-0.0596
350,0.35,-0.0021,-0.0023,-0.0039,-0.0365,-0.438,-0.2354
351,0.351,-0.004,-0.0026,-0.0135,-0.021,-0.5527,-0.2891
352,0.352,-0.003,0.0002,-0.0176,-0.015,-0.451,-0.2418
353,0.353,0.0021,0.0012,-0.0113,-0.0281,-0.3584,-0.1986
354,0.354,0.007,-0.0005,0.0035,-0.0367,-0.7844,-0.4765
355,0.355,0.0075,-0.0056,0.0096,-0.0168,-1.791,-1.0179
356,0.356,0.0035,-0.0036,0.0152,0.0022,-1.1057,-0.4761
357,0.357,0.003,-0.0066,0.0102,0.0145,0.0184,0.0179
358,0.358,0.0041,-0.0038,0.0117,0.0166,0.4735,0.2117
359,0.359,0.0013,-0.0033,-0.0035,0.0185,0.3385,0.2711
360,0.36,-0.0013,-0.0102,-0.0096,0.0166,0.4641,0.3248
361,0.361,-0.0052,-0.026,-0.0226,0.0216,0.5784,0.2774
362,0.362,-0.0027,-0.0148,-0.0209,0.0138,0.4761,0.3215
363,0.363,-0.003,0.0076,-0.0133,0.0097,1.5062,0.9172
364,0.364,-0.0027,0.0047,-0.0008,0.0033,1.3699,0.6624
365,0.365,-0.0017,0.0074,0.0042,0.0111,0.2465,0.1198
366,0.366,0.0035,-0.0198,0.0027,0.01,-0.2087,-0.2334
367,0.367,-0.0018,-0.0307,0.0013,0.0091,-0.3483,-0.2985
368,0.368,-0.0067,-0.001,0.0075,0.0099,-0.4739,-0.3572
369,0.369,-0.0062,0.0189,0.0042,0.012,-0.5884,-0.3049
370,0.37,-0.001,0.0154,0.0031,0.0126,-0.2802,-0.257
371,0.371,0.0025,0.0121,0.0023,0.0121,-1.3103,-0.8248
372,0.372,0.002,0.0033,-0.0055,0.0115,-1.7223,-0.9025
373,0.373,0.0002,0.006,-0.0128,0.0057,-0.5998,-0.2685
374,0.374,-0.0045,0.0083,-0.0082,0.0064,0.1574,0.1591
375,0.375,-0.0115,0.0149,-0.0023,0.0084,0.2972,0.2382
376,0.376,-0.0088,0.0047,0.0013,0.0053,0.4232,0.3096
377,0.377,-0.0097,0.0065,0.0048,0.0024,0.5375,0.3744
378,0.378,-0.0028,0.0082,0.009,-0.0012,0.4354,0.2007
379,0.379,0.0017,0.0005,0.0073,0.001,0.7167,0.5706
380,0.38,0.0025,0.0046,0.0025,0.0021,1.6537,1.0035
381,0.381,0.0018,0.0057,0.0108,-0.0036,1.0309,0.4805
382,0.382,-0.0018,-0.0021,0.0075,-0.0011,0.0089,-0.0132
383,0.383,-0.0002,0.0031,0.0065,0.0011,-0.405,-0.2065
384,0.384,-0.0031,0.0004,0.0056,-0.0053,-0.5313,-0.2655
385,0.385,0.0046,0.0062,0.0047,0.0006,-0.4193,-0.319
386,0.386,0.0102,-0.0038,-0.0053,-0.0016,-0.5231,-0.2713
387,0.387,0.0091,0.0002,-0.015,-0.0009,-0.43,-0.315
388,0.388,0.0026,-0.0035,-0.0011,-0.0014,-1.7071,-0.9104
389,0.389,0.0034,-0.0025,0.0119,0.0015,-1.1604,-0.8254
390,0.39,0.0027,-0.0162,0.0136,-0.0042,-0.3295,-0.1275
391,0.391,-0.0009,-0.0032,0.0121,-0.002,0.4274,0.1552
392,0.392,0.0033,0.0018,0.0107,0.0001,0.2925,0.2417
393,0.393,0.0028,0.0033,0.0095,-0.0041,0.4185,0.3199
394,0.394,0.0033,-0.0007,-0.0009,-0.0046,0.5328,0.2506
395,0.395,0.0054,0.008,-0.0078,-0.0081,0.4307,0.1872
396,0.396,-0.0002,0.0024,-0.0041,-0.003,1.2737,0.8267
397,0.397,-0.0009,0.0097,0.0014,0.0006,1.6143,0.9122
398,0.398,0.0055,0.0012,0.0087,-0.0023,0.6866,0.3698
399,0.399,0.0029,0.0002,0.0114,-0.0006,-0.1884,-0.1239
400,0.4,0.0066,0.0032,0.0122,-0.0031,-0.3041,-0.1893
401,0.401,0.0002,-0.0071,0.0085,0,-0.4086,-0.2482
402,0.402,-0.0024,-0.0084,-0.0021,-0.0002,-0.5034,-0.3017
403,0.403,-0.0046,-0.0047,-0.0128,-0.0037,-0.4192,-0.254
404,0.404,-0.0039,-0.0036,-0.0169,-0.0024,-0.8064,-0.5598
405,0.405,-0.0044,-0.0005,-0.0282,0.0017,-1.7212,-1.0763
406,0.406,0.0008,-0.0051,-0.0266,0.0003,-0.8491,-0.5843
407,0.407,-0.0012,-0.0008,-0.0169,0.0056,-0.0536,-0.007
408,0.408,-0.0007,-0.0014,-0.0081,0.0064,0.4642,0.2268
409,0.409,0.0057,-0.0062,-0.0025,0.0035,0.3727,0.2979
410,0.41,0.0065,0.0009,0.0006,0.0042,0.4591,0.3625
411,0.411,-0.0004,0.0001,0.0051,0.0007,0.5373,0.3049
412,0.412,-0.005,0.0027,0.0129,-0.0061,0.4676,0.3577
413,0.413,-0.0024,-0.001,0.0099,-0.0133,1.4271,0.9822
414,0.414,-0.0002,0.0027,0.0072,-0.0086,1.2906,0.7271
415,0.415,0.0034,0.0085,0.0081,-0.0043,0.4166,0.1839
416,0.416,0.0004,0.0079,0.0134,0.001,-0.3791,-0.1697
417,0.417,-0.0001,0.0073,0.0127,-0.0039,-0.2784,-0.235
418,0.418,-0.0006,-0.001,0.0033,0.002,-0.5606,-0.294
419,0.419,0.0006,-0.0041,-0.0176,-0.0002,-0.4766,-0.3475
420,0.42,-0.0013,0.0013,-0.0204,-0.0022,-0.4001,-0.2038
421,0.421,-0.0038,0.0022,-0.0177,0.0009,-1.3145,-0.8592
422,0.422,-0.0062,0.0031,-0.0105,-0.0019,-1.6891,-0.9533
423,0.423,-0.001,0.0025,0.0051,0.0017,-0.6688,-0.3568
424,0.424,0.001,-0.0068,0.0111,0.0039,0.294,0.1867
425,0.425,-0.0006,0.0021,0.0055,-0.0017,0.4211,0.2584
426,0.426,0.0058,-0.0034,0.0106,0.0005,0.5356,0.323
427,0.427,0.0067,-0.0044,0.0061,0.004,0.4337,0.3815
428,0.428,0.0061,0.0078,0.0021,0.0023,0.3407,0.2234
429,0.429,0.0026,0.0062,-0.0092,0.0006,0.7666,0.5597
430,0.43,0.0021,0.0047,0.0015,0.0011,1.6182,1.0403
431,0.431,-0.0007,0.0007,0.0056,0.0033,0.8253,0.4646
432,0.432,-0.0001,0.0095,0.0094,0.0036,0.102,-0.0789
433,0.433,0.0011,0.0032,0.0063,0.0026,-0.331,-0.2334
434,0.434,-0.0011,0,0.0008,0,-0.4266,-0.3048
435,0.435,-0.0031,0.0053,-0.0044,0.0023,-0.513,-0.3697
436,0.436,-0.0056,-0.005,-0.0166,-0.0001,-0.4365,-0.3125
437,0.437,-0.0065,-0.001,-0.0217,0.0041,-0.5075,-0.3657
438,0.438,-0.0014,-0.0047,-0.0078,-0.0001,-1.4669,-0.9906
439,0.439,-0.002,-0.0103,0.0015,0.0003,-1.331,-0.7359
440,0.44,0.0011,-0.0008,0.0134,0.0028,-0.2075,-0.1932
441,0.441,0.004,0.0004,0.015,-0.0003,0.2479,0.1599
442,0.442,0.0045,-0.0006,0.011,-0.0015,0.3873,0.225
443,0.443,-0.0024,0.0024,0.0098,-0.0058,0.513,0.2836
444,0.444,0.0071,0.0033,0.002,-0.0076,0.4006,0.3367
445,0.445,0.0108,-0.0027,0.001,-0.0029,0.2982,0.2888
446,0.446,0.0053,0.0088,-0.0075,-0.0046,1.3283,0.8565
447,0.447,-0.0042,0.0004,-0.0107,0.0029,1.4661,0.9341
448,0.448,-0.0004,0.0019,-0.0055,-0.0024,0.5928,0.3002
449,0.449,-0.0107,-0.0051,-0.0064,0.004,-0.203,-0.1273
450,0.45,-0.0011,-0.0063,-0.0005,-0.0003,-0.3087,-0.2063
451,0.451,0.0026,-0.0073,0.0017,-0.0118,-0.4038,-0.2777
452,0.452,0.0016,-0.0104,0.0037,-0.0339,-0.4901,-0.3427
453,0.453,-0.0036,-0.0096,0.0006,-0.0427,-0.4136,-0.169
454,0.454,-0.0009,0.0015,-0.0034,-0.0126,-0.9063,-0.5391
455,0.455,-0.0018,-0.0154,0.0001,-0.0088,-1.7383,-1.0681
456,0.456,0.0035,-0.0447,-0.0068,0.002,-0.9458,-0.5762
457,0.457,0.0014,-0.0409,-0.0078,0.0051,-0.0163,0.1288
458,0.458,-0.0043,-0.0008,-0.0014,0.0022,0.3599,0.2238
459,0.459,0.0009,0.0044,-0.0022,0.0103,0.4748,0.3098
460,0.46,-0.0027,-0.0004,-0.0074,0.0126,0.5786,0.3877
461,0.461,-0.0122,0.004,0.0004,0.0147,0.4857,0.3178
462,0.462,-0.0135,0.0079,0.0056,0.0126,0.5709,0.3819
463,0.463,-0.0048,0.0114,0.0048,0.0145,1.5769,1.0213
464,0.464,-0.0038,0.0145,0.0073,0.0093,1.1661,0.7662
465,0.465,-0.0048,0.0116,0.0079,0.0078,0.292,0.0683
466,0.466,-0.004,-0.0021,0.0143,-0.0048,-0.2775,-0.2145
467,0.467,-0.01,0.0002,0.0185,0.0036,-0.3831,-0.3011
468,0.468,-0.0078,0.0024,0.0148,0.0051,-0.4782,-0.3793
469,0.469,-0,0.0125,0.0113,0.0064,-0.5647,-0.3098
470,0.47,-0.0031,0.0068,0.0155,0.0027,-0.3336,-0.2464
471,0.471,0.0015,0.0085,0.0127,0.0082,-1.2483,-0.8859
472,0.472,0.004,0.0039,0.0049,0.0092,-1.6232,-0.9716
473,0.473,0.0109,0.0052,-0.0099,0.0084,-0.6029,-0.2745
474,0.474,0.0081,0.0088,-0.016,0.0075,0.3593,0.1954
475,0.475,0.0039,0.0032,-0.0178,0.0023,0.4863,0.2821
476,0.476,0.0001,-0.0021,-0.0262,-0.0026,0.6008,0.3602
477,0.477,0.0037,0.0082,-0.0308,-0.0069,0.4991,0.2906
478,0.478,0.0079,0.0012,-0.0182,-0.0052,0.4061,0.227
479,0.479,0.0015,0.0023,-0.003,-0.0067,0.8318,0.5176
480,0.48,-0.0028,0.0055,-0.005,-0.0063,1.6833,0.9934
481,0.481,0.0056,0.0085,0.0043,-0.0016,0.8902,0.5456
482,0.482,0.0088,0.002,-0.0007,-0.0011,-0.0394,-0.0955
483,0.483,0.0078,0.0045,0.0039,0.0054,-0.4161,-0.1823
484,0.484,-0.0026,0.0023,0.0025,0.0012,-0.5313,-0.2607
485,0.485,-0.0067,0.0029,-0.0012,0.0049,-0.4299,-0.3317
486,0.486,-0.003,-0.0029,-0.0022,0,-0.5246,-0.2684
487,0.487,0.0002,-0.0051,-0.0033,0.0017,-0.44,-0.3266
488,0.488,-0.0029,-0.0003,-0.0173,0.0058,-1.6013,-1.0136
489,0.489,-0.0021,-0.0045,-0.0153,0.0023,-1.4363,-0.7331
490,0.49,0.0004,-0.0086,-0.0022,0.0065,-0.3789,-0.136
491,0.491,0.0011,-0.0009,0.013,0.0002,0.3094,0.2527
492,0.492,-0.001,-0.0041,0.011,0.008,0.4359,0.3243
493,0.493,0.0032,-0.0031,0.0166,0.0028,0.5501,0.2611
494,0.494,-0.0056,-0.0004,0.0183,-0.0037,0.448,0.3199
495,0.495,-0.0044,-0.0013,0.0137,-0.0028,0.3549,0.2676
496,0.496,0.0059,0.0039,0.015,-0.0006,1.2913,0.7963
497,0.497,0.0099,0.0004,0.0113,-0.0069,1.4165,0.8672
498,0.498,0.0036,-0.0001,0.0123,-0.006,0.6224,0.2911
499,0.499,-0.002,-0.003,0.0153,-0.0082,-0.3072,-0.0975
500,0.5,-0.005,0.0005,0.0069,-0.0046,-0.4346,-0.1693
501,0.501,-0.0058,0.0002,-0.0102,-0.005,-0.5494,-0.3619
502,0.502,0.007,-0.001,-0.0126,-0.0009,-0.4479,-0.3046
503,0.503,0.0126,0.0015,-0.0148,0.0027,-0.3553,-0.2522
504,0.504,0.0076,-0.0037,-0.0209,0.0016,-0.7815,-0.5886
505,0.505,-0,0.0048,-0.0191,0.0055,-1.7882,-1.0694
506,0.506,-0.0014,0.0038,-0.0073,-0.0012,-0.8289,-0.4939
507,0.507,-0.0051,-0.0057,0.0034,0.0016,0.0459,0.0495
508,0.508,0.0005,-0.0045,0.0074,0.0026,0.3882,0.2621
509,0.509,0.0078,-0.0054,0.0111,0.0004,0.493,0.3271
510,0.51,0.0069,-0.0043,0.0166,-0.0015,0.5875,0.2697
511,0.511,0.001,0.0042,0.0261,-0.0019,0.5034,0.2174
512,0.512,-0.0012,-0.0013,0.0249,-0.0035,0.4265,0.3618
513,0.513,-0.0019,-0.0043,0.0078,0.0002,1.4815,1.0172
514,0.514,-0.0013,0.0003,-0.0045,0.0034,1.3314,0.7366
515,0.515,-0.003,0.0013,0.0066,0.0023,0.3699,0.1395
516,0.516,-0.0066,0.0007,-0.0076,-0.0002,-0.2562,-0.249
517,0.517,-0.0096,0.0044,-0.0243,0.0009,-0.3715,-0.3205
518,0.518,-0.0031,0.0061,-0.0309,-0.0014,-0.4758,-0.2573
519,0.519,0.0053,0.0021,-0.0248,-0.0043,-0.5703,-0.316
520,0.52,0.0043,-0.0056,-0.0192,-0.008,-0.3156,-0.2637
521,0.521,-0.0051,0.0048,-0.0176,-0.0044,-1.3219,-0.8883
522,0.522,-0.0088,0.0008,-0.01,-0.0021,-1.4597,-0.9739
523,0.523,-0.001,-0.0029,-0.0114,-0.0023,-0.5864,-0.2766
524,0.524,0,0.0003,-0.0001,-0.0004,0.2095,0.1935
525,0.525,-0.0027,0.0056,0.0075,0.002,0.3153,0.2801
526,0.526,-0.0069,0.0048,0.0034,0.0003,0.4106,0.3583
527,0.527,-0.0047,-0.001,0.0071,-0.0039,0.4969,0.2887
528,0.528,-0.0026,-0.0032,0.006,0.0019,0.4202,0.2253
529,0.529,0.0031,0.0047,0.007,0.0056,0.9127,0.6321
530,0.53,0.0053,-0.0004,-0.0071,0.0021,1.6167,1.0021
531,0.531,0.0004,0.0042,-0.001,0.0063,0.9614,0.4736
532,0.532,0.0099,0.0171,0.0083,0.0022,0.0226,-0.0202
533,0.533,0.0058,0.0079,0.0066,0.0058,-0.3539,-0.2136
534,0.534,0.0063,0.0005,0.0128,0.0002,-0.4467,-0.2774
535,0.535,-0.0025,-0.008,0.0052,0.0005,-0.561,-0.3362
536,0.536,0.0031,-0.0034,0.0065,0.0008,-0.4588,-0.2839
537,0.537,0.0001,-0.0047,-0.0099,-0.0027,-0.5525,-0.3322
538,0.538,0.0009,-0.0059,-0.0077,-0.0006,-1.6592,-0.9875
539,0.539,-0.0033,0.0045,0.0025,-0.0018,-1.2072,-0.707
540,0.54,-0.0011,0.0004,0.0118,0.0032,-0.2451,-0.1097
541,0.541,0.0024,-0.0007,0.0067,0.0052,0.3812,0.2791
542,0.542,0.0007,-0.0017,0.0051,0.0109,0.497,0.2102
543,0.543,-0.001,0.0056,0.001,0.0056,0.396,0.2749
544,0.544,-0.0005,-0.0029,0.0072,0.002,0.4912,0.3335
545,0.545,-0.0027,-0.0039,-0.0031,-0.0011,0.4072,0.1756
546,0.546,-0.0039,0.0034,-0.0018,-0.01,1.259,0.8005
547,0.547,-0.0075,-0.003,0.0045,-0.0064,1.3736,0.886
548,0.548,-0.0144,0.0065,0.0035,-0.0054,0.6525,0.3435
549,0.549,-0.0134,0.0028,0.0004,-0.0065,-0.1922,-0.1505
550,0.55,-0.0088,0.0038,-0.0004,-0.0021,-0.3074,-0.216
551,0.551,-0.0046,-0.0057,-0.0012,0.0021,-0.4113,-0.2749
552,0.552,0.0006,-0.0094,0.0073,-0.0002,-0.5053,-0.3285
553,0.553,-0.0014,-0.0062,0.0084,0.0004,-0.4202,-0.185
554,0.554,0.0028,-0.001,0.0032,-0.0014,-0.8068,-0.5783
555,0.555,0.0116,-0.0019,0.0005,0.0037,-1.721,-1.0542
556,0.556,0.0078,0.004,0.0083,0.0043,-0.8483,-0.4786
557,0.557,0.0046,-0.0012,0.0073,0.0012,-0.0521,0.0649
558,0.558,0.0015,-0.0048,-0.003,0.0075,0.4661,0.2775
559,0.559,0.0023,0.0009,-0.0043,-0.0054,0.3751,0.3425
560,0.56,-0.0002,-0.0076,-0.0132,-0.0334,0.4621,0.2853
561,0.561,0.0067,0.0002,-0.0142,-0.0374,0.5411,0.2331
562,0.562,0.0021,-0.0051,-0.0111,-0.0194,0.4721,0.3774
563,0.563,-0.0022,-0.0192,-0.0084,-0.0162,1.4319,0.9456
564,0.564,-0.0016,-0.0294,-0.011,-0.0075,1.2961,0.5592
565,0.565,0.0048,-0.0126,-0.0088,0.0005,0.1735,0.0658
566,0.566,0.0056,0.0166,-0.0068,-0.002,-0.2812,-0.2557
567,0.567,0.0019,0.0047,-0.0037,-0.0176,-0.4197,-0.1991
568,0.568,-0.0001,0.0082,0.0015,-0.0279,-0.545,-0.2526
569,0.569,0.0004,0.005,0.0065,-0.0149,-0.4322,-0.3012
570,0.57,0.0009,0.0078,0.0082,0.0002,-0.3294,-0.258
571,0.571,0.0024,0.0051,0.0031,0.0103,-1.359,-0.8536
572,0.572,0.002,0.0074,0.0011,0.0157,-1.4964,-0.9391
573,0.573,-0.0036,0.0007,0.0029,0.0174,-0.6224,-0.2418
574,0.574,0.0017,-0.0054,0.0046,0.0218,0.1739,0.2283
575,0.575,-0.0004,0.0001,0.0104,0.0204,0.4858,0.3151
576,0.576,0.0013,-0.0151,0.002,0.0166,0.5815,0.2387
577,0.577,-0.0039,-0.0336,0.0053,0.0133,0.4979,0.3096
578,0.578,0.0025,-0.0264,0.0023,0.0143,0.4217,0.246
579,0.579,0.005,0.0028,0.0051,0.0151,0.9146,0.5367
580,0.58,-0.0002,0.0146,0.0076,0.0142,1.619,1.0127
581,0.581,-0.0009,0.011,0.0129,0.0089,0.964,0.437
582,0.582,-0.0004,0.0142,0.0094,0.0096,0.0256,-0.1064
583,0.583,-0.0044,0.0113,-0.0001,0.0112,-0.3506,-0.1782
584,0.584,-0.0019,0.0086,-0.0097,0.0095,-0.4654,-0.2433
585,0.585,-0.007,0.0061,-0.006,0.011,-0.5692,-0.3021
586,0.586,-0.009,0.0083,-0.007,0.0067,-0.4762,-0.2499
587,0.587,-0.0048,0.0062,-0.0039,0.005,-0.5615,-0.3943
588,0.588,0.0017,0.008,0.0006,0.0055,-1.7222,-1.0497
589,0.589,0.0059,0.0029,0.0101,-0.0015,-1.2234,-0.7691
590,0.59,0.0111,-0.0047,0.0215,-0.0067,-0.1658,-0.0015
591,0.591,0.0018,0.0022,0.02,-0.0059,0.2474,0.3092
592,0.592,0.0007,0.0084,0.016,-0.0034,0.3735,0.2169
593,0.593,0.0039,0.0052,0.0047,0.0004,0.488,0.3026
594,0.594,-0.0034,0.0062,-0.0059,-0.0003,0.5916,0.2259
595,0.595,-0.0061,0.0034,-0.0128,0.0002,0.3112,0.2965
596,0.596,-0.0001,0.0009,-0.0191,-0.0015,1.2479,0.872
597,0.597,-0.0054,0.0046,-0.0268,0.0001,1.3714,0.9499
598,0.598,0.0011,-0.0018,-0.032,-0.0011,0.5764,0.3164
599,0.599,0.0019,0.0007,-0.0366,-0.0007,-0.1461,-0.1108
600,0.6,-0.005,0.0059,-0.0357,-0.0025,-0.4284,-0.1896
601,0.601,-0.0042,0.0024,-0.032,-0.0001,-0.5147,-0.2607
602,0.602,0.0037,0.0066,-0.0213,-0.0003,-0.4383,-0.3253
603,0.603,0.0067,0.0001,0.0018,0.0023,-0.3689,-0.2677
604,0.604,0.0041,-0.0007,0.0116,-0.0014,-0.8172,-0.6375
605,0.605,-0.0018,-0.0045,0.0204,-0.0028,-1.6887,-1.0702
606,0.606,-0.004,-0.0051,0.0286,-0.0097,-0.8151,-0.5469
607,0.607,0.0009,-0.0021,0.0262,-0.0086,-0.0204,0.0879
608,0.608,0.0052,-0.0004,0.0374,-0.0093,0.2896,0.1748
609,0.609,0.0023,-0.0081,0.0273,-0.0134,0.3841,0.2532
610,0.61,0.0059,0.0022,0.0217,-0.0096,0.4699,0.3242
611,0.611,0.0081,-0.0074,0.0132,-0.0018,0.5476,0.2608
612,0.612,0.0053,0.0014,0.0087,0.0013,0.4777,0.319
613,0.613,0.0035,-0.0018,-0.0009,0.006,1.4367,1.0061
614,0.614,-0.0017,-0.0028,-0.0072,0.0018,1.298,0.7256
615,0.615,-0.0086,-0.0019,-0.0104,0.0041,0.1745,0.1283
616,0.616,-0.0078,-0.0011,-0.0177,0.0007,-0.2798,-0.2604
617,0.617,-0.0086,0.0027,-0.0241,0.0013,-0.4186,-0.1916
618,0.618,-0.0033,0.0007,-0.0284,0.0018,-0.5446,-0.2562
619,0.619,0.0031,-0.0009,-0.0231,0.0045,-0.4326,-0.3146
620,0.62,0.0006,-0.0004,-0.0125,0.0076,-0.3304,-0.2621
621,0.621,-0.0001,-0.0008,-0.0018,0.0013,-1.3607,-0.8867
622,0.622,-0.0036,-0.0011,0.0052,0.0023,-1.4972,-0.9722
623,0.623,0.0006,0.0001,0.0064,0.0049,-0.6232,-0.2749
624,0.624,-0.001,-0.0033,0.0096,0.0013,0.1712,0.1953
625,0.625,-0.0036,0.0028,0.0128,-0.0022,0.4811,0.2821
626,0.626,-0.0032,0.002,0.0137,-0.0026,0.5757,0.3603
627,0.627,-0.0003,-0.0079,0.0128,-0.0009,0.4913,0.2907
628,0.628,-0.0013,-0.001,0.0076,-0.0034,0.414,0.2271
629,0.629,-0.0024,-0.0021,0.0012,-0.0056,0.9063,0.634
630,0.63,0,-0.0076,0.0106,-0.0052,1.6089,1.004
631,0.631,0.0043,-0.0045,0.027,0.0005,0.9516,0.4754
632,0.632,0.0085,0.0001,0.0247,0.0048,0.0131,-0.0185
633,0.633,0.0021,0.001,0.0146,-0.0005,-0.3626,-0.212
634,0.634,0.0012,0.0032,0.0052,-0.0025,-0.4775,-0.2711
635,0.635,0.0051,0.0049,-0.008,0.0046,-0.4629,-0.3145
636,0.636,-0.0018,-0.0015,-0.003,0.0015,-0.5668,-0.2622
637,0.637,-0.0027,0.0028,0.0016,-0.0026,-1.5975,-0.4066
638,0.638,0.0051,0.0021,-0.0192,0.0009,-1.1867,-1.0621
639,0.639,-0.0001,0.0041,-0.0164,0.0012,-0.3137,-0.7816
640,0.64,-0.0065,-0.0016,-0.0136,0.0015,0.2541,-0.0141
641,0.641,-0.0074,-0.0023,-0.016,-0.0021,0.3583,0.2966
642,0.642,0.0026,0.0013,-0.0094,-0.0034,0.4529,0.2043
643,0.643,0.0012,0.0008,-0.0074,0.003,0.5389,0.29
644,0.644,0.0001,-0.0057,-0.0093,0.0002,0.3073,0.3678
645,0.645,-0.0032,-0.0014,-0.0043,-0.004,1.3624,0.1573
646,0.646,0.0063,-0.0052,-0.0089,-0.0078,1.5129,0.7329
647,0.647,0,0.0055,-0.0049,-0.0086,0.552,0.8107
648,0.648,0.0056,0.007,0.0013,-0.0044,-0.3224,0.3177
649,0.649,-0.0039,0.0029,-0.0019,-0.0109,-0.4376,-0.1317
650,0.65,-0.0102,0.0066,-0.003,-0.0239,-0.5423,-0.1913
651,0.651,-0.0024,0.0098,-0.0076,-0.0407,-0.4502,-0.2449
652,0.652,0.0048,0.0003,-0.0017,-0.0252,-0.3661,-0.2936
653,0.653,0.0057,0.0065,0.0052,-0.011,-0.9085,-0.2504
654,0.654,0.0014,-0.0084,0.0025,-0.0055,-1.6827,-0.608
655,0.655,-0.0023,-0.0023,0.0016,0.0063,-0.9618,-1.0408
656,0.656,-0.0003,-0.0042,0.0023,0.0077,0.0696,-0.5175
657,0.657,-0.0034,-0.0025,0.0003,0.0063,0.4825,0.1172
658,0.658,-0.0017,-0.0041,-0.0027,0.0099,0.3592,0.204
659,0.659,0.0018,-0.0028,-0.001,0.0155,0.4733,0.2823
660,0.66,-0.0051,0.0009,0.0038,0.0123,0.371,0.3532
661,0.661,-0.0166,-0.0023,0.0021,0.0207,0.4651,0.2898
662,0.662,-0.0151,0.0007,0.0097,0.0129,1.5719,0.348
663,0.663,-0.0027,0.0034,0.0169,0.0118,1.1191,1.0349
664,0.664,0.0058,0.0025,0.0104,0.0126,0.1577,0.7544
665,0.665,-0.0019,-0.0012,0.0128,0.0117,-0.2181,0.1573
666,0.666,0.0078,0.0023,0.015,0.0048,-0.3334,-0.2314
667,0.667,0.004,-0.002,0.0042,-0.0075,-0.4378,-0.303
668,0.668,0.0008,0.0021,-0.0097,-0.0058,-0.5326,-0.3677
669,0.669,0.006,-0.0047,-0.0117,-0.0013,-0.4484,-0.3104
670,0.67,0.0051,-0.0075,-0.0066,-0.0027,-1.3003,-0.258
671,0.671,0.0009,-0.0203,-0.0112,0.0035,-1.6403,-0.8828
672,0.672,0.0031,-0.0446,-0.0209,0.0003,-0.5068,-0.9686
673,0.673,0.0024,-0.0148,-0.0322,0.0055,0.249,-0.2714
674,0.674,-0.0019,0.0131,-0.0123,0.01,0.3876,0.1987
675,0.675,-0.0024,0.0095,0.0014,0.0075,0.5133,0.2852
676,0.676,0.0054,0.0063,0.0086,0.0081,0.6275,0.3634
677,0.677,0.0043,0.0034,0.0108,0.0032,0.3194,0.294
678,0.678,0.0033,0.0061,0.0209,0.0015,0.9751,0.2304
679,0.679,0.0006,0.0134,0.0264,-0.0002,1.5711,0.6372
680,0.68,-0.0003,0.0067,0.0145,-0.0028,0.8741,1.0071
681,0.681,-0.0025,0.0088,0.016,-0.0024,0.0297,0.4783
682,0.682,-0.0032,0.0106,0.0063,-0.0028,-0.312,-0.0156
683,0.683,-0.0048,0.0123,0.0051,0.0023,-0.4165,-0.2091
684,0.684,-0.002,0.0077,-0.012,0.0016,-0.5116,-0.2682
685,0.685,0.0028,0.0036,-0.0144,0.0033,-0.4277,-0.3218
686,0.686,0.0045,0.0048,-0.0079,0.0028,-0.5058,-0.2744
687,0.687,-0.0008,-0.003,-0.014,-0.0007,-1.5614,-0.4057
688,0.688,0.0012,-0.002,-0.0197,-0.0019,-1.1099,-1.0015
689,0.689,0.0017,-0.0012,-0.0046,-0.0015,-0.1482,-0.7466
690,0.69,0,0.0014,0.0014,-0.0057,0.2284,-0.0488
691,0.691,-0.0036,-0.0039,0.0107,-0.0028,0.3435,0.2338
692,0.692,-0.0024,-0.0059,0.0056,-0.0013,0.4473,0.3202
693,0.693,-0.0027,-0.0029,0.0071,-0.0024,0.5419,0.2435
694,0.694,0.0015,-0.0012,-0.0025,0.004,0.4574,0.3143
695,0.695,0.0056,0.0046,0.0012,0.0105,1.3086,0.2508
696,0.696,0.0103,0.0083,0.0044,0.0011,1.4228,0.8903
697,0.697,0.0061,0.0034,0.0014,0.0023,0.4947,0.8057
698,0.698,0.0032,-0.0024,0.0078,0.0014,-0.1314,0.2634
699,0.699,-0.0046,-0.0001,0.0069,-0.0058,-0.4738,-0.2305
700,0.7,-0.0013,0.0019,0.0048,-0.0066,-0.5781,-0.2959
701,0.701,0.0039,-0.0039,0.0054,-0.0108,-0.4857,-0.3548
702,0.702,-0.0046,-0.0045,0.0012,-0.0114,-0.4012,-0.3028
703,0.703,0.0032,-0.0025,0.0018,-0.0035,-0.9429,-0.2551
704,0.704,0.0022,-0.0008,-0.0039,-0.0044,-1.717,-0.6485
705,0.705,-0.0023,0.0009,-0.0046,0.0021,-0.79,-1.0185
706,0.706,-0.0032,0.0014,-0.011,0.0031,0.0852,-0.4898
707,0.707,-0.0054,0.0002,-0.0169,0.0084,0.4281,0.1451
708,0.708,-0.0047,-0.0026,-0.0239,0.0007,0.533,0.232
709,0.709,-0.0004,0.0032,-0.023,-0.0002,0.4406,0.3104
710,0.71,0.0013,0.0057,-0.0102,-0.0009,0.5269,0.3813
711,0.711,-0.0002,0.0021,0.0141,0.0034,0.6048,0.3179
712,0.712,-0.0014,-0.0056,0.024,0.0012,1.6603,0.3761
713,0.713,-0.0025,-0.0003,0.0211,0.0033,1.209,0.9574
714,0.714,-0.005,0.0006,0.0131,0.0003,0.2476,0.7256
715,0.715,-0.0018,0.0015,0.0108,0.0009,-0.378,0.0912
716,0.716,0.0011,0.0009,0.0086,-0.0026,-0.4928,-0.1659
717,0.717,-0.0046,-0.0011,0.0026,0.0005,-0.5968,-0.2447
718,0.718,-0.0003,-0.0052,-0.0104,-0.0024,-0.504,-0.3158
719,0.719,0.0034,-0.0057,-0.0086,0.0002,-0.4194,-0.2525
720,0.72,-0.0001,-0.0009,-0.004,-0.0043,-1.4254,-0.1948
721,0.721,-0.0017,-0.0014,0.0029,-0.0047,-1.5629,-0.8817
722,0.722,0.0036,-0.0019,-0.0008,-0.0018,-0.4399,-0.9757
723,0.723,0.0016,-0.0044,-0.0018,0.003,0.3176,-0.2088
724,0.724,0.0073,-0.0022,0.0034,0.0025,0.4574,0.102
725,0.725,0.0036,-0.0001,0.0062,-0.0003,0.5836,0.1971
726,0.726,0.0016,0.005,0.0071,0.0033,0.4718,0.2832
727,0.727,-0.0014,0.003,0.0078,-0.0036,0.3698,0.3611
728,0.728,-0.0031,-0,0.003,-0.0005,0.8384,0.2913
729,0.729,-0.0025,0.0041,0.0048,-0.0012,1.6054,0.6112
730,0.73,-0.0047,0.0056,-0.0016,-0.0003,0.8846,1.0182
731,0.731,-0.0044,0.0045,-0.0041,0.002,-0.1478,0.4369
732,0.732,-0.0008,0.0006,-0.011,0.0027,-0.2872,-0.1065
733,0.733,-0.0004,0.0084,-0.0101,0.0011,-0.4134,-0.1784
734,0.734,0.0007,0.0006,0.001,-0.0006,-0.5277,-0.2435
735,0.735,0.0004,-0.0004,0.0087,0.002,-0.4257,-0.3023
736,0.736,0.0072,0.0051,0.019,0.0053,-0.5486,-0.2745
737,0.737,0.0048,0.0024,0.015,0.0023,-1.766,-0.4332
738,0.738,0.0045,-0.0019,0.0037,0.0071,-1.2691,-1.058
739,0.739,0.0031,-0.0012,-0.0069,0.004,-0.2116,-0.6327
740,0.74,0.0003,-0.009,-0.0165,0.0057,0.4766,-0.0897
741,0.741,0.0021,-0.0101,-0.0303,-0.002,0.3541,0.2637
742,0.742,-0.0031,-0.0016,-0.021,-0.0098,0.4683,0.201
743,0.743,-0.0053,0.0016,-0.0058,-0.0068,0.5719,0.2598
744,0.744,-0.0004,0.0046,0.0126,-0.0076,0.2914,0.2074
745,0.745,0.0002,-0,0.0102,-0.0085,1.3981,0.1597
746,0.746,-0.0003,-0.0009,-0.0009,-0.0047,1.5494,0.815
747,0.747,0.0012,-0.0016,0.0092,-0.0041,0.5882,0.909
748,0.748,0.0009,0.0019,0.0036,-0.0058,-0.2872,0.3122
749,0.749,0.0056,0.0061,-0.0048,-0.003,-0.4029,-0.0765
750,0.75,0.0014,0.002,-0.0187,0.0005,-0.5076,-0.1482
751,0.751,0.0008,-0.0016,-0.0094,0.0008,-0.6026,-0.3409
752,0.752,-0.0049,-0.0068,0.0024,0.0028,-0.3483,-0.2834
753,0.753,0.002,-0.0033,0.01,0.0002,-0.8903,-0.2309
754,0.754,-0.0045,-0.0028,0.0114,0.0005,-1.8056,-0.6634
755,0.755,-0.0002,-0,0.0177,0.0029,-0.9335,-1.0703
756,0.756,0.0004,-0.0058,0.0099,0.0003,0.0887,-0.4889
757,0.757,-0.0032,-0.0037,0.0026,0.0055,0.5024,0.0547
758,0.758,-0.0049,-0.0144,-0.0059,0.0091,0.3793,0.2674
759,0.759,-0.0054,-0.0344,-0.0162,0.007,0.4934,0.3324
760,0.76,-0.0132,-0.0264,-0.0176,0.0127,0.391,0.3912
761,0.761,-0.0055,-0.0041,-0.0165,0.0057,0.4846,0.2335
762,0.762,0.0018,0.0107,-0.0109,0.0121,1.5912,0.3781
763,0.763,0.0044,0.0133,-0.012,0.0042,1.1391,1.0335
764,0.764,0.0035,-0.0191,-0.0166,0.0051,0.177,0.7531
765,0.765,-0.008,-0.0235,-0.0106,-0.009,-0.1999,0.1559
766,0.766,-0.0097,-0.0118,-0.0006,-0.0151,-0.3158,-0.2325
767,0.767,-0.0051,0.0135,0.009,-0.0134,-0.4205,-0.304
768,0.768,-0.0011,0.0167,0.0028,-0.0151,-0.5156,-0.3686
769,0.769,0.0001,0.0137,0.006,-0.0106,-0.4314,-0.3111
770,0.77,0.0011,0.011,0.0175,-0.0011,-1.4379,-0.2584
771,0.771,0.0041,0.0133,0.019,0,-1.5762,-0.8829
772,0.772,0.0049,0.0066,0.0203,0.0032,-0.4537,-0.9684
773,0.773,0.0007,0.0167,0.0115,-0.0022,0.3032,-0.271
774,0.774,-0.0015,0.0036,-0.0035,0.0042,0.4428,0.199
775,0.775,0.0034,0.0086,-0.0137,-0.0054,0.5686,0.2856
776,0.776,0.0039,0.0132,-0.0081,-0.0219,0.4564,0.3638
777,0.777,0.001,0.009,-0.0031,-0.0331,0.3539,0.2943
778,0.778,0.0025,0.0053,0.0075,-0.0231,1.0092,0.2308
779,0.779,0.0036,-0.0004,0.0061,-0.0064,1.6054,0.6377
780,0.78,0.0033,0.0006,-0.0002,-0.0043,0.7538,1.0077
781,0.781,0.0043,0.0014,0.0053,0.0017,-0.0419,0.4791
782,0.782,0.0019,0.0039,0.0063,0.0035,-0.3534,-0.0148
783,0.783,0.0056,0.0032,-0.0078,0.0017,-0.4486,-0.2082
784,0.784,0.0068,-0.0003,-0.0139,0.0001,-0.5351,-0.2673
785,0.785,0.002,-0.0009,-0.0121,0.0041,-0.4588,-0.3207
786,0.786,-0.0011,0.0008,-0.0036,0.0052,-0.5296,-0.2731
787,0.787,-0.0016,-0.0008,-0.0112,0.0083,-1.4892,-0.4043
788,0.788,-0.0001,-0.0011,-0.0043,0.0113,-1.0787,-0.9999
789,0.789,-0.0031,-0.0008,0.0045,0.0085,-0.2043,-0.7449
790,0.79,-0.002,-0.0065,0.017,0.0127,0.3652,-0.0469
791,0.791,-0.0063,-0.0074,0.0288,0.0133,0.4705,0.2356
792,0.792,-0.0092,-0.0037,0.0273,0.014,0.5652,0.3221
793,0.793,-0.0067,-0.0001,0.0176,0.007,0.4814,0.2455
794,0.794,-0.0036,-0.0006,0.0113,0.0115,0.405,0.3163
795,0.795,-0.0008,-0.0022,-0.0036,0.0107,1.3196,0.2526
796,0.796,-0.0033,-0.0037,-0.0016,0.007,1.445,0.892
797,0.797,0.0019,0.0014,0.0003,0.0076,0.4245,0.8074
798,0.798,0.0088,0.0034,-0.015,0.006,-0.2638,0.2651
799,0.799,0.0043,-0.0008,-0.017,0.0043,-0.3907,-0.2286
800,0.8,0.0068,0.0057,-0.0002,0.0009,-0.5053,-0.2938
801,0.801,0.0075,-0.0037,-0.0068,0.0021,-0.6092,-0.3526
802,0.802,0.0068,0,-0.0129,0.001,-0.329,-0.3005
803,0.803,-0.0002,-0.001,-0.0184,0.0053,-0.9248,-0.2529
804,0.804,0.0007,0.0043,-0.0201,0.0026,-1.7763,-0.6461
805,0.805,0.0049,0.0071,0.003,0.0052,-0.7565,-1.0162
806,0.806,0.0086,-0.0057,0.0128,0.0002,0.2063,-0.4875
807,0.807,0.0009,0.0037,0.004,0.001,0.3341,0.1472
808,0.808,-0.0021,0.0021,0.0122,0.0016,0.4497,0.234
809,0.809,0.0043,0.0036,0.0246,0.0045,0.5541,0.3123
810,0.81,-0.0015,0.0051,0.0224,0.001,0.4617,0.2428
811,0.811,0.0022,0.0014,0.0123,-0.0019,0.5475,0.3071
812,0.812,-0.0013,0.0025,-0.0007,-0.0016,1.5541,0.3653
813,0.813,-0.003,0.0036,-0.0158,-0.0018,1.1438,1.0524
814,0.814,-0.0058,0.0046,-0.03,-0.0057,0.2699,0.5846
815,0.815,-0.0073,0.0038,-0.0318,-0.0041,-0.2991,0.1576
816,0.816,-0.0061,-0.0013,-0.0233,-0.0071,-0.4037,-0.2309
817,0.817,-0.0057,-0.0019,-0.0157,-0.0068,-0.4983,-0.3025
818,0.818,-0.0053,-0.0087,0.0025,-0.0017,-0.5841,-0.3673
819,0.819,-0.0049,-0.004,0.0098,-0.0009,-0.3524,-0.3099
820,0.82,-0.0045,-0.0031,0.012,-0.0014,-1.4072,-0.2574
821,0.821,-0.0031,-0.0023,0.006,0.0015,-1.5586,-0.882
822,0.822,0.0008,0.0027,0.0116,0.0021,-0.5975,-0.7974
823,0.823,-0.0009,0.0011,0.0167,-0.0021,0.2781,-0.2549
824,0.824,0.0007,-0.0041,0.0182,0.0067,0.3943,0.2392
825,0.825,0.0019,0.0067,0.0223,0.0005,0.4989,0.3047
826,0.826,0.0023,0.0022,0.0085,0.0037,0.5938,0.3636
827,0.827,-0.0002,-0.0047,0.003,0.0048,0.3393,0.3115
828,0.828,-0.0012,0.0016,0.0013,0.0093,0.8813,0.2637
829,0.829,0.0039,-0.0061,-0.0032,0.0034,1.6557,0.657
830,0.83,-0.0039,-0.0051,-0.0072,0.0028,0.7288,1.0269
831,0.831,-0.0069,0.0014,-0.0084,0.0008,-0.1461,0.402
832,0.832,0.0072,-0.0028,-0.0073,0.0003,-0.2618,-0.0254
833,0.833,0.0092,0.001,-0.0043,0.0008,-0.3662,-0.2591
834,0.834,0.0074,0.0003,-0.007,-0.0017,-0.4606,-0.3305
835,0.835,0.0057,0.0009,-0.0165,0.0034,-0.3764,-0.2674
836,0.836,0.0103,-0.0079,-0.0051,-0.0015,-0.6088,-0.3259
837,0.837,0.0032,-0.0014,-0.0083,-0.0088,-1.7031,-0.4046
838,0.838,0.0045,-0.0077,-0.0067,-0.0093,-1.2114,-0.9861
839,0.839,0.0057,-0.002,0.0059,-0.0053,-0.2499,-0.5997
840,0.84,0.0047,-0.0029,0.0144,-0.012,0.4386,-0.1062
841,0.841,0.0037,-0.002,0.0221,-0.0166,0.3164,0.2151
842,0.842,0.001,0.0023,0.0125,-0.0107,0.4309,0.2743
843,0.843,-0.0032,0.003,0.0013,-0.0101,0.5346,0.3279
844,0.844,-0.0025,-0.0063,0.0059,-0.0121,0.4414,0.2804
845,0.845,-0.0045,0.0076,0.0072,-0.0027,1.3779,0.237
846,0.846,-0.0062,0.002,-0.0016,-0.0236,1.503,0.8326
847,0.847,-0.0045,0.0003,-0.0094,-0.0324,0.482,0.7478
848,0.848,-0.003,0.0019,-0.0167,-0.0244,-0.2063,0.2051
849,0.849,-0.0008,0.0059,-0.0159,-0.0072,-0.3333,-0.1482
850,0.85,-0.0012,-0.0003,-0.0081,-0.0184,-0.4482,-0.2139
851,0.851,-0.0047,-0.0013,-0.0112,-0.0246,-0.5524,-0.2729
852,0.852,-0.0017,0.0017,-0.0048,-0.0228,-0.4597,-0.3265
853,0.853,0.0012,0.0008,0.008,-0.0009,-0.8857,-0.1828
854,0.854,-0.0046,-0.0034,0.0098,0.0019,-1.7376,-0.6634
855,0.855,-0.0141,-0.0056,0.0081,0.01,-0.9447,-0.9837
856,0.856,-0.0129,-0.0063,-0.0026,0.0123,-0.0148,-0.4605
857,0.857,-0.0161,-0.0068,-0.0207,0.0144,0.3618,0.1742
858,0.858,-0.0067,0.0019,-0.0134,0.0204,0.4767,0.2609
859,0.859,-0.003,0.0031,-0.0156,0.0222,0.5807,0.3391
860,0.86,-0.002,-0.0025,-0.0136,0.0205,0.488,0.2697
861,0.861,-0.001,0.0005,-0.0043,0.025,0.5734,0.2062
862,0.862,0.0016,-0.0022,0.0041,0.0153,1.5796,0.3806
863,0.863,0.0025,0.0055,0.0116,0.0115,1.1688,0.9619
864,0.864,-0.0013,-0.0018,0.0156,0.0104,0.2944,0.5752
865,0.865,-0.0034,-0.0027,0.0093,0.0113,-0.2749,0.0817
866,0.866,0.0035,-0.0036,0.0171,0.014,-0.3799,-0.2397
867,0.867,0.0043,0.0016,0.0181,0.0062,-0.4747,-0.299
868,0.868,0.0017,-0.0049,0.0189,0.0051,-0.561,-0.3526
869,0.869,0.0039,0.001,0.0129,0.0078,-0.3297,-0.3051
870,0.87,0.0116,0.0002,0.0092,0.0019,-1.3848,-0.2617
871,0.871,0.0106,0.008,-0.0015,0.0056,-1.5364,-0.8572
872,0.872,0.006,0.0006,-0.0061,0.0076,-0.5755,-0.9427
873,0.873,-0.0018,-0.0003,-0.0187,0.0093,0.2999,-0.2453
874,0.874,-0.0008,0.0022,-0.017,0.0088,0.4156,0.2248
875,0.875,0.0037,0.0028,-0.0125,0.0083,0.52,0.3115
876,0.876,0.0062,0.0048,-0.0029,0.0061,0.6146,0.3897
877,0.877,-0.0007,0.0065,-0.0018,-0.0003,0.36,0.3201
878,0.878,-0.0034,0.0069,-0.0075,-0.0012,0.902,0.2565
879,0.879,0.0025,0.0021,-0.0105,0.0014,1.6763,0.6633
880,0.88,0.0062,0.0015,0.0035,0.0007,0.7492,1.0332
881,0.881,0.0012,0.002,0.0177,0.0057,-0.1258,0.4084
882,0.882,0.0007,-0.0059,0.0195,-0.0038,-0.4681,-0.019
883,0.883,-0.0022,-0.0027,0.0178,-0.0051,-0.3669,-0.2526
884,0.884,0.0025,0.0003,-0.0023,-0.0039,-0.4615,-0.3239
885,0.885,-0.007,0.0011,-0.0214,-0.0006,-0.3772,-0.2606
886,0.886,-0.0056,-0.0118,-0.0438,-0.0036,-0.6096,-0.2031
887,0.887,-0.0068,-0.0398,-0.029,-0.01,-1.6648,-0.3617
888,0.888,-0.0058,-0.036,-0.0099,-0.0074,-1.2129,-1.0826
889,0.889,0.0036,0.004,-0.0027,-0.0067,-0.251,-0.5679
890,0.89,-0.0001,-0.0012,-0.0005,-0.0087,0.3751,-0.0982
891,0.891,-0.0033,0.0131,-0.0066,-0.0044,0.4906,0.1589
892,0.892,0.0039,0.0086,0.0027,-0.0038,0.5947,0.2376
893,0.893,-0.0006,0.0125,0.0179,0.001,0.5023,0.3087
894,0.894,0.0036,0.0089,0.028,0.0016,0.4182,0.2454
895,0.895,0.0088,0.0121,0.0113,0.0022,1.4246,0.3038
896,0.896,0.0068,0.0091,0.0047,-0.0013,1.2885,0.8851
897,0.897,0.001,0.001,0.0067,-0.0043,0.4151,0.8084
898,0.898,0.0004,0.0033,0.0086,-0.003,-0.1539,0.3154
899,0.899,-0.0032,0.0055,0.0103,-0.0048,-0.259,-0.1339
900,0.9,-0.0015,0.0034,0.0088,-0.0064,-0.5409,-0.1932
901,0.901,0.0003,0.0015,0.0101,-0.0059,-0.4565,-0.3522
902,0.902,0.0029,-0.0036,0.0113,-0.0016,-0.3796,-0.3046
903,0.903,-0.0013,0.0009,0.0123,0.0015,-1.0127,-0.174
904,0.904,0.0004,0.0023,0.0133,-0.006,-1.7791,-0.6104
905,0.905,-0.0021,0.0085,-0.0009,0.0036,-0.8517,-1.0174
906,0.906,0.0049,-0.0019,-0.0152,-0.0025,0.0235,-0.4359
907,0.907,0.0102,-0.0032,-0.0059,-0.0014,0.3663,0.1077
908,0.908,0.0017,-0.002,-0.0009,-0.0002,0.4714,0.1799
909,0.909,-0.0014,-0.0031,0.0005,-0.0027,0.5667,0.245
910,0.91,-0.0004,-0,0.0046,0.0016,0.483,0.3039
911,0.911,-0.0067,0.0008,0.0009,0.0055,0.5612,0.2518
912,0.912,-0.0041,-0,-0.0068,0.005,1.6168,0.3962
913,0.913,0.0029,-0.0007,-0.0162,0.002,1.1653,0.9647
914,0.914,0.0114,0.0057,-0.0172,-0.0044,0.204,0.5783
915,0.915,0.0059,0.0066,-0.0138,-0.0035,-0.4216,0.0849
916,0.916,-0.0036,0.0059,-0,-0.0012,-0.31,-0.2365
917,0.917,0.0002,-0.0047,0.0019,-0.0047,-0.4136,-0.2957
918,0.918,0.0035,-0.0032,0.0071,0.0036,-0.5076,-0.3491
919,0.919,0.0005,-0.0018,0.0087,0.0004,-0.4228,-0.3014
920,0.92,-0.004,-0.003,0.0157,-0.0048,-1.4285,-0.2579
921,0.921,0.0002,0.0002,0.0095,-0.0021,-1.5659,-0.8533
922,0.922,-0.0034,0.0014,0.0106,0.0004,-0.4426,-0.9387
923,0.923,-0.0041,-0.0013,0.0096,0.0042,0.315,-0.2412
924,0.924,-0.001,-0.0021,0.0088,0.0006,0.455,0.2288
925,0.925,-0.0051,-0.0014,-0.004,-0.0011,0.5815,0.3155
926,0.926,-0.0025,0.0022,-0.0132,0.0065,0.4698,0.3938
927,0.927,0.0044,0.0005,-0.0183,-0.0009,0.3681,0.3242
928,0.928,0.0034,0.0034,-0.0167,-0.0036,1.0242,0.2606
929,0.929,0.0007,0.0009,-0.0236,-0.0062,1.6211,0.6674
930,0.93,-0.0019,-0.0012,-0.0173,0.0007,0.77,0.932
931,0.931,-0.0012,0.0008,-0.0002,-0.0021,-0.0252,0.4032
932,0.932,0.0008,0.0012,0.0122,0.0057,-0.3363,-0.0907
933,0.933,0.0003,0.0064,0.0058,0.0066,-0.4312,-0.2843
934,0.934,-0.0002,-0.0035,0.012,0.0074,-0.517,-0.2274
935,0.935,0.0003,-0.0021,0.0139,0.0031,-0.4401,-0.2811
936,0.936,-0.0028,0.0092,0.0021,0.0009,-0.6508,-0.2336
937,0.937,0,-0.0046,0.0006,-0.0085,-1.6099,-0.4522
938,0.938,-0.0015,-0,0.0063,-0.006,-1.143,-1.0388
939,0.939,-0.0073,0.0018,0.0104,-0.0049,-0.1811,-0.6819
940,0.94,-0.0031,-0.0032,0.0017,-0.0018,0.4451,-0.056
941,0.941,-0.0053,0.0015,-0.0038,0.0054,0.3344,0.2008
942,0.942,-0.0046,-0.0025,-0.011,0.0045,0.4389,0.2792
943,0.943,-0.0004,0.0012,-0.0155,0.007,0.5336,0.3499
944,0.944,-0.0021,0.0003,-0.0129,-0,0.4492,0.2864
945,0.945,-0.0006,0.0034,-0.0013,0.0026,1.4555,0.2286
946,0.946,-0.0003,-0.0012,-0.0132,0.0051,1.3194,0.9153
947,0.947,-0.0032,0.0067,-0.0178,0.0057,0.4457,0.822
948,0.948,-0.009,-0.0028,-0.0026,0.0007,-0.3499,0.2251
949,0.949,-0.0168,0.0009,0.0159,-0.001,-0.4548,-0.1636
950,0.95,-0.0096,-0.0046,0.0136,-0.004,-0.5496,-0.2355
951,0.951,-0.0032,0.0026,0.0202,0.0007,-0.4656,-0.3005
952,0.952,-0.0024,-0.0058,0.0427,-0.0011,-0.3889,-0.3595
953,0.953,-0.0018,0.002,0.0636,0.0041,-1.0224,-0.2019
954,0.954,0.0002,-0.0138,0.0499,0.0005,-1.6189,-0.6346
955,0.955,-0.0029,-0.0203,0.0226,-0.0091,-0.7675,-1.042
956,0.956,0.0047,0.0062,0.0118,-0.0299,0.0281,-0.4608
957,0.957,0.0036,0.0027,-0.0047,-0.0449,0.3395,0.0825
958,0.958,0.0027,-0.0005,-0.0136,-0.0258,0.4346,0.2948
959,0.959,-0.0015,0.0023,-0.0273,-0.0135,0.5207,0.2316
960,0.96,-0.0023,-0.0004,-0.0546,-0.0114,0.4443,0.2901
961,0.961,0.0041,0.002,-0.0654,0.0028,0.6554,0.132
962,0.962,0.0083,0.0042,-0.0686,0.0083,1.6148,0.3723
963,0.963,0.0089,-0.0019,-0.0598,0.0133,1.2039,1.0276
964,0.964,0.0082,0.0074,-0.0242,0.0087,0.0799,0.7467
965,0.965,0.0024,-0.0011,-0.0099,0.0073,-0.3758,0.1492
966,0.966,-0.0029,0.0004,0.0033,0.0135,-0.5154,-0.2396
967,0.967,-0.0036,0.0018,0.0071,0.0125,-0.3924,-0.3112
968,0.968,0.0022,0.0006,0.0035,0.0094,-0.5067,-0.2481
969,0.969,0.0043,-0.0165,0.0066,0.0121,-0.4047,-0.3068
970,0.97,0.005,-0.0438,0.0095,0.0095,-1.4351,-0.2545
971,0.971,0.0107,-0.011,0.0121,0.0073,-1.5733,-0.8792
972,0.972,0.0038,0.011,0.0097,0.0053,-0.4508,-0.7947
973,0.973,-0.0027,0.0071,0.0119,0.0047,0.306,-0.2521
974,0.974,0.0032,0.0035,0.0179,0.0111,0.4452,0.2418
975,0.975,0.0102,0.0067,0.0235,0.0136,0.5708,0.3073
976,0.976,0.0147,0.0039,0.0251,0.0084,0.4583,0.3662
977,0.977,0.0052,0.0066,0.0174,0.0104,0.3556,0.3142
978,0.978,-0.0036,0.0042,0.0133,0.0035,1.0108,0.1705
979,0.979,0.0042,0.0064,0.0019,-0.0087,1.6068,0.651
980,0.98,0.0012,0.0124,-0.0058,-0.0104,0.7547,0.9711
981,0.981,-0.0015,0.0031,-0.0267,-0.0028,-0.0414,0.4476
982,0.982,0.001,-0.0053,-0.0296,-0.0042,-0.3533,-0.0464
983,0.983,0.0032,0.0085,-0.016,0.0046,-0.4492,-0.2399
984,0.984,0.0012,0.0066,-0.0037,0.0036,-0.536,-0.2989
985,0.985,0.0055,-0.0086,0.0075,0.0006,-0.4601,-0.3524
986,0.986,-0.0021,-0.0026,0.0095,0.0014,-0.5313,-0.3048
987,0.987,0.0009,-0.0007,0.0038,0.004,-1.4914,-0.436
988,0.988,-0.0037,0.0043,-0.008,0.0033,-1.0811,-1.0317
989,0.989,-0.0079,-0.0033,-0.0004,-0.0031,-0.2072,-0.6063
990,0.99,-0.0042,-0.0074,0.0065,-0.0022,0.3618,-0.0631
991,0.991,-0.0077,-0.0037,0.0077,-0.0016,0.4663,0.2903
992,0.992,-0.006,0.0019,0.0044,0.002,0.5608,0.2275
993,0.993,-0.0031,0.0029,0.0201,0.0003,0.4763,0.2863
994,0.994,-0.0015,0.0002,0.0447,-0.0013,0.3993,0.3398
995,0.995,-0.0012,0.0061,0.0414,-0.0028,1.454,0.2922
996,0.996,-0.0015,0.0068,0.0143,-0.0006,1.3036,0.8602
997,0.997,-0.0024,0.0047,-0.0112,0.0014,0.3419,0.7834
998,0.998,-0,0.0052,-0.021,-0.0011,-0.2843,0.2905
999,0.999,-0.003,0.0035,-0.0239,-0,-0.4004,-0.1588
1000,1,-0.0011,0.003,-0.0266,-0.0031,-0.505,-0.2183
1001,1.001,-0.0001,0.0028,-0.0143,-0.0081,-0.4128,-0.2719
1002,1.002,0.005,-0.0036,0.0013,-0.0017,-0.3285,-0.3206
1003,1.003,0.0044,0.0009,0.0034,0.0009,-1.0255,-0.1901
1004,1.004,0.004,0.0001,0.0053,-0.0028,-1.6817,-0.7063
1005,1.005,-0.0012,-0.0083,0.0104,-0.0034,-0.7453,-1.0582
1006,1.006,0.0037,-0.0027,0.0059,-0.0015,0.1298,-0.4823
1007,1.007,0.0033,0.0068,0.0046,-0.001,0.4722,0.0613
1008,1.008,0.0017,-0.0046,-0.0042,0.0038,0.3711,0.2739
1009,1.009,-0.0008,-0.003,-0.0098,0.0056,0.4658,0.339
1010,1.01,-0.0011,-0.007,-0.015,0.0028,0.3815,0.2817
1011,1.011,-0.0022,0.0018,-0.0123,-0.0028,0.6139,0.2294
1012,1.012,-0.0018,0.0008,0.0005,-0.0142,1.6691,0.4699
1013,1.013,-0.0049,-0.0065,0.0098,-0.0125,1.2173,1.0382
1014,1.014,-0.0045,0.0057,0.0116,-0.0078,0.2554,0.6518
1015,1.015,-0.0048,-0.0027,0.0193,-0.0037,-0.3707,0.0175
1016,1.016,-0.0072,-0.0012,0.018,-0.0048,-0.4861,-0.2393
1017,1.017,-0.0054,0.0029,0.0093,-0.0015,-0.5902,-0.3179
1018,1.018,-0.0012,-0.0007,0.0037,0.0016,-0.4977,-0.2483
1019,1.019,-0.0081,-0.0038,-0.0057,0.0025,-0.4133,-0.3128
1020,1.02,-0.0016,0.0014,-0.0119,0.005,-1.4195,-0.2552
1021,1.021,0.0043,0.0041,-0.0128,0.0073,-1.5574,-0.9421
1022,1.022,-0.0041,0.0016,-0.0097,0.0037,-0.4345,-0.849
1023,1.023,0.0015,-0.0021,-0.0087,0.008,0.3228,-0.2522
1024,1.024,0.0045,-0.0113,-0.0009,-0.0008,0.4624,0.1365
1025,1.025,0.0037,-0.0025,0.0065,0.0005,0.5884,0.2082
1026,1.026,0.0079,0.0032,0.002,0.0037,0.4763,0.2729
1027,1.027,0.0027,0.0042,-0.0108,0.0027,0.374,0.3315
1028,1.028,0.0007,0.0069,-0.0014,-0,1.0297,0.2789
1029,1.029,-0.0063,0.001,0.0139,0.0008,1.6262,0.7112
1030,1.03,-0.0071,-0.0012,0.016,-0.0029,0.7746,1.0019
1031,1.031,-0.008,0.0053,0.0104,-0.0036,-0.0211,0.4203
1032,1.032,0.0035,0.0028,0.002,-0.0019,-0.3325,-0.1231
1033,1.033,0.0052,0.0049,-0.0056,0.0068,-0.4278,-0.195
1034,1.034,0.0158,0.007,-0.0042,0.008,-0.5142,-0.2601
1035,1.035,0.0199,0.0012,-0.0053,0.0024,-0.4378,-0.3191
1036,1.036,0.0086,0.0005,-0.0156,0.0034,-0.649,-0.2669
1037,1.037,0.0009,0.0041,-0.0252,-0.0031,-1.6085,-0.4115
1038,1.038,-0.0032,-0.0002,-0.0139,-0.0006,-1.1977,-1.0671
1039,1.039,-0.0006,-0.0012,-0.0076,0.0036,-0.135,-0.6362
1040,1.04,0.0005,-0.0053,-0.0062,0.0029,0.2416,0.0206
1041,1.041,-0.0051,-0.0017,0.0146,0.0077,0.3567,0.2776
1042,1.042,-0.0041,-0.0029,0.0295,0.006,0.4607,0.2015
1043,1.043,0.0023,-0.0068,0.0376,0.0043,0.555,0.2723
1044,1.044,-0.0002,0.0009,0.0303,-0.0015,0.4701,0.3365
1045,1.045,-0.0055,-0.0023,0.0148,-0.0053,1.476,0.2788
1046,1.046,0.0009,0.005,0.0046,-0.0074,1.3396,0.8598
1047,1.047,-0.0086,-0.0015,-0.0084,0.002,0.4656,0.7828
1048,1.048,-0.0024,-0.0144,-0.0101,0.0006,-0.3304,0.2894
1049,1.049,-0.0014,-0.0423,-0.0177,0.0043,-0.436,-0.1601
1050,1.05,-0.0025,-0.0145,-0.0218,-0.0014,-0.531,-0.2198
1051,1.051,-0.0017,0.0109,-0.0207,-0.0024,-0.4471,-0.2736
1052,1.052,-0.0008,0.001,-0.0197,-0.0128,-0.3704,-0.3226
1053,1.053,-0.0078,0.0039,-0.0228,-0.0337,-1.0039,-0.1923
1054,1.054,-0.007,0.0065,-0.0201,-0.0486,-1.7709,-0.7087
1055,1.055,-0.0028,0.0089,-0.0142,-0.024,-0.8438,-1.061
1056,1.056,-0.0006,0.0022,-0.0211,-0.0076,0.031,-0.4853
1057,1.057,-0.0056,0.0083,-0.0166,-0.0048,0.3733,0.058
1058,1.058,-0.0099,-0.0011,-0.0039,-0.0021,0.4779,0.2702
1059,1.059,-0.007,0.0074,0.0016,0.0051,0.5725,0.335
1060,1.06,-0.0086,0.0027,-0.0001,0.0072,0.4881,0.2776
1061,1.061,-0.0017,0.0014,0.0074,0.0133,0.5657,0.2252
1062,1.062,-0.0007,-0.0024,0.0142,0.0114,1.6208,0.3693
1063,1.063,0.0038,0.0031,0.013,0.0096,1.1688,1.0246
1064,1.064,0.0097,0.0041,0.0162,0.0142,0.2069,0.5565
1065,1.065,0.0059,-0.01,0.0214,0.0155,-0.4188,0.1292
1066,1.066,0.0095,-0.0406,0.0299,0.0118,-0.3077,-0.2597
1067,1.067,0.0064,-0.0187,0.0196,0.0085,-0.412,-0.1909
1068,1.068,0.0068,0.0092,0.0099,0.0095,-0.5067,-0.2557
1069,1.069,0.0083,0.0056,-0.0015,0.0049,-0.4222,-0.3143
1070,1.07,0.0014,0.0154,-0.0061,-0.0062,-1.4283,-0.2621
1071,1.071,-0.0039,0.0066,-0.0048,-0.0078,-1.5662,-0.8869
1072,1.072,0.0006,-0.0016,-0.0011,-0.0064,-0.4434,-0.8024
1073,1.073,-0.0053,0.0008,-0.0001,-0.0027,0.3139,-0.2598
1074,1.074,0.0016,0.0119,-0.0159,-0.0017,0.4533,0.234
1075,1.075,0.008,0.0058,-0.0137,0.0014,0.5795,0.2994
1076,1.076,0.0038,0.0076,-0.0036,0.0022,0.4677,0.3583
1077,1.077,0.0015,0.0026,0.002,0.0064,0.3656,0.3062
1078,1.078,-0.0005,0.0041,-0.0031,0.0027,1.0211,0.2586
1079,1.079,-0.0036,0.0027,-0.0017,0.0062,1.6178,0.6519
1080,1.08,-0.0031,0.0039,-0.0003,0.0067,0.7664,0.9165
1081,1.081,-0.0036,0.0095,-0.0041,0.0072,-0.0292,0.3877
1082,1.082,-0.0024,0.0064,-0.0144,0.0047,-0.3404,-0.106
1083,1.083,-0.0036,0.0037,-0.0104,0.0059,-0.4353,-0.1716
1084,1.084,-0.0001,0.0011,0.0009,-0.0005,-0.5216,-0.3469
1085,1.085,0.0003,0.0004,0.0239,0.0022,-0.4451,-0.2947
1086,1.086,0.0006,-0.0016,0.0338,0.0048,-0.6562,-0.247
1087,1.087,0.0003,0.0001,0.0366,0.0011,-1.6157,-0.4656
1088,1.088,0.0035,-0.0016,0.0339,0.0018,-1.2047,-1.0612
1089,1.089,-0.0021,-0.0011,0.0315,0.0013,-0.0807,-0.6357
1090,1.09,-0.0028,-0.0008,0.0112,-0.0004,0.375,-0.0924
1091,1.091,-0.0021,-0.0072,-0.0025,0.0032,0.514,0.2611
1092,1.092,0.0009,-0.0026,-0.0148,0.0002,0.64,0.3264
1093,1.093,0.0074,-0.0001,-0.0259,0.0014,0.5278,0.2693
1094,1.094,0.0116,-0.0038,-0.032,0.0011,0.426,0.3227
1095,1.095,0.0064,0.0069,-0.0413,0.005,1.4563,0.2752
1096,1.096,0.0028,0.0023,-0.0193,-0.0007,1.3203,0.9307
1097,1.097,0.0011,-0.0018,0.0014,-0.0029,0.4468,0.8378
1098,1.098,0.0006,0.002,0.0041,-0.0035,-0.3486,0.2412
1099,1.099,0.0022,-0.0013,-0.0032,0.0007,-0.4536,-0.1471
1100,1.1,0.0025,0.0018,0.0034,-0.0045,-0.5482,-0.2185
1101,1.101,0.0022,-0.0028,-0.0027,-0.008,-0.4641,-0.283
1102,1.102,-0.002,-0.0002,-0.012,-0.0022,-0.387,-0.3414
1103,1.103,-0.0015,0.0051,-0.0035,-0.0015,-1.0199,-0.1831
1104,1.104,-0.005,-0.0042,0.0165,-0.0022,-1.616,-0.7115
1105,1.105,0.0019,-0.0053,0.0302,0.0061,-0.7642,-1.0632
1106,1.106,-0.0011,-0.0063,0.0229,0.003,0.0318,-0.3593
1107,1.107,0.0017,0.001,0.0163,0.004,0.3436,0.1108
1108,1.108,0.0009,0.0019,0.0224,0.0032,0.4391,0.1977
1109,1.109,-0.0028,-0.0023,0.0169,-0.0062,0.5257,0.2762
1110,1.11,-0.0048,-0.0001,0.0084,-0.0099,0.4496,0.3474
1111,1.111,-0.0052,0.0035,-0.0146,-0.0088,0.6609,0.2841
1112,1.112,-0.0023,-0.0007,-0.0309,-0.0097,1.6204,0.4587
1113,1.113,-0.0007,0.0022,-0.0337,-0.0088,0.9357,1.0403
1114,1.114,-0.0003,-0.0025,-0.0255,-0.0062,0.0613,0.6538
1115,1.115,-0.0022,-0.0007,-0.0131,-0.0024,-0.2809,0.0195
1116,1.116,0.0004,-0.0036,-0.0019,-0.0029,-0.3856,-0.2373
1117,1.117,0.0057,-0,-0.0038,0.0041,-0.4801,-0.3156
1118,1.118,0.0094,0.0051,-0.0056,0.0014,-0.5658,-0.2458
1119,1.119,-0.0012,-0.0013,-0.0039,-0.0044,-0.3343,-0.31
1120,1.12,0.0004,-0.0055,0.0007,-0.0051,-1.3894,-0.2521
1121,1.121,0.0018,-0.0017,-0.0034,-0.0044,-1.5408,-0.9388
1122,1.122,-0.0045,0.0005,-0.0071,0.0026,-0.3053,-0.8455
1123,1.123,-0.0077,-0.0037,-0.0061,-0.0001,0.1953,-0.2485
1124,1.124,-0.0004,-0.0031,-0.0009,0.0094,0.3485,0.1405
1125,1.125,0.0024,-0.0036,0.0132,0.0106,0.487,0.2122
1126,1.126,0.0032,-0.0004,0.0111,0.005,0.6125,0.2771
1127,1.127,0.001,0.0009,0.0204,0.006,0.2733,0.3358
1128,1.128,-0.0054,-0.0009,0.0086,0.0033,0.9941,0.1778
1129,1.129,-0.0028,0.0044,0.004,0.0025,1.65,0.7064
1130,1.13,-0.0035,0.0022,0.0026,-0.0075,0.713,0.9176
1131,1.131,0,0.0016,-0.0063,-0.0116,-0.1623,0.4695
1132,1.132,-0.0017,0.0021,-0.0096,-0.0079,-0.2782,-0.0554
1133,1.133,-0.0033,0.0062,-0.0126,-0.0023,-0.3831,-0.2678
1134,1.134,-0.0039,0.0026,-0.0099,-0.0034,-0.478,-0.3326
1135,1.135,-0.0042,0.0096,-0.0057,-0.0025,-0.3939,-0.2755
1136,1.136,0.0022,-0.0061,0.0028,-0,-0.6267,-0.2232
1137,1.137,-0.0005,-0.0083,0.0084,0.0021,-1.6825,-0.4636
1138,1.138,-0.0014,-0.0022,0.0074,-0.0015,-1.2309,-1.0318
1139,1.139,-0.0066,0.0108,0.0101,0.0002,0.005,-0.6452
1140,1.14,0.0011,-0.005,0.0022,0.0042,0.3689,-0.01
1141,1.141,-0.0009,-0.0066,0.0013,0.0047,0.5365,0.2025
1142,1.142,0.006,0.0103,0.0065,0.0052,0.3869,0.2676
1143,1.143,-0.0005,-0.0009,0.0129,0.0048,0.5247,0.3264
1144,1.144,0.0021,0.0052,0.0086,0.0051,0.4004,0.274
1145,1.145,0.009,0.0033,0.0016,0.0032,1.4196,0.2262
1146,1.146,0.0081,0.0016,-0.003,0.0028,1.2829,0.8814
1147,1.147,0.0055,0.0092,-0.0056,0.0072,0.4087,0.7882
1148,1.148,0.0048,0.0022,-0.0034,0.0043,-0.3875,0.1912
1149,1.149,-0.0001,-0.0015,-0.0083,0.0027,-0.2877,-0.1977
1150,1.15,-0.0019,-0.0048,-0.0026,-0.0024,-0.5705,-0.2695
1151,1.151,-0.0014,0.0004,-0.011,-0.0004,-0.4872,-0.3344
1152,1.152,-0.0009,-0.0023,-0.0007,-0.0022,-0.4109,-0.2771
1153,1.153,-0.0052,0.0002,0.0033,-0.0039,-1.0446,-0.2248
1154,1.154,-0.014,-0.0005,0.0095,0.0008,-1.6414,-0.6575
1155,1.155,-0.0153,0.003,0.0085,0.0038,-0.7901,-0.9485
1156,1.156,-0.0097,-0,0.0094,0.0091,0.2319,-0.3672
1157,1.157,-0.0088,-0.0041,0.0102,0.0041,0.3713,0.1763
1158,1.158,-0.0042,-0.0057,0.0144,0.0036,0.4971,0.2481
1159,1.159,-0.0051,-0.006,0.0028,-0.0041,0.611,0.3127
1160,1.16,-0.0014,0.0003,-0.0159,-0.0031,0.5088,0.3713
1161,1.161,-0.0108,0.003,-0.0232,-0.0059,0.6025,0.2133
1162,1.162,-0.0046,-0.0065,-0.0255,-0.0188,1.7093,0.4536
1163,1.163,-0.0014,-0.0054,-0.0195,-0.0393,0.9555,1.0217
1164,1.164,0.0038,0.0049,-0.014,-0.0312,-0.0068,0.6349
1165,1.165,0.0065,0.0008,-0.009,-0.0139,-0.3835,0.0002
1166,1.166,0.0073,0.0019,-0.0044,-0.0028,-0.4987,-0.2568
1167,1.167,0.0066,0.0009,0.0026,0.0074,-0.3974,-0.3355
1168,1.168,0.0031,-0.0064,0.0013,0.0055,-0.4922,-0.2661
1169,1.169,0.0088,-0.0205,0.0045,0.0072,-0.4079,-0.3307
1170,1.17,0.0094,-0.0431,-0.0008,0.0057,-1.5689,-0.273
1171,1.171,0.0058,-0.0223,0.0038,0.007,-1.4039,-0.96
1172,1.172,0.0075,0.0077,0.008,0.0133,-0.347,-0.8669
1173,1.173,0.0034,0.0038,0.0101,0.0123,0.3415,-0.0999
1174,1.174,0.0059,-0.0144,0.0081,0.0092,0.4683,0.2106
1175,1.175,0.0008,-0.0242,0.0064,0.0065,0.583,0.3055
1176,1.176,0.0028,-0.0094,0.0093,0.0074,0.4813,0.3912
1177,1.177,0.0023,0.0153,0.0171,0.0021,0.3887,0.3146
1178,1.178,0.0051,0.012,0.0343,0.0086,1.1551,0.2448
1179,1.179,-0.0016,0.0149,0.0319,0.006,1.6708,0.6925
1180,1.18,-0.0025,0.0121,0.0072,0.0082,0.6405,0.9835
1181,1.181,-0.0016,0.0144,-0.0092,0.0089,-0.0474,0.402
1182,1.182,0.0068,0.0166,-0.0121,0.0072,-0.4236,-0.1414
1183,1.183,0.0079,0.0186,-0.0202,0.0031,-0.5382,-0.2131
1184,1.184,0.0006,0.0092,-0.0179,0.0016,-0.4361,-0.278
1185,1.185,-0.0021,0.0041,-0.0201,0.0077,-0.343,-0.3369
1186,1.186,-0.0029,0.0056,-0.014,-0,-0.5985,-0.2846
1187,1.187,0.0008,0.0015,-0.0159,-0.0031,-1.7595,-0.4289
1188,1.188,0.0029,0.0077,-0.0108,-0.0039,-0.9302,-1.0844
1189,1.189,-0.0028,0.0045,-0.0092,-0.0081,-0.1737,-0.6164
1190,1.19,-0.0021,0.0034,-0.0052,-0.0074,0.2409,-0.0191
1191,1.191,-0.0001,0.0042,0.0036,-0.011,0.3677,0.2147
1192,1.192,-0.0031,-0,0.0068,-0.0079,0.4825,0.286
1193,1.193,-0.0036,0.0022,0.0059,-0.0003,0.5865,0.3507
1194,1.194,0.0012,0.0042,-0.0044,-0.0013,0.4938,0.2932
1195,1.195,0.0054,0.0036,0.0025,0.0052,1.4307,0.2406
1196,1.196,0.0026,0.0041,0.0088,-0.0008,1.3074,0.9613
1197,1.197,0.0011,-0.0007,-0.0015,-0.0045,0.5134,0.8588
1198,1.198,-0.0019,0.001,-0.0084,-0.0038,-0.2095,0.2024
1199,1.199,0.001,0.005,0.003,0.0032,-0.305,-0.2252
1200,1.2,-0.0041,-0.0028,0.0106,0.004,-0.5612,-0.3041
1201,1.201,-0.0034,-0.006,0.012,-0.0054,-0.4848,-0.3753
1202,1.202,-0.0051,-0.007,0.0183,-0.0017,-0.4149,-0.3122
1203,1.203,-0.0045,-0.0043,0.0152,-0.0026,-1.1182,-0.2547
1204,1.204,0.0003,-0.0035,0.01,-0.0015,-1.5865,-0.7304
1205,1.205,0.0008,-0.0087,0.0186,0.005,-0.8192,-1.0508
1206,1.206,0.005,-0.0038,0.0154,0.0025,0.111,-0.4111
1207,1.207,0.0003,-0.0055,0.0207,0.0032,0.4879,0.1865
1208,1.208,-0.0039,-0.0014,0.0067,0.0053,0.377,0.2656
1209,1.209,0.0002,0.0054,0.0128,0.007,0.4815,0.3366
1210,1.21,-0.0012,-0.001,0.0073,0.0042,0.3892,0.2733
1211,1.211,-0.0015,-0.0018,-0.0113,-0.0025,0.6452,0.2157
1212,1.212,-0.0062,0.0019,-0.0285,-0.0088,1.652,0.4797
1213,1.213,-0.0056,-0.0059,-0.035,-0.0045,0.9672,1.0082
1214,1.214,-0.0027,0.0057,-0.033,-0.0067,0.0929,0.5161
1215,1.215,-0.0011,0.0012,-0.0088,-0.0087,-0.2495,0.0667
1216,1.216,-0.0007,-0.0028,0.0077,-0.0044,-0.3541,-0.2258
1217,1.217,0.0058,-0.0016,0.0106,0.0033,-0.4487,-0.28
1218,1.218,0.0123,0.004,0.0133,0.0044,-0.5345,-0.329
1219,1.219,0.0098,0.0071,0.011,0.0072,-0.4575,-0.286
1220,1.22,0.0077,-0.0014,0.0044,0.0013,-1.5123,-0.3262
1221,1.221,0.0013,-0.007,-0.0057,0.0007,-1.3621,-0.8677
1222,1.222,0.0022,0.0003,-0.0187,-0.0013,-0.4007,-0.7911
1223,1.223,-0.0031,-0.0042,-0.0135,-0.0029,0.2256,-0.1572
1224,1.224,-0.001,-0.0033,-0.012,-0,0.3416,0.2702
1225,1.225,-0.0052,0.002,-0.0106,0.0025,0.446,0.1942
1226,1.226,-0.0047,0.0027,-0.0018,0.0014,0.5408,0.265
1227,1.227,-0.0021,-0.0003,0.0038,0.0026,0.2863,0.3294
1228,1.228,-0.0043,-0.0043,-0.0014,0.0044,1.1377,0.1554
1229,1.229,-0.0082,0.0036,-0.0079,-0.0008,1.4781,0.7363
1230,1.23,-0.0034,-0.002,0.0016,-0.003,0.7569,0.9686
1231,1.231,-0.0051,0.0033,0.0027,-0.0024,-0.0888,0.3349
1232,1.232,-0.0046,0.0042,0.0105,-0.0054,-0.4311,-0.0927
1233,1.233,-0.0041,0.0068,0.0095,-0.0026,-0.5359,-0.1718
1234,1.234,-0.0019,-0.0032,0.0068,0.0052,-0.4436,-0.243
1235,1.235,-0.0015,0.0009,0.0008,0.0062,-0.3593,-0.3078
1236,1.236,0.0003,-0.0003,-0.0029,0.0092,-0.7467,-0.2503
1237,1.237,0.0027,-0.0035,0.0049,0.0046,-1.6617,-0.5147
1238,1.238,0.0037,-0.0045,0.0122,0.0054,-1.0394,-1.0435
1239,1.239,0.0007,-0.0054,0.0077,0.006,-0.0174,-0.5517
1240,1.24,0.0018,0.0006,-0.0051,0.0011,0.3962,0.0253
1241,1.241,0.0037,-0.0027,-0.0159,0.0012,0.4466,0.219
1242,1.242,0.0047,0.0011,-0.0103,0.0017,0.5719,0.2974
1243,1.243,0.0099,0.0075,-0.0052,0.0033,0.4595,0.3684
1244,1.244,0.0106,0.0033,-0.0067,0.0027,0.357,0.3049
1245,1.245,0.0057,-0.0005,-0.0026,0.0039,1.3866,0.2473
1246,1.246,0.0015,0.0044,0.0011,-0.0026,1.2499,0.9342
1247,1.247,0.0055,0.0014,-0.0066,-0.0018,0.3757,0.8411
1248,1.248,0.006,-0.0004,0.0007,-0.0028,-0.1938,0.2443
1249,1.249,-0.001,-0.0039,-0.0001,-0.005,-0.2992,-0.1445
1250,1.25,-0.0083,-0.0036,-0.0129,-0.0158,-0.3943,-0.2163
1251,1.251,-0.0147,-0.0024,-0.0185,-0.0388,-0.4811,-0.2809
1252,1.252,-0.0139,-0.0082,-0.01,-0.0225,-0.405,-0.3396
1253,1.253,-0.0102,-0.004,-0.0055,-0.0138,-1.1793,-0.1817
1254,1.254,-0.0123,-0.0046,0.0097,-0.0058,-1.6952,-0.8062
1255,1.255,-0.0066,-0.0026,0.0157,0.0014,-0.6651,-1.062
1256,1.256,-0.0073,-0.001,0.0063,0.0036,0.0229,-0.5198
1257,1.257,-0.0038,0.0007,0.008,-0.0026,0.3989,0.115
1258,1.258,-0.0033,0.0002,0.0034,-0.0194,0.5132,0.2018
1259,1.259,0.0055,-0.002,-0.0118,-0.0261,0.6166,0.28
1260,1.26,0.0091,-0.0008,-0.0138,-0.016,0.3361,0.351
1261,1.261,0.0081,0.0017,0.0067,-0.0031,0.7617,0.2874
1262,1.262,0.005,-0.0035,0.0258,0.0087,1.613,0.4619
1263,1.263,0.0023,-0.015,0.0233,0.0132,1.0465,1.0433
1264,1.264,0.0031,-0.0167,0.0166,0.009,0.1168,0.6566
1265,1.265,-0.0054,0.0063,0.0024,0.0101,-0.2602,0.0219
1266,1.266,-0.0022,0.0095,0.0116,0.0178,-0.3757,-0.2348
1267,1.267,-0.0032,0.0123,0.01,0.0105,-0.4804,-0.3133
1268,1.268,-0.0024,0.0096,0.0054,0.0058,-0.5754,-0.2438
1269,1.269,0.007,0.0073,0.0013,0.0049,-0.4915,-0.3083
1270,1.27,0.0058,0.0007,-0.0024,0.0056,-1.4981,-0.2505
1271,1.271,0.0047,0.0027,-0.0034,0.0119,-1.3623,-0.9375
1272,1.272,-0.0006,0.0045,0.0018,0.0144,-0.4889,-0.8443
1273,1.273,0.0078,-0.0005,0.0045,0.0137,0.3065,-0.2475
1274,1.274,0.0046,-0.0051,0.0002,0.0058,0.4114,0.2961
1275,1.275,0.0056,0.0074,0.0009,0.011,0.5059,0.2272
1276,1.276,0.0028,0.0024,0.0116,-0.0012,0.5916,0.292
1277,1.277,-0.0101,-0.0022,0.0131,-0.0029,0.3598,0.3506
1278,1.278,-0.0046,0.0075,0.009,0.0047,1.1332,0.1925
1279,1.279,-0.0029,0.0037,-0.0048,0.006,1.6484,0.7211
1280,1.28,0.0016,0.0048,-0.0141,-0.0003,0.6175,0.9324
1281,1.281,-0.0025,0.01,-0.0226,0.0007,-0.0708,0.3564
1282,1.282,-0.0037,0.0016,-0.018,0.0017,-0.4473,-0.1871
1283,1.283,0.0018,0.0026,-0.0111,-0.0011,-0.5623,-0.2588
1284,1.284,-0.0012,-0.0027,-0.0122,-0.0019,-0.461,-0.3236
1285,1.285,-0.0021,0,-0.02,-0.0057,-0.3685,-0.3823
1286,1.286,0.0038,-0.0059,-0.0148,-0.0121,-0.6244,-0.2244
1287,1.287,0.0016,-0.0052,-0.0084,-0.0043,-1.786,-0.4649
1288,1.288,-0.0005,-0.0046,-0.0041,-0.0033,-0.9572,-1.0331
1289,1.289,-0.0035,-0.0063,-0.0063,-0.0025,-0.2009,-0.6464
1290,1.29,0.0005,-0.0034,0.0043,-0.0017,0.4873,-0.0118
1291,1.291,-0.0052,-0.0008,0.015,0.0036,0.3648,0.2453
1292,1.292,-0.0046,-0.0039,-0.0032,0.0085,0.4789,0.3237
1293,1.293,0.0003,0.0026,-0.0056,0.0102,0.5825,0.2542
1294,1.294,-0.0028,-0.0001,-0.0122,0.0073,0.4892,0.3187
1295,1.295,0.0036,0.0041,-0.0103,0.0038,1.4256,0.2609
1296,1.296,0.0011,0.0048,-0.0196,0.0016,1.3016,0.9477
1297,1.297,0.0047,-0.003,-0.0111,0.0045,0.2802,0.8545
1298,1.298,0.0027,0,0.0027,0.0055,-0.4084,0.2575
1299,1.299,-0.0004,-0.014,0.0231,0.0004,-0.2865,-0.286
1300,1.3,0.0048,-0.0039,0.0313,-0.0003,-0.4011,-0.2172
1301,1.301,-0.0001,-0.0057,0.0337,-0.0022,-0.5051,-0.2821
1302,1.302,0.0041,0.0061,0.0448,-0.0027,-0.4123,-0.3409
1303,1.303,0.0058,0.0076,0.0223,-0.0067,-1.1788,-0.1829
1304,1.304,0.0063,0.0036,0.0136,-0.0071,-1.6944,-0.7114
1305,1.305,0.0002,-0.0052,-0.0111,-0.0001,-0.6641,-0.9228
1306,1.306,-0.0006,-0.002,-0.0209,-0.001,0.2985,-0.347
1307,1.307,0.0046,0.0011,-0.0238,-0.0001,0.4258,0.1963
1308,1.308,0.0027,0.0096,-0.0375,0.0009,0.5406,0.2681
1309,1.309,-0.0042,-0.0075,-0.0202,0.0062,0.439,0.333
1310,1.31,0.0023,-0.0099,0.0045,-0.0044,0.3463,0.2758
1311,1.311,-0.0019,0.0013,0.0143,0.0003,0.7721,0.2236
1312,1.312,-0.0103,0.0034,0.0172,-0.0036,1.6237,0.4641
1313,1.313,-0.0135,0.0015,0.02,-0.0023,1.0575,1.0323
1314,1.314,-0.0165,-0.0002,0.0028,-0.0011,0.1284,0.4908
1315,1.315,-0.008,0.0074,-0.0084,0.0001,-0.2482,-0.0028
1316,1.316,0.0091,0.0034,0.0018,0.0048,-0.3631,-0.1964
1317,1.317,0.0115,-0.0003,-0,-0.001,-0.4671,-0.2557
1318,1.318,0.0094,-0.0035,-0.0118,-0.0079,-0.5618,-0.3094
1319,1.319,0.0074,-0.0004,-0.0042,-0.0069,-0.4774,-0.2619
1320,1.32,0.013,-0.0089,-0.0055,0.001,-1.4837,-0.3059
1321,1.321,0.0012,-0.0056,0.0083,0,-1.3474,-0.9016
1322,1.322,-0.0002,-0.0026,0.0102,0.001,-0.4735,-0.8169
1323,1.323,-0.0043,-0.0053,-0.0017,-0.0032,0.3224,-0.1193
1324,1.324,0.002,0.0006,-0.0033,0.0038,0.4278,0.1631
1325,1.325,-0.0035,-0.0016,-0.0019,-0.0007,0.523,0.2498
1326,1.326,-0.0004,-0.0022,-0.0008,-0.0066,0.4392,0.3279
1327,1.327,-0.0031,0.0047,-0.0018,-0.0044,0.3629,0.2583
1328,1.328,-0.0023,-0.0037,-0.0008,-0.0008,1.1369,0.1947
1329,1.329,-0.0016,0.0019,-0.0036,-0.0024,1.4464,0.7179
1330,1.33,0.0049,0.0134,-0.0011,0.0005,0.6033,0.9292
1331,1.331,0.0041,0.0088,0.0027,0.0031,-0.1921,0.3531
1332,1.332,0.0004,0.0048,-0.0037,0.0073,-0.2973,-0.1903
1333,1.333,-0.0017,0.0036,-0.0045,0.0056,-0.3925,-0.2621
1334,1.334,-0.0047,0.0004,0.0055,0.0092,-0.4787,-0.3269
1335,1.335,-0.0041,0.0034,0.0042,0.0095,-0.4019,-0.2695
1336,1.336,-0.0026,0.0043,0.0005,0.0031,-0.7536,-0.217
1337,1.337,-0.0004,0.0001,0.0038,0.0077,-1.7129,-0.4573
1338,1.338,0.0025,-0.0037,0.0028,-0.0001,-1.0275,-1.0254
1339,1.339,-0,-0.0016,0.0037,0.0051,-0.1526,-0.6385
1340,1.34,0.0052,0.0001,0.0132,-0.0013,0.4168,-0.0038
1341,1.341,0.0059,-0.0039,0.017,0.0046,0.5219,0.2535
1342,1.342,0.0058,0.003,0.0248,-0,0.5012,0.2666
1343,1.343,0.0078,-0.0005,0.017,-0.007,0.4086,0.3446
1344,1.344,0.0048,-0.0002,0.0013,-0.0061,0.4945,0.2751
1345,1.345,0.0007,-0.0013,-0.0142,-0.007,1.5009,0.3395
1346,1.346,-0.0008,0.0045,-0.0041,-0.0123,1.3647,0.979
1347,1.347,0.0014,0.0003,0.0015,-0.0172,0.4908,0.7243
1348,1.348,-0.005,0.0025,-0.0137,-0.0168,-0.305,0.1817
1349,1.349,-0.0041,0.0103,-0.0239,-0.0092,-0.4104,-0.1714
1350,1.35,-0.0033,0.0009,-0.0109,-0.004,-0.5053,-0.2367
1351,1.351,-0.0026,-0.0103,-0.0126,-0.0014,-0.5915,-0.4116
1352,1.352,-0.0062,-0.0027,-0.011,0.0011,-0.3602,-0.3592
1353,1.353,-0.002,-0.004,-0.0124,0.0033,-1.1342,-0.2154
1354,1.354,-0.0037,-0.0002,0.0015,0.0025,-1.6497,-0.6958
1355,1.355,-0.0115,-0.0058,0.007,-0.0045,-0.8066,-0.8879
1356,1.356,-0.0219,-0.0027,0.0019,-0.0037,0.2158,-0.3641
1357,1.357,-0.015,-0.0018,-0.0088,0.0005,0.3555,0.13
1358,1.358,-0.0062,0.0041,-0.0048,0.0057,0.4814,0.1958
1359,1.359,-0.0052,-0.0043,-0.0036,0.0049,0.5957,0.2548
1360,1.36,-0,-0.001,0.002,-0.0046,0.4935,0.3084
1361,1.361,-0.0028,0.002,-0.0033,-0.0255,0.7743,0.2608
1362,1.362,-0.002,-0.0043,-0.0079,-0.0284,1.5407,0.4794
1363,1.363,-0.0014,0.0016,-0.0019,-0.0094,1.026,0.996
1364,1.364,-0.0034,0.0069,-0.0103,-0.0022,-0.0064,0.6446
1365,1.365,-0.0018,0.0005,-0.0274,0.0043,-0.4207,0.0675
1366,1.366,-0.0071,0.01,-0.0201,0.0063,-0.2981,-0.1661
1367,1.367,0.0036,0.0012,0.0046,0.0044,-0.4126,-0.2373
1368,1.368,0.0082,-0.002,0.0144,0.0094,-0.5167,-0.3017
1369,1.369,0.0068,-0.003,0.0232,0.0109,-0.4241,-0.2442
1370,1.37,0.0105,-0.0057,0.0259,0.0122,-1.5312,-0.2972
1371,1.371,0.0049,0.002,0.0235,0.011,-1.3814,-1.0178
1372,1.372,-0.0046,0.0051,0.0169,0.0142,-0.4202,-0.7093
1373,1.373,0.0041,-0.0013,0.0148,0.0111,0.2057,-0.24
1374,1.374,0.019,-0.0022,0.0092,0.0046,0.3212,0.1875
1375,1.375,0.0088,-0.0029,0.0143,0.0037,0.4252,0.2664
1376,1.376,-0.0005,-0.0022,0.0188,0.0015,0.5198,0.3375
1377,1.377,0.0045,0.0009,0.0092,0.0051,0.4353,0.2743
1378,1.378,0.003,0.0025,-0.0098,-0.0019,1.1319,0.2166
1379,1.379,0.0043,-0.001,-0.0289,0.0008,1.4133,0.7979
1380,1.38,0.0031,0.0059,-0.0412,0.0017,0.6463,0.8758
1381,1.381,0.0021,0.0028,-0.039,0.0038,-0.0773,0.3833
1382,1.382,-0.0032,0.0001,-0.0249,0.0059,-0.3608,-0.1938
1383,1.383,-0.0005,-0.0024,-0.0044,0.0028,-0.4473,-0.2727
1384,1.384,0.002,-0.0018,0.0092,0.0033,-0.5258,-0.3437
1385,1.385,0.0042,0.0017,0.0068,-0.0003,-0.4565,-0.2805
1386,1.386,-0.0023,-0.0041,-0.0044,0.0019,-0.7765,-0.2227
1387,1.387,-0.0032,-0.0019,0.0057,0.0039,-1.6486,-0.4868
1388,1.388,0.0005,-0.004,0.0112,0.0036,-1.026,-1.0154
1389,1.389,-0.003,-0.0023,0.0095,0.0013,-0.0038,-0.6639
1390,1.39,-0.0035,0.0017,0.014,0.0036,0.4103,0.0412
1391,1.391,-0.004,-0.0031,0.0043,0.0038,0.5368,0.324
1392,1.392,-0.0035,-0.0026,0.0032,-0.0001,0.4251,0.2401
1393,1.393,0.0016,-0.0043,0.0065,-0.0006,0.5288,0.3184
1394,1.394,-0.0004,0.0014,0.0159,0.002,0.4357,0.2489
1395,1.395,-0.0034,-0.0009,0.0122,0.005,1.5427,0.3132
1396,1.396,-0.0029,0.0011,0.0131,-0.0006,1.3929,0.9529
1397,1.397,-0.0024,-0.0084,0.0162,-0.0043,0.4317,0.6982
1398,1.398,0.0036,-0.0293,0.0207,-0.0023,-0.1942,0.1555
1399,1.399,0.0045,-0.0264,0.0165,-0.0039,-0.3097,-0.1977
1400,1.4,0.0082,-0.0018,0.0064,-0.0068,-0.414,-0.2629
1401,1.401,0.0089,0.008,-0.0033,-0.0042,-0.5086,-0.3216
1402,1.402,0.0072,0.0167,-0.0121,-0.0038,-0.4243,-0.2695
1403,1.403,0.0055,0.003,-0.0177,-0.0058,-1.1207,-0.2216
1404,1.404,0.008,0.0006,-0.0105,-0.0022,-1.5896,-0.7894
1405,1.405,0.0038,0.0027,-0.0098,-0.0018,-0.6525,-1.0217
1406,1.406,-0.0015,0.0007,-0.0158,-0.0021,0.2229,-0.388
1407,1.407,0.002,-0.0012,-0.018,-0.0002,0.3388,0.2098
1408,1.408,0.0004,0.0038,-0.0074,0.0022,0.4435,0.2889
1409,1.409,-0.0001,0.0054,0.0064,0.0073,0.5385,0.36
1410,1.41,-0.0049,0.0013,-0.0103,0.0123,0.4545,0.297
1411,1.411,-0.0043,0.005,-0.0168,0.0029,0.6872,0.2398
1412,1.412,-0.0084,0.0082,-0.0188,0.007,1.6021,0.5043
1413,1.413,-0.0026,0.0092,-0.0206,0.0082,0.9794,1.0333
1414,1.414,-0.0063,0.0047,-0.0087,0.0004,-0.0424,0.5414
1415,1.415,-0.0127,0.0056,-0.0011,-0.0152,-0.4564,-0.0354
1416,1.416,-0.0101,0.0033,0.0002,-0.013,-0.3337,-0.269
1417,1.417,-0.0079,0.0026,0.0039,-0.0068,-0.4477,-0.1997
1418,1.418,-0.0014,0.0057,0.0007,-0.0123,-0.551,-0.2643
1419,1.419,0.0028,0.0016,0.0037,-0.014,-0.4579,-0.3227
1420,1.42,0.0051,0.0001,0.0101,-0.0001,-1.5646,-0.2701
1421,1.421,0.0002,0.0043,0.011,0.0019,-1.4144,-0.9908
1422,1.422,0.006,0.0026,0.0087,-0.0065,-0.4529,-0.6824
1423,1.423,-0.001,-0.0052,0.0107,-0.0079,0.4226,-0.2129
1424,1.424,-0.0036,0.0051,0.0077,-0.0038,0.3121,0.2145
1425,1.425,-0.0028,-0.0018,0.0037,-0.01,0.4168,0.2934
1426,1.426,-0.0049,0.0019,-0.004,-0.0067,0.5119,0.3648
1427,1.427,-0.0042,0.0051,-0.0188,0.0006,0.428,0.3017
1428,1.428,-0.0025,0.0041,-0.0127,0.0053,1.1251,0.2443
1429,1.429,0.0063,-0.0004,0.0004,0.0095,1.5942,0.7201
1430,1.43,0.0026,-0.0047,0.0088,0.0074,0.6575,0.9126
1431,1.431,-0.0052,0.0006,0.0164,0.0094,-0.2172,0.3891
1432,1.432,-0.0021,0.0026,0.0177,0.0037,-0.3326,-0.1045
1433,1.433,0.0064,0.0068,0.014,0.0075,-0.4366,-0.17
1434,1.434,0.0074,-0.0008,0.0172,0.0055,-0.531,-0.3451
1435,1.435,0.0105,0.0023,0.0287,0.0085,-0.4464,-0.2929
1436,1.436,0.0041,-0.0004,0.0212,-0.0002,-0.6786,-0.2452
1437,1.437,-0.0087,0.0004,0.0088,-0.009,-1.7336,-0.4637
1438,1.438,-0.018,-0.0033,-0.0097,-0.008,-0.9793,-1.0593
1439,1.439,-0.0061,-0.0053,-0.0269,-0.0007,-0.0167,-0.6336
1440,1.44,-0.0107,0.0041,-0.0379,0.0038,0.3605,0.0645
1441,1.441,-0.0037,-0.0084,-0.0399,0.0116,0.4762,0.1599
1442,1.442,0,-0.0033,-0.0157,0.0043,0.5808,0.2464
1443,1.443,0.0049,-0.0033,0.0109,0.0075,0.4812,0.3223
1444,1.444,0.004,-0.0078,0.0141,0.0011,0.3885,0.2457
1445,1.445,0.0092,0.0103,-0.0129,0.007,1.4958,0.3162
1446,1.446,0.0138,-0.0021,-0.0165,0.0048,1.3461,0.892
1447,1.447,0.006,0.0001,-0,0.0054,0.3851,0.8151
1448,1.448,0.005,0.0022,0.0207,0.0012,-0.2407,0.181
1449,1.449,0.0005,-0.0034,0.0234,-0.0029,-0.3559,-0.2464
1450,1.45,0.0117,0.0017,0.0111,0.0007,-0.4598,-0.1703
1451,1.451,0.0071,-0.0029,0.0222,0.0003,-0.5541,-0.3819
1452,1.452,0.0031,-0.0042,0.0324,-0.0026,-0.2991,-0.3186
1453,1.453,0.0043,-0.0005,0.0342,0.0009,-1.1504,-0.2608
1454,1.454,0.0053,-0.006,0.0258,-0.0003,-1.7173,-0.7365
1455,1.455,0.0083,-0.0008,0.0119,-0.0015,-0.5836,-0.9288
1456,1.456,-0.0001,-0.0053,-0.0011,-0.0034,0.1736,-0.4051
1457,1.457,-0.0011,-0.0112,-0.0197,-0.0058,0.3136,0.2297
1458,1.458,-0.0064,0.0003,-0.0421,-0.0075,0.4396,0.1464
1459,1.459,-0.0036,-0.0048,-0.057,-0.0033,0.554,0.2247
1460,1.46,0.0023,-0.0124,-0.0433,0.0009,0.452,0.2955
1461,1.461,-0.0014,-0.0332,-0.0161,0.0026,0.7334,0.2321
1462,1.462,-0.0034,-0.0303,-0.0053,-0.0022,1.6703,0.5227
1463,1.463,-0.0017,-0.0002,0.0045,-0.0006,1.0475,0.9985
1464,1.464,-0.0034,0.0519,0.0074,-0.0023,0.0256,0.5508
1465,1.465,-0.0059,0.0021,0.0155,-0.0018,-0.3882,0.0261
1466,1.466,-0.0029,0.0085,0.0229,0.0012,-0.5147,-0.1865
1467,1.467,-0.0009,0.0028,0.0251,0.0075,-0.4026,-0.2517
1468,1.468,-0.0005,0.008,0.0272,0.001,-0.5062,-0.3105
1469,1.469,-0.0008,0.0032,0.029,-0.0119,-0.4131,-0.2583
1470,1.47,-0.0032,0.0076,0.0206,-0.0361,-1.5199,-0.3066
1471,1.471,-0.0001,0.0037,-0.0024,-0.0197,-1.3698,-0.962
1472,1.472,-0.003,-0.0072,-0.0322,-0.011,-0.4086,-0.6816
1473,1.473,-0.0087,-0.004,-0.044,-0.0083,0.2173,-0.2547
1474,1.474,-0.0096,0.0048,-0.0476,-0.006,0.3332,0.1338
1475,1.475,0.0004,0.0021,-0.0574,0.0006,0.4375,0.2054
1476,1.476,-0.001,0.0044,-0.0426,-0.0015,0.5322,0.2702
1477,1.477,-0.0022,-0.0022,-0.0015,0.0003,0.4479,0.3289
1478,1.478,-0.0012,0.0079,0.0158,0.0054,1.1447,0.2765
1479,1.479,0.0019,0.006,0.021,0.0099,1.6136,0.805
1480,1.48,-0.0027,0.0009,0.0353,0.0059,0.6767,0.8756
1481,1.481,-0.0086,0.0024,0.0309,-0.0004,-0.1982,0.4274
1482,1.482,-0.0156,0.0037,0.019,0.0051,-0.3139,-0.0973
1483,1.483,-0.0016,-0,-0.0139,0.0081,-0.4184,-0.1691
1484,1.484,0.0004,0.0056,-0.0183,-0.0022,-0.513,-0.234
1485,1.485,-0.0015,0.0025,-0.0221,0.0102,-0.4286,-0.2927
1486,1.486,0.0002,-0.0021,-0.0402,0.0119,-0.816,-0.2403
1487,1.487,0.0017,0.0021,-0.0304,0.0133,-1.7309,-0.4807
1488,1.488,0.003,-0.0001,-0.0097,0.0092,-1.1083,-1.0489
1489,1.489,0.0042,-0.0022,0.0093,0.0104,-0.0861,-0.5072
1490,1.49,0.001,-0.0027,0.0265,0.0093,0.3281,-0.0135
1491,1.491,-0.0001,-0.0068,0.0242,0.0124,0.4545,0.308
1492,1.492,0.0026,0.001,0.0221,0.002,0.569,0.2512
1493,1.493,0.0069,-0,0.024,-0.0049,0.467,0.3047
1494,1.494,0.0062,-0.0031,0.0257,-0.0087,0.5609,0.2573
1495,1.495,0.0013,0.0015,0.0181,-0.0055,1.4974,0.3014
1496,1.496,0.0055,-0.0045,0.0195,-0.0065,1.3735,0.8971
1497,1.497,0.0038,0.0008,0.0132,-0.0057,0.352,0.8124
1498,1.498,0.0074,0.0001,0.01,-0.0032,-0.3363,0.1149
1499,1.499,0.0061,0.0059,-0.0057,-0.001,-0.4634,-0.1675
1500,1.5,0.0022,-0.0011,-0.0123,0.0025,-0.5782,-0.2539
1501,1.501,-0.0003,0.0016,-0.0062,0.0055,-0.4768,-0.3317
1502,1.502,-0.0016,-0.0043,-0.0118,0.0038,-0.3844,-0.2621
1503,1.503,0.0005,-0.0021,-0.0101,0.0043,-1.151,-0.1984
1504,1.504,0.0001,-0.0028,0.0005,0.0012,-1.6668,-0.8376
1505,1.505,-0.0052,-0.0044,-0.0091,0.0051,-0.6365,-0.9229
1506,1.506,-0.0059,-0.006,0.0099,0.0035,0.326,-0.3803
1507,1.507,-0.0094,0.0018,0.018,-0.0016,0.4529,0.1139
1508,1.508,-0.0025,-0.0014,0.0304,-0.0009,0.5673,0.3075
1509,1.509,0.002,0.0017,0.0148,0.0021,0.4655,0.2505
1510,1.51,-0.0005,-0.0028,-0.0037,-0.0031,0.3726,0.3041
1511,1.511,-0.0027,0.005,-0.0161,0.0018,0.7984,0.2566
1512,1.512,-0.0007,-0.0002,-0.0139,-0.0024,1.6498,0.5625
1513,1.513,-0.0037,0.0026,-0.0159,-0.0019,0.8568,0.9997
1514,1.514,0.0027,0.0002,-0.0214,-0.0033,0.1335,0.5932
1515,1.515,-0.0015,0.0025,-0.0129,0.0037,-0.3375,0.0107
1516,1.516,-0.0022,0.0104,-0.0022,0.0008,-0.4247,-0.223
1517,1.517,-0.0015,0.0075,-0.0009,0.0017,-0.5036,-0.2942
1518,1.518,0.0043,0.0012,-0.0071,0.0009,-0.4345,-0.3588
1519,1.519,0.0021,-0.003,-0.0014,-0.0075,-0.4991,-0.3013
1520,1.52,0.007,0.0008,0.0081,-0.0018,-1.3713,-0.3542
1521,1.521,0.0065,-0.004,0.0093,-0.0048,-1.2477,-0.9789
1522,1.522,0.006,-0.0009,0.0149,-0.0021,-0.4532,-0.724
1523,1.523,0.0035,0.0032,0.0139,0.0005,0.2704,-0.181
1524,1.524,0.0039,-0.0046,0.0131,-0.0016,0.3663,0.1722
1525,1.525,0.0035,0.0033,0.0088,0.0034,0.4525,0.2373
1526,1.526,0.0046,-0.002,0.0158,0.0029,0.5306,0.296
1527,1.527,0.0014,0.0008,0.0112,0.0013,0.3205,0.3493
1528,1.528,0.007,-0,0.007,-0.0044,1.152,0.2056
1529,1.529,0.0092,0.0022,0.0049,-0.0021,1.4922,0.7737
1530,1.53,0.0057,0.0029,-0.0028,-0.0027,0.5646,0.8515
1531,1.531,0.0074,0.0072,-0.008,0.0043,-0.0612,0.3586
1532,1.532,0.001,-0.0016,-0.0219,0.0052,-0.4036,-0.0907
1533,1.533,-0.0049,-0.0004,-0.0403,0.0078,-0.5079,-0.2666
1534,1.534,-0.0027,0.0074,-0.0231,0.013,-0.4154,-0.3204
1535,1.535,0.0009,0.0105,-0.0075,0.0024,-0.3311,-0.2732
1536,1.536,-0.0049,0.0002,0.0067,-0.0051,-0.7185,-0.2302
1537,1.537,-0.0118,-0.0095,0.0235,-0.0091,-1.7741,-0.5084
1538,1.538,-0.0126,-0.0007,0.017,-0.0054,-1.0204,-1.0501
1539,1.539,-0.0084,-0.0039,-0.0014,-0.0085,-0.0582,-0.5087
1540,1.54,-0.009,-0.0008,-0.0137,-0.0012,0.3185,-0.0151
1541,1.541,-0.0041,0.0019,-0.0114,-0.0021,0.4336,0.306
1542,1.542,-0.0046,0.0011,-0.0093,-0.0012,0.5375,0.2488
1543,1.543,-0.0051,0.0034,-0.0222,0.004,0.445,0.3019
1544,1.544,-0.0062,0.0062,-0.021,0.0045,0.4816,0.2905
1545,1.545,0.0005,-0.0031,0.0011,0.0065,1.5887,0.3385
1546,1.546,0.009,0.0032,-0.0018,0.0023,1.1371,0.9936
1547,1.547,0.01,-0.0046,-0.0099,-0.003,0.4499,0.7128
1548,1.548,0.009,0.0048,0.0123,-0.0023,-0.1758,0.1156
1549,1.549,0.0026,0.0037,0.0272,0.0034,-0.2911,-0.2733
1550,1.55,-0.0017,0.0069,0.0133,0.0027,-0.3952,-0.2048
1551,1.551,0.0005,-0.0004,0.0009,0.0034,-0.4897,-0.27
1552,1.552,-0.003,-0.0126,-0.0059,0.0076,-0.4051,-0.329
1553,1.553,-0.0047,-0.038,-0.0162,0.0059,-1.2565,-0.2769
1554,1.554,-0.0007,-0.0272,-0.0256,0.0011,-1.5967,-0.9018
1555,1.555,0.0028,-0.0043,-0.0206,0.0053,-0.6689,-0.9878
1556,1.556,-0.0014,0.0045,-0.01,0.0024,0.2066,-0.291
1557,1.557,-0.0102,0.0018,0.0053,0.0019,0.3227,0.1785
1558,1.558,-0.0091,0.0041,0.0238,-0.0042,0.4272,0.2648
1559,1.559,-0.0101,0.0107,0.0312,-0.0017,0.522,0.3429
1560,1.56,-0.0007,-0.0159,0.0247,-0.0102,0.4375,0.4135
1561,1.561,-0.0019,-0.0341,0.0146,-0.0273,0.8248,0.2219
1562,1.562,-0.0009,-0.0309,0.0053,-0.0446,1.5991,0.5123
1563,1.563,0.0001,0.0141,0.0002,-0.0291,0.8786,0.9878
1564,1.564,-0.0026,-0.0053,0.0048,-0.0149,0.0335,0.5399
1565,1.565,-0.0086,-0.0227,0.0035,-0.0056,-0.3087,0.015
1566,1.566,-0.0034,-0.0175,-0.0078,-0.0074,-0.4136,-0.1977
1567,1.567,-0.004,0.0163,-0.0185,0.0032,-0.5083,-0.263
1568,1.568,-0.001,0.0206,-0.0088,0.0019,-0.4241,-0.3221
1569,1.569,0.0042,0.0167,-0.0026,0.0055,-0.5019,-0.2701
1570,1.57,0.0062,0.0202,0.0007,0.0065,-1.5571,-0.3187
1571,1.571,0.0045,0.0169,-0.0046,0.0095,-1.4069,-0.9743
1572,1.572,0.0062,0.014,-0.0019,0.0086,-0.4458,-0.6939
1573,1.573,0.0057,0.0058,0.011,0.0111,0.4292,-0.097
1574,1.574,0.0045,0.0131,0.0054,0.0163,0.5444,0.2916
1575,1.575,0.0033,0.0108,0.0139,0.0156,0.4425,0.2227
1576,1.576,0.0051,0.0088,0.0154,0.0113,0.537,0.2872
1577,1.577,0.009,0.0031,0.0084,0.0049,0.4525,0.2298
1578,1.578,0.0042,-0.002,0.0022,0.0006,1.1488,0.1773
1579,1.579,0.0011,0.0056,-0.0035,-0.0017,1.4304,0.8019
1580,1.58,0.0006,0.0015,-0.0005,0.0003,0.6632,0.8874
1581,1.581,0.0001,0.0051,-0.0014,0.0033,-0.2669,0.3451
1582,1.582,0.0043,-0.0027,0.0011,0.0049,-0.394,-0.1487
1583,1.583,-0.001,0.0088,0.0048,-0.0029,-0.5091,-0.2142
1584,1.584,-0.0004,0.0042,-0.006,-0.0019,-0.4078,-0.2732
1585,1.585,-0.0021,0.0028,-0.0229,-0.0029,-0.3151,-0.3266
1586,1.586,-0.0038,0.0039,-0.0208,0.0016,-0.7413,-0.1828
1587,1.587,0.004,-0.0064,-0.0188,-0.0009,-1.7481,-0.5761
1588,1.588,-0.0016,-0.0078,-0.0132,-0.0016,-1.0632,-1.0519
1589,1.589,-0.0047,-0.0268,-0.0115,0.0061,0.0606,-0.4763
1590,1.59,-0.0001,-0.035,-0.0069,0.0092,0.5154,0.0671
1591,1.591,-0.001,-0.0127,-0.011,0.0065,0.3798,0.2797
1592,1.592,-0.0003,0.0143,0.0029,0.0022,0.5051,0.3449
1593,1.593,0.0017,0.0035,0.0084,0.0016,0.3923,0.2878
1594,1.594,0.0023,0.0332,0.0169,0.0065,0.4953,0.2357
1595,1.595,0.004,-0.0189,0.0276,-0.0005,1.5248,0.2842
1596,1.596,-0.0008,0.0166,0.0345,0.0059,1.114,0.9398
1597,1.597,-0.0024,-0.0028,0.0334,0.0017,0.2393,0.6595
1598,1.598,0.0064,0.003,0.0437,0.0039,-0.3302,0.2328
1599,1.599,0.0027,-0.0023,0.0507,0.0046,-0.4356,-0.1557
1600,1.6,-0.0051,0.0024,0.0369,0.0029,-0.5308,-0.227
1601,1.601,0.0001,0.0068,0.0425,-0.0012,-0.447,-0.2914
1602,1.602,-0.0007,0.0107,0.0205,-0.0059,-0.3706,-0.3498
1603,1.603,0.0001,-0.0002,-0.0246,-0.0064,-1.2857,-0.1917
1604,1.604,0.0008,-0.0034,-0.0438,-0.0059,-1.6605,-0.8161
1605,1.605,0.0028,-0.0063,-0.0731,-0.0044,-0.6404,-0.9014
1606,1.606,0.0098,0.0018,-0.0891,-0.0075,0.3219,-0.3586
1607,1.607,0.0013,0.0042,-0.0649,-0.0027,0.4489,0.1358
1608,1.608,-0.0019,-0.0024,-0.0606,-0.0069,0.5633,0.2017
1609,1.609,-0.0072,0.0038,-0.0406,-0.0029,0.4615,0.2609
1610,1.61,-0.0026,-0.0055,-0.0225,-0.0013,0.3687,0.3147
1611,1.611,0.0052,-0.0038,-0.0062,-0.0016,0.7945,0.2674
1612,1.612,-0,-0.0023,-0.0034,0.0004,1.6461,0.5736
1613,1.613,0.0027,0.0047,0.0047,-0.0014,0.8532,1.0109
1614,1.614,-0.0032,-0.004,0.007,0.0004,0.1299,0.488
1615,1.615,-0.0069,-0.005,0.0225,0.0035,-0.3409,-0.0054
1616,1.616,-0.0033,-0.008,0.0286,-0.0006,-0.4278,-0.1987
1617,1.617,-0.0016,-0.0053,0.0192,0.0024,-0.5064,-0.2577
1618,1.618,-0.0033,-0.001,0.0209,-0.0011,-0.4371,-0.311
1619,1.619,-0.0017,0.0014,0.0163,0.0012,-0.5014,-0.2634
1620,1.62,-0.0005,-0.0035,0.0093,-0.0025,-1.3734,-0.3944
1621,1.621,-0.0069,-0.0029,0.0156,0.0011,-1.2495,-0.9899
1622,1.622,-0.0041,0.0036,0.0188,0.0042,-0.228,-0.7349
1623,1.623,-0.0049,-0.0023,0.0093,0.0004,0.4607,-0.1918
1624,1.624,0.0004,-0.0001,-0.0021,0.002,0.3387,0.3022
1625,1.625,0.004,-0.0021,-0.0005,0.0051,0.4536,0.2396
1626,1.626,0.0023,0.0037,0.0091,0.0072,0.5575,0.2983
1627,1.627,0.0028,-0.0015,0.0204,0.0098,0.2774,0.3517
1628,1.628,0.0076,0.0063,0.0159,0.0082,1.2142,0.2079
1629,1.629,0.0007,0.0073,0.0145,0.0038,1.5888,0.7757
1630,1.63,-0.0039,0.0009,0.0182,-0.0014,0.5684,0.8535
1631,1.631,-0.0047,0.0018,0.0011,-0.0049,-0.1195,0.3607
1632,1.632,-0.0025,-0.002,-0.0012,-0.0007,-0.2464,-0.0888
1633,1.633,-0.0045,0.003,0.0054,-0.0047,-0.5872,-0.2647
1634,1.634,-0.0075,-0.004,0.0115,-0.0125,-0.4851,-0.3186
1635,1.635,0.0014,0.0025,-0.0015,-0.0135,-0.3917,-0.2714
1636,1.636,0.0102,0.0067,-0.0134,-0.0125,-0.8173,-0.2285
1637,1.637,0.007,0.0045,-0.0118,-0.0079,-1.6688,-0.5861
1638,1.638,0.0018,-0.0061,0.0034,-0.0054,-0.8758,-1.0191
1639,1.639,-0.0027,0.0015,-0.0108,-0.0016,0.0541,-0.4962
1640,1.64,-0.0019,0.0055,-0.0164,0.0048,0.4309,-0.0026
1641,1.641,-0.0055,0.0018,-0.0147,0.0039,0.5464,0.1906
1642,1.642,-0.0119,0.0096,-0.0193,0.0046,0.4449,0.2495
1643,1.643,0.001,0.0066,-0.0179,0.0095,0.5396,0.3027
1644,1.644,0.014,0.0002,-0.0142,0.0026,0.4551,0.2549
1645,1.645,0.0036,0.008,-0.006,0.0012,1.5548,0.3344
1646,1.646,0.0053,-0.0015,-0.0029,0.0039,1.1689,0.9893
1647,1.647,0.0008,0.0023,-0.0101,0.0098,0.253,0.7085
1648,1.648,-0.0005,-0.0055,0.0039,0.0076,-0.3729,0.1112
1649,1.649,0.0032,-0.0024,0.0059,0.0083,-0.4882,-0.2776
1650,1.65,0.0065,-0.0016,0.0041,0.0088,-0.5923,-0.2091
1651,1.651,0.0055,-0.0058,0.0058,0.0047,-0.4996,-0.2741
1652,1.652,0.0063,-0.0006,0.0013,0.0042,-0.415,-0.333
1653,1.653,0.0055,-0.0041,0.0027,-0.0009,-1.2661,-0.2808
1654,1.654,0.0092,-0.0036,0.0166,0.0011,-1.6066,-0.9058
1655,1.655,0.0099,-0.0124,0.0296,-0.0059,-0.6787,-0.9916
1656,1.656,0.0083,0.0015,0.0279,-0.0014,0.1965,-0.2947
1657,1.657,0.003,-0.0078,0.0202,-0.0023,0.3124,0.1749
1658,1.658,-0.0034,-0.0027,0.0106,-0.0061,0.4169,0.2612
1659,1.659,-0.0094,-0.0042,0.0118,-0.0111,0.5118,0.3391
1660,1.66,-0.0056,-0.0056,0.0063,-0.018,0.4275,0.2693
1661,1.661,-0.0063,-0.0019,-0.0094,-0.0266,0.8147,0.2055
1662,1.662,-0.0033,-0.0009,-0.0071,-0.0322,1.5887,0.6121
1663,1.663,-0.0004,0.0064,0.0031,-0.0165,0.868,0.9819
1664,1.664,-0.002,0.0019,-0.0062,-0.01,0.0227,0.5492
1665,1.665,-0.005,-0.0007,-0.0078,-0.008,-0.3199,0.0242
1666,1.666,-0.0054,-0.0122,-0.0093,-0.0062,-0.4249,-0.1884
1667,1.667,-0.0058,-0.0308,-0.0106,0.0022,-0.5199,-0.2537
1668,1.668,-0.011,-0.0136,-0.0168,0.0037,-0.4359,-0.3127
1669,1.669,-0.0132,0.0067,-0.0223,0.0106,-0.5138,-0.2606
1670,1.67,-0.0126,0.004,-0.0107,0.0068,-1.5692,-0.3091
1671,1.671,-0.0031,0.0113,-0.0061,0.01,-1.4192,-0.9647
1672,1.672,0.0038,0.0179,-0.0074,0.0069,-0.1837,-0.6844
1673,1.673,0.005,0.0077,-0.0012,0.0095,0.3164,-0.0876
1674,1.674,0.0082,0.0021,-0.0022,0.0103,0.4691,0.3008
1675,1.675,0.0051,0.0038,-0.0117,0.0051,0.607,0.2319
1676,1.676,0.0043,-0.0007,-0.0128,0.0015,0.4832,0.2964
1677,1.677,0.0034,0.0118,-0.0025,0.0031,0.3703,0.3548
1678,1.678,0.0027,0.0033,-0.0011,0.0002,1.2967,0.1967
1679,1.679,-0.0051,0.0079,0.0001,0.0079,1.4217,0.8211
1680,1.68,-0.0082,0.0009,-0.001,0.0069,0.6275,0.9065
1681,1.681,-0.0167,0.0021,-0.0063,0.0058,-0.3025,0.3639
1682,1.682,-0.0042,0.0011,-0.009,0.0085,-0.4299,-0.1301
1683,1.683,0.0008,0.0041,-0.0065,0.0093,-0.545,-0.1956
1684,1.684,-0.0008,-0.0023,-0.0013,0.0086,-0.4438,-0.2547
1685,1.685,-0.0078,0.0019,0.0007,0.0065,-0.3513,-0.3083
1686,1.686,-0.0041,-0.0018,0.0048,0.0034,-0.7775,-0.2607
1687,1.687,0.0015,-0.0025,0.0135,0.0062,-1.7844,-0.5666
1688,1.688,-0.0016,-0.0021,0.0324,0.0037,-0.8252,-1.0037
1689,1.689,-0.0062,0.0008,0.0297,0.0067,0.0494,-0.4806
1690,1.69,-0.0038,-0.0039,0.0173,0.0002,0.3915,0.0131
1691,1.691,-0.0001,0.003,0.0018,-0.0138,0.496,0.2065
1692,1.692,0.0019,-0.0055,0.0079,-0.0199,0.5907,0.2656
1693,1.693,-0.0012,0.0023,0.0209,-0.0068,0.5062,0.3191
1694,1.694,-0.0008,0.0033,0.0294,-0.0051,0.4292,0.2716
1695,1.695,0.0059,-0.0013,0.0188,-0.0097,1.4842,0.3155
1696,1.696,0.0067,0.0046,0.0062,-0.0084,1.3341,0.9112
1697,1.697,0.0059,0.0024,-0.0123,-0.0095,0.3725,0.6563
1698,1.698,-0.0011,0.0003,-0.0196,-0.0018,-0.2535,0.1134
1699,1.699,0.0092,-0.0027,-0.0351,0.0035,-0.3689,-0.2399
1700,1.7,0.0051,0.0013,-0.0535,0.0062,-0.473,-0.3052
1701,1.701,0.0013,-0.0013,-0.0412,0.0087,-0.5677,-0.3639
1702,1.702,0.0002,-0.0082,-0.0346,0.005,-0.3127,-0.3115
1703,1.703,0.0033,-0.0052,-0.0121,0.0086,-1.3188,-0.2637
1704,1.704,0.0059,-0.0044,-0.0033,0.0069,-1.4563,-0.8316
1705,1.705,0.0068,-0.0018,0.0048,0.0086,-0.5829,-0.9094
1706,1.706,0.0089,-0.0025,0.0071,0.005,0.2133,-0.2754
1707,1.707,0.0069,0.001,0.0138,0.0062,0.3193,0.1523
1708,1.708,0.0052,-0.0007,0.0239,0.0083,0.4148,0.2313
1709,1.709,0.0023,-0.0036,0.022,0.0025,0.5016,0.3026
1710,1.71,0.0028,-0.002,0.0203,-0.0017,0.4257,0.3673
1711,1.711,0.0039,0.0002,0.0187,0.0036,0.9187,0.1935
1712,1.712,0.0051,-0.001,0.0227,-0.0013,1.6232,0.5634
1713,1.713,-0.0007,0.0032,0.0215,-0.0043,0.9685,0.9963
1714,1.714,-0.0015,0.0049,0.0066,-0.0026,0.0302,0.4733
1715,1.715,0.0022,-0.0008,-0.0119,-0.002,-0.3455,-0.0203
1716,1.716,-0.0056,0.0091,-0.0047,-0.005,-0.4599,-0.2138
1717,1.717,-0.0066,0.0022,-0.0113,0.0016,-0.5633,-0.2727
1718,1.718,-0.0112,-0.0015,-0.0214,-0.001,-0.47,-0.3262
1719,1.719,-0.007,0.0062,-0.0121,-0.0034,-0.5549,-0.2787
1720,1.72,-0.0063,-0.001,0.0065,-0.0011,-1.5606,-0.3225
1721,1.721,-0.0028,-0.0094,0.0138,-0.0075,-1.1493,-0.9182
1722,1.722,-0.007,-0.0062,0.0072,-0.0099,-0.2746,-0.6633
1723,1.723,-0.0005,0.0012,0.0012,-0.012,0.2953,-0.1202
1724,1.724,0.0054,0.0021,-0.0044,-0.0071,0.4008,0.2331
1725,1.725,0.0032,-0.0021,-0.0196,-0.0028,0.4965,0.2985
1726,1.726,0.0039,0.0032,-0.0135,0.0037,0.5835,0.3571
1727,1.727,-0.0018,-0.0033,-0.0041,-0.0005,0.3526,0.3048
1728,1.728,-0.0011,0.0045,0.0213,0.0032,1.2677,0.2571
1729,1.729,0.0066,0.0076,0.0321,0.0012,1.3938,0.825
1730,1.73,0.0077,0.0012,0.009,0.0043,0.6004,0.9026
1731,1.731,0.0085,-0.0031,0.0061,0.0027,-0.1225,0.2688
1732,1.732,0.0094,-0.0024,-0.0022,0.0053,-0.4053,-0.1586
1733,1.733,-0.0021,0.0025,0,0.0083,-0.4913,-0.2375
1734,1.734,-0.0004,0.0056,0.0111,0.0019,-0.5693,-0.3086
1735,1.735,0.0012,0.0061,0.0049,0.0011,-0.3587,-0.3731
1736,1.736,-0.0002,0.0013,-0.0155,-0.0084,-0.806,-0.1995
1737,1.737,0.0036,-0.007,-0.0182,-0.0021,-1.6776,-0.5693
1738,1.738,0.0026,-0.006,-0.0156,0.0011,-0.8051,-1.0023
1739,1.739,-0.0004,-0.0007,-0.0089,-0.0041,-0.0089,-0.4792
1740,1.74,-0.0068,0.0038,-0.0271,-0.0014,0.303,0.0145
1741,1.741,-0.0026,-0.0021,-0.0343,-0.0056,0.3987,0.208
1742,1.742,0.0059,0.0048,-0.0231,-0.0049,0.4853,0.267
1743,1.743,-0.0018,0.0003,-0.0006,0.0015,0.4091,0.3203
1744,1.744,-0.0008,-0.0057,0.0082,0.0057,0.4802,0.2728
1745,1.745,-0.0072,0.0028,-0.0109,0.0035,1.4396,0.3167
1746,1.746,-0.0075,0.0011,-0.0095,0.0043,1.2122,0.9798
1747,1.747,-0.0032,0.0043,-0.0022,0.0049,0.2507,0.7022
1748,1.748,-0.0039,0.0033,0.018,0.0019,-0.3751,0.1597
1749,1.749,-0.0059,0.0041,0.0261,0.0036,-0.2641,-0.2291
1750,1.75,-0.0016,-0.0018,0.0188,-0,-0.574,-0.3006
1751,1.751,-0.008,0.0003,0.0166,-0.0004,-0.4818,-0.3653
1752,1.752,-0.0038,-0.0032,0.0267,-0.0001,-0.3976,-0.3079
1753,1.753,-0.006,-0.0002,0.01,0.0024,-1.2492,-0.2555
1754,1.754,-0.001,-0.0019,-0.0011,-0.0028,-1.5899,-0.8802
1755,1.755,-0.0068,0.0028,-0.0112,0.0041,-0.662,-0.9657
1756,1.756,-0.012,0.0011,-0.0019,0.0049,0.2129,-0.2684
1757,1.757,-0.0055,-0.0018,-0.0035,-0.001,0.3286,0.2017
1758,1.758,-0.0013,-0.0033,0.0041,-0.008,0.4329,0.2883
1759,1.759,-0.0006,-0.0021,0.0111,-0.0016,0.5272,0.3665
1760,1.76,0.0014,-0.001,0.0173,-0.0059,0.4426,0.2969
1761,1.761,0.0031,0.0026,0.0024,-0.0023,0.8296,0.2334
1762,1.762,0.0026,-0.0044,0.0003,-0.0003,1.6036,0.524
1763,1.763,0.0042,-0.0054,-0.0052,-0.0034,0.8826,0.9998
1764,1.764,0.0064,0.001,-0.0035,-0.0122,0.0372,0.552
1765,1.765,0.0067,0.0019,-0.0142,-0.0312,-0.3056,-0.089
1766,1.766,0.0016,-0.0019,-0.0129,-0.034,-0.4106,-0.1758
1767,1.767,0.0081,0.0074,-0.0066,-0.0117,-0.5057,-0.2543
1768,1.768,0.0089,-0.0014,-0.0099,-0.003,-0.4217,-0.3253
1769,1.769,0.0067,-0.0004,-0.0173,0.0051,-0.5,-0.262
1770,1.77,0.0018,-0.0161,-0.0071,0.0074,-1.5554,-0.3204
1771,1.771,-0.0012,-0.0364,-0.0085,0.0095,-1.1039,-1.0074
1772,1.772,0.004,-0.0284,-0.0123,0.0156,-0.1425,-0.7269
1773,1.773,0.002,0.004,-0.0019,0.0137,0.2338,-0.1298
1774,1.774,0.0015,0.0083,-0.0006,0.0119,0.3489,0.2588
1775,1.775,0.0068,0.0044,-0.017,0.0134,0.4529,0.3301
1776,1.776,0.0103,0.0153,0.0032,0.0064,0.5473,0.2668
1777,1.777,0.0008,0.0054,0.0389,0.0001,0.2926,0.3253
1778,1.778,-0.0005,0.0142,0.0727,-0.0031,1.2985,0.2727
1779,1.779,-0.0017,0.0061,0.0594,-0.0021,1.4361,0.8012
1780,1.78,-0.0007,-0.0012,0.0712,0.0043,0.5625,0.8717
1781,1.781,-0.0037,0.0054,0.0676,0.0034,-0.2335,0.2953
1782,1.782,0.0008,0.0033,0.0378,-0.0035,-0.3391,-0.2483
1783,1.783,-0,0.0052,-0.0063,0.0049,-0.4342,-0.3201
1784,1.784,-0.0038,0.0001,-0.0593,0.0059,-0.5206,-0.2572
1785,1.785,-0.0017,0.0046,-0.0807,0.0006,-0.4441,-0.3162
1786,1.786,0.0013,0.0033,-0.1131,-0.0039,-0.796,-0.1585
1787,1.787,-0.0004,-0.0004,-0.0957,-0.0082,-1.7559,-0.5912
1788,1.788,-0.0051,0.0006,-0.0692,-0.0089,-0.7962,-0.9983
1789,1.789,-0.0082,0.0036,-0.045,0.0004,0.0787,-0.5228
1790,1.79,-0.0053,0.0045,0.0035,0.0092,0.4212,0.0544
1791,1.791,0.0014,0.0002,0.0228,0.006,0.5257,0.2881
1792,1.792,0.0023,-0.0004,0.017,0.0049,0.4332,0.2189
1793,1.793,-0.0003,-0.0025,0.0222,0.0095,0.5192,0.2834
1794,1.794,-0.0072,0.0033,0.0176,0.0053,0.597,0.2258
1795,1.795,-0.0026,0.004,0.0044,0.0016,1.6524,0.3844
1796,1.796,-0.0018,0.0046,0.0005,0.0051,1.2008,1.0091
1797,1.797,0.0019,0.0016,0.0114,0.0035,0.2393,0.7542
1798,1.798,-0.0016,0.0021,0.0146,0.0064,-0.3864,0.0563
1799,1.799,-0.0021,0.0036,0.0174,0.0016,-0.2753,-0.2262
1800,1.8,0.0019,-0.0024,0.0093,0.0033,-0.379,-0.3128
1801,1.801,-0.0006,0.0035,0.002,0.0005,-0.4735,-0.2363
1802,1.802,0.0024,-0.0018,-0.0093,-0.0043,-0.3889,-0.3071
1803,1.803,-0.0004,-0.0038,-0.0034,-0.0085,-1.3949,-0.2436
1804,1.804,-0.0055,-0.008,0.0132,-0.0044,-1.5324,-0.883
1805,1.805,-0.0075,-0.0016,0.0152,-0.0039,-0.6589,-0.9685
1806,1.806,0.0019,-0.0075,0.0129,-0.0035,0.1372,-0.2713
1807,1.807,0.006,-0.0053,0.0147,0.0029,0.4486,0.1987
1808,1.808,-0.0028,0.0054,0.0164,0.0002,0.544,0.2854
1809,1.809,-0.0018,-0.0022,0.0242,-0.0006,0.4604,0.3637
1810,1.81,0.0055,0.0019,0.0147,0.0016,0.3842,0.2943
1811,1.811,-0.0009,0.0031,-0.004,0.0052,0.8769,0.2307
1812,1.812,0.0016,-0.0001,-0.0231,-0.0042,1.5809,0.6375
1813,1.813,-0.0021,-0.0032,-0.0207,-0.0001,0.9257,1.0076
1814,1.814,-0.0014,0.0033,-0.0051,-0.0038,-0.0129,0.479
1815,1.815,-0.0057,0.0007,0.001,-0.0006,-0.3892,-0.0146
1816,1.816,0.0008,-0.0015,0.0252,0.0005,-0.504,-0.2081
1817,1.817,0.0016,-0.0008,0.035,-0.0003,-0.4021,-0.2672
1818,1.818,0.0023,-0.0002,0.0263,-0.0045,-0.4963,-0.3206
1819,1.819,-0.0042,-0.0066,0.0072,-0.0007,-0.5819,-0.2731
1820,1.82,-0.0017,-0.0007,-0.0101,0.0014,-1.588,-0.4042
1821,1.821,-0.001,-0.0059,-0.0347,0.0031,-1.1772,-0.9998
1822,1.822,-0.003,-0.0053,-0.0249,0.0003,-0.3026,-0.7447
1823,1.823,0.0065,0.003,-0.016,0.0009,0.2669,-0.0468
1824,1.824,0.0135,-0.0001,-0.0022,0.004,0.3719,0.236
1825,1.825,0.0098,0.001,0.0002,0.002,0.4669,0.3224
1826,1.826,0.0042,0.0019,0.0114,-0.0015,0.5531,0.246
1827,1.827,0.0012,0.0079,0.0176,-0.0084,0.3218,0.3168
1828,1.828,0.004,0.0042,0.0195,-0.0137,1.3768,0.2534
1829,1.829,-0.002,0.0023,0.0043,-0.0072,1.5285,0.7767
1830,1.83,0.0033,0.0092,-0.0098,-0.003,0.5679,0.8474
1831,1.831,0.0039,0.0008,0.0106,-0.0007,-0.3069,0.2711
1832,1.832,-0.003,-0.0048,0.0133,0.0013,-0.4226,-0.1174
1833,1.833,-0.0076,-0.0017,0.0009,0.0008,-0.527,-0.189
1834,1.834,-0.0034,-0.0009,-0.0147,0.0004,-0.4344,-0.2539
1835,1.835,0.0018,-0.0068,-0.029,0.0009,-0.3499,-0.3123
1836,1.836,-0.0017,-0.0061,-0.0197,-0.0002,-0.892,-0.2597
1837,1.837,-0,-0.0041,-0.0113,-0.0014,-1.666,-0.596
1838,1.838,-0.0006,-0.0036,-0.0127,0.0005,-0.9453,-1.0766
1839,1.839,0.003,-0.0019,-0.0086,0.0015,0.0873,-0.5007
1840,1.84,-0.0021,-0.0003,-0.0121,0.0019,0.5013,0.043
1841,1.841,0.0014,0.0008,-0.0222,0.0026,0.3787,0.2558
1842,1.842,-0.0044,-0.0003,-0.0261,0.0014,0.4932,0.3211
1843,1.843,-0.0007,0.0015,-0.0121,-0.0023,0.3912,0.2641
1844,1.844,-0.0027,0.0067,0.001,-0.0008,0.4853,0.2121
1845,1.845,-0.0045,-0.0032,0.0096,-0.005,1.5923,0.3566
1846,1.846,-0.005,0.0064,0.0235,-0.0055,1.1405,1.0123
1847,1.847,-0.004,0.0027,0.0264,0.0049,0.2753,0.665
1848,1.848,-0.0014,-0.0036,0.0321,0.0065,-0.4131,0.1958
1849,1.849,0.0016,0.0089,0.0372,0.0088,-0.2911,-0.2313
1850,1.85,0.0013,0.0004,0.0603,0.006,-0.4056,-0.3097
1851,1.851,0.0031,-0.0042,0.0702,0.0035,-0.5096,-0.2401
1852,1.852,0.0028,-0.0001,0.0731,0.0039,-0.4169,-0.3043
1853,1.853,0.0045,0.001,0.0759,-0.0005,-1.3535,-0.2464
1854,1.854,0.0003,-0.0046,0.0387,-0.0045,-1.4792,-0.8274
1855,1.855,-0.0067,-0.0077,-0.02,0.0023,-0.4586,-0.905
1856,1.856,-0.0003,0.0026,-0.1061,0.0031,0.2297,-0.2711
1857,1.857,-0.0028,0.0013,-0.1636,0.0023,0.3567,0.1567
1858,1.858,0.0072,0.0075,-0.1533,-0.0014,0.4712,0.2356
1859,1.859,0.0058,0.0019,-0.0869,0.0007,0.5751,0.3068
1860,1.86,0.007,0.0049,-0.0264,-0.0023,0.4821,0.3717
1861,1.861,0.008,0.0095,-0.003,-0.0064,0.9077,0.1981
1862,1.862,0.0027,-0.0017,0.0183,-0.0079,1.6046,0.568
1863,1.863,0.0054,0.0028,0.0247,-0.0009,0.949,1.0008
1864,1.864,0.0045,-0.0041,0.0189,0.0001,0.0098,0.4776
1865,1.865,0.0038,-0.003,0.0242,0.0009,-0.3669,-0.016
1866,1.866,-0.0026,-0.002,0.0194,0.0018,-0.4821,-0.2095
1867,1.867,-0.0035,-0.003,0.0238,0.0011,-0.3809,-0.2686
1868,1.868,-0.0042,-0.0022,0.0119,0.0004,-0.4757,-0.3221
1869,1.869,-0.0135,-0.0014,0.0083,0.0046,-0.5616,-0.2745
1870,1.87,-0.0173,-0.0052,0.0115,0.0075,-1.7232,-0.4056
1871,1.871,-0.0205,-0.0032,0.0026,0.008,-1.2265,-1.0012
1872,1.872,-0.0175,-0.0089,0.0052,0.0038,-0.1689,-0.7463
1873,1.873,-0.0221,-0.0205,0.0028,0.0032,0.2452,-0.0484
1874,1.874,-0.023,-0.029,0.0006,-0.0003,0.3718,0.2343
1875,1.875,-0.0115,-0.006,0.0107,-0.0064,0.4862,0.3208
1876,1.876,0.0003,-0.0028,0.0237,-0.0005,0.5899,0.2443
1877,1.877,0.0141,0.0121,0.0287,0.0064,0.3095,0.3149
1878,1.878,0.0197,0.0148,0.0271,0.0018,1.246,0.2513
1879,1.879,0.0146,0.0124,0.0451,-0.0007,1.3713,0.8907
1880,1.88,0.016,0.0012,0.0327,-0.0014,0.5772,0.8059
1881,1.881,0.0173,0.0114,0.0079,-0.0021,-0.1465,0.2635
1882,1.882,0.011,0.0095,-0.0019,-0.0091,-0.4302,-0.0899
1883,1.883,-0.0015,0.0043,-0.0168,-0.0083,-0.5171,-0.2833
1884,1.884,-0.0066,0.0028,-0.0469,-0.0024,-0.4412,-0.3421
1885,1.885,-0.0021,0.0014,-0.0509,-0.0031,-0.372,-0.2901
1886,1.886,0.0075,-0.0023,-0.0474,0.0033,-0.9481,-0.2424
1887,1.887,0.0138,-0.0056,-0.0377,-0.0026,-1.6453,-0.6358
1888,1.888,0.0106,0.0017,-0.0406,0.001,-0.8029,-1.1117
1889,1.889,0.0116,0.0044,-0.0269,-0.001,-0.0075,-0.5361
1890,1.89,0.0051,0.0002,0.0055,0.0047,0.304,0.0072
1891,1.891,0.0009,0.0024,0.0099,0.0099,0.3993,0.2197
1892,1.892,0.0002,0.0003,0.0299,0.0035,0.4854,0.2847
1893,1.893,0.0009,-0.0039,0.0263,0.0026,0.4086,0.3434
1894,1.894,-0.0022,0.0002,0.0296,-0.0044,0.6195,0.2911
1895,1.895,-0.0051,0.0027,0.0268,-0.0185,1.5786,0.4354
1896,1.896,-0.0098,0.003,0.0077,-0.0491,1.1677,1.0036
1897,1.897,-0.0056,0.0034,-0.0047,-0.036,0.2932,0.617
1898,1.898,-0.0085,0.0044,-0.0069,-0.0161,-0.2763,0.1235
1899,1.899,-0.0038,0.0054,-0.0049,-0.0053,-0.3818,-0.1978
1900,1.9,-0.0121,0.0024,-0.003,0.0045,-0.4768,-0.2572
1901,1.901,-0.0065,-0.0002,0.0021,0.0073,-0.5631,-0.3109
1902,1.902,-0.0055,-0.0054,0.016,0.0045,-0.3318,-0.2635
1903,1.903,-0.0028,0.003,0.0253,0.0069,-1.3873,-0.2203
1904,1.904,0.005,-0.0002,0.0202,0.009,-1.5392,-0.8158
1905,1.905,0.0019,-0.0075,0.0061,0.011,-0.5786,-0.9014
1906,1.906,-0.0045,-0.001,-0.0183,0.0091,0.2964,-0.2041
1907,1.907,-0.0002,-0.0088,-0.035,0.0107,0.412,0.2658
1908,1.908,0.0004,-0.0015,-0.0323,0.0091,0.5162,0.1822
1909,1.909,0.0054,0.0049,-0.0298,0.0104,0.6105,0.2605
1910,1.91,0.0037,0.0024,-0.0025,0.0067,0.356,0.3316
1911,1.911,0.0054,-0.0013,0.0084,0.001,0.8979,0.2682
1912,1.912,-0.0013,-0.0033,0.0118,0.0105,1.6718,0.6749
1913,1.913,-0.0004,0.0063,0.0091,0.0067,0.9509,0.9394
1914,1.914,0.0056,0.0077,0.001,0.0099,-0.0817,0.5069
1915,1.915,0.0049,0.0014,0.0184,0.0089,-0.2218,-0.0178
1916,1.916,0.0042,0.0047,0.034,0.0061,-0.3484,-0.2302
1917,1.917,0.0038,-0.0026,0.028,0.0053,-0.463,-0.2951
1918,1.918,0.0055,-0.0017,0.0225,-0.0016,-0.361,-0.3538
1919,1.919,0.005,0.0008,0.0039,-0.0043,-0.6426,-0.3015
1920,1.92,-0.0001,0.0015,-0.0085,-0,-1.7498,-0.3497
1921,1.921,-0.0007,0.008,-0.0377,0.0007,-1.2982,-1.005
1922,1.922,0.001,-0.0049,-0.0098,0.0072,-0.3364,-0.7244
1923,1.923,0.0027,-0.0104,0.0084,0.0013,0.2897,-0.1273
1924,1.924,0.0043,-0.0053,0.0117,-0.0102,0.4049,0.2615
1925,1.925,0.0065,-0.0007,0.0267,-0.0119,0.5092,0.3331
1926,1.926,0.0046,-0.002,0.0131,-0.0013,0.4168,0.2701
1927,1.927,0.0021,-0.0057,0.0108,0.0028,0.3325,0.3287
1928,1.928,-0.0023,0.0022,0.0043,-0.0009,1.3386,0.2763
1929,1.929,-0.0017,0.0032,-0.0262,-0.0019,1.4763,0.805
1930,1.93,0.0013,0.0024,-0.0305,0.0054,0.6027,0.8758
1931,1.931,-0.0022,0.0084,-0.0266,-0.001,-0.1931,0.2994
1932,1.932,-0.009,-0.0016,-0.0085,0.0049,-0.2984,-0.2439
1933,1.933,-0.0017,0.0025,0.0013,0.0042,-0.3935,-0.175
1934,1.934,-0.01,-0.0063,-0.0016,0.0062,-0.4799,-0.3676
1935,1.935,-0.0132,0.0015,0.0011,0.0067,-0.4034,-0.3101
1936,1.936,-0.0161,-0.0016,-0.0061,-0.0021,-0.8959,-0.2576
1937,1.937,-0.0096,-0.0061,-0.0173,-0.0033,-1.7278,-0.5938
1938,1.938,0.0016,-0.0002,-0.0274,-0.011,-0.9346,-0.9873
1939,1.939,0.0001,-0.0055,-0.033,-0.0037,-0.0049,-0.5114
1940,1.94,0.0042,-0.0019,-0.0076,0.0008,0.3716,0.0661
1941,1.941,0.0031,-0.0024,-0.004,-0.0017,0.4864,0.3001
1942,1.942,0.0063,0.0028,-0.0138,-0.001,0.5905,0.2311
1943,1.943,0.0054,-0.0008,-0.0049,0.0011,0.4979,0.296
1944,1.944,0.0062,-0.0013,0.02,0.0006,0.5834,0.2386
1945,1.945,0.0054,0.004,0.0366,0.0058,1.5899,0.3974
1946,1.946,0.0017,0.0046,0.0279,0.0009,1.1793,1.0225
1947,1.947,0.0037,0.0004,0.0199,-0.0022,0.305,0.5973
1948,1.948,0.0065,0.0051,0.0134,0.0049,-0.3187,0.0988
1949,1.949,0.0048,0.0022,0.0011,0.0054,-0.434,-0.1347
1950,1.95,0.0053,-0.0004,-0.0056,-0.0003,-0.538,-0.2061
1951,1.951,0.0068,0.0038,0.0005,-0.0025,-0.4456,-0.2706
1952,1.952,0.0007,-0.0014,0.0284,-0.0004,-0.3614,-0.329
1953,1.953,-0.0018,-0.0008,0.0563,0.0001,-1.3676,-0.2762
1954,1.954,-0.0087,0.0034,0.0528,0.0007,-1.5056,-0.9006
1955,1.955,-0.0023,0.0039,0.0496,-0.0009,-0.6321,-0.8158
1956,1.956,-0.0014,-0.0009,0.0106,-0.0059,0.1638,-0.273
1957,1.957,-0.0067,-0.0079,-0.016,-0.001,0.4749,0.0805
1958,1.958,-0.006,-0.0033,-0.0402,-0.004,0.3827,0.1461
1959,1.959,-0.0117,-0.0092,-0.0623,0,0.4687,0.3213
1960,1.96,-0.008,-0.0208,-0.0662,-0.0025,0.3919,0.3747
1961,1.961,-0.0074,-0.0326,-0.0334,-0.0048,0.8841,0.2311
1962,1.962,-0.0016,-0.0097,-0.0026,-0.0036,1.5879,0.6245
1963,1.963,0.0021,0.0133,-0.0064,-0.0055,0.9321,0.9946
1964,1.964,0.0069,0.0045,0.0045,-0.0051,-0.0071,0.4659
1965,1.965,0.0052,0.0126,0.0078,-0.0096,-0.3837,-0.0279
1966,1.966,0.0105,0.0102,0.0167,-0.0184,-0.4989,-0.2214
1967,1.967,0.0084,0.0035,0.0195,-0.0374,-0.3976,-0.2805
1968,1.968,0.0001,-0.0026,0.0218,-0.0293,-0.4923,-0.3341
1969,1.969,-0.0032,0.0067,0.0062,-0.007,-0.5782,-0.2867
1970,1.97,-0.0002,0.0016,0,-0.01,-1.7397,-0.3306
1971,1.971,-0.0011,0.0031,-0.0205,0.0037,-1.2432,-0.9263
1972,1.972,-0.0002,-0.001,-0.0453,0.016,-0.1859,-0.6713
1973,1.973,-0.0025,-0.02,-0.0422,0.0138,0.228,-0.1283
1974,1.974,-0.0132,-0.0227,-0.0214,0.0076,0.3546,0.2251
1975,1.975,-0.0239,0.0145,-0.0133,0.0095,0.4691,0.2902
1976,1.976,-0.0087,0.0092,-0.0108,0.0043,0.5729,0.349
1977,1.977,-0.0067,0.0045,0.0004,0.0089,0.4798,0.2966
1978,1.978,-0.0124,0.0089,0.0105,0.0129,1.4162,0.249
1979,1.979,-0.0108,0.0128,0.0086,0.0117,1.5413,0.9041
1980,1.98,-0.0063,0.0019,0.0102,0.0106,0.5204,0.8109
1981,1.981,-0.0133,0.0051,0.024,0.0136,-0.1681,0.2141
1982,1.982,-0.0096,0.0139,0.0146,0.0127,-0.2952,-0.1746
1983,1.983,-0.0041,0.0058,-0.0008,0.0101,-0.41,-0.2465
1984,1.984,0.0053,0.0034,0.0093,0.0079,-0.5142,-0.3112
1985,1.985,0.009,-0.0032,0.0036,0.0058,-0.4216,-0.37
1986,1.986,0.0121,0.0029,0.0086,0.0016,-1.0179,-0.2121
1987,1.987,0.0131,0.0048,0.0162,-0.0061,-1.715,-0.6447
1988,1.988,0.0176,-0.0071,0.037,-0.003,-0.8725,-1.0518
1989,1.989,0.0064,-0.0056,0.0341,-0.0076,0.1497,-0.4705
1990,1.99,0.0079,-0.0015,0.015,-0.0034,0.2896,0.0728
1991,1.991,-0.0018,0.0048,-0.0222,0.0003,0.4156,0.2853
1992,1.992,0.007,-0.0008,-0.0488,-0.0018,0.53,0.3502
1993,1.993,0.006,0.0002,-0.0632,-0.0001,0.428,0.2927
1994,1.994,0.0133,0.0029,-0.05,0.0087,0.5218,0.2403
1995,1.995,0.0049,0.0004,-0.0221,0.0124,1.6286,0.3845
1996,1.996,0.0104,-0.0003,0.0034,0.0046,1.1767,1.0399
1997,1.997,0.0074,0.0033,0.0398,-0.0091,0.2147,0.5721
1998,1.998,0.0047,-0.0024,0.0639,-0.011,-0.4114,0.145
1999,1.999,0.0004,-0.0017,0.0507,-0.0026,-0.3003,-0.2435
2000,2,0.0041,-0.0037,0.0307,-0.001,-0.4046,-0.3149
2001,2.001,0.0047,0.0005,0.0052,0.0003,-0.4993,-0.3797
2002,2.002,0.003,0.0034,-0.0046,-0.0009,-0.4147,-0.3222
2003,2.003,-0.0034,-0.0013,-0.0135,0.0023,-1.4211,-0.2697
2004,2.004,-0.0043,-0.0043,-0.0273,-0.005,-1.5592,-0.8945
2005,2.005,-0.0037,0.001,-0.015,-0.0023,-0.4364,-0.8099
2006,2.006,0.0027,-0.0083,0.0005,-0.0014,0.3207,-0.2673
2007,2.007,-0.0032,-0.0071,0.023,-0.0021,0.4604,0.2266
2008,2.008,-0.0026,0.0033,0.0258,0.0043,0.5866,0.2919
2009,2.009,0.0052,-0.0036,0.012,0.0018,0.4746,0.3507
2010,2.01,-0.0001,0.0002,-0.0103,-0.0019,0.3727,0.2986
2011,2.011,0.0008,0.0059,-0.0312,-0.0096,1.0284,0.251
2012,2.012,-0.0018,-0.0056,-0.0559,-0.0043,1.6251,0.6442
2013,2.013,-0.0025,0.0021,-0.0591,0.0042,0.7737,1.0143
2014,2.014,-0.0045,0.0091,-0.0201,0.0033,-0.0216,0.4855
2015,2.015,-0.0014,0.0054,-0.0043,0.0003,-0.3327,-0.0082
2016,2.016,0.0039,0.0022,0.0296,0.005,-0.4277,-0.2017
2017,2.017,0.0018,0.0033,0.0428,0.0042,-0.5139,-0.2607
2018,2.018,-0.0076,-0.0031,0.0389,-0.0027,-0.4373,-0.314
2019,2.019,-0.0172,-0.0022,0.0353,-0.0053,-0.6484,-0.2663
2020,2.02,-0.0135,-0.0015,0.032,0.0007,-1.6078,-0.3973
2021,2.021,-0.0057,-0.0079,0.0049,-0.0014,-1.197,-0.9929
2022,2.022,-0.0004,-0.0087,-0.0206,-0.002,-0.3223,-0.7379
2023,2.023,-0.003,-0.0049,-0.0371,-0.0036,0.2474,-0.04
2024,2.024,0.0099,-0.0029,-0.0459,-0.0041,0.3527,0.2427
2025,2.025,0.0192,-0.0034,-0.0321,-0.0004,0.4478,0.329
2026,2.026,0.0108,0.0008,-0.0048,0.0027,0.5341,0.2524
2027,2.027,0.0033,0.0044,0.006,0.0083,0.4576,0.3231
2028,2.028,0.0074,-0.0007,0.0158,0.0062,1.3725,0.2596
2029,2.029,0.0037,0.0014,0.0306,0.0082,1.498,0.8989
2030,2.03,0.0006,0.0045,0.0442,0.0066,0.4774,0.8142
2031,2.031,-0.0004,0.0028,0.0465,0.0061,-0.2106,0.2715
2032,2.032,-0.003,0.0023,0.0399,-0.0006,-0.3372,-0.2225
2033,2.033,-0.0072,0.0054,0.0093,-0.0052,-0.4517,-0.288
2034,2.034,-0.0078,0.0007,-0.0214,-0.0111,-0.5557,-0.3469
2035,2.035,-0.0013,0.0012,-0.0332,-0.0118,-0.4627,-0.2948
2036,2.036,0.0014,0.0007,-0.0367,-0.0053,-0.8886,-0.2473
2037,2.037,-0.0022,0.0023,-0.0334,-0.0028,-1.7404,-0.6404
2038,2.038,-0.0015,-0.002,-0.0245,0.0024,-0.9472,-1.0105
2039,2.039,-0.0109,-0.0015,0.0003,0.006,0.1884,-0.4818
2040,2.04,-0.0149,0.0001,-0.0095,-0.001,0.342,0.1529
2041,2.041,-0.0161,0.0005,0.0055,-0.0002,0.4809,0.2397
2042,2.042,-0.015,0.0062,-0.0026,-0.0027,0.6068,0.3179
2043,2.043,-0.0055,0.0025,-0.015,-0.0021,0.4946,0.3888
2044,2.044,0.0008,0.0032,-0.0171,0.0043,0.598,0.1973
2045,2.045,-0.0024,0.0049,-0.007,0.0069,1.6283,0.3717
2046,2.046,0.0029,-0.0039,0.0024,0.009,1.2176,0.953
2047,2.047,0.0056,-0.0002,0.0142,0.0026,0.094,0.5664
2048,2.048,0.0185,-0.0012,0.0188,0.0034,-0.3613,0.0728
2049,2.049,0.0173,-0.0061,0.0256,0.0084,-0.4,-0.2178
2050,2.05,0.0043,-0.0051,0.0216,0.0091,-0.5381,-0.283
2051,2.051,0.006,-0.0024,0.0329,0.0083,-0.4144,-0.3419
2052,2.052,0.0167,-0.0033,0.0253,0,-0.3019,-0.2897
2053,2.053,0.0098,-0.0026,0.0045,-0.0078,-1.4348,-0.2419
2054,2.054,0.0035,-0.0006,-0.0163,-0.0068,-1.5864,-0.8971
2055,2.055,0.0045,-0.0023,-0.03,-0.006,-0.6254,-0.804
2056,2.056,0.0098,-0.0006,-0.0373,-0.0069,0.2501,-0.2073
2057,2.057,0.0053,-0.0084,-0.0351,-0.0047,0.3658,0.1813
2058,2.058,0.0061,-0.0256,-0.0372,-0.0141,0.4701,0.253
2059,2.059,0.0024,-0.0232,-0.0168,-0.0129,0.5648,0.3177
2060,2.06,0.0018,0.0015,0.0078,-0.0074,0.31,0.3764
2061,2.061,-0.0052,0.0113,0.0307,-0.0232,1.0067,0.2185
2062,2.062,-0.0079,0.0141,0.0455,-0.0388,1.6626,0.651
2063,2.063,-0.0001,0.0168,0.0262,-0.0246,0.7259,0.9419
2064,2.064,-0.0032,0.0044,0.0089,-0.0154,-0.1492,0.466
2065,2.065,-0.0041,0.011,-0.0067,-0.0002,-0.2651,-0.1112
2066,2.066,-0.0015,0.0089,-0.0006,0.0018,-0.3699,-0.345
2067,2.067,-0.0085,0.0033,0.0163,0.0037,-0.4648,-0.4163
2068,2.068,-0.0093,0.0016,0.0186,0.0087,-0.3807,-0.3532
2069,2.069,-0.0102,0.003,0.0206,0.0132,-0.6133,-0.1795
2070,2.07,-0.0081,-0.0011,0.0187,0.0119,-1.6688,-0.3381
2071,2.071,-0.0159,0.0001,0.0103,0.0181,-1.217,-0.963
2072,2.072,-0.0064,-0.0077,-0.0128,0.0148,-0.2552,-0.708
2073,2.073,-0.0101,-0.0025,-0.0624,0.0075,0.3706,-0.0102
2074,2.074,-0.0112,-0.0034,-0.0554,0.0067,0.4857,0.2723
2075,2.075,-0.0102,-0.0043,0.0029,0.0075,0.5897,0.3586
2076,2.076,-0.0037,0.0009,0.042,0.0081,0.497,0.2821
2077,2.077,-0.0063,0.0029,0.0633,0.0088,0.4126,0.3529
2078,2.078,0.0052,0.0059,0.0698,0.003,1.4188,0.2893
2079,2.079,0.0068,0.0006,0.0288,0.01,1.2826,0.9287
2080,2.08,0.0083,-0.0044,-0.0193,0.0091,0.409,0.844
2081,2.081,0.0042,0.0013,-0.0516,0.0049,-0.1602,0.3013
2082,2.082,-0.0021,0.0097,-0.0574,0.0026,-0.2655,-0.1927
2083,2.083,-0.0078,-0.0028,-0.0626,-0.0009,-0.5479,-0.2582
2084,2.084,-0.0089,-0.0012,-0.0385,0.0033,-0.4639,-0.3172
2085,2.085,-0.0043,-0.0089,-0.0254,0.005,-0.3873,-0.3707
2086,2.086,0.0068,0.0007,-0.0294,-0.0028,-1.0207,-0.227
2087,2.087,0.0113,-0.003,-0.0185,-0.0018,-1.617,-0.6203
2088,2.088,0.0153,-0.0156,-0.0086,0.0035,-0.7655,-0.9903
2089,2.089,0.0165,-0.0376,-0.0234,0.0062,0.03,-0.4614
2090,2.09,0.0108,-0.0289,-0.0152,0.0054,0.3416,0.1734
2091,2.091,-0.0007,0.0012,-0.0127,0.0016,0.4371,0.2603
2092,2.092,0.0007,0.013,-0.006,-0.0033,0.5235,0.3386
2093,2.093,0.002,0.0094,0.0206,-0.0027,0.4472,0.2692
2094,2.094,-0.0017,0.0126,0.0387,0.0026,0.6585,0.2059
2095,2.095,0.0015,0.0097,0.042,-0.001,1.6181,0.3803
2096,2.096,0.0025,0.0069,0.0332,-0.0004,1.2073,0.9616
2097,2.097,0.0052,0.0093,0.0359,-0.0057,0.0837,0.575
2098,2.098,0.0026,0.007,0.0286,-0.005,-0.3717,0.0815
2099,2.099,0.0004,0.005,0.0083,-0.0019,-0.5107,-0.2398
2100,2.1,-0.0073,0.0031,0.0056,-0.0002,-0.3873,-0.299
2101,2.101,-0.0043,0.0047,-0.0066,0.0013,-0.5012,-0.3524
2102,2.102,-0.0016,0.0093,-0.0131,-0.0008,-0.3988,-0.3049
2103,2.103,-0.0059,-0.0033,-0.0111,-0.0005,-1.4285,-0.2614
2104,2.104,-0.0129,0.0018,-0.0017,-0.004,-1.566,-0.8569
2105,2.105,-0.0175,0.0002,0.0101,-0.001,-0.4429,-0.7722
2106,2.106,-0.0064,-0.0011,0.03,-0.0065,0.3144,-0.2295
2107,2.107,0.0042,0.0051,0.0492,-0.0028,0.4544,0.2644
2108,2.108,0.0111,-0.0052,0.0515,0.0037,0.5809,0.2019
2109,2.109,0.0073,-0.0012,0.0359,0.0046,0.4694,0.2608
2110,2.11,0.0082,0,0.0175,0.0025,0.368,0.3142
2111,2.111,0.0029,0.0032,0.0003,0.0032,1.0241,0.1707
2112,2.112,0.0037,0.0063,-0.0108,0.0002,1.621,0.6513
2113,2.113,0.0028,0.0055,-0.0292,-0.005,0.77,0.9715
2114,2.114,0.005,0.0013,-0.0219,-0.0085,-0.025,0.448
2115,2.115,0.0029,0.0065,-0.0422,-0.0079,-0.3359,-0.0458
2116,2.116,-0.0001,-0.0012,-0.0503,-0.0073,-0.4304,-0.2394
2117,2.117,-0.0018,0.004,-0.013,-0.0025,-0.5162,-0.2985
2118,2.118,0.0049,-0.0024,0.0136,-0.0007,-0.4392,-0.352
2119,2.119,0.0022,-0.0119,-0.0008,-0.0011,-0.6499,-0.2084
2120,2.12,0.0014,-0.0031,0.0036,0.0005,-1.6089,-0.427
2121,2.121,-0.0055,-0.002,-0.0004,0.0029,-1.1976,-1.0228
2122,2.122,-0.0027,-0.001,0.0103,-0.0026,-0.0733,-0.5973
2123,2.123,0.0016,0.0017,0.0004,-0.0018,0.3827,-0.0543
2124,2.124,-0.0021,-0.006,-0.0205,0.0031,0.5225,0.1583
2125,2.125,-0.0056,0.0014,-0.0232,0.0002,0.4,0.2234
2126,2.126,0.0039,0.0042,-0.0158,-0.0026,0.5147,0.2821
2127,2.127,0.008,-0,0.018,0.0042,0.4129,0.3353
2128,2.128,0.0092,0.0052,0.0424,0.0016,1.4435,0.2873
2129,2.129,0.0015,0.0073,0.0293,0.0008,1.3079,0.9424
2130,2.13,0.0046,-0.0021,-0.0067,0.003,0.4347,0.8491
2131,2.131,0.002,0.002,-0.0115,-0.0005,-0.1339,0.252
2132,2.132,-0.0005,0.0057,0.0104,-0.0099,-0.4443,-0.1369
2133,2.133,-0.0057,0.0002,0.0143,-0.0086,-0.5388,-0.209
2134,2.134,-0.0036,-0.005,-0.0111,0.0003,-0.4545,-0.2742
2135,2.135,-0.0052,0.0014,-0.0606,0.0035,-0.3773,-0.3333
2136,2.136,-0.0046,-0.0028,-0.082,0.0088,-1.0102,-0.2813
2137,2.137,-0.0041,-0.008,-0.0628,0.0043,-1.6062,-0.7142
2138,2.138,0.0029,-0.0031,-0.0455,0.0035,-0.7541,-1.0053
2139,2.139,0.0082,0.0052,-0.0297,0.0057,0.042,-0.4242
2140,2.14,0.0074,-0.0003,0.0041,0.0051,0.3539,0.1189
2141,2.141,0.0032,-0.0098,0.035,-0.0018,0.4497,0.1905
2142,2.142,-0.0067,-0.0009,0.0233,-0.0045,0.5365,0.2551
2143,2.143,-0.008,-0.0041,0.0271,-0.0036,0.4605,0.3135
2144,2.144,-0.0091,-0.001,0.0305,0.0064,0.6721,0.2609
2145,2.145,-0.0058,0.0017,0.0456,0.0051,1.6321,0.4048
2146,2.146,-0.0047,0.0077,0.0485,0.0063,1.2216,0.9726
2147,2.147,-0.0092,-0.0022,0.0363,0.014,0.0983,0.5855
2148,2.148,-0.0049,-0.0036,0.0117,0.0067,-0.3569,0.0917
2149,2.149,-0.0011,0.0052,-0.0378,0.0059,-0.4956,-0.2301
2150,2.15,0.0065,-0.0008,-0.0347,0.0059,-0.4647,-0.2714
2151,2.151,0.0073,-0.0018,0.0009,0.005,-0.5896,-0.3305
2152,2.152,0.0142,0.0097,0.0074,0.0013,-0.4769,-0.2786
2153,2.153,0.0134,-0.0042,0.0016,-0.0037,-1.4037,-0.2311
2154,2.154,0.0143,-0.0023,0.0069,-0.0006,-1.5288,-0.8867
2155,2.155,0.0121,-0.0006,0.0116,-0.0059,-0.5077,-0.7939
2156,2.156,0.0101,-0.0022,0.0248,-0.0109,0.1812,-0.1974
2157,2.157,0.0106,-0.0035,0.0129,-0.0167,0.3085,0.1912
2158,2.158,0.0066,-0.0023,-0.0125,-0.013,0.4233,0.2626
2159,2.159,-0.0011,-0.0033,0.0038,-0.0053,0.5275,0.1991
2160,2.16,0.0021,-0.0043,0.0308,-0.0001,0.4346,0.2573
2161,2.161,-0.0009,0.006,0.0199,0.0007,1.0308,0.2048
2162,2.162,-0.0036,0.0073,-0.0099,-0.0053,1.5732,0.733
2163,2.163,-0.0095,-0.004,0.0018,0.0031,0.7993,0.9439
2164,2.164,-0.0102,0.0006,-0.0163,0.004,-0.1303,0.4957
2165,2.165,-0.0137,0.0046,-0.0462,0.0009,-0.2574,-0.1455
2166,2.166,-0.0054,0.0009,-0.0103,0,-0.3724,-0.2324
2167,2.167,-0.011,0.0019,0.0332,-0.0129,-0.4765,-0.3109
2168,2.168,-0.0226,-0.0012,0.0506,-0.0371,-0.3839,-0.2416
2169,2.169,-0.0302,0.0015,0.0558,-0.0208,-0.6397,-0.1782
2170,2.17,-0.0177,-0.0045,0.0315,-0,-1.6461,-0.4691
2171,2.171,-0.0093,-0.0114,0.0181,0.0026,-1.2354,-1.0506
2172,2.172,0.0013,-0.0255,-0.002,0.0049,-0.1118,-0.664
2173,2.173,0.0026,-0.0397,-0.0567,0.0026,0.3436,-0.0295
2174,2.174,0.0063,-0.0156,-0.0958,0.0005,0.4826,0.2274
2175,2.175,0.003,0.0142,-0.0745,0.0023,0.6083,0.3059
2176,2.176,0.002,0.0103,-0.0422,0.0006,0.4957,0.3767
2177,2.177,0.0028,0.0138,-0.0248,0.0081,0.393,0.3134
2178,2.178,0.0105,0.0106,0.0018,0.004,1.4228,0.2558
2179,2.179,0.0074,0.0077,0.0162,0.0051,1.2863,0.9427
2180,2.18,0.0028,0.0049,0.0206,0.0128,0.4123,0.8497
2181,2.181,-0.0032,0.0025,0.0088,0.0097,-0.1571,0.2529
2182,2.182,-0.001,0.0137,-0.002,0.0032,-0.2626,-0.1358
2183,2.183,-0.0089,0.0035,0.0145,0.0039,-0.5454,-0.2074
2184,2.184,0.0026,0.0016,0.0594,-0.0062,-0.4617,-0.2722
2185,2.185,0.0164,0.01,0.0787,-0.0215,-0.3853,-0.3308
2186,2.186,0.0107,0.0024,0.0728,-0.0236,-1.0189,-0.2785
2187,2.187,0.0022,0.001,0.0461,-0.0106,-1.6157,-0.7109
2188,2.188,0.0006,-0.0053,0.0024,-0.0022,-0.7644,-1.0018
2189,2.189,0.0019,0.0024,-0.0622,-0.0007,0.0309,-0.4203
2190,2.19,-0.0044,0.0034,-0.1053,0.0033,0.342,0.1235
2191,2.191,-0.0055,0.0007,-0.1129,0.0044,0.437,0.1956
2192,2.192,-0.015,0.0066,-0.0914,0.0012,0.523,0.2608
2193,2.193,-0.0188,0.0014,-0.0462,0.0042,0.4463,0.3197
2194,2.194,-0.0133,-0.0022,-0.0287,0.0068,0.6572,0.2676
2195,2.195,-0.0123,-0.0005,-0.0128,0.0093,1.6164,0.4123
2196,2.196,-0.0002,0.0047,0.0113,0.0115,1.2053,0.9807
2197,2.197,0.0048,-0.0018,-0.0019,0.0094,0.0812,0.5943
2198,2.198,0.0062,0.0025,0.01,0.0124,-0.3747,0.1009
2199,2.199,0.0075,-0.0013,0.0136,0.0095,-0.5141,-0.2203
2200,2.2,0.0112,-0.002,0.0169,0.0079,-0.3912,-0.2791
2201,2.201,0.0102,-0.0003,0.0198,0.0067,-0.5055,-0.3323
2202,2.202,0.0111,-0.0032,0.0279,0.0028,-0.4038,-0.2844
2203,2.203,0.0065,-0.0047,0.0256,0.0095,-1.4342,-0.2407
2204,2.204,0.0056,0.0014,0.046,0.0104,-1.5723,-0.8359
2205,2.205,0.0034,-0.0064,0.0707,0.0095,-0.4496,-0.9211
2206,2.206,0.0068,-0.0054,0.0607,-0.0005,0.307,-0.2232
2207,2.207,-0.0015,-0.0063,0.0518,0.0035,0.4462,0.2472
2208,2.208,-0.0006,-0.0004,0.0271,0.0023,0.5719,0.334
2209,2.209,0.0004,-0.0026,-0.0028,0.0079,0.4597,0.258
2210,2.21,0.0012,-0.0062,-0.0147,0.0049,0.3575,0.3293
2211,2.211,-0.003,0.0008,-0.0254,-0.0015,1.013,0.2661
2212,2.212,-0.0024,0.0016,-0.0156,-0.0093,1.6094,0.6735
2213,2.213,0.0012,-0.0009,-0.0006,-0.0082,0.7577,0.9387
2214,2.214,0.0069,-0.0016,0.0351,-0.009,-0.0381,0.4105
2215,2.215,0.0106,-0.0009,0.0302,-0.0081,-0.3496,-0.0827
2216,2.216,0.0126,0.0048,0.0081,-0.0028,-0.4447,-0.2757
2217,2.217,0.0069,0.0055,0.0041,0.0009,-0.5312,-0.3341
2218,2.218,0.0016,0.0048,0.0222,-0.0048,-0.4549,-0.2817
2219,2.219,0.001,0.0006,0.0386,-0.0041,-0.6662,-0.2337
2220,2.22,0.0005,0.0012,0.0238,0.0053,-1.626,-0.4518
2221,2.221,-0.0024,0.0028,-0.0118,-0.0035,-1.2154,-1.0472
2222,2.222,-0.0019,0.0006,-0.0359,-0.0066,-0.0917,-0.6213
2223,2.223,-0.0021,0.0035,-0.0667,-0.0055,0.3637,-0.0777
2224,2.224,-0.0085,-0.0022,-0.0549,-0.0008,0.5025,0.2761
2225,2.225,-0.0021,0.0003,-0.0221,0.0035,0.628,0.2138
2226,2.226,-0.0012,-0.0003,-0.0265,-0.0016,0.5158,0.2732
2227,2.227,-0.0004,0.0018,-0.0145,0.0034,0.4134,0.3269
2228,2.228,-0.004,0.0061,-0.0036,0.0029,1.4431,0.2795
2229,2.229,-0.0056,-0.0003,-0.0464,0.0059,1.3065,0.935
2230,2.23,-0.0027,-0.0028,-0.052,0.0012,0.4326,0.8422
2231,2.231,-0.0032,0.0009,-0.0039,0.0018,-0.1368,0.2457
2232,2.232,0.0038,0.003,0.0155,0.0001,-0.4482,-0.1428
2233,2.233,0.0008,-0.0028,0.033,0.0027,-0.5433,-0.2143
2234,2.234,0.0017,-0.0006,0.0383,0.0024,-0.4598,-0.279
2235,2.235,-0.0025,0.0001,0.0432,-0.0023,-0.3832,-0.3376
2236,2.236,0.0014,-0.0015,0.03,-0.0105,-1.0168,-0.1797
2237,2.237,-0.0035,-0.001,-0.03,-0.0049,-1.6134,-0.7082
2238,2.238,-0.0003,-0.0026,-0.0386,-0.0121,-0.762,-1.0602
2239,2.239,0.0014,-0.0068,-0.062,-0.0057,0.0335,-0.4843
2240,2.24,0.004,-0.0063,-0.0408,0.0003,0.3446,0.059
2241,2.241,-0.0028,0.0005,-0.0086,0.0056,0.4398,0.2715
2242,2.242,-0.0017,-0.0003,0.0322,0.0036,0.5258,0.3365
2243,2.243,-0.0044,0.0056,0.0587,-0.0006,0.4491,0.2791
2244,2.244,0.0069,0.0063,0.0634,0.0047,0.6599,0.2266
2245,2.245,0.0054,0.0043,0.006,0.0012,1.6191,0.467
2246,2.246,-0.0014,0.0001,-0.033,-0.0057,1.2081,1.0351
2247,2.247,-0.0076,0.0041,-0.04,-0.0011,0.0841,0.6482
2248,2.248,-0.0043,-0.0037,-0.0335,0.0031,-0.3717,0.0135
2249,2.249,-0.0012,0.0019,-0.0276,0.0009,-0.511,-0.2438
2250,2.25,0.0074,-0.0011,-0.0116,-0.0026,-0.3881,-0.3225
2251,2.251,0.0091,0.0043,-0.0165,-0.0025,-0.4914,-0.3048
2252,2.252,0.0082,0.0016,0.0078,0.0006,-0.3792,-0.2353
2253,2.253,0.0177,0.0041,0.0476,0.0034,-1.5124,-0.2999
2254,2.254,0.0089,0.0004,0.0849,-0.0001,-1.3627,-0.9395
2255,2.255,0.0034,-0.0003,0.0706,0.0029,-0.402,-0.8552
2256,2.256,0.0024,0.0028,0.0487,0.0032,0.2236,-0.1581
2257,2.257,-0.0079,-0.0001,0.0208,0.0013,0.339,0.1243
2258,2.258,-0.0148,-0.0006,-0.0121,0.0016,0.4429,0.2107
2259,2.259,-0.0185,-0.0048,-0.0519,-0.0036,0.5372,0.2887
2260,2.26,-0.0175,-0.0008,-0.0573,-0.0056,0.282,0.2188
2261,2.261,-0.0102,0.004,-0.0527,-0.0052,0.9784,0.155
2262,2.262,-0.0017,0.0035,0.0045,-0.0024,1.6339,0.5615
2263,2.263,-0.0027,-0.0006,0.0591,-0.0102,0.6968,0.9313
2264,2.264,-0.0058,-0.0011,0.0662,-0.0273,-0.1787,0.402
2265,2.265,0.0007,-0.008,0.047,-0.0347,-0.295,-0.0921
2266,2.266,-0.0052,-0.0049,0.0177,-0.0054,-0.4002,-0.158
2267,2.267,0,-0.0095,-0.0196,0.0064,-0.4955,-0.2175
2268,2.268,0.0007,-0.0223,-0.0633,0.0099,-0.4118,-0.2712
2269,2.269,0.0024,-0.0354,-0.0692,0.0066,-0.6449,-0.2239
2270,2.27,0.0064,-0.01,-0.0428,0.0037,-1.7007,-0.4428
2271,2.271,0.0049,0.0008,-0.0287,0.001,-1.2493,-1.0389
2272,2.272,0.007,0.0041,-0.0069,-0.0015,-0.0138,-0.6137
2273,2.273,0.0058,0.0069,-0.0033,-0.0037,0.4863,-0.0708
2274,2.274,0.0001,0.0096,-0.0216,-0.0017,0.337,0.1415
2275,2.275,0.0042,0.012,-0.0382,0.0038,0.4748,0.3343
2276,2.276,0.0094,0.0098,-0.0354,0.0055,0.5996,0.3928
2277,2.277,0.0045,0.0037,-0.0053,0.013,0.4866,0.3402
2278,2.278,0.0014,0.0019,0.0147,0.0144,1.413,0.2924
2279,2.279,0.0077,0.0069,0.0113,0.0232,1.2887,0.9474
2280,2.28,-0.0001,-0.0007,0.0146,0.0175,0.4936,0.8541
2281,2.281,-0.0054,0.0089,0.0119,0.0018,-0.2304,0.2571
2282,2.282,-0.0063,0.0101,0.0201,-0.0004,-0.3269,-0.1319
2283,2.283,-0.0056,0.0069,0.0225,0.0016,-0.5841,-0.2038
2284,2.284,-0.0109,0.0039,0.0291,-0.004,-0.5083,-0.2689
2285,2.285,-0.0174,0.0011,0.023,-0.0024,-0.4391,-0.3279
2286,2.286,-0.0132,0.0037,0.0137,-0.0009,-1.0154,-0.1703
2287,2.287,-0.0048,-0.0016,0.0187,-0.0023,-1.7129,-0.6991
2288,2.288,-0.0059,-0.0022,0.0355,0.0015,-0.683,-0.9106
2289,2.289,-0.009,-0.0006,0.0376,0.0004,0.0049,-0.4628
2290,2.29,-0.0099,-0.0046,0.0274,-0.0026,0.3809,0.0618
2291,2.291,-0.0074,-0.0072,0.0217,0.0001,0.4956,0.2741
2292,2.292,-0.0038,-0.0002,0.0233,-0.0024,0.5994,0.3389
2293,2.293,-0.0018,0.0028,0.0003,-0.0003,0.5065,0.2815
2294,2.294,-0.0014,-0.0036,-0.0161,0.0018,0.5918,0.2291
2295,2.295,0.0015,0.0059,-0.031,0.0013,1.5981,0.4694
2296,2.296,0.003,0.0022,-0.0448,0.0041,1.1871,1.0375
2297,2.297,0.0051,-0.001,-0.0472,-0.0006,0.0632,0.6508
2298,2.298,0.0115,-0,-0.0538,-0.0023,-0.3919,0.0163
2299,2.299,0.0106,0.0064,-0.0395,-0.0051,-0.5309,-0.2408
2300,2.3,0.0114,0.0089,-0.0264,-0.0025,-0.4078,-0.3194
2301,2.301,0.0061,0.002,-0.011,0.0017,-0.5219,-0.2501
2302,2.302,0.0109,-0.0026,0.0033,0.0046,-0.4195,-0.3145
2303,2.303,0.0078,-0.0085,0.0052,0.0082,-1.4496,-0.2567
2304,2.304,0.0095,-0.0033,0.007,0.007,-1.3134,-0.9437
2305,2.305,0.0037,-0.004,0.0147,0.0042,-0.4396,-0.8506
2306,2.306,0.0014,-0.0082,0.0272,0.0078,0.3563,-0.2538
2307,2.307,-0.0022,0.0006,0.0391,0.0009,0.4616,0.135
2308,2.308,0.0035,-0.0057,0.0345,-0.0043,0.5569,0.2066
2309,2.309,0.0027,-0.0025,0.0248,-0.0035,0.473,0.2715
2310,2.31,-0.0009,0.0006,0.0058,-0.0077,0.3965,0.3302
2311,2.311,-0.0092,0.0014,-0.0354,-0.0054,1.03,0.1722
2312,2.312,-0.0103,-0.0011,-0.0529,-0.0018,1.6267,0.7008
2313,2.313,-0.0051,-0.0048,-0.0369,0.0012,0.7754,0.9121
2314,2.314,-0.0024,0.0058,-0.0127,-0.0052,-0.0201,0.4641
2315,2.315,-0.0016,0.0043,0.0093,-0.006,-0.3313,-0.0606
2316,2.316,-0.0068,0.0002,0.0292,-0.0038,-0.4263,-0.2728
2317,2.317,0.001,0.0014,0.0472,-0.0017,-0.5122,-0.3375
2318,2.318,0.0105,-0.0018,0.0834,-0.0012,-0.4355,-0.28
2319,2.319,0.0043,-0.0028,0.0786,0.0018,-0.6464,-0.2275
2320,2.32,0.0034,-0.0055,0.0565,0.0076,-1.6056,-0.4677
2321,2.321,-0.0018,0.0057,0.0286,0.0098,-1.1946,-1.0359
2322,2.322,-0.0009,0.0012,0.0251,0.005,-0.0706,-0.6491
2323,2.323,-0,-0.0028,-0.0113,-0.0032,0.3853,-0.0143
2324,2.324,0.0085,0.001,-0.0451,-0.0021,0.5248,0.2428
2325,2.325,0.0053,-0.0046,-0.0759,-0.005,0.4017,0.3214
2326,2.326,0.0106,-0.0015,-0.0878,-0.0113,0.516,0.2522
2327,2.327,0.0152,0.0031,-0.1058,-0.0053,0.4142,0.3169
2328,2.328,0.0093,0.0005,-0.1025,-0.0029,1.4446,0.2593
2329,2.329,0.0086,0.0027,-0.0816,0.0008,1.3086,0.9463
2330,2.33,0.0038,-0.0022,-0.0404,-0.0021,0.4351,0.8532
2331,2.331,-0.0004,-0.0017,0.0361,0.0032,-0.3603,0.2564
2332,2.332,-0.0033,0.0059,0.0672,0.0068,-0.4653,-0.1321
2333,2.333,0.0015,0.0029,0.0578,0.0039,-0.5598,-0.2036
2334,2.334,-0.0042,0.0002,0.0319,-0.0013,-0.4758,-0.2683
2335,2.335,-0.0079,0.0027,0.0397,-0.002,-0.3989,-0.3269
2336,2.336,-0.0014,-0.0026,0.061,-0.0024,-1.032,-0.2745
2337,2.337,-0.0005,-0.0006,0.0416,-0.0064,-1.6282,-0.707
2338,2.338,-0.0026,-0.0001,0.0124,0.0014,-0.7764,-0.9979
2339,2.339,0.0024,-0.0018,-0.0035,0.007,0.0196,-0.4164
2340,2.34,-0.0017,-0.0013,0.0402,0.008,0.3313,0.1271
2341,2.341,-0.0057,0.0008,0.0228,0.0089,0.4266,0.1989
2342,2.342,-0.0134,-0.0056,0.0069,0.0081,0.513,0.264
2343,2.343,-0.0123,0.0028,0.0024,0.0028,0.4367,0.323
2344,2.344,-0.0152,0.0018,-0.0019,-0.0021,0.6482,0.2709
2345,2.345,-0.0066,0.0028,-0.0379,-0.0063,1.6076,0.4154
2346,2.346,-0.001,0.0019,-0.0523,-0.008,0.9224,0.9836
2347,2.347,0.0022,0.0044,-0.0655,-0.0033,0.0481,0.597
2348,2.348,0.0087,-0.0026,-0.0694,-0.0016,-0.2945,0.1035
2349,2.349,0.0063,0.0059,-0.044,-0.0011,-0.3996,-0.218
2350,2.35,0.0042,0.0002,-0.0276,0.0004,-0.4945,-0.2772
2351,2.351,0.0078,0.0012,0.0053,0.0016,-0.4102,-0.3308
2352,2.352,0.01,-0.002,0.0134,0.0012,-0.4244,-0.2909
2353,2.353,0.0018,-0.0029,0.0177,0.0032,-1.4306,-0.2431
2354,2.354,0.0051,0.003,0.0216,0.0022,-1.2944,-0.8985
2355,2.355,0.0082,-0.0008,0.0181,0.006,-0.4207,-0.8054
2356,2.356,0.0055,0.0056,0.0215,0.0012,0.1485,-0.2085
2357,2.357,0.0047,-0.0039,0.0128,-0.0005,0.4595,0.1802
2358,2.358,0.0025,-0.0027,0.0102,-0.0011,0.5544,0.2517
2359,2.359,0.0004,0.0005,0.0127,-0.0007,0.4703,0.3166
2360,2.36,0.001,-0.0068,0.0106,-0.003,0.3934,0.3753
2361,2.361,0.0005,-0.006,0.0044,0.0034,1.0263,0.2174
2362,2.362,0.004,0.0018,0.0211,0.0079,1.6226,0.7461
2363,2.363,-0.0029,-0.0013,0.0412,0.0103,0.7708,0.9575
2364,2.364,-0.0187,0.0032,0.0438,0.0065,-0.025,0.3816
2365,2.365,-0.0298,-0.001,0.0365,0.0085,-0.3366,-0.1616
2366,2.366,-0.0278,0.0059,0.0162,0.0042,-0.4319,-0.2333
2367,2.367,-0.026,-0.0026,-0.0085,0.0013,-0.5184,-0.2983
2368,2.368,-0.0074,-0.0197,-0.0247,-0.0003,-0.4422,-0.3569
2369,2.369,-0.005,-0.042,-0.0217,-0.0047,-0.6536,-0.1989
2370,2.37,-0.0029,-0.0213,-0.0079,-0.0135,-1.6133,-0.4393
2371,2.371,-0.0009,0.0034,-0.0055,-0.0326,-1.2026,-1.0948
2372,2.372,0.0084,0.0066,0.0101,-0.0517,-0.0789,-0.6269
2373,2.373,0.0032,0.0095,0.0081,-0.0346,0.3762,-0.0296
2374,2.374,0.0078,0.0122,-0.0124,-0.0144,0.5152,0.2044
2375,2.375,0.0147,0.0098,-0.0262,-0.0117,0.3918,0.2758
2376,2.376,0.0134,0.0076,-0.0387,-0.0342,0.5055,0.3405
2377,2.377,0.0078,0.0096,-0.0277,-0.0255,0.4031,0.2828
2378,2.378,0.0047,0.0077,-0.0053,-0.0064,1.433,0.3359
2379,2.379,0.0055,0.0094,0.0094,0.0008,1.2966,0.9605
2380,2.38,0.0063,0.0049,0.0012,0.0073,0.4226,0.7056
2381,2.381,0.0041,0.0035,0.0135,0.0133,-0.3733,0.1628
2382,2.382,0.0033,0.0097,0.0339,0.0151,-0.273,-0.1907
2383,2.383,-0.0037,0.0065,0.0313,0.0234,-0.5554,-0.2563
2384,2.384,0.0008,0.0013,0.009,0.0188,-0.4716,-0.3152
2385,2.385,-0.007,0.004,0.0063,0.0174,-0.395,-0.2633
2386,2.386,-0.0144,-0.0038,-0.0184,0.0136,-1.0283,-0.216
2387,2.387,-0.0208,0.0015,-0.0347,0.0167,-1.6249,-0.6968
2388,2.388,-0.02,-0.0013,-0.0259,0.0114,-0.773,-1.0171
2389,2.389,-0.0086,-0.0038,-0.0122,0.0086,0.2495,-0.3776
2390,2.39,-0.0036,0.0015,-0.0496,0.0128,0.3894,0.0496
2391,2.391,-0.0052,0.0035,-0.0977,0.015,0.5157,0.1285
2392,2.392,-0.0012,-0.0023,-0.0655,0.0085,0.4038,0.1994
2393,2.393,-0.0001,-0.006,-0.0247,0.0042,0.5075,0.2639
2394,2.394,0.003,0.0004,0.0233,0.0035,0.789,0.3223
2395,2.395,0.0019,0.003,0.0167,0.0099,1.5558,0.4807
2396,2.396,0.0064,0.0052,0.0223,0.0039,1.0415,1.0092
2397,2.397,0.0038,-0.0041,0.0275,0.0001,0.1966,0.6575
2398,2.398,0.0044,-0.0004,0.0613,0.0021,-0.3724,0.0804
2399,2.399,0.0064,0.0028,0.0746,0.0004,-0.4768,-0.1535
2400,2.4,0.0094,-0.0044,0.0548,0.0033,-0.5712,-0.2251
2401,2.401,0.0077,0.002,0.0441,0.0008,-0.4866,-0.29
2402,2.402,0.0091,-0.0058,0.0143,0.0038,-0.4096,-0.2327
2403,2.403,0.003,-0.0005,-0.0137,0.0018,-1.4643,-0.286
2404,2.404,0.0055,-0.0032,-0.0466,0.0043,-1.314,-0.9108
2405,2.405,0.0062,-0.0041,-0.0599,0.002,-0.3523,-0.8263
2406,2.406,0.0111,-0.0018,-0.0481,0.0023,0.2741,-0.1289
2407,2.407,0.0081,0.0002,-0.0301,0.0042,0.39,0.1535
2408,2.408,0.0063,0.0007,0.0062,0.0025,0.4948,0.2399
2409,2.409,-0.0015,-0.0057,0.0498,0.0003,0.59,0.3178
2410,2.41,0.0018,-0.0014,0.0672,0.0017,0.3357,0.2481
2411,2.411,0.0007,-0.0021,0.0619,-0.0017,1.0327,0.1844
2412,2.412,-0.0001,0.0028,0.0475,-0.0086,1.5019,0.7074
2413,2.413,0.0041,-0.0029,0.0167,-0.0076,0.7357,0.9185
2414,2.414,0.0078,0.0056,-0.0032,-0.0121,-0.1936,0.3424
2415,2.415,0,0.0046,-0.0433,-0.0112,-0.3204,-0.0463
2416,2.416,0.0031,0.0016,-0.0805,-0.0042,-0.435,-0.2588
2417,2.417,-0.0054,-0.0011,-0.0661,0.0022,-0.5387,-0.3238
2418,2.418,0.0024,-0.0002,-0.0264,0.0031,-0.4457,-0.2666
2419,2.419,0.0077,-0.0009,-0.0105,-0.002,-0.7011,-0.2145
2420,2.42,0.0069,-0.0045,-0.0249,-0.0068,-1.7071,-0.4549
2421,2.421,-0.0008,-0.0002,-0.0294,-0.001,-1.0217,-1.0232
2422,2.422,-0.0018,0.0004,-0.0015,-0.0031,-0.147,-0.6365
2423,2.423,-0.0044,-0.0042,0.0093,0.0005,0.4224,-0.0021
2424,2.424,-0.0035,-0.001,0.0257,-0.0011,0.5275,0.255
2425,2.425,-0.0072,-0.0074,0.0647,0.0031,0.4357,0.3333
2426,2.426,-0.0092,0.0022,0.0594,-0.0015,0.5219,0.2637
2427,2.427,-0.0074,0.0035,0.0352,-0.002,0.4455,0.3281
2428,2.428,-0.0126,-0.002,0.0308,0.0046,1.501,0.2703
2429,2.429,-0.0048,0.0033,0.0346,0.0038,1.3512,0.9573
2430,2.43,0.0005,0.0006,0.0238,0.0002,0.3901,0.864
2431,2.431,-0.0041,0.0065,-0.0193,0.0024,-0.2356,0.2669
2432,2.432,-0.0083,-0.0019,-0.0487,-0.0033,-0.3511,-0.2766
2433,2.433,-0.003,-0.0051,-0.0541,-0.0069,-0.4552,-0.2078
2434,2.434,-0.0036,0.0001,-0.0398,0.0009,-0.5498,-0.2727
2435,2.435,-0.0066,-0.0007,-0.0267,0.004,-0.2951,-0.3314
2436,2.436,-0.0025,0.0052,-0.0067,0.0014,-1.1465,-0.279
2437,2.437,0.0053,-0.0017,0.0188,-0.0011,-1.7133,-0.7115
2438,2.438,0.0132,-0.0009,0.0353,-0.0048,-0.7858,-1.0024
2439,2.439,0.0185,0.0069,0.0383,0.0002,0.0893,-0.4209
2440,2.44,0.0101,-0.0004,0.0195,-0.004,0.4318,0.1227
2441,2.441,0.0045,0.0023,0.0173,-0.0023,0.5363,0.1945
2442,2.442,0.0016,0.0032,0.0195,-0.0048,0.444,0.2591
2443,2.443,0.0062,-0.0005,0.0216,0.0022,0.3597,0.3177
2444,2.444,0.0105,0.003,-0.0062,0.0052,0.747,0.2655
2445,2.445,0.0142,0.0072,-0.05,0.0044,1.6618,0.5061
2446,2.446,0.005,-0.0004,-0.0792,-0.0015,1.039,0.9869
2447,2.447,0.0013,0.0026,-0.0843,-0.0052,0.0171,0.5394
2448,2.448,0.0003,-0.0001,-0.0889,-0.0117,-0.3969,0.0148
2449,2.449,-0.0111,0.0041,-0.0402,-0.0075,-0.5237,-0.1976
2450,2.45,-0.0126,0.0048,0.0571,0.0025,-0.4119,-0.2626
2451,2.451,-0.0113,-0.0001,0.0988,-0.0045,-0.5158,-0.3212
2452,2.452,-0.0125,0.0081,0.0612,0.0018,-0.4228,-0.2691
2453,2.453,-0.018,-0.0063,0.0564,0.0022,-1.5227,-0.2925
2454,2.454,-0.017,-0.0053,0.0679,0.0054,-1.4385,-1.0132
2455,2.455,-0.0055,-0.0043,0.0367,0.0084,-0.4312,-0.705
2456,2.456,-0.001,-0.0128,-0.0108,0.0075,0.2573,-0.2358
2457,2.457,-0.0023,-0.0025,-0.0194,0.0016,0.384,0.1919
2458,2.458,-0.0035,0.0045,-0.0116,0.0052,0.4983,0.2707
2459,2.459,-0.0003,-0.0018,-0.0187,0.0016,0.6018,0.3418
2460,2.46,-0.0014,0.0037,-0.0252,0.0032,0.3216,0.2785
2461,2.461,0.005,0.0047,-0.0546,0.0003,1.0876,0.2208
2462,2.462,0.0042,-0.0056,-0.0388,-0.0023,1.6027,0.6965
2463,2.463,-0.0011,-0.0016,0.0047,0.0027,0.7593,0.8889
2464,2.464,0.0009,0.0047,-0.0128,-0.0022,-0.0365,0.3655
2465,2.465,0.0025,-0.0102,-0.0394,-0.0065,-0.3481,-0.1282
2466,2.466,-0.0063,-0.0001,-0.0345,-0.0154,-0.4435,-0.1935
2467,2.467,-0.0075,0.0017,-0.0037,-0.0343,-0.5301,-0.2523
2468,2.468,0.0002,0.0034,0.0083,-0.0263,-0.4538,-0.3058
2469,2.469,0.0054,-0.0106,0.0193,-0.009,-0.6653,-0.258
2470,2.47,0.0045,-0.0385,0.0227,-0.0113,-1.6252,-0.4765
2471,2.471,0.0053,-0.0424,0.0258,-0.0052,-0.9403,-0.9927
2472,2.472,0.0015,-0.0097,0.0178,-0.0108,-0.0659,-0.6412
2473,2.473,-0.0021,0.0123,0.0107,0.0043,0.2764,0.064
2474,2.474,0.0048,-0.0156,0.0086,0.0104,0.3811,0.3468
2475,2.475,0.0075,-0.0265,0.0067,0.0123,0.4756,0.263
2476,2.476,0.0032,-0.0035,0.005,0.0139,0.3913,0.3414
2477,2.477,0.0039,0.0113,0.0169,0.0124,0.469,0.272
2478,2.478,0.0088,0.014,0.04,0.011,1.5238,0.3365
2479,2.479,0.0058,0.0213,0.0698,0.0122,1.3736,0.9762
2480,2.48,-0.0007,0.0147,0.0898,0.0112,0.412,0.7216
2481,2.481,0.0018,0.0166,0.0715,0.0164,-0.2142,0.179
2482,2.482,-0.0004,0.0445,0.0218,0.0172,-0.33,-0.1739
2483,2.483,-0.0082,0.0085,-0.0282,0.0129,-0.4346,-0.239
2484,2.484,-0.0135,0.0132,-0.0867,0.0122,-0.5296,-0.2976
2485,2.485,-0.0181,-0,-0.1258,0.0101,-0.4455,-0.3507
2486,2.486,-0.0138,-0.004,-0.0902,0.0006,-1.1424,-0.2066
2487,2.487,-0.0054,-0.0004,-0.0709,-0.0146,-1.6117,-0.7744
2488,2.488,0.0024,0.0028,-0.1118,-0.0207,-0.6751,-1.0067
2489,2.489,-0.0007,0.0056,-0.0637,-0.004,0.1999,-0.3728
2490,2.49,0.0002,0.0029,0.0075,-0.0106,0.3157,0.2252
2491,2.491,0.0027,-0.0044,0.0359,-0.0045,0.4202,0.3045
2492,2.492,0.0034,0.0022,0.0445,-0.0063,0.5148,0.2355
2493,2.493,0.0098,-0.0039,0.0213,0.0055,0.4302,0.3004
2494,2.494,0.0089,0.0054,0.0143,-0.0021,0.6626,0.2432
2495,2.495,0.0082,0.0003,0.0207,0.002,1.5774,0.5078
2496,2.496,0.0046,-0.0012,0.0149,-0.0018,0.9546,1.037
2497,2.497,0.0029,0.0001,0.0096,0.0015,0.1592,0.5452
2498,2.498,0.0081,-0.0011,-0.0048,0.0025,-0.3586,-0.0316
2499,2.499,0.0116,-0.0001,0.0083,0.0071,-0.4541,-0.265
2500,2.5,0.0033,0.0009,-0.0116,0.0045,-0.5405,-0.1955
2501,2.501,0.0023,-0.0018,0.0066,0.0023,-0.4638,-0.2598
2502,2.502,0.0095,0.0007,0.0563,0.0044,-0.3943,-0.3181
2503,2.503,0.003,0.003,0.0493,0.0027,-1.3535,-0.2653
2504,2.504,0.0039,-0.0063,0.03,0.0068,-1.4913,-0.9857
2505,2.505,0.0001,-0.0052,0.0126,0.0043,-0.368,-0.8831
2506,2.506,-0.0048,-0.0084,0.0284,0.0065,0.389,-0.2262
2507,2.507,-0.0105,-0.0031,0.0427,0.0036,0.5285,0.2016
2508,2.508,-0.0053,-0.004,0.0823,-0.0006,0.4053,0.2807
2509,2.509,0.0054,-0.0031,0.0874,-0.0035,0.5195,0.3518
2510,2.51,0.0069,0.0054,0.0631,-0.004,0.4177,0.2889
2511,2.511,0,-0.0024,0.0143,-0.0036,1.0733,0.2315
2512,2.512,-0.0011,-0.0034,-0.0182,0.0028,1.4997,0.7073
2513,2.513,-0.0001,0.0012,-0.0831,-0.0056,0.6478,0.8999
2514,2.514,0.0009,-0.0013,-0.1263,-0.0088,-0.1476,0.3764
2515,2.515,-0.0036,0.0072,-0.1186,-0.0161,-0.2529,-0.1172
2516,2.516,0.0023,0.0104,-0.1114,-0.0058,-0.5353,-0.1823
2517,2.517,0.003,0.0074,-0.092,0.0012,-0.4515,-0.2407
2518,2.518,-0.0034,-0.0029,-0.0626,-0.0051,-0.3748,-0.294
2519,2.519,-0.0076,-0.0015,-0.036,-0.0041,-0.7268,-0.2462
2520,2.52,-0.0069,-0.0003,-0.0118,0.0012,-1.6863,-0.4645
2521,2.521,-0.0033,-0.0058,0.0103,0.0021,-1.0011,-1.06
2522,2.522,-0.0049,-0.0048,0.0221,-0.0074,-0.1263,-0.6343
2523,2.523,-0.0065,-0.0002,0.0257,-0.0085,0.443,0.0639
2524,2.524,-0.0143,-0.0043,0.0225,-0.0053,0.3421,0.1596
2525,2.525,-0.0175,0.001,0.0196,-0.0042,0.4368,0.2461
2526,2.526,-0.0184,-0.0082,0.0223,-0.005,0.523,0.3242
2527,2.527,-0.0081,0.0007,0.0245,0.001,0.4464,0.2546
2528,2.528,0.0072,-0.007,0.0581,0.0003,1.5016,0.3188
2529,2.529,0.0011,0.0069,0.0919,0.0053,1.3518,0.9582
2530,2.53,0.0067,-0.0023,0.0963,0.0123,0.3906,0.7034
2531,2.531,0.0084,0.0062,0.0764,0.0079,-0.2353,0.1606
2532,2.532,0.0069,0.0048,0.029,0.0122,-0.3508,-0.1926
2533,2.533,0.0083,0.0008,-0.0293,0.0086,-0.455,-0.2581
2534,2.534,0.0045,0.0021,-0.0527,0.0008,-0.5497,-0.3171
2535,2.535,0.0013,0.0054,-0.0458,0.0039,-0.2952,-0.2651
2536,2.536,0.0003,-0.004,-0.0266,0.0012,-1.1466,-0.2176
2537,2.537,0.0012,-0.0051,0.0143,-0.0013,-1.7139,-0.7857
2538,2.538,0.0037,-0.0018,0.0091,-0.0128,-0.7864,-1.0183
2539,2.539,0.0016,-0.0091,-0.0053,-0.0145,0.089,-0.3848
2540,2.54,0.0023,-0.0006,-0.0538,-0.0069,0.4316,0.2128
2541,2.541,0.0007,0.0073,-0.0601,-0.0055,0.5362,0.2916
2542,2.542,-0.001,0.0063,-0.0542,-0.0018,0.4438,0.3626
2543,2.543,0.0016,0.0019,-0.0168,0.006,0.3596,0.2992
2544,2.544,0.0078,-0.0023,-0.0023,0.0091,0.747,0.2414
2545,2.545,0.0104,0.0077,0.0111,0.0027,1.662,0.5055
2546,2.546,0.0126,0.0008,0.023,0.0019,1.0393,1.0343
2547,2.547,0.002,0.0021,0.0196,0.0012,0.0174,0.5421
2548,2.548,0.0005,0.0053,0.0164,0.0048,-0.3966,-0.0353
2549,2.549,-0.0009,0.0084,-0.0044,0.0017,-0.5228,-0.2693
2550,2.55,0.0054,0.0057,-0.0236,0,-0.4107,-0.2005
2551,2.551,-0.0002,-0.0071,-0.0013,0.0016,-0.5142,-0.2654
2552,2.552,0.0008,-0.0015,0.0316,0.0004,-0.4211,-0.3242
2553,2.553,0.0017,0.0001,0.036,0.0033,-1.5277,-0.2721
2554,2.554,0.0002,-0.0015,0.0302,0.007,-1.359,-0.9658
2555,2.555,-0.0007,0.003,0.0341,0.0073,-0.3017,-0.8224
2556,2.556,-0.0029,0.0044,0.0233,0.0021,0.387,-0.1665
2557,2.557,-0.0036,0.0007,0.007,0.0058,0.5143,0.3031
2558,2.558,-0.0031,-0.0003,0.0341,0.0022,0.4026,0.219
2559,2.559,-0.0026,0.0007,0.0595,0.0027,0.5067,0.2969
2560,2.56,-0.0061,0.0015,0.0628,0.0032,0.414,0.3675
2561,2.561,-0.003,-0.001,0.054,0.0007,1.1806,0.1756
2562,2.562,-0.0018,-0.0063,0.0128,0.0018,1.4903,0.8147
2563,2.563,-0.0044,0.0044,-0.0518,-0.0046,0.6471,0.9
2564,2.564,-0.0047,0.0028,-0.1123,-0.0019,-0.1482,0.2027
2565,2.565,-0.0009,-0.0041,-0.1515,0.0024,-0.2536,-0.2675
2566,2.566,-0.004,-0.0004,-0.0876,0.0018,-0.5359,-0.1844
2567,2.567,0.0025,-0.0014,-0.01,0.0025,-0.4517,-0.2628
2568,2.568,-0.0116,0.0038,0.0003,0.002,-0.3748,-0.334
2569,2.569,-0.0217,-0.0008,0.0098,0.0015,-0.7266,-0.2708
2570,2.57,-0.0198,-0,0.0012,-0.0063,-1.6861,-0.4455
2571,2.571,0.0055,-0.0023,0.0092,-0.0053,-1.0007,-1.0272
2572,2.572,0.0091,-0.013,-0.012,-0,-0.1259,-0.6407
2573,2.573,0.0059,-0.0085,0.0074,-0.0009,0.4436,-0.0064
2574,2.574,0.003,0.0011,0.0484,-0.0017,0.3429,0.2504
2575,2.575,0.0003,-0.0179,0.0432,-0.007,0.4377,0.3284
2576,2.576,0.0076,-0.0371,0.0289,-0.0077,0.5237,0.3992
2577,2.577,0.0054,-0.0248,0.0158,-0.0172,0.4473,0.3356
2578,2.578,0.0074,0.0089,0.004,-0.038,1.5025,0.2777
2579,2.579,0.0056,0.0041,-0.0213,-0.0409,1.3527,0.9645
2580,2.58,0.0039,0.0084,-0.0311,-0.0271,0.3915,0.684
2581,2.581,0.0054,-0.0116,-0.0459,-0.0048,-0.2345,0.2569
2582,2.582,0.0013,-0.0152,-0.0212,0.004,-0.35,-0.1319
2583,2.583,0.0076,-0.0121,0.015,0.0121,-0.4543,-0.2035
2584,2.584,0.002,0.0027,0.0102,0.0144,-0.5491,-0.2682
2585,2.585,0.003,0.0108,-0.0207,0.0078,-0.2947,-0.327
2586,2.586,0.0021,0.0131,-0.0247,0.0057,-1.1461,-0.2746
2587,2.587,-0.0005,0.0108,0.0005,0.015,-1.7132,-0.8032
2588,2.588,-0.012,0.0128,0.0102,0.02,-0.7859,-1.0146
2589,2.589,-0.0137,-0.0003,-0.0048,0.0123,0.0891,-0.3107
2590,2.59,-0.0153,-0.0258,-0.0131,0.0082,0.4313,0.1591
2591,2.591,-0.0167,-0.0294,-0.0108,0.0144,0.5357,0.2458
2592,2.592,-0.013,0.0003,-0.0087,0.0088,0.4434,0.3241
2593,2.593,0.0018,0.0203,-0.0108,0.0015,0.359,0.2546
2594,2.594,0.0038,0.0166,-0.0127,0.0023,0.7461,0.1912
2595,2.595,0.0094,0.0134,0.0127,0.0048,1.6608,0.4818
2596,2.596,0.011,0.0104,0.0455,0.0011,1.0378,1.0633
2597,2.597,0.0095,0.0131,0.0586,0.0017,0.0157,0.5217
2598,2.598,0.0081,0.0107,0.0546,0.0021,-0.3984,0.0281
2599,2.599,0.0092,0.0128,0.0509,0.0004,-0.525,-0.1654
2600,2.6,0.0082,0.0107,0.054,-0.0064,-0.4133,-0.2244
2601,2.601,0.0009,0.0125,0.0451,-0.0019,-0.5172,-0.2776
2602,2.602,0.0017,0.0006,0.0149,0.0023,-0.4243,-0.326
2603,2.603,0.0094,0.0052,-0.0452,0.0122,-1.5314,-0.2826
2604,2.604,-0.0043,-0.0018,-0.0711,0.0081,-1.3816,-0.8781
2605,2.605,-0.0025,-0.0007,-0.0319,0.0069,-0.4203,-0.7933
2606,2.606,-0.0008,-0.0017,-0.0248,0.0037,0.4549,-0.0955
2607,2.607,-0.0024,-0.0007,-0.057,-0.0058,0.344,0.1874
2608,2.608,-0.0038,0.002,-0.0161,-0.0022,0.4481,0.2739
2609,2.609,-0.0152,-0.004,-0.0001,-0.0078,0.5423,0.3521
2610,2.61,-0.0168,0.0045,-0.0145,-0.0068,0.2873,0.2826
2611,2.611,-0.0099,-0.0011,-0.0276,-0.0077,1.1386,0.2193
2612,2.612,-0.0012,-0.0022,-0.0076,-0.0206,1.4788,0.7425
2613,2.613,-0.0003,0.0005,0.0252,-0.0299,0.7571,0.954
2614,2.614,0.0007,-0.0003,0.0558,-0.0282,-0.0884,0.378
2615,2.615,-0.0021,-0.0025,0.0277,-0.0083,-0.4309,-0.1653
2616,2.616,-0.003,0.0081,0.0021,-0.0002,-0.5354,-0.2369
2617,2.617,-0.0067,0.0005,-0.0144,0.0121,-0.4435,-0.3012
2618,2.618,-0.0032,0.0019,-0.0173,0.0099,-0.3595,-0.3597
2619,2.619,-0.0002,-0.0044,-0.0309,-0.0003,-0.7471,-0.2016
2620,2.62,-0.0007,-0.0054,-0.0135,0.0016,-1.6622,-0.5378
2621,2.621,0.0029,0.0019,0.0069,0.01,-1.0397,-1.0183
2622,2.622,0.0033,-0.0045,0.0098,0.0085,-0.0179,-0.5705
2623,2.623,0.0005,0.0015,0.0223,0.0099,0.396,0.0705
2624,2.624,0.0031,0.0022,0.0158,0.0087,0.5224,0.1575
2625,2.625,0.0063,-0.0084,-0.0026,0.0055,0.4101,0.2363
2626,2.626,0.0052,-0.0007,-0.0098,0.0003,0.5135,0.3075
2627,2.627,0.011,0.0007,-0.0076,0.0011,0.4203,0.2444
2628,2.628,0.0102,-0.0004,-0.0015,-0.0031,1.527,0.3029
2629,2.629,0.0109,0.0007,0.004,-0.0024,1.3768,0.99
2630,2.63,0.0073,0.0081,0.0191,0.004,0.4152,0.7098
2631,2.631,0.0079,-0.0039,0.017,0.0066,-0.211,0.1129
2632,2.632,0.0096,0.0046,0.0039,0.0044,-0.3268,-0.2755
2633,2.633,0.0018,0.0032,-0.0147,0.0065,-0.4313,-0.2064
2634,2.634,-0.0037,-0.0008,0.0126,0.0049,-0.5263,-0.2711
2635,2.635,-0.0027,-0.0044,0.038,0.0102,-0.4422,-0.3297
2636,2.636,0.0019,-0.0033,0.0348,0.0083,-1.139,-0.1717
2637,2.637,0.0062,-0.0002,0.032,0.0053,-1.6083,-0.7964
2638,2.638,0.0069,0.0026,0.0184,0.0059,-0.6716,-0.882
2639,2.639,-0.0024,-0.0051,-0.0038,-0.0018,0.2034,-0.3397
2640,2.64,0.0039,-0.004,-0.0125,-0.0007,0.3189,0.1542
2641,2.641,0.0007,-0.0067,-0.037,-0.0037,0.4232,0.2198
2642,2.642,-0.0003,0.0062,-0.0401,-0.0082,0.5179,0.2787
2643,2.643,-0.003,-0.0067,-0.0071,-0.0106,0.4334,0.3322
2644,2.644,-0.0108,0.0018,0.015,-0.0036,0.8204,0.1885
2645,2.645,-0.0035,0.0065,0.051,0.0011,1.5943,0.4943
2646,2.646,-0.0138,0.0024,0.0269,0.0123,0.8738,1.0107
2647,2.647,-0.0124,0.0037,0.0226,0.0078,0.0286,0.5186
2648,2.648,-0.0036,-0.0041,0.0108,0.0065,-0.3143,-0.0586
2649,2.649,-0.0046,-0.0051,0.0074,-0.0022,-0.4192,-0.2924
2650,2.65,0.0007,0.0034,-0.0155,-0.0099,-0.5141,-0.2233
2651,2.651,-0.0078,0.0002,-0.0304,-0.0026,-0.4298,-0.2879
2652,2.652,-0.0067,0.0033,-0.0442,-0.0053,-0.5079,-0.2306
2653,2.653,0.0048,-0.0013,-0.0667,-0.0061,-1.563,-0.2839
2654,2.654,0.0033,-0.0022,-0.0639,-0.0023,-1.4132,-1.0049
2655,2.655,0.0058,0.0009,-0.0559,0.008,-0.3599,-0.7628
2656,2.656,0.0154,-0.0029,-0.0477,0.0101,0.3285,-0.0412
2657,2.657,0.0192,-0.0022,-0.0305,0.0032,0.4556,0.2412
2658,2.658,0.0136,-0.0017,0.0031,-0.0089,0.5702,0.3276
2659,2.659,0.0126,0.0059,-0.0018,-0.0106,0.4685,0.2509
2660,2.66,0.0153,0.0028,-0.0151,-0.006,0.3758,0.3215
2661,2.661,0.0128,0.0019,0.0048,-0.0074,1.1422,0.2576
2662,2.662,0.0044,0.0027,0.0301,0.0015,1.4519,0.7805
2663,2.663,0.0012,0.0005,0.0532,-0.0017,0.6087,0.8509
2664,2.664,0.0002,0.0011,0.0805,0.0013,-0.1867,0.2745
2665,2.665,-0.0138,-0.0006,0.0626,0.0041,-0.2921,-0.2692
2666,2.666,-0.0037,-0.0047,0.0198,0.005,-0.3872,-0.2009
2667,2.667,-0.013,0.003,-0.021,0.0028,-0.4733,-0.266
2668,2.668,-0.0316,0.002,-0.0582,0.0035,-0.3964,-0.325
2669,2.669,-0.0488,-0.0033,-0.0629,0.0019,-0.7481,-0.1673
2670,2.67,-0.0422,-0.0061,-0.0408,-0.0033,-1.7077,-0.5041
2671,2.671,-0.0197,0.0016,-0.0368,-0.0111,-1.0223,-0.9852
2672,2.672,-0.0109,-0.0142,0.0179,-0.008,-0.1474,-0.5377
2673,2.673,-0.0028,-0.0345,0.057,-0.0035,0.4222,-0.0133
2674,2.674,0.0045,-0.0319,0.0357,0.0043,0.5272,0.1991
2675,2.675,0.0023,0.0053,0.0293,0.0012,0.4351,0.2638
2676,2.676,0.0084,-0,0.0351,0.002,0.5211,0.3224
2677,2.677,-0.0009,0.0047,0.0722,0.0011,0.4446,0.27
2678,2.678,0.0075,-0.0174,0.0674,0.0018,1.4999,0.318
2679,2.679,0.009,-0.0293,0.0366,-0.0018,1.3502,0.9732
2680,2.68,0.005,-0.0039,0.0246,-0.0024,0.389,0.6926
2681,2.681,0.0061,0.019,-0.0009,0.0005,-0.2369,0.0953
2682,2.682,0.0093,0.0161,-0.0241,0.002,-0.3523,-0.1388
2683,2.683,0.0083,0.0079,-0.0271,-0.0023,-0.4565,-0.2106
2684,2.684,0.0018,0.0102,-0.03,-0.0018,-0.5511,-0.2755
2685,2.685,0.0026,0.008,-0.0324,-0.0023,-0.2966,-0.3343
2686,2.686,0.0019,0.0059,-0.0528,-0.002,-1.1481,-0.1766
2687,2.687,0.0012,0.0114,-0.0557,-0.0049,-1.7153,-0.8013
2688,2.688,0.0042,0.0063,-0.0434,-0.0075,-0.5817,-0.8871
2689,2.689,0.0047,0.0047,-0.0369,-0.0072,0.1754,-0.345
2690,2.69,0.0125,0.0006,-0.0228,-0.0123,0.315,0.1489
2691,2.691,0.018,0.0068,-0.0024,-0.023,0.4411,0.2143
2692,2.692,0.017,0.0058,0.0277,-0.0277,0.5556,0.273
2693,2.693,0.0196,0.0047,0.0395,-0.0069,0.4536,0.3262
2694,2.694,0.0084,0.0131,0.0215,0.0018,0.7348,0.2786
2695,2.695,0.0038,0.0075,0.0118,0.0045,1.6716,0.497
2696,2.696,-0.0059,0.0002,-0.0151,0.0021,1.0488,1.0133
2697,2.697,-0.0147,0.0086,-0.0258,0.0042,0.0266,0.5211
2698,2.698,-0.007,0.0008,0.0039,0.0102,-0.3876,-0.0561
2699,2.699,0.0025,-0.0022,0.0239,0.0158,-0.514,-0.2901
2700,2.7,-0.0012,0.0004,0.0639,0.014,-0.402,-0.2211
2701,2.701,0.002,0.0029,0.0585,0.0154,-0.5057,-0.2857
2702,2.702,-0.0032,-0.0008,0.0245,0.0084,-0.4128,-0.2281
2703,2.703,-0.004,-0.0001,-0.033,0.0096,-1.5197,-0.2812
2704,2.704,0.0003,-0.0019,-0.0409,0.0105,-1.3699,-1.0019
2705,2.705,-0.0067,-0.0036,-0.0054,0.0074,-0.4083,-0.6937
2706,2.706,-0.0112,0.0022,0.0139,0.001,0.218,-0.2244
2707,2.707,-0.007,-0.0063,0.0786,0.0001,0.3336,0.2031
2708,2.708,-0.0063,0.0015,0.0528,0.0053,0.438,0.2817
2709,2.709,-0.0014,-0.0016,0.0295,0.0059,0.5326,0.3529
2710,2.71,-0.0071,-0.0007,-0.0059,0.0016,0.2777,0.2895
2711,2.711,-0.0078,0.0071,-0.0902,-0.0072,1.1292,0.2319
2712,2.712,0.0028,-0.0044,-0.1247,-0.001,1.4696,0.813
2713,2.713,0.0043,0.0001,-0.1145,-0.0042,0.7479,0.8908
2714,2.714,0.0057,0.0015,-0.0863,-0.0032,-0.0975,0.398
2715,2.715,0.0068,0.0003,-0.0432,-0.006,-0.4398,-0.1793
2716,2.716,-0.001,0.0036,0.0114,-0.0052,-0.5444,-0.2583
2717,2.717,0,0.0005,0.0043,0.0018,-0.452,-0.3291
2718,2.718,0.0065,0.0014,-0.0149,0.0063,-0.3678,-0.2656
2719,2.719,0.009,0.0023,0.0145,0.0004,-0.7551,-0.2079
2720,2.72,0.0037,-0.0077,0.0198,0.0056,-1.6699,-0.5774
2721,2.721,-0.0027,-0.0007,0.0247,0.012,-1.0472,-1.0099
2722,2.722,0.0016,-0.0044,0.0292,0.0078,-0.0252,-0.603
2723,2.723,-0.0054,-0.0076,0.0333,0.013,0.3889,0.0857
2724,2.724,-0.0062,-0.0086,0.0227,0.0195,0.5153,0.1811
2725,2.725,-0.0036,-0.0077,0.0392,0.0136,0.4033,0.2674
2726,2.726,0.0002,0.0035,0.0542,0.0067,0.5068,0.3455
2727,2.727,-0.0003,-0.001,0.057,-0.0073,0.4138,0.2759
2728,2.728,-0.0019,0.0087,0.0595,-0.0134,1.5205,0.3403
2729,2.729,0.0022,-0.0026,0.0661,-0.0078,1.3705,0.9798
2730,2.73,-0.0013,0.002,0.0763,-0.0196,0.409,0.7251
2731,2.731,-0.0043,-0.002,0.0483,-0.0211,-0.2172,0.1824
2732,2.732,0.0022,0.0069,0.0043,-0.017,-0.333,-0.1707
2733,2.733,0.0031,-0.0008,-0.025,-0.0133,-0.4375,-0.2359
2734,2.734,0.0091,-0.0038,0.0016,-0.0076,-0.5325,-0.2947
2735,2.735,0.0007,-0.0046,0.0064,-0.0024,-0.2783,-0.348
2736,2.736,-0.0025,-0.0037,-0.0157,0.0061,-1.2847,-0.2042
2737,2.737,-0.0015,-0.0029,-0.0275,0.0006,-1.6969,-0.7721
2738,2.738,0.0012,0.002,-0.053,-0.0004,-0.5747,-1.0047
2739,2.739,0.0038,0.0016,-0.0499,0.0042,0.1821,-0.3709
2740,2.74,0.0044,0.0045,-0.0528,0.0016,0.3217,0.2267
2741,2.741,0.0024,-0.0033,-0.0719,-0.0068,0.4476,0.3057
2742,2.742,0.0041,0.0023,-0.099,-0.0012,0.5619,0.2364
2743,2.743,0.007,-0.0007,-0.0808,0.0061,0.4599,0.3011
2744,2.744,0.0034,-0.0034,-0.051,0.007,0.7411,0.2436
2745,2.745,-0.0036,-0.0009,-0.015,0.0063,1.6778,0.5079
2746,2.746,-0.0006,0.0013,0.0093,0.0101,1.0549,1.0367
2747,2.747,-0.0014,0.0091,0.0313,0.0038,0.0327,0.5445
2748,2.748,-0.0143,0.0039,0.0593,0.0082,-0.3812,-0.0327
2749,2.749,-0.0274,-0.0026,0.0703,0.0077,-0.5077,-0.2665
2750,2.75,-0.0189,0.0033,0.0737,0.0029,-0.396,-0.3379
2751,2.751,-0.0113,0.004,0.059,0.0001,-0.4998,-0.2747
2752,2.752,-0.0017,-0.0025,0.0289,-0.0015,-0.4068,-0.3333
2753,2.753,0.0045,0.0034,-0.0071,0.0022,-1.6838,-0.2808
2754,2.754,0.0013,0.0012,-0.0313,0.0011,-1.5022,-1.0017
2755,2.755,0.0065,-0.0024,-0.0446,0.0024,-0.3397,-0.6935
2756,2.756,0.0073,0.0005,-0.0267,0.0006,0.3157,-0.1376
2757,2.757,0.0064,-0.0026,0.0093,-0.0011,0.4689,0.1449
2758,2.758,0.0072,0.0014,-0.0051,-0.0057,0.6072,0.2312
2759,2.759,0.0141,-0.0064,0.0168,-0.0026,0.4836,0.3092
2760,2.76,0.0113,-0.0008,0.0768,0.0027,0.371,0.38
2761,2.761,-0.0016,0.0022,0.1198,0.0034,1.2981,0.1883
2762,2.762,0.0002,-0.0024,0.0963,0.004,1.4233,0.8276
2763,2.763,0.0053,0.0018,0.0464,0.0011,0.6296,0.9131
2764,2.764,0.0067,-0.0004,-0.012,0.0006,-0.0937,0.3705
2765,2.765,-0.0029,-0.0025,-0.0825,0.0018,-0.3771,-0.2645
2766,2.766,-0.0092,-0.0009,-0.1298,0.0066,-0.4639,-0.3514
2767,2.767,-0.0061,-0.0073,-0.121,0.0061,-0.5423,-0.2753
2768,2.768,-0.0051,-0.0031,-0.0819,0.0009,-0.4727,-0.3465
2769,2.769,0.0033,-0.0054,-0.0463,-0.0069,-0.7927,-0.2831
2770,2.77,0.0064,-0.0034,-0.0399,-0.0099,-1.6649,-0.574
2771,2.771,0.0033,-0.0018,-0.0456,-0.0054,-1.0419,-1.0501
2772,2.772,0.0005,-0.0023,-0.0404,-0.0113,-0.0197,-0.4747
2773,2.773,-0.0107,-0.0049,-0.0067,-0.0107,0.3944,0.0684
2774,2.774,-0.0214,-0.0027,0.024,-0.0058,0.5208,0.2809
2775,2.775,-0.0228,-0.0024,0.0199,-0.0063,0.4089,0.3458
2776,2.776,-0.0166,-0.0028,0.0234,0.0024,0.5124,0.2884
2777,2.777,-0.0135,0.0024,0.0332,-0.0014,0.4192,0.3416
2778,2.778,-0.002,0.0017,0.0419,-0.0004,1.5259,0.2935
2779,2.779,0.0026,0.0023,0.0446,0.0047,1.3759,0.9487
2780,2.78,-0.0071,0.0018,0.0323,0.002,0.4143,0.6681
2781,2.781,-0.006,0.0013,-0.0013,0.0078,-0.2114,0.241
2782,2.782,0.0065,0.0038,-0.0255,0.0056,-0.327,-0.1478
2783,2.783,0.0115,0.0007,0.0052,0.0062,-0.4312,-0.2196
2784,2.784,0.0069,-0.0058,0.0251,0.0056,-0.5258,-0.2846
2785,2.785,0.0165,-0.0199,0.0287,0.006,-0.4414,-0.3435
2786,2.786,0.0176,-0.0138,0.0517,0.0128,-1.2929,-0.1858
2787,2.787,0.0051,0.0104,0.0665,0.0081,-1.6335,-0.8106
2788,2.788,0.0067,0.0005,0.0417,0.0055,-0.7058,-0.8964
2789,2.789,0.0113,0.0154,0.0053,0.0033,0.1696,-0.3542
2790,2.79,0.0099,0.0127,-0.0383,0.0039,0.2856,0.1396
2791,2.791,0.0062,0.0054,-0.0209,0.0007,0.3899,0.2051
2792,2.792,0.0029,0.0076,0.0163,-0.007,0.4846,0.2639
2793,2.793,0.0039,0.0015,0.0019,-0.0228,0.4003,0.3172
2794,2.794,-0.0025,0.0033,-0.0201,-0.0432,0.7877,0.2694
2795,2.795,-0.0017,-0.0018,-0.032,-0.0459,1.7027,0.5752
2796,2.796,-0.0132,0.0058,-0.0574,-0.0337,0.8308,1.0121
2797,2.797,-0.0115,0.0072,-0.0673,-0.0226,0.0356,0.4889
2798,2.798,-0.0008,0.006,-0.0644,-0.0288,-0.2756,-0.0049
2799,2.799,0.0005,0.005,-0.0233,-0.0345,-0.371,-0.1985
2800,2.8,0.0068,0.0039,0.0296,-0.0227,-0.4572,-0.2576
2801,2.801,0.0012,0.0012,0.0367,0.0002,-0.5351,-0.311
2802,2.802,0.0002,0.0021,0.0172,0.0099,-0.4652,-0.2635
2803,2.803,0.0048,0.0043,0.0113,0.0186,-1.4243,-0.3074
2804,2.804,0.004,-0.0035,0.0378,0.0158,-1.2878,-0.903
2805,2.805,0.0003,-0.0065,0.0521,0.0181,-0.4138,-0.8183
2806,2.806,0.0039,-0.0038,0.0389,0.0246,0.3823,-0.1206
2807,2.807,0.0009,-0.0029,0.0428,0.0265,0.4877,0.162
2808,2.808,0.0027,0.0008,0.032,0.0209,0.5828,0.2483
2809,2.809,-0.0008,0.0043,0.009,0.0158,0.4991,0.3264
2810,2.81,-0.0004,-0.0039,-0.018,0.0142,0.4226,0.2568
2811,2.811,0.0016,-0.0049,-0.0213,0.0128,1.1967,0.1932
2812,2.812,0.002,-0.0039,-0.0374,0.0116,1.5066,0.8325
2813,2.813,0.0011,-0.003,-0.0459,0.0105,0.6633,0.9181
2814,2.814,-0.0026,0.0064,-0.032,0.0032,-0.1321,0.3757
2815,2.815,0.0025,0.0027,-0.0344,0.0005,-0.4431,-0.1182
2816,2.816,0.0032,0.0038,-0.019,0.0082,-0.5378,-0.1838
2817,2.817,0.009,0.0007,0.0114,0.0092,-0.4535,-0.359
2818,2.818,0.0112,0.0035,0.0421,0.01,-0.3766,-0.3065
2819,2.819,0.0077,-0.0008,0.022,0.0142,-0.8686,-0.2586
2820,2.82,0.002,-0.0029,0.0328,0.0104,-1.7,-0.5642
2821,2.821,-0.0079,0.0007,0.0825,0.0139,-0.9068,-1.0805
2822,2.822,-0.0092,-0.0024,0.0755,0.0097,0.023,-0.5882
2823,2.823,-0.0029,-0.0052,0.0433,0.0009,0.4,-0.0108
2824,2.824,-0.0018,-0.0026,0.0025,0.0046,0.5153,0.2232
2825,2.825,-0.0048,0.0025,-0.0345,0.0056,0.6196,0.2947
2826,2.826,-0.0169,-0.0068,-0.0487,-0.0081,0.5273,0.3595
2827,2.827,-0.0185,-0.0005,-0.053,-0.0061,0.4431,0.302
2828,2.828,-0.0078,-0.0037,-0.0888,-0.0112,1.6046,0.3552
2829,2.829,0.0075,0.0016,-0.0645,-0.0126,1.1082,0.9801
2830,2.83,0.0095,0.0008,-0.0425,-0.0029,0.3527,0.7252
2831,2.831,0.0077,0,-0.0387,-0.004,-0.3351,0.1823
2832,2.832,0.0027,0.0023,-0.0568,-0.0072,-0.4613,-0.171
2833,2.833,-0.0018,-0.0041,-0.0471,-0.0019,-0.5757,-0.236
2834,2.834,0.0023,0.0002,-0.0021,-0.001,-0.4737,-0.2948
2835,2.835,0.0061,-0.002,0.0173,-0.0035,-0.3808,-0.348
2836,2.836,-0.0016,0.0016,-0,0.0003,-1.3172,-0.2041
2837,2.837,-0.0005,-0.0001,-0.0051,0.0039,-1.6914,-0.8593
2838,2.838,-0.009,0.0052,-0.0194,0.0044,-0.6707,-0.9532
2839,2.839,-0.01,-0.004,0.0026,0.0016,0.2922,-0.3567
2840,2.84,-0.0027,-0.0051,0.0143,0.0001,0.4197,0.187
2841,2.841,0.0019,-0.004,0.0323,0.0013,0.5347,0.2588
2842,2.842,-0.0023,0.0056,0.0289,-0.0007,0.4334,0.3236
2843,2.843,-0.0016,0.0019,0.0679,-0.0017,0.3411,0.2663
2844,2.844,-0.0051,-0.0059,0.0944,-0,0.7674,0.214
2845,2.845,-0.0121,0.0015,0.1087,-0.0017,1.6195,0.5506
2846,2.846,0.0019,-0.0031,0.069,-0.0011,0.8271,1.0314
2847,2.847,0.004,0.0012,0.0209,-0.0049,0.1043,0.456
2848,2.848,-0.0054,-0.0025,0.0145,0.0004,-0.3661,-0.0873
2849,2.849,0.0065,-0.0018,0.0437,0.0082,-0.4527,-0.2997
2850,2.85,0.008,0.0024,0.0808,0.0052,-0.5309,-0.2369
2851,2.851,0.0039,0.0019,0.0275,0.0025,-0.4613,-0.2957
2852,2.852,0.0051,-0.0038,-0.0367,-0.0052,-0.5255,-0.2435
2853,2.853,-0.0027,-0.0031,-0.0626,-0.0166,-1.3972,-0.2917
2854,2.854,-0.0101,0.0004,-0.0549,-0.015,-1.273,-0.9471
2855,2.855,-0.0109,0.0047,-0.062,-0.0136,-0.2513,-0.6667
2856,2.856,-0.0068,0.0075,-0.0555,-0.0147,0.437,-0.0697
2857,2.857,-0.0036,0.0062,-0.0092,-0.0143,0.4337,0.2174
2858,2.858,-0.0014,0.0004,-0.0501,-0.0132,0.5595,0.2959
2859,2.859,-0.0022,0.0057,-0.1301,-0.0079,0.4475,0.3669
2860,2.86,-0.0028,-0.005,-0.1646,0.0024,0.3453,0.3036
2861,2.861,-0.0011,0.0057,-0.1125,0.0011,1.1881,0.2459
2862,2.862,0.0046,-0.0012,-0.0271,-0.0001,1.5283,0.827
2863,2.863,0.0082,0.0101,0.0303,0.0102,0.6003,0.9049
2864,2.864,0.0061,0.0025,0.0824,0.0061,-0.2747,0.2712
2865,2.865,0.0078,0.0011,0.1107,0.0023,-0.3905,-0.1562
2866,2.866,0.0037,-0.0001,0.1021,0.0033,-0.4952,-0.3899
2867,2.867,0.0001,0.0077,0.063,0.0063,-0.5903,-0.461
2868,2.868,0.0044,-0.0018,0.0274,0.0035,-0.3359,-0.3979
2869,2.869,0.0015,-0.008,0.0081,0.0077,-0.8781,-0.2242
2870,2.87,-0.0063,-0.0003,-0.0212,0.0054,-1.6526,-0.4885
2871,2.871,-0.0119,-0.0055,-0.0371,0.0061,-0.9322,-1.0173
2872,2.872,-0.0047,-0.0064,-0.0226,0.0055,0.1002,-0.5252
2873,2.873,-0.0074,0.0064,-0.027,-0.0033,0.5141,0.0519
2874,2.874,-0.0067,-0.0029,-0.0072,-0.0223,0.3912,0.2857
2875,2.875,-0.003,-0.0046,0.0034,-0.0361,0.5051,0.3571
2876,2.876,0.0034,-0.0031,-0.0001,-0.0189,0.403,0.2939
2877,2.877,0.0162,-0.0044,0.0085,-0.0123,0.4968,0.2366
2878,2.878,0.0069,-0.0007,0.0496,-0.0104,1.6035,0.3952
2879,2.879,0.0052,-0.004,0.0789,-0.0012,1.1516,1.02
2880,2.88,0.0006,-0.003,0.063,0.0039,0.1896,0.7652
2881,2.881,-0.0008,-0.0022,0.0292,0.0084,-0.1871,0.0676
2882,2.882,0.0029,0.0003,-0.0017,0.0124,-0.3026,-0.2148
2883,2.883,0.0018,0.0073,-0.0539,0.0061,-0.4073,-0.301
2884,2.884,0.0007,0.0008,-0.0896,0.0138,-0.5023,-0.3789
2885,2.885,0.0016,-0.0051,-0.0445,0.0168,-0.4181,-0.3094
2886,2.886,0.0007,-0.0014,-0.0271,0.0159,-1.2698,-0.2456
2887,2.887,0.0014,-0.0108,-0.0005,0.0133,-1.6107,-0.7686
2888,2.888,-0.0035,-0.0297,0.0432,0.0111,-0.6832,-0.9797
2889,2.889,-0.0052,-0.0324,0.049,0.0131,0.1919,-0.2755
2890,2.89,-0.0023,-0.0052,0.0545,0.01,0.3077,0.1946
2891,2.891,0.0024,0.0128,0.0304,0.0094,0.412,0.2814
2892,2.892,0.0029,0.0096,0.0174,0.0119,0.5067,0.3598
2893,2.893,0.0012,0.0067,-0.0346,0.005,0.4222,0.2906
2894,2.894,0.0059,0.004,-0.0699,0.0039,0.8092,0.2272
2895,2.895,0.0042,0.0112,-0.0375,-0.0064,1.583,0.5179
2896,2.896,0.0071,0.0134,-0.0082,-0.0024,0.8622,0.9941
2897,2.897,-0.0007,-0.0008,-0.003,-0.0061,0.0167,0.5467
2898,2.898,0.0003,0.0048,0.0501,-0.0029,-0.326,0.0221
2899,2.899,-0.0028,0.0098,0.0714,0.0001,-0.4308,-0.1901
2900,2.9,-0.0019,0.0083,0.0262,0.001,-0.5259,-0.2549
2901,2.901,0.0023,0.0013,-0.003,0.0002,-0.4422,-0.3134
2902,2.902,0.006,0.0126,-0.0084,-0.0083,-0.5203,-0.2608
2903,2.903,0.0067,-0.0013,-0.0133,-0.0139,-1.5756,-0.3088
2904,2.904,0.0071,0.0043,-0.0354,-0.0086,-1.1241,-0.9638
2905,2.905,0.0042,0.0026,-0.0393,-0.006,-0.1628,-0.6831
2906,2.906,0.0047,0.0011,-0.0501,-0.0085,0.4632,-0.0859
2907,2.907,0.0089,-0.0003,-0.0335,-0.0048,0.352,0.1482
2908,2.908,0.0072,-0.0015,-0.0246,0.0001,0.4559,0.2199
2909,2.909,0.0004,0.0017,-0.0164,0.0018,0.5501,0.2848
2910,2.91,-0.0023,-0.0013,-0.014,0.0035,0.4652,0.3436
2911,2.911,-0.0015,0.0032,0.0015,0.0051,1.316,0.1858
2912,2.912,-0.0037,-0.001,0.0076,0.0029,1.4298,0.8106
2913,2.913,-0.0115,-0.0017,0.0094,0.0058,0.5016,0.8964
2914,2.914,-0.0145,-0.0066,0.018,0.0101,-0.1246,0.3541
2915,2.915,-0.0285,0.0003,0.0042,0.0085,-0.2407,-0.1397
2916,2.916,-0.0427,-0.0005,0.0211,0.0038,-0.5512,-0.2052
2917,2.917,-0.0185,0.002,0.0368,0.0021,-0.4591,-0.2642
2918,2.918,-0.0086,0.0027,0.0226,0.0026,-0.3751,-0.3176
2919,2.919,0.0003,0.0006,-0.0053,-0.0031,-0.9173,-0.2697
2920,2.92,0.0085,0.0037,-0.0252,-0.01,-1.6916,-0.5751
2921,2.921,0.0013,-0.0028,0.0222,-0.0072,-0.9713,-1.0117
2922,2.922,0.0126,-0.0036,0.0546,-0.0131,0.0611,-0.4883
2923,2.923,0.0106,-0.0043,0.072,-0.0137,0.4749,0.0057
2924,2.924,0.0051,-0.0021,0.0669,-0.0115,0.352,0.1994
2925,2.925,0.0001,-0.0026,0.0039,-0.0057,0.466,0.2587
2926,2.926,0.0047,0.005,-0.0564,0.0013,0.3636,0.3124
2927,2.927,0.0034,-0.0002,-0.1109,0.0098,0.4573,0.2649
2928,2.928,0.0097,0.0045,-0.0611,-0.0026,1.5639,0.3088
2929,2.929,0.0154,0.0054,-0.0158,-0.0009,1.1121,0.9046
2930,2.93,0.0144,-0.003,0.0608,0.0007,0.1503,0.6497
2931,2.931,0.0118,-0.0019,0.0712,0.0078,-0.2263,0.1068
2932,2.932,0.0093,0.0012,0.0807,0.009,-0.3419,-0.2465
2933,2.933,-0.0022,-0.0014,0.0376,0.0013,-0.4463,-0.1839
2934,2.934,-0.0106,0.0046,0.0298,-0.0017,-0.5411,-0.359
2935,2.935,-0.0182,-0.0023,-0.0059,0.0029,-0.2867,-0.3068
2936,2.936,-0.0168,-0.0031,-0.0643,0.0055,-1.2933,-0.2591
2937,2.937,-0.0156,-0.0022,-0.0721,0.0062,-1.7057,-0.8272
2938,2.938,-0.0052,-0.0059,-0.0934,0.0014,-0.5834,-0.905
2939,2.939,0.0073,0.0019,-0.0741,0.0056,0.1731,-0.2715
2940,2.94,0.0091,0.003,-0.0333,0.0051,0.3126,0.1559
2941,2.941,0.0107,-0.0015,-0.0388,0.0036,0.4384,0.2348
2942,2.942,0.0038,0.0028,-0.0246,0.0024,0.5527,0.3057
2943,2.943,0.005,0.0022,-0.0028,-0.0004,0.4506,0.3702
2944,2.944,0.0041,-0.0041,0.0571,-0.0008,0.9189,0.1961
2945,2.945,0.0114,-0.0049,0.083,-0.006,1.6855,0.5657
2946,2.946,0.0069,0.0066,0.0597,-0.0175,0.9647,0.9982
2947,2.947,0.0061,0.0016,0.0242,-0.0125,-0.0679,0.4748
2948,2.948,0.0055,0.0001,-0.0208,-0.0079,-0.2078,-0.0193
2949,2.949,0.0006,0.007,-0.0264,-0.0066,-0.3343,-0.2131
2950,2.95,0.009,0.0033,0.0109,-0.0004,-0.4487,-0.2725
2951,2.951,0.0146,0.0065,0.0253,0.0006,-0.5525,-0.3265
2952,2.952,0.0156,-0.0007,0.0033,0.0037,-0.4594,-0.2794
2953,2.953,0.0111,-0.0035,-0.0407,0.0082,-1.5663,-0.3237
2954,2.954,-0.0018,-0.0026,-0.0699,0.0107,-1.4162,-0.9198
2955,2.955,-0.011,0.0043,-0.0751,0.0129,-0.1803,-0.6653
2956,2.956,0.011,0.0016,-0.0507,0.0109,0.3201,-0.1228
2957,2.957,0.0138,0.0041,-0.0021,0.0066,0.4732,0.2301
2958,2.958,0.0106,-0.0061,0.0342,0.0086,0.5024,0.2548
2959,2.959,0.0024,0.0008,0.0407,-0.0002,0.6404,0.3191
2960,2.96,0,0.0035,0.0815,0.0009,0.2674,0.2612
2961,2.961,-0.0156,0.0009,0.0867,-0.0094,1.287,0.2084
2962,2.962,-0.0177,0.0015,0.0625,-0.0081,1.4249,0.8327
2963,2.963,-0.0159,0.0008,0.0668,-0.0044,0.5516,0.9179
2964,2.964,-0.0108,-0.0023,0.0147,-0.0034,-0.244,0.375
2965,2.965,-0.0155,0.0064,-0.0209,-0.0004,-0.3493,-0.1194
2966,2.966,-0.0336,-0.005,-0.0016,0.0023,-0.4444,-0.3133
2967,2.967,-0.046,-0.0005,0.0041,-0.0003,-0.5306,-0.3726
2968,2.968,-0.0437,-0.0046,-0.0225,-0.004,-0.4539,-0.4265
2969,2.969,-0.0376,0.0016,-0.0562,-0.0047,-0.8055,-0.2832
2970,2.97,-0.0209,-0.0017,-0.0429,-0.013,-1.7652,-0.5894
2971,2.971,-0.0006,-0.0175,-0.023,-0.0301,-0.8055,-1.0268
2972,2.972,0.0075,-0.0379,-0.0483,-0.0424,0.0695,-0.5041
2973,2.973,0.0147,-0.0188,-0.045,-0.0222,0.4122,0.1303
2974,2.974,0.0169,0.0034,-0.0362,-0.0031,0.5172,0.2166
2975,2.975,0.0149,0.0062,-0.0115,0.0042,0.4251,0.2946
2976,2.976,0.013,-0.013,0.0114,0.002,0.5114,0.365
2977,2.977,0.0113,-0.0254,0.0141,0.0081,0.4348,0.3013
2978,2.978,0.0128,-0.0188,0.0002,0.0099,1.4904,0.3593
2979,2.979,0.0058,0.0117,0.0073,0.0082,1.039,0.9403
2980,2.98,0.0121,-0.0015,0.0006,0.0127,0.3519,0.7082
2981,2.981,0.0152,-0.0216,-0.026,0.0114,-0.2737,0.0736
2982,2.982,0.01,-0.0108,0.0142,0.0102,-0.3886,-0.1837
2983,2.983,0.0014,0.0121,0.0408,0.0092,-0.4923,-0.2625
2984,2.984,0.0046,0.0149,0.0361,0.0101,-0.3994,-0.3337
2985,2.985,0.0076,0.0176,0.0229,0.0074,-0.3145,-0.2706
2986,2.986,0.001,0.0102,0.019,0.0015,-1.3201,-0.213
2987,2.987,-0.0068,0.0123,0.0736,0.013,-1.4576,-0.7945
2988,2.988,-0.0039,0.0021,0.1125,0.0079,-0.5841,-0.8725
2989,2.989,-0.0143,0.0114,0.1052,0.0033,0.2124,-0.3796
2990,2.99,-0.0103,-0.0073,0.0728,0.0019,0.3184,0.1977
2991,2.991,0.001,-0.0197,0.0081,-0.0069,0.4137,0.2767
2992,2.992,0.0025,0.0139,-0.035,-0.0037,0.5003,0.3477
2993,2.993,-0.0072,0.0091,-0.0897,0.0036,0.4241,0.2845
2994,2.994,-0.0061,0.0135,-0.0967,0.0044,0.917,0.227
2995,2.995,-0.0051,0.0173,-0.1031,0.0019,1.6214,0.5967
2996,2.996,-0.0041,0.0137,-0.0855,0.0025,0.9665,1.0295
2997,2.997,0.0004,0.0039,-0.0696,0.0061,0.0279,0.5063
2998,2.998,0.0012,0.0067,-0.0064,0.0103,-0.3482,0.0125
2999,2.999,0.0049,0.0094,-0.0151,0.0015,-0.4627,-0.1809
3000,3,0.0068,0.0021,-0.0073,0.0003,-0.5663,-0.2399
3001,3.001,0.0063,0.0086,-0.0144,-0.0053,-0.4736,-0.2934
3002,3.002,0.0091,0.0066,-0.0337,-0.0043,-0.5591,-0.2459
3003,3.003,0.0043,0.0009,-0.0512,-0.0016,-1.5651,-0.377
3004,3.004,0.0112,-0.0008,-0.0566,-0.0024,-1.1544,-0.9726
3005,3.005,0.012,-0.0023,-0.0521,-0.0017,-0.2802,-0.7175
3006,3.006,0.0161,-0.0037,0.0051,0.0003,0.2892,-0.1744
3007,3.007,0.0124,0.0026,0.0755,0.0046,0.3945,0.1791
3008,3.008,0.0143,0.0036,0.1038,0.0063,0.4896,0.2446
3009,3.009,0.0112,0.0006,0.0779,0.0048,0.5757,0.3035
3010,3.01,0.0141,0.0033,0.0701,0.009,0.3442,0.2514
3011,3.011,0.0105,0.0024,0.0488,0.0119,1.2586,0.2038
3012,3.012,0.0035,-0.0013,0.0424,0.0041,1.3838,0.8593
3013,3.013,-0.0018,-0.0019,0.0131,-0.013,0.5899,0.9537
3014,3.014,-0.0159,0.0023,0.0184,-0.0107,-0.1335,0.3572
3015,3.015,-0.0301,0.0018,0.0136,-0.0218,-0.4171,-0.1858
3016,3.016,-0.0282,0.0014,-0.0085,-0.0279,-0.5037,-0.2574
3017,3.017,-0.013,0.0026,-0.0686,-0.0186,-0.5823,-0.322
3018,3.018,0.0012,-0.0038,-0.0774,-0.0135,-0.3725,-0.3805
3019,3.019,0.003,-0.0046,-0.0383,-0.012,-0.8206,-0.2224
3020,3.02,0.0081,-0.0037,-0.0313,-0.0023,-1.6929,-0.5584
3021,3.021,0.0066,-0.0089,0.0138,-0.0011,-0.8207,-1.0387
3022,3.022,-0.0002,-0.0068,0.0081,0.0021,-0.025,-0.4625
3023,3.023,-0.0191,-0.0085,0.0239,0.0052,0.2863,0.0812
3024,3.024,-0.0163,-0.0032,0.0382,0.0061,0.3816,0.2941
3025,3.025,-0.0039,-0.0037,0.0338,0.0103,0.4677,0.2317
3026,3.026,-0.006,-0.0052,0.022,0.0126,0.3909,0.2908
3027,3.027,-0.0039,0.0037,0.0402,0.0077,0.6018,0.239
3028,3.028,-0.0057,-0.0025,0.0303,0.0072,1.5608,0.3837
3029,3.029,-0.004,-0.0014,-0.0027,0.0032,1.1497,0.9521
3030,3.03,0.0037,-0.0043,-0.0335,0.0007,0.275,0.7207
3031,3.031,0.0024,0.0003,-0.0454,-0.0015,-0.2945,0.0869
3032,3.032,0.0061,0.0013,-0.0636,0.0041,-0.3998,-0.1698
3033,3.033,0.0117,0.0051,-0.0471,0.0034,-0.4949,-0.2481
3034,3.034,0.0127,0.0017,-0.0321,0.0014,-0.5815,-0.3187
3035,3.035,0.0119,0.0013,-0.0073,0.0045,-0.3505,-0.255
3036,3.036,0.0127,0.0009,0.0356,-0.0008,-1.2655,-0.1968
3037,3.037,0.0013,-0.0058,0.0531,-0.0014,-1.6405,-0.8834
3038,3.038,-0.0038,-0.0012,0.0373,-0.0057,-0.6201,-0.977
3039,3.039,-0.0023,-0.002,0.023,-0.0016,0.3421,-0.38
3040,3.04,0.0018,-0.0012,0.001,-0,0.469,0.1637
3041,3.041,-0.007,-0.0031,-0.0189,0.0012,0.583,0.2359
3042,3.042,-0.0037,0.0027,-0.0081,-0.0052,0.4807,0.3011
3043,3.043,-0.0047,0.008,-0.0179,-0.0025,0.3873,0.3602
3044,3.044,-0.0039,0.006,-0.0208,-0.0033,0.8127,0.2026
3045,3.045,-0.0098,0.0003,-0.0127,-0.0027,1.6641,0.6353
3046,3.046,-0.0045,0.0104,-0.025,0.008,0.8707,1.0427
3047,3.047,0.0005,0.0064,-0.0361,0.0095,-0.0592,0.4619
3048,3.048,-0.0078,-0.0024,-0.0135,0.0026,-0.4362,-0.0813
3049,3.049,0.0001,0.0009,0.0196,0.0063,-0.3252,-0.1528
3050,3.05,0.0074,0.0039,0.033,0.0073,-0.43,-0.2174
3051,3.051,0.0121,-0.0025,0.0293,0,-0.525,-0.276
3052,3.052,0.0079,0.0035,0.0695,-0.0045,-0.4409,-0.2236
3053,3.053,0.0042,-0.0034,0.0642,-0.0071,-1.6026,-0.3679
3054,3.054,0.0007,-0.0061,0.0303,-0.0064,-1.1063,-1.0232
3055,3.055,0.0065,-0.0019,0.0348,-0.0043,-0.3507,-0.7425
3056,3.056,0.0088,-0.0026,0.0467,-0.0038,0.3371,-0.1452
3057,3.057,0.0011,-0.0061,0.0069,-0.0032,0.4632,0.2437
3058,3.058,-0.002,0.0022,-0.0194,0.0026,0.577,0.3155
3059,3.059,-0.0031,0.0029,-0.0324,0.0041,0.4966,0.3166
3060,3.06,-0.0058,-0.0027,-0.0178,0.0035,0.3941,0.2533
3061,3.061,-0.0117,0.0003,-0.0397,0.0015,1.2363,0.1957
3062,3.062,-0.008,-0.0042,-0.0435,0.0033,1.3497,0.8827
3063,3.063,-0.0044,0.0017,-0.0326,-0.0031,0.6275,0.7898
3064,3.064,-0.0048,0.001,-0.0359,-0.0005,-0.2183,0.3635
3065,3.065,-0.0019,-0.0068,-0.003,0.0017,-0.3342,-0.1798
3066,3.066,0.0038,0.0004,0.0102,0.0024,-0.4391,-0.2514
3067,3.067,0.0045,0.0031,-0.026,-0.0006,-0.5344,-0.3162
3068,3.068,0.0039,0.009,-0.0503,-0.007,-0.4503,-0.3748
3069,3.069,0.0044,-0.0026,-0.0019,-0.0078,-0.9926,-0.3226
3070,3.07,-0.002,-0.0077,0.0044,-0.0008,-1.767,-0.659
3071,3.071,-0.0028,-0.0032,-0.0015,0.0019,-0.8403,-0.965
3072,3.072,-0.0079,-0.0184,0.0249,0.0012,0.0344,-0.4486
3073,3.073,-0.0043,-0.0286,0.0104,0.0034,0.3768,0.0452
3074,3.074,-0.0038,-0.0305,-0.0117,0.0055,0.4813,0.2388
3075,3.075,-0.0008,-0.0052,0.0084,0.0124,0.5757,0.298
3076,3.076,-0.0013,0.0056,0.0488,0.0133,0.4912,0.3515
3077,3.077,-0.0016,0.0088,0.0438,0.0159,0.5688,0.3039
3078,3.078,0.0049,0.0059,0.0199,0.0074,1.6241,0.3478
3079,3.079,0.0095,0.0086,0.0157,0.0019,1.1724,0.9434
3080,3.08,0.0121,0.0062,0.0118,-0.0034,0.2107,0.6884
3081,3.081,0.0159,0.0128,-0.021,0.007,-0.4151,0.1453
3082,3.082,0.0252,0.0066,-0.0608,0.003,-0.3039,-0.2082
3083,3.083,0.0088,0.0047,-0.0021,-0.0033,-0.4082,-0.2734
3084,3.084,0.0023,0.0064,0.0057,-0.0065,-0.5028,-0.3322
3085,3.085,-0.0037,0.014,-0.0298,-0.0055,-0.4184,-0.28
3086,3.086,0.0019,-0.0013,-0.0233,-0.0101,-1.4245,-0.2324
3087,3.087,0.0002,0.0048,0.006,-0.0109,-1.562,-0.8878
3088,3.088,-0.0043,-0.0046,0.0112,-0.0147,-0.6887,-0.7949
3089,3.089,-0.0084,-0.0063,-0.013,-0.014,0.3342,-0.3685
3090,3.09,-0.0047,0.0043,-0.0262,-0.0046,0.4741,0.175
3091,3.091,-0.0036,0.0029,-0.0462,-0.0033,0.6004,0.2467
3092,3.092,-0.0006,-0.0008,-0.0427,-0.0022,0.4886,0.3115
3093,3.093,0.0002,0.0023,-0.0263,0.0034,0.3866,0.3701
3094,3.094,-0.004,-0.0029,-0.0235,0.0043,0.855,0.2121
3095,3.095,-0.0109,0.0016,0.0066,0.0051,1.622,0.5485
3096,3.096,-0.0082,0.0024,0.0183,0.0076,0.9014,1.0292
3097,3.097,-0.0177,0.0002,0.0075,0.0039,-0.1308,0.4535
3098,3.098,-0.014,0.0008,-0.0156,0.0103,-0.2704,-0.09
3099,3.099,-0.0108,0.0025,0.0173,0.0144,-0.3966,-0.162
3100,3.1,-0.0014,0.0029,0.057,0.0029,-0.5107,-0.2271
3101,3.101,-0.0026,-0.0049,0.0834,-0.0057,-0.4085,-0.286
3102,3.102,0.0029,-0.0017,0.0881,-0.0073,-0.5024,-0.2338
3103,3.103,-0.0001,-0.0007,0.0307,-0.0114,-1.6091,-0.3783
3104,3.104,-0.0105,-0.0092,-0.024,-0.0177,-1.1572,-1.0338
3105,3.105,-0.0009,0.0032,-0.0453,-0.0327,-0.1953,-0.7534
3106,3.106,0.0129,-0.0019,-0.0647,-0.0389,0.4306,-0.1564
3107,3.107,0.011,-0.0004,-0.0592,-0.0296,0.3197,0.2322
3108,3.108,0.016,0.001,-0.0113,-0.0111,0.4242,0.3036
3109,3.109,0.0114,-0.0028,0.0208,0.0012,0.519,0.3682
3110,3.11,0.0018,0.0004,0.0264,0.0034,0.4348,0.3106
3111,3.111,-0.0172,0.0034,0.0315,0.0054,1.2863,0.2579
3112,3.112,-0.0199,0.0026,0.0557,0.0034,1.4004,0.8824
3113,3.113,-0.0176,-0.0017,0.0424,0.0085,0.4725,0.7977
3114,3.114,-0.0021,0.0005,0.0385,0.0069,-0.1532,0.255
3115,3.115,0.0081,0.0111,0.0492,0.0109,-0.2689,-0.0984
3116,3.116,0.0099,0.0065,0.0394,0.0071,-0.5789,-0.2919
3117,3.117,0.0048,0.0079,0.0308,0.0127,-0.4862,-0.2349
3118,3.118,0.0063,0.0041,0.0227,0.0096,-0.4017,-0.2884
3119,3.119,0.0022,0.0009,0.0599,0.0159,-0.9437,-0.2409
3120,3.12,-0.0016,-0.0043,0.0652,0.0081,-1.7179,-0.6343
3121,3.121,-0.0095,-0.0035,0.0314,0.005,-0.9971,-1.0044
3122,3.122,-0.0105,0.006,-0.0348,0.0114,0.0359,-0.4758
3123,3.123,-0.0114,-0.0054,-0.1203,0.0071,0.4503,0.018
3124,3.124,-0.0037,-0.0039,-0.2239,0.0123,0.5767,0.2115
3125,3.125,0.0057,-0.0025,-0.2101,0.0102,0.4651,0.2704
3126,3.126,0.0094,-0.0061,-0.147,0.0044,0.3634,0.3239
3127,3.127,0.0061,-0.0051,-0.0434,0.0007,0.4574,0.2762
3128,3.128,0.003,0.0023,0.026,-0.0043,1.5645,0.4072
3129,3.129,0.0057,-0.0041,0.0383,-0.0112,1.1129,1.0027
3130,3.13,0.0048,0.0038,0.0265,-0.0121,0.1513,0.7475
3131,3.131,-0.0005,-0.0034,0.0159,-0.001,-0.2253,0.0496
3132,3.132,-0.0025,0.0012,0.0251,0.0035,-0.3407,-0.2332
3133,3.133,-0.0009,-0.0013,0.0162,0.0021,-0.4449,-0.3197
3134,3.134,-0.0014,-0.0035,0.0239,0.0009,-0.5394,-0.2435
3135,3.135,0.0054,-0.0028,0.0595,0.0087,-0.455,-0.3145
3136,3.136,0.0027,0.0003,0.0402,0.0034,-1.3064,-0.251
3137,3.137,0.0035,-0.0026,0.0346,0.0061,-1.6471,-0.8905
3138,3.138,0.0028,-0,0.019,0.0086,-0.5132,-0.9761
3139,3.139,0.0035,0.0012,0.0048,0.008,0.2437,-0.2788
3140,3.14,0.0065,0.0024,0.0093,0.0087,0.3834,0.1908
3141,3.141,-0.0012,0.0005,0.0134,-0.0008,0.5094,0.2771
3142,3.142,-0.0002,-0.0005,0.0099,0.0033,0.6237,0.3551
3143,3.143,0.0062,0.0012,0.0198,-0.0004,0.3156,0.2852
3144,3.144,-0.0016,0.0026,0.0111,-0.0036,0.9712,0.2214
3145,3.145,0.0036,0.0002,0.0031,-0.0025,1.5675,0.6279
3146,3.146,0.0063,0.0053,0.0155,-0.0051,0.8709,0.9976
3147,3.147,0.0071,0.0033,0.0266,0.0009,0.0256,0.4686
3148,3.148,0.0078,0.0002,0.0245,0.0032,-0.3169,-0.0255
3149,3.149,0.0171,0.0031,0.0374,0.0053,-0.4213,-0.2193
3150,3.15,0.0134,0.0026,0.022,0.0049,-0.5159,-0.2786
3151,3.151,0.0078,-0.0035,-0.0087,-0.0039,-0.4318,-0.3324
3152,3.152,0.0048,0.006,-0.0485,-0.0101,-0.5096,-0.2853
3153,3.153,-0.0016,0.0022,-0.0219,0.0003,-1.565,-0.4168
3154,3.154,-0.0057,-0.0034,0.0023,0.0016,-1.1132,-1.0128
3155,3.155,-0.0064,-0.0024,0.0421,-0.002,-0.1513,-0.7582
3156,3.156,-0.0141,-0.0051,0.0157,-0.001,0.2253,-0.0607
3157,3.157,-0.0171,0.0044,0.0014,-0.0104,0.3408,0.2214
3158,3.158,-0.0179,0.0056,-0.0205,-0.0166,0.4449,0.3074
3159,3.159,-0.017,0.0066,-0.0322,-0.0132,0.5392,0.3851
3160,3.16,-0.0087,0.0017,-0.0562,-0.001,0.3763,0.3045
3161,3.161,-0.0109,-0.0014,-0.0596,-0.0081,1.3128,0.2343
3162,3.162,-0.0089,0.005,-0.0099,-0.0072,1.438,0.8095
3163,3.163,0.0005,-0.0045,-0.0027,-0.0029,0.644,0.887
3164,3.164,0.0046,0.0018,-0.0349,-0.0006,-0.2856,0.2527
3165,3.165,0.0009,0.0007,-0.0758,0.0002,-0.4124,-0.1749
3166,3.166,0.0042,0.006,-0.0386,0.0045,-0.527,-0.2541
3167,3.167,0.0115,0.0014,-0.0143,0.0062,-0.4255,-0.3254
3168,3.168,0.0124,-0.0012,0.0077,0.0078,-0.3327,-0.3902
3169,3.169,0.0065,-0.0034,0.0356,0.0082,-0.9289,-0.2166
3170,3.17,0.0043,-0.0055,0.0391,0.0043,-1.7807,-0.5867
3171,3.171,0.0064,0.0002,0.0488,0.0079,-0.9876,-1.0198
3172,3.172,0.0047,-0.0113,0.0458,0.0082,0.1479,-0.4966
3173,3.173,0.0088,-0.0367,0.0319,0.0018,0.3015,0.138
3174,3.174,0.0053,-0.0259,0.0044,-0.0046,0.4405,0.2246
3175,3.175,-0.0016,0.0038,0.0075,-0.0054,0.5663,0.3029
3176,3.176,-0.0046,-0.0001,0.0567,-0.0017,0.4539,0.3736
3177,3.177,-0.0072,-0.0255,0.1062,0.0032,0.5573,0.31
3178,3.178,0.0023,-0.0288,0.0998,0.0001,1.5874,0.3683
3179,3.179,0.0061,-0.0017,0.0942,-0.0004,1.1767,0.9496
3180,3.18,-0.0017,0.0163,0.0786,0.0031,0.3024,0.7178
3181,3.181,-0.0111,0.0065,0.0062,0.0042,-0.2669,0.0834
3182,3.182,-0.0225,0.0153,-0.0874,0.0022,-0.3718,-0.1739
3183,3.183,-0.0301,0.0125,-0.0997,-0.0035,-0.4665,-0.2526
3184,3.184,-0.0149,0.0101,-0.1111,-0.0044,-0.5524,-0.3236
3185,3.185,-0.0089,0.0167,-0.163,-0.0037,-0.321,-0.388
3186,3.186,-0.0033,0.0024,-0.1535,-0.0017,-1.3762,-0.3303
3187,3.187,0.0119,0.0043,-0.1103,-0.0048,-1.5276,-0.9115
3188,3.188,0.0139,0.0059,-0.0396,-0.0053,-0.5667,-0.8346
3189,3.189,0.0121,-0.0017,-0.0299,-0.0028,0.3087,-0.2006
3190,3.19,0.0104,0.0023,-0.021,-0.0025,0.4244,0.2271
3191,3.191,0.0119,0.0011,0.0025,-0.0046,0.5287,0.3062
3192,3.192,0.0105,0.0001,0.0381,-0.0004,0.4362,0.3774
3193,3.193,0.0042,-0.0009,0.0446,-0.0093,0.3518,0.3144
3194,3.194,0.0074,0.0094,0.0739,-0.0283,0.8937,0.2568
3195,3.195,0.0001,0.008,0.0792,-0.0256,1.6679,0.6268
3196,3.196,-0.0026,0.0091,0.1325,-0.0084,0.7406,0.9637
3197,3.197,0.0016,0.0059,0.1395,0.0027,-0.1344,0.4833
3198,3.198,-0.01,0.0028,0.1072,0.0047,-0.4768,-0.0937
3199,3.199,-0.0151,0.002,0.0661,0.0102,-0.3759,-0.1724
3200,3.2,-0.0012,-0.0023,0.018,0.0118,-0.4708,-0.2435
3201,3.201,-0.0143,0.0047,-0.0405,0.0102,-0.3868,-0.308
3202,3.202,-0.0126,-0.0057,-0.0797,0.0088,-0.6195,-0.2503
3203,3.203,-0.0051,-0.0043,-0.1296,0.0025,-1.6749,-0.4086
3204,3.204,0.0018,-0.0006,-0.1104,0.0014,-1.2231,-1.0332
3205,3.205,0.0054,0.0004,-0.093,-0.0017,-0.2615,-0.6076
3206,3.206,0.0021,-0.0048,-0.0558,-0.0081,0.3644,-0.0643
3207,3.207,0.0073,-0.0057,-0.0315,-0.004,0.4796,0.2895
3208,3.208,0.0157,0.0002,-0.0271,-0.0033,0.5837,0.2271
3209,3.209,0.0166,-0.0035,-0.0072,0.0015,0.4912,0.2863
3210,3.21,0.0135,0.0014,0.0109,0.0097,0.4067,0.3399
3211,3.211,0.0108,0.0009,0.014,0.0065,1.2581,0.1965
3212,3.212,0.0029,0.0004,0.0168,0.0074,1.3719,0.852
3213,3.213,-0.0129,0.0051,0.0415,0.001,0.4437,0.7592
3214,3.214,-0.0063,0.0034,0.0252,0.0052,-0.1821,0.3331
3215,3.215,-0.0083,-0.0053,0.0166,0.0089,-0.2981,-0.2102
3216,3.216,-0.0102,0.0009,0.0303,0.0096,-0.4025,-0.2816
3217,3.217,-0.0153,-0.0023,0.0327,0.0126,-0.4974,-0.3462
3218,3.218,-0.0046,-0.0033,0.0349,0.0062,-0.4132,-0.2886
3219,3.219,-0.0006,0.0052,0.0573,0.007,-0.9553,-0.236
3220,3.22,-0.0017,-0.0004,0.0722,0.0018,-1.7295,-0.6681
3221,3.221,-0.005,-0.0034,0.0421,-0.0032,-0.8027,-1.0747
3222,3.222,-0.004,0.0012,0.07,-0.0001,0.0722,-0.4928
3223,3.223,-0.0031,-0.0031,0.1245,0.0004,0.4149,0.0512
3224,3.224,-0.016,-0.0053,0.1166,0.0008,0.5197,0.2641
3225,3.225,-0.0179,-0.0032,0.0382,0.0059,0.4274,0.3294
3226,3.226,-0.0162,0.0026,-0.0346,0.0052,0.5135,0.2726
3227,3.227,-0.0056,0.002,-0.12,0.0022,0.5912,0.2207
3228,3.228,0.007,0,-0.1544,-0.0031,1.6464,0.3654
3229,3.229,0.0121,0.0006,-0.144,-0.008,1.1947,1.0211
3230,3.23,0.0227,-0.0046,-0.1154,-0.0174,0.233,0.7408
3231,3.231,0.0296,-0.001,-0.0549,-0.0161,-0.3928,0.144
3232,3.232,0.0308,0.0033,-0.0158,-0.0072,-0.5082,-0.2443
3233,3.233,0.0183,0.0029,-0.0089,-0.004,-0.4067,-0.3154
3234,3.234,0.0064,-0.0006,0.0361,-0.003,-0.5013,-0.2519
3235,3.235,0.0019,0.0017,0.0184,-0.0021,-0.4168,-0.3103
3236,3.236,-0.0077,0.0047,-0.0511,-0.0012,-1.4229,-0.2576
3237,3.237,-0.0015,0.0012,-0.0986,0.0025,-1.5608,-0.882
3238,3.238,-0.0046,-0.0018,-0.0727,0.009,-0.438,-0.9674
3239,3.239,-0.0056,-0.003,-0.0181,0.01,0.3191,-0.2696
3240,3.24,0.0009,-0.0019,0.0032,0.0138,0.4589,0.2006
3241,3.241,-0.0033,-0.0022,0.0484,0.0061,0.585,0.2874
3242,3.242,-0.0025,0.0016,0.0541,0.001,0.473,0.3657
3243,3.243,-0.0018,0.0028,0.0277,-0.0035,0.3709,0.2963
3244,3.244,-0.0048,0.0008,0.0422,-0.0042,1.0264,0.2329
3245,3.245,-0.0006,0.0018,0.0555,0.0012,1.6229,0.6399
3246,3.246,0.003,0.0035,0.0755,-0.0036,0.7715,1.0099
3247,3.247,0.0027,-0.0015,0.0647,0.0023,-0.0239,0.4812
3248,3.248,0.0007,-0.0035,0.0551,0.0031,-0.3352,-0.0125
3249,3.249,-0.005,-0.0065,0.0524,0.0082,-0.4306,-0.206
3250,3.25,-0.0007,-0.0025,0.0277,0.0053,-0.5166,-0.265
3251,3.251,0.0063,-0.004,0.0114,0.0026,-0.4398,-0.3186
3252,3.252,0.0036,0.003,-0.0157,-0.005,-0.6508,-0.2711
3253,3.253,0.0096,0.006,-0.0265,-0.0081,-1.6103,-0.4024
3254,3.254,0.0196,-0.0024,-0.0364,-0.0028,-1.1995,-0.9982
3255,3.255,0.0045,0.0032,-0.0514,0.0037,-0.3253,-0.7433
3256,3.256,0.0066,0.0001,-0.0487,0.0013,0.244,-0.0454
3257,3.257,0.0048,-0.0007,-0.0163,0.0066,0.3493,0.237
3258,3.258,-0.007,0.0035,0.0057,0.0073,0.4441,0.3232
3259,3.259,0.0006,0.0072,0.0096,0.0104,0.5305,0.2463
3260,3.26,0.0076,0.0037,0.006,0.0052,0.4539,0.317
3261,3.261,0.0047,-0.0021,-0.0147,-0.0025,1.3441,0.2539
3262,3.262,-0.004,0.0022,-0.051,-0.0045,1.415,0.8292
3263,3.263,-0.0143,0.0005,-0.0654,-0.0074,0.5824,0.9067
3264,3.264,-0.0103,-0.0053,-0.0347,-0.0069,-0.2136,0.2724
3265,3.265,-0.014,0.0047,0.0254,-0.0084,-0.3187,-0.155
3266,3.266,-0.015,0.0033,0.0685,-0.0015,-0.4135,-0.2342
3267,3.267,-0.0223,-0.003,0.0763,-0.0004,-0.4995,-0.3055
3268,3.268,-0.0119,0.0002,0.0692,0.006,-0.4227,-0.3705
3269,3.269,0.0033,-0.0008,0.0369,0.0085,-0.9151,-0.3131
3270,3.27,0.0013,-0.0035,0.0194,0.0047,-1.747,-0.7891
3271,3.271,-0.0006,0.0007,0.0247,0.0011,-0.9538,-1.1094
3272,3.272,0.0045,-0.0046,0.0391,0.0028,-0.0241,-0.4702
3273,3.273,0.003,-0.0095,-0.0094,-0.0025,0.3525,0.127
3274,3.274,-0.0039,-0.0026,-0.0677,0.0024,0.4676,0.2058
3275,3.275,-0.005,-0.0017,-0.0599,-0.0019,0.5719,0.2769
3276,3.276,-0.0105,-0.0077,-0.067,-0.0036,0.4792,0.3414
3277,3.277,-0.0075,-0.0025,-0.0864,-0.0021,0.5649,0.2837
3278,3.278,0.0066,0.0024,-0.0924,0.0029,1.5714,0.442
3279,3.279,0.0127,0.0019,-0.0767,-0.0008,1.1607,0.9705
3280,3.28,0.0109,-0.0022,-0.0138,-0.0003,0.2865,0.6191
3281,3.281,0.0059,-0.01,0.0465,0.0013,-0.2828,0.042
3282,3.282,0.0013,-0.0271,0.0698,-0.0014,-0.3876,-0.192
3283,3.283,-0.0027,-0.0198,0.0628,-0.0011,-0.4823,-0.2637
3284,3.284,-0.0039,0.0049,0.0436,-0.006,-0.568,-0.3285
3285,3.285,0.0039,0.0081,0.0262,-0.0118,-0.3365,-0.2713
3286,3.286,0.0048,0.0052,0.021,-0.0234,-1.3915,-0.2191
3287,3.287,-0.0037,0.0025,0.0452,-0.0354,-1.5428,-0.94
3288,3.288,-0.0027,0.0097,0.0496,-0.0248,-0.5817,-0.8377
3289,3.289,-0.0185,-0.0014,0.0458,-0.0097,0.294,-0.1817
3290,3.29,-0.0164,0.0046,0.0277,0.0003,0.41,0.2458
3291,3.291,-0.0063,0.0102,-0.0021,-0.0128,0.5146,0.3246
3292,3.292,-0.0045,0.0085,-0.0381,-0.0282,0.6095,0.2554
3293,3.293,-0.0063,0.0039,-0.0237,-0.0222,0.355,0.3201
3294,3.294,-0.0048,0.0025,-0.0105,-0.0093,1.052,0.2625
3295,3.295,-0.0118,0.0037,0.0014,0.0025,1.521,0.6322
3296,3.296,-0.0005,0.0093,-0.053,-0.0083,0.7548,0.9688
3297,3.297,0.007,0.0041,-0.1075,-0.0209,0.0317,0.4881
3298,3.298,0.011,0.0014,-0.0719,-0.016,-0.4388,-0.0891
3299,3.299,0.0098,0.0039,-0.0654,0.0039,-0.5254,-0.1679
3300,3.3,0.0065,-0.0014,-0.048,0.0119,-0.4491,-0.239
3301,3.301,0.0054,-0.0034,-0.0215,0.0191,-0.3795,-0.3037
3302,3.302,0.0008,-0.0039,0.0123,0.0256,-0.5714,-0.2462
3303,3.303,0.0016,-0.001,0.043,0.0194,-1.4432,-0.4047
3304,3.304,0.0069,0.0015,0.023,0.0286,-1.0698,-1.0294
3305,3.305,0.0048,0.0003,0.0048,0.0301,-0.2747,-0.6039
3306,3.306,0.0143,0.0023,0.0344,0.0255,0.4489,-0.0606
3307,3.307,0.0129,-0.0002,0.0783,0.024,0.3578,0.2928
3308,3.308,0.0117,0.0015,0.0955,0.0076,0.4444,0.2301
3309,3.309,0.0039,0.0025,0.0688,-0.0037,0.5229,0.2891
3310,3.31,0.0069,0.0067,0.0252,0.0023,0.4535,0.3425
3311,3.311,0.0096,0.0098,0.0426,-0.0034,1.4132,0.2949
3312,3.312,0.0036,0.001,0.0267,0.0084,1.5513,0.863
3313,3.313,-0.0002,0.0047,0.0025,0.0128,0.4288,0.7862
3314,3.314,-0.0022,0.0037,-0.0019,0.0141,-0.3278,0.2934
3315,3.315,-0.0018,-0.0036,-0.0298,0.0103,-0.4671,-0.1558
3316,3.316,-0.0047,0.0049,-0.0189,0.0113,-0.5928,-0.2152
3317,3.317,-0,-0.01,-0.022,0.0123,-0.4805,-0.2688
3318,3.318,0.0004,-0.008,-0.0191,0.0114,-0.3782,-0.3175
3319,3.319,-0.0036,0.0013,-0.0163,-0.0014,-1.0337,-0.2742
3320,3.32,-0.0114,-0.0004,-0.0486,-0.007,-1.63,-0.6316
3321,3.321,-0.0146,-0.0019,-0.0441,-0.0053,-0.7785,-0.9682
3322,3.322,-0.0136,-0.006,-0.0402,-0.0068,0.0173,-0.4873
3323,3.323,-0.0221,-0.0022,-0.0582,-0.0137,0.3289,0.0903
3324,3.324,-0.0143,0.001,-0.055,-0.0126,0.4244,0.1697
3325,3.325,-0.007,0.004,-0.0102,-0.0048,0.5108,0.2413
3326,3.326,-0.0005,-0.0024,0.0609,0.0025,0.4345,0.3063
3327,3.327,0.0004,-0.0032,0.0514,-0.0021,0.6459,0.2491
3328,3.328,0.0026,-0.0009,0.0427,0.0039,1.6054,0.4079
3329,3.329,0.0047,0.0041,0.0191,0.0046,1.1947,1.0329
3330,3.33,0.0053,-0.0016,-0.0166,0.0067,0.071,0.6076
3331,3.331,0.0001,-0.0023,-0.0103,0.0072,-0.3843,0.0647
3332,3.332,0.0037,-0.0029,-0.0045,0.0044,-0.5235,-0.2884
3333,3.333,0.0132,-0.0033,0.0116,0.0009,-0.4003,-0.2254
3334,3.334,0.0146,-0.0074,0.0262,0.0013,-0.5144,-0.2839
3335,3.335,0.0084,-0.0016,0.0045,0.0002,-0.4124,-0.3372
3336,3.336,0.0028,-0.0115,-0.0231,0.0028,-1.4425,-0.2894
3337,3.337,0.008,-0.0045,-0.0121,-0.0024,-1.5805,-0.8572
3338,3.338,0.0221,0.0069,0.0178,-0.0017,-0.4577,-0.9349
3339,3.339,0.02,0.0055,0.0699,-0.0023,0.2992,-0.3007
3340,3.34,0.0144,-0.0041,0.0628,-0.0026,0.4387,0.1269
3341,3.341,0.0026,0.0022,0.0304,-0.0113,0.5645,0.2059
3342,3.342,-0.0112,0.0012,0.013,-0.01,0.4522,0.2769
3343,3.343,-0.0168,-0.004,-0.0564,-0.0067,0.3498,0.3415
3344,3.344,0.0018,0.0006,-0.1227,-0.0096,1.0052,0.284
3345,3.345,0.0091,0.0014,-0.0796,-0.003,1.6015,0.6537
3346,3.346,0.0069,-0.0023,-0.0248,-0.002,0.7495,0.9905
3347,3.347,-0.0032,0.0084,0.0109,-0.004,-0.0464,0.4224
3348,3.348,-0.0013,-0.0023,0.0174,-0.0059,-0.358,-0.121
3349,3.349,-0.0063,0.0074,0.0118,-0.0052,-0.4537,-0.1929
3350,3.35,-0.0108,-0.0014,0.0067,-0.0034,-0.5404,-0.2579
3351,3.351,-0.0121,-0.0005,-0.0076,-0.0027,-0.4643,-0.3167
3352,3.352,-0.0208,0.0068,0.0145,-0.0022,-0.5351,-0.2646
3353,3.353,-0.0217,0.0095,0.0264,0.0044,-1.495,-0.4091
3354,3.354,-0.0227,0.0017,0.0373,0.0018,-1.0844,-1.0646
3355,3.355,-0.0123,0.0027,0.0603,0.0045,-0.2103,-0.597
3356,3.356,-0.0026,-0.0038,0.0812,0.0009,0.3586,0.0002
3357,3.357,0.0063,-0.0013,0.04,0.003,0.4632,0.2338
3358,3.358,0.0095,0.0024,-0.0246,0.0036,0.5575,0.305
3359,3.359,0.0001,0.0004,-0.0332,0.01,0.4728,0.3694
3360,3.36,0.0013,0.0046,-0.0409,0.0143,0.3958,0.3117
3361,3.361,0.0091,0.005,-0.0338,0.0106,1.31,0.2591
3362,3.362,0.0071,0.0021,-0.0263,0.001,1.3945,0.8865
3363,3.363,0.0102,0.0046,-0.0068,-0.0038,0.5205,0.8386
3364,3.364,0.0147,0.0034,-0.0009,-0.008,-0.2756,0.2695
3365,3.365,0.0139,-0.0031,-0.0167,-0.0085,-0.3813,-0.1194
3366,3.366,0.0069,0.0033,-0.0215,-0.0143,-0.4769,-0.1914
3367,3.367,0.0023,-0.0045,-0.0172,-0.0242,-0.5634,-0.2563
3368,3.368,0.0065,0.0006,-0.0134,-0.0173,-0.3322,-0.3152
3369,3.369,-0.002,-0.0003,-0.0172,-0.0009,-0.9658,-0.263
3370,3.37,-0.0052,0.0022,-0.0206,0.0103,-1.7328,-0.6958
3371,3.371,-0.0083,-0.0016,-0.0237,0.0123,-0.8058,-1.103
3372,3.372,-0.0111,-0.0023,0.0062,0.0066,0.0689,-0.5219
3373,3.373,-0.0136,0.0007,0.0501,0.0083,0.4111,0.0214
3374,3.374,-0.0099,-0.0081,0.0557,0.0098,0.5156,0.2337
3375,3.375,-0.0135,-0.0271,0.0291,0.0084,0.4231,0.2984
3376,3.376,-0.0166,-0.0353,0.0339,0.0046,0.509,0.3569
3377,3.377,-0.0125,-0.0181,0.1001,0.0056,0.5866,0.3045
3378,3.378,-0.0058,0.0111,0.1097,0.0003,1.6419,0.4486
3379,3.379,0.0006,-0.0008,0.0493,0.0011,1.1898,1.0165
3380,3.38,0.0014,-0.0262,-0.0054,-0.0032,0.228,0.6297
3381,3.381,0.0066,-0.0164,-0.0697,-0.0025,-0.3983,-0.0048
3382,3.382,0.0046,0.0106,-0.1475,-0.0062,-0.5135,-0.2619
3383,3.383,0.0063,0.0141,-0.1788,0.0007,-0.412,-0.186
3384,3.384,0.015,0.0043,-0.1315,-0.0058,-0.5063,-0.257
3385,3.385,0.0238,0.0014,-0.0367,-0.0067,-0.4219,-0.3215
3386,3.386,0.027,-0.0234,0.0263,-0.0045,-1.4281,-0.2638
3387,3.387,0.0196,-0.007,0.0608,-0.0053,-1.5659,-0.9507
3388,3.388,0.0074,0.0138,0.0505,-0.0037,-0.4429,-0.8576
3389,3.389,-0.0112,0.0165,0.041,-0.002,0.3144,-0.261
3390,3.39,0.006,0.0041,0.0152,0.0057,0.4541,0.2824
3391,3.391,0.0082,0.0107,-0.0081,0.0024,0.5802,0.2137
3392,3.392,0.0021,0.0087,-0.0009,-0.0134,0.4683,0.2784
3393,3.393,0.0076,0.0068,0.0183,-0.029,0.3661,0.3372
3394,3.394,-0.0044,0.0118,-0.0349,-0.031,1.0219,0.1794
3395,3.395,-0.012,0.0133,-0.0994,-0.0143,1.6185,0.6121
3396,3.396,-0.0134,0.0064,-0.0737,-0.0032,0.7671,1.0192
3397,3.397,-0.0146,0.0126,-0.0347,-0.0012,-0.0284,0.4379
3398,3.398,-0.0179,0.0023,0.0151,-0.0031,-0.3396,-0.1054
3399,3.399,-0.0232,0.0092,0.0475,0.0019,-0.4348,-0.1771
3400,3.4,-0.0336,0.0055,0.0651,0.0064,-0.521,-0.2419
3401,3.401,-0.035,-0.0001,0.0706,0.0077,-0.4444,-0.3004
3402,3.402,-0.0161,0.0009,0.0755,0.0139,-0.6554,-0.2481
3403,3.403,-0.0025,0,0.0447,0.0171,-1.6147,-0.3923
3404,3.404,0.0048,0.006,0.0246,0.018,-1.2036,-1.0477
3405,3.405,0.0069,0.0007,0.0718,0.0134,-0.0797,-0.5798
3406,3.406,0.0089,0.0043,0.0524,0.0039,0.3758,0.0176
3407,3.407,0.007,-0.0052,0.0114,0.0001,0.515,0.2517
3408,3.408,0.0054,0.0017,-0.0151,-0.0009,0.392,0.3232
3409,3.409,0.0038,-0.002,-0.0394,0.0063,0.5061,0.2601
3410,3.41,0.0051,-0.003,-0.1056,0.0071,0.4041,0.3187
3411,3.411,0.0088,-0.002,-0.1341,0.0096,1.4343,0.2663
3412,3.412,0.0143,0.0008,-0.0912,0.0059,1.2981,0.891
3413,3.413,0.0133,-0.0051,-0.0366,0.0023,0.4246,0.8063
3414,3.414,0.0124,0.0033,0.0131,-0.0008,-0.1443,0.2637
3415,3.415,0.0149,0.0001,0.0582,-0.0025,-0.4553,-0.2302
3416,3.416,0.0127,0.0012,0.0991,0,-0.5503,-0.2955
3417,3.417,0.0134,-0.0015,0.115,0.0069,-0.4664,-0.3543
3418,3.418,0.0139,0.0044,0.0907,0.0059,-0.3899,-0.3022
3419,3.419,0.0075,0.0007,0.0686,0.005,-1.0231,-0.2546
3420,3.42,-0.0037,-0.0042,0.0405,0.0092,-1.6195,-0.6478
3421,3.421,-0.0022,0.0001,0.0074,0.0023,-0.7678,-1.0179
3422,3.422,-0.0008,-0.0063,-0.0147,-0.0023,0.0281,-0.4892
3423,3.423,0.0003,-0.0071,-0.0348,-0.0048,0.3397,0.1456
3424,3.424,0.0014,-0.0001,-0.0675,-0.0117,0.4352,0.2326
3425,3.425,0.0004,-0.0028,-0.0717,-0.0033,0.5216,0.3112
3426,3.426,0.0049,-0.0053,-0.0596,0.0045,0.445,0.3823
3427,3.427,0.0024,0.0016,-0.0193,0.0076,0.6562,0.319
3428,3.428,-0.0045,-0.0068,0.0289,0.0122,1.6159,0.3774
3429,3.429,0.002,-0.0011,0.0482,0.0079,1.2052,0.9587
3430,3.43,-0.0039,-0.0041,0.0538,0.0073,0.0815,0.5721
3431,3.431,-0.0108,-0.0014,0.0164,-0.0034,-0.3738,0.0786
3432,3.432,-0.0043,-0.0005,0.0115,-0.0049,-0.5132,-0.243
3433,3.433,-0.0034,0.0049,-0.0019,-0.0062,-0.39,-0.3022
3434,3.434,0.0004,-0.0044,-0.038,-0.0074,-0.5043,-0.3557
3435,3.435,-0.006,-0.0031,-0.0817,-0.0042,-0.4019,-0.3083
3436,3.436,-0.0068,0.0025,-0.0759,-0.0052,-1.4321,-0.265
3437,3.437,-0.009,-0.0027,-0.0277,-0.0006,-1.5699,-0.8607
3438,3.438,-0.0054,-0.0017,-0.0084,-0.0118,-0.4471,-0.7761
3439,3.439,-0.0149,-0.0075,-0.0848,-0.0103,0.3101,-0.2335
3440,3.44,-0.0053,-0.0052,-0.0536,-0.0172,0.4496,0.2604
3441,3.441,0.006,0.0012,0.0318,-0.016,0.5756,0.1981
3442,3.442,-0.0016,0.0022,0.0893,-0.0081,0.4634,0.2568
3443,3.443,-0.0002,0.0029,0.0996,0.0014,0.361,0.3102
3444,3.444,0.0009,0.0094,0.0523,-0.0023,1.0165,0.2624
3445,3.445,0.0019,0.0016,-0.0081,0.0055,1.6129,0.6557
3446,3.446,-0.0011,-0.0014,-0.0473,0.0025,0.7612,0.9201
3447,3.447,-0.0003,-0.0005,-0.097,0.0053,-0.0345,0.3912
3448,3.448,-0.0098,0.0038,-0.1163,0.0011,-0.3461,-0.1027
3449,3.449,-0.001,0.009,-0.1104,0.0064,-0.4416,-0.2963
3450,3.45,0.0139,0.0041,-0.0516,0.0114,-0.528,-0.2394
3451,3.451,0.0159,0.0024,0.0504,0.0057,-0.4518,-0.2931
3452,3.452,0.0103,-0.004,0.1203,0.008,-0.6631,-0.2457
3453,3.453,0.0019,0.0071,0.133,0.0074,-1.6229,-0.3771
3454,3.454,-0.0025,-0.0067,0.0986,0.007,-1.2122,-0.973
3455,3.455,-0.0094,-0.0011,0.0257,0.003,-0.0886,-0.7182
3456,3.456,-0.0057,0.0039,-0.0406,-0.0004,0.3667,-0.0204
3457,3.457,0.0069,-0.0037,-0.0493,0.0018,0.5056,0.262
3458,3.458,0.0188,0.0004,-0.0104,-0.0046,0.3823,0.3481
3459,3.459,0.0234,0.0015,0.0392,-0.0091,0.496,0.2712
3460,3.46,0.0137,-0.0017,0.0583,-0.0099,0.3933,0.3417
3461,3.461,-0.0027,-0.0007,0.0287,-0.0061,1.4231,0.2778
3462,3.462,-0.0049,0.0002,-0.0089,-0.0025,1.2866,0.9169
3463,3.463,-0.009,0.001,-0.0109,0.001,0.4591,0.8114
3464,3.464,-0.0069,0.0001,0.0034,0.0028,-0.167,0.2144
3465,3.465,-0.0125,-0.0036,-0.0098,0.0056,-0.2827,-0.1745
3466,3.466,-0.0109,-0,0.0343,0.0031,-0.3872,-0.2466
3467,3.467,-0.0278,0.0004,0.0519,0,-0.4819,-0.3118
3468,3.468,-0.0167,-0.0013,0.068,0.0012,-0.3975,-0.3708
3469,3.469,-0.0065,0.0002,0.0824,0.0016,-1.0945,-0.2132
3470,3.47,-0.001,-0.001,0.0426,0.0033,-1.7506,-0.646
3471,3.471,-0.0061,-0.003,-0.0162,-0.0005,-0.814,-1.0534
3472,3.472,-0.0108,-0.0056,-0.0868,0.0007,0.0609,-0.5778
3473,3.473,-0.0039,-0.0003,-0.1724,0.0003,0.4032,-0.0007
3474,3.474,0.0049,0.0034,-0.184,-0.0055,0.5078,0.233
3475,3.475,-0.0029,0.0027,-0.0902,-0.0047,0.6025,0.304
3476,3.476,-0.0039,0.001,-0.0273,0.0006,0.3481,0.3684
3477,3.477,-0.0012,0.0027,0.0299,-0.003,0.5806,0.3107
3478,3.478,-0.0038,-0.0031,0.0819,0,1.6359,0.4691
3479,3.479,-0.0031,0.0006,0.0725,0.0005,1.184,0.9976
3480,3.48,-0.001,-0.0043,0.0467,0.002,0.2221,0.6461
3481,3.481,0.0047,-0.0001,0.0236,0.0032,-0.4036,0.0689
3482,3.482,0.0084,0.0004,-0.0258,0.0043,-0.2924,-0.165
3483,3.483,0.0078,0.0082,-0.032,0.0079,-0.6024,-0.2367
3484,3.484,0.0073,0.0004,-0.0144,0.0066,-0.5097,-0.3015
3485,3.485,0.0113,-0.0153,0.0122,0.0069,-0.4251,-0.2441
3486,3.486,0.0129,-0.0309,0.0461,0.0043,-1.431,-0.2974
3487,3.487,0.0117,-0.0167,0.0065,0.0046,-1.5688,-0.9221
3488,3.488,0.012,0.0038,0.0118,-0.0005,-0.4459,-0.8375
3489,3.489,0.0095,0.0065,0.0458,-0.0041,0.3115,-0.2949
3490,3.49,0.0106,0.0041,0.0239,-0.0111,0.4515,0.199
3491,3.491,0.013,0.0019,-0.036,-0.0138,0.5778,0.2645
3492,3.492,0.0088,0.008,-0.0272,-0.0061,0.466,0.3232
3493,3.493,-0.0007,0.0098,-0.0036,-0.0071,0.3641,0.2709
3494,3.494,-0.0076,-0.002,0.0036,-0.0026,1.0198,0.2231
3495,3.495,0.0089,0.0025,-0.0028,-0.0035,1.6165,0.7037
3496,3.496,0.0067,0.0011,0.003,-0.0028,0.7651,0.8959
3497,3.497,-0.0117,0.0048,0.0082,0.0007,-0.0301,0.4888
3498,3.498,-0.019,0.0104,-0.0161,-0.0024,-0.3412,-0.0939
3499,3.499,-0.0124,0.0261,-0.0824,-0.003,-0.436,-0.1728
3500,3.5,-0.0062,0.0058,-0.1297,-0.0108,-0.522,-0.244
3501,3.501,-0.0155,-0.0023,-0.052,-0.028,-0.4453,-0.3086
3502,3.502,-0.0206,0.0001,0.0004,-0.0256,-0.6561,-0.2511
3503,3.503,-0.0036,-0.0022,0.029,-0.0054,-1.6153,-0.4096
3504,3.504,0.003,-0.0042,0.0551,-0.0027,-1.2041,-1.0343
3505,3.505,0.005,-0.0024,0.0631,0.0045,-0.0799,-0.6088
3506,3.506,0.0068,0.0027,0.0702,0.0067,0.3757,-0.0656
3507,3.507,0.0119,-0.0019,0.0637,0.0006,0.5153,0.2878
3508,3.508,0.0134,-0.0006,0.0578,0.0024,0.6413,0.2253
3509,3.509,0.0175,0.0006,0.1166,0.0108,0.5295,0.2842
3510,3.51,0.0061,0.0038,0.1088,0.0062,0.4277,0.3376
3511,3.511,0.0046,0.0048,0.0448,0.0049,1.4582,0.2901
3512,3.512,0.0032,-0.0074,-0.0156,0.006,1.3223,0.8582
3513,3.513,0.017,-0.0057,-0.0547,0.0092,0.4491,0.7815
3514,3.514,0.004,-0.0073,-0.0902,0.0145,-0.3464,0.2885
3515,3.515,0.0022,0.0079,-0.0967,0.0153,-0.4513,-0.1608
3516,3.516,-0.0054,0.0018,-0.0675,0.0075,-0.5458,-0.2202
3517,3.517,-0.0179,-0.0001,-0.0302,0.0065,-0.4614,-0.2737
3518,3.518,-0.006,-0.0018,0.0134,0.0057,-0.3845,-0.3222
3519,3.519,0.0079,-0.0003,0.0308,0.0065,-1.0176,-0.1914
3520,3.52,0.0098,-0.0043,0.0255,0.0071,-1.614,-0.7075
3521,3.521,0.0082,-0.0081,-0.0086,0.0107,-0.7623,-1.0593
3522,3.522,-0.0024,-0.0049,-0.0311,0.0023,0.0338,-0.4833
3523,3.523,-0.0149,-0.0018,0.0124,0.0013,0.3456,0.0603
3524,3.524,-0.0267,0.0027,0.0766,-0.0017,0.4413,0.2729
3525,3.525,-0.0161,0.0036,0.085,0.001,0.5278,0.3382
3526,3.526,-0.0174,-0.0049,0.0302,-0.005,0.4516,0.2814
3527,3.527,-0.0363,0.0007,-0.048,-0.0119,0.6628,0.2296
3528,3.528,-0.0116,-0.0045,-0.0789,-0.0092,1.6226,0.3742
3529,3.529,-0.0018,0.0019,-0.1641,0.0003,0.9378,1.0301
3530,3.53,0.0011,-0.0041,-0.1983,-0.0009,0.0636,0.5624
3531,3.531,-0.0015,-0.0004,-0.1041,0.0002,-0.2789,0.1356
3532,3.532,0.0008,0.0003,-0.0156,0.0032,-0.384,-0.2528
3533,3.533,-0.0014,-0.0014,-0.0038,0.0078,-0.4786,-0.324
3534,3.534,0.0006,0.0027,0.0067,0.0053,-0.5645,-0.2607
3535,3.535,-0.0012,0.0001,0.0163,0.0001,-0.3331,-0.3191
3536,3.536,0.0004,-0.0011,0.0251,-0.0077,-1.3882,-0.2665
3537,3.537,-0.0041,-0.0014,0.0331,-0.0024,-1.5397,-0.8911
3538,3.538,-0.0028,0.0011,0.0261,-0.0015,-0.5787,-0.8064
3539,3.539,0.0035,0.0015,0.0199,-0.0007,0.2968,-0.2636
3540,3.54,0.0112,-0.0036,0.0259,-0.0013,0.4126,0.2305
3541,3.541,0.0039,0.0029,0.0526,0.0065,0.5169,0.2961
3542,3.542,0.0031,0.0071,0.067,0.0055,0.6115,0.3551
3543,3.543,0.0039,0.0002,0.0539,0.0048,0.3567,0.3031
3544,3.544,0.0091,0.0067,0.0501,0.0074,1.0534,0.2555
3545,3.545,0.0098,0.0041,0.061,0.0022,1.5221,0.6489
3546,3.546,0.0094,-0.0028,0.0709,0.0043,0.7554,0.9135
3547,3.547,0.0054,-0.0036,0.038,0.0013,-0.1743,0.3846
3548,3.548,0.0019,-0.001,-0.0104,0.0066,-0.3017,-0.109
3549,3.549,0.0031,-0.0003,-0.0167,-0.0011,-0.4168,-0.1744
3550,3.55,0.0096,0.0018,-0.034,-0.0041,-0.5211,-0.2333
3551,3.551,0.0124,0.0035,-0.0286,-0.005,-0.4286,-0.2868
3552,3.552,0.0065,0.0007,-0.0237,-0.0075,-0.6845,-0.2392
3553,3.553,0.0149,0.0042,-0.0103,-0.0112,-1.6912,-0.4578
3554,3.554,0.0071,-0.0008,0.0339,-0.0147,-1.0064,-1.0535
3555,3.555,-0.0001,-0.0001,0.0283,-0.0141,-0.1322,-0.628
3556,3.556,0.0121,0.0029,0.0125,-0.0088,0.4371,-0.0847
3557,3.557,0.0104,0.0024,-0.0019,-0.0038,0.336,0.2686
3558,3.558,0.012,-0.0023,-0.0151,-0.0121,0.4306,0.206
3559,3.559,0.0024,-0.0018,-0.0191,-0.0065,0.5163,0.2647
3560,3.56,0.0036,0.0035,-0.0154,0.0008,0.439,0.318
3561,3.561,0.0092,0.0028,0.001,0,1.3531,0.2704
3562,3.562,-0.0003,0.0011,0.0039,-0.0077,1.478,0.9256
3563,3.563,-0.0066,0.004,0.0066,-0.0046,0.4564,0.8325
3564,3.564,-0.0089,-0,0.0125,0.0015,-0.2615,0.2348
3565,3.565,-0.0214,-0.0005,-0.0099,0.0061,-0.4015,-0.1927
3566,3.566,-0.0433,-0.0002,-0.0011,0.0086,-0.5277,-0.2715
3567,3.567,-0.0345,-0.0022,0.0181,0.0139,-0.4159,-0.3426
3568,3.568,-0.0207,-0.0019,0.0554,0.0089,-0.3139,-0.2794
3569,3.569,-0.0034,0.0034,0.1355,0.0147,-0.9699,-0.2219
3570,3.57,0.0032,-0.0018,0.1931,0.0077,-1.737,-0.6976
3571,3.571,0.0053,-0.0039,0.1203,0.0104,-0.81,-1.018
3572,3.572,0.0034,-0.0008,0.0159,-0.0009,0.0648,-0.3784
3573,3.573,0.0085,-0.0037,-0.0537,-0.0025,0.4069,0.0488
3574,3.574,0.0039,-0.0021,-0.0662,-0.0066,0.511,0.1275
3575,3.575,0.0026,0.004,-0.1008,-0.0078,0.6054,0.1985
3576,3.576,0.0014,0.0048,-0.153,-0.0001,0.3506,0.3909
3577,3.577,0.0092,0.0086,-0.1626,0.0009,0.583,0.2169
3578,3.578,0.0061,-0.0007,-0.1369,0.0017,1.638,0.4811
3579,3.579,0.0052,-0.0045,-0.1292,-0.0026,1.1859,1.0096
3580,3.58,0.0078,0.0033,-0.1223,-0.0064,0.2234,0.6581
3581,3.581,0.0192,0.0064,-0.0772,-0.01,-0.4026,0.0809
3582,3.582,0.0243,0.0091,-0.0362,-0.0006,-0.5177,-0.1531
3583,3.583,0.0136,-0.0004,-0.0095,0.0034,-0.4161,-0.2246
3584,3.584,0.0066,-0.0041,0.005,0.0046,-0.5106,-0.2895
3585,3.585,0.0004,-0.0097,0.0271,0.0013,-0.4263,-0.232
3586,3.586,-0.0122,-0.0087,0.0072,-0.004,-1.4325,-0.2854
3587,3.587,-0.0003,-0.0002,-0.0037,-0.0014,-1.5704,-0.9101
3588,3.588,0.0042,-0.0058,0.0193,-0.004,-0.4473,-0.8256
3589,3.589,-0.0027,-0.0089,0.0281,-0.0078,0.3096,-0.283
3590,3.59,-0.0039,-0.0024,0.0252,-0.0185,0.449,0.2108
3591,3.591,-0.0117,-0.0033,0.0574,-0.0325,0.5749,0.2762
3592,3.592,-0.0274,-0.0055,0.0529,-0.0195,0.4627,0.3349
3593,3.593,-0.034,-0.0034,0.041,0.0025,0.3605,0.2827
3594,3.594,-0.036,0.0035,0.0375,0.0112,1.0161,0.235
3595,3.595,-0.0379,-0.005,0.0407,0.0139,1.6125,0.7154
3596,3.596,-0.0294,-0.0018,0.0258,0.0065,0.7606,0.9076
3597,3.597,-0.0218,-0.007,-0.0154,0.0087,-0.0352,0.384
3598,3.598,-0.0066,-0.0211,-0.0564,0.0107,-0.3466,-0.1099
3599,3.599,0.0076,-0.0191,-0.03,0.0088,-0.4419,-0.1757
3600,3.6,0.0168,0.0088,0.0037,0.0104,-0.5281,-0.351
3601,3.601,0.0252,0.0049,0.0433,0.0088,-0.4515,-0.2989
3602,3.602,0.0267,0.0084,0.0484,0.0018,-0.6628,-0.2513
3603,3.603,0.0226,0.0052,0.0436,0.0029,-1.6225,-0.4701
3604,3.604,0.0086,0.0081,0.0742,-0.0074,-1.2119,-1.0659
3605,3.605,0.0066,0.0053,0.0859,-0.0034,-0.0878,-0.6405
3606,3.606,0.0116,0.0029,0.0892,-0.0023,0.3672,-0.0974
3607,3.607,0.0069,0.0095,0.0526,0.0033,0.5064,0.2559
3608,3.608,0.0109,-0.0007,-0.0108,0.0063,0.6323,0.3211
3609,3.609,0.0096,0.0086,-0.0369,-0.004,0.5201,0.2637
3610,3.61,0.0017,0.0035,-0.0448,0.0029,0.4179,0.317
3611,3.611,-0.0015,-0.0011,-0.0379,-0.0059,1.4479,0.2693
3612,3.612,-0.008,0.0058,-0.0318,-0.0027,1.3115,0.9246
3613,3.613,-0.0124,0.0021,-0.0494,0.0026,0.4379,0.8316
3614,3.614,-0.0225,0.0031,-0.0444,-0.0001,-0.3578,0.2348
3615,3.615,-0.0185,0.0103,-0.0398,0.0007,-0.4633,-0.154
3616,3.616,-0.0148,-0.0019,-0.0267,0.006,-0.5584,-0.2257
3617,3.617,-0.0159,-0.0002,-0.023,0.0081,-0.4745,-0.2905
3618,3.618,-0.0003,-0.0018,-0.0122,0.0051,-0.3979,-0.3491
3619,3.619,0.0019,0.0051,0.0241,0.0115,-1.0311,-0.1911
3620,3.62,0.0121,0.0014,0.0289,0.0124,-1.6277,-0.7197
3621,3.621,0.0178,-0.0042,0.0246,0.0117,-0.7762,-0.9309
3622,3.622,0.0162,-0.0012,0.0366,0.0082,0.246,-0.355
3623,3.623,0.0148,-0.0039,0.0839,0.0087,0.3857,0.1886
3624,3.624,0.0107,-0.0081,0.0645,-0.0001,0.5121,0.2605
3625,3.625,0.0119,0.0034,0.0235,-0.019,0.4002,0.3255
3626,3.626,0.013,-0.0017,-0.0031,-0.0163,0.5039,0.2684
3627,3.627,0.014,0.0089,-0.0274,-0.009,0.5977,0.2165
3628,3.628,0.0187,0.0076,-0.0495,-0.0024,1.7047,0.4572
3629,3.629,0.0265,0.0013,-0.0694,-0.0043,0.9511,1.0257
3630,3.63,0.0193,-0.0019,-0.073,-0.0024,-0.0108,0.6391
3631,3.631,0.0053,-0.0009,-0.05,0.0027,-0.3871,0.0049
3632,3.632,-0.0007,-0.0036,-0.0229,0.0043,-0.5022,-0.252
3633,3.633,-0.0062,-0.001,-0.0047,0.0057,-0.4008,-0.3303
3634,3.634,-0.0079,-0.0017,0.0451,0.0046,-0.4953,-0.2608
3635,3.635,-0.0063,0.0003,0.0525,0.0037,-0.4107,-0.3252
3636,3.636,-0.0076,-0.0027,0.0335,0.0027,-1.5719,-0.2673
3637,3.637,-0.0138,-0.001,0.0279,-0.0018,-1.4068,-0.9542
3638,3.638,-0.0128,-0.0015,0.044,-0.0026,-0.3497,-0.861
3639,3.639,-0.0242,-0.0058,0.0298,-0.0047,0.3388,-0.2641
3640,3.64,-0.0257,-0.0074,0.0167,-0.0026,0.4659,0.2795
3641,3.641,-0.016,0.0004,-0.0192,-0.002,0.5808,0.2107
3642,3.642,-0.0148,-0.0028,-0.0822,-0.006,0.4794,0.2757
3643,3.643,-0.0137,0.0002,-0.0563,-0.0085,0.3867,0.3345
3644,3.644,-0.0022,-0.0006,-0.0329,-0.0015,1.1532,0.1767
3645,3.645,-0.0006,0.0037,-0.04,-0.0066,1.6687,0.7052
3646,3.646,-0.0019,0.009,-0.0463,-0.002,0.6384,0.9166
3647,3.647,0.0095,0.0041,-0.0053,0.0059,-0.0497,0.4686
3648,3.648,0.008,0.0011,0.0107,0.0029,-0.4257,-0.0561
3649,3.649,0.0068,0.0028,-0.0135,-0.0016,-0.5403,-0.2683
3650,3.65,0.0182,-0.005,-0.0266,0.0044,-0.4385,-0.3332
3651,3.651,0.0229,-0.0039,0.0014,0.0083,-0.3457,-0.2758
3652,3.652,0.027,-0.0029,0.0269,0.009,-0.6011,-0.2234
3653,3.653,0.0308,0.0036,0.0568,0.0074,-1.7621,-0.4638
3654,3.654,0.0231,-0.0006,0.0768,0.0011,-0.9331,-1.032
3655,3.655,0.0158,-0.0028,0.0804,-0.0048,-0.1765,-0.6452
3656,3.656,0.0112,0.0021,0.0441,-0.0054,0.2378,-0.0107
3657,3.657,0.0001,0.0064,0.0103,-0.0047,0.3644,0.2464
3658,3.658,-0.0014,0.0035,0.0058,-0.0089,0.4791,0.325
3659,3.659,0.0026,-0.0032,0.0256,-0.0036,0.5831,0.2556
3660,3.66,0.0114,0.0014,0.0508,-0.0056,0.4901,0.32
3661,3.661,0.0082,0.0091,0.0342,-0.0013,1.4267,0.2623
3662,3.662,-0.0034,0.0018,0.007,-0.0008,1.3031,0.9492
3663,3.663,-0.0141,0.001,-0.0112,0.007,0.5088,0.8561
3664,3.664,-0.0237,-0.0016,-0.0542,0.0081,-0.2145,0.2591
3665,3.665,-0.0175,-0.0007,-0.0245,-0.0034,-0.3679,-0.1912
3666,3.666,-0.0238,-0.0029,-0.007,-0.0106,-0.4629,-0.27
3667,3.667,-0.0341,0.0006,-0.0551,-0.006,-0.5492,-0.3412
3668,3.668,-0.0466,-0.0025,-0.0616,0.0051,-0.3175,-0.2781
3669,3.669,-0.0517,0.0004,-0.0791,0.0067,-1.0913,-0.2207
3670,3.67,-0.044,-0.0032,-0.0951,0.008,-1.6066,-0.6965
3671,3.671,-0.0232,-0.0074,-0.0615,0.0068,-0.7632,-1.0167
3672,3.672,0.0098,0.0001,-0.0398,0.0124,0.0328,-0.3771
3673,3.673,0.0142,-0.0029,-0.0282,0.0029,0.3444,0.0502
3674,3.674,0.0103,0.0016,-0.0029,-0.0009,0.4399,0.1291
3675,3.675,-0.0005,-0.001,0.0068,-0.0066,0.5263,0.2
3676,3.676,-0.0038,-0.0003,-0.0021,-0.0076,0.4497,0.2646
3677,3.677,0.005,-0.0024,0.0335,-0.0123,0.6612,0.2069
3678,3.678,0.0076,-0.0041,0.0674,-0.0166,1.621,0.4709
3679,3.679,0.0003,0.0011,0.063,-0.0114,0.9359,0.9995
3680,3.68,-0.0063,-0.0038,0.059,-0.0008,0.0615,0.648
3681,3.681,-0.0084,0.0031,0.0261,0.0038,-0.281,0.0709
3682,3.682,0.0046,-0.0034,-0.0047,-0.0032,-0.3858,-0.1632
3683,3.683,0.0096,-0.0009,-0.0406,-0.0021,-0.4806,-0.2346
3684,3.684,0.011,-0.0003,-0.0261,0.0057,-0.3963,-0.2994
3685,3.685,0.0123,-0.0023,0.0225,0.0026,-0.4741,-0.242
3686,3.686,0.0086,-0.0007,0.0289,-0.0039,-1.5293,-0.2953
3687,3.687,0.0053,-0.0024,0.0114,-0.0065,-1.3793,-0.9199
3688,3.688,0.0042,-0.0029,0.0379,-0.0044,-0.418,-0.8353
3689,3.689,0.0126,0.0001,0.0426,0.0005,0.2081,-0.1378
3690,3.69,0.0115,0.0012,0.047,0.0062,0.3239,0.1449
3691,3.691,0.0062,-0.0046,0.043,0.0054,0.4282,0.2314
3692,3.692,0.0016,-0.0175,0.0249,0.0061,0.5228,0.3096
3693,3.693,0.004,-0.0231,0.0084,0.0043,0.4383,0.3804
3694,3.694,0.0124,0.0023,-0.0365,0.0047,1.135,0.1889
3695,3.695,0.0068,0.0058,-0.0558,0.0082,1.6038,0.7121
3696,3.696,0.0058,0.009,-0.0615,0.0039,0.6668,0.9233
3697,3.697,-0.0007,0.0061,-0.0349,-0.0049,-0.2085,0.3475
3698,3.698,0.0019,0.0142,-0.0205,-0.0239,-0.3243,-0.0411
3699,3.699,0.0056,0.0165,-0.016,-0.0267,-0.4291,-0.2533
3700,3.7,0.0105,0.0009,-0.0198,-0.0144,-0.524,-0.3181
3701,3.701,0.0088,-0.0011,-0.009,-0.0033,-0.4396,-0.2608
3702,3.702,0.0129,-0.003,0.0009,-0.0013,-0.6722,-0.2083
3703,3.703,0.0134,0.0054,-0.0078,0.0042,-1.7277,-0.4485
3704,3.704,0.0131,-0.0022,0.006,0.0059,-0.9745,-1.0166
3705,3.705,0.0119,0.0018,0.0134,0.0012,-0.0123,-0.6298
3706,3.706,0.0068,0.003,0.029,-0.0029,0.3639,0.005
3707,3.707,0.0019,-0.0026,0.035,0.0109,0.479,0.2622
3708,3.708,0.0013,-0.0036,0.0255,0.009,0.5827,0.3409
3709,3.709,0.0042,0.0086,0.0303,0.014,0.49,0.2717
3710,3.71,0.0026,0.0035,0.0226,0.0033,0.4054,0.3364
3711,3.711,-0.0043,0.005,0.0016,0.0073,1.4117,0.2788
3712,3.712,-0.0033,0.0064,-0.0434,-0.0015,1.2752,0.966
3713,3.713,-0.0079,0.0026,-0.1017,-0.0025,0.4013,0.6859
3714,3.714,-0.0122,0.0036,-0.0625,-0.0098,-0.1679,0.2595
3715,3.715,-0.0222,0.0047,0.0158,0.0005,-0.2735,-0.1291
3716,3.716,-0.0209,-0.0075,0.0471,0.0019,-0.5559,-0.2005
3717,3.717,-0.0247,-0.0025,0.0566,0.0132,-0.4722,-0.2651
3718,3.718,-0.0191,-0.004,0.0824,0.0116,-0.3959,-0.3236
3719,3.719,-0.0119,0.0029,0.137,0.0103,-1.1698,-0.2709
3720,3.72,-0.0092,0.0067,0.1015,0.0091,-1.6855,-0.7033
3721,3.721,-0.0033,-0.0059,0.0563,0.0101,-0.6553,-0.994
3722,3.722,0.0005,-0.0008,0.0155,0.0091,0.0328,-0.4123
3723,3.723,0.0041,0.0008,-0.0216,0.0082,0.4091,0.1313
3724,3.724,0.0025,-0.0006,-0.0651,0.0074,0.5236,0.2032
3725,3.725,0.0054,-0.0017,-0.1059,0.0005,0.4218,0.2681
3726,3.726,0.0133,0.0015,-0.143,0.0032,0.3289,0.3269
3727,3.727,0.0055,0.0046,-0.0994,-0.0027,0.7546,0.2747
3728,3.728,-0.0101,0,-0.0228,-0.0079,1.6062,0.4192
3729,3.729,-0.0122,-0.0008,-0.0329,-0.0058,1.0402,0.9877
3730,3.73,0.0104,-0.0015,-0.0233,-0.0052,0.1107,0.6011
3731,3.731,-0.0044,0.005,-0.0318,-0.0022,-0.2659,-0.0332
3732,3.732,-0.0016,0.0041,-0.0551,-0.0057,-0.3808,-0.2901
3733,3.733,-0.0039,0.0005,-0.0053,-0.0053,-0.4849,-0.2138
3734,3.734,0.0029,-0.0031,0.0531,-0.0014,-0.3922,-0.2846
3735,3.735,0.001,-0.0047,0.0922,0.0002,-0.4779,-0.349
3736,3.736,0.0067,-0.0076,0.0567,-0.0066,-1.4841,-0.2912
3737,3.737,0.0118,0.0003,-0.0016,-0.0013,-1.348,-0.9781
3738,3.738,0.0043,-0.0052,0.0062,-0.0021,-0.474,-0.8849
3739,3.739,0.003,0.0021,0.0132,-0.0012,0.322,-0.1177
3740,3.74,0.0119,-0.0005,-0.0192,-0.0019,0.4272,0.1931
3741,3.741,0.0109,0.0003,-0.0367,0.0017,0.5222,0.2882
3742,3.742,0.0057,-0.0033,-0.0527,0.0001,0.4381,0.374
3743,3.743,0.0049,0.0016,-0.0286,-0.0039,0.3615,0.2974
3744,3.744,-0.001,-0.0014,0.0022,0.0009,1.1355,0.2277
3745,3.745,-0.0062,-0.0009,0.022,0.0014,1.651,0.6754
3746,3.746,-0.0041,0.0007,0.0111,0.002,0.6206,0.9664
3747,3.747,-0.0058,0.0004,0.0078,0.0015,-0.0675,0.3848
3748,3.748,-0.0087,0.0016,0.0106,0.0027,-0.4437,-0.1586
3749,3.749,-0.004,-0.0019,0.0132,0.0039,-0.5583,-0.2303
3750,3.75,-0.0071,0.0033,0.0006,0.0029,-0.4566,-0.2953
3751,3.751,-0.0159,-0.0016,0.007,-0.0016,-0.3639,-0.354
3752,3.752,-0.0147,-0.0033,-0.0031,0.0027,-0.6195,-0.196
3753,3.753,0.0002,-0.0028,0.0139,0.0056,-1.7807,-0.4363
3754,3.754,0.0063,-0.0053,0.0344,0.0072,-0.9517,-1.0918
3755,3.755,0.0007,-0.0022,0.0703,0.003,-0.1951,-0.6239
3756,3.756,0.0024,-0.0025,0.1238,0.0048,0.4934,-0.0265
3757,3.757,0.0009,0.0032,0.0885,-0.003,0.3711,0.2072
3758,3.758,0.005,-0.0027,0.0563,-0.0107,0.4855,0.2785
3759,3.759,0.0061,-0.0049,0.0155,-0.0096,0.3835,0.343
3760,3.76,0.0051,-0.0013,-0.0539,-0.0087,0.4777,0.2854
3761,3.761,0.004,0.003,-0.1012,-0.0095,1.4141,0.2328
3762,3.762,0.018,0.0035,-0.1271,-0.0117,1.2903,0.9535
3763,3.763,0.024,0.004,-0.0881,-0.0039,0.4957,0.8509
3764,3.764,0.0184,0.0043,-0.0668,-0.0009,-0.2279,0.1943
3765,3.765,0.0166,0.004,-0.0217,0.0036,-0.3237,-0.2333
3766,3.766,0.0108,0.004,0.0329,0.0009,-0.4786,-0.2438
3767,3.767,0.0032,0.005,0.0386,0.0068,-0.565,-0.3221
3768,3.768,0.0072,0.0082,0.012,0.009,-0.3337,-0.2526
3769,3.769,-0.0042,0.0017,-0.0122,0.007,-1.1076,-0.1893
3770,3.77,-0.0181,-0.0105,-0.0077,0,-1.6234,-0.7127
3771,3.771,-0.0162,-0.0021,-0.0116,0.0045,-0.7803,-0.9241
3772,3.772,-0.0077,-0.0036,-0.0081,-0.0067,0.2422,-0.3484
3773,3.773,-0.0001,-0.005,0.0015,0.0009,0.3819,0.1948
3774,3.774,0.004,0.0038,0.0283,-0.0005,0.5082,0.2664
3775,3.775,-0.0022,0.0048,0.0462,-0.0169,0.6225,0.3311
3776,3.776,-0.0125,0.0058,0.003,-0.0326,0.3143,0.2735
3777,3.777,-0.0221,0.0012,-0.0264,-0.0265,0.5955,0.2211
3778,3.778,-0.0309,-0.003,0.0002,-0.0135,1.7027,0.4613
3779,3.779,-0.0277,-0.0009,0.005,-0.0153,0.949,1.0293
3780,3.78,-0.0247,0.004,-0.008,-0.0015,-0.0131,0.6423
3781,3.781,-0.0239,-0.003,-0.0197,0.0041,-0.3897,0.0076
3782,3.782,-0.0197,-0.0003,-0.016,0.0023,-0.5048,-0.2497
3783,3.783,-0.0113,-0.0011,0.0004,0.0129,-0.4031,-0.3284
3784,3.784,-0.0123,-0.0111,0.0213,0.0115,-0.4975,-0.2592
3785,3.785,-0.0051,-0.032,0.0295,0.0152,-0.413,-0.3239
3786,3.786,0.0089,-0.0232,0.032,0.0096,-1.5741,-0.2664
3787,3.787,0.0149,0.0015,0.0477,0.0085,-1.4092,-0.9536
3788,3.788,0.0204,0.0047,0.0538,0.0093,-0.352,-0.8607
3789,3.789,0.0118,0.0018,0.0481,0.0085,0.3364,-0.264
3790,3.79,0.0102,0.0045,0.0261,0.0077,0.4634,0.2795
3791,3.791,0.0061,0.0068,-0.019,0.0056,0.5781,0.2105
3792,3.792,0.0148,0.009,-0.0255,0.0098,0.4765,0.2752
3793,3.793,0.018,0.0029,-0.02,0.0103,0.3838,0.3338
3794,3.794,0.0149,0.001,-0.0253,0.0087,1.1502,0.1757
3795,3.795,0.014,0.0027,-0.0302,0.0017,1.4597,0.7041
3796,3.796,0.0199,0.0073,0.0094,-0.0056,0.6165,0.9152
3797,3.797,0.0206,0.0086,0.0573,-0.0011,-0.1792,0.3391
3798,3.798,0.0113,-0.0028,0.1023,-0.0037,-0.2846,-0.0496
3799,3.799,0.0025,-0.0013,0.0375,-0.0059,-0.3797,-0.262
3800,3.8,-0.0123,-0.0026,-0.0747,-0.0039,-0.466,-0.3271
3801,3.801,-0.0103,0.0011,-0.1818,-0.0009,-0.3894,-0.3859
3802,3.802,-0.0047,0.0043,-0.1401,-0.0026,-0.7411,-0.2281
3803,3.803,0.0037,-0.0052,-0.1274,-0.0001,-1.7005,-0.4685
3804,3.804,-0.0102,0.001,-0.0928,-0.0051,-1.0155,-1.0368
3805,3.805,-0.0232,0.0042,-0.0406,-0.0072,-0.1405,-0.4954
3806,3.806,-0.008,0.0052,0.0069,-0.0089,0.4287,-0.0018
3807,3.807,-0.002,-0.0012,0.0328,-0.0106,0.5336,0.3197
3808,3.808,0.011,0.0013,0.0406,-0.0091,0.4413,0.2629
3809,3.809,0.0194,-0.0056,0.0334,-0.0022,0.5273,0.3163
3810,3.81,0.0179,-0.001,0.0397,0.0051,0.4504,0.2688
3811,3.811,0.0082,-0.0002,0.0453,0.0135,1.5056,0.3128
3812,3.812,0.012,0.0068,0.0504,0.0145,1.3557,0.9083
3813,3.813,0.0064,0.0059,0.0456,0.0051,0.3946,0.8237
3814,3.814,-0.0051,0.0051,0.0588,0.0063,-0.2311,0.2809
3815,3.815,-0.0067,0.0029,0.0551,0.0031,-0.3466,-0.2128
3816,3.816,-0.0026,0.0093,0.0662,0.0001,-0.451,-0.2783
3817,3.817,-0.0064,-0.0018,0.0234,0.0086,-0.5458,-0.3372
3818,3.818,0.0014,0.0028,-0.0412,0.0118,-0.2912,-0.2851
3819,3.819,-0.0144,0.0068,-0.0153,0.0024,-1.1426,-0.2374
3820,3.82,-0.021,-0.002,0.0079,0.0087,-1.7096,-0.7178
3821,3.821,-0.019,-0.003,0.0434,0.0009,-0.7822,-0.9101
3822,3.822,-0.0134,0,0.0627,-0.0063,0.0928,-0.3864
3823,3.823,-0.0151,-0.0064,0.0453,-0.0072,0.4353,0.1076
3824,3.824,-0.0136,-0.0072,0.0079,-0.0046,0.5396,0.3011
3825,3.825,-0.0205,-0.005,-0.0649,-0.0053,0.4473,0.2439
3826,3.826,-0.0117,-0.0001,-0.0961,-0.0032,0.3631,0.2973
3827,3.827,0.0054,0.0016,-0.0867,-0.0063,0.7502,0.2496
3828,3.828,0.0278,0.0033,-0.0608,-0.0103,1.6648,0.4681
3829,3.829,0.0129,0.0068,-0.0686,-0.0055,1.0421,0.9847
3830,3.83,0.0211,-0.0001,-0.033,-0.0024,0.0201,0.6334
3831,3.831,0.0236,-0.0053,-0.0005,0.0041,-0.394,0.0564
3832,3.832,0.0171,-0.0045,0.0289,0.005,-0.5206,-0.1774
3833,3.833,0.0151,-0.0019,0.0342,-0.0002,-0.4088,-0.2489
3834,3.834,0.0208,0.0003,0.0199,-0.0065,-0.5125,-0.3137
3835,3.835,0.0226,-0.0046,0.0069,-0.0005,-0.4194,-0.2562
3836,3.836,0.0212,-0.0077,0.0349,0.0002,-1.5264,-0.3093
3837,3.837,0.0117,0.0011,0.0385,0.0038,-1.3766,-0.9341
3838,3.838,0.0056,-0.0025,0.0288,0.0069,-0.4156,-0.8495
3839,3.839,-0.0068,-0.0035,0.0438,0.0029,0.2105,-0.152
3840,3.84,-0.0084,-0.0045,0.0573,0.0065,0.326,0.1307
3841,3.841,-0.0099,-0.0017,0.0644,0.0096,0.4301,0.2174
3842,3.842,-0.0111,0.0008,0.035,0.0099,0.5249,0.2954
3843,3.843,-0.0147,0.0016,0.031,0.0042,0.4404,0.3663
3844,3.844,-0.0318,0.0023,0.0563,0.0051,1.137,0.1749
3845,3.845,-0.0441,-0.0019,0.0662,-0.0018,1.6057,0.698
3846,3.846,-0.0374,0.0034,0.0213,-0.0064,0.6686,0.9093
3847,3.847,-0.0354,0.0055,-0.0108,-0.0175,-0.2064,0.3333
3848,3.848,-0.0224,0.0013,-0.0048,-0.0098,-0.3222,-0.0553
3849,3.849,-0.0072,0.0019,-0.0846,-0.0057,-0.4266,-0.2676
3850,3.85,0.007,-0.0007,-0.142,-0.0019,-0.5215,-0.3324
3851,3.851,0.0238,0.0044,-0.1731,0.0014,-0.4371,-0.275
3852,3.852,0.0216,0.0009,-0.107,-0.0038,-0.6697,-0.2226
3853,3.853,0.0317,0.0014,-0.0467,-0.0029,-1.7253,-0.4628
3854,3.854,0.0299,0.0055,-0.0077,0.0014,-0.9717,-1.0309
3855,3.855,0.0282,-0.0023,0.0278,-0.0055,-0.0096,-0.644
3856,3.856,0.0176,-0.0013,0.0215,-0.0028,0.3669,-0.0092
3857,3.857,0.0079,-0.0043,-0.0076,0.0084,0.4822,0.248
3858,3.858,0.0042,-0.0034,0.0406,-0.0022,0.5862,0.3266
3859,3.859,-0.0128,-0.0026,0.0344,0.0019,0.4933,0.2572
3860,3.86,-0.0201,-0.0004,0.0052,0.0031,0.4087,0.3217
3861,3.861,0.0002,-0.0053,-0.0319,0.0042,1.4148,0.264
3862,3.862,0.0083,0.0042,-0.0755,0.0012,1.2784,0.951
3863,3.863,0.0107,-0.0028,-0.0813,-0.0034,0.4044,0.6707
3864,3.864,0.0084,0.0061,-0.0761,-0.0059,-0.165,0.244
3865,3.865,0.0063,-0.0017,-0.0129,-0.0111,-0.2704,-0.1444
3866,3.866,0.0007,0.0055,0.0649,-0.0075,-0.5529,-0.216
3867,3.867,-0.0099,0.006,0.1116,0.0048,-0.5183,-0.3066
3868,3.868,-0.0184,0.0015,0.1014,0.0065,-0.4342,-0.3712
3869,3.869,-0.0015,0.0006,0.054,0.0001,-1.131,-0.1974
3870,3.87,0.005,-0.0001,0.0283,0.0043,-1.6001,-0.7785
3871,3.871,-0.0012,0.0063,0.0517,0.0021,-0.6635,-1.0111
3872,3.872,-0.0031,-0.0048,0.1014,0.0127,0.2116,-0.3774
3873,3.873,-0.0049,-0.0033,0.082,0.0112,0.3274,0.2201
3874,3.874,-0.0096,0.0036,0.0408,0.0125,0.432,0.299
3875,3.875,-0.011,0.0098,-0.0181,0.0113,0.5266,0.3702
3876,3.876,-0.0122,-0.0051,-0.0574,-0.0013,0.4421,0.3069
3877,3.877,-0.0294,0.001,-0.0363,-0.0098,0.6745,0.1331
3878,3.878,-0.0271,0.0065,-0.0557,-0.0144,1.5894,0.3974
3879,3.879,-0.0115,-0.0019,-0.0849,-0.0047,0.9665,1.0222
3880,3.88,0.0026,-0.0035,-0.0689,-0.001,0.1712,0.5966
3881,3.881,-0.0142,-0.0022,-0.0351,-0.0043,-0.3466,0.0534
3882,3.882,-0.0164,0.0015,-0.022,0.0009,-0.4421,-0.159
3883,3.883,-0.0144,-0.0017,-0.0181,-0.0018,-0.5285,-0.2239
3884,3.884,-0.0051,-0.0112,-0.0072,0.0007,-0.4518,-0.2826
3885,3.885,-0.0001,-0.005,-0.0038,0.0044,-0.3823,-0.2304
3886,3.886,0.0137,-0.006,-0.0008,0.0008,-1.3416,-0.2787
3887,3.887,0.0155,-0.003,0.0405,0.005,-1.4794,-0.9339
3888,3.888,0.0069,-0.0004,0.1288,-0.0002,-0.3561,-0.8408
3889,3.889,-0.0039,-0.0012,0.1164,-0.0023,0.4009,-0.2438
3890,3.89,-0.0054,-0.0065,0.059,-0.0006,0.2664,0.2997
3891,3.891,0.0058,-0.003,0.0069,0.001,0.3925,0.231
3892,3.892,0.0164,-0.0013,-0.0405,0.0015,0.507,0.2959
3893,3.893,0.0177,-0.0101,-0.101,-0.0028,0.4052,0.3546
3894,3.894,0.0189,-0.024,-0.0777,-0.0033,1.061,0.1968
3895,3.895,0.022,-0.0222,-0.0848,-0.0112,1.4875,0.7255
3896,3.896,0.0272,0.0032,-0.1041,-0.0103,0.6358,0.9368
3897,3.897,0.0263,0.0067,-0.0633,-0.0073,-0.1598,0.3608
3898,3.898,0.0151,0.0099,-0.0047,-0.0214,-0.2652,-0.1825
3899,3.899,0.0012,0.0127,0.0341,-0.0276,-0.5473,-0.2541
3900,3.9,-0.0118,0.01,0.0836,-0.0146,-0.4632,-0.3188
3901,3.901,-0.0101,0.0076,0.0641,0.0006,-0.3866,-0.3773
3902,3.902,-0.0116,0.0054,0.0696,0.0066,-0.7384,-0.2191
3903,3.903,-0.024,0.0114,0.0429,0.0084,-1.6977,-0.4594
3904,3.904,-0.0223,0.0058,0.009,0.0033,-1.0125,-1.0274
3905,3.905,-0.0084,0.0041,-0.0044,0.0047,-0.1376,-0.6405
3906,3.906,0.0009,-0.0005,0.0072,0.0087,0.4318,-0.0058
3907,3.907,0.0025,0.0036,-0.0184,0.0049,0.5367,0.2513
3908,3.908,0.004,-0.0002,0.0044,0.0017,0.4445,0.3299
3909,3.909,0.0165,0.003,0.0314,0.0069,0.5306,0.2605
3910,3.91,0.0013,-0,0.035,0.0023,0.4537,0.3251
3911,3.911,0.0033,0.0045,0.0449,0.0081,1.5088,0.2676
3912,3.912,0.0126,-0.0014,0.0059,0.0088,1.3588,0.9547
3913,3.913,0.0109,-0.0051,-0.0313,0.0052,0.3973,0.6745
3914,3.914,0.0064,0.0027,-0.0845,0.0057,-0.2288,0.2479
3915,3.915,0.0023,0.0016,-0.1057,0.0028,-0.3442,-0.1407
3916,3.916,-0.0039,-0.0011,-0.0603,-0.002,-0.4484,-0.212
3917,3.917,0.0039,0.0031,-0.0308,0.0074,-0.5431,-0.2767
3918,3.918,0.0154,-0.0021,-0.0678,0.0061,-0.2884,-0.3352
3919,3.919,0.0109,-0.0028,-0.0144,0.0097,-1.14,-0.1772
3920,3.92,0.0179,-0.0023,0.0641,0.0087,-1.7071,-0.8017
3921,3.921,0.0091,-0.0006,0.1162,0.0097,-0.7796,-0.8871
3922,3.922,-0.0011,0.0029,0.1068,0.0032,0.0954,-0.3449
3923,3.923,-0.0024,-0.0013,0.081,0.0007,0.4377,0.1492
3924,3.924,0.0039,0.0028,0.0576,-0,0.5419,0.2151
3925,3.925,-0.0017,0.0013,0.022,-0.0049,0.4494,0.2742
3926,3.926,-0.0131,-0.0018,-0.0364,-0.0144,0.365,0.3279
3927,3.927,-0.0055,-0.0014,-0.0913,-0.0075,0.7521,0.2804
3928,3.928,-0.0068,0.0021,-0.0986,-0.0038,1.6666,0.499
3929,3.929,-0.0105,0.0025,-0.0146,-0.0006,1.0436,1.0156
3930,3.93,-0.016,0.0021,0.0657,0.0024,0.0215,0.5239
3931,3.931,-0.0169,0.0047,0.0344,-0.0003,-0.3927,-0.0529
3932,3.932,-0.0195,0.0057,-0.0132,0.0005,-0.5192,-0.2866
3933,3.933,-0.01,0.0013,-0.1083,-0.0032,-0.4074,-0.2173
3934,3.934,-0.0011,-0.0027,-0.096,-0.011,-0.5111,-0.2819
3935,3.935,0.0161,0.002,-0.0847,-0.0079,-0.4183,-0.3405
3936,3.936,0.0235,-0.0022,-0.0537,-0.0071,-1.5251,-0.2879
3937,3.937,0.017,-0.0016,-0.0252,-0.0079,-1.3752,-1.0088
3938,3.938,0.011,-0.0011,0.0181,0.0036,-0.414,-0.7005
3939,3.939,-0.0131,-0.0053,0.0417,0.0053,0.2121,-0.2313
3940,3.94,-0.0228,-0.0012,0.0491,0.0038,0.3278,0.1962
3941,3.941,-0.0199,-0.0059,0.0428,0.0079,0.4316,0.2749
3942,3.942,-0.0117,0.0011,0.0255,0.0118,0.5263,0.3459
3943,3.943,-0.0092,-0.0034,0.0202,0.0109,0.4419,0.2825
3944,3.944,-0.007,-0.0025,0.0249,0.0057,1.1387,0.225
3945,3.945,-0.0048,0.0028,0.0205,0.005,1.6073,0.8062
3946,3.946,-0.0066,0.0036,0.0324,0.0025,0.6703,0.884
3947,3.947,-0.0048,0.0042,0.0578,0.0019,-0.2048,0.3914
3948,3.948,-0.0001,-0.0022,0.0481,-0.0029,-0.3206,-0.1859
3949,3.949,0.004,0.0057,0.0274,-0.0046,-0.4248,-0.2649
3950,3.95,0.0102,0.0005,0.0193,0.0031,-0.5196,-0.336
3951,3.951,0.0047,0.0015,0.0266,0.0021,-0.4353,-0.2728
3952,3.952,0.0057,0.0007,0.0603,0.0068,-0.6677,-0.2152
3953,3.953,0.0084,-0.0045,0.104,0.006,-1.723,-0.4794
3954,3.954,0.0075,-0.0065,0.1098,0.0039,-0.9693,-1.008
3955,3.955,0.0068,-0.0048,0.0726,0.0004,-0.007,-0.5159
3956,3.956,0.0062,-0.0042,0.0387,-0.0038,0.3695,0.0612
3957,3.957,0.0056,-0.0089,-0.0276,-0.0125,0.4848,0.2951
3958,3.958,0.0061,0.0006,-0.1321,-0.0037,0.589,0.226
3959,3.959,0.0036,0.002,-0.1461,0.0019,0.4963,0.2906
3960,3.96,0.0013,0.0009,-0.1084,-0.0053,0.4117,0.2331
3961,3.961,-0.0016,-0.0047,-0.0967,-0.008,1.5727,0.2862
3962,3.962,0.0041,0.0069,-0.0863,-0.0105,1.4077,0.9109
3963,3.963,-0.0037,0.0115,-0.0957,-0.0067,0.3504,0.8262
3964,3.964,-0.011,0.0101,-0.1044,-0.0018,-0.3382,0.1284
3965,3.965,-0.0008,0.0064,-0.0499,0.0024,-0.465,-0.1542
3966,3.966,-0.0022,-0.0039,-0.0002,0.002,-0.5795,-0.2406
3967,3.967,-0.0034,0.0031,0.0064,0.0067,-0.4777,-0.3186
3968,3.968,-0.0182,-0.0008,-0.0106,0.009,-0.3635,-0.3168
3969,3.969,-0.0172,0.0004,0.0069,0.0021,-1.2064,-0.2472
3970,3.97,-0.0058,0.0036,0.0121,0.0012,-1.5468,-0.6949
3971,3.971,0.0049,-0.0016,0.0364,0.0021,-0.6193,-0.9859
3972,3.972,0.0063,-0.0043,0.041,-0.0049,0.2559,-0.4043
3973,3.973,0.0125,-0.0052,0.045,-0.004,0.3718,0.1392
3974,3.974,0.0093,0.0017,0.0344,-0.0032,0.4762,0.2109
3975,3.975,0.0063,0.0044,0.0574,-0.0054,0.5709,0.2756
3976,3.976,0.0071,-0.0015,0.1024,0.001,0.4864,0.3342
3977,3.977,0.0046,0.0022,0.083,0.0035,0.7189,0.1762
3978,3.978,0.0008,-0.0027,0.0537,-0.0018,1.6338,0.4166
3979,3.979,0.0057,0.0056,0.0589,0.006,1.011,0.9847
3980,3.98,-0.0013,0,0.0733,0.009,-0.011,0.5978
3981,3.981,-0.0117,-0.001,0.0777,0.0082,-0.4252,-0.0368
3982,3.982,-0.0186,-0.0002,0.0577,0.004,-0.5519,-0.1237
3983,3.983,-0.0099,-0.0061,0.0248,0.0046,-0.4403,-0.2022
3984,3.984,-0.0021,0.0038,-0.0328,-0.0018,-0.5442,-0.2731
3985,3.985,0.0031,-0.0003,-0.1035,-0.0044,-0.4514,-0.2097
3986,3.986,0.0058,-0.0015,-0.151,-0.0051,-1.5583,-0.268
3987,3.987,0.0067,-0.0141,-0.1424,-0.0032,-1.4085,-0.955
3988,3.988,-0.0003,-0.0022,-0.1189,-0.0101,-0.4471,-0.8618
3989,3.989,0.0005,-0.0038,-0.1117,-0.0242,0.4282,-0.0944
3990,3.99,-0.0021,-0.0025,-0.0403,-0.0508,0.3174,0.2161
3991,3.991,0.0001,-0.0063,-0.0117,-0.0327,0.4216,0.311
3992,3.992,-0.0093,-0.0095,-0.0029,-0.0229,0.5162,0.2266
3993,3.993,-0.0181,-0.0253,-0.0107,-0.0142,0.4317,0.3046
3994,3.994,-0.0192,-0.0231,0.0107,-0.0005,1.1286,0.2348
3995,3.995,-0.0202,-0.0006,0.0171,0.0067,1.5974,0.6826
3996,3.996,-0.0062,0.0022,0.0228,0.0132,0.6605,0.9736
3997,3.997,0.0039,0.0049,0.0386,0.0152,-0.2146,0.3919
3998,3.998,0.0058,0.0025,0.0722,0.0207,-0.3304,-0.1514
3999,3.999,0.0109,0.009,0.0941,0.019,-0.4349,-0.2232
4000,4,0.0154,0.0069,0.0499,0.0143,-0.5299,-0.288
4001,4.001,0.0168,0.0125,0.0322,0.0129,-0.4455,-0.3467
4002,4.002,0.0156,0.0074,0.0056,0.014,-0.6781,-0.2943
4003,4.003,0.0124,0.0088,-0.0187,0.0108,-1.7336,-0.5346
4004,4.004,0.0072,0.0074,0.021,0.0077,-0.9799,-1.0154
4005,4.005,0.0175,0.0011,0.069,0.0068,-0.0176,-0.5677
4006,4.006,0.0189,0.0043,0.0625,0.0059,0.3592,0.0732
4007,4.007,0.0177,-0.0115,0.0449,0.0036,0.4742,0.3302
4008,4.008,0.0167,-0.0362,-0.0353,0.0085,0.5782,0.254
4009,4.009,0.0052,0.0067,-0.1162,0.0042,0.4857,0.3248
4010,4.01,0.0067,0.0009,-0.1062,0.0058,0.4012,0.2614
4011,4.011,0.0053,0.0168,-0.04,0.0001,1.562,0.3197
4012,4.012,0.0166,0.012,0.0205,0.0022,1.397,1.0067
4013,4.013,0.012,0.0076,0.0285,0.0002,0.3397,0.7263
4014,4.014,-0.0006,0.0115,-0.0211,-0.0093,-0.3489,0.1294
4015,4.015,-0.0125,0.0006,-0.0662,-0.019,-0.4757,-0.2592
4016,4.016,-0.011,0.0038,-0.0369,-0.0076,-0.5904,-0.1905
4017,4.017,-0.018,0.0066,0.022,-0.0061,-0.4888,-0.2552
4018,4.018,-0.0192,0.0039,0.0454,0.0035,-0.3959,-0.3138
4019,4.019,-0.0317,0.0015,0.0384,0.0023,-1.1621,-0.2613
4020,4.02,-0.0436,-0.0051,0.0062,-0.0009,-1.6777,-0.7899
4021,4.021,-0.039,0.005,-0.0466,-0.0019,-0.647,-1.0011
4022,4.022,-0.0265,0.0068,-0.0393,0.0027,0.3158,-0.2972
4023,4.023,-0.0248,0.0017,-0.0069,0.0086,0.4433,0.1727
4024,4.024,-0.0172,-0.0059,0.0106,0.0049,0.5582,0.2595
4025,4.025,0.0009,-0.0046,0.0266,0.0028,0.4565,0.3377
4026,4.026,0.0181,-0.0034,0.0123,-0.0002,0.3637,0.2682
4027,4.027,0.0203,-0.0024,-0.0009,-0.0054,0.7899,0.2048
4028,4.028,0.0142,0.0006,-0.0047,-0.0147,1.6416,0.4953
4029,4.029,0.0087,-0.004,0.0133,-0.011,1.0755,0.9712
4030,4.03,0.0002,0.0003,0.0629,-0.0053,0.1462,0.5236
4031,4.031,0.0017,0.004,0.0558,0.002,-0.2305,-0.0009
4032,4.032,0.0087,0.0019,0.0622,0.0066,-0.3456,-0.2135
4033,4.033,0.0049,0.0014,0.0679,0.0024,-0.4497,-0.2785
4034,4.034,0.0105,-0.0015,0.0307,0.0062,-0.5439,-0.3373
4035,4.035,0.0095,-0.002,-0.0422,0.0098,-0.4591,-0.2852
4036,4.036,0.0122,-0.0017,-0.0944,0.0081,-1.6199,-0.3336
4037,4.037,0.0113,0.0004,-0.0284,0.0077,-1.4548,-0.9891
4038,4.038,0.0061,0.0014,-0.0373,0,-0.3973,-0.7089
4039,4.039,0.0025,-0.0038,-0.0921,-0.0055,0.2914,-0.1121
4040,4.04,0.012,-0.0016,-0.0426,-0.0024,0.4187,0.2766
4041,4.041,0.0079,-0.0052,0.0024,-0.0032,0.5336,0.2076
4042,4.042,0.0091,-0.0021,0.0081,0.0028,0.4321,0.2722
4043,4.043,0.0013,-0.0016,0.024,0.0066,0.3397,0.3304
4044,4.044,0.0044,-0.001,0.0579,0.0061,1.1064,0.1724
4045,4.045,0.0053,0.0041,0.071,0.0045,1.6221,0.7969
4046,4.046,-0.0075,-0.0008,0.0828,0.0017,0.5918,0.8822
4047,4.047,-0.0093,0.0087,0.0353,0.0004,-0.0963,0.3397
4048,4.048,-0.0076,0.0018,0.0546,0.0017,-0.2233,-0.1544
4049,4.049,-0.0151,-0.0019,0.0374,0.0057,-0.5642,-0.2202
4050,4.05,-0.0164,-0.005,-0.0317,-0.002,-0.4624,-0.2793
4051,4.051,-0.0127,-0.0019,-0.0599,-0.0009,-0.3695,-0.333
4052,4.052,-0.0094,0.0027,-0.0339,0.0022,-0.7953,-0.1895
4053,4.053,-0.0063,-0.0051,-0.0416,-0.0042,-1.8015,-0.4957
4054,4.054,-0.0109,0.0003,-0.0486,-0.0032,-1.1161,-1.0124
4055,4.055,-0.0083,-0.0005,-0.029,-0.0054,0.0083,-0.5205
4056,4.056,0.0032,-0.0013,0.0122,-0.0047,0.4639,0.0566
4057,4.057,0.0218,0.0009,0.0496,-0.0004,0.3292,0.2904
4058,4.058,0.0145,-0.0011,0.0158,0.0013,0.4552,0.2213
4059,4.059,0.0123,-0.0042,-0.0504,-0.0064,0.5696,0.2858
4060,4.06,0.0102,0.0011,-0.1549,-0.0054,0.4673,0.2282
4061,4.061,0.0121,0.0018,-0.1411,-0.0106,1.4975,0.281
4062,4.062,0.0138,0.0001,-0.078,-0.0042,1.3613,1.0017
4063,4.063,0.0185,0.0007,0.0026,-0.0067,0.2381,0.6932
4064,4.064,0.0089,0.0022,0.0339,-0.0045,-0.2172,0.2237
4065,4.065,0.0027,0.0073,0.0244,0.0004,-0.3566,-0.2038
4066,4.066,-0.0005,0.0024,0.0503,0.0061,-0.4825,-0.2826
4067,4.067,-0.0056,0.0007,0.0426,0.0113,-0.5966,-0.3537
4068,4.068,-0.0048,0.0013,0.0356,0.0049,-0.2883,-0.2905
4069,4.069,-0.0103,0.0038,0.0072,0.0028,-1.2113,-0.2268
4070,4.07,-0.0078,-0.0009,0.0008,0.007,-1.6801,-0.7502
4071,4.071,-0.004,-0.0026,0.0182,0.0018,-0.7428,-0.9616
4072,4.072,0.0009,-0.0055,0.0341,0.0025,0.1327,-0.3856
4073,4.073,-0.0008,0.0003,0.0197,0.0055,0.4753,0.1577
4074,4.074,-0.0083,0.0025,0.0154,0.0026,0.5798,0.2295
4075,4.075,-0.0073,0.0004,0.0273,-0.0052,0.4874,0.2942
4076,4.076,-0.0118,0.0021,0.0309,-0.0085,0.403,0.3528
4077,4.077,-0.0143,-0.0067,0.0341,-0.0096,0.7903,0.1946
4078,4.078,-0.0073,0.0021,0.0012,-0.0088,1.7053,0.531
4079,4.079,0.0011,0.0011,-0.0209,-0.0097,1.0824,1.0116
4080,4.08,0.0067,0.0063,-0.0169,-0.0075,0.0605,0.5639
4081,4.081,-0.0006,0.0017,-0.006,0.0031,-0.3536,0.0391
4082,4.082,0.0059,-0.0008,-0.029,-0.0015,-0.4802,-0.1734
4083,4.083,0.0101,0.0029,-0.0142,0.0025,-0.5949,-0.2385
4084,4.084,0.0108,-0.0035,0.0268,-0.0012,-0.4932,-0.2972
4085,4.085,0.0088,-0.0027,0.0675,-0.0138,-0.4005,-0.2449
4086,4.086,0.0093,-0.002,0.0726,-0.0257,-1.5078,-0.2933
4087,4.087,0.0099,-0.0085,0.0966,-0.0119,-1.3581,-0.9485
4088,4.088,0.0042,-0.0007,0.0922,-0.0026,-0.3969,-0.8554
4089,4.089,-0.0042,-0.006,0.0562,0.0024,0.2292,-0.0879
4090,4.09,-0.0145,0.0005,0.0125,0.0039,0.3447,0.2226
4091,4.091,-0.0242,-0.0055,-0.0404,0.0025,0.4489,0.3178
4092,4.092,-0.0128,-0.0018,-0.0333,0.0012,0.5434,0.2335
4093,4.093,-0.0113,0.0002,0.0379,-0.0021,0.4588,0.3114
4094,4.094,-0.0126,0.0033,0.0473,-0.0074,1.1555,0.2416
4095,4.095,-0.0115,0.0004,0.0211,-0.001,1.6243,0.8173
4096,4.096,-0.0059,0.0009,-0.0654,-0.0036,0.687,0.8952
4097,4.097,-0.003,-0.0004,-0.1233,0.0048,-0.1879,0.4025
4098,4.098,-0.0039,0.0025,-0.1757,0.008,-0.3036,-0.1747
4099,4.099,0.0003,-0.0033,-0.1283,0.011,-0.4081,-0.2536
4100,4.1,0.0102,-0.0008,-0.085,0.0082,-0.5029,-0.3245
4101,4.101,0.0088,-0.0123,-0.0457,0.009,-0.4186,-0.2611
4102,4.102,0.0125,-0.0275,-0.0952,0.0068,-0.8057,-0.2033
4103,4.103,0.0156,-0.0134,-0.1144,0.0047,-1.7207,-0.573
4104,4.104,0.0185,0.0108,-0.0734,0.0077,-1.0979,-1.1017
4105,4.105,0.0176,0.001,-0.0146,0.0072,-0.0759,-0.6094
4106,4.106,0.0116,0.0098,0.056,0.0004,0.3385,-0.0322
4107,4.107,0.0063,0.0125,0.0845,0.0088,0.4651,0.2018
4108,4.108,0.0014,0.0148,0.076,0.0077,0.5795,0.2733
4109,4.109,-0.0081,0.0082,0.0526,-0.0017,0.4775,0.3381
4110,4.11,-0.0289,0.0102,0.0312,0.002,0.5715,0.2807
4111,4.111,-0.0318,-0.0028,0.0118,0.0097,1.508,0.3339
4112,4.112,-0.0291,0.0022,0.0174,0.0025,1.3843,0.9588
4113,4.113,-0.0364,0.0037,0.0227,0.007,0.363,0.7041
4114,4.114,-0.0341,-0.0003,0.018,0.0079,-0.3256,0.1615
4115,4.115,-0.0156,0.0008,0.0226,0.0101,-0.4526,-0.1917
4116,4.116,0.0016,-0.0002,0.0346,0.0065,-0.5673,-0.2568
4117,4.117,0.0171,-0.0054,0.0528,-0.0017,-0.4658,-0.3155
4118,4.118,0.0191,-0.0009,0.0497,-0.0007,-0.3732,-0.2632
4119,4.119,0.0135,0.0016,0.0289,-0.0164,-1.3098,-0.2153
4120,4.12,0.0151,0.0086,-0.0013,-0.0186,-1.6843,-0.7832
4121,4.121,0.0227,-0.0036,-0.0131,-0.0044,-0.6641,-0.8608
4122,4.122,0.024,0.0015,-0.0022,0.005,0.2984,-0.368
4123,4.123,0.0177,0.003,-0.0052,0.0134,0.4254,0.2096
4124,4.124,0.0232,-0.0039,-0.008,0.015,0.5403,0.2885
4125,4.125,0.0201,-0.0051,-0.0052,0.0109,0.4385,0.3597
4126,4.126,0.0192,0.0027,0.0122,-0.0029,0.3453,0.2966
4127,4.127,0.0166,-0.0025,0.0278,-0.0085,0.7711,0.239
4128,4.128,0.0081,-0.0017,-0.0028,-0.0034,1.6227,0.5034
4129,4.129,0.0091,-0.0025,-0.0336,-0.0109,1.0563,1.0323
4130,4.13,0.0018,0.006,0.0263,-0.0068,0.1267,0.5403
4131,4.131,-0.0047,-0.0017,0.0522,-0.0031,-0.25,-0.0367
4132,4.132,-0.0005,-0.0047,0.0444,0.0026,-0.3652,-0.2702
4133,4.133,-0.009,0.0056,0.0515,0.0017,-0.4695,-0.3412
4134,4.134,-0.0261,0.0043,0.0322,0.0027,-0.377,-0.2779
4135,4.135,-0.0434,-0.0019,-0.0209,-0.0032,-0.4628,-0.3364
4136,4.136,-0.0368,0.0013,-0.0708,-0.0068,-1.6239,-0.2837
4137,4.137,-0.0183,-0.0017,-0.0902,-0.0088,-1.459,-1.0044
4138,4.138,-0.0059,-0.0008,-0.0609,-0.0045,-0.4018,-0.696
4139,4.139,-0.0125,0.0018,-0.0237,-0.0004,0.2867,-0.2267
4140,4.14,-0.0063,0.0011,0.0102,0.0074,0.4136,0.2008
4141,4.141,-0.0007,0.0005,0.0322,0.0108,0.528,0.2795
4142,4.142,0.0044,-0.0025,0.0921,0.0056,0.4262,0.3504
4143,4.143,0.015,0.0016,0.1696,0.0031,0.3332,0.2871
4144,4.144,0.0247,0.0042,0.2217,-0.0027,1.2699,0.2295
4145,4.145,0.0209,0.0085,0.1363,-0.0079,1.3951,0.8106
4146,4.146,0.0199,0.0069,-0.0133,-0.0127,0.6014,0.8885
4147,4.147,0.0147,-0.0008,-0.1556,-0.0069,-0.122,0.3957
4148,4.148,0.0083,-0.0039,-0.2482,-0.0031,-0.4054,-0.1815
4149,4.149,0.0005,0.0014,-0.2987,-0.001,-0.4922,-0.2605
4150,4.15,0.0143,0.0041,-0.1916,0.0008,-0.5707,-0.3316
4151,4.151,0.0236,0.0016,-0.0941,-0.0021,-0.3607,-0.2685
4152,4.152,0.0152,-0.0068,-0.0055,0.0027,-0.8087,-0.2109
4153,4.153,0.0167,-0.0036,-0.0168,0.0044,-1.681,-0.5807
4154,4.154,0.0098,-0.0025,-0.0063,-0.0032,-1.0582,-1.0135
4155,4.155,-0.0015,0.0002,0.0224,-0.0001,-0.0363,-0.4905
4156,4.156,-0.0122,-0.0023,0.0485,0.0007,0.378,0.0032
4157,4.157,-0.0247,-0,0.0566,0.0016,0.5044,0.1967
4158,4.158,-0.0332,0.0036,0.0782,-0.0054,0.6189,0.2558
4159,4.159,-0.0318,0.0031,0.0849,-0.0045,0.5169,0.3094
4160,4.16,-0.0277,0.0048,0.0558,0.0032,0.4236,0.262
4161,4.161,-0.0391,-0.003,0.0294,0.0022,1.5305,0.3059
4162,4.162,-0.0498,0.0003,0.015,0.003,1.3804,0.9016
4163,4.163,-0.0316,-0.0007,-0.0069,0.0055,0.4189,0.8169
4164,4.164,-0.0092,0.0001,-0.0029,0.0032,-0.2069,0.1193
4165,4.165,0.0179,0.0026,0.0225,0.0067,-0.3226,-0.1631
4166,4.166,0.0216,0.0048,0.0127,0.0009,-0.4271,-0.2494
4167,4.167,0.0185,-0.0045,0.0156,0.0015,-0.522,-0.3274
4168,4.168,0.0215,0.0017,0.0568,0.0035,-0.4377,-0.2578
4169,4.169,0.0135,-0.0061,0.0276,0.0004,-1.2892,-0.1942
4170,4.17,0.0092,-0.0042,-0.0482,-0.0021,-1.6035,-0.7886
4171,4.171,0.0116,-0.0032,-0.0854,-0.0005,-0.5832,-0.9632
4172,4.172,0.0139,-0.0024,-0.0516,0.001,0.1053,-0.2757
4173,4.173,0.0281,-0.0119,-0.0119,0.0021,0.4816,0.1942
4174,4.174,0.0151,-0.0031,-0.0068,-0.0019,0.5963,0.2808
4175,4.175,0.0134,-0.0022,0.0075,-0.0025,0.4946,0.359
4176,4.176,0.0088,-0.0032,0.0381,-0.0038,0.4018,0.2895
4177,4.177,0.0048,-0.0005,0.0341,-0.001,0.8275,0.2259
4178,4.178,0.011,-0.0048,0.0376,-0.0008,1.679,0.5164
4179,4.179,0.012,-0.0163,0.0343,-0.0061,0.8863,0.9922
4180,4.18,0.0067,-0.0248,-0.0107,-0.0177,-0.0432,0.4166
4181,4.181,0.0003,-0.0019,-0.0299,-0.0398,-0.4195,-0.1268
4182,4.182,-0.0056,0.0013,0.0584,-0.0128,-0.5346,-0.1989
4183,4.183,-0.0079,0.01,0.1215,-0.0021,-0.4332,-0.2642
4184,4.184,-0.0143,0.0127,0.1099,0.0076,-0.5279,-0.3231
4185,4.185,-0.0272,0.0003,0.0368,0.0047,-0.4434,-0.2709
4186,4.186,-0.0439,0.0068,-0.0491,0.0127,-1.6048,-0.3193
4187,4.187,-0.0417,-0.0034,-0.084,0.015,-1.4401,-0.9746
4188,4.188,-0.0275,0.0021,-0.0946,-0.0006,-0.3832,-0.6942
4189,4.189,-0.0107,0.0004,-0.0474,-0.0068,0.305,-0.0972
4190,4.19,0.0049,-0.0042,-0.0043,-0.0311,0.4318,0.2913
4191,4.191,0.0151,0.0083,0.0191,-0.0343,0.5461,0.2225
4192,4.192,0.0244,0.0065,-0.0164,-0.0195,0.4441,0.2872
4193,4.193,0.0261,-0.0042,-0.01,-0.0005,0.3508,0.3459
4194,4.194,0.0185,-0.025,-0.0274,0.0118,1.2871,0.1878
4195,4.195,0.006,-0.0222,-0.0326,0.0183,1.4122,0.8124
4196,4.196,-0.0024,-0.0031,-0.0279,0.0162,0.6182,0.8979
4197,4.197,-0.0039,0.0092,-0.0148,0.0142,-0.1055,0.3555
4198,4.198,-0.008,0.0113,-0.0672,0.0091,-0.3891,-0.1383
4199,4.199,0.0084,0.0133,-0.0889,0.0136,-0.4761,-0.2039
4200,4.2,0.0149,0.0039,-0.057,0.0176,-0.5546,-0.2628
4201,4.201,0.017,0.009,-0.0516,0.0063,-0.3447,-0.3163
4202,4.202,0.0077,0.0074,-0.0145,0.0078,-0.7929,-0.2685
4203,4.203,0.0094,0.006,0.0097,0.0091,-1.6653,-0.5744
4204,4.204,0.017,0.0071,0.0317,0.0028,-1.0424,-1.0114
4205,4.205,0.0129,0.0081,0.0279,-0.0028,-0.0204,-0.4883
4206,4.206,0.0165,0.0028,0.0315,0.0024,0.3935,0.0055
4207,4.207,0.0109,0.0055,0.0285,0.0051,0.5198,0.1991
4208,4.208,0.0035,-0.0005,0.0199,0.0025,0.6341,0.2582
4209,4.209,-0.0106,-0.0027,0.0447,0.0047,0.532,0.3117
4210,4.21,-0.0168,-0.0021,0.0546,0.0054,0.4386,0.2641
4211,4.211,-0.0373,0.0074,0.0398,0.0096,1.5452,0.308
4212,4.212,-0.0564,0.006,0.0098,0.0079,1.0934,0.9036
4213,4.213,-0.0441,0.0048,0.0137,0.0064,0.4059,0.6487
4214,4.214,-0.033,0.0038,0.0246,0.0003,-0.22,0.1059
4215,4.215,-0.0228,-0.0015,0.0215,0.0029,-0.3357,-0.2474
4216,4.216,-0.0097,-0.0023,0.0127,-0.0008,-0.44,-0.1849
4217,4.217,-0.0079,-0.0015,-0.012,-0.0028,-0.5347,-0.2438
4218,4.218,0.0028,-0.0008,-0.0284,-0.0023,-0.2801,-0.2972
4219,4.219,0.0236,-0.0001,-0.0197,-0.0018,-1.2866,-0.2494
4220,4.22,0.0265,-0.0018,-0.006,0.004,-1.6988,-0.8174
4221,4.221,0.0293,0.0011,0.0164,0.011,-0.5763,-0.8952
4222,4.222,0.022,-0.0004,0.0371,0.0025,0.1808,-0.2616
4223,4.223,0.0198,0.0038,0.0508,0.0016,0.3205,0.1659
4224,4.224,0.0137,-0.005,0.0435,0.0068,0.4467,0.2449
4225,4.225,0.0119,-0.0061,0.0187,0.0005,0.5611,0.3161
4226,4.226,0.0169,0.0017,0.0089,-0.0054,0.4592,0.3806
4227,4.227,0.003,0.0027,-0.0182,-0.0076,0.7404,0.2067
4228,4.228,-0.0101,-0.0036,-0.0584,-0.0096,1.6774,0.5764
4229,4.229,-0.0119,-0.0011,-0.0957,-0.0065,0.8053,1.009
4230,4.23,-0.0013,-0.0004,-0.1101,-0.014,0.0101,0.6022
4231,4.231,-0,0.0017,-0.044,-0.0087,-0.3014,0.0194
4232,4.232,-0.0064,0.006,0.0415,-0.0059,-0.3966,-0.2145
4233,4.233,-0.0142,0.002,0.1222,-0.0015,-0.4828,-0.2855
4234,4.234,-0.0173,0.0046,0.1745,-0.0084,-0.4059,-0.3501
4235,4.235,-0.009,0.0004,0.1082,-0.011,-0.4762,-0.2928
4236,4.236,-0.0123,-0,0.0132,-0.005,-1.4351,-0.3459
4237,4.237,-0.0028,-0.0057,-0.0247,-0.0027,-1.2986,-0.9706
4238,4.238,0.0009,-0.0093,-0.0595,0.0067,-0.4242,-0.7156
4239,4.239,0.0065,-0.0044,-0.0908,0.008,0.3723,-0.1727
4240,4.24,0.0076,-0.0074,-0.0815,0.0003,0.4781,0.1806
4241,4.241,0.0122,-0.0033,-0.0039,-0.0027,0.5736,0.2458
4242,4.242,0.0201,0.0036,0.0066,0.0037,0.4901,0.3046
4243,4.243,0.0108,0.001,-0.0406,0.0063,0.4138,0.3579
4244,4.244,0.012,-0.0014,-0.0491,0.0071,1.1882,0.2141
4245,4.245,0.0043,-0.0007,-0.0882,0.0093,1.4983,0.782
4246,4.246,0.0075,0.0014,0.0043,0.0011,0.6551,0.8598
4247,4.247,0.0029,-0.0002,0.0673,0.0002,-0.14,0.367
4248,4.248,-0.0048,0.004,0.1017,-0.0113,-0.4507,-0.2103
4249,4.249,-0.0205,0.0026,0.0913,-0.0097,-0.5452,-0.2893
4250,4.25,-0.0139,0.003,0.0439,-0.0056,-0.4606,-0.3604
4251,4.251,-0.0078,0.0001,0.0008,-0.0043,-0.3835,-0.2971
4252,4.252,0.0015,0.0027,-0.0069,0.0036,-0.8754,-0.2397
4253,4.253,0.0134,0.0031,-0.0281,0.0089,-1.7068,-0.5041
4254,4.254,0.0149,0.0008,-0.0473,0.0063,-0.9136,-1.033
4255,4.255,0.019,0.0038,-0.0882,-0.0015,0.0164,-0.5409
4256,4.256,0.0101,0.001,-0.0616,-0.0045,0.3938,0.0362
4257,4.257,0.0045,-0.0032,-0.0178,-0.009,0.5093,0.2699
4258,4.258,0.0056,0.0044,-0.0119,-0.0011,0.6138,0.3412
4259,4.259,-0.0048,-0.0009,-0.0382,0.002,0.5218,0.278
4260,4.26,-0.0062,0.0018,-0.0426,0.0012,0.4376,0.3365
4261,4.261,-0.0025,-0.0024,-0.0292,0.009,1.5992,0.284
4262,4.262,-0.0081,-0.0046,-0.0252,-0.0005,1.1028,1.0048
4263,4.263,-0.0155,-0.0026,-0.0287,0.0007,0.3473,0.6965
4264,4.264,-0.0147,-0.0043,0.0077,0.0017,-0.3403,0.2272
4265,4.265,-0.0121,-0.0026,0.0319,0.0028,-0.4665,-0.2
4266,4.266,-0.0158,-0.0011,0.0539,-0.0036,-0.5805,-0.2785
4267,4.267,-0.0193,0.0039,0.0419,0.0092,-0.4782,-0.3492
4268,4.268,-0.0175,-0.001,0.009,-0.0038,-0.3848,-0.2858
4269,4.269,-0.011,-0.0016,-0.022,0.0013,-1.3209,-0.2279
4270,4.27,0.002,-0.0033,-0.0021,0.0028,-1.6951,-0.809
4271,4.271,0.0081,-0.003,0.0402,-0.0004,-0.6129,-0.9272
4272,4.272,0.0175,-0.0005,0.0439,0.001,0.1836,-0.3846
4273,4.273,0.0125,-0.0009,0.0408,-0.0002,0.4954,0.1095
4274,4.274,0.0202,-0.0049,0.038,0.0053,0.4036,0.303
4275,4.275,0.0216,-0.0014,0.0628,-0.002,0.4901,0.3621
4276,4.276,0.0204,-0.0002,0.053,0.0025,0.4138,0.3102
4277,4.277,0.0194,0.0026,0.0321,-0.0017,0.9067,0.2628
4278,4.278,0.0184,0.0083,0.0129,-0.0118,1.6109,0.5686
4279,4.279,0.0157,0.0023,-0.0244,-0.0243,0.956,1.0058
4280,4.28,0.0098,0.0016,-0.0831,-0.0193,0.0173,0.4828
4281,4.281,0.0061,-0.0005,-0.1065,-0.0087,-0.3588,-0.1516
4282,4.282,0.0025,0.0011,-0.0568,0.0009,-0.4734,-0.2382
4283,4.283,0.0042,-0.0078,0.0145,0.0071,-0.5774,-0.1618
4284,4.284,-0.0046,-0.0268,0.043,0.008,-0.4848,-0.2327
4285,4.285,-0.016,-0.0132,0.0689,0.011,-0.4001,-0.297
4286,4.286,-0.0176,0.004,0.0611,0.0025,-1.561,-0.3552
4287,4.287,-0.0358,0.0018,0.0681,0.0102,-1.3959,-0.9362
4288,4.288,-0.0531,0.0078,0.0357,0.0132,-0.3383,-0.7043
4289,4.289,-0.0465,0.0021,-0.0173,0.0123,0.3503,-0.07
4290,4.29,-0.0364,-0.0064,-0.0958,0.0028,0.4773,0.1872
4291,4.291,-0.0272,-0.0295,-0.1064,0.0016,0.592,0.2659
4292,4.292,-0.0154,-0.0197,-0.0781,-0.0017,0.4902,0.337
4293,4.293,-0.0078,0.001,0.0167,-0.009,0.3971,0.2738
4294,4.294,-0.0038,0.0091,0.0543,-0.0117,1.3337,0.2162
4295,4.295,0.0075,-0.0182,0.0886,-0.004,1.4589,0.7975
4296,4.296,0.0214,-0.0219,0.0574,0.0032,0.665,0.8754
4297,4.297,0.0233,0.0011,0.0102,0.0058,-0.2647,0.3826
4298,4.298,0.0183,0.0159,0.0017,0.0066,-0.3919,-0.1945
4299,4.299,0.0108,0.0131,-0.0215,-0.0049,-0.5066,-0.2733
4300,4.3,0.0122,0.0204,-0.0285,-0.0304,-0.405,-0.2039
4301,4.301,0.011,0.0181,-0.022,-0.0269,-0.3121,-0.2684
4302,4.302,0.0282,0.012,0.0189,0.0029,-0.7382,-0.2107
4303,4.303,0.0306,0.0063,0.0242,-0.0011,-1.7449,-0.5802
4304,4.304,0.0284,0.0114,-0.0098,-0.0047,-1.0597,-1.0129
4305,4.305,0.0142,0.0128,-0.0319,-0.0015,0.0645,-0.4896
4306,4.306,0.0012,0.0059,-0.0761,-0.0103,0.5195,0.0043
4307,4.307,0.0028,0.0046,-0.1172,-0.0077,0.3842,0.1979
4308,4.308,0.0104,0.0014,-0.1226,0.0046,0.5097,0.2571
4309,4.309,0.009,0.0066,-0.0596,0.0111,0.3972,0.3108
4310,4.31,0.0127,0.0074,0.0006,0.0091,0.5002,0.2634
4311,4.311,0.0117,-0.0021,0.024,0.0146,1.5299,0.3074
4312,4.312,0.0086,0.0092,0.0312,0.0129,1.1192,0.903
4313,4.313,-0.0055,0.0046,0.0378,-0.0071,0.2447,0.6482
4314,4.314,-0.0198,-0.0023,0.0556,-0.0099,-0.325,0.1054
4315,4.315,-0.018,-0.0012,0.1039,-0.0076,-0.4306,-0.2477
4316,4.316,-0.03,-0.0022,0.0849,-0.001,-0.526,-0.185
4317,4.317,-0.0407,0.0051,0.0676,0.001,-0.4424,-0.36
4318,4.318,-0.0478,0.0005,0.0304,0.0029,-0.3661,-0.3077
4319,4.319,-0.0366,-0.0054,-0.0423,0.0079,-1.2809,-0.26
4320,4.32,-0.0228,-0.0001,-0.1152,0.0094,-1.6559,-0.8279
4321,4.321,-0.0098,0.0019,-0.0679,0.0081,-0.6358,-0.9056
4322,4.322,0.0088,-0.0038,-0.0421,0.0092,0.3263,-0.2718
4323,4.323,0.016,-0.0031,-0.0343,0.0036,0.453,0.1556
4324,4.324,0.0183,-0.0067,0.0012,0.0067,0.5674,0.2345
4325,4.325,0.0122,-0.0049,0.0596,0.0094,0.4653,0.3057
4326,4.326,0.0179,-0.0009,0.0674,0.0068,0.3722,0.3704
4327,4.327,0.0061,-0.0033,0.0177,0.003,0.7977,0.1966
4328,4.328,0.0046,0.0036,-0.0407,0.0023,1.649,0.5664
4329,4.329,0.006,0.0007,-0.0174,0.0066,0.8557,0.9991
4330,4.33,0.0097,-0.002,0.0181,0.0154,-0.0742,0.4759
4331,4.331,0.0175,0.0023,0.0372,0.0142,-0.202,-0.0179
4332,4.332,0.0227,-0.0029,0.0313,0.011,-0.3176,-0.2116
4333,4.333,0.0236,0.0035,0.047,0.008,-0.4223,-0.2708
4334,4.334,0.0261,-0.0023,0.0325,-0.006,-0.5174,-0.3243
4335,4.335,0.0299,0.0046,0.0104,-0.008,-0.4334,-0.2769
4336,4.336,0.0206,-0.0017,-0.0257,-0.0173,-1.595,-0.3209
4337,4.337,0.0143,-0.0042,-0.0499,-0.0088,-1.4305,-0.9167
4338,4.338,0.0088,-0.0078,0.0162,-0.0103,-0.3738,-0.6619
4339,4.339,0.0057,-0.0028,0.1018,-0.0062,0.3143,-0.1191
4340,4.34,-0.0007,0.0004,0.0674,-0.0049,0.4404,0.2341
4341,4.341,-0.0101,0.0022,0.0154,-0.0017,0.5543,0.2991
4342,4.342,-0.0189,-0.0013,0.025,0.0014,0.4518,0.3576
4343,4.343,-0.0267,0.0031,0.0163,0.006,0.3584,0.3052
4344,4.344,-0.0382,0.0037,-0.0383,0.0001,1.2944,0.2573
4345,4.345,-0.0612,0.0002,-0.1023,-0.0114,1.4191,0.825
4346,4.346,-0.071,-0.0048,-0.0763,-0.0131,0.6246,0.9026
4347,4.347,-0.0502,0.0031,-0.0372,-0.0024,-0.3056,0.2686
4348,4.348,-0.0201,-0.0041,-0.0728,-0.001,-0.4335,-0.159
4349,4.349,-0.0161,0.0006,-0.0406,-0.0047,-0.5487,-0.2383
4350,4.35,-0.0197,0.0049,-0.0114,-0.0056,-0.4475,-0.3095
4351,4.351,-0.0033,0.0013,-0.0167,-0.0046,-0.3551,-0.3741
4352,4.352,0.0116,-0.0022,0.0366,0.004,-0.7816,-0.2004
4353,4.353,0.0307,-0.0004,0.0438,0.005,-1.7887,-0.5706
4354,4.354,0.0284,0.0037,0.0762,0.0081,-0.8296,-1.0038
4355,4.355,0.0306,0.0002,0.082,0.0055,0.0449,-0.4809
4356,4.356,0.0205,0.0006,0.0661,0.0047,0.3872,0.0126
4357,4.357,0.0187,-0.0049,0.0613,-0.0004,0.4917,0.2058
4358,4.358,0.0136,-0.0027,0.0214,0.0032,0.5862,0.2645
4359,4.359,0.0182,-0.0033,-0.048,-0.001,0.5017,0.3176
4360,4.36,0.0252,0.0009,-0.0953,-0.0004,0.4245,0.2699
4361,4.361,0.0164,0.0098,-0.1383,0.0032,1.4795,0.3135
4362,4.362,0.0174,0.001,-0.1772,-0.0009,1.3292,0.9089
4363,4.363,0.0311,0.0066,-0.1274,-0.0025,0.3673,0.6536
4364,4.364,0.0367,0.0014,-0.0431,-0.0009,-0.2586,0.1104
4365,4.365,0.0383,-0.0013,0.0143,-0.0051,-0.374,-0.2432
4366,4.366,0.0337,0.0012,0.0871,-0.0021,-0.4782,-0.3086
4367,4.367,0.0155,-0.001,0.0775,-0.0015,-0.5727,-0.2516
4368,4.368,0.0082,-0.0059,0.0516,-0.0076,-0.3179,-0.3053
4369,4.369,-0.0031,-0.0017,0.075,-0.0118,-1.3242,-0.2578
4370,4.37,-0.0092,0.0012,0.0537,-0.0017,-1.4619,-0.8261
4371,4.371,-0.0335,0.0027,0.0345,0.0052,-0.5887,-0.9042
4372,4.372,-0.046,-0.0061,0.0072,0.0102,0.2225,-0.3166
4373,4.373,-0.0758,-0.001,-0.0102,0.009,0.3388,0.177
4374,4.374,-0.064,-0.0003,-0.0049,0.0101,0.4433,0.2424
4375,4.375,-0.0312,-0.0086,-0.0288,0.0132,0.5382,0.3009
4376,4.376,-0.018,-0.003,-0.0153,0.0068,0.4538,0.3541
4377,4.377,-0.0063,-0,0.0049,-0.006,0.8413,0.21
4378,4.378,-0.0028,-0.0009,-0.013,-0.0116,1.6156,0.603
4379,4.379,-0.0061,0.0086,0.0367,-0.0166,0.8954,0.9727
4380,4.38,0.0027,0.0048,0.0581,-0.009,0.0504,0.5398
4381,4.381,-0.0055,0.0016,0.0646,-0.002,-0.2918,0.0147
4382,4.382,-0.0128,0.0005,0.0705,0.0093,-0.3959,-0.1982
4383,4.383,-0.0105,-0.0003,0.0654,0.0108,-0.4901,-0.2636
4384,4.384,-0.0085,-0.0063,0.0414,0.0122,-0.4057,-0.3226
4385,4.385,-0.0029,-0.0178,-0.0069,0.0059,-0.4833,-0.2708
4386,4.386,-0.0113,-0.0263,-0.0652,-0.0019,-1.538,-0.3194
4387,4.387,0.0026,-0.0064,-0.1199,-0.0009,-1.3877,-0.9752
4388,4.388,0.0045,0.0073,-0.1696,-0.0094,-0.1517,-0.695
4389,4.389,0.0129,-0.01,-0.1372,-0.0062,0.3489,-0.0982
4390,4.39,0.0268,-0.0304,-0.0489,-0.0032,0.5024,0.2901
4391,4.391,0.0435,-0.0113,0.0395,0.0071,0.3672,0.221
4392,4.392,0.05,0.001,0.0511,0.0058,0.4931,0.2854
4393,4.393,0.0357,0.0121,0.0409,-0.0005,0.3807,0.3438
4394,4.394,0.0226,0.0182,0.0314,-0.0038,1.3081,0.1855
4395,4.395,0.014,0.0088,0.0399,0.0057,1.4338,0.8098
4396,4.396,0.0094,0.0139,0.0631,0.0144,0.6401,0.895
4397,4.397,0.0024,0.0093,0.0416,0.0019,-0.2892,0.3524
4398,4.398,-0.0014,0.0051,0.0222,-0.0168,-0.4162,-0.2827
4399,4.399,-0.0004,0.0088,0.0046,-0.0144,-0.5305,-0.3697
4400,4.4,-0.0057,0.0055,-0.0114,-0.0123,-0.4285,-0.2934
4401,4.401,-0.0084,0.0065,-0.0257,0.0019,-0.3352,-0.224
4402,4.402,-0.0126,0.0038,-0.0299,0.0037,-0.9311,-0.1607
4403,4.403,-0.0242,-0.0022,-0.0336,-0.0014,-1.7827,-0.5676
4404,4.404,-0.0462,-0.0029,-0.008,-0.0091,-0.9896,-1.0436
4405,4.405,-0.0374,-0.0023,0.0352,-0.0022,-0.0596,-0.468
4406,4.406,-0.0293,-0.0007,0.0528,0.0065,0.3174,0.0753
4407,4.407,-0.0221,-0.0036,0.0263,0.0009,0.4328,0.2878
4408,4.408,-0.011,0.0011,0.0022,0.0039,0.5372,0.2248
4409,4.409,0.0032,0.0028,-0.0109,-0.0046,0.4449,0.2835
4410,4.41,0.005,0.001,-0.0148,-0.0217,0.5306,0.2313
4411,4.411,0.0033,-0.0005,0.0105,-0.0242,1.537,0.3756
4412,4.412,0.0078,0.0064,0.06,-0.0086,1.1265,0.9437
4413,4.413,0.0119,0.0053,0.124,-0.0026,0.2526,0.712
4414,4.414,0.0157,0.0117,0.098,0.0029,-0.3163,0.0776
4415,4.415,0.0235,0.0005,0.0589,0.008,-0.4212,-0.1794
4416,4.416,0.0246,-0.0072,-0.0335,0.0125,-0.516,-0.2581
4417,4.417,0.0292,-0.0059,-0.0965,0.0084,-0.4319,-0.3289
4418,4.418,0.0283,-0.0022,-0.1308,0.0072,-0.3551,-0.2653
4419,4.419,0.0276,-0.0013,-0.0995,0.0081,-1.2697,-0.2074
4420,4.42,0.0168,-0.0023,-0.014,0.009,-1.6442,-0.7884
4421,4.421,0.0061,-0.0108,0.0205,0.0044,-0.6236,-0.866
4422,4.422,-0.0009,-0.0053,-0.0525,-0.0034,0.3392,-0.3728
4423,4.423,0.0003,0.0042,-0.1189,-0.0065,0.4664,0.2048
4424,4.424,0.0151,0.0004,-0.1275,-0.0111,0.5809,0.284
4425,4.425,0.0211,-0.0006,-0.0414,-0.0086,0.4792,0.3553
4426,4.426,0.0155,0.0088,-0.03,0.0013,0.3864,0.2923
4427,4.427,0.0003,0.0025,0.0012,0.0053,0.8121,0.2349
4428,4.428,-0.0139,0.0015,0.0297,-0.001,1.6639,0.605
4429,4.429,-0.0269,0.0045,0.0384,0.0067,0.871,1.0381
4430,4.43,-0.0455,0.0018,0.0307,-0.0007,-0.0583,0.5152
4431,4.431,-0.0478,-0.0007,-0.0047,0.0038,-0.4347,0.0219
4432,4.432,-0.05,0.0045,-0.037,0.0063,-0.3234,-0.2991
4433,4.433,-0.0398,-0.0033,-0.0196,0.0026,-0.4275,-0.2417
4434,4.434,-0.0268,-0.0023,0.039,0.009,-0.522,-0.2946
4435,4.435,-0.0284,0.0022,0.0623,0.0149,-0.4373,-0.2465
4436,4.436,-0.0208,-0.0056,0.0409,0.0033,-1.5985,-0.3771
4437,4.437,-0.0138,-0.0045,0.0214,-0.0085,-1.1016,-0.9722
4438,4.438,0.0052,0.0019,0.0153,-0.0101,-0.3458,-0.7168
4439,4.439,0.0133,-0.0058,0.0098,-0.006,0.3425,-0.1733
4440,4.44,0.0207,-0.0005,-0.0047,0.0002,0.4691,0.1806
4441,4.441,0.0229,0.0004,0.0086,0.0058,0.5834,0.2463
4442,4.442,0.0291,-0.0004,0.0287,0.011,0.4815,0.3055
4443,4.443,0.0273,-0.004,0.0762,0.0102,0.3885,0.3591
4444,4.444,0.0189,0.0009,0.0827,0.0094,1.3249,0.2159
4445,4.445,0.0143,0.0015,0.077,0.0009,1.4501,0.7843
4446,4.446,0.0184,0.0032,0.1035,0.0019,0.656,0.8624
4447,4.447,0.0172,0.0048,0.0696,-0.0011,-0.2736,0.3701
4448,4.448,0.0095,0.0019,0.0122,-0.0038,-0.4007,-0.2067
4449,4.449,0.0168,0.0007,-0.0585,0.0021,-0.5156,-0.2852
4450,4.45,0.0177,-0.0028,-0.0871,-0.0016,-0.4141,-0.356
4451,4.451,0.0219,0.0023,-0.1132,0.0062,-0.3212,-0.2924
4452,4.452,0.0182,-0.0025,-0.0744,0.0093,-0.9173,-0.2342
4453,4.453,0.0076,0.0017,-0.0533,0.0008,-1.7692,-0.6035
4454,4.454,0.006,0.0012,-0.0212,-0.0002,-0.9763,-1.0358
4455,4.455,0.0101,-0.0045,-0.0271,0.0029,-0.0468,-0.5122
4456,4.456,0.0089,-0.0067,-0.0111,-0.0092,0.3299,0.1228
4457,4.457,-0.0059,-0.0018,-0.0254,-0.0041,0.445,0.21
4458,4.458,-0.012,0.0013,-0.0122,-0.0087,0.5491,0.2888
4459,4.459,-0.0175,0.0018,0.0077,-0.01,0.4563,0.3599
4460,4.46,-0.0258,0.0034,0.0257,-0.0087,0.542,0.2968
4461,4.461,-0.0457,0.0065,0.0752,-0.0008,1.5485,0.3553
4462,4.462,-0.0648,0.0085,0.0822,-0.0102,1.1381,1.0427
4463,4.463,-0.0574,0.0067,0.037,-0.0138,0.264,0.7624
4464,4.464,-0.0371,0.0084,0.0198,-0.0034,-0.3051,0.1655
4465,4.465,-0.0013,0.0033,-0.0173,0.0008,-0.4098,-0.2232
4466,4.466,0.0131,0.0054,-0.0512,0.0047,-0.5047,-0.2944
4467,4.467,0.0087,-0.0016,-0.0382,0.008,-0.4206,-0.359
4468,4.468,0.0127,-0.0024,-0.0106,0.0134,-0.3437,-0.3013
4469,4.469,0.0092,0.0018,0.0366,0.005,-1.2581,-0.2486
4470,4.47,0.0061,-0.0034,0.0429,-0.0005,-1.6324,-0.8731
4471,4.471,0.0149,-0.0014,0.0021,0.0048,-0.6117,-0.9586
4472,4.472,0.0176,-0.0019,-0.0459,-0.0015,0.3512,-0.2612
4473,4.473,0.0177,0.001,-0.0128,0.0038,0.3938,0.183
4474,4.474,0.0105,0.0027,-0.0193,0.0013,0.52,0.2782
4475,4.475,0.0039,-0.0009,-0.0486,0.0082,0.6345,0.3642
4476,4.476,0.0141,-0.0051,-0.0751,0.0167,0.3266,0.2876
4477,4.477,0.0197,0.0013,-0.0607,0.009,0.7948,0.2177
4478,4.478,0.0146,-0.0064,-0.0209,0.008,1.5617,0.5375
4479,4.479,0.0161,-0.0012,0.0057,0.0054,0.8409,0.9445
4480,4.48,0.0065,0.0052,0.0202,-0.0005,-0.0042,0.4687
4481,4.481,0.0053,0.0078,0.0159,-0.0027,-0.3467,-0.1086
4482,4.482,0.0085,0.0025,0.0276,-0.0047,-0.4515,-0.3425
4483,4.483,0.0012,0.0074,0.0239,-0.0089,-0.5462,-0.4141
4484,4.484,-0.0052,-0.0021,0.0138,-0.0118,-0.462,-0.351
4485,4.485,-0.0026,-0.0229,0.0526,-0.004,-0.5398,-0.2938
4486,4.486,-0.0004,-0.0317,0.0577,-0.003,-1.595,-0.347
4487,4.487,-0.0082,-0.0236,0.0334,-0.006,-1.1435,-0.972
4488,4.488,-0.0134,0.0036,0.0114,-0.0015,-0.1818,-0.7172
4489,4.489,-0.0087,0,-0.0485,-0.0093,0.4438,-0.0197
4490,4.49,-0.0028,-0.0298,-0.0742,-0.0062,0.3326,0.2627
4491,4.491,-0.0034,-0.018,-0.0506,-0.009,0.4367,0.3487
4492,4.492,-0.0041,0.0074,-0.0151,-0.003,0.5313,0.2719
4493,4.493,-0.0136,0.0042,0.03,0.0022,0.4467,0.3424
4494,4.494,-0.0095,0.013,0.0473,0.0029,1.2979,0.2786
4495,4.495,-0.0133,0.0048,0.0313,-0.0029,1.4115,0.8015
4496,4.496,-0.0143,-0.0175,0.0265,-0.0022,0.4833,0.8718
4497,4.497,-0.0154,-0.0088,0.0486,-0.0016,-0.1427,0.2951
4498,4.498,-0.0108,-0.0007,0.0368,-0.0011,-0.2587,-0.0937
4499,4.499,-0.0133,0.0166,0.0621,0.0041,-0.5693,-0.1657
4500,4.5,-0.0018,0.0143,0.0718,0.0076,-0.4774,-0.3586
4501,4.501,0.01,0.0082,0.0388,0.0118,-0.3932,-0.3015
4502,4.502,0.0176,0.0138,0.0167,0.0122,-0.9355,-0.2492
4503,4.503,0.0107,0.0121,-0.0434,0.0054,-1.71,-0.5859
4504,4.504,0.0019,0.0105,-0.1211,-0.001,-0.9897,-0.9796
4505,4.505,-0.0013,0.0036,-0.1109,-0.0002,0.0426,-0.5042
4506,4.506,-0.0044,0.0047,-0.0446,0.0004,0.4565,0.0728
4507,4.507,-0.009,0.0037,0.0157,-0.0103,0.5826,0.3064
4508,4.508,0.0004,-0.0016,0.0079,-0.0273,0.4703,0.2371
4509,4.509,0.0016,-0.0007,-0.0134,-0.034,0.3683,0.3017
4510,4.51,0.0071,0.0001,0.019,-0.0321,0.4621,0.244
4511,4.511,0.008,0.0023,-0.0456,-0.0154,1.5691,0.4024
4512,4.512,0.0144,0.0029,-0.1059,-0.0089,1.1173,1.027
4513,4.513,0.0084,0.006,-0.0825,-0.0069,0.1554,0.772
4514,4.514,0.009,0.0054,-0.0043,-0.0088,-0.2211,0.0742
4515,4.515,-0.0016,-0.0023,0.0684,-0.0038,-0.3364,-0.2085
4516,4.516,-0.0092,-0.0194,0.0966,0.0038,-0.4408,-0.2951
4517,4.517,-0.0105,0.0178,0.036,0.0078,-0.5356,-0.3733
4518,4.518,-0.0116,0.0018,-0.0348,0.0115,-0.4512,-0.3038
4519,4.519,0.0009,-0.0029,-0.0444,0.0124,-1.3027,-0.2401
4520,4.52,0.0094,0.0015,-0.0529,0.0134,-1.6431,-0.8796
4521,4.521,0.0079,0.0054,-0.0295,0.0161,-0.5095,-0.9652
4522,4.522,0.0065,-0.0054,0.0061,0.0169,0.2472,-0.268
4523,4.523,-0.0099,-0.0022,0.0254,0.0085,0.3868,0.202
4524,4.524,-0.012,0.0006,0.0312,0.014,0.5125,0.2887
4525,4.525,-0.0059,0.0033,0.0472,0.013,0.6265,0.3669
4526,4.526,-0.0078,-0.0039,0.0617,0.0008,0.3184,0.2975
4527,4.527,-0.0027,-0.0017,0.0309,0.0058,0.9736,0.234
4528,4.528,0.0019,0.0003,-0.0051,0.0134,1.5698,0.6407
4529,4.529,-0.005,0.0022,0.0192,0.0065,0.873,1.0107
4530,4.53,0.0038,0.0005,0.059,0.0076,0.0276,0.4821
4531,4.531,0.0028,0.0051,0.1285,0.0132,-0.3148,-0.0116
4532,4.532,0.0081,-0.0045,0.157,0.0101,-0.4196,-0.205
4533,4.533,0.0165,-0.0033,0.1139,0.0092,-0.5145,-0.2641
4534,4.534,0.0133,-0.0001,0.0433,0.0014,-0.4305,-0.3175
4535,4.535,-0.0004,-0.0011,-0.0422,0.0108,-0.5083,-0.2696
4536,4.536,0.0014,-0.0056,-0.0998,-0.0006,-1.5636,-0.4005
4537,4.537,0.0099,-0.0048,-0.1728,-0.0051,-1.112,-0.9958
4538,4.538,0.0084,-0.0026,-0.2014,-0.0176,-0.1506,-0.7405
4539,4.539,0.0153,-0.0018,-0.1585,-0.0124,0.2262,-0.0425
4540,4.54,0.0266,-0.0023,-0.0411,-0.0139,0.3415,0.2404
4541,4.541,0.0312,-0.0006,0.0767,-0.0069,0.4456,0.3272
4542,4.542,0.0186,-0.001,0.092,0.002,0.5401,0.251
4543,4.543,0.0068,0.0033,0.0504,0.001,0.4555,0.322
4544,4.544,-0.0009,-0.0007,-0.0127,0.0001,1.3071,0.2586
4545,4.545,-0.0161,0.002,-0.0702,-0.0026,1.4212,0.8983
4546,4.546,-0.0304,0.0032,-0.0806,-0.0034,0.4932,0.8139
4547,4.547,-0.0285,0.0021,-0.0522,0.0036,-0.1328,0.2715
4548,4.548,-0.0133,0.0057,-0.0263,-0.0028,-0.2485,-0.222
4549,4.549,-0.0153,0.0006,-0.034,-0.0002,-0.5587,-0.2873
4550,4.55,-0.0246,0,0.0016,-0.0023,-0.4665,-0.346
4551,4.551,-0.033,-0.0005,0.0339,-0.0016,-0.3822,-0.2938
4552,4.552,-0.0223,-0.0033,0.028,-0.0045,-0.9242,-0.2459
4553,4.553,-0.0098,0.0015,0.0438,0.0008,-1.6984,-0.5515
4554,4.554,-0.0012,0.002,0.058,0.0015,-0.9777,-0.9883
4555,4.555,0.0095,-0.002,0.0534,0.0033,0.0549,-0.465
4556,4.556,0.0109,-0.0055,0.0415,0.0085,0.4692,0.029
4557,4.557,0.0098,-0.0013,0.0014,0.0093,0.3468,0.2227
4558,4.558,0.0177,0.0052,-0.0357,0.0098,0.4615,0.282
4559,4.559,0.0147,-0.0026,-0.0212,0.0103,0.3595,0.3354
4560,4.56,0.0156,0.0047,0.0007,0.0026,0.4534,0.2881
4561,4.561,0.0045,0.002,0.0285,-0.0052,1.5604,0.3321
4562,4.562,-0,-0.0023,0.0684,-0.0042,1.1087,0.9279
4563,4.563,-0.0069,-0.0029,0.0842,-0.0033,0.1471,0.6731
4564,4.564,-0.0106,0.0006,0.0601,-0.0007,-0.2294,0.1301
4565,4.565,-0.0074,-0.0024,0.0558,0.0046,-0.3446,-0.2233
4566,4.566,0.0063,-0.003,0.052,0.0125,-0.4487,-0.2887
4567,4.567,0.0044,-0.0066,-0.0024,-0.0032,-0.5432,-0.3475
4568,4.568,0.0095,0.0004,-0.1197,-0.0188,-0.4587,-0.2953
4569,4.569,0.011,-0.0007,-0.0692,-0.0208,-1.31,-0.2476
4570,4.57,0.0069,-0.0052,-0.0844,-0.0226,-1.4239,-0.8155
4571,4.571,0.0031,0.0076,-0.0705,-0.0107,-0.4959,-0.8934
4572,4.572,-0.0073,0.002,-0.058,-0.0031,0.3795,-0.2595
4573,4.573,-0.0254,0.0037,-0.0694,-0.0045,0.4955,0.1681
4574,4.574,-0.0122,-0.0048,-0.0279,0.0006,0.4962,0.2568
4575,4.575,-0.0049,-0.0033,-0.0175,0.0043,0.6003,0.3349
4576,4.576,-0.0027,-0.0019,0.011,0.0011,0.3204,0.4057
4577,4.577,-0.0047,-0.0031,0.0197,0.0041,0.9166,0.2141
4578,4.578,-0.0029,0.0024,0.0275,0.0014,1.6139,0.6209
4579,4.579,-0.0045,0.0034,0.0062,0.0072,0.7712,0.9908
4580,4.58,0.0001,0.008,0.0126,0.0124,-0.0242,0.4619
4581,4.581,0.0014,0.0037,0.03,0.0159,-0.3357,-0.032
4582,4.582,-0.0023,0.003,0.0459,0.0117,-0.4309,-0.2257
4583,4.583,0.0033,-0.0019,0.0701,0.0076,-0.5174,-0.4013
4584,4.584,0.0043,0.0023,0.0832,-0.0003,-0.4411,-0.3495
4585,4.585,-0.0041,-0.0053,0.1029,-0.0174,-0.5118,-0.3022
4586,4.586,0.0084,-0.0001,0.0772,-0.0298,-1.4714,-0.3464
4587,4.587,0.0066,-0.0123,0.0273,-0.0455,-1.3352,-0.9423
4588,4.588,0.0081,0.0029,-0.0797,-0.0354,-0.2114,-0.6876
4589,4.589,0.0177,0.0008,-0.1257,-0.0113,0.2439,-0.1449
4590,4.59,0.0214,-0.0196,-0.0841,-0.0016,0.3832,0.2083
4591,4.591,0.0203,-0.0278,-0.0208,0.0012,0.5088,0.2733
4592,4.592,0.0172,-0.0055,-0.0091,0.0093,0.3964,0.3318
4593,4.593,0.0107,0.0033,0.0221,0.0069,0.2942,0.2792
4594,4.594,0.0011,0.006,0.0315,0.018,1.3243,0.2312
4595,4.595,-0.0002,0.0084,0.0055,0.0119,1.462,0.8862
4596,4.596,-0.0081,0.0018,-0.0179,0.0099,0.5886,0.7928
4597,4.597,-0.0072,0.0079,-0.0822,0.0082,-0.2072,0.3659
4598,4.598,-0.0027,0.0097,-0.0391,-0.0025,-0.3127,-0.1778
4599,4.599,-0.0053,0.0114,0.0314,0.0015,-0.4078,-0.2498
4600,4.6,-0.0106,0.0007,0.0598,-0.0073,-0.4944,-0.3149
4601,4.601,-0.0213,0.0048,0.034,-0.0042,-0.418,-0.3738
4602,4.602,-0.0382,0.0036,0.0108,0.0073,-0.9106,-0.216
4603,4.603,-0.036,-0.002,0.0037,0.0088,-1.7425,-0.5527
4604,4.604,-0.0298,-0.0031,-0.0155,0.0074,-0.9496,-1.0337
4605,4.605,-0.0167,-0.0022,-0.0448,0.0036,-0.0202,-0.4581
4606,4.606,-0.0082,0.0037,-0.0713,0.0113,0.3562,0.0851
4607,4.607,-0.0005,0.0015,-0.0276,0.0123,0.4712,0.2974
4608,4.608,0.0037,0.0022,0.0489,0.0058,0.575,0.2342
4609,4.609,0.0049,0.0039,0.0801,0.0083,0.4821,0.2927
4610,4.61,0.0039,0.0034,0.0706,0.0076,0.5673,0.2402
4611,4.611,0.0092,0.005,0.0101,0.0039,1.5734,0.3846
4612,4.612,0.0083,0.0019,-0.0447,0.0022,1.1625,1.0397
4613,4.613,0.0142,0.0058,-0.0376,-0.0043,0.288,0.759
4614,4.614,0.0163,0.0106,-0.0441,-0.0035,-0.2815,0.1617
4615,4.615,0.0183,0.0037,-0.0384,0.0034,-0.3866,-0.2271
4616,4.616,0.0213,0.0064,-0.065,0.0098,-0.4815,-0.2987
4617,4.617,0.0301,-0.0031,-0.0407,0.0073,-0.5676,-0.3636
4618,4.618,0.0338,-0.0043,-0.0008,0.002,-0.3364,-0.3064
4619,4.619,0.0213,-0.0053,0.0257,-0.0029,-1.3918,-0.254
4620,4.62,0.0061,-0.0022,0.021,-0.0013,-1.5434,-0.8788
4621,4.621,-0,-0.003,0.0167,-0.0065,-0.5826,-0.9645
4622,4.622,-0.0168,-0.0108,0.0208,-0.0045,0.2926,-0.2673
4623,4.623,-0.028,-0.0035,0.0102,-0.005,0.4082,0.2024
4624,4.624,-0.0097,-0.0007,0.0071,0.0003,0.5123,0.2888
4625,4.625,-0.0121,-0.005,0.0045,0.0052,0.4195,0.3668
4626,4.626,-0.0188,0.002,-0.0034,0.0057,0.3347,0.2971
4627,4.627,-0.0209,-0.0007,-0.0009,0.004,0.8763,0.2335
4628,4.628,-0.0153,0.0019,0.0104,-0.0007,1.6501,0.64
4629,4.629,-0.0068,-0.0003,0.0291,-0.0037,0.929,1.0099
4630,4.63,0.0008,-0.0023,0.0415,-0.0042,-0.1039,0.4811
4631,4.631,0.0022,0.0034,0.0351,-0.012,-0.2439,-0.0129
4632,4.632,0.006,0.0057,0.0577,-0.0109,-0.3703,-0.2065
4633,4.633,0.007,0.0008,0.0728,-0.0036,-0.4851,-0.2658
4634,4.634,0.0061,-0.0009,0.0538,0.001,-0.3836,-0.3196
4635,4.635,0.0089,0.0008,0.0167,0.0002,-0.4779,-0.2723
4636,4.636,0.0149,-0.0039,-0.0312,0.0009,-1.7555,-0.4034
4637,4.637,0.0202,-0.0008,-0.0505,0.0029,-1.209,-0.9989
4638,4.638,0.0124,-0.0025,-0.0915,-0.0013,-0.378,-0.7439
4639,4.639,0.0155,-0.004,-0.1182,-0.0101,0.3787,-0.0461
4640,4.64,0.0201,0.003,-0.0457,-0.0112,0.5174,0.2364
4641,4.641,0.0123,-0.0064,0.0269,-0.0056,0.3939,0.3226
4642,4.642,0.0093,-0.0026,0.0932,0.0017,0.5077,0.2459
4643,4.643,0.0084,0.003,0.0674,0.0026,0.4049,0.3167
4644,4.644,0.0059,-0,0.0285,0.0034,1.2473,0.2531
4645,4.645,-0.0056,0.0009,0.0215,-0.0002,1.361,0.8923
4646,4.646,-0.0073,0.0068,0.0152,-0.0008,0.6391,0.8076
4647,4.647,-0.0088,0.0031,0.0095,-0.0012,-0.2064,0.2649
4648,4.648,-0.0158,0.008,0.0148,-0.0051,-0.3222,-0.2289
4649,4.649,-0.017,0.0023,-0.0385,-0.0003,-0.4267,-0.2945
4650,4.65,-0.0247,-0.0014,-0.0455,0.0003,-0.5217,-0.3535
4651,4.651,-0.0385,-0.0034,-0.0001,0.002,-0.4376,-0.3016
4652,4.652,-0.0515,-0.0017,0.0058,0.0047,-0.9799,-0.2541
4653,4.653,-0.0396,-0.0082,0.0007,0.0059,-1.7542,-0.6475
4654,4.654,-0.0381,-0.0073,-0.0136,0.0124,-0.8274,-1.0176
4655,4.655,-0.0199,-0.0036,-0.0354,0.0061,0.0475,-0.4891
4656,4.656,-0.0026,-0,-0.0632,0.0019,0.3898,0.1456
4657,4.657,0.0131,-0.0095,-0.0378,0.0072,0.4943,0.2322
4658,4.658,0.0152,-0.0026,0.0118,0.0093,0.589,0.3104
4659,4.659,0.0172,0.0011,0.0617,0.0099,0.5047,0.2406
4660,4.66,0.0258,0.0021,0.0811,0.0047,0.5825,0.305
4661,4.661,0.0305,0.0032,0.0402,-0.0046,1.6376,0.3631
4662,4.662,0.0375,0.0004,0.0349,-0.0109,1.1858,0.9442
4663,4.663,0.0288,-0.0055,-0.0185,-0.0099,0.2239,0.7123
4664,4.664,0.0186,0.0044,-0.0399,-0.0069,-0.4021,0.0778
4665,4.665,0.0117,0.0085,-0.1112,-0.0042,-0.5175,-0.1795
4666,4.666,0.0055,-0.0003,-0.1019,-0.0068,-0.4159,-0.2583
4667,4.667,-0.0048,0.0074,-0.059,0.0048,-0.5107,-0.3297
4668,4.668,-0.0117,0.0001,-0.0359,0.0099,-0.4264,-0.2666
4669,4.669,0.0073,-0.0027,-0.0431,0.0053,-1.4327,-0.2092
4670,4.67,0.021,-0.0035,-0.0755,-0.0016,-1.5706,-0.8962
4671,4.671,0.0234,0.0017,-0.0581,-0.0054,-0.4478,-0.8033
4672,4.672,0.0256,0.0009,-0.0209,-0.0086,0.3092,-0.2068
4673,4.673,0.0276,-0.0008,0.0033,-0.0033,0.4488,0.1817
4674,4.674,0.022,-0.0003,0.0254,-0.0006,0.5747,0.2534
4675,4.675,0.0021,0.0041,0.0504,0.0021,0.5028,0.3016
4676,4.676,-0.0098,0.0015,0.0545,0.0012,0.3901,0.3662
4677,4.677,-0.0205,0.0084,0.0439,0.0097,0.9051,0.1922
4678,4.678,-0.0302,0.0031,0.0408,0.0041,1.5611,0.5619
4679,4.679,-0.0365,0.0058,0.0321,0.0031,0.7946,0.9945
4680,4.68,-0.0375,0.0015,0.0241,0.0039,-0.1349,0.4711
4681,4.681,-0.0385,0.0037,0.0265,-0.009,-0.2621,-0.0227
4682,4.682,-0.0339,-0.0041,0.0244,-0.0146,-0.377,-0.2163
4683,4.683,-0.0261,-0.0011,0.0305,-0.0096,-0.4811,-0.2754
4684,4.684,-0.0103,-0.0076,0.0399,-0.002,-0.3885,-0.4346
4685,4.685,0.0144,-0.0068,0.0382,-0.0007,-0.6443,-0.3872
4686,4.686,0.0112,-0.0105,0.0397,0.003,-1.6507,-0.4312
4687,4.687,0.0084,-0.0212,0.0605,0.0085,-1.2403,-1.027
4688,4.688,0.0111,-0.0319,0.1054,0.0115,-0.117,-0.6016
4689,4.689,0.0184,-0.0112,0.0988,0.0161,0.3383,-0.0586
4690,4.69,0.0118,0.0037,0.0104,0.0169,0.4776,0.2947
4691,4.691,0.0097,0.0064,-0.078,0.0175,0.6036,0.2321
4692,4.692,0.0115,0.004,-0.0897,0.0068,0.4914,0.2908
4693,4.693,-0.0004,0.0105,-0.0376,-0.0162,0.3891,0.3442
4694,4.694,-0.002,0.0125,-0.0471,-0.0327,1.2321,0.2966
4695,4.695,0.0075,0.0106,-0.0557,-0.0356,1.3462,0.8646
4696,4.696,0.0162,0.0055,-0.0323,-0.0329,0.4182,0.7878
4697,4.697,0.0083,0.004,0.0174,-0.0157,-0.2076,0.2948
4698,4.698,0.003,0.0053,-0.0151,-0.0224,-0.3233,-0.1544
4699,4.699,0.002,0.0065,-0.0446,-0.0122,-0.4276,-0.2138
4700,4.7,0.0027,0.0009,-0.05,-0.0067,-0.5223,-0.2674
4701,4.701,-0.0089,0.0081,-0.0357,-0.0016,-0.4381,-0.316
4702,4.702,-0.0142,-0.0023,-0.0313,-0.0032,-0.9801,-0.1853
4703,4.703,-0.0249,-0.0009,-0.043,0.0064,-1.7543,-0.6218
4704,4.704,-0.0263,0.0002,-0.0247,0.0052,-0.8274,-1.0288
4705,4.705,-0.0226,0.0012,0.0117,0.0042,0.0478,-0.4472
4706,4.706,-0.0193,-0.0061,0.0261,0.0114,0.3905,0.0965
4707,4.707,-0.0245,0.0003,0.0394,0.0122,0.4954,0.3093
4708,4.708,-0.0235,-0.0022,0.0433,0.013,0.4032,0.2467
4709,4.709,-0.0106,-0,0.047,0.0245,0.4893,0.3056
4710,4.71,0.01,0.002,0.0372,0.0262,0.5671,0.2536
4711,4.711,0.0127,0.0025,0.0285,0.0307,1.6223,0.3983
4712,4.712,0.0151,0.0042,0.0257,0.021,1.1706,0.9668
4713,4.713,0.0129,-0.0005,0.043,0.0122,0.2089,0.7352
4714,4.714,0.0109,0.0052,0.0766,-0.005,-0.417,0.1011
4715,4.715,0.0127,0.0059,0.1297,-0.0173,-0.3062,-0.1558
4716,4.716,0.0144,0.001,0.0941,-0.0108,-0.4105,-0.2342
4717,4.717,0.025,-0.006,0.0227,-0.0047,-0.505,-0.3049
4718,4.718,0.018,-0.0014,-0.0246,-0.0066,-0.4205,-0.3691
4719,4.719,0.0116,0.0045,-0.0504,-0.0015,-1.4266,-0.311
4720,4.72,-0.0055,-0.004,-0.058,-0,-1.5646,-0.8918
4721,4.721,-0.0128,-0.0008,-0.0793,-0.0014,-0.4418,-0.8147
4722,4.722,-0.0195,-0.0018,-0.0856,-0.0051,0.3154,-0.3214
4723,4.723,-0.0011,-0.0082,-0.1502,-0.0061,0.4552,0.1283
4724,4.724,0.026,-0.004,-0.1415,-0.0051,0.5813,0.188
4725,4.725,0.0368,-0.0061,-0.0868,0.0035,0.4693,0.3474
4726,4.726,0.0203,0.0017,-0.0512,0.0025,0.3671,0.3001
4727,4.727,0.0053,0.0027,-0.0319,0.0015,1.0229,0.257
4728,4.728,-0.0085,0.0054,-0.0026,0.0062,1.6194,0.6146
4729,4.729,-0.0159,0.0079,0.024,0.0053,0.7679,0.9513
4730,4.73,-0.0138,-0.0036,0.0193,0.0047,-0.0277,0.4709
4731,4.731,-0.0159,0.0015,0.015,0.0083,-0.3392,-0.1062
4732,4.732,-0.0215,0,0.0112,0.0041,-0.4345,-0.1851
4733,4.733,-0.0063,0.007,0.0003,0.0046,-0.5208,-0.2562
4734,4.734,-0.0083,-0.0018,0.0234,0.0011,-0.4445,-0.3207
4735,4.735,-0.0065,0.0037,0.0263,0.0023,-0.5152,-0.2632
4736,4.736,-0.0048,0.0027,0.0234,0.0011,-1.475,-0.4218
4737,4.737,-0.0032,0.0001,0.0605,0.0002,-1.3386,-1.0463
4738,4.738,0.0094,-0.0024,0.1084,0.0055,-0.2151,-0.6206
4739,4.739,0.0145,-0.0045,0.1019,-0.0029,0.2401,-0.0772
4740,4.74,0.0191,-0.0065,0.0845,-0.0039,0.3794,0.2763
4741,4.741,0.0205,-0.0022,0.058,-0.0049,0.5052,0.2139
4742,4.742,0.0217,-0.0015,0.0046,-0.004,0.393,0.2728
4743,4.743,0.0185,-0.0062,-0.0881,-0.0031,0.2906,0.3261
4744,4.744,0.0133,0.0033,-0.0757,0.0022,1.3207,0.2786
4745,4.745,0.0106,0.0047,0.0277,0.0001,1.4585,0.8466
4746,4.746,0.0165,-0.0015,0.0691,0.0007,0.5848,0.7698
4747,4.747,0.0202,0.0042,0.0565,0.0002,-0.2107,0.2767
4748,4.748,0.0209,0.0032,0.022,-0.0054,-0.3161,-0.1726
4749,4.749,0.0192,-0.0032,-0.0092,-0.0091,-0.4109,-0.2322
4750,4.75,0.0104,-0.0006,-0.0566,-0.011,-0.4969,-0.2858
4751,4.751,-0.0085,0.0001,-0.1343,-0.004,-0.4202,-0.3344
4752,4.752,-0.0332,0.0008,-0.124,0.0025,-0.9126,-0.2039
4753,4.753,-0.0631,-0.0034,-0.0577,0.0068,-1.7445,-0.6407
4754,4.754,-0.0749,0.0042,-0.0146,-0.0016,-0.9515,-1.0478
4755,4.755,-0.0568,-0.003,-0.0069,-0.0026,-0.0217,-0.4666
4756,4.756,-0.047,-0.0022,-0.0139,0.0006,0.3551,0.0767
4757,4.757,-0.0442,0.0021,0.0054,-0.0002,0.4702,0.2892
4758,4.758,-0.0141,-0.0031,0.0465,0.0025,0.5743,0.2263
4759,4.759,-0.0022,0.0018,0.0518,0.0048,0.4818,0.285
4760,4.76,0.0013,0.0013,0.0473,-0.0001,0.5676,0.2326
4761,4.761,0.0178,0.0042,0.0254,0.0005,1.5742,0.3768
4762,4.762,0.0207,0.0067,0.0373,-0.0059,1.1636,1.0321
4763,4.763,0.018,0.0045,0.0265,-0.0016,0.2894,0.7514
4764,4.764,0.0205,0.0033,0.0298,0.0021,-0.2798,0.1541
4765,4.765,0.0184,0.0076,0.0269,0.0099,-0.3847,-0.2345
4766,4.766,0.0246,-0,-0.0088,0.0109,-0.4791,-0.306
4767,4.767,0.0155,-0.0031,-0.072,0.0117,-0.565,-0.3709
4768,4.768,0.0207,0.0015,-0.0636,-0.0012,-0.3334,-0.3137
4769,4.769,0.0224,-0.0027,-0.0248,-0.0105,-1.3882,-0.2614
4770,4.77,0.0211,-0.0049,0.0246,-0.0054,-1.5397,-0.8862
4771,4.771,0.0099,-0.0029,0.0308,-0.013,-0.5786,-0.8016
4772,4.772,0.0053,-0.0024,0.0364,-0.0227,0.297,-0.2591
4773,4.773,0.004,-0.0052,0.0311,-0.0239,0.4132,0.2348
4774,4.774,0.0078,-0.0017,0.0263,-0.0136,0.5178,0.3003
4775,4.775,0.0068,0.0052,0.0043,-0.0096,0.4257,0.3592
4776,4.776,0.0042,-0.0005,0.0003,-0.0022,0.3765,0.311
4777,4.777,0.0032,0.0025,-0.0114,0.0041,0.9727,0.2587
4778,4.778,0.0024,0.0089,-0.0367,0.0051,1.6701,0.5952
4779,4.779,-0.0036,-0.0039,-0.0398,0.0123,0.8276,0.9887
4780,4.78,-0.0121,0.0054,-0.0308,0.0076,0.0322,0.5129
4781,4.781,-0.0153,-0.0031,-0.017,0.0084,-0.2792,-0.0642
4782,4.782,-0.008,0.0015,-0.0291,0.0062,-0.3743,-0.2981
4783,4.783,0.0004,0.0055,0.0048,0.0111,-0.4606,-0.2288
4784,4.784,-0.0052,-0.0084,0.0582,0.0141,-0.3841,-0.2935
4785,4.785,-0.0168,-0.0326,0.0798,0.0065,-0.5952,-0.3521
4786,4.786,-0.0183,-0.0294,0.0477,0.0034,-1.5546,-0.5108
4787,4.787,-0.0196,0.0035,-0.0286,0.0007,-1.1436,-1.0395
4788,4.788,-0.0185,-0.0097,-0.0595,-0.0019,-0.269,-0.6883
4789,4.789,-0.0014,-0.0297,-0.0878,-0.0012,0.3007,-0.1113
4790,4.79,0.011,-0.0261,-0.0618,0.0023,0.4057,0.2775
4791,4.791,0.0088,0.0102,0.0088,0.0039,0.5006,0.349
4792,4.792,0.0109,0.0149,0.0373,0.001,0.4169,0.2858
4793,4.793,0.0053,0.0105,0.0286,-0.0006,0.3405,0.3444
4794,4.794,0.0037,0.0066,0.0362,-0.0076,1.3958,0.2918
4795,4.795,0.0022,0.0174,0.0148,-0.0233,1.2461,0.9165
4796,4.796,-0.0019,0.0142,-0.0044,-0.0211,0.5597,0.8318
4797,4.797,-0.0007,-0.0008,0.013,-0.007,-0.3152,0.2892
4798,4.798,0.0164,0.0073,-0.0136,0.0098,-0.4305,-0.2047
4799,4.799,0.0141,0.0049,0.0007,0.0075,-0.5346,-0.2701
4800,4.8,0.0118,0.0071,0.0314,0.0095,-0.4419,-0.3289
4801,4.801,0.0138,0.0091,0.0112,0.0039,-0.3574,-0.2766
4802,4.802,0.0157,0.0072,0.0074,0.0055,-0.8991,-0.2289
4803,4.803,0.0004,0.0055,0.0038,0.007,-1.6733,-0.6221
4804,4.804,0.0023,0.0009,-0.0115,-0.0112,-0.9522,-0.9921
4805,4.805,0.0078,0.0022,-0.0039,-0.0185,0.0808,-0.4633
4806,4.806,0.0027,0.001,-0.0366,-0.012,0.4952,0.0306
4807,4.807,0.0072,0.0066,-0.0678,-0.01,0.3728,0.2243
4808,4.808,0.0032,0.0013,-0.0717,-0.0044,0.4873,0.2834
4809,4.809,-0.0005,0.0021,-0.0314,0.004,0.3857,0.3369
4810,4.81,-0.0037,-0.0038,-0.0044,0.0055,0.6673,0.2894
4811,4.811,-0.0195,0.0014,0.0008,0.0069,1.6043,0.4205
4812,4.812,-0.035,0.0021,0.0143,0.0057,1.2312,1.0161
4813,4.813,-0.0493,-0.0022,0.0425,0.0089,0.2098,0.5909
4814,4.814,-0.0549,0.003,0.068,0.0099,-0.4785,0.0479
4815,4.815,-0.0533,-0.0034,0.0714,0.0126,-0.3559,-0.1644
4816,4.816,-0.0518,-0.0043,0.0444,0.0101,-0.4705,-0.2296
4817,4.817,-0.031,-0.0065,0.099,0.0064,-0.5744,-0.2884
4818,4.818,0.0019,-0.0017,0.0912,0.0028,-0.2943,-0.3417
4819,4.819,0.0062,-0.0086,-0.0013,0.0071,-1.401,-0.2938
4820,4.82,0.0181,-0.0041,-0.0391,0.0066,-1.5525,-0.8617
4821,4.821,0.0217,0.0018,-0.0506,-0.0012,-0.5915,-0.9394
4822,4.822,0.0249,0.004,-0.0608,-0.0022,0.2837,-0.3053
4823,4.823,0.0162,0.002,-0.0513,0.003,0.3996,0.1224
4824,4.824,0.019,0.0014,-0.0426,0.0003,0.5041,0.2013
4825,4.825,0.0213,-0.0062,-0.0192,0.0062,0.5989,0.2725
4826,4.826,0.0279,-0.0092,-0.0121,0.004,0.3445,0.3371
4827,4.827,0.0259,0.0048,-0.0056,0.0105,0.8865,0.2796
