Frame,Time,EMG_1,EMG_2,EMG_3,EMG_4,EMG_5,EMG_6
0,0,0.0193,-0.0036,0.1296,0.002,0.014,-0.0252
1,0.001,0.0289,-0.0076,-0.0054,-0.004,-0.2006,-0.533
2,0.002,0.0494,-0.0102,-0.0934,-0.0028,-0.2819,-0.5871
3,0.003,0.0626,-0.0091,-0.1055,-0.0037,-0.3004,-0.6338
4,0.004,0.0694,-0.0028,-0.116,-0.0119,-0.3161,-0.6742
5,0.005,0.0711,-0.0075,0.0404,-0.0039,-0.2852,-0.6041
6,0.006,0.0646,-0.0067,0.1041,-0.0028,-0.2969,-0.6345
7,0.007,0.0439,-0.003,-0.0217,-0.009,-0.5639,-1.2675
8,0.008,0.0191,-0.0066,-0.2351,-0.0216,-0.5141,-0.9666
9,0.009,0.0027,-0.0109,-0.3185,-0.0305,-0.2528,-0.3542
10,0.01,-0.006,-0.0126,-0.2321,-0.0285,-0.0811,-0.1075
11,0.011,0.0022,-0.0091,-0.3003,-0.0144,-0.0443,-0.0241
12,0.012,-0.0001,-0.0023,-0.3616,-0.0086,-0.0108,0.0519
13,0.013,-0.0112,0.0049,-0.2954,-0.0033,0.0198,0.006
14,0.014,-0.0212,0.0055,-0.2716,-0.0016,-0.041,-0.0346
15,0.015,-0.0302,0.0062,-0.2163,-0.0111,0.1875,0.5019
16,0.016,-0.0048,0.0023,-0.0443,-0.0072,0.2807,0.5796
17,0.017,0.0133,0.0099,-0.0184,-0.006,0.0419,0.0143
18,0.018,0.0165,0.0149,-0.0753,-0.0006,-0.1817,-0.3606
19,0.019,0.0135,0.0082,-0.0897,0.0059,-0.2049,-0.4181
20,0.02,-0.0002,0.0122,-0.1023,0.0068,-0.2252,-0.4687
21,0.021,0.0071,0.0021,-0.0529,0.0062,-0.1941,-0.3979
22,0.022,0.0048,-0.0021,-0.0359,0.0057,-0.1656,-0.3331
23,0.023,0.0068,-0.0034,-0.0205,-0.0037,-0.2606,-0.6554
24,0.024,0.005,0.002,0.0167,0.0005,-0.4933,-1.1191
25,0.025,-0.0034,0.0049,0.0504,0.0018,-0.3223,-0.5306
26,0.026,-0.011,0.0092,0.1377,0.0029,-0.0485,0.021
27,0.027,-0.0233,0.0168,0.1736,0.006,0.064,0.1
28,0.028,-0.045,0.0113,0.1644,0.0052,0.1005,0.1711
29,0.029,-0.0775,0.0175,0.2311,-0.0006,0.0742,0.2351
30,0.03,-0.0902,0.0095,0.3084,0.0032,0.1043,0.1884
31,0.031,-0.1014,0.0062,0.2978,-0.0044,0.0827,0.2416
32,0.032,-0.1043,0.0069,0.2693,0.0009,0.3749,0.8107
33,0.033,-0.0675,0.0042,0.1407,0.0002,0.2575,0.5808
34,0.034,-0.0142,0.0047,-0.024,-0.0023,0.0074,0.0924
35,0.035,0.0213,-0.0032,-0.1779,-0.0058,-0.0882,-0.2219
36,0.036,0.0148,0.0018,-0.276,-0.005,-0.115,-0.2739
37,0.037,-0.0026,0.0008,-0.4014,-0.0018,-0.139,-0.3202
38,0.038,-0.0078,0.0118,-0.4141,-0.0012,-0.1604,-0.3618
39,0.039,-0.022,0.004,-0.3952,0.0004,-0.0906,-0.2255
40,0.04,-0.0001,0.0052,-0.3779,-0.0025,-0.3106,-0.8125
41,0.041,0.0117,-0.0012,-0.1867,-0.0052,-0.3959,-0.8891
42,0.042,0.0081,-0.0023,0.0035,-0.0085,-0.1492,-0.3415
43,0.043,0.0048,0.0007,0.0282,-0.0014,0.082,0.1537
44,0.044,0.0076,0.0014,0.0503,0.0017,0.1127,0.2195
45,0.045,0.0156,-0.0012,0.0294,0.0064,0.1401,0.2782
46,0.046,0.0178,0.0025,0.0469,0.009,0.1158,0.3309
47,0.047,0.0111,-0.0011,0.0292,0.0054,0.0936,0.1871
48,0.048,0.0171,-0.0042,0.1045,0.0061,0.1946,0.491
49,0.049,0.03,-0.0083,0.1171,0.0045,0.4332,0.9232
50,0.05,0.0248,-0.0118,0.1035,0.0041,0.2677,0.5135
51,0.051,0.0263,-0.014,0.0911,0.0057,-0.0015,-0.0686
52,0.052,0.0193,-0.0203,0.08,0.01,-0.1097,-0.1466
53,0.053,0.0181,-0.0266,0.1075,0.0096,-0.0771,-0.2166
54,0.054,0.019,-0.0323,0.1666,0.0112,-0.1067,-0.2796
55,0.055,0.0159,-0.0343,0.1262,0.0143,-0.1333,-0.2208
56,0.056,0.015,-0.0235,0.1037,0.0105,-0.1083,-0.2723
57,0.057,0.0191,-0.0188,0.0575,0.0071,-0.3976,-0.8922
58,0.058,0.0138,-0.0174,0.0507,0.0022,-0.3564,-0.634
59,0.059,0.0156,-0.0034,0.129,-0.0054,-0.1031,-0.0907
60,0.06,0.0185,0.0059,0.0928,-0.0105,0.0613,0.2612
61,0.061,0.0155,0.0043,0.0396,-0.0111,0.0911,0.1974
62,0.062,0.0128,0.012,-0.0843,-0.0118,0.1177,0.2549
63,0.063,0.0131,0.0216,-0.1015,-0.0001,0.1417,0.3067
64,0.064,0.0066,0.0154,-0.1171,0.0051,0.0742,0.162
65,0.065,0.0056,0.0166,-0.159,0.0007,0.2964,0.7263
66,0.066,-0.0039,0.0136,-0.2472,0.0049,0.3838,0.8
67,0.067,0.0074,0.0165,-0.2354,0.0062,0.1388,0.3057
68,0.068,0.018,0.0107,-0.2042,-0.0014,-0.0913,-0.1429
69,0.069,0.0249,0.0072,-0.0815,-0.0065,-0.1214,-0.2014
70,0.07,0.0084,0.0081,0.0684,-0.0054,-0.0944,-0.2538
71,0.071,-0.0027,0.0125,0.0469,0.0025,-0.1187,-0.3009
72,0.072,-0.0127,0.0156,-0.0466,0.0098,-0.0963,-0.2564
73,0.073,-0.0101,0.0155,-0.1146,0.002,-0.183,-0.5076
74,0.074,-0.0044,0.011,-0.1317,-0.0082,-0.4051,-0.9399
75,0.075,0.0041,0.0107,0.0049,-0.0067,-0.2551,-0.5306
76,0.076,-0.0004,0.0105,0.1329,-0.0029,-0.0106,0.0518
77,0.077,-0.0017,0.0155,0.2151,-0.006,0.0881,0.2843
78,0.078,0.0046,0.0116,0.2894,0.0014,0.1177,0.2142
79,0.079,-0.0009,0.0079,0.1626,-0.0013,0.1442,0.2775
80,0.08,-0.0038,0.0067,0.0104,-0.002,0.1192,0.219
81,0.081,-0.0045,0.0074,-0.0915,0.0049,0.0964,0.2707
82,0.082,-0.0138,0.0141,-0.2208,-0.0014,0.3592,0.8911
83,0.083,-0.0325,0.0136,-0.3044,-0.0091,0.25,0.6332
84,0.084,-0.0295,0.0199,-0.35,-0.0121,0.0848,0.0899
85,0.085,-0.0219,0.018,-0.2531,-0.0111,-0.0649,-0.262
86,0.086,-0.0061,0.0135,-0.1403,-0.0069,-0.0923,-0.3257
87,0.087,0.0002,0.0044,-0.0346,-0.0137,-0.1168,-0.2673
88,0.088,0.0023,0.0008,0.0334,-0.0145,-0.1389,-0.2142
89,0.089,0.0008,-0.0024,0.1956,-0.0222,-0.078,-0.1658
90,0.09,0.0055,-0.0052,0.216,-0.0085,-0.2806,-0.7304
91,0.091,0.007,-0.012,0.194,-0.0066,-0.3605,-0.8047
92,0.092,0.0083,-0.0106,0.3216,0.0018,-0.138,-0.3106
93,0.093,0.0052,-0.0076,0.437,0.0033,0.0709,0.1381
94,0.094,-0.0019,-0.0065,0.4498,-0.0008,0.0981,0.1968
95,0.095,-0.0139,-0.008,0.2952,-0.0046,0.1224,0.2492
96,0.096,-0.0256,-0.0034,0.1113,0.0031,0.1443,0.2965
97,0.097,-0.0269,-0.0001,-0.0119,0.0061,0.1235,0.2522
98,0.098,-0.0336,0.0071,-0.1233,0.0162,0.215,0.5278
99,0.099,-0.0345,0.0066,-0.2238,0.0091,0.4319,0.9209
100,0.1,-0.0195,0.0061,-0.3516,-0.0023,0.2223,0.4435
101,0.101,-0.0052,-0.002,-0.3334,-0.013,0.0318,-0.0057
102,0.102,0.0041,-0.0072,-0.2254,-0.0227,-0.0917,-0.1808
103,0.103,0.0125,0.0005,-0.1276,-0.0165,-0.1141,-0.2336
104,0.104,0.0048,-0,0.0113,-0.0088,-0.1746,-0.281
105,0.105,0.0088,0.0081,0.0296,-0.0037,-0.1557,-0.2368
106,0.106,0.0075,0.0073,-0.0207,0.0026,-0.1386,-0.2756
107,0.107,-0.0004,0.0012,0.0553,-0.0001,-0.3666,-0.8134
108,0.108,0.0067,-0.0062,0.0685,0.0081,-0.3326,-0.7335
109,0.109,0.002,-0.0131,0.0051,0.0089,-0.0635,-0.0989
110,0.11,-0.0059,-0.0063,0.0163,0.0077,0.1172,0.1573
111,0.111,-0.0007,-0.0118,0.068,0.0102,0.0846,0.235
112,0.112,0.0018,-0.0122,0.0771,0.004,0.1142,0.3046
113,0.113,0.0076,-0.0167,0.1713,0.0031,0.1411,0.2401
114,0.114,0.0052,-0.0169,0.1833,0.0023,0.1163,0.1816
115,0.115,0.0057,-0.0243,0.1486,0.0004,0.3168,0.7596
116,0.116,-0.0002,-0.025,0.1175,-0.0039,0.3966,0.8339
117,0.117,0.0003,-0.0163,0.0892,-0.0098,0.174,0.3398
118,0.118,0.0037,-0.0106,0.0808,-0.0015,-0.0351,-0.109
119,0.119,-0.0035,-0.0052,0.0267,0.0087,-0.1164,-0.2837
120,0.12,0.0028,-0.0136,0.0769,0.0125,-0.0918,-0.2308
121,0.121,0.0051,-0.0125,0.0328,0.0111,-0.159,-0.2794
122,0.122,0.0012,-0.0095,-0.0071,0.0054,-0.0981,-0.2361
123,0.123,-0.0055,-0.0141,-0.0114,0.0062,-0.1906,-0.5141
124,0.124,-0.0134,-0.0083,-0.0639,0.0088,-0.4429,-0.9835
125,0.125,-0.0084,-0.0106,-0.0986,0.0027,-0.2624,-0.5357
126,0.126,-0.0077,-0.0114,-0.156,0.0018,-0.0319,-0.0111
127,0.127,-0.0174,-0.0099,-0.1317,-0.0004,0.118,0.2013
128,0.128,-0.0138,-0.0106,-0.1662,0.0037,0.0917,0.2665
129,0.129,-0.0084,-0.0073,-0.1588,-0.0052,0.1167,0.3252
130,0.13,-0.0013,-0.0025,-0.1052,-0.0091,0.1395,0.273
131,0.131,0.0012,-0.0048,-0.0124,-0.0082,0.1196,0.3214
132,0.132,0.0139,-0.0068,0.1267,-0.0113,0.3976,0.8895
133,0.133,0.0156,-0.0087,0.1453,-0.003,0.3584,0.658
134,0.134,0.0137,-0.0075,0.0951,0.0025,0.1057,0.165
135,0.135,0.006,-0.009,0.0496,0.0054,-0.059,-0.1563
136,0.136,0.0099,-0.0055,-0.0471,-0.0011,-0.0891,-0.2154
137,0.137,0.0061,0.0019,-0.0588,0.0066,-0.1164,-0.2688
138,0.138,0.0029,0.0047,-0.0919,0.0013,-0.141,-0.3172
139,0.139,0.008,0.0073,-0.0592,0.0021,-0.1186,-0.1862
140,0.14,0.0125,0.0059,-0.0667,0.0062,-0.3017,-0.7022
141,0.141,0.0117,0.0113,-0.0047,-0.0007,-0.4249,-0.9133
142,0.142,0.0094,0.0055,0.0828,0.002,-0.1781,-0.3371
143,0.143,0.0101,0.0014,0.0264,0.0029,0.0525,0.2064
144,0.144,0.0142,0.0078,-0.0666,0.0051,0.0831,0.2783
145,0.145,0.0066,0.0081,-0.1292,0.0045,0.1106,0.2153
146,0.146,-0.005,0.0118,-0.1404,0.004,0.1355,0.2742
147,0.147,-0.0004,0.0134,-0.1711,0.0057,0.1135,0.2219
148,0.148,0.0009,0.0149,-0.1043,0.001,0.1745,0.4624
149,0.149,0.0072,0.0138,-0.0086,0.0053,0.4154,0.9434
150,0.15,0.0017,0.0079,0.0552,0.0013,0.2514,0.496
151,0.151,0.0028,-0.002,0.0675,-0.0012,-0.0178,-0.0284
152,0.152,0.0001,-0.0014,0.0371,-0.0009,-0.1266,-0.2405
153,0.153,0.008,-0.001,0.0663,0.0021,-0.0943,-0.3053
154,0.154,0.0111,0.0057,0.0585,-0.0004,-0.1245,-0.2476
155,0.155,0.0139,0.0023,0.1768,0.0042,-0.1519,-0.3005
156,0.156,0.0098,-0.0062,0.2281,0.006,-0.1275,-0.2524
157,0.157,0.003,-0.0038,0.1831,0.002,-0.3741,-0.9074
158,0.158,0.0057,-0.0091,0.1143,-0.0005,-0.3416,-0.6267
159,0.159,-0.002,-0.0123,0.0519,-0.0001,-0.0728,-0.1998
160,0.16,-0.0071,-0.0078,-0.028,-0.0021,0.1082,0.1889
161,0.161,-0.0155,-0.0065,-0.1003,0.0037,0.0759,0.2605
162,0.162,-0.0257,0.0011,-0.166,0.0046,0.1057,0.3254
163,0.163,-0.0187,0.0082,-0.2259,0.0069,0.1329,0.2681
164,0.164,-0.0097,0.0022,-0.1707,0.0034,0.1084,0.2158
165,0.165,0.0075,-0.0011,-0.0919,-0.006,0.31,0.7446
166,0.166,0.01,-0.0044,-0.0605,-0.0129,0.3912,0.8154
167,0.167,0.0035,0.0002,-0.0508,-0.0116,0.1691,0.3674
168,0.168,-0.0025,-0.0024,-0.0248,0.0009,-0.0404,-0.1571
169,0.169,0.0032,-0.0088,-0.0013,-0.0007,-0.1225,-0.2286
170,0.17,0.005,-0.0087,0.0059,-0.0022,-0.1477,-0.2932
171,0.171,0.0067,-0.0086,0.0644,-0.0008,-0.1258,-0.2356
172,0.172,-0.0057,-0.005,0.0723,0.008,-0.106,-0.183
173,0.173,-0.0039,-0.0084,0.0937,0.0048,-0.1989,-0.5194
174,0.174,-0.0048,-0.0057,0.0879,-0.0004,-0.431,-0.9486
175,0.175,-0.0001,0.0016,0.1071,0.0069,-0.2463,-0.4681
176,0.176,-0.0126,0.0089,0.0777,-0.0016,-0.0242,-0.0189
177,0.177,-0.0074,0.0054,0.0935,-0.0048,0.0656,0.2732
178,0.178,0.0003,0.0042,0.1661,-0.0018,0.093,0.2216
179,0.179,0.0129,-0.0073,0.3018,-0.0046,0.1175,0.2703
180,0.18,0.008,-0.0122,0.2093,-0.002,0.0952,0.2274
181,0.181,0.0097,-0.0166,0.1253,0.0002,0.1154,0.2673
182,0.182,0.0029,-0.0157,0.0798,-0.0018,0.393,0.8088
183,0.183,-0.0033,-0.0191,0.0106,-0.006,0.3533,0.732
184,0.184,-0.0135,-0.0141,-0.0267,-0.0076,0.1003,0.0978
185,0.185,-0.0203,-0.0002,-0.1531,-0.0018,-0.0648,-0.1589
186,0.186,-0.014,0.0058,-0.3381,0.002,-0.0954,-0.2375
187,0.187,-0.0062,0.0336,-0.4119,-0.0029,-0.1231,-0.3085
188,0.188,-0.0009,0.0375,-0.4791,-0.0123,-0.1482,-0.2451
189,0.189,-0.0093,0.034,-0.2554,-0.0192,-0.0815,-0.1873
190,0.19,-0.0036,0.0308,-0.1064,-0.0181,-0.265,-0.663
191,0.191,0.0101,0.0221,0.0831,-0.0149,-0.3885,-0.8553
192,0.192,0.0046,0.0086,0.2554,-0.018,-0.187,-0.3317
193,0.193,0.0063,0.0015,0.3224,-0.0116,0.0575,0.1622
194,0.194,0.0018,0.0083,0.1799,-0.0091,0.0909,0.2278
195,0.195,-0.0077,-0.0016,0.0129,-0.0054,0.1209,0.2867
196,0.196,-0.0139,-0.0068,-0.1442,0.0052,0.1481,0.34
197,0.197,-0.0215,0.002,-0.2864,0.0098,0.1237,0.1962
198,0.198,-0.012,0.013,-0.2676,0.0113,0.1908,0.4147
199,0.199,-0.0007,0.0121,-0.2168,0.0126,0.4146,0.9312
200,0.2,0.0038,0.0038,-0.1401,-0.0021,0.2655,0.4391
201,0.201,0.0078,0.0032,0.0132,-0.004,0.0209,-0.01
202,0.202,0.0039,0.0133,0.0339,-0.0058,-0.0783,-0.302
203,0.203,0.0006,0.0252,0.0897,0.0028,-0.1087,-0.3558
204,0.204,0.0035,0.0396,0.0731,0.0075,-0.136,-0.3084
205,0.205,0.0099,0.0384,0.0887,0.0116,-0.1117,-0.2652
206,0.206,0.014,0.0374,0.1031,0.013,-0.0895,-0.3051
207,0.207,0.0146,0.0335,0.0913,0.0141,-0.3541,-0.8463
208,0.208,0.0067,0.0356,0.1036,0.0153,-0.3182,-0.6146
209,0.209,-0.0007,0.0301,0.0937,0.0128,-0.088,-0.1213
210,0.21,-0.0054,0.0206,0.0656,0.0052,0.1214,0.2
211,0.211,-0.0064,0.0173,0.0914,-0.0041,0.0951,0.2594
212,0.212,-0.0059,0.0144,0.0835,0.0023,0.12,0.313
213,0.213,-0.004,0.0163,0.0621,0.0015,0.0981,0.2655
214,0.214,-0.0047,0.012,0.0813,0.0069,0.0781,0.2222
215,0.215,-0.0077,0.0083,0.0757,0.008,0.245,0.7384
216,0.216,-0.003,0.0151,0.0706,0.009,0.4021,0.8091
217,0.217,-0.0013,0.0108,0.0368,0.0084,0.1783,0.361
218,0.218,-0.0102,0.0068,-0.0027,0.0106,-0.0308,-0.1635
219,0.219,-0.0091,0.0094,-0.0287,0.0077,-0.1125,-0.2352
220,0.22,-0.0059,0.0027,-0.0427,0.0108,-0.0882,-0.3
221,0.221,0.0012,-0.0016,-0.0202,0.0145,-0.1106,-0.2427
222,0.222,0.0114,0.0039,-0.0236,0.0189,-0.0902,-0.1903
223,0.223,0.0182,-0.0047,0.0243,0.0151,-0.1826,-0.4307
224,0.224,0.0143,-0.0126,0.0573,0.0137,-0.4349,-0.9114
225,0.225,0.0039,-0.0107,0.0406,0.0109,-0.2544,-0.4639
226,0.226,-0.0032,-0.0108,0.0254,0.0175,-0.0238,0.0608
227,0.227,-0.0021,-0.0127,-0.0078,0.015,0.1263,0.2732
228,0.228,-0.01,-0.011,-0.0117,0.004,0.0999,0.2104
229,0.229,-0.0174,-0.0123,-0.047,-0.0097,0.1251,0.269
230,0.23,-0.0166,-0.0151,-0.0703,-0.0375,0.1033,0.2167
231,0.231,-0.0038,-0.0113,-0.0479,-0.0492,0.1239,0.2649
232,0.232,0.0017,-0.0146,-0.0515,-0.0455,0.365,0.9202
233,0.233,0.0066,-0.0207,-0.0039,-0.0223,0.3327,0.6397
234,0.234,0.0172,-0.0227,0.0806,-0.0013,0.0641,0.213
235,0.235,0.0101,-0.0229,0.0234,0.0069,-0.0445,-0.1754
236,0.236,0.0012,-0.0215,0.0135,0.0094,-0.0776,-0.2469
237,0.237,0.0001,-0.0229,0.0614,0.0298,-0.1075,-0.3116
238,0.238,-0.0072,-0.024,0.0877,0.038,-0.1345,-0.2541
239,0.239,-0.0008,-0.0274,0.0644,0.0404,-0.1099,-0.2015
240,0.24,0.0016,-0.0264,0.0858,0.0382,-0.2665,-0.73
241,0.241,-0.01,-0.0271,0.0796,0.0281,-0.4087,-0.9411
242,0.242,-0.0252,-0.0238,0.1331,0.0189,-0.2047,-0.3652
243,0.243,-0.0437,-0.0199,0.1267,0.0003,0.0402,0.1783
244,0.244,-0.0561,-0.0145,0.0304,-0.0069,0.0739,0.2503
245,0.245,-0.0496,-0.0149,-0.1774,-0.0316,0.1043,0.3152
246,0.246,-0.0189,-0.0242,-0.3259,-0.0811,0.1318,0.258
247,0.247,0.0473,-0.0253,-0.1899,-0.0881,0.1077,0.2058
248,0.248,0.0757,-0.019,-0.0664,-0.0558,0.1751,0.4462
249,0.249,0.0671,-0.0199,-0.0436,-0.0265,0.3992,0.9269
250,0.25,0.0592,-0.0209,-0.1041,-0.0213,0.2503,0.4794
251,0.251,0.0379,-0.0201,-0.0112,-0.0166,0.0059,-0.0451
252,0.252,0.0186,-0.0193,0.0733,-0.0035,-0.0932,-0.2575
253,0.253,0.0127,-0.0125,-0.0641,-0.0075,-0.1233,-0.1947
254,0.254,-0.0033,-0.0081,-0.1194,-0.0111,-0.1506,-0.2533
255,0.255,-0.008,-0.0075,-0.2033,-0.0143,-0.1263,-0.3065
256,0.256,0.0051,-0.0055,-0.249,-0.0114,-0.104,-0.2585
257,0.257,0.0169,-0.0038,-0.068,-0.0142,-0.3685,-0.9136
258,0.258,0.0061,-0.001,0.0551,-0.0119,-0.3326,-0.6331
259,0.259,-0.0038,0.005,0.2118,-0.0053,-0.1023,-0.2062
260,0.26,-0.001,-0.0049,0.1505,-0.0033,0.1071,0.1826
261,0.261,0.0017,-0.0116,0.1686,-0.0016,0.0808,0.2541
262,0.262,-0.0006,-0.0065,0.1175,0.0067,0.1057,0.3188
263,0.263,-0.0162,-0.006,0.0401,0.0142,0.1283,0.2614
264,0.264,-0.0262,-0.0039,0.1087,0.0237,0.1082,0.209
265,0.265,-0.0466,0.005,0.1458,0.0224,0.2748,0.6416
266,0.266,-0.0438,0.0081,0.0417,0.0254,0.387,0.8163
267,0.267,-0.0313,0.0085,-0.1395,0.0157,0.163,0.3403
268,0.268,0.0024,-0.0017,-0.0168,0.0068,-0.0463,-0.1089
269,0.269,0.0267,-0.0036,-0.0397,-0.0012,-0.1281,-0.1685
270,0.27,0.0136,0.0013,-0.02,0.0016,-0.1041,-0.2221
271,0.271,0.0019,0.0078,-0.0391,0.0041,-0.1267,-0.2709
272,0.272,0.0056,0.0155,-0.0903,0.003,-0.1066,-0.2276
273,0.273,0.009,0.0158,-0.1676,0.0006,-0.1622,-0.4262
274,0.274,0.012,0.014,-0.1268,0.0024,-0.4148,-0.9676
275,0.275,0.0032,0.0084,-0.053,-0.0084,-0.2652,-0.5293
276,0.276,0.0007,0.0103,0.0346,0.0008,-0.0122,0.014
277,0.277,-0.0064,0.0104,-0.1159,0.0131,0.0869,0.2264
278,0.278,-0.0174,0.0103,-0.0967,0.0077,0.1171,0.2912
279,0.279,-0.0152,0.0017,0.0685,-0.0001,0.1445,0.3499
280,0.28,-0.0094,0.0082,0.1342,0.0009,0.1201,0.2976
281,0.281,0.0162,-0.0011,0.0719,0.0044,0.0978,0.2497
282,0.282,0.0199,0.0106,-0.022,0.0051,0.403,0.9051
283,0.283,0.0168,0.0048,-0.0402,0.012,0.3595,0.6246
284,0.284,-0.0101,-0.0066,-0.1486,0.0109,0.0813,0.198
285,0.285,-0.0208,-0.0143,-0.2194,0.0166,-0.0999,-0.1906
286,0.286,-0.0108,-0.0138,-0.0817,0.0201,-0.1333,-0.2621
287,0.287,0.0042,-0.0068,0.1949,0.0234,-0.1039,-0.3268
288,0.288,0.0181,-0.0105,0.3128,0.0137,-0.1312,-0.2693
289,0.289,0.0158,0.001,0.2757,0.0065,-0.0576,-0.2169
290,0.29,-0.0044,-0.0014,0.1105,0,-0.2593,-0.6494
291,0.291,0.0038,0.0026,0.0199,-0.0058,-0.395,-0.9403
292,0.292,0.0014,0.006,-0.0628,-0.0051,-0.1731,-0.4644
293,0.293,-0.0097,0.0092,-0.1382,0.0031,0.0362,0.1128
294,0.294,-0.0363,0.0118,-0.1621,-0.005,0.1181,0.1917
295,0.295,-0.0543,0.0102,-0.1434,-0.0148,0.1431,0.2629
296,0.296,-0.0245,0.02,-0.1267,-0.0139,0.121,0.3274
297,0.297,0.0357,0.0264,-0.078,-0.0086,0.101,0.2697
298,0.298,0.0445,0.0222,-0.003,0.0068,0.1936,0.4283
299,0.299,0.0214,0.0092,0.0933,0.0132,0.4125,0.957
300,0.3,0.0429,0.0138,0.08,0.0231,0.2636,0.6056
301,0.301,0.0622,0.0088,0.1136,0.0062,0.019,0.0287
302,0.302,0.0329,0.0098,0.1026,-0.0277,-0.0801,-0.205
303,0.303,0.017,0.0083,0.1113,-0.0422,-0.1104,-0.2764
304,0.304,0.0026,0.0069,0.0155,-0.0292,-0.1378,-0.341
305,0.305,0.007,0.0035,0.0273,-0.0333,-0.1135,-0.2835
306,0.306,0.0188,0.0023,0.0149,-0.0226,-0.136,-0.231
307,0.307,0.008,-0.0022,0.087,-0.026,-0.4005,-0.8557
308,0.308,-0.0085,-0.0032,0.1148,-0.029,-0.3646,-0.7711
309,0.309,-0.0114,-0.007,0.0367,-0.0044,-0.1345,-0.0735
310,0.31,-0.0252,-0.003,0.1925,0.0052,0.075,0.209
311,0.311,-0.0425,-0.006,0.2586,0.008,0.1027,0.2954
312,0.312,-0.0491,-0.014,0.1153,0.0106,0.1277,0.2186
313,0.313,-0.0511,-0.0086,-0.0894,0.0032,0.1503,0.2894
314,0.314,-0.0307,-0.0015,-0.1714,0.0054,0.0897,0.2258
315,0.315,-0.0225,0.0029,-0.2945,0.0073,0.2935,0.6324
316,0.316,-0.0201,0.0088,-0.2718,0.0092,0.4293,0.8968
317,0.317,-0.0179,0.005,-0.1696,0.0075,0.1582,0.3679
318,0.318,0.0006,0.0056,-0.1508,0.006,-0.0228,-0.1259
319,0.319,0.003,0.0039,-0.0663,0.0073,-0.0562,-0.1913
320,0.32,-0.0127,0.0067,0.0102,0.0062,-0.1459,-0.2501
321,0.321,-0.0353,0.0052,-0.0037,0.0094,-0.119,-0.3035
322,0.322,-0.0145,0.0095,0.0087,0.0042,-0.0946,-0.2558
323,0.323,-0.0064,0.0079,-0.0029,0.0146,-0.1617,-0.4744
324,0.324,-0.004,0.0032,-0.0549,0.016,-0.4263,-0.9909
325,0.325,-0.0106,0.005,0.0308,0.0149,-0.246,-0.499
326,0.326,-0.0086,0.0035,0.1349,-0.0021,-0.0156,0.0779
327,0.327,-0.0216,0.0021,0.2328,-0.0144,0.0745,0.1569
328,0.328,-0.0267,0.0084,0.2208,-0.0031,0.1022,0.2282
329,0.329,-0.0037,0.0044,0.1638,0.0071,0.1272,0.2928
330,0.33,0.0192,-0.0039,0.1124,0.0091,0.1498,0.2353
331,0.331,0.0462,-0.0068,0.1037,0.0143,0.0892,0.2882
332,0.332,0.0497,-0.0055,0.044,0.0067,0.3671,0.8167
333,0.333,0.0134,-0.0025,0.0055,0.0028,0.3278,0.7469
334,0.334,-0.001,-0.0099,-0.0437,-0.0009,0.0752,0.1703
335,0.335,0.0034,-0.0023,-0.0884,0.007,-0.0896,-0.2183
336,0.336,0.0152,0.0027,-0.1173,0.0102,-0.12,-0.2898
337,0.337,0.026,0.0022,-0.1008,0.015,-0.1474,-0.2268
338,0.338,0.0424,0.0049,-0.0273,0.0057,-0.1231,-0.2854
339,0.339,0.0512,-0.0024,0.0256,0.0071,-0.1009,-0.233
340,0.34,0.0431,-0.0028,0.1686,0.0063,-0.2841,-0.6655
341,0.341,0.0359,-0.0014,0.23,0.0095,-0.4073,-0.8401
342,0.342,0.0204,0.0103,0.1378,0.007,-0.2056,-0.3642
343,0.343,0.0062,0.0124,0.1214,0.0064,0.0392,0.0852
344,0.344,-0.0068,0.009,0.0451,0.0014,0.1383,0.261
345,0.345,-0.0254,0.0133,0.0037,0.0037,0.109,0.3145
346,0.346,-0.0478,0.0107,-0.0592,0.0057,0.1363,0.2672
347,0.347,-0.0449,0.0061,-0.2085,0.0112,0.112,0.2242
348,0.348,-0.0037,0.004,-0.2285,0.0009,0.1792,0.4228
349,0.349,0.0493,0.0038,-0.1357,-0.0034,0.4438,0.8922
350,0.35,0.028,-0.004,-0.1521,-0.0017,0.2635,0.5727
351,0.351,0.0087,0.0045,-0.0141,0.0099,0.0332,0.0483
352,0.352,0.003,0.0166,0.0047,0.0178,-0.057,-0.1642
353,0.353,-0.0129,0.0188,-0.0454,0.014,-0.0847,-0.2292
354,0.354,-0.0176,0.0235,0.0008,0.0105,-0.1096,-0.2878
355,0.355,-0.0045,0.0179,0.0425,0.0076,-0.1323,-0.2355
356,0.356,0.0074,0.0195,0.0048,0.0006,-0.1123,-0.2839
357,0.357,0.0039,0.0129,0.0393,0.0017,-0.3532,-0.8517
358,0.358,0.0202,0.007,0.1958,0.0148,-0.3863,-0.7748
359,0.359,-0.0069,-0.0018,0.353,0.0133,-0.1176,-0.1408
360,0.36,-0.0177,-0.0024,0.2922,-0.0118,0.0633,0.2867
361,0.361,-0.0145,0.0059,0.1997,-0.0222,0.0966,0.2109
362,0.362,-0.0354,0.0095,-0.0527,-0.0121,0.1266,0.2819
363,0.363,-0.06,0.0165,-0.4496,-0.0089,0.0996,0.3464
364,0.364,-0.0502,0.0042,-0.6081,-0.0277,0.0751,0.1727
365,0.365,-0.0294,-0.0008,-0.5602,-0.0398,0.2767,0.6483
366,0.366,-0.0102,0.0047,-0.4296,-0.0329,0.4122,0.8407
367,0.367,0.027,0.0098,-0.2315,-0.0387,0.1901,0.3173
368,0.368,0.0858,-0.005,0.0206,-0.0329,-0.0194,-0.1762
369,0.369,0.078,-0.0066,0.1188,-0.0174,-0.1014,-0.2415
370,0.37,-0.0003,-0.0155,0.208,-0.0192,-0.1264,-0.3002
371,0.371,-0.0314,-0.01,0.1808,-0.006,-0.1493,-0.2478
372,0.372,-0.0219,-0.0051,0.0575,-0.0007,-0.1293,-0.2
373,0.373,-0.0132,-0.0088,-0.01,-0.0082,-0.1481,-0.4185
374,0.374,-0.0054,-0.0122,-0.112,0.0072,-0.4008,-0.9347
375,0.375,-0.0125,-0.0152,-0.0568,0.0054,-0.2931,-0.5832
376,0.376,-0.005,-0.022,-0.0249,0.0092,-0.0322,0.0155
377,0.377,0.0143,-0.0166,0.0254,0.0038,0.0669,0.2093
378,0.378,0.0201,-0.0191,0.0403,0.0022,0.097,0.2686
379,0.379,0.0148,-0.0147,0.0262,0.0192,0.1241,0.3222
380,0.38,0.0101,-0.0215,0.0386,0.0259,0.0996,0.2748
381,0.381,-0.0119,-0.0206,0.0731,0.032,0.0773,0.2315
382,0.382,-0.0159,-0.0213,0.083,0.0228,0.3416,0.8272
383,0.383,-0.0051,-0.0219,0.0729,0.011,0.3777,0.7427
384,0.384,-0.0018,-0.0255,0.081,0.0003,0.0817,0.2002
385,0.385,-0.0047,-0.026,0.0886,-0.0093,-0.0382,-0.1529
386,0.386,-0.0183,-0.0348,0.0813,-0.0181,-0.0751,-0.2182
387,0.387,-0.0256,-0.0337,0.0748,-0.0284,-0.1084,-0.2768
388,0.388,-0.0235,-0.0328,0.0575,-0.0271,-0.1387,-0.33
389,0.389,-0.0175,-0.0359,0.0528,-0.0107,-0.112,-0.1862
390,0.39,-0.0158,-0.0297,0.0391,0.0096,-0.2354,-0.6666
391,0.391,-0.0076,-0.0256,0.044,-0.0096,-0.4373,-0.9866
392,0.392,-0.0003,-0.0143,0.0482,-0.0368,-0.1935,-0.3467
393,0.393,0.0063,-0.0026,0.0591,-0.0261,0.0368,0.2508
394,0.394,0.0048,-0.0044,0.0755,-0.0163,0.1267,0.1752
395,0.395,0.0102,0.0023,0.0841,-0.0076,0.1,0.2464
396,0.396,0.0129,0.0058,0.0702,-0.005,0.1739,0.3111
397,0.397,0.0081,-0.0069,0.0677,0.0122,0.1069,0.2537
398,0.398,0.0137,-0.0055,0.0383,0.0009,0.1678,0.4123
399,0.399,0.0098,-0.0073,0.0264,-0.0053,0.4085,0.941
400,0.4,0.0116,-0.0007,-0.028,0.0039,0.31,0.5897
401,0.401,0.0084,-0.0022,-0.0355,0.0258,0.0409,0.013
402,0.402,-0.0005,0.0053,-0.0564,0.0228,-0.0681,-0.2206
403,0.403,-0.0018,0.0059,-0.0107,0.0254,-0.1014,-0.2919
404,0.404,-0.0122,0.0119,0.0306,0.018,-0.1315,-0.2286
405,0.405,-0.0163,0.0122,0.0361,0.0157,-0.1048,-0.2871
406,0.406,0.0026,0.011,-0.0362,0.0054,-0.1296,-0.2345
407,0.407,0.0053,0.014,-0.1923,-0.004,-0.3313,-0.8592
408,0.408,0.0029,0.0118,-0.1247,-0.016,-0.3586,-0.7746
409,0.409,0.0094,0.013,0.018,-0.0116,-0.0874,-0.2321
410,0.41,-0.0172,0.0109,0.0368,-0.0021,0.0937,0.2616
411,0.411,-0.0209,0.0034,-0.047,0.0117,0.1271,0.199
412,0.412,-0.0046,0.0144,-0.1232,-0.0015,0.0978,0.2575
413,0.413,0.0041,0.0215,-0.0815,-0.0101,0.1252,0.3108
414,0.414,-0.0041,0.0335,-0.0186,-0.0118,0.1009,0.167
415,0.415,0.0031,0.0279,0.0619,0.0006,0.2578,0.6473
416,0.416,0.0097,0.0197,0.0932,0.009,0.4003,0.8395
417,0.417,0.024,0.0123,0.0654,0.0043,0.1596,0.3159
418,0.418,0.011,0.0056,0.0577,0.0083,-0.0707,-0.178
419,0.419,0.0094,0.0061,0.051,0.0119,-0.1011,-0.2437
420,0.42,0.0018,0.0026,0.0448,0.0174,-0.1285,-0.3026
421,0.421,-0.0051,-0.0006,0.1169,0.0143,-0.1042,-0.2506
422,0.422,-0.0139,-0.0001,0.1268,0.0002,-0.082,-0.203
423,0.423,-0.0035,0.0095,-0.0024,-0.0059,-0.1429,-0.4217
424,0.424,-0.0021,0.0216,0.0164,0.0034,-0.4207,-0.9383
425,0.425,-0.0083,0.0128,0.0001,0.0016,-0.3017,-0.587
426,0.426,0.0088,0.0079,0.0773,0.0001,-0.0486,-0.0101
427,0.427,0.0361,0.0006,0.0086,0.007,0.1165,0.2236
428,0.428,0.0181,0.0015,-0.1801,0.0057,0.0874,0.2949
429,0.429,0.015,-0.0114,-0.2062,0.0025,0.1149,0.3594
430,0.43,0.0299,-0.0066,0.0165,-0.0048,0.1398,0.3017
431,0.431,0.0053,-0.0085,0.1069,0.0074,0.1178,0.2492
432,0.432,-0.0442,0.0009,0.027,0.0159,0.3418,0.8737
433,0.433,-0.0654,0.0119,-0.1937,0.0082,0.3719,0.7889
434,0.434,-0.046,0.0131,-0.1629,-0.0043,0.1278,0.2462
435,0.435,-0.005,0.0033,-0.1892,-0.0027,-0.1024,-0.2476
436,0.436,0.0216,0.0068,-0.2132,0.0049,-0.0731,-0.1852
437,0.437,0.036,-0.0038,-0.4147,-0.0104,-0.1003,-0.2441
438,0.438,0.0668,-0.0109,-0.2792,-0.0206,-0.1249,-0.2975
439,0.439,0.0787,-0.0047,-0.1068,-0.0262,-0.1025,-0.2499
440,0.44,0.1042,0.0008,0.0948,-0.011,-0.2446,-0.6432
441,0.441,0.0746,-0.0003,0.1755,-0.0008,-0.4112,-0.9078
442,0.442,0.0308,-0.0125,0.1996,0.001,-0.2093,-0.379
443,0.443,0.0017,-0.0244,0.2214,0.0061,0.0355,0.1148
444,0.444,-0.0033,-0.0258,0.1603,0.0015,0.0693,0.1804
445,0.445,-0.0175,-0.0272,0.1047,0.0056,0.0996,0.2391
446,0.446,-0.0129,-0.0209,0.0538,-0.0007,0.1271,0.2924
447,0.447,-0.0088,-0.0218,0.0077,0.0003,0.103,0.2447
448,0.448,-0.0121,-0.0145,-0.0061,-0.0007,0.1703,0.3758
449,0.449,-0.0418,-0.0209,-0.0187,-0.0015,0.3943,0.8922
450,0.45,-0.0536,-0.008,-0.0305,0.001,0.3052,0.5407
451,0.451,-0.0501,0.02,0.0003,-0.009,0.0067,0.0917
452,0.452,-0.073,0.0802,0.0473,-0.0103,-0.1129,-0.2005
453,0.453,-0.0937,0.0717,0.1076,-0.0015,-0.0773,-0.2545
454,0.454,-0.0689,0.0485,0.0999,-0.0026,-0.1104,-0.3033
455,0.455,-0.0258,0.0274,0.0217,0.0047,-0.1404,-0.2602
456,0.456,-0.0198,0.0211,0.032,0.0092,-0.1134,-0.221
457,0.457,-0.0037,0.0155,0.0982,0.01,-0.3353,-0.7622
458,0.458,0.0206,0.0104,0.1758,0.003,-0.3652,-0.6851
459,0.459,0.0251,0.0058,0.1031,-0.0035,-0.121,-0.1919
460,0.46,0.0134,0.0016,0.056,-0.0011,0.0439,0.2574
461,0.461,0.017,-0.01,-0.0388,-0.0004,0.0742,0.2009
462,0.462,0.0203,-0.0063,-0.026,-0.0025,0.1016,0.2544
463,0.463,0.0115,-0.0093,-0.0373,-0.0109,0.1263,0.303
464,0.464,-0.0185,-0.0003,-0.1103,-0.0031,0.1041,0.1723
465,0.465,-0.0146,-0.0191,-0.1578,-0.0063,0.2464,0.609
466,0.466,0.0109,-0.0262,-0.1665,-0.0055,0.4131,0.8999
467,0.467,0.0207,-0.0194,-0.0492,0.004,0.2113,0.424
468,0.468,0.0059,-0.0172,0.0684,0.0028,-0.0335,-0.1531
469,0.469,-0.0188,-0.0263,0.0834,0.0083,-0.0671,-0.2319
470,0.47,-0.0089,-0.0245,0.2641,0.0052,-0.0974,-0.303
471,0.471,0.006,-0.0197,0.2394,0.0025,-0.1248,-0.2396
472,0.472,-0.0022,-0.0209,0.0376,0.0034,-0.1005,-0.1819
473,0.473,0.0051,-0.017,-0.0441,0.0055,-0.1679,-0.4462
474,0.474,0.0116,-0.0064,-0.217,0.0075,-0.4327,-0.9749
475,0.475,0.0096,-0.0049,-0.2398,0.0058,-0.3248,-0.6235
476,0.476,0.004,0.0142,-0.0978,-0.0007,-0.029,-0.0466
477,0.477,0.0016,0.0271,-0.2009,0.0041,0.0988,0.2236
478,0.478,-0.0001,0.03,-0.2194,-0.0088,0.1389,0.3021
479,0.479,0.0015,0.0326,-0.2699,-0.0219,0.103,0.2326
480,0.48,0.0111,0.035,-0.3156,-0.0203,0.1359,0.2971
481,0.481,0.0174,0.0291,-0.1622,-0.0128,0.1061,0.2394
482,0.482,0.0048,0.0199,-0.1009,-0.0059,0.35,0.8206
483,0.483,0.003,0.0117,0.029,-0.0022,0.3172,0.7437
484,0.484,0.0259,0.0104,0.2139,0.0055,0.1081,0.2506
485,0.485,0.0555,0.0092,0.337,0.0044,-0.0824,-0.1988
486,0.486,0.0436,-0.0095,0.3145,-0.0021,-0.1077,-0.2583
487,0.487,0.0034,-0.0229,0.2126,0.0004,-0.1305,-0.312
488,0.488,-0.0232,-0.0203,0.2308,0.0025,-0.1511,-0.2647
489,0.489,-0.0279,-0.0135,0.3823,0.0074,-0.096,-0.2216
490,0.49,-0.0412,-0.0071,0.3218,0.0056,-0.2476,-0.6585
491,0.491,-0.0293,-0.0162,0.1931,0.0014,-0.4311,-0.9496
492,0.492,-0.0259,-0.021,0.0089,-0.0033,-0.2094,-0.3683
493,0.493,-0.0228,-0.0131,-0.0643,-0.0039,0.0597,0.175
494,0.494,-0.0201,0.0024,0.093,0.0036,0.0963,0.2467
495,0.495,-0.0394,0.0088,-0.0486,0.0046,0.1294,0.3114
496,0.496,-0.0124,0.011,-0.252,0.011,0.1594,0.2539
497,0.497,0.042,0.0064,-0.1707,0.0084,0.1325,0.2014
498,0.498,0.0808,0.0117,-0.0476,0.0077,0.157,0.4418
499,0.499,0.0735,0.0087,-0.0256,0.0027,0.4035,0.9224
500,0.5,0.0021,-0.0013,-0.0461,0.011,0.305,0.6028
501,0.501,-0.0076,-0.0166,-0.1758,0.0099,0.0359,0.0783
502,0.502,-0.0336,-0.0129,-0.1925,0.0088,-0.0731,-0.2748
503,0.503,-0.0415,-0.0176,-0.1774,0.0003,-0.1066,-0.2119
504,0.504,-0.0488,0.0005,-0.0803,-0.0146,-0.1367,-0.2706
505,0.505,-0.0424,0.0173,-0.0174,0.0119,-0.1099,-0.3238
506,0.506,-0.0131,0.0243,-0.1213,0.0153,-0.0855,-0.3722
507,0.507,-0.0079,0.012,-0.1911,0.0121,-0.332,-0.9401
508,0.508,0.0066,0.0076,-0.1027,-0.0029,-0.3651,-0.7083
509,0.509,0.0288,0.0098,0.0011,-0.0111,-0.0963,-0.2152
510,0.51,0.033,0.0034,-0.0958,0.0012,0.0848,0.2341
511,0.511,0.0224,0.005,-0.0321,-0.001,0.1182,0.2936
512,0.512,0.0128,-0.005,0.1178,-0.0031,0.0888,0.3471
513,0.513,-0.0079,-0.0006,0.2198,0.0025,0.1162,0.2996
514,0.514,0.0058,0.0084,0.2014,-0.0061,0.0919,0.2563
515,0.515,0.0083,0.0256,0.151,-0.02,0.2489,0.6138
516,0.516,0.015,0.0381,0.1356,-0.0182,0.4323,0.8544
517,0.517,0.009,0.027,0.1494,-0.0165,0.2105,0.3737
518,0.518,-0.0151,0.0127,0.061,-0.0151,-0.0586,-0.0754
519,0.519,-0.0118,0.0145,0.0264,-0.022,-0.0953,-0.251
520,0.52,0.0154,0.0228,0.0576,-0.0184,-0.1285,-0.1991
521,0.521,0.0191,0.024,0.2001,-0.0106,-0.0989,-0.2478
522,0.522,0.016,0.0223,0.18,-0.0012,-0.1261,-0.2045
523,0.523,0.0072,0.0181,0.0501,0.0075,-0.1507,-0.403
524,0.524,-0.0008,0.0208,-0.0346,0.013,-0.442,-0.9444
525,0.525,-0.008,0.013,0.0099,0.012,-0.2436,-0.5576
526,0.526,-0.0235,0.0078,-0.1438,0.0073,-0.0626,-0.064
527,0.527,-0.0377,0.008,-0.2458,0.0047,0.1024,0.2575
528,0.528,-0.0209,0.0143,-0.3013,0.0024,0.1328,0.2008
529,0.529,-0.0052,0.0144,-0.2843,0.0044,0.1062,0.2545
530,0.53,0.0012,0.0093,-0.1768,0.0012,0.1311,0.3031
531,0.531,0.0033,0.0047,-0.0791,-0.0077,0.109,0.2599
532,0.532,0.0254,0.0018,0.0862,-0.0015,0.3738,0.8556
533,0.533,0.0404,-0.0074,0.1093,0.0017,0.3381,0.7711
534,0.534,0.0377,-0.0187,0.1709,-0.0056,0.1082,0.2287
535,0.535,0.0204,-0.0238,0.1534,-0.0065,-0.101,-0.1242
536,0.536,0.0094,-0.0186,0.1041,0.0047,-0.1286,-0.1894
537,0.537,0.0033,-0.0208,0.0286,0.0123,-0.1043,-0.2481
538,0.538,-0.0097,-0.023,-0.0958,0.0108,-0.1268,-0.3015
539,0.539,-0.0149,-0.0288,-0.1793,0.0045,-0.1066,-0.1575
540,0.54,-0.0043,-0.0275,-0.1941,0.0055,-0.2361,-0.6379
541,0.541,0.0082,-0.0266,0.0147,0.0024,-0.4212,-0.9579
542,0.542,0.0031,-0.0314,0.0445,0.0032,-0.1993,-0.4344
543,0.543,0.0106,-0.0422,-0.0913,-0.0046,0.0101,0.0597
544,0.544,0.0202,-0.0643,0.0315,-0.0037,0.0923,0.2535
545,0.545,0.0392,-0.1105,0.0983,-0.0064,0.1175,0.3129
546,0.546,0.0472,-0.2089,0.1993,-0.0107,0.1403,0.2608
547,0.547,0.0149,-0.4188,0.2539,-0.0008,0.1203,0.2134
548,0.548,0.0018,-0.5094,0.1692,0.0032,0.1761,0.3447
549,0.549,-0.0181,-0.5378,0.0617,0.0069,0.4287,0.9405
550,0.55,-0.0073,-0.3172,-0.008,0.0036,0.3209,0.5153
551,0.551,-0.0042,-0.2291,0.0548,-0.0017,0.025,-0.0277
552,0.552,-0.013,-0.0948,0.1581,-0.0044,-0.0946,-0.2399
553,0.553,-0.0212,-0.0222,0.0607,0.0084,-0.1311,-0.3049
554,0.554,-0.0386,0.1334,0.0982,0.0139,-0.1642,-0.2475
555,0.555,-0.0322,0.1933,0.0174,0.0021,-0.1346,-0.3006
556,0.556,-0.0588,0.2107,-0.1393,0.0005,-0.1076,-0.2527
557,0.557,-0.1135,0.2265,-0.2516,0.0046,-0.3294,-0.8207
558,0.558,-0.1215,0.2103,-0.3536,0.0083,-0.3593,-0.7438
559,0.559,-0.0719,0.2233,-0.3724,-0.0088,-0.115,-0.2507
560,0.56,-0.0136,0.21,-0.2885,-0.0261,0.0498,0.1986
561,0.561,0.0253,0.1977,-0.1204,-0.0195,0.0802,0.2582
562,0.562,0.0465,0.1867,0.0363,-0.0053,0.1077,0.3117
563,0.563,0.0141,0.1766,0.0972,0.004,0.1325,0.2642
564,0.564,0.0082,0.1502,0.1155,-0.0011,0.1103,0.221
565,0.565,0.0134,0.1419,0.1321,0.0035,0.2527,0.6577
566,0.566,0.0086,0.1344,0.1778,0.0022,0.4194,0.8324
567,0.567,0.0129,0.1277,0.1914,0.0034,0.2177,0.3564
568,0.568,0.0009,0.1217,0.0522,0.0024,-0.027,-0.0928
569,0.569,0.0114,0.1267,-0.0039,-0.0006,-0.1263,-0.1525
570,0.57,0.0144,0.1219,0.0122,0.0059,-0.097,-0.2064
571,0.571,0.023,0.1174,0.1185,0.0051,-0.1243,-0.2551
572,0.572,0.0201,0.0895,0.3264,0.0059,-0.1001,-0.212
573,0.573,0.0223,0.0788,0.5343,0.0095,-0.1674,-0.4107
574,0.574,0.0514,0.0691,0.1809,0.0054,-0.4322,-0.9522
575,0.575,0.0312,0.0485,-0.0602,0.006,-0.3243,-0.5657
576,0.576,-0.0164,0.0187,-0.2793,0.0046,-0.0284,-0.0723
577,0.577,-0.0489,0.023,-0.399,0.0035,0.0913,0.2488
578,0.578,-0.0837,0.0081,-0.3501,-0.0001,0.109,0.2628
579,0.579,-0.0664,-0.0095,-0.3147,0.0064,0.1453,0.3212
580,0.58,-0.0293,-0.032,-0.4794,0,0.1127,0.2688
581,0.581,0.0337,-0.0523,-0.2116,-0.0127,0.083,0.2209
582,0.582,0.094,-0.049,-0.0322,-0.0182,0.327,0.7887
583,0.583,0.0548,-0.0409,-0.1312,-0.0096,0.3599,0.7116
584,0.584,0.005,-0.0378,-0.1614,-0.0049,0.1509,0.2184
585,0.585,0.0113,-0.0142,-0.0804,-0.0007,-0.0395,-0.1032
586,0.586,0.0287,-0.0156,-0.1049,0.0108,-0.0647,-0.1628
587,0.587,0.0446,-0.0223,0.0072,0.0003,-0.1322,-0.3222
588,0.588,0.0301,-0.0136,0.1496,0.0017,-0.1123,-0.2751
589,0.589,0.0169,-0.0234,0.131,0.003,-0.0941,-0.2322
590,0.59,0.0049,-0.0282,0.1468,0.0063,-0.2119,-0.5898
591,0.591,0.0084,-0.0287,0.1916,0.0074,-0.4416,-1.023
592,0.592,0.0051,-0.0257,0.2048,0.012,-0.2775,-0.4999
593,0.593,0.0022,-0.0167,0.2168,0.0026,-0.0084,-0.0064
594,0.594,-0.0059,-0.014,0.274,0.0065,0.1004,0.3146
595,0.595,-0.0083,-0.009,0.2843,0.0098,0.1337,0.2573
596,0.596,-0.0194,-0.0203,0.1804,0.0047,0.1042,0.3105
597,0.597,-0.0132,-0.0344,0.0558,0.0022,0.0773,0.2626
598,0.598,-0.0151,-0.0394,-0.0614,-0.0019,0.1512,0.3935
599,0.599,0.0068,-0.0477,-0.0458,-0.0054,0.4425,0.989
600,0.6,-0.0082,-0.0382,-0.0875,-0.0016,0.3238,0.5634
601,0.601,-0.022,-0.0353,-0.1002,0.0002,0.0709,0.0201
602,0.602,0.0102,-0.0325,-0.02,-0.0085,-0.094,-0.1924
603,0.603,0.0057,-0.0449,0.0737,-0.0095,-0.1243,-0.2577
604,0.604,-0.0062,-0.0415,0.0609,-0.0104,-0.0976,-0.3166
605,0.605,0.0047,-0.0316,0.0722,-0.0008,-0.1224,-0.2643
606,0.606,0.0346,-0.0378,0.041,-0.0045,-0.1001,-0.2168
607,0.607,0.0466,-0.0352,0.0505,-0.0034,-0.3239,-0.7848
608,0.608,0.0139,-0.0429,0.0249,-0.0023,-0.3538,-0.708
609,0.609,0.0096,-0.0364,-0.0296,-0.0014,-0.1095,-0.2151
610,0.61,-0.0183,-0.0325,-0.0652,-0.0005,0.0554,0.234
611,0.611,-0.029,-0.0364,-0.059,-0.0027,0.0859,0.2934
612,0.612,-0.052,-0.035,0.0054,-0.002,0.1134,0.2413
613,0.613,-0.0607,-0.0309,-0.0204,-0.0002,0.1382,0.2898
614,0.614,-0.0468,-0.0242,-0.0591,-0.0054,0.1162,0.1591
615,0.615,-0.0094,-0.0199,-0.0658,-0.0047,0.2586,0.5957
616,0.616,0.0603,-0.0192,-0.0199,-0.0088,0.4255,0.8865
617,0.617,0.0701,-0.0258,0.0221,-0.0104,0.2239,0.4105
618,0.618,0.0444,-0.0285,0.1034,-0.0025,-0.0206,-0.0389
619,0.619,0.021,-0.0173,0.116,0.0009,-0.1197,-0.2148
620,0.62,-0.0145,-0.0126,0.0857,-0.002,-0.0903,-0.2685
621,0.621,-0.021,0.0008,0.0203,0.0046,-0.1175,-0.3172
622,0.622,-0.0153,0.002,0.1161,-0.0031,-0.0931,-0.2741
623,0.623,-0.0102,0.0065,0.0031,-0.002,-0.1603,-0.3932
624,0.624,0.0236,-0.0081,-0.1339,0.0027,-0.4248,-0.9346
625,0.625,0.028,-0.0033,-0.0782,0.0122,-0.3168,-0.5481
626,0.626,0,0.0077,-0.0613,0.0135,-0.0208,-0.0546
627,0.627,-0.0255,0.0206,-0.1069,0.0103,0.099,0.2667
628,0.628,-0.042,0.0364,-0.0927,0.0073,0.0636,0.2097
629,0.629,-0.045,0.0377,0.097,-0.0067,0.0968,0.2631
630,0.63,-0.004,0.0142,0.2866,-0.021,0.1269,0.3116
631,0.631,0.0017,-0.0318,0.1141,-0.0191,0.1001,0.2682
632,0.632,-0.0142,-0.104,-0.0429,-0.0175,0.3713,0.7844
633,0.633,-0.0285,-0.1713,-0.1447,-0.0131,0.3356,0.7147
634,0.634,-0.0327,-0.2845,-0.2372,0.002,0.1057,0.2662
635,0.635,-0.0443,-0.2396,-0.3207,0.0161,-0.1035,-0.142
636,0.636,-0.026,-0.0876,-0.3044,0.0216,-0.077,-0.196
637,0.637,-0.0094,-0.0277,-0.0948,0.0198,-0.1018,-0.2447
638,0.638,0.0056,0.0639,0.3534,0.0212,-0.1244,-0.2889
639,0.639,0.0138,0.0463,0.4185,0.0197,-0.1042,-0.1702
640,0.64,0.0164,0.0301,0.2455,0.0159,-0.2337,-0.6394
641,0.641,0.0055,0.0431,0.0883,-0.0013,-0.4188,-0.9594
642,0.642,0.0117,0.0799,-0.0547,-0.0285,-0.197,-0.436
643,0.643,-0.0012,0.1136,-0.1845,-0.025,0.0123,0.0579
644,0.644,-0.0267,0.1024,-0.3818,-0.0218,0.0942,0.2514
645,0.645,-0.0521,0.1111,-0.3451,-0.0305,0.1192,0.3108
646,0.646,-0.0093,0.0845,-0.2466,-0.044,0.1419,0.2588
647,0.647,0.067,0.0915,-0.1573,-0.0314,0.1218,0.2114
648,0.648,0.0771,0.0979,0.0865,-0.0109,0.1403,0.3428
649,0.649,0.0674,0.0779,0.1849,0.003,0.3928,0.9389
650,0.65,0.0587,0.0715,0.2149,0.0155,0.2849,0.5139
651,0.651,0.0195,0.0762,0.1882,0.0089,0.0546,0.1259
652,0.652,-0.0162,0.0804,0.1641,0.0191,-0.0952,-0.2271
653,0.653,-0.0357,0.0756,0.1422,0.0285,-0.1229,-0.2921
654,0.654,-0.0769,0.0633,-0,0.0303,-0.1479,-0.2345
655,0.655,-0.0824,0.0594,-0.1667,0.029,-0.1258,-0.2877
656,0.656,-0.068,0.0559,-0.234,0.0251,-0.1058,-0.2398
657,0.657,-0.0104,0.0408,-0.0512,0.0115,-0.3466,-0.8076
658,0.658,0.0603,0.0325,0.0717,0.0135,-0.3798,-0.7305
659,0.659,0.0889,0.0151,0.3182,0.0222,-0.1111,-0.2374
660,0.66,0.0804,-0.0006,0.4168,0.0239,0.0698,0.212
661,0.661,0.057,-0.0067,0.2085,0.0116,0.1031,0.2715
662,0.662,-0.0214,-0.0197,0.0734,-0.0035,0.1332,0.3252
663,0.663,-0.0736,-0.0111,-0.0494,-0.0136,0.1063,0.2777
664,0.664,-0.1019,0.006,-0.2059,-0.0116,0.0818,0.2344
665,0.665,-0.0931,0.0041,-0.3481,-0.0268,0.2385,0.5918
666,0.666,0.0089,-0.0141,-0.4036,-0.0368,0.4217,0.9284
667,0.667,0.1063,-0.036,-0.3532,-0.0496,0.1997,0.4477
668,0.668,0.119,-0.0268,-0.1236,-0.0511,-0.0097,-0.1294
669,0.669,0.1075,-0.0127,-0.0905,-0.0278,-0.0918,-0.2084
670,0.67,0.0764,-0.0098,-0.001,-0.0045,-0.117,-0.2795
671,0.671,0.048,-0.0205,0.1889,0.0046,-0.1399,-0.3442
672,0.672,0.0394,-0.026,0.2135,0.0132,-0.12,-0.2867
673,0.673,0.0161,-0.0273,0.1912,0.026,-0.1387,-0.3396
674,0.674,-0.0052,-0.0249,0.0894,0.0199,-0.3915,-0.9644
675,0.675,0.0013,-0.0136,-0.0402,0.0142,-0.2838,-0.5391
676,0.676,-0.0044,-0.0088,-0.0568,0.0277,-0.0538,0.0039
677,0.677,-0.0202,-0.0219,0.1117,0.04,0.0958,0.2164
678,0.678,-0.0058,-0.023,0.2685,0.0451,0.1232,0.2815
679,0.679,0.0128,-0.0248,0.3194,0.0468,0.119,0.2851
680,0.68,-0.0179,-0.0222,0.462,0.0624,0.0944,0.2276
681,0.681,-0.0777,-0.0199,0.4439,0.0689,0.072,0.1751
682,0.682,-0.1552,-0.015,0.1917,0.0524,0.3364,0.7995
683,0.683,-0.1447,-0.0028,-0.2052,0.0372,0.3724,0.7146
684,0.684,-0.1162,-0.0096,-0.3636,0.0314,0.1421,0.1719
685,0.685,-0.0729,-0.0129,-0.3156,0.0224,-0.0675,-0.1813
686,0.686,-0.0181,-0.0083,-0.1847,0.0412,-0.0955,-0.2469
687,0.687,-0.0393,0.0098,-0.2243,0.0342,-0.1206,-0.3059
688,0.688,-0.0975,0.0182,-0.2601,0.0007,-0.1883,-0.254
689,0.689,-0.0739,0.0083,-0.2268,-0.0233,-0.1278,-0.2065
690,0.69,-0.0096,0.0074,-0.1966,-0.0451,-0.2206,-0.6
691,0.691,0.0511,0.0178,-0.1694,-0.041,-0.406,-0.9702
692,0.692,0.1218,0.0172,-0.145,-0.0517,-0.1844,-0.4418
693,0.693,0.0936,0.0138,0.1012,-0.0946,0.0247,0.0517
694,0.694,0.1023,0.0135,0.3961,-0.1355,0.1065,0.245
695,0.695,0.1416,0.0208,0.2769,-0.1302,0.1313,0.3038
696,0.696,0.1346,0.0092,0.2407,-0.0671,0.1538,0.2516
697,0.697,0.0896,0.0084,0.0111,-0.0585,0.1335,0.1077
698,0.698,0.0368,0.0015,-0.1375,-0.0039,0.1519,0.3261
699,0.699,0.0156,-0.0018,-0.164,0.0459,0.4042,0.9215
700,0.7,0.035,0.0001,-0.1879,0.0523,0.2961,0.6664
701,0.701,0.088,-0.0071,-0.0753,0.023,0.0657,0.1232
702,0.702,0.1093,0.0008,0.1489,-0.0037,-0.0841,-0.2301
703,0.703,0.0121,-0.0071,0.1789,-0.0182,-0.1119,-0.1677
704,0.704,-0.1131,0.0038,0.2061,-0.0139,-0.1369,-0.2266
705,0.705,-0.1973,0.0001,0.2798,-0.0179,-0.1149,-0.2799
706,0.706,-0.1515,-0.0006,0.1677,-0,-0.0947,-0.2322
707,0.707,-0.1099,0.0029,-0.0969,0.0096,-0.3355,-0.8003
708,0.708,-0.0468,0.0022,-0.2047,0.0064,-0.3686,-0.7236
709,0.709,0.0339,-0.0059,-0.2372,0.0199,-0.0999,-0.2307
710,0.71,0.0443,-0.0113,-0.2665,0.0519,0.009,0.2184
711,0.711,-0.003,-0.0184,-0.1306,0.0647,0.0425,0.2778
712,0.712,-0.0462,-0.019,-0.0567,0.0843,0.1322,0.3312
713,0.713,-0.054,-0.0231,0.0553,0.0438,0.1595,0.2836
714,0.714,-0.0328,-0.0178,0.0755,0.0169,0.086,0.2401
715,0.715,-0.0007,-0.0284,0.1307,-0.0174,0.2428,0.5974
716,0.716,0.0166,-0.0268,0.08,-0.031,0.4263,0.9339
717,0.717,0.0432,-0.0087,0.0033,-0.0433,0.2045,0.4531
718,0.718,0.0289,-0.0015,-0.0384,-0.0473,-0.0047,-0.1241
719,0.719,0.0157,0.005,-0.0257,-0.0642,-0.0865,-0.2032
720,0.72,0.0275,0.007,-0.0139,-0.1037,-0.1114,-0.2744
721,0.721,0.0456,0.0124,0.0804,-0.12,-0.1339,-0.3391
722,0.722,0.029,-0.0064,0.0935,-0.0866,-0.1138,-0.2816
723,0.723,0.0018,-0.0189,-0.0326,-0.0472,-0.1322,-0.3345
724,0.724,-0.0237,-0.0214,-0.0827,-0.0528,-0.3845,-0.9592
725,0.725,-0.0207,-0.0074,-0.0366,-0.0485,-0.2764,-0.7042
726,0.726,-0.0001,0.009,0.0608,-0.0358,-0.046,-0.0063
727,0.727,-0.0304,0.0065,0.0232,-0.0401,0.104,0.2765
728,0.728,-0.0424,-0.0204,-0.011,0.0141,0.1318,0.1925
729,0.729,-0.0245,-0.0316,0.0204,0.0371,0.1078,0.2705
730,0.73,-0.0214,-0.0353,0.0113,0.058,0.1306,0.3414
731,0.731,-0.0008,-0.0208,0.003,0.0511,0.1106,0.2779
732,0.732,0.0071,-0.0132,0.011,0.0564,0.3145,0.8011
733,0.733,-0.0004,-0.0161,0.0322,0.0613,0.3961,0.7315
734,0.734,-0.0072,-0.0144,-0.0133,0.0752,0.125,0.2832
735,0.735,0.0192,-0.0089,0.0155,0.0616,-0.0559,-0.1249
736,0.736,0.0084,-0.0187,0.0633,0.0493,-0.0892,-0.1788
737,0.737,-0.008,-0.0075,0.0569,0.0308,-0.1191,-0.3233
738,0.738,-0.0109,-0.0127,0.0743,0.0271,-0.1463,-0.2801
739,0.739,-0.0247,-0.0258,0.0903,0.0179,-0.1217,-0.2404
740,0.74,-0.0223,-0.0248,0.0952,0.0094,-0.2335,-0.565
741,0.741,0.0114,-0.0025,0.1352,0.0263,-0.4166,-0.9582
742,0.742,0.0259,-0.0065,0.0875,0.0325,-0.244,-0.4822
743,0.743,-0.0048,-0.016,0.0035,0.0302,0.0034,0.0952
744,0.744,-0.0086,0.0079,-0.0535,0.0243,0.1028,0.1745
745,0.745,0.0168,0.0235,-0.1258,0.0223,0.1333,0.2459
746,0.746,0.0267,0.0255,-0.1539,0.0175,0.1067,0.3109
747,0.747,0.0238,0.0219,-0.1451,0.0133,0.1317,0.2536
748,0.748,0.0429,0.0187,-0.1217,0.012,0.1097,0.3068
749,0.749,0.0355,0.0112,-0.0575,0.0088,0.4151,0.9318
750,0.75,0.042,0.0083,-0.0144,0.0078,0.2846,0.6771
751,0.751,0.0277,-0.0019,0.0562,0.007,0.0859,0.1346
752,0.752,0.0035,-0.0147,0.0659,-0.0007,-0.095,-0.2183
753,0.753,0.0066,-0.0017,0.0575,0.0003,-0.1282,-0.2831
754,0.754,0.0153,0.003,0.0186,-0.0005,-0.1582,-0.3416
755,0.755,0.0013,0.0005,-0.031,-0.0013,-0.1312,-0.2891
756,0.756,-0.0112,0.0011,-0.0502,0.0025,-0.1067,-0.2412
757,0.757,-0.027,-0.0122,-0.0328,0.0033,-0.3082,-0.8091
758,0.758,-0.0209,-0.0046,-0.028,0.0065,-0.3895,-0.7321
759,0.759,-0.0078,-0.0131,-0.0043,0.0002,-0.1182,-0.239
760,0.76,-0.0161,-0.0153,-0.009,0.0012,0.063,0.2105
761,0.761,-0.0054,-0.0098,0.0027,-0.0024,0.0965,0.27
762,0.762,0.0016,0.0019,0.028,-0.0042,0.1268,0.3238
763,0.763,0.0079,0.0096,0.0378,-0.0035,0.1543,0.2766
764,0.764,0.009,0.0195,0.0292,-0.0039,0.0808,0.2334
765,0.765,0.0039,0.0148,0.0323,-0.0053,0.2377,0.5908
766,0.766,-0.01,0.0003,0.0155,-0.0112,0.4211,0.9274
767,0.767,-0.0078,0.009,0.0312,-0.0085,0.1993,0.4468
768,0.768,-0.0021,0.0203,0.0086,-0.0047,-0.0099,-0.1303
769,0.769,-0.0069,0.0152,-0.0366,-0.0081,-0.0918,-0.2091
770,0.77,-0.0022,0.0188,-0.0434,-0.0137,-0.1169,-0.2803
771,0.771,0.0076,0.0147,-0.0146,-0.0158,-0.1396,-0.345
772,0.772,0.004,0.022,0.0117,-0.0107,-0.1195,-0.2876
773,0.773,0.003,0.0227,-0.0029,-0.0036,-0.1382,-0.3407
774,0.774,0.0041,0.0138,0.0013,-0.0079,-0.3908,-0.9655
775,0.775,0.0051,0.0103,-0.0026,-0.0102,-0.355,-0.7106
776,0.776,-0.0008,0.011,-0.0062,-0.0078,-0.0592,-0.0129
777,0.777,-0.0014,0.008,-0.0092,-0.0069,0.0605,0.2697
778,0.778,0.0023,0.0155,-0.0062,-0.0097,0.097,0.1859
779,0.779,-0.0019,0.0143,-0.009,-0.0099,0.13,0.2639
780,0.78,0.0018,0.0143,-0.0047,-0.0075,0.1316,0.2848
781,0.781,0.0035,0.0096,-0.0224,-0.012,0.1017,0.2148
782,0.782,-0.0031,0.0155,-0.0206,-0.0087,0.3455,0.7904
783,0.783,-0.0076,0.0087,-0.0107,-0.0068,0.3783,0.7134
784,0.784,-0.0067,0.0003,-0.0165,-0.0091,0.1693,0.2204
785,0.785,0.0018,-0.0006,-0.0218,-0.0087,-0.0755,-0.2291
786,0.786,0.0029,-0.0014,-0.0173,-0.0057,-0.1092,-0.1726
787,0.787,-0.0023,-0.0021,-0.0186,-0.0046,-0.1395,-0.3318
788,0.788,-0.0014,0.0077,-0.0374,-0.0099,-0.1671,-0.2845
789,0.789,-0.0023,0.0194,-0.0183,-0.0105,-0.0938,-0.2414
790,0.79,-0.003,0.0183,0.0087,-0.007,-0.2061,-0.5195
791,0.791,0.0019,0.0174,0.0483,-0.0065,-0.4303,-0.9169
792,0.792,0.0089,0.0242,0.0425,-0.006,-0.222,-0.4414
793,0.793,0.0025,0.0216,0.0757,-0.0004,0.0224,0.1355
794,0.794,0.0016,0.0232,0.106,-0.0011,0.1213,0.2143
795,0.795,-0.0036,0.0135,0.0856,0.0023,0.0918,0.2852
796,0.796,-0.0114,0.0101,0.0308,-0.0008,0.1189,0.3496
797,0.797,-0.0123,0.0071,-0.0556,-0.0038,0.0943,0.2919
798,0.798,-0.0151,0.0134,-0.0211,-0.0014,0.0719,0.3446
799,0.799,-0.028,0.0089,-0.0313,0.0015,0.3769,0.8729
800,0.8,-0.0262,0.0032,-0.0215,-0.0026,0.3332,0.6622
801,0.801,-0.0009,0.0082,0.0393,-0.0043,0.0547,0.0853
802,0.802,0.0171,0.0052,0.0789,-0.0015,-0.0544,-0.1487
803,0.803,-0.006,-0.0047,0.0581,0.003,-0.088,-0.2204
804,0.804,-0.0033,-0.0085,0.0522,0.0045,-0.1184,-0.2854
805,0.805,-0.0007,-0.0064,0.0351,0.0014,-0.146,-0.2283
806,0.806,-0.0182,0.0056,0.1045,-0.0035,-0.0726,-0.1761
807,0.807,-0.0205,0.0264,0.0761,0.0005,-0.3193,-0.8009
808,0.808,-0.0023,0.0298,-0.0194,-0.0026,-0.3525,-0.8868
809,0.809,0.0099,0.0133,-0.0576,-0.0033,-0.1439,-0.1897
810,0.81,-0.0014,-0.0015,-0.0234,-0.0024,0.0464,0.0927
811,0.811,-0.0036,-0.0068,-0.0339,-0.0055,0.0714,0.1789
812,0.812,-0.0056,-0.0079,-0.0624,-0.0015,0.1388,0.2569
813,0.813,-0.0039,-0.0122,-0.1917,0.0035,0.1593,0.3276
814,0.814,0.0067,-0.0131,-0.1732,-0.0074,0.1038,0.2638
815,0.815,-0.0141,-0.0249,-0.0216,-0.0092,0.2215,0.5541
816,0.816,-0.0171,-0.0192,0.0805,0.0003,0.4205,0.9238
817,0.817,-0.0145,-0.017,0.0992,0.0114,0.2307,0.3949
818,0.818,-0.0023,-0.0289,0.1835,0.0067,0.0082,-0.099
819,0.819,-0.0003,-0.0164,0.2294,0.0106,-0.082,-0.1649
820,0.82,0.018,-0.002,0.0768,0.0066,-0.1096,-0.2242
821,0.821,0.0155,-0.0033,0.0162,0.0054,-0.0855,-0.2778
822,0.822,0.0089,0.0022,-0.039,0.0126,-0.1081,-0.2304
823,0.823,-0.0054,0.0133,-0.1563,0.017,-0.1286,-0.3618
824,0.824,0.0112,0.0318,-0.1406,0.0126,-0.4065,-0.9575
825,0.825,-0.0045,0.0298,-0.1539,0.0087,-0.3671,-0.7026
826,0.826,0.0015,0.019,-0.1406,0.005,-0.1142,-0.1598
827,0.827,0.0256,0.0051,0.0096,-0.0045,0.1162,0.1934
828,0.828,0.0483,-0.0114,0.1119,-0.0116,0.1465,0.2585
829,0.829,0.0333,-0.0178,0.2049,-0.0004,0.174,0.3171
830,0.83,0.0084,-0.0318,0.155,0.0134,0.1498,0.2648
831,0.831,0.0114,-0.0335,0.0484,0.0077,0.0828,0.2169
832,0.832,0.0024,-0.0249,-0.0205,0.0127,0.2661,0.7848
833,0.833,-0.006,-0.0264,-0.0326,0.008,0.3401,0.8625
834,0.834,-0.0135,-0.0277,-0.0897,0.012,0.1383,0.2287
835,0.835,-0.007,-0.0189,-0.1204,0.0131,-0.0519,-0.1986
836,0.836,0.0031,-0.036,-0.1485,0.0074,-0.077,-0.2774
837,0.837,0.0236,-0.0584,-0.019,-0.0041,-0.0997,-0.2079
838,0.838,0.0263,-0.0613,0.1107,-0.0057,-0.1202,-0.2724
839,0.839,-0.0008,-0.0641,0.2286,-0.0098,-0.1018,-0.2147
840,0.84,-0.0116,-0.0469,0.244,-0.0036,-0.1858,-0.5845
841,0.841,0.0049,-0.0449,0.1748,-0.0026,-0.4153,-0.9209
842,0.842,-0.0279,-0.043,0.0614,-0.0016,-0.2511,-0.4401
843,0.843,-0.0234,-0.0227,-0.0148,-0.0025,0.0182,0.1373
844,0.844,-0.0115,-0.0148,-0.1951,0,0.1272,0.2164
845,0.845,-0.0222,-0.0222,-0.121,-0.0084,0.095,0.2877
846,0.846,0.0077,-0.0069,-0.1431,-0.0094,0.1251,0.3523
847,0.847,0.0358,0.0031,-0.1635,0.0001,0.0984,0.2949
848,0.848,0.0179,-0.0102,-0.2193,0.0039,0.1231,0.348
849,0.849,0.0083,-0.002,-0.2028,0.0007,0.4146,0.8767
850,0.85,-0.0004,0.0023,-0.1573,0.0038,0.2959,0.6663
851,0.851,-0.0249,0.006,-0.1159,0.0029,0.0432,0.0898
852,0.852,-0.0083,0.0246,-0.1035,-0.0049,-0.0558,-0.1438
853,0.853,0.0191,0.038,0.0231,-0.0079,-0.0861,-0.2149
854,0.854,0.0375,0.0352,0.1748,-0.0087,-0.1133,-0.2794
855,0.855,0.0147,0.0237,0.2358,-0.0009,-0.1379,-0.3379
856,0.856,0,0.0173,0.4764,0.0001,-0.1157,-0.1797
857,0.857,-0.0026,0.0077,0.3775,0.0028,-0.2989,-0.8042
858,0.858,0.0047,0.0057,0.2279,0.0037,-0.4222,-0.8895
859,0.859,-0.0018,0.0069,0.1461,0.0044,-0.1755,-0.1923
860,0.86,-0.0283,0.0079,0.0218,0.0009,0.0551,0.0904
861,0.861,-0.0462,0.0189,-0.0916,0.0067,0.0856,0.177
862,0.862,-0.0624,0.0355,-0.032,0.0105,0.1131,0.2551
863,0.863,-0.0534,0.0374,-0.1625,-0.0001,0.1379,0.326
864,0.864,-0.0121,0.027,-0.2473,-0.017,0.071,0.2627
865,0.865,0.041,0.0137,-0.1104,-0.028,0.2134,0.5535
866,0.866,0.0485,0.015,-0.0185,-0.0219,0.4172,0.9235
867,0.867,0.0424,0.0193,-0.0019,-0.0013,0.2276,0.4911
868,0.868,0.0133,0.0259,-0.1087,0.0014,0.0052,-0.0334
869,0.869,-0.0024,0.0267,-0.1223,-0.0008,-0.0849,-0.2457
870,0.87,-0.0169,0.0296,-0.0339,-0.0073,-0.1125,-0.3104
871,0.871,-0.0037,0.0263,-0.0458,-0.0011,-0.1374,-0.2528
872,0.872,0.0081,0.0196,-0.1613,-0.0066,-0.1154,-0.3061
873,0.873,0.0117,0.0099,-0.1473,-0.0048,-0.1358,-0.3543
874,0.874,0.0085,0.0085,-0.1904,-0.0032,-0.4138,-0.9223
875,0.875,0.0356,0.0093,-0.1542,-0.0018,-0.2951,-0.6905
876,0.876,0.0685,0.0164,-0.0291,0.007,-0.0423,-0.0562
877,0.877,0.0466,0.017,0.0199,-0.0007,0.0567,0.2009
878,0.878,0.0267,0.016,0.034,0.0066,0.087,0.2795
879,0.879,0.0231,0.012,0.0192,0.0039,0.1144,0.3505
880,0.88,0.0528,0.0098,-0.0193,0.0098,0.1391,0.2872
881,0.881,0.0615,0.011,0.0319,0.0021,0.0826,0.2116
882,0.882,0.0335,0.0013,0.0652,0.0059,0.2842,0.7348
883,0.883,-0.0213,-0.0029,0.0742,0.0066,0.3654,0.8055
884,0.884,-0.0919,-0.0068,0.1016,0.0061,0.1432,0.2294
885,0.885,-0.1015,-0.008,0.1959,0.0067,-0.0662,-0.1591
886,0.886,-0.0759,-0.0091,0.1829,0.0062,-0.0941,-0.2307
887,0.887,-0.0684,-0.0066,0.0792,0.0032,-0.1191,-0.2956
888,0.888,-0.0758,-0.0146,0.0375,0.002,-0.1419,-0.2382
889,0.889,-0.0569,-0.0177,-0.051,0.001,-0.1219,-0.2915
890,0.89,-0.063,-0.017,0.0058,0.0013,-0.2147,-0.628
891,0.891,-0.0368,-0.0112,-0.0264,0.0044,-0.4337,-1.0215
892,0.892,-0.013,-0.0197,-0.1509,0.0054,-0.2253,-0.4403
893,0.893,-0.0178,-0.0369,-0.1018,0.0002,0.0192,0.1029
894,0.894,-0.0141,-0.0346,0.0042,-0.0113,0.1183,0.3153
895,0.895,-0.0321,-0.028,0.156,-0.0232,0.1485,0.2523
896,0.896,-0.0288,-0.022,0.135,-0.0186,0.1215,0.3109
897,0.897,-0.0078,-0.0202,0.1159,-0.0034,0.1461,0.2584
898,0.898,0.0005,-0.0185,0.132,0.0027,0.1238,0.3065
899,0.899,0.018,-0.011,0.055,0.012,0.3883,0.8745
900,0.9,0.0026,0.0098,-0.0706,0.0171,0.2804,0.6425
901,0.901,-0.028,0.0185,-0.155,0.0187,0.1157,0.0081
902,0.902,-0.0499,-0.0007,-0.2624,0.0201,-0.0937,-0.2491
903,0.903,-0.0138,-0.018,-0.1932,0.0088,-0.1214,-0.1732
904,0.904,0.0589,-0.0159,-0.004,-0.0111,-0.0973,-0.2443
905,0.905,0.1108,-0.022,0.1852,0.0027,-0.1199,-0.3089
906,0.906,0.1201,-0.0054,0.16,0.0052,-0.0592,-0.2515
907,0.907,0.0768,-0.0166,0.1369,-0.0151,-0.263,-0.7273
908,0.908,0.0222,-0.0106,0.3193,-0.0231,-0.3987,-0.7919
909,0.909,0.0009,-0.0237,0.491,-0.0058,-0.1768,-0.2684
910,0.91,-0.0313,-0.0256,0.289,0.0054,0.0326,0.2254
911,0.911,-0.0138,-0.0211,-0.064,-0.0006,0.1145,0.2906
912,0.912,0.0023,-0.0144,-0.2088,-0.021,0.1394,0.2332
913,0.913,-0.0217,-0.0058,-0.078,-0.0237,0.1173,0.2864
914,0.914,-0.0878,0.0065,-0.1178,-0.0113,0.0972,0.2386
915,0.915,-0.0783,0.0317,-0.3706,0.0043,0.1899,0.5444
916,0.916,-0.0179,0.0423,-0.6007,0.0064,0.4089,0.902
917,0.917,0.0682,0.0323,-0.4516,-0.014,0.2599,0.4693
918,0.918,0.1488,0.0349,-0.2074,-0.0221,0.0155,-0.0553
919,0.919,0.1385,0.0099,-0.0432,-0.0244,-0.0836,-0.2678
920,0.92,0.0723,-0.0068,0.1655,-0.0087,-0.1137,-0.205
921,0.921,0.0292,-0.0042,0.3553,0.0055,-0.1409,-0.2639
922,0.922,0.0059,0.0036,0.429,0.0112,-0.1166,-0.2117
923,0.923,-0.0011,0.0009,0.3616,0.0163,-0.1389,-0.3561
924,0.924,-0.0333,-0.0107,0.2596,0.0148,-0.4033,-0.9243
925,0.925,-0.0507,-0.005,0.2042,0.0108,-0.2953,-0.6926
926,0.926,-0.0239,-0.0036,0.0869,0.0146,-0.0649,-0.0585
927,0.927,0.0395,0.0078,0.0112,0.0115,0.0851,0.1985
928,0.928,0.0311,-0.0002,-0.0849,0.0063,0.1129,0.277
929,0.929,0.008,-0.0047,0.0047,-0.0021,0.1379,0.3479
930,0.93,0.0295,-0.0015,0.0172,-0.003,0.116,0.2844
931,0.931,0.0232,0.0036,0.0281,0.0043,0.0961,0.2267
932,0.932,-0.006,0.0083,-0.1137,0.0036,0.3,0.7023
933,0.933,-0.0007,0.0032,-0.3777,0.0011,0.3816,0.7666
934,0.934,0.072,0.0156,-0.4129,-0.0041,0.1598,0.2428
935,0.935,0.0615,0.0206,-0.4446,0.0067,-0.0492,-0.1105
936,0.936,0.0897,0.0183,-0.3542,0.0174,-0.0768,-0.1759
937,0.937,0.0982,0.0039,-0.1091,-0.0006,-0.1014,-0.2347
938,0.938,0.059,-0.0023,0.2531,-0.0078,-0.1237,-0.2881
939,0.939,0.0092,-0.0046,0.3983,0.0035,-0.1034,-0.2403
940,0.94,0.0154,0.0087,0.3556,0.0097,-0.1958,-0.5462
941,0.941,-0.0022,0.01,0.2377,0.0154,-0.448,-0.9832
942,0.942,-0.0822,-0.0058,0.1305,0.007,-0.2675,-0.46
943,0.943,-0.2546,-0.0083,-0.0328,0.0177,-0.0367,0.0339
944,0.944,-0.23,-0.0068,-0.1214,0.0137,0.1134,0.2275
945,0.945,-0.1628,-0.0054,-0.0936,0.0024,0.1413,0.2867
946,0.946,-0.1831,-0.0042,-0.0684,-0.0021,0.1175,0.3402
947,0.947,-0.1646,-0.014,-0.0901,-0.0034,0.0956,0.1967
948,0.948,-0.0805,-0.0129,-0.1101,-0.0096,0.1163,0.3278
949,0.949,-0.004,-0.0051,-0.0546,-0.0151,0.3945,0.9235
950,0.95,-0.0455,-0.002,0.0295,-0.016,0.276,0.6686
951,0.951,0.0176,-0.0045,0.1059,-0.03,0.0954,0.1257
952,0.952,0.1212,-0.0068,0.092,-0.0238,-0.0692,-0.2275
953,0.953,0.1628,-0.0134,0.231,-0.0219,-0.0993,-0.2926
954,0.954,0.1252,-0.0234,0.398,-0.0168,-0.1265,-0.2351
955,0.955,0.0679,-0.0355,0.4209,-0.0091,-0.151,-0.2885
956,0.956,-0.0259,-0.0502,0.2385,-0.005,-0.0839,-0.2406
957,0.957,-0.0383,-0.0312,-0.0319,0.0063,-0.3075,-0.7211
958,0.958,-0.0498,-0.0083,-0.2118,0.0079,-0.3968,-0.9132
959,0.959,-0.0811,0.0012,-0.113,0.012,-0.1525,-0.2732
960,0.96,-0.0907,0.0211,-0.0829,0.0108,0.0781,0.1543
961,0.961,-0.0478,0.0243,-0.2725,0.0098,0.1087,0.2334
962,0.962,0.0226,0.0185,-0.2485,0.0026,0.1364,0.3046
963,0.963,0.1079,0.001,-0.0477,-0.0115,0.1123,0.2413
964,0.964,0.0963,-0.0003,0.0327,-0.0095,0.0903,0.1836
965,0.965,0.1064,0.0164,-0.0911,0.0036,0.1922,0.5534
966,0.966,0.059,0.0196,-0.2039,0.012,0.3961,0.89
967,0.967,-0.0014,0.0152,-0.1029,0.0014,0.2607,0.4969
968,0.968,-0.0091,0.0283,-0.0476,0.011,-0.0108,-0.0857
969,0.969,0.0122,0.0188,0.0366,0.0122,-0.1196,-0.1646
970,0.97,0.0058,0.0241,0.1743,0.009,-0.0872,-0.2359
971,0.971,-0.0118,0.0367,0.2666,0.0038,-0.1173,-0.3005
972,0.972,-0.0068,0.0579,0.2495,-0.0065,-0.1446,-0.243
973,0.973,0.0074,0.0673,0.0197,0.0032,-0.1201,-0.2961
974,0.974,-0.0413,0.0562,-0.1448,-0.003,-0.3667,-0.9209
975,0.975,-0.0867,0.0552,-0.294,-0.002,-0.334,-0.6661
976,0.976,-0.0811,0.0584,-0.3754,0.0075,-0.0651,-0.1233
977,0.977,-0.0653,0.054,-0.4,0.0063,0.1161,0.2298
978,0.978,-0.0217,0.0467,-0.1087,-0.0085,0.0839,0.2948
979,0.979,0.0545,0.0555,0.1689,-0.0105,0.114,0.2375
980,0.98,0.0854,0.0636,0.2048,-0.0049,0.1413,0.2908
981,0.981,0.0379,0.0584,0.106,-0.0099,0.0677,0.243
982,0.982,0.0616,0.0497,-0.0829,-0.0082,0.3025,0.7298
983,0.983,0.1219,0.0585,-0.1729,-0.0097,0.3698,0.8611
984,0.984,0.0828,0.0626,-0.0925,-0.0028,0.1864,0.2648
985,0.985,0.0899,0.0682,-0.1669,0.0009,-0.0854,-0.1626
986,0.986,0.0447,0.077,-0.2346,-0.0162,-0.1221,-0.2415
987,0.987,0.0389,0.081,-0.1742,-0.0285,-0.0897,-0.3126
988,0.988,0.1189,0.0679,-0.0449,-0.0174,-0.1199,-0.2495
989,0.989,0.0614,0.0382,-0.0282,-0.0032,-0.0931,-0.1921
990,0.99,-0.0325,0.017,0.0176,-0.0013,-0.2164,-0.562
991,0.991,-0.0702,-0.0101,0.0589,0.0071,-0.4631,-0.9949
992,0.992,-0.0357,-0.0347,0.1467,0.0087,-0.2992,-0.4719
993,0.993,-0.0461,-0.0505,0.1806,0.0127,-0.0302,0.0217
994,0.994,-0.0368,-0.0648,0.1901,0.0115,0.0785,0.2151
995,0.995,-0.0282,-0.0889,0.1798,0.0105,0.1118,0.274
996,0.996,-0.0203,-0.1047,0.3085,0.0095,0.1418,0.3274
997,0.997,-0.013,-0.1191,0.4003,0.0122,0.1148,0.2797
998,0.998,-0.045,-0.1214,0.2818,0.0044,0.1393,0.3234
999,0.999,-0.0389,-0.1283,0.1435,0.0013,0.3858,0.9188
1000,1,-0.0332,-0.1302,0.0875,-0.0032,0.3531,0.6638
1001,1.001,-0.0473,-0.1158,-0.0641,-0.0074,0.0841,0.1208
1002,1.002,-0.0602,-0.0877,-0.166,0.0041,-0.0971,-0.2326
1003,1.003,-0.0559,-0.0915,-0.1847,0.016,-0.0649,-0.1702
1004,1.004,-0.0375,-0.1022,-0.2015,0.0085,-0.0951,-0.3452
1005,1.005,-0.0075,-0.0924,-0.0945,0.0045,-0.1225,-0.2932
1006,1.006,0.0206,-0.0837,-0.0251,0.0034,-0.0982,-0.2456
1007,1.007,0.0242,-0.0812,0.0377,-0.0021,-0.3,-0.7263
1008,1.008,0.0407,-0.069,0.0717,-0.0009,-0.3815,-0.9187
1009,1.009,0.0497,-0.058,0.0607,0.0076,-0.1596,-0.3953
1010,1.01,0.0197,-0.0562,0.1645,0.0181,0.0497,0.0985
1011,1.011,0.008,-0.0621,0.2056,0.0168,0.0774,0.2917
1012,1.012,-0.0173,-0.0742,0.2682,0.0132,0.1514,0.3504
1013,1.013,-0.0401,-0.0701,0.1181,0.0077,0.1293,0.298
1014,1.014,-0.037,-0.0553,0.0161,0.0048,0.1091,0.2503
1015,1.015,-0.0341,-0.0374,-0.1135,0.004,0.2015,0.4687
1016,1.016,-0.0266,-0.0108,-0.1977,0.0016,0.4203,0.9056
1017,1.017,0.0027,-0.0006,-0.213,-0.0005,0.2712,0.4987
1018,1.018,0.0227,0.0019,-0.0323,-0.0111,0.0266,0.0216
1019,1.019,0.0409,0.0099,0.1893,-0.0095,-0.0727,-0.172
1020,1.02,0.0507,0.0173,0.2784,-0.008,-0.1031,-0.2311
1021,1.021,0.0178,0.0288,0.0886,0.0008,-0.1305,-0.2846
1022,1.022,-0.0042,0.0436,-0.0344,-0.0047,-0.1062,-0.237
1023,1.023,-0.008,0.0569,-0.1909,-0.0099,-0.1288,-0.281
1024,1.024,-0.0332,0.0765,-0.2925,-0.0034,-0.3934,-0.8766
1025,1.025,-0.0167,0.0892,-0.3846,0.0045,-0.3576,-0.6217
1026,1.026,0.0283,0.081,-0.4008,-0.0091,-0.1275,-0.0789
1027,1.027,0.0866,0.0644,-0.293,-0.0295,0.0818,0.1336
1028,1.028,0.0473,0.0654,-0.1953,-0.0321,0.1095,0.1989
1029,1.029,0.0402,0.0736,-0.0053,-0.0097,0.1344,0.2576
1030,1.03,-0.005,0.0741,0.0766,-0.0008,0.1123,0.3109
1031,1.031,-0.0343,0.0684,0.1019,0.0074,0.0921,0.1672
1032,1.032,-0.0395,0.0492,0.0801,0.0147,0.2958,0.7352
1033,1.033,-0.0348,0.0357,0.0602,0.0126,0.3772,0.8131
1034,1.034,-0.0039,0.028,0.0422,0.0065,0.1552,0.3205
1035,1.035,0,0.0289,0.0932,0.0084,-0.054,-0.1287
1036,1.036,-0.0474,0.0111,0.1396,0.0068,-0.0818,-0.1882
1037,1.037,-0.0539,0.0122,0.1263,0.0083,-0.1067,-0.2418
1038,1.038,-0.0367,0.0173,0.1144,0.0014,-0.1293,-0.2905
1039,1.039,-0.0315,0.0292,0.1267,0.0052,-0.1092,-0.2472
1040,1.04,-0.027,0.0333,0.1172,0.0062,-0.1646,-0.525
1041,1.041,0.0125,0.0338,0.1086,-0.001,-0.4171,-0.9944
1042,1.042,0.007,0.0147,0.1183,0.0075,-0.2369,-0.5466
1043,1.043,-0.0175,0.0013,0.0332,0.0131,-0.0065,0.0944
1044,1.044,-0.0222,0.0026,0.0454,0.0016,0.0837,0.1813
1045,1.045,-0.0264,-0.0084,0.0563,0.0001,0.1114,0.2598
1046,1.046,-0.0447,0.0001,0.0093,-0.004,0.1363,0.3309
1047,1.047,-0.035,0.0078,-0.016,-0.0103,0.1143,0.2677
1048,1.048,0.0099,0.0177,-0.0386,-0.0071,0.0941,0.3261
1049,1.049,0.0682,0.0184,-0.1305,-0.0144,0.372,0.9074
1050,1.05,0.0759,0.0039,-0.0923,-0.0284,0.3326,0.676
1051,1.051,0.0544,0.0015,-0.0575,-0.0304,0.0799,0.1829
1052,1.052,0.0865,0.0028,-0.0678,-0.0136,-0.085,-0.2661
1053,1.053,0.0453,0.004,-0.0584,-0.0114,-0.1154,-0.2092
1054,1.054,0.0293,-0.0032,-0.0497,-0.0133,-0.1428,-0.2624
1055,1.055,0.0244,0.0028,-0.0573,-0.004,-0.1184,-0.3108
1056,1.056,0.0023,-0.0098,-0.0356,-0.0024,-0.0963,-0.1799
1057,1.057,-0.0177,-0.0217,0.0231,-0.0009,-0.2795,-0.6959
1058,1.058,-0.0286,-0.0201,0.0625,-0.005,-0.4029,-0.9068
1059,1.059,-0.0189,-0.016,0.0558,0.0037,-0.1563,-0.3305
1060,1.06,0.0261,-0.0121,0.0238,0.0114,0.0741,0.213
1061,1.061,0.0197,-0.0063,0.1007,0.0041,0.1045,0.2851
1062,1.062,0.0024,-0.0051,0.0699,0.0049,0.1319,0.2223
1063,1.063,-0.0028,-0.004,0.0039,0.0024,0.1567,0.2812
1064,1.064,0.0017,0.0058,-0.0049,0.003,0.0895,0.2291
1065,1.065,-0.0115,0.0024,-0.0446,0.0136,0.1912,0.4698
1066,1.066,-0.0154,0.0018,0.0473,0.0059,0.432,0.9508
1067,1.067,-0.0189,0.0033,0.1604,0.0099,0.2679,0.5034
1068,1.068,-0.0089,-0.0065,0.2364,0.0136,-0.0012,-0.0209
1069,1.069,-0.0116,-0.0101,0.1392,0.0145,-0.1102,-0.2331
1070,1.07,-0.0251,-0.0084,0.0261,0.0071,-0.1436,-0.2979
1071,1.071,-0.0421,-0.0069,-0.1416,0.0043,-0.1143,-0.2402
1072,1.072,-0.0624,-0.0075,-0.1634,-0.0017,-0.1417,-0.2931
1073,1.073,-0.0597,-0.0006,-0.3463,0.002,-0.1174,-0.3412
1074,1.074,-0.0226,-0.0009,-0.3709,-0.0086,-0.364,-0.909
1075,1.075,0.0574,0.0018,-0.3487,-0.0256,-0.3316,-0.6771
1076,1.076,0.138,0.0129,-0.0842,-0.019,-0.1228,-0.1837
1077,1.077,0.0442,0.0119,0.0963,-0.0048,0.0674,0.2657
1078,1.078,0.0317,0.0219,0.1294,0.0045,0.0923,0.209
1079,1.079,0.0202,0.0211,0.0999,0.0095,0.1148,0.2624
1080,1.08,-0.0109,0.0111,0.0733,0.0141,0.1352,0.3112
1081,1.081,-0.0204,0.0018,0.0984,0.0181,0.0798,0.1807
1082,1.082,-0.0463,-0.0117,0.0318,0.0119,0.2984,0.6969
1083,1.083,-0.0513,-0.013,0.007,0.0147,0.387,0.8325
1084,1.084,-0.028,-0.0108,0.0276,0.0157,0.1781,0.3399
1085,1.085,0.0076,-0.019,-0.0277,0.0042,-0.0668,-0.1093
1086,1.086,0.0269,-0.0049,0.023,0.0057,-0.1005,-0.1687
1087,1.087,-0.0023,-0.014,0.008,-0.004,-0.1308,-0.2223
1088,1.088,-0.0075,-0.0154,-0.0056,-0.0077,-0.1584,-0.271
1089,1.089,-0.0028,-0.0106,-0.018,0.0001,-0.1342,-0.2278
1090,1.09,0.037,-0.009,-0.1215,0.0158,-0.1568,-0.5058
1091,1.091,0.0636,0,-0.0522,0.018,-0.4216,-0.9752
1092,1.092,0.0395,-0.0029,0.1368,0.0159,-0.3138,-0.5277
1093,1.093,0.0176,-0.0121,0.1632,0.0066,-0.018,-0.0032
1094,1.094,-0.0022,-0.0108,0.1871,0.0049,0.1015,0.2094
1095,1.095,-0.035,-0.0138,0.03,-0.0028,0.1379,0.2743
1096,1.096,-0.0568,0.0021,-0.0311,0.0041,0.1709,0.3329
1097,1.097,-0.0605,0.0316,-0.1235,-0.0047,0.1412,0.2806
1098,1.098,-0.0203,0.0436,-0.1398,-0.0218,0.1141,0.2328
1099,1.099,0.028,0.0402,-0.0322,-0.0541,0.385,0.8881
1100,1.1,0.0605,0.0305,0.0935,-0.0497,0.3491,0.6076
1101,1.101,0.0548,0.0036,0.0436,-0.0379,0.1188,0.1808
1102,1.102,0.0282,-0.007,-0.0019,-0.0197,-0.0906,-0.2078
1103,1.103,0.0236,-0.0101,-0.0155,0.0033,-0.1183,-0.2794
1104,1.104,0.0016,-0.0187,-0.053,0.0241,-0.1433,-0.3442
1105,1.105,0.0055,-0.0159,-0.0182,0.0269,-0.1213,-0.2868
1106,1.106,0.0019,-0.0181,0.0549,0.0245,-0.1013,-0.2345
1107,1.107,0.0117,-0.0158,0.0267,0.0134,-0.268,-0.6671
1108,1.108,-0.0275,-0.0178,0.0183,0.0033,-0.3802,-0.8419
1109,1.109,-0.0863,-0.0121,-0.0049,0.0052,-0.1563,-0.366
1110,1.11,-0.1097,-0.0069,-0.0118,0.0001,0.053,0.2111
1111,1.111,-0.0455,-0.0114,0.0596,-0.0014,0.1349,0.2899
1112,1.112,0.0666,-0.0073,0.2021,-0.011,0.1598,0.2204
1113,1.113,0.0208,-0.0236,0.3445,-0.0098,0.1377,0.2847
1114,1.114,-0.0208,-0.0258,0.2892,0.0073,0.077,0.2269
1115,1.115,-0.0586,-0.0196,0.1382,0.0097,0.1325,0.491
1116,1.116,-0.0703,-0.0139,0.0368,0.0119,0.3851,0.9235
1117,1.117,-0.0807,-0.0087,-0.1663,0.0181,0.2771,0.5167
1118,1.118,-0.0713,0.0084,-0.3012,0.0162,0.0468,0.0395
1119,1.119,-0.011,0.0288,-0.325,0.0078,-0.1029,-0.2819
1120,1.12,0.0435,0.0151,-0.3019,-0.0091,-0.1304,-0.3411
1121,1.121,0.0788,0.0079,-0.1592,-0.0338,-0.1551,-0.2891
1122,1.122,0.0851,0.0102,0.0075,-0.0306,-0.1329,-0.2416
1123,1.123,0.0203,0.0001,0.0297,-0.0098,-0.072,-0.2857
1124,1.124,0.0116,0.0057,0.0092,-0.0071,-0.3498,-0.8813
1125,1.125,0.0193,0.004,-0.0465,-0.0095,-0.3102,-0.6266
1126,1.126,0.0265,0.0117,0.004,-0.0029,-0.0572,-0.0838
1127,1.127,0.0459,0.0269,0.0504,-0.001,0.1078,0.2696
1128,1.128,0.0518,0.0209,0.0653,0.0083,0.0787,0.2071
1129,1.129,0.0038,0.0004,0.0287,0.0133,0.1063,0.2659
1130,1.13,-0.0026,0.0085,0.0182,0.0117,0.1312,0.3193
1131,1.131,0.003,0.0061,0.0502,0.0047,0.1092,0.1755
1132,1.132,0.008,0.0082,0.0794,0.0059,0.2926,0.7436
1133,1.133,0.0031,0.0061,0.0716,0.0091,0.4161,0.8214
1134,1.134,-0.019,-0.007,0.0644,0.0101,0.1697,0.3288
1135,1.135,-0.0152,-0.0054,0.0437,0.0074,-0.0606,-0.1202
1136,1.136,-0.0045,-0.01,0.0378,0.0014,-0.0909,-0.1796
1137,1.137,0.0183,-0.0087,0.0441,-0.0008,-0.1182,-0.2331
1138,1.138,0.0211,-0.0151,0.0816,0.0027,-0.1428,-0.2817
1139,1.139,0.0018,-0.0142,0.1545,-0.0004,-0.1205,-0.2384
1140,1.14,-0.0255,-0.0195,0.29,0.0036,-0.1812,-0.4369
1141,1.141,-0.022,-0.015,0.308,0.002,-0.4218,-0.9783
1142,1.142,-0.0122,-0.0022,0.1564,0.007,-0.2576,-0.5914
1143,1.143,-0.0272,0.007,-0.0672,0.0034,-0.0482,0.0433
1144,1.144,-0.0464,-0.0049,-0.1561,-0.0062,0.0883,0.3004
1145,1.145,-0.0537,0.0119,-0.291,-0.0022,0.1136,0.2245
1146,1.146,-0.0382,0.0229,-0.4628,0.0014,0.1366,0.2958
1147,1.147,-0.0198,0.0043,-0.3946,-0.0158,0.1168,0.2326
1148,1.148,0.0124,-0.0082,-0.3327,-0.0182,0.0987,0.2911
1149,1.149,0.0609,-0.0105,-0.2393,-0.0204,0.3513,0.8725
1150,1.15,0.0543,-0.0126,-0.0535,-0.0143,0.3156,0.641
1151,1.151,0.0248,-0.0072,0.0701,-0.005,0.0856,0.1479
1152,1.152,0.0194,-0.0022,0.0925,0.0034,-0.064,-0.1732
1153,1.153,-0.0049,-0.0008,0.0721,-0.0012,-0.0914,-0.2322
1154,1.154,-0.0095,0.0031,0.1275,-0.0025,-0.1161,-0.2854
1155,1.155,0.0104,0.0042,0.1441,0.0063,-0.1385,-0.2378
1156,1.156,0.0068,0.003,0.129,0.0053,-0.0776,-0.1942
1157,1.157,0.0035,0.006,0.1431,0.0042,-0.2811,-0.7102
1158,1.158,0.0007,0.0144,0.131,0.0051,-0.4166,-0.9211
1159,1.159,-0.0241,0.0087,0.0968,0.0146,-0.1945,-0.3447
1160,1.16,-0.0339,0.0116,0.0658,0.0109,0.0748,0.1989
1161,1.161,-0.0426,0.0051,0.0752,0.0006,0.1117,0.271
1162,1.162,-0.0125,-0.0078,-0.0199,0.0019,0.1451,0.3362
1163,1.163,0.0476,-0.0098,-0.0832,-0.0018,0.1158,0.2791
1164,1.164,0.0564,-0.0251,-0.0719,-0.0074,0.089,0.2271
1165,1.165,0.0019,-0.0477,-0.1035,-0.0104,0.1629,0.4677
1166,1.166,-0.005,-0.039,-0.1327,-0.0094,0.4095,0.9487
1167,1.167,0.0145,-0.0144,-0.125,-0.0119,0.2456,0.5014
1168,1.168,0.0556,0.002,-0.1495,-0.0066,-0.0234,-0.0228
1169,1.169,0.061,0.0107,-0.0439,-0.0017,-0.1321,-0.2348
1170,1.17,0.0371,0.0026,0.1539,0.0041,-0.0997,-0.2997
1171,1.171,0.0153,0.0098,0.2341,0.011,-0.1297,-0.2422
1172,1.172,-0.0284,0.0076,0.2087,0.0137,-0.1029,-0.2952
1173,1.173,-0.0456,0.0014,0.1856,0.0146,-0.1275,-0.2472
1174,1.174,-0.0507,-0.0005,0.0831,0.0139,-0.3739,-0.9023
1175,1.175,-0.0552,0.008,-0.0473,0.0159,-0.3412,-0.8089
1176,1.176,-0.0948,0.0094,-0.1996,0.0164,-0.0722,-0.2117
1177,1.177,-0.0893,0.0135,-0.2615,0.0216,0.109,0.1772
1178,1.178,-0.0164,0.0171,-0.244,0.0223,0.1425,0.2489
1179,1.179,0.0567,0.0227,-0.0936,0.0128,0.1131,0.3137
1180,1.18,0.0853,0.0174,-0.0338,-0.0053,0.1404,0.2563
1181,1.181,0.0423,0.0089,-0.0534,-0.0126,0.1161,0.2039
1182,1.182,0.0191,0.0099,-0.0041,-0.0193,0.273,0.7325
1183,1.183,0.0122,0.0046,0.0711,-0.0173,0.4155,0.8033
1184,1.184,0.0382,0.0052,-0.0065,-0.0128,0.1809,0.3426
1185,1.185,0.0448,0.0006,0.006,-0.0072,-0.0606,-0.1066
1186,1.186,0.0275,0.0101,0.1941,-0.0123,-0.0941,-0.1661
1187,1.187,0.0222,0.0112,0.2197,-0.0108,-0.1243,-0.2197
1188,1.188,-0.0019,0.008,0.2922,-0.0012,-0.1517,-0.2684
1189,1.189,-0.0327,0.0007,0.358,0.0178,-0.0782,-0.2252
1190,1.19,-0.0128,-0.0115,0.2145,0.0259,-0.1903,-0.4237
1191,1.191,-0.002,0.0003,-0.0274,0.0185,-0.4142,-0.9651
1192,1.192,-0.0317,-0.0012,-0.1926,0.0206,-0.2652,-0.5783
1193,1.193,-0.0356,0.0196,-0.2833,0.0144,-0.0749,-0.0848
1194,1.194,-0.0392,0.0405,-0.366,0.0087,0.0489,0.1087
1195,1.195,-0.049,0.0158,-0.5892,-0.0135,0.1166,0.2839
1196,1.196,-0.0039,0.0061,-0.5013,-0.0466,0.1779,0.3371
1197,1.197,0.0545,0.0033,-0.313,-0.0511,0.1597,0.2895
1198,1.198,0.0936,-0.0048,-0.1417,-0.0473,0.1431,0.3333
1199,1.199,0.1007,-0.0171,0.1486,-0.0146,0.3727,0.9288
1200,1.2,0.0685,-0.0149,0.2666,0.0162,0.3401,0.6738
1201,1.201,0.0275,-0.0291,0.3018,0.0123,0.0713,0.131
1202,1.202,0.0115,-0.0235,0.2683,0.0088,-0.1098,-0.2224
1203,1.203,-0.0323,-0.0184,0.1186,0.0119,-0.1432,-0.1599
1204,1.204,-0.0499,-0.0168,0.0366,0.0029,-0.1137,-0.2187
1205,1.205,-0.0658,-0.0236,-0.0872,0.0054,-0.1411,-0.2721
1206,1.206,-0.0611,-0.0173,-0.1997,0.0027,-0.0675,-0.2246
1207,1.207,-0.0212,-0.0094,-0.0984,-0.0131,-0.2691,-0.7053
1208,1.208,-0.0799,0.0002,-0.0433,-0.0235,-0.4048,-0.8977
1209,1.209,-0.072,0.004,0.074,-0.018,-0.1829,-0.3744
1210,1.21,0.0347,0.0118,0.15,-0.0097,0.0264,0.1191
1211,1.211,0.0194,0.0171,0.1634,-0.0052,0.1083,0.1845
1212,1.212,-0.0502,0.0106,0.1754,-0.0122,0.1333,0.2433
1213,1.213,-0.0628,-0.0022,0.1632,-0.021,0.1559,0.2965
1214,1.214,-0.0743,-0.0004,0.1728,-0.0267,0.1358,0.2486
1215,1.215,-0.0433,0.0046,0.1627,-0.0236,0.1543,0.4669
1216,1.216,-0.0149,0.0061,0.1363,-0.0096,0.4068,0.9036
1217,1.217,-0.0064,-0.0036,0.0814,0.0046,0.2988,0.4968
1218,1.218,0.0013,-0.0099,0.0459,0.0101,0.0028,0.0196
1219,1.219,0.0368,-0.0067,0.0394,0.0119,-0.1169,-0.1742
1220,1.22,0.0304,0.0006,0.0337,0.0135,-0.0814,-0.2336
1221,1.221,0.0128,-0.0003,0.018,0.0149,-0.1144,-0.2874
1222,1.222,0.0075,-0.0045,0.0135,0.0162,-0.1445,-0.2401
1223,1.223,0.0025,-0.0009,0.0094,0.0219,-0.1175,-0.2842
1224,1.224,0.0068,-0.0029,0.0136,0.023,-0.3885,-0.8801
1225,1.225,0.0028,0.0053,0.0103,0.0258,-0.3527,-0.7957
1226,1.226,-0.0009,0.0042,0.0139,0.0233,-0.1225,-0.0985
1227,1.227,0.0088,0.0072,0.0113,0.0197,0.0869,0.1838
1228,1.228,-0.0001,-0.0014,0.0143,0.0177,0.1146,0.27
1229,1.229,0.0026,-0.0093,0.0075,0.022,0.1395,0.348
1230,1.23,0.0051,-0.0104,0.0149,0.0192,0.1174,0.2783
1231,1.231,0.0029,-0.0001,0.0096,0.0114,0.0973,0.2145
1232,1.232,-0.0032,0.0038,-0.0063,-0.0035,0.264,0.6211
1233,1.233,-0.0014,-0,0.0282,-0.0137,0.4209,0.8855
1234,1.234,0.024,-0.0034,0.0532,-0.0267,0.197,0.3564
1235,1.235,0.0714,0.006,0.0143,-0.025,-0.0123,-0.1374
1236,1.236,0.0778,0.0022,-0.0436,-0.0235,-0.0943,-0.203
1237,1.237,0.0603,0.0053,-0.066,-0.0166,-0.1193,-0.262
1238,1.238,0.0655,0.0021,-0.0438,-0.0028,-0.1419,-0.3156
1239,1.239,0.0316,-0.0007,-0.0624,0.0213,-0.1219,-0.2682
1240,1.24,0.0095,-0.005,-0.0675,0.0376,-0.1775,-0.4869
1241,1.241,0.0055,-0.0166,-0.0829,0.0524,-0.43,-0.924
1242,1.242,0.0018,-0.0217,-0.0781,0.0386,-0.2498,-0.5176
1243,1.243,-0.0148,-0.0142,-0.0915,0.0361,-0.0195,0.0646
1244,1.244,-0.0298,-0.0073,-0.08,0.0156,0.0705,0.2982
1245,1.245,-0.0217,0.0015,-0.1348,-0.0147,0.0981,0.2288
1246,1.246,0.0055,0.0025,-0.1269,-0.0348,0.1229,0.2932
1247,1.247,0.0163,0.0014,-0.0482,-0.0386,0.1008,0.2357
1248,1.248,0.0195,0.006,0.0466,-0.0551,0.1212,0.2887
1249,1.249,0.0467,0.0101,0.0857,-0.0578,0.3619,0.8171
1250,1.25,0.0431,0.0032,0.0757,-0.0276,0.3292,0.7472
1251,1.251,0.0529,-0.0072,0.0874,0.0325,0.1202,0.1705
1252,1.252,0.0078,-0.0168,0.0981,0.093,-0.0703,-0.2181
1253,1.253,-0.0506,-0.0256,0.056,0.0852,-0.0954,-0.2899
1254,1.254,-0.0898,-0.0201,-0.0293,0.0923,-0.1181,-0.2267
1255,1.255,-0.097,-0.017,-0.1321,0.06,-0.1386,-0.2854
1256,1.256,-0.0907,-0.0086,-0.1178,0.019,-0.0833,-0.2332
1257,1.257,-0.0615,0.0063,-0.0292,-0.029,-0.2685,-0.6658
1258,1.258,-0.0243,0.0166,0.0056,-0.0484,-0.3919,-0.8406
1259,1.259,0.0193,0.026,-0.0253,-0.0659,-0.1901,-0.3646
1260,1.26,0.0019,0.0312,0.0224,-0.0608,0.0545,0.0846
1261,1.261,0.0179,0.0268,0.1175,-0.0563,0.088,0.2602
1262,1.262,0.0325,0.0229,0.1301,-0.0521,0.1181,0.3137
1263,1.263,0.0194,0.022,0.0955,-0.0563,0.1454,0.2663
1264,1.264,0.0076,0.0166,0.0224,-0.0459,0.121,0.223
1265,1.265,-0.0031,0.0199,-0.0823,-0.0299,0.1434,0.4214
1266,1.266,-0.0259,0.021,-0.1523,-0.0332,0.408,0.8906
1267,1.267,-0.0108,0.0134,-0.0898,-0.0584,0.2999,0.5708
1268,1.268,-0.0024,0.0167,-0.01,-0.0491,0.0038,0.0461
1269,1.269,0.0002,0.0104,0.0203,-0.0468,-0.1159,-0.1664
1270,1.27,0.016,0.0098,0.0098,-0.0447,-0.0805,-0.2315
1271,1.271,0.0101,0.0077,-0.0343,-0.043,-0.1137,-0.2903
1272,1.272,0.001,0.0058,-0.0587,-0.0189,-0.1438,-0.2382
1273,1.273,-0.0074,0.0101,-0.0669,0.0036,-0.117,-0.2867
1274,1.274,-0.018,0.0107,-0.1392,0.0059,-0.3882,-0.8549
1275,1.275,-0.0084,0.0122,-0.1308,0.0027,-0.3525,-0.7781
1276,1.276,-0.0173,0.008,-0.0543,-0.0001,-0.1225,-0.1444
1277,1.277,-0.0164,0.0052,-0.0866,0.0107,0.0868,0.1124
1278,1.278,-0.0008,-0.0006,-0.0972,0.029,0.1144,0.191
1279,1.279,0.0102,-0.0043,-0.0553,0.0314,0.1392,0.2617
1280,1.28,0.0081,-0.0023,-0.0175,0.025,0.117,0.326
1281,1.281,-0.0162,-0.0065,0.031,0.0192,0.0968,0.152
1282,1.282,-0.0393,-0.0082,0.0361,0.0215,0.2634,0.6274
1283,1.283,-0.0123,-0.015,0.0405,0.0303,0.4203,0.8194
1284,1.284,0.0205,-0.0104,0.034,0.0384,0.1962,0.4122
1285,1.285,0.0387,-0.0091,0.0374,0.0476,-0.0329,-0.1241
1286,1.286,0.0079,-0.0117,0.0797,0.052,-0.123,-0.1786
1287,1.287,0.0118,-0.0154,0.1547,0.0536,-0.0965,-0.2277
1288,1.288,0.0082,-0.019,0.1012,0.053,-0.1214,-0.272
1289,1.289,0.0379,-0.0174,0.0904,0.0461,-0.0994,-0.233
1290,1.29,0.0417,-0.0227,0.2184,0.0419,-0.2013,-0.4136
1291,1.291,0.038,-0.0249,0.2356,0.0431,-0.4052,-0.9063
1292,1.292,0.0215,-0.0192,0.251,0.0456,-0.2699,-0.555
1293,1.293,-0.0056,-0.0186,0.0814,0.0366,-0.0476,0.022
1294,1.294,-0.0165,-0.0181,-0.0766,0.018,0.1021,0.2557
1295,1.295,-0.0068,-0.0087,-0.1795,-0.0064,0.1295,0.1865
1296,1.296,-0.0098,-0.0048,-0.3102,-0.0558,0.1542,0.2511
1297,1.297,-0.0071,-0.0086,-0.3954,-0.148,0.1321,0.3096
1298,1.298,0.0152,-0.0056,-0.2893,-0.1099,0.1118,0.257
1299,1.299,0.0123,-0.0152,-0.165,-0.052,0.3525,0.8818
1300,1.3,-0.0069,-0.0065,-0.0817,-0.0413,0.3198,0.6268
1301,1.301,-0.0093,-0.0011,-0.0367,-0.0124,0.0509,0.2389
1302,1.302,-0.016,0.0125,-0.0791,-0.0033,-0.1303,-0.255
1303,1.303,-0.0018,0.0141,-0.0422,0.005,-0.0982,-0.1924
1304,1.304,0.026,0.0055,0.0375,-0.0016,-0.1283,-0.2513
1305,1.305,0.0141,-0.0053,0.0678,0.0053,-0.1017,-0.3047
1306,1.306,-0.0114,-0.0095,0.0954,0.0231,-0.0774,-0.2571
1307,1.307,-0.0212,-0.021,0.1033,0.0288,-0.2792,-0.7376
1308,1.308,-0.0241,-0.038,0.1104,0.0533,-0.4149,-0.9298
1309,1.309,-0.0431,-0.0493,0.117,0.0934,-0.1931,-0.2901
1310,1.31,-0.0502,-0.0473,0.1229,0.0989,0.076,0.1372
1311,1.311,-0.0345,-0.0605,0.1166,0.1234,0.1127,0.216
1312,1.312,-0.0202,-0.0487,0.1003,0.1281,0.1459,0.2871
1313,1.313,-0.022,-0.0381,0.1045,0.1166,0.1164,0.3516
1314,1.314,-0.0371,-0.0286,0.091,0.1278,0.1437,0.2941
1315,1.315,-0.0391,-0.0097,0.0789,0.1314,0.1683,0.4527
1316,1.316,-0.0334,0.0093,0.0751,0.1229,0.4148,0.9815
1317,1.317,-0.0248,0.0165,0.0719,0.1096,0.2508,0.4897
1318,1.318,-0.014,0.0229,0.0633,0.1222,0.0417,0.0408
1319,1.319,0.0043,0.0413,0.0609,0.0888,-0.0946,-0.2511
1320,1.32,0.0367,0.0635,0.0441,0.0454,-0.1197,-0.1992
1321,1.321,0.0588,0.0663,0.0108,-0.0073,-0.0977,-0.2477
1322,1.322,0.0789,0.069,-0.0227,-0.0141,-0.1182,-0.2918
1323,1.323,0.097,0.0665,-0.0355,-0.0462,-0.1,-0.2524
1324,1.324,0.1069,0.0643,-0.0312,-0.0989,-0.3524,-0.7934
1325,1.325,0.0982,0.0541,-0.0344,-0.1485,-0.3887,-0.7163
1326,1.326,0.0736,0.0411,-0.024,-0.2326,-0.0929,-0.223
1327,1.327,0.0439,0.0326,-0.0146,-0.29,0.1063,0.2267
1328,1.328,0.024,0.0187,-0.0112,-0.3002,0.0709,0.2861
1329,1.329,0.006,0.0094,-0.0082,-0.3285,0.1041,0.2343
1330,1.33,-0.0037,0.0009,-0.0052,-0.3026,0.1342,0.2831
1331,1.331,-0.0064,-0.0067,-0.0022,-0.248,0.1073,0.2401
1332,1.332,-0.0144,0.003,-0.0106,-0.1839,0.2798,0.5977
1333,1.333,-0.0267,0.0068,-0.0113,-0.1236,0.3921,0.8386
1334,1.334,-0.0332,0.0171,-0.0027,-0.0846,0.1682,0.3581
1335,1.335,-0.0351,0.0076,-0.0086,-0.035,-0.041,-0.0908
1336,1.336,-0.0369,0.0014,0.0013,0.0232,-0.0687,-0.2662
1337,1.337,-0.0351,-0.0018,-0.0032,0.0621,-0.1428,-0.3195
1338,1.338,-0.0336,-0.0047,-0.0031,0.0832,-0.1207,-0.2717
1339,1.339,-0.0295,-0.0038,-0.0066,0.0893,-0.1005,-0.2282
1340,1.34,-0.0331,-0.0011,-0.003,0.1065,-0.156,-0.4264
1341,1.341,-0.0275,-0.0063,-0.0026,0.0902,-0.4084,-0.9674
1342,1.342,-0.0265,0.0045,-0.0035,0.0946,-0.3003,-0.5803
1343,1.343,-0.0238,-0.003,-0.0068,0.1075,-0.0042,0.0546
1344,1.344,-0.0179,-0.0015,-0.002,0.0952,0.1156,0.1418
1345,1.345,-0.0187,-0.0002,-0.0062,0.062,0.0802,0.2206
1346,1.346,-0.0081,-0.0033,-0.0127,0.0396,0.1134,0.2916
1347,1.347,0.0057,-0.0021,-0.013,0.0112,0.1435,0.2286
1348,1.348,0.0113,-0.0066,-0.0133,0.0072,0.1167,0.2873
1349,1.349,0.0197,-0.0056,-0.0103,0.0298,0.3385,0.8689
1350,1.35,0.0027,-0.0061,-0.0044,0.0383,0.3686,0.7924
1351,1.351,0.0005,-0.0053,-0.0039,0.0353,0.1243,0.1587
1352,1.352,-0.0138,-0.0094,-0.007,0.0277,-0.1061,-0.098
1353,1.353,-0.0157,-0.0181,-0.0096,0.0296,-0.0769,-0.1762
1354,1.354,-0.0107,-0.0242,-0.009,0.0273,-0.1043,-0.2469
1355,1.355,-0.0031,-0.0163,-0.006,0.0252,-0.129,-0.3112
1356,1.356,-0.0072,-0.0214,-0.0026,0.03,-0.1068,-0.2532
1357,1.357,-0.0186,-0.0221,0.0034,0.0251,-0.2491,-0.6226
1358,1.358,-0.0172,-0.0211,0.0156,0.0374,-0.4158,-0.8631
1359,1.359,-0.0077,-0.0232,0.0415,0.0321,-0.214,-0.3821
1360,1.36,0.0111,-0.028,0.0966,0.0274,0.0307,0.1955
1361,1.361,0.0191,-0.0283,0.0737,0.0312,0.0643,0.2748
1362,1.362,0.0117,-0.0194,-0.0044,0.0172,0.0946,0.2058
1363,1.363,0.0004,-0.0104,-0.0772,0.0114,0.1219,0.2706
1364,1.364,-0.0099,-0.0112,-0.1246,0.0061,0.0975,0.2132
1365,1.365,-0.0305,-0.0016,-0.185,0.0198,0.1647,0.3721
1366,1.366,-0.0334,0.0049,-0.1774,0.0325,0.3886,0.901
1367,1.367,-0.0013,-0.0052,-0.1421,0.0306,0.2994,0.5498
1368,1.368,0.0294,-0.0091,-0.1359,0.0073,0.0549,-0.0271
1369,1.369,0.0254,-0.0078,-0.0716,0.0103,-0.11,-0.2608
1370,1.37,0.0144,-0.0066,0.0056,0.0129,-0.0809,-0.1916
1371,1.371,0.0111,-0.0075,0.0154,0.0153,-0.1083,-0.2561
1372,1.372,0.0139,-0.0009,0.0244,0.0077,-0.1331,-0.3145
1373,1.373,0.0165,-0.0034,0.0325,0.0053,-0.111,-0.2619
1374,1.374,0.0091,-0.0026,0.0242,0.0071,-0.3349,-0.8865
1375,1.375,0.0112,0.0024,0.0306,0.0013,-0.365,-0.8017
1376,1.376,0.009,0.0019,0.0234,-0.004,-0.1208,-0.1042
1377,1.377,-0.0005,-0.001,0.0168,0.0004,0.1096,0.1783
1378,1.378,-0.0024,0.0026,0.0107,-0.0123,0.0804,0.2649
1379,1.379,-0.0103,0.0038,0.005,-0.0039,0.1077,0.3428
1380,1.38,-0.0119,0.005,0.0084,-0.0084,0.1324,0.2732
1381,1.381,-0.0059,0.0075,-0.0126,-0.0069,0.0653,0.2096
1382,1.382,-0.0004,0.0064,-0.0465,-0.0029,0.2485,0.6164
1383,1.383,0.0089,0.0115,-0.0256,-0.0103,0.4209,0.8808
1384,1.384,0.0077,0.0122,-0.0307,0.0017,0.1742,0.3519
1385,1.385,0.0107,0.0053,-0.0284,-0.0116,-0.0564,-0.1418
1386,1.386,0.0071,0.0112,-0.0286,-0.0291,-0.0965,-0.2037
1387,1.387,0.008,0.0086,-0.0269,-0.0192,-0.1268,-0.2686
1388,1.388,0.0087,0.018,-0.0196,-0.0101,-0.1543,-0.3273
1389,1.389,0.0129,0.0243,-0.0237,-0.0109,-0.1302,-0.2749
1390,1.39,0.0091,0.0187,-0.0275,-0.0144,-0.1527,-0.4193
1391,1.391,0.0013,0.0135,0.005,-0.0127,-0.4175,-0.9876
1392,1.392,0.0044,0.0181,0.0571,-0.0154,-0.3097,-0.6011
1393,1.393,0.0072,0.0156,0.0774,-0.0201,-0.014,0.0332
1394,1.394,0.0048,0.0226,0.0439,-0.03,0.1055,0.2901
1395,1.395,0.0057,0.0199,0.0019,-0.0393,0.142,0.2136
1396,1.396,-0.0034,0.0157,-0.0364,-0.0402,0.1092,0.2843
1397,1.397,-0.002,0.018,-0.0616,-0.0228,0.1391,0.2207
1398,1.398,-0.0074,0.016,-0.0671,-0.0202,0.112,0.2789
1399,1.399,-0.0229,0.0092,-0.0404,-0.0089,0.3337,0.86
1400,1.4,-0.0161,0.0065,-0.0235,-0.0027,0.3634,0.7829
1401,1.401,-0.0016,0.0007,-0.015,-0.0082,0.119,0.1489
1402,1.402,-0.0107,0.0001,-0.0134,-0.0065,-0.046,-0.1082
1403,1.403,-0.0189,0.0009,0.0101,-0.0019,-0.0767,-0.1871
1404,1.404,-0.0048,0.0004,0.0453,0.0077,-0.1042,-0.2581
1405,1.405,0.0085,-0.0036,0.0395,0.0065,-0.1292,-0.3228
1406,1.406,0.0172,-0.0113,0.0517,-0.0084,-0.1072,-0.1492
1407,1.407,0.0128,-0.0191,0.0627,-0.0105,-0.2497,-0.6251
1408,1.408,0.0115,-0.02,0.022,0.0025,-0.4166,-0.9454
1409,1.409,0.0128,-0.0135,-0.0052,0.0008,-0.2151,-0.4223
1410,1.41,0.0184,-0.0229,0.0668,-0.0099,0.0294,0.0713
1411,1.411,0.0237,-0.0191,0.1182,-0.0113,0.1285,0.2645
1412,1.412,0.0246,-0.018,0.0512,-0.0025,0.1586,0.3231
1413,1.413,0.0272,-0.0064,0.0073,0.0031,0.1317,0.2705
1414,1.414,0.0342,-0.0048,-0.0013,0.0083,0.1073,0.2225
1415,1.415,0.0335,-0.0034,0.0194,0.0092,0.1296,0.4408
1416,1.416,0.0207,0.0029,-0.0135,0.0151,0.3942,0.9569
1417,1.417,-0.0071,0.0086,-0.0081,0.0036,0.2861,0.6053
1418,1.418,-0.0031,0.0097,-0.0031,-0.015,0.0558,0.0282
1419,1.419,-0.0138,0.0105,0.0015,-0.0079,-0.094,-0.2057
1420,1.42,-0.004,0.0148,-0.056,-0.0014,-0.1217,-0.2773
1421,1.421,0.0049,0.0079,-0.0951,-0.0157,-0.1465,-0.3422
1422,1.422,0.0187,0.0015,-0.0738,-0.0139,-0.1244,-0.285
1423,1.423,0.0015,-0.0044,-0.0027,0.0012,-0.1043,-0.2328
1424,1.424,-0.0277,-0.0129,0.0447,0.0153,-0.345,-0.8576
1425,1.425,-0.0238,-0.0185,0.0534,0.0134,-0.378,-0.7732
1426,1.426,-0.013,-0.0174,0.0612,0.015,-0.1092,-0.2307
1427,1.427,0.01,-0.0148,0.0683,0.0134,0.0719,0.263
1428,1.428,-0.0171,-0.0173,0.0747,0.0147,0.1055,0.2003
1429,1.429,-0.0136,-0.0152,0.0339,0.0208,0.1356,0.2588
1430,1.43,-0.05,-0.0117,0.0288,0.0129,0.1089,0.3121
1431,1.431,-0.0839,-0.02,0.0434,0.0075,0.0846,0.1682
1432,1.432,-0.0531,-0.0169,0.0392,0.0101,0.2415,0.6485
1433,1.433,-0.0252,-0.0139,0.0994,0.0125,0.425,0.8406
1434,1.434,-0.0143,-0.0094,0.1945,0.0101,0.2033,0.4334
1435,1.435,0.0087,-0.007,0.1572,0.008,-0.0059,-0.1494
1436,1.436,0.0058,-0.0002,0.0542,-0.0016,-0.0877,-0.2285
1437,1.437,0.0194,-0.0068,0.0132,-0.003,-0.1126,-0.2998
1438,1.438,0.007,0.0009,-0.0493,-0.0042,-0.1351,-0.2366
1439,1.439,-0.0178,-0.0045,-0.1293,0.0036,-0.1148,-0.1791
1440,1.44,-0.0147,-0.0001,-0.1812,-0.0017,-0.1332,-0.3377
1441,1.441,-0.0236,-0.001,-0.1721,0.0028,-0.3854,-0.9625
1442,1.442,-0.0648,0.001,-0.129,0.0018,-0.2773,-0.5371
1443,1.443,-0.0707,0.0087,-0.1054,0.0039,-0.0468,0.0061
1444,1.444,-0.0335,0.0095,-0.1261,0.0018,0.1033,0.2186
1445,1.445,-0.0288,0.0029,-0.0929,-0.0026,0.077,0.2837
1446,1.446,-0.0068,-0.0015,-0.0036,0.0061,0.1513,0.2262
1447,1.447,0.0051,-0.0054,0.0356,0.0224,0.1294,0.2795
1448,1.448,0.0016,-0.0105,0.0718,0.0426,0.1095,0.2317
1449,1.449,-0.0082,-0.0076,0.1047,0.0507,0.3506,0.7999
1450,1.45,-0.0112,-0.0001,0.0967,0.0485,0.3838,0.723
1451,1.451,0.0022,0.0092,0.0722,0.0375,0.1153,0.23
1452,1.452,0.0093,0.0152,0.0342,0.0315,-0.0655,-0.2194
1453,1.453,0.0156,0.0119,-0.0004,0.026,-0.0987,-0.2788
1454,1.454,0.0256,0.0212,-0.0579,0.0109,-0.1286,-0.2268
1455,1.455,0.0533,0.0148,-0.1276,-0.0074,-0.1557,-0.2755
1456,1.456,0.0732,0.0091,-0.1556,-0.0245,-0.0819,-0.2323
1457,1.457,0.084,0.012,-0.1124,-0.031,-0.2386,-0.5896
1458,1.458,0.0937,0.0127,-0.0261,-0.037,-0.4217,-0.9263
1459,1.459,0.1024,0.0067,0.0318,-0.0574,-0.1997,-0.3581
1460,1.46,0.0666,0.0029,0.0633,-0.0654,0.0099,0.1852
1461,1.461,0.0229,-0.0007,0.0356,-0.0676,0.092,0.257
1462,1.462,0.0054,0.0087,0.045,-0.0609,0.1172,0.3221
1463,1.463,-0.0106,0.01,-0.0088,-0.0507,0.1402,0.2649
1464,1.464,-0.025,0.0112,-0.0721,-0.0524,0.1203,0.2125
1465,1.465,-0.0207,0.008,-0.0801,-0.0371,0.1391,0.3569
1466,1.466,-0.0009,0.0027,-0.0564,-0.0063,0.3918,0.9251
1467,1.467,0.0025,0.0036,-0.0348,0.0246,0.284,0.5385
1468,1.468,-0.0008,0.0028,-0.0023,0.0128,0.054,0.0452
1469,1.469,-0.0096,0.0081,0.0269,0.0164,-0.0955,-0.1484
1470,1.47,-0.0069,0.0032,0.064,0.0263,-0.1229,-0.2075
1471,1.471,-0.0092,0.0075,0.1172,-0.0007,-0.1475,-0.261
1472,1.472,-0.0204,0.0127,0.0531,-0.0042,-0.1253,-0.3094
1473,1.473,0.0021,0.0078,0.0101,-0.0205,-0.1049,-0.2661
1474,1.474,0.0109,-0.0004,0.0493,-0.0234,-0.3454,-0.8616
1475,1.475,-0.0138,0.0006,0.0849,0.0068,-0.3782,-0.7769
1476,1.476,-0.0106,0.0059,0.0914,0.0347,-0.1093,-0.2343
1477,1.477,-0.0077,-0.0005,0.0268,0.0383,0.0721,0.2595
1478,1.478,0.0005,0.0021,-0.0164,0.0285,0.1057,0.1971
1479,1.479,-0.0067,0.0029,-0.04,0.0314,0.136,0.2559
1480,1.48,-0.0222,0.0009,-0.0332,0.0176,0.1094,0.3093
1481,1.481,-0.0405,0.0053,0.0636,0.0299,0.0852,0.1655
1482,1.482,-0.038,0.0106,0.0216,0.0277,0.2422,0.6461
1483,1.483,-0.0268,0.0128,-0.0672,0.0134,0.4257,0.8383
1484,1.484,0.0039,0.0046,-0.1252,-0.0033,0.204,0.4313
1485,1.485,0.0259,-0.0008,-0.1568,-0.037,-0.0052,-0.0458
1486,1.486,0.0141,-0.0017,-0.072,-0.0416,-0.087,-0.2393
1487,1.487,0.0046,-0.0073,0.0101,0.0048,-0.1206,-0.2726
1488,1.488,0.0082,-0.0099,0.1818,0.018,-0.1453,-0.3313
1489,1.489,0.0049,-0.0106,0.5013,0.0299,-0.1231,-0.2789
1490,1.49,0.0019,-0.0174,0.282,0.0334,-0.1434,-0.4231
1491,1.491,-0.0229,-0.0164,0.0034,0.0366,-0.4211,-0.9911
1492,1.492,-0.046,-0.0034,-0.1776,0.0394,-0.3023,-0.6045
1493,1.493,-0.0434,-0.0014,-0.3423,0.0367,-0.0492,0.0299
1494,1.494,-0.0409,-0.0029,-0.4922,0.0342,0.1156,0.2868
1495,1.495,-0.0733,0.0048,-0.5744,0.0319,0.0864,0.2105
1496,1.496,-0.0867,0.0009,-0.5998,0.0134,0.1139,0.2814
1497,1.497,-0.0348,-0.0078,-0.4886,-0.0239,0.0896,0.2178
1498,1.498,0.0717,-0.0044,-0.2247,-0.104,0.1121,0.2759
1499,1.499,0.1479,-0.0054,-0.045,-0.0926,0.336,0.857
1500,1.5,0.1062,-0.0061,0.1185,-0.0405,0.3661,0.78
1501,1.501,0.0685,-0.0119,0.2073,-0.0122,0.1218,0.2869
1502,1.502,0.0341,-0.0017,0.2338,-0.021,-0.043,-0.1624
1503,1.503,0.0242,-0.0003,0.2087,-0.0288,-0.0735,-0.2219
1504,1.504,-0.0228,-0.009,0.4096,-0.0218,-0.1009,-0.2755
1505,1.505,-0.031,-0.0144,0.5443,-0.0156,-0.1258,-0.3241
1506,1.506,-0.0229,-0.0174,0.3215,-0.01,-0.1037,-0.1935
1507,1.507,-0.0154,-0.0146,0.1714,0.0057,-0.2461,-0.6303
1508,1.508,-0.0086,-0.0137,0.035,0.0008,-0.4129,-0.9211
1509,1.509,-0.014,-0.0084,-0.1381,0.005,-0.2113,-0.4454
1510,1.51,-0.0296,-0.0035,-0.2057,0.0009,0.0333,0.0039
1511,1.511,-0.0247,0.0007,-0.2265,-0.0028,0.0668,0.1798
1512,1.512,-0.0289,0.0072,-0.2454,0.0002,0.097,0.339
1513,1.513,0.0233,0.0029,-0.0607,0.0029,0.1242,0.2917
1514,1.514,0.0589,-0.0086,0.0622,-0,0.1489,0.2484
1515,1.515,0.0397,-0.0036,0.0841,0.007,0.1267,0.3673
1516,1.516,-0.0368,-0.0022,0.1447,0.0047,0.3912,0.9085
1517,1.517,-0.0679,0.0047,0.1999,0.0024,0.2832,0.6767
1518,1.518,-0.0584,0.0083,0.1829,0.0041,0.0528,0.0422
1519,1.519,-0.067,0.0114,0.0755,0.0192,-0.097,-0.2147
1520,1.52,-0.0279,0.0208,-0.0223,0.017,-0.0706,-0.2931
1521,1.521,0.0076,0.0195,-0.0861,0.0112,-0.1448,-0.2235
1522,1.522,0.0141,0.0137,-0.0288,0.0161,-0.1228,-0.2879
1523,1.523,-0.0032,0.0063,-0.0392,0.0204,-0.1027,-0.2301
1524,1.524,0.0023,0.0069,-0.0486,0.0162,-0.3435,-0.8112
1525,1.525,0.0072,0.0093,-0.0396,0.0123,-0.3766,-0.7343
1526,1.526,0.003,-0.001,0.0001,0.0044,-0.1079,-0.2413
1527,1.527,-0.0008,-0.0109,0.0505,0.0137,0.0731,0.208
1528,1.528,-0.0188,-0.0149,0.0316,0.0148,0.1065,0.2676
1529,1.529,-0.0286,-0.0049,0.0143,0.0157,0.1366,0.3211
1530,1.53,-0.0257,-0.0038,-0.0016,0.0062,0.1639,0.2737
1531,1.531,0.0155,-0.0078,0.0322,-0.0078,0.0902,0.2304
1532,1.532,0.0685,-0.0025,0.0455,-0.0284,0.247,0.5879
1533,1.533,0.104,0.0002,0.0896,-0.0532,0.4303,0.9246
1534,1.534,0.0848,-0.0028,0.0253,-0.0831,0.2085,0.4439
1535,1.535,0.0556,-0.0056,0.0171,-0.0553,-0.0608,-0.1331
1536,1.536,0.0505,-0.0022,0.0411,-0.0302,-0.0976,-0.2119
1537,1.537,0.0748,0.0039,0.0064,-0.0205,-0.131,-0.2829
1538,1.538,0.0968,0.001,-0.0119,0.0001,-0.1611,-0.3475
1539,1.539,0.0689,-0.0078,-0.0637,0.0137,-0.1344,-0.2898
1540,1.54,0.0653,-0.0137,-0.1408,0.026,-0.11,-0.3427
1541,1.541,0.0555,-0.0088,-0.0878,0.0326,-0.4015,-0.9674
1542,1.542,0.0643,-0.0136,0.055,0.0264,-0.2828,-0.5419
1543,1.543,0.0616,-0.008,0.1571,0.0171,-0.03,0.0014
1544,1.544,0.0543,0.0017,0.102,0.0119,0.0691,0.214
1545,1.545,0.0477,0.0055,0.052,0.0133,0.0994,0.2794
1546,1.546,0.0703,-0.0086,0.0066,0.0062,0.1267,0.3383
1547,1.547,0.0254,-0.007,-0.0624,0.0049,0.1023,0.2861
1548,1.548,-0.0588,-0.0089,-0.0491,0.0014,0.08,0.2384
1549,1.549,-0.1391,-0.0198,-0.1285,0.0002,0.3445,0.8066
1550,1.55,-0.1909,-0.0187,-0.1168,-0.0084,0.3807,0.7299
1551,1.551,-0.2762,-0.0177,-0.087,-0.0162,0.1505,0.2371
1552,1.552,-0.2647,-0.0008,0.0092,-0.0171,-0.0589,-0.212
1553,1.553,-0.1709,-0.0034,0.0228,-0.0105,-0.0867,-0.2714
1554,1.554,-0.1078,-0.0058,0.1271,0.0008,-0.1116,-0.3249
1555,1.555,-0.1424,-0.012,0.1693,0.0116,-0.1343,-0.2774
1556,1.556,-0.0905,-0.0066,0.0815,0.0105,-0.1143,-0.234
1557,1.557,-0.0433,0.0051,0.0013,0.0195,-0.207,-0.5913
1558,1.558,-0.0176,0.0096,-0.0922,0.0119,-0.426,-0.9279
1559,1.559,0.0056,0.022,-0.0542,0.0195,-0.2176,-0.4471
1560,1.56,0.0267,0.0135,-0.0884,0.0301,0.027,0.1301
1561,1.561,0.033,0.0058,-0.0987,0.0289,0.126,0.209
1562,1.562,0.0385,0.0098,-0.127,0.0304,0.0966,0.2801
1563,1.563,0.0648,0.016,-0.0666,0.034,0.1237,0.3449
1564,1.564,0.0888,0.0056,-0.0587,0.0375,0.0993,0.2873
1565,1.565,0.1019,0.0097,-0.0371,0.0387,0.1665,0.3405
1566,1.566,0.0817,0.0134,-0.0304,0.0313,0.3903,0.9654
1567,1.567,0.0634,0.0144,0.0581,0.0264,0.301,0.5401
1568,1.568,0.0664,0.0049,0.2481,0.0276,0.0564,-0.0026
1569,1.569,0.0391,0.0038,0.2756,0.0151,-0.1085,-0.2148
1570,1.57,0.0061,0.0116,0.0049,-0.0126,-0.0794,-0.2796
1571,1.571,-0.0247,0.0169,-0.1032,-0.0162,-0.161,-0.3383
1572,1.572,-0.0446,0.0233,-0.2016,-0.0267,-0.1368,-0.2859
1573,1.573,-0.0411,0.0259,-0.2908,-0.0166,-0.1147,-0.2381
1574,1.574,-0.0247,0.0344,-0.3719,-0.0251,-0.3387,-0.8061
1575,1.575,0.0023,0.0335,-0.2981,-0.0222,-0.3688,-0.7292
1576,1.576,0.0495,0.0221,-0.0967,-0.0343,-0.1246,-0.2362
1577,1.577,0.0945,0.0145,0.0926,-0.0498,0.0402,0.213
1578,1.578,0.0652,0.0077,0.1658,-0.0354,0.13,0.2724
1579,1.579,0.0278,0.0015,0.2322,-0.0111,0.1032,0.3259
1580,1.58,0.0133,0.0094,0.1707,-0.0142,0.1279,0.2784
1581,1.581,0.0089,0.0126,0.078,-0.0229,0.1057,0.235
1582,1.582,0.0207,0.0063,-0.0061,-0.0309,0.2073,0.5924
1583,1.583,0.0098,-0.0014,-0.1132,0.0015,0.411,0.9289
1584,1.584,-0.0001,-0.0043,-0.1826,0.0324,0.2213,0.4482
1585,1.585,0.0026,-0.0015,-0.1706,0.0285,-0.0012,-0.129
1586,1.586,0.0162,-0.0005,-0.1832,0.0177,-0.0914,-0.208
1587,1.587,0.0283,-0.0103,-0.1117,0.021,-0.119,-0.2793
1588,1.588,0.0352,-0.0051,0.0008,-0.0138,-0.1327,-0.2937
1589,1.589,0.0057,-0.0119,0.0283,-0.0467,-0.1084,-0.2304
1590,1.59,-0.0062,-0.0129,0.0536,-0.0068,-0.1309,-0.405
1591,1.591,-0.0242,-0.0138,0.0768,-0.0015,-0.3956,-0.9865
1592,1.592,-0.0207,-0.0106,0.0417,0.0034,-0.2877,-0.6
1593,1.593,-0.0233,-0.0169,0.0489,0.0343,-0.0575,-0.1066
1594,1.594,-0.048,-0.0193,0.0669,0.0543,0.0922,0.2146
1595,1.595,-0.0513,-0.0292,0.1151,0.0508,0.1198,0.2736
1596,1.596,-0.0485,-0.0221,0.0957,0.041,0.1446,0.3268
1597,1.597,-0.0405,-0.0157,0.0309,0.0322,0.1224,0.2792
1598,1.598,-0.0282,-0.01,-0.0126,-0.0035,0.1021,0.2357
1599,1.599,-0.0081,-0.0068,-0.0051,-0.0666,0.3428,0.7516
1600,1.6,0.0108,-0.0002,0.1012,-0.0754,0.3758,0.8222
1601,1.601,0.0083,-0.0025,0.1773,-0.0522,0.107,0.2456
1602,1.602,0.0059,-0.0123,0.2186,-0.0454,-0.0741,-0.1432
1603,1.603,0.016,-0.0107,0.2814,-0.0651,-0.1076,-0.2152
1604,1.604,0.029,-0.0093,0.2696,-0.0481,-0.1378,-0.2802
1605,1.605,0.0511,-0.008,0.1129,-0.0221,-0.1111,-0.339
1606,1.606,0.0601,-0.013,-0.0892,-0.018,-0.0868,-0.1812
1607,1.607,0.0466,-0.0136,-0.171,-0.0317,-0.1988,-0.6139
1608,1.608,0.0097,-0.0005,-0.1963,-0.0204,-0.4228,-0.905
1609,1.609,-0.0165,0.0053,-0.0401,-0.0028,-0.2143,-0.4294
1610,1.61,0.0372,0.0072,-0.0608,-0.0261,0.0303,0.1476
1611,1.611,0.0732,-0.0002,-0.0053,-0.0654,0.1295,0.2264
1612,1.612,0.0285,-0.007,0.0117,-0.0813,0.1002,0.2975
1613,1.613,-0.0004,-0.0081,-0.003,-0.0376,0.1275,0.234
1614,1.614,-0.0161,0.0024,-0.044,-0.0083,0.1032,0.1763
1615,1.615,-0.0112,0.0011,-0.1318,-0.0032,0.1255,0.3347
1616,1.616,-0.0154,-0.005,-0.1889,0.0111,0.3902,0.8633
1617,1.617,-0.0352,0.0029,-0.1784,0.0417,0.2822,0.5119
1618,1.618,-0.0531,0.0041,-0.1307,0.0533,0.0521,-0.0651
1619,1.619,-0.0761,0.0127,-0.0007,0.035,-0.0977,-0.1443
1620,1.62,-0.0911,0.0118,-0.0926,0.025,-0.1253,-0.2159
1621,1.621,-0.0554,0.0067,-0.1091,0.0277,-0.1011,-0.2807
1622,1.622,-0.0313,0.006,-0.063,0.0301,-0.1237,-0.2233
1623,1.623,0.0172,0.0019,0.0067,0.0372,-0.1035,-0.171
1624,1.624,0.0495,-0.0016,0.1458,0.0526,-0.3443,-0.7957
1625,1.625,0.0321,-0.0064,0.2014,0.0586,-0.3773,-0.7111
1626,1.626,0.0163,-0.0058,0.2856,0.0604,-0.1085,-0.1687
1627,1.627,0.002,-0.004,0.3316,0.0519,0.0726,0.1846
1628,1.628,-0.0199,0.0039,0.1235,0.0318,0.1062,0.2499
1629,1.629,-0.0318,0.0165,-0.1443,0.0127,0.1364,0.3087
1630,1.63,0.001,0.0149,-0.2518,-0.0046,0.1097,0.2564
1631,1.631,0.0318,0.0073,-0.2184,0.0066,0.0853,0.2086
1632,1.632,0.0518,0.0144,-0.1884,0.0006,0.1974,0.6018
1633,1.633,0.041,0.0082,0.11,-0.0012,0.4214,0.8662
1634,1.634,0.0378,0.0072,0.4677,0.0176,0.2129,0.4335
1635,1.635,0.0465,0.0021,0.5163,0.0154,-0.0317,-0.0912
1636,1.636,0.0436,0.0067,0.3861,0.009,-0.1308,-0.1631
1637,1.637,0.0062,0.011,0.0296,0.0071,-0.1015,-0.2282
1638,1.638,-0.074,0.0133,-0.2096,-0.0094,-0.1288,-0.287
1639,1.639,-0.2006,0.0169,-0.4268,-0.0248,-0.1045,-0.2348
1640,1.64,-0.2174,0.0186,-0.7033,-0.0308,-0.1269,-0.3792
1641,1.641,-0.1716,0.0274,-0.666,-0.0324,-0.3915,-0.9474
1642,1.642,-0.0187,0.0212,-0.3694,-0.0305,-0.2835,-0.5608
1643,1.643,0.0421,0.0087,-0.0904,-0.0164,-0.0532,-0.0673
1644,1.644,0.0975,0.0037,0.0911,-0.018,0.0965,0.2542
1645,1.645,0.047,-0.0039,0.125,-0.0195,0.1242,0.1973
1646,1.646,0.0318,-0.0052,0.1558,-0.0086,0.1491,0.2507
1647,1.647,0.0456,-0.0064,0.1296,0.0012,0.127,0.2994
1648,1.648,0.033,-0.0095,0.1548,0.0204,0.1069,0.1689
1649,1.649,0.0445,-0.0189,0.133,0.0617,0.3477,0.7644
1650,1.65,0.0341,-0.0226,0.1537,0.1028,0.3807,0.8498
1651,1.651,0.0436,-0.0328,0.1727,0.1295,0.112,0.3074
1652,1.652,0.0522,-0.048,0.1565,0.1636,-0.0692,-0.1862
1653,1.653,0.0445,-0.0499,0.1723,0.177,-0.1027,-0.2516
1654,1.654,0.0232,-0.0368,0.2145,0.1572,-0.1328,-0.3104
1655,1.655,0.0039,-0.025,0.2527,0.1028,-0.1601,-0.2583
1656,1.656,-0.0018,-0.0111,0.2185,0.0484,-0.0865,-0.2107
1657,1.657,-0.0283,0.0094,0.1038,-0.0296,-0.1985,-0.6039
1658,1.658,-0.0427,0.0176,-0.0339,-0.1233,-0.4224,-0.9739
1659,1.659,-0.056,0.03,-0.2376,-0.1861,-0.2139,-0.4451
1660,1.66,-0.0361,0.0412,-0.3731,-0.2434,-0.0235,0.0487
1661,1.661,0.004,0.0311,-0.3976,-0.2328,0.1004,0.2423
1662,1.662,0.0627,0.0181,-0.3304,-0.1853,0.1232,0.3013
1663,1.663,0.0861,0.0062,-0.1882,-0.1074,0.1438,0.2493
1664,1.664,0.0647,0.0017,0.0153,-0.0551,0.1255,0.2018
1665,1.665,0.0063,-0.0053,0.0963,-0.0075,0.1089,0.3329
1666,1.666,0.0141,-0.0166,0.0715,0.0187,0.3385,0.9287
1667,1.667,0.0496,-0.0243,0.0041,0.0267,0.3058,0.6737
1668,1.668,0.0688,-0.0147,-0.0165,0.0056,0.0368,0.1307
1669,1.669,0.0158,-0.021,0.0389,-0.0006,-0.072,-0.2224
1670,1.67,-0.0055,-0.02,0.022,0.0288,-0.1054,-0.2874
1671,1.671,-0.012,-0.0043,0.0065,0.0448,-0.1355,-0.23
1672,1.672,-0.0294,-0.0066,0.0201,-0.0084,-0.1087,-0.2833
1673,1.673,-0.0345,-0.0006,0.1081,-0.0439,-0.0843,-0.2354
1674,1.674,-0.0392,-0.0025,0.2114,-0.0503,-0.3308,-0.8033
1675,1.675,-0.0346,-0.0077,0.2251,0.0144,-0.3638,-0.881
1676,1.676,-0.0146,-0.0062,0.1112,0.023,-0.155,-0.2472
1677,1.677,-0.011,-0.0103,0.0345,0.0152,0.0354,0.1801
1678,1.678,-0.0141,0.001,-0.0075,0.008,0.1098,0.2589
1679,1.679,-0.0412,-0.0006,-0.0206,0.0015,0.1326,0.33
1680,1.68,-0.0519,-0.0019,0.082,-0.0161,0.1531,0.2667
1681,1.681,-0.0486,-0.0032,0.0115,-0.011,0.0978,0.209
1682,1.682,-0.0277,0.0046,-0.1537,-0.0159,0.2156,0.5788
1683,1.683,0.0135,-0.0007,-0.2217,-0.0029,0.4147,0.9155
1684,1.684,0.0901,0.002,-0.202,0.0008,0.2251,0.4349
1685,1.685,0.0799,-0.0006,-0.2208,0.0041,0.0027,-0.0142
1686,1.686,0.0136,0.0093,-0.238,0.0137,-0.0873,-0.19
1687,1.687,-0.0294,0.0189,-0.2236,0.0106,-0.1149,-0.2438
1688,1.688,-0.0372,0.0327,-0.2386,0.0022,-0.1397,-0.2925
1689,1.689,-0.0445,0.023,-0.1704,-0.0004,-0.1282,-0.2435
1690,1.69,-0.0517,0.021,-0.1341,0.0166,-0.1059,-0.3746
1691,1.691,-0.0195,0.0125,-0.1241,0.023,-0.411,-0.9703
1692,1.692,0.0098,0.0048,-0.0733,0.0207,-0.2803,-0.7153
1693,1.693,-0.0059,-0.0022,-0.008,0.0222,-0.0813,-0.0176
1694,1.694,-0.0201,-0.001,0.0516,0.027,0.0999,0.265
1695,1.695,-0.0067,-0.0021,0.0744,0.0222,0.1334,0.1811
1696,1.696,0.0213,0.0008,0.1095,0.0205,0.104,0.2591
1697,1.697,0.0179,-0.002,0.1934,0.0064,0.1314,0.3297
1698,1.698,0.0212,-0.0046,0.2045,0.0005,0.107,0.2661
1699,1.699,0.0125,-0.0069,0.1522,-0.0047,0.3087,0.7892
1700,1.7,-0.0011,-0.005,0.0666,0.0027,0.3902,0.7195
1701,1.701,0.0013,-0.0034,0.0088,0.0096,0.1682,0.2713
1702,1.702,-0.0052,0.0053,0.0187,0.0083,-0.1011,-0.137
1703,1.703,-0.0032,0.0089,0.0088,0.0115,-0.1378,-0.1913
1704,1.704,-0.005,0.0033,-0.0003,0.0104,-0.1053,-0.2402
1705,1.705,-0,0.0105,0.0225,0.0111,-0.1353,-0.2845
1706,1.706,0.0014,0.0059,0.0432,0.0118,-0.1084,-0.2453
1707,1.707,0.0194,0.0084,0.0619,0.0078,-0.1821,-0.5703
1708,1.708,0.0121,-0.0031,0.0554,0.0054,-0.4286,-0.9637
1709,1.709,-0.0083,-0.015,0.0599,0.0034,-0.2645,-0.4881
1710,1.71,-0.0111,-0.0134,0.0734,-0.0022,0.0047,0.089
1711,1.711,-0.0089,-0.0009,0.0681,0.0024,0.1136,0.1679
1712,1.712,-0.0067,0.0075,0.0954,-0.0008,0.147,0.2391
1713,1.713,-0.0047,0.0059,0.0842,0.0032,0.1175,0.3037
1714,1.714,-0.0028,0.0099,0.0477,-0.0026,0.1449,0.2461
1715,1.715,0.009,0.016,0.0139,-0.0018,0.1205,0.4046
1716,1.716,-0.005,0.0149,0.0008,-0.0009,0.4119,0.9332
1717,1.717,0.0042,0.0053,-0.011,-0.0024,0.2932,0.5819
1718,1.718,0.0125,0.004,-0.0001,-0.0039,0.0403,0.1331
1719,1.719,0.0018,0.005,0.0297,-0.0002,-0.0588,-0.159
1720,1.72,0.0085,0.0018,0.026,0.0042,-0.089,-0.213
1721,1.721,0.0046,0.0026,0.0008,0.0039,-0.1164,-0.2619
1722,1.722,0.0076,-0.0033,-0.0153,0.0057,-0.1411,-0.3061
1723,1.723,0.0085,-0.0118,-0.0001,0.0047,-0.1189,-0.1876
1724,1.724,0.0092,-0.0243,-0.0079,-0.0016,-0.302,-0.729
1725,1.725,0.0099,-0.0192,-0.01,-0.0041,-0.376,-0.8069
1726,1.726,0.006,-0.0238,-0.003,-0.0014,-0.1292,-0.3141
1727,1.727,0.0024,-0.0278,-0.0089,-0.0018,0.0357,0.1353
1728,1.728,-0.0071,-0.0165,-0.0105,-0.0036,0.1257,0.1946
1729,1.729,-0.0059,-0.0088,0.0048,0.0009,0.099,0.2483
1730,1.73,-0.0048,-0.0102,0.003,0.0028,0.1238,0.297
1731,1.731,-0.0081,-0.0164,0.0053,0.0005,0.1017,0.1664
1732,1.732,-0.0154,-0.0132,0.0039,0.0019,0.2035,0.5238
1733,1.733,-0.0128,-0.0038,-0.0005,0.0059,0.4073,0.8603
1734,1.734,-0.0068,-0.0001,-0.0042,0.0046,0.2178,0.467
1735,1.735,-0.0015,-0.0034,-0.0026,0.0052,-0.0047,-0.0102
1736,1.736,-0.0064,0.0038,0.0035,0.0015,-0.0947,-0.2037
1737,1.737,0.0004,0.0102,0.0113,-0.0009,-0.1222,-0.2628
1738,1.738,0.0068,0.0126,0.0074,-0.0029,-0.1471,-0.3163
1739,1.739,0.0075,0.0026,0.0055,0.0037,-0.125,-0.2687
1740,1.74,-0.001,-0.0099,0.0178,0.0048,-0.1048,-0.3126
1741,1.741,0.0045,-0.0082,0.044,0.0144,-0.3826,-0.9083
1742,1.742,0.0075,-0.0036,0.0995,0.0259,-0.3432,-0.6534
1743,1.743,0.0101,0.0033,0.0299,0.0306,-0.0903,-0.1105
1744,1.744,0.0093,0.007,-0.0735,0.0376,0.0746,0.2428
1745,1.745,0.0041,0.0061,-0.1142,0.0188,0.105,0.3081
1746,1.746,-0.0037,0.0113,-0.1257,-0.0002,0.1324,0.2507
1747,1.747,-0.0131,0.0122,-0.1823,-0.0225,0.1572,0.304
1748,1.748,-0.0142,0.0131,-0.2126,-0.0313,0.0902,0.1601
1749,1.749,-0.0017,0.0125,-0.1456,-0.0504,0.3141,0.7281
1750,1.75,0.0102,0.0219,-0.0329,-0.0576,0.4036,0.8058
1751,1.751,-0.0037,0.0132,-0.0174,-0.0554,0.1595,0.313
1752,1.752,-0.0055,0.0165,-0.0033,-0.0453,-0.071,-0.1362
1753,1.753,0.0098,0.005,0.0346,-0.0323,-0.1015,-0.1956
1754,1.754,0.0119,0.0066,0.0463,-0.0238,-0.1289,-0.2493
1755,1.755,0.0026,-0.0002,0.0569,-0.007,-0.1537,-0.2978
1756,1.756,-0.0024,-0.0013,0.0288,-0.0005,-0.0866,-0.2546
1757,1.757,-0.0008,-0.0067,0.0204,-0.0026,-0.1883,-0.5325
1758,1.758,-0.0021,0.0006,0.0129,-0.0046,-0.4291,-0.9297
1759,1.759,0.0144,0.0129,0.0201,0.0004,-0.265,-0.454
1760,1.76,0.0032,0.0214,-0.0251,0.0018,0.0041,0.1233
1761,1.761,-0.0028,0.02,-0.0546,0.003,0.113,0.2025
1762,1.762,-0.0047,0.0131,-0.039,0.0091,0.1463,0.2736
1763,1.763,-0.003,0.0069,-0.0151,0.0079,0.1169,0.3383
1764,1.764,-0.0044,0.0147,-0.0111,0.0025,0.1442,0.2808
1765,1.765,0.0053,0.0137,0.0246,0.0031,0.1198,0.334
1766,1.766,0.0142,0.0129,0.0198,0.0072,0.4111,0.8628
1767,1.767,0.0199,0,0.0241,0.0033,0.2924,0.6523
1768,1.768,0.0105,-0.013,-0.0122,-0.0019,0.0395,0.0756
1769,1.769,0.0117,-0.0181,-0.0464,0.0022,-0.0597,-0.1581
1770,1.77,0.004,-0.0196,-0.0423,-0.0009,-0.0901,-0.2295
1771,1.771,-0.0074,-0.0156,-0.0228,-0.0017,-0.1175,-0.2942
1772,1.772,-0.0149,-0.0193,0.0167,0.005,-0.1423,-0.2368
1773,1.773,-0.0108,-0.0249,0.0427,-0.0005,-0.0754,-0.1844
1774,1.774,-0.0119,-0.0219,0.0374,-0.0053,-0.2993,-0.809
1775,1.775,-0.015,-0.0247,0.0059,-0.0064,-0.3889,-0.8944
1776,1.776,-0.0139,-0.0239,0.0012,-0.0029,-0.1447,-0.1972
1777,1.777,-0.0036,-0.0124,0.0182,-0.0052,0.0857,0.0853
1778,1.778,0.009,0.0062,0.0075,-0.0037,0.1161,0.1718
1779,1.779,0.0107,0.0134,-0.0382,0.0001,0.1435,0.25
1780,1.78,-0.0031,0.0112,-0.0197,0.0014,0.1191,0.321
1781,1.781,-0.0161,0.0254,-0.0028,0.0054,0.0521,0.2576
1782,1.782,-0.0076,0.0383,-0.0512,0.014,0.1944,0.5482
1783,1.783,0.0063,0.0366,-0.0706,0.0075,0.4352,0.9182
1784,1.784,0.0156,0.0259,-0.0652,0.0041,0.2054,0.4858
1785,1.785,0.0139,0.0189,-0.0395,0.005,-0.0039,-0.0386
1786,1.786,0.0032,0.01,-0.0259,0.0003,-0.0859,-0.2509
1787,1.787,0.0128,-0.0004,-0.0135,-0.0023,-0.111,-0.3158
1788,1.788,0.014,-0.0131,-0.0024,0.0028,-0.1337,-0.2584
1789,1.789,0.0016,-0.0352,0.0007,0.0134,-0.1137,-0.3115
1790,1.79,0.0096,-0.0408,-0.0016,0.0042,-0.1146,-0.3104
1791,1.791,0.0181,-0.0261,0.0016,0.0026,-0.3924,-0.9349
1792,1.792,-0.0019,-0.0453,-0.0011,0.0012,-0.3531,-0.6798
1793,1.793,-0.032,-0.0381,-0.0094,0.0049,-0.1003,-0.1369
1794,1.794,-0.036,-0.0316,-0.0121,0.0039,0.0646,0.2165
1795,1.795,-0.018,-0.0175,0.0209,0.0092,0.0949,0.2816
1796,1.796,-0.0017,-0.0158,0.0443,0.0065,0.1224,0.3405
1797,1.797,0.0012,-0.021,0.0482,0.0108,0.1472,0.2882
1798,1.798,0.0094,-0.0256,0.0676,0.0071,0.0802,0.2406
1799,1.799,-0.0078,-0.0217,0.122,0.0036,0.304,0.7211
1800,1.8,-0.0144,-0.008,0.1296,0.0006,0.3935,0.7855
1801,1.801,-0.0125,-0.0026,0.0511,0.0012,0.1494,0.2619
1802,1.802,-0.0219,-0.001,-0.001,0.0048,-0.0812,-0.0912
1803,1.803,-0.0135,-0.0057,-0.0671,0.0101,-0.1117,-0.2843
1804,1.804,-0.0029,-0.0128,-0.0583,0.0123,-0.1392,-0.2271
1805,1.805,-0.0044,-0.0092,-0.0504,0.0156,-0.164,-0.2805
1806,1.806,0.0018,0.0033,-0.0715,0.0154,-0.0971,-0.2329
1807,1.807,0.0074,0.0083,0.013,0.0142,-0.1988,-0.5388
1808,1.808,0.0127,0.0067,0.0937,0.0084,-0.4026,-1.0552
1809,1.809,0.023,0.0163,0.1044,0.0046,-0.2131,-0.563
1810,1.81,0.0187,0.0328,0.1143,0.0057,0.0093,0.1421
1811,1.811,0.0019,0.0262,0.1061,0.011,0.0994,0.2373
1812,1.812,-0.0141,0.0364,0.0516,0.0098,0.1269,0.3234
1813,1.813,-0.0288,0.0384,-0.0551,0.012,0.1517,0.2467
1814,1.814,-0.0236,0.0266,-0.1926,0.0046,0.1297,0.3174
1815,1.815,-0.0054,0.0282,-0.1736,-0.0005,0.1095,0.3816
1816,1.816,0.0166,0.027,-0.0888,0.0072,0.3874,0.9048
1817,1.817,0.0134,0.0183,-0.0117,0.0069,0.348,0.6942
1818,1.818,-0.0061,0.0174,0.0029,0.0098,0.0951,0.1174
1819,1.819,-0.0188,0.0102,0.0414,0.0096,-0.0698,-0.1164
1820,1.82,-0.0124,0.0095,0.0766,0.0107,-0.1001,-0.1879
1821,1.821,-0.0062,0.0038,0.0669,0.0107,-0.1276,-0.2526
1822,1.822,-0.0153,0.0046,0.0389,0.0058,-0.1033,-0.3114
1823,1.823,-0.0066,0.0041,0.0652,0.0056,-0.0812,-0.2589
1824,1.824,0.0044,0.0049,0.1829,0.009,-0.305,-0.7875
1825,1.825,0.0199,-0.0013,0.2338,0.0053,-0.3945,-0.8582
1826,1.826,0.0262,0.0049,0.0966,0.0042,-0.1504,-0.2822
1827,1.827,0.0022,0.0046,0.0048,0.0015,0.08,0.1065
1828,1.828,-0.0008,-0.0015,-0.0448,-0.0047,0.1106,0.178
1829,1.829,-0.0094,0.0031,-0.1202,-0.0052,0.1381,0.2427
1830,1.83,-0.0065,0.015,-0.2443,0.0029,0.1138,0.3013
1831,1.831,0.0108,0.0204,-0.2938,0.0063,0.0917,0.2489
1832,1.832,0.0173,0.0193,-0.1245,-0.0074,0.1934,0.4893
1833,1.833,0.0358,0.0127,0.1676,-0.0377,0.4343,0.8828
1834,1.834,0.0286,0.0168,0.1289,-0.0329,0.2703,0.5131
1835,1.835,0.0176,0.0203,0.1655,-0.0288,0.0012,-0.0168
1836,1.836,-0.0048,0.0134,0.0676,-0.0177,-0.1077,-0.2292
1837,1.837,-0.0255,0.011,-0.1407,-0.0077,-0.1409,-0.2942
1838,1.838,-0.0391,0.0053,-0.1676,0.0013,-0.1114,-0.2369
1839,1.839,-0.0166,-0.0044,-0.2904,-0.0066,-0.1386,-0.2902
1840,1.84,0.0165,-0.0056,-0.3123,-0.0087,-0.1142,-0.3385
1841,1.841,0.0387,-0.0116,-0.0468,-0.0241,-0.4055,-0.9065
1842,1.842,0.059,-0.0124,0.0627,-0.0179,-0.366,-0.6747
1843,1.843,0.0412,-0.005,0.2284,-0.0086,-0.1131,-0.0405
1844,1.844,-0.0081,0.0037,0.26,-0.0135,0.0517,0.2166
1845,1.845,-0.0434,0.0095,0.1261,-0.0211,0.0822,0.2953
1846,1.846,-0.0626,0.0045,0.0535,-0.0114,0.1096,0.2259
1847,1.847,-0.0569,0.0093,-0.0573,0.0075,0.1345,0.2904
1848,1.848,0.0017,0.0207,0.0453,0.0102,0.1124,0.2326
1849,1.849,0.0409,0.007,0.0643,0.0174,0.2957,0.7083
1850,1.85,0.0197,-0.0058,-0.0531,0.0017,0.4191,0.7726
1851,1.851,0.0264,-0.0073,-0.1291,-0.0045,0.1726,0.2489
1852,1.852,0.0442,-0.0148,-0.0313,-0.0066,-0.0578,-0.1043
1853,1.853,0.0393,-0.0216,0.0323,-0.0152,-0.0881,-0.1696
1854,1.854,-0.0332,-0.0277,-0.0247,-0.026,-0.1154,-0.2285
1855,1.855,-0.0641,-0.0308,-0.0552,-0.0221,-0.1402,-0.2819
1856,1.856,-0.0544,-0.0317,0.0306,-0.021,-0.118,-0.2342
1857,1.857,-0.011,-0.0325,-0.0726,-0.0316,-0.1789,-0.54
1858,1.858,0.1067,-0.0317,-0.114,-0.0331,-0.4196,-0.9769
1859,1.859,0.191,-0.0432,-0.0761,-0.0421,-0.2555,-0.4538
1860,1.86,0.2064,-0.0483,0.0968,-0.0368,0.0137,0.0399
1861,1.861,0.165,-0.0467,0.2202,-0.0214,0.1226,0.2336
1862,1.862,0.0768,-0.0316,0.0636,-0.0014,0.0903,0.2928
1863,1.863,0.0194,-0.0214,-0.1197,0.001,0.1205,0.2409
1864,1.864,0.0092,-0.0159,-0.1447,-0.0116,0.0937,0.2895
1865,1.865,-0.0002,-0.0076,-0.0333,-0.0008,0.1184,0.3334
1866,1.866,0.043,-0.0032,-0.1355,0.009,0.4098,0.9291
1867,1.867,0.004,-0.0047,-0.0804,0.0068,0.2911,0.6744
1868,1.868,-0.1027,-0.0012,-0.0639,0.0183,0.1104,0.1317
1869,1.869,-0.271,-0.007,0.0737,0.0255,-0.0544,-0.2216
1870,1.87,-0.2934,-0.0062,0.1662,0.0211,-0.0848,-0.159
1871,1.871,-0.2325,-0.0019,0.1829,0.0244,-0.1122,-0.3339
1872,1.872,-0.214,-0.01,0.198,0.0272,-0.137,-0.2816
1873,1.873,-0.1636,-0.026,0.1007,0.0299,-0.0699,-0.2339
1874,1.874,-0.0564,-0.0286,0.0124,0.0322,-0.2938,-0.7144
1875,1.875,-0.0426,-0.0269,-0.068,0.0377,-0.3833,-0.9067
1876,1.876,-0.0301,-0.018,-0.1619,0.0395,-0.1935,-0.2665
1877,1.877,0.0044,-0.0066,-0.2506,0.0314,0.029,0.161
1878,1.878,0.0355,0.0069,-0.2167,0.0153,0.1191,0.24
1879,1.879,0.1209,0.0046,-0.1024,-0.0144,0.0924,0.311
1880,1.88,0.1554,0.0127,-0.0265,-0.0347,0.1172,0.2477
1881,1.881,0.1032,0.0138,0.0147,-0.0316,0.0949,0.1902
1882,1.882,0.0178,0.0175,0.0019,-0.0155,0.1967,0.4545
1883,1.883,0.0063,0.0133,0.1745,0.0049,0.4375,0.8873
1884,1.884,0.0376,0.0162,0.1504,0.0126,0.2735,0.4807
1885,1.885,0.0471,0.023,0.3077,0.0099,0.0044,0.0039
1886,1.886,0.0384,0.0366,0.3284,0.003,-0.1045,-0.1894
1887,1.887,0.0147,0.0464,0.1988,-0.0116,-0.1379,-0.2484
1888,1.888,0.0072,0.0441,0.0135,-0.01,-0.1085,-0.3018
1889,1.889,-0.0254,0.0386,-0.2084,0.0015,-0.1358,-0.2541
1890,1.89,-0.0666,0.0243,-0.5367,0.0151,-0.1114,-0.2979
1891,1.891,-0.073,0.0171,-0.5794,0.0155,-0.387,-0.9081
1892,1.892,-0.0573,0.0186,-0.5357,0.0022,-0.3201,-0.7099
1893,1.893,0.0152,0.0232,-0.3372,-0.0032,-0.0959,-0.1676
1894,1.894,0.1296,0.009,-0.0121,0.0011,0.1134,0.2211
1895,1.895,0.1752,0.003,0.032,0.0217,0.0869,0.2927
1896,1.896,0.1333,0.0044,0.151,0.0303,0.1118,0.3574
1897,1.897,0.0447,-0.0005,0.3313,0.0274,0.1344,0.3
1898,1.898,-0.013,-0.0049,0.364,0.0249,0.1142,0.2477
1899,1.899,-0.0652,-0.0015,0.2149,0.0136,0.2809,0.6803
1900,1.9,-0.1316,-0.0074,0.1336,0.0074,0.3483,0.855
1901,1.901,-0.0886,0.0018,0.0102,-0.0095,0.1244,0.2734
1902,1.902,-0.0341,0.0103,-0.0572,-0.0253,-0.085,-0.1152
1903,1.903,0.0014,0.0044,-0.0371,-0.0234,-0.0587,-0.1868
1904,1.904,-0.0051,-0.0053,0.0553,-0.0142,-0.0837,-0.2516
1905,1.905,-0.011,0.0033,0.1055,-0.0195,-0.1063,-0.3102
1906,1.906,0.0155,0.0202,0.1512,-0.0242,-0.1269,-0.2577
1907,1.907,0.0107,0.0127,0.165,-0.0091,-0.1825,-0.4982
1908,1.908,0.0064,0.0014,0.0261,-0.0031,-0.4013,-0.9789
1909,1.909,0.0183,-0.0172,0.0446,-0.0014,-0.2524,-0.5313
1910,1.91,0.0364,-0.0149,-0.0057,-0.0032,-0.0078,-0.0067
1911,1.911,0.02,-0.0172,0.1016,-0.0078,0.0914,0.2057
1912,1.912,0.0228,-0.0194,0.2271,-0.0119,0.1217,0.2708
1913,1.913,0.0199,-0.0101,0.2105,-0.0057,0.149,0.3295
1914,1.914,0.0321,0.0052,0.1647,0.002,0.1247,0.2771
1915,1.915,0.0341,-0.0008,0.0951,0.001,0.1025,0.2292
1916,1.916,0.0359,-0.0137,-0.0185,0.015,0.3672,0.8844
1917,1.917,0.0339,-0.0186,-0.0643,0.009,0.3313,0.7912
1918,1.918,0.0355,-0.02,-0.1337,0.0071,0.1012,0.1942
1919,1.919,0.0155,-0.0157,-0.146,0.0056,-0.1081,-0.1944
1920,1.92,-0.0258,-0.0067,-0.088,-0.0049,-0.0816,-0.2661
1921,1.921,-0.0434,0.0106,-0.1187,-0.0117,-0.1557,-0.3308
1922,1.922,-0.0276,0.038,-0.2037,-0.0028,-0.1337,-0.2734
1923,1.923,0.0061,0.0274,-0.1458,-0.0058,-0.073,-0.221
1924,1.924,0.0105,0.0308,-0.0934,0.0016,-0.2766,-0.8458
1925,1.925,-0.0093,0.0223,0.0491,-0.0104,-0.4123,-0.9314
1926,1.926,-0.0199,0.0199,0.1509,-0.0086,-0.1904,-0.3892
1927,1.927,-0.0229,0.0029,-0.0527,0.0022,0.0788,0.2454
1928,1.928,-0.0139,-0.0171,-0.0256,0.001,0.1156,0.332
1929,1.929,-0.0109,-0.014,-0.0499,0.0124,0.1488,0.2555
1930,1.93,-0.0378,-0.0064,-0.1616,0.011,0.1194,0.3263
1931,1.931,-0.0922,-0.0083,-0.222,0.007,0.0925,0.2626
1932,1.932,-0.1153,-0.01,-0.2031,-0.0042,0.1664,0.4368
1933,1.933,-0.0511,-0.0003,-0.2867,0.0006,0.413,0.9125
1934,1.934,0.0612,0.0051,-0.1178,0.0021,0.2491,0.4649
1935,1.935,0.1684,-0.0022,0.0395,0.0011,0.0399,0.0567
1936,1.936,0.1269,-0.0005,0.0604,0.0068,-0.0963,-0.209
1937,1.937,0.0639,-0.0064,0.0425,0.01,-0.1214,-0.258
1938,1.938,0.0064,0.0064,0.0933,0.0224,-0.144,-0.3022
1939,1.939,-0.0247,-0.0017,0.1086,0.0175,-0.1239,-0.2632
1940,1.94,0.0226,0.0093,0.1223,0.007,-0.1055,-0.2996
1941,1.941,0.0485,0.0136,0.0843,0.0112,-0.3579,-0.7921
1942,1.942,0.0094,0.0051,0.0266,0.0026,-0.322,-0.7223
1943,1.943,-0.0119,0.0021,-0.0672,0.0039,-0.0919,-0.1457
1944,1.944,-0.0054,0.0076,-0.0036,-0.0054,0.058,0.2429
1945,1.945,-0.0227,0.0105,0.0548,-0.0064,0.1398,0.1738
1946,1.946,-0.0491,0.0116,0.087,-0.0165,0.1157,0.2385
1947,1.947,-0.0635,0.0003,0.0785,-0.0094,0.1383,0.297
1948,1.948,-0.0503,-0.0011,0.0708,-0.003,0.0776,0.2446
1949,1.949,-0.0225,0.0037,0.0948,-0.0019,0.2814,0.677
1950,1.95,-0.0262,-0.0001,0.1023,0.014,0.4171,0.8516
1951,1.951,-0.0561,-0.0011,0.0832,0.0118,0.1952,0.3754
1952,1.952,-0.0361,0.0117,0.0891,0.0139,-0.0141,-0.074
1953,1.953,-0.0252,0.0002,0.0734,0.0196,-0.096,-0.2498
1954,1.954,-0.0481,-0.0072,0.0401,0.0213,-0.1208,-0.3035
1955,1.955,-0.0568,-0.0139,0.0099,0.0138,-0.1434,-0.2562
1956,1.956,-0.0489,0.0052,-0.0494,0.0153,-0.1232,-0.213
1957,1.957,-0.0167,0.0136,-0.1093,0.0192,-0.1788,-0.4908
1958,1.958,0.0405,0.021,-0.0702,0.0117,-0.4312,-0.9601
1959,1.959,0.0637,0.0147,-0.021,0.0025,-0.2509,-0.5126
1960,1.96,0.0422,0.0128,-0.015,0.0041,-0.0205,0.012
1961,1.961,0.0228,0,-0.033,0.0035,0.0696,0.2242
1962,1.962,-0.0066,-0.0184,-0.0068,0.0071,0.0972,0.2892
1963,1.963,0.0199,-0.0206,0.027,0.0083,0.1221,0.348
1964,1.964,0.0152,-0.0406,0.023,0.0009,0.1,0.2958
1965,1.965,-0.0068,-0.0486,0.0038,-0.0082,0.1205,0.248
1966,1.966,-0.0268,-0.036,-0.0065,-0.0269,0.3613,0.9033
1967,1.967,-0.045,-0.0247,-0.0426,-0.0512,0.3287,0.6229
1968,1.968,-0.055,-0.0061,-0.0472,-0.0607,0.0599,0.1963
1969,1.969,-0.0101,-0.0035,-0.0516,-0.0576,-0.0489,-0.1923
1970,1.97,0.074,0.0032,-0.0479,-0.0383,-0.0823,-0.2638
1971,1.971,0.1083,0.0014,-0.0226,-0.0308,-0.1124,-0.3286
1972,1.972,0.0977,-0.0003,-0.0131,-0.0195,-0.1398,-0.2712
1973,1.973,0.0312,-0.0119,-0.0105,-0.0051,-0.1154,-0.2187
1974,1.974,0.0053,-0.0133,-0.008,-0.0032,-0.2723,-0.7474
1975,1.975,0.0131,-0.009,-0.0011,0.002,-0.4147,-0.8183
1976,1.976,0.0059,-0.0027,0.0009,0.0006,-0.1739,-0.3701
1977,1.977,0.0123,-0.0036,-0.0053,0.0047,0.0566,0.1545
1978,1.978,-0.0052,0.006,-0.0038,0.0035,0.0871,0.2263
1979,1.979,0.0001,0.0098,-0.0093,0.0004,0.1147,0.2912
1980,1.98,-0.0143,0.0043,-0.0112,-0.0069,0.1395,0.3499
1981,1.981,-0.0099,0.0033,-0.013,-0.0005,0.1174,0.192
1982,1.982,-0.0061,0.0097,-0.0147,0.0073,0.1783,0.4324
1983,1.983,-0.0026,0.0072,-0.0162,0.0145,0.4191,0.9131
1984,1.984,-0.0058,0.0019,-0.0117,0.0152,0.2552,0.4655
1985,1.985,-0.0027,0.0039,-0.0096,0.016,0.046,-0.0591
1986,1.986,0.0002,0.0081,0.0027,0.0166,-0.0903,-0.2713
1987,1.987,0.0076,0.0064,0.0301,0.0144,-0.1154,-0.2085
1988,1.988,-0.0035,0.0099,0.0655,0.0125,-0.138,-0.2672
1989,1.989,-0.0055,0.0128,0.0311,0.0082,-0.118,-0.2149
1990,1.99,0.0001,0.0124,0.026,0.0032,-0.0996,-0.2632
1991,1.991,-0.0015,0.0159,-0.0027,-0.0013,-0.3521,-0.9185
1992,1.992,-0.0052,0.0112,-0.0999,-0.0058,-0.3404,-0.7056
1993,1.993,-0.0068,0.0122,-0.134,0.0027,-0.0877,-0.0494
1994,1.994,0.0084,0.01,-0.1661,0.0137,0.0772,0.2076
1995,1.995,0.0104,0.0056,-0.107,0.0179,0.1075,0.2862
1996,1.996,-0.0064,0.0001,0.0217,0.0245,0.135,0.2166
1997,1.997,-0.013,-0.0108,0.0766,0.033,0.1107,0.2812
1998,1.998,-0.0273,-0.0126,0.1265,0.043,0.0885,0.2236
1999,1.999,-0.0367,-0.0169,0.1108,0.0358,0.2717,0.6992
2000,2,-0.0554,-0.0209,0.0406,0.0292,0.3951,0.8915
2001,2.001,-0.0678,-0.0109,-0.0991,0.0163,0.1933,0.3679
2002,2.002,-0.0431,0.0014,-0.1926,0.0008,-0.0514,-0.1258
2003,2.003,0.0065,0.0095,-0.2104,-0.0097,-0.085,-0.1912
2004,2.004,0.1133,0.0107,-0.2267,-0.0343,-0.1153,-0.3664
2005,2.005,0.0982,-0.0021,-0.0471,-0.0644,-0.1427,-0.4198
2006,2.006,0.0844,-0.0042,0.2721,-0.0766,-0.1185,-0.276
2007,2.007,0.0468,-0.0151,0.4017,-0.0878,-0.1858,-0.4072
2008,2.008,0.0356,-0.0114,0.2814,-0.1112,-0.4098,-0.9236
2009,2.009,0.0255,-0.0105,0.2441,-0.1387,-0.2609,-0.4316
2010,2.01,-0.0027,-0.0164,0.0787,-0.1355,-0.0164,0.0175
2011,2.011,-0.0457,-0.0137,-0.0716,-0.0864,0.0829,0.1934
2012,2.012,-0.0689,-0.0167,-0.3711,-0.0084,0.1131,0.2472
2013,2.013,-0.0617,-0.0042,-0.5711,0.0015,0.1405,0.2961
2014,2.014,-0.0293,0.0048,-0.3924,0.0106,0.1161,0.253
2015,2.015,0,-0.004,-0.2298,0.0015,0.0939,0.2929
2016,2.016,0.0053,-0.0119,-0.1418,0.0245,0.3585,0.8342
2017,2.017,0.0006,-0.0109,-0.0074,0.0312,0.3226,0.7573
2018,2.018,0.0227,-0.0124,0.0655,0.0501,0.0925,0.1231
2019,2.019,0.0428,-0.0136,0.1319,0.0554,-0.0574,-0.1337
2020,2.02,0.0393,-0.0086,0.1517,0.0498,-0.0851,-0.2122
2021,2.021,-0.0101,-0.0153,0.1328,0.0447,-0.1099,-0.2831
2022,2.022,-0.0598,-0.0147,0.149,0.0401,-0.1326,-0.2198
2023,2.023,-0.0534,-0.0127,0.1636,0.0437,-0.0718,-0.162
2024,2.024,-0.036,-0.0052,0.1492,0.0471,-0.2756,-0.743
2025,2.025,-0.0308,0.0019,0.1109,0.037,-0.4113,-0.8207
2026,2.026,-0.0163,0.0008,0.0759,0.028,-0.1894,-0.3281
2027,2.027,-0.0296,-0.0089,0.0858,0.0251,0.0199,0.1214
2028,2.028,-0.0336,-0.0028,0.0569,0.0226,0.1019,0.181
2029,2.029,-0.0084,0.0095,-0.004,0.0203,0.1269,0.2347
2030,2.03,0.0146,0.0212,0.0034,0.0183,0.1495,0.2834
2031,2.031,0.0116,0.0286,0.0812,0.0128,0.0888,0.2402
2032,2.032,0.0089,0.0244,0.1329,0.0179,0.1444,0.4388
2033,2.033,-0.0035,0.0154,0.1231,0.0105,0.3969,0.9082
2034,2.034,-0.0101,0.0075,0.0969,0.0093,0.2889,0.4607
2035,2.035,0,0.0064,0.0576,0.0235,0.0586,0.0525
2036,2.036,-0.0019,0.0035,0.0362,0.0258,-0.0911,-0.2131
2037,2.037,-0.0205,0.0077,0.0426,0.038,-0.1187,-0.2621
2038,2.038,-0.0133,0.0023,0.0016,0.0369,-0.1435,-0.3063
2039,2.039,0.0203,0.0129,0.0601,0.0192,-0.1214,-0.267
2040,2.04,0.0346,0.0174,0.1458,0.0174,-0.1012,-0.3032
2041,2.041,0.0302,0.0243,0.1572,0.0112,-0.342,-0.7955
2042,2.042,0.0184,0.028,0.0216,0.0057,-0.375,-0.7257
2043,2.043,0.0365,0.0269,-0.1448,-0.0069,-0.1062,-0.149
2044,2.044,0.02,0.0238,-0.2115,-0.0149,0.0749,0.24
2045,2.045,0.0287,0.023,-0.3124,-0.0283,0.1083,0.1712
2046,2.046,0.0534,0.0204,-0.367,-0.026,0.1384,0.2359
2047,2.047,0.0631,0.0211,-0.282,-0.0205,0.1116,0.2945
2048,2.048,0.0301,0.0105,-0.1741,-0.0155,0.0872,0.2422
2049,2.049,0.0169,0.009,-0.0204,-0.0081,0.2889,0.6748
2050,2.05,0.005,0.0077,0.0411,-0.0065,0.4246,0.8496
2051,2.051,0.0014,0.0066,0.0232,-0.007,0.2027,0.3738
2052,2.052,-0.0086,0.0099,0.074,-0.0035,-0.0066,-0.0752
2053,2.053,-0.0416,-0.0015,0.0896,0.0073,-0.0885,-0.251
2054,2.054,-0.046,-0.0029,0.0762,0.0008,-0.1134,-0.3046
2055,2.055,-0.0659,-0.0042,0.0893,0.005,-0.136,-0.2571
2056,2.056,-0.055,-0.0053,0.0785,0.0064,-0.116,-0.2138
2057,2.057,-0.0385,-0.0084,0.0693,0.0162,-0.1715,-0.4123
2058,2.058,-0.0177,-0.0155,0.0799,0.0028,-0.424,-0.9535
2059,2.059,-0.0096,-0.0181,0.1066,-0.0023,-0.316,-0.5664
2060,2.06,0.0027,-0.0121,0.162,0.0066,-0.02,0.0685
2061,2.061,0.0136,-0.0172,0.2265,0.0086,0.0998,0.1554
2062,2.062,0.0196,-0.0106,0.2527,0.0187,0.1363,0.2339
2063,2.063,0.025,-0.0097,0.1355,0.0229,0.1038,0.3049
2064,2.064,0.013,-0.0073,-0.0157,0.0202,0.1337,0.2415
2065,2.065,-0.0101,-0.0051,-0.1168,0.0177,0.1068,0.2999
2066,2.066,-0.033,-0.008,-0.2456,0.019,0.3778,0.8812
2067,2.067,-0.0359,-0.0061,-0.2616,0.0151,0.342,0.6496
2068,2.068,-0.0111,0.0018,-0.3066,0.0192,0.1118,0.1565
2069,2.069,0.012,-0.0083,-0.292,0.0089,-0.0976,-0.165
2070,2.07,0.0571,-0.0041,-0.127,-0.0046,-0.0712,-0.2241
2071,2.071,0.0764,-0.0102,-0.0144,-0.01,-0.1453,-0.2776
2072,2.072,0.0356,-0.0022,0.0064,0.0088,-0.1233,-0.3261
2073,2.073,-0.0231,-0.0072,-0.0117,0.0213,-0.1032,-0.1954
2074,2.074,-0.0463,0.0014,0.0054,0.0192,-0.2699,-0.6321
2075,2.075,0.0035,0.0026,0.0207,0.0172,-0.4269,-0.923
2076,2.076,0.0619,-0.0024,0.0346,-0.0033,-0.2029,-0.3415
2077,2.077,0.0387,0.0005,0.0469,-0.0445,0.0063,0.2018
2078,2.078,-0.0109,0.0032,0.0812,-0.0976,0.0882,0.2735
2079,2.079,-0.0301,-0.0018,0.0911,-0.0765,0.1131,0.3382
2080,2.08,-0.0242,-0.0052,0.0621,-0.0703,0.1356,0.2807
2081,2.081,-0.0292,0.0008,0.0357,-0.0881,0.1155,0.2283
2082,2.082,-0.0147,-0.0012,0.0117,-0.0937,0.1709,0.4686
2083,2.083,-0.0102,-0.0017,0.004,-0.1184,0.4232,0.9493
2084,2.084,0.0018,0.0002,-0.0419,-0.1144,0.2429,0.5017
2085,2.085,0.0054,-0.0049,-0.0369,-0.087,0.0124,-0.0228
2086,2.086,0.0088,-0.0067,0.0209,-0.0695,-0.0777,-0.2353
2087,2.087,0.0118,0.0004,0.1374,-0.0669,-0.1054,-0.3004
2088,2.088,-0.0073,-0.0079,0.1868,-0.0648,-0.1304,-0.2431
2089,2.089,-0.0244,-0.0109,0.0174,-0.0409,-0.1084,-0.2966
2090,2.09,-0.0265,-0.0077,-0.0956,-0.0253,-0.0884,-0.249
2091,2.091,-0.0079,-0.0011,-0.1983,0.0189,-0.3663,-0.9044
2092,2.092,0.0294,0.0015,-0.2919,0.0374,-0.3271,-0.8113
2093,2.093,0.0385,0.0005,-0.3412,0.0471,-0.1021,-0.161
2094,2.094,0.0013,-0.0079,-0.2922,0.0521,0.0789,0.2663
2095,2.095,-0.0034,-0.0111,-0.2171,0.0567,0.1122,0.1903
2096,2.096,-0.0166,-0.0038,-0.0099,0.0609,0.1422,0.261
2097,2.097,-0.0204,-0.0122,0.0184,0.056,0.1153,0.3254
2098,2.098,-0.0024,-0.009,0.0984,0.0354,0.0908,0.1514
2099,2.099,0.0273,-0.0017,0.1219,0.0094,0.2475,0.6269
2100,2.1,0.055,0.0028,0.0986,-0.001,0.3899,0.8191
2101,2.101,0.0294,0.0053,0.0774,0.0193,0.1859,0.4119
2102,2.102,0.0128,0.0105,0.021,0.0162,-0.0589,-0.0653
2103,2.103,-0.0081,0.0098,0.0033,0.0232,-0.0925,-0.2589
2104,2.104,-0.0274,0.0192,0.0175,0.0297,-0.1228,-0.318
2105,2.105,-0.0203,0.0206,-0.053,0.0236,-0.1504,-0.2661
2106,2.106,-0.0317,0.0092,-0.0415,-0.0042,-0.1262,-0.2185
2107,2.107,-0.0134,0.0076,0.015,-0.008,-0.1488,-0.5246
2108,2.108,0.0236,0.0172,0.0036,0.0031,-0.4136,-1.0411
2109,2.109,0.0607,0.016,0.031,0.0065,-0.3058,-0.5493
2110,2.11,0.0267,0.0104,0.0386,0.0276,-0.01,0.0274
2111,2.111,0.0133,0.0113,-0.0014,0.0305,0.1096,0.2611
2112,2.112,0.0093,0.0067,-0.0664,0.0234,0.1461,0.3322
2113,2.113,-0.009,0.0025,-0.076,0.0302,0.1135,0.2687
2114,2.114,-0.0455,0.0031,-0.0849,0.0284,0.1435,0.3271
2115,2.115,-0.0409,0.0037,-0.0363,0.0268,0.1165,0.2745
2116,2.116,-0.0542,-0.0046,0.0209,0.0221,0.3875,0.899
2117,2.117,-0.0344,-0.0056,0.0588,0.0239,0.3516,0.8142
2118,2.118,-0.0237,-0.0026,0.0791,0.0257,0.1215,0.1165
2119,2.119,-0.027,-0.0052,0.0716,0.0148,-0.0879,-0.1662
2120,2.12,-0.0419,-0.0061,0.0534,0.0169,-0.1156,-0.2528
2121,2.121,-0.0392,-0.0054,0.0476,0.0215,-0.1404,-0.3312
2122,2.122,-0.0169,-0.0033,0.0615,0.0231,-0.1183,-0.2618
2123,2.123,-0.0082,-0.0028,0.0744,0.0225,-0.1387,-0.1985
2124,2.124,-0.0002,-0.0044,0.0779,0.0325,-0.3054,-0.6054
2125,2.125,-0.0026,-0.0059,0.0741,0.0267,-0.4175,-0.87
2126,2.126,-0.0005,-0.0089,0.0904,0.0327,-0.1935,-0.3414
2127,2.127,-0.0025,-0.0109,0.0931,0.0488,0.0757,0.1522
2128,2.128,-0.0044,-0.0134,0.0793,0.0604,0.1125,0.2176
2129,2.129,0.0005,-0.013,0.072,0.0668,0.1459,0.2764
2130,2.13,0.002,-0.0132,0.0608,0.0654,0.1761,0.3297
2131,2.131,0.0115,-0.0145,0.0465,0.0472,0.1494,0.1858
2132,2.132,0.0152,-0.0121,0.0259,0.05,0.1741,0.4042
2133,2.133,0.0162,-0.0089,-0.0043,0.0393,0.4208,0.9204
2134,2.134,0.0089,-0.0146,-0.008,0.0458,0.257,0.5689
2135,2.135,0.0174,-0.024,-0.0258,0.0742,0.048,-0.0081
2136,2.136,0.0164,-0.0177,-0.0156,0.1027,-0.0881,-0.242
2137,2.137,0.0091,-0.0186,-0.0122,0.0924,-0.1131,-0.1729
2138,2.138,0.0007,-0.0028,-0.0252,0.0699,-0.1356,-0.2376
2139,2.139,-0.0071,0.0085,-0.0269,0.0497,-0.1153,-0.2962
2140,2.14,0.0087,0.0106,-0.0061,0.0091,-0.0968,-0.2438
2141,2.141,0.0424,0.02,-0.0083,-0.0197,-0.3491,-0.8684
2142,2.142,0.0471,0.0319,-0.0151,-0.0564,-0.3852,-0.7838
2143,2.143,0.0165,0.0365,-0.0168,-0.119,-0.0892,-0.2411
2144,2.144,-0.0034,0.027,-0.0183,-0.1617,0.1101,0.2529
2145,2.145,0.0002,0.0208,-0.0268,-0.1223,0.0748,0.1906
2146,2.146,0.0301,0.0176,-0.0276,-0.0578,0.1082,0.2494
2147,2.147,0.0421,0.0207,-0.0341,-0.0317,0.1383,0.3028
2148,2.148,0.0603,0.0254,-0.026,-0.0237,0.0574,0.1591
2149,2.149,0.0703,0.0229,-0.0186,-0.0449,0.2794,0.6398
2150,2.15,0.0375,0.0115,-0.0071,-0.0641,0.4287,0.8321
2151,2.151,0.0069,-0.0003,-0.0048,-0.1522,0.1849,0.4251
2152,2.152,-0.0129,-0.0078,-0.0102,-0.2154,-0.0455,-0.0519
2153,2.153,-0.0018,-0.0064,-0.0105,-0.227,-0.0758,-0.2451
2154,2.154,0.0015,-0.0052,-0.0068,-0.196,-0.1031,-0.304
2155,2.155,-0.0011,0.0005,-0.0147,-0.1677,-0.1277,-0.2517
2156,2.156,0.0018,0.0015,-0.0151,-0.1766,-0.1054,-0.2039
2157,2.157,0.0092,0.0024,-0.0217,-0.1223,-0.1662,-0.4223
2158,2.158,0.0296,0.0032,-0.0253,-0.0729,-0.4068,-0.9387
2159,2.159,0.0324,0.0101,-0.0267,-0.0281,-0.3084,-0.5872
2160,2.16,0.0002,0.0055,-0.0249,0.0246,-0.0393,-0.0101
2161,2.161,-0.0129,0.0013,-0.0172,0.0598,0.0698,0.224
2162,2.162,-0.0247,0.0049,-0.0134,0.0659,0.1033,0.2956
2163,2.163,-0.0211,-0.0045,-0.0131,0.0363,0.1334,0.2325
2164,2.164,-0.0245,-0.0034,-0.017,0.02,0.1067,0.2912
2165,2.165,-0.0217,-0.0113,-0.0203,0.034,0.0824,0.2389
2166,2.166,-0.0246,-0.0167,-0.0106,0.0116,0.329,0.8638
2167,2.167,-0.0519,-0.0214,0.0015,-0.0328,0.3621,0.7793
2168,2.168,-0.0556,-0.0207,-0.0024,-0.0391,0.0934,0.2369
2169,2.169,-0.0459,-0.0171,-0.0114,0.0084,-0.0877,-0.1163
2170,2.17,-0.0311,-0.0137,-0.0171,0.079,-0.1211,-0.1815
2171,2.171,-0.0284,-0.0096,0.0004,0.0879,-0.1511,-0.2402
2172,2.172,-0.026,-0.0102,-0.0017,0.0959,-0.1244,-0.2935
2173,2.173,-0.0237,-0.014,-0.017,0.0876,-0.1,-0.2457
2174,2.174,-0.0215,-0.0138,-0.0189,0.0941,-0.2569,-0.6387
2175,2.175,-0.0082,-0.0111,-0.017,0.087,-0.3993,-0.9029
2176,2.176,0.0073,-0.0102,-0.0017,0.0807,-0.1955,-0.3738
2177,2.177,0.0095,-0.0114,0.0083,0.0749,0.0492,0.1202
2178,2.178,0.0042,-0.0085,0.0323,0.0695,0.0827,0.1858
2179,2.179,0.0028,-0.0138,0.0352,0.0645,0.1129,0.2447
2180,2.18,0.0046,-0.0119,0.0557,0.0521,0.1402,0.2981
2181,2.181,-0.0022,-0.0116,0.0142,0.0406,0.1159,0.2504
2182,2.182,-0.0108,-0.0029,-0.0744,0.0431,0.1383,0.3815
2183,2.183,-0.0096,-0.0042,-0.138,0.0275,0.4029,0.8979
2184,2.184,-0,-0.0012,-0.1501,-0.0088,0.2948,0.5466
2185,2.185,0.0038,-0.0003,-0.1404,0.005,0.0644,-0.0303
2186,2.186,0.0007,0.0023,-0.1127,0.0176,-0.0855,-0.2641
2187,2.187,0.0122,-0.0037,-0.0702,0.0132,-0.1132,-0.1951
2188,2.188,0.0138,-0.0016,-0.0319,0.0162,-0.1383,-0.2596
2189,2.189,0.0069,0.0018,-0.0113,0.0189,-0.1163,-0.3182
2190,2.19,0.0006,0.0023,-0.0185,0.0095,-0.0963,-0.2658
2191,2.191,0.0016,0.0063,-0.0136,0.0116,-0.3742,-0.8905
2192,2.192,-0.0037,0.0077,-0.0091,0.0087,-0.335,-0.806
2193,2.193,-0.0028,0.0098,-0.0052,0.0059,-0.0824,-0.2634
2194,2.194,-0.0136,0.0082,-0.0028,0.0011,0.0798,0.1932
2195,2.195,-0.0196,0.0053,0.0007,-0.0055,0.1131,0.2648
2196,2.196,-0.0204,0.0026,-0.004,-0.0041,0.143,0.3295
2197,2.197,-0.0127,0.0035,0.0205,0.0075,0.1161,0.272
2198,2.198,-0.0139,0.0004,0.0427,0.0029,0.0916,0.2196
2199,2.199,-0.0132,-0.0008,0.0868,0.0016,0.2483,0.652
2200,2.2,-0.0074,0.0044,0.1444,0.008,0.4315,0.9429
2201,2.201,-0.0129,0.008,0.1358,0.0092,0.2095,0.3613
2202,2.202,-0.0151,0.0014,0.1278,0.0042,-0.0598,-0.0271
2203,2.203,-0.0149,-0.0013,0.1206,0.0167,-0.1687,-0.2395
2204,2.204,-0.0063,0.0023,0.0552,0.0188,-0.1364,-0.3046
2205,2.205,0.0125,0.01,-0.006,0.0087,-0.1666,-0.2473
2206,2.206,0.0533,0.0129,-0.1086,-0.0088,-0.0857,-0.195
2207,2.207,0.0705,0.0192,-0.2623,-0.0305,-0.1104,-0.4355
2208,2.208,0.0651,0.0182,-0.2427,-0.0569,-0.4019,-0.9164
2209,2.209,0.0601,0.0234,-0.225,-0.0453,-0.2832,-0.5969
2210,2.21,0.0555,0.024,-0.2424,-0.0477,-0.0304,-0.0726
2211,2.211,0.0591,0.0208,-0.1359,-0.0557,0.1344,0.2804
2212,2.212,0.0917,0.0202,-0.067,-0.0739,0.1051,0.2174
2213,2.213,0.0958,0.0154,-0.0045,-0.0658,0.1325,0.276
2214,2.214,0.0677,0.0071,0.0295,-0.0403,0.1082,0.2234
2215,2.215,0.0494,0.0103,0.0811,-0.0097,0.0859,0.2717
2216,2.216,0.0394,0.0072,0.1091,0.0028,0.3506,0.8395
2217,2.217,0.0304,0.008,0.1173,0.0216,0.3868,0.7624
2218,2.218,-0.0109,0.0071,0.109,0.0255,0.0911,0.2693
2219,2.219,-0.052,0.0018,0.1014,0.0232,-0.1082,-0.18
2220,2.22,-0.0574,-0.0031,0.1074,0.0157,-0.0729,-0.2396
2221,2.221,-0.0817,0.0012,0.1128,0.004,-0.106,-0.2934
2222,2.222,-0.1126,0.0029,0.0966,-0.002,-0.1361,-0.3423
2223,2.223,-0.1487,0.0035,0.0723,-0.0035,-0.1091,-0.2992
2224,2.224,-0.1149,-0.0034,0.0591,-0.0087,-0.2323,-0.7362
2225,2.225,-0.0751,-0.0065,0.0709,0.0069,-0.4339,-0.9111
2226,2.226,-0.0803,-0.0073,0.0745,0.0093,-0.1899,-0.3299
2227,2.227,-0.0947,-0.0097,0.0647,0.0227,0.0406,0.2134
2228,2.228,-0.0727,-0.0119,0.0197,0.0314,0.1308,0.2851
2229,2.229,-0.0206,-0.0138,0.0001,0.0516,0.1042,0.3498
2230,2.23,0.0007,-0.0143,-0.0058,0.0599,0.1291,0.2923
2231,2.231,0.0071,-0.0125,-0.0004,0.0377,0.1071,0.2398
2232,2.232,0.0245,-0.0099,0.0045,-0.0072,0.1682,0.3841
2233,2.233,0.0297,-0.0148,0.0003,-0.0135,0.4091,0.9522
2234,2.234,0.025,-0.0212,-0.0032,-0.0192,0.3109,0.5653
2235,2.235,0.0294,-0.0185,0.0006,-0.0034,0.0419,0.0718
2236,2.236,0.0255,-0.0237,-0.0023,0.011,-0.0668,-0.2497
2237,2.237,0.0291,-0.02,-0.0108,0.0329,-0.1001,-0.1928
2238,2.238,0.0324,-0.0157,-0.0131,0.0367,-0.1301,-0.2462
2239,2.239,0.0295,-0.0127,-0.0199,0.0112,-0.1573,-0.2946
2240,2.24,0.0323,-0.0058,-0.0214,0.0208,-0.0835,-0.2513
2241,2.241,0.03,-0.003,-0.0227,0.0178,-0.3299,-0.8468
2242,2.242,0.0278,-0.0038,-0.0163,0.0312,-0.3629,-0.7622
2243,2.243,0.034,0.0001,-0.0239,0.0286,-0.0939,-0.2195
2244,2.244,0.0321,0.0009,-0.0306,0.0217,0.0873,0.1339
2245,2.245,0.0303,0.0041,-0.031,-0.0092,0.0552,0.1994
2246,2.246,0.0226,0.0037,-0.0289,-0.0756,0.145,0.2582
2247,2.247,0.0266,0.0002,-0.0272,-0.1233,0.1183,0.3118
2248,2.248,0.0254,0.0073,-0.0191,-0.115,0.094,0.1681
2249,2.249,0.0221,0.0147,-0.0228,-0.1076,0.251,0.6488
2250,2.25,0.0083,0.0121,-0.0226,-0.1008,0.3935,0.8412
2251,2.251,0.0027,0.0113,-0.0208,-0.1204,0.1898,0.4343
2252,2.252,-0.0092,0.0077,-0.0205,-0.115,-0.0547,-0.0427
2253,2.253,-0.0045,0.0098,-0.019,-0.1102,-0.0881,-0.236
2254,2.254,-0.0004,0.0115,-0.0173,-0.0669,-0.1183,-0.2948
2255,2.255,0.0008,0.0099,-0.0197,-0.0027,-0.1456,-0.2426
2256,2.256,0.0065,0.0147,-0.023,0.0228,-0.1211,-0.1948
2257,2.257,0.0056,0.0065,-0.0217,0.0147,-0.1433,-0.4131
2258,2.258,0.0029,0.0075,-0.0133,0.0071,-0.4078,-0.9293
2259,2.259,0.0054,0.0149,-0.0158,0.026,-0.2997,-0.5778
2260,2.26,-0.0015,0.0064,-0.0079,0.0198,-0.0693,-0.0006
2261,2.261,-0.0006,-0.0013,-0.0081,0.0141,0.0806,0.2337
2262,2.262,-0.01,-0.0003,-0.0186,0.0281,0.1084,0.3054
2263,2.263,-0.011,-0.0067,-0.0164,0.0321,0.1334,0.2423
2264,2.264,-0.014,-0.0025,-0.0061,0.0356,0.1114,0.3011
2265,2.265,-0.0065,-0.0063,0.0136,0.0461,0.0913,0.2487
2266,2.266,-0.0034,-0.007,0.0554,0.036,0.3691,0.7776
2267,2.267,-0.0054,-0.0012,0.0619,0.0385,0.409,0.7082
2268,2.268,-0.0086,-0.0096,0.0466,0.0464,0.1564,0.2601
2269,2.269,-0.0146,-0.004,0.0133,0.0388,-0.074,-0.1481
2270,2.27,-0.0202,-0.005,-0.026,0.0496,-0.1044,-0.202
2271,2.271,-0.0283,-0.0004,-0.0736,0.0554,-0.1317,-0.2505
2272,2.272,-0.0451,0.0107,-0.0926,0.0569,-0.1564,-0.2944
2273,2.273,-0.0375,0.0093,-0.0866,0.0481,-0.1341,-0.1757
2274,2.274,-0.0125,0.0023,-0.06,0.0278,-0.2358,-0.6447
2275,2.275,0.0042,-0.0014,-0.0163,0.0193,-0.4025,-0.9646
2276,2.276,0.0133,0.0019,0.0719,0.0167,-0.2008,-0.441
2277,2.277,0.0109,0.0049,0.2362,-0.0039,0.0439,0.0532
2278,2.278,0.0136,-0.0035,0.1241,-0.0123,0.0775,0.2469
2279,2.279,0.0117,-0.0025,-0.0182,-0.0052,0.1078,0.3059
2280,2.28,0.0141,-0.0055,-0.0738,0.0013,0.1351,0.254
2281,2.281,0.0014,-0.0009,-0.1243,-0.0172,0.1109,0.2064
2282,2.282,-0,-0.0017,-0.1397,-0.0049,0.1333,0.4252
2283,2.283,0.0079,0.002,-0.0427,0.0106,0.4386,0.9417
2284,2.284,0.0012,0.007,-0.0053,0.0046,0.3078,0.5905
2285,2.285,0.0003,-0.0025,0.052,0.0139,0.0295,0.0137
2286,2.286,0.0061,0.0016,0.0621,0.0089,-0.0794,-0.2198
2287,2.287,0.0011,-0.0021,0.0146,0.0074,-0.1127,-0.2911
2288,2.288,0.004,-0.0098,-0.0459,0.0088,-0.1429,-0.2278
2289,2.289,-0.0087,-0.0067,-0.085,0.0151,-0.116,-0.2864
2290,2.29,-0.0179,-0.0021,-0.1064,0.0208,-0.0917,-0.2339
2291,2.291,0.0008,-0.0099,-0.1259,0.0199,-0.3383,-0.8585
2292,2.292,0.0381,-0.0151,-0.0853,0.0059,-0.3713,-0.7738
2293,2.293,0.0969,-0.0142,-0.0804,-0.0042,-0.1026,-0.2313
2294,2.294,0.0736,-0.0099,-0.0274,-0.0059,0.0784,0.2623
2295,2.295,0.0442,-0.0091,0.0999,0.0019,0.1076,0.2454
2296,2.296,0.037,-0.0068,0.0635,0.0071,0.1407,0.3102
2297,2.297,0.0305,-0.0133,-0.0088,-0.0159,0.1111,0.2528
2298,2.298,0.0362,-0.0004,-0.0951,-0.0322,0.0842,0.2004
2299,2.299,0.0309,0.0126,-0.1072,-0.035,0.2566,0.6328
2300,2.3,-0.0129,0.0211,-0.0139,-0.0101,0.4135,0.9237
2301,2.301,-0.0539,0.0011,-0.0774,0.0065,0.1895,0.4479
2302,2.302,-0.0382,0.0092,-0.158,-0.0021,-0.0198,-0.1293
2303,2.303,-0.0045,0.0068,-0.1477,-0.0099,-0.1019,-0.2081
2304,2.304,-0.0179,0.0046,-0.0621,-0.0167,-0.1761,-0.2794
2305,2.305,-0.0062,0.0106,0.0187,-0.014,-0.1542,-0.3442
2306,2.306,0.0116,0.0087,0.071,-0.0114,-0.0935,-0.2868
2307,2.307,0.0477,0.0069,0.0999,0.0023,-0.1492,-0.3399
2308,2.308,0.0135,0.0144,0.1263,-0.0022,-0.4017,-1.061
2309,2.309,-0.0353,0.0157,0.1346,-0.0001,-0.2939,-0.7528
2310,2.31,-0.0292,0.0168,0.1563,0.0019,-0.0636,-0.0962
2311,2.311,-0.1176,0.0063,0.1375,-0.0012,0.0861,0.331
2312,2.312,-0.1054,0.0076,0.1322,0.0049,0.1137,0.2546
2313,2.313,-0.1172,-0.0014,0.0953,0.0024,0.1385,0.3251
2314,2.314,-0.1904,-0.0071,0.0618,0.0074,0.161,0.2614
2315,2.315,-0.257,-0.0167,0.0402,0.0054,0.1002,0.2034
2316,2.316,-0.1969,-0.0232,0.0288,0.0095,0.3409,0.7844
2317,2.317,-0.111,-0.0201,0.0329,0.0206,0.3739,0.8618
2318,2.318,-0.0307,-0.0172,0.0237,0.0256,0.1051,0.2276
2319,2.319,0.0003,-0.0201,0.0213,0.0273,-0.0761,-0.1999
2320,2.32,0.0286,-0.0161,0.0246,0.0214,-0.1097,-0.2789
2321,2.321,0.0544,-0.0125,0.0228,0.0208,-0.1399,-0.2098
2322,2.322,0.0622,-0.0091,0.0347,0.018,-0.1132,-0.2748
2323,2.323,0.0834,-0.0051,0.013,0.0061,-0.089,-0.2174
2324,2.324,0.0897,-0.0048,0.005,0.0046,-0.246,-0.5875
2325,2.325,0.0838,-0.0014,-0.0079,0.0033,-0.3885,-0.9245
2326,2.326,0.089,-0.0059,-0.0195,-0.0006,-0.2218,-0.3567
2327,2.327,0.0842,0.0027,-0.03,-0.0144,0.0253,0.1863
2328,2.328,0.1061,0.0037,-0.0397,-0.0423,0.1244,0.2577
2329,2.329,0.102,0.009,-0.0489,-0.0702,0.095,0.3221
2330,2.33,0.0837,-0.0007,-0.0234,-0.0884,0.1223,0.2645
2331,2.331,0.0671,-0.0097,0.0314,-0.1048,0.098,0.2117
2332,2.332,0.0461,-0.0131,0.0396,-0.084,0.1652,0.3557
2333,2.333,0.0379,-0.0061,-0.0238,-0.0538,0.4298,0.9236
2334,2.334,0.0305,0.0022,-0.0658,-0.0177,0.3218,0.5367
2335,2.335,0.0237,0.0051,-0.0878,0.0065,0.0259,0.043
2336,2.336,0.0215,0.0059,-0.1076,0.0285,-0.0938,-0.1509
2337,2.337,0.0119,0.0029,-0.0999,0.0246,-0.1304,-0.2104
2338,2.338,-0.0004,0.0035,-0.0695,-0.0007,-0.0979,-0.2641
2339,2.339,0.0038,0.0039,0.0115,0.0224,-0.128,-0.3128
2340,2.34,0.0073,0.0057,0.0699,0.0373,-0.1011,-0.2698
2341,2.341,0.0005,0.0049,0.0602,0.04,-0.3229,-0.7863
2342,2.342,-0.0078,0.0006,0.0702,0.0327,-0.3529,-0.7168
2343,2.343,-0.0093,0.0019,0.2003,0.0392,-0.1087,-0.2686
2344,2.344,-0.0105,0.0005,0.3678,0.033,0.0562,0.1395
2345,2.345,-0.0012,0.0015,0.3465,0.0273,0.0866,0.1935
2346,2.346,0.0026,0.0024,0.2054,0.0288,0.114,0.2421
2347,2.347,-0.0049,-0.003,0.0401,0.0272,0.1388,0.2861
2348,2.348,-0.0158,-0.0068,-0.0257,0.0256,0.0718,0.1672
2349,2.349,-0.0256,-0.0105,-0.0853,0.0217,0.2551,0.5639
2350,2.35,-0.0264,-0.0011,-0.2878,0.0045,0.4277,0.9337
2351,2.351,-0.0147,0.0114,-0.3139,-0.0329,0.226,0.4048
2352,2.352,-0.019,0.0063,-0.2886,-0.0597,-0.0186,-0.0892
2353,2.353,0.0021,0.0078,-0.2656,-0.0552,-0.1178,-0.155
2354,2.354,0.0415,0.0009,-0.2041,-0.0598,-0.148,-0.2142
2355,2.355,0.047,0.0046,-0.259,-0.0563,-0.1212,-0.2679
2356,2.356,0.0231,-0.0009,-0.2751,-0.0386,-0.0969,-0.2204
2357,2.357,0.0103,-0.0039,-0.1674,-0.0357,-0.1193,-0.3518
2358,2.358,0.0146,0.0046,-0.0139,-0.039,-0.4244,-0.9476
2359,2.359,-0.0031,0.0103,0.0068,-0.0147,-0.2936,-0.6928
2360,2.36,-0.0191,0.0074,-0.0115,0.0013,-0.0945,0.0048
2361,2.361,-0.0217,0.0011,0.0728,0.0097,0.0866,0.2873
2362,2.362,-0.0242,0.0037,0.1189,0.0121,0.12,0.2036
2363,2.363,-0.0167,0.0075,0.1054,0.0141,0.1502,0.2816
2364,2.364,-0.0232,0.0097,0.0426,0.0295,0.1233,0.2119
2365,2.365,-0.0292,0.0093,0.0314,0.0313,0.099,0.2761
2366,2.366,-0.0569,0.0043,0.0419,0.0107,0.3456,0.7992
2367,2.367,-0.0766,0.0065,0.0514,0.0078,0.3787,0.7294
2368,2.368,-0.0943,0.005,0.0254,0.0052,0.1699,0.2811
2369,2.369,-0.0906,0.0035,-0.0296,-0.0105,-0.0747,-0.1272
2370,2.37,-0.0813,0.0063,-0.0658,0.0077,-0.1082,-0.1813
2371,2.371,-0.0397,0.0069,-0.0732,0.0198,-0.1383,-0.3264
2372,2.372,0.0254,0.0101,-0.0331,0.0218,-0.1115,-0.2832
2373,2.373,0.0344,0.0061,0.0462,0.0235,-0.0871,-0.2438
2374,2.374,0.0114,0.0105,0.0797,0.0288,-0.244,-0.5687
2375,2.375,0.0188,0.0156,0.1721,0.0371,-0.4273,-0.9622
2376,2.376,0.0255,0.0142,0.3596,0.0475,-0.2055,-0.381
2377,2.377,0.055,0.007,0.3852,0.0461,0.0038,0.1624
2378,2.378,0.0711,0,0.2611,0.0398,0.0857,0.2343
2379,2.379,0.0667,0.0049,0.1037,0.0227,0.1107,0.2992
2380,2.38,0.0449,0.0078,-0.0389,-0.0145,0.1333,0.2418
2381,2.381,0.0251,-0.0003,-0.2055,-0.0518,0.1133,0.1895
2382,2.382,0.0144,0.0078,-0.3171,-0.018,0.1318,0.3338
2383,2.383,0.0176,0.0175,-0.4187,-0.0048,0.3844,0.902
2384,2.384,0.0505,0.0292,-0.364,-0.0325,0.2765,0.6701
2385,2.385,0.1165,0.0341,-0.18,-0.0432,0.0462,0.0359
2386,2.386,0.1637,0.0275,-0.0578,-0.0727,-0.1036,-0.221
2387,2.387,0.1548,0.0164,0.0084,-0.0685,-0.0771,-0.2994
2388,2.388,0.1624,0.0029,0.0685,-0.0209,-0.102,-0.2299
2389,2.389,0.1409,-0.0061,0.1976,-0.0014,-0.1246,-0.2944
2390,2.39,0.1215,-0.0042,0.1807,0.0163,-0.1044,-0.2367
2391,2.391,0.092,-0.0024,0.1041,0.0218,-0.3081,-0.8179
2392,2.392,0.0225,-0.0063,0.0066,0.0173,-0.3895,-0.7411
2393,2.393,-0.12,-0.0098,-0.0569,0.0219,-0.1183,-0.2481
2394,2.394,-0.2626,-0.0199,-0.1381,0.0103,0.0628,0.2013
2395,2.395,-0.3925,-0.0211,-0.2116,0.0141,0.0963,0.2607
2396,2.396,-0.4749,-0.0234,-0.2805,0.0115,0.1273,0.2804
2397,2.397,-0.4919,-0.022,-0.234,0.0085,0.0978,0.3339
2398,2.398,-0.2626,-0.0229,-0.1056,0.0057,0.071,0.1903
2399,2.399,-0.0332,-0.028,0.0969,0.014,0.2434,0.5835
2400,2.4,-0.0038,-0.0306,0.1228,0.0264,0.4004,0.9535
2401,2.401,0.023,-0.0313,0.146,0.0376,0.2171,0.4249
2402,2.402,0.0473,-0.0305,0.1222,0.0477,-0.0053,-0.0687
2403,2.403,0.0694,-0.0268,0.1413,0.0756,-0.0953,-0.262
2404,2.404,0.0489,-0.025,0.1218,0.0716,-0.1229,-0.3208
2405,2.405,0.0302,-0.0278,0.1041,0.068,-0.0987,-0.2687
2406,2.406,0.0468,-0.0252,0.1186,0.0648,-0.1212,-0.2211
2407,2.407,0.0313,-0.021,0.104,0.062,-0.1415,-0.3522
2408,2.408,0.0449,-0.0122,0.1666,0.0374,-0.4193,-0.9479
2409,2.409,0.0824,0.0016,0.0855,0.0012,-0.3005,-0.6929
2410,2.41,0.0937,0.0035,-0.0715,-0.0227,-0.0476,-0.1499
2411,2.411,0.1037,0.0084,-0.1841,-0.0356,0.1172,0.2035
2412,2.412,0.1318,0.0038,-0.1643,-0.0874,0.1475,0.2686
2413,2.413,0.1402,-0.006,-0.1463,-0.0943,0.1208,0.3271
2414,2.414,0.0853,0.0001,-0.1634,-0.0747,0.0966,0.2749
2415,2.415,0.0353,-0.0032,-0.0567,-0.0687,0.0743,0.2272
2416,2.416,0.0287,-0.0004,0.0682,-0.0419,0.339,0.7953
2417,2.417,0.0227,-0.0091,0.1183,-0.0175,0.3752,0.7184
2418,2.418,-0.004,-0.0103,0.2251,-0.0129,0.1452,0.2254
2419,2.419,0.02,-0.0115,0.3499,0.0152,-0.0641,-0.0958
2420,2.42,0.0418,-0.0091,0.1981,0.0261,-0.0918,-0.2714
2421,2.421,0.0378,-0.0034,0.0555,0.0295,-0.1167,-0.325
2422,2.422,0.0342,0.0001,0.1476,0.0207,-0.0947,-0.2777
2423,2.423,0.0244,-0.0065,0.3995,-0.0039,-0.0746,-0.1471
2424,2.424,0.0215,-0.0059,0.5794,-0.0202,-0.2042,-0.5045
2425,2.425,-0.0086,0.0038,0.0864,-0.0651,-0.4231,-0.9372
2426,2.426,-0.0446,0.0188,-0.2657,-0.0973,-0.2146,-0.4139
2427,2.427,-0.0688,0.0166,-0.4579,-0.103,0.0301,0.0799
2428,2.428,-0.0556,0.0107,-0.5162,-0.0442,0.0636,0.2734
2429,2.429,-0.0436,0.0054,-0.6747,0.0106,0.0938,0.2162
2430,2.43,-0.0544,0.0127,-0.7227,0.0035,0.1212,0.2696
2431,2.431,-0.018,0.0084,-0.4172,-0.0287,0.0968,0.2219
2432,2.432,0.0353,0.0118,0.1779,-0.023,0.1192,0.3528
2433,2.433,0.0567,0.0059,0.2626,-0.0281,0.4244,0.869
2434,2.434,0.0631,0.0087,0.1848,-0.0328,0.2936,0.6584
2435,2.435,0.0222,0.0021,0.1143,-0.0195,0.0947,0.0816
2436,2.436,-0.0042,0.0044,0.0502,-0.0076,-0.0864,-0.1523
2437,2.437,-0.0088,0.0127,-0.1241,0.0177,-0.1197,-0.2238
2438,2.438,-0.0307,0.0203,-0.2823,0.021,-0.1498,-0.2885
2439,2.439,-0.0346,0.0295,-0.2337,0.0182,-0.123,-0.231
2440,2.44,-0.0239,0.0256,-0.1022,0.0156,-0.0986,-0.1784
2441,2.441,-0.0011,0.0129,0.0173,0.0133,-0.3003,-0.8031
2442,2.442,0.0437,0.0009,0.198,0.0199,-0.3817,-0.8887
2443,2.443,0.0112,-0.0069,0.231,0.0383,-0.1597,-0.1913
2444,2.444,-0.0183,-0.0056,0.1419,0.0456,0.0496,0.0913
2445,2.445,-0.0133,-0.002,0.1149,0.0434,0.0773,0.1779
2446,2.446,0.0106,-0.0031,0.0905,0.0535,0.1022,0.256
2447,2.447,0.0149,-0.0001,0.1132,0.0553,0.1247,0.3268
2448,2.448,0.003,0.0007,0.0936,0.0569,0.1046,0.2632
2449,2.449,-0.0076,-0.0053,0.1501,0.0645,0.2342,0.5538
2450,2.45,-0.0302,-0.0075,0.202,0.0797,0.4194,0.9238
2451,2.451,-0.0269,-0.011,0.127,0.0817,0.1975,0.3952
2452,2.452,-0.0291,-0.0093,0.0868,0.076,-0.0118,-0.0984
2453,2.453,-0.0214,-0.0027,0.025,0.054,-0.0938,-0.164
2454,2.454,-0.0099,0.0102,-0.0314,0.0209,-0.1188,-0.223
2455,2.455,-0.0157,0.0085,-0.0406,-0.01,-0.1416,-0.2765
2456,2.456,-0.0025,0.0103,-0.0113,-0.022,-0.1216,-0.229
2457,2.457,-0.0005,0.012,0.0499,-0.0622,-0.1402,-0.3602
2458,2.458,-0.0142,0.0163,0.1054,-0.089,-0.3928,-0.9559
2459,2.459,-0.001,0.0278,0.0851,-0.1036,-0.285,-0.7009
2460,2.46,0.0212,0.0174,0.0408,-0.0553,-0.0548,-0.0032
2461,2.461,0.0301,0.0136,0.0005,-0.0232,0.0949,0.2794
2462,2.462,0.0112,0.0176,-0.0789,-0.0292,0.1224,0.1955
2463,2.463,-0.0159,0.0256,-0.1128,-0.0348,0.1472,0.2736
2464,2.464,-0.0266,0.0248,-0.1224,-0.0303,0.125,0.204
2465,2.465,-0.0101,0.0166,-0.1123,-0.0262,0.1047,0.2682
2466,2.466,-0.0073,0.0137,-0.0685,-0.0225,0.3082,0.7913
2467,2.467,-0.0047,0.0025,-0.0285,-0.0046,0.3895,0.7216
2468,2.468,0.0025,-0.0018,-0.0206,0.025,0.1182,0.2733
2469,2.469,-0.0042,-0.0085,-0.0132,0.0288,-0.063,-0.135
2470,2.47,-0.0023,-0.0196,0.0287,0.0322,-0.0966,-0.189
2471,2.471,-0.0005,-0.0148,0.0665,0.0353,-0.1268,-0.334
2472,2.472,0.0044,-0.0077,0.1397,0.0144,-0.1543,-0.2911
2473,2.473,-0.0003,-0.0086,0.2549,-0.0049,-0.0807,-0.2519
2474,2.474,-0.0045,-0.0187,0.179,-0.0223,-0.1929,-0.5767
2475,2.475,-0.0059,-0.0144,0.0545,-0.0203,-0.417,-0.9701
2476,2.476,-0.0164,-0.0053,-0.063,-0.0347,-0.2085,-0.3889
2477,2.477,-0.0263,-0.004,-0.2009,-0.033,-0.0183,0.1545
2478,2.478,-0.0277,0.0078,-0.3306,-0.0315,0.1054,0.2263
2479,2.479,-0.013,0.0187,-0.2467,-0.027,0.1281,0.2913
2480,2.48,-0.0111,0.012,-0.1397,-0.0284,0.1485,0.35
2481,2.481,-0.0056,0.0009,-0.0425,-0.0222,0.1302,0.2976
2482,2.482,-0.004,-0.0035,0.0462,-0.0279,0.1134,0.3458
2483,2.483,-0.0117,-0.013,0.1046,-0.0206,0.343,0.914
2484,2.484,-0.0104,-0.0216,0.0744,-0.0067,0.3102,0.6822
2485,2.485,-0.0042,-0.027,0.1414,0.0034,0.0412,0.0481
2486,2.486,0.0082,-0.0174,0.0297,0.0127,-0.0678,-0.2086
2487,2.487,0.0335,-0.011,-0.1382,0.0076,-0.1013,-0.2869
2488,2.488,0.0662,-0.0099,-0.1156,0.0121,-0.1315,-0.3576
2489,2.489,0.0793,-0.0107,-0.0951,0.0191,-0.1589,-0.2942
2490,2.49,0.0513,-0.0079,-0.0395,0.0355,-0.0854,-0.2364
2491,2.491,0.0111,-0.0138,0.0448,0.0288,-0.332,-0.8174
2492,2.492,-0.0262,-0.0084,0.0603,0.0227,-0.3651,-0.8952
2493,2.493,-0.0309,-0.0104,0.1023,0.0246,-0.1564,-0.2615
2494,2.494,-0.0441,-0.0134,0.0143,0.0127,0.0882,0.1659
2495,2.495,-0.0481,-0.0094,-0.0661,0.0173,0.1216,0.2447
2496,2.496,-0.03,-0.0099,-0.1807,0.0213,0.0922,0.3158
2497,2.497,-0.0065,-0.0024,-0.2387,0.0046,0.1336,0.2908
2498,2.498,0.0233,-0.0013,-0.3459,-0.0093,0.1067,0.2274
2499,2.499,0.0272,-0.0002,-0.2767,-0.0038,0.2299,0.5181
2500,2.5,0.0236,-0.006,-0.1381,0.0013,0.4317,0.8882
2501,2.501,0.0204,-0.0103,-0.1199,-0.0003,0.242,0.4558
2502,2.502,0.0474,-0.0005,0.0312,0.0037,-0.0298,-0.0687
2503,2.503,0.0583,-0.0075,0.0106,0.0049,-0.0666,-0.1404
2504,2.504,0.0419,-0.0014,0.1397,0.0126,-0.0999,-0.2051
2505,2.505,0.0271,-0.0048,0.1561,0.0114,-0.1301,-0.2637
2506,2.506,0.008,-0.0059,0.0793,0.0104,-0.1033,-0.2113
2507,2.507,0.0058,-0.0015,0.0373,0.0008,-0.128,-0.3555
2508,2.508,0.017,-0.0008,0.0245,0.0068,-0.4193,-0.9235
2509,2.509,0.0029,0.0012,0.0587,0.0076,-0.3006,-0.6916
2510,2.51,-0.0138,0.0004,0.0686,0.0085,-0.0477,-0.0573
2511,2.511,-0.0248,0.0007,0.1155,0.0111,0.1171,0.2
2512,2.512,-0.0472,0.0022,0.0891,0.0153,0.0879,0.2787
2513,2.513,-0.0321,-0.0028,0.0964,0.016,0.1153,0.3497
2514,2.514,-0.0183,-0.0013,0.103,0.0097,0.1401,0.2864
2515,2.515,-0.0058,0.0036,0.0703,0.002,0.0731,0.2288
2516,2.516,-0.0036,0.0111,0.0526,-0.0009,0.2969,0.7046
2517,2.517,-0.0056,0.0181,0.0258,0.002,0.3865,0.7692
2518,2.518,0.0037,0.03,0.0209,-0.0037,0.1423,0.2455
2519,2.519,0.0055,0.0178,0.0428,0.0036,-0.0882,-0.1074
2520,2.52,0.001,0.0159,0.0545,0.0047,-0.1186,-0.1726
2521,2.521,0.008,0.0142,0.0509,0.0075,-0.146,-0.2313
2522,2.522,0.0143,0.0128,0.0476,0.007,-0.1218,-0.2846
2523,2.523,0.0041,-0.0001,0.0026,0.0009,-0.0996,-0.2369
2524,2.524,-0.0028,-0.0224,-0.0166,-0.0101,-0.2013,-0.5427
2525,2.525,-0.0064,-0.0315,-0.0109,-0.0084,-0.4421,-0.9795
2526,2.526,-0.012,-0.0291,-0.0058,-0.0123,-0.2124,-0.4562
2527,2.527,-0.015,-0.017,0.0084,-0.0059,-0.003,0.0377
2528,2.528,-0.0141,-0.0017,0.0037,-0.0089,0.1333,0.2314
2529,2.529,-0.0081,0.0082,0.0074,-0.0098,0.1093,0.2905
2530,2.53,0.0019,0.0061,0.0182,-0.0104,0.132,0.344
2531,2.531,-0.0049,0.0109,0.0085,-0.006,0.1119,0.2004
2532,2.532,-0.0012,0.0061,0,-0.008,0.1306,0.3317
2533,2.533,-0.0089,-0.0011,-0.0133,-0.0029,0.383,0.848
2534,2.534,-0.0036,0.0023,0.0044,-0.0057,0.3472,0.4968
2535,2.535,-0.0008,0.0031,-0.0107,-0.0002,0.0514,0.0481
2536,2.536,-0.0017,-0.0002,-0.0367,-0.002,-0.0682,-0.244
2537,2.537,-0.0068,-0.0069,-0.0255,-0.0076,-0.1046,-0.1924
2538,2.538,-0.0061,-0.0046,-0.0022,-0.0036,-0.1377,-0.2412
2539,2.539,-0.0077,0.0004,0.0311,-0.007,-0.1081,-0.2854
2540,2.54,-0.0048,-0.0047,0.0271,-0.0051,-0.0811,-0.1667
2541,2.541,-0.0106,-0.0132,0.0238,-0.002,-0.3028,-0.708
2542,2.542,-0.0129,-0.0079,0.0208,-0.0076,-0.3922,-0.7858
2543,2.543,-0.0136,-0.0028,-0.0083,-0.0082,-0.1479,-0.2931
2544,2.544,-0.0042,0.0074,-0.0356,-0.0074,0.017,0.1562
2545,2.545,0.0054,0.0113,-0.0314,-0.0115,0.0476,0.2158
2546,2.546,0.0016,0.0149,0.0121,-0.0074,0.1293,0.2694
2547,2.547,0.0047,0.0158,0.0655,-0.0078,0.1541,0.3181
2548,2.548,0.0017,0.0104,0.0163,-0.0047,0.0872,0.1875
2549,2.549,-0.0047,0.015,-0.0025,-0.0026,0.2297,0.5449
2550,2.55,-0.0072,0.0107,-0.031,0.0032,0.4336,0.8815
2551,2.551,-0.0035,0.0114,-0.0568,0.0057,0.2441,0.4883
2552,2.552,-0.0055,0.0093,-0.0801,0.0095,0.0217,-0.0944
2553,2.553,-0.005,0.0062,-0.0922,0.0144,-0.0683,-0.1734
2554,2.554,-0.0115,0.0033,-0.0795,0.0227,-0.0957,-0.2446
2555,2.555,0.0014,-0.0025,-0.0531,0.0259,-0.1204,-0.3093
2556,2.556,-0.0006,-0.0124,-0.062,0.0311,-0.1429,-0.2519
2557,2.557,0.0078,-0.0138,-0.0222,0.0319,-0.1226,-0.3051
2558,2.558,0.0154,-0.005,0.0265,0.0277,-0.4003,-0.93
2559,2.559,-0.0055,-0.0017,0.0335,0.0161,-0.2814,-0.6753
2560,2.56,-0.0265,-0.007,0.0282,0.0042,-0.1004,-0.1326
2561,2.561,-0.0238,-0.0005,0.0127,-0.0128,0.0646,0.2205
2562,2.562,-0.0216,0.0038,-0.0111,-0.0331,0.0951,0.2855
2563,2.563,0.0119,0.0108,-0.0417,-0.0469,0.1225,0.2279
2564,2.564,0.0457,0.0117,-0.0377,-0.0493,0.1474,0.2812
2565,2.565,0.0764,0.011,-0.0269,-0.056,0.0805,0.2333
2566,2.566,0.0484,0.0117,-0.017,-0.05,0.3044,0.7136
2567,2.567,0.0082,0.0098,0.0038,-0.0445,0.394,0.7777
2568,2.568,0.0134,0.0082,0.0065,-0.0226,0.1499,0.2538
2569,2.569,0.0086,-0.0004,0.0189,-0.0198,-0.0805,-0.0996
2570,2.57,-0.0046,-0.0091,0.0211,-0.0226,-0.1109,-0.1651
2571,2.571,-0.0085,-0.0034,0.0192,-0.0054,-0.1383,-0.2242
2572,2.572,-0.012,-0.0023,0.0213,0.0191,-0.114,-0.2777
2573,2.573,0.0044,0.0006,0.0162,0.0222,-0.0917,-0.2301
2574,2.574,0.0131,0.0049,0.0145,0.025,-0.1934,-0.5361
2575,2.575,-0.0006,-0.0064,0.0238,0.0221,-0.4342,-0.9732
2576,2.576,0.0016,-0.008,0.0146,0.0196,-0.27,-0.4501
2577,2.577,0.0038,-0.0123,0.0066,0.0172,-0.0008,0.0436
2578,2.578,-0.0023,-0.0081,-0.0093,0.0191,0.1081,0.237
2579,2.579,-0.0004,-0.0016,-0.025,0.0134,0.1415,0.296
2580,2.58,0.0081,0.0065,-0.0311,0.0116,0.112,0.2439
2581,2.581,-0.0025,-0.0006,-0.0217,0.0039,0.1393,0.2924
2582,2.582,-0.0094,-0.0067,-0.02,0.0079,0.1149,0.3361
2583,2.583,-0.0006,-0.0006,-0.034,0.009,0.4063,0.8524
2584,2.584,0.0026,0.0049,-0.0325,0.0056,0.2875,0.6418
2585,2.585,-0.0068,0.0116,-0.0141,0.0025,0.0347,0.065
2586,2.586,-0.0031,0.0196,-0.0072,0.0052,-0.0646,-0.1688
2587,2.587,0.0026,0.0272,-0.01,0.0093,-0.0949,-0.2402
2588,2.588,0.0098,0.0266,-0.0128,0.0099,-0.1224,-0.3048
2589,2.589,0.0106,0.014,-0.0116,0.0092,-0.1472,-0.2473
2590,2.59,-0.0023,0.005,-0.0138,0.006,-0.0802,-0.1949
2591,2.591,-0.0189,-0.0134,-0.0157,0.0076,-0.3041,-0.7234
2592,2.592,-0.0211,-0.0058,-0.0229,0.004,-0.3937,-0.794
2593,2.593,-0.0191,-0.0034,-0.0219,-0.0029,-0.1497,-0.3457
2594,2.594,0.0014,-0.0051,-0.0207,0.0023,0.0807,0.1791
2595,2.595,0.0042,-0.0142,-0.0175,0.0014,0.1111,0.2508
2596,2.596,-0.0081,-0.0157,-0.0163,-0.0011,0.1385,0.3156
2597,2.597,-0.0147,-0.0231,-0.0185,0.0042,0.1142,0.2582
2598,2.598,-0.019,-0.0268,-0.021,0.001,0.1009,0.2205
2599,2.599,-0.0252,-0.0254,-0.0218,-0.0009,0.2129,0.4848
2600,2.6,-0.0158,-0.0063,-0.0143,-0.0004,0.4368,0.9176
2601,2.601,-0.0039,0.0075,-0.0176,0.0002,0.2282,0.5109
2602,2.602,0.0007,0.0053,-0.004,-0.0003,-0.0165,-0.0715
2603,2.603,0.0021,0.012,0.0261,0.0048,-0.1158,-0.1504
2604,2.604,-0.0066,0.006,0.0301,0.0041,-0.1461,-0.2215
2605,2.605,0.0013,0.0042,0.0256,0.0025,-0.1195,-0.2861
2606,2.606,0.0067,0.0025,0.0429,0.0066,-0.1444,-0.2285
2607,2.607,0.0113,0.0072,0.0918,0.0008,-0.167,-0.2814
2608,2.608,0.0089,0.0059,0.1125,-0.0013,-0.4318,-0.906
2609,2.609,0.0019,-0.0003,0.067,-0.0106,-0.324,-0.651
2610,2.61,0.0103,0.003,0.0955,-0.0044,-0.0939,-0.1081
2611,2.611,0.0111,0.0021,0.1104,-0.0076,0.1153,0.2451
2612,2.612,0.0101,0.0031,0.1435,-0.0213,0.1429,0.1825
2613,2.613,0.0205,0.0006,0.0857,-0.012,0.1187,0.2413
2614,2.614,0.0137,-0.003,0.0148,-0.0001,0.1412,0.2947
2615,2.615,-0.0001,-0.0049,0.0431,-0.0046,0.0804,0.2471
2616,2.616,0.0057,-0.0053,-0.0514,-0.0086,0.3211,0.7277
2617,2.617,0.0007,-0.0057,-0.1136,-0.0073,0.4197,0.7922
2618,2.618,-0.0039,0.0011,-0.0321,-0.004,0.151,0.2686
2619,2.619,-0.0136,0.004,-0.1253,0.0077,-0.0301,-0.0845
2620,2.62,-0.0228,0.0066,-0.2132,0.0185,-0.0636,-0.2776
2621,2.621,-0.0154,-0.0018,-0.0405,0.0147,-0.1534,-0.3364
2622,2.622,0.0001,-0.0142,0.0334,0.0137,-0.1267,-0.2841
2623,2.623,0.0336,-0.0124,0.1005,0.013,-0.1023,-0.2365
2624,2.624,0.0286,-0.0199,0.0799,0.0101,-0.2144,-0.6297
2625,2.625,-0.0023,-0.0295,0.0241,0.013,-0.4383,-0.9996
2626,2.626,-0.0225,-0.018,-0.0603,0.0054,-0.2298,-0.471
2627,2.627,-0.0408,-0.0134,-0.137,-0.0039,0.0148,0.0227
2628,2.628,-0.0442,-0.0064,-0.1231,-0.0001,0.1141,0.2162
2629,2.629,-0.0235,-0.0125,-0.1861,-0.0077,0.1444,0.2754
2630,2.63,0.0177,-0.0134,-0.1283,-0.0107,0.1177,0.329
2631,2.631,0.0235,-0.0018,0.008,-0.0061,0.1425,0.2815
2632,2.632,0.0076,0.0029,0.1011,0.0018,0.1203,0.3255
2633,2.633,-0.0069,0.0016,0.0512,-0.0097,0.385,0.9212
2634,2.634,-0.0026,-0.002,0.0974,-0.0141,0.3492,0.6664
2635,2.635,0.0013,-0.0009,0.1944,-0.0072,0.0534,0.1237
2636,2.636,0.0416,0.0003,0.2573,0.0067,-0.0663,-0.2295
2637,2.637,0.047,-0.0042,0.1535,0.0086,-0.1029,-0.1666
2638,2.638,-0.006,-0.0032,0.0838,0.0205,-0.1361,-0.2254
2639,2.639,-0.0414,-0.0068,-0.1056,0.0161,-0.1065,-0.2786
2640,2.64,0.004,-0.0032,-0.1322,-0.0046,-0.0796,-0.2308
2641,2.641,0.0214,0.0051,-0.1561,-0.0133,-0.3014,-0.7112
2642,2.642,-0.0157,0.0155,-0.3119,-0.0106,-0.3909,-0.9035
2643,2.643,-0.0204,0.0196,-0.3309,-0.0228,-0.1468,-0.2635
2644,2.644,-0.0072,0.0335,-0.3116,-0.025,0.0181,0.1638
2645,2.645,0.0528,0.054,-0.1931,-0.027,0.1082,0.2428
2646,2.646,0.0613,0.0513,0.0063,-0.0214,0.1357,0.314
2647,2.647,0.0067,0.039,0.1422,-0.0061,0.1114,0.2507
2648,2.648,-0.0289,0.0368,0.1179,0.004,0.0892,0.193
2649,2.649,-0.0224,0.0307,0.1846,0.0058,0.191,0.4572
2650,2.65,-0.0282,0.0251,0.2041,0.0142,0.4319,0.8899
2651,2.651,-0.044,0.0133,0.1854,0.0125,0.2679,0.4832
2652,2.652,-0.0391,0.0118,0.1689,0.0164,-0.0012,0.0063
2653,2.653,-0.0433,0.0105,0.2456,0.0175,-0.1101,-0.1872
2654,2.654,-0.0231,0.0093,0.3157,0.0206,-0.0778,-0.2461
2655,2.655,-0.0194,-0.001,0.2031,0.0175,-0.1079,-0.2996
2656,2.656,-0.0027,-0.0051,0.1584,0.0128,-0.1351,-0.2521
2657,2.657,0.0366,-0.0164,0.0343,0.0119,-0.1107,-0.296
2658,2.658,0.0954,-0.0149,0.2204,0.0034,-0.4021,-0.8916
2659,2.659,0.1032,-0.0219,0.2951,-0.0022,-0.3627,-0.6368
2660,2.66,0.0107,-0.0281,0.0492,0.0007,-0.1098,-0.094
2661,2.661,-0.0523,-0.0271,-0.1147,-0.0002,0.0551,0.2592
2662,2.662,-0.0636,-0.0345,-0.1445,-0.0131,0.0856,0.1964
2663,2.663,-0.0532,-0.0205,-0.2801,-0.0225,0.113,0.255
2664,2.664,-0.0625,-0.0064,-0.5019,-0.0175,0.1378,0.3083
2665,2.665,-0.0192,-0.0158,-0.7104,-0.0221,0.0707,0.1646
2666,2.666,0.0357,-0.0142,-0.6291,-0.0263,0.2945,0.7325
2667,2.667,0.1,-0.0249,-0.3084,-0.0252,0.384,0.8102
2668,2.668,0.1951,-0.0209,-0.0023,-0.0263,0.1398,0.3174
2669,2.669,0.1575,-0.0198,0.117,-0.0316,-0.025,-0.1319
2670,2.67,0.054,-0.0167,0.1532,-0.0308,-0.1151,-0.1915
2671,2.671,0.0402,-0.0138,0.2516,-0.0181,-0.1426,-0.2453
2672,2.672,0.0025,-0.0093,0.3411,0.006,-0.1186,-0.2941
2673,2.673,0.0141,-0.0086,0.3144,0.0157,-0.0965,-0.2509
2674,2.674,0.0038,-0.0035,0.2411,0.0244,-0.1983,-0.5289
2675,2.675,-0.0056,0.0013,0.1294,0.0161,-0.4392,-0.9261
2676,2.676,-0.0314,-0.0019,0.0278,0.0136,-0.2753,-0.4507
2677,2.677,-0.0705,-0.0096,-0.1018,0.02,-0.0063,-0.0015
2678,2.678,-0.106,-0.0149,-0.186,0.0299,0.1025,0.1743
2679,2.679,-0.1125,-0.0086,-0.2932,0.0279,0.1358,0.2282
2680,2.68,-0.0833,-0.0078,-0.2518,0.0125,0.1063,0.2769
2681,2.681,-0.0033,-0.001,-0.1128,0.0103,0.1334,0.2338
2682,2.682,0.0313,-0.0019,0.054,0.0046,0.1089,0.2737
2683,2.683,-0.0414,-0.0063,0.3457,0.0265,0.4002,0.8149
2684,2.684,-0.1267,-0.0148,0.3064,0.0175,0.3606,0.738
2685,2.685,-0.138,-0,0.3425,0.0037,0.1077,0.1039
2686,2.686,-0.1068,-0.0022,0.1787,-0.0337,-0.0573,-0.1531
2687,2.687,-0.0404,0.0144,-0.0296,-0.0498,-0.0877,-0.2317
2688,2.688,-0.0146,0.0121,-0.219,-0.0356,-0.1152,-0.3024
2689,2.689,0.04,0.0059,-0.2926,-0.0225,-0.1401,-0.2389
2690,2.69,0.0185,0.0188,-0.4942,-0.0188,-0.0731,-0.1811
2691,2.691,0.0636,0.0305,-0.4671,-0.0154,-0.297,-0.7623
2692,2.692,0.1046,0.0134,-0.1962,-0.0123,-0.3866,-0.84
2693,2.693,0.1101,0.0067,-0.0161,0.0024,-0.1968,-0.3474
2694,2.694,0.0862,0.0087,0.1476,0.0103,0.0748,0.102
2695,2.695,0.0467,0.0104,0.177,0.0125,0.1114,0.2777
2696,2.696,0.0311,0.0121,0.2576,0.0235,0.1446,0.3312
2697,2.697,0.017,0.0074,0.6267,0.0499,0.1151,0.2838
2698,2.698,0.0215,0.0113,0.679,0.0533,0.0881,0.2404
2699,2.699,-0.0089,0.0102,0.2561,0.0485,0.1819,0.479
2700,2.7,-0.0367,0.0063,-0.0806,0.0386,0.4037,0.9159
2701,2.701,-0.0547,0.0052,-0.1249,0.0176,0.2547,0.5091
2702,2.702,-0.071,0.0123,-0.3242,0.0037,0.0101,-0.0734
2703,2.703,-0.0682,0.0148,-0.5053,0.0012,-0.0891,-0.1524
2704,2.704,-0.06,0.0189,-0.4727,-0.0055,-0.1195,-0.2237
2705,2.705,-0.0229,0.0134,-0.3833,-0.0321,-0.1469,-0.2884
2706,2.706,0.0572,0.0026,-0.2473,-0.0431,-0.1226,-0.231
2707,2.707,0.138,-0.0145,-0.1229,-0.04,-0.1004,-0.2841
2708,2.708,0.0444,-0.0125,0.0799,-0.0313,-0.4057,-0.909
2709,2.709,0.007,-0.0025,0.2709,-0.0123,-0.3624,-0.6542
2710,2.71,-0.0046,0.0066,0.395,-0.0148,-0.0842,-0.1115
2711,2.711,-0.0151,0.0182,0.2832,-0.017,0.0969,0.2418
2712,2.712,-0.006,0.0105,0.1813,-0.0191,0.1302,0.179
2713,2.713,-0.0321,0.0063,0.0884,0.0013,0.1603,0.2375
2714,2.714,-0.0402,0.0024,0.0039,-0.0015,0.1335,0.2907
2715,2.715,-0.0333,-0.0055,-0.165,-0.0039,0.1092,0.2429
2716,2.716,-0.04,-0.0066,-0.2328,-0.0106,0.311,0.7233
2717,2.717,0.0129,-0.0003,-0.0914,-0.0047,0.3925,0.7876
2718,2.718,0.0626,-0.0013,0.0746,-0.003,0.1705,0.3802
2719,2.719,0.082,-0.0035,0.0966,0.002,-0.0388,-0.0971
2720,2.72,0.0413,-0.0016,0.0355,0.0064,-0.0665,-0.1627
2721,2.721,0.0148,-0.0021,-0.0202,0.0103,-0.1406,-0.3378
2722,2.722,0.0293,-0.0039,-0.0369,0.0165,-0.1632,-0.2857
2723,2.723,0.0339,-0.0064,0.0399,0.0242,-0.1025,-0.2382
2724,2.724,0.0141,-0.0061,0.0824,0.0148,-0.1951,-0.4569
2725,2.725,-0.0041,-0.0109,0.0709,0.016,-0.4138,-0.9735
2726,2.726,0.0317,-0.0067,0.1522,0.0106,-0.2648,-0.4816
2727,2.727,0.0552,-0.0155,0.1008,0.0013,-0.0203,-0.0325
2728,2.728,0.05,-0.0268,0.0727,0.0003,0.079,0.2594
2729,2.729,0.0215,-0.0162,-0.0048,-0.0099,0.1093,0.2074
2730,2.73,-0.0337,-0.001,-0.0568,-0.0028,0.1368,0.256
2731,2.731,-0.1359,-0.003,-0.104,-0.019,0.1125,0.2999
2732,2.732,-0.0946,-0.0012,-0.0433,-0.0166,0.135,0.2603
2733,2.733,-0.0572,-0.0029,0.0432,-0.0062,0.3997,0.8014
2734,2.734,-0.0231,0.0017,-0.0597,0.007,0.2918,0.7243
2735,2.735,0.0286,0.0113,-0.0731,0.0191,0.0618,0.0902
2736,2.736,0.0567,0.0102,-0.1358,0.0239,-0.088,-0.3374
2737,2.737,0.0478,-0.0023,-0.1242,0.0089,-0.1156,-0.2616
2738,2.738,0.0709,0.0062,-0.0932,0.003,-0.1405,-0.3328
2739,2.739,0.021,0.0047,-0.084,0.0014,-0.1631,-0.2697
2740,2.74,-0.0761,-0.0078,-0.0066,0.0033,-0.1024,-0.2123
2741,2.741,-0.1733,-0.0094,0.066,0.0051,-0.2691,-0.6881
2742,2.742,-0.1353,-0.0078,0.208,0.0067,-0.3813,-0.8807
2743,2.743,-0.1236,-0.0147,0.2285,0.0107,-0.1573,-0.2411
2744,2.744,-0.0922,-0.0209,0.3212,0.0166,0.052,0.1859
2745,2.745,-0.0636,-0.0152,0.4056,0.0199,0.0798,0.2644
2746,2.746,-0.0031,-0.0098,0.2989,0.0193,0.1047,0.3352
2747,2.747,0.036,-0.0052,0.1183,0.0204,0.1273,0.2718
2748,2.748,0.0147,0.0027,0.0942,0.0243,0.1072,0.2139
2749,2.749,0.0083,0.0058,0.1618,0.0225,0.1998,0.4779
2750,2.75,0.014,0.0086,0.2634,0.0144,0.4186,0.9103
2751,2.751,0.0621,0.0146,0.0594,-0.0025,0.2697,0.5034
2752,2.752,0.0685,0.0125,-0.2933,-0.0347,0.0251,0.0262
2753,2.753,0.086,0.0062,-0.4379,-0.0302,-0.074,-0.1676
2754,2.754,0.0059,0.0054,-0.744,-0.0101,-0.1043,-0.227
2755,2.755,-0.0977,0.0139,-1.0221,-0.0063,-0.1317,-0.2805
2756,2.756,-0.0838,0.0218,-0.9142,-0.0029,-0.1075,-0.2333
2757,2.757,-0.0207,0.0271,-0.6845,-0.0055,-0.0853,-0.2774
2758,2.758,0.129,0.0168,-0.2966,-0.03,-0.3905,-0.8734
2759,2.759,0.1899,0.0238,0.0732,-0.0396,-0.3471,-0.789
2760,2.76,0.1714,0.01,0.3138,-0.0122,-0.069,-0.0916
2761,2.761,0.0872,0.0082,0.3578,-0.0011,0.1121,0.1908
2762,2.762,0.0719,0.01,0.3185,-0.0041,0.08,0.2771
2763,2.763,0.0579,0.0055,0.3545,0.017,0.1101,0.2001
2764,2.764,0.0453,0.0124,0.3216,0.0309,0.0833,0.2708
2765,2.765,-0.0124,0.0063,0.53,0.0535,0.0589,0.207
2766,2.766,-0.0436,-0.0014,0.6109,0.0686,0.3054,0.73
2767,2.767,-0.11,-0.0024,0.4381,0.066,0.404,0.8005
2768,2.768,-0.153,-0.005,0.3258,0.049,0.1952,0.3522
2769,2.769,-0.1606,-0.0058,0.2648,0.0336,-0.0495,-0.1727
2770,2.77,-0.1818,-0.0079,0.0609,0.0195,-0.083,-0.2446
2771,2.771,-0.1623,-0.0071,-0.1833,-0.0083,-0.1132,-0.3095
2772,2.772,-0.0974,-0.0039,-0.5447,-0.0443,-0.1406,-0.2524
2773,2.773,0.0322,0.005,-0.5932,-0.049,-0.1163,-0.2003
2774,2.774,0.3103,0.0114,-0.4627,-0.0798,-0.1836,-0.4408
2775,2.775,0.3501,0.0012,-0.3443,-0.0917,-0.4076,-1.0091
2776,2.776,0.3144,-0,-0.0924,-0.0737,-0.2586,-0.4676
2777,2.777,0.1505,0.0013,0.0056,-0.0509,-0.0141,0.026
2778,2.778,0.0615,-0.0042,0.0348,-0.0482,0.085,0.2192
2779,2.779,-0.0195,0.0012,0.0612,-0.0404,0.1153,0.2783
2780,2.78,0.0052,-0.0032,0.085,-0.0479,0.1426,0.3316
2781,2.781,0.0276,-0.0006,0.0618,-0.0326,0.1183,0.2841
2782,2.782,0.0072,-0.0041,0.0812,-0.0144,0.096,0.2407
2783,2.783,-0.0112,0.0009,0.0619,-0.0268,0.3606,0.8362
2784,2.784,-0.0279,-0.0032,0.078,-0.0202,0.3247,0.7515
2785,2.785,-0.043,-0.0048,0.0926,-0.018,0.0945,0.2089
2786,2.786,-0.0289,-0.0061,0.0782,-0.0123,-0.0553,-0.1443
2787,2.787,-0.0413,-0.0072,0.0653,0.0099,-0.083,-0.2097
2788,2.788,-0.1217,-0.0067,0.0765,0.0248,-0.108,-0.2684
2789,2.789,-0.1526,-0.0123,0.0657,0.0221,-0.1306,-0.3216
2790,2.79,-0.238,-0.0234,0.0558,0.0243,-0.1106,-0.1775
2791,2.791,-0.1805,-0.0278,0.0467,0.022,-0.2773,-0.7454
2792,2.792,-0.1284,-0.0236,0.0541,0.028,-0.4343,-0.8229
2793,2.793,-0.1189,-0.0223,0.0466,0.0371,-0.1696,-0.3302
2794,2.794,-0.0757,-0.0254,0.0269,0.0353,0.0114,0.1193
2795,2.795,-0.005,-0.018,0.0322,0.0336,0.1105,0.1791
2796,2.796,0.0046,-0.0114,-0.0056,0.0347,0.1407,0.233
2797,2.797,0.0135,-0.0054,-0.0595,0.0383,0.1138,0.2819
2798,2.798,0.0059,0.0047,-0.0957,0.0436,0.0894,0.2387
2799,2.799,-0.0153,0.0089,-0.1028,0.0382,0.1566,0.4375
2800,2.8,0.0041,0.0063,-0.0964,0.0324,0.425,0.9132
2801,2.801,0.0235,0.0101,-0.0795,0.0181,0.2419,0.5166
2802,2.802,0.0765,0.0091,-0.0643,-0.0128,0.0194,0.0397
2803,2.803,0.0978,0.0145,-0.051,-0.0703,-0.0706,-0.2815
2804,2.804,0.0785,0.01,-0.0215,-0.0314,-0.0983,-0.2242
2805,2.805,0.0491,0.0109,0.0052,-0.0387,-0.1232,-0.2776
2806,2.806,0.0437,0.0162,0.0294,-0.0324,-0.1458,-0.2299
2807,2.807,0.058,0.0197,0.0122,-0.0384,-0.0851,-0.2736
2808,2.808,0.0623,0.0215,-0.0028,-0.0333,-0.3629,-0.8691
2809,2.809,0.0585,0.0209,-0.0271,-0.0288,-0.3236,-0.7842
2810,2.81,0.0478,0.0204,-0.056,-0.0159,-0.143,-0.2414
2811,2.811,0.0574,0.0134,-0.0511,-0.0042,0.0874,0.2528
2812,2.812,0.0543,0.0102,-0.0395,0.0137,0.1177,0.1903
2813,2.813,0.0458,-0.0002,-0.0224,0.0103,0.145,0.2492
2814,2.814,0.0282,-0.0044,-0.0248,0.013,0.1206,0.3027
2815,2.815,0.0075,-0.0007,-0.0054,0.0155,0.0984,0.2553
2816,2.816,-0.034,-0.0019,0.0219,0.0177,0.2816,0.6487
2817,2.817,-0.0753,-0.0073,0.04,0.0197,0.3555,0.9135
2818,2.818,-0.0705,-0.0083,0.0098,0.0175,0.1537,0.3848
2819,2.819,-0.095,-0.0127,0.0374,0.0266,-0.0367,-0.1086
2820,2.82,-0.1086,-0.0122,0.0551,0.0383,-0.1113,-0.1739
2821,2.821,-0.089,-0.0118,0.0646,0.0458,-0.0894,-0.2326
2822,2.822,-0.0785,-0.0115,0.0792,0.047,-0.1101,-0.2858
2823,2.823,-0.095,-0.0112,0.0872,0.0658,-0.1288,-0.2377
2824,2.824,-0.056,-0.0099,0.0749,0.0737,-0.1794,-0.456
2825,2.825,-0.0188,-0.0059,0.0414,0.0759,-0.4091,-0.9722
2826,2.826,-0.0043,-0.0033,0.0079,0.0737,-0.2451,-0.48
2827,2.827,0.0177,-0,0.0394,0.0635,-0.036,-0.0306
2828,2.828,0.0374,-0.0006,0.0681,0.0356,0.1003,0.2619
2829,2.829,0.0479,-0.0065,0.0797,0.0156,0.1253,0.2105
2830,2.83,0.064,-0.0015,0.064,-0.0245,0.1478,0.2596
2831,2.831,0.0724,0.0061,0.056,-0.0938,0.1278,0.304
2832,2.832,0.0694,0.0048,0.0156,-0.1601,0.1094,0.2648
2833,2.833,0.0367,-0,-0.0719,-0.1859,0.3618,0.8063
2834,2.834,0.0231,-0.0062,-0.185,-0.178,0.326,0.7296
2835,2.835,0.0266,-0.0134,-0.1996,-0.1281,0.0959,0.2367
2836,2.836,0.0298,-0.0072,-0.1296,-0.0567,-0.0539,-0.2124
2837,2.837,0.0132,-0.0083,-0.0409,-0.0092,-0.0816,-0.2716
2838,2.838,0.0042,-0.0078,0.017,0.0169,-0.1064,-0.3251
2839,2.839,0.0013,-0.013,0.0276,0.0404,-0.129,-0.2776
2840,2.84,0.0034,-0.0149,0.0752,0.0476,-0.1088,-0.2343
2841,2.841,-0.0079,-0.0192,0.0668,0.0413,-0.2754,-0.6709
2842,2.842,-0.006,-0.0179,0.0905,0.0357,-0.4324,-0.8455
2843,2.843,-0.0115,-0.0111,0.098,0.0305,-0.1677,-0.3694
2844,2.844,-0.0064,-0.0041,0.0793,0.0354,0.0134,0.08
2845,2.845,-0.0078,-0.0016,0.0152,0.031,0.1127,0.2559
2846,2.846,-0.0035,-0.0009,-0.0274,0.0273,0.1429,0.3096
2847,2.847,-0.0021,-0.0004,-0.0659,0.0238,0.1162,0.2623
2848,2.848,0.013,0.0043,-0.0724,0.0207,0.092,0.2192
2849,2.849,0.0193,0.0084,-0.0656,0.0119,0.1593,0.418
2850,2.85,0.0436,-0.0005,-0.0358,-0.0071,0.424,0.9595
2851,2.851,0.047,-0.0069,0.0447,-0.0243,0.2439,0.5727
2852,2.852,0.0265,-0.0103,0.1717,-0.0177,0.0137,-0.0616
2853,2.853,0.024,0.0011,0.1218,-0.0075,-0.0763,-0.1483
2854,2.854,-0.003,0.0116,0.0459,-0.0055,-0.1037,-0.2266
2855,2.855,-0.0356,0.0074,0.0049,0.0165,-0.1284,-0.2974
2856,2.856,-0.0487,0.0085,-0.0576,0.0195,-0.1508,-0.2339
2857,2.857,-0.0447,0.0115,-0.1145,0.0224,-0.09,-0.2921
2858,2.858,-0.0045,0.0229,-0.166,0.025,-0.3676,-0.8732
2859,2.859,0.0328,0.0213,-0.1371,0.0097,-0.3281,-0.7963
2860,2.86,0.0473,0.0198,-0.0589,0.012,-0.0752,-0.1623
2861,2.861,0.0518,0.0134,-0.0063,0.0289,0.0899,0.2651
2862,2.862,0.04,0.0101,0.0604,0.0357,0.1205,0.1893
2863,2.863,0.022,0.011,0.1041,0.0461,0.0939,0.2602
2864,2.864,-0.001,0.0118,0.2063,0.0332,0.1189,0.3247
2865,2.865,-0.0159,0.0039,0.2205,0.008,0.0969,0.1508
2866,2.866,-0.057,0.0069,0.183,0.0046,0.2803,0.6265
2867,2.867,-0.0512,0.0133,0.0566,-0.0183,0.4039,0.8187
2868,2.868,-0.0139,0.0261,-0.0274,-0.0271,0.2022,0.4116
2869,2.869,0.0104,0.0242,-0.1345,-0.0408,-0.0423,-0.0655
2870,2.87,-0.0114,0.0191,-0.2599,-0.0335,-0.0756,-0.2589
2871,2.871,-0.0312,0.0176,-0.4114,-0.0313,-0.1057,-0.3178
2872,2.872,-0.0057,0.0136,-0.3507,-0.0088,-0.1328,-0.2659
2873,2.873,0.0309,0.0124,-0.1104,-0.0237,-0.1083,-0.2184
2874,2.874,-0.0417,0.0047,-0.0782,-0.0428,-0.1754,-0.4372
2875,2.875,-0.0312,-0.0004,-0.1087,-0.0355,-0.4399,-0.9538
2876,2.876,-0.0216,0.0043,-0.0281,-0.0198,-0.2596,-0.6026
2877,2.877,-0.0645,-0.0014,-0.0042,0.0068,-0.0291,-0.0257
2878,2.878,-0.0096,-0.0065,0.0176,0.0176,0.1208,0.2078
2879,2.879,-0.002,-0.0112,0.0375,0.0142,0.0945,0.2789
2880,2.88,0.0049,-0.0079,0.019,0.0168,0.1195,0.3434
2881,2.881,0.0227,-0.0072,0.0693,0.0085,0.1422,0.2857
2882,2.882,0.0389,-0.0095,0.0845,-0.004,0.0815,0.233
2883,2.883,0.0246,-0.0105,0.0981,-0.0245,0.3594,0.8575
2884,2.884,0.0115,-0.0167,0.1101,-0.0383,0.3201,0.7727
2885,2.885,-0.0164,-0.0191,0.121,-0.0211,0.1395,0.2299
2886,2.886,-0.0417,-0.0163,0.1306,-0.0008,-0.0909,-0.1235
2887,2.887,-0.0253,-0.0107,0.1396,0.0128,-0.1213,-0.189
2888,2.888,-0.0165,-0.0097,0.1306,0.0199,-0.1486,-0.248
2889,2.889,-0.0137,-0.0089,0.0756,0.0263,-0.1244,-0.3015
2890,2.89,-0.0114,-0.009,0.0111,0.0199,-0.1023,-0.2538
2891,2.891,-0.0003,-0.0008,-0.0668,0.0179,-0.2446,-0.6472
2892,2.892,0.0017,0.0051,-0.1194,0.0126,-0.4113,-0.9118
2893,2.893,-0.0003,0.0025,-0.1105,0.0108,-0.2095,-0.383
2894,2.894,0.0115,0.0056,-0.137,-0.0102,0.0351,0.1106
2895,2.895,0.0284,0.0068,-0.1142,-0.0133,0.1342,0.1759
2896,2.896,0.0127,0.0002,-0.0793,0.0167,0.1049,0.2348
2897,2.897,0.0024,0.0014,-0.0348,0.0047,0.1322,0.2881
2898,2.898,0.0116,0.0026,-0.0063,-0.0062,0.1078,0.2403
2899,2.899,0.0165,0.0099,-0.0018,0.0037,0.175,0.4587
2900,2.9,0.0025,0.0075,0.0023,-0.0112,0.3988,0.8955
2901,2.901,0.0047,0.0026,-0.0115,-0.041,0.2747,0.5374
2902,2.902,0.0138,0.0088,-0.0077,-0.0434,0.0056,0.0129
2903,2.903,0.0119,0.0114,-0.02,-0.0257,-0.1034,-0.1997
2904,2.904,0.0163,0.0124,-0.0098,-0.0318,-0.1367,-0.2649
2905,2.905,0.0286,0.0111,-0.0137,-0.0619,-0.1073,-0.3237
2906,2.906,0.0166,0.0062,0.0127,-0.0658,-0.1348,-0.2716
2907,2.907,0.0058,0.0059,0.0011,-0.0453,-0.1105,-0.224
2908,2.908,-0.0013,0.0105,-0.016,-0.0195,-0.3571,-0.8795
2909,2.909,-0.0026,0.0044,-0.0316,0.004,-0.3902,-0.7864
2910,2.91,0.0028,0.0038,-0.0241,0.0132,-0.1215,-0.1898
2911,2.911,0.008,0.0048,-0.0223,0.0272,0.0595,0.1988
2912,2.912,0.0088,0.0016,0.0109,0.0299,0.0929,0.2702
2913,2.913,0.0044,-0.0024,0.0736,0.0368,0.1228,0.3346
2914,2.914,-0.0072,-0.0004,0.0991,0.0473,0.15,0.2771
2915,2.915,-0.0328,-0.0017,0.1222,0.0606,0.0763,0.2246
2916,2.916,-0.0583,-0.0027,0.129,0.0727,0.2779,0.657
2917,2.917,-0.0553,0.0015,0.1093,0.056,0.4134,0.8316
2918,2.918,-0.0642,0.0064,0.1497,0.0495,0.1914,0.3556
2919,2.919,-0.0452,-0.0017,0.0905,0.0436,-0.018,-0.0935
2920,2.92,-0.028,-0.0005,0.0509,0.0455,-0.1,-0.1531
2921,2.921,0.0055,-0.0076,0.1571,0.0371,-0.1251,-0.207
2922,2.922,0.0297,-0.0102,0.2329,0.0142,-0.1478,-0.2557
2923,2.923,0.0428,-0.0143,0.1909,-0.0353,-0.0873,-0.2124
2924,2.924,0.0546,-0.0241,0.0519,-0.0851,-0.143,-0.4111
2925,2.925,0.0292,-0.0337,-0.0406,-0.0268,-0.3956,-0.9525
2926,2.926,-0.0204,-0.0274,-0.0911,0.0123,-0.2877,-0.5658
2927,2.927,-0.113,-0.0196,-0.198,0.0764,-0.0575,0.0686
2928,2.928,-0.1508,-0.0101,-0.3231,0.0504,0.0922,0.1554
2929,2.929,-0.0472,0.0038,-0.3397,0.0112,0.1197,0.2339
2930,2.93,0.0501,0.0056,-0.263,0.004,0.1444,0.3048
2931,2.931,0.0878,0.0107,-0.1655,-0.0285,0.1223,0.2414
2932,2.932,0.0993,0.0092,-0.0264,-0.0696,0.1021,0.1837
2933,2.933,0.0472,-0.0034,-0.0077,-0.0538,0.3798,0.8706
2934,2.934,0.0378,-0.0187,0.043,0.0188,0.3404,0.7776
2935,2.935,0.0119,-0.0289,0.028,0.1124,0.1597,0.1808
2936,2.936,0.0197,-0.0309,-0.0412,0.1499,-0.0708,-0.2078
2937,2.937,0.0126,-0.026,-0.0032,0.1383,-0.0417,-0.2793
2938,2.938,0.0449,-0.0185,-0.0145,0.1278,-0.1233,-0.3441
2939,2.939,0.0156,-0.009,-0.0039,0.0613,-0.1482,-0.2868
2940,2.94,0.0104,-0.0103,0.0626,0.0352,-0.1261,-0.2345
2941,2.941,0.0057,-0.0137,0.0887,0.0428,-0.2684,-0.6671
2942,2.942,-0.0075,0.0018,0.0654,0.0071,-0.3981,-0.8417
2943,2.943,0.0126,0.0128,0.0443,-0.0382,-0.1793,-0.3658
2944,2.944,0.0234,0.0227,0.038,-0.0557,0.03,0.0834
2945,2.945,0.0267,0.0281,0.009,-0.0717,0.112,0.2592
2946,2.946,0.012,0.0329,0.0252,-0.1155,0.137,0.3128
2947,2.947,0.0258,0.0372,0.0399,-0.1448,0.1596,0.2654
2948,2.948,0.0136,0.0245,0.0271,-0.1502,0.099,0.2223
2949,2.949,0.034,0.0123,0.0236,-0.1647,0.1546,0.421
2950,2.95,0.0532,0.0105,0.0205,-0.2222,0.4072,0.8904
2951,2.951,0.0161,-0.005,0.0177,-0.277,0.2992,0.5709
2952,2.952,-0.0319,-0.0114,0.0211,-0.2701,0.0034,0.0465
2953,2.953,-0.0512,-0.0173,0.0244,-0.1861,-0.1163,-0.1658
2954,2.954,-0.0454,-0.0194,0.0273,-0.1057,-0.0807,-0.2308
2955,2.955,-0.0506,-0.0182,0.0213,-0.0956,-0.1137,-0.2895
2956,2.956,-0.0362,-0.0145,0.0158,-0.0485,-0.1437,-0.2373
2957,2.957,-0.023,-0.0087,0.0146,-0.0056,-0.1166,-0.2856
2958,2.958,-0.0191,-0.0081,0.0102,0.0332,-0.3383,-0.8534
2959,2.959,-0.0226,-0.0032,0.0123,0.0828,-0.3682,-0.7764
2960,2.96,-0.0194,-0.0063,0.0087,0.089,-0.1239,-0.1424
2961,2.961,-0.0106,-0.0093,0.0055,0.0714,0.1068,0.2851
2962,2.962,-0.0079,-0.009,-0.0043,0.0554,0.0778,0.2094
2963,2.963,-0.0102,-0.0001,-0.0025,0.0505,0.1053,0.2804
2964,2.964,-0.0079,-0.0017,-0.0083,0.0723,0.1302,0.2172
2965,2.965,0.0024,-0.0011,-0.0112,0.0999,0.1082,0.1597
2966,2.966,-0.0068,0.0016,-0.0078,0.1178,0.2506,0.6354
2967,2.967,-0.0084,-0.0091,-0.014,0.1208,0.4176,0.8279
2968,2.968,-0.0098,-0.0025,-0.0164,0.1117,0.1711,0.4209
2969,2.969,-0.0109,-0.0041,-0.0157,0.0977,-0.0592,-0.056
2970,2.97,-0.0095,0.0012,-0.0137,0.095,-0.0896,-0.2491
2971,2.971,-0.0081,0.0018,-0.0081,0.0925,-0.117,-0.3077
2972,2.972,-0.0088,0.0023,-0.0058,0.0982,-0.1417,-0.2553
2973,2.973,-0.0022,0.0045,-0.0106,0.0997,-0.1196,-0.2076
2974,2.974,0.0022,0.0048,-0.0062,0.0807,-0.1399,-0.426
2975,2.975,0.003,0.0025,-0.0066,0.068,-0.4177,-0.9423
2976,2.976,0.0079,0.0091,-0.0092,0.0833,-0.2988,-0.5908
2977,2.977,0.0122,0.0061,-0.0082,0.0771,-0.0458,-0.0137
2978,2.978,0.0126,0.0033,-0.015,0.064,0.1191,0.2203
2979,2.979,0.012,0.0038,-0.02,0.0386,0.0899,0.2917
2980,2.98,0.0131,0.0015,-0.0213,0.0057,0.1173,0.2285
2981,2.981,0.0161,0.0044,-0.0268,-0.0076,0.1421,0.2871
2982,2.982,0.0136,0.0107,-0.0276,-0.0196,0.075,0.2346
2983,2.983,0.0084,0.0097,-0.0271,-0.0016,0.3396,0.8593
2984,2.984,0.0062,0.0133,-0.0347,0.0015,0.3759,0.7748
2985,2.985,0.0013,0.0152,-0.0317,-0.0255,0.0801,0.2324
2986,2.986,0.0108,0.0146,-0.0196,-0.0508,-0.0396,-0.1207
2987,2.987,0.0205,0.0116,-0.0316,-0.0475,-0.0763,-0.186
2988,2.988,0.0067,0.0081,-0.0272,-0.0266,-0.1095,-0.2447
2989,2.989,0.0011,0.0093,-0.0233,-0.024,-0.1396,-0.2981
2990,2.99,-0.0006,0.0089,-0.0273,-0.0613,-0.1128,-0.2503
2991,2.991,0.0008,0.0126,-0.0244,-0.0986,-0.2362,-0.6435
2992,2.992,-0.0033,0.0057,-0.0176,-0.1325,-0.3933,-0.908
2993,2.993,-0.0097,0.0068,-0.008,-0.1019,-0.2101,-0.379
2994,2.994,-0.0176,-0.0015,-0.0156,-0.0741,0.0123,0.1149
2995,2.995,-0.0314,0.0042,-0.0023,-0.0778,0.1022,0.1806
2996,2.996,-0.0333,-0.0051,0.0102,-0.0614,0.1297,0.2397
2997,2.997,-0.008,0.0039,0.0284,-0.0344,0.1054,0.2932
2998,2.998,0.0101,-0.0063,0.0208,-0.0164,0.1278,0.2456
2999,2.999,0.0069,0.0008,-0.0132,-0.0066,0.148,0.3768
3000,3,0.0217,0.0073,-0.0571,-0.0037,0.3887,0.8933
3001,3.001,0.0298,0.0085,-0.0632,-0.0064,0.2903,0.5419
3002,3.002,0.0301,0.0136,-0.0397,0.0057,0.0397,0.0417
3003,3.003,0.0127,0.0191,-0.056,0.008,-0.1102,-0.1518
3004,3.004,0.0148,0.0185,-0.0708,0.0192,-0.0838,-0.2108
3005,3.005,0.0208,0.0145,-0.0581,0.0253,-0.158,-0.2643
3006,3.006,0.0188,0.0063,-0.0307,0.0347,-0.136,-0.3127
3007,3.007,0.0035,0.001,-0.0058,0.033,-0.0753,-0.2692
3008,3.008,0.0136,0.0065,0.0035,0.0102,-0.3533,-0.8648
3009,3.009,0.0117,0.0095,0.0179,0.0071,-0.3931,-0.7801
3010,3.01,-0.0138,0.002,0.0585,-0.0134,-0.1405,-0.2374
3011,3.011,-0.0319,-0.003,0.0522,0.0007,0.0899,0.2565
3012,3.012,-0.0418,0.0018,0.057,0.0235,0.1203,0.1941
3013,3.013,-0.039,-0.0074,0.0709,0.0211,0.1476,0.2528
3014,3.014,-0.0527,-0.0035,0.0749,0.0242,0.1232,0.3063
3015,3.015,-0.0601,-0.0111,0.0863,0.0123,0.0562,0.1625
3016,3.016,-0.0579,-0.0139,0.1041,0.0284,0.2393,0.6431
3017,3.017,-0.0641,-0.0092,0.1201,0.035,0.4118,0.8354
3018,3.018,-0.0623,-0.0031,0.099,0.0262,0.21,0.312
3019,3.019,-0.0607,0.004,0.0576,0.0181,-0.0347,-0.1815
3020,3.02,-0.0378,0.0087,-0.0073,0.02,-0.0684,-0.2469
3021,3.021,0.0118,0.003,-0.1024,0.0133,-0.0986,-0.1898
3022,3.022,0.0758,0.0038,-0.1403,0.0098,-0.1261,-0.2431
3023,3.023,0.0844,0.0019,-0.1519,-0.0003,-0.1018,-0.1954
3024,3.024,0.0921,0.0025,-0.0999,-0.0209,-0.1243,-0.4139
3025,3.025,0.0566,0.0043,-0.0337,-0.0538,-0.4296,-0.9302
3026,3.026,0.0501,-0.0003,0.0439,-0.0935,-0.2988,-0.5788
3027,3.027,0.0675,-0.0008,0.096,-0.0669,-0.0205,-0.0018
3028,3.028,0.0623,-0.0048,0.0866,-0.0428,0.0883,0.232
3029,3.029,0.0479,-0.0115,0.0435,-0.0296,0.1217,0.3034
3030,3.03,0.0346,-0.0142,0.0045,-0.0179,0.1517,0.3681
3031,3.031,0.0228,-0.0168,0.0118,-0.0072,0.1249,0.3106
3032,3.032,0.0047,-0.0161,0.0183,0.0025,0.1006,0.2582
3033,3.033,-0.0251,-0.0182,0.0243,-0.0006,0.3471,0.7868
3034,3.034,-0.0772,-0.0213,0.0297,-0.0144,0.3802,0.7171
3035,3.035,-0.0559,-0.0278,0.0252,0.0027,0.1115,0.2688
3036,3.036,-0.0236,-0.0271,0.021,0.0181,-0.0696,-0.1394
3037,3.037,-0.0294,-0.0235,0.0095,0.0363,-0.103,-0.1934
3038,3.038,-0.0029,-0.0187,0.0207,0.0386,-0.133,-0.2422
3039,3.039,0.0114,-0.0171,0.0707,0.0318,-0.1062,-0.2864
3040,3.04,0.0068,-0.0132,0.178,0.0256,-0.0818,-0.1678
3041,3.041,0.0106,-0.0201,0.1938,0.0348,-0.2387,-0.637
3042,3.042,0.0141,-0.0139,0.097,0.0297,-0.4219,-0.9571
3043,3.043,-0.0025,-0.0149,0.0092,0.0066,-0.2,-0.4337
3044,3.044,-0.0235,-0.0113,-0.0707,-0.0032,0.0094,0.0602
3045,3.045,-0.0318,-0.0136,-0.1223,0.0056,0.0914,0.2537
3046,3.046,-0.0343,-0.0068,-0.1502,0.0138,0.1165,0.3127
3047,3.047,-0.0457,-0.0062,-0.1756,0.0115,0.1392,0.2606
3048,3.048,-0.0193,-0.0038,-0.1674,0.0138,0.1192,0.213
3049,3.049,-0.0159,-0.011,-0.0886,0.0445,0.1379,0.4317
3050,3.05,-0.0129,-0.0157,-0.0776,0.0844,0.3905,0.9481
3051,3.051,0.0019,-0.0201,-0.0294,0.111,0.2826,0.5969
3052,3.052,0.0045,-0.021,-0.0199,0.1255,0.0524,0.0201
3053,3.053,0.0021,-0.0191,0.0045,0.1301,-0.0973,-0.2134
3054,3.054,0,-0.0098,0.027,0.1263,-0.1248,-0.2847
3055,3.055,0.0063,-0.003,0.0345,0.101,-0.1495,-0.3492
3056,3.056,0.012,0.0082,0.0298,0.0516,-0.1273,-0.2916
3057,3.057,0.0206,0.0097,0.0256,0.0019,-0.1071,-0.239
3058,3.058,0.0132,0.0221,0.0313,-0.0693,-0.3477,-0.8635
3059,3.059,0.0175,0.0305,0.019,-0.1356,-0.3806,-0.7788
3060,3.06,0.0115,0.0289,0.0159,-0.1787,-0.1117,-0.2361
3061,3.061,0.0149,0.0329,0.0132,-0.1866,0.0695,0.2579
3062,3.062,0.014,0.0366,0.0041,-0.1653,0.103,0.1955
3063,3.063,0.0226,0.0356,-0.0039,-0.1718,0.1333,0.2545
3064,3.064,0.0172,0.0386,-0.0004,-0.1425,0.1607,0.3081
3065,3.065,0.0184,0.0395,0.0027,-0.1477,0.0872,0.1646
3066,3.066,0.0157,0.037,0.0011,-0.1235,0.2441,0.6452
3067,3.067,0.008,0.0255,0.0036,-0.0838,0.4276,0.8376
3068,3.068,-0.0033,0.0138,-0.0016,-0.0357,0.2058,0.4308
3069,3.069,-0.0017,0.0124,-0.0064,-0.0165,-0.0034,-0.0463
3070,3.07,-0.0056,0.0056,-0.0047,0.0009,-0.0852,-0.2395
3071,3.071,-0.0092,0.0021,-0.0086,-0.0044,-0.1102,-0.2982
3072,3.072,-0.0013,0.0101,-0.0022,0.0197,-0.1327,-0.2459
3073,3.073,-0.0063,0.0072,-0.0077,0.0416,-0.1126,-0.1981
3074,3.074,-0.0088,0.0083,-0.0044,0.0454,-0.1682,-0.4165
3075,3.075,-0.0112,0.0077,-0.005,0.0489,-0.4206,-0.9328
3076,3.076,-0.0075,0.0086,-0.0005,0.0587,-0.3127,-0.5813
3077,3.077,-0.0124,0.0166,0.0036,0.0675,-0.0168,-0.0043
3078,3.078,-0.0129,0.0159,0.002,0.0595,0.1029,0.2295
3079,3.079,-0.0182,0.0189,0.0054,0.0619,0.0676,0.3009
3080,3.08,-0.0176,0.0114,0.012,0.0598,0.1007,0.2377
3081,3.081,-0.0173,0.0127,0.0079,0.0578,0.1307,0.2963
3082,3.082,-0.0121,0.0139,0.0116,0.056,0.1038,0.2437
3083,3.083,-0.0056,0.0083,0.0136,0.051,0.3255,0.7722
3084,3.084,0.0074,0.0094,0.0218,0.0435,0.3554,0.7023
3085,3.085,0.017,0.0033,0.0114,0.0422,0.1111,0.2537
3086,3.086,0.0225,0.0045,-0.0096,0.0334,-0.0538,-0.1546
3087,3.087,0.0305,0.0012,-0.0547,0.0302,-0.0842,-0.2088
3088,3.088,0.0432,-0.0004,-0.0743,0.0273,-0.1117,-0.2576
3089,3.089,0.035,-0.0043,-0.0572,0.0133,-0.1366,-0.3019
3090,3.09,0.0275,-0.0034,-0.0096,-0.0092,-0.1144,-0.1834
3091,3.091,0.0402,-0.0065,0.0092,-0.0299,-0.2569,-0.5802
3092,3.092,0.0352,-0.0049,0.0145,-0.0162,-0.4237,-0.9502
3093,3.093,0.049,-0.0025,0.0404,0.001,-0.2222,-0.4215
3094,3.094,0.0471,-0.004,0.0443,-0.0056,0.0224,0.0723
3095,3.095,0.0419,-0.0082,0.0566,-0.0077,0.1215,0.2656
3096,3.096,0.0342,-0.011,0.0757,0.0052,0.092,0.3244
3097,3.097,0.0215,-0.0066,0.0203,0.0001,0.1192,0.2722
3098,3.098,0.0094,-0.0099,-0.0976,-0.0014,0.0948,0.2245
3099,3.099,0.0015,-0.0046,-0.1485,-0.0001,0.162,0.3556
3100,3.1,-0.0196,-0.0064,-0.1641,-0.014,0.4265,0.9511
3101,3.101,-0.065,-0.0145,-0.2618,-0.0233,0.3184,0.5256
3102,3.102,-0.1367,-0.0133,-0.2245,-0.0081,0.0224,0.1373
3103,3.103,-0.1501,-0.0144,-0.1539,-0.005,-0.0893,-0.2024
3104,3.104,-0.1033,-0.0237,-0.0737,0.001,-0.1295,-0.2738
3105,3.105,-0.0952,-0.0299,-0.0429,0.0066,-0.0939,-0.3387
3106,3.106,-0.1189,-0.022,0.0423,0.0048,-0.1272,-0.2814
3107,3.107,-0.1258,-0.023,0.0996,0.0092,-0.0976,-0.229
3108,3.108,-0.067,-0.0238,0.1095,0.016,-0.3417,-0.8537
3109,3.109,-0.0118,-0.023,0.0807,0.0146,-0.3749,-0.7692
3110,3.11,-0.0041,-0.0252,0.0716,0.0133,-0.1062,-0.2268
3111,3.111,0.0028,-0.0204,0.0633,-0.0006,0.0748,0.1265
3112,3.112,0.0206,-0.0189,0.0273,-0.0176,0.1082,0.1919
3113,3.113,0.0476,-0.0161,0.0077,-0.0332,0.1383,0.2507
3114,3.114,0.0721,-0.0169,0.0838,-0.0232,0.1114,0.3041
3115,3.115,0.0855,-0.0159,0.1355,-0.0251,0.087,0.2564
3116,3.116,0.0256,-0.0201,0.1066,-0.0268,0.2438,0.5621
3117,3.117,0.0343,-0.021,0.1144,-0.0192,0.4271,0.9197
3118,3.118,0.0578,-0.0183,0.1057,-0.0096,0.2052,0.3909
3119,3.119,0.0649,-0.0184,0.0553,0.0044,-0.0042,-0.1028
3120,3.12,0.0586,-0.0131,0.0228,0.0064,-0.0862,-0.1684
3121,3.121,0.0413,-0.0058,-0.018,0.0014,-0.1112,-0.2275
3122,3.122,0.0467,-0.0033,-0.0763,0.0061,-0.1339,-0.2809
3123,3.123,0.0421,-0.0047,-0.0522,-0.0145,-0.1139,-0.2334
3124,3.124,0.0467,0.0025,-0.0302,-0.0592,-0.1325,-0.3646
3125,3.125,0.0506,-0.0012,-0.0488,-0.0913,-0.385,-0.9604
3126,3.126,0.0541,0.0028,-0.0776,-0.0736,-0.3492,-0.5351
3127,3.127,0.0572,-0.0004,-0.0614,-0.0253,-0.119,0.0078
3128,3.128,0.0659,-0.008,-0.0273,-0.0057,0.0904,0.2203
3129,3.129,0.0357,-0.006,0.0038,0.0119,0.118,0.2854
3130,3.13,-0.0245,-0.0125,0.0402,0.0173,0.1428,0.3441
3131,3.131,-0.1023,-0.0154,0.0549,0.0222,0.1654,0.2917
3132,3.132,-0.1545,-0.0068,0.051,0.018,0.1046,0.2438
3133,3.133,-0.2209,-0.0062,0.0396,0.0219,0.3824,0.8117
3134,3.134,-0.2468,-0.0037,0.0436,0.0256,0.3431,0.7347
3135,3.135,-0.1294,-0.0073,0.0342,0.0224,0.0904,0.2416
3136,3.136,-0.0117,-0.0088,0.0553,0.0076,-0.0744,-0.2077
3137,3.137,0.0034,0.0018,0.0747,0.0103,-0.1048,-0.2671
3138,3.138,0.045,0.0027,0.1123,0.0079,-0.1322,-0.3206
3139,3.139,0.0575,0.0008,0.0969,0.0101,-0.1079,-0.3692
3140,3.14,0.0919,0.0039,0.083,0.0161,-0.0857,-0.3261
3141,3.141,0.123,0.0112,0.0792,0.0254,-0.2279,-0.604
3142,3.142,0.1135,0.0116,0.0837,0.0236,-0.4317,-0.9292
3143,3.143,0.122,0.0157,0.0878,0.0281,-0.1877,-0.3611
3144,3.144,0.0987,0.0247,0.0388,0.0129,0.0428,0.1821
3145,3.145,0.1057,0.0305,-0.0673,0.0108,0.133,0.2539
3146,3.146,0.112,0.0333,-0.1737,0.0089,0.1065,0.3187
3147,3.147,0.1293,0.0319,-0.1311,0.0039,0.1313,0.2614
3148,3.148,0.1451,0.0307,-0.0668,-0.0038,0.1093,0.3145
3149,3.149,0.1497,0.0209,-0.0545,-0.0024,0.1299,0.3626
3150,3.15,0.1627,0.0243,-0.0644,0.0037,0.4079,0.9306
3151,3.151,0.1507,0.0184,-0.0545,-0.009,0.2892,0.5439
3152,3.152,0.1176,0.0171,-0.0281,-0.0075,0.0364,0.0505
3153,3.153,0.0512,0.0161,-0.0507,-0.0001,-0.0627,-0.1431
3154,3.154,-0.0912,0.0151,-0.0709,-0.0101,-0.0929,-0.2024
3155,3.155,-0.3558,0.0112,-0.0242,-0.0068,-0.1201,-0.2561
3156,3.156,-0.4638,0.0132,0.0306,-0.0104,-0.1447,-0.3048
3157,3.157,-0.4965,0.0089,0.0682,-0.0098,-0.0776,-0.2615
3158,3.158,-0.4071,0.0012,0.0768,-0.0017,-0.342,-0.7778
3159,3.159,-0.2175,0.0064,0.0611,0.0013,-0.3781,-0.8486
3160,3.16,-0.1437,0.0091,0.0361,0.0063,-0.1479,-0.2724
3161,3.161,-0.1214,0.0049,0.0037,0.0201,0.0616,0.1162
3162,3.162,-0.0198,0.0118,-0.0082,0.0301,0.0895,0.1876
3163,3.163,0.0358,0.0127,0.0289,0.0318,0.1145,0.2522
3164,3.164,0.0863,0.0137,0.1027,0.0334,0.1372,0.3109
3165,3.165,0.1016,0.0145,0.2601,0.0441,0.0766,0.2585
3166,3.166,0.0878,0.0139,0.328,0.0428,0.2435,0.595
3167,3.167,0.0753,0.0099,0.1049,0.029,0.4006,0.901
3168,3.168,0.0638,0.0072,-0.163,0.0123,0.2175,0.4641
3169,3.169,0.0326,0.008,-0.3427,0.0012,-0.0048,-0.0606
3170,3.17,0.0231,0.0152,-0.4405,-0.0171,-0.0947,-0.2731
3171,3.171,0.0144,0.0207,-0.4697,-0.0493,-0.1221,-0.2102
3172,3.172,0.022,0.0237,-0.388,-0.0535,-0.1468,-0.269
3173,3.173,0.086,0.0181,-0.2151,-0.0651,-0.1247,-0.2168
3174,3.174,0.1463,0.0147,-0.0577,-0.0829,-0.145,-0.3612
3175,3.175,0.1384,0.013,0.126,-0.1056,-0.3857,-0.9294
3176,3.176,0.1028,0.0065,0.1509,-0.0663,-0.2874,-0.6977
3177,3.177,0.0835,0.0023,0.1289,-0.0395,-0.0782,-0.0635
3178,3.178,0.0891,-0.0068,0.1088,-0.0151,0.1122,0.1935
3179,3.179,0.0838,-0.0126,0.0906,-0.0194,0.0882,0.2718
3180,3.18,0.0498,-0.0112,0.074,-0.0153,0.1557,0.3425
3181,3.181,0.0188,-0.0202,0.059,0.003,0.1358,0.2789
3182,3.182,-0.0014,-0.0261,0.0729,-0.0067,0.0806,0.2211
3183,3.183,-0.0052,-0.0334,0.1106,-0.0095,0.3331,0.8021
3184,3.184,-0.0022,-0.0277,0.1911,0.0098,0.3694,0.7251
3185,3.185,-0.0053,-0.0318,0.1598,0.0222,0.1393,0.2319
3186,3.186,-0.0135,-0.0271,0.0742,0.0112,-0.0701,-0.2175
3187,3.187,-0.0111,-0.0214,0.0394,0.0093,-0.0978,-0.2771
3188,3.188,-0.0176,-0.0189,0.0081,0.0224,-0.1227,-0.2252
3189,3.189,-0.0277,-0.0227,0.0175,0.0175,-0.1454,-0.2739
3190,3.19,-0.0332,-0.0205,0.0435,0.013,-0.0847,-0.2307
3191,3.191,-0.0314,-0.0175,0.0827,0.0117,-0.2144,-0.5883
3192,3.192,-0.0328,-0.0149,0.0755,0.0205,-0.4333,-0.9249
3193,3.193,-0.0202,-0.0141,0.0041,0.0174,-0.2248,-0.4442
3194,3.194,-0.0084,-0.0079,-0.0436,0.0017,0.0197,0.1329
3195,3.195,-0.0008,-0.0083,-0.1735,-0.0049,0.1188,0.2119
3196,3.196,-0.0134,-0.0086,-0.3039,0.0012,0.0894,0.283
3197,3.197,-0.0286,-0.0046,-0.0524,0.0292,0.1166,0.3476
3198,3.198,0.0019,-0.0012,0.1992,0.0571,0.0922,0.2899
3199,3.199,0.0151,-0.0013,0.1658,0.0824,0.1593,0.3428
3200,3.2,0.0032,-0.0088,0.0759,0.0922,0.3831,0.8713
3201,3.201,-0.0077,-0.0162,-0.0605,0.113,0.2938,0.6607
3202,3.202,-0.0441,-0.0189,-0.1847,0.1431,0.0492,0.0839
3203,3.203,-0.0684,-0.014,-0.2976,0.155,-0.1159,-0.15
3204,3.204,-0.0968,-0.0056,-0.4584,0.1281,-0.1029,-0.2427
3205,3.205,-0.0838,0.0076,-0.4793,0.088,-0.1332,-0.3138
3206,3.206,-0.0242,0.0173,-0.3503,0.0293,-0.1608,-0.2505
3207,3.207,0.0702,0.0227,-0.1322,-0.0412,-0.0873,-0.1929
3208,3.208,0.1076,0.0215,0.0163,-0.0506,-0.334,-0.7741
3209,3.209,0.073,0.0204,0.097,-0.0592,-0.3672,-0.852
3210,3.21,0.0421,0.027,0.1209,-0.0824,-0.1586,-0.2183
3211,3.211,0.014,0.0282,0.1424,-0.1036,0.0859,0.2091
3212,3.212,-0.0115,0.0254,0.162,-0.1099,0.1192,0.1331
3213,3.213,-0.0187,0.0192,0.254,-0.1272,0.0895,0.2041
3214,3.214,-0.0252,0.0135,0.2369,-0.1112,0.1167,0.2688
3215,3.215,-0.031,0.0084,0.2214,-0.1157,0.0921,0.2113
3216,3.216,-0.013,0.0037,0.1797,-0.0936,0.2039,0.5811
3217,3.217,-0.0072,-0.0004,0.0912,-0.0494,0.4277,0.9177
3218,3.218,0.0271,0.0037,0.0334,-0.0435,0.2189,0.4371
3219,3.219,0.0319,0.0013,0.0225,-0.0592,-0.0259,-0.012
3220,3.22,0.0124,0.0065,-0.0257,-0.0638,-0.0596,-0.1879
3221,3.221,0.0019,0.0016,-0.0524,-0.0945,-0.0901,-0.2417
3222,3.222,-0.0077,-0.0025,-0.0611,-0.1062,-0.1177,-0.2903
3223,3.223,-0.0283,-0.0064,-0.0122,-0.088,-0.0936,-0.247
3224,3.224,-0.0307,-0.0048,0.0064,-0.0384,-0.1162,-0.3662
3225,3.225,-0.0232,-0.007,0.0235,0.0399,-0.4216,-0.9076
3226,3.226,-0.0119,-0.0066,0.0927,0.071,-0.291,-0.6757
3227,3.227,-0.0098,-0.0069,0.0833,0.0805,-0.0129,-0.0415
3228,3.228,0.0034,-0.0016,0.0576,0.0719,0.0958,0.2156
3229,3.229,0.0118,-0.0068,0.0499,0.0798,0.0634,0.2941
3230,3.23,-0.0021,-0.0048,0.0571,0.087,0.0933,0.2247
3231,3.231,-0.004,-0.009,0.0895,0.0679,0.1205,0.2892
3232,3.232,0.0008,-0.0073,0.0131,0.0623,0.096,0.2313
3233,3.233,0.0203,-0.0078,0.0234,0.0467,0.3423,0.8125
3234,3.234,0.0502,-0.0066,0.0708,0.0326,0.3753,0.7356
3235,3.235,0.0382,-0.0104,0.0102,0.0198,0.1663,0.2428
3236,3.236,0.0273,-0.0079,-0.0449,0.0164,-0.0785,-0.2064
3237,3.237,0.0041,-0.0017,-0.1521,0.0204,-0.1121,-0.2659
3238,3.238,0.0068,0.0042,-0.2291,0.0371,-0.0828,-0.3195
3239,3.239,0.0094,0.0021,-0.2433,0.0346,-0.1102,-0.2721
3240,3.24,-0.0031,-0.0043,-0.155,0.0267,-0.135,-0.2289
3241,3.241,0.008,-0.0034,-0.0281,0.0246,-0.2023,-0.5863
3242,3.242,0.0059,0.0005,-0.0107,0.0182,-0.4263,-0.923
3243,3.243,0.0115,0.0012,0.0665,0.0246,-0.2178,-0.4424
3244,3.244,0.0029,0.0044,0.1923,0.0157,0.0268,0.1348
3245,3.245,0.0043,0.005,0.176,0.0144,0.126,0.2138
3246,3.246,-0.0054,0.0109,0.069,0.0131,0.0967,0.285
3247,3.247,-0.0219,0.0025,-0.0006,0.0173,0.1241,0.3496
3248,3.248,-0.0285,0.0016,0.0123,0.0187,0.0997,0.292
3249,3.249,-0.0305,0.0008,0.1854,0.0064,0.1222,0.3451
3250,3.25,-0.0436,-0.0094,0.2595,0.0014,0.3868,0.8736
3251,3.251,-0.0353,-0.0245,0.1477,-0.0031,0.351,0.663
3252,3.252,-0.04,-0.0224,0.0458,-0.01,0.0552,0.0862
3253,3.253,-0.0194,-0.0279,-0.0839,-0.0087,-0.0644,-0.1476
3254,3.254,0.0196,-0.0295,-0.1007,-0.0191,-0.101,-0.2191
3255,3.255,0.0353,-0.0218,-0.0548,-0.0206,-0.134,-0.2839
3256,3.256,0.0305,-0.0177,-0.0959,-0.017,-0.164,-0.3425
3257,3.257,0.0261,-0.0088,-0.1076,-0.0276,-0.0829,-0.1845
3258,3.258,0.0063,-0.0032,-0.0256,-0.0265,-0.3045,-0.8092
3259,3.259,-0.0118,0.0041,0.0699,-0.0278,-0.3939,-0.8949
3260,3.26,-0.0483,0.0106,-0.017,-0.0357,-0.1496,-0.1978
3261,3.261,-0.0921,0.0165,-0.1422,-0.0368,0.081,0.0848
3262,3.262,-0.063,0.028,-0.1579,-0.0415,0.1116,0.1715
3263,3.263,-0.0365,0.0398,-0.1721,-0.0356,0.1392,0.2495
3264,3.264,-0.0124,0.0412,-0.1571,-0.0393,0.115,0.3203
3265,3.265,-0.0081,0.0342,-0.1187,-0.0371,0.093,0.2568
3266,3.266,-0.0041,0.0278,-0.1066,-0.0327,0.1949,0.5474
3267,3.267,-0.0221,0.0244,-0.0539,-0.025,0.436,0.9175
3268,3.268,-0.0317,0.0128,0.0699,-0.0218,0.2064,0.4851
3269,3.269,0.0136,0.0081,0.1545,-0.0077,-0.0027,-0.0393
3270,3.27,0.0591,-0.0072,0.2009,0.019,-0.0845,-0.2515
3271,3.271,0.0419,-0.0054,0.243,0.0298,-0.1092,-0.3161
3272,3.272,0.0367,-0.0074,0.2812,0.0462,-0.1316,-0.2587
3273,3.273,0.0512,-0.0093,0.1549,0.061,-0.1114,-0.2062
3274,3.274,0.0557,-0.0019,0.0373,0.0636,-0.1298,-0.3504
3275,3.275,0.0198,0.0049,-0.039,0.0759,-0.3821,-0.9183
3276,3.276,0.0055,0.0035,-0.164,0.0781,-0.3462,-0.6864
3277,3.277,0.0275,0.0065,-0.0797,0.0515,-0.0502,-0.052
3278,3.278,0.0394,0.0052,-0.0947,0.0113,0.0697,0.2052
3279,3.279,0.0577,0.0004,-0.1085,-0.0046,0.1065,0.284
3280,3.28,0.1074,-0.0024,-0.0452,-0.0384,0.1398,0.3552
3281,3.281,0.1431,-0.0142,-0.0106,-0.0691,0.1104,0.292
3282,3.282,0.0461,-0.0128,0.0415,-0.0971,0.0836,0.2345
3283,3.283,-0.051,-0.0115,0.1647,-0.1226,0.3056,0.7103
3284,3.284,-0.0633,-0.0104,0.2486,-0.1195,0.3952,0.775
3285,3.285,-0.0517,-0.0095,0.172,-0.0926,0.1512,0.2513
3286,3.286,0.0005,-0.002,0.1578,-0.0382,-0.0791,-0.1018
3287,3.287,-0.0089,-0.0096,0.0437,-0.0151,-0.1095,-0.1671
3288,3.288,-0.052,-0.0126,-0.1556,0.0201,-0.1369,-0.2257
3289,3.289,-0.0442,-0.0223,-0.3457,0.0391,-0.1125,-0.2789
3290,3.29,-0.037,-0.0188,-0.4199,0.0213,-0.0902,-0.231
3291,3.291,-0.0563,-0.0181,-0.3979,-0.0271,-0.1919,-0.5365
3292,3.292,-0.0033,-0.0235,-0.2559,-0.0598,-0.4327,-0.9733
3293,3.293,0.0323,-0.0265,-0.0524,-0.0428,-0.2686,-0.4499
3294,3.294,0.0131,-0.0242,0.137,0.0155,0.0007,0.044
3295,3.295,-0.0162,-0.0238,0.1613,0.0541,0.1096,0.2377
3296,3.296,-0.032,-0.0148,0.0939,0.0466,0.143,0.2968
3297,3.297,-0.0176,-0.0213,0.0732,0.0525,0.1136,0.2448
3298,3.298,0.0044,-0.0184,0.1281,0.0813,0.1409,0.2935
3299,3.299,0.0323,-0.0113,0.2115,0.0861,0.1165,0.3376
3300,3.3,0.0577,0.0006,0.318,0.081,0.4079,0.9334
3301,3.301,0.0479,0.002,0.1921,0.0586,0.2892,0.6784
3302,3.302,0.0149,0.0063,0.0733,0.0861,0.0364,0.1357
3303,3.303,0.0018,0.0101,-0.0349,0.0456,-0.0628,-0.2174
3304,3.304,-0.0181,0.0011,-0.1887,0.04,-0.0931,-0.2825
3305,3.305,-0.0287,-0.0021,-0.268,0.0216,-0.1327,-0.2908
3306,3.306,-0.0178,0.0148,-0.4108,-0.0126,-0.16,-0.2333
3307,3.307,0.0316,0.0218,-0.3187,-0.0528,-0.0865,-0.1809
3308,3.308,0.0671,0.015,-0.1675,-0.0691,-0.333,-0.8054
3309,3.309,0.0347,0.0088,-0.066,-0.0551,-0.366,-0.891
3310,3.31,0.0054,0.0142,0.1005,-0.0599,-0.1572,-0.3486
3311,3.311,-0.0107,0.0292,0.0779,-0.0563,0.0875,0.1454
3312,3.312,-0.0351,0.0392,0.0164,-0.0895,0.121,0.2109
3313,3.313,-0.0572,0.0335,0.1823,-0.0942,0.0916,0.2698
3314,3.314,-0.0933,0.0216,0.1594,-0.0666,0.1189,0.3233
3315,3.315,-0.1272,0.0076,0.098,-0.0268,0.0945,0.1797
3316,3.316,-0.1317,-0.0093,0.042,0.0102,0.2065,0.4856
3317,3.317,-0.1199,-0.0028,-0.0426,0.0342,0.4304,0.8434
3318,3.318,-0.0946,0.0072,-0.0888,0.0384,0.2219,0.411
3319,3.319,-0.0451,0.0201,-0.0475,0.0501,-0.0228,-0.1135
3320,3.32,0.019,0.0183,-0.0098,0.0608,-0.1221,-0.1854
3321,3.321,0.0449,0.0076,0.0707,0.0837,-0.0928,-0.2503
3322,3.322,0.037,-0.0051,0.1643,0.0985,-0.1202,-0.3091
3323,3.323,0.0298,-0.0001,0.1515,0.0903,-0.0958,-0.2568
3324,3.324,0.049,0.0137,0.0477,0.0579,-0.1183,-0.305
3325,3.325,0.0546,0.0155,0.0336,0.0446,-0.383,-0.8732
3326,3.326,0.0492,0.0205,0.021,0.0085,-0.3471,-0.6415
3327,3.327,0.0054,0.0158,-0.0136,-0.0352,-0.1169,-0.1483
3328,3.328,-0.0006,0.0171,-0.0237,-0.0762,0.0924,0.1731
3329,3.329,0.0045,0.0183,0.005,-0.0922,0.1199,0.2323
3330,3.33,0.0091,0.0127,0.0139,-0.0681,0.1448,0.2856
3331,3.331,0.0133,0.0012,0.0375,-0.0461,0.1227,0.3343
3332,3.332,0.0171,-0.0094,0.0447,-0.0183,0.1026,0.2036
3333,3.333,0.0203,-0.0107,0.0642,-0.0219,0.3063,0.799
3334,3.334,0.0232,-0.0018,0.0704,-0.0121,0.3877,0.8843
3335,3.335,0.0377,0.0014,0.0336,0.0028,0.1657,0.3419
3336,3.336,0.0455,-0.0015,0.0196,0.011,-0.0436,-0.152
3337,3.337,0.0429,-0.006,0.0157,0.0185,-0.0714,-0.2174
3338,3.338,0.0224,-0.0188,0.0121,0.0208,-0.1454,-0.2764
3339,3.339,0.003,-0.028,0.0231,0.0271,-0.1233,-0.3299
3340,3.34,0.0005,-0.0229,0.0134,0.0218,-0.1031,-0.1864
3341,3.341,-0.0063,-0.0121,0.0105,0.0271,-0.1957,-0.4924
3342,3.342,0.0037,-0.005,0.0134,0.0288,-0.4145,-0.9295
3343,3.343,0.0055,-0.0037,0.0015,0.0303,-0.2655,-0.4065
3344,3.344,0.0072,0.002,0.0044,0.0293,0.0333,0.0871
3345,3.345,0.0025,-0.0051,0.0196,0.0239,0.0738,0.2803
3346,3.346,-0.0016,0.0054,0.0261,0.0085,0.1104,0.2232
3347,3.347,-0.0054,0.0016,0.0523,-0.0068,0.1436,0.2765
3348,3.348,-0.0087,0.0006,0.1076,-0.0291,0.1141,0.2286
3349,3.349,-0.0202,-0.007,0.1474,-0.0317,0.1414,0.3597
3350,3.35,-0.0186,-0.0038,0.1979,-0.0341,0.3633,0.8758
3351,3.351,-0.0227,-0.0082,0.1017,-0.0215,0.3338,0.6652
3352,3.352,-0.019,-0.0002,-0.0784,-0.0057,0.0895,0.0884
3353,3.353,-0.002,0.003,-0.1516,0.0047,-0.0752,-0.1455
3354,3.354,0.0352,0.0077,-0.2182,0.0179,-0.1055,-0.2171
3355,3.355,0.0723,0.0053,-0.2785,0.0198,-0.1328,-0.282
3356,3.356,0.0286,0.0017,-0.2965,0.0153,-0.1084,-0.3407
3357,3.357,-0.0007,0.0011,-0.2456,0.0195,-0.0862,-0.1827
3358,3.358,0.0045,-0.0019,-0.138,0.0159,-0.3099,-0.8075
3359,3.359,0.0286,-0.0094,-0.012,0.0034,-0.3993,-0.8931
3360,3.36,0.0242,-0.004,0.1066,-0.0049,-0.1551,-0.351
3361,3.361,-0.0037,-0.0066,0.1536,0.0059,0.0755,0.1427
3362,3.362,-0.0072,-0.0073,0.113,0.0213,0.1061,0.208
3363,3.363,-0.0104,-0.0018,0.1014,0.0113,0.1337,0.2668
3364,3.364,-0.0075,-0.0123,0.0908,-0.0053,0.1095,0.3201
3365,3.365,-0.0155,-0.0137,0.1228,-0.0073,0.0875,0.1763
3366,3.366,-0.0227,-0.0095,0.114,-0.0295,0.1893,0.4821
3367,3.367,-0.0248,-0.0131,0.0541,-0.0204,0.4304,0.919
3368,3.368,-0.0308,-0.012,-0.0473,-0.012,0.2665,0.5123
3369,3.369,-0.0212,-0.0047,-0.0331,0.0006,-0.0025,-0.0703
3370,3.37,-0.0057,0.0095,0.1316,0.003,-0.1113,-0.1492
3371,3.371,0.0088,0.0116,0.0648,-0.0109,-0.1444,-0.2204
3372,3.372,0.0035,0.0136,-0.0364,-0.0014,-0.1149,-0.285
3373,3.373,-0.0046,0.0119,-0.0914,0.0072,-0.1421,-0.2275
3374,3.374,-0.015,0.0135,-0.2088,-0.0002,-0.1176,-0.2804
3375,3.375,-0.0106,0.0095,-0.1933,-0.0182,-0.4088,-0.9049
3376,3.376,-0.0066,0.0158,-0.207,-0.0305,-0.29,-0.6498
3377,3.377,0.0014,0.0056,-0.1943,-0.0239,-0.0371,-0.1068
3378,3.378,-0.0057,-0.004,-0.1367,-0.0138,0.0622,0.2465
3379,3.379,-0.0009,-0.0203,0.0198,-0.0232,0.0926,0.1839
3380,3.38,0.0121,-0.0225,0.1318,-0.0182,0.12,0.2427
3381,3.381,0.003,-0.0245,0.0709,-0.0167,0.1449,0.2962
3382,3.382,0.0218,-0.0114,0.0525,-0.0126,0.078,0.2486
3383,3.383,0.0293,0.0038,0.0358,-0.0038,0.3019,0.7292
3384,3.384,0.0002,0.014,-0.0101,-0.0028,0.3915,0.7936
3385,3.385,-0.0036,0.0122,-0.024,0.0025,0.1473,0.2701
3386,3.386,-0.007,0.0071,-0.0116,0.0109,-0.0831,-0.0831
3387,3.387,-0.01,0.0087,0.0227,0.0141,-0.1136,-0.2764
3388,3.388,-0.0128,0.0074,0.0537,0.011,-0.141,-0.2192
3389,3.389,-0.0208,0.0062,0.1389,0.0102,-0.1169,-0.2727
3390,3.39,-0.0231,0.0052,0.1042,0.0076,-0.0948,-0.2252
3391,3.391,-0.0165,-0.0042,0.0729,0.0145,-0.1966,-0.531
3392,3.392,-0.0144,-0.0054,0.0063,0.0135,-0.4374,-0.9679
3393,3.393,-0.0124,-0.0178,-0.0026,0.0109,-0.2735,-0.4449
3394,3.394,-0.0073,-0.0195,-0.0262,0.0055,-0.0045,0.0488
3395,3.395,0.0126,-0.0118,-0.0053,-0.0053,0.1043,0.2423
3396,3.396,0.0045,-0.0022,0.0915,-0.004,0.1375,0.3013
3397,3.397,-0.0127,0.0092,0.0494,-0.0056,0.1079,0.2491
3398,3.398,-0.0061,0.0199,0.0113,-0.0146,0.1351,0.2975
3399,3.399,0.0205,0.0269,-0.0237,-0.018,0.1105,0.3414
3400,3.4,0.0314,0.0232,-0.0345,-0.0255,0.4017,0.8576
3401,3.401,0.0282,0.0264,-0.0443,-0.023,0.2829,0.6472
3402,3.402,0.037,0.0294,-0.0705,-0.0173,0.102,0.0705
3403,3.403,0.0343,0.0321,-0.0786,-0.0074,-0.063,-0.1633
3404,3.404,0.007,0.0225,-0.0575,0.005,-0.0935,-0.2348
3405,3.405,0.0178,0.0187,0.0006,0.01,-0.1211,-0.2995
3406,3.406,0.0483,0.0185,0.0155,0.0113,-0.1325,-0.2896
3407,3.407,0.0251,0.006,0.0074,0.0097,-0.1082,-0.2319
3408,3.408,-0.0021,-0.0059,-0.0141,0.0056,-0.2652,-0.7075
3409,3.409,-0.0276,-0.029,-0.0335,0.0018,-0.4079,-0.8998
3410,3.41,-0.0375,-0.052,-0.0509,-0.006,-0.1671,-0.2599
3411,3.411,-0.0289,-0.0549,-0.0135,-0.0051,0.0632,0.1673
3412,3.412,-0.0371,-0.0468,0.0205,-0.006,0.0936,0.2461
3413,3.413,-0.0349,-0.0296,0.0339,-0.0002,0.1208,0.3171
3414,3.414,-0.0239,-0.0093,0.0541,0.0035,0.0964,0.2538
3415,3.415,-0.0179,-0.0067,0.0723,0.0054,0.0741,0.1963
3416,3.416,-0.0199,-0.0044,0.0756,0.0023,0.1756,0.4604
3417,3.417,-0.015,-0.0022,0.0728,-0.0007,0.4163,0.8932
3418,3.418,-0.0136,-0.0043,0.0536,-0.0023,0.2521,0.4864
3419,3.419,-0.0041,-0.0062,0.0212,0.0019,-0.0172,0.0095
3420,3.42,-0.003,-0.0079,0.0079,0.0059,-0.0542,-0.1841
3421,3.421,-0.002,0.0027,0.0119,0.0106,-0.0876,-0.2431
3422,3.422,-0.003,0.004,0.0154,0.011,-0.1179,-0.2966
3423,3.423,-0.0004,0.0051,0.0119,0.0105,-0.1453,-0.3451
3424,3.424,0.0021,0.0018,0.0087,0.008,-0.121,-0.389
3425,3.425,0.0057,-0.0077,0.011,0.0091,-0.3676,-0.9052
3426,3.426,0.005,-0.0041,0.0084,0.0088,-0.3351,-0.6948
3427,3.427,0.0019,-0.0009,0.0062,0.0062,-0.0663,-0.1182
3428,3.428,-0.0057,-0,0.0043,0.0086,0.1148,0.2703
3429,3.429,-0.0027,-0.001,-0.0008,0.011,0.0825,0.2015
3430,3.43,-0.0018,0.0048,-0.0018,0.0117,0.1125,0.2659
3431,3.431,0.0007,0.004,-0.0026,0.0094,0.1398,0.3244
3432,3.432,0.0076,0.0045,-0.0034,0.0091,0.0662,0.2719
3433,3.433,0.0067,0.0049,-0.0018,0.0079,0.3127,0.7043
3434,3.434,0.0075,-0.004,0.0018,0.0113,0.4113,0.879
3435,3.435,0.0052,-0.0079,-0.0009,0.0137,0.1426,0.2972
3436,3.436,0.0058,-0.0069,-0.0053,0.0126,-0.0384,-0.0913
3437,3.437,0.0074,-0.004,-0.0076,0.007,-0.0719,-0.163
3438,3.438,0.0045,0.0063,-0.008,-0.0007,-0.1021,-0.2278
3439,3.439,0.006,0.0021,-0.0112,0.0004,-0.1294,-0.2864
3440,3.44,0.003,0.0008,-0.0025,0.0014,-0.105,-0.2339
3441,3.441,-0.0035,0.0017,0.0083,0.0144,-0.1722,-0.4743
3442,3.442,0.0105,0.0046,0.0156,0.0201,-0.396,-0.9551
3443,3.443,0.0206,-0,0.0348,0.0219,-0.247,-0.5075
3444,3.444,0.015,0.0041,0.0541,0.0205,-0.0023,0.0171
3445,3.445,-0.007,0.0033,0.0718,0.0136,0.097,0.2295
3446,3.446,-0.0218,-0.0018,0.07,0.0024,0.1274,0.2945
3447,3.447,-0.0137,0.0039,0.0889,-0.0051,0.1549,0.2371
3448,3.448,-0.0064,0.0107,0.0521,-0.0036,0.1307,0.2902
3449,3.449,-0.0042,0.0152,-0.0169,-0.0023,0.1086,0.2425
3450,3.45,-0.002,0.0194,-0.1021,-0.0147,0.3734,0.8977
3451,3.451,0.011,0.0309,-0.1595,-0.0197,0.3377,0.6172
3452,3.452,0.0364,0.0325,-0.1908,-0.0335,0.0419,0.1905
3453,3.453,0.0692,0.0248,-0.1437,-0.0577,-0.0775,-0.198
3454,3.454,0.0737,0.0066,-0.1007,-0.0608,-0.1139,-0.2693
3455,3.455,0.0537,-0.0007,-0.0147,-0.052,-0.1469,-0.3339
3456,3.456,0.0136,-0.0074,0.0655,-0.0438,-0.1172,-0.2765
3457,3.457,-0.0023,-0.0135,0.055,-0.0264,-0.0901,-0.224
3458,3.458,-0.007,-0.0192,0.0455,-0.0017,-0.3117,-0.7525
3459,3.459,-0.0026,-0.0176,0.0198,0.0016,-0.401,-0.8231
3460,3.46,-0.0145,-0.0131,-0.0032,-0.0012,-0.1567,-0.2471
3461,3.461,-0.0181,-0.0119,-0.0241,0.0016,0.0739,0.1416
3462,3.462,-0.0149,-0.0057,-0.0301,0.0041,0.1045,0.2134
3463,3.463,-0.012,-0.0026,-0.0003,0.0107,0.1321,0.2783
3464,3.464,-0.0201,-0.0098,0.0158,0.0128,0.1572,0.337
3465,3.465,-0.0129,-0.0071,0.0304,0.0147,0.0904,0.1791
3466,3.466,-0.0108,-0.0028,0.026,0.0097,0.1923,0.5156
3467,3.467,-0.0088,0.0024,0.0297,0.0051,0.4333,0.9091
3468,3.468,-0.0256,-0.0011,0.0546,0.0121,0.2695,0.5395
3469,3.469,-0.0368,-0.0079,0.0511,0.0133,0.0005,0.0097
3470,3.47,-0.0308,0.0043,0.0537,0.0101,-0.1082,-0.2026
3471,3.471,-0.0215,0.0061,0.0946,0.0071,-0.1413,-0.2674
3472,3.472,-0.0163,0.0107,0.1828,0.0025,-0.1117,-0.3261
3473,3.473,0.0007,0.0011,0.1198,0.0034,-0.1389,-0.2738
3474,3.474,-0.0104,-0.0025,0.0164,0.0056,-0.1144,-0.3221
3475,3.475,-0.0287,-0.0014,-0.053,0.0063,-0.4056,-0.8902
3476,3.476,-0.0263,0.0039,-0.1159,0.008,-0.3662,-0.6584
3477,3.477,-0.015,0.0104,-0.1963,0.004,-0.1132,-0.1651
3478,3.478,-0.0129,0.0147,-0.2065,0.0015,0.1174,0.2842
3479,3.479,0.0004,0.017,-0.1403,-0.0016,0.0883,0.2275
3480,3.48,0.0225,0.0094,-0.0458,-0.008,0.1156,0.281
3481,3.481,0.0255,0.0105,0.0168,-0.0183,0.1405,0.3296
3482,3.482,0.0282,0.0098,0.0049,-0.0114,0.0736,0.1992
3483,3.483,0.0259,0.004,0.0356,-0.0102,0.2974,0.7154
3484,3.484,0.0194,-0.0028,0.1014,-0.0025,0.3869,0.786
3485,3.485,0.0092,-0.0168,0.0921,-0.0036,0.1428,0.3378
3486,3.486,-0.0186,-0.0228,0.0524,0.0047,-0.022,-0.1869
3487,3.487,-0.0303,-0.0208,0.0165,0.0124,-0.1121,-0.2585
3488,3.488,-0.012,0.0047,-0.0551,0.007,-0.1395,-0.3233
3489,3.489,0.0179,0.0084,-0.0838,-0.0016,-0.1153,-0.2659
3490,3.49,0.0142,-0.0013,-0.0064,-0.005,-0.0932,-0.2135
3491,3.491,0.0252,-0.0041,0.0245,-0.0062,-0.195,-0.4537
3492,3.492,0.009,0.0041,-0.004,0.0058,-0.4359,-0.9343
3493,3.493,-0.0056,0.0115,-0.0817,0.0039,-0.2719,-0.4865
3494,3.494,-0.0082,0.0182,-0.092,0.0023,-0.0029,0.0381
3495,3.495,-0.0009,0.0122,-0.0637,-0.0074,0.1058,0.2505
3496,3.496,0.0014,-0.0045,-0.0378,-0.0137,0.139,0.3156
3497,3.497,-0.0048,-0.0111,-0.0145,-0.0059,0.1094,0.2582
3498,3.498,-0.0179,-0.0171,0.0497,0.0014,0.1366,0.3114
3499,3.499,0.004,-0.0152,0.1445,0.0079,0.1121,0.2635
3500,3.5,0.0247,-0.0067,0.2579,0.0208,0.4032,0.8316
3501,3.501,0.0219,-0.002,0.2116,0.0301,0.2843,0.5999
3502,3.502,0.0094,-0.0006,0.1413,0.0318,0.0313,0.1066
3503,3.503,0.0072,-0.0093,0.1281,0.0272,-0.0681,-0.2146
3504,3.504,-0.0029,0.001,0.2081,0.0119,-0.0986,-0.158
3505,3.505,0.0027,0.0024,0.1137,0.0099,-0.1262,-0.3171
3506,3.506,0.0045,-0.0039,-0.0509,-0.0032,-0.1512,-0.2696
3507,3.507,-0.0016,0.0024,-0.1969,-0.0164,-0.0929,-0.197
3508,3.508,-0.0032,0.0172,-0.2639,-0.0214,-0.2947,-0.6775
3509,3.509,0.0091,0.007,-0.2438,-0.0259,-0.3763,-0.8698
3510,3.51,0.0072,0.0014,-0.2256,-0.0161,-0.1546,-0.3461
3511,3.511,-0.013,-0.0037,-0.1755,0.003,0.0546,0.1478
3512,3.512,-0.0051,-0.0052,-0.038,0.0058,0.0822,0.2134
3513,3.513,0.032,-0.0093,0.0547,0.0183,0.1069,0.2722
3514,3.514,0.0799,-0.0081,0.1054,0.0028,0.1293,0.3256
3515,3.515,0.0475,-0.0049,0.213,0.0009,0.1091,0.1818
3516,3.516,0.03,-0.0019,0.2553,0.0029,0.2014,0.4877
3517,3.517,0.014,-0.0046,0.1423,-0.0054,0.42,0.9246
3518,3.518,-0.0005,-0.0071,0.0661,-0.0098,0.2709,0.518
3519,3.519,-0.005,-0.0034,-0.0589,-0.0109,0.0261,-0.0646
3520,3.52,-0.0331,-0.0028,-0.1766,0.0083,-0.0733,-0.1434
3521,3.521,-0.0733,-0.0011,-0.1921,-0.0107,-0.1038,-0.2146
3522,3.522,-0.0469,0.0006,-0.1508,-0.0278,-0.1314,-0.2792
3523,3.523,-0.0327,0.0001,-0.1387,-0.0255,-0.1073,-0.2217
3524,3.524,-0.0284,0.0004,-0.1275,-0.0152,-0.0853,-0.2748
3525,3.525,-0.0168,0.0068,-0.1382,-0.0058,-0.3907,-0.8995
3526,3.526,-0.057,0.0022,-0.0339,-0.0006,-0.3474,-0.6446
3527,3.527,-0.0943,-0.0106,0.1192,-0.0111,-0.0694,-0.1017
3528,3.528,-0.0312,-0.0199,0.2212,-0.0123,0.1115,0.2514
3529,3.529,0.0294,-0.0182,0.2401,0.0017,0.0793,0.1889
3530,3.53,0.0375,-0.0043,0.1564,0.0186,0.1092,0.2477
3531,3.531,0.0165,-0.0025,0.1112,0.0209,0.1365,0.301
3532,3.532,0.0103,0.0026,0.1818,0.0231,0.112,0.2532
3533,3.533,0.0163,0.0071,0.1952,0.0325,0.2688,0.7338
3534,3.534,-0.0103,0.003,0.1385,0.0445,0.4112,0.7981
3535,3.535,-0.0636,0.0067,0.0035,0.0401,0.1702,0.2746
3536,3.536,-0.0281,-0.001,-0.0515,0.0528,-0.0603,-0.0785
3537,3.537,-0.0346,-0.0063,-0.1016,0.0479,-0.1504,-0.2719
3538,3.538,-0.0288,-0.0054,-0.0861,0.0312,-0.1237,-0.3308
3539,3.539,-0.034,-0.0028,-0.1,0.0379,-0.0996,-0.3843
3540,3.54,-0.0776,0.0088,-0.1632,0.0279,-0.1221,-0.3367
3541,3.541,-0.0482,0.014,-0.1056,0.0113,-0.1831,-0.5552
3542,3.542,0.0319,0.0126,-0.1365,-0.0179,-0.4239,-0.9128
3543,3.543,0.0436,0.0168,-0.0509,-0.0457,-0.2599,-0.4805
3544,3.544,0.0748,0.0107,-0.0622,-0.0784,0.0093,0.0441
3545,3.545,0.1032,0.0165,-0.0723,-0.0916,0.1182,0.2566
3546,3.546,0.0947,0.0197,-0.0624,-0.0475,0.086,0.3216
3547,3.547,0.087,0.0153,-0.0187,-0.0532,0.1161,0.3804
3548,3.548,0.0798,0.0026,0.0523,-0.069,0.1435,0.2226
3549,3.549,0.0734,-0.0065,0.195,-0.0253,0.1192,0.2709
3550,3.55,0.0443,-0.0046,0.2969,0.004,0.3658,0.9262
3551,3.551,-0.0141,-0.006,0.2049,0.02,0.3333,0.6458
3552,3.552,-0.0218,-0.0017,0.155,0.0442,0.0644,0.219
3553,3.553,-0.0573,0.0048,0.1707,0.0398,-0.0444,-0.1697
3554,3.554,-0.0638,0.0082,0.046,0.0359,-0.0777,-0.2412
3555,3.555,-0.0581,0.018,-0.1051,0.025,-0.1077,-0.3057
3556,3.556,0.0005,0.0245,-0.1659,-0.0049,-0.1349,-0.2483
3557,3.557,0.0866,0.0192,0.0376,-0.0011,-0.1105,-0.1958
3558,3.558,0.0752,0.01,0.0642,-0.0193,-0.2672,-0.7243
3559,3.559,0.0855,-0.0011,0.0394,-0.003,-0.4095,-0.9356
3560,3.56,0.0382,-0.0054,-0.0279,0.0056,-0.1685,-0.3596
3561,3.561,-0.022,-0.0121,-0.1702,-0.0082,0.0621,0.1837
3562,3.562,-0.0452,-0.0056,-0.2626,-0.0059,0.0927,0.2553
3563,3.563,-0.0239,0.0117,-0.3465,-0.0125,0.1203,0.32
3564,3.564,-0.0303,0.0144,-0.3312,-0.0106,0.1453,0.2625
3565,3.565,-0.0247,0.0124,-0.2058,-0.0052,0.1233,0.2101
3566,3.566,0.0124,-0.0015,0.0131,-0.0307,0.1844,0.4504
3567,3.567,0.0171,-0.0031,0.1027,-0.049,0.4253,0.9311
3568,3.568,0.0215,0.0022,0.1842,-0.0262,0.2615,0.4835
3569,3.569,0.0176,-0.0051,0.357,0.0006,-0.0074,-0.0411
3570,3.57,0.0067,-0.0062,0.3349,0.0112,-0.116,-0.2535
3571,3.571,0.0099,0.0028,0.3146,0.0142,-0.0835,-0.1906
3572,3.572,0.0489,0.0087,0.1848,0.0229,-0.1135,-0.2494
3573,3.573,0.0435,0.0079,0.1006,0.02,-0.1407,-0.3028
3574,3.574,-0.0098,0.0036,-0.1289,0.0175,-0.1161,-0.2551
3575,3.575,-0.0596,-0.004,-0.2273,0.0109,-0.3625,-0.9105
3576,3.576,-0.1048,-0.0007,-0.3166,-0.0076,-0.3298,-0.6302
3577,3.577,-0.1696,-0.007,-0.2354,-0.015,-0.1207,-0.2037
3578,3.578,-0.1611,-0.0077,-0.1122,-0.0172,0.0698,0.1851
3579,3.579,-0.1534,0.0039,-0.2241,-0.0031,0.0951,0.2567
3580,3.58,-0.1179,0.0159,-0.3258,0.0137,0.1179,0.3213
3581,3.581,-0.0208,0.0053,-0.1594,0.0071,0.1385,0.2637
3582,3.582,0.1043,0.0068,-0.0479,-0.0114,0.0832,0.2112
3583,3.583,0.0875,-0.0045,0.0533,-0.0187,0.2684,0.6435
3584,3.584,0.0724,-0.009,0.1453,-0.0121,0.3918,0.8181
3585,3.585,0.0308,-0.0159,0.195,-0.0061,0.1901,0.342
3586,3.586,0.0183,-0.0122,0.2095,-0.0043,-0.0545,-0.1075
3587,3.587,0.0068,-0.02,0.2782,0.0006,-0.088,-0.167
3588,3.588,-0.0035,-0.0295,0.2649,0.0051,-0.1182,-0.2207
3589,3.589,-0.0129,-0.0259,0.1837,0.0119,-0.1455,-0.2695
3590,3.59,-0.0389,-0.0338,0.0891,0.018,-0.1211,-0.2264
3591,3.591,-0.0313,-0.0308,-0.0004,0.0189,-0.1883,-0.4251
3592,3.592,0.0184,-0.0169,-0.013,0.0092,-0.4529,-0.9666
3593,3.593,0.012,-0.0068,0.017,0.0127,-0.2727,-0.5799
3594,3.594,0.0063,-0.0088,-0.1073,0.0181,-0.0423,0.0548
3595,3.595,0.033,-0.014,-0.1924,0.0084,0.1075,0.1416
3596,3.596,0.0767,-0.0127,-0.0864,-0.0057,0.081,0.22
3597,3.597,0.0121,-0.0198,0.0377,-0.0152,0.1551,0.291
3598,3.598,-0.0483,-0.0164,0.0872,0.0033,0.1331,0.2276
3599,3.599,-0.0717,-0.0042,-0.0207,0.0104,0.1129,0.2858
3600,3.6,-0.0076,0.0006,-0.1188,0.0169,0.3908,0.867
3601,3.601,0.0699,0.0048,-0.1827,0.0189,0.3514,0.79
3602,3.602,0.1008,-0.0025,-0.1032,0.0245,0.0986,0.1559
3603,3.603,0.0722,-0.0066,-0.0105,0.0194,-0.0662,-0.2713
3604,3.604,0.0461,-0.0102,0.0008,0.0299,-0.0966,-0.1953
3605,3.605,0.0068,-0.0053,0.1258,0.0285,-0.124,-0.2663
3606,3.606,-0.0005,0.0027,0.1746,0.0221,-0.1488,-0.3309
3607,3.607,0.0058,0.0033,0.0659,0.0049,-0.0819,-0.157
3608,3.608,-0.0618,0.0012,0.0057,-0.0137,-0.2685,-0.681
3609,3.609,-0.0677,0.0102,-0.0653,-0.0115,-0.411,-0.8398
3610,3.61,-0.0625,0.0109,-0.0543,-0.0182,-0.1702,-0.311
3611,3.611,0.0004,0.0048,0.0247,-0.0121,0.0602,0.1829
3612,3.612,0.0779,-0.0009,0.0334,0.0045,0.0907,0.2484
3613,3.613,0.13,-0.0022,0.0222,0.0155,0.1181,0.3072
3614,3.614,0.0829,-0.0019,-0.0398,0.0093,0.1429,0.255
3615,3.615,-0.0291,-0.006,-0.0803,0.0148,0.1208,0.2072
3616,3.616,-0.0441,-0.0143,-0.1882,0.0333,0.1411,0.4257
3617,3.617,-0.03,-0.0117,-0.2657,0.0404,0.3819,0.942
3618,3.618,-0.0423,0.0001,-0.1971,0.0109,0.2179,0.45
3619,3.619,-0.0307,0.0013,-0.0842,-0.0332,0.0086,0.0009
3620,3.62,0.0216,0.0024,0.0527,-0.0275,-0.0734,-0.175
3621,3.621,0.0501,-0.0105,0.0334,-0.0541,-0.0985,-0.229
3622,3.622,-0.0102,-0.0092,-0.0517,-0.0494,-0.1211,-0.2776
3623,3.623,-0.0179,0.0011,-0.007,-0.0626,-0.1011,-0.2346
3624,3.624,0.032,0.0132,-0.0222,-0.0666,-0.1198,-0.2746
3625,3.625,0.0513,0.0111,0.0645,-0.0413,-0.3723,-0.8158
3626,3.626,0.022,0.0154,0.0975,-0.0316,-0.3364,-0.8936
3627,3.627,0.0168,0.022,0.0231,-0.0229,-0.1064,-0.2595
3628,3.628,0.0312,0.0205,0.0502,-0.0478,0.1029,0.1678
3629,3.629,0.0181,0.017,0.0921,-0.0449,0.1306,0.2465
3630,3.63,-0.0097,0.0115,0.1455,-0.0243,0.1555,0.3173
3631,3.631,-0.0423,0.0104,0.1088,0.0003,0.1333,0.3819
3632,3.632,-0.064,0.0093,0.0494,0.0034,0.0726,0.208
3633,3.633,-0.0676,0.0161,0.0718,0.0181,0.2763,0.6836
3634,3.634,-0.0637,0.0243,0.0068,0.0153,0.412,0.8759
3635,3.635,-0.0404,0.0164,-0.0542,0.0175,0.1901,0.3523
3636,3.636,-0.0373,0.0215,-0.0467,0.0152,-0.0191,-0.1413
3637,3.637,-0.0016,0.0278,-0.0964,0.0253,-0.101,-0.2069
3638,3.638,0.0713,0.0149,0.0008,0.0234,-0.126,-0.2658
3639,3.639,0.0819,-0.0094,0.1537,0.0283,-0.1039,-0.3192
3640,3.64,-0.0031,-0.0192,0.1741,0.0266,-0.1244,-0.1755
3641,3.641,-0.0144,-0.0341,0.1186,0.0168,-0.18,-0.3942
3642,3.642,-0.0244,-0.015,0.0682,0.0229,-0.4324,-0.99
3643,3.643,-0.0148,-0.0077,0.053,0.026,-0.2522,-0.5646
3644,3.644,-0.0234,0.0126,0.0669,0.0207,-0.0219,-0.0216
3645,3.645,-0.0157,0.0208,0.0542,0.016,0.0681,0.1909
3646,3.646,0.0056,0.0233,-0.0725,0.003,0.0958,0.2558
3647,3.647,-0.0009,0.0256,-0.0893,-0.01,0.1207,0.3145
3648,3.648,0.0048,0.0197,-0.0738,-0.0016,0.0987,0.2621
3649,3.649,0.01,0.0218,-0.032,0.0001,0.1192,0.3104
3650,3.65,0.0243,0.0203,0.006,0.0015,0.36,0.8784
3651,3.651,0.0287,0.0129,0.0176,0.0105,0.3275,0.6467
3652,3.652,0.0326,0.0118,0.0281,0.0163,0.1186,0.1536
3653,3.653,0.0291,0.0083,0.0569,0.0154,-0.0718,-0.168
3654,3.654,0.0322,0.0075,0.0659,0.0165,-0.0968,-0.2276
3655,3.655,0.035,0.0088,0.0742,0.014,-0.1195,-0.281
3656,3.656,0.0268,0.0099,0.0535,0.0089,-0.1401,-0.3298
3657,3.657,0.0244,0.0093,0.0349,0.004,-0.0848,-0.1994
3658,3.658,0.0177,0.0102,0.0412,-0.0055,-0.2699,-0.6361
3659,3.659,-0.0009,0.0069,0.0259,-0.0208,-0.3932,-0.9271
3660,3.66,-0.0384,0.0029,0.0023,-0.0067,-0.1914,-0.3457
3661,3.661,-0.1186,-0.0032,0.0248,-0.0012,0.0533,0.1976
3662,3.662,-0.1762,-0.0072,-0.0105,0.0072,0.0869,0.2691
3663,3.663,-0.1451,-0.0153,-0.0632,0.0087,0.1171,0.3339
3664,3.664,-0.0978,-0.0183,-0.0838,0.0101,0.1444,0.2764
3665,3.665,-0.072,-0.015,-0.038,0.0189,0.1201,0.2239
3666,3.666,-0.0176,-0.0212,-0.0548,0.0111,0.1426,0.3681
3667,3.667,0.0035,-0.0234,-0.0489,-0.0045,0.4072,0.9362
3668,3.668,0.0097,-0.0195,-0.0436,-0.0246,0.2992,0.5492
3669,3.669,0.0625,-0.0086,-0.0297,-0.0163,0.0032,0.0557
3670,3.67,0.0551,-0.0068,-0.0171,-0.0185,-0.1164,-0.2656
3671,3.671,0.0484,-0.008,0.0019,-0.0295,-0.0808,-0.2086
3672,3.672,0.054,-0.0015,0.0522,-0.0233,-0.1139,-0.262
3673,3.673,0.059,-0.0068,0.0599,0.0048,-0.1439,-0.3106
3674,3.674,0.0345,-0.0097,0.0542,0.0249,-0.1169,-0.2672
3675,3.675,0.0212,-0.0122,0.0491,0.0286,-0.3388,-0.863
3676,3.676,0.0171,-0.0162,0.0552,0.0452,-0.3687,-0.7783
3677,3.677,0.0061,-0.0182,0.0996,0.0542,-0.1244,-0.2358
3678,3.678,-0.0039,-0.0117,0.0946,0.0407,0.1062,0.2579
3679,3.679,0.0048,-0.0037,0.0259,0.0186,0.1367,0.1952
3680,3.68,0.0237,-0.0066,0.055,-0.0203,0.11,0.2541
3681,3.681,0.0259,-0.0111,0.1159,-0.0253,0.1348,0.3075
3682,3.682,-0.0079,-0.0068,0.0929,-0.0203,0.0678,0.1638
3683,3.683,-0.0225,-0.006,-0.0136,-0.0245,0.251,0.6442
3684,3.684,0.0436,-0.0094,-0.2123,-0.0043,0.3743,0.8365
3685,3.685,0.0719,-0.0124,-0.3477,-0.0295,0.1726,0.4294
3686,3.686,0.0115,-0.0164,-0.3231,-0.0195,-0.0178,-0.0478
3687,3.687,-0.106,-0.0128,-0.2111,0.0257,-0.0922,-0.2413
3688,3.688,-0.1228,-0.0058,-0.272,0.0452,-0.115,-0.3002
3689,3.689,-0.0769,0.0037,-0.2164,0.0396,-0.1357,-0.2481
3690,3.69,-0.0353,0.0125,-0.1657,0.0025,-0.1174,-0.2005
3691,3.691,0.0529,0.0093,-0.1199,-0.0216,-0.1343,-0.4189
3692,3.692,0.1334,0.002,-0.0228,-0.0259,-0.3639,-0.9353
3693,3.693,0.1231,0.0084,0.0654,0.0021,-0.2656,-0.584
3694,3.694,0.0948,0.0041,0.0995,-0.0013,-0.0565,-0.007
3695,3.695,0.0517,-0.0074,0.0887,-0.0508,0.0797,0.2269
3696,3.696,0.0282,-0.0158,0.0597,-0.0863,0.1048,0.2983
3697,3.697,-0.0074,-0.0174,0.0503,-0.0927,0.1274,0.2351
3698,3.698,-0.0138,-0.0161,0.0575,-0.0753,0.1073,0.2937
3699,3.699,0.0035,-0.0048,0.0783,-0.0805,0.089,0.2412
3700,3.7,-0.0124,0.0058,0.0586,-0.0758,0.3415,0.866
3701,3.701,-0.0172,0.0099,0.0643,-0.0625,0.3777,0.7815
3702,3.702,-0.0217,0.0135,0.0591,-0.0345,0.082,0.2388
3703,3.703,-0.0257,0.0166,0.0544,0.0203,-0.0377,-0.2549
3704,3.704,-0.044,0.0093,0.0412,0.0437,-0.0743,-0.1923
3705,3.705,-0.054,0.0119,0.0209,0.0793,-0.1075,-0.251
3706,3.706,-0.0453,0.0144,0.0024,0.0858,-0.1375,-0.3044
3707,3.707,-0.0044,0.0122,-0.0081,0.0915,-0.1106,-0.1606
3708,3.708,0.0483,0.0057,-0,0.0967,-0.2338,-0.641
3709,3.709,0.0109,0.0047,0.0044,0.0684,-0.4146,-0.906
3710,3.71,-0.0106,-0.0082,0.0115,0.0539,-0.2129,-0.3301
3711,3.711,-0.0172,-0.0026,0.0178,0.0317,0.0318,0.0585
3712,3.712,-0.0231,0.0093,0.0102,0.0353,0.131,0.271
3713,3.713,-0.0178,0.0047,-0.0091,0.0241,0.1016,0.208
3714,3.714,-0.0128,0.0061,0.0073,0.0008,0.1289,0.2667
3715,3.715,-0.008,0.0073,0.0085,-0.0445,0.1046,0.2143
3716,3.716,-0.0036,0.0106,0.0016,-0.1033,0.1719,0.4546
3717,3.717,0.015,0.0179,-0.0085,-0.0804,0.4365,0.848
3718,3.718,0.0585,0.0115,0.0091,-0.0595,0.2563,0.4786
3719,3.719,0.0415,0.0073,0.0454,-0.0275,0.026,-0.0513
3720,3.72,0.0153,0.002,0.0604,-0.0101,-0.1239,-0.2637
3721,3.721,0.0011,0.0041,0.0643,-0.0152,-0.0974,-0.2008
3722,3.722,-0.003,0.0057,0.0236,0.0092,-0.1222,-0.2595
3723,3.723,-0.0067,0.0074,-0.0145,0.0314,-0.1002,-0.2071
3724,3.724,-0.0173,0.0059,-0.0395,-0.0044,-0.1206,-0.2554
3725,3.725,-0.0271,0.011,-0.0801,-0.0186,-0.3615,-0.8233
3726,3.726,-0.0299,0.013,-0.0651,0.0125,-0.3945,-0.7464
3727,3.727,-0.0271,0.0036,-0.0417,0.0247,-0.1258,-0.1123
3728,3.728,-0.0294,-0.0005,-0.0382,0.0143,0.0553,0.1448
3729,3.729,-0.0137,-0.0041,-0.0032,0.0114,0.1543,0.2236
3730,3.73,-0.0075,-0.0009,0.0686,0.0029,0.1249,0.2947
3731,3.731,-0.0242,-0.0123,0.078,0.0168,0.1521,0.3592
3732,3.732,-0.0352,-0.0107,0.0108,0.0193,0.0785,0.1854
3733,3.733,-0.0291,-0.0037,-0.016,0.0217,0.2354,0.6611
3734,3.734,-0.0271,-0.0024,0.0221,0.0238,0.4187,0.8535
3735,3.735,-0.0016,-0.0013,0.0138,0.0145,0.1968,0.4465
3736,3.736,0.0386,-0.0065,-0.0196,-0.0042,-0.0126,-0.1362
3737,3.737,0.0334,-0.0037,-0.1088,0.0029,-0.0946,-0.2149
3738,3.738,0.019,-0.0011,-0.0719,0.0048,-0.1195,-0.2861
3739,3.739,0.0058,-0.0016,0.0539,0.0146,-0.1422,-0.3506
3740,3.74,-0.0221,-0.0008,0.0365,0.0087,-0.1221,-0.1766
3741,3.741,-0.0328,0.0076,-0.0099,0.0032,-0.1407,-0.4409
3742,3.742,-0.0358,-0.0001,0.0312,-0.0079,-0.3932,-0.9696
3743,3.743,0.0094,-0.003,0.094,-0.0152,-0.2852,-0.6182
3744,3.744,0.0808,-0.0076,0.1053,-0.0016,-0.0549,-0.0413
3745,3.745,0.0713,0.0019,0.0947,0.0076,0.0949,0.1926
3746,3.746,0.0281,0.0008,-0.0288,0.0025,0.1225,0.264
3747,3.747,0.0358,-0.0003,-0.0794,0.0041,0.0983,0.3286
3748,3.748,0.0569,-0.0013,-0.1255,-0.0166,0.1208,0.2711
3749,3.749,0.0375,0.0014,-0.3066,-0.0434,0.1006,0.2187
3750,3.75,0.0431,-0.0028,-0.3313,-0.0539,0.3413,0.8433
3751,3.751,0.0482,0.0042,-0.2644,-0.0566,0.3743,0.7586
3752,3.752,0.0919,-0.0042,-0.1629,-0.0412,0.1056,0.216
3753,3.753,0.0627,-0.0166,0.0035,-0.0161,-0.0756,-0.1372
3754,3.754,0.0256,-0.0181,0.0704,0.0006,-0.109,-0.2027
3755,3.755,0.0499,-0.0195,0.1312,0.0157,-0.1391,-0.2615
3756,3.756,0.0456,-0.0125,0.1865,0.0186,-0.1124,-0.315
3757,3.757,0.0339,-0.0187,0.2368,0.036,-0.088,-0.1713
3758,3.758,0.0011,-0.0264,0.2214,0.0698,-0.2449,-0.6518
3759,3.759,-0.0296,-0.0336,0.1518,0.1136,-0.4283,-0.8441
3760,3.76,-0.0896,-0.0291,0.0635,0.1311,-0.2064,-0.4371
3761,3.761,-0.1845,-0.0266,0.006,0.1365,0.0627,0.1457
3762,3.762,-0.2222,-0.0151,-0.025,0.1029,0.0995,0.2244
3763,3.763,-0.2108,-0.01,0.0036,0.0812,0.1328,0.2956
3764,3.764,-0.1798,-0.0055,-0.0394,0.0935,0.1033,0.36
3765,3.765,-0.1325,0.0041,-0.0159,0.0831,0.1307,0.1862
3766,3.766,-0.1068,0.0229,0.0485,0.0341,0.1553,0.3447
3767,3.767,-0.0364,0.0255,0.0401,-0.0294,0.4019,0.9696
3768,3.768,0.0679,0.0327,0.0169,-0.1579,0.3036,0.5441
3769,3.769,0.1374,0.0393,0.0243,-0.2864,0.0346,0.001
3770,3.77,0.0743,0.0371,0.0438,-0.235,-0.0742,-0.2114
3771,3.771,0.0397,0.0389,0.0266,-0.1881,-0.1075,-0.2764
3772,3.772,0.0708,0.0303,-0.0212,-0.1456,-0.1375,-0.3349
3773,3.773,0.1181,0.0287,-0.0274,-0.1071,-0.1106,-0.2826
3774,3.774,0.0922,0.0105,-0.0215,-0.0948,-0.0861,-0.2349
3775,3.775,0.0375,0.0032,0.0053,-0.1254,-0.3325,-0.8901
3776,3.776,0.0161,0.0009,0.0296,-0.1154,-0.3654,-0.797
3777,3.777,0.0225,-0.0053,0.0342,-0.0717,-0.0965,-0.2003
3778,3.778,0.0051,-0.0036,0.0145,-0.0167,0.0846,0.1883
3779,3.779,0.0103,-0.0054,0.0039,0.0335,0.1182,0.2598
3780,3.78,-0.0041,-0.004,0.0009,0.0661,0.0889,0.3245
3781,3.781,-0.0085,-0.0111,-0.0017,0.0838,0.1163,0.267
3782,3.782,-0.0124,-0.0124,-0.0042,0.1213,0.0921,0.2145
3783,3.783,-0.0015,-0.007,0.0033,0.1652,0.249,0.6469
3784,3.784,0.0017,-0.0041,0.0057,0.2063,0.4324,0.9376
3785,3.785,-0.0012,-0.0164,0.008,0.233,0.2107,0.3561
3786,3.786,0.0016,-0.0251,0.0101,0.2573,-0.0584,-0.0325
3787,3.787,-0.0057,-0.0267,-0.0016,0.253,-0.0951,-0.245
3788,3.788,-0.0122,-0.0172,-0.006,0.201,-0.1283,-0.31
3789,3.789,-0.0142,-0.0035,-0.0018,0.1654,-0.0987,-0.2528
3790,3.79,-0.0086,0.0019,-0.0103,0.159,-0.126,-0.2006
3791,3.791,0.0066,0.0204,-0.0132,0.1059,-0.1506,-0.4411
3792,3.792,0.0251,0.0275,-0.0267,0.0133,-0.4419,-0.922
3793,3.793,0.0374,0.0296,-0.0433,-0.1006,-0.3231,-0.6027
3794,3.794,0.0441,0.0233,-0.0409,-0.1466,-0.0701,-0.0783
3795,3.795,0.0503,0.0213,-0.0429,-0.1607,0.0948,0.2746
3796,3.796,0.056,0.0161,-0.0448,-0.1735,0.1251,0.2117
3797,3.797,0.0408,0.0114,-0.0433,-0.2083,0.1525,0.2702
3798,3.798,0.0183,0.0043,-0.0297,-0.219,0.1283,0.3234
3799,3.799,-0.0266,-0.0147,-0.0169,-0.2289,0.1061,0.2755
3800,3.8,-0.0716,-0.045,-0.0256,-0.1689,0.33,0.8434
3801,3.801,-0.1125,-0.0651,-0.0333,-0.052,0.36,0.7663
3802,3.802,-0.1176,-0.0617,-0.0372,0.0653,0.1158,0.2731
3803,3.803,-0.0934,-0.0454,-0.0279,0.1107,-0.0491,-0.1763
3804,3.804,-0.045,-0.0307,-0.0376,0.1242,-0.0795,-0.2358
3805,3.805,-0.0258,-0.0227,-0.0552,0.1112,-0.1069,-0.2894
3806,3.806,0.0151,-0.0105,-0.0522,0.0763,-0.1318,-0.3383
3807,3.807,0.0309,0.0141,-0.0361,0.0446,-0.1096,-0.2078
3808,3.808,0.0164,0.0304,-0.0459,0.0156,-0.252,-0.6447
3809,3.809,0.0295,0.0274,-0.0549,-0.0109,-0.4188,-0.9357
3810,3.81,0.0431,0.0141,-0.054,-0.0633,-0.2112,-0.3992
3811,3.811,0.0629,0.0221,-0.0557,-0.15,0.036,0.0778
3812,3.812,0.0808,0.0293,-0.0419,-0.1622,0.0695,0.2711
3813,3.813,0.0642,0.0315,-0.0402,-0.1527,0.0997,0.2137
3814,3.814,0.067,0.0294,-0.0351,-0.1819,0.127,0.267
3815,3.815,0.0588,0.0164,-0.0122,-0.2604,0.1026,0.2193
3816,3.816,0.0217,0.0079,0.0042,-0.3132,0.1698,0.3503
3817,3.817,-0.0154,0.0034,0.0251,-0.2666,0.4345,0.9457
3818,3.818,-0.0105,0.0074,0.0331,-0.207,0.2542,0.5202
3819,3.819,-0.0147,-0.0039,0.0402,-0.1219,0.0239,-0.0229
3820,3.82,-0.0343,-0.0115,0.0467,-0.0195,-0.126,-0.2354
3821,3.821,-0.0377,-0.0156,0.0404,0.0491,-0.0995,-0.1726
3822,3.822,-0.0407,-0.0093,0.0494,0.1114,-0.1244,-0.2315
3823,3.823,-0.0317,-0.0061,0.0373,0.1452,-0.1471,-0.2849
3824,3.824,-0.0288,-0.0031,0.0387,0.1757,-0.1269,-0.2372
3825,3.825,-0.0214,-0.0023,0.0427,0.1846,-0.3677,-0.8053
3826,3.826,-0.0148,-0.0032,0.0465,0.1754,-0.3352,-0.7285
3827,3.827,-0.0128,0.002,0.0499,0.1516,-0.1264,-0.2356
3828,3.828,-0.0147,0.0069,0.0616,0.1442,0.1183,0.2139
3829,3.829,-0.0097,0.0039,0.0664,0.1375,0.0862,0.2734
3830,3.83,-0.0083,0.0056,0.057,0.1199,0.1162,0.3269
3831,3.831,-0.0044,0.0061,0.0381,0.1146,0.1435,0.2796
3832,3.832,-0.0008,0.0122,-0.0029,0.0903,0.1191,0.2364
3833,3.833,0.0046,0.0114,-0.0086,0.0681,0.2311,0.5938
3834,3.834,0.0014,0.0062,-0.0032,0.064,0.4144,0.9307
3835,3.835,-0.0014,0.0027,-0.0078,0.0457,0.242,0.3626
3836,3.836,-0.0024,0.0033,-0.0033,0.0357,-0.0052,-0.0258
3837,3.837,-0.0047,-0.0018,0.0007,0.0383,-0.1045,-0.238
3838,3.838,-0.0028,-0.001,-0.0027,0.0407,-0.0752,-0.3029
3839,3.839,0.0001,0.0008,0.0007,0.0279,-0.1026,-0.2454
3840,3.84,-0.0065,0.0038,0.0097,0.0207,-0.1273,-0.1929
3841,3.841,-0.0007,0.0045,0.018,0.0222,-0.1498,-0.3371
3842,3.842,-0.0061,0.0089,0.0306,0.0161,-0.4145,-0.9923
3843,3.843,-0.0055,0.0003,0.0645,0.0171,-0.3066,-0.5242
3844,3.844,-0.0125,-0.0007,0.1084,0.0272,-0.0107,-0.0971
3845,3.845,-0.0135,-0.0061,0.0913,0.0114,0.1089,0.2916
3846,3.846,-0.0196,-0.007,0.0865,0.0089,0.0734,0.2228
3847,3.847,-0.0282,-0.0004,0.053,-0.0043,0.1066,0.2875
3848,3.848,-0.0387,0.0056,-0.004,-0.0129,0.1365,0.2302
3849,3.849,-0.0375,0.0036,-0.1054,-0.0113,0.1096,0.2836
3850,3.85,-0.0188,0.0086,-0.2021,-0.0126,0.3315,0.8123
3851,3.851,0.022,0.0129,-0.2142,-0.0313,0.3614,0.7427
3852,3.852,0.0864,0.0135,-0.1562,-0.0501,0.1171,0.1666
3853,3.853,0.043,0.0079,-0.1245,-0.0423,-0.0478,-0.2216
3854,3.854,0.0195,-0.0019,-0.1145,-0.0305,-0.0782,-0.1526
3855,3.855,0.0265,-0.0004,-0.0364,-0.0115,-0.1056,-0.3451
3856,3.856,0.02,-0.0065,0.037,0.0163,-0.1304,-0.2875
3857,3.857,0.0025,-0.0073,0.0658,0.0349,-0.1083,-0.235
3858,3.858,0.0184,-0.006,0.0577,0.0123,-0.2506,-0.5712
3859,3.859,0.0231,-0.0031,0.0504,-0.0081,-0.4174,-0.9646
3860,3.86,0.0098,-0.0038,0.0296,0.006,-0.2157,-0.3831
3861,3.861,-0.002,-0.0073,0.0237,0.004,0.0289,0.1605
3862,3.862,0.0015,-0.0036,-0.0049,0.011,0.1281,0.2324
3863,3.863,0.0047,-0.0051,-0.0202,-0.0193,0.0988,0.2975
3864,3.864,-0.0041,-0.0021,-0.0149,-0.085,0.1261,0.2404
3865,3.865,-0.0015,-0.0098,-0.001,-0.094,0.1017,0.2938
3866,3.866,0.0057,0.0007,0.0518,-0.0677,0.1242,0.3422
3867,3.867,-0.0011,-0.0062,0.0597,0.0033,0.4295,0.9105
3868,3.868,-0.0114,-0.0049,0.067,0.0323,0.2988,0.524
3869,3.869,-0.0245,0.003,0.0854,0.0243,0.0204,0.0308
3870,3.87,-0.033,-0.0022,0.1022,0.0017,-0.0884,-0.1625
3871,3.871,-0.0376,-0.0086,0.0303,-0.0188,-0.1217,-0.2214
3872,3.872,-0.0336,-0.006,-0.0211,-0.0116,-0.1516,-0.2746
3873,3.873,-0.0223,0.0041,-0.0868,0.0067,-0.1248,-0.2269
3874,3.874,0.0007,0.0055,-0.1294,-0.019,-0.1003,-0.2706
3875,3.875,0.0237,0.0067,-0.1211,-0.0425,-0.3468,-0.7867
3876,3.876,0.0266,0.0035,-0.1134,-0.055,-0.3797,-0.8572
3877,3.877,0.0348,0.0025,-0.0936,-0.0744,-0.1708,-0.2808
3878,3.878,0.0522,-0.0078,-0.0639,-0.0704,0.074,0.2628
3879,3.879,0.0411,-0.0091,0.0166,-0.0865,0.1076,0.1941
3880,3.88,0.027,-0.0054,0.0283,-0.0471,0.1377,0.2588
3881,3.881,0.0141,-0.0064,0.0389,0.0011,0.111,0.3174
3882,3.882,0.0193,-0.0094,0.0485,0.0205,0.0866,0.1596
3883,3.883,0.0087,-0.0159,0.0399,0.038,0.2435,0.5921
3884,3.884,-0.0008,-0.0116,0.0321,0.0432,0.4269,0.8829
3885,3.885,-0.0044,-0.0169,0.025,0.0384,0.2052,0.4071
3886,3.886,-0.0053,-0.012,0.0186,0.0602,-0.004,-0.0423
3887,3.887,-0.0103,-0.0104,0.0128,0.0719,-0.0859,-0.2181
3888,3.888,-0.0109,-0.0109,0.0178,0.0682,-0.111,-0.2719
3889,3.889,-0.0116,-0.0032,0.0223,0.0582,-0.1336,-0.3207
3890,3.89,-0.0167,-0.0042,0.0001,0.0609,-0.1135,-0.2775
3891,3.891,-0.013,-0.0073,-0.0041,0.0469,-0.1321,-0.3966
3892,3.892,-0.0033,0.0011,-0.0079,0.0143,-0.3847,-0.938
3893,3.893,-0.0019,0.0042,-0.018,-0.0168,-0.2768,-0.5516
3894,3.894,0.002,0.0094,-0.0154,-0.0371,-0.0466,-0.058
3895,3.895,0.0077,0.012,-0.0076,-0.0849,0.1031,0.2635
3896,3.896,0.0026,0.0111,-0.0102,-0.1176,0.1308,0.2067
3897,3.897,-0.0019,0.0116,-0.0171,-0.1124,0.1064,0.2602
3898,3.898,0.0025,0.0095,-0.0194,-0.0756,0.1289,0.3087
3899,3.899,0.0095,0.0051,-0.0142,-0.0324,0.1087,0.2653
3900,3.9,0.0069,0.0067,-0.0197,-0.0387,0.3494,0.7816
3901,3.901,-0.0024,0.0019,-0.0279,-0.0339,0.3823,0.7118
3902,3.902,-0.0034,0.0048,-0.0077,-0.0487,0.1135,0.2634
3903,3.903,0.0001,-0.0041,0.0368,-0.0447,-0.0677,-0.1451
3904,3.904,-0.0007,0.002,0.0427,-0.0251,-0.1013,-0.1993
3905,3.905,0.0004,-0.0013,0.0596,0.0074,-0.1315,-0.248
3906,3.906,-0.0017,-0.0005,0.0323,0.0379,-0.1589,-0.2922
3907,3.907,-0.0067,0.004,0.0173,0.0494,-0.0855,-0.1737
3908,3.908,-0.0113,0.0063,-0.0141,0.0311,-0.2424,-0.5707
3909,3.909,-0.0127,0.0069,-0.0506,0.0276,-0.4259,-0.9406
3910,3.91,-0.0211,0.006,-0.0753,0.0482,-0.2042,-0.4119
3911,3.911,-0.0089,0.0052,-0.0365,0.0438,0.0246,0.1144
3912,3.912,0.0027,0.0019,-0.0061,0.03,0.1146,0.1864
3913,3.913,0.0198,0.0001,-0.0504,0.0175,0.142,0.2512
3914,3.914,0.0221,-0.0037,-0.0801,0.0329,0.1176,0.31
3915,3.915,-0.0003,-0.0035,-0.1286,0.0226,0.0953,0.2576
3916,3.916,-0.0031,-0.0049,-0.1356,0.0205,0.1156,0.4019
3917,3.917,-0.0167,-0.0026,-0.1534,0.0288,0.3934,0.8825
3918,3.918,-0.0239,0.0024,-0.1273,0.0241,0.2745,0.563
3919,3.919,-0.0216,0.0015,-0.055,0.0143,0.0215,0.0385
3920,3.92,-0.0073,-0.0007,-0.0033,0.0079,-0.1435,-0.1738
3921,3.921,-0.0017,-0.0067,0.0626,0.0067,-0.1143,-0.2388
3922,3.922,0,0.0016,0.0534,-0.0029,-0.1418,-0.2974
3923,3.923,-0.0076,0.0023,0.0138,-0.0068,-0.1177,-0.245
3924,3.924,-0.0116,0.0051,-0.0081,-0.0013,-0.0956,-0.1971
3925,3.925,-0.0053,0.004,-0.0023,0.0101,-0.3195,-0.765
3926,3.926,-0.013,0.003,0.0264,0.0176,-0.4091,-0.8427
3927,3.927,-0.0035,0.0064,0.0418,0.0134,-0.1108,-0.2088
3928,3.928,-0.0024,-0.0031,0.0946,0.0146,0.0883,0.2188
3929,3.929,0.0079,-0.0072,0.0871,0.0157,0.125,0.2977
3930,3.93,0.0119,-0.013,0.0933,0.0188,0.1582,0.2284
3931,3.931,0.0129,-0.0123,0.0756,0.0126,0.1287,0.293
3932,3.932,0.016,-0.0134,0.0487,0.0155,0.1018,0.2355
3933,3.933,0.0189,-0.0112,0.053,0.0121,0.1756,0.6053
3934,3.934,0.0046,-0.0121,0.0305,0.0018,0.3773,0.9421
3935,3.935,-0.0262,-0.0104,0.0659,-0.0055,0.2418,0.4616
3936,3.936,-0.0309,-0.0064,0.0798,-0.026,0.0193,-0.1154
3937,3.937,-0.0032,-0.0072,0.0926,-0.0107,-0.0707,-0.1941
3938,3.938,0.0073,-0.008,0.0643,-0.0076,-0.0982,-0.2652
3939,3.939,0.0168,-0.0071,0.0388,-0.0097,-0.123,-0.3297
3940,3.94,0.0315,-0.0045,0.0157,0.0109,-0.1009,-0.2721
3941,3.941,0.0285,-0.0051,0.0186,0.0194,-0.1213,-0.325
3942,3.942,0.0355,-0.0014,-0.0004,0.032,-0.3991,-1.0458
3943,3.943,0.0197,-0.0022,-0.0176,0.0345,-0.2803,-0.7372
3944,3.944,0.0093,0.0018,-0.051,0.0327,-0.0995,-0.0804
3945,3.945,0.0109,0.0068,-0.104,0.0385,0.1311,0.1767
3946,3.946,0.0225,0.0059,-0.0968,0.0235,0.1019,0.2553
3947,3.947,0.0299,0.004,-0.0644,0.0095,0.1293,0.3263
3948,3.948,0.0087,0.0009,-0.0469,0.0005,0.1541,0.2628
3949,3.949,-0.0366,-0.0019,-0.0096,-0.0043,0.0871,0.2051
3950,3.95,-0.0304,-0.0043,0.0243,-0.0085,0.311,0.7862
3951,3.951,-0.0132,-0.0065,0.0201,-0.029,0.4006,0.8639
3952,3.952,-0.0399,-0.0063,0.0321,-0.0616,0.1563,0.23
3953,3.953,-0.0837,-0.0104,0.0869,-0.0481,-0.0742,-0.1972
3954,3.954,-0.1248,-0.007,0.1577,-0.0359,-0.1046,-0.2759
3955,3.955,-0.0662,-0.004,0.1295,-0.0319,-0.132,-0.2065
3956,3.956,-0.0585,-0.0012,0.0866,-0.0284,-0.1568,-0.271
3957,3.957,-0.0657,0.0022,0.0009,-0.0368,-0.0899,-0.2134
3958,3.958,-0.0721,0.0044,-0.0563,-0.0446,-0.2322,-0.5832
3959,3.959,-0.0548,0.0055,-0.1289,-0.0666,-0.436,-0.9199
3960,3.96,0.0037,0.0112,-0.1383,-0.0751,-0.192,-0.4393
3961,3.961,0.0425,0.0138,-0.1296,-0.0558,0.0385,0.1377
3962,3.962,0.0636,0.0116,-0.1061,-0.0183,0.1286,0.2166
3963,3.963,0.0697,0.0123,-0.0417,-0.0022,0.1021,0.2875
3964,3.964,0.0636,0.0119,0.0018,0.0221,0.127,0.352
3965,3.965,0.0367,0.0114,-0.0211,0.0355,0.1049,0.2942
3966,3.966,0.0316,0.0079,-0.0277,0.0635,0.1253,0.3472
3967,3.967,0.0267,0.0058,-0.0207,0.0744,0.4031,0.9718
3968,3.968,0.0223,0.0031,-0.0143,0.0714,0.2845,0.5462
3969,3.969,0.0181,0.0043,-0.019,0.0507,0.0316,0.0031
3970,3.97,0.0207,0.0097,-0.004,0.037,-0.0675,-0.2097
3971,3.971,0.0172,0.0168,0.0012,0.0443,-0.0979,-0.275
3972,3.972,0.014,0.0162,0.0059,0.0377,-0.1252,-0.3339
3973,3.973,0.0112,0.0105,0.0248,0.0275,-0.1499,-0.2818
3974,3.974,0.0134,0.0071,0.0157,0.0144,-0.0829,-0.2341
3975,3.975,0.0158,0.011,0.0191,-0.0078,-0.3474,-0.8023
3976,3.976,0.0257,0.0183,0.0277,-0.0229,-0.3835,-0.8802
3977,3.977,0.0318,0.0179,0.0255,-0.0369,-0.1534,-0.2466
3978,3.978,0.0222,0.0175,0.0101,-0.0496,0.0562,0.1806
3979,3.979,0.0247,0.0064,0.0163,-0.0746,0.0841,0.2592
3980,3.98,0.0118,0.0051,0.0445,-0.098,0.1091,0.33
3981,3.981,0.0218,0.0071,0.1048,-0.0714,0.1318,0.2664
3982,3.982,0.0275,0.0089,0.1655,-0.039,0.1118,0.2085
3983,3.983,0.0205,0.0082,0.1424,-0.0173,0.2044,0.5781
3984,3.984,0.0251,0.0119,0.0502,-0.0137,0.4234,0.9145
3985,3.985,0.0268,0.0093,0.0128,-0.0393,0.2148,0.4337
3986,3.986,0.0262,0.0034,-0.0215,-0.023,-0.0297,-0.0158
3987,3.987,0.0109,0.0064,-0.1153,0.0039,-0.1288,-0.1918
3988,3.988,-0.0089,0.0076,-0.1783,0.0001,-0.0994,-0.2459
3989,3.989,-0.0166,0.0088,-0.1667,-0.0166,-0.1268,-0.2949
3990,3.99,-0.0137,0.015,-0.1564,-0.002,-0.1025,-0.252
3991,3.991,-0.0066,0.0162,-0.1281,0.0114,-0.1249,-0.3714
3992,3.992,-0.0122,0.009,-0.206,0.0136,-0.3895,-0.9129
3993,3.993,-0.0099,0,-0.0915,0.0156,-0.3537,-0.6814
3994,3.994,-0.0077,-0.0032,-0.0152,0.0215,-0.0578,-0.0474
3995,3.995,0.0156,-0.0059,0.0542,0.012,0.1413,0.2095
3996,3.996,0.0258,-0.0084,0.0917,0.0135,0.1059,0.2878
3997,3.997,0.0113,-0.007,0.0801,0.0178,0.139,0.3586
3998,3.998,-0.0074,-0.0108,0.0488,0.0162,0.1094,0.2952
3999,3.999,-0.0443,-0.0096,0.02,0.0122,0.0825,0.2375
4000,4,-0.0705,-0.0141,0.0456,0.0129,0.3535,0.8186
4001,4.001,-0.0655,-0.008,0.0533,0.0137,0.3897,0.7417
4002,4.002,-0.0431,-0.0069,0.032,0.005,0.1597,0.2488
4003,4.003,-0.0467,-0.016,0.0255,0.0173,-0.0497,-0.2007
4004,4.004,-0.043,-0.0145,-0.0038,0.0189,-0.0775,-0.2602
4005,4.005,-0.0526,-0.0175,-0.041,0.0173,-0.1025,-0.3138
4006,4.006,-0.0315,-0.0183,-0.0457,0.0186,-0.1252,-0.2663
4007,4.007,0.0099,-0.0116,0.0205,0.0149,-0.1052,-0.2232
4008,4.008,0.0631,-0.0072,0.1246,0.0047,-0.2348,-0.5807
4009,4.009,0.0988,-0.014,0.0825,0.0144,-0.4201,-0.9174
4010,4.01,0.1055,-0.0165,0.0696,0.0031,-0.2478,-0.4369
4011,4.011,0.1232,-0.0122,-0.0112,0.017,-0.0007,0.1402
4012,4.012,0.1281,-0.0103,-0.0632,-0.0003,0.0922,0.2174
4013,4.013,0.1019,-0.0081,-0.0946,0.0054,0.1254,0.2956
4014,4.014,0.0974,0.0011,-0.123,0.0005,0.1554,0.2261
4015,4.015,0.1373,0.0022,-0.1142,-0.0162,0.1285,0.2906
4016,4.016,0.1746,-0.0035,-0.0748,-0.0407,0.104,0.3488
4017,4.017,0.17,-0.0089,-0.0247,-0.0372,0.3953,0.93
4018,4.018,0.148,-0.0119,-0.018,-0.0099,0.2765,0.6982
4019,4.019,0.1119,-0.0114,-0.0588,0.0158,0.0956,0.064
4020,4.02,0.0486,-0.0202,-0.0749,0.0192,-0.0694,-0.1929
4021,4.021,-0.0466,-0.0216,-0.0511,0.0107,-0.0997,-0.2714
4022,4.022,-0.2364,-0.0295,-0.0116,0.0246,-0.1272,-0.3423
4023,4.023,-0.4264,-0.0404,0.0576,0.0521,-0.1521,-0.2788
4024,4.024,-0.5005,-0.0425,0.1048,0.0924,-0.1299,-0.2209
4025,4.025,-0.6128,-0.0469,0.234,0.0979,-0.3538,-0.802
4026,4.026,-0.5523,-0.0374,0.2156,0.0934,-0.4433,-0.8796
4027,4.027,-0.4231,-0.0285,0.1654,0.0893,-0.1451,-0.2458
4028,4.028,-0.2047,-0.0281,0.0585,0.0777,0.0541,0.1817
4029,4.029,0.0036,-0.0257,-0.0107,0.0671,0.0908,0.2606
4030,4.03,0.0844,-0.0107,-0.048,0.0178,0.1239,0.3318
4031,4.031,0.1084,-0.0048,-0.0822,-0.0174,0.154,0.2686
4032,4.032,0.1303,0.0006,-0.0922,-0.0883,0.0729,0.2111
4033,4.033,0.1501,0.0055,-0.1014,-0.1163,0.2454,0.5809
4034,4.034,0.168,0.0066,-0.0583,-0.1418,0.4023,0.9178
4035,4.035,0.1507,0.0045,0.012,-0.1022,0.2601,0.4374
4036,4.036,0.135,0.0027,0.0215,-0.0233,-0.0183,-0.0117
4037,4.037,0.1205,0.001,-0.0214,-0.0124,-0.0586,-0.1873
4038,4.038,0.0822,0.0016,0.018,-0.0023,-0.0951,-0.241
4039,4.039,0.0932,0.0022,0.0678,0.0241,-0.1282,-0.2896
4040,4.04,0.0824,-0.0065,0.1133,-0.0144,-0.0986,-0.2463
4041,4.041,0.0725,-0.0124,0.061,-0.0353,-0.1257,-0.3654
4042,4.042,0.0807,-0.0116,-0.0021,-0.0412,-0.3967,-0.9067
4043,4.043,0.0878,-0.0109,-0.027,-0.0114,-0.2887,-0.6748
4044,4.044,0.0657,-0.0085,-0.034,0.0156,-0.0585,-0.0407
4045,4.045,0.0457,-0.0123,-0.0544,0.0208,0.0914,0.2163
4046,4.046,0.0393,-0.0074,0.0436,0.0167,0.1192,0.1402
4047,4.047,0.0229,0.0021,0.1696,0.0209,0.0951,0.2112
4048,4.048,0.0177,0.0204,0.0526,0.0248,0.1177,0.2757
4049,4.049,0.0216,0.0329,-0.0231,0.0086,0.0976,0.2179
4050,4.05,0.0173,0.0443,-0.064,0.0116,0.3385,0.799
4051,4.051,0.0206,0.0506,-0.0757,-0.0073,0.3717,0.8766
4052,4.052,0.0236,0.0454,-0.0404,-0.0344,0.163,0.2428
4053,4.053,0.0205,0.0475,-0.0499,-0.0378,-0.0273,-0.1847
4054,4.054,0.0177,0.0372,-0.0776,-0.041,-0.1016,-0.2635
4055,4.055,0.0004,0.0196,-0.0856,-0.0559,-0.1242,-0.1942
4056,4.056,0.0068,0.0078,0.0324,-0.0369,-0.1446,-0.2589
4057,4.057,-0.0035,0.0105,0.1172,-0.0146,-0.0892,-0.2014
4058,4.058,-0.0091,0.0213,0.0415,0.0003,-0.207,-0.5712
4059,4.059,-0.0277,0.0313,0.0284,0.0083,-0.4366,-0.908
4060,4.06,-0.0253,0.0337,0.0166,0.0155,-0.2068,-0.4276
4061,4.061,-0.0318,0.0329,0.0059,0.0089,0.0026,0.0214
4062,4.062,-0.0378,0.035,-0.0452,0.0189,0.0846,0.1971
4063,4.063,-0.0249,0.037,-0.1295,0.0205,0.1097,0.2508
4064,4.064,0.0004,0.0456,-0.1861,0.0152,0.1325,0.2994
4065,4.065,-0.0106,0.0517,-0.1541,0.0195,0.1126,0.2559
4066,4.066,-0.0074,0.0553,-0.087,0.0012,0.1313,0.2956
4067,4.067,0.0196,0.0621,0.0431,-0.0163,0.3838,0.8367
4068,4.068,0.045,0.0746,0.2845,-0.0188,0.3481,0.6047
4069,4.069,0.0812,0.0941,0.3179,-0.0005,0.0523,0.1112
4070,4.07,0.1052,0.1223,0.1691,-0.0031,-0.0672,-0.2105
4071,4.071,0.0564,0.1268,0.088,-0.0011,-0.1037,-0.27
4072,4.072,-0.0023,0.1245,0.113,0.0047,-0.1367,-0.3237
4073,4.073,-0.0104,0.1106,0.0913,0.0025,-0.1667,-0.2764
4074,4.074,-0.0179,0.0978,-0.0502,-0.0163,-0.0856,-0.2333
4075,4.075,-0.0375,0.0715,-0.1418,-0.014,-0.3073,-0.7497
4076,4.076,-0.0552,0.0324,-0.124,-0.0119,-0.3967,-0.8205
4077,4.077,-0.0392,-0.0039,-0.169,0.0186,-0.1525,-0.2446
4078,4.078,-0.0342,-0.0271,-0.1543,0.0053,0.0781,0.1438
4079,4.079,-0.0116,-0.0481,-0.04,-0.0147,0.1087,0.2153
4080,4.08,-0.0068,-0.059,-0.0549,-0.0113,0.1363,0.2798
4081,4.081,-0.0096,-0.0762,0.0425,0.0048,0.1121,0.3382
4082,4.082,0.001,-0.0785,0.2323,0.0016,0.0902,0.1801
4083,4.083,-0.0132,-0.1047,0.2056,-0.04,0.1921,0.5163
4084,4.084,-0.0152,-0.1074,-0.0162,-0.0933,0.4331,0.9096
4085,4.085,0.0026,-0.1034,-0.1058,-0.0725,0.2035,0.4337
4086,4.086,0.0009,-0.1115,-0.133,-0.0664,-0.0057,-0.0157
4087,4.087,-0.0251,-0.1191,-0.0097,-0.0258,-0.0875,-0.1917
4088,4.088,-0.0646,-0.1162,-0.0766,0.0111,-0.1124,-0.2456
4089,4.089,-0.0906,-0.0955,-0.2184,0.0251,-0.135,-0.2944
4090,4.09,-0.0271,-0.076,-0.3474,0.0116,-0.1148,-0.2515
4091,4.091,0.0854,-0.0734,-0.2289,0.0074,-0.1334,-0.2915
4092,4.092,0.1621,-0.0843,0.0011,0.0035,-0.3858,-0.8331
4093,4.093,0.1207,-0.0821,0.034,0.0395,-0.3499,-0.6015
4094,4.094,0.0073,-0.0802,0.0638,0.0535,-0.054,-0.1081
4095,4.095,-0.0384,-0.0683,0.0907,0.0576,0.0656,0.2134
4096,4.096,-0.0521,-0.0637,0.1151,0.0612,0.1022,0.2726
4097,4.097,-0.0143,-0.0597,0.0926,0.0644,0.1354,0.3259
4098,4.098,-0.0718,-0.0485,0.0722,0.0672,0.1058,0.2782
4099,4.099,-0.1028,-0.0256,0.0535,0.0398,0.0787,0.2349
4100,4.1,-0.1312,-0.0226,-0.0309,0.0214,0.3005,0.7511
4101,4.101,-0.1052,-0.014,0.0146,0.0374,0.3899,0.8217
4102,4.102,-0.0818,-0.0062,0.028,0.052,0.1457,0.2454
4103,4.103,-0.0463,-0.009,0.0905,0.0707,-0.0849,-0.1432
4104,4.104,-0.0011,-0.0072,0.0786,0.053,-0.1154,-0.2149
4105,4.105,0.0163,0.0024,0.0053,0.019,-0.0888,-0.2798
4106,4.106,0.0111,0.0036,0.0145,-0.0056,-0.1137,-0.3385
4107,4.107,0.0159,0.0114,0.0575,-0.0103,-0.0917,-0.1806
4108,4.108,0.0027,0.0213,0.003,-0.0305,-0.1935,-0.5171
4109,4.109,-0.0174,0.0218,-0.0752,-0.0416,-0.4344,-0.9106
4110,4.11,0.0226,0.0222,-0.1899,0.0078,-0.2049,-0.4351
4111,4.111,0.1026,0.0223,-0.2666,0.029,0.0043,0.0142
4112,4.112,0.091,0.0183,-0.114,-0.0035,0.0861,0.19
4113,4.113,0.0582,0.0131,-0.0382,-0.0079,0.1146,0.2598
4114,4.114,0.027,0.0148,0.0224,-0.0138,0.1394,0.3133
4115,4.115,-0.0015,0.0146,0.1519,-0.0193,0.1172,0.2657
4116,4.116,0.0244,0.0235,0.1686,-0.0338,0.1375,0.3095
4117,4.117,0.0477,0.0265,0.1534,-0.0384,0.4152,0.9051
4118,4.118,0.0548,0.0216,0.3064,-0.0504,0.2964,0.6501
4119,4.119,0.0613,0.0215,0.2863,-0.0178,0.0435,0.1072
4120,4.12,0.0439,0.0194,0.0457,-0.0047,-0.0559,-0.2459
4121,4.121,0.0173,0.0155,-0.0527,-0.0167,-0.0863,-0.3112
4122,4.122,0.0029,0.0152,-0.0827,-0.0568,-0.1138,-0.254
4123,4.123,0.0336,0.0134,-0.2185,-0.105,-0.1386,-0.3074
4124,4.124,0.0135,0.0073,-0.1942,-0.1244,-0.1166,-0.2597
4125,4.125,-0.0266,0.0019,-0.1272,-0.0952,-0.2998,-0.7402
4126,4.126,-0.032,0.0023,-0.1478,-0.1006,-0.3738,-0.8045
4127,4.127,-0.0563,0.0068,-0.0926,-0.0959,-0.172,-0.2807
4128,4.128,-0.0431,0.0034,0.0584,-0.0651,0.0727,0.2132
4129,4.129,0.0008,0.0042,0.1188,-0.0129,0.1062,0.2785
4130,4.13,0.0066,-0,-0.0113,0.0513,0.0768,0.2214
4131,4.131,0.0118,0.0017,-0.0285,0.0601,0.1041,0.2749
4132,4.132,0.036,-0.0071,0.2009,0.0526,0.0797,0.2273
4133,4.133,0.0316,0.009,0.2996,0.0599,0.2366,0.5331
4134,4.134,-0.0124,0.0452,0.2105,0.0665,0.4199,0.8906
4135,4.135,-0.0533,0.0816,0.021,0.0724,0.2476,0.4581
4136,4.136,-0.0798,0.0761,-0.1512,0.0567,0.0005,-0.0664
4137,4.137,-0.0844,0.0711,-0.2181,0.0616,-0.0987,-0.2788
4138,4.138,-0.0446,0.0586,-0.2787,0.0575,-0.1289,-0.216
4139,4.139,0.0141,0.0545,-0.2599,0.046,-0.1022,-0.2747
4140,4.14,0.0375,0.0443,-0.1082,0.0428,-0.1269,-0.2224
4141,4.141,0.002,0.0291,0.0343,0.0399,-0.1047,-0.3667
4142,4.142,-0.0044,0.0207,0.0902,0.0373,-0.4099,-1.022
4143,4.143,0.0015,0.0132,0.175,0.0349,-0.2791,-0.7414
4144,4.144,0.0174,0.0064,0.1604,0.0328,-0.0802,-0.1444
4145,4.145,0.0125,0.0043,0.1471,0.0266,0.101,0.2442
4146,4.146,0.008,-0.005,0.11,0.0248,0.1345,0.3157
4147,4.147,0.0041,-0.0167,0.0991,0.0121,0.1646,0.2526
4148,4.148,-0.0068,-0.0151,0.0686,0.0106,0.1378,0.3113
4149,4.149,-0.01,-0.0218,0.0029,0.0185,0.1135,0.2589
4150,4.15,-0.0072,-0.0153,0.1156,0.0147,0.3152,0.7874
4151,4.151,-0.01,-0.014,0.1618,0.0161,0.3967,0.8582
4152,4.152,0.0024,-0.0022,0.065,0.013,0.1255,0.2821
4153,4.153,0.0179,-0.0034,-0.0482,0.0185,-0.0555,-0.1063
4154,4.154,-0.0085,-0.0099,-0.0629,0.0141,-0.089,-0.1778
4155,4.155,-0.0192,-0.0007,-0.1041,0.0014,-0.1191,-0.2424
4156,4.156,0.0039,0.0075,-0.192,-0.0264,-0.1465,-0.3008
4157,4.157,0.037,0.0216,-0.203,-0.0382,-0.1221,-0.2483
4158,4.158,0.0239,0.0165,-0.1086,-0.0416,-0.1893,-0.4885
4159,4.159,0.004,0.0085,0.0055,-0.0514,-0.4132,-0.969
4160,4.16,0.0005,0.0044,0.1128,-0.0305,-0.2642,-0.5212
4161,4.161,0.0103,0.0036,0.0434,-0.0113,-0.0196,0.0036
4162,4.162,0.0132,0.0154,-0.0446,0.0012,0.0797,0.2162
4163,4.163,-0.0004,0.0083,-0.1247,-0.001,0.1099,0.2814
4164,4.164,-0.0028,0.0019,-0.0931,0.0011,0.1373,0.3403
4165,4.165,-0.0007,0.0013,-0.0262,-0.0044,0.1131,0.2882
4166,4.166,0.0012,0.0008,0.0004,-0.0027,0.0908,0.3367
4167,4.167,-0.0082,-0.0103,0.0088,-0.0072,0.3961,0.905
4168,4.168,-0.0032,-0.0113,0.0306,-0.0142,0.3526,0.6735
4169,4.169,-0.0018,-0.0148,0.0247,-0.0281,0.0744,0.1805
4170,4.17,-0.006,-0.0132,0.0544,-0.0113,-0.1068,-0.1407
4171,4.171,-0.0073,-0.0117,0.0812,0.0043,-0.1402,-0.1997
4172,4.172,-0.013,-0.0102,0.0475,0.0104,-0.1107,-0.2529
4173,4.173,-0.0121,-0.0089,-0.0184,0.0122,-0.1381,-0.3012
4174,4.174,-0.0059,-0.0143,-0.0088,0.0071,-0.1138,-0.2577
4175,4.175,-0.0069,-0.0177,0.0346,0.0025,-0.3155,-0.7737
4176,4.176,-0.0093,-0.0066,0.1367,-0.0183,-0.3969,-0.844
4177,4.177,-0.0131,-0.0047,0.1787,-0.0632,-0.1749,-0.2675
4178,4.178,-0.0064,-0.0003,0.2674,-0.0955,0.0344,0.1214
4179,4.179,-0.0039,-0.0062,0.1644,-0.0897,0.1164,0.1934
4180,4.18,-0.0083,-0.0069,0.0397,-0.0737,0.1413,0.2585
4181,4.181,-0.0032,-0.0181,-0.145,-0.0592,0.1192,0.3174
4182,4.182,-0.0027,-0.0194,-0.1692,-0.0283,0.099,0.2652
4183,4.183,-0.0123,-0.026,-0.1912,-0.0003,0.1916,0.5059
4184,4.184,-0.0276,-0.022,-0.211,-0.0039,0.4105,0.8997
4185,4.185,-0.0298,-0.0184,-0.1553,-0.0137,0.2614,0.5304
4186,4.186,-0.0132,-0.0191,-0.105,-0.0108,0.0168,0.0007
4187,4.187,-0.0199,-0.0143,-0.0899,-0.0028,-0.0825,-0.2114
4188,4.188,-0.0099,-0.0046,-0.0763,0.0044,-0.1128,-0.2761
4189,4.189,0.0179,-0.0008,-0.064,0.0199,-0.1402,-0.3345
4190,4.19,0.078,-0.0017,-0.0296,0.0217,-0.116,-0.2819
4191,4.191,0.0694,-0.0027,-0.0193,0.0234,-0.0938,-0.3298
4192,4.192,0.0616,-0.0111,0.047,0.0147,-0.3991,-0.8976
4193,4.193,0.0118,-0.0167,0.073,0.0161,-0.3556,-0.6657
4194,4.194,0.0054,-0.0178,0.034,0.0255,-0.0775,-0.1722
4195,4.195,-0.012,-0.0187,0.041,0.0264,0.1035,0.1498
4196,4.196,-0.0172,-0.0076,-0.0044,0.0137,0.1369,0.2097
4197,4.197,-0.022,-0.0062,0.0127,0.005,0.1073,0.2636
4198,4.198,-0.0176,-0.0023,0.0283,0.0063,0.1346,0.3124
4199,4.199,0.0023,-0.0037,0.0521,0.0157,0.1101,0.1821
4200,4.2,0.013,-0.0006,0.056,0.0166,0.3117,0.6986
4201,4.201,0.0032,-0.0018,0.0357,0.0196,0.393,0.7695
4202,4.202,-0.0056,0.0007,0.0244,0.0142,0.1709,0.3215
4203,4.203,-0.0083,0.0031,0.0337,0.0131,-0.0386,-0.2032
4204,4.204,-0.0156,0.0099,0.0122,0.007,-0.0665,-0.2746
4205,4.205,-0.0045,0.0124,-0.0297,0.0168,-0.1407,-0.2113
4206,4.206,0.0016,0.0131,-0.0012,0.0207,-0.1187,-0.2698
4207,4.207,0.0035,0.006,0.0351,0.0194,-0.0987,-0.2173
4208,4.208,0.0155,-0.0006,0.0682,0.0114,-0.1914,-0.4577
4209,4.209,0.0325,-0.005,0.0455,0.0143,-0.4103,-0.9384
4210,4.21,0.017,0.0001,0.017,0.0151,-0.2614,-0.4908
4211,4.211,0.015,-0.0008,-0.0017,0.0175,-0.0168,0.0339
4212,4.212,0.0058,-0.0005,-0.0253,0.0197,0.0823,0.2462
4213,4.213,0.0076,-0.0024,-0.0469,0.0119,0.1125,0.3111
4214,4.214,0.0029,0.0078,-0.0429,0.0096,0.1339,0.3011
4215,4.215,0.0013,0.0154,-0.0026,0.0212,0.107,0.2436
4216,4.216,-0,0.0097,0.0261,0.0258,0.1317,0.2965
4217,4.217,0.0012,0.0043,0.0203,0.019,0.3781,0.9212
4218,4.218,-0.0043,0.005,-0.014,0.0026,0.3454,0.6662
4219,4.219,-0.0032,-0.0011,-0.0275,0.0049,0.0765,0.1234
4220,4.22,-0.0172,-0.0034,-0.0478,0.003,-0.1046,-0.2298
4221,4.221,-0.0272,0.0013,-0.0518,0.005,-0.0724,-0.1673
4222,4.222,-0.0029,0.0055,-0.0686,-0.0033,-0.1622,-0.2261
4223,4.223,0.007,0.0118,-0.0779,-0.0077,-0.1354,-0.2797
4224,4.224,0.0041,0.0109,-0.0647,-0.0088,-0.1111,-0.2321
4225,4.225,0.0069,0.0161,-0.0628,-0.0174,-0.3128,-0.7128
4226,4.226,0.0193,0.0196,-0.0296,-0.0203,-0.3943,-0.9052
4227,4.227,0.0082,0.0165,-0.0156,-0.0043,-0.2217,-0.2655
4228,4.228,0.0144,0.0125,-0.0028,-0.0062,0.0254,0.1617
4229,4.229,0.0089,0.013,0.0006,0.0001,0.1246,0.2403
4230,4.23,0.0072,0.0061,-0.0034,0.0023,0.1548,0.3111
4231,4.231,0.0027,-0.0095,0.0257,0.0043,0.128,0.2476
4232,4.232,-0.0013,-0.0205,0.0288,0.0001,0.1036,0.1897
4233,4.233,-0.0125,-0.0224,0.0316,0.0045,0.2157,0.4539
4234,4.234,-0.0263,-0.024,0.0474,-0.009,0.4396,0.8864
4235,4.235,-0.0319,-0.0085,0.0556,-0.0031,0.2906,0.4796
4236,4.236,-0.0199,0.0019,0.0579,-0.0078,-0.0081,0.0025
4237,4.237,-0.0153,0.0152,0.0252,0.0001,-0.1278,-0.1911
4238,4.238,-0.0193,0.0206,0.0117,0.0045,-0.0923,-0.2504
4239,4.239,-0.0154,0.0195,0.0394,-0.0014,-0.1255,-0.3041
4240,4.24,-0.0143,0.0158,0.0357,-0.0021,-0.1555,-0.2568
4241,4.241,-0.0089,0.0125,0.0388,-0.0028,-0.1286,-0.3008
4242,4.242,-0.008,0.0139,0.0417,0.0039,-0.3504,-0.8966
4243,4.243,-0.0122,0.0132,0.0554,-0.0018,-0.3209,-0.812
4244,4.244,-0.0006,0.0162,0.0531,-0.0085,-0.0766,-0.2694
4245,4.245,0.0079,0.019,0.0509,-0.0128,0.0883,0.2242
4246,4.246,0.0248,0.023,0.0408,-0.0118,0.1187,0.2891
4247,4.247,0.0451,0.0268,0.0129,-0.0153,0.1462,0.3476
4248,4.248,0.026,0.0176,-0.015,-0.0172,0.1219,0.2953
4249,4.249,0.0036,0.0109,-0.0184,-0.0076,0.0998,0.2475
4250,4.25,-0.0051,0.0074,-0.0019,-0.0034,0.283,0.7278
4251,4.251,-0.0024,-0.0002,-0.0046,-0.007,0.4064,0.92
4252,4.252,0.01,-0.0073,0.0146,-0.0059,0.1597,0.28
4253,4.253,0.0034,-0.0044,0.047,-0.0068,-0.0707,-0.1473
4254,4.254,-0.0068,-0.0017,0.0604,-0.0059,-0.1011,-0.2262
4255,4.255,-0.0198,-0.0022,0.0487,-0.0068,-0.1286,-0.2974
4256,4.256,-0.0215,-0.007,0.038,-0.0061,-0.1534,-0.2342
4257,4.257,-0.023,-0.0085,0.0218,0.0032,-0.1312,-0.1767
4258,4.258,-0.0271,-0.0032,0.0012,0.002,-0.1922,-0.441
4259,4.259,-0.0283,-0.0037,0.0206,0.0052,-0.433,-0.9698
4260,4.26,-0.0112,-0.002,0.0382,0.0021,-0.2689,-0.4778
4261,4.261,0.006,-0.0107,0.0047,-0.0083,0.0002,0.0992
4262,4.262,0.0352,-0.0195,0.0003,-0.0265,0.1091,0.1779
4263,4.263,0.0391,-0.0185,0.0138,-0.0242,0.1425,0.249
4264,4.264,0.0282,-0.0112,-0.0059,-0.0178,0.113,0.3135
4265,4.265,0.0117,-0.0104,-0.0602,-0.0037,0.1403,0.2558
4266,4.266,0.0028,-0.0113,-0.1303,-0.002,0.116,0.3087
4267,4.267,-0.0163,-0.0061,-0.1393,-0.0005,0.4074,0.8372
4268,4.268,-0.0237,-0.0082,-0.1302,0.007,0.2888,0.6267
4269,4.269,-0.026,-0.0066,-0.0436,0.0081,0.1081,0.1778
4270,4.27,-0.0199,-0.005,-0.0316,0.0116,-0.0567,-0.2306
4271,4.271,0.0079,-0.0066,-0.0001,-0.0057,-0.0871,-0.1793
4272,4.272,0.0518,0.0003,-0.0092,-0.0231,-0.1143,-0.3243
4273,4.273,0.0225,-0.0071,-0.0002,-0.0345,-0.1391,-0.2813
4274,4.274,-0.0148,-0.0081,0.008,-0.0368,-0.0721,-0.2422
4275,4.275,-0.0004,-0.0125,0.0155,-0.0315,-0.2959,-0.7114
4276,4.276,0.0127,-0.0163,0.0224,-0.0266,-0.3852,-0.9038
4277,4.277,0.0166,-0.0243,0.0404,-0.0162,-0.1953,-0.2641
4278,4.278,0.0201,-0.0318,0.0357,-0.0151,0.0273,0.1632
4279,4.279,0.0233,-0.0328,0.0409,0.0011,0.1175,0.242
4280,4.28,-0.0039,-0.0459,0.0282,0.0256,0.145,0.3129
4281,4.281,-0.0075,-0.0554,0.0168,0.0286,0.1209,0.2495
4282,4.282,-0.0043,-0.0573,0.0135,0.0314,0.0988,0.1917
4283,4.283,-0.0072,-0.05,0.017,0.0285,0.2006,0.4558
4284,4.284,-0.01,-0.0462,0.0084,0.0261,0.4415,0.8886
4285,4.285,-0.0078,-0.0401,0.0113,0.0237,0.2776,0.4821
4286,4.286,-0.01,-0.0436,0.0091,0.0215,0.0086,0.0051
4287,4.287,-0.0121,-0.0343,0.0025,0.0195,-0.1002,-0.1884
4288,4.288,-0.0066,-0.0308,-0.0078,0.0176,-0.1335,-0.2475
4289,4.289,0.0018,-0.0254,-0.0098,0.0129,-0.104,-0.301
4290,4.29,0.0033,-0.0099,-0.0048,0.0168,-0.1313,-0.2535
4291,4.291,0.0074,0.0236,-0.0095,0.0129,-0.1069,-0.2974
4292,4.292,-0.0089,0.0572,-0.0084,0.0096,-0.3982,-0.8931
4293,4.293,-0.0155,0.0525,-0.0122,0.0043,-0.3587,-0.6383
4294,4.294,-0.0053,0.0641,-0.0135,0.005,-0.1059,-0.0957
4295,4.295,-0.0033,0.0747,-0.0086,0.0041,0.0589,0.2576
4296,4.296,-0.0085,0.0647,-0.0083,0.0034,0.0893,0.1949
4297,4.297,-0.0131,0.0616,-0.0097,0.0083,0.1168,0.2537
4298,4.298,-0.009,0.0534,-0.0124,0.0066,0.1415,0.307
4299,4.299,-0.0078,0.0409,-0.0179,0.0037,0.0745,0.1633
4300,4.3,-0.0022,0.043,-0.0141,0.0011,0.2984,0.7313
4301,4.301,0.0052,0.0448,-0.0127,0.0042,0.3878,0.8091
4302,4.302,0.0097,0.0354,-0.006,0.004,0.1437,0.3165
4303,4.303,0.0055,0.0267,-0.0107,-0.0017,-0.0212,-0.1329
4304,4.304,0.0124,0.0127,-0.0221,-0.0008,-0.1112,-0.1925
4305,4.305,0.0077,0.0107,-0.0119,0.0031,-0.1386,-0.2461
4306,4.306,-0.0001,0.0056,-0.0083,-0.0003,-0.1144,-0.2949
4307,4.307,0.0051,0.0039,-0.0125,0.0041,-0.0923,-0.2517
4308,4.308,0.0042,0.0164,-0.0098,0.0014,-0.194,-0.4503
4309,4.309,0.0101,0.0214,-0.016,0.0051,-0.4348,-0.9918
4310,4.31,0.0108,0.0137,-0.0254,0.003,-0.2708,-0.4502
4311,4.311,0.0088,0.0124,-0.0367,0.0011,-0.0017,0.0434
4312,4.312,0.0093,0.0136,-0.039,0.0008,0.1072,0.2369
4313,4.313,0.0054,0.0146,-0.0437,-0.0023,0.1405,0.296
4314,4.314,-0.0003,0.0073,-0.0479,-0.0002,0.1111,0.2438
4315,4.315,0.0031,-0.0072,-0.0438,0.0003,0.1268,0.2591
4316,4.316,0.0027,-0.0079,-0.0371,-0.0032,0.0999,0.3074
4317,4.317,-0.0008,-0.0138,-0.0368,0.0039,0.3709,0.8753
4318,4.318,-0.0013,-0.0189,-0.0246,0.001,0.3351,0.6436
4319,4.319,-0.001,-0.0253,-0.0012,-0.0016,0.1049,0.1505
4320,4.32,-0.0016,-0.0226,0.0343,-0.004,-0.1045,-0.1709
4321,4.321,-0.0068,-0.0125,0.0288,0.0062,-0.0781,-0.2304
4322,4.322,-0.0061,-0.0137,0.0148,0.005,-0.103,-0.2838
4323,4.323,-0.0057,-0.0099,0.0023,0.004,-0.1257,-0.3325
4324,4.324,-0.0064,-0.0066,-0.0019,0.0009,-0.1462,-0.2019
4325,4.325,0.0013,-0.0074,-0.0321,-0.002,-0.3129,-0.7181
4326,4.326,0.0003,-0.0064,-0.0441,0.0045,-0.4252,-0.9293
4327,4.327,-0.0008,-0.0054,-0.0113,-0.0013,-0.1605,-0.3533
4328,4.328,0.0001,-0.009,0.011,-0.0082,0.0926,0.1901
4329,4.329,-0.0059,-0.0082,0.0553,-0.0221,0.1261,0.262
4330,4.33,-0.0054,-0.005,0.0727,-0.0404,0.1562,0.3269
4331,4.331,0.0008,-0.0077,0.0672,-0.038,0.1295,0.2695
4332,4.332,0.0118,-0.01,0.0912,-0.0267,0.1051,0.1115
4333,4.333,0.0101,-0.0121,0.0779,-0.0125,0.1723,0.352
4334,4.334,0.0058,-0.013,0.0659,0.0042,0.3962,0.9202
4335,4.335,-0.0057,-0.0118,0.1057,0.0154,0.2473,0.5335
4336,4.336,-0.0136,-0.0064,0.0788,0.0214,0.0571,0.04
4337,4.337,0.0013,-0.0114,0.0737,0.0195,-0.0668,-0.1534
4338,4.338,-0.0051,-0.0006,0.0514,0.0144,-0.0897,-0.2124
4339,4.339,-0.0221,0.0072,0.015,0.0097,-0.1509,-0.2659
4340,4.34,-0.0335,0.0034,0.0004,-0.0056,-0.1327,-0.2183
4341,4.341,-0.0398,-0.0027,-0.0394,-0.0037,-0.1161,-0.2621
4342,4.342,-0.0345,0.0031,-0.002,0.0054,-0.3457,-0.8577
4343,4.343,-0.0094,-0.002,0.0709,-0.0201,-0.313,-0.7729
4344,4.344,0.0452,0.0009,0.1232,-0.0455,-0.104,-0.0753
4345,4.345,0.0687,-0.0101,0.057,-0.0358,0.0863,0.2074
4346,4.346,0.0047,-0.03,0.0142,-0.003,0.1115,0.2939
4347,4.347,-0.0211,-0.038,-0.0245,0.0101,0.1342,0.2172
4348,4.348,-0.0443,-0.0306,-0.0883,0.0061,0.1142,0.288
4349,4.349,-0.0371,-0.0151,-0.1828,-0.0269,0.096,0.2245
4350,4.35,-0.0048,0.0034,-0.2457,-0.0227,0.2812,0.6312
4351,4.351,0.0245,0.0157,-0.2109,-0.0028,0.4046,0.8958
4352,4.352,0.0404,0.0134,-0.054,-0.0283,0.158,0.3669
4353,4.353,0.0259,0.0032,0.0135,-0.0449,-0.0724,-0.1267
4354,4.354,0.0126,0.005,0.0343,-0.0363,-0.1028,-0.192
4355,4.355,0.0006,-0.0002,0.0163,-0.0283,-0.1303,-0.2507
4356,4.356,0.0114,0.0043,0.0671,-0.0062,-0.155,-0.3039
4357,4.357,0.0016,0.0001,0.2054,0.0144,-0.1328,-0.2561
4358,4.358,-0.0191,0.0062,0.2617,0.0389,-0.1937,-0.4746
4359,4.359,-0.0216,0.0029,0.1782,0.0224,-0.3975,-0.9909
4360,4.36,-0.0191,-0.0109,0.1326,0.031,-0.262,-0.4988
4361,4.361,-0.0303,-0.0054,0.0911,0.0445,-0.0395,-0.0495
4362,4.362,-0.0568,-0.0038,0.0535,0.0516,0.1103,0.2429
4363,4.363,-0.0895,-0.0023,-0.0498,0.0492,0.138,0.2969
4364,4.364,-0.0849,-0.001,-0.1468,0.043,0.1139,0.2497
4365,4.365,-0.0244,0.0051,-0.2095,0.0149,0.1365,0.2939
4366,4.366,0.0712,0.0106,-0.1053,-0.0292,0.1164,0.2548
4367,4.367,0.1351,0.001,0.0484,-0.0119,0.3943,0.7962
4368,4.368,0.0782,0.0021,0.151,-0.0173,0.355,0.7195
4369,4.369,0.0267,0.0052,0.0963,-0.0221,0.1022,0.2264
4370,4.37,0.0367,0.0146,0.1136,-0.0442,-0.0625,-0.2228
4371,4.371,0.0802,0.0182,0.0074,-0.0244,-0.0929,-0.1658
4372,4.372,0.0573,0.0126,-0.0335,-0.0065,-0.1203,-0.3248
4373,4.373,0.008,0.0031,-0.0957,0.0032,-0.145,-0.2773
4374,4.374,-0.0109,0.0042,-0.2444,0.0118,-0.0779,-0.2339
4375,4.375,-0.0278,0.0052,-0.3045,0.0144,-0.2611,-0.6704
4376,4.376,-0.0435,0.0021,-0.3966,0.0216,-0.4336,-0.845
4377,4.377,0.0197,0.003,-0.2785,0.0149,-0.187,-0.369
4378,4.378,0.0802,0.0021,-0.0485,0.0088,0.0436,0.0804
4379,4.379,0.057,-0,0.1161,0.0143,0.0742,0.2562
4380,4.38,0.036,0.002,0.0274,0.0262,0.1017,0.3099
4381,4.381,0.017,0.0016,0.0552,0.0339,0.1266,0.2625
4382,4.382,0.023,-0.0025,0.0805,0.0299,0.1045,0.2192
4383,4.383,0.018,0.0033,0.1485,0.0311,0.1655,0.4178
4384,4.384,0.052,0.0086,0.1694,0.0141,0.4064,0.8872
4385,4.385,0.083,0.0135,0.1881,0.007,0.2424,0.5677
4386,4.386,0.0713,0.0166,0.1716,0.0006,0.0333,0.0434
4387,4.387,0.0168,0.0114,0.0954,0.0192,-0.1028,-0.1688
4388,4.388,-0.0064,0.015,0.0817,0.007,-0.1278,-0.2338
4389,4.389,0.0007,0.0167,-0.057,0.0095,-0.1058,-0.2923
4390,4.39,0.0331,0.0151,-0.1125,-0.0003,-0.1264,-0.2401
4391,4.391,-0.0079,0.0073,-0.0959,-0.0242,-0.1081,-0.2885
4392,4.392,-0.0879,0.0018,-0.081,-0.0337,-0.3605,-0.8565
4393,4.393,-0.2374,0.0049,-0.0398,-0.0246,-0.3247,-0.7797
4394,4.394,-0.1357,0.0076,-0.0526,-0.0106,-0.0945,-0.1459
4395,4.395,-0.1172,-0.0051,-0.0875,-0.0174,0.1147,0.2814
4396,4.396,-0.1004,-0.0069,-0.0568,-0.0105,0.0883,0.2054
4397,4.397,-0.0545,-0.0018,0.0091,-0.008,0.1131,0.2762
4398,4.398,0.015,0.0089,0.0863,-0.0057,0.1358,0.3406
4399,4.399,0.0025,0.0049,0.0547,-0.0138,0.075,0.1666
4400,4.4,0.0369,-0.0012,-0.0122,-0.012,0.2788,0.6421
4401,4.401,0.1096,-0.0001,0.013,0.0009,0.4144,0.8342
4402,4.402,0.1189,-0.0095,-0.0267,0.0063,0.1925,0.3105
4403,4.403,0.0755,-0.0182,0.0227,0.0052,-0.0169,-0.1833
4404,4.404,0.0047,-0.0214,0.0547,0.0152,-0.0989,-0.249
4405,4.405,-0.024,-0.0118,-0.0337,0.0167,-0.1239,-0.3081
4406,4.406,-0.0674,-0.0055,-0.1727,0.0093,-0.1466,-0.2561
4407,4.407,-0.1067,-0.0133,-0.0062,0.0107,-0.086,-0.2088
4408,4.408,-0.0145,-0.0163,0.1953,0.0084,-0.1786,-0.4277
4409,4.409,0.0735,-0.0189,0.2761,0.0113,-0.4313,-0.9444
4410,4.41,0.0155,-0.0231,0.2019,0.0139,-0.2511,-0.5932
4411,4.411,-0.0161,-0.0194,0.0893,0.0035,-0.0208,-0.0165
4412,4.412,-0.1021,-0.0145,0.0277,-0.0068,0.0693,0.217
4413,4.413,-0.2063,-0.0051,-0.0286,0.0004,0.0968,0.2882
4414,4.414,-0.2764,-0.0065,-0.1809,-0.0107,0.1216,0.2246
4415,4.415,-0.2893,-0.0002,-0.2022,-0.0059,0.144,0.283
4416,4.416,-0.1493,0.0053,-0.218,0.007,0.1062,0.2614
4417,4.417,-0.046,-0.0003,-0.1263,-0.0109,0.3707,0.8423
4418,4.418,0.0235,0.0007,0.0244,0.0064,0.3347,0.7652
4419,4.419,0.0864,0.0071,-0.1185,0.0313,0.1045,0.1309
4420,4.42,0.0518,-0.0057,-0.1008,0.0412,-0.0454,-0.1263
4421,4.421,0.0619,-0.0076,-0.152,0.0383,-0.1274,-0.2053
4422,4.422,0.0524,0.0008,-0.0764,0.0357,-0.1523,-0.2765
4423,4.423,0.0436,-0.0038,-0.0634,0.0234,-0.1304,-0.3414
4424,4.424,0.1453,0.003,0.1251,0.0032,-0.1104,-0.1679
4425,4.425,0.2423,-0.0007,0.1513,-0.0105,-0.2772,-0.6438
4426,4.426,0.2043,-0.0063,0.0766,-0.0277,-0.3895,-0.8364
4427,4.427,0.0775,-0.0074,0.0535,-0.0211,-0.2064,-0.3133
4428,4.428,-0.0067,-0.012,-0.0895,-0.0517,0.0652,0.1803
4429,4.429,0.039,-0.0026,-0.1087,-0.0561,0.1018,0.2454
4430,4.43,-0.0027,0.0061,-0.1597,-0.0122,0.1349,0.304
4431,4.431,0.0348,-0.0018,-0.1754,-0.018,0.1053,0.2517
4432,4.432,0.0461,0.0096,-0.0228,-0.0128,0.0783,0.2038
4433,4.433,0.0356,0.014,0.1602,-0.0273,0.152,0.3345
4434,4.434,0.026,0.0043,0.0864,-0.0055,0.3985,0.8506
4435,4.435,0.0172,0.0079,0.0641,-0.0018,0.2343,0.4989
4436,4.436,0.0249,0.0155,0.0438,-0.0129,0.025,0.0496
4437,4.437,0.046,0.0144,0.0253,-0.0627,-0.057,-0.2429
4438,4.438,0.0394,0.0169,0.0754,-0.1127,-0.0822,-0.1914
4439,4.439,0.0219,0.016,0.1208,-0.0418,-0.1049,-0.2405
4440,4.44,0.0058,0.0043,0.1899,-0.0137,-0.1255,-0.2849
4441,4.441,-0.0086,-0.0009,0.1769,-0.0227,-0.1074,-0.2457
4442,4.442,-0.0043,-0.0056,0.142,-0.0465,-0.3599,-0.7872
4443,4.443,-0.0006,-0.0098,0.1105,-0.054,-0.3242,-0.7106
4444,4.444,-0.0336,-0.0061,0.0628,-0.022,-0.0942,-0.2177
4445,4.445,-0.0468,-0.0118,0.0021,-0.0167,0.0554,0.2315
4446,4.446,-0.0506,-0.0109,-0.0215,0.0095,0.083,0.1748
4447,4.447,-0.0397,-0.0083,-0.0431,0.0429,0.1078,0.228
4448,4.448,0.0035,0.0044,0.002,0.0293,0.0856,0.2765
4449,4.449,0.0568,0.0062,0.0194,0.0328,0.106,0.2331
4450,4.45,0.0784,0.0011,0.0034,0.0215,0.2725,0.6697
4451,4.451,0.0594,-0.0005,-0.0305,0.0178,0.4294,0.8442
4452,4.452,0.0305,0.0091,-0.0614,0.0262,0.2054,0.3682
4453,4.453,-0.0064,0.0054,-0.1217,0.0229,-0.0039,-0.0811
4454,4.454,-0.0204,0.0043,-0.1823,0.0151,-0.0859,-0.2568
4455,4.455,-0.0246,0.0033,-0.1121,0.0033,-0.1109,-0.2048
4456,4.456,-0.0043,0.0042,-0.0461,0.0087,-0.1336,-0.2534
4457,4.457,0.0214,0.0085,0.0138,0.0062,-0.073,-0.21
4458,4.458,0.0316,0.0122,0.0214,0.0141,-0.1656,-0.4085
4459,4.459,0.0528,0.013,0.0286,0.0243,-0.4182,-0.9499
4460,4.46,0.0943,0.0172,0.0354,0.0251,-0.3103,-0.563
4461,4.461,0.1121,0.0144,0.0535,0.0159,-0.0144,-0.0693
4462,4.462,0.0322,0.0096,0.0701,0.0144,0.1053,0.2522
4463,4.463,-0.0714,0.0054,0.0562,0.0067,0.1417,0.1955
4464,4.464,-0.1411,-0.0033,0.0079,0.0036,0.1092,0.2492
4465,4.465,-0.1034,-0.007,0.0017,0.004,0.1392,0.2978
4466,4.466,-0.1149,-0.0101,0.0076,0.0058,0.1123,0.2547
4467,4.467,-0.1249,-0.0048,0.0345,0.0048,0.3341,0.8505
4468,4.468,-0.134,-0.0039,0.0493,0.0115,0.364,0.7661
4469,4.469,-0.1078,0.0004,0.0191,0.0159,0.1197,0.2237
4470,4.47,-0.1152,-0.0065,0.0076,0.0098,-0.1108,-0.1292
4471,4.471,-0.0793,-0.0055,-0.0028,0.0044,-0.0816,-0.1942
4472,4.472,-0.0339,-0.008,0.0073,0.0062,-0.1632,-0.2526
4473,4.473,0.0073,-0.0194,-0.007,-0.001,-0.139,-0.3058
4474,4.474,0.0023,-0.021,-0.0476,-0.004,-0.0719,-0.1617
4475,4.475,-0.0022,-0.0194,-0.0412,-0.0051,-0.2551,-0.6419
4476,4.476,0.0112,-0.0124,0.0395,-0.0106,-0.4277,-0.9618
4477,4.477,0.0075,0.0016,0.1666,-0.0215,-0.181,-0.3218
4478,4.478,0.011,0.0184,0.1167,-0.0202,0.0495,0.1058
4479,4.479,0.0206,0.0207,0.0099,-0.0108,0.0802,0.1851
4480,4.48,0.0293,0.0147,-0.087,-0.0047,0.1078,0.2565
4481,4.481,0.0429,0.0167,-0.175,-0.0038,0.1327,0.3215
4482,4.482,0.0356,0.0152,-0.2093,0.0055,0.1107,0.2643
4483,4.483,0.0289,0.0199,-0.2193,0.0065,0.1717,0.4231
4484,4.484,0.0349,0.0186,-0.1714,-0.0015,0.4126,0.9521
4485,4.485,0.0292,0.015,-0.0762,0.0099,0.2487,0.6011
4486,4.486,0.0273,0.0074,0.0122,0.0112,0.0397,0.0246
4487,4.487,0.0133,0.0022,0.0239,0.018,-0.0965,-0.2087
4488,4.488,0.0187,-0.0041,0.0343,0.0167,-0.1214,-0.2797
4489,4.489,0.0236,0.0002,0.0438,0.0245,-0.0992,-0.3438
4490,4.49,0.0128,-0.0035,0.0352,0.0174,-0.1196,-0.2859
4491,4.491,0.0112,-0.0127,0.0584,0.0074,-0.1012,-0.2331
4492,4.492,0.0073,-0.0115,0.051,-0.002,-0.3535,-0.8573
4493,4.493,0.0103,-0.0059,0.0442,0.0021,-0.3175,-0.7723
4494,4.494,0.0006,-0.009,0.038,-0.0053,-0.0874,-0.2292
4495,4.495,-0.011,-0.0098,0.0322,-0.0038,0.0626,0.2649
4496,4.496,-0.0127,-0.0158,0.0173,-0.0026,0.0904,0.2028
4497,4.497,-0.017,-0.018,0.0212,0.0057,0.1153,0.2617
4498,4.498,-0.0008,-0.0073,0.0167,0.0156,0.138,0.3154
4499,4.499,0.0055,-0.0088,0.0197,0.0149,0.0774,0.172
4500,4.5,-0.0048,-0.0158,0.0288,0.0303,0.2442,0.6528
4501,4.501,-0.0068,-0.0195,0.0671,0.0532,0.4014,0.8454
4502,4.502,-0.0121,-0.0227,0.1356,0.0684,0.1776,0.3222
4503,4.503,-0.0292,-0.0322,0.1442,0.0769,-0.0316,-0.1711
4504,4.504,-0.045,-0.0234,0.1348,0.0649,-0.1134,-0.2364
4505,4.505,-0.0677,-0.0157,0.1107,0.036,-0.1383,-0.295
4506,4.506,-0.065,0,0.0459,-0.0077,-0.1161,-0.2423
4507,4.507,-0.0294,0.0022,-0.0668,-0.0248,-0.096,-0.1943
4508,4.508,0.0043,0.0122,-0.2356,-0.0403,-0.1515,-0.4126
4509,4.509,0.0528,0.0215,-0.3928,-0.0642,-0.404,-0.9288
4510,4.51,0.1111,0.0231,-0.4136,-0.0682,-0.2959,-0.5773
4511,4.511,0.1816,0.0245,-0.2475,-0.0561,0.0001,-0.0002
4512,4.512,0.1531,0.0231,-0.0914,-0.0522,0.1199,0.2337
4513,4.513,0.0753,0.0142,-0.0312,-0.0421,0.0844,0.3052
4514,4.514,0.044,0.0085,-0.0134,-0.027,0.1176,0.2421
4515,4.515,-0.0035,0.0074,-0.031,-0.0458,0.1477,0.3007
4516,4.516,-0.0122,0.0009,-0.0164,-0.0828,0.1208,0.2483
4517,4.517,0.0036,0.002,-0.0102,-0.077,0.367,0.8497
4518,4.518,-0.0042,-0.0006,0.0589,-0.0395,0.3427,0.7062
4519,4.519,-0.0113,-0,0.096,-0.0249,0.096,0.225
4520,4.52,-0.0177,0.0006,0.0607,0.0062,-0.0688,-0.2242
4521,4.521,-0.0234,-0,0.0288,0.0263,-0.0992,-0.1675
4522,4.522,-0.018,-0.003,0.0375,0.0373,-0.1266,-0.3265
4523,4.523,-0.0033,-0.0078,0.0109,0.0343,-0.1514,-0.2789
4524,4.524,-0.0074,-0.0037,-0.0132,0.0256,-0.0845,-0.1484
4525,4.525,-0.011,-0.0043,-0.0069,0.0339,-0.2677,-0.6647
4526,4.526,-0.0072,-0.0029,0.0116,0.0317,-0.4402,-0.8759
4527,4.527,-0.0102,-0.0042,0.0402,0.0163,-0.2384,-0.4281
4528,4.528,-0.0308,-0.0098,0.0344,0.0225,0.0063,0.0967
4529,4.529,-0.0442,-0.0151,0.0196,0.0394,0.1055,0.1683
4530,4.53,-0.0611,-0.0145,0.041,0.0598,0.1357,0.2329
4531,4.531,-0.0452,-0.014,0.0604,0.0736,0.1631,0.2914
4532,4.532,-0.0225,-0.0124,0.0563,0.0714,0.0896,0.2389
4533,4.533,-0.0195,-0.0089,0.059,0.0648,0.1569,0.3831
4534,4.534,-0.0166,-0.002,0.0614,0.0507,0.4216,0.9511
4535,4.535,-0.0091,0.0009,0.0419,0.0377,0.3136,0.5643
4536,4.536,-0.0156,0.0073,0.0393,0.0124,0.0177,0.0706
4537,4.537,-0.0133,0.0131,0.0236,-0.0423,-0.1019,-0.2509
4538,4.538,-0.0114,0.0123,0.0541,-0.1128,-0.1384,-0.1942
4539,4.539,-0.0095,0.0158,0.1202,-0.1223,-0.106,-0.248
4540,4.54,-0.0232,0.0087,0.0917,-0.1137,-0.1359,-0.2969
4541,4.541,-0.0063,0.0151,0.083,-0.106,-0.109,-0.2538
4542,4.542,0.0231,0.0175,0.0752,-0.099,-0.3308,-0.8495
4543,4.543,0.0193,0.0168,0.0253,-0.0667,-0.3607,-0.7651
4544,4.544,-0.0059,0.0118,-0.046,-0.0375,-0.1164,-0.2227
4545,4.545,-0.009,0.0048,-0.0554,-0.0324,0.1141,0.2709
4546,4.546,0.0359,0.0074,-0.0294,-0.0181,0.085,0.2082
4547,4.547,0.0682,0.0082,-0.006,-0.0137,0.1124,0.2667
4548,4.548,0.0389,0.0012,0.0298,-0.002,0.1372,0.3198
4549,4.549,0.023,0.002,0.0885,0.0234,0.0703,0.1759
4550,4.55,0.0182,-0.004,0.0811,0.0332,0.2535,0.6562
4551,4.551,0.005,-0.011,0.0172,0.036,0.426,0.8483
4552,4.552,0.0011,-0.0064,-0.0602,0.0442,0.2243,0.441
4553,4.553,-0.0097,-0.0056,-0.0703,0.0418,-0.0203,-0.1419
4554,4.554,-0.013,-0.0019,-0.0984,0.0351,-0.1195,-0.3758
4555,4.555,-0.0101,0.0045,-0.0721,0.029,-0.0901,-0.3068
4556,4.556,-0.0129,0.0054,-0.1108,0.0196,-0.1175,-0.2437
4557,4.557,-0.0254,0.0061,-0.1175,0.011,-0.0931,-0.1862
4558,4.558,-0.0188,0.0097,-0.072,0.0185,-0.1603,-0.3449
4559,4.559,-0.0087,0.0028,-0.0309,0.0197,-0.425,-0.9699
4560,4.56,-0.0031,-0.0057,0.0493,0.0133,-0.317,-0.5446
4561,4.561,-0.0048,0.0021,0.0611,0.0165,-0.0211,-0.0018
4562,4.562,-0.0002,-0.0093,0.0305,0.0154,0.0987,0.2105
4563,4.563,-0.0043,-0.02,0.0217,0.0126,0.1353,0.2753
4564,4.564,-0.0107,-0.0186,-0.0551,0.0151,0.1028,0.3339
4565,4.565,-0.0098,-0.0123,-0.1064,0.0066,0.1328,0.2813
4566,4.566,0.0057,-0.0068,-0.0961,-0.0037,0.1058,0.2334
4567,4.567,0.0076,-0.0015,-0.0175,-0.0024,0.3277,0.8012
4568,4.568,0.0095,-0.0007,0.0773,0.0115,0.3577,0.7241
4569,4.569,0.0037,0.0002,0.0657,0.0171,0.1134,0.2308
4570,4.57,-0.0117,0.0039,0.0782,0.0054,-0.0515,-0.2187
4571,4.571,-0.018,0.0019,0.0479,0.0071,-0.0819,-0.2783
4572,4.572,-0.0238,0.0036,0.0393,0.0059,-0.1093,-0.2263
4573,4.573,-0.0156,0.0101,0.0487,0.0074,-0.1341,-0.275
4574,4.574,0.0072,-0.0027,0.0573,0.002,-0.1119,-0.2319
4575,4.575,0.0434,-0.0045,0.0082,-0.003,-0.2542,-0.5894
4576,4.576,0.0094,-0.0096,0.0025,-0.0113,-0.421,-0.9262
4577,4.577,-0.0393,-0.011,-0.0498,-0.0167,-0.2193,-0.3581
4578,4.578,-0.0458,-0.0096,-0.0562,-0.0071,0.0253,0.185
4579,4.579,-0.0167,-0.0033,-0.0879,-0.0057,0.1245,0.2566
4580,4.58,0.0419,0,-0.0699,0.0048,0.0952,0.3212
4581,4.581,0.0496,0.0054,-0.0322,0.0119,0.1226,0.2638
4582,4.582,0.014,0.01,0.0119,0.0083,0.0983,0.2114
4583,4.583,-0.0052,0.0023,0.0416,0.0141,0.1655,0.3557
4584,4.584,-0.011,0.0097,0.0154,0.0215,0.4301,0.9237
4585,4.585,-0.0057,0.0072,0.0014,0.0224,0.2499,0.5369
4586,4.586,0.0087,0.0048,0.0325,0.0147,0.0196,0.0435
4587,4.587,-0.0133,-0.0003,0.0128,0.0075,-0.0705,-0.15
4588,4.588,-0.0172,0.0006,0.0095,0.0121,-0.0982,-0.2093
4589,4.589,-0.0136,0.005,0.0195,0.0078,-0.1231,-0.2628
4590,4.59,-0.0234,0.0023,0.0345,-0.0037,-0.1457,-0.3114
4591,4.591,-0.0085,0.0019,0.0482,-0.0121,-0.1255,-0.2681
4592,4.592,-0.0111,0.0051,0.0309,-0.0044,-0.3293,-0.8638
4593,4.593,0.0262,0.0117,-0.003,-0.0002,-0.3566,-0.7793
4594,4.594,0.0634,0.0165,-0.076,-0.0038,-0.1345,-0.2369
4595,4.595,0.0491,0.0071,-0.066,-0.0207,0.0748,0.2569
4596,4.596,0.0448,-0.0015,-0.1138,-0.0229,0.1024,0.1944
4597,4.597,0.0249,-0.0024,-0.1056,-0.043,0.1272,0.253
4598,4.598,0.0214,-0.0012,-0.0828,-0.0347,0.1497,0.3064
4599,4.599,0.0183,0.0035,0.0093,-0.0221,0.0889,0.1627
4600,4.6,-0.0025,-0.0006,0.0719,-0.0241,0.2555,0.6431
4601,4.601,-0.0162,0.0003,0.0369,-0.0054,0.4123,0.8353
4602,4.602,-0.0185,-0.0003,0.0051,0.0021,0.1884,0.4283
4603,4.603,0.0018,0.0004,-0.043,-0.0133,-0.021,-0.049
4604,4.604,0.0155,-0.0011,-0.0697,-0.0111,-0.1029,-0.2425
4605,4.605,0.0132,0.0037,-0.0629,0.0021,-0.1281,-0.3016
4606,4.606,0.002,0.0044,-0.0283,0.0005,-0.1062,-0.2496
4607,4.607,0.0082,0.0041,0.003,-0.0009,-0.1268,-0.2019
4608,4.608,-0.001,0.0068,-0.0038,-0.0022,-0.1455,-0.4204
4609,4.609,0.0075,0.0091,-0.0101,-0.001,-0.3982,-0.9367
4610,4.61,0.0031,0.0028,0.0032,0.0115,-0.2904,-0.5855
4611,4.611,-0.0064,0.0021,0.0066,0.0267,-0.0604,-0.0086
4612,4.612,-0.0124,-0.0003,-0.0062,0.0206,0.0892,0.225
4613,4.613,-0.0091,0.0021,-0.0106,0.0112,0.1166,0.2962
4614,4.614,-0.008,0.0029,-0.0345,-0.0075,0.1412,0.2328
4615,4.615,-0.0125,-0.0001,-0.0564,0.0048,0.1189,0.2912
4616,4.616,-0.0253,-0.0004,-0.0603,0.025,0.0985,0.2385
4617,4.617,-0.0123,0.0012,-0.0443,0.0169,0.3391,0.8629
4618,4.618,-0.0019,0.0002,-0.0219,0.0017,0.3515,0.7554
4619,4.619,-0.0001,0.0007,-0.021,-0.0256,0.1212,0.1585
4620,4.62,0.0106,-0.0021,-0.0165,-0.0439,-0.0884,-0.2302
4621,4.621,0.0066,-0.0016,-0.0199,-0.0604,-0.1163,-0.302
4622,4.622,0.0029,-0.0061,-0.0232,-0.0519,-0.1413,-0.239
4623,4.623,-0.0003,-0.0076,-0.0016,-0.0164,-0.1195,-0.2977
4624,4.624,-0.0097,-0.0046,0.0134,-0.0022,-0.0997,-0.2453
4625,4.625,-0.0085,-0.0071,-0.0029,0.002,-0.2296,-0.5819
4626,4.626,-0.014,-0.0082,-0.0179,0.0056,-0.4151,-0.8881
4627,4.627,-0.0255,-0.0109,-0.0313,0.0018,-0.1935,-0.3719
4628,4.628,-0.0178,-0.0051,0.0014,0.0047,0.0156,0.1217
4629,4.629,-0.019,-0.0025,0.0537,0.0016,0.0972,0.1872
4630,4.63,-0.0353,0.0028,0.0171,0.0095,0.122,0.2459
4631,4.631,-0.0329,-0.0064,-0.0032,0.0116,0.1444,0.2992
4632,4.632,-0.0186,-0.0152,-0.0099,0.0093,0.1241,0.2513
4633,4.633,-0.0018,-0.0119,0.0051,0.0112,0.1424,0.3821
4634,4.634,0.0137,-0.0109,-0.02,0.0091,0.3947,0.8983
4635,4.635,0.0075,-0.0154,-0.0429,0.0106,0.2865,0.5468
4636,4.636,0.0093,-0.0112,-0.0556,0.0089,0.056,0.0977
4637,4.637,0.0074,-0.0134,-0.0164,0.0047,-0.094,-0.1944
4638,4.638,0.0027,-0.0056,0.0307,0.0081,-0.1217,-0.2484
4639,4.639,0.0039,-0.0025,0.0362,0.0069,-0.1468,-0.2972
4640,4.64,0.0076,0.002,0.0527,0.0139,-0.1249,-0.2541
4641,4.641,0.0085,0.0012,0.0571,0.0109,-0.1049,-0.2149
4642,4.642,0.0033,0.0018,0.0419,0.0116,-0.3458,-0.7563
4643,4.643,0.0078,0.0011,0.0191,0.0093,-0.379,-0.8341
4644,4.644,0.0035,0.0028,0.0222,0.0043,-0.1103,-0.2003
4645,4.645,0.0088,0.0011,0.0468,-0.0053,0.0706,0.2271
4646,4.646,0.0095,-0.0005,0.0493,0.0043,0.104,0.1513
4647,4.647,0.0089,0.0064,0.0337,0.003,0.1341,0.2222
4648,4.648,0.0048,0.0032,0.0139,-0.0074,0.1072,0.2866
4649,4.649,0.0011,0.004,0.0011,-0.0256,0.1319,0.2291
4650,4.65,-0.0002,0.003,-0.0015,-0.0185,0.2439,0.5989
4651,4.651,0.0062,0.0066,0.0044,-0.0163,0.3862,0.9357
4652,4.652,0.0202,0.0016,0.032,-0.0062,0.1824,0.455
4653,4.653,0.006,0.0032,0.0597,-0.0007,-0.008,-0.122
4654,4.654,-0.0071,0.0014,0.0775,0.011,-0.0825,-0.2008
4655,4.655,-0.0087,0.006,0.0675,0.0034,-0.1053,-0.2718
4656,4.656,-0.0226,0.0016,0.0823,0.0021,-0.126,-0.3363
4657,4.657,-0.0393,0.0009,0.0741,0.0084,-0.1078,-0.2786
4658,4.658,-0.0328,0.0055,0.0569,0.0094,-0.1247,-0.3313
4659,4.659,-0.0348,0.0058,0.0233,0.0147,-0.3543,-0.9558
4660,4.66,-0.033,-0.002,-0.0493,0.0156,-0.256,-0.5303
4661,4.661,-0.011,0.0073,-0.122,0.0182,-0.0469,0.013
4662,4.662,0.0339,0.0008,-0.1123,0.019,0.0893,0.2256
4663,4.663,0.0662,0.0084,-0.0343,0.0083,0.1144,0.2908
4664,4.664,0.0487,0.0009,0.0181,-0.0086,0.1371,0.3497
4665,4.665,0.0434,-0.0002,0.0468,-0.0333,0.1171,0.2975
4666,4.666,0.0192,-0.0064,0.0731,-0.0104,0.0988,0.2499
4667,4.667,0.0059,-0.0044,0.1282,0.0045,0.3513,0.818
4668,4.668,0.002,0.0018,0.1784,0.0182,0.3875,0.7414
4669,4.669,0.0128,-0.001,0.1725,0.0254,0.0919,0.2486
4670,4.67,-0.0036,-0.0049,0.085,0.0319,-0.1073,-0.2005
4671,4.671,0.0052,-0.0045,-0.028,0.0218,-0.0719,-0.2598
4672,4.672,0.0133,-0.0017,-0.0732,0.0162,-0.105,-0.3133
4673,4.673,0.006,-0.0048,-0.0586,0.0214,-0.135,-0.2657
4674,4.674,-0.0006,-0.0066,-0.1462,0.02,-0.108,-0.2223
4675,4.675,-0.0067,-0.0007,-0.2719,0.0188,-0.2311,-0.5795
4676,4.676,-0.0346,-0.0035,-0.288,0.0202,-0.4328,-0.9159
4677,4.677,-0.0707,-0.006,-0.1802,0.0078,-0.1888,-0.4351
4678,4.678,-0.0563,-0.0013,-0.11,-0.0106,0.0418,0.1422
4679,4.679,-0.0431,0.0054,-0.0716,-0.0227,0.0724,0.2212
4680,4.68,-0.007,0.0098,-0.0363,-0.0429,0.1,0.2924
4681,4.681,0.0172,0.0018,-0.0459,-0.04,0.1249,0.3571
4682,4.682,0.0657,0.0046,-0.0357,-0.0275,0.103,0.1835
4683,4.683,0.0722,0.0017,-0.0092,-0.0162,0.1235,0.3422
4684,4.684,0.078,-0.001,0.0306,-0.018,0.4014,0.871
4685,4.685,0.094,-0.0034,0.0383,0.0027,0.2827,0.5198
4686,4.686,0.0408,-0.0129,0.0712,0.0276,0.0299,0.0709
4687,4.687,0.0053,-0.0119,0.0775,0.0375,-0.0693,-0.2209
4688,4.688,-0.0139,-0.0152,0.0729,0.0289,-0.0996,-0.2748
4689,4.689,-0.0313,-0.0081,0.0591,-0.0122,-0.1269,-0.3234
4690,4.69,-0.0259,-0.0074,0.0464,-0.053,-0.1516,-0.2802
4691,4.691,-0.0211,-0.0033,0.0351,-0.0582,-0.0846,-0.2408
4692,4.692,-0.0342,-0.0056,0.032,-0.0535,-0.3492,-0.782
4693,4.693,-0.038,-0.0037,0.0291,-0.0314,-0.3853,-0.8597
4694,4.694,-0.0198,-0.0007,0.0207,-0.0196,-0.1553,-0.2259
4695,4.695,-0.0033,0.0032,0.0182,-0.016,0.0542,0.2016
4696,4.696,-0.0003,0.0067,0.0111,0.0004,0.082,0.2805
4697,4.697,-0.0029,0.0078,0.0001,0.0092,0.107,0.2112
4698,4.698,-0.0052,0.0057,-0.0059,0.0173,0.1297,0.2757
4699,4.699,-0.0206,0.0014,-0.0078,0.0101,0.1095,0.2181
4700,4.7,-0.0512,0.0054,-0.0095,0.0256,0.2393,0.5879
4701,4.701,-0.0555,0.0028,-0.0112,0.0317,0.4246,0.9246
4702,4.702,-0.0436,0.0039,-0.021,0.0261,0.2028,0.4439
4703,4.703,-0.0255,0.0035,-0.0224,0.0007,-0.0064,-0.1332
4704,4.704,-0.0222,0.0085,-0.0217,-0.0395,-0.0883,-0.2122
4705,4.705,-0.0134,0.0078,-0.021,-0.0236,-0.1133,-0.2835
4706,4.706,0.0003,0.012,-0.0242,0.0005,-0.1358,-0.3482
4707,4.707,0.0127,0.0103,-0.0306,0.0049,-0.1158,-0.2908
4708,4.708,0.0149,0.0171,-0.0332,-0.015,-0.1343,-0.344
4709,4.709,0.021,0.0125,-0.0302,-0.0043,-0.3867,-0.9688
4710,4.71,0.0229,0.0099,-0.0325,0.0055,-0.2787,-0.5436
4711,4.711,0.0246,0.0106,-0.0373,0.0202,-0.0484,-0.0008
4712,4.712,0.0201,0.0071,-0.0324,0.0448,0.1014,0.2117
4713,4.713,0.0188,0.0102,-0.0354,0.0478,0.0748,0.2765
4714,4.714,0.0201,0.0073,-0.0382,0.0388,0.1488,0.3351
4715,4.715,0.0192,0.0016,-0.0384,0.0413,0.1267,0.2825
4716,4.716,0.0223,0.0054,-0.0396,0.0433,0.1065,0.2346
4717,4.717,0.0178,0.0019,-0.048,0.0365,0.3472,0.8023
4718,4.718,0.0153,-0.0023,-0.0518,0.0056,0.3802,0.7251
4719,4.719,0.0099,0.0025,-0.0556,-0.0299,0.1302,0.237
4720,4.72,0.0106,0.0042,-0.0531,-0.0521,-0.0792,-0.1164
4721,4.721,0.0111,0.0037,-0.0546,-0.064,-0.107,-0.1821
4722,4.722,0.0052,0.0034,-0.0443,-0.0312,-0.1319,-0.2412
4723,4.723,0.0013,0.0031,-0.0222,-0.0357,-0.1546,-0.2948
4724,4.724,-0.0052,0.0006,-0.0001,-0.0396,-0.094,-0.2473
4725,4.725,0.0006,0.0017,0.0018,-0.0361,-0.2237,-0.5534
4726,4.726,-0.0016,-0.0013,0.02,-0.0329,-0.4426,-0.9113
4727,4.727,0.0003,-0.0062,0.0167,-0.0242,-0.2341,-0.3829
4728,4.728,0.0018,-0.0026,-0.0087,-0.0051,0.0105,0.1105
4729,4.729,0.0012,-0.002,-0.0258,-0.0175,0.1097,0.1759
4730,4.73,-0.0004,-0.0071,-0.0236,0.0026,0.0803,0.2347
4731,4.731,-0.0035,-0.0064,0.0005,0.0106,0.1076,0.2879
4732,4.732,-0.0023,-0.0093,-0.0098,-0.0119,0.1323,0.2402
4733,4.733,-0.0058,-0.0097,-0.0075,-0.027,0.1547,0.371
4734,4.734,-0.0047,-0.0081,0.0111,-0.0298,0.4193,0.8871
4735,4.735,-0.0085,-0.0083,0.0083,-0.0027,0.3113,0.5357
4736,4.736,-0.0101,-0.0079,0.0101,0.0226,0.0811,0.0867
4737,4.737,-0.0113,-0.0074,0.0076,0.0389,-0.0687,-0.2055
4738,4.738,-0.0162,-0.0027,0.0164,0.0476,-0.0964,-0.2596
4739,4.739,-0.0158,-0.0069,0.0244,0.0448,-0.1212,-0.3085
4740,4.74,-0.0165,-0.0084,0.0193,0.0374,-0.0991,-0.2654
4741,4.741,-0.0181,-0.0068,0.0228,0.017,-0.1196,-0.2261
4742,4.742,-0.0225,-0.0006,0.026,0.0087,-0.3233,-0.7674
4743,4.743,-0.0197,-0.0013,0.0287,0.0309,-0.4047,-0.8452
4744,4.744,-0.0203,0.0026,0.0314,0.0221,-0.1334,-0.3523
4745,4.745,-0.0193,-0.0038,0.034,-0.0081,0.0477,0.097
4746,4.746,-0.013,-0.0028,0.0279,-0.0119,0.0812,0.2726
4747,4.747,-0.0046,-0.0049,0.033,-0.001,0.171,0.3262
4748,4.748,0.0009,-0.0054,0.0407,-0.0042,0.0902,0.2788
4749,4.749,0.0165,-0.0036,0.0436,0.0046,0.0659,0.2355
4750,4.75,0.0187,-0.0018,0.039,0.0019,0.2229,0.5929
4751,4.751,0.0125,-0.0002,0.0518,0.0143,0.4063,0.9297
4752,4.752,0.0106,0.0041,0.0648,0.012,0.234,0.4492
4753,4.753,0.0123,0.0059,0.0565,0.0181,-0.0131,0.0001
4754,4.754,0.0138,0.0075,0.049,-0.0099,-0.1121,-0.1757
4755,4.755,0.0124,0.0006,0.0284,-0.038,-0.0828,-0.2293
4756,4.756,0.0113,-0.0046,-0.0104,-0.0199,-0.11,-0.2778
4757,4.757,0.0103,0.0058,-0.0048,0.0031,-0.1347,-0.2346
4758,4.758,0.0093,0.0045,0.0099,0.018,-0.157,-0.3536
4759,4.759,-0.001,-0.0067,0.0059,0.0206,-0.4216,-0.8948
4760,4.76,-0.0079,-0.0082,0.0102,0.0378,-0.3135,-0.6628
4761,4.761,-0.0067,-0.0122,0.0288,0.0443,-0.0175,-0.0282
4762,4.762,-0.017,-0.0059,0.026,0.0382,0.1023,0.2291
4763,4.763,-0.0183,-0.0027,-0.0064,0.04,0.139,0.3076
4764,4.764,-0.0121,0.0026,-0.0278,0.0383,0.1066,0.2382
4765,4.765,-0.0153,-0.0001,-0.039,0.0338,0.1368,0.3029
4766,4.766,-0.0205,0.0094,-0.0857,0.013,0.11,0.2454
4767,4.767,-0.0065,0.0132,-0.1302,-0.02,0.332,0.8268
4768,4.768,0.0241,0.0187,-0.1002,-0.0421,0.362,0.7501
4769,4.769,0.0902,0.0157,-0.0729,-0.1022,0.1179,0.2573
4770,4.77,0.0808,0.0149,-0.0284,-0.0937,-0.0468,-0.1917
4771,4.771,0.0376,0.0141,0.0017,-0.0705,-0.0771,-0.251
4772,4.772,0.0143,0.0103,0.0185,-0.0493,-0.1044,-0.3043
4773,4.773,-0.007,-0.0003,0.0146,-0.0558,-0.1291,-0.2566
4774,4.774,-0.0135,-0.0048,0.0112,-0.0617,-0.1068,-0.2132
4775,4.775,-0.0077,-0.0089,-0.0078,-0.0565,-0.2083,-0.5703
4776,4.776,-0.013,-0.0051,0.004,-0.0324,-0.412,-0.9067
4777,4.777,-0.0082,-0.0041,0.028,-0.0105,-0.2222,-0.4259
4778,4.778,0.005,-0.0011,0.0438,0.0255,0.0004,0.0235
4779,4.779,0.0011,-0.0075,0.0366,0.0496,0.0906,0.1996
4780,4.78,-0.0097,-0.0066,0.0202,0.0452,0.1183,0.2535
4781,4.781,-0.0129,-0.0044,0.0098,0.0333,0.1433,0.3025
4782,4.782,-0.0158,-0.0008,0.0046,0.0368,0.1214,0.2595
4783,4.783,-0.0239,-0.005,-0.0114,0.0204,0.142,0.2995
4784,4.784,-0.0262,-0.0054,-0.0041,0.0232,0.3829,0.8411
4785,4.785,-0.0196,-0.0038,0.0273,0.015,0.2848,0.6095
4786,4.786,-0.0135,0.0005,0.0412,0.0126,0.0758,0.1164
4787,4.787,0.007,-0.0047,0.0139,0.0148,-0.1144,-0.2047
4788,4.788,0.0151,-0.0066,0.0398,0.0087,-0.0902,-0.2637
4789,4.789,0.0079,-0.0008,0.0502,0.0068,-0.1127,-0.3169
4790,4.79,0.0013,-0.0045,0.0359,0.0085,-0.1332,-0.2691
4791,4.791,-0.0088,-0.0064,-0.0047,0.0069,-0.1148,-0.2255
4792,4.792,0.0117,0.002,-0.0923,-0.0001,-0.3336,-0.8208
4793,4.793,0.0308,0.0076,-0.1801,-0.019,-0.3635,-0.7359
4794,4.794,0.0285,0.0004,-0.0992,-0.0491,-0.1735,-0.1931
4795,4.795,0.0038,0.0051,-0.0676,-0.0529,0.0491,0.1604
4796,4.796,0.0006,0.0009,-0.0767,-0.0201,0.0796,0.226
4797,4.797,-0.0081,0.0004,-0.0678,0.0107,0.1071,0.285
4798,4.798,-0.0108,0.0011,-0.0441,0.0146,0.132,0.3388
4799,4.799,-0.018,0.0017,0.0059,0.0255,0.1098,0.1955
4800,4.8,-0.0291,0.0047,-0.0003,0.0288,0.2116,0.5016
4801,4.801,-0.0229,0.0063,-0.0294,0.0318,0.4155,0.9388
4802,4.802,-0.0023,0.0052,-0.0345,0.0291,0.2259,0.4159
4803,4.803,0.0004,0.0064,-0.0586,0.0168,0.0035,-0.0775
4804,4.804,-0.0018,0.0008,-0.0366,-0.0078,-0.0865,-0.2707
4805,4.805,0.0004,0.0017,-0.0247,-0.011,-0.1141,-0.2135
4806,4.806,-0.0015,0.004,-0.0139,-0.0022,-0.1388,-0.2667
4807,4.807,-0.0033,-0.0009,-0.0041,0.006,-0.1166,-0.219
4808,4.808,0.0018,0.0034,0.0046,0.0234,-0.137,-0.3501
4809,4.809,0.0033,-0.003,0.0126,0.0214,-0.4149,-0.9457
4810,4.81,0.002,0.0013,0.0052,0.0236,-0.2962,-0.6906
4811,4.811,0.0032,0.0051,0.0029,-0.0041,-0.0433,0.0072
4812,4.812,-0,0.0058,0.0048,-0.0317,0.0559,0.2898
4813,4.813,0.001,0.0016,0.0028,-0.0424,0.0862,0.206
4814,4.814,0.0018,0.0033,-0.0025,-0.0258,0.1135,0.2841
4815,4.815,-0.0007,-0.0014,0.0019,-0.0107,0.1382,0.2143
4816,4.816,0.0015,0.0016,-0.0053,0.0032,0.1159,0.2785
4817,4.817,0.0008,0.0011,-0.0092,0.0108,0.3397,0.8016
4818,4.818,-0.0061,-0.0004,-0.0104,0.0132,0.3695,0.7318
4819,4.819,-0.0052,-0.0001,-0.0221,0.0114,0.1252,0.2834
4820,4.82,-0.0057,-0.002,-0.024,0.0143,-0.0694,-0.1696
4821,4.821,-0.0031,-0.0017,-0.0165,0.0126,-0.103,-0.2291
4822,4.822,0.0022,-0.0021,-0.0235,0.0178,-0.1332,-0.2829
4823,4.823,0.0028,-0.006,-0.0172,0.0226,-0.1607,-0.3317
4824,4.824,-0.0041,-0.0066,-0.0117,0.0159,-0.0873,-0.2013
4825,4.825,0.0004,-0.0006,0.0041,0.0198,-0.1995,-0.5589
4826,4.826,-0.0004,0.0018,0.0196,0.0211,-0.4235,-0.8957
4827,4.827,0.0018,0.0024,0.0216,0.0183,-0.2151,-0.4152
4828,4.828,-0.0018,-0.0012,0.0383,0.0064,0.0294,0.0339
4829,4.829,0.0012,-0.0071,0.0405,0.005,0.0628,0.2095
4830,4.83,-0.0029,-0.0157,0.0344,0.0099,0.093,0.2632
4831,4.831,0.0048,-0.0148,0.0362,0.0061,0.1202,0.3117
4832,4.832,0.008,-0.0159,0.0378,-0,0.1448,0.2683
4833,4.833,0.009,-0.0169,0.0393,0.0058,0.1225,0.308
4834,4.834,0.0098,-0.0092,0.0323,0.0006,0.4276,0.8491
4835,4.835,0.0056,-0.0124,0.0488,-0.0078,0.2967,0.617
4836,4.836,0.0078,-0.004,0.0555,0.0001,0.0183,0.1234
4837,4.837,0.0098,-0.0009,0.0455,0.0096,-0.0906,-0.1982
4838,4.838,0.0068,0.002,0.0177,0.0008,-0.0585,-0.2577
4839,4.839,0.0097,-0.0046,-0.0181,-0.0163,-0.0887,-0.3114
4840,4.84,0.0019,0.0012,-0.0132,-0.0286,-0.1161,-0.2641
4841,4.841,-0.0014,0.0032,-0.0174,-0.0442,-0.0917,-0.2208
4842,4.842,0.0039,0.0024,-0.0211,-0.0543,-0.3383,-0.8166
4843,4.843,0.0084,-0.006,-0.0174,-0.0339,-0.3714,-0.9023
4844,4.844,0.011,-0.003,-0.0074,-0.0258,-0.1626,-0.2052
4845,4.845,0.0088,-0.0041,-0.0043,-0.0281,0.0821,0.2646
4846,4.846,0.001,0.0003,-0.0012,-0.0215,0.1156,0.1807
4847,4.847,-0.0021,-0.0041,-0.0081,-0.0276,0.1458,0.104
4848,4.848,-0.0106,-0.0005,-0.0055,-0.0257,0.1189,0.3152
4849,4.849,-0.0139,0.0013,0.0011,-0.0104,0.0946,0.2514
4850,4.85,-0.0191,0.0007,-0.0002,0.008,0.2067,0.5418
4851,4.851,-0.0128,-0.0012,-0.0014,0.0153,0.4306,0.9116
4852,4.852,-0.0206,-0.0018,-0.0024,0.0219,0.2221,0.479
4853,4.853,-0.0236,-0.0023,-0.0059,0.0238,-0.0224,-0.0458
4854,4.854,-0.0133,0.0004,-0.0065,0.007,-0.1215,-0.2583
4855,4.855,0.0019,0.0028,-0.0027,-0.0268,-0.1516,-0.1955
4856,4.856,0.008,0.0037,-0.0031,-0.0317,-0.1248,-0.2543
4857,4.857,0.0099,0.0045,-0.0033,-0.0275,-0.1005,-0.2022
4858,4.858,0.0048,0.0037,-0.0001,-0.0237,-0.1228,-0.3466
4859,4.859,0.0033,0.006,-0.0016,-0.0204,-0.3874,-0.9148
4860,4.86,0.0046,0.0035,0.0011,-0.0173,-0.2794,-0.6832
4861,4.861,0.0084,0.0076,-0.0013,-0.0027,-0.0491,-0.0491
4862,4.862,0.0028,0.0133,-0.0035,0.0052,0.1008,0.2079
4863,4.863,0.01,0.008,-0.0106,-0.0075,0.1284,0.2865
4864,4.864,-0.0003,0.0099,-0.0131,-0.0414,0.1534,0.3572
4865,4.865,-0.0016,0.0103,-0.0239,-0.0561,0.1314,0.2937
4866,4.866,-0.0053,0.0086,-0.0156,-0.0343,0.1114,0.2359
4867,4.867,0.0024,0.0121,-0.008,-0.0146,0.3152,0.7115
4868,4.868,0.0097,0.0069,-0.0085,0.0106,0.3967,0.7758
4869,4.869,-0.0006,0.0048,-0.0088,0.0402,0.1256,0.252
4870,4.87,-0.0159,-0.0021,-0.0071,0.0439,-0.0554,-0.1011
4871,4.871,-0.0179,0.0005,-0.0056,0.0401,-0.0887,-0.1665
4872,4.872,-0.0198,0.0013,-0.0092,0.0367,-0.1188,-0.2254
4873,4.873,-0.0181,0.0035,-0.0092,0.0337,-0.146,-0.2788
4874,4.874,-0.0167,0.0055,-0.002,0.0308,-0.1215,-0.2311
4875,4.875,-0.0015,0.005,0.0046,0.0233,-0.2335,-0.537
4876,4.876,0.0169,-0.0014,-0.0032,0.0075,-0.4166,-0.974
4877,4.877,0.0241,0.0064,0.0053,0.0053,-0.2441,-0.4507
4878,4.878,0.0129,0.0011,0.0196,0.0218,0.0032,0.043
4879,4.879,0.0027,0.0003,0.0333,0.0282,0.1025,0.2364
4880,4.88,0.0008,0.0046,0.022,0.03,0.1328,0.2955
4881,4.881,-0.0009,-0.0023,-0.0005,0.0279,0.1061,0.2434
4882,4.882,-0.0055,-0.0031,-0.0098,0.0362,0.131,0.2921
4883,4.883,0.0014,-0.0056,-0.0243,0.0436,0.1089,0.336
4884,4.884,-0.005,-0.0049,-0.0376,0.0253,0.4142,0.9317
4885,4.885,-0.004,0.0001,-0.0445,0.0028,0.2836,0.6768
4886,4.886,-0.0093,-0.0015,-0.0331,0.0235,0.0849,0.1342
4887,4.887,0.0047,-0.0009,-0.0308,0.026,-0.0962,-0.2188
4888,4.888,0.0271,0.004,-0.0213,0.0134,-0.1294,-0.2838
4889,4.889,0.0299,0.0046,-0.0161,-0.0204,-0.1594,-0.3423
4890,4.89,0.0107,0.003,-0.0146,-0.0254,-0.1325,-0.2899
4891,4.891,0.0033,0.0026,-0.0077,-0.0212,-0.108,-0.2417
4892,4.892,-0.0034,0.0078,-0.0065,-0.0253,-0.3096,-0.8094
4893,4.893,-0.0055,0.0059,-0.0056,-0.0509,-0.391,-0.887
4894,4.894,-0.0037,0.0018,-0.0088,-0.0542,-0.169,-0.2531
4895,4.895,0.0047,0.0048,-0.0063,-0.0273,0.0403,0.1746
4896,4.896,-0.003,0.0002,-0.004,-0.0381,0.1222,0.2538
4897,4.897,-0.0071,-0.0002,-0.0142,-0.0349,0.1471,0.325
4898,4.898,-0.0109,-0.0018,-0.0076,-0.0078,0.1251,0.2617
4899,4.899,-0.0054,-0.0042,-0.0017,-0.0041,0.1049,0.2043
4900,4.9,-0.0024,-0.0029,0.0057,-0.0137,0.1975,0.4689
4901,4.901,-0.0016,-0.0039,-0.0019,0.0074,0.4164,0.9019
4902,4.902,-0.0008,-0.0019,0.0004,0.0049,0.2078,0.4953
4903,4.903,-0.0061,-0.0064,0.0025,0.0125,-0.0369,-0.0871
4904,4.904,-0.0012,-0.0057,0.0014,0.015,-0.0705,-0.1657
4905,4.905,-0.0029,-0.0051,-0.0011,0.0133,-0.1008,-0.2366
4906,4.906,-0.0024,-0.0044,-0.0085,0.008,-0.1282,-0.3009
4907,4.907,-0.0059,-0.0112,-0.0064,0.0201,-0.104,-0.2432
4908,4.908,-0.0037,-0.0101,-0.0095,0.025,-0.1265,-0.296
4909,4.909,-0.0084,-0.0091,-0.0138,0.0212,-0.3911,-0.9205
4910,4.91,-0.0042,-0.0047,-0.0164,0.0277,-0.2832,-0.6654
4911,4.911,-0.0058,-0.0023,-0.0165,0.027,-0.0531,-0.1223
4912,4.912,-0.0023,-0.0015,-0.0201,0.0178,0.0967,0.2312
4913,4.913,-0.0034,-0.0009,-0.0202,0.0118,0.1242,0.2966
4914,4.914,-0.0063,-0.0095,-0.0239,0.0017,0.1,0.2395
4915,4.915,-0.0044,-0.0006,-0.0302,-0.0021,0.1225,0.2932
4916,4.916,0.0008,-0.0015,-0.0272,-0.0082,0.1023,0.2457
4917,4.917,0.0015,0.0017,-0.0272,-0.025,0.3059,0.7265
4918,4.918,-0.0005,0.0026,-0.0237,-0.027,0.3872,0.791
4919,4.919,0.0026,0.0036,-0.0215,-0.0155,0.1159,0.2673
4920,4.92,0.0067,0.0044,-0.029,-0.0213,-0.0653,-0.0858
4921,4.921,0.0206,0.0011,-0.0334,-0.0101,-0.1007,-0.2211
4922,4.922,0.0274,0.0047,-0.0351,-0.0041,-0.134,-0.2856
4923,4.923,0.0172,0.0043,-0.0367,0.0081,-0.1046,-0.2279
4924,4.924,0.0103,0.0027,-0.0354,0.0009,-0.1319,-0.1754
4925,4.925,-0.001,0.0033,-0.0369,0.0082,-0.2058,-0.5118
4926,4.926,0.0037,-0.0017,-0.0282,0.0023,-0.4077,-0.9052
4927,4.927,-0.0003,0.0004,-0.0082,0.0104,-0.2181,-0.4295
4928,4.928,-0.0014,0.0009,0.0059,0.0077,0.0043,0.0197
4929,4.929,0.0019,0.0015,0.0078,0.0073,0.0944,0.1957
4930,4.93,0.003,0.0041,0.0195,0.0034,0.1219,0.2495
4931,4.931,0.004,0.0045,0.0165,-0.0031,0.1467,0.2984
4932,4.932,0.0066,-0.0019,0.0138,-0.0019,0.1245,0.2554
4933,4.933,0.0029,0.0009,0.0224,0.0062,0.1043,0.2953
4934,4.934,0.0066,0.0018,0.0267,0.0203,0.3451,0.8367
4935,4.935,0.0036,0.0025,0.0306,0.0299,0.3124,0.6051
4936,4.936,0.0054,-0.0082,0.0285,0.0352,0.0434,0.1118
4937,4.937,0.004,0.0057,0.0291,0.043,-0.0654,-0.2095
4938,4.938,0.0072,-0.0035,0.0363,0.0418,-0.0988,-0.2687
4939,4.939,0.0009,0.0016,0.0387,0.0407,-0.129,-0.4277
4940,4.94,0.0018,0.0001,0.0336,0.0375,-0.1022,-0.284
4941,4.941,-0.0006,0.0041,0.039,0.0239,-0.0779,-0.1534
4942,4.942,0.0002,0.0029,0.0364,0.0034,-0.2795,-0.7489
4943,4.943,-0.0075,0.0019,0.0324,-0.0047,-0.3609,-0.8343
4944,4.944,-0.0063,0.005,0.0415,-0.007,-0.1389,-0.292
4945,4.945,-0.0017,0.0004,0.0508,-0.0362,0.0704,0.2019
4946,4.946,-0.0041,0.0046,0.0468,-0.0641,0.0981,0.2673
4947,4.947,-0.0093,0.0038,0.0295,-0.0749,0.1231,0.3261
4948,4.948,-0.0057,0.0031,-0.008,-0.0781,0.1457,0.2739
4949,4.949,-0.0062,-0.0052,-0.0241,-0.0809,0.0849,0.2263
4950,4.95,0.0026,-0.0021,-0.0195,-0.0729,0.2146,0.5321
4951,4.951,-0.0061,-0.0012,-0.0152,-0.0656,0.4334,0.9689
4952,4.952,-0.0185,-0.0021,-0.0192,-0.0635,0.2249,0.4457
4953,4.953,-0.0201,-0.003,-0.0157,-0.0451,-0.0198,-0.0479
4954,4.954,-0.0125,-0.01,-0.0059,-0.0228,-0.1189,-0.2414
4955,4.955,0.0001,-0.0093,-0.003,0.0042,-0.0896,-0.1844
4956,4.956,-0.0048,-0.0136,-0.0056,0.0149,-0.117,-0.2378
4957,4.957,-0.0032,-0.0084,-0.0032,0.0245,-0.1417,-0.2865
4958,4.958,-0.0018,-0.0135,-0.0096,0.0392,-0.1195,-0.3304
4959,4.959,0.0045,-0.0041,-0.0115,0.0309,-0.3841,-0.9262
4960,4.96,0.0013,-0.0056,-0.0131,0.0332,-0.3483,-0.6715
4961,4.961,0.0086,-0.0069,-0.0146,0.0486,-0.0525,-0.1288
4962,4.962,0.0078,-0.0061,-0.0097,0.0545,0.0671,0.2242
4963,4.963,-0,-0.0031,-0.0163,0.0526,0.1037,0.1613
4964,4.964,0.001,-0.0041,-0.0171,0.0407,0.1369,0.2198
4965,4.965,0.0037,0.0017,-0.0157,0.0206,0.1073,0.2729
4966,4.966,-0.0006,-0.0006,-0.0183,-0.0041,0.0804,0.2249
4967,4.967,-0.0058,-0.0028,-0.0187,-0.0075,0.3021,0.7926
4968,4.968,0.0006,-0.0024,-0.0053,-0.0105,0.3916,0.8701
4969,4.969,0.0031,0.0039,0.0231,-0.0188,0.1474,0.2361
4970,4.97,-0.0021,0.0029,0.0355,-0.0214,-0.0831,-0.1915
4971,4.971,0.0027,-0.0024,0.0397,-0.0372,-0.1135,-0.2704
4972,4.972,-0.0003,-0.0005,0.0501,-0.0394,-0.141,-0.2013
4973,4.973,0.0002,0.0024,0.0419,-0.0378,-0.1167,-0.2662
4974,4.974,-0.0024,0.0028,0.0235,-0.0227,-0.0946,-0.2088
4975,4.975,0.0017,0.0053,0.0018,-0.029,-0.1963,-0.4732
4976,4.976,-0.0024,0.004,-0.0063,-0.0385,-0.4372,-0.9063
4977,4.977,-0.005,-0.0017,-0.0028,-0.0371,-0.2732,-0.4998
4978,4.978,-0.0063,-0.004,-0.0144,-0.0357,-0.004,0.0826
4979,4.979,-0.0084,-0.0047,-0.0158,-0.0373,0.1048,0.1611
4980,4.98,-0.0043,-0.0006,-0.013,-0.0185,0.1381,0.232
4981,4.981,-0.0027,-0.0023,-0.0067,0.0004,0.1086,0.2963
4982,4.982,-0.0012,0.0023,-0.0077,-0.0122,0.1359,0.2384
4983,4.983,-0.0044,0.0028,-0.0025,0.0169,0.1116,0.2911
4984,4.984,0.002,-0.0014,-0.0059,0.0367,0.4029,0.9154
4985,4.985,-0.0066,0.0001,-0.0041,0.0474,0.2841,0.6602
4986,4.986,-0.0077,0.0004,-0.0003,0.0505,0.1033,0.1172
4987,4.987,-0.0047,-0.0008,0.0013,0.0591,-0.0616,-0.2361
4988,4.988,-0.004,0.0034,-0.0009,0.0617,-0.0919,-0.3014
4989,4.989,-0.0119,-0.0007,-0.0047,0.0639,-0.1193,-0.2444
4990,4.99,-0.015,0.0041,-0.0095,0.0482,-0.1441,-0.298
4991,4.991,-0.0125,0.0058,-0.0169,0.0339,-0.077,-0.2502
4992,4.992,-0.0067,0.0075,-0.0218,0.0132,-0.3008,-0.7306
4993,4.993,0.0047,0.006,-0.017,-0.0006,-0.3903,-0.7951
4994,4.994,0.03,0.009,-0.0246,0.0065,-0.1461,-0.2716
4995,4.995,0.019,0.0062,-0.0254,0.0175,0.0844,0.2222
4996,4.996,0.0221,0.0088,-0.0167,0.0235,0.1149,0.2875
4997,4.997,0.0191,0.0098,-0.0175,0.0252,0.1423,0.2303
4998,4.998,0.0109,0.0109,-0.0101,0.0302,0.1181,0.2835
4999,4.999,0.0035,0.0067,-0.0073,0.0286,0.096,0.2357
5000,5,-0.0032,0.0063,-0.0064,0.016,0.1978,0.5414
5001,5.001,-0.0094,0.0058,-0.0057,-0.0094,0.4387,0.899
5002,5.002,-0.0113,0.0002,-0.0077,0.0015,0.209,0.4665
5003,5.003,-0.0165,0.0087,-0.0147,0.0113,-0.0002,-0.0582
5004,5.004,-0.0151,0.0098,-0.0174,0.0202,-0.0822,-0.2707
5005,5.005,-0.0111,0.0089,-0.0149,0.023,-0.1073,-0.2078
5006,5.006,-0.0049,0.0154,-0.0172,0.0108,-0.13,-0.2665
5007,5.007,0.0076,0.013,-0.0237,-0.0228,-0.1505,-0.2143
5008,5.008,0.016,0.0153,-0.0263,-0.0273,-0.0952,-0.2627
5009,5.009,0.0236,0.0118,-0.0349,-0.0316,-0.3476,-0.9181
5010,5.01,0.0222,0.0114,-0.0319,-0.0593,-0.3118,-0.6377
5011,5.011,0.0159,0.0051,-0.0248,-0.0845,-0.0816,-0.0408
5012,5.012,0.0127,-0.0007,-0.0222,-0.0811,0.0682,0.1929
5013,5.013,0.0117,-0.0058,-0.0216,-0.0781,0.0959,0.2644
5014,5.014,0.0032,-0.0036,-0.0148,-0.0642,0.1208,0.3289
5015,5.015,-0.0024,-0.0029,-0.0123,-0.0269,0.1434,0.2715
5016,5.016,-0.0054,-0.0057,-0.0134,-0.0003,0.0826,0.2191
5017,5.017,-0.0027,-0.0071,-0.0174,0.0142,0.2864,0.7477
5018,5.018,0.0016,-0.0066,-0.0183,0.0274,0.3678,0.8184
5019,5.019,-0.0036,-0.0085,-0.0202,0.0157,0.1459,0.2424
5020,5.02,-0.0072,-0.0087,-0.0209,0.0266,-0.0635,-0.1461
5021,5.021,-0.0076,-0.0109,-0.0247,0.0299,-0.0912,-0.2177
5022,5.022,-0.0045,-0.0098,-0.0205,0.0215,-0.1262,-0.2774
5023,5.023,0.0007,-0.012,-0.0185,0.0186,-0.151,-0.3419
5024,5.024,0.0015,-0.0077,-0.0208,0.0214,-0.0839,-0.1679
5025,5.025,-0.0027,-0.0045,-0.0268,0.0143,-0.1857,-0.5377
5026,5.026,0.0014,-0.0097,-0.033,0.0121,-0.4265,-0.9703
5027,5.027,-0,-0.0076,-0.0218,-0.002,-0.2624,-0.447
5028,5.028,0.0004,-0.007,0.0033,0.0037,0.0067,0.0467
5029,5.029,0.0016,-0.004,0.0211,0.0055,0.1156,0.2402
5030,5.03,-0.0019,-0.0004,0.0241,0.0041,0.0833,0.2993
5031,5.031,-0.004,-0.0073,0.0267,0.0028,0.1134,0.2472
5032,5.032,-0.0068,-0.0042,0.0238,-0.0109,0.1407,0.2957
5033,5.033,-0.0042,-0.005,0.0309,-0.009,0.1163,0.2525
5034,5.034,-0.0051,-0.0042,0.0329,-0.0038,0.4076,0.8481
5035,5.035,-0.0013,-0.0094,0.0389,-0.0021,0.2889,0.5933
5036,5.036,-0.0024,-0.0087,0.0294,-0.0034,0.1081,0.0507
5037,5.037,0.0041,-0.0082,0.0412,0.0004,-0.1224,-0.1616
5038,5.038,0.0033,-0.0077,0.0427,-0.0051,-0.0931,-0.2268
5039,5.039,0.0026,-0.0062,0.044,-0.0041,-0.1205,-0.4018
5040,5.04,0.0079,-0.0032,0.0527,0.0005,-0.1453,-0.3494
5041,5.041,0.0073,-0.0035,0.0652,-0.0004,-0.1232,-0.2056
5042,5.042,0.009,0.0022,0.0467,-0.0042,-0.3064,-0.686
5043,5.043,0.0074,-0.0004,0.0095,-0.0063,-0.3803,-0.8782
5044,5.044,0.006,0.0002,-0.0063,0.0019,-0.1785,-0.2381
5045,5.045,0.003,0.0022,-0.011,-0.0014,0.0662,0.1893
5046,5.046,0.0019,-0.0021,-0.0064,-0.0046,0.0997,0.2682
5047,5.047,0.0009,0.0007,-0.0101,-0.002,0.1299,0.3394
5048,5.048,0.0007,0.0031,0.0009,0.0022,0.1031,0.2762
5049,5.049,-0.0017,-0.0012,-0.002,-0.0017,0.0788,0.2187
5050,5.05,-0.0015,0.0039,0.0012,0.0046,0.1908,0.4831
5051,5.051,0.0025,0.0018,0.0042,0.007,0.4555,0.9159
5052,5.052,-0.0004,0.0034,0.0069,0.0046,0.2752,0.5092
5053,5.053,0.0001,-0.0056,0.0051,0.0065,0.0448,-0.0733
5054,5.054,-0.0029,0.0006,0.0075,0.0121,-0.0452,-0.1522
5055,5.055,-0.0058,-0.0052,0.0024,0.0004,-0.1269,-0.2235
5056,5.056,-0.0039,0.002,0.0012,-0.0116,-0.1026,-0.288
5057,5.057,-0.0036,0.001,0.0002,-0.0163,-0.1252,-0.2303
5058,5.058,-0.0046,-0,0.002,-0.0096,-0.105,-0.2832
5059,5.059,-0.0076,0.0036,-0.0037,-0.0186,-0.3828,-0.9078
5060,5.06,-0.0096,0.0041,-0.0087,-0.0156,-0.3433,-0.6528
5061,5.061,-0.0107,-0.003,-0.0134,-0.0127,-0.0904,-0.1098
5062,5.062,-0.0131,0.0033,-0.0082,-0.0008,0.0745,0.2435
5063,5.063,-0.008,-0.0028,-0.005,0.0007,0.1048,0.1809
5064,5.064,-0.0074,-0.0023,-0.0065,0.002,0.1322,0.2396
5065,5.065,-0.0069,-0.0004,-0.0051,-0.0022,0.108,0.293
5066,5.066,-0.0064,-0.0011,-0.0027,0.0039,0.0859,0.2453
5067,5.067,-0.006,0.0005,-0.0061,0.0028,0.3098,0.7258
5068,5.068,-0.003,0.0071,-0.0089,-0.0004,0.3994,0.7902
5069,5.069,-0.0033,-0.0015,-0.0093,0.0022,0.1553,0.2665
5070,5.07,-0.0053,0.0016,-0.0046,0.0045,-0.0752,-0.0866
5071,5.071,-0.0014,-0.0038,-0.0053,0.0065,-0.1055,-0.152
5072,5.072,-0.002,0.0026,-0.0067,0.0014,-0.1329,-0.3271
5073,5.073,-0.0032,0.005,-0.0071,0.003,-0.1086,-0.2749
5074,5.074,-0.0029,0.0086,-0.0027,0.0033,-0.0865,-0.2273
5075,5.075,-0.0011,0.0036,-0.0041,0.0017,-0.1881,-0.533
5076,5.076,0.0012,0.0104,-0.008,0.0027,-0.4289,-0.9699
5077,5.077,0.0035,0.0039,-0.0029,0.0046,-0.2649,-0.4468
5078,5.078,-0.0008,0.0063,-0.0062,0.0019,0.0043,0.047
5079,5.079,0.0034,0.0041,-0.0048,-0.0034,0.1132,0.2405
5080,5.08,0.0039,0.0033,-0.0061,-0.0028,0.1466,0.2996
5081,5.081,0.0013,0.0075,-0.0033,-0.0008,0.1172,0.2475
5082,5.082,0.0015,0.0058,-0.0068,-0.0024,0.1445,0.2959
5083,5.083,0.0062,-0,-0.009,0.0041,0.1202,0.2527
5084,5.084,0.0019,0.0069,-0.0068,0.0067,0.3668,0.8482
5085,5.085,0.0047,0.0041,-0.0104,0.0046,0.3344,0.5933
5086,5.086,0.0032,0.0049,-0.0081,-0.0002,0.0656,0.2054
5087,5.087,0.0043,0.0056,-0.0071,0.0015,-0.1154,-0.1476
5088,5.088,0.0055,-0.0022,-0.0015,0.001,-0.0831,-0.2125
5089,5.089,0.0044,0.0009,-0.0059,0.0015,-0.1131,-0.2712
5090,5.09,0.0048,0.0018,-0.0039,0.0057,-0.1403,-0.3245
5091,5.091,0.0051,-0.0007,-0.0006,0.0003,-0.1158,-0.1806
5092,5.092,0.0064,-0,-0.0061,-0.0018,-0.2727,-0.7484
5093,5.093,0.0058,-0.002,-0.0037,-0.0013,-0.415,-0.826
5094,5.094,0.009,-0.0036,-0.0056,-0.0009,-0.174,-0.3333
5095,5.095,0.0051,0.0005,-0.0098,0.0006,0.0565,0.1162
5096,5.096,-0.0027,-0.001,-0.0057,-0.0006,0.087,0.1759
5097,5.097,0.0005,-0.0013,-0.0063,0.0014,0.1145,0.2296
5098,5.098,0.0036,-0.0009,-0.0085,0.0004,0.1394,0.2784
5099,5.099,0.0009,-0.0019,-0.0099,0.0021,0.1172,0.2352
5100,5.1,0.0034,-0.0057,-0.0126,0.0012,0.1782,0.5131
5101,5.101,0.0027,-0.0041,-0.0076,-0.003,0.419,0.9104
5102,5.102,0.0007,0.0002,-0.0116,-0.0012,0.255,0.5407
5103,5.103,0.0024,0.0043,-0.0139,0.0018,-0.0141,0.0108
5104,5.104,0.0019,0.0049,-0.0147,0.0004,-0.123,-0.2016
5105,5.105,0.0044,0.0019,-0.0157,-0.0006,-0.0907,-0.2665
5106,5.106,0.0056,-0.0001,-0.0104,0.0024,-0.1208,-0.325
5107,5.107,-0.0008,-0.0019,-0.0073,0.0016,-0.1482,-0.2727
5108,5.108,0.0038,-0.0014,-0.0157,0.0027,-0.1239,-0.321
5109,5.109,0.0013,-0.0058,-0.0133,0.008,-0.3705,-0.889
5110,5.11,-0.0009,-0.0028,-0.0131,0.0175,-0.338,-0.6573
5111,5.111,-0.0002,-0.0012,-0.0197,0.0189,-0.0692,-0.1641
5112,5.112,-0.0019,-0.0042,-0.0167,0.0223,0.1117,0.2852
5113,5.113,-0.0035,-0.0029,-0.0194,0.0194,0.0793,0.2284
5114,5.114,-0.0082,-0.0054,-0.0207,0.026,0.1093,0.2817
5115,5.115,-0.0024,-0.0043,-0.0198,0.0321,0.1366,0.3304
5116,5.116,-0.0017,-0.0032,-0.0284,0.027,0.0628,0.1998
5117,5.117,-0.0052,-0.0038,-0.0283,0.0278,0.3092,0.716
5118,5.118,-0.0034,0.0001,-0.0302,0.0363,0.4077,0.7866
5119,5.119,0.0054,-0.0027,-0.0302,0.0308,0.1389,0.3383
5120,5.12,0.0017,0.0021,-0.0303,0.0152,-0.0423,-0.07
5121,5.121,0.0028,0.0027,-0.026,-0.0002,-0.076,-0.2299
5122,5.122,-0.0044,0.0056,-0.0363,-0.0143,-0.1063,-0.2789
5123,5.123,-0.0032,0.0101,-0.0408,-0.0321,-0.1218,-0.2931
5124,5.124,-0.0023,0.0066,-0.0355,-0.0264,-0.095,-0.25
5125,5.125,0.0037,0.0036,-0.0355,-0.0077,-0.169,-0.4488
5126,5.126,0.0016,0.0025,-0.0375,-0.03,-0.4157,-0.9904
5127,5.127,-0.0033,0.0022,-0.0339,-0.0569,-0.2519,-0.4489
5128,5.128,-0.0015,0.0074,-0.022,-0.0604,-0.0429,0.0447
5129,5.129,0.0002,-0.0025,0.0012,-0.0833,0.0932,0.2379
5130,5.13,0.005,-0.0011,-0.0029,-0.0684,0.1182,0.2969
5131,5.131,0.0046,-0.0023,0.0169,-0.0874,0.1407,0.2446
5132,5.132,0.0051,0.0009,0.0078,-0.0897,0.0798,0.293
5133,5.133,0.0016,-0.0021,0.0142,-0.056,0.0613,0.2495
5134,5.134,-0.0014,-0.0066,0.0111,-0.0123,0.3136,0.8449
5135,5.135,-0.0042,-0.0092,0.0203,0.017,0.3496,0.5899
5136,5.136,-0.01,-0.0085,0.0139,0.0542,0.0537,0.047
5137,5.137,-0.0125,-0.0064,0.0181,0.0686,-0.0661,-0.1655
5138,5.138,-0.0102,-0.0059,0.0188,0.0729,-0.1029,-0.2308
5139,5.139,-0.0053,-0.0124,0.0277,0.069,-0.1363,-0.2897
5140,5.14,-0.0148,-0.0081,0.0207,0.0654,-0.1069,-0.2376
5141,5.141,-0.0161,-0.0059,0.0277,0.0489,-0.0802,-0.19
5142,5.142,-0.0073,-0.0024,0.0301,0.04,-0.3022,-0.6707
5143,5.143,-0.0041,0.0034,0.0321,0.0372,-0.3918,-0.8631
5144,5.144,-0.0093,0.0071,0.0307,0.0148,-0.1478,-0.3397
5145,5.145,-0.0008,0.0007,0.0308,-0.0002,0.0825,0.1539
5146,5.146,-0.004,0.0032,0.0238,0.0024,0.1129,0.2192
5147,5.147,0.0012,0.0054,0.0293,-0.0049,0.1402,0.2779
5148,5.148,0.0004,0.0047,0.0295,-0.0253,0.165,0.3311
5149,5.149,0.0081,0.0042,0.0384,-0.0391,0.0979,0.1872
5150,5.15,0.0134,0.0013,0.0343,-0.0367,0.1996,0.4929
5151,5.151,0.0069,-0.0065,0.017,-0.0478,0.4403,0.9297
5152,5.152,0.0044,0.0012,-0.0005,-0.0253,0.2762,0.523
5153,5.153,0.0113,0.0022,0.0239,-0.0282,0.0071,-0.0596
5154,5.154,0.0104,0.003,0.0402,-0.0255,-0.1018,-0.2935
5155,5.155,0.0061,0.0022,0.0489,-0.0279,-0.1351,-0.2245
5156,5.156,0.0054,-0.0031,0.0516,-0.0257,-0.1057,-0.2893
5157,5.157,0.0074,-0.0024,0.0343,-0.0359,-0.133,-0.2318
5158,5.158,0.0016,-0.0042,0.0007,-0.0304,-0.1086,-0.2851
5159,5.159,-0.0007,-0.0001,-0.0136,-0.0051,-0.3551,-0.9098
5160,5.16,0.0013,-0.0027,-0.009,0.013,-0.3224,-0.6551
5161,5.161,-0.0018,-0.0015,-0.0049,0.0227,-0.0535,-0.1124
5162,5.162,-0.0013,0.0032,-0.0011,0.0255,0.0554,0.2408
5163,5.163,-0.0019,0.0027,-0.0041,0.0227,0.0888,0.178
5164,5.164,-0.0016,0.001,-0.0066,0.0154,0.119,0.2367
5165,5.165,-0.0037,0.0035,0.0019,0.0175,0.1463,0.2899
5166,5.166,0.0005,-0.0007,-0.0001,0.0194,0.0728,0.2419
5167,5.167,0.0033,0.0022,-0.0062,0.0212,0.2745,0.7223
5168,5.168,0.0018,0.0037,-0.0038,0.0126,0.4103,0.7865
5169,5.169,-0.0043,0.0033,-0.0053,0.0171,0.1884,0.3792
5170,5.17,-0.0018,0.0013,-0.0065,0.0129,-0.0807,-0.0981
5171,5.171,-0.0012,0.0024,-0.0015,0.0091,-0.1173,-0.1637
5172,5.172,-0.0005,-0.0029,-0.0024,0.0079,-0.1503,-0.2227
5173,5.173,-0.0011,0.0009,-0.0055,0.0047,-0.1207,-0.2763
5174,5.174,0.0006,0.0002,-0.006,0.0054,-0.0937,-0.2288
5175,5.175,-0.001,0.006,-0.0064,0.0044,-0.1674,-0.4475
5176,5.176,-0.0013,0.0038,-0.0122,-0.0009,-0.4139,-0.964
5177,5.177,-0.0042,0.0002,-0.0107,0.0068,-0.2498,-0.4721
5178,5.178,-0.0017,0.0033,-0.0107,0.0057,-0.0405,-0.0231
5179,5.179,0.0028,0.0016,-0.0107,0.001,0.0959,0.2688
5180,5.18,-0.0015,0.0041,-0.0083,-0.0016,0.121,0.217
5181,5.181,0.0014,-0.002,-0.0117,0.0021,0.1438,0.2655
5182,5.182,-0.0034,0.0006,-0.0105,0.0014,0.1239,0.2221
5183,5.183,0.0024,-0.0016,-0.0087,0.0019,0.1057,0.2618
5184,5.184,0.0001,-0.0022,-0.0146,0.0048,0.3582,0.8029
5185,5.185,0.0008,-0.0027,-0.0113,0.0127,0.3225,0.7258
5186,5.186,-0.0023,-0.0032,-0.0133,0.0184,0.0925,0.0916
5187,5.187,0.0029,-0.0079,-0.0122,0.0155,-0.0571,-0.1656
5188,5.188,-0.002,-0.001,-0.0082,0.0129,-0.0847,-0.2442
5189,5.189,-0.0037,-0.0055,-0.0109,0.0189,-0.1095,-0.3153
5190,5.19,-0.0032,-0.003,-0.0076,0.0243,-0.1319,-0.252
5191,5.191,-0.0027,-0.0051,-0.0048,0.015,-0.1117,-0.1944
5192,5.192,-0.0039,-0.0015,-0.0114,0.0062,-0.2782,-0.67
5193,5.193,-0.0067,0.0016,-0.0143,0.003,-0.3903,-0.8623
5194,5.194,-0.0032,0.0011,-0.0206,-0.0085,-0.1662,-0.3389
5195,5.195,-0.001,0.0037,-0.0163,-0.0131,0.0433,0.1547
5196,5.196,0.0002,0.0068,-0.0215,-0.0145,0.0712,0.2201
5197,5.197,0.0038,0.0072,-0.0236,-0.0335,0.1454,0.2788
5198,5.198,0.005,0.0069,-0.0231,-0.0747,0.1235,0.3321
5199,5.199,0.0022,0.0037,-0.0215,-0.0689,0.1035,0.1882
5200,5.2,0.0057,0.0066,-0.0191,-0.053,0.1591,0.4065
5201,5.201,0.0088,0.0063,-0.0197,-0.0289,0.4117,0.9229
5202,5.202,0.0076,0.0024,-0.0248,-0.0245,0.2315,0.5714
5203,5.203,0.0066,0.0029,-0.0269,-0.0126,0.0011,-0.0055
5204,5.204,0.009,-0.0001,-0.0233,-0.009,-0.0889,-0.2393
5205,5.205,0.0067,-0.0013,-0.0233,0.0075,-0.1165,-0.3107
5206,5.206,0.0025,0.0013,-0.0289,0.0105,-0.1414,-0.2476
5207,5.207,-0.0017,0.0003,-0.0289,0.0079,-0.1192,-0.3063
5208,5.208,-0,-0.0007,-0.0291,0.0153,-0.0991,-0.2539
5209,5.209,-0.0015,-0.0038,-0.0282,0.0176,-0.3769,-0.8787
5210,5.21,-0.0037,-0.0058,-0.0295,0.0198,-0.3375,-0.7942
5211,5.211,0.0002,-0.0048,-0.0281,0.0219,-0.0848,-0.0969
5212,5.212,-0.0023,-0.0038,-0.0337,0.017,0.0802,0.1855
5213,5.213,0.0038,-0.0088,-0.0303,0.0156,0.1105,0.2718
5214,5.214,-0.0021,-0.0039,-0.0224,0.0117,0.1378,0.3496
5215,5.215,-0.0028,-0.0081,-0.0044,0.0155,0.1136,0.2796
5216,5.216,-0.0035,-0.0029,0.0193,0.0124,0.0914,0.2159
5217,5.217,-0.0065,-0.0009,0.0216,0.0053,0.2746,0.6225
5218,5.218,-0.0048,-0.0078,0.0294,0.0062,0.3979,0.8869
5219,5.219,-0.0033,0.0007,0.0257,0.002,0.1512,0.3577
5220,5.22,-0.0029,-0.0004,-0.0126,0.0072,-0.0792,-0.1362
5221,5.221,0.0027,0.0007,-0.0189,0.0092,-0.1097,-0.2017
5222,5.222,-0.0026,-0.0039,-0.0246,0.0087,-0.1373,-0.2608
5223,5.223,-0.0005,0.0055,-0.0389,0.0082,-0.113,-0.3143
5224,5.224,0.0008,0.0048,-0.0369,-0.0063,-0.0938,-0.2253
5225,5.225,0.0039,-0.004,-0.0419,-0.0057,-0.1611,-0.4659
5226,5.226,0.001,-0.0008,-0.0394,-0.0026,-0.4258,-0.9468
5227,5.227,-0.0006,0.0044,-0.0436,-0.0028,-0.2456,-0.4994
5228,5.228,-0.0036,-0.0041,-0.0418,0.003,-0.0153,0.025
5229,5.229,0.0003,-0.0009,-0.0071,0.004,0.0747,0.2372
5230,5.23,0.0028,-0.004,-0.0034,0.0019,0.1023,0.302
5231,5.231,-0.0003,-0.0013,-0,-0.0015,0.1271,0.2444
5232,5.232,0.0018,0.0012,0.0108,-0.0031,0.1496,0.2974
5233,5.233,0.0007,-0.0011,0.0207,-0.0046,0.1295,0.2495
5234,5.234,-0.0017,0.0038,0.0099,-0.0093,0.3702,0.8173
5235,5.235,-0.002,-0.0032,0.0178,-0.0049,0.3375,0.7402
5236,5.236,-0.0007,-0.0024,0.0142,-0.002,0.1284,0.1061
5237,5.237,-0.0036,0.0001,0.0158,0.0048,-0.062,-0.151
5238,5.238,-0.0026,-0.0052,0.0084,0.0094,-0.0872,-0.2296
5239,5.239,-0.0002,-0.0072,0.0177,0.0085,-0.1099,-0.3007
5240,5.24,-0.004,-0.0015,0.0114,0.0033,-0.1305,-0.3653
5241,5.241,-0.0018,-0.0022,0.0192,0.0081,-0.1123,-0.1914
5242,5.242,-0.0006,0.0042,0.0231,0.0123,-0.2975,-0.6672
5243,5.243,-0.0025,-0.0001,0.035,0.0139,-0.4208,-0.8595
5244,5.244,0.0027,0.0021,0.0294,0.008,-0.1742,-0.3361
5245,5.245,-0.001,0,0.012,0.0057,0.0562,0.1575
5246,5.246,-0.0017,0.0042,0.0003,-0.0051,0.0867,0.2229
5247,5.247,-0,0.0025,0.006,-0.0191,0.1142,0.2816
5248,5.248,0.0005,0.005,0.0112,-0.01,0.139,0.3349
5249,5.249,0.001,0.0054,0.0295,-0.0051,0.1169,0.1911
5250,5.25,0.0013,0.0109,0.0365,-0.0097,0.1779,0.3221
5251,5.251,0.0001,0.0039,0.043,-0.0167,0.4186,0.8384
5252,5.252,-0.0025,0.003,0.0408,-0.0204,0.2546,0.487
5253,5.253,-0.0035,0.0055,0.0277,-0.0172,0.0455,0.0379
5254,5.254,-0.008,0.0048,0.026,-0.016,-0.0907,-0.1381
5255,5.255,-0.0097,0.0041,0.043,-0.0222,-0.1157,-0.192
5256,5.256,-0.0072,-0.0043,0.0453,-0.0246,-0.1383,-0.2408
5257,5.257,-0.0042,-0.0033,0.0393,-0.0359,-0.1181,-0.2848
5258,5.258,-0.0013,0.0039,0.0116,-0.0205,-0.0997,-0.2454
5259,5.259,0.0022,-0.0025,-0.016,-0.0019,-0.352,-0.7865
5260,5.26,0.0043,-0,-0.0122,0.0105,-0.3882,-0.7096
5261,5.261,0.004,-0.0007,-0.0086,0.0129,-0.0923,-0.2164
5262,5.262,-0.0018,-0.0028,-0.0111,0.0028,0.107,0.2332
5263,5.263,0.0024,-0.0045,-0.0025,0.001,0.0717,0.2925
5264,5.264,0.0031,-0.004,0.0004,0.0061,0.1049,0.2406
5265,5.265,0.001,-0.0035,-0.0013,0.0167,0.135,0.2894
5266,5.266,0.0052,-0.0024,0.0013,0.0319,0.1082,0.1588
5267,5.267,0.0057,-0.002,-0.0073,0.042,0.2807,0.6751
5268,5.268,0.0093,-0.0046,-0.0049,0.0439,0.3929,0.8863
5269,5.269,0.0024,-0.0043,-0.0057,0.032,0.1691,0.3106
5270,5.27,-0.0007,-0.0006,-0.009,0.0214,-0.0401,-0.0779
5271,5.271,0.0002,0.0045,-0.0095,0.0062,-0.122,-0.2901
5272,5.272,0.0061,0.0038,-0.0055,-0.0081,-0.0978,-0.2268
5273,5.273,0.0054,0.0008,-0.0037,-0.0322,-0.1203,-0.2854
5274,5.274,0.0061,0.0072,-0.0055,-0.0421,-0.1,-0.2329
5275,5.275,0.0019,0.0064,-0.0142,-0.0273,-0.1555,-0.4731
5276,5.276,0.0025,0.0057,-0.007,-0.0301,-0.4079,-0.9536
5277,5.277,0.004,0.0037,-0.0093,-0.0278,-0.2999,-0.5059
5278,5.278,0.0052,-0.0032,-0.0053,-0.03,-0.0038,0.0189
5279,5.279,0.0005,0.0013,-0.0107,-0.0281,0.116,0.2316
5280,5.28,0.0048,0.0022,-0.0072,-0.0375,0.0806,0.2968
5281,5.281,0.0031,0.0016,-0.0068,-0.0257,0.1138,0.2395
5282,5.282,0.0016,-0.0005,-0.0093,-0.0059,0.144,0.293
5283,5.283,0.0039,0.0013,-0.0113,0.0187,0.1172,0.2454
5284,5.284,-0.0008,-0.0028,-0.0075,0.0285,0.3883,0.8136
5285,5.285,-0.0013,-0.0063,-0.0112,0.0372,0.3526,0.7369
5286,5.286,-0.0041,-0.0032,-0.0134,0.0344,0.1225,0.1031
5287,5.287,-0.0066,-0.0035,-0.013,0.0416,-0.0867,-0.1539
5288,5.288,-0.0024,-0.0031,-0.0095,0.0438,-0.1142,-0.2322
5289,5.289,-0.004,-0.0041,-0.0117,0.0498,-0.139,-0.3028
5290,5.29,-0.0014,-0.0044,-0.013,0.0405,-0.1168,-0.2393
5291,5.291,-0.0036,-0.0001,-0.0147,0.0488,-0.0967,-0.1815
5292,5.292,-0.0032,-0.0043,-0.0088,0.0473,-0.2634,-0.6568
5293,5.293,-0.0067,-0.006,-0.0044,0.0403,-0.4204,-0.8487
5294,5.294,-0.0016,-0.0023,-0.0144,0.0365,-0.1964,-0.3249
5295,5.295,-0.0008,-0.0001,-0.0092,0.0193,0.013,0.1691
5296,5.296,-0.0038,0.0003,-0.0156,0.0169,0.0949,0.2349
5297,5.297,-0.0042,0.0029,-0.014,0.0056,0.1199,0.294
5298,5.298,-0.0006,0.0046,-0.0169,-0.013,0.1426,0.2421
5299,5.299,0.0055,0.0098,-0.0175,-0.0255,0.1225,0.1946
5300,5.3,0.0064,0.0063,-0.0257,-0.0548,0.1781,0.4134
5301,5.301,0.0043,0.008,-0.0198,-0.0668,0.3969,0.9299
5302,5.302,0.0064,0.0076,-0.0247,-0.0922,0.248,0.5786
5303,5.303,0.0047,0.0041,-0.0181,-0.1153,0.0034,0.002
5304,5.304,0.0043,0.0063,-0.0153,-0.1005,-0.0958,-0.2314
5305,5.305,0.0038,-0.0001,-0.0145,-0.0594,-0.1261,-0.3024
5306,5.306,0.0027,0.0008,-0.0164,-0.0302,-0.1536,-0.3668
5307,5.307,0.0016,-0.0017,-0.0121,-0.0142,-0.1294,-0.309
5308,5.308,-0.0034,-0.0054,-0.0138,-0.0094,-0.1073,-0.2563
5309,5.309,-0.0014,-0.006,-0.0081,-0.0049,-0.3719,-0.8809
5310,5.31,-0.0018,-0.0043,-0.0134,0.0231,-0.3362,-0.7959
5311,5.311,-0.0058,-0.0013,-0.0115,0.034,-0.1062,-0.0983
5312,5.312,-0.0083,-0.0038,-0.0086,0.0372,0.1031,0.1845
5313,5.313,-0.0061,0.0023,-0.0164,0.0344,0.1308,0.2712
5314,5.314,-0.0063,0.0015,-0.0155,0.0371,0.1065,0.3496
5315,5.315,-0.0038,0.0037,-0.0166,0.0298,0.129,0.2801
5316,5.316,-0.002,0.0045,-0.0176,0.0186,0.1088,0.2166
5317,5.317,-0.001,0.0015,-0.0172,0.0044,0.2754,0.6234
5318,5.318,-0.0008,0.0044,-0.0195,-0.0086,0.3874,0.888
5319,5.319,-0.0006,0.0009,-0.0255,-0.0136,0.204,0.3593
5320,5.32,-0.0028,0.0021,-0.0236,-0.003,-0.0186,-0.1344
5321,5.321,-0.0047,0.0001,-0.0219,0.001,-0.1088,-0.1998
5322,5.322,-0.0035,-0.0056,-0.0239,0.0199,-0.1364,-0.2586
5323,5.323,0.0002,-0.0013,-0.0247,0.0226,-0.1123,-0.3119
5324,5.324,-0.0003,0.0039,-0.0286,0.0249,-0.0903,-0.2643
5325,5.325,0.0007,-0.0021,-0.0293,0.0228,-0.1545,-0.4395
5326,5.326,-0.0015,0.0015,-0.03,0.025,-0.4193,-0.9201
5327,5.327,0.0005,-0.0002,-0.0351,0.023,-0.3115,-0.6005
5328,5.328,0.004,-0.0054,-0.0359,0.0175,-0.0157,0.0403
5329,5.329,0.0009,-0.0034,-0.0346,0.0125,0.1038,0.2973
5330,5.33,-0.003,-0.0029,-0.0271,0.0079,0.0682,0.2211
5331,5.331,0.0027,-0.0012,-0.0104,0.0066,0.1012,0.292
5332,5.332,0.0005,-0.0016,0.0165,0.0079,0.131,0.2285
5333,5.333,-0.0016,-0.0005,0.0127,0.0001,0.1039,0.2867
5334,5.334,0.0014,-0.006,0.0222,-0.005,0.3748,0.8679
5335,5.335,-0.0004,-0.0054,0.019,-0.019,0.3389,0.7909
5336,5.336,0.0021,-0.0074,0.0214,-0.0209,0.043,0.157
5337,5.337,-0.0001,-0.0005,0.0188,-0.0116,-0.0769,-0.2704
5338,5.338,0.0018,0.0023,0.0252,-0.0099,-0.1137,-0.1945
5339,5.339,-0.0008,-0.002,0.031,-0.0022,-0.0814,-0.2654
5340,5.34,0.0009,-0.0057,0.0327,-0.0147,-0.1116,-0.3299
5341,5.341,0.0018,-0.0008,0.0342,-0.0096,-0.0848,-0.2722
5342,5.342,-0.0001,-0.005,0.0356,0.0073,-0.2574,-0.6419
5343,5.343,-0.0008,0.0026,0.0369,0.0139,-0.4146,-0.8825
5344,5.344,-0.0031,-0.0005,0.0456,0.02,-0.1908,-0.4016
5345,5.345,-0.0062,0.0003,0.0533,0.0219,0.0184,0.1756
5346,5.346,-0.0007,-0.0005,0.0543,0.0134,0.1002,0.2545
5347,5.347,-0.0029,0.0017,0.0516,0.021,0.1251,0.3255
5348,5.348,-0.0079,-0.0032,0.0388,0.0028,0.1476,0.2622
5349,5.349,-0.0063,-0.0049,0.0109,-0.0045,0.1275,0.2045
5350,5.35,0.0013,-0.0033,-0.0169,-0.0111,0.183,0.4686
5351,5.351,0.0043,0.0035,-0.006,-0.001,0.4354,0.9012
5352,5.352,0.0034,0.0062,-0.009,-0.0104,0.2551,0.4946
5353,5.353,-0.0009,0.002,-0.0176,-0.0223,0.0247,0.0177
5354,5.354,-0.0047,0.0026,-0.0093,-0.0423,-0.0654,-0.1759
5355,5.355,-0.0012,0.0033,-0.0017,-0.045,-0.093,-0.2352
5356,5.356,-0.0008,0.0063,-0.008,-0.0573,-0.1179,-0.2889
5357,5.357,0.0021,0.0022,-0.0016,-0.0461,-0.1405,-0.2416
5358,5.358,-0.0027,-0.0014,0.0006,-0.0276,-0.0797,-0.2856
5359,5.359,-0.0011,-0.0026,-0.0041,-0.0052,-0.3575,-0.8812
5360,5.36,0.0005,0.0021,-0.0021,0.0097,-0.3973,-0.7965
5361,5.361,0.001,-0.0037,-0.0057,0.0235,-0.1445,-0.254
5362,5.362,-0.0003,-0.0015,-0.0041,0.0308,0.0859,0.0993
5363,5.363,0.0026,-0.0022,0.002,0.0286,0.1164,0.2923
5364,5.364,0.0022,-0.0005,-0.0048,0.0266,0.1439,0.3511
5365,5.365,-0.0002,0.0023,-0.0034,0.021,0.1196,0.299
5366,5.366,0.0035,0.0028,-0.0036,0.016,0.0974,0.2512
5367,5.367,0.0046,-0.0003,-0.0067,0.0114,0.2808,0.6443
5368,5.368,0.0058,0.0044,-0.0081,0.0128,0.4041,0.9087
5369,5.369,0.0083,-0.0039,-0.0105,0.0091,0.2024,0.3797
5370,5.37,0.005,0.0016,-0.0046,-0.0012,-0.0422,-0.114
5371,5.371,0.0038,0.0026,-0.0032,-0.0138,-0.0757,-0.1797
5372,5.372,0.0028,0.0034,-0.0083,-0.0188,-0.1059,-0.2386
5373,5.373,0.0018,0.0042,-0.0053,-0.0357,-0.1332,-0.292
5374,5.374,0.0007,0.0005,-0.0039,-0.0334,-0.1089,-0.2444
5375,5.375,0.0014,0.0053,-0.0001,-0.0192,-0.1312,-0.3757
5376,5.376,0.0002,0.0011,-0.0045,-0.0061,-0.4364,-0.9716
5377,5.377,0.0024,-0.0019,-0.0017,0.0024,-0.3056,-0.5461
5378,5.378,0.0043,0.0006,-0.0051,0.01,-0.0273,-0.0031
5379,5.379,0.0004,-0.0006,-0.0084,0.0087,0.0817,0.2095
5380,5.38,-0.0025,-0.0026,-0.004,0.0124,0.1151,0.2745
5381,5.381,0.0001,-0.0001,-0.0019,0.0155,0.1452,0.3332
5382,5.382,-0.003,-0.0005,-0.0058,0.0103,0.1184,0.281
5383,5.383,0.0018,-0.0002,-0.0066,0.013,0.0941,0.2331
5384,5.384,0.0023,0.0028,-0.0041,0.0155,0.3406,0.8012
5385,5.385,-0.0017,0.0008,-0.0018,0.0118,0.3737,0.7243
5386,5.386,-0.0064,-0.0035,-0.0053,0.0111,0.105,0.2313
5387,5.387,-0.0059,-0.0007,-0.0086,0.0105,-0.076,-0.218
5388,5.388,-0.0018,0.0008,-0.0115,0.0134,-0.1093,-0.2774
5389,5.389,0.0008,0.003,-0.0067,0.0128,-0.1394,-0.3308
5390,5.39,0.003,0.005,-0.0056,0.0058,-0.1124,-0.2832
5391,5.391,0.0011,-0.0007,-0.0098,-0.0099,-0.088,-0.24
5392,5.392,0.0001,-0.0016,-0.0099,-0.0347,-0.2448,-0.6767
5393,5.393,0.004,-0.0009,-0.01,-0.0249,-0.4281,-0.9674
5394,5.394,0.0005,-0.0016,-0.0091,-0.0041,-0.2062,-0.3858
5395,5.395,0.0018,-0.0033,-0.0118,0.0039,0.0032,0.1578
5396,5.396,-0.0002,-0.0004,-0.0112,0.0015,0.0851,0.2297
5397,5.397,-0.0012,-0.004,-0.0074,-0.0097,0.1101,0.2946
5398,5.398,0.0012,0.0021,-0.0076,-0.0158,0.1328,0.3536
5399,5.399,0.0023,-0.0057,-0.0055,-0.0029,0.1127,0.196
5400,5.4,-0.0002,-0.0088,-0.0113,-0.0013,0.1684,0.4367
5401,5.401,-0.0025,-0.0042,-0.0106,0.0002,0.4209,0.9176
5402,5.402,0.0013,-0.0067,-0.0114,0.0043,0.2407,0.5982
5403,5.403,-0.0029,0.0002,-0.0079,0.0156,0.0104,0.0738
5404,5.404,-0.0023,-0.0044,-0.0086,0.0171,-0.0797,-0.1384
5405,5.405,0.0025,0.0015,-0.0104,0.0185,-0.1072,-0.2034
5406,5.406,-0.0044,0.0037,-0.0132,0.0173,-0.1321,-0.2619
5407,5.407,-0.0016,0.0001,-0.0112,0.0251,-0.1101,-0.3149
5408,5.408,0.001,0.0044,-0.0094,0.0261,-0.09,-0.267
5409,5.409,0.0003,0.0003,-0.0071,0.0289,-0.3678,-0.8349
5410,5.41,0.0011,0.0018,-0.0098,0.0264,-0.3284,-0.7579
5411,5.411,-0.0006,0.003,-0.0126,0.0165,-0.1478,-0.1238
5412,5.412,-0,0.0027,-0.0172,0.004,0.0826,0.1333
5413,5.413,0.0026,0.0001,-0.0219,-0.0077,0.113,0.2121
5414,5.414,0.0004,0.0054,-0.023,-0.0216,0.1403,0.2833
5415,5.415,0.0008,0.0032,-0.0231,-0.0234,0.1161,0.3481
5416,5.416,0.0005,-0.0004,-0.0195,-0.0285,0.0938,0.1744
5417,5.417,-0.0033,-0.0046,-0.0219,-0.0424,0.277,0.6502
5418,5.418,-0.0007,-0.0017,-0.0251,-0.0256,0.4002,0.8426
5419,5.419,0.0005,0.0031,-0.0247,-0.0145,0.1984,0.4358
5420,5.42,-0.0015,0.0014,-0.0301,-0.0207,-0.0463,-0.1467
5421,5.421,-0.0011,0.0066,-0.0251,-0.0263,-0.0799,-0.2255
5422,5.422,0.0028,0.0073,-0.0281,-0.0314,-0.1102,-0.2964
5423,5.423,-0.0019,0.0057,-0.0309,-0.0239,-0.1376,-0.2331
5424,5.424,-0.0014,0.0004,-0.0374,-0.0032,-0.1133,-0.1754
5425,5.425,-0.0008,0.004,-0.033,0.0056,-0.1359,-0.4396
5426,5.426,0.0004,0.0042,-0.0318,-0.0149,-0.4119,-0.9506
5427,5.427,-0.0021,-0,-0.0333,-0.0122,-0.3105,-0.6145
5428,5.428,0.0021,-0.0065,-0.0383,0.0051,-0.0323,0.0422
5429,5.429,0.0016,-0.0039,-0.0363,0.0116,0.0872,0.1375
5430,5.43,-0.0009,-0.0017,-0.0366,-0.0068,0.1237,0.2239
5431,5.431,-0.0039,0.0032,-0.0305,-0.0044,0.1567,0.3019
5432,5.432,-0.006,0.0002,-0.0156,0.0068,0.1271,0.2322
5433,5.433,-0.0009,-0.0027,0.0082,0.0047,0.1001,0.2965
5434,5.434,-0.0002,0.0021,0.0172,0.0103,0.3218,0.8196
5435,5.435,0.0003,0.0016,0.0193,0.0086,0.2922,0.7498
5436,5.436,-0.0026,0.0045,0.0266,0.0161,0.1021,0.1733
5437,5.437,-0.0031,-0.0032,0.0282,0.0175,-0.071,-0.2153
5438,5.438,-0.0035,-0.0064,0.0252,0.0211,-0.094,-0.2869
5439,5.439,-0.0038,-0.0054,0.0306,0.0267,-0.1147,-0.2239
5440,5.44,-0.0028,-0.008,0.0317,0.0236,-0.1335,-0.2826
5441,5.441,-0.0004,-0.0021,0.0327,0.0171,-0.0833,-0.2303
5442,5.442,-0.0055,-0.0042,0.0336,0.0179,-0.2517,-0.6628
5443,5.443,-0.0007,0.0022,0.0233,0.0125,-0.4088,-0.9538
5444,5.444,-0.0012,0.0031,0.0264,0.0145,-0.185,-0.3725
5445,5.445,-0.0007,0.0009,0.029,0.0086,0.0243,0.1709
5446,5.446,0.0028,0.0002,0.0274,0.0093,0.1062,0.1023
5447,5.447,0.0039,0.006,0.0372,0.0057,0.1311,0.1673
5448,5.448,0,0.0038,0.0408,-0.0038,0.1091,0.2259
5449,5.449,0.0025,0.0046,0.0517,-0.019,0.1296,0.279
5450,5.45,0.0013,0.0015,0.0374,-0.021,0.1481,0.4233
5451,5.451,0,0.0032,0.0092,-0.0266,0.4006,0.9914
5452,5.452,0.0058,0.0038,-0.0191,-0.0452,0.2926,0.6046
5453,5.453,-0.0002,-0.0004,-0.0229,-0.0329,-0.0034,0.111
5454,5.454,0.0004,-0.0009,-0.02,-0.0173,-0.0438,-0.2104
5455,5.455,0.0053,0.0038,-0.023,-0.0031,-0.0803,-0.2696
5456,5.456,0.001,-0.0004,-0.0151,-0.0049,-0.1134,-0.2176
5457,5.457,0.0015,-0.002,-0.0128,-0.0033,-0.1435,-0.2662
5458,5.458,-0.0021,-0.0015,-0.0107,0.0044,-0.1165,-0.2231
5459,5.459,0,-0.0011,-0.0127,0.0057,-0.3383,-0.8188
5460,5.46,-0.0004,-0.0059,0.0152,0.0145,-0.3683,-0.7342
5461,5.461,-0.0014,-0.0053,0.0352,0.0113,-0.124,-0.1917
5462,5.462,-0.0025,-0.0048,0.0389,0.006,0.1065,0.1615
5463,5.463,0.0025,-0.0012,0.0422,0.0105,0.0774,0.2267
5464,5.464,0.0031,-0.0054,0.0573,0.0079,0.159,0.2853
5465,5.465,-0.0011,-0.0014,0.0494,0.0131,0.1348,0.3386
5466,5.466,0.0005,-0.0039,0.0125,0.0124,0.1127,0.1948
5467,5.467,0.001,-0.0017,-0.0031,0.0166,0.255,0.5879
5468,5.468,-0.0042,0.0012,0.002,0.0125,0.3848,0.8524
5469,5.469,-0.0049,0.0022,-0.002,0.015,0.1997,0.4197
5470,5.47,-0.0019,-0.0031,-0.0055,0.0081,-0.0228,-0.105
5471,5.471,-0.0048,-0.0009,-0.0085,0.0009,-0.1128,-0.1769
5472,5.472,-0.0033,0.0041,-0.0112,-0.0018,-0.1403,-0.2418
5473,5.473,-0.0085,0.0024,-0.0078,-0.0095,-0.116,-0.3006
5474,5.474,-0.0065,0.0019,-0.0099,-0.0147,-0.1385,-0.2483
5475,5.475,-0.0048,0.0024,-0.0069,-0.0025,-0.1183,-0.3926
5476,5.476,0.0004,0.002,-0.0085,-0.0007,-0.3961,-0.9609
5477,5.477,0.0039,0.0017,-0.0098,0.0009,-0.2772,-0.5743
5478,5.478,0.0022,0.002,-0.0109,-0.0116,-0.0242,-0.0809
5479,5.479,0.0026,-0.0032,-0.0118,-0.0267,0.0751,0.2406
5480,5.48,0.0052,-0.0054,-0.0126,-0.0165,0.1054,0.2996
5481,5.481,0.0039,-0.0006,-0.0048,-0.0034,0.1328,0.2474
5482,5.482,0.0042,-0.0022,-0.0077,0.0085,0.1086,0.2959
5483,5.483,0.0032,-0.0039,-0.0101,0.007,0.0865,0.2525
5484,5.484,0.0035,-0.0034,-0.0102,0.003,0.3512,0.8481
5485,5.485,-0.0002,0.0016,-0.0067,0.0019,0.3154,0.7634
5486,5.486,-0.0006,0.0023,-0.0067,0.0009,0.0854,0.2208
5487,5.487,-0.0018,0.0006,-0.0066,-0.0021,-0.0644,-0.1323
5488,5.488,-0.0021,-0.0023,-0.0052,0.0044,-0.092,-0.1977
5489,5.489,0.0003,-0.0048,-0.0087,0.0122,-0.1169,-0.2565
5490,5.49,0.004,-0.0036,-0.0109,0.0092,-0.1394,-0.3099
5491,5.491,0.0043,0.0002,-0.0088,0.0084,-0.0787,-0.1661
5492,5.492,0.0023,0.005,-0.0103,0.0126,-0.2453,-0.6467
5493,5.493,0.0059,0.0055,-0.0118,0.012,-0.4023,-0.9669
5494,5.494,0.0071,0.006,-0.0102,0.0056,-0.219,-0.4436
5495,5.495,0.0091,0.0025,-0.0058,-0.0073,0.0035,0.0503
5496,5.496,0.0066,0.0021,-0.0069,-0.024,0.0936,0.2439
5497,5.497,0.0014,0.001,-0.0087,-0.0352,0.1212,0.3029
5498,5.498,-0.0023,0.0028,-0.0087,-0.0413,0.146,0.2508
5499,5.499,-0.0016,0.0012,-0.0074,-0.0172,0.1239,0.2033
5500,5.5,-0.0058,0.0022,-0.0104,0.0126,0.1443,0.422
5501,5.501,0.0007,0.0008,-0.0055,0.0086,0.4221,0.9383
5502,5.502,-0.0018,0.0042,-0.0095,0.005,0.3033,0.587
5503,5.503,-0.0011,0.002,-0.0123,0.0017,0.0504,0.0102
5504,5.504,-0.0031,0.0008,-0.0096,-0.0071,-0.1145,-0.2234
5505,5.505,-0.0014,-0.001,-0.0099,0.0009,-0.0852,-0.2948
5506,5.506,-0.0018,-0.0034,-0.0111,0.0033,-0.1126,-0.2317
5507,5.507,0.0007,0.0017,-0.0146,-0.008,-0.1374,-0.2903
5508,5.508,0.002,-0.0018,-0.0176,0.0021,-0.1153,-0.238
5509,5.509,-0.0019,-0.0001,-0.0165,0.0151,-0.3392,-0.8626
5510,5.51,0.0007,-0.0018,-0.0169,0.0167,-0.3692,-0.778
5511,5.511,0.0011,0.0007,-0.0131,0.006,-0.125,-0.2355
5512,5.512,-0.0017,-0.0004,-0.0167,-0.001,0.0398,0.2582
5513,5.513,0.0041,0.006,-0.0157,0.0001,0.1298,0.1956
5514,5.514,-0.0001,-0.0004,-0.017,-0.001,0.1031,0.2543
5515,5.515,0.0006,0.0004,-0.0115,0.0062,0.1278,0.3076
5516,5.516,-0.0013,0.0011,-0.0176,0.0126,0.1056,0.1638
5517,5.517,-0.0008,0.006,-0.0202,-0.0003,0.2478,0.557
5518,5.518,-0.0012,-0.0009,-0.0254,-0.0096,0.4145,0.9269
5519,5.519,0.0014,-0.0001,-0.0315,-0.0147,0.2127,0.3981
5520,5.52,0.0003,-0.0026,-0.025,-0.0286,-0.032,-0.0957
5521,5.521,0.0032,-0.0004,-0.0245,-0.0118,-0.1313,-0.1613
5522,5.522,-0.0003,-0.004,-0.0241,0.0038,-0.1021,-0.2203
5523,5.523,-0.0024,-0.0009,-0.0238,0.0058,-0.1296,-0.2739
5524,5.524,-0.0012,-0.0014,-0.0262,0.0002,-0.1054,-0.2264
5525,5.525,0.0031,-0.004,-0.0309,0.0086,-0.1728,-0.3576
5526,5.526,-0.0009,0.0029,-0.0342,0.001,-0.4374,-0.9533
5527,5.527,-0.0011,-0.0023,-0.0322,-0.0051,-0.2918,-0.6007
5528,5.528,-0.0006,-0.0013,-0.0332,-0.0091,-0.0389,-0.0036
5529,5.529,0.0017,-0.0005,-0.0285,-0.0054,0.1259,0.2299
5530,5.53,0.0014,-0.0014,-0.0296,0.0071,0.0965,0.3012
5531,5.531,-0.0005,-0.0036,-0.0306,0.0156,0.1238,0.2378
5532,5.532,0.0035,-0.0001,-0.0222,0.008,0.0994,0.2963
5533,5.533,-0.0032,-0.0006,-0.0036,0.0094,0.0772,0.2437
5534,5.534,-0.0005,-0.0001,0.0097,0.0006,0.3417,0.7723
5535,5.535,-0.003,0.0014,0.0266,-0.0004,0.3778,0.7024
5536,5.536,-0.0037,-0.0017,0.0328,0.0026,0.1477,0.2539
5537,5.537,-0.0001,-0.0014,0.0385,0.0035,-0.0617,-0.1544
5538,5.538,-0.0018,-0.001,0.0475,-0.0077,-0.0895,-0.2087
5539,5.539,-0.0013,0.0042,0.0455,-0.0061,-0.1144,-0.2576
5540,5.54,-0.0018,-0.0043,0.0222,-0.0047,-0.1371,-0.302
5541,5.541,-0.0069,-0.0054,0.0187,-0.0035,-0.0765,-0.1836
5542,5.542,-0.0033,-0.0024,0.0096,-0.0046,-0.2432,-0.5806
5543,5.543,0.0025,-0.0032,0.0285,-0.0118,-0.4002,-0.9508
5544,5.544,0.0003,-0.0007,0.0307,-0.0034,-0.217,-0.5184
5545,5.545,0.0023,0.0014,0.046,0.0022,0.0054,0.0062
5546,5.546,-0.002,0.0021,0.056,0.0053,0.0954,0.2185
5547,5.547,-0.0048,-0.0037,0.069,0.008,0.1228,0.2833
5548,5.548,0.0019,0.0032,0.0502,0.0139,0.1477,0.3419
5549,5.549,0.001,-0.0014,0.013,0.0145,0.1255,0.2895
5550,5.55,-0.0032,0.0011,-0.0136,0.0081,0.1459,0.4338
5551,5.551,-0.0039,0.0017,0.0007,0.0108,0.3866,0.9145
5552,5.552,-0.0033,0.001,-0.0036,0.013,0.2883,0.595
5553,5.553,0.0009,-0.0008,0.0003,0.018,0.0193,0.0705
5554,5.554,-0.002,-0.0013,-0.0032,0.0197,-0.0896,-0.1419
5555,5.555,-0.0026,-0.0092,0.0068,0.0226,-0.123,-0.2069
5556,5.556,-0.0038,-0.0124,-0.0019,0.0222,-0.0935,-0.2656
5557,5.557,-0.0009,-0.0094,0.0064,0.021,-0.1208,-0.3187
5558,5.558,0.0016,-0.0031,0.0043,0.0146,-0.0964,-0.271
5559,5.559,-0.0002,0.0028,0.0023,0.0025,-0.3429,-0.8389
5560,5.56,0.0008,0.0005,0.0005,0.0008,-0.3759,-0.762
5561,5.561,-0.0011,0.004,-0.0048,0.0024,-0.167,-0.2689
5562,5.562,0.0001,0.0023,-0.0027,0.001,0.0778,0.1804
5563,5.563,-0.0012,0.004,0.0022,-0.0154,0.1112,0.2399
5564,5.564,-0.0022,0.0065,0.0013,-0.0265,0.1414,0.2935
5565,5.565,-0.0009,0.0095,0.0005,-0.0285,0.1688,0.246
5566,5.566,-0.0037,0.0091,-0.0001,-0.0266,0.0953,0.2027
5567,5.567,-0.008,0.0048,-0.0048,-0.0283,0.2522,0.5602
5568,5.568,-0.0075,0.0065,-0.0035,-0.0359,0.3948,0.8968
5569,5.569,-0.0028,0.0029,-0.0071,-0.0567,0.2281,0.4162
5570,5.57,-0.0012,-0.0002,-0.0073,-0.0538,-0.019,-0.033
5571,5.571,0.0028,-0.0042,-0.0087,-0.018,-0.0524,-0.2088
5572,5.572,0.0002,0.0026,-0.0064,0.0062,-0.1421,-0.2623
5573,5.573,0.0013,0.0034,-0.0087,0.0194,-0.1153,-0.311
5574,5.574,0.0025,0.0042,-0.0116,0.0076,-0.1399,-0.2677
5575,5.575,0.0049,0.002,-0.0067,-0.0032,-0.1623,-0.3867
5576,5.576,0.0073,0.0026,-0.01,0,-0.4268,-0.9279
5577,5.577,0.0082,0.0043,-0.0109,0.0029,-0.3188,-0.5413
5578,5.578,0.008,0.0002,-0.0079,0.0002,-0.0228,-0.0477
5579,5.579,0.0063,-0.0033,-0.0052,-0.0022,0.0969,0.2737
5580,5.58,0.003,-0.0064,-0.0019,-0.0045,0.1336,0.2168
5581,5.581,0.0009,-0.0052,-0.0064,0.0097,0.1012,0.2704
5582,5.582,0.0034,-0.001,-0.0093,0.0115,0.1314,0.2228
5583,5.583,0.0066,0.0007,-0.0065,0.0064,0.1045,0.2667
5584,5.584,0.0026,0.0002,-0.0015,0.0109,0.3265,0.783
5585,5.585,-0.001,-0.0029,-0.0024,0.015,0.3565,0.7132
5586,5.586,0.0032,-0.0032,-0.0052,0.0087,0.1124,0.2647
5587,5.587,0.0003,0.001,-0.0057,0.0118,-0.0523,-0.1436
5588,5.588,0.0008,0.0005,-0.0079,0.0087,-0.0826,-0.1977
5589,5.589,-0.0023,0.0021,-0.0022,0.006,-0.1098,-0.2465
5590,5.59,-0.002,0.0009,-0.0065,0.0086,-0.1345,-0.2907
5591,5.591,-0.003,-0.0003,-0.0065,0.0108,-0.1122,-0.1722
5592,5.592,0.0001,-0.0045,-0.0077,0.0073,-0.2138,-0.5691
5593,5.593,-0.0019,-0.0016,-0.0088,0.0032,-0.4175,-0.9392
5594,5.594,0.0023,0.002,-0.0096,0.0037,-0.2277,-0.4105
5595,5.595,-0.0017,-0.0011,-0.0064,0.0074,0.0441,0.0831
5596,5.596,-0.0022,0.0028,-0.0071,0.0005,0.081,0.2765
5597,5.597,-0.001,0.0024,-0.0071,-0.0004,0.1143,0.2194
5598,5.598,0.0001,0.0036,-0.0059,-0.0089,0.1445,0.273
5599,5.599,-0.0024,0.0056,-0.0065,-0.0078,0.1178,0.2256
5600,5.6,0.0015,-0.0001,-0.0052,-0.0108,0.1425,0.3569
5601,5.601,-0.0032,0.0008,-0.0075,-0.008,0.3892,0.9527
5602,5.602,0.0037,-0.0029,-0.0113,0.0032,0.291,0.5274
5603,5.603,-0.0009,0.0007,-0.0109,0.0048,0.022,-0.0156
5604,5.604,-0.0034,-0.0023,-0.0106,-0.0048,-0.0868,-0.2282
5605,5.605,-0.0027,-0.0018,-0.0078,-0.0035,-0.1201,-0.2933
5606,5.606,-0.0021,0.0018,-0.0037,0.0091,-0.1501,-0.236
5607,5.607,-0.0015,0.004,-0.0055,0.0108,-0.1232,-0.2893
5608,5.608,-0.001,-0.0024,-0.0072,0.0093,-0.0988,-0.2416
5609,5.609,-0.0015,0.0004,-0.0105,0.0053,-0.3453,-0.8096
5610,5.61,-0.0027,0.0013,-0.0155,0.0041,-0.3782,-0.7328
5611,5.611,-0.0015,-0.0009,-0.0141,0.0052,-0.1094,-0.2398
5612,5.612,-0.0011,-0.0028,-0.0196,-0.0063,0.0717,0.2094
5613,5.613,0.0035,-0.0023,-0.0164,-0.0079,0.1052,0.2688
5614,5.614,0.004,0.0019,-0.0151,0.0074,0.1354,0.3222
5615,5.615,-0.0001,-0.0016,-0.0195,-0.0028,0.1087,0.2747
5616,5.616,0.0015,0.0015,-0.0204,-0.0046,0.0844,0.2312
5617,5.617,0.0037,0.0035,-0.0239,-0.0097,0.2413,0.5886
5618,5.618,0.0085,0.0026,-0.0196,-0.0143,0.4247,0.9251
5619,5.619,0.0042,-0.0026,-0.0143,-0.0102,0.2029,0.4443
5620,5.62,0.0026,-0.0004,-0.0217,0.0037,-0.0064,-0.1329
5621,5.621,0.0011,0.0017,-0.0195,0.0019,-0.0883,-0.2119
5622,5.622,-0.0001,0.0022,-0.0209,0.007,-0.1132,-0.2831
5623,5.623,0.0003,-0.0054,-0.0192,0.0056,-0.1359,-0.3479
5624,5.624,0.0013,-0.0001,-0.0233,0.0043,-0.1158,-0.2904
5625,5.625,0.0003,-0.0028,-0.0255,0.0131,-0.1344,-0.3435
5626,5.626,-0.0047,-0.0036,-0.0243,0.0188,-0.3869,-0.9683
5627,5.627,-0.004,-0.0058,-0.0243,0.0218,-0.2789,-0.543
5628,5.628,0.0004,-0.0015,-0.0247,0.029,-0.056,-0.045
5629,5.629,-0.0013,-0.0008,-0.0256,0.0205,0.1089,0.1888
5630,5.63,-0.0029,-0.0003,-0.0308,0.0102,0.0797,0.26
5631,5.631,-0.0004,0.0014,-0.0283,0.0006,0.1071,0.3244
5632,5.632,-0,-0.0001,-0.0293,-0.0081,0.1319,0.2669
5633,5.633,-0.0012,0.0021,-0.022,0.0022,0.1098,0.2143
5634,5.634,0.0007,-0.0043,-0.0054,0.0063,0.3336,0.8388
5635,5.635,0.0004,0.0022,0.0165,-0.0024,0.3636,0.7539
5636,5.636,0.0014,0.0014,0.0248,-0.008,0.1194,0.2112
5637,5.637,0,-0.0023,0.0271,-0.0174,-0.111,-0.142
5638,5.638,0.0012,0.0026,0.0194,-0.0363,-0.1414,-0.2075
5639,5.639,0.0019,0.0021,0.0256,-0.05,-0.1147,-0.2664
5640,5.64,-0.001,0.0038,0.0354,-0.0427,-0.1394,-0.32
5641,5.641,-0.0052,0.0053,0.0369,-0.0316,-0.0724,-0.1763
5642,5.642,-0.0128,0.0023,0.0416,-0.0377,-0.2147,-0.5697
5643,5.643,-0.0138,0.0011,0.0398,-0.0284,-0.4184,-0.9398
5644,5.644,-0.0092,-0.0014,0.0326,-0.0098,-0.2287,-0.4113
5645,5.645,-0.005,-0.0067,0.036,0.0025,0.043,0.0823
5646,5.646,0.002,0.0003,0.0414,0.0091,0.0798,0.1478
5647,5.647,0.0029,-0.0024,0.0402,0.007,0.1131,0.2067
5648,5.648,0.0003,0.0001,0.0503,0.005,0.1432,0.2601
5649,5.649,0.0025,0.0008,0.0571,0.0134,0.1164,0.2125
5650,5.65,0.0046,-0.0012,0.0457,-0.0005,0.1411,0.3435
5651,5.651,0.0088,0.003,0.0226,-0.0099,0.4325,0.9391
5652,5.652,0.0071,-0.0023,-0.0138,-0.015,0.3138,0.6841
5653,5.653,0.0087,-0.0016,-0.0091,-0.0044,0.0609,0.1411
5654,5.654,0.0017,-0.0021,-0.0047,0.0136,-0.1039,-0.2123
5655,5.655,-0.0035,0.0031,-0.0085,0.0159,-0.0747,-0.2775
5656,5.656,0.0029,-0.0018,-0.0049,0.0092,-0.1021,-0.3362
5657,5.657,0.0004,-0.0013,-0.0015,0.0072,-0.1268,-0.2839
5658,5.658,-0.0003,0.0015,-0.0043,0.0016,-0.1045,-0.236
5659,5.659,-0.001,-0.0052,-0.0015,0.01,-0.3283,-0.8039
5660,5.66,0.0033,-0.0044,0.0059,0.0176,-0.3582,-0.7269
5661,5.661,-0.002,-0.0036,-0.0006,0.0135,-0.114,-0.2339
5662,5.662,-0.0013,-0.0058,-0.0025,0.0123,0.051,0.2157
5663,5.663,-0.0008,-0.0052,-0.0042,0.0112,0.0815,0.2753
5664,5.664,-0.0002,-0.0009,-0.0023,0.0141,0.109,0.329
5665,5.665,0.0013,0.0007,-0.0067,0.0149,0.1339,0.2817
5666,5.666,0.0001,0.0022,-0.0024,0.0089,0.1119,0.2385
5667,5.667,0.0005,0.0019,-0.0033,0.0066,0.2137,0.596
5668,5.668,0.0041,-0.0002,-0.004,-0.0013,0.4176,0.9329
5669,5.669,-0.0002,0.0055,-0.0047,0.0017,0.228,0.4524
5670,5.67,-0.0007,-0.0004,-0.0017,0.0062,-0.0436,-0.1246
5671,5.671,-0.0002,0.0018,-0.0056,0.0087,-0.0803,-0.2033
5672,5.672,-0.0032,0.0053,-0.0074,0.0093,-0.1135,-0.2744
5673,5.673,-0.0003,0.007,-0.0091,0.0113,-0.1435,-0.3389
5674,5.674,-0.0007,0.0017,-0.007,0.007,-0.1166,-0.2812
5675,5.675,-0.001,-0.0004,-0.0083,0.0053,-0.1412,-0.334
5676,5.676,0.0006,-0.0021,-0.0074,0.0059,-0.3877,-0.9585
5677,5.677,-0.0024,-0.0027,-0.0073,0.001,-0.2893,-0.7033
5678,5.678,-0.0036,-0.0022,-0.0097,-0.0025,-0.0801,-0.0052
5679,5.679,0.0006,-0.0052,-0.0068,-0.0066,0.1104,0.2776
5680,5.68,-0.0011,-0.0024,-0.0115,-0.0118,0.0865,0.1939
5681,5.681,-0.0016,-0.0028,-0.0163,-0.0154,0.1092,0.2721
5682,5.682,-0.0004,0.0025,-0.0152,-0.0137,0.1298,0.343
5683,5.683,-0.0001,0.0018,-0.0142,-0.0165,0.0745,0.2797
5684,5.684,0.0024,0.0024,-0.0142,-0.0087,0.327,0.803
5685,5.685,0.0014,-0.0006,-0.0122,-0.0077,0.3632,0.7335
5686,5.686,-0.0016,0.0022,-0.016,-0.0107,0.1333,0.2854
5687,5.687,-0.002,0.0027,-0.0079,-0.0153,-0.076,-0.1229
5688,5.688,0.0004,-0.0004,-0.017,-0.0058,-0.1038,-0.1768
5689,5.689,0.0007,0.0017,-0.0104,-0.0021,-0.1286,-0.3215
5690,5.69,-0.0035,0.0027,-0.0091,0.0011,-0.1511,-0.2783
5691,5.691,0.0023,0.0003,-0.0141,0.0064,-0.0903,-0.239
5692,5.692,-0.0062,0.0033,-0.013,0.0056,-0.2198,-0.5636
5693,5.693,-0.0006,-0.0025,-0.0069,0.0048,-0.4049,-0.9568
5694,5.694,-0.0037,0.0001,-0.0153,0.0071,-0.2325,-0.4808
5695,5.695,-0.0045,-0.0021,-0.0096,0.0107,0.0147,0.0967
5696,5.696,-0.0036,-0.0042,-0.0149,0.0113,0.1139,0.1758
5697,5.697,0.0064,-0.0011,-0.0157,0.0109,0.1442,0.2471
5698,5.698,0.0023,0.0029,-0.0149,0.0084,0.1174,0.312
5699,5.699,0.0035,-0.0028,-0.0156,0.0043,0.1422,0.2547
5700,5.7,0.0004,0.0024,-0.0163,0.006,0.12,0.3079
5701,5.701,0.0014,0.0004,-0.0134,-0.0017,0.4252,0.9329
5702,5.702,-0.0013,-0.0013,-0.0152,0.0016,0.2945,0.6782
5703,5.703,0.0013,0.0063,-0.0232,0.0068,0.0955,0.1355
5704,5.704,0.005,0.0033,-0.0178,0.0023,-0.0855,-0.2175
5705,5.705,0.003,0.0006,-0.021,-0.0088,-0.1189,-0.2825
5706,5.706,0.0035,0.0015,-0.0072,-0.0194,-0.149,-0.3412
5707,5.707,0.0041,0.0037,0.0232,-0.0207,-0.1222,-0.2889
5708,5.708,0.0005,0.0017,0.0361,-0.0093,-0.0979,-0.241
5709,5.709,-0.0037,0.0012,0.0397,-0.0047,-0.2996,-0.809
5710,5.71,-0.002,-0.0016,0.043,0.005,-0.3811,-0.8867
5711,5.711,0.0016,-0.0031,0.0329,0.0164,-0.1591,-0.2528
5712,5.712,-0.0014,-0.0061,0.0056,0.0118,0.0502,0.1747
5713,5.713,-0.0053,0.0003,-0.0056,0.0132,0.0779,0.2534
5714,5.714,-0.0037,-0.0005,-0.0027,0.0144,0.1028,0.3245
5715,5.715,-0.0049,0.0004,-0.0118,0.0221,0.1253,0.2613
5716,5.716,-0.002,-0.0003,-0.0148,0.0127,0.1052,0.2037
5717,5.717,0.0023,0.0018,-0.0127,0.0013,0.2348,0.5734
5718,5.718,0.0028,0.0001,-0.0153,0.0029,0.42,0.9099
5719,5.719,0.0013,-0.0027,-0.0176,0.0069,0.2475,0.4293
5720,5.72,0.0056,0.0009,-0.0161,0.0006,0.0003,-0.02
5721,5.721,0.0016,0.0021,-0.0147,-0.0072,-0.0989,-0.1961
5722,5.722,0.0094,0.0085,-0.0135,-0.0188,-0.1292,-0.25
5723,5.723,0.0038,0.0094,-0.0178,-0.0418,-0.1025,-0.2988
5724,5.724,0.0048,0.0017,-0.0244,-0.0716,-0.1273,-0.2557
5725,5.725,0.0022,0.0027,-0.0237,-0.0517,-0.1498,-0.375
5726,5.726,0.0013,-0.0037,-0.0187,-0.0482,-0.4145,-0.9164
5727,5.727,-0.0008,-0.0028,-0.0198,-0.0318,-0.3065,-0.6847
5728,5.728,-0.0029,-0.0006,-0.0279,0.0073,-0.0763,-0.0506
5729,5.729,0.0009,-0.0021,-0.0245,0.0133,0.0917,0.2222
5730,5.73,0.0026,-0.0014,-0.0217,0.0185,0.122,0.3083
5731,5.731,-0.0015,0.0016,-0.0265,0.0138,0.1494,0.2316
5732,5.732,0.0011,0.0021,-0.0242,0.0094,0.1251,0.3021
5733,5.733,-0.0031,-0.0014,-0.0206,0.0212,0.103,0.2383
5734,5.734,-0.0003,-0.0056,-0.0101,0.0104,0.3268,0.7613
5735,5.735,-0.0008,-0.0003,0.0128,0.0136,0.3568,0.8317
5736,5.736,0.0004,0.0004,0.0225,0.0165,0.167,0.2553
5737,5.737,-0.0008,0.0009,0.0372,0.0138,-0.0555,-0.1334
5738,5.738,-0.0033,-0.0044,0.0345,0.0014,-0.1455,-0.2051
5739,5.739,-0.0009,0.0021,0.032,-0.0052,-0.1729,-0.2701
5740,5.74,-0.002,0.0029,0.0342,0.0049,-0.1486,-0.3291
5741,5.741,-0.0013,-0.0008,0.0403,0.0031,-0.0815,-0.277
5742,5.742,-0.0047,-0.0028,0.0422,0.0115,-0.1832,-0.6137
5743,5.743,-0.0005,0.0014,0.0541,0.01,-0.424,-1.0074
5744,5.744,-0.0034,-0.0038,0.0557,0.0169,-0.1942,-0.4264
5745,5.745,-0.0019,-0.0045,0.0517,0.0131,0.0151,0.1167
5746,5.746,-0.0049,-0.004,0.0329,0.0234,0.0971,0.1884
5747,5.747,-0.0002,-0.0045,-0.0081,0.0164,0.1221,0.2531
5748,5.748,-0.0045,-0.0019,-0.0137,0.005,0.1449,0.3116
5749,5.749,-0.0028,-0.0016,-0.0082,0.0004,0.1248,0.2591
5750,5.75,0.0008,-0.0028,-0.0033,0.0017,0.1435,0.3071
5751,5.751,-0.0035,-0.0017,-0.0074,0.0029,0.3959,0.9623
5752,5.752,-0.003,-0.007,-0.0033,0.0084,0.2881,0.6816
5753,5.753,-0.0005,-0.0048,-0.0065,-0.0032,0.0579,0.0844
5754,5.754,-0.0009,-0.0055,-0.003,-0.0171,-0.0918,-0.1495
5755,5.755,0.0011,0.0003,0.0002,-0.0115,-0.0653,-0.2212
5756,5.756,-0.0031,-0.0004,0.0033,-0.0099,-0.1394,-0.2861
5757,5.757,-0.0037,-0.0011,0.0013,-0.0023,-0.1173,-0.2287
5758,5.758,-0.0012,0.002,0.0083,-0.0009,-0.0971,-0.1763
5759,5.759,-0.0024,0.0014,0.0027,-0.0021,-0.3008,-0.8011
5760,5.76,-0.008,0.0039,-0.0024,-0.0011,-0.3822,-0.8867
5761,5.761,-0.0043,0.0017,-0.0003,0.0019,-0.1602,-0.1895
5762,5.762,-0.0037,0.0029,-0.0074,0.0064,0.0491,0.0931
5763,5.763,0.002,0.0025,-0.0029,0.0005,0.131,0.1796
5764,5.764,-0.0002,0.0078,-0.0036,-0.0032,0.1068,0.2577
5765,5.765,0.0017,0.0008,-0.0041,-0.0082,0.1294,0.3285
5766,5.766,0,0.0035,-0.0067,-0.0177,0.1093,0.2649
5767,5.767,0.0005,0.0026,-0.0053,-0.0025,0.239,0.5555
5768,5.768,0.0062,-0.0011,-0.0023,0.0036,0.4242,0.9256
5769,5.769,0.004,0.0024,-0.0024,0.0091,0.2024,0.493
5770,5.77,0.0004,-0.0006,-0.0082,-0.0027,-0.0068,-0.0316
5771,5.771,-0.0013,-0.0012,-0.0068,-0.0043,-0.0887,-0.2438
5772,5.772,0.0051,0.0024,-0.0069,0.0053,-0.1137,-0.3088
5773,5.773,0.0008,0.0002,-0.0056,0.0064,-0.1363,-0.2514
5774,5.774,0.0014,-0.0002,-0.0081,-0.0086,-0.1162,-0.3046
5775,5.775,0.0021,-0.0012,-0.0034,-0.0148,-0.1348,-0.3528
5776,5.776,0.0037,-0.0002,-0.0063,-0.0093,-0.3873,-0.9208
5777,5.777,0.0032,0.0021,-0.0069,-0.0077,-0.3515,-0.689
5778,5.778,0.0026,0.0028,-0.0066,-0.0184,-0.0557,-0.0548
5779,5.779,0.0038,0.0057,-0.0049,-0.0224,0.064,0.2022
5780,5.78,0.0034,0.0038,-0.0059,-0.0111,0.1006,0.2808
