Frame,Time,EMG_1,EMG_2,EMG_3,EMG_4,EMG_5,EMG_6
0,0,0.002,-0.0015,-0.0011,0.0005,-0.0803,-0.1349
1,0.001,0.0039,-0.0037,-0.0002,0.0016,-0.008,-0.093
2,0.002,0.0015,-0.0016,0.0035,-0.0014,-0.2088,-0.3691
3,0.003,-0.0001,0.0002,-0.0014,-0.0021,-0.2883,-0.7598
4,0.004,0.0017,0.0042,0.0016,0.0021,-0.067,-0.2834
5,0.005,0.0029,-0.0005,0.0011,0.0028,0.1389,0.1607
6,0.006,-0.0008,0.0026,-0.0014,0.0009,0.1627,0.329
7,0.007,-0.0033,-0.0002,-0.0044,-0.0059,0.1835,0.3749
8,0.008,-0.0021,0.0033,0.002,-0.0031,0.2019,0.4152
9,0.009,-0.0009,-0.0008,0.0011,-0.0005,0.1376,0.3644
10,0.01,-0.0019,-0.0013,-0.0047,-0.0041,0.2625,0.3963
11,0.011,-0.0021,0.0023,0.0005,-0.0005,0.441,0.9242
12,0.012,-0.0018,0.0027,0.0012,0.0013,0.2638,0.6814
13,0.013,-0.0011,0.0024,0.0054,0.0018,0.0147,0.1829
14,0.014,-0.0009,0.0014,0.0014,-0.0017,-0.0202,-0.14
15,0.015,-0.0002,-0.0037,0.0019,-0.0058,-0.0515,-0.1998
16,0.016,0.003,-0.0014,0.0007,-0.004,-0.0795,-0.2535
17,0.017,0.0018,0.0006,-0.0005,-0.0044,-0.0562,-0.2068
18,0.018,0.0051,-0.0013,0.0005,-0.0003,-0.0844,-0.126
19,0.019,-0.0013,0.0004,0.0048,-0.0014,-0.3293,-0.6034
20,0.02,-0.0004,-0.0012,0.0007,-0.0052,-0.2302,-0.7906
21,0.021,0.0004,-0.0027,0.0042,-0.0036,-0.0225,-0.2671
22,0.022,0.0011,0.0004,-0.0008,0.0033,0.1108,0.2212
23,0.023,-0.0009,-0.006,0.0012,-0.0039,0.1328,0.2805
24,0.024,-0.0004,0.0025,0.0017,0.0026,0.1522,0.3328
25,0.025,0.0001,-0.0007,-0.0012,0.0001,0.1292,0.3793
26,0.026,0.0016,-0.0036,0.0003,0.0053,0.1083,0.2304
27,0.027,-0.0006,-0.0009,0.0025,0.006,0.3226,0.5285
28,0.028,0.0006,-0.0034,0.0028,0.0065,0.3478,0.8752
29,0.029,0.0047,0.0036,-0.0007,0.0059,0.1549,0.4359
30,0.03,0.0007,0.0009,0.0035,0.0064,-0.0681,0.0251
31,0.031,0.0012,0.0017,-0.0006,0.0124,-0.0987,-0.2402
32,0.032,0.0008,0.0024,-0.0011,0.0046,-0.126,-0.1932
33,0.033,-0.0012,-0.004,-0.0053,-0.0048,-0.1504,-0.2371
34,0.034,0.0006,-0.0014,-0.0012,-0.0084,-0.0836,-0.1979
35,0.035,0.0002,-0.0021,0.0023,-0.0139,-0.1846,-0.2337
36,0.036,-0.0008,-0,0.0001,-0.0107,-0.386,-0.7216
37,0.037,-0.0001,0.0005,-0.0046,-0.0061,-0.2491,-0.6475
38,0.038,0.0015,-0.0035,-0.0041,-0.0035,-0.0273,-0.0716
39,0.039,-0.0022,-0.003,-0.0024,-0.0028,0.0611,0.1589
40,0.04,-0.0007,-0.0008,-0.0009,0.0007,0.1406,0.2264
41,0.041,-0.0037,-0.0028,0.0013,-0.0035,0.1631,0.2868
42,0.042,0.0002,-0.0031,0.0009,-0.0122,0.1391,0.3409
43,0.043,-0.0045,-0.0063,0.0006,-0.0208,0.1172,0.1799
44,0.044,-0.0029,0.0001,-0.0011,-0.0151,0.3913,0.7016
45,0.045,-0.0045,0.0009,-0.0015,-0.0036,0.2697,0.7648
46,0.046,-0.004,-0.0033,-0.0022,0.001,0.0876,0.313
47,0.047,-0.0082,-0.0011,-0.0023,0.005,-0.0768,-0.0952
48,0.048,-0.0053,-0.0031,0.0014,0.0086,-0.1064,-0.2532
49,0.049,-0.0088,0.0026,-0.0022,0.003,-0.1329,-0.2997
50,0.05,-0.0019,0.0032,0.0039,0.002,-0.1078,-0.3414
51,0.051,-0.0009,0.0012,0.0013,0.0065,-0.0851,-0.2999
52,0.052,0.0018,0.0016,-0.004,0.0073,-0.3067,-0.4769
53,0.053,0.0009,0.0021,0.0009,0.0035,-0.3342,-0.8321
54,0.054,0.0061,-0.0026,-0.0021,0.0015,-0.1434,-0.3969
55,0.055,0.004,-0.001,-0.0027,0.0057,0.0785,0.0112
56,0.056,-0.0002,0.0007,-0.0022,-0.0008,0.1081,0.2748
57,0.057,0.0026,0.0002,-0.0052,-0.0016,0.1345,0.2261
58,0.058,0.0021,-0.001,-0.0081,-0.001,0.1095,0.2685
59,0.059,-0.0022,-0.0014,-0.0071,0.0025,0.0866,0.2279
60,0.06,0.0018,-0.0071,-0.0019,-0.0017,0.187,0.2623
61,0.061,0.0013,-0.0148,-0.0012,0.0035,0.3881,0.7495
62,0.062,0.0043,-0.0033,0.0023,0.0014,0.197,0.675
63,0.063,0.0023,-0.0018,0.0028,0.0056,-0.0252,0.0977
64,0.064,0.0012,0.0022,-0.0001,0.0084,-0.1145,-0.1349
65,0.065,0.0022,0.0033,0.0046,0.0036,-0.0872,-0.2048
66,0.066,0.0005,0.0042,0.0015,0.0053,-0.1113,-0.2676
67,0.067,0.0047,0.0052,-0.0003,0.0035,-0.0886,-0.324
68,0.068,0.0016,0.0059,0.0055,0.007,-0.1083,-0.1649
69,0.069,0.0033,0.0084,0.0047,0.0019,-0.3836,-0.6888
70,0.07,0.0058,0.0046,0.004,-0.0016,-0.2631,-0.7544
71,0.071,0.0027,0.0065,0.0035,-0.0033,-0.0818,-0.3042
72,0.072,-0.0002,0.0034,0.0029,-0.0038,0.0825,0.1035
73,0.073,-0.0021,0.0017,0.0044,-0.0053,0.1121,0.2618
74,0.074,0.0003,0.0042,0.0013,-0.0023,0.1385,0.2133
75,0.075,0.002,0.0029,0.0041,-0.0043,0.1135,0.2562
76,0.076,0.0013,-0.0035,0.0005,-0.0001,0.0907,0.2158
77,0.077,0.0014,0.001,-0.0007,-0.0029,0.3126,0.4656
78,0.078,0.0002,-0.0015,0.0049,0.0018,0.3405,0.8871
79,0.079,0.0007,0.0007,-0.0004,0.0048,0.1497,0.4776
80,0.08,-0.002,0.0013,-0.0025,-0.0016,-0.0722,0.001
81,0.081,0.0025,-0.0004,-0.002,-0.0007,-0.1018,-0.1908
82,0.082,0.0008,-0.0021,-0.0015,0.003,-0.1284,-0.2482
83,0.083,0.0003,-0.0036,-0.0031,-0.0034,-0.1522,-0.2996
84,0.084,-0.0002,0.0033,0.002,0.0008,-0.0846,-0.2504
85,0.085,-0.0005,0.0023,-0.0001,0.003,-0.1851,-0.2924
86,0.086,-0.0017,-0.0023,-0.0006,0.0023,-0.3865,-0.8827
87,0.087,-0.0035,-0.0014,-0.0011,-0.0019,-0.1957,-0.6239
88,0.088,-0.0003,0.0008,-0.0026,-0.0024,0.0267,-0.0809
89,0.089,-0.0015,0.0015,0.0034,-0.0029,0.1161,0.2707
90,0.09,0.0011,0.001,-0.0025,0.0022,0.0892,0.2067
91,0.091,-0.0006,-0.0007,-0.0018,-0.0042,0.1136,0.2638
92,0.092,0.0018,-0.0022,-0.0011,0.0017,0.0912,0.3153
93,0.093,-0.0024,-0.0033,-0.0017,-0.0004,0.1112,0.1706
94,0.094,0.0018,-0.0021,-0.0022,-0.004,0.3869,0.6474
95,0.095,-0.0011,-0.001,0.0014,0.0003,0.2668,0.835
96,0.096,-0.0036,0.0022,-0.0017,0.002,0.0856,0.3096
97,0.097,-0.0038,0.0026,-0.0005,-0.0057,-0.0785,-0.1831
98,0.098,0.0009,0.0016,0.0014,-0.0088,-0.1081,-0.2471
99,0.099,0.0014,-0.0016,-0.001,-0.0035,-0.1346,-0.3043
100,0.1,-0.0038,0.0032,0.002,0.0068,-0.1097,-0.2507
101,0.101,-0.0017,-0.0026,0.0024,-0,-0.0869,-0.202
102,0.102,0.0014,-0.0003,0,-0.0012,-0.2685,-0.4183
103,0.103,-0.0038,0.0004,0.0024,-0.0001,-0.3405,-0.9298
104,0.104,0.0026,0.0009,-0.0019,0.0072,-0.1378,-0.4353
105,0.105,0.0018,-0.0019,-0.0024,0.0027,0.0523,0.0136
106,0.106,-0.0004,-0.0034,0.0005,0.0053,0.0771,0.1883
107,0.107,0.0003,-0.0003,0.0031,0.0016,0.144,0.2407
108,0.108,-0.0013,0.0017,0.0019,0.0009,0.1234,0.2878
109,0.109,-0.0018,-0.0001,0.0047,-0.0032,0.1046,0.2432
110,0.11,-0.0022,0.0044,0.0022,0.0021,0.1879,0.2815
111,0.111,-0.0025,0.0049,-0.0031,0.0056,0.385,0.8184
112,0.112,0.0014,-0.0003,-0.0037,0.0014,0.1944,0.5836
113,0.113,-0.0011,0.0017,0.0069,0.002,-0.0278,0.0899
114,0.114,0.005,0.0034,0.0024,-0.0027,-0.1172,-0.2302
115,0.115,0.0008,0.0051,-0.0017,0.0015,-0.0901,-0.1726
116,0.116,-0.0014,0.0004,0.002,0.0011,-0.1142,-0.225
117,0.117,0.0007,-0.0001,0.0031,-0.0057,-0.1361,-0.2723
118,0.118,0.0012,-0.0005,0.0041,0.0028,-0.1153,-0.228
119,0.119,0.001,-0.001,-0.0015,0.0018,-0.3663,-0.6811
120,0.12,-0.0006,-0.0005,0.0031,0.0008,-0.3094,-0.7966
121,0.121,0.0029,0.0007,0.0005,0.0061,-0.0563,-0.3254
122,0.122,0.0018,0.001,-0.0017,0.0052,0.1241,0.1231
123,0.123,0.0046,0,0.0003,0.0027,0.0914,0.1816
124,0.124,0.0049,0.001,-0.0002,0.002,0.1209,0.234
125,0.125,0.0026,-0.004,-0.0007,-0.0044,0.1474,0.2812
126,0.126,0.0049,-0.006,-0.0012,-0.0103,0.0734,0.2367
127,0.127,0.0036,-0.003,-0.0024,-0.0065,0.2737,0.4331
128,0.128,0.0012,0.0011,-0.0021,-0.0016,0.2995,0.7546
129,0.129,0.0008,-0.0037,-0.0063,-0.0011,0.077,0.3596
130,0.13,0.001,-0.0006,-0.0047,0.003,-0.0724,-0.0114
131,0.131,-0.0029,-0.0023,-0.0031,0.0025,-0.0997,-0.1564
132,0.132,-0.0024,-0.0018,-0.0054,-0.0026,-0.1241,-0.2003
133,0.133,0.0001,-0.0007,-0.0074,-0.0005,-0.1017,-0.2396
134,0.134,-0.0059,0.0014,-0.0093,-0.0022,-0.0813,-0.2032
135,0.135,-0.0051,-0.0022,-0.0061,-0.0005,-0.1732,-0.2353
136,0.136,-0.0044,-0.0052,-0.0014,0.002,-0.3903,-0.6798
137,0.137,-0.0037,-0.0116,-0.0019,-0.0011,-0.2403,-0.6136
138,0.138,-0.0032,-0.0124,0.001,0.0001,-0.0499,-0.0891
139,0.139,-0.0015,-0.0065,-0.0016,-0.0024,0.0734,0.2628
140,0.14,-0.002,0.0019,-0.0012,-0.0014,0.0957,0.199
141,0.141,0.001,-0.0037,0.0052,-0.0025,0.1561,0.2565
142,0.142,-0.0019,-0.0109,0.0043,0.0012,0.1371,0.3083
143,0.143,-0.0054,-0.0063,-0.0016,0.0007,0.1531,0.1638
144,0.144,-0.0042,-0.0021,0.0021,-0.0005,0.3809,0.6412
145,0.145,-0.0014,0.0016,0.0057,-0.0025,0.2813,0.8298
146,0.146,0.0011,0.0064,-0.0026,-0.0015,0.0719,0.3048
147,0.147,0.0001,0.0047,0.0006,-0.0032,-0.0641,-0.188
148,0.148,-0.0003,0.003,0.0079,-0.0008,-0.0889,-0.2524
149,0.149,0.0016,0.0054,0.0014,-0.0007,-0.1112,-0.3098
150,0.15,0.0004,0.0076,0.0023,-0.0046,-0.1313,-0.2566
151,0.151,-0.0013,0.0047,0.0016,-0.0134,-0.0757,-0.208
152,0.152,0.0018,0.005,-0.0005,-0.0145,-0.2933,-0.4247
153,0.153,0.0015,0.0053,0,-0.0067,-0.322,-0.858
154,0.154,0.0043,0.0076,0.0017,-0.0078,-0.1317,-0.4495
155,0.155,0.0046,0.0038,0.0012,0.0025,0.0412,0.0274
156,0.156,-0.0007,0.0043,0.0034,0.0038,0.1084,0.2198
157,0.157,-0.0106,0.0012,0.0005,0.0026,0.1284,0.2777
158,0.158,-0.0066,-0.0017,0.0063,0.0035,0.1097,0.2247
159,0.159,-0.0029,0.004,0.0003,0.0045,0.0926,0.2721
160,0.16,-0.0019,0.0032,0.0025,0.009,0.1989,0.2278
161,0.161,0.0033,0.001,0.0019,0.0064,0.4058,0.8201
162,0.162,-0.0031,0.0003,-0.0012,0.0011,0.1963,0.5629
163,0.163,-0.0006,-0.0014,0.0005,0.0046,0.0059,0.1742
164,0.164,0.0016,0.0026,-0.0011,0.0015,-0.1175,-0.178
165,0.165,0.0022,-0.0021,-0.0022,0.0031,-0.0953,-0.2421
166,0.166,0.0038,-0.0005,0.0016,0.0025,-0.1154,-0.2994
167,0.167,-0.0026,-0.0057,-0.0041,0.0013,-0.0972,-0.2469
168,0.168,0.0033,-0.0037,0.0028,-0.0016,-0.1141,-0.1989
169,0.169,-0.0052,0.002,0.0001,0.0026,-0.3436,-0.6792
170,0.17,0.0051,0.0057,0.0026,0.0054,-0.311,-0.8714
171,0.171,0.001,0.0008,0.0033,-0.0024,-0.1019,-0.3476
172,0.172,0.0047,0.0038,-0.0016,0.0008,0.0885,0.1463
173,0.173,0.0057,0.0055,-0.0021,-0.0003,0.1137,0.2119
174,0.174,0.0027,-0.0002,-0.0026,0.0043,0.1363,0.2709
175,0.175,0.0018,-0.0039,-0.0001,0,0.1163,0.3245
176,0.176,0.0043,0.001,-0.0004,0.0006,0.098,0.1811
177,0.177,0.0037,-0.0007,-0.0016,0.0055,0.2832,0.4871
178,0.178,0.0057,0.0022,-0.0006,-0.0015,0.3571,0.845
179,0.179,0.0014,-0.0026,-0.0023,0.0012,0.1104,0.5089
180,0.18,0.0009,-0.003,0.0001,0.0037,-0.0543,0.0273
181,0.181,0.0004,-0.0025,-0.0024,0.0044,-0.0847,-0.1657
182,0.182,0.0026,-0.004,-0,0.0008,-0.112,-0.2243
183,0.183,-0.0022,-0.0028,-0.0004,-0.0009,-0.1367,-0.2772
184,0.184,-0.0005,-0.0008,-0.001,0.0007,-0.1145,-0.2293
185,0.185,-0.0022,0.0028,-0.0034,0.0012,-0.1753,-0.2728
186,0.186,0.0025,-0.0041,0.0004,-0.0019,-0.379,-0.8681
187,0.187,-0.0005,0.0012,-0.0018,-0.0058,-0.1893,-0.6128
188,0.188,-0.0022,0.0004,-0.0014,0.001,-0.0162,-0.0698
189,0.189,-0.0047,0.0013,0.0005,-0.0017,0.0966,0.1428
190,0.19,-0.005,-0.0024,-0.0026,-0.0009,0.1174,0.2081
191,0.191,-0.0021,0.0041,-0.0006,-0.0078,0.1363,0.267
192,0.192,-0.0003,-0.0001,-0.0009,-0.005,0.12,0.3204
193,0.193,0.0008,0.0021,0.0016,-0.0008,0.105,0.1767
194,0.194,-0.0022,0.0001,-0.0021,-0.0045,0.3138,0.6573
195,0.195,0.002,-0.0015,-0.0017,0.0005,0.2844,0.7218
196,0.196,0.0003,-0.001,0.0031,-0.0012,0.0402,0.3147
197,0.197,0.0009,-0.0014,0.0036,0.0005,-0.0588,-0.1623
198,0.198,0.0013,-0.0002,0.0031,0.0041,-0.089,-0.2276
199,0.199,0.0001,-0.0013,-0.0004,0.0053,-0.1162,-0.2864
200,0.2,0.0044,-0.0037,-0.0015,0.0041,-0.1409,-0.2343
201,0.201,0.0027,0.0016,-0.0003,0.0016,-0.0737,-0.1865
202,0.202,-0.0008,-0.0021,0.0033,0.0048,-0.2974,-0.405
203,0.203,-0.0004,0.0015,0.0021,0.0096,-0.3869,-0.9213
204,0.204,0.0008,0.0046,0.0025,0.0001,-0.1426,-0.4291
205,0.205,0.0044,0.0018,-0.001,-0.0039,0.0879,0.0199
206,0.206,0.0033,0.0014,0.0021,0.0024,0.1185,0.1956
207,0.207,-0.0014,0.0017,0.0009,0.0056,0.146,0.2495
208,0.208,-0.0009,0.0014,0.0013,-0.0059,0.1218,0.2981
209,0.209,-0.0037,-0.0028,-0.001,-0.0043,0.0997,0.2548
210,0.21,-0.0022,0.0025,0.0041,-0.0003,0.2014,0.2946
211,0.211,0.0009,-0.001,0.0021,0.0009,0.4053,0.8357
212,0.212,0.0006,-0.0005,0.0016,-0.0068,0.2158,0.6039
213,0.213,0.0003,0.0012,0.0021,0.0005,-0.0066,0.1108
214,0.214,0.0049,0.006,0.0016,0.0013,-0.0965,-0.2105
215,0.215,0.0007,0.003,0.0038,-0.0012,-0.124,-0.2697
216,0.216,0.0012,0.0047,-0,-0.0049,-0.1488,-0.3233
217,0.217,-0.0013,-0.0001,0.0025,0.0015,-0.1266,-0.2759
218,0.218,-0.0016,-0.0006,0.0014,0.0024,-0.1064,-0.1453
219,0.219,-0.0036,-0.0001,-0.0042,0.0002,-0.3842,-0.6615
220,0.22,0.0012,0.0025,0,-0.001,-0.2989,-0.8168
221,0.221,-0.003,-0.0001,0.0008,-0.0003,-0.1,-0.3243
222,0.222,-0.0013,-0.0013,-0.0028,0.0002,0.081,0.1248
223,0.223,-0.0049,-0.0016,0.003,-0.0038,0.1144,0.1842
224,0.224,-0.0026,-0.0026,-0.0022,-0.0033,0.1445,0.2378
225,0.225,-0.0023,-0.0023,-0.0029,-0.003,0.1177,0.2864
226,0.226,-0.0013,-0.0053,-0.0024,0.0026,0.0933,0.1557
227,0.227,-0.0002,-0.0028,-0.0029,0.0048,0.295,0.4336
228,0.228,0.0021,-0.0018,0.0007,0.0069,0.3764,0.9029
229,0.229,-0.0016,-0.0008,-0.0023,0.0038,0.1544,0.4551
230,0.23,0.001,-0.0022,-0.0003,0.0067,-0.0549,-0.0694
231,0.231,0.0032,-0.0005,-0.0013,-0.0001,-0.0826,-0.2818
232,0.232,0.0028,0.0001,0.0004,-0.0028,-0.1075,-0.219
233,0.233,0.0018,-0.0031,-0.0047,0.0031,-0.1301,-0.2778
234,0.234,0.0015,-0.0054,-0.0067,0.0038,-0.11,-0.2256
235,0.235,-0.0002,-0.0066,-0.0062,0.0018,-0.2027,-0.274
236,0.236,-0.0028,-0.0009,-0.0115,0.0012,-0.3878,-0.8421
237,0.237,-0.0052,0.0017,-0.0037,-0.0028,-0.2155,-0.6105
238,0.238,-0.0001,0.0038,-0.0027,-0.0106,-0.0132,-0.1175
239,0.239,-0.0021,-0.0026,-0.0018,-0.0277,0.0686,0.2039
240,0.24,0.0009,-0.0001,0.0007,-0.0204,0.0936,0.263
241,0.241,-0.002,0.002,-0.0045,-0.0139,0.1162,0.3164
242,0.242,0.0005,-0,-0.0025,-0.0078,0.096,0.2687
243,0.243,0.0002,0.003,0.0044,-0.0022,0.0777,0.2253
244,0.244,-0.0038,-0.0023,0.0035,0.0029,0.3301,0.6619
245,0.245,-0.0053,-0.0044,0.001,0.0044,0.2941,0.8364
246,0.246,0.0016,-0.0101,0.0032,0.0057,0.0639,0.3602
247,0.247,-0.0014,-0.0139,-0.0004,0.0069,-0.0858,-0.0891
248,0.248,-0.006,-0.0075,0.0026,0.0125,-0.0593,-0.1487
249,0.249,-0.0035,0.0019,0.0009,0.0094,-0.1333,-0.308
250,0.25,-0.0028,-0.0018,0.0024,0.001,-0.1113,-0.2606
251,0.251,-0.0008,-0.0051,0.0021,-0.0046,-0.0506,-0.2174
252,0.252,-0.0013,-0.0103,0,0.0006,-0.2913,-0.4161
253,0.253,0.0027,-0,0.001,0.0052,-0.3244,-0.8855
254,0.254,0.0012,0.004,0.0007,0.006,-0.1752,-0.4381
255,0.255,0.0023,0.0028,0.0017,0.0098,0.0694,-0.03
256,0.256,0.0052,0.0038,0.0047,0.0048,0.1029,0.2354
257,0.257,0.0001,0.0068,0.0018,0.0053,0.133,0.2844
258,0.258,0.005,0.0076,0.0021,0.0058,0.1603,0.2412
259,0.259,0.0007,0.005,-0.0011,-0.001,0.0867,0.2813
260,0.26,-0.001,0.0043,0.0036,0.0018,0.1987,0.2454
261,0.261,0.0037,0.0036,0.0019,-0.0025,0.382,0.7377
262,0.262,0.002,0.0093,0.0036,0.006,0.2096,0.6679
263,0.263,0.0025,0.0056,-0,0.0049,0.0073,0.0914
264,0.264,0.0009,0.0062,-0.0012,0.0039,-0.0746,-0.1424
265,0.265,0.0051,0.0092,0.0008,-0.0064,-0.0996,-0.2139
266,0.266,-0.0001,0.0052,-0.0043,-0.0105,-0.1223,-0.2786
267,0.267,0.0005,0.0046,-0.0008,-0.0068,-0.1022,-0.3371
268,0.268,-0,0.0049,-0.0025,-0.0036,-0.1208,-0.179
269,0.269,-0.0017,0.0029,-0.003,-0.0025,-0.3732,-0.7076
270,0.27,-0.0002,0.0018,-0.0036,-0.0017,-0.2653,-0.7781
271,0.271,-0.0006,-0.0028,-0.0006,0.0008,-0.1008,-0.3299
272,0.272,-0.0003,0.0015,-0.0009,0.0015,0.1085,0.0785
273,0.273,-0.0006,-0.0014,0.0048,-0.0005,0.0821,0.2383
274,0.274,0.0004,0.0001,-0.0011,0.0011,0.1069,0.2873
275,0.275,0.002,0.0023,-0.0005,-0.0006,0.1296,0.2443
276,0.276,0.0007,-0.0006,0.0015,-0.0041,0.0689,0.2052
277,0.277,0.0005,-0.0042,-0.0027,-0.0029,0.3097,0.4578
278,0.278,-0.0022,-0.0012,0.0037,0.0035,0.3428,0.8848
279,0.279,0.0001,0.0017,-0.0006,0.0008,0.134,0.4782
280,0.28,0.0031,-0.0041,0.0001,0.0016,-0.0562,0.0014
281,0.281,-0.0011,0.0019,-0.0006,-0.0006,-0.0813,-0.1919
282,0.282,-0.0016,-0.0003,0.0036,0.0014,-0.1039,-0.2509
283,0.283,0.0019,-0.0024,0.0041,-0.0003,-0.1244,-0.3042
284,0.284,0.0016,0.0046,0.0015,0.0038,-0.1061,-0.2565
285,0.285,0.0013,-0.0058,0.0027,0.0053,-0.1902,-0.3002
286,0.286,-0.0013,-0.0017,0.0024,-0.0017,-0.3891,-0.8162
287,0.287,0.0004,-0.0029,-0.0034,-0.009,-0.1994,-0.7461
288,0.288,-0.0026,0.0049,-0.0008,-0.0005,-0.0263,-0.1694
289,0.289,0.0016,-0.0023,-0.0002,-0.0016,0.0865,0.2191
290,0.29,-0.0025,-0.005,0.0005,0.0015,0.1073,0.2907
291,0.291,0.0043,-0.0025,0.001,-0.0031,0.1261,0.2275
292,0.292,0.0016,-0.0031,0.0015,-0.0006,0.1097,0.2862
293,0.293,-0.0009,-0.0024,0,0.0016,0.1251,0.2339
294,0.294,-0.0016,-0.0029,0.0004,0.001,0.3338,0.6664
295,0.295,-0.0036,-0.0046,-0.0016,0.0005,0.3044,0.8411
296,0.296,-0.0019,-0.0041,-0.0013,-0.0012,0.0603,0.3652
297,0.297,-0.0002,0.0002,0.0004,-0.0047,-0.1043,-0.0839
298,0.298,0.0013,-0.0027,-0.0019,0.0022,-0.075,-0.2595
299,0.299,0.0001,-0.0011,-0.0026,-0.003,-0.1023,-0.2076
300,0.3,-0.0019,0.0011,-0.0008,-0.0021,-0.127,-0.2562
301,0.301,-0.0044,-0.0044,-0.0025,0.0004,-0.0598,-0.2129
302,0.302,0.0008,0.0025,-0.0038,-0.0018,-0.2835,-0.4115
303,0.303,-0.0029,-0.002,-0.0016,-0.0038,-0.3728,-0.8809
304,0.304,-0.0008,0.0039,-0.0017,0.0045,-0.1286,-0.4333
305,0.305,0.0009,0.0003,-0.0005,-0.0011,0.0363,-0.0252
306,0.306,0.0014,0.001,-0.0017,0.002,0.1263,0.2403
307,0.307,-0.0021,0.0027,-0.003,-0.0007,0.0997,0.1933
308,0.308,0.0021,0.001,-0.0008,-0.0049,0.1246,0.2376
309,0.309,0.0004,0.0016,0.003,0.002,0.1026,0.2776
310,0.31,-0.0001,0.0019,0.0014,-0.0007,0.2044,0.2417
311,0.311,0.0003,0.0023,0.0026,0.0018,0.4082,0.7341
312,0.312,0.0023,0.0013,0.0066,0.0025,0.2186,0.6641
313,0.313,0.0013,-0.0025,0.0018,-0.0011,-0.0038,0.2154
314,0.314,0.0024,-0.001,0.0023,0.002,-0.0937,-0.1928
315,0.315,-0,0.0032,-0.0005,0.0025,-0.1212,-0.2466
316,0.316,0.0019,0.0028,0.001,-0.0011,-0.097,-0.2953
317,0.317,0.002,-0.0008,0.0041,0.0058,-0.1195,-0.2523
318,0.318,0.0009,0.0004,-0.0024,0.0006,-0.0994,-0.2132
319,0.319,0.0007,0.0033,0.0022,0.0014,-0.3772,-0.6823
320,0.32,0.0029,-0.0009,-0.0003,-0.0028,-0.3378,-0.8746
321,0.321,-0.0013,-0.0003,0.0033,0.0014,-0.0736,-0.3202
322,0.322,0.0012,0.0002,0.0026,-0.0008,0.1074,0.0881
323,0.323,0.0029,-0.0023,0.0046,0.0012,0.0752,0.2479
324,0.324,0.0012,0.0028,-0.0011,0.0055,0.1052,0.2968
325,0.325,0.0014,0.0021,0.0011,-0.001,0.1325,0.2538
326,0.326,0.0016,0.0038,0.0004,0.0049,0.0589,0.2146
327,0.327,0.0009,0.0043,0.0035,0.0027,0.3054,0.4672
328,0.328,-0.0004,-0.0015,-0.0018,0.002,0.3384,0.8941
329,0.329,-0.0035,-0.0037,0.0003,-0.001,0.1295,0.4876
330,0.33,-0.0055,-0.0001,-0.0002,-0.0005,-0.0608,0.0106
331,0.331,-0.0058,0.0016,0.0003,0,-0.086,-0.1826
332,0.332,-0.0075,0.0056,-0.0013,0.0051,-0.1087,-0.2417
333,0.333,-0.0024,0.0021,-0.0043,0.0044,-0.1293,-0.295
334,0.334,-0.0017,0.0009,-0.0014,0.0061,-0.1111,-0.3435
335,0.335,0.0025,-0.003,-0.0033,-0.0015,-0.1953,-0.3001
336,0.336,0.003,-0.0025,-0.003,-0.0067,-0.425,-0.8163
337,0.337,0.0025,-0.0056,-0.0006,-0.0076,-0.1953,-0.6058
338,0.338,0.0013,-0.0052,0.0024,0.0002,0.0139,-0.1574
339,0.339,-0.0007,-0.0002,-0.0032,-0.0029,0.0958,0.2509
340,0.34,0.0003,-0.0009,0.0005,-0.0093,0.1207,0.1993
341,0.341,-0.0029,-0.0026,-0.0044,-0.0015,0.1432,0.2482
342,0.342,0.0018,-0.0021,-0.0027,-0.0025,0.0825,0.2923
343,0.343,0.0023,-0.0036,-0.0033,0.002,0.0641,0.1737
344,0.344,0.0018,-0.0024,0.0003,-0.0091,0.3166,0.643
345,0.345,-0.0018,0.0023,-0.0048,-0.0046,0.2807,0.8352
346,0.346,0.0024,-0.0008,-0.0028,-0.0032,0.1161,0.3118
347,0.347,-0.0016,0.0021,-0.0086,-0.002,-0.0336,-0.0412
348,0.348,-0.0031,-0.0015,-0.0064,-0.0052,-0.0613,-0.2344
349,0.349,-0.0035,-0.0046,-0.0071,0.0063,-0.1353,-0.2933
350,0.35,0.0004,-0.0025,-0.0041,0.0047,-0.1132,-0.241
351,0.351,-0.0011,0.001,-0.0001,0.0007,-0.0931,-0.1934
352,0.352,0.001,-0.0032,-0.0026,-0.0005,-0.2597,-0.4119
353,0.353,0.0007,-0.0004,-0.0015,-0.0037,-0.3718,-0.9281
354,0.354,0.0017,-0.0009,0.0005,-0.0007,-0.1479,-0.436
355,0.355,-0.0029,0.0013,0.0002,0.0001,0.0614,0.0132
356,0.356,0.0002,0.0024,0.0047,-0.0007,0.0891,0.1889
357,0.357,-0.0003,0.0014,0.0064,-0.0029,0.114,0.2428
358,0.358,-0.0009,0.0004,0.0035,0.0007,0.1366,0.2914
359,0.359,-0.0012,0.0014,0.006,0.0024,0.1164,0.2483
360,0.36,-0.0016,-0.0029,0.0037,0.0029,0.209,0.2883
361,0.361,-0.0026,-0.0012,0.0041,0.0013,0.3942,0.8297
362,0.362,0.002,0.0016,0.005,-0.0037,0.2218,0.598
363,0.363,0.0025,-0.0019,-0.0002,-0.0002,0.0195,0.1051
364,0.364,0.0008,-0.0016,0.0035,0.0003,-0.0624,-0.2159
365,0.365,0.0003,0.0031,-0.0015,0.0044,-0.0874,-0.1591
366,0.366,0.0033,-0.0012,0.0027,0.0029,-0.1101,-0.2124
367,0.367,-0.0006,0.0041,-0.0002,0.0059,-0.1306,-0.2609
368,0.368,0.0051,-0.0009,-0.0007,0.0063,-0.1123,-0.2175
369,0.369,0.0014,0.0021,0.0015,0.0037,-0.3648,-0.6541
370,0.37,-0.0007,0.0016,0.0026,0.0034,-0.329,-0.8286
371,0.371,-0.0012,-0.0009,0.0001,0.001,-0.0989,-0.3524
372,0.372,0.0005,-0.0013,-0.0003,0.0017,0.1105,0.097
373,0.373,-0.002,0.0007,0.0014,0.0029,0.0839,0.2728
374,0.374,-0.0024,-0.0003,-0.0029,0.0035,0.1087,0.2211
375,0.375,-0.002,-0.0035,-0.0012,0.0003,0.1313,0.2699
376,0.376,0.0015,0.0012,0.0004,-0.0057,0.0705,0.2269
377,0.377,-0.0027,-0.0005,0.0019,0.0002,0.3112,0.4256
378,0.378,-0.0022,0.0059,-0.0011,-0.002,0.3441,0.8952
379,0.379,-0.0017,-0.0001,-0.0008,0.0016,0.1353,0.4479
380,0.38,-0.0021,-0.0053,-0.0005,-0.0042,-0.055,0.0399
381,0.381,0.0035,-0.0018,-0.0029,-0.0049,-0.0802,-0.2256
382,0.382,-0.0035,0.0013,-0.0012,0.0001,-0.1029,-0.2745
383,0.383,0.0011,0.0018,0.003,-0.0082,-0.1236,-0.2312
384,0.384,0.002,0.0012,0.0035,-0.0004,-0.1053,-0.271
385,0.385,0.0013,0.0001,0.0064,0.0026,-0.1895,-0.2349
386,0.386,0.0007,0.0004,-0.0004,-0.002,-0.4192,-0.7271
387,0.387,0.0037,0.0046,0.0005,-0.0079,-0.2552,-0.657
388,0.388,0.0043,0.0041,0.003,-0.0009,0.0139,-0.0803
389,0.389,0.0028,-0.0007,-0.0007,0.0036,0.1226,0.1535
390,0.39,0.0016,-0.0002,0.0014,0.0062,0.0903,0.2252
391,0.391,0.0013,0.0003,-0.0003,0.0009,0.1203,0.2898
392,0.392,0.0032,0.0008,-0.0043,0.0016,0.0934,0.2324
393,0.393,-0.0021,0.003,0.0025,-0.0014,0.118,0.1801
394,0.394,0.0002,0.0059,-0.0039,-0.0031,0.3644,0.6127
395,0.395,-0.0018,0.0063,-0.0013,-0.0026,0.2661,0.7874
396,0.396,-0.0013,0.003,-0.0019,0.0017,0.057,0.3115
397,0.397,0.0016,0.0027,-0.0025,0.0034,-0.0793,-0.1376
398,0.398,0.0021,-0.0015,-0.003,0.0039,-0.1044,-0.197
399,0.399,0.0025,-0.0056,0.0011,0.0027,-0.127,-0.2505
400,0.4,0.0005,-0.0009,-0.0014,0.0007,-0.1476,-0.2991
401,0.401,-0.0014,-0.0051,0.0017,0.0033,-0.0924,-0.2557
402,0.402,0.0025,0.0002,0.0046,0.0036,-0.2775,-0.4543
403,0.403,0.001,-0.0019,0.0056,0.0019,-0.3514,-0.9236
404,0.404,-0.0001,0.0012,0.0053,-0.0023,-0.1496,-0.4761
405,0.405,-0.0005,0.0017,0.0003,-0.0092,0.0407,0.0484
406,0.406,-0.0023,-0.0008,-0.0003,-0.0007,0.1151,0.2606
407,0.407,0.0016,-0.002,-0.002,0.0003,0.1377,0.1976
408,0.408,0.0001,-0.0008,0.0009,0.0034,0.1176,0.2563
409,0.409,-0.0021,-0.0005,-0.0016,0.0007,0.0993,0.2039
410,0.41,0.0026,-0.0037,-0.0004,0.0015,0.1834,0.2521
411,0.411,0.0031,-0.0008,0.0025,-0.01,0.413,0.82
412,0.412,-0.0021,-0.0004,0.0007,-0.0049,0.2488,0.5882
413,0.413,-0.0028,0.002,-0.001,-0.0064,-0.0204,0.2354
414,0.414,0.0015,-0.0024,0.0013,-0.0023,-0.0572,-0.2138
415,0.415,-0.0002,-0.0019,0.0015,0.0014,-0.0905,-0.157
416,0.416,-0.0007,0.0006,-0.0024,0.0046,-0.1206,-0.2105
417,0.417,-0.0019,-0.0024,0.0029,-0.0006,-0.0939,-0.259
418,0.418,0.002,-0.0027,-0.0007,0.0039,-0.1186,-0.2156
419,0.419,0.0004,-0.0024,-0.0024,0.0031,-0.3652,-0.6524
420,0.42,0.0008,-0.0056,0.0028,0.0037,-0.3327,-0.8272
421,0.421,-0.004,0.0009,0.0008,0.0044,-0.0638,-0.3513
422,0.422,-0.0025,0.0031,-0.0025,0.0031,0.0806,0.1409
423,0.423,-0.0008,-0.0033,-0.0008,-0.0039,0.1172,0.2061
424,0.424,0.0021,0.0009,0.0033,-0.003,0.1503,0.265
425,0.425,-0.0015,0.0016,0.0007,-0.0022,0.1206,0.3184
426,0.426,-0.0003,0.0009,0.0029,-0.0044,0.0936,0.1747
427,0.427,-0.0032,0.0014,0.0017,-0.005,0.266,0.3932
428,0.428,0.0003,-0.0026,-0.0009,-0.0034,0.3781,0.9096
429,0.429,-0,-0.0041,-0.0013,-0.0029,0.1541,0.5582
430,0.43,-0.0004,-0.0011,0.0004,0.0007,-0.0552,-0.0187
431,0.431,-0.0001,-0.0014,-0.0022,0.001,-0.083,-0.2524
432,0.432,-0.0053,0.0005,-0.0075,-0.0019,-0.1079,-0.3236
433,0.433,-0.0047,0.0008,-0.0097,0.0039,-0.1305,-0.3882
434,0.434,-0.0096,0.0005,-0.0077,-0.0004,-0.1104,-0.2144
435,0.435,-0.0054,-0.0002,-0.0094,0.0033,-0.1661,-0.2673
436,0.436,-0.0049,0.0037,-0.01,0.0013,-0.4186,-0.7959
437,0.437,-0.0075,-0.0003,-0.0147,-0.0004,-0.2384,-0.5854
438,0.438,-0.0053,0.0032,-0.0079,0.0013,-0.0081,-0.1367
439,0.439,-0.0024,0.0029,-0.0052,0.006,0.082,0.2715
440,0.44,0.0001,0,-0.0027,-0.0023,0.1096,0.22
441,0.441,0.0024,0.0043,-0.0097,0.0033,0.1344,0.2687
442,0.442,-0.002,0.0014,-0.0124,-0.0019,0.1122,0.3127
443,0.443,0.0008,-0.0001,-0.0047,0.0008,0.092,0.1942
444,0.444,0.0033,0.0049,0.0047,-0.0018,0.3698,0.6633
445,0.445,0.0011,0.0014,0.0035,-0.0011,0.3304,0.8555
446,0.446,0.004,0.0009,0.0025,-0.0018,0.0776,0.3319
447,0.447,0.0043,0.0026,0.0034,0.0012,-0.0872,-0.1618
448,0.448,0.0003,0.0041,0.0026,0.0007,-0.1176,-0.2273
449,0.449,0.0061,0.0011,0.0067,-0.0008,-0.0909,-0.2861
450,0.45,0.0067,-0.001,0.006,0.0043,-0.1649,-0.2339
451,0.451,0.0047,-0.0035,0.008,-0.0007,-0.1427,-0.1863
452,0.452,0.0004,-0.0011,0.0085,-0.0024,-0.326,-0.405
453,0.453,0.0044,-0.0028,0.0068,-0.0007,-0.3507,-0.9214
454,0.454,-0.0003,-0.0021,0.0053,-0.0012,-0.1489,-0.4294
455,0.455,0.0013,0.0007,0.0049,-0.0009,0.0414,0.0196
456,0.456,-0.0016,0.0017,0.001,0.0003,0.1158,0.1956
457,0.457,0.0042,-0.0015,0.0057,0.0006,0.1384,0.2493
458,0.458,0.0048,0.0006,0.0074,0.001,0.1183,0.2979
459,0.459,0.0028,-0.0037,0.0033,-0.0034,0.1,0.2547
460,0.46,-0.0003,-0.0008,0.009,0.0006,0.2178,0.2944
461,0.461,0.0037,-0.0043,0.0038,0.0011,0.4168,0.8357
462,0.462,0.0022,-0.0001,0.0017,0.0034,0.2272,0.6039
463,0.463,0.0025,0.0004,0.0034,0.0022,0.0047,0.1107
464,0.464,0.0022,-0.0001,0.0051,0.0003,-0.0854,-0.2106
465,0.465,-0.0004,-0.0013,0.0003,0.0007,-0.113,-0.27
466,0.466,-0.0028,-0.0033,0.002,0.0057,-0.1379,-0.3236
467,0.467,0.0003,0.0025,0.0049,0.0022,-0.1158,-0.2761
468,0.468,0.0006,0.0016,0.0002,0.0064,-0.0957,-0.1456
469,0.469,-0.0018,-0.0036,0.0007,-0.0023,-0.3736,-0.662
470,0.47,0.0006,-0.0015,0.0012,-0.0086,-0.3343,-0.8734
471,0.471,0.002,-0.0046,-0.0003,-0.0053,-0.0816,-0.2975
472,0.472,-0.0009,0.003,0,-0.0106,0.0832,0.0908
473,0.473,-0.0034,0,-0.0047,-0.0041,0.1135,0.1623
474,0.474,-0.0011,0.0027,-0.0004,-0.0049,0.1408,0.2269
475,0.475,-0.0027,-0.0015,-0.0021,0.0003,0.1164,0.2853
476,0.476,-0.0009,0.0007,-0.0005,0.0024,0.0942,0.2328
477,0.477,-0.0015,-0.0013,-0.0017,-0.0007,0.2773,0.3769
478,0.478,0.0002,-0.0043,0.0012,0.0034,0.3512,0.8575
479,0.479,-0.0027,0.0009,-0.0045,0.0029,0.1493,0.5377
480,0.48,0.0016,-0.0011,0.0033,0.0042,-0.0412,0.0131
481,0.481,0.0011,0.0032,-0.004,0.0062,-0.1156,-0.1993
482,0.482,-0.0004,-0.0009,-0.0012,0.0081,-0.0938,-0.2645
483,0.483,-0,0.0006,-0.0054,0.0029,-0.1144,-0.3234
484,0.484,0.002,0.0019,-0.0001,-0.004,-0.0963,-0.2712
485,0.485,0.0017,0.0007,0.0006,-0.0031,-0.1805,-0.2236
486,0.486,-0.0028,0.0049,-0.0011,0.0047,-0.4102,-0.8789
487,0.487,-0.0011,0.0021,0.003,0.0017,-0.2462,-0.5986
488,0.488,0.0006,0.0016,0.0006,0.0044,-0.037,-0.1722
489,0.489,0.0022,0.0028,-0.0006,-0.0014,0.0992,0.2161
490,0.49,0.001,-0.0001,-0.0034,-0.0021,0.1243,0.2875
491,0.491,-0.0018,-0.0019,0.0002,0.0029,0.1023,0.224
492,0.492,-0.0014,-0.0002,-0.0067,-0.0013,0.1228,0.2823
493,0.493,-0.001,0.0001,-0.0014,-0.0018,0.1045,0.2296
494,0.494,-0.0047,-0.0017,-0.0004,-0.0003,0.3569,0.6619
495,0.495,-0.0004,-0.0005,-0.0012,0.002,0.321,0.8363
496,0.496,0.0001,0.0032,-0.0033,0.004,0.0908,0.3602
497,0.497,0.0049,0.0017,-0.0012,0.003,-0.0588,-0.0892
498,0.498,0.0007,-0.0013,-0.0028,-0.0002,-0.0864,-0.2649
499,0.499,0.0025,-0.0001,-0.0022,0.0019,-0.1112,-0.2129
500,0.5,0.001,-0.0027,-0.0007,0.0022,-0.1337,-0.2617
501,0.501,-0.0002,-0.001,0.0006,-0.0016,-0.0729,-0.2186
502,0.502,0.001,0.0014,-0.0014,-0.0042,-0.2767,-0.4172
503,0.503,0.0014,0.0016,-0.001,0.0019,-0.3581,-0.8867
504,0.504,-0.0009,0.0056,0.0023,-0.004,-0.136,-0.5673
505,0.505,-0.0019,0.0003,0.0003,-0.0002,0.0733,0.0733
506,0.506,-0.0012,0.0011,-0.0032,-0.0023,0.1011,0.1599
507,0.507,0.0012,0.0006,0.0019,0.0008,0.126,0.2381
508,0.508,0.0002,-0.0011,-0.0001,-0.0009,0.104,0.3087
509,0.509,0.0004,-0.0016,0.0005,-0.0066,0.0839,0.2452
510,0.51,0.0005,-0.0004,0.0034,-0.0072,0.1766,0.3034
511,0.511,0.0012,-0.0051,0.0009,-0.0023,0.3955,0.7791
512,0.512,-0.002,0.0007,0.0039,-0.0006,0.2466,0.7154
513,0.513,0.0041,0,0.0001,0.0035,0.0021,0.1913
514,0.514,-0.0018,-0.0006,-0.0004,0.0051,-0.0971,-0.162
515,0.515,-0.0011,-0.0011,-0.0001,0.0039,-0.1273,-0.2272
516,0.516,-0.0004,-0.0028,0.002,-0.0025,-0.1005,-0.2858
517,0.517,-0.0021,-0.0002,-0.0031,-0.0016,-0.1252,-0.2336
518,0.518,-0.0037,0.0001,-0.0011,-0.0041,-0.1029,-0.1859
519,0.519,0.002,0.0005,0.002,-0.0034,-0.3674,-0.6663
520,0.52,-0.0049,-0.0005,0.0003,0.0015,-0.3315,-0.8586
521,0.521,-0.0022,0.0019,0.0008,-0.0043,-0.1014,-0.335
522,0.522,0.0004,0.0022,0.0004,-0.0021,0.108,0.1588
523,0.523,-0.0001,0.0002,-0.0031,0.0014,0.0869,0.2171
524,0.524,0.0005,0.0033,-0.0011,-0.0021,0.1143,0.282
525,0.525,0.0012,-0.0014,-0.0001,0.0021,0.1392,0.2248
526,0.526,-0.0004,-0.0009,0.0051,-0.0008,0.0722,0.1727
527,0.527,-0.0033,-0.0014,-0.0033,-0.0055,0.2961,0.4132
528,0.528,0.0003,0.0021,-0.0001,-0.0013,0.3857,0.894
529,0.529,-0.0028,-0,0.0009,0.004,0.1416,0.4467
530,0.53,0.0001,0.0039,0.0017,0.0019,-0.0231,0.0389
531,0.531,-0.0002,-0.0018,-0.0008,0.0002,-0.113,-0.2265
532,0.532,0.0015,-0.0025,-0.0015,0.0018,-0.0862,-0.2754
533,0.533,-0.0002,0.0011,0.0034,-0.006,-0.1109,-0.2322
534,0.534,0.0029,0.0016,0.0016,-0.0092,-0.1333,-0.272
535,0.535,0.0009,0.0021,-0.0048,-0.0062,-0.1943,-0.236
536,0.536,-0.001,-0.0014,0.0011,0.0022,-0.4351,-0.728
537,0.537,-0.0033,-0.0002,0.0004,-0.0011,-0.271,-0.6581
538,0.538,0.0017,0.0027,0.0024,0.0041,-0.0617,-0.2092
539,0.539,0.0038,0.0017,0.0041,0.0033,0.0745,0.1994
540,0.54,-0.0004,-0.0007,0,0.004,0.0997,0.2535
541,0.541,-0.0009,-0.0003,-0.0058,-0.0012,0.1672,0.3025
542,0.542,-0.0015,-0.001,-0.0051,0.0023,0.1472,0.2595
543,0.543,-0.0018,0.0029,-0.0072,0.0064,0.1289,0.2204
544,0.544,-0.0015,-0.0048,-0.0114,0.0081,0.3814,0.6175
545,0.545,-0.0018,-0.0017,-0.005,0.0085,0.2736,0.7764
546,0.546,-0.0008,-0.0044,-0.0025,0.0088,0.0436,0.2475
547,0.547,-0.0018,-0.0002,-0.0003,0.0023,-0.1061,-0.2461
548,0.548,0.0012,-0.0009,0.0017,-0.0062,-0.0796,-0.1835
549,0.549,0.0051,-0.0003,0.0022,-0.0006,-0.1044,-0.2423
550,0.55,0.0026,-0.0033,0.0005,0.0003,-0.0823,-0.2955
551,0.551,0.0003,-0.0086,-0.0021,0.0011,-0.0621,-0.1517
552,0.552,0.0051,-0.0135,0.0001,-0.0015,-0.2658,-0.3701
553,0.553,0.0046,-0.0093,-0.0003,-0.0009,-0.3472,-0.8865
554,0.554,0.0017,-0.0018,0.0007,0.0026,-0.1746,-0.535
555,0.555,0.0001,0.0013,0.0017,0.002,0.0725,0.0419
556,0.556,-0.0021,0.0039,0.0007,-0.0068,0.106,0.2757
557,0.557,0.0018,0.0014,0.0025,-0.0157,0.136,0.2066
558,0.558,0.0033,0.0066,-0.0014,-0.0125,0.1092,0.2711
559,0.559,-0.001,0.003,0.0038,-0.0031,0.0848,0.2137
560,0.56,0.0031,0.006,0.0045,-0.0068,0.1968,0.2668
561,0.561,-0.0005,0.0064,0.004,-0.0013,0.3801,0.7954
562,0.562,-0.0017,0.0049,0.0044,-0.0044,0.2569,0.7256
563,0.563,-0.0005,-0.0021,0.0029,-0.0071,0.0098,0.1492
564,0.564,-0.0016,0.0009,-0.0002,-0.0097,-0.0894,-0.2392
565,0.565,-0.0026,0.0054,0.0001,-0.0075,-0.1197,-0.1702
566,0.566,-0.0002,0.0011,-0.0009,-0.0011,-0.1471,-0.2348
567,0.567,-0.0045,-0.0011,0.0015,0.0066,-0.1228,-0.2934
568,0.568,-0.0003,0.0024,0.0018,0.0076,-0.1007,-0.1353
569,0.569,0.0014,-0.0019,0.0036,0.0084,-0.3654,-0.6638
570,0.57,-0.0002,0.0033,0.0002,0.0109,-0.3296,-0.8751
571,0.571,0.002,0.0012,0.0024,0.0024,-0.0995,-0.2991
572,0.572,-0,0.0017,0.0027,-0.0008,0.1098,0.0895
573,0.573,-0.0036,-0.0001,-0.0031,0.0002,0.0833,0.1612
574,0.574,-0.0067,0.0004,-0.0005,-0.0044,0.108,0.226
575,0.575,-0.0106,-0,-0.0028,0.0034,0.1306,0.2848
576,0.576,-0.0048,-0.0039,-0.0007,0.0086,0.0698,0.2325
577,0.577,-0.0042,-0.0087,-0.0003,0.0059,0.2735,0.3767
578,0.578,0.0007,-0.0071,0.0002,0.0084,0.3548,0.8574
579,0.579,0.0002,-0.0055,0.0007,0.0106,0.1822,0.5378
580,0.58,0.0007,-0.002,-0.0023,0.0042,-0.0651,0.0134
581,0.581,-0.0029,-0.0023,0.0015,0.0101,-0.0986,-0.1989
582,0.582,0.0032,-0.0003,-0.0032,0.0079,-0.1287,-0.2638
583,0.583,0.0024,-0.0022,-0.0027,0.003,-0.1019,-0.3224
584,0.584,0.003,-0.0075,0.0025,0.0013,-0.0776,-0.2701
585,0.585,-0.0005,-0.0113,-0.0024,-0.0063,-0.1897,-0.2223
586,0.586,0.0012,-0.0049,-0.0007,-0.0073,-0.4136,-0.7902
587,0.587,-0.0017,0.001,-0.0012,-0.0064,-0.2647,-0.7132
588,0.588,0.0018,0.0062,0.0013,0.0014,-0.0202,-0.079
589,0.589,0.003,0.0042,0.0001,-0.0016,0.0789,0.1777
590,0.59,0.001,0.0024,0.0013,-0.0007,0.1091,0.2562
591,0.591,0.0052,0.0077,0.0003,0.0019,0.1365,0.3272
592,0.592,0.0011,0.0027,0.0048,0.0026,0.1122,0.2638
593,0.593,0.0047,0.0057,-0.0021,-0.0022,0.09,0.2061
594,0.594,0.0044,0.0017,-0.0029,0.0021,0.3546,0.6819
595,0.595,0.0032,0.0042,0.0013,-0.0031,0.3188,0.8743
596,0.596,-0.0004,0.0045,-0.0024,0.0005,0.0886,0.3509
597,0.597,-0.0016,0.0033,-0.0031,0,-0.0612,-0.1428
598,0.598,0.0049,0.0044,-0.0036,0.0029,-0.0889,-0.2083
599,0.599,0.0003,0.0012,-0.0018,0.0014,-0.1137,-0.267
600,0.6,0.0011,0.0041,-0.0023,-0.0007,-0.0916,-0.3204
601,0.601,-0.0011,0.0044,0.0038,0.0014,-0.0714,-0.1768
602,0.602,-0.0004,0.0041,0.003,-0.0028,-0.2751,-0.3953
603,0.603,0.0013,-0.001,0.0023,0.0037,-0.3565,-0.9116
604,0.604,0.0018,-0.003,0.0044,0.0012,-0.1346,-0.5602
605,0.605,0.0003,0,-0.0025,-0.0025,0.0746,0.0165
606,0.606,-0.0009,0.0029,0.0002,0.0011,0.1023,0.2503
607,0.607,0.003,0.0004,-0.0006,-0.0031,0.1272,0.1811
608,0.608,0.0014,-0.0007,0.0017,-0.0002,0.1051,0.2457
609,0.609,-0.0008,0.0005,0.0024,-0.0037,0.085,0.3041
610,0.61,0.0031,-0.0014,0.0007,-0.0034,0.1776,0.2514
611,0.611,-0.0005,0.001,-0.0021,-0.0005,0.3966,0.7799
612,0.612,-0.0027,0.0048,0.0015,-0.0014,0.2476,0.7101
613,0.613,-0.003,0.0026,0.0037,0.0018,0.0031,0.1335
614,0.614,-0.0012,0.0006,0.0009,-0.0002,-0.0961,-0.2549
615,0.615,-0.0022,0.0031,-0.0017,-0.0044,-0.1263,-0.1861
616,0.616,0.0029,0.0008,-0.0027,-0.0003,-0.0996,-0.2507
617,0.617,0.0022,0.0018,-0.0009,-0.0018,-0.1244,-0.3094
618,0.618,0.0027,0.0025,0.0004,0.0025,-0.1022,-0.1515
619,0.619,0.001,0.0002,0.0016,0.002,-0.3668,-0.6802
620,0.62,-0.0025,-0.0022,0.0018,0.0045,-0.331,-0.8914
621,0.621,-0.0003,-0.0015,0.0039,0.0015,-0.1009,-0.3156
622,0.622,-0.0024,0.0009,-0,-0.0014,0.1084,0.0728
623,0.623,-0.0043,-0.0014,0.0017,0.0012,0.082,0.1444
624,0.624,-0.0034,-0.0023,-0.0001,-0.0005,0.124,0.2617
625,0.625,-0.0011,-0.0009,0.0034,-0.0029,0.0997,0.3261
626,0.626,-0.0021,-0.0002,0.0023,0.0015,0.0776,0.2685
627,0.627,-0.0019,0.0005,-0.0006,0.0032,0.3014,0.4269
628,0.628,-0.0003,-0.0015,-0.0024,-0.0004,0.391,0.8595
629,0.629,-0.0001,-0.0054,0.0028,-0.0007,0.1469,0.569
630,0.63,0.0001,-0.0037,-0.0024,-0.0004,-0.0834,-0.0135
631,0.631,-0.0021,-0.0084,0.0012,-0.0023,-0.1138,-0.2473
632,0.632,-0.0028,-0.0042,0.0007,0.0009,-0.1412,-0.1782
633,0.633,-0.0011,0.0011,-0.0022,-0.0056,-0.1168,-0.243
634,0.634,-0.0049,0.0017,0.0014,-0.0178,-0.0946,-0.3016
635,0.635,-0.0074,0.0012,0.0017,-0.0162,-0.1962,-0.2492
636,0.636,-0.0032,-0.0052,-0.0003,-0.0056,-0.3999,-0.874
637,0.637,-0.0027,-0.0026,-0.0028,-0.007,-0.2102,-0.6191
638,0.638,0.0008,0.0011,-0.0005,-0.0133,0.0122,-0.0765
639,0.639,0.0012,0.0032,0.0006,-0.0123,0.1024,0.1357
640,0.64,0.0015,0.0027,0.0019,-0.0009,0.13,0.2007
641,0.641,0.0005,-0.0026,-0.0015,-0.0024,0.1059,0.2593
642,0.642,-0.0019,-0.0046,-0.0037,0.0045,0.1285,0.2069
643,0.643,0.0032,-0.0015,0.0011,0.0082,0.1084,0.0629
644,0.644,0.0011,-0.0056,-0.0032,0.0091,0.3492,0.6307
645,0.645,-0.0031,-0.0123,-0.0049,0.0038,0.3167,0.863
646,0.646,0.0021,-0.0169,-0.0084,-0.0027,0.1078,0.3703
647,0.647,0.0041,-0.0057,-0.0063,-0.0018,-0.0825,-0.0791
648,0.648,0.0046,0.0049,-0.0007,-0.0012,-0.1076,-0.1388
649,0.649,0.0051,0.0035,-0.0014,-0.0033,-0.1302,-0.1926
650,0.65,0.0015,-0.0002,0.0006,0.0024,-0.1101,-0.2416
651,0.651,0.0046,0.003,-0.0011,0.0046,-0.0918,-0.1987
652,0.652,0.0017,0.004,-0.0028,0.0066,-0.2769,-0.3975
653,0.653,-0.0002,0.0049,-0.0054,0.006,-0.3508,-0.867
654,0.654,0.003,0.0023,-0.0084,0.0065,-0.149,-0.5476
655,0.655,0.0001,0.0045,-0.0081,0.0029,0.0414,-0.0235
656,0.656,0.0011,0.0009,-0.0063,0.0059,0.1158,0.1888
657,0.657,-0.0028,0.0014,-0.0011,0.0056,0.0938,0.2537
658,0.658,0.0019,-0.0003,0.0041,0.0052,0.0738,0.3122
659,0.659,0.0014,0.0012,0.0005,0.0035,0.0556,0.2597
660,0.66,-0.0003,0.0034,0.0047,0.0058,0.1733,0.2118
661,0.661,-0.0008,0.0037,0.0018,0.0027,0.403,0.867
662,0.662,-0.002,-0.0005,0.0053,0.0015,0.2389,0.5863
663,0.663,-0.0009,0.0024,0.0065,0.0005,0.0298,0.1597
664,0.664,-0.0027,-0.0054,0.0053,0.0001,-0.0521,-0.2289
665,0.665,-0.0024,0.0002,0.0042,0.0045,-0.0771,-0.1602
666,0.666,-0.0014,0.0054,0.0009,0.0005,-0.0997,-0.2249
667,0.667,0.0028,0.0045,0.0073,0.002,-0.1202,-0.2835
668,0.668,0.0011,0.002,0.0046,0.0032,-0.1019,-0.2311
669,0.669,0.0006,0.0013,-0.0014,-0.0016,-0.3543,-0.6636
670,0.67,-0.0009,0.002,-0.0007,-0.001,-0.3185,-0.8384
671,0.671,0.0033,0.005,-0.0028,-0.0005,-0.0883,-0.3624
672,0.672,0.0005,0.001,-0.0033,0.002,0.0615,0.0868
673,0.673,-0,0.0015,0.0019,-0.0031,0.0891,0.2625
674,0.674,0.005,-0.0046,-0.0002,0.0063,0.1139,0.2105
675,0.675,0.0015,-0.0021,-0.0007,0.0051,0.1365,0.2592
676,0.676,-0.0002,0.0017,0.0009,-0.0052,0.0757,0.216
677,0.677,0.0015,0.0037,-0.0017,-0.0039,0.2794,0.4147
678,0.678,0.002,0.0007,-0.0014,-0.0001,0.3608,0.884
679,0.679,0.0032,0.0024,-0.0011,0.0031,0.1388,0.5645
680,0.68,-0.0015,0.0039,-0.0021,-0.0042,-0.0705,0.0402
681,0.681,0.0002,0.0008,-0.0011,0.0023,-0.0983,-0.1721
682,0.682,-0.0003,0.002,0.0039,-0.0036,-0.1232,-0.2371
683,0.683,-0.0008,-0.0022,-0.001,0.0034,-0.1459,-0.2956
684,0.684,0.0014,0.0019,0.002,-0.0051,-0.1257,-0.2432
685,0.685,-0.0033,-0.0006,0.0003,0.0006,-0.1813,-0.2914
686,0.686,-0.0028,-0.0028,-0.0012,0.0036,-0.4001,-0.8592
687,0.687,-0.0023,-0.0016,0.001,0.0028,-0.2511,-0.6273
688,0.688,-0.0048,-0.0013,0.0022,-0.0066,-0.0065,-0.1339
689,0.689,-0.0026,-0.0029,-0.0004,-0.0003,0.0927,0.1876
690,0.69,0.0003,0.0022,-0.0007,-0.0034,0.123,0.2471
691,0.691,-0.0015,-0.0027,0.0017,-0.0024,0.1504,0.3008
692,0.692,0.0038,-0.0044,-0.002,0.0004,0.1262,0.2537
693,0.693,0.0001,-0.0049,0.0016,-0.0004,0.104,0.2106
694,0.694,-0.0006,0.0029,0.0013,0.0004,0.3686,0.6474
695,0.695,-0.0022,-0.0027,0.0016,-0.0045,0.3328,0.8223
696,0.696,-0.0005,0.0026,0.0052,-0.0027,0.1027,0.3465
697,0.697,-0.001,0.0053,0.0041,-0.0067,-0.0469,-0.1024
698,0.698,-0.0013,0.0011,0.0053,0.0011,-0.0745,-0.1617
699,0.699,-0,-0.001,-0.0004,0.0001,-0.0993,-0.2152
700,0.7,0.001,0.001,0.0005,-0.0008,-0.1219,-0.2636
701,0.701,0,-0.0047,0.0012,0.0001,-0.1017,-0.2203
702,0.702,0.0051,-0.0025,0.0006,-0.0024,-0.2683,-0.4188
703,0.703,0.0003,-0.0004,-0.0024,0.0013,-0.3804,-0.8881
704,0.704,-0.0028,0.0013,0.0017,0.0021,-0.1564,-0.5684
705,0.705,0.0014,-0.0027,0.0043,0.0004,0.0529,-0.044
706,0.706,0.0019,0.0008,-0.0017,-0.0013,0.0806,0.1684
707,0.707,-0.0023,-0.0013,-0.0008,0.0035,0.1056,0.2334
708,0.708,0.0006,-0.0017,0.0029,0.0018,0.1282,0.2921
709,0.709,0.0022,0.0002,0.001,-0.0022,0.108,0.2399
710,0.71,0.0001,0.0019,-0.002,0.0004,0.1635,0.2881
711,0.711,-0.0011,-0.0018,-0.0003,0.0016,0.3824,0.7686
712,0.712,-0,-0.004,0.0023,0.0046,0.2334,0.7051
713,0.713,-0.001,-0.0011,0.0002,-0.0011,-0.0111,0.181
714,0.714,0.0034,-0.0014,0.0023,-0.0053,-0.1102,-0.1722
715,0.715,0.0029,-0.0053,0.0013,-0.0031,-0.0809,-0.2376
716,0.716,0.0015,-0.0017,0.0017,-0.0024,-0.1082,-0.2963
717,0.717,-0.0007,-0.0014,0.0007,-0.0054,-0.133,-0.2441
718,0.718,-0.0003,-0.001,-0.0006,-0.0002,-0.1109,-0.1966
719,0.719,0.0022,0.0015,-0.0018,0.0034,-0.3756,-0.6773
720,0.72,0.0012,0.0019,-0.0024,0.0017,-0.3398,-0.8696
721,0.721,-0.0038,-0.0005,-0.0004,0.0012,-0.0441,-0.3462
722,0.722,-0.0002,0.0002,0.002,0.0028,0.0755,0.1473
723,0.723,0.0055,0.0026,0.0017,0.0024,0.1121,0.2126
724,0.724,0.0018,0.0029,0.0004,0.0072,0.1452,0.2714
725,0.725,0.0036,0.0012,0.0009,0.0067,0.1319,0.279
726,0.726,0.0015,-0.0006,0.0038,0.0084,0.1022,0.2266
727,0.727,0.0021,-0.0013,-0.0004,-0.0004,0.2918,0.3708
728,0.728,0.0004,0.0004,0.0013,-0.0042,0.3657,0.8513
729,0.729,-0.0021,-0.0001,-0.0023,-0.0032,0.1638,0.5315
730,0.73,-0.0009,0.003,-0.002,-0.0001,-0.0266,0.007
731,0.731,0.0019,-0.0009,-0.0016,-0.0066,-0.101,-0.2056
732,0.732,0.0009,0.0039,0.0002,-0.0057,-0.1237,-0.2708
733,0.733,-0.0014,0.0022,-0.005,-0.0064,-0.1443,-0.3298
734,0.734,-0.0038,0.0039,-0.0028,-0.0029,-0.1261,-0.2778
735,0.735,-0.0012,0.0004,-0.0064,-0.0024,-0.1766,-0.3263
736,0.736,-0.0016,0.0026,-0.0106,-0.0042,-0.4063,-0.8946
737,0.737,-0.0006,0.0006,-0.0102,-0.0016,-0.2423,-0.6633
738,0.738,-0.0013,0.0016,-0.0024,0.0034,-0.0331,-0.1704
739,0.739,-0.0047,0.0006,-0.0056,-0.0015,0.0488,0.1508
740,0.74,-0.0035,-0.0011,-0.0087,0.0027,0.0738,0.0938
741,0.741,-0.0014,0.0002,-0.0096,0.0022,0.0964,0.2525
742,0.742,0.0021,0.0019,-0.0054,0.0027,0.1574,0.3009
743,0.743,-0.0048,-0.0013,-0.0032,0.0014,0.1021,0.2574
744,0.744,0.0004,0.0026,-0.0012,0.0026,0.3208,0.6938
745,0.745,-0.0023,-0.0031,0.0005,-0.0017,0.2912,0.8682
746,0.746,0.0002,0.0021,0.0009,-0.0012,0.0468,0.3919
747,0.747,-0.002,-0.0014,0.0045,0.0045,-0.0525,-0.0576
748,0.748,-0.0027,-0.0009,0.0002,0.0008,-0.0829,-0.2335
749,0.749,0.0003,0.002,-0.0039,-0.0013,-0.1104,-0.1819
750,0.75,0.0031,-0.0027,-0.0087,-0.003,-0.1353,-0.2309
751,0.751,-0.0016,-0.0011,-0.007,0.0034,-0.0684,-0.1879
752,0.752,-0.0059,-0.0006,0.0005,0.0042,-0.2518,-0.3868
753,0.753,-0.0064,0.0052,0.0015,0.0064,-0.3753,-0.8564
754,0.754,-0.006,0.0015,0.006,0.0015,-0.1288,-0.537
755,0.755,-0.0082,-0.0021,0.0035,-0.0016,0.0359,-0.0129
756,0.756,-0.0043,0.0022,0.0041,0.0048,0.1258,0.1992
757,0.757,-0.0039,-0.0007,0.0089,-0.0012,0.1531,0.264
758,0.758,-0.0017,0.0008,0.0047,-0.0127,0.1288,0.3226
759,0.759,0.0021,-0.0014,0.0029,-0.0246,0.1065,0.2702
760,0.76,0.0036,-0.0043,0.0024,-0.017,0.1674,0.2222
761,0.761,0.0039,-0.0007,0.0027,-0.0101,0.4081,0.7901
762,0.762,0.0035,-0.0011,0.0023,-0.0038,0.2439,0.713
763,0.763,-0,-0.0023,0.0048,-0.0006,0.0346,0.2199
764,0.764,0.0011,-0.0019,0.0031,0.0046,-0.1017,-0.2294
765,0.765,0.0058,0.0019,0.0034,0.011,-0.0778,-0.1728
766,0.766,0.0041,0.0077,0.007,0.0051,-0.1004,-0.2264
767,0.767,0.0045,-0.0023,0.0013,0.0013,-0.121,-0.275
768,0.768,-0.0002,0.0017,-0.001,0.002,-0.1028,-0.2317
769,0.769,0.0028,0.0005,0.0054,-0.0023,-0.3553,-0.6685
770,0.77,0.0032,-0.0027,0.0028,0.0041,-0.3195,-0.8432
771,0.771,0.0017,-0.0017,0.005,0.0016,-0.0895,-0.3673
772,0.772,0.002,-0.0009,0.003,0.0053,0.0603,0.0819
773,0.773,-0.0001,-0.0034,-0.0013,0.0088,0.0879,0.2576
774,0.774,0.0009,-0.0087,0.0016,0.0018,0.1127,0.2055
775,0.775,0.0005,-0.0165,-0.002,0.0027,0.1353,0.2542
776,0.776,0.0035,-0.005,0.0041,0.0069,0.0746,0.2109
777,0.777,0.0025,-0.0035,0.0049,0.0031,0.2783,0.4095
778,0.778,-0.0028,-0.0021,0.0012,0.0038,0.3596,0.8789
779,0.779,-0.0022,0.0016,-0.0009,0.0033,0.1377,0.5593
780,0.78,0.0042,-0.0017,-0.0014,0.0073,-0.0716,0.0349
781,0.781,-0.0053,0.0035,0.0003,0.0037,-0.0993,-0.1774
782,0.782,0.0035,-0.0011,-0.0013,0.0079,-0.1242,-0.2423
783,0.783,-0.0022,0.0014,0.0018,0.0015,-0.1468,-0.301
784,0.784,0.0009,0.0021,-0.0011,0.0006,-0.0861,-0.2488
785,0.785,-0.0019,0.0041,-0.0007,-0.0031,-0.1787,-0.2009
786,0.786,0.0023,0.0057,-0.0011,-0.0038,-0.3975,-0.8563
787,0.787,0.003,0.0005,-0.0041,-0.0054,-0.2485,-0.7631
788,0.788,-0.0006,-0.0003,-0.0005,-0.0049,-0.0039,-0.1661
789,0.789,-0.0023,0.0067,-0.0017,0.0008,0.0954,0.2226
790,0.79,0.0006,0.0039,-0.0037,-0.0029,0.1257,0.1539
791,0.791,0.0031,0.0064,-0.0047,0.0007,0.099,0.2185
792,0.792,0.0001,0.0012,0.0006,0.0038,0.1239,0.2773
793,0.793,-0.0019,-0.0009,-0.0031,0.0033,0.1019,0.225
794,0.794,0.0039,-0.0014,0.0018,0.0028,0.3666,0.6576
795,0.795,0.0014,0.0002,-0.0039,-0.0003,0.3307,0.8325
796,0.796,0.0051,-0.0003,0.0031,0.0018,0.1007,0.3568
797,0.797,0.0002,-0.0015,0.0004,0.0028,-0.0489,-0.092
798,0.798,0.0008,-0.0019,-0.0054,-0.0024,-0.0765,-0.1512
799,0.799,-0.0021,0.0006,-0.0002,-0.0139,-0.1012,-0.3102
800,0.8,0.0037,0.0038,0.0019,-0.0122,-0.1238,-0.2626
801,0.801,-0,-0.0018,0.0024,-0.0045,-0.063,-0.2192
802,0.802,0.0007,0.0019,-0.004,0.0025,-0.2666,-0.4177
803,0.803,0.0012,-0.0001,-0.0031,0.0013,-0.4022,-0.8869
804,0.804,-0.0016,0.0004,0.0022,0.0004,-0.1802,-0.5672
805,0.805,-0.0021,-0.0025,0.0002,-0.0006,0.0292,-0.0426
806,0.806,-0.0009,-0.001,0.002,0.0021,0.111,0.1699
807,0.807,-0.0005,0.002,-0.0008,-0.0004,0.136,0.2349
808,0.808,0.0005,0.004,-0.0023,0.0004,0.114,0.2936
809,0.809,-0.0004,0.0004,-0,0.0011,0.0939,0.2415
810,0.81,-0.0008,0.0001,-0.0003,-0.0032,0.1866,0.29
811,0.811,-0.0033,-0.0011,-0.0021,-0.0026,0.4054,0.7705
812,0.812,-0.0015,0.0014,0.0018,-0.0011,0.2564,0.707
813,0.813,0.0002,-0.001,-0.0007,-0.0032,0.0119,0.1831
814,0.814,-0.0005,0.0014,0.0036,0.0015,-0.0872,-0.1699
815,0.815,0.0019,0.004,-0.0017,-0.0001,-0.1175,-0.2351
816,0.816,-0.0004,0.0023,0.0033,0.0016,-0.1448,-0.2935
817,0.817,0.0022,0.0007,0.0016,0.0011,-0.1205,-0.2413
818,0.818,-0.0002,-0.0007,0.0011,0.0062,-0.0983,-0.1935
819,0.819,0.0036,-0.0024,-0.0004,0.0042,-0.3629,-0.5866
820,0.82,-0.0015,0.0014,0.0027,0,-0.327,-0.8511
821,0.821,-0.0008,-0.0022,-0.0028,0.0041,-0.0968,-0.3223
822,0.822,-0.0003,-0.0018,0.0009,0.0026,0.0529,0.1715
823,0.823,-0.0008,-0.0006,-0.0011,0.0038,0.0806,0.2371
824,0.824,0.0008,-0.0016,-0.0028,0.0026,0.1054,0.2961
825,0.825,0.0011,0.0001,0.0013,0.0001,0.1281,0.244
826,0.826,0.0009,0.002,0.0028,-0.0004,0.0773,0.2066
827,0.827,0.0013,0.003,0.0003,0.0019,0.2606,0.351
828,0.828,0.0038,0.0032,0.0033,0.0016,0.3839,0.9193
829,0.829,0.0048,0.0025,0.0013,0.0017,0.1373,0.5327
830,0.83,-0.0002,0.0027,0.0038,0.0034,-0.0274,0.0394
831,0.831,-0.0009,-0.0005,-0.0014,0.0041,-0.1174,-0.1539
832,0.832,-0.0004,-0.0001,-0.0021,0.0009,-0.0906,-0.2128
833,0.833,-0.0021,0.0038,-0.0056,-0.0061,-0.1154,-0.2662
834,0.834,-0.0016,-0.0029,-0.0014,-0.0134,-0.0931,-0.2185
835,0.835,-0.0047,0.0017,-0.0009,-0.005,-0.1948,-0.2623
836,0.836,-0.0008,-0.0009,0.0006,-0.006,-0.4356,-0.8577
837,0.837,-0.0023,-0.0015,-0.0016,-0.003,-0.2716,-0.773
838,0.838,0.0007,-0.0008,0.0012,0.0034,-0.0024,-0.2302
839,0.839,-0.0049,-0.0038,0.0031,-0.0008,0.1064,0.2637
840,0.84,-0.0118,-0.0021,-0.0008,-0.0015,0.0741,0.2013
841,0.841,-0.011,-0.0047,0.0017,-0.0022,0.1042,0.26
842,0.842,-0.0085,-0.0035,-0.0005,-0.0006,0.1315,0.3136
843,0.843,-0.0107,-0.0006,-0.0044,-0.0034,0.1563,0.1701
844,0.844,-0.0058,0.002,-0.0049,0.0001,0.358,0.5636
845,0.845,-0.0016,0.0023,-0.0052,-0.0011,0.3311,0.7225
846,0.846,0.0024,-0.0007,-0.0013,-0.0024,0.109,0.2898
847,0.847,-0.0011,-0.0026,0.0034,-0.0005,-0.0408,-0.1182
848,0.848,0.0031,0.0027,0.0064,0.0005,-0.0684,-0.1722
849,0.849,0.0002,-0.001,0.0035,-0.0046,-0.0931,-0.2209
850,0.85,0.0037,-0.0031,-0,-0.0124,-0.1157,-0.2651
851,0.851,0.0025,0.0039,-0.0004,-0.0155,-0.0956,-0.2259
852,0.852,0.0037,-0.0007,-0.0016,-0.0091,-0.2622,-0.4063
853,0.853,0.0018,0.0019,-0.0026,-0.0049,-0.3744,-0.8987
854,0.854,0.0021,0.0025,0.0013,0.002,-0.1504,-0.5471
855,0.855,0.0024,0.0005,-0.0045,0.0012,0.0588,0.0298
856,0.856,0.0054,0.0036,-0.0145,0.0037,0.0865,0.2637
857,0.857,0.0051,0.0019,-0.0076,0.0059,0.1114,0.1947
858,0.858,0.0076,0.0014,-0.0064,0.0052,0.134,0.2595
859,0.859,0.003,0.0017,-0.0008,0.0069,0.1139,0.3182
860,0.86,0.0013,-0.0012,0.0044,0.004,0.1695,0.2658
861,0.861,0.0007,-0.0054,-0.0021,0.0108,0.3884,0.7946
862,0.862,0.0022,-0.0095,0.0005,0.0062,0.2394,0.7248
863,0.863,0.001,-0.011,0.0042,0.0036,-0.0051,0.1486
864,0.864,-0.0002,-0.0141,-0.0008,0.0029,-0.1043,-0.2397
865,0.865,0.0017,-0.0102,0.0035,0.0049,-0.075,-0.1706
866,0.866,0.002,-0.0034,0.0018,0.0007,-0.1566,-0.2352
867,0.867,-0.0011,0.0011,0.0022,0.0024,-0.1323,-0.2936
868,0.868,-0.0001,0.0003,0.0065,0.0009,-0.11,-0.1354
869,0.869,0.0009,0.0025,0.0012,0.007,-0.3746,-0.5678
870,0.87,0.0019,0.0045,0.0032,0.001,-0.3388,-0.8585
871,0.871,-0.0018,0.0062,0.0049,0.0032,-0.1086,-0.3826
872,0.872,0.0007,0.0067,0.002,0.0012,0.1007,0.0667
873,0.873,-0.0015,0.0009,-0.0006,0.0007,0.0742,0.2425
874,0.874,0.0014,0.0002,0.0016,0.0023,0.1484,0.2961
875,0.875,0.0011,0.0066,-0.0049,0.0039,0.1264,0.2487
876,0.876,0.0021,0.0041,-0.0003,0.0042,0.0657,0.2054
877,0.877,0.0017,0.0034,0.0039,0.0038,0.2694,0.404
878,0.878,0.0004,0.0069,0.0017,0.002,0.3509,0.8734
879,0.879,0.0043,-0.0014,0.0037,-0.0033,0.1784,0.5538
880,0.88,-0.001,0.0018,0.0042,0.0004,-0.0687,0.0294
881,0.881,-0.0017,-0.0012,0.0001,-0.0002,-0.1021,-0.1829
882,0.882,-0.0022,-0.0004,0.0016,0.0003,-0.1322,-0.2479
883,0.883,0.0019,-0.0012,0.0004,-0.0014,-0.1054,-0.3067
884,0.884,-0.0006,0.0025,0.0043,-0.003,-0.081,-0.2544
885,0.885,-0.0048,0.0018,0.0017,-0.006,-0.1482,-0.2067
886,0.886,0.0004,0.0035,-0.0005,-0.0099,-0.4129,-0.862
887,0.887,-0.0045,-0.003,-0.0033,-0.0084,-0.2326,-0.7691
888,0.888,0.0038,-0.0004,-0.003,-0.0014,-0.0022,-0.1724
889,0.889,0.0007,0.0033,-0.0054,-0.0004,0.0878,0.2161
890,0.89,0.0037,0.0053,-0.0003,0.0042,0.1155,0.1472
891,0.891,-0.0027,0.0011,-0.0023,0.0016,0.0912,0.2118
892,0.892,-0.0035,-0.003,-0.0006,0.0023,0.1138,0.2704
893,0.893,-0.0028,-0.0025,-0.0001,0.0017,0.1343,0.218
894,0.894,-0.0007,-0.0037,0.0004,0.0075,0.3752,0.6506
895,0.895,0.001,-0.0025,-0.0047,-0.0025,0.3426,0.8252
896,0.896,-0.0042,-0.0022,0.0018,-0.0121,0.0737,0.3492
897,0.897,0.0023,0.0011,0.0026,-0.0058,-0.1072,-0.0999
898,0.898,-0.0036,-0.0028,-0.0011,-0.0026,-0.0747,-0.1593
899,0.899,0.0017,0.0007,0.001,-0.0078,-0.1048,-0.2129
900,0.9,0.0011,-0.0044,-0.0007,0.0025,-0.1321,-0.2615
901,0.901,0.0042,0.0021,-0.0012,-0.0015,-0.1076,-0.2183
902,0.902,0.0002,-0.0021,-0.0007,0.0047,-0.2645,-0.4169
903,0.903,-0.0023,-0.0014,0.0005,-0.0008,-0.3663,-0.8863
904,0.904,0.0028,0.0035,0.0034,-0.0038,-0.1625,-0.5666
905,0.905,0.0021,0.003,-0.0016,0.0026,0.0821,-0.0422
906,0.906,0.0039,-0.001,0.0004,0.0018,0.1156,0.1702
907,0.907,-0.0014,0.0005,-0.0013,-0.0034,0.0862,0.2353
908,0.908,-0.0006,0.0017,-0.003,-0.0013,0.1135,0.294
909,0.909,-0.0011,0.0046,-0.0004,0.0005,0.0892,0.2418
910,0.91,-0.0028,0.0021,0.0038,0.0022,0.2013,0.2901
911,0.911,-0.0043,0.0011,0.0022,0.0038,0.3846,0.7707
912,0.912,0.0027,-0.0006,-0.0036,0.0041,0.2615,0.7071
913,0.913,-0.0004,-0.0032,-0.0029,0.0021,0.0144,0.1832
914,0.914,0.0042,0.0001,0.0007,-0.0036,-0.0848,-0.17
915,0.915,0.0017,-0.002,0.0002,-0.001,-0.1151,-0.2352
916,0.916,0.001,0.0016,0.0008,0.0027,-0.1424,-0.2939
917,0.917,-0.001,-0.0014,0.0044,0.0007,-0.1181,-0.2416
918,0.918,-0.0015,0.0033,0.0013,0.0024,-0.0959,-0.1938
919,0.919,-0.001,-0.0024,0.0042,0.0007,-0.3605,-0.5871
920,0.92,-0.0005,-0.0002,0.0017,0.0002,-0.3247,-0.8515
921,0.921,-0.0017,-0.0008,0.0001,0.0024,-0.0945,-0.3227
922,0.922,0.0047,0.0009,0.0011,0.002,0.0552,0.171
923,0.923,0.002,0.0038,-0.0026,0.0017,0.0829,0.2363
924,0.924,0.0029,0.0043,0.0009,0.002,0.1078,0.2951
925,0.925,0.0035,-0.0026,0.0013,0.0023,0.1304,0.243
926,0.926,-0,-0.0057,0.0001,-0.0014,0.0697,0.1952
927,0.927,-0.0029,-0.0063,-0.0007,-0.0039,0.2763,0.4018
928,0.928,-0.0012,-0.0018,0.0003,-0.0014,0.369,0.8825
929,0.929,-0.0008,-0.0009,-0,-0.0002,0.1838,0.5628
930,0.93,-0.0023,-0.0002,0.0024,0.0026,-0.0386,0.0385
931,0.931,-0.0045,0.0018,0.0025,0.0016,-0.069,-0.1739
932,0.932,-0.0006,0.0023,0.0002,0.0032,-0.0964,-0.239
933,0.933,-0.0064,-0.0029,-0.0015,-0.0005,-0.1211,-0.2976
934,0.934,-0.0027,-0.005,-0.0034,0.0017,-0.0989,-0.2455
935,0.935,-0.0034,0.0008,-0.0017,-0.0004,-0.1598,-0.1978
936,0.936,-0.0051,0.0014,-0.0054,0.0006,-0.4006,-0.853
937,0.937,-0.0068,0.0035,-0.0039,0.0029,-0.2367,-0.76
938,0.938,-0.0084,-0.0023,-0.0043,0.0005,-0.0275,-0.1633
939,0.939,-0.0014,0.0029,-0.0071,-0.0037,0.1087,0.2253
940,0.94,-0.0045,-0.0006,-0.0021,-0.0068,0.0845,0.1565
941,0.941,-0.0037,0.0077,-0.0001,-0.0051,0.1071,0.2211
942,0.942,0.0022,0.0021,0.0016,-0.0066,0.1276,0.1637
943,0.943,0.0029,0.001,0.0021,-0.0055,0.1093,0.2169
944,0.944,0.0008,0.0019,0.0026,0.0001,0.3617,0.6494
945,0.945,0.0025,-0.0007,-0.0004,-0.0006,0.2538,0.8241
946,0.946,-0.0004,-0.0014,-0.0016,-0.0013,0.0236,0.3481
947,0.947,0.0031,0.0035,-0.0006,0.0003,-0.0665,-0.101
948,0.948,0.0009,-0.006,-0.0003,0.0032,-0.0943,-0.1605
949,0.949,0.0037,-0.0156,0.0007,0.0016,-0.1191,-0.2139
950,0.95,0.0019,-0.0094,0.0014,0.0047,-0.0971,-0.2625
951,0.951,0.0035,-0.0016,-0.0025,0.0043,-0.077,-0.2192
952,0.952,0.0038,-0.0027,0.0015,0.0024,-0.2438,-0.4178
953,0.953,0.0025,0.0019,0.001,-0.0029,-0.356,-0.8872
954,0.954,0.0026,0.0027,0.0021,-0.0098,-0.1727,-0.5675
955,0.955,0.0019,-0.001,0.0001,-0.0125,0.0497,-0.0431
956,0.956,0.0006,0.0054,0.0019,-0.0134,0.0801,0.1694
957,0.957,0.0019,0.0012,0.0036,-0.0082,0.1074,0.2344
958,0.958,-0.0002,0.0034,0.0032,-0.0018,0.1321,0.2931
959,0.959,-0,0.0013,-0.0005,-0.0027,0.1098,0.2407
960,0.96,-0.0022,-0.0044,0.001,-0.0033,0.1707,0.2891
961,0.961,-0.0004,-0.0038,-0.0012,0.0031,0.4115,0.7696
962,0.962,-0.0011,0.004,-0.0016,0.0039,0.2474,0.706
963,0.963,0.0006,-0.0013,-0.0059,-0.0013,0.0381,0.1821
964,0.964,0.0026,0.0033,-0.0054,0.008,-0.0981,-0.171
965,0.965,0.0019,0.0041,-0.0049,0.0091,-0.1232,-0.2361
966,0.966,0.0056,0.0004,-0.0037,0.0101,-0.1013,-0.2949
967,0.967,0.0021,0.0011,0.001,0.0071,-0.1219,-0.2428
968,0.968,0.0032,0.0053,0.0004,0.0025,-0.1036,-0.1951
969,0.969,0.0004,0,-0.0001,0.005,-0.3561,-0.5883
970,0.97,0.0039,-0.002,-0.0006,0.0028,-0.3203,-0.8529
971,0.971,0.0008,0.001,0.0024,0.0048,-0.0903,-0.3242
972,0.972,0.0029,-0.0007,0.0003,-0.0009,0.0594,0.1695
973,0.973,-0.0014,0.0019,-0.0022,-0.0003,0.0869,0.2349
974,0.974,0.0027,-0.0024,0.0023,-0.0009,0.1117,0.2938
975,0.975,0.0011,0.0005,0.0006,-0.0004,0.1342,0.2415
976,0.976,-0.0011,0.0031,0.0011,-0.0009,0.0734,0.1937
977,0.977,-0.0031,-0.0012,0.0016,0.0016,0.2771,0.4122
978,0.978,-0.0021,0.0017,0.0012,0.0077,0.3584,0.849
979,0.979,-0.0017,0.0012,0.0051,0.0051,0.1364,0.5586
980,0.98,-0.0055,-0.001,0.0015,0.0029,-0.0729,0.0817
981,0.981,-0.0051,0.001,0.0027,0.005,-0.1006,-0.2396
982,0.982,0.0013,-0.0015,0.003,0.0008,-0.1256,-0.1828
983,0.983,0.0005,-0.0005,0.0033,0.0025,-0.1036,-0.2363
984,0.984,0.0013,0.0026,-0.0013,-0.0053,-0.0835,-0.285
985,0.985,0.0006,0.0007,-0.0008,-0.0021,-0.1391,-0.2418
986,0.986,-0.0014,-0.0016,-0.0013,-0.0011,-0.3917,-0.8373
987,0.987,0.0029,0.0015,-0.0028,-0.0002,-0.2115,-0.7528
988,0.988,0,0.0057,0.0014,-0.0061,0.0188,-0.2103
989,0.989,-0.0015,0.0029,0.0009,-0.0039,0.1088,0.1429
990,0.99,-0.0012,-0.0007,0.0034,-0.0018,0.0822,0.2082
991,0.991,0.0001,0.0016,0.0004,0.0012,0.107,0.2669
992,0.992,-0.0025,-0.0013,0.0007,0.0029,0.1295,0.3203
993,0.993,0.0008,-0.0048,-0.0035,-0.0048,0.1092,0.1764
994,0.994,0.0005,0.0014,-0.0018,0.0008,0.35,0.657
995,0.995,-0.0005,-0.0028,0.0008,-0.0002,0.3174,0.8491
996,0.996,-0.0015,-0.0006,-0.0023,0.0007,0.1083,0.3256
997,0.997,-0.0025,0.0043,-0.0011,0.0015,-0.0821,-0.168
998,0.998,-0.0018,0.0001,0.0008,0.0009,-0.1072,-0.2334
999,0.999,0.0006,0.0007,0.0019,0.0017,-0.1298,-0.2924
1000,1,-0.0017,0.0022,0.0022,0.0034,-0.1097,-0.2402
1001,1.001,-0.0023,-0.0008,0.006,0.0052,-0.0915,-0.1927
1002,1.002,-0.0006,0.0004,0.0013,-0.0026,-0.2766,-0.4113
1003,1.003,0.0001,-0.0014,-0.0018,-0.0015,-0.3999,-0.9277
1004,1.004,0.0003,0.0032,-0.0012,0.0016,-0.1532,-0.5763
1005,1.005,-0.0011,-0.0025,0.0024,0.0008,0.0773,0.0005
1006,1.006,0.0017,-0.0031,0.0012,-0.0017,0.1078,0.2342
1007,1.007,0.0013,-0.001,0.0016,0.0006,0.1352,0.3053
1008,1.008,-0.0019,0.0021,-0.0041,-0.0058,0.1109,0.2419
1009,1.009,0.002,-0.0019,-0.0016,-0.0066,0.0888,0.3005
1010,1.01,-0.0015,-0.0014,-0.0022,-0.0044,0.1497,0.248
1011,1.011,0.0016,-0.0017,-0.0042,-0.0023,0.3906,0.7766
1012,1.012,0.0055,0.0023,0.0001,-0.0027,0.2266,0.7067
1013,1.013,0.0019,0.0059,0.003,0.0014,0.0174,0.1303
1014,1.014,0.0031,0.0029,0.0065,0.0019,-0.0645,-0.1034
1015,1.015,0.0019,-0.0019,-0.0004,-0.0041,-0.1388,-0.1748
1016,1.016,-0.0006,-0.0001,0.0027,0.0002,-0.1614,-0.2396
1017,1.017,-0.0051,0.0004,-0.0036,0.0024,-0.1007,-0.2983
1018,1.018,0.0018,-0.0011,-0.0027,0.0017,-0.1193,-0.1403
1019,1.019,0.0045,0.0011,0.001,0.0048,-0.3381,-0.5728
1020,1.02,0.002,-0.0053,0.0075,-0.0004,-0.3085,-0.8638
1021,1.021,0.0013,-0.0026,0.0016,0.0003,-0.0642,-0.388
1022,1.022,-0.0007,0.0017,0.0039,-0.0002,0.1006,0.0612
1023,1.023,0.0035,0.0039,-0.001,-0.0043,0.0714,0.2369
1024,1.024,-0.0006,-0.0039,0.0008,0.0004,0.0988,0.2905
1025,1.025,-0.0021,0.0013,0.0013,0.0009,0.1236,0.243
1026,1.026,0.0001,0.0005,-0.0012,0.005,0.1014,0.1996
1027,1.027,-0.0003,0.0013,-0.0008,0.0002,0.2846,0.3981
1028,1.028,-0.0031,0.0027,-0.0045,-0.0001,0.3763,0.876
1029,1.029,-0.0006,-0.001,-0.0016,0.0004,0.1543,0.5512
1030,1.03,-0.001,-0.0017,-0.0012,0.0021,-0.0549,0.0694
1031,1.031,-0.0013,0.0025,-0.0002,0.0016,-0.0827,-0.2519
1032,1.032,0,-0.004,0.0002,-0.0006,-0.1075,-0.195
1033,1.033,-0.0007,0.002,0.0016,0.0022,-0.1301,-0.2485
1034,1.034,-0,-0.0033,-0.0018,0.0019,-0.11,-0.2971
1035,1.035,0.0002,-0.0013,0.0004,-0.0034,-0.1655,-0.2538
1036,1.036,-0.0012,-0.0008,-0.0024,-0.0056,-0.418,-0.8494
1037,1.037,-0.0004,0.0008,-0.0014,-0.0007,-0.2377,-0.7649
1038,1.038,0.0015,-0.0028,-0.0038,0.0023,-0.0074,-0.2224
1039,1.039,-0.0023,-0.0006,0.0013,0.0005,0.0827,0.1306
1040,1.04,0.0013,-0.0045,0.0007,-0.001,0.1102,0.1958
1041,1.041,-0.0048,-0.0123,0.0002,0.002,0.1349,0.2544
1042,1.042,-0.0057,-0.0134,-0.0015,0.0008,0.1128,0.3078
1043,1.043,-0.0095,-0.002,-0.002,0.0004,0.0926,0.2601
1044,1.044,-0.0046,-0.0005,0.0022,-0.0013,0.3703,0.6533
1045,1.045,-0.0016,-0.0019,-0.0031,-0.0037,0.3309,0.8121
1046,1.046,-0.0033,0.0094,-0.0038,-0.0075,0.0781,0.3794
1047,1.047,0.0003,0.0017,-0.0007,-0.0132,-0.0868,-0.029
1048,1.048,-0.0009,0.0003,-0.0012,-0.0095,-0.1172,-0.1889
1049,1.049,-0.0006,0.0014,-0.0007,-0.0131,-0.0905,-0.2379
1050,1.05,0.0012,-0.0019,-0.0029,-0.0074,-0.1153,-0.2822
1051,1.051,0.0029,0.0011,-0.0009,-0.0037,-0.0931,-0.243
1052,1.052,-0.0008,0.0038,-0.0045,-0.0002,-0.317,-0.4235
1053,1.053,0.0034,-0.0022,-0.0023,0.0015,-0.4065,-0.916
1054,1.054,0.0028,-0.0001,-0.0035,0.0031,-0.1625,-0.5647
1055,1.055,0.0003,-0.0095,-0,-0.0005,0.068,0.0122
1056,1.056,0.0053,-0.0132,0.0042,0.0025,0.0984,0.2459
1057,1.057,0.0033,-0.0055,0.0046,0.0028,0.1259,0.1768
1058,1.058,0.0016,-0.0004,0.0011,0.0053,0.1506,0.2413
1059,1.059,-0.0001,0.0004,-0.0002,0.0036,0.0836,0.2998
1060,1.06,-0.0037,0.0029,0.0001,0.0011,0.1854,0.2474
1061,1.061,0.0005,0.0035,0.0004,0.0004,0.3891,0.776
1062,1.062,-0,0.0055,0.0028,0.0043,0.2537,0.7061
1063,1.063,0.0035,0.006,-0.0024,0.0025,0.0313,0.1297
1064,1.064,0.0005,0.003,-0.0102,0.0093,-0.1184,-0.104
1065,1.065,-0.0007,-0.0006,-0.0072,0.0047,-0.0919,-0.1753
1066,1.066,0.0018,0.0045,-0.0026,0.0089,-0.1167,-0.2401
1067,1.067,0.0008,0.0037,0.0015,0.0067,-0.0946,-0.2987
1068,1.068,0.0031,0.0067,-0.0022,0.0031,-0.115,-0.1408
1069,1.069,0.0013,0.0026,-0.0016,0.0036,-0.3558,-0.5733
1070,1.07,0.0014,0.0051,0,0.0019,-0.3231,-0.8641
1071,1.071,0.0002,0.0054,0.0041,0.0044,-0.0542,-0.3883
1072,1.072,-0.0003,-0.0011,0.0025,0.0055,0.0546,0.0609
1073,1.073,0.0024,-0.0019,0.0003,0.0026,0.0881,0.2365
1074,1.074,-0.0022,0.0023,0.005,0.0084,0.1182,0.2902
1075,1.075,0.0021,0.0015,0.0007,0.0042,0.1455,0.2428
1076,1.076,-0.0008,0.0051,-0.0011,-0.0074,0.0719,0.1995
1077,1.077,-0.0024,0.002,-0.0037,-0.0057,0.2736,0.3981
1078,1.078,0.0007,-0.0021,0.0032,-0.0133,0.355,0.8673
1079,1.079,0.0019,-0.0016,0.0062,-0.0092,0.1825,0.5478
1080,1.08,0,-0.0047,-0.0002,-0.003,-0.0647,0.0233
1081,1.081,0.001,-0.0027,0.0006,0.0002,-0.0981,-0.189
1082,1.082,0.0007,0.0015,0.0027,-0.0028,-0.1283,-0.254
1083,1.083,0.0009,0.001,0.0006,-0.0002,-0.1015,-0.3128
1084,1.084,-0.0003,-0.0015,0.0048,0.0007,-0.1263,-0.2605
1085,1.085,0.0014,-0.0004,0.0019,0.0014,-0.1487,-0.2128
1086,1.086,-0.001,0.0035,-0.0017,0.0007,-0.4134,-0.7809
1087,1.087,-0.0041,0.002,0.0013,-0.001,-0.2331,-0.704
1088,1.088,0.0017,0.0008,-0.0007,0.003,-0.0028,-0.2111
1089,1.089,0.0026,0.002,0.0011,0.0015,0.0873,0.2381
1090,1.09,0.0048,0.003,-0.0006,-0.0015,0.1149,0.1812
1091,1.091,-0.003,0.002,0.0017,-0.0012,0.1398,0.2345
1092,1.092,0.0022,0.0037,0.0043,0.0007,0.1177,0.2832
1093,1.093,0.0014,0.0012,0.0019,0.0017,0.0975,0.1526
1094,1.094,-0.0011,0.0002,0.0008,0.0014,0.3753,0.5893
1095,1.095,-0.0033,0.0013,-0.001,-0.0028,0.3359,0.8802
1096,1.096,-0.0012,-0.0018,-0.0039,-0.0059,0.0832,0.4044
1097,1.097,-0.0017,-0.0005,-0.0029,-0.003,-0.0816,-0.0447
1098,1.098,-0,0.0031,-0.0005,-0.0004,-0.1119,-0.2204
1099,1.099,-0.0025,0.0019,-0.0001,0.0038,-0.1393,-0.2741
1100,1.1,0.0017,0.0008,0.0036,0.0022,-0.115,-0.3229
1101,1.101,0.0001,-0.0002,0.0032,-0.0004,-0.0928,-0.1925
1102,1.102,-0.0014,-0.0005,0.002,0.0047,-0.276,-0.3912
1103,1.103,-0.0002,-0.0008,0.0008,0.0027,-0.3994,-0.9326
1104,1.104,-0.0013,0.0023,0.0044,0.0033,-0.1528,-0.546
1105,1.105,-0.0003,-0.004,0.0014,0.0004,0.0121,-0.0526
1106,1.106,0.0014,-0.0013,-0.0006,0.003,0.1022,0.2687
1107,1.107,0.0045,-0.0037,0.0052,0.0027,0.1296,0.2117
1108,1.108,0.0027,-0.0074,-0.0007,0.0024,0.1054,0.265
1109,1.109,-0.0025,-0.0024,-0.0044,0.0034,0.0833,0.2173
1110,1.11,-0.0003,0.0007,-0.0037,-0.0018,0.185,0.2612
1111,1.111,-0.0023,-0.0033,-0.0054,0.0005,0.3888,0.7773
1112,1.112,-0.0018,-0.0028,0.0023,-0.0002,0.2534,0.7075
1113,1.113,-0.0012,-0.0039,0.0013,-0.0059,0.031,0.131
1114,1.114,-0.0017,0.0009,0.0021,-0.0036,-0.1187,-0.1028
1115,1.115,-0.002,0.0005,-0.0004,-0.0071,-0.0922,-0.1743
1116,1.116,0.0001,-0.0024,0.0018,-0.004,-0.117,-0.2391
1117,1.117,0.0005,0.0034,-0.0002,-0.0023,-0.0949,-0.2979
1118,1.118,-0.0034,-0.0003,-0.0006,-0.0007,-0.1153,-0.2456
1119,1.119,0.0014,0.0005,-0.0001,-0.0018,-0.3561,-0.5821
1120,1.12,0.0009,0.0022,0.0005,-0.0006,-0.3235,-0.8883
1121,1.121,0.0014,0.0006,-0.0046,0.0004,-0.1145,-0.372
1122,1.122,0.002,0.0021,-0.001,-0.0048,0.0759,0.1214
1123,1.123,-0.001,0.0025,-0.0005,-0.0054,0.1009,0.1866
1124,1.124,-0.0014,0.0037,0.0024,-0.0005,0.1236,0.2454
1125,1.125,-0.001,-0.002,0.004,0.0012,0.1442,0.2987
1126,1.126,0.0014,0.0058,-0.0021,0.0018,0.0889,0.251
1127,1.127,0.0017,0.0028,0.0021,0.0023,0.274,0.382
1128,1.128,0.0004,0.0001,0.0028,0.0026,0.3973,0.8982
1129,1.129,0.004,0.0013,0.0044,0.007,0.1625,0.5258
1130,1.13,0.0001,-0.0029,0.0024,0.0067,-0.0398,0.0323
1131,1.131,0.003,-0.0007,0.0007,0.0042,-0.0675,-0.1611
1132,1.132,0.0066,0.0029,0.0012,0.0039,-0.0924,-0.2202
1133,1.133,0.0005,0.0034,-0.0024,0.0022,-0.115,-0.2737
1134,1.134,0.0013,-0.0018,-0.0012,0.0041,-0.0948,-0.2262
1135,1.135,0.002,-0.0025,0,0.0003,-0.1874,-0.2701
1136,1.136,0.0027,0.0005,-0.0025,0.002,-0.4062,-0.7863
1137,1.137,-0.0015,-0.0035,-0.0015,0.0015,-0.2573,-0.7166
1138,1.138,0.0002,-0.003,-0.0005,0.0003,-0.067,-0.1402
1139,1.139,-0.0013,-0.0018,0.0001,-0.0053,0.0569,0.2483
1140,1.14,-0.001,-0.003,0.0008,0.0017,0.1245,0.1794
1141,1.141,0.001,-0.0011,-0.0024,0.0008,0.1451,0.244
1142,1.142,-0.0025,0.0005,-0.0036,-0,0.1269,0.3025
1143,1.143,-0.0029,-0.0011,-0.0062,-0.007,0.1103,0.1445
1144,1.144,-0.0017,-0.0049,-0.0094,-0.0078,0.3398,0.4809
1145,1.145,-0.0042,0.0019,-0.0123,-0.0036,0.3072,0.787
1146,1.146,-0.0019,-0.0009,-0.0113,-0.0029,0.0983,0.4294
1147,1.147,-0.0002,-0.0034,-0.0061,-0.0009,-0.092,-0.1006
1148,1.148,-0.0009,0.0003,-0.0098,0.0061,-0.0681,-0.1721
1149,1.149,-0.0048,-0.0017,-0.0092,0.0033,-0.1356,-0.237
1150,1.15,0.0004,0.0025,-0.0023,0.0093,-0.1156,-0.2956
1151,1.151,-0.0016,-0.0063,-0.0014,0.004,-0.0972,-0.2432
1152,1.152,0.0026,-0.0177,0.0028,0.0033,-0.2487,-0.3874
1153,1.153,-0.0015,-0.0131,0.0064,0.0002,-0.3911,-0.868
1154,1.154,-0.001,-0.0062,0.0071,-0.0086,-0.1873,-0.5484
1155,1.155,-0.0007,0.0026,0.0088,-0.0049,0.0573,-0.0239
1156,1.156,-0.0004,0.0035,0.0071,0.0007,0.0909,0.1886
1157,1.157,-0.0046,0.0005,0.0003,-0.0003,0.121,0.2537
1158,1.158,-0.0051,0.005,0.0048,-0.0031,0.1484,0.3124
1159,1.159,-0.0077,0.0058,0.0006,-0.0056,0.0748,0.2603
1160,1.16,-0.0066,0.0036,-0.0017,-0.0035,0.1869,0.2127
1161,1.161,-0.0027,0.0057,0.0047,-0.0028,0.4109,0.7808
1162,1.162,-0.0002,0.0014,0.0022,-0.0012,0.2619,0.704
1163,1.163,0.001,0.0019,-0,-0.01,0.0173,0.2112
1164,1.164,0.0013,0.0066,0.0035,-0.0188,-0.0818,-0.11
1165,1.165,0.0002,0.0024,0.0018,-0.0133,-0.1121,-0.1691
1166,1.166,0.0019,0.0006,0.0001,-0.0061,-0.1395,-0.2225
1167,1.167,0.0008,0.0011,-0.0025,-0.0016,-0.1151,-0.271
1168,1.168,-0.0017,-0.0001,0.0006,0.0026,-0.0929,-0.2276
1169,1.169,-0.0007,0.0011,-0.0006,0.0048,-0.3575,-0.5848
1170,1.17,0.0043,0.0014,0.0012,0.0097,-0.3217,-0.8253
1171,1.171,0.0007,0.0031,0.0022,0.0027,-0.0916,-0.3444
1172,1.172,0.0049,0,0.0019,-0,0.0581,0.1049
1173,1.173,0.0009,0.0025,0.0044,-0.0009,0.0858,0.1644
1174,1.174,0.0066,-0.002,0.0021,0.0012,0.1106,0.218
1175,1.175,0.0028,0.0022,0.0024,0.0032,0.1333,0.2667
1176,1.176,-0.0021,0.0027,0.0049,0.009,0.0725,0.2235
1177,1.177,0.0021,-0.0021,0.0032,0.0005,0.2762,0.3428
1178,1.178,0.0004,-0.0038,-0.0012,-0.0052,0.3576,0.8842
1179,1.179,0.0029,0.0003,-0.0007,0,0.1851,0.4976
1180,1.18,0.0017,0.006,0.0029,0.0008,-0.062,0.0043
1181,1.181,-0.0031,0.0023,0.0026,-0,-0.0956,-0.1889
1182,1.182,0.0052,-0.0013,0.0014,0.0052,-0.1257,-0.2479
1183,1.183,0.002,0.0004,0.001,0.0031,-0.1531,-0.3013
1184,1.184,-0.0033,0.0021,0.0014,0.0026,-0.0796,-0.2537
1185,1.185,0.0012,-0.0005,-0.001,0.0078,-0.1468,-0.2102
1186,1.186,-0.0013,0.0007,0.0032,0.0071,-0.4116,-0.8058
1187,1.187,0.0008,0.0003,0.0027,0.0053,-0.2314,-0.721
1188,1.188,0.0015,-0.0007,-0.0025,0.0058,-0.0011,-0.1785
1189,1.189,0.0057,0.0025,-0.0032,0.0052,0.0888,0.1748
1190,1.19,0.004,-0.0004,-0.0001,0.0055,0.1164,0.2402
1191,1.191,-0.0038,-0.0029,-0.0006,-0.0009,0.1412,0.299
1192,1.192,-0.0006,0.0023,0.0009,-0.0094,0.1191,0.2469
1193,1.193,0.0004,0.0001,-0.0012,-0.0062,0.0989,0.1993
1194,1.194,-0.0004,-0.0005,-0,-0.001,0.3397,0.5925
1195,1.195,0.0021,-0.0022,-0.0025,-0.0002,0.307,0.8569
1196,1.196,-0.0031,-0.0005,-0.0015,0.0023,0.0981,0.328
1197,1.197,-0.0038,-0.0021,-0.0025,-0.0014,-0.0922,-0.025
1198,1.198,0.002,-0.0051,0.0018,0.0021,-0.0682,-0.2183
1199,1.199,-0.0002,0.0005,-0.004,0.0038,-0.1357,-0.277
1200,1.2,0.0018,-0.0001,0.0013,0.0021,-0.1156,-0.3304
1201,1.201,0.0035,0.0019,0.0007,0.0036,-0.0973,-0.1868
1202,1.202,0.0019,0.0003,-0.001,-0.0015,-0.2486,-0.4053
1203,1.203,0.0004,-0.0038,-0.0085,-0.0064,-0.391,-0.9216
1204,1.204,0.0001,0.003,-0.0033,-0.0047,-0.1872,-0.5702
1205,1.205,-0.0011,-0.0034,-0.0005,-0.0042,0.0575,0.0067
1206,1.206,0.0014,-0.0025,0.0004,0.0005,0.091,0.2403
1207,1.207,-0.0038,-0.0018,-0.0002,0.001,0.1212,0.1711
1208,1.208,0.0032,-0.0038,0.0005,-0.0019,0.1485,0.2356
1209,1.209,0.0023,-0.0042,-0.0026,-0.0013,0.075,0.2941
1210,1.21,0.0032,-0.0002,-0.0042,0.0009,0.1871,0.2416
1211,1.211,-0.002,0.0046,-0.0006,0.0012,0.4109,0.7702
1212,1.212,-0.0013,0.0041,-0.0018,0.0022,0.262,0.7003
1213,1.213,-0.0018,0.0047,0.003,0.0012,0.0175,0.2518
1214,1.214,-0.0023,0.0042,-0.0001,0.0015,-0.0816,-0.1565
1215,1.215,-0.0017,0.002,-0.0041,0.0017,-0.1119,-0.2105
1216,1.216,-0.0005,0.0076,-0.0015,-0.0017,-0.1393,-0.2594
1217,1.217,-0.0017,-0.0008,-0.0012,-0.0038,-0.115,-0.3037
1218,1.218,0.0002,-0.0018,-0.0032,-0.0026,-0.0928,-0.1853
1219,1.219,0.0012,-0.0008,0.0019,-0.0044,-0.3574,-0.5824
1220,1.22,-0.0011,0.0019,-0.0001,0.0009,-0.3216,-0.8469
1221,1.221,0.0003,-0.0023,0.0042,0.0016,-0.0915,-0.3182
1222,1.222,0.0015,-0.003,0.0025,-0.0004,0.0581,0.1753
1223,1.223,0.0003,-0.0023,0.0031,0.0013,0.0857,0.2406
1224,1.224,-0.0026,-0.004,0.0009,0.0054,0.1105,0.2993
1225,1.225,-0.0022,-0.0034,-0.0003,-0.0002,0.1331,0.247
1226,1.226,0.001,0.0001,0.0016,0.0068,0.0723,0.1993
1227,1.227,0.0022,0.0032,0.0027,-0.0016,0.276,0.3302
1228,1.228,0.0012,-0.0007,0.001,0.0017,0.3574,0.8464
1229,1.229,0.0022,0.0029,0.0003,0.0027,0.1848,0.4949
1230,1.23,0.0049,0,0.0035,-0.0011,-0.0505,0.027
1231,1.231,-0.0001,0.0012,0.0029,-0.0019,-0.0736,-0.1666
1232,1.232,0.0005,0.0033,0.0041,-0.0044,-0.0944,-0.2259
1233,1.233,0,0.0029,0.0027,-0.0037,-0.1131,-0.2795
1234,1.234,-0.0005,0.0006,-0.0003,-0.0001,-0.0967,-0.2321
1235,1.235,-0.002,0.0036,-0.0015,0.0016,-0.1732,-0.2762
1236,1.236,-0.0008,0.0046,-0.0019,-0,-0.3819,-0.7926
1237,1.237,0.0012,0.0007,0.0005,-0.0005,-0.2331,-0.723
1238,1.238,-0.0007,0.0012,-0.0005,0.0026,-0.0429,-0.2747
1239,1.239,-0.0024,-0.003,-0.0047,0.0015,0.0808,0.1333
1240,1.24,-0.0034,0.001,-0.0005,0.0011,0.1036,0.1871
1241,1.241,-0.0032,-0.0015,0.0035,0.0008,0.1241,0.2357
1242,1.242,-0.0039,-0.0004,-0.0022,-0.0015,0.1059,0.2798
1243,1.243,-0.0076,-0.0001,-0.0059,-0.0008,0.0892,0.2403
1244,1.244,-0.0112,0.0009,-0.0039,0.0021,0.3187,0.637
1245,1.245,-0.0051,-0.0043,-0.0009,-0.0005,0.286,0.9013
1246,1.246,-0.0043,-0.0022,0.002,-0.0001,0.0769,0.3722
1247,1.247,-0.0021,-0.0015,0.0025,0.0016,-0.0594,-0.1216
1248,1.248,-0.0001,-0.011,-0.0006,0.0015,-0.0846,-0.1872
1249,1.249,0.0004,-0.0124,0.0015,-0.0024,-0.1522,-0.2463
1250,1.25,-0.0001,-0.0087,-0.0004,-0.0064,-0.1729,-0.3
1251,1.251,0.0024,-0.0055,0.0028,-0.0029,-0.1176,-0.2526
1252,1.252,0.0046,-0.0025,0.0031,0.0041,-0.2355,-0.3838
1253,1.253,0.0017,-0.0017,-0.0011,0.0051,-0.3735,-0.9003
1254,1.254,0.002,-0.0026,-0.0017,0.0024,-0.1698,-0.5491
1255,1.255,0.0044,0.0011,-0.0032,-0.0001,0.0747,0.0275
1256,1.256,0.002,0.0018,0.001,0.0036,0.1081,0.261
1257,1.257,0.0033,0.0048,-0.0031,0,0.1382,0.1918
1258,1.258,-0.0006,0.0053,0.0016,0.0006,0.1113,0.2562
1259,1.259,0.0011,0.0005,-0.0014,0.0023,0.136,0.1986
1260,1.26,0.0016,0.0047,-0.0019,-0.0003,0.1583,0.2515
1261,1.261,0.0038,0.0018,0.0038,0.0019,0.3821,0.78
1262,1.262,0.0035,0.0043,0.0016,0.0083,0.2331,0.7101
1263,1.263,0.0009,0.0031,-0.0049,0.0038,0.0428,0.1337
1264,1.264,-0.0001,0.001,0.001,0.0029,-0.0811,-0.1
1265,1.265,-0.0011,0.002,-0.0012,-0.0008,-0.1039,-0.1716
1266,1.266,0.0019,0.0002,-0.0019,-0.0101,-0.1246,-0.2364
1267,1.267,-0.001,0.0005,-0.0061,-0.0113,-0.1064,-0.2951
1268,1.268,0.0032,-0.002,-0.0078,-0.0058,-0.0899,-0.2428
1269,1.269,-0.002,-0.0011,-0.0104,-0.0048,-0.3195,-0.5792
1270,1.27,0.0044,0.0033,-0.0035,-0.0021,-0.287,-0.8853
1271,1.271,0.0019,-0.0008,-0.0025,-0.0063,-0.0781,-0.3689
1272,1.272,0.0025,-0.0024,0.0021,-0.0148,0.0581,0.1248
1273,1.273,0.0019,-0.0021,0.0046,-0.0204,0.0832,0.1902
1274,1.274,0.0002,-0.001,0.0053,-0.0109,0.1057,0.249
1275,1.275,0.0007,-0.0036,0.0003,-0.0072,0.1262,0.3023
1276,1.276,0.0012,-0.0088,0.002,-0.004,0.0709,0.2547
1277,1.277,-0.0019,-0.0126,0.0003,-0.001,0.256,0.3858
1278,1.278,0.0001,-0.0033,0.0028,0.0035,0.3793,0.9021
1279,1.279,0.002,0.0004,0.004,0.0044,0.1775,0.5507
1280,1.28,0.0003,0.0059,0,0.0021,-0.0128,0.1018
1281,1.281,-0.0007,0.0049,0.0005,0.007,-0.0873,-0.19
1282,1.282,-0.0044,0.004,0.0035,0.0087,-0.1099,-0.2437
1283,1.283,-0.0039,0.0048,0.0039,0.0115,-0.1305,-0.2923
1284,1.284,0.0003,0.0055,-0.0004,0.0057,-0.1122,-0.249
1285,1.285,-0.0014,0.0061,0.0013,0.0079,-0.1628,-0.2094
1286,1.286,0.0022,0.0044,0.0018,-0.0014,-0.3924,-0.7505
1287,1.287,-0.0009,0.0049,0.0005,0.0023,-0.2284,-0.6735
1288,1.288,-0.0005,0.0001,0.0009,0.0078,-0.0192,-0.1803
1289,1.289,-0.0015,0.0006,-0.0049,0.0068,0.0626,0.1412
1290,1.29,0.0002,0.0001,0.0045,0.0023,0.0876,0.2007
1291,1.291,-0.0002,0.0048,-0.0017,0.0031,0.1102,0.2544
1292,1.292,0.0005,0.0018,-0.0007,0.0009,0.0901,0.3033
1293,1.293,0.0012,0.0001,0.0003,0.0029,0.1087,0.173
1294,1.294,0.0024,0.0026,-0.0006,0.0012,0.3612,0.6101
1295,1.295,0.0037,0.0004,0.002,0.0029,0.3253,0.7851
1296,1.296,0.0007,-0.0025,-0.0017,-0.0049,0.0952,0.4155
1297,1.297,-0.0057,0.0001,0.0047,-0.0081,-0.0544,-0.1143
1298,1.298,0.0007,-0.0016,0.0039,0.0014,-0.082,-0.1858
1299,1.299,-0.0001,-0.0033,0.0017,0.0002,-0.1068,-0.2503
1300,1.3,-0.0008,-0.0008,0.0024,0.0013,-0.1293,-0.3087
1301,1.301,0.0013,0.0025,0.0041,0.0023,-0.1091,-0.256
1302,1.302,-0.0018,0.0022,-0.0023,-0.0023,-0.2386,-0.4001
1303,1.303,-0.0022,0.0012,-0.0015,0.0003,-0.3901,-0.8806
1304,1.304,-0.0017,-0.0012,0.0007,0.001,-0.166,-0.5607
1305,1.305,-0.002,-0.0021,0.0014,0.0003,0.0433,-0.036
1306,1.306,-0.0017,0.0009,0.0009,-0.0014,0.0711,0.1766
1307,1.307,0.0009,-0.0038,-0.0055,0.0015,0.0962,0.242
1308,1.308,-0.003,0.0005,0.0023,0.002,0.1189,0.301
1309,1.309,-0.0034,-0.0035,-0.003,-0.0001,0.0988,0.249
1310,1.31,-0.0004,0.0033,-0.0002,0.001,0.1545,0.2015
1311,1.311,-0.0007,0.0006,-0.0028,0.0036,0.407,0.7699
1312,1.312,-0.0025,-0.0036,0.0009,0.004,0.2267,0.6934
1313,1.313,0.0021,0.0049,-0.004,0.0023,-0.0035,0.2008
1314,1.314,0.0004,-0.0028,-0.0023,0.0042,-0.0935,-0.1201
1315,1.315,-0.0013,0.0003,0.0018,0.0003,-0.121,-0.1792
1316,1.316,0.0023,0.003,-0.0029,-0.0001,-0.0967,-0.2323
1317,1.317,0.0001,0.0039,0.0013,0.0014,-0.1193,-0.2807
1318,1.318,0.004,-0.0013,0.003,0.0017,-0.0991,-0.2372
1319,1.319,-0.0007,0.0008,0.0035,0.003,-0.3399,-0.5944
1320,1.32,0.001,0.0026,0.0005,-0.0028,-0.3072,-0.8348
1321,1.321,0.0027,0.0043,-0.0015,-0.0105,-0.0982,-0.3538
1322,1.322,-0.0009,-0.0003,0.0003,-0.0032,0.0921,0.0956
1323,1.323,0.0061,-0.0008,0.0007,-0.0041,0.1172,0.2715
1324,1.324,0.0008,-0.0024,0.0024,0.0002,0.0952,0.2197
1325,1.325,0.0017,-0.0009,0.0022,-0.005,0.1158,0.2685
1326,1.326,-0.0009,-0.003,0.0039,0.0057,0.0975,0.2254
1327,1.327,-0.0002,-0.0001,0.0002,0.0011,0.2489,0.3445
1328,1.328,-0.0022,0.0035,-0.0034,0.0052,0.3914,0.886
1329,1.329,-0.0017,-0.0007,-0.0003,0.0015,0.1876,0.4994
1330,1.33,0.0059,0.0011,0.0008,0.0026,-0.057,0.0061
1331,1.331,0.003,0.0032,-0.0026,0.0011,-0.0903,-0.1912
1332,1.332,-0,0.0007,-0.0007,0.0041,-0.1235,-0.2562
1333,1.333,0.0008,-0.0005,0.0045,-0.0004,-0.094,-0.3149
1334,1.334,-0.0001,-0.0033,0.0008,0.0022,-0.1212,-0.2627
1335,1.335,-0.0023,-0.0022,0.0015,-0.0031,-0.1458,-0.215
1336,1.336,0.0026,-0.0046,-0.0016,-0.0051,-0.3923,-0.783
1337,1.337,-0.0016,0.0005,-0.0011,-0.0081,-0.2282,-0.7062
1338,1.338,0.0013,0.0026,0.0004,-0.0053,-0.019,-0.2133
1339,1.339,-0.0002,-0.0016,-0.0038,-0.0017,0.1172,0.2357
1340,1.34,-0.0006,0.0013,-0.0055,-0.0029,0.0932,0.1789
1341,1.341,0.0014,-0.0023,-0.0113,-0.0017,0.1158,0.2323
1342,1.342,0.0011,-0,-0.0119,0.0002,0.0958,0.2807
1343,1.343,-0.0021,-0.0029,-0.0099,-0.0022,0.1143,0.15
1344,1.344,-0.0001,-0.0026,-0.0069,-0.0073,0.3331,0.5864
1345,1.345,-0.0036,-0.0071,-0.0017,-0.0151,0.3036,0.8771
1346,1.346,0.0014,-0.0002,-0.0023,-0.0121,0.0594,0.401
1347,1.347,-0.0006,0.0007,-0.0019,-0.0076,-0.0397,-0.0483
1348,1.348,-0.0023,-0.0052,0.001,-0.0084,-0.1295,-0.2242
1349,1.349,0.0041,0.0017,0.0005,0.0031,-0.1568,-0.2779
1350,1.35,-0.0001,0.0044,0.0016,0.0115,-0.1325,-0.2306
1351,1.351,0.0005,0.0002,0.0013,0.01,-0.0655,-0.1875
1352,1.352,-0.0015,-0.0036,0.0038,0.0086,-0.2488,-0.3864
1353,1.353,-0.002,-0.0016,0.0028,0.0023,-0.372,-0.928
1354,1.354,-0.0037,0.0027,0.0038,0.0055,-0.1702,-0.5415
1355,1.355,-0.0085,0.0043,0.0024,0.0002,0.0201,-0.0483
1356,1.356,-0.0102,0.0028,0.004,0.0066,0.0946,0.1448
1357,1.357,-0.0085,-0.0003,0.0057,-0.0029,0.1173,0.2038
1358,1.358,-0.0017,0.0009,0.0025,0.0034,0.1379,0.257
1359,1.359,0.001,0.0005,0.0028,-0.0023,0.1197,0.2094
1360,1.36,-0.0016,-0.0005,0.0075,-0.0075,0.1702,0.1658
1361,1.361,-0.0009,0.0005,-0.0008,-0.0048,0.3999,0.7611
1362,1.362,-0.0016,-0.0032,0.0002,-0.0006,0.2359,0.6762
1363,1.363,0.0014,-0.0017,-0.0008,-0.0013,0.0268,0.2884
1364,1.364,0.0009,0.0013,0.0019,-0.0034,-0.0551,-0.2054
1365,1.365,0.0034,-0.0052,0.0061,0.0023,-0.0801,-0.1429
1366,1.366,0.0031,-0.0137,-0.0054,0.006,-0.1027,-0.2017
1367,1.367,0.0051,-0.0127,0.003,0.0039,-0.1232,-0.2553
1368,1.368,0.0076,-0.0054,0.0045,0.0022,-0.1049,-0.2079
1369,1.369,0.0024,-0.0046,0.0004,0.005,-0.3573,-0.6014
1370,1.37,-0.0013,-0.0038,-0.0007,-0.0028,-0.3215,-0.866
1371,1.371,-0.0034,-0.0032,0.0003,0.0027,-0.0913,-0.3373
1372,1.372,0.0049,0.0046,0.0033,0.0017,0.0584,0.1563
1373,1.373,0.0059,0.0056,0.0041,0.0062,0.086,0.2215
1374,1.374,0.0029,0.0028,0.0016,0.002,0.1108,0.2802
1375,1.375,0.0037,0.0036,0.0023,0.0013,0.1333,0.3334
1376,1.376,-0.0005,0.0073,0.0002,0.0019,0.0726,0.1895
1377,1.377,0.0017,-0.0005,0.0008,0.0024,0.2763,0.4078
1378,1.378,-0.0019,0.0047,-0.0009,-0.0017,0.3576,0.8444
1379,1.379,-0.0002,0.002,0.0006,0.003,0.1851,0.554
1380,1.38,0.0038,0.0011,0.0018,0.0087,-0.0621,0.0771
1381,1.381,0.0013,0.0004,-0.0038,-0.0028,-0.0956,-0.2442
1382,1.382,0.0043,0.0052,-0.0075,-0.0011,-0.1258,-0.1874
1383,1.383,-0.0021,0.0047,-0.0039,-0.0027,-0.1532,-0.2408
1384,1.384,-0.003,0.0052,-0.0034,0.0013,-0.1289,-0.2894
1385,1.385,-0.0004,0.0036,-0.0086,-0.0024,-0.1514,-0.246
1386,1.386,-0.0011,0.0048,0.002,-0.0057,-0.4161,-0.7623
1387,1.387,-0.0005,-0.0017,-0.0025,-0.0047,-0.2359,-0.6926
1388,1.388,0.0012,0.001,-0.0039,-0.0002,-0.0056,-0.2441
1389,1.389,-0.0017,0.0018,-0.0001,-0.0044,0.0844,0.1641
1390,1.39,-0.0022,-0.0019,-0.0033,0.0008,0.1119,0.2181
1391,1.391,-0.0034,-0.0026,-0.0022,-0.0012,0.1366,0.2668
1392,1.392,0.0005,-0.001,0.0023,-0.0007,0.1144,0.3109
1393,1.393,-0.002,-0.0039,-0.0002,0.0069,0.0941,0.1922
1394,1.394,0.0002,-0.0014,0.0051,0.0038,0.3348,0.5891
1395,1.395,-0.0027,0.0017,0.0016,0.0011,0.3021,0.8534
1396,1.396,0.0015,0.002,0.0059,-0.0015,0.0931,0.3246
1397,1.397,-0.0013,0.001,0.0031,-0.0021,-0.0973,-0.1691
1398,1.398,0.0002,0.002,-0.0026,-0.0086,-0.0735,-0.2345
1399,1.399,-0.002,0.003,0.0011,-0.0026,-0.0962,-0.2934
1400,1.4,0.0009,0.0037,0.0019,0.0011,-0.1169,-0.2413
1401,1.401,0.0005,0.0025,0.0024,0.0004,-0.0987,-0.1937
1402,1.402,0.0009,-0.0012,0.0008,-0.0001,-0.2501,-0.3247
1403,1.403,-0.0008,0.0013,0.0013,-0.0006,-0.3925,-0.9203
1404,1.404,-0.0015,0.0002,0.0044,-0.0021,-0.1888,-0.495
1405,1.405,0.0024,-0.0027,0.0006,-0.0009,0.0558,-0.1068
1406,1.406,0.0029,-0.0024,0.0021,-0.0005,0.0892,0.2462
1407,1.407,0.0014,-0.0034,-0.0021,0.0014,0.1193,0.1831
1408,1.408,0.0002,-0.001,0.0009,-0.001,0.1465,0.2417
1409,1.409,0.0014,-0.0003,-0.0016,-0.002,0.1221,0.295
1410,1.41,0.0024,0.0008,-0.0028,-0.0001,0.1444,0.2471
1411,1.411,0.0028,-0.0008,-0.0007,-0.0039,0.3683,0.7275
1412,1.412,0.0011,0.0012,0.0029,0.0002,0.279,0.6641
1413,1.413,-0.0014,-0.0027,0.0007,0.0049,0.0344,0.2567
1414,1.414,-0.0025,0.0002,0.001,0.0044,-0.0649,-0.2202
1415,1.415,-0.0014,0.0017,0.0029,0.0085,-0.0951,-0.1575
1416,1.416,-0.0001,-0.0013,0.0006,0.0007,-0.1226,-0.2162
1417,1.417,-0.0017,-0.0017,-0.0031,-0.0003,-0.1474,-0.2694
1418,1.418,-0.0039,-0.0006,-0.0009,0.005,-0.0805,-0.2217
1419,1.419,-0.0021,-0.0023,-0.0029,-0.0034,-0.3452,-0.615
1420,1.42,-0.0004,0.0014,-0.0003,-0.0045,-0.3095,-0.8794
1421,1.421,-0.0026,0.0002,0.0021,-0.0014,-0.0794,-0.3507
1422,1.422,0.0017,0.0006,-0.0016,0.0013,0.0702,0.143
1423,1.423,-0.0026,-0.0019,0.0006,0.0005,0.0978,0.2085
1424,1.424,0.0003,-0.0009,0.0003,0.0011,0.1225,0.2674
1425,1.425,0.0008,-0.0005,-0.0039,0.0061,0.1003,0.3208
1426,1.426,-0.0034,0.0002,0.0014,0.0044,0.0801,0.2732
1427,1.427,0.003,0,-0.0035,0.0039,0.2466,0.317
1428,1.428,-0.0012,0.0017,0.0007,-0.0039,0.3587,0.8333
1429,1.429,-0.0034,0.0027,-0.0009,-0.0029,0.1753,0.4818
1430,1.43,0.0044,0.0014,-0.0014,-0.0019,-0.0472,0.0328
1431,1.431,0.0013,-0.001,0.0008,0.0008,-0.0777,-0.2592
1432,1.432,0.0047,0.0005,0.0004,0.0083,-0.1089,-0.2302
1433,1.433,0.0001,0.0029,0.0008,0.004,-0.1364,-0.2837
1434,1.434,0.0027,0.0028,-0.0028,0.0093,-0.1121,-0.2362
1435,1.435,0.0004,0.0039,-0.0016,0.0044,-0.1794,-0.1928
1436,1.436,0.0025,0.0002,0.0004,0.0001,-0.4033,-0.7885
1437,1.437,0.0008,-0.0065,-0.0053,-0.0087,-0.2544,-0.7038
1438,1.438,0.0037,-0.0039,-0.0028,-0.0075,-0.0099,-0.1614
1439,1.439,0.0011,-0.003,-0.0021,-0.0107,0.0892,0.1916
1440,1.44,0.0023,-0.0008,0.0043,-0.0055,0.1195,0.2568
1441,1.441,-0.0041,0.0012,-0.0035,-0.0028,0.1469,0.3156
1442,1.442,-0.0126,0.0029,-0.0025,0.0015,0.1226,0.2634
1443,1.443,-0.0048,-0.0059,-0.0033,-0.0038,0.0555,0.2157
1444,1.444,-0.0038,-0.0096,-0.0008,0.004,0.3607,0.6089
1445,1.445,0.0008,-0.0086,-0.003,-0.0033,0.3173,0.8734
1446,1.446,0.0033,-0.0076,-0.0037,-0.0006,0.1185,0.3446
1447,1.447,-0.0004,-0.0012,-0.002,0.0019,-0.0625,-0.1491
1448,1.448,0.0002,0.003,0.002,0.0026,-0.0959,-0.2146
1449,1.449,-0.0015,0.0052,0.0025,0.0019,-0.1259,-0.2736
1450,1.45,0.0038,0.0032,0.0021,0.0002,-0.1532,-0.327
1451,1.451,0.0017,-0.001,0.005,-0.0003,-0.1288,-0.2793
1452,1.452,0.0048,0.0006,0.0059,-0.0039,-0.2409,-0.323
1453,1.453,0.0031,0.0042,0.0035,-0.0027,-0.3832,-0.9186
1454,1.454,0.0016,0.0054,-0.0016,-0.0023,-0.1794,-0.4932
1455,1.455,-0.0054,0.0042,-0.0023,-0.0081,0.0653,0.0499
1456,1.456,0.0019,-0.0016,-0.0018,-0.014,0.0988,0.2622
1457,1.457,-0.0027,0.001,0.001,-0.0177,0.129,0.1995
1458,1.458,0.0015,0.0032,0.0025,-0.0071,0.1565,0.2582
1459,1.459,-0.0054,0.0038,0.0021,-0.0056,0.0831,0.3116
1460,1.46,-0.0027,-0.0004,0.0017,0.0014,0.1504,0.1679
1461,1.461,0.0015,0.0001,0.0013,0.0051,0.4151,0.6485
1462,1.462,0.0052,0.0016,0.0036,0.0041,0.2349,0.713
1463,1.463,0.0016,-0.0014,0.0005,0.0051,0.0047,0.1891
1464,1.464,-0.0026,-0.0018,-0.0014,0.006,-0.0852,-0.1638
1465,1.465,0.0014,-0.0021,-0.0025,0.0051,-0.1127,-0.2288
1466,1.466,0.003,-0.0011,-0.0042,0.0089,-0.0883,-0.2873
1467,1.467,-0.0013,-0.0001,-0.0068,0.0068,-0.1108,-0.2348
1468,1.468,-0.003,0.0042,-0.0092,0.0099,-0.0905,-0.187
1469,1.469,-0.0005,-0.0001,-0.0069,0.0094,-0.3682,-0.5801
1470,1.47,-0.0001,-0.0006,-0.0027,0.0078,-0.3287,-0.8443
1471,1.471,0.0027,0.003,0.0002,0.0017,-0.0758,-0.4115
1472,1.472,0.0031,-0,-0.0027,-0.0008,0.0892,0.1133
1473,1.473,-0.0002,-0.0029,0.0008,-0.003,0.1197,0.1852
1474,1.474,-0.0005,0.0029,0.0019,0.0034,0.1472,0.2501
1475,1.475,-0.0047,0.0003,-0.0028,0.0009,0.1231,0.309
1476,1.476,-0.0019,0.0025,0.0002,0.0002,0.1011,0.2568
1477,1.477,0.0017,-0.0052,0.0018,-0.0018,0.2435,0.4012
1478,1.478,-0.0014,0.0043,0.0012,-0.0023,0.3734,0.8819
1479,1.479,-0.0017,0.0031,0.0024,-0.0028,0.1547,0.5625
1480,1.48,-0.0028,-0.0001,0.0044,0.0007,-0.0543,0.0383
1481,1.481,-0.0031,0.0009,0.0033,0.0029,-0.0819,-0.1738
1482,1.482,-0.0001,-0.0055,0.0001,-0.0035,-0.1067,-0.2387
1483,1.483,0.005,-0.0012,0.0004,0.0011,-0.1291,-0.2971
1484,1.484,-0.0057,0.001,-0.0015,0.0036,-0.1088,-0.2447
1485,1.485,-0.0011,-0.001,0.003,-0.0016,-0.1642,-0.1967
1486,1.486,0.003,0.0032,0.0025,-0.001,-0.3829,-0.7645
1487,1.487,-0.0033,-0.0008,0.002,-0.0027,-0.2338,-0.6874
1488,1.488,0.0023,-0.0003,-0.0016,0.0002,-0.0434,-0.1942
1489,1.489,0.0013,-0.0034,0.0026,0.0027,0.0807,0.1273
1490,1.49,0.0021,0.0022,0.0009,-0.0034,0.1037,0.1867
1491,1.491,0.0013,0.0029,0.0035,0.0026,0.1244,0.2403
1492,1.492,0.0019,-0.0006,0.0057,0.0019,0.1064,0.2891
1493,1.493,-0.0001,-0.0001,0.0009,-0.0001,0.09,0.1586
1494,1.494,0.0016,-0.0041,-0.0033,0.0069,0.3197,0.5956
1495,1.495,-0.0001,-0.0005,0.002,0.0042,0.3529,0.8867
1496,1.496,-0.0026,-0.0002,-0,-0.0069,0.0843,0.4111
1497,1.497,-0.0014,0.0002,0.003,-0.0023,-0.0966,-0.0379
1498,1.498,0.0006,-0.0008,0.0025,-0.0009,-0.0642,-0.2135
1499,1.499,0.0032,0.0038,0.0031,-0.002,-0.0942,-0.2669
1500,1.5,-0.0007,0.0021,-0.0011,-0.003,-0.1214,-0.3156
1501,1.501,0.0029,-0.0043,0.0018,-0.002,-0.0969,-0.185
1502,1.502,0.0007,-0.0017,-0.0017,0.0045,-0.2537,-0.3836
1503,1.503,0.0028,-0.001,0.0005,-0.0033,-0.396,-0.9248
1504,1.504,0.0003,0.001,0.0017,-0.0063,-0.1921,-0.5381
1505,1.505,0.0027,-0.002,-0.0008,-0.0018,0.0526,-0.0446
1506,1.506,0.0017,-0.0015,0.0045,-0.0009,0.0863,0.149
1507,1.507,-0.0013,0.0011,-0.0024,-0.0002,0.0571,0.2082
1508,1.508,-0.0001,0.0042,0.0041,-0.0051,0.1388,0.2615
1509,1.509,0.0003,0.0003,0.0016,-0.0081,0.1146,0.3101
1510,1.51,-0.0014,-0.0012,-0.0005,-0.0029,0.182,0.1795
1511,1.511,0.0003,0.001,-0.0012,-0.0021,0.4059,0.7749
1512,1.512,0.0041,0.0014,-0.0006,0.0009,0.2571,0.6901
1513,1.513,-0.0017,0.0018,0.0023,-0.0007,0.0126,0.1476
1514,1.514,0.0006,0.0028,0.0008,0.0041,-0.0865,-0.2054
1515,1.515,0.0013,0.0005,0.002,0.0011,-0.1168,-0.2707
1516,1.516,-0.0029,-0.0025,0,0.0016,-0.1441,-0.2134
1517,1.517,-0,0.0022,0.0019,0.0022,-0.1198,-0.2669
1518,1.518,0.0005,0.0018,0.0037,0.0065,-0.0975,-0.2193
1519,1.519,-0.0017,-0.0022,0.0034,0.0037,-0.3214,-0.5252
1520,1.52,0.0048,-0.0037,-0.0008,0.0001,-0.3513,-0.8829
1521,1.521,0.0002,-0.0033,0.0009,-0.0049,-0.107,-0.3542
1522,1.522,0.0011,-0.003,-0.0008,0.0015,0.0577,0.1394
1523,1.523,-0.0011,-0.0011,-0.0002,0.0007,0.0881,0.2046
1524,1.524,0.0025,-0.0001,-0.0014,0.0029,0.1154,0.2633
1525,1.525,0.0008,-0.0004,0.0034,0.0009,0.1402,0.3165
1526,1.526,0.0025,-0.0023,-0.0008,0.0039,0.0731,0.2687
1527,1.527,-0.0022,-0.0024,-0.0025,0.0011,0.2562,0.3124
1528,1.528,-0.0005,-0.0017,-0.0009,0.0036,0.3795,0.908
1529,1.529,0.0013,0.0011,-0.0078,0.0067,0.1776,0.4825
1530,1.53,0.0028,0.0015,-0.0048,0.0038,-0.0129,0.0941
1531,1.531,-0.0014,0.0067,-0.0002,-0.002,-0.0874,-0.2591
1532,1.532,-0.0019,0.0045,-0.0044,0.0006,-0.1102,-0.1964
1533,1.533,-0.0015,-0.0011,-0.0049,0.0011,-0.1164,-0.2745
1534,1.534,0.002,-0.0004,-0.0012,0.0033,-0.0963,-0.2172
1535,1.535,0.0024,0.0065,-0.0018,0.0012,-0.1521,-0.2705
1536,1.536,-0.0005,0.0001,-0.0023,0.0042,-0.4047,-0.7991
1537,1.537,-0.0008,0.0043,0.0041,0.0013,-0.2968,-0.7295
1538,1.538,0.0002,-0.0027,-0.0001,-0.0044,-0.001,-0.1533
1539,1.539,-0.0021,0,-0.0039,-0.0066,0.1185,0.2351
1540,1.54,0.0021,-0.0025,-0.0032,-0.006,0.0828,0.1659
1541,1.541,0.0016,-0.0003,0.001,-0.0055,0.1157,0.2303
1542,1.542,-0.0025,-0.001,-0.0066,-0.0143,0.086,0.1727
1543,1.543,-0.006,0.0006,-0.0139,-0.0131,0.1131,0.1201
1544,1.544,-0.0057,0.0046,-0.0075,-0.0075,0.3348,0.5523
1545,1.545,-0.0045,-0.0001,-0.0084,-0.0023,0.305,0.8431
1546,1.546,-0.0103,-0.0019,0.0001,-0.005,0.1149,0.3673
1547,1.547,-0.0094,-0.0036,0.0011,0.0044,-0.0584,-0.082
1548,1.548,-0.0042,-0.0031,0.0041,0.0033,-0.0815,-0.1416
1549,1.549,-0.0022,-0.0001,0.0032,0.0043,-0.1023,-0.1954
1550,1.55,-0.0017,0.0002,-0.0027,0.0073,-0.1211,-0.2441
1551,1.551,-0.0034,-0.0024,0.001,0.0027,-0.071,-0.2011
1552,1.552,-0.0018,0.0015,-0.0026,0.0069,-0.2396,-0.3203
1553,1.553,-0.0015,-0.0011,-0.0109,0.0091,-0.3967,-0.8618
1554,1.554,0.0013,0,-0.0032,0.0055,-0.2136,-0.6301
1555,1.555,0.0003,-0.0021,-0.0002,0.005,0.0087,0.0041
1556,1.556,0.0055,0.0004,-0.0011,-0.0015,0.039,0.261
1557,1.557,0.0018,-0.0049,0.0015,0.0063,0.0664,0.1846
1558,1.558,0.0025,-0.0012,0.0036,0.001,0.1402,0.2553
1559,1.559,0.0041,0.0008,0.0071,0.0001,0.1179,0.3198
1560,1.56,0.0046,-0.0087,0.0054,-0.0024,0.1787,0.2621
1561,1.561,-0.0011,-0.0157,0.0025,-0.0061,0.4195,0.7375
1562,1.562,0.0041,-0.0146,0.005,-0.0111,0.2554,0.6739
1563,1.563,0.002,-0.0021,0.0019,-0.0153,0.0461,0.2664
1564,1.564,0.0003,0.0029,0.0039,-0.0136,-0.0903,-0.2106
1565,1.565,0.0008,-0.0047,-0.0003,-0.0111,-0.0664,-0.1481
1566,1.566,0.0013,-0.0088,0.0037,-0.0089,-0.1339,-0.2067
1567,1.567,0.0001,-0.0101,0.0032,-0.0025,-0.1139,-0.2601
1568,1.568,0.0012,0.0002,0.0035,0.0039,-0.0958,-0.2124
1569,1.569,0.0031,0.0042,0.0074,0.0047,-0.3483,-0.6057
1570,1.57,-0.0002,0.003,0.0026,0.0025,-0.3125,-0.87
1571,1.571,0.0018,0.0107,0.0021,0.0018,-0.0825,-0.3413
1572,1.572,-0.0001,0.0097,0.0026,0.006,0.0671,0.1524
1573,1.573,0.0023,0.0069,0.001,0.0055,0.0947,0.2178
1574,1.574,0.0039,0.0026,0.0032,0.009,0.1195,0.2766
1575,1.575,-0.0003,0.0095,-0.0015,0.0021,0.142,0.2245
1576,1.576,-0.002,0.0031,0.0015,-0.001,0.0811,0.1768
1577,1.577,-0.0016,0.0073,-0.0002,0.0017,0.2478,0.3079
1578,1.578,-0.0031,0.0035,0.0013,0.0059,0.4047,0.9034
1579,1.579,-0.0009,0.0015,0.0064,0.0052,0.1807,0.478
1580,1.58,0.0029,0.0045,-0.0001,0.0116,-0.0286,0.0897
1581,1.581,-0.0039,0.0016,0.0008,0.0057,-0.1105,-0.2633
1582,1.582,-0.0012,0.0011,-0.0014,0.0079,-0.1355,-0.2006
1583,1.583,-0.0004,0.0022,-0.0021,0.0058,-0.1136,-0.2592
1584,1.584,0.0018,-0.0007,-0.0016,0.0075,-0.0935,-0.3126
1585,1.585,0.0025,0.0051,0.0025,0.0011,-0.1491,-0.2649
1586,1.586,0.0041,-0.0009,-0.0001,-0.0032,-0.4017,-0.7455
1587,1.587,0.0012,-0.0016,-0.0004,-0.001,-0.2937,-0.8099
1588,1.588,0.0027,0.002,0.0017,-0.0059,0.0021,-0.1699
1589,1.589,0.0024,0.0003,-0.0002,-0.0054,0.1217,0.2574
1590,1.59,0.0012,0.0043,0.0015,-0.0026,0.0862,0.1814
1591,1.591,-0.003,0.0058,0.0005,-0.0031,0.1193,0.2522
1592,1.592,0.0022,0.0008,-0.0037,-0.0061,0.0898,0.3166
1593,1.593,-0.0014,-0.0012,-0.002,-0.0041,0.117,0.1426
1594,1.594,-0.0019,-0.0017,-0.0003,-0.0016,0.3389,0.5123
1595,1.595,-0.0002,-0.0012,-0.0018,-0.0068,0.3094,0.8489
1596,1.596,-0.0028,0.0023,-0.0005,-0.0061,0.1195,0.3683
1597,1.597,0.0015,-0.0007,-0.0044,-0.0011,-0.0535,-0.0808
1598,1.598,-0.0002,-0.0019,-0.0018,0.002,-0.0764,-0.2564
1599,1.599,-0.0028,-0.0008,-0.003,0.0015,-0.1376,-0.2046
1600,1.6,-0.0039,0.0015,-0.0033,0.0031,-0.1194,-0.2533
1601,1.601,-0.0019,0.0046,0.001,0.0034,-0.1028,-0.2101
1602,1.602,0.0007,0.0011,0.0005,0.0055,-0.2405,-0.3293
1603,1.603,-0.0017,0.0014,-0.003,0.002,-0.4072,-0.8707
1604,1.604,0.0014,-0.0024,0.0001,-0.001,-0.1606,-0.6388
1605,1.605,-0.0011,-0.0039,0.0005,0.0037,0.0042,-0.0046
1606,1.606,-0.0014,-0.0035,-0.0013,-0.0005,0.0942,0.2523
1607,1.607,-0.0031,-0.0006,-0.0002,0,0.1217,0.1759
1608,1.608,0.0006,-0.0016,-0.0005,-0.0014,0.1465,0.2465
1609,1.609,0.0012,-0.0026,-0.003,-0.0036,0.0797,0.3109
1610,1.61,0.0034,-0.0036,-0.0005,-0.0007,0.1407,0.2532
1611,1.611,0.0005,-0.0033,0.0033,-0.0032,0.3816,0.7286
1612,1.612,0.0009,0.0006,0.0003,-0.0022,0.2834,0.6649
1613,1.613,-0.0015,0.0002,0.0007,0.0002,0.0144,0.2572
1614,1.614,-0.0004,-0.0023,-0.0035,-0,-0.0943,-0.2199
1615,1.615,0.0021,-0.0018,0.0018,0.0039,-0.1275,-0.1576
1616,1.616,0.0025,0.003,-0.0017,0.0022,-0.0979,-0.2164
1617,1.617,0.0001,0.0013,0.0014,0.0017,-0.1251,-0.2699
1618,1.618,0.002,0.0031,-0.0015,0.0006,-0.1006,-0.2224
1619,1.619,0.0013,0.0006,-0.0009,0.0003,-0.3471,-0.5284
1620,1.62,0.0015,0.0019,0.0013,0.0045,-0.3144,-0.8863
1621,1.621,-0.0017,-0.0001,0.0034,0.0017,-0.1053,-0.3577
1622,1.622,-0.0013,-0.0003,0.0008,0.0012,0.0852,0.1359
1623,1.623,0.0015,0.0001,0.0019,0.0001,0.1104,0.2013
1624,1.624,0.0034,-0.0009,0.0022,0.003,0.1331,0.26
1625,1.625,0.0017,-0.0002,0.0029,-0.0011,0.1131,0.3132
1626,1.626,0.0014,0.0005,-0.0005,-0.0006,0.0949,0.2654
1627,1.627,0.0033,-0.0021,-0.0008,-0.001,0.2464,0.309
1628,1.628,0.0034,-0.0011,-0.0004,0.0012,0.3889,0.9045
1629,1.629,-0.0003,0.0006,-0.0023,-0.0052,0.1852,0.479
1630,1.63,0.0023,0.0025,0.0029,-0.0006,-0.005,0.0907
1631,1.631,0.0011,0.0027,0.0007,-0.0014,-0.0794,-0.2624
1632,1.632,-0.0037,-0.001,0.0028,0.0024,-0.1021,-0.1997
1633,1.633,-0.002,-0.0015,0.0033,0.0031,-0.1226,-0.2584
1634,1.634,-0.002,0.0028,-0.0003,0,-0.1013,-0.2646
1635,1.635,0.0009,-0.0003,0.0014,-0.0005,-0.1568,-0.2121
1636,1.636,-0.0026,0.0001,-0.0022,0.0024,-0.3756,-0.7407
1637,1.637,-0.0023,-0.0009,0.002,0.0029,-0.2863,-0.8113
1638,1.638,-0.002,-0.0026,0.0073,0.006,-0.0418,-0.235
1639,1.639,-0.001,-0.005,0.0023,0.0004,0.0574,0.1535
1640,1.64,0.0023,-0.0043,-0.0007,-0.0033,0.0877,0.2251
1641,1.641,-0.0016,-0.0026,-0.0048,-0.0013,0.1151,0.2899
1642,1.642,-0.0032,-0.0004,-0.0074,-0.0043,0.0908,0.2325
1643,1.643,-0.002,0.001,-0.0052,-0.0131,0.0687,0.1802
1644,1.644,0,0.0008,0.0004,-0.0143,0.2925,0.5167
1645,1.645,0.001,0.0019,0.001,-0.0087,0.3225,0.8229
1646,1.646,0.0027,-0.0013,-0.0011,-0.0057,0.1325,0.3861
1647,1.647,-0.0024,0.0038,0.0031,0.0007,-0.0405,-0.022
1648,1.648,-0.0117,0.0002,0.0002,-0.0018,-0.0634,-0.1817
1649,1.649,-0.008,0.0045,-0.0003,0.0051,-0.1247,-0.2306
1650,1.65,-0.0003,0.0039,-0.0034,0.0043,-0.1066,-0.2746
1651,1.651,-0.0033,-0.0039,-0.0005,0,-0.0899,-0.2353
1652,1.652,-0.0006,0.0017,-0.0041,0.0022,-0.2277,-0.4155
1653,1.653,-0.0015,-0.0013,-0.0072,0.0002,-0.3945,-0.9078
1654,1.654,0.0037,-0.0041,-0.0093,0.0044,-0.1928,-0.5564
1655,1.655,-0.0012,0.0001,-0.009,0.0027,0.0519,0.0204
1656,1.656,-0.0007,-0.0006,-0.008,-0.0009,0.0853,0.2544
1657,1.657,-0.0012,0.0015,-0.0077,0.0022,0.1154,0.1854
1658,1.658,0.0023,-0.0028,-0.0108,0.0042,0.1428,0.25
1659,1.659,0.0011,-0.0116,-0.0061,0.0016,0.1184,0.3087
1660,1.66,0.0014,-0.0128,-0.0019,0.0068,0.1407,0.2565
1661,1.661,0.0018,-0.0184,-0.0003,0.0074,0.4053,0.7851
1662,1.662,0.0041,-0.0112,0.0032,0.0039,0.2251,0.7154
1663,1.663,-0.0003,-0.0027,0.0002,0.0055,-0.0052,0.2671
1664,1.664,0.0026,0.0029,0.0021,0.0084,-0.0953,-0.1409
1665,1.665,0.001,-0.0002,0.0072,0.0068,-0.1229,-0.195
1666,1.666,-0.0002,0.0043,0.0065,-0.0002,-0.0987,-0.2434
1667,1.667,-0.0041,0.0052,0.0034,-0.0012,-0.1213,-0.2876
1668,1.668,0.0006,0.0058,0.0086,-0.0077,-0.1012,-0.1688
1669,1.669,0.0001,0.0023,0.0021,-0.0103,-0.342,-0.5657
1670,1.67,0.0053,0.0039,0.0063,-0.0156,-0.3751,-0.9354
1671,1.671,0.0004,0.008,-0.0007,-0.0107,-0.1063,-0.4067
1672,1.672,-0.0001,0.0075,0.0039,-0.0091,0.0748,0.0872
1673,1.673,0.0027,0.0014,0.0064,-0.0179,0.1082,0.2806
1674,1.674,-0.0008,0.0039,0.0041,-0.0041,0.1382,0.2234
1675,1.675,0.0034,0.0045,0.0034,-0.0022,0.1114,0.2769
1676,1.676,-0.0007,0.0065,0.0039,0.0028,0.0869,0.2294
1677,1.677,-0.0012,0.0048,-0.0002,0.0073,0.2438,0.3605
1678,1.678,-0.0016,0.0053,0.0034,-0.0023,0.3862,0.877
1679,1.679,-0.0004,0.0017,0.0021,-0.0036,0.1823,0.5258
1680,1.68,-0.0007,0.0014,0.0009,-0.0046,-0.008,0.0769
1681,1.681,0.0038,0.0017,-0.0001,0.0026,-0.0824,-0.2149
1682,1.682,0.0033,0.0007,0.0009,0.0053,-0.1053,-0.2688
1683,1.683,0.0016,0.0039,-0.0008,0.0027,-0.1259,-0.3172
1684,1.684,-0.0052,0.0059,0.0017,0.0034,-0.1077,-0.274
1685,1.685,0.0012,0.0001,0.0007,0.0027,-0.1583,-0.2346
1686,1.686,0.0021,-0.0024,-0.0017,0.0057,-0.388,-0.7757
1687,1.687,-0.0001,-0.0046,-0.0031,0.0073,-0.224,-0.6987
1688,1.688,0.0019,-0.0011,0.0008,0.0038,-0.0149,-0.2058
1689,1.689,0.0024,0.0006,-0.0009,0.0007,0.0669,0.1155
1690,1.69,-0.0004,-0.0035,0.0027,0.0027,0.0919,0.175
1691,1.691,0.0031,-0.004,0.003,0.0052,0.1144,0.2286
1692,1.692,0.0009,0.0002,0.0018,-0.0001,0.1349,0.2773
1693,1.693,0.0006,0.0031,-0,0.0036,0.1166,0.1467
1694,1.694,0.001,-0.0037,-0.001,0.0015,0.3353,0.5835
1695,1.695,-0.0036,-0.0045,0.002,0.0032,0.3057,0.8744
1696,1.696,0.0007,-0.002,0.0002,-0.0009,0.1158,0.3988
1697,1.697,-0.001,-0.0013,-0.0022,-0.0024,-0.0573,-0.0502
1698,1.698,-0.0025,-0.0006,-0.0032,-0.0013,-0.0801,-0.2258
1699,1.699,0.0017,-0.0023,-0.0039,0.0016,-0.1413,-0.2794
1700,1.7,0.0013,0.0017,0.0001,0.0012,-0.1231,-0.3281
1701,1.701,-0.0002,-0.0018,0.0018,-0.0011,-0.1064,-0.1976
1702,1.702,0.0001,0.0012,0.0003,-0.0008,-0.2441,-0.3167
1703,1.703,-0.001,-0.0008,0.0015,-0.0015,-0.4109,-0.858
1704,1.704,0.0015,-0.0011,-0.0005,0.0024,-0.1642,-0.6261
1705,1.705,-0.0008,-0.005,-0.0002,0.0029,0.0663,0.0081
1706,1.706,0.0016,0.0007,-0.0012,0.0024,0.0968,0.2651
1707,1.707,-0.0014,-0.0014,0.0006,0.0002,0.1243,0.1889
1708,1.708,0.0007,-0.0021,0.002,0.0006,0.1491,0.2597
1709,1.709,-0.0028,0.0048,0.0018,0.0048,0.0823,0.3241
1710,1.71,0.0002,-0.0016,-0.0019,0.0007,0.1435,0.2665
1711,1.711,-0.0036,0.001,0.0018,-0.004,0.3845,0.7424
1712,1.712,-0.001,0.0003,-0.0004,0.0043,0.2863,0.6789
1713,1.713,-0.0013,-0.0004,-0.0024,0.0033,0.0174,0.2714
1714,1.714,0.0007,-0.0034,-0.002,0.0086,-0.0913,-0.2057
1715,1.715,0.0011,-0.0028,0.0013,0.0022,-0.1244,-0.143
1716,1.716,0.0028,0.0019,-0.0026,-0.0004,-0.0948,-0.3179
1717,1.717,0.0032,0.0015,-0.002,-0.0011,-0.1219,-0.2657
1718,1.718,0.0051,0.001,0.0011,-0.0017,-0.0974,-0.2179
1719,1.719,0.0012,-0.0015,0.005,-0.006,-0.3438,-0.5237
1720,1.72,-0.0004,-0.0011,-0.0027,-0.0055,-0.3766,-0.8814
1721,1.721,0.0001,0.0045,0.0005,-0.0039,-0.1077,-0.3527
1722,1.722,-0.002,0.0024,-0.0025,-0.0036,0.0735,0.141
1723,1.723,0,-0.0011,0.0003,-0.0047,0.1071,0.2065
1724,1.724,-0.0003,0.0006,-0.0022,-0.0073,0.1373,0.2654
1725,1.725,-0.0026,0.0011,-0.0028,-0.002,0.1106,0.3189
1726,1.726,-0.0043,0.0027,-0.0035,-0.0041,0.0864,0.1752
1727,1.727,-0,0.0058,-0.0018,0.0008,0.2434,0.3064
1728,1.728,-0.0017,0.0038,-0.0012,-0.0008,0.3859,0.902
1729,1.729,0,-0.0013,0.0023,-0.0012,0.1823,0.4767
1730,1.73,-0.0014,0.0007,0.002,0.0024,-0.008,0.0886
1731,1.731,0.0028,0.0013,0.0024,-0.0018,-0.0823,-0.2645
1732,1.732,-0.0012,-0.0004,0.0014,-0,-0.1049,-0.2016
1733,1.733,0.0024,0.0011,-0.0038,0.0016,-0.1254,-0.2601
1734,1.734,-0.0006,-0.0001,-0.0001,0.0028,-0.1071,-0.3134
1735,1.735,-0.0013,0.0021,-0.0026,0.0007,-0.1445,-0.2215
1736,1.736,-0.0009,0.0018,0.001,0.0011,-0.3968,-0.7499
1737,1.737,-0.0028,0.0008,0.0015,0.0015,-0.2166,-0.68
1738,1.738,0.0011,-0.0016,-0.0002,0.0033,-0.0518,-0.2315
1739,1.739,0.0027,-0.0026,0.0013,0.0037,0.098,0.177
1740,1.74,-0.0015,-0.0001,0.0001,0.0012,0.1257,0.2312
1741,1.741,-0.001,0.0003,0.0005,0.0044,0.1015,0.28
1742,1.742,-0.0005,-0.0001,-0.0014,0.0016,0.1241,0.2371
1743,1.743,0.0025,0.0006,0.0003,0.0052,0.1039,0.1981
1744,1.744,-0.0022,-0.0018,0.0034,0.0001,0.3448,0.5232
1745,1.745,0.0009,0.0026,0.0023,-0.0005,0.3122,0.8293
1746,1.746,-0.0008,0.0009,0.002,0.0012,0.1032,0.3927
1747,1.747,0.0027,-0.0027,-0.0031,0.0041,-0.087,-0.0154
1748,1.748,0.0005,-0.0023,-0.0024,0.0057,-0.1121,-0.175
1749,1.749,-0.0007,0.0024,-0.0007,-0.0004,-0.1347,-0.2237
1750,1.75,0.0003,0.0029,0.0021,0.0055,-0.1147,-0.2678
1751,1.751,-0.0036,0.0012,-0.0004,0.0018,-0.0965,-0.2285
1752,1.752,-0.0001,-0.0046,0.0007,0.0068,-0.248,-0.3366
1753,1.753,0.0003,-0.0024,-0.0021,-0.0027,-0.4314,-0.8288
1754,1.754,-0.0037,-0.006,-0.0018,-0.0096,-0.1603,-0.6181
1755,1.755,-0.0032,-0.0043,-0.0008,-0.0108,0.0207,-0.0412
1756,1.756,-0.0029,-0.0038,0.0042,-0.0076,0.1198,0.1928
1757,1.757,0.0035,0.0029,-0.0022,-0.0023,0.0905,0.2645
1758,1.758,0.0027,0.002,-0.0048,-0.0015,0.0637,0.2012
1759,1.759,0.0035,-0.0006,-0.0011,-0.0006,0.0393,0.1439
1760,1.76,-0.0035,0.0016,0.001,0,0.1513,0.1973
1761,1.761,-0.0008,-0.002,0.0004,0.002,0.3752,0.8221
1762,1.762,-0,-0.0015,0.0009,-0.0037,0.2262,0.7375
1763,1.763,0.0006,-0.0032,0.0034,-0.0015,0.036,0.1952
1764,1.764,-0.0001,-0.0007,-0.0017,0.0049,-0.088,-0.1576
1765,1.765,-0.0032,-0.0011,0.0047,0.004,-0.0662,-0.2228
1766,1.766,-0.0015,0,-0.0012,0.0047,-0.0869,-0.2814
1767,1.767,0.002,-0.0058,-0.0097,0.0026,-0.1055,-0.2291
1768,1.768,0.0008,-0.0067,-0.0087,0.0009,-0.089,-0.1812
1769,1.769,0.0047,-0.0089,-0.0035,0.0025,-0.3187,-0.5743
1770,1.77,-0.0011,-0.0168,-0.0044,-0.0033,-0.3518,-0.8385
1771,1.771,-0.0005,-0.0095,-0.0019,-0.0026,-0.0831,-0.4058
1772,1.772,-0.0026,-0.0031,0.0003,-0.0006,0.098,0.119
1773,1.773,-0.0009,-0.0007,-0.0033,-0.0002,0.1314,0.1908
1774,1.774,-0.0015,0.003,-0.0016,-0.0019,0.1019,0.2556
1775,1.775,-0.0073,0.005,0.0059,-0.0097,0.1292,0.3143
1776,1.776,-0.0066,0.0019,-0.0014,-0.0153,0.1047,0.262
1777,1.777,-0.006,0.0071,0.0013,-0.0123,0.2615,0.3102
1778,1.778,-0.0018,0.0077,-0.0013,-0.0059,0.4039,0.8784
1779,1.779,-0.0013,0.006,0.004,-0.0051,0.2001,0.6466
1780,1.78,-0.0009,0.0054,0.0033,-0.0029,-0.0446,0.0123
1781,1.781,-0.0039,0.0019,0.0002,-0.0094,-0.0781,-0.2446
1782,1.782,0.0016,0.0006,0.0007,-0.0137,-0.1083,-0.1685
1783,1.783,0.0038,0.0026,0.0032,-0.0052,-0.1356,-0.2392
1784,1.784,0.0017,0.0061,0.0043,-0.0063,-0.1113,-0.3037
1785,1.785,0.0059,0.003,0.0004,0.0009,-0.1338,-0.2461
1786,1.786,0.0006,-0.0018,0.0009,0.0073,-0.3985,-0.7217
1787,1.787,0.0026,0.0024,0.0039,0.0031,-0.2905,-0.786
1788,1.788,0.0021,0.0041,0.001,0.0052,-0.0603,-0.2622
1789,1.789,0.0004,0.0015,-0.0016,0.0072,0.0894,0.2316
1790,1.79,0.0061,0.0011,0.0001,0.0055,0.1169,0.1689
1791,1.791,0.0008,-0.001,0.0011,0.0083,0.1417,0.2275
1792,1.792,-0.0012,0.0048,0.0024,0.0088,0.1195,0.2808
1793,1.793,-0.0007,0.0022,0.0012,0.0076,0.0994,0.2331
1794,1.794,0.0033,0.0015,0.0024,0.0055,0.3401,0.5388
1795,1.795,0.0018,-0.0006,0.0019,0.008,0.3075,0.8963
1796,1.796,0.003,-0.0001,0.0032,0.0028,0.0985,0.3675
1797,1.797,0.0018,-0.003,0.0005,-0.0025,-0.0917,-0.1259
1798,1.798,0.0036,-0.0004,-0.0014,0.001,-0.0677,-0.1913
1799,1.799,0.0019,-0.0001,-0.0011,0.0027,-0.0904,-0.2501
1800,1.8,0.0002,0.0028,-0.0007,0.0044,-0.1109,-0.3035
1801,1.801,0.0028,-0.0008,-0.0014,-0.0004,-0.0925,-0.2559
1802,1.802,0.0045,-0.002,0.0003,0.0013,-0.2439,-0.2998
1803,1.803,0.0048,0.0001,-0.0009,0.0054,-0.3863,-0.8955
1804,1.804,0.003,0.0026,-0.0023,0.0028,-0.1825,-0.6406
1805,1.805,0.0042,0.0023,-0.0004,-0.0003,0.0079,-0.0977
1806,1.806,0.0005,0.004,-0.0026,0.0036,0.0824,0.2551
1807,1.807,-0,-0.0002,-0.0007,0.0031,0.1053,0.1922
1808,1.808,0.0012,-0.0032,-0.0009,0.0053,0.1258,0.2507
1809,1.809,0.0009,0.0021,-0.001,-0.0002,0.1076,0.3039
1810,1.81,-0.0026,0.0014,-0.0015,-0.0039,0.1581,0.2559
1811,1.811,-0.0004,0.002,0.0012,0.001,0.3878,0.7363
1812,1.812,-0.0015,0.0016,-0.0033,0.004,0.2895,0.6728
1813,1.813,-0.0066,-0.0019,0.005,0.0012,0.0205,0.2653
1814,1.814,-0.0016,0.0051,0.0018,0.0017,-0.0883,-0.1062
1815,1.815,-0.0046,0.0021,0.0009,0.006,-0.1215,-0.2517
1816,1.816,0.0006,-0.0005,0.0036,0.0007,-0.092,-0.2963
1817,1.817,0.0027,0.0004,-0.0006,0.0001,-0.1192,-0.2576
1818,1.818,0.0011,-0.0002,0.0047,0.0032,-0.0948,-0.2221
1819,1.819,0.0016,-0.0009,0.0011,-0.0032,-0.3413,-0.5177
1820,1.82,0.0011,-0.0025,-0.0005,-0.0023,-0.3743,-0.8755
1821,1.821,-0.001,0.0028,0.0012,-0.0016,-0.1056,-0.347
1822,1.822,0.001,0.0035,0.0027,-0.0009,0.0755,0.1465
1823,1.823,0.0007,-0.0006,-0.0023,-0.0026,0.1089,0.2117
1824,1.824,-0.0016,0.0023,-0.0003,-0.002,0.139,0.2704
1825,1.825,-0.004,-0.0044,0.0015,-0.0045,0.1121,0.3237
1826,1.826,-0.0009,-0.007,-0.0038,-0.0057,0.0876,0.1799
1827,1.827,-0.0012,-0.0044,-0.0017,-0,0.2444,0.3109
1828,1.828,-0.0002,-0.0066,0.0026,0.0007,0.3868,0.9063
1829,1.829,-0.0018,-0.0045,0.0031,-0.0012,0.1829,0.6511
1830,1.83,-0.0001,0.0025,0.0006,0.003,-0.0618,0.108
1831,1.831,-0.0019,0.0034,0.0048,0.0002,-0.0954,-0.2452
1832,1.832,-0.0002,0.006,-0.0016,0.0039,-0.1257,-0.1826
1833,1.833,0.0025,0.0067,0.001,-0.0012,-0.099,-0.2413
1834,1.834,0.0029,0.0003,0.0017,0.0025,-0.1239,-0.2948
1835,1.835,-0.0008,0.0012,-0.0019,-0.0005,-0.1464,-0.2472
1836,1.836,-0.0002,0.004,0.001,-0.0015,-0.3927,-0.7509
1837,1.837,0.0001,0.0003,-0.002,0.0014,-0.2507,-0.795
1838,1.838,0.0041,-0.0004,0.0009,0.003,-0.0095,-0.1989
1839,1.839,0.0005,0.0001,-0.0027,0.0043,0.0896,0.228
1840,1.84,-0.0045,-0.0015,-0.003,-0.0021,0.1197,0.152
1841,1.841,-0.001,0.0021,-0.001,-0.0124,0.0928,0.2228
1842,1.842,-0.0005,-0.001,-0.0035,-0.0083,0.1175,0.2873
1843,1.843,0.0024,0.0002,-0.0003,-0.007,0.0952,0.2296
1844,1.844,-0.0001,-0.0008,-0.0007,-0.0038,0.3189,0.4937
1845,1.845,-0.0043,-0.004,0.0003,-0.0048,0.2891,0.7342
1846,1.846,-0.0015,-0.0051,-0.0014,0.0017,0.0447,0.3408
1847,1.847,0.0001,-0.0041,-0.0024,0.0008,-0.0546,-0.1363
1848,1.848,0.0023,-0.0002,-0.001,0.0046,-0.0851,-0.2018
1849,1.849,0.0002,-0.0007,-0.0049,0.001,-0.1667,-0.2609
1850,1.85,-0.0016,-0.0004,-0.0009,-0.0007,-0.1426,-0.3143
1851,1.851,-0.0033,-0.0033,-0.0014,0.001,-0.0757,-0.1706
1852,1.852,-0.003,-0.0007,0.0016,0.0005,-0.2182,-0.3018
1853,1.853,-0.0024,-0.004,-0.0004,0.0001,-0.3851,-0.8975
1854,1.854,-0.0063,-0.0036,-0.004,-0.0011,-0.1835,-0.4722
1855,1.855,-0.0092,-0.0055,-0.0044,-0.0001,0.0068,-0.0841
1856,1.856,-0.0067,-0.0031,0.0021,-0.0033,0.1305,0.2691
1857,1.857,-0.0045,-0.0048,-0.0007,-0.0022,0.1531,0.2064
1858,1.858,-0.0025,-0.0011,-0.0066,-0.0032,0.133,0.265
1859,1.859,-0.0029,-0.0069,-0.006,-0.0009,0.1147,0.3184
1860,1.86,-0.0005,-0.0154,-0.008,0.0001,0.1651,0.1747
1861,1.861,0.0011,-0.0164,-0.0111,0.0007,0.3947,0.7428
1862,1.862,0.0041,-0.0112,-0.0035,0.0046,0.2963,0.8205
1863,1.863,-0.0015,-0.0028,0.0038,0.005,0.0273,0.1868
1864,1.864,0.0022,0.005,-0.0008,0.0035,-0.0817,-0.0701
1865,1.865,0.0015,0.008,0.0017,-0.0017,-0.1151,-0.1487
1866,1.866,0.0057,0.0052,0.0039,0.0003,-0.0857,-0.2197
1867,1.867,0.0016,0.0061,0.0018,-0.0014,-0.113,-0.2843
1868,1.868,0.0021,0.0067,0.0035,-0.002,-0.0886,-0.2267
1869,1.869,0.0051,0.0116,0.004,0.0027,-0.3352,-0.4909
1870,1.87,0.0031,0.0073,0.0065,0.0021,-0.3682,-0.9236
1871,1.871,0.0056,0.0056,0.0034,-0.002,-0.0995,-0.4004
1872,1.872,0.0017,-0.0002,0.009,-0.0016,0.0816,0.0933
1873,1.873,0.0052,0.005,0.0005,-0.0013,0.115,0.1588
1874,1.874,0.0009,0.0029,0.0015,-0.0042,0.1452,0.2177
1875,1.875,0.0004,0.0012,-0.0016,-0.01,0.1184,0.2712
1876,1.876,0.0039,0.0029,0.0068,-0.016,0.094,0.2237
1877,1.877,-0.0012,0.0003,-0.001,-0.0123,0.2509,0.3548
1878,1.878,0.0008,0.0063,0,-0.0017,0.3933,0.8711
1879,1.879,0.0025,0.0021,0.0008,-0.0033,0.1896,0.5198
1880,1.88,-0.0004,0.0058,0.0017,-0.002,-0.055,0.071
1881,1.881,0.0001,0.0022,0.0023,0.0093,-0.0885,-0.2209
1882,1.882,-0.0011,-0.0021,0.003,0.0077,-0.1187,-0.1693
1883,1.883,-0.005,0.0032,0.0035,0.0063,-0.146,-0.3141
1884,1.884,-0.0045,0.0025,-0.0006,0.0074,-0.1216,-0.271
1885,1.885,-0.0067,0.0041,-0.0001,0.0042,-0.144,-0.2318
1886,1.886,-0.0012,-0.0047,0.0011,0.0051,-0.4086,-0.7731
1887,1.887,-0.0005,-0.001,0.0031,0.0024,-0.3005,-0.6963
1888,1.888,0.0073,-0.0042,-0.0012,-0.0019,-0.0046,-0.2036
1889,1.889,-0,-0.0012,0.0005,-0.0041,0.1152,0.1177
1890,1.89,0.0008,-0.0039,0.002,0.0007,0.0797,0.1772
1891,1.891,0.0033,-0.0014,-0.0002,-0.001,0.1129,0.2306
1892,1.892,-0.0004,-0.0008,-0.0022,0.0042,0.143,0.2791
1893,1.893,0.0003,0.0012,-0.0025,0.0021,0.1161,0.2358
1894,1.894,0.0008,-0.0005,-0.0022,0.0004,0.338,0.5138
1895,1.895,0.0002,0,-0.0005,-0.0013,0.3085,0.8389
1896,1.896,0.0028,-0.0005,-0.0003,0.0034,0.1186,0.4454
1897,1.897,-0.0042,-0.0008,-0.001,0.0017,-0.0544,-0.0317
1898,1.898,0.0031,0.0048,-0.0037,0.0034,-0.0772,-0.225
1899,1.899,-0.0015,-0.0005,0.0016,0.0049,-0.1383,-0.2839
1900,1.9,0.0011,-0.0025,0.001,0.0018,-0.12,-0.2317
1901,1.901,0.0004,-0.003,0.0003,0.0039,-0.1032,-0.184
1902,1.902,0.0068,-0.0059,-0.0014,0.0028,-0.2408,-0.3149
1903,1.903,0.0026,-0.0011,-0.0018,0.0025,-0.4074,-0.9104
1904,1.904,-0.0011,0.0006,-0.0003,0.0035,-0.2055,-0.6554
1905,1.905,0.0009,0.0035,0.0028,0.0078,0.0392,-0.1124
1906,1.906,0.004,0.0019,-0.0036,0.0061,0.0728,0.2408
1907,1.907,-0.0001,-0.0031,-0.0028,-0.0003,0.1032,0.178
1908,1.908,-0.0016,0.0018,-0.0036,-0.0045,0.1308,0.2366
1909,1.909,-0.0037,0.0049,0.0017,0.0025,0.1066,0.2899
1910,1.91,0.001,-0.0039,-0.0018,0.0017,0.1291,0.2422
1911,1.911,-0.0006,-0.0027,0.0039,-0.0025,0.3939,0.7226
1912,1.912,-0.0011,0.0005,-0.0013,-0.0018,0.2861,0.7869
1913,1.913,-0.0026,0.0015,0.0008,-0.0025,0.0559,0.2631
1914,1.914,0.0005,0.0061,0.0025,-0.0007,-0.0937,-0.0902
1915,1.915,-0.0015,-0.0016,0.003,0.001,-0.1212,-0.1555
1916,1.916,-0.0011,-0.0006,-0.0005,-0.0015,-0.0968,-0.2142
1917,1.917,-0.0035,-0.0032,-0.0016,0.0054,-0.1192,-0.2678
1918,1.918,-0.0017,0.001,0.0031,0.0024,-0.099,-0.2203
1919,1.919,0.0013,0.0004,0.0027,-0.0002,-0.3396,-0.5263
1920,1.92,-0.0051,0.004,0.001,-0.0011,-0.3725,-0.8839
1921,1.921,-0.0005,0.0045,0.0005,-0.0063,-0.1037,-0.4516
1922,1.922,-0.003,0.0017,-0.0007,-0.0027,0.0774,0.0729
1923,1.923,0.0008,-0.003,0.0005,-0.0084,0.1109,0.1446
1924,1.924,-0.0012,0.0001,0.0009,-0.0031,0.141,0.2093
1925,1.925,-0.0043,-0.0028,0.0033,-0.008,0.1143,0.2679
1926,1.926,0.001,0.003,0.0002,0.0015,0.0899,0.2155
1927,1.927,0.0004,-0.0022,0.0006,0.0002,0.2467,0.3598
1928,1.928,0.0061,-0.0029,-0.0026,-0.001,0.3892,0.8404
1929,1.929,0.0009,-0.0012,-0.003,0.0001,0.1855,0.5208
1930,1.93,0.0002,-0.0007,-0.0011,0.0011,-0.0049,0.1129
1931,1.931,0.0019,0.0019,-0.0021,0.0038,-0.0793,-0.1529
1932,1.932,-0.0021,0.0007,-0.0018,0.0064,-0.102,-0.2022
1933,1.933,0.0015,-0.0013,-0.0032,0.0071,-0.1226,-0.2464
1934,1.934,0.0045,0.0023,-0.003,0.0007,-0.1044,-0.2867
1935,1.935,0.0025,0.0035,-0.0003,-0.0001,-0.155,-0.1791
1936,1.936,0.0035,-0.0029,0.0007,-0.007,-0.3847,-0.6715
1937,1.937,0.0003,-0.0023,0.0022,-0.0041,-0.2754,-0.7781
1938,1.938,0.0013,0.0023,0.0039,0.0023,-0.0451,-0.2853
1939,1.939,0.003,0.0032,-0.0003,0.0015,0.1047,0.1639
1940,1.94,-0.0012,0.0039,-0.0009,0.0022,0.0781,0.2231
1941,1.941,0.0019,-0.0039,-0.0014,0.0015,0.1029,0.2767
1942,1.942,0.0002,-0.0029,-0.0061,-0.0002,0.1254,0.2292
1943,1.943,0.0027,-0.0056,-0.0031,-0.0019,0.1052,0.186
1944,1.944,-0.0034,-0.003,-0.0002,0.0007,0.3459,0.5434
1945,1.945,-0.0008,-0.0008,-0.0028,-0.0044,0.3133,0.8799
1946,1.946,-0.0015,-0.0028,-0.0098,-0.0037,0.1043,0.3993
1947,1.947,0.0005,-0.0023,-0.0088,-0.0032,-0.0861,-0.0498
1948,1.948,-0.0012,-0.0018,-0.0003,0.0009,-0.1112,-0.2255
1949,1.949,-0.0029,0.0018,0.0007,0.0003,-0.134,-0.2792
1950,1.95,0.0019,0.0006,-0.0024,0,-0.114,-0.3279
1951,1.951,-0.0012,0.0026,-0.0032,0.0003,-0.0958,-0.2845
1952,1.952,-0.0007,-0.0009,0.001,-0.0039,-0.2473,-0.3243
1953,1.953,-0.0022,-0.0031,0.0003,-0.0044,-0.3898,-0.8656
1954,1.954,-0.0018,0.0008,0.0052,-0.0122,-0.1861,-0.6338
1955,1.955,0.0002,0.0043,0.0047,-0.0155,0.0041,0.0004
1956,1.956,0.0005,0.0031,0.0064,-0.0102,0.0785,0.2574
1957,1.957,0.0015,0.0035,0.0028,-0.0038,0.1011,0.1813
1958,1.958,-0.0036,-0.0023,0.0006,-0.003,0.1216,0.2522
1959,1.959,-0.0042,0.002,-0.0023,-0.0008,0.1032,0.3167
1960,1.96,-0.0037,-0.0002,0.0012,0.0027,0.1537,0.2591
1961,1.961,-0.009,0.0047,0.0015,0.0022,0.3832,0.7348
1962,1.962,-0.0097,0.0004,0.0012,0.0062,0.2848,0.7993
1963,1.963,-0.0002,0.0057,0.0002,0.0047,0.0157,0.2757
1964,1.964,-0.0016,0.0021,0.0012,0.0035,-0.0931,-0.218
1965,1.965,-0.0004,0.0026,0.0022,0.0046,-0.1266,-0.1552
1966,1.966,0.0006,0.0009,-0.0004,0.0043,-0.0972,-0.2138
1967,1.967,-0.0004,0.0004,0.0028,0.0059,-0.1246,-0.267
1968,1.968,0.0004,-0.0066,0.0048,0.0022,-0.1003,-0.2191
1969,1.969,0.0013,-0.0161,0.0023,0.0018,-0.3021,-0.5249
1970,1.97,0.0019,-0.0098,-0.001,0.0047,-0.3294,-0.8824
1971,1.971,0.004,-0.0066,-0.0038,0.0022,-0.1074,-0.4497
1972,1.972,0.0056,-0.0014,0.0004,0.0018,0.1019,0.0749
1973,1.973,0.0004,-0.0005,0.0021,0.0022,0.1294,0.1467
1974,1.974,0.0011,-0.0014,0.0025,0.0064,0.1542,0.2116
1975,1.975,0.0041,0.0055,0.0013,0.0021,0.1321,0.2703
1976,1.976,0.0046,0.0009,0.0034,-0.0007,0.0712,0.2181
1977,1.977,-0.0022,0.0051,0.0015,-0.0002,0.2378,0.3625
1978,1.978,0.0005,0.0014,-0.0024,0.0009,0.3947,0.8433
1979,1.979,-0.002,-0.0007,0.0011,0.003,0.1708,0.6518
1980,1.98,0.0032,0.001,0.0008,0.0048,-0.0386,0.1276
1981,1.981,-0.0017,0.0038,0.0005,0.0038,-0.0663,-0.2254
1982,1.982,-0,0.0033,-0.0006,0.0035,-0.0913,-0.1623
1983,1.983,0.004,-0.0037,-0.0029,-0.0002,-0.114,-0.2208
1984,1.984,0.0035,0.0015,0.0015,0.0013,-0.094,-0.274
1985,1.985,0.0057,0.0023,0.001,0.0025,-0.1497,-0.2262
1986,1.986,0.0037,-0.0002,-0.0006,-0.0014,-0.4022,-0.7066
1987,1.987,0.0001,-0.0009,-0.0002,-0.0009,-0.2943,-0.7707
1988,1.988,-0.0003,-0.0016,-0.0031,-0.0039,-0.0641,-0.2469
1989,1.989,-0.0006,0.0026,0.0027,-0.0028,0.0857,0.1063
1990,1.99,0.0051,-0.0003,0.0002,-0.0038,0.1132,0.1717
1991,1.991,0.0026,0.0022,-0.0051,0.0002,0.138,0.2305
1992,1.992,0.0004,-0,-0.003,-0.0014,0.1159,0.284
1993,1.993,-0.0017,-0.0021,-0.0025,-0.0044,0.0958,0.2363
1994,1.994,-0,-0.0031,0.0015,-0.0015,0.3365,0.5422
1995,1.995,-0.0017,-0.0035,-0.001,0.0011,0.3039,0.8204
1996,1.996,-0.0023,-0.0012,-0.0032,-0.0022,0.095,0.4235
1997,1.997,-0.0045,0.0025,0.0007,0.0007,-0.0413,-0.0534
1998,1.998,-0.0016,-0.001,0.0023,0.0011,-0.1156,-0.2466
1999,1.999,-0.0042,0.004,0.0001,0.005,-0.1383,-0.3054
2000,2,-0.001,0.0004,-0.0046,-0.0007,-0.1182,-0.2529
2001,2.001,-0.0038,-0.0001,-0.0029,-0.0029,-0.1,-0.2051
2002,2.002,0.0019,-0.0006,-0,-0.0009,-0.2177,-0.3362
2003,2.003,0.0027,0.0009,0.0005,0.0008,-0.3861,-0.8524
2004,2.004,-0.0025,0.0021,-0.0025,-0.0044,-0.1843,-0.6418
2005,2.005,-0.0018,-0.0027,-0.0028,-0.0024,0.0603,-0.065
2006,2.006,-0.0023,-0.001,0.003,0.0007,0.0939,0.1688
2007,2.007,-0.0052,-0.0027,0.0005,0.0024,0.1241,0.2401
2008,2.008,-0.0005,-0.0002,0.0012,0.0072,0.0974,0.3047
2009,2.009,-0.001,-0.0032,0.0048,-0.0022,0.1222,0.2472
2010,2.01,0.0007,-0.0012,-0.0021,-0.0118,0.1447,0.1948
2011,2.011,0.0003,0.0023,0.0006,-0.0005,0.4094,0.7234
2012,2.012,0.0006,0.0027,0.0015,0.0041,0.2294,0.794
2013,2.013,-0.0033,0.0023,0.0022,0.0028,0.0649,0.2178
2014,2.014,-0.0017,-0.0019,0.0042,0.004,-0.0847,-0.1707
2015,2.015,-0.0005,0.0021,-0.0027,0.0051,-0.1122,-0.2423
2016,2.016,0.0024,0.0047,0.0038,-0.0001,-0.137,-0.307
2017,2.017,0.0034,-0.0004,0.0046,-0.0065,-0.1148,-0.2495
2018,2.018,0.0002,-0.0024,0.0009,-0.009,-0.0945,-0.1971
2019,2.019,-0.0027,0.0018,-0.0011,-0.0096,-0.3352,-0.5336
2020,2.02,0.0031,0.0013,0.0006,-0.0032,-0.3681,-0.8397
2021,2.021,-0.0028,-0.0012,0.0011,0.0011,-0.0992,-0.403
2022,2.022,0.0009,0.0039,0.0027,0.0018,0.0819,0.1215
2023,2.023,0.0016,0.0019,0.0005,0.0025,0.1154,0.1933
2024,2.024,0.0033,0.0036,-0.0034,0.0008,0.1456,0.2579
2025,2.025,0.0017,-0.0004,0.0001,0.0037,0.1189,0.3165
2026,2.026,0.0032,0.0001,-0.0002,0.0001,0.0946,0.2641
2027,2.027,0.002,-0.002,-0.0013,-0.0029,0.2066,0.3123
2028,2.028,-0.0008,0.0027,-0.0024,-0.0009,0.39,0.8803
2029,2.029,0.0017,-0.0003,-0.002,0.001,0.1683,0.6484
2030,2.03,0.0014,0.0026,-0.0023,0.0033,-0.0409,0.0142
2031,2.031,0.0051,0.0011,-0.0037,0.0037,-0.0686,-0.2428
2032,2.032,0,0.0015,-0.0003,0.0018,-0.0936,-0.1667
2033,2.033,-0.0006,0.0071,0.0001,0.0057,-0.1161,-0.2377
2034,2.034,0.0011,-0.0014,0.0021,0.004,-0.096,-0.3022
2035,2.035,0.0006,-0.0024,0.0011,0.0034,-0.1516,-0.2446
2036,2.036,0.0031,-0.0013,-0.0006,0.0004,-0.404,-0.7203
2037,2.037,0.0001,-0.0005,-0.003,-0.0009,-0.2961,-0.7848
2038,2.038,0.0029,-0.0026,0.0004,-0.0065,-0.0372,-0.2293
2039,2.039,0,-0.0068,0.0023,-0.004,0.0619,0.1789
2040,2.04,0.0004,0.0001,0.0006,-0.003,0.0922,0.2328
2041,2.041,0.0043,0.0028,0.0038,0.002,0.1196,0.2814
2042,2.042,0.0007,0.0054,0.0009,0.0013,0.1443,0.2381
2043,2.043,-0.0005,0.0017,-0.0033,-0.003,0.0772,0.1987
2044,2.044,-0.0025,0.0024,-0.0004,0.0011,0.3418,0.5235
2045,2.045,-0.0006,-0.0018,0.0011,0.0005,0.378,0.8294
2046,2.046,-0.001,-0.0001,0.0014,0.0056,0.0822,0.3924
2047,2.047,-0.0013,-0.0016,-0.0015,0.0006,-0.0375,-0.1322
2048,2.048,-0.0007,0.0006,-0.0018,0.0023,-0.0742,-0.3446
2049,2.049,-0.0046,-0.0014,-0.0015,0.0028,-0.1074,-0.2816
2050,2.05,0.0019,0.0011,-0.0011,0.0022,-0.1375,-0.2244
2051,2.051,-0.0024,0.005,-0.0025,0.001,-0.1107,-0.1721
2052,2.052,-0.003,-0.0007,-0.0064,0.003,-0.2339,-0.3165
2053,2.053,0.0005,-0.0077,-0.0093,-0.0028,-0.391,-0.8846
2054,2.054,-0.0012,0.0008,-0.0045,-0.0106,-0.2078,-0.4981
2055,2.055,-0.0041,-0.0048,-0.0015,-0.0096,0.0145,-0.0049
2056,2.056,-0.0108,-0.0038,-0.0032,-0.0088,0.1044,0.1886
2057,2.057,-0.0063,-0.0029,-0.0006,-0.0063,0.0777,0.2476
2058,2.058,-0.0037,-0.0037,0.0044,-0.0026,0.1516,0.3009
2059,2.059,-0.0044,0.0015,-0.0005,0.0009,0.0846,0.2534
2060,2.06,-0.0037,0.0008,0.0037,0.0025,0.1049,0.21
2061,2.061,0.0005,0.0013,0.0009,-0.0028,0.3455,0.7261
2062,2.062,0.0034,-0.0015,0.0014,-0.0008,0.2471,0.7966
2063,2.063,-0.0014,0.0042,0.0002,-0.0013,0.0379,0.2204
2064,2.064,0.0029,0.0005,0.004,-0.0101,-0.044,-0.1682
2065,2.065,0.0034,-0.0031,0.0025,-0.0164,-0.0692,-0.2399
2066,2.066,0.0018,-0.0014,0.0047,-0.0061,-0.1368,-0.3048
2067,2.067,0.0022,-0.0055,0.0043,-0.0048,-0.1168,-0.2475
2068,2.068,0.0025,-0.0122,0.0033,0.0039,-0.0985,-0.1952
2069,2.069,-0,-0.0114,0.0009,0.0029,-0.3174,-0.5318
2070,2.07,0.0039,-0.0055,-0.0015,0.0101,-0.3474,-0.9253
2071,2.071,-0.0039,-0.0049,0.0027,0.0055,-0.1033,-0.4497
2072,2.072,0.0017,0,0.007,0.0064,0.0614,0.1272
2073,2.073,0.0006,0.003,-0.0007,0.0041,0.0917,0.206
2074,2.074,0.0015,0.0025,0.0003,-0.0008,0.1191,0.277
2075,2.075,0.0006,0.004,-0.0061,0.0009,0.1438,0.2137
2076,2.076,-0.0016,0.0043,-0.0036,0.0061,0.0768,0.2722
2077,2.077,0.0004,0.004,-0.003,0.0081,0.219,0.3251
2078,2.078,-0.0001,0.0014,0.0006,0.0051,0.3857,0.8537
2079,2.079,0.0028,0.0024,0.0011,0.0022,0.1839,0.6432
2080,2.08,-0.003,0.0047,-0.0018,0.0047,-0.0064,0.0665
2081,2.081,0.0055,0.0005,-0.0003,0.0035,-0.0809,-0.1672
2082,2.082,0.0044,0.001,-0,0.0074,-0.1037,-0.2387
2083,2.083,0.0034,0.005,0.002,0.0038,-0.1243,-0.3032
2084,2.084,0.0061,0.0014,-0.0038,0.0026,-0.1062,-0.2456
2085,2.085,-0.0034,0.0017,0.004,0.0014,-0.123,-0.1933
2086,2.086,0.0029,0.0014,0.0009,0.0065,-0.3527,-0.7219
2087,2.087,-0.0004,0.0024,0.0001,0.0029,-0.2545,-0.7924
2088,2.088,-0.0014,-0.0009,0.0009,0.0046,-0.0455,-0.2162
2089,2.089,-0.0006,0.002,-0.0013,0.0051,0.0907,0.1724
2090,2.09,-0.0014,0.0009,-0.0033,0.0025,0.1156,0.244
2091,2.091,0.0008,-0.0043,-0.0003,-0.0005,0.1382,0.3087
2092,2.092,-0.0013,0.0041,0.0002,-0.0044,0.1181,0.2513
2093,2.093,0.0004,0.0009,-0.0014,-0.0122,0.0997,0.1988
2094,2.094,-0.0013,-0.0002,-0.001,-0.0044,0.3185,0.5353
2095,2.095,0.0002,0.0007,0.0001,-0.0034,0.3484,0.8414
2096,2.096,0.0005,0.0015,-0.0024,-0.0025,0.1041,0.4047
2097,2.097,0.0002,0.0008,0.0021,0,-0.0607,-0.1198
2098,2.098,-0.0002,0.0001,-0.0021,-0.0037,-0.0911,-0.1916
2099,2.099,-0.0012,0.0006,-0.0004,-0.003,-0.1185,-0.2564
2100,2.1,-0.0029,0.0001,0.0021,-0.0013,-0.1432,-0.3147
2101,2.101,-0.0004,-0.0014,-0.0009,0.0005,-0.0763,-0.2621
2102,2.102,-0.0007,-0.0018,0.0011,-0.002,-0.2186,-0.3101
2103,2.103,0.0003,-0.0021,-0.004,-0.0023,-0.3854,-0.8779
2104,2.104,-0.0004,-0.0018,-0.0047,-0.0019,-0.1837,-0.6459
2105,2.105,0.0019,-0.0008,0.0023,-0.0022,0.0066,-0.0114
2106,2.106,-0.0031,-0.0025,0.0014,0.0031,0.081,0.2457
2107,2.107,-0.0011,0.0006,-0.0011,0.0053,0.1038,0.1697
2108,2.108,-0.0006,-0.0041,0.0011,0.0034,0.1244,0.2408
2109,2.109,0.0046,0.0016,-0.0009,0.0029,0.1061,0.3054
2110,2.11,-0.0003,0.0023,0.006,0.0013,0.123,0.2478
2111,2.111,0.0014,0.0003,-0.0004,-0.0044,0.3528,0.7235
2112,2.112,-0.0015,-0.0001,0.0005,-0.0007,0.2546,0.7881
2113,2.113,-0.0062,-0.0006,0.0012,0.0001,0.0455,0.2645
2114,2.114,-0.0031,0.0019,0.0019,-0.0029,-0.0905,-0.0885
2115,2.115,-0.0003,0.005,-0.0011,-0,-0.1155,-0.1536
2116,2.116,-0.0018,-0.0006,0.0018,0.0005,-0.138,-0.2122
2117,2.117,-0.0006,0.0079,-0.0017,-0.0045,-0.1179,-0.2654
2118,2.118,-0.0009,0.0024,0.0005,-0.0038,-0.0996,-0.2174
2119,2.119,0.0026,-0.0006,0.0009,-0.0007,-0.3183,-0.5231
2120,2.12,-0.0004,-0.0015,0.0028,0.0046,-0.3482,-0.8805
2121,2.121,0.0035,0.0028,0.0011,0.0011,-0.1039,-0.4478
2122,2.122,-0.0001,0.0007,-0.0032,-0.0047,0.061,0.077
2123,2.123,-0.0022,0,-0.0003,0.0023,0.0914,0.1491
2124,2.124,0.0017,-0.0016,0.0044,-0.0004,0.1189,0.214
2125,2.125,0.0002,-0.0021,-0.0013,-0.0012,0.1437,0.2729
2126,2.126,-0.0002,0.0005,0.0039,0.0073,0.0768,0.2206
2127,2.127,0.001,-0.0025,0.0004,0.0017,0.2191,0.269
2128,2.128,0.0021,0.0004,0.0047,0.0027,0.3859,0.8371
2129,2.129,-0.0018,-0.0021,0.0006,0.0036,0.1843,0.6054
2130,2.13,-0.0003,-0.0023,0.0022,-0.0024,-0.006,0.1122
2131,2.131,0.0009,0.0008,-0.0008,0.0014,-0.0803,-0.2091
2132,2.132,0.0057,0.0034,-0.0005,-0.0022,-0.103,-0.2682
2133,2.133,0.0015,0.0031,-0.0008,-0.0017,-0.1235,-0.2161
2134,2.134,0.002,-0.0019,0.0003,0.0024,-0.1052,-0.2647
2135,2.135,-0.0037,0.0031,-0.0041,-0.0012,-0.1221,-0.2213
2136,2.136,-0.0015,0.0048,-0,0.0038,-0.3517,-0.7375
2137,2.137,0.0005,-0.0016,-0.0015,0.0003,-0.2533,-0.8082
2138,2.138,0,0.001,0.0054,-0.004,-0.0441,-0.2321
2139,2.139,0.002,-0.0018,0.0012,-0.0015,0.0927,0.1723
2140,2.14,0.0015,0.0004,0.0042,0.0014,0.1203,0.2508
2141,2.141,0,-0.0002,0.0034,0.0008,0.1452,0.3216
2142,2.142,0.0022,0.0003,-0.0044,0.003,0.1231,0.2581
2143,2.143,0.0034,-0.0001,-0.0013,0.0001,0.1029,0.2001
2144,2.144,-0.0023,0.0014,0.0014,0.0004,0.3067,0.4641
2145,2.145,0.0019,-0.0016,0.0022,-0.002,0.3339,0.8966
2146,2.146,-0.0018,-0.0027,-0.0015,-0.001,0.1119,0.4897
2147,2.147,0.0031,0.0015,0.0021,0.0003,-0.0975,-0.0931
2148,2.148,0.0015,0.0044,-0.0037,-0.0036,-0.1251,-0.327
2149,2.149,-0.0038,-0.0033,0.0001,-0.0124,-0.1009,-0.2579
2150,2.15,0.0011,-0.0001,-0.0035,-0.0162,-0.1234,-0.3226
2151,2.151,0.0054,-0.0011,-0.0018,-0.0085,-0.1032,-0.2653
2152,2.152,0.0013,-0.0038,-0.0023,-0.0115,-0.2328,-0.3186
2153,2.153,-0.0012,0.0022,0.0012,-0.0161,-0.3843,-0.8475
2154,2.154,-0.0015,-0.0031,0.0016,-0.0153,-0.201,-0.6373
2155,2.155,-0.0003,-0.0024,-0.0005,-0.0038,0.0214,-0.0609
2156,2.156,-0.0029,-0.0007,-0.0015,0.0012,0.1115,0.1727
2157,2.157,0.0003,-0.0012,-0.0047,0.0027,0.139,0.2437
2158,2.158,0.0007,-0.0047,-0,0.004,0.0656,0.3079
2159,2.159,0.001,-0.0025,-0.007,0.0052,0.0435,0.2501
2160,2.16,-0.0022,-0.0013,-0.0078,0.0062,0.1046,0.1972
2161,2.161,-0.0002,0.0012,-0.007,0.0071,0.3825,0.7254
2162,2.162,0.0002,-0.0005,-0.0077,0.0117,0.2638,0.7956
2163,2.163,-0.0022,0.0019,-0.0098,0.0091,0.083,0.2191
2164,2.164,0.0022,-0.0006,-0.0103,0.0038,-0.0817,-0.1699
2165,2.165,0.0039,-0.0003,-0.0027,0.0045,-0.112,-0.2418
2166,2.166,-0.0009,-0.0007,-0.0058,0.0039,-0.0851,-0.3069
2167,2.167,-0.0039,-0.002,-0.0012,0.0056,-0.1098,-0.2498
2168,2.168,-0.0022,0.0018,0.0065,0.002,-0.0876,-0.1979
2169,2.169,-0.0038,0.0013,0.0012,0.0023,-0.3113,-0.5346
2170,2.17,-0.0026,0.0018,0.002,0.0035,-0.3412,-0.9286
2171,2.171,-0.0082,0.0021,0.0028,0.006,-0.0969,-0.4533
2172,2.172,-0.006,0.0009,0.0065,0.0036,0.068,0.1233
2173,2.173,-0.0067,-0.0002,0.0058,0.0067,0.0984,0.2018
2174,2.174,-0.0009,0.0001,0.0041,0.0024,0.1259,0.2726
2175,2.175,-0.0031,0.0052,0.0012,0.0008,0.1507,0.3368
2176,2.176,-0.0038,-0.0013,0.0017,-0.0028,0.0838,0.2789
2177,2.177,0.0019,-0.0125,0.002,0.0042,0.2261,0.3316
2178,2.178,-0.0003,-0.0172,0.0023,0.0011,0.3929,0.8599
2179,2.179,-0.0039,-0.0131,-0.0013,0.0003,0.1913,0.6491
2180,2.18,0.0044,-0.0019,0.0017,0.0011,-0.0533,0.0723
2181,2.181,0.0034,-0.0004,0.0005,-0.0011,-0.0867,-0.1616
2182,2.182,0.0064,0.0036,-0.0006,-0.0031,-0.1169,-0.2331
2183,2.183,-0,-0.0027,0.0004,-0,-0.09,-0.2979
2184,2.184,0.0008,0.0005,0.0021,0.0052,-0.1148,-0.2407
2185,2.185,0.0001,0.0057,0.0039,0.0003,-0.1372,-0.1883
2186,2.186,0.0036,0.0048,0.0037,-0.0013,-0.4018,-0.717
2187,2.187,0.0019,0.0005,0.003,-0.0066,-0.2938,-0.7877
2188,2.188,0.0014,0.0042,0.0035,0.0012,-0.0636,-0.2116
2189,2.189,0.0019,0.0005,0.0021,-0.0018,0.0862,0.1769
2190,2.19,-0.0012,-0,0.0016,-0.0026,0.1137,0.2484
2191,2.191,0.0035,0.0004,0.0031,-0.0034,0.1385,0.3131
2192,2.192,0.0005,-0.0001,-0,-0.0012,0.1164,0.2556
2193,2.193,-0,0.002,0.0012,0.0008,0.0962,0.2031
2194,2.194,-0.0005,0.0031,-0.0039,-0.0008,0.3369,0.4436
2195,2.195,-0.0009,0.0034,-0.0004,-0.0003,0.3699,0.8371
2196,2.196,0.0003,0.0023,0.0026,-0.0038,0.1012,0.4673
2197,2.197,-0.0023,0.0006,-0.0002,0.0013,-0.0798,-0.0625
2198,2.198,-0.0019,-0.0037,0.0013,-0.0007,-0.1133,-0.2747
2199,2.199,0.0004,0.0057,-0.003,0.001,-0.1434,-0.2116
2200,2.2,-0.0003,-0.0013,0.0011,0.0006,-0.1166,-0.2701
2201,2.201,0.0009,-0.005,-0.0024,-0.003,-0.0923,-0.2176
2202,2.202,0.0026,0.0005,0.0018,0.0032,-0.2043,-0.2657
2203,2.203,0.0046,0.0014,0.0035,0.0007,-0.3877,-0.9208
2204,2.204,0.003,0.006,0.003,0.0014,-0.2153,-0.6401
2205,2.205,-0.0008,0.0034,-0.0021,0.0021,0.0318,-0.0429
2206,2.206,0.0008,-0.0019,-0,-0.0008,0.0653,0.1911
2207,2.207,0.0004,0.0016,-0.0031,-0.0013,0.0955,0.2628
2208,2.208,0.0043,-0.0014,0.001,-0.0017,0.1229,0.3277
2209,2.209,0.0008,-0.001,-0.0015,0.0014,0.0986,0.2705
2210,2.21,0.002,0.0005,-0.0003,0.0018,0.121,0.2182
2211,2.211,-0.0019,0.0036,0.0026,0.0029,0.3857,0.7471
2212,2.212,-0.0004,-0.0029,0.0008,-0.0002,0.2777,0.818
2213,2.213,0.0027,-0.0037,-0.0016,0.0037,0.0475,0.2421
2214,2.214,0.0015,0.0022,-0.0005,0.0064,-0.1022,-0.1461
2215,2.215,0.0005,0.0044,0.0014,0.0034,-0.0756,-0.2173
2216,2.216,0.0023,0.0008,-0.0003,0.0006,-0.1005,-0.2817
2217,2.217,-0.0028,0.0039,-0.0024,-0.0051,-0.1231,-0.34
2218,2.218,0.0021,-0.0014,-0.0005,-0.0025,-0.1029,-0.1816
2219,2.219,0.0027,0.0006,0.0035,-0.0047,-0.3066,-0.5177
2220,2.22,-0.0026,0.0011,-0.0017,-0.0053,-0.3338,-0.9109
2221,2.221,-0.0032,0.0076,-0.0023,-0.0036,-0.1117,-0.4349
2222,2.222,-0.0015,-0.0002,-0.0017,-0.01,0.0381,0.0146
2223,2.223,-0.0009,-0.0012,0,-0.0058,0.1199,0.1908
2224,2.224,-0.0024,0.0033,-0.0004,-0.0064,0.1448,0.2448
2225,2.225,-0.0002,0.0008,-0.0015,-0.0015,0.1227,0.2938
2226,2.226,0.0002,0.0001,-0.0018,0.0015,0.1026,0.2509
2227,2.227,0.0006,-0.0034,-0.0021,0.0032,0.2322,0.2909
2228,2.228,0.0038,0.0008,0.0025,0.0007,0.3837,0.8323
2229,2.229,0.0035,-0.0045,0.002,-0.0044,0.2004,0.6008
2230,2.23,0,-0.0009,0.0038,0.002,-0.022,0.1078
2231,2.231,0.0012,-0.0051,-0.0009,0.0029,-0.112,-0.2133
2232,2.232,0.0041,0.0037,0.0008,0.0006,-0.0852,-0.1562
2233,2.233,-0.0009,0.0049,0.0037,0.0042,-0.11,-0.3151
2234,2.234,-0.0002,0.0039,0.0042,0.0047,-0.1325,-0.2674
2235,2.235,-0.0007,-0.0033,0.0021,0.0041,-0.1123,-0.2239
2236,2.236,0.0022,0.0012,0.0001,0.0016,-0.3902,-0.74
2237,2.237,-0.0035,-0.003,-0.0009,0.0027,-0.2714,-0.8106
2238,2.238,-0.0013,0.0008,0.0008,-0.0012,-0.0186,-0.2342
2239,2.239,-0.002,-0.0028,-0.0002,0.0035,0.0806,0.1547
2240,2.24,-0.0035,-0.0019,-0.0025,0.0011,0.1,0.2191
2241,2.241,-0.0018,-0.0002,-0.0012,0.0016,0.13,0.2901
2242,2.242,0.0011,-0.0007,-0.001,0.001,0.1032,0.2268
2243,2.243,0.0006,0.0041,-0.0032,-0.0016,0.0788,0.1692
2244,2.244,0.0003,0.0011,-0.003,0.0006,0.2804,0.539
2245,2.245,-0.0018,0.0051,-0.0018,-0.0006,0.3077,0.8756
2246,2.246,-0.0014,0.0026,0.0004,0.0004,0.135,0.3952
2247,2.247,-0.0031,0.0015,-0.0027,-0.0049,-0.0675,-0.0538
2248,2.248,-0.0035,-0.0005,-0.0006,0.0035,-0.0953,-0.2296
2249,2.249,-0.0053,-0.0009,-0.0032,-0.0021,-0.1202,-0.2833
2250,2.25,-0.003,-0.0012,0,0.0051,-0.0983,-0.2358
2251,2.251,0.0021,0.0005,-0.0012,-0.0034,-0.0783,-0.1927
2252,2.252,0.0001,-0.0037,0.0024,-0.0067,-0.208,-0.3118
2253,2.253,-0.0005,0.0033,0.0012,-0.014,-0.3933,-0.8532
2254,2.254,-0.0022,-0.0013,0.0024,-0.0132,-0.2209,-0.6215
2255,2.255,-0.0047,-0.0091,0.0005,-0.0074,0.0261,-0.1282
2256,2.256,-0.0005,-0.0121,0.0001,-0.0037,0.0595,0.1932
2257,2.257,0.0012,-0.0075,-0.0023,-0.0017,0.0897,0.2523
2258,2.258,0.0006,-0.0067,0.0007,0.0013,0.1169,0.3057
2259,2.259,0.0028,-0.003,0.001,0.0007,0.0925,0.258
2260,2.26,-0.0001,-0.0023,-0.0015,-0.0041,0.1597,0.2146
2261,2.261,-0.0011,-0.0018,-0.0054,-0.0072,0.3835,0.7307
2262,2.262,0.0005,-0.0035,-0.0029,-0.0113,0.2942,0.8011
2263,2.263,-0.0026,0.0043,-0.0033,-0.0056,0.0497,0.2249
2264,2.264,0.001,0.0033,-0.0045,-0.005,-0.0495,-0.1638
2265,2.265,0.0006,0.0003,-0.0081,0.0014,-0.0799,-0.2355
2266,2.266,-0.0006,0.0087,-0.0093,0.0039,-0.1614,-0.3005
2267,2.267,0.0003,0.0031,-0.0073,0.006,-0.1371,-0.2433
2268,2.268,0.0006,-0.0021,-0.0038,0.0039,-0.115,-0.1912
2269,2.269,-0.0045,0.0006,0.0005,0.0122,-0.2983,-0.5278
2270,2.27,-0.0038,-0.002,-0.0013,0.0065,-0.3723,-0.9214
2271,2.271,-0.0056,0.0033,0.0002,0.0096,-0.1256,-0.4459
2272,2.272,-0.0039,0.004,-0.0001,0.005,0.0391,0.1309
2273,2.273,-0.0024,0.0009,0.0002,0.0041,0.1289,0.2096
2274,2.274,0.0006,0.0014,-0.0002,0.0062,0.1022,0.2806
2275,2.275,0.0002,-0.0001,0.005,0.0082,0.127,0.3449
2276,2.276,0.002,-0.0013,0.0087,0.0087,0.1047,0.2872
2277,2.277,0.001,0.0051,0.0038,0.0047,0.2064,0.2345
2278,2.278,0.0033,0.0005,0.0021,-0.0031,0.3731,0.8591
2279,2.279,0.0046,0.0031,0.0073,0.0001,0.1713,0.604
2280,2.28,0.0029,0.0024,0.0037,0.0011,-0.0733,0.0611
2281,2.281,0.0046,-0.0012,0.002,0.0019,-0.1069,-0.1514
2282,2.282,0.0022,0.0019,0.0003,-0.0006,-0.0776,-0.2166
2283,2.283,0.0032,0.0014,0.0018,0.0016,-0.1049,-0.2753
2284,2.284,0.0024,0.0029,0.0029,0.001,-0.0806,-0.2231
2285,2.285,0.0031,-0.0014,0.0017,0.004,-0.1031,-0.1756
2286,2.286,0.0042,-0.0019,0.0013,0.0023,-0.3678,-0.8309
2287,2.287,0.0044,0.0017,-0.0011,0.0039,-0.2599,-0.925
2288,2.288,0.0013,0.0005,0.0013,-0.0012,-0.0297,-0.3286
2289,2.289,0.0001,-0.006,0.0026,0.0008,0.12,0.2147
2290,2.29,-0.001,-0.0033,0.0019,0.0003,0.0934,0.2862
2291,2.291,-0.0006,-0.0024,0.0046,-0.0037,0.1182,0.223
2292,2.292,-0.003,-0.0002,-0.0007,-0.0001,0.1408,0.2816
2293,2.293,0.0007,-0.0009,0.003,-0.0013,0.0799,0.2291
2294,2.294,0.0022,-0.0026,-0.0006,-0.0033,0.3207,0.4693
2295,2.295,-0.0029,-0.0021,0.0011,-0.0007,0.3537,0.8628
2296,2.296,-0.0022,-0.0015,0.0028,0.0017,0.1448,0.493
2297,2.297,0.0008,-0.0004,0.0022,-0.0027,-0.0455,-0.037
2298,2.298,-0.0033,-0,0.0019,0.0061,-0.0706,-0.2494
2299,2.299,0.0025,-0.0042,-0.0046,-0.0026,-0.0933,-0.1864
2300,2.3,-0.0028,-0.0014,-0.0019,0.0006,-0.1139,-0.2452
2301,2.301,-0.0007,0.0002,-0.0027,0.0017,-0.0956,-0.1928
2302,2.302,-0.0002,0.0032,0.0057,-0.001,-0.2133,-0.337
2303,2.303,0.0015,0.002,0.0025,-0.0001,-0.4122,-0.905
2304,2.304,0.001,-0.0015,0.0055,0.0006,-0.2225,-0.6732
2305,2.305,-0.0002,0.0015,-0.0029,-0.0014,-0,-0.039
2306,2.306,0.0037,0.0027,0.0026,-0.0018,0.09,0.2179
2307,2.307,0.0012,0.0085,-0.0068,0.0011,0.1176,0.2965
2308,2.308,0.0054,0.0007,-0.008,-0.0014,0.0934,0.2272
2309,2.309,-0.0022,0.006,-0.0024,-0.001,0.116,0.2917
2310,2.31,0.0031,0.0014,-0.0014,0.003,0.1365,0.2338
2311,2.311,0.004,-0.0011,-0.006,-0.0005,0.3774,0.7094
2312,2.312,-0.0019,0.0012,0.0018,0.0026,0.2792,0.7738
2313,2.313,-0.0012,0.0032,0.0008,-0.0012,0.0103,0.25
2314,2.314,0.0009,0.0002,-0.0019,0.0003,-0.0984,-0.1032
2315,2.315,-0.0021,-0.0026,-0.0028,-0.0018,-0.1317,-0.1685
2316,2.316,-0.0026,-0.001,-0.0021,0.003,-0.1022,-0.2274
2317,2.317,-0.0001,0.0002,-0.0014,-0.0052,-0.1295,-0.2807
2318,2.318,-0.0012,-0.0001,-0.0056,-0.0062,-0.1051,-0.2331
2319,2.319,-0.0008,-0.0019,-0.0027,-0.0092,-0.3067,-0.5389
2320,2.32,0.0027,-0.0036,0.0009,-0.0027,-0.3339,-0.8966
2321,2.321,-0.0015,-0.0012,0.0051,-0.0018,-0.1118,-0.4641
2322,2.322,0.0014,-0.001,-0.0001,-0.001,0.038,0.0605
2323,2.323,-0,0.0002,-0.0036,0.0026,0.0658,0.2728
2324,2.324,0.0022,-0.002,-0.0005,0.001,0.1399,0.2098
2325,2.325,-0.0042,0.0018,-0.0034,-0.0006,0.1179,0.2685
2326,2.326,-0.0015,0.0013,-0.0028,0.0041,0.0978,0.2163
2327,2.327,-0.0006,0.001,0.0042,-0.0053,0.2275,0.2646
2328,2.328,0.0001,0.0039,0.0011,-0.0039,0.3791,0.8325
2329,2.329,-0.0034,-0.0012,0.002,-0.0001,0.1959,0.6008
2330,2.33,-0.0029,-0.0005,0.0046,-0.0011,-0.0265,0.1076
2331,2.331,-0.0023,-0.0022,0.0009,-0.0021,-0.1164,-0.2137
2332,2.332,0.0045,-0.0027,0.0045,-0.003,-0.0897,-0.2729
2333,2.333,-0.0001,0.0051,-0.0012,0.0013,-0.1144,-0.2207
2334,2.334,0.0025,0.0019,-0.0005,0.005,-0.0921,-0.2692
2335,2.335,-0.0012,-0.0012,0.0002,0.0015,-0.1124,-0.2259
2336,2.336,0.0052,0.0016,0.0033,0.002,-0.3902,-0.7421
2337,2.337,0.001,-0.001,0.0038,0.0025,-0.2714,-0.8127
2338,2.338,0.0017,-0.0016,0.0034,-0.0011,-0.0185,-0.2366
2339,2.339,-0.0032,0.0033,0.0012,-0.0007,0.0807,0.152
2340,2.34,0.001,-0.0025,0.0016,-0.0036,0.1109,0.2236
2341,2.341,-0.0005,-0.0003,-0.0009,-0.002,0.1246,0.2655
2342,2.342,0.0012,-0.0025,0.0033,0.0031,0.0978,0.33
2343,2.343,0.0017,-0.0045,0.0029,0.0051,0.0734,0.1562
2344,2.344,-0.0025,-0.004,0.0003,0.0009,0.3199,0.5261
2345,2.345,-0.0008,0.0012,-0.0018,0.0049,0.3529,0.8628
2346,2.346,-0.0023,0.0006,0.0029,-0.0019,0.144,0.4695
2347,2.347,-0.002,0.0001,0.0035,0.0027,-0.0463,-0.0074
2348,2.348,-0.0023,0.0006,0.003,0.0052,-0.0715,-0.2007
2349,2.349,0.0019,0.0041,0.0015,0.0015,-0.1391,-0.2597
2350,2.35,0.0048,0.001,-0.0015,-0.0021,-0.1597,-0.3131
2351,2.351,-0.002,-0.001,-0.0003,0.0036,-0.1415,-0.2654
2352,2.352,0.0007,0.0009,-0.0007,-0.0049,-0.2258,-0.3092
2353,2.353,-0.0018,-0.003,-0.0016,-0.0017,-0.3943,-0.9049
2354,2.354,-0.004,0.0037,-0.004,-0.0048,-0.1927,-0.65
2355,2.355,-0.002,-0.0066,-0.0014,-0.0056,-0.0025,-0.1072
2356,2.356,-0.0025,-0.0025,0.0018,-0.0015,0.0719,0.1052
2357,2.357,-0.003,-0.0037,-0.003,-0.0008,0.1395,0.2982
2358,2.358,0.0027,-0.0005,0.0013,-0.0057,0.1195,0.3569
2359,2.359,-0.0058,-0.0015,-0.0016,-0.0015,0.1012,0.3044
2360,2.36,-0.009,-0.0007,-0.0031,0.0013,0.1516,0.2567
2361,2.361,-0.0038,-0.0032,0.0011,0.0048,0.3812,0.7372
2362,2.362,-0.0029,-0.0102,0.0006,0.006,0.2829,0.8015
2363,2.363,-0.0038,-0.0111,-0.0019,-0.0005,0.0737,0.2778
2364,2.364,0.0014,-0.0085,0.0003,0.0003,-0.0625,-0.0753
2365,2.365,0.0034,-0.0033,-0.0053,0.0011,-0.0877,-0.2685
2366,2.366,0.0017,-0.0026,-0.0031,0.0033,-0.1104,-0.2111
2367,2.367,-0.0012,0.0016,-0.0038,-0.0017,-0.1309,-0.2644
2368,2.368,0.0014,0.0092,0.0045,-0.0022,-0.0756,-0.2167
2369,2.369,0.0017,0.0102,-0.0011,-0.0111,-0.3281,-0.5225
2370,2.37,0.0045,0.0093,-0.0001,-0.0123,-0.3643,-0.8801
2371,2.371,0.0003,0.0051,-0.0029,-0.0134,-0.1344,-0.4476
2372,2.372,0.0032,0.0028,-0.0003,-0.0104,0.0749,0.077
2373,2.373,0.0047,0.0048,-0.001,-0.0077,0.1026,0.1488
2374,2.374,0.005,-0.0009,-0.0017,-0.0018,0.1274,0.2138
2375,2.375,0.0003,0.0028,0.0013,0.0051,0.1053,0.2725
2376,2.376,0.0019,0.0008,-0.0052,0.0024,0.0851,0.2202
2377,2.377,-0.001,0.0024,-0.0026,0.0066,0.2148,0.2685
2378,2.378,0.0038,0.0007,0.0011,0.0043,0.4,0.8366
2379,2.379,0.0021,0.0065,-0.001,0.0092,0.1781,0.6048
2380,2.38,-0.002,0.0058,-0.0068,0.0034,-0.0312,0.1117
2381,2.381,-0.0015,-0.002,-0.012,0.0012,-0.1131,-0.2095
2382,2.382,-0.0027,0.0053,-0.0085,0.0061,-0.1381,-0.2686
2383,2.383,0.0002,0.0007,-0.0028,0.003,-0.1161,-0.2165
2384,2.384,-0.0002,-0.0036,0.0009,0.0094,-0.096,-0.2648
2385,2.385,0.0008,-0.0029,0.0058,0.0103,-0.1145,-0.2213
2386,2.386,0.0012,0.0007,-0,0.0033,-0.367,-0.7374
2387,2.387,-0.0019,0.0012,-0.0007,0.0079,-0.2591,-0.8078
2388,2.388,0.0028,-0.0017,0.0028,0.0036,-0.0288,-0.2315
2389,2.389,0.0033,-0.0032,0.0011,0.0029,0.0612,0.1572
2390,2.39,0.0074,-0.0029,0.0006,-0.0007,0.0888,0.2289
2391,2.391,-0.0004,0.0035,-0.0042,-0.0024,0.1136,0.2938
2392,2.392,0.0028,-0.001,0.0015,-0.0018,0.1361,0.2365
2393,2.393,-0.0024,-0.0002,0.0008,0.0007,0.0753,0.1842
2394,2.394,-0.0016,-0.0009,0.0028,0.0037,0.316,0.5207
2395,2.395,0.0026,0.0027,0.0044,-0.0027,0.349,0.9143
2396,2.396,0.0004,0.0044,0.0003,-0.0073,0.1401,0.4388
2397,2.397,-0.0045,0.0003,0.0008,-0.0048,-0.0502,-0.0102
2398,2.398,-0.0014,0.0008,0.005,-0.0085,-0.0753,-0.1859
2399,2.399,-0.0031,-0.0022,0.0021,-0.0049,-0.098,-0.2395
2400,2.4,-0.0006,-0.001,0.0005,0.0046,-0.1186,-0.2882
2401,2.401,0.0006,-0.002,0.0035,0.0032,-0.1004,-0.245
2402,2.402,-0.0006,0.0012,0.0032,0.0044,-0.2182,-0.2848
2403,2.403,0.0005,-0.0043,0.0006,0.0034,-0.4171,-0.8258
2404,2.404,-0.0005,-0.0006,0.0052,0.0023,-0.2273,-0.5938
2405,2.405,-0.0022,-0.0042,0.0046,-0.0022,-0.0048,-0.1003
2406,2.406,0.002,-0.0011,-0.0006,-0.0014,0.0853,0.2211
2407,2.407,-0.001,-0.0051,0.0001,-0.0036,0.113,0.2804
2408,2.408,0.0007,-0.0016,0.0058,-0.0015,0.1379,0.2284
2409,2.409,0.0022,-0.0004,0.0021,-0.001,0.1159,0.2771
2410,2.41,-0.0008,0.0025,0.0028,-0.0005,0.1364,0.2339
2411,2.411,0.0012,0.0007,-0.0014,-0.002,0.3773,0.6707
2412,2.412,-0.0023,0.0004,-0.0009,0.0011,0.2791,0.7292
2413,2.413,-0.0045,-0.004,0.0027,0.0058,0.0701,0.253
2414,2.414,0.0002,0.0024,0.0016,0.0016,-0.0659,-0.1962
2415,2.415,-0.0002,-0.0001,0.0019,-0.0024,-0.0909,-0.2557
2416,2.416,0.0015,0.0006,0.0077,0.0012,-0.1135,-0.3093
2417,2.417,0.003,-0.0001,-0.0001,0.0016,-0.134,-0.2619
2418,2.418,0.0009,0.0017,-0.0011,0.0037,-0.0785,-0.2188
2419,2.419,-0.0039,0.0034,-0.0002,0.0028,-0.2972,-0.4968
2420,2.42,-0.0008,0.0039,0.0007,0.0018,-0.3867,-0.894
2421,2.421,-0.0025,0.0017,-0.0015,-0.0026,-0.1425,-0.4185
2422,2.422,-0.0019,-0.0003,0.0049,-0.002,0.0879,0.0305
2423,2.423,-0.0016,0.0008,-0.0028,0.0016,0.1184,0.2062
2424,2.424,0.0014,-0.0002,-0.0018,0.0059,0.0918,0.2598
2425,2.425,0.0024,0.0001,0.0009,-0.0005,0.1166,0.3082
2426,2.426,0.0021,-0.0005,0.0001,0.0021,0.0945,0.2649
2427,2.427,0.0011,-0.0017,-0.0021,-0.0031,0.2369,0.3046
2428,2.428,0.0037,0.001,-0.0041,-0.008,0.4037,0.8458
2429,2.429,0.0027,0,-0.0024,-0.0063,0.2021,0.614
2430,2.43,0.0003,0.0004,-0.0053,-0.0057,-0.0425,0.1207
2431,2.431,-0.0039,-0.0021,0.0005,-0.0041,-0.0759,-0.2007
2432,2.432,-0.0022,0.0003,0.0012,-0.0029,-0.1061,-0.26
2433,2.433,0.0007,0.0026,-0.0008,-0.0025,-0.1334,-0.3135
2434,2.434,0.0012,-0.0016,0.0009,0.0033,-0.109,-0.2659
2435,2.435,-0.0009,-0.0046,-0.0056,0.0059,-0.1314,-0.2226
2436,2.436,0.0019,-0.0029,0.0004,0.0081,-0.3959,-0.7388
2437,2.437,0.0023,-0.0004,-0.0003,0.0046,-0.2879,-0.8095
2438,2.438,-0.0001,0.0027,-0.0038,0.0004,-0.0577,-0.2335
2439,2.439,-0.0018,0.0015,0.0031,-0.0048,0.0921,0.1551
2440,2.44,0.0025,0.0012,0.004,-0.0028,0.1197,0.2266
2441,2.441,0.003,0.0028,0.0031,0.0003,0.1446,0.2913
2442,2.442,-0.0023,-0,0.0077,-0.0001,0.1184,0.2759
2443,2.443,-0.0006,0.0037,-0.0008,0.0017,0.0962,0.2181
2444,2.444,-0.0021,-0.0014,-0.0018,0.0032,0.3201,0.4822
2445,2.445,0.0021,0.0007,0.0013,0.001,0.3501,0.9149
2446,2.446,-0.0007,-0.001,-0.0052,0.003,0.1059,0.5082
2447,2.447,0.0018,-0.0027,-0.001,-0.0005,-0.0588,-0.0745
2448,2.448,0.0006,-0.0043,0.0027,-0.0002,-0.0892,-0.1533
2449,2.449,-0.0033,0.0008,-0.0022,0.0037,-0.1166,-0.2245
2450,2.45,0.0003,-0.0012,-0.0027,0.0022,-0.1414,-0.2891
2451,2.451,0.0014,0.0018,-0.0056,-0.0009,-0.1638,-0.3476
2452,2.452,-0.0042,0.0001,-0.0114,0.0003,-0.2656,-0.4006
2453,2.453,0.0011,-0.0014,-0.0092,0.0013,-0.3953,-0.9291
2454,2.454,0.0004,0.0016,-0.0057,0.0059,-0.2103,-0.5779
2455,2.455,-0.0013,-0.0004,-0.0074,-0.0011,-0.0373,-0.1291
2456,2.456,0.0016,-0.0015,-0.0092,-0.0002,0.0753,0.2791
2457,2.457,0,0.0024,-0.0107,0.0006,0.0961,0.2275
2458,2.458,0.0022,-0.0033,-0.0038,0.0013,0.1518,0.2763
2459,2.459,-0.0007,-0.0012,-0.0008,0.002,0.1353,0.3204
2460,2.46,-0.0003,0.0024,-0.0035,0.0003,0.1506,0.2017
2461,2.461,0.0007,0.0007,-0.0061,-0.0026,0.3592,0.7429
2462,2.462,-0.0024,0.0001,-0.0039,-0.0104,0.27,0.8206
2463,2.463,-0.0021,-0.0046,-0.0004,-0.0182,0.0799,0.3279
2464,2.464,-0.0038,0.0037,0,-0.0109,-0.044,-0.1214
2465,2.465,-0,0.0026,0.0088,-0.0155,-0.0668,-0.1807
2466,2.466,-0.0023,-0.0026,0.0076,-0.0164,-0.1281,-0.2343
2467,2.467,0.0025,0.0038,0.0043,-0.0064,-0.1099,-0.2829
2468,2.468,-0.0018,-0.0005,0.0073,-0.0024,-0.0596,-0.2395
2469,2.469,-0.0001,0.0032,0.0064,0.0013,-0.2892,-0.4379
2470,2.47,-0.0049,-0.0003,0.0056,0.0045,-0.3222,-0.9072
2471,2.471,-0.0054,0.0014,0.0018,0.0035,-0.1134,-0.4594
2472,2.472,-0.0118,-0.0027,0.0053,0.008,0.0227,0.0653
2473,2.473,-0.0059,-0.0063,0.0036,0.0071,0.0971,0.2776
2474,2.474,-0.0022,-0.0085,0.0053,0.0108,0.1197,0.2148
2475,2.475,-0.0043,-0.015,0.0078,0.0088,0.1402,0.2736
2476,2.476,0.0015,-0.0009,0.0074,0.0082,0.0849,0.2214
2477,2.477,0.0021,0.0011,0.001,0.0053,0.2027,0.2698
2478,2.478,0.007,0.0029,0.0001,0.0048,0.4018,0.8379
2479,2.479,0.0039,0.0012,0.0009,-0.0022,0.2121,0.6062
2480,2.48,0.0022,0.0027,0.0016,-0.0095,-0.0103,0.1131
2481,2.481,0.0027,-0.0014,0.0023,-0.0087,-0.1004,-0.2081
2482,2.482,0.0005,-0.0002,0.0017,-0.0028,-0.1279,-0.2672
2483,2.483,0.0044,-0.0012,0.0058,0.0009,-0.1037,-0.3206
2484,2.484,0.0038,-0.0002,0,0.0015,-0.1263,-0.2729
2485,2.485,0.0016,0.0024,-0.0022,0.001,-0.1061,-0.2293
2486,2.486,0.0045,0.005,-0.0001,0.0027,-0.3839,-0.6659
2487,2.487,0.0034,0.0056,-0.0006,0.0031,-0.2651,-0.8403
2488,2.488,0.0066,-0.0008,-0.0023,0.0061,-0.0843,-0.2585
2489,2.489,0.0027,0.0017,-0.0008,-0.0003,0.0805,0.1302
2490,2.49,0.0022,-0.0005,-0.002,-0.0012,0.0513,0.202
2491,2.491,-0.0009,0.0044,0.0045,-0.0021,0.1328,0.2669
2492,2.492,-0.0029,0.0001,-0.0001,0.0001,0.1086,0.3257
2493,2.493,-0.0019,-0.0004,0.0008,0.0065,0.0864,0.1679
2494,2.494,0.0033,0.0031,0.003,0.0056,0.3102,0.5044
2495,2.495,-0.0004,0.0043,-0.0005,0.0019,0.3402,0.898
2496,2.496,0.0016,-0.0005,-0,0.0025,0.1503,0.4226
2497,2.497,-0.0001,0.0012,-0.0017,0.002,-0.0722,-0.0264
2498,2.498,0.0016,0.0017,0.0019,0.0015,-0.1026,-0.2021
2499,2.499,-0.002,-0.0019,-0.0023,0.002,-0.13,-0.2559
2500,2.5,-0.0008,-0.0031,-0.0018,0.0031,-0.1057,-0.3045
2501,2.501,-0.0012,-0.0002,0.0018,0.006,-0.0835,-0.2613
2502,2.502,-0.003,0.0034,0.0022,0.0002,-0.1853,-0.3012
2503,2.503,0.0002,0.0022,-0.0042,-0.0093,-0.3891,-0.8425
2504,2.504,0.0031,0.0033,0.0022,-0.0081,-0.1993,-0.6106
2505,2.505,-0.002,-0.0002,-0.002,-0.0003,0.0232,-0.1171
2506,2.506,-0.0013,0.0028,-0.0041,-0.0076,0.1133,0.2045
2507,2.507,-0.0008,-0.0001,-0.0048,-0.0049,0.0866,0.2638
2508,2.508,0.0021,0.0018,-0.0017,-0.0091,0.1115,0.3172
2509,2.509,-0.0027,0.0008,-0.0011,0.0009,0.1341,0.2698
2510,2.51,0.0004,-0.0016,-0.0006,0.0023,0.1141,0.2266
2511,2.511,-0.0025,-0.0009,0.0025,-0.004,0.3919,0.6632
2512,2.512,-0.005,0.0008,0.0022,0.0038,0.2732,0.8378
2513,2.513,0.0001,0.0025,-0.0019,-0.0014,0.0203,0.2561
2514,2.514,0.0021,-0.0007,-0.0024,0.0031,-0.0788,-0.1324
2515,2.515,-0.0009,-0.0029,-0.0018,0.004,-0.1091,-0.2041
2516,2.516,0.002,-0.0026,-0.0029,0.0003,-0.1366,-0.269
2517,2.517,-0.0015,-0.0029,-0,0.001,-0.1123,-0.3277
2518,2.518,0.0008,-0.0053,-0.001,0.004,-0.0902,-0.1698
2519,2.519,0.0005,-0.0029,-0.0019,0.0046,-0.3141,-0.5065
2520,2.52,0.003,-0.0027,-0.0002,0.002,-0.3441,-0.9
2521,2.521,0.0007,0.0012,0.0017,0.0009,-0.1,-0.4247
2522,2.522,0.0011,-0.0028,0,0.0021,0.0648,0.0243
2523,2.523,0.0018,-0.0023,0.0023,-0.0037,0.0951,0.1999
2524,2.524,-0.0006,-0.0011,-0.0019,-0.0028,0.1224,0.2536
2525,2.525,-0.0029,-0.0023,-0.0035,-0.0006,0.0981,0.3021
2526,2.526,-0.001,0.0035,-0.003,0.0059,0.0758,0.2587
2527,2.527,-0.0003,0.001,-0.0024,-0,0.218,0.2984
2528,2.528,0.003,0.0004,-0.0021,-0.0007,0.3847,0.8395
2529,2.529,0.001,0.0011,0.0035,0,0.2278,0.6076
2530,2.53,0,0.0017,-0.0002,0.0017,0.0033,0.1142
2531,2.531,0.0024,0,-0.0022,0.0012,-0.0868,-0.2071
2532,2.532,-0.0026,0.0026,0.0021,0.0037,-0.1144,-0.2664
2533,2.533,0.0009,-0.0016,0.0026,0.0026,-0.1392,-0.32
2534,2.534,0.0026,0.0025,0.0011,0.0022,-0.1172,-0.2727
2535,2.535,0.0055,-0.001,0.0008,0.0058,-0.1377,-0.2295
2536,2.536,-0.0002,0.0032,0.0005,0.0036,-0.3785,-0.6663
2537,2.537,-0.0009,-0.0008,-0.0021,0.0015,-0.2803,-0.841
2538,2.538,0.0012,0.0028,0.0003,-0.0042,-0.0712,-0.2594
2539,2.539,0.0029,0.0016,0.0014,-0.0084,0.0649,0.129
2540,2.54,0,0.0029,0.0027,-0.0015,0.0899,0.2005
2541,2.541,-0.0015,0.0025,0.002,0.003,0.1125,0.2651
2542,2.542,0.0007,0.0058,0.0003,-0.0048,0.133,0.3236
2543,2.543,0.0012,0.0005,0.0036,-0.0076,0.0804,0.2048
2544,2.544,-0.0035,0.0044,0.0015,-0.0046,0.3211,0.469
2545,2.545,0.0034,-0.0013,-0.0002,-0,0.3541,0.9016
2546,2.546,0.0007,-0.0006,0.002,0.0025,0.1452,0.4948
2547,2.547,-0.0018,0.0001,-0.0022,-0.0012,-0.0452,0.0177
2548,2.548,0.0004,-0.0016,0.0008,-0.0019,-0.1196,-0.1757
2549,2.549,-0.0003,-0.0033,0.0025,-0.0024,-0.0977,-0.2348
2550,2.55,0.0013,-0.0007,-0.0011,-0.0007,-0.1184,-0.2884
2551,2.551,-0.0004,-0.0011,-0.0022,-0.0033,-0.1001,-0.2409
2552,2.552,-0.0061,0.0018,-0.0002,-0.0045,-0.2516,-0.3721
2553,2.553,-0.0024,-0.0007,-0.0021,-0.0016,-0.4349,-0.9677
2554,2.554,0.0011,-0.0031,-0.0025,-0.0006,-0.2132,-0.7128
2555,2.555,-0.002,-0.0021,0.0026,0.0017,0.0559,-0.0153
2556,2.556,0.0009,0.0021,0.0033,-0.0034,0.0925,0.267
2557,2.557,-0.0006,-0.0021,0.0016,-0.0127,0.1257,0.183
2558,2.558,0.0005,-0.0004,-0.0037,-0.0139,0.0962,0.2609
2559,2.559,-0.0042,0.0011,0.0012,-0.0061,0.1235,0.3315
2560,2.56,-0.0037,0.0014,-0.0019,-0.0051,0.1481,0.2677
2561,2.561,-0.009,-0.0015,-0.0036,0.0013,0.3946,0.6743
2562,2.562,-0.0084,-0.0005,-0.0051,0.0021,0.2963,0.833
2563,2.563,-0.0101,-0.0008,-0.0021,0.0058,0.0873,0.3039
2564,2.564,-0.006,0.0009,-0.001,0.0078,-0.049,-0.0492
2565,2.565,-0.0096,0.001,-0.0013,0.0095,-0.074,-0.2425
2566,2.566,-0.0054,-0.0029,0.0003,0.0078,-0.0966,-0.3014
2567,2.567,0.001,0,-0.0027,0.0073,-0.1171,-0.2494
2568,2.568,0.0001,0.0005,0.0015,0.0085,-0.0988,-0.2019
2569,2.569,0.0038,0.0008,-0.0002,0.0046,-0.3176,-0.4205
2570,2.57,0.0002,-0.0031,-0.0018,-0.0002,-0.3476,-0.937
2571,2.571,0.0032,-0.0026,-0.006,0.0093,-0.1576,-0.4449
2572,2.572,0.0049,-0.0038,-0.0089,0.008,0.0649,0.0042
2573,2.573,0.0023,-0.005,-0.0042,-0.0034,0.0953,0.18
2574,2.574,0.0045,-0.0107,-0,-0.008,0.1227,0.2336
2575,2.575,-0.0003,-0.0202,0.0028,-0.0093,0.1475,0.2823
2576,2.576,0.0027,-0.014,-0.0007,-0.0005,0.0806,0.2392
2577,2.577,-0.0013,-0.0037,0.0035,0.0005,0.1823,0.2789
2578,2.578,0.0064,0.0004,-0.003,-0.0026,0.3862,0.8202
2579,2.579,0.0054,0.0066,0.0012,0.0001,0.1966,0.5884
2580,2.58,0.0084,0.0034,0.0034,0.0027,-0.0258,0.0952
2581,2.581,0.0038,0.0024,-0.0015,0.002,-0.1157,-0.226
2582,2.582,0.0046,0.005,0.0001,0.0026,-0.089,-0.1692
2583,2.583,0.0024,0.0025,0.003,0.0057,-0.1137,-0.2228
2584,2.584,0.0017,0.0047,0.0004,0.0051,-0.1362,-0.2715
2585,2.585,-0,0.0053,0.0007,0.0016,-0.1566,-0.2282
2586,2.586,0.0005,0.0058,0.0028,0.0019,-0.3973,-0.7444
2587,2.587,-0.0001,0.0029,0.0017,-0.0001,-0.299,-0.8149
2588,2.588,0.0011,-0.0018,0.0034,-0.002,-0.0299,-0.2388
2589,2.589,-0.0001,0.0076,0.0004,-0.0003,0.0789,0.1497
2590,2.59,-0.002,0.0035,0.0061,0,0.1124,0.2213
2591,2.591,-0.001,0.0047,0.0035,0.0042,0.1425,0.2861
2592,2.592,-0.0007,0.0057,0.0057,-0.0052,0.1158,0.2288
2593,2.593,-0,0.0004,-0.0007,-0.0122,0.0915,0.1765
2594,2.594,0.0001,0.0031,0.0018,-0.0059,0.2933,0.513
2595,2.595,0.0038,-0.0012,-0.0019,-0.0027,0.3747,0.9064
2596,2.596,0.0023,0.0057,0.0016,0.0003,0.1528,0.4309
2597,2.597,-0.0019,-0.0027,-0.0001,0.003,-0.0564,-0.018
2598,2.598,0.0033,0.005,0.0051,0.0022,-0.084,-0.1937
2599,2.599,-0.0003,-0.0023,-0.0042,0.0029,-0.1089,-0.2474
2600,2.6,0.0014,0.0023,-0.0004,-0.0007,-0.1314,-0.2959
2601,2.601,-0.0014,-0.0003,0.0006,0.001,-0.1112,-0.2528
2602,2.602,0.0033,0.0004,-0.0025,0.0015,-0.2038,-0.2926
2603,2.603,0.0016,0.001,0.0002,0.003,-0.3889,-0.8339
2604,2.604,-0.0001,0.0005,-0.0023,-0.003,-0.2165,-0.6023
2605,2.605,-0.0058,0.0022,-0.0001,-0.0022,0.0307,-0.1089
2606,2.606,-0.0006,0.0017,-0.0008,-0.0015,0.0645,0.2126
2607,2.607,0.0001,0.0013,0.0009,0.0006,0.0948,0.2718
2608,2.608,-0.0015,0.0001,0.0014,0.0011,0.1223,0.3252
2609,2.609,-0.001,-0.0024,0.004,0.0007,0.098,0.2779
2610,2.61,-0.0015,-0.0063,0.007,-0.0008,0.1206,0.1475
2611,2.611,-0.0003,-0.0048,0.0006,-0.0003,0.3853,0.6639
2612,2.612,-0.0023,-0.0026,0.0015,0.0001,0.2774,0.7346
2613,2.613,0.002,-0.0022,-0.0063,0.0027,0.0472,0.2864
2614,2.614,0.0025,-0.0058,-0.001,-0.0018,-0.1025,-0.1218
2615,2.615,-0.0032,-0.0046,-0.0002,-0.0059,-0.076,-0.176
2616,2.616,0.0006,0.001,0.0007,0.0018,-0.1007,-0.2249
2617,2.617,0.0013,0.0004,-0.003,-0.0054,-0.1232,-0.2692
2618,2.618,-0.0017,-0.0045,-0.0009,-0.0026,-0.0625,-0.23
2619,2.619,0.0012,-0.0003,-0.0014,-0.0017,-0.3033,-0.4826
2620,2.62,0.0018,0.0038,0.0003,-0.0009,-0.3363,-0.9096
2621,2.621,-0.0004,0.0033,-0.0011,-0.0029,-0.1275,-0.503
2622,2.622,0.0017,0.003,0.0011,0.0054,0.0628,0.0796
2623,2.623,0.0008,0.001,0.0015,-0.0023,0.088,0.1583
2624,2.624,-0.0016,-0.0033,-0.001,0.005,0.1106,0.2294
2625,2.625,-0.0012,0.0008,0.0043,-0.0014,0.1311,0.294
2626,2.626,-0.0037,-0.0027,-0.0009,0.0029,0.0758,0.2364
2627,2.627,-0.0012,0.0024,0.0012,0.0007,0.1936,0.2894
2628,2.628,0.0012,0.0031,-0.0018,0.0056,0.3925,0.818
2629,2.629,-0.0001,0.0014,-0.0013,0.0051,0.2029,0.6075
2630,2.63,0.0006,-0.0002,0.0045,0.0057,-0.0196,0.1587
2631,2.631,0.0005,0.0003,-0.0007,0.0072,-0.1097,-0.1333
2632,2.632,-0,-0.0027,-0.0027,0.003,-0.0832,-0.1872
2633,2.633,-0.0001,0.0021,-0.0022,0.0025,-0.108,-0.2358
2634,2.634,0.0026,-0.0021,-0.0038,-0.001,-0.1306,-0.2801
2635,2.635,0.0036,0.002,-0.0002,0.0032,-0.1104,-0.2407
2636,2.636,0.0033,0.0005,-0.0033,0.0015,-0.3883,-0.7099
2637,2.637,-0.0011,0.0028,0.0007,0.005,-0.2696,-0.7743
2638,2.638,0.0006,0.0016,0.0012,-0.0001,-0.0888,-0.2507
2639,2.639,-0.0009,-0.0026,0.0042,0.002,0.0759,0.1025
2640,2.64,0.0003,0.0027,0.0022,-0.0023,0.1062,0.1678
2641,2.641,0,0.0047,-0.0035,0.0029,0.1335,0.2267
2642,2.642,0.0026,0.0017,-0.001,0.0022,0.1091,0.2801
2643,2.643,-0.0007,-0.0011,-0.0003,0.0052,0.0868,0.2324
2644,2.644,0,0.006,0.003,0.0013,0.3021,0.4532
2645,2.645,0.0004,0.0002,0.0009,0.0042,0.3631,0.8467
2646,2.646,0.0029,0.0024,-0.0008,-0.0036,0.122,0.4772
2647,2.647,-0.0023,0.0004,-0.0013,-0.0027,-0.0428,-0.0528
2648,2.648,-0.0017,-0.0013,0.0002,0.0026,-0.0734,-0.265
2649,2.649,-0.0024,-0.0029,-0.002,-0.0002,-0.1009,-0.2021
2650,2.65,-0.0041,-0.0024,0.0001,0.0006,-0.1258,-0.2607
2651,2.651,0.0035,0.0006,0.0019,-0.0001,-0.1038,-0.2085
2652,2.652,-0.0038,-0.0014,0.0002,0.0006,-0.2057,-0.2567
2653,2.653,0.0008,-0.0033,-0.0029,-0.0089,-0.4466,-0.912
2654,2.654,-0.0035,-0.0016,0.0014,-0.0186,-0.2827,-0.6315
2655,2.655,0.0018,-0.0053,0.0018,-0.0175,-0.0137,-0.0348
2656,2.656,-0.0003,-0.0023,-0.0017,-0.005,0.0951,0.1989
2657,2.657,-0.002,-0.0011,0.0004,-0.0135,0.1282,0.1298
2658,2.658,-0.0073,0.0007,0.0008,-0.0305,0.0986,0.1945
2659,2.659,-0.0053,-0.0032,-0.0003,-0.024,0.1258,0.2531
2660,2.66,-0.0095,0.0004,-0.002,-0.0098,0.1503,0.2005
2661,2.661,-0.0019,-0.0019,0.0003,-0.008,0.3968,0.729
2662,2.662,-0.003,0.0001,-0.0022,-0.0064,0.2984,0.7997
2663,2.663,-0.0022,0.0005,-0.0026,-0.014,0.0893,0.3514
2664,2.664,-0.003,0.0028,0.001,-0.01,-0.1011,-0.0568
2665,2.665,0.0039,-0.0023,-0.0032,-0.0064,-0.1262,-0.2166
2666,2.666,0.0047,-0.0002,-0.0038,0.0039,-0.1042,-0.2655
2667,2.667,0.0021,-0.0033,-0.0054,0.0079,-0.1248,-0.2224
2668,2.668,0.0043,0.0008,-0.0066,0.0115,-0.0695,-0.1832
2669,2.669,-0.0007,-0.0018,-0.0054,0.0083,-0.2883,-0.4358
2670,2.67,0.0023,0.0004,-0.008,0.0113,-0.3779,-0.9283
2671,2.671,-0.0029,0.0016,-0.0049,0.0085,-0.1337,-0.4362
2672,2.672,-0.0023,-0.0027,-0.0037,0.0127,0.0967,0.0128
2673,2.673,-0.0018,0.0002,-0.0019,0.0089,0.127,0.1886
2674,2.674,-0.0036,-0.0013,0.0004,0.0082,0.1003,0.2424
2675,2.675,-0.0061,0.0017,-0.0027,0.0112,0.125,0.2912
2676,2.676,-0.0031,0.002,0.003,0.0082,0.1028,0.2481
2677,2.677,-0.0011,-0.0005,0.0005,0.0087,0.2045,0.2879
2678,2.678,-0.0008,0.004,0.0041,0.0075,0.4083,0.8292
2679,2.679,0.0023,-0.0002,0.0034,0.0094,0.2187,0.5974
2680,2.68,0.0035,-0.009,0.0064,0.0036,-0.0037,0.1043
2681,2.681,0.0024,-0.0128,0.0047,0.0061,-0.0937,-0.2168
2682,2.682,0.0056,-0.0072,0.0072,0.0083,-0.1212,-0.1599
2683,2.683,0,0,0.0029,0.0062,-0.1459,-0.3189
2684,2.684,0.0022,-0.0008,0.0024,0.0057,-0.1237,-0.2714
2685,2.685,0.0029,0.0017,-0.0012,0.0085,-0.1035,-0.2282
2686,2.686,0.0033,0.001,0.003,0.0038,-0.3813,-0.6649
2687,2.687,-0.0007,0.0074,0.0013,0.0054,-0.2625,-0.8396
2688,2.688,-0.0013,0.0032,0.0048,-0.001,-0.0815,-0.2578
2689,2.689,0.0048,0.0025,0.0005,-0.0019,0.0833,0.1307
2690,2.69,0.0073,-0.0011,-0.0024,-0.0026,0.1137,0.2022
2691,2.691,0.0036,0.0046,-0.0019,0.0038,0.1412,0.2669
2692,2.692,0.0042,0.0068,0.0012,-0.0005,0.117,0.3255
2693,2.693,0.0025,0.0019,-0.0009,-0.0042,0.0949,0.1676
2694,2.694,-0.0004,-0.0024,0.0016,-0.0022,0.3188,0.4079
2695,2.695,0.0022,0.0017,-0.0001,-0.0039,0.3489,0.8887
2696,2.696,0.0052,0.0002,-0.0011,-0.001,0.1591,0.441
2697,2.697,0.0005,0.0024,0.0019,-0.0025,-0.0633,0.0329
2698,2.698,0.0021,0.0035,-0.0001,-0.0076,-0.0936,-0.2327
2699,2.699,-0.0043,-0,0.0034,-0.0056,-0.1209,-0.1857
2700,2.7,0.0052,0.0011,0.0004,-0.0039,-0.0966,-0.3173
2701,2.701,0.0014,0.004,0.0024,-0.0044,-0.119,-0.2782
2702,2.702,-0.0041,0.0021,0.0021,-0.0019,-0.1799,-0.2423
2703,2.703,-0.0031,0.0054,0.0024,0.0012,-0.4207,-0.7347
2704,2.704,0.0054,0.0025,-0.0013,-0.0027,-0.2566,-0.6649
2705,2.705,-0.0002,0.0028,-0.0001,0.0009,0.0125,-0.0883
2706,2.706,-0.0032,0.0011,0.0011,-0.0034,0.1214,0.1454
2707,2.707,-0.0005,0.0035,0.0021,0.0007,0.0892,0.2167
2708,2.708,0.0004,-0.0007,-0.0002,-0.0018,0.1194,0.2813
2709,2.709,-0.0018,0.001,0.0035,-0.0006,0.0926,0.2238
2710,2.71,-0.0011,-0.0007,0.0023,-0.0025,0.1173,0.1714
2711,2.711,-0.0005,0.0019,0.0027,-0.0015,0.3639,0.7
2712,2.712,-0.0033,-0.0003,0.0024,-0.001,0.2657,0.7707
2713,2.713,0.0003,-0.0059,0.0028,0.0041,0.0567,0.3226
2714,2.714,0,-0.0036,0.0018,0.0006,-0.0795,-0.0856
2715,2.715,-0.0011,-0.0056,0.0011,0.0002,-0.1046,-0.2453
2716,2.716,-0.0021,-0.0014,-0.0027,-0.0013,-0.1273,-0.2941
2717,2.717,0.0019,-0.0042,-0.0022,0.0003,-0.1073,-0.251
2718,2.718,0.0014,-0.0027,-0.0006,-0.0027,-0.089,-0.2116
2719,2.719,-0.0028,-0.0015,0.0006,-0.0022,-0.3078,-0.4642
2720,2.72,0.0037,-0.0003,0.0003,0.0014,-0.3378,-0.8909
2721,2.721,0.0012,-0.0013,-0.0039,-0.0007,-0.1479,-0.4841
2722,2.722,0.0006,0.0005,-0.0021,0.0014,0.0745,-0.0069
2723,2.723,-0,0.0035,0.0005,0.0034,0.1049,0.1865
2724,2.724,0.0017,0.0017,0.0008,0.0002,0.1323,0.2456
2725,2.725,-0.0011,-0.0006,-0.0003,0.0023,0.1079,0.2991
2726,2.726,0.0025,-0.0002,-0.0028,-0.0027,0.0857,0.2515
2727,2.727,0.0003,0.0017,-0.0031,-0.0006,0.1874,0.2955
2728,2.728,0.0007,0.0019,-0.0013,0.0025,0.3911,0.8118
2729,2.729,0.0011,-0.0008,-0.0055,-0.0015,0.2014,0.6014
2730,2.73,-0.0041,0.001,-0.0012,0,-0.0211,0.1528
2731,2.731,-0.0004,0.0047,-0.0028,-0.0021,-0.1112,-0.1391
2732,2.732,-0.0039,0.0025,0.0008,-0.0001,-0.1388,-0.1931
2733,2.733,0.0004,-0.003,-0.0034,0.0003,-0.1147,-0.2418
2734,2.734,0.0021,0.0022,0.0007,0.0027,-0.0927,-0.2859
2735,2.735,-0.0036,-0.0055,0.0003,0.0024,-0.1132,-0.1672
2736,2.736,0.0016,0.0018,0.0015,0.0005,-0.3911,-0.7083
2737,2.737,-0.0019,0.0027,0.0004,-0.0019,-0.2725,-0.786
2738,2.738,0.0023,0.0002,0.0001,-0.0022,-0.0918,-0.2933
2739,2.739,-0.0017,0.0024,-0.0037,0.002,0.0729,0.1561
2740,2.74,-0.0032,0.0004,0.0021,0.0051,0.1031,0.2157
2741,2.741,0.001,-0.0013,-0.0001,-0.0013,0.1304,0.2693
2742,2.742,0.0027,-0.003,0.0006,0.0012,0.106,0.318
2743,2.743,0.0032,-0.0014,0.0012,-0.0025,0.0836,0.1875
2744,2.744,0.0029,-0.0036,-0.0028,0.0011,0.3074,0.4655
2745,2.745,0.0022,-0.0025,0.0011,0.0004,0.3614,0.8874
2746,2.746,0.0025,0.004,0.0037,0.0046,0.1525,0.4908
2747,2.747,0.0007,-0.0006,0.0025,-0.0006,-0.0379,0.0139
2748,2.748,0.001,-0.0014,0.0005,0.0001,-0.1124,-0.1792
2749,2.749,-0.0007,0.0023,-0.0004,0.0043,-0.0906,-0.2381
2750,2.75,-0.0014,-0.0013,0.0013,-0.0009,-0.1112,-0.2913
2751,2.751,-0.0013,-0.003,0.0044,0.004,-0.0931,-0.2436
2752,2.752,-0.004,-0.0001,-0.0007,0.0035,-0.1774,-0.2874
2753,2.753,-0.0057,-0.0026,0,0.004,-0.4071,-0.8828
2754,2.754,-0.0074,-0.0015,0.0017,0.0045,-0.2431,-0.6277
2755,2.755,-0.0088,-0.0035,0,0.0002,-0.0341,-0.0849
2756,2.756,-0.0077,-0.001,0.0026,0.0007,0.1021,0.1275
2757,2.757,-0.004,-0.0007,-0.0016,-0.006,0.1271,0.1927
2758,2.758,-0.0035,0.0017,-0.0021,-0.0164,0.1496,0.2516
2759,2.759,-0.0077,0.0015,-0.0026,-0.0123,0.1294,0.305
2760,2.76,-0.0083,-0.0002,-0.0005,-0.0111,0.111,0.1612
2761,2.761,-0.0025,-0.0001,-0.0025,-0.0034,0.3634,0.6418
2762,2.762,-0.0004,0.0001,-0.0006,-0.0044,0.3275,0.8342
2763,2.763,0.0045,0.0002,-0.003,-0.0129,0.0973,0.3107
2764,2.764,0.0002,0.0014,-0.0034,-0.0119,-0.0524,-0.183
2765,2.765,0.0007,-0.0012,-0.0041,-0.0067,-0.0801,-0.2483
2766,2.766,-0.0018,-0.0002,-0.0002,-0.0003,-0.1049,-0.307
2767,2.767,0.0003,-0.0033,0.0003,0.004,-0.1274,-0.2548
2768,2.768,0.0032,0.0009,0.0008,0.0017,-0.1073,-0.3031
2769,2.769,0.0042,0.0004,0.0019,-0.0003,-0.311,-0.5217
2770,2.77,0.0045,-0.0032,0.0039,-0.0009,-0.3923,-0.9586
2771,2.771,0.0007,0.0029,0.002,0.0067,-0.1211,-0.4356
2772,2.772,0.0019,-0.0031,0.0016,0.0037,0.0599,0.058
2773,2.773,0.0048,-0.0116,0.0006,0.0082,0.0934,0.2513
2774,2.774,0.0012,-0.0106,0.0004,0.004,0.1235,0.3103
2775,2.775,0.0042,-0.0076,-0.0009,0.0046,0.0967,0.2582
2776,2.776,0.0021,-0.003,-0.0046,0.0053,0.0724,0.3067
2777,2.777,0.004,-0.0005,-0.0042,0.0035,0.1844,0.2632
2778,2.778,0.0043,0.0064,0.0019,-0.0053,0.4084,0.8587
2779,2.779,0.0067,-0.0001,0.001,-0.0016,0.1999,0.6037
2780,2.78,0.0036,0.0077,0.0002,0.0062,0.0097,0.2156
2781,2.781,0.0024,0.0087,-0.0034,0.0031,-0.0648,-0.1374
2782,2.782,0.002,0.0059,-0.0092,0.0134,-0.1324,-0.2026
2783,2.783,0.0037,0.0017,-0.0086,0.0093,-0.1529,-0.2613
2784,2.784,0.0013,0.0039,-0.0066,0.0105,-0.0976,-0.3146
2785,2.785,-0.0012,0.0032,-0.0024,0.0094,-0.1144,-0.171
2786,2.786,0.0019,0.0014,-0.0042,0.0021,-0.3439,-0.6516
2787,2.787,0.0023,0.0031,-0.0027,-0.0043,-0.3112,-0.844
2788,2.788,-0.0013,-0.0005,-0.0016,-0.0086,-0.0422,-0.3205
2789,2.789,-0.0017,0.0046,-0.0005,-0.0064,0.0666,0.1731
2790,2.79,-0.0005,0.0066,-0.0002,-0.0085,0.1001,0.2383
2791,2.791,0.0005,0.0023,0.003,-0.0143,0.1302,0.297
2792,2.792,-0.0019,0.0018,0.0009,-0.0073,0.1035,0.2446
2793,2.793,0.0019,0.0023,0.0019,-0.0047,0.0792,0.1968
2794,2.794,0.0022,0.0011,-0.0014,-0.0005,0.281,0.4151
2795,2.795,0.0002,-0.0018,-0.0011,0.0017,0.3625,0.8519
2796,2.796,0.0044,-0.0008,0.0039,0.0024,0.1406,0.4451
2797,2.797,0.0003,-0.0025,0.0018,0.004,-0.0686,-0.032
2798,2.798,0.0008,-0.0036,0.0035,0.0011,-0.0962,-0.2256
2799,2.799,-0.0034,0.0006,0.0029,-0.0014,-0.121,-0.2848
2800,2.8,-0.0017,-0.0011,0.0044,0.0036,-0.0988,-0.233
2801,2.801,-0.0012,0.0006,-0.0026,0.0056,-0.1191,-0.2818
2802,2.802,-0.0016,-0.0052,0.0026,-0.0001,-0.1746,-0.2387
2803,2.803,-0.0044,0.0018,0.0034,-0.0024,-0.3933,-0.8345
2804,2.804,-0.0009,0.0009,0.0008,0.0041,-0.2443,-0.5799
2805,2.805,-0.0039,0.0017,0.0015,-0.0019,0.0004,-0.1922
2806,2.806,-0,-0.0035,-0.0006,0.0018,0.0996,0.1608
2807,2.807,-0.0005,0,0.0024,0.0025,0.1299,0.2256
2808,2.808,0.0006,-0.0005,0.0065,-0.0005,0.1032,0.2841
2809,2.809,-0.0014,0,-0.0013,-0,0.128,0.2315
2810,2.81,0.0005,0.0036,-0.0003,0.0036,0.1059,0.1838
2811,2.811,-0.0019,-0.0007,-0.0014,0.0039,0.3708,0.6643
2812,2.812,-0.0001,-0.0047,-0.0005,0.0051,0.263,0.8566
2813,2.813,-0.0015,-0.0011,0.0054,0.0009,0.0987,0.333
2814,2.814,-0.0003,0.0011,0.0016,-0.0055,-0.1104,-0.1609
2815,2.815,-0.0029,-0.001,0.0009,-0.0046,-0.0837,-0.2265
2816,2.816,-0.0019,-0.002,0.0052,0.0006,-0.1084,-0.2855
2817,2.817,-0.0036,-0.0009,0.0057,-0.0014,-0.1308,-0.2334
2818,2.818,0.0007,-0.0019,0.0052,-0.0008,-0.07,-0.186
2819,2.819,0.0012,0.0011,0.0001,-0.0003,-0.2737,-0.4047
2820,2.82,-0.0016,-0.0009,0.0037,-0.005,-0.355,-0.9213
2821,2.821,-0.0031,0.001,-0.002,0.002,-0.1329,-0.4293
2822,2.822,0.0011,-0.0042,0.0002,0.0011,0.0765,0.0197
2823,2.823,-0.0017,-0.0005,0.0023,0.002,0.1044,0.1955
2824,2.824,-0.0032,0.0031,0.0006,-0.0032,0.1294,0.2492
2825,2.825,-0.0001,0.0015,0.0001,0.0046,0.1074,0.2978
2826,2.826,0.0019,0.001,-0.0003,0.0015,0.0874,0.2544
2827,2.827,0.0016,0.0016,0.0039,-0.0069,0.1801,0.2941
2828,2.828,-0.0007,0.0028,0.0011,-0.0059,0.399,0.8352
2829,2.829,0.0017,0.0017,-0.0014,0.0014,0.2501,0.6034
2830,2.83,0.0036,-0.0008,0.0009,-0.0013,0.0056,0.11
2831,2.831,-0.0003,-0.0031,0.0012,0.0029,-0.0935,-0.2112
2832,2.832,0.005,0,-0.0006,0.0051,-0.1236,-0.2705
2833,2.833,0.0015,0.0011,-0.0016,0.0016,-0.0968,-0.2184
2834,2.834,0.0057,-0.0021,0.0002,0.0033,-0.1215,-0.2672
2835,2.835,0.0029,-0.0009,0,-0.002,-0.0991,-0.2241
2836,2.836,0.0024,0.0002,0.0024,-0.0013,-0.3637,-0.6609
2837,2.837,0.0027,0.0012,-0.0006,-0.0008,-0.3278,-0.8357
2838,2.838,-0.0029,0.0029,-0.0024,-0.0003,-0.0976,-0.2542
2839,2.839,0.0024,-0.0013,-0.0047,0.0012,0.1118,0.1342
2840,2.84,-0.0025,0.0018,-0.0002,-0.0018,0.0854,0.2057
2841,2.841,0.0032,0.0035,-0.0054,0.0029,0.1102,0.2703
2842,2.842,-0.0005,0.001,-0.0005,-0.0013,0.1328,0.3289
2843,2.843,0.0002,0.004,-0.0021,0.0015,0.072,0.1708
2844,2.844,-0.0003,0.0069,-0.0026,0.002,0.2758,0.411
2845,2.845,0.0014,0.0011,-0.001,0.0051,0.3571,0.8916
2846,2.846,0.0005,0.0006,0.001,0.0078,0.147,0.4773
2847,2.847,-0.003,0.0049,-0.002,0.0014,-0.0754,0.0282
2848,2.848,0,0.0027,0.0028,0.006,-0.1059,-0.1476
2849,2.849,-0.0012,0.0006,0.0023,-0.0018,-0.1333,-0.2015
2850,2.85,0.0014,0.0023,-0.0005,-0.0029,-0.1091,-0.2502
2851,2.851,-0.0018,-0.0064,0.001,-0.0056,-0.0869,-0.2942
2852,2.852,0.0029,-0.0002,-0.0002,-0.003,-0.1887,-0.2548
2853,2.853,0.0024,-0.0012,0.0002,-0.0037,-0.3925,-0.796
2854,2.854,-0.0005,0.004,-0.0016,-0.0017,-0.2029,-0.719
2855,2.855,0.001,-0.0005,-0.0033,-0.0075,0.0194,-0.085
2856,2.856,0.0021,-0.0014,-0.0009,-0.0068,0.1094,0.1718
2857,2.857,-0.0007,-0.0021,-0.0023,-0.0161,0.0828,0.2503
2858,2.858,0.0011,-0.0028,-0.004,-0.0199,0.1076,0.1809
2859,2.859,0.0001,0.0015,-0.0033,-0.0121,0.0406,0.1175
2860,2.86,-0.0009,-0.0062,-0.001,-0.0026,0.061,0.0598
2861,2.861,-0.0028,-0.0031,0.0014,-0.0015,0.3388,0.6411
2862,2.862,-0.0017,-0.0023,0.0033,0.0089,0.2993,0.8737
2863,2.863,-0.0054,-0.0015,-0.0006,0.0075,0.0464,0.3812
2864,2.864,-0.0029,-0.0008,-0.0012,0.0086,-0.1184,-0.0679
2865,2.865,-0.0041,-0.0029,-0.0037,0.003,-0.0892,-0.2435
2866,2.866,-0.0013,-0.0046,-0.0026,0.006,-0.0625,-0.1915
2867,2.867,0.0006,-0.0017,-0.0022,0.0052,-0.0872,-0.24
2868,2.868,0.0016,-0.0043,-0.0073,0.0009,-0.0651,-0.1965
2869,2.869,-0.0035,0.0026,-0.0109,-0.0028,-0.289,-0.4744
2870,2.87,0,-0.0047,-0.0067,0.0049,-0.3785,-0.8714
2871,2.871,-0.003,-0.0092,-0.0062,0.0059,-0.1887,-0.5018
2872,2.872,-0.0026,-0.0118,0.0005,0.0105,0.083,0.0283
2873,2.873,-0.0104,-0.0111,-0.0023,0.001,0.1196,0.2407
2874,2.874,-0.0136,-0.0063,-0.0014,0.0022,0.1527,0.3057
2875,2.875,-0.0064,0.0007,0.0022,0.0032,0.1232,0.2483
2876,2.876,-0.0072,-0.0002,0.0029,0.0022,0.0962,0.3017
2877,2.877,0.0005,-0.0114,-0.0002,0.0049,0.2194,0.254
2878,2.878,-0.0005,-0.0099,-0.0008,-0.0063,0.4211,0.8222
2879,2.879,0.0022,-0.0003,0.007,-0.0048,0.2315,0.5906
2880,2.88,0.0013,0.0034,0.0013,0.0021,0.0091,0.0976
2881,2.881,0.002,0.0112,0.0023,0.0033,-0.081,-0.2237
2882,2.882,-0.0001,0.0017,0.0068,0.0043,-0.1086,-0.1668
2883,2.883,0.0041,0.0054,0.006,-0.0072,-0.1335,-0.2201
2884,2.884,0.0046,0.0021,0.0037,-0.0026,-0.1114,-0.2686
2885,2.885,0.0031,0.0074,-0.0012,-0.0067,-0.0913,-0.2252
2886,2.886,0.0081,0.0082,0.003,-0.0005,-0.3691,-0.6617
2887,2.887,0.0017,0.0073,0,0.0027,-0.3297,-0.8363
2888,2.888,0.0111,0.0051,0.0005,0.0038,-0.077,-0.2546
2889,2.889,0.0023,0.0086,0.0008,0.0029,0.0878,0.1341
2890,2.89,0.0033,0.0069,0.002,-0.003,0.1182,0.2058
2891,2.891,0.0003,0.0086,0.0038,-0.0008,0.1456,0.2708
2892,2.892,0.0011,0.007,0.0014,-0.0057,0.1213,0.3296
2893,2.893,0.0002,0.0039,-0.0003,-0.0027,0.0992,0.1719
2894,2.894,0.0024,0.0043,0.0003,-0.0056,0.2824,0.4124
2895,2.895,0.0017,0,-0.0004,0.0012,0.3563,0.8932
2896,2.896,0.0022,0.0017,-0.0005,0.002,0.1545,0.4457
2897,2.897,0.0027,-0.0031,0.0027,0.0029,-0.0359,0.0378
2898,2.898,-0.0008,-0.0048,-0.0004,0.0051,-0.1102,-0.2276
2899,2.899,0.0014,0.0016,-0.0001,0.0031,-0.1329,-0.2765
2900,2.9,0.001,0.0025,0.0025,0.0014,-0.1129,-0.3206
2901,2.901,0.0029,0.0031,-0.0015,-0.0027,-0.0946,-0.2814
2902,2.902,0.0025,-0.0018,0.0001,0.0009,-0.1786,-0.2456
2903,2.903,0.0015,-0.0024,0.0004,-0.0013,-0.3777,-0.7379
2904,2.904,-0.0003,-0.0052,0.0007,-0.0001,-0.2422,-0.668
2905,2.905,0.0031,0.0005,0.0026,0.0002,-0.0197,-0.0916
2906,2.906,0,-0.0017,0.0036,-0.0001,0.0703,0.1421
2907,2.907,-0.0039,0.0032,0.0033,0.0043,0.0979,0.2134
2908,2.908,-0.0013,0.0001,-0.0009,-0.0045,0.1227,0.2782
2909,2.909,0.0017,-0.0027,-0.0026,-0.0033,0.1007,0.2207
2910,2.91,0.0021,-0.0043,-0.0021,-0,0.121,0.1682
2911,2.911,0.0024,-0.0021,0.0027,0.0053,0.3619,0.6967
2912,2.912,0.0042,0.0035,0.0022,0.0026,0.2637,0.7673
2913,2.913,-0.0009,0.0013,0.0005,0.0018,0.0548,0.3194
2914,2.914,-0.0029,-0.0051,0.0021,0.0012,-0.0813,-0.0887
2915,2.915,-0.0046,0.0008,-0.0048,0.0033,-0.1063,-0.2484
2916,2.916,-0.0017,0.0015,0.0004,0.0051,-0.1288,-0.2974
2917,2.917,-0.0012,0.0022,-0.0004,-0.0013,-0.1085,-0.2544
2918,2.918,0.001,-0.0008,0.0005,0.003,-0.0901,-0.2152
2919,2.919,-0.0018,-0.0024,-0.0017,0.0037,-0.2751,-0.3957
2920,2.92,0.0024,-0.0039,0.0004,-0.0027,-0.3489,-0.8884
2921,2.921,0.0007,-0.0036,-0.0038,-0.0086,-0.147,-0.5369
2922,2.922,-0.0018,-0.0032,0.0027,-0.0079,0.0434,0.0399
2923,2.923,-0.0006,-0.0022,0.0019,-0.0044,0.1178,0.2734
2924,2.924,-0.0009,0.0002,-0.0018,-0.0038,0.0959,0.2041
2925,2.925,0.0001,-0.0035,0.0003,-0.0033,0.1166,0.2687
2926,2.926,-0.0022,-0.0004,-0.0002,0.0003,0.0983,0.2109
2927,2.927,-0.0005,-0.0032,-0.0018,0.0015,0.1826,0.2638
2928,2.928,0.0021,-0.0022,0.006,-0.0013,0.4123,0.7922
2929,2.929,-0.0011,0.0011,0.0005,0.0038,0.2483,0.7222
2930,2.93,-0.0008,0.0023,-0.0025,-0.0026,-0.0208,0.1454
2931,2.931,-0.005,0.0005,0.0002,0.0017,-0.0574,-0.2431
2932,2.932,-0.0009,0.0029,0.0028,-0.0005,-0.0907,-0.1742
2933,2.933,-0.0003,-0.0008,-0.0024,0.006,-0.1207,-0.2389
2934,2.934,-0.0034,0.0004,-0.0003,0.0017,-0.0938,-0.2974
2935,2.935,-0.0022,0.006,0.0014,0.0011,-0.1184,-0.1396
2936,2.936,-0.0011,0.0054,0.0009,0.0004,-0.3649,-0.6683
2937,2.937,-0.0035,0.0034,-0.0016,0.0009,-0.3323,-0.8795
2938,2.938,0.0003,-0.0024,-0.0046,0.0026,-0.0634,-0.3036
2939,2.939,-0.0066,-0.0017,-0.0017,0.0011,0.0454,0.0848
2940,2.94,-0.0014,0.0019,-0.0013,0.0008,0.0788,0.1563
2941,2.941,-0.0005,-0.0023,-0.003,-0.0004,0.1089,0.2209
2942,2.942,0.0021,-0.0006,0.0001,0.0032,0.1362,0.2794
2943,2.943,-0.0001,0.0009,-0.0017,0.0054,0.1118,0.227
2944,2.944,0.0006,0.0005,-0.0021,0.0015,0.3134,0.4671
2945,2.945,0.0001,0.0002,-0.0003,0.002,0.3948,0.8605
2946,2.946,-0.0004,-0.0008,0.0027,-0.0041,0.1236,0.4908
2947,2.947,0.0031,-0.001,0.0027,-0.0024,-0.0462,0.0011
2948,2.948,0.0006,0.0006,0.0007,0.0018,-0.0828,-0.2406
2949,2.949,0.0057,0.0023,0.0043,0.0011,-0.116,-0.1981
2950,2.95,0.0021,0.0037,0.0001,0.0005,-0.1461,-0.2384
2951,2.951,-0.001,0.003,-0.0028,-0.0053,-0.0651,-0.275
2952,2.952,-0.0027,-0.0008,-0.0002,-0.0016,-0.1884,-0.2426
2953,2.953,-0.0011,-0.0003,-0.0014,-0.0009,-0.3902,-0.69
2954,2.954,-0.0015,-0.0015,-0.0002,-0.004,-0.2006,-0.6264
2955,2.955,-0.0003,-0.0035,0.0034,-0.0035,-0.0277,-0.1025
2956,2.956,-0.0014,-0.0039,-0.0035,-0.003,0.085,0.1098
2957,2.957,-0.0031,-0.0015,-0.0065,-0.0061,0.1056,0.1747
2958,2.958,-0.0007,-0.0026,-0.0073,0.0003,0.1243,0.2334
2959,2.959,0.003,-0.0001,-0.0048,-0.0005,0.1078,0.2866
2960,2.96,0.0004,-0.0018,-0.0011,-0.0048,0.0926,0.2387
2961,2.961,0.0008,-0.0008,-0.0031,-0.0117,0.3012,0.6319
2962,2.962,0.0019,0.001,0.0039,-0.0126,0.331,0.7907
2963,2.963,0.0029,-0.0002,-0.0007,-0.0101,0.0324,0.3578
2964,2.964,0.0005,-0.0014,0.0018,0.0014,-0.0872,-0.0505
2965,2.965,0.0015,-0.0046,0.0012,0.003,-0.1239,-0.2102
2966,2.966,0.004,-0.0116,0.0005,0.0015,-0.0915,-0.2591
2967,2.967,0.0008,-0.0086,0.0022,0.0055,-0.1216,-0.3034
2968,2.968,0.0055,-0.0001,0.0016,0.0117,-0.0947,-0.1848
2969,2.969,0.0038,0.0008,0.0001,0.0107,-0.2672,-0.4373
2970,2.97,0.0009,-0.0002,0.0032,0.0054,-0.3794,-0.9297
2971,2.971,0.0003,0.0006,0.0003,0.0045,-0.1147,-0.4376
2972,2.972,-0,0.0065,-0.0008,-0.005,0.0662,0.0115
2973,2.973,0.0003,0.0028,0.0009,-0.0088,0.0996,0.1873
2974,2.974,-0.0023,0.0021,-0.0008,-0.001,0.1297,0.2412
2975,2.975,0.0001,0.0003,-0.0001,-0.0083,0.1028,0.2898
2976,2.976,-0.0003,0.002,0.001,-0.0092,0.0784,0.2467
2977,2.977,-0.001,-0.0016,-0.0017,-0.0033,0.1903,0.2866
2978,2.978,-0.0017,-0.0028,0.0007,-0.0011,0.4142,0.828
2979,2.979,-0.0016,0.0037,0.003,0.0038,0.2056,0.5964
2980,2.98,-0.0014,0.0028,-0,0.0033,0.0152,0.1034
2981,2.981,0.0016,0.0002,-0.0029,0.0028,-0.1087,-0.2179
2982,2.982,-0.0005,-0.0005,0.0028,0.0064,-0.1315,-0.2771
2983,2.983,-0.0047,-0.0054,0.0053,0.0075,-0.1116,-0.2249
2984,2.984,-0.0053,0.0004,0.0031,0.0087,-0.0934,-0.2733
2985,2.985,-0.0005,-0.0018,0.0024,0.003,-0.1103,-0.2299
2986,2.986,-0.0023,0.0046,-0.0007,0.0055,-0.34,-0.6665
2987,2.987,-0.0063,0.0054,0.0045,0.0048,-0.3074,-0.8411
2988,2.988,-0.0099,0.0061,-0.0019,0.0041,-0.0984,-0.2595
2989,2.989,-0.0057,-0.0033,-0.0028,-0.0001,0.0919,0.1291
2990,2.99,-0.0029,0.003,0.0009,-0.0006,0.117,0.2008
2991,2.991,0.0007,0.004,-0.0011,-0.0042,0.1396,0.2655
2992,2.992,0.001,0.0009,-0.0007,-0.0012,0.1196,0.3242
2993,2.993,0.003,0.0001,-0.0012,0.0036,0.1013,0.1663
2994,2.994,-0.0005,0.0009,0.0013,0.0019,0.2528,0.4068
2995,2.995,-0.0009,0.0016,-0.0038,-0.0057,0.3139,0.8877
2996,2.996,0.003,-0.0005,-0.0018,0.0037,0.11,0.4402
2997,2.997,0.0035,-0.0036,-0.0023,-0,-0.0804,0.0323
2998,2.998,0.0065,-0.0031,0.0005,0.001,-0.0565,-0.2331
2999,2.999,0.0009,0.0017,0,0.0041,-0.0791,-0.1859
3000,3,0.0003,-0.0026,0.0003,0.0049,-0.0997,-0.2301
3001,3.001,0.0038,0.0039,-0.0061,-0.001,-0.0814,-0.2699
3002,3.002,0.0021,-0.0004,-0.0107,-0.0017,-0.1655,-0.234
3003,3.003,0.0004,0.0018,-0.0099,-0.0024,-0.3951,-0.7262
3004,3.004,0.0019,0.0054,-0.003,0.0007,-0.2309,-0.6563
3005,3.005,0.0016,-0.0041,-0.0021,0.0024,0.0382,-0.0796
3006,3.006,0.0036,0.0029,-0.0013,-0.0034,0.075,0.1544
3007,3.007,0.0001,-0.0009,-0.0007,-0.0012,0.1083,0.2259
3008,3.008,0.0023,0.0002,0.0014,-0.0019,0.1384,0.2906
3009,3.009,-0.0016,0.0032,0.003,-0.0002,0.1117,0.2334
3010,3.01,0.0031,0.0024,0.0047,-0.0007,0.1364,0.181
3011,3.011,0.0014,0.0016,0.0022,0.0019,0.383,0.6136
3012,3.012,-0.0038,0.0023,0.0044,0.0007,0.2848,0.7883
3013,3.013,0.0011,-0.0013,0.0064,0.0028,0.0759,0.3124
3014,3.014,0.0028,-0.0018,0.0007,0.0031,-0.0602,-0.1366
3015,3.015,0.0012,-0,0.0032,0.0014,-0.0851,-0.1959
3016,3.016,0.0017,-0.0005,0.0025,0.0018,-0.1075,-0.2495
3017,3.017,-0.0025,-0.0002,-0.0024,0.0032,-0.1278,-0.2982
3018,3.018,0.0004,-0.0005,0.0059,-0.0007,-0.0723,-0.255
3019,3.019,0.003,-0.0001,0.0003,-0.0048,-0.291,-0.4535
3020,3.02,0.0034,-0.0011,0.0034,-0.0032,-0.3803,-0.9229
3021,3.021,0.0006,-0.002,-0.0012,-0.002,-0.136,-0.4753
3022,3.022,-0.0012,-0.0013,0.0047,-0.0032,0.029,0.0492
3023,3.023,0.0034,-0.0042,0.001,-0.0022,0.1191,0.2616
3024,3.024,-0.0008,0.001,0.0016,-0.0074,0.0925,0.1986
3025,3.025,-0.0013,-0.0039,0.0011,-0.0127,0.1175,0.2573
3026,3.026,-0.0007,-0.0044,0.004,-0.0106,0.0954,0.2052
3027,3.027,-0.0003,-0.0038,0.0004,-0.0111,0.1973,0.2538
3028,3.028,0.0017,-0.0023,-0.0027,-0.0035,0.4012,0.8219
3029,3.029,-0.0001,0.0008,-0.0023,0.0018,0.2117,0.745
3030,3.03,0.0032,0.0012,0.0002,0.0009,-0.0106,0.111
3031,3.031,0.0012,0.0003,-0.0001,-0.0016,-0.1005,-0.1458
3032,3.032,0.0031,0,0.0022,0.0006,-0.1279,-0.2242
3033,3.033,-0.0001,0.0011,-0.0008,0.0056,-0.1037,-0.2951
3034,3.034,-0.0021,0.0009,-0.0005,0.0014,-0.1261,-0.2315
3035,3.035,-0.001,0.0017,-0.0009,0.0043,-0.1059,-0.1736
3036,3.036,0.0029,0.0019,-0.0012,0.0048,-0.3837,-0.6492
3037,3.037,0.0035,-0.001,-0.0002,-0.0002,-0.3442,-0.8413
3038,3.038,-0.0016,0.0048,0.0005,0.0033,-0.0913,-0.3176
3039,3.039,0.0005,-0.001,-0.0029,0.0039,0.0735,0.1762
3040,3.04,0,-0.0003,0.0031,0.0044,0.1038,0.2417
3041,3.041,-0.0052,0.0046,-0.0028,-0.0003,0.1311,0.3007
3042,3.042,-0.0031,0.0052,0.0009,0.0039,0.1068,0.2487
3043,3.043,-0.0014,0.0069,-0.0011,-0.0002,0.0846,0.2012
3044,3.044,0.0004,0.0044,0.0019,0.0024,0.3084,0.4198
3045,3.045,-0.0011,0.0022,0.0036,0.0036,0.3978,0.8568
3046,3.046,0.002,-0.0033,-0.0012,-0.0003,0.1536,0.4503
3047,3.047,-0.0019,0.0004,-0.0017,-0.0029,-0.077,-0.0266
3048,3.048,-0.0005,0.0021,-0.0029,0,-0.0864,-0.1845
3049,3.049,0.001,0.0001,-0.0024,0.0012,-0.1166,-0.2494
3050,3.05,-0.0001,-0.0029,-0.0029,0.0041,-0.144,-0.3079
3051,3.051,-0.0005,-0.0012,-0.0025,0.0022,-0.1198,-0.2554
3052,3.052,0.0014,-0.0027,-0.0014,0.0012,-0.1872,-0.2076
3053,3.053,-0.001,-0.0015,0.0012,0.0042,-0.4112,-0.8628
3054,3.054,-0.0013,-0.0012,-0.0012,0.0016,-0.2029,-0.7695
3055,3.055,-0.0006,-0.0022,-0.0029,0.0006,-0.0128,-0.1728
3056,3.056,0.0028,-0.0005,-0.0004,0.0036,0.1108,0.2157
3057,3.057,0.0006,0.0005,-0.0014,0.0026,0.0887,0.1465
3058,3.058,-0.0042,-0.002,-0.0065,-0.0027,0.1497,0.3391
3059,3.059,-0.0037,0.0012,-0.0085,-0.002,0.0942,0.2816
3060,3.06,0.0004,-0.0017,-0.0068,-0.0069,0.1108,0.229
3061,3.061,-0.0011,0.0002,-0.0028,-0.0012,0.3401,0.6615
3062,3.062,-0.0008,-0.0051,-0.0033,-0.0005,0.3072,0.8361
3063,3.063,-0.0073,-0.0044,-0.0002,0.0015,0.038,0.3601
3064,3.064,-0.0081,-0.0024,0.0018,0.0032,-0.1432,-0.0891
3065,3.065,-0.0056,-0.0007,0.0021,0.0003,-0.1113,-0.1485
3066,3.066,-0.0063,-0.0025,0.0024,0.0028,-0.0821,-0.2021
3067,3.067,-0.0028,0.0001,0.0068,0.0025,-0.1096,-0.2507
3068,3.068,-0.0045,0.0004,0.0039,0.0013,-0.0855,-0.2075
3069,3.069,-0.0098,0.0032,0.0024,-0.0038,-0.2874,-0.4061
3070,3.07,-0.0062,-0.001,0.0002,-0.0032,-0.3691,-0.8756
3071,3.071,-0.0068,-0.0028,0.0041,0.0025,-0.1474,-0.5559
3072,3.072,-0.0004,-0.0003,0.0076,-0.0012,0.0617,0.0848
3073,3.073,0.0021,0,0.0034,-0.0006,0.0892,0.1715
3074,3.074,0.0014,-0.0021,0.0028,0.0052,0.1138,0.0951
3075,3.075,0.0034,-0.0002,0.0023,-0.0064,0.1361,0.1657
3076,3.076,0.0029,-0.0055,0.0035,-0.0081,0.1157,0.2301
3077,3.077,0.0033,-0.0108,-0.0012,-0.0066,0.2081,0.2883
3078,3.078,0.0058,-0.0088,-0.0007,-0.0025,0.3931,0.8695
3079,3.079,0.0055,-0.0072,-0.0024,-0.0014,0.2205,0.6378
3080,3.08,0.0034,-0.0067,0.0001,-0.0024,-0.0268,0.1447
3081,3.081,0.0037,0.001,0.0013,-0.0077,-0.0604,-0.1766
3082,3.082,0.0004,0.0066,0.0009,-0.0161,-0.0908,-0.2358
3083,3.083,0.0068,0.0013,0.0035,-0.0106,-0.1183,-0.2893
3084,3.084,0.0041,0.0021,0.0018,-0.0053,-0.0942,-0.2419
3085,3.085,0.0032,0.0012,-0.0013,-0.0026,-0.1168,-0.1985
3086,3.086,0.001,0.0018,-0.0023,-0.0001,-0.3815,-0.6353
3087,3.087,0.003,0.0038,-0.002,-0.0008,-0.2737,-0.81
3088,3.088,-0.0001,0.0007,0.0004,0.0012,-0.0436,-0.3341
3089,3.089,0.0016,0.0023,-0.001,0.0054,0.106,0.1151
3090,3.09,0.003,0.007,-0.0026,0.0025,0.0794,0.1745
3091,3.091,0.0027,-0.0025,0.0001,0.0061,0.1042,0.2281
3092,3.092,0.0038,-0.0012,-0.0009,0.0038,0.1267,0.2768
3093,3.093,0.0002,-0.0001,-0.0006,0.0077,0.1065,0.2335
3094,3.094,-0.001,0.0031,0.0008,0.003,0.2732,0.4321
3095,3.095,0.0002,0.002,0.0001,0.0013,0.3853,0.9013
3096,3.096,0.0027,0.0047,-0.0031,0.0029,0.1614,0.4538
3097,3.097,0.0003,0.0021,-0.0043,0.0065,-0.0479,0.0457
3098,3.098,0.0053,-0.0002,0.0015,0.0061,-0.0756,-0.2199
3099,3.099,0.0017,0.0005,-0.0011,0.0041,-0.1005,-0.269
3100,3.1,-0.0013,0.0035,-0.0063,0.0051,-0.1231,-0.226
3101,3.101,-0.0008,-0.0018,0.0044,0.0018,-0.1029,-0.2661
3102,3.102,-0.0014,0.0017,0.0028,-0.0002,-0.1584,-0.2303
3103,3.103,-0.0026,-0,-0.0012,-0.0012,-0.4109,-0.7226
3104,3.104,-0.0022,0.0028,0.0076,0.004,-0.2306,-0.6527
3105,3.105,-0.0019,0.0033,-0.0027,0.0018,-0.0002,-0.0763
3106,3.106,0.0033,0.001,0.0014,0.0067,0.0899,0.1576
3107,3.107,-0.0037,-0.0019,0.0002,-0.0028,0.1175,0.2292
3108,3.108,0.0048,-0.0001,-0.0008,-0.0097,0.1424,0.2939
3109,3.109,-0.003,0.0016,-0.0018,-0.0035,0.1205,0.2367
3110,3.11,-0.002,-0.0035,0.0046,0.0043,0.1004,0.1845
3111,3.111,-0.0047,0.0029,0.0004,-0.001,0.3783,0.6173
3112,3.112,-0.0021,0.0021,0.0011,0.0018,0.2597,0.7921
3113,3.113,-0.0014,-0.0017,0.0018,0.0009,0.079,0.3164
3114,3.114,0.0035,0.0019,0.0024,0.0031,-0.0856,-0.1326
3115,3.115,-0.0007,-0.0024,-0.004,-0.0004,-0.1157,-0.1918
3116,3.116,0.001,-0.0019,0.0055,0.0027,-0.1429,-0.2452
3117,3.117,-0.0026,0.0039,0.0018,0.0022,-0.1184,-0.2937
3118,3.118,0.0017,0.0032,-0.0014,-0.0035,-0.096,-0.1631
3119,3.119,-0.0012,0.0039,-0.0066,0.0003,-0.2791,-0.4408
3120,3.12,0.0036,0.0034,-0.002,0.0039,-0.4022,-0.91
3121,3.121,0.0019,0.0005,-0.0012,-0.003,-0.1554,-0.4623
3122,3.122,-0.0033,0.0021,-0.0033,0.0016,0.0752,0.0623
3123,3.123,-0.0039,0.0051,-0.0013,-0.0009,0.1058,0.2748
3124,3.124,0.0003,-0.0013,0.0004,-0.0015,0.1334,0.2119
3125,3.125,-0.0001,-0.0058,-0.0048,0.0006,0.1093,0.2704
3126,3.126,-0.0026,0.002,0.0001,0.0011,0.0873,0.2182
3127,3.127,-0.0004,0.0011,0.0007,-0.0005,0.1891,0.2667
3128,3.128,0.0036,-0.0035,0.0024,0.0021,0.3931,0.8349
3129,3.129,0.0021,-0.0026,-0.0054,0.0025,0.2036,0.6034
3130,3.13,-0.0009,-0.0003,0.0002,0.0013,-0.0186,0.1104
3131,3.131,-0.0006,-0.0023,-0.0008,0.001,-0.1086,-0.2109
3132,3.132,-0.0016,0.002,-0.0016,0.0021,-0.0818,-0.154
3133,3.133,-0.0005,0.0015,0.0009,-0.0029,-0.1065,-0.313
3134,3.134,-0.0001,0.0011,0.0003,-0.0009,-0.129,-0.2654
3135,3.135,-0.0003,0.0015,-0.0017,-0.0039,-0.1087,-0.1347
3136,3.136,-0.0019,-0.0049,0.004,-0.0091,-0.3865,-0.6509
3137,3.137,0.0003,0.0016,0.0034,0.0016,-0.2677,-0.8621
3138,3.138,0.0046,-0.0026,-0.0015,0.0032,-0.0868,-0.2861
3139,3.139,0.0077,-0.0032,-0.002,0.0046,0.0781,0.1023
3140,3.14,0.0036,0.0017,0.0009,0.0009,0.1086,0.1739
3141,3.141,0.0001,-0.0013,0.0005,-0.0001,0.136,0.2385
3142,3.142,0.0013,-0.0018,0.0027,-0.0031,0.1118,0.2969
3143,3.143,-0.0007,-0.0053,0.0039,-0.0039,0.0897,0.2444
3144,3.144,0.0004,0.0008,0.0021,0.0004,0.2731,0.3886
3145,3.145,0.0014,0.0034,0.0011,-0.0003,0.3471,0.8691
3146,3.146,-0.0016,-0.0003,0.0015,-0.0023,0.1453,0.5493
3147,3.147,0.0042,-0.0038,0.0022,0.0008,-0.045,0.0247
3148,3.148,-0,0.0032,-0.0001,0.0013,-0.0701,-0.1877
3149,3.149,-0,0.0021,0.0021,0.0011,-0.114,-0.2324
3150,3.15,0.0007,0.0029,0.0004,0.0037,-0.1366,-0.2972
3151,3.151,0.0027,0.0021,0.0006,0.0015,-0.0759,-0.2398
3152,3.152,0.0032,0.0044,-0,-0.0006,-0.1684,-0.2929
3153,3.153,0.0073,0.0037,-0.0012,-0.0002,-0.3872,-0.8217
3154,3.154,-0.0005,0.0032,0.0017,0.0001,-0.2382,-0.7521
3155,3.155,-0.0015,0.0004,0.0021,0.0038,0.0064,-0.1758
3156,3.156,-0.0025,-0.0021,-0.0011,-0.0032,0.1056,0.2125
3157,3.157,0.0021,-0.0018,0.0018,-0.0022,0.0764,0.1433
3158,3.158,-0.0056,-0.0021,-0.0018,0.0024,0.1038,0.2077
3159,3.159,-0.0109,-0.0031,-0.0014,-0.0036,0.1286,0.15
3160,3.16,-0.01,0.0022,-0.0011,-0.003,0.1063,0.2028
3161,3.161,-0.0041,0,-0.0036,0.0006,0.371,0.635
3162,3.162,-0.0004,-0.0035,0.0009,-0.0025,0.2631,0.8094
3163,3.163,-0.0039,-0.0004,-0.0021,-0.0054,0.0329,0.3331
3164,3.164,0.0003,-0.0021,-0.0016,-0.0133,-0.1168,-0.1164
3165,3.165,0.002,0.0014,0.0019,-0.0143,-0.0903,-0.1761
3166,3.166,0.0005,0.0011,0.0007,-0.0028,-0.1152,-0.2298
3167,3.167,0.0002,0.0014,0.0011,-0.0135,-0.0932,-0.2787
3168,3.168,0.0013,-0.0043,-0.0032,-0.0122,-0.073,-0.2356
3169,3.169,-0.0005,-0.0001,-0.0015,-0.0086,-0.2767,-0.4345
3170,3.17,-0.0002,-0.0023,0.002,-0.0008,-0.3581,-0.9041
3171,3.171,-0.0019,-0.003,-0.0022,0.0022,-0.1361,-0.4569
3172,3.172,-0.0012,-0.0099,0.0006,0.0067,0.0732,0.0674
3173,3.173,-0.0011,-0.0145,-0.0019,-0.0045,0.101,0.2797
3174,3.174,-0.0017,-0.0137,-0.0062,0,0.1259,0.2166
3175,3.175,-0.0012,-0.0067,-0.001,0.0013,0.1485,0.275
3176,3.176,0.0018,0.0017,0.0039,0.0025,0.0878,0.2226
3177,3.177,0.0014,-0.0015,-0.0003,0.0056,0.1805,0.2707
3178,3.178,0.0004,-0.0005,0.0025,0.0026,0.3993,0.8385
3179,3.179,0.0007,0.0003,-0.001,0.0034,0.2504,0.7614
3180,3.18,0.0051,0.0046,0.0012,0.0093,0.0059,0.1273
3181,3.181,0.0034,0.0024,0.0008,0.0055,-0.0933,-0.1297
3182,3.182,0.0039,0.0072,-0.0002,0.0034,-0.064,-0.2083
3183,3.183,-0.003,0.003,-0.0006,0.0051,-0.1454,-0.2793
3184,3.184,-0.0041,0.0035,-0.0016,0.0091,-0.1211,-0.2161
3185,3.185,-0.0068,0.0009,-0.0059,0.0076,-0.0988,-0.1585
3186,3.186,-0.006,0.006,-0.0102,0.0079,-0.3634,-0.634
3187,3.187,-0.0067,0.0053,-0.0061,0.0067,-0.3276,-0.8264
3188,3.188,-0.0031,0.0036,-0.0036,0.0031,-0.0974,-0.3029
3189,3.189,-0.0026,0.0041,-0.0097,0.0019,0.0523,0.1908
3190,3.19,0.0014,0.0056,-0.0072,-0.0045,0.0799,0.2562
3191,3.191,0.0009,0.0044,-0.0079,-0.0073,0.1048,0.3151
3192,3.192,0.0031,-0.0003,-0.003,-0.0014,0.1274,0.263
3193,3.193,0.0027,-0.002,0,0.0039,0.0667,0.2155
3194,3.194,0.0001,-0.0038,-0.0029,0.0074,0.2704,0.4342
3195,3.195,0.0011,-0.0012,0.0039,-0.0021,0.4061,0.8711
3196,3.196,0.0061,-0.0009,0.0047,-0.0034,0.1348,0.4647
3197,3.197,0.0026,-0.0029,0.0072,0.0028,-0.0462,-0.0119
3198,3.198,0.0068,0.0028,0.005,-0.0004,-0.0796,-0.2052
3199,3.199,0.0039,0.0019,0.0014,-0.0014,-0.1098,-0.264
3200,3.2,0.0033,-0.0003,0.0056,0.0031,-0.1371,-0.3173
3201,3.201,0.003,-0.001,0.0073,0.0057,-0.1128,-0.2695
3202,3.202,0.0001,0.0032,0.0087,0.002,-0.18,-0.2259
3203,3.203,-0.001,-0.002,0.0045,0.0026,-0.4039,-0.8213
3204,3.204,-0.0007,0.0015,0.004,-0.0004,-0.2549,-0.7364
3205,3.205,0.0003,-0.0028,0.0044,-0.0021,-0.0104,-0.1936
3206,3.206,-0.0034,-0.0033,0.0014,-0.0016,0.0888,0.1598
3207,3.207,-0.0009,-0.0068,0.0042,0.0015,0.119,0.2253
3208,3.208,0.0012,0.0001,0.0024,0.0018,0.1464,0.2841
3209,3.209,0.0024,-0.003,0.004,0.006,0.122,0.2322
3210,3.21,-0.0012,-0.0003,0.003,-0.0027,0.0998,0.1847
3211,3.211,-0.0034,-0.0011,0.0005,0.001,0.3644,0.6658
3212,3.212,0.0021,0.0058,0.0008,-0.0022,0.3286,0.8585
3213,3.213,0.0015,0.0066,0.0018,-0.0032,0.0983,0.3353
3214,3.214,-0.0021,0.0024,0.0037,-0.0023,-0.0515,-0.158
3215,3.215,-0.0004,0.0031,-0.0002,0.0019,-0.0791,-0.2232
3216,3.216,0.0036,0.0024,0.0015,-0.0033,-0.1039,-0.2817
3217,3.217,0.0001,0.0029,0.0051,-0.0012,-0.1265,-0.2292
3218,3.218,0.0012,0.0024,-0.001,-0.0007,-0.1063,-0.1813
3219,3.219,0.0009,-0.0001,0.0016,0.0046,-0.273,-0.3996
3220,3.22,-0.0033,0.0011,-0.0006,0.0026,-0.3851,-0.9156
3221,3.221,-0.0005,-0.0001,-0.0042,-0.0057,-0.1611,-0.5639
3222,3.222,0.0021,-0.0043,-0.0025,-0.0066,0.0483,0.0132
3223,3.223,0.0017,-0.0048,-0.0019,-0.0013,0.076,0.2472
3224,3.224,-0.0003,-0.0033,-0.0045,-0.0059,0.1008,0.1784
3225,3.225,-0.0022,-0.0021,-0.0041,-0.0016,0.1234,0.2432
3226,3.226,-0.0011,-0.0033,-0.0002,-0.0053,0.1033,0.3019
3227,3.227,-0.0021,0.0018,-0.0049,-0.0032,0.1589,0.2495
3228,3.228,0.0021,-0.0017,-0.0044,-0.0026,0.3777,0.7782
3229,3.229,0.0016,-0.0021,-0.0015,-0.0043,0.2287,0.7087
3230,3.23,-0.0012,0.0031,0.0011,-0.0006,0.0385,0.1323
3231,3.231,-0.006,-0.0017,-0.0011,0.0016,-0.0853,-0.1014
3232,3.232,-0.0017,0.0014,0.0009,-0.0004,-0.1082,-0.1728
3233,3.233,0.0023,-0.0026,0.006,-0.0045,-0.1288,-0.2373
3234,3.234,-0.0044,-0.001,0.0025,-0.0016,-0.1106,-0.2959
3235,3.235,-0.0053,0.0032,-0.0032,-0.0031,-0.094,-0.138
3236,3.236,-0.0028,0.0004,0.0005,0.003,-0.3236,-0.6665
3237,3.237,-0.0006,-0,-0.0002,0.0022,-0.2911,-0.8777
3238,3.238,0.0001,0.0004,-0.0032,0.0029,-0.0822,-0.3018
3239,3.239,0.0032,-0.0052,-0.0027,0.0009,0.054,0.0866
3240,3.24,0.0049,0.0001,-0.0012,0.0004,0.079,0.1582
3241,3.241,0.0034,0.0022,-0.0008,0.0021,0.1016,0.2229
3242,3.242,0.0056,0.008,-0.002,0.0006,0.1221,0.2814
3243,3.243,0.0017,0.0043,-0.0023,0.0018,0.1038,0.2289
3244,3.244,0.0052,-0.0006,0.003,0.0015,0.2888,0.373
3245,3.245,-0.0009,-0,0.0023,0.0041,0.3627,0.8535
3246,3.246,0.0034,-0.0005,-0.0012,0.0064,0.1609,0.5337
3247,3.247,-0.0036,0.0053,-0.0007,0.0014,-0.0296,0.009
3248,3.248,-0.0009,0.0016,0.0034,-0.0035,-0.104,-0.2036
3249,3.249,0.0034,0.008,0.0029,-0.003,-0.1267,-0.2689
3250,3.25,-0,0.0057,0.004,0.0003,-0.1285,-0.2659
3251,3.251,0.0006,0.0015,-0.0011,0.0056,-0.1084,-0.2087
3252,3.252,0.0026,0.0022,0.0009,0.0049,-0.1641,-0.2619
3253,3.253,0.0009,-0.0014,0.0014,0.0044,-0.4166,-0.7908
3254,3.254,-0.002,-0.0009,-0.0003,0.0004,-0.2364,-0.7211
3255,3.255,-0.0025,-0.0026,-0.0038,0.0039,-0.0062,-0.1449
3256,3.256,0.0006,-0.0061,-0.0035,0.0036,0.0837,0.2435
3257,3.257,-0.0033,0.0008,-0.0006,0.0047,0.1112,0.1742
3258,3.258,-0.0008,0.0018,-0.0025,0.0037,0.1361,0.2388
3259,3.259,-0.0005,-0.0009,-0.0015,0.0005,0.1139,0.1812
3260,3.26,0.0007,-0.0017,-0.0032,-0.0059,0.0937,0.1285
3261,3.261,-0.0003,-0.001,-0.0031,-0.0105,0.3714,0.6568
3262,3.262,-0.0007,-0.0031,-0.0038,-0.0046,0.332,0.8679
3263,3.263,-0.001,-0.0014,-0.0075,-0.0039,0.0791,0.4197
3264,3.264,-0.0024,0.0003,-0.0101,0.0025,-0.0858,-0.1052
3265,3.265,0.0005,-0.0013,-0.0079,-0.0018,-0.1163,-0.177
3266,3.266,-0.0005,-0.0001,-0.0023,0.0019,-0.0896,-0.242
3267,3.267,-0.0015,-0.0013,0.0046,-0.0001,-0.1146,-0.3008
3268,3.268,-0.0012,0.0005,-0,0.0004,-0.1372,-0.2485
3269,3.269,-0.0011,-0.0034,0.0025,-0.0001,-0.3206,-0.393
3270,3.27,-0.0028,-0.0009,0.0094,0.0034,-0.3946,-0.8738
3271,3.271,-0.0029,-0.007,0.0009,-0.0009,-0.1481,-0.5545
3272,3.272,-0.0043,-0.0011,0.0019,-0.0004,0.0822,-0.0303
3273,3.273,-0.0065,0.0041,0.0029,-0.003,0.1125,0.1819
3274,3.274,-0.0072,-0.0009,0.0001,-0.0018,0.0857,0.2466
3275,3.275,-0.0044,-0.004,0.0043,-0.0057,0.1104,0.305
3276,3.276,-0.004,0,0.0006,-0.0032,0.0882,0.2526
3277,3.277,-0.0002,-0.0068,0.0013,-0.0102,0.1898,0.2047
3278,3.278,-0.0007,-0.006,0.0017,-0.0154,0.3935,0.8597
3279,3.279,0.0005,-0.0035,0.0058,-0.0109,0.2038,0.7664
3280,3.28,0.0061,-0.0088,-0.001,-0.005,0.0308,0.1695
3281,3.281,0.0068,-0.0124,-0.0037,0.0003,-0.0819,-0.2193
3282,3.282,0.0032,-0.0055,0.004,0.0009,-0.1027,-0.1503
3283,3.283,0.0037,-0.0064,0.005,-0.0021,-0.1215,-0.2152
3284,3.284,0.0042,-0.0022,0.0005,0.0019,-0.1051,-0.2739
3285,3.285,0.0006,-0.006,0.003,0.0034,-0.09,-0.2216
3286,3.286,0.0057,-0.0067,-0.0008,0.0095,-0.2987,-0.6542
3287,3.287,-0.0021,-0.0037,0.0013,0.0035,-0.3286,-0.8291
3288,3.288,0.001,0.0003,0.0007,0.0072,-0.0844,-0.3533
3289,3.289,0.0037,0.005,-0.0033,0.0036,0.0804,0.0958
3290,3.29,0.0045,0.0032,-0.0018,0.0031,0.1106,0.2712
3291,3.291,0.0023,0.0037,0.0024,0.0036,0.1379,0.219
3292,3.292,0.003,0.0031,-0.0005,-0.0042,0.1136,0.2675
3293,3.293,0.0035,0.0082,-0.003,-0.001,0.0914,0.2241
3294,3.294,0.0006,0.0046,-0.0008,0.0062,0.2746,0.4226
3295,3.295,0.0022,0.0087,0.0031,-0.0002,0.3979,0.8918
3296,3.296,-0,0.007,-0.0005,0.004,0.1512,0.5721
3297,3.297,0.0003,0.0044,-0.0001,0.0047,-0.0792,0.0476
3298,3.298,0.0013,0.0047,0.0002,0.004,-0.1097,-0.1648
3299,3.299,-0.0011,-0.0001,0.0012,-0.0002,-0.1372,-0.2298
3300,3.3,0.0027,0.0041,0.0036,0.0038,-0.1129,-0.2885
3301,3.301,0.0015,0.0069,0.0012,0.0033,-0.0907,-0.2363
3302,3.302,0.0003,0.0084,-0.0001,-0.0036,-0.1517,-0.2847
3303,3.303,0.0013,0.0023,-0.0013,-0.0089,-0.3925,-0.8528
3304,3.304,-0.0032,0.0048,-0.0001,-0.0004,-0.2285,-0.776
3305,3.305,-0.0015,-0.0022,0.0001,0.0028,-0.0193,-0.1422
3306,3.306,-0.0068,0.0023,-0.001,0.0018,0.0626,0.1147
3307,3.307,-0.0019,-0.0003,-0.0021,-0.001,0.0876,0.1933
3308,3.308,-0.0024,0.0034,-0.0047,0.0016,0.1102,0.264
3309,3.309,-0.0041,0.0041,0.0006,0.0023,0.1308,0.3284
3310,3.31,-0.0015,0.0024,-0.0031,-0.0013,0.1124,0.1545
3311,3.311,-0.0012,0.0029,0.0047,0.0004,0.3649,0.63
3312,3.312,-0.004,-0.0019,-0.0006,0.0021,0.3291,0.8223
3313,3.313,-0.0036,-0.0024,0.0003,-0.0037,0.099,0.2989
3314,3.314,-0.0019,-0.0007,0.0062,-0.003,-0.0507,-0.0542
3315,3.315,0.0018,-0.0002,-0.0007,0.0019,-0.0784,-0.2474
3316,3.316,0.0022,-0.0032,-0.0034,-0.0023,-0.1032,-0.3063
3317,3.317,-0.0017,0.0007,0.0026,0.0041,-0.1257,-0.2542
3318,3.318,0.0019,-0.0009,0.0004,0.0049,-0.1055,-0.2067
3319,3.319,0.0042,-0.0012,0.0011,0.0043,-0.2721,-0.3378
3320,3.32,0.003,-0.004,-0.0005,0.0022,-0.3842,-0.9335
3321,3.321,0.0056,0.0017,0.0012,0.0028,-0.1602,-0.508
3322,3.322,0.001,0.0026,-0.0023,-0.0001,0.0492,0.035
3323,3.323,0.0041,0.0048,-0.0019,0.0014,0.0772,0.2474
3324,3.324,-0.0035,0.0055,-0.0031,-0.0008,0.1022,0.1846
3325,3.325,-0.0004,-0.0002,-0.0021,0.0013,0.1248,0.2432
3326,3.326,-0.0031,-0.0038,-0.0017,-0.0023,0.1048,0.2966
3327,3.327,0.0012,-0.0002,-0.0013,-0.0073,0.1604,0.2489
3328,3.328,-0.0025,0.0004,0.0029,-0.0053,0.3794,0.8168
3329,3.329,0.0011,-0.0048,0.0034,0.0005,0.2305,0.74
3330,3.33,-0.002,-0.0041,0.0006,-0.0047,-0.014,0.1061
3331,3.331,-0.0002,-0.0071,0.0001,-0.0027,-0.1131,-0.1507
3332,3.332,0.0003,-0.0018,0.0023,-0.001,-0.0838,-0.2292
3333,3.333,-0,-0.0011,-0.0006,0.0055,-0.111,-0.3002
3334,3.334,0.0029,0.002,-0.0016,0.0063,-0.1358,-0.2368
3335,3.335,0.0039,-0.0008,0.0037,0.007,-0.1135,-0.1792
3336,3.336,-0.0013,0.0008,-0,0.0078,-0.3373,-0.6548
3337,3.337,-0.0007,0.0005,-0.0007,0.0036,-0.3076,-0.8471
3338,3.338,-0.0013,0.0017,-0.0012,-0.0016,-0.0632,-0.3237
3339,3.339,0.0004,0.0008,-0.0041,-0.0009,0.1017,0.17
3340,3.34,-0.0025,0.0005,0.0037,-0.0004,0.0725,0.2354
3341,3.341,0,0.0036,-0.0041,-0.0032,0.0999,0.2944
3342,3.342,-0.0012,0.0034,-0.0031,-0.0057,0.1247,0.2422
3343,3.343,0.0027,0.0051,-0.0004,-0.0088,0.1026,0.1947
3344,3.344,-0.002,0.0001,-0.003,-0.0126,0.2859,0.4134
3345,3.345,0.0037,-0.0005,0.0007,-0.0101,0.3599,0.8504
3346,3.346,-0,-0.0022,-0.0013,-0.0031,0.1581,0.5601
3347,3.347,-0.0007,-0.0038,-0.003,0.0021,-0.0322,-0.0222
3348,3.348,-0.0012,0.004,0.0022,-0.0024,-0.1067,-0.2558
3349,3.349,-0.0007,-0.0037,0.0058,0.0001,-0.1294,-0.1866
3350,3.35,0.0018,-0.0007,-0.0012,0.0008,-0.1094,-0.2513
3351,3.351,-0.0011,-0.0008,0.001,0.0049,-0.1023,-0.2594
3352,3.352,0.0011,0,0.0001,0.0028,-0.1579,-0.2017
3353,3.353,-0.0001,0.0009,-0.0007,-0.0029,-0.4104,-0.783
3354,3.354,-0.0004,0.0003,-0.0014,-0.0007,-0.2302,-0.7061
3355,3.355,0.0019,0.0009,0.0006,-0.0001,0.0002,-0.2131
3356,3.356,-0.0005,-0.0033,-0.0011,0.0016,0.0901,0.2361
3357,3.357,-0.0003,-0.0038,0.0017,-0.0001,0.1175,0.1793
3358,3.358,0.0004,-0.0002,0.0022,0.0004,0.1423,0.2329
3359,3.359,-0.0034,-0.0014,0.001,-0.0018,0.1202,0.2816
3360,3.36,-0.0081,-0.0011,0.003,0.0029,0.0999,0.1511
3361,3.361,-0.0086,-0.0021,0.0027,0.0012,0.3406,0.5878
3362,3.362,-0.0034,-0.0017,-0.0026,0.0029,0.3079,0.8788
3363,3.363,-0.007,-0.0007,0.0011,0.0064,0.0989,0.2974
3364,3.364,-0.0065,-0.0014,-0.0053,0.0042,-0.0916,-0.091
3365,3.365,-0.0001,-0.0048,-0.0113,0.0014,-0.1168,-0.1626
3366,3.366,-0.0026,0.0012,-0.0135,0.0039,-0.1395,-0.2275
3367,3.367,0.0011,-0.0047,-0.0071,0.0015,-0.1195,-0.2861
3368,3.368,0.006,-0.001,0.0007,0.0019,-0.1013,-0.2336
3369,3.369,-0.001,0.0025,-0.0024,0.0012,-0.2866,-0.3779
3370,3.37,-0.0001,0.002,0.0022,0.0005,-0.41,-0.946
3371,3.371,-0.0027,-0.0021,-0.0021,0.0007,-0.2083,-0.5593
3372,3.372,0.0026,-0.0006,0.0016,-0.0025,0.0363,-0.0657
3373,3.373,0.0005,-0.0075,0.0023,-0.0095,0.1353,0.2556
3374,3.374,0.0048,-0.0148,0.004,-0,0.1058,0.1987
3375,3.375,0.0019,-0.0084,0.0045,-0.0012,0.133,0.252
3376,3.376,0.0034,-0.0059,0.0029,0.0044,0.1085,0.3006
3377,3.377,0.0022,-0.0007,-0.0022,-0.0009,0.1756,0.2572
3378,3.378,0.001,0.0057,-0.0042,-0.0018,0.3995,0.7735
3379,3.379,0.0052,0.0082,0.0041,0.0007,0.3101,0.7037
3380,3.38,-0.0012,0.0012,0.0031,0.0014,0.0114,0.1274
3381,3.381,0.0047,0.0039,0.002,0.0034,-0.1083,-0.1064
3382,3.382,0.0053,0.0064,-0.0007,0.0029,-0.0728,-0.1777
3383,3.383,0.0033,0.0026,0.0071,0,-0.106,-0.2425
3384,3.384,0.0064,0.0032,0.0041,-0.0047,-0.1361,-0.3012
3385,3.385,0.0035,-0.001,0.0067,-0.0142,-0.1092,-0.1432
3386,3.386,0.002,-0.0006,0.0042,-0.0128,-0.3803,-0.5757
3387,3.387,0.0031,0.0051,0.0035,-0.0066,-0.3446,-0.8665
3388,3.388,0.0035,0.0014,0.0029,-0.001,-0.1145,-0.3906
3389,3.389,-0.0001,-0.0007,0.0012,0,0.0946,0.0586
3390,3.39,-0.0023,-0.0012,0.0028,-0.0008,0.1222,0.2344
3391,3.391,0.0006,0.0028,0.0003,0.0017,0.0978,0.1824
3392,3.392,-0.0013,0.0022,0.0015,0.0039,0.1203,0.2311
3393,3.393,-0.0016,0,-0.0005,0.0018,0.0594,0.1879
3394,3.394,-0.0033,0.002,0.0005,0.0035,0.2631,0.3864
3395,3.395,-0.002,-0.0038,-0.0027,0.0087,0.3986,0.9277
3396,3.396,-0.0036,0.0021,-0.0031,0.0052,0.1766,0.541
3397,3.397,-0.0014,-0.0049,-0.002,0.0069,-0.0328,0.0475
3398,3.398,-0.0028,0.0035,0.0019,0.0028,-0.1147,-0.1459
3399,3.399,0.0001,0.0067,0.0044,-0.004,-0.0906,-0.205
3400,3.4,-0.0025,0.0015,0.0022,0.0006,-0.1133,-0.2583
3401,3.401,0.0028,-0.0013,-0.0042,0.0032,-0.0932,-0.2107
3402,3.402,0.0006,-0.0005,-0.0069,0.0069,-0.1488,-0.2546
3403,3.403,-0.0014,0.0002,-0.0027,-0.0009,-0.4014,-0.7707
3404,3.404,0.0003,0.0009,0.001,0.0044,-0.2212,-0.7009
3405,3.405,-0.0002,-0.0034,-0.001,0.0016,0.0091,-0.1245
3406,3.406,0.0003,-0.0017,0.0021,0.0008,0.0991,0.1093
3407,3.407,-0.0048,-0.0002,-0.0067,-0.0014,0.0725,0.181
3408,3.408,0.0016,0.001,-0.0005,-0.0021,0.1465,0.2456
3409,3.409,-0.0009,-0.0019,-0.0015,0.0049,0.1244,0.3042
3410,3.41,0.0013,-0.0009,-0.0005,0.004,0.1042,0.1463
3411,3.411,-0.0007,0.0036,-0.0013,0.0032,0.345,0.5789
3412,3.412,0.0023,0.0006,-0.0004,-0.0021,0.3123,0.8698
3413,3.413,-0.0006,0.0023,0.0002,-0.0098,0.1034,0.3941
3414,3.414,0.0019,0.0038,-0.0018,-0.0067,-0.0868,-0.055
3415,3.415,0.0007,-0.0004,-0.0001,-0.0076,-0.1119,-0.2305
3416,3.416,-0.0013,-0.0009,0.0016,-0.0084,-0.1344,-0.284
3417,3.417,-0.0038,0.0038,0.0031,-0.0046,-0.1144,-0.2364
3418,3.418,-0.0041,-0.0004,-0.0011,0.0003,-0.096,-0.1931
3419,3.419,-0.0024,-0.0009,0.0006,-0.0014,-0.2811,-0.3916
3420,3.42,-0.0031,-0.0014,-0.0072,0.0003,-0.4043,-0.9329
3421,3.421,0.0008,-0.0044,-0.004,-0.0002,-0.1577,-0.5461
3422,3.422,0.0036,-0.0047,0.0013,0.0049,0.0728,-0.0526
3423,3.423,-0.0011,0.001,0.0022,0.0014,0.1033,0.2688
3424,3.424,-0.0006,0.007,-0.0004,0.0056,0.1309,0.212
3425,3.425,-0.0023,0.0033,0.0003,0.0015,0.1068,0.2655
3426,3.426,-0.0018,-0.0003,-0.0003,0.0031,0.0847,0.2181
3427,3.427,0.0013,0.0014,-0.0045,0.0043,0.1458,0.2621
3428,3.428,0.0009,0.0032,0.0007,0.0031,0.3867,0.7785
3429,3.429,-0.0016,-0.0025,-0.0013,0.0006,0.2228,0.7088
3430,3.43,0.0036,0.0013,0.0004,-0.0018,0.0137,0.1325
3431,3.431,-0.0033,-0.0022,-0.0025,-0.0001,-0.0681,-0.1011
3432,3.432,-0.0006,0.0008,-0.0009,0.0018,-0.093,-0.1724
3433,3.433,0.0003,0.0038,0.0021,-0.0021,-0.1156,-0.2369
3434,3.434,0.0025,0.0003,-0.0008,-0.0038,-0.136,-0.2953
3435,3.435,-0.0011,0.0015,0.0011,-0.0043,-0.0806,-0.2427
3436,3.436,-0.0016,0.0012,-0.0021,-0.0013,-0.333,-0.579
3437,3.437,-0.001,0.0022,0.0043,-0.006,-0.297,-0.8849
3438,3.438,0.0015,-0.003,0.0016,-0.0029,-0.0668,-0.3684
3439,3.439,0.0003,-0.0007,0.0025,0.0023,0.083,0.1254
3440,3.44,0.0024,0.0013,0.0003,0.003,0.1108,0.1908
3441,3.441,0.0005,0.0019,-0.0046,0.0047,0.1359,0.2497
3442,3.442,-0.0005,-0.0033,-0.0016,0.003,0.1139,0.3031
3443,3.443,-0.0015,-0.0013,0.0001,0.0025,0.0939,0.2555
3444,3.444,0.0015,0.0004,0.0036,-0.0006,0.2606,0.3865
3445,3.445,0.0004,-0.006,0.0014,0.0058,0.3729,0.903
3446,3.446,0.0007,-0.0034,-0.0014,0.005,0.149,0.552
3447,3.447,0.0031,0.0004,0.0043,0.0041,-0.0601,-0.0247
3448,3.448,-0.0013,-0.0003,0.0018,-0.0074,-0.0877,-0.2583
3449,3.449,0.0016,-0.0045,-0.0004,-0.0057,-0.1126,-0.189
3450,3.45,0.0021,0.002,0.0031,-0.0011,-0.135,-0.2536
3451,3.451,0.0024,-0.0006,0.0027,0.0003,-0.1148,-0.312
3452,3.452,-0.0006,0.0016,0.0056,0.0008,-0.162,-0.2283
3453,3.453,-0.0003,-0.0021,0.0039,0.0071,-0.4028,-0.8095
3454,3.454,-0.0013,-0.0014,-0.0009,-0.0007,-0.2388,-0.7326
3455,3.455,0.001,-0.0008,0.0022,0.0003,-0.0296,-0.2396
3456,3.456,0,0.0032,-0.0006,-0.0005,0.1067,0.2096
3457,3.457,0.0026,0.0058,-0.0021,0.0004,0.0827,0.2688
3458,3.458,0.0029,-0.0003,-0.001,-0.0003,0.1053,0.2166
3459,3.459,-0.0008,-0.0029,-0.0021,-0.0009,0.1259,0.2652
3460,3.46,0.0043,-0.0035,-0.0002,-0.0014,0.0706,0.2219
3461,3.461,0.0022,-0.0015,0.003,-0.0067,0.323,0.5792
3462,3.462,0.0065,0.0043,0.0001,-0.016,0.2871,0.8198
3463,3.463,0.006,-0.001,0.0037,-0.0148,0.057,0.339
3464,3.464,0.0012,-0.0017,-0.0024,-0.0044,-0.0927,-0.1103
3465,3.465,-0.0045,0.0066,0.0019,-0.0058,-0.0663,-0.1699
3466,3.466,-0.0008,0.0034,-0.0018,-0.0021,-0.0912,-0.2237
3467,3.467,-0.0015,-0.0018,-0.0038,0.0011,-0.1138,-0.2725
3468,3.468,0.0002,-0.001,-0.0033,0.0021,-0.0937,-0.2294
3469,3.469,0.0019,-0.0052,-0.0062,0.0106,-0.2603,-0.3485
3470,3.47,0.0003,-0.0015,-0.0026,0.0074,-0.3725,-0.8901
3471,3.471,-0.0008,-0.0009,0.0004,0.0021,-0.1486,-0.5036
3472,3.472,-0.0029,-0.0026,-0.0008,0.0048,0.0607,-0.0102
3473,3.473,0.0029,0.0003,-0.0004,-0.0011,0.0884,0.183
3474,3.474,-0.0014,-0.0023,-0.0021,-0.0004,0.1134,0.242
3475,3.475,-0.0036,0.0038,-0.0004,0.0045,0.136,0.2954
3476,3.476,-0,-0.004,-0.0018,0.0062,0.1158,0.2477
3477,3.477,-0.0031,-0.0113,0.0021,0.0021,0.1713,0.2042
3478,3.478,-0.0026,-0.0086,0.0004,0.0026,0.4238,0.7998
3479,3.479,-0.0011,-0.006,-0.0001,0.0038,0.2435,0.7149
3480,3.48,-0.0023,-0.0008,0.0011,0.0026,0.0132,0.1723
3481,3.481,-0.0052,-0.0015,0.005,-0.0032,-0.0768,-0.181
3482,3.482,-0.0071,-0.0032,-0.0028,0.0027,-0.1043,-0.2461
3483,3.483,-0.0116,0.002,0.0028,0.002,-0.1292,-0.305
3484,3.484,-0.0111,-0.0016,-0.0002,0.0069,-0.1071,-0.253
3485,3.485,-0.0083,0.0054,0.0025,0.0011,-0.1275,-0.2055
3486,3.486,-0.0058,0.0008,-0.0001,0.0033,-0.3683,-0.5988
3487,3.487,-0.0054,0.005,-0.0023,0.0013,-0.3356,-0.8635
3488,3.488,-0.0007,0.0028,0.0041,0.0029,-0.1266,-0.3349
3489,3.489,-0.0002,0.0048,-0.0001,0,0.0637,0.1587
3490,3.49,0.0026,-0.001,-0.0008,0.0058,0.0888,0.224
3491,3.491,0.0041,0.0042,-0.0028,0.0079,0.1115,0.2828
3492,3.492,0.0019,0.0035,0.0002,0.0099,0.132,0.3361
3493,3.493,0.0048,0.004,0.0007,0.0069,0.1138,0.1922
3494,3.494,0.0029,-0.0001,0.0022,-0.002,0.2652,0.236
3495,3.495,0.0039,0.0024,0.0026,-0.0082,0.3671,0.8316
3496,3.496,0.0036,0.0012,-0.0003,-0.0093,0.1632,0.5763
3497,3.497,0.0043,0.0016,-0.0039,-0.0145,-0.0271,0.0332
3498,3.498,0.0066,-0.0027,-0.01,-0.0061,-0.1016,-0.1793
3499,3.499,0.0036,0.0026,-0.0159,-0.0139,-0.1243,-0.2444
3500,3.5,0.001,0.0005,-0.0059,-0.0087,-0.1043,-0.3031
3501,3.501,0.0049,0.001,-0.0019,-0.006,-0.086,-0.2509
3502,3.502,0.0023,0.0027,-0.0007,-0.0086,-0.1365,-0.2032
3503,3.503,0.0045,-0.002,0.0003,-0.0186,-0.3661,-0.7712
3504,3.504,0.0017,0.0037,-0.0007,-0.0145,-0.2677,-0.6944
3505,3.505,-0.0034,0.0044,-0.0016,-0.0083,0.0014,-0.2015
3506,3.506,0.0001,0.0009,0.0026,-0.0005,0.1102,0.2477
3507,3.507,0.0006,0.0014,-0.0011,0.0004,0.0779,0.1909
3508,3.508,0.0001,0.0019,0.0024,-0.0004,0.1081,0.2446
3509,3.509,0.0016,0.0003,0.0007,0.0021,0.1354,0.2932
3510,3.51,0.0013,-0.0039,0.0024,0.0014,0.1111,0.1626
3511,3.511,-0.0007,-0.001,0.0019,0.0007,0.3576,0.5993
3512,3.512,0.0018,0.0005,0.0031,0.0037,0.3251,0.8903
3513,3.513,-0.0006,0.0017,0.0034,0.0089,0.1162,0.4146
3514,3.514,-0.0009,-0.0011,0.0059,0.0054,-0.0741,-0.0344
3515,3.515,0.0016,0.0007,0.0014,0.0096,-0.099,-0.2098
3516,3.516,0.004,0.0025,0.0019,0.0113,-0.1215,-0.2633
3517,3.517,0.0023,-0.0026,-0.001,0.0065,-0.142,-0.3118
3518,3.518,-0.0007,-0.0019,0.0068,0.007,-0.0866,-0.1812
3519,3.519,0.0013,-0.0001,0.0058,0.003,-0.2716,-0.3798
3520,3.52,-0.0022,0.0039,0.0028,0.0055,-0.3948,-0.9211
3521,3.521,0.0028,-0.0018,0.0036,0.0005,-0.1481,-0.5343
3522,3.522,0.0022,-0.0039,0.0028,0.0012,0.0167,-0.0407
3523,3.523,0.0005,-0.0004,0.0006,0.0054,0.1068,0.1529
3524,3.524,-0.0012,-0.0008,0.0042,0.0037,0.1344,0.212
3525,3.525,0.0014,-0.0013,-0.0027,0.0032,0.1102,0.2655
3526,3.526,-0.0016,-0.0018,-0.0018,0.0029,0.0882,0.218
3527,3.527,0.0023,-0.0048,-0.0027,0.0001,0.1494,0.262
3528,3.528,-0.0013,0.0017,0.0011,0.0052,0.3904,0.7784
3529,3.529,-0.0009,0.0008,0.0031,0.0016,0.2266,0.7088
3530,3.53,0.002,-0.0017,0.0048,-0.0014,0.0175,0.1325
3531,3.531,-0.0005,0.0006,-0.0028,0.0003,-0.0643,-0.101
3532,3.532,0.0019,-0.0014,0.0025,-0.0012,-0.0892,-0.1723
3533,3.533,-0.0031,-0.0008,-0.0002,0,-0.1118,-0.2368
3534,3.534,-0.0011,-0.0036,0.0007,-0.0064,-0.1322,-0.2952
3535,3.535,-0.0053,0.0042,0.0029,-0.0037,-0.1138,-0.1369
3536,3.536,-0,0.001,-0.0006,0.0041,-0.3662,-0.5691
3537,3.537,-0.0006,0.0041,-0.0011,-0.0011,-0.3302,-0.8597
3538,3.538,0.0024,0.0014,0.0029,0.0054,-0.1001,-0.3836
3539,3.539,-0.0016,0.0057,-0.0018,0.0012,0.0497,0.0658
3540,3.54,-0.0041,0.0004,-0.0001,0.0034,0.1316,0.2418
3541,3.541,-0.001,0.004,-0.0053,0.0028,0.1075,0.2956
3542,3.542,-0.0006,0.0023,-0.0032,0.0011,0.1301,0.2483
3543,3.543,-0.0047,-0.0006,-0.0089,-0.0064,0.0694,0.2053
3544,3.544,-0.0006,-0.0041,0.0026,-0.0137,0.2732,0.404
3545,3.545,-0.0041,-0.0029,-0.0024,-0.0072,0.4089,0.8734
3546,3.546,0.002,0.0018,0.0022,0.0005,0.187,0.5539
3547,3.547,-0.0005,0.0001,-0.0019,0.0016,-0.0222,0.0297
3548,3.548,0.0033,0.0018,-0.0006,0.0043,-0.104,-0.1825
3549,3.549,0.0013,0.0003,-0.0016,0.0069,-0.1289,-0.2474
3550,3.55,-0.0003,0.0006,-0.0026,0.0016,-0.1069,-0.306
3551,3.551,-0.002,-0.005,0.0058,-0.0033,-0.1273,-0.2537
3552,3.552,0.0028,-0.0043,-0.0019,-0.0002,-0.1459,-0.2058
3553,3.553,0.0001,-0.0012,0.0017,0.0008,-0.3925,-0.7887
3554,3.554,0.0007,0.0008,0.0027,0.0073,-0.2412,-0.7455
3555,3.555,0.0024,0.005,0,-0.0039,-0.0169,-0.1492
3556,3.556,-0.0033,-0.0003,-0.0008,0.0007,0.073,0.1079
3557,3.557,0.0004,0.0017,0.0015,-0.0033,0.1005,0.1865
3558,3.558,0.004,-0.0025,-0.002,-0.0021,0.1252,0.2573
3559,3.559,0.0023,-0.0008,-0.0025,-0.001,0.103,0.3218
3560,3.56,0.0007,-0.0003,-0.0008,0,0.0828,0.148
3561,3.561,0.0022,0.0018,-0.0003,0.0027,0.3605,0.5176
3562,3.562,0.0026,-0.001,-0.0072,-0.0032,0.321,0.7583
3563,3.563,-0.0021,-0.0036,-0.0082,-0.0009,0.0682,0.2775
3564,3.564,-0.0004,-0.004,-0.0054,0.0026,-0.0967,-0.0437
3565,3.565,0.0001,-0.0091,-0.0029,0.0009,-0.0676,-0.2194
3566,3.566,0.0006,-0.0155,0.0008,-0.0019,-0.0951,-0.1676
3567,3.567,-0.0024,-0.0078,-0.0027,-0.0035,-0.12,-0.2164
3568,3.568,-0.0053,-0.0026,0.0042,-0.0004,-0.098,-0.1734
3569,3.569,0.0004,-0.0018,0.0015,0.0034,-0.2404,-0.3722
3570,3.57,-0.0004,-0.0026,-0.001,-0.0044,-0.3703,-0.9137
3571,3.571,-0.0026,0.0011,-0.0047,-0.0147,-0.1853,-0.5272
3572,3.572,0.001,0.0031,0.0017,-0.0134,0.0371,-0.034
3573,3.573,0.0026,0.0035,0.0059,-0.0046,0.0674,0.2871
3574,3.574,-0.0026,0.0064,0.0052,-0.0014,0.0948,0.2299
3575,3.575,0.0051,-0.0014,0.0032,-0.0025,0.0705,0.2831
3576,3.576,-0.0001,-0.0004,0.0048,0.0059,0.0482,0.2355
3577,3.577,-0.001,0.0005,0.0019,0.0027,0.1498,0.192
3578,3.578,-0.0035,0.0032,0.0004,0.0016,0.3905,0.7874
3579,3.579,0.0002,-0.008,0,-0.0048,0.2919,0.7026
3580,3.58,0.0008,-0.0126,0.0029,-0.0023,0.0228,0.1599
3581,3.581,-0.0009,-0.0001,-0.0014,-0.0046,-0.0861,-0.1934
3582,3.582,0.0031,0.0016,0.0015,0.0047,-0.1195,-0.2587
3583,3.583,-0.0016,0.0031,0.004,0.0009,-0.0902,-0.3177
3584,3.584,0.0014,0.0017,0.0043,-0.0047,-0.1176,-0.2657
3585,3.585,-0.0003,0.0105,0.0039,-0.01,-0.0934,-0.2183
3586,3.586,0.0001,0.0072,0.0014,-0.0109,-0.34,-0.6117
3587,3.587,-0.0003,0.0082,-0.0011,-0.005,-0.3075,-0.8764
3588,3.588,-0.0015,0.0109,0.0026,0.0002,-0.0986,-0.3479
3589,3.589,-0.0025,0.0067,-0.0043,0.0066,0.0916,0.1455
3590,3.59,0.0013,0.0045,-0.0096,0.004,0.1165,0.2108
3591,3.591,-0.0034,0.0065,-0.0088,0.0018,0.1391,0.2695
3592,3.592,0.0023,0.007,-0.0011,0.0081,0.1189,0.3227
3593,3.593,-0.0015,0.0005,-0.0084,0.0056,0.1006,0.1788
3594,3.594,-0.0008,0.0013,0,0.0048,0.2519,0.397
3595,3.595,-0.0103,-0.0009,-0.001,0.0055,0.3943,0.9132
3596,3.596,-0.0144,-0.0002,-0.0063,0.0049,0.1534,0.5616
3597,3.597,-0.0031,-0.0007,0.0001,0.0008,-0.0114,0.1125
3598,3.598,-0.0047,0.001,0.0042,0.0023,-0.1014,-0.1797
3599,3.599,0.0022,-0.0048,0.002,0.0045,-0.1289,-0.2337
3600,3.6,0.001,-0.0041,0.0026,0.0073,-0.1047,-0.2826
3601,3.601,-0.0001,-0.0006,0.0021,0.0048,-0.0826,-0.2396
3602,3.602,0.0029,-0.0001,0.0015,0.0002,-0.1437,-0.2003
3603,3.603,0.0021,-0.0018,0.001,-0.0041,-0.3845,-0.7416
3604,3.604,-0.0005,-0.0033,-0.0033,0.0011,-0.2205,-0.8195
3605,3.605,-0.0012,-0.0029,-0.0086,0.0004,-0.0114,-0.1857
3606,3.606,0.0052,-0.0017,-0.0079,-0.0001,0.0705,0.2415
3607,3.607,-0.0008,0.0008,-0.0037,0.0028,0.0955,0.1653
3608,3.608,-0.0015,-0.0016,0.0003,0.0023,0.1181,0.2362
3609,3.609,0.0034,-0.0046,0.0038,0.0034,0.098,0.3007
3610,3.61,0.0017,-0.0043,0.0007,0.0031,0.1166,0.1268
3611,3.611,0.0045,0.0003,0.0036,0.0021,0.3353,0.6022
3612,3.612,0.003,0.0045,-0,-0.0018,0.3057,0.7944
3613,3.613,0.0018,0.0017,0.003,-0.0033,0.0614,0.3873
3614,3.614,-0.0011,-0.0019,0.0026,0.0018,-0.1034,-0.0897
3615,3.615,0.0014,0.0024,0.0036,0.0025,-0.0742,-0.1551
3616,3.616,0.0004,0.0007,-0.0003,0.0056,-0.1016,-0.2139
3617,3.617,0.0048,0.0002,0.0044,0.0051,-0.1263,-0.2672
3618,3.618,0.0042,-0.001,0.0027,-0.0006,-0.0593,-0.2195
3619,3.619,-0.0005,-0.0006,-0.0002,0.0047,-0.2425,-0.3505
3620,3.62,0.0037,0.0005,-0.0037,-0.003,-0.415,-0.8668
3621,3.621,0.0042,-0.0005,0.0032,-0.0039,-0.1684,-0.5153
3622,3.622,0.0037,0.0026,-0.002,0.0007,-0.0036,-0.0663
3623,3.623,0.0007,0.0008,0.0026,0.0016,0.0865,0.2258
3624,3.624,-0.0014,-0.0015,-0.0016,-0.0083,0.114,0.1742
3625,3.625,0.0029,0.0036,0.0036,-0.0096,0.1388,0.223
3626,3.626,-0,0.0001,0.0001,-0.0008,0.1168,0.2672
3627,3.627,0.0036,-0.0041,0.0031,-0.0039,0.1778,0.2279
3628,3.628,0.0024,0.0036,0.0014,-0.0008,0.3818,0.7692
3629,3.629,0.0044,-0.0017,0.0009,0.0019,0.2466,0.6925
3630,3.63,0.0002,0.0029,0.004,0.0045,0.0245,0.1997
3631,3.631,0.0007,0.0004,0.0028,0.0039,-0.0653,-0.1215
3632,3.632,-0.0018,0.0011,-0.0014,0.0088,-0.0927,-0.1807
3633,3.633,0.0024,-0.0024,-0.0019,0.0006,-0.1174,-0.2341
3634,3.634,-0.0005,0.0006,0.0006,-0.0097,-0.1398,-0.2824
3635,3.635,0.0053,0.0002,0.0057,-0.0083,-0.0788,-0.1515
3636,3.636,-0.0017,-0.0014,0.0022,0.0006,-0.3565,-0.5879
3637,3.637,-0.0025,-0.0056,0.0005,0.0038,-0.317,-0.8786
3638,3.638,-0.005,-0.0027,-0.0024,0.0029,-0.0641,-0.4026
3639,3.639,0.0019,-0.0012,0.0012,-0.0017,0.1009,0.0469
3640,3.64,-0.0008,0,0.0034,0.001,0.0719,0.2229
3641,3.641,-0.005,-0.0012,-0.0022,0.0017,0.0994,0.2768
3642,3.642,0.0002,0.003,0.0015,0.0038,0.1243,0.3257
3643,3.643,-0.0005,-0.0022,0.0036,-0.0004,0.0573,0.1954
3644,3.644,-0.001,-0.0002,0.0005,-0.0032,0.2406,0.3942
3645,3.645,-0.0005,-0.0033,0.0011,0.0046,0.364,0.8637
3646,3.646,0.0043,0.0008,0.0026,0.0079,0.1623,0.5444
3647,3.647,-0.0027,0.0012,0.0038,0.0049,-0.0279,0.0203
3648,3.648,-0.0018,-0.0039,0.0009,0.0022,-0.1022,-0.192
3649,3.649,-0.001,0.001,-0.0016,-0.0003,-0.1248,-0.2568
3650,3.65,-0.0032,0.0015,-0.0039,-0.0025,-0.1047,-0.3152
3651,3.651,0.0017,-0.0003,-0.0049,0.0024,-0.1232,-0.2629
3652,3.652,0.0022,0.0012,-0.0019,0.0007,-0.14,-0.215
3653,3.653,-0.0018,0.0034,-0.0007,-0.0046,-0.3696,-0.7827
3654,3.654,0.0005,-0.0006,-0.0012,-0.0012,-0.2597,-0.7388
3655,3.655,-0.0042,0.0023,-0.003,-0.0048,-0.0294,-0.1963
3656,3.656,-0.0012,0.0065,0.0002,-0.0065,0.1204,0.1569
3657,3.657,-0.0007,-0.0012,-0.0027,-0.0082,0.0939,0.2222
3658,3.658,-0.0032,0.0018,0.0009,-0.0035,0.1188,0.2809
3659,3.659,-0.002,-0.0009,-0.0042,-0.0005,0.1414,0.3342
3660,3.66,-0.0017,0.0033,-0.0006,-0.0022,0.1213,0.1905
3661,3.661,-0.0075,-0.0037,0.0011,-0.0017,0.3621,0.5837
3662,3.662,-0.0049,-0.001,-0.0006,-0.0039,0.3295,0.8482
3663,3.663,-0.0056,-0.0002,-0.0001,-0.0104,0.0607,0.4156
3664,3.664,-0.0077,-0.0024,-0.0023,-0.015,-0.0481,-0.109
3665,3.665,-0.006,-0.0031,-0.002,-0.0142,-0.0815,-0.1807
3666,3.666,-0.0031,-0.0101,0.0006,-0.0043,-0.1115,-0.2453
3667,3.667,-0.0047,-0.0147,-0.0026,-0.003,-0.1389,-0.304
3668,3.668,0.0014,-0.0105,-0.009,-0.0118,-0.0653,-0.2516
3669,3.669,0.0023,-0.0036,-0.0099,-0.0128,-0.2669,-0.3959
3670,3.67,0.0029,-0.0045,-0.0057,-0.0014,-0.4026,-0.8764
3671,3.671,0.0022,-0.0105,-0.0079,0.0031,-0.1807,-0.5568
3672,3.672,0.0027,-0.0098,-0.003,0.0044,0.0286,-0.0324
3673,3.673,0.0032,0.0008,-0.0024,0.0081,0.1104,0.1799
3674,3.674,0.0027,0.0054,0.0016,0.0091,0.0863,0.2448
3675,3.675,-0.0016,0.0067,-0.0019,0.0038,0.1089,0.3033
3676,3.676,0.0013,0.0029,0.0023,0.0064,0.0482,0.2511
3677,3.677,0.0038,0.0019,0.004,0.0089,0.1038,0.2033
3678,3.678,0.0016,0.0071,0.0014,0.0067,0.3563,0.7712
3679,3.679,0.0004,0.0079,0.0065,0.0115,0.2483,0.6943
3680,3.68,0.0007,0.0037,0.003,0.0132,0.018,0.2013
3681,3.681,0.0017,0.0043,0.0046,0.0067,-0.072,-0.1201
3682,3.682,0.0061,0.005,0.0018,0.0058,-0.0995,-0.2957
3683,3.683,0.002,0.0044,0.0053,0.0021,-0.1244,-0.3493
3684,3.684,0.0025,0.0073,0.0031,-0,-0.1023,-0.3019
3685,3.685,0.0047,0.0015,0.001,0.0041,-0.0822,-0.1715
3686,3.686,0.0058,0.0037,0.0014,-0.0035,-0.323,-0.5289
3687,3.687,0.0033,0.0017,0.001,-0.0046,-0.3561,-0.8657
3688,3.688,-0.0006,0.0047,-0.0034,-0.0149,-0.0873,-0.3852
3689,3.689,0.0009,0.003,0.0007,-0.0136,0.0937,0.064
3690,3.69,-0.0003,0.0035,0.0012,-0.0048,0.127,0.2396
3691,3.691,-0.0024,0.0004,-0.001,-0.0038,0.1571,0.2933
3692,3.692,0.0012,0.0008,0.0001,0.0014,0.1302,0.2457
3693,3.693,0.0023,0.0011,0.002,0.0022,0.1058,0.2897
3694,3.694,0.0012,0.0035,0.0037,0.0047,0.2625,0.3294
3695,3.695,-0.0007,0.0011,0.0026,0.004,0.3643,0.8707
3696,3.696,0.0025,0.003,0.002,0.0019,0.1605,0.6387
3697,3.697,0.0037,0.0013,0.0021,0.0036,-0.0299,0.0043
3698,3.698,0.004,0.002,-0.0001,0.0065,-0.1044,-0.2525
3699,3.699,0.0017,0.0018,-0.0019,0.01,-0.1271,-0.1764
3700,3.7,0.004,0.0013,0.0019,0.0069,-0.1071,-0.2473
3701,3.701,-0.0002,0.0018,0.0024,0.004,-0.0889,-0.3117
3702,3.702,-0.0032,-0.0007,0.0029,0.0059,-0.1395,-0.254
3703,3.703,-0.0003,-0.0039,0.0026,0.0035,-0.3692,-0.7296
3704,3.704,0.0002,-0.0019,0.0038,0.0039,-0.2709,-0.6661
3705,3.705,-0.004,-0.0044,0.0013,-0.0004,-0.0618,-0.1422
3706,3.706,-0.0057,-0.0068,0.0036,-0.0021,0.0744,0.2109
3707,3.707,-0.0021,-0.0064,0.0033,-0.0026,0.0994,0.2761
3708,3.708,0.0001,-0.0027,0.0002,-0.001,0.122,0.2188
3709,3.709,0.0013,-0.0021,-0.0036,0.002,0.1019,0.2722
3710,3.71,0.001,-0.0043,0.0021,0.0008,0.1204,0.2245
3711,3.711,-0.0014,-0.0004,-0.0031,-0.0034,0.3391,0.5302
3712,3.712,-0.0051,0.0012,-0.0025,0.0031,0.3095,0.8878
3713,3.713,-0.0039,-0.0019,-0.0055,0.0022,0.1195,0.359
3714,3.714,-0.001,0.0046,-0.0038,0.0016,-0.0537,-0.1346
3715,3.715,-0.0035,0.0001,-0.0053,-0.0062,-0.0766,-0.2
3716,3.716,-0.0002,0.0027,-0.005,-0.0114,-0.0973,-0.2587
3717,3.717,-0.0014,-0.001,-0.0002,-0.0049,-0.116,-0.312
3718,3.718,-0.0017,-0.0031,-0.0033,-0.0056,-0.0994,-0.2645
3719,3.719,-0.0013,0.0027,-0.0016,-0.0018,-0.2678,-0.3956
3720,3.72,0.0004,-0.0057,-0.0001,-0.0038,-0.38,-0.912
3721,3.721,-0.0014,-0.0024,-0.0043,-0.0007,-0.1967,-0.5607
3722,3.722,-0.0007,-0.0034,-0.0002,0.0011,0.0258,0.0161
3723,3.723,-0.0044,-0.0025,-0.0017,0.0037,0.1157,0.2496
3724,3.724,-0.0008,0.0001,-0.0005,0.0007,0.0891,0.1805
3725,3.725,-0.0004,0.0008,-0.0001,0.002,0.1139,0.245
3726,3.726,0.0035,0.0029,-0.0005,0.001,0.0917,0.3035
3727,3.727,0.0041,0.0072,-0.0036,0.0001,0.1527,0.251
3728,3.728,0.0011,-0.0015,0.0011,0.0025,0.3935,0.7795
3729,3.729,-0.0001,-0.0003,0.0028,0.0028,0.2295,0.7096
3730,3.73,0.001,-0.0034,0.0012,0.0005,0.0204,0.2611
3731,3.731,-0,-0.0003,-0.0003,0.0002,-0.0614,-0.1472
3732,3.732,0.001,-0.0029,0.0027,0.0033,-0.0864,-0.2013
3733,3.733,0.0029,-0.002,0.0031,0.0013,-0.1089,-0.2503
3734,3.734,0.0042,0.0003,0.0012,-0.0005,-0.1294,-0.2948
3735,3.735,0.0035,0.0067,-0.004,-0.005,-0.0739,-0.1762
3736,3.736,0.0012,0.0059,0.0012,-0.0019,-0.3263,-0.5732
3737,3.737,0.0009,0.0007,0.0047,0.001,-0.3624,-0.9432
3738,3.738,0.0016,-0.0028,0.0005,0.0015,-0.0666,-0.4145
3739,3.739,0.001,0.0015,-0.0059,-0.0035,0.053,0.0791
3740,3.74,-0.0007,-0.0002,-0.0017,0,0.0897,0.2723
3741,3.741,0.0025,0.0014,0.0035,-0.003,0.123,0.2152
3742,3.742,-0.0005,0.0026,0.0028,0.0035,0.1532,0.2685
3743,3.743,-0.0001,0.003,0.0011,0.0027,0.0722,0.2209
3744,3.744,0.0009,-0.0006,-0.0053,0.002,0.2446,0.352
3745,3.745,-0.0036,-0.0009,-0.0011,0.0014,0.4016,0.8683
3746,3.746,-0.0019,0.002,0.0042,0.0019,0.1777,0.5169
3747,3.747,-0.0002,0.003,0.0035,0.0024,-0.0316,0.068
3748,3.748,0.0004,0.0041,-0.0023,-0.0001,-0.1134,-0.2241
3749,3.749,0,-0.001,-0.0001,-0.0023,-0.0893,-0.278
3750,3.75,-0.0047,-0.0003,-0.0008,-0.0044,-0.1119,-0.2307
3751,3.751,-0.0016,0.0014,-0.0014,-0.0001,-0.0917,-0.2749
3752,3.752,0.0001,-0.0003,-0.0009,-0.0042,-0.1473,-0.2357
3753,3.753,-0.0025,0.0055,-0.0004,0.0005,-0.3997,-0.7771
3754,3.754,-0.0021,0.0002,-0.0034,0.0047,-0.2917,-0.7003
3755,3.755,0.0014,0.003,-0.0006,0.0015,-0.0235,-0.2008
3756,3.756,0.0018,-0.0048,0.0014,0.0043,0.0757,0.1523
3757,3.757,0.0021,-0.0038,0.0024,0.0058,0.106,0.2173
3758,3.758,-0.0031,-0.0011,0.0007,0.0027,0.1334,0.2759
3759,3.759,0.0021,-0.0037,0.0023,-0.0038,0.1091,0.329
3760,3.76,-0.0014,-0.003,0.0042,-0.0047,0.0869,0.1849
3761,3.761,0.0043,0.0006,0.0003,0.0047,0.3516,0.578
3762,3.762,0.0006,-0.0064,0.0043,-0.0067,0.3158,0.8422
3763,3.763,0.0055,-0.0072,-0.0025,-0.0052,0.0857,0.3133
3764,3.764,-0.0014,-0.0013,0.0039,-0.0121,-0.064,-0.1805
3765,3.765,-0.0006,0.0056,-0.0003,-0.0159,-0.0916,-0.2461
3766,3.766,0.0002,0.0029,0.0018,-0.0104,-0.1164,-0.1893
3767,3.767,0.0024,-0.0014,-0.0031,-0.0032,-0.1389,-0.2429
3768,3.768,0.0018,-0.0036,-0.0026,-0.0041,-0.0781,-0.1955
3769,3.769,0.0001,-0.0016,-0.0079,-0.0066,-0.2447,-0.3268
3770,3.77,-0.0016,-0.0058,-0.0072,-0.0015,-0.4017,-0.8432
3771,3.771,-0.0032,0.0029,-0.0055,0.0034,-0.1778,-0.4921
3772,3.772,-0.001,0.0017,-0.0039,0.0039,0.0315,-0.0434
3773,3.773,-0.0006,-0.0015,0.0009,0.0021,0.1134,0.2487
3774,3.774,-0.0064,-0.0005,0.0014,-0.0005,0.1384,0.197
3775,3.775,-0.0022,-0.0014,0.0008,-0.0066,0.1164,0.2455
3776,3.776,-0.0015,-0.0006,-0.0027,-0.0126,0.0964,0.2896
3777,3.777,-0.0036,-0.0091,-0.0039,-0.0089,0.152,0.2502
3778,3.778,-0.0041,-0.0169,-0.0001,0.0017,0.4045,0.7914
3779,3.779,-0.0024,-0.0139,-0.0016,0.0031,0.2244,0.7143
3780,3.78,-0.004,-0.0054,0.0006,0.0044,0.0598,0.2213
3781,3.781,0.0002,-0.0023,-0.0014,0.0032,-0.0898,-0.1
3782,3.782,0.0007,-0.0013,0.0028,0.0063,-0.1173,-0.1594
3783,3.783,-0.0019,-0.0005,0.0033,0.0073,-0.142,-0.3187
3784,3.784,-0.0016,0.0037,0.0048,0.0064,-0.1199,-0.2713
3785,3.785,-0.0028,0.003,0.0099,0.0038,-0.0997,-0.228
3786,3.786,-0.0032,0.005,0.0021,0,-0.3403,-0.5855
3787,3.787,-0.0036,0.0033,0.0031,0.0035,-0.3076,-0.9222
3788,3.788,-0.0019,0.0061,-0.0015,0.0065,-0.0987,-0.3542
3789,3.789,-0.0018,0.0076,0.0044,0.0012,0.0376,0.0341
3790,3.79,0.0015,0.0064,0.0007,0.0005,0.0626,0.2464
3791,3.791,0.0018,0.006,0,0.0047,0.1301,0.1834
3792,3.792,0.0006,0.0069,-0.0005,0.0006,0.1507,0.2421
3793,3.793,0.0009,0.003,-0.0022,0,0.0954,0.1898
3794,3.794,0.0012,0.0004,-0.0007,0.0042,0.2805,0.3342
3795,3.795,0.0008,0.0016,0.0005,0.0047,0.4039,0.9023
3796,3.796,0.0038,-0.0005,0.0026,0.0072,0.2021,0.5157
3797,3.797,0.0041,-0.0009,-0.0017,0.0041,-0.0426,0.0224
3798,3.798,0.0044,0.0015,0.0012,0.0038,-0.0761,-0.1708
3799,3.799,0.0027,0.0011,-0.0003,0.0027,-0.1063,-0.2298
3800,3.8,0.0016,-0.0008,-0.0045,0.0051,-0.1336,-0.2831
3801,3.801,0.0034,0.0009,0.0019,-0,-0.1093,-0.2353
3802,3.802,0.0036,0.003,0.001,-0.0007,-0.1318,-0.1919
3803,3.803,0.0052,0.0011,0.0017,0.0009,-0.3964,-0.7873
3804,3.804,0.002,0.0035,0.0011,0.0026,-0.2885,-0.7024
3805,3.805,-0.0041,0.0018,0.0016,0.0001,-0.0583,-0.1597
3806,3.806,0.0036,0.0016,0.0021,0.0043,0.0915,0.1935
3807,3.807,0.0005,-0.0023,0.0006,0.006,0.1191,0.2589
3808,3.808,0.0014,0.0017,-0.0016,0.0024,0.1439,0.3179
3809,3.809,-0.0029,-0.0009,-0.0028,0.0036,0.1217,0.2658
3810,3.81,-0.0007,0.0021,-0.0038,-0.0028,0.1015,0.2183
3811,3.811,-0.0028,0.0001,-0.0006,-0.0169,0.3422,0.5243
3812,3.812,-0.0023,-0.0009,0.0006,-0.0108,0.3095,0.8822
3813,3.813,-0.0006,0.0008,-0.0036,-0.0089,0.1005,0.3537
3814,3.814,-0.0001,0.0058,-0.0019,-0.0004,-0.0899,0.0008
3815,3.815,0.001,0.0009,-0.0034,0.0011,-0.1151,-0.1924
3816,3.816,-0.0037,-0.0021,0.0027,-0.003,-0.1379,-0.251
3817,3.817,0.0005,-0.0038,0.0018,-0.0018,-0.1179,-0.3042
3818,3.818,-0.0012,-0.0043,-0.0004,-0.0007,-0.0997,-0.2563
3819,3.819,-0.0017,-0.0021,0.0017,0.0003,-0.2176,-0.2999
3820,3.82,-0.0005,-0.0033,-0,-0.0042,-0.3861,-0.8952
3821,3.821,0.0024,-0.0014,0.0005,0.0001,-0.1844,-0.64
3822,3.822,-0.0001,0.001,0.0021,0.0023,0.0058,-0.0969
3823,3.823,0.0003,-0.0007,-0.0001,0.0004,0.0802,0.2565
3824,3.824,-0.0035,-0.0013,0.0038,0.0021,0.1029,0.1938
3825,3.825,0.0026,0.0026,0.0003,0.0005,0.1234,0.2525
3826,3.826,0.0035,-0.0003,0.0033,0.0031,0.1051,0.306
3827,3.827,0.0042,0.0003,-0.0031,-0.0011,0.1555,0.2584
3828,3.828,0.0022,0.0054,0.0015,0.003,0.3851,0.739
3829,3.829,0.0064,-0.0024,-0.0027,0.0015,0.221,0.6756
3830,3.83,0.0048,-0.0013,0.001,0.0028,0.0118,0.2682
3831,3.831,0.0033,-0.0022,-0.001,-0.0036,-0.0703,-0.103
3832,3.832,0.0045,0.0021,-0.0015,-0.0027,-0.0955,-0.2484
3833,3.833,-0.0011,-0.0016,-0.0019,0.0016,-0.1183,-0.2926
3834,3.834,-0.0004,-0.0009,-0.0077,0.007,-0.139,-0.2537
3835,3.835,0.0003,0.0009,-0.0007,0.0006,-0.0838,-0.2181
3836,3.836,-0.0014,0.0014,0.0039,0.0032,-0.3363,-0.5136
3837,3.837,-0.0008,0.0009,-0.0039,-0.0037,-0.3006,-0.8712
3838,3.838,-0.0013,-0.0002,-0.0008,-0.0028,-0.0707,-0.4386
3839,3.839,0.0018,0.0019,-0.0035,-0.0002,0.079,0.086
3840,3.84,-0.0011,0.0044,0.0008,-0.0008,0.1065,0.1576
3841,3.841,-0.0007,-0.0008,-0.0014,-0,0.1312,0.2224
3842,3.842,-0.0031,0.0014,-0.0021,-0.0005,0.1091,0.2809
3843,3.843,-0.0007,-0.0006,0.0022,0.0001,0.0889,0.2285
3844,3.844,0.0007,-0.0011,-0.0007,-0.0014,0.2555,0.3727
3845,3.845,0.0001,-0.0016,0.0019,-0.0025,0.4123,0.8533
3846,3.846,-0.0016,-0.0051,0.008,-0.0028,0.1883,0.534
3847,3.847,-0.0029,-0.0009,0.0002,0.0015,-0.0211,0.0098
3848,3.848,0.0002,-0.0014,0.0012,0.0011,-0.1031,-0.2026
3849,3.849,-0.0002,0.0011,0.0004,-0.0014,-0.1282,-0.2678
3850,3.85,-0.0011,-0,-0.0004,0.0017,-0.1062,-0.2105
3851,3.851,-0.0008,0.0011,0.0002,0.0029,-0.1269,-0.2638
3852,3.852,0.0009,-0.0014,-0.0018,-0.0029,-0.1456,-0.216
3853,3.853,-0.0004,0.0039,0.0065,0.0014,-0.3982,-0.784
3854,3.854,0.0035,-0.0014,0.0009,0.0036,-0.2904,-0.7072
3855,3.855,-0.0006,0.0022,-0.0021,0.003,-0.0602,-0.2143
3856,3.856,-0.0006,0.0035,0.0003,0.002,0.0894,0.1646
3857,3.857,0.0019,0.0018,0.003,0.0025,0.1196,0.2297
3858,3.858,-0.0003,-0.0011,0.0005,0.003,0.1469,0.2882
3859,3.859,-0.0014,-0.0036,0.0011,0.0015,0.1225,0.2359
3860,3.86,-0.0024,-0.0006,0.0018,-0.0015,0.1001,0.1881
3861,3.861,-0.0014,-0.0009,-0.0012,0.0032,0.3239,0.4936
3862,3.862,-0.0018,-0.0019,-0.0007,0.0037,0.3537,0.8511
3863,3.863,-0.0036,-0.0016,-0.0033,-0.0015,0.1093,0.4184
3864,3.864,-0.006,0.0035,-0.0002,-0.0008,-0.0555,-0.1063
3865,3.865,-0.0057,0.0014,-0.0031,0.0034,-0.086,-0.1781
3866,3.866,-0.0075,-0.0003,0.0004,0.0005,-0.1134,-0.2431
3867,3.867,-0.0058,-0.0044,0.0001,-0.0052,-0.1382,-0.3018
3868,3.868,-0.0085,-0.0039,-0.0046,-0.0089,-0.1161,-0.2497
3869,3.869,-0.0033,-0.0108,0.0011,0.0017,-0.2584,-0.2981
3870,3.87,0.0004,-0.0119,-0.0011,-0.0029,-0.3882,-0.8664
3871,3.871,-0.0003,-0.0073,-0.0031,-0.0069,-0.2031,-0.6347
3872,3.872,0.004,-0.0048,-0.0062,-0.0007,0.0194,-0.0006
3873,3.873,0.0045,-0.0041,-0.0021,-0.0017,0.1093,0.2561
3874,3.874,0.0029,0.0023,0.0014,-0.0048,0.0827,0.1798
3875,3.875,0.0017,0.0031,0.0018,-0.0056,0.1075,0.2504
3876,3.876,-0.0022,0.0038,0.0006,-0.0031,0.0854,0.3148
3877,3.877,-0.0006,0.0002,0.0031,0.0038,0.1464,0.257
3878,3.878,0.0044,0.0044,0.0034,0.0011,0.4243,0.7325
3879,3.879,0.0064,0.0015,-0.0003,0.0019,0.3055,0.7966
3880,3.88,0.0047,-0,0.0027,-0.0034,0.0526,0.2727
3881,3.881,0.0018,0.0003,-0.002,-0.0083,-0.0466,-0.2212
3882,3.882,0.0023,0.0032,-0.0003,-0.0079,-0.0767,-0.1587
3883,3.883,-0.0027,0.0022,0.0037,0.0009,-0.104,-0.2178
3884,3.884,0.0022,0.0054,0.0012,0.002,-0.1287,-0.2714
3885,3.885,0.0038,0.0042,-0.0058,-0.0012,-0.1065,-0.2238
3886,3.886,-0.0002,0.0023,-0.0089,0.0082,-0.3303,-0.5298
3887,3.887,0.0045,-0.003,-0.0043,-0.0057,-0.3602,-0.8875
3888,3.888,0.0002,0.0023,-0.0001,-0.015,-0.1158,-0.359
3889,3.889,-0.0027,0.0002,-0.0053,-0.0134,0.0491,0.1345
3890,3.89,-0.0022,0.0019,-0.0033,-0.0058,0.0796,0.1999
3891,3.891,-0.0025,0.0048,-0.0016,0.0011,0.1071,0.2587
3892,3.892,-0.0005,0.0062,0.0036,0.0023,0.1319,0.3121
3893,3.893,0.0013,0.0074,0.0042,-0.0034,0.1097,0.1684
3894,3.894,-0.0011,0.0027,-0.0027,0.0018,0.2521,0.2122
3895,3.895,0.0006,0.0021,-0.0036,0.001,0.382,0.8079
3896,3.896,0.0013,-0.0019,0.0023,0.0035,0.1969,0.5528
3897,3.897,0.0024,0.0006,0.003,0.0087,-0.0255,0.1647
3898,3.898,0.0026,-0.0024,0.0036,0.0066,-0.1154,-0.1883
3899,3.899,0.0024,-0.0021,0.0041,0.0071,-0.0887,-0.2534
3900,3.9,0.0019,0.0004,0.0024,0.0053,-0.1135,-0.3121
3901,3.901,0.001,-0.0013,0.0049,0.0068,-0.0913,-0.2598
3902,3.902,0.0019,-0.0023,-0.0002,0.0056,-0.1523,-0.212
3903,3.903,0.0017,-0.0016,0.0019,0.0044,-0.393,-0.78
3904,3.904,0.0035,-0.0033,0.0002,0.0018,-0.2946,-0.703
3905,3.905,0.0018,-0.0011,-0.0027,0.0021,-0.0255,-0.2101
3906,3.906,-0.0019,-0.0025,0.0008,-0.0003,0.0834,0.2393
3907,3.907,-0.0034,0.0014,-0.0004,0.0027,0.1167,0.1827
3908,3.908,-0.0004,-0.0003,0.0035,-0.0012,0.1469,0.2363
3909,3.909,-0.0051,0.0012,-0.0001,-0.0027,0.1202,0.285
3910,3.91,-0.0021,-0.0049,0.0002,0.0023,0.0958,0.1545
3911,3.911,-0.0016,0.0011,0.0049,0.0016,0.3424,0.5118
3912,3.912,0.001,0.0017,-0.0008,0.0033,0.3099,0.8485
3913,3.913,-0.0021,0.0011,-0.0002,0.0028,0.101,0.368
3914,3.914,-0.0024,-0.0006,0.0005,0.0022,-0.0892,-0.0811
3915,3.915,-0.0014,-0.0001,0.001,0,-0.1143,-0.2567
3916,3.916,-0.0004,0.0046,-0.0019,0.0039,-0.1369,-0.2047
3917,3.917,0.002,0.0004,0.0006,0.0003,-0.1167,-0.2533
3918,3.918,-0.0006,-0.0013,-0.0006,-0.0027,-0.0983,-0.21
3919,3.919,-0.0029,-0.0007,-0.0026,0.0001,-0.2161,-0.3291
3920,3.92,-0.0005,-0.0068,-0.0001,0.002,-0.3845,-0.8702
3921,3.921,0.0013,-0.0009,-0.0018,0.0003,-0.1827,-0.6382
3922,3.922,-0.0003,0.0029,-0.0042,0.0013,0.0077,-0.0037
3923,3.923,0.0003,-0.0049,-0.004,0.0026,0.0823,0.2535
3924,3.924,0.0009,-0.0039,-0.0023,0.0015,0.1052,0.1775
3925,3.925,0.0004,0.0026,0.0009,0.0042,0.1259,0.2485
3926,3.926,-0.0023,0.0001,-0.0011,0.0003,0.1077,0.3131
3927,3.927,0.0002,0.0038,-0,-0.0012,0.1583,0.2555
3928,3.928,0.0035,-0.0026,0.0023,-0.0015,0.3881,0.7312
3929,3.929,-0.0012,-0.0016,0.0007,-0.0011,0.2899,0.7957
3930,3.93,-0.0029,-0.0009,-0,-0.003,0.021,0.272
3931,3.931,-0.0046,-0.0016,0.0012,0.0003,-0.0877,-0.081
3932,3.932,-0.004,-0.001,-0.0015,0.0006,-0.1209,-0.1462
3933,3.933,0.0002,-0.0027,-0.0005,-0.0012,-0.0913,-0.3211
3934,3.934,-0.0015,0.0041,0.0006,-0.0058,-0.1184,-0.2689
3935,3.935,0.0011,0.0015,0.0013,-0.0115,-0.094,-0.2213
3936,3.936,0.0014,0.004,0.0011,-0.0093,-0.3404,-0.5271
3937,3.937,0.0003,0.0034,0.0013,-0.0014,-0.3733,-0.8847
3938,3.938,0.0028,0.0027,0.0019,-0.0004,-0.1045,-0.4521
3939,3.939,0.0045,0.0033,-0.0003,0.0005,0.0767,0.0725
3940,3.94,0.0001,0.0061,0.004,-0.0003,0.1103,0.1443
3941,3.941,0.0065,-0.0016,0.001,0.0049,0.1405,0.2091
3942,3.942,0.0023,0.0016,0.0039,0.0001,0.1138,0.2678
3943,3.943,0.0016,-0.0036,0.0004,0.0006,0.0895,0.2154
3944,3.944,-0.0004,-0.0027,0,0.0012,0.2465,0.3596
3945,3.945,0.0038,-0.007,0.0004,0.0018,0.389,0.8402
3946,3.946,-0.0003,-0,0.0015,-0.0004,0.1853,0.5207
3947,3.947,0.0012,-0.0009,0.0018,-0.0015,-0.005,0.1129
3948,3.948,0.0009,0.0069,0.0002,0.0022,-0.0794,-0.1527
3949,3.949,-0.0038,0.0017,-0.0005,-0.002,-0.1021,-0.2019
3950,3.95,-0.0022,-0.001,0.0002,0.0045,-0.1226,-0.2463
3951,3.951,0.0019,-0.0002,-0.0025,0.0003,-0.1043,-0.2864
3952,3.952,-0.0006,0.0005,-0.0008,0.0041,-0.1547,-0.2505
3953,3.953,0.0015,0.0012,-0.0011,0.0006,-0.3843,-0.7429
3954,3.954,-0.0013,0.0029,0.0008,-0.0011,-0.286,-0.8135
3955,3.955,-0.001,0.0012,-0.0004,0.0006,-0.0169,-0.2372
3956,3.956,-0.0027,0.0007,0.0018,0.0022,0.0919,0.1514
3957,3.957,-0.0009,0.0031,0.0023,-0.0022,0.1065,0.2144
3958,3.958,0.0001,-0.003,0.0005,0.0009,0.1397,0.2853
3959,3.959,0.0003,0.0029,0.0003,0.0021,0.1101,0.3497
3960,3.96,-0.0036,0.0022,0.0005,-0.0021,0.0832,0.1758
3961,3.961,-0.0008,-0.0042,-0.0019,0.0055,0.3543,0.5456
3962,3.962,0.0007,-0.0051,0.0019,-0.0018,0.3184,0.8822
3963,3.963,0.0019,0.0002,-0.0003,-0.0009,0.0883,0.4016
3964,3.964,0.0007,0.0022,0.0009,0.005,-0.0614,-0.0474
3965,3.965,0.0017,-0.0047,-0.001,-0.0019,-0.1432,-0.2231
3966,3.966,-0,-0.002,-0.0007,-0.0011,-0.119,-0.2769
3967,3.967,-0.0038,0.0005,0.003,-0.0002,-0.097,-0.2294
3968,3.968,-0.0026,-0.0032,-0.002,0.002,-0.0768,-0.2735
3969,3.969,-0.0015,-0.0026,0.0015,0.0027,-0.2436,-0.3926
3970,3.97,0.0004,-0.0031,-0.0054,0.001,-0.4005,-0.9339
3971,3.971,-0.0007,-0.0014,-0.0119,-0.0043,-0.2173,-0.7021
3972,3.972,0.0003,0.0033,-0.0024,0.0006,0.0051,-0.0679
3973,3.973,-0.0039,-0.0009,-0.0036,0.0011,0.0951,0.189
3974,3.974,-0.0035,-0.0015,-0.0046,-0.0006,0.1225,0.2674
3975,3.975,-0.0052,-0.003,-0.0016,-0.0001,0.1473,0.3383
3976,3.976,-0.0077,-0.0081,0.0011,-0.007,0.0803,0.2747
3977,3.977,-0.0035,-0.0188,0.0019,-0.0101,0.1413,0.2169
3978,3.978,-0.0031,-0.0081,-0.0003,-0.0016,0.382,0.7981
3979,3.979,-0.0036,-0.0012,-0.001,-0.0006,0.2837,0.7211
3980,3.98,0.0015,-0.0024,0.0021,0.0066,0.0147,0.2283
3981,3.981,-0.0006,0.0008,-0.0008,0.002,-0.0941,-0.0932
3982,3.982,0.0024,0.0038,-0.0034,0.0029,-0.1275,-0.1526
3983,3.983,0.0007,0.0029,-0.0095,0.0006,-0.0981,-0.2062
3984,3.984,0.0012,0.0054,-0.0087,0.0013,-0.1254,-0.255
3985,3.985,-0.0031,0.0047,-0.0035,0.0007,-0.101,-0.2118
3986,3.986,0.0022,0.0012,-0.0042,0.0036,-0.3028,-0.4899
3987,3.987,0.0028,0.0054,0,-0.0032,-0.3842,-0.8872
3988,3.988,0.0086,0.0058,0.0005,-0.0097,-0.1622,-0.4116
3989,3.989,0.0079,0.0023,0.002,-0.0038,0.047,0.0374
3990,3.99,0.0014,0.0034,-0.0011,-0.0016,0.1288,0.2131
3991,3.991,0.004,0.0037,0.0009,0.0019,0.1536,0.2665
3992,3.992,0.0061,0.004,0.0019,-0.0012,0.1315,0.315
3993,3.993,0.0012,-0.0012,0.0051,-0.01,0.1113,0.1844
3994,3.994,-0.0018,-0.002,0.0054,-0.0163,0.2408,0.3035
3995,3.995,-0.0024,0.0045,0.0012,-0.0153,0.426,0.8447
3996,3.996,0.0034,0.0019,0.0006,-0.0123,0.2041,0.6127
3997,3.997,-0.0003,-0.0034,0.0041,-0.0002,-0.0052,0.1192
3998,3.998,0.0003,0.003,0.0011,0.0015,-0.0871,-0.2022
3999,3.999,-0.0002,0.0005,0.0031,0.006,-0.1121,-0.2615
4000,4,-0.0054,0.0026,0.0034,0.0046,-0.1348,-0.3151
4001,4.001,0.0024,0.0006,-0.0005,0.0058,-0.1148,-0.2677
4002,4.002,-0.0007,0,0.0042,0.0068,-0.1335,-0.2245
4003,4.003,0.0002,-0.0029,0.0047,0.0098,-0.386,-0.7409
4004,4.004,-0.0024,-0.0014,0.0051,0.0033,-0.2782,-0.8118
4005,4.005,-0.0017,0.0017,0.0016,0.0024,-0.0481,-0.2358
4006,4.006,0.0004,0.0005,0.0037,0.0017,0.1016,0.1526
4007,4.007,0.0021,-0.0021,-0.001,0.0037,0.1291,0.2239
4008,4.008,0.0004,-0.0004,-0.0041,0.0006,0.1047,0.2883
4009,4.009,-0.0011,-0.0042,0.0035,0.0046,0.1272,0.2307
4010,4.01,0.0031,0.0009,-0.0017,0.0081,0.1069,0.1781
4011,4.011,0.0014,0.0002,0.001,0.005,0.3475,0.5141
4012,4.012,0.003,0.0007,0.0018,0.0047,0.3148,0.82
4013,4.013,0.0033,0.0036,-0.0004,0.0021,0.1058,0.3829
4014,4.014,0.0045,-0.0022,0.0002,0.0031,-0.0847,-0.0255
4015,4.015,0.0056,-0.0029,-0.0003,-0.0006,-0.1099,-0.1855
4016,4.016,0.001,-0.0022,-0.0008,0.0015,-0.088,-0.2348
4017,4.017,0.0041,-0.0017,-0.0023,-0.0024,-0.1087,-0.2792
4018,4.018,-0.0011,0.0012,-0.0011,0.0012,-0.0904,-0.2402
4019,4.019,-0.0046,-0.0023,-0.004,0.0034,-0.242,-0.3488
4020,4.02,-0.0004,-0.0011,-0.0029,0.0037,-0.3845,-0.8416
4021,4.021,-0.0032,0.0045,0.001,-0.002,-0.1808,-0.6313
4022,4.022,0.0004,0.0038,-0.0006,-0.0079,0.0094,-0.0549
4023,4.023,0.0001,0.0032,0.0056,-0.0086,0.0838,0.1787
4024,4.024,-0.0027,-0.001,-0.0003,-0.0051,0.1065,0.2499
4025,4.025,-0.0001,0.0031,-0.0025,-0.0056,0.127,0.3145
4026,4.026,-0.0004,0.0026,-0.0005,-0.0003,0.1087,0.2568
4027,4.027,0.0006,0.0023,-0.0021,-0.001,0.1255,0.2042
4028,4.028,0.0005,0.002,-0.0016,0.0032,0.3551,0.7326
4029,4.029,-0.0001,-0.0038,0.0052,0.0016,0.2567,0.8031
4030,4.03,0.0011,-0.0046,0.0044,0.0021,0.0476,0.2267
4031,4.031,-0.0021,-0.0023,0.0002,-0.0009,-0.0887,-0.162
4032,4.032,-0.0008,0.0041,0.0024,0.0039,-0.1137,-0.2336
4033,4.033,-0.0028,-0.0036,-0.0024,-0.0003,-0.1364,-0.2984
4034,4.034,0.0008,-0.0005,0.0033,0.0062,-0.1163,-0.241
4035,4.035,-0.0004,0.0004,-0.0003,0.007,-0.0981,-0.1886
4036,4.036,0.0044,0.0047,0.0017,0.0001,-0.3169,-0.5252
4037,4.037,-0.005,-0.0021,0.0001,0.001,-0.3468,-0.9188
4038,4.038,-0.0009,0.0006,-0.0016,0.0036,-0.1027,-0.4433
4039,4.039,-0.0021,0.0032,-0.0011,-0.0001,0.062,0.1337
4040,4.04,0.0012,0.001,0.0002,0.0063,0.0924,0.2127
4041,4.041,-0.0018,0.0046,-0.0018,0.0004,0.1199,0.2839
4042,4.042,0.0009,-0.0036,-0.0015,-0.0003,0.1447,0.2207
4043,4.043,-0.0033,-0.0026,0.0003,0.0004,0.0776,0.2793
4044,4.044,-0.0055,0.0005,0.0006,-0.0012,0.22,0.3322
4045,4.045,-0.0061,0.0032,-0.0007,-0.0041,0.3868,0.8609
4046,4.046,0.0008,0.0024,-0.0024,-0.0046,0.1852,0.6505
4047,4.047,0.0017,0.0002,-0.0051,-0.0024,-0.0051,0.0739
4048,4.048,-0.0025,0.0052,0.0002,0.0041,-0.0796,-0.1597
4049,4.049,-0.0003,-0.0006,0.0009,0.0049,-0.1023,-0.231
4050,4.05,0.0061,-0.0012,0.0016,0.0024,-0.123,-0.2956
4051,4.051,0.0002,0.0008,0.0046,0.0003,-0.1048,-0.2379
4052,4.052,-0.002,-0.0008,0.0018,0.0023,-0.1217,-0.1853
4053,4.053,0.0016,-0.0025,-0.0008,0.004,-0.3514,-0.7137
4054,4.054,0.0021,0.0032,-0.0004,0.0023,-0.2532,-0.7842
4055,4.055,0.0004,0.0039,0.0043,-0.0012,-0.0441,-0.2079
4056,4.056,0.0029,0.0019,0.0001,-0.0034,0.092,0.1808
4057,4.057,0.0017,-0.0023,0.0006,-0.0031,0.117,0.2525
4058,4.058,0.0017,-0.0042,-0.0045,-0.0061,0.1284,0.2676
4059,4.059,0.0005,-0.0037,-0.005,-0.0004,0.1062,0.3323
4060,4.06,-0.0037,-0.0042,0.0019,0.0038,0.086,0.1584
4061,4.061,0.0015,0.0001,-0.0011,-0.0031,0.3266,0.5284
4062,4.062,-0.0005,0.0018,-0.002,-0.0096,0.3596,0.8652
4063,4.063,-0.0022,-0.006,-0.0079,-0.0054,0.0907,0.3847
4064,4.064,-0.0027,-0.005,-0.0027,-0.0048,-0.0904,-0.0642
4065,4.065,0.0008,0.0002,0.0008,0.0001,-0.0583,-0.2397
4066,4.066,-0.0004,-0.0044,-0.0022,-0.003,-0.1481,-0.2932
4067,4.067,-0.0024,-0.0019,-0.0051,-0.0082,-0.1213,-0.2456
4068,4.068,-0.0082,-0.0026,-0.0026,-0.0189,-0.097,-0.2022
4069,4.069,-0.0074,-0.0032,0.0005,-0.0144,-0.254,-0.3211
4070,4.07,-0.0052,-0.005,-0.0024,-0.0048,-0.3964,-0.8623
4071,4.071,0.0041,-0.0033,-0.0015,0.0039,-0.1928,-0.6303
4072,4.072,-0.0022,0.0003,-0.0011,0.0071,0.0517,-0.1368
4073,4.073,-0.0032,0.0014,-0.0002,0.0061,0.0851,0.1848
4074,4.074,0.002,-0.0034,-0.0027,0.0052,0.1152,0.2442
4075,4.075,0.0011,0.0008,-0.0051,0.0077,0.0884,0.2979
4076,4.076,0.0003,0.0013,-0.0034,0.0024,0.1131,0.2506
4077,4.077,0.0024,0.0028,0.0007,-0.0083,0.1354,0.2073
4078,4.078,0.0017,-0.0014,-0.0035,-0.0222,0.3592,0.7237
4079,4.079,0.0012,0.0014,-0.0007,-0.0092,0.27,0.7945
4080,4.08,0.0017,0.0009,0.0071,-0.0042,0.0255,0.2185
4081,4.081,-0.0009,-0.0061,0.0038,-0.0027,-0.0736,-0.1698
4082,4.082,0.0003,-0.0114,0.0008,0.0013,-0.1039,-0.2412
4083,4.083,0.0042,-0.0087,-0.0001,0.0025,-0.1313,-0.3057
4084,4.084,-0.0006,-0.0079,0.0024,0.008,-0.107,-0.2481
4085,4.085,-0.0011,-0.001,0.0001,0.0049,-0.0848,-0.1954
4086,4.086,-0.0006,0.0035,0.0021,0.0076,-0.3086,-0.5316
4087,4.087,0.0041,0.0043,0.0026,0.005,-0.3386,-0.9249
4088,4.088,0.0024,0.0006,0.0066,0.0102,-0.1486,-0.555
4089,4.089,0.0007,0.0041,-0.0002,0.0052,0.0739,-0.0248
4090,4.09,0.0022,0.0036,0.0044,0.0057,0.1043,0.1878
4091,4.091,-0.0009,0.0088,-0.0016,0.0052,0.1317,0.2528
4092,4.092,-0.0006,0.0038,0.0036,0.0066,0.1074,0.3116
4093,4.093,-0.0016,0.0055,-0.0013,-0.0003,0.0405,0.2594
4094,4.094,0.0036,0.0049,-0.0008,-0.0014,0.1828,0.3077
4095,4.095,0.0043,0.0074,0.0033,-0.0005,0.3866,0.8758
4096,4.096,0.0036,0.0044,0.0037,0.0072,0.197,0.6441
4097,4.097,0.0031,0.0023,-0.0024,0.0082,-0.0254,0.1509
4098,4.098,-0.0022,-0.0035,0.0019,-0.0002,-0.0558,-0.1704
4099,4.099,0.0027,-0.0026,0.0025,-0.0013,-0.0833,-0.2295
4100,4.1,-0.0015,-0.0033,0.0019,-0.0003,-0.1081,-0.283
4101,4.101,-0.001,0.0002,0.0024,0.0043,-0.0859,-0.2354
4102,4.102,0.0015,0.0007,-0.0017,0.0018,-0.1063,-0.192
4103,4.103,-0.0007,0.0023,0.0041,-0.0004,-0.3841,-0.7082
4104,4.104,0.004,0.0018,-0.0044,0.0031,-0.2652,-0.7788
4105,4.105,0.0035,0.004,-0.0054,0.0014,-0.0123,-0.2027
4106,4.106,-0.0006,0.0051,-0.0023,-0.0002,0.0868,0.1858
4107,4.107,-0.0001,0,0.0022,0.0023,0.1171,0.2573
4108,4.108,-0.0043,-0.0006,-0.0037,0.002,0.1445,0.322
4109,4.109,-0.006,-0.0012,0.0001,0.0016,0.1201,0.2644
4110,4.11,-0.0055,-0.0017,0.0008,-0.0009,0.0979,0.2118
4111,4.111,-0.0024,0.0051,-0.0023,-0.0012,0.3217,0.5481
4112,4.112,0.0004,-0.0014,-0.0028,0.0019,0.3517,0.854
4113,4.113,0.0014,0.0046,-0.0002,-0.0017,0.1075,0.4171
4114,4.114,0.0018,-0.0007,-0.0014,0.0014,-0.0574,-0.1075
4115,4.115,-0.002,0.0029,-0.0002,-0.005,-0.0877,-0.1793
4116,4.116,0.0011,0.0012,-0.0012,-0.0004,-0.1152,-0.2443
4117,4.117,0.0014,-0.0017,-0.0001,-0.0012,-0.14,-0.303
4118,4.118,0.0011,-0.0022,0.0043,-0.0005,-0.1178,-0.2509
4119,4.119,0.0001,-0.001,0.0003,0.0002,-0.2196,-0.2992
4120,4.12,-0.003,-0.0013,0.0051,-0.0027,-0.3863,-0.8673
4121,4.121,-0.0026,0.0045,0.0046,-0.0021,-0.1846,-0.6356
4122,4.122,-0.0016,-0.0033,0.0029,-0.0056,0.0057,-0.1425
4123,4.123,0.0035,0.002,-0.0028,-0.0059,0.0802,0.1787
4124,4.124,0.0015,-0.0007,0.0042,-0.0002,0.1031,0.2378
4125,4.125,-0.0002,-0.0049,0.0051,-0.0038,0.1238,0.2912
4126,4.126,-0.0007,-0.0011,0.0025,-0.0002,0.1056,0.2436
4127,4.127,-0.0002,-0.0046,0.0004,-0.0006,0.1224,0.2
4128,4.128,-0.0044,0.0024,-0.0002,0.0012,0.3521,0.7162
4129,4.129,-0.0027,-0.0003,0.004,0.0027,0.2538,0.7867
4130,4.13,0.0008,0.0023,0.0012,0.005,0.0447,0.2104
4131,4.131,-0.0013,-0.0029,0.0018,-0.0005,-0.0915,-0.1782
4132,4.132,0.0016,-0.0022,-0.0043,0.0033,-0.1165,-0.2499
4133,4.133,-0.0003,-0.0005,0.0017,0.004,-0.139,-0.3147
4134,4.134,0.003,-0.0022,-0.0005,0.0072,-0.119,-0.2573
4135,4.135,0.0009,-0.0016,0.0031,0.0077,-0.1006,-0.2048
4136,4.136,0.0028,0.0035,0.0027,0.0063,-0.3193,-0.5414
4137,4.137,0.0005,-0,-0.0001,-0.0006,-0.3493,-0.9349
4138,4.138,-0.0005,0.0017,-0.0026,-0.0036,-0.1051,-0.4593
4139,4.139,0.002,0.0001,-0.0038,-0.0027,0.0597,0.1176
4140,4.14,-0.0003,0.0007,-0.0066,-0.0052,0.0901,0.1964
4141,4.141,0,-0.0043,-0.0023,-0.0104,0.1175,0.2676
4142,4.142,-0.0001,0.0022,-0.0006,-0.004,0.1423,0.3323
4143,4.143,0,-0.0037,-0.0084,-0.0099,0.0753,0.2749
4144,4.144,-0.0001,-0.0014,-0.0052,0.0016,0.2176,0.3279
4145,4.145,0.0028,0.0007,-0.0041,-0.0034,0.3843,0.8566
4146,4.146,0.0024,0.0002,-0.0032,-0.0019,0.1827,0.6463
4147,4.147,-0.0008,0.0031,-0.0041,-0.0032,-0.0076,0.0699
4148,4.148,0.0021,0.0047,0.0012,0.0005,-0.082,-0.1636
4149,4.149,-0.0004,0.0004,-0.0008,-0.0027,-0.1048,-0.2349
4150,4.15,0.0006,0.001,-0.0025,-0.0016,-0.1253,-0.2996
4151,4.151,-0.0031,0.0015,-0.0042,0.0029,-0.1071,-0.2421
4152,4.152,-0.0009,0.0003,0.0016,0.0038,-0.124,-0.1896
4153,4.153,-0.0006,0.0032,0.0023,0.0001,-0.3536,-0.7182
4154,4.154,-0.0016,0.0007,0.0002,0.0036,-0.2553,-0.7888
4155,4.155,0.0001,0.0018,0.0019,0.0031,-0.0463,-0.2126
4156,4.156,0.0025,-0.0026,0.0002,0.0095,0.0899,0.1759
4157,4.157,-0.0012,0.0038,-0.0033,0.0036,0.1149,0.2474
4158,4.158,0.0003,-0.0021,0.0009,-0.0001,0.1375,0.3121
4159,4.159,0.0013,-0.0006,0.0001,-0.0035,0.1249,0.2783
4160,4.16,0.001,0.0001,0.0006,-0.0029,0.1047,0.2205
4161,4.161,-0.0002,0.0008,0.0021,0.0041,0.3084,0.4846
4162,4.162,0.0023,-0.0034,0.0051,0.0013,0.3356,0.8211
4163,4.163,-0.0023,-0.0018,0.0048,0.0039,0.1135,0.4279
4164,4.164,-0.0018,0.0018,-0.0003,-0.0031,-0.0363,-0.0492
4165,4.165,-0.0001,-0.0033,-0.001,-0.0095,-0.1181,-0.2427
4166,4.166,0.0004,-0.0053,0.0007,-0.0053,-0.094,-0.1856
4167,4.167,0.0016,-0.0023,-0.001,-0.006,-0.1167,-0.2389
4168,4.168,-0.0005,-0.0006,0.0047,-0.0154,-0.0966,-0.2875
4169,4.169,0.0021,-0.0031,0.001,-0.0166,-0.2263,-0.3315
4170,4.17,-0.0011,-0.001,0.0045,-0.0063,-0.4116,-0.8478
4171,4.171,-0.0008,-0.0057,-0.0012,-0.0022,-0.2392,-0.6374
4172,4.172,-0.0005,0.0012,-0.0035,-0.0011,-0.037,-0.0609
4173,4.173,0.0005,0.0004,0.0001,-0.0043,0.0449,0.1726
4174,4.174,0.0022,-0.0022,-0.0005,-0.0034,0.119,0.2439
4175,4.175,0.0015,0.0015,-0.001,-0.0025,0.1416,0.3085
4176,4.176,-0.0009,0.0035,-0.0005,0.0016,0.1215,0.2508
4177,4.177,-0.0033,0.003,-0.0027,0.0023,0.14,0.1982
4178,4.178,-0.0075,0.0001,-0.0016,0.0043,0.3924,0.7266
4179,4.179,-0.008,0.0016,-0.0058,0.0085,0.2844,0.797
4180,4.18,-0.004,0.0004,-0.0042,0.0068,0.0541,0.2208
4181,4.181,-0.0035,0.0007,0.0015,0.0042,-0.0956,-0.1678
4182,4.182,-0.0038,-0.0012,-0.0037,0.0084,-0.0691,-0.2395
4183,4.183,0.0001,-0.0002,-0.0087,0.0067,-0.1432,-0.3042
4184,4.184,0.0036,0.0015,-0.0045,0.0072,-0.121,-0.2468
4185,4.185,-0.0015,-0.0027,-0.004,0.0083,-0.0603,-0.1944
4186,4.186,-0.0064,-0.0085,0.0007,0.0036,-0.3011,-0.5309
4187,4.187,-0.0007,-0.0138,-0.001,0.003,-0.334,-0.9245
4188,4.188,-0.0013,-0.0131,0.0018,0.0059,-0.1252,-0.4489
4189,4.189,0.0051,-0.0074,0.0023,0.0084,0.0652,0.0001
4190,4.19,0.0008,-0.0022,0.0092,0.0061,0.0903,0.1758
4191,4.191,0.0015,-0.0029,0.0039,0.0014,0.113,0.2295
4192,4.192,0.0035,0.004,0.0012,0.0018,0.1336,0.2781
4193,4.193,0.0004,-0.0006,-0.0013,0.0013,0.0784,0.2348
4194,4.194,0.0033,0.0106,0.0008,-0.0003,0.1962,0.2744
4195,4.195,0.0018,0.0029,0.0057,-0.0072,0.3953,0.7435
4196,4.196,0.0039,0.007,0.004,-0.0083,0.2056,0.5518
4197,4.197,-0.0008,0.0058,0.0011,-0.0074,-0.0167,0.1439
4198,4.198,0.0034,0.0047,0.0046,0.0003,-0.1067,-0.122
4199,4.199,0.0039,0.0099,-0.0005,-0.0007,-0.08,-0.1714
4200,4.2,-0.0008,-0.0004,0.0002,0.002,-0.1048,-0.2159
4201,4.201,-0.0014,-0.0018,-0.0003,-0.0006,-0.1273,-0.2562
4202,4.202,-0.0031,0.0044,0.0014,-0.0058,-0.1477,-0.2205
4203,4.203,-0.0016,0.0012,-0.0012,-0.0079,-0.3885,-0.713
4204,4.204,-0.0028,0.0022,0.0019,-0.0021,-0.2902,-0.7838
4205,4.205,0.0011,0.003,0.0015,-0.0028,-0.0212,-0.2078
4206,4.206,0.0037,0.0004,-0.0003,0.0021,0.0876,0.1806
4207,4.207,0.0033,0.0073,-0,0.0026,0.121,0.252
4208,4.208,0.003,0.0046,-0.0004,-0.0003,0.0915,0.3165
4209,4.209,0.0026,0.0054,-0.0034,0.0044,0.1188,0.2589
4210,4.21,0.005,0.0017,-0.0046,-0.0013,0.0944,0.2063
4211,4.211,0.004,0.001,0.0011,-0.0036,0.2961,0.4465
4212,4.212,-0.0003,-0.0007,0.0003,-0.0042,0.3234,0.8398
4213,4.213,-0.0033,-0.0025,0.0025,-0.0026,0.1013,0.4699
4214,4.214,-0.0004,-0.004,0.0045,0.0027,-0.0485,-0.0602
4215,4.215,0.0031,-0.001,0.0028,-0.0009,-0.0761,-0.2727
4216,4.216,0.0043,-0.0014,0.0023,0.0008,-0.1009,-0.2099
4217,4.217,-0.0021,-0.0033,0.0028,-0.0009,-0.1235,-0.2687
4218,4.218,-0.0048,-0.0009,-0.0023,0.0016,-0.1033,-0.2165
4219,4.219,-0.004,-0.0026,-0.0002,-0.0006,-0.1959,-0.2648
4220,4.22,-0.0018,-0.0019,0.0003,0.0058,-0.3811,-0.833
4221,4.221,-0.0011,-0.0026,-0.0026,-0.0006,-0.2087,-0.6011
4222,4.222,0.0006,-0.0038,-0.0031,-0.0014,0.0385,-0.1078
4223,4.223,0.0035,-0.0006,-0.0028,0.0039,0.0721,0.2138
4224,4.224,0.001,-0.0028,-0.0031,0.0019,0.1024,0.2728
4225,4.225,-0.002,0.0001,-0.0012,0.0025,0.1298,0.3262
4226,4.226,-0.0016,0.0005,-0.0002,-0.0004,0.1055,0.2789
4227,4.227,0.0026,0.0001,0.0049,-0.0051,0.128,0.2356
4228,4.228,-0.0002,-0.0043,0.0013,-0.0008,0.3928,0.6723
4229,4.229,-0.005,0.0022,-0.0004,-0.0013,0.2849,0.7307
4230,4.23,-0.0019,-0.002,-0.0009,0.0035,0.0548,0.2547
4231,4.231,0.001,0.0002,-0.0014,0.0004,-0.0949,-0.1946
4232,4.232,-0.0005,-0.0018,0.0029,0.0022,-0.1224,-0.2539
4233,4.233,-0.0008,-0.0001,-0.0047,0.0007,-0.0981,-0.3073
4234,4.234,-0.0011,-0.0006,-0.0016,-0.0005,-0.1207,-0.2599
4235,4.235,-0.0007,0.0009,-0.0008,-0.0002,-0.1005,-0.2166
4236,4.236,0.0017,0.0012,-0.0033,-0.0027,-0.3042,-0.4944
4237,4.237,0.0008,0,0.002,0.0026,-0.3314,-0.8915
4238,4.238,0.0051,0.0004,-0.0015,-0.0043,-0.1093,-0.4158
4239,4.239,-0.0032,-0.0035,-0.0032,-0.0016,0.0404,0.0334
4240,4.24,0.0001,0.0033,-0.0002,0.001,0.0682,0.2092
4241,4.241,-0.0009,0.0024,-0.0017,0.0003,0.0931,0.263
4242,4.242,0.0038,0.0016,0.0005,0.0024,0.1157,0.3119
4243,4.243,0.0013,0.001,0.0026,0.0067,0.0956,0.2689
4244,4.244,0.0006,-0.0026,0.0001,0.0062,0.2252,0.3088
4245,4.245,-0.0013,-0.002,0.0005,0.0015,0.3768,0.8503
4246,4.246,0.0004,0.0044,0.0056,0.001,0.1935,0.6186
4247,4.247,0.0033,0.0019,0.0021,-0.0006,-0.0289,0.1255
4248,4.248,-0.0014,0.0041,0.0016,0.002,-0.0593,-0.1955
4249,4.249,0.0029,0.0021,0.0034,-0.0022,-0.0868,-0.2545
4250,4.25,0,0.0004,-0.0044,-0.0027,-0.1116,-0.3077
4251,4.251,0.0016,0.0021,-0.0011,-0.0001,-0.0894,-0.2599
4252,4.252,-0.0015,-0.0004,0.002,-0.0051,-0.1098,-0.2164
4253,4.253,-0.0018,-0.0016,0.0011,-0.0016,-0.3876,-0.7324
4254,4.254,0.0008,0.0004,-0.0014,0.0027,-0.2688,-0.8029
4255,4.255,0.0025,-0.0031,0.0086,0.001,-0.088,-0.2265
4256,4.256,0.0008,-0.0001,-0.001,0.0016,0.0768,0.1622
4257,4.257,-0.0005,-0.003,0.0002,0.0004,0.1072,0.2339
4258,4.258,0.0012,0.0028,-0.0008,0.0008,0.1346,0.2987
4259,4.259,-0.0005,0.007,0.0045,0.005,0.1103,0.2414
4260,4.26,-0.0013,0.006,0.0001,0.0005,0.0842,0.1902
4261,4.261,0.0019,0.0023,-0.0008,0.0034,0.3307,0.4545
4262,4.262,0.0041,0.0003,0.0001,0.0059,0.3637,0.8873
4263,4.263,-0.0023,0.0033,0.0008,0.0048,0.0949,0.4807
4264,4.264,0.0023,0.0016,-0.0012,0.0009,-0.0861,0.0038
4265,4.265,-0.0019,0.0011,-0.0043,0.0024,-0.1195,-0.1894
4266,4.266,0.0018,0.0008,0.0045,0.0027,-0.0901,-0.2483
4267,4.267,-0.0031,-0.004,0.0057,0.0048,-0.1174,-0.3017
4268,4.268,-0.0062,-0.0082,0.0025,-0.001,-0.093,-0.254
4269,4.269,-0.0045,-0.0029,-0.0005,-0.0139,-0.2499,-0.3851
4270,4.27,0.0012,0.0006,-0.0014,-0.0195,-0.4333,-0.9807
4271,4.271,-0.0025,-0.0063,-0.0039,-0.0212,-0.2114,-0.7258
4272,4.272,0.0011,-0.0127,0.0045,-0.0105,-0.0022,-0.0281
4273,4.273,-0.0032,-0.0102,-0.0032,-0.0092,0.134,0.2544
4274,4.274,-0.0015,-0.0095,-0.0022,0.0047,0.1099,0.1704
4275,4.275,-0.003,-0.0046,-0.005,0.0028,0.1325,0.2484
4276,4.276,-0,0.0011,0.001,0.0078,0.1124,0.319
4277,4.277,-0.0004,-0.0011,0.0016,0.0093,0.1309,0.2554
4278,4.278,-0.0014,0.001,-0.0019,0.0052,0.3497,0.6621
4279,4.279,-0.0038,0.0026,-0.0077,0.004,0.2606,0.8208
4280,4.28,-0.0035,0.0055,-0.0007,0.0072,0.0704,0.2915
4281,4.281,-0.001,0.003,-0.0035,0.0041,-0.0534,-0.2023
4282,4.282,-0.0063,-0.0001,0.0007,0.0049,-0.0763,-0.1398
4283,4.283,-0.0041,0.0064,0,0.0006,-0.097,-0.1986
4284,4.284,-0.0035,0.0055,-0.002,-0.0079,-0.1157,-0.252
4285,4.285,-0.0052,-0.0004,-0.0025,-0.0023,-0.0991,-0.2043
4286,4.286,-0.0048,0.0049,-0.0043,-0.0076,-0.2981,-0.5103
4287,4.287,-0.0033,-0.0016,-0.009,-0.0085,-0.3253,-0.8679
4288,4.288,-0.0003,-0.0007,-0.0085,-0.006,-0.1527,-0.4355
4289,4.289,-0.0007,0.0077,-0.0091,-0.0039,0.0497,0.0891
4290,4.29,0.0018,-0,-0.0066,-0.0004,0.0774,0.1607
4291,4.291,0.0028,-0.0031,-0.0005,-0.0099,0.1514,0.2256
4292,4.292,0.0004,0.0015,-0.0014,-0.0169,0.1293,0.2842
4293,4.293,0.0022,0.0006,-0.0007,-0.0107,0.0686,0.2319
4294,4.294,0.0061,0.0028,0.0042,-0.0052,0.2353,0.2801
4295,4.295,0.0043,0.0035,-0.0028,-0.0042,0.3923,0.848
4296,4.296,0.0038,-0.0007,-0.0036,0.0003,0.2091,0.6162
4297,4.297,0.0049,0.001,-0.0011,-0.0006,-0.0133,0.1229
4298,4.298,0.0029,0.0025,0.0026,0.0015,-0.1033,-0.1984
4299,4.299,0.0003,0.0013,0.0046,0.0035,-0.1308,-0.2577
4300,4.3,0.0019,-0.0016,0.004,0.0051,-0.1065,-0.3112
4301,4.301,0.0049,0.0009,0.0011,0.0022,-0.129,-0.2638
4302,4.302,0.0052,0.0006,0.0089,0.0057,-0.1088,-0.2205
4303,4.303,-0,-0.0025,0.0078,0.0025,-0.3866,-0.7367
4304,4.304,-0.0008,-0.0015,0.0047,0.0081,-0.2678,-0.8074
4305,4.305,0.0012,-0.0032,0.0056,0.0087,-0.0869,-0.2312
4306,4.306,0.0017,-0.0036,0.003,0.0022,0.0778,0.1574
4307,4.307,-0,-0.0061,0.0052,0.003,0.1082,0.2289
4308,4.308,-0.0016,-0.0009,0.0058,0.0067,0.1356,0.2936
4309,4.309,-0.0004,-0.0031,-0.0012,0.006,0.1113,0.2362
4310,4.31,-0.0025,0.0005,0.0015,0.0054,0.0891,0.1837
4311,4.311,0.0017,0.0022,0.004,0.0037,0.313,0.4241
4312,4.312,-0.0024,-0.0007,0.0003,0.0072,0.343,0.9048
4313,4.313,-0.0009,-0.0055,0.0067,0.0021,0.1532,0.4572
4314,4.314,0.0003,0.0015,0.0007,0.0099,-0.0693,-0.0673
4315,4.315,0.0015,0.0006,-0.003,0.0026,-0.0997,-0.1391
4316,4.316,0.0005,-0.0019,-0.0037,-0.0001,-0.1271,-0.2039
4317,4.317,-0.0012,0.0018,-0.002,0.0041,-0.1027,-0.2626
4318,4.318,-0.0023,-0.0003,-0.0004,0.0003,-0.0806,-0.2104
4319,4.319,-0.0016,0.0014,0.0001,-0.0033,-0.2228,-0.2586
4320,4.32,0.0023,0.0009,-0.0002,-0.0038,-0.3896,-0.914
4321,4.321,0.0018,0.0045,-0.0006,0.0002,-0.2327,-0.6335
4322,4.322,0.0013,0.0033,0.002,-0.0003,0.0325,-0.0365
4323,4.323,-0.0017,-0.0006,0.0003,-0.0033,0.0693,0.1975
4324,4.324,-0.0005,-0.0041,-0.0008,0.0006,0.1026,0.269
4325,4.325,0.0005,0.0028,-0.005,0.0002,0.1327,0.2058
4326,4.326,0.0002,-0.0002,-0.0008,0.0033,0.1059,0.2645
4327,4.327,0.0039,0.0044,-0.0048,-0.0014,0.1307,0.2125
4328,4.328,0.0051,0.0019,-0.0043,0.0029,0.3773,0.7414
4329,4.329,0.0055,0.0026,-0.0001,-0.0023,0.279,0.8122
4330,4.33,0.0037,-0.001,0.0051,0.0026,0.0699,0.2364
4331,4.331,0.004,-0.0026,0.0002,-0.0068,-0.0663,-0.1518
4332,4.332,0.0024,-0.0009,0.0019,-0.0055,-0.0912,-0.2234
4333,4.333,0.0043,-0.0044,0.0048,-0.0066,-0.1139,-0.2879
4334,4.334,0.0015,-0.0032,0.0053,0.0012,-0.1344,-0.2302
4335,4.335,-0.002,-0.0003,-0.0016,0.0022,-0.0791,-0.1776
4336,4.336,-0.0008,0,0.0015,0.005,-0.2979,-0.5139
4337,4.337,-0.0036,0.0004,-0.0012,0.0025,-0.3874,-0.9072
4338,4.338,-0.001,-0.0026,-0.0037,0.0003,-0.1432,-0.4315
4339,4.339,-0.0033,-0.0016,-0.003,-0.0017,0.0872,0.0178
4340,4.34,-0.0009,0.0037,-0.0037,0.0026,0.1176,0.1938
4341,4.341,-0.0027,0.0016,-0.002,-0.0014,0.0909,0.2476
4342,4.342,0.0007,-0.0004,-0.0002,0.0002,0.1157,0.2965
4343,4.343,0.002,0.0027,-0.0017,-0.0001,0.0936,0.2535
4344,4.344,-0.0009,0.0056,-0.0013,-0.004,0.1953,0.2934
4345,4.345,-0.0033,0.002,-0.0001,0.0018,0.3991,0.8349
4346,4.346,-0.0001,0.0043,0.0025,0.0025,0.2094,0.6032
4347,4.347,-0.0021,0.0046,0.0029,0.0075,-0.0131,0.1102
4348,4.348,-0.001,0.0028,-0.0008,0.0033,-0.1032,-0.2109
4349,4.349,0.0007,0.0032,0.0004,0.0017,-0.1307,-0.1539
4350,4.35,0.0004,0.0015,0.0025,0.0053,-0.1063,-0.3128
4351,4.351,-0.0021,0.0009,0,0.0011,-0.1288,-0.2652
4352,4.352,-0.0017,-0.0008,0.0011,-0.0077,-0.1087,-0.2217
4353,4.353,0.0034,-0.0035,0.0001,-0.0039,-0.3865,-0.7377
4354,4.354,0.0014,0.0018,0.0008,-0.0049,-0.2678,-0.8083
4355,4.355,-0.0002,0.0011,-0.003,-0.0039,-0.0869,-0.2321
4356,4.356,0.0039,-0.0009,-0.0025,0.0007,0.0778,0.1566
4357,4.357,-0.0008,-0.0014,0.0011,-0.0001,0.1081,0.2283
4358,4.358,-0.0003,-0.0078,0.0014,0.0036,0.1354,0.2931
4359,4.359,0.0026,0.0017,0.0043,0.0016,0.1111,0.2358
4360,4.36,0.0011,-0.002,0.0001,-0.0026,0.0889,0.1834
4361,4.361,-0.0013,-0.002,0.0007,-0.0097,0.3164,0.4783
4362,4.362,-0.0055,0.0012,-0.001,-0.008,0.3369,0.911
4363,4.363,-0.0049,0.0043,0.0015,-0.0045,0.1329,0.5044
4364,4.364,0.0028,0.0016,0.0004,0.0006,-0.0574,-0.0781
4365,4.365,-0.0027,0.0008,0,-0.0001,-0.0826,-0.157
4366,4.366,-0.0017,-0.0014,-0.001,0.0016,-0.1054,-0.2281
4367,4.367,0.001,-0.0035,-0.002,0.0021,-0.126,-0.2926
4368,4.368,-0.0032,-0.004,-0.003,-0.0015,-0.1077,-0.2352
4369,4.369,0.0037,0.0001,0.0007,-0.0012,-0.1919,-0.2883
4370,4.37,-0.0027,0.0006,0.0002,-0.0076,-0.391,-0.9129
4371,4.371,-0.0001,-0.0016,-0.0001,-0.0122,-0.2015,-0.6582
4372,4.372,-0.0023,-0.0019,0.0019,-0.0148,0.0209,-0.1154
4373,4.373,-0.003,-0.0038,-0.0006,-0.011,0.1108,0.2376
4374,4.374,-0.0013,0.0014,0.0046,-0.0062,0.0841,0.1746
4375,4.375,-0.003,-0.0055,0.0009,0.0008,0.0597,0.1171
4376,4.376,-0.0005,-0.0028,0.0029,0.0035,0.0822,0.1703
4377,4.377,-0.0055,-0.0037,-0.0001,0.0026,0.1432,0.2186
4378,4.378,0.0022,-0.003,-0.0018,0.0019,0.421,0.699
4379,4.379,0.0012,-0.001,-0.0023,0.0055,0.3022,0.7632
4380,4.38,-0.0034,-0.0005,-0.0019,0.0085,0.0492,0.3559
4381,4.381,-0.0042,-0.0022,-0.0016,0.0044,-0.05,-0.1215
4382,4.382,-0.0005,-0.0007,-0.0019,0.0039,-0.0804,-0.1869
4383,4.383,-0.0041,0.0054,-0.0003,0.0042,-0.1078,-0.2458
4384,4.384,-0.0036,0.0045,0.0001,0.0045,-0.1327,-0.2993
4385,4.385,0.0004,0.0038,-0.003,-0.0006,-0.1105,-0.1556
4386,4.386,-0.0031,-0.0011,-0.005,0.0015,-0.2939,-0.4616
4387,4.387,0.0011,-0.0028,0.0007,-0.0028,-0.3679,-0.8987
4388,4.388,0.0063,-0.0093,-0.0001,0.0013,-0.1212,-0.4922
4389,4.389,-0.0002,-0.0153,-0.0008,0.0018,0.0434,0.0902
4390,4.39,0.0024,-0.0083,0.0027,0.006,0.0738,0.1688
4391,4.391,0.003,-0.0057,-0.0015,0.0008,0.1012,0.2398
4392,4.392,0.0065,0.0038,0.0001,0.0015,0.1259,0.3043
4393,4.393,-0.0018,0.0049,0.0006,0.0045,0.1036,0.2467
4394,4.394,0.0014,0.0039,-0.0063,0.0017,0.2053,0.2996
4395,4.395,-0.0038,0.0008,-0.0116,0.0012,0.4461,0.8281
4396,4.396,0.0026,0.0016,-0.0089,0.0008,0.2163,0.6176
4397,4.397,0.0017,0.0041,-0.003,0.002,-0.0528,0.1687
4398,4.398,0.0069,0.0004,-0.0023,0.0017,-0.1617,-0.2395
4399,4.399,0.002,0.0024,-0.003,-0.0015,-0.1293,-0.188
4400,4.4,0.0015,0.0006,0.0027,0.0024,-0.0998,-0.2367
4401,4.401,-0.0002,0.0023,0.0005,0.0059,-0.1272,-0.2809
4402,4.402,0.0013,0.0007,0.0025,0.009,-0.1028,-0.1622
4403,4.403,-0.0018,0.0058,0.0067,0.0078,-0.3941,-0.7034
4404,4.404,0.0029,0.0037,0.005,0.0027,-0.2754,-0.7811
4405,4.405,0.0012,0.002,0.0055,-0.0037,-0.0225,-0.2884
4406,4.406,0.0017,-0.0009,0.0025,-0.0045,0.0766,0.161
4407,4.407,0.0002,0.0016,0.0004,0.0007,0.1068,0.2205
4408,4.408,0.0024,0.0038,0.0039,0.0001,0.1342,0.2742
4409,4.409,-0.0016,0.0058,0.0009,0.0006,0.1098,0.323
4410,4.41,0.002,0.0022,0.0056,0.0059,0.0876,0.1925
4411,4.411,-0.0002,0.0025,0.0014,0.0039,0.3114,0.4704
4412,4.412,0.0018,-0.0023,0.0008,-0.0056,0.3413,0.8678
4413,4.413,-0.0018,0.0047,-0.0017,-0.0015,0.1514,0.4982
4414,4.414,-0.0021,0.0038,0.0052,-0.0027,-0.0711,-0.0315
4415,4.415,0.0007,0.0046,0.0021,-0.0036,-0.1016,-0.2438
4416,4.416,0.0033,-0.0023,-0.0006,-0.0006,-0.1291,-0.1807
4417,4.417,0.0009,0.0004,0.0002,0.0022,-0.1048,-0.2393
4418,4.418,-0.0022,0.0012,0.0009,-0.0037,-0.0826,-0.2924
4419,4.419,-0.0025,0.0019,0.0029,0,-0.1844,-0.2444
4420,4.42,-0.0049,0.0012,-0.0001,-0.002,-0.3882,-0.8996
4421,4.421,0.0002,-0.0018,0.0027,-0.0037,-0.1987,-0.619
4422,4.422,0.0009,-0.0013,-0.003,-0.0077,0.0237,-0.0219
4423,4.423,-0.0008,-0.0039,-0.0008,0.0001,0.1138,0.2119
4424,4.424,0.0032,-0.0008,-0.0002,0.0011,0.0871,0.1431
4425,4.425,0.0017,-0.002,-0.0044,-0.0061,0.1119,0.208
4426,4.426,0.0005,-0.003,0.002,-0.0052,0.0898,0.2667
4427,4.427,-0.0015,-0.0013,-0.0039,-0.0043,0.1102,0.2144
4428,4.428,0.0003,-0.0022,-0.0061,-0.0006,0.3881,0.6472
4429,4.429,-0.0007,-0.0041,0.0017,0.0043,0.2694,0.8222
4430,4.43,-0.001,-0.0057,0.0007,0.0039,0.0886,0.2409
4431,4.431,0.0003,-0.002,0.0015,0.001,-0.0761,-0.1473
4432,4.432,-0.002,0.0006,0.0024,-0.0005,-0.1064,-0.2186
4433,4.433,-0.003,0.001,0.0017,-0.0074,-0.1337,-0.283
4434,4.434,-0.0005,0.0049,0.0024,0.0042,-0.1094,-0.2252
4435,4.435,-0.0037,0.0024,0.0007,-0.0065,-0.0872,-0.1727
4436,4.436,-0.0008,0.0021,-0.001,-0.0051,-0.311,-0.4128
4437,4.437,0.005,0.0018,0.0005,-0.0038,-0.3409,-0.8933
4438,4.438,0.0008,0.0022,-0.0026,-0.0006,-0.151,-0.4456
4439,4.439,-0.0029,-0.0017,-0.0054,-0.0036,0.0715,0.0792
4440,4.44,-0.0022,0.0041,-0.0019,-0.0063,0.102,0.1512
4441,4.441,-0.0005,0.0034,0.0012,-0.0003,0.1295,0.2163
4442,4.442,0.0024,-0.0001,-0.0009,0.0019,0.1053,0.2751
4443,4.443,0.0019,0.0016,-0.0019,0.0084,0.0833,0.2231
4444,4.444,-0.0011,-0.0012,-0.0002,0.0006,0.1851,0.2715
4445,4.445,0.0001,0.0014,-0.0005,0.0016,0.389,0.8398
4446,4.446,0.0011,0.0056,0.0037,-0.0011,0.1995,0.6084
4447,4.447,0.0021,-0.0008,-0.0006,0.0049,-0.0228,0.1156
4448,4.448,-0.0016,-0.0085,0.0035,0.0042,-0.1127,-0.2055
4449,4.449,-0.0012,-0.0012,0.005,0.0077,-0.086,-0.2646
4450,4.45,0.0008,0.0034,-0.0019,0.002,-0.1105,-0.3179
4451,4.451,0.0027,-0.0025,0.0011,0.0013,-0.1329,-0.2701
4452,4.452,0.0024,-0.0032,-0.0016,0.002,-0.1125,-0.2267
4453,4.453,0.0034,0.0032,-0.0007,0.0003,-0.3902,-0.6632
4454,4.454,0.0004,0.0007,-0.0044,0.0019,-0.2713,-0.8378
4455,4.455,-0.0017,-0.0015,-0.0009,-0.0016,-0.0182,-0.256
4456,4.456,0.0026,-0.0035,-0.0004,0.0034,0.0811,0.1325
4457,4.457,0.0009,-0.003,-0.0009,-0.0002,0.1115,0.2042
4458,4.458,-0.0039,-0.0013,-0.0024,0.0003,0.1389,0.2689
4459,4.459,-0.0022,0.0054,0.0018,-0.0038,0.1147,0.3275
4460,4.46,-0.0017,0.0046,0.0023,-0.0032,0.0927,0.1697
4461,4.461,0.0031,-0.0032,-0.0003,-0.0002,0.3166,0.5061
4462,4.462,0.0005,-0.0002,0.0007,0.0011,0.3629,0.889
4463,4.463,-0.0012,0.0028,0.0004,0.0008,0.1542,0.4958
4464,4.464,0.0017,-0.0018,-0.0017,0.0017,-0.0361,0.0189
4465,4.465,0.0002,0.0025,-0.002,-0.0007,-0.1104,-0.1745
4466,4.466,-0.001,-0.0028,-0.001,0.003,-0.133,-0.2336
4467,4.467,0.0001,-0.0022,-0.002,-0.0031,-0.1128,-0.2869
4468,4.468,-0.0002,-0.0039,0.0022,0.0028,-0.0945,-0.2394
4469,4.469,0.0015,0.0001,0.0027,0.0034,-0.1785,-0.2835
4470,4.47,0.0004,0.0006,0.0009,0.0054,-0.4081,-0.8792
4471,4.471,0.0035,-0.0025,-0.0048,0.0012,-0.244,-0.6245
4472,4.472,0.0014,0.0004,-0.007,0.0007,0.0252,-0.0819
4473,4.473,0.0004,-0.0054,-0.0064,0.0032,0.062,0.1306
4474,4.474,0.0036,-0.0132,-0.0033,0.0001,0.0953,0.1956
4475,4.475,-0.0011,-0.0163,-0.0005,0.0004,0.1254,0.2541
4476,4.476,-0.0028,-0.0099,0.0021,-0.0038,0.0986,0.3073
4477,4.477,0.0024,-0.0022,0.0009,-0.0021,0.1233,0.1633
4478,4.478,0.0003,0.0009,-0.002,0.0004,0.3699,0.6437
4479,4.479,-0.0014,-0,-0.0002,-0.0018,0.2716,0.8358
4480,4.48,-0.0019,0.0042,0.0022,0.001,0.0626,0.3121
4481,4.481,0.0006,0.0004,0.0032,-0.0025,-0.0735,-0.1818
4482,4.482,-0.0024,0.0011,0.0046,-0.0095,-0.0985,-0.2473
4483,4.483,-0.0021,0.0005,0.0007,-0.019,-0.1211,-0.1902
4484,4.484,-0.004,0.0046,-0.001,-0.0153,-0.1416,-0.2437
4485,4.485,-0.003,-0.0002,0.0015,-0.0076,-0.0862,-0.196
4486,4.486,-0.0007,0.0028,0.0018,-0.0086,-0.305,-0.4147
4487,4.487,-0.0049,0.0023,0.0039,-0.0002,-0.3349,-0.9313
4488,4.488,-0.0118,0.008,-0.0019,-0.0012,-0.1449,-0.4394
4489,4.489,-0.0054,0.0027,0.0059,-0.0023,0.0282,0.0095
4490,4.49,-0.0046,0.002,0.0069,0.0022,0.096,0.1851
4491,4.491,-0.0039,-0.0022,-0.0016,0.0031,0.1167,0.2386
4492,4.492,-0.0019,0.0006,-0.0005,0.0024,0.1355,0.2871
4493,4.493,0.0023,-0.0009,0.0025,0.003,0.0852,0.1565
4494,4.494,-0.0018,0.0021,0.0017,0.0047,0.1924,0.1961
4495,4.495,0.0017,0,0.0025,0.0052,0.4012,0.7372
4496,4.496,0.0029,0.0042,-0.0012,0.0056,0.1927,0.6601
4497,4.497,0.004,0.0037,-0.0032,0.0034,-0.0519,0.1667
4498,4.498,0.0015,0.0032,0.001,0.0046,-0.151,-0.1547
4499,4.499,-0.0018,0.0043,-0.0006,0.0088,-0.1217,-0.214
4500,4.5,0.003,0.004,0.0019,0.0082,-0.0949,-0.2675
4501,4.501,0.0024,0.0004,0.0023,0.0046,-0.1196,-0.2201
4502,4.502,0.0053,0.0016,-0.0016,0.0034,-0.0973,-0.1769
4503,4.503,0.0027,0.0044,-0.0011,0.0046,-0.3619,-0.6931
4504,4.504,0.003,0.0002,-0.0015,0.001,-0.254,-0.7638
4505,4.505,0.0051,0.0019,0.0006,0.0021,-0.0238,-0.3157
4506,4.506,0.0047,0.0004,-0.0013,0.0001,0.126,0.209
4507,4.507,0.003,-0.0027,0.0011,-0.0057,0.0995,0.2805
4508,4.508,0.0013,0.0037,0.0048,-0.0099,0.1243,0.2173
4509,4.509,0.0006,-0.0008,0.0006,-0.0062,0.1469,0.2759
4510,4.51,0.0029,0.0051,0.0011,0.003,0.0861,0.2235
4511,4.511,0.0012,-0.0001,-0.0014,0.0042,0.2898,0.4637
4512,4.512,0.0037,0.0048,-0.0002,0.0032,0.3712,0.8572
4513,4.513,-0.0002,0.0005,-0.0005,0.0042,0.1492,0.4876
4514,4.514,-0.0027,0,-0.0024,0.0087,-0.0601,-0.0423
4515,4.515,0.0003,-0.0005,-0.0056,0.0045,-0.0878,-0.2546
4516,4.516,-0,-0.0008,0.0009,0.0038,-0.1126,-0.1917
4517,4.517,0.001,-0.0028,-0.0018,0.0017,-0.1352,-0.2506
4518,4.518,0.002,-0.0031,0.0024,-0.0078,-0.0745,-0.1984
4519,4.519,-0.0004,-0.0007,-0.0045,-0.0147,-0.2041,-0.2468
4520,4.52,0.0002,-0.0017,-0.0054,-0.0034,-0.3893,-0.8149
4521,4.521,-0.0037,-0.0004,-0.0028,-0.008,-0.217,-0.738
4522,4.522,-0.0008,-0.001,0.0041,-0.0039,0.0301,-0.1041
4523,4.523,-0.0044,-0.0032,-0.0023,-0.0051,0.0636,0.1528
4524,4.524,-0.0001,0.0011,0.0002,-0.0041,0.0939,0.2311
4525,4.525,-0.003,-0.0006,-0.0035,-0.0051,0.1214,0.3019
4526,4.526,-0.0005,-0.0035,0.0001,-0.0006,0.0971,0.2384
4527,4.527,-0.0027,-0.0029,-0.0004,0.002,0.1196,0.1805
4528,4.528,-0.0015,-0.0041,-0.0033,0.0013,0.3842,0.656
4529,4.529,0.0011,0.0007,-0.0008,0.0006,0.2763,0.8481
4530,4.53,-0.0012,-0.0035,0.0014,0.0048,0.0462,0.3244
4531,4.531,0.0012,0.0006,0.0011,0.0065,-0.1035,-0.1692
4532,4.532,0.0042,-0.0041,0.0036,0.005,-0.0769,-0.2348
4533,4.533,0.0031,0.0002,0.0033,-0.0001,-0.1017,-0.2937
4534,4.534,0.0005,0.0019,-0.0011,0.0092,-0.1242,-0.2416
4535,4.535,-0.0033,-0.0006,-0.0028,0.0055,-0.1041,-0.194
4536,4.536,0.0002,0.0017,-0.0002,0.0065,-0.3077,-0.4125
4537,4.537,0.0006,-0.0003,-0.0005,0.0035,-0.3891,-0.9291
4538,4.538,-0.0006,-0.0021,0.0024,-0.0029,-0.1179,-0.4371
4539,4.539,-0.0048,-0.0018,0.0005,-0.0037,0.0632,0.0119
4540,4.54,0.0017,0.0034,-0.0047,0.0016,0.0966,0.1876
4541,4.541,0.0008,0.0014,-0.0025,-0.0004,0.1268,0.2412
4542,4.542,0.0015,0.0019,-0.0005,-0.0034,0.1,0.2899
4543,4.543,0.0009,0.0014,0,-0.0005,0.0757,0.2467
4544,4.544,0.0004,0.0082,-0.0017,0.0031,0.1878,0.2865
4545,4.545,0.0009,-0.0003,0.0041,0.0009,0.4117,0.8278
4546,4.546,0.0025,0.0008,-0.0029,-0.0011,0.2032,0.596
4547,4.547,0.0022,-0.0003,-0.0002,-0.0021,0.0129,0.1028
4548,4.548,0.0034,-0.0011,-0.001,0.0003,-0.0616,-0.2184
4549,4.549,0.0015,-0.0019,-0.0004,-0.002,-0.0844,-0.2775
4550,4.55,-0.0023,-0.0012,0.0061,-0.0044,-0.1455,-0.2255
4551,4.551,-0.0018,-0.0019,0.0035,-0.002,-0.1272,-0.2742
4552,4.552,-0.0015,0.0011,0.0057,0.001,-0.1106,-0.2309
4553,4.553,-0.0003,-0.0029,-0.005,-0.0008,-0.3402,-0.6676
4554,4.554,-0.0021,-0.0024,-0.0004,-0.0011,-0.3075,-0.8424
4555,4.555,0.0018,-0.0021,0.001,0.0006,-0.0386,-0.2609
4556,4.556,-0.0017,-0.0009,-0.0002,-0.0036,0.0703,0.1275
4557,4.557,-0.0021,-0.0028,0.0008,-0.0052,0.1037,0.1991
4558,4.558,-0.0024,0.0011,-0.0023,-0.0023,0.1338,0.2637
4559,4.559,0.0012,-0.0025,-0.0014,0.0002,0.1069,0.322
4560,4.56,-0,0.0017,0.0028,0.0024,0.0825,0.1638
4561,4.561,0.0055,0.0034,-0.0009,-0.0004,0.2841,0.404
4562,4.562,0.0018,0.0019,-0.0003,0.0032,0.3654,0.8845
4563,4.563,0.0028,0.0009,0.0014,-0.0008,0.1451,0.4822
4564,4.564,0.0008,0.0051,0.0019,0.0053,-0.0774,0.033
4565,4.565,0.0003,-0.0014,0.0024,0.0044,-0.1079,-0.1429
4566,4.566,0.0031,-0.0039,0.0009,-0.0025,-0.1354,-0.1969
4567,4.567,-0.0016,-0.0002,0.0031,0.0002,-0.1112,-0.2457
4568,4.568,-0.0011,-0.0038,0.0034,0.0045,-0.0891,-0.29
4569,4.569,-0.0006,0.0004,0.0009,0.0038,-0.1909,-0.2507
4570,4.57,0.0019,-0.0037,0.0041,0.0058,-0.3947,-0.7921
4571,4.571,0.003,0.001,0.0037,-0.0025,-0.2052,-0.7154
4572,4.572,-0.0017,0.0005,-0.002,-0.0057,-0.0323,-0.0816
4573,4.573,-0.006,-0.0036,-0.0062,-0.0026,0.0356,0.1752
4574,4.574,-0.0112,-0.0031,-0.001,-0.0053,0.0968,0.2536
4575,4.575,-0.0063,0.0011,0.001,-0.0011,0.1525,0.3245
4576,4.576,-0.0058,0.0016,-0.0007,0.0026,0.136,0.261
4577,4.577,-0.0111,-0.0009,0.0022,0.0006,0.1208,0.2031
4578,4.578,-0.0104,0.0021,-0.0003,0.0037,0.3294,0.6786
4579,4.579,-0.0035,0.0009,0,0.0042,0.2998,0.7429
4580,4.58,-0.0027,0.0028,-0.0039,0.0006,0.0554,0.3356
4581,4.581,-0.0002,-0.0025,-0.0086,0.001,-0.0438,-0.1416
4582,4.582,0.0036,0.0012,-0.0069,-0.0011,-0.0741,-0.2071
4583,4.583,-0.0014,-0.0024,-0.0029,-0.0046,-0.1015,-0.266
4584,4.584,0.0029,-0.0081,-0.0014,-0.0024,-0.1262,-0.3195
4585,4.585,0.0023,-0.0118,-0.0064,-0.0021,-0.0592,-0.1757
4586,4.586,0.0038,-0.0083,-0.0015,-0.0079,-0.2831,-0.4817
4587,4.587,0.0069,0.0012,-0.0032,-0.0053,-0.3726,-0.9187
4588,4.588,0.0021,0.0052,-0.0004,-0.006,-0.1285,-0.5122
4589,4.589,0.0026,-0.0011,0.0001,0.0017,0.0363,0.0703
4590,4.59,0.0066,0.0067,-0.0021,0.0027,0.1263,0.1492
4591,4.591,0.0031,0.0057,0.0044,0.0035,0.0995,0.2204
4592,4.592,0,0.0065,0.0052,0.0027,0.1243,0.157
4593,4.593,0.002,0.004,0.0027,0.0004,0.1021,0.2156
4594,4.594,0.003,0.0077,0.0049,0.0082,0.2039,0.2686
4595,4.595,0.0013,0.0041,-0.0001,0.0009,0.4077,0.8932
4596,4.596,-0.001,0.0024,0.0005,-0.0076,0.2181,0.6384
4597,4.597,0.0008,-0.0004,0.001,-0.018,-0.0043,0.0957
4598,4.598,0.0037,0.0021,0.0004,-0.0139,-0.0943,-0.1167
4599,4.599,0.0001,0.0009,0.0016,-0.0001,-0.1217,-0.1818
4600,4.6,-0.0002,0.0005,0.0004,-0.0057,-0.0975,-0.2404
4601,4.601,0.001,0.0016,0.0001,-0.004,-0.12,-0.2936
4602,4.602,-0.0041,-0.0017,-0.0031,0.0006,-0.0999,-0.1497
4603,4.603,0.0036,-0.0005,-0.0002,0.0046,-0.3777,-0.6301
4604,4.604,-0.0016,-0.0001,0.0001,0.0009,-0.3382,-0.8223
4605,4.605,0.0029,0.0009,0.0011,-0.0002,-0.0853,-0.2986
4606,4.606,0.0004,0.0006,0.0008,0.0008,0.0794,0.1954
4607,4.607,-0.0018,0.0036,-0.0029,0.0016,0.1098,0.261
4608,4.608,-0.0011,0.0024,-0.0004,0.0075,0.1372,0.32
4609,4.609,0.0019,-0.0011,0.0008,0.0038,0.1129,0.2682
4610,4.61,0.0014,-0.0015,0.0055,0.0017,0.0907,0.2209
4611,4.611,0.0019,-0.0035,0.0024,0.0034,0.3145,0.4396
4612,4.612,0.0031,-0.0031,-0.0004,0.011,0.3445,0.8767
4613,4.613,0.0035,-0.0008,0.0001,0.0037,0.1547,0.4703
4614,4.614,-0.0016,-0.0018,-0.0003,0.0029,-0.0677,-0.0063
4615,4.615,-0.0009,-0.0004,-0.0023,-0.0014,-0.0981,-0.1993
4616,4.616,0.0048,0.002,0.0002,0.0038,-0.1255,-0.258
4617,4.617,0.0041,0.001,0.0012,0.0031,-0.1013,-0.3111
4618,4.618,-0.0036,-0.0004,0.0002,0.0026,-0.0791,-0.2633
4619,4.619,0.0036,-0.0021,0.0009,0.0009,-0.1808,-0.2197
4620,4.62,-0.0028,-0.0004,-0.002,0.0024,-0.3845,-0.815
4621,4.621,-0.0019,-0.0036,-0.0001,0.0002,-0.249,-0.73
4622,4.622,-0.0026,-0.0032,0.0022,-0.0018,0.0226,-0.1873
4623,4.623,-0.0019,-0.0029,0.0012,-0.0028,0.0593,0.166
4624,4.624,-0.0014,0.0014,-0.0002,0.001,0.0926,0.2313
4625,4.625,-0.0019,-0.0027,-0,0.0036,0.1226,0.2901
4626,4.626,-0.0044,0.0009,-0.0007,-0.0033,0.0959,0.2381
4627,4.627,0.0017,0.0013,-0.0008,-0.0023,0.1206,0.1905
4628,4.628,-0.0025,0.0001,0.0006,-0.0032,0.3671,0.6712
4629,4.629,0.0027,-0.0009,-0.0015,-0.0006,0.2688,0.8636
4630,4.63,-0.0008,0.0037,0.0002,0.0046,0.0598,0.3402
4631,4.631,-0.0002,-0.0046,0.0014,0.0067,-0.0763,-0.1533
4632,4.632,-0.0042,-0.0036,0.0035,0.0036,-0.1014,-0.2185
4633,4.633,0.0016,-0.0005,-0.0004,0.0008,-0.124,-0.2773
4634,4.634,0.0009,0.0041,-0.0056,-0.0018,-0.1039,-0.225
4635,4.635,0.0003,-0.0019,-0.0036,-0.0014,-0.0856,-0.1771
4636,4.636,-0.0014,0.0034,0.0006,0.0033,-0.3044,-0.3954
4637,4.637,0.0004,0.0041,0.0023,-0.0009,-0.3343,-0.9115
4638,4.638,-0.0032,0.0024,0.0008,-0.0037,-0.1445,-0.5598
4639,4.639,-0.0028,-0.0016,-0.0003,-0.0042,0.078,0.0173
4640,4.64,-0.0016,0.002,0,-0.0012,0.1084,0.2511
4641,4.641,0.0003,-0.0022,-0.001,-0.004,0.1358,0.1821
4642,4.642,0.002,-0.0005,0,0.0018,0.1115,0.2468
4643,4.643,-0.001,-0.001,0.0017,0.0011,0.0893,0.3054
4644,4.644,-0.0013,0.0012,-0.0008,0.0063,0.191,0.253
4645,4.645,-0.003,-0.0008,0.0038,-0.0014,0.3947,0.7817
4646,4.646,0.0001,0.0043,-0.0031,-0.0086,0.2051,0.712
4647,4.647,0.0005,0.0008,-0.0023,-0.0059,-0.0174,0.1356
4648,4.648,0.0051,-0.0023,-0.0048,-0.0016,-0.1074,-0.2527
4649,4.649,-0.0007,-0.0005,0.0004,-0.0023,-0.0809,-0.1836
4650,4.65,0.0063,-0.0031,0.004,-0.0002,-0.1059,-0.2482
4651,4.651,0.0017,-0.0009,0.0009,0.0041,-0.1285,-0.3068
4652,4.652,0.0026,-0.0037,-0.0007,0.0013,-0.1084,-0.1488
4653,4.653,0.0004,-0.0012,-0.0002,0.0071,-0.3862,-0.6773
4654,4.654,0.0011,-0.0002,-0.0045,0.0049,-0.2675,-0.8885
4655,4.655,-0.0019,0.0036,-0.0016,0.007,-0.0869,-0.3126
4656,4.656,-0.0048,-0.0006,0.0031,0.0013,0.0778,0.0758
4657,4.657,-0.0022,0.0034,0.0026,-0.0071,0.1081,0.1475
4658,4.658,0.0047,0.0029,0.0009,-0.0061,0.1354,0.2121
4659,4.659,0.0037,0.0008,0.0025,-0.003,0.111,0.2706
4660,4.66,0.001,-0.0012,0.0021,-0.0002,0.0888,0.218
4661,4.661,-0.0015,0.0014,0.0033,0.0007,0.2719,0.4582
4662,4.662,-0.0009,0.0024,0.0014,0.0014,0.3458,0.8514
4663,4.663,-0.0002,0.0014,-0.0003,0.0035,0.1438,0.4817
4664,4.664,0.0039,0.0026,0.0001,0.0032,-0.055,0.0008
4665,4.665,0.0009,-0.0016,-0.0043,0.0062,-0.0827,-0.2412
4666,4.666,0.0014,0.0042,0.0021,-0.0002,-0.1077,-0.1986
4667,4.667,-0.0022,-0.0011,-0.0005,-0.0044,-0.1303,-0.2392
4668,4.668,-0.0019,-0.0004,-0.0027,-0.0022,-0.1103,-0.276
4669,4.669,0.0002,-0.0046,0.0009,-0.0001,-0.1659,-0.2437
4670,4.67,0.0037,-0.0029,0.0004,-0.0031,-0.3849,-0.6914
4671,4.671,-0.0024,-0.0064,-0.0002,-0.0014,-0.2359,-0.6281
4672,4.672,0.0018,0.0005,0.0046,-0.0019,0.0085,-0.1044
4673,4.673,0.0011,0.0015,-0.0049,-0.0031,0.1075,0.2486
4674,4.674,-0.0009,0.0061,-0.0118,-0.0011,0.0781,0.1855
4675,4.675,0.0021,0.0002,-0.0107,0.0015,0.1054,0.244
4676,4.676,-0.0008,0.0039,-0.0051,-0.0009,0.1301,0.2971
4677,4.677,-0.0033,0.0019,-0.0081,0.0015,0.1078,0.153
4678,4.678,-0.0084,-0.0011,-0.0017,0.0013,0.3723,0.6333
4679,4.679,-0.0078,0.0017,0.0008,-0.0026,0.2643,0.8253
4680,4.68,-0.0061,0.0033,0.0015,0.0038,0.0997,0.3015
4681,4.681,-0.0021,-0.001,0.0008,0.003,-0.1096,-0.0518
4682,4.682,-0.0005,-0.0039,0.0013,0.0023,-0.0831,-0.2454
4683,4.683,-0.0017,-0.0044,0.0066,0.0016,-0.108,-0.3044
4684,4.684,-0.0029,-0.0014,0.0072,0.0033,-0.1306,-0.3581
4685,4.685,-0.0033,-0.0017,-0.0022,-0.0008,-0.1105,-0.3105
4686,4.686,0.0019,0.0008,0.0047,0.0007,-0.2773,-0.4419
4687,4.687,0.0012,0.0005,0.001,0.0019,-0.3895,-0.879
4688,4.688,0.0048,-0.004,0.0042,-0.0045,-0.1248,-0.4727
4689,4.689,-0.0022,-0.0057,0.0032,-0.0149,0.0562,0.004
4690,4.69,0.0024,-0.0022,-0.0014,-0.019,0.0896,0.1971
4691,4.691,0.0015,-0.0018,0.0046,-0.0102,0.1197,0.2559
4692,4.692,0.0022,0.0046,0.0008,0.0001,0.147,0.3091
4693,4.693,0.0042,-0,-0.0012,-0.0012,0.1226,0.2613
4694,4.694,-0.0016,-0.0009,0.003,0.005,0.1898,0.305
4695,4.695,-0.0009,-0.0016,0.0047,0.006,0.4137,0.8211
4696,4.696,-0.0059,0.0033,-0.001,0.007,0.2051,0.6104
4697,4.697,-0.0001,-0.001,-0.0032,0.0024,0.0148,0.1616
4698,4.698,-0.0008,0.0042,0.0003,-0.0019,-0.0597,-0.1305
4699,4.699,-0.0029,0.0048,-0.0014,-0.0013,-0.0825,-0.1846
4700,4.7,0.0001,-0.0021,0.0004,-0.0048,-0.1436,-0.2333
4701,4.701,0.0018,-0.003,0.0009,-0.0044,-0.1254,-0.2777
4702,4.702,0.0023,-0.0056,0.0031,-0.0027,-0.1423,-0.2385
4703,4.703,0.0035,0.0028,0.001,-0.0002,-0.3719,-0.6354
4704,4.704,0.0046,-0.0004,0.0014,0.0028,-0.2736,-0.7942
4705,4.705,0.0036,0.0006,-0.0018,0.0057,-0.0646,-0.3614
4706,4.706,0.0019,-0.0079,0.0011,0.0092,0.0716,0.1633
4707,4.707,-0.0012,-0.0135,0.0014,0.0022,0.0967,0.235
4708,4.708,0.0006,-0.0126,-0.0009,-0.003,0.1194,0.2998
4709,4.709,0.0003,-0.0117,0.0021,-0.0022,0.1399,0.2424
4710,4.71,0.0019,-0.004,-0.0004,0.002,0.0846,0.1902
4711,4.711,-0.0011,0.0012,-0.0001,0.0026,0.3034,0.4308
4712,4.712,0.0009,0.002,-0.0018,0.0046,0.3334,0.9116
4713,4.713,-0.0017,0.0079,0.0013,0.0016,0.0892,0.4642
4714,4.714,-0.0007,0.0026,0.0001,0.001,-0.0755,-0.06
4715,4.715,0.0017,0.0046,-0.0034,-0.0015,-0.1058,-0.1315
4716,4.716,-0.0002,0.0029,-0.0004,-0.0012,-0.079,-0.1963
4717,4.717,0.0022,0.0024,-0.0043,-0.0033,-0.1038,-0.2547
4718,4.718,0.0025,0.0039,0.0005,0.0024,-0.0816,-0.2022
4719,4.719,0.0023,0.005,0.001,0.0015,-0.1832,-0.2502
4720,4.72,0.0006,0.0053,0.0005,0.0037,-0.3869,-0.818
4721,4.721,0.0004,0.0028,-0.001,0.0016,-0.1972,-0.7407
4722,4.722,0.0028,0.0031,0.0012,0.0021,-0.0241,-0.1064
4723,4.723,0.0004,0.0034,-0.0008,0.0004,0.0888,0.1508
4724,4.724,-0.0026,-0.0003,-0.0027,-0.0022,0.1096,0.2295
4725,4.725,-0.0006,0.0002,-0.0037,-0.001,0.1284,0.3007
4726,4.726,0.0013,0.0024,-0.0054,0.0019,0.112,0.2378
4727,4.727,0.0023,0.0052,-0.0011,-0.0006,0.1275,0.1806
4728,4.728,0.0006,0.001,0.0019,-0.0023,0.3362,0.6564
4729,4.729,0.0005,0.0015,-0.001,0.0008,0.3068,0.8489
4730,4.73,-0.0029,0.003,0.0016,0.0066,0.0625,0.3257
4731,4.731,-0.0059,0.0042,-0.0014,0.0058,-0.1022,-0.1676
4732,4.732,-0.0003,0.0013,-0.0018,-0.0011,-0.0728,-0.2325
4733,4.733,-0.0025,0.0024,-0.0028,-0.0038,-0.1001,-0.291
4734,4.734,-0.0004,0.0034,-0.001,-0.0029,-0.1248,-0.2385
4735,4.735,-0.0009,0.0038,0.0007,-0.0036,-0.0576,-0.1905
4736,4.736,0.0008,-0.0004,0.0005,-0.0016,-0.2814,-0.4086
4737,4.737,0.0023,0.0001,0.0017,0.0001,-0.3707,-0.9246
4738,4.738,-0.0019,0.0018,-0.0005,-0.0003,-0.1264,-0.4322
4739,4.739,-0.0013,0.0003,-0.0003,-0.0018,0.0387,0.0172
4740,4.74,-0.0028,-0.0027,0.0026,0.0004,0.0692,0.1935
4741,4.741,0.0003,-0.0015,0.0016,-0.0025,0.0968,0.2477
4742,4.742,-0.0017,-0.0041,0.0019,0.0026,0.1217,0.2969
4743,4.743,0.0025,-0.0023,0.0023,0.0034,0.0997,0.2543
4744,4.744,-0.0003,0.0027,0.0016,0.0039,0.2016,0.2945
4745,4.745,0.0044,-0.0021,0.0004,0.0057,0.4055,0.8363
4746,4.746,0.0028,0.0048,-0.0018,0.0072,0.216,0.6049
4747,4.747,0.0023,0.004,-0.0004,0.0042,-0.0063,0.1122
4748,4.748,-0.0002,-0.0019,-0.0043,0.0039,-0.0962,-0.2088
4749,4.749,0.0028,0.0003,0.0022,-0.0011,-0.1236,-0.1515
4750,4.75,0.0017,-0.0004,0.0013,0.0025,-0.0993,-0.3103
4751,4.751,0.002,0.0013,0.0051,-0.0033,-0.1218,-0.2626
4752,4.752,0.0017,-0.0027,0.003,-0.0026,-0.1016,-0.2191
4753,4.753,0,-0.0052,-0.0027,0.001,-0.3423,-0.6555
4754,4.754,0.0002,-0.004,-0.002,-0.002,-0.3096,-0.8299
4755,4.755,0.0014,-0.002,-0.0014,-0.0015,-0.0407,-0.3536
4756,4.756,-0.0002,0.0023,0.0003,-0.003,0.0682,0.0958
4757,4.757,-0.0034,-0.0018,0.0032,0.0021,0.1016,0.2718
4758,4.758,0.0008,0.003,-0.0016,-0.0043,0.1317,0.2202
4759,4.759,0.0025,0.0035,-0.001,-0.0018,0.1049,0.269
4760,4.76,0.001,-0.0053,0.003,-0.0025,0.0805,0.2258
4761,4.761,-0.0021,-0.0041,-0.0038,0.0011,0.2822,0.4245
4762,4.762,-0.0041,-0.003,0.0027,0.0042,0.3636,0.894
4763,4.763,-0.0016,-0.002,-0.0051,0.0013,0.1416,0.4466
4764,4.764,-0.0005,-0.0011,0.0001,-0.0002,-0.0677,0.0386
4765,4.765,0.0017,-0.0013,-0.0016,0.0004,-0.0895,-0.1737
4766,4.766,0.0027,-0.0004,-0.0008,0.0074,-0.117,-0.2274
4767,4.767,-0.001,0.0003,0.0001,0.0043,-0.1418,-0.2759
4768,4.768,-0.0026,0.0023,0.0038,0.0051,-0.1197,-0.2328
4769,4.769,-0.0022,0.004,0.0017,0.0025,-0.1807,-0.2725
4770,4.77,0.0017,-0,0.0034,0.0062,-0.4216,-0.8137
4771,4.771,-0.0031,-0.0078,0.0005,-0.0016,-0.2576,-0.7368
4772,4.772,-0.0014,-0.0068,0.001,-0.0089,0.0115,-0.103
4773,4.773,-0.0031,-0.0015,0.0032,-0.0025,0.1201,0.1538
4774,4.774,0.0016,0.0012,-0.0024,-0.0154,0.0877,0.0775
4775,4.775,-0.0053,-0.0014,-0.0003,-0.021,0.1176,0.1484
4776,4.776,-0.0026,-0.0007,0.0004,-0.016,0.0906,0.3407
4777,4.777,-0.0018,-0.0027,-0.0013,-0.0114,0.1152,0.2828
4778,4.778,-0.0025,-0.0044,-0.0008,-0.0101,0.3616,0.6523
4779,4.779,-0.0089,-0.0027,0.0007,-0.0114,0.3288,0.7967
4780,4.78,-0.0047,0.003,-0.0015,-0.0082,0.0597,0.3157
4781,4.781,-0.001,-0.0085,-0.0019,-0.001,-0.0493,-0.1336
4782,4.782,-0.0018,-0.0102,-0.0029,0.0017,-0.0829,-0.1933
4783,4.783,-0.0023,-0.0057,0.0003,0.0059,-0.1131,-0.247
4784,4.784,0.0018,-0.0016,-0.0036,0.011,-0.1406,-0.2959
4785,4.785,-0.0018,-0.0004,-0.0001,0.0074,-0.1164,-0.1655
4786,4.786,0.0024,0.0028,0.0011,0.0004,-0.3182,-0.3643
4787,4.787,-0.0005,0.0038,0.0007,0.0031,-0.3998,-0.9058
4788,4.788,0.001,0.0029,-0.005,0.0056,-0.1288,-0.5193
4789,4.789,0.0032,0.0088,-0.0042,0.0049,0.052,-0.0259
4790,4.79,0.002,0.0081,0.0027,-0.0058,0.0853,0.1673
4791,4.791,0.0001,0.0061,-0.0019,-0.0135,0.1152,0.2261
4792,4.792,-0.0002,0.0091,0.0023,-0.0066,0.1424,0.2794
4793,4.793,0.0021,0.0038,0.0001,-0.0004,0.1178,0.2317
4794,4.794,0.0028,0.0045,-0.0048,-0.0037,0.1848,0.2754
4795,4.795,0.001,0.0014,-0.009,0.0035,0.4086,0.7915
4796,4.796,0.0032,0.0031,-0.0108,0.0081,0.1998,0.7215
4797,4.797,0.0034,0.0016,-0.0082,0.0106,0.0094,0.1448
4798,4.798,0.0005,-0.0006,-0.0013,0.0112,-0.0652,-0.0892
4799,4.799,0.0023,0.0006,0.0017,0.0091,-0.0881,-0.1608
4800,4.8,0.0047,0.0031,0.0044,-0.0004,-0.1089,-0.2254
4801,4.801,0.0016,0.0027,0.0069,0.0036,-0.1277,-0.2842
4802,4.802,0.0006,0.0024,0.0032,0.0073,-0.1113,-0.2319
4803,4.803,0.0009,-0.0002,0.0052,0.0041,-0.341,-0.6645
4804,4.804,-0.0001,-0.0019,0.0021,0.005,-0.3085,-0.8393
4805,4.805,0.0005,-0.0016,0.005,-0.0014,-0.0997,-0.3634
4806,4.806,0.0012,-0.0002,0.0014,0.0011,0.0905,0.0857
4807,4.807,0.0029,-0.0009,0.0002,0.0032,0.1155,0.2613
4808,4.808,-0.0004,-0.0046,0.0014,0.0039,0.138,0.3149
4809,4.809,-0,-0.0031,-0.0011,-0.0044,0.1178,0.2675
4810,4.81,-0.0004,-0.002,0.0012,-0.0054,0.0623,0.2243
4811,4.811,0.0031,0.0001,0.0036,-0.0024,0.281,0.4229
4812,4.812,-0.0038,0.0004,0.0073,0.0003,0.3703,0.8923
4813,4.813,-0.0008,0.0007,-0.0005,0.0011,0.1261,0.4449
4814,4.814,-0.0016,-0.0017,0.0027,0.0048,-0.0388,0.0369
4815,4.815,0.0009,0.0008,-0.0025,0.0028,-0.0693,-0.2286
4816,4.816,0.0016,0.0005,0.0039,0.0045,-0.0968,-0.1815
4817,4.817,-0.0005,-0.0039,0.0048,0.005,-0.1216,-0.313
4818,4.818,-0.001,-0.0022,0.007,0.0045,-0.0996,-0.2738
4819,4.819,0.0019,-0.0037,0.002,-0.0025,-0.2013,-0.2379
4820,4.82,0.0014,0.0013,0.0037,0.0006,-0.4051,-0.7302
4821,4.821,-0.0008,0.002,-0.0015,0.0052,-0.2155,-0.6602
4822,4.822,0.0012,-0.0022,-0.0008,0.001,0.0068,-0.0836
4823,4.823,-0.0024,-0.0039,-0.0025,0.0016,0.0969,0.1504
4824,4.824,-0.0002,0.0008,0.0028,-0.0019,0.1244,0.222
4825,4.825,-0.0022,-0.0022,-0.0021,-0.0049,0.1002,0.2867
4826,4.826,-0.0025,0.0018,-0.0026,-0.0021,0.1228,0.3455
4827,4.827,0.0007,-0.0029,0.0014,-0.0025,0.1027,0.188
4828,4.828,0.0027,0.0001,-0.0021,-0.0003,0.3806,0.6208
4829,4.829,0.0017,0.0006,-0.0043,0.0026,0.3413,0.7957
4830,4.83,0.002,0.0021,0.0005,0.0001,0.0887,0.32
4831,4.831,-0.003,0.001,-0.0052,-0.0008,-0.076,-0.129
4832,4.832,-0.001,0.0013,-0.0045,0.0009,-0.1062,-0.1882
4833,4.833,-0.0027,-0.0006,-0.0052,-0.0032,-0.1334,-0.2415
4834,4.834,0.0014,-0.0016,-0.0009,-0.0015,-0.1091,-0.29
4835,4.835,-0.0021,-0.0033,0.0008,-0.0031,-0.0868,-0.2465
4836,4.836,0.0009,-0.0019,0.0003,-0.0055,-0.2699,-0.3654
4837,4.837,0.0013,-0.0012,0.0034,-0.0024,-0.3931,-0.9065
4838,4.838,0.0003,0.0015,0.0022,-0.0003,-0.1463,-0.5195
4839,4.839,-0.0021,-0.0008,-0.0028,-0.0012,0.0187,-0.0259
4840,4.84,-0.0044,-0.0018,0.0021,0.002,0.1088,0.1678
4841,4.841,-0.0002,-0.0043,0.0005,0.0033,0.1365,0.2269
4842,4.842,0.0029,0.0009,-0.0012,0.0008,0.1123,0.2806
4843,4.843,0,0.0003,0.0024,0.0005,0.0904,0.2332
4844,4.844,-0.0025,0.0039,0.0003,-0.0045,0.1923,0.2772
4845,4.845,-0.0013,-0.0019,-0,-0.0051,0.3962,0.7937
4846,4.846,-0.0009,-0.0011,0.001,-0.0055,0.2069,0.7241
4847,4.847,-0.0019,0.0024,0.0014,-0.0026,-0.0154,0.1479
4848,4.848,0.0021,0.0008,-0.0009,-0.001,-0.1052,-0.2404
4849,4.849,0.0006,-0.0009,0.0005,0.0013,-0.0784,-0.1713
4850,4.85,0.0009,0.0027,-0.0007,0.001,-0.1031,-0.2359
4851,4.851,0.0022,0.0031,0.0006,0.0029,-0.1255,-0.2944
4852,4.852,0.0018,0.0052,-0.0026,0.0005,-0.1052,-0.1365
4853,4.853,-0.0005,0.0016,-0.0038,0.0023,-0.3458,-0.665
4854,4.854,-0.0022,-0.0014,0.001,-0.0019,-0.3131,-0.8763
4855,4.855,-0.0028,0.0051,-0.0006,-0.0013,-0.1039,-0.3004
4856,4.856,-0.0021,0.0024,0.0011,0.0016,0.0866,0.0881
4857,4.857,0.0016,0.0033,0.0016,0.0001,0.1118,0.1596
4858,4.858,0.0011,-0.0004,0.0004,0.0013,0.1346,0.2244
4859,4.859,-0,0.0045,-0.0016,0.0001,0.1146,0.2831
4860,4.86,-0.0003,0.0015,0.0003,0.0026,0.0964,0.2307
4861,4.861,-0.0013,0.0032,-0.0007,0.0009,0.2816,0.3749
4862,4.862,0.001,0.0027,0.0017,0.0047,0.3556,0.8555
4863,4.863,0.0048,0.0024,0.0024,0.0017,0.1538,0.5358
4864,4.864,-0.0021,-0.0005,0.003,0.0013,-0.0364,0.0113
4865,4.865,0.0031,-0.0023,0.0014,-0.0012,-0.1108,-0.2012
4866,4.866,0.003,0.0018,0.0008,0.0052,-0.1114,-0.2226
4867,4.867,0.0038,-0.0005,0.001,0.0036,-0.134,-0.2873
4868,4.868,0.003,-0.0015,0.0008,0.0005,-0.1138,-0.2299
4869,4.869,0.0008,-0.0022,-0.0019,-0.0052,-0.1694,-0.2832
4870,4.87,0.0028,-0.002,-0.0044,0.0007,-0.3882,-0.8119
4871,4.871,0.0033,0.0012,0.0001,-0.0015,-0.2392,-0.7423
4872,4.872,0.0016,0.0025,0.0006,0.0005,0.0054,-0.166
4873,4.873,-0.0009,-0.0017,0.0011,0.0022,0.1045,0.2223
4874,4.874,0.0003,0.0012,-0.0025,0.0017,0.0753,0.1531
4875,4.875,0.0023,0.0037,-0.0003,-0.0019,0.1026,0.2174
4876,4.876,0.0027,0.0034,-0.0059,-0.0023,0.0783,0.2758
4877,4.877,-0.0026,0.0054,-0.0022,-0.0026,0.1008,0.2232
4878,4.878,-0.0004,-0.0003,0.0013,-0.0016,0.3246,0.6554
4879,4.879,-0.0024,-0.0028,-0.0029,-0.0033,0.295,0.8298
4880,4.88,-0.0019,-0.0006,-0.0024,-0.0044,0.0506,0.3536
4881,4.881,0.0033,-0.0041,-0.003,-0.0051,-0.0486,-0.0959
4882,4.882,-0.0003,-0.0046,-0.0018,-0.0012,-0.079,-0.1557
4883,4.883,-0.002,0.0006,0.0002,-0.0088,-0.1065,-0.2097
4884,4.884,-0.0037,-0.0029,-0.0002,-0.0141,-0.1313,-0.2586
4885,4.885,-0.0011,0.0013,-0.0013,-0.0168,-0.1092,-0.2157
4886,4.886,0,-0.004,-0.003,-0.004,-0.2516,-0.4145
4887,4.887,-0.0064,-0.0033,-0.0017,-0.0022,-0.3815,-0.8841
4888,4.888,-0,-0.0016,-0.0056,0.0062,-0.1627,-0.5648
4889,4.889,-0.0026,-0.0045,-0.0097,-0.0014,0.0466,0.0756
4890,4.89,-0.0019,-0.002,-0.0019,0.0055,0.1284,0.1621
4891,4.891,-0.004,-0.0089,-0.0009,0.0018,0.1043,0.2402
4892,4.892,-0.0035,-0.0162,0.0001,0.0095,0.1268,0.3108
4893,4.893,-0.0111,-0.0059,-0.0027,0.0023,0.1066,0.2471
4894,4.894,-0.0101,-0.0073,0.0032,-0.0005,0.1621,0.1892
4895,4.895,-0.0074,-0.0036,0.001,0.0037,0.4146,0.7702
4896,4.896,-0.0066,-0.0068,0.0045,0.0044,0.2343,0.6931
4897,4.897,0.0003,-0.0121,0.0028,0.0037,0.0039,0.2
4898,4.898,0.0011,-0.0036,0.0044,0.0042,-0.0862,-0.1216
4899,4.899,-0.0031,-0.0004,-0.0003,0.0024,-0.1138,-0.181
4900,4.9,0.0038,0.0026,0.0013,0.0009,-0.0895,-0.2344
4901,4.901,-0.0008,0.0053,0.0018,-0.0033,-0.1121,-0.2831
4902,4.902,0.0034,0.0044,0.0003,-0.0017,-0.092,-0.1527
4903,4.903,0.0056,0.0081,0.0014,-0.0032,-0.3698,-0.5894
4904,4.904,0.0035,0.0074,0.0078,0.0029,-0.3304,-0.8804
4905,4.905,0.003,0.0032,0.0032,0.0054,-0.0776,-0.2991
4906,4.906,0.0012,0.006,0.0023,0.0047,0.0872,0.0894
4907,4.907,-0.0023,0.0055,0.003,0.0067,0.1176,0.1609
4908,4.908,0.0007,0.0032,0.0023,0.0097,0.1449,0.2256
4909,4.909,-0.0014,0.0052,-0.002,0.0021,0.1207,0.2843
4910,4.91,0.0037,0.0094,-0.0025,-0.0094,0.0985,0.2319
4911,4.911,0.0072,0.0042,-0.004,-0.0018,0.2818,0.3762
4912,4.912,-0.0023,-0.0065,0.0029,0.0022,0.3557,0.8569
4913,4.913,0.0017,-0.002,-0.0002,0.0034,0.1538,0.5373
4914,4.914,0.0029,0.002,0.0025,0.0002,-0.0365,0.013
4915,4.915,0.0039,-0.0017,-0.0017,-0.0051,-0.0617,-0.1993
4916,4.916,0.0029,0.0014,0.0005,-0.0024,-0.1292,-0.2642
4917,4.917,0.0001,0.0045,-0.0002,0.0036,-0.1092,-0.2068
4918,4.918,0.006,-0.0001,0.0067,-0.0002,-0.091,-0.26
4919,4.919,0.0008,-0.001,0.0003,0.0005,-0.1751,-0.2121
4920,4.92,0.0014,0.0011,0.0011,0.001,-0.4047,-0.7801
4921,4.921,-0.0017,-0.0009,0.0018,0.0015,-0.2407,-0.7031
4922,4.922,0.0036,-0.0014,0.0025,0.004,-0.0315,-0.2101
4923,4.923,0.0042,-0.001,-0.0006,-0.0002,0.1047,0.2393
4924,4.924,-0.0041,0.0005,-0,-0.0031,0.0807,0.1826
4925,4.925,-0.0031,0.0009,-0.0016,-0.0026,0.1033,0.236
4926,4.926,0.0021,-0.0031,0.0006,-0.0022,0.1239,0.2847
4927,4.927,0.003,0.0017,0.0003,-0.0019,0.1056,0.1542
4928,4.928,0.0004,0.0074,0.0007,-0,0.358,0.591
4929,4.929,0.0026,0.0004,0.0017,0.0052,0.3222,0.882
4930,4.93,0.0006,0.0031,-0.0013,-0,0.0921,0.4063
4931,4.931,0.0011,0.0006,0.0013,0.0035,-0.0576,-0.0428
4932,4.932,-0.0006,-0.0001,0.0037,0.0005,-0.0851,-0.2183
4933,4.933,-0.0021,0.0019,-0.0014,-0,-0.1098,-0.2716
4934,4.934,-0.0018,0.0036,0.0036,0.0015,-0.1323,-0.3199
4935,4.935,0.003,-0.0005,-0.0033,-0.0035,-0.0715,-0.1891
4936,4.936,0.0013,0.0021,-0.0025,-0.0015,-0.2752,-0.3877
4937,4.937,-0.0004,0.0024,-0.0016,-0.001,-0.4107,-0.9291
4938,4.938,-0.0029,-0.0005,0.0007,-0.0005,-0.1887,-0.5422
4939,4.939,0.0002,0.0014,0.0014,-0.004,0.0206,-0.0486
4940,4.94,0.0031,-0.0025,-0.0044,-0.0043,0.1025,0.2729
4941,4.941,0.0034,-0.005,0.0026,-0.0013,0.1274,0.216
4942,4.942,-0.0018,-0.0019,-0.0019,-0.0016,0.1054,0.2696
4943,4.943,-0.0011,0.0001,-0.001,-0.0026,0.0853,0.2222
4944,4.944,-0.0031,-0.0009,0.0027,0.0012,0.1779,0.2662
4945,4.945,0.0027,-0.0005,-0.0022,-0.0018,0.3966,0.7825
4946,4.946,-0.0042,-0.0022,-0.0026,0.0038,0.2476,0.7127
4947,4.947,0.0004,-0.0019,-0.0031,0.0032,0.003,0.1364
4948,4.948,-0.0021,-0.0007,-0.0005,-0.0017,-0.0961,-0.2519
4949,4.949,-0.0042,-0.0044,-0.0017,0,-0.1264,-0.1829
4950,4.95,-0.0035,-0.0028,-0.0072,0.0029,-0.0996,-0.2474
4951,4.951,0.0023,-0.0016,0.0043,0.0014,-0.1245,-0.3059
4952,4.952,0.0002,0.0023,0.0026,0.0045,-0.1023,-0.1478
4953,4.953,-0.0033,0.0029,0.0042,0.0006,-0.367,-0.5803
4954,4.954,0.0037,-0.0013,0.0028,0.0021,-0.3312,-0.8711
4955,4.955,-0.0027,0.0052,-0.0009,-0.0001,-0.1012,-0.2897
4956,4.956,0.0016,0.001,0.0002,-0.0021,0.1079,0.0987
4957,4.957,-0.0021,-0.0043,0.0012,-0.0031,0.0814,0.1703
4958,4.958,0.0029,-0.0007,-0.0015,-0.0048,0.1061,0.2349
4959,4.959,0.0034,-0.0012,0.0027,-0.0031,0.1286,0.2934
4960,4.96,0.0006,-0.0007,0.0005,-0.0006,0.1083,0.2409
4961,4.961,0.0022,0.0019,-0.0015,-0.0023,0.2748,0.3852
4962,4.962,0,0.0031,0.0002,0.0008,0.3869,0.8658
4963,4.963,0.0021,0.0002,-0.0027,-0.0003,0.1628,0.546
4964,4.964,-0.003,0.0012,-0.0032,0.0008,-0.0466,0.0216
4965,4.965,0.002,0.0002,-0.002,-0.0043,-0.0745,-0.1909
4966,4.966,0.0051,-0.0001,0.0008,0.0021,-0.0996,-0.2559
4967,4.967,0.0032,0.0004,-0.0002,0.0056,-0.1227,-0.2585
4968,4.968,0.0038,0.0011,-0.0021,0.0031,-0.1007,-0.2011
4969,4.969,0.0002,0.0004,-0.0018,0.0024,-0.1618,-0.2544
4970,4.97,0.0014,-0.0003,0.0006,0.003,-0.4028,-0.7832
4971,4.971,0.0003,-0.0016,-0.0037,-0.0001,-0.239,-0.7136
4972,4.972,0.0006,0.0011,-0.002,0.0004,-0.03,-0.1374
4973,4.973,-0.0039,-0.0006,0.0009,0.0051,0.106,0.2508
4974,4.974,-0.0022,0.0004,0.0003,-0.0032,0.0818,0.1816
4975,4.975,0.0018,0.0005,-0,-0.0022,0.1042,0.246
4976,4.976,-0.0049,-0.0012,-0.0057,-0.0012,0.1246,0.3044
4977,4.977,-0.0041,0.0026,-0.0094,0.0033,0.1061,0.1462
4978,4.978,-0.0033,-0.001,-0.0074,-0.0045,0.3583,0.5783
4979,4.979,-0.0055,-0.0007,-0.0044,-0.0015,0.3223,0.869
4980,4.98,-0.0019,-0.0036,0.002,0.005,0.0264,0.2874
4981,4.981,-0.0036,-0.0017,-0.0039,0.0024,-0.0935,-0.2561
4982,4.982,-0.0019,-0.0028,0.003,0.0002,-0.1303,-0.328
4983,4.983,0.0006,-0.0024,0.0021,-0.0019,-0.0979,-0.2653
4984,4.984,-0.0025,-0.0011,0.0063,0.0023,-0.1281,-0.2082
4985,4.985,-0.0021,0.0028,-0.0007,-0.0018,-0.1014,-0.1561
4986,4.986,-0.0011,0.0032,0.002,0.0029,-0.274,-0.3966
4987,4.987,0.0012,-0.0015,0.0028,-0.0013,-0.3864,-0.8776
4988,4.988,0.0002,-0.0021,0.0006,-0.0078,-0.1218,-0.5583
4989,4.989,0.0008,-0.0038,0.0026,-0.019,0.059,-0.0341
4990,4.99,-0.0031,-0.0043,0.0031,-0.0175,0.0924,0.1781
4991,4.991,-0.0002,-0.0032,0.0002,-0.0162,0.1225,0.243
4992,4.992,-0.0007,0.0007,0.0027,-0.0049,0.1497,0.3013
4993,4.993,0.0035,-0.0041,-0.0004,-0.0034,0.1252,0.2489
4994,4.994,-0.0006,-0.0136,-0.0001,-0.002,0.1923,0.297
4995,4.995,0.0009,-0.015,-0.0005,-0.0009,0.4161,0.7773
4996,4.996,-0.0034,0.0014,-0.0022,0.0023,0.2075,0.7135
4997,4.997,-0.0005,-0.0008,-0.0019,0.0053,0.0172,0.1893
4998,4.998,0.003,0.0052,-0.0013,0.0045,-0.1068,-0.164
4999,4.999,-0.0021,0.0034,-0.0006,0.0087,-0.085,-0.2294
5000,5,-0.0057,0.005,0,0.0093,-0.1057,-0.2883
5001,5.001,-0.0074,0.0035,0.0013,0.01,-0.1244,-0.2363
5002,5.002,-0.0057,0.0021,0.0043,0.0083,-0.1078,-0.1888
5003,5.003,-0.0022,0.0033,0.0023,0.0111,-0.3374,-0.5821
5004,5.004,0.0008,0.0065,0.0041,0.0116,-0.3048,-0.8466
5005,5.005,0.0011,0.0034,-0.0011,0.0046,-0.0958,-0.318
5006,5.006,0.0047,0.0061,0.001,0.0036,0.0945,0.1756
5007,5.007,-0.0014,0.0018,0.0003,-0.0086,0.0706,0.2409
5008,5.008,0.0011,0.004,0.006,-0.0069,0.1382,0.2996
5009,5.009,-0.0027,0.0075,0.0008,-0.0024,0.1182,0.2474
5010,5.01,0.0037,0.0006,0.0014,-0.0037,0.0629,0.1997
5011,5.011,0.0046,0.0033,-0.0016,-0,0.2481,0.4182
5012,5.012,0.0052,0.0007,0.0012,0.001,0.3715,0.8549
5013,5.013,0.0045,0.0001,-0.0014,0.004,0.1698,0.5645
5014,5.014,0.0014,-0.0049,0.0028,0.0067,-0.0204,-0.018
5015,5.015,-0.0003,-0.0044,-0.0012,0.0042,-0.0947,-0.2517
5016,5.016,0.0012,-0.0015,0.0023,0.0035,-0.1173,-0.1827
5017,5.017,0,0.002,0.0001,0.0028,-0.1377,-0.2474
5018,5.018,0.0056,0.0032,0.0021,0.0033,-0.0822,-0.1899
5019,5.019,0.0034,-0.0015,-0.0004,0.0004,-0.1663,-0.243
5020,5.02,0.0054,0.0002,-0.0028,-0.0011,-0.3958,-0.7716
5021,5.021,0.0036,0.0007,-0.0011,-0.0023,-0.2316,-0.7019
5022,5.022,0.0031,-0.0019,0.0026,-0.0011,-0.0223,-0.1255
5023,5.023,0.0016,0.0012,-0.0031,0.0008,0.114,0.1082
5024,5.024,-0.0007,-0.0027,0.0021,-0.0009,0.0902,0.1797
5025,5.025,0.0013,-0.0042,-0.0028,-0.0046,0.113,0.2443
5026,5.026,0.0023,0.0019,-0.0011,-0.0024,0.1337,0.3028
5027,5.027,-0.0016,-0.0007,-0.004,-0.0012,0.1156,0.1448
5028,5.028,0.002,-0.0029,-0.0004,-0.0015,0.3683,0.5772
5029,5.029,-0.0011,0.0007,-0.0026,-0.0005,0.3326,0.8681
5030,5.03,0.0018,0.0049,0.0021,0.0026,0.1027,0.3923
5031,5.031,-0.0033,0.0033,-0.0021,-0.001,-0.1064,-0.0569
5032,5.032,-0.0012,0.0007,-0.0038,-0.0031,-0.0797,-0.2326
5033,5.033,0.0018,0.002,-0.0012,-0.0019,-0.1043,-0.2864
5034,5.034,0.0002,0.0049,-0.0042,-0.0045,-0.1265,-0.3349
5035,5.035,-0.0014,0.0013,-0.0038,0.0001,-0.0654,-0.2042
5036,5.036,-0.001,0.0017,-0.0048,-0.0016,-0.2689,-0.4027
5037,5.037,0.001,0.0006,-0.0024,0.0001,-0.4043,-0.9441
5038,5.038,-0.0008,-0.0013,0.0013,-0.0024,-0.1822,-0.5572
5039,5.039,-0.0053,-0.0009,0.0025,-0.0012,0.0274,-0.0637
5040,5.04,-0.0023,-0.0005,0.0005,-0.004,0.1095,0.2577
5041,5.041,-0.0051,-0.003,0.0031,-0.0022,0.1346,0.2008
5042,5.042,-0.0026,-0.0006,0.0041,0.0018,0.1127,0.2543
5043,5.043,0.0017,-0.0043,0.0052,0.0013,0.0928,0.303
5044,5.044,-0.0012,0.0008,0.0046,0.0025,0.1856,0.2597
5045,5.045,0.0024,0.0028,0.0007,0.0006,0.4046,0.776
5046,5.046,-0.0019,-0.0002,0.006,0.0049,0.2558,0.7063
5047,5.047,-0.0023,0.0015,-0.0004,0.002,0.0114,0.13
5048,5.048,-0.0018,-0.002,0.0005,-0.0004,-0.0875,-0.1036
5049,5.049,0.0004,-0.0008,0.0028,-0.0026,-0.1176,-0.1751
5050,5.05,0.0033,-0.0019,0.0035,0.0022,-0.1448,-0.2398
5051,5.051,-0.0003,-0.0037,-0.0007,0.0018,-0.1203,-0.2984
5052,5.052,0.0009,-0.002,0.001,0.0014,-0.098,-0.2459
5053,5.053,-0.0003,0.0017,-0.0004,-0.0011,-0.3625,-0.5823
5054,5.054,-0.0006,-0.0013,0.0027,-0.0023,-0.3265,-0.8883
5055,5.055,-0.0002,0.0026,0.003,0.0017,-0.0962,-0.3717
5056,5.056,-0.0012,0.0011,-0.0011,-0.0041,0.0537,0.1222
5057,5.057,0.0007,0.0023,-0.0006,-0.0018,0.0815,0.1878
5058,5.058,-0.001,-0.0042,-0.0021,0.0046,0.1063,0.2466
5059,5.059,0.0022,-0.0033,-0.0008,0.0072,0.129,0.3
5060,5.06,-0.0017,-0.0024,0.0039,0.005,0.0683,0.2522
5061,5.061,0.0009,0.0028,-0.0018,0.003,0.2721,0.3832
5062,5.062,0.0039,0.0021,0.002,-0.0012,0.3536,0.8995
5063,5.063,0.0019,-0.0037,-0.0015,-0.0007,0.1811,0.5481
5064,5.064,0.0009,0.0016,0.0002,-0.0012,-0.0661,0.0992
5065,5.065,0.0005,-0.0005,-0.0026,-0.0034,-0.0995,-0.1929
5066,5.066,0.0008,0,-0.0041,0.0014,-0.1297,-0.2468
5067,5.067,0.0002,0.0017,-0.0011,0.0031,-0.1028,-0.2955
5068,5.068,0.0027,0.0001,-0.0002,0.0038,-0.0993,-0.2605
5069,5.069,0.0033,-0.0004,0.001,-0.0015,-0.1731,-0.217
5070,5.07,0.0011,0.0018,-0.0032,-0.0064,-0.3749,-0.8126
5071,5.071,0.003,-0.003,0.0009,-0.0047,-0.2395,-0.728
5072,5.072,0.0001,-0.0025,0.0045,-0.0043,-0.0172,-0.1855
5073,5.073,-0.005,-0.003,0.0003,-0.0048,0.0728,0.1676
5074,5.074,-0.0014,-0.0015,0.0032,-0.0036,0.1002,0.2328
5075,5.075,-0.0032,0.0006,-0.0004,0.0003,0.1249,0.2913
5076,5.076,-0.0003,0.0009,0.0008,0.0008,0.1027,0.2391
5077,5.077,-0.0071,-0.001,-0.002,0.0019,0.123,0.1915
5078,5.078,-0.0063,-0.0013,-0.001,0.0031,0.3636,0.5846
5079,5.079,-0.0037,0.0003,-0.002,0.0021,0.3308,0.8491
5080,5.08,-0.006,-0.0028,-0.003,-0.0032,0.0618,0.3203
5081,5.081,-0.0053,-0.0067,-0.0023,-0.001,-0.1194,-0.0328
5082,5.082,-0.0011,-0.0052,0.0005,0.0054,-0.153,-0.2261
5083,5.083,-0.0028,0.0009,-0.0014,0.0062,-0.1237,-0.2851
5084,5.084,-0.0023,-0.0017,0.001,0.0084,-0.0971,-0.233
5085,5.085,-0.0002,-0.0087,-0.0034,0.0006,-0.0729,-0.1855
5086,5.086,0.0002,-0.0096,-0.0029,0.0016,-0.23,-0.4039
5087,5.087,-0.0017,-0.0071,-0.0024,-0.0031,-0.3726,-0.9204
5088,5.088,0.0006,-0.0002,-0.0046,-0.0005,-0.169,-0.569
5089,5.089,0.0009,0.0044,0.001,-0.0075,0.0754,0.0079
5090,5.09,0.004,0.0018,-0.0043,-0.0067,0.1087,0.2416
5091,5.091,-0.0008,0.0011,0.0006,-0.0076,0.1387,0.1725
5092,5.092,0.005,0.006,-0.0025,-0.0054,0.1658,0.2372
5093,5.093,0.0027,0.0042,-0.0113,-0.0047,0.092,0.2959
5094,5.094,0.0048,0.0083,-0.0101,-0.0053,0.1591,0.2435
5095,5.095,0.0017,0.0015,-0.0023,-0.0024,0.3828,0.7721
5096,5.096,0.0034,0.0042,-0.0013,-0.0102,0.2337,0.7023
5097,5.097,-0.0014,-0.0001,0.0013,-0.0113,-0.011,0.2539
5098,5.098,-0.0009,0.0036,0.0072,-0.0103,-0.1104,-0.1544
5099,5.099,0.0067,-0.0013,0.002,-0.0039,-0.0813,-0.2084
5100,5.1,0.0015,0.0004,-0.003,-0.0014,-0.1089,-0.2571
5101,5.101,0.0006,0.0044,-0.0047,0.0023,-0.1338,-0.3013
5102,5.102,0.0014,0.0029,-0.0007,0.0087,-0.1118,-0.1828
5103,5.103,0.0008,0.0041,0.0008,0.0044,-0.3766,-0.652
5104,5.104,-0.0013,0.0061,0.002,-0.0026,-0.3409,-0.972
5105,5.105,-0.0008,0.0003,0.0031,-0.0018,-0.1109,-0.4487
5106,5.106,-0.0003,-0.0005,-0.0005,0.006,0.0983,0.1859
5107,5.107,0.0045,-0.0043,-0.0002,0.0007,0.1258,0.2724
5108,5.108,0.0002,0.0022,0.0018,0.0071,0.1015,0.3506
5109,5.109,-0.0003,0.0047,0.0021,0.0062,0.124,0.281
5110,5.11,0.0033,0.0025,0.0011,0.004,0.0632,0.2174
5111,5.111,0.0011,-0.0011,0.0054,0.0033,0.2668,0.3919
5112,5.112,0.0031,-0.0016,0.0037,0.0028,0.4024,0.8677
5113,5.113,0.0006,-0.0021,-0.0011,0.0068,0.1804,0.5482
5114,5.114,0.0023,0.0057,0.0031,0.0063,-0.029,0.0239
5115,5.115,-0.0021,0.0025,0.0002,0.0074,-0.1109,-0.1882
5116,5.116,0.0008,-0.0005,-0.0003,0.0071,-0.1358,-0.2532
5117,5.117,-0.0018,0.0003,0.0018,0.0074,-0.1137,-0.3118
5118,5.118,-0.0006,0.0012,-0.0002,0.0077,-0.0935,-0.2596
5119,5.119,-0.0026,-0.004,0.0023,0.0026,-0.1491,-0.2118
5120,5.12,-0.0016,0.0009,0.0012,0.0005,-0.4016,-0.7797
5121,5.121,-0.0061,0.0004,-0.0018,0.0022,-0.2213,-0.7028
5122,5.122,0.0008,0.0021,0.0024,-0.0019,0.009,-0.2097
5123,5.123,-0,0.0026,0.0029,-0.0014,0.099,0.2396
5124,5.124,-0.0008,-0.0004,0.0033,-0.0002,0.1266,0.1829
5125,5.125,-0.0001,0.0044,0.0011,-0.0067,0.1515,0.2365
5126,5.126,0.0006,0.0014,-0.0001,-0.0094,0.1295,0.2851
5127,5.127,0.0023,-0.0003,0.0009,-0.0016,0.1094,0.1545
5128,5.128,-0.0006,0.0013,0.0041,0.0015,0.3502,0.5914
5129,5.129,-0.0001,-0.0009,0.0012,-0.0031,0.3176,0.8823
5130,5.13,0.003,0.0003,0.007,0.0064,0.1089,0.4067
5131,5.131,-0.0009,-0.0054,0.0044,0.0002,-0.0813,-0.0423
5132,5.132,0.0007,-0.0045,0.0038,0.0012,-0.1063,-0.2178
5133,5.133,-0.0005,-0.0052,-0.0011,0.0043,-0.1289,-0.2713
5134,5.134,-0.0001,-0.0016,-0.0042,-0.0021,-0.1087,-0.3199
5135,5.135,-0.0051,-0.0021,-0.0047,0.0039,-0.0903,-0.1892
5136,5.136,-0.0002,-0.0015,-0.0021,0.0003,-0.2752,-0.3877
5137,5.137,0.003,0,0.0021,-0.0017,-0.3984,-0.929
5138,5.138,-0.0011,-0.006,-0.0008,-0.0059,-0.1516,-0.5422
5139,5.139,-0.0015,-0.0001,-0.0002,-0.0054,0.0133,-0.0486
5140,5.14,-0.0011,0.0022,-0.0024,-0.0079,0.1034,0.1449
5141,5.141,0.0018,-0.0013,0.0005,-0.0048,0.131,0.204
5142,5.142,-0.0007,-0.003,-0.003,-0.0036,0.1069,0.2574
5143,5.143,-0.0003,0.0011,-0.0061,-0.001,0.0849,0.306
5144,5.144,0.0034,-0.0046,-0.0005,0.003,0.1866,0.2627
5145,5.145,0.0023,-0.0024,0.0018,0.0066,0.3905,0.7791
5146,5.146,0.0052,-0.0003,-0.0017,0.0055,0.2552,0.7093
5147,5.147,0.0002,0.0014,-0.0022,-0.0009,0.0329,0.2608
5148,5.148,-0.0005,-0.0026,0.0031,-0.0036,-0.1167,-0.1474
5149,5.149,0.0001,-0.001,-0.0004,-0.001,-0.09,-0.2013
5150,5.15,-0.0004,0.0002,-0.0009,0.0106,-0.1147,-0.2499
5151,5.151,-0.0019,0.0031,0.0032,0.0022,-0.1371,-0.2942
5152,5.152,0.0042,-0.0004,-0.0015,0.0007,-0.1168,-0.1756
5153,5.153,-0.0017,0.0038,-0.0009,-0.0033,-0.3575,-0.5726
5154,5.154,0.0005,-0.0014,-0.0014,0.0005,-0.3247,-0.837
5155,5.155,0.0012,0.0051,-0.0008,0.0015,-0.1155,-0.3082
5156,5.156,-0.0004,0.0042,-0.0011,-0.0015,0.0751,0.0449
5157,5.157,-0.0009,0.0005,0.0045,-0.0006,0.1003,0.2383
5158,5.158,-0.0004,-0.0015,0.0008,-0.0031,0.1231,0.2972
5159,5.159,-0.0007,0.0027,-0.0011,-0.0053,0.1438,0.2452
5160,5.16,-0.0003,0.0011,0.002,0.0041,0.0885,0.1975
5161,5.161,-0.0029,-0.0015,-0.0008,0.0029,0.2737,0.3286
5162,5.162,-0.0018,0.0007,0.0028,-0.0002,0.3971,0.845
5163,5.163,-0.0049,0.0004,0.0016,0.0028,0.1505,0.4936
5164,5.164,0.0009,0.0014,0.0014,0.002,-0.0798,0.0446
5165,5.165,0,0.001,-0.0021,0.0012,-0.1102,-0.2475
5166,5.166,0.0022,-0.0041,0.0021,0.0035,-0.1376,-0.1959
5167,5.167,-0.0027,-0.0005,-0.0007,0.0042,-0.1133,-0.2447
5168,5.168,0.0016,-0.0022,0.0019,0.0059,-0.091,-0.2889
5169,5.169,0.0007,-0.0017,0.0002,0.0007,-0.1591,-0.2184
5170,5.17,0.0012,0.0011,0.0033,0.0036,-0.383,-0.814
5171,5.171,0.0027,-0.0004,-0.0006,0,-0.2341,-0.7294
5172,5.172,-0.0015,-0.0001,-0.0001,0.0051,-0.0439,-0.187
5173,5.173,-0.0032,-0.004,-0.0031,-0.0042,0.0799,0.1659
5174,5.174,0.0003,0.0037,-0.001,-0.0004,0.1027,0.231
5175,5.175,-0.0019,-0.0019,0.0008,0.0006,0.1233,0.2897
5176,5.176,0.001,-0.0029,-0.0024,-0.0047,0.1419,0.2373
5177,5.177,0.0013,0.0016,0.0005,-0.0055,0.0915,0.1895
5178,5.178,-0.0019,-0.0009,0.0002,-0.0115,0.2905,0.4951
5179,5.179,-0.0016,-0.0047,-0.0008,-0.0167,0.2635,0.7731
5180,5.18,-0.002,0.0002,-0.0019,-0.0132,0.0906,0.3758
5181,5.181,0.0026,-0.0029,-0.0025,-0.0049,-0.067,-0.1015
5182,5.182,-0.0044,0.0024,0.0013,-0.0081,-0.0474,-0.1671
5183,5.183,-0.0053,-0.0012,-0.0015,-0.0177,-0.1034,-0.2263
5184,5.184,-0.0044,0.0004,0.002,-0.0114,-0.1206,-0.28
5185,5.185,-0.0082,-0.0013,0.0016,0.0056,-0.075,-0.2326
5186,5.186,-0.0047,0.0034,0.0013,0.0032,-0.256,-0.3639
5187,5.187,-0.003,-0.0008,-0.0013,0.001,-0.3794,-0.8804
5188,5.188,-0.0002,-0.0025,0.0004,0.007,-0.1778,-0.5292
5189,5.189,0.0023,0.001,-0.002,0.0051,0.0667,0.0474
5190,5.19,0.0035,0.004,-0.0063,0.0034,0.1,0.2809
5191,5.191,0.0038,0.002,-0.0058,-0.0043,0.1301,0.2116
5192,5.192,0.0019,0.0009,0.0006,-0.0003,0.1573,0.2761
5193,5.193,0.0035,0.0005,-0.0003,-0.0015,0.0837,0.2184
5194,5.194,0.0011,-0.0045,-0.0025,0.0016,0.1508,0.2714
5195,5.195,0.0004,-0.0025,0.0038,0.0026,0.4153,0.7999
5196,5.196,-0.002,-0.0009,-0.004,0.009,0.235,0.73
5197,5.197,-0.0017,-0.0097,0.0012,0.0064,0.0046,0.1535
5198,5.198,0.0002,-0.0109,-0.0015,0.0086,-0.0855,-0.235
5199,5.199,-0.0001,-0.0077,-0.0024,0.0105,-0.1132,-0.1663
5200,5.2,0.0026,-0.0004,0.0012,0.001,-0.1381,-0.2311
5201,5.201,-0.0007,0.0023,-0.0008,0.0079,-0.1161,-0.2899
5202,5.202,0.0022,0.0031,-0.0014,0.0016,-0.1367,-0.2376
5203,5.203,-0.0014,0.0009,-0.0031,0.0071,-0.4146,-0.5741
5204,5.204,0.0008,0.0016,-0.0079,0.004,-0.3753,-0.8803
5205,5.205,0.0028,0.0058,-0.0097,0.0031,-0.0502,-0.364
5206,5.206,0.0017,0.0005,-0.0033,0.0056,0.0814,0.1295
5207,5.207,-0.0022,0.0055,-0.0025,0.0033,0.1215,0.1948
5208,5.208,-0.0028,0.0024,-0.0048,-0.0045,0.1578,0.2536
5209,5.209,0.0014,0.0064,-0.0041,-0.0118,0.1253,0.307
5210,5.21,0.0031,0.01,-0.0059,-0.0073,0.0957,0.1631
5211,5.211,-0.0005,0.0049,-0.0007,-0.0014,0.2853,0.3815
5212,5.212,0.0017,0.0085,-0.0043,-0.013,0.4086,0.8977
5213,5.213,0.0005,0.0027,0.0026,-0.0248,0.162,0.5463
5214,5.214,-0.0021,0.002,0.0034,-0.0142,-0.0685,0.0974
5215,5.215,0.0031,-0.0015,0.0042,-0.0046,-0.099,-0.1945
5216,5.216,0.0038,0.0002,0.0063,0.0042,-0.1264,-0.2483
5217,5.217,0.0002,-0.0027,0.0043,0.0051,-0.1022,-0.297
5218,5.218,0.0019,-0.0012,0.0084,0.0041,-0.0801,-0.2537
5219,5.219,-0.001,0.001,0.0043,0.0032,-0.141,-0.2143
5220,5.22,-0.0025,-0.0002,0.0038,-0.0028,-0.3818,-0.7554
5221,5.221,-0.0003,0.0002,0.0026,0.0009,-0.2178,-0.6785
5222,5.222,0.0017,-0.0008,0.0045,0.0002,-0.0086,-0.1854
5223,5.223,0.0042,-0.0012,0.0064,0.0007,0.0732,0.1361
5224,5.224,0.001,-0.001,0.0025,0.0036,0.0983,0.1955
5225,5.225,0.0013,-0.0011,0.0009,0.001,0.121,0.2492
5226,5.226,0.0055,0.0011,0.0031,0.0032,0.101,0.2979
5227,5.227,-0.0009,-0.0026,0.0019,0.0011,0.1196,0.1673
5228,5.228,0.0033,-0.0011,0.0029,0.0069,0.3384,0.6042
5229,5.229,0.0011,-0.0023,0.0012,0.0094,0.3088,0.895
5230,5.23,-0.0024,0.0016,0.0001,0.0101,0.1188,0.4194
5231,5.231,0.0006,0.0021,0.0003,0.0081,-0.0542,-0.0296
5232,5.232,-0.0034,-0.0021,0.001,0.0064,-0.0771,-0.2051
5233,5.233,0.0001,-0.0015,0.0032,0.0012,-0.1382,-0.2584
5234,5.234,-0.0029,-0.0041,-0.001,0.0019,-0.1199,-0.3068
5235,5.235,-0.0025,0.001,0.0021,0.0025,-0.1033,-0.2631
5236,5.236,-0.0015,0.0031,-0.002,0.002,-0.2409,-0.3818
5237,5.237,0.0031,-0.0011,0.0028,-0.0004,-0.3706,-0.923
5238,5.238,0.0036,-0.0006,-0.0002,0.0057,-0.1854,-0.536
5239,5.239,-0.0004,0.002,0.0003,0.0033,0.0371,-0.0424
5240,5.24,0.0031,0.0009,0.0039,0.0011,0.0676,0.1512
5241,5.241,0.002,0.0021,0.0017,0.0032,0.0951,0.2106
5242,5.242,-0,-0.0036,-0.0003,0.0002,0.12,0.2641
5243,5.243,-0.001,-0.0044,0.0008,-0.0014,0.098,0.2167
5244,5.244,-0.0049,-0.0022,-0.0024,-0.0009,0.1589,0.2607
5245,5.245,-0.0013,-0.0014,0.0005,-0.003,0.3998,0.7771
5246,5.246,-0.0016,0.0016,0.0041,0.0026,0.2358,0.7074
5247,5.247,0.0013,-0.0012,-0.0001,-0.001,0.0267,0.2591
5248,5.248,0.0032,-0.0007,0.0064,0.0011,-0.1095,-0.1491
5249,5.249,-0.002,0.0015,-0.0014,-0.003,-0.0854,-0.2031
5250,5.25,0.0017,0.0019,-0.0003,-0.0025,-0.108,-0.2519
5251,5.251,-0.0047,-0.0006,-0.0048,-0.0029,-0.1286,-0.2959
5252,5.252,-0.0021,0.0004,0.0012,-0.0032,-0.1103,-0.1773
5253,5.253,0.0001,-0.0012,0.0005,-0.0044,-0.3627,-0.5743
5254,5.254,0.0008,-0.0054,-0.0015,-0.0018,-0.3268,-0.8386
5255,5.255,0.0004,-0.0037,-0.0009,-0.0014,-0.0967,-0.4059
5256,5.256,0.0033,0.0016,-0.0014,-0.0017,0.0531,0.1189
5257,5.257,0.0008,0.0036,0.0002,-0.001,0.0808,0.1906
5258,5.258,0.002,-0.0006,0.0014,0.0002,0.1057,0.2556
5259,5.259,-0.0027,0.0023,-0.0041,-0.002,0.1283,0.3142
5260,5.26,-0.0022,0.0039,-0.0019,-0.0033,0.1083,0.262
5261,5.261,-0.0016,-0.0004,0.0002,-0.0009,0.238,0.3103
5262,5.262,0.0009,0.0001,0.0008,0.0001,0.3896,0.8785
5263,5.263,-0.0041,0.0027,0.0025,-0.0024,0.1657,0.4919
5264,5.264,-0.0021,-0.0042,-0.0022,0.0008,-0.0436,-0.0015
5265,5.265,0.001,0.003,-0.0004,-0.0012,-0.0714,-0.1948
5266,5.266,-0.0007,0.0003,0.0037,0.0023,-0.0964,-0.2538
5267,5.267,0.0019,-0.0005,-0.001,0.0074,-0.1191,-0.3073
5268,5.268,-0.0011,-0.0012,-0.0052,0.0039,-0.099,-0.2598
5269,5.269,0.0018,0.0008,0.0001,-0.0018,-0.1546,-0.2164
5270,5.27,0.0043,0.0004,-0.0028,-0.0016,-0.397,-0.7803
5271,5.271,0.0001,0.0009,-0.0048,-0.0023,-0.2457,-0.7412
5272,5.272,-0.0016,-0.0008,-0.0017,0.0026,-0.0214,-0.1992
5273,5.273,-0.0011,0.0007,-0.0012,0.0009,0.0685,0.1892
5274,5.274,-0.0007,-0.0023,-0.0007,0.0014,0.0959,0.2605
5275,5.275,0.0032,0.0033,-0.0018,0.0039,0.1206,0.325
5276,5.276,0.0017,-0.0005,-0.0057,-0.003,0.0984,0.2673
5277,5.277,-0.0005,-0.0012,-0.001,-0.002,0.1187,0.2147
5278,5.278,-0.0017,0.0046,-0.0005,-0.0029,0.3593,0.551
5279,5.279,0.0008,0.0052,-0.0069,-0.0124,0.3266,0.8568
5280,5.28,0.0025,0.0032,-0.0095,-0.0161,0.1175,0.3404
5281,5.281,0.0002,0.0015,-0.0058,-0.0058,-0.0729,-0.1535
5282,5.282,-0.0041,-0.0002,-0.0009,-0.0018,-0.098,-0.219
5283,5.283,0.0001,-0.0038,-0.0004,-0.0106,-0.1208,-0.3942
5284,5.284,0.0006,-0.0042,-0.0032,-0.0139,-0.1414,-0.3423
5285,5.285,-0.0009,-0.0062,0.0025,-0.0086,-0.0862,-0.1988
5286,5.286,-0.0031,-0.0105,0.0003,0.0016,-0.2377,-0.33
5287,5.287,-0.0002,-0.0145,-0.0004,0.0002,-0.3802,-0.8465
5288,5.288,0.0001,-0.013,0.0013,0.0014,-0.1765,-0.4954
5289,5.289,0.0025,-0.01,-0.0016,0.0091,0.0138,-0.0466
5290,5.29,0.0035,-0.0036,-0.0001,0.006,0.0882,0.2455
5291,5.291,-0.0008,0.0028,0.002,0.0014,0.1108,0.2993
5292,5.292,-0.0025,-0.0015,-0.0044,0.0022,0.1313,0.2517
5293,5.293,0.0004,0.0038,0.0001,-0.0016,0.113,0.2959
5294,5.294,-0.0022,0.0044,0.0026,-0.0094,0.1635,0.2565
5295,5.295,-0.001,0.0049,0.0033,-0.0125,0.3931,0.7977
5296,5.296,-0.003,0.0066,0.0082,-0.008,0.2291,0.7208
5297,5.297,-0.0034,0.0008,0.0039,0.0031,0.0199,0.2278
5298,5.298,-0.0031,0.003,0.0022,0.0046,-0.0619,-0.0934
5299,5.299,-0.0014,0.0023,-0.0004,0.0086,-0.087,-0.269
5300,5.3,0.0028,0.0065,0.0026,0.0123,-0.1096,-0.217
5301,5.301,-0.0055,0.0024,0.0029,0.009,-0.13,-0.2656
5302,5.302,-0.0045,-0.0011,0.0019,0.01,-0.1117,-0.2224
5303,5.303,-0.0055,0.0039,0.0042,0.0054,-0.3642,-0.5798
5304,5.304,-0.0028,0.0059,0.0011,0.0062,-0.3283,-0.9165
5305,5.305,-0.0003,-0.001,0.0001,0.0024,-0.0982,-0.3483
5306,5.306,-0.001,-0.0019,-0.001,0.0044,0.1112,0.0402
5307,5.307,0.0025,0.004,-0.0034,0.0061,0.0847,0.2524
5308,5.308,0.0008,0.0047,0.0008,0.0056,0.0605,0.1895
5309,5.309,0.0003,0.004,0.0025,0.004,0.0831,0.2481
5310,5.31,0.0018,0.0035,-0.0016,0.0018,0.1036,0.1957
5311,5.311,0.0049,-0.0006,-0.0011,0.0021,0.2704,0.3401
5312,5.312,0.0037,-0.0011,0.0039,0.0047,0.3826,0.9082
5313,5.313,0.0047,-0.0007,-0.0054,-0.0006,0.1994,0.5216
5314,5.314,0.0029,0.0004,-0.0017,0.0001,-0.023,0.0281
5315,5.315,0.0006,0.0014,0.0038,-0.0006,-0.0533,-0.1652
5316,5.316,0.0031,0.0031,0.0008,-0.0001,-0.0807,-0.2242
5317,5.317,-0.0001,-0.002,-0.0001,-0.003,-0.1054,-0.2776
5318,5.318,0.0037,0.0001,0.0007,0.0048,-0.1278,-0.23
5319,5.319,0.0002,-0.0042,-0.0031,0.0038,-0.1482,-0.1865
5320,5.32,-0.0002,-0.0001,0.0047,0.0028,-0.3889,-0.782
5321,5.321,-0.0014,-0.0027,-0.0026,0.0019,-0.2248,-0.6973
5322,5.322,0.0005,-0.0015,0.0038,-0.004,-0.0156,-0.1547
5323,5.323,0.0021,0.0014,-0.0004,-0.0077,0.1206,0.1985
5324,5.324,0.0018,0.0004,0.0002,-0.0041,0.0967,0.2638
5325,5.325,0.0011,0.0027,0.0023,-0.0046,0.1194,0.3225
5326,5.326,-0.0023,-0.0017,-0.0008,-0.0006,0.1401,0.2705
5327,5.327,-0.0011,0.0012,-0.0003,0.001,0.0848,0.2229
5328,5.328,0.0036,-0.0023,0.0054,-0.0032,0.3373,0.5287
5329,5.329,0.0006,-0.002,0.0002,-0.0003,0.3016,0.8863
5330,5.33,0.0022,0,-0.0018,-0.0029,0.0716,0.3576
5331,5.331,0.0007,-0.001,-0.0024,0.0032,-0.078,-0.1359
5332,5.332,-0.0023,-0.0006,-0.0018,-0.0045,-0.1056,-0.2011
5333,5.333,-0.002,0.0011,-0.0003,-0.0055,-0.1303,-0.2599
5334,5.334,0.0016,-0.0008,-0.0034,-0.0046,-0.1528,-0.3133
5335,5.335,-0.0027,-0.0042,-0.0022,-0.002,-0.0921,-0.2657
5336,5.336,0.0014,-0.0011,-0.0031,0.0017,-0.2216,-0.3094
5337,5.337,0.0029,0.0001,0.0021,0.0011,-0.4067,-0.9049
5338,5.338,-0.0013,0.0026,-0.0031,0.0042,-0.1848,-0.6498
5339,5.339,0.0004,0.0009,0.0005,0.0026,0.0246,-0.1067
5340,5.34,0.0009,0.002,-0.0037,-0.0021,0.1065,0.2464
5341,5.341,-0.0033,0.0007,-0.0032,-0.0015,0.1315,0.1836
5342,5.342,0.0008,0.0005,-0.0027,0.0038,0.1096,0.2423
5343,5.343,-0.0028,0.0012,0.0004,0.0019,0.0896,0.2954
5344,5.344,0.0003,0.0018,0.0016,-0.0011,0.1452,0.2476
5345,5.345,-0.0036,-0.0009,0.002,-0.0006,0.3978,0.728
5346,5.346,-0.003,-0.0026,0.0023,-0,0.2177,0.6643
5347,5.347,0.004,-0.0056,-0.0014,-0.0012,0.053,0.2567
5348,5.348,-0.0033,-0.0013,0.0056,-0.0008,-0.0966,-0.1146
5349,5.349,0.0032,-0.0054,0.0004,-0.0004,-0.1239,-0.2602
5350,5.35,-0.001,0.0004,0.0012,0.0014,-0.0996,-0.2176
5351,5.351,0.0012,0.0011,0.0021,0.0018,-0.1221,-0.258
5352,5.352,-0.0037,0.0018,-0.0016,0.006,-0.1018,-0.2226
5353,5.353,0.0006,-0.0024,0.0019,0.003,-0.3425,-0.584
5354,5.354,0.0011,-0.0007,0.0062,-0.0057,-0.3099,-0.9209
5355,5.355,0.0027,0.0019,-0.0002,0.0006,-0.1009,-0.353
5356,5.356,-0.0015,0.0007,-0.0011,0.0016,0.0896,0.0353
5357,5.357,0.0002,-0.0021,-0.0017,-0.0014,0.1148,0.2472
5358,5.358,-0.0002,0.0021,0.0003,0.0013,0.1375,0.3119
5359,5.359,0.002,0.0039,0.002,-0.0065,0.1175,0.2542
5360,5.36,-0,0.0014,-0.0008,-0.0137,0.0621,0.2015
5361,5.361,-0.001,0.0011,0.0017,0.0003,0.2473,0.3455
5362,5.362,0.0043,0.0008,-0.0013,0.0024,0.3707,0.9134
5363,5.363,0.0006,0.0011,0.0026,0.0042,0.1689,0.5265
5364,5.364,-0.0001,0.0022,0.0021,0.0025,-0.0214,0.0329
5365,5.365,0.0042,-0.0015,0.0024,0.004,-0.0958,-0.1607
5366,5.366,0.0047,-0.0003,0.0028,0.0027,-0.1185,-0.2201
5367,5.367,0.0042,0.0062,-0.003,0.0015,-0.0985,-0.2738
5368,5.368,0.0012,-0.0002,-0.0004,0.0025,-0.1172,-0.2266
5369,5.369,-0.0017,0.0006,-0.0011,-0.0005,-0.1341,-0.1835
5370,5.37,-0.0027,0.0013,-0.0018,-0.0032,-0.3638,-0.7793
5371,5.371,0.0012,-0.0007,0.0015,-0.0009,-0.2595,-0.7626
5372,5.372,-0.0005,0.0013,0.002,0.0033,-0.0292,-0.1664
5373,5.373,0.0012,0.0019,-0.0021,0.0011,0.0608,0.2218
5374,5.374,-0.0031,-0.001,-0.0016,-0.001,0.0882,0.1525
5375,5.375,-0.0014,0.0005,-0.0012,-0.0015,0.113,0.2168
5376,5.376,0.0015,-0.0025,0.0008,-0.0032,0.1354,0.2749
5377,5.377,-0,0.0031,-0.0043,0.0003,0.0745,0.2221
5378,5.378,-0.0031,-0.0006,-0.0007,-0,0.3522,0.5581
5379,5.379,-0.0019,-0.0026,-0.0024,-0.0029,0.3127,0.7764
5380,5.38,-0.0009,0.0004,-0.0007,-0.0055,0.1319,0.2596
5381,5.381,0.0007,-0.0001,-0.0002,-0.0009,-0.0987,-0.0938
5382,5.382,0.0011,-0.0016,0.002,0.0048,-0.0696,-0.1596
5383,5.383,-0.0003,0.0006,-0.0045,-0.0005,-0.0971,-0.2188
5384,5.384,-0.0015,0.001,-0.0072,0.0031,-0.122,-0.2725
5385,5.385,-0.0032,0.0006,-0.008,0.0013,-0.0999,-0.2253
5386,5.386,-0.0004,-0.0011,-0.0043,-0.0039,-0.2423,-0.3566
5387,5.387,0.0006,0.004,-0.0023,-0.0075,-0.3721,-0.8731
5388,5.388,-0.0004,-0.0024,-0.0006,-0.0092,-0.187,-0.5221
5389,5.389,-0.0014,-0.0049,-0.0011,-0.0132,0.0354,-0.0735
5390,5.39,-0.0057,0.0003,0.0004,-0.0127,0.0658,0.2184
5391,5.391,-0.0026,-0.0004,0.0008,-0.0058,0.0932,0.2723
5392,5.392,-0.0055,-0.0046,0.0011,0.0015,0.118,0.3208
5393,5.393,-0.0133,-0.0017,0.0007,-0.0013,0.0959,0.2776
5394,5.394,-0.0101,0.0008,0.0053,0.0065,0.1568,0.2383
5395,5.395,-0.0071,-0.0014,-0.0004,0.0034,0.3976,0.7795
5396,5.396,-0.0007,-0.0011,-0.0026,0.0043,0.2336,0.7025
5397,5.397,0.0001,-0.0001,0.0023,0.0085,-0.0355,0.2096
5398,5.398,-0.0036,0.0002,0.004,0.0032,-0.0722,-0.1118
5399,5.399,-0.0001,0.0012,0.0034,0.0052,-0.1055,-0.1712
5400,5.4,0.0041,-0.0006,0.0009,0.0047,-0.1356,-0.2246
5401,5.401,0.0001,0.0005,0.0012,0.0018,-0.1088,-0.2733
5402,5.402,0.0016,-0.0012,0.0041,0.0044,-0.0845,-0.23
5403,5.403,0.0037,0.002,0.0005,0.0013,-0.331,-0.5874
5404,5.404,0.0058,-0.0022,-0.0006,-0.0007,-0.364,-0.924
5405,5.405,0.0032,-0.0017,0.0022,0.005,-0.0952,-0.3559
5406,5.406,0.0055,-0.0002,0.0004,0.0042,0.0858,0.0327
5407,5.407,0.0045,-0.0072,-0.0029,0.0035,0.1192,0.2449
5408,5.408,0.0019,-0.0125,-0.0008,-0.003,0.1493,0.3098
5409,5.409,0.0002,-0.0098,0.0002,0.0013,0.1224,0.2526
5410,5.41,0.0012,-0.0056,-0.0002,0.0006,0.098,0.2003
5411,5.411,-0.0001,-0.0034,-0.0005,0.0026,0.2548,0.3446
5412,5.412,0.0027,0.0001,-0.0019,0.0031,0.4381,0.8253
5413,5.413,0.0024,-0.0004,0.002,0.0014,0.167,0.506
5414,5.414,0.0056,0.0036,0.0003,-0.0001,-0.014,0.0981
5415,5.415,0.0027,0.001,0.0018,-0.0061,-0.1132,-0.1675
5416,5.416,0.0069,0.0032,0.003,-0.0019,-0.0838,-0.2166
5417,5.417,0.0052,0.0052,0.001,0.0033,-0.1111,-0.2607
5418,5.418,0.0057,0.0094,0.0013,0.004,-0.0868,-0.3008
5419,5.419,0.0035,0.0018,-0.0026,0.0071,-0.1541,-0.1929
5420,5.42,0.0014,0.007,0.0031,0.003,-0.4187,-0.6851
5421,5.421,-0.0028,0.0024,0.0009,0.0005,-0.2385,-0.7556
5422,5.422,0.0024,0.0049,-0.0011,-0.0017,-0.0082,-0.1792
5423,5.423,-0.0012,0.0011,-0.0016,-0.0014,0.0819,0.2095
5424,5.424,-0.0017,-0.0009,-0.0021,0.0005,0.1094,0.2812
5425,5.425,0.0012,0.0033,0.0014,0.0037,0.1343,0.218
5426,5.426,-0.0003,0.0015,0.0002,-0.0019,0.1123,0.2766
5427,5.427,-0,-0.002,-0.0009,-0.0041,0.0922,0.2243
5428,5.428,0.0056,0.0022,0.0048,0.0008,0.3329,0.5608
5429,5.429,0.0003,0.0005,-0.003,0.0025,0.366,0.8669
5430,5.43,0.0039,0.0009,0.0023,0.0031,0.0972,0.3506
5431,5.431,-0.003,-0.0021,-0.0023,0.0025,-0.0837,-0.143
5432,5.432,-0.0022,0.0034,-0.0014,-0.0025,-0.117,-0.2083
5433,5.433,-0.0047,0.0027,-0.0021,-0.0074,-0.147,-0.267
5434,5.434,-0.0053,0.002,0.0028,-0.0069,-0.1201,-0.32
5435,5.435,-0.0047,-0.001,-0.0014,-0.0064,-0.0957,-0.2722
5436,5.436,-0.0029,-0.0027,-0.0009,0.0014,-0.2525,-0.3159
5437,5.437,-0.0058,-0.0022,-0.0004,-0.0089,-0.3949,-0.9116
5438,5.438,-0.001,0,0.0008,-0.0048,-0.191,-0.6565
5439,5.439,-0.0005,0.0012,0.0012,-0.0036,-0.0006,-0.1134
5440,5.44,0.0048,0.0022,0.0022,-0.0026,0.0739,0.2398
5441,5.441,-0.0045,-0.0023,-0.003,0.0046,0.0968,0.177
5442,5.442,-0.0033,-0.0006,-0.0023,0.002,0.1174,0.2357
5443,5.443,-0.0023,-0.0001,-0.0002,-0.004,0.0993,0.2892
5444,5.444,0.0008,-0.0016,-0.0032,-0.0017,0.1499,0.2415
5445,5.445,-0.0037,-0.0012,-0.0015,0.0032,0.3798,0.722
5446,5.446,0.0005,-0.0016,0,0.0037,0.2816,0.7863
5447,5.447,-0.0016,0.0027,0.0031,0.0032,0.0127,0.2625
5448,5.448,0.0004,-0.0002,0.0002,0.0038,-0.096,-0.2313
5449,5.449,-0,0.0034,-0.0016,0.0026,-0.0635,-0.1687
5450,5.45,-0.0005,-0.0008,-0.0026,0.0006,-0.0934,-0.2276
5451,5.451,0.0011,0.002,0.0018,-0.0052,-0.1206,-0.2812
5452,5.452,0.0008,0.0026,0.0001,-0.0043,-0.0961,-0.2337
5453,5.453,0.0048,-0.0017,-0.0024,-0.0006,-0.3425,-0.5397
5454,5.454,0.0023,0,0.0006,0.0014,-0.3098,-0.8975
5455,5.455,0.0027,0.0006,-0.0014,0.0009,-0.1008,-0.369
5456,5.456,0.0024,0.0002,0.0022,-0.0007,0.0897,0.1245
5457,5.457,0.0006,-0.001,-0.0009,-0.0042,0.115,0.1898
5458,5.458,0.003,0,-0.0021,-0.002,0.1377,0.2486
5459,5.459,0.0006,0.0024,0.0005,-0.0024,0.1178,0.302
5460,5.46,0.002,0.0014,0.0037,-0.0005,0.0997,0.2543
5461,5.461,0.0008,0.0033,0.0017,0.0005,0.2512,0.298
5462,5.462,0.0016,-0.0006,0.0006,0.0002,0.3937,0.8935
5463,5.463,-0.0016,0.0034,-0.0011,-0.0012,0.19,0.6383
5464,5.464,0.0045,-0.0023,0.0027,0.0027,-0.0546,0.0952
5465,5.465,0.002,0.0014,0.0023,0.0056,-0.088,-0.2579
5466,5.466,-0.0002,-0.0021,0.0026,0.0009,-0.1182,-0.1952
5467,5.467,-0.0022,0.0021,0.0008,0.0014,-0.0914,-0.2539
5468,5.468,0.002,-0.0008,0.0018,0.0054,-0.1162,-0.3073
5469,5.469,0.0003,-0.0033,0.0048,0.009,-0.1386,-0.2597
5470,5.47,0.0009,-0.0055,-0.0003,0.002,-0.4034,-0.7403
5471,5.471,0.0012,0.0009,-0.001,-0.0053,-0.2954,-0.8047
5472,5.472,-0.0012,0.0001,-0.0032,-0.0004,-0.0349,-0.2305
5473,5.473,-0.0008,-0.0008,0.001,0.0004,0.0643,0.1778
5474,5.474,-0.0005,0.0051,-0.0007,-0.0021,0.0945,0.2318
5475,5.475,-0.0029,-0.0018,-0.0002,0.0001,0.1218,0.2806
5476,5.476,-0.0026,0.0027,-0.0032,0.0008,0.1465,0.3247
5477,5.477,-0.0044,-0.0051,-0.0004,0.0012,0.0794,0.206
5478,5.478,-0.0038,0.0002,-0.0029,0.0053,0.3439,0.5309
5479,5.479,-0.0001,-0.0007,-0.0039,0.0017,0.308,0.837
5480,5.48,0.0014,0.0001,0.0011,0.0005,0.0778,0.4001
5481,5.481,-0.0016,-0.0006,-0.0024,-0.0007,-0.072,-0.1244
5482,5.482,0.0004,-0.0042,0.0018,0.0051,-0.0998,-0.3367
5483,5.483,-0.0022,-0.0047,-0.0011,-0.0027,-0.1247,-0.2736
5484,5.484,0.001,-0.0135,-0.0027,-0.0038,-0.1028,-0.2162
5485,5.485,-0.0054,-0.0147,-0.0096,-0.0029,-0.0828,-0.1639
5486,5.486,-0.0009,-0.007,-0.0066,0.0013,-0.2496,-0.3081
5487,5.487,-0.0001,-0.004,-0.0021,0.0035,-0.4066,-0.8761
5488,5.488,0.0006,-0.0104,-0.0063,0.0014,-0.1828,-0.6441
5489,5.489,-0.0015,-0.0079,-0.0011,-0.0003,0.0263,-0.0098
5490,5.49,-0.001,-0.001,-0.0032,-0.0008,0.108,0.2472
5491,5.491,-0.0005,0.0036,-0.0015,0.0007,0.0839,0.1712
5492,5.492,-0.001,0.0094,0.0037,0.001,0.1064,0.2422
5493,5.493,0.0012,0.0025,-0.0028,-0.0037,0.0456,0.3068
5494,5.494,0.004,0.0033,0.0031,-0.0007,0.1381,0.2493
5495,5.495,-0.0011,0.0024,0.0009,-0.0048,0.3905,0.7251
5496,5.496,0.0009,0.0002,0.0015,-0.0012,0.2825,0.7896
5497,5.497,0.0014,0.0022,0.001,-0.0009,0.0522,0.2661
5498,5.498,-0.0074,0.0039,0.005,0.0019,-0.0976,-0.0869
5499,5.499,-0.0086,0.0091,0.0025,-0.0038,-0.0711,-0.152
5500,5.5,-0.0054,0.0042,0.0036,0.0004,-0.096,-0.2106
5501,5.501,-0.0085,0.0059,-0.0003,0.0026,-0.1186,-0.2637
5502,5.502,-0.004,0.003,0.0032,0.0005,-0.0579,-0.2158
5503,5.503,-0.0031,0.0088,0.0044,-0.0078,-0.3357,-0.5215
5504,5.504,0.0038,0.0081,0.0032,-0.0204,-0.3756,-0.8789
5505,5.505,0.001,0.0032,0.0028,-0.0221,-0.1229,-0.4462
5506,5.506,0.0052,0.0037,0.0004,-0.0052,0.1075,0.0787
5507,5.507,-0,0.002,0,-0.003,0.0782,0.1507
5508,5.508,0.0048,0.0005,0.0019,0.003,0.1056,0.2156
5509,5.509,0.0017,0.0017,0.0012,0.0049,0.1303,0.2744
5510,5.51,0.0022,0.0046,0.0005,0.0065,0.1081,0.2222
5511,5.511,0.0017,0.0042,-0.0009,0.005,0.2503,0.3667
5512,5.512,0.0028,0.0025,0.0021,0.0063,0.38,0.8474
5513,5.513,0.0016,-0.0025,0.0025,0.0051,0.1948,0.5281
5514,5.514,-0.0042,0.001,0.0028,0.0061,-0.0277,0.1204
5515,5.515,0.0017,-0.0047,-0.0024,0.0051,-0.0582,-0.2508
5516,5.516,0.0039,-0.0054,-0.0003,0.0059,-0.0856,-0.2039
5517,5.517,0.0045,-0.0018,0.0004,-0,-0.1105,-0.2481
5518,5.518,0.0014,-0.0048,-0.0038,0.0052,-0.0883,-0.2881
5519,5.519,0.0043,-0.0007,-0.0033,0.0031,-0.1493,-0.2523
5520,5.52,0.0027,-0.0022,-0.0059,0.0062,-0.39,-0.7447
5521,5.521,-0.0004,-0.0053,0.0011,0.0009,-0.2917,-0.8153
5522,5.522,0.0052,0.0012,-0.002,-0.0069,-0.0226,-0.2391
5523,5.523,0.003,0.002,-0.0047,-0.0017,0.0863,0.1494
5524,5.524,0.005,-0.0005,-0.0055,-0.0026,0.1197,0.221
5525,5.525,0.0032,-0.0011,0.0029,-0.0001,0.1498,0.2857
5526,5.526,0.0027,0.0025,-0.0027,-0.0038,0.123,0.2282
5527,5.527,0.0001,0.0008,-0.0016,-0.0002,0.0988,0.1757
5528,5.528,-0.0002,0.0037,0.0048,-0.0019,0.3454,0.5121
5529,5.529,-0.0006,0.0062,0.0006,0.0021,0.3129,0.818
5530,5.53,-0.0016,0.0002,-0.0031,0.0016,0.104,0.3811
5531,5.531,-0.0013,-0.0023,0.0033,0.002,-0.0862,-0.0273
5532,5.532,-0.0023,-0.0001,0.0008,0.0023,-0.0621,-0.1873
5533,5.533,-0.0016,0.0035,0.0015,0.0013,-0.1295,-0.2365
5534,5.534,-0.0015,0.0004,0.0051,0.0003,-0.1093,-0.2808
5535,5.535,0.0023,-0.0036,0.0009,0.0006,-0.0908,-0.2417
5536,5.536,-0.0003,-0.0011,0.0038,0.002,-0.242,-0.35
5537,5.537,-0.0006,-0.0014,0.0074,-0.0018,-0.3843,-0.8426
5538,5.538,-0.0053,0.0015,0.0032,-0.0023,-0.1804,-0.6322
5539,5.539,-0.0023,0.0019,0.0027,0.0035,0.0101,-0.0557
5540,5.54,-0.0027,0.0029,0.0012,0.0013,0.0847,0.1779
5541,5.541,0.0008,-0.0021,-0.0018,-0.0007,0.1076,0.2491
5542,5.542,-0.0022,-0.0028,0.0003,0.0024,0.1283,0.3137
5543,5.543,-0.0001,-0.001,0.0039,0.0041,0.1102,0.2562
5544,5.544,0.0002,-0.0027,0.0028,0.0026,0.1272,0.2037
5545,5.545,-0.0021,-0.0084,0.0008,0.0004,0.357,0.732
5546,5.546,0.0003,-0.0015,-0.0017,0.0043,0.2588,0.8025
5547,5.547,-0.0015,-0.006,0.0007,-0.0035,0.0499,0.2262
5548,5.548,-0.0003,-0.0035,0.0011,-0.0024,-0.086,-0.1625
5549,5.549,-0.0015,0.0018,-0.0014,-0.0054,-0.1109,-0.2341
5550,5.55,0.0018,-0.0002,-0.0053,0.001,-0.1334,-0.2988
5551,5.551,0.0021,-0.0019,-0.0017,0.0019,-0.1132,-0.2415
5552,5.552,-0.0007,-0.0024,0.0014,0.0071,-0.0948,-0.1891
5553,5.553,0.0003,-0.0059,-0.0033,0.0023,-0.3135,-0.5258
5554,5.554,-0.0006,0.001,0.0026,0.0053,-0.3433,-0.9194
5555,5.555,0.0011,-0.002,-0.0026,-0.0011,-0.099,-0.4438
5556,5.556,0.0042,-0.0028,0.001,0.0014,0.0659,0.1331
5557,5.557,0.0022,-0.0003,-0.0006,-0.0038,0.0963,0.2119
5558,5.558,0.0033,0.0004,-0.0023,0.004,0.1237,0.2828
5559,5.559,0.003,0.0025,-0.0007,-0.0012,0.1485,0.2194
5560,5.56,-0.0007,0.002,0.0005,-0.0003,0.0816,0.2778
5561,5.561,0.0005,-0.0021,-0.005,-0.0028,0.2239,0.3308
5562,5.562,0.0025,-0.0005,-0.0043,-0.0021,0.3907,0.8594
5563,5.563,-0.001,-0.0002,-0.0007,-0.0041,0.1889,0.6489
5564,5.564,-0.0006,-0.0031,-0.0024,0.0001,-0.0557,0.0722
5565,5.565,0.0006,-0.0028,-0.0029,0.0018,-0.0893,-0.1615
5566,5.566,0.0025,0.0011,0.0019,-0.0007,-0.1195,-0.2329
5567,5.567,0.0022,0.0016,0.0062,-0.0049,-0.147,-0.2975
5568,5.568,-0.0022,0.0004,0.0045,-0.0044,-0.1228,-0.2399
5569,5.569,-0.0005,0.0016,-0.0022,0.0034,-0.1453,-0.1873
5570,5.57,0,0.0041,-0.0014,0.0002,-0.4101,-0.7159
5571,5.571,0.0004,0.0031,-0.0005,0.0032,-0.3023,-0.7865
5572,5.572,0.0033,0.0062,0.0017,0.0005,-0.0066,-0.2102
5573,5.573,0.0011,0.0004,0.0016,0.0013,0.0902,0.1616
5574,5.574,-0.0008,0.0007,-0.002,-0.0012,0.1301,0.2403
5575,5.575,0.0016,0.0031,-0.0015,-0.0112,0.0943,0.3114
5576,5.576,-0.0007,0.0034,0.0026,-0.0098,0.1272,0.2481
5577,5.577,0.0006,0.0016,-0.0009,-0.0036,0.0973,0.1904
5578,5.578,-0.0027,0.0023,-0.0031,-0.0004,0.3411,0.5603
5579,5.579,-0.0016,-0.0005,-0.0011,0.0006,0.3083,0.897
5580,5.58,0.0013,0.0012,-0.0046,0.0015,0.0991,0.4165
5581,5.581,0.0023,-0.0005,0.0015,0.004,-0.0374,-0.0325
5582,5.582,-0.0029,0.0038,-0.0028,-0.0045,-0.1119,-0.208
5583,5.583,-0.0007,0.0043,-0.0021,-0.0194,-0.1348,-0.2617
5584,5.584,-0.0043,-0.001,0.0015,-0.0133,-0.1556,-0.3103
5585,5.585,-0.0038,0.0039,-0.0002,-0.0077,-0.1005,-0.2671
5586,5.586,-0.0066,0.0034,-0.0055,-0.0027,-0.2185,-0.3068
5587,5.587,-0.0092,-0.0018,0.0009,-0.0042,-0.3872,-0.8481
5588,5.588,-0.008,0.0031,0.0001,-0.0002,-0.1857,-0.6162
5589,5.589,-0.0083,0.0026,0.0023,0.0035,0.0587,-0.1229
5590,5.59,-0.0026,-0.0015,0.0002,0.0025,0.092,0.0705
5591,5.591,-0,0,0.0007,0.0055,0.122,0.1296
5592,5.592,0.0037,-0.0012,0.0012,0.0046,0.095,0.2887
5593,5.593,0.0001,-0.0024,-0.0036,0.0071,0.1195,0.3372
5594,5.594,-0.0004,-0.0034,-0.0006,0.0064,0.1418,0.2066
5595,5.595,0.0037,-0.0002,0.0023,0.0029,0.3655,0.7228
5596,5.596,0.0001,0.0001,0.0017,0.0045,0.2163,0.7934
5597,5.597,0.0043,-0.0017,0.0039,0.004,0.026,0.2172
5598,5.598,-0.0045,-0.0035,0.0042,0.0055,-0.0486,-0.1715
5599,5.599,0.0017,-0.0031,-0.0009,0.0066,-0.0716,-0.2431
5600,5.6,0.0049,0.0011,-0.0003,0.0078,-0.0924,-0.3079
5601,5.601,-0.0003,-0.002,-0.0061,0.002,-0.1111,-0.2505
5602,5.602,-0.0012,-0.0015,-0.0099,0.0062,-0.0947,-0.1981
5603,5.603,-0.0003,-0.005,-0.0135,0.001,-0.3244,-0.5347
5604,5.604,-0.001,-0.0081,-0.0093,0.0016,-0.3575,-0.9283
5605,5.605,0.001,-0.0137,-0.0029,-0.0014,-0.0889,-0.4528
5606,5.606,0.004,-0.0084,0.0013,0.0014,0.092,0.1241
5607,5.607,-0.0001,-0.0035,0.0006,0.0019,0.1253,0.2029
5608,5.608,0.0025,-0.0019,0.0012,-0.0003,0.0958,0.274
5609,5.609,0.0028,-0.0002,0.0029,-0.0015,0.123,0.2106
5610,5.61,0.0048,0.0013,0.0033,-0.0005,0.0986,0.2689
5611,5.611,0.0029,0.0001,-0.0003,-0.0016,0.2554,0.3217
5612,5.612,-0.001,0.0057,0.0009,-0.0013,0.3978,0.8502
5613,5.613,-0.0005,0.0035,0.0037,-0.0026,0.194,0.6396
5614,5.614,-0.0002,0.0071,0.0047,-0.0015,0.0036,0.0629
5615,5.615,0.0018,0.004,0,-0.0027,-0.0709,-0.171
5616,5.616,-0.0001,0.0045,0.0057,-0.0003,-0.0936,-0.2425
5617,5.617,0.0031,0.002,0.0035,0.0007,-0.1142,-0.3072
5618,5.618,0.0035,0.0031,-0.0001,0.0049,-0.096,-0.2498
5619,5.619,-0.0001,-0.0025,0.0004,0.0032,-0.1465,-0.1974
5620,5.62,0.0011,0.0013,0.0091,0.0037,-0.3762,-0.726
5621,5.621,0.0022,0.0062,0.0028,-0.004,-0.2778,-0.7967
5622,5.622,0.0026,0.0031,0.0018,-0.0008,-0.0687,-0.2206
5623,5.623,-0.0013,-0.0021,-0.0013,-0.0103,0.0676,0.1679
5624,5.624,-0.0008,-0.0001,0.0032,-0.0015,0.0927,0.2394
5625,5.625,-0.0012,0.0004,-0.0027,-0.0025,0.1154,0.3041
5626,5.626,-0.0041,-0.0061,-0.0021,-0.0035,0.136,0.2466
5627,5.627,-0.0022,-0.0019,0.0028,-0.0027,0.0807,0.1941
5628,5.628,-0.0006,0.0003,-0.0014,-0.0035,0.3332,0.5305
5629,5.629,-0.0023,0.001,-0.001,0.0017,0.3696,0.8366
5630,5.63,0.002,0.0005,-0.0025,0.0024,0.0739,0.3998
5631,5.631,-0.0038,0.0033,-0.0047,-0.0018,-0.0456,-0.0083
5632,5.632,0.0015,-0.0024,0.0017,0.0011,-0.0822,-0.1681
5633,5.633,-0.0021,-0.0062,0.0008,0.0037,-0.1153,-0.217
5634,5.634,-0.0016,-0.0026,-0.0017,0.0025,-0.1453,-0.2612
5635,5.635,-0.0033,-0.0009,-0.0011,0.0005,-0.1183,-0.222
5636,5.636,-0.0007,0.0031,0.0025,0.0009,-0.2414,-0.3301
5637,5.637,0.0043,-0.0026,-0.0006,-0.0001,-0.3982,-0.8224
5638,5.638,0.0023,-0.0005,-0.0034,-0.0004,-0.2148,-0.6117
5639,5.639,-0.0019,0.0031,0.0033,0.001,0.0078,-0.0349
5640,5.64,-0.0002,0.0036,0.0006,-0.0013,0.0979,0.199
5641,5.641,0.0013,-0.0017,0.0015,0.0017,0.1255,0.2706
5642,5.642,0.0017,0.0033,0.0021,0.0014,0.1014,0.2076
5643,5.643,-0.0003,0.0002,-0.0014,-0.0009,0.124,0.2666
5644,5.644,0,0.0067,-0.0031,0.0029,0.1446,0.2145
5645,5.645,0.0011,0.0024,-0.0002,-0.0013,0.3855,0.7433
5646,5.646,0.0055,0.0046,0.0045,-0.0008,0.2873,0.8143
5647,5.647,0.0015,0.0026,-0.0012,-0.0013,0.0183,0.2385
5648,5.648,-0,0.0009,-0.0005,0.0009,-0.0904,-0.1496
5649,5.649,0.0003,0.0005,0.0002,-0.0029,-0.1235,-0.2208
5650,5.65,-0.0008,-0.0011,0.0033,-0.0024,-0.0939,-0.2851
5651,5.651,0.0017,0.002,0.005,-0.0012,-0.1211,-0.2272
5652,5.652,-0.0015,0.0024,0.0025,0.0028,-0.0967,-0.1742
5653,5.653,0.0033,-0.0001,0.0003,0.0003,-0.2982,-0.5102
5654,5.654,-0.0009,-0.0005,0.0007,0.0034,-0.3255,-0.9032
5655,5.655,0.0008,-0.0008,0.0017,0.0037,-0.1033,-0.4271
5656,5.656,-0.0017,-0.0026,-0.0014,0.0019,0.0466,0.0225
5657,5.657,0.0026,0.0013,-0.0053,-0.0013,0.0744,0.1987
5658,5.658,-0.0003,0.0018,0.0005,-0.0016,0.0994,0.2528
5659,5.659,-0.0018,-0.0007,0.0012,0.002,0.1222,0.3019
5660,5.66,-0.0006,-0.0049,-0.0036,0.0024,0.1022,0.2591
5661,5.661,-0.0017,-0.0032,0.0006,-0.0005,0.2319,0.2993
5662,5.662,0.0034,-0.0006,0.0047,-0.0001,0.3835,0.841
5663,5.663,-0.0015,-0.0056,0.0022,0.0016,0.2003,0.6096
5664,5.664,-0.0009,-0.0007,0.0019,-0.0001,-0.0221,0.1167
5665,5.665,-0.0026,0.0024,0.0023,0.003,-0.1119,-0.2043
5666,5.666,-0.001,0.0029,-0.0034,0.0033,-0.0852,-0.2632
5667,5.667,-0.0007,-0.0018,0.0008,-0.0017,-0.1099,-0.3164
5668,5.668,-0.001,-0.0048,-0.0029,-0.0038,-0.0878,-0.2686
5669,5.669,0.0016,0.0041,0.0007,0.0005,-0.1487,-0.2249
5670,5.67,-0,0.0004,0.0002,-0.0036,-0.3895,-0.7409
5671,5.671,0.0003,0.0015,-0.0002,-0.0001,-0.2912,-0.8113
5672,5.672,0.0022,-0.0015,-0.0007,0.006,-0.0222,-0.235
5673,5.673,-0.0012,0.0031,-0.005,0.0001,0.0865,0.1538
5674,5.674,0.0016,0.0048,0.0001,0.0023,0.1026,0.2219
5675,5.675,-0.0006,0.0006,0.0018,-0.0061,0.1357,0.2929
5676,5.676,0.0058,0.0013,-0.0007,-0.0029,0.1061,0.2296
5677,5.677,-0.0026,-0.0022,0.0005,-0.0019,0.0792,0.1719
5678,5.678,-0.0016,-0.0027,0.0017,-0.0046,0.3502,0.5417
5679,5.679,-0.0026,-0.001,-0.0008,-0.0072,0.3143,0.8783
5680,5.68,0.002,0.0006,-0.0019,0.0043,0.1499,0.3976
5681,5.681,0.0028,-0.0024,-0.0029,0.0026,-0.0594,-0.0515
5682,5.682,0.0022,0.0005,-0.0027,0.0011,-0.0872,-0.2272
5683,5.683,0.0001,0.004,-0.0034,0.0024,-0.1121,-0.2811
5684,5.684,-0.0004,0.001,0.0004,0.0012,-0.1347,-0.3298
5685,5.685,0.0001,-0.0037,-0.0012,-0.0045,-0.1147,-0.1995
5686,5.686,0.0017,0.002,-0.0024,-0.0075,-0.2445,-0.3189
5687,5.687,-0.0005,-0.0017,0.0005,-0.0049,-0.3961,-0.8605
5688,5.688,0.0006,0.0033,0.0015,0.0046,-0.1723,-0.6288
5689,5.689,-0.0029,-0.0009,-0.0009,0.0034,0.0368,-0.1359
5690,5.69,-0.0033,-0.0038,-0.0005,-0.0022,0.0645,0.1851
5691,5.691,-0.003,-0.0053,-0.0024,-0.0013,0.0894,0.1278
5692,5.692,-0.0011,-0.0056,0.0015,0.0014,0.1119,0.2865
5693,5.693,-0.0008,0.0008,0.002,0.0039,0.0918,0.3346
5694,5.694,0.0016,-0,-0.0016,0.0046,0.1473,0.2036
5695,5.695,-0.0027,-0.0042,-0.0077,0.0052,0.3996,0.7194
5696,5.696,-0.001,0.0027,-0.0035,0.0035,0.2916,0.7896
5697,5.697,0.003,0,-0.0057,-0.0018,-0.0043,0.213
5698,5.698,0.0015,-0.0008,-0.0077,-0.0038,-0.0447,-0.176
5699,5.699,-0.0008,-0.0002,-0.0035,-0.0133,-0.0813,-0.248
5700,5.7,-0.002,0.0018,-0.0018,-0.023,-0.1145,-0.3132
5701,5.701,-0.003,0.0024,-0.0014,-0.0142,-0.1446,-0.2562
5702,5.702,-0.0034,0.0018,0.0056,-0.0064,-0.0636,-0.2042
5703,5.703,-0.0011,0.0023,-0.0017,0.0008,-0.3347,-0.5411
5704,5.704,0.0014,0.0001,-0.0009,0.0016,-0.371,-0.8477
5705,5.705,-0.001,0.004,0.005,0.0008,-0.141,-0.4115
5706,5.706,-0.0034,0.0055,0.0012,-0.003,0.0087,0.1126
5707,5.707,-0.0004,0.0013,0.0032,-0.0037,0.0362,0.1838
5708,5.708,0.0016,-0.0028,0.0049,0.0005,0.1102,0.2483
5709,5.709,-0.001,-0.0003,-0.0004,0.0046,0.1327,0.3065
5710,5.71,-0.0034,-0.0034,0.0016,0.001,0.1125,0.2537
5711,5.711,-0.0051,-0.0005,0.0021,0.0032,0.242,0.3015
5712,5.712,-0.0082,-0.0009,0.0004,0.0043,0.3935,0.869
5713,5.713,-0.0062,0.0001,0.0009,0.004,0.1696,0.6368
5714,5.714,-0.0037,-0.0009,-0.0033,0.0092,-0.0397,0.1432
5715,5.715,-0.0034,-0.0003,0.0007,0.0129,-0.0675,-0.1785
5716,5.716,-0.0018,-0.0042,0.0022,0.0122,-0.0925,-0.2381
5717,5.717,-0.0012,-0.013,0.001,0.0064,-0.1152,-0.292
5718,5.718,0.0022,-0.0094,0.0007,0.0086,-0.0952,-0.2447
5719,5.719,0.0018,-0.0062,0.0042,0.0065,-0.1137,-0.2016
5720,5.72,0.0005,0.0011,0.0038,-0.0004,-0.3663,-0.7181
5721,5.721,0.0056,0.0037,0.0042,-0.0013,-0.2584,-0.7889
5722,5.722,0.0035,0.0029,0.0016,-0.0055,-0.0282,-0.213
5723,5.723,0.0018,0.0006,0.0006,-0.0003,0.1216,0.1754
5724,5.724,0.0022,-0.0014,0.0023,0.0004,0.0949,0.2468
5725,5.725,0.0047,0.0002,-0.002,-0.0039,0.1197,0.3114
5726,5.726,0.005,0.0043,-0.0003,-0.001,0.1422,0.2539
5727,5.727,0.0053,-0.0005,-0.0008,-0.0025,0.0814,0.2013
5728,5.728,0.0027,0.0011,0.0007,0.0044,0.3221,0.5376
5729,5.729,-0.0005,0.0016,-0.0015,0.0097,0.3551,0.8437
5730,5.73,0.0023,0.0041,-0.0003,0.007,0.1462,0.4069
5731,5.731,0.0048,0.0053,0.0001,0.0061,-0.044,-0.0013
5732,5.732,-0.0004,0.0049,0.0033,0.0099,-0.1184,-0.2669
5733,5.733,0.0048,0.0046,0.0053,0.0092,-0.0964,-0.2198
5734,5.734,0.0012,0.0022,0.0028,0.0023,-0.117,-0.2641
5735,5.735,0.0042,-0.0002,-0.0004,0.005,-0.0987,-0.2249
5736,5.736,0.0025,0.0004,0.0008,0.0008,-0.2165,-0.3328
5737,5.737,0.003,-0.0025,-0.0027,-0.0107,-0.385,-0.825
5738,5.738,0.0018,-0.0043,-0.0015,-0.0158,-0.1832,-0.6143
5739,5.739,-0.0038,-0.0033,-0.0011,-0.0081,0.0072,-0.0375
5740,5.74,0.0014,0.0017,0.0007,-0.0041,0.0817,0.1964
5741,5.741,0.0007,0.0038,-0.0002,-0.0078,0.1044,0.268
5742,5.742,0.0024,-0.0005,-0.0046,-0.0022,0.125,0.2049
5743,5.743,-0.0004,-0.0045,-0.0005,-0.0052,0.1069,0.2638
5744,5.744,-0.0019,-0.003,0,-0.0025,0.1238,0.2116
5745,5.745,-0.0023,0,-0.0041,-0.0084,0.3535,0.7404
5746,5.746,0.0006,0.0021,0.0011,-0.0091,0.2552,0.8113
5747,5.747,-0.0051,0.0039,-0.0008,-0.0097,0.0462,0.2355
5748,5.748,0.0027,0.0016,-0.0025,-0.004,-0.09,-0.1528
5749,5.749,-0.0004,-0.0028,0.0004,0.0013,-0.1149,-0.224
5750,5.75,-0.0012,-0.0023,0.003,0.0006,-0.1375,-0.2884
5751,5.751,-0.0021,0.0002,0.0019,0.0037,-0.1173,-0.2306
5752,5.752,-0.0027,0.0006,-0.0001,0.0042,-0.0989,-0.1778
5753,5.753,-0.0047,-0.0023,0.0018,0.0017,-0.3175,-0.5139
5754,5.754,0.0022,0.0035,0.0022,-0.0014,-0.3474,-0.9071
5755,5.755,0.0014,0.0043,0.0046,-0.0025,-0.1031,-0.431
5756,5.756,0.0006,0.0022,0.0016,0.0033,0.0618,0.0185
5757,5.757,-0.0001,0.0071,-0.0023,0.0041,0.0922,0.1946
5758,5.758,-0.0007,0.0041,0.0003,0.0004,0.1197,0.2487
5759,5.759,0.001,0.0024,-0.0019,0.004,0.1445,0.2978
5760,5.76,0.0005,0.0009,-0.0047,0.0035,0.0777,0.255
5761,5.761,-0,-0.0002,-0.0028,0.0007,0.2201,0.2951
5762,5.762,0.0012,-0.0014,-0.0011,0.0043,0.387,0.8367
5763,5.763,0.0024,0.0044,-0.0014,0.0021,0.1854,0.6053
5764,5.764,-0.0001,0.0002,-0.0007,0.0069,-0.0048,0.1124
5765,5.765,0.0023,0.0039,0.001,0,-0.0792,-0.2085
5766,5.766,0.0047,0.0046,0.0008,-0.0064,-0.1019,-0.2674
5767,5.767,0.0005,0.0016,-0.0002,-0.0021,-0.1224,-0.3205
5768,5.768,-0,-0.0001,0.0012,0.0016,-0.104,-0.2727
5769,5.769,0.0005,-0.0016,0.0029,-0.0032,-0.1545,-0.2291
5770,5.77,0.001,-0.0028,0.0034,0.001,-0.3841,-0.745
5771,5.771,-0.0001,-0.0024,0.0004,-0.0019,-0.2858,-0.8153
5772,5.772,-0.0013,-0.002,-0.0044,0.0029,-0.0167,-0.2389
5773,5.773,-0.0002,0.0032,-0.0001,0.0024,0.0921,0.15
5774,5.774,0.0001,-0.002,-0.0054,-0.0017,0.1255,0.2218
5775,5.775,-0.0002,0,0.0041,-0.0027,0.1298,0.2661
5776,5.776,0.0002,0.0049,0.0005,0.0009,0.1002,0.3309
5777,5.777,-0.004,0.0007,0.0036,0.0012,0.0733,0.1572
5778,5.778,-0.0057,-0.0045,0.003,0.0001,0.295,0.5272
5779,5.779,-0.0005,-0.0025,0.0015,-0.0057,0.3249,0.8641
5780,5.78,-0.0011,-0.0042,-0.0016,-0.0031,0.135,0.471
5781,5.781,-0.0016,-0.0013,-0.0004,0.0006,-0.0875,-0.0059
5782,5.782,0.0001,-0.0018,0.0021,-0.0029,-0.0584,-0.199
5783,5.783,-0.0014,-0.0087,-0.0011,0.0001,-0.1401,-0.2579
5784,5.784,0.0016,-0.0035,-0.0058,0.003,-0.1159,-0.4168
5785,5.785,-0.0031,-0.0008,-0.0142,0.0035,-0.0939,-0.2729
5786,5.786,-0.0014,-0.0034,-0.011,0.0005,-0.2363,-0.3166
5787,5.787,-0.0009,-0.0012,-0.0015,0.0033,-0.4032,-0.8328
5788,5.788,-0.0066,-0.0032,0.0022,0.0075,-0.2016,-0.6222
5789,5.789,-0.0073,-0.0049,-0.0056,-0.0001,0.0429,-0.0455
5790,5.79,-0.0066,-0.0054,-0.0026,0.0009,0.0762,0.1883
5791,5.791,-0.0009,-0.0019,-0.0018,0.0018,0.1063,0.2598
5792,5.792,-0.0031,0.0023,-0.001,0.006,0.1335,0.3244
5793,5.793,0.0005,-0.0006,-0.0094,0.0023,0.109,0.2668
5794,5.794,-0,-0.0011,-0.0039,-0.0013,0.1313,0.2143
5795,5.795,0.0017,0.004,-0.0029,-0.0008,0.3959,0.7428
5796,5.796,0.0012,0.0004,-0.0002,0.0009,0.2877,0.8134
5797,5.797,0.0062,0.0046,-0.0011,0.0004,0.0573,0.2373
5798,5.798,0.0013,0.0017,0.0041,-0.0008,-0.0925,-0.1512
5799,5.799,0.0018,0.0022,0.0034,-0.002,-0.1203,-0.2227
5800,5.8,0.0002,0,0.0051,0.0031,-0.1452,-0.2874
5801,5.801,-0.0003,0.0003,-0.0001,0.0025,-0.1679,-0.2299
5802,5.802,0.0057,-0.0015,0.0063,-0.0018,-0.1072,-0.1774
5803,5.803,0.0032,-0.0048,0.0054,-0,-0.311,-0.5138
5804,5.804,0.0054,-0.0044,0.0032,0.0015,-0.3384,-0.9073
5805,5.805,-0.0039,-0.0063,0.0038,0.0003,-0.1165,-0.4317
5806,5.806,-0.0002,-0.0102,0.0055,-0.0017,0.0928,0.0175
5807,5.807,0.0031,-0.0067,0.0026,-0.0042,0.1204,0.1932
5808,5.808,0.002,-0.0036,0.0031,-0.001,0.0961,0.2469
5809,5.809,0.0048,0.0028,0.0028,-0.0038,0.1186,0.2956
5810,5.81,0.0039,0.0036,0.0007,-0.0035,0.0983,0.2524
5811,5.811,-0.0013,0.001,0.0042,-0.0087,0.2279,0.2921
5812,5.812,-0.0034,0.0032,0.002,-0.014,0.413,0.8334
5813,5.813,0.0049,0.0067,0.0024,-0.0119,0.1911,0.6015
5814,5.814,0.0039,0.0024,0.0005,-0.0062,-0.0182,0.1083
5815,5.815,-0.0013,0.0065,0.0044,-0.0025,-0.1002,-0.213
5816,5.816,0.0014,0.0039,-0.0004,-0.0004,-0.1252,-0.2723
5817,5.817,0.0005,0.0051,-0.0009,-0.001,-0.1032,-0.2203
5818,5.818,0.0012,0.0079,-0.0004,0.0007,-0.0832,-0.2688
5819,5.819,-0.0008,0.0076,-0.0039,0.0012,-0.1389,-0.2254
5820,5.82,0.0022,0.0052,0.0003,0.0063,-0.3914,-0.7416
5821,5.821,0.0005,0.0001,0.0008,0.0043,-0.2835,-0.8122
5822,5.822,-0.001,0.0021,0.0044,0.0025,-0.0534,-0.236
5823,5.823,-0.0022,0.0015,-0.0026,0.002,0.0963,0.1526
5824,5.824,-0.0019,0.0032,0.0005,0.0035,0.1239,0.2241
5825,5.825,-0.0015,0.0047,-0.0022,0.0039,0.0996,0.2889
5826,5.826,-0.0019,0.0035,0.0003,0.001,0.1222,0.2314
5827,5.827,0.0005,-0.0021,-0.0004,0.002,0.1019,0.179
5828,5.828,0.0023,0.0016,0.0003,0.0059,0.3056,0.5154
5829,5.829,-0.0016,-0.0004,0.002,0.0044,0.3328,0.9089
5830,5.83,-0.0021,-0.0021,-0.0032,-0.0018,0.1107,0.4332
5831,5.831,-0.0036,0.0007,0.0032,0.006,-0.039,-0.0157
5832,5.832,-0.0024,0.0065,-0.001,0.0008,-0.0667,-0.1914
5833,5.833,-0.0045,0.0012,-0.0003,-0.0057,-0.0915,-0.2452
5834,5.834,-0.0041,-0.0008,-0.001,-0.0015,-0.1141,-0.2938
5835,5.835,0.0011,-0.0025,0.0007,0.0007,-0.0939,-0.2508
5836,5.836,-0.0011,-0.0054,-0.0057,0.0014,-0.2235,-0.2907
5837,5.837,0.0009,-0.0039,-0.0015,0.0031,-0.4086,-0.8319
5838,5.838,0.0004,-0.0009,0.0038,-0.001,-0.1868,-0.6001
5839,5.839,0.0021,-0.0056,-0.0011,0.0005,0.0226,-0.1069
5840,5.84,-0.0015,0.0001,-0.0041,0.0074,0.1045,0.2144
5841,5.841,0.0007,-0.0036,-0.0024,0.0022,0.1296,0.2734
5842,5.842,-0.0049,-0,-0.0008,-0.0005,0.1076,0.3269
5843,5.843,-0.0042,-0.0031,-0.0011,0.002,0.0876,0.2793
5844,5.844,-0.0006,-0.0002,-0.0014,0.0073,0.1432,0.2358
5845,5.845,-0.0001,-0.0037,0.0043,0.0108,0.3958,0.6725
5846,5.846,-0.0018,-0.0058,0.0001,0.0066,0.288,0.7309
5847,5.847,-0.0033,-0.0061,0.0008,-0.0022,0.0579,0.2547
5848,5.848,0.0018,-0.0051,0.0002,-0.0084,-0.0917,-0.1946
5849,5.849,0.0025,-0.0054,0.0007,-0.0052,-0.1191,-0.2541
5850,5.85,-0.0006,-0.0003,-0.001,-0.0083,-0.1438,-0.3078
5851,5.851,-0.0011,0.0005,0.0006,-0.0129,-0.1216,-0.2605
5852,5.852,0.0025,-0,0.0003,-0.012,-0.1013,-0.2172
5853,5.853,0.0037,0.0005,-0.0018,-0.0021,-0.3048,-0.4951
5854,5.854,0.0008,-0.002,-0.0021,0.002,-0.386,-0.8923
5855,5.855,-0.0011,0.0003,-0.0038,-0.0018,-0.1146,-0.4166
5856,5.856,0.0013,0.0015,-0.0014,-0.0028,0.0666,0.0325
5857,5.857,0.0003,0.0051,-0.0028,0.0025,0.1003,0.2082
5858,5.858,0.0009,0.0054,-0.0011,-0.0021,0.1305,0.2618
5859,5.859,0.0011,0.0035,0.0016,0.0021,0.1038,0.3104
5860,5.86,-0.0001,0.0039,-0.0001,0.0014,0.0795,0.2672
5861,5.861,0.0031,0.0056,-0.0032,-0.0007,0.2365,0.307
5862,5.862,0.0001,0.0006,-0.0006,0.0024,0.379,0.8483
5863,5.863,0.0013,0.0027,0.001,-0.0005,0.2124,0.6165
5864,5.864,0.0016,0.0022,0.004,0.003,-0.0347,0.1232
5865,5.865,0.0019,0.0005,-0.0002,0.006,-0.0681,-0.1981
5866,5.866,0.0023,0.0021,0.0014,0.0021,-0.0983,-0.2572
5867,5.867,0.0024,0.0009,-0.0054,-0.0015,-0.1256,-0.3105
5868,5.868,-0.001,0.003,0.001,-0.0027,-0.1012,-0.2629
5869,5.869,0.0002,0.0049,0.0002,0.0038,-0.1235,-0.2195
5870,5.87,0.0005,-0.0003,0.0008,0.001,-0.3881,-0.7357
5871,5.871,-0.0014,0.0019,-0.0013,0.0019,-0.2801,-0.8063
5872,5.872,-0.0004,-0.0046,0.0029,0.0056,-0.0498,-0.2302
5873,5.873,-0.0014,-0.002,0.0012,-0.0051,0.1,0.1584
5874,5.874,0.0028,-0.0042,0.0017,-0.0066,0.0735,0.23
5875,5.875,0.0011,0.0022,0.0005,-0.0053,0.1475,0.2946
5876,5.876,-0.0029,0.0056,0.0006,0.001,0.1143,0.2804
5877,5.877,-0.0001,-0.0003,0.0009,0.0047,0.0921,0.2228
5878,5.878,0.0035,0.0018,0.0019,0.0057,0.3159,0.4869
5879,5.879,0.0005,0.0025,0.0009,0.0026,0.3459,0.8235
5880,5.88,-0.0007,0.002,-0.0015,-0.0001,0.1017,0.4303
5881,5.881,0.0011,0.0003,-0.0022,-0.0027,-0.0631,-0.0466
5882,5.882,0.0001,0.0028,-0.0021,0.001,-0.0935,-0.2399
5883,5.883,0.0004,-0.0003,-0.0004,-0.001,-0.1209,-0.1829
5884,5.884,0.0018,0.0009,-0.0025,0.0007,-0.1457,-0.2362
5885,5.885,-0.0016,0.0034,-0.0042,0.0011,-0.1236,-0.2847
5886,5.886,0.0015,0.0023,-0.0069,0.0016,-0.2254,-0.2413
5887,5.887,-0.0024,0.002,-0.0066,-0.0014,-0.3923,-0.837
5888,5.888,0.0001,-0.0011,-0.0049,-0.0011,-0.1907,-0.5821
5889,5.889,-0.0011,0.0009,-0.0043,-0.0008,-0.0005,-0.0394
5890,5.89,-0.0014,-0.0049,-0.0004,-0.0061,0.1233,0.1728
5891,5.891,-0.001,-0.0024,0.0001,-0.0146,0.1013,0.2378
5892,5.892,-0.0007,-0.0047,0.0016,-0.0156,0.1217,0.2964
5893,5.893,-0.001,-0.0154,-0.0006,-0.0126,0.1034,0.2441
5894,5.894,-0.0041,-0.0169,0.0005,-0.0023,0.1202,0.1961
5895,5.895,-0.008,-0.0073,0.0002,0.0018,0.3498,0.6765
5896,5.896,-0.0012,-0.0037,0.0054,0.0005,0.2514,0.7407
5897,5.897,0.0015,-0.0093,0.0047,0.0015,0.0422,0.3333
5898,5.898,-0.0027,-0.0146,0.004,0.0046,-0.094,-0.1439
5899,5.899,-0.002,-0.0082,0.0045,0.0091,-0.1192,-0.2095
5900,5.9,-0.0027,-0.0023,0.0062,0.0082,-0.142,-0.2685
5901,5.901,0.0004,0.0014,0.0005,0.006,-0.122,-0.322
5902,5.902,0.0009,0.002,0.0057,0.0039,-0.0667,-0.2745
5903,5.903,0.0014,0.0024,0.0021,0.0044,-0.2856,-0.5803
5904,5.904,0.0011,-0.0017,0.0038,0.0027,-0.3752,-0.9381
5905,5.905,0.0058,0.0008,0.0033,0.0002,-0.1311,-0.4097
5906,5.906,-0.0024,0.0059,0.0018,0.0013,0.0993,0.0838
5907,5.907,-0.0035,-0.0035,-0.0024,0.0061,0.1296,0.2771
5908,5.908,0.0018,-0.0047,0.0016,0.0044,0.1569,0.2199
5909,5.909,0.0009,-0.0058,0.0021,-0.0009,0.1326,0.2733
5910,5.91,0.0035,-0.0006,0.0025,0.0027,0.1103,0.2257
5911,5.911,0.0013,0.0021,0.0045,0.0021,0.212,0.2694
5912,5.912,-0.0007,0.0012,0.007,0.0004,0.4158,0.8649
5913,5.913,0.0023,0.0049,0.0018,0.004,0.2261,0.6098
5914,5.914,0.0018,0.0055,-0.0019,0.0062,0.0036,0.067
5915,5.915,0.0043,0.006,0.0001,0.0023,-0.0864,-0.2862
5916,5.916,0.0013,0.0064,-0.0029,0.0028,-0.1139,-0.2236
5917,5.917,0.0042,0.0059,-0.0034,0.0017,-0.1388,-0.2825
5918,5.918,0.0031,0.0062,-0.0049,0.002,-0.1167,-0.2304
5919,5.919,-0.0001,0.0033,0.0002,-0.0022,-0.1371,-0.1828
5920,5.92,0.0003,0.0068,0.0023,-0.0039,-0.415,-0.6634
5921,5.921,0.0006,0.0056,0.0006,-0.0064,-0.2963,-0.8559
5922,5.922,0.0009,0.0076,-0.007,-0.0061,-0.0435,-0.2161
5923,5.923,-0.0008,0.0018,-0.004,-0.0081,0.1213,0.2111
5924,5.924,-0.005,0.006,-0.0013,-0.0024,0.092,0.2897
5925,5.925,-0.002,0.0007,-0.0021,-0.0015,0.1193,0.2201
5926,5.926,-0.0037,0.0042,0.0017,0.0007,0.144,0.2846
5927,5.927,-0.0032,0,-0.0048,0,0.0769,0.2268
5928,5.928,-0.001,-0.0017,-0.0005,-0.003,0.3007,0.4908
5929,5.929,-0.0007,0.0008,-0.0027,-0.0025,0.3306,0.8273
5930,5.93,0.0036,0.0038,-0.0034,-0.006,0.1407,0.4339
5931,5.931,-0.0029,0.0018,-0.0017,-0.0057,-0.0819,-0.0432
5932,5.932,0.003,-0.004,-0.0011,0.0008,-0.1122,-0.2367
5933,5.933,-0.0022,0.0003,-0.0059,-0.0001,-0.0855,-0.2959
5934,5.934,-0.0002,0.0009,-0.0016,0.0025,-0.1103,-0.2437
5935,5.935,-0.0019,0.0016,-0.0033,0.0032,-0.0882,-0.1963
5936,5.936,-0.0024,0.0021,0.0015,-0.0003,-0.1899,-0.2404
5937,5.937,0.0023,-0.0008,0.001,-0.002,-0.3937,-0.836
5938,5.938,0.0006,-0.0013,0.0051,0.0056,-0.204,-0.5811
5939,5.939,-0.0035,-0.0024,-0.0007,0.0026,0.0184,-0.0385
5940,5.94,0.0043,0.0023,0.0046,0.0035,0.1085,0.1737
5941,5.941,-0.0013,0.0028,-0.0003,-0.0024,0.0818,0.2387
5942,5.942,-0.0023,0.0023,0.0003,0.0029,0.1067,0.2974
5943,5.943,-0.0032,-0.0012,-0.0002,-0.0006,0.0847,0.2451
5944,5.944,-0.0023,0,0.0003,0.0052,0.1051,0.1972
5945,5.945,-0.0016,-0.0003,0.0016,0.0015,0.383,0.6776
5946,5.946,-0.001,0.0008,0.0004,-0.0005,0.2643,0.7418
5947,5.947,0.0007,-0.0024,0.0023,0.0026,0.0835,0.3343
5948,5.948,0.0013,-0.0012,-0.0029,-0.0003,-0.0813,-0.1428
5949,5.949,0.0007,-0.0001,0.0008,0.0013,-0.1115,-0.2082
5950,5.95,-0.0014,0.001,0.0015,-0.0017,-0.1387,-0.2671
5951,5.951,-0.0026,-0.0014,-0.0001,-0.0013,-0.1143,-0.3207
5952,5.952,0.0031,-0.002,0.0004,0.0006,-0.092,-0.1771
5953,5.953,0.0023,-0.0007,0.0062,0.0003,-0.3158,-0.4831
5954,5.954,0.0045,-0.0023,-0.0007,0.002,-0.3457,-0.9201
5955,5.955,0.0065,-0.0033,-0.0015,0.0001,-0.1015,-0.5135
5956,5.956,-0.0004,-0.0046,-0.0006,-0.001,0.0634,0.0691
5957,5.957,-0.0049,-0.0018,0.0001,-0.0009,0.0939,0.1479
5958,5.958,-0.0007,0.0018,0.0022,0.002,0.1214,0.2191
5959,5.959,-0,-0.005,0.0017,0.0017,0.0971,0.2837
5960,5.96,0.002,-0.0019,0.0001,0.0034,0.075,0.226
5961,5.961,0.0037,-0.0026,-0.0035,-0.0017,0.2174,0.2789
5962,5.962,-0.0003,0.0034,-0.0004,-0.0095,0.3841,0.8074
5963,5.963,0.0002,-0.0003,-0.0015,-0.0042,0.1825,0.5969
5964,5.964,-0.001,-0.0009,-0.0025,-0.0015,-0.0078,0.1482
5965,5.965,0.0029,-0.0025,-0.0008,0.001,-0.0822,-0.1439
5966,5.966,-0.0018,-0.0041,0.0022,-0.0042,-0.105,-0.198
5967,5.967,0.0025,0.0017,-0.0003,-0.0036,-0.1256,-0.2467
5968,5.968,-0.0028,-0.0005,0.0007,0.0022,-0.1073,-0.2909
5969,5.969,0.0037,-0.0024,-0.0003,0.0059,-0.1242,-0.1723
5970,5.97,0.0012,0.0018,0.004,0.0023,-0.3538,-0.7135
5971,5.971,0.0005,0.0024,0.0057,0.0006,-0.2556,-0.7913
5972,5.972,0.0026,0.004,0.0062,0.0046,-0.0465,-0.2986
5973,5.973,0.0009,0.0018,0.0005,0.0031,0.0897,0.1506
5974,5.974,-0.0043,0.0015,-0.0002,0.0034,0.1148,0.21
5975,5.975,-0.0008,-0.002,-0.0009,-0.003,0.1374,0.2635
5976,5.976,-0.0002,0.0031,0.0008,-0.0057,0.1173,0.3121
5977,5.977,0.0001,0.0022,0.0008,-0.0031,0.0875,0.1953
5978,5.978,0.003,-0.0013,0.0037,-0.0056,0.3282,0.501
5979,5.979,0.0015,0.003,-0.0041,-0.0034,0.3612,0.8585
5980,5.98,0.0037,0.0035,-0.0008,0.0014,0.0924,0.426
5981,5.981,0.0049,0.002,-0.0018,0.0056,-0.0886,0.0178
5982,5.982,-0.0008,0.0008,-0.0045,0.0016,-0.1221,-0.2479
5983,5.983,-0.0033,-0.0031,0.0014,-0.0032,-0.0927,-0.2009
5984,5.984,0.0004,-0.0016,0.0007,-0.0015,-0.12,-0.2452
5985,5.985,-0.0003,0.0006,-0.0013,-0.002,-0.0957,-0.2853
5986,5.986,-0.0008,0.001,0.0017,-0.0098,-0.2077,-0.3216
5987,5.987,0.0009,0.002,0.0022,-0.0155,-0.3911,-0.814
5988,5.988,-0.0016,-0.0033,-0.0035,-0.0124,-0.2187,-0.6036
5989,5.989,0.0006,0.002,-0.0029,-0.006,0.0283,-0.1549
5990,5.99,-0.0006,-0.0029,-0.0049,-0.0001,0.0618,0.1372
5991,5.991,-0.0042,0.0013,-0.0007,-0.0008,0.092,0.1909
5992,5.992,-0.003,-0.0004,-0.0013,0.0027,0.1193,0.2395
5993,5.993,-0.0033,-0.004,0.0013,0.0084,0.0949,0.2835
5994,5.994,-0.0015,-0.0028,0.0024,0.0077,0.1173,0.2442
5995,5.995,-0.0038,-0.0008,0.0021,0.0042,0.3819,0.7133
5996,5.996,-0.0022,-0.0012,-0.0037,0.0058,0.274,0.7775
5997,5.997,0.0015,-0.0036,-0.0046,0.0005,0.0437,0.2538
5998,5.998,-0.001,-0.0026,-0.0053,-0.0059,-0.106,-0.0994
5999,5.999,-0.0022,0.0016,-0.006,-0.0034,-0.1336,-0.1647
6000,6,-0.0025,-0.0015,-0.0077,0.0051,-0.1095,-0.2235
6001,6.001,0.0017,0.0002,-0.0061,0.006,-0.0874,-0.277
6002,6.002,0.0045,-0.0004,-0.0036,0.003,-0.0672,-0.2293
6003,6.003,-0.0002,-0.0055,-0.0005,0.0002,-0.308,-0.4479
6004,6.004,-0.0008,-0.0035,-0.007,0.0061,-0.341,-0.8849
6005,6.005,0.0009,0.0007,-0.0135,0.0024,-0.1322,-0.4784
6006,6.006,0.0004,-0.0069,-0.0023,0.0044,0.0582,-0.0015
6007,6.007,-0.0008,-0.0142,-0.0039,-0.0013,0.1325,0.1919
6008,6.008,-0.002,-0.0116,0.0001,-0.002,0.1105,0.2507
6009,6.009,-0.0002,-0.0074,0.0038,-0,0.1311,0.3042
6010,6.01,0.0015,-0.0005,0.007,0.0042,0.1128,0.2567
6011,6.011,0.0025,0.0022,0.0017,0.0047,0.1969,0.3005
6012,6.012,0.0006,0.003,0.0062,0.0011,0.396,0.8168
6013,6.013,-0.0033,0.0082,0.007,0.0041,0.2063,0.6064
6014,6.014,-0.0062,0.0047,0.0077,0.0013,-0.0161,0.1577
6015,6.015,-0.0068,0.0029,0.0041,0.0002,-0.1061,-0.2504
6016,6.016,-0.0098,0.0058,0.0046,0.0041,-0.1336,-0.1987
6017,6.017,-0.006,0.0063,0.005,0.0016,-0.1094,-0.2473
6018,6.018,-0.0035,0.004,0.0003,-0.0054,-0.0873,-0.2913
6019,6.019,-0.0013,0.0028,0.0019,-0.0084,-0.1077,-0.1726
6020,6.02,0.0051,0.0018,-0.001,-0.0038,-0.3855,-0.7137
6021,6.021,0.0024,-0.0028,0.0026,0.0021,-0.2667,-0.7913
6022,6.022,-0.0019,0.0014,-0.0017,-0.0031,-0.0859,-0.2985
6023,6.023,0.0003,0.0078,0.0035,0.0018,0.079,0.1509
6024,6.024,0.001,0.0035,-0,0.0035,0.1093,0.2104
6025,6.025,0.0014,-0.0017,0.0004,0.004,0.1367,0.2641
6026,6.026,0.0031,0.0003,-0.0001,-0.0007,0.1124,0.3129
6027,6.027,0.0005,-0.0003,0.0024,0.001,0.0902,0.1825
6028,6.028,-0.0025,0.0014,-0.0027,0.0027,0.3141,0.4604
6029,6.029,0.0039,0.0019,0.0022,0.0012,0.3441,0.8578
6030,6.03,0.0012,0.0007,0.0005,0,0.1542,0.4883
6031,6.031,0.0071,0.0003,0.0034,-0.0011,-0.0683,-0.0415
6032,6.032,0.0048,-0.0022,-0.0014,-0.0029,-0.0987,-0.2536
6033,6.033,0.0013,0.0023,-0.0009,-0.0005,-0.1261,-0.1905
6034,6.034,0.0055,0.0028,0.0079,0.0032,-0.1509,-0.249
6035,6.035,0.005,-0.0001,-0.0009,-0.0018,-0.0838,-0.3021
6036,6.036,0.0024,0.0024,0.0023,-0.0011,-0.1855,-0.2541
6037,6.037,0.0036,-0.0006,0.0053,0.0019,-0.3892,-0.9092
6038,6.038,0.0056,0.0041,0.0045,0.0015,-0.1996,-0.6285
6039,6.039,-0.0002,-0.0001,0.0003,-0.0011,0.0229,-0.0313
6040,6.04,0.0007,-0.0006,0.004,-0.0022,0.0535,0.2026
6041,6.041,-0.0015,-0.0011,0.002,-0.0069,0.1352,0.2742
6042,6.042,0.0034,0,-0.0011,0.0001,0.111,0.211
6043,6.043,0.0029,0.0048,-0.0063,-0.0044,0.0889,0.2698
6044,6.044,0.0012,0.0031,-0.0043,0.0016,0.1094,0.2177
6045,6.045,-0.0003,0.0014,-0.0012,-0.0021,0.3873,0.6504
6046,6.046,-0.0006,0.0019,0.0005,-0,0.2687,0.8253
6047,6.047,-0.0009,-0.0031,-0.003,-0.0042,0.0879,0.244
6048,6.048,0.0027,0.0018,0.0039,-0.0013,-0.0768,-0.1443
6049,6.049,-0.0015,-0.0012,-0.0034,0.0003,-0.107,-0.2157
6050,6.05,0.0014,-0.0041,-0.0025,0.0015,-0.1343,-0.28
6051,6.051,0.0019,-0.0046,-0.0033,-0.0004,-0.1099,-0.2223
6052,6.052,-0.0011,-0.0033,0.0019,0.0054,-0.0877,-0.1696
6053,6.053,-0.0023,0.0023,-0.0016,-0.0004,-0.3114,-0.4097
6054,6.054,-0.0013,-0.0029,-0.0033,0.0003,-0.3412,-0.8901
6055,6.055,-0.0009,-0.0008,0.0008,-0.0003,-0.1513,-0.4423
6056,6.056,0.0015,0.0023,-0.0027,0.004,0.0713,0.0825
6057,6.057,-0.0027,0.0018,0.0043,0.0011,0.1018,0.1545
6058,6.058,-0.0022,-0.006,-0.0009,0.0027,0.1293,0.2197
6059,6.059,-0.0027,-0.0027,-0.0017,0.0024,0.1051,0.2787
6060,6.06,-0.0022,0.0026,-0.0008,0.0004,0.083,0.2267
6061,6.061,-0.0018,0.0018,0.0014,0.0008,0.2253,0.2753
6062,6.062,-0.003,-0.0024,-0.0034,0.0011,0.3922,0.8437
6063,6.063,-0.0026,0.0014,-0.0017,-0.0012,0.1906,0.6122
6064,6.064,-0.0016,0.0021,-0.0022,0.003,0.0004,0.1193
6065,6.065,-0.0006,-0.0021,-0.0016,0.0013,-0.074,-0.2018
6066,6.066,0.0013,0.002,0.0006,0.0078,-0.0968,-0.2608
6067,6.067,-0.001,0.0005,-0.0005,0.0018,-0.1174,-0.314
6068,6.068,0.0014,0.0009,0.0014,-0.0019,-0.136,-0.2662
6069,6.069,0.0007,0.003,-0.0018,-0.0039,-0.1192,-0.2226
6070,6.07,-0.0016,-0.0028,-0.0021,-0.0034,-0.3488,-0.6591
6071,6.071,0.0008,-0.0002,0.0005,-0.0075,-0.3161,-0.8335
6072,6.072,0.0001,0.002,-0.0005,0.0003,-0.0472,-0.2517
6073,6.073,-0.0016,0,-0.0015,-0.0029,0.0616,0.1371
6074,6.074,0.0007,0.0031,-0.0008,0.0001,0.0949,0.209
6075,6.075,0.002,0.0002,-0.0006,-0.0008,0.125,0.2739
6076,6.076,0.0022,-0.0023,0.0031,0.0001,0.0982,0.3327
6077,6.077,-0.0015,-0.0011,0.0047,-0.0006,0.0738,0.1749
6078,6.078,0.0007,-0.0013,0.0067,-0.0037,0.3039,0.4549
6079,6.079,0.0013,-0.0041,0.0017,-0.003,0.3712,0.8878
6080,6.08,0.0025,0.0016,0.001,0.0027,0.1472,0.4813
6081,6.081,0.0045,0.0042,0.0015,-0.0058,-0.0621,0.0045
6082,6.082,-0.0012,0.0048,-0.0025,-0.0026,-0.0898,-0.1887
6083,6.083,-0.0055,-0.0001,-0.002,0.0004,-0.1147,-0.2475
6084,6.084,-0.0002,-0.0018,0.001,0.0012,-0.1374,-0.3008
6085,6.085,0.0018,-0.0001,0.0007,0.0037,-0.1173,-0.253
6086,6.086,0.0001,-0.0016,0.0011,0.0073,-0.1729,-0.2968
6087,6.087,-0.0051,0.0026,-0.0042,0.0009,-0.3918,-0.8922
6088,6.088,-0.0071,0.0009,-0.0004,0.0034,-0.2428,-0.6372
6089,6.089,-0.0077,-0.0038,-0.0025,0.004,0.0018,-0.0943
6090,6.09,-0.0094,-0.0008,0.0033,-0.0038,0.1008,0.2589
6091,6.091,-0.0046,-0.0049,0.0011,-0.0091,0.131,0.1962
6092,6.092,-0.0004,-0.0002,-0.001,-0.01,0.1041,0.255
6093,6.093,-0.0009,-0.0007,0.0007,-0.0092,0.0797,0.3082
6094,6.094,-0.0004,-0.0024,0.0012,-0.0023,0.102,0.1644
6095,6.095,-0.0008,0.0001,0.0007,-0.0051,0.4072,0.645
6096,6.096,0.0012,-0.0042,0.0019,0.0043,0.2764,0.8372
6097,6.097,0.0038,-0.0001,0.0015,-0.007,0.0774,0.3136
6098,6.098,0.0034,-0.0027,0.0012,-0.0117,-0.1036,-0.1802
6099,6.099,0.0051,0.0003,0.0028,-0.013,-0.0714,-0.2455
6100,6.1,0.0025,-0.0053,-0.0022,-0.0119,-0.1016,-0.3044
6101,6.101,0.0029,-0.0106,-0.0016,-0.0064,-0.129,-0.2523
6102,6.102,0.0045,-0.0156,-0.0021,-0.0012,-0.1047,-0.2046
6103,6.103,0.0008,-0.0061,-0.0038,-0.0004,-0.3064,-0.4231
6104,6.104,0.0023,0.0008,-0.0003,0.0074,-0.3879,-0.9396
6105,6.105,0.0011,0.0045,0.0001,0.0043,-0.1167,-0.4476
6106,6.106,0.0023,-0.0011,-0.0038,0.0051,0.0642,0.0013
6107,6.107,0.0004,0.0019,-0.0013,0.0059,0.0976,0.177
6108,6.108,-0.002,0.0027,-0.0017,0.0052,0.1277,0.2304
6109,6.109,0.0004,0.0035,-0.0005,0.0087,0.155,0.279
6110,6.11,0.0005,0.0041,-0.0041,0.0081,0.0813,0.2357
6111,6.111,0.0034,0.0048,-0.0053,0.0041,0.1933,0.2754
6112,6.112,0.0044,0.0053,-0.0092,0.0055,0.3765,0.8165
6113,6.113,0.0041,-0.0012,-0.0056,0.0077,0.2041,0.7394
6114,6.114,0.0017,-0.0021,-0.006,0.0056,0.0018,0.1052
6115,6.115,-0.0014,0.0016,-0.0021,0.0114,-0.0801,-0.1518
6116,6.116,-0.0025,0.0051,0.0004,0.0019,-0.1051,-0.2304
6117,6.117,-0.0029,0.0009,0.0034,0.0007,-0.1277,-0.3014
6118,6.118,0.0003,0.0003,0.0014,0.0017,-0.1077,-0.2381
6119,6.119,-0.0061,0.0039,0.0017,0.0069,-0.1263,-0.1805
6120,6.12,0.0003,0.0017,-0.0007,0.0042,-0.3788,-0.6563
6121,6.121,-0.0039,0.002,0.0044,-0.0001,-0.2709,-0.8486
6122,6.122,0.003,-0.0006,0.0037,0.0036,-0.0408,-0.3251
6123,6.123,-0.0016,0.0033,0.0042,0.0001,0.1089,0.1685
6124,6.124,0.001,0.0028,0.0001,0.0018,0.0824,0.2337
6125,6.125,-0.0012,-0.0003,-0.0004,0.0012,0.1072,0.2924
6126,6.126,0.0024,0,0.0018,-0.0023,0.1298,0.2401
6127,6.127,-0.0007,0.001,0.0038,-0.002,0.069,0.1923
6128,6.128,-0.0002,0.0013,0.0034,-0.0048,0.3098,0.4105
6129,6.129,0.0024,0.0017,0.0058,-0.0006,0.3429,0.9268
6130,6.13,0.0027,0.0059,0.0054,0.0011,0.1341,0.4346
6131,6.131,-0.0012,0.0017,0.004,0.0026,-0.0562,-0.0145
6132,6.132,-0.0007,-0,0.0001,0.0048,-0.0813,-0.1904
6133,6.133,-0.0019,-0.0016,0.0006,0.0001,-0.104,-0.2444
6134,6.134,0.0002,-0.0004,-0.0062,-0.0016,-0.1245,-0.2933
6135,6.135,-0.0009,-0.0024,-0.0016,0.0013,-0.1062,-0.2503
6136,6.136,-0.0032,-0.0014,0.0009,-0.0022,-0.1903,-0.2902
6137,6.137,0.0012,-0.0004,0.0046,-0.001,-0.4198,-0.8316
6138,6.138,-0.0041,0.0013,0.0011,0.0019,-0.1901,-0.6
6139,6.139,0.0037,-0.0013,-0.002,-0.0032,0.0192,-0.107
6140,6.14,0.0027,0.0019,-0.0003,-0.0011,0.1012,0.2142
6141,6.141,0,-0.0001,0.0023,-0.0068,0.1262,0.2733
6142,6.142,-0.0008,0.0024,0.0011,-0.0046,0.1489,0.2212
6143,6.143,-0.0001,-0.0028,0.0015,-0.0025,0.0882,0.2697
6144,6.144,0.0006,0.0056,0.005,-0.0055,0.1068,0.2263
6145,6.145,0.0001,0.0001,0.0008,-0.0014,0.3593,0.6628
6146,6.146,-0.0004,0.0053,-0.0044,-0.0039,0.2515,0.8374
6147,6.147,-0.0009,-0.0011,-0.0037,-0.0008,0.0871,0.2558
6148,6.148,0.0014,-0.0002,-0.002,0.004,-0.0626,-0.1327
6149,6.149,0.0011,0.0005,-0.0037,0.001,-0.0902,-0.2044
6150,6.15,-0.0008,-0.0015,-0.0031,0.0006,-0.115,-0.2691
6151,6.151,0.001,-0.0032,-0.002,-0.0009,-0.1375,-0.3277
6152,6.152,-0,-0.0003,0.0019,-0.0039,-0.0767,-0.1696
6153,6.153,-0.0007,-0.0018,-0.0006,-0.0026,-0.3174,-0.41
6154,6.154,-0.0005,-0.0006,0.0006,-0.0007,-0.3503,-0.8906
6155,6.155,0.0017,-0.0034,0.0027,-0.0009,-0.1415,-0.443
6156,6.156,-0.002,0.0024,-0.0015,0.0042,0.0489,0.0816
6157,6.157,0.0005,-0.0018,-0.001,0.005,0.1233,0.1534
6158,6.158,0.0009,0.0004,0.0015,0.0008,0.1014,0.2184
6159,6.159,-0.002,-0.0016,0.0012,-0.0031,0.122,0.2772
6160,6.16,-0.0016,0.0001,0.0041,0.0017,0.1038,0.2251
6161,6.161,-0.0006,-0.0004,0.0031,-0.0013,0.1879,0.2736
6162,6.162,-0.0009,0.0011,0.0055,-0.0007,0.387,0.8419
6163,6.163,0.0021,-0.0031,0.0004,0.0008,0.1975,0.6103
6164,6.164,-0.0007,-0.0048,0.0011,0.0005,-0.0249,0.1175
6165,6.165,-0.0004,-0.0042,0.0028,0.0002,-0.1148,-0.2038
6166,6.166,0.0035,0.0027,-0.0001,0.0028,-0.0881,-0.263
6167,6.167,0.003,-0.0003,-0.0048,-0.0017,-0.1128,-0.2107
6168,6.168,0.006,-0.0012,-0.0005,-0,-0.0906,-0.2592
6169,6.169,-0.0004,-0.002,-0.0034,-0.0041,-0.111,-0.2158
6170,6.17,-0.0031,-0.0042,-0.0019,0.0007,-0.3888,-0.6524
6171,6.171,-0.004,-0.0006,-0.0007,-0.0024,-0.27,-0.8269
6172,6.172,-0.0018,0.0024,-0.0046,0.0005,-0.0891,-0.2452
6173,6.173,-0.0011,-0.0028,-0.001,0.001,0.0757,0.1434
6174,6.174,-0.0041,0.0007,0.0012,-0.0002,0.1059,0.2151
6175,6.175,0.0023,-0.001,0.0032,0.0054,0.1332,0.2799
6176,6.176,0.0031,-0.0005,0.0013,-0.0015,0.1089,0.3387
6177,6.177,-0.0038,-0.003,0.0003,-0.0007,0.0419,0.1808
6178,6.178,-0.0011,0,-0.0007,0.0035,0.3064,0.4211
6179,6.179,0.0029,0.0007,0.0018,0.0045,0.3614,0.8807
6180,6.18,0.0038,0.0019,-0.0007,0.0067,0.1087,0.4878
6181,6.181,0.0016,0.0044,-0.0004,0.0046,-0.0561,0.0109
6182,6.182,0.0065,0.0012,0.0033,0.0016,-0.0866,-0.1824
6183,6.183,0.0007,0.0051,0.0002,0.0068,-0.1141,-0.2414
6184,6.184,0.0029,0.0016,-0.0001,0.0061,-0.1389,-0.2947
6185,6.185,-0.0007,0.0019,0.0017,0.0066,-0.1169,-0.2471
6186,6.186,-0.0012,0.0066,-0.0022,0.0037,-0.1779,-0.2909
6187,6.187,-0.0017,0.0009,-0.007,0.0001,-0.4188,-0.8071
6188,6.188,-0.0002,-0.0013,-0.0075,-0.0069,-0.1892,-0.5967
6189,6.189,-0.0014,0.0036,-0.0104,-0.0142,0.0199,-0.1482
6190,6.19,-0.0003,-0.0006,-0.0119,-0.0188,0.1018,0.1439
6191,6.191,-0.0039,-0.0023,-0.0116,-0.0093,0.1267,0.1977
6192,6.192,-0.0042,-0.0018,-0.0069,-0.0131,0.1045,0.2465
6193,6.193,-0.009,0.0004,-0.0064,-0.0075,0.1249,0.2905
6194,6.194,-0.0132,-0.0061,0.0024,-0.0003,0.1064,0.1718
6195,6.195,-0.0068,-0.0052,0.0035,0.0005,0.3588,0.6409
6196,6.196,-0.0043,-0.0027,0.0003,-0.0003,0.3228,0.8331
6197,6.197,-0.0021,-0.0049,0.0013,-0.0026,0.0925,0.3095
6198,6.198,-0.0001,-0.0113,0.0039,-0.0033,-0.0573,-0.1843
6199,6.199,0.0015,-0.0054,0.0047,-0.0016,-0.085,-0.2497
6200,6.2,-0.0026,-0.0032,0.004,0.0001,-0.1592,-0.3087
6201,6.201,0.0022,0.0046,0.0033,-0.0025,-0.1372,-0.2566
6202,6.202,0.0091,0.0036,0.0003,0.0005,-0.0766,-0.2091
6203,6.203,0.0006,0.0028,0.0055,-0.0024,-0.2805,-0.4277
6204,6.204,0.0038,0.007,0.0019,-0.0082,-0.362,-0.9442
6205,6.205,0.0007,0.0048,0.0036,-0.0108,-0.1401,-0.4523
6206,6.206,0.0015,0.0055,0.0053,-0.0086,0.0691,-0.0033
6207,6.207,0.0007,0.0072,-0.0005,-0.0037,0.0967,0.1723
6208,6.208,0.0044,0.0043,0.0032,0.0032,0.1215,0.2258
6209,6.209,0.0023,0.0018,0.0011,0.004,0.0993,0.1781
6210,6.21,0.0028,0.0006,-0.0006,0.0048,0.0791,0.2221
6211,6.211,0.0011,0.0018,-0.0011,0.0041,0.1716,0.2618
6212,6.212,-0.0037,-0.0033,0.0025,0.0061,0.3903,0.8029
6213,6.213,0.0032,0.0017,0.0028,0.0044,0.1817,0.7258
6214,6.214,0.0005,-0,0.0007,0.0039,-0.063,0.2325
6215,6.215,0.0013,-0.0017,-0.0003,0.0054,-0.0966,-0.2167
6216,6.216,-0.0009,-0.0002,0.0049,0.0065,-0.1269,-0.16
6217,6.217,0.0011,0.001,0.0042,0.0112,-0.1001,-0.2135
6218,6.218,-0.0031,0.0006,0.0021,0.0107,-0.1249,-0.2623
6219,6.219,0.001,0.0025,0.0038,0.0112,-0.1027,-0.2191
6220,6.22,0.0025,0.0035,0.0033,0.0117,-0.3674,-0.656
6221,6.221,0.0021,-0.0016,-0.0025,0.0047,-0.2595,-0.8307
6222,6.222,0.0024,-0.0022,0.0028,0.0037,-0.0293,-0.2492
6223,6.223,-0.0001,-0.0053,0.0034,-0.0028,0.1205,0.1392
6224,6.224,0.0038,0.0012,0.0004,-0.0053,0.094,0.2108
6225,6.225,-0.002,-0.0014,-0.0025,-0.0001,0.1189,0.2755
6226,6.226,0.0017,0.0039,-0.002,0.0019,0.1415,0.3339
6227,6.227,-0.0018,-0.0039,0.001,0.0014,0.0807,0.176
6228,6.228,0.0024,-0.0009,-0.001,0.0042,0.3215,0.4163
6229,6.229,0.0029,-0,-0.0029,0.0057,0.3546,0.8969
6230,6.23,-0.0018,-0.0009,-0.0026,-0.0012,0.1458,0.4492
6231,6.231,-0.0013,-0.0031,-0.0036,-0.0065,-0.0445,0.0411
6232,6.232,-0.003,0.0034,0.0006,-0.0037,-0.1188,-0.2245
6233,6.233,-0.0005,-0.0026,-0.0024,-0.0012,-0.0968,-0.2737
6234,6.234,0.0017,-0.0048,-0.0029,0.001,-0.1174,-0.2309
6235,6.235,0.0006,0.0001,-0.0024,0.0004,-0.099,-0.2711
6236,6.236,-0.0005,-0.0016,-0.0036,-0.0027,-0.1831,-0.2354
6237,6.237,0.0034,-0.0056,0.0003,-0.001,-0.4127,-0.7279
6238,6.238,0.0039,-0.0009,-0.0022,-0.0005,-0.2486,-0.6581
6239,6.239,-0.0003,-0.0026,-0,-0.0047,0.0206,-0.0817
6240,6.24,0.0026,-0.0009,0.0039,-0.0018,0.1295,0.152
6241,6.241,0.0011,0.0006,0.0003,-0.0033,0.0972,0.2234
6242,6.242,-0.0001,0.0009,-0.0047,-0.0045,0.1274,0.2882
6243,6.243,-0.0012,-0.0003,0.0002,0.0019,0.1007,0.2308
6244,6.244,-0.0023,-0.0028,0.0019,-0.0008,0.1254,0.1783
6245,6.245,-0.0033,0.0018,-0.0021,-0.0016,0.3721,0.6107
6246,6.246,-0.0015,-0.0013,-0.0006,-0.0022,0.2739,0.7854
6247,6.247,-0.0017,0.0004,-0.0002,-0.0015,0.065,0.3094
6248,6.248,0.0022,-0.0001,0.0027,-0.0031,-0.0711,-0.1398
6249,6.249,-0.003,-0.0044,-0.003,0.0046,-0.0961,-0.1994
6250,6.25,-0.0036,0.0009,-0.0004,0.0016,-0.1187,-0.253
6251,6.251,-0.0019,-0.0041,0.0003,0.0008,-0.0986,-0.3018
6252,6.252,-0.0002,-0.001,0.001,-0.0017,-0.0803,-0.1711
6253,6.253,0.0024,-0.0015,0.0015,0.0006,-0.2989,-0.4491
6254,6.254,0.0028,0.0032,0.001,-0.0014,-0.3883,-0.9184
6255,6.255,0.0008,0.0002,-0.0025,-0.003,-0.1441,-0.4709
6256,6.256,-0.0017,-0.0004,-0.0037,-0.0046,0.0863,0.0536
6257,6.257,0,0.0032,-0.0033,-0.0041,0.1169,0.2658
6258,6.258,0.0004,-0.0011,-0.0023,0.0011,0.0903,0.2029
6259,6.259,-0.0002,-0.0016,-0.0026,-0.0024,0.1151,0.2614
6260,6.26,-0.0014,0.0042,-0.0002,0.0007,0.093,0.2091
6261,6.261,-0.0012,0.0063,0.0005,0.0003,0.1948,0.2575
6262,6.262,0.0021,0.0043,0.0022,0.0029,0.3987,0.8255
6263,6.263,0.0018,-0.0027,0.005,0.0026,0.2092,0.5937
6264,6.264,-0.001,0.0037,0.0047,0.0065,-0.0132,0.1008
6265,6.265,0,0.0045,0.0071,-0.0002,-0.1031,-0.2204
6266,6.266,-0.001,0.0039,0.0029,0.0025,-0.1305,-0.1637
6267,6.267,-0.0006,0.0032,0.0035,0,-0.1062,-0.2172
6268,6.268,0.0001,0.0014,-0.0018,0.0007,-0.1287,-0.2657
6269,6.269,0.0003,0.0009,0.0003,0.0056,-0.1083,-0.2224
6270,6.27,-0.0008,-0.0017,0.002,0.0052,-0.3859,-0.6592
6271,6.271,-0.0003,-0.0039,0.0016,0.0011,-0.3463,-0.8339
6272,6.272,0.0024,-0.001,-0.0042,0.0016,-0.0934,-0.3579
6273,6.273,0.0008,-0,0.0028,0.0013,0.0715,0.0914
6274,6.274,-0.0016,0.0032,0.0074,0.0052,0.1019,0.2671
6275,6.275,0.001,-0.0033,-0.0004,0.0036,0.1293,0.215
6276,6.276,0.0007,0.0013,0.0007,0.0048,0.1051,0.2636
6277,6.277,-0.001,-0.0013,-0.0002,-0.0016,0.0829,0.2204
6278,6.278,0.0004,-0.002,-0.001,0.0011,0.3067,0.4188
6279,6.279,-0.0003,0.0029,-0.0032,-0.0014,0.3962,0.8881
6280,6.28,-0.0008,0.007,0.0012,-0.0089,0.1506,0.4859
6281,6.281,0.003,-0.0025,0.0006,-0.0126,-0.0398,0.0367
6282,6.282,0.0025,-0.0012,-0.0011,-0.0062,-0.065,-0.1389
6283,6.283,0.0003,-0.0024,-0.0016,-0.0054,-0.1325,-0.1927
6284,6.284,-0.0001,0.0008,0.001,-0.0002,-0.1125,-0.2415
6285,6.285,0.0035,-0.0044,0.0013,0.0034,-0.0943,-0.2855
6286,6.286,0.0013,-0.0036,-0.0051,0.0038,-0.1785,-0.2461
6287,6.287,0.0001,-0.001,-0.0042,-0.0002,-0.3776,-0.7874
6288,6.288,0.0011,-0.0004,-0.0017,-0.0008,-0.2422,-0.7104
6289,6.289,0.0008,-0.0024,-0.0039,0.0004,-0.0198,-0.2174
6290,6.29,-0.0002,-0.0007,0.001,-0.0025,0.0702,0.1039
6291,6.291,-0.0033,-0.0048,-0.0006,0.0017,0.0977,0.1632
6292,6.292,0.0014,-0.0095,0.0011,0.0045,0.1224,0.3223
6293,6.293,-0.0003,-0.009,0.0006,0.0009,0.1003,0.2749
6294,6.294,0.0002,-0.0002,0.0002,-0.006,0.1206,0.2316
6295,6.295,-0.0013,0.0035,0.0031,-0.0113,0.3614,0.6683
6296,6.296,0.0009,0.0045,-0.0011,-0.0049,0.3287,0.843
6297,6.297,-0.0012,0.0015,0.0017,-0.0024,0.0597,0.3672
6298,6.298,-0.0022,0.0042,0.0002,-0.0046,-0.0491,-0.0818
6299,6.299,-0.0061,0.0034,-0.0028,-0.0124,-0.0825,-0.1411
6300,6.3,-0.0026,-0.0003,-0.0016,-0.0155,-0.1126,-0.3
6301,6.301,-0.0014,0.0017,0.0009,-0.0052,-0.14,-0.2524
6302,6.302,0.0024,0.0022,-0.0008,-0.0012,-0.0663,-0.2089
6303,6.303,-0.0054,0.0005,-0.0052,-0.0024,-0.2681,-0.4072
6304,6.304,-0.0044,0.002,0.0012,0.0008,-0.3495,-0.8764
6305,6.305,-0.0074,0.0024,0.0021,0.0017,-0.177,-0.4287
6306,6.306,-0.0029,0.002,-0.0001,0.0026,0.0253,-0.0204
6307,6.307,-0.0088,0.0002,-0.005,-0,0.1072,0.2456
6308,6.308,-0.0036,0.0012,0.0019,0.0052,0.132,0.1989
6309,6.309,-0.0043,-0.0025,-0.0027,0.0072,0.1099,0.2435
6310,6.31,0.0014,0.0036,-0.0105,0.0002,0.0897,0.2839
6311,6.311,-0.0024,0.0027,-0.0115,0.0066,0.1823,0.2484
6312,6.312,0.0025,0.0049,-0.007,0.0092,0.4011,0.7411
6313,6.313,0.003,-0.0057,-0.001,0.0039,0.1926,0.6716
6314,6.314,0.0035,-0.0012,-0.0017,0.0046,0.0023,0.2233
6315,6.315,0.0009,0.0002,0.0018,0.0076,-0.0722,-0.1846
6316,6.316,0.0012,0.0014,0.0023,0.0081,-0.095,-0.2383
6317,6.317,-0,0.0024,-0.0018,0.0065,-0.1562,-0.2867
6318,6.318,0.0009,0.0014,0.0007,0.0014,-0.1748,-0.2432
6319,6.319,-0.0001,-0.0032,0.0049,0.0007,-0.1583,-0.2036
6320,6.32,0.0049,-0.0006,0.002,0.0012,-0.3572,-0.6724
6321,6.321,0.0029,-0.0013,0.0078,0.0017,-0.2762,-0.8643
6322,6.322,0.0023,0.0007,0.0025,0.0012,-0.054,-0.3405
6323,6.323,0.0028,-0.0035,-0.0024,0.0024,0.0957,0.1536
6324,6.324,0.0003,-0.0007,0.0006,0.0011,0.1234,0.2193
6325,6.325,-0.0001,-0.0022,0.0046,0.0037,0.1483,0.2784
6326,6.326,0.0027,0.0008,0.0031,-0.0016,0.1263,0.3321
6327,6.327,0.0002,-0.0003,0.0034,-0.0053,0.1062,0.1886
6328,6.328,-0.0016,0.0022,-0.0005,-0.0033,0.2729,0.4075
6329,6.329,0.0028,0.0025,0.001,0.0009,0.3851,0.9242
6330,6.33,0.0011,-0.0005,0.006,-0.0008,0.1612,0.4325
6331,6.331,0.0006,0.003,-0.0004,-0.0044,-0.048,-0.0162
6332,6.332,0.0017,-0.0031,-0.0013,0.0025,-0.0756,-0.1916
6333,6.333,0.0005,-0.0073,0.0039,0.0035,-0.1004,-0.245
6334,6.334,0.0002,0.0012,-0.001,0.0044,-0.123,-0.2933
6335,6.335,-0.0009,-0.0021,0.0007,0.0018,-0.1028,-0.25
6336,6.336,0.0028,-0.001,0.0011,-0.0003,-0.1954,-0.2105
6337,6.337,0.004,-0.0002,0.0026,0.0046,-0.4141,-0.7516
6338,6.338,0.0028,0.0007,0.0014,0.0063,-0.2055,-0.6744
6339,6.339,0.0038,0.0029,0.0002,-0.0024,-0.0152,-0.1813
6340,6.34,0.0006,-0.0007,0.0044,-0.0061,0.1087,0.1401
6341,6.341,-0.0033,-0.0037,0.0004,-0.0051,0.0869,0.1993
6342,6.342,0.0002,-0.0042,0.0008,-0.0061,0.1076,0.2529
6343,6.343,0.0024,-0.0007,0.0012,-0.0015,0.1264,0.3017
6344,6.344,-0.0014,-0.0049,-0,-0.004,0.1099,0.1712
6345,6.345,0.0011,0.0016,-0.0026,0.0012,0.3396,0.6079
6346,6.346,-0.0001,-0.001,-0.0043,0.0006,0.307,0.7827
6347,6.347,-0.0021,-0.0016,-0.0053,0.0023,0.0382,0.3066
6348,6.348,0.0015,-0.0023,-0.0016,-0.0005,-0.0706,-0.1425
6349,6.349,-0.0007,0.0072,-0.0011,-0.003,-0.1038,-0.2019
6350,6.35,0.0032,0.0004,-0.0023,-0.0007,-0.1339,-0.2556
6351,6.351,-0.0003,0.0041,-0.0002,0.0022,-0.107,-0.3045
6352,6.352,0.0009,0.0052,0.0001,0.0041,-0.0826,-0.174
6353,6.353,-0.002,0.0022,0.0018,0.0018,-0.2842,-0.3728
6354,6.354,0.0016,0.0014,-0.0006,-0.0005,-0.3655,-0.9144
6355,6.355,-0.0014,-0.0011,-0.0024,-0.0018,-0.1435,-0.5278
6356,6.356,0.0007,-0.0033,0.0015,0.0021,0.0658,-0.0345
6357,6.357,0.0004,0.0045,0.0032,0.0038,0.0935,0.1587
6358,6.358,-0.002,-0.0007,0.0017,-0.0039,0.1185,0.2174
6359,6.359,0.0011,0.0021,-0.0014,-0.0116,0.1413,0.2703
6360,6.36,0.0001,-0.0004,-0.0025,-0.0086,0.0807,0.2225
6361,6.361,-0.0037,0.0018,-0.0035,-0.004,0.1734,0.2661
6362,6.362,0.0031,-0.0017,-0.0032,0.002,0.3923,0.8613
6363,6.363,0.004,0.0013,-0.0008,0.0073,0.2434,0.606
6364,6.364,-0.0019,-0.0003,0.0022,0.0037,-0.0012,0.2178
6365,6.365,0.0003,0.0002,0.0035,0.0043,-0.1003,-0.1357
6366,6.366,0.0039,-0.001,0.0009,0.0048,-0.0709,-0.2012
6367,6.367,-0.0055,-0.0021,-0.0007,-0.003,-0.0981,-0.2603
6368,6.368,-0.0014,0.0004,-0.001,-0.0062,-0.1229,-0.3141
6369,6.369,-0.0002,0.0028,0.0003,-0.0072,-0.1007,-0.1707
6370,6.37,-0.0034,0.0038,-0.0013,-0.0008,-0.3652,-0.6516
6371,6.371,-0.0044,0.0031,-0.0006,0.0018,-0.3292,-0.8443
6372,6.372,-0.0016,0.0038,0.0026,0.007,-0.099,-0.3211
6373,6.373,0.0026,0.0021,0.0023,0.0034,0.1104,0.1722
6374,6.374,0.0064,-0.0011,-0.0033,0.0051,0.084,0.2372
6375,6.375,-0,0.0001,-0.0026,0.0011,0.1089,0.2958
6376,6.376,0.0008,-0.0027,0.001,0.0068,0.1316,0.2432
6377,6.377,0.0002,-0.0002,0.0027,0.0075,0.0709,0.1953
6378,6.378,0.0023,0.0008,0.0044,0.0054,0.2747,0.4134
6379,6.379,-0.0019,0.0045,-0.0004,0.0012,0.3561,0.8499
6380,6.38,0.0057,0.0034,0.0039,-0.0029,0.1341,0.443
6381,6.381,-0.0016,0.0003,0.0017,-0.0085,-0.0504,0.0063
6382,6.382,0.0015,-0.0009,-0,-0.0007,-0.0808,-0.2597
6383,6.383,-0.003,0.0001,0.0035,-0.0063,-0.1083,-0.2131
6384,6.384,0.0012,0.0005,0.0039,-0.0074,-0.1331,-0.2577
6385,6.385,0.0006,-0.0019,-0,-0.0083,-0.1109,-0.219
6386,6.386,-0.0029,-0.0017,-0.0025,-0.0108,-0.1719,-0.2555
6387,6.387,-0.0024,0.0016,-0.0022,-0.0056,-0.4127,-0.7482
6388,6.388,0.0005,-0.0053,0.0007,0.0008,-0.2487,-0.6787
6389,6.389,-0.001,-0.0023,0.0032,-0.0001,0.0204,-0.1025
6390,6.39,-0.004,-0.0031,0.0015,0.0036,0.0571,0.131
6391,6.391,-0.0061,0.0011,-0.0022,0.0071,0.0904,0.2021
6392,6.392,-0.0042,-0.0026,-0,0.0001,0.1204,0.2664
6393,6.393,-0.0032,-0.002,0.0003,-0.0008,0.1476,0.3249
6394,6.394,-0.0022,-0.0015,-0.0033,-0.0086,0.1232,0.1667
6395,6.395,0.0009,-0.0068,-0.0002,-0.0139,0.3698,0.6951
6396,6.396,0.0005,-0.0019,-0.0031,-0.0112,0.3371,0.7655
6397,6.397,-0.0005,-0.0088,0.0004,-0.0035,0.0682,0.3172
6398,6.398,-0.0051,-0.0173,-0.0018,-0.0004,-0.0406,-0.0912
6399,6.399,-0.0008,-0.0141,-0.0082,0.0041,-0.0741,-0.1456
6400,6.4,-0.0014,-0.0026,-0.0074,0.0032,-0.1042,-0.2906
6401,6.401,0.0012,-0.0011,-0.0099,0.0038,-0.1315,-0.2478
6402,6.402,0.0023,-0.0081,-0.0015,0.0018,-0.1071,-0.2088
6403,6.403,0.0003,-0.0144,-0.0005,0.006,-0.2639,-0.3894
6404,6.404,-0,-0.0019,-0.0015,0.0019,-0.3658,-0.882
6405,6.405,-0.0024,0.0032,-0.0007,0.0023,-0.1619,-0.5307
6406,6.406,-0.0008,0.0016,0.0036,0.0045,0.0284,0.046
6407,6.407,0.0035,0.0029,0.0029,0.0074,0.0536,0.2796
6408,6.408,0.0029,0.0067,0.0008,0.0023,0.0763,0.2104
6409,6.409,0.0046,0.0077,0.0039,0.0016,0.0968,0.275
6410,6.41,0.002,0.0087,0.0044,-0.0002,0.1154,0.2174
6411,6.411,0.0032,0.0059,-0.0024,0.0003,0.1995,0.2704
6412,6.412,0.0028,0.0068,-0.0016,0.0008,0.4291,0.799
6413,6.413,0.0003,0.0045,-0.0025,0.003,0.2651,0.7293
6414,6.414,0.0013,0.0052,0.0028,0.005,-0.004,0.1528
6415,6.415,-0.0025,0.0021,-0.0022,-0.0008,-0.1129,-0.2358
6416,6.416,0.0017,0.0074,0.0009,0,-0.0805,-0.1668
6417,6.417,0.0034,0.0053,-0.0008,0.0022,-0.1106,-0.2314
6418,6.418,-0.0002,0.007,0.0017,0.0029,-0.138,-0.2898
6419,6.419,0.0001,0.0041,0.0005,0.0046,-0.1136,-0.2374
6420,6.42,0.0021,0.0046,0.0008,0.0098,-0.3602,-0.6698
6421,6.421,0.0056,0.0034,0.0018,-0.0009,-0.3276,-0.8443
6422,6.422,0.0013,-0.0005,0.0028,-0.0055,-0.0587,-0.3683
6423,6.423,-0.0016,0.0043,-0.0002,-0.0068,0.05,0.081
6424,6.424,-0.0051,0,0.0001,-0.0006,0.0834,0.2569
6425,6.425,-0.003,-0.0005,0.0004,-0.0038,0.1134,0.2051
6426,6.426,-0.0018,0.0021,0.0014,-0.0008,0.1407,0.2538
6427,6.427,-0.0076,-0.004,0.0007,-0.0016,0.0671,0.2105
6428,6.428,0.0018,0.0019,-0.0022,0.0009,0.3135,0.4092
6429,6.429,-0.0044,-0.0018,-0.0003,0.0016,0.3465,0.8786
6430,6.43,-0.0077,-0.0025,0.0007,-0.0062,0.1973,0.5591
6431,6.431,-0.0067,-0.0008,0.0017,0.0011,-0.0474,0.0347
6432,6.432,-0.0059,-0.0013,0.0003,0.0019,-0.0809,-0.1774
6433,6.433,0,0.0012,0.002,0.0028,-0.111,-0.2423
6434,6.434,0.0006,0,-0.0018,0.0021,-0.1384,-0.3008
6435,6.435,-0.0029,-0.0047,0.004,-0.0014,-0.1141,-0.2483
6436,6.436,0.0053,-0.003,0.0033,-0.0009,-0.1813,-0.2003
6437,6.437,0.0021,0.0022,-0.0016,0.0067,-0.4052,-0.8554
6438,6.438,-0.001,0.0002,-0.0047,0.0036,-0.1966,-0.762
6439,6.439,0.0036,-0.0015,0.0005,0.0009,-0.0064,-0.1652
6440,6.44,0.0044,0.005,0.0026,0.0069,0.1175,0.2234
6441,6.441,-0.0009,0.0025,-0.0032,-0.0016,0.0956,0.1546
6442,6.442,0.004,0.0047,-0.001,-0.0005,0.1162,0.2194
6443,6.443,0.0035,-0.0002,-0.0003,-0.0036,0.098,0.2782
6444,6.444,0.003,-0.0033,0.0002,0.001,0.1149,0.226
6445,6.445,0.0045,-0.0028,-0.0003,-0.0032,0.3446,0.6586
6446,6.446,0.0033,0.002,0.0022,0.0005,0.312,0.8334
6447,6.447,0.0012,0.005,0,-0.0001,0.103,0.3575
6448,6.448,0.0009,0.001,-0.0012,0.0029,-0.0874,-0.0916
6449,6.449,-0.0023,-0.0005,0.0007,0.0001,-0.1124,-0.151
6450,6.45,-0.0035,-0.0008,0.0024,0.0007,-0.1351,-0.2046
6451,6.451,-0.001,-0.0055,0.0034,-0.0023,-0.1149,-0.2531
6452,6.452,0.0029,-0.0013,-0.0008,-0.007,-0.0965,-0.2097
6453,6.453,0.0014,-0.0065,-0.0013,-0.0065,-0.2816,-0.408
6454,6.454,0.001,-0.0015,-0.0007,-0.0024,-0.3555,-0.8773
6455,6.455,-0.0018,-0.0032,-0.0012,-0.0059,-0.1536,-0.5576
6456,6.456,-0.0028,-0.0036,-0.0023,-0.0008,0.0368,-0.0332
6457,6.457,0.0024,-0.0071,0.0025,-0.0014,0.1113,0.1793
6458,6.458,0.0031,-0.0049,0.003,-0.0031,0.1341,0.2443
6459,6.459,0.0038,-0.0037,-0.001,0.0022,0.1141,0.303
6460,6.46,-0.0005,-0.0001,0.0026,-0.0013,0.0958,0.2507
6461,6.461,0.0036,-0.0022,-0.0034,-0.0008,0.18,0.2029
6462,6.462,0.0001,-0.0001,0.0025,0.0057,0.4097,0.8582
6463,6.463,-0.0021,0.0002,-0.0011,0.0015,0.2457,0.7651
6464,6.464,-0.0001,-0.0007,0.001,0.0021,-0.0233,0.1684
6465,6.465,0.0009,-0.001,0.0015,0.0028,-0.06,-0.2201
6466,6.466,-0.0001,0.0004,0.0021,-0.0002,-0.0933,-0.2916
6467,6.467,0.005,0.0006,-0.0014,-0.0054,-0.1233,-0.2283
6468,6.468,-0.0028,-0.0001,0.0008,-0.0034,-0.0965,-0.2869
6469,6.469,-0.0017,0.0032,0.0005,0.0061,-0.1212,-0.2344
6470,6.47,-0.0009,0.001,-0.0045,0.002,-0.3677,-0.667
6471,6.471,0,0.0049,0.0019,0.0083,-0.3351,-0.8417
6472,6.472,-0.0022,0.0024,0.0028,0.0027,-0.0662,-0.3658
6473,6.473,-0.0014,0.0002,0.0006,-0.0025,0.1149,0.0834
6474,6.474,-0.0009,0.0005,0.0013,-0.0034,0.0826,0.259
6475,6.475,0.0008,0.0002,-0.0017,-0.0059,0.1126,0.3125
6476,6.476,0.0024,0.0012,0,0.0025,0.1399,0.265
6477,6.477,0.0012,0.0042,0.0016,-0.0031,0.0662,0.2216
6478,6.478,0.0016,0.0007,-0.0027,-0.0041,0.2679,0.4202
6479,6.479,-0.0026,0.0029,0.0014,-0.0033,0.4035,0.8895
6480,6.48,0.0015,0.0017,-0.0001,0.001,0.1322,0.4419
6481,6.481,0.001,-0.0009,-0.0004,0.0016,-0.0488,0.0339
6482,6.482,0.0034,0.0013,0.0048,0.0005,-0.0827,-0.2059
6483,6.483,-0.0008,0.0045,0.0009,0.0011,-0.116,-0.2598
6484,6.484,-0.0037,0.0025,0.0024,0.0042,-0.1461,-0.3085
6485,6.485,-0.0001,-0.0033,0.0028,0.007,-0.1193,-0.2655
6486,6.486,-0.0023,-0.0008,-0.0011,0.0055,-0.1933,-0.2263
6487,6.487,-0.0026,-0.0001,0.0024,0.0024,-0.3951,-0.7676
6488,6.488,0,0.0019,0.0012,0.0044,-0.2598,-0.6908
6489,6.489,-0.0003,-0.0023,-0.0027,-0.0014,0.0118,-0.1979
6490,6.49,-0.0006,0.0029,-0.0002,-0.0005,0.1205,0.1234
6491,6.491,-0.0004,0.0035,-0.0032,0.0001,0.0881,0.1826
6492,6.492,-0.0043,0.0052,-0.0004,-0.0006,0.118,0.2358
6493,6.493,0.001,0.0047,-0.0029,-0.0001,0.091,0.2843
6494,6.494,-0.001,0.0031,-0.0026,0.004,0.1155,0.241
6495,6.495,0.0032,0.0019,-0.0003,-0.0028,0.3619,0.6776
6496,6.496,-0.002,0.0007,-0.0034,-0.0113,0.3291,0.8522
6497,6.497,0.0029,0.0025,0.0022,-0.0123,0.0601,0.3762
6498,6.498,0.006,-0.0027,-0.0048,-0.0071,-0.0489,-0.0731
6499,6.499,-0.0028,-0.0112,-0.0021,-0.0007,-0.1481,-0.2489
6500,6.5,0.0009,-0.0145,-0.0064,-0.0032,-0.1783,-0.3027
6501,6.501,-0.0001,-0.0092,-0.0101,-0.0039,-0.1517,-0.3514
6502,6.502,-0.0011,-0.0084,-0.0066,-0.0104,-0.0783,-0.221
6503,6.503,-0.0002,-0.0025,-0.0097,-0.0045,-0.2801,-0.3403
6504,6.504,0.0006,-0.0004,-0.0033,-0.0067,-0.4159,-0.8819
6505,6.505,-0.0016,-0.004,-0.0025,-0.0047,-0.1941,-0.4953
6506,6.506,-0.0009,0.0018,-0.0062,-0.0016,0.0749,-0.0019
6507,6.507,0.0008,0.0055,-0.0043,0.0012,0.1115,0.1913
6508,6.508,0.0049,0.0019,-0.0001,0.0038,0.1446,0.2503
6509,6.509,0.0013,-0.0039,-0.0089,0.0068,0.1745,0.3036
6510,6.51,0.0025,-0.0017,-0.0102,0.0065,0.0934,0.256
6511,6.511,0.0013,-0.0053,-0.0024,0.009,0.2165,0.2125
6512,6.512,-0.0022,-0.0095,-0.0014,0.0058,0.4181,0.808
6513,6.513,-0.0025,-0.0079,-0.0006,0.0078,0.2284,0.7232
6514,6.514,-0.0022,-0.0031,0.0052,0.0028,0.0059,0.1807
6515,6.515,0.0003,-0.0015,0.0045,0.0048,-0.0842,-0.1725
6516,6.516,-0.0014,0.0002,0.0025,0.0018,-0.1118,-0.2378
6517,6.517,-0.0004,0.0017,0.0094,-0.0047,-0.0876,-0.2967
6518,6.518,-0.0034,0.0005,0.0066,0.0012,-0.1103,-0.2446
6519,6.519,-0.0073,0.0033,0.0057,0.0034,-0.0901,-0.197
6520,6.52,-0.012,0.0069,0.005,-0.0001,-0.368,-0.5902
6521,6.521,-0.0115,0.0008,0.0057,0.003,-0.3287,-0.8546
6522,6.522,-0.0027,0.0085,0.0087,0.0047,-0.0759,-0.3258
6523,6.523,-0.0016,0.0033,0.0046,0.0011,0.089,0.1679
6524,6.524,-0.0006,0.006,0.0041,0.0041,0.1193,0.2334
6525,6.525,0.0004,0.0051,0.001,0.0013,0.1467,0.2923
6526,6.526,0.005,0.0044,0.003,0.0009,0.1224,0.2403
6527,6.527,0.0025,-0.0005,0.0048,0.0006,0.1002,0.1927
6528,6.528,0.0018,0.0025,0.0058,-0.0017,0.2834,0.4113
6529,6.529,0.0038,0.003,0.0068,-0.0031,0.3574,0.8481
6530,6.53,0.008,0.0005,0.0026,-0.0024,0.1556,0.5579
6531,6.531,0.0039,-0.0007,-0.0005,-0.0007,-0.0347,-0.0246
6532,6.532,0.0055,0.004,0.0012,0.0025,-0.109,-0.2582
6533,6.533,-0.0006,0.0023,-0.0024,0.0056,-0.1316,-0.1889
6534,6.534,0.0019,0.0006,0.0037,0.0036,-0.1116,-0.2533
6535,6.535,0.0041,-0.0009,0.0062,0.0061,-0.0932,-0.3117
6536,6.536,0.0005,0.0033,0.004,0.0009,-0.1773,-0.259
6537,6.537,0.0022,0.0028,-0.0024,-0.0044,-0.4069,-0.7875
6538,6.538,0.0005,0.0013,0.0001,-0.0037,-0.2427,-0.7174
6539,6.539,0.002,0.0016,-0.0021,-0.002,-0.0335,-0.1409
6540,6.54,-0.0002,0.0028,-0.0014,0.0021,0.1029,0.2477
6541,6.541,0.0001,-0.0007,0.0003,-0.0057,0.128,0.1789
6542,6.542,0.0026,-0.0004,-0.0038,-0.0025,0.106,0.2437
6543,6.543,0.0023,-0.0007,-0.0002,-0.0097,0.1266,0.3026
6544,6.544,-0.0028,-0.0004,0.0001,-0.0033,0.1084,0.145
6545,6.545,-0.0021,-0.0027,-0.001,-0.0041,0.3611,0.5779
6546,6.546,0.0021,0.0023,-0.0067,-0.0004,0.3254,0.8691
6547,6.547,0.0026,0.0003,0.0011,0.0003,0.0954,0.3933
6548,6.548,0.001,-0.0039,0.0001,0.002,-0.0541,-0.0556
6549,6.549,-0.002,-0.0022,0.0009,0.0025,-0.0815,-0.231
6550,6.55,0.0019,-0.0027,-0.0033,0.0051,-0.1063,-0.2845
6551,6.551,-0.0049,0.0034,-0.0026,0.0009,-0.1288,-0.2369
6552,6.552,-0.0041,0.0026,-0.0019,0.0073,-0.1085,-0.1934
6553,6.553,-0.0032,-0.0026,-0.0023,-0.0038,-0.275,-0.3918
6554,6.554,-0.0011,-0.0046,-0.0006,-0.0083,-0.387,-0.933
6555,6.555,0.001,0.0024,0.0042,-0.0069,-0.1629,-0.546
6556,6.556,0.0015,-0.004,-0.0027,-0.0006,0.0466,-0.0523
6557,6.557,-0.0002,-0.0048,0.0038,-0.0016,0.0744,0.2693
6558,6.558,-0.0028,0.0005,0.003,-0.0046,0.0995,0.2125
6559,6.559,-0.0031,0.0013,0.0008,-0.0037,0.1223,0.2661
6560,6.56,0.0016,0.003,-0.004,-0.0028,0.1024,0.2188
6561,6.561,0.0011,0.0026,-0.007,-0.0006,0.158,0.263
6562,6.562,0.0006,0.0011,-0.0053,0.003,0.4107,0.7793
6563,6.563,-0.0029,0.0015,-0.0017,0.0035,0.2305,0.7097
6564,6.564,0.0021,0.0019,-0.002,0.003,0.0003,0.1335
6565,6.565,-0.0014,-0.0016,0.001,0.0005,-0.0897,-0.1
6566,6.566,-0.0045,-0.0012,-0.0032,0.0027,-0.1171,-0.1712
6567,6.567,0.0008,-0.0032,-0.0003,-0.0001,-0.1419,-0.2359
6568,6.568,0.0015,0.0026,-0.0027,-0.0005,-0.1197,-0.2944
6569,6.569,-0.0002,-0.0015,0.0004,0.0028,-0.0995,-0.2418
6570,6.57,-0.0019,0.0007,0.0008,0.0031,-0.3772,-0.5781
6571,6.571,0.0007,-0.0041,-0.0027,0.0006,-0.3378,-0.8841
6572,6.572,0.0037,-0.0024,0.0043,0.0009,-0.085,-0.3676
6573,6.573,0.0009,0.0005,0.0013,-0.0008,0.0798,0.1262
6574,6.574,0.0019,0.0021,0.0021,-0.005,0.1102,0.1917
6575,6.575,-0.0026,0.0009,-0.002,0.0019,0.1377,0.2507
6576,6.576,0.0005,-0.0046,0.0064,-0.0008,0.1135,0.3042
6577,6.577,0.0022,0.0006,0.0009,0.007,0.0913,0.2565
6578,6.578,0.0007,-0.0014,-0.0001,-0.0025,0.2746,0.3876
6579,6.579,0.0019,0.0003,-0.0009,0.0012,0.3485,0.904
6580,6.58,-0.002,0.002,0.0051,0.0022,0.1467,0.5526
6581,6.581,0.0028,0.0015,-0.0002,0.0012,-0.0436,-0.0242
6582,6.582,0.0023,0.0012,0.0005,0.0039,-0.0688,-0.2579
6583,6.583,0.0058,0.0004,0.0056,0.0049,-0.1157,-0.2211
6584,6.584,0.0006,0.0007,-0.0001,0.0041,-0.1383,-0.292
6585,6.585,0.0013,0.0017,-0.0023,0.0048,-0.0776,-0.2285
6586,6.586,-0.0017,0.0001,-0.0003,0.0027,-0.1702,-0.2868
6587,6.587,-0.0046,0.0031,0.004,-0.0003,-0.3891,-0.7624
6588,6.588,-0.0031,0.0021,-0.0001,-0.0009,-0.2401,-0.6989
6589,6.589,0.0012,0.006,-0.0058,0.0017,0.0044,-0.175
6590,6.59,0.0028,0.0045,-0.0006,0.0013,0.1036,0.1781
6591,6.591,0.0034,-0.0025,0.0014,-0.0051,0.1339,0.1155
6592,6.592,0.0003,-0.0015,-0.0028,-0.0006,0.1072,0.174
6593,6.593,-0.0026,-0.0007,-0.0023,-0.0014,0.0828,0.2273
6594,6.594,0.0032,0.0002,-0.0028,-0.0036,0.1053,0.1796
6595,6.595,0.004,-0.0051,0.0002,-0.003,0.3291,0.6599
6596,6.596,0.0003,-0.0031,0.0031,-0.0047,0.2996,0.8521
6597,6.597,-0.0017,-0.0014,0.0005,-0.003,0.0552,0.3287
6598,6.598,-0.0001,-0.0043,0.0009,-0.0056,-0.0439,-0.0245
6599,6.599,-0.0006,-0.0028,-0.0022,-0.0025,-0.0743,-0.2179
6600,6.6,0.0009,-0.0006,0.0013,-0.0029,-0.1017,-0.2771
6601,6.601,-0.0021,-0.0046,-0.0017,-0.008,-0.1265,-0.2251
6602,6.602,-0.001,-0.002,-0.0029,-0.0129,-0.0595,-0.1775
6603,6.603,0.0026,-0.0043,-0.0004,-0.0134,-0.2835,-0.3961
6604,6.604,-0.0025,-0.009,-0.0021,-0.0046,-0.373,-0.9127
6605,6.605,-0.0032,-0.0107,0.0009,-0.0009,-0.129,-0.5615
6606,6.606,-0.0037,-0.0103,-0.0016,0.0047,0.0357,0.0153
6607,6.607,-0.0008,-0.0055,0.0016,0.0057,0.1257,0.2488
6608,6.608,0.0007,-0.0039,-0.0005,0.0065,0.099,0.1796
6609,6.609,0.001,0.0001,-0.0001,0.0056,0.1237,0.2442
6610,6.61,-0.0002,-0.0034,0.0009,0.0049,0.1015,0.3026
6611,6.611,-0.0028,-0.0013,0.0025,0.0042,0.1624,0.25
6612,6.612,-0.0011,0.0043,-0.0005,0.0025,0.4032,0.7785
6613,6.613,-0.0042,0.005,-0.0026,0.003,0.2391,0.7086
6614,6.614,-0.0032,0.0043,-0.0068,-0.0038,0.0299,0.1321
6615,6.615,-0.0049,0.0037,-0.004,-0.0083,-0.1063,-0.1017
6616,6.616,-0.0005,0.0042,-0.0045,0.0028,-0.0823,-0.1731
6617,6.617,-0.0022,-0.0006,-0.0033,0.0013,-0.105,-0.2379
6618,6.618,-0.0017,0.0089,-0.0037,0.0054,-0.1255,-0.2966
6619,6.619,-0.0087,0.0075,-0.0012,0.0042,-0.1073,-0.1388
6620,6.62,-0.0034,0.0038,-0.0044,0.0074,-0.3597,-0.5714
6621,6.621,-0.0026,0.0028,0.002,0.0021,-0.3239,-0.8622
6622,6.622,0.0016,0.008,0.0047,0.0013,-0.0938,-0.3864
6623,6.623,0.0009,-0.0024,0.0004,0.0055,0.0559,0.0627
6624,6.624,0.0002,0.0072,0.0011,0.0002,0.0835,0.2384
6625,6.625,0.0019,0.0035,0.0017,-0.0005,0.1084,0.292
6626,6.626,0.006,0.0045,-0.0014,0.0026,0.131,0.2445
6627,6.627,0.0002,0.0035,0.0003,0.0009,0.0702,0.2013
6628,6.628,0.0008,0.0043,-0.0012,-0.0007,0.2739,0.3999
6629,6.629,0.0015,0.0001,-0.0001,-0.0068,0.3552,0.8691
6630,6.63,0.0032,0.0007,0.0046,-0.0042,0.1826,0.5495
6631,6.631,0.0003,-0.0013,0.0004,-0.0005,-0.0645,0.0251
6632,6.632,0.0028,0.0004,0.0056,-0.0012,-0.098,-0.1873
6633,6.633,0.007,-0.0049,0.0007,0.0018,-0.1282,-0.2525
6634,6.634,-0.0006,0.0029,0.0037,0.0035,-0.1014,-0.3112
6635,6.635,0.0024,-0.0024,0.0032,-0.0001,-0.0771,-0.259
6636,6.636,-0.0022,-0.0032,-0.0016,-0.0031,-0.1891,-0.2112
6637,6.637,-0.003,-0.0007,0.0001,-0.0052,-0.4131,-0.7793
6638,6.638,0.0007,-0.0029,0.0041,0.0005,-0.2641,-0.7024
6639,6.639,0.0013,0.002,0.0015,-0.002,-0.0196,-0.2094
6640,6.64,0.0055,0.0015,0.0003,0.0032,0.0796,0.2398
6641,6.641,0.0027,0.0019,0.0042,0.0039,0.1098,0.183
6642,6.642,-0.0021,-0.0016,0.0016,0.0022,0.137,0.2362
6643,6.643,0.0048,0.0014,0.0038,0.0005,0.1127,0.2848
6644,6.644,-0.0016,-0.0015,0.0009,0.003,0.0904,0.1542
6645,6.645,0.0043,0.0042,0.0006,0.0042,0.355,0.5908
6646,6.646,0.0021,0.0034,-0.0018,0.003,0.3192,0.8818
6647,6.647,0.0014,0.0012,-0.0001,-0.0013,0.089,0.406
6648,6.648,0.0031,-0.0066,0.0042,0.0004,-0.0608,-0.0432
6649,6.649,0.0026,-0.0056,0.0011,-0.0074,-0.0884,-0.2189
6650,6.65,-0.0009,-0.0048,-0.0029,-0.0064,-0.1132,-0.2727
6651,6.651,-0.0006,-0.0006,-0.0024,-0.0011,-0.0911,-0.3213
6652,6.652,0.0006,0.0001,-0.0012,-0.0003,-0.071,-0.1908
6653,6.653,-0.0019,-0.0005,-0,-0.0011,-0.2377,-0.3894
6654,6.654,-0.0029,0.0025,-0.001,-0.0004,-0.3947,-0.9309
6655,6.655,-0.0006,-0.0027,-0.0034,-0.0053,-0.1708,-0.5443
6656,6.656,0.0025,0.0022,-0.001,0.0042,0.0385,-0.0509
6657,6.657,-0.0014,0.0018,-0.0052,0.0056,0.1203,0.1425
6658,6.658,0.0001,-0.0023,0.0005,0.002,0.1452,0.2016
6659,6.659,0.0005,-0.0037,-0.0001,0.003,0.123,0.2549
6660,6.66,0.0001,-0.0015,-0.0037,0.0041,0.1029,0.3034
6661,6.661,-0.0017,0.0014,-0.0054,-0.0023,0.1583,0.26
6662,6.662,-0.0013,-0.0028,0.0011,0.0002,0.4108,0.7762
6663,6.663,-0.0003,-0.0023,0.0003,-0.0067,0.2305,0.7065
6664,6.664,-0.0016,-0.0027,-0.0004,-0.0058,0.0001,0.1302
6665,6.665,-0.0009,-0.0024,0.0031,-0.005,-0.0899,-0.1036
6666,6.666,0.0029,-0.0044,0.0015,0.0003,-0.1176,-0.175
6667,6.667,0.0004,-0.0002,0.002,-0.0018,-0.0934,-0.2396
6668,6.668,-0.0026,0.0004,0.0005,0.0025,-0.1161,-0.2983
6669,6.669,0.0003,-0.0011,0.0074,-0.0039,-0.1366,-0.246
6670,6.67,-0.0022,0.0019,0.0044,0.0003,-0.3403,-0.5824
6671,6.671,-0.0032,0.0048,0.0071,-0.0004,-0.3135,-0.8885
6672,6.672,0.002,0.0013,0.0012,0.0003,-0.0914,-0.3722
6673,6.673,-0.0015,0.0001,-0.001,-0.0002,0.0583,0.1214
6674,6.674,-0.002,-0.0028,-0.0003,0.0015,0.0858,0.1866
6675,6.675,0.0009,0.0023,-0.0008,0.003,0.1106,0.2454
6676,6.676,0.0005,-0.0026,-0.0013,0.0027,0.1331,0.2987
6677,6.677,0.0002,0.0031,-0.0008,-0.0002,0.0723,0.2509
6678,6.678,0.0049,0.0024,-0.005,0.0001,0.2761,0.3818
6679,6.679,0.0008,0.0004,-0.0055,0.0012,0.3573,0.8981
6680,6.68,-0.0009,0.0009,-0.0029,0.0035,0.1847,0.5465
6681,6.681,0.0017,0.0025,0.0001,0.0004,-0.0624,0.0974
6682,6.682,0.002,-0.001,0.0013,0.0043,-0.096,-0.1948
6683,6.683,0,0.004,0.0023,0.0048,-0.1262,-0.2487
6684,6.684,0.0001,0.003,0.0023,0.0045,-0.1227,-0.2757
6685,6.685,-0.0009,0.0023,0.0006,0.0023,-0.0958,-0.2284
6686,6.686,0.0037,0.0006,0.005,0.0035,-0.1697,-0.2725
6687,6.687,-0.0033,0.0023,-0.0014,-0.0008,-0.4163,-0.7888
6688,6.688,0.0013,0.0058,-0.0006,0.0021,-0.2524,-0.7192
6689,6.689,-0.0012,0.0027,-0.0028,-0.0057,0.0166,-0.143
6690,6.69,-0.0005,0.0039,-0.0008,-0.0025,0.1253,0.2453
6691,6.691,0.0015,0.0042,-0.0003,-0.0015,0.0929,0.1762
6692,6.692,-0.0002,0.0059,0.0002,-0.0006,0.1229,0.2407
6693,6.693,-0.003,0.0029,-0.0034,0.0036,0.0961,0.2991
6694,6.694,0.0027,-0.0022,-0.0064,-0.0001,0.0716,0.141
6695,6.695,-0.001,-0.0002,-0.0129,0.0047,0.3629,0.5732
6696,6.696,-0.0017,0.0003,-0.0044,0.0042,0.3235,0.864
6697,6.697,-0.0022,-0.005,-0.0055,0.0001,0.0706,0.388
6698,6.698,-0.0005,-0.003,-0.0002,0.0059,-0.0942,-0.0613
6699,6.699,0.003,-0.0047,-0.0011,-0.0041,-0.1246,-0.2371
6700,6.7,0.0018,-0.0076,0.0014,-0.0111,-0.098,-0.2911
6701,6.701,-0.0002,-0.0154,-0.0008,-0.0099,-0.1229,-0.2438
6702,6.702,-0.0013,-0.0165,-0.0015,-0.0131,-0.0559,-0.2007
6703,6.703,-0.0009,-0.007,0.0027,-0.0226,-0.2392,-0.3996
6704,6.704,0.0041,-0.0033,0.001,-0.0139,-0.4119,-0.9412
6705,6.705,0.0061,-0.0065,-0.0006,-0.0083,-0.1654,-0.5546
6706,6.706,0.0003,-0.0055,-0.0018,-0.0031,0.065,-0.0613
6707,6.707,0.001,-0.0047,0.003,0.0015,0.0953,0.2598
6708,6.708,0.0016,0.0012,0.0024,0.0057,0.1228,0.2027
6709,6.709,-0.0042,-0.0026,0.0029,0.002,0.1475,0.2561
6710,6.71,-0.0035,0.0038,0.0014,0.0055,0.0804,0.2085
6711,6.711,-0.0056,0.0047,-0.0047,0.0013,0.1821,0.1652
6712,6.712,-0.0073,0.0053,0.0064,0.0065,0.3858,0.6814
6713,6.713,-0.0126,0.0073,0.0018,0.0072,0.2503,0.752
6714,6.714,-0.0077,0.0016,0.0005,0.0088,0.0279,0.1756
6715,6.715,-0.0061,0.0068,0.0016,0.006,-0.0623,-0.2129
6716,6.716,-0.0044,-0.001,0.0072,0.0044,-0.0899,-0.1441
6717,6.717,-0.0092,0.002,0.002,0.0032,-0.1147,-0.2087
6718,6.718,-0.0061,0.0029,0.0028,0.0036,-0.1373,-0.2674
6719,6.719,-0.0009,0.0037,0.0002,0.001,-0.1172,-0.215
6720,6.72,-0.0017,0.003,0.0009,-0.0022,-0.358,-0.5514
6721,6.721,0.0041,0.0009,-0.0056,-0.0042,-0.3254,-0.8575
6722,6.722,0.0062,0.0052,0.0003,0,-0.0566,-0.341
6723,6.723,-0.0002,0.0011,-0.0049,0.0017,0.0522,0.1526
6724,6.724,0.0023,0.0026,0.0028,0.0042,0.0856,0.2181
6725,6.725,0.0044,0.0038,0.0038,0.002,0.1157,0.277
6726,6.726,0.0008,0.0017,0.003,0.0024,0.0889,0.3305
6727,6.727,0.0039,0.0007,-0.0065,0.0034,0.1136,0.1869
6728,6.728,0.0033,0.0046,-0.0028,-0.0005,0.2705,0.4055
6729,6.729,0.0058,0.001,0.005,0.0052,0.3723,0.9219
6730,6.73,0.0028,0.0022,0.0039,0.0015,0.1685,0.5705
6731,6.731,0.0056,0.0025,-0.0045,-0.0034,-0.0218,-0.0062
6732,6.732,-0.0002,-0.0017,0.001,0.0024,-0.0962,-0.2398
6733,6.733,0.004,-0.0022,0,-0.0029,-0.1189,-0.1706
6734,6.734,0.0018,-0.0038,0.0046,-0.0008,-0.1395,-0.2352
6735,6.735,0.0038,-0.0026,0.0054,-0.005,-0.0841,-0.2937
6736,6.736,0.0043,-0.0055,-0.0015,-0.0033,-0.1683,-0.241
6737,6.737,0.0014,0.0003,-0.0007,-0.0008,-0.3979,-0.7696
6738,6.738,0.0039,-0.0023,0.0036,-0.0005,-0.2338,-0.6997
6739,6.739,0.0017,-0.0016,0.0029,-0.0001,-0.0246,-0.1232
6740,6.74,-0.0012,-0.0009,0.0022,0.0057,0.1116,0.1107
6741,6.741,-0.0009,-0.004,-0.0035,-0.0021,0.0877,0.1824
6742,6.742,-0.0019,0.0001,-0.0013,0.0031,0.1103,0.2472
6743,6.743,-0.0015,-0.0035,-0.0007,0.0023,0.0902,0.3059
6744,6.744,0.0003,0.0016,-0.0002,0.0032,0.1088,0.1481
6745,6.745,0.0015,-0.0005,-0.003,0.0025,0.3613,0.5806
6746,6.746,0.0037,0.0026,-0.0025,0.0019,0.3255,0.8716
6747,6.747,0.0012,-0.0015,-0.0003,0.0014,0.0954,0.396
6748,6.748,0.0015,0.0053,-0.0023,-0.0014,-0.0543,-0.0529
6749,6.749,-0.0002,0.0026,-0.002,-0.0092,-0.0819,-0.2285
6750,6.75,0.0005,0.0051,-0.0065,-0.0014,-0.1067,-0.2819
6751,6.751,0.0017,0.0014,-0.0007,0.0017,-0.1293,-0.2343
6752,6.752,0.0006,0.0021,-0.0029,0.0045,-0.0685,-0.1909
6753,6.753,-0.0008,0.0004,0.0021,0.0002,-0.2721,-0.3892
6754,6.754,0.0023,-0.0024,-0.0021,0.0025,-0.4078,-0.9303
6755,6.755,0.0011,-0.0029,0.0008,-0.0024,-0.1859,-0.5434
6756,6.756,0.0015,0.0002,0.0056,-0.0018,0.0235,-0.0495
6757,6.757,0.0038,0.0014,-0.0014,-0.0012,0.1054,0.1442
6758,6.758,0.0008,-0.0021,-0.0022,-0.0037,0.1304,0.2036
6759,6.759,0.0005,-0.0018,0.0021,-0.0025,0.1084,0.2571
6760,6.76,0.0008,-0.0014,-0.0001,-0.0004,0.0883,0.2098
6761,6.761,0.0005,-0.0023,-0.0021,-0.0021,0.1809,0.2539
6762,6.762,-0.0037,-0.002,-0.0003,-0.0011,0.3998,0.7704
6763,6.763,-0.0042,0.0005,-0.0008,-0.002,0.2509,0.7007
6764,6.764,-0.0013,-0.0008,0.005,-0.0018,0.0064,0.2526
6765,6.765,-0.0018,0.0004,-0.0035,0.0022,-0.0927,-0.1553
6766,6.766,-0.0048,0.0027,0.0043,0.0017,-0.1229,-0.2091
6767,6.767,0.0008,0.0002,0.0013,0.0003,-0.0961,-0.2575
6768,6.768,-0.0014,0.0019,0.0005,-0.0009,-0.1208,-0.3013
6769,6.769,0.0022,0.0016,0.003,-0.0012,-0.0986,-0.1824
6770,6.77,0.0005,0.0015,0.0037,0.0031,-0.3632,-0.5792
6771,6.771,-0.0023,0.0017,0.0017,0.0036,-0.3273,-0.8433
6772,6.772,0.0002,0.001,-0,0.0021,-0.0971,-0.4104
6773,6.773,-0.0001,0.0031,0.0017,0.0009,0.0528,0.1145
6774,6.774,0.0003,-0.0008,0.0002,0.0057,0.0804,0.1864
6775,6.775,-0.0022,-0.006,-0.001,0.0062,0.1053,0.2513
6776,6.776,-0.0025,-0.0024,-0.0007,0.0046,0.1279,0.31
6777,6.777,0.0005,0.0018,-0.0049,-0.0001,0.1077,0.2578
6778,6.778,-0.0045,0.0024,0.0004,-0.0059,0.2744,0.4022
6779,6.779,-0.0025,-0.0001,0.001,-0.0052,0.3866,0.883
6780,6.78,-0.002,0.0021,0.0015,-0.0003,0.1626,0.5636
6781,6.781,-0.0003,-0.0035,-0.0025,0.0002,-0.0466,0.0394
6782,6.782,-0.0008,-0.0013,-0.002,0.0019,-0.0743,-0.173
6783,6.783,-0.0004,0.0008,-0.0017,0.0004,-0.0992,-0.238
6784,6.784,0.0025,0.0038,0.0012,-0.0008,-0.1218,-0.2965
6785,6.785,0.0023,0.0032,0.0008,-0.0005,-0.1016,-0.2621
6786,6.786,0.0013,-0.0032,0.0027,0.0007,-0.1626,-0.2097
6787,6.787,0.0009,0.0027,0.0016,-0.0035,-0.4035,-0.8343
6788,6.788,-0.0008,0.0049,-0.0035,0.0017,-0.2394,-0.7496
6789,6.789,-0.005,-0.0029,0.0001,0.0024,-0.0303,-0.2071
6790,6.79,0.0008,0.0024,0.0017,0.0006,0.1059,0.1461
6791,6.791,-0.003,-0.0022,-0.0012,-0.0011,0.131,0.2113
6792,6.792,-0.0023,0.0004,0.0023,0.0024,0.1089,0.27
6793,6.793,-0.0006,-0.0003,-0.0019,0.0002,0.0888,0.3233
6794,6.794,-0.0023,-0.0023,-0.0014,-0.0063,0.1074,0.1795
6795,6.795,-0.0049,-0.0006,-0.002,-0.0185,0.3598,0.5726
6796,6.796,-0.0061,0.0011,0.0002,-0.0101,0.3239,0.837
6797,6.797,-0.0058,0.0016,-0.0018,-0.0056,0.0938,0.4042
6798,6.798,-0,-0.0006,-0.0076,-0.0016,-0.056,-0.1204
6799,6.799,-0.0009,-0.007,-0.0068,-0.0005,-0.0836,-0.192
6800,6.8,-0.0003,-0.0043,-0.009,0.0027,-0.1085,-0.2571
6801,6.801,0.0033,-0.0001,-0.007,0.0079,-0.1312,-0.3158
6802,6.802,0.0016,-0.0053,-0.0065,-0.0043,-0.0705,-0.2635
6803,6.803,0.0032,-0.0018,-0.0025,-0.0027,-0.2743,-0.4079
6804,6.804,0.0058,-0.0001,-0.002,-0.0012,-0.41,-0.9762
6805,6.805,0.0046,0.0051,0.0011,-0.0026,-0.1882,-0.5897
6806,6.806,0.0017,-0.0027,0.0014,0.0011,0.021,0.0446
6807,6.807,-0.0002,-0.0017,-0.0005,-0.0022,0.1029,0.3013
6808,6.808,0.0037,0.001,-0.0022,-0.0053,0.1278,0.2248
6809,6.809,0.0001,-0.0032,0.0008,-0.0138,0.1057,0.2955
6810,6.81,0.0043,-0.0085,-0.0002,-0.0107,0.0855,0.232
6811,6.811,0.0026,-0.0178,0.0051,-0.0055,0.1781,0.2901
6812,6.812,0.0021,-0.0116,-0.0002,0.0009,0.3969,0.7656
6813,6.813,0.0017,-0.0038,0.0091,0.0017,0.2479,0.7019
6814,6.814,-0.0012,0.0056,0.0003,0.0069,0.0033,0.1779
6815,6.815,-0.0008,0.0044,0.0013,0.0048,-0.0959,-0.1753
6816,6.816,0.0015,0.0054,0.0044,0.0053,-0.1262,-0.2408
6817,6.817,0.0005,0.0044,0.0035,0.0093,-0.0995,-0.2997
6818,6.818,0.0047,0.0052,0.0044,0.0045,-0.1242,-0.2477
6819,6.819,0.0017,0.0026,0.0007,0.004,-0.102,-0.2002
6820,6.82,-0,0.0063,0.0056,0.0092,-0.4072,-0.5936
6821,6.821,0.0015,0.0014,0.0014,0.0071,-0.3638,-0.8582
6822,6.822,-0.0046,0.003,0.0054,0.0028,-0.0857,-0.3296
6823,6.823,-0.0004,0.0013,-0.0013,0.0022,0.0954,0.1638
6824,6.824,0.0033,0.0038,0.0014,-0.0046,0.1288,0.2291
6825,6.825,-0.0031,-0.0005,-0.0028,-0.0019,0.1589,0.2877
6826,6.826,0.0011,0.0036,-0.0022,0.0006,0.1321,0.2354
6827,6.827,-0.0011,-0,0.0028,-0.0016,0.1078,0.1877
6828,6.828,-0.0017,-0.0004,0.007,0.0048,0.2648,0.406
6829,6.829,-0.0012,-0.0024,0.0075,-0.0012,0.3666,0.8426
6830,6.83,-0.0017,0.0018,0.006,-0.0005,0.1628,0.5521
6831,6.831,-0.0012,0.0022,0.0009,0.0015,-0.0275,0.075
6832,6.832,0.0019,-0.0003,-0.0026,0.0045,-0.1018,-0.2465
6833,6.833,-0.002,-0,0.0043,0.0004,-0.1245,-0.1898
6834,6.834,0.0005,0.002,0.0016,0.0019,-0.1044,-0.2435
6835,6.835,-0.0025,0.003,0.0025,0.0023,-0.0862,-0.2923
6836,6.836,-0.0005,0.0019,0.0003,0.0043,-0.1703,-0.2491
6837,6.837,-0.0023,-0.0018,0.001,0.0001,-0.3999,-0.7655
6838,6.838,0.0016,-0.0022,0.0016,0.0029,-0.2359,-0.696
6839,6.839,0.0001,-0.0034,0.0011,0.0024,-0.0266,-0.2478
6840,6.84,-0.0002,-0.0024,-0.0015,0.0046,0.1096,0.1602
6841,6.841,0.001,-0.0041,-0.0045,0.0067,0.0856,0.2142
6842,6.842,0.0013,-0.0025,-0.0016,0.0057,0.1083,0.2627
6843,6.843,0.0059,-0.0018,-0.0034,0.0004,0.1289,0.3068
6844,6.844,0.0054,-0.0001,-0.001,0.0057,0.1107,0.188
6845,6.845,0.0002,0.0031,-0.0027,0.0064,0.3632,0.5847
6846,6.846,0.0009,0.0019,-0.0025,0.0022,0.3274,0.849
6847,6.847,0.0014,-0.0024,-0.0027,0.0017,0.0974,0.32
6848,6.848,-0.0015,-0.0007,-0.0004,-0.0051,-0.0523,-0.0333
6849,6.849,-0.004,0.004,0.0003,-0.0115,-0.0799,-0.2267
6850,6.85,0.0011,0.0023,-0.0031,-0.0072,-0.1047,-0.2856
6851,6.851,-0.0009,-0.0018,-0.0008,-0.005,-0.1272,-0.2335
6852,6.852,-0.0004,0.004,-0.0047,-0.0013,-0.0664,-0.186
6853,6.853,-0.0056,0.0018,-0.0031,-0.003,-0.2699,-0.4048
6854,6.854,-0.0007,0.0011,-0.0019,-0.0012,-0.4055,-0.9213
6855,6.855,-0.0038,-0.0031,-0.0015,0.0014,-0.1836,-0.5702
6856,6.856,-0.002,-0.0036,-0.0018,0.0018,0.0257,0.0066
6857,6.857,-0.0025,0.0021,-0.0021,-0.0029,0.1077,0.2402
6858,6.858,0.0025,-0.0001,0.001,-0.0034,0.1327,0.1711
6859,6.859,-0.001,0.002,-0.0026,-0.0098,0.1108,0.2355
6860,6.86,0.0007,0.005,-0.0037,-0.0055,0.0908,0.294
6861,6.861,0.0012,0.001,-0.0017,-0.0017,0.1834,0.2415
6862,6.862,0.0027,-0.0016,-0.002,0.0019,0.4024,0.7699
6863,6.863,0.0024,-0.0004,-0.0003,-0.0011,0.2535,0.7
6864,6.864,0.002,-0.0007,0.0001,0.0018,0.0091,0.2515
6865,6.865,-0.0015,0.0003,-0.0036,0.0014,-0.09,-0.1568
6866,6.866,-0.0004,0.002,0.0012,0.0036,-0.1201,-0.211
6867,6.867,-0,0.0004,-0.0019,0.0017,-0.1474,-0.2597
6868,6.868,0.001,0.0046,-0.0002,0.0068,-0.123,-0.3041
6869,6.869,-0.0029,-0.0023,-0.0006,0.0048,-0.1007,-0.1856
6870,6.87,0.0006,0.0005,-0.0028,0.0018,-0.3653,-0.5827
6871,6.871,0.0003,0.0064,0.0011,-0.001,-0.3294,-0.847
6872,6.872,-0.0009,-0.002,0.0026,-0.0005,-0.0993,-0.4142
6873,6.873,0.001,-0.001,0.0014,-0.0017,0.0506,0.1105
6874,6.874,-0.0042,0.0001,0.0017,-0.002,0.0783,0.1822
6875,6.875,-0.0005,-0.0045,0.0036,-0.0038,0.1032,0.2469
6876,6.876,-0.0025,-0.0002,0.0026,0.0014,0.1258,0.3054
6877,6.877,-0.003,0.0005,0.0022,0.0008,0.1057,0.2529
6878,6.878,-0.0013,-0.003,0.0053,0.0001,0.2724,0.3971
6879,6.879,-0.0028,-0.0025,0.0024,-0.0057,0.3845,0.8777
6880,6.88,-0.0016,0.0004,0.002,-0.0063,0.1605,0.5581
6881,6.881,-0.0013,-0.0021,-0.0003,-0.0028,-0.0487,0.0337
6882,6.882,0.0013,-0.0018,0.0007,0.0042,-0.0764,-0.1787
6883,6.883,0.0009,-0.0005,0.0008,0.0015,-0.1014,-0.2438
6884,6.884,0.004,0.0021,0.002,0.0057,-0.124,-0.3024
6885,6.885,-0.0018,0.0038,-0.0008,-0.0013,-0.104,-0.2501
6886,6.886,0.003,0.0008,0.0019,-0.0045,-0.1543,-0.2322
6887,6.887,0.0021,-0.0022,-0.0005,0.0001,-0.3952,-0.7608
6888,6.888,0.0015,0.0029,0.0039,0.0009,-0.2312,-0.6911
6889,6.889,0.0035,-0.0035,0.0044,0.0002,-0.0221,-0.2427
6890,6.89,-0.0048,0.0008,0.0008,-0.0018,0.0599,0.1654
6891,6.891,0.0008,0.0001,-0.0014,-0.0023,0.0849,0.2194
6892,6.892,-0.0003,0.0008,-0.0043,0.0029,0.1075,0.268
6893,6.893,-0.0011,0.0026,-0.0008,-0.0019,0.128,0.3121
6894,6.894,0.0031,0.0043,-0.0038,-0.0014,0.1097,0.1935
6895,6.895,0.0009,-0.0004,-0.0035,0.0015,0.3621,0.5904
6896,6.896,0.0016,-0.0009,-0.0061,0.002,0.3262,0.8547
6897,6.897,0.0033,-0.0037,-0.0064,-0.001,0.0961,0.3258
6898,6.898,0.0004,-0.0001,-0.0074,-0.0022,-0.0536,-0.168
6899,6.899,0.0029,-0.0004,-0.0032,0.0003,-0.0812,-0.2334
6900,6.9,0.006,0.0043,0.0037,-0.005,-0.1554,-0.2923
6901,6.901,0.0039,0.0027,-0.0027,-0.0134,-0.178,-0.2403
6902,6.902,0.0004,-0.0002,0.0032,-0.0057,-0.0765,-0.1927
6903,6.903,0.0015,-0.0059,0.0009,-0.0087,-0.2432,-0.3237
6904,6.904,-0.0005,0.0011,0.0016,0.0016,-0.3555,-0.9194
6905,6.905,-0.0016,0.0002,-0.0015,0.003,-0.1722,-0.494
6906,6.906,0.0008,-0.0006,0.0014,0.0041,0.0502,-0.1058
6907,6.907,0.0025,-0.0028,-0.0001,0.0031,0.0806,0.2474
6908,6.908,-0.0018,0.0021,0.001,0.0041,0.1081,0.1845
6909,6.909,-0.0013,0.0016,0.0039,-0.0005,0.1329,0.2431
6910,6.91,0.0004,0.0022,0.0013,0.0037,0.1107,0.2964
6911,6.911,-0.0032,0.0027,-0.0039,0.0059,0.1716,0.2488
6912,6.912,0.0011,0.0049,0.0045,0.0023,0.3754,0.7293
6913,6.913,-0.0018,0.0001,-0.0011,0.004,0.2399,0.6658
6914,6.914,0.0039,-0.0029,0.002,0.0035,0.0175,0.2583
6915,6.915,-0.0014,-0,-0.0008,0.002,-0.0725,-0.2187
6916,6.916,0.0022,0.0025,0.0018,0.0016,-0.1001,-0.1561
6917,6.917,-0.0036,-0.0026,-0.002,-0.0023,-0.1249,-0.2148
6918,6.918,0.0001,-0.0046,0.0045,0.0024,-0.1029,-0.2681
6919,6.919,-0.0064,-0.0029,-0.0015,0.0019,-0.0827,-0.3165
6920,6.92,-0.0055,-0.0058,-0.0037,0.0036,-0.3605,-0.6222
6921,6.921,-0.0093,-0.0043,0.0027,0.002,-0.3212,-0.9003
6922,6.922,-0.0086,-0.0031,-0.0015,0.0023,-0.0684,-0.3588
6923,6.923,-0.0004,-0.0011,0.0022,0.0043,0.0963,0.1844
6924,6.924,-0.006,0.0014,-0.0027,0.0018,0.1267,0.2562
6925,6.925,-0.009,0.003,0.0015,0.0041,0.0999,0.3211
6926,6.926,-0.0082,-0.0014,0.0056,0.0038,0.1247,0.2638
6927,6.927,-0.004,0.0015,0.0008,0.0007,0.1025,0.2116
6928,6.928,-0.0003,-0.0021,0.0013,0.0036,0.2857,0.356
6929,6.929,0.0017,0.0001,-0.0004,-0.0007,0.3596,0.9241
6930,6.93,0.0034,-0.0003,0.0021,-0.0036,0.1579,0.5375
6931,6.931,0.0029,-0.0061,0.0033,0.0032,-0.0325,0.0442
6932,6.932,0.0023,-0.0103,0.0021,0.0023,-0.1069,-0.2771
6933,6.933,-0.0007,-0.011,0.0024,0.0014,-0.085,-0.22
6934,6.934,0.0057,-0.009,-0.0029,-0.0023,-0.1462,-0.2734
6935,6.935,0.0048,-0.0008,-0.0007,-0.0017,-0.091,-0.2258
6936,6.936,0.009,0.0024,-0.0027,-0.0012,-0.1752,-0.1823
6937,6.937,0.0068,0.0034,-0.0022,-0.01,-0.4049,-0.7778
6938,6.938,0.0062,0.0061,-0.0006,-0.0112,-0.3066,-0.693
6939,6.939,0.0019,0.0035,-0.0053,-0.0035,-0.0376,-0.1504
6940,6.94,0.0014,0.0013,-0.0037,-0.0045,0.0711,0.2028
6941,6.941,-0.0002,-0.0008,-0.002,-0.013,0.1043,0.2682
6942,6.942,0.0002,-0.0003,-0.0015,-0.0208,0.1343,0.211
6943,6.943,-0.0027,0.0037,-0.0018,-0.0177,0.1074,0.2645
6944,6.944,-0.0046,0.0032,-0.003,-0.0074,0.083,0.217
6945,6.945,0.0006,0.002,-0.0049,0.0022,0.3294,0.6102
6946,6.946,-0,0.0048,-0.0032,0.001,0.2967,0.8748
6947,6.947,0.0049,0.0038,-0.0015,0.0066,0.0877,0.3462
6948,6.948,0.0032,0.0021,0.0027,0.0076,-0.0484,-0.1471
6949,6.949,0.0026,0.001,0.0022,0.003,-0.0735,-0.2123
6950,6.95,-0.0031,0.0029,0.0005,0.0022,-0.141,-0.2709
6951,6.951,0.0021,-0.001,0.0083,0.0015,-0.121,-0.3242
6952,6.952,0.0001,-0.0016,0.0027,-0.0006,-0.0658,-0.2763
6953,6.953,0.0018,0.001,0.0017,0.0052,-0.2509,-0.4072
6954,6.954,0.0001,0.0021,0.0044,0.0045,-0.3743,-0.9233
6955,6.955,0.0006,0.0001,-0.0015,0.0095,-0.1725,-0.5718
6956,6.956,-0.0016,-0.0035,0.0037,0.0053,0.0178,0.0051
6957,6.957,0.0005,0.0016,0.0002,0.0058,0.0922,0.239
6958,6.958,0.003,0.0036,-0.0003,0.0023,0.1149,0.1701
6959,6.959,-0.0008,0.0041,0.0002,0.0027,0.1354,0.2349
6960,6.96,0.0027,0.0024,0.0007,0.0039,0.1171,0.2935
6961,6.961,0.0024,-0.0034,-0.0015,-0.0003,0.1676,0.2411
6962,6.962,-0.0004,0.0003,-0.0011,0.0061,0.3971,0.7699
6963,6.963,0.0021,0.001,-0.0021,0.0053,0.2331,0.7002
6964,6.964,-0.0017,0.004,-0.0011,0.0031,0.0239,0.2519
6965,6.965,0.0008,-0.0024,-0.0041,0.0052,-0.1123,-0.1561
6966,6.966,0.0021,0.0018,-0.0015,0.0022,-0.0884,-0.2101
6967,6.967,0.0001,-0.0004,-0.0005,0.0017,-0.1111,-0.2586
6968,6.968,0.0019,0.0032,0.0012,0.0042,-0.1316,-0.3026
6969,6.969,-0.0019,0.0037,0.0019,0.0046,-0.0763,-0.1838
6970,6.97,-0.0044,0.002,0.0007,-0.0019,-0.3287,-0.5807
6971,6.971,-0.0014,0.0015,0.0006,-0.0083,-0.2928,-0.8449
6972,6.972,-0.001,0.0018,0.0001,-0.0057,-0.1284,-0.4121
6973,6.973,0.0041,-0.001,0.0028,-0.0064,0.0809,0.1128
6974,6.974,0.0006,0.0032,0.0012,-0.0015,0.1086,0.1848
6975,6.975,0.0023,-0.002,0.0008,-0.002,0.1333,0.2498
6976,6.976,-0.0006,0.0016,0.0046,-0.0003,0.1112,0.3088
6977,6.977,-0.0041,-0.0041,0.0011,0.0003,0.0911,0.2566
6978,6.978,0.0002,-0.0004,0.0023,0.0025,0.2577,0.4011
6979,6.979,-0.0062,0.0017,0.0052,0.0013,0.3698,0.8819
6980,6.98,-0.002,-0.0052,0.0016,0.0055,0.1864,0.5625
6981,6.981,-0.0013,-0.0025,-0.0026,0.005,-0.036,0.0383
6982,6.982,0.0023,0.0001,0.0027,0.0066,-0.0665,-0.1738
6983,6.983,-0.0007,-0.0021,-0.0022,-0.0003,-0.0941,-0.2387
6984,6.984,-0.0002,-0.0027,0.0021,0.0027,-0.1189,-0.2972
6985,6.985,-0.0006,-0.001,0.0038,-0.0018,-0.0967,-0.2447
6986,6.986,-0.0028,-0.0005,-0.0009,-0.001,-0.1577,-0.1966
6987,6.987,0.0016,-0.0011,-0.0004,-0.004,-0.3984,-0.7708
6988,6.988,0.0019,0.0025,0.0013,-0.0047,-0.269,-0.7274
6989,6.989,0.0023,0.0037,-0.0016,-0.0027,-0.0161,-0.2102
6990,6.99,0.0033,0.0017,-0.0031,0.0016,0.0928,0.1431
6991,6.991,-0.0018,-0.0009,-0.0034,-0.0025,0.1261,0.2085
6992,6.992,0.0003,0.0008,-0.0014,0.0011,0.0967,0.2673
6993,6.993,-0.0014,0.0019,-0.0032,-0.005,0.1241,0.3208
6994,6.994,-0.0031,0,-0.0049,-0.0025,0.0997,0.1772
6995,6.995,0.0046,-0.0038,-0.0025,0.0044,0.3462,0.5706
6996,6.996,-0.0009,-0.0055,0.0017,-0.002,0.248,0.7294
6997,6.997,0.0021,-0.0019,0.0034,0.0006,0.039,0.297
6998,6.998,-0.0025,-0.0016,-0.0007,-0.0001,-0.0971,-0.1111
6999,6.999,-0.0016,-0.0028,-0.0012,-0.0021,-0.0731,-0.1652
7000,7,-0.001,-0.0024,-0.0008,0.0021,-0.0957,-0.214
7001,7.001,-0.0045,-0.0041,-0.0011,-0.0067,-0.1162,-0.2582
7002,7.002,-0.0015,-0.0011,-0.0001,-0.018,-0.0979,-0.219
7003,7.003,-0.002,-0.0001,-0.0018,-0.0134,-0.2493,-0.3272
7004,7.004,-0.0005,0.0023,0.0019,-0.0121,-0.3916,-0.8196
7005,7.005,-0.0075,-0.0001,-0.0003,-0.0033,-0.1878,-0.6089
7006,7.006,-0.0085,0.0029,0.0026,-0.0023,0.0568,-0.032
7007,7.007,-0.0039,0.0026,0.0029,-0.0033,0.0904,0.202
7008,7.008,-0.0082,0.0007,-0.001,-0.006,0.1206,0.2734
7009,7.009,-0.0045,-0.001,-0.0005,-0.0001,0.148,0.338
7010,7.01,-0.0038,-0.0007,-0.0074,0.0005,0.1238,0.2806
7011,7.011,-0.0008,0.0023,-0.0127,0.0041,0.1462,0.2283
7012,7.012,0.0009,0.0052,-0.0063,0.0046,0.4109,0.7569
7013,7.013,0.0024,0.0001,-0.002,0.0074,0.2308,0.6872
7014,7.014,0.0036,-0.0019,-0.0058,0.0059,0.0661,0.2388
7015,7.015,0.0056,0.0011,-0.0022,0.0062,-0.0835,-0.1694
7016,7.016,-0.0002,-0.0006,-0.0018,0.0073,-0.111,-0.2236
7017,7.017,0.0023,0.0029,0.0023,0.0048,-0.1358,-0.2722
7018,7.018,0.003,-0.004,0.0028,0.0044,-0.1583,-0.3165
7019,7.019,0.005,-0.003,0.0058,0.006,-0.1381,-0.198
7020,7.02,0.0033,0.0015,0.0046,0.0018,-0.3417,-0.595
7021,7.021,0.0074,-0.0027,0.0027,0.0034,-0.3148,-0.8595
7022,7.022,-0.0004,-0.0021,-0.0005,0.0029,-0.0926,-0.4269
7023,7.023,0.0028,-0.0028,-0.0034,-0.0049,0.1168,0.0976
7024,7.024,0.0018,-0.0033,0.0001,-0.006,0.0903,0.1692
7025,7.025,0.0009,-0.0016,-0.0011,-0.007,0.1153,0.2339
7026,7.026,0.0051,-0.0094,0.0018,0.0014,0.1379,0.2924
7027,7.027,-0.0001,-0.0126,-0.0008,0.0046,0.0772,0.24
7028,7.028,0.0005,-0.0054,-0.0011,0.0035,0.281,0.3841
7029,7.029,0.0022,-0.0027,0.0012,-0.0011,0.3624,0.8646
7030,7.03,0.0017,-0.0002,-0.0006,-0.0019,0.19,0.5449
7031,7.031,0.0022,0.005,0.001,-0.0026,-0.0123,0.0204
7032,7.032,-0.0021,0.003,0.0008,-0.002,-0.0941,-0.1923
7033,7.033,0.0008,0.0025,-0.0002,-0.0037,-0.1189,-0.2576
7034,7.034,0.0044,0.0065,0.002,0.0015,-0.1415,-0.3165
7035,7.035,0.004,0.006,0.0027,-0.0006,-0.0808,-0.2646
7036,7.036,0.002,0.0102,0.0014,0.0052,-0.1364,-0.2171
7037,7.037,-0.0006,0.005,0.0046,0.0058,-0.3888,-0.7853
7038,7.038,0.0018,0.0056,0.0043,0.0038,-0.2808,-0.7086
7039,7.039,-0.0012,0.0061,0.0017,0.0032,-0.0505,-0.2161
7040,7.04,-0.0002,-0.0003,-0.0006,0.0003,0.0992,0.2329
7041,7.041,-0.0026,-0.0028,0.0031,0.0008,0.0727,0.1758
7042,7.042,-0.0022,0.0009,0.0027,0.005,0.1467,0.229
7043,7.043,0.0003,0.0029,0.0039,0.0067,0.1246,0.2772
7044,7.044,0.002,0.0034,0.0003,0.0019,0.1044,0.2336
7045,7.045,-0.0017,-0.003,0.0015,-0.0023,0.3452,0.5112
7046,7.046,-0.0014,0.0047,-0.0006,0.0053,0.3125,0.836
7047,7.047,-0.001,0.0037,0.0036,0,0.1035,0.3549
7048,7.048,-0.0007,-0.0008,-0.0004,-0.0027,-0.0868,-0.0946
7049,7.049,-0.001,0.0017,-0.0009,-0.0069,-0.1119,-0.1542
7050,7.05,0.0027,-0.0005,-0.0021,-0.0062,-0.0898,-0.2079
7051,7.051,0.0015,0.0045,-0.0018,-0.0069,-0.1104,-0.2567
7052,7.052,-0.0024,-0.0013,-0.0043,-0.0086,-0.092,-0.2138
7053,7.053,-0.0039,0.0025,-0.0033,-0.001,-0.2434,-0.3332
7054,7.054,-0.0008,0.0005,-0.0016,0,-0.3857,-0.8749
7055,7.055,-0.0004,0.0035,-0.003,0.0009,-0.1819,-0.6432
7056,7.056,-0.0014,-0.0029,0.0009,0.0018,0.0084,-0.0093
7057,7.057,-0.0024,-0.0037,0.0004,0.0025,0.0828,0.2472
7058,7.058,-0.002,0,-0.0021,0.0018,0.1055,0.1707
7059,7.059,-0.0027,-0.002,0.0022,-0.0039,0.1261,0.2413
7060,7.06,-0.0025,-0.0015,-0.0007,0.003,0.1079,0.3055
7061,7.061,0.0013,0.0026,0.0009,-0.0015,0.1584,0.2473
7062,7.062,-0.0034,0.0011,0.0012,-0.0024,0.388,0.7226
7063,7.063,-0.0003,-0.0049,0.0033,-0.0001,0.224,0.7866
7064,7.064,-0.0019,-0.0057,-0.0024,-0.0036,0.0148,0.2623
7065,7.065,0.0006,-0.002,-0.0016,-0.0019,-0.0671,-0.2316
7066,7.066,-0.0024,-0.0013,0.0006,0.0022,-0.0922,-0.1693
7067,7.067,-0.0027,-0.0007,-0.0014,0.0058,-0.115,-0.2284
7068,7.068,-0.0036,-0.0012,0.0029,0.0028,-0.1356,-0.2822
7069,7.069,0.0003,-0.0017,0.0024,-0.0036,-0.0803,-0.2349
7070,7.07,0.0039,-0.0013,0.0009,-0.0044,-0.3328,-0.541
7071,7.071,0.0009,-0.0025,-0.0003,-0.0019,-0.3691,-0.8989
7072,7.072,0.0006,-0.0028,0.0018,0.0004,-0.0735,-0.3704
7073,7.073,0.0031,-0.0018,-0.004,0.0025,0.0462,0.1231
7074,7.074,0.0042,-0.0055,-0.0031,0.0042,0.0827,0.1884
7075,7.075,0.0045,0.0015,-0.0009,0.0025,0.1158,0.247
7076,7.076,0.0015,0.0068,-0.0016,0.0073,0.1456,0.3002
7077,7.077,0.0003,-0.0035,0.0015,0.0031,0.0645,0.2523
7078,7.078,0.0039,0.0034,-0.0014,0.0015,0.2368,0.2961
7079,7.079,0.0017,0.0023,0.0011,0.0031,0.3936,0.8917
7080,7.08,0.0046,0.0013,-0.0011,0.0062,0.1695,0.6365
7081,7.081,0.0043,-0.0018,-0.0023,-0.0002,-0.0399,0.0935
7082,7.082,-0.001,0.0028,-0.0004,-0.0029,-0.0677,-0.2596
7083,7.083,-0.0031,-0.0014,-0.0036,-0.002,-0.0929,-0.1968
7084,7.084,0.0004,-0.0007,0.0028,-0.0013,-0.1156,-0.2554
7085,7.085,0.0035,0.0013,0.0001,-0.0033,-0.0957,-0.3087
7086,7.086,0.0006,0.0019,0.0009,-0.0003,-0.1513,-0.2609
7087,7.087,0.0011,0.0059,-0.0028,-0.0007,-0.4039,-0.7413
7088,7.088,-0.0006,0.0014,0.0014,0.0022,-0.2552,-0.7697
7089,7.089,0.0006,0.0019,0.0021,0.0027,-0.0024,-0.1933
7090,7.09,0.0026,0.0022,0.0026,0.0005,0.0967,0.1952
7091,7.091,0.0029,0.001,0.0066,0.0009,0.1268,0.2669
7092,7.092,-0.0023,0.0028,-0.0012,0.0012,0.0999,0.2037
7093,7.093,-0.0001,-0.0024,0.002,-0.002,0.1245,0.2624
7094,7.094,-0.0022,-0.0031,-0.001,-0.0008,0.1021,0.2102
7095,7.095,-0.0039,-0.0052,-0.0019,-0.0011,0.3258,0.5467
7096,7.096,0.0014,-0.0047,-0.0011,0.0006,0.296,0.8528
7097,7.097,-0.0007,-0.0018,0.0011,-0.0045,0.1059,0.2574
7098,7.098,0.0024,-0.0034,0.0004,-0.0024,-0.0673,-0.1696
7099,7.099,-0.0005,-0.0056,-0.0027,-0.0008,-0.0904,-0.2481
7100,7.1,-0.001,-0.0036,-0.001,-0.0002,-0.1518,-0.1785
7101,7.101,-0.0053,-0.0033,-0.0025,0.0013,-0.1705,-0.2427
7102,7.102,-0.0117,-0.0001,0.0005,0.0001,-0.1204,-0.1848
7103,7.103,-0.0075,0.0046,-0.0034,0.0004,-0.2276,-0.3431
7104,7.104,-0.0053,0.0003,-0.0019,0.0001,-0.3808,-0.8715
7105,7.105,-0.0033,0.002,-0.0089,-0.0002,-0.1569,-0.52
7106,7.106,0.0025,0.0025,-0.012,0.0008,0.0522,-0.0709
7107,7.107,-0.0028,0.0028,-0.0093,0.005,0.0799,0.2216
7108,7.108,-0.0008,-0.0001,-0.0034,0.002,0.1048,0.2757
7109,7.109,-0.0038,-0.002,0.0019,0.0048,0.1274,0.3246
7110,7.11,-0.001,0.0032,-0.003,0.0033,0.1072,0.2818
7111,7.111,-0.0045,-0.0021,-0.0026,-0.0036,0.1628,0.2429
7112,7.112,-0.0042,-0.0128,-0.0021,-0.0109,0.4153,0.7845
7113,7.113,-0.0039,-0.0143,0.0037,-0.0063,0.2351,0.7078
7114,7.114,0.0018,-0.0074,0.0044,-0.0072,0.0704,0.2153
7115,7.115,0.001,0.0039,0.0064,-0.005,-0.0793,-0.1057
7116,7.116,0.0032,-0.0007,0.0059,-0.0043,-0.1068,-0.1649
7117,7.117,0.0038,0.0007,0.0018,-0.0027,-0.1316,-0.2182
7118,7.118,-0.0004,0.0044,0.0043,-0.001,-0.1094,-0.2666
7119,7.119,0.0036,0.0054,0.0031,0.0025,-0.0892,-0.2231
7120,7.12,0.0011,0.0001,0.0002,-0.0044,-0.3299,-0.5803
7121,7.121,0.0022,0.0028,0.0038,-0.0139,-0.3628,-0.9167
7122,7.122,0.0051,0.0053,0.0041,-0.0103,-0.094,-0.4359
7123,7.123,0.0061,0.0016,0.0061,-0.0071,0.0872,0.1414
7124,7.124,0.0037,0.0009,0.0042,-0.0018,0.1207,0.2203
7125,7.125,-0.0007,0.0039,0.0045,-0.0027,0.1508,0.2915
7126,7.126,0.0045,0.001,-0.0005,-0.0018,0.1241,0.2283
7127,7.127,0.0009,0.0036,-0.0012,0.0019,0.0998,0.1709
7128,7.128,-0.0021,0.0024,-0.0029,0.0025,0.2568,0.3295
7129,7.129,0.0007,0.0027,0.0035,0.0055,0.3993,0.8582
7130,7.13,0.0033,0.0063,-0.0007,0.0119,0.1586,0.507
7131,7.131,0.001,0.0002,0.003,0.0077,-0.006,0.0583
7132,7.132,-0.0002,0.0027,0.0065,0.0099,-0.0959,-0.2338
7133,7.133,0.0024,0.0005,-0.0004,0.0105,-0.1233,-0.2878
7134,7.134,0.0006,-0.0015,-0.0031,0.0047,-0.148,-0.2403
7135,7.135,0.0023,0.0027,-0.0006,-0.0022,-0.1257,-0.2846
7136,7.136,0.0021,0.0044,0.0001,0.0023,-0.146,-0.2454
7137,7.137,0.0028,-0.0004,0.0022,-0.0003,-0.3867,-0.7866
7138,7.138,0.0001,0.0013,-0.0021,0.0081,-0.2883,-0.7097
7139,7.139,0.0046,0.0008,-0.0016,0.0071,-0.0191,-0.217
7140,7.14,0.0004,0.0003,0.001,-0.0024,0.0898,0.2323
7141,7.141,0.0021,0.0015,-0.0002,0.0013,0.1233,0.1756
7142,7.142,-0.0015,0.0054,-0.0049,0.0003,0.1535,0.229
7143,7.143,-0.0057,-0.0003,-0.0007,-0.0007,0.1268,0.2774
7144,7.144,-0.0062,0.0019,-0.0002,0.0019,0.1026,0.234
7145,7.145,0.0005,-0.0001,-0.0027,-0.0006,0.3492,0.5118
7146,7.146,-0.0003,-0.0044,-0.0005,0.0016,0.3167,0.8368
7147,7.147,-0.0012,0.0009,-0.0002,0.0022,0.1078,0.3561
7148,7.148,-0.0019,0.0002,0.0008,-0.002,-0.0824,-0.0932
7149,7.149,-0.0012,-0.0028,-0.0002,-0.0025,-0.1074,-0.2691
7150,7.15,-0.0017,0.0013,0.0002,0.001,-0.1299,-0.2174
7151,7.151,-0,-0.0013,-0.0024,0.0014,-0.1504,-0.2661
7152,7.152,-0.0026,-0.0043,-0.0041,0.0002,-0.0949,-0.223
7153,7.153,-0.0004,-0.003,-0.0023,-0.0055,-0.2463,-0.3423
7154,7.154,-0,-0.0027,-0.0016,-0.0013,-0.3886,-0.8838
7155,7.155,0.001,-0.005,-0.0004,-0.005,-0.1847,-0.6521
7156,7.156,-0,-0.0053,-0.0011,-0.0001,0.0058,-0.0181
7157,7.157,-0.0024,-0.0027,-0.0024,-0.0018,0.0804,0.2386
7158,7.158,0.0019,0.0005,0.0003,-0.0001,0.1033,0.1622
7159,7.159,0.0024,0.0044,-0.0029,-0.0016,0.124,0.2329
7160,7.16,0.0019,0.0009,0.001,-0.0027,0.0689,0.2971
7161,7.161,0.0004,-0.0003,-0.0025,-0.0007,0.1532,0.239
7162,7.162,-0.0008,0.0018,-0.0047,0.0003,0.3829,0.7144
7163,7.163,-0.0036,-0.0008,-0.0035,0.0013,0.2847,0.7785
7164,7.164,-0.0017,0.0002,0.0001,0.0064,0.0157,0.2543
7165,7.165,-0.0007,-0.0014,-0.001,0.0028,-0.0929,-0.0989
7166,7.166,0.0044,-0.0016,0.0046,0.0059,-0.1261,-0.1644
7167,7.167,0.0024,-0.0033,-0.0006,0.0054,-0.0966,-0.2232
7168,7.168,-0.0006,-0.0031,0.003,0.0018,-0.1238,-0.2767
7169,7.169,0.0035,-0.0002,0.0036,0.0007,-0.0993,-0.2291
7170,7.17,0.003,-0.002,0.0077,0.0054,-0.3457,-0.5352
7171,7.171,0.0018,0.0019,0.0052,0.0012,-0.313,-0.893
7172,7.172,0.0007,-0.0029,0.0064,-0.0076,-0.1041,-0.3646
7173,7.173,-0.0028,0.0041,-0,-0.0189,0.0862,0.1288
7174,7.174,0.0033,-0.0024,0.0027,-0.005,0.1114,0.1941
7175,7.175,-0.0009,0.0019,0.0002,-0.0032,0.1341,0.2528
7176,7.176,-0.0031,0.0012,0.0009,-0.0015,0.114,0.3061
7177,7.177,0.0005,0.0019,-0.0011,0.0031,0.0957,0.2582
7178,7.178,0.0011,-0.0024,-0.0053,0.0018,0.2472,0.3018
7179,7.179,0.0016,0.0029,-0.0012,0.003,0.3896,0.8972
7180,7.18,0.0001,0.0008,-0.0027,-0.0026,0.1858,0.6421
7181,7.181,-0.0011,0.0013,-0.0069,0.0005,-0.0045,0.099
7182,7.182,0.0001,0.003,0.0019,0.0013,-0.0789,-0.2544
7183,7.183,-0.0034,0.0004,0.0031,0.0022,-0.1017,-0.1916
7184,7.184,-0.0012,0.0001,-0.0025,0.0028,-0.1223,-0.2504
7185,7.185,-0.0041,0.0039,0.0006,0.0049,-0.1042,-0.3038
7186,7.186,0.0017,0.0024,0.0014,0.0043,-0.1548,-0.2562
7187,7.187,0.0026,-0.0037,0.0056,0.0003,-0.3845,-0.7368
7188,7.188,-0.0027,-0.0046,0.0004,-0.0076,-0.2861,-0.8012
7189,7.189,-0.0027,-0.0033,0.0004,-0.0044,-0.0316,-0.238
7190,7.19,-0.0006,-0.0055,0.0011,-0.0012,0.0585,0.1702
7191,7.191,-0.0001,-0.002,0.0028,-0.0002,0.0861,0.2244
7192,7.192,0.0004,-0.0004,0.008,-0.0011,0.1109,0.2732
7193,7.193,-0.0011,0.0013,-0.0013,0.0031,0.1334,0.2301
7194,7.194,-0.0008,0.0018,-0.0001,-0.0006,0.1132,0.191
7195,7.195,0.0021,0.0021,0.001,-0.0042,0.3539,0.5159
7196,7.196,0.0031,0.0041,-0.0001,0.0027,0.3212,0.8219
7197,7.197,0.0076,0.0022,0.0027,-0.0038,0.1122,0.3851
7198,7.198,0.0019,-0.0002,-0.0033,-0.0046,-0.0781,-0.023
7199,7.199,-0.0003,-0.0046,-0.0011,-0.0131,-0.1033,-0.1828
7200,7.2,0.0003,-0.0075,-0.0017,-0.0142,-0.126,-0.2318
7201,7.201,-0.0002,-0.0153,-0.0048,-0.0005,-0.106,-0.2758
7202,7.202,0.0015,-0.0098,-0.0065,-0.0024,-0.0877,-0.2365
7203,7.203,0.001,-0.0045,-0.003,-0.0042,-0.2392,-0.3447
7204,7.204,-0.0012,0.0019,0.0001,0.0034,-0.3816,-0.8371
7205,7.205,-0.0001,0.0078,0.0012,-0.0007,-0.2149,-0.6264
7206,7.206,0.0009,0.0008,0.0002,0.0005,-0.0126,-0.0495
7207,7.207,-0.0023,-0,0.0034,0.0015,0.0692,0.1842
7208,7.208,-0.0003,0.0042,-0.003,0.0087,0.0942,0.2558
7209,7.209,-0.0013,0.0064,-0.0039,0.006,0.1616,0.3204
7210,7.21,-0.0017,0.0028,0.0003,0.0034,0.101,0.2631
7211,7.211,-0.0041,0.0023,-0.0081,0.0027,0.1566,0.2109
7212,7.212,-0.001,0.0052,-0.0071,0.0047,0.4091,0.7396
7213,7.213,0.0001,0.0036,-0.0124,0.0041,0.2289,0.6699
7214,7.214,0.0011,0.0048,-0.006,0.0024,0.0643,0.2218
7215,7.215,-0.0021,0.0028,-0.0018,0.006,-0.0855,-0.3027
7216,7.216,-0.0001,0.0009,-0.0011,0.0029,-0.113,-0.2336
7217,7.217,-0.0044,0.0019,-0.0005,-0.0018,-0.1378,-0.2983
7218,7.218,-0.0003,0.0015,0.0012,-0.0002,-0.1156,-0.2408
7219,7.219,-0.0039,0.0002,0.0007,0.0003,-0.0954,-0.1883
7220,7.22,-0.0052,0.0041,-0.0029,0.0018,-0.2991,-0.5247
7221,7.221,-0.0081,-0.0035,0.0001,-0.0051,-0.3263,-0.8306
7222,7.222,-0.0062,0.0017,0.004,-0.0062,-0.1042,-0.3937
7223,7.223,-0.0073,-0.001,0.0024,0.0003,0.1051,0.131
7224,7.224,-0.0036,0.0016,-0.0006,0.0028,0.1328,0.2029
7225,7.225,-0.0024,0.0009,0.0014,-0.0025,0.1086,0.2678
7226,7.226,-0.0005,0.0002,0.0039,0.0024,0.1312,0.3267
7227,7.227,0.0014,-0.0015,0.007,0.0007,0.0705,0.2745
7228,7.228,0.0037,0.0026,0.0014,0.0013,0.2372,0.3229
7229,7.229,0.0027,0.0021,-0.0008,-0.0003,0.3941,0.8911
7230,7.23,0.0052,-0.003,0.0012,0.0028,0.1702,0.6594
7231,7.231,0.0034,-0.001,0.0069,0.0016,-0.0391,0.0254
7232,7.232,0.0037,-0.0027,-0.0001,-0.0002,-0.0668,-0.2314
7233,7.233,0.003,0.0026,0.0008,0.0001,-0.0918,-0.1552
7234,7.234,0.0059,-0.0052,0.0066,0.0018,-0.1144,-0.2259
7235,7.235,0.0001,0.0021,-0.0003,0.0025,-0.0944,-0.2903
7236,7.236,-0.0008,-0.0006,0.0024,0.0037,-0.15,-0.2326
7237,7.237,-0.003,0.0072,-0.0002,0.0011,-0.4025,-0.7081
7238,7.238,0.0034,0.0019,0.0004,0.0014,-0.2946,-0.7723
7239,7.239,0.0025,0.0028,-0.0016,0.0024,-0.0644,-0.2485
7240,7.24,0.0018,0.0036,-0.0021,-0.0006,0.0853,0.1048
7241,7.241,0.0038,-0.0033,-0.0005,0.0014,0.1128,0.1702
7242,7.242,0.0008,-0.0042,0,-0.0043,0.1376,0.2291
7243,7.243,0.0072,-0.0033,-0.0012,-0.0034,0.1154,0.2825
7244,7.244,0.0063,0.0036,0.0017,0.0003,0.0952,0.2349
7245,7.245,0.001,-0.0028,-0.0009,0.001,0.3359,0.5408
7246,7.246,0.0017,-0.0002,0.0001,0.0027,0.3032,0.8191
7247,7.247,0.0047,-0.0072,0.0031,0.0023,0.0942,0.4221
7248,7.248,-0.0017,-0.0063,0.0006,0.0018,-0.0421,-0.0547
7249,7.249,-0.0026,-0.0038,0.0002,0.004,-0.1165,-0.2478
7250,7.25,-0.0004,-0.0031,-0.0002,0.0012,-0.1393,-0.3067
7251,7.251,-0.0053,-0.0038,0.0041,-0.0046,-0.1193,-0.2545
7252,7.252,0.003,-0.0055,0.0035,-0.0019,-0.1011,-0.2068
7253,7.253,-0.0002,-0.0014,0.0018,-0.0025,-0.219,-0.3379
7254,7.254,-0.0033,0.0022,-0.0029,0.0024,-0.3876,-0.9334
7255,7.255,0.0013,-0,-0.0024,0.0008,-0.186,-0.508
7256,7.256,-0.0046,0.0012,-0.0028,0.0004,0.0042,-0.1199
7257,7.257,0.0006,-0.0006,0.0019,-0.0001,0.0785,0.2333
7258,7.258,0.0013,-0.001,0.0025,0.003,0.1012,0.1705
7259,7.259,0.003,0.0021,0.003,0.0019,0.1217,0.2293
7260,7.26,0.0001,0.0002,-0.0038,-0.0038,0.1034,0.2826
7261,7.261,0.0007,0.0006,-0.0046,-0.0063,0.1539,0.2347
7262,7.262,0.0003,0.0043,-0.0003,-0.0056,0.3835,0.7152
7263,7.263,-0.0017,-0.0026,-0.001,-0.0062,0.2851,0.7796
7264,7.264,-0.0027,0.0027,0.0039,-0.0031,0.0161,0.2557
7265,7.265,0.0012,0.0054,-0.0003,0.001,-0.0928,-0.0976
7266,7.266,-0.0003,0.0012,0.0003,0.0025,-0.1262,-0.163
7267,7.267,0.0019,0.0006,0.0008,0.0004,-0.0967,-0.2218
7268,7.268,0.0032,-0.0014,0.002,0.0068,-0.1242,-0.2752
7269,7.269,-0.0026,0.0003,-0.0008,0.0004,-0.0999,-0.2274
7270,7.27,-0.0017,-0.0049,-0.0018,-0.0055,-0.3464,-0.5333
7271,7.271,0.002,-0.0042,-0.0007,-0.0061,-0.3139,-0.891
7272,7.272,0.0014,-0.0025,0.0017,-0.0012,-0.105,-0.4585
7273,7.273,0.0009,-0.0008,-0.0001,-0.0016,0.0852,0.066
7274,7.274,0.0004,0.0017,0.0001,0.0001,0.1103,0.1377
7275,7.275,-0.0031,0.0014,-0.0036,-0.0004,0.1329,0.2025
7276,7.276,-0.0019,0.0043,0.0021,0.0008,0.1127,0.2611
7277,7.277,0.0001,0.0085,-0,-0.0012,0.0943,0.2087
7278,7.278,0.002,0.0032,0.0007,0.0014,0.2456,0.3529
7279,7.279,-0.0018,0.0039,-0.001,-0.0025,0.3879,0.8333
7280,7.28,0.0007,0.0034,-0.0027,0.0001,0.184,0.6416
7281,7.281,-0.0023,0.0063,-0.0001,-0.0011,-0.0064,0.1174
7282,7.282,-0.0011,-0.0015,0.003,-0.0014,-0.0809,-0.2356
7283,7.283,0.0015,-0.0047,-0.0009,0.0021,-0.1037,-0.1728
7284,7.284,-0.0017,0.0005,0.0027,0.0033,-0.1244,-0.2316
7285,7.285,0.0003,0.0032,0.003,0.0013,-0.1062,-0.2851
7286,7.286,-0,-0.001,-0.0009,0.0055,-0.1568,-0.2375
7287,7.287,-0.001,0.0012,0.0007,0.006,-0.3865,-0.7182
7288,7.288,-0,0.0019,-0.0015,0.0055,-0.2883,-0.7826
7289,7.289,0.0007,-0.0024,0.0014,0.0024,-0.0194,-0.259
7290,7.29,0.0007,-0.0014,0.0016,0.0011,0.0825,0.1588
7291,7.291,0,-0.0009,0.0006,0.0007,0.119,0.2302
7292,7.292,0.0037,-0.0014,0.0002,0.0043,0.1521,0.2947
7293,7.293,0.0002,0.0008,0.0019,0.002,0.1226,0.2371
7294,7.294,0.0024,-0.0004,0.0013,0.0032,0.0956,0.1846
7295,7.295,0.0003,0.0014,0.0011,-0.0026,0.3174,0.5209
7296,7.296,0.0022,-0.0018,-0.0011,-0.0001,0.3473,0.8269
7297,7.297,-0.0002,-0.0022,-0.0009,-0.0039,0.103,0.3899
7298,7.298,-0.0012,0.0036,-0.0026,-0.0046,-0.0618,-0.0183
7299,7.299,-0.0042,-0.0024,0.0001,-0.0129,-0.0922,-0.1782
7300,7.3,-0.0063,-0.0017,-0.0051,-0.0185,-0.1196,-0.2272
7301,7.301,-0.0082,-0.0038,-0.0029,-0.0155,-0.1443,-0.2715
7302,7.302,-0.0058,-0.0033,-0.0078,-0.0052,-0.0773,-0.2324
7303,7.303,-0.0055,-0.0028,-0.0061,-0.0012,-0.2196,-0.3407
7304,7.304,-0.0041,0.003,-0.0113,-0.0024,-0.3863,-0.8331
7305,7.305,-0.0002,-0.0023,-0.0064,0.0008,-0.1845,-0.6227
7306,7.306,0.0003,-0.0043,-0.0048,0.006,0.0058,-0.0459
7307,7.307,-0.0013,0.0026,-0.0053,0.0068,0.0802,0.1878
7308,7.308,-0.0001,-0.0001,-0.0005,0.0025,0.103,0.2593
7309,7.309,0.0002,-0.0026,-0,0.0003,0.083,0.324
7310,7.31,0.0028,-0.0033,0.0052,-0.0018,0.0648,0.2665
7311,7.311,-0.0005,-0.0013,0.0032,-0.0001,0.149,0.2141
7312,7.312,0.0024,-0.0056,0.0015,0.0015,0.3787,0.7428
7313,7.313,0.0021,-0.012,0.0032,-0.0001,0.2805,0.8135
7314,7.314,-0.0019,-0.0112,0.0026,0.005,0.0116,0.2374
7315,7.315,0.0007,-0.0106,0.003,0.0056,-0.0972,-0.151
7316,7.316,-0.0005,-0.0041,0.0033,0.0025,-0.0648,-0.2223
7317,7.317,0.0015,-0.0016,0.0015,0.002,-0.0949,-0.2868
7318,7.318,0.0005,-0.001,0.0004,0.0025,-0.1221,-0.2292
7319,7.319,0.0028,0.0054,0.0035,-0.0006,-0.0977,-0.1766
7320,7.32,0.0025,-0.0024,0.0045,-0.0071,-0.3441,-0.5129
7321,7.321,0.0067,0.007,-0.0001,-0.0117,-0.3115,-0.9062
7322,7.322,0.0024,0.0058,0.0041,-0.0058,-0.1025,-0.4304
7323,7.323,0.0007,0.0068,0.0024,-0.0052,0.0879,0.019
7324,7.324,0.0002,0.0078,0.0019,0.0012,0.1131,0.195
7325,7.325,-0.0002,0.0051,0.0007,0.0054,0.1358,0.2488
7326,7.326,0.0046,0.0042,0.0036,0.0032,0.1159,0.2977
7327,7.327,0.0029,0.0049,0.0026,0.0012,0.0977,0.2548
7328,7.328,-0.0024,-0.003,0.0022,0.0017,0.2492,0.2947
7329,7.329,-0.0045,0.0043,0.0005,0.0045,0.3917,0.7642
7330,7.33,0.005,-0.0003,-0.0037,0.0071,0.188,0.445
7331,7.331,0.0009,0.0056,-0.002,0.0028,-0.0566,0.0374
7332,7.332,-0.0003,0.0034,0.0044,0.0023,-0.09,-0.1223
7333,7.333,0.0029,0.0027,0.0001,0.0048,-0.1202,-0.1713
7334,7.334,-0.0001,0.0043,-0.0005,0.0026,-0.0934,-0.2154
7335,7.335,-0.001,-0.0009,0.0001,0.0055,-0.1181,-0.2553
7336,7.336,-0.0018,0.0026,-0.0029,-0.0003,-0.1405,-0.2193
7337,7.337,-0.0025,0.0043,-0.0034,0.0005,-0.4051,-0.7115
7338,7.338,0.0053,0.0026,-0.0029,0.0027,-0.2971,-0.782
7339,7.339,0,0,-0.0008,0.0007,-0.0668,-0.2056
7340,7.34,0.0008,-0.003,0.0031,0.0024,0.083,0.1831
7341,7.341,-0.0017,-0.0027,-0.0016,0.0029,0.1106,0.2548
7342,7.342,0.002,-0.0046,-0.0021,0.0044,0.1355,0.3196
7343,7.343,0.0013,0.0007,-0.0038,0.0022,0.1134,0.2623
7344,7.344,-0.0029,0.0044,-0.0033,0.0051,0.0933,0.21
7345,7.345,-0.0024,-0.0005,0.0028,0.0041,0.3341,0.5464
7346,7.346,0.0001,-0.0022,-0.0015,0.0008,0.3672,0.8525
7347,7.347,-0.0021,-0.0005,-0.0008,0.0005,0.0984,0.4158
7348,7.348,-0,-0.0021,-0.0001,-0.0052,-0.0826,-0.1087
7349,7.349,-0.0004,0.0001,-0.0032,-0.013,-0.116,-0.1803
7350,7.35,-0.0021,-0.0063,-0.0003,-0.0078,-0.1461,-0.245
7351,7.351,-0.0024,-0.0036,0.0022,-0.0069,-0.1192,-0.3036
7352,7.352,-0.0061,-0.001,0.001,-0.001,-0.0949,-0.2512
7353,7.353,-0.0014,-0.0032,-0.001,-0.0002,-0.2068,-0.2993
7354,7.354,0.0003,-0.0025,0.0026,0.0005,-0.3901,-0.8673
7355,7.355,-0.0037,-0.002,-0.0005,0.001,-0.1682,-0.6354
7356,7.356,0.0011,0.0021,0.0042,0.0016,0.0411,-0.1421
7357,7.357,0.0006,-0.0004,0.0012,-0.001,0.123,0.1794
7358,7.358,-0.0011,0.0018,-0.0028,0.0033,0.099,0.2386
7359,7.359,-0.0006,-0.0002,0.0019,-0.0007,0.1216,0.2922
7360,7.36,-0.0009,0.0056,0.0002,-0.0002,0.1015,0.2447
7361,7.361,0.002,-0.0003,-0.0026,-0.0013,0.1201,0.2013
7362,7.362,0.0024,0.0035,-0.0021,-0.0009,0.3727,0.7175
7363,7.363,0.0001,0.0015,-0.0033,0.0034,0.2649,0.7882
7364,7.364,0.0031,0.001,-0.0004,0.0039,0.0348,0.212
7365,7.365,0.0006,0.0015,0.0006,0.0025,-0.0551,-0.1766
7366,7.366,-0.0011,-0.0032,0.0023,0.0028,-0.0827,-0.2481
7367,7.367,0.0041,0.0038,0.0013,0.0009,-0.1074,-0.3128
7368,7.368,0.0034,0.003,-0.0012,-0.0001,-0.1299,-0.2553
7369,7.369,0.0004,0.0005,-0.0044,0.0045,-0.0691,-0.2028
7370,7.37,0.0021,-0.0001,-0.0005,-0.0038,-0.3468,-0.5393
7371,7.371,-0.0004,-0.002,0.0063,-0.0069,-0.3074,-0.9327
7372,7.372,-0.0016,-0.0002,-0.0021,-0.0059,-0.1267,-0.4571
7373,7.373,0.0024,0.0039,0.0011,-0.0031,0.0381,0.12
7374,7.374,0.0009,0.0025,0.0021,-0.0056,0.0686,0.1988
7375,7.375,0.0031,0.0003,-0.0006,-0.0034,0.0961,0.2699
7376,7.376,0.0003,0.0024,0.002,-0.0026,0.1209,0.3345
7377,7.377,0.0007,-0.0026,0.0013,0.0005,0.0987,0.2769
7378,7.378,0.0004,-0.0019,0.0006,0.0034,0.2411,0.3298
7379,7.379,0.0014,-0.0023,0.0012,0.002,0.4079,0.8583
7380,7.38,-0.0004,-0.0006,-0.0005,0.0032,0.2062,0.6477
7381,7.381,-0.0016,0.001,0.002,0.003,-0.0384,0.0711
7382,7.382,0.0001,-0.002,0.0024,0.0055,-0.0719,-0.1624
7383,7.383,-0.0003,0.0019,0.0003,0.0032,-0.102,-0.2336
7384,7.384,0.0027,-0.0005,-0.0022,-0.0018,-0.1294,-0.2981
7385,7.385,0.0024,-0.0001,0.0017,-0.0024,-0.105,-0.2406
7386,7.386,0.0006,0.0003,0.0002,-0.0007,-0.1274,-0.1882
7387,7.387,0.0016,-0.0015,-0.0021,0.001,-0.392,-0.7168
7388,7.388,-0.0014,-0.0005,-0,0.0026,-0.284,-0.7875
7389,7.389,0.0011,0.0006,-0.0019,-0.0025,-0.0538,-0.2115
7390,7.39,0.0015,0.0013,0.0033,0.0069,0.096,0.177
7391,7.391,-0.0002,-0.0012,-0.0018,0.0028,0.0993,0.217
7392,7.392,0.0015,-0.0005,-0.0011,0.0017,0.1267,0.2877
7393,7.393,-0.0022,0.0033,-0.0004,0.0049,0.1025,0.3522
7394,7.394,0.0014,-0.0035,0,0.0019,0.0803,0.1781
7395,7.395,-0.0008,0.005,0.0005,0.0011,0.345,0.5476
7396,7.396,0.0012,-0.0005,-0.003,-0.0049,0.3092,0.8841
7397,7.397,-0.0023,-0.0015,0.0012,-0.0011,0.1448,0.4033
7398,7.398,-0.0035,-0.0007,0.0007,-0.0018,-0.0645,-0.046
7399,7.399,-0.0006,0.0036,-0.0009,-0.0035,-0.0922,-0.222
7400,7.4,-0.0025,-0.0001,0.0003,-0.004,-0.1171,-0.276
7401,7.401,-0.0042,0.0019,0.0015,-0.0066,-0.1397,-0.3249
7402,7.402,-0.0018,0.0002,-0.0028,0.0004,-0.079,-0.2819
7403,7.403,-0.0044,-0.0038,0.0024,0.0014,-0.2456,-0.3218
7404,7.404,-0.0047,0.0009,-0.0025,0.0078,-0.4025,-0.8633
7405,7.405,-0.0023,-0.0033,-0.0008,0.0087,-0.1787,-0.6317
7406,7.406,-0.0037,-0.0016,-0.0026,0.0034,-0.0289,-0.1385
7407,7.407,-0.0003,-0.0011,-0.0041,-0.0059,0.1073,0.1826
7408,7.408,-0,-0.0041,0.0028,-0.0096,0.1322,0.2417
7409,7.409,-0.0021,0.0015,-0.0003,-0.0087,0.1101,0.2949
7410,7.41,-0.0011,0.0021,0.0024,-0.0056,0.09,0.2474
7411,7.411,0.0028,-0.0028,-0.0019,-0.0011,0.1085,0.2039
7412,7.412,0.0053,-0.0011,-0.0012,0.0014,0.361,0.72
7413,7.413,0.0003,-0.0006,-0.0006,0.0021,0.253,0.7904
7414,7.414,-0.0018,-0.0011,-0.0011,0,0.0883,0.2141
7415,7.415,-0.0013,0,-0.0052,-0.003,-0.0615,-0.1746
7416,7.416,0.0015,0.0012,-0.0047,0.0022,-0.089,-0.2463
7417,7.417,0,-0.0007,-0.007,0.0001,-0.1139,-0.3112
7418,7.418,0.003,-0.006,-0.0041,-0.0016,-0.0918,-0.2541
7419,7.419,-0.0034,-0.0112,-0.0067,0,-0.0717,-0.2019
7420,7.42,-0.0043,-0.0148,-0.0015,-0.0005,-0.3125,-0.5385
7421,7.421,-0.0052,-0.0091,-0.0022,0.0045,-0.3455,-0.9321
7422,7.422,-0.0089,0.0008,-0.0029,0.0024,-0.1366,-0.4566
7423,7.423,-0.0041,-0.0033,0.0066,-0.0034,0.0537,0.1202
7424,7.424,-0.0024,0.003,0.0025,-0.0119,0.128,0.199
7425,7.425,-0.0029,0.0019,0.0036,-0.0152,0.106,0.27
7426,7.426,-0.0004,0.0071,-0.0042,-0.0142,0.1265,0.3345
7427,7.427,-0.0001,0.0025,-0.0012,-0.0039,0.1081,0.2769
7428,7.428,0.0046,0.0033,-0.0039,-0.0053,0.2259,0.3298
7429,7.429,0.0041,0.0026,0.002,0.0009,0.3943,0.7623
7430,7.43,0.0046,0.0032,0.0026,0.0019,0.1927,0.472
7431,7.431,0.002,-0.0038,0.0005,0.0049,-0.0519,0.1012
7432,7.432,0.005,-0.0141,0.0022,0.004,-0.0855,-0.1407
7433,7.433,0.0038,-0.0072,0.0062,0.0065,-0.1157,-0.1856
7434,7.434,0.0041,0.0015,0.0047,0.0012,-0.1431,-0.2259
7435,7.435,0.0017,0.0025,0.0035,0.0047,-0.1188,-0.2625
7436,7.436,0.0047,0.0014,0.0055,0.0016,-0.1413,-0.1644
7437,7.437,0.0022,0.0022,0.0036,0.0021,-0.3652,-0.6118
7438,7.438,0.0005,0.003,0.0053,0.0067,-0.2761,-0.8041
7439,7.439,0.0008,0.0052,0.0036,0.0025,-0.0317,-0.1642
7440,7.44,-0.0011,0.0016,0.0042,-0.0004,0.0674,0.2631
7441,7.441,0.0012,0.0033,0.0019,0,0.0977,0.1871
7442,7.442,0.0002,0.0038,0.0009,0.0012,0.125,0.258
7443,7.443,-0.0024,0.0052,-0.0022,0.0008,0.1006,0.3226
7444,7.444,-0.0047,0.0064,-0.001,0.0033,0.0784,0.1487
7445,7.445,0.0003,0.0025,-0.002,0.0029,0.3429,0.5183
7446,7.446,0.0023,0.0029,-0.0003,0.0046,0.3792,0.855
7447,7.447,0.0018,0.0007,-0.0013,0.0003,0.0834,0.4617
7448,7.448,0.0035,0.0063,0.0017,0.0008,-0.0362,-0.0153
7449,7.449,-0.0013,0.0041,-0.0003,0.0048,-0.0729,-0.2087
7450,7.45,0.0004,0.002,0.0039,0.0053,-0.1061,-0.2677
7451,7.451,0.0021,0.0015,-0.0049,0.005,-0.1361,-0.3211
7452,7.452,0.0069,-0.0014,0.004,0.0011,-0.1093,-0.2735
7453,7.453,0.0026,-0.0009,0.0008,-0.0067,-0.2325,-0.3173
7454,7.454,0.0043,0.0003,0.0038,0.0036,-0.3895,-0.9127
7455,7.455,0.0018,-0.0018,-0.0026,-0.0005,-0.2062,-0.6575
7456,7.456,-0.0012,0.0018,-0.0034,0.0032,0.0163,-0.1146
7457,7.457,0.0008,0.0006,0.0003,0.0043,0.1062,0.2386
7458,7.458,-0.0002,0.0035,0.0024,-0.001,0.1337,0.1759
7459,7.459,-0.0034,-0.0022,-0.0033,-0.0056,0.1095,0.2348
7460,7.46,-0.003,-0.003,0.0004,0.0004,0.0873,0.2882
7461,7.461,0.0006,0.0039,-0.0016,0.0026,0.1483,0.2405
7462,7.462,-0.0016,0.0031,0.0042,0.0006,0.3891,0.7212
7463,7.463,-0.0004,-0.0011,-0.001,0.0049,0.2907,0.7857
7464,7.464,0.0015,-0.0005,0.001,0.0009,0.0217,0.262
7465,7.465,-0.0016,-0.0069,-0.002,0.0025,-0.0871,-0.091
7466,7.466,0.0004,0.0026,-0.0014,0.0003,-0.1204,-0.1562
7467,7.467,0.0008,-0.0011,-0.0029,-0.0035,-0.091,-0.2149
7468,7.468,0.0025,-0.0001,-0.0017,-0.0019,-0.1183,-0.2681
7469,7.469,-0.0025,0.003,0.0013,-0.0007,-0.0938,-0.2202
7470,7.47,-0.0018,-0.0016,-0.0012,0.0032,-0.3404,-0.526
7471,7.471,-0.0012,0.001,-0.0015,-0.0003,-0.3734,-0.8835
7472,7.472,-0.004,0.0003,0.0037,0.0009,-0.1047,-0.4509
7473,7.473,-0.0015,0.0023,0.0002,0.0022,0.0764,0.0738
7474,7.474,-0.0018,0.0007,0.0008,-0.0003,0.1098,0.1457
7475,7.475,0.0003,-0.0057,-0.002,-0.0035,0.1399,0.2108
7476,7.476,-0.0015,0.0002,-0.0035,0.0021,0.1132,0.2696
7477,7.477,-0.0038,0.0009,0.0008,-0.0001,0.0889,0.2174
7478,7.478,0.0006,-0.004,0.0061,0.0035,0.201,0.2657
7479,7.479,-0.001,-0.0034,0.0027,-0.0034,0.3844,0.8339
7480,7.48,0.0026,0.0007,0.001,-0.0025,0.2119,0.6021
7481,7.481,0.0023,0.0012,-0.0006,0.0001,-0.0352,0.1088
7482,7.482,0.0052,0.0015,-0.002,-0.002,-0.0687,-0.2123
7483,7.483,0.001,0.0012,0.0002,0.0001,-0.0988,-0.2714
7484,7.484,-0.0007,0.0016,-0.0036,-0.0029,-0.1262,-0.2191
7485,7.485,0.0019,0.0006,-0.001,-0,-0.1018,-0.2675
7486,7.486,0.0031,-0.0045,0.0002,-0.0025,-0.1242,-0.224
7487,7.487,0.0011,-0.0051,0.0015,-0.0013,-0.3888,-0.7401
7488,7.488,0.0001,0.0006,0.0057,0.0043,-0.2808,-0.8105
7489,7.489,-0.0022,-0.0015,-0.003,0.0006,-0.0506,-0.2344
7490,7.49,0.0022,-0.0008,-0.0067,-0.0042,0.0992,0.1542
7491,7.491,0.005,0.0022,-0.0011,-0.0012,0.1267,0.2259
7492,7.492,-0.0019,0.0037,0.0003,0.0005,0.1237,0.2697
7493,7.493,0.0007,-0.0003,0.0013,0.0022,0.0994,0.3342
7494,7.494,0.0018,0.0032,-0.0014,-0.0003,0.0772,0.1604
7495,7.495,-0.0002,-0.0037,-0.0022,0.0019,0.3419,0.5301
7496,7.496,-0.0038,-0.0027,0.0047,0.0022,0.3061,0.8668
7497,7.497,-0.0016,-0.0018,-0.0037,0.0041,0.1417,0.4735
7498,7.498,-0.0036,-0.001,-0.0027,-0.0004,-0.0676,-0.0034
7499,7.499,0.0015,-0.0032,0.0004,-0.0087,-0.0953,-0.1967
7500,7.5,0.0035,-0.0052,0.0031,-0.0031,-0.1202,-0.2557
7501,7.501,0.0004,-0.0047,0.0006,-0.0042,-0.1428,-0.3091
7502,7.502,-0.0084,0.0005,-0.0016,0.0023,-0.0821,-0.3576
7503,7.503,-0.0072,-0.0031,0.0019,-0.002,-0.2488,-0.314
7504,7.504,-0.0016,-0.0073,0.0002,0.0002,-0.4058,-0.8302
7505,7.505,-0.0027,-0.0102,0.0007,-0.0005,-0.1819,-0.6197
7506,7.506,-0.0019,-0.0055,0.0022,-0,0.0273,-0.043
7507,7.507,0.0006,-0.0012,0.0026,-0.0029,0.1091,0.1908
7508,7.508,-0.0001,-0.0007,0.0054,-0.0087,0.1341,0.2624
7509,7.509,0.0006,0.0008,0.0019,-0.0125,0.1121,0.3271
7510,7.51,0.0011,0.003,0.0015,-0.0189,0.0919,0.2696
7511,7.511,-0.0054,0.0033,0.0011,-0.0112,0.1475,0.2172
7512,7.512,-0.0029,0.0051,-0.0014,-0.0039,0.3999,0.7459
7513,7.513,-0.0051,0.0068,0.0018,-0.0066,0.2919,0.8166
7514,7.514,-0.0016,0.0078,-0.0003,0.0011,0.0617,0.2405
7515,7.515,0,0.0071,-0.0061,0.0041,-0.0881,-0.1479
7516,7.516,-0.0088,0.0042,-0.0156,0.0049,-0.1158,-0.2193
7517,7.517,-0.0077,0.0052,-0.0119,0.0108,-0.1407,-0.2839
7518,7.518,-0.0021,0.0028,-0.0042,0.0101,-0.1186,-0.2263
7519,7.519,-0.0032,0.0058,-0.0073,0.0036,-0.0985,-0.1738
7520,7.52,0.0014,0.0033,-0.0064,0.0061,-0.3023,-0.5103
7521,7.521,0.0022,0.0023,-0.0143,0.0039,-0.3838,-0.9037
7522,7.522,0.0043,0.0026,-0.0028,0.0045,-0.1125,-0.428
7523,7.523,0.0023,-0.0011,-0.0044,0.0003,0.0685,0.0212
7524,7.524,0.0039,0.0004,-0.0003,-0.0003,0.0363,0.197
7525,7.525,0.001,-0.0027,-0.0041,0.0054,0.0664,0.2508
7526,7.526,-0.0005,-0.0024,0.0062,0.0032,0.0937,0.2996
7527,7.527,0.0036,-0.002,-0.0008,0.0011,0.1183,0.2565
7528,7.528,0.0053,-0.0059,0.0029,0.0041,0.2304,0.2964
7529,7.529,-0.0005,-0.0044,0.0061,0.0036,0.4137,0.8378
7530,7.53,0.0001,0.0025,0.0008,-0.0022,0.1918,0.6061
7531,7.531,0.0008,0.0035,0.0035,-0.0045,-0.0174,0.113
7532,7.532,0.005,-0.0029,0.0043,-0.0009,-0.0993,-0.2081
7533,7.533,0.0033,-0.0038,0.0005,0.0007,-0.1242,-0.2672
7534,7.534,0.0048,-0.0031,0.0011,-0.001,-0.1022,-0.3205
7535,7.535,0.0025,0.0018,-0.0006,0.0025,-0.1228,-0.2729
7536,7.536,0.0013,0.0013,0.0058,0.0013,-0.1045,-0.2293
7537,7.537,-0.0006,-0.0016,0.0083,0.0016,-0.3569,-0.6659
7538,7.538,0.0018,0.0032,0.003,0.0034,-0.249,-0.8404
7539,7.539,0.0028,0.0015,0.005,-0.0018,-0.0189,-0.2585
7540,7.54,0.0029,-0.0002,0.0045,0.0003,0.0711,0.1302
7541,7.541,-0.0005,-0.0017,0.005,0.0038,0.0986,0.2019
7542,7.542,0.0046,0.0052,0.0002,0.0043,0.1234,0.2668
7543,7.543,0.0025,-0.0042,0.0019,0.0072,0.1012,0.3255
7544,7.544,0.003,-0.0005,0.0047,-0.0007,0.081,0.1677
7545,7.545,0.0013,-0.0037,-0.001,-0.011,0.3217,0.5042
7546,7.546,-0.0023,0.0036,-0.0017,-0.0014,0.3547,0.8977
7547,7.547,-0.0035,-0.001,-0.0011,-0.0026,0.1457,0.4222
7548,7.548,0.0004,0.0016,-0.0006,0.0007,-0.0447,-0.0267
7549,7.549,-0.0043,-0.0006,0.0023,-0.0004,-0.0698,-0.2024
7550,7.55,-0.0027,0.0001,0.0018,0.0005,-0.1374,-0.256
7551,7.551,0.0014,-0.0016,0.0048,-0.0021,-0.1174,-0.3046
7552,7.552,0.0009,-0.0011,0.0019,0.0016,-0.0992,-0.2615
7553,7.553,0.0012,-0.0006,0.0016,0.0065,-0.2169,-0.3013
7554,7.554,0.0032,-0.0028,0.0006,0.0008,-0.416,-0.8424
7555,7.555,-0.001,-0.0016,-0.0011,0.0014,-0.1721,-0.6105
7556,7.556,0.0007,0.0042,-0.001,-0.0035,-0.0073,-0.1172
7557,7.557,0.0032,-0.0035,-0.0044,-0.004,0.0827,0.2043
7558,7.558,-0.001,0.0017,-0.0001,-0.0035,0.1102,0.2635
7559,7.559,-0.0038,0.0026,-0.0018,-0.0019,0.135,0.3171
7560,7.56,-0.0003,0.0035,0.0029,-0.005,0.1129,0.2696
7561,7.561,0.0009,0.0029,0.0024,-0.0029,0.1333,0.2262
7562,7.562,0.0006,0.0009,0.003,0.0028,0.3741,0.7424
7563,7.563,-0.0012,0.0039,-0.0006,0.0003,0.2758,0.8131
7564,7.564,-0.0036,-0.0001,0.0025,-0.0003,0.0667,0.2369
7565,7.565,0.0015,-0.0026,0.0013,-0.0038,-0.0695,-0.1516
7566,7.566,-0.0005,0.0016,0.0032,-0.0021,-0.0945,-0.2232
7567,7.567,-0.0035,-0.0024,-0.002,0.002,-0.1171,-0.2879
7568,7.568,-0.0006,0.0012,0.0002,0.0005,-0.1376,-0.2305
7569,7.569,-0.002,-0.0031,-0.0033,0.0009,-0.0823,-0.1779
7570,7.57,-0.0023,-0.0013,-0.0016,0.0029,-0.3347,-0.5144
7571,7.571,0.0006,-0.0049,0.0001,0.0004,-0.3709,-0.9079
7572,7.572,-0.0045,0.0002,-0.0046,0.0036,-0.1409,-0.4325
7573,7.573,-0.0024,-0.0034,-0.0003,-0.0002,0.0685,0.0166
7574,7.574,0.0034,0.0024,-0.0019,0.0034,0.0962,0.1924
7575,7.575,0.0041,0.0031,-0.0014,0.0004,0.1211,0.246
7576,7.576,0.0021,0.0051,0.0009,0.0025,0.099,0.2946
7577,7.577,0.0027,0.002,-0.0038,0.0028,0.0789,0.2514
7578,7.578,0.0044,0.0049,-0.0055,-0.0003,0.2087,0.2911
7579,7.579,-0.0023,-0.0008,-0.0014,-0.0032,0.3941,0.8324
7580,7.58,0.0023,-0.003,0.0002,-0.0028,0.1724,0.6006
7581,7.581,-0.0036,-0.001,-0.0009,-0.0004,-0.0367,0.1074
7582,7.582,-0.0014,0.0021,0.0003,-0.0034,-0.0643,-0.2139
7583,7.583,-0.002,-0.0032,-0.0039,0.0024,-0.0892,-0.1571
7584,7.584,-0.0015,0.0017,0.0002,0.0032,-0.1118,-0.3161
7585,7.585,0.0014,-0.0025,-0.0013,0.0039,-0.1321,-0.2685
7586,7.586,0.0009,-0.002,0.0029,0.0019,-0.1137,-0.2253
7587,7.587,0.0013,-0.0046,0.0035,0.005,-0.366,-0.7415
7588,7.588,-0.0008,-0.0042,-0.0001,-0.0014,-0.258,-0.812
7589,7.589,0.005,-0.0014,-0.0043,0.0011,-0.0277,-0.2358
7590,7.59,0.0025,-0.0017,0.0022,0.0081,0.1222,0.1527
7591,7.591,-0.0028,0.0006,0.0047,0.0054,0.0957,0.2243
7592,7.592,-0.0007,-0.0011,-0.0005,0.0012,0.1205,0.289
7593,7.593,0.001,-0.0009,0.0027,0,0.1193,0.293
7594,7.594,-0.0007,0.0033,0.0007,-0.0052,0.0972,0.2354
7595,7.595,-0.0002,0.0016,0.0002,-0.0101,0.3211,0.4997
7596,7.596,-0.0007,-0.0001,-0.0027,-0.0044,0.3511,0.8363
7597,7.597,-0.0038,-0.0027,-0.0002,-0.005,0.107,0.4431
7598,7.598,-0.0034,0.0034,0.001,-0.003,-0.0577,-0.0339
7599,7.599,0.0001,0.0042,0.0007,0.0012,-0.088,-0.2272
7600,7.6,0.0032,0.0005,-0.0003,0.0065,-0.1153,-0.1702
7601,7.601,0.002,-0.0002,-0.0007,-0.0013,-0.1401,-0.3292
7602,7.602,-0.0023,0.0015,0.001,-0.0002,-0.1179,-0.2816
7603,7.603,0.0065,0.0009,0.0003,-0.0011,-0.2195,-0.3254
7604,7.604,0.0077,-0.0026,0.0001,0.0049,-0.3862,-0.8417
7605,7.605,0.0021,-0.0096,0.0008,-0.0004,-0.1845,-0.6312
7606,7.606,-0.0009,-0.0127,-0.0021,-0.0011,0.0059,-0.0546
7607,7.607,-0.0018,-0.0063,-0.0002,-0.0028,0.0803,0.1791
7608,7.608,-0.001,-0.0004,0.0014,-0.0023,0.1031,0.2504
7609,7.609,-0.0047,0.0034,-0.0037,-0.0038,0.1238,0.315
7610,7.61,-0.0027,0.0054,-0.0057,-0.006,0.1056,0.2574
7611,7.611,-0.0022,0.0011,-0.0015,-0.0021,0.1562,0.2048
7612,7.612,-0.0039,0.0051,-0.0032,-0.0036,0.3859,0.7333
7613,7.613,-0.0074,0.0004,-0.0017,0.0033,0.2876,0.8038
7614,7.614,-0.0096,-0.0001,0.0013,0.0043,0.0186,0.2276
7615,7.615,-0.0093,-0.0019,0.0001,0.0016,-0.0901,-0.161
7616,7.616,-0.0036,0.0006,-0.0018,0.0075,-0.1234,-0.2326
7617,7.617,-0.0044,0.001,-0.007,0.0023,-0.0939,-0.2973
7618,7.618,0.0008,0.0006,-0.0064,0.0043,-0.1212,-0.2399
7619,7.619,0.0044,-0.0013,-0.0084,-0.004,-0.0968,-0.1875
7620,7.62,-0.0014,0.0019,0.001,-0.0051,-0.2984,-0.4279
7621,7.621,0.0023,0.0022,0.0023,-0.0103,-0.3798,-0.9087
7622,7.622,0.0002,0.004,0.0035,-0.0168,-0.1086,-0.461
7623,7.623,0.0007,0.0043,0.0003,-0.0142,0.0726,0.0635
7624,7.624,0.0024,0.0006,0.0055,-0.0028,0.106,0.2757
7625,7.625,0.0009,-0.0006,0.0028,-0.0011,0.1361,0.2126
7626,7.626,0.0031,-0.0018,0.0036,-0.0026,0.1094,0.2712
7627,7.627,0.0034,0,0.0014,0.007,0.0357,0.2189
7628,7.628,0.0015,-0.0017,0.0007,0.0033,0.1926,0.267
7629,7.629,-0.0037,0.0006,0.0024,0.0023,0.376,0.835
7630,7.63,0.0032,-0.0012,0.0007,-0.003,0.2036,0.6031
7631,7.631,0.004,0.0016,0.0042,0.0015,0.0013,0.1098
7632,7.632,0.0015,0.0026,0.0038,0.0041,-0.0806,-0.2116
7633,7.633,0.0008,-0.0013,0.0018,0.0034,-0.1055,-0.2709
7634,7.634,0.0028,0.0022,-0.0001,0.0054,-0.1281,-0.2187
7635,7.635,0.0023,0.001,0.0009,0.0049,-0.108,-0.2674
7636,7.636,0.0063,0.0014,0.0046,0.0054,-0.1266,-0.224
7637,7.637,0.0027,-0.0029,0.0004,0.0079,-0.3791,-0.7403
7638,7.638,0.0031,0.0036,-0.0025,0.0036,-0.2711,-0.8109
7639,7.639,0.0002,0.0044,0.0022,0.0007,-0.0409,-0.2348
7640,7.64,0.0005,0.0007,0.0005,0.0002,0.1088,0.1538
7641,7.641,0.0008,-0.0014,-0.0036,0.0013,0.0822,0.2253
7642,7.642,-0.0009,-0.0031,0.0032,0.006,0.107,0.29
7643,7.643,0.0022,-0.0026,0.0005,0.003,0.1295,0.2325
7644,7.644,0.0033,0.0052,-0.0021,0.0013,0.1093,0.18
7645,7.645,-0.0024,-0.0026,-0.0014,0.0048,0.3129,0.5165
7646,7.646,0.0001,-0.0016,-0.0021,0.0017,0.3401,0.9099
7647,7.647,0.0008,-0.0007,-0.0016,-0.0048,0.118,0.4343
7648,7.648,0.0014,0.0001,-0.0044,-0.0112,-0.0914,-0.0149
7649,7.649,-0.0069,-0.002,0.0023,-0.0053,-0.065,-0.1907
7650,7.65,-0.0013,0.0029,-0.0004,-0.0046,-0.0899,-0.2446
7651,7.651,-0.0003,-0.0014,0.0021,-0.0026,-0.1574,-0.2933
7652,7.652,0.0006,-0.0008,-0.0001,0.0031,-0.1373,-0.2502
7653,7.653,0.0031,-0.0044,0.0006,0.0084,-0.193,-0.2901
7654,7.654,0.0038,-0.0001,0.0011,0.0077,-0.3783,-0.8314
7655,7.655,-0.0011,0.0016,0.0016,0.006,-0.2059,-0.5997
7656,7.656,-0.0027,-0.002,-0.0009,-0.0017,0.0412,-0.1064
7657,7.657,-0.0032,-0.0023,-0.0021,-0.0027,0.0747,0.2149
7658,7.658,-0.0068,0.0006,-0.0017,0,0.1049,0.274
7659,7.659,-0.0045,-0.0004,0.0008,-0.0008,0.1322,0.3273
7660,7.66,-0.0017,0.002,0.0032,-0.006,0.1079,0.2798
7661,7.661,0.0002,0.0038,-0.0019,-0.004,0.1303,0.2364
7662,7.662,0.0026,-0.0004,0.0002,0.0018,0.395,0.673
7663,7.663,-0.0024,-0.002,-0.0003,0.0012,0.287,0.7312
7664,7.664,-0.0004,0.0009,0.0014,-0.0023,0.0568,0.2549
7665,7.665,-0.0008,0.0024,-0.0001,-0.0065,-0.093,-0.1945
7666,7.666,0.0009,0.0037,0.0021,-0.0012,-0.1205,-0.254
7667,7.667,0.0004,0.0017,0.0068,0.0052,-0.0962,-0.3079
7668,7.668,0.0016,0.0014,0.0026,0.0078,-0.1188,-0.2607
7669,7.669,0.002,-0.0018,-0.0038,0.0026,-0.0986,-0.2177
7670,7.67,0.0046,0.0038,-0.0029,-0.0023,-0.3023,-0.4958
7671,7.671,0.0007,0.0017,-0.0022,-0.004,-0.3836,-0.8932
7672,7.672,0.0013,0.0037,-0.0014,-0.0011,-0.1124,-0.4178
7673,7.673,0.0001,0.0007,-0.0031,-0.0046,0.0687,0.031
7674,7.674,-0.0002,0.0013,-0.0014,-0.0034,0.1021,0.2064
7675,7.675,-0.0005,-0.0034,-0.0029,-0.0005,0.1323,0.2599
7676,7.676,0.0041,-0.0003,-0.0006,0.0014,0.1055,0.3083
7677,7.677,0.0025,0.0038,-0.0026,-0.0018,0.0812,0.2648
7678,7.678,0.0008,0.0033,0.0016,-0.003,0.2381,0.3043
7679,7.679,-0.0017,-0.0009,-0.0001,-0.001,0.3805,0.8453
7680,7.68,-0.0005,-0.0037,-0.0005,0.0007,0.2138,0.6133
7681,7.681,-0.0016,-0.0032,-0.0009,0.0024,-0.0333,0.1198
7682,7.682,0.0003,-0.002,0.0056,-0.0013,-0.0667,-0.2018
7683,7.683,0.0006,-0.0008,0.0047,0.0013,-0.0969,-0.2613
7684,7.684,-0.0024,-0.0018,0.0005,0.0055,-0.1242,-0.315
7685,7.685,0.0027,-0.007,0.0012,0.0051,-0.0998,-0.2677
7686,7.686,0.0007,0.003,-0.0023,0.0056,-0.1223,-0.2245
7687,7.687,0.005,-0.001,0.0007,0.0034,-0.3869,-0.741
7688,7.688,-0.0002,0.0027,0.0036,0.0055,-0.2789,-0.8118
7689,7.689,0.0005,0.0037,0.0061,0.0052,-0.0488,-0.2359
7690,7.69,0.001,0.0047,0,-0.0001,0.101,0.1524
7691,7.691,-0.0031,-0.0056,-0.0042,-0.0007,0.0745,0.2237
7692,7.692,0.0037,0.007,-0.0005,-0.0001,0.1486,0.2882
7693,7.693,0.0029,0.0053,-0.0025,0.0005,0.1265,0.2305
7694,7.694,0.0049,0,-0.0035,0.001,0.084,0.1895
7695,7.695,0.0007,-0.0015,-0.0031,0.0027,0.3079,0.4535
7696,7.696,-0,-0.0029,0.0045,0.0022,0.3378,0.886
7697,7.697,-0.002,-0.0017,0.0015,-0.0021,0.1479,0.4792
7698,7.698,-0.0015,-0.0007,0.0006,0.0008,-0.0746,0.0019
7699,7.699,-0.002,0.0003,-0.0003,-0.006,-0.1051,-0.1916
7700,7.7,-0.0015,-0.0043,0.0004,0.0025,-0.1325,-0.2507
7701,7.701,-0.0027,-0,-0.0017,-0.0031,-0.1083,-0.3044
7702,7.702,-0.0039,0.0006,0.0041,-0.0001,-0.0862,-0.2571
7703,7.703,-0.0014,-0.0043,-0.0012,0.0026,-0.2286,-0.3012
7704,7.704,-0.0024,-0.0013,-0.0019,0.0001,-0.3954,-0.8971
7705,7.705,-0.0068,0.0004,-0.0002,0.0008,-0.2386,-0.6423
7706,7.706,-0.0097,-0.0011,-0.0019,-0.0099,0.0266,-0.0998
7707,7.707,-0.002,-0.0081,0.0006,-0.0084,0.0633,0.253
7708,7.708,-0.0052,-0.0196,0.0009,-0.0125,0.0966,0.1901
7709,7.709,-0.0022,-0.009,-0.0056,-0.0137,0.1266,0.2485
7710,7.71,-0.0013,-0.0049,-0.0047,-0.0147,0.0997,0.3017
7711,7.711,-0.0056,-0.0012,-0.0005,-0.0137,0.1242,0.2539
7712,7.712,0.0013,-0.0023,-0.009,-0.0092,0.3707,0.7342
7713,7.713,-0.0032,0.0007,-0.0035,-0.0014,0.2723,0.7983
7714,7.714,0.0026,0.0016,-0.0004,-0.0004,0.0033,0.2745
7715,7.715,0.0004,0.0024,0.0022,0.0041,-0.1056,-0.0789
7716,7.716,0.0024,0.0045,-0.0037,0.005,-0.0734,-0.1443
7717,7.717,-0.0018,0.0038,-0.009,0.0086,-0.1036,-0.2033
7718,7.718,0.0022,-0.0004,-0.0041,0.008,-0.131,-0.2568
7719,7.719,0.0017,0.006,-0.0084,0.0022,-0.0575,-0.2092
7720,7.72,0.0013,0,-0.0008,0.0091,-0.3041,-0.515
7721,7.721,0.0016,0.0037,0.0002,0.0045,-0.3372,-0.8726
7722,7.722,0.0041,0.0044,-0.0007,0.007,-0.1285,-0.4402
7723,7.723,0.0009,-0.004,0.0018,0.0107,0.0618,0.0844
7724,7.724,-0.0012,-0.0118,0.0011,0.0042,0.0868,0.1561
7725,7.725,0.003,-0.0046,0.0031,0.005,0.1094,0.221
7726,7.726,0.0035,0.0018,0.0035,-0.005,0.1298,0.2797
7727,7.727,0.0039,0.0026,-0.0029,-0.0091,0.1114,0.2274
7728,7.728,0.0017,0.0033,0.0048,-0.0054,0.2291,0.2757
7729,7.729,0.0013,-0.0003,0.0078,0.0023,0.3975,0.8437
7730,7.73,-0.0038,0.0039,0.0032,-0.0007,0.1957,0.6119
7731,7.731,-0.0045,0.0044,0.0024,0.0001,0.0053,0.1188
7732,7.732,-0.0088,0.0059,0.0017,0.0009,-0.1187,-0.2024
7733,7.733,-0.0024,0.0028,0.0037,0.0002,-0.0969,-0.2616
7734,7.734,0.0001,0.0075,0.0031,-0.0019,-0.1175,-0.315
7735,7.735,0.0023,0.0033,0.0014,-0.0014,-0.0994,-0.2673
7736,7.736,0.0043,0.0061,-0.0011,0.0003,-0.1164,-0.2238
7737,7.737,0.0026,0.0025,0.0031,0.0038,-0.3461,-0.7398
7738,7.738,0.0009,-0.0005,0.0002,0.006,-0.3135,-0.8103
7739,7.739,0.0056,-0.0002,0.0027,0.0031,-0.0447,-0.2341
7740,7.74,0.0013,0.0017,0.003,0.002,0.064,0.1547
7741,7.741,-0.0028,-0,0.0042,0.003,0.0973,0.2265
7742,7.742,0.0029,0.003,0.0023,-0.0021,0.1273,0.2914
7743,7.743,0.0022,-0.0006,0.0033,-0.0028,0.1004,0.2342
7744,7.744,0.0002,0.0024,0.0043,-0.0023,0.0759,0.182
7745,7.745,0.0018,0.0012,0.0025,-0.0018,0.3223,0.4225
7746,7.746,-0.0022,0.0022,0.0053,-0.0013,0.3552,0.9035
7747,7.747,0.0025,-0.0024,0.0003,-0.0017,0.1463,0.4561
7748,7.748,0.0042,-0.0007,0.0023,-0.0005,-0.0441,-0.0682
7749,7.749,0.0046,0.001,-0.0046,-0.0009,-0.0694,-0.1397
7750,7.75,0.0011,-0.0016,-0.0038,-0.0019,-0.1369,-0.2044
7751,7.751,-0.0032,-0.0012,-0.0047,0.0031,-0.117,-0.2629
7752,7.752,-0.0003,0.0017,-0.004,0.0011,-0.0987,-0.2104
7753,7.753,0.0012,-0.0026,-0.0019,0.0016,-0.2166,-0.2584
7754,7.754,-0.0019,-0.0043,0.0023,0.0032,-0.4157,-0.8262
7755,7.755,-0.0015,-0.0007,0.004,0.0027,-0.226,-0.5942
7756,7.756,0.001,-0.0037,-0.0038,0.0024,-0.0037,-0.1007
7757,7.757,-0.0007,0.0002,-0.0048,0.0012,0.0864,0.2209
7758,7.758,-0.0017,0.0017,-0.0038,-0.0006,0.1139,0.1644
7759,7.759,-0.0047,0.0005,-0.0029,-0.0038,0.1388,0.2179
7760,7.76,-0.0008,-0.0051,-0.0038,0.001,0.1168,0.2668
7761,7.761,0.0028,-0.0013,-0.0031,-0.0048,0.1373,0.2237
7762,7.762,0.0016,0.0007,-0.0024,0.0005,0.3782,0.6606
7763,7.763,0.0028,-0.0062,-0.0018,-0.0015,0.2799,0.8356
7764,7.764,0.0025,0.0003,0.0011,-0.001,0.0709,0.254
7765,7.765,0.0035,0.0029,0.0026,0.0032,-0.0653,-0.1343
7766,7.766,-0.0002,0.0051,0.0004,-0.0003,-0.0902,-0.2057
7767,7.767,-0.0013,-0.0026,0.0001,0.0048,-0.1127,-0.2703
7768,7.768,-0.0033,-0.0036,0.0012,0.0055,-0.1332,-0.3286
7769,7.769,0.001,-0.0028,0.0051,0.0013,-0.0777,-0.1703
7770,7.77,-0.0007,-0.0019,0.0046,0.003,-0.2963,-0.5065
7771,7.771,0.0008,0.0066,0.005,0.0005,-0.3857,-0.8998
7772,7.772,0.0012,0.001,0.0047,0.0027,-0.1414,-0.4241
7773,7.773,0,0.0021,-0.001,-0.0037,0.0891,0.0251
7774,7.774,0.0019,-0.0006,-0.0018,-0.0064,0.1196,0.2011
7775,7.775,0.0009,-0.0014,0.0005,-0.0004,0.093,0.255
7776,7.776,0.0006,-0.0035,-0.0002,0.0033,0.1178,0.3038
7777,7.777,-0.0024,0.0029,-0.0006,0.0027,0.0957,0.2606
7778,7.778,-0.002,-0.0048,0.0011,-0.0015,0.1976,0.3006
7779,7.779,-0.001,0.0005,-0.0024,0.0014,0.4015,0.8421
7780,7.78,-0.0042,-0.0003,-0.0011,0.0039,0.2119,0.6105
7781,7.781,0.0005,0.004,-0.0023,-0.0003,-0.0105,0.1175
7782,7.782,0.0048,-0.0029,-0.0041,0.0014,-0.1004,-0.2036
7783,7.783,-0.0028,-0.002,-0.0024,-0.0064,-0.1279,-0.2626
7784,7.784,0.0002,-0.0011,0.0028,-0.0031,-0.1036,-0.3158
7785,7.785,0.0011,0.0011,-0.005,-0.0001,-0.1261,-0.2683
7786,7.786,-0.0014,-0.0009,-0.0019,-0.0009,-0.1059,-0.2248
7787,7.787,0.0039,-0.0004,-0.0046,-0.0001,-0.3837,-0.6614
7788,7.788,0.0032,0.0037,-0.0003,-0.0023,-0.2649,-0.8358
7789,7.789,-0.0051,0.0002,0.0034,-0.0002,-0.0841,-0.254
7790,7.79,0.0005,0.0014,-0.0014,-0.0033,0.0807,0.1347
7791,7.791,-0.0005,0.0053,0.0016,-0.0028,0.111,0.2064
7792,7.792,-0.0032,0.0068,0.0045,-0.0013,0.1384,0.2713
7793,7.793,-0.0006,0.0018,-0.0012,0.0017,0.1141,0.3301
7794,7.794,0,0.0025,-0.0034,-0.0003,0.0919,0.1722
7795,7.795,-0.0032,0.004,-0.0001,0.0031,0.3146,0.4566
7796,7.796,0.0017,0.0045,0.0019,-0.0012,0.3757,0.8894
7797,7.797,0.0022,0.0005,0.0002,0.0005,0.1348,0.4829
7798,7.798,0.0027,0.002,0.0055,0.0041,-0.0956,0.0061
7799,7.799,-0.0008,-0.0022,0.0062,0.0029,-0.0665,-0.1871
7800,7.8,-0.0005,-0.0005,-0.0033,-0.001,-0.148,-0.2461
7801,7.801,0.0007,-0.0052,0.0036,0.0038,-0.1237,-0.2993
7802,7.802,-0.0019,-0.0035,0.0025,0.0021,-0.1015,-0.2516
7803,7.803,-0.0016,-0.0018,0.0015,-0.002,-0.2033,-0.2955
7804,7.804,-0.0053,0.0007,0.0025,-0.0098,-0.4071,-0.8909
7805,7.805,0.0016,-0.0024,-0.0021,-0.0201,-0.2175,-0.6359
7806,7.806,-0.0036,-0.0027,0.0057,-0.0161,0.0049,-0.0931
7807,7.807,0.0009,-0.0037,-0.0015,-0.0073,0.0354,0.2599
7808,7.808,-0.0017,0.0015,-0.0007,-0.0017,0.0629,0.1972
7809,7.809,-0.001,-0.0037,0.0002,0.0013,0.0877,0.2557
7810,7.81,0.0025,0.0012,-0.002,0.0077,0.1102,0.309
7811,7.811,0.002,-0.0031,-0.0041,0.0069,0.1306,0.1652
7812,7.812,-0.0068,-0.0014,-0.0035,-0.0046,0.4085,0.7331
7813,7.813,-0.0106,0.0011,-0.003,-0.0029,0.2897,0.8108
7814,7.814,-0.0074,0.0015,-0.0015,-0.0045,0.0368,0.3181
7815,7.815,-0.0022,0.0011,-0.0018,0.0025,-0.0623,-0.1312
7816,7.816,-0.0049,0.0047,0.001,0.0087,-0.0927,-0.307
7817,7.817,-0.0007,0.0016,-0.0008,0.0119,-0.1201,-0.3605
7818,7.818,0.003,0.0004,-0.0018,0.0067,-0.1448,-0.3131
7819,7.819,0.0009,-0.0031,-0.0008,0.0075,-0.0779,-0.1826
7820,7.82,0.0051,-0.0009,-0.0006,0.0049,-0.3018,-0.4606
7821,7.821,0.0046,-0.0065,-0.0045,-0.0066,-0.3318,-0.8579
7822,7.822,0.0041,-0.0043,-0.0086,-0.0083,-0.142,-0.4884
7823,7.823,-0.0002,-0.0037,-0.005,-0.0037,0.0805,0.0416
7824,7.824,-0.0007,-0.0106,-0.0054,0.0032,0.1109,0.2537
7825,7.825,0.006,-0.0152,-0.0034,-0.0031,0.1383,0.3186
7826,7.826,0.0014,-0.0075,-0.0024,0.0025,0.1139,0.2611
7827,7.827,0.0005,-0.0022,0.0015,0.0014,0.0917,0.2087
7828,7.828,0.0042,-0.0014,-0.001,0.0023,0.234,0.2569
7829,7.829,0.0006,0.0011,0.002,0.0014,0.4007,0.8248
7830,7.83,0.0023,0.0048,0.0049,0.0066,0.1991,0.5929
7831,7.831,0.0006,0.0055,0.0013,-0.0027,0.0088,0.0996
7832,7.832,-0.0009,0.0038,0.0016,0.0035,-0.0656,-0.2217
7833,7.833,0.0012,0.0042,0.002,0.0025,-0.0884,-0.165
7834,7.834,0.0009,0.0047,0.0023,0.0035,-0.109,-0.2185
7835,7.835,-0.001,0.0025,-0.0023,0.0081,-0.0907,-0.2673
7836,7.836,-0.0027,0.0022,-0.0006,0.0055,-0.1413,-0.2241
7837,7.837,0.0003,0.0011,0.0035,0.0048,-0.3708,-0.6609
7838,7.838,0.0007,-0.0028,0.0039,-0.0001,-0.2726,-0.8356
7839,7.839,-0.0017,0.0019,0.0061,0.0057,-0.0634,-0.2541
7840,7.84,-0,0.0061,0.0006,0.0035,0.0727,0.1343
7841,7.841,-0.0007,0.0044,0.0043,0.0014,0.0979,0.2058
7842,7.842,-0.0001,-0.0013,0.0036,0.0009,0.1206,0.2704
7843,7.843,0.0001,0.0008,-0.0022,0.0014,0.1006,0.3289
7844,7.844,0.0033,0.0028,0.0015,-0.0063,0.0823,0.1709
7845,7.845,0.0036,0.0045,-0.0005,-0.0188,0.3011,0.411
7846,7.846,0.0016,-0.0007,0,-0.0138,0.3311,0.8916
7847,7.847,0.0026,-0.0001,0.0017,-0.0092,0.1413,0.4439
7848,7.848,0.001,0.0016,0.0022,-0.0022,-0.0812,0.0364
7849,7.849,-0.0041,0.0045,0.0025,0.0015,-0.1115,-0.2283
7850,7.85,-0.0034,0.0019,0.0022,0.0071,-0.1387,-0.2769
7851,7.851,0.0024,0.0031,0.0012,0.0041,-0.1145,-0.2335
7852,7.852,0.0017,0.0027,-0.0012,-0.0024,-0.0923,-0.2732
7853,7.853,-0.0003,0.0037,0.0005,-0.0032,-0.194,-0.3091
7854,7.854,-0.0008,-0.0015,-0.0038,-0.0025,-0.3977,-0.8011
7855,7.855,0.0033,0.0006,-0.0043,0.001,-0.208,-0.5894
7856,7.856,0.0048,0.0013,-0.0026,-0.0032,0.0145,-0.1404
7857,7.857,-0.0002,-0.0004,-0.0011,0.0009,0.1045,0.2676
7858,7.858,0.0005,-0.0021,-0.0023,-0.0006,0.1321,0.2159
7859,7.859,-0.0037,-0.0006,0.0006,-0.0002,0.108,0.2649
7860,7.86,-0.0008,-0.0018,0.0032,-0.0049,0.086,0.3093
7861,7.861,0.0028,0.0021,0.0015,-0.0007,0.1065,0.191
7862,7.862,0.0025,-0.0026,0.0004,-0.0001,0.3845,0.6606
7863,7.863,0.0028,-0.0057,-0.0021,0.0014,0.2659,0.8526
7864,7.864,-0.0014,-0.0016,0.0018,-0.0016,0.0852,0.3291
7865,7.865,-0.0008,-0.0031,-0.0018,0.004,-0.0795,-0.1635
7866,7.866,0.0008,-0.002,-0.0021,0.0003,-0.1097,-0.2278
7867,7.867,-0.0004,0.0009,0.0008,0.0053,-0.0829,-0.2861
7868,7.868,0.0025,-0.0048,-0.0002,-0.003,-0.1076,-0.2335
7869,7.869,0.0016,-0.0006,-0.0012,-0.0019,-0.0854,-0.1853
7870,7.87,-0.0023,0.0016,-0.0022,-0.0009,-0.3092,-0.4034
7871,7.871,0.0013,0.001,0.002,0.0037,-0.3391,-0.9189
7872,7.872,-0.0008,-0.0007,0.0037,0.0046,-0.1492,-0.4255
7873,7.873,0.0005,0.0034,-0.0003,0.0053,0.0733,0.0238
7874,7.874,0.0009,-0.0002,0.0032,0.0033,0.1038,0.1993
7875,7.875,-0.003,-0.0024,0.002,-0.001,0.1312,0.2532
7876,7.876,-0.0014,0.0032,0,0.0079,0.107,0.3023
7877,7.877,-0.0001,0.0026,-0.0035,0.0016,0.0848,0.2594
7878,7.878,-0.0004,0.0047,0.0007,0.0049,0.1866,0.2997
7879,7.879,-0.0039,-0.001,-0.0033,-0.0004,0.3904,0.8413
7880,7.88,-0.0017,-0.0017,0.0002,0.0061,0.2007,0.609
7881,7.881,-0.0013,-0.0037,-0.0009,-0.0034,-0.0217,0.1161
7882,7.882,-0.0002,-0.0019,0.0003,-0.0022,-0.1117,-0.2042
7883,7.883,0.0015,-0.0002,-0.0023,-0.0032,-0.0851,-0.1465
7884,7.884,-0.0008,-0.0007,-0.0026,-0.0021,-0.1099,-0.1995
7885,7.885,-0.0001,-0.0003,0.0005,0.0025,-0.1324,-0.2476
7886,7.886,0.0023,0.0001,0.003,0,-0.1123,-0.2038
7887,7.887,-0.0007,0.0011,-0.0009,-0.0006,-0.3901,-0.6404
7888,7.888,0.0051,0.0035,0.0039,0.0014,-0.2714,-0.8139
7889,7.889,0.0009,-0.0016,0.0009,0.0031,-0.0906,-0.2315
7890,7.89,0.0016,0.0005,-0.0032,-0.0056,0.0741,0.1567
7891,7.891,-0.0004,-0.0012,0.0046,-0.0068,0.1044,0.228
7892,7.892,0.0001,0.0017,-0.001,-0.0036,0.1318,0.2929
7893,7.893,-0.0028,-0.0051,-0.002,-0.0046,0.1074,0.3517
7894,7.894,-0.0012,-0.0005,-0.0011,-0.0018,0.0852,0.1939
7895,7.895,-0.0042,0.0003,-0.0036,-0.001,0.309,0.4343
7896,7.896,-0.001,0.0012,0.0015,0.0017,0.3598,0.4938
7897,7.897,0.0037,0.0018,0.0022,0.0024,0.091,0.0127
7898,7.898,-0.0005,-0.0017,0.0042,0.0017,-0.09,-0.1801
7899,7.899,-0.0022,-0,-0.0015,-0.0025,-0.0578,-0.2389
7900,7.9,0.0014,-0.0005,-0.0022,0.0016,-0.088,-0.2922
7901,7.901,0.001,0.001,-0.0001,0.0031,-0.1153,-0.2447
7902,7.902,-0.0019,-0.0012,-0.0007,0.0001,-0.0909,-0.2887
7903,7.903,-0,0.0035,-0.0001,0.0013,-0.203,-0.805
7904,7.904,-0.0004,-0.0008,-0.0037,-0.0013,-0.3863,-0.5943
7905,7.905,-0.0027,0.0021,-0.0015,-0.0045,-0.2139,-0.146
7906,7.906,-0.0002,-0.0004,0.0024,-0.0006,-0.0116,0.2618
7907,7.907,0.0008,0.0038,-0.0002,0.0009,0.0703,0.2099
7908,7.908,-0.0023,0.0043,-0.0014,-0.0034,0.0953,0.2587
7909,7.909,-0.0013,-0.0025,0.0007,-0.0005,0.1179,0.3028
7910,7.91,-0.0017,0.0039,-0.0004,-0.002,0.1384,0.1841
7911,7.911,-0,0.003,0.0035,0.0002,0.12,0.5811
7912,7.912,0.0006,0.0008,-0,-0.0027,0.3724,0.7394
7913,7.913,-0.0028,0.0015,-0.0004,-0.0002,0.2645,0.3064
7914,7.914,-0.0016,-0.0016,-0.0001,-0.0025,0.0999,-0.1015
7915,7.915,0.0004,-0.0033,0.0003,0.0012,-0.0499,-0.1555
7916,7.916,-0.0022,-0.0008,-0.0014,0.0023,-0.0775,-0.2045
7917,7.917,-0.0012,-0.0011,0.0016,0.0003,-0.1023,-0.249
7918,7.918,-0.0016,-0.004,-0.001,-0.0007,-0.1249,-0.1308
7919,7.919,-0.001,-0.0037,0,0.0031,-0.0642,-0.3837
7920,7.92,-0.0034,-0.0054,0.0004,-0.0005,-0.305,-0.8764
7921,7.921,-0.0085,-0.005,0.0022,0.0007,-0.338,-0.525
7922,7.922,-0.0106,-0.0032,0.0034,-0.0014,-0.1292,0.0511
7923,7.923,-0.0076,-0.0025,-0.0004,0.0011,0.0611,0.284
7924,7.924,-0.0047,-0.0024,0.0031,0.0021,0.0863,0.2144
7925,7.925,-0.0012,-0.0056,0.0009,0.0011,0.109,0.2787
7926,7.926,-0.0001,-0.0125,-0.0003,0.0041,0.1296,0.2209
7927,7.927,0.0002,-0.0115,0.0022,0.0012,0.1113,0.2737
7928,7.928,0.0059,-0.0012,-0.0002,0.0008,0.1954,0.8021
7929,7.929,0.0016,0.0001,0.0001,0.0011,0.3945,0.7316
7930,7.93,-0.0006,0.0038,0.0007,0,0.2049,0.1551
7931,7.931,0.0058,0.0006,0.0024,-0.0042,-0.0176,-0.2331
7932,7.932,0.0083,0.0058,-0.0004,-0.0138,-0.1076,-0.1641
7933,7.933,0.006,0.0067,-0.0043,-0.0179,-0.1351,-0.229
7934,7.934,0.008,0.0041,-0.0018,-0.0091,-0.1108,-0.2879
7935,7.935,0.001,0.0078,-0.0015,-0.0014,-0.1334,-0.1303
7936,7.936,-0.0017,0.0043,-0.008,-0.0025,-0.1132,-0.6593
7937,7.937,0.0025,0.0026,-0.0107,0.006,-0.391,-0.8705
7938,7.938,0.0046,0.0009,-0.0065,-0.0019,-0.2723,-0.2948
7939,7.939,0.0026,0.0066,-0.0013,-0.0009,-0.0915,0.0928
7940,7.94,0.0043,0.006,0.0007,-0.0001,0.0733,0.1639
7941,7.941,0.0014,0.0024,-0.0077,0.0041,0.1036,0.2284
7942,7.942,-0.0022,0.0029,-0.0067,-0.0012,0.131,0.2868
7943,7.943,-0.0001,0.0046,-0.0077,0.0065,0.1067,0.2343
7944,7.944,0.0003,0.0021,-0.0013,0.0055,0.0845,0.4746
7945,7.945,0.0038,-0.0001,-0.0005,0.0027,0.3083,0.8677
7946,7.946,0.0026,-0.0013,0.0016,-0.0032,0.3382,0.4977
7947,7.947,0.0005,0.0012,-0.002,0.0037,0.1483,-0.0321
7948,7.948,0.0048,0.0022,0.0011,0.0028,-0.0742,-0.2443
7949,7.949,0.0052,0.0005,0.0086,0.0053,-0.1046,-0.1813
7950,7.95,-0.0015,0.0024,0.0056,0.0045,-0.132,-0.24
7951,7.951,-0.0024,0.0022,0.001,0.0038,-0.1077,-0.2933
7952,7.952,-0.0016,-0.0015,0.0069,0.0068,-0.0856,-0.2454
7953,7.953,0.0022,-0.001,0.0016,0.0073,-0.1873,-0.8134
7954,7.954,0.0001,0.0002,0.0022,0.0068,-0.4282,-0.7364
7955,7.955,-0.0016,-0.001,0.0064,0.0064,-0.1986,-0.1023
7956,7.956,-0.0044,0.0009,0.0047,0.0051,0.0106,0.1546
7957,7.957,0.0033,-0.0024,0.0032,0.0026,0.0925,0.2332
7958,7.958,0.0023,-0.0035,-0.0011,-0.0027,0.1175,0.3041
7959,7.959,-0.005,-0.0017,0.003,-0.0142,0.1402,0.2407
7960,7.96,-0.0004,0.0007,0.0014,-0.0125,0.1201,0.183
7961,7.961,-0.0012,0.001,0.0017,-0.008,0.1386,0.6586
7962,7.962,-0.0005,-0.0032,-0.003,0.0016,0.3911,0.851
7963,7.963,-0.0012,-0.0037,0.0012,-0.0046,0.2831,0.3277
7964,7.964,-0.0007,-0.002,-0.004,0.0009,0.053,-0.166
7965,7.965,-0.0023,-0.0015,0.0009,0.0019,-0.0968,-0.2313
7966,7.966,0.0055,-0.0027,0.0039,0.0028,-0.0703,-0.2899
7967,7.967,-0.0001,-0.003,-0.0001,0.0053,-0.0951,-0.2376
7968,7.968,-0.0011,-0.002,0.0004,0.0031,-0.1178,-0.1898
7969,7.969,0.0016,0.0004,-0.0008,-0.0004,-0.0977,-0.4083
7970,7.97,0.0008,-0.0026,0.0031,-0.0073,-0.3014,-0.9247
7971,7.971,0.0015,-0.0036,0.0046,-0.0027,-0.3829,-0.4326
7972,7.972,0.0022,0.0003,-0.0023,-0.0035,-0.1609,0.0164
7973,7.973,0.0006,-0.0022,0.003,-0.0013,0.0483,0.1921
7974,7.974,0.0023,0.0008,0.0022,0.0022,0.0759,0.2459
7975,7.975,-0.0002,0.0012,0.0013,0.0006,0.1008,0.2945
7976,7.976,-0.0032,-0.0014,0.0036,0.0011,0.1233,0.2513
7977,7.977,0.0016,0.001,0.0029,0.0016,0.1031,0.291
7978,7.978,-0.0026,0.0041,-0.0001,0.0029,0.1956,0.8322
7979,7.979,-0.0008,0.0016,0.0005,0.0032,0.4144,0.6004
7980,7.98,-0.0023,0.0027,0.002,0.0014,0.2058,0.1074
7981,7.981,-0.0011,0.0044,0.0009,-0.0002,0.0154,-0.2139
7982,7.982,0.001,0.0014,0.0021,0.0008,-0.1084,-0.1573
7983,7.983,0,-0.0033,-0.0004,0.0046,-0.0866,-0.2109
7984,7.984,0.0018,0.0009,-0.0007,0.0021,-0.1072,-0.2596
7985,7.985,0.0008,0.0014,-0.0057,-0.0001,-0.1259,-0.2165
7986,7.986,-0.0029,-0.0043,0.0007,-0.0064,-0.1093,-0.6532
7987,7.987,-0.0024,-0.0006,0.0033,0,-0.3389,-0.8281
7988,7.988,-0.0066,-0.0026,-0.0004,-0.0007,-0.3063,-0.3522
7989,7.989,-0.0025,-0.0057,-0.0024,0.0046,-0.0973,0.0969
7990,7.99,0,-0.0028,-0.0028,0.0011,0.093,0.2724
7991,7.991,0.0013,0.0007,-0.0023,-0.0031,0.1181,0.2204
7992,7.992,-0.0016,0.0038,-0.0038,0.0035,0.1408,0.269
7993,7.993,-0.0006,-0.0001,-0.0025,0.001,0.1208,0.2258
7994,7.994,-0.0016,0.0056,0.0004,0.0004,0.1025,0.4243
7995,7.995,0.0021,0.0034,-0.0006,0.0012,0.2876,0.8936
7996,7.996,0.001,0.0027,0.0005,0.0029,0.3616,0.4459
7997,7.997,0.0032,0.003,0.0024,0.006,0.1354,0.0077
7998,7.998,-0.0007,-0.0013,-0.0027,0.0044,-0.0668,-0.1682
7999,7.999,0.0008,0.0004,-0.0019,0.002,-0.0945,-0.2222
8000,8,-0.0004,0.0019,-0.0002,0.0024,-0.1193,-0.2708
8001,8.001,-0.0007,0.0031,0.0039,0.0036,-0.1418,-0.2278
8002,8.002,-0.0004,0.0018,0.0034,0.0026,-0.081,-0.2678
8003,8.003,0.0028,-0.0017,0.0012,0.0037,-0.1735,-0.8092
8004,8.004,0.0049,0.0043,-0.0016,0.0014,-0.3923,-0.7324
8005,8.005,0.0023,-0.0016,-0.0019,-0.0028,-0.2433,-0.0986
8006,8.006,0.0047,-0.001,-0.0023,-0.0044,-0.053,0.1583
8007,8.007,0.0003,-0.0004,-0.0012,-0.0061,0.071,0.2365
8008,8.008,0.0008,0.0013,0.003,-0.0025,0.0939,0.3073
8009,8.009,-0.0007,0.0018,0.0013,0.0006,0.1551,0.2437
8010,8.01,-0.0038,0.0022,-0.0004,-0.0006,0.0999,0.0695
8011,8.011,-0.0042,0,-0.0051,0.0004,0.1169,0.5449
8012,8.012,0.0001,-0.0029,-0.0009,0.0028,0.3466,0.8648
8013,8.013,0.0029,-0.0039,-0.0038,-0.0022,0.314,0.341
8014,8.014,-0.0028,-0.0085,-0.0033,-0.0057,0.1051,-0.1528
8015,8.015,0.0009,-0.0143,-0.0021,-0.0062,-0.0853,-0.2184
8016,8.016,-0.0012,-0.0121,-0.0033,-0.0102,-0.0613,-0.2774
8017,8.017,-0.0007,-0.0057,-0.003,-0.0087,-0.1287,-0.2255
8018,8.018,-0.0012,0.0001,0.0023,-0.0056,-0.1087,-0.178
8019,8.019,-0.007,-0.0006,0.0001,-0.0009,-0.0904,-0.3967
8020,8.02,-0.0122,0.0015,-0.0035,0.0022,-0.2755,-0.9132
8021,8.021,-0.0087,0.0019,-0.0066,0.0027,-0.3494,-0.4214
8022,8.022,-0.003,0.0014,-0.0013,0.0022,-0.1475,0.0275
8023,8.023,-0.0023,0.0009,-0.0049,-0.0009,0.0429,0.2032
8024,8.024,-0.0003,0.0005,-0.0033,0.0003,0.1173,0.2568
8025,8.025,0.0027,-0.0015,-0.0073,0.0029,0.14,0.3052
8026,8.026,0.0032,-0.0026,-0.0038,-0.0004,0.1201,0.2619
8027,8.027,-0.0004,-0.0078,-0.0016,-0.0051,0.1019,0.2225
8028,8.028,-0,-0.0085,-0.0013,0.0006,0.1861,0.7635
8029,8.029,0.0011,-0.0021,0.0044,-0.0046,0.4158,0.6864
8030,8.03,0.003,0.0021,0.0018,-0.0011,0.1861,0.1931
8031,8.031,0.0019,0.0014,0.0011,0.0006,-0.023,-0.1284
8032,8.032,0.0002,0.0107,0.0018,-0.0012,-0.1049,-0.1878
8033,8.033,0.0044,0.0069,0.0048,0.0003,-0.0808,-0.2412
8034,8.034,0.0027,0.0059,0.0007,-0,-0.1034,-0.2899
8035,8.035,0.0044,0.0049,0.0032,0.0047,-0.1239,-0.1595
8036,8.036,0.0029,0.0094,0.0009,-0.0023,-0.1056,-0.6758
8037,8.037,-0.0002,0.0052,-0.002,-0.0032,-0.358,-0.8871
8038,8.038,0.001,0.0045,0.0015,-0.0024,-0.3221,-0.3112
8039,8.039,0.0019,0.0024,0.0057,-0.0094,-0.0919,0.0772
8040,8.04,0.0009,0.0007,0.0017,-0.014,0.0578,0.1488
8041,8.041,-0.0015,0.0002,0.0052,-0.0081,0.0854,0.2136
8042,8.042,0.0011,0.006,0.0001,-0.0044,0.1103,0.272
8043,8.043,0.0021,0.0007,0.0021,-0.001,0.1328,0.2197
8044,8.044,0.0004,0,0.0004,0.002,0.072,0.46
8045,8.045,0.0034,0.0005,0.0008,0.0037,0.2757,0.8534
8046,8.046,0.0022,-0.0023,0.0044,0.0011,0.357,0.4839
8047,8.047,0.0012,0.0034,0.0021,0.0052,0.1349,0.0501
8048,8.048,0.0022,-0.0018,0.0001,0.0035,-0.0744,-0.2419
8049,8.049,-0.0009,0.0002,0.0004,0.007,-0.1022,-0.1901
8050,8.05,0.001,0.0044,0.005,0.0047,-0.1271,-0.2388
8051,8.051,-0.0007,0.0004,0.0007,0.0094,-0.1051,-0.2828
8052,8.052,-0.0038,0.0029,0.0024,0.0025,-0.0851,-0.2435
8053,8.053,-0.0019,-0.0032,-0.0001,0.0033,-0.1778,-0.7847
8054,8.054,-0.0009,0.0011,0.0011,0.0024,-0.3967,-0.7078
8055,8.055,0.0035,-0.0042,0.0039,0.0017,-0.2477,-0.0738
8056,8.056,-0.0006,-0.0035,-0.0018,-0.0004,-0.0033,0.1833
8057,8.057,-0.0031,-0.0004,-0.001,0.0001,0.0957,0.2618
8058,8.058,-0.0001,-0.0009,0.0027,0.0029,0.1259,0.3327
8059,8.059,-0.0004,-0.0024,0.0021,0.0004,0.0992,0.2695
8060,8.06,0.0014,-0.0027,-0.001,0.0007,0.124,0.2119
8061,8.061,-0.001,0.0002,-0.0026,0.0027,0.1017,0.6875
8062,8.062,-0.002,0.0027,-0.0011,-0.0009,0.3663,0.7519
8063,8.063,-0.0013,-0.0025,-0.0007,-0.0012,0.3303,0.345
8064,8.064,0.0004,-0.0031,-0.001,-0.0008,0.1002,-0.1319
8065,8.065,0.0006,-0.0024,-0.0036,-0.0005,-0.0496,-0.1972
8066,8.066,0.0011,-0.0029,-0.0032,0.0019,-0.0772,-0.2558
8067,8.067,0.0016,0,-0.0001,-0.0011,-0.1021,-0.3089
8068,8.068,0.0004,-0.0004,0.0009,0.0047,-0.1248,-0.261
8069,8.069,-0.0004,-0,-0.0014,0.0056,-0.1047,-0.3919
8070,8.07,0.0014,-0.002,-0.0004,0.0049,-0.2714,-0.9081
8071,8.071,-0.0009,-0.001,-0.0029,0.0029,-0.3837,-0.5565
8072,8.072,-0.0028,-0.0026,0.0024,-0.0013,-0.1597,0.0207
8073,8.073,-0.0004,-0.0015,-0.0013,0.0017,0.0495,0.2545
8074,8.074,0.0007,0.0016,0.0008,0.0022,0.0771,0.1854
8075,8.075,0.0014,0.0045,0.0039,0.0065,0.102,0.25
8076,8.076,-0.0025,0.0021,-0.0002,-0.0011,0.1245,0.3087
8077,8.077,-0.0008,-0.0002,0.0014,-0.0041,0.1044,0.2563
8078,8.078,-0.0003,0.0008,-0.0016,0.0005,0.1969,0.785
8079,8.079,-0.0033,0.001,0.0005,-0.0003,0.382,0.7153
8080,8.08,-0.0003,0.0028,-0.002,0.0004,0.2096,0.1389
8081,8.081,0,0.0035,0.0032,0.0025,0.0072,-0.2495
8082,8.082,0.0011,0.0015,0.0011,0.0008,-0.0747,-0.1803
8083,8.083,-0.0033,0.0009,-0.0009,0.0014,-0.0997,-0.2447
8084,8.084,0.002,-0.0028,-0.0004,-0.0001,-0.1223,-0.3031
8085,8.085,0.004,0.003,0.0013,0.0021,-0.1022,-0.1449
8086,8.086,0.0024,-0.0007,0.0028,0.0018,-0.1208,-0.6733
8087,8.087,0.0029,-0.0013,0.0007,0.0015,-0.3732,-0.8844
8088,8.088,0.0004,-0.0018,0.0003,-0.0017,-0.3373,-0.3084
8089,8.089,0.0026,-0.0013,-0.0022,0.0012,-0.0416,0.0803
8090,8.09,-0.0002,0.0023,-0.0011,0.0023,0.0781,0.2926
8091,8.091,-0.0021,0.0035,0.0006,0.0075,0.1146,0.2295
8092,8.092,-0.0004,0.0015,0.0007,0.0082,0.1478,0.2883
8093,8.093,0.0007,0.0012,-0.0016,0.0062,0.1183,0.236
8094,8.094,0.0005,0.0015,0.0021,-0.0007,0.0914,0.3803
8095,8.095,-0.0019,-0.0035,0.0024,-0.0071,0.3133,0.8612
8096,8.096,0.0005,0.0014,-0.0014,0.0007,0.3433,0.5416
8097,8.097,0.0012,-0.0029,-0.0009,-0.0002,0.1535,0.0173
8098,8.098,-0.0016,0.0014,-0.0028,-0.0068,-0.0553,-0.2009
8099,8.099,-0.0015,-0.0003,-0.0025,-0.0114,-0.0804,-0.272
8100,8.1,0.0023,-0.0008,-0.0028,-0.0122,-0.103,-0.2085
8101,8.101,0.0038,0.0003,0.0007,-0.0069,-0.1235,-0.267
8102,8.102,0.0016,0.0023,0.0004,0.0024,-0.1051,-0.2145
8103,8.103,-0.0023,0.0027,-0.0017,-0.0039,-0.1891,-0.8391
8104,8.104,0.0003,0.0003,-0.0013,-0.0049,-0.3881,-0.7543
8105,8.105,0.0053,-0.0007,-0.0046,0.0023,-0.1984,-0.0569
8106,8.106,0.0004,-0.0006,-0.0025,-0.0022,-0.0253,0.2256
8107,8.107,-0.0012,0.0001,-0.0015,-0.0031,0.0426,0.1417
8108,8.108,-0.0007,-0.0001,-0.0026,-0.0009,0.0635,0.2196
8109,8.109,0.005,-0.0034,-0.0029,-0.0003,0.1194,0.2904
8110,8.11,-0.0002,-0.0103,-0.0043,-0.006,0.1364,0.2267
8111,8.111,-0.0022,-0.0134,-0.0082,-0.0145,0.1214,0.6334
8112,8.112,0.0008,-0.0088,-0.0087,-0.0113,0.3301,0.7921
8113,8.113,0.0003,-0.0063,-0.0052,-0.0083,0.3006,0.3591
8114,8.114,-0.0023,-0.0011,0.0017,-0.0092,0.0564,-0.1655
8115,8.115,-0.0035,0.0009,0.0048,-0.017,-0.0427,-0.2372
8116,8.116,-0.0055,0.0039,0.0002,-0.0118,-0.073,-0.302
8117,8.117,0.0003,-0.0002,-0.0007,-0.0034,-0.1003,-0.2447
8118,8.118,-0.0006,0.0024,-0.0014,0.0043,-0.125,-0.1925
8119,8.119,-0.0043,-0.0046,0.0064,0.0073,-0.058,-0.4331
8120,8.12,-0.0008,-0.0077,-0.0009,0.0118,-0.2818,-0.9138
8121,8.121,-0.0013,-0.0068,0.0018,0.0059,-0.3713,-0.4664
8122,8.122,-0.0008,-0.006,0.0026,0.0036,-0.1815,0.0579
8123,8.123,-0.0013,0.0009,0.0004,0.0085,0.041,0.2702
8124,8.124,-0.0017,0.0017,0.0039,0.0042,0.131,0.2071
8125,8.125,0.0003,0.0008,0.0034,0.0001,0.1043,0.2655
8126,8.126,-0.0054,-0.0014,0.0004,0.0025,0.1291,0.2131
8127,8.127,-0.0097,-0.0007,-0.0001,0.0028,0.1069,0.2613
8128,8.128,-0.0075,0.0009,0.0021,0.0056,0.2087,0.8293
8129,8.129,-0.0026,0.0062,0.0049,0.0081,0.3755,0.7522
8130,8.13,0.0004,0.0097,0.0085,0.0057,0.2187,0.1181
8131,8.131,0.0009,0.0054,0.0015,0.0046,-0.0057,-0.3093
8132,8.132,0.0014,0.0071,0.0067,0.0044,-0.0957,-0.2334
8133,8.133,0.0026,0.0023,0.0021,0.005,-0.1231,-0.3043
8134,8.134,0.0022,0.0028,0.0029,0.0077,-0.148,-0.241
8135,8.135,0.0032,0.0023,-0.0008,0.0037,-0.1258,-0.1835
8136,8.136,-0.0007,0.0058,0.0012,-0.0031,-0.1056,-0.6592
8137,8.137,0.0018,0.0016,0.0006,-0.004,-0.3464,-0.8516
8138,8.138,0.0014,-0.0025,-0.0011,-0.0015,-0.3138,-0.3283
8139,8.139,0.0034,0.0053,0.0014,0.0007,-0.0449,0.1654
8140,8.14,0.007,0.002,-0.0008,-0.0014,0.0639,0.2306
8141,8.141,0.0008,0.0031,-0.0012,0.0027,0.0973,0.2895
8142,8.142,0.0033,0.0004,-0.0031,0.0056,0.1274,0.3428
8143,8.143,-0.0004,0.0012,0.0001,-0.0002,0.1006,0.1991
8144,8.144,0.0016,0.0019,-0.0028,-0.0025,0.0762,0.4176
8145,8.145,0.0011,-0.0002,-0.0009,-0.0018,0.2779,0.8543
8146,8.146,0.0005,0.004,0.0001,-0.0014,0.3593,0.564
8147,8.147,-0.0021,-0.0012,-0.001,0.0015,0.1372,-0.0184
8148,8.148,-0.0009,-0.0006,-0.0023,-0.0001,-0.0721,-0.2521
8149,8.149,0.0011,0.0011,0.0015,0.0021,-0.0999,-0.183
8150,8.15,0.0014,0.0016,-0.0002,0.0049,-0.1248,-0.2476
8151,8.151,0.0004,0.0001,-0.0017,0.0007,-0.1028,-0.3061
8152,8.152,-0.0013,-0.0002,0.0005,-0.001,-0.0828,-0.2536
8153,8.153,0.0029,0.0001,-0.0059,-0.0005,-0.1754,-0.7821
8154,8.154,-0.0002,-0.0018,-0.0032,0.0007,-0.3943,-0.7125
8155,8.155,-0.0019,0.0028,0.001,0.0036,-0.2453,-0.1361
8156,8.156,-0.0014,0.0045,-0.0042,-0.0022,-0.0008,0.2526
8157,8.157,0.0008,-0.0043,0.0007,-0.003,0.0983,0.1837
8158,8.158,0.0011,-0.0005,-0.0051,-0.0099,0.1285,0.2483
8159,8.159,0.0014,-0.0015,0.0019,-0.0054,0.1016,0.3069
8160,8.16,0.0024,-0.0005,-0.0045,-0.0011,0.1263,0.1489
8161,8.161,-0.0013,0.0003,-0.0003,-0.0004,0.1041,0.6776
8162,8.162,0.0009,-0.0039,-0.0024,-0.0011,0.3688,0.7482
8163,8.163,-0.0003,-0.0032,0.0012,0.0058,0.3329,0.3002
8164,8.164,0.0016,-0.0038,-0.0005,0.0013,0.1027,-0.108
8165,8.165,-0.0001,0.0004,0.0001,0.0022,-0.1066,-0.1622
8166,8.166,0.0023,-0.0013,-0.0034,0.0044,-0.08,-0.211
8167,8.167,0.0009,-0.0028,0.0008,0.0038,-0.1048,-0.2552
8168,8.168,0.0016,0.0024,0.0014,0.0043,-0.1274,-0.2158
8169,8.169,0.0004,-0.0011,0.005,-0.002,-0.0667,-0.3962
8170,8.17,-0.0006,-0.0006,0.0053,-0.0028,-0.2705,-0.8888
8171,8.171,-0.0036,-0.0035,0.0006,-0.0006,-0.3519,-0.5373
8172,8.172,-0.0039,0.0001,0.0024,0.0001,-0.1793,0.0398
8173,8.173,0.0012,0.0023,0.0076,0.0007,0.0678,0.2736
8174,8.174,-0.0037,-0.0041,0.0041,0.0024,0.1012,0.2048
8175,8.175,0.0006,0.0044,0.0025,-0.0033,0.1313,0.2695
8176,8.176,-0.0023,-0.0011,0.002,-0.0039,0.1045,0.2121
8177,8.177,-0.0017,-0.0001,0.0035,-0.0074,0.0801,0.2652
8178,8.178,-0.0039,-0.0009,-0.0007,-0.0016,0.1921,0.794
8179,8.179,-0.001,-0.0018,-0.0012,-0.0037,0.3754,0.7243
8180,8.18,0.0033,0.0004,-0.0016,0.0013,0.2029,0.148
8181,8.181,0.0016,0.0011,0.0053,0.0019,0.0006,-0.2405
8182,8.182,0.0085,0.0006,0.0064,0.0037,-0.0813,-0.1716
8183,8.183,0.0039,-0.0011,0.0018,0.0042,-0.1063,-0.2361
8184,8.184,0.0065,-0.0016,0.0044,-0.0018,-0.1289,-0.2945
8185,8.185,-0.0019,-0.0038,0.0037,-0.0026,-0.109,-0.1365
8186,8.186,-0.0008,-0.0026,-0.0012,0.0027,-0.1276,-0.6649
8187,8.187,0.0023,0.0025,-0.0028,0.0021,-0.38,-0.876
8188,8.188,-0.0003,-0.0011,-0.0011,0.0051,-0.2721,-0.3001
8189,8.189,0.0057,-0.0053,-0.0027,0.0057,-0.1076,0.0885
8190,8.19,-0.0012,-0.0025,-0.0015,0.0072,0.1017,0.1602
8191,8.191,-0.0002,0,0.0006,0.0003,0.0752,0.225
8192,8.192,0.0024,0.0012,0.0009,-0.0049,0.1,0.2838
8193,8.193,0.0002,0.0051,0.0006,-0.004,0.1225,0.2315
8194,8.194,0.0038,0.0045,-0.0045,0.0003,0.1023,0.3758
8195,8.195,0.0008,0.0033,-0.0024,0.004,0.306,0.8565
8196,8.196,0.0004,0.0036,-0.0041,-0.0024,0.3874,0.5368
8197,8.197,0.0019,-0.0021,-0.0046,0.0071,0.1654,0.0124
8198,8.198,-0.0031,0.0037,-0.0061,-0.0042,-0.0438,-0.1999
8199,8.199,0.0024,-0.0034,-0.0036,-0.0105,-0.088,-0.2332
8200,8.2,-0.0011,0.0003,-0.0014,-0.0028,-0.1154,-0.2977
8201,8.201,0.0019,-0.0017,0.0015,-0.0042,-0.1402,-0.2402
8202,8.202,0.0015,-0.0013,-0.001,0.0021,-0.1181,-0.1876
8203,8.203,-0.0021,-0.003,0.0022,-0.0035,-0.1791,-0.8123
8204,8.204,0.0002,-0.0025,0.001,-0.0004,-0.4199,-0.7276
8205,8.205,-0.001,-0.0022,-0.0009,-0.0012,-0.2559,-0.1852
8206,8.206,-0.002,-0.0026,-0.0041,0.003,0.0132,0.1679
8207,8.207,-0.0016,-0.0045,-0.0002,0.0023,0.122,0.2331
8208,8.208,-0.006,0.0007,-0.008,0.0043,0.0897,0.2917
8209,8.209,-0.0043,0.0044,-0.0136,0.0026,0.1197,0.2393
8210,8.21,-0.0018,-0.0005,-0.0125,-0.0014,0.0928,0.1914
8211,8.211,-0.0021,0.0012,-0.0061,0.0043,0.1174,0.6718
8212,8.212,0.0008,-0.0006,-0.0002,-0.0009,0.3639,0.8639
8213,8.213,-0.0017,-0.0021,-0.0024,-0.0045,0.2656,0.3403
8214,8.214,-0.0001,0.0009,0.0011,-0.0028,0.0566,-0.1535
8215,8.215,-0.0017,0.0012,0.0016,-0.0011,-0.0797,-0.2189
8216,8.216,0.0025,-0.0045,0.0011,0.0024,-0.0558,-0.2779
8217,8.217,-0.0018,-0.0123,-0.0004,0.0046,-0.1233,-0.2259
8218,8.218,-0.0023,-0.0071,0.0065,0.0058,-0.1034,-0.1783
8219,8.219,0.0024,-0.0026,0.0075,0,-0.0852,-0.397
8220,8.22,0.0007,0.0069,0.0029,-0.0009,-0.2703,-0.9135
8221,8.221,-0.0033,0.0006,0.0088,0.0028,-0.3937,-0.5622
8222,8.222,-0.0039,0.0038,-0.0012,-0.0078,-0.1471,-0.1135
8223,8.223,0.0022,0.0048,0.0028,-0.0124,0.0833,0.1784
8224,8.224,-0.0004,0.0021,-0.0009,-0.0084,0.1137,0.232
8225,8.225,0.0003,0.0064,0.0023,-0.0047,0.1411,0.2803
8226,8.226,-0.0033,0.0042,0.0075,-0.0103,0.1168,0.237
8227,8.227,0.0009,0.0062,0.0029,-0.0156,0.0946,0.2766
8228,8.228,-0.0032,0.0057,-0.0013,-0.0184,0.1963,0.8177
8229,8.229,-0.0017,0.0016,0.0008,-0.0106,0.4001,0.7405
8230,8.23,-0.0014,0.0041,-0.0012,-0.0076,0.2104,0.2473
8231,8.231,-0.0018,0.0011,-0.0007,0.0027,-0.012,-0.2023
8232,8.232,-0.0028,0.0031,0.0021,0.0067,-0.102,-0.2618
8233,8.233,-0.0081,0.0013,0.0006,0.0079,-0.0755,-0.2098
8234,8.234,-0.0134,-0.0019,0.0017,0.0046,-0.1003,-0.2587
8235,8.235,-0.0057,-0.0016,0.0014,0.0076,-0.1228,-0.2157
8236,8.236,-0.011,-0.0006,0.0023,0.0103,-0.1026,-0.5732
8237,8.237,-0.0083,-0.0029,0.0027,0.0128,-0.3804,-0.814
8238,8.238,-0.0025,0.0022,0.0016,0.0075,-0.341,-0.3334
8239,8.239,0.0012,-0.0027,0.0014,0.0054,-0.0881,0.1156
8240,8.24,0.0032,0.0015,-0.002,-0.0004,0.0767,0.1749
8241,8.241,0.0036,0.0044,-0.0017,0.0018,0.1071,0.2284
8242,8.242,0.0052,0.0049,-0.0005,-0.0003,0.1345,0.2768
8243,8.243,0.0036,-0.0012,-0.0002,0.0039,0.1103,0.2335
8244,8.244,0.0066,-0.002,0.0001,0.0034,0.0882,0.432
8245,8.245,0.0054,0.0002,-0.0016,0.0059,0.2715,0.9011
8246,8.246,0.0011,-0.0018,-0.0042,0.0007,0.3455,0.4535
8247,8.247,0.0039,-0.006,-0.0018,0.0043,0.1438,0.0454
8248,8.248,0.0043,-0.0019,-0.0009,-0,-0.0465,-0.2204
8249,8.249,0.0055,0.0006,-0.0039,-0.0053,-0.0715,-0.2697
8250,8.25,0.0015,-0.0005,-0.0028,-0.0004,-0.0941,-0.3141
8251,8.251,0.0062,0.0034,0.003,0.0001,-0.1146,-0.2751
8252,8.252,0.0044,0.0019,-0.0048,0.0053,-0.0962,-0.2395
8253,8.253,0.0072,0.0015,0.0024,-0.0025,-0.1803,-0.732
8254,8.254,0.0024,0.0027,0.0016,0.0006,-0.4098,-0.6623
8255,8.255,0.0066,-0.003,0.0024,0.0032,-0.2457,-0.2139
8256,8.256,0.0025,-0.0038,0.0002,-0.001,-0.0363,0.1943
8257,8.257,0.006,-0.0016,0.0023,0.0012,0.1,0.2482
8258,8.258,-0.001,-0.0023,-0.0047,0.0032,0.1253,0.2967
8259,8.259,0,0.0047,-0.002,0.0015,0.148,0.2536
8260,8.26,-0.0009,-0.0038,-0.0011,0.002,0.1281,0.2143
8261,8.261,-0.0001,-0.0027,-0.0018,-0.0028,0.1099,0.6111
8262,8.262,-0.0008,-0.0017,0.0017,-0.0044,0.3626,0.7699
8263,8.263,-0.0001,0.001,0.0048,-0.0028,0.327,0.3371
8264,8.264,-0.0018,-0.0049,0.002,-0.0012,0.097,-0.0711
8265,8.265,-0.0013,-0.0026,0.0005,-0.0043,-0.0525,-0.2308
8266,8.266,0.0002,-0.0047,-0.0026,-0.0014,-0.0799,-0.2795
8267,8.267,-0.001,-0.0004,0.0022,-0.0017,-0.1046,-0.3237
8268,8.268,-0.0014,0.0001,0.0005,-0.0021,-0.1269,-0.2052
8269,8.269,-0.0032,-0.0024,0.0046,0.0003,-0.1066,-0.3856
8270,8.27,-0.0008,-0.0012,0.0011,0.0005,-0.2731,-0.8781
8271,8.271,-0.0025,0.0009,0.0023,0.0034,-0.3851,-0.5267
8272,8.272,-0.0023,-0.0001,-0.0006,-0.0017,-0.1609,0.0501
8273,8.273,0.0016,0.0031,-0.0016,0.0061,0.0485,0.2838
8274,8.274,-0.0025,-0.0033,-0.0032,-0.0011,0.0764,0.2147
8275,8.275,0.0011,-0.0005,-0.0035,-0.0003,0.1015,0.2794
8276,8.276,0.0008,0.0021,-0.0028,-0.0028,0.1242,0.2219
8277,8.277,0.0012,0.0028,0.0011,0.0025,0.1042,0.275
8278,8.278,-0.0013,0.0008,-0.0006,-0.0024,0.1969,0.8037
8279,8.279,0.0011,-0.0023,0.0009,0.0019,0.3822,0.734
8280,8.28,0.0007,0.0006,-0.0033,0.0003,0.2593,0.1577
8281,8.281,0.0015,-0.0009,0.0032,0.0051,0.0123,-0.2306
8282,8.282,0.0017,0.0013,-0.001,0.0068,-0.0868,-0.1617
8283,8.283,-0.0005,0.0025,0.0012,0.004,-0.1169,-0.2262
8284,8.284,0.0002,-0,-0.0008,-0.0007,-0.1441,-0.2848
8285,8.285,0.0036,0.0023,0.0009,0.0011,-0.1198,-0.2323
8286,8.286,0.0006,-0.0021,0.0004,0.0006,-0.0976,-0.6647
8287,8.287,0.001,0.0032,0.004,-0.0041,-0.3621,-0.8394
8288,8.288,0.0014,0.0025,-0.0002,-0.0045,-0.3262,-0.3634
8289,8.289,0.0024,-0.0005,0.0027,-0.004,-0.0961,0.0858
8290,8.29,-0.0006,-0,0.0013,-0.0045,0.1133,0.2616
8291,8.291,0.002,-0.0016,-0.0009,0.0025,0.0869,0.2096
8292,8.292,0.0017,0.0027,0.0003,0.0015,0.1118,0.2581
8293,8.293,-0.0013,0.0044,0.0007,0.0023,0.1345,0.2148
8294,8.294,-0.0023,-0.0004,0.006,0.0015,0.0738,0.4134
8295,8.295,0.003,0.0038,-0.0009,-0.0007,0.2775,0.8828
8296,8.296,0.0009,-0.0002,0.0037,0.0043,0.3589,0.5632
8297,8.297,0.0029,-0.0008,0.0046,-0.0052,0.137,0.0387
8298,8.298,-0.0028,0.0004,0.0039,-0.0065,-0.0722,-0.1737
8299,8.299,0.001,-0.0035,-0.0025,-0.0077,-0.0999,-0.2386
8300,8.3,0.0001,0.0023,-0.0015,-0.0047,-0.1061,-0.269
8301,8.301,0.0022,-0.0035,-0.0023,0.0031,-0.1309,-0.2115
8302,8.302,0.0027,0.0017,-0.0016,0.0021,-0.1087,-0.2646
8303,8.303,-0.0002,-0.0003,0.0005,0.0029,-0.1697,-0.793
8304,8.304,-0.0037,-0.002,-0.0012,0.0021,-0.4106,-0.7231
8305,8.305,-0.0025,0.002,-0.0007,0.0014,-0.2466,-0.1466
8306,8.306,-0.0021,0.0015,-0.0011,-0.0006,-0.0375,0.2419
8307,8.307,-0.0003,0.0037,0.0011,0.0052,0.0987,0.1729
8308,8.308,-0.0048,-0.0028,-0.0045,0.0015,0.1236,0.2375
8309,8.309,-0.0006,-0.0019,-0.0023,0.005,0.1016,0.2962
8310,8.31,-0.0035,0.0023,0.0041,-0.0019,0.0814,0.1382
8311,8.311,-0.003,-0.0015,-0.0053,-0.0011,0.0999,0.5706
8312,8.312,-0.0008,-0.0008,-0.0016,-0.0019,0.3523,0.7452
8313,8.313,-0.002,-0.0025,-0.0026,-0.0026,0.3163,0.2693
8314,8.314,-0.0001,-0.002,0.0004,-0.0006,0.0861,-0.1798
8315,8.315,-0.0018,-0.0036,-0.0041,0.0011,-0.0638,-0.2393
8316,8.316,-0.0029,-0.0014,0.0001,-0.003,-0.0915,-0.1875
8317,8.317,-0.0022,-0.0043,-0.0006,-0.0045,-0.1165,-0.2361
8318,8.318,-0.0039,0.0015,0.003,0.0005,-0.0945,-0.1929
8319,8.319,-0.0076,0.0006,-0.0013,-0.003,-0.0745,-0.3915
8320,8.32,-0.0051,0.0028,-0.0018,-0.0014,-0.2783,-0.8608
8321,8.321,-0.0055,-0.005,-0.0013,-0.0008,-0.3598,-0.5413
8322,8.322,-0.0052,-0.0165,-0.001,-0.0014,-0.138,-0.0169
8323,8.323,-0.0016,-0.0119,-0.0013,0.0028,0.0711,0.1954
8324,8.324,0.0014,-0.0079,-0.0023,0.0045,0.0987,0.2604
8325,8.325,-0.0034,0.0009,0,-0.0033,0.1235,0.319
8326,8.326,-0.0017,0.0065,0.0003,-0.0136,0.146,0.2665
8327,8.327,-0,0.0054,-0.0016,-0.015,0.0853,0.2187
8328,8.328,0.0047,-0.001,0.0023,-0.0087,0.1778,0.7866
8329,8.329,0.0029,-0.0019,0.0018,-0.001,0.3966,0.7096
8330,8.33,0.0012,0.005,0.0053,0,0.2475,0.2165
8331,8.331,0.0017,0.0042,-0.0017,0.0027,0.0029,-0.2328
8332,8.332,0.0047,0.0067,-0.0027,0.0036,-0.0963,-0.1763
8333,8.333,0.0018,0.003,-0.0036,0.0029,-0.0671,-0.2297
8334,8.334,0.0076,0.0023,-0.0028,0.0035,-0.0945,-0.2785
8335,8.335,0.0016,0.004,-0.0021,0.0066,-0.1193,-0.148
8336,8.336,-0.0006,-0.0001,-0.007,0.0013,-0.0971,-0.5849
8337,8.337,0.0014,0.0034,-0.0101,0.0062,-0.3618,-0.8759
8338,8.338,0.0019,0.0004,-0.0061,0.0044,-0.3259,-0.4002
8339,8.339,0.0036,0.0015,-0.0046,0.0049,-0.0958,0.1768
8340,8.34,-0.0022,0.0019,-0.0016,0.0014,0.0539,0.2555
8341,8.341,-0,0.0022,-0.0028,0.0002,0.0816,0.3266
8342,8.342,0.0064,-0.0015,-0.0003,0.0022,0.1064,0.2631
8343,8.343,0.0021,0.0007,0.0007,0.0018,0.129,0.2054
8344,8.344,0.0028,0.0035,-0.003,0.0028,0.0682,0.3639
8345,8.345,0.0034,0.0054,0.0039,0.0045,0.2719,0.8926
8346,8.346,-0.0023,0.0022,0.0111,0.0052,0.3532,0.5412
8347,8.347,0.0029,-0.0007,0.0102,0.0085,0.1807,-0.0356
8348,8.348,-0.0006,0.0003,0.0024,0.0043,-0.0665,-0.2693
8349,8.349,0.0036,0.0026,0.0014,0.0014,-0.0999,-0.2001
8350,8.35,-0.0017,0.0023,0.0005,-0.0064,-0.1301,-0.2647
8351,8.351,0.0004,-0.0019,0.0013,-0.0032,-0.1033,-0.3232
8352,8.352,-0.0027,-0.0003,0.005,-0.0022,-0.0789,-0.2706
8353,8.353,-0.0032,-0.0019,0.0043,-0.0013,-0.1461,-0.7992
8354,8.354,-0.0007,-0.0035,0.0073,-0.0142,-0.4108,-0.7294
8355,8.355,-0.0003,-0.0013,0.0032,-0.0086,-0.2305,-0.153
8356,8.356,0.0017,0.0008,0.0057,-0.0036,-0.0002,0.2356
8357,8.357,-0.0008,0.0027,-0.0013,0.001,0.0899,0.1668
8358,8.358,0.0002,0.003,0.0018,-0.0003,0.1174,0.2315
8359,8.359,-0.0008,-0.0021,-0.0028,-0.0015,0.1423,0.2901
8360,8.36,-0.001,-0.0041,0.0014,0.0017,0.1201,0.2377
8361,8.361,0.0024,-0.0036,0.0051,-0.0014,0.1,0.5741
8362,8.362,0.0002,-0.0052,0.0002,0.0051,0.3778,0.7929
8363,8.363,0.0023,-0.0047,0.0007,0.0076,0.3385,0.356
8364,8.364,-0.002,-0.0016,0.0002,0.0069,0.0857,-0.0522
8365,8.365,0.0009,-0.0004,-0.0034,0.0076,-0.079,-0.2118
8366,8.366,-0.0006,-0,-0.003,0.0059,-0.1093,-0.2606
8367,8.367,0.0006,-0.001,0.0009,0.0019,-0.1367,-0.3046
8368,8.368,0.0027,-0.0006,-0.0027,-0.0059,-0.1123,-0.1858
8369,8.369,0.0009,0.0037,0.0004,-0.0069,-0.0901,-0.3661
8370,8.37,0.0012,0.002,-0.0025,-0.0017,-0.2733,-0.8585
8371,8.371,0.003,0.0015,-0.0014,0.0011,-0.3472,-0.5069
8372,8.372,0.0017,0.0031,-0.0018,-0.0015,-0.1902,-0.0578
8373,8.373,0.0046,-0.003,0.0033,-0.0037,0.0344,0.2345
8374,8.374,0.0004,0.0048,0.0026,-0.003,0.0648,0.2886
8375,8.375,0.0045,0.0018,-0.0016,-0.0024,0.0923,0.2415
8376,8.376,-0.0012,0.0027,0.0013,0.0004,0.1171,0.286
8377,8.377,-0.0005,-0.0015,-0.0022,0.002,0.095,0.2469
8378,8.378,-0.0053,0.0023,0.0047,-0.0011,0.1966,0.7882
8379,8.379,-0.001,0.0003,0.0017,-0.0007,0.4004,0.7115
8380,8.38,-0.0051,0.002,-0.0028,-0.0004,0.2108,0.2186
8381,8.381,0.0018,-0.0009,0.0014,-0.002,-0.0116,-0.2304
8382,8.382,-0.0046,0.0007,-0.0038,-0.0016,-0.1016,-0.1736
8383,8.383,-0.0021,-0.0005,-0.0018,0.0027,-0.075,-0.2269
8384,8.384,0.0017,-0.0025,-0.0035,0.0022,-0.1491,-0.2754
8385,8.385,0.001,0.0011,-0.0029,0.0017,-0.1271,-0.1446
8386,8.386,0.0016,0.0008,-0.0044,0.0013,-0.107,-0.5812
8387,8.387,0.0021,0.0011,0.0007,0.0001,-0.3477,-0.8719
8388,8.388,-0.0014,0.0001,-0.0014,-0.001,-0.3151,-0.396
8389,8.389,-0.0018,-0.0009,-0.0008,-0.002,-0.1062,0.0534
8390,8.39,0.0003,-0.0053,0.0044,0.0004,0.0841,0.2292
8391,8.391,-0.0039,-0.0024,0.0024,-0.002,0.1092,0.2831
8392,8.392,-0.001,0.0034,0.0019,-0.0001,0.1317,0.2357
8393,8.393,-0.0046,0.0027,-0.0009,0.0016,0.1522,0.1924
8394,8.394,-0.0024,-0.0009,0.0006,0.0009,0.0969,0.3911
8395,8.395,-0.0052,-0.0004,0.001,0.003,0.2819,0.8605
8396,8.396,-0.0042,0.0013,-0.0002,0.0013,0.3557,0.541
8397,8.397,0.001,0.0018,0.0017,-0.0024,0.1538,0.0167
8398,8.398,-0.0012,-0.0004,-0.0015,0.0012,-0.0365,-0.1956
8399,8.399,-0.0018,0.0025,0.0005,0.0024,-0.0618,-0.2605
8400,8.4,-0.0001,0.0015,0.0024,0.0012,-0.1295,-0.319
8401,8.401,0.0025,-0.0023,0.0002,-0.0012,-0.1178,-0.2523
8402,8.402,0.0042,-0.0033,0.0041,0.0024,-0.0977,-0.1998
8403,8.403,-0.0005,-0.0043,0.0026,-0.0007,-0.1534,-0.8244
8404,8.404,-0.001,-0.0018,0.0014,0.0005,-0.406,-0.7396
8405,8.405,0.0007,-0.0008,0.0002,-0.0052,-0.2259,-0.1969
8406,8.406,0.0022,-0.0012,-0.0034,0.0026,0.0043,0.1564
8407,8.407,0.0064,-0.0019,0.0008,0.0016,0.0942,0.2218
8408,8.408,0.0047,-0.0012,-0.0009,-0.003,0.1216,0.2805
8409,8.409,-0.0001,-0.0019,-0.0034,0.0012,0.0972,0.334
8410,8.41,0.0057,-0.004,-0.0077,-0.004,0.1196,0.1902
8411,8.411,-0.0043,-0.0047,-0.0106,0.0024,0.0993,0.5835
8412,8.412,-0.0003,-0.0041,-0.008,-0.0018,0.3399,0.8479
8413,8.413,-0.004,-0.0073,-0.003,-0.004,0.3071,0.3191
8414,8.414,-0.0008,-0.0143,-0.005,0.0025,0.098,-0.0339
8415,8.415,0.0022,-0.0153,0.0007,0.005,-0.0924,-0.2271
8416,8.416,-0.0042,-0.0032,-0.0031,0.0043,-0.1177,-0.2859
8417,8.417,-0.0017,0.0019,0.0005,0.0008,-0.1405,-0.2338
8418,8.418,-0.0039,0.0034,-0.0026,-0.0009,-0.1207,-0.1863
8419,8.419,-0.006,0.0074,0.0003,-0.0005,-0.1025,-0.4049
8420,8.42,-0.0065,0.0062,0.0028,0.0021,-0.2541,-0.9213
8421,8.421,-0.0048,0.0072,-0.0003,0.0017,-0.3967,-0.57
8422,8.422,-0.0001,0.0041,0.0053,-0.0022,-0.156,-0.1211
8423,8.423,0.0004,-0.0004,-0,-0.0038,0.0087,0.1707
8424,8.424,-0.0037,0.0038,0.0049,0.0004,0.0985,0.2244
8425,8.425,-0.0012,0.0044,0.0006,0.0045,0.1259,0.273
8426,8.426,-0.0016,0.0051,0.0035,0.005,0.1506,0.3169
8427,8.427,-0.002,0.0033,0.0019,-0.0001,0.0835,0.2773
8428,8.428,0.0016,0.0028,0.0007,-0.0108,0.1851,0.8184
8429,8.429,0.0003,0.0053,0.0027,-0.0215,0.3889,0.7413
8430,8.43,0.0032,0.0022,-0.003,-0.0119,0.2533,0.2481
8431,8.431,0.005,0.0034,0.0011,-0.0005,-0.0184,-0.2013
8432,8.432,0.0102,-0.0009,-0.0011,0.001,-0.0552,-0.1449
8433,8.433,0.005,-0.0014,0.0025,-0.0031,-0.0886,-0.3041
8434,8.434,0.0029,0.0001,-0.007,-0.0043,-0.1187,-0.2568
8435,8.435,0.0034,-0.0021,-0.003,-0.0033,-0.146,-0.2137
8436,8.436,-0.0007,-0.0001,0.0007,0.004,-0.1217,-0.5713
8437,8.437,0.0029,0.0009,0.0017,0.0012,-0.3683,-0.9083
8438,8.438,0.0017,-0.0001,-0.0014,0.0021,-0.3357,-0.3404
8439,8.439,0.0005,0.0002,0.0051,0.0027,-0.0668,0.0478
8440,8.44,0.0008,0.0044,0.0076,0.0047,0.1142,0.2597
8441,8.441,-0.0002,0.0002,0.0006,0.0052,0.082,0.3241
8442,8.442,0.0028,-0.0003,-0.0021,0.0069,0.1121,0.2664
8443,8.443,0.0002,-0.0008,0.0038,0.0064,0.1395,0.2136
8444,8.444,0.0006,0.0053,0.0001,0.0042,0.1151,0.3576
8445,8.445,-0.0018,-0.0025,0.0037,0.0021,0.272,0.8381
8446,8.446,-0.0005,-0.0015,0.0032,-0.0005,0.3739,0.5181
8447,8.447,0.0024,-0.0007,-0.0021,-0.0022,0.1701,-0.0065
8448,8.448,-0.0001,0.0002,0.0015,0.0029,-0.0202,-0.2191
8449,8.449,0.0022,0.0024,0.0009,0.0035,-0.0946,-0.2843
8450,8.45,-0.0001,-0.0012,0.0004,-0.006,-0.1173,-0.2271
8451,8.451,-0.0008,0.0019,0.002,-0.0073,-0.0972,-0.2807
8452,8.452,-0.0025,0.0014,-0.0003,-0.0036,-0.0789,-0.2332
8453,8.453,0.0012,0.0009,-0.0014,-0.0026,-0.163,-0.8013
8454,8.454,-0.0035,0.0012,0.0011,-0.0016,-0.3925,-0.7247
8455,8.455,0.0022,-0.0008,-0.0028,0.0029,-0.2285,-0.2319
8456,8.456,0.0016,-0.0005,-0.0022,0.0054,-0.0192,0.2172
8457,8.457,-0.0005,-0.0028,-0,0.0047,0.1171,0.1604
8458,8.458,-0.0022,0.0016,-0.0012,0.0012,0.0931,0.3193
8459,8.459,-0.0074,0.0021,-0.0002,-0.0006,0.1158,0.2716
8460,8.46,-0.0054,-0.0014,0.0015,-0.0001,0.0958,0.2281
8461,8.461,0.0016,0.0016,-0.0015,0.0004,0.1144,0.5853
8462,8.462,0.0007,-0.0012,0.002,-0.0018,0.3668,0.8257
8463,8.463,-0.0035,-0.0031,-0.003,0.0021,0.259,0.3448
8464,8.464,0.0018,-0.0007,-0.0023,0.0005,0.0945,-0.1045
8465,8.465,-0.0002,-0.0024,0.0008,0.0008,-0.0551,-0.164
8466,8.466,-0.0007,0.0002,-0.0008,0.0012,-0.0827,-0.2178
8467,8.467,0.0021,0.0006,-0.0033,0.0015,-0.1076,-0.2664
8468,8.468,0.0037,0.0016,-0.0021,0.0047,-0.13,-0.2231
8469,8.469,0.0015,-0.0026,0.0018,0.0027,-0.0691,-0.3422
8470,8.47,0.0035,-0.003,0.0034,0.0052,-0.2728,-0.8837
8471,8.471,-0.0015,-0.0082,0.0022,0.0035,-0.4083,-0.497
8472,8.472,0.002,-0.0033,0.0052,0.0011,-0.1864,-0.0036
8473,8.473,0.0004,0.0037,0.0001,0.0018,0.023,0.1897
8474,8.474,0.0033,0.0028,-0.0005,0.0001,0.105,0.2488
8475,8.475,0.0018,0.0037,0.0012,0.0008,0.13,0.3023
8476,8.476,-0.0032,0.0031,-0.0004,0.004,0.108,0.2548
8477,8.477,0.0017,0.0011,0.0011,-0.0021,0.0881,0.2116
8478,8.478,-0.0013,0.0016,0.0034,-0.0116,0.1808,0.8073
8479,8.479,-0.0018,-0.0024,0.003,-0.0104,0.3998,0.7227
8480,8.48,0.0018,-0.0009,-0.002,-0.0072,0.2509,0.1803
8481,8.481,0.0006,-0.0005,0.0001,-0.0062,0.0065,-0.1727
8482,8.482,-0.0014,-0.0034,-0.0004,-0.0016,-0.0926,-0.2378
8483,8.483,-0.0032,-0.0009,-0.0033,-0.0007,-0.1228,-0.2963
8484,8.484,-0.0042,0.0037,-0.0027,0.003,-0.0959,-0.244
8485,8.485,0.0009,-0.0005,0.0003,-0.0005,-0.1206,-0.196
8486,8.486,-0.0011,-0.0021,0.0015,-0.0021,-0.0984,-0.5891
8487,8.487,0.0046,-0.0026,-0.0035,-0.0016,-0.3629,-0.8534
8488,8.488,0.0009,-0.0004,-0.0042,-0.0031,-0.327,-0.3244
8489,8.489,-0.0011,0.0009,0.0001,0.0012,-0.0968,0.1695
8490,8.49,-0.0028,-0.0001,-0.0004,-0.0029,0.053,0.2351
8491,8.491,0.0001,-0.0046,0.0011,0.0039,0.0807,0.2942
8492,8.492,-0.0014,-0.0016,-0.0011,0.0067,0.1055,0.2423
8493,8.493,0.0008,-0.0032,-0.0007,0.0042,0.1282,0.1948
8494,8.494,-0.0048,-0.0017,-0.001,0.0021,0.0675,0.4135
8495,8.495,0.0021,0.0006,-0.0021,0.0001,0.2712,0.8505
8496,8.496,-0.0006,0.0045,0.003,0.0044,0.3525,0.5604
8497,8.497,0.0037,0.001,-0.0005,0.0015,0.18,-0.0219
8498,8.498,0.003,0.004,0.0037,-0.0032,-0.0224,-0.2554
8499,8.499,0.0009,-0.0007,0.0042,0.0038,-0.1043,-0.186
8500,8.5,-0.0007,0.0036,0.0017,0.003,-0.1292,-0.2503
8501,8.501,0.0033,0.0053,-0.0026,0.0005,-0.1073,-0.3086
8502,8.502,0.0002,0.0041,-0.0009,-0.0027,-0.1028,-0.236
8503,8.503,0.0028,0.0026,-0.0073,-0.0034,-0.1639,-0.8169
8504,8.504,0.0031,0.0023,0.0004,0.0002,-0.4048,-0.7398
8505,8.505,-0.0025,0.0052,0.0035,0.006,-0.2409,-0.2466
8506,8.506,-0.0003,-0.0006,0.0008,-0.0025,-0.0318,0.2027
8507,8.507,0.0004,-0.0014,-0.0018,0.0031,0.1042,0.2622
8508,8.508,-0.0013,-0.0036,-0.004,0.0062,0.1291,0.3159
8509,8.509,-0.003,0.0013,-0.002,0.0035,0.1515,0.2687
8510,8.51,0.0005,0.0018,0.001,0.001,0.1313,0.2256
8511,8.511,-0.0007,0.0024,-0.0042,0.0032,0.1127,0.5831
8512,8.512,-0.0063,-0.0054,-0.0078,0.0026,0.365,0.824
8513,8.513,-0.0026,-0.0044,-0.0109,-0.0044,0.329,0.3434
8514,8.514,-0.0006,0.0029,-0.0056,-0.0052,0.0986,-0.1057
8515,8.515,-0.0023,0.002,-0.0036,0.0007,-0.0513,-0.2813
8516,8.516,-0.0028,-0.0005,-0.0019,0.0001,-0.1332,-0.3348
8517,8.517,0.0008,0.0017,0.0021,0.0007,-0.1583,-0.2872
8518,8.518,0.0019,-0.0004,0.0026,0.0038,-0.1363,-0.1566
8519,8.519,-0.001,-0.0021,0.0004,0.0043,-0.0758,-0.3551
8520,8.52,-0.0035,-0.0004,0.0032,-0.0004,-0.2426,-0.8965
8521,8.521,-0.0088,0.0001,0.0068,-0.0021,-0.3998,-0.5097
8522,8.522,-0.0035,-0.0029,0.0006,-0.0027,-0.1761,-0.0161
8523,8.523,-0.0015,-0.0009,-0.0019,-0.0002,0.033,0.1773
8524,8.524,0.0001,-0.0012,0.0018,-0.0014,0.1147,0.2364
8525,8.525,-0.0016,0.0005,-0.0003,-0.0034,0.0904,0.2898
8526,8.526,0.0031,0.0008,0.0002,0.0008,0.0681,0.2423
8527,8.527,0.0001,-0.0017,0.0031,-0.0021,0.0884,0.1989
8528,8.528,-0.0016,0.0021,-0.0005,-0.0068,0.1809,0.7945
8529,8.529,0.0051,-0.0014,0.0016,-0.0038,0.3996,0.7097
8530,8.53,0.0005,-0.0002,0.0013,-0.0067,0.2505,0.1672
8531,8.531,0.003,0.0053,0.0016,-0.0032,0.0058,-0.186
8532,8.532,0.0008,0.0001,0.0048,-0.0029,-0.0935,-0.2513
8533,8.533,0.0028,-0.0049,0.0008,-0.0025,-0.124,-0.3102
8534,8.534,0.0023,-0.0091,0.0013,-0.0015,-0.0974,-0.2581
8535,8.535,-0.0018,-0.012,0.0001,0.0001,-0.1222,-0.2105
8536,8.536,0.0007,-0.0135,0.0021,-0.0043,-0.1001,-0.6038
8537,8.537,0.001,-0.0085,0.0024,-0.0003,-0.3649,-0.8683
8538,8.538,0.0014,-0.0036,0.0028,-0.0018,-0.3292,-0.3396
8539,8.539,-0.0005,-0.0053,0.0011,-0.0015,-0.0992,0.1539
8540,8.54,0.0034,-0.0025,-0.0032,-0.0044,0.11,0.2193
8541,8.541,0.0049,0.0023,-0.0002,-0.0102,0.0834,0.2781
8542,8.542,0.0006,0.0017,0.0027,-0.0127,0.1082,0.3314
8543,8.543,0.0001,0.0022,0.0032,-0.0043,0.1307,0.1875
8544,8.544,0.0006,-0.0025,0.0035,-0.0053,0.1105,0.4058
8545,8.545,0.0028,0.0044,0.0023,0.0019,0.2771,0.922
8546,8.546,0.0007,0.0052,0.0013,0.0027,0.3893,0.5704
8547,8.547,-0.0011,0.0043,-0.0026,0.0036,0.1653,-0.0066
8548,8.548,0.0006,0.008,-0.0021,0.0073,-0.044,-0.2405
8549,8.549,0.0043,0.0044,-0.0009,0.0066,-0.0717,-0.1716
8550,8.55,0.0012,0.0061,-0.0021,0.0049,-0.0966,-0.2363
8551,8.551,0.0024,0.0044,-0.001,0.0065,-0.1192,-0.295
8552,8.552,0.0006,0.0039,-0.0034,0.0018,-0.099,-0.2427
8553,8.553,-0.0011,0.0016,-0.0037,0.0075,-0.1546,-0.7714
8554,8.554,-0.0021,0.002,0.0005,0.0022,-0.4071,-0.7019
8555,8.555,-0.004,0.0001,0.001,0.0071,-0.2268,-0.1257
8556,8.556,-0.0006,0.0033,0.0027,-0.0012,0.0036,0.1079
8557,8.557,-0.0009,0.0021,-0.002,-0.0023,0.0937,0.1793
8558,8.558,-0.0021,0.0023,-0.0003,-0.0053,0.1213,0.244
8559,8.559,-0.0025,-0.0001,-0.0008,0.0011,0.1462,0.3025
8560,8.56,-0.0001,0.0036,0.0028,0.0036,0.1242,0.1444
8561,8.561,-0.0004,0.0006,-0.0003,0.0088,0.1041,0.5768
8562,8.562,0.0022,0.0026,0.0001,0.0024,0.345,0.8675
8563,8.563,0.0011,0.0022,0.0019,0.0032,0.3124,0.3916
8564,8.564,-0.0005,-0.0031,-0.0033,0.0025,0.1035,-0.0576
8565,8.565,-0.0003,-0.0038,-0.0026,0.0045,-0.0868,-0.2334
8566,8.566,-0.0015,0.004,-0.0005,0.0003,-0.1118,-0.287
8567,8.567,0.0022,-0.0013,0.0012,0.002,-0.1344,-0.2396
8568,8.568,0.0007,0.0014,-0.0005,0.0056,-0.1143,-0.1964
8569,8.569,-0.0014,0.0005,-0.004,0.0068,-0.0959,-0.3948
8570,8.57,0.0015,-0.0047,0.0002,0.0065,-0.2473,-0.9362
8571,8.571,0.0025,-0.004,0.0032,0.0061,-0.3896,-0.5495
8572,8.572,-0.002,-0.001,0.0017,0.0009,-0.1857,-0.056
8573,8.573,-0.0003,-0.0027,0.0005,-0.0076,0.059,0.2652
8574,8.574,-0.0007,-0.0002,0.0002,-0.0043,0.0926,0.2082
8575,8.575,0.005,-0.0024,0.0027,0.0009,0.1229,0.2617
8576,8.576,0.0014,-0.0036,-0.0011,-0.0094,0.0963,0.2142
8577,8.577,-0.0006,-0.0026,0.0036,-0.0053,0.0721,0.2581
8578,8.578,0.0025,-0.0022,0.0019,-0.0065,0.1843,0.7744
8579,8.579,-0.0016,0.0022,0.0037,-0.0009,0.4084,0.7047
8580,8.58,-0,-0.0019,0.0011,0.0001,0.2596,0.2562
8581,8.581,-0.0022,0.0059,0.0042,0.0029,0.0152,-0.152
8582,8.582,-0.0001,0.0003,-0.0014,0.002,-0.0837,-0.206
8583,8.583,0.0025,-0.0027,-0.002,0.0073,-0.1138,-0.2546
8584,8.584,-0.0028,0.0018,-0.0027,0.0009,-0.1409,-0.2987
8585,8.585,-0.0005,-0.0007,-0.0022,0.0001,-0.1165,-0.1799
8586,8.586,0.003,0.0015,-0.0027,0.0023,-0.0941,-0.5768
8587,8.587,0.0014,-0.0005,-0.0032,0.0003,-0.3584,-0.8411
8588,8.588,0.0009,-0.001,-0.002,-0.0014,-0.3224,-0.4083
8589,8.589,0.0024,-0.0005,0.0045,-0.0031,-0.0921,0.1165
8590,8.59,-0.0006,0.001,-0.004,-0.0066,0.0579,0.1885
8591,8.591,-0.0002,-0.0011,-0.0008,-0.0054,0.0858,0.2537
8592,8.592,-0.0028,0.0009,-0.0018,-0.0042,0.1108,0.3127
8593,8.593,-0.0011,-0.0001,-0.0063,-0.0045,0.1335,0.2605
8594,8.594,0.0006,0.0038,-0.0021,-0.0028,0.0729,0.4049
8595,8.595,0.0005,-0.0019,0.0001,-0.0011,0.2769,0.8858
8596,8.596,-0.0012,0.0034,-0.0019,0.0019,0.3584,0.5664
8597,8.597,-0.0014,0.0041,0.0039,-0.0036,0.186,0.0422
8598,8.598,0.0018,-0.0017,-0.0013,-0.0029,-0.061,-0.1699
8599,8.599,-0.0043,-0.001,0.0007,0.0035,-0.0944,-0.2349
8600,8.6,-0.0034,0.0026,0.0012,0.0044,-0.1244,-0.2933
8601,8.601,-0.0012,-0.0004,-0.0017,-0.0008,-0.0975,-0.2407
8602,8.602,0.0008,-0.0044,-0.0011,0.0012,-0.1221,-0.1927
8603,8.603,-0.0016,-0.0032,-0.0003,0.0039,-0.1603,-0.7856
8604,8.604,-0.0021,0.0003,0.0001,0.0009,-0.4068,-0.7421
8605,8.605,0.0008,0.0015,0.0004,0.0003,-0.2427,-0.2249
8606,8.606,-0.0008,0.0079,0.0015,0.0009,-0.0334,0.1284
8607,8.607,0.0014,0.0034,-0.0009,0.0059,0.1029,0.1938
8608,8.608,0.0002,0.0008,0.0001,0.0023,0.1281,0.2525
8609,8.609,0.0012,0.0002,-0.0006,-0.0007,0.106,0.3061
8610,8.61,-0.004,-0.0005,0.0011,-0.0024,0.1266,0.1625
8611,8.611,-0.0003,-0,0.0043,-0.0019,0.1083,0.5559
8612,8.612,0.0017,-0.0029,0.0032,-0.005,0.3608,0.8205
8613,8.613,-0.0014,-0.0024,-0.0004,-0.0114,0.325,0.388
8614,8.614,-0.0031,0.0018,0.0008,-0.0199,0.0949,-0.1365
8615,8.615,-0.0006,-0.001,0.0004,-0.0075,-0.0548,-0.208
8616,8.616,0.0016,0.0005,-0.0006,-0.0024,-0.0825,-0.2728
8617,8.617,-0.0023,0.0016,-0.003,-0.004,-0.1073,-0.3314
8618,8.618,-0.0049,-0.0048,0.0014,-0.0027,-0.1299,-0.1733
8619,8.619,-0.0061,-0.0133,-0.0027,-0.0015,-0.0692,-0.3175
8620,8.62,-0.0064,-0.0077,-0.0002,0.0087,-0.2358,-0.8856
8621,8.621,-0.0022,0.0018,0.0001,0.0018,-0.3928,-0.4989
8622,8.622,-0.0017,0.003,0.0022,0.0055,-0.1689,-0.0053
8623,8.623,0.004,0.004,0.0018,0.0044,0.0404,0.1881
8624,8.624,-0.0013,0.0029,0.0042,0.0054,0.0682,0.2473
8625,8.625,0.0008,0.0057,0.0018,0.0062,0.0931,0.3008
8626,8.626,-0.0009,-0.0003,-0.0025,0.002,0.1157,0.2534
8627,8.627,0.0007,0.0035,-0.0055,0.0013,0.0955,0.21
8628,8.628,-0.0018,-0.0043,-0.0027,-0.0023,0.151,0.8057
8629,8.629,0.0042,0.0029,-0.0002,-0.0018,0.4035,0.721
8630,8.63,0.0033,0.0002,0.002,0.0058,0.2232,0.1785
8631,8.631,0.0055,-0.0006,0.0008,-0.0037,-0.0071,-0.1745
8632,8.632,-0.0009,0.0015,0.0018,0.0025,-0.0971,-0.2398
8633,8.633,0.0016,-0.0034,0.0008,0.0057,-0.0705,-0.2986
8634,8.634,0.0022,-0.0051,-0.0003,0.0005,-0.1446,-0.2464
8635,8.635,0.0002,-0.0034,-0.0001,0.005,-0.1672,-0.1988
8636,8.636,0.0007,0.0023,0.0005,0.0093,-0.1064,-0.5921
8637,8.637,0.0047,-0.0014,0.0022,0.004,-0.3472,-0.8566
8638,8.638,0.0042,0.0021,0.0012,0.0033,-0.3146,-0.424
8639,8.639,0.0011,0.0004,0.0013,-0.0009,-0.1057,-0.0159
8640,8.64,0.004,0.0009,-0.0014,-0.0097,0.0846,0.1438
8641,8.641,0.0029,-0.0006,-0.0033,-0.006,0.1097,0.2887
8642,8.642,0.0032,-0.0018,-0.0043,-0.0028,0.1323,0.3329
8643,8.643,0.0022,0.0002,-0.0054,0.0003,0.1122,0.2143
8644,8.644,0.0003,-0.0002,-0.0061,0.003,0.0939,0.3946
8645,8.645,-0.0009,-0.0012,-0.0068,0.0004,0.2789,0.8869
8646,8.646,-0.0002,-0.0029,-0.0061,0.0011,0.4022,0.5353
8647,8.647,0.0011,-0.0071,-0.0029,0.0018,0.1555,0.0862
8648,8.648,0.0001,-0.0129,0.0032,-0.0012,-0.0093,-0.206
8649,8.649,0.0028,-0.0029,-0.0011,-0.0041,-0.0993,-0.2601
8650,8.65,-0.0015,0.0011,-0.0048,0.0037,-0.1268,-0.3091
8651,8.651,-0.001,0.0048,0.0001,0.0048,-0.1026,-0.2662
8652,8.652,-0.0035,0.0038,-0.0016,-0.0004,-0.0805,-0.227
8653,8.653,0.0007,0.0068,-0.0011,-0.0013,-0.1823,-0.7685
8654,8.654,-0.0022,-0.0017,-0.0006,-0.0004,-0.4232,-0.6919
8655,8.655,-0.0037,0.0086,0.0024,0.0049,-0.2593,-0.1993
8656,8.656,-0.0015,0.0017,0.0053,-0.0015,-0.0502,0.2497
8657,8.657,-0.0003,0.0029,0.0071,-0.0041,0.14,0.1927
8658,8.658,0,0.0019,0.0026,0.0012,0.116,0.246
8659,8.659,0.0032,0.0029,0.0068,0.0048,0.1385,0.2944
8660,8.66,-0.0024,0.0056,0.0003,-0.0021,0.1184,0.1636
8661,8.661,0.0014,0.0013,0.0046,0.0064,0.1,0.6001
8662,8.662,-0.0022,0.0007,0.0098,0.0032,0.3524,0.8908
8663,8.663,0.0008,-0.0014,0.0049,0.0063,0.3165,0.4148
8664,8.664,-0.0008,0.0028,0.0019,0.0017,0.0863,-0.0345
8665,8.665,0.0007,0.0023,0.0014,0.0043,-0.0635,-0.2104
8666,8.666,-0.0015,-0.0002,0.0049,0.005,-0.0912,-0.2641
8667,8.667,-0.0035,-0.0032,-0.0011,0.007,-0.116,-0.3129
8668,8.668,-0.0025,-0.0029,0.0014,0.0028,-0.1386,-0.1826
8669,8.669,0.0007,-0.0032,-0.0007,-0.0059,-0.0779,-0.3811
8670,8.67,-0.0004,-0,-0.0028,-0.0147,-0.2447,-0.9224
8671,8.671,0.0014,-0.0029,-0.0022,-0.009,-0.4014,-0.5349
8672,8.672,-0.0002,-0.0019,0.0007,-0.0037,-0.1773,-0.042
8673,8.673,-0.0033,-0.0029,0.0042,-0.0028,0.0317,0.1505
8674,8.674,-0.0036,-0.0018,-0.0027,-0.007,0.1132,0.209
8675,8.675,-0.0003,-0.0016,-0.0016,-0.0048,0.1379,0.2623
8676,8.676,0.0017,0.0023,-0.0008,-0.0012,0.1157,0.2145
8677,8.677,0.0028,-0.0006,0.0018,-0.0054,0.0955,0.258
8678,8.678,0.0024,0.0009,-0.0034,-0.0048,0.151,0.774
8679,8.679,-0.0026,0.0079,-0.0014,-0.0001,0.4032,0.703
8680,8.68,0.001,0.0049,-0.0044,0.0016,0.2225,0.2542
8681,8.681,0.004,0.0003,-0.0014,-0,-0.0078,-0.1536
8682,8.682,-0.0024,0.0012,0.0001,-0.0005,-0.0976,-0.2073
8683,8.683,0.0002,0.0019,-0.002,0.0038,-0.125,-0.2561
8684,8.684,-0.0005,0.0039,-0.0023,0.0021,-0.1008,-0.3003
8685,8.685,0.0016,0.007,0.002,-0.0004,-0.1233,-0.1817
8686,8.686,0.0011,0.0018,0.0015,-0.0034,-0.1032,-0.5788
8687,8.687,0.0028,-0.0018,-0.002,0.0031,-0.344,-0.8427
8688,8.688,0.0013,-0.0059,0.0003,0.0004,-0.3109,-0.4094
8689,8.689,0.0016,-0.0018,0.0006,-0.0004,-0.1019,0.1145
8690,8.69,0.0037,-0.0033,0.0026,0.0018,0.0882,0.1853
8691,8.691,0.0001,0.001,0.005,0.0012,0.1131,0.2497
8692,8.692,-0.0002,0.0005,0.0033,0.0007,0.1357,0.3082
8693,8.693,0.001,0.002,0.002,0.0002,0.1156,0.2557
8694,8.694,-0.0016,-0.0001,0.0008,0.0017,0.0972,0.4001
8695,8.695,-0.0033,-0.0048,0.0046,-0.0004,0.2487,0.8803
8696,8.696,0.0018,-0.0053,-0.0032,0.0008,0.3908,0.5598
8697,8.697,0.0011,-0,-0.0022,-0.0028,0.1497,0.0356
8698,8.698,0.0016,0.002,-0.0052,-0.0024,-0.0149,-0.1761
8699,8.699,-0.0012,0.0003,0.0013,0.0024,-0.1046,-0.2408
8700,8.7,0.0003,0.0009,0.0005,0.0041,-0.132,-0.2995
8701,8.701,0.0015,0.0014,-0.0002,0.0036,-0.1076,-0.2472
8702,8.702,0.0003,0.0003,0.0005,0.0011,-0.0855,-0.1994
8703,8.703,-0,-0.0026,0.001,0.0023,-0.1465,-0.7673
8704,8.704,-0.0027,-0.0049,0.0015,0.0028,-0.4016,-0.7509
8705,8.705,-0.0011,0.0002,0.0021,-0.0001,-0.2346,-0.2082
8706,8.706,-0.0007,-0.0005,0.0026,0.0003,-0.0326,0.1443
8707,8.707,0.0011,-0.0009,0.0038,-0.0043,0.1033,0.2091
8708,8.708,-0.0022,0.0008,-0.0018,-0.0026,0.0791,0.2677
8709,8.709,-0,0.0013,0.0004,-0.001,0.1017,0.2153
8710,8.71,0.0003,0.0001,-0.0017,0.0026,0.1221,0.1675
8711,8.711,-0.0007,0.0013,-0.0034,0.0022,0.1037,0.5607
8712,8.712,0.0025,-0.0012,-0.0029,0.0034,0.3561,0.8244
8713,8.713,-0.0014,0.0005,-0.0034,0.0015,0.3198,0.3911
8714,8.714,-0.004,-0.0025,-0.0095,0.0025,0.0896,-0.133
8715,8.715,0.0003,-0.0007,-0.0087,0.0021,-0.1194,-0.204
8716,8.716,-0.0038,0.0004,-0.0125,0.0039,-0.1468,-0.2687
8717,8.717,-0.0013,0.0007,-0.0047,0.0051,-0.1226,-0.3273
8718,8.718,-0.0038,0.0005,-0.001,-0.0065,-0.0802,-0.323
8719,8.719,-0.0096,0.0012,0.0015,-0.0075,-0.2469,-0.891
8720,8.72,-0.0027,0.0044,0.0008,-0.0045,-0.4038,-0.504
8721,8.721,0,-0.0017,0.0027,-0.0019,-0.1799,-0.0111
8722,8.722,-0.0008,-0.0025,0.0022,-0.0028,0.0291,0.1818
8723,8.723,-0.0015,-0.0019,-0.0019,-0.0006,0.1108,0.1246
8724,8.724,0.0005,0.003,0.0058,-0.0014,0.1357,0.2837
8725,8.725,0.001,0.0025,-0.002,0.0003,0.1137,0.3323
8726,8.726,0.0015,0.0008,0.0032,-0.0038,0.0936,0.2017
8727,8.727,-0,-0.0017,-0.0033,0.0019,0.1863,0.7974
8728,8.728,0.0042,-0.0021,-0.0093,-0.0034,0.4051,0.7125
8729,8.729,0.0037,-0.0001,-0.0086,0.0043,0.256,0.1703
8730,8.73,0.0001,-0.0036,-0.0023,0.0053,0.0117,-0.1822
8731,8.731,0.0023,0.0033,-0.0031,-0.0051,-0.0872,-0.247
8732,8.732,-0.0006,0.0002,-0.0084,-0.0147,-0.1174,-0.3058
8733,8.733,-0.0025,-0.0006,-0.0092,-0.016,-0.1447,-0.2537
8734,8.734,0.0007,-0.0015,-0.0023,-0.0035,-0.1204,-0.2061
8735,8.735,0.0046,-0.01,0.0004,-0.0019,-0.0982,-0.5995
8736,8.736,-0.0022,-0.011,-0.0005,-0.0004,-0.322,-0.8636
8737,8.737,0.0005,-0.012,0.0079,0.0009,-0.3518,-0.3348
8738,8.738,0.003,-0.0036,0.0023,0.0046,-0.1075,0.1583
8739,8.739,0.0023,-0.0004,0.0053,0.0035,0.0571,0.2232
8740,8.74,0.0003,0.0048,0.0061,-0.0038,0.0873,0.2821
8741,8.741,0.0008,0.0021,0.0052,-0.0084,0.1148,0.2301
8742,8.742,0.0049,0.0029,0.0089,0.0027,0.1397,0.1827
8743,8.743,0.0023,0.0036,0.0053,0.0073,0.0728,0.4015
8744,8.744,0.0026,0.0042,0.0047,-0.0053,0.2562,0.8384
8745,8.745,-0.0038,0.0025,0.0006,-0.0003,0.3795,0.548
8746,8.746,-0.003,0.002,0.0031,-0.0049,0.1777,0.0717
8747,8.747,-0.0021,0.0035,0.0043,-0.009,-0.0665,-0.2489
8748,8.748,-0.0014,0.0013,-0.0005,-0.0028,-0.0998,-0.1916
8749,8.749,-0.0008,0.0033,0.0052,0.0075,-0.1298,-0.245
8750,8.75,0.0009,0.0029,0.0045,0.0061,-0.103,-0.2934
8751,8.751,-0.002,0.0053,0.0025,0.0049,-0.0786,-0.25
8752,8.752,-0.0025,0.0002,0.0041,0.0081,-0.1458,-0.7662
8753,8.753,0.0006,-0.0018,0.0001,0.0028,-0.4104,-0.6959
8754,8.754,-0.0015,0.0012,-0.0025,-0.0018,-0.23,-0.2476
8755,8.755,-0.0005,-0.0017,0.0017,0.0041,0.0001,0.1603
8756,8.756,0.0005,-0.0053,0.0034,0.0063,0.0899,0.2143
8757,8.757,0.0009,0.0017,0.0029,0.0069,0.1174,0.2631
8758,8.758,0.0016,-0.0014,0.0007,0.01,0.1423,0.3076
8759,8.759,0.0054,-0.0006,0.0054,0.0071,0.1202,0.1893
8760,8.76,-0.001,-0.0014,0.0012,0.0045,0.1001,0.5866
8761,8.761,-0.0001,0.0038,-0.0041,0.0057,0.341,0.851
8762,8.762,0.0036,0.0018,0.0009,0.0037,0.3082,0.4185
8763,8.763,-0.0028,0.0023,0.0004,0.0011,0.0994,-0.1053
8764,8.764,0.0031,0.0028,-0.0001,0.0022,-0.0906,-0.1764
8765,8.765,0.0009,0.0012,0.0014,-0.0002,-0.0664,-0.241
8766,8.766,0.0029,0.0015,0.0011,-0,-0.1338,-0.2995
8767,8.767,-0.0028,0.0036,-0.0045,-0.0017,-0.1137,-0.247
8768,8.768,0.0025,-0.0015,-0.0067,-0.0019,-0.0954,-0.3912
8769,8.769,0.0005,-0.0008,0.0012,0.0013,-0.2468,-0.8717
8770,8.77,-0.0026,-0.0014,0.0002,0.0016,-0.3892,-0.5521
8771,8.771,0.0003,0.0051,-0.0006,-0.0004,-0.1854,-0.0276
8772,8.772,-0.0001,-0.0027,0.002,-0.0013,0.0592,0.185
8773,8.773,0.0002,0.0003,-0.0002,-0.0009,0.0927,0.25
8774,8.774,0.0031,-0.0043,0.0005,-0.0046,0.123,0.3086
8775,8.775,0.0042,-0,-0.0063,-0.0023,0.0962,0.2565
8776,8.776,-0.001,0.0069,-0.0036,-0.0019,0.0719,0.2089
8777,8.777,-0.0047,0.0042,-0.0044,0.0007,0.1839,0.7768
8778,8.778,-0.0011,-0.0053,-0.0037,0.0004,0.4079,0.6999
8779,8.779,0.0006,-0.0041,-0.0029,0.0021,0.259,0.2071
8780,8.78,0.0011,0.0037,0.0029,-0.002,0.0145,-0.1142
8781,8.781,-0.0004,-0.0036,-0.0023,-0.0015,-0.0847,-0.1735
8782,8.782,0.0018,-0.0027,0.0027,0.0027,-0.115,-0.227
8783,8.783,-0.001,0.0015,0.0022,0.0053,-0.1424,-0.2755
8784,8.784,-0.0029,-0.0007,0.0018,0.0056,-0.1181,-0.2322
8785,8.785,-0.0032,-0.0014,0.0044,-0.0007,-0.0959,-0.5894
8786,8.786,-0.0008,0.0017,0.0033,0.0002,-0.3605,-0.8297
8787,8.787,-0.0015,-0.0035,-0.0006,-0.0057,-0.3247,-0.3488
8788,8.788,-0.0021,-0.0029,0,-0.0034,-0.0947,0.1006
8789,8.789,0.0001,-0.0024,0.0004,-0.0054,0.055,0.1602
8790,8.79,-0.0012,-0.004,-0.0015,-0.007,0.0826,0.2138
8791,8.791,-0.0019,-0.0005,0.001,-0.0041,0.1074,0.2625
8792,8.792,0.0018,-0.0016,-0.0028,-0.0005,0.1299,0.2191
8793,8.793,-0.0017,-0.0013,0.0008,0.0038,0.0692,0.3382
8794,8.794,-0.0014,0.0023,-0.0003,-0.0002,0.2728,0.8797
8795,8.795,-0.0002,0.0035,0.0045,0.0004,0.3542,0.493
8796,8.796,0.0024,0.0038,0.0003,0.0055,0.1816,-0.0005
8797,8.797,0.0007,-0.0019,-0.0002,0.002,-0.0207,-0.1938
8798,8.798,-0.001,-0.0011,-0.0027,0.005,-0.1027,-0.2529
8799,8.799,0.002,-0.0018,0.0004,0.0046,-0.1277,-0.3064
8800,8.8,0.0024,-0.0038,-0.0025,0.0051,-0.1057,-0.2589
8801,8.801,0.0005,0.002,-0.0021,0.0029,-0.0857,-0.2156
8802,8.802,0.0002,0.0042,-0.0031,-0.0035,-0.1413,-0.7318
8803,8.803,0.0019,0.0021,0.0006,-0.008,-0.3939,-0.8025
8804,8.804,0.0016,0.0008,-0.0004,-0.009,-0.2513,-0.2081
8805,8.805,0.0017,-0.0009,0.0027,-0.0031,0.0016,0.2409
8806,8.806,0.0024,-0.0004,-0.0002,-0.0009,0.1007,0.1841
8807,8.807,0.0017,-0.004,0.0001,-0.0015,0.1309,0.2374
8808,8.808,0.0004,0.0011,0.0018,-0.0058,0.104,0.2858
8809,8.809,-0.0026,-0.001,-0.0019,-0.0017,0.1287,0.155
8810,8.81,-0.0015,0.0007,-0.0061,-0.0032,0.1064,0.5916
8811,8.811,0.0043,0.0059,-0.0021,0.0029,0.3301,0.8822
8812,8.812,0.0017,0.0024,0.0047,0.002,0.3004,0.4063
8813,8.813,-0.002,0.0018,-0.0018,0.0013,0.056,-0.0431
8814,8.814,0,0.0013,-0.0043,0.0019,-0.109,-0.219
8815,8.815,-0.0042,-0.0012,0.0026,0.0088,-0.1394,-0.2728
8816,8.816,-0.0047,0.0057,-0.0001,0.0061,-0.1128,-0.3216
8817,8.817,-0.0083,-0.0038,-0.001,0.0035,-0.0887,-0.1913
8818,8.818,-0.0079,-0.005,-0.0017,0.0028,-0.0666,-0.3106
8819,8.819,-0.0076,0.0006,0.0004,-0.0079,-0.25,-0.8521
8820,8.82,-0.0019,0.0016,0.0008,-0.0218,-0.3734,-0.6203
8821,8.821,0.0023,-0.003,-0.0009,-0.0311,-0.1718,0.0139
8822,8.822,-0.0029,0.0029,-0.0024,-0.0227,0.0184,0.2706
8823,8.823,-0.0009,-0.0008,-0.0002,-0.0028,0.0927,0.1941
8824,8.824,-0.0026,-0.0001,-0.0023,-0.0001,0.1153,0.2647
8825,8.825,0.0015,0.0015,-0.002,0.0022,0.1358,0.3291
8826,8.826,0.001,-0.0013,-0.0059,0,0.1174,0.2712
8827,8.827,0.0052,0.0022,-0.0044,0.0061,0.1341,0.7465
8828,8.828,0.0023,-0.0029,-0.0032,0.0005,0.3637,0.6828
8829,8.829,-0.0012,-0.0122,-0.0012,0.0021,0.2653,0.2751
8830,8.83,0.0048,-0.0085,-0.0031,0.0006,0.056,-0.2022
8831,8.831,0.0023,-0.0029,0.0008,0.0019,-0.0803,-0.2676
8832,8.832,0.0001,-0.0019,0.0022,0.0081,-0.1053,-0.2105
8833,8.833,0.0021,0.0008,-0.0028,0.0091,-0.128,-0.3696
8834,8.834,0.0038,0.0017,0.002,0.008,-0.108,-0.3222
8835,8.835,0.0043,0.001,0.0003,0.0053,-0.0897,-0.6282
8836,8.836,0.0028,0.003,0.002,0.0027,-0.3421,-0.9065
8837,8.837,-0.0002,0.0036,-0.0016,0.002,-0.3063,-0.3653
8838,8.838,0.0053,0.0007,-0.0013,0.0013,-0.0762,0.1777
8839,8.839,0.0047,0.0022,0.0051,-0.003,0.0735,0.2493
8840,8.84,0.0026,0.001,0.0024,0.0058,0.1011,0.3138
8841,8.841,-0.0016,0.0007,0.0015,-0.0005,0.126,0.2562
8842,8.842,0.0001,0.0004,0.0022,0.0005,0.1039,0.2037
8843,8.843,-0.0035,0.0027,-0.0014,-0.0025,0.0837,0.3478
8844,8.844,0.0008,-0.0003,0.0055,0.0059,0.2504,0.9157
8845,8.845,-0.0045,0.0016,0.0063,0.0091,0.3626,0.5289
8846,8.846,-0.0009,0.0012,0.0038,0.0081,0.1792,0.0354
8847,8.847,-0.0004,0.0029,-0.0032,0.0054,-0.0432,-0.158
8848,8.848,-0.0009,0.006,0.0032,0.0028,-0.0736,-0.2173
8849,8.849,-0.0025,-0.0004,0.0007,0.0006,-0.101,-0.2709
8850,8.85,0.0036,-0.0013,0.0028,-0.0001,-0.1258,-0.3195
8851,8.851,0.0011,-0.0004,-0.0007,-0.0018,-0.1036,-0.1889
8852,8.852,-0.0011,0.0033,0.0009,0.0022,-0.1646,-0.7845
8853,8.853,-0.0031,-0.0003,-0.0008,-0.0003,-0.4054,-0.6999
8854,8.854,0.0038,-0.0019,0.0018,0.0009,-0.2414,-0.1575
8855,8.855,-0.0008,0.0021,0.0029,0.0012,-0.0322,0.1956
8856,8.856,-0.0016,0.0037,0.0017,0.0002,0.104,0.2608
8857,8.857,0.0006,0.0025,-0.0018,0.0019,0.08,0.3194
8858,8.858,-0.0001,0.0022,0.0032,0.0015,0.1027,0.267
8859,8.859,0.0016,0.0018,0.0012,-0.0015,0.1233,0.2192
8860,8.86,0.0011,0.0015,-0.0005,0.0005,0.105,0.5249
8861,8.861,0.0006,0.0018,-0.0034,0.0009,0.3575,0.8825
8862,8.862,-0.0006,-0.0024,-0.0009,0.0048,0.3217,0.3537
8863,8.863,-0.0009,-0.0019,0.0013,-0.0009,0.0916,-0.14
8864,8.864,0.0026,-0.0024,0.0025,-0.0031,-0.0581,-0.2055
8865,8.865,0.0004,0.0012,-0.0017,0.0005,-0.0857,-0.2644
8866,8.866,-0.0016,-0.003,-0.0034,-0.0026,-0.1105,-0.318
8867,8.867,0.002,-0.0047,-0.0019,-0.0066,-0.1329,-0.2705
8868,8.868,0.0016,-0.0022,0.0003,-0.0091,-0.0721,-0.4016
8869,8.869,-0.0012,-0.001,-0,-0.0022,-0.2386,-0.9179
8870,8.87,-0.0022,0.0002,0.001,0.0031,-0.3955,-0.5667
8871,8.871,-0.0032,0.0013,0.0042,-0.0034,-0.1715,0.01
8872,8.872,-0.0022,0.001,0.0014,-0.0042,0.0379,0.2437
8873,8.873,-0.0028,-0.0041,-0.0005,-0.0035,0.1199,0.1746
8874,8.874,-0.0057,-0.002,-0.0029,-0.0055,0.0959,0.239
8875,8.875,-0.0015,-0.0003,-0.0032,-0.0059,0.1186,0.2975
8876,8.876,0.0003,-0.0056,-0.0001,0.0017,0.0986,0.245
8877,8.877,-0.0002,-0.0049,-0.004,0.0048,0.1544,0.7735
8878,8.878,0.0001,-0.0006,-0.0004,0.004,0.407,0.7035
8879,8.879,0.0005,-0.0011,-0.0001,0.0015,0.2269,0.255
8880,8.88,-0.002,0.0024,0.0003,-0.0021,-0.0032,-0.1533
8881,8.881,-0.0017,-0.0045,-0.0039,0.0014,-0.0931,-0.2076
8882,8.882,0.0007,-0.0015,0.0014,0.0057,-0.1206,-0.2564
8883,8.883,-0,-0.0023,0.0035,0.0029,-0.1452,-0.3008
8884,8.884,-0.0017,-0.0014,-0.0007,0.0014,-0.1231,-0.1824
8885,8.885,0.001,0.0023,0.0022,-0.0055,-0.1028,-0.5795
8886,8.886,0.0034,-0.0012,0.0007,-0.0085,-0.3435,-0.844
8887,8.887,0.0031,0.0005,-0.0023,-0.0057,-0.3108,-0.4114
8888,8.888,0.0044,0.001,-0.002,0.0003,-0.1017,0.1132
8889,8.889,0.0016,0.0015,0.0006,0.001,0.0887,0.1849
8890,8.89,0.0012,0.0045,-0.0026,-0.001,0.1139,0.2499
8891,8.891,0.0036,0.0033,0.0013,0.0021,0.1366,0.3086
8892,8.892,-0.0008,0.0043,0.0009,0.0004,0.1166,0.2563
8893,8.893,-0.0037,-0.0009,0.0005,0.001,0.0983,0.3044
8894,8.894,0.0021,0.0013,-0.0023,0.0071,0.2499,0.8725
8895,8.895,0.0042,0.002,-0.0048,0.0012,0.3923,0.4858
8896,8.896,-0.0007,0.0025,0.0004,0.0049,0.1886,0.1329
8897,8.897,0.0063,0.0053,0.0011,0.0001,-0.056,-0.1884
8898,8.898,0.0017,-0.0004,0.0032,-0.0004,-0.0895,-0.2476
8899,8.899,-0.0009,0.0033,0.0001,0.0024,-0.1197,-0.301
8900,8.9,-0.0015,0.0012,0.0018,0.0019,-0.0929,-0.2535
8901,8.901,-0.0036,-0.003,0.0014,0.0008,-0.1176,-0.2101
8902,8.902,0.0006,-0.0002,0.0017,0.0019,-0.14,-0.8057
8903,8.903,-0.0022,-0.0017,-0.0003,0.0023,-0.4047,-0.721
8904,8.904,0.0013,-0.0029,0.0032,0.0013,-0.2245,-0.1786
8905,8.905,0.0016,0.0001,-0.0014,0.0033,-0.0269,0.1758
8906,8.906,0.0047,-0.0019,0.0047,-0.0018,0.0722,0.2473
8907,8.907,-0.0001,0.0016,-0.0012,-0.0082,0.1025,0.3119
8908,8.908,-0.0006,0.0004,0.001,-0.0023,0.1298,0.2546
8909,8.909,-0.0023,-0.0008,0.0003,-0.003,0.1054,0.2022
8910,8.91,-0.0018,0.0017,0.0045,0.0019,0.0832,0.5386
8911,8.911,-0.0022,0.002,0.0028,-0.0023,0.3477,0.8446
8912,8.912,-0.001,-0.0031,0.0013,0.0017,0.3118,0.4078
8913,8.913,-0.0029,-0.0025,-0.0018,0.0032,0.0817,-0.1167
8914,8.914,-0.0032,-0.003,0.0003,0.0001,-0.0681,-0.1884
8915,8.915,-0.0083,-0.0025,-0.0055,0.004,-0.0958,-0.2533
8916,8.916,-0.0048,-0.0041,0.0004,0.0055,-0.1208,-0.3118
8917,8.917,-0.0053,-0.0029,0.0026,-0.0015,-0.1435,-0.2593
8918,8.918,-0.0025,-0.005,0.0006,-0.0005,-0.0828,-0.3075
8919,8.919,-0.0009,-0.0107,-0.0025,-0.0014,-0.2496,-0.8756
8920,8.92,-0.0013,-0.0099,-0.0054,-0.0056,-0.4066,-0.6437
8921,8.921,0.0016,0.0001,0.0024,-0.0004,-0.1828,-0.0092
8922,8.922,0.0026,0.0014,-0.0008,0.0003,0.0263,0.248
8923,8.923,0.0015,0.0002,-0.0039,-0.0055,0.1081,0.1721
8924,8.924,0.0005,0.0034,-0.0047,-0.0033,0.0839,0.243
8925,8.925,-0.0009,0.0044,-0.0039,-0.0013,0.0618,0.3077
8926,8.926,0.003,0.0036,-0.0002,0.0003,0.0822,0.2503
8927,8.927,-0.0011,0.0044,0.0018,0.002,0.1376,0.7261
8928,8.928,0.0015,0.0022,-0.0051,-0.0016,0.39,0.7907
8929,8.929,0.0045,0.0042,-0.0079,-0.0012,0.2819,0.2671
8930,8.93,0.0057,0.0012,-0.0104,0.0027,0.0515,-0.2264
8931,8.931,0.0053,0.0053,-0.0067,0.0011,-0.0983,-0.1636
8932,8.932,0.0001,0.0005,-0.0032,-0.0058,-0.0718,-0.2222
8933,8.933,0.0023,0.0022,-0.0002,-0.0131,-0.0967,-0.2755
8934,8.934,-0.0013,-0.0019,0.0003,-0.0177,-0.1193,-0.2277
8935,8.935,-0.0018,0.0007,0.0029,-0.0135,-0.0992,-0.5333
8936,8.936,-0.0035,0.0058,0.0025,-0.0036,-0.34,-0.8907
8937,8.937,-0.001,0.0009,0.0022,0.0004,-0.3074,-0.3619
8938,8.938,-0.0022,-0.0022,0.0011,0.0066,-0.0985,-0.0086
8939,8.939,-0.001,0.0007,0.0021,0.0034,0.0918,0.185
8940,8.94,0.0015,0.0012,0.0011,0.0024,0.117,0.2441
8941,8.941,0.0012,0,0.0036,-0.0022,0.095,0.2978
8942,8.942,-0.0019,0.0029,0.0026,0.002,0.1156,0.2505
8943,8.943,0.0006,-0.0028,0.0009,0.0041,0.0972,0.3819
8944,8.944,0.0023,-0.0003,0.0034,0.0062,0.2487,0.8984
8945,8.945,-0.0001,0.0004,0.0001,0.0056,0.3911,0.5473
8946,8.946,0.0018,0.004,0.0004,0.0073,0.1873,0.0987
8947,8.947,0.0006,0.0009,0.0055,0.0026,-0.0031,-0.1929
8948,8.948,0.0023,0.0004,-0.0023,0.002,-0.0775,-0.2466
8949,8.949,0.0033,-0.0053,0.0007,0.0072,-0.1003,-0.2951
8950,8.95,0.0002,-0.0016,0.0053,0.0065,-0.1208,-0.2518
8951,8.951,0.0014,0.0033,0.0078,0.0035,-0.1025,-0.2123
8952,8.952,0.0024,-0.0009,0.0041,0.0018,-0.1531,-0.7532
8953,8.953,-0.0015,0.0032,0.0061,0.0012,-0.3827,-0.8308
8954,8.954,0.001,0.0007,0.003,0.0015,-0.2844,-0.1969
8955,8.955,0.0013,0.0076,-0.0011,0.0019,-0.0153,0.2305
8956,8.956,-0.0015,0.0046,0.0004,-0.0007,0.0936,0.1546
8957,8.957,0.0003,-0,0.0001,-0.0004,0.127,0.2256
8958,8.958,0.002,-0.0025,0.0004,0.0006,0.0975,0.2903
8959,8.959,-0.0004,0.0012,-0.0022,0.0008,0.1249,0.2326
8960,8.96,-0.0017,0.0019,0.0001,0.0036,0.1005,0.4969
8961,8.961,-0.0016,-0.0023,-0.0029,0.0001,0.347,0.8337
8962,8.962,0.0011,-0.0006,-0.0004,-0.003,0.3144,0.4404
8963,8.963,-0.0041,-0.0001,-0.0043,-0.001,0.1056,-0.0366
8964,8.964,-0.0004,-0.0032,-0.0059,0.0048,-0.0847,-0.2299
8965,8.965,0.0003,-0.002,-0.0028,0.0039,-0.0607,-0.2887
8966,8.966,0.002,-0.0045,0,0.0076,-0.1281,-0.2365
8967,8.967,-0.0021,0.0001,-0.0019,0.0012,-0.1079,-0.1888
8968,8.968,-0.0006,-0.003,-0.0002,-0.0013,-0.1263,-0.3198
8969,8.969,-0.0028,-0.0035,0.0008,-0.0036,-0.2439,-0.9155
8970,8.97,0.0001,-0.006,-0.0017,-0.0015,-0.3816,-0.6604
8971,8.971,0.0043,-0.0009,0.0021,-0.0073,-0.1777,-0.1176
8972,8.972,0.0027,-0.0044,0.0006,-0.0051,0.0128,0.2357
8973,8.973,-0.0041,-0.0002,0.0009,-0.0031,0.0873,0.173
8974,8.974,0.0024,-0.0019,-0.0011,0.0012,0.1103,0.2317
8975,8.975,-0.0035,0.0007,-0.0037,-0.0029,0.131,0.285
8976,8.976,-0.0042,-0.0015,-0.0047,-0.0043,0.1128,0.2373
8977,8.977,-0.0035,-0.0018,0.0004,-0.0031,0.1635,0.7178
8978,8.978,-0.0018,-0.0037,-0.0003,-0.007,0.3933,0.7822
8979,8.979,-0.0035,-0.0004,-0.0008,-0.0034,0.2295,0.2585
8980,8.98,-0.0009,0.0025,-0.0003,0.0017,0.0206,-0.0947
8981,8.981,-0.0012,0.0006,0.0023,0.0025,-0.1154,-0.1601
8982,8.982,0.0044,0.0003,-0.0028,0.0067,-0.0912,-0.2188
8983,8.983,-0.0009,-0.0014,-0.0007,0.0027,-0.1136,-0.2721
8984,8.984,0.0012,0.0017,-0.0024,0.0052,-0.134,-0.2244
8985,8.985,-0.0019,0.0005,0.0005,0.0022,-0.0785,-0.5303
8986,8.986,0.0034,0.0031,-0.002,0.0019,-0.3308,-0.888
8987,8.987,0.0054,0.0027,0.0023,-0.0007,-0.3669,-0.4554
8988,8.988,0.0024,0.0004,0.0006,-0.003,-0.1367,0.0694
8989,8.989,-0.0005,0.0022,0.0032,-0.0013,0.0728,0.1411
8990,8.99,0.001,0.0006,0.0028,-0.0006,0.1007,0.2059
8991,8.991,-0.0001,0.0007,0.0025,-0.003,0.1257,0.2646
8992,8.992,-0.0013,0.0003,0.0007,0.0008,0.1484,0.2123
8993,8.993,-0.0003,-0.0028,0.0017,-0.0022,0.0878,0.3566
8994,8.994,0.005,-0.0015,0.0028,-0.0051,0.2546,0.8373
8995,8.995,-0.002,0.0042,-0.0009,-0.0032,0.4117,0.5179
8996,8.996,0.0008,0.0017,-0.0004,0.0021,0.188,0.11
8997,8.997,-0.0001,-0.0005,-0.0026,0.0043,-0.0212,-0.1557
8998,8.998,0.0021,0.0002,0.0038,-0.0006,-0.1029,-0.2049
8999,8.999,0.0028,-0.0014,-0.0026,0.0025,-0.1278,-0.2493
9000,9,-0.0002,0.0014,-0.0017,0.0008,-0.1056,-0.2894
9001,9.001,0.0015,-0.0001,0.0005,0.0003,-0.0854,-0.1816
9002,9.002,-0.0043,-0.0012,0.0054,0.0006,-0.141,-0.674
9003,9.003,-0.0006,0.0052,0.0037,0.0035,-0.3933,-0.7446
9004,9.004,-0.0013,-0.0012,-0.0015,-0.0016,-0.2853,-0.1685
9005,9.005,-0.0018,0.0047,0.0005,0.0033,-0.0549,0.2201
9006,9.006,0.0026,0.0032,0.0027,0.0033,0.0934,0.2245
9007,9.007,0.0031,0.0025,0.0058,-0.005,0.1237,0.2953
9008,9.008,-0.0004,-0.001,0.0017,-0.004,0.1511,0.2319
9009,9.009,0.0018,0.0006,-0.0008,0.0013,0.1269,0.1741
9010,9.01,0.0021,0.0035,0.0022,-0.0015,0.1047,0.5439
9011,9.011,-0.0004,-0,-0.0017,0.0028,0.3286,0.8805
9012,9.012,0.0006,-0.0012,-0.0042,0.0006,0.3586,0.3998
9013,9.013,-0.0004,0.0008,0.0027,0.0026,0.1144,-0.0493
9014,9.014,-0.0003,0.0027,0.0017,0.0031,-0.116,-0.225
9015,9.015,0.0021,-0.0026,0.0062,0.0048,-0.1464,-0.2789
9016,9.016,0.0018,-0.0004,-0.0015,0.0012,-0.1737,-0.3277
9017,9.017,0.0004,0.0016,-0.0026,0.0024,-0.1495,-0.1973
9018,9.018,-0.0008,-0,-0.0053,0.0012,-0.0825,-0.3165
9019,9.019,-0.0045,-0.0006,-0.0044,-0.0031,-0.2249,-0.858
9020,9.02,-0.0061,0.002,-0.0038,-0.0048,-0.3917,-0.6263
9021,9.021,-0.0091,-0.0023,-0.0044,-0.0013,-0.1451,-0.1332
9022,9.022,-0.0044,0.003,0.0013,-0.0035,0.0197,0.1879
9023,9.023,-0.0061,-0.0006,0.0006,-0.0099,0.1096,0.2469
9024,9.024,-0.0032,-0.0001,-0.0014,-0.0184,0.1371,0.3002
9025,9.025,0.0003,-0.0017,-0.0045,-0.0216,0.1129,0.2524
9026,9.026,-0,-0.0043,-0.0004,-0.008,0.0907,0.209
9027,9.027,-0.0012,-0.0012,0.0011,-0.0024,0.1517,0.7251
9028,9.028,0.0045,-0.006,-0.0059,-0.0007,0.4295,0.7956
9029,9.029,-0.0014,-0.0029,-0.0089,0.0038,0.2312,0.2192
9030,9.03,0.0007,-0.0058,-0.0098,0.0079,0.0502,-0.1693
9031,9.031,-0.0013,-0.0011,-0.0039,0.0041,-0.1146,-0.2409
9032,9.032,-0.0018,-0.0027,-0.0046,0.0073,-0.0855,-0.3057
9033,9.033,0.0034,-0.001,-0.0025,0.0063,-0.1129,-0.2484
9034,9.034,0.0014,-0.0016,0.0017,0.009,-0.1376,-0.1961
9035,9.035,-0.0003,-0.0027,-0,0.0081,-0.0706,-0.5328
9036,9.036,0.0002,0.002,0.0067,0.0074,-0.3353,-1.0137
9037,9.037,0.0037,-0.0011,-0.0017,0.0081,-0.3715,-0.4383
9038,9.038,-0.0005,-0.0028,0.006,0.0063,-0.1415,0.1048
9039,9.039,-0,0.002,0.0008,0.0058,0.0677,0.1764
9040,9.04,0.0015,-0.005,0.0016,0.0022,0.0953,0.2409
9041,9.041,0.0011,-0.0095,-0.0009,0.001,0.1201,0.2994
9042,9.042,0.005,-0.0104,-0.0002,-0.0054,0.1426,0.2469
9043,9.043,0.0025,-0.0035,0.0004,-0.0081,0.0818,0.2951
9044,9.044,-0.0006,0.0011,0.0009,-0.009,0.2484,0.863
9045,9.045,0.0006,0.0036,0.0026,-0.0068,0.4052,0.631
9046,9.046,0.0016,0.0029,0.0011,0.001,0.1812,0.1375
9047,9.047,-0.0008,0.0049,0.0014,-0.0001,-0.0281,-0.184
9048,9.048,-0.0011,0.0032,-0.0006,0.0008,-0.1101,-0.2432
9049,9.049,0.0014,0.0049,-0.0003,0.005,-0.0861,-0.2969
9050,9.05,-0.0018,0.0034,0.0029,0.0043,-0.1089,-0.2495
9051,9.051,0.0011,0.0046,0,0.0036,-0.1295,-0.2062
9052,9.052,0.0029,0.0084,-0.0003,-0.0006,-0.1482,-0.7226
9053,9.053,0.0006,0.0059,0.0042,-0.0023,-0.4008,-0.7934
9054,9.054,0.0029,-0.0011,0.0037,-0.0059,-0.293,-0.2174
9055,9.055,-0.0013,0.0041,0.0009,-0.0029,0.0028,0.171
9056,9.056,-0.0018,0.0033,0.0056,-0.0025,0.1223,0.2423
9057,9.057,-0.0001,0.0007,0.0051,-0.0015,0.0866,0.3068
9058,9.058,-0.0016,0.0029,0.0022,-0.0025,0.1196,0.2491
9059,9.059,-0.0013,-0.0035,0.0007,-0.0008,0.0899,0.1964
9060,9.06,-0.0025,0.0059,0.0019,-0.0022,0.1169,0.5325
9061,9.061,0.0018,0.0022,-0.0001,0.0017,0.3386,0.8384
9062,9.062,0.0001,-0.0011,0.0017,-0.0047,0.3088,0.4014
9063,9.063,-0.0014,-0.0021,0,-0.0005,0.1187,-0.007
9064,9.064,-0.0026,0.0025,-0.001,0.0032,-0.0545,-0.1669
9065,9.065,0.003,-0.0001,0.0033,0.0039,-0.0776,-0.216
9066,9.066,0.0023,-0.0038,0.0038,0.0044,-0.0984,-0.2604
9067,9.067,0.0003,-0.0018,-0.0015,0.0061,-0.1173,-0.2215
9068,9.068,0.002,-0.0001,-0.0035,0.0076,-0.1008,-0.3299
9069,9.069,0.0061,0.0004,-0.0018,0.0025,-0.2387,-0.8225
9070,9.07,0.0025,0.0029,-0.0013,-0.001,-0.4056,-0.6121
9071,9.071,-0.0017,-0.0002,0.0034,-0.0093,-0.204,-0.0356
9072,9.072,0.0012,-0.0022,0.0017,-0.0037,0.0406,0.198
9073,9.073,-0.0013,-0.0025,-0.0011,-0.0027,0.0739,0.2694
9074,9.074,-0.0001,-0.0015,0.0014,-0,0.104,0.2061
9075,9.075,0.0019,0.0001,-0.0047,-0.0009,0.1312,0.2646
9076,9.076,0.0001,-0.0029,0.0013,0.0029,0.1067,0.212
9077,9.077,-0.0045,-0.0017,-0.0009,-0.0007,0.129,0.7406
9078,9.078,0.0025,-0.0036,-0.0002,0.0024,0.3936,0.6708
9079,9.079,-0.0002,0.0017,-0.0033,0.0007,0.2855,0.2225
9080,9.08,0.0007,-0.0053,-0.0037,0.0043,0.0551,-0.1859
9081,9.081,-0.0015,-0.0026,-0.0012,0.0032,-0.0948,-0.24
9082,9.082,0.0021,-0,0,0.0079,-0.1226,-0.2887
9083,9.083,-0.0021,0.0006,0.0004,0.001,-0.1475,-0.2456
9084,9.084,-0.0016,-0.0014,0.0008,0.0019,-0.1255,-0.2062
9085,9.085,-0,0.0016,-0.0044,-0.0023,-0.1054,-0.5311
9086,9.086,-0.0003,-0.0001,-0.0007,0.0015,-0.3463,-0.9245
9087,9.087,-0.0023,-0.0006,-0.0026,-0.0034,-0.3138,-0.4488
9088,9.088,0.0034,-0.0002,-0.0043,-0.0029,-0.105,0.1284
9089,9.089,0.0009,0.0062,-0.0038,-0.0046,0.0853,0.2075
9090,9.09,0.0032,-0.0002,0.001,0.0002,0.1103,0.2787
9091,9.091,-0.0033,0.0007,0.0005,-0.0015,0.1329,0.2155
9092,9.092,-0.0007,0.0014,-0.0011,0.0002,0.1128,0.2741
9093,9.093,-0.0029,-0.0007,-0.0006,-0.0013,0.0944,0.3272
9094,9.094,-0.0008,-0.0076,-0.0048,-0.0074,0.2458,0.8561
9095,9.095,-0.0025,0.0009,-0.0007,0.0004,0.3881,0.6459
9096,9.096,-0.0008,-0.0001,0.0019,0.0015,0.1843,0.0695
9097,9.097,-0.0043,0.0051,0.0016,0.0024,-0.0061,-0.1639
9098,9.098,-0.0001,-0.0013,0.0004,0.0049,-0.0806,-0.235
9099,9.099,-0.003,0.0013,0.0047,-0.002,-0.1035,-0.2995
9100,9.1,-0.0014,0.0006,0.0006,-0.0084,-0.1242,-0.2418
9101,9.101,-0.0018,0.007,0.0022,-0.0041,-0.106,-0.189
9102,9.102,0.0011,0.0011,0.001,-0.0034,-0.1566,-0.7174
9103,9.103,-0.0031,0.0018,-0.0002,0.0044,-0.3864,-0.7878
9104,9.104,-0.0014,-0.0017,0.0002,-0.0008,-0.2881,-0.2114
9105,9.105,0.0021,0.0013,-0.0022,-0.0053,-0.0192,0.1775
9106,9.106,0.0018,0.0018,-0.0039,-0.001,0.0896,0.2492
9107,9.107,0.003,-0.0006,-0.0049,0,0.1008,0.2601
9108,9.108,0.0033,0.003,-0.0042,-0.0006,0.1339,0.3249
9109,9.109,-0.0018,-0.0021,-0.0013,0.003,0.1043,0.1513
9110,9.11,0.0003,-0.0015,0.003,0.0013,0.0773,0.5212
9111,9.111,0.0008,0.0002,0.0058,0.0042,0.3483,0.8581
9112,9.112,0.0024,-0.0039,0.0033,0.0038,0.3124,0.3777
9113,9.113,0.0009,-0.0023,0.0055,0.006,0.0823,-0.0711
9114,9.114,-0.0021,-0.0002,0.0058,0.0057,-0.0674,-0.2466
9115,9.115,0.0017,-0.0005,0.004,0.01,-0.0951,-0.1945
9116,9.116,-0.0008,-0.0031,0.0023,0.0036,-0.1201,-0.2429
9117,9.117,0.0014,-0.0007,0.0006,0.0011,-0.098,-0.1994
9118,9.118,0.0002,-0.0017,0.0024,0.0004,-0.078,-0.3184
9119,9.119,0.0037,0.0008,0.0031,0.0025,-0.2447,-0.8596
9120,9.12,-0.0014,-0.0038,0.0019,0.0008,-0.4017,-0.6275
9121,9.121,-0.0007,0.0004,-0.0002,-0.0021,-0.1779,-0.1339
9122,9.122,0.0023,-0.0037,0,0.0005,0.0313,0.1877
9123,9.123,0.0006,0.0031,0.0007,-0.0056,0.1131,0.2471
9124,9.124,0.0011,-0.0015,0.0039,-0.0047,0.089,0.3008
9125,9.125,-0.0001,-0.0007,-0.0004,-0.004,0.1116,0.2533
9126,9.126,-0.0057,-0.0029,-0.0033,-0.002,0.0915,0.2102
9127,9.127,0.0012,-0.0009,-0.0028,-0.0025,0.147,0.7265
9128,9.128,-0.0016,0.0008,-0.0031,0.0004,0.3994,0.7974
9129,9.129,-0.0007,0.0036,-0.0043,-0.0001,0.2914,0.2214
9130,9.13,0.0015,0.0031,-0.0085,0.0011,0.0612,-0.1669
9131,9.131,-0.0035,0.0034,-0.0081,-0.0018,-0.0886,-0.2384
9132,9.132,-0.0052,0.0005,-0.0055,0.0025,-0.1163,-0.3029
9133,9.133,-0.0023,0.0024,-0.0078,-0.0028,-0.1412,-0.2453
9134,9.134,-0.0049,0.0041,-0.0013,-0.0007,-0.1192,-0.1926
9135,9.135,-0.0046,0.0003,-0.0005,0.0023,-0.0991,-0.5288
9136,9.136,-0.0026,0.0033,-0.0031,0.0006,-0.3398,-0.9221
9137,9.137,-0.0022,-0.0031,0.0006,-0.003,-0.3729,-0.4463
9138,9.138,-0.0033,-0.0172,-0.0014,0.0001,-0.1041,0.1309
9139,9.139,0.0018,-0.007,-0.0019,-0.002,0.0769,0.2099
9140,9.14,0.0038,-0.0052,-0.0014,-0.0039,0.1104,0.2811
9141,9.141,0.0021,-0.0035,0.0001,-0.0029,0.1404,0.3458
9142,9.142,0.0016,0.0041,-0.0003,-0.0012,0.1136,0.172
9143,9.143,0.002,0.0054,0.0026,-0.0014,0.0892,0.2252
9144,9.144,0.0032,0.0042,0.0015,-0.0031,0.246,0.8501
9145,9.145,0.0061,-0.0014,-0.0002,-0.0004,0.3884,0.5952
9146,9.146,0.0018,-0.0004,-0.0005,0.0035,0.1846,0.0524
9147,9.147,-0.0011,0.0023,0.0037,0.0009,-0.0058,-0.1599
9148,9.148,-0.0006,-0.0002,0.0067,-0.0013,-0.0802,-0.225
9149,9.149,-0.0018,0.002,0.0014,-0.0042,-0.103,-0.2837
9150,9.15,0.0011,0.004,0.005,-0.01,-0.1235,-0.2314
9151,9.151,0.0046,0.001,0.0019,-0.0092,-0.1054,-0.1836
9152,9.152,-0.0004,0.0026,-0.001,-0.0008,-0.1559,-0.7516
9153,9.153,0.0031,0.0011,0.0005,0.0002,-0.3856,-0.8293
9154,9.154,0.0014,-0.0001,0.0017,0.0032,-0.2873,-0.1956
9155,9.155,-0.0027,0.0011,-0.0039,-0.0014,-0.0782,0.2316
9156,9.156,0.0009,0.0001,0.0013,-0.0023,0.0581,0.1556
9157,9.157,0.0031,0.0004,0.0006,-0.0045,0.0831,0.2265
9158,9.158,0.001,0.0021,-0.0036,-0.001,0.1058,0.2909
9159,9.159,0.0007,-0.001,-0.0008,0.0007,0.1263,0.2332
9160,9.16,0.0017,-0.0006,0.0017,0.0024,0.108,0.4972
9161,9.161,-0.0007,-0.0042,0.0029,0.0071,0.3268,0.8337
9162,9.162,-0.0037,-0.002,0,0.0054,0.3568,0.4403
9163,9.163,-0.0008,0.0008,0.0019,0.007,0.1126,-0.0367
9164,9.164,0.0002,0.0005,0.0002,0.0023,-0.0522,-0.2302
9165,9.165,-0.0015,-0.0027,0.0005,0.0017,-0.0825,-0.2892
9166,9.166,0.0002,0.0002,0.003,0.0058,-0.1099,-0.2371
9167,9.167,0.0027,0.0037,0.004,0.0022,-0.1346,-0.1896
9168,9.168,0.0066,0.0049,0.0016,0.0033,-0.0675,-0.3209
9169,9.169,-0.0001,-0.0015,0.0046,0.0045,-0.2096,-0.9167
9170,9.17,0.0044,0.0012,-0.0018,-0.0013,-0.4133,-0.6619
9171,9.171,0.0036,0.002,0.0009,-0.0073,-0.1692,-0.1191
9172,9.172,-0.0016,0.0042,-0.0017,-0.0021,-0.0043,0.234
9173,9.173,-0.0023,-0.0007,-0.001,-0.0014,0.0858,0.299
9174,9.174,0.0008,0.0051,-0.0059,-0.0045,0.1134,0.2418
9175,9.175,-0.0033,0.0014,-0.0002,-0.004,0.1383,0.2952
9176,9.176,-0.0027,0.0007,-0.0008,0.0017,0.1163,0.1514
9177,9.177,-0.0039,-0.0062,-0.0057,-0.0005,0.1368,0.7194
9178,9.178,-0.0027,-0.0035,-0.0027,0.003,0.3777,0.7971
9179,9.179,-0.0023,-0.0026,0.0025,-0.0012,0.2795,0.3043
9180,9.18,0.0001,0.0011,0.0005,0.0005,0.0706,-0.1448
9181,9.181,0.0005,-0.0009,0.0048,0.0031,-0.0656,-0.2041
9182,9.182,-0.0037,-0.0014,0.0007,0.0073,-0.0905,-0.2577
9183,9.183,0.0005,0.0074,-0.0008,0.0009,-0.113,-0.3064
9184,9.184,-0.0011,-0.0014,-0.002,0.0001,-0.1334,-0.1758
9185,9.185,0.0004,0.0019,0.0001,0.0023,-0.0779,-0.5332
9186,9.186,0.0016,-0.0012,-0.0017,0.0029,-0.3302,-0.8698
9187,9.187,0.0028,-0.0057,0.0022,0.0034,-0.3662,-0.3892
9188,9.188,-0.0007,-0.0032,0.0028,0.0006,-0.136,0.06
9189,9.189,0.0016,0.0021,-0.0002,0.0011,0.0735,0.2359
9190,9.19,0.0004,-0.0014,0.0027,-0.0001,0.1013,0.2897
9191,9.191,0.0008,0.0028,0.0017,-0.0005,0.1263,0.2424
9192,9.192,-0.0002,-0.0012,-0.0028,0.0006,0.1491,0.1993
9193,9.193,0.0002,-0.0007,0.0014,0.0038,0.0884,0.3184
9194,9.194,-0.0023,-0.0018,0.002,0.0102,0.2182,0.8597
9195,9.195,0.0001,-0.0006,-0.0016,-0.0038,0.4036,0.6279
9196,9.196,-0.0015,-0.0002,0.0007,0.0023,0.1819,0.1348
9197,9.197,0.0011,-0.0054,-0.0022,-0.0033,-0.0272,-0.1864
9198,9.198,0.005,-0.0032,-0.0011,-0.005,-0.109,-0.2455
9199,9.199,0.0035,-0.0011,-0.0021,-0.0004,-0.0847,-0.2988
9200,9.2,0.0005,0.0006,0.0009,0.0036,-0.1072,-0.2512
9201,9.201,0.0017,0.0002,-0,0.0025,-0.1277,-0.2078
9202,9.202,0.0027,-0.0023,0.0023,0.0014,-0.1461,-0.7239
9203,9.203,0.0031,0.0038,0.0027,0.0025,-0.3985,-0.7944
9204,9.204,0.0008,0.0013,0.0008,-0.004,-0.2904,-0.2182
9205,9.205,-0.0006,0.002,-0.0025,-0.0065,-0.06,0.1705
9206,9.206,0.0011,0.0027,0.0044,-0.0043,0.0898,0.2422
9207,9.207,-0.0005,0.0022,0.0034,-0.0022,0.1174,0.3069
9208,9.208,0.0007,0.0049,0.0004,-0.0004,0.1244,0.2768
9209,9.209,0.0008,0.0021,0.0012,-0.0034,0.1002,0.2192
9210,9.21,0.0007,0.0056,0.0004,0.003,0.078,0.4836
9211,9.211,-0.002,-0.0013,-0.0018,0.0039,0.3427,0.8202
9212,9.212,-0.0002,-0.0065,0.0002,-0.0046,0.3069,0.427
9213,9.213,-0.0019,0.0038,-0.0028,-0.0056,0.1425,-0.05
9214,9.214,-0.0002,0.0025,0.0001,-0.0026,-0.0667,-0.2433
9215,9.215,-0.0044,0.0013,0.0016,-0.0053,-0.0944,-0.1863
9216,9.216,-0.0027,0.0003,-0.0006,0.0006,-0.1192,-0.2397
9217,9.217,0.0001,-0.0007,0.0041,0.0043,-0.1866,-0.1921
9218,9.218,0.0016,0.0002,-0.0001,-0.0034,-0.1258,-0.3232
9219,9.219,0.0004,0.0028,-0.0006,0.0018,-0.2554,-0.9189
9220,9.22,-0.0024,0.0006,0.0009,0.0009,-0.3733,-0.664
9221,9.221,-0.0014,-0.003,-0.0034,0.0001,-0.1744,-0.1213
9222,9.222,-0.0067,-0.0025,-0.0039,0.0038,0.016,0.091
9223,9.223,-0.0089,-0.002,-0.0024,0.0031,0.0904,0.1561
9224,9.224,-0.0069,0.0028,-0.0035,0.0014,0.1131,0.2147
9225,9.225,-0.0053,-0.0014,-0.0024,-0.0062,0.1337,0.2678
9226,9.226,-0.0012,0.0026,-0.0014,-0.0032,0.1154,0.22
9227,9.227,0.0013,-0.0042,-0.0053,-0.0136,0.1659,0.7878
9228,9.228,0.0001,-0.0033,-0.0028,-0.0176,0.3955,0.7107
9229,9.229,0.0004,-0.0008,-0.0016,-0.0165,0.2971,0.2178
9230,9.23,0.0022,-0.003,-0.0004,-0.0062,0.028,-0.1037
9231,9.231,0.0032,-0.001,-0.0062,-0.0021,-0.0808,-0.1633
9232,9.232,0.0002,0.0021,-0.0087,0.0041,-0.1142,-0.217
9233,9.233,-0.0009,0.0016,-0.014,0.0051,-0.1443,-0.2659
9234,9.234,0.0036,-0.002,-0.0076,0.0081,-0.1175,-0.2228
9235,9.235,0.0053,-0.0008,0.0002,0.0054,-0.0933,-0.5008
9236,9.236,0,0.0021,0.0012,0.0062,-0.3398,-0.8983
9237,9.237,-0.0064,-0.0037,0.002,0.0099,-0.3729,-0.4228
9238,9.238,-0.0039,0.0005,0.0011,0.005,-0.1042,0.0261
9239,9.239,-0.0076,-0.0002,0.0048,0.0008,0.0768,0.2017
9240,9.24,-0.0012,-0.0009,-0.0016,0.0025,0.1102,0.2552
9241,9.241,-0.0055,-0.0004,0.0043,0.0009,0.1403,0.3038
9242,9.242,-0.0003,-0.0092,0.0049,0.0051,0.1134,0.2603
9243,9.243,0.0004,-0.0104,0.0098,0.0034,0.089,0.2998
9244,9.244,0.002,-0.0094,0.0015,0.0039,0.2458,0.8409
9245,9.245,0.0025,-0.0063,0.0047,0.0009,0.3881,0.6089
9246,9.246,-0.0023,-0.0018,-0.0006,0.0006,0.1843,0.1155
9247,9.247,0.0019,-0.0026,0.0002,0.0016,-0.006,-0.2059
9248,9.248,0.0047,0.0026,0.0045,0.0026,-0.0805,-0.2653
9249,9.249,0.0022,-0.0009,-0.0008,0.0009,-0.1033,-0.2134
9250,9.25,0.0043,0.0033,0.0041,0.0039,-0.1239,-0.2621
9251,9.251,0.0004,0.0038,0.0035,0.0036,-0.1057,-0.2188
9252,9.252,-0.0001,0.0043,0.0052,-0.0007,-0.1563,-0.7351
9253,9.253,0.0041,0.0054,0.0016,0.0022,-0.3859,-0.8058
9254,9.254,-0,0.0034,0.0019,-0.0055,-0.2877,-0.2296
9255,9.255,0.0035,0.0052,-0.001,-0.0065,-0.0188,0.1589
9256,9.256,0.0013,0.0042,-0.002,-0.0013,0.09,0.2304
9257,9.257,0.0033,0.0032,0.0025,0.0014,0.1233,0.2951
9258,9.258,0.0058,0.0034,0.0042,0.0023,0.1534,0.2376
9259,9.259,0.0025,0.001,-0.0011,0.0045,0.1265,0.1852
9260,9.26,0.0005,-0.0007,0.0025,0.0025,0.102,0.5215
9261,9.261,0.003,0.0035,-0.0018,0.0008,0.3485,0.9149
9262,9.262,0.0026,0.0004,0.0011,0.0025,0.3159,0.4393
9263,9.263,0.0002,-0.0013,0.0046,-0.001,0.1069,-0.0098
9264,9.264,0.0021,-0.0028,-0.0023,0.0051,-0.0834,-0.1856
9265,9.265,0.0022,-0.0006,-0.0054,0.0009,-0.1085,-0.2394
9266,9.266,0.0039,-0.0018,-0.0008,-0.0013,-0.1311,-0.2881
9267,9.267,0.0007,0.0032,0.0017,-0.0077,-0.1111,-0.2448
9268,9.268,-0.0015,0.0053,-0.0036,-0.0017,-0.0929,-0.2845
9269,9.269,-0.0003,0.0048,-0,-0.0039,-0.2107,-0.8258
9270,9.27,-0.0022,0.0007,-0.0031,0.0026,-0.4097,-0.5941
9271,9.271,0.0017,0.0012,-0.0014,-0.0069,-0.22,-0.1007
9272,9.272,0.0012,-0.001,-0.0019,-0.0005,0.0026,0.2207
9273,9.273,-0.003,0.0037,0.0032,0.0005,0.0926,0.2799
9274,9.274,-0.0013,-0.0005,-0.0018,-0.0004,0.1202,0.2277
9275,9.275,-0.0028,-0.001,-0.0048,0.0023,0.1452,0.2765
9276,9.276,-0.0006,0.0015,0.0005,0.0049,0.1233,0.2333
9277,9.277,-0.0017,0.0003,-0.0044,0.0012,0.1438,0.7496
9278,9.278,-0.0042,-0.0017,-0.0002,0.0061,0.3847,0.8205
9279,9.279,-0.0032,0.0001,-0.0018,-0.0033,0.2864,0.2445
9280,9.28,-0.0028,-0.0009,-0.0043,-0.0019,0.0175,-0.1439
9281,9.281,-0.0002,-0.0019,0.0018,-0.0007,-0.0912,-0.2152
9282,9.282,-0.0019,-0.002,0.001,0.0004,-0.1244,-0.2795
9283,9.283,0.0019,0.0013,0.0047,0.0014,-0.0948,-0.3377
9284,9.284,-0.0023,-0.0017,0.0054,0.0023,-0.1221,-0.1795
9285,9.285,-0.0018,0.0012,0.0012,-0.0002,-0.0976,-0.5159
9286,9.286,-0.0065,-0.0013,-0.0028,-0.0054,-0.344,-0.9092
9287,9.287,-0.0022,-0.0023,-0.0012,-0.0033,-0.377,-0.4334
9288,9.288,0.0042,0.0008,0.0019,-0.005,-0.1081,0.0158
9289,9.289,0.0017,-0.0002,-0.002,-0.0009,0.073,0.1917
9290,9.29,0.0025,0.0001,0.0016,0.0026,0.1066,0.2456
9291,9.291,0.0045,-0.0022,-0.0005,0.0004,0.1368,0.2945
9292,9.292,0.0041,-0.0024,0.0016,-0.006,0.11,0.2514
9293,9.293,0.0046,-0.0025,0.0019,-0.0087,0.0857,0.2912
9294,9.294,-0.0011,-0.0057,-0.0019,-0.0028,0.2426,0.8326
9295,9.295,0.0027,-0.0009,-0.0004,0.001,0.3851,0.6008
9296,9.296,0.0048,-0.0004,-0.0025,0.0003,0.1814,0.1076
9297,9.297,0.0006,-0.002,0.0039,0.0019,-0.0088,-0.2136
9298,9.298,0.0023,0.0028,-0.0006,0.006,-0.0832,-0.2727
9299,9.299,-0.0012,0.0033,0.0036,0.0012,-0.1058,-0.3261
9300,9.3,-0.0008,0.0017,0.0043,0.0017,-0.1264,-0.2785
9301,9.301,0.0012,0.0022,0.0008,-0.0024,-0.1082,-0.235
9302,9.302,-0.0013,0.0053,0.0039,-0.0039,-0.125,-0.7513
9303,9.303,0.0026,0.0025,0.001,-0.0043,-0.3547,-0.8219
9304,9.304,0.0011,0.0006,0.0015,-0.0015,-0.2563,-0.2457
9305,9.305,-0.0019,-0.0004,0.0012,-0.0012,-0.0472,0.1429
9306,9.306,0.0029,-0.0027,-0.0008,0.0041,0.089,0.2144
9307,9.307,0.0012,-0.002,-0.0005,-0.0012,0.114,0.2791
9308,9.308,-0.0005,-0.0003,-0.0028,-0.0006,0.1367,0.3376
9309,9.309,-0.0028,0.0021,0.0011,-0.0001,0.1196,0.1986
9310,9.31,0.0019,-0.0001,0.0061,0.0015,0.0994,0.4628
9311,9.311,-0.0011,0.0005,-0.0003,0.0032,0.3401,0.8955
9312,9.312,0.0018,0.0034,0.0005,0.0057,0.3074,0.4886
9313,9.313,0.0003,-0.0017,-0.0032,0.0045,0.0984,0.0116
9314,9.314,-0.0019,0.0032,-0.0012,0.0041,-0.092,-0.1818
9315,9.315,-0.0016,-0.001,-0.0017,-0.0017,-0.0681,-0.2409
9316,9.316,0.0003,0.0007,0,-0.006,-0.1356,-0.2945
9317,9.317,-0.0029,-0.0018,-0.0015,-0.0067,-0.1156,-0.2471
9318,9.318,-0.0033,0.0004,0.0007,-0.0103,-0.0974,-0.2911
9319,9.319,-0.0043,-0.0044,0.0018,-0.0108,-0.2152,-0.8869
9320,9.32,-0.0026,-0.0001,-0.0024,-0.0126,-0.4143,-0.632
9321,9.321,0.0004,0.0039,0.0016,-0.0048,-0.2247,-0.0894
9322,9.322,-0.0047,0.0044,-0.0019,-0.0059,-0.0024,0.2635
9323,9.323,-0.0096,-0.0017,-0.0062,0.0014,0.0281,0.2004
9324,9.324,-0.0091,0.0008,-0.0021,0.004,0.0555,0.2589
9325,9.325,-0.0038,0.0015,-0.0037,-0.0002,0.1296,0.3119
9326,9.326,-0.0032,-0.0005,-0.0079,0.005,0.1074,0.1677
9327,9.327,-0.0001,-0.0011,-0.0132,0.0014,0.1683,0.7354
9328,9.328,-0.0006,-0.0006,-0.0083,0.0072,0.4091,0.8129
9329,9.329,0.0029,-0.0021,-0.0066,0.0034,0.245,0.1789
9330,9.33,0.0017,0.0001,-0.0026,0.0098,0.0359,-0.2487
9331,9.331,0.0029,-0.0003,-0.0021,0.0072,-0.1004,-0.3277
9332,9.332,-0.0007,-0.0038,-0.0043,0.0035,-0.0765,-0.2586
9333,9.333,0.0024,-0.0027,-0.0014,0.0014,-0.0993,-0.1955
9334,9.334,0.002,-0.0055,-0.0004,-0.0016,-0.1199,-0.1382
9335,9.335,0.0002,0.0002,0.0028,-0.0033,-0.0646,-0.5081
9336,9.336,-0.0051,-0.0007,0.004,0.0002,-0.3171,-0.845
9337,9.337,-0.0014,-0.0014,0.0004,0.0023,-0.3534,-0.452
9338,9.338,-0.0007,-0.0034,0.0015,0.0027,-0.1235,0.0248
9339,9.339,-0.0024,-0.0029,0.0003,0.0023,0.0857,0.2179
9340,9.34,0.0016,-0.0035,-0.0016,0.0046,0.1134,0.2767
9341,9.341,0.0041,0.0001,0.0037,0.0002,0.1382,0.3299
9342,9.342,0.0029,-0.0069,0.0074,0.0031,0.1161,0.2822
9343,9.343,0.0017,-0.0121,0.0024,0.0005,0.0958,0.3259
9344,9.344,0.0036,-0.0113,-0.0006,0.0009,0.2254,0.842
9345,9.345,0.0019,-0.0002,0.001,0.0047,0.3769,0.6313
9346,9.346,0.0029,-0.0017,0.0078,0.0083,0.1936,0.0546
9347,9.347,0.0015,0.0023,-0.0007,0.0032,-0.0289,-0.1792
9348,9.348,0.0017,0.0011,0.0071,0.0025,-0.0593,-0.2507
9349,9.349,0.0018,0.0043,0.004,0.0008,-0.0868,-0.3154
9350,9.35,0.0041,0.0053,-0.0006,-0.002,-0.1117,-0.2581
9351,9.351,0.0051,0.008,0.0019,-0.0005,-0.0896,-0.2057
9352,9.352,0.0033,0.0072,0.0012,0.0017,-0.1507,-0.7344
9353,9.353,-0.0006,0.0065,0.0019,-0.0039,-0.3914,-0.8051
9354,9.354,-0.0002,0.0071,0.0002,-0.0032,-0.2931,-0.2289
9355,9.355,0.0003,0.0041,0.003,-0.0012,-0.0242,0.1596
9356,9.356,-0.0019,0.0036,0.0035,0.0018,0.0846,0.2311
9357,9.357,0.002,0.0061,0.0047,-0.0022,0.1179,0.2958
9358,9.358,0.0014,0.0018,0.0026,0.0013,0.148,0.2384
9359,9.359,-0.0016,0.0059,0.0007,0.0017,0.1212,0.186
9360,9.36,0.0004,0.0053,0.0031,-0.0031,0.0968,0.5224
9361,9.361,0.0022,0.0031,0.0007,-0.0047,0.3433,0.8284
9362,9.362,0.0005,-0.0034,-0.0011,-0.0076,0.3107,0.3918
9363,9.363,0.0009,0.0012,-0.005,0.0002,0.1018,-0.0164
9364,9.364,-0.0034,-0.0014,-0.001,-0.0008,-0.0886,-0.1761
9365,9.365,-0.0004,-0.0007,-0.0005,0.0022,-0.1137,-0.225
9366,9.366,-0.0009,-0.0028,0.0038,-0.0042,-0.0917,-0.2693
9367,9.367,-0.0024,0.0003,-0.0003,-0.0017,-0.1528,-0.2302
9368,9.368,0.0036,-0.0026,-0.0008,0.0005,-0.0974,-0.3386
9369,9.369,0.0011,-0.0052,-0.0011,0.0026,-0.2152,-0.831
9370,9.37,-0.0026,0.0009,-0.0015,-0.0069,-0.3836,-0.6205
9371,9.371,-0.0047,-0.0016,-0.005,-0.0109,-0.2267,-0.0439
9372,9.372,-0.0077,-0.0023,-0.0007,-0.0072,-0.0021,0.1898
9373,9.373,0.0011,0.0026,-0.0002,-0.0039,0.0881,0.2612
9374,9.374,-0.0052,-0.0043,-0.0007,-0.0029,0.1157,0.3259
9375,9.375,0.0004,-0.0016,-0.0037,0.0017,0.1406,0.2684
9376,9.376,-0.0006,-0.0024,-0.0008,0.0043,0.1186,0.216
9377,9.377,0.0002,0.0013,-0.0011,0.0037,0.1391,0.7447
9378,9.378,-0.0023,-0.0023,-0.0001,0.003,0.3801,0.8155
9379,9.379,0.0014,-0.0006,-0.001,-0.0064,0.2819,0.2394
9380,9.38,0.0021,-0.0011,-0.0017,-0.0024,0.0728,-0.1489
9381,9.381,0.0038,-0.0016,-0.0033,0.0014,-0.0633,-0.2203
9382,9.382,-0.0038,0.0006,-0.0016,0.0024,-0.0883,-0.2848
9383,9.383,-0.0028,0.0027,0.0013,0.0014,-0.1108,-0.3432
9384,9.384,0.0076,0.003,-0.0005,0.0042,-0.1312,-0.1849
9385,9.385,-0.0021,-0.0009,0.0013,0.005,-0.0758,-0.5212
9386,9.386,0.0017,-0.0004,0.0037,0.0072,-0.3282,-0.9145
9387,9.387,0.0007,-0,-0.0005,0.0037,-0.3643,-0.4388
9388,9.388,-0.0003,-0.0003,0.0053,0.0054,-0.1342,0.0104
9389,9.389,0.0006,-0,0,0.0002,0.0751,0.1864
9390,9.39,-0.0019,-0.0052,0.0008,-0.0033,0.1029,0.2403
9391,9.391,0.0018,-0.003,0.005,-0.0049,0.1278,0.289
9392,9.392,-0.0002,0.0005,-0.0002,0.0015,0.1059,0.2461
9393,9.393,-0.0019,0.0036,-0.0009,-0.001,0.0857,0.2861
9394,9.394,-0.0002,0.0019,0.0034,-0.0002,0.2154,0.8276
9395,9.395,0.0014,-0.0016,-0.0018,0.0005,0.4006,0.596
9396,9.396,0.0017,0.0006,-0.0025,0.0035,0.1788,0.103
9397,9.397,0.0005,0.0018,-0.0056,0.0019,-0.0304,-0.2182
9398,9.398,0.0024,-0.0007,0.0032,0.0014,-0.1123,-0.1611
9399,9.399,-0.0028,-0.0023,0.0021,0.0018,-0.0882,-0.2143
9400,9.4,-0.0006,0.0008,-0.0011,0.0021,-0.1107,-0.2628
9401,9.401,0.0014,-0.0002,0.0019,0.0011,-0.1313,-0.2192
9402,9.402,0.0019,-0.0005,0.0046,0.0035,-0.1498,-0.7352
9403,9.403,0.0014,-0.0008,0.0021,0.0032,-0.3687,-0.8057
9404,9.404,0.0039,0.0006,-0.0002,0.0039,-0.2795,-0.2293
9405,9.405,-0.0003,0.003,0.0005,-0,-0.0352,0.1595
9406,9.406,0.0014,0.004,-0.0025,-0.0041,0.064,0.2313
9407,9.407,-0.0001,0.0053,-0.0042,-0.0015,0.0942,0.2961
9408,9.408,0.002,0.0047,-0.0007,-0.0012,0.1215,0.2388
9409,9.409,-0.0008,0.0025,-0.0049,0.0009,0.0971,0.1866
9410,9.41,-0.0012,0.0045,-0.0024,-0.0021,0.0976,0.4934
9411,9.411,-0.0002,0.002,-0.0007,0.0036,0.344,0.9263
9412,9.412,0.0008,-0.0004,-0.0003,0.0028,0.3769,0.4032
9413,9.413,0.0018,-0,0.0028,0.0035,0.1081,-0.0902
9414,9.414,0.0017,0.0013,-0.0028,-0.0058,-0.073,-0.1555
9415,9.415,-0.0022,-0.0021,-0.0022,-0.002,-0.1066,-0.2143
9416,9.416,0.003,0.0001,-0.0015,-0.003,-0.1368,-0.2677
9417,9.417,-0.0019,-0.0011,-0.002,-0.002,-0.1101,-0.22
9418,9.418,-0.0014,-0.0021,-0.0049,-0.0047,-0.0859,-0.2638
9419,9.419,-0.0009,-0.0066,0.0008,-0.0005,-0.2428,-0.8594
9420,9.42,0.0048,-0.0161,-0.0045,-0.0074,-0.4262,-0.6044
9421,9.421,-0.0005,-0.0092,-0.0025,-0.0065,-0.2539,-0.0616
9422,9.422,-0.0012,-0.0004,-0.003,-0.0006,-0.0069,0.1508
9423,9.423,-0.0054,0.0028,-0.0025,0.0001,0.0921,0.2159
9424,9.424,0.001,-0.0002,-0.0082,-0.0006,0.1223,0.2745
9425,9.425,-0.0016,0.0006,-0.0089,0.0036,0.1496,0.2222
9426,9.426,-0.0009,0.0032,-0.011,0.0031,0.1252,0.1744
9427,9.427,-0.0002,-0.0006,-0.0041,0.0006,0.1475,0.7423
9428,9.428,-0.002,0.0015,0.0005,0.0009,0.412,0.6653
9429,9.429,-0.0037,0.0009,-0.0003,0.0021,0.304,0.1726
9430,9.43,-0.0084,-0.0019,0.0034,0.0031,0.0737,-0.1488
9431,9.431,0.001,-0.0004,0.004,-0.0021,-0.0761,-0.2082
9432,9.432,-0.003,0.0008,0.0083,-0.0015,-0.1037,-0.2618
9433,9.433,-0.0019,0.0028,0.0066,-0.0008,-0.1286,-0.2145
9434,9.434,-0.0075,0.0024,0.0091,0.0009,-0.1066,-0.1713
9435,9.435,-0.0045,0.0041,0.0049,-0.0008,-0.0865,-0.4493
9436,9.436,-0.0053,0.0044,0.002,0.0039,-0.3273,-0.8465
9437,9.437,-0.0062,0.0019,0.0025,-0.0056,-0.3604,-0.4769
9438,9.438,-0.001,-0.0005,0.0056,-0.0181,-0.1516,0.053
9439,9.439,0.0025,0.0005,0.0017,-0.0164,0.093,0.2651
9440,9.44,0.002,0.0018,0.0022,-0.0119,0.0608,0.2021
9441,9.441,-0.0021,-0.0006,0.0052,-0.005,0.1504,0.2607
9442,9.442,0.0004,0.0011,0.0073,-0.0013,0.1236,0.2082
9443,9.443,0.0015,-0.0007,0.0022,-0.0003,0.0992,0.2564
9444,9.444,0.0044,-0.0009,0.0086,0.0049,0.2111,0.8242
9445,9.445,0.0034,-0.0037,0.0078,0.0095,0.3945,0.5923
9446,9.446,0.0079,-0.0089,0.0009,0.0017,0.222,0.099
9447,9.447,0.0009,-0.0174,-0.0037,0.0006,-0.0251,-0.2224
9448,9.448,0.0001,-0.0071,0.0005,0.007,-0.1242,-0.1658
9449,9.449,0.006,-0.0031,0.0028,0.0078,-0.0949,-0.3248
9450,9.45,0.0022,0.0006,0.0007,0.01,-0.1222,-0.2773
9451,9.451,0.0057,0.0016,0.0002,0.0022,-0.0979,-0.1468
9452,9.452,0.0015,-0.0015,-0.0003,0.0116,-0.1203,-0.7425
9453,9.453,0.002,0.0031,-0.0018,0.0128,-0.3849,-0.8281
9454,9.454,0.0025,0.0056,-0.0014,0.0072,-0.2769,-0.2859
9455,9.455,0.0002,0.0034,-0.0002,-0.0043,-0.0467,0.2077
9456,9.456,0.0022,0.0013,0.0001,-0.015,0.103,0.2729
9457,9.457,-0.002,-0.0018,-0.0031,-0.011,0.1306,0.2155
9458,9.458,0.0008,0.007,-0.0002,-0.0047,0.1064,0.2688
9459,9.459,-0.0007,0.0082,-0.0044,-0.0057,0.129,0.2209
9460,9.46,0.0015,0.0049,-0.0015,-0.0005,0.0682,0.5266
9461,9.461,0.0003,0.0019,-0.0031,0.0022,0.309,0.8841
9462,9.462,-0.004,-0.0046,-0.0042,0.0047,0.342,0.4516
9463,9.463,-0.0023,-0.0021,-0.0022,-0.0005,0.1332,-0.073
9464,9.464,0.0012,0.0016,-0.0003,0.0015,-0.0572,-0.1449
9465,9.465,-0.0018,0.0036,-0.002,0.0031,-0.0823,-0.2099
9466,9.466,-0.0007,-0.0033,-0.001,0.006,-0.105,-0.2687
9467,9.467,0.0003,0.0012,-0.0003,0.0024,-0.1256,-0.2164
9468,9.468,0.0035,0.0003,0.0009,0.0012,-0.1074,-0.2647
9469,9.469,-0.0012,-0.0004,-0.0003,0.0008,-0.2252,-0.8328
9470,9.47,-0.0007,-0.0024,-0.0013,0.0044,-0.3936,-0.6011
9471,9.471,-0.0012,-0.0029,-0.0043,0.0001,-0.192,-0.1079
9472,9.472,0.0013,0.0011,-0.0014,-0.0027,-0.0017,0.2134
9473,9.473,-0.0009,0.0006,-0.0024,0.003,0.0728,0.2725
9474,9.474,0.0012,-0.0006,-0.0034,0.0024,0.0957,0.2202
9475,9.475,-0.0013,0.0033,0.001,0.0017,0.1569,0.2688
9476,9.476,0.0032,0.0048,-0.0042,0.0012,0.1387,0.2254
9477,9.477,-0.0025,0.0026,-0.0021,0.0029,0.1221,0.662
9478,9.478,-0.0046,-0.003,-0.0026,-0.0039,0.3518,0.7205
9479,9.479,0.0003,-0.0023,0.0015,-0.003,0.2535,0.2444
9480,9.48,-0.0002,-0.0016,0.001,-0.0039,0.0445,-0.2049
9481,9.481,0.0015,0.0001,0.0007,-0.0017,-0.0917,-0.1482
9482,9.482,0.0031,0.0018,-0.0022,0.0019,-0.1168,-0.3072
9483,9.483,0.0074,0.0013,-0.0032,0.0014,-0.1395,-0.2596
9484,9.484,0.0033,0.0016,0.0021,-0.0014,-0.1195,-0.2161
9485,9.485,-0.0002,0.0004,0.0014,0.0022,-0.1012,-0.4939
9486,9.486,0.0041,-0.0021,0.0021,0.0025,-0.3199,-0.891
9487,9.487,-0.0023,0.0003,0.0004,0.0014,-0.3499,-0.4152
9488,9.488,0.0037,-0.0014,-0.0001,-0.0011,-0.1057,0.0341
9489,9.489,-0.0015,-0.0012,-0.0026,-0.0028,0.0591,0.2099
9490,9.49,-0.0008,-0.0029,0.0043,0.0009,0.0895,0.2638
9491,9.491,-0.0003,0.0009,0.0012,0.0013,0.1169,0.3124
9492,9.492,-0.0055,0.0087,0.0004,0.0017,0.1417,0.2694
9493,9.493,-0.0061,0.0031,-0.0039,-0.0002,0.0747,0.3094
9494,9.494,-0.0003,0.0001,-0.0017,-0.004,0.217,0.8508
9495,9.495,0.0019,0.0047,-0.0037,-0.0014,0.3838,0.6193
9496,9.496,0.0026,0.0039,-0.0007,0.0016,0.182,0.1262
9497,9.497,-0.0031,-0.003,0.001,0.0013,-0.0083,-0.1948
9498,9.498,-0.0037,-0.0003,0.0014,-0.0005,-0.0828,-0.2537
9499,9.499,-0.0001,-0.0011,0.0056,-0.0002,-0.1057,-0.3067
9500,9.5,0.0016,-0.0018,0.0027,-0.0045,-0.1263,-0.2589
9501,9.501,-0.0013,-0.0053,0.0012,-0.0016,-0.1081,-0.2152
9502,9.502,-0.0017,-0.0022,0.0081,-0.0031,-0.125,-0.7311
9503,9.503,0.0034,-0.0016,0.0008,-0.002,-0.3547,-0.8015
9504,9.504,0.0027,-0.0011,0.0016,-0.0067,-0.2564,-0.2251
9505,9.505,-0.0015,-0.0007,-0.0026,-0.0025,-0.0474,0.1636
9506,9.506,0.005,-0.001,0.0011,-0.0053,0.0888,0.2354
9507,9.507,0.0007,0.0032,-0.0025,-0.0018,0.1138,0.3004
9508,9.508,0.0014,0.0038,0.0005,0.0024,0.1365,0.2432
9509,9.509,-0.0006,-0.0009,-0.0001,-0.0028,0.1163,0.1911
9510,9.51,0.0025,0.0008,0.0004,-0.0008,0.098,0.4316
9511,9.511,0.0028,0.0003,0.0007,0.0032,0.3192,0.8773
9512,9.512,-0,0.0008,0.0019,0.0063,0.3361,0.4843
9513,9.513,0.0015,0.0003,0.003,0.0046,0.1368,0.0075
9514,9.514,0.0046,0.0034,0.0055,0.0093,-0.0536,-0.1857
9515,9.515,-0.0001,-0.003,0.0003,0.0036,-0.0788,-0.2446
9516,9.516,-0.0018,0.0016,0.0009,0.0042,-0.1015,-0.2979
9517,9.517,-0.0013,-0.0009,-0.0011,0.0022,-0.1221,-0.2502
9518,9.518,-0.0008,-0.0003,-0.0017,0.0005,-0.1039,-0.2939
9519,9.519,-0.003,0.0004,-0.0034,-0,-0.2217,-0.8895
9520,9.52,0.0017,-0.0026,-0.006,-0.0048,-0.4208,-0.6345
9521,9.521,-0.0077,0.0003,-0.009,-0.0053,-0.2312,-0.0916
9522,9.522,-0.0091,-0.0045,-0.0087,0.0023,-0.0088,0.2615
9523,9.523,-0.0028,-0.0014,-0.0077,-0.005,0.0812,0.1987
9524,9.524,-0.0039,0.0015,-0.0054,0.0014,0.1087,0.2576
9525,9.525,-0.0111,-0.0011,-0.003,-0.0012,0.1335,0.3109
9526,9.526,-0.0066,0.0001,0.0012,0.0025,0.1114,0.167
9527,9.527,-0.0074,0.0005,-0.0005,0.0045,0.1318,0.6475
9528,9.528,-0.0022,-0.0006,0.0047,0.0003,0.3726,0.8397
9529,9.529,-0.0029,0.0027,0.0027,-0.0062,0.2743,0.3161
9530,9.53,0.0001,0.0023,0.0021,-0.0087,0.0652,-0.1775
9531,9.531,-0.0016,0.0026,0.0026,-0.011,-0.071,-0.2429
9532,9.532,0.0032,0.0009,0.0021,-0.0145,-0.096,-0.3016
9533,9.533,0.0048,-0.0001,0.0051,-0.0051,-0.1185,-0.2494
9534,9.534,-0.0004,0.0029,0.0012,0.0045,-0.1391,-0.2017
9535,9.535,0.0003,0.0009,0.0007,-0.0018,-0.0837,-0.5075
9536,9.536,0.006,-0.0034,0.0019,-0.005,-0.3361,-0.9445
9537,9.537,0.0007,-0.0062,-0.0002,-0.0019,-0.3723,-0.4213
9538,9.538,0.0056,-0.0068,-0.0027,0.0026,-0.1422,0.0723
9539,9.539,0.0051,-0.0037,0.0018,0.0001,0.0671,0.2656
9540,9.54,0.0022,-0.0102,0.0023,0.0023,0.0949,0.2084
9541,9.541,0.0016,-0.0111,-0.0018,0.0058,0.1198,0.2617
9542,9.542,0.0028,-0.0051,0.0018,0.0016,0.1425,0.2141
9543,9.543,0.0031,-0.003,0.0006,0.0032,0.0818,0.2579
9544,9.544,0.0021,0.0006,0.0017,0.0037,0.2486,0.8534
9545,9.545,0.0004,-0.0012,0.0007,0.0049,0.4056,0.5984
9546,9.546,0,0.0017,0.0031,0.002,0.2224,0.0554
9547,9.547,0.0013,0.0022,0,0.0031,0.0001,-0.2977
9548,9.548,-0.0021,0.0064,0.0019,0.0041,-0.0898,-0.235
9549,9.549,0.0022,-0.0001,-0.0014,0.0017,-0.1172,-0.2939
9550,9.55,-0.0007,0.0007,-0.0042,0.0035,-0.0929,-0.2419
9551,9.551,0.0008,-0.003,-0,0.0059,-0.1154,-0.1942
9552,9.552,-0.0004,0.0034,-0.0029,0.0049,-0.1357,-0.675
9553,9.553,-0.0033,0.0042,-0.0024,0.0018,-0.3764,-0.7395
9554,9.554,0.0009,0.0048,-0.0012,-0.0002,-0.278,-0.2161
9555,9.555,-0.0032,0.0028,0.0044,-0.0005,-0.0688,0.137
9556,9.556,0.0036,-0.0015,0.0022,0.0047,0.0675,0.2022
9557,9.557,0.0009,0.0037,0.0028,-0.0005,0.0927,0.2608
9558,9.558,-0.0017,0.0002,0.0011,0.0002,0.1154,0.314
9559,9.559,-0.0024,-0.0016,-0.0005,-0.0003,0.136,0.17
9560,9.56,-0.0044,0.0013,0.0042,-0.0008,0.0807,0.4756
9561,9.561,-0.0002,0.0008,-0,0.0007,0.3333,0.9123
9562,9.562,0.0027,0.0019,-0.0017,-0.0023,0.3695,0.5054
9563,9.563,0.0012,0.0022,-0.0012,-0.002,0.1396,0.0283
9564,9.564,0.0042,0.0019,-0.0015,0.0016,-0.0696,-0.1652
9565,9.565,0.003,-0.0014,-0.0003,0.0028,-0.0971,-0.2245
9566,9.566,-0.0027,0.0015,-0.0007,0.0031,-0.1219,-0.2782
9567,9.567,0.0015,0.0018,0.0004,-0.0004,-0.1444,-0.2309
9568,9.568,-0.0007,0.0021,0.0021,-0.0016,-0.0836,-0.275
9569,9.569,-0.0028,0.0045,0.0002,-0.0036,-0.2132,-0.8709
9570,9.57,0.0015,0.0015,-0.0022,-0.0011,-0.3983,-0.6162
9571,9.571,0.0067,0.0026,-0.0018,-0.0014,-0.2258,-0.0738
9572,9.572,0.0018,0.0001,0.0001,0.0037,0.0213,0.1382
9573,9.573,0.0001,-0.0031,-0.0033,0.0002,0.1206,0.2031
9574,9.574,0.0018,-0.0003,-0.0045,0.0007,0.0914,0.2613
9575,9.575,-0.0007,-0.0028,-0.0048,-0.0021,0.1188,0.3144
9576,9.576,-0.0038,0.0025,-0.0012,0.0005,0.0947,0.1703
9577,9.577,0.0027,-0.0028,0.0031,0.0027,0.1173,0.6505
9578,9.578,0.0018,-0.0048,0.0014,-0.0037,0.3821,0.7146
9579,9.579,0.001,0.0035,0.0009,-0.0028,0.2743,0.3071
9580,9.58,0.0004,0.0003,0.0052,-0.0003,0.0442,-0.1702
9581,9.581,-0.0017,0.0056,0.0012,0.0004,-0.1054,-0.2359
9582,9.582,-0.0059,0.001,0.007,-0.0002,-0.0787,-0.295
9583,9.583,-0.0041,0.0002,0.0018,0.0028,-0.1035,-0.2432
9584,9.584,0.0016,0.0024,0.0038,-0.0024,-0.1259,-0.1957
9585,9.585,-0.0005,-0.0011,-0.0019,-0.0101,-0.0651,-0.5018
9586,9.586,-0.0012,-0.0068,0.0004,-0.0048,-0.3058,-0.9389
9587,9.587,-0.0007,0.0016,0.0011,-0.0074,-0.3387,-0.4161
9588,9.588,0.0046,-0.0039,-0.0005,-0.0014,-0.1298,0.0775
9589,9.589,0.0053,0.0033,-0.001,-0.0066,0.0607,0.2709
9590,9.59,-0.0016,-0.0012,0.0006,0.0012,0.086,0.2139
9591,9.591,-0.0007,0.003,0.0018,0.0043,0.1087,0.2672
9592,9.592,0.0001,-0.0007,-0.0002,-0.0002,0.1294,0.2195
9593,9.593,-0.002,0,-0.0011,-0.001,0.0741,0.2632
9594,9.594,-0.004,0.0017,0.0013,0.0028,0.2256,0.8587
9595,9.595,-0.0023,0.0001,0.0003,0.0008,0.409,0.6036
9596,9.596,0.0006,-0.0004,0.001,-0.0008,0.1872,0.0608
9597,9.597,-0.0029,-0.0016,-0.0018,0.0009,-0.0219,-0.1517
9598,9.598,0.0023,-0.0027,-0.0028,0.0067,-0.1038,-0.217
9599,9.599,0.0002,-0.0001,-0.0004,0.0045,-0.0797,-0.2757
9600,9.6,0.002,0.0038,-0.002,0.0066,-0.1023,-0.2235
9601,9.601,-0.0009,0.0033,0.0022,0.0036,-0.1227,-0.1757
9602,9.602,-0.0013,0.0036,-0.002,0.0008,-0.1413,-0.6562
9603,9.603,0.0017,-0.0011,0.001,-0.0027,-0.3938,-0.8484
9604,9.604,-0.0011,0.0031,-0.0026,0.0042,-0.2858,-0.3247
9605,9.605,0.0047,0.0003,-0.0037,0.0033,-0.0556,0.169
9606,9.606,-0.0012,-0.0002,0.0002,0.0006,0.0941,0.2343
9607,9.607,-0.0034,0.002,-0.0003,0.0031,0.1217,0.2931
9608,9.608,-0.0013,-0.0027,-0.0006,0.0009,0.0976,0.241
9609,9.609,0.0029,-0.0022,0.0014,0.003,0.1201,0.1934
9610,9.61,-0.0011,-0.0005,0.0005,0.0047,0.1,0.4992
9611,9.611,0.0004,-0.0021,-0.0005,-0.0006,0.3037,0.8567
9612,9.612,0.0013,-0.0026,0.0008,-0.0004,0.3525,0.4457
9613,9.613,0.001,0.0005,-0.0029,0.0016,0.1083,0.0119
9614,9.614,0.003,-0.0043,0.0032,-0.0001,-0.0565,-0.1639
9615,9.615,0.0005,-0.0001,0.0041,0.0028,-0.087,-0.2177
9616,9.616,-0.0034,-0.0029,0.0034,0.0003,-0.1144,-0.2664
9617,9.617,0.0002,-0.0045,0.0027,-0.0009,-0.1392,-0.2233
9618,9.618,-0.001,-0.0057,0.001,-0.0074,-0.0722,-0.2631
9619,9.619,0.001,-0.0018,-0.0042,-0.0138,-0.2146,-0.8044
9620,9.62,0.0029,-0.0003,-0.0007,-0.0079,-0.3813,-0.5727
9621,9.621,0.0046,-0.0025,-0.0012,-0.001,-0.2245,-0.0795
9622,9.622,0.0022,-0.0013,-0.0007,-0.0002,-0.0001,0.2419
9623,9.623,0.0036,-0.0003,0.0008,0.0023,0.09,0.1849
9624,9.624,-0.0003,-0.0014,-0.0022,0.0001,0.0633,0.2385
9625,9.625,0.0014,0.0009,-0.0019,0.0007,0.0881,0.2871
9626,9.626,-0.0012,0.0011,-0.0001,0.0024,0.1106,0.1566
9627,9.627,0.001,-0.0028,-0.0018,-0.0029,0.131,0.6727
9628,9.628,0.0022,-0.0116,-0.0008,0.002,0.4089,0.7434
9629,9.629,-0.0004,-0.0128,-0.0038,-0.0023,0.2901,0.2953
9630,9.63,-0.0014,-0.0025,-0.0042,0.0053,0.0373,-0.1129
9631,9.631,0.0037,0.0044,-0.0017,0.0043,-0.0619,-0.167
9632,9.632,-0.0028,0.0056,-0.0027,-0.0022,-0.0921,-0.3118
9633,9.633,-0.002,0.0045,-0.0078,-0.0117,-0.1195,-0.2686
9634,9.634,0.0049,0.0015,-0.0072,-0.0106,-0.0952,-0.2291
9635,9.635,-0.0015,-0.0013,-0.0077,-0.0096,-0.0731,-0.4816
9636,9.636,-0.0041,0.0029,-0.0025,-0.0087,-0.2969,-0.974
9637,9.637,-0.0093,0.0036,-0.0005,-0.0079,-0.3864,-0.6224
9638,9.638,-0.0058,0.0029,-0.0022,0.0015,-0.1421,-0.0452
9639,9.639,-0.0041,0.0046,-0.0052,-0.0022,0.0883,0.1886
9640,9.64,-0.0047,0.0086,0.0016,0.0009,0.1187,0.26
9641,9.641,-0.0062,0.0008,0.0042,-0.0002,0.1461,0.3247
9642,9.642,-0.0105,-0.0002,0.0017,0.0025,0.1219,0.2673
9643,9.643,-0.01,-0.0033,0.0009,-0.0018,0.0997,0.3205
9644,9.644,-0.0033,-0.0006,0.0016,0.0004,0.242,0.8493
9645,9.645,-0.006,0.002,-0.0015,0.0039,0.3717,0.639
9646,9.646,-0.0035,0.0013,0.0025,0.0008,0.2203,0.1905
9647,9.647,0.0034,0.0006,0.002,-0.0045,-0.0042,-0.2175
9648,9.648,0.0042,0.0048,0.0041,-0.0095,-0.0943,-0.1657
9649,9.649,-0,0.002,0.0021,-0.0053,-0.1218,-0.3102
9650,9.65,-0.0023,0.0067,-0.003,-0.0002,-0.0976,-0.2669
9651,9.651,0.0026,0.005,0.0005,0.0062,-0.1201,-0.2275
9652,9.652,0.0031,-0.0038,0.0035,0.0087,-0.1405,-0.6964
9653,9.653,0.0026,-0.005,0.0063,0.0034,-0.3813,-0.7605
9654,9.654,0.0031,-0.0039,0.0037,0.004,-0.2831,-0.2368
9655,9.655,0.0027,0.0013,0.0059,0.0057,-0.0741,0.1165
9656,9.656,0.0038,0.0005,0.003,0.0039,0.0621,0.1821
9657,9.657,0.002,-0.0004,-0.0006,0.0044,0.0871,0.2411
9658,9.658,0.0052,0.0049,-0.0003,0.0021,0.1097,0.2947
9659,9.659,0.0039,0.0028,0.0009,0.006,0.1302,0.2472
9660,9.66,0.0043,0.0034,0.0005,0.0034,0.0748,0.4658
9661,9.661,-0.0003,0.0017,0.0044,0.0022,0.3272,0.903
9662,9.662,0.0027,-0.0031,0.0008,0.0001,0.3633,0.4965
9663,9.663,0.0022,0.0027,-0.0004,0.0058,0.1333,0.0197
9664,9.664,0.0006,-0.001,-0.0001,0.005,-0.0761,-0.1734
9665,9.665,0.0037,0.001,0.0034,0.0027,-0.1039,-0.2322
9666,9.666,0.0025,0.0015,-0.0008,0.0034,-0.1288,-0.2854
9667,9.667,0.0006,-0.0001,-0.0013,0.0017,-0.1068,-0.2377
9668,9.668,0.0023,0.0034,-0.0009,-0.0048,-0.0867,-0.2813
9669,9.669,0.0019,0.0004,-0.0005,0.003,-0.2165,-0.8767
9670,9.67,0.0061,-0.0016,-0.0002,-0.0043,-0.4018,-0.6216
9671,9.671,0.0004,-0.0035,-0.0028,0.0002,-0.2294,-0.0787
9672,9.672,-0.0018,0.0018,0.0025,0.0061,0.0176,0.1338
9673,9.673,0.0017,0.0011,0.0018,0.0039,0.1167,0.199
9674,9.674,0.0022,-0.0038,-0.0003,0.0033,0.0873,0.2577
9675,9.675,-0.0006,-0.0021,0.004,0.005,0.1146,0.311
9676,9.676,0.0009,-0.0004,0.0011,-0.0038,0.0903,0.1674
9677,9.677,-0.0013,0.0012,0.0016,-0.0126,0.1126,0.6479
9678,9.678,-0.0025,-0.0039,0.0004,-0.007,0.3772,0.8402
9679,9.679,0.0011,-0.0045,-0.0016,-0.0017,0.2692,0.3167
9680,9.68,-0.0011,-0.0015,-0.0012,-0.0026,0.0388,-0.177
9681,9.681,0.0018,-0.002,-0.0009,-0.0017,-0.0513,-0.2422
9682,9.682,0.0021,-0.0034,-0.0012,0.0036,-0.079,-0.3009
9683,9.683,0.0031,0.0035,-0.0005,-0.0013,-0.1039,-0.2487
9684,9.684,0.0042,-0.0037,0.0002,0.0057,-0.1265,-0.2009
9685,9.685,-0,-0.0028,-0.0025,0.003,-0.1065,-0.4193
9686,9.686,-0.0017,0.0014,-0.0035,0.009,-0.3103,-0.9357
9687,9.687,-0.0012,0.0008,-0.0011,0.0021,-0.3918,-0.4436
9688,9.688,0.0004,0.0001,0.0008,0.003,-0.1207,0.0054
9689,9.689,-0.0008,0.0032,-0.0026,0.0022,0.0603,0.1812
9690,9.69,0.0004,-0.0032,0.0026,-0.0029,0.0936,0.235
9691,9.691,-0.0006,-0.0023,0.0019,-0.0008,0.1236,0.2838
9692,9.692,-0.0045,-0.0045,-0.0038,-0.0003,0.1508,0.2408
9693,9.693,-0.0029,-0.0009,-0,0.0003,0.1262,0.2807
9694,9.694,-0.0017,-0.0014,-0.0007,0.0019,0.1933,0.8222
9695,9.695,-0.0029,-0.0019,-0.0037,0.0023,0.4171,0.5905
9696,9.696,-0.0003,-0.0054,0.0004,0.0035,0.2084,0.0973
9697,9.697,-0.0042,0.0007,0.003,0.0011,0.018,-0.2238
9698,9.698,0.0006,-0.0018,0.0018,0.0028,-0.106,-0.167
9699,9.699,-0.001,-0.0011,0.0039,-0.0022,-0.1289,-0.2203
9700,9.7,-0.0027,0.0025,0.0021,-0.0086,-0.109,-0.2691
9701,9.701,-0.0022,-0.0044,0.0031,-0.006,-0.1277,-0.2258
9702,9.702,0.0029,0.0002,-0.0019,-0.0053,-0.1112,-0.6626
9703,9.703,0.0023,0.0079,0.0002,-0.0059,-0.341,-0.8373
9704,9.704,-0.0008,0.0027,-0.0014,-0.0017,-0.3084,-0.2558
9705,9.705,-0.0003,0.0035,-0.0043,-0.0011,-0.0396,0.1327
9706,9.706,-0.0028,0.0044,-0.0007,-0.0006,0.0691,0.2041
9707,9.707,0.0033,-0.0008,0.0024,-0.0017,0.1023,0.2686
9708,9.708,0.0008,0.0027,0.0004,-0.0029,0.1322,0.3271
9709,9.709,-0.0029,0.0044,-0.0031,-0.001,0.1053,0.169
9710,9.71,0.0006,-0.002,0.002,0.0029,0.0809,0.4091
9711,9.711,0.0001,0.0022,0.0027,-0.0048,0.3273,0.8897
9712,9.712,-0.0016,0.0044,0.0022,-0.0016,0.3602,0.4419
9713,9.713,-0.0031,-0.0022,0.0039,0.0043,0.1347,-0.0155
9714,9.714,0.0005,0.0014,-0.0001,0.0053,-0.0747,-0.1914
9715,9.715,-0.0007,0.0019,0.0004,-0.0031,-0.1025,-0.2453
9716,9.716,0.0013,0.0047,0.0016,0.0047,-0.1275,-0.2941
9717,9.717,0.0003,0.0042,-0.0031,0.0016,-0.1055,-0.2512
9718,9.718,0.0041,0.002,0.0012,0.0043,-0.0854,-0.2912
9719,9.719,-0.0016,0.0008,0.0017,0.0035,-0.2151,-0.8327
9720,9.72,-0.001,0.0018,-0.003,-0.0035,-0.4003,-0.6012
9721,9.721,-0.0016,0.0042,0.0012,-0.0062,-0.228,-0.1083
9722,9.722,-0.0012,0.0005,-0.0052,-0.0037,-0.0258,0.2128
9723,9.723,0.0005,0.0008,-0.0027,-0.003,0.056,0.2717
9724,9.724,-0,-0.004,0.0026,-0.001,0.081,0.2193
9725,9.725,0.0003,-0.0035,0.0019,0.002,0.1484,0.2676
9726,9.726,-0.0036,-0.0018,-0.0011,-0.0033,0.1284,0.2239
9727,9.727,-0.0042,0.0049,-0.0028,-0.0013,0.1469,0.6603
9728,9.728,-0.0064,-0.0054,-0.0043,-0.0018,0.3994,0.8346
9729,9.729,-0.0068,-0.0041,-0.004,-0.0024,0.2915,0.2528
9730,9.73,-0.0017,-0.0053,-0.0001,-0.0029,0.0613,-0.136
9731,9.731,0.0018,-0.0043,0.0004,0.0013,-0.0884,-0.2079
9732,9.732,-0.0013,-0.0033,-0.0008,-0.0051,-0.1159,-0.2729
9733,9.733,-0.0018,-0.0041,-0.0005,-0.0111,-0.0916,-0.3318
9734,9.734,0.0029,0.0018,-0.003,-0.0089,-0.1141,-0.1741
9735,9.735,-0.0002,-0.0004,0.0002,-0.0012,-0.0939,-0.4146
9736,9.736,-0.0019,-0.0025,0.0014,-0.0002,-0.2976,-0.8956
9737,9.737,0.0006,-0.0056,-0.0022,0.0006,-0.3789,-0.4484
9738,9.738,0.0036,-0.0003,0.002,0.0015,-0.1077,0.0759
9739,9.739,0.0048,0.0003,-0.002,-0.0023,0.0734,0.1473
9740,9.74,0.0022,-0.0039,-0.0015,0.0012,0.107,0.212
9741,9.741,0.0005,-0.0127,0.0015,-0.0005,0.1372,0.2704
9742,9.742,0.0008,-0.0164,-0.0005,0.0011,0.1105,0.218
9743,9.743,0.0014,-0.0039,-0.0024,0.0026,0.0862,0.266
9744,9.744,0.0021,-0.0023,-0.0014,-0.0005,0.1983,0.8337
9745,9.745,0.0014,-0.0038,0.0036,0.0007,0.3817,0.6018
9746,9.746,0.0027,0.0031,0.0072,0.0042,0.2094,0.1086
9747,9.747,-0.0003,0.0043,0.0002,0.0072,0.0072,-0.2129
9748,9.748,0.0061,0.0053,0.001,0.0052,-0.1289,-0.1562
9749,9.749,0.0015,0.0063,-0.0049,0.0055,-0.1048,-0.2098
9750,9.75,0.0057,0.0055,-0.0071,0.0044,-0.1274,-0.2585
9751,9.751,0.002,0.0063,-0.0092,0.0027,-0.1072,-0.2153
9752,9.752,0.0013,0.0056,-0.0075,0.004,-0.1258,-0.652
9753,9.753,-0.0004,0.0063,-0.0035,0.0001,-0.3782,-0.8268
9754,9.754,0.0013,0.0058,-0.002,-0.0005,-0.2702,-0.2452
9755,9.755,0.0018,0.0005,-0.0017,0.0042,-0.0399,0.1432
9756,9.756,0.0021,0.0054,0.0011,0,0.1098,0.2148
9757,9.757,-0.0008,0.0012,0.0036,0.0029,0.0833,0.2794
9758,9.758,0.0002,-0.0005,0.0026,0.0034,0.1081,0.3379
9759,9.759,-0.0008,0.001,0.0056,-0.0017,0.1307,0.18
9760,9.76,-0.0025,0.0022,0.003,0.0018,0.1106,0.4203
9761,9.761,-0.0062,0.005,0.0027,-0.0024,0.3143,0.901
9762,9.762,-0.0037,-0.0007,0.0023,0.0016,0.3416,0.4534
9763,9.763,-0.0048,-0.0049,0.0004,0.0021,0.1195,-0.071
9764,9.764,-0.002,0.002,0.0042,0.0009,-0.0302,-0.2833
9765,9.765,0.0016,-0.0007,0.0047,-0.0011,-0.112,-0.2202
9766,9.766,-0.0006,-0.005,0.0032,-0.0014,-0.1369,-0.2788
9767,9.767,-0.0018,-0.0028,0.0028,0.0009,-0.1148,-0.2264
9768,9.768,0.0025,0.005,0.0039,-0.0001,-0.0947,-0.2744
9769,9.769,-0.0028,0.004,0.0021,-0.0003,-0.1872,-0.8423
9770,9.77,0.0022,0.0031,-0.0003,0.0004,-0.4061,-0.6104
9771,9.771,-0.0009,0.0023,-0.0041,0.0016,-0.1975,-0.1171
9772,9.772,0.0032,0.0001,0.0001,0.0011,-0.0072,0.2043
9773,9.773,0.0017,0.0021,-0.0028,-0.0019,0.0672,0.2636
9774,9.774,-0.0025,0.0004,0.0007,0.002,0.09,0.3172
9775,9.775,0.0016,-0.0001,-0.0005,0.0035,0.1107,0.27
9776,9.776,0.0011,-0.0007,0.0007,0.0005,0.0925,0.227
9777,9.777,0.0053,0.0015,0.001,-0.0059,0.1094,0.6639
9778,9.778,0.0025,-0.0005,-0.0007,-0.0032,0.339,0.8388
9779,9.779,0.002,-0.003,0.001,-0.0074,0.3064,0.2574
9780,9.78,0.0009,0.0009,-0.0021,-0.0021,0.0374,-0.1309
9781,9.781,0.0038,-0.0016,-0.0041,-0,-0.0713,-0.2023
9782,9.782,0.0003,-0.0038,-0.0016,0.0017,-0.1047,-0.2668
9783,9.783,-0.0019,0.0027,0.0023,0.0012,-0.1348,-0.3251
9784,9.784,-0.0015,0.0019,-0.0035,0.0007,-0.108,-0.1668
9785,9.785,0.0028,0.0027,0.0035,-0.0004,-0.0836,-0.4069
9786,9.786,0.0011,-0.0025,-0.0011,-0.0001,-0.2852,-0.8873
9787,9.787,-0.0046,-0.0031,0.0015,-0.0036,-0.3665,-0.4395
9788,9.788,-0.0023,-0.0026,-0.0023,-0.0005,-0.1445,-0.0311
9789,9.789,0.0013,-0.0009,-0.0016,-0.0033,0.0648,0.2348
9790,9.79,-0.0003,-0.0034,-0.0046,0.0003,0.0925,0.1879
9791,9.791,-0.0032,-0.0012,0.0006,-0.0009,0.1174,0.3198
9792,9.792,-0.0026,-0.0015,-0,0.002,0.1399,0.281
9793,9.793,-0.0013,-0.004,-0.0017,-0.0022,0.0792,0.2454
9794,9.794,0.0007,-0.0023,-0.0012,-0.0026,0.2088,0.7381
9795,9.795,0.0033,0.0001,-0.0007,0.001,0.3939,0.6685
9796,9.796,0.003,0.0003,0.0055,0.0032,0.2215,0.0922
9797,9.797,-0.0006,0.0005,0.0063,0.0021,-0.0256,-0.1411
9798,9.798,-0.0018,-0.0017,0.0057,0.0064,-0.0591,-0.2122
9799,9.799,0.0022,-0.001,0.0022,0.0012,-0.0893,-0.2764
9800,9.8,-0.0013,0.003,0.0017,0.0019,-0.1166,-0.3347
9801,9.801,-0.0009,0.0013,0.0034,0.0077,-0.0923,-0.1763
9802,9.802,0.0003,0.0008,-0.0013,0.0008,-0.1147,-0.7046
9803,9.803,0.0013,-0.0022,-0.0043,-0.0037,-0.3794,-0.7749
9804,9.804,0.0024,-0.0002,0.001,-0.0062,-0.2715,-0.3265
9805,9.805,0.0007,0.0049,0.0017,-0.0025,-0.0413,0.1985
9806,9.806,-0.003,-0.0015,0.0001,-0.0045,0.1085,0.2703
9807,9.807,0.0006,0.0027,0.0018,0.005,0.082,0.2074
9808,9.808,0.0018,-0.001,0.0013,0.0037,0.1068,0.2662
9809,9.809,-0.0021,0.001,0.0044,0.0026,0.1293,0.2141
9810,9.81,0.0005,-0.0007,0.0006,0.0082,0.1091,0.4545
9811,9.811,0.0008,-0.0002,0.0001,0.0009,0.3129,0.8482
9812,9.812,-0.002,0.0034,-0.0002,-0.0018,0.3401,0.4788
9813,9.813,0.0037,0.0012,-0.004,-0.0077,0.118,-0.0509
9814,9.814,0.0024,-0.0008,-0.0023,-0.0023,-0.0584,-0.1916
9815,9.815,0.0016,-0.0005,0.0013,0.003,-0.0888,-0.2627
9816,9.816,0.0009,0.0014,0.0035,-0.0006,-0.1162,-0.3271
9817,9.817,0.0002,0.0066,-0.0021,0.0036,-0.141,-0.2693
9818,9.818,0.0008,-0.0034,-0.0028,-0.0052,-0.074,-0.2166
9819,9.819,-0.0021,-0.002,-0.0034,-0.0014,-0.2163,-0.841
9820,9.82,-0.0016,0.0017,0.0049,-0.0025,-0.4201,-0.586
9821,9.821,0.0006,0.0049,0.0017,-0.0055,-0.2305,-0.0432
9822,9.822,0.0009,0.0018,-0.0035,-0.0009,-0.0081,0.1692
9823,9.823,-0.0009,0.0027,-0.0027,-0.0018,0.082,0.1065
9824,9.824,-0.0006,0.0001,0.0016,0.0035,0.1095,0.1654
9825,9.825,-0.0037,-0.0036,-0.0022,-0.0043,0.1344,0.3244
9826,9.826,0.0005,-0.003,-0.0001,-0.0033,0.1123,0.1805
9827,9.827,-0.0047,-0.0072,0.0016,0.0012,0.1328,0.6612
9828,9.828,0.0017,-0.0089,0.0021,-0.003,0.3736,0.8535
9829,9.829,-0.0009,-0.0157,0.0016,-0.0024,0.2754,0.33
9830,9.83,-0.0031,-0.0073,-0.0006,-0.0004,0.0664,-0.1636
9831,9.831,0.0017,-0.0017,-0.0045,0.0013,-0.0697,-0.2289
9832,9.832,-0,-0.0007,-0.001,0.003,-0.0946,-0.2877
9833,9.833,-0.0088,0.0001,-0.0032,0.0035,-0.1172,-0.2355
9834,9.834,-0.0101,-0.0007,-0.0028,0.0023,-0.1783,-0.1879
9835,9.835,-0.0045,0.003,-0.0018,0.0043,-0.1228,-0.4063
9836,9.836,-0.0036,-0.0006,-0.0035,0.0025,-0.3078,-0.9227
9837,9.837,-0.0063,0.0036,-0.0012,-0.0015,-0.3324,-0.4306
9838,9.838,-0.0038,0.0031,0.0014,-0.003,-0.1304,0.0186
9839,9.839,-0.0046,0.0046,0.0003,-0.0008,0.0601,0.1943
9840,9.84,-0.0053,-0.0005,-0,0.0003,0.1346,0.248
9841,9.841,-0.0059,0.0015,-0.0002,0.0013,0.1127,0.2966
9842,9.842,-0.0007,0.0032,-0.0031,0.0003,0.1334,0.2535
9843,9.843,0.0013,0.006,-0.0013,-0.0048,0.1152,0.2933
9844,9.844,0.0017,0.0045,-0.003,-0.0155,0.1994,0.8347
9845,9.845,-0,0.0033,0.0001,-0.0109,0.3986,0.6029
9846,9.846,0.0025,-0.0015,-0.0057,-0.0013,0.2091,0.1098
9847,9.847,0.0021,0.0027,-0.0032,-0.0051,-0.0132,-0.2114
9848,9.848,0.0023,0.0022,-0.0085,-0.0041,-0.1031,-0.1544
9849,9.849,0.0033,0.0017,-0.0078,0.0011,-0.1305,-0.3133
9850,9.85,0.0049,0.0029,-0.0061,0.0003,-0.1061,-0.2658
9851,9.851,0.0073,0.0008,-0.0033,0.0028,-0.0839,-0.2224
9852,9.852,0.0074,0.0011,-0.0008,0.0034,-0.1042,-0.6589
9853,9.853,0.0034,-0.0006,0.0061,-0.0002,-0.3819,-0.8336
9854,9.854,0.0017,0.0004,0.003,0.004,-0.2631,-0.2519
9855,9.855,-0.0009,-0.0033,0.0022,0.0069,-0.0822,0.1368
9856,9.856,-0.0006,0.0002,-0.0004,0.0001,0.0826,0.2085
9857,9.857,0.0005,-0.001,0.0033,0.0065,0.1131,0.2735
9858,9.858,0.0008,-0.0039,0.0026,0.0022,0.1405,0.3322
9859,9.859,0.0018,0.0019,0.0008,0,0.1163,0.1745
9860,9.86,0.0028,-0.0007,0.0037,0.0049,0.0941,0.415
9861,9.861,0.0014,-0.0059,0.0052,0.0054,0.318,0.8958
9862,9.862,-0.0015,-0.0024,0.0055,0.0048,0.3481,0.4483
9863,9.863,-0.0026,-0.0029,0.0016,0.0053,0.1039,0.0404
9864,9.864,0.0013,0.0035,0.0041,0.0041,-0.0608,-0.2251
9865,9.865,0.0007,-0.0043,0.0062,0.0002,-0.0912,-0.274
9866,9.866,-0.0005,0.001,0.005,0.0007,-0.1186,-0.2308
9867,9.867,-0.0002,0.0037,-0.0001,0.0049,-0.1433,-0.2707
9868,9.868,0.004,-0.0058,0.0034,-0.0027,-0.0763,-0.2347
9869,9.869,0.0023,0.0004,0.0004,-0.01,-0.178,-0.7269
9870,9.87,0.0028,-0.0006,0.0008,-0.0016,-0.3818,-0.6569
9871,9.871,0.004,0.0047,0.0003,-0.0026,-0.2463,-0.0801
9872,9.872,0.0011,-0.0018,-0.0027,0.0026,0.0254,0.1537
9873,9.873,0,0.0025,0.0028,0.0054,0.0621,0.2252
9874,9.874,0.0039,0.0032,-0.0009,0.0028,0.0954,0.2897
9875,9.875,-0.0008,0.0011,-0.0016,0.0006,0.1255,0.2323
9876,9.876,-0.0013,-0.0006,0.0001,0.0013,0.0988,0.1801
9877,9.877,0.0027,-0.0011,0.0018,0.0008,0.1235,0.6126
9878,9.878,0.0075,0.0015,0.0012,-0.0009,0.3701,0.7874
9879,9.879,0.0006,0.0018,-0.0018,-0.0014,0.2718,0.3115
9880,9.88,-0.0003,-0.0011,0.0029,-0.0065,0.0628,-0.1376
9881,9.881,0.0006,0.0015,-0.004,-0.0085,-0.0733,-0.197
9882,9.882,-0.0046,-0.0024,-0.0032,-0.0015,-0.0984,-0.2504
9883,9.883,0.0018,-0.0019,-0.0006,0.0012,-0.121,-0.2989
9884,9.884,-0.0024,0.0012,-0.0013,0.0021,-0.1415,-0.1684
9885,9.885,-0.0002,-0.0016,0.0008,-0.0016,-0.0862,-0.4463
9886,9.886,0.0034,0.0035,0.0025,0.0004,-0.3049,-0.9156
9887,9.887,0.0005,0.0015,-0.0004,-0.0001,-0.3944,-0.4681
9888,9.888,0.0046,0.001,-0.0009,-0.0006,-0.1501,0.0564
9889,9.889,-0.0032,-0.0019,-0.002,0.0009,0.0804,0.2687
9890,9.89,0.0001,0.0017,0.0019,0.0013,0.1108,0.2056
9891,9.891,-0.0029,0.0021,-0.0006,0.0025,0.1383,0.2643
9892,9.892,0.0017,0.0042,0.0025,0.0006,0.114,0.2119
9893,9.893,0.0009,0.0007,0.0022,0.0023,0.0918,0.2601
9894,9.894,0.0031,0.0004,0.0019,0.0013,0.1936,0.828
9895,9.895,-0.0017,0.0025,-0.0004,-0.0017,0.3974,0.5961
9896,9.896,-0.0034,-0.0033,-0.0007,0.003,0.2078,0.1028
9897,9.897,-0.0062,-0.0007,-0.0013,-0.0027,-0.0147,-0.2185
9898,9.898,0.0016,-0.0013,-0.0047,0.001,-0.1047,-0.1618
9899,9.899,0.0007,0.0051,0.0015,0.0017,-0.0781,-0.3208
9900,9.9,-0.0023,-0.0008,0.0006,0.0023,-0.1029,-0.2736
9901,9.901,-0.0014,-0.0029,-0.0015,0.0006,-0.1254,-0.1432
9902,9.902,-0.0022,0.0006,0.0021,0.0053,-0.1052,-0.6596
9903,9.903,0,0.0002,0.0004,-0.0004,-0.383,-0.871
9904,9.904,-0.002,-0.0039,0.0022,-0.0056,-0.2643,-0.2953
9905,9.905,-0.0036,-0.0023,-0.0014,-0.0063,-0.0834,0.0931
9906,9.906,0.0004,0.0007,0.0017,-0.0006,0.0813,0.1644
9907,9.907,-0.0021,-0.0021,-0.0047,0.0016,0.1116,0.229
9908,9.908,-0.0024,0.0021,-0.0019,-0.0019,0.139,0.2874
9909,9.909,-0.0012,0.0038,0.004,-0.0002,0.1147,0.2349
9910,9.91,-0.0001,-0.0029,0.0019,0.0003,0.0925,0.4749
9911,9.911,0.0031,-0.0021,0.0054,-0.0032,0.3163,0.868
9912,9.912,0.0034,0.0038,-0.004,0.001,0.3463,0.4982
9913,9.913,0.0038,0.0001,0,-0.0007,0.1564,-0.0319
9914,9.914,0.0021,0.0008,0.0012,-0.0012,-0.0661,-0.2446
9915,9.915,0.0037,0.0027,0.0039,-0.0036,-0.0856,-0.2195
9916,9.916,-0.0014,0.0044,-0.0016,-0.0039,-0.1157,-0.2845
9917,9.917,-0.0007,0.0003,0.0014,0.0025,-0.0889,-0.2272
9918,9.918,0.001,-0.0002,0.0041,0.0034,-0.1136,-0.2805
9919,9.919,-0.0043,-0.0024,-0.0018,0.0008,-0.1809,-0.8093
9920,9.92,-0.005,-0.0012,-0.0025,0.0001,-0.4048,-0.5993
9921,9.921,0.002,-0.0037,-0.0005,-0.0006,-0.1963,-0.1509
9922,9.922,-0.0026,0.0002,0.0012,0.0011,-0.0061,0.2569
9923,9.923,-0.0001,0.0037,-0.004,-0.0006,0.0683,0.205
9924,9.924,-0.0008,-0.0032,-0.0034,-0.0001,0.091,0.2533
9925,9.925,-0.0014,-0.0022,-0.0003,0.0021,0.0709,0.297
9926,9.926,-0.001,0.0005,0.0002,0.0041,0.1266,0.178
9927,9.927,0.0019,-0.0004,0.0007,-0.0017,0.1434,0.6467
9928,9.928,-0.0006,-0.0026,-0.0015,-0.0076,0.3731,0.8384
9929,9.929,-0.0029,-0.0033,-0.0012,-0.0146,0.2748,0.3146
9930,9.93,-0.0032,0.0009,-0.0048,-0.0061,0.0657,-0.1794
9931,9.931,-0.0051,-0.0043,-0.0052,-0.003,-0.0705,-0.2452
9932,9.932,-0.0068,-0.0023,-0.0023,-0.002,-0.0957,-0.1883
9933,9.933,-0.0058,0.0034,-0.0042,0.0007,-0.1183,-0.242
9934,9.934,-0.0089,-0.0035,-0.0003,0.0015,-0.1389,-0.1946
9935,9.935,-0.005,0.001,-0.0019,0.0022,-0.0836,-0.4135
9936,9.936,-0.0003,0.0001,-0.008,0.0042,-0.3023,-0.9302
9937,9.937,0.0039,-0.0005,-0.0123,0.0059,-0.3918,-0.4385
9938,9.938,0.0022,-0.0055,-0.0086,0.0064,-0.1477,0.0102
9939,9.939,0.0017,-0.0038,-0.0066,-0.0004,0.0827,0.1857
9940,9.94,0.0047,-0.0044,-0.0049,0.006,0.1131,0.2391
9941,9.941,0.0018,-0.0122,-0.0066,0.0051,0.1405,0.2874
9942,9.942,0.0053,-0.0154,-0.0009,0.0029,0.1162,0.2439
9943,9.943,0.0057,-0.0039,0.0043,-0.0064,0.094,0.2834
9944,9.944,0.0017,0.0006,0.0063,-0.0001,0.1958,0.8244
9945,9.945,0.0043,0.0019,0.0021,0.0009,0.3995,0.5924
9946,9.946,0.0031,0.0007,0.0025,-0.0002,0.2099,0.0989
9947,9.947,-0.0017,0.0063,0.0072,-0.001,-0.0125,-0.2225
9948,9.948,-0,0.001,0.0077,-0.0069,-0.1026,-0.1659
9949,9.949,-0.0017,0.0037,0.0072,-0.0017,-0.1302,-0.2194
9950,9.95,-0.0002,0.0045,0.0014,0.0003,-0.106,-0.2681
9951,9.951,0.001,0.0051,0.0036,0.0046,-0.1286,-0.1377
9952,9.952,0.0006,0.0044,0.0029,0.0098,-0.1085,-0.654
9953,9.953,-0.002,0.0049,-0.0002,0.0063,-0.3864,-0.8653
9954,9.954,0.0012,0.0044,0.0015,0.0057,-0.2677,-0.2894
9955,9.955,0.0033,0.0059,0.0082,0.0052,-0.087,0.099
9956,9.956,0.0036,0.0028,-0.0021,-0.0026,0.0777,0.1706
9957,9.957,-0.0003,0.004,0.0048,-0.0082,0.108,0.2354
9958,9.958,0.0022,0.003,0.0011,-0.0051,0.1353,0.2939
9959,9.959,-0.0008,0.0019,0.0043,-0.0059,0.111,0.2416
9960,9.96,0.0012,-0.0011,0.0053,-0,0.0887,0.3859
9961,9.961,0.0008,0.0046,0.0044,0.0037,0.3125,0.8667
9962,9.962,0.0032,0.002,0.0036,0.0017,0.3424,0.5471
9963,9.963,0.0002,0.0013,0.0013,-0.0066,0.1524,0.0227
9964,9.964,0.002,-0.0022,-0.0007,-0.0076,-0.0701,-0.1895
9965,9.965,0.0044,-0.0039,-0.0002,-0.0046,-0.1006,-0.2545
9966,9.966,0.0013,0.0013,-0.0007,0.0057,-0.1281,-0.3129
9967,9.967,-0.0022,0.0006,-0.0022,0.0044,-0.1039,-0.2604
9968,9.968,-0.0034,0.0063,0.002,0.0056,-0.0818,-0.2125
9969,9.969,0.0005,-0.0052,0.0003,0.0066,-0.1837,-0.8677
9970,9.97,-0,-0.0001,-0.0022,0.0014,-0.3875,-0.5871
9971,9.971,0.003,0.0044,-0.0044,0.0005,-0.198,-0.1602
9972,9.972,0.0042,0.0031,0.0003,-0.0073,0.0243,0.2285
9973,9.973,0.0007,-0.0007,-0.0014,0,0.1143,0.3
9974,9.974,0.0018,-0.0017,-0.0009,0.0009,0.0876,0.237
9975,9.975,-0.002,-0.0027,-0.0014,0.0017,0.1123,0.2957
9976,9.976,-0.0005,-0.0054,-0.0017,-0.0052,0.0901,0.2433
9977,9.977,-0.0047,-0.0012,0.0012,-0.0044,0.1105,0.5799
9978,9.978,0.0029,-0.0005,-0.0039,0.0016,0.3883,0.7989
9979,9.979,-0.0001,-0.0012,0.0011,0.0023,0.2695,0.362
9980,9.98,-0.0086,0.0005,0.008,0.0016,0.0887,-0.1626
9981,9.981,-0.0053,-0,-0.006,0.0074,-0.076,-0.2341
9982,9.982,-0.0001,0.0035,0.0001,0.0037,-0.1064,-0.2986
9983,9.983,-0.0028,0.0005,-0.0017,-0.0012,-0.1338,-0.2409
9984,9.984,-0.0002,-0.0007,0.0034,0.0019,-0.1587,-0.1883
9985,9.985,0.0005,-0.0049,0.0049,0.0014,-0.0917,-0.4283
9986,9.986,0.0026,0.0016,-0.002,-0.0021,-0.275,-0.9088
9987,9.987,-0.0005,-0.0009,-0.0008,-0.0017,-0.349,-0.4611
9988,9.988,-0.0009,0.0028,0.0003,0.0022,-0.1472,0.0637
9989,9.989,-0.0004,-0.0021,-0.0007,-0.0013,0.0432,0.2763
9990,9.99,-0.0007,0.0022,0.0002,-0.001,0.1177,0.2136
9991,9.991,-0.0054,-0.0007,0.0028,-0.0006,0.0958,0.2725
9992,9.992,-0.0037,-0.0002,-0.0024,-0.0031,0.1164,0.2203
9993,9.993,-0.0032,-0.0024,-0.0102,-0.0028,0.0981,0.2689
9994,9.994,0.0004,-0.0011,-0.0006,-0.0078,0.1822,0.837
9995,9.995,0.0016,-0.0036,0.0006,-0.0127,0.3813,0.6055
9996,9.996,0.0004,-0.0004,-0.0003,-0.0033,0.2458,0.1126
9997,9.997,0.0029,0.0008,-0.0013,0.0008,0.0234,-0.2085
9998,9.998,0.0006,0.0012,-0.0004,0.0071,-0.0666,-0.2676
9999,9.999,-0.0004,-0.0011,-0.0029,-0.0032,-0.0942,-0.2151
10000,10,0.0038,-0.0008,-0.0021,0.0037,-0.119,-0.2632
10001,10.001,0.0007,-0.0001,-0.0001,-0.0025,-0.0968,-0.2196
10002,10.002,0.0024,-0.0039,0.0057,0.0031,-0.1173,-0.6561
10003,10.003,-0.0011,-0.001,-0.0012,0.0021,-0.358,-0.8306
10004,10.004,-0.0008,-0.0035,0.0016,0.0013,-0.3254,-0.3545
10005,10.005,0.0031,-0.0023,-0.0009,0.0021,-0.0564,0.0948
10006,10.006,0.0016,0.0006,0.0028,-0.0001,0.0524,0.2705
10007,10.007,0.0027,0.0042,0.0049,-0.0021,0.0858,0.2186
10008,10.008,-0.0002,0.0012,-0.0034,0.0021,0.1159,0.2673
10009,10.009,-0.0027,0,-0.0001,0.0016,0.1433,0.2242
10010,10.01,0.0005,0.0036,-0.0031,0.0001,0.0697,0.4228
10011,10.011,-0.0034,0.0048,0.0033,0.0023,0.3162,0.8922
10012,10.012,0.0013,-0.0016,-0.0009,0.0062,0.3492,0.4448
10013,10.013,0.0044,0.003,0.0028,0.0014,0.1404,0.0368
10014,10.014,0.0003,0.0021,-0.0065,0.0009,-0.0499,-0.2289
10015,10.015,-0.0023,-0.0001,0.0023,-0.0019,-0.0751,-0.278
10016,10.016,-0.0014,0.0052,0.0003,0.0019,-0.1173,-0.2651
10017,10.017,0.0055,-0.0013,0.0013,0.0025,-0.1399,-0.2221
10018,10.018,0.0045,-0.0038,0.0043,0.0028,-0.0791,-0.262
10019,10.019,-0.0001,0.0015,0.0016,0.0025,-0.2087,-0.8034
10020,10.02,0.0007,0.0021,-0.0009,0.0035,-0.394,-0.7267
10021,10.021,-0.0062,-0.0021,-0.0002,-0.0004,-0.2216,-0.0927
10022,10.022,-0.0017,0.002,-0.0023,0.0011,-0.0193,0.1641
10023,10.023,-0.0008,0.0004,-0.0018,-0.0001,0.1169,0.2426
10024,10.024,-0.0002,0.0055,0.0035,0.0027,0.0928,0.3135
10025,10.025,-0.0022,-0.0023,0.0028,-0.003,0.1153,0.2499
10026,10.026,-0.0092,0.0029,-0.0015,-0.0056,0.0952,0.1921
10027,10.027,-0.0027,-0.0016,-0.001,-0.0034,0.1137,0.6675
10028,10.028,-0.0036,-0.0008,0.0005,-0.0027,0.3662,0.8595
10029,10.029,-0.0043,0.0014,0.0008,-0.0032,0.2582,0.3358
10030,10.03,-0.0007,0.0034,-0.0004,-0.0096,0.0937,-0.158
10031,10.031,-0.005,-0.0008,-0.0007,-0.0122,-0.0561,-0.2236
10032,10.032,-0.0021,-0.0061,-0.0031,-0.0085,-0.0838,-0.2828
10033,10.033,-0.0006,-0.0054,-0.0001,-0.0049,-0.1087,-0.3364
10034,10.034,0.0016,0.0003,-0.0011,-0.0032,-0.1314,-0.1928
10035,10.035,0.0036,-0.0049,-0.0001,-0.0004,-0.0707,-0.4116
10036,10.036,0.004,-0,-0.0012,0.0001,-0.2745,-0.9282
10037,10.037,0.0023,-0.0043,-0.0031,0.0062,-0.4102,-0.577
10038,10.038,0.0019,-0.0048,-0.0014,0.0019,-0.1883,-0.0003
10039,10.039,0.0012,-0.0001,-0.0042,-0.0003,0.021,0.2333
10040,10.04,0.0036,-0.0006,-0.0003,0.0018,0.1028,0.3043
10041,10.041,0.0019,0.0011,-0.0061,0.0012,0.1277,0.2407
10042,10.042,0.0012,-0.0057,-0.0114,0.0041,0.1502,0.2991
10043,10.043,0.0024,-0.003,-0.0065,0.0076,0.0894,0.2464
10044,10.044,0.0002,0.0029,-0.0035,0.0088,0.1819,0.7747
10045,10.045,0.004,-0.0024,-0.0076,0.0049,0.4007,0.7047
10046,10.046,-0.0028,-0.0017,-0.0019,0.0054,0.2516,0.1281
10047,10.047,0.0018,-0,0.0033,-0.0015,0.007,-0.2606
10048,10.048,0.0009,-0.0005,0.0026,-0.0068,-0.0922,-0.3321
10049,10.049,0.0016,0.0052,0.0021,-0.0022,-0.1224,-0.2691
10050,10.05,0.0052,0.003,0.0004,0.0003,-0.0957,-0.2118
10051,10.051,0.0035,0.0009,0.0039,-0.0049,-0.1205,-0.1595
10052,10.052,0.003,-0.0086,-0.0022,-0.0043,-0.0984,-0.592
10053,10.053,0.0035,-0.0126,0.0003,-0.0048,-0.3631,-0.7668
10054,10.054,-0.0007,-0.0115,0.0009,0.0005,-0.3273,-0.2909
10055,10.055,0.0022,-0.0037,0.0029,0.0069,-0.0972,0.1583
10056,10.056,-0.0004,0.0015,0.0071,0.0044,0.1121,0.2176
10057,10.057,-0.0046,0.0061,0.0018,0.0051,0.0855,0.2713
10058,10.058,-0.0005,0.0069,-0.0002,0.0015,0.1103,0.32
10059,10.059,0.0031,0.0076,-0.0008,0.002,0.1328,0.1895
10060,10.06,-0.0012,0.0069,0.008,0.0096,0.1127,0.3882
10061,10.061,-0.0006,0.0086,0.0068,0.0044,0.2794,0.9296
10062,10.062,-0.0001,0.0021,0.0012,-0.0078,0.3467,0.5428
10063,10.063,-0.0031,0.0047,0.0042,-0.0061,0.1632,0.0494
10064,10.064,0.0008,0.004,0.0033,-0.0015,-0.0592,-0.1438
10065,10.065,-0.0017,0.0004,-0.0026,0.0025,-0.0896,-0.2029
10066,10.066,-0.0014,0.0035,0.0026,0.0037,-0.117,-0.2562
10067,10.067,-0.001,0.0018,0.0033,-0.0019,-0.1417,-0.2086
10068,10.068,-0.0014,0.0012,0.0049,0.0054,-0.0747,-0.2524
10069,10.069,-0.0037,0.0009,-0.0003,0.0045,-0.1764,-0.8479
10070,10.07,0.0007,-0.0003,-0.0024,0.0037,-0.4172,-0.7631
10071,10.071,0.0012,0.0001,0.0018,-0.0078,-0.2532,-0.2204
10072,10.072,-0.0013,0.0004,-0.0022,-0.0061,0.016,0.133
10073,10.073,-0.0043,0.0028,0.0003,-0.0016,0.1249,0.1983
10074,10.074,-0.0047,-0.0015,-0.0028,-0.0002,0.0926,0.2572
10075,10.075,-0.0011,0.0002,-0.0008,-0.0065,0.1228,0.3107
10076,10.076,0.0011,-0.0003,-0.0004,-0.0009,0.096,0.1669
10077,10.077,-0.0009,-0.0018,0.0006,-0.0039,0.1207,0.6476
10078,10.078,0.0027,-0.006,0.0009,-0.0012,0.3674,0.84
10079,10.079,-0.0034,-0.002,0.0034,-0.0021,0.3349,0.3168
10080,10.08,0.0025,0.0006,-0.0004,0.0064,0.0661,-0.0362
10081,10.081,0.0004,-0.0006,0.0001,0.0008,-0.0425,-0.2294
10082,10.082,-0.0016,0.0058,-0.0003,-0.0002,-0.0757,-0.288
10083,10.083,0.0041,0.0032,-0.0006,0.0044,-0.1056,-0.2356
10084,10.084,0.0019,-0.0027,0.0013,0.0036,-0.1328,-0.1877
10085,10.085,0.0013,0.001,-0.0026,-0.0016,-0.1084,-0.4061
10086,10.086,-0.0029,-0.0025,-0.0021,0.0004,-0.2651,-0.9223
10087,10.087,0,0.0017,-0.0009,-0,-0.3668,-0.5707
10088,10.088,-0.0025,0.0023,0.0003,-0.0017,-0.1629,0.0065
10089,10.089,0.0026,0.0038,0.0007,-0.0011,0.0275,0.2402
10090,10.09,0.0019,-0.0031,-0.0017,-0.0023,0.1021,0.1713
10091,10.091,0.0003,-0.0021,0.0027,-0.0026,0.125,0.2361
10092,10.092,0.0008,-0.0012,-0.0001,0.0017,0.1457,0.2948
10093,10.093,-0.0028,-0.0037,0.0014,0.0023,0.0906,0.2425
10094,10.094,0.0042,-0.0015,0.0003,-0.0013,0.2086,0.7712
10095,10.095,-0.001,-0.0022,0.0007,0.001,0.4078,0.7016
10096,10.096,-0.0001,0.0036,-0.0028,-0.0002,0.2183,0.1255
10097,10.097,-0.001,0.0014,-0.0016,0.0056,-0.0039,-0.108
10098,10.098,0.0013,-0.0006,-0.0019,0.0014,-0.0938,-0.1794
10099,10.099,0.0033,-0.0011,0.0024,-0.0008,-0.1213,-0.2439
10100,10.1,0.0017,0.0006,-0.0016,-0.0028,-0.0969,-0.3023
10101,10.101,-0.0012,0.0011,0.001,-0.0033,-0.1194,-0.1441
10102,10.102,-0.0017,0.0033,-0.0002,-0.005,-0.0991,-0.6724
10103,10.103,0.0006,-0.0006,-0.0049,0.0018,-0.3768,-0.8834
10104,10.104,0.0009,-0.0021,0.0047,-0.0009,-0.3374,-0.3073
10105,10.105,0.0006,0.0009,0.0006,-0,-0.0845,0.0812
10106,10.106,-0.0004,-0.0003,-0.0005,0.0037,0.0804,0.1529
10107,10.107,-0.0014,0.0016,-0.0015,0.0057,0.1108,0.2177
10108,10.108,-0.0027,-0.0029,-0.0004,-0.0037,0.0841,0.2763
10109,10.109,-0.0044,-0.0072,0.0004,-0.0024,0.109,0.224
10110,10.11,-0.0007,0.0004,-0.0055,0.0013,0.0869,0.4643
10111,10.111,0.0009,-0.0006,-0.0002,-0.0019,0.3108,0.8576
10112,10.112,0.0012,0.0003,-0.0037,0.0012,0.3408,0.4881
10113,10.113,0.0016,-0.004,0.0021,0.0003,0.151,0.0543
10114,10.114,0.0019,-0.0047,0.0014,0.0011,-0.0714,-0.2378
10115,10.115,0.0009,0.0017,0.0008,0.0033,-0.1018,-0.1862
10116,10.116,0.0026,0.0009,0.0065,0.0054,-0.1292,-0.235
10117,10.117,0.0002,-0.0019,0.0006,0.005,-0.1137,-0.2545
10118,10.118,-0.0016,-0.0012,-0.0001,0.0033,-0.0893,-0.2113
10119,10.119,0.0022,0.0008,0.0077,0.0004,-0.1565,-0.8071
10120,10.12,0.0039,0.0038,0.0005,-0.0011,-0.4212,-0.7226
10121,10.121,0.0004,-0.0026,0.0013,-0.0008,-0.241,-0.1802
10122,10.122,-0.0008,0.0016,0.0022,-0.0012,-0.0107,0.1729
10123,10.123,0.0031,-0.0006,-0.0015,0.0046,0.0794,0.2377
10124,10.124,-0.0004,0.0042,0.002,0.0003,0.1069,0.2962
10125,10.125,-0.0001,-0.0015,-0.001,-0.0067,0.1316,0.2437
10126,10.126,-0.0013,-0.0022,-0.0039,-0.0021,0.0646,0.1959
10127,10.127,-0.0016,-0.0029,-0.0024,-0.0047,0.085,0.5889
10128,10.128,0.0016,0.0001,-0.0012,-0.004,0.3628,0.8531
10129,10.129,-0.0013,-0.0052,-0.0016,-0.002,0.3233,0.324
10130,10.13,0.0012,-0.0116,-0.0005,-0.0025,0.0704,-0.1698
10131,10.131,0.0022,-0.0142,-0.0016,0.0003,-0.0945,-0.2354
10132,10.132,-0.0022,-0.0072,-0.0006,-0.0002,-0.0654,-0.2946
10133,10.133,-0.0027,-0.0008,-0.0024,0.0001,-0.0929,-0.2427
10134,10.134,-0.0012,0.0017,0.0014,-0.002,-0.1179,-0.1953
10135,10.135,-0.0043,0.0039,-0.0003,-0.0071,-0.0511,-0.414
10136,10.136,0.0004,0.0032,-0.0018,-0.012,-0.2751,-0.9307
10137,10.137,-0.0001,0.0062,-0.0007,-0.0125,-0.3647,-0.439
10138,10.138,0.0015,0.0057,0.0022,-0.0109,-0.1751,0.0096
10139,10.139,0.003,0.0041,-0.0036,-0.0052,0.0472,0.1851
10140,10.14,0.0008,0.0072,-0.0095,0,0.0775,0.2386
10141,10.141,-0.0004,0.0043,-0.0102,0.0036,0.1048,0.287
10142,10.142,-0.0015,0,-0.0082,0.0018,0.1294,0.2436
10143,10.143,-0.0054,0.0005,-0.0025,-0.0011,0.1071,0.204
10144,10.144,-0.008,0.002,-0.0032,0.0004,0.1679,0.7451
10145,10.145,-0.0068,0.0017,0.0004,0.0073,0.4086,0.6678
10146,10.146,-0.008,0.0045,0.0009,0.0063,0.2443,0.1746
10147,10.147,-0.0055,0.002,0.0013,0.0035,0.0349,-0.1471
10148,10.148,-0.0046,0.0016,-0.0022,0.0077,-0.1014,-0.2065
10149,10.149,-0.0036,0.004,-0.0011,-0.0008,-0.0775,-0.2602
10150,10.15,-0.0043,0.0047,0.0028,0.0048,-0.1004,-0.3091
10151,10.151,-0.0027,0.0063,0.0043,0.0017,-0.1211,-0.1788
10152,10.152,-0.0025,0.0026,0.0012,-0.001,-0.1029,-0.6157
10153,10.153,0.0003,0.0052,-0.0008,0.0032,-0.3555,-0.7906
10154,10.154,0.0053,0.003,0.0027,0.0053,-0.3198,-0.3148
10155,10.155,0.0033,-0.0009,0.0039,0.0033,-0.0899,0.1342
10156,10.156,0.0075,-0.0015,0.001,0.0016,0.0598,0.1935
10157,10.157,0.001,-0.0011,0.0028,0.001,0.0873,0.2469
10158,10.158,0.0052,0.0018,0.0052,0.0005,0.112,0.2953
10159,10.159,0.0045,-0.0001,0.0048,0.0008,0.1345,0.2519
10160,10.16,0.0065,-0.0033,0.0034,0.0028,0.0737,0.3708
10161,10.161,0.0034,-0.0013,0.0005,0.0009,0.2773,0.9121
10162,10.162,0.0028,0.0006,0.0015,0.0055,0.3586,0.5252
10163,10.163,0.0043,-0.0004,-0.0002,-0.0028,0.1364,0.0316
10164,10.164,-0.0018,-0.0042,0.0015,-0.0018,-0.073,-0.162
10165,10.165,0.0024,-0.0011,0.0013,0.0034,-0.1008,-0.2213
10166,10.166,0.0002,-0.0014,-0.0021,-0.0012,-0.1258,-0.2749
10167,10.167,-0.0005,-0.004,0.0001,-0.0003,-0.1039,-0.2274
10168,10.168,-0.0001,-0.0008,0.003,0.0034,-0.0838,-0.2715
10169,10.169,-0.0006,-0.0055,-0.0028,-0.0002,-0.1765,-0.8672
10170,10.17,-0.0001,-0.0012,0.0031,0.0003,-0.3954,-0.7826
10171,10.171,-0.0023,-0.0041,0.0009,0.0044,-0.2466,-0.0855
10172,10.172,-0.0012,-0.0005,0.0002,0.0028,-0.0021,0.1968
10173,10.173,-0.0002,-0.0048,0.0007,0.0025,0.097,0.283
10174,10.174,0.0001,0.0005,0.0024,-0.004,0.1272,0.2061
10175,10.175,0.0011,-0.003,0.0008,-0.0031,0.1003,0.2768
10176,10.176,0.0042,-0.0013,-0.0034,-0.004,0.125,0.2131
10177,10.177,0.0013,-0.0042,-0.0005,-0.0033,0.1028,0.6196
10178,10.178,0.0038,0.0026,-0.0021,-0.0012,0.3673,0.7783
10179,10.179,0.0021,-0.0058,0.003,-0.0007,0.3315,0.3455
10180,10.18,0.0024,-0.0002,0.0037,-0.0002,0.1015,-0.0627
10181,10.181,0.0026,-0.0033,-0.0005,0.0003,-0.0483,-0.2225
10182,10.182,0.0002,0.0032,0.0035,0.0015,-0.0758,-0.2713
10183,10.183,0.0006,0.0023,-0.0012,-0.004,-0.1006,-0.3156
10184,10.184,-0.0001,0.0017,-0.0007,-0.0002,-0.1232,-0.1969
10185,10.185,0.0001,-0.0003,0.001,-0.0051,-0.103,-0.3773
10186,10.186,0.0002,0.004,0.0005,0.0032,-0.2697,-0.8698
10187,10.187,-0.0021,0.0045,-0.0017,0,-0.3819,-0.5183
10188,10.188,0.0009,0.001,0.0003,0.0073,-0.1579,0.0586
10189,10.189,0.002,0.0072,-0.0015,0.0009,0.0513,0.1376
10190,10.19,-0.0012,0.0013,-0.0025,0.0035,0.079,0.209
10191,10.191,0.0017,-0.0024,-0.0029,-0.0017,0.1039,0.2737
10192,10.192,0.0035,-0.0016,-0.0027,0.0004,0.1265,0.2162
10193,10.193,0.0012,0.0001,-0.005,-0.0026,0.1063,0.2692
10194,10.194,-0.0038,-0.0028,-0.0006,-0.0042,0.199,0.7979
10195,10.195,-0.0018,0.003,-0.0035,-0.0027,0.3841,0.7282
10196,10.196,-0.0013,0.0023,0.0001,-0.0023,0.2118,0.1519
10197,10.197,-0.0007,0.0003,-0.0029,0.0025,0.0095,-0.2365
10198,10.198,-0.0012,-0.0039,0.001,-0.0005,-0.0723,-0.1674
10199,10.199,-0.0008,-0.0022,-0.0004,-0.0034,-0.0974,-0.2318
10200,10.2,0.0012,-0.0027,0.0038,0.0014,-0.12,-0.2903
10201,10.201,0.0003,0.0004,-0.0002,-0.0017,-0.1405,-0.2378
10202,10.202,-0.0014,0.006,-0.0006,0.0012,-0.1222,-0.6701
10203,10.203,-0.0017,0.0038,0.0016,0.0007,-0.3746,-0.8444
10204,10.204,-0.0047,0.0003,0.002,0.0019,-0.3388,-0.3682
10205,10.205,0.0018,0.006,0.0017,-0.0001,-0.1087,0.0812
10206,10.206,-0.0009,-0.0009,0.0034,0.0025,0.1006,0.2571
10207,10.207,-0,-0.0001,-0.0016,0.0049,0.0741,0.3109
10208,10.208,0.0022,0.0025,0.002,0.0025,0.0989,0.2635
10209,10.209,-0.0027,0.0031,-0.001,0.0019,0.1214,0.2205
10210,10.21,0.0043,-0.0004,0.003,0.0031,0.1012,0.4193
10211,10.211,0.0034,-0.0035,-0.0005,-0.0007,0.3049,0.8887
10212,10.212,0.0009,-0.0006,0.0007,-0.0084,0.3863,0.5692
10213,10.213,0.0003,-0.0022,0.0019,-0.0052,0.1643,0.045
10214,10.214,0.0023,0.0048,-0.0006,0.0043,-0.045,-0.1671
10215,10.215,-0.0007,0.0017,-0.0002,0.0054,-0.0727,-0.232
10216,10.216,0.001,-0.001,0.0021,0.0044,-0.0976,-0.2904
10217,10.217,-0.0058,-0.0002,0.0008,-0.0008,-0.1202,-0.238
10218,10.218,0.0008,0.0037,0.0026,-0.0035,-0.1025,-0.2483
10219,10.219,-0.0019,0.003,-0.0012,-0.0008,-0.1635,-0.7767
10220,10.22,0.0007,-0.0034,-0.0007,0,-0.4043,-0.7068
10221,10.221,-0.003,-0.0009,-0.0022,-0.0007,-0.2403,-0.1304
10222,10.222,-0.0024,-0.0031,0.0008,-0.0027,-0.0312,0.2583
10223,10.223,-0.0019,-0.0038,-0.0021,-0.001,0.105,0.1896
10224,10.224,-0.0047,-0.0008,-0.0056,-0.0051,0.0809,0.2544
10225,10.225,0.001,-0.0013,0.0013,-0.0015,0.1035,0.313
10226,10.226,-0.0012,-0.0061,0.0023,-0.0012,0.124,0.1551
10227,10.227,0.0008,-0.0004,0.0015,-0.0033,0.0686,0.5877
10228,10.228,-0.0009,-0.0026,0.004,0.0025,0.321,0.7624
10229,10.229,-0.0004,-0.0006,-0.0029,-0.0017,0.2851,0.2865
10230,10.23,-0.0039,-0.0063,-0.0002,-0.0024,0.0549,-0.1624
10231,10.231,0.0011,0.0021,0.0006,-0.0131,-0.0949,-0.2217
10232,10.232,-0.0038,-0.0011,0.0044,-0.0116,-0.0684,-0.2753
10233,10.233,-0.0007,-0.0042,-0.0049,-0.0075,-0.0933,-0.3239
10234,10.234,-0.0003,-0.0069,-0.0012,-0.0038,-0.1159,-0.1932
10235,10.235,0.0012,-0.0078,-0.0002,-0.0006,-0.0553,-0.3916
10236,10.236,0.0043,-0.0147,0.0008,0.0025,-0.2591,-0.8609
10237,10.237,0.0004,-0.0083,-0.0001,0.0052,-0.3405,-0.5412
10238,10.238,-0.0012,-0.0041,0.0041,0.0044,-0.168,-0.0167
10239,10.239,-0.0009,-0.0019,-0.0043,0.0006,0.0342,0.1957
10240,10.24,-0.0038,-0.0026,-0.0012,0.0042,0.1159,0.2608
10241,10.241,-0.0056,0.0056,0.0019,0.0059,0.1407,0.3195
10242,10.242,-0.0033,0.0066,-0.0009,-0.0018,0.1186,0.2672
10243,10.243,-0.0023,0.0056,-0.0034,-0.0007,0.0984,0.2196
10244,10.244,-0.0016,0.0028,-0.0041,0.0057,0.1909,0.7876
10245,10.245,0,0.0036,-0.0021,0.0065,0.4097,0.7108
10246,10.246,-0.0017,0.0058,-0.0052,0.0072,0.2011,0.2179
10247,10.247,0.0007,0.0065,-0.0081,0.0023,0.0108,-0.2313
10248,10.248,0.0037,0.0047,-0.0128,0.004,-0.1131,-0.1745
10249,10.249,0.0027,0.0007,-0.0112,0.0056,-0.0913,-0.228
10250,10.25,0.0043,0.0022,-0.0107,0.0082,-0.1525,-0.2766
10251,10.251,0.002,0.0025,-0.0029,0.0012,-0.0973,-0.3207
10252,10.252,0.0057,-0.004,0.0003,-0.0018,-0.1143,-0.6781
10253,10.253,0.0009,0.0024,0.0033,-0.0026,-0.3439,-0.8227
10254,10.254,0.0026,0.005,0.0041,-0.0001,-0.3113,-0.3419
10255,10.255,0.0021,0.0012,0.0066,-0.0023,-0.1023,0.1073
10256,10.256,0.0026,0.0032,0.0044,-0.0003,0.088,0.2828
10257,10.257,0.0029,0.0037,0.0051,-0.0033,0.1132,0.2309
10258,10.258,-0.0018,-0.0004,0.0067,0.0007,0.1358,0.2797
10259,10.259,-0.0002,0.0074,0.0026,0.0002,0.1158,0.2364
10260,10.26,0.0027,0.0018,0.0011,-0.0009,0.0606,0.435
10261,10.261,-0.0009,0.0027,0.0033,-0.0006,0.2794,0.9042
10262,10.262,0.0034,-0.0019,0.0053,0.0052,0.369,0.4567
10263,10.263,-0.0007,0.0024,0.0078,0.0009,0.1249,0.0487
10264,10.264,-0.0022,-0.0014,0.0068,-0.0013,-0.0398,-0.217
10265,10.265,-0,0.0006,0.0017,-0.0006,-0.0702,-0.2661
10266,10.266,-0.0029,0.0049,0.0052,-0.0011,-0.0976,-0.3105
10267,10.267,0.0013,-0.0004,0.0009,0.003,-0.1224,-0.2715
10268,10.268,0.003,-0.0068,0.0026,0.0015,-0.1002,-0.2357
10269,10.269,-0.0028,-0.0009,-0.0009,-0.0036,-0.1611,-0.7282
